precinct_key,district_num,area_weight,land_area,precinct_land_area,block_count,precinct_block_count
13001000002,19,1.0000000000,98584431,98584431,297,297
1300100001B,19,1.0000000000,146871344,146871344,136,136
1300100001C,19,1.0000000000,78466794,78466794,58,58
1300100003C,19,1.0000000000,222486416,222486416,311,311
1300100004B,19,1.0000000000,222241345,222241345,244,244
1300100004D,19,1.0000000000,142660073,142660073,200,200
1300100005A,19,1.0000000000,71900176,71900176,164,164
1300100005B,19,1.0000000000,134348253,134348253,139,139
130010003A1,19,1.0000000000,198865828,198865828,112,112
13003000001,8,1.0000000000,410375754,410375754,177,177
13003000002,8,1.0000000000,221635570,221635570,107,107
13003000003,8,1.0000000000,246942705,246942705,156,156
13003000004,8,1.0000000000,8682745,8682745,106,106
130050DOUGL,19,1.0000000000,735770219,735770219,752,752
1300700000A,12,1.0000000000,123694000,123694000,61,61
1300700000E,12,1.0000000000,131853894,131853894,47,47
1300700000H,12,1.0000000000,173655013,173655013,63,63
1300700000M,12,1.0000000000,115706062,115706062,39,39
1300700000N,12,1.0000000000,340756412,340756412,173,173
13009000318,25,1.0000000000,27468189,27468189,76,76
13009000319,25,1.0000000000,162283433,162283433,65,65
13009000322,25,1.0000000000,87299534,87299534,68,68
13009001714,25,1.0000000000,44961309,44961309,63,63
1300900321E,25,1.0000000000,3717441,3717441,61,61
1300900321W,25,1.0000000000,34570810,34570810,88,88
1300900CTY1,25,1.0000000000,21054843,21054843,140,140
1300900CTY2,25,1.0000000000,11595211,11595211,84,84
1300900CTY3,25,1.0000000000,5303444,5303444,53,53
1300900CTY4,25,1.0000000000,3116368,3116368,81,81
1300900CTY5,25,1.0000000000,2482201,2482201,48,48
1300900CTY6,25,1.0000000000,9242984,9242984,50,50
1300900MERI,25,1.0000000000,42494248,42494248,68,68
1300900MONT,25,1.0000000000,214435197,214435197,154,154
13011000001,50,1.0000000000,50990818,50990818,83,83
13011000002,50,1.0000000000,26388970,26388970,56,56
13011000003,50,1.0000000000,21662792,21662792,30,30
13011000004,50,1.0000000000,55908026,55908026,91,91
13011000005,50,1.0000000000,28792629,28792629,34,34
13011000006,50,1.0000000000,73136243,73136243,60,60
13011000007,50,1.0000000000,52893195,52893195,56,56
13011000008,50,1.0000000000,28211783,28211783,41,41
13011000009,50,1.0000000000,32001954,32001954,42,42
13011000010,50,1.0000000000,76695441,76695441,100,100
13011000011,50,1.0000000000,64821061,64821061,63,63
13011000012,50,1.0000000000,46628325,46628325,41,41
13011000013,50,1.0000000000,44342703,44342703,36,36
13013000001,47,1.0000000000,44411594,44411594,108,108
13013000002,45,1.0000000000,28064144,28064144,77,77
13013000003,45,1.0000000000,20885189,20885189,62,62
13013000004,45,1.0000000000,20972208,20972208,47,47
13013000005,47,1.0000000000,50190396,50190396,144,144
13013000006,45,1.0000000000,7610062,7610062,53,53
13013000007,47,1.0000000000,36518139,36518139,77,77
13013000008,47,1.0000000000,31787389,31787389,53,53
13013000009,47,1.0000000000,25584105,25584105,85,85
13013000010,45,1.0000000000,15514077,15514077,109,109
13013000011,46,1.0000000000,25327645,25327645,61,61
13013000012,45,1.0000000000,16597487,16597487,87,87
13013000013,45,1.0000000000,6310194,6310194,111,111
13013000014,45,1.0000000000,15718504,15718504,47,47
13013000015,45,1.0000000000,32721740,32721740,38,38
13013000016,46,1.0000000000,38870046,38870046,122,122
13015000001,52,1.0000000000,134008823,134008823,275,275
13015000002,37,1.0000000000,33779101,33779101,78,78
13015000003,52,1.0000000000,34676002,34676002,380,380
13015000004,52,1.0000000000,31106209,31106209,253,253
13015000005,52,1.0000000000,88908621,88908621,176,176
13015000006,52,1.0000000000,72055062,72055062,80,80
13015000007,37,1.0000000000,61936017,61936017,241,241
13015000008,52,1.0000000000,49785209,49785209,99,99
13015000009,52,1.0000000000,73609669,73609669,58,58
13015000010,52,1.0000000000,148376713,148376713,172,172
13015000011,52,1.0000000000,50789004,50789004,80,80
13015000012,52,1.0000000000,118068177,118068177,98,98
13015000014,52,1.0000000000,110551325,110551325,147,147
13015000015,52,1.0000000000,117165013,117165013,96,96
13015000016,52,1.0000000000,34588806,34588806,199,199
13015000018,52,1.0000000000,29165132,29165132,64,64
13017000001,13,1.0000000000,367494875,367494875,509,509
13017000002,13,1.0000000000,280307248,280307248,707,707
13019000518,13,1.0000000000,285693711,285693711,154,154
13019001144,13,1.0000000000,47779645,47779645,109,109
13019001148,13,1.0000000000,140713488,140713488,63,63
13019001157,13,1.0000000000,263160867,263160867,425,425
13019001329,13,1.0000000000,69062588,69062588,35,35
13019001427,13,1.0000000000,92465667,92465667,44,44
13019001642,13,1.0000000000,103155571,103155571,87,87
13019001767,13,1.0000000000,101953007,101953007,75,75
13019001819,13,1.0000000000,70255022,70255022,29,29
13021000EM1,26,1.0000000000,7990821,7990821,213,213
13021000EM2,26,1.0000000000,9485766,9485766,88,88
13021000EM3,25,1.0000000000,13868976,13868976,74,74
13021000EM4,26,1.0000000000,10616072,10616072,68,68
13021000EM5,26,1.0000000000,76493439,76493439,140,140
13021000GF1,26,1.0000000000,27082574,27082574,556,556
13021000GF2,26,1.0000000000,10559369,10559369,182,182
13021000GF3,26,1.0000000000,7282891,7282891,136,136
13021000GF4,26,1.0000000000,9517537,9517537,81,81
13021000GF5,26,1.0000000000,10391841,10391841,99,99
13021000HA1,26,1.0000000000,7707041,7707041,88,88
13021000HA2,18,1.0000000000,9014748,9014748,58,58
13021000HA3,26,1.0000000000,38869720,38869720,152,152
13021000HA4,18,1.0000000000,27899414,27899414,31,31
13021000HO1,18,0.9899413026,25701850,25963004,72,80
13021000HO1,25,0.0100586974,261154,25963004,8,80
13021000HO2,18,0.9997558687,19681319,19686125,65,66
13021000HO2,25,0.0002441313,4806,19686125,1,66
13021000HO3,18,0.9935886606,35615889,35845708,129,131
13021000HO3,25,0.0064113394,229819,35845708,2,131
13021000HO4,25,1.0000000000,5603060,5603060,38,38
13021000HO5,18,0.0209080356,38455,1839245,1,30
13021000HO5,25,0.9790919644,1800790,1839245,29,30
13021000HO6,25,1.0000000000,4613382,4613382,35,35
13021000HO7,18,1.0000000000,5585842,5585842,61,61
13021000RU1,18,1.0000000000,35207529,35207529,101,101
13021000RU2,26,1.0000000000,82645380,82645380,159,159
13021000VV1,26,1.0000000000,6695482,6695482,266,266
13021000VV2,26,1.0000000000,2133274,2133274,84,84
13021000VV3,26,1.0000000000,4689518,4689518,127,127
13021000VV4,26,1.0000000000,7679370,7679370,116,116
13021000VV5,25,1.0000000000,4481330,4481330,44,44
13021000VV6,26,1.0000000000,4542257,4542257,100,100
13021000WA1,18,1.0000000000,79927266,79927266,65,65
13021000WA2,18,1.0000000000,51980132,51980132,67,67
13023000001,20,1.0000000000,559106468,559106468,640,640
13025000001,3,1.0000000000,364360443,364360443,281,281
13025000002,3,1.0000000000,501231708,501231708,406,406
13025000003,3,1.0000000000,282380107,282380107,189,189
13027000659,11,1.0000000000,198903097,198903097,56,56
13027000660,11,1.0000000000,365208451,365208451,204,204
13027001199,11,1.0000000000,199914899,199914899,434,434
13027001230,11,1.0000000000,94968149,94968149,51,51
13027001402,11,1.0000000000,228573207,228573207,100,100
13027001650,11,1.0000000000,95151865,95151865,69,69
13027001712,11,1.0000000000,94621607,94621607,70,70
13029000001,1,1.0000000000,142004555,142004555,254,254
13029000002,1,1.0000000000,91291886,91291886,104,104
13029000003,1,1.0000000000,129207758,129207758,166,166
13029000004,1,1.0000000000,37232416,37232416,66,66
13029000005,1,1.0000000000,4753570,4753570,73,73
13029000006,1,1.0000000000,20365877,20365877,71,71
13029000007,1,1.0000000000,20990046,20990046,51,51
13029000008,1,1.0000000000,178547074,178547074,147,147
13029000009,1,1.0000000000,12547076,12547076,55,55
13029000010,1,1.0000000000,57529193,57529193,69,69
13029FTSTEW,1,1.0000000000,438811295,438811295,158,158
13031000001,4,1.0000000000,101921748,101921748,72,72
13031000002,4,1.0000000000,97285086,97285086,99,99
13031000003,4,1.0000000000,151381389,151381389,118,118
13031000004,4,1.0000000000,115717605,115717605,130,130
13031000005,4,1.0000000000,185952864,185952864,117,117
13031000006,4,1.0000000000,159980185,159980185,130,130
13031000007,4,1.0000000000,133016414,133016414,145,145
13031000008,4,1.0000000000,102647899,102647899,137,137
13031000009,4,1.0000000000,64759943,64759943,128,128
13031000010,4,1.0000000000,118816529,118816529,139,139
13031000011,4,1.0000000000,107302342,107302342,325,325
13031000012,4,1.0000000000,164301888,164301888,238,238
13031000013,4,1.0000000000,71159391,71159391,236,236
13031000014,4,1.0000000000,46046701,46046701,238,238
13031000015,4,1.0000000000,12700835,12700835,168,168
13031000016,4,1.0000000000,117744397,117744397,84,84
13033000001,23,1.0000000000,103631370,103631370,55,55
13033000002,23,1.0000000000,170921357,170921357,102,102
13033000003,23,1.0000000000,251942309,251942309,106,106
13033000004,23,1.0000000000,126476395,126476395,131,131
13033000005,23,1.0000000000,139839319,139839319,43,43
13033000006,23,1.0000000000,19907294,19907294,37,37
13033000007,23,1.0000000000,129101042,129101042,131,131
13033000008,23,1.0000000000,129966293,129966293,53,53
13033000009,23,1.0000000000,127878112,127878112,101,101
13033000010,23,1.0000000000,118852420,118852420,38,38
13033000011,23,1.0000000000,175858512,175858512,75,75
13033000012,23,1.0000000000,136748582,136748582,94,94
13033000013,23,1.0000000000,137392588,137392588,78,78
13033000014,23,1.0000000000,77071832,77071832,180,180
13033000015,23,1.0000000000,146665845,146665845,177,177
13033000016,23,1.0000000000,149762619,149762619,81,81
1303500BCCC,25,1.0000000000,475754793,475754793,661,661
13037000001,12,1.0000000000,251867034,251867034,106,106
13037000002,12,1.0000000000,281036536,281036536,135,135
13037000003,12,1.0000000000,4897842,4897842,31,31
13037000004,12,1.0000000000,183333901,183333901,98,98
13037000005,12,1.0000000000,5056189,5056189,64,64
13039000001,3,1.0000000000,411985394,411985394,198,198
13039000002,3,1.0000000000,264464636,264464636,183,183
13039000003,3,1.0000000000,252745117,252745117,217,217
13039000004,3,1.0000000000,165449553,165449553,130,130
13039000005,3,1.0000000000,144158376,144158376,97,97
13039000006,3,1.0000000000,53654102,53654102,130,130
13039000007,3,1.0000000000,33928407,33928407,133,133
13039000008,3,1.0000000000,7971964,7971964,91,91
13039000009,3,1.0000000000,44151663,44151663,142,142
13039000010,3,1.0000000000,172626656,172626656,163,163
13039000011,3,1.0000000000,8262041,8262041,67,67
13039000012,3,1.0000000000,19025924,19025924,180,180
13039000013,3,1.0000000000,26407814,26407814,95,95
13039000014,3,1.0000000000,27790858,27790858,88,88
13043001685,4,1.0000000000,313754757,313754757,288,288
13043001736,4,1.0000000000,315766084,315766084,341,341
13045000501,30,1.0000000000,47306059,47306059,89,89
13045000640,30,1.0000000000,40499324,40499324,78,78
13045000641,30,1.0000000000,32655248,32655248,78,78
13045000642,30,1.0000000000,25397819,25397819,163,163
13045000649,30,1.0000000000,54232907,54232907,113,113
13045000650,30,1.0000000000,17611098,17611098,110,110
13045000682,30,1.0000000000,126935750,126935750,134,134
13045000713,30,1.0000000000,142157871,142157871,156,156
13045000715,30,1.0000000000,27526238,27526238,39,39
13045001006,30,1.0000000000,79532864,79532864,66,66
13045001111,30,1.0000000000,79567897,79567897,147,147
13045001122,30,1.0000000000,59040593,59040593,95,95
13045001152,30,1.0000000000,53287761,53287761,70,70
13045001240,30,1.0000000000,66133577,66133577,117,117
13045001371,30,1.0000000000,46678291,46678291,49,49
13045001483,30,1.0000000000,73793207,73793207,138,138
13045001496,30,1.0000000000,45723602,45723602,135,135
13045001533,30,1.0000000000,105935280,105935280,81,81
13045001540,30,1.0000000000,7524326,7524326,70,70
13045001542,30,1.0000000000,51800819,51800819,48,48
130450714A1,30,1.0000000000,23415781,23415781,148,148
130450714A2,30,1.0000000000,8525436,8525436,45,45
130450714A3,30,1.0000000000,10922108,10922108,97,97
130450714A4,30,1.0000000000,14561821,14561821,77,77
130450714A5,30,1.0000000000,4718521,4718521,73,73
130450714A6,30,1.0000000000,6503034,6503034,62,62
130450714BN,30,1.0000000000,14589258,14589258,53,53
130450714BW,30,1.0000000000,26176384,26176384,49,49
1304700BLCK,53,1.0000000000,66903317,66903317,120,120
1304700BOYN,53,1.0000000000,31385374,31385374,114,114
1304700CAKT,53,1.0000000000,67675705,67675705,94,94
1304700CHAM,53,1.0000000000,49592868,49592868,75,75
1304700FT-O,53,1.0000000000,24108961,24108961,149,149
1304700GRAY,53,1.0000000000,21603511,21603511,94,94
1304700LAKE,53,1.0000000000,7104894,7104894,143,143
1304700POPS,53,1.0000000000,21200321,21200321,58,58
1304700RING,53,1.0000000000,56592581,56592581,217,217
1304700WEST,53,1.0000000000,17483323,17483323,155,155
1304700WOOD,53,1.0000000000,56348068,56348068,89,89
13049000002,3,1.0000000000,35074328,35074328,243,243
1304900003B,3,1.0000000000,191152291,191152291,89,89
1304900003S,3,1.0000000000,362808338,362808338,232,232
1304900004A,3,1.0000000000,265722255,265722255,158,158
1304900004H,3,1.0000000000,33517362,33517362,176,176
1304900005F,3,1.0000000000,172316254,172316254,85,85
1304900005R,3,1.0000000000,760940503,760940503,81,81
1304900005W,3,1.0000000000,198884317,198884317,82,82
1305101-01C,2,1.0000000000,1931916,1931916,128,128
1305101-05C,2,1.0000000000,2598060,2598060,113,113
1305101-06C,2,1.0000000000,2672698,2672698,61,61
1305101-08C,2,1.0000000000,5330576,5330576,47,47
1305101-09C,2,1.0000000000,2775569,2775569,40,40
1305101-10C,1,1.0000000000,8640871,8640871,33,33
1305101-12C,1,1.0000000000,9106900,9106900,48,48
1305101-13C,1,1.0000000000,2465266,2465266,32,32
1305101-14C,1,1.0000000000,9028356,9028356,22,22
1305101-16C,1,1.0000000000,13541965,13541965,59,59
1305101-17C,1,1.0000000000,11443500,11443500,60,60
1305102-02C,2,1.0000000000,2145993,2145993,103,103
1305102-03C,2,1.0000000000,805498,805498,85,85
1305102-04C,2,1.0000000000,1363447,1363447,147,147
1305102-05C,2,1.0000000000,800287,800287,78,78
1305102-06C,2,1.0000000000,1476863,1476863,29,29
1305102-07C,2,1.0000000000,2629025,2629025,110,110
1305102-09C,2,1.0000000000,3484996,3484996,108,108
1305102-11C,2,1.0000000000,1615387,1615387,76,76
1305102-12C,2,1.0000000000,794625,794625,132,132
1305103-01C,2,1.0000000000,5758678,5758678,155,155
1305103-02C,2,1.0000000000,640547,640547,143,143
1305103-03C,2,1.0000000000,3066233,3066233,32,32
1305103-04C,2,1.0000000000,823275,823275,47,47
1305103-05C,2,1.0000000000,1295001,1295001,66,66
1305103-08C,2,1.0000000000,1257392,1257392,29,29
1305103-09C,2,1.0000000000,785899,785899,18,18
1305103-10C,2,1.0000000000,2820843,2820843,86,86
1305103-11C,2,1.0000000000,1280552,1280552,28,28
1305103-12C,2,1.0000000000,6420608,6420608,80,80
1305103-13C,2,1.0000000000,3065994,3065994,43,43
1305103-14C,2,1.0000000000,3290220,3290220,32,32
1305103-15C,1,1.0000000000,9453851,9453851,25,25
1305104-02C,1,1.0000000000,13408164,13408164,52,52
1305104-04C,1,1.0000000000,5270164,5270164,38,38
1305104-05C,1,1.0000000000,3700208,3700208,18,18
1305104-06C,1,1.0000000000,16062752,16062752,38,38
1305104-07C,1,1.0000000000,6310238,6310238,48,48
1305104-08C,1,1.0000000000,5589547,5589547,45,45
1305104-10C,1,1.0000000000,49531741,49531741,96,96
1305104-11C,1,1.0000000000,2790318,2790318,106,106
1305104-12C,1,1.0000000000,51366419,51366419,116,116
1305104-13C,1,1.0000000000,21308932,21308932,40,40
1305104-14C,1,1.0000000000,21415461,21415461,39,39
1305104-15C,1,1.0000000000,13194011,13194011,33,33
1305105-01C,2,1.0000000000,866268,866268,18,18
1305105-02C,2,1.0000000000,618272,618272,42,42
1305105-03C,2,1.0000000000,610045,610045,72,72
1305105-05C,2,1.0000000000,3787184,3787184,58,58
1305105-06C,2,1.0000000000,25457701,25457701,137,137
1305105-07C,2,1.0000000000,1868793,1868793,35,35
1305105-08C,2,1.0000000000,1758285,1758285,38,38
1305105-10C,2,1.0000000000,3074277,3074277,97,97
1305105-11C,2,1.0000000000,2285234,2285234,36,36
1305106-01C,2,1.0000000000,3247607,3247607,25,25
1305106-02C,1,1.0000000000,18454536,18454536,40,40
1305106-03C,2,1.0000000000,4018150,4018150,43,43
1305106-05C,2,1.0000000000,2149328,2149328,40,40
1305106-06C,2,1.0000000000,1564921,1564921,24,24
1305106-08C,2,1.0000000000,2014455,2014455,34,34
1305106-09C,2,1.0000000000,10308293,10308293,64,64
1305106-10C,1,1.0000000000,192673865,192673865,123,123
1305106-11C,1,1.0000000000,27849797,27849797,90,90
1305107-01C,2,1.0000000000,4972338,4972338,39,39
1305107-03C,2,1.0000000000,14160277,14160277,130,130
1305107-04C,2,1.0000000000,59152765,59152765,148,148
1305107-05C,2,1.0000000000,10810017,10810017,42,42
1305107-06C,4,1.0000000000,24639688,24639688,96,96
1305107-07C,4,1.0000000000,29030619,29030619,160,160
1305107-08C,1,0.8726820206,83960485,96209711,178,197
1305107-08C,4,0.1273179794,12249226,96209711,19,197
1305107-09C,1,1.0000000000,23178521,23178521,75,75
1305107-10C,2,1.0000000000,16093180,16093180,64,64
1305107-11C,2,1.0000000000,42365474,42365474,154,154
1305107-12C,1,0.6558477794,16495177,25150923,40,76
1305107-12C,4,0.3441522206,8655746,25150923,36,76
1305107-13C,4,1.0000000000,9328926,9328926,44,44
1305107-14C,2,1.0000000000,13646020,13646020,76,76
1305107-15C,2,1.0000000000,10279107,10279107,27,27
1305108-01C,2,1.0000000000,2949517,2949517,168,168
1305108-02C,2,1.0000000000,797534,797534,140,140
1305108-03C,2,1.0000000000,15849998,15849998,55,55
1305108-05C,2,1.0000000000,784882,784882,67,67
1305108-06C,2,1.0000000000,1425943,1425943,61,61
1305108-07C,2,1.0000000000,15175361,15175361,97,97
1305108-08C,2,1.0000000000,1582346,1582346,89,89
1305108-09C,2,1.0000000000,642035,642035,45,45
1305108-10C,2,1.0000000000,2642533,2642533,66,66
1305108-11C,2,1.0000000000,1447053,1447053,20,20
1305108-12C,2,1.0000000000,11078720,11078720,87,87
1305108-13C,2,1.0000000000,17662906,17662906,52,52
1305108-15C,2,1.0000000000,6553853,6553853,55,55
130510XFTPU,1,1.0000000000,26996700,26996700,38,38
13053000001,15,1.0000000000,162390261,162390261,157,157
13053FTBEN1,15,1.0000000000,287549005,287549005,177,177
13053FTBEN2,15,1.0000000000,174894381,174894381,201,201
13053FTBEN3,15,1.0000000000,19392183,19392183,146,146
13055000870,53,1.0000000000,97377424,97377424,216,216
13055000925,53,1.0000000000,104535366,104535366,283,283
13055000940,53,1.0000000000,115394294,115394294,52,52
13055000961,53,1.0000000000,51962398,51962398,23,23
13055000962,53,1.0000000000,95718286,95718286,37,37
13055000968,53,1.0000000000,58298822,58298822,64,64
13055001083,53,1.0000000000,70521104,70521104,35,35
13055001216,53,1.0000000000,20519216,20519216,14,14
13055001382,53,1.0000000000,21767254,21767254,11,11
13055001484,53,1.0000000000,61048982,61048982,65,65
130550P-870,53,1.0000000000,8381380,8381380,41,41
13055XC-968,53,1.0000000000,105987872,105987872,73,73
13057000001,56,1.0000000000,6696514,6696514,30,30
13057000002,56,1.0000000000,17408218,17408218,32,32
13057000003,21,1.0000000000,25887717,25887717,31,31
13057000004,21,1.0000000000,48405791,48405791,219,219
13057000005,32,1.0000000000,9844351,9844351,44,44
13057000006,32,1.0000000000,12602416,12602416,70,70
13057000007,32,1.0000000000,7162907,7162907,35,35
13057000008,21,1.0000000000,12224279,12224279,32,32
13057000009,32,1.0000000000,9662643,9662643,35,35
13057000010,21,1.0000000000,51978849,51978849,148,148
13057000011,32,1.0000000000,7417105,7417105,65,65
13057000012,56,1.0000000000,12909177,12909177,116,116
13057000013,21,1.0000000000,74579359,74579359,151,151
13057000014,21,1.0000000000,63290983,63290983,51,51
13057000015,32,1.0000000000,3086697,3086697,20,20
13057000016,32,1.0000000000,7934411,7934411,74,74
13057000018,21,1.0000000000,55957289,55957289,102,102
13057000019,21,1.0000000000,16559068,16559068,103,103
13057000020,21,1.0000000000,69871185,69871185,49,49
13057000021,32,1.0000000000,5634531,5634531,18,18
13057000022,56,1.0000000000,8370580,8370580,86,86
13057000023,32,1.0000000000,10835566,10835566,68,68
13057000024,32,1.0000000000,12787072,12787072,146,146
13057000026,56,1.0000000000,12651779,12651779,104,104
13057000027,21,1.0000000000,24891520,24891520,49,49
13057000028,21,1.0000000000,17560929,17560929,22,22
13057000029,32,1.0000000000,14900066,14900066,49,49
13057000030,21,1.0000000000,83195253,83195253,106,106
13057000031,21,1.0000000000,12613925,12613925,79,79
13057000032,32,1.0000000000,3883893,3883893,19,19
13057000033,21,1.0000000000,62786416,62786416,43,43
13057000034,32,1.0000000000,12002114,12002114,34,34
13057000035,32,1.0000000000,82420381,82420381,49,49
13057000036,21,1.0000000000,26140378,26140378,186,186
13057000037,56,1.0000000000,14291910,14291910,73,73
13057000038,21,1.0000000000,33656965,33656965,62,62
13057000039,21,1.0000000000,35477772,35477772,60,60
13057000040,32,1.0000000000,7579385,7579385,42,42
13057000041,21,1.0000000000,68763276,68763276,66,66
13057000042,56,1.0000000000,9638082,9638082,38,38
13057000043,56,1.0000000000,4509122,4509122,33,33
13057000044,56,1.0000000000,12527457,12527457,117,117
1305900001A,47,1.0000000000,41763598,41763598,122,122
1305900001B,47,1.0000000000,29810407,29810407,75,75
1305900001C,46,1.0000000000,17267982,17267982,47,47
1305900001D,46,1.0000000000,32549674,32549674,54,54
1305900002A,47,1.0000000000,34870049,34870049,108,108
1305900002B,47,1.0000000000,6280264,6280264,98,98
1305900003A,46,1.0000000000,3164775,3164775,85,85
1305900003B,46,0.3683652953,1464921,3976816,69,145
1305900003B,47,0.6316347047,2511895,3976816,76,145
1305900004A,47,1.0000000000,8910077,8910077,53,53
1305900004B,46,1.0000000000,7407715,7407715,133,133
1305900005A,47,1.0000000000,6574256,6574256,75,75
1305900005B,47,1.0000000000,9951812,9951812,58,58
1305900005C,47,1.0000000000,2822541,2822541,80,80
1305900005D,47,1.0000000000,16787526,16787526,94,94
1305900006A,46,1.0000000000,27650230,27650230,102,102
1305900006B,47,1.0000000000,14570000,14570000,67,67
1305900006C,46,0.6874680990,3598857,5234944,27,44
1305900006C,47,0.3125319010,1636087,5234944,17,44
1305900006D,47,1.0000000000,4173305,4173305,31,31
1305900007A,46,1.0000000000,7279573,7279573,67,67
1305900007B,46,1.0000000000,3774761,3774761,66,66
1305900007C,46,1.0000000000,10421607,10421607,70,70
1305900008A,47,1.0000000000,4064489,4064489,44,44
1305900008B,47,1.0000000000,3371220,3371220,32,32
1305900008C,47,1.0000000000,6107306,6107306,59,59
13061000001,12,1.0000000000,192016604,192016604,131,131
13061000002,12,1.0000000000,113896638,113896638,44,44
13061000003,12,1.0000000000,1615625,1615625,47,47
13061000004,12,1.0000000000,123237980,123237980,72,72
13061000005,12,1.0000000000,75327047,75327047,71,71
13063000EW1,44,1.0000000000,19727514,19727514,99,99
13063000FP1,34,1.0000000000,11694225,11694225,133,133
13063000FP2,34,1.0000000000,4460031,4460031,72,72
13063000FP3,34,1.0000000000,11966919,11966919,155,155
13063000FP4,34,1.0000000000,3628671,3628671,39,39
13063000FP5,34,1.0000000000,5980816,5980816,63,63
13063000FP6,34,1.0000000000,2202079,2202079,30,30
13063000LC1,44,1.0000000000,7133871,7133871,113,113
13063000LJ1,44,1.0000000000,16393569,16393569,55,55
13063000LJ2,44,1.0000000000,12393312,12393312,63,63
13063000LJ3,44,1.0000000000,18986525,18986525,118,118
13063000LJ4,44,1.0000000000,4807950,4807950,30,30
13063000LJ5,44,1.0000000000,3003038,3003038,50,50
13063000MO1,44,1.0000000000,11405333,11405333,75,75
13063000MO2,44,1.0000000000,3918795,3918795,72,72
13063000MO3,44,1.0000000000,5351764,5351764,68,68
13063000MO4,44,1.0000000000,4056192,4056192,23,23
13063000MO5,44,1.0000000000,7604952,7604952,79,79
13063000MO6,44,1.0000000000,4498524,4498524,37,37
13063000MO7,44,1.0000000000,1833449,1833449,21,21
13063000MO8,44,1.0000000000,3338994,3338994,26,26
13063000MO9,44,1.0000000000,1226498,1226498,21,21
13063000PH1,34,1.0000000000,4101218,4101218,22,22
13063000PH2,44,1.0000000000,26166767,26166767,46,46
1306300JB01,34,1.0000000000,5001602,5001602,37,37
1306300JB02,34,1.0000000000,3789730,3789730,56,56
1306300JB03,44,1.0000000000,10426250,10426250,114,114
1306300JB04,34,1.0000000000,3820628,3820628,57,57
1306300JB05,44,1.0000000000,3529594,3529594,34,34
1306300JB06,44,1.0000000000,8188357,8188357,33,33
1306300JB07,44,1.0000000000,5186982,5186982,31,31
1306300JB08,44,1.0000000000,4106053,4106053,34,34
1306300JB09,34,1.0000000000,3272698,3272698,39,39
1306300JB10,34,1.0000000000,3913861,3913861,47,47
1306300JB11,44,1.0000000000,7416804,7416804,56,56
1306300JB12,34,1.0000000000,3226213,3226213,27,27
1306300JB13,44,1.0000000000,5327996,5327996,15,15
1306300JB14,44,1.0000000000,8989015,8989015,40,40
1306300JB15,34,1.0000000000,5964831,5964831,50,50
1306300JB16,34,1.0000000000,2520743,2520743,34,34
1306300JB17,34,1.0000000000,4965645,4965645,44,44
1306300JB18,44,1.0000000000,6901759,6901759,49,49
1306300OAK1,34,1.0000000000,17866983,17866983,110,110
1306300OAK2,34,1.0000000000,2584917,2584917,35,35
1306300OAK3,34,1.0000000000,5749859,5749859,42,42
1306300OAK4,34,1.0000000000,3107263,3107263,34,34
1306300RD01,34,1.0000000000,3714096,3714096,30,30
1306300RD02,34,1.0000000000,3543893,3543893,43,43
1306300RD03,34,1.0000000000,3749652,3749652,57,57
1306300RD04,34,1.0000000000,4853240,4853240,67,67
1306300RD05,34,1.0000000000,2885630,2885630,30,30
1306300RD06,34,1.0000000000,4328847,4328847,63,63
1306300RD07,34,1.0000000000,4899306,4899306,46,46
1306300RD08,34,1.0000000000,4918729,4918729,54,54
1306300RD09,34,1.0000000000,3423284,3423284,32,32
1306300RD10,34,1.0000000000,2265047,2265047,28,28
1306300RD11,34,1.0000000000,2992365,2992365,32,32
1306300RD12,34,1.0000000000,3566219,3566219,52,52
1306500000D,8,1.0000000000,464297466,464297466,212,212
1306500000F,8,1.0000000000,791105506,791105506,306,306
1306500000H,8,1.0000000000,531138491,531138491,468,468
130650000AB,8,1.0000000000,201208536,201208536,69,69
130650000AG,8,1.0000000000,123079176,123079176,84,84
1306700AC1A,37,1.0000000000,11259249,11259249,104,104
1306700AC1B,37,1.0000000000,7959180,7959180,105,105
1306700AC1C,37,1.0000000000,4036382,4036382,58,58
1306700AD01,32,1.0000000000,3388888,3388888,27,27
1306700AU1A,33,1.0000000000,15006778,15006778,192,192
1306700BF02,32,1.0000000000,4556558,4556558,37,37
1306700BF03,32,1.0000000000,9185164,9185164,66,66
1306700BG01,37,1.0000000000,13228918,13228918,98,98
1306700BG02,32,1.0000000000,2834987,2834987,16,16
1306700BK01,37,1.0000000000,5819689,5819689,51,51
1306700BR01,33,1.0000000000,4206875,4206875,31,31
1306700BR02,33,1.0000000000,5901711,5901711,47,47
1306700BT01,38,1.0000000000,2219489,2219489,16,16
1306700BT02,38,1.0000000000,14361205,14361205,65,65
1306700BW01,32,1.0000000000,4418178,4418178,27,27
1306700CA01,6,1.0000000000,5940221,5940221,81,81
1306700CH02,37,1.0000000000,10866879,10866879,39,39
1306700CH03,37,1.0000000000,12177538,12177538,43,43
1306700CK01,32,1.0000000000,9605058,9605058,85,85
1306700CL01,33,1.0000000000,5956476,5956476,58,58
1306700CL02,33,1.0000000000,18142382,18142382,90,90
1306700CO01,33,1.0000000000,12334525,12334525,82,82
1306700CR01,56,1.0000000000,3667706,3667706,15,15
1306700DC01,56,1.0000000000,4160708,4160708,24,24
1306700DI01,6,0.1602460963,2938050,18334612,61,220
1306700DI01,33,0.8032264877,14726846,18334612,130,220
1306700DI01,38,0.0365274160,669716,18334612,29,220
1306700DL01,37,1.0000000000,5178898,5178898,25,25
1306700DO01,56,1.0000000000,3030761,3030761,23,23
1306700DU01,37,1.0000000000,8125216,8125216,26,26
1306700DV01,56,1.0000000000,2758598,2758598,11,11
1306700EA01,6,1.0000000000,4289584,4289584,21,21
1306700EA02,6,1.0000000000,5445764,5445764,43,43
1306700EL01,32,0.4928487055,3502693,7107035,59,87
1306700EL01,37,0.5071512945,3604342,7107035,28,87
1306700EL02,32,1.0000000000,4547789,4547789,54,54
1306700EL03,32,1.0000000000,3717263,3717263,35,35
1306700EL04,32,1.0000000000,4178363,4178363,51,51
1306700EL05,32,1.0000000000,3472184,3472184,24,24
1306700EP01,32,1.0000000000,4962849,4962849,45,45
1306700FO02,33,1.0000000000,8223343,8223343,77,77
1306700FO04,33,1.0000000000,5725227,5725227,113,113
1306700FP01,32,1.0000000000,4715388,4715388,29,29
1306700FR01,37,1.0000000000,5939723,5939723,25,25
1306700FY01,37,1.0000000000,6303424,6303424,23,23
1306700GM01,56,1.0000000000,3679046,3679046,25,25
1306700GT01,32,1.0000000000,6543531,6543531,65,65
1306700HL01,38,1.0000000000,11627648,11627648,107,107
1306700HR01,37,1.0000000000,7185548,7185548,31,31
1306700HT01,56,1.0000000000,5354151,5354151,38,38
1306700HY01,37,1.0000000000,5898934,5898934,32,32
1306700KE1A,32,0.0698632418,234093,3350732,2,52
1306700KE1A,37,0.9301367582,3116639,3350732,50,52
1306700KE2A,37,1.0000000000,4855054,4855054,71,71
1306700KE3A,37,1.0000000000,8110073,8110073,113,113
1306700KE4A,37,1.0000000000,4673748,4673748,51,51
1306700KE5A,37,1.0000000000,4209535,4209535,41,41
1306700KL01,56,1.0000000000,2419264,2419264,17,17
1306700KP01,37,1.0000000000,3036347,3036347,15,15
1306700KP02,37,1.0000000000,9132621,9132621,32,32
1306700KP03,37,1.0000000000,14302293,14302293,47,47
1306700LA01,56,1.0000000000,4841725,4841725,30,30
1306700LI01,38,1.0000000000,11052044,11052044,95,95
1306700LM01,37,1.0000000000,9622354,9622354,30,30
1306700LM02,37,1.0000000000,6451396,6451396,22,22
1306700LM03,37,1.0000000000,14397759,14397759,60,60
1306700LM04,37,1.0000000000,5193181,5193181,17,17
1306700MA01,33,1.0000000000,9248385,9248385,91,91
1306700MA02,33,1.0000000000,7625059,7625059,103,103
1306700MA03,38,1.0000000000,6746146,6746146,59,59
1306700MA04,33,1.0000000000,3502039,3502039,33,33
1306700MB01,56,1.0000000000,2093862,2093862,8,8
1306700MC01,33,1.0000000000,7980480,7980480,30,30
1306700MD01,56,1.0000000000,4985614,4985614,39,39
1306700ME01,33,1.0000000000,11248000,11248000,58,58
1306700MK01,56,1.0000000000,2889351,2889351,16,16
1306700ML01,37,1.0000000000,6827828,6827828,13,13
1306700MR1A,33,1.0000000000,8368322,8368322,186,186
1306700MR2A,37,1.0000000000,3165438,3165438,20,20
1306700MR2B,33,1.0000000000,4918870,4918870,45,45
1306700MR3A,32,0.3936607565,2517792,6395842,56,106
1306700MR3A,33,0.6063392435,3878050,6395842,50,106
1306700MR4A,32,1.0000000000,3384665,3384665,33,33
1306700MR4B,32,1.0000000000,3579916,3579916,71,71
1306700MR4C,37,1.0000000000,3719291,3719291,42,42
1306700MR5A,6,0.0012411091,4612,3716031,1,160
1306700MR5A,33,0.9987588909,3711419,3716031,159,160
1306700MR5B,32,1.0000000000,7639732,7639732,100,100
1306700MR6A,6,0.5098117459,1685145,3305426,40,62
1306700MR6A,32,0.4901882541,1620281,3305426,22,62
1306700MR6B,32,1.0000000000,4960892,4960892,62,62
1306700MR7A,6,0.0576446615,432684,7506055,10,110
1306700MR7A,33,0.9423553385,7073371,7506055,100,110
1306700MS01,37,1.0000000000,19973706,19973706,62,62
1306700MS02,37,1.0000000000,3681739,3681739,31,31
1306700MT01,56,1.0000000000,7704746,7704746,42,42
1306700MT03,6,1.0000000000,3925585,3925585,36,36
1306700MT04,6,1.0000000000,5024378,5024378,23,23
1306700NC01,37,1.0000000000,4990581,4990581,70,70
1306700NJ01,6,0.6946708372,3585208,5161017,28,67
1306700NJ01,38,0.3053291628,1575809,5161017,39,67
1306700NP01,33,0.9042177961,5400958,5973072,71,84
1306700NP01,38,0.0957822039,572114,5973072,13,84
1306700NS01,56,1.0000000000,4994351,4994351,44,44
1306700OK01,38,1.0000000000,4247647,4247647,75,75
1306700OR01,37,1.0000000000,4537172,4537172,14,14
1306700OR02,33,1.0000000000,7500058,7500058,48,48
1306700OR03,33,0.9998327125,9246005,9247552,135,136
1306700OR03,37,0.0001672875,1547,9247552,1,136
1306700OR04,33,1.0000000000,7601465,7601465,47,47
1306700OR05,37,1.0000000000,8173209,8173209,22,22
1306700PE01,33,1.0000000000,9316878,9316878,58,58
1306700PF01,6,0.9253908641,3669172,3964997,65,80
1306700PF01,33,0.0746091359,295825,3964997,15,80
1306700PM01,37,1.0000000000,5595399,5595399,35,35
1306700PM02,37,1.0000000000,8916506,8916506,58,58
1306700PO01,56,1.0000000000,7110901,7110901,33,33
1306700PP01,56,1.0000000000,3859979,3859979,26,26
1306700PR01,32,1.0000000000,3995413,3995413,21,21
1306700PS1A,33,1.0000000000,7900150,7900150,78,78
1306700PS2A,33,1.0000000000,5023781,5023781,46,46
1306700PS3A,33,1.0000000000,6169146,6169146,70,70
1306700PT01,32,1.0000000000,2631074,2631074,15,15
1306700RM01,56,1.0000000000,4284953,4284953,29,29
1306700RS01,38,1.0000000000,3859983,3859983,34,34
1306700RW01,56,1.0000000000,6302073,6302073,44,44
1306700RW02,56,1.0000000000,4186151,4186151,33,33
1306700SA01,56,1.0000000000,3734446,3734446,30,30
1306700SF01,56,1.0000000000,4338206,4338206,25,25
1306700SI01,56,1.0000000000,2343809,2343809,16,16
1306700SM01,32,1.0000000000,4823294,4823294,45,45
1306700SM03,6,0.8192228523,5030569,6140660,43,58
1306700SM03,33,0.1807771477,1110091,6140660,15,58
1306700SN1A,38,1.0000000000,2816168,2816168,50,50
1306700SN2A,38,1.0000000000,3061452,3061452,68,68
1306700SN3A,38,1.0000000000,7163124,7163124,193,193
1306700SN4A,38,1.0000000000,6415179,6415179,65,65
1306700SN5A,38,1.0000000000,4909051,4909051,110,110
1306700SN6A,38,1.0000000000,5944810,5944810,95,95
1306700SN7A,38,1.0000000000,10027075,10027075,102,102
1306700SO01,6,1.0000000000,2999375,2999375,17,17
1306700SO02,6,1.0000000000,7232675,7232675,50,50
1306700SO03,6,1.0000000000,6103147,6103147,32,32
1306700SW01,33,1.0000000000,9238174,9238174,38,38
1306700SW02,33,1.0000000000,4679705,4679705,45,45
1306700TM01,6,1.0000000000,3348418,3348418,45,45
1306700TR01,56,1.0000000000,3066743,3066743,17,17
1306700VA01,37,1.0000000000,4102473,4102473,22,22
1306700VG01,6,1.0000000000,3408456,3408456,46,46
1306700VG02,6,0.4610170671,1921911,4168850,49,77
1306700VG02,38,0.5389829329,2246939,4168850,28,77
1306700VG03,6,1.0000000000,3025892,3025892,51,51
1306700VG04,6,1.0000000000,5786049,5786049,39,39
1306700WG02,37,1.0000000000,4969241,4969241,35,35
1306700WL01,56,1.0000000000,3291733,3291733,19,19
13069000001,13,0.4199080021,167850828,399732387,406,875
13069000001,19,0.5800919979,231881559,399732387,469,875
13069000002,13,1.0000000000,254464589,254464589,220,220
13069000003,13,1.0000000000,93867289,93867289,40,40
13069000004,13,1.0000000000,324946113,324946113,204,204
13069000005,19,1.0000000000,281274362,281274362,256,256
13069000006,19,1.0000000000,179687290,179687290,107,107
13071000001,11,1.0000000000,20673030,20673030,295,295
13071000002,11,1.0000000000,26468021,26468021,331,331
13071000007,11,1.0000000000,62623760,62623760,102,102
13071000008,11,1.0000000000,106643766,106643766,72,72
13071000009,11,1.0000000000,45465859,45465859,23,23
13071000010,11,1.0000000000,35691941,35691941,102,102
13071000011,11,1.0000000000,62860503,62860503,57,57
13071000012,11,1.0000000000,115436607,115436607,81,81
13071000013,11,1.0000000000,64734452,64734452,47,47
13071000014,11,1.0000000000,51638492,51638492,62,62
13071000015,11,1.0000000000,103612799,103612799,90,90
13071000016,11,1.0000000000,51405253,51405253,43,43
13071000017,11,1.0000000000,106488377,106488377,123,123
13071000018,11,1.0000000000,64331856,64331856,63,63
13071000019,11,1.0000000000,156250036,156250036,149,149
13071000020,11,1.0000000000,88659963,88659963,110,110
13071000021,11,1.0000000000,48109431,48109431,26,26
13071000022,11,1.0000000000,79205164,79205164,58,58
13071000023,11,1.0000000000,126519463,126519463,85,85
13073000010,24,1.0000000000,121809726,121809726,55,55
13073000015,24,1.0000000000,9246655,9246655,24,24
13073000016,23,1.0000000000,8328382,8328382,17,17
13073000017,24,1.0000000000,14311596,14311596,48,48
13073000018,23,1.0000000000,13263589,13263589,40,40
13073000020,23,1.0000000000,56436587,56436587,165,165
13073000025,23,1.0000000000,67889192,67889192,54,54
13073000026,23,1.0000000000,20393069,20393069,38,38
13073000030,23,1.0000000000,19723031,19723031,62,62
13073000031,23,1.0000000000,5143010,5143010,73,73
13073000032,23,1.0000000000,15105116,15105116,23,23
13073000033,23,1.0000000000,11593461,11593461,46,46
13073000034,23,1.0000000000,8544181,8544181,30,30
13073000040,24,1.0000000000,99736954,99736954,26,26
13073000050,24,1.0000000000,90430631,90430631,36,36
13073000051,24,1.0000000000,39209471,39209471,33,33
13073000060,24,1.0000000000,9159962,9159962,19,19
13073000061,24,1.0000000000,13961420,13961420,58,58
13073000062,24,1.0000000000,20486387,20486387,45,45
13073000063,24,1.0000000000,2127982,2127982,8,8
13073000064,24,1.0000000000,3939406,3939406,26,26
13073000065,24,1.0000000000,6739567,6739567,20,20
13073000070,23,1.0000000000,2238420,2238420,30,30
13073000074,23,1.0000000000,2730808,2730808,38,38
13073000075,23,1.0000000000,2790250,2790250,30,30
13073000076,23,1.0000000000,4051100,4051100,31,31
13073000080,24,1.0000000000,2571578,2571578,29,29
13073000085,23,1.0000000000,1256053,1256053,22,22
13073000090,24,1.0000000000,2620594,2620594,53,53
13073000100,24,1.0000000000,3524975,3524975,41,41
13073000105,24,1.0000000000,3034962,3034962,12,12
13073000107,24,1.0000000000,7204552,7204552,18,18
13073000108,24,1.0000000000,2608970,2608970,20,20
13073000109,24,1.0000000000,7596974,7596974,43,43
13073000110,24,1.0000000000,2106623,2106623,29,29
13073000111,24,1.0000000000,1657579,1657579,19,19
13073000115,24,1.0000000000,3867765,3867765,36,36
13073000120,24,1.0000000000,4187613,4187613,34,34
13073000125,24,1.0000000000,2802665,2802665,23,23
13073000130,24,1.0000000000,4146822,4146822,31,31
13073000131,24,1.0000000000,8270662,8270662,19,19
13073000132,24,1.0000000000,6264343,6264343,18,18
13073000134,24,1.0000000000,4362103,4362103,38,38
13073000135,24,1.0000000000,5984299,5984299,20,20
13073000136,24,1.0000000000,4032509,4032509,24,24
13073000137,24,1.0000000000,4099536,4099536,19,19
1307500000C,11,1.0000000000,85713323,85713323,206,206
1307500000L,11,1.0000000000,115886071,115886071,170,170
1307500000M,11,1.0000000000,62572082,62572082,78,78
1307500000S,11,1.0000000000,9710088,9710088,123,123
130750000DB,11,1.0000000000,79892710,79892710,181,181
130750000EP,11,1.0000000000,3640595,3640595,65,65
130750000NL,11,1.0000000000,138438380,138438380,102,102
130750000RB,11,1.0000000000,95831156,95831156,118,118
13077000001,28,1.0000000000,65201685,65201685,172,172
13077000002,28,1.0000000000,94687882,94687882,132,132
13077000003,28,1.0000000000,112450666,112450666,104,104
13077000004,28,1.0000000000,50701144,50701144,42,42
13077000005,28,1.0000000000,7519514,7519514,120,120
13077000006,28,1.0000000000,47213211,47213211,75,75
13077000007,28,1.0000000000,34881156,34881156,89,89
13077000008,28,1.0000000000,75703093,75703093,88,88
13077000009,28,1.0000000000,65228510,65228510,134,134
13077000010,28,1.0000000000,38687441,38687441,74,74
13077000011,28,1.0000000000,103798051,103798051,85,85
13077000012,28,1.0000000000,55184752,55184752,115,115
13077000013,28,1.0000000000,48228340,48228340,66,66
13077000014,28,1.0000000000,94913719,94913719,103,103
13077000015,28,1.0000000000,27722298,27722298,52,52
13077000017,28,1.0000000000,14389565,14389565,207,207
13077000018,28,1.0000000000,19668943,19668943,191,191
13077000019,28,1.0000000000,13587749,13587749,102,102
13077000020,28,1.0000000000,9776458,9776458,67,67
13077000021,28,1.0000000000,20417987,20417987,58,58
13077000022,28,1.0000000000,51551418,51551418,75,75
13077000023,28,1.0000000000,13842418,13842418,40,40
13077000024,28,1.0000000000,5452597,5452597,33,33
13077000025,28,1.0000000000,11511312,11511312,34,34
13077000026,28,1.0000000000,21726195,21726195,36,36
13077000027,28,1.0000000000,13631487,13631487,25,25
13077000028,28,1.0000000000,24687316,24687316,194,194
13079000002,18,1.0000000000,322260824,322260824,158,158
13079000003,18,1.0000000000,135582019,135582019,75,75
13079000004,18,1.0000000000,88041565,88041565,43,43
13079000005,18,1.0000000000,87640227,87640227,63,63
1307900001A,18,1.0000000000,106442931,106442931,41,41
1307900001B,18,1.0000000000,101556478,101556478,41,41
130810ARABI,13,1.0000000000,169291578,169291578,165,165
130810CONEY,13,1.0000000000,114019953,114019953,60,60
130810CORDE,13,1.0000000000,183420160,183420160,850,850
130810JAMES,13,1.0000000000,117361313,117361313,111,111
130810LISTO,13,1.0000000000,122143798,122143798,96,96
13083000960,53,1.0000000000,54596191,54596191,198,198
13083000974,53,1.0000000000,98907651,98907651,127,127
13083001038,53,1.0000000000,90611362,90611362,107,107
13083001214,53,1.0000000000,78658615,78658615,82,82
13083001222,53,1.0000000000,56507635,56507635,99,99
13083001885,53,1.0000000000,45860659,45860659,42,42
13083001889,53,1.0000000000,25442567,25442567,52,52
13085000001,51,1.0000000000,152900802,152900802,120,120
13085000002,51,1.0000000000,328857174,328857174,445,445
13085000003,51,1.0000000000,64284282,64284282,211,211
13087000513,11,1.0000000000,146268857,146268857,345,345
13087000514,11,1.0000000000,66227299,66227299,239,239
13087000694,11,1.0000000000,304664922,304664922,173,173
13087001277,11,1.0000000000,149436103,149436103,57,57
13087001325,11,1.0000000000,165408172,165408172,95,95
13087001342,11,1.0000000000,127240931,127240931,46,46
13087001361,11,1.0000000000,187554018,187554018,136,136
13087001613,11,1.0000000000,219296516,219296516,148,148
13087001805,11,1.0000000000,180746022,180746022,201,201
130890000AA,41,1.0000000000,2775868,2775868,20,20
130890000AB,40,1.0000000000,2517627,2517627,41,41
130890000AD,40,1.0000000000,3185296,3185296,27,27
130890000AE,42,1.0000000000,3168960,3168960,80,80
130890000AF,42,1.0000000000,2314146,2314146,40,40
130890000AG,40,1.0000000000,3792745,3792745,27,27
130890000AH,40,1.0000000000,2848417,2848417,32,32
130890000AI,42,1.0000000000,2910121,2910121,65,65
130890000BB,42,1.0000000000,2691063,2691063,74,74
130890000BC,42,1.0000000000,2556168,2556168,41,41
130890000BD,42,1.0000000000,2331787,2331787,35,35
130890000BE,42,1.0000000000,1521523,1521523,25,25
130890000BF,41,1.0000000000,6360448,6360448,42,42
130890000BG,42,1.0000000000,2585282,2585282,24,24
130890000BH,41,1.0000000000,4006953,4006953,35,35
130890000BI,40,1.0000000000,1875584,1875584,45,45
130890000BJ,10,1.0000000000,6313385,6313385,38,38
130890000BL,44,1.0000000000,10900505,10900505,56,56
130890000BM,41,1.0000000000,5066050,5066050,41,41
130890000BR,44,1.0000000000,2499977,2499977,74,74
130890000CA,42,1.0000000000,2268708,2268708,24,24
130890000CB,41,1.0000000000,2735728,2735728,23,23
130890000CC,42,1.0000000000,1179105,1179105,12,12
130890000CD,44,1.0000000000,6613646,6613646,32,32
130890000CE,40,1.0000000000,6170138,6170138,80,80
130890000CF,43,1.0000000000,21822190,21822190,38,38
130890000CG,10,1.0000000000,3040179,3040179,26,26
130890000CH,40,1.0000000000,1758195,1758195,24,24
130890000CI,42,1.0000000000,1810200,1810200,49,49
130890000CJ,42,1.0000000000,2652948,2652948,35,35
130890000CK,41,1.0000000000,4690419,4690419,118,118
130890000CL,44,1.0000000000,1968473,1968473,20,20
130890000CM,10,1.0000000000,3333184,3333184,25,25
130890000CO,42,1.0000000000,1462259,1462259,23,23
130890000CP,41,1.0000000000,2407356,2407356,26,26
130890000CQ,42,1.0000000000,3146476,3146476,52,52
130890000CR,44,1.0000000000,5614000,5614000,34,34
130890000CS,44,1.0000000000,6607117,6607117,33,33
130890000CT,41,1.0000000000,879335,879335,8,8
130890000CU,42,1.0000000000,1512170,1512170,31,31
130890000CV,42,1.0000000000,1760949,1760949,44,44
130890000CW,42,1.0000000000,3147214,3147214,30,30
130890000CX,40,1.0000000000,3224898,3224898,44,44
130890000DA,40,1.0000000000,8268036,8268036,106,106
130890000DB,40,1.0000000000,2172553,2172553,42,42
130890000DC,40,1.0000000000,8062720,8062720,110,110
130890000DE,41,1.0000000000,2688673,2688673,36,36
130890000DF,40,1.0000000000,2284495,2284495,29,29
130890000DG,40,1.0000000000,3010719,3010719,13,13
130890000DH,42,1.0000000000,2750138,2750138,58,58
130890000DI,40,1.0000000000,2758986,2758986,21,21
130890000EA,42,1.0000000000,3946822,3946822,111,111
130890000EC,40,1.0000000000,1994872,1994872,27,27
130890000EE,42,1.0000000000,2435022,2435022,73,73
130890000EF,40,1.0000000000,3020741,3020741,47,47
130890000EG,42,1.0000000000,2112816,2112816,40,40
130890000ER,42,1.0000000000,2398960,2398960,49,49
130890000FA,10,1.0000000000,3405418,3405418,23,23
130890000FB,42,1.0000000000,3856398,3856398,46,46
130890000FC,44,1.0000000000,2450191,2450191,33,33
130890000FE,10,1.0000000000,3701844,3701844,29,29
130890000FG,43,1.0000000000,6342976,6342976,25,25
130890000FJ,44,1.0000000000,1676885,1676885,18,18
130890000FK,10,1.0000000000,4323975,4323975,27,27
130890000FL,10,1.0000000000,2274208,2274208,19,19
130890000FM,41,1.0000000000,3762658,3762658,32,32
130890000GA,42,1.0000000000,1659968,1659968,55,55
130890000GB,41,1.0000000000,2124347,2124347,21,21
130890000GC,44,1.0000000000,3533231,3533231,30,30
130890000GD,40,1.0000000000,4005710,4005710,40,40
130890000GF,41,1.0000000000,3294918,3294918,21,21
130890000HA,41,1.0000000000,3421008,3421008,30,30
130890000HB,40,1.0000000000,3555636,3555636,48,48
130890000HC,40,1.0000000000,4087663,4087663,29,29
130890000HF,40,1.0000000000,2470133,2470133,31,31
130890000HG,41,1.0000000000,7447112,7447112,37,37
130890000HH,10,1.0000000000,8344079,8344079,22,22
130890000HI,42,1.0000000000,1221096,1221096,21,21
130890000IA,41,1.0000000000,2004993,2004993,25,25
130890000IB,41,1.0000000000,2108952,2108952,32,32
130890000JA,42,1.0000000000,1076428,1076428,33,33
130890000JB,41,1.0000000000,3338255,3338255,51,51
130890000KA,42,1.0000000000,2931781,2931781,31,31
130890000KB,40,1.0000000000,2788371,2788371,18,18
130890000KC,10,1.0000000000,1614627,1614627,13,13
130890000KD,10,1.0000000000,8737528,8737528,44,44
130890000KE,42,1.0000000000,2238879,2238879,34,34
130890000KG,40,1.0000000000,2461538,2461538,18,18
130890000LA,42,1.0000000000,3904439,3904439,52,52
130890000LB,42,1.0000000000,2748546,2748546,30,30
130890000LC,42,1.0000000000,2237304,2237304,21,21
130890000LD,43,1.0000000000,2402109,2402109,67,67
130890000LE,42,1.0000000000,2025422,2025422,50,50
130890000LH,55,1.0000000000,2529237,2529237,34,34
130890000LV,41,1.0000000000,1426409,1426409,17,17
130890000MA,41,1.0000000000,2789002,2789002,28,28
130890000MB,44,1.0000000000,6744701,6744701,68,68
130890000MC,55,1.0000000000,2455053,2455053,15,15
130890000MD,42,1.0000000000,2646354,2646354,47,47
130890000ME,42,1.0000000000,3948705,3948705,56,56
130890000MF,10,1.0000000000,3325906,3325906,23,23
130890000MG,42,1.0000000000,2303804,2303804,35,35
130890000MH,41,1.0000000000,3961034,3961034,32,32
130890000MI,41,1.0000000000,6845507,6845507,52,52
130890000MJ,42,1.0000000000,1564222,1564222,23,23
130890000MK,41,1.0000000000,5107686,5107686,39,39
130890000ML,44,1.0000000000,10792967,10792967,65,65
130890000MN,41,1.0000000000,2870732,2870732,36,36
130890000MO,42,1.0000000000,2913291,2913291,45,45
130890000MP,42,1.0000000000,1756527,1756527,31,31
130890000MQ,40,1.0000000000,2789188,2789188,25,25
130890000MR,10,1.0000000000,3451038,3451038,23,23
130890000MS,40,1.0000000000,2735712,2735712,27,27
130890000MT,44,1.0000000000,2430651,2430651,67,67
130890000MU,40,1.0000000000,3636386,3636386,27,27
130890000MV,10,1.0000000000,3020044,3020044,15,15
130890000MW,40,1.0000000000,1578057,1578057,18,18
130890000MZ,43,1.0000000000,2440254,2440254,22,22
130890000NB,42,1.0000000000,3185803,3185803,45,45
130890000NC,41,1.0000000000,1846059,1846059,15,15
130890000ND,41,1.0000000000,1489383,1489383,16,16
130890000NF,40,1.0000000000,2042366,2042366,15,15
130890000OA,42,1.0000000000,2656676,2656676,33,33
130890000OB,40,1.0000000000,4521656,4521656,61,61
130890000OK,42,1.0000000000,1747393,1747393,46,46
130890000OV,10,1.0000000000,5018205,5018205,34,34
130890000PA,42,1.0000000000,2085439,2085439,27,27
130890000PB,40,1.0000000000,2234289,2234289,29,29
130890000PC,55,1.0000000000,8605521,8605521,28,28
130890000PE,41,1.0000000000,614409,614409,42,42
130890000PF,40,1.0000000000,3096913,3096913,58,58
130890000PG,42,1.0000000000,1610862,1610862,42,42
130890000PH,55,1.0000000000,3963760,3963760,24,24
130890000PI,41,1.0000000000,1927632,1927632,17,17
130890000PN,44,1.0000000000,2124713,2124713,36,36
130890000PR,55,1.0000000000,3905285,3905285,28,28
130890000RA,10,1.0000000000,4217606,4217606,45,45
130890000RC,55,1.0000000000,3528298,3528298,21,21
130890000RD,41,1.0000000000,2026726,2026726,24,24
130890000RE,41,1.0000000000,3462858,3462858,37,37
130890000RF,55,1.0000000000,12924140,12924140,19,19
130890000RG,41,1.0000000000,4415238,4415238,47,47
130890000RH,55,1.0000000000,5286713,5286713,30,30
130890000RI,55,1.0000000000,4525628,4525628,31,31
130890000RJ,41,1.0000000000,2968087,2968087,20,20
130890000RK,55,1.0000000000,2881970,2881970,12,12
130890000RL,43,1.0000000000,16042067,16042067,54,54
130890000RM,55,1.0000000000,2191593,2191593,14,14
130890000RN,42,1.0000000000,1088045,1088045,27,27
130890000SA,42,1.0000000000,3661184,3661184,40,40
130890000SB,42,1.0000000000,2062386,2062386,56,56
130890000SC,41,1.0000000000,2826864,2826864,64,64
130890000SD,41,1.0000000000,13224062,13224062,87,87
130890000SE,40,1.0000000000,3493465,3493465,48,48
130890000SF,40,1.0000000000,1925735,1925735,42,42
130890000SG,42,1.0000000000,1681512,1681512,19,19
130890000SH,41,1.0000000000,6683527,6683527,28,28
130890000SI,41,1.0000000000,4802683,4802683,52,52
130890000SJ,41,1.0000000000,2598524,2598524,44,44
130890000SK,55,1.0000000000,4297555,4297555,33,33
130890000SL,43,1.0000000000,7380113,7380113,45,45
130890000SM,10,1.0000000000,10967401,10967401,18,18
130890000SN,41,1.0000000000,1728116,1728116,17,17
130890000SO,55,1.0000000000,2810934,2810934,12,12
130890000SP,41,1.0000000000,1795345,1795345,26,26
130890000SQ,41,1.0000000000,2461369,2461369,79,79
130890000SR,41,1.0000000000,2258551,2258551,29,29
130890000SS,10,1.0000000000,3334844,3334844,24,24
130890000ST,55,1.0000000000,5067391,5067391,11,11
130890000SU,41,1.0000000000,3613344,3613344,25,25
130890000SV,55,1.0000000000,4336886,4336886,22,22
130890000SW,43,1.0000000000,9190638,9190638,66,66
130890000TA,44,1.0000000000,2182795,2182795,36,36
130890000TC,42,1.0000000000,1592084,1592084,20,20
130890000TF,41,1.0000000000,5581162,5581162,51,51
130890000TG,40,1.0000000000,1911319,1911319,23,23
130890000TH,41,1.0000000000,5450065,5450065,56,56
130890000VB,41,1.0000000000,954800,954800,16,16
130890000WA,42,1.0000000000,2674034,2674034,39,39
130890000WB,10,1.0000000000,3524594,3524594,16,16
130890000WC,42,1.0000000000,2188097,2188097,71,71
130890000WD,10,1.0000000000,7999352,7999352,32,32
130890000WF,42,1.0000000000,1805635,1805635,34,34
130890000WG,41,1.0000000000,3332011,3332011,24,24
130890000WI,40,1.0000000000,2647026,2647026,27,27
130890000WJ,42,1.0000000000,3012353,3012353,57,57
130890000WK,41,1.0000000000,1997667,1997667,27,27
130890000WL,40,1.0000000000,2227594,2227594,19,19
130890000WN,55,1.0000000000,6098579,6098579,16,16
130890000YA,41,1.0000000000,2253566,2253566,11,11
13091000LEE,20,1.0000000000,124896253,124896253,452,452
130910CHAUN,20,1.0000000000,67576459,67576459,55,55
130910CLARK,20,1.0000000000,29727044,29727044,23,23
130910EDDIN,20,1.0000000000,116504409,116504409,89,89
130910EMPIR,20,1.0000000000,58100941,58100941,53,53
130910JAYBI,20,1.0000000000,75072631,75072631,43,43
130910JONES,20,1.0000000000,77219861,77219861,53,53
130910MCCRA,20,1.0000000000,70509418,70509418,28,28
130910MILAN,20,1.0000000000,31972898,31972898,45,45
130910MITCH,20,1.0000000000,122799052,122799052,36,36
130910MULLI,20,1.0000000000,64571283,64571283,76,76
130910PLAIN,20,1.0000000000,86731536,86731536,48,48
130910PONDT,20,1.0000000000,184924508,184924508,102,102
130910RAWLI,20,1.0000000000,71785114,71785114,69,69
130910VILUL,20,1.0000000000,44344097,44344097,24,24
130910YONKE,20,1.0000000000,57802498,57802498,24,24
13093000002,20,1.0000000000,187490759,187490759,171,171
13093000005,20,1.0000000000,211622295,211622295,300,300
13093000007,20,1.0000000000,358060565,358060565,377,377
13093000008,20,1.0000000000,116257390,116257390,134,134
13093000010,20,1.0000000000,143477637,143477637,110,110
13095000001,12,1.0000000000,17932608,17932608,158,158
13095000002,12,1.0000000000,6477367,6477367,60,60
13095000003,12,1.0000000000,3819459,3819459,101,101
13095000004,12,1.0000000000,9182741,9182741,69,69
13095000005,12,1.0000000000,4376772,4376772,57,57
13095000006,12,1.0000000000,4751205,4751205,139,139
13095000007,12,1.0000000000,20904392,20904392,112,112
13095000008,12,1.0000000000,21069877,21069877,129,129
13095000009,12,1.0000000000,216372170,216372170,90,90
13095000010,12,1.0000000000,8585731,8585731,95,95
13095000011,12,1.0000000000,6325728,6325728,25,25
13095000012,12,1.0000000000,1762414,1762414,66,66
13095000013,12,1.0000000000,3694789,3694789,123,123
13095000014,12,1.0000000000,1787826,1787826,105,105
13095000015,12,1.0000000000,5428621,5428621,134,134
13095000016,12,1.0000000000,12155325,12155325,70,70
13095000017,12,1.0000000000,5566221,5566221,113,113
13095000018,12,1.0000000000,5804699,5804699,81,81
13095000019,12,1.0000000000,9384670,9384670,51,51
13095000020,12,1.0000000000,109464278,109464278,91,91
13095000021,12,1.0000000000,59302366,59302366,148,148
13095000022,12,1.0000000000,9233110,9233110,132,132
13095000023,12,1.0000000000,60985863,60985863,82,82
13095000024,12,1.0000000000,5611579,5611579,53,53
13095000025,12,1.0000000000,177061301,177061301,75,75
13095000026,12,1.0000000000,57495488,57495488,20,20
13095000027,12,1.0000000000,3659800,3659800,33,33
13095000028,12,1.0000000000,2986981,2986981,24,24
13097000729,30,1.0000000000,11327612,11327612,64,64
13097000730,35,1.0000000000,13663502,13663502,146,146
13097000731,35,1.0000000000,20193249,20193249,72,72
13097000732,35,1.0000000000,6046499,6046499,56,56
13097000733,35,1.0000000000,4737675,4737675,31,31
13097000734,30,1.0000000000,8880753,8880753,51,51
13097000735,28,1.0000000000,10687933,10687933,37,37
13097000737,35,1.0000000000,10446558,10446558,75,75
13097000738,35,1.0000000000,4157374,4157374,30,30
13097000739,35,1.0000000000,7101580,7101580,44,44
13097000740,35,1.0000000000,5538470,5538470,46,46
13097000784,35,1.0000000000,21403078,21403078,62,62
13097000785,35,1.0000000000,18244755,18244755,20,20
13097001258,30,1.0000000000,43792856,43792856,110,110
13097001259,30,1.0000000000,32582772,32582772,42,42
13097001260,28,1.0000000000,74450389,74450389,88,88
13097001270,35,1.0000000000,9032693,9032693,98,98
13097001271,28,1.0000000000,66211882,66211882,85,85
13097001272,28,1.0000000000,41922553,41922553,50,50
13097001273,35,1.0000000000,11863147,11863147,74,74
13097001274,35,1.0000000000,6439188,6439188,42,42
13097001275,35,1.0000000000,35698751,35698751,122,122
13097001276,35,1.0000000000,8439090,8439090,38,38
1309700736N,35,1.0000000000,10301709,10301709,33,33
1309700736S,35,1.0000000000,35190944,35190944,33,33
1309900000A,12,1.0000000000,331565692,331565692,142,142
1309900000B,12,1.0000000000,100101698,100101698,224,224
1309900000U,12,1.0000000000,342091448,342091448,133,133
130990000CS,12,1.0000000000,318282822,318282822,219,219
130990000CU,12,1.0000000000,235584965,235584965,123,123
13101001058,8,1.0000000000,1088849471,1088849471,413,413
1310300001A,4,1.0000000000,32196846,32196846,48,48
1310300001B,4,1.0000000000,79471451,79471451,87,87
1310300001C,4,1.0000000000,31007721,31007721,73,73
1310300001D,4,1.0000000000,20352101,20352101,28,28
1310300002A,4,1.0000000000,26324939,26324939,43,43
1310300002B,4,1.0000000000,19653602,19653602,39,39
1310300002C,4,1.0000000000,64396371,64396371,78,78
1310300003A,4,1.0000000000,267448388,267448388,131,131
1310300003B,4,1.0000000000,195099471,195099471,88,88
1310300003C,4,1.0000000000,87175807,87175807,133,133
1310300003D,4,1.0000000000,113231790,113231790,131,131
1310300004A,4,1.0000000000,72759443,72759443,160,160
1310300004B,4,1.0000000000,48526394,48526394,83,83
1310300004C,4,1.0000000000,58804558,58804558,32,32
1310300005A,4,1.0000000000,43509817,43509817,84,84
1310300005B,4,1.0000000000,14461844,14461844,85,85
1310300005C,4,1.0000000000,65741052,65741052,44,44
13105000189,24,1.0000000000,41499971,41499971,260,260
13105000190,24,1.0000000000,70761628,70761628,61,61
13105000191,24,1.0000000000,108120222,108120222,73,73
13105000192,24,1.0000000000,64648972,64648972,55,55
13105000193,24,1.0000000000,75561060,75561060,62,62
13105000196,24,1.0000000000,128162461,128162461,66,66
13105000197,24,1.0000000000,102949626,102949626,118,118
13105000199,24,1.0000000000,67089542,67089542,52,52
13105000201,24,1.0000000000,89831684,89831684,161,161
13105000202,24,1.0000000000,76295567,76295567,52,52
13105000315,24,1.0000000000,84431403,84431403,85,85
13107000050,23,1.0000000000,147477128,147477128,98,98
13107000052,23,1.0000000000,61145930,61145930,26,26
13107000053,23,1.0000000000,332148707,332148707,629,629
13107000057,23,1.0000000000,137629591,137629591,81,81
13107000058,23,1.0000000000,132055419,132055419,130,130
13107001208,23,1.0000000000,208517308,208517308,140,140
13107001333,23,1.0000000000,203295513,203295513,86,86
13107001429,23,1.0000000000,90949996,90949996,75,75
13107001502,23,1.0000000000,115666264,115666264,109,109
13107001560,23,1.0000000000,175526194,175526194,210,210
13107001748,23,1.0000000000,158267381,158267381,112,112
13109000011,4,1.0000000000,473694905,473694905,888,888
1311100COLW,51,1.0000000000,245615963,245615963,80,80
1311100FAIR,51,1.0000000000,62084611,62084611,64,64
1311100FLIN,51,1.0000000000,45669022,45669022,167,167
1311100HEMP,51,1.0000000000,45690393,45690393,89,89
1311100HOTH,51,1.0000000000,32744693,32744693,63,63
1311100MINE,51,1.0000000000,50343446,50343446,99,99
1311100MOBI,51,1.0000000000,46065244,46065244,50,50
1311100MORG,51,1.0000000000,121040170,121040170,126,126
1311100NOON,51,1.0000000000,78258494,78258494,72,72
1311100SKEN,51,1.0000000000,158082043,158082043,64,64
1311100SUGC,51,1.0000000000,57569086,57569086,79,79
1311100TOCC,51,1.0000000000,59434356,59434356,274,274
13113000001,34,1.0000000000,5122520,5122520,40,40
13113000002,16,1.0000000000,64366067,64366067,91,91
13113000003,34,1.0000000000,15627527,15627527,43,43
13113000004,34,1.0000000000,3997868,3997868,35,35
13113000005,34,1.0000000000,6076334,6076334,43,43
13113000006,34,1.0000000000,16358273,16358273,18,18
13113000007,34,1.0000000000,21234234,21234234,49,49
13113000008,34,1.0000000000,13197815,13197815,44,44
13113000009,16,1.0000000000,16719887,16719887,46,46
13113000010,16,1.0000000000,32359656,32359656,113,113
13113000011,16,1.0000000000,6135603,6135603,40,40
13113000012,16,1.0000000000,2027158,2027158,22,22
13113000013,16,1.0000000000,33186307,33186307,43,43
13113000014,16,1.0000000000,25173858,25173858,47,47
13113000015,16,1.0000000000,40173048,40173048,36,36
13113000016,16,1.0000000000,7147216,7147216,47,47
13113000017,16,1.0000000000,1886122,1886122,15,15
13113000018,16,1.0000000000,9141632,9141632,62,62
13113000019,16,1.0000000000,4190774,4190774,34,34
13113000020,16,1.0000000000,1235664,1235664,9,9
13113000021,16,1.0000000000,3584803,3584803,34,34
13113000022,16,1.0000000000,3738155,3738155,24,24
13113000023,34,1.0000000000,4702059,4702059,12,12
13113000024,34,1.0000000000,11008307,11008307,48,48
13113000025,16,1.0000000000,8206782,8206782,17,17
13113000026,16,1.0000000000,17126286,17126286,63,63
13113000027,16,1.0000000000,31320351,31320351,84,84
13113000028,34,1.0000000000,16766422,16766422,47,47
13113000029,34,1.0000000000,5458606,5458606,61,61
13113000030,16,1.0000000000,10453240,10453240,28,28
13113000031,16,1.0000000000,4762365,4762365,42,42
13113000032,16,1.0000000000,16168376,16168376,53,53
13113000033,16,1.0000000000,4061773,4061773,20,20
13113000034,16,1.0000000000,17000517,17000517,61,61
13113000035,16,1.0000000000,10998892,10998892,68,68
13113000036,16,1.0000000000,13193046,13193046,16,16
13115000001,52,1.0000000000,53727010,53727010,132,132
13115000010,53,1.0000000000,41521790,41521790,60,60
13115000015,52,1.0000000000,96145931,96145931,85,85
13115000020,52,1.0000000000,97283861,97283861,108,108
13115000025,52,1.0000000000,66954287,66954287,57,57
13115000030,52,1.0000000000,69651657,69651657,115,115
13115000035,53,1.0000000000,78564876,78564876,25,25
13115000040,53,1.0000000000,70791833,70791833,52,52
13115000045,52,1.0000000000,135592864,135592864,89,89
13115000050,52,0.0451253212,2802020,62094184,16,242
13115000050,53,0.9548746788,59292164,62094184,226,242
13115000055,52,1.0000000000,35981866,35981866,98,98
13115000060,52,1.0000000000,58740419,58740419,51,51
13115000065,52,1.0000000000,23536112,23536112,112,112
13115000075,52,1.0000000000,7793612,7793612,94,94
13115000076,52,1.0000000000,8506644,8506644,153,153
13115000080,52,1.0000000000,135640852,135640852,117,117
13115000085,52,1.0000000000,11777770,11777770,88,88
13115000090,52,1.0000000000,12705175,12705175,191,191
13115000105,52,1.0000000000,11009042,11009042,196,196
13115000110,52,1.0000000000,7212997,7212997,68,68
13115000115,53,1.0000000000,68874977,68874977,31,31
13115000125,52,1.0000000000,31381306,31381306,68,68
13115000130,52,1.0000000000,102967671,102967671,187,187
13115000135,52,1.0000000000,16374119,16374119,131,131
13115000140,52,1.0000000000,15573740,15573740,201,201
13117000001,27,0.6215192558,20446022,32896844,85,131
13117000001,48,0.3784807442,12450822,32896844,46,131
13117000002,27,1.0000000000,19517787,19517787,93,93
13117000003,27,1.0000000000,47463304,47463304,132,132
13117000004,27,1.0000000000,41433439,41433439,72,72
13117000005,27,1.0000000000,23596196,23596196,59,59
13117000006,27,1.0000000000,50160189,50160189,77,77
13117000007,27,1.0000000000,17332331,17332331,140,140
13117000008,27,1.0000000000,20261509,20261509,67,67
13117000010,27,1.0000000000,43368775,43368775,155,155
13117000015,27,1.0000000000,52415331,52415331,80,80
13117000016,27,1.0000000000,49752089,49752089,163,163
13117000019,48,1.0000000000,16442302,16442302,47,47
13117000021,48,1.0000000000,25290897,25290897,73,73
13117000025,48,1.0000000000,20380764,20380764,92,92
13117000027,27,1.0000000000,75951214,75951214,102,102
13117000029,27,0.9268194998,42165351,45494674,156,166
13117000029,48,0.0731805002,3329323,45494674,10,166
13119000001,50,1.0000000000,141400062,141400062,217,217
13119000002,50,1.0000000000,125419923,125419923,122,122
13119000003,50,1.0000000000,92528860,92528860,198,198
13119000004,50,1.0000000000,62291760,62291760,214,214
13119000005,50,1.0000000000,56912836,56912836,113,113
13119000006,50,1.0000000000,38097364,38097364,176,176
13119000007,50,1.0000000000,160242428,160242428,172,172
1312100001A,36,1.0000000000,1707156,1707156,49,49
1312100001B,36,1.0000000000,3551781,3551781,82,82
1312100001C,36,1.0000000000,3268778,3268778,51,51
1312100001D,36,1.0000000000,772092,772092,27,27
1312100001E,36,1.0000000000,2298455,2298455,80,80
1312100001F,36,1.0000000000,681314,681314,22,22
1312100001G,36,1.0000000000,1210398,1210398,52,52
1312100001H,36,1.0000000000,506399,506399,24,24
1312100001I,36,1.0000000000,178746,178746,12,12
1312100001J,36,1.0000000000,2362319,2362319,74,74
1312100001P,36,1.0000000000,1801759,1801759,29,29
1312100001R,36,1.0000000000,1622469,1622469,20,20
1312100001S,36,1.0000000000,3464451,3464451,32,32
1312100001T,36,1.0000000000,2541262,2541262,32,32
1312100002A,36,1.0000000000,425070,425070,28,28
1312100002B,36,1.0000000000,1237054,1237054,101,101
1312100002C,36,1.0000000000,425429,425429,9,9
1312100002D,36,1.0000000000,1264823,1264823,45,45
1312100002E,36,1.0000000000,916669,916669,33,33
1312100002G,36,1.0000000000,1046072,1046072,45,45
1312100002J,36,1.0000000000,700591,700591,28,28
1312100002K,36,1.0000000000,341643,341643,21,21
1312100002S,36,1.0000000000,413386,413386,29,29
1312100002W,39,1.0000000000,158578,158578,4,4
1312100003A,39,1.0000000000,1264424,1264424,28,28
1312100003B,39,1.0000000000,589805,589805,14,14
1312100003C,38,1.0000000000,2223589,2223589,43,43
1312100003D,39,1.0000000000,812921,812921,19,19
1312100003E,39,1.0000000000,973517,973517,39,39
1312100003F,39,1.0000000000,1102135,1102135,57,57
1312100003G,36,1.0000000000,438008,438008,23,23
1312100003H,38,1.0000000000,857198,857198,16,16
1312100003I,39,1.0000000000,2154588,2154588,57,57
1312100003L,39,1.0000000000,698357,698357,19,19
1312100003M,6,1.0000000000,1823141,1823141,35,35
1312100003N,39,1.0000000000,1792546,1792546,113,113
1312100003S,38,1.0000000000,1368540,1368540,15,15
1312100003T,36,1.0000000000,1304263,1304263,60,60
1312100004A,39,1.0000000000,842141,842141,40,40
1312100004B,36,1.0000000000,782840,782840,35,35
1312100004C,39,1.0000000000,326207,326207,7,7
1312100004D,39,1.0000000000,927720,927720,38,38
1312100004F,36,1.0000000000,934583,934583,41,41
1312100004G,39,1.0000000000,709569,709569,20,20
1312100004I,36,1.0000000000,1403640,1403640,78,78
1312100004J,36,1.0000000000,571766,571766,34,34
1312100004K,36,1.0000000000,1578135,1578135,60,60
1312100004L,39,1.0000000000,1215750,1215750,37,37
1312100004M,39,1.0000000000,632427,632427,17,17
1312100004S,39,1.0000000000,1603554,1603554,25,25
1312100004T,39,1.0000000000,887281,887281,17,17
1312100004V,36,1.0000000000,1776683,1776683,77,77
1312100004W,36,1.0000000000,197328,197328,5,5
1312100005B,36,1.0000000000,716104,716104,37,37
1312100005C,36,1.0000000000,87354,87354,7,7
1312100005D,36,1.0000000000,190099,190099,7,7
1312100005F,36,1.0000000000,126258,126258,4,4
1312100005J,36,1.0000000000,158179,158179,3,3
1312100005K,36,1.0000000000,714015,714015,35,35
1312100006B,36,1.0000000000,598333,598333,17,17
1312100006D,39,1.0000000000,6408450,6408450,141,141
1312100006E,39,1.0000000000,1238623,1238623,19,19
1312100006F,36,1.0000000000,843404,843404,26,26
1312100006G,36,1.0000000000,339082,339082,9,9
1312100006I,39,1.0000000000,1337070,1337070,45,45
1312100006J,36,1.0000000000,2274268,2274268,39,39
1312100006N,39,1.0000000000,1379526,1379526,21,21
1312100006Q,39,1.0000000000,570981,570981,17,17
1312100006R,39,1.0000000000,822419,822419,24,24
1312100007A,14,1.0000000000,4153480,4153480,54,54
1312100007B,14,1.0000000000,4403353,4403353,47,47
1312100007C,14,1.0000000000,1691772,1691772,34,34
1312100007D,6,1.0000000000,2277419,2277419,42,42
1312100007E,6,1.0000000000,1376308,1376308,19,19
1312100007F,6,1.0000000000,1991924,1991924,34,34
1312100007H,39,1.0000000000,1149170,1149170,23,23
1312100007J,39,1.0000000000,1459033,1459033,29,29
1312100007M,6,1.0000000000,1182351,1182351,20,20
1312100007N,6,1.0000000000,606028,606028,9,9
1312100008A,6,1.0000000000,8244084,8244084,38,38
1312100008B,6,1.0000000000,5098300,5098300,48,48
1312100008C,6,1.0000000000,5396375,5396375,32,32
1312100008D,6,1.0000000000,2409068,2409068,13,13
1312100008E,6,1.0000000000,8570888,8570888,51,51
1312100008G,6,1.0000000000,1467634,1467634,15,15
1312100008H,39,1.0000000000,2168416,2168416,37,37
1312100008J,6,1.0000000000,2182391,2182391,38,38
1312100008K,39,1.0000000000,968397,968397,17,17
1312100008L,39,1.0000000000,1701634,1701634,35,35
1312100008M,6,1.0000000000,2735303,2735303,28,28
1312100008P,39,1.0000000000,1137109,1137109,19,19
1312100009A,6,1.0000000000,6618815,6618815,89,89
1312100009B,38,1.0000000000,4816198,4816198,19,19
1312100009C,38,1.0000000000,2918391,2918391,31,31
1312100009D,38,1.0000000000,2118806,2118806,36,36
1312100009E,6,1.0000000000,5593030,5593030,70,70
1312100009F,6,1.0000000000,2764142,2764142,41,41
1312100009G,6,1.0000000000,4601572,4601572,64,64
1312100009H,6,1.0000000000,1058618,1058618,18,18
1312100009I,6,1.0000000000,2012828,2012828,51,51
1312100009K,38,1.0000000000,8817833,8817833,91,91
1312100009M,6,1.0000000000,4195726,4195726,45,45
1312100010A,38,1.0000000000,5337566,5337566,39,39
1312100010B,38,1.0000000000,6143965,6143965,64,64
1312100010C,38,1.0000000000,1648471,1648471,7,7
1312100010D,38,1.0000000000,4814034,4814034,46,46
1312100010E,38,1.0000000000,1496089,1496089,21,21
1312100010F,38,1.0000000000,1279635,1279635,20,20
1312100010G,38,1.0000000000,2474941,2474941,10,10
1312100010I,38,1.0000000000,550410,550410,2,2
1312100010J,38,1.0000000000,3027319,3027319,18,18
1312100010K,38,1.0000000000,2214876,2214876,28,28
1312100010M,39,1.0000000000,1509457,1509457,42,42
1312100010P,38,1.0000000000,2007754,2007754,27,27
1312100010R,38,1.0000000000,582976,582976,9,9
1312100011B,38,1.0000000000,9136438,9136438,86,86
1312100011C,38,1.0000000000,6542781,6542781,29,29
1312100011G,39,1.0000000000,873042,873042,16,16
1312100011H,38,1.0000000000,1866260,1866260,11,11
1312100011J,39,1.0000000000,1994829,1994829,29,29
1312100011K,39,1.0000000000,3346190,3346190,30,30
1312100011M,38,1.0000000000,5544487,5544487,38,38
1312100011N,38,1.0000000000,3282317,3282317,33,33
1312100011P,39,1.0000000000,2525822,2525822,20,20
1312100011R,39,1.0000000000,1242458,1242458,16,16
1312100012A,36,1.0000000000,5242688,5242688,120,120
1312100012D,36,1.0000000000,1557194,1557194,26,26
1312100012F,36,1.0000000000,2397744,2397744,28,28
1312100012G,36,1.0000000000,524919,524919,10,10
1312100012I,39,1.0000000000,530100,530100,3,3
1312100012J,36,1.0000000000,3491483,3491483,35,35
1312100012K,36,1.0000000000,2538423,2538423,108,108
1312100012L,39,1.0000000000,2490966,2490966,35,35
1312100012M,36,1.0000000000,11717326,11717326,76,76
1312100012N,36,1.0000000000,783604,783604,36,36
1312100012S,36,1.0000000000,1027389,1027389,25,25
131210002F1,36,1.0000000000,1269920,1269920,33,33
131210002F2,36,1.0000000000,277300,277300,6,6
131210002L1,36,1.0000000000,706982,706982,47,47
131210002L2,39,1.0000000000,489530,489530,26,26
131210003P2,39,1.0000000000,422224,422224,8,8
131210004X1,39,1.0000000000,1304512,1304512,40,40
131210004X2,39,1.0000000000,533226,533226,13,13
131210005A1,36,1.0000000000,1344493,1344493,57,57
131210005A2,36,1.0000000000,1564329,1564329,67,67
131210006L1,39,1.0000000000,720983,720983,20,20
131210006L2,39,1.0000000000,1304872,1304872,34,34
131210008F1,6,1.0000000000,3733085,3733085,34,34
131210008F2,6,1.0000000000,70492,70492,2,2
131210008N1,6,1.0000000000,1264932,1264932,8,8
131210008N2,6,1.0000000000,969217,969217,7,7
131210010H1,38,1.0000000000,510645,510645,7,7
131210010H2,38,1.0000000000,2046360,2046360,15,15
131210011E1,38,1.0000000000,4610870,4610870,18,18
131210011E2,39,1.0000000000,1076877,1076877,12,12
131210011E3,39,1.0000000000,3257260,3257260,33,33
131210012E1,36,1.0000000000,2701107,2701107,40,40
131210012E2,36,1.0000000000,909674,909674,10,10
131210012H1,36,1.0000000000,846282,846282,17,17
131210012H2,36,1.0000000000,3257812,3257812,24,24
13121003P1A,39,1.0000000000,1495876,1495876,65,65
13121003P1B,39,1.0000000000,101627,101627,3,3
1312100AP03,14,1.0000000000,1161361,1161361,12,12
1312100AP05,48,1.0000000000,6705427,6705427,34,34
1312100AP06,21,1.0000000000,2364779,2364779,26,26
1312100AP10,21,1.0000000000,1272607,1272607,9,9
1312100AP14,14,1.0000000000,2710655,2710655,35,35
1312100CH01,28,1.0000000000,4953854,4953854,15,15
1312100CH02,35,1.0000000000,28688891,28688891,32,32
1312100CH03,28,1.0000000000,49397332,49397332,48,48
1312100CH05,28,1.0000000000,42044924,42044924,33,33
1312100CP02,36,1.0000000000,2830147,2830147,89,89
1312100HP01,36,1.0000000000,6231491,6231491,156,156
1312100JC01,48,1.0000000000,12176396,12176396,54,54
1312100JC02,48,1.0000000000,6831668,6831668,50,50
1312100JC05,48,1.0000000000,1836250,1836250,11,11
1312100JC06,48,1.0000000000,4338752,4338752,17,17
1312100JC07,48,1.0000000000,5047589,5047589,48,48
1312100JC08,48,1.0000000000,3134956,3134956,16,16
1312100JC09,48,1.0000000000,2666841,2666841,33,33
1312100JC10,48,1.0000000000,2555934,2555934,31,31
1312100JC11,48,1.0000000000,7161077,7161077,31,31
1312100JC12,48,1.0000000000,8249330,8249330,30,30
1312100JC14,48,1.0000000000,2763550,2763550,8,8
1312100JC15,14,1.0000000000,933103,933103,15,15
1312100JC16,14,1.0000000000,2354679,2354679,21,21
1312100JC18,14,1.0000000000,3241525,3241525,12,12
1312100JC19,14,1.0000000000,4890030,4890030,14,14
1312100ML03,21,1.0000000000,19199429,19199429,39,39
1312100MP01,56,1.0000000000,1132842,1132842,34,34
1312100PA01,28,1.0000000000,28325081,28325081,105,105
1312100RW01,56,1.0000000000,10258138,10258138,71,71
1312100RW02,56,1.0000000000,6470993,6470993,33,33
1312100RW03,14,1.0000000000,7682409,7682409,84,84
1312100RW04,14,1.0000000000,2794527,2794527,20,20
1312100RW05,14,1.0000000000,6991044,6991044,60,60
1312100RW06,14,1.0000000000,3186802,3186802,21,21
1312100RW08,56,1.0000000000,3243806,3243806,33,33
1312100RW09,21,0.5501194595,8966764,16299667,16,50
1312100RW09,56,0.4498805405,7332903,16299667,34,50
1312100RW10,56,1.0000000000,5561144,5561144,33,33
1312100RW12,21,0.4540813147,4401234,9692612,35,59
1312100RW12,56,0.5459186853,5291378,9692612,24,59
1312100RW13,14,1.0000000000,5829580,5829580,32,32
1312100RW16,56,1.0000000000,3785902,3785902,14,14
1312100RW17,14,1.0000000000,3137770,3137770,41,41
1312100RW19,21,1.0000000000,2780653,2780653,17,17
1312100RW20,14,1.0000000000,4136502,4136502,23,23
1312100RW21,14,1.0000000000,5033967,5033967,25,25
1312100SC02,38,1.0000000000,1223630,1223630,7,7
1312100SC04,35,1.0000000000,24978472,24978472,44,44
1312100SC10,39,1.0000000000,1996532,1996532,21,21
1312100SC13,35,1.0000000000,18330021,18330021,61,61
1312100SC15,35,1.0000000000,19473191,19473191,67,67
1312100SC20,35,1.0000000000,9209533,9209533,22,22
1312100SC27,39,1.0000000000,2560509,2560509,36,36
1312100SS01,14,1.0000000000,8305116,8305116,35,35
1312100SS03,14,1.0000000000,1750291,1750291,15,15
1312100SS04,14,1.0000000000,2764438,2764438,35,35
1312100SS05,14,1.0000000000,2726680,2726680,16,16
1312100SS06,14,1.0000000000,2905764,2905764,20,20
1312100SS12,14,1.0000000000,4734205,4734205,42,42
1312100SS14,14,1.0000000000,1942994,1942994,24,24
1312100SS16,6,1.0000000000,6309746,6309746,33,33
1312100SS17,14,1.0000000000,8656241,8656241,36,36
1312100SS20,14,1.0000000000,2406424,2406424,24,24
1312100SS22,14,1.0000000000,5384853,5384853,17,17
1312100SS26,14,1.0000000000,1956869,1956869,26,26
1312100SS31,14,1.0000000000,1607113,1607113,25,25
131210AP01A,14,1.0000000000,8921257,8921257,82,82
131210AP01B,21,1.0000000000,2122455,2122455,32,32
131210AP01C,14,1.0000000000,2620073,2620073,8,8
131210AP01D,14,1.0000000000,4002442,4002442,31,31
131210AP01E,14,1.0000000000,19669,19669,1,1
131210AP021,21,1.0000000000,3623190,3623190,43,43
131210AP022,21,1.0000000000,4408954,4408954,37,37
131210AP02B,14,1.0000000000,2223736,2223736,19,19
131210AP04A,21,1.0000000000,2306947,2306947,25,25
131210AP04B,21,1.0000000000,880696,880696,7,7
131210AP07A,21,1.0000000000,5144990,5144990,57,57
131210AP07B,21,1.0000000000,3747090,3747090,26,26
131210AP09A,48,1.0000000000,5519390,5519390,34,34
131210AP09B,48,1.0000000000,692279,692279,10,10
131210AP12A,21,1.0000000000,1108205,1108205,15,15
131210AP12B,21,1.0000000000,6535187,6535187,38,38
131210AP12C,21,1.0000000000,1461434,1461434,39,39
131210AP12D,21,1.0000000000,137977,137977,4,4
131210CH04A,28,1.0000000000,24498568,24498568,33,33
131210CH04B,28,1.0000000000,43154,43154,3,3
131210CP011,36,1.0000000000,1092877,1092877,36,36
131210CP012,36,1.0000000000,2211326,2211326,38,38
131210CP01B,36,1.0000000000,375450,375450,21,21
131210CP04A,36,1.0000000000,111752,111752,5,5
131210CP04B,36,1.0000000000,1288073,1288073,34,34
131210CP051,36,1.0000000000,2409029,2409029,21,21
131210CP052,39,1.0000000000,623058,623058,12,12
131210CP053,39,1.0000000000,19001,19001,1,1
131210CP05B,36,1.0000000000,663378,663378,2,2
131210CP06A,36,1.0000000000,1617683,1617683,17,17
131210CP06B,36,1.0000000000,323617,323617,3,3
131210CP07A,36,1.0000000000,474406,474406,9,9
131210CP07B,36,1.0000000000,1916699,1916699,11,11
131210CP07C,39,1.0000000000,47910,47910,2,2
131210CP07D,36,1.0000000000,104211,104211,2,2
131210CP07E,36,1.0000000000,36083,36083,2,2
131210CP07F,36,1.0000000000,108286,108286,2,2
131210CP081,39,1.0000000000,623782,623782,6,6
131210CP083,39,1.0000000000,874574,874574,9,9
131210CP084,39,1.0000000000,3167597,3167597,34,34
131210CP08A,39,1.0000000000,539767,539767,6,6
131210EP01A,39,1.0000000000,2617855,2617855,83,83
131210EP01B,39,1.0000000000,3614303,3614303,93,93
131210EP02A,36,1.0000000000,3391020,3391020,95,95
131210EP02B,36,1.0000000000,2075482,2075482,60,60
131210EP02C,36,1.0000000000,1352212,1352212,55,55
131210EP02D,39,1.0000000000,1131669,1131669,23,23
131210EP02E,36,1.0000000000,2296711,2296711,37,37
131210EP03A,39,1.0000000000,5223294,5223294,60,60
131210EP03B,39,1.0000000000,2396686,2396686,21,21
131210EP04A,39,1.0000000000,5915528,5915528,79,79
131210EP04B,39,1.0000000000,7903005,7903005,54,54
131210FA01A,35,1.0000000000,8820483,8820483,65,65
131210FA01B,35,1.0000000000,29539303,29539303,185,185
131210FA01C,35,1.0000000000,5203583,5203583,38,38
131210JC03A,48,1.0000000000,421158,421158,4,4
131210JC03B,48,1.0000000000,1459383,1459383,7,7
131210JC04A,48,1.0000000000,3690002,3690002,17,17
131210JC04B,48,1.0000000000,337603,337603,4,4
131210JC13A,48,1.0000000000,4961725,4961725,11,11
131210JC13B,48,1.0000000000,737400,737400,4,4
131210ML011,21,1.0000000000,8243242,8243242,55,55
131210ML012,21,1.0000000000,3381467,3381467,10,10
131210ML01B,21,1.0000000000,3054606,3054606,21,21
131210ML021,21,1.0000000000,16940040,16940040,25,25
131210ML022,21,1.0000000000,1337483,1337483,4,4
131210ML023,21,1.0000000000,6807144,6807144,13,13
131210ML024,21,1.0000000000,974206,974206,2,2
131210ML04A,21,1.0000000000,6454129,6454129,17,17
131210ML04B,21,1.0000000000,6241971,6241971,9,9
131210ML04C,21,1.0000000000,567483,567483,3,3
131210ML05A,21,1.0000000000,49002,49002,3,3
131210ML05B,21,1.0000000000,1851061,1851061,3,3
131210ML05C,21,1.0000000000,6373102,6373102,32,32
131210ML06A,21,1.0000000000,2515765,2515765,47,47
131210ML06B,21,1.0000000000,2239712,2239712,25,25
131210ML071,21,1.0000000000,300879,300879,3,3
131210ML072,21,1.0000000000,7829747,7829747,24,24
131210ML07A,21,1.0000000000,5335673,5335673,10,10
131210RW07A,14,1.0000000000,757009,757009,17,17
131210RW07B,14,1.0000000000,657130,657130,9,9
131210RW11A,56,1.0000000000,3341894,3341894,23,23
131210RW11B,56,1.0000000000,352802,352802,7,7
131210RW22A,14,1.0000000000,3385593,3385593,50,50
131210RW22B,14,1.0000000000,75286,75286,2,2
131210SC01A,35,1.0000000000,3054577,3054577,3,3
131210SC01B,35,1.0000000000,6649301,6649301,31,31
131210SC01C,38,1.0000000000,6893986,6893986,23,23
131210SC01D,35,1.0000000000,8565149,8565149,20,20
131210SC05A,35,1.0000000000,1134934,1134934,14,14
131210SC05B,35,1.0000000000,6406664,6406664,38,38
131210SC05D,35,1.0000000000,7548911,7548911,31,31
131210SC05E,35,1.0000000000,3699849,3699849,17,17
131210SC07A,35,1.0000000000,26828664,26828664,149,149
131210SC07B,35,1.0000000000,19578,19578,1,1
131210SC07C,35,1.0000000000,1237624,1237624,11,11
131210SC08A,35,1.0000000000,15869,15869,1,1
131210SC08B,35,0.0593407621,404738,6820573,4,64
131210SC08B,39,0.9406592379,6415835,6820573,60,64
131210SC08C,39,1.0000000000,62709,62709,2,2
131210SC08D,39,1.0000000000,454157,454157,8,8
131210SC08E,35,1.0000000000,616997,616997,11,11
131210SC08F,39,1.0000000000,2057663,2057663,11,11
131210SC08G,39,1.0000000000,275716,275716,1,1
131210SC08H,39,1.0000000000,701647,701647,13,13
131210SC09A,39,1.0000000000,1621730,1621730,16,16
131210SC09B,39,1.0000000000,2463346,2463346,19,19
131210SC09C,39,1.0000000000,1673465,1673465,21,21
131210SC11A,39,1.0000000000,2145167,2145167,13,13
131210SC11B,39,1.0000000000,2098696,2098696,20,20
131210SC14A,38,1.0000000000,2779605,2779605,11,11
131210SC14B,38,1.0000000000,11201535,11201535,65,65
131210SC16A,38,1.0000000000,9642274,9642274,51,51
131210SC16B,38,1.0000000000,4318998,4318998,36,36
131210SC17A,39,1.0000000000,183044,183044,2,2
131210SC17B,39,1.0000000000,317360,317360,9,9
131210SC17C,39,1.0000000000,3245951,3245951,22,22
131210SC18A,38,1.0000000000,2694212,2694212,12,12
131210SC18B,38,1.0000000000,2865949,2865949,9,9
131210SC18C,35,0.7201069402,4460966,6194866,12,20
131210SC18C,39,0.2798930598,1733900,6194866,8,20
131210SC19A,39,1.0000000000,740696,740696,14,14
131210SC19B,39,1.0000000000,2679644,2679644,34,34
131210SC211,35,1.0000000000,4472593,4472593,28,28
131210SC212,35,1.0000000000,6856968,6856968,97,97
131210SC21A,35,1.0000000000,33778,33778,2,2
131210SC23A,39,1.0000000000,3515831,3515831,31,31
131210SC23B,39,1.0000000000,1835760,1835760,11,11
131210SC23C,39,1.0000000000,4584554,4584554,30,30
131210SC29A,35,1.0000000000,3256556,3256556,30,30
131210SC29B,39,1.0000000000,39182,39182,4,4
131210SC30A,38,1.0000000000,651509,651509,4,4
131210SC30B,38,1.0000000000,2175879,2175879,20,20
131210SS02A,14,1.0000000000,1311860,1311860,15,15
131210SS02B,14,1.0000000000,669391,669391,3,3
131210SS07A,14,1.0000000000,1611625,1611625,11,11
131210SS07B,14,1.0000000000,756043,756043,11,11
131210SS07C,14,1.0000000000,858961,858961,13,13
131210SS08A,14,1.0000000000,1386052,1386052,24,24
131210SS08B,14,1.0000000000,642809,642809,8,8
131210SS08C,14,1.0000000000,485031,485031,3,3
131210SS08D,14,1.0000000000,1613789,1613789,18,18
131210SS09A,6,1.0000000000,10513351,10513351,40,40
131210SS09B,6,1.0000000000,7539085,7539085,39,39
131210SS11A,14,1.0000000000,2346985,2346985,14,14
131210SS11B,6,1.0000000000,1214568,1214568,7,7
131210SS11C,14,1.0000000000,233344,233344,4,4
131210SS11D,6,1.0000000000,322238,322238,4,4
131210SS13A,14,1.0000000000,1380349,1380349,17,17
131210SS13B,6,1.0000000000,993206,993206,13,13
131210SS15A,14,1.0000000000,1699094,1699094,22,22
131210SS15B,14,1.0000000000,1011266,1011266,17,17
131210SS18A,14,1.0000000000,1280064,1280064,7,7
131210SS18B,14,1.0000000000,573058,573058,2,2
131210SS19A,14,1.0000000000,2361767,2361767,13,13
131210SS19B,14,1.0000000000,2670591,2670591,20,20
131210SS29A,14,1.0000000000,2615909,2615909,35,35
131210SS29B,14,1.0000000000,3632,3632,1,1
131210UC01A,35,1.0000000000,6122406,6122406,36,36
131210UC01B,39,1.0000000000,1394795,1394795,2,2
131210UC01C,39,1.0000000000,788014,788014,8,8
131210UC01D,39,1.0000000000,2237264,2237264,26,26
131210UC01E,39,1.0000000000,1982387,1982387,12,12
131210UC02A,35,1.0000000000,26562430,26562430,157,157
131210UC02B,35,1.0000000000,2787298,2787298,6,6
131210UC031,35,1.0000000000,5973413,5973413,54,54
131210UC032,35,1.0000000000,1006649,1006649,13,13
131210UC033,39,1.0000000000,197531,197531,5,5
131210UC035,35,1.0000000000,629119,629119,7,7
13123000001,51,1.0000000000,39725702,39725702,185,185
13123000002,51,1.0000000000,102943520,102943520,69,69
13123000003,51,1.0000000000,112505939,112505939,97,97
13123000004,51,1.0000000000,41935059,41935059,80,80
13123000005,51,1.0000000000,93430253,93430253,122,122
13123000006,51,1.0000000000,82713265,82713265,101,101
13123000007,51,1.0000000000,87106451,87106451,79,79
13123000008,51,1.0000000000,142307980,142307980,64,64
13123000009,51,1.0000000000,31574809,31574809,102,102
13123000010,51,1.0000000000,25346290,25346290,76,76
13123000011,51,1.0000000000,61907734,61907734,55,55
13123000012,51,1.0000000000,199756794,199756794,120,120
13123000013,51,1.0000000000,82632835,82632835,92,92
1312500EDGH,23,1.0000000000,50070161,50070161,31,31
1312500GIBS,23,1.0000000000,78021973,78021973,85,85
1312500MILL,23,1.0000000000,147605183,147605183,132,132
1312500MITC,23,1.0000000000,96601928,96601928,75,75
13127001713,3,1.0000000000,417027990,417027990,344,344
13127001923,3,1.0000000000,134062146,134062146,137,137
13127001933,3,1.0000000000,105607898,105607898,140,140
13127001943,3,1.0000000000,20020611,20020611,120,120
13127002713,3,1.0000000000,52942107,52942107,111,111
13127002923,3,1.0000000000,85541682,85541682,104,104
13127002933,3,1.0000000000,11274076,11274076,80,80
13127002943,3,1.0000000000,15769030,15769030,175,175
13127002953,3,1.0000000000,47927507,47927507,92,92
13127003713,3,1.0000000000,22517587,22517587,75,75
13127003723,3,1.0000000000,5669983,5669983,57,57
13127003733,3,1.0000000000,42337905,42337905,94,94
13127003743,3,1.0000000000,38692032,38692032,72,72
13127004913,3,1.0000000000,10355294,10355294,110,110
13127004923,3,1.0000000000,7291213,7291213,64,64
13127004933,3,1.0000000000,17187909,17187909,89,89
13127005913,3,1.0000000000,7750623,7750623,93,93
13127005923,3,1.0000000000,30675836,30675836,323,323
13127005933,3,1.0000000000,5655558,5655558,275,275
13127005943,3,1.0000000000,8544244,8544244,126,126
13129000856,52,0.7615228713,43688344,57369707,34,93
13129000856,54,0.2384771287,13681363,57369707,59,93
13129000874,54,1.0000000000,147276050,147276050,167,167
13129000973,54,1.0000000000,65267363,65267363,58,58
13129000980,54,1.0000000000,59509381,59509381,104,104
13129001054,52,1.0000000000,68655957,68655957,59,59
13129001055,52,1.0000000000,58081412,58081412,87,87
13129001056,54,1.0000000000,109954462,109954462,107,107
13129001063,54,1.0000000000,63412081,63412081,49,49
13129001064,52,1.0000000000,67432993,67432993,30,30
13129001235,54,1.0000000000,101644449,101644449,73,73
131290849-A,54,1.0000000000,83150471,83150471,390,390
131290849-B,54,1.0000000000,41428275,41428275,392,392
1313100000B,11,1.0000000000,88063510,88063510,50,50
1313100000D,11,1.0000000000,188015669,188015669,65,65
1313100000H,11,1.0000000000,125493545,125493545,106,106
1313100000L,11,1.0000000000,111448648,111448648,43,43
1313100000M,11,1.0000000000,109383579,109383579,103,103
1313100000P,11,1.0000000000,37777652,37777652,40,40
1313100000R,11,1.0000000000,84342552,84342552,65,65
1313100000S,11,1.0000000000,87637307,87637307,86,86
1313100000W,11,1.0000000000,95198270,95198270,124,124
131310000SH,11,1.0000000000,115217836,115217836,77,77
131310000WL,11,1.0000000000,88831229,88831229,128,128
13131000C04,11,1.0000000000,32020128,32020128,195,195
13131000C05,11,1.0000000000,13621489,13621489,227,227
13133000001,24,1.0000000000,403131964,403131964,321,321
13133000004,24,1.0000000000,192143744,192143744,197,197
13133000005,24,1.0000000000,115189056,115189056,108,108
13133000006,24,1.0000000000,64677539,64677539,56,56
13133000008,24,1.0000000000,228522189,228522189,220,220
13135000001,46,1.0000000000,35393872,35393872,85,85
13135000002,55,1.0000000000,7285664,7285664,21,21
13135000003,45,0.2583565998,4214897,16314261,25,90
13135000003,46,0.7416434002,12099364,16314261,65,90
13135000004,45,1.0000000000,5719870,5719870,60,60
13135000005,9,1.0000000000,4168466,4168466,20,20
13135000006,7,1.0000000000,3823094,3823094,32,32
13135000007,7,1.0000000000,7636514,7636514,84,84
13135000008,45,1.0000000000,7804138,7804138,21,21
13135000009,45,1.0000000000,10988693,10988693,42,42
13135000010,55,1.0000000000,5622130,5622130,61,61
13135000011,9,1.0000000000,5246556,5246556,40,40
13135000012,9,1.0000000000,6838470,6838470,69,69
13135000013,45,1.0000000000,4042672,4042672,20,20
13135000014,9,1.0000000000,5904899,5904899,31,31
13135000015,9,1.0000000000,6983760,6983760,74,74
13135000016,9,1.0000000000,6631100,6631100,51,51
13135000017,5,1.0000000000,4393949,4393949,22,22
13135000018,5,1.0000000000,3809012,3809012,36,36
13135000019,9,1.0000000000,4797828,4797828,25,25
13135000020,5,1.0000000000,3685623,3685623,48,48
13135000021,5,1.0000000000,4079466,4079466,49,49
13135000022,40,1.0000000000,3703580,3703580,34,34
13135000023,5,1.0000000000,3724147,3724147,34,34
13135000024,45,1.0000000000,20086529,20086529,157,157
13135000025,48,1.0000000000,15118217,15118217,89,89
13135000026,7,1.0000000000,7111693,7111693,27,27
13135000027,45,1.0000000000,14379875,14379875,50,50
13135000028,45,1.0000000000,17977337,17977337,38,38
13135000029,9,1.0000000000,2625412,2625412,19,19
13135000030,55,1.0000000000,6104404,6104404,40,40
13135000031,45,1.0000000000,5540255,5540255,31,31
13135000032,9,1.0000000000,3393065,3393065,23,23
13135000033,9,1.0000000000,3413506,3413506,14,14
13135000034,9,1.0000000000,4014178,4014178,38,38
13135000035,55,1.0000000000,7055545,7055545,52,52
13135000036,55,1.0000000000,5270472,5270472,27,27
13135000037,40,1.0000000000,2902113,2902113,27,27
13135000038,5,1.0000000000,9808059,9808059,103,103
13135000039,45,1.0000000000,18093091,18093091,98,98
13135000040,7,1.0000000000,11988529,11988529,112,112
13135000041,55,1.0000000000,14872883,14872883,40,40
13135000042,45,1.0000000000,8145582,8145582,44,44
13135000043,5,1.0000000000,2886582,2886582,17,17
13135000044,55,1.0000000000,5211783,5211783,42,42
13135000045,55,1.0000000000,7534743,7534743,36,36
13135000046,55,1.0000000000,3147241,3147241,18,18
13135000047,9,1.0000000000,5313550,5313550,42,42
13135000048,7,1.0000000000,6322909,6322909,42,42
13135000049,55,1.0000000000,3384727,3384727,32,32
13135000050,5,1.0000000000,3817513,3817513,26,26
13135000051,5,1.0000000000,4272531,4272531,41,41
13135000052,41,1.0000000000,3677432,3677432,22,22
13135000053,55,1.0000000000,6197248,6197248,55,55
13135000054,48,1.0000000000,13935820,13935820,80,80
13135000055,45,1.0000000000,18488451,18488451,184,184
13135000056,7,1.0000000000,3773060,3773060,37,37
13135000057,7,1.0000000000,6881446,6881446,81,81
13135000058,5,1.0000000000,7406391,7406391,42,42
13135000059,40,1.0000000000,8131312,8131312,74,74
13135000060,5,1.0000000000,10412652,10412652,101,101
13135000061,5,0.6201278349,2918365,4706070,30,37
13135000061,9,0.3798721651,1787705,4706070,7,37
13135000062,7,1.0000000000,3267733,3267733,14,14
13135000063,7,1.0000000000,4094292,4094292,26,26
13135000064,55,1.0000000000,8889598,8889598,55,55
13135000065,9,1.0000000000,3401595,3401595,26,26
13135000066,5,1.0000000000,3327633,3327633,37,37
13135000067,45,1.0000000000,12520058,12520058,85,85
13135000068,9,1.0000000000,4293559,4293559,31,31
13135000069,9,1.0000000000,5539801,5539801,37,37
13135000070,7,1.0000000000,5369983,5369983,31,31
13135000071,5,1.0000000000,6237722,6237722,36,36
13135000072,5,1.0000000000,6082139,6082139,52,52
13135000073,40,1.0000000000,2030282,2030282,21,21
13135000074,5,1.0000000000,3684867,3684867,30,30
13135000075,55,1.0000000000,7880104,7880104,34,34
13135000076,55,1.0000000000,9938143,9938143,17,17
13135000077,7,1.0000000000,9516371,9516371,63,63
13135000078,9,1.0000000000,5890515,5890515,32,32
13135000079,9,1.0000000000,3445250,3445250,17,17
13135000080,9,1.0000000000,18903374,18903374,33,33
13135000081,55,1.0000000000,6768870,6768870,48,48
13135000082,7,1.0000000000,5027935,5027935,53,53
13135000083,7,1.0000000000,4965950,4965950,22,22
13135000084,9,1.0000000000,4023593,4023593,55,55
13135000085,7,1.0000000000,5990398,5990398,22,22
13135000086,5,1.0000000000,3929423,3929423,40,40
13135000087,5,1.0000000000,5052297,5052297,59,59
13135000088,55,1.0000000000,5201165,5201165,37,37
13135000089,45,1.0000000000,6905821,6905821,61,61
13135000090,7,1.0000000000,5797866,5797866,43,43
13135000091,9,1.0000000000,8786869,8786869,35,35
13135000092,9,1.0000000000,3816240,3816240,33,33
13135000093,9,1.0000000000,4284343,4284343,26,26
13135000094,9,1.0000000000,4494777,4494777,25,25
13135000095,7,1.0000000000,14325913,14325913,107,107
13135000096,7,1.0000000000,5596627,5596627,73,73
13135000097,7,1.0000000000,7215454,7215454,52,52
13135000098,7,1.0000000000,5520313,5520313,47,47
13135000099,7,1.0000000000,4827244,4827244,46,46
13135000100,45,1.0000000000,7273263,7273263,48,48
13135000101,40,1.0000000000,2162351,2162351,26,26
13135000102,45,1.0000000000,6280558,6280558,31,31
13135000103,9,1.0000000000,3915224,3915224,45,45
13135000104,55,1.0000000000,11343238,11343238,27,27
13135000105,48,1.0000000000,7074391,7074391,50,50
13135000106,7,1.0000000000,14690920,14690920,99,99
13135000107,9,1.0000000000,2217737,2217737,14,14
13135000108,55,1.0000000000,8644967,8644967,55,55
13135000109,9,1.0000000000,4509049,4509049,26,26
13135000110,5,1.0000000000,6101507,6101507,42,42
13135000111,7,1.0000000000,5793894,5793894,31,31
13135000112,41,1.0000000000,5460298,5460298,35,35
13135000113,5,1.0000000000,2290148,2290148,19,19
13135000114,5,0.5023697101,3698275,7361660,37,81
13135000114,7,0.4976302899,3663385,7361660,44,81
13135000115,5,1.0000000000,6539172,6539172,47,47
13135000116,5,1.0000000000,4486748,4486748,28,28
13135000117,5,1.0000000000,3566109,3566109,31,31
13135000118,55,1.0000000000,3005337,3005337,24,24
13135000119,9,1.0000000000,4605387,4605387,27,27
13135000120,9,1.0000000000,3816787,3816787,31,31
13135000121,7,1.0000000000,4610388,4610388,34,34
13135000122,55,1.0000000000,13051779,13051779,59,59
13135000123,5,1.0000000000,3050544,3050544,32,32
13135000124,7,1.0000000000,2178987,2178987,44,44
13135000125,7,1.0000000000,2184257,2184257,11,11
13135000126,40,1.0000000000,3955937,3955937,19,19
13135000127,9,1.0000000000,2296058,2296058,18,18
13135000128,7,1.0000000000,2910328,2910328,28,28
13135000129,45,1.0000000000,16259639,16259639,39,39
13135000130,48,1.0000000000,10104156,10104156,29,29
13135000131,48,1.0000000000,5776050,5776050,64,64
13135000132,7,1.0000000000,3571001,3571001,14,14
13135000133,46,1.0000000000,29093312,29093312,77,77
13135000134,9,1.0000000000,7372949,7372949,51,51
13135000135,45,1.0000000000,11329696,11329696,32,32
13135000136,45,1.0000000000,11370468,11370468,36,36
13135000137,45,1.0000000000,6157093,6157093,28,28
13135000138,7,1.0000000000,8952734,8952734,45,45
13135000139,9,1.0000000000,6088026,6088026,39,39
13135000140,48,1.0000000000,8243950,8243950,41,41
13135000141,48,1.0000000000,4327218,4327218,32,32
13135000142,45,1.0000000000,7080181,7080181,36,36
13135000143,9,1.0000000000,5169899,5169899,44,44
13135000144,5,1.0000000000,11510506,11510506,55,55
13135000145,55,1.0000000000,13032263,13032263,78,78
13135000146,9,1.0000000000,20377835,20377835,62,62
13135000147,9,1.0000000000,11721163,11721163,43,43
13135000148,9,1.0000000000,3164900,3164900,25,25
13135000149,7,1.0000000000,2093080,2093080,15,15
13135000150,7,1.0000000000,3436685,3436685,41,41
13135000151,46,1.0000000000,15320711,15320711,29,29
13135000152,45,1.0000000000,6285395,6285395,24,24
13135000153,9,1.0000000000,3074596,3074596,20,20
13135000154,45,1.0000000000,7691737,7691737,34,34
13135000155,7,1.0000000000,4796893,4796893,43,43
13135000156,55,1.0000000000,8030631,8030631,56,56
13137000001,50,1.0000000000,298744778,298744778,426,426
13137000002,50,1.0000000000,96479333,96479333,432,432
13137000003,50,1.0000000000,78034570,78034570,217,217
13137000004,50,1.0000000000,6289447,6289447,66,66
13137000005,50,1.0000000000,7595183,7595183,90,90
13137000006,50,1.0000000000,79431254,79431254,176,176
13137000007,50,1.0000000000,150509419,150509419,68,68
13139000001,49,1.0000000000,19542645,19542645,126,126
13139000002,49,1.0000000000,14480247,14480247,183,183
13139000003,49,1.0000000000,18601645,18601645,240,240
13139000004,49,1.0000000000,13864824,13864824,92,92
13139000005,49,1.0000000000,15490591,15490591,128,128
13139000006,49,1.0000000000,10621801,10621801,78,78
13139000007,49,1.0000000000,27385131,27385131,199,199
13139000008,49,1.0000000000,37568088,37568088,63,63
13139000009,49,1.0000000000,17402184,17402184,102,102
13139000010,49,1.0000000000,63417406,63417406,130,130
13139000011,49,0.2867765389,22943596,80005136,46,131
13139000011,50,0.7132234611,57061540,80005136,85,131
13139000012,49,0.5407542841,37797763,69898222,180,208
13139000012,50,0.4592457159,32100459,69898222,28,208
13139000013,49,1.0000000000,93770788,93770788,218,218
13139000014,49,1.0000000000,100219205,100219205,167,167
13139000015,49,1.0000000000,60858374,60858374,78,78
13139000016,49,1.0000000000,54750646,54750646,123,123
13139000017,49,1.0000000000,29609897,29609897,69,69
13139000018,49,1.0000000000,20012915,20012915,72,72
13139000019,49,1.0000000000,36303246,36303246,118,118
13139000020,49,1.0000000000,11312321,11312321,98,98
13139000021,49,1.0000000000,8851212,8851212,115,115
13139000022,49,1.0000000000,12717607,12717607,128,128
13139000023,49,1.0000000000,15378190,15378190,336,336
13139000024,49,1.0000000000,14445382,14445382,243,243
13139000025,49,1.0000000000,4824075,4824075,57,57
13139000026,50,1.0000000000,37787131,37787131,57,57
13139000027,49,1.0000000000,64534507,64534507,99,99
13139000028,49,1.0000000000,20706074,20706074,132,132
13139000029,49,1.0000000000,20153338,20153338,67,67
13139000030,49,1.0000000000,17806699,17806699,50,50
13139000031,49,1.0000000000,5514063,5514063,44,44
1314100001A,26,1.0000000000,157090464,157090464,126,126
1314100001B,26,1.0000000000,21370482,21370482,27,27
1314100002A,26,1.0000000000,80122858,80122858,55,55
1314100002B,26,1.0000000000,118497045,118497045,106,106
1314100003A,26,1.0000000000,169083607,169083607,54,54
1314100003B,26,1.0000000000,200893370,200893370,65,65
1314100003C,26,1.0000000000,94740668,94740668,28,28
1314100004A,26,1.0000000000,119435672,119435672,72,72
1314100004B,26,1.0000000000,172281119,172281119,67,67
1314100004C,26,1.0000000000,86542133,86542133,32,32
13143000002,30,1.0000000000,58752653,58752653,334,334
13143000003,30,1.0000000000,113371810,113371810,175,175
13143000004,30,1.0000000000,58271687,58271687,79,79
13143000005,30,1.0000000000,59771632,59771632,69,69
13143000006,30,1.0000000000,62430006,62430006,33,33
13143000007,30,1.0000000000,32953520,32953520,39,39
13143000008,30,1.0000000000,60920636,60920636,28,28
13143000009,30,1.0000000000,30370830,30370830,25,25
13143000010,30,1.0000000000,48765307,48765307,67,67
13143000011,30,1.0000000000,83857237,83857237,52,52
13143000012,30,1.0000000000,72453532,72453532,215,215
13143000013,30,1.0000000000,48885743,48885743,91,91
131450000CA,29,1.0000000000,70837708,70837708,45,45
131450000EL,29,1.0000000000,87941965,87941965,88,88
131450000GM,29,1.0000000000,100046035,100046035,152,152
131450000HA,29,1.0000000000,213557255,213557255,152,152
131450000L9,29,1.0000000000,67458156,67458156,47,47
131450000MG,29,1.0000000000,37203944,37203944,37,37
131450000PV,29,1.0000000000,61393921,61393921,56,56
131450000SK,29,1.0000000000,63620915,63620915,86,86
131450000U9,29,1.0000000000,100069883,100069883,76,76
131450000VP,29,1.0000000000,53341635,53341635,58,58
131450000WA,29,1.0000000000,174853665,174853665,127,127
131450000WH,29,1.0000000000,170915264,170915264,95,95
13147000002,24,1.0000000000,87778313,87778313,383,383
13147000003,24,1.0000000000,94241762,94241762,180,180
13147000004,24,1.0000000000,83955982,83955982,90,90
13147000005,24,1.0000000000,92970424,92970424,140,140
13147000006,24,1.0000000000,65270681,65270681,140,140
13147000007,24,1.0000000000,76070772,76070772,132,132
13147000008,24,1.0000000000,101682679,101682679,149,149
13149000CEN,28,1.0000000000,142103119,142103119,108,108
13149000COO,28,1.0000000000,91324373,91324373,66,66
13149000ENO,28,1.0000000000,81524664,81524664,66,66
13149000EPH,28,1.0000000000,142387688,142387688,97,97
13149000FRA,28,1.0000000000,182660362,182660362,157,157
13149000SOU,28,1.0000000000,126567151,126567151,49,49
13151000025,25,1.0000000000,46865223,46865223,145,145
13151000026,25,1.0000000000,34401012,34401012,56,56
13151000027,17,1.0000000000,46019461,46019461,53,53
13151000028,17,1.0000000000,10967179,10967179,126,126
13151000029,25,1.0000000000,50759479,50759479,159,159
13151000030,10,1.0000000000,55606120,55606120,196,196
13151000031,10,1.0000000000,39376150,39376150,112,112
13151000032,10,1.0000000000,20724879,20724879,63,63
13151000033,10,1.0000000000,10082677,10082677,109,109
13151000034,17,1.0000000000,11745317,11745317,110,110
13151000035,17,1.0000000000,11536408,11536408,92,92
13151000036,17,1.0000000000,32429101,32429101,33,33
13151000037,17,1.0000000000,26309434,26309434,54,54
13151000038,10,1.0000000000,15272028,15272028,111,111
13151000039,10,1.0000000000,15306465,15306465,160,160
13151000041,10,1.0000000000,12618768,12618768,111,111
13151000042,10,1.0000000000,20907374,20907374,85,85
13151000043,17,1.0000000000,23414772,23414772,48,48
13151000044,10,1.0000000000,17267831,17267831,56,56
13151000045,10,1.0000000000,13279456,13279456,80,80
13151000046,10,1.0000000000,12654040,12654040,51,51
13151000047,10,1.0000000000,16854625,16854625,48,48
13151000048,25,1.0000000000,40963120,40963120,81,81
13151000049,17,1.0000000000,16606060,16606060,80,80
13151000050,10,1.0000000000,20951513,20951513,80,80
13151000051,10,1.0000000000,25601646,25601646,92,92
13151000052,17,1.0000000000,16516045,16516045,64,64
13151000053,10,1.0000000000,10868551,10868551,86,86
13151000054,10,1.0000000000,8558089,8558089,89,89
13151000055,17,1.0000000000,14919302,14919302,37,37
13151000056,10,1.0000000000,12436997,12436997,50,50
13151000057,10,1.0000000000,10783680,10783680,48,48
13151000058,17,1.0000000000,39665442,39665442,50,50
13151000059,25,1.0000000000,21482944,21482944,99,99
13151000060,17,1.0000000000,13073887,13073887,99,99
13151000061,17,1.0000000000,7507324,7507324,108,108
13151000062,17,1.0000000000,21116619,21116619,27,27
13153000BMS,20,1.0000000000,52014432,52014432,229,229
13153000TMS,18,1.0000000000,12074784,12074784,152,152
13153000VHS,20,1.0000000000,157277358,157277358,191,191
1315300ANNX,18,1.0000000000,11502126,11502126,121,121
1315300CENT,18,1.0000000000,16153525,16153525,182,182
1315300CGTC,20,1.0000000000,22180981,22180981,117,117
1315300FMMS,18,0.5050477140,6987623,13835570,80,196
1315300FMMS,20,0.4949522860,6847947,13835570,116,196
1315300HAFS,20,1.0000000000,218709861,218709861,143,143
1315300HCTC,26,1.0000000000,8690685,8690685,119,119
1315300HEFS,20,1.0000000000,157483065,157483065,100,100
1315300HHPC,26,1.0000000000,15890062,15890062,275,275
1315300MCMS,18,0.1504528065,2632438,17496769,35,174
1315300MCMS,20,0.8495471935,14864331,17496769,139,174
1315300NSES,26,1.0000000000,24265155,24265155,87,87
1315300RECR,20,0.0012333554,83570,67758245,1,514
1315300RECR,26,0.9987666446,67674675,67758245,513,514
1315300ROZR,20,1.0000000000,170354929,170354929,559,559
1315300TWPK,18,1.0000000000,8266590,8266590,110,110
13155000901,13,1.0000000000,319369404,319369404,350,350
13155001529,13,1.0000000000,355578318,355578318,560,560
13155001753,13,1.0000000000,242847515,242847515,229,229
13157001000,47,0.9999750020,213611348,213616688,607,608
13157001000,50,0.0000249980,5340,213616688,1,608
13157002000,47,0.0001399053,44240,316213836,1,755
13157002000,50,0.9998600947,316169596,316213836,754,755
13157003000,47,1.0000000000,126974799,126974799,332,332
13157004000,47,1.0000000000,222905692,222905692,393,393
13159000289,25,1.0000000000,85752263,85752263,49,49
13159000290,25,1.0000000000,129454394,129454394,94,94
13159000293,25,1.0000000000,118504168,118504168,53,53
13159000295,25,1.0000000000,410105833,410105833,374,374
13159000296,25,1.0000000000,48075759,48075759,76,76
13159000297,25,1.0000000000,68966413,68966413,71,71
13159000363,25,1.0000000000,93308806,93308806,102,102
13161000100,19,1.0000000000,41172287,41172287,131,131
13161000201,19,1.0000000000,24076045,24076045,63,63
13161000202,19,1.0000000000,133238848,133238848,88,88
13161000301,19,1.0000000000,56990525,56990525,109,109
13161000302,19,1.0000000000,131819670,131819670,90,90
13161000401,19,1.0000000000,35634659,35634659,61,61
13161000402,19,1.0000000000,238826136,238826136,142,142
13161000501,19,1.0000000000,59824111,59824111,88,88
13161000502,19,1.0000000000,135493611,135493611,45,45
13163000076,23,1.0000000000,116712573,116712573,47,47
13163000077,23,1.0000000000,127862931,127862931,77,77
13163000081,23,1.0000000000,176434257,176434257,306,306
13163000082,23,1.0000000000,537420695,537420695,397,397
13163000083,23,1.0000000000,144551293,144551293,243,243
13163000085,23,1.0000000000,126538766,126538766,112,112
13163001460,23,1.0000000000,76614040,76614040,148,148
13163001593,23,1.0000000000,57636802,57636802,55,55
13165000001,23,1.0000000000,12819405,12819405,74,74
13165000002,23,1.0000000000,2955725,2955725,77,77
13165000003,23,1.0000000000,330231395,330231395,169,169
13165000004,23,1.0000000000,223408861,223408861,130,130
13165000005,23,1.0000000000,330153726,330153726,161,161
13167000055,26,1.0000000000,212620175,212620175,135,135
13167001201,26,1.0000000000,115193396,115193396,174,174
13167001266,26,1.0000000000,74558356,74558356,41,41
13167001301,26,1.0000000000,152216671,152216671,60,60
13167001405,26,1.0000000000,58536362,58536362,37,37
13167001746,26,1.0000000000,27423193,27423193,44,44
13167001820,26,1.0000000000,144267077,144267077,72,72
13169000001,25,1.0000000000,47212397,47212397,71,71
13169000002,25,1.0000000000,58062533,58062533,67,67
13169000003,25,1.0000000000,37630875,37630875,66,66
13169000004,25,1.0000000000,126252696,126252696,70,70
13169000005,25,1.0000000000,219388771,219388771,78,78
13169000006,25,1.0000000000,297363500,297363500,84,84
13169000008,25,1.0000000000,54089110,54089110,27,27
13169000009,25,1.0000000000,111665725,111665725,55,55
13169000010,25,1.0000000000,59527962,59527962,89,89
13169000011,25,1.0000000000,9110583,9110583,85,85
13171001711,16,1.0000000000,14318301,14318301,125,125
13171001713,16,1.0000000000,97613580,97613580,159,159
13171001714,16,1.0000000000,149916828,149916828,231,231
1317101712A,16,1.0000000000,65197274,65197274,68,68
1317101712B,16,1.0000000000,65620893,65620893,58,58
1317101712C,16,1.0000000000,82597528,82597528,36,36
13173000001,8,1.0000000000,509030778,509030778,569,569
13175000003,20,1.0000000000,12159200,12159200,146,146
13175000004,20,1.0000000000,20866923,20866923,392,392
13175000005,20,1.0000000000,90593074,90593074,291,291
13175000007,20,1.0000000000,142390156,142390156,68,68
13175000008,20,1.0000000000,198805325,198805325,106,106
13175000010,20,1.0000000000,121394466,121394466,107,107
13175000011,20,1.0000000000,169864170,169864170,106,106
13175000012,20,1.0000000000,97018038,97018038,129,129
13175000013,20,1.0000000000,164385452,164385452,153,153
13175000014,20,1.0000000000,82614642,82614642,71,71
13175000015,20,1.0000000000,185818747,185818747,122,122
13175000016,20,1.0000000000,336179858,336179858,184,184
13175000018,20,1.0000000000,201182123,201182123,109,109
13175000019,20,1.0000000000,79043605,79043605,86,86
13175000021,20,1.0000000000,98554907,98554907,252,252
13175000022,20,1.0000000000,90119356,90119356,178,178
13177000001,13,1.0000000000,255632230,255632230,52,52
13177000002,13,1.0000000000,213916080,213916080,110,110
13177000003,13,1.0000000000,107466801,107466801,43,43
13177000004,13,1.0000000000,60749344,60749344,114,114
13177000005,13,1.0000000000,106868654,106868654,39,39
13177000006,13,1.0000000000,19674386,19674386,72,72
13177000007,13,1.0000000000,18347891,18347891,30,30
13177000008,13,1.0000000000,10435455,10435455,35,35
13177000009,13,1.0000000000,31391453,31391453,39,39
13177000010,13,1.0000000000,97248802,97248802,67,67
13179000001,1,1.0000000000,233881178,233881178,134,134
13179000002,1,1.0000000000,4236937,4236937,49,49
13179000003,1,1.0000000000,295916475,295916475,230,230
13179000004,1,1.0000000000,12699119,12699119,93,93
13179000005,1,1.0000000000,56717414,56717414,29,29
13179000006,1,1.0000000000,124928653,124928653,158,158
13179000007,1,1.0000000000,55650870,55650870,146,146
13179000009,1,1.0000000000,3982714,3982714,51,51
13179000010,1,1.0000000000,6945740,6945740,45,45
13179000011,1,1.0000000000,25216843,25216843,109,109
13179000012,1,1.0000000000,4889799,4889799,59,59
13179000013,1,1.0000000000,478174782,478174782,385,385
13179000014,1,1.0000000000,34413578,34413578,101,101
13181000002,24,1.0000000000,90526879,90526879,99,99
131810001-A,24,1.0000000000,148006605,148006605,102,102
131810001-B,24,1.0000000000,42815146,42815146,54,54
131810003-A,24,1.0000000000,49806770,49806770,23,23
131810003-B,24,1.0000000000,64584715,64584715,31,31
131810004-A,24,1.0000000000,50045843,50045843,55,55
131810004-B,24,1.0000000000,99098817,99098817,68,68
13183000001,19,1.0000000000,233198065,233198065,124,124
13183000002,19,1.0000000000,144239022,144239022,122,122
13183000003,19,1.0000000000,32228905,32228905,63,63
13183000004,19,1.0000000000,34181188,34181188,50,50
13183000005,19,1.0000000000,306380124,306380124,109,109
13183000006,19,1.0000000000,160904225,160904225,67,67
13183000007,19,1.0000000000,125875038,125875038,102,102
13185000001,8,1.0000000000,151683909,151683909,313,313
13185000002,8,1.0000000000,162561870,162561870,421,421
13185000003,8,1.0000000000,78942562,78942562,773,773
13185000004,8,1.0000000000,197327019,197327019,130,130
13185000005,8,1.0000000000,129540603,129540603,351,351
13185000006,8,1.0000000000,29472441,29472441,313,313
13185000007,8,1.0000000000,295267033,295267033,182,182
13185000008,8,1.0000000000,148360201,148360201,204,204
13185000009,8,1.0000000000,94686400,94686400,225,225
131870000DA,51,1.0000000000,732820607,732820607,891,891
13189000131,23,1.0000000000,8358668,8358668,55,55
13189000132,23,1.0000000000,253865011,253865011,110,110
13189000134,23,1.0000000000,66279252,66279252,118,118
13189000135,23,1.0000000000,93036467,93036467,192,192
13189000136,23,1.0000000000,7093500,7093500,117,117
13189000137,23,1.0000000000,40627431,40627431,49,49
13189000139,23,1.0000000000,19846300,19846300,47,47
1318900133A,23,1.0000000000,99134155,99134155,90,90
1318900133B,23,1.0000000000,78349230,78349230,123,123
13191000022,3,1.0000000000,208114586,208114586,178,178
13191000271,3,1.0000000000,129714618,129714618,131,131
13191001312,3,1.0000000000,140871209,140871209,132,132
13191001480,3,1.0000000000,181748087,181748087,92,92
13191001515,3,1.0000000000,111317890,111317890,111,111
13191001771,3,1.0000000000,345435596,345435596,325,325
13193000001,15,1.0000000000,417230547,417230547,312,312
13193000002,15,1.0000000000,177463904,177463904,205,205
13193000003,15,1.0000000000,298449970,298449970,182,182
13193000004,15,1.0000000000,7942903,7942903,136,136
13193000005,15,1.0000000000,136622621,136622621,112,112
13195000COB,47,1.0000000000,71565928,71565928,156,156
13195000COL,47,1.0000000000,55295848,55295848,50,50
13195000COM,47,1.0000000000,42130331,42130331,125,125
13195000DAN,47,1.0000000000,108897044,108897044,178,178
13195000FOR,47,1.0000000000,44834594,44834594,78,78
13195000HAR,47,1.0000000000,54859328,54859328,66,66
13195000HUL,47,1.0000000000,55981132,55981132,131,131
13195000ILA,47,1.0000000000,61676328,61676328,88,88
13195000MIL,47,1.0000000000,90810007,90810007,88,88
13195000PAO,47,1.0000000000,26834360,26834360,28,28
13195000PIT,47,1.0000000000,62990064,62990064,108,108
13195000POC,47,1.0000000000,55339588,55339588,45,45
13197000034,15,1.0000000000,132931343,132931343,37,37
13197000339,15,1.0000000000,99024046,99024046,54,54
13197000539,15,1.0000000000,83248100,83248100,40,40
13197000807,15,1.0000000000,277987390,277987390,148,148
13197000808,15,1.0000000000,83361471,83361471,50,50
13197000948,15,1.0000000000,134885155,134885155,46,46
13197000955,15,1.0000000000,135772153,135772153,72,72
13199000001,29,1.0000000000,37449244,37449244,37,37
13199000002,29,1.0000000000,14004330,14004330,123,123
13199000003,29,1.0000000000,15281729,15281729,68,68
13199000004,29,1.0000000000,99041138,99041138,41,41
13199000005,29,1.0000000000,224568511,224568511,162,162
13199000006,29,1.0000000000,114851109,114851109,67,67
13199000007,29,1.0000000000,186005428,186005428,112,112
13199000008,29,1.0000000000,138184179,138184179,99,99
13199000009,29,1.0000000000,84382215,84382215,89,89
13199000010,29,1.0000000000,79533942,79533942,124,124
13199000011,29,1.0000000000,84793790,84793790,99,99
13199000012,29,1.0000000000,115450451,115450451,98,98
13199000013,29,1.0000000000,58534001,58534001,47,47
13199000014,29,1.0000000000,45262039,45262039,29,29
13201000001,12,1.0000000000,731471756,731471756,456,456
132050000BA,12,1.0000000000,107946176,107946176,90,90
132050000BV,12,1.0000000000,185868625,185868625,63,63
132050000CN,12,1.0000000000,193353563,193353563,130,130
132050000CS,12,1.0000000000,164251671,164251671,226,226
132050000CT,12,1.0000000000,90307570,90307570,59,59
132050000HF,12,1.0000000000,153687081,153687081,50,50
132050000HI,12,1.0000000000,53387539,53387539,23,23
132050000LS,12,1.0000000000,153755424,153755424,74,74
132050000PC,12,1.0000000000,53083527,53083527,17,17
132050000PE,12,1.0000000000,131912082,131912082,271,271
132050000SC,12,1.0000000000,38929827,38929827,47,47
13207000001,18,1.0000000000,62670076,62670076,41,41
13207000002,18,1.0000000000,52190725,52190725,45,45
13207000003,18,1.0000000000,68439992,68439992,95,95
13207000004,18,1.0000000000,84581149,84581149,58,58
13207000005,18,1.0000000000,95256767,95256767,38,38
13207000006,18,1.0000000000,87076593,87076593,52,52
13207000007,18,1.0000000000,75921989,75921989,65,65
13207000008,18,1.0000000000,92946127,92946127,76,76
13207000009,18,1.0000000000,67010281,67010281,317,317
13207000010,18,1.0000000000,37940879,37940879,52,52
13207000011,18,1.0000000000,78790022,78790022,30,30
13207000012,18,1.0000000000,111062301,111062301,64,64
13207000013,18,1.0000000000,48483910,48483910,30,30
13207000014,18,1.0000000000,63501637,63501637,28,28
13209000001,19,1.0000000000,79528116,79528116,97,97
13209000002,19,1.0000000000,65187630,65187630,66,66
13209000003,19,1.0000000000,80817316,80817316,122,122
13209000004,19,1.0000000000,66659411,66659411,65,65
13209000005,19,1.0000000000,110412441,110412441,168,168
13209000006,19,1.0000000000,76975945,76975945,75,75
13209000007,19,1.0000000000,144982199,144982199,147,147
13211000001,17,1.0000000000,83205452,83205452,153,153
13211000002,17,1.0000000000,98414702,98414702,111,111
13211000003,17,1.0000000000,92441381,92441381,52,52
13211000004,17,1.0000000000,144561645,144561645,215,215
13211000005,17,1.0000000000,131129499,131129499,104,104
13211000006,17,1.0000000000,120869162,120869162,162,162
13211000007,17,1.0000000000,229169255,229169255,173,173
13213000824,54,1.0000000000,116647798,116647798,248,248
13213000872,54,1.0000000000,189518550,189518550,130,130
13213000874,54,1.0000000000,197133023,197133023,94,94
13213001013,54,1.0000000000,138281365,138281365,99,99
13213001039,54,1.0000000000,52622794,52622794,39,39
13213001291,54,1.0000000000,156570854,156570854,87,87
13213001895,54,1.0000000000,41460761,41460761,90,90
13215000101,15,1.0000000000,4741537,4741537,157,157
13215000102,15,1.0000000000,4725211,4725211,98,98
13215000103,15,1.0000000000,6316055,6316055,99,99
13215000104,29,1.0000000000,6590984,6590984,74,74
13215000105,29,1.0000000000,6336335,6336335,49,49
13215000106,29,1.0000000000,34191031,34191031,116,116
13215000107,15,0.6646773584,5419728,8153923,172,219
13215000107,29,0.3353226416,2734195,8153923,47,219
13215000108,29,1.0000000000,30260863,30260863,65,65
13215000109,29,1.0000000000,30957439,30957439,48,48
13215000110,15,1.0000000000,10939786,10939786,181,181
13215000112,15,1.0000000000,20837072,20837072,252,252
13215000113,15,1.0000000000,7023266,7023266,65,65
13215000114,15,1.0000000000,4569713,4569713,57,57
13215000115,15,1.0000000000,13558442,13558442,79,79
13215000116,15,1.0000000000,9719373,9719373,102,102
13215000117,15,1.0000000000,12185139,12185139,121,121
13215000118,15,1.0000000000,7178779,7178779,161,161
13215000119,29,1.0000000000,7255653,7255653,83,83
13215000120,29,1.0000000000,22014457,22014457,94,94
13215000121,15,1.0000000000,7565629,7565629,51,51
13215000122,15,1.0000000000,5121714,5121714,158,158
13215000124,15,1.0000000000,6169873,6169873,220,220
13215000125,15,1.0000000000,4672332,4672332,220,220
13215000126,15,1.0000000000,5919502,5919502,76,76
13215000127,29,1.0000000000,81301649,81301649,133,133
13215FTBEN1,15,1.0000000000,16185568,16185568,41,41
13215FTBEN2,15,1.0000000000,4873571,4873571,33,33
13215FTBEN3,15,1.0000000000,6256778,6256778,33,33
13215FTBEN4,15,1.0000000000,2916766,2916766,34,34
13215FTBEN5,15,1.0000000000,172180321,172180321,90,90
13217000001,17,1.0000000000,18780120,18780120,111,111
13217000002,43,1.0000000000,18286871,18286871,191,191
13217000003,43,1.0000000000,14714980,14714980,58,58
13217000004,17,1.0000000000,30096252,30096252,188,188
13217000005,43,1.0000000000,14425518,14425518,119,119
13217000006,17,1.0000000000,69242473,69242473,108,108
13217000007,17,1.0000000000,38679420,38679420,34,34
13217000008,43,1.0000000000,9712446,9712446,104,104
13217000009,43,1.0000000000,33678181,33678181,87,87
13217000010,17,1.0000000000,52916086,52916086,91,91
13217000012,43,1.0000000000,50204158,50204158,73,73
13217000013,43,1.0000000000,10823644,10823644,53,53
13217000014,17,1.0000000000,49814114,49814114,57,57
13217000015,17,1.0000000000,77570208,77570208,106,106
13217000016,17,1.0000000000,31852522,31852522,59,59
13217000017,17,1.0000000000,37575442,37575442,114,114
13217000018,17,1.0000000000,49899260,49899260,58,58
13217000019,43,1.0000000000,18535645,18535645,44,44
13217000020,43,1.0000000000,12095276,12095276,73,73
13217000023,43,1.0000000000,3741263,3741263,43,43
13217000024,43,1.0000000000,13155306,13155306,90,90
13217000025,17,1.0000000000,53349237,53349237,75,75
13219000001,46,1.0000000000,11195223,11195223,54,54
13219000002,46,1.0000000000,54756449,54756449,47,47
13219000003,46,1.0000000000,105431822,105431822,55,55
13219000004,46,1.0000000000,58931330,58931330,42,42
13219000005,46,1.0000000000,34702159,34702159,65,65
13219000006,46,1.0000000000,30970382,30970382,62,62
13219000007,46,1.0000000000,19684367,19684367,29,29
13219000008,46,1.0000000000,63367646,63367646,90,90
13219000009,46,1.0000000000,19249057,19249057,100,100
13219000010,46,1.0000000000,22520780,22520780,113,113
13219000011,46,1.0000000000,20319853,20319853,72,72
13219000012,46,1.0000000000,30130932,30130932,103,103
13219000013,46,1.0000000000,6183088,6183088,75,75
132210000BV,24,1.0000000000,132495228,132495228,108,108
132210000CR,24,1.0000000000,141812775,141812775,153,153
132210000LX,24,1.0000000000,862857332,862857332,411,411
1322300001C,31,1.0000000000,57578973,57578973,130,130
1322300002B,31,1.0000000000,157143690,157143690,103,103
1322300003C,31,1.0000000000,35641630,35641630,54,54
1322300004B,31,1.0000000000,51368580,51368580,180,180
1322300005B,31,1.0000000000,117703002,117703002,308,308
1322300006C,31,1.0000000000,90932747,90932747,70,70
1322300007B,31,1.0000000000,30778337,30778337,60,60
1322300008B,31,1.0000000000,46640880,46640880,282,282
1322300009C,30,0.0766717413,2894476,37751536,1,64
1322300009C,31,0.9233282587,34857060,37751536,63,64
1322300010C,30,1.0000000000,28972922,28972922,40,40
1322300011B,31,1.0000000000,41031608,41031608,101,101
1322300012C,30,0.8263711574,93743516,113439966,93,117
1322300012C,31,0.1736288426,19696450,113439966,24,117
132250000B1,18,1.0000000000,40080655,40080655,81,81
132250000B2,18,1.0000000000,40996942,40996942,173,173
132250000C1,18,1.0000000000,56259825,56259825,112,112
132250000F1,18,1.0000000000,55126257,55126257,147,147
132250000F2,18,1.0000000000,90421191,90421191,152,152
132250000F3,18,1.0000000000,55498213,55498213,131,131
132250000P1,18,1.0000000000,50851682,50851682,53,53
13227000001,51,1.0000000000,81615151,81615151,117,117
13227000002,51,1.0000000000,46994913,46994913,31,31
13227000003,51,1.0000000000,24450439,24450439,25,25
13227000004,51,1.0000000000,53740021,53740021,43,43
13227000005,51,1.0000000000,44620073,44620073,22,22
13227000006,51,1.0000000000,15566685,15566685,72,72
13227000007,51,1.0000000000,87749314,87749314,132,132
13227000008,51,1.0000000000,8195574,8195574,100,100
13227000009,51,1.0000000000,72197705,72197705,112,112
13227000010,51,1.0000000000,74956777,74956777,77,77
13227000011,51,1.0000000000,38374049,38374049,115,115
13227000012,51,1.0000000000,52570340,52570340,136,136
13229000001,8,1.0000000000,128040694,128040694,182,182
13229000002,8,1.0000000000,58511207,58511207,189,189
1322900003A,8,1.0000000000,55711385,55711385,96,96
1322900003B,8,1.0000000000,193539654,193539654,174,174
1322900004A,8,1.0000000000,194607562,194607562,238,238
1322900004B,8,1.0000000000,121363816,121363816,93,93
1322900004C,8,1.0000000000,78035297,78035297,104,104
1322900004D,8,1.0000000000,51967618,51967618,40,40
13231000001,16,1.0000000000,64490288,64490288,76,76
13231000002,16,1.0000000000,89697647,89697647,59,59
13231000003,16,1.0000000000,54633971,54633971,51,51
13231000004,16,1.0000000000,108299896,108299896,119,119
13231000005,16,1.0000000000,62678693,62678693,98,98
13231000006,16,1.0000000000,48241828,48241828,43,43
13231000007,16,1.0000000000,46268787,46268787,58,58
13231000008,16,1.0000000000,85349390,85349390,130,130
13233000001,31,1.0000000000,123215745,123215745,233,233
13233000002,31,1.0000000000,148480828,148480828,106,106
13233000003,31,1.0000000000,44883513,44883513,422,422
13233000004,31,1.0000000000,68021960,68021960,97,97
13233000005,31,1.0000000000,160457959,160457959,145,145
13233000006,31,1.0000000000,141165046,141165046,384,384
13233000007,31,1.0000000000,117542043,117542043,137,137
132350ANNEX,20,1.0000000000,645583957,645583957,548,548
13237000101,25,1.0000000000,419201137,419201137,255,255
13237000104,25,1.0000000000,178906930,178906930,150,150
13237000105,25,1.0000000000,78833647,78833647,83,83
13237000106,25,1.0000000000,64380268,64380268,34,34
13237000107,25,1.0000000000,151399749,151399749,147,147
1323900000G,12,1.0000000000,278619119,278619119,140,140
1323900000M,12,1.0000000000,113083957,113083957,43,43
132410RABUN,50,1.0000000000,958643875,958643875,983,983
13243000131,12,1.0000000000,146944648,146944648,50,50
13243000334,12,1.0000000000,75054532,75054532,83,83
13243000566,12,1.0000000000,255601971,255601971,83,83
13243000934,12,1.0000000000,160758458,160758458,80,80
13243000947,12,1.0000000000,84779312,84779312,37,37
13243000954,12,1.0000000000,234597212,234597212,67,67
13243000998,12,1.0000000000,69615375,69615375,32,32
1324300718A,12,1.0000000000,80813050,80813050,232,232
1324300718B,12,1.0000000000,961669,961669,32,32
13245000101,22,1.0000000000,842755,842755,35,35
13245000102,22,1.0000000000,3576608,3576608,177,177
13245000103,22,1.0000000000,2870989,2870989,125,125
13245000104,22,1.0000000000,63407711,63407711,170,170
13245000105,22,1.0000000000,1097861,1097861,49,49
13245000106,22,1.0000000000,1893922,1893922,72,72
13245000107,22,1.0000000000,3433354,3433354,67,67
13245000108,22,1.0000000000,411600,411600,14,14
13245000109,22,1.0000000000,1616870,1616870,69,69
13245000111,22,1.0000000000,2069126,2069126,50,50
13245000112,22,1.0000000000,2332975,2332975,137,137
13245000114,22,1.0000000000,4166226,4166226,23,23
13245000115,22,1.0000000000,8334493,8334493,12,12
13245000201,22,1.0000000000,1804594,1804594,29,29
13245000202,22,1.0000000000,6117073,6117073,126,126
13245000203,22,1.0000000000,2068360,2068360,107,107
13245000204,22,1.0000000000,2369661,2369661,62,62
13245000207,22,1.0000000000,7106659,7106659,148,148
13245000208,22,1.0000000000,4620736,4620736,81,81
13245000210,22,1.0000000000,3335626,3335626,38,38
13245000301,22,1.0000000000,3006361,3006361,51,51
13245000302,22,1.0000000000,1876566,1876566,11,11
13245000303,22,1.0000000000,1710277,1710277,36,36
13245000304,22,1.0000000000,329435,329435,25,25
13245000305,22,1.0000000000,802056,802056,3,3
13245000306,22,1.0000000000,6817395,6817395,82,82
13245000307,22,1.0000000000,2038706,2038706,55,55
13245000308,22,1.0000000000,1631888,1631888,26,26
13245000309,22,1.0000000000,7546335,7546335,38,38
13245000310,22,1.0000000000,18350561,18350561,108,108
13245000401,22,1.0000000000,5214490,5214490,18,18
13245000402,22,1.0000000000,24334238,24334238,120,120
13245000404,22,1.0000000000,2991313,2991313,15,15
13245000405,22,1.0000000000,7874886,7874886,41,41
13245000406,22,1.0000000000,5903996,5903996,26,26
13245000501,22,1.0000000000,6487098,6487098,45,45
13245000502,22,1.0000000000,9055397,9055397,87,87
13245000503,22,1.0000000000,7421038,7421038,97,97
13245000504,22,1.0000000000,5459264,5459264,82,82
13245000506,22,1.0000000000,384540,384540,4,4
13245000507,22,1.0000000000,1337710,1337710,14,14
13245000509,22,1.0000000000,5075989,5075989,26,26
13245000601,22,1.0000000000,11970307,11970307,79,79
13245000603,22,1.0000000000,6480285,6480285,71,71
13245000604,22,1.0000000000,13650242,13650242,37,37
13245000605,22,1.0000000000,7771542,7771542,99,99
13245000607,22,1.0000000000,1840994,1840994,28,28
13245000608,23,1.0000000000,23549009,23549009,20,20
13245000701,22,1.0000000000,3212853,3212853,49,49
13245000702,22,1.0000000000,5347206,5347206,63,63
13245000703,22,1.0000000000,6618972,6618972,81,81
13245000705,22,1.0000000000,3327702,3327702,23,23
13245000706,22,1.0000000000,4063669,4063669,54,54
13245000707,22,1.0000000000,3227602,3227602,41,41
13245000708,22,1.0000000000,945453,945453,5,5
13245000709,22,1.0000000000,4180023,4180023,34,34
13245000801,23,1.0000000000,31628859,31628859,19,19
13245000802,23,1.0000000000,137895448,137895448,89,89
13245000803,22,1.0000000000,162466363,162466363,161,161
13245000804,22,1.0000000000,38558887,38558887,49,49
13245000805,22,1.0000000000,6131478,6131478,17,17
13245000806,23,1.0000000000,18022814,18022814,30,30
13245000807,22,1.0000000000,8893194,8893194,32,32
13245000808,23,1.0000000000,8208006,8208006,27,27
13245000809,22,1.0000000000,1325993,1325993,5,5
13245000810,23,1.0000000000,24463593,24463593,17,17
1324500801B,23,1.0000000000,6659080,6659080,22,22
1324500804H,22,1.0000000000,50470301,50470301,88,88
132470000BA,43,1.0000000000,19490393,19490393,58,58
132470000BT,43,1.0000000000,64972077,64972077,90,90
132470000CO,43,1.0000000000,5939099,5939099,116,116
132470000FI,43,1.0000000000,10933076,10933076,79,79
132470000FS,43,1.0000000000,7784231,7784231,48,48
132470000HC,43,1.0000000000,6634627,6634627,20,20
132470000HI,43,1.0000000000,28403490,28403490,57,57
132470000LA,43,1.0000000000,17834785,17834785,108,108
132470000LO,43,1.0000000000,58828459,58828459,76,76
132470000MA,43,1.0000000000,8221503,8221503,43,43
132470000MI,43,1.0000000000,23343116,23343116,130,130
132470000OT,43,1.0000000000,24800046,24800046,205,205
132470000RO,43,1.0000000000,15431666,15431666,69,69
132470000SM,43,1.0000000000,18869342,18869342,43,43
132470000SP,43,1.0000000000,9177034,9177034,54,54
132470000ST,43,1.0000000000,15563976,15563976,38,38
13249000001,15,1.0000000000,432291202,432291202,313,313
13251000001,23,1.0000000000,15816783,15816783,116,116
13251000002,23,1.0000000000,157793269,157793269,75,75
13251000003,23,1.0000000000,154488683,154488683,125,125
13251000004,23,1.0000000000,155792227,155792227,96,96
13251000005,23,1.0000000000,130539157,130539157,55,55
13251000006,23,1.0000000000,209041472,209041472,87,87
13251000007,23,1.0000000000,514558323,514558323,223,223
13251000008,23,1.0000000000,26143199,26143199,29,29
13251000009,23,1.0000000000,84811892,84811892,27,27
13251000010,23,1.0000000000,50337216,50337216,82,82
13251000011,23,1.0000000000,112064274,112064274,44,44
13251000012,23,1.0000000000,61170098,61170098,27,27
13253000001,11,1.0000000000,201301644,201301644,117,117
13253000002,11,1.0000000000,90943555,90943555,146,146
13253000003,11,1.0000000000,5467240,5467240,79,79
13253000004,11,1.0000000000,243994818,243994818,157,157
13253000005,11,1.0000000000,73526273,73526273,111,111
13255000001,16,1.0000000000,3781511,3781511,118,118
13255000002,16,1.0000000000,3499414,3499414,100,100
13255000004,16,1.0000000000,7052534,7052534,116,116
13255000005,16,1.0000000000,9185541,9185541,106,106
13255000006,16,1.0000000000,7789897,7789897,138,138
13255000007,16,1.0000000000,4886396,4886396,30,30
13255000008,16,1.0000000000,9437492,9437492,51,51
13255000009,16,1.0000000000,50545620,50545620,76,76
13255000010,16,1.0000000000,27811184,27811184,55,55
13255000011,16,1.0000000000,33408286,33408286,91,91
13255000012,16,1.0000000000,88972305,88972305,84,84
13255000013,16,1.0000000000,42857302,42857302,71,71
13255000014,16,1.0000000000,31591855,31591855,70,70
13255000016,16,1.0000000000,23430903,23430903,121,121
13255000017,16,1.0000000000,24153483,24153483,95,95
13255000019,16,1.0000000000,55093420,55093420,82,82
13255000020,16,1.0000000000,40335492,40335492,51,51
13255000021,16,1.0000000000,43728563,43728563,56,56
13257000001,50,1.0000000000,64283121,64283121,313,313
13257000002,50,1.0000000000,7928351,7928351,137,137
13257000003,50,1.0000000000,102706356,102706356,249,249
13257000004,50,1.0000000000,38728590,38728590,68,68
13257000005,50,1.0000000000,60652167,60652167,48,48
13257000006,50,1.0000000000,42436787,42436787,148,148
13257000007,50,1.0000000000,60809243,60809243,143,143
13257000008,50,1.0000000000,85709794,85709794,180,180
13259000002,12,1.0000000000,336670017,336670017,214,214
13259000005,12,1.0000000000,851483037,851483037,410,410
13261000015,12,1.0000000000,302858630,302858630,196,196
13261000017,12,1.0000000000,198190076,198190076,98,98
13261000028,12,1.0000000000,186836164,186836164,67,67
13261000029,12,1.0000000000,132831025,132831025,86,86
1326100E-27,12,1.0000000000,46297499,46297499,118,118
1326100N-26,12,1.0000000000,101402591,101402591,40,40
1326100O-26,12,1.0000000000,140482974,140482974,98,98
1326100W-27,12,1.0000000000,112507243,112507243,144,144
132610C1-27,12,1.0000000000,9775395,9775395,152,152
132610C2-27,12,1.0000000000,11891214,11891214,152,152
132610C3-27,12,1.0000000000,7573475,7573475,193,193
13263000001,15,1.0000000000,143546501,143546501,44,44
13263000002,15,1.0000000000,226283121,226283121,130,130
13263000003,15,1.0000000000,292487750,292487750,143,143
13263000004,15,1.0000000000,70501872,70501872,60,60
13263000005,15,1.0000000000,133192585,133192585,111,111
13263000006,15,1.0000000000,55295685,55295685,59,59
13263000008,15,1.0000000000,92355264,92355264,86,86
13265000172,23,1.0000000000,129255390,129255390,74,74
13265000601,23,1.0000000000,374773753,374773753,260,260
13267000001,19,1.0000000000,102365090,102365090,162,162
13267000003,19,1.0000000000,174803609,174803609,259,259
13267000004,19,1.0000000000,37757945,37757945,67,67
13267000005,19,1.0000000000,147298727,147298727,236,236
13267000007,19,1.0000000000,131254868,131254868,281,281
13267000008,19,1.0000000000,208530793,208530793,280,280
13267000009,19,1.0000000000,315680294,315680294,170,170
13267000010,19,1.0000000000,127678186,127678186,145,145
13269000001,15,1.0000000000,45310103,45310103,82,82
13269000005,15,1.0000000000,627749919,627749919,426,426
13269000006,15,1.0000000000,302553068,302553068,279,279
132710000HE,19,1.0000000000,69958118,69958118,187,187
132710000JA,19,1.0000000000,327485312,327485312,92,92
132710000LU,19,1.0000000000,210838351,210838351,163,163
132710000MC,19,1.0000000000,149942944,149942944,343,343
132710000MI,19,1.0000000000,307524931,307524931,126,126
132710000SC,19,1.0000000000,66871437,66871437,48,48
13273000001,12,1.0000000000,30109606,30109606,242,242
13273000002,12,1.0000000000,229370147,229370147,144,144
13273000003,12,1.0000000000,152047332,152047332,109,109
13273000004,12,1.0000000000,166816023,166816023,110,110
13273000005,12,1.0000000000,165627662,165627662,79,79
13273000006,12,1.0000000000,125725021,125725021,45,45
13275000101,11,1.0000000000,58664016,58664016,39,39
13275000102,11,1.0000000000,257129858,257129858,173,173
13275000103,11,1.0000000000,80019096,80019096,90,90
13275000104,11,1.0000000000,89224481,89224481,100,100
13275000105,11,1.0000000000,11854169,11854169,155,155
13275000106,11,1.0000000000,74085709,74085709,47,47
13275000107,11,1.0000000000,132959385,132959385,81,81
13275000108,11,1.0000000000,72909471,72909471,84,84
13275000109,11,1.0000000000,6598982,6598982,147,147
13275000110,11,1.0000000000,6218555,6218555,95,95
13275000111,11,1.0000000000,90514666,90514666,166,166
13275000112,11,1.0000000000,67222085,67222085,49,49
13275000113,11,1.0000000000,148214481,148214481,68,68
13275000114,11,1.0000000000,81949684,81949684,108,108
13275000115,11,1.0000000000,97945361,97945361,134,134
13275000116,11,1.0000000000,43361027,43361027,18,18
13275000117,11,1.0000000000,77547094,77547094,70,70
13275000118,11,1.0000000000,6811927,6811927,94,94
13275000119,11,1.0000000000,2469341,2469341,69,69
13275000120,11,1.0000000000,4893218,4893218,87,87
13277000001,13,1.0000000000,6760492,6760492,262,262
13277000002,13,1.0000000000,96950316,96950316,135,135
13277000003,13,1.0000000000,83441275,83441275,117,117
13277000004,13,1.0000000000,119598458,119598458,182,182
13277000005,13,1.0000000000,65695548,65695548,58,58
13277000006,13,1.0000000000,69727990,69727990,77,77
13277000007,13,1.0000000000,66251553,66251553,99,99
13277000008,13,1.0000000000,67828681,67828681,133,133
13277000009,13,1.0000000000,50582292,50582292,274,274
13277000010,13,1.0000000000,15986641,15986641,166,166
13277000011,13,1.0000000000,20410726,20410726,206,206
13277000012,13,1.0000000000,12468115,12468115,165,165
13279000039,19,1.0000000000,285343500,285343500,134,134
13279000043,19,1.0000000000,213808861,213808861,129,129
13279000513,19,1.0000000000,105985517,105985517,431,431
13279000514,19,1.0000000000,130281273,130281273,298,298
13279015361,19,1.0000000000,207369716,207369716,379,379
13281000833,50,1.0000000000,243487493,243487493,198,198
13281000990,50,1.0000000000,90316168,90316168,198,198
13281001468,50,1.0000000000,74150386,74150386,132,132
13281001581,50,1.0000000000,23219793,23219793,15,15
1328300SOPE,20,1.0000000000,75446246,75446246,244,244
132830ANNEX,20,1.0000000000,441077849,441077849,304,304
13285000001,29,1.0000000000,25470936,25470936,126,126
13285000002,29,1.0000000000,27641145,27641145,290,290
13285000003,29,1.0000000000,19852716,19852716,140,140
13285000004,29,1.0000000000,7061685,7061685,131,131
13285000005,29,1.0000000000,29361303,29361303,184,184
13285000006,29,1.0000000000,111570992,111570992,194,194
13285000007,29,1.0000000000,141315837,141315837,102,102
13285000008,29,1.0000000000,222300935,222300935,150,150
13285000009,29,1.0000000000,70216792,70216792,47,47
13285000010,29,1.0000000000,152450180,152450180,120,120
13285000011,29,1.0000000000,86706001,86706001,112,112
13285000012,29,1.0000000000,42953353,42953353,103,103
13285000013,29,1.0000000000,97032987,97032987,67,67
13285000015,29,1.0000000000,24078096,24078096,96,96
13285000016,29,1.0000000000,14265259,14265259,59,59
13287000001,13,1.0000000000,301850430,301850430,342,342
13287000002,13,1.0000000000,258113963,258113963,315,315
13287000003,13,1.0000000000,179263365,179263365,163,163
132890000DB,26,1.0000000000,146361530,146361530,129,129
132890000GI,26,1.0000000000,312799899,312799899,148,148
132890000HV,26,1.0000000000,60762650,60762650,74,74
1328900JV/W,26,1.0000000000,205873544,205873544,116,116
1328900SG/T,26,1.0000000000,204680470,204680470,101,101
13291000001,51,1.0000000000,56769345,56769345,149,149
13291000002,51,1.0000000000,65805059,65805059,91,91
13291000003,51,1.0000000000,62434574,62434574,69,69
13291000004,51,1.0000000000,46713535,46713535,99,99
13291000005,51,1.0000000000,193430402,193430402,115,115
13291000006,51,1.0000000000,77410530,77410530,55,55
13291000007,51,1.0000000000,52983162,52983162,99,99
13291000008,51,1.0000000000,71812537,71812537,96,96
13291000009,51,1.0000000000,42734854,42734854,87,87
13291000010,51,1.0000000000,50102620,50102620,108,108
13291000011,51,1.0000000000,114000699,114000699,86,86
13293000470,18,1.0000000000,112677223,112677223,54,54
13293000555,18,1.0000000000,74841103,74841103,230,230
13293000561,18,1.0000000000,6189353,6189353,43,43
13293000588,18,1.0000000000,92924444,92924444,62,62
13293000589,18,1.0000000000,100790716,100790716,45,45
13293001336,18,1.0000000000,138443821,138443821,112,112
13293001577,18,1.0000000000,45926751,45926751,45,45
13293001610,18,1.0000000000,63523362,63523362,59,59
13293005610,18,1.0000000000,202458103,202458103,457,457
13295000869,53,1.0000000000,57743521,57743521,82,82
13295000871,53,1.0000000000,106318554,106318554,415,415
13295000881,53,1.0000000000,66116400,66116400,76,76
13295000943,53,1.0000000000,54334551,54334551,44,44
13295000944,53,1.0000000000,66956413,66956413,146,146
13295000953,53,1.0000000000,133057359,133057359,69,69
13295000960,53,1.0000000000,82220544,82220544,87,87
13295001053,53,1.0000000000,77886630,77886630,47,47
13295001161,53,1.0000000000,59847285,59847285,60,60
13295001501,53,1.0000000000,53002592,53002592,130,130
13295001800,53,1.0000000000,81581023,81581023,28,28
13295001808,53,1.0000000000,137675771,137675771,50,50
13295001809,53,1.0000000000,84996072,84996072,93,93
13295001812,53,1.0000000000,28593881,28593881,248,248
13295001818,53,1.0000000000,31821867,31821867,210,210
13295001851,53,1.0000000000,7095142,7095142,49,49
13295001893,53,1.0000000000,15239321,15239321,120,120
13295001898,53,1.0000000000,11658276,11658276,60,60
13297000250,46,1.0000000000,63817739,63817739,86,86
13297000414,46,1.0000000000,30812361,30812361,49,49
13297000415,46,1.0000000000,35125470,35125470,74,74
13297000416,17,1.0000000000,32555798,32555798,68,68
13297000417,17,1.0000000000,23756728,23756728,118,118
13297000418,17,1.0000000000,90048359,90048359,200,200
13297000419,46,1.0000000000,12638384,12638384,127,127
13297000420,46,1.0000000000,29664887,29664887,136,136
13297000421,17,1.0000000000,11079577,11079577,57,57
13297000422,17,1.0000000000,37619375,37619375,68,68
13297000423,17,1.0000000000,37330235,37330235,69,69
13297000424,46,1.0000000000,27743957,27743957,57,57
13297000425,46,1.0000000000,25506122,25506122,123,123
13297000426,46,1.0000000000,32719074,32719074,75,75
13297000427,17,1.0000000000,19141439,19141439,55,55
13297000454,46,1.0000000000,45199230,45199230,78,78
13297000502,17,1.0000000000,49916132,49916132,68,68
13297000503,46,1.0000000000,54522113,54522113,57,57
13297000559,46,1.0000000000,91405308,91405308,94,94
13297001663,46,1.0000000000,43027938,43027938,66,66
13297001675,17,1.0000000000,52831147,52831147,54,54
13299000100,3,0.4271120850,3731135,8735728,251,493
13299000100,8,0.5728879150,5004593,8735728,242,493
13299000300,8,1.0000000000,32112458,32112458,317,317
13299000304,3,0.0000304384,3029,99512614,1,159
13299000304,8,0.9999695616,99509585,99512614,158,159
13299000400,3,0.9955794028,450501652,452501981,283,304
13299000400,8,0.0044205972,2000329,452501981,21,304
13299000404,8,1.0000000000,226667532,226667532,112,112
13299000405,8,1.0000000000,122128971,122128971,67,67
13299000406,8,1.0000000000,41628276,41628276,61,61
13299000407,8,1.0000000000,1045155227,1045155227,231,231
13299000408,8,1.0000000000,135126789,135126789,126,126
13299000409,8,1.0000000000,145746099,145746099,99,99
1329900200A,3,0.0015580288,9863,6330435,1,245
1329900200A,8,0.9984419712,6320572,6330435,244,245
1329900200B,3,1.0000000000,13380335,13380335,243,243
13301000001,23,1.0000000000,160104782,160104782,269,269
13301000002,23,1.0000000000,120433632,120433632,117,117
13301000003,23,1.0000000000,161498247,161498247,137,137
13301000004,23,1.0000000000,140570217,140570217,89,89
13301000005,23,1.0000000000,97536355,97536355,65,65
13301000006,23,1.0000000000,56340375,56340375,64,64
13303000088,26,1.0000000000,275346150,275346150,145,145
13303000091,26,1.0000000000,184107442,184107442,222,222
13303000094,26,1.0000000000,228142570,228142570,172,172
13303000097,26,1.0000000000,257531958,257531958,407,407
13303000099,26,1.0000000000,201815406,201815406,91,91
13303001253,26,1.0000000000,168754479,168754479,130,130
13303001350,26,1.0000000000,288323690,288323690,131,131
13303001488,26,1.0000000000,153352264,153352264,263,263
1330500001A,19,1.0000000000,188140186,188140186,167,167
1330500001B,19,1.0000000000,133288807,133288807,110,110
1330500001C,19,1.0000000000,53321503,53321503,81,81
1330500002A,19,1.0000000000,363558936,363558936,295,295
1330500002C,19,1.0000000000,111466771,111466771,93,93
1330500002D,19,1.0000000000,24739584,24739584,57,57
1330500003A,19,1.0000000000,118142615,118142615,127,127
1330500003B,19,1.0000000000,561974197,561974197,354,354
1330500004A,19,1.0000000000,11056045,11056045,114,114
1330500004B,19,1.0000000000,23496158,23496158,142,142
1330500005A,19,1.0000000000,20909989,20909989,164,164
1330500005B,19,1.0000000000,52192279,52192279,188,188
133070000G3,12,1.0000000000,101458824,101458824,47,47
133070000P1,12,1.0000000000,196589017,196589017,131,131
133070000P3,12,1.0000000000,125281897,125281897,64,64
133070000W2,12,1.0000000000,119680351,119680351,71,71
13309000001,19,1.0000000000,492480977,492480977,312,312
13309000002,19,1.0000000000,272833406,272833406,189,189
13311000011,50,1.0000000000,46320804,46320804,60,60
13311000021,51,1.0000000000,45142167,45142167,74,74
13311000031,50,1.0000000000,22327511,22327511,68,68
13311000041,50,1.0000000000,62968121,62968121,126,126
13311000051,51,1.0000000000,64933261,64933261,194,194
13311000061,50,1.0000000000,60632071,60632071,74,74
13311000071,50,1.0000000000,120275708,120275708,44,44
13311000081,51,1.0000000000,59981712,59981712,86,86
13311000091,51,1.0000000000,63915896,63915896,57,57
13311000101,51,1.0000000000,39310086,39310086,71,71
13311000111,50,1.0000000000,37717296,37717296,59,59
1331300001A,54,1.0000000000,6498123,6498123,127,127
1331300002A,54,1.0000000000,28609467,28609467,117,117
1331300003A,54,1.0000000000,4923402,4923402,82,82
1331300004A,54,1.0000000000,5269957,5269957,100,100
1331300005A,54,1.0000000000,7907471,7907471,106,106
1331300006A,54,1.0000000000,4109001,4109001,141,141
133130000AN,54,1.0000000000,22909724,22909724,154,154
133130000CA,54,1.0000000000,72091208,72091208,81,81
133130000CO,54,1.0000000000,55180760,55180760,116,116
133130000DG,54,1.0000000000,27330695,27330695,175,175
133130000ES,54,1.0000000000,19243999,19243999,81,81
133130000FI,54,1.0000000000,31324575,31324575,64,64
133130000GL,54,1.0000000000,22118384,22118384,92,92
133130000LT,54,1.0000000000,46932730,46932730,30,30
133130000MC,54,1.0000000000,43698237,43698237,59,59
133130000NI,54,1.0000000000,46478604,46478604,67,67
133130000PG,54,1.0000000000,23323304,23323304,107,107
133130000TH,54,1.0000000000,41512071,41512071,198,198
133130000TI,54,1.0000000000,39106558,39106558,41,41
133130000TR,54,1.0000000000,67021664,67021664,52,52
133130000UT,54,1.0000000000,60151055,60151055,39,39
133130000VA,54,1.0000000000,57064164,57064164,293,293
133130000WS,54,1.0000000000,19443510,19443510,54,54
1331500001A,20,1.0000000000,53439238,53439238,59,59
1331500002A,20,1.0000000000,123631096,123631096,73,73
1331500002B,20,1.0000000000,147582440,147582440,81,81
1331500003A,20,1.0000000000,216018196,216018196,226,226
1331500004A,20,1.0000000000,168727418,168727418,153,153
1331500005A,20,1.0000000000,269126990,269126990,131,131
13317000001,24,1.0000000000,119774490,119774490,140,140
1331700002A,24,1.0000000000,292769864,292769864,146,146
1331700002B,24,1.0000000000,210137641,210137641,86,86
1331700003A,24,1.0000000000,69738065,69738065,56,56
1331700003B,24,1.0000000000,171503322,171503322,69,69
1331700004A,24,1.0000000000,67832386,67832386,64,64
1331700004B,24,1.0000000000,284245654,284245654,104,104
13319000002,26,1.0000000000,153060378,153060378,69,69
13319000003,26,1.0000000000,106653614,106653614,38,38
13319000004,26,1.0000000000,120625843,120625843,30,30
13319000005,26,1.0000000000,208051402,208051402,85,85
13319000006,26,1.0000000000,66488022,66488022,121,121
13319000007,26,1.0000000000,304084836,304084836,82,82
13319000008,26,1.0000000000,35961390,35961390,61,61
13319000010,26,1.0000000000,84560505,84560505,147,147
13319000011,26,1.0000000000,83973886,83973886,47,47
13321000001,13,1.0000000000,89093920,89093920,228,228
13321000002,13,1.0000000000,13253789,13253789,78,78
13321000003,13,1.0000000000,54299739,54299739,115,115
13321000004,13,1.0000000000,121900615,121900615,102,102
13321000005,13,1.0000000000,98075606,98075606,70,70
13321000006,13,1.0000000000,94808754,94808754,47,47
13321000007,13,1.0000000000,125752457,125752457,76,76
13321000008,13,1.0000000000,108010575,108010575,52,52
13321000009,13,1.0000000000,139398435,139398435,137,137
13321000010,13,1.0000000000,144752099,144752099,78,78
13321000011,13,1.0000000000,132953817,132953817,63,63
13321000012,13,1.0000000000,163553489,163553489,80,80
13321000014,13,1.0000000000,68866570,68866570,29,29
13321000015,13,1.0000000000,104856646,104856646,73,73
13321000016,13,1.0000000000,18561181,18561181,21,21
