precinct_key,district_num,area_weight,land_area,precinct_land_area,block_count,precinct_block_count
13001000002,157,1.0000000000,98584431,98584431,297,297
1300100001B,157,1.0000000000,146871344,146871344,136,136
1300100001C,157,1.0000000000,78466794,78466794,58,58
1300100003C,157,1.0000000000,222486416,222486416,311,311
1300100004B,178,1.0000000000,222241345,222241345,244,244
1300100004D,178,1.0000000000,142660073,142660073,200,200
1300100005A,157,1.0000000000,71900176,71900176,164,164
1300100005B,178,1.0000000000,134348253,134348253,139,139
130010003A1,157,1.0000000000,198865828,198865828,112,112
13003000001,176,1.0000000000,410375754,410375754,177,177
13003000002,176,1.0000000000,221635570,221635570,107,107
13003000003,176,1.0000000000,246942705,246942705,156,156
13003000004,176,1.0000000000,8682745,8682745,106,106
130050DOUGL,178,1.0000000000,735770219,735770219,752,752
1300700000A,154,1.0000000000,123694000,123694000,61,61
1300700000E,154,1.0000000000,131853894,131853894,47,47
1300700000H,154,1.0000000000,173655013,173655013,63,63
1300700000M,154,1.0000000000,115706062,115706062,39,39
1300700000N,154,1.0000000000,340756412,340756412,173,173
13009000318,149,1.0000000000,27468189,27468189,76,76
13009000319,149,1.0000000000,162283433,162283433,65,65
13009000322,149,1.0000000000,87299534,87299534,68,68
13009001714,149,1.0000000000,44961309,44961309,63,63
1300900321E,149,1.0000000000,3717441,3717441,61,61
1300900321W,149,1.0000000000,34570810,34570810,88,88
1300900CTY1,149,1.0000000000,21054843,21054843,140,140
1300900CTY2,149,1.0000000000,11595211,11595211,84,84
1300900CTY3,149,1.0000000000,5303444,5303444,53,53
1300900CTY4,149,1.0000000000,3116368,3116368,81,81
1300900CTY5,149,1.0000000000,2482201,2482201,48,48
1300900CTY6,149,1.0000000000,9242984,9242984,50,50
1300900MERI,149,1.0000000000,42494248,42494248,68,68
1300900MONT,128,1.0000000000,214435197,214435197,154,154
13011000001,32,1.0000000000,50990818,50990818,83,83
13011000002,32,1.0000000000,26388970,26388970,56,56
13011000003,32,1.0000000000,21662792,21662792,30,30
13011000004,32,1.0000000000,55908026,55908026,91,91
13011000005,32,1.0000000000,28792629,28792629,34,34
13011000006,32,1.0000000000,73136243,73136243,60,60
13011000007,32,1.0000000000,52893195,52893195,56,56
13011000008,32,1.0000000000,28211783,28211783,41,41
13011000009,32,1.0000000000,32001954,32001954,42,42
13011000010,32,1.0000000000,76695441,76695441,100,100
13011000011,32,1.0000000000,64821061,64821061,63,63
13011000012,32,1.0000000000,46628325,46628325,41,41
13011000013,32,1.0000000000,44342703,44342703,36,36
13013000001,119,1.0000000000,44411594,44411594,108,108
13013000002,119,1.0000000000,28064144,28064144,77,77
13013000003,104,1.0000000000,20885189,20885189,62,62
13013000004,104,1.0000000000,20972208,20972208,47,47
13013000005,119,1.0000000000,50190396,50190396,144,144
13013000006,119,1.0000000000,7610062,7610062,53,53
13013000007,120,1.0000000000,36518139,36518139,77,77
13013000008,119,1.0000000000,31787389,31787389,53,53
13013000009,119,1.0000000000,25584105,25584105,85,85
13013000010,119,1.0000000000,15514077,15514077,109,109
13013000011,104,1.0000000000,25327645,25327645,61,61
13013000012,104,1.0000000000,16597487,16597487,87,87
13013000013,119,1.0000000000,6310194,6310194,111,111
13013000014,104,1.0000000000,15718504,15718504,47,47
13013000015,119,1.0000000000,32721740,32721740,38,38
13013000016,104,0.2022959530,7863253,38870046,44,122
13013000016,119,0.7977040470,31006793,38870046,78,122
13015000001,14,1.0000000000,134008823,134008823,275,275
13015000002,15,1.0000000000,33779101,33779101,78,78
13015000003,15,1.0000000000,34676002,34676002,380,380
13015000004,15,1.0000000000,31106209,31106209,253,253
13015000005,14,0.9644056902,85743980,88908621,162,176
13015000005,15,0.0355943098,3164641,88908621,14,176
13015000006,15,1.0000000000,72055062,72055062,80,80
13015000007,15,1.0000000000,61936017,61936017,241,241
13015000008,14,1.0000000000,49785209,49785209,99,99
13015000009,14,1.0000000000,73609669,73609669,58,58
13015000010,14,1.0000000000,148376713,148376713,172,172
13015000011,15,1.0000000000,50789004,50789004,80,80
13015000012,14,1.0000000000,118068177,118068177,98,98
13015000014,14,1.0000000000,110551325,110551325,147,147
13015000015,14,0.9533516375,111699457,117165013,78,96
13015000015,15,0.0466483625,5465556,117165013,18,96
13015000016,15,1.0000000000,34588806,34588806,199,199
13015000018,15,1.0000000000,29165132,29165132,64,64
13017000001,156,1.0000000000,367494875,367494875,509,509
13017000002,148,0.8634092330,242019866,280307248,347,707
13017000002,156,0.1365907670,38287382,280307248,360,707
13019000518,170,1.0000000000,285693711,285693711,154,154
13019001144,170,1.0000000000,47779645,47779645,109,109
13019001148,170,1.0000000000,140713488,140713488,63,63
13019001157,170,1.0000000000,263160867,263160867,425,425
13019001329,170,1.0000000000,69062588,69062588,35,35
13019001427,170,1.0000000000,92465667,92465667,44,44
13019001642,170,1.0000000000,103155571,103155571,87,87
13019001767,170,1.0000000000,101953007,101953007,75,75
13019001819,170,1.0000000000,70255022,70255022,29,29
13021000EM1,143,0.3171565225,2534341,7990821,18,213
13021000EM1,149,0.6828434775,5456480,7990821,195,213
13021000EM2,149,1.0000000000,9485766,9485766,88,88
13021000EM3,142,1.0000000000,13868976,13868976,74,74
13021000EM4,149,1.0000000000,10616072,10616072,68,68
13021000EM5,143,0.8372473226,64043927,76493439,113,140
13021000EM5,149,0.1627526774,12449512,76493439,27,140
13021000GF1,142,0.1286452684,3484045,27082574,113,556
13021000GF1,143,0.7594473110,20567788,27082574,305,556
13021000GF1,145,0.1119074206,3030741,27082574,138,556
13021000GF2,143,1.0000000000,10559369,10559369,182,182
13021000GF3,145,1.0000000000,7282891,7282891,136,136
13021000GF4,143,1.0000000000,9517537,9517537,81,81
13021000GF5,145,1.0000000000,10391841,10391841,99,99
13021000HA1,145,1.0000000000,7707041,7707041,88,88
13021000HA2,142,1.0000000000,9014748,9014748,58,58
13021000HA3,142,0.2510427654,9757962,38869720,47,152
13021000HA3,145,0.7489572346,29111758,38869720,105,152
13021000HA4,145,1.0000000000,27899414,27899414,31,31
13021000HO1,142,0.1638525342,4254104,25963004,56,80
13021000HO1,145,0.8361474658,21708900,25963004,24,80
13021000HO2,142,1.0000000000,19686125,19686125,66,66
13021000HO3,142,0.1229447888,4407043,35845708,21,131
13021000HO3,144,0.8770552112,31438665,35845708,110,131
13021000HO4,142,1.0000000000,5603060,5603060,38,38
13021000HO5,142,1.0000000000,1839245,1839245,30,30
13021000HO6,142,1.0000000000,4613382,4613382,35,35
13021000HO7,142,1.0000000000,5585842,5585842,61,61
13021000RU1,143,0.5960423976,20985180,35207529,66,101
13021000RU1,145,0.4039576024,14222349,35207529,35,101
13021000RU2,143,1.0000000000,82645380,82645380,159,159
13021000VV1,142,0.4936781250,3305413,6695482,55,266
13021000VV1,143,0.5063218750,3390069,6695482,211,266
13021000VV2,143,1.0000000000,2133274,2133274,84,84
13021000VV3,142,1.0000000000,4689518,4689518,127,127
13021000VV4,142,1.0000000000,7679370,7679370,116,116
13021000VV5,142,1.0000000000,4481330,4481330,44,44
13021000VV6,142,1.0000000000,4542257,4542257,100,100
13021000WA1,145,1.0000000000,79927266,79927266,65,65
13021000WA2,145,1.0000000000,51980132,51980132,67,67
13023000001,133,1.0000000000,559106468,559106468,640,640
13025000001,174,1.0000000000,364360443,364360443,281,281
13025000002,174,1.0000000000,501231708,501231708,406,406
13025000003,174,1.0000000000,282380107,282380107,189,189
13027000659,175,1.0000000000,198903097,198903097,56,56
13027000660,175,1.0000000000,365208451,365208451,204,204
13027001199,175,1.0000000000,199914899,199914899,434,434
13027001230,175,1.0000000000,94968149,94968149,51,51
13027001402,175,1.0000000000,228573207,228573207,100,100
13027001650,175,1.0000000000,95151865,95151865,69,69
13027001712,175,1.0000000000,94621607,94621607,70,70
13029000001,160,1.0000000000,142004555,142004555,254,254
13029000002,160,1.0000000000,91291886,91291886,104,104
13029000003,160,1.0000000000,129207758,129207758,166,166
13029000004,164,1.0000000000,37232416,37232416,66,66
13029000005,164,1.0000000000,4753570,4753570,73,73
13029000006,164,0.7428412732,15128614,20365877,69,71
13029000006,166,0.2571587268,5237263,20365877,2,71
13029000007,166,1.0000000000,20990046,20990046,51,51
13029000008,164,0.2171121830,38764745,178547074,72,147
13029000008,166,0.7828878170,139782329,178547074,75,147
13029000009,164,1.0000000000,12547076,12547076,55,55
13029000010,164,0.6296742942,36224654,57529193,49,69
13029000010,166,0.3703257058,21304539,57529193,20,69
13029FTSTEW,164,1.0000000000,438811295,438811295,158,158
13031000001,159,1.0000000000,101921748,101921748,72,72
13031000002,159,1.0000000000,97285086,97285086,99,99
13031000003,159,1.0000000000,151381389,151381389,118,118
13031000004,160,1.0000000000,115717605,115717605,130,130
13031000005,160,1.0000000000,185952864,185952864,117,117
13031000006,160,1.0000000000,159980185,159980185,130,130
13031000007,160,1.0000000000,133016414,133016414,145,145
13031000008,158,1.0000000000,102647899,102647899,137,137
13031000009,158,1.0000000000,64759943,64759943,128,128
13031000010,160,1.0000000000,118816529,118816529,139,139
13031000011,158,1.0000000000,107302342,107302342,325,325
13031000012,158,1.0000000000,164301888,164301888,238,238
13031000013,160,1.0000000000,71159391,71159391,236,236
13031000014,158,0.4627083708,21306194,46046701,141,238
13031000014,159,0.5372916292,24740507,46046701,97,238
13031000015,160,1.0000000000,12700835,12700835,168,168
13031000016,160,1.0000000000,117744397,117744397,84,84
13033000001,126,1.0000000000,103631370,103631370,55,55
13033000002,126,1.0000000000,170921357,170921357,102,102
13033000003,126,1.0000000000,251942309,251942309,106,106
13033000004,126,1.0000000000,126476395,126476395,131,131
13033000005,126,1.0000000000,139839319,139839319,43,43
13033000006,126,1.0000000000,19907294,19907294,37,37
13033000007,126,1.0000000000,129101042,129101042,131,131
13033000008,126,1.0000000000,129966293,129966293,53,53
13033000009,126,1.0000000000,127878112,127878112,101,101
13033000010,126,1.0000000000,118852420,118852420,38,38
13033000011,126,1.0000000000,175858512,175858512,75,75
13033000012,126,1.0000000000,136748582,136748582,94,94
13033000013,126,1.0000000000,137392588,137392588,78,78
13033000014,126,1.0000000000,77071832,77071832,180,180
13033000015,126,1.0000000000,146665845,146665845,177,177
13033000016,126,1.0000000000,149762619,149762619,81,81
1303500BCCC,118,1.0000000000,475754793,475754793,661,661
13037000001,154,1.0000000000,251867034,251867034,106,106
13037000002,154,1.0000000000,281036536,281036536,135,135
13037000003,154,1.0000000000,4897842,4897842,31,31
13037000004,154,1.0000000000,183333901,183333901,98,98
13037000005,154,1.0000000000,5056189,5056189,64,64
13039000001,180,1.0000000000,411985394,411985394,198,198
13039000002,180,1.0000000000,264464636,264464636,183,183
13039000003,180,1.0000000000,252745117,252745117,217,217
13039000004,180,1.0000000000,165449553,165449553,130,130
13039000005,180,1.0000000000,144158376,144158376,97,97
13039000006,180,1.0000000000,53654102,53654102,130,130
13039000007,180,1.0000000000,33928407,33928407,133,133
13039000008,180,1.0000000000,7971964,7971964,91,91
13039000009,180,1.0000000000,44151663,44151663,142,142
13039000010,180,1.0000000000,172626656,172626656,163,163
13039000011,180,1.0000000000,8262041,8262041,67,67
13039000012,180,1.0000000000,19025924,19025924,180,180
13039000013,180,1.0000000000,26407814,26407814,95,95
13039000014,180,1.0000000000,27790858,27790858,88,88
13043001685,158,1.0000000000,313754757,313754757,288,288
13043001736,158,1.0000000000,315766084,315766084,341,341
13045000501,71,1.0000000000,47306059,47306059,89,89
13045000640,71,1.0000000000,40499324,40499324,78,78
13045000641,71,1.0000000000,32655248,32655248,78,78
13045000642,71,1.0000000000,25397819,25397819,163,163
13045000649,71,1.0000000000,54232907,54232907,113,113
13045000650,71,1.0000000000,17611098,17611098,110,110
13045000682,70,1.0000000000,126935750,126935750,134,134
13045000713,72,1.0000000000,142157871,142157871,156,156
13045000715,72,1.0000000000,27526238,27526238,39,39
13045001006,18,1.0000000000,79532864,79532864,66,66
13045001111,18,1.0000000000,79567897,79567897,147,147
13045001122,71,1.0000000000,59040593,59040593,95,95
13045001152,18,1.0000000000,53287761,53287761,70,70
13045001240,18,1.0000000000,66133577,66133577,117,117
13045001371,72,1.0000000000,46678291,46678291,49,49
13045001483,72,1.0000000000,73793207,73793207,138,138
13045001496,18,1.0000000000,45723602,45723602,135,135
13045001533,18,1.0000000000,105935280,105935280,81,81
13045001540,71,1.0000000000,7524326,7524326,70,70
13045001542,71,1.0000000000,51800819,51800819,48,48
130450714A1,72,1.0000000000,23415781,23415781,148,148
130450714A2,71,1.0000000000,8525436,8525436,45,45
130450714A3,71,0.0387752987,423508,10922108,4,97
130450714A3,72,0.9612247013,10498600,10922108,93,97
130450714A4,72,1.0000000000,14561821,14561821,77,77
130450714A5,71,1.0000000000,4718521,4718521,73,73
130450714A6,72,1.0000000000,6503034,6503034,62,62
130450714BN,18,1.0000000000,14589258,14589258,53,53
130450714BW,72,1.0000000000,26176384,26176384,49,49
1304700BLCK,3,1.0000000000,66903317,66903317,120,120
1304700BOYN,3,1.0000000000,31385374,31385374,114,114
1304700CAKT,3,1.0000000000,67675705,67675705,94,94
1304700CHAM,2,1.0000000000,49592868,49592868,75,75
1304700FT-O,3,1.0000000000,24108961,24108961,149,149
1304700GRAY,3,1.0000000000,21603511,21603511,94,94
1304700LAKE,3,1.0000000000,7104894,7104894,143,143
1304700POPS,3,1.0000000000,21200321,21200321,58,58
1304700RING,3,1.0000000000,56592581,56592581,217,217
1304700WEST,3,1.0000000000,17483323,17483323,155,155
1304700WOOD,2,1.0000000000,56348068,56348068,89,89
13049000002,174,1.0000000000,35074328,35074328,243,243
1304900003B,174,1.0000000000,191152291,191152291,89,89
1304900003S,174,1.0000000000,362808338,362808338,232,232
1304900004A,174,1.0000000000,265722255,265722255,158,158
1304900004H,174,1.0000000000,33517362,33517362,176,176
1304900005F,174,1.0000000000,172316254,172316254,85,85
1304900005R,174,1.0000000000,760940503,760940503,81,81
1304900005W,174,1.0000000000,198884317,198884317,82,82
1305101-01C,163,1.0000000000,1931916,1931916,128,128
1305101-05C,163,1.0000000000,2598060,2598060,113,113
1305101-06C,163,1.0000000000,2672698,2672698,61,61
1305101-08C,163,0.9283154391,4948456,5330576,39,47
1305101-08C,165,0.0716845609,382120,5330576,8,47
1305101-09C,162,1.0000000000,2775569,2775569,40,40
1305101-10C,166,1.0000000000,8640871,8640871,33,33
1305101-12C,166,1.0000000000,9106900,9106900,48,48
1305101-13C,163,1.0000000000,2465266,2465266,32,32
1305101-14C,165,1.0000000000,9028356,9028356,22,22
1305101-16C,166,1.0000000000,13541965,13541965,59,59
1305101-17C,166,1.0000000000,11443500,11443500,60,60
1305102-02C,165,1.0000000000,2145993,2145993,103,103
1305102-03C,163,1.0000000000,805498,805498,85,85
1305102-04C,165,1.0000000000,1363447,1363447,147,147
1305102-05C,165,1.0000000000,800287,800287,78,78
1305102-06C,165,1.0000000000,1476863,1476863,29,29
1305102-07C,165,1.0000000000,2629025,2629025,110,110
1305102-09C,165,1.0000000000,3484996,3484996,108,108
1305102-11C,165,1.0000000000,1615387,1615387,76,76
1305102-12C,163,1.0000000000,794625,794625,132,132
1305103-01C,165,1.0000000000,5758678,5758678,155,155
1305103-02C,163,1.0000000000,640547,640547,143,143
1305103-03C,165,1.0000000000,3066233,3066233,32,32
1305103-04C,165,1.0000000000,823275,823275,47,47
1305103-05C,165,1.0000000000,1295001,1295001,66,66
1305103-08C,165,1.0000000000,1257392,1257392,29,29
1305103-09C,165,1.0000000000,785899,785899,18,18
1305103-10C,165,1.0000000000,2820843,2820843,86,86
1305103-11C,165,1.0000000000,1280552,1280552,28,28
1305103-12C,165,1.0000000000,6420608,6420608,80,80
1305103-13C,165,1.0000000000,3065994,3065994,43,43
1305103-14C,165,1.0000000000,3290220,3290220,32,32
1305103-15C,165,1.0000000000,9453851,9453851,25,25
1305104-02C,166,1.0000000000,13408164,13408164,52,52
1305104-04C,166,1.0000000000,5270164,5270164,38,38
1305104-05C,166,1.0000000000,3700208,3700208,18,18
1305104-06C,166,1.0000000000,16062752,16062752,38,38
1305104-07C,166,1.0000000000,6310238,6310238,48,48
1305104-08C,166,1.0000000000,5589547,5589547,45,45
1305104-10C,166,1.0000000000,49531741,49531741,96,96
1305104-11C,166,1.0000000000,2790318,2790318,106,106
1305104-12C,166,1.0000000000,51366419,51366419,116,116
1305104-13C,166,1.0000000000,21308932,21308932,40,40
1305104-14C,166,1.0000000000,21415461,21415461,39,39
1305104-15C,166,1.0000000000,13194011,13194011,33,33
1305105-01C,162,1.0000000000,866268,866268,18,18
1305105-02C,163,1.0000000000,618272,618272,42,42
1305105-03C,163,1.0000000000,610045,610045,72,72
1305105-05C,163,1.0000000000,3787184,3787184,58,58
1305105-06C,162,1.0000000000,25457701,25457701,137,137
1305105-07C,162,1.0000000000,1868793,1868793,35,35
1305105-08C,162,1.0000000000,1758285,1758285,38,38
1305105-10C,163,1.0000000000,3074277,3074277,97,97
1305105-11C,162,1.0000000000,2285234,2285234,36,36
1305106-01C,163,1.0000000000,3247607,3247607,25,25
1305106-02C,163,0.0873437837,1611889,18454536,13,40
1305106-02C,166,0.9126562163,16842647,18454536,27,40
1305106-03C,162,0.3817846521,1534068,4018150,23,43
1305106-03C,166,0.6182153479,2484082,4018150,20,43
1305106-05C,162,1.0000000000,2149328,2149328,40,40
1305106-06C,162,0.4081714029,638756,1564921,15,24
1305106-06C,163,0.5918285971,926165,1564921,9,24
1305106-08C,162,1.0000000000,2014455,2014455,34,34
1305106-09C,162,1.0000000000,10308293,10308293,64,64
1305106-10C,164,0.2969196886,57208664,192673865,66,123
1305106-10C,166,0.7030803114,135465201,192673865,57,123
1305106-11C,162,1.0000000000,27849797,27849797,90,90
1305107-01C,163,1.0000000000,4972338,4972338,39,39
1305107-03C,161,1.0000000000,14160277,14160277,130,130
1305107-04C,161,1.0000000000,59152765,59152765,148,148
1305107-05C,163,1.0000000000,10810017,10810017,42,42
1305107-06C,164,1.0000000000,24639688,24639688,96,96
1305107-07C,161,0.3839734523,11146987,29030619,56,160
1305107-07C,164,0.6160265477,17883632,29030619,104,160
1305107-08C,164,1.0000000000,96209711,96209711,197,197
1305107-09C,164,1.0000000000,23178521,23178521,75,75
1305107-10C,162,1.0000000000,16093180,16093180,64,64
1305107-11C,161,1.0000000000,42365474,42365474,154,154
1305107-12C,164,1.0000000000,25150923,25150923,76,76
1305107-13C,164,1.0000000000,9328926,9328926,44,44
1305107-14C,162,1.0000000000,13646020,13646020,76,76
1305107-15C,161,1.0000000000,10279107,10279107,27,27
1305108-01C,165,1.0000000000,2949517,2949517,168,168
1305108-02C,163,1.0000000000,797534,797534,140,140
1305108-03C,162,1.0000000000,15849998,15849998,55,55
1305108-05C,163,1.0000000000,784882,784882,67,67
1305108-06C,163,1.0000000000,1425943,1425943,61,61
1305108-07C,165,1.0000000000,15175361,15175361,97,97
1305108-08C,165,1.0000000000,1582346,1582346,89,89
1305108-09C,165,1.0000000000,642035,642035,45,45
1305108-10C,163,1.0000000000,2642533,2642533,66,66
1305108-11C,163,1.0000000000,1447053,1447053,20,20
1305108-12C,163,1.0000000000,11078720,11078720,87,87
1305108-13C,163,1.0000000000,17662906,17662906,52,52
1305108-15C,163,1.0000000000,6553853,6553853,55,55
130510XFTPU,166,1.0000000000,26996700,26996700,38,38
13053000001,151,1.0000000000,162390261,162390261,157,157
13053FTBEN1,151,1.0000000000,287549005,287549005,177,177
13053FTBEN2,151,1.0000000000,174894381,174894381,201,201
13053FTBEN3,151,1.0000000000,19392183,19392183,146,146
13055000870,12,1.0000000000,97377424,97377424,216,216
13055000925,12,1.0000000000,104535366,104535366,283,283
13055000940,12,1.0000000000,115394294,115394294,52,52
13055000961,12,1.0000000000,51962398,51962398,23,23
13055000962,12,1.0000000000,95718286,95718286,37,37
13055000968,12,1.0000000000,58298822,58298822,64,64
13055001083,12,1.0000000000,70521104,70521104,35,35
13055001216,12,1.0000000000,20519216,20519216,14,14
13055001382,12,1.0000000000,21767254,21767254,11,11
13055001484,12,1.0000000000,61048982,61048982,65,65
130550P-870,12,1.0000000000,8381380,8381380,41,41
13055XC-968,12,1.0000000000,105987872,105987872,73,73
13057000001,21,1.0000000000,6696514,6696514,30,30
13057000002,21,1.0000000000,17408218,17408218,32,32
13057000003,21,1.0000000000,25887717,25887717,31,31
13057000004,11,1.0000000000,48405791,48405791,219,219
13057000005,20,1.0000000000,9844351,9844351,44,44
13057000006,22,1.0000000000,12602416,12602416,70,70
13057000007,20,1.0000000000,7162907,7162907,35,35
13057000008,21,1.0000000000,12224279,12224279,32,32
13057000009,20,1.0000000000,9662643,9662643,35,35
13057000010,23,1.0000000000,51978849,51978849,148,148
13057000011,20,0.7758287094,5754403,7417105,46,65
13057000011,22,0.2240043791,1661464,7417105,18,65
13057000011,44,0.0001669115,1238,7417105,1,65
13057000012,44,1.0000000000,12909177,12909177,116,116
13057000013,23,1.0000000000,74579359,74579359,151,151
13057000014,11,1.0000000000,63290983,63290983,51,51
13057000015,20,1.0000000000,3086697,3086697,20,20
13057000016,20,1.0000000000,7934411,7934411,74,74
13057000018,21,0.4311248174,24124576,55957289,40,102
13057000018,47,0.5688751826,31832713,55957289,62,102
13057000019,21,1.0000000000,16559068,16559068,103,103
13057000020,23,1.0000000000,69871185,69871185,49,49
13057000021,20,1.0000000000,5634531,5634531,18,18
13057000022,21,0.4059776025,3398268,8370580,33,86
13057000022,23,0.5940223975,4972312,8370580,53,86
13057000023,22,1.0000000000,10835566,10835566,68,68
13057000024,20,1.0000000000,12787072,12787072,146,146
13057000026,46,1.0000000000,12651779,12651779,104,104
13057000027,23,1.0000000000,24891520,24891520,49,49
13057000028,21,1.0000000000,17560929,17560929,22,22
13057000029,22,1.0000000000,14900066,14900066,49,49
13057000030,14,1.0000000000,83195253,83195253,106,106
13057000031,23,1.0000000000,12613925,12613925,79,79
13057000032,20,1.0000000000,3883893,3883893,19,19
13057000033,14,1.0000000000,62786416,62786416,43,43
13057000034,20,1.0000000000,12002114,12002114,34,34
13057000035,22,1.0000000000,82420381,82420381,49,49
13057000036,23,1.0000000000,26140378,26140378,186,186
13057000037,21,1.0000000000,14291910,14291910,73,73
13057000038,21,1.0000000000,33656965,33656965,62,62
13057000039,23,1.0000000000,35477772,35477772,60,60
13057000040,22,1.0000000000,7579385,7579385,42,42
13057000041,14,1.0000000000,68763276,68763276,66,66
13057000042,21,1.0000000000,9638082,9638082,38,38
13057000043,46,1.0000000000,4509122,4509122,33,33
13057000044,44,1.0000000000,12527457,12527457,117,117
1305900001A,122,0.5874634412,24534587,41763598,66,122
1305900001A,124,0.4125365588,17229011,41763598,56,122
1305900001B,124,1.0000000000,29810407,29810407,75,75
1305900001C,121,1.0000000000,17267982,17267982,47,47
1305900001D,121,1.0000000000,32549674,32549674,54,54
1305900002A,122,1.0000000000,34870049,34870049,108,108
1305900002B,122,1.0000000000,6280264,6280264,98,98
1305900003A,122,1.0000000000,3164775,3164775,85,85
1305900003B,122,1.0000000000,3976816,3976816,145,145
1305900004A,122,1.0000000000,8910077,8910077,53,53
1305900004B,121,0.6524646264,4833272,7407715,85,133
1305900004B,122,0.3475353736,2574443,7407715,48,133
1305900005A,122,1.0000000000,6574256,6574256,75,75
1305900005B,122,1.0000000000,9951812,9951812,58,58
1305900005C,122,1.0000000000,2822541,2822541,80,80
1305900005D,122,1.0000000000,16787526,16787526,94,94
1305900006A,120,1.0000000000,27650230,27650230,102,102
1305900006B,120,1.0000000000,14570000,14570000,67,67
1305900006C,120,1.0000000000,5234944,5234944,44,44
1305900006D,120,1.0000000000,4173305,4173305,31,31
1305900007A,120,1.0000000000,7279573,7279573,67,67
1305900007B,120,1.0000000000,3774761,3774761,66,66
1305900007C,120,0.2480003324,2584562,10421607,37,70
1305900007C,121,0.7519996676,7837045,10421607,33,70
1305900008A,124,1.0000000000,4064489,4064489,44,44
1305900008B,121,1.0000000000,3371220,3371220,32,32
1305900008C,121,1.0000000000,6107306,6107306,59,59
13061000001,154,1.0000000000,192016604,192016604,131,131
13061000002,154,1.0000000000,113896638,113896638,44,44
13061000003,154,1.0000000000,1615625,1615625,47,47
13061000004,154,1.0000000000,123237980,123237980,72,72
13061000005,154,1.0000000000,75327047,75327047,71,71
13063000EW1,76,1.0000000000,19727514,19727514,99,99
13063000FP1,77,1.0000000000,11694225,11694225,133,133
13063000FP2,76,1.0000000000,4460031,4460031,72,72
13063000FP3,77,1.0000000000,11966919,11966919,155,155
13063000FP4,77,1.0000000000,3628671,3628671,39,39
13063000FP5,79,1.0000000000,5980816,5980816,63,63
13063000FP6,79,1.0000000000,2202079,2202079,30,30
13063000LC1,76,1.0000000000,7133871,7133871,113,113
13063000LJ1,74,0.5456101719,8944498,16393569,22,55
13063000LJ1,75,0.4543898281,7449071,16393569,33,55
13063000LJ2,74,1.0000000000,12393312,12393312,63,63
13063000LJ3,74,1.0000000000,18986525,18986525,118,118
13063000LJ4,74,1.0000000000,4807950,4807950,30,30
13063000LJ5,75,1.0000000000,3003038,3003038,50,50
13063000MO1,76,1.0000000000,11405333,11405333,75,75
13063000MO2,76,1.0000000000,3918795,3918795,72,72
13063000MO3,76,1.0000000000,5351764,5351764,68,68
13063000MO4,76,0.3443853250,1396893,4056192,9,23
13063000MO4,78,0.6556146750,2659299,4056192,14,23
13063000MO5,76,1.0000000000,7604952,7604952,79,79
13063000MO6,76,1.0000000000,4498524,4498524,37,37
13063000MO7,76,1.0000000000,1833449,1833449,21,21
13063000MO8,76,1.0000000000,3338994,3338994,26,26
13063000MO9,78,1.0000000000,1226498,1226498,21,21
13063000PH1,74,1.0000000000,4101218,4101218,22,22
13063000PH2,74,1.0000000000,26166767,26166767,46,46
1306300JB01,75,1.0000000000,5001602,5001602,37,37
1306300JB02,79,1.0000000000,3789730,3789730,56,56
1306300JB03,75,1.0000000000,10426250,10426250,114,114
1306300JB04,75,1.0000000000,3820628,3820628,57,57
1306300JB05,74,1.0000000000,3529594,3529594,34,34
1306300JB06,78,1.0000000000,8188357,8188357,33,33
1306300JB07,75,1.0000000000,5186982,5186982,31,31
1306300JB08,78,1.0000000000,4106053,4106053,34,34
1306300JB09,75,1.0000000000,3272698,3272698,39,39
1306300JB10,75,1.0000000000,3913861,3913861,47,47
1306300JB11,78,1.0000000000,7416804,7416804,56,56
1306300JB12,77,1.0000000000,3226213,3226213,27,27
1306300JB13,75,1.0000000000,5327996,5327996,15,15
1306300JB14,74,1.0000000000,8989015,8989015,40,40
1306300JB15,79,1.0000000000,5964831,5964831,50,50
1306300JB16,75,1.0000000000,2520743,2520743,34,34
1306300JB17,75,1.0000000000,4965645,4965645,44,44
1306300JB18,75,1.0000000000,6901759,6901759,49,49
1306300OAK1,77,1.0000000000,17866983,17866983,110,110
1306300OAK2,77,1.0000000000,2584917,2584917,35,35
1306300OAK3,77,1.0000000000,5749859,5749859,42,42
1306300OAK4,77,1.0000000000,3107263,3107263,34,34
1306300RD01,77,1.0000000000,3714096,3714096,30,30
1306300RD02,77,1.0000000000,3543893,3543893,43,43
1306300RD03,79,1.0000000000,3749652,3749652,57,57
1306300RD04,79,1.0000000000,4853240,4853240,67,67
1306300RD05,79,1.0000000000,2885630,2885630,30,30
1306300RD06,79,1.0000000000,4328847,4328847,63,63
1306300RD07,79,1.0000000000,4899306,4899306,46,46
1306300RD08,77,1.0000000000,4918729,4918729,54,54
1306300RD09,79,1.0000000000,3423284,3423284,32,32
1306300RD10,79,1.0000000000,2265047,2265047,28,28
1306300RD11,77,1.0000000000,2992365,2992365,32,32
1306300RD12,77,1.0000000000,3566219,3566219,52,52
1306500000D,174,1.0000000000,464297466,464297466,212,212
1306500000F,174,1.0000000000,791105506,791105506,306,306
1306500000H,174,1.0000000000,531138491,531138491,468,468
130650000AB,174,1.0000000000,201208536,201208536,69,69
130650000AG,174,1.0000000000,123079176,123079176,84,84
1306700AC1A,36,1.0000000000,11259249,11259249,104,104
1306700AC1B,36,1.0000000000,7959180,7959180,105,105
1306700AC1C,35,0.5093945519,2056111,4036382,34,58
1306700AC1C,36,0.4906054481,1980271,4036382,24,58
1306700AD01,44,1.0000000000,3388888,3388888,27,27
1306700AU1A,38,1.0000000000,15006778,15006778,192,192
1306700BF02,44,1.0000000000,4556558,4556558,37,37
1306700BF03,22,0.5453197134,5008851,9185164,36,66
1306700BF03,44,0.4546802866,4176313,9185164,30,66
1306700BG01,35,1.0000000000,13228918,13228918,98,98
1306700BG02,22,1.0000000000,2834987,2834987,16,16
1306700BK01,22,0.6489633724,3776765,5819689,21,51
1306700BK01,35,0.3510366276,2042924,5819689,30,51
1306700BR01,41,1.0000000000,4206875,4206875,31,31
1306700BR02,41,1.0000000000,5901711,5901711,47,47
1306700BT01,39,1.0000000000,2219489,2219489,16,16
1306700BT02,39,1.0000000000,14361205,14361205,65,65
1306700BW01,44,1.0000000000,4418178,4418178,27,27
1306700CA01,43,0.9865818124,5860514,5940221,76,81
1306700CA01,60,0.0134181876,79707,5940221,5,81
1306700CH02,34,1.0000000000,10866879,10866879,39,39
1306700CH03,34,1.0000000000,12177538,12177538,43,43
1306700CK01,35,1.0000000000,9605058,9605058,85,85
1306700CL01,38,1.0000000000,5956476,5956476,58,58
1306700CL02,38,1.0000000000,18142382,18142382,90,90
1306700CO01,38,1.0000000000,12334525,12334525,82,82
1306700CR01,45,1.0000000000,3667706,3667706,15,15
1306700DC01,45,1.0000000000,4160708,4160708,24,24
1306700DI01,42,0.9030519435,16557107,18334612,173,220
1306700DI01,43,0.0952570472,1746501,18334612,45,220
1306700DI01,60,0.0016910093,31004,18334612,2,220
1306700DL01,34,1.0000000000,5178898,5178898,25,25
1306700DO01,45,1.0000000000,3030761,3030761,23,23
1306700DU01,36,1.0000000000,8125216,8125216,26,26
1306700DV01,46,1.0000000000,2758598,2758598,11,11
1306700EA01,45,1.0000000000,4289584,4289584,21,21
1306700EA02,43,1.0000000000,5445764,5445764,43,43
1306700EL01,34,0.2666664791,1895208,7107035,8,87
1306700EL01,35,0.7189156941,5109359,7107035,77,87
1306700EL01,37,0.0144178268,102468,7107035,2,87
1306700EL02,37,1.0000000000,4547789,4547789,54,54
1306700EL03,44,1.0000000000,3717263,3717263,35,35
1306700EL04,37,1.0000000000,4178363,4178363,51,51
1306700EL05,44,1.0000000000,3472184,3472184,24,24
1306700EP01,35,0.5511152969,2735102,4962849,23,45
1306700EP01,37,0.4488847031,2227747,4962849,22,45
1306700FO02,41,1.0000000000,8223343,8223343,77,77
1306700FO04,41,1.0000000000,5725227,5725227,113,113
1306700FP01,45,1.0000000000,4715388,4715388,29,29
1306700FR01,36,1.0000000000,5939723,5939723,25,25
1306700FY01,36,1.0000000000,6303424,6303424,23,23
1306700GM01,46,1.0000000000,3679046,3679046,25,25
1306700GT01,44,1.0000000000,6543531,6543531,65,65
1306700HL01,39,1.0000000000,11627648,11627648,107,107
1306700HR01,34,1.0000000000,7185548,7185548,31,31
1306700HT01,46,1.0000000000,5354151,5354151,38,38
1306700HY01,34,1.0000000000,5898934,5898934,32,32
1306700KE1A,22,0.0545447980,182765,3350732,3,52
1306700KE1A,35,0.9454552020,3167967,3350732,49,52
1306700KE2A,34,1.0000000000,4855054,4855054,71,71
1306700KE3A,22,0.0018722396,15184,8110073,2,113
1306700KE3A,34,0.0770232278,624664,8110073,7,113
1306700KE3A,35,0.9211045326,7470225,8110073,104,113
1306700KE4A,35,0.9697809980,4532512,4673748,48,51
1306700KE4A,36,0.0302190020,141236,4673748,3,51
1306700KE5A,35,0.9988388266,4204647,4209535,40,41
1306700KE5A,36,0.0011611734,4888,4209535,1,41
1306700KL01,44,1.0000000000,2419264,2419264,17,17
1306700KP01,34,1.0000000000,3036347,3036347,15,15
1306700KP02,34,1.0000000000,9132621,9132621,32,32
1306700KP03,36,1.0000000000,14302293,14302293,47,47
1306700LA01,44,0.4204867067,2035881,4841725,7,30
1306700LA01,46,0.5795132933,2805844,4841725,23,30
1306700LI01,39,0.7849339905,8675125,11052044,59,95
1306700LI01,61,0.2150660095,2376919,11052044,36,95
1306700LM01,19,1.0000000000,9622354,9622354,30,30
1306700LM02,36,1.0000000000,6451396,6451396,22,22
1306700LM03,19,1.0000000000,14397759,14397759,60,60
1306700LM04,34,1.0000000000,5193181,5193181,17,17
1306700MA01,38,0.2471488806,2285728,9248385,29,91
1306700MA01,39,0.7528511194,6962657,9248385,62,91
1306700MA02,38,0.0757765940,577801,7625059,19,103
1306700MA02,39,0.9242234060,7047258,7625059,84,103
1306700MA03,39,1.0000000000,6746146,6746146,59,59
1306700MA04,39,1.0000000000,3502039,3502039,33,33
1306700MB01,46,1.0000000000,2093862,2093862,8,8
1306700MC01,38,1.0000000000,7980480,7980480,30,30
1306700MD01,45,1.0000000000,4985614,4985614,39,39
1306700ME01,38,1.0000000000,11248000,11248000,58,58
1306700MK01,44,1.0000000000,2889351,2889351,16,16
1306700ML01,36,1.0000000000,6827828,6827828,13,13
1306700MR1A,37,0.8493316820,7107481,8368322,162,186
1306700MR1A,42,0.0001437564,1203,8368322,1,186
1306700MR1A,43,0.1505245616,1259638,8368322,23,186
1306700MR2A,34,0.9998271961,3164891,3165438,19,20
1306700MR2A,37,0.0001728039,547,3165438,1,20
1306700MR2B,37,1.0000000000,4918870,4918870,45,45
1306700MR3A,37,1.0000000000,6395842,6395842,106,106
1306700MR4A,37,1.0000000000,3384665,3384665,33,33
1306700MR4B,35,0.4419416545,1582114,3579916,27,71
1306700MR4B,37,0.5580583455,1997802,3579916,44,71
1306700MR4C,34,1.0000000000,3719291,3719291,42,42
1306700MR5A,37,0.7112620966,2643072,3716031,141,160
1306700MR5A,43,0.2887379034,1072959,3716031,19,160
1306700MR5B,35,0.1232612610,941683,7639732,17,100
1306700MR5B,37,0.8741368153,6678171,7639732,82,100
1306700MR5B,43,0.0026019237,19878,7639732,1,100
1306700MR6A,37,0.4890585964,1616547,3305426,21,62
1306700MR6A,43,0.5109414036,1688879,3305426,41,62
1306700MR6B,37,1.0000000000,4960892,4960892,62,62
1306700MR7A,42,0.2148962404,1613023,7506055,12,110
1306700MR7A,43,0.7851037596,5893032,7506055,98,110
1306700MS01,36,1.0000000000,19973706,19973706,62,62
1306700MS02,36,1.0000000000,3681739,3681739,31,31
1306700MT01,45,1.0000000000,7704746,7704746,42,42
1306700MT03,45,1.0000000000,3925585,3925585,36,36
1306700MT04,45,1.0000000000,5024378,5024378,23,23
1306700NC01,35,0.0014661620,7317,4990581,1,70
1306700NC01,36,0.9985338380,4983264,4990581,69,70
1306700NJ01,61,1.0000000000,5161017,5161017,67,67
1306700NP01,41,0.1765881945,1054774,5973072,9,84
1306700NP01,42,0.8234118055,4918298,5973072,75,84
1306700NS01,44,1.0000000000,4994351,4994351,44,44
1306700OK01,61,1.0000000000,4247647,4247647,75,75
1306700OR01,19,1.0000000000,4537172,4537172,14,14
1306700OR02,41,1.0000000000,7500058,7500058,48,48
1306700OR03,34,0.0064367305,59524,9247552,4,136
1306700OR03,37,0.3209708905,2968195,9247552,60,136
1306700OR03,41,0.5376591556,4972031,9247552,50,136
1306700OR03,42,0.1349332234,1247802,9247552,22,136
1306700OR04,41,1.0000000000,7601465,7601465,47,47
1306700OR05,34,1.0000000000,8173209,8173209,22,22
1306700PE01,39,1.0000000000,9316878,9316878,58,58
1306700PF01,43,1.0000000000,3964997,3964997,80,80
1306700PM01,34,1.0000000000,5595399,5595399,35,35
1306700PM02,34,0.9743419676,8687726,8916506,52,58
1306700PM02,35,0.0256580324,228780,8916506,6,58
1306700PO01,46,1.0000000000,7110901,7110901,33,33
1306700PP01,46,1.0000000000,3859979,3859979,26,26
1306700PR01,22,1.0000000000,3995413,3995413,21,21
1306700PS1A,38,1.0000000000,7900150,7900150,78,78
1306700PS2A,38,1.0000000000,5023781,5023781,46,46
1306700PS3A,38,1.0000000000,6169146,6169146,70,70
1306700PT01,22,1.0000000000,2631074,2631074,15,15
1306700RM01,46,1.0000000000,4284953,4284953,29,29
1306700RS01,39,1.0000000000,3859983,3859983,34,34
1306700RW01,45,1.0000000000,6302073,6302073,44,44
1306700RW02,45,1.0000000000,4186151,4186151,33,33
1306700SA01,46,1.0000000000,3734446,3734446,30,30
1306700SF01,46,1.0000000000,4338206,4338206,25,25
1306700SI01,46,1.0000000000,2343809,2343809,16,16
1306700SM01,37,1.0000000000,4823294,4823294,45,45
1306700SM03,43,1.0000000000,6140660,6140660,58,58
1306700SN1A,42,1.0000000000,2816168,2816168,50,50
1306700SN2A,42,1.0000000000,3061452,3061452,68,68
1306700SN3A,42,1.0000000000,7163124,7163124,193,193
1306700SN4A,42,0.6195158389,3974305,6415179,38,65
1306700SN4A,61,0.3804841611,2440874,6415179,27,65
1306700SN5A,42,1.0000000000,4909051,4909051,110,110
1306700SN6A,42,0.7743300459,4603245,5944810,67,95
1306700SN6A,61,0.2256699541,1341565,5944810,28,95
1306700SN7A,39,0.0595684185,597297,10027075,8,102
1306700SN7A,61,0.9404315815,9429778,10027075,94,102
1306700SO01,45,1.0000000000,2999375,2999375,17,17
1306700SO02,43,1.0000000000,7232675,7232675,50,50
1306700SO03,45,1.0000000000,6103147,6103147,32,32
1306700SW01,38,1.0000000000,9238174,9238174,38,38
1306700SW02,41,1.0000000000,4679705,4679705,45,45
1306700TM01,43,1.0000000000,3348418,3348418,45,45
1306700TR01,45,1.0000000000,3066743,3066743,17,17
1306700VA01,36,1.0000000000,4102473,4102473,22,22
1306700VG01,60,1.0000000000,3408456,3408456,46,46
1306700VG02,42,0.0155959077,65017,4168850,2,77
1306700VG02,61,0.9844040923,4103833,4168850,75,77
1306700VG03,61,1.0000000000,3025892,3025892,51,51
1306700VG04,60,1.0000000000,5786049,5786049,39,39
1306700WG02,22,1.0000000000,4969241,4969241,35,35
1306700WL01,46,1.0000000000,3291733,3291733,19,19
13069000001,169,0.5925373017,236856350,399732387,678,875
13069000001,176,0.4074626983,162876037,399732387,197,875
13069000002,169,1.0000000000,254464589,254464589,220,220
13069000003,176,1.0000000000,93867289,93867289,40,40
13069000004,169,1.0000000000,324946113,324946113,204,204
13069000005,169,1.0000000000,281274362,281274362,256,256
13069000006,169,1.0000000000,179687290,179687290,107,107
13071000001,172,1.0000000000,20673030,20673030,295,295
13071000002,172,1.0000000000,26468021,26468021,331,331
13071000007,172,1.0000000000,62623760,62623760,102,102
13071000008,172,1.0000000000,106643766,106643766,72,72
13071000009,172,1.0000000000,45465859,45465859,23,23
13071000010,172,1.0000000000,35691941,35691941,102,102
13071000011,172,1.0000000000,62860503,62860503,57,57
13071000012,172,1.0000000000,115436607,115436607,81,81
13071000013,172,1.0000000000,64734452,64734452,47,47
13071000014,172,1.0000000000,51638492,51638492,62,62
13071000015,172,1.0000000000,103612799,103612799,90,90
13071000016,172,1.0000000000,51405253,51405253,43,43
13071000017,172,1.0000000000,106488377,106488377,123,123
13071000018,172,1.0000000000,64331856,64331856,63,63
13071000019,172,1.0000000000,156250036,156250036,149,149
13071000020,172,1.0000000000,88659963,88659963,110,110
13071000021,172,1.0000000000,48109431,48109431,26,26
13071000022,172,1.0000000000,79205164,79205164,58,58
13071000023,172,1.0000000000,126519463,126519463,85,85
13073000010,125,1.0000000000,121809726,121809726,55,55
13073000015,131,1.0000000000,9246655,9246655,24,24
13073000016,125,1.0000000000,8328382,8328382,17,17
13073000017,125,0.2724114068,3898642,14311596,5,48
13073000017,131,0.7275885932,10412954,14311596,43,48
13073000018,131,1.0000000000,13263589,13263589,40,40
13073000020,125,1.0000000000,56436587,56436587,165,165
13073000025,125,1.0000000000,67889192,67889192,54,54
13073000026,125,1.0000000000,20393069,20393069,38,38
13073000030,125,1.0000000000,19723031,19723031,62,62
13073000031,125,1.0000000000,5143010,5143010,73,73
13073000032,125,1.0000000000,15105116,15105116,23,23
13073000033,125,1.0000000000,11593461,11593461,46,46
13073000034,125,1.0000000000,8544181,8544181,30,30
13073000040,125,1.0000000000,99736954,99736954,26,26
13073000050,123,1.0000000000,90430631,90430631,36,36
13073000051,123,1.0000000000,39209471,39209471,33,33
13073000060,131,1.0000000000,9159962,9159962,19,19
13073000061,131,1.0000000000,13961420,13961420,58,58
13073000062,125,1.0000000000,20486387,20486387,45,45
13073000063,131,1.0000000000,2127982,2127982,8,8
13073000064,131,1.0000000000,3939406,3939406,26,26
13073000065,131,1.0000000000,6739567,6739567,20,20
13073000070,127,1.0000000000,2238420,2238420,30,30
13073000074,127,1.0000000000,2730808,2730808,38,38
13073000075,125,1.0000000000,2790250,2790250,30,30
13073000076,127,1.0000000000,4051100,4051100,31,31
13073000080,127,1.0000000000,2571578,2571578,29,29
13073000085,127,1.0000000000,1256053,1256053,22,22
13073000090,127,1.0000000000,2620594,2620594,53,53
13073000100,127,1.0000000000,3524975,3524975,41,41
13073000105,127,1.0000000000,3034962,3034962,12,12
13073000107,127,1.0000000000,7204552,7204552,18,18
13073000108,127,1.0000000000,2608970,2608970,20,20
13073000109,127,1.0000000000,7596974,7596974,43,43
13073000110,127,1.0000000000,2106623,2106623,29,29
13073000111,131,1.0000000000,1657579,1657579,19,19
13073000115,127,1.0000000000,3867765,3867765,36,36
13073000120,131,1.0000000000,4187613,4187613,34,34
13073000125,127,1.0000000000,2802665,2802665,23,23
13073000130,131,1.0000000000,4146822,4146822,31,31
13073000131,131,1.0000000000,8270662,8270662,19,19
13073000132,131,1.0000000000,6264343,6264343,18,18
13073000134,131,1.0000000000,4362103,4362103,38,38
13073000135,127,1.0000000000,5984299,5984299,20,20
13073000136,131,1.0000000000,4032509,4032509,24,24
13073000137,131,1.0000000000,4099536,4099536,19,19
1307500000C,172,1.0000000000,85713323,85713323,206,206
1307500000L,170,1.0000000000,115886071,115886071,170,170
1307500000M,170,1.0000000000,62572082,62572082,78,78
1307500000S,172,1.0000000000,9710088,9710088,123,123
130750000DB,170,1.0000000000,79892710,79892710,181,181
130750000EP,172,1.0000000000,3640595,3640595,65,65
130750000NL,172,1.0000000000,138438380,138438380,102,102
130750000RB,172,1.0000000000,95831156,95831156,118,118
13077000001,136,1.0000000000,65201685,65201685,172,172
13077000002,136,1.0000000000,94687882,94687882,132,132
13077000003,136,1.0000000000,112450666,112450666,104,104
13077000004,70,1.0000000000,50701144,50701144,42,42
13077000005,70,1.0000000000,7519514,7519514,120,120
13077000006,73,1.0000000000,47213211,47213211,75,75
13077000007,67,1.0000000000,34881156,34881156,89,89
13077000008,65,1.0000000000,75703093,75703093,88,88
13077000009,136,1.0000000000,65228510,65228510,134,134
13077000010,136,1.0000000000,38687441,38687441,74,74
13077000011,70,1.0000000000,103798051,103798051,85,85
13077000012,70,1.0000000000,55184752,55184752,115,115
13077000013,70,1.0000000000,48228340,48228340,66,66
13077000014,136,1.0000000000,94913719,94913719,103,103
13077000015,70,1.0000000000,27722298,27722298,52,52
13077000017,70,1.0000000000,14389565,14389565,207,207
13077000018,73,1.0000000000,19668943,19668943,191,191
13077000019,70,1.0000000000,13587749,13587749,102,102
13077000020,70,1.0000000000,9776458,9776458,67,67
13077000021,73,1.0000000000,20417987,20417987,58,58
13077000022,65,1.0000000000,51551418,51551418,75,75
13077000023,67,1.0000000000,13842418,13842418,40,40
13077000024,70,1.0000000000,5452597,5452597,33,33
13077000025,70,1.0000000000,11511312,11511312,34,34
13077000026,67,1.0000000000,21726195,21726195,36,36
13077000027,73,1.0000000000,13631487,13631487,25,25
13077000028,70,0.9252765671,22842595,24687316,182,194
13077000028,73,0.0747234329,1844721,24687316,12,194
13079000002,134,1.0000000000,322260824,322260824,158,158
13079000003,134,1.0000000000,135582019,135582019,75,75
13079000004,134,1.0000000000,88041565,88041565,43,43
13079000005,134,1.0000000000,87640227,87640227,63,63
1307900001A,134,1.0000000000,106442931,106442931,41,41
1307900001B,134,1.0000000000,101556478,101556478,41,41
130810ARABI,148,1.0000000000,169291578,169291578,165,165
130810CONEY,148,1.0000000000,114019953,114019953,60,60
130810CORDE,148,1.0000000000,183420160,183420160,850,850
130810JAMES,148,1.0000000000,117361313,117361313,111,111
130810LISTO,148,1.0000000000,122143798,122143798,96,96
13083000960,1,1.0000000000,54596191,54596191,198,198
13083000974,1,1.0000000000,98907651,98907651,127,127
13083001038,1,1.0000000000,90611362,90611362,107,107
13083001214,1,1.0000000000,78658615,78658615,82,82
13083001222,1,1.0000000000,56507635,56507635,99,99
13083001885,1,1.0000000000,45860659,45860659,42,42
13083001889,1,1.0000000000,25442567,25442567,52,52
13085000001,7,1.0000000000,152900802,152900802,120,120
13085000002,9,1.0000000000,328857174,328857174,445,445
13085000003,9,1.0000000000,64284282,64284282,211,211
13087000513,171,1.0000000000,146268857,146268857,345,345
13087000514,171,1.0000000000,66227299,66227299,239,239
13087000694,171,1.0000000000,304664922,304664922,173,173
13087001277,171,1.0000000000,149436103,149436103,57,57
13087001325,171,1.0000000000,165408172,165408172,95,95
13087001342,171,1.0000000000,127240931,127240931,46,46
13087001361,171,1.0000000000,187554018,187554018,136,136
13087001613,171,1.0000000000,219296516,219296516,148,148
13087001805,171,1.0000000000,180746022,180746022,201,201
130890000AA,86,1.0000000000,2775868,2775868,20,20
130890000AB,83,1.0000000000,2517627,2517627,41,41
130890000AD,80,1.0000000000,3185296,3185296,27,27
130890000AE,85,1.0000000000,3168960,3168960,80,80
130890000AF,84,1.0000000000,2314146,2314146,40,40
130890000AG,52,1.0000000000,3792745,3792745,27,27
130890000AH,52,1.0000000000,2848417,2848417,32,32
130890000AI,84,1.0000000000,2910121,2910121,65,65
130890000BB,89,1.0000000000,2691063,2691063,74,74
130890000BC,101,1.0000000000,2556168,2556168,41,41
130890000BD,101,1.0000000000,2331787,2331787,35,35
130890000BE,83,1.0000000000,1521523,1521523,25,25
130890000BF,87,1.0000000000,6360448,6360448,42,42
130890000BG,101,1.0000000000,2585282,2585282,24,24
130890000BH,87,1.0000000000,4006953,4006953,35,35
130890000BI,83,1.0000000000,1875584,1875584,45,45
130890000BJ,115,1.0000000000,6313385,6313385,38,38
130890000BL,90,0.8810182648,9603544,10900505,51,56
130890000BL,116,0.1189817352,1296961,10900505,5,56
130890000BM,84,1.0000000000,5066050,5066050,41,41
130890000BR,90,1.0000000000,2499977,2499977,74,74
130890000CA,84,1.0000000000,2268708,2268708,24,24
130890000CB,84,1.0000000000,2735728,2735728,23,23
130890000CC,89,1.0000000000,1179105,1179105,12,12
130890000CD,116,1.0000000000,6613646,6613646,32,32
130890000CE,83,1.0000000000,6170138,6170138,80,80
130890000CF,91,1.0000000000,21822190,21822190,38,38
130890000CG,115,1.0000000000,3040179,3040179,26,26
130890000CH,80,1.0000000000,1758195,1758195,24,24
130890000CI,84,1.0000000000,1810200,1810200,49,49
130890000CJ,86,1.0000000000,2652948,2652948,35,35
130890000CK,85,0.5391460763,2528821,4690419,59,118
130890000CK,86,0.4608539237,2161598,4690419,59,118
130890000CL,90,1.0000000000,1968473,1968473,20,20
130890000CM,89,1.0000000000,3333184,3333184,25,25
130890000CO,83,1.0000000000,1462259,1462259,23,23
130890000CP,86,1.0000000000,2407356,2407356,26,26
130890000CQ,89,1.0000000000,3146476,3146476,52,52
130890000CR,90,1.0000000000,5614000,5614000,34,34
130890000CS,116,1.0000000000,6607117,6607117,33,33
130890000CT,85,1.0000000000,879335,879335,8,8
130890000CU,85,1.0000000000,1512170,1512170,31,31
130890000CV,84,1.0000000000,1760949,1760949,44,44
130890000CW,86,1.0000000000,3147214,3147214,30,30
130890000CX,83,1.0000000000,3224898,3224898,44,44
130890000DA,80,1.0000000000,8268036,8268036,106,106
130890000DB,80,1.0000000000,2172553,2172553,42,42
130890000DC,83,0.5730788121,4620574,8062720,55,110
130890000DC,101,0.4269211879,3442146,8062720,55,110
130890000DE,85,1.0000000000,2688673,2688673,36,36
130890000DF,52,1.0000000000,2284495,2284495,29,29
130890000DG,80,1.0000000000,3010719,3010719,13,13
130890000DH,84,0.4945464555,1360071,2750138,25,58
130890000DH,89,0.5054535445,1390067,2750138,33,58
130890000DI,80,1.0000000000,2758986,2758986,21,21
130890000EA,89,1.0000000000,3946822,3946822,111,111
130890000EC,87,0.6093112741,1215498,1994872,16,27
130890000EC,101,0.3906887259,779374,1994872,11,27
130890000EE,90,1.0000000000,2435022,2435022,73,73
130890000EF,87,0.7100175089,2144779,3020741,35,47
130890000EF,101,0.2899824911,875962,3020741,12,47
130890000EG,90,1.0000000000,2112816,2112816,40,40
130890000ER,86,0.0239186981,57380,2398960,2,49
130890000ER,89,0.9760813019,2341580,2398960,47,49
130890000FA,91,1.0000000000,3405418,3405418,23,23
130890000FB,89,1.0000000000,3856398,3856398,46,46
130890000FC,90,1.0000000000,2450191,2450191,33,33
130890000FE,115,1.0000000000,3701844,3701844,29,29
130890000FG,91,1.0000000000,6342976,6342976,25,25
130890000FJ,90,1.0000000000,1676885,1676885,18,18
130890000FK,115,1.0000000000,4323975,4323975,27,27
130890000FL,116,1.0000000000,2274208,2274208,19,19
130890000FM,87,1.0000000000,3762658,3762658,32,32
130890000GA,84,1.0000000000,1659968,1659968,55,55
130890000GB,85,1.0000000000,2124347,2124347,21,21
130890000GC,90,1.0000000000,3533231,3533231,30,30
130890000GD,52,1.0000000000,4005710,4005710,40,40
130890000GF,85,1.0000000000,3294918,3294918,21,21
130890000HA,87,1.0000000000,3421008,3421008,30,30
130890000HB,101,1.0000000000,3555636,3555636,48,48
130890000HC,101,1.0000000000,4087663,4087663,29,29
130890000HF,80,1.0000000000,2470133,2470133,31,31
130890000HG,88,1.0000000000,7447112,7447112,37,37
130890000HH,116,1.0000000000,8344079,8344079,22,22
130890000HI,101,1.0000000000,1221096,1221096,21,21
130890000IA,87,1.0000000000,2004993,2004993,25,25
130890000IB,85,1.0000000000,2108952,2108952,32,32
130890000JA,90,1.0000000000,1076428,1076428,33,33
130890000JB,85,0.0070309188,23471,3338255,1,51
130890000JB,86,0.9929690812,3314784,3338255,50,51
130890000KA,89,1.0000000000,2931781,2931781,31,31
130890000KB,80,1.0000000000,2788371,2788371,18,18
130890000KC,115,1.0000000000,1614627,1614627,13,13
130890000KD,115,1.0000000000,8737528,8737528,44,44
130890000KE,84,1.0000000000,2238879,2238879,34,34
130890000KG,52,1.0000000000,2461538,2461538,18,18
130890000LA,101,1.0000000000,3904439,3904439,52,52
130890000LB,86,1.0000000000,2748546,2748546,27,30
130890000LB,89,0.0000000000,0,2748546,3,30
130890000LC,101,1.0000000000,2237304,2237304,21,21
130890000LD,93,1.0000000000,2402109,2402109,67,67
130890000LE,90,1.0000000000,2025422,2025422,50,50
130890000LH,94,1.0000000000,2529237,2529237,34,34
130890000LV,87,1.0000000000,1426409,1426409,17,17
130890000MA,87,1.0000000000,2789002,2789002,28,28
130890000MB,90,1.0000000000,6744701,6744701,68,68
130890000MC,93,1.0000000000,2455053,2455053,15,15
130890000MD,89,1.0000000000,2646354,2646354,47,47
130890000ME,85,1.0000000000,3948705,3948705,56,56
130890000MF,91,1.0000000000,3325906,3325906,23,23
130890000MG,85,1.0000000000,2303804,2303804,35,35
130890000MH,87,1.0000000000,3961034,3961034,32,32
130890000MI,84,1.0000000000,6845507,6845507,52,52
130890000MJ,83,1.0000000000,1564222,1564222,23,23
130890000MK,86,1.0000000000,5107686,5107686,39,39
130890000ML,90,1.0000000000,10792967,10792967,65,65
130890000MN,86,1.0000000000,2870732,2870732,36,36
130890000MO,84,1.0000000000,2913291,2913291,45,45
130890000MP,89,1.0000000000,1756527,1756527,31,31
130890000MQ,80,1.0000000000,2789188,2789188,25,25
130890000MR,89,1.0000000000,3451038,3451038,23,23
130890000MS,80,1.0000000000,2735712,2735712,27,27
130890000MT,90,1.0000000000,2430651,2430651,67,67
130890000MU,52,1.0000000000,3636386,3636386,27,27
130890000MV,91,1.0000000000,3020044,3020044,15,15
130890000MW,87,1.0000000000,1578057,1578057,18,18
130890000MZ,93,1.0000000000,2440254,2440254,22,22
130890000NB,84,0.0130698603,41638,3185803,1,45
130890000NB,85,0.9869301397,3144165,3185803,44,45
130890000NC,87,1.0000000000,1846059,1846059,15,15
130890000ND,86,1.0000000000,1489383,1489383,16,16
130890000NF,80,1.0000000000,2042366,2042366,15,15
130890000OA,101,1.0000000000,2656676,2656676,33,33
130890000OB,80,1.0000000000,4521656,4521656,61,61
130890000OK,89,1.0000000000,1747393,1747393,46,46
130890000OV,116,1.0000000000,5018205,5018205,34,34
130890000PA,84,1.0000000000,2085439,2085439,27,27
130890000PB,80,1.0000000000,2234289,2234289,29,29
130890000PC,94,1.0000000000,8605521,8605521,28,28
130890000PE,87,1.0000000000,614409,614409,42,42
130890000PF,101,1.0000000000,3096913,3096913,58,58
130890000PG,89,1.0000000000,1610862,1610862,42,42
130890000PH,88,1.0000000000,3963760,3963760,24,24
130890000PI,85,1.0000000000,1927632,1927632,17,17
130890000PN,90,1.0000000000,2124713,2124713,36,36
130890000PR,93,1.0000000000,3905285,3905285,28,28
130890000RA,89,1.0000000000,4217606,4217606,45,45
130890000RC,88,1.0000000000,3528298,3528298,21,21
130890000RD,85,0.5441233793,1102789,2026726,14,24
130890000RD,86,0.4558766207,923937,2026726,10,24
130890000RE,87,1.0000000000,3462858,3462858,37,37
130890000RF,95,1.0000000000,12924140,12924140,19,19
130890000RG,85,1.0000000000,4415238,4415238,47,47
130890000RH,94,1.0000000000,5286713,5286713,30,30
130890000RI,94,0.5144265061,2328103,4525628,14,31
130890000RI,95,0.4855734939,2197525,4525628,17,31
130890000RJ,86,1.0000000000,2968087,2968087,20,20
130890000RK,88,1.0000000000,2881970,2881970,12,12
130890000RL,95,1.0000000000,16042067,16042067,54,54
130890000RM,85,0.5219253757,1143848,2191593,3,14
130890000RM,88,0.4780746243,1047745,2191593,11,14
130890000RN,89,1.0000000000,1088045,1088045,27,27
130890000SA,101,1.0000000000,3661184,3661184,40,40
130890000SB,84,1.0000000000,2062386,2062386,56,56
130890000SC,85,1.0000000000,2826864,2826864,64,64
130890000SD,88,1.0000000000,13224062,13224062,87,87
130890000SE,83,1.0000000000,3493465,3493465,48,48
130890000SF,83,1.0000000000,1925735,1925735,42,42
130890000SG,84,1.0000000000,1681512,1681512,19,19
130890000SH,88,1.0000000000,6683527,6683527,28,28
130890000SI,87,0.3778744090,1814811,4802683,22,52
130890000SI,88,0.6221255910,2987872,4802683,30,52
130890000SJ,87,0.2599895171,675589,2598524,11,44
130890000SJ,88,0.7400104829,1922935,2598524,33,44
130890000SK,88,1.0000000000,4297555,4297555,33,33
130890000SL,93,1.0000000000,7380113,7380113,45,45
130890000SM,115,1.0000000000,10967401,10967401,18,18
130890000SN,86,1.0000000000,1728116,1728116,17,17
130890000SO,95,1.0000000000,2810934,2810934,12,12
130890000SP,87,0.2987208587,536307,1795345,6,26
130890000SP,88,0.7012791413,1259038,1795345,20,26
130890000SQ,88,1.0000000000,2461369,2461369,79,79
130890000SR,84,1.0000000000,2258551,2258551,29,29
130890000SS,91,1.0000000000,3334844,3334844,24,24
130890000ST,94,1.0000000000,5067391,5067391,11,11
130890000SU,87,1.0000000000,3613344,3613344,25,25
130890000SV,88,1.0000000000,4336886,4336886,22,22
130890000SW,91,1.0000000000,9190638,9190638,66,66
130890000TA,90,1.0000000000,2182795,2182795,36,36
130890000TC,89,1.0000000000,1592084,1592084,20,20
130890000TF,88,1.0000000000,5581162,5581162,51,51
130890000TG,80,1.0000000000,1911319,1911319,23,23
130890000TH,87,0.6152746802,3353287,5450065,42,56
130890000TH,88,0.3847253198,2096778,5450065,14,56
130890000VB,85,1.0000000000,954800,954800,16,16
130890000WA,89,1.0000000000,2674034,2674034,39,39
130890000WB,115,1.0000000000,3524594,3524594,16,16
130890000WC,90,1.0000000000,2188097,2188097,71,71
130890000WD,91,1.0000000000,7999352,7999352,32,32
130890000WF,84,1.0000000000,1805635,1805635,34,34
130890000WG,86,1.0000000000,3332011,3332011,24,24
130890000WI,101,1.0000000000,2647026,2647026,27,27
130890000WJ,83,1.0000000000,3012353,3012353,57,57
130890000WK,86,1.0000000000,1997667,1997667,27,27
130890000WL,80,1.0000000000,2227594,2227594,19,19
130890000WN,94,1.0000000000,6098579,6098579,16,16
130890000YA,85,1.0000000000,2253566,2253566,11,11
13091000LEE,133,1.0000000000,124896253,124896253,452,452
130910CHAUN,133,1.0000000000,67576459,67576459,55,55
130910CLARK,133,1.0000000000,29727044,29727044,23,23
130910EDDIN,133,1.0000000000,116504409,116504409,89,89
130910EMPIR,133,1.0000000000,58100941,58100941,53,53
130910JAYBI,133,1.0000000000,75072631,75072631,43,43
130910JONES,133,1.0000000000,77219861,77219861,53,53
130910MCCRA,133,1.0000000000,70509418,70509418,28,28
130910MILAN,133,1.0000000000,31972898,31972898,45,45
130910MITCH,133,1.0000000000,122799052,122799052,36,36
130910MULLI,133,1.0000000000,64571283,64571283,76,76
130910PLAIN,133,1.0000000000,86731536,86731536,48,48
130910PONDT,133,1.0000000000,184924508,184924508,102,102
130910RAWLI,133,1.0000000000,71785114,71785114,69,69
130910VILUL,133,1.0000000000,44344097,44344097,24,24
130910YONKE,133,1.0000000000,57802498,57802498,24,24
13093000002,150,1.0000000000,187490759,187490759,171,171
13093000005,150,1.0000000000,211622295,211622295,300,300
13093000007,150,1.0000000000,358060565,358060565,377,377
13093000008,150,1.0000000000,116257390,116257390,134,134
13093000010,150,1.0000000000,143477637,143477637,110,110
13095000001,153,1.0000000000,17932608,17932608,158,158
13095000002,153,1.0000000000,6477367,6477367,60,60
13095000003,153,1.0000000000,3819459,3819459,101,101
13095000004,153,1.0000000000,9182741,9182741,69,69
13095000005,153,1.0000000000,4376772,4376772,57,57
13095000006,153,1.0000000000,4751205,4751205,139,139
13095000007,151,0.7867602655,16446745,20904392,43,112
13095000007,153,0.2132397345,4457647,20904392,69,112
13095000008,154,1.0000000000,21069877,21069877,129,129
13095000009,154,1.0000000000,216372170,216372170,90,90
13095000010,153,0.3805190263,3267034,8585731,28,95
13095000010,154,0.6194809737,5318697,8585731,67,95
13095000011,154,1.0000000000,6325728,6325728,25,25
13095000012,153,1.0000000000,1762414,1762414,66,66
13095000013,153,1.0000000000,3694789,3694789,123,123
13095000014,154,1.0000000000,1787826,1787826,105,105
13095000015,153,1.0000000000,5428621,5428621,134,134
13095000016,153,1.0000000000,12155325,12155325,70,70
13095000017,153,1.0000000000,5566221,5566221,113,113
13095000018,153,1.0000000000,5804699,5804699,81,81
13095000019,152,1.0000000000,9384670,9384670,51,51
13095000020,152,1.0000000000,109464278,109464278,91,91
13095000021,152,1.0000000000,59302366,59302366,148,148
13095000022,153,1.0000000000,9233110,9233110,132,132
13095000023,153,1.0000000000,60985863,60985863,82,82
13095000024,153,1.0000000000,5611579,5611579,53,53
13095000025,151,1.0000000000,177061301,177061301,75,75
13095000026,154,1.0000000000,57495488,57495488,20,20
13095000027,153,1.0000000000,3659800,3659800,33,33
13095000028,153,1.0000000000,2986981,2986981,24,24
13097000729,66,1.0000000000,11327612,11327612,64,64
13097000730,66,1.0000000000,13663502,13663502,146,146
13097000731,66,1.0000000000,20193249,20193249,72,72
13097000732,66,1.0000000000,6046499,6046499,56,56
13097000733,66,1.0000000000,4737675,4737675,31,31
13097000734,64,1.0000000000,8880753,8880753,51,51
13097000735,64,1.0000000000,10687933,10687933,37,37
13097000737,66,1.0000000000,10446558,10446558,75,75
13097000738,64,1.0000000000,4157374,4157374,30,30
13097000739,64,1.0000000000,7101580,7101580,44,44
13097000740,66,1.0000000000,5538470,5538470,46,46
13097000784,64,1.0000000000,21403078,21403078,62,62
13097000785,64,1.0000000000,18244755,18244755,20,20
13097001258,40,1.0000000000,43792856,43792856,110,110
13097001259,40,1.0000000000,32582772,32582772,42,42
13097001260,40,1.0000000000,74450389,74450389,88,88
13097001270,66,1.0000000000,9032693,9032693,98,98
13097001271,40,1.0000000000,66211882,66211882,85,85
13097001272,64,1.0000000000,41922553,41922553,50,50
13097001273,66,1.0000000000,11863147,11863147,74,74
13097001274,66,1.0000000000,6439188,6439188,42,42
13097001275,64,1.0000000000,35698751,35698751,122,122
13097001276,66,1.0000000000,8439090,8439090,38,38
1309700736N,64,1.0000000000,10301709,10301709,33,33
1309700736S,64,1.0000000000,35190944,35190944,33,33
1309900000A,154,1.0000000000,331565692,331565692,142,142
1309900000B,154,1.0000000000,100101698,100101698,224,224
1309900000U,154,1.0000000000,342091448,342091448,133,133
130990000CS,154,1.0000000000,318282822,318282822,219,219
130990000CU,154,1.0000000000,235584965,235584965,123,123
13101001058,174,1.0000000000,1088849471,1088849471,413,413
1310300001A,159,1.0000000000,32196846,32196846,48,48
1310300001B,159,1.0000000000,79471451,79471451,87,87
1310300001C,159,1.0000000000,31007721,31007721,73,73
1310300001D,161,1.0000000000,20352101,20352101,28,28
1310300002A,161,1.0000000000,26324939,26324939,43,43
1310300002B,161,1.0000000000,19653602,19653602,39,39
1310300002C,161,1.0000000000,64396371,64396371,78,78
1310300003A,159,1.0000000000,267448388,267448388,131,131
1310300003B,159,1.0000000000,195099471,195099471,88,88
1310300003C,159,1.0000000000,87175807,87175807,133,133
1310300003D,159,1.0000000000,113231790,113231790,131,131
1310300004A,159,1.0000000000,72759443,72759443,160,160
1310300004B,159,0.6116850141,29682868,48526394,41,83
1310300004B,161,0.3883149859,18843526,48526394,42,83
1310300004C,159,1.0000000000,58804558,58804558,32,32
1310300005A,161,1.0000000000,43509817,43509817,84,84
1310300005B,161,1.0000000000,14461844,14461844,85,85
1310300005C,161,1.0000000000,65741052,65741052,44,44
13105000189,123,1.0000000000,41499971,41499971,260,260
13105000190,123,1.0000000000,70761628,70761628,61,61
13105000191,123,1.0000000000,108120222,108120222,73,73
13105000192,123,1.0000000000,64648972,64648972,55,55
13105000193,123,1.0000000000,75561060,75561060,62,62
13105000196,123,1.0000000000,128162461,128162461,66,66
13105000197,123,1.0000000000,102949626,102949626,118,118
13105000199,123,1.0000000000,67089542,67089542,52,52
13105000201,123,1.0000000000,89831684,89831684,161,161
13105000202,123,1.0000000000,76295567,76295567,52,52
13105000315,123,1.0000000000,84431403,84431403,85,85
13107000050,158,1.0000000000,147477128,147477128,98,98
13107000052,158,1.0000000000,61145930,61145930,26,26
13107000053,158,1.0000000000,332148707,332148707,629,629
13107000057,158,1.0000000000,137629591,137629591,81,81
13107000058,158,1.0000000000,132055419,132055419,130,130
13107001208,158,1.0000000000,208517308,208517308,140,140
13107001333,158,1.0000000000,203295513,203295513,86,86
13107001429,158,1.0000000000,90949996,90949996,75,75
13107001502,158,1.0000000000,115666264,115666264,109,109
13107001560,158,1.0000000000,175526194,175526194,210,210
13107001748,158,1.0000000000,158267381,158267381,112,112
13109000011,157,1.0000000000,473694905,473694905,888,888
1311100COLW,7,1.0000000000,245615963,245615963,80,80
1311100FAIR,7,1.0000000000,62084611,62084611,64,64
1311100FLIN,7,1.0000000000,45669022,45669022,167,167
1311100HEMP,7,1.0000000000,45690393,45690393,89,89
1311100HOTH,7,1.0000000000,32744693,32744693,63,63
1311100MINE,7,1.0000000000,50343446,50343446,99,99
1311100MOBI,7,1.0000000000,46065244,46065244,50,50
1311100MORG,7,1.0000000000,121040170,121040170,126,126
1311100NOON,7,1.0000000000,78258494,78258494,72,72
1311100SKEN,7,1.0000000000,158082043,158082043,64,64
1311100SUGC,7,1.0000000000,57569086,57569086,79,79
1311100TOCC,7,1.0000000000,59434356,59434356,274,274
13113000001,69,1.0000000000,5122520,5122520,40,40
13113000002,82,1.0000000000,64366067,64366067,91,91
13113000003,69,1.0000000000,15627527,15627527,43,43
13113000004,69,1.0000000000,3997868,3997868,35,35
13113000005,69,1.0000000000,6076334,6076334,43,43
13113000006,69,1.0000000000,16358273,16358273,18,18
13113000007,68,1.0000000000,21234234,21234234,49,49
13113000008,69,1.0000000000,13197815,13197815,44,44
13113000009,68,1.0000000000,16719887,16719887,46,46
13113000010,68,1.0000000000,32359656,32359656,113,113
13113000011,68,1.0000000000,6135603,6135603,40,40
13113000012,73,1.0000000000,2027158,2027158,22,22
13113000013,73,0.3307959213,10977895,33186307,18,43
13113000013,82,0.6692040787,22208412,33186307,25,43
13113000014,73,1.0000000000,25173858,25173858,47,47
13113000015,82,1.0000000000,40173048,40173048,36,36
13113000016,68,1.0000000000,7147216,7147216,47,47
13113000017,73,1.0000000000,1886122,1886122,15,15
13113000018,73,1.0000000000,9141632,9141632,62,62
13113000019,68,0.3338116062,1398929,4190774,6,34
13113000019,73,0.6661883938,2791845,4190774,28,34
13113000020,73,1.0000000000,1235664,1235664,9,9
13113000021,73,1.0000000000,3584803,3584803,34,34
13113000022,73,0.4350884327,1626428,3738155,6,24
13113000022,82,0.5649115673,2111727,3738155,18,24
13113000023,69,1.0000000000,4702059,4702059,12,12
13113000024,69,1.0000000000,11008307,11008307,48,48
13113000025,82,1.0000000000,8206782,8206782,17,17
13113000026,69,1.0000000000,17126286,17126286,63,63
13113000027,68,1.0000000000,31320351,31320351,84,84
13113000028,69,1.0000000000,16766422,16766422,47,47
13113000029,69,1.0000000000,5458606,5458606,61,61
13113000030,82,1.0000000000,10453240,10453240,28,28
13113000031,68,1.0000000000,4762365,4762365,42,42
13113000032,73,1.0000000000,16168376,16168376,53,53
13113000033,73,1.0000000000,4061773,4061773,20,20
13113000034,82,1.0000000000,17000517,17000517,61,61
13113000035,69,1.0000000000,10998892,10998892,68,68
13113000036,82,1.0000000000,13193046,13193046,16,16
13115000001,12,0.5802547918,31175355,53727010,54,132
13115000001,13,0.4197452082,22551655,53727010,78,132
13115000010,12,1.0000000000,41521790,41521790,60,60
13115000015,12,1.0000000000,96145931,96145931,85,85
13115000020,12,1.0000000000,97283861,97283861,108,108
13115000025,13,1.0000000000,66954287,66954287,57,57
13115000030,13,1.0000000000,69651657,69651657,115,115
13115000035,12,1.0000000000,78564876,78564876,25,25
13115000040,12,1.0000000000,70791833,70791833,52,52
13115000045,12,1.0000000000,135592864,135592864,89,89
13115000050,12,1.0000000000,62094184,62094184,242,242
13115000055,13,1.0000000000,35981866,35981866,98,98
13115000060,13,1.0000000000,58740419,58740419,51,51
13115000065,13,1.0000000000,23536112,23536112,112,112
13115000075,12,0.2931002980,2284310,7793612,20,94
13115000075,13,0.7068997020,5509302,7793612,74,94
13115000076,13,1.0000000000,8506644,8506644,153,153
13115000080,12,1.0000000000,135640852,135640852,117,117
13115000085,13,1.0000000000,11777770,11777770,88,88
13115000090,13,1.0000000000,12705175,12705175,191,191
13115000105,13,1.0000000000,11009042,11009042,196,196
13115000110,13,1.0000000000,7212997,7212997,68,68
13115000115,12,1.0000000000,68874977,68874977,31,31
13115000125,12,1.0000000000,31381306,31381306,68,68
13115000130,5,1.0000000000,102967671,102967671,187,187
13115000135,12,1.0000000000,16374119,16374119,131,131
13115000140,13,1.0000000000,15573740,15573740,201,201
13117000001,25,1.0000000000,32896844,32896844,131,131
13117000002,24,1.0000000000,19517787,19517787,93,93
13117000003,26,0.7488911644,35544849,47463304,100,132
13117000003,28,0.2511088356,11918455,47463304,32,132
13117000004,28,1.0000000000,41433439,41433439,72,72
13117000005,28,1.0000000000,23596196,23596196,59,59
13117000006,28,1.0000000000,50160189,50160189,77,77
13117000007,26,0.5680657726,9845904,17332331,95,140
13117000007,28,0.4319342274,7486427,17332331,45,140
13117000008,26,1.0000000000,20261509,20261509,67,67
13117000010,24,1.0000000000,43368775,43368775,155,155
13117000015,11,0.8016901582,42020855,52415331,60,80
13117000015,24,0.1456501915,7634303,52415331,12,80
13117000015,28,0.0526596503,2760173,52415331,8,80
13117000016,24,0.2280617805,11346550,49752089,19,163
13117000016,26,0.2087396973,10385236,49752089,73,163
13117000016,28,0.5631985222,28020303,49752089,71,163
13117000019,25,1.0000000000,16442302,16442302,47,47
13117000021,25,0.5031299206,12724607,25290897,41,73
13117000021,100,0.4968700794,12566290,25290897,32,73
13117000025,26,0.7958758072,16220557,20380764,67,92
13117000025,100,0.2041241928,4160207,20380764,25,92
13117000027,11,0.7160858285,54387588,75951214,61,102
13117000027,28,0.2839141715,21563626,75951214,41,102
13117000029,24,0.5188817487,23606356,45494674,58,166
13117000029,25,0.0013946468,63449,45494674,2,166
13117000029,26,0.4797236046,21824869,45494674,106,166
13119000001,33,1.0000000000,141400062,141400062,217,217
13119000002,33,1.0000000000,125419923,125419923,122,122
13119000003,33,1.0000000000,92528860,92528860,198,198
13119000004,33,1.0000000000,62291760,62291760,214,214
13119000005,33,1.0000000000,56912836,56912836,113,113
13119000006,33,1.0000000000,38097364,38097364,176,176
13119000007,33,1.0000000000,160242428,160242428,172,172
1312100001A,62,1.0000000000,1707156,1707156,49,49
1312100001B,63,1.0000000000,3551781,3551781,82,82
1312100001C,62,1.0000000000,3268778,3268778,51,51
1312100001D,59,1.0000000000,772092,772092,27,27
1312100001E,62,1.0000000000,2298455,2298455,80,80
1312100001F,59,1.0000000000,681314,681314,22,22
1312100001G,62,1.0000000000,1210398,1210398,52,52
1312100001H,59,1.0000000000,506399,506399,24,24
1312100001I,59,1.0000000000,178746,178746,12,12
1312100001J,62,1.0000000000,2362319,2362319,74,74
1312100001P,63,1.0000000000,1801759,1801759,29,29
1312100001R,63,1.0000000000,1622469,1622469,20,20
1312100001S,63,1.0000000000,3464451,3464451,32,32
1312100001T,63,1.0000000000,2541262,2541262,32,32
1312100002A,56,0.5101230386,216838,425070,14,28
1312100002A,57,0.4898769614,208232,425070,14,28
1312100002B,58,1.0000000000,1237054,1237054,101,101
1312100002C,58,1.0000000000,425429,425429,9,9
1312100002D,58,1.0000000000,1264823,1264823,45,45
1312100002E,58,1.0000000000,916669,916669,33,33
1312100002G,59,1.0000000000,1046072,1046072,45,45
1312100002J,57,1.0000000000,700591,700591,28,28
1312100002K,57,1.0000000000,341643,341643,21,21
1312100002S,59,1.0000000000,413386,413386,29,29
1312100002W,56,1.0000000000,158578,158578,4,4
1312100003A,56,1.0000000000,1264424,1264424,28,28
1312100003B,55,1.0000000000,589805,589805,14,14
1312100003C,55,1.0000000000,2223589,2223589,43,43
1312100003D,56,1.0000000000,812921,812921,19,19
1312100003E,56,1.0000000000,973517,973517,39,39
1312100003F,56,1.0000000000,1102135,1102135,57,57
1312100003G,56,1.0000000000,438008,438008,23,23
1312100003H,55,1.0000000000,857198,857198,16,16
1312100003I,56,1.0000000000,2154588,2154588,57,57
1312100003L,55,1.0000000000,698357,698357,19,19
1312100003M,55,1.0000000000,1823141,1823141,35,35
1312100003N,56,1.0000000000,1792546,1792546,113,113
1312100003S,55,1.0000000000,1368540,1368540,15,15
1312100003T,56,1.0000000000,1304263,1304263,60,60
1312100004A,56,1.0000000000,842141,842141,40,40
1312100004B,58,1.0000000000,782840,782840,35,35
1312100004C,56,1.0000000000,326207,326207,7,7
1312100004D,56,1.0000000000,927720,927720,38,38
1312100004F,56,1.0000000000,934583,934583,41,41
1312100004G,59,1.0000000000,709569,709569,20,20
1312100004I,58,1.0000000000,1403640,1403640,78,78
1312100004J,56,1.0000000000,571766,571766,34,34
1312100004K,58,1.0000000000,1578135,1578135,60,60
1312100004L,58,1.0000000000,1215750,1215750,37,37
1312100004M,58,1.0000000000,632427,632427,17,17
1312100004S,58,1.0000000000,1603554,1603554,25,25
1312100004T,58,1.0000000000,887281,887281,17,17
1312100004V,59,1.0000000000,1776683,1776683,77,77
1312100004W,56,1.0000000000,197328,197328,5,5
1312100005B,59,1.0000000000,716104,716104,37,37
1312100005C,59,1.0000000000,87354,87354,7,7
1312100005D,58,1.0000000000,190099,190099,7,7
1312100005F,58,1.0000000000,126258,126258,4,4
1312100005J,58,1.0000000000,158179,158179,3,3
1312100005K,59,1.0000000000,714015,714015,35,35
1312100006B,58,1.0000000000,598333,598333,17,17
1312100006D,57,1.0000000000,6408450,6408450,141,141
1312100006E,57,1.0000000000,1238623,1238623,19,19
1312100006F,58,1.0000000000,843404,843404,26,26
1312100006G,58,1.0000000000,339082,339082,9,9
1312100006I,57,1.0000000000,1337070,1337070,45,45
1312100006J,57,1.0000000000,2274268,2274268,39,39
1312100006N,57,1.0000000000,1379526,1379526,21,21
1312100006Q,57,1.0000000000,570981,570981,17,17
1312100006R,56,0.2492646692,205000,822419,7,24
1312100006R,57,0.7507353308,617419,822419,17,24
1312100007A,54,1.0000000000,4153480,4153480,54,54
1312100007B,54,1.0000000000,4403353,4403353,47,47
1312100007C,54,1.0000000000,1691772,1691772,34,34
1312100007D,54,1.0000000000,2277419,2277419,42,42
1312100007E,54,1.0000000000,1376308,1376308,19,19
1312100007F,54,1.0000000000,1991924,1991924,34,34
1312100007H,57,1.0000000000,1149170,1149170,23,23
1312100007J,57,1.0000000000,1459033,1459033,29,29
1312100007M,54,1.0000000000,1182351,1182351,20,20
1312100007N,57,1.0000000000,606028,606028,9,9
1312100008A,60,1.0000000000,8244084,8244084,38,38
1312100008B,53,1.0000000000,5098300,5098300,48,48
1312100008C,53,0.7430964305,4010027,5396375,22,32
1312100008C,60,0.2569035695,1386348,5396375,10,32
1312100008D,53,1.0000000000,2409068,2409068,13,13
1312100008E,60,1.0000000000,8570888,8570888,51,51
1312100008G,55,1.0000000000,1467634,1467634,15,15
1312100008H,55,1.0000000000,2168416,2168416,37,37
1312100008J,55,1.0000000000,2182391,2182391,38,38
1312100008K,55,1.0000000000,968397,968397,17,17
1312100008L,55,1.0000000000,1701634,1701634,35,35
1312100008M,53,1.0000000000,2735303,2735303,28,28
1312100008P,55,0.5707368423,648990,1137109,9,19
1312100008P,56,0.4292631577,488119,1137109,10,19
1312100009A,60,1.0000000000,6618815,6618815,89,89
1312100009B,61,1.0000000000,4816198,4816198,19,19
1312100009C,60,1.0000000000,2918391,2918391,31,31
1312100009D,55,1.0000000000,2118806,2118806,36,36
1312100009E,55,1.0000000000,5593030,5593030,70,70
1312100009F,60,1.0000000000,2764142,2764142,41,41
1312100009G,55,1.0000000000,4601572,4601572,64,64
1312100009H,55,1.0000000000,1058618,1058618,18,18
1312100009I,55,1.0000000000,2012828,2012828,51,51
1312100009K,60,1.0000000000,8817833,8817833,91,91
1312100009M,60,1.0000000000,4195726,4195726,45,45
1312100010A,60,1.0000000000,5337566,5337566,39,39
1312100010B,55,1.0000000000,6143965,6143965,64,64
1312100010C,60,1.0000000000,1648471,1648471,7,7
1312100010D,55,0.0901352172,433914,4814034,6,46
1312100010D,60,0.9098647828,4380120,4814034,40,46
1312100010E,60,1.0000000000,1496089,1496089,21,21
1312100010F,55,1.0000000000,1279635,1279635,20,20
1312100010G,56,1.0000000000,2474941,2474941,10,10
1312100010I,56,1.0000000000,550410,550410,2,2
1312100010J,56,1.0000000000,3027319,3027319,18,18
1312100010K,56,1.0000000000,2214876,2214876,28,28
1312100010M,56,1.0000000000,1509457,1509457,42,42
1312100010P,60,1.0000000000,2007754,2007754,27,27
1312100010R,55,1.0000000000,582976,582976,9,9
1312100011B,55,0.2563428986,2342061,9136438,18,86
1312100011B,61,0.7436571014,6794377,9136438,68,86
1312100011C,55,0.1144342138,748718,6542781,12,29
1312100011C,61,0.8855657862,5794063,6542781,17,29
1312100011G,59,1.0000000000,873042,873042,16,16
1312100011H,56,1.0000000000,1866260,1866260,11,11
1312100011J,59,1.0000000000,1994829,1994829,29,29
1312100011K,58,1.0000000000,3346190,3346190,30,30
1312100011M,58,1.0000000000,5544487,5544487,38,38
1312100011N,58,1.0000000000,3282317,3282317,33,33
1312100011P,59,1.0000000000,2525822,2525822,20,20
1312100011R,58,1.0000000000,1242458,1242458,16,16
1312100012A,59,1.0000000000,5242688,5242688,120,120
1312100012D,62,1.0000000000,1557194,1557194,26,26
1312100012F,62,1.0000000000,2397744,2397744,28,28
1312100012G,62,1.0000000000,524919,524919,10,10
1312100012I,59,1.0000000000,530100,530100,3,3
1312100012J,63,1.0000000000,3491483,3491483,35,35
1312100012K,59,1.0000000000,2538423,2538423,108,108
1312100012L,59,1.0000000000,2490966,2490966,35,35
1312100012M,63,1.0000000000,11717326,11717326,76,76
1312100012N,59,1.0000000000,783604,783604,36,36
1312100012S,59,1.0000000000,1027389,1027389,25,25
131210002F1,58,1.0000000000,1269920,1269920,33,33
131210002F2,58,1.0000000000,277300,277300,6,6
131210002L1,57,1.0000000000,706982,706982,47,47
131210002L2,56,1.0000000000,489530,489530,26,26
131210003P2,56,1.0000000000,422224,422224,8,8
131210004X1,58,1.0000000000,1304512,1304512,40,40
131210004X2,58,1.0000000000,533226,533226,13,13
131210005A1,59,1.0000000000,1344493,1344493,57,57
131210005A2,63,1.0000000000,1564329,1564329,67,67
131210006L1,57,1.0000000000,720983,720983,20,20
131210006L2,57,1.0000000000,1304872,1304872,34,34
131210008F1,53,1.0000000000,3733085,3733085,34,34
131210008F2,60,1.0000000000,70492,70492,2,2
131210008N1,60,1.0000000000,1264932,1264932,8,8
131210008N2,60,1.0000000000,969217,969217,7,7
131210010H1,55,1.0000000000,510645,510645,7,7
131210010H2,55,1.0000000000,2046360,2046360,15,15
131210011E1,65,1.0000000000,4610870,4610870,18,18
131210011E2,59,1.0000000000,1076877,1076877,12,12
131210011E3,59,1.0000000000,3257260,3257260,33,33
131210012E1,62,1.0000000000,2701107,2701107,40,40
131210012E2,63,1.0000000000,909674,909674,10,10
131210012H1,63,1.0000000000,846282,846282,17,17
131210012H2,63,1.0000000000,3257812,3257812,24,24
13121003P1A,56,1.0000000000,1495876,1495876,65,65
13121003P1B,56,1.0000000000,101627,101627,3,3
1312100AP03,48,1.0000000000,1161361,1161361,12,12
1312100AP05,25,1.0000000000,6705427,6705427,34,34
1312100AP06,49,1.0000000000,2364779,2364779,26,26
1312100AP10,49,1.0000000000,1272607,1272607,9,9
1312100AP14,48,0.9202580188,2494502,2710655,24,35
1312100AP14,49,0.0797419812,216153,2710655,11,35
1312100CH01,65,1.0000000000,4953854,4953854,15,15
1312100CH02,65,1.0000000000,28688891,28688891,32,32
1312100CH03,65,1.0000000000,49397332,49397332,48,48
1312100CH05,65,1.0000000000,42044924,42044924,33,33
1312100CP02,63,1.0000000000,2830147,2830147,89,89
1312100HP01,63,1.0000000000,6231491,6231491,156,156
1312100JC01,50,1.0000000000,12176396,12176396,54,54
1312100JC02,50,1.0000000000,6831668,6831668,50,50
1312100JC05,50,1.0000000000,1836250,1836250,11,11
1312100JC06,50,1.0000000000,4338752,4338752,17,17
1312100JC07,50,1.0000000000,5047589,5047589,48,48
1312100JC08,50,1.0000000000,3134956,3134956,16,16
1312100JC09,50,1.0000000000,2666841,2666841,33,33
1312100JC10,50,1.0000000000,2555934,2555934,31,31
1312100JC11,50,1.0000000000,7161077,7161077,31,31
1312100JC12,48,1.0000000000,8249330,8249330,30,30
1312100JC14,48,1.0000000000,2763550,2763550,8,8
1312100JC15,48,1.0000000000,933103,933103,15,15
1312100JC16,48,1.0000000000,2354679,2354679,21,21
1312100JC18,48,1.0000000000,3241525,3241525,12,12
1312100JC19,48,0.7126379593,3484821,4890030,7,14
1312100JC19,51,0.2873620407,1405209,4890030,7,14
1312100ML03,47,1.0000000000,19199429,19199429,39,39
1312100MP01,47,1.0000000000,1132842,1132842,34,34
1312100PA01,67,1.0000000000,28325081,28325081,105,105
1312100RW01,49,1.0000000000,10258138,10258138,71,71
1312100RW02,53,1.0000000000,6470993,6470993,33,33
1312100RW03,51,0.4394464028,3376007,7682409,25,84
1312100RW03,53,0.5605535972,4306402,7682409,59,84
1312100RW04,51,1.0000000000,2794527,2794527,20,20
1312100RW05,48,1.0000000000,6991044,6991044,60,60
1312100RW06,51,1.0000000000,3186802,3186802,21,21
1312100RW08,49,1.0000000000,3243806,3243806,33,33
1312100RW09,47,0.5501194595,8966764,16299667,16,50
1312100RW09,49,0.4498805405,7332903,16299667,34,50
1312100RW10,53,1.0000000000,5561144,5561144,33,33
1312100RW12,49,1.0000000000,9692612,9692612,59,59
1312100RW13,48,1.0000000000,5829580,5829580,32,32
1312100RW16,49,1.0000000000,3785902,3785902,14,14
1312100RW17,51,1.0000000000,3137770,3137770,41,41
1312100RW19,47,1.0000000000,2780653,2780653,17,17
1312100RW20,51,1.0000000000,4136502,4136502,23,23
1312100RW21,51,1.0000000000,5033967,5033967,25,25
1312100SC02,61,1.0000000000,1223630,1223630,7,7
1312100SC04,65,1.0000000000,24978472,24978472,44,44
1312100SC10,63,1.0000000000,1996532,1996532,21,21
1312100SC13,65,0.8394397911,15386949,18330021,38,61
1312100SC13,67,0.1605602089,2943072,18330021,23,61
1312100SC15,65,1.0000000000,19473191,19473191,67,67
1312100SC20,65,1.0000000000,9209533,9209533,22,22
1312100SC27,63,1.0000000000,2560509,2560509,36,36
1312100SS01,51,1.0000000000,8305116,8305116,35,35
1312100SS03,52,1.0000000000,1750291,1750291,15,15
1312100SS04,52,1.0000000000,2764438,2764438,35,35
1312100SS05,53,1.0000000000,2726680,2726680,16,16
1312100SS06,52,1.0000000000,2905764,2905764,20,20
1312100SS12,54,1.0000000000,4734205,4734205,42,42
1312100SS14,54,1.0000000000,1942994,1942994,24,24
1312100SS16,53,1.0000000000,6309746,6309746,33,33
1312100SS17,51,1.0000000000,8656241,8656241,36,36
1312100SS20,51,1.0000000000,2406424,2406424,24,24
1312100SS22,53,1.0000000000,5384853,5384853,17,17
1312100SS26,51,1.0000000000,1956869,1956869,26,26
1312100SS31,52,1.0000000000,1607113,1607113,25,25
131210AP01A,49,1.0000000000,8921257,8921257,82,82
131210AP01B,49,1.0000000000,2122455,2122455,32,32
131210AP01C,49,1.0000000000,2620073,2620073,8,8
131210AP01D,48,1.0000000000,4002442,4002442,31,31
131210AP01E,48,1.0000000000,19669,19669,1,1
131210AP021,49,1.0000000000,3623190,3623190,43,43
131210AP022,48,0.3485575037,1536774,4408954,13,37
131210AP022,49,0.6514424963,2872180,4408954,24,37
131210AP02B,48,1.0000000000,2223736,2223736,19,19
131210AP04A,49,1.0000000000,2306947,2306947,25,25
131210AP04B,49,1.0000000000,880696,880696,7,7
131210AP07A,47,1.0000000000,5144990,5144990,57,57
131210AP07B,47,0.4416280367,1654820,3747090,12,26
131210AP07B,49,0.5583719633,2092270,3747090,14,26
131210AP09A,25,1.0000000000,5519390,5519390,34,34
131210AP09B,50,1.0000000000,692279,692279,10,10
131210AP12A,47,1.0000000000,1108205,1108205,15,15
131210AP12B,47,1.0000000000,6535187,6535187,38,38
131210AP12C,49,1.0000000000,1461434,1461434,39,39
131210AP12D,47,1.0000000000,137977,137977,4,4
131210CH04A,65,1.0000000000,24498568,24498568,33,33
131210CH04B,67,1.0000000000,43154,43154,3,3
131210CP011,63,1.0000000000,1092877,1092877,36,36
131210CP012,62,1.0000000000,2211326,2211326,38,38
131210CP01B,63,1.0000000000,375450,375450,21,21
131210CP04A,63,1.0000000000,111752,111752,5,5
131210CP04B,63,1.0000000000,1288073,1288073,34,34
131210CP051,62,1.0000000000,2409029,2409029,21,21
131210CP052,62,1.0000000000,623058,623058,12,12
131210CP053,62,1.0000000000,19001,19001,1,1
131210CP05B,63,1.0000000000,663378,663378,2,2
131210CP06A,63,1.0000000000,1617683,1617683,17,17
131210CP06B,63,1.0000000000,323617,323617,3,3
131210CP07A,62,1.0000000000,474406,474406,9,9
131210CP07B,63,1.0000000000,1916699,1916699,11,11
131210CP07C,62,1.0000000000,47910,47910,2,2
131210CP07D,62,1.0000000000,104211,104211,2,2
131210CP07E,62,1.0000000000,36083,36083,2,2
131210CP07F,62,1.0000000000,108286,108286,2,2
131210CP081,63,1.0000000000,623782,623782,6,6
131210CP083,63,1.0000000000,874574,874574,9,9
131210CP084,62,1.0000000000,3167597,3167597,34,34
131210CP08A,63,1.0000000000,539767,539767,6,6
131210EP01A,62,1.0000000000,2617855,2617855,83,83
131210EP01B,59,0.6992404898,2527267,3614303,48,93
131210EP01B,62,0.3007595102,1087036,3614303,45,93
131210EP02A,63,1.0000000000,3391020,3391020,95,95
131210EP02B,62,1.0000000000,2075482,2075482,60,60
131210EP02C,63,1.0000000000,1352212,1352212,55,55
131210EP02D,62,1.0000000000,1131669,1131669,23,23
131210EP02E,62,1.0000000000,2296711,2296711,37,37
131210EP03A,62,1.0000000000,5223294,5223294,60,60
131210EP03B,62,1.0000000000,2396686,2396686,21,21
131210EP04A,62,1.0000000000,5915528,5915528,79,79
131210EP04B,65,1.0000000000,7903005,7903005,54,54
131210FA01A,67,1.0000000000,8820483,8820483,65,65
131210FA01B,67,1.0000000000,29539303,29539303,185,185
131210FA01C,68,1.0000000000,5203583,5203583,38,38
131210JC03A,50,1.0000000000,421158,421158,4,4
131210JC03B,50,1.0000000000,1459383,1459383,7,7
131210JC04A,50,1.0000000000,3690002,3690002,17,17
131210JC04B,50,1.0000000000,337603,337603,4,4
131210JC13A,48,1.0000000000,4961725,4961725,11,11
131210JC13B,48,1.0000000000,737400,737400,4,4
131210ML011,49,1.0000000000,8243242,8243242,55,55
131210ML012,47,0.9643166708,3260805,3381467,8,10
131210ML012,49,0.0356833292,120662,3381467,2,10
131210ML01B,47,0.9780544528,2987571,3054606,20,21
131210ML01B,49,0.0219455472,67035,3054606,1,21
131210ML021,47,1.0000000000,16940040,16940040,25,25
131210ML022,47,1.0000000000,1337483,1337483,4,4
131210ML023,47,1.0000000000,6807144,6807144,13,13
131210ML024,47,1.0000000000,974206,974206,2,2
131210ML04A,47,1.0000000000,6454129,6454129,17,17
131210ML04B,47,1.0000000000,6241971,6241971,9,9
131210ML04C,47,1.0000000000,567483,567483,3,3
131210ML05A,47,1.0000000000,49002,49002,3,3
131210ML05B,47,1.0000000000,1851061,1851061,3,3
131210ML05C,47,1.0000000000,6373102,6373102,32,32
131210ML06A,47,1.0000000000,2515765,2515765,47,47
131210ML06B,47,1.0000000000,2239712,2239712,25,25
131210ML071,47,1.0000000000,300879,300879,3,3
131210ML072,47,1.0000000000,7829747,7829747,24,24
131210ML07A,47,1.0000000000,5335673,5335673,10,10
131210RW07A,51,1.0000000000,757009,757009,17,17
131210RW07B,48,1.0000000000,657130,657130,9,9
131210RW11A,53,1.0000000000,3341894,3341894,23,23
131210RW11B,53,1.0000000000,352802,352802,7,7
131210RW22A,51,1.0000000000,3385593,3385593,50,50
131210RW22B,51,1.0000000000,75286,75286,2,2
131210SC01A,61,1.0000000000,3054577,3054577,3,3
131210SC01B,65,1.0000000000,6649301,6649301,31,31
131210SC01C,61,1.0000000000,6893986,6893986,23,23
131210SC01D,61,1.0000000000,8565149,8565149,20,20
131210SC05A,65,1.0000000000,1134934,1134934,14,14
131210SC05B,65,1.0000000000,6406664,6406664,38,38
131210SC05D,65,1.0000000000,7548911,7548911,31,31
131210SC05E,65,1.0000000000,3699849,3699849,17,17
131210SC07A,65,0.0716090447,1921175,26828664,17,149
131210SC07A,67,0.9283909553,24907489,26828664,132,149
131210SC07B,65,1.0000000000,19578,19578,1,1
131210SC07C,68,1.0000000000,1237624,1237624,11,11
131210SC08A,68,1.0000000000,15869,15869,1,1
131210SC08B,62,0.0762264402,519908,6820573,12,64
131210SC08B,68,0.9237735598,6300665,6820573,52,64
131210SC08C,65,1.0000000000,62709,62709,2,2
131210SC08D,63,1.0000000000,454157,454157,8,8
131210SC08E,68,1.0000000000,616997,616997,11,11
131210SC08F,68,1.0000000000,2057663,2057663,11,11
131210SC08G,68,1.0000000000,275716,275716,1,1
131210SC08H,68,1.0000000000,701647,701647,13,13
131210SC09A,63,1.0000000000,1621730,1621730,16,16
131210SC09B,69,1.0000000000,2463346,2463346,19,19
131210SC09C,69,1.0000000000,1673465,1673465,21,21
131210SC11A,69,1.0000000000,2145167,2145167,13,13
131210SC11B,69,1.0000000000,2098696,2098696,20,20
131210SC14A,60,1.0000000000,2779605,2779605,11,11
131210SC14B,61,1.0000000000,11201535,11201535,65,65
131210SC16A,61,1.0000000000,9642274,9642274,51,51
131210SC16B,61,1.0000000000,4318998,4318998,36,36
131210SC17A,65,1.0000000000,183044,183044,2,2
131210SC17B,68,1.0000000000,317360,317360,9,9
131210SC17C,68,1.0000000000,3245951,3245951,22,22
131210SC18A,65,1.0000000000,2694212,2694212,12,12
131210SC18B,65,1.0000000000,2865949,2865949,9,9
131210SC18C,65,1.0000000000,6194866,6194866,20,20
131210SC19A,65,1.0000000000,740696,740696,14,14
131210SC19B,62,1.0000000000,2679644,2679644,34,34
131210SC211,68,1.0000000000,4472593,4472593,28,28
131210SC212,68,1.0000000000,6856968,6856968,97,97
131210SC21A,68,1.0000000000,33778,33778,2,2
131210SC23A,69,1.0000000000,3515831,3515831,31,31
131210SC23B,69,1.0000000000,1835760,1835760,11,11
131210SC23C,69,1.0000000000,4584554,4584554,30,30
131210SC29A,69,1.0000000000,3256556,3256556,30,30
131210SC29B,68,1.0000000000,39182,39182,4,4
131210SC30A,55,1.0000000000,651509,651509,4,4
131210SC30B,55,1.0000000000,2175879,2175879,20,20
131210SS02A,53,1.0000000000,1311860,1311860,15,15
131210SS02B,52,1.0000000000,669391,669391,3,3
131210SS07A,52,1.0000000000,1611625,1611625,11,11
131210SS07B,52,1.0000000000,756043,756043,11,11
131210SS07C,52,1.0000000000,858961,858961,13,13
131210SS08A,52,1.0000000000,1386052,1386052,24,24
131210SS08B,52,1.0000000000,642809,642809,8,8
131210SS08C,52,1.0000000000,485031,485031,3,3
131210SS08D,52,1.0000000000,1613789,1613789,18,18
131210SS09A,53,1.0000000000,10513351,10513351,40,40
131210SS09B,53,1.0000000000,7539085,7539085,39,39
131210SS11A,54,1.0000000000,2346985,2346985,14,14
131210SS11B,54,1.0000000000,1214568,1214568,7,7
131210SS11C,54,1.0000000000,233344,233344,4,4
131210SS11D,54,1.0000000000,322238,322238,4,4
131210SS13A,54,1.0000000000,1380349,1380349,17,17
131210SS13B,54,1.0000000000,993206,993206,13,13
131210SS15A,51,1.0000000000,1699094,1699094,22,22
131210SS15B,51,1.0000000000,1011266,1011266,17,17
131210SS18A,53,1.0000000000,1280064,1280064,7,7
131210SS18B,53,1.0000000000,573058,573058,2,2
131210SS19A,53,1.0000000000,2361767,2361767,13,13
131210SS19B,53,1.0000000000,2670591,2670591,20,20
131210SS29A,52,1.0000000000,2615909,2615909,35,35
131210SS29B,52,1.0000000000,3632,3632,1,1
131210UC01A,68,1.0000000000,6122406,6122406,36,36
131210UC01B,63,1.0000000000,1394795,1394795,2,2
131210UC01C,68,1.0000000000,788014,788014,8,8
131210UC01D,68,1.0000000000,2237264,2237264,26,26
131210UC01E,65,1.0000000000,1982387,1982387,12,12
131210UC02A,65,0.1173027468,3115846,26562430,11,157
131210UC02A,67,0.8826972532,23446584,26562430,146,157
131210UC02B,65,1.0000000000,2787298,2787298,6,6
131210UC031,68,1.0000000000,5973413,5973413,54,54
131210UC032,68,1.0000000000,1006649,1006649,13,13
131210UC033,69,1.0000000000,197531,197531,5,5
131210UC035,68,1.0000000000,629119,629119,7,7
13123000001,7,1.0000000000,39725702,39725702,185,185
13123000002,7,1.0000000000,102943520,102943520,69,69
13123000003,7,1.0000000000,112505939,112505939,97,97
13123000004,7,1.0000000000,41935059,41935059,80,80
13123000005,7,1.0000000000,93430253,93430253,122,122
13123000006,7,1.0000000000,82713265,82713265,101,101
13123000007,7,1.0000000000,87106451,87106451,79,79
13123000008,7,1.0000000000,142307980,142307980,64,64
13123000009,7,1.0000000000,31574809,31574809,102,102
13123000010,7,1.0000000000,25346290,25346290,76,76
13123000011,7,1.0000000000,61907734,61907734,55,55
13123000012,7,1.0000000000,199756794,199756794,120,120
13123000013,7,1.0000000000,82632835,82632835,92,92
1312500EDGH,128,1.0000000000,50070161,50070161,31,31
1312500GIBS,128,1.0000000000,78021973,78021973,85,85
1312500MILL,128,1.0000000000,147605183,147605183,132,132
1312500MITC,128,1.0000000000,96601928,96601928,75,75
13127001713,167,1.0000000000,417027990,417027990,344,344
13127001923,167,1.0000000000,134062146,134062146,137,137
13127001933,180,1.0000000000,105607898,105607898,140,140
13127001943,179,1.0000000000,20020611,20020611,120,120
13127002713,179,1.0000000000,52942107,52942107,111,111
13127002923,179,1.0000000000,85541682,85541682,104,104
13127002933,179,1.0000000000,11274076,11274076,80,80
13127002943,179,1.0000000000,15769030,15769030,175,175
13127002953,180,1.0000000000,47927507,47927507,92,92
13127003713,167,1.0000000000,22517587,22517587,75,75
13127003723,179,1.0000000000,5669983,5669983,57,57
13127003733,179,1.0000000000,42337905,42337905,94,94
13127003743,167,1.0000000000,38692032,38692032,72,72
13127004913,179,1.0000000000,10355294,10355294,110,110
13127004923,179,1.0000000000,7291213,7291213,64,64
13127004933,179,1.0000000000,17187909,17187909,89,89
13127005913,179,1.0000000000,7750623,7750623,93,93
13127005923,179,1.0000000000,30675836,30675836,323,323
13127005933,179,1.0000000000,5655558,5655558,275,275
13127005943,179,1.0000000000,8544244,8544244,126,126
13129000856,5,1.0000000000,57369707,57369707,93,93
13129000874,5,1.0000000000,147276050,147276050,167,167
13129000973,5,1.0000000000,65267363,65267363,58,58
13129000980,5,1.0000000000,59509381,59509381,104,104
13129001054,5,1.0000000000,68655957,68655957,59,59
13129001055,5,1.0000000000,58081412,58081412,87,87
13129001056,5,1.0000000000,109954462,109954462,107,107
13129001063,6,1.0000000000,63412081,63412081,49,49
13129001064,5,1.0000000000,67432993,67432993,30,30
13129001235,6,1.0000000000,101644449,101644449,73,73
131290849-A,5,1.0000000000,83150471,83150471,390,390
131290849-B,5,1.0000000000,41428275,41428275,392,392
1313100000B,171,1.0000000000,88063510,88063510,50,50
1313100000D,173,1.0000000000,188015669,188015669,65,65
1313100000H,171,1.0000000000,125493545,125493545,106,106
1313100000L,171,1.0000000000,111448648,111448648,43,43
1313100000M,173,1.0000000000,109383579,109383579,103,103
1313100000P,173,1.0000000000,37777652,37777652,40,40
1313100000R,171,1.0000000000,84342552,84342552,65,65
1313100000S,171,1.0000000000,87637307,87637307,86,86
1313100000W,171,1.0000000000,95198270,95198270,124,124
131310000SH,171,1.0000000000,115217836,115217836,77,77
131310000WL,173,1.0000000000,88831229,88831229,128,128
13131000C04,173,1.0000000000,32020128,32020128,195,195
13131000C05,173,1.0000000000,13621489,13621489,227,227
13133000001,124,1.0000000000,403131964,403131964,321,321
13133000004,124,1.0000000000,192143744,192143744,197,197
13133000005,124,1.0000000000,115189056,115189056,108,108
13133000006,124,1.0000000000,64677539,64677539,56,56
13133000008,124,1.0000000000,228522189,228522189,220,220
13135000001,111,1.0000000000,35393872,35393872,85,85
13135000002,95,1.0000000000,7285664,7285664,21,21
13135000003,105,1.0000000000,16314261,16314261,90,90
13135000004,99,1.0000000000,5719870,5719870,60,60
13135000005,110,1.0000000000,4168466,4168466,20,20
13135000006,107,1.0000000000,3823094,3823094,32,32
13135000007,99,1.0000000000,7636514,7636514,84,84
13135000008,104,1.0000000000,7804138,7804138,21,21
13135000009,103,1.0000000000,10988693,10988693,42,42
13135000010,110,1.0000000000,5622130,5622130,61,61
13135000011,108,1.0000000000,5246556,5246556,40,40
13135000012,88,1.0000000000,6838470,6838470,69,69
13135000013,104,1.0000000000,4042672,4042672,20,20
13135000014,108,1.0000000000,5904899,5904899,31,31
13135000015,102,1.0000000000,6983760,6983760,74,74
13135000016,102,1.0000000000,6631100,6631100,51,51
13135000017,109,1.0000000000,4393949,4393949,22,22
13135000018,106,0.7754247033,2953602,3809012,28,36
13135000018,107,0.2245752967,855410,3809012,8,36
13135000019,106,1.0000000000,4797828,4797828,25,25
13135000020,96,1.0000000000,3685623,3685623,48,48
13135000021,98,1.0000000000,4079466,4079466,49,49
13135000022,97,1.0000000000,3703580,3703580,34,34
13135000023,98,1.0000000000,3724147,3724147,34,34
13135000024,103,1.0000000000,20086529,20086529,157,157
13135000025,100,1.0000000000,15118217,15118217,89,89
13135000026,103,1.0000000000,7111693,7111693,27,27
13135000027,105,1.0000000000,14379875,14379875,50,50
13135000028,104,1.0000000000,17977337,17977337,38,38
13135000029,108,1.0000000000,2625412,2625412,19,19
13135000030,93,1.0000000000,6104404,6104404,40,40
13135000031,105,1.0000000000,5540255,5540255,31,31
13135000032,108,1.0000000000,3393065,3393065,23,23
13135000033,108,1.0000000000,3413506,3413506,14,14
13135000034,106,0.4219342042,1693719,4014178,14,38
13135000034,108,0.5780657958,2320459,4014178,24,38
13135000035,94,1.0000000000,7055545,7055545,52,52
13135000036,94,1.0000000000,5270472,5270472,27,27
13135000037,97,1.0000000000,2902113,2902113,27,27
13135000038,96,1.0000000000,9808059,9808059,103,103
13135000039,30,0.8454907456,15297541,18093091,84,98
13135000039,104,0.1545092544,2795550,18093091,14,98
13135000040,97,1.0000000000,11988529,11988529,112,112
13135000041,112,1.0000000000,14872883,14872883,40,40
13135000042,102,1.0000000000,8145582,8145582,44,44
13135000043,109,1.0000000000,2886582,2886582,17,17
13135000044,95,1.0000000000,5211783,5211783,42,42
13135000045,94,1.0000000000,7534743,7534743,36,36
13135000046,95,1.0000000000,3147241,3147241,18,18
13135000047,106,1.0000000000,5313550,5313550,42,42
13135000048,96,1.0000000000,6322909,6322909,42,42
13135000049,94,1.0000000000,3384727,3384727,32,32
13135000050,96,1.0000000000,3817513,3817513,26,26
13135000051,98,1.0000000000,4272531,4272531,41,41
13135000052,108,1.0000000000,3677432,3677432,22,22
13135000053,95,1.0000000000,6197248,6197248,55,55
13135000054,100,1.0000000000,13935820,13935820,80,80
13135000055,100,0.1874165121,3465041,18488451,30,184
13135000055,103,0.8125834879,15023410,18488451,154,184
13135000056,97,1.0000000000,3773060,3773060,37,37
13135000057,97,1.0000000000,6881446,6881446,81,81
13135000058,98,1.0000000000,7406391,7406391,42,42
13135000059,97,1.0000000000,8131312,8131312,74,74
13135000060,102,1.0000000000,10412652,10412652,101,101
13135000061,106,1.0000000000,4706070,4706070,37,37
13135000062,48,1.0000000000,3267733,3267733,14,14
13135000063,48,1.0000000000,4094292,4094292,26,26
13135000064,94,1.0000000000,8889598,8889598,55,55
13135000065,98,0.5293149243,1800515,3401595,11,26
13135000065,108,0.4706850757,1601080,3401595,15,26
13135000066,98,1.0000000000,3327633,3327633,37,37
13135000067,103,0.1383759564,1732475,12520058,4,85
13135000067,105,0.8616240436,10787583,12520058,81,85
13135000068,94,1.0000000000,4293559,4293559,31,31
13135000069,94,1.0000000000,5539801,5539801,37,37
13135000070,103,1.0000000000,5369983,5369983,31,31
13135000071,102,0.4079506910,2544683,6237722,18,36
13135000071,111,0.5920493090,3693039,6237722,18,36
13135000072,109,1.0000000000,6082139,6082139,52,52
13135000073,48,1.0000000000,2030282,2030282,21,21
13135000074,109,1.0000000000,3684867,3684867,30,30
13135000075,95,1.0000000000,7880104,7880104,34,34
13135000076,93,1.0000000000,9938143,9938143,17,17
13135000077,107,1.0000000000,9516371,9516371,63,63
13135000078,102,1.0000000000,5890515,5890515,32,32
13135000079,108,1.0000000000,3445250,3445250,17,17
13135000080,110,1.0000000000,18903374,18903374,33,33
13135000081,93,1.0000000000,6768870,6768870,48,48
13135000082,97,1.0000000000,5027935,5027935,53,53
13135000083,107,1.0000000000,4965950,4965950,22,22
13135000084,106,1.0000000000,4023593,4023593,55,55
13135000085,102,0.0021384222,12810,5990398,1,22
13135000085,105,0.4317432665,2586314,5990398,8,22
13135000085,107,0.5661183113,3391274,5990398,13,22
13135000086,109,1.0000000000,3929423,3929423,40,40
13135000087,96,1.0000000000,5052297,5052297,59,59
13135000088,95,1.0000000000,5201165,5201165,37,37
13135000089,103,1.0000000000,6905821,6905821,61,61
13135000090,102,1.0000000000,5797866,5797866,43,43
13135000091,110,1.0000000000,8786869,8786869,35,35
13135000092,108,1.0000000000,3816240,3816240,33,33
13135000093,108,1.0000000000,4284343,4284343,26,26
13135000094,106,1.0000000000,4494777,4494777,25,25
13135000095,96,0.6715119658,9620022,14325913,63,107
13135000095,107,0.3284880342,4705891,14325913,44,107
13135000096,96,0.4306411701,2410138,5596627,24,73
13135000096,99,0.5693588299,3186489,5596627,49,73
13135000097,107,1.0000000000,7215454,7215454,52,52
13135000098,107,1.0000000000,5520313,5520313,47,47
13135000099,96,1.0000000000,4827244,4827244,46,46
13135000100,99,1.0000000000,7273263,7273263,48,48
13135000101,97,1.0000000000,2162351,2162351,26,26
13135000102,103,1.0000000000,6280558,6280558,31,31
13135000103,109,1.0000000000,3915224,3915224,45,45
13135000104,93,1.0000000000,11343238,11343238,27,27
13135000105,99,1.0000000000,7074391,7074391,50,50
13135000106,99,1.0000000000,14690920,14690920,99,99
13135000107,108,1.0000000000,2217737,2217737,14,14
13135000108,93,0.3407670613,2945920,8644967,14,55
13135000108,110,0.6592329387,5699047,8644967,41,55
13135000109,108,1.0000000000,4509049,4509049,26,26
13135000110,107,1.0000000000,6101507,6101507,42,42
13135000111,97,1.0000000000,5793894,5793894,31,31
13135000112,108,1.0000000000,5460298,5460298,35,35
13135000113,98,1.0000000000,2290148,2290148,19,19
13135000114,96,0.5479489680,4033814,7361660,50,81
13135000114,97,0.4520510320,3327846,7361660,31,81
13135000115,106,1.0000000000,6539172,6539172,47,47
13135000116,109,1.0000000000,4486748,4486748,28,28
13135000117,109,1.0000000000,3566109,3566109,31,31
13135000118,94,1.0000000000,3005337,3005337,24,24
13135000119,108,1.0000000000,4605387,4605387,27,27
13135000120,108,1.0000000000,3816787,3816787,31,31
13135000121,97,1.0000000000,4610388,4610388,34,34
13135000122,95,1.0000000000,13051779,13051779,59,59
13135000123,98,1.0000000000,3050544,3050544,32,32
13135000124,107,1.0000000000,2178987,2178987,44,44
13135000125,48,1.0000000000,2184257,2184257,11,11
13135000126,48,1.0000000000,3955937,3955937,19,19
13135000127,106,1.0000000000,2296058,2296058,18,18
13135000128,107,1.0000000000,2910328,2910328,28,28
13135000129,104,1.0000000000,16259639,16259639,39,39
13135000130,100,1.0000000000,10104156,10104156,29,29
13135000131,99,1.0000000000,5776050,5776050,64,64
13135000132,105,1.0000000000,3571001,3571001,14,14
13135000133,111,1.0000000000,29093312,29093312,77,77
13135000134,110,1.0000000000,7372949,7372949,51,51
13135000135,104,1.0000000000,11329696,11329696,32,32
13135000136,105,1.0000000000,11370468,11370468,36,36
13135000137,105,1.0000000000,6157093,6157093,28,28
13135000138,99,1.0000000000,8952734,8952734,45,45
13135000139,106,1.0000000000,6088026,6088026,39,39
13135000140,100,1.0000000000,8243950,8243950,41,41
13135000141,100,1.0000000000,4327218,4327218,32,32
13135000142,99,0.6823608041,4831238,7080181,21,36
13135000142,103,0.3176391959,2248943,7080181,15,36
13135000143,106,1.0000000000,5169899,5169899,44,44
13135000144,102,1.0000000000,11510506,11510506,55,55
13135000145,110,1.0000000000,13032263,13032263,78,78
13135000146,110,1.0000000000,20377835,20377835,62,62
13135000147,102,0.2039360770,2390368,11721163,11,43
13135000147,110,0.7960639230,9330795,11721163,32,43
13135000148,108,1.0000000000,3164900,3164900,25,25
13135000149,107,1.0000000000,2093080,2093080,15,15
13135000150,96,1.0000000000,3436685,3436685,41,41
13135000151,111,1.0000000000,15320711,15320711,29,29
13135000152,105,1.0000000000,6285395,6285395,24,24
13135000153,106,1.0000000000,3074596,3074596,20,20
13135000154,105,1.0000000000,7691737,7691737,34,34
13135000155,99,1.0000000000,4796893,4796893,43,43
13135000156,93,1.0000000000,8030631,8030631,56,56
13137000001,10,1.0000000000,298744778,298744778,426,426
13137000002,10,0.4912325524,47393789,96479333,384,432
13137000002,32,0.5087674476,49085544,96479333,48,432
13137000003,10,1.0000000000,78034570,78034570,217,217
13137000004,32,1.0000000000,6289447,6289447,66,66
13137000005,10,1.0000000000,7595183,7595183,90,90
13137000006,10,1.0000000000,79431254,79431254,176,176
13137000007,10,1.0000000000,150509419,150509419,68,68
13139000001,28,0.6847763954,13382342,19542645,53,126
13139000001,29,0.3152236046,6160303,19542645,73,126
13139000002,29,1.0000000000,14480247,14480247,183,183
13139000003,29,1.0000000000,18601645,18601645,240,240
13139000004,29,1.0000000000,13864824,13864824,92,92
13139000005,30,1.0000000000,15490591,15490591,128,128
13139000006,30,1.0000000000,10621801,10621801,78,78
13139000007,100,1.0000000000,27385131,27385131,199,199
13139000008,30,1.0000000000,37568088,37568088,63,63
13139000009,30,1.0000000000,17402184,17402184,102,102
13139000010,30,1.0000000000,63417406,63417406,130,130
13139000011,31,1.0000000000,80005136,80005136,131,131
13139000012,27,1.0000000000,69898222,69898222,208,208
13139000013,27,1.0000000000,93770788,93770788,218,218
13139000014,27,1.0000000000,100219205,100219205,167,167
13139000015,27,1.0000000000,60858374,60858374,78,78
13139000016,27,1.0000000000,54750646,54750646,123,123
13139000017,27,1.0000000000,29609897,29609897,69,69
13139000018,28,1.0000000000,20012915,20012915,72,72
13139000019,27,1.0000000000,36303246,36303246,118,118
13139000020,27,1.0000000000,11312321,11312321,98,98
13139000021,29,1.0000000000,8851212,8851212,115,115
13139000022,29,1.0000000000,12717607,12717607,128,128
13139000023,29,1.0000000000,15378190,15378190,336,336
13139000024,29,1.0000000000,14445382,14445382,243,243
13139000025,27,1.0000000000,4824075,4824075,57,57
13139000026,27,1.0000000000,37787131,37787131,57,57
13139000027,27,1.0000000000,64534507,64534507,99,99
13139000028,30,1.0000000000,20706074,20706074,132,132
13139000029,103,1.0000000000,20153338,20153338,67,67
13139000030,30,1.0000000000,17806699,17806699,50,50
13139000031,103,1.0000000000,5514063,5514063,44,44
1314100001A,128,1.0000000000,157090464,157090464,126,126
1314100001B,128,1.0000000000,21370482,21370482,27,27
1314100002A,128,1.0000000000,80122858,80122858,55,55
1314100002B,128,1.0000000000,118497045,118497045,106,106
1314100003A,128,1.0000000000,169083607,169083607,54,54
1314100003B,128,1.0000000000,200893370,200893370,65,65
1314100003C,128,1.0000000000,94740668,94740668,28,28
1314100004A,128,1.0000000000,119435672,119435672,72,72
1314100004B,128,1.0000000000,172281119,172281119,67,67
1314100004C,128,1.0000000000,86542133,86542133,32,32
13143000002,18,1.0000000000,58752653,58752653,334,334
13143000003,18,1.0000000000,113371810,113371810,175,175
13143000004,18,1.0000000000,58271687,58271687,79,79
13143000005,18,1.0000000000,59771632,59771632,69,69
13143000006,18,1.0000000000,62430006,62430006,33,33
13143000007,18,1.0000000000,32953520,32953520,39,39
13143000008,18,1.0000000000,60920636,60920636,28,28
13143000009,18,1.0000000000,30370830,30370830,25,25
13143000010,18,1.0000000000,48765307,48765307,67,67
13143000011,18,1.0000000000,83857237,83857237,52,52
13143000012,18,1.0000000000,72453532,72453532,215,215
13143000013,18,1.0000000000,48885743,48885743,91,91
131450000CA,139,1.0000000000,70837708,70837708,45,45
131450000EL,139,1.0000000000,87941965,87941965,88,88
131450000GM,138,1.0000000000,100046035,100046035,152,152
131450000HA,138,1.0000000000,213557255,213557255,152,152
131450000L9,138,1.0000000000,67458156,67458156,47,47
131450000MG,138,1.0000000000,37203944,37203944,37,37
131450000PV,138,1.0000000000,61393921,61393921,56,56
131450000SK,138,1.0000000000,63620915,63620915,86,86
131450000U9,138,1.0000000000,100069883,100069883,76,76
131450000VP,138,1.0000000000,53341635,53341635,58,58
131450000WA,139,1.0000000000,174853665,174853665,127,127
131450000WH,138,1.0000000000,170915264,170915264,95,95
13147000002,33,1.0000000000,87778313,87778313,383,383
13147000003,33,1.0000000000,94241762,94241762,180,180
13147000004,33,1.0000000000,83955982,83955982,90,90
13147000005,33,1.0000000000,92970424,92970424,140,140
13147000006,33,1.0000000000,65270681,65270681,140,140
13147000007,33,1.0000000000,76070772,76070772,132,132
13147000008,33,1.0000000000,101682679,101682679,149,149
13149000CEN,72,1.0000000000,142103119,142103119,108,108
13149000COO,72,1.0000000000,91324373,91324373,66,66
13149000ENO,72,1.0000000000,81524664,81524664,66,66
13149000EPH,72,1.0000000000,142387688,142387688,97,97
13149000FRA,72,1.0000000000,182660362,182660362,157,157
13149000SOU,72,1.0000000000,126567151,126567151,49,49
13151000025,117,1.0000000000,46865223,46865223,145,145
13151000026,81,1.0000000000,34401012,34401012,56,56
13151000027,81,1.0000000000,46019461,46019461,53,53
13151000028,117,1.0000000000,10967179,10967179,126,126
13151000029,117,1.0000000000,50759479,50759479,159,159
13151000030,74,1.0000000000,55606120,55606120,196,196
13151000031,74,1.0000000000,39376150,39376150,112,112
13151000032,78,1.0000000000,20724879,20724879,63,63
13151000033,78,1.0000000000,10082677,10082677,109,109
13151000034,117,1.0000000000,11745317,11745317,110,110
13151000035,117,1.0000000000,11536408,11536408,92,92
13151000036,81,1.0000000000,32429101,32429101,33,33
13151000037,81,1.0000000000,26309434,26309434,54,54
13151000038,115,0.9829573387,15011752,15272028,108,111
13151000038,116,0.0170426613,260276,15272028,3,111
13151000039,78,0.1507050126,2306761,15306465,35,160
13151000039,116,0.8492949874,12999704,15306465,125,160
13151000041,116,1.0000000000,12618768,12618768,111,111
13151000042,115,1.0000000000,20907374,20907374,85,85
13151000043,115,1.0000000000,23414772,23414772,48,48
13151000044,115,1.0000000000,17267831,17267831,56,56
13151000045,116,1.0000000000,13279456,13279456,80,80
13151000046,116,1.0000000000,12654040,12654040,51,51
13151000047,115,1.0000000000,16854625,16854625,48,48
13151000048,81,1.0000000000,40963120,40963120,81,81
13151000049,117,1.0000000000,16606060,16606060,80,80
13151000050,78,1.0000000000,20951513,20951513,80,80
13151000051,78,1.0000000000,25601646,25601646,92,92
13151000052,81,1.0000000000,16516045,16516045,64,64
13151000053,78,0.0065100674,70755,10868551,2,86
13151000053,115,0.0008875148,9646,10868551,3,86
13151000053,116,0.9926024177,10788150,10868551,81,86
13151000054,78,1.0000000000,8558089,8558089,89,89
13151000055,81,1.0000000000,14919302,14919302,37,37
13151000056,116,1.0000000000,12436997,12436997,50,50
13151000057,78,0.9968805640,10750041,10783680,47,48
13151000057,116,0.0031194360,33639,10783680,1,48
13151000058,81,1.0000000000,39665442,39665442,50,50
13151000059,81,1.0000000000,21482944,21482944,99,99
13151000060,81,1.0000000000,13073887,13073887,99,99
13151000061,117,1.0000000000,7507324,7507324,108,108
13151000062,81,1.0000000000,21116619,21116619,27,27
13153000BMS,146,1.0000000000,52014432,52014432,229,229
13153000TMS,147,1.0000000000,12074784,12074784,152,152
13153000VHS,146,0.1138337471,17903471,157277358,86,191
13153000VHS,148,0.8861662529,139373887,157277358,105,191
1315300ANNX,147,1.0000000000,11502126,11502126,121,121
1315300CENT,143,0.0068858036,111230,16153525,6,182
1315300CENT,147,0.9931141964,16042295,16153525,176,182
1315300CGTC,146,1.0000000000,22180981,22180981,117,117
1315300FMMS,146,0.5899094146,8161733,13835570,147,196
1315300FMMS,147,0.4100905854,5673837,13835570,49,196
1315300HAFS,148,1.0000000000,218709861,218709861,143,143
1315300HCTC,147,1.0000000000,8690685,8690685,119,119
1315300HEFS,148,1.0000000000,157483065,157483065,100,100
1315300HHPC,143,0.4992833256,7933643,15890062,135,275
1315300HHPC,147,0.5007166744,7956419,15890062,140,275
1315300MCMS,146,0.4665815729,8163670,17496769,79,174
1315300MCMS,147,0.5334184271,9333099,17496769,95,174
1315300NSES,143,1.0000000000,24265155,24265155,87,87
1315300RECR,143,0.9987666446,67674675,67758245,513,514
1315300RECR,146,0.0012333554,83570,67758245,1,514
1315300ROZR,146,0.5906697070,100623496,170354929,356,559
1315300ROZR,148,0.4093302930,69731433,170354929,203,559
1315300TWPK,146,1.0000000000,8266590,8266590,110,110
13155000901,169,1.0000000000,319369404,319369404,350,350
13155001529,169,1.0000000000,355578318,355578318,560,560
13155001753,169,1.0000000000,242847515,242847515,229,229
13157001000,31,1.0000000000,213616688,213616688,608,608
13157002000,31,0.2999284857,94841537,316213836,188,755
13157002000,32,0.5286744758,167174184,316213836,411,755
13157002000,120,0.1713970384,54198115,316213836,156,755
13157003000,31,0.8883996501,112804367,126974799,267,332
13157003000,119,0.1116003499,14170432,126974799,65,332
13157004000,120,1.0000000000,222905692,222905692,393,393
13159000289,144,1.0000000000,85752263,85752263,49,49
13159000290,144,1.0000000000,129454394,129454394,94,94
13159000293,144,1.0000000000,118504168,118504168,53,53
13159000295,144,1.0000000000,410105833,410105833,374,374
13159000296,144,1.0000000000,48075759,48075759,76,76
13159000297,144,1.0000000000,68966413,68966413,71,71
13159000363,144,1.0000000000,93308806,93308806,102,102
13161000100,157,1.0000000000,41172287,41172287,131,131
13161000201,157,1.0000000000,24076045,24076045,63,63
13161000202,157,1.0000000000,133238848,133238848,88,88
13161000301,157,1.0000000000,56990525,56990525,109,109
13161000302,157,1.0000000000,131819670,131819670,90,90
13161000401,157,1.0000000000,35634659,35634659,61,61
13161000402,157,1.0000000000,238826136,238826136,142,142
13161000501,157,1.0000000000,59824111,59824111,88,88
13161000502,157,1.0000000000,135493611,135493611,45,45
13163000076,132,1.0000000000,116712573,116712573,47,47
13163000077,132,1.0000000000,127862931,127862931,77,77
13163000081,132,1.0000000000,176434257,176434257,306,306
13163000082,132,1.0000000000,537420695,537420695,397,397
13163000083,132,1.0000000000,144551293,144551293,243,243
13163000085,132,1.0000000000,126538766,126538766,112,112
13163001460,132,1.0000000000,76614040,76614040,148,148
13163001593,132,1.0000000000,57636802,57636802,55,55
13165000001,126,1.0000000000,12819405,12819405,74,74
13165000002,126,1.0000000000,2955725,2955725,77,77
13165000003,126,1.0000000000,330231395,330231395,169,169
13165000004,126,1.0000000000,223408861,223408861,130,130
13165000005,126,1.0000000000,330153726,330153726,161,161
13167000055,155,1.0000000000,212620175,212620175,135,135
13167001201,155,1.0000000000,115193396,115193396,174,174
13167001266,155,1.0000000000,74558356,74558356,41,41
13167001301,155,1.0000000000,152216671,152216671,60,60
13167001405,155,1.0000000000,58536362,58536362,37,37
13167001746,155,1.0000000000,27423193,27423193,44,44
13167001820,155,1.0000000000,144267077,144267077,72,72
13169000001,144,1.0000000000,47212397,47212397,71,71
13169000002,144,1.0000000000,58062533,58062533,67,67
13169000003,144,0.8520762539,32064375,37630875,36,66
13169000003,149,0.1479237461,5566500,37630875,30,66
13169000004,144,0.2971582405,37517029,126252696,21,70
13169000004,149,0.7028417595,88735667,126252696,49,70
13169000005,144,1.0000000000,219388771,219388771,78,78
13169000006,144,1.0000000000,297363500,297363500,84,84
13169000008,144,1.0000000000,54089110,54089110,27,27
13169000009,144,1.0000000000,111665725,111665725,55,55
13169000010,149,1.0000000000,59527962,59527962,89,89
13169000011,144,1.0000000000,9110583,9110583,85,85
13171001711,134,1.0000000000,14318301,14318301,125,125
13171001713,134,1.0000000000,97613580,97613580,159,159
13171001714,135,1.0000000000,149916828,149916828,231,231
1317101712A,135,1.0000000000,65197274,65197274,68,68
1317101712B,135,1.0000000000,65620893,65620893,58,58
1317101712C,134,1.0000000000,82597528,82597528,36,36
13173000001,176,1.0000000000,509030778,509030778,569,569
13175000003,155,1.0000000000,12159200,12159200,146,146
13175000004,155,1.0000000000,20866923,20866923,392,392
13175000005,155,1.0000000000,90593074,90593074,291,291
13175000007,155,1.0000000000,142390156,142390156,68,68
13175000008,155,1.0000000000,198805325,198805325,106,106
13175000010,155,1.0000000000,121394466,121394466,107,107
13175000011,155,1.0000000000,169864170,169864170,106,106
13175000012,155,1.0000000000,97018038,97018038,129,129
13175000013,155,1.0000000000,164385452,164385452,153,153
13175000014,155,1.0000000000,82614642,82614642,71,71
13175000015,155,1.0000000000,185818747,185818747,122,122
13175000016,155,1.0000000000,336179858,336179858,184,184
13175000018,155,1.0000000000,201182123,201182123,109,109
13175000019,155,1.0000000000,79043605,79043605,86,86
13175000021,155,1.0000000000,98554907,98554907,252,252
13175000022,155,1.0000000000,90119356,90119356,178,178
13177000001,152,1.0000000000,255632230,255632230,52,52
13177000002,152,1.0000000000,213916080,213916080,110,110
13177000003,152,1.0000000000,107466801,107466801,43,43
13177000004,152,1.0000000000,60749344,60749344,114,114
13177000005,152,1.0000000000,106868654,106868654,39,39
13177000006,152,1.0000000000,19674386,19674386,72,72
13177000007,152,1.0000000000,18347891,18347891,30,30
13177000008,152,1.0000000000,10435455,10435455,35,35
13177000009,152,1.0000000000,31391453,31391453,39,39
13177000010,152,1.0000000000,97248802,97248802,67,67
13179000001,168,1.0000000000,233881178,233881178,134,134
13179000002,168,1.0000000000,4236937,4236937,49,49
13179000003,168,1.0000000000,295916475,295916475,230,230
13179000004,168,1.0000000000,12699119,12699119,93,93
13179000005,168,1.0000000000,56717414,56717414,29,29
13179000006,168,1.0000000000,124928653,124928653,158,158
13179000007,168,1.0000000000,55650870,55650870,146,146
13179000009,168,1.0000000000,3982714,3982714,51,51
13179000010,168,1.0000000000,6945740,6945740,45,45
13179000011,168,1.0000000000,25216843,25216843,109,109
13179000012,168,1.0000000000,4889799,4889799,59,59
13179000013,167,0.9737905396,465642079,478174782,228,385
13179000013,168,0.0262094604,12532703,478174782,157,385
13179000014,168,1.0000000000,34413578,34413578,101,101
13181000002,123,1.0000000000,90526879,90526879,99,99
131810001-A,123,1.0000000000,148006605,148006605,102,102
131810001-B,123,1.0000000000,42815146,42815146,54,54
131810003-A,123,1.0000000000,49806770,49806770,23,23
131810003-B,123,1.0000000000,64584715,64584715,31,31
131810004-A,123,1.0000000000,50045843,50045843,55,55
131810004-B,123,1.0000000000,99098817,99098817,68,68
13183000001,167,1.0000000000,233198065,233198065,124,124
13183000002,167,1.0000000000,144239022,144239022,122,122
13183000003,167,1.0000000000,32228905,32228905,63,63
13183000004,167,1.0000000000,34181188,34181188,50,50
13183000005,167,1.0000000000,306380124,306380124,109,109
13183000006,167,1.0000000000,160904225,160904225,67,67
13183000007,167,1.0000000000,125875038,125875038,102,102
13185000001,175,1.0000000000,151683909,151683909,313,313
13185000002,175,0.3632158882,59045054,162561870,150,421
13185000002,176,0.5387743264,87584162,162561870,155,421
13185000002,177,0.0980097854,15932654,162561870,116,421
13185000003,175,0.4387794255,34638372,78942562,128,773
13185000003,177,0.5612205745,44304190,78942562,645,773
13185000004,174,1.0000000000,197327019,197327019,130,130
13185000005,175,0.6770986777,87711771,129540603,91,351
13185000005,177,0.3229013223,41828832,129540603,260,351
13185000006,177,1.0000000000,29472441,29472441,313,313
13185000007,175,1.0000000000,295267033,295267033,182,182
13185000008,174,1.0000000000,148360201,148360201,204,204
13185000009,174,0.3772993165,35725114,94686400,92,225
13185000009,175,0.6227006835,58961286,94686400,133,225
131870000DA,9,0.9238618545,677025005,732820607,818,891
131870000DA,27,0.0761381455,55795602,732820607,73,891
13189000131,128,1.0000000000,8358668,8358668,55,55
13189000132,125,1.0000000000,253865011,253865011,110,110
13189000134,128,1.0000000000,66279252,66279252,118,118
13189000135,128,1.0000000000,93036467,93036467,192,192
13189000136,128,1.0000000000,7093500,7093500,117,117
13189000137,128,1.0000000000,40627431,40627431,49,49
13189000139,128,1.0000000000,19846300,19846300,47,47
1318900133A,128,1.0000000000,99134155,99134155,90,90
1318900133B,125,1.0000000000,78349230,78349230,123,123
13191000022,167,1.0000000000,208114586,208114586,178,178
13191000271,167,1.0000000000,129714618,129714618,131,131
13191001312,167,1.0000000000,140871209,140871209,132,132
13191001480,167,1.0000000000,181748087,181748087,92,92
13191001515,167,1.0000000000,111317890,111317890,111,111
13191001771,167,1.0000000000,345435596,345435596,325,325
13193000001,150,1.0000000000,417230547,417230547,312,312
13193000002,150,1.0000000000,177463904,177463904,205,205
13193000003,150,1.0000000000,298449970,298449970,182,182
13193000004,150,1.0000000000,7942903,7942903,136,136
13193000005,150,1.0000000000,136622621,136622621,112,112
13195000COB,123,1.0000000000,71565928,71565928,156,156
13195000COL,123,1.0000000000,55295848,55295848,50,50
13195000COM,123,1.0000000000,42130331,42130331,125,125
13195000DAN,123,1.0000000000,108897044,108897044,178,178
13195000FOR,123,1.0000000000,44834594,44834594,78,78
13195000HAR,33,1.0000000000,54859328,54859328,66,66
13195000HUL,123,1.0000000000,55981132,55981132,131,131
13195000ILA,33,1.0000000000,61676328,61676328,88,88
13195000MIL,33,1.0000000000,90810007,90810007,88,88
13195000PAO,123,1.0000000000,26834360,26834360,28,28
13195000PIT,33,1.0000000000,62990064,62990064,108,108
13195000POC,33,1.0000000000,55339588,55339588,45,45
13197000034,151,1.0000000000,132931343,132931343,37,37
13197000339,151,1.0000000000,99024046,99024046,54,54
13197000539,151,1.0000000000,83248100,83248100,40,40
13197000807,151,1.0000000000,277987390,277987390,148,148
13197000808,151,1.0000000000,83361471,83361471,50,50
13197000948,151,1.0000000000,134885155,134885155,46,46
13197000955,151,1.0000000000,135772153,135772153,72,72
13199000001,137,1.0000000000,37449244,37449244,37,37
13199000002,137,1.0000000000,14004330,14004330,123,123
13199000003,137,1.0000000000,15281729,15281729,68,68
13199000004,136,1.0000000000,99041138,99041138,41,41
13199000005,136,1.0000000000,224568511,224568511,162,162
13199000006,136,1.0000000000,114851109,114851109,67,67
13199000007,136,1.0000000000,186005428,186005428,112,112
13199000008,136,1.0000000000,138184179,138184179,99,99
13199000009,136,1.0000000000,84382215,84382215,89,89
13199000010,136,1.0000000000,79533942,79533942,124,124
13199000011,137,1.0000000000,84793790,84793790,99,99
13199000012,137,1.0000000000,115450451,115450451,98,98
13199000013,136,1.0000000000,58534001,58534001,47,47
13199000014,136,1.0000000000,45262039,45262039,29,29
13201000001,154,1.0000000000,731471756,731471756,456,456
132050000BA,171,1.0000000000,107946176,107946176,90,90
132050000BV,171,1.0000000000,185868625,185868625,63,63
132050000CN,171,1.0000000000,193353563,193353563,130,130
132050000CS,171,1.0000000000,164251671,164251671,226,226
132050000CT,171,1.0000000000,90307570,90307570,59,59
132050000HF,171,1.0000000000,153687081,153687081,50,50
132050000HI,171,1.0000000000,53387539,53387539,23,23
132050000LS,171,1.0000000000,153755424,153755424,74,74
132050000PC,171,1.0000000000,53083527,53083527,17,17
132050000PE,171,1.0000000000,131912082,131912082,271,271
132050000SC,171,1.0000000000,38929827,38929827,47,47
13207000001,144,1.0000000000,62670076,62670076,41,41
13207000002,145,1.0000000000,52190725,52190725,45,45
13207000003,144,0.0027776742,190104,68439992,5,95
13207000003,145,0.9972223258,68249888,68439992,90,95
13207000004,118,1.0000000000,84581149,84581149,58,58
13207000005,145,1.0000000000,95256767,95256767,38,38
13207000006,145,1.0000000000,87076593,87076593,52,52
13207000007,118,1.0000000000,75921989,75921989,65,65
13207000008,118,1.0000000000,92946127,92946127,76,76
13207000009,145,1.0000000000,67010281,67010281,317,317
13207000010,118,1.0000000000,37940879,37940879,52,52
13207000011,145,1.0000000000,78790022,78790022,30,30
13207000012,118,1.0000000000,111062301,111062301,64,64
13207000013,118,1.0000000000,48483910,48483910,30,30
13207000014,145,1.0000000000,63501637,63501637,28,28
13209000001,156,1.0000000000,79528116,79528116,97,97
13209000002,156,1.0000000000,65187630,65187630,66,66
13209000003,156,1.0000000000,80817316,80817316,122,122
13209000004,156,1.0000000000,66659411,66659411,65,65
13209000005,156,1.0000000000,110412441,110412441,168,168
13209000006,156,1.0000000000,76975945,76975945,75,75
13209000007,156,1.0000000000,144982199,144982199,147,147
13211000001,114,1.0000000000,83205452,83205452,153,153
13211000002,114,1.0000000000,98414702,98414702,111,111
13211000003,114,1.0000000000,92441381,92441381,52,52
13211000004,114,1.0000000000,144561645,144561645,215,215
13211000005,114,1.0000000000,131129499,131129499,104,104
13211000006,114,1.0000000000,120869162,120869162,162,162
13211000007,114,1.0000000000,229169255,229169255,173,173
13213000824,6,1.0000000000,116647798,116647798,248,248
13213000872,6,1.0000000000,189518550,189518550,130,130
13213000874,6,1.0000000000,197133023,197133023,94,94
13213001013,6,1.0000000000,138281365,138281365,99,99
13213001039,6,1.0000000000,52622794,52622794,39,39
13213001291,6,1.0000000000,156570854,156570854,87,87
13213001895,6,1.0000000000,41460761,41460761,90,90
13215000101,140,1.0000000000,4741537,4741537,157,157
13215000102,140,1.0000000000,4725211,4725211,98,98
13215000103,141,1.0000000000,6316055,6316055,99,99
13215000104,139,1.0000000000,6590984,6590984,74,74
13215000105,139,1.0000000000,6336335,6336335,49,49
13215000106,139,1.0000000000,34191031,34191031,116,116
13215000107,140,1.0000000000,8153923,8153923,219,219
13215000108,138,1.0000000000,30260863,30260863,65,65
13215000109,138,1.0000000000,30957439,30957439,48,48
13215000110,140,0.6133332041,6709734,10939786,100,181
13215000110,141,0.3866667959,4230052,10939786,81,181
13215000112,140,0.9581463269,19964964,20837072,251,252
13215000112,141,0.0418536731,872108,20837072,1,252
13215000113,141,1.0000000000,7023266,7023266,65,65
13215000114,137,1.0000000000,4569713,4569713,57,57
13215000115,137,0.6090712340,8258057,13558442,49,79
13215000115,141,0.3909287660,5300385,13558442,30,79
13215000116,137,0.7159649084,6958730,9719373,63,102
13215000116,141,0.2840350916,2760643,9719373,39,102
13215000117,141,1.0000000000,12185139,12185139,121,121
13215000118,139,1.0000000000,7178779,7178779,161,161
13215000119,139,1.0000000000,7255653,7255653,83,83
13215000120,139,0.3647472204,8029712,22014457,47,94
13215000120,141,0.6352527796,13984745,22014457,47,94
13215000121,141,1.0000000000,7565629,7565629,51,51
13215000122,140,1.0000000000,5121714,5121714,158,158
13215000124,139,0.5685442796,3507846,6169873,93,220
13215000124,140,0.4314557204,2662027,6169873,127,220
13215000125,140,1.0000000000,4672332,4672332,220,220
13215000126,141,1.0000000000,5919502,5919502,76,76
13215000127,137,1.0000000000,81301649,81301649,133,133
13215FTBEN1,141,1.0000000000,16185568,16185568,41,41
13215FTBEN2,140,1.0000000000,4873571,4873571,33,33
13215FTBEN3,140,1.0000000000,6256778,6256778,33,33
13215FTBEN4,141,1.0000000000,2916766,2916766,34,34
13215FTBEN5,137,1.0000000000,172180321,172180321,90,90
13217000001,114,1.0000000000,18780120,18780120,111,111
13217000002,113,0.5739516618,10495780,18286871,165,191
13217000002,114,0.4254418375,7780000,18286871,25,191
13217000002,118,0.0006065007,11091,18286871,1,191
13217000003,113,1.0000000000,14714980,14714980,58,58
13217000004,114,1.0000000000,30096252,30096252,188,188
13217000005,113,0.2403780578,3467578,14425518,87,119
13217000005,118,0.7596219422,10957940,14425518,32,119
13217000006,118,1.0000000000,69242473,69242473,108,108
13217000007,114,1.0000000000,38679420,38679420,34,34
13217000008,113,1.0000000000,9712446,9712446,104,104
13217000009,118,1.0000000000,33678181,33678181,87,87
13217000010,113,0.6941899671,36733816,52916086,64,91
13217000010,118,0.3058100329,16182270,52916086,27,91
13217000012,114,1.0000000000,50204158,50204158,73,73
13217000013,113,1.0000000000,10823644,10823644,53,53
13217000014,118,1.0000000000,49814114,49814114,57,57
13217000015,114,1.0000000000,77570208,77570208,106,106
13217000016,114,1.0000000000,31852522,31852522,59,59
13217000017,114,1.0000000000,37575442,37575442,114,114
13217000018,118,1.0000000000,49899260,49899260,58,58
13217000019,113,1.0000000000,18535645,18535645,44,44
13217000020,113,1.0000000000,12095276,12095276,73,73
13217000023,113,1.0000000000,3741263,3741263,43,43
13217000024,113,1.0000000000,13155306,13155306,90,90
13217000025,114,1.0000000000,53349237,53349237,75,75
13219000001,121,1.0000000000,11195223,11195223,54,54
13219000002,121,1.0000000000,54756449,54756449,47,47
13219000003,121,1.0000000000,105431822,105431822,55,55
13219000004,121,1.0000000000,58931330,58931330,42,42
13219000005,121,1.0000000000,34702159,34702159,65,65
13219000006,121,1.0000000000,30970382,30970382,62,62
13219000007,121,1.0000000000,19684367,19684367,29,29
13219000008,121,1.0000000000,63367646,63367646,90,90
13219000009,120,1.0000000000,19249057,19249057,100,100
13219000010,120,1.0000000000,22520780,22520780,113,113
13219000011,121,1.0000000000,20319853,20319853,72,72
13219000012,121,1.0000000000,30130932,30130932,103,103
13219000013,121,1.0000000000,6183088,6183088,75,75
132210000BV,124,1.0000000000,132495228,132495228,108,108
132210000CR,124,1.0000000000,141812775,141812775,153,153
132210000LX,124,1.0000000000,862857332,862857332,411,411
1322300001C,16,0.3557814065,20485528,57578973,40,130
1322300001C,17,0.4112021241,23676596,57578973,65,130
1322300001C,19,0.2330164694,13416849,57578973,25,130
1322300002B,16,0.9969804578,156669188,157143690,102,103
1322300002B,17,0.0030195422,474502,157143690,1,103
1322300003C,17,1.0000000000,35641630,35641630,54,54
1322300004B,19,1.0000000000,51368580,51368580,180,180
1322300005B,16,0.0111075332,1307390,117703002,2,308
1322300005B,17,0.9888924668,116395612,117703002,306,308
1322300006C,17,0.8277911477,75273323,90932747,53,70
1322300006C,18,0.1722088523,15659424,90932747,17,70
1322300007B,17,1.0000000000,30778337,30778337,60,60
1322300008B,19,1.0000000000,46640880,46640880,282,282
1322300009C,19,0.2860626121,10799303,37751536,12,64
1322300009C,40,0.7139373879,26952233,37751536,52,64
1322300010C,18,0.2015589936,5839753,28972922,8,40
1322300010C,40,0.7984410064,23133169,28972922,32,40
1322300011B,40,1.0000000000,41031608,41031608,101,101
1322300012C,17,0.0563961029,6397572,113439966,2,117
1322300012C,18,0.8396388095,95248598,113439966,95,117
1322300012C,40,0.1039650876,11793796,113439966,20,117
132250000B1,134,1.0000000000,40080655,40080655,81,81
132250000B2,134,1.0000000000,40996942,40996942,173,173
132250000C1,147,1.0000000000,56259825,56259825,112,112
132250000F1,150,1.0000000000,55126257,55126257,147,147
132250000F2,150,1.0000000000,90421191,90421191,152,152
132250000F3,150,1.0000000000,55498213,55498213,131,131
132250000P1,147,1.0000000000,50851682,50851682,53,53
13227000001,11,1.0000000000,81615151,81615151,117,117
13227000002,11,1.0000000000,46994913,46994913,31,31
13227000003,11,1.0000000000,24450439,24450439,25,25
13227000004,11,1.0000000000,53740021,53740021,43,43
13227000005,11,1.0000000000,44620073,44620073,22,22
13227000006,11,1.0000000000,15566685,15566685,72,72
13227000007,11,1.0000000000,87749314,87749314,132,132
13227000008,11,1.0000000000,8195574,8195574,100,100
13227000009,11,1.0000000000,72197705,72197705,112,112
13227000010,11,1.0000000000,74956777,74956777,77,77
13227000011,11,1.0000000000,38374049,38374049,115,115
13227000012,11,1.0000000000,52570340,52570340,136,136
13229000001,178,1.0000000000,128040694,128040694,182,182
13229000002,178,1.0000000000,58511207,58511207,189,189
1322900003A,178,1.0000000000,55711385,55711385,96,96
1322900003B,178,1.0000000000,193539654,193539654,174,174
1322900004A,178,1.0000000000,194607562,194607562,238,238
1322900004B,178,1.0000000000,121363816,121363816,93,93
1322900004C,178,1.0000000000,78035297,78035297,104,104
1322900004D,178,1.0000000000,51967618,51967618,40,40
13231000001,135,1.0000000000,64490288,64490288,76,76
13231000002,135,1.0000000000,89697647,89697647,59,59
13231000003,135,1.0000000000,54633971,54633971,51,51
13231000004,135,1.0000000000,108299896,108299896,119,119
13231000005,135,1.0000000000,62678693,62678693,98,98
13231000006,135,1.0000000000,48241828,48241828,43,43
13231000007,135,1.0000000000,46268787,46268787,58,58
13231000008,135,1.0000000000,85349390,85349390,130,130
13233000001,16,1.0000000000,123215745,123215745,233,233
13233000002,16,1.0000000000,148480828,148480828,106,106
13233000003,16,1.0000000000,44883513,44883513,422,422
13233000004,16,1.0000000000,68021960,68021960,97,97
13233000005,16,1.0000000000,160457959,160457959,145,145
13233000006,16,1.0000000000,141165046,141165046,384,384
13233000007,16,1.0000000000,117542043,117542043,137,137
132350ANNEX,148,1.0000000000,645583957,645583957,548,548
13237000101,144,1.0000000000,419201137,419201137,255,255
13237000104,124,1.0000000000,178906930,178906930,150,150
13237000105,124,1.0000000000,78833647,78833647,83,83
13237000106,124,1.0000000000,64380268,64380268,34,34
13237000107,144,1.0000000000,151399749,151399749,147,147
1323900000G,154,1.0000000000,278619119,278619119,140,140
1323900000M,154,1.0000000000,113083957,113083957,43,43
132410RABUN,10,1.0000000000,958643875,958643875,983,983
13243000131,154,1.0000000000,146944648,146944648,50,50
13243000334,154,1.0000000000,75054532,75054532,83,83
13243000566,154,1.0000000000,255601971,255601971,83,83
13243000934,154,1.0000000000,160758458,160758458,80,80
13243000947,154,1.0000000000,84779312,84779312,37,37
13243000954,154,1.0000000000,234597212,234597212,67,67
13243000998,154,1.0000000000,69615375,69615375,32,32
1324300718A,154,1.0000000000,80813050,80813050,232,232
1324300718B,154,1.0000000000,961669,961669,32,32
13245000101,129,1.0000000000,842755,842755,35,35
13245000102,129,1.0000000000,3576608,3576608,177,177
13245000103,129,1.0000000000,2870989,2870989,125,125
13245000104,130,1.0000000000,63407711,63407711,170,170
13245000105,129,1.0000000000,1097861,1097861,49,49
13245000106,129,1.0000000000,1893922,1893922,72,72
13245000107,127,1.0000000000,3433354,3433354,67,67
13245000108,129,1.0000000000,411600,411600,14,14
13245000109,129,0.3119459202,504376,1616870,39,69
13245000109,130,0.6880540798,1112494,1616870,30,69
13245000111,129,1.0000000000,2069126,2069126,50,50
13245000112,129,1.0000000000,2332975,2332975,137,137
13245000114,130,1.0000000000,4166226,4166226,23,23
13245000115,130,1.0000000000,8334493,8334493,12,12
13245000201,129,1.0000000000,1804594,1804594,29,29
13245000202,130,1.0000000000,6117073,6117073,126,126
13245000203,129,1.0000000000,2068360,2068360,107,107
13245000204,129,1.0000000000,2369661,2369661,62,62
13245000207,129,1.0000000000,7106659,7106659,148,148
13245000208,129,1.0000000000,4620736,4620736,81,81
13245000210,129,1.0000000000,3335626,3335626,38,38
13245000301,127,0.7597104938,2283964,3006361,38,51
13245000301,129,0.2402895062,722397,3006361,13,51
13245000302,129,1.0000000000,1876566,1876566,11,11
13245000303,129,1.0000000000,1710277,1710277,36,36
13245000304,129,1.0000000000,329435,329435,25,25
13245000305,127,1.0000000000,802056,802056,3,3
13245000306,132,1.0000000000,6817395,6817395,82,82
13245000307,129,1.0000000000,2038706,2038706,55,55
13245000308,127,1.0000000000,1631888,1631888,26,26
13245000309,132,1.0000000000,7546335,7546335,38,38
13245000310,132,1.0000000000,18350561,18350561,108,108
13245000401,130,1.0000000000,5214490,5214490,18,18
13245000402,126,0.0024072256,58578,24334238,2,120
13245000402,132,0.9975927744,24275660,24334238,118,120
13245000404,126,1.0000000000,2991313,2991313,15,15
13245000405,126,1.0000000000,7874886,7874886,41,41
13245000406,126,1.0000000000,5903996,5903996,26,26
13245000501,130,1.0000000000,6487098,6487098,45,45
13245000502,132,1.0000000000,9055397,9055397,87,87
13245000503,129,0.5670097633,4207801,7421038,58,97
13245000503,132,0.4329902367,3213237,7421038,39,97
13245000504,129,1.0000000000,5459264,5459264,82,82
13245000506,130,1.0000000000,384540,384540,4,4
13245000507,132,1.0000000000,1337710,1337710,14,14
13245000509,126,1.0000000000,5075989,5075989,26,26
13245000601,130,1.0000000000,11970307,11970307,79,79
13245000603,130,1.0000000000,6480285,6480285,71,71
13245000604,130,1.0000000000,13650242,13650242,37,37
13245000605,130,1.0000000000,7771542,7771542,99,99
13245000607,130,1.0000000000,1840994,1840994,28,28
13245000608,130,1.0000000000,23549009,23549009,20,20
13245000701,127,1.0000000000,3212853,3212853,49,49
13245000702,127,0.3792073842,2027700,5347206,10,63
13245000702,129,0.6207926158,3319506,5347206,53,63
13245000703,127,0.2964034294,1961886,6618972,12,81
13245000703,129,0.7035965706,4657086,6618972,69,81
13245000705,127,1.0000000000,3327702,3327702,23,23
13245000706,127,1.0000000000,4063669,4063669,54,54
13245000707,129,1.0000000000,3227602,3227602,41,41
13245000708,127,1.0000000000,945453,945453,5,5
13245000709,129,1.0000000000,4180023,4180023,34,34
13245000801,132,1.0000000000,31628859,31628859,19,19
13245000802,130,1.0000000000,137895448,137895448,89,89
13245000803,126,0.0003429079,55711,162466363,3,161
13245000803,132,0.9996570921,162410652,162466363,158,161
13245000804,126,1.0000000000,38558887,38558887,49,49
13245000805,130,1.0000000000,6131478,6131478,17,17
13245000806,130,1.0000000000,18022814,18022814,30,30
13245000807,126,0.9956768063,8854747,8893194,29,32
13245000807,132,0.0043231937,38447,8893194,3,32
13245000808,130,1.0000000000,8208006,8208006,27,27
13245000809,126,1.0000000000,1325993,1325993,5,5
13245000810,126,1.0000000000,24463593,24463593,17,17
1324500801B,132,1.0000000000,6659080,6659080,22,22
1324500804H,126,1.0000000000,50470301,50470301,88,88
132470000BA,91,1.0000000000,19490393,19490393,58,58
132470000BT,92,0.0921668550,5988272,64972077,13,90
132470000BT,93,0.9078331450,58983805,64972077,77,90
132470000CO,92,1.0000000000,5939099,5939099,116,116
132470000FI,92,1.0000000000,10933076,10933076,79,79
132470000FS,92,1.0000000000,7784231,7784231,48,48
132470000HC,91,1.0000000000,6634627,6634627,20,20
132470000HI,92,1.0000000000,28403490,28403490,57,57
132470000LA,93,1.0000000000,17834785,17834785,108,108
132470000LO,91,1.0000000000,58828459,58828459,76,76
132470000MA,91,1.0000000000,8221503,8221503,43,43
132470000MI,92,1.0000000000,23343116,23343116,130,130
132470000OT,92,1.0000000000,24800046,24800046,205,205
132470000RO,92,1.0000000000,15431666,15431666,69,69
132470000SM,92,1.0000000000,18869342,18869342,43,43
132470000SP,91,0.1961355924,1799943,9177034,21,54
132470000SP,92,0.8038644076,7377091,9177034,33,54
132470000ST,91,1.0000000000,15563976,15563976,38,38
13249000001,151,1.0000000000,432291202,432291202,313,313
13251000001,159,1.0000000000,15816783,15816783,116,116
13251000002,159,1.0000000000,157793269,157793269,75,75
13251000003,159,1.0000000000,154488683,154488683,125,125
13251000004,159,1.0000000000,155792227,155792227,96,96
13251000005,159,1.0000000000,130539157,130539157,55,55
13251000006,159,1.0000000000,209041472,209041472,87,87
13251000007,159,1.0000000000,514558323,514558323,223,223
13251000008,159,1.0000000000,26143199,26143199,29,29
13251000009,159,1.0000000000,84811892,84811892,27,27
13251000010,159,1.0000000000,50337216,50337216,82,82
13251000011,159,1.0000000000,112064274,112064274,44,44
13251000012,159,1.0000000000,61170098,61170098,27,27
13253000001,154,1.0000000000,201301644,201301644,117,117
13253000002,154,1.0000000000,90943555,90943555,146,146
13253000003,154,1.0000000000,5467240,5467240,79,79
13253000004,154,1.0000000000,243994818,243994818,157,157
13253000005,154,1.0000000000,73526273,73526273,111,111
13255000001,135,1.0000000000,3781511,3781511,118,118
13255000002,82,1.0000000000,3499414,3499414,100,100
13255000004,135,1.0000000000,7052534,7052534,116,116
13255000005,82,0.8327070774,7648865,9185541,88,106
13255000005,135,0.1672929226,1536676,9185541,18,106
13255000006,135,1.0000000000,7789897,7789897,138,138
13255000007,135,1.0000000000,4886396,4886396,30,30
13255000008,135,1.0000000000,9437492,9437492,51,51
13255000009,135,1.0000000000,50545620,50545620,76,76
13255000010,82,0.2338846487,6504609,27811184,9,55
13255000010,135,0.7661153513,21306575,27811184,46,55
13255000011,135,1.0000000000,33408286,33408286,91,91
13255000012,82,1.0000000000,88972305,88972305,84,84
13255000013,82,1.0000000000,42857302,42857302,71,71
13255000014,82,1.0000000000,31591855,31591855,70,70
13255000016,82,1.0000000000,23430903,23430903,121,121
13255000017,82,1.0000000000,24153483,24153483,95,95
13255000019,82,1.0000000000,55093420,55093420,82,82
13255000020,135,1.0000000000,40335492,40335492,51,51
13255000021,82,1.0000000000,43728563,43728563,56,56
13257000001,32,1.0000000000,64283121,64283121,313,313
13257000002,32,1.0000000000,7928351,7928351,137,137
13257000003,32,1.0000000000,102706356,102706356,249,249
13257000004,32,1.0000000000,38728590,38728590,68,68
13257000005,32,1.0000000000,60652167,60652167,48,48
13257000006,32,1.0000000000,42436787,42436787,148,148
13257000007,32,1.0000000000,60809243,60809243,143,143
13257000008,32,1.0000000000,85709794,85709794,180,180
13259000002,151,1.0000000000,336670017,336670017,214,214
13259000005,151,1.0000000000,851483037,851483037,410,410
13261000015,151,1.0000000000,302858630,302858630,196,196
13261000017,151,1.0000000000,198190076,198190076,98,98
13261000028,150,1.0000000000,186836164,186836164,67,67
13261000029,150,1.0000000000,132831025,132831025,86,86
1326100E-27,150,1.0000000000,46297499,46297499,118,118
1326100N-26,151,1.0000000000,101402591,101402591,40,40
1326100O-26,151,1.0000000000,140482974,140482974,98,98
1326100W-27,151,1.0000000000,112507243,112507243,144,144
132610C1-27,150,0.7633694598,7462238,9775395,134,152
132610C1-27,151,0.2366305402,2313157,9775395,18,152
132610C2-27,150,0.7430803112,8836127,11891214,104,152
132610C2-27,151,0.2569196888,3055087,11891214,48,152
132610C3-27,151,1.0000000000,7573475,7573475,193,193
13263000001,137,1.0000000000,143546501,143546501,44,44
13263000002,137,1.0000000000,226283121,226283121,130,130
13263000003,137,1.0000000000,292487750,292487750,143,143
13263000004,137,1.0000000000,70501872,70501872,60,60
13263000005,137,1.0000000000,133192585,133192585,111,111
13263000006,137,1.0000000000,55295685,55295685,59,59
13263000008,137,1.0000000000,92355264,92355264,86,86
13265000172,124,1.0000000000,129255390,129255390,74,74
13265000601,124,1.0000000000,374773753,374773753,260,260
13267000001,156,1.0000000000,102365090,102365090,162,162
13267000003,157,1.0000000000,174803609,174803609,259,259
13267000004,157,1.0000000000,37757945,37757945,67,67
13267000005,157,1.0000000000,147298727,147298727,236,236
13267000007,157,1.0000000000,131254868,131254868,281,281
13267000008,157,1.0000000000,208530793,208530793,280,280
13267000009,157,1.0000000000,315680294,315680294,170,170
13267000010,157,1.0000000000,127678186,127678186,145,145
13269000001,150,1.0000000000,45310103,45310103,82,82
13269000005,150,1.0000000000,627749919,627749919,426,426
13269000006,150,1.0000000000,302553068,302553068,279,279
132710000HE,133,1.0000000000,69958118,69958118,187,187
132710000JA,156,1.0000000000,327485312,327485312,92,92
132710000LU,156,1.0000000000,210838351,210838351,163,163
132710000MC,133,1.0000000000,149942944,149942944,343,343
132710000MI,133,1.0000000000,307524931,307524931,126,126
132710000SC,156,1.0000000000,66871437,66871437,48,48
13273000001,151,1.0000000000,30109606,30109606,242,242
13273000002,151,1.0000000000,229370147,229370147,144,144
13273000003,151,1.0000000000,152047332,152047332,109,109
13273000004,151,1.0000000000,166816023,166816023,110,110
13273000005,151,1.0000000000,165627662,165627662,79,79
13273000006,151,1.0000000000,125725021,125725021,45,45
13275000101,173,1.0000000000,58664016,58664016,39,39
13275000102,173,1.0000000000,257129858,257129858,173,173
13275000103,173,1.0000000000,80019096,80019096,90,90
13275000104,172,1.0000000000,89224481,89224481,100,100
13275000105,173,1.0000000000,11854169,11854169,155,155
13275000106,172,1.0000000000,74085709,74085709,47,47
13275000107,173,1.0000000000,132959385,132959385,81,81
13275000108,173,1.0000000000,72909471,72909471,84,84
13275000109,173,1.0000000000,6598982,6598982,147,147
13275000110,173,1.0000000000,6218555,6218555,95,95
13275000111,173,1.0000000000,90514666,90514666,166,166
13275000112,173,1.0000000000,67222085,67222085,49,49
13275000113,173,1.0000000000,148214481,148214481,68,68
13275000114,173,1.0000000000,81949684,81949684,108,108
13275000115,173,1.0000000000,97945361,97945361,134,134
13275000116,173,1.0000000000,43361027,43361027,18,18
13275000117,172,1.0000000000,77547094,77547094,70,70
13275000118,173,1.0000000000,6811927,6811927,94,94
13275000119,173,1.0000000000,2469341,2469341,69,69
13275000120,173,1.0000000000,4893218,4893218,87,87
13277000001,170,1.0000000000,6760492,6760492,262,262
13277000002,169,1.0000000000,96950316,96950316,135,135
13277000003,170,1.0000000000,83441275,83441275,117,117
13277000004,169,1.0000000000,119598458,119598458,182,182
13277000005,170,1.0000000000,65695548,65695548,58,58
13277000006,170,1.0000000000,69727990,69727990,77,77
13277000007,170,1.0000000000,66251553,66251553,99,99
13277000008,169,1.0000000000,67828681,67828681,133,133
13277000009,170,1.0000000000,50582292,50582292,274,274
13277000010,170,1.0000000000,15986641,15986641,166,166
13277000011,170,1.0000000000,20410726,20410726,206,206
13277000012,170,1.0000000000,12468115,12468115,165,165
13279000039,156,1.0000000000,285343500,285343500,134,134
13279000043,156,1.0000000000,213808861,213808861,129,129
13279000513,156,1.0000000000,105985517,105985517,431,431
13279000514,156,1.0000000000,130281273,130281273,298,298
13279015361,156,1.0000000000,207369716,207369716,379,379
13281000833,8,1.0000000000,243487493,243487493,198,198
13281000990,8,1.0000000000,90316168,90316168,198,198
13281001468,8,1.0000000000,74150386,74150386,132,132
13281001581,8,1.0000000000,23219793,23219793,15,15
1328300SOPE,158,1.0000000000,75446246,75446246,244,244
132830ANNEX,158,1.0000000000,441077849,441077849,304,304
13285000001,138,1.0000000000,25470936,25470936,126,126
13285000002,137,1.0000000000,27641145,27641145,290,290
13285000003,136,1.0000000000,19852716,19852716,140,140
13285000004,136,1.0000000000,7061685,7061685,131,131
13285000005,138,1.0000000000,29361303,29361303,184,184
13285000006,72,1.0000000000,111570992,111570992,194,194
13285000007,138,1.0000000000,141315837,141315837,102,102
13285000008,137,1.0000000000,222300935,222300935,150,150
13285000009,136,0.7515087559,52768534,70216792,36,47
13285000009,137,0.2484912441,17448258,70216792,11,47
13285000010,72,1.0000000000,152450180,152450180,120,120
13285000011,138,1.0000000000,86706001,86706001,112,112
13285000012,136,1.0000000000,42953353,42953353,103,103
13285000013,138,1.0000000000,97032987,97032987,67,67
13285000015,137,1.0000000000,24078096,24078096,96,96
13285000016,138,1.0000000000,14265259,14265259,59,59
13287000001,169,1.0000000000,301850430,301850430,342,342
13287000002,169,1.0000000000,258113963,258113963,315,315
13287000003,169,1.0000000000,179263365,179263365,163,163
132890000DB,133,1.0000000000,146361530,146361530,129,129
132890000GI,133,1.0000000000,312799899,312799899,148,148
132890000HV,133,1.0000000000,60762650,60762650,74,74
1328900JV/W,133,1.0000000000,205873544,205873544,116,116
1328900SG/T,133,1.0000000000,204680470,204680470,101,101
13291000001,8,1.0000000000,56769345,56769345,149,149
13291000002,8,1.0000000000,65805059,65805059,91,91
13291000003,8,1.0000000000,62434574,62434574,69,69
13291000004,8,1.0000000000,46713535,46713535,99,99
13291000005,8,1.0000000000,193430402,193430402,115,115
13291000006,8,1.0000000000,77410530,77410530,55,55
13291000007,8,1.0000000000,52983162,52983162,99,99
13291000008,8,1.0000000000,71812537,71812537,96,96
13291000009,8,1.0000000000,42734854,42734854,87,87
13291000010,8,1.0000000000,50102620,50102620,108,108
13291000011,8,1.0000000000,114000699,114000699,86,86
13293000470,134,1.0000000000,112677223,112677223,54,54
13293000555,134,1.0000000000,74841103,74841103,230,230
13293000561,134,1.0000000000,6189353,6189353,43,43
13293000588,134,1.0000000000,92924444,92924444,62,62
13293000589,134,1.0000000000,100790716,100790716,45,45
13293001336,134,1.0000000000,138443821,138443821,112,112
13293001577,134,1.0000000000,45926751,45926751,45,45
13293001610,134,1.0000000000,63523362,63523362,59,59
13293005610,134,1.0000000000,202458103,202458103,457,457
13295000869,2,1.0000000000,57743521,57743521,82,82
13295000871,1,1.0000000000,106318554,106318554,415,415
13295000881,2,1.0000000000,66116400,66116400,76,76
13295000943,1,1.0000000000,54334551,54334551,44,44
13295000944,2,1.0000000000,66956413,66956413,146,146
13295000953,2,1.0000000000,133057359,133057359,69,69
13295000960,2,1.0000000000,82220544,82220544,87,87
13295001053,2,1.0000000000,77886630,77886630,47,47
13295001161,1,1.0000000000,59847285,59847285,60,60
13295001501,1,1.0000000000,53002592,53002592,130,130
13295001800,1,1.0000000000,81581023,81581023,28,28
13295001808,1,1.0000000000,137675771,137675771,50,50
13295001809,1,1.0000000000,84996072,84996072,93,93
13295001812,1,1.0000000000,28593881,28593881,248,248
13295001818,2,1.0000000000,31821867,31821867,210,210
13295001851,1,1.0000000000,7095142,7095142,49,49
13295001893,1,1.0000000000,15239321,15239321,120,120
13295001898,1,1.0000000000,11658276,11658276,60,60
13297000250,112,1.0000000000,63817739,63817739,86,86
13297000414,112,1.0000000000,30812361,30812361,49,49
13297000415,111,1.0000000000,35125470,35125470,74,74
13297000416,112,1.0000000000,32555798,32555798,68,68
13297000417,111,1.0000000000,23756728,23756728,118,118
13297000418,114,1.0000000000,90048359,90048359,200,200
13297000419,112,1.0000000000,12638384,12638384,127,127
13297000420,112,1.0000000000,29664887,29664887,136,136
13297000421,111,1.0000000000,11079577,11079577,57,57
13297000422,112,1.0000000000,37619375,37619375,68,68
13297000423,112,1.0000000000,37330235,37330235,69,69
13297000424,111,1.0000000000,27743957,27743957,57,57
13297000425,112,1.0000000000,25506122,25506122,123,123
13297000426,112,1.0000000000,32719074,32719074,75,75
13297000427,111,1.0000000000,19141439,19141439,55,55
13297000454,112,1.0000000000,45199230,45199230,78,78
13297000502,112,1.0000000000,49916132,49916132,68,68
13297000503,114,1.0000000000,54522113,54522113,57,57
13297000559,112,1.0000000000,91405308,91405308,94,94
13297001663,111,1.0000000000,43027938,43027938,66,66
13297001675,114,1.0000000000,52831147,52831147,54,54
13299000100,174,0.4271120850,3731135,8735728,251,493
13299000100,176,0.5728879150,5004593,8735728,242,493
13299000300,176,1.0000000000,32112458,32112458,317,317
13299000304,174,0.0000304384,3029,99512614,1,159
13299000304,176,0.9999695616,99509585,99512614,158,159
13299000400,174,0.9717726893,439729067,452501981,238,304
13299000400,176,0.0282273107,12772914,452501981,66,304
13299000404,176,1.0000000000,226667532,226667532,112,112
13299000405,176,1.0000000000,122128971,122128971,67,67
13299000406,176,1.0000000000,41628276,41628276,61,61
13299000407,174,1.0000000000,1045155227,1045155227,231,231
13299000408,176,1.0000000000,135126789,135126789,126,126
13299000409,176,1.0000000000,145746099,145746099,99,99
1329900200A,174,0.0025630150,16225,6330435,3,245
1329900200A,176,0.9974369850,6314210,6330435,242,245
1329900200B,174,1.0000000000,13380335,13380335,243,243
13301000001,128,1.0000000000,160104782,160104782,269,269
13301000002,128,1.0000000000,120433632,120433632,117,117
13301000003,128,1.0000000000,161498247,161498247,137,137
13301000004,128,1.0000000000,140570217,140570217,89,89
13301000005,128,1.0000000000,97536355,97536355,65,65
13301000006,128,1.0000000000,56340375,56340375,64,64
13303000088,128,1.0000000000,275346150,275346150,145,145
13303000091,128,1.0000000000,184107442,184107442,222,222
13303000094,128,1.0000000000,228142570,228142570,172,172
13303000097,128,1.0000000000,257531958,257531958,407,407
13303000099,128,1.0000000000,201815406,201815406,91,91
13303001253,128,1.0000000000,168754479,168754479,130,130
13303001350,128,1.0000000000,288323690,288323690,131,131
13303001488,128,1.0000000000,153352264,153352264,263,263
1330500001A,178,1.0000000000,188140186,188140186,167,167
1330500001B,178,1.0000000000,133288807,133288807,110,110
1330500001C,167,0.6688392486,35663514,53321503,59,81
1330500001C,178,0.3311607514,17657989,53321503,22,81
1330500002A,178,1.0000000000,363558936,363558936,295,295
1330500002C,178,1.0000000000,111466771,111466771,93,93
1330500002D,178,1.0000000000,24739584,24739584,57,57
1330500003A,167,1.0000000000,118142615,118142615,127,127
1330500003B,178,1.0000000000,561974197,561974197,354,354
1330500004A,178,1.0000000000,11056045,11056045,114,114
1330500004B,178,1.0000000000,23496158,23496158,142,142
1330500005A,178,1.0000000000,20909989,20909989,164,164
1330500005B,178,1.0000000000,52192279,52192279,188,188
133070000G3,151,1.0000000000,101458824,101458824,47,47
133070000P1,151,1.0000000000,196589017,196589017,131,131
133070000P3,151,1.0000000000,125281897,125281897,64,64
133070000W2,151,1.0000000000,119680351,119680351,71,71
13309000001,156,1.0000000000,492480977,492480977,312,312
13309000002,156,1.0000000000,272833406,272833406,189,189
13311000011,8,1.0000000000,46320804,46320804,60,60
13311000021,8,1.0000000000,45142167,45142167,74,74
13311000031,8,1.0000000000,22327511,22327511,68,68
13311000041,8,1.0000000000,62968121,62968121,126,126
13311000051,8,1.0000000000,64933261,64933261,194,194
13311000061,8,1.0000000000,60632071,60632071,74,74
13311000071,8,1.0000000000,120275708,120275708,44,44
13311000081,9,1.0000000000,59981712,59981712,86,86
13311000091,8,1.0000000000,63915896,63915896,57,57
13311000101,9,1.0000000000,39310086,39310086,71,71
13311000111,8,1.0000000000,37717296,37717296,59,59
1331300001A,4,1.0000000000,6498123,6498123,127,127
1331300002A,2,0.9272168195,26527179,28609467,96,117
1331300002A,4,0.0727831805,2082288,28609467,21,117
1331300003A,4,1.0000000000,4923402,4923402,82,82
1331300004A,4,1.0000000000,5269957,5269957,100,100
1331300005A,4,1.0000000000,7907471,7907471,106,106
1331300006A,4,1.0000000000,4109001,4109001,141,141
133130000AN,4,1.0000000000,22909724,22909724,154,154
133130000CA,2,1.0000000000,72091208,72091208,81,81
133130000CO,6,1.0000000000,55180760,55180760,116,116
133130000DG,4,1.0000000000,27330695,27330695,175,175
133130000ES,4,1.0000000000,19243999,19243999,81,81
133130000FI,4,1.0000000000,31324575,31324575,64,64
133130000GL,4,1.0000000000,22118384,22118384,92,92
133130000LT,6,1.0000000000,46932730,46932730,30,30
133130000MC,2,1.0000000000,43698237,43698237,59,59
133130000NI,4,1.0000000000,46478604,46478604,67,67
133130000PG,2,0.7095865148,16549902,23323304,89,107
133130000PG,6,0.2904134852,6773402,23323304,18,107
133130000TH,2,1.0000000000,41512071,41512071,198,198
133130000TI,4,1.0000000000,39106558,39106558,41,41
133130000TR,2,1.0000000000,67021664,67021664,52,52
133130000UT,6,1.0000000000,60151055,60151055,39,39
133130000VA,6,1.0000000000,57064164,57064164,293,293
133130000WS,2,1.0000000000,19443510,19443510,54,54
1331500001A,148,1.0000000000,53439238,53439238,59,59
1331500002A,148,1.0000000000,123631096,123631096,73,73
1331500002B,148,1.0000000000,147582440,147582440,81,81
1331500003A,148,1.0000000000,216018196,216018196,226,226
1331500004A,148,1.0000000000,168727418,168727418,153,153
1331500005A,148,1.0000000000,269126990,269126990,131,131
13317000001,123,1.0000000000,119774490,119774490,140,140
1331700002A,123,1.0000000000,292769864,292769864,146,146
1331700002B,123,1.0000000000,210137641,210137641,86,86
1331700003A,123,1.0000000000,69738065,69738065,56,56
1331700003B,123,1.0000000000,171503322,171503322,69,69
1331700004A,123,1.0000000000,67832386,67832386,64,64
1331700004B,123,1.0000000000,284245654,284245654,104,104
13319000002,133,1.0000000000,153060378,153060378,69,69
13319000003,133,1.0000000000,106653614,106653614,38,38
13319000004,133,1.0000000000,120625843,120625843,30,30
13319000005,133,1.0000000000,208051402,208051402,85,85
13319000006,133,1.0000000000,66488022,66488022,121,121
13319000007,133,1.0000000000,304084836,304084836,82,82
13319000008,133,1.0000000000,35961390,35961390,61,61
13319000010,133,1.0000000000,84560505,84560505,147,147
13319000011,133,1.0000000000,83973886,83973886,47,47
13321000001,152,1.0000000000,89093920,89093920,228,228
13321000002,152,1.0000000000,13253789,13253789,78,78
13321000003,152,1.0000000000,54299739,54299739,115,115
13321000004,152,1.0000000000,121900615,121900615,102,102
13321000005,152,1.0000000000,98075606,98075606,70,70
13321000006,152,1.0000000000,94808754,94808754,47,47
13321000007,152,1.0000000000,125752457,125752457,76,76
13321000008,152,1.0000000000,108010575,108010575,52,52
13321000009,152,1.0000000000,139398435,139398435,137,137
13321000010,152,1.0000000000,144752099,144752099,78,78
13321000011,152,1.0000000000,132953817,132953817,63,63
13321000012,152,1.0000000000,163553489,163553489,80,80
13321000014,152,1.0000000000,68866570,68866570,29,29
13321000015,152,1.0000000000,104856646,104856646,73,73
13321000016,152,1.0000000000,18561181,18561181,21,21
