county,precinct,office,district,party,candidate,total_votes
Appling,1B,U.S. Senate,,Republican,David A. Perdue (I),29
Appling,1B,U.S. Senate,,Democrat,Jon Ossoff,34
Appling,1C,U.S. Senate,,Republican,David A. Perdue (I),15
Appling,1C,U.S. Senate,,Democrat,Jon Ossoff,11
Appling,2,U.S. Senate,,Republican,David A. Perdue (I),183
Appling,2,U.S. Senate,,Democrat,Jon Ossoff,392
Appling,3A1,U.S. Senate,,Republican,David A. Perdue (I),5
Appling,3A1,U.S. Senate,,Democrat,Jon Ossoff,8
Appling,3C,U.S. Senate,,Republican,David A. Perdue (I),62
Appling,3C,U.S. Senate,,Democrat,Jon Ossoff,107
Appling,4B,U.S. Senate,,Republican,David A. Perdue (I),5
Appling,4B,U.S. Senate,,Democrat,Jon Ossoff,8
Appling,4D,U.S. Senate,,Republican,David A. Perdue (I),24
Appling,4D,U.S. Senate,,Democrat,Jon Ossoff,59
Appling,5A,U.S. Senate,,Republican,David A. Perdue (I),30
Appling,5A,U.S. Senate,,Democrat,Jon Ossoff,49
Appling,5B,U.S. Senate,,Republican,David A. Perdue (I),37
Appling,5B,U.S. Senate,,Democrat,Jon Ossoff,46
Appling,1B,U.S. Senate (Special),,Republican,Kelly Loeffler (I),28
Appling,1B,U.S. Senate (Special),,Democrat,Raphael Warnock,31
Appling,1C,U.S. Senate (Special),,Republican,Kelly Loeffler (I),15
Appling,1C,U.S. Senate (Special),,Democrat,Raphael Warnock,11
Appling,2,U.S. Senate (Special),,Republican,Kelly Loeffler (I),184
Appling,2,U.S. Senate (Special),,Democrat,Raphael Warnock,393
Appling,3A1,U.S. Senate (Special),,Republican,Kelly Loeffler (I),6
Appling,3A1,U.S. Senate (Special),,Democrat,Raphael Warnock,8
Appling,3C,U.S. Senate (Special),,Republican,Kelly Loeffler (I),63
Appling,3C,U.S. Senate (Special),,Democrat,Raphael Warnock,109
Appling,4B,U.S. Senate (Special),,Republican,Kelly Loeffler (I),5
Appling,4B,U.S. Senate (Special),,Democrat,Raphael Warnock,9
Appling,4D,U.S. Senate (Special),,Republican,Kelly Loeffler (I),24
Appling,4D,U.S. Senate (Special),,Democrat,Raphael Warnock,57
Appling,5A,U.S. Senate (Special),,Republican,Kelly Loeffler (I),30
Appling,5A,U.S. Senate (Special),,Democrat,Raphael Warnock,48
Appling,5B,U.S. Senate (Special),,Republican,Kelly Loeffler (I),36
Appling,5B,U.S. Senate (Special),,Democrat,Raphael Warnock,44
Atkinson,Pearson County,U.S. Senate,,Republican,David A. Perdue (I),41
Atkinson,Pearson County,U.S. Senate,,Democrat,Jon Ossoff,61
Atkinson,Axson,U.S. Senate,,Republican,David A. Perdue (I),19
Atkinson,Axson,U.S. Senate,,Democrat,Jon Ossoff,10
Atkinson,Willacoochee,U.S. Senate,,Republican,David A. Perdue (I),106
Atkinson,Willacoochee,U.S. Senate,,Democrat,Jon Ossoff,123
Atkinson,Pearson City,U.S. Senate,,Republican,David A. Perdue (I),93
Atkinson,Pearson City,U.S. Senate,,Democrat,Jon Ossoff,155
Atkinson,Pearson County,U.S. Senate (Special),,Republican,Kelly Loeffler (I),40
Atkinson,Pearson County,U.S. Senate (Special),,Democrat,Raphael Warnock,62
Atkinson,Axson,U.S. Senate (Special),,Republican,Kelly Loeffler (I),19
Atkinson,Axson,U.S. Senate (Special),,Democrat,Raphael Warnock,8
Atkinson,Willacoochee,U.S. Senate (Special),,Republican,Kelly Loeffler (I),109
Atkinson,Willacoochee,U.S. Senate (Special),,Democrat,Raphael Warnock,124
Atkinson,Pearson City,U.S. Senate (Special),,Republican,Kelly Loeffler (I),94
Atkinson,Pearson City,U.S. Senate (Special),,Democrat,Raphael Warnock,155
Bacon,Douglas,U.S. Senate,,Republican,David A. Perdue (I),159
Bacon,Douglas,U.S. Senate,,Democrat,Jon Ossoff,253
Bacon,Douglas,U.S. Senate (Special),,Republican,Kelly Loeffler (I),162
Bacon,Douglas,U.S. Senate (Special),,Democrat,Raphael Warnock,252
Baker,Anna,U.S. Senate,,Republican,David A. Perdue (I),13
Baker,Anna,U.S. Senate,,Democrat,Jon Ossoff,9
Baker,Elmodel,U.S. Senate,,Republican,David A. Perdue (I),20
Baker,Elmodel,U.S. Senate,,Democrat,Jon Ossoff,65
Baker,Hoggards Mill,U.S. Senate,,Republican,David A. Perdue (I),34
Baker,Hoggards Mill,U.S. Senate,,Democrat,Jon Ossoff,37
Baker,Milford,U.S. Senate,,Republican,David A. Perdue (I),27
Baker,Milford,U.S. Senate,,Democrat,Jon Ossoff,17
Baker,Newton,U.S. Senate,,Republican,David A. Perdue (I),59
Baker,Newton,U.S. Senate,,Democrat,Jon Ossoff,134
Baker,Anna,U.S. Senate (Special),,Republican,Kelly Loeffler (I),13
Baker,Anna,U.S. Senate (Special),,Democrat,Raphael Warnock,9
Baker,Elmodel,U.S. Senate (Special),,Republican,Kelly Loeffler (I),21
Baker,Elmodel,U.S. Senate (Special),,Democrat,Raphael Warnock,62
Baker,Hoggards Mill,U.S. Senate (Special),,Republican,Kelly Loeffler (I),34
Baker,Hoggards Mill,U.S. Senate (Special),,Democrat,Raphael Warnock,37
Baker,Milford,U.S. Senate (Special),,Republican,Kelly Loeffler (I),27
Baker,Milford,U.S. Senate (Special),,Democrat,Raphael Warnock,17
Baker,Newton,U.S. Senate (Special),,Republican,Kelly Loeffler (I),58
Baker,Newton,U.S. Senate (Special),,Democrat,Raphael Warnock,135
Baldwin,South Milledgeville,U.S. Senate,,Republican,David A. Perdue (I),113
Baldwin,South Milledgeville,U.S. Senate,,Democrat,Jon Ossoff,254
Baldwin,City Hall Annex,U.S. Senate,,Republican,David A. Perdue (I),71
Baldwin,City Hall Annex,U.S. Senate,,Democrat,Jon Ossoff,113
Baldwin,Boddie,U.S. Senate,,Republican,David A. Perdue (I),127
Baldwin,Boddie,U.S. Senate,,Democrat,Jon Ossoff,200
Baldwin,Courthouse,U.S. Senate,,Republican,David A. Perdue (I),25
Baldwin,Courthouse,U.S. Senate,,Democrat,Jon Ossoff,63
Baldwin,Fire Dept,U.S. Senate,,Republican,David A. Perdue (I),118
Baldwin,Fire Dept,U.S. Senate,,Democrat,Jon Ossoff,313
Baldwin,North Milledgeville,U.S. Senate,,Republican,David A. Perdue (I),163
Baldwin,North Milledgeville,U.S. Senate,,Democrat,Jon Ossoff,414
Baldwin,Meriweather,U.S. Senate,,Republican,David A. Perdue (I),136
Baldwin,Meriweather,U.S. Senate,,Democrat,Jon Ossoff,468
Baldwin,East Baldwin,U.S. Senate,,Republican,David A. Perdue (I),237
Baldwin,East Baldwin,U.S. Senate,,Democrat,Jon Ossoff,582
Baldwin,Scottsboro,U.S. Senate,,Republican,David A. Perdue (I),79
Baldwin,Scottsboro,U.S. Senate,,Democrat,Jon Ossoff,106
Baldwin,North Baldwin,U.S. Senate,,Republican,David A. Perdue (I),125
Baldwin,North Baldwin,U.S. Senate,,Democrat,Jon Ossoff,381
Baldwin,West Baldwin,U.S. Senate,,Republican,David A. Perdue (I),127
Baldwin,West Baldwin,U.S. Senate,,Democrat,Jon Ossoff,281
Baldwin,East Hardwick,U.S. Senate,,Republican,David A. Perdue (I),148
Baldwin,East Hardwick,U.S. Senate,,Democrat,Jon Ossoff,183
Baldwin,West Hardwick,U.S. Senate,,Republican,David A. Perdue (I),317
Baldwin,West Hardwick,U.S. Senate,,Democrat,Jon Ossoff,574
Baldwin,Coopers,U.S. Senate,,Republican,David A. Perdue (I),71
Baldwin,Coopers,U.S. Senate,,Democrat,Jon Ossoff,140
Baldwin,South Milledgeville,U.S. Senate (Special),,Republican,Kelly Loeffler (I),114
Baldwin,South Milledgeville,U.S. Senate (Special),,Democrat,Raphael Warnock,257
Baldwin,City Hall Annex,U.S. Senate (Special),,Republican,Kelly Loeffler (I),72
Baldwin,City Hall Annex,U.S. Senate (Special),,Democrat,Raphael Warnock,113
Baldwin,Boddie,U.S. Senate (Special),,Republican,Kelly Loeffler (I),128
Baldwin,Boddie,U.S. Senate (Special),,Democrat,Raphael Warnock,201
Baldwin,Courthouse,U.S. Senate (Special),,Republican,Kelly Loeffler (I),25
Baldwin,Courthouse,U.S. Senate (Special),,Democrat,Raphael Warnock,64
Baldwin,Fire Dept,U.S. Senate (Special),,Republican,Kelly Loeffler (I),118
Baldwin,Fire Dept,U.S. Senate (Special),,Democrat,Raphael Warnock,312
Baldwin,North Milledgeville,U.S. Senate (Special),,Republican,Kelly Loeffler (I),160
Baldwin,North Milledgeville,U.S. Senate (Special),,Democrat,Raphael Warnock,416
Baldwin,Meriweather,U.S. Senate (Special),,Republican,Kelly Loeffler (I),135
Baldwin,Meriweather,U.S. Senate (Special),,Democrat,Raphael Warnock,473
Baldwin,East Baldwin,U.S. Senate (Special),,Republican,Kelly Loeffler (I),241
Baldwin,East Baldwin,U.S. Senate (Special),,Democrat,Raphael Warnock,586
Baldwin,Scottsboro,U.S. Senate (Special),,Republican,Kelly Loeffler (I),80
Baldwin,Scottsboro,U.S. Senate (Special),,Democrat,Raphael Warnock,106
Baldwin,North Baldwin,U.S. Senate (Special),,Republican,Kelly Loeffler (I),130
Baldwin,North Baldwin,U.S. Senate (Special),,Democrat,Raphael Warnock,382
Baldwin,West Baldwin,U.S. Senate (Special),,Republican,Kelly Loeffler (I),126
Baldwin,West Baldwin,U.S. Senate (Special),,Democrat,Raphael Warnock,284
Baldwin,East Hardwick,U.S. Senate (Special),,Republican,Kelly Loeffler (I),148
Baldwin,East Hardwick,U.S. Senate (Special),,Democrat,Raphael Warnock,183
Baldwin,West Hardwick,U.S. Senate (Special),,Republican,Kelly Loeffler (I),320
Baldwin,West Hardwick,U.S. Senate (Special),,Democrat,Raphael Warnock,579
Baldwin,Coopers,U.S. Senate (Special),,Republican,Kelly Loeffler (I),74
Baldwin,Coopers,U.S. Senate (Special),,Democrat,Raphael Warnock,140
Banks,Anderson,U.S. Senate,,Republican,David A. Perdue (I),19
Banks,Anderson,U.S. Senate,,Democrat,Jon Ossoff,34
Banks,Baldwin,U.S. Senate,,Republican,David A. Perdue (I),18
Banks,Baldwin,U.S. Senate,,Democrat,Jon Ossoff,35
Banks,Berlin,U.S. Senate,,Republican,David A. Perdue (I),5
Banks,Berlin,U.S. Senate,,Democrat,Jon Ossoff,17
Banks,Bushville,U.S. Senate,,Republican,David A. Perdue (I),11
Banks,Bushville,U.S. Senate,,Democrat,Jon Ossoff,13
Banks,Columbia,U.S. Senate,,Republican,David A. Perdue (I),5
Banks,Columbia,U.S. Senate,,Democrat,Jon Ossoff,6
Banks,Davids,U.S. Senate,,Republican,David A. Perdue (I),40
Banks,Davids,U.S. Senate,,Democrat,Jon Ossoff,62
Banks,Golden Hill,U.S. Senate,,Republican,David A. Perdue (I),11
Banks,Golden Hill,U.S. Senate,,Democrat,Jon Ossoff,25
Banks,Grove River,U.S. Senate,,Republican,David A. Perdue (I),9
Banks,Grove River,U.S. Senate,,Democrat,Jon Ossoff,10
Banks,Hollingsworth,U.S. Senate,,Republican,David A. Perdue (I),7
Banks,Hollingsworth,U.S. Senate,,Democrat,Jon Ossoff,21
Banks,Homer,U.S. Senate,,Republican,David A. Perdue (I),17
Banks,Homer,U.S. Senate,,Democrat,Jon Ossoff,35
Banks,Poplar Springs,U.S. Senate,,Republican,David A. Perdue (I),25
Banks,Poplar Springs,U.S. Senate,,Democrat,Jon Ossoff,42
Banks,Washington,U.S. Senate,,Republican,David A. Perdue (I),10
Banks,Washington,U.S. Senate,,Democrat,Jon Ossoff,24
Banks,Wilmonts,U.S. Senate,,Republican,David A. Perdue (I),7
Banks,Wilmonts,U.S. Senate,,Democrat,Jon Ossoff,12
Banks,Anderson,U.S. Senate (Special),,Republican,Kelly Loeffler (I),19
Banks,Anderson,U.S. Senate (Special),,Democrat,Raphael Warnock,35
Banks,Baldwin,U.S. Senate (Special),,Republican,Kelly Loeffler (I),20
Banks,Baldwin,U.S. Senate (Special),,Democrat,Raphael Warnock,36
Banks,Berlin,U.S. Senate (Special),,Republican,Kelly Loeffler (I),6
Banks,Berlin,U.S. Senate (Special),,Democrat,Raphael Warnock,16
Banks,Bushville,U.S. Senate (Special),,Republican,Kelly Loeffler (I),11
Banks,Bushville,U.S. Senate (Special),,Democrat,Raphael Warnock,11
Banks,Columbia,U.S. Senate (Special),,Republican,Kelly Loeffler (I),5
Banks,Columbia,U.S. Senate (Special),,Democrat,Raphael Warnock,6
Banks,Davids,U.S. Senate (Special),,Republican,Kelly Loeffler (I),39
Banks,Davids,U.S. Senate (Special),,Democrat,Raphael Warnock,64
Banks,Golden Hill,U.S. Senate (Special),,Republican,Kelly Loeffler (I),13
Banks,Golden Hill,U.S. Senate (Special),,Democrat,Raphael Warnock,28
Banks,Grove River,U.S. Senate (Special),,Republican,Kelly Loeffler (I),9
Banks,Grove River,U.S. Senate (Special),,Democrat,Raphael Warnock,10
Banks,Hollingsworth,U.S. Senate (Special),,Republican,Kelly Loeffler (I),9
Banks,Hollingsworth,U.S. Senate (Special),,Democrat,Raphael Warnock,20
Banks,Homer,U.S. Senate (Special),,Republican,Kelly Loeffler (I),16
Banks,Homer,U.S. Senate (Special),,Democrat,Raphael Warnock,33
Banks,Poplar Springs,U.S. Senate (Special),,Republican,Kelly Loeffler (I),28
Banks,Poplar Springs,U.S. Senate (Special),,Democrat,Raphael Warnock,43
Banks,Washington,U.S. Senate (Special),,Republican,Kelly Loeffler (I),10
Banks,Washington,U.S. Senate (Special),,Democrat,Raphael Warnock,25
Banks,Wilmonts,U.S. Senate (Special),,Republican,Kelly Loeffler (I),7
Banks,Wilmonts,U.S. Senate (Special),,Democrat,Raphael Warnock,12
Barrow,01 Bethlehem Community Center,U.S. Senate,,Republican,David A. Perdue (I),143
Barrow,01 Bethlehem Community Center,U.S. Senate,,Democrat,Jon Ossoff,194
Barrow,02 Bethlehem Church - 211,U.S. Senate,,Republican,David A. Perdue (I),180
Barrow,02 Bethlehem Church - 211,U.S. Senate,,Democrat,Jon Ossoff,326
Barrow,03 Hmong New Hope Alliance Church,U.S. Senate,,Republican,David A. Perdue (I),227
Barrow,03 Hmong New Hope Alliance Church,U.S. Senate,,Democrat,Jon Ossoff,288
Barrow,04 Covenant Life Sanctuary,U.S. Senate,,Republican,David A. Perdue (I),143
Barrow,04 Covenant Life Sanctuary,U.S. Senate,,Democrat,Jon Ossoff,222
Barrow,05 Fire Station 1 (Statham),U.S. Senate,,Republican,David A. Perdue (I),357
Barrow,05 Fire Station 1 (Statham),U.S. Senate,,Democrat,Jon Ossoff,662
Barrow,08 First Baptist Church Winder,U.S. Senate,,Republican,David A. Perdue (I),210
Barrow,08 First Baptist Church Winder,U.S. Senate,,Democrat,Jon Ossoff,465
Barrow,13 Winder Community Center,U.S. Senate,,Republican,David A. Perdue (I),437
Barrow,13 Winder Community Center,U.S. Senate,,Democrat,Jon Ossoff,821
Barrow,16 The Church at Winder,U.S. Senate,,Republican,David A. Perdue (I),490
Barrow,16 The Church at Winder,U.S. Senate,,Democrat,Jon Ossoff,977
Barrow,01 Bethlehem Community Center,U.S. Senate (Special),,Republican,Kelly Loeffler (I),147
Barrow,01 Bethlehem Community Center,U.S. Senate (Special),,Democrat,Raphael Warnock,195
Barrow,02 Bethlehem Church - 211,U.S. Senate (Special),,Republican,Kelly Loeffler (I),188
Barrow,02 Bethlehem Church - 211,U.S. Senate (Special),,Democrat,Raphael Warnock,332
Barrow,03 Hmong New Hope Alliance Church,U.S. Senate (Special),,Republican,Kelly Loeffler (I),227
Barrow,03 Hmong New Hope Alliance Church,U.S. Senate (Special),,Democrat,Raphael Warnock,299
Barrow,04 Covenant Life Sanctuary,U.S. Senate (Special),,Republican,Kelly Loeffler (I),144
Barrow,04 Covenant Life Sanctuary,U.S. Senate (Special),,Democrat,Raphael Warnock,231
Barrow,05 Fire Station 1 (Statham),U.S. Senate (Special),,Republican,Kelly Loeffler (I),364
Barrow,05 Fire Station 1 (Statham),U.S. Senate (Special),,Democrat,Raphael Warnock,682
Barrow,08 First Baptist Church Winder,U.S. Senate (Special),,Republican,Kelly Loeffler (I),214
Barrow,08 First Baptist Church Winder,U.S. Senate (Special),,Democrat,Raphael Warnock,466
Barrow,13 Winder Community Center,U.S. Senate (Special),,Republican,Kelly Loeffler (I),442
Barrow,13 Winder Community Center,U.S. Senate (Special),,Democrat,Raphael Warnock,824
Barrow,16 The Church at Winder,U.S. Senate (Special),,Republican,Kelly Loeffler (I),494
Barrow,16 The Church at Winder,U.S. Senate (Special),,Democrat,Raphael Warnock,987
Bartow,Adairsville,U.S. Senate,,Republican,David A. Perdue (I),201
Bartow,Adairsville,U.S. Senate,,Democrat,Jon Ossoff,298
Bartow,Allatoona,U.S. Senate,,Republican,David A. Perdue (I),198
Bartow,Allatoona,U.S. Senate,,Democrat,Jon Ossoff,211
Bartow,Cartersville East,U.S. Senate,,Republican,David A. Perdue (I),317
Bartow,Cartersville East,U.S. Senate,,Democrat,Jon Ossoff,563
Bartow,Cartersville West,U.S. Senate,,Republican,David A. Perdue (I),315
Bartow,Cartersville West,U.S. Senate,,Democrat,Jon Ossoff,676
Bartow,Cassville,U.S. Senate,,Republican,David A. Perdue (I),171
Bartow,Cassville,U.S. Senate,,Democrat,Jon Ossoff,284
Bartow,Center,U.S. Senate,,Republican,David A. Perdue (I),118
Bartow,Center,U.S. Senate,,Democrat,Jon Ossoff,194
Bartow,Emerson,U.S. Senate,,Republican,David A. Perdue (I),92
Bartow,Emerson,U.S. Senate,,Democrat,Jon Ossoff,118
Bartow,Euharlee,U.S. Senate,,Republican,David A. Perdue (I),216
Bartow,Euharlee,U.S. Senate,,Democrat,Jon Ossoff,267
Bartow,Folsom,U.S. Senate,,Republican,David A. Perdue (I),42
Bartow,Folsom,U.S. Senate,,Democrat,Jon Ossoff,28
Bartow,Hamilton Crossing,U.S. Senate,,Republican,David A. Perdue (I),197
Bartow,Hamilton Crossing,U.S. Senate,,Democrat,Jon Ossoff,380
Bartow,Kingston,U.S. Senate,,Republican,David A. Perdue (I),105
Bartow,Kingston,U.S. Senate,,Democrat,Jon Ossoff,71
Bartow,Mission Road,U.S. Senate,,Republican,David A. Perdue (I),149
Bartow,Mission Road,U.S. Senate,,Democrat,Jon Ossoff,287
Bartow,Pine Log,U.S. Senate,,Republican,David A. Perdue (I),67
Bartow,Pine Log,U.S. Senate,,Democrat,Jon Ossoff,33
Bartow,Taylorsville,U.S. Senate,,Republican,David A. Perdue (I),55
Bartow,Taylorsville,U.S. Senate,,Democrat,Jon Ossoff,57
Bartow,White,U.S. Senate,,Republican,David A. Perdue (I),73
Bartow,White,U.S. Senate,,Democrat,Jon Ossoff,77
Bartow,Zena Drive,U.S. Senate,,Republican,David A. Perdue (I),304
Bartow,Zena Drive,U.S. Senate,,Democrat,Jon Ossoff,493
Bartow,Woodland,U.S. Senate,,Republican,David A. Perdue (I),66
Bartow,Woodland,U.S. Senate,,Democrat,Jon Ossoff,110
Bartow,Adairsville,U.S. Senate (Special),,Republican,Kelly Loeffler (I),213
Bartow,Adairsville,U.S. Senate (Special),,Democrat,Raphael Warnock,300
Bartow,Allatoona,U.S. Senate (Special),,Republican,Kelly Loeffler (I),194
Bartow,Allatoona,U.S. Senate (Special),,Democrat,Raphael Warnock,214
Bartow,Cartersville East,U.S. Senate (Special),,Republican,Kelly Loeffler (I),324
Bartow,Cartersville East,U.S. Senate (Special),,Democrat,Raphael Warnock,565
Bartow,Cartersville West,U.S. Senate (Special),,Republican,Kelly Loeffler (I),327
Bartow,Cartersville West,U.S. Senate (Special),,Democrat,Raphael Warnock,694
Bartow,Cassville,U.S. Senate (Special),,Republican,Kelly Loeffler (I),174
Bartow,Cassville,U.S. Senate (Special),,Democrat,Raphael Warnock,289
Bartow,Center,U.S. Senate (Special),,Republican,Kelly Loeffler (I),119
Bartow,Center,U.S. Senate (Special),,Democrat,Raphael Warnock,196
Bartow,Emerson,U.S. Senate (Special),,Republican,Kelly Loeffler (I),97
Bartow,Emerson,U.S. Senate (Special),,Democrat,Raphael Warnock,120
Bartow,Euharlee,U.S. Senate (Special),,Republican,Kelly Loeffler (I),221
Bartow,Euharlee,U.S. Senate (Special),,Democrat,Raphael Warnock,272
Bartow,Folsom,U.S. Senate (Special),,Republican,Kelly Loeffler (I),41
Bartow,Folsom,U.S. Senate (Special),,Democrat,Raphael Warnock,31
Bartow,Hamilton Crossing,U.S. Senate (Special),,Republican,Kelly Loeffler (I),206
Bartow,Hamilton Crossing,U.S. Senate (Special),,Democrat,Raphael Warnock,385
Bartow,Kingston,U.S. Senate (Special),,Republican,Kelly Loeffler (I),106
Bartow,Kingston,U.S. Senate (Special),,Democrat,Raphael Warnock,75
Bartow,Mission Road,U.S. Senate (Special),,Republican,Kelly Loeffler (I),154
Bartow,Mission Road,U.S. Senate (Special),,Democrat,Raphael Warnock,289
Bartow,Pine Log,U.S. Senate (Special),,Republican,Kelly Loeffler (I),69
Bartow,Pine Log,U.S. Senate (Special),,Democrat,Raphael Warnock,33
Bartow,Taylorsville,U.S. Senate (Special),,Republican,Kelly Loeffler (I),57
Bartow,Taylorsville,U.S. Senate (Special),,Democrat,Raphael Warnock,57
Bartow,White,U.S. Senate (Special),,Republican,Kelly Loeffler (I),75
Bartow,White,U.S. Senate (Special),,Democrat,Raphael Warnock,79
Bartow,Zena Drive,U.S. Senate (Special),,Republican,Kelly Loeffler (I),310
Bartow,Zena Drive,U.S. Senate (Special),,Democrat,Raphael Warnock,500
Bartow,Woodland,U.S. Senate (Special),,Republican,Kelly Loeffler (I),64
Bartow,Woodland,U.S. Senate (Special),,Democrat,Raphael Warnock,110
Ben Hill,East,U.S. Senate,,Republican,David A. Perdue (I),210
Ben Hill,East,U.S. Senate,,Democrat,Jon Ossoff,588
Ben Hill,West,U.S. Senate,,Republican,David A. Perdue (I),225
Ben Hill,West,U.S. Senate,,Democrat,Jon Ossoff,558
Ben Hill,East,U.S. Senate (Special),,Republican,Kelly Loeffler (I),215
Ben Hill,East,U.S. Senate (Special),,Democrat,Raphael Warnock,590
Ben Hill,West,U.S. Senate (Special),,Republican,Kelly Loeffler (I),225
Ben Hill,West,U.S. Senate (Special),,Democrat,Raphael Warnock,562
Berrien,West Berrien,U.S. Senate,,Republican,David A. Perdue (I),20
Berrien,West Berrien,U.S. Senate,,Democrat,Jon Ossoff,27
Berrien,Ray City,U.S. Senate,,Republican,David A. Perdue (I),80
Berrien,Ray City,U.S. Senate,,Democrat,Jon Ossoff,72
Berrien,Nashville,U.S. Senate,,Republican,David A. Perdue (I),144
Berrien,Nashville,U.S. Senate,,Democrat,Jon Ossoff,271
Berrien,Enigma,U.S. Senate,,Republican,David A. Perdue (I),52
Berrien,Enigma,U.S. Senate,,Democrat,Jon Ossoff,16
Berrien,Alapaha,U.S. Senate,,Republican,David A. Perdue (I),96
Berrien,Alapaha,U.S. Senate,,Democrat,Jon Ossoff,70
Berrien,West Berrien,U.S. Senate (Special),,Republican,Kelly Loeffler (I),20
Berrien,West Berrien,U.S. Senate (Special),,Democrat,Raphael Warnock,27
Berrien,Ray City,U.S. Senate (Special),,Republican,Kelly Loeffler (I),84
Berrien,Ray City,U.S. Senate (Special),,Democrat,Raphael Warnock,72
Berrien,Nashville,U.S. Senate (Special),,Republican,Kelly Loeffler (I),140
Berrien,Nashville,U.S. Senate (Special),,Democrat,Raphael Warnock,272
Berrien,Enigma,U.S. Senate (Special),,Republican,Kelly Loeffler (I),51
Berrien,Enigma,U.S. Senate (Special),,Democrat,Raphael Warnock,16
Berrien,Alapaha,U.S. Senate (Special),,Republican,Kelly Loeffler (I),98
Berrien,Alapaha,U.S. Senate (Special),,Democrat,Raphael Warnock,70
Bibb,East Macon 1,U.S. Senate,,Republican,David A. Perdue (I),240
Bibb,East Macon 1,U.S. Senate,,Democrat,Jon Ossoff,298
Bibb,East Macon 2,U.S. Senate,,Republican,David A. Perdue (I),544
Bibb,East Macon 2,U.S. Senate,,Democrat,Jon Ossoff,789
Bibb,East Macon 3,U.S. Senate,,Republican,David A. Perdue (I),336
Bibb,East Macon 3,U.S. Senate,,Democrat,Jon Ossoff,607
Bibb,East Macon 4,U.S. Senate,,Republican,David A. Perdue (I),325
Bibb,East Macon 4,U.S. Senate,,Democrat,Jon Ossoff,429
Bibb,East Macon 5,U.S. Senate,,Republican,David A. Perdue (I),300
Bibb,East Macon 5,U.S. Senate,,Democrat,Jon Ossoff,523
Bibb,Godfrey 1,U.S. Senate,,Republican,David A. Perdue (I),643
Bibb,Godfrey 1,U.S. Senate,,Democrat,Jon Ossoff,1097
Bibb,Godfrey 2,U.S. Senate,,Republican,David A. Perdue (I),209
Bibb,Godfrey 2,U.S. Senate,,Democrat,Jon Ossoff,279
Bibb,Godfrey 3,U.S. Senate,,Republican,David A. Perdue (I),399
Bibb,Godfrey 3,U.S. Senate,,Democrat,Jon Ossoff,633
Bibb,Godfrey 4,U.S. Senate,,Republican,David A. Perdue (I),242
Bibb,Godfrey 4,U.S. Senate,,Democrat,Jon Ossoff,264
Bibb,Godfrey 5,U.S. Senate,,Republican,David A. Perdue (I),708
Bibb,Godfrey 5,U.S. Senate,,Democrat,Jon Ossoff,856
Bibb,Hazzard 1,U.S. Senate,,Republican,David A. Perdue (I),497
Bibb,Hazzard 1,U.S. Senate,,Democrat,Jon Ossoff,601
Bibb,Hazzard 2,U.S. Senate,,Republican,David A. Perdue (I),472
Bibb,Hazzard 2,U.S. Senate,,Democrat,Jon Ossoff,645
Bibb,Hazzard 3,U.S. Senate,,Republican,David A. Perdue (I),679
Bibb,Hazzard 3,U.S. Senate,,Democrat,Jon Ossoff,1398
Bibb,Hazzard 4,U.S. Senate,,Republican,David A. Perdue (I),370
Bibb,Hazzard 4,U.S. Senate,,Democrat,Jon Ossoff,643
Bibb,Howard 1,U.S. Senate,,Republican,David A. Perdue (I),173
Bibb,Howard 1,U.S. Senate,,Democrat,Jon Ossoff,353
Bibb,Howard 2,U.S. Senate,,Republican,David A. Perdue (I),211
Bibb,Howard 2,U.S. Senate,,Democrat,Jon Ossoff,360
Bibb,Howard 3,U.S. Senate,,Republican,David A. Perdue (I),485
Bibb,Howard 3,U.S. Senate,,Democrat,Jon Ossoff,893
Bibb,Howard 4,U.S. Senate,,Republican,David A. Perdue (I),163
Bibb,Howard 4,U.S. Senate,,Democrat,Jon Ossoff,241
Bibb,Howard 5,U.S. Senate,,Republican,David A. Perdue (I),294
Bibb,Howard 5,U.S. Senate,,Democrat,Jon Ossoff,335
Bibb,Howard 6,U.S. Senate,,Republican,David A. Perdue (I),151
Bibb,Howard 6,U.S. Senate,,Democrat,Jon Ossoff,288
Bibb,Howard 7,U.S. Senate,,Republican,David A. Perdue (I),186
Bibb,Howard 7,U.S. Senate,,Democrat,Jon Ossoff,328
Bibb,Rutland 1,U.S. Senate,,Republican,David A. Perdue (I),359
Bibb,Rutland 1,U.S. Senate,,Democrat,Jon Ossoff,808
Bibb,Rutland 2,U.S. Senate,,Republican,David A. Perdue (I),227
Bibb,Rutland 2,U.S. Senate,,Democrat,Jon Ossoff,373
Bibb,Vineville 1,U.S. Senate,,Republican,David A. Perdue (I),317
Bibb,Vineville 1,U.S. Senate,,Democrat,Jon Ossoff,591
Bibb,Vineville 2,U.S. Senate,,Republican,David A. Perdue (I),222
Bibb,Vineville 2,U.S. Senate,,Democrat,Jon Ossoff,323
Bibb,Vineville 3,U.S. Senate,,Republican,David A. Perdue (I),363
Bibb,Vineville 3,U.S. Senate,,Democrat,Jon Ossoff,668
Bibb,Vineville 4,U.S. Senate,,Republican,David A. Perdue (I),553
Bibb,Vineville 4,U.S. Senate,,Democrat,Jon Ossoff,748
Bibb,Vineville 5,U.S. Senate,,Republican,David A. Perdue (I),197
Bibb,Vineville 5,U.S. Senate,,Democrat,Jon Ossoff,340
Bibb,Vineville 6,U.S. Senate,,Republican,David A. Perdue (I),243
Bibb,Vineville 6,U.S. Senate,,Democrat,Jon Ossoff,444
Bibb,Warrior 1,U.S. Senate,,Republican,David A. Perdue (I),155
Bibb,Warrior 1,U.S. Senate,,Democrat,Jon Ossoff,286
Bibb,Warrior 2,U.S. Senate,,Republican,David A. Perdue (I),142
Bibb,Warrior 2,U.S. Senate,,Democrat,Jon Ossoff,428
Bibb,East Macon 1,U.S. Senate (Special),,Republican,Kelly Loeffler (I),241
Bibb,East Macon 1,U.S. Senate (Special),,Democrat,Raphael Warnock,299
Bibb,East Macon 2,U.S. Senate (Special),,Republican,Kelly Loeffler (I),553
Bibb,East Macon 2,U.S. Senate (Special),,Democrat,Raphael Warnock,794
Bibb,East Macon 3,U.S. Senate (Special),,Republican,Kelly Loeffler (I),336
Bibb,East Macon 3,U.S. Senate (Special),,Democrat,Raphael Warnock,612
Bibb,East Macon 4,U.S. Senate (Special),,Republican,Kelly Loeffler (I),323
Bibb,East Macon 4,U.S. Senate (Special),,Democrat,Raphael Warnock,432
Bibb,East Macon 5,U.S. Senate (Special),,Republican,Kelly Loeffler (I),301
Bibb,East Macon 5,U.S. Senate (Special),,Democrat,Raphael Warnock,526
Bibb,Godfrey 1,U.S. Senate (Special),,Republican,Kelly Loeffler (I),648
Bibb,Godfrey 1,U.S. Senate (Special),,Democrat,Raphael Warnock,1103
Bibb,Godfrey 2,U.S. Senate (Special),,Republican,Kelly Loeffler (I),217
Bibb,Godfrey 2,U.S. Senate (Special),,Democrat,Raphael Warnock,280
Bibb,Godfrey 3,U.S. Senate (Special),,Republican,Kelly Loeffler (I),399
Bibb,Godfrey 3,U.S. Senate (Special),,Democrat,Raphael Warnock,634
Bibb,Godfrey 4,U.S. Senate (Special),,Republican,Kelly Loeffler (I),245
Bibb,Godfrey 4,U.S. Senate (Special),,Democrat,Raphael Warnock,266
Bibb,Godfrey 5,U.S. Senate (Special),,Republican,Kelly Loeffler (I),712
Bibb,Godfrey 5,U.S. Senate (Special),,Democrat,Raphael Warnock,862
Bibb,Hazzard 1,U.S. Senate (Special),,Republican,Kelly Loeffler (I),497
Bibb,Hazzard 1,U.S. Senate (Special),,Democrat,Raphael Warnock,602
Bibb,Hazzard 2,U.S. Senate (Special),,Republican,Kelly Loeffler (I),475
Bibb,Hazzard 2,U.S. Senate (Special),,Democrat,Raphael Warnock,648
Bibb,Hazzard 3,U.S. Senate (Special),,Republican,Kelly Loeffler (I),685
Bibb,Hazzard 3,U.S. Senate (Special),,Democrat,Raphael Warnock,1402
Bibb,Hazzard 4,U.S. Senate (Special),,Republican,Kelly Loeffler (I),369
Bibb,Hazzard 4,U.S. Senate (Special),,Democrat,Raphael Warnock,643
Bibb,Howard 1,U.S. Senate (Special),,Republican,Kelly Loeffler (I),186
Bibb,Howard 1,U.S. Senate (Special),,Democrat,Raphael Warnock,358
Bibb,Howard 2,U.S. Senate (Special),,Republican,Kelly Loeffler (I),209
Bibb,Howard 2,U.S. Senate (Special),,Democrat,Raphael Warnock,355
Bibb,Howard 3,U.S. Senate (Special),,Republican,Kelly Loeffler (I),492
Bibb,Howard 3,U.S. Senate (Special),,Democrat,Raphael Warnock,897
Bibb,Howard 4,U.S. Senate (Special),,Republican,Kelly Loeffler (I),163
Bibb,Howard 4,U.S. Senate (Special),,Democrat,Raphael Warnock,244
Bibb,Howard 5,U.S. Senate (Special),,Republican,Kelly Loeffler (I),298
Bibb,Howard 5,U.S. Senate (Special),,Democrat,Raphael Warnock,339
Bibb,Howard 6,U.S. Senate (Special),,Republican,Kelly Loeffler (I),151
Bibb,Howard 6,U.S. Senate (Special),,Democrat,Raphael Warnock,290
Bibb,Howard 7,U.S. Senate (Special),,Republican,Kelly Loeffler (I),193
Bibb,Howard 7,U.S. Senate (Special),,Democrat,Raphael Warnock,333
Bibb,Rutland 1,U.S. Senate (Special),,Republican,Kelly Loeffler (I),365
Bibb,Rutland 1,U.S. Senate (Special),,Democrat,Raphael Warnock,812
Bibb,Rutland 2,U.S. Senate (Special),,Republican,Kelly Loeffler (I),222
Bibb,Rutland 2,U.S. Senate (Special),,Democrat,Raphael Warnock,376
Bibb,Vineville 1,U.S. Senate (Special),,Republican,Kelly Loeffler (I),324
Bibb,Vineville 1,U.S. Senate (Special),,Democrat,Raphael Warnock,598
Bibb,Vineville 2,U.S. Senate (Special),,Republican,Kelly Loeffler (I),226
Bibb,Vineville 2,U.S. Senate (Special),,Democrat,Raphael Warnock,321
Bibb,Vineville 3,U.S. Senate (Special),,Republican,Kelly Loeffler (I),367
Bibb,Vineville 3,U.S. Senate (Special),,Democrat,Raphael Warnock,672
Bibb,Vineville 4,U.S. Senate (Special),,Republican,Kelly Loeffler (I),553
Bibb,Vineville 4,U.S. Senate (Special),,Democrat,Raphael Warnock,751
Bibb,Vineville 5,U.S. Senate (Special),,Republican,Kelly Loeffler (I),198
Bibb,Vineville 5,U.S. Senate (Special),,Democrat,Raphael Warnock,341
Bibb,Vineville 6,U.S. Senate (Special),,Republican,Kelly Loeffler (I),251
Bibb,Vineville 6,U.S. Senate (Special),,Democrat,Raphael Warnock,449
Bibb,Warrior 1,U.S. Senate (Special),,Republican,Kelly Loeffler (I),164
Bibb,Warrior 1,U.S. Senate (Special),,Democrat,Raphael Warnock,290
Bibb,Warrior 2,U.S. Senate (Special),,Republican,Kelly Loeffler (I),140
Bibb,Warrior 2,U.S. Senate (Special),,Democrat,Raphael Warnock,431
Bleckley,Fairground,U.S. Senate,,Republican,David A. Perdue (I),317
Bleckley,Fairground,U.S. Senate,,Democrat,Jon Ossoff,487
Bleckley,Fairground,U.S. Senate (Special),,Republican,Kelly Loeffler (I),326
Bleckley,Fairground,U.S. Senate (Special),,Democrat,Raphael Warnock,497
Brantley,Hoboken,U.S. Senate,,Republican,David A. Perdue (I),42
Brantley,Hoboken,U.S. Senate,,Democrat,Jon Ossoff,49
Brantley,Nahunta,U.S. Senate,,Republican,David A. Perdue (I),66
Brantley,Nahunta,U.S. Senate,,Democrat,Jon Ossoff,119
Brantley,Waynesville,U.S. Senate,,Republican,David A. Perdue (I),62
Brantley,Waynesville,U.S. Senate,,Democrat,Jon Ossoff,101
Brantley,Hoboken,U.S. Senate (Special),,Republican,Kelly Loeffler (I),41
Brantley,Hoboken,U.S. Senate (Special),,Democrat,Raphael Warnock,47
Brantley,Nahunta,U.S. Senate (Special),,Republican,Kelly Loeffler (I),65
Brantley,Nahunta,U.S. Senate (Special),,Democrat,Raphael Warnock,118
Brantley,Waynesville,U.S. Senate (Special),,Republican,Kelly Loeffler (I),64
Brantley,Waynesville,U.S. Senate (Special),,Democrat,Raphael Warnock,103
Brooks,Quitman,U.S. Senate,,Republican,David A. Perdue (I),267
Brooks,Quitman,U.S. Senate,,Democrat,Jon Ossoff,500
Brooks,Barwick,U.S. Senate,,Republican,David A. Perdue (I),16
Brooks,Barwick,U.S. Senate,,Democrat,Jon Ossoff,23
Brooks,Dixie,U.S. Senate,,Republican,David A. Perdue (I),59
Brooks,Dixie,U.S. Senate,,Democrat,Jon Ossoff,134
Brooks,Briggs,U.S. Senate,,Republican,David A. Perdue (I),71
Brooks,Briggs,U.S. Senate,,Democrat,Jon Ossoff,103
Brooks,Nankin,U.S. Senate,,Republican,David A. Perdue (I),11
Brooks,Nankin,U.S. Senate,,Democrat,Jon Ossoff,30
Brooks,Morven,U.S. Senate,,Republican,David A. Perdue (I),102
Brooks,Morven,U.S. Senate,,Democrat,Jon Ossoff,109
Brooks,Pavo,U.S. Senate,,Republican,David A. Perdue (I),44
Brooks,Pavo,U.S. Senate,,Democrat,Jon Ossoff,28
Brooks,Quitman,U.S. Senate (Special),,Republican,Kelly Loeffler (I),267
Brooks,Quitman,U.S. Senate (Special),,Democrat,Raphael Warnock,498
Brooks,Barwick,U.S. Senate (Special),,Republican,Kelly Loeffler (I),16
Brooks,Barwick,U.S. Senate (Special),,Democrat,Raphael Warnock,23
Brooks,Dixie,U.S. Senate (Special),,Republican,Kelly Loeffler (I),61
Brooks,Dixie,U.S. Senate (Special),,Democrat,Raphael Warnock,132
Brooks,Briggs,U.S. Senate (Special),,Republican,Kelly Loeffler (I),68
Brooks,Briggs,U.S. Senate (Special),,Democrat,Raphael Warnock,103
Brooks,Nankin,U.S. Senate (Special),,Republican,Kelly Loeffler (I),12
Brooks,Nankin,U.S. Senate (Special),,Democrat,Raphael Warnock,31
Brooks,Morven,U.S. Senate (Special),,Republican,Kelly Loeffler (I),101
Brooks,Morven,U.S. Senate (Special),,Democrat,Raphael Warnock,109
Brooks,Pavo,U.S. Senate (Special),,Republican,Kelly Loeffler (I),46
Brooks,Pavo,U.S. Senate (Special),,Democrat,Raphael Warnock,29
Bryan,Pembroke,U.S. Senate,,Republican,David A. Perdue (I),135
Bryan,Pembroke,U.S. Senate,,Democrat,Jon Ossoff,263
Bryan,Danielsiding,U.S. Senate,,Republican,David A. Perdue (I),70
Bryan,Danielsiding,U.S. Senate,,Democrat,Jon Ossoff,164
Bryan,Ellabell,U.S. Senate,,Republican,David A. Perdue (I),75
Bryan,Ellabell,U.S. Senate,,Democrat,Jon Ossoff,114
Bryan,Black Creek,U.S. Senate,,Republican,David A. Perdue (I),97
Bryan,Black Creek,U.S. Senate,,Democrat,Jon Ossoff,162
Bryan,Ways Station,U.S. Senate,,Republican,David A. Perdue (I),86
Bryan,Ways Station,U.S. Senate,,Democrat,Jon Ossoff,216
Bryan,RH Rec Complex,U.S. Senate,,Republican,David A. Perdue (I),164
Bryan,RH Rec Complex,U.S. Senate,,Democrat,Jon Ossoff,413
Bryan,JF Gregory Park,U.S. Senate,,Republican,David A. Perdue (I),61
Bryan,JF Gregory Park,U.S. Senate,,Democrat,Jon Ossoff,294
Bryan,Keller,U.S. Senate,,Republican,David A. Perdue (I),137
Bryan,Keller,U.S. Senate,,Democrat,Jon Ossoff,510
Bryan,Hwy 144 East,U.S. Senate,,Republican,David A. Perdue (I),160
Bryan,Hwy 144 East,U.S. Senate,,Democrat,Jon Ossoff,776
Bryan,Public Safety Complex,U.S. Senate,,Republican,David A. Perdue (I),104
Bryan,Public Safety Complex,U.S. Senate,,Democrat,Jon Ossoff,294
Bryan,Pembroke,U.S. Senate (Special),,Republican,Kelly Loeffler (I),135
Bryan,Pembroke,U.S. Senate (Special),,Democrat,Raphael Warnock,264
Bryan,Danielsiding,U.S. Senate (Special),,Republican,Kelly Loeffler (I),69
Bryan,Danielsiding,U.S. Senate (Special),,Democrat,Raphael Warnock,162
Bryan,Ellabell,U.S. Senate (Special),,Republican,Kelly Loeffler (I),77
Bryan,Ellabell,U.S. Senate (Special),,Democrat,Raphael Warnock,116
Bryan,Black Creek,U.S. Senate (Special),,Republican,Kelly Loeffler (I),99
Bryan,Black Creek,U.S. Senate (Special),,Democrat,Raphael Warnock,161
Bryan,Ways Station,U.S. Senate (Special),,Republican,Kelly Loeffler (I),87
Bryan,Ways Station,U.S. Senate (Special),,Democrat,Raphael Warnock,214
Bryan,RH Rec Complex,U.S. Senate (Special),,Republican,Kelly Loeffler (I),163
Bryan,RH Rec Complex,U.S. Senate (Special),,Democrat,Raphael Warnock,413
Bryan,JF Gregory Park,U.S. Senate (Special),,Republican,Kelly Loeffler (I),61
Bryan,JF Gregory Park,U.S. Senate (Special),,Democrat,Raphael Warnock,296
Bryan,Keller,U.S. Senate (Special),,Republican,Kelly Loeffler (I),135
Bryan,Keller,U.S. Senate (Special),,Democrat,Raphael Warnock,515
Bryan,Hwy 144 East,U.S. Senate (Special),,Republican,Kelly Loeffler (I),157
Bryan,Hwy 144 East,U.S. Senate (Special),,Democrat,Raphael Warnock,772
Bryan,Public Safety Complex,U.S. Senate (Special),,Republican,Kelly Loeffler (I),100
Bryan,Public Safety Complex,U.S. Senate (Special),,Democrat,Raphael Warnock,291
Bulloch,Lockhart,U.S. Senate,,Republican,David A. Perdue (I),52
Bulloch,Lockhart,U.S. Senate,,Democrat,Jon Ossoff,39
Bulloch,Emit,U.S. Senate,,Republican,David A. Perdue (I),151
Bulloch,Emit,U.S. Senate,,Democrat,Jon Ossoff,277
Bulloch,Statesboro,U.S. Senate,,Republican,David A. Perdue (I),469
Bulloch,Statesboro,U.S. Senate,,Democrat,Jon Ossoff,801
Bulloch,Portal,U.S. Senate,,Republican,David A. Perdue (I),105
Bulloch,Portal,U.S. Senate,,Democrat,Jon Ossoff,77
Bulloch,Fair,U.S. Senate,,Republican,David A. Perdue (I),305
Bulloch,Fair,U.S. Senate,,Democrat,Jon Ossoff,641
Bulloch,Church,U.S. Senate,,Republican,David A. Perdue (I),427
Bulloch,Church,U.S. Senate,,Democrat,Jon Ossoff,720
Bulloch,Pittman Park,U.S. Senate,,Republican,David A. Perdue (I),439
Bulloch,Pittman Park,U.S. Senate,,Democrat,Jon Ossoff,525
Bulloch,Leefield,U.S. Senate,,Republican,David A. Perdue (I),35
Bulloch,Leefield,U.S. Senate,,Democrat,Jon Ossoff,29
Bulloch,Blitch,U.S. Senate,,Republican,David A. Perdue (I),66
Bulloch,Blitch,U.S. Senate,,Democrat,Jon Ossoff,144
Bulloch,Hagin,U.S. Senate,,Republican,David A. Perdue (I),131
Bulloch,Hagin,U.S. Senate,,Democrat,Jon Ossoff,194
Bulloch,Brooklet,U.S. Senate,,Republican,David A. Perdue (I),152
Bulloch,Brooklet,U.S. Senate,,Democrat,Jon Ossoff,208
Bulloch,Stilson,U.S. Senate,,Republican,David A. Perdue (I),72
Bulloch,Stilson,U.S. Senate,,Democrat,Jon Ossoff,65
Bulloch,Bay,U.S. Senate,,Republican,David A. Perdue (I),54
Bulloch,Bay,U.S. Senate,,Democrat,Jon Ossoff,59
Bulloch,Nevils,U.S. Senate,,Republican,David A. Perdue (I),60
Bulloch,Nevils,U.S. Senate,,Democrat,Jon Ossoff,49
Bulloch,Sinkhole,U.S. Senate,,Republican,David A. Perdue (I),19
Bulloch,Sinkhole,U.S. Senate,,Democrat,Jon Ossoff,8
Bulloch,Register,U.S. Senate,,Republican,David A. Perdue (I),77
Bulloch,Register,U.S. Senate,,Democrat,Jon Ossoff,67
Bulloch,Lockhart,U.S. Senate (Special),,Republican,Kelly Loeffler (I),55
Bulloch,Lockhart,U.S. Senate (Special),,Democrat,Raphael Warnock,38
Bulloch,Emit,U.S. Senate (Special),,Republican,Kelly Loeffler (I),155
Bulloch,Emit,U.S. Senate (Special),,Democrat,Raphael Warnock,278
Bulloch,Statesboro,U.S. Senate (Special),,Republican,Kelly Loeffler (I),467
Bulloch,Statesboro,U.S. Senate (Special),,Democrat,Raphael Warnock,801
Bulloch,Portal,U.S. Senate (Special),,Republican,Kelly Loeffler (I),103
Bulloch,Portal,U.S. Senate (Special),,Democrat,Raphael Warnock,77
Bulloch,Fair,U.S. Senate (Special),,Republican,Kelly Loeffler (I),304
Bulloch,Fair,U.S. Senate (Special),,Democrat,Raphael Warnock,645
Bulloch,Church,U.S. Senate (Special),,Republican,Kelly Loeffler (I),425
Bulloch,Church,U.S. Senate (Special),,Democrat,Raphael Warnock,722
Bulloch,Pittman Park,U.S. Senate (Special),,Republican,Kelly Loeffler (I),439
Bulloch,Pittman Park,U.S. Senate (Special),,Democrat,Raphael Warnock,525
Bulloch,Leefield,U.S. Senate (Special),,Republican,Kelly Loeffler (I),36
Bulloch,Leefield,U.S. Senate (Special),,Democrat,Raphael Warnock,29
Bulloch,Blitch,U.S. Senate (Special),,Republican,Kelly Loeffler (I),69
Bulloch,Blitch,U.S. Senate (Special),,Democrat,Raphael Warnock,144
Bulloch,Hagin,U.S. Senate (Special),,Republican,Kelly Loeffler (I),130
Bulloch,Hagin,U.S. Senate (Special),,Democrat,Raphael Warnock,194
Bulloch,Brooklet,U.S. Senate (Special),,Republican,Kelly Loeffler (I),152
Bulloch,Brooklet,U.S. Senate (Special),,Democrat,Raphael Warnock,210
Bulloch,Stilson,U.S. Senate (Special),,Republican,Kelly Loeffler (I),72
Bulloch,Stilson,U.S. Senate (Special),,Democrat,Raphael Warnock,66
Bulloch,Bay,U.S. Senate (Special),,Republican,Kelly Loeffler (I),60
Bulloch,Bay,U.S. Senate (Special),,Democrat,Raphael Warnock,60
Bulloch,Nevils,U.S. Senate (Special),,Republican,Kelly Loeffler (I),60
Bulloch,Nevils,U.S. Senate (Special),,Democrat,Raphael Warnock,49
Bulloch,Sinkhole,U.S. Senate (Special),,Republican,Kelly Loeffler (I),20
Bulloch,Sinkhole,U.S. Senate (Special),,Democrat,Raphael Warnock,8
Bulloch,Register,U.S. Senate (Special),,Republican,Kelly Loeffler (I),75
Bulloch,Register,U.S. Senate (Special),,Democrat,Raphael Warnock,67
Burke,Alexander,U.S. Senate,,Republican,David A. Perdue (I),27
Burke,Alexander,U.S. Senate,,Democrat,Jon Ossoff,27
Burke,Four Points,U.S. Senate,,Republican,David A. Perdue (I),145
Burke,Four Points,U.S. Senate,,Democrat,Jon Ossoff,207
Burke,Girard,U.S. Senate,,Republican,David A. Perdue (I),105
Burke,Girard,U.S. Senate,,Democrat,Jon Ossoff,49
Burke,Gough,U.S. Senate,,Republican,David A. Perdue (I),66
Burke,Gough,U.S. Senate,,Democrat,Jon Ossoff,54
Burke,Greenscut,U.S. Senate,,Republican,David A. Perdue (I),74
Burke,Greenscut,U.S. Senate,,Democrat,Jon Ossoff,101
Burke,Keysville,U.S. Senate,,Republican,David A. Perdue (I),79
Burke,Keysville,U.S. Senate,,Democrat,Jon Ossoff,16
Burke,Midville,U.S. Senate,,Republican,David A. Perdue (I),85
Burke,Midville,U.S. Senate,,Democrat,Jon Ossoff,27
Burke,Munnerlyn,U.S. Senate,,Republican,David A. Perdue (I),21
Burke,Munnerlyn,U.S. Senate,,Democrat,Jon Ossoff,28
Burke,Sardis,U.S. Senate,,Republican,David A. Perdue (I),121
Burke,Sardis,U.S. Senate,,Democrat,Jon Ossoff,62
Burke,Scotts Crossroads,U.S. Senate,,Republican,David A. Perdue (I),44
Burke,Scotts Crossroads,U.S. Senate,,Democrat,Jon Ossoff,46
Burke,Telfair,U.S. Senate,,Republican,David A. Perdue (I),77
Burke,Telfair,U.S. Senate,,Democrat,Jon Ossoff,121
Burke,St Clair,U.S. Senate,,Republican,David A. Perdue (I),43
Burke,St Clair,U.S. Senate,,Democrat,Jon Ossoff,38
Burke,Vidette,U.S. Senate,,Republican,David A. Perdue (I),52
Burke,Vidette,U.S. Senate,,Democrat,Jon Ossoff,29
Burke,North Waynesboro,U.S. Senate,,Republican,David A. Perdue (I),301
Burke,North Waynesboro,U.S. Senate,,Democrat,Jon Ossoff,479
Burke,South Waynesboro,U.S. Senate,,Republican,David A. Perdue (I),219
Burke,South Waynesboro,U.S. Senate,,Democrat,Jon Ossoff,431
Burke,Blakeney,U.S. Senate,,Republican,David A. Perdue (I),89
Burke,Blakeney,U.S. Senate,,Democrat,Jon Ossoff,98
Burke,Alexander,U.S. Senate (Special),,Republican,Kelly Loeffler (I),29
Burke,Alexander,U.S. Senate (Special),,Democrat,Raphael Warnock,28
Burke,Four Points,U.S. Senate (Special),,Republican,Kelly Loeffler (I),142
Burke,Four Points,U.S. Senate (Special),,Democrat,Raphael Warnock,211
Burke,Girard,U.S. Senate (Special),,Republican,Kelly Loeffler (I),105
Burke,Girard,U.S. Senate (Special),,Democrat,Raphael Warnock,49
Burke,Gough,U.S. Senate (Special),,Republican,Kelly Loeffler (I),65
Burke,Gough,U.S. Senate (Special),,Democrat,Raphael Warnock,54
Burke,Greenscut,U.S. Senate (Special),,Republican,Kelly Loeffler (I),77
Burke,Greenscut,U.S. Senate (Special),,Democrat,Raphael Warnock,103
Burke,Keysville,U.S. Senate (Special),,Republican,Kelly Loeffler (I),79
Burke,Keysville,U.S. Senate (Special),,Democrat,Raphael Warnock,16
Burke,Midville,U.S. Senate (Special),,Republican,Kelly Loeffler (I),88
Burke,Midville,U.S. Senate (Special),,Democrat,Raphael Warnock,29
Burke,Munnerlyn,U.S. Senate (Special),,Republican,Kelly Loeffler (I),21
Burke,Munnerlyn,U.S. Senate (Special),,Democrat,Raphael Warnock,27
Burke,Sardis,U.S. Senate (Special),,Republican,Kelly Loeffler (I),122
Burke,Sardis,U.S. Senate (Special),,Democrat,Raphael Warnock,61
Burke,Scotts Crossroads,U.S. Senate (Special),,Republican,Kelly Loeffler (I),45
Burke,Scotts Crossroads,U.S. Senate (Special),,Democrat,Raphael Warnock,46
Burke,Telfair,U.S. Senate (Special),,Republican,Kelly Loeffler (I),77
Burke,Telfair,U.S. Senate (Special),,Democrat,Raphael Warnock,120
Burke,St Clair,U.S. Senate (Special),,Republican,Kelly Loeffler (I),43
Burke,St Clair,U.S. Senate (Special),,Democrat,Raphael Warnock,37
Burke,Vidette,U.S. Senate (Special),,Republican,Kelly Loeffler (I),52
Burke,Vidette,U.S. Senate (Special),,Democrat,Raphael Warnock,29
Burke,North Waynesboro,U.S. Senate (Special),,Republican,Kelly Loeffler (I),302
Burke,North Waynesboro,U.S. Senate (Special),,Democrat,Raphael Warnock,483
Burke,South Waynesboro,U.S. Senate (Special),,Republican,Kelly Loeffler (I),219
Burke,South Waynesboro,U.S. Senate (Special),,Democrat,Raphael Warnock,430
Burke,Blakeney,U.S. Senate (Special),,Republican,Kelly Loeffler (I),89
Burke,Blakeney,U.S. Senate (Special),,Democrat,Raphael Warnock,97
Butts,Butts County Admin Bldg,U.S. Senate,,Republican,David A. Perdue (I),591
Butts,Butts County Admin Bldg,U.S. Senate,,Democrat,Jon Ossoff,1577
Butts,Butts County Admin Bldg,U.S. Senate (Special),,Republican,Kelly Loeffler (I),594
Butts,Butts County Admin Bldg,U.S. Senate (Special),,Democrat,Raphael Warnock,1592
Calhoun,Leary,U.S. Senate,,Republican,David A. Perdue (I),93
Calhoun,Leary,U.S. Senate,,Democrat,Jon Ossoff,81
Calhoun,Morgan,U.S. Senate,,Republican,David A. Perdue (I),18
Calhoun,Morgan,U.S. Senate,,Democrat,Jon Ossoff,60
Calhoun,Edison,U.S. Senate,,Republican,David A. Perdue (I),80
Calhoun,Edison,U.S. Senate,,Democrat,Jon Ossoff,77
Calhoun,Edison-Arlington,U.S. Senate,,Republican,David A. Perdue (I),67
Calhoun,Edison-Arlington,U.S. Senate,,Democrat,Jon Ossoff,101
Calhoun,Arlington,U.S. Senate,,Republican,David A. Perdue (I),100
Calhoun,Arlington,U.S. Senate,,Democrat,Jon Ossoff,87
Calhoun,Leary,U.S. Senate (Special),,Republican,Kelly Loeffler (I),96
Calhoun,Leary,U.S. Senate (Special),,Democrat,Raphael Warnock,81
Calhoun,Morgan,U.S. Senate (Special),,Republican,Kelly Loeffler (I),18
Calhoun,Morgan,U.S. Senate (Special),,Democrat,Raphael Warnock,58
Calhoun,Edison,U.S. Senate (Special),,Republican,Kelly Loeffler (I),81
Calhoun,Edison,U.S. Senate (Special),,Democrat,Raphael Warnock,75
Calhoun,Edison-Arlington,U.S. Senate (Special),,Republican,Kelly Loeffler (I),66
Calhoun,Edison-Arlington,U.S. Senate (Special),,Democrat,Raphael Warnock,101
Calhoun,Arlington,U.S. Senate (Special),,Republican,Kelly Loeffler (I),102
Calhoun,Arlington,U.S. Senate (Special),,Democrat,Raphael Warnock,88
Candler,Jack Strickland Comm Center,U.S. Senate,,Republican,David A. Perdue (I),215
Candler,Jack Strickland Comm Center,U.S. Senate,,Democrat,Jon Ossoff,583
Candler,Jack Strickland Comm Center,U.S. Senate (Special),,Republican,Kelly Loeffler (I),213
Candler,Jack Strickland Comm Center,U.S. Senate (Special),,Democrat,Raphael Warnock,582
Carroll,Kansas,U.S. Senate,,Republican,David A. Perdue (I),24
Carroll,Kansas,U.S. Senate,,Democrat,Jon Ossoff,9
Carroll,Bowdon,U.S. Senate,,Republican,David A. Perdue (I),175
Carroll,Bowdon,U.S. Senate,,Democrat,Jon Ossoff,147
Carroll,Sandhill,U.S. Senate,,Republican,David A. Perdue (I),181
Carroll,Sandhill,U.S. Senate,,Democrat,Jon Ossoff,323
Carroll,Center Point,U.S. Senate,,Republican,David A. Perdue (I),34
Carroll,Center Point,U.S. Senate,,Democrat,Jon Ossoff,56
Carroll,Mt Zion,U.S. Senate,,Republican,David A. Perdue (I),92
Carroll,Mt Zion,U.S. Senate,,Democrat,Jon Ossoff,85
Carroll,Burwell,U.S. Senate,,Republican,David A. Perdue (I),49
Carroll,Burwell,U.S. Senate,,Democrat,Jon Ossoff,61
Carroll,Clem,U.S. Senate,,Republican,David A. Perdue (I),130
Carroll,Clem,U.S. Senate,,Democrat,Jon Ossoff,248
Carroll,Bowdon Junction,U.S. Senate,,Republican,David A. Perdue (I),56
Carroll,Bowdon Junction,U.S. Senate,,Democrat,Jon Ossoff,76
Carroll,Tyus,U.S. Senate,,Republican,David A. Perdue (I),49
Carroll,Tyus,U.S. Senate,,Democrat,Jon Ossoff,56
Carroll,Fairfield,U.S. Senate,,Republican,David A. Perdue (I),196
Carroll,Fairfield,U.S. Senate,,Democrat,Jon Ossoff,258
Carroll,Hulett,U.S. Senate,,Republican,David A. Perdue (I),89
Carroll,Hulett,U.S. Senate,,Democrat,Jon Ossoff,110
Carroll,Bethany,U.S. Senate,,Republican,David A. Perdue (I),235
Carroll,Bethany,U.S. Senate,,Democrat,Jon Ossoff,467
Carroll,V R County South,U.S. Senate,,Republican,David A. Perdue (I),114
Carroll,V R County South,U.S. Senate,,Democrat,Jon Ossoff,157
Carroll,V R County North,U.S. Senate,,Republican,David A. Perdue (I),264
Carroll,V R County North,U.S. Senate,,Democrat,Jon Ossoff,413
Carroll,Villa Rica City,U.S. Senate,,Republican,David A. Perdue (I),614
Carroll,Villa Rica City,U.S. Senate,,Democrat,Jon Ossoff,809
Carroll,Temple County,U.S. Senate,,Republican,David A. Perdue (I),138
Carroll,Temple County,U.S. Senate,,Democrat,Jon Ossoff,184
Carroll,Temple City,U.S. Senate,,Republican,David A. Perdue (I),254
Carroll,Temple City,U.S. Senate,,Democrat,Jon Ossoff,292
Carroll,Whitesburg,U.S. Senate,,Republican,David A. Perdue (I),68
Carroll,Whitesburg,U.S. Senate,,Democrat,Jon Ossoff,69
Carroll,Roopville,U.S. Senate,,Republican,David A. Perdue (I),79
Carroll,Roopville,U.S. Senate,,Democrat,Jon Ossoff,100
Carroll,West Carrollton,U.S. Senate,,Republican,David A. Perdue (I),368
Carroll,West Carrollton,U.S. Senate,,Democrat,Jon Ossoff,548
Carroll,Lakeshore Rec Center,U.S. Senate,,Republican,David A. Perdue (I),83
Carroll,Lakeshore Rec Center,U.S. Senate,,Democrat,Jon Ossoff,229
Carroll,Bonner,U.S. Senate,,Republican,David A. Perdue (I),223
Carroll,Bonner,U.S. Senate,,Democrat,Jon Ossoff,486
Carroll,University of W GA,U.S. Senate,,Republican,David A. Perdue (I),151
Carroll,University of W GA,U.S. Senate,,Democrat,Jon Ossoff,189
Carroll,County Admin Bldg,U.S. Senate,,Republican,David A. Perdue (I),125
Carroll,County Admin Bldg,U.S. Senate,,Democrat,Jon Ossoff,348
Carroll,Tabernacle Church,U.S. Senate,,Republican,David A. Perdue (I),92
Carroll,Tabernacle Church,U.S. Senate,,Democrat,Jon Ossoff,159
Carroll,Burson Center,U.S. Senate,,Republican,David A. Perdue (I),64
Carroll,Burson Center,U.S. Senate,,Democrat,Jon Ossoff,162
Carroll,Old Camp Church,U.S. Senate,,Republican,David A. Perdue (I),94
Carroll,Old Camp Church,U.S. Senate,,Democrat,Jon Ossoff,183
Carroll,Oak Grove,U.S. Senate,,Republican,David A. Perdue (I),68
Carroll,Oak Grove,U.S. Senate,,Democrat,Jon Ossoff,111
Carroll,Kansas,U.S. Senate (Special),,Republican,Kelly Loeffler (I),25
Carroll,Kansas,U.S. Senate (Special),,Democrat,Raphael Warnock,10
Carroll,Bowdon,U.S. Senate (Special),,Republican,Kelly Loeffler (I),180
Carroll,Bowdon,U.S. Senate (Special),,Democrat,Raphael Warnock,153
Carroll,Sandhill,U.S. Senate (Special),,Republican,Kelly Loeffler (I),184
Carroll,Sandhill,U.S. Senate (Special),,Democrat,Raphael Warnock,324
Carroll,Center Point,U.S. Senate (Special),,Republican,Kelly Loeffler (I),36
Carroll,Center Point,U.S. Senate (Special),,Democrat,Raphael Warnock,56
Carroll,Mt Zion,U.S. Senate (Special),,Republican,Kelly Loeffler (I),93
Carroll,Mt Zion,U.S. Senate (Special),,Democrat,Raphael Warnock,83
Carroll,Burwell,U.S. Senate (Special),,Republican,Kelly Loeffler (I),51
Carroll,Burwell,U.S. Senate (Special),,Democrat,Raphael Warnock,58
Carroll,Clem,U.S. Senate (Special),,Republican,Kelly Loeffler (I),137
Carroll,Clem,U.S. Senate (Special),,Democrat,Raphael Warnock,258
Carroll,Bowdon Junction,U.S. Senate (Special),,Republican,Kelly Loeffler (I),58
Carroll,Bowdon Junction,U.S. Senate (Special),,Democrat,Raphael Warnock,76
Carroll,Tyus,U.S. Senate (Special),,Republican,Kelly Loeffler (I),50
Carroll,Tyus,U.S. Senate (Special),,Democrat,Raphael Warnock,56
Carroll,Fairfield,U.S. Senate (Special),,Republican,Kelly Loeffler (I),201
Carroll,Fairfield,U.S. Senate (Special),,Democrat,Raphael Warnock,263
Carroll,Hulett,U.S. Senate (Special),,Republican,Kelly Loeffler (I),92
Carroll,Hulett,U.S. Senate (Special),,Democrat,Raphael Warnock,111
Carroll,Bethany,U.S. Senate (Special),,Republican,Kelly Loeffler (I),237
Carroll,Bethany,U.S. Senate (Special),,Democrat,Raphael Warnock,470
Carroll,V R County South,U.S. Senate (Special),,Republican,Kelly Loeffler (I),115
Carroll,V R County South,U.S. Senate (Special),,Democrat,Raphael Warnock,158
Carroll,V R County North,U.S. Senate (Special),,Republican,Kelly Loeffler (I),266
Carroll,V R County North,U.S. Senate (Special),,Democrat,Raphael Warnock,414
Carroll,Villa Rica City,U.S. Senate (Special),,Republican,Kelly Loeffler (I),617
Carroll,Villa Rica City,U.S. Senate (Special),,Democrat,Raphael Warnock,818
Carroll,Temple County,U.S. Senate (Special),,Republican,Kelly Loeffler (I),138
Carroll,Temple County,U.S. Senate (Special),,Democrat,Raphael Warnock,186
Carroll,Temple City,U.S. Senate (Special),,Republican,Kelly Loeffler (I),260
Carroll,Temple City,U.S. Senate (Special),,Democrat,Raphael Warnock,294
Carroll,Whitesburg,U.S. Senate (Special),,Republican,Kelly Loeffler (I),68
Carroll,Whitesburg,U.S. Senate (Special),,Democrat,Raphael Warnock,70
Carroll,Roopville,U.S. Senate (Special),,Republican,Kelly Loeffler (I),82
Carroll,Roopville,U.S. Senate (Special),,Democrat,Raphael Warnock,108
Carroll,West Carrollton,U.S. Senate (Special),,Republican,Kelly Loeffler (I),371
Carroll,West Carrollton,U.S. Senate (Special),,Democrat,Raphael Warnock,551
Carroll,Lakeshore Rec Center,U.S. Senate (Special),,Republican,Kelly Loeffler (I),87
Carroll,Lakeshore Rec Center,U.S. Senate (Special),,Democrat,Raphael Warnock,228
Carroll,Bonner,U.S. Senate (Special),,Republican,Kelly Loeffler (I),223
Carroll,Bonner,U.S. Senate (Special),,Democrat,Raphael Warnock,493
Carroll,University of W GA,U.S. Senate (Special),,Republican,Kelly Loeffler (I),155
Carroll,University of W GA,U.S. Senate (Special),,Democrat,Raphael Warnock,194
Carroll,County Admin Bldg,U.S. Senate (Special),,Republican,Kelly Loeffler (I),131
Carroll,County Admin Bldg,U.S. Senate (Special),,Democrat,Raphael Warnock,352
Carroll,Tabernacle Church,U.S. Senate (Special),,Republican,Kelly Loeffler (I),96
Carroll,Tabernacle Church,U.S. Senate (Special),,Democrat,Raphael Warnock,161
Carroll,Burson Center,U.S. Senate (Special),,Republican,Kelly Loeffler (I),65
Carroll,Burson Center,U.S. Senate (Special),,Democrat,Raphael Warnock,162
Carroll,Old Camp Church,U.S. Senate (Special),,Republican,Kelly Loeffler (I),104
Carroll,Old Camp Church,U.S. Senate (Special),,Democrat,Raphael Warnock,186
Carroll,Oak Grove,U.S. Senate (Special),,Republican,Kelly Loeffler (I),72
Carroll,Oak Grove,U.S. Senate (Special),,Democrat,Raphael Warnock,118
Catoosa,Blackstock,U.S. Senate,,Republican,David A. Perdue (I),47
Catoosa,Blackstock,U.S. Senate,,Democrat,Jon Ossoff,73
Catoosa,Boynton,U.S. Senate,,Republican,David A. Perdue (I),181
Catoosa,Boynton,U.S. Senate,,Democrat,Jon Ossoff,406
Catoosa,Catoosa Keith,U.S. Senate,,Republican,David A. Perdue (I),58
Catoosa,Catoosa Keith,U.S. Senate,,Democrat,Jon Ossoff,127
Catoosa,Chambers,U.S. Senate,,Republican,David A. Perdue (I),80
Catoosa,Chambers,U.S. Senate,,Democrat,Jon Ossoff,131
Catoosa,Ft Oglethorpe,U.S. Senate,,Republican,David A. Perdue (I),149
Catoosa,Ft Oglethorpe,U.S. Senate,,Democrat,Jon Ossoff,255
Catoosa,Graysville,U.S. Senate,,Republican,David A. Perdue (I),150
Catoosa,Graysville,U.S. Senate,,Democrat,Jon Ossoff,215
Catoosa,Lakeview,U.S. Senate,,Republican,David A. Perdue (I),110
Catoosa,Lakeview,U.S. Senate,,Democrat,Jon Ossoff,179
Catoosa,Poplar Springs,U.S. Senate,,Republican,David A. Perdue (I),136
Catoosa,Poplar Springs,U.S. Senate,,Democrat,Jon Ossoff,200
Catoosa,Ringgold,U.S. Senate,,Republican,David A. Perdue (I),219
Catoosa,Ringgold,U.S. Senate,,Democrat,Jon Ossoff,550
Catoosa,Westside,U.S. Senate,,Republican,David A. Perdue (I),149
Catoosa,Westside,U.S. Senate,,Democrat,Jon Ossoff,380
Catoosa,Woodstation,U.S. Senate,,Republican,David A. Perdue (I),84
Catoosa,Woodstation,U.S. Senate,,Democrat,Jon Ossoff,147
Catoosa,Blackstock,U.S. Senate (Special),,Republican,Kelly Loeffler (I),47
Catoosa,Blackstock,U.S. Senate (Special),,Democrat,Raphael Warnock,73
Catoosa,Boynton,U.S. Senate (Special),,Republican,Kelly Loeffler (I),180
Catoosa,Boynton,U.S. Senate (Special),,Democrat,Raphael Warnock,406
Catoosa,Catoosa Keith,U.S. Senate (Special),,Republican,Kelly Loeffler (I),60
Catoosa,Catoosa Keith,U.S. Senate (Special),,Democrat,Raphael Warnock,128
Catoosa,Chambers,U.S. Senate (Special),,Republican,Kelly Loeffler (I),79
Catoosa,Chambers,U.S. Senate (Special),,Democrat,Raphael Warnock,134
Catoosa,Ft Oglethorpe,U.S. Senate (Special),,Republican,Kelly Loeffler (I),149
Catoosa,Ft Oglethorpe,U.S. Senate (Special),,Democrat,Raphael Warnock,258
Catoosa,Graysville,U.S. Senate (Special),,Republican,Kelly Loeffler (I),144
Catoosa,Graysville,U.S. Senate (Special),,Democrat,Raphael Warnock,211
Catoosa,Lakeview,U.S. Senate (Special),,Republican,Kelly Loeffler (I),107
Catoosa,Lakeview,U.S. Senate (Special),,Democrat,Raphael Warnock,176
Catoosa,Poplar Springs,U.S. Senate (Special),,Republican,Kelly Loeffler (I),132
Catoosa,Poplar Springs,U.S. Senate (Special),,Democrat,Raphael Warnock,200
Catoosa,Ringgold,U.S. Senate (Special),,Republican,Kelly Loeffler (I),213
Catoosa,Ringgold,U.S. Senate (Special),,Democrat,Raphael Warnock,548
Catoosa,Westside,U.S. Senate (Special),,Republican,Kelly Loeffler (I),150
Catoosa,Westside,U.S. Senate (Special),,Democrat,Raphael Warnock,382
Catoosa,Woodstation,U.S. Senate (Special),,Republican,Kelly Loeffler (I),84
Catoosa,Woodstation,U.S. Senate (Special),,Democrat,Raphael Warnock,148
Charlton,Folkston,U.S. Senate,,Republican,David A. Perdue (I),184
Charlton,Folkston,U.S. Senate,,Democrat,Jon Ossoff,382
Charlton,GA Bend,U.S. Senate,,Republican,David A. Perdue (I),7
Charlton,GA Bend,U.S. Senate,,Democrat,Jon Ossoff,10
Charlton,St George,U.S. Senate,,Republican,David A. Perdue (I),7
Charlton,St George,U.S. Senate,,Democrat,Jon Ossoff,2
Charlton,American Legion,U.S. Senate,,Republican,David A. Perdue (I),7
Charlton,American Legion,U.S. Senate,,Democrat,Jon Ossoff,25
Charlton,Homeland,U.S. Senate,,Republican,David A. Perdue (I),17
Charlton,Homeland,U.S. Senate,,Democrat,Jon Ossoff,29
Charlton,Folkston Fire,U.S. Senate,,Republican,David A. Perdue (I),9
Charlton,Folkston Fire,U.S. Senate,,Democrat,Jon Ossoff,30
Charlton,Racepond,U.S. Senate,,Republican,David A. Perdue (I),7
Charlton,Racepond,U.S. Senate,,Democrat,Jon Ossoff,7
Charlton,Winokur,U.S. Senate,,Republican,David A. Perdue (I),2
Charlton,Winokur,U.S. Senate,,Democrat,Jon Ossoff,3
Charlton,Folkston,U.S. Senate (Special),,Republican,Kelly Loeffler (I),185
Charlton,Folkston,U.S. Senate (Special),,Democrat,Raphael Warnock,378
Charlton,GA Bend,U.S. Senate (Special),,Republican,Kelly Loeffler (I),7
Charlton,GA Bend,U.S. Senate (Special),,Democrat,Raphael Warnock,10
Charlton,St George,U.S. Senate (Special),,Republican,Kelly Loeffler (I),5
Charlton,St George,U.S. Senate (Special),,Democrat,Raphael Warnock,1
Charlton,American Legion,U.S. Senate (Special),,Republican,Kelly Loeffler (I),6
Charlton,American Legion,U.S. Senate (Special),,Democrat,Raphael Warnock,23
Charlton,Homeland,U.S. Senate (Special),,Republican,Kelly Loeffler (I),16
Charlton,Homeland,U.S. Senate (Special),,Democrat,Raphael Warnock,28
Charlton,Folkston Fire,U.S. Senate (Special),,Republican,Kelly Loeffler (I),8
Charlton,Folkston Fire,U.S. Senate (Special),,Democrat,Raphael Warnock,29
Charlton,Racepond,U.S. Senate (Special),,Republican,Kelly Loeffler (I),7
Charlton,Racepond,U.S. Senate (Special),,Democrat,Raphael Warnock,7
Charlton,Winokur,U.S. Senate (Special),,Republican,Kelly Loeffler (I),2
Charlton,Winokur,U.S. Senate (Special),,Democrat,Raphael Warnock,3
Chatham,1-01C First Presbyterian Church,U.S. Senate,,Republican,David A. Perdue (I),335
Chatham,1-01C First Presbyterian Church,U.S. Senate,,Democrat,Jon Ossoff,553
Chatham,1-05C JEA Building,U.S. Senate,,Republican,David A. Perdue (I),227
Chatham,1-05C JEA Building,U.S. Senate,,Democrat,Jon Ossoff,321
Chatham,1-06C Central Church of Christ,U.S. Senate,,Republican,David A. Perdue (I),168
Chatham,1-06C Central Church of Christ,U.S. Senate,,Democrat,Jon Ossoff,189
Chatham,1-08C Grace United Methodist Church,U.S. Senate,,Republican,David A. Perdue (I),158
Chatham,1-08C Grace United Methodist Church,U.S. Senate,,Democrat,Jon Ossoff,181
Chatham,1-09C Immanuel Baptist Church,U.S. Senate,,Republican,David A. Perdue (I),67
Chatham,1-09C Immanuel Baptist Church,U.S. Senate,,Democrat,Jon Ossoff,73
Chatham,1-10C St Thomas Episcopal Church,U.S. Senate,,Republican,David A. Perdue (I),88
Chatham,1-10C St Thomas Episcopal Church,U.S. Senate,,Democrat,Jon Ossoff,58
Chatham,1-12C Isle of Hope Baptist,U.S. Senate,,Republican,David A. Perdue (I),140
Chatham,1-12C Isle of Hope Baptist,U.S. Senate,,Democrat,Jon Ossoff,143
Chatham,1-13C The Sanctuary,U.S. Senate,,Republican,David A. Perdue (I),118
Chatham,1-13C The Sanctuary,U.S. Senate,,Democrat,Jon Ossoff,118
Chatham,1-14C Compassion Christian Church,U.S. Senate,,Republican,David A. Perdue (I),96
Chatham,1-14C Compassion Christian Church,U.S. Senate,,Democrat,Jon Ossoff,136
Chatham,1-16C Ferguson Ave Baptist,U.S. Senate,,Republican,David A. Perdue (I),161
Chatham,1-16C Ferguson Ave Baptist,U.S. Senate,,Democrat,Jon Ossoff,160
Chatham,1-17C Islands Christian Church,U.S. Senate,,Republican,David A. Perdue (I),145
Chatham,1-17C Islands Christian Church,U.S. Senate,,Democrat,Jon Ossoff,217
Chatham,2-02C Blackshear Community Center,U.S. Senate,,Republican,David A. Perdue (I),233
Chatham,2-02C Blackshear Community Center,U.S. Senate,,Democrat,Jon Ossoff,218
Chatham,2-03C W W Law Center,U.S. Senate,,Republican,David A. Perdue (I),248
Chatham,2-03C W W Law Center,U.S. Senate,,Democrat,Jon Ossoff,209
Chatham,2-04C Fellowship of Love Church,U.S. Senate,,Republican,David A. Perdue (I),517
Chatham,2-04C Fellowship of Love Church,U.S. Senate,,Democrat,Jon Ossoff,482
Chatham,2-05C Holy Spirit Lutheran Church,U.S. Senate,,Republican,David A. Perdue (I),357
Chatham,2-05C Holy Spirit Lutheran Church,U.S. Senate,,Democrat,Jon Ossoff,392
Chatham,2-06C Eli Whitney Complex,U.S. Senate,,Republican,David A. Perdue (I),140
Chatham,2-06C Eli Whitney Complex,U.S. Senate,,Democrat,Jon Ossoff,78
Chatham,2-07C Christ Community Church,U.S. Senate,,Republican,David A. Perdue (I),407
Chatham,2-07C Christ Community Church,U.S. Senate,,Democrat,Jon Ossoff,452
Chatham,2-09C Salvation Army,U.S. Senate,,Republican,David A. Perdue (I),472
Chatham,2-09C Salvation Army,U.S. Senate,,Democrat,Jon Ossoff,541
Chatham,2-11C Stillwell Towers,U.S. Senate,,Republican,David A. Perdue (I),307
Chatham,2-11C Stillwell Towers,U.S. Senate,,Democrat,Jon Ossoff,228
Chatham,2-12C Williams Court Apts,U.S. Senate,,Republican,David A. Perdue (I),222
Chatham,2-12C Williams Court Apts,U.S. Senate,,Democrat,Jon Ossoff,276
Chatham,3-01C Old Courthouse,U.S. Senate,,Republican,David A. Perdue (I),36
Chatham,3-01C Old Courthouse,U.S. Senate,,Democrat,Jon Ossoff,63
Chatham,3-02C Temple Mickve Israel,U.S. Senate,,Republican,David A. Perdue (I),124
Chatham,3-02C Temple Mickve Israel,U.S. Senate,,Democrat,Jon Ossoff,241
Chatham,3-03C Savannah High School,U.S. Senate,,Republican,David A. Perdue (I),222
Chatham,3-03C Savannah High School,U.S. Senate,,Democrat,Jon Ossoff,146
Chatham,3-04C First African Baptist Church,U.S. Senate,,Republican,David A. Perdue (I),333
Chatham,3-04C First African Baptist Church,U.S. Senate,,Democrat,Jon Ossoff,211
Chatham,3-05C Aldersgate Youth Center,U.S. Senate,,Republican,David A. Perdue (I),306
Chatham,3-05C Aldersgate Youth Center,U.S. Senate,,Democrat,Jon Ossoff,270
Chatham,3-08C Jenkins High School,U.S. Senate,,Republican,David A. Perdue (I),170
Chatham,3-08C Jenkins High School,U.S. Senate,,Democrat,Jon Ossoff,156
Chatham,3-09C Cokesbury Methodist,U.S. Senate,,Republican,David A. Perdue (I),83
Chatham,3-09C Cokesbury Methodist,U.S. Senate,,Democrat,Jon Ossoff,58
Chatham,3-10C Bible Baptist Church,U.S. Senate,,Republican,David A. Perdue (I),434
Chatham,3-10C Bible Baptist Church,U.S. Senate,,Democrat,Jon Ossoff,405
Chatham,3-11C Southside Baptist Church,U.S. Senate,,Republican,David A. Perdue (I),254
Chatham,3-11C Southside Baptist Church,U.S. Senate,,Democrat,Jon Ossoff,216
Chatham,3-12C Thunderbolt Muni Complex,U.S. Senate,,Republican,David A. Perdue (I),202
Chatham,3-12C Thunderbolt Muni Complex,U.S. Senate,,Democrat,Jon Ossoff,160
Chatham,3-13C New Cov 7 Day Adv Ch,U.S. Senate,,Republican,David A. Perdue (I),179
Chatham,3-13C New Cov 7 Day Adv Ch,U.S. Senate,,Democrat,Jon Ossoff,245
Chatham,3-14C Oglethorpe Charter Academy,U.S. Senate,,Republican,David A. Perdue (I),288
Chatham,3-14C Oglethorpe Charter Academy,U.S. Senate,,Democrat,Jon Ossoff,429
Chatham,3-15C Eli Whitney Complex,U.S. Senate,,Republican,David A. Perdue (I),90
Chatham,3-15C Eli Whitney Complex,U.S. Senate,,Democrat,Jon Ossoff,102
Chatham,4-02C Frank Murray Comm Center,U.S. Senate,,Republican,David A. Perdue (I),144
Chatham,4-02C Frank Murray Comm Center,U.S. Senate,,Democrat,Jon Ossoff,198
Chatham,4-04C Lighthouse Baptist Church,U.S. Senate,,Republican,David A. Perdue (I),130
Chatham,4-04C Lighthouse Baptist Church,U.S. Senate,,Democrat,Jon Ossoff,151
Chatham,4-05C St Francis Episcopal Church,U.S. Senate,,Republican,David A. Perdue (I),173
Chatham,4-05C St Francis Episcopal Church,U.S. Senate,,Democrat,Jon Ossoff,125
Chatham,4-06C First Baptist of the Island,U.S. Senate,,Republican,David A. Perdue (I),134
Chatham,4-06C First Baptist of the Island,U.S. Senate,,Democrat,Jon Ossoff,139
Chatham,4-07C Wilmington Island UMC,U.S. Senate,,Republican,David A. Perdue (I),163
Chatham,4-07C Wilmington Island UMC,U.S. Senate,,Democrat,Jon Ossoff,261
Chatham,4-08C Wilmington Island Pres Church,U.S. Senate,,Republican,David A. Perdue (I),147
Chatham,4-08C Wilmington Island Pres Church,U.S. Senate,,Democrat,Jon Ossoff,152
Chatham,4-10C Guard House Comm Ctr,U.S. Senate,,Republican,David A. Perdue (I),146
Chatham,4-10C Guard House Comm Ctr,U.S. Senate,,Democrat,Jon Ossoff,126
Chatham,4-11C Tybee Island School Cafe,U.S. Senate,,Republican,David A. Perdue (I),193
Chatham,4-11C Tybee Island School Cafe,U.S. Senate,,Democrat,Jon Ossoff,113
Chatham,4-12C St Peters Episcopal,U.S. Senate,,Republican,David A. Perdue (I),136
Chatham,4-12C St Peters Episcopal,U.S. Senate,,Democrat,Jon Ossoff,112
Chatham,4-13C Skidaway Island Pres Church,U.S. Senate,,Republican,David A. Perdue (I),114
Chatham,4-13C Skidaway Island Pres Church,U.S. Senate,,Democrat,Jon Ossoff,161
Chatham,4-14C Skidaway Island Baptist,U.S. Senate,,Republican,David A. Perdue (I),71
Chatham,4-14C Skidaway Island Baptist,U.S. Senate,,Democrat,Jon Ossoff,111
Chatham,4-15C Skidaway Island State Park,U.S. Senate,,Republican,David A. Perdue (I),66
Chatham,4-15C Skidaway Island State Park,U.S. Senate,,Democrat,Jon Ossoff,105
Chatham,5-01C Bartlett Middle School,U.S. Senate,,Republican,David A. Perdue (I),166
Chatham,5-01C Bartlett Middle School,U.S. Senate,,Democrat,Jon Ossoff,148
Chatham,5-02C Senior Citizens Center,U.S. Senate,,Republican,David A. Perdue (I),126
Chatham,5-02C Senior Citizens Center,U.S. Senate,,Democrat,Jon Ossoff,91
Chatham,5-03C Butler Presbyterian Church,U.S. Senate,,Republican,David A. Perdue (I),211
Chatham,5-03C Butler Presbyterian Church,U.S. Senate,,Democrat,Jon Ossoff,117
Chatham,5-05C Liberty City Comm Ctr,U.S. Senate,,Republican,David A. Perdue (I),466
Chatham,5-05C Liberty City Comm Ctr,U.S. Senate,,Democrat,Jon Ossoff,488
Chatham,5-06C Seed Church,U.S. Senate,,Republican,David A. Perdue (I),314
Chatham,5-06C Seed Church,U.S. Senate,,Democrat,Jon Ossoff,350
Chatham,5-07C Station 1,U.S. Senate,,Republican,David A. Perdue (I),237
Chatham,5-07C Station 1,U.S. Senate,,Democrat,Jon Ossoff,257
Chatham,5-08C Savannah Primitive BC,U.S. Senate,,Republican,David A. Perdue (I),242
Chatham,5-08C Savannah Primitive BC,U.S. Senate,,Democrat,Jon Ossoff,261
Chatham,5-10C Tatumville Community Center,U.S. Senate,,Republican,David A. Perdue (I),643
Chatham,5-10C Tatumville Community Center,U.S. Senate,,Democrat,Jon Ossoff,529
Chatham,5-11C Largo-Tibet Elementary,U.S. Senate,,Republican,David A. Perdue (I),355
Chatham,5-11C Largo-Tibet Elementary,U.S. Senate,,Democrat,Jon Ossoff,428
Chatham,6-01C White Bluff Presbyterian,U.S. Senate,,Republican,David A. Perdue (I),215
Chatham,6-01C White Bluff Presbyterian,U.S. Senate,,Democrat,Jon Ossoff,275
Chatham,6-02C Windsor Forest Baptist,U.S. Senate,,Republican,David A. Perdue (I),193
Chatham,6-02C Windsor Forest Baptist,U.S. Senate,,Democrat,Jon Ossoff,246
Chatham,6-03C Crusader Comm Center,U.S. Senate,,Republican,David A. Perdue (I),268
Chatham,6-03C Crusader Comm Center,U.S. Senate,,Democrat,Jon Ossoff,400
Chatham,6-05C Windsor Hall,U.S. Senate,,Republican,David A. Perdue (I),239
Chatham,6-05C Windsor Hall,U.S. Senate,,Democrat,Jon Ossoff,256
Chatham,6-06C The Light Church,U.S. Senate,,Republican,David A. Perdue (I),134
Chatham,6-06C The Light Church,U.S. Senate,,Democrat,Jon Ossoff,154
Chatham,6-08C Christ Memorial Baptist Church,U.S. Senate,,Republican,David A. Perdue (I),247
Chatham,6-08C Christ Memorial Baptist Church,U.S. Senate,,Democrat,Jon Ossoff,315
Chatham,6-09C Trinity Lutheran Church,U.S. Senate,,Republican,David A. Perdue (I),319
Chatham,6-09C Trinity Lutheran Church,U.S. Senate,,Democrat,Jon Ossoff,398
Chatham,6-10C Station 3,U.S. Senate,,Republican,David A. Perdue (I),312
Chatham,6-10C Station 3,U.S. Senate,,Democrat,Jon Ossoff,570
Chatham,6-11C Bamboo Farms,U.S. Senate,,Republican,David A. Perdue (I),484
Chatham,6-11C Bamboo Farms,U.S. Senate,,Democrat,Jon Ossoff,832
Chatham,7-01C Garden City Senior Ctr,U.S. Senate,,Republican,David A. Perdue (I),132
Chatham,7-01C Garden City Senior Ctr,U.S. Senate,,Democrat,Jon Ossoff,122
Chatham,7-03C PB Edwards Gym,U.S. Senate,,Republican,David A. Perdue (I),98
Chatham,7-03C PB Edwards Gym,U.S. Senate,,Democrat,Jon Ossoff,50
Chatham,7-04C Lake Shore Comm Ctr,U.S. Senate,,Republican,David A. Perdue (I),469
Chatham,7-04C Lake Shore Comm Ctr,U.S. Senate,,Democrat,Jon Ossoff,547
Chatham,7-05C Woodlawn Baptist Church,U.S. Senate,,Republican,David A. Perdue (I),153
Chatham,7-05C Woodlawn Baptist Church,U.S. Senate,,Democrat,Jon Ossoff,114
Chatham,7-06C Pooler City Hall,U.S. Senate,,Republican,David A. Perdue (I),255
Chatham,7-06C Pooler City Hall,U.S. Senate,,Democrat,Jon Ossoff,347
Chatham,7-07C Rothwell Baptist Church,U.S. Senate,,Republican,David A. Perdue (I),208
Chatham,7-07C Rothwell Baptist Church,U.S. Senate,,Democrat,Jon Ossoff,324
Chatham,7-08C Bloomingdale Comm Ctr,U.S. Senate,,Republican,David A. Perdue (I),130
Chatham,7-08C Bloomingdale Comm Ctr,U.S. Senate,,Democrat,Jon Ossoff,102
Chatham,7-09C Savannah Holy C of G,U.S. Senate,,Republican,David A. Perdue (I),233
Chatham,7-09C Savannah Holy C of G,U.S. Senate,,Democrat,Jon Ossoff,293
Chatham,7-10C Progressive Rec Center,U.S. Senate,,Republican,David A. Perdue (I),377
Chatham,7-10C Progressive Rec Center,U.S. Senate,,Democrat,Jon Ossoff,614
Chatham,7-11C Seventh Day Adv Church,U.S. Senate,,Republican,David A. Perdue (I),548
Chatham,7-11C Seventh Day Adv Church,U.S. Senate,,Democrat,Jon Ossoff,862
Chatham,7-12C Pooler Church,U.S. Senate,,Republican,David A. Perdue (I),271
Chatham,7-12C Pooler Church,U.S. Senate,,Democrat,Jon Ossoff,544
Chatham,7-13C Southside Fire Trng Ctr,U.S. Senate,,Republican,David A. Perdue (I),87
Chatham,7-13C Southside Fire Trng Ctr,U.S. Senate,,Democrat,Jon Ossoff,259
Chatham,7-14C Coastal Cathedral,U.S. Senate,,Republican,David A. Perdue (I),672
Chatham,7-14C Coastal Cathedral,U.S. Senate,,Democrat,Jon Ossoff,1296
Chatham,7-15C Rice Creek School,U.S. Senate,,Republican,David A. Perdue (I),325
Chatham,7-15C Rice Creek School,U.S. Senate,,Democrat,Jon Ossoff,330
Chatham,7-16C Pooler Recreation Center Gymnasium,U.S. Senate,,Republican,David A. Perdue (I),174
Chatham,7-16C Pooler Recreation Center Gymnasium,U.S. Senate,,Democrat,Jon Ossoff,437
Chatham,8-01C Civic Center,U.S. Senate,,Republican,David A. Perdue (I),82
Chatham,8-01C Civic Center,U.S. Senate,,Democrat,Jon Ossoff,80
Chatham,8-02C Hellenic Center,U.S. Senate,,Republican,David A. Perdue (I),248
Chatham,8-02C Hellenic Center,U.S. Senate,,Democrat,Jon Ossoff,304
Chatham,8-03C Silk Hope Baptist Church,U.S. Senate,,Republican,David A. Perdue (I),62
Chatham,8-03C Silk Hope Baptist Church,U.S. Senate,,Democrat,Jon Ossoff,40
Chatham,8-05C W Broad St YMCA,U.S. Senate,,Republican,David A. Perdue (I),249
Chatham,8-05C W Broad St YMCA,U.S. Senate,,Democrat,Jon Ossoff,179
Chatham,8-06C Tompkins Rec Center,U.S. Senate,,Republican,David A. Perdue (I),200
Chatham,8-06C Tompkins Rec Center,U.S. Senate,,Democrat,Jon Ossoff,128
Chatham,8-07C Woodville-Tompkins TI,U.S. Senate,,Republican,David A. Perdue (I),139
Chatham,8-07C Woodville-Tompkins TI,U.S. Senate,,Democrat,Jon Ossoff,82
Chatham,8-08C Resur of Our Lord Church,U.S. Senate,,Republican,David A. Perdue (I),347
Chatham,8-08C Resur of Our Lord Church,U.S. Senate,,Democrat,Jon Ossoff,222
Chatham,8-09C Moses Jackson Center,U.S. Senate,,Republican,David A. Perdue (I),275
Chatham,8-09C Moses Jackson Center,U.S. Senate,,Democrat,Jon Ossoff,157
Chatham,8-10C Carver Heights Comm Ctr,U.S. Senate,,Republican,David A. Perdue (I),348
Chatham,8-10C Carver Heights Comm Ctr,U.S. Senate,,Democrat,Jon Ossoff,233
Chatham,8-11C Butler Elementary,U.S. Senate,,Republican,David A. Perdue (I),296
Chatham,8-11C Butler Elementary,U.S. Senate,,Democrat,Jon Ossoff,270
Chatham,8-12C Beach High School,U.S. Senate,,Republican,David A. Perdue (I),179
Chatham,8-12C Beach High School,U.S. Senate,,Democrat,Jon Ossoff,169
Chatham,8-13C Savannah Christian,U.S. Senate,,Republican,David A. Perdue (I),35
Chatham,8-13C Savannah Christian,U.S. Senate,,Democrat,Jon Ossoff,35
Chatham,8-15C Garden City Rec Center,U.S. Senate,,Republican,David A. Perdue (I),251
Chatham,8-15C Garden City Rec Center,U.S. Senate,,Democrat,Jon Ossoff,223
Chatham,8-16C Royal Cinemas and IMAX,U.S. Senate,,Republican,David A. Perdue (I),212
Chatham,8-16C Royal Cinemas and IMAX,U.S. Senate,,Democrat,Jon Ossoff,372
Chatham,1-01C First Presbyterian Church,U.S. Senate (Special),,Republican,Kelly Loeffler (I),342
Chatham,1-01C First Presbyterian Church,U.S. Senate (Special),,Democrat,Raphael Warnock,554
Chatham,1-05C JEA Building,U.S. Senate (Special),,Republican,Kelly Loeffler (I),222
Chatham,1-05C JEA Building,U.S. Senate (Special),,Democrat,Raphael Warnock,324
Chatham,1-06C Central Church of Christ,U.S. Senate (Special),,Republican,Kelly Loeffler (I),172
Chatham,1-06C Central Church of Christ,U.S. Senate (Special),,Democrat,Raphael Warnock,189
Chatham,1-08C Grace United Methodist Church,U.S. Senate (Special),,Republican,Kelly Loeffler (I),166
Chatham,1-08C Grace United Methodist Church,U.S. Senate (Special),,Democrat,Raphael Warnock,181
Chatham,1-09C Immanuel Baptist Church,U.S. Senate (Special),,Republican,Kelly Loeffler (I),67
Chatham,1-09C Immanuel Baptist Church,U.S. Senate (Special),,Democrat,Raphael Warnock,73
Chatham,1-10C St Thomas Episcopal Church,U.S. Senate (Special),,Republican,Kelly Loeffler (I),98
Chatham,1-10C St Thomas Episcopal Church,U.S. Senate (Special),,Democrat,Raphael Warnock,61
Chatham,1-12C Isle of Hope Baptist,U.S. Senate (Special),,Republican,Kelly Loeffler (I),145
Chatham,1-12C Isle of Hope Baptist,U.S. Senate (Special),,Democrat,Raphael Warnock,142
Chatham,1-13C The Sanctuary,U.S. Senate (Special),,Republican,Kelly Loeffler (I),116
Chatham,1-13C The Sanctuary,U.S. Senate (Special),,Democrat,Raphael Warnock,119
Chatham,1-14C Compassion Christian Church,U.S. Senate (Special),,Republican,Kelly Loeffler (I),99
Chatham,1-14C Compassion Christian Church,U.S. Senate (Special),,Democrat,Raphael Warnock,136
Chatham,1-16C Ferguson Ave Baptist,U.S. Senate (Special),,Republican,Kelly Loeffler (I),158
Chatham,1-16C Ferguson Ave Baptist,U.S. Senate (Special),,Democrat,Raphael Warnock,161
Chatham,1-17C Islands Christian Church,U.S. Senate (Special),,Republican,Kelly Loeffler (I),157
Chatham,1-17C Islands Christian Church,U.S. Senate (Special),,Democrat,Raphael Warnock,220
Chatham,2-02C Blackshear Community Center,U.S. Senate (Special),,Republican,Kelly Loeffler (I),237
Chatham,2-02C Blackshear Community Center,U.S. Senate (Special),,Democrat,Raphael Warnock,218
Chatham,2-03C W W Law Center,U.S. Senate (Special),,Republican,Kelly Loeffler (I),250
Chatham,2-03C W W Law Center,U.S. Senate (Special),,Democrat,Raphael Warnock,210
Chatham,2-04C Fellowship of Love Church,U.S. Senate (Special),,Republican,Kelly Loeffler (I),524
Chatham,2-04C Fellowship of Love Church,U.S. Senate (Special),,Democrat,Raphael Warnock,481
Chatham,2-05C Holy Spirit Lutheran Church,U.S. Senate (Special),,Republican,Kelly Loeffler (I),358
Chatham,2-05C Holy Spirit Lutheran Church,U.S. Senate (Special),,Democrat,Raphael Warnock,394
Chatham,2-06C Eli Whitney Complex,U.S. Senate (Special),,Republican,Kelly Loeffler (I),140
Chatham,2-06C Eli Whitney Complex,U.S. Senate (Special),,Democrat,Raphael Warnock,77
Chatham,2-07C Christ Community Church,U.S. Senate (Special),,Republican,Kelly Loeffler (I),406
Chatham,2-07C Christ Community Church,U.S. Senate (Special),,Democrat,Raphael Warnock,453
Chatham,2-09C Salvation Army,U.S. Senate (Special),,Republican,Kelly Loeffler (I),475
Chatham,2-09C Salvation Army,U.S. Senate (Special),,Democrat,Raphael Warnock,541
Chatham,2-11C Stillwell Towers,U.S. Senate (Special),,Republican,Kelly Loeffler (I),310
Chatham,2-11C Stillwell Towers,U.S. Senate (Special),,Democrat,Raphael Warnock,226
Chatham,2-12C Williams Court Apts,U.S. Senate (Special),,Republican,Kelly Loeffler (I),223
Chatham,2-12C Williams Court Apts,U.S. Senate (Special),,Democrat,Raphael Warnock,276
Chatham,3-01C Old Courthouse,U.S. Senate (Special),,Republican,Kelly Loeffler (I),36
Chatham,3-01C Old Courthouse,U.S. Senate (Special),,Democrat,Raphael Warnock,62
Chatham,3-02C Temple Mickve Israel,U.S. Senate (Special),,Republican,Kelly Loeffler (I),122
Chatham,3-02C Temple Mickve Israel,U.S. Senate (Special),,Democrat,Raphael Warnock,242
Chatham,3-03C Savannah High School,U.S. Senate (Special),,Republican,Kelly Loeffler (I),222
Chatham,3-03C Savannah High School,U.S. Senate (Special),,Democrat,Raphael Warnock,147
Chatham,3-04C First African Baptist Church,U.S. Senate (Special),,Republican,Kelly Loeffler (I),329
Chatham,3-04C First African Baptist Church,U.S. Senate (Special),,Democrat,Raphael Warnock,210
Chatham,3-05C Aldersgate Youth Center,U.S. Senate (Special),,Republican,Kelly Loeffler (I),310
Chatham,3-05C Aldersgate Youth Center,U.S. Senate (Special),,Democrat,Raphael Warnock,270
Chatham,3-08C Jenkins High School,U.S. Senate (Special),,Republican,Kelly Loeffler (I),171
Chatham,3-08C Jenkins High School,U.S. Senate (Special),,Democrat,Raphael Warnock,156
Chatham,3-09C Cokesbury Methodist,U.S. Senate (Special),,Republican,Kelly Loeffler (I),83
Chatham,3-09C Cokesbury Methodist,U.S. Senate (Special),,Democrat,Raphael Warnock,58
Chatham,3-10C Bible Baptist Church,U.S. Senate (Special),,Republican,Kelly Loeffler (I),435
Chatham,3-10C Bible Baptist Church,U.S. Senate (Special),,Democrat,Raphael Warnock,407
Chatham,3-11C Southside Baptist Church,U.S. Senate (Special),,Republican,Kelly Loeffler (I),255
Chatham,3-11C Southside Baptist Church,U.S. Senate (Special),,Democrat,Raphael Warnock,216
Chatham,3-12C Thunderbolt Muni Complex,U.S. Senate (Special),,Republican,Kelly Loeffler (I),208
Chatham,3-12C Thunderbolt Muni Complex,U.S. Senate (Special),,Democrat,Raphael Warnock,160
Chatham,3-13C New Cov 7 Day Adv Ch,U.S. Senate (Special),,Republican,Kelly Loeffler (I),176
Chatham,3-13C New Cov 7 Day Adv Ch,U.S. Senate (Special),,Democrat,Raphael Warnock,248
Chatham,3-14C Oglethorpe Charter Academy,U.S. Senate (Special),,Republican,Kelly Loeffler (I),287
Chatham,3-14C Oglethorpe Charter Academy,U.S. Senate (Special),,Democrat,Raphael Warnock,427
Chatham,3-15C Eli Whitney Complex,U.S. Senate (Special),,Republican,Kelly Loeffler (I),89
Chatham,3-15C Eli Whitney Complex,U.S. Senate (Special),,Democrat,Raphael Warnock,103
Chatham,4-02C Frank Murray Comm Center,U.S. Senate (Special),,Republican,Kelly Loeffler (I),142
Chatham,4-02C Frank Murray Comm Center,U.S. Senate (Special),,Democrat,Raphael Warnock,198
Chatham,4-04C Lighthouse Baptist Church,U.S. Senate (Special),,Republican,Kelly Loeffler (I),131
Chatham,4-04C Lighthouse Baptist Church,U.S. Senate (Special),,Democrat,Raphael Warnock,149
Chatham,4-05C St Francis Episcopal Church,U.S. Senate (Special),,Republican,Kelly Loeffler (I),176
Chatham,4-05C St Francis Episcopal Church,U.S. Senate (Special),,Democrat,Raphael Warnock,123
Chatham,4-06C First Baptist of the Island,U.S. Senate (Special),,Republican,Kelly Loeffler (I),140
Chatham,4-06C First Baptist of the Island,U.S. Senate (Special),,Democrat,Raphael Warnock,141
Chatham,4-07C Wilmington Island UMC,U.S. Senate (Special),,Republican,Kelly Loeffler (I),163
Chatham,4-07C Wilmington Island UMC,U.S. Senate (Special),,Democrat,Raphael Warnock,264
Chatham,4-08C Wilmington Island Pres Church,U.S. Senate (Special),,Republican,Kelly Loeffler (I),156
Chatham,4-08C Wilmington Island Pres Church,U.S. Senate (Special),,Democrat,Raphael Warnock,156
Chatham,4-10C Guard House Comm Ctr,U.S. Senate (Special),,Republican,Kelly Loeffler (I),146
Chatham,4-10C Guard House Comm Ctr,U.S. Senate (Special),,Democrat,Raphael Warnock,128
Chatham,4-11C Tybee Island School Cafe,U.S. Senate (Special),,Republican,Kelly Loeffler (I),196
Chatham,4-11C Tybee Island School Cafe,U.S. Senate (Special),,Democrat,Raphael Warnock,115
Chatham,4-12C St Peters Episcopal,U.S. Senate (Special),,Republican,Kelly Loeffler (I),146
Chatham,4-12C St Peters Episcopal,U.S. Senate (Special),,Democrat,Raphael Warnock,115
Chatham,4-13C Skidaway Island Pres Church,U.S. Senate (Special),,Republican,Kelly Loeffler (I),116
Chatham,4-13C Skidaway Island Pres Church,U.S. Senate (Special),,Democrat,Raphael Warnock,163
Chatham,4-14C Skidaway Island Baptist,U.S. Senate (Special),,Republican,Kelly Loeffler (I),76
Chatham,4-14C Skidaway Island Baptist,U.S. Senate (Special),,Democrat,Raphael Warnock,113
Chatham,4-15C Skidaway Island State Park,U.S. Senate (Special),,Republican,Kelly Loeffler (I),66
Chatham,4-15C Skidaway Island State Park,U.S. Senate (Special),,Democrat,Raphael Warnock,106
Chatham,5-01C Bartlett Middle School,U.S. Senate (Special),,Republican,Kelly Loeffler (I),164
Chatham,5-01C Bartlett Middle School,U.S. Senate (Special),,Democrat,Raphael Warnock,149
Chatham,5-02C Senior Citizens Center,U.S. Senate (Special),,Republican,Kelly Loeffler (I),131
Chatham,5-02C Senior Citizens Center,U.S. Senate (Special),,Democrat,Raphael Warnock,90
Chatham,5-03C Butler Presbyterian Church,U.S. Senate (Special),,Republican,Kelly Loeffler (I),213
Chatham,5-03C Butler Presbyterian Church,U.S. Senate (Special),,Democrat,Raphael Warnock,117
Chatham,5-05C Liberty City Comm Ctr,U.S. Senate (Special),,Republican,Kelly Loeffler (I),466
Chatham,5-05C Liberty City Comm Ctr,U.S. Senate (Special),,Democrat,Raphael Warnock,489
Chatham,5-06C Seed Church,U.S. Senate (Special),,Republican,Kelly Loeffler (I),317
Chatham,5-06C Seed Church,U.S. Senate (Special),,Democrat,Raphael Warnock,351
Chatham,5-07C Station 1,U.S. Senate (Special),,Republican,Kelly Loeffler (I),240
Chatham,5-07C Station 1,U.S. Senate (Special),,Democrat,Raphael Warnock,257
Chatham,5-08C Savannah Primitive BC,U.S. Senate (Special),,Republican,Kelly Loeffler (I),241
Chatham,5-08C Savannah Primitive BC,U.S. Senate (Special),,Democrat,Raphael Warnock,261
Chatham,5-10C Tatumville Community Center,U.S. Senate (Special),,Republican,Kelly Loeffler (I),647
Chatham,5-10C Tatumville Community Center,U.S. Senate (Special),,Democrat,Raphael Warnock,528
Chatham,5-11C Largo-Tibet Elementary,U.S. Senate (Special),,Republican,Kelly Loeffler (I),353
Chatham,5-11C Largo-Tibet Elementary,U.S. Senate (Special),,Democrat,Raphael Warnock,432
Chatham,6-01C White Bluff Presbyterian,U.S. Senate (Special),,Republican,Kelly Loeffler (I),218
Chatham,6-01C White Bluff Presbyterian,U.S. Senate (Special),,Democrat,Raphael Warnock,277
Chatham,6-02C Windsor Forest Baptist,U.S. Senate (Special),,Republican,Kelly Loeffler (I),193
Chatham,6-02C Windsor Forest Baptist,U.S. Senate (Special),,Democrat,Raphael Warnock,246
Chatham,6-03C Crusader Comm Center,U.S. Senate (Special),,Republican,Kelly Loeffler (I),272
Chatham,6-03C Crusader Comm Center,U.S. Senate (Special),,Democrat,Raphael Warnock,404
Chatham,6-05C Windsor Hall,U.S. Senate (Special),,Republican,Kelly Loeffler (I),239
Chatham,6-05C Windsor Hall,U.S. Senate (Special),,Democrat,Raphael Warnock,255
Chatham,6-06C The Light Church,U.S. Senate (Special),,Republican,Kelly Loeffler (I),137
Chatham,6-06C The Light Church,U.S. Senate (Special),,Democrat,Raphael Warnock,155
Chatham,6-08C Christ Memorial Baptist Church,U.S. Senate (Special),,Republican,Kelly Loeffler (I),249
Chatham,6-08C Christ Memorial Baptist Church,U.S. Senate (Special),,Democrat,Raphael Warnock,316
Chatham,6-09C Trinity Lutheran Church,U.S. Senate (Special),,Republican,Kelly Loeffler (I),322
Chatham,6-09C Trinity Lutheran Church,U.S. Senate (Special),,Democrat,Raphael Warnock,397
Chatham,6-10C Station 3,U.S. Senate (Special),,Republican,Kelly Loeffler (I),309
Chatham,6-10C Station 3,U.S. Senate (Special),,Democrat,Raphael Warnock,574
Chatham,6-11C Bamboo Farms,U.S. Senate (Special),,Republican,Kelly Loeffler (I),479
Chatham,6-11C Bamboo Farms,U.S. Senate (Special),,Democrat,Raphael Warnock,838
Chatham,7-01C Garden City Senior Ctr,U.S. Senate (Special),,Republican,Kelly Loeffler (I),128
Chatham,7-01C Garden City Senior Ctr,U.S. Senate (Special),,Democrat,Raphael Warnock,122
Chatham,7-03C PB Edwards Gym,U.S. Senate (Special),,Republican,Kelly Loeffler (I),96
Chatham,7-03C PB Edwards Gym,U.S. Senate (Special),,Democrat,Raphael Warnock,49
Chatham,7-04C Lake Shore Comm Ctr,U.S. Senate (Special),,Republican,Kelly Loeffler (I),471
Chatham,7-04C Lake Shore Comm Ctr,U.S. Senate (Special),,Democrat,Raphael Warnock,547
Chatham,7-05C Woodlawn Baptist Church,U.S. Senate (Special),,Republican,Kelly Loeffler (I),153
Chatham,7-05C Woodlawn Baptist Church,U.S. Senate (Special),,Democrat,Raphael Warnock,115
Chatham,7-06C Pooler City Hall,U.S. Senate (Special),,Republican,Kelly Loeffler (I),256
Chatham,7-06C Pooler City Hall,U.S. Senate (Special),,Democrat,Raphael Warnock,348
Chatham,7-07C Rothwell Baptist Church,U.S. Senate (Special),,Republican,Kelly Loeffler (I),207
Chatham,7-07C Rothwell Baptist Church,U.S. Senate (Special),,Democrat,Raphael Warnock,322
Chatham,7-08C Bloomingdale Comm Ctr,U.S. Senate (Special),,Republican,Kelly Loeffler (I),130
Chatham,7-08C Bloomingdale Comm Ctr,U.S. Senate (Special),,Democrat,Raphael Warnock,102
Chatham,7-09C Savannah Holy C of G,U.S. Senate (Special),,Republican,Kelly Loeffler (I),234
Chatham,7-09C Savannah Holy C of G,U.S. Senate (Special),,Democrat,Raphael Warnock,294
Chatham,7-10C Progressive Rec Center,U.S. Senate (Special),,Republican,Kelly Loeffler (I),373
Chatham,7-10C Progressive Rec Center,U.S. Senate (Special),,Democrat,Raphael Warnock,616
Chatham,7-11C Seventh Day Adv Church,U.S. Senate (Special),,Republican,Kelly Loeffler (I),552
Chatham,7-11C Seventh Day Adv Church,U.S. Senate (Special),,Democrat,Raphael Warnock,862
Chatham,7-12C Pooler Church,U.S. Senate (Special),,Republican,Kelly Loeffler (I),271
Chatham,7-12C Pooler Church,U.S. Senate (Special),,Democrat,Raphael Warnock,547
Chatham,7-13C Southside Fire Trng Ctr,U.S. Senate (Special),,Republican,Kelly Loeffler (I),88
Chatham,7-13C Southside Fire Trng Ctr,U.S. Senate (Special),,Democrat,Raphael Warnock,262
Chatham,7-14C Coastal Cathedral,U.S. Senate (Special),,Republican,Kelly Loeffler (I),679
Chatham,7-14C Coastal Cathedral,U.S. Senate (Special),,Democrat,Raphael Warnock,1289
Chatham,7-15C Rice Creek School,U.S. Senate (Special),,Republican,Kelly Loeffler (I),322
Chatham,7-15C Rice Creek School,U.S. Senate (Special),,Democrat,Raphael Warnock,330
Chatham,7-16C Pooler Recreation Center Gymnasium,U.S. Senate (Special),,Republican,Kelly Loeffler (I),172
Chatham,7-16C Pooler Recreation Center Gymnasium,U.S. Senate (Special),,Democrat,Raphael Warnock,440
Chatham,8-01C Civic Center,U.S. Senate (Special),,Republican,Kelly Loeffler (I),85
Chatham,8-01C Civic Center,U.S. Senate (Special),,Democrat,Raphael Warnock,80
Chatham,8-02C Hellenic Center,U.S. Senate (Special),,Republican,Kelly Loeffler (I),250
Chatham,8-02C Hellenic Center,U.S. Senate (Special),,Democrat,Raphael Warnock,308
Chatham,8-03C Silk Hope Baptist Church,U.S. Senate (Special),,Republican,Kelly Loeffler (I),59
Chatham,8-03C Silk Hope Baptist Church,U.S. Senate (Special),,Democrat,Raphael Warnock,40
Chatham,8-05C W Broad St YMCA,U.S. Senate (Special),,Republican,Kelly Loeffler (I),254
Chatham,8-05C W Broad St YMCA,U.S. Senate (Special),,Democrat,Raphael Warnock,178
Chatham,8-06C Tompkins Rec Center,U.S. Senate (Special),,Republican,Kelly Loeffler (I),201
Chatham,8-06C Tompkins Rec Center,U.S. Senate (Special),,Democrat,Raphael Warnock,130
Chatham,8-07C Woodville-Tompkins TI,U.S. Senate (Special),,Republican,Kelly Loeffler (I),139
Chatham,8-07C Woodville-Tompkins TI,U.S. Senate (Special),,Democrat,Raphael Warnock,82
Chatham,8-08C Resur of Our Lord Church,U.S. Senate (Special),,Republican,Kelly Loeffler (I),351
Chatham,8-08C Resur of Our Lord Church,U.S. Senate (Special),,Democrat,Raphael Warnock,224
Chatham,8-09C Moses Jackson Center,U.S. Senate (Special),,Republican,Kelly Loeffler (I),274
Chatham,8-09C Moses Jackson Center,U.S. Senate (Special),,Democrat,Raphael Warnock,156
Chatham,8-10C Carver Heights Comm Ctr,U.S. Senate (Special),,Republican,Kelly Loeffler (I),347
Chatham,8-10C Carver Heights Comm Ctr,U.S. Senate (Special),,Democrat,Raphael Warnock,234
Chatham,8-11C Butler Elementary,U.S. Senate (Special),,Republican,Kelly Loeffler (I),297
Chatham,8-11C Butler Elementary,U.S. Senate (Special),,Democrat,Raphael Warnock,271
Chatham,8-12C Beach High School,U.S. Senate (Special),,Republican,Kelly Loeffler (I),179
Chatham,8-12C Beach High School,U.S. Senate (Special),,Democrat,Raphael Warnock,169
Chatham,8-13C Savannah Christian,U.S. Senate (Special),,Republican,Kelly Loeffler (I),37
Chatham,8-13C Savannah Christian,U.S. Senate (Special),,Democrat,Raphael Warnock,35
Chatham,8-15C Garden City Rec Center,U.S. Senate (Special),,Republican,Kelly Loeffler (I),254
Chatham,8-15C Garden City Rec Center,U.S. Senate (Special),,Democrat,Raphael Warnock,223
Chatham,8-16C Royal Cinemas and IMAX,U.S. Senate (Special),,Republican,Kelly Loeffler (I),208
Chatham,8-16C Royal Cinemas and IMAX,U.S. Senate (Special),,Democrat,Raphael Warnock,374
Chattahoochee,Activity Center,U.S. Senate,,Republican,David A. Perdue (I),160
Chattahoochee,Activity Center,U.S. Senate,,Democrat,Jon Ossoff,307
Chattahoochee,Activity Center,U.S. Senate (Special),,Republican,Kelly Loeffler (I),156
Chattahoochee,Activity Center,U.S. Senate (Special),,Democrat,Raphael Warnock,307
Cherokee,Air Acres,U.S. Senate,,Republican,David A. Perdue (I),210
Cherokee,Air Acres,U.S. Senate,,Democrat,Jon Ossoff,234
Cherokee,Arnold Mill,U.S. Senate,,Republican,David A. Perdue (I),243
Cherokee,Arnold Mill,U.S. Senate,,Democrat,Jon Ossoff,265
Cherokee,Avery,U.S. Senate,,Republican,David A. Perdue (I),132
Cherokee,Avery,U.S. Senate,,Democrat,Jon Ossoff,156
Cherokee,Ball Ground,U.S. Senate,,Republican,David A. Perdue (I),166
Cherokee,Ball Ground,U.S. Senate,,Democrat,Jon Ossoff,116
Cherokee,Bascomb,U.S. Senate,,Republican,David A. Perdue (I),269
Cherokee,Bascomb,U.S. Senate,,Democrat,Jon Ossoff,220
Cherokee,Bells,U.S. Senate,,Republican,David A. Perdue (I),440
Cherokee,Bells,U.S. Senate,,Democrat,Jon Ossoff,537
Cherokee,Booth,U.S. Senate,,Republican,David A. Perdue (I),200
Cherokee,Booth,U.S. Senate,,Democrat,Jon Ossoff,262
Cherokee,Bradshaw,U.S. Senate,,Republican,David A. Perdue (I),188
Cherokee,Bradshaw,U.S. Senate,,Democrat,Jon Ossoff,276
Cherokee,Bridgemill,U.S. Senate,,Republican,David A. Perdue (I),190
Cherokee,Bridgemill,U.S. Senate,,Democrat,Jon Ossoff,325
Cherokee,Canton,U.S. Senate,,Republican,David A. Perdue (I),331
Cherokee,Canton,U.S. Senate,,Democrat,Jon Ossoff,530
Cherokee,Carmel,U.S. Senate,,Republican,David A. Perdue (I),370
Cherokee,Carmel,U.S. Senate,,Democrat,Jon Ossoff,291
Cherokee,Clayton,U.S. Senate,,Republican,David A. Perdue (I),174
Cherokee,Clayton,U.S. Senate,,Democrat,Jon Ossoff,206
Cherokee,Conns Creek,U.S. Senate,,Republican,David A. Perdue (I),27
Cherokee,Conns Creek,U.S. Senate,,Democrat,Jon Ossoff,6
Cherokee,Deer Run,U.S. Senate,,Republican,David A. Perdue (I),238
Cherokee,Deer Run,U.S. Senate,,Democrat,Jon Ossoff,189
Cherokee,Dixie,U.S. Senate,,Republican,David A. Perdue (I),400
Cherokee,Dixie,U.S. Senate,,Democrat,Jon Ossoff,432
Cherokee,Freehome,U.S. Senate,,Republican,David A. Perdue (I),160
Cherokee,Freehome,U.S. Senate,,Democrat,Jon Ossoff,295
Cherokee,Hickory Flat,U.S. Senate,,Republican,David A. Perdue (I),344
Cherokee,Hickory Flat,U.S. Senate,,Democrat,Jon Ossoff,532
Cherokee,Hightower,U.S. Senate,,Republican,David A. Perdue (I),97
Cherokee,Hightower,U.S. Senate,,Democrat,Jon Ossoff,99
Cherokee,Hillside,U.S. Senate,,Republican,David A. Perdue (I),170
Cherokee,Hillside,U.S. Senate,,Democrat,Jon Ossoff,171
Cherokee,Holly Springs,U.S. Senate,,Republican,David A. Perdue (I),165
Cherokee,Holly Springs,U.S. Senate,,Democrat,Jon Ossoff,177
Cherokee,Kellogg,U.S. Senate,,Republican,David A. Perdue (I),402
Cherokee,Kellogg,U.S. Senate,,Democrat,Jon Ossoff,316
Cherokee,Liberty,U.S. Senate,,Republican,David A. Perdue (I),418
Cherokee,Liberty,U.S. Senate,,Democrat,Jon Ossoff,618
Cherokee,Little River,U.S. Senate,,Republican,David A. Perdue (I),346
Cherokee,Little River,U.S. Senate,,Democrat,Jon Ossoff,582
Cherokee,Macedonia,U.S. Senate,,Republican,David A. Perdue (I),169
Cherokee,Macedonia,U.S. Senate,,Democrat,Jon Ossoff,271
Cherokee,Mountain Road,U.S. Senate,,Republican,David A. Perdue (I),182
Cherokee,Mountain Road,U.S. Senate,,Democrat,Jon Ossoff,173
Cherokee,Neese,U.S. Senate,,Republican,David A. Perdue (I),471
Cherokee,Neese,U.S. Senate,,Democrat,Jon Ossoff,602
Cherokee,Oak Grove,U.S. Senate,,Republican,David A. Perdue (I),219
Cherokee,Oak Grove,U.S. Senate,,Democrat,Jon Ossoff,162
Cherokee,R M Moore,U.S. Senate,,Republican,David A. Perdue (I),72
Cherokee,R M Moore,U.S. Senate,,Democrat,Jon Ossoff,88
Cherokee,R T Jones,U.S. Senate,,Republican,David A. Perdue (I),128
Cherokee,R T Jones,U.S. Senate,,Democrat,Jon Ossoff,165
Cherokee,Rosecreek,U.S. Senate,,Republican,David A. Perdue (I),250
Cherokee,Rosecreek,U.S. Senate,,Democrat,Jon Ossoff,219
Cherokee,Salacoa,U.S. Senate,,Republican,David A. Perdue (I),31
Cherokee,Salacoa,U.S. Senate,,Democrat,Jon Ossoff,9
Cherokee,Sixes,U.S. Senate,,Republican,David A. Perdue (I),141
Cherokee,Sixes,U.S. Senate,,Democrat,Jon Ossoff,178
Cherokee,Sutallee,U.S. Senate,,Republican,David A. Perdue (I),120
Cherokee,Sutallee,U.S. Senate,,Democrat,Jon Ossoff,97
Cherokee,Teasley,U.S. Senate,,Republican,David A. Perdue (I),428
Cherokee,Teasley,U.S. Senate,,Democrat,Jon Ossoff,487
Cherokee,Toonigh,U.S. Senate,,Republican,David A. Perdue (I),363
Cherokee,Toonigh,U.S. Senate,,Democrat,Jon Ossoff,451
Cherokee,Union Hill,U.S. Senate,,Republican,David A. Perdue (I),150
Cherokee,Union Hill,U.S. Senate,,Democrat,Jon Ossoff,181
Cherokee,Univeter,U.S. Senate,,Republican,David A. Perdue (I),163
Cherokee,Univeter,U.S. Senate,,Democrat,Jon Ossoff,296
Cherokee,Victoria,U.S. Senate,,Republican,David A. Perdue (I),215
Cherokee,Victoria,U.S. Senate,,Democrat,Jon Ossoff,146
Cherokee,Waleska,U.S. Senate,,Republican,David A. Perdue (I),95
Cherokee,Waleska,U.S. Senate,,Democrat,Jon Ossoff,121
Cherokee,Wildcat,U.S. Senate,,Republican,David A. Perdue (I),156
Cherokee,Wildcat,U.S. Senate,,Democrat,Jon Ossoff,172
Cherokee,Woodlands,U.S. Senate,,Republican,David A. Perdue (I),404
Cherokee,Woodlands,U.S. Senate,,Democrat,Jon Ossoff,219
Cherokee,Woodstock,U.S. Senate,,Republican,David A. Perdue (I),497
Cherokee,Woodstock,U.S. Senate,,Democrat,Jon Ossoff,644
Cherokee,Air Acres,U.S. Senate (Special),,Republican,Kelly Loeffler (I),212
Cherokee,Air Acres,U.S. Senate (Special),,Democrat,Raphael Warnock,235
Cherokee,Arnold Mill,U.S. Senate (Special),,Republican,Kelly Loeffler (I),247
Cherokee,Arnold Mill,U.S. Senate (Special),,Democrat,Raphael Warnock,268
Cherokee,Avery,U.S. Senate (Special),,Republican,Kelly Loeffler (I),142
Cherokee,Avery,U.S. Senate (Special),,Democrat,Raphael Warnock,160
Cherokee,Ball Ground,U.S. Senate (Special),,Republican,Kelly Loeffler (I),168
Cherokee,Ball Ground,U.S. Senate (Special),,Democrat,Raphael Warnock,117
Cherokee,Bascomb,U.S. Senate (Special),,Republican,Kelly Loeffler (I),283
Cherokee,Bascomb,U.S. Senate (Special),,Democrat,Raphael Warnock,223
Cherokee,Bells,U.S. Senate (Special),,Republican,Kelly Loeffler (I),446
Cherokee,Bells,U.S. Senate (Special),,Democrat,Raphael Warnock,545
Cherokee,Booth,U.S. Senate (Special),,Republican,Kelly Loeffler (I),210
Cherokee,Booth,U.S. Senate (Special),,Democrat,Raphael Warnock,274
Cherokee,Bradshaw,U.S. Senate (Special),,Republican,Kelly Loeffler (I),199
Cherokee,Bradshaw,U.S. Senate (Special),,Democrat,Raphael Warnock,285
Cherokee,Bridgemill,U.S. Senate (Special),,Republican,Kelly Loeffler (I),202
Cherokee,Bridgemill,U.S. Senate (Special),,Democrat,Raphael Warnock,331
Cherokee,Canton,U.S. Senate (Special),,Republican,Kelly Loeffler (I),344
Cherokee,Canton,U.S. Senate (Special),,Democrat,Raphael Warnock,535
Cherokee,Carmel,U.S. Senate (Special),,Republican,Kelly Loeffler (I),376
Cherokee,Carmel,U.S. Senate (Special),,Democrat,Raphael Warnock,290
Cherokee,Clayton,U.S. Senate (Special),,Republican,Kelly Loeffler (I),177
Cherokee,Clayton,U.S. Senate (Special),,Democrat,Raphael Warnock,218
Cherokee,Conns Creek,U.S. Senate (Special),,Republican,Kelly Loeffler (I),26
Cherokee,Conns Creek,U.S. Senate (Special),,Democrat,Raphael Warnock,7
Cherokee,Deer Run,U.S. Senate (Special),,Republican,Kelly Loeffler (I),254
Cherokee,Deer Run,U.S. Senate (Special),,Democrat,Raphael Warnock,192
Cherokee,Dixie,U.S. Senate (Special),,Republican,Kelly Loeffler (I),409
Cherokee,Dixie,U.S. Senate (Special),,Democrat,Raphael Warnock,437
Cherokee,Freehome,U.S. Senate (Special),,Republican,Kelly Loeffler (I),171
Cherokee,Freehome,U.S. Senate (Special),,Democrat,Raphael Warnock,303
Cherokee,Hickory Flat,U.S. Senate (Special),,Republican,Kelly Loeffler (I),346
Cherokee,Hickory Flat,U.S. Senate (Special),,Democrat,Raphael Warnock,538
Cherokee,Hightower,U.S. Senate (Special),,Republican,Kelly Loeffler (I),102
Cherokee,Hightower,U.S. Senate (Special),,Democrat,Raphael Warnock,100
Cherokee,Hillside,U.S. Senate (Special),,Republican,Kelly Loeffler (I),180
Cherokee,Hillside,U.S. Senate (Special),,Democrat,Raphael Warnock,176
Cherokee,Holly Springs,U.S. Senate (Special),,Republican,Kelly Loeffler (I),174
Cherokee,Holly Springs,U.S. Senate (Special),,Democrat,Raphael Warnock,177
Cherokee,Kellogg,U.S. Senate (Special),,Republican,Kelly Loeffler (I),410
Cherokee,Kellogg,U.S. Senate (Special),,Democrat,Raphael Warnock,315
Cherokee,Liberty,U.S. Senate (Special),,Republican,Kelly Loeffler (I),431
Cherokee,Liberty,U.S. Senate (Special),,Democrat,Raphael Warnock,629
Cherokee,Little River,U.S. Senate (Special),,Republican,Kelly Loeffler (I),358
Cherokee,Little River,U.S. Senate (Special),,Democrat,Raphael Warnock,585
Cherokee,Macedonia,U.S. Senate (Special),,Republican,Kelly Loeffler (I),182
Cherokee,Macedonia,U.S. Senate (Special),,Democrat,Raphael Warnock,269
Cherokee,Mountain Road,U.S. Senate (Special),,Republican,Kelly Loeffler (I),190
Cherokee,Mountain Road,U.S. Senate (Special),,Democrat,Raphael Warnock,177
Cherokee,Neese,U.S. Senate (Special),,Republican,Kelly Loeffler (I),492
Cherokee,Neese,U.S. Senate (Special),,Democrat,Raphael Warnock,603
Cherokee,Oak Grove,U.S. Senate (Special),,Republican,Kelly Loeffler (I),222
Cherokee,Oak Grove,U.S. Senate (Special),,Democrat,Raphael Warnock,160
Cherokee,R M Moore,U.S. Senate (Special),,Republican,Kelly Loeffler (I),78
Cherokee,R M Moore,U.S. Senate (Special),,Democrat,Raphael Warnock,86
Cherokee,R T Jones,U.S. Senate (Special),,Republican,Kelly Loeffler (I),133
Cherokee,R T Jones,U.S. Senate (Special),,Democrat,Raphael Warnock,167
Cherokee,Rosecreek,U.S. Senate (Special),,Republican,Kelly Loeffler (I),266
Cherokee,Rosecreek,U.S. Senate (Special),,Democrat,Raphael Warnock,222
Cherokee,Salacoa,U.S. Senate (Special),,Republican,Kelly Loeffler (I),29
Cherokee,Salacoa,U.S. Senate (Special),,Democrat,Raphael Warnock,9
Cherokee,Sixes,U.S. Senate (Special),,Republican,Kelly Loeffler (I),147
Cherokee,Sixes,U.S. Senate (Special),,Democrat,Raphael Warnock,177
Cherokee,Sutallee,U.S. Senate (Special),,Republican,Kelly Loeffler (I),121
Cherokee,Sutallee,U.S. Senate (Special),,Democrat,Raphael Warnock,95
Cherokee,Teasley,U.S. Senate (Special),,Republican,Kelly Loeffler (I),451
Cherokee,Teasley,U.S. Senate (Special),,Democrat,Raphael Warnock,496
Cherokee,Toonigh,U.S. Senate (Special),,Republican,Kelly Loeffler (I),369
Cherokee,Toonigh,U.S. Senate (Special),,Democrat,Raphael Warnock,458
Cherokee,Union Hill,U.S. Senate (Special),,Republican,Kelly Loeffler (I),166
Cherokee,Union Hill,U.S. Senate (Special),,Democrat,Raphael Warnock,186
Cherokee,Univeter,U.S. Senate (Special),,Republican,Kelly Loeffler (I),173
Cherokee,Univeter,U.S. Senate (Special),,Democrat,Raphael Warnock,305
Cherokee,Victoria,U.S. Senate (Special),,Republican,Kelly Loeffler (I),220
Cherokee,Victoria,U.S. Senate (Special),,Democrat,Raphael Warnock,147
Cherokee,Waleska,U.S. Senate (Special),,Republican,Kelly Loeffler (I),100
Cherokee,Waleska,U.S. Senate (Special),,Democrat,Raphael Warnock,123
Cherokee,Wildcat,U.S. Senate (Special),,Republican,Kelly Loeffler (I),163
Cherokee,Wildcat,U.S. Senate (Special),,Democrat,Raphael Warnock,177
Cherokee,Woodlands,U.S. Senate (Special),,Republican,Kelly Loeffler (I),413
Cherokee,Woodlands,U.S. Senate (Special),,Democrat,Raphael Warnock,221
Cherokee,Woodstock,U.S. Senate (Special),,Republican,Kelly Loeffler (I),513
Cherokee,Woodstock,U.S. Senate (Special),,Democrat,Raphael Warnock,650
Clarke,1A,U.S. Senate,,Republican,David A. Perdue (I),304
Clarke,1A,U.S. Senate,,Democrat,Jon Ossoff,387
Clarke,1B,U.S. Senate,,Republican,David A. Perdue (I),224
Clarke,1B,U.S. Senate,,Democrat,Jon Ossoff,697
Clarke,1C,U.S. Senate,,Republican,David A. Perdue (I),211
Clarke,1C,U.S. Senate,,Democrat,Jon Ossoff,416
Clarke,1D,U.S. Senate,,Republican,David A. Perdue (I),210
Clarke,1D,U.S. Senate,,Democrat,Jon Ossoff,548
Clarke,2A,U.S. Senate,,Republican,David A. Perdue (I),499
Clarke,2A,U.S. Senate,,Democrat,Jon Ossoff,644
Clarke,2B,U.S. Senate,,Republican,David A. Perdue (I),508
Clarke,2B,U.S. Senate,,Democrat,Jon Ossoff,1015
Clarke,3A,U.S. Senate,,Republican,David A. Perdue (I),307
Clarke,3A,U.S. Senate,,Democrat,Jon Ossoff,502
Clarke,3B,U.S. Senate,,Republican,David A. Perdue (I),319
Clarke,3B,U.S. Senate,,Democrat,Jon Ossoff,770
Clarke,4A,U.S. Senate,,Republican,David A. Perdue (I),208
Clarke,4A,U.S. Senate,,Democrat,Jon Ossoff,335
Clarke,4B,U.S. Senate,,Republican,David A. Perdue (I),398
Clarke,4B,U.S. Senate,,Democrat,Jon Ossoff,686
Clarke,5A,U.S. Senate,,Republican,David A. Perdue (I),282
Clarke,5A,U.S. Senate,,Democrat,Jon Ossoff,730
Clarke,5B,U.S. Senate,,Republican,David A. Perdue (I),325
Clarke,5B,U.S. Senate,,Democrat,Jon Ossoff,556
Clarke,5C,U.S. Senate,,Republican,David A. Perdue (I),256
Clarke,5C,U.S. Senate,,Democrat,Jon Ossoff,694
Clarke,5D,U.S. Senate,,Republican,David A. Perdue (I),373
Clarke,5D,U.S. Senate,,Democrat,Jon Ossoff,535
Clarke,6A,U.S. Senate,,Republican,David A. Perdue (I),263
Clarke,6A,U.S. Senate,,Democrat,Jon Ossoff,541
Clarke,6B,U.S. Senate,,Republican,David A. Perdue (I),306
Clarke,6B,U.S. Senate,,Democrat,Jon Ossoff,606
Clarke,6C,U.S. Senate,,Republican,David A. Perdue (I),261
Clarke,6C,U.S. Senate,,Democrat,Jon Ossoff,463
Clarke,6D,U.S. Senate,,Republican,David A. Perdue (I),194
Clarke,6D,U.S. Senate,,Democrat,Jon Ossoff,369
Clarke,7A,U.S. Senate,,Republican,David A. Perdue (I),248
Clarke,7A,U.S. Senate,,Democrat,Jon Ossoff,455
Clarke,7B,U.S. Senate,,Republican,David A. Perdue (I),204
Clarke,7B,U.S. Senate,,Democrat,Jon Ossoff,501
Clarke,7C,U.S. Senate,,Republican,David A. Perdue (I),262
Clarke,7C,U.S. Senate,,Democrat,Jon Ossoff,479
Clarke,8A,U.S. Senate,,Republican,David A. Perdue (I),282
Clarke,8A,U.S. Senate,,Democrat,Jon Ossoff,576
Clarke,8B,U.S. Senate,,Republican,David A. Perdue (I),210
Clarke,8B,U.S. Senate,,Democrat,Jon Ossoff,380
Clarke,8C,U.S. Senate,,Republican,David A. Perdue (I),347
Clarke,8C,U.S. Senate,,Democrat,Jon Ossoff,627
Clarke,1A,U.S. Senate (Special),,Republican,Kelly Loeffler (I),308
Clarke,1A,U.S. Senate (Special),,Democrat,Raphael Warnock,391
Clarke,1B,U.S. Senate (Special),,Republican,Kelly Loeffler (I),223
Clarke,1B,U.S. Senate (Special),,Democrat,Raphael Warnock,700
Clarke,1C,U.S. Senate (Special),,Republican,Kelly Loeffler (I),211
Clarke,1C,U.S. Senate (Special),,Democrat,Raphael Warnock,423
Clarke,1D,U.S. Senate (Special),,Republican,Kelly Loeffler (I),222
Clarke,1D,U.S. Senate (Special),,Democrat,Raphael Warnock,557
Clarke,2A,U.S. Senate (Special),,Republican,Kelly Loeffler (I),505
Clarke,2A,U.S. Senate (Special),,Democrat,Raphael Warnock,650
Clarke,2B,U.S. Senate (Special),,Republican,Kelly Loeffler (I),510
Clarke,2B,U.S. Senate (Special),,Democrat,Raphael Warnock,1019
Clarke,3A,U.S. Senate (Special),,Republican,Kelly Loeffler (I),311
Clarke,3A,U.S. Senate (Special),,Democrat,Raphael Warnock,501
Clarke,3B,U.S. Senate (Special),,Republican,Kelly Loeffler (I),329
Clarke,3B,U.S. Senate (Special),,Democrat,Raphael Warnock,777
Clarke,4A,U.S. Senate (Special),,Republican,Kelly Loeffler (I),212
Clarke,4A,U.S. Senate (Special),,Democrat,Raphael Warnock,335
Clarke,4B,U.S. Senate (Special),,Republican,Kelly Loeffler (I),406
Clarke,4B,U.S. Senate (Special),,Democrat,Raphael Warnock,694
Clarke,5A,U.S. Senate (Special),,Republican,Kelly Loeffler (I),292
Clarke,5A,U.S. Senate (Special),,Democrat,Raphael Warnock,730
Clarke,5B,U.S. Senate (Special),,Republican,Kelly Loeffler (I),329
Clarke,5B,U.S. Senate (Special),,Democrat,Raphael Warnock,555
Clarke,5C,U.S. Senate (Special),,Republican,Kelly Loeffler (I),254
Clarke,5C,U.S. Senate (Special),,Democrat,Raphael Warnock,700
Clarke,5D,U.S. Senate (Special),,Republican,Kelly Loeffler (I),375
Clarke,5D,U.S. Senate (Special),,Democrat,Raphael Warnock,535
Clarke,6A,U.S. Senate (Special),,Republican,Kelly Loeffler (I),264
Clarke,6A,U.S. Senate (Special),,Democrat,Raphael Warnock,550
Clarke,6B,U.S. Senate (Special),,Republican,Kelly Loeffler (I),312
Clarke,6B,U.S. Senate (Special),,Democrat,Raphael Warnock,610
Clarke,6C,U.S. Senate (Special),,Republican,Kelly Loeffler (I),261
Clarke,6C,U.S. Senate (Special),,Democrat,Raphael Warnock,474
Clarke,6D,U.S. Senate (Special),,Republican,Kelly Loeffler (I),199
Clarke,6D,U.S. Senate (Special),,Democrat,Raphael Warnock,369
Clarke,7A,U.S. Senate (Special),,Republican,Kelly Loeffler (I),259
Clarke,7A,U.S. Senate (Special),,Democrat,Raphael Warnock,462
Clarke,7B,U.S. Senate (Special),,Republican,Kelly Loeffler (I),212
Clarke,7B,U.S. Senate (Special),,Democrat,Raphael Warnock,504
Clarke,7C,U.S. Senate (Special),,Republican,Kelly Loeffler (I),270
Clarke,7C,U.S. Senate (Special),,Democrat,Raphael Warnock,491
Clarke,8A,U.S. Senate (Special),,Republican,Kelly Loeffler (I),285
Clarke,8A,U.S. Senate (Special),,Democrat,Raphael Warnock,573
Clarke,8B,U.S. Senate (Special),,Republican,Kelly Loeffler (I),213
Clarke,8B,U.S. Senate (Special),,Democrat,Raphael Warnock,383
Clarke,8C,U.S. Senate (Special),,Republican,Kelly Loeffler (I),356
Clarke,8C,U.S. Senate (Special),,Democrat,Raphael Warnock,632
Clayton,Ellenwood 1,U.S. Senate,,Republican,David A. Perdue (I),291
Clayton,Ellenwood 1,U.S. Senate,,Democrat,Jon Ossoff,1095
Clayton,Ellenwood 2,U.S. Senate,,Republican,David A. Perdue (I),300
Clayton,Ellenwood 2,U.S. Senate,,Democrat,Jon Ossoff,1225
Clayton,Forest Park 1,U.S. Senate,,Republican,David A. Perdue (I),398
Clayton,Forest Park 1,U.S. Senate,,Democrat,Jon Ossoff,435
Clayton,Forest Park 2,U.S. Senate,,Republican,David A. Perdue (I),298
Clayton,Forest Park 2,U.S. Senate,,Democrat,Jon Ossoff,514
Clayton,Forest Park 3,U.S. Senate,,Republican,David A. Perdue (I),298
Clayton,Forest Park 3,U.S. Senate,,Democrat,Jon Ossoff,422
Clayton,Forest Park 4,U.S. Senate,,Republican,David A. Perdue (I),183
Clayton,Forest Park 4,U.S. Senate,,Democrat,Jon Ossoff,305
Clayton,Forest Park 5,U.S. Senate,,Republican,David A. Perdue (I),430
Clayton,Forest Park 5,U.S. Senate,,Democrat,Jon Ossoff,607
Clayton,Forest Park 6,U.S. Senate,,Republican,David A. Perdue (I),134
Clayton,Forest Park 6,U.S. Senate,,Democrat,Jon Ossoff,268
Clayton,Jonesboro 1,U.S. Senate,,Republican,David A. Perdue (I),343
Clayton,Jonesboro 1,U.S. Senate,,Democrat,Jon Ossoff,808
Clayton,Jonesboro 2,U.S. Senate,,Republican,David A. Perdue (I),468
Clayton,Jonesboro 2,U.S. Senate,,Democrat,Jon Ossoff,1165
Clayton,Jonesboro 3,U.S. Senate,,Republican,David A. Perdue (I),414
Clayton,Jonesboro 3,U.S. Senate,,Democrat,Jon Ossoff,992
Clayton,Jonesboro 4,U.S. Senate,,Republican,David A. Perdue (I),271
Clayton,Jonesboro 4,U.S. Senate,,Democrat,Jon Ossoff,392
Clayton,Jonesboro 5,U.S. Senate,,Republican,David A. Perdue (I),235
Clayton,Jonesboro 5,U.S. Senate,,Democrat,Jon Ossoff,509
Clayton,Jonesboro 6,U.S. Senate,,Republican,David A. Perdue (I),116
Clayton,Jonesboro 6,U.S. Senate,,Democrat,Jon Ossoff,527
Clayton,Jonesboro 7,U.S. Senate,,Republican,David A. Perdue (I),295
Clayton,Jonesboro 7,U.S. Senate,,Democrat,Jon Ossoff,812
Clayton,Jonesboro 8,U.S. Senate,,Republican,David A. Perdue (I),464
Clayton,Jonesboro 8,U.S. Senate,,Democrat,Jon Ossoff,788
Clayton,Jonesboro 9,U.S. Senate,,Republican,David A. Perdue (I),139
Clayton,Jonesboro 9,U.S. Senate,,Democrat,Jon Ossoff,276
Clayton,Jonesboro 10,U.S. Senate,,Republican,David A. Perdue (I),369
Clayton,Jonesboro 10,U.S. Senate,,Democrat,Jon Ossoff,579
Clayton,Jonesboro 11,U.S. Senate,,Republican,David A. Perdue (I),324
Clayton,Jonesboro 11,U.S. Senate,,Democrat,Jon Ossoff,1057
Clayton,Jonesboro 12,U.S. Senate,,Republican,David A. Perdue (I),326
Clayton,Jonesboro 12,U.S. Senate,,Democrat,Jon Ossoff,726
Clayton,Jonesboro 13,U.S. Senate,,Republican,David A. Perdue (I),227
Clayton,Jonesboro 13,U.S. Senate,,Democrat,Jon Ossoff,621
Clayton,Jonesboro 14,U.S. Senate,,Republican,David A. Perdue (I),353
Clayton,Jonesboro 14,U.S. Senate,,Democrat,Jon Ossoff,1060
Clayton,Jonesboro 15,U.S. Senate,,Republican,David A. Perdue (I),262
Clayton,Jonesboro 15,U.S. Senate,,Democrat,Jon Ossoff,553
Clayton,Jonesboro 16,U.S. Senate,,Republican,David A. Perdue (I),312
Clayton,Jonesboro 16,U.S. Senate,,Democrat,Jon Ossoff,488
Clayton,Jonesboro 17,U.S. Senate,,Republican,David A. Perdue (I),350
Clayton,Jonesboro 17,U.S. Senate,,Democrat,Jon Ossoff,677
Clayton,Jonesboro 18,U.S. Senate,,Republican,David A. Perdue (I),370
Clayton,Jonesboro 18,U.S. Senate,,Democrat,Jon Ossoff,792
Clayton,Jonesboro 19,U.S. Senate,,Republican,David A. Perdue (I),348
Clayton,Jonesboro 19,U.S. Senate,,Democrat,Jon Ossoff,774
Clayton,Lake City,U.S. Senate,,Republican,David A. Perdue (I),330
Clayton,Lake City,U.S. Senate,,Democrat,Jon Ossoff,723
Clayton,Lovejoy 1,U.S. Senate,,Republican,David A. Perdue (I),413
Clayton,Lovejoy 1,U.S. Senate,,Democrat,Jon Ossoff,1190
Clayton,Lovejoy 2,U.S. Senate,,Republican,David A. Perdue (I),313
Clayton,Lovejoy 2,U.S. Senate,,Democrat,Jon Ossoff,943
Clayton,Lovejoy 3,U.S. Senate,,Republican,David A. Perdue (I),152
Clayton,Lovejoy 3,U.S. Senate,,Democrat,Jon Ossoff,553
Clayton,Lovejoy 4,U.S. Senate,,Republican,David A. Perdue (I),328
Clayton,Lovejoy 4,U.S. Senate,,Democrat,Jon Ossoff,1436
Clayton,Lovejoy 5,U.S. Senate,,Republican,David A. Perdue (I),352
Clayton,Lovejoy 5,U.S. Senate,,Democrat,Jon Ossoff,915
Clayton,Lovejoy 6,U.S. Senate,,Republican,David A. Perdue (I),359
Clayton,Lovejoy 6,U.S. Senate,,Democrat,Jon Ossoff,1131
Clayton,Lovejoy 7,U.S. Senate,,Republican,David A. Perdue (I),271
Clayton,Lovejoy 7,U.S. Senate,,Democrat,Jon Ossoff,706
Clayton,Morrow 1,U.S. Senate,,Republican,David A. Perdue (I),479
Clayton,Morrow 1,U.S. Senate,,Democrat,Jon Ossoff,650
Clayton,Morrow 2,U.S. Senate,,Republican,David A. Perdue (I),159
Clayton,Morrow 2,U.S. Senate,,Democrat,Jon Ossoff,414
Clayton,Morrow 3,U.S. Senate,,Republican,David A. Perdue (I),189
Clayton,Morrow 3,U.S. Senate,,Democrat,Jon Ossoff,533
Clayton,Morrow 4,U.S. Senate,,Republican,David A. Perdue (I),191
Clayton,Morrow 4,U.S. Senate,,Democrat,Jon Ossoff,412
Clayton,Morrow 5,U.S. Senate,,Republican,David A. Perdue (I),302
Clayton,Morrow 5,U.S. Senate,,Democrat,Jon Ossoff,1012
Clayton,Morrow 6,U.S. Senate,,Republican,David A. Perdue (I),325
Clayton,Morrow 6,U.S. Senate,,Democrat,Jon Ossoff,818
Clayton,Morrow 7,U.S. Senate,,Republican,David A. Perdue (I),258
Clayton,Morrow 7,U.S. Senate,,Democrat,Jon Ossoff,394
Clayton,Morrow 8,U.S. Senate,,Republican,David A. Perdue (I),344
Clayton,Morrow 8,U.S. Senate,,Democrat,Jon Ossoff,1009
Clayton,Morrow 9,U.S. Senate,,Republican,David A. Perdue (I),142
Clayton,Morrow 9,U.S. Senate,,Democrat,Jon Ossoff,364
Clayton,Morrow 10,U.S. Senate,,Republican,David A. Perdue (I),210
Clayton,Morrow 10,U.S. Senate,,Democrat,Jon Ossoff,695
Clayton,Morrow 11,U.S. Senate,,Republican,David A. Perdue (I),267
Clayton,Morrow 11,U.S. Senate,,Democrat,Jon Ossoff,655
Clayton,Oak 1,U.S. Senate,,Republican,David A. Perdue (I),348
Clayton,Oak 1,U.S. Senate,,Democrat,Jon Ossoff,661
Clayton,Oak 2,U.S. Senate,,Republican,David A. Perdue (I),241
Clayton,Oak 2,U.S. Senate,,Democrat,Jon Ossoff,387
Clayton,Oak 3,U.S. Senate,,Republican,David A. Perdue (I),376
Clayton,Oak 3,U.S. Senate,,Democrat,Jon Ossoff,549
Clayton,Oak 4,U.S. Senate,,Republican,David A. Perdue (I),517
Clayton,Oak 4,U.S. Senate,,Democrat,Jon Ossoff,1051
Clayton,Oak 5,U.S. Senate,,Republican,David A. Perdue (I),171
Clayton,Oak 5,U.S. Senate,,Democrat,Jon Ossoff,368
Clayton,Panhandle 1,U.S. Senate,,Republican,David A. Perdue (I),294
Clayton,Panhandle 1,U.S. Senate,,Democrat,Jon Ossoff,989
Clayton,Panhandle 2,U.S. Senate,,Republican,David A. Perdue (I),350
Clayton,Panhandle 2,U.S. Senate,,Democrat,Jon Ossoff,1045
Clayton,Riverdale 1,U.S. Senate,,Republican,David A. Perdue (I),212
Clayton,Riverdale 1,U.S. Senate,,Democrat,Jon Ossoff,804
Clayton,Riverdale 2,U.S. Senate,,Republican,David A. Perdue (I),374
Clayton,Riverdale 2,U.S. Senate,,Democrat,Jon Ossoff,791
Clayton,Riverdale 3,U.S. Senate,,Republican,David A. Perdue (I),422
Clayton,Riverdale 3,U.S. Senate,,Democrat,Jon Ossoff,978
Clayton,Riverdale 4,U.S. Senate,,Republican,David A. Perdue (I),467
Clayton,Riverdale 4,U.S. Senate,,Democrat,Jon Ossoff,869
Clayton,Riverdale 5,U.S. Senate,,Republican,David A. Perdue (I),349
Clayton,Riverdale 5,U.S. Senate,,Democrat,Jon Ossoff,743
Clayton,Riverdale 6,U.S. Senate,,Republican,David A. Perdue (I),370
Clayton,Riverdale 6,U.S. Senate,,Democrat,Jon Ossoff,529
Clayton,Riverdale 7,U.S. Senate,,Republican,David A. Perdue (I),290
Clayton,Riverdale 7,U.S. Senate,,Democrat,Jon Ossoff,464
Clayton,Riverdale 8,U.S. Senate,,Republican,David A. Perdue (I),273
Clayton,Riverdale 8,U.S. Senate,,Democrat,Jon Ossoff,884
Clayton,Riverdale 9,U.S. Senate,,Republican,David A. Perdue (I),317
Clayton,Riverdale 9,U.S. Senate,,Democrat,Jon Ossoff,665
Clayton,Riverdale 10,U.S. Senate,,Republican,David A. Perdue (I),348
Clayton,Riverdale 10,U.S. Senate,,Democrat,Jon Ossoff,557
Clayton,Riverdale 11,U.S. Senate,,Republican,David A. Perdue (I),214
Clayton,Riverdale 11,U.S. Senate,,Democrat,Jon Ossoff,596
Clayton,Riverdale 12,U.S. Senate,,Republican,David A. Perdue (I),327
Clayton,Riverdale 12,U.S. Senate,,Democrat,Jon Ossoff,804
Clayton,Ellenwood 1,U.S. Senate (Special),,Republican,Kelly Loeffler (I),290
Clayton,Ellenwood 1,U.S. Senate (Special),,Democrat,Raphael Warnock,1097
Clayton,Ellenwood 2,U.S. Senate (Special),,Republican,Kelly Loeffler (I),301
Clayton,Ellenwood 2,U.S. Senate (Special),,Democrat,Raphael Warnock,1224
Clayton,Forest Park 1,U.S. Senate (Special),,Republican,Kelly Loeffler (I),401
Clayton,Forest Park 1,U.S. Senate (Special),,Democrat,Raphael Warnock,433
Clayton,Forest Park 2,U.S. Senate (Special),,Republican,Kelly Loeffler (I),300
Clayton,Forest Park 2,U.S. Senate (Special),,Democrat,Raphael Warnock,517
Clayton,Forest Park 3,U.S. Senate (Special),,Republican,Kelly Loeffler (I),297
Clayton,Forest Park 3,U.S. Senate (Special),,Democrat,Raphael Warnock,426
Clayton,Forest Park 4,U.S. Senate (Special),,Republican,Kelly Loeffler (I),178
Clayton,Forest Park 4,U.S. Senate (Special),,Democrat,Raphael Warnock,304
Clayton,Forest Park 5,U.S. Senate (Special),,Republican,Kelly Loeffler (I),428
Clayton,Forest Park 5,U.S. Senate (Special),,Democrat,Raphael Warnock,605
Clayton,Forest Park 6,U.S. Senate (Special),,Republican,Kelly Loeffler (I),134
Clayton,Forest Park 6,U.S. Senate (Special),,Democrat,Raphael Warnock,271
Clayton,Jonesboro 1,U.S. Senate (Special),,Republican,Kelly Loeffler (I),346
Clayton,Jonesboro 1,U.S. Senate (Special),,Democrat,Raphael Warnock,810
Clayton,Jonesboro 2,U.S. Senate (Special),,Republican,Kelly Loeffler (I),467
Clayton,Jonesboro 2,U.S. Senate (Special),,Democrat,Raphael Warnock,1168
Clayton,Jonesboro 3,U.S. Senate (Special),,Republican,Kelly Loeffler (I),414
Clayton,Jonesboro 3,U.S. Senate (Special),,Democrat,Raphael Warnock,998
Clayton,Jonesboro 4,U.S. Senate (Special),,Republican,Kelly Loeffler (I),273
Clayton,Jonesboro 4,U.S. Senate (Special),,Democrat,Raphael Warnock,396
Clayton,Jonesboro 5,U.S. Senate (Special),,Republican,Kelly Loeffler (I),235
Clayton,Jonesboro 5,U.S. Senate (Special),,Democrat,Raphael Warnock,509
Clayton,Jonesboro 6,U.S. Senate (Special),,Republican,Kelly Loeffler (I),115
Clayton,Jonesboro 6,U.S. Senate (Special),,Democrat,Raphael Warnock,525
Clayton,Jonesboro 7,U.S. Senate (Special),,Republican,Kelly Loeffler (I),300
Clayton,Jonesboro 7,U.S. Senate (Special),,Democrat,Raphael Warnock,814
Clayton,Jonesboro 8,U.S. Senate (Special),,Republican,Kelly Loeffler (I),463
Clayton,Jonesboro 8,U.S. Senate (Special),,Democrat,Raphael Warnock,790
Clayton,Jonesboro 9,U.S. Senate (Special),,Republican,Kelly Loeffler (I),136
Clayton,Jonesboro 9,U.S. Senate (Special),,Democrat,Raphael Warnock,277
Clayton,Jonesboro 10,U.S. Senate (Special),,Republican,Kelly Loeffler (I),374
Clayton,Jonesboro 10,U.S. Senate (Special),,Democrat,Raphael Warnock,578
Clayton,Jonesboro 11,U.S. Senate (Special),,Republican,Kelly Loeffler (I),326
Clayton,Jonesboro 11,U.S. Senate (Special),,Democrat,Raphael Warnock,1062
Clayton,Jonesboro 12,U.S. Senate (Special),,Republican,Kelly Loeffler (I),325
Clayton,Jonesboro 12,U.S. Senate (Special),,Democrat,Raphael Warnock,725
Clayton,Jonesboro 13,U.S. Senate (Special),,Republican,Kelly Loeffler (I),230
Clayton,Jonesboro 13,U.S. Senate (Special),,Democrat,Raphael Warnock,621
Clayton,Jonesboro 14,U.S. Senate (Special),,Republican,Kelly Loeffler (I),358
Clayton,Jonesboro 14,U.S. Senate (Special),,Democrat,Raphael Warnock,1066
Clayton,Jonesboro 15,U.S. Senate (Special),,Republican,Kelly Loeffler (I),265
Clayton,Jonesboro 15,U.S. Senate (Special),,Democrat,Raphael Warnock,553
Clayton,Jonesboro 16,U.S. Senate (Special),,Republican,Kelly Loeffler (I),312
Clayton,Jonesboro 16,U.S. Senate (Special),,Democrat,Raphael Warnock,488
Clayton,Jonesboro 17,U.S. Senate (Special),,Republican,Kelly Loeffler (I),349
Clayton,Jonesboro 17,U.S. Senate (Special),,Democrat,Raphael Warnock,679
Clayton,Jonesboro 18,U.S. Senate (Special),,Republican,Kelly Loeffler (I),372
Clayton,Jonesboro 18,U.S. Senate (Special),,Democrat,Raphael Warnock,794
Clayton,Jonesboro 19,U.S. Senate (Special),,Republican,Kelly Loeffler (I),347
Clayton,Jonesboro 19,U.S. Senate (Special),,Democrat,Raphael Warnock,775
Clayton,Lake City,U.S. Senate (Special),,Republican,Kelly Loeffler (I),326
Clayton,Lake City,U.S. Senate (Special),,Democrat,Raphael Warnock,721
Clayton,Lovejoy 1,U.S. Senate (Special),,Republican,Kelly Loeffler (I),416
Clayton,Lovejoy 1,U.S. Senate (Special),,Democrat,Raphael Warnock,1188
Clayton,Lovejoy 2,U.S. Senate (Special),,Republican,Kelly Loeffler (I),313
Clayton,Lovejoy 2,U.S. Senate (Special),,Democrat,Raphael Warnock,945
Clayton,Lovejoy 3,U.S. Senate (Special),,Republican,Kelly Loeffler (I),154
Clayton,Lovejoy 3,U.S. Senate (Special),,Democrat,Raphael Warnock,551
Clayton,Lovejoy 4,U.S. Senate (Special),,Republican,Kelly Loeffler (I),329
Clayton,Lovejoy 4,U.S. Senate (Special),,Democrat,Raphael Warnock,1440
Clayton,Lovejoy 5,U.S. Senate (Special),,Republican,Kelly Loeffler (I),354
Clayton,Lovejoy 5,U.S. Senate (Special),,Democrat,Raphael Warnock,914
Clayton,Lovejoy 6,U.S. Senate (Special),,Republican,Kelly Loeffler (I),360
Clayton,Lovejoy 6,U.S. Senate (Special),,Democrat,Raphael Warnock,1134
Clayton,Lovejoy 7,U.S. Senate (Special),,Republican,Kelly Loeffler (I),277
Clayton,Lovejoy 7,U.S. Senate (Special),,Democrat,Raphael Warnock,709
Clayton,Morrow 1,U.S. Senate (Special),,Republican,Kelly Loeffler (I),480
Clayton,Morrow 1,U.S. Senate (Special),,Democrat,Raphael Warnock,653
Clayton,Morrow 2,U.S. Senate (Special),,Republican,Kelly Loeffler (I),156
Clayton,Morrow 2,U.S. Senate (Special),,Democrat,Raphael Warnock,417
Clayton,Morrow 3,U.S. Senate (Special),,Republican,Kelly Loeffler (I),187
Clayton,Morrow 3,U.S. Senate (Special),,Democrat,Raphael Warnock,530
Clayton,Morrow 4,U.S. Senate (Special),,Republican,Kelly Loeffler (I),194
Clayton,Morrow 4,U.S. Senate (Special),,Democrat,Raphael Warnock,410
Clayton,Morrow 5,U.S. Senate (Special),,Republican,Kelly Loeffler (I),301
Clayton,Morrow 5,U.S. Senate (Special),,Democrat,Raphael Warnock,1015
Clayton,Morrow 6,U.S. Senate (Special),,Republican,Kelly Loeffler (I),325
Clayton,Morrow 6,U.S. Senate (Special),,Democrat,Raphael Warnock,817
Clayton,Morrow 7,U.S. Senate (Special),,Republican,Kelly Loeffler (I),256
Clayton,Morrow 7,U.S. Senate (Special),,Democrat,Raphael Warnock,392
Clayton,Morrow 8,U.S. Senate (Special),,Republican,Kelly Loeffler (I),348
Clayton,Morrow 8,U.S. Senate (Special),,Democrat,Raphael Warnock,1010
Clayton,Morrow 9,U.S. Senate (Special),,Republican,Kelly Loeffler (I),144
Clayton,Morrow 9,U.S. Senate (Special),,Democrat,Raphael Warnock,364
Clayton,Morrow 10,U.S. Senate (Special),,Republican,Kelly Loeffler (I),211
Clayton,Morrow 10,U.S. Senate (Special),,Democrat,Raphael Warnock,695
Clayton,Morrow 11,U.S. Senate (Special),,Republican,Kelly Loeffler (I),267
Clayton,Morrow 11,U.S. Senate (Special),,Democrat,Raphael Warnock,655
Clayton,Oak 1,U.S. Senate (Special),,Republican,Kelly Loeffler (I),350
Clayton,Oak 1,U.S. Senate (Special),,Democrat,Raphael Warnock,661
Clayton,Oak 2,U.S. Senate (Special),,Republican,Kelly Loeffler (I),243
Clayton,Oak 2,U.S. Senate (Special),,Democrat,Raphael Warnock,386
Clayton,Oak 3,U.S. Senate (Special),,Republican,Kelly Loeffler (I),378
Clayton,Oak 3,U.S. Senate (Special),,Democrat,Raphael Warnock,551
Clayton,Oak 4,U.S. Senate (Special),,Republican,Kelly Loeffler (I),519
Clayton,Oak 4,U.S. Senate (Special),,Democrat,Raphael Warnock,1051
Clayton,Oak 5,U.S. Senate (Special),,Republican,Kelly Loeffler (I),174
Clayton,Oak 5,U.S. Senate (Special),,Democrat,Raphael Warnock,368
Clayton,Panhandle 1,U.S. Senate (Special),,Republican,Kelly Loeffler (I),293
Clayton,Panhandle 1,U.S. Senate (Special),,Democrat,Raphael Warnock,988
Clayton,Panhandle 2,U.S. Senate (Special),,Republican,Kelly Loeffler (I),351
Clayton,Panhandle 2,U.S. Senate (Special),,Democrat,Raphael Warnock,1045
Clayton,Riverdale 1,U.S. Senate (Special),,Republican,Kelly Loeffler (I),212
Clayton,Riverdale 1,U.S. Senate (Special),,Democrat,Raphael Warnock,807
Clayton,Riverdale 2,U.S. Senate (Special),,Republican,Kelly Loeffler (I),372
Clayton,Riverdale 2,U.S. Senate (Special),,Democrat,Raphael Warnock,790
Clayton,Riverdale 3,U.S. Senate (Special),,Republican,Kelly Loeffler (I),419
Clayton,Riverdale 3,U.S. Senate (Special),,Democrat,Raphael Warnock,979
Clayton,Riverdale 4,U.S. Senate (Special),,Republican,Kelly Loeffler (I),474
Clayton,Riverdale 4,U.S. Senate (Special),,Democrat,Raphael Warnock,873
Clayton,Riverdale 5,U.S. Senate (Special),,Republican,Kelly Loeffler (I),350
Clayton,Riverdale 5,U.S. Senate (Special),,Democrat,Raphael Warnock,744
Clayton,Riverdale 6,U.S. Senate (Special),,Republican,Kelly Loeffler (I),371
Clayton,Riverdale 6,U.S. Senate (Special),,Democrat,Raphael Warnock,533
Clayton,Riverdale 7,U.S. Senate (Special),,Republican,Kelly Loeffler (I),291
Clayton,Riverdale 7,U.S. Senate (Special),,Democrat,Raphael Warnock,464
Clayton,Riverdale 8,U.S. Senate (Special),,Republican,Kelly Loeffler (I),272
Clayton,Riverdale 8,U.S. Senate (Special),,Democrat,Raphael Warnock,886
Clayton,Riverdale 9,U.S. Senate (Special),,Republican,Kelly Loeffler (I),319
Clayton,Riverdale 9,U.S. Senate (Special),,Democrat,Raphael Warnock,665
Clayton,Riverdale 10,U.S. Senate (Special),,Republican,Kelly Loeffler (I),352
Clayton,Riverdale 10,U.S. Senate (Special),,Democrat,Raphael Warnock,560
Clayton,Riverdale 11,U.S. Senate (Special),,Republican,Kelly Loeffler (I),215
Clayton,Riverdale 11,U.S. Senate (Special),,Democrat,Raphael Warnock,598
Clayton,Riverdale 12,U.S. Senate (Special),,Republican,Kelly Loeffler (I),326
Clayton,Riverdale 12,U.S. Senate (Special),,Democrat,Raphael Warnock,805
Clay,Bluffton,U.S. Senate,,Republican,David A. Perdue (I),30
Clay,Bluffton,U.S. Senate,,Democrat,Jon Ossoff,27
Clay,Zetto,U.S. Senate,,Republican,David A. Perdue (I),52
Clay,Zetto,U.S. Senate,,Democrat,Jon Ossoff,53
Clay,Court House,U.S. Senate,,Republican,David A. Perdue (I),67
Clay,Court House,U.S. Senate,,Democrat,Jon Ossoff,66
Clay,Old Head Start,U.S. Senate,,Republican,David A. Perdue (I),41
Clay,Old Head Start,U.S. Senate,,Democrat,Jon Ossoff,64
Clay,Days Cross Road,U.S. Senate,,Republican,David A. Perdue (I),31
Clay,Days Cross Road,U.S. Senate,,Democrat,Jon Ossoff,48
Clay,Bluffton,U.S. Senate (Special),,Republican,Kelly Loeffler (I),30
Clay,Bluffton,U.S. Senate (Special),,Democrat,Raphael Warnock,28
Clay,Zetto,U.S. Senate (Special),,Republican,Kelly Loeffler (I),52
Clay,Zetto,U.S. Senate (Special),,Democrat,Raphael Warnock,52
Clay,Court House,U.S. Senate (Special),,Republican,Kelly Loeffler (I),66
Clay,Court House,U.S. Senate (Special),,Democrat,Raphael Warnock,66
Clay,Old Head Start,U.S. Senate (Special),,Republican,Kelly Loeffler (I),42
Clay,Old Head Start,U.S. Senate (Special),,Democrat,Raphael Warnock,64
Clay,Days Cross Road,U.S. Senate (Special),,Republican,Kelly Loeffler (I),31
Clay,Days Cross Road,U.S. Senate (Special),,Democrat,Raphael Warnock,48
Clinch,Arabia,U.S. Senate,,Republican,David A. Perdue (I),3
Clinch,Arabia,U.S. Senate,,Democrat,Jon Ossoff,4
Clinch,Argyle,U.S. Senate,,Republican,David A. Perdue (I),13
Clinch,Argyle,U.S. Senate,,Democrat,Jon Ossoff,14
Clinch,Dupont,U.S. Senate,,Republican,David A. Perdue (I),27
Clinch,Dupont,U.S. Senate,,Democrat,Jon Ossoff,12
Clinch,Fargo,U.S. Senate,,Republican,David A. Perdue (I),7
Clinch,Fargo,U.S. Senate,,Democrat,Jon Ossoff,8
Clinch,Homerville,U.S. Senate,,Republican,David A. Perdue (I),152
Clinch,Homerville,U.S. Senate,,Democrat,Jon Ossoff,264
Clinch,Arabia,U.S. Senate (Special),,Republican,Kelly Loeffler (I),3
Clinch,Arabia,U.S. Senate (Special),,Democrat,Raphael Warnock,4
Clinch,Argyle,U.S. Senate (Special),,Republican,Kelly Loeffler (I),11
Clinch,Argyle,U.S. Senate (Special),,Democrat,Raphael Warnock,14
Clinch,Dupont,U.S. Senate (Special),,Republican,Kelly Loeffler (I),26
Clinch,Dupont,U.S. Senate (Special),,Democrat,Raphael Warnock,12
Clinch,Fargo,U.S. Senate (Special),,Republican,Kelly Loeffler (I),8
Clinch,Fargo,U.S. Senate (Special),,Democrat,Raphael Warnock,8
Clinch,Homerville,U.S. Senate (Special),,Republican,Kelly Loeffler (I),158
Clinch,Homerville,U.S. Senate (Special),,Democrat,Raphael Warnock,263
Cobb,Acworth 1A,U.S. Senate,,Republican,David A. Perdue (I),366
Cobb,Acworth 1A,U.S. Senate,,Democrat,Jon Ossoff,644
Cobb,Acworth 1B,U.S. Senate,,Republican,David A. Perdue (I),411
Cobb,Acworth 1B,U.S. Senate,,Democrat,Jon Ossoff,439
Cobb,Acworth 1C,U.S. Senate,,Republican,David A. Perdue (I),547
Cobb,Acworth 1C,U.S. Senate,,Democrat,Jon Ossoff,744
Cobb,Addison 01,U.S. Senate,,Republican,David A. Perdue (I),233
Cobb,Addison 01,U.S. Senate,,Democrat,Jon Ossoff,223
Cobb,Austell 1A,U.S. Senate,,Republican,David A. Perdue (I),568
Cobb,Austell 1A,U.S. Senate,,Democrat,Jon Ossoff,1080
Cobb,Bells Ferry 02,U.S. Senate,,Republican,David A. Perdue (I),268
Cobb,Bells Ferry 02,U.S. Senate,,Democrat,Jon Ossoff,256
Cobb,Bells Ferry 03,U.S. Senate,,Republican,David A. Perdue (I),240
Cobb,Bells Ferry 03,U.S. Senate,,Democrat,Jon Ossoff,210
Cobb,Bells Ferry 04,U.S. Senate,,Republican,David A. Perdue (I),340
Cobb,Bells Ferry 04,U.S. Senate,,Democrat,Jon Ossoff,279
Cobb,Big Shanty 01,U.S. Senate,,Republican,David A. Perdue (I),184
Cobb,Big Shanty 01,U.S. Senate,,Democrat,Jon Ossoff,191
Cobb,Big Shanty 02,U.S. Senate,,Republican,David A. Perdue (I),318
Cobb,Big Shanty 02,U.S. Senate,,Democrat,Jon Ossoff,323
Cobb,Baker 01,U.S. Senate,,Republican,David A. Perdue (I),524
Cobb,Baker 01,U.S. Senate,,Democrat,Jon Ossoff,666
Cobb,Birney 01,U.S. Senate,,Republican,David A. Perdue (I),286
Cobb,Birney 01,U.S. Senate,,Democrat,Jon Ossoff,350
Cobb,Birney 02,U.S. Senate,,Republican,David A. Perdue (I),316
Cobb,Birney 02,U.S. Senate,,Democrat,Jon Ossoff,684
Cobb,Bryant 01,U.S. Senate,,Republican,David A. Perdue (I),253
Cobb,Bryant 01,U.S. Senate,,Democrat,Jon Ossoff,623
Cobb,Bryant 02,U.S. Senate,,Republican,David A. Perdue (I),588
Cobb,Bryant 02,U.S. Senate,,Democrat,Jon Ossoff,1309
Cobb,Blackwell 01,U.S. Senate,,Republican,David A. Perdue (I),270
Cobb,Blackwell 01,U.S. Senate,,Democrat,Jon Ossoff,260
Cobb,Chattahoochee 01,U.S. Senate,,Republican,David A. Perdue (I),738
Cobb,Chattahoochee 01,U.S. Senate,,Democrat,Jon Ossoff,888
Cobb,Cheatham Hill 02,U.S. Senate,,Republican,David A. Perdue (I),202
Cobb,Cheatham Hill 02,U.S. Senate,,Democrat,Jon Ossoff,304
Cobb,Cheatham Hill 03,U.S. Senate,,Republican,David A. Perdue (I),295
Cobb,Cheatham Hill 03,U.S. Senate,,Democrat,Jon Ossoff,552
Cobb,Chalker 01,U.S. Senate,,Republican,David A. Perdue (I),663
Cobb,Chalker 01,U.S. Senate,,Democrat,Jon Ossoff,652
Cobb,Clarkdale 01,U.S. Senate,,Republican,David A. Perdue (I),177
Cobb,Clarkdale 01,U.S. Senate,,Democrat,Jon Ossoff,271
Cobb,Clarkdale 02,U.S. Senate,,Republican,David A. Perdue (I),586
Cobb,Clarkdale 02,U.S. Senate,,Democrat,Jon Ossoff,1081
Cobb,Cooper 01,U.S. Senate,,Republican,David A. Perdue (I),544
Cobb,Cooper 01,U.S. Senate,,Democrat,Jon Ossoff,1009
Cobb,Chestnut Ridge 01,U.S. Senate,,Republican,David A. Perdue (I),277
Cobb,Chestnut Ridge 01,U.S. Senate,,Democrat,Jon Ossoff,237
Cobb,Dickerson 01,U.S. Senate,,Republican,David A. Perdue (I),182
Cobb,Dickerson 01,U.S. Senate,,Democrat,Jon Ossoff,247
Cobb,Dobbins 01,U.S. Senate,,Republican,David A. Perdue (I),308
Cobb,Dobbins 01,U.S. Senate,,Democrat,Jon Ossoff,258
Cobb,Dobbins 02,U.S. Senate,,Republican,David A. Perdue (I),508
Cobb,Dobbins 02,U.S. Senate,,Democrat,Jon Ossoff,514
Cobb,Dowell 01,U.S. Senate,,Republican,David A. Perdue (I),271
Cobb,Dowell 01,U.S. Senate,,Democrat,Jon Ossoff,435
Cobb,Dodgen 01,U.S. Senate,,Republican,David A. Perdue (I),152
Cobb,Dodgen 01,U.S. Senate,,Democrat,Jon Ossoff,206
Cobb,Durham 01,U.S. Senate,,Republican,David A. Perdue (I),248
Cobb,Durham 01,U.S. Senate,,Democrat,Jon Ossoff,353
Cobb,Davis 01,U.S. Senate,,Republican,David A. Perdue (I),203
Cobb,Davis 01,U.S. Senate,,Democrat,Jon Ossoff,173
Cobb,Eastside 01,U.S. Senate,,Republican,David A. Perdue (I),199
Cobb,Eastside 01,U.S. Senate,,Democrat,Jon Ossoff,265
Cobb,Eastside 02,U.S. Senate,,Republican,David A. Perdue (I),242
Cobb,Eastside 02,U.S. Senate,,Democrat,Jon Ossoff,355
Cobb,Elizabeth 01,U.S. Senate,,Republican,David A. Perdue (I),465
Cobb,Elizabeth 01,U.S. Senate,,Democrat,Jon Ossoff,508
Cobb,Elizabeth 02,U.S. Senate,,Republican,David A. Perdue (I),196
Cobb,Elizabeth 02,U.S. Senate,,Democrat,Jon Ossoff,185
Cobb,Elizabeth 03,U.S. Senate,,Republican,David A. Perdue (I),221
Cobb,Elizabeth 03,U.S. Senate,,Democrat,Jon Ossoff,220
Cobb,Elizabeth 04,U.S. Senate,,Republican,David A. Perdue (I),379
Cobb,Elizabeth 04,U.S. Senate,,Democrat,Jon Ossoff,329
Cobb,Elizabeth 05,U.S. Senate,,Republican,David A. Perdue (I),250
Cobb,Elizabeth 05,U.S. Senate,,Democrat,Jon Ossoff,280
Cobb,East Piedmont 01,U.S. Senate,,Republican,David A. Perdue (I),294
Cobb,East Piedmont 01,U.S. Senate,,Democrat,Jon Ossoff,254
Cobb,Fair Oaks 02,U.S. Senate,,Republican,David A. Perdue (I),612
Cobb,Fair Oaks 02,U.S. Senate,,Democrat,Jon Ossoff,801
Cobb,Fair Oaks 04,U.S. Senate,,Republican,David A. Perdue (I),596
Cobb,Fair Oaks 04,U.S. Senate,,Democrat,Jon Ossoff,419
Cobb,Fullers Park 01,U.S. Senate,,Republican,David A. Perdue (I),234
Cobb,Fullers Park 01,U.S. Senate,,Democrat,Jon Ossoff,321
Cobb,Ford 01,U.S. Senate,,Republican,David A. Perdue (I),185
Cobb,Ford 01,U.S. Senate,,Democrat,Jon Ossoff,266
Cobb,Frey 01,U.S. Senate,,Republican,David A. Perdue (I),141
Cobb,Frey 01,U.S. Senate,,Democrat,Jon Ossoff,244
Cobb,Garrison Mill 01,U.S. Senate,,Republican,David A. Perdue (I),241
Cobb,Garrison Mill 01,U.S. Senate,,Democrat,Jon Ossoff,259
Cobb,Gritters 01,U.S. Senate,,Republican,David A. Perdue (I),371
Cobb,Gritters 01,U.S. Senate,,Democrat,Jon Ossoff,312
Cobb,Harmony-Leland 01,U.S. Senate,,Republican,David A. Perdue (I),551
Cobb,Harmony-Leland 01,U.S. Senate,,Democrat,Jon Ossoff,1740
Cobb,Harrison 01,U.S. Senate,,Republican,David A. Perdue (I),180
Cobb,Harrison 01,U.S. Senate,,Democrat,Jon Ossoff,233
Cobb,Hightower 01,U.S. Senate,,Republican,David A. Perdue (I),258
Cobb,Hightower 01,U.S. Senate,,Democrat,Jon Ossoff,378
Cobb,Hayes 01,U.S. Senate,,Republican,David A. Perdue (I),217
Cobb,Hayes 01,U.S. Senate,,Democrat,Jon Ossoff,367
Cobb,Kennesaw 1A,U.S. Senate,,Republican,David A. Perdue (I),254
Cobb,Kennesaw 1A,U.S. Senate,,Democrat,Jon Ossoff,251
Cobb,Kennesaw 2A,U.S. Senate,,Republican,David A. Perdue (I),356
Cobb,Kennesaw 2A,U.S. Senate,,Democrat,Jon Ossoff,386
Cobb,Kennesaw 3A,U.S. Senate,,Republican,David A. Perdue (I),667
Cobb,Kennesaw 3A,U.S. Senate,,Democrat,Jon Ossoff,793
Cobb,Kennesaw 4A,U.S. Senate,,Republican,David A. Perdue (I),337
Cobb,Kennesaw 4A,U.S. Senate,,Democrat,Jon Ossoff,410
Cobb,Kennesaw 5A,U.S. Senate,,Republican,David A. Perdue (I),638
Cobb,Kennesaw 5A,U.S. Senate,,Democrat,Jon Ossoff,788
Cobb,Kell 01,U.S. Senate,,Republican,David A. Perdue (I),202
Cobb,Kell 01,U.S. Senate,,Democrat,Jon Ossoff,125
Cobb,Kemp 01,U.S. Senate,,Republican,David A. Perdue (I),105
Cobb,Kemp 01,U.S. Senate,,Democrat,Jon Ossoff,150
Cobb,Kemp 02,U.S. Senate,,Republican,David A. Perdue (I),265
Cobb,Kemp 02,U.S. Senate,,Democrat,Jon Ossoff,436
Cobb,Kemp 03,U.S. Senate,,Republican,David A. Perdue (I),227
Cobb,Kemp 03,U.S. Senate,,Democrat,Jon Ossoff,319
Cobb,Lassiter 01,U.S. Senate,,Republican,David A. Perdue (I),245
Cobb,Lassiter 01,U.S. Senate,,Democrat,Jon Ossoff,348
Cobb,Lindley 01,U.S. Senate,,Republican,David A. Perdue (I),419
Cobb,Lindley 01,U.S. Senate,,Democrat,Jon Ossoff,1305
Cobb,Lost Mountain 01,U.S. Senate,,Republican,David A. Perdue (I),173
Cobb,Lost Mountain 01,U.S. Senate,,Democrat,Jon Ossoff,492
Cobb,Lost Mountain 02,U.S. Senate,,Republican,David A. Perdue (I),232
Cobb,Lost Mountain 02,U.S. Senate,,Democrat,Jon Ossoff,309
Cobb,Lost Mountain 03,U.S. Senate,,Republican,David A. Perdue (I),293
Cobb,Lost Mountain 03,U.S. Senate,,Democrat,Jon Ossoff,688
Cobb,Lost Mountain 04,U.S. Senate,,Republican,David A. Perdue (I),150
Cobb,Lost Mountain 04,U.S. Senate,,Democrat,Jon Ossoff,252
Cobb,Mableton 01,U.S. Senate,,Republican,David A. Perdue (I),466
Cobb,Mableton 01,U.S. Senate,,Democrat,Jon Ossoff,944
Cobb,Mableton 02,U.S. Senate,,Republican,David A. Perdue (I),336
Cobb,Mableton 02,U.S. Senate,,Democrat,Jon Ossoff,485
Cobb,Mableton 03,U.S. Senate,,Republican,David A. Perdue (I),282
Cobb,Mableton 03,U.S. Senate,,Democrat,Jon Ossoff,402
Cobb,Mableton 04,U.S. Senate,,Republican,David A. Perdue (I),123
Cobb,Mableton 04,U.S. Senate,,Democrat,Jon Ossoff,221
Cobb,Mabry 01,U.S. Senate,,Republican,David A. Perdue (I),139
Cobb,Mabry 01,U.S. Senate,,Democrat,Jon Ossoff,132
Cobb,Macland 01,U.S. Senate,,Republican,David A. Perdue (I),428
Cobb,Macland 01,U.S. Senate,,Democrat,Jon Ossoff,927
Cobb,Murdock 01,U.S. Senate,,Republican,David A. Perdue (I),338
Cobb,Murdock 01,U.S. Senate,,Democrat,Jon Ossoff,344
Cobb,McEachern 01,U.S. Senate,,Republican,David A. Perdue (I),235
Cobb,McEachern 01,U.S. Senate,,Democrat,Jon Ossoff,704
Cobb,McCleskey 01,U.S. Senate,,Republican,David A. Perdue (I),128
Cobb,McCleskey 01,U.S. Senate,,Democrat,Jon Ossoff,145
Cobb,McClure 01,U.S. Senate,,Republican,David A. Perdue (I),232
Cobb,McClure 01,U.S. Senate,,Democrat,Jon Ossoff,236
Cobb,Marietta 1A,U.S. Senate,,Republican,David A. Perdue (I),428
Cobb,Marietta 1A,U.S. Senate,,Democrat,Jon Ossoff,462
Cobb,Marietta 2A,U.S. Senate,,Republican,David A. Perdue (I),186
Cobb,Marietta 2A,U.S. Senate,,Democrat,Jon Ossoff,197
Cobb,Marietta 2B,U.S. Senate,,Republican,David A. Perdue (I),485
Cobb,Marietta 2B,U.S. Senate,,Democrat,Jon Ossoff,589
Cobb,Marietta 3A,U.S. Senate,,Republican,David A. Perdue (I),358
Cobb,Marietta 3A,U.S. Senate,,Democrat,Jon Ossoff,464
Cobb,Marietta 3B,U.S. Senate,,Republican,David A. Perdue (I),238
Cobb,Marietta 3B,U.S. Senate,,Democrat,Jon Ossoff,358
Cobb,Marietta 4A,U.S. Senate,,Republican,David A. Perdue (I),139
Cobb,Marietta 4A,U.S. Senate,,Democrat,Jon Ossoff,106
Cobb,Marietta 4B,U.S. Senate,,Republican,David A. Perdue (I),200
Cobb,Marietta 4B,U.S. Senate,,Democrat,Jon Ossoff,230
Cobb,Marietta 4C,U.S. Senate,,Republican,David A. Perdue (I),168
Cobb,Marietta 4C,U.S. Senate,,Democrat,Jon Ossoff,249
Cobb,Marietta 5A,U.S. Senate,,Republican,David A. Perdue (I),361
Cobb,Marietta 5A,U.S. Senate,,Democrat,Jon Ossoff,406
Cobb,Marietta 5B,U.S. Senate,,Republican,David A. Perdue (I),378
Cobb,Marietta 5B,U.S. Senate,,Democrat,Jon Ossoff,339
Cobb,Marietta 6A,U.S. Senate,,Republican,David A. Perdue (I),329
Cobb,Marietta 6A,U.S. Senate,,Democrat,Jon Ossoff,353
Cobb,Marietta 6B,U.S. Senate,,Republican,David A. Perdue (I),291
Cobb,Marietta 6B,U.S. Senate,,Democrat,Jon Ossoff,320
Cobb,Marietta 7A,U.S. Senate,,Republican,David A. Perdue (I),385
Cobb,Marietta 7A,U.S. Senate,,Democrat,Jon Ossoff,466
Cobb,Mars Hill 01,U.S. Senate,,Republican,David A. Perdue (I),197
Cobb,Mars Hill 01,U.S. Senate,,Democrat,Jon Ossoff,173
Cobb,Mars Hill 02,U.S. Senate,,Republican,David A. Perdue (I),238
Cobb,Mars Hill 02,U.S. Senate,,Democrat,Jon Ossoff,242
Cobb,Mt Bethel 01,U.S. Senate,,Republican,David A. Perdue (I),227
Cobb,Mt Bethel 01,U.S. Senate,,Democrat,Jon Ossoff,349
Cobb,Mt Bethel 03,U.S. Senate,,Republican,David A. Perdue (I),207
Cobb,Mt Bethel 03,U.S. Senate,,Democrat,Jon Ossoff,306
Cobb,Mt Bethel 04,U.S. Senate,,Republican,David A. Perdue (I),164
Cobb,Mt Bethel 04,U.S. Senate,,Democrat,Jon Ossoff,234
Cobb,North Cobb 01,U.S. Senate,,Republican,David A. Perdue (I),209
Cobb,North Cobb 01,U.S. Senate,,Democrat,Jon Ossoff,287
Cobb,Nickajack 01,U.S. Senate,,Republican,David A. Perdue (I),513
Cobb,Nickajack 01,U.S. Senate,,Democrat,Jon Ossoff,1013
Cobb,Norton Park 01,U.S. Senate,,Republican,David A. Perdue (I),516
Cobb,Norton Park 01,U.S. Senate,,Democrat,Jon Ossoff,528
Cobb,Nicholson 01,U.S. Senate,,Republican,David A. Perdue (I),218
Cobb,Nicholson 01,U.S. Senate,,Democrat,Jon Ossoff,178
Cobb,Oakdale 01,U.S. Senate,,Republican,David A. Perdue (I),374
Cobb,Oakdale 01,U.S. Senate,,Democrat,Jon Ossoff,526
Cobb,Oregon 01,U.S. Senate,,Republican,David A. Perdue (I),157
Cobb,Oregon 01,U.S. Senate,,Democrat,Jon Ossoff,162
Cobb,Oregon 02,U.S. Senate,,Republican,David A. Perdue (I),582
Cobb,Oregon 02,U.S. Senate,,Democrat,Jon Ossoff,961
Cobb,Oregon 03,U.S. Senate,,Republican,David A. Perdue (I),566
Cobb,Oregon 03,U.S. Senate,,Democrat,Jon Ossoff,689
Cobb,Oregon 04,U.S. Senate,,Republican,David A. Perdue (I),498
Cobb,Oregon 04,U.S. Senate,,Democrat,Jon Ossoff,722
Cobb,Oregon 05,U.S. Senate,,Republican,David A. Perdue (I),312
Cobb,Oregon 05,U.S. Senate,,Democrat,Jon Ossoff,740
Cobb,Pebblebrook 01,U.S. Senate,,Republican,David A. Perdue (I),585
Cobb,Pebblebrook 01,U.S. Senate,,Democrat,Jon Ossoff,1089
Cobb,Powers Ferry 01,U.S. Senate,,Republican,David A. Perdue (I),323
Cobb,Powers Ferry 01,U.S. Senate,,Democrat,Jon Ossoff,322
Cobb,Pine Mountain 01,U.S. Senate,,Republican,David A. Perdue (I),218
Cobb,Pine Mountain 01,U.S. Senate,,Democrat,Jon Ossoff,305
Cobb,Pine Mountain 02,U.S. Senate,,Republican,David A. Perdue (I),155
Cobb,Pine Mountain 02,U.S. Senate,,Democrat,Jon Ossoff,230
Cobb,Post Oak 01,U.S. Senate,,Republican,David A. Perdue (I),254
Cobb,Post Oak 01,U.S. Senate,,Democrat,Jon Ossoff,293
Cobb,Pope 01,U.S. Senate,,Republican,David A. Perdue (I),219
Cobb,Pope 01,U.S. Senate,,Democrat,Jon Ossoff,268
Cobb,Palmer 01,U.S. Senate,,Republican,David A. Perdue (I),223
Cobb,Palmer 01,U.S. Senate,,Democrat,Jon Ossoff,220
Cobb,Powders Springs 1A,U.S. Senate,,Republican,David A. Perdue (I),369
Cobb,Powders Springs 1A,U.S. Senate,,Democrat,Jon Ossoff,1140
Cobb,Powders Springs 2A,U.S. Senate,,Republican,David A. Perdue (I),371
Cobb,Powders Springs 2A,U.S. Senate,,Democrat,Jon Ossoff,767
Cobb,Powders Springs 3A,U.S. Senate,,Republican,David A. Perdue (I),435
Cobb,Powders Springs 3A,U.S. Senate,,Democrat,Jon Ossoff,892
Cobb,Pitner 01,U.S. Senate,,Republican,David A. Perdue (I),284
Cobb,Pitner 01,U.S. Senate,,Democrat,Jon Ossoff,255
Cobb,Rocky Mount 01,U.S. Senate,,Republican,David A. Perdue (I),301
Cobb,Rocky Mount 01,U.S. Senate,,Democrat,Jon Ossoff,247
Cobb,Riverside 01,U.S. Senate,,Republican,David A. Perdue (I),253
Cobb,Riverside 01,U.S. Senate,,Democrat,Jon Ossoff,374
Cobb,Roswell 01,U.S. Senate,,Republican,David A. Perdue (I),357
Cobb,Roswell 01,U.S. Senate,,Democrat,Jon Ossoff,430
Cobb,Roswell 02,U.S. Senate,,Republican,David A. Perdue (I),266
Cobb,Roswell 02,U.S. Senate,,Democrat,Jon Ossoff,325
Cobb,Sandy Plains 01,U.S. Senate,,Republican,David A. Perdue (I),271
Cobb,Sandy Plains 01,U.S. Senate,,Democrat,Jon Ossoff,282
Cobb,Shallowford Falls 01,U.S. Senate,,Republican,David A. Perdue (I),231
Cobb,Shallowford Falls 01,U.S. Senate,,Democrat,Jon Ossoff,307
Cobb,Simpson 01,U.S. Senate,,Republican,David A. Perdue (I),141
Cobb,Simpson 01,U.S. Senate,,Democrat,Jon Ossoff,209
Cobb,Sewell Mill 01,U.S. Senate,,Republican,David A. Perdue (I),313
Cobb,Sewell Mill 01,U.S. Senate,,Democrat,Jon Ossoff,339
Cobb,Sewell Mill 03,U.S. Senate,,Republican,David A. Perdue (I),421
Cobb,Sewell Mill 03,U.S. Senate,,Democrat,Jon Ossoff,526
Cobb,Smyrna 1A,U.S. Senate,,Republican,David A. Perdue (I),557
Cobb,Smyrna 1A,U.S. Senate,,Democrat,Jon Ossoff,523
Cobb,Smyrna 2A,U.S. Senate,,Republican,David A. Perdue (I),629
Cobb,Smyrna 2A,U.S. Senate,,Democrat,Jon Ossoff,884
Cobb,Smyrna 3A,U.S. Senate,,Republican,David A. Perdue (I),492
Cobb,Smyrna 3A,U.S. Senate,,Democrat,Jon Ossoff,610
Cobb,Smyrna 3B,U.S. Senate,,Republican,David A. Perdue (I),269
Cobb,Smyrna 3B,U.S. Senate,,Democrat,Jon Ossoff,336
Cobb,Smyrna 4A,U.S. Senate,,Republican,David A. Perdue (I),486
Cobb,Smyrna 4A,U.S. Senate,,Democrat,Jon Ossoff,814
Cobb,Smyrna 5A,U.S. Senate,,Republican,David A. Perdue (I),565
Cobb,Smyrna 5A,U.S. Senate,,Democrat,Jon Ossoff,510
Cobb,Smyrna 6A,U.S. Senate,,Republican,David A. Perdue (I),542
Cobb,Smyrna 6A,U.S. Senate,,Democrat,Jon Ossoff,799
Cobb,Smyrna 7A,U.S. Senate,,Republican,David A. Perdue (I),475
Cobb,Smyrna 7A,U.S. Senate,,Democrat,Jon Ossoff,1527
Cobb,Sope Creek 01,U.S. Senate,,Republican,David A. Perdue (I),175
Cobb,Sope Creek 01,U.S. Senate,,Democrat,Jon Ossoff,159
Cobb,Sope Creek 02,U.S. Senate,,Republican,David A. Perdue (I),351
Cobb,Sope Creek 02,U.S. Senate,,Democrat,Jon Ossoff,498
Cobb,Sope Creek 03,U.S. Senate,,Republican,David A. Perdue (I),218
Cobb,Sope Creek 03,U.S. Senate,,Democrat,Jon Ossoff,257
Cobb,Sweetwater 01,U.S. Senate,,Republican,David A. Perdue (I),290
Cobb,Sweetwater 01,U.S. Senate,,Democrat,Jon Ossoff,638
Cobb,Sweetwater 02,U.S. Senate,,Republican,David A. Perdue (I),373
Cobb,Sweetwater 02,U.S. Senate,,Democrat,Jon Ossoff,425
Cobb,Terrell Mill 01,U.S. Senate,,Republican,David A. Perdue (I),623
Cobb,Terrell Mill 01,U.S. Senate,,Democrat,Jon Ossoff,713
Cobb,Timber Ridge 01,U.S. Senate,,Republican,David A. Perdue (I),162
Cobb,Timber Ridge 01,U.S. Senate,,Democrat,Jon Ossoff,224
Cobb,Vaughan 01,U.S. Senate,,Republican,David A. Perdue (I),237
Cobb,Vaughan 01,U.S. Senate,,Democrat,Jon Ossoff,247
Cobb,Vinings 01,U.S. Senate,,Republican,David A. Perdue (I),384
Cobb,Vinings 01,U.S. Senate,,Democrat,Jon Ossoff,443
Cobb,Vinings 02,U.S. Senate,,Republican,David A. Perdue (I),669
Cobb,Vinings 02,U.S. Senate,,Democrat,Jon Ossoff,839
Cobb,Vinings 03,U.S. Senate,,Republican,David A. Perdue (I),406
Cobb,Vinings 03,U.S. Senate,,Democrat,Jon Ossoff,707
Cobb,Vinings 04,U.S. Senate,,Republican,David A. Perdue (I),346
Cobb,Vinings 04,U.S. Senate,,Democrat,Jon Ossoff,328
Cobb,Wade Green 02,U.S. Senate,,Republican,David A. Perdue (I),410
Cobb,Wade Green 02,U.S. Senate,,Democrat,Jon Ossoff,601
Cobb,Willeo 01,U.S. Senate,,Republican,David A. Perdue (I),234
Cobb,Willeo 01,U.S. Senate,,Democrat,Jon Ossoff,213
Cobb,Acworth 1A,U.S. Senate (Special),,Republican,Kelly Loeffler (I),377
Cobb,Acworth 1A,U.S. Senate (Special),,Democrat,Raphael Warnock,651
Cobb,Acworth 1B,U.S. Senate (Special),,Republican,Kelly Loeffler (I),416
Cobb,Acworth 1B,U.S. Senate (Special),,Democrat,Raphael Warnock,444
Cobb,Acworth 1C,U.S. Senate (Special),,Republican,Kelly Loeffler (I),554
Cobb,Acworth 1C,U.S. Senate (Special),,Democrat,Raphael Warnock,747
Cobb,Addison 01,U.S. Senate (Special),,Republican,Kelly Loeffler (I),234
Cobb,Addison 01,U.S. Senate (Special),,Democrat,Raphael Warnock,221
Cobb,Austell 1A,U.S. Senate (Special),,Republican,Kelly Loeffler (I),571
Cobb,Austell 1A,U.S. Senate (Special),,Democrat,Raphael Warnock,1083
Cobb,Bells Ferry 02,U.S. Senate (Special),,Republican,Kelly Loeffler (I),268
Cobb,Bells Ferry 02,U.S. Senate (Special),,Democrat,Raphael Warnock,260
Cobb,Bells Ferry 03,U.S. Senate (Special),,Republican,Kelly Loeffler (I),244
Cobb,Bells Ferry 03,U.S. Senate (Special),,Democrat,Raphael Warnock,210
Cobb,Bells Ferry 04,U.S. Senate (Special),,Republican,Kelly Loeffler (I),351
Cobb,Bells Ferry 04,U.S. Senate (Special),,Democrat,Raphael Warnock,282
Cobb,Big Shanty 01,U.S. Senate (Special),,Republican,Kelly Loeffler (I),184
Cobb,Big Shanty 01,U.S. Senate (Special),,Democrat,Raphael Warnock,192
Cobb,Big Shanty 02,U.S. Senate (Special),,Republican,Kelly Loeffler (I),328
Cobb,Big Shanty 02,U.S. Senate (Special),,Democrat,Raphael Warnock,331
Cobb,Baker 01,U.S. Senate (Special),,Republican,Kelly Loeffler (I),535
Cobb,Baker 01,U.S. Senate (Special),,Democrat,Raphael Warnock,671
Cobb,Birney 01,U.S. Senate (Special),,Republican,Kelly Loeffler (I),287
Cobb,Birney 01,U.S. Senate (Special),,Democrat,Raphael Warnock,351
Cobb,Birney 02,U.S. Senate (Special),,Republican,Kelly Loeffler (I),319
Cobb,Birney 02,U.S. Senate (Special),,Democrat,Raphael Warnock,685
Cobb,Bryant 01,U.S. Senate (Special),,Republican,Kelly Loeffler (I),255
Cobb,Bryant 01,U.S. Senate (Special),,Democrat,Raphael Warnock,623
Cobb,Bryant 02,U.S. Senate (Special),,Republican,Kelly Loeffler (I),591
Cobb,Bryant 02,U.S. Senate (Special),,Democrat,Raphael Warnock,1312
Cobb,Blackwell 01,U.S. Senate (Special),,Republican,Kelly Loeffler (I),272
Cobb,Blackwell 01,U.S. Senate (Special),,Democrat,Raphael Warnock,260
Cobb,Chattahoochee 01,U.S. Senate (Special),,Republican,Kelly Loeffler (I),740
Cobb,Chattahoochee 01,U.S. Senate (Special),,Democrat,Raphael Warnock,891
Cobb,Cheatham Hill 02,U.S. Senate (Special),,Republican,Kelly Loeffler (I),213
Cobb,Cheatham Hill 02,U.S. Senate (Special),,Democrat,Raphael Warnock,304
Cobb,Cheatham Hill 03,U.S. Senate (Special),,Republican,Kelly Loeffler (I),317
Cobb,Cheatham Hill 03,U.S. Senate (Special),,Democrat,Raphael Warnock,554
Cobb,Chalker 01,U.S. Senate (Special),,Republican,Kelly Loeffler (I),670
Cobb,Chalker 01,U.S. Senate (Special),,Democrat,Raphael Warnock,651
Cobb,Clarkdale 01,U.S. Senate (Special),,Republican,Kelly Loeffler (I),175
Cobb,Clarkdale 01,U.S. Senate (Special),,Democrat,Raphael Warnock,275
Cobb,Clarkdale 02,U.S. Senate (Special),,Republican,Kelly Loeffler (I),587
Cobb,Clarkdale 02,U.S. Senate (Special),,Democrat,Raphael Warnock,1082
Cobb,Cooper 01,U.S. Senate (Special),,Republican,Kelly Loeffler (I),546
Cobb,Cooper 01,U.S. Senate (Special),,Democrat,Raphael Warnock,1009
Cobb,Chestnut Ridge 01,U.S. Senate (Special),,Republican,Kelly Loeffler (I),285
Cobb,Chestnut Ridge 01,U.S. Senate (Special),,Democrat,Raphael Warnock,244
Cobb,Dickerson 01,U.S. Senate (Special),,Republican,Kelly Loeffler (I),198
Cobb,Dickerson 01,U.S. Senate (Special),,Democrat,Raphael Warnock,250
Cobb,Dobbins 01,U.S. Senate (Special),,Republican,Kelly Loeffler (I),311
Cobb,Dobbins 01,U.S. Senate (Special),,Democrat,Raphael Warnock,259
Cobb,Dobbins 02,U.S. Senate (Special),,Republican,Kelly Loeffler (I),512
Cobb,Dobbins 02,U.S. Senate (Special),,Democrat,Raphael Warnock,517
Cobb,Dowell 01,U.S. Senate (Special),,Republican,Kelly Loeffler (I),288
Cobb,Dowell 01,U.S. Senate (Special),,Democrat,Raphael Warnock,435
Cobb,Dodgen 01,U.S. Senate (Special),,Republican,Kelly Loeffler (I),160
Cobb,Dodgen 01,U.S. Senate (Special),,Democrat,Raphael Warnock,210
Cobb,Durham 01,U.S. Senate (Special),,Republican,Kelly Loeffler (I),260
Cobb,Durham 01,U.S. Senate (Special),,Democrat,Raphael Warnock,356
Cobb,Davis 01,U.S. Senate (Special),,Republican,Kelly Loeffler (I),214
Cobb,Davis 01,U.S. Senate (Special),,Democrat,Raphael Warnock,172
Cobb,Eastside 01,U.S. Senate (Special),,Republican,Kelly Loeffler (I),206
Cobb,Eastside 01,U.S. Senate (Special),,Democrat,Raphael Warnock,263
Cobb,Eastside 02,U.S. Senate (Special),,Republican,Kelly Loeffler (I),256
Cobb,Eastside 02,U.S. Senate (Special),,Democrat,Raphael Warnock,360
Cobb,Elizabeth 01,U.S. Senate (Special),,Republican,Kelly Loeffler (I),472
Cobb,Elizabeth 01,U.S. Senate (Special),,Democrat,Raphael Warnock,513
Cobb,Elizabeth 02,U.S. Senate (Special),,Republican,Kelly Loeffler (I),199
Cobb,Elizabeth 02,U.S. Senate (Special),,Democrat,Raphael Warnock,186
Cobb,Elizabeth 03,U.S. Senate (Special),,Republican,Kelly Loeffler (I),237
Cobb,Elizabeth 03,U.S. Senate (Special),,Democrat,Raphael Warnock,223
Cobb,Elizabeth 04,U.S. Senate (Special),,Republican,Kelly Loeffler (I),385
Cobb,Elizabeth 04,U.S. Senate (Special),,Democrat,Raphael Warnock,332
Cobb,Elizabeth 05,U.S. Senate (Special),,Republican,Kelly Loeffler (I),258
Cobb,Elizabeth 05,U.S. Senate (Special),,Democrat,Raphael Warnock,285
Cobb,East Piedmont 01,U.S. Senate (Special),,Republican,Kelly Loeffler (I),305
Cobb,East Piedmont 01,U.S. Senate (Special),,Democrat,Raphael Warnock,258
Cobb,Fair Oaks 02,U.S. Senate (Special),,Republican,Kelly Loeffler (I),614
Cobb,Fair Oaks 02,U.S. Senate (Special),,Democrat,Raphael Warnock,800
Cobb,Fair Oaks 04,U.S. Senate (Special),,Republican,Kelly Loeffler (I),597
Cobb,Fair Oaks 04,U.S. Senate (Special),,Democrat,Raphael Warnock,424
Cobb,Fullers Park 01,U.S. Senate (Special),,Republican,Kelly Loeffler (I),248
Cobb,Fullers Park 01,U.S. Senate (Special),,Democrat,Raphael Warnock,327
Cobb,Ford 01,U.S. Senate (Special),,Republican,Kelly Loeffler (I),186
Cobb,Ford 01,U.S. Senate (Special),,Democrat,Raphael Warnock,266
Cobb,Frey 01,U.S. Senate (Special),,Republican,Kelly Loeffler (I),146
Cobb,Frey 01,U.S. Senate (Special),,Democrat,Raphael Warnock,243
Cobb,Garrison Mill 01,U.S. Senate (Special),,Republican,Kelly Loeffler (I),254
Cobb,Garrison Mill 01,U.S. Senate (Special),,Democrat,Raphael Warnock,261
Cobb,Gritters 01,U.S. Senate (Special),,Republican,Kelly Loeffler (I),381
Cobb,Gritters 01,U.S. Senate (Special),,Democrat,Raphael Warnock,313
Cobb,Harmony-Leland 01,U.S. Senate (Special),,Republican,Kelly Loeffler (I),556
Cobb,Harmony-Leland 01,U.S. Senate (Special),,Democrat,Raphael Warnock,1742
Cobb,Harrison 01,U.S. Senate (Special),,Republican,Kelly Loeffler (I),197
Cobb,Harrison 01,U.S. Senate (Special),,Democrat,Raphael Warnock,236
Cobb,Hightower 01,U.S. Senate (Special),,Republican,Kelly Loeffler (I),260
Cobb,Hightower 01,U.S. Senate (Special),,Democrat,Raphael Warnock,382
Cobb,Hayes 01,U.S. Senate (Special),,Republican,Kelly Loeffler (I),231
Cobb,Hayes 01,U.S. Senate (Special),,Democrat,Raphael Warnock,374
Cobb,Kennesaw 1A,U.S. Senate (Special),,Republican,Kelly Loeffler (I),259
Cobb,Kennesaw 1A,U.S. Senate (Special),,Democrat,Raphael Warnock,253
Cobb,Kennesaw 2A,U.S. Senate (Special),,Republican,Kelly Loeffler (I),363
Cobb,Kennesaw 2A,U.S. Senate (Special),,Democrat,Raphael Warnock,391
Cobb,Kennesaw 3A,U.S. Senate (Special),,Republican,Kelly Loeffler (I),672
Cobb,Kennesaw 3A,U.S. Senate (Special),,Democrat,Raphael Warnock,795
Cobb,Kennesaw 4A,U.S. Senate (Special),,Republican,Kelly Loeffler (I),342
Cobb,Kennesaw 4A,U.S. Senate (Special),,Democrat,Raphael Warnock,413
Cobb,Kennesaw 5A,U.S. Senate (Special),,Republican,Kelly Loeffler (I),657
Cobb,Kennesaw 5A,U.S. Senate (Special),,Democrat,Raphael Warnock,796
Cobb,Kell 01,U.S. Senate (Special),,Republican,Kelly Loeffler (I),211
Cobb,Kell 01,U.S. Senate (Special),,Democrat,Raphael Warnock,126
Cobb,Kemp 01,U.S. Senate (Special),,Republican,Kelly Loeffler (I),116
Cobb,Kemp 01,U.S. Senate (Special),,Democrat,Raphael Warnock,151
Cobb,Kemp 02,U.S. Senate (Special),,Republican,Kelly Loeffler (I),271
Cobb,Kemp 02,U.S. Senate (Special),,Democrat,Raphael Warnock,439
Cobb,Kemp 03,U.S. Senate (Special),,Republican,Kelly Loeffler (I),235
Cobb,Kemp 03,U.S. Senate (Special),,Democrat,Raphael Warnock,320
Cobb,Lassiter 01,U.S. Senate (Special),,Republican,Kelly Loeffler (I),258
Cobb,Lassiter 01,U.S. Senate (Special),,Democrat,Raphael Warnock,354
Cobb,Lindley 01,U.S. Senate (Special),,Republican,Kelly Loeffler (I),429
Cobb,Lindley 01,U.S. Senate (Special),,Democrat,Raphael Warnock,1317
Cobb,Lost Mountain 01,U.S. Senate (Special),,Republican,Kelly Loeffler (I),177
Cobb,Lost Mountain 01,U.S. Senate (Special),,Democrat,Raphael Warnock,501
Cobb,Lost Mountain 02,U.S. Senate (Special),,Republican,Kelly Loeffler (I),239
Cobb,Lost Mountain 02,U.S. Senate (Special),,Democrat,Raphael Warnock,312
Cobb,Lost Mountain 03,U.S. Senate (Special),,Republican,Kelly Loeffler (I),300
Cobb,Lost Mountain 03,U.S. Senate (Special),,Democrat,Raphael Warnock,701
Cobb,Lost Mountain 04,U.S. Senate (Special),,Republican,Kelly Loeffler (I),157
Cobb,Lost Mountain 04,U.S. Senate (Special),,Democrat,Raphael Warnock,255
Cobb,Mableton 01,U.S. Senate (Special),,Republican,Kelly Loeffler (I),472
Cobb,Mableton 01,U.S. Senate (Special),,Democrat,Raphael Warnock,954
Cobb,Mableton 02,U.S. Senate (Special),,Republican,Kelly Loeffler (I),334
Cobb,Mableton 02,U.S. Senate (Special),,Democrat,Raphael Warnock,484
Cobb,Mableton 03,U.S. Senate (Special),,Republican,Kelly Loeffler (I),288
Cobb,Mableton 03,U.S. Senate (Special),,Democrat,Raphael Warnock,405
Cobb,Mableton 04,U.S. Senate (Special),,Republican,Kelly Loeffler (I),131
Cobb,Mableton 04,U.S. Senate (Special),,Democrat,Raphael Warnock,227
Cobb,Mabry 01,U.S. Senate (Special),,Republican,Kelly Loeffler (I),149
Cobb,Mabry 01,U.S. Senate (Special),,Democrat,Raphael Warnock,133
Cobb,Macland 01,U.S. Senate (Special),,Republican,Kelly Loeffler (I),433
Cobb,Macland 01,U.S. Senate (Special),,Democrat,Raphael Warnock,930
Cobb,Murdock 01,U.S. Senate (Special),,Republican,Kelly Loeffler (I),347
Cobb,Murdock 01,U.S. Senate (Special),,Democrat,Raphael Warnock,351
Cobb,McEachern 01,U.S. Senate (Special),,Republican,Kelly Loeffler (I),239
Cobb,McEachern 01,U.S. Senate (Special),,Democrat,Raphael Warnock,707
Cobb,McCleskey 01,U.S. Senate (Special),,Republican,Kelly Loeffler (I),134
Cobb,McCleskey 01,U.S. Senate (Special),,Democrat,Raphael Warnock,144
Cobb,McClure 01,U.S. Senate (Special),,Republican,Kelly Loeffler (I),240
Cobb,McClure 01,U.S. Senate (Special),,Democrat,Raphael Warnock,237
Cobb,Marietta 1A,U.S. Senate (Special),,Republican,Kelly Loeffler (I),430
Cobb,Marietta 1A,U.S. Senate (Special),,Democrat,Raphael Warnock,465
Cobb,Marietta 2A,U.S. Senate (Special),,Republican,Kelly Loeffler (I),205
Cobb,Marietta 2A,U.S. Senate (Special),,Democrat,Raphael Warnock,202
Cobb,Marietta 2B,U.S. Senate (Special),,Republican,Kelly Loeffler (I),493
Cobb,Marietta 2B,U.S. Senate (Special),,Democrat,Raphael Warnock,596
Cobb,Marietta 3A,U.S. Senate (Special),,Republican,Kelly Loeffler (I),369
Cobb,Marietta 3A,U.S. Senate (Special),,Democrat,Raphael Warnock,461
Cobb,Marietta 3B,U.S. Senate (Special),,Republican,Kelly Loeffler (I),240
Cobb,Marietta 3B,U.S. Senate (Special),,Democrat,Raphael Warnock,361
Cobb,Marietta 4A,U.S. Senate (Special),,Republican,Kelly Loeffler (I),156
Cobb,Marietta 4A,U.S. Senate (Special),,Democrat,Raphael Warnock,111
Cobb,Marietta 4B,U.S. Senate (Special),,Republican,Kelly Loeffler (I),207
Cobb,Marietta 4B,U.S. Senate (Special),,Democrat,Raphael Warnock,236
Cobb,Marietta 4C,U.S. Senate (Special),,Republican,Kelly Loeffler (I),187
Cobb,Marietta 4C,U.S. Senate (Special),,Democrat,Raphael Warnock,251
Cobb,Marietta 5A,U.S. Senate (Special),,Republican,Kelly Loeffler (I),369
Cobb,Marietta 5A,U.S. Senate (Special),,Democrat,Raphael Warnock,408
Cobb,Marietta 5B,U.S. Senate (Special),,Republican,Kelly Loeffler (I),380
Cobb,Marietta 5B,U.S. Senate (Special),,Democrat,Raphael Warnock,338
Cobb,Marietta 6A,U.S. Senate (Special),,Republican,Kelly Loeffler (I),325
Cobb,Marietta 6A,U.S. Senate (Special),,Democrat,Raphael Warnock,356
Cobb,Marietta 6B,U.S. Senate (Special),,Republican,Kelly Loeffler (I),305
Cobb,Marietta 6B,U.S. Senate (Special),,Democrat,Raphael Warnock,326
Cobb,Marietta 7A,U.S. Senate (Special),,Republican,Kelly Loeffler (I),384
Cobb,Marietta 7A,U.S. Senate (Special),,Democrat,Raphael Warnock,469
Cobb,Mars Hill 01,U.S. Senate (Special),,Republican,Kelly Loeffler (I),202
Cobb,Mars Hill 01,U.S. Senate (Special),,Democrat,Raphael Warnock,177
Cobb,Mars Hill 02,U.S. Senate (Special),,Republican,Kelly Loeffler (I),243
Cobb,Mars Hill 02,U.S. Senate (Special),,Democrat,Raphael Warnock,248
Cobb,Mt Bethel 01,U.S. Senate (Special),,Republican,Kelly Loeffler (I),233
Cobb,Mt Bethel 01,U.S. Senate (Special),,Democrat,Raphael Warnock,359
Cobb,Mt Bethel 03,U.S. Senate (Special),,Republican,Kelly Loeffler (I),223
Cobb,Mt Bethel 03,U.S. Senate (Special),,Democrat,Raphael Warnock,314
Cobb,Mt Bethel 04,U.S. Senate (Special),,Republican,Kelly Loeffler (I),176
Cobb,Mt Bethel 04,U.S. Senate (Special),,Democrat,Raphael Warnock,239
Cobb,North Cobb 01,U.S. Senate (Special),,Republican,Kelly Loeffler (I),216
Cobb,North Cobb 01,U.S. Senate (Special),,Democrat,Raphael Warnock,288
Cobb,Nickajack 01,U.S. Senate (Special),,Republican,Kelly Loeffler (I),520
Cobb,Nickajack 01,U.S. Senate (Special),,Democrat,Raphael Warnock,1023
Cobb,Norton Park 01,U.S. Senate (Special),,Republican,Kelly Loeffler (I),524
Cobb,Norton Park 01,U.S. Senate (Special),,Democrat,Raphael Warnock,530
Cobb,Nicholson 01,U.S. Senate (Special),,Republican,Kelly Loeffler (I),229
Cobb,Nicholson 01,U.S. Senate (Special),,Democrat,Raphael Warnock,180
Cobb,Oakdale 01,U.S. Senate (Special),,Republican,Kelly Loeffler (I),394
Cobb,Oakdale 01,U.S. Senate (Special),,Democrat,Raphael Warnock,527
Cobb,Oregon 01,U.S. Senate (Special),,Republican,Kelly Loeffler (I),163
Cobb,Oregon 01,U.S. Senate (Special),,Democrat,Raphael Warnock,161
Cobb,Oregon 02,U.S. Senate (Special),,Republican,Kelly Loeffler (I),584
Cobb,Oregon 02,U.S. Senate (Special),,Democrat,Raphael Warnock,963
Cobb,Oregon 03,U.S. Senate (Special),,Republican,Kelly Loeffler (I),574
Cobb,Oregon 03,U.S. Senate (Special),,Democrat,Raphael Warnock,687
Cobb,Oregon 04,U.S. Senate (Special),,Republican,Kelly Loeffler (I),504
Cobb,Oregon 04,U.S. Senate (Special),,Democrat,Raphael Warnock,724
Cobb,Oregon 05,U.S. Senate (Special),,Republican,Kelly Loeffler (I),324
Cobb,Oregon 05,U.S. Senate (Special),,Democrat,Raphael Warnock,746
Cobb,Pebblebrook 01,U.S. Senate (Special),,Republican,Kelly Loeffler (I),587
Cobb,Pebblebrook 01,U.S. Senate (Special),,Democrat,Raphael Warnock,1091
Cobb,Powers Ferry 01,U.S. Senate (Special),,Republican,Kelly Loeffler (I),332
Cobb,Powers Ferry 01,U.S. Senate (Special),,Democrat,Raphael Warnock,321
Cobb,Pine Mountain 01,U.S. Senate (Special),,Republican,Kelly Loeffler (I),228
Cobb,Pine Mountain 01,U.S. Senate (Special),,Democrat,Raphael Warnock,312
Cobb,Pine Mountain 02,U.S. Senate (Special),,Republican,Kelly Loeffler (I),173
Cobb,Pine Mountain 02,U.S. Senate (Special),,Democrat,Raphael Warnock,238
Cobb,Post Oak 01,U.S. Senate (Special),,Republican,Kelly Loeffler (I),270
Cobb,Post Oak 01,U.S. Senate (Special),,Democrat,Raphael Warnock,299
Cobb,Pope 01,U.S. Senate (Special),,Republican,Kelly Loeffler (I),230
Cobb,Pope 01,U.S. Senate (Special),,Democrat,Raphael Warnock,267
Cobb,Palmer 01,U.S. Senate (Special),,Republican,Kelly Loeffler (I),227
Cobb,Palmer 01,U.S. Senate (Special),,Democrat,Raphael Warnock,222
Cobb,Powders Springs 1A,U.S. Senate (Special),,Republican,Kelly Loeffler (I),372
Cobb,Powders Springs 1A,U.S. Senate (Special),,Democrat,Raphael Warnock,1141
Cobb,Powders Springs 2A,U.S. Senate (Special),,Republican,Kelly Loeffler (I),375
Cobb,Powders Springs 2A,U.S. Senate (Special),,Democrat,Raphael Warnock,769
Cobb,Powders Springs 3A,U.S. Senate (Special),,Republican,Kelly Loeffler (I),438
Cobb,Powders Springs 3A,U.S. Senate (Special),,Democrat,Raphael Warnock,891
Cobb,Pitner 01,U.S. Senate (Special),,Republican,Kelly Loeffler (I),295
Cobb,Pitner 01,U.S. Senate (Special),,Democrat,Raphael Warnock,259
Cobb,Rocky Mount 01,U.S. Senate (Special),,Republican,Kelly Loeffler (I),314
Cobb,Rocky Mount 01,U.S. Senate (Special),,Democrat,Raphael Warnock,250
Cobb,Riverside 01,U.S. Senate (Special),,Republican,Kelly Loeffler (I),259
Cobb,Riverside 01,U.S. Senate (Special),,Democrat,Raphael Warnock,375
Cobb,Roswell 01,U.S. Senate (Special),,Republican,Kelly Loeffler (I),383
Cobb,Roswell 01,U.S. Senate (Special),,Democrat,Raphael Warnock,441
Cobb,Roswell 02,U.S. Senate (Special),,Republican,Kelly Loeffler (I),279
Cobb,Roswell 02,U.S. Senate (Special),,Democrat,Raphael Warnock,330
Cobb,Sandy Plains 01,U.S. Senate (Special),,Republican,Kelly Loeffler (I),281
Cobb,Sandy Plains 01,U.S. Senate (Special),,Democrat,Raphael Warnock,285
Cobb,Shallowford Falls 01,U.S. Senate (Special),,Republican,Kelly Loeffler (I),246
Cobb,Shallowford Falls 01,U.S. Senate (Special),,Democrat,Raphael Warnock,308
Cobb,Simpson 01,U.S. Senate (Special),,Republican,Kelly Loeffler (I),150
Cobb,Simpson 01,U.S. Senate (Special),,Democrat,Raphael Warnock,213
Cobb,Sewell Mill 01,U.S. Senate (Special),,Republican,Kelly Loeffler (I),331
Cobb,Sewell Mill 01,U.S. Senate (Special),,Democrat,Raphael Warnock,345
Cobb,Sewell Mill 03,U.S. Senate (Special),,Republican,Kelly Loeffler (I),430
Cobb,Sewell Mill 03,U.S. Senate (Special),,Democrat,Raphael Warnock,529
Cobb,Smyrna 1A,U.S. Senate (Special),,Republican,Kelly Loeffler (I),562
Cobb,Smyrna 1A,U.S. Senate (Special),,Democrat,Raphael Warnock,525
Cobb,Smyrna 2A,U.S. Senate (Special),,Republican,Kelly Loeffler (I),642
Cobb,Smyrna 2A,U.S. Senate (Special),,Democrat,Raphael Warnock,885
Cobb,Smyrna 3A,U.S. Senate (Special),,Republican,Kelly Loeffler (I),507
Cobb,Smyrna 3A,U.S. Senate (Special),,Democrat,Raphael Warnock,616
Cobb,Smyrna 3B,U.S. Senate (Special),,Republican,Kelly Loeffler (I),275
Cobb,Smyrna 3B,U.S. Senate (Special),,Democrat,Raphael Warnock,341
Cobb,Smyrna 4A,U.S. Senate (Special),,Republican,Kelly Loeffler (I),501
Cobb,Smyrna 4A,U.S. Senate (Special),,Democrat,Raphael Warnock,821
Cobb,Smyrna 5A,U.S. Senate (Special),,Republican,Kelly Loeffler (I),582
Cobb,Smyrna 5A,U.S. Senate (Special),,Democrat,Raphael Warnock,515
Cobb,Smyrna 6A,U.S. Senate (Special),,Republican,Kelly Loeffler (I),553
Cobb,Smyrna 6A,U.S. Senate (Special),,Democrat,Raphael Warnock,808
Cobb,Smyrna 7A,U.S. Senate (Special),,Republican,Kelly Loeffler (I),498
Cobb,Smyrna 7A,U.S. Senate (Special),,Democrat,Raphael Warnock,1540
Cobb,Sope Creek 01,U.S. Senate (Special),,Republican,Kelly Loeffler (I),197
Cobb,Sope Creek 01,U.S. Senate (Special),,Democrat,Raphael Warnock,158
Cobb,Sope Creek 02,U.S. Senate (Special),,Republican,Kelly Loeffler (I),369
Cobb,Sope Creek 02,U.S. Senate (Special),,Democrat,Raphael Warnock,501
Cobb,Sope Creek 03,U.S. Senate (Special),,Republican,Kelly Loeffler (I),231
Cobb,Sope Creek 03,U.S. Senate (Special),,Democrat,Raphael Warnock,263
Cobb,Sweetwater 01,U.S. Senate (Special),,Republican,Kelly Loeffler (I),290
Cobb,Sweetwater 01,U.S. Senate (Special),,Democrat,Raphael Warnock,638
Cobb,Sweetwater 02,U.S. Senate (Special),,Republican,Kelly Loeffler (I),377
Cobb,Sweetwater 02,U.S. Senate (Special),,Democrat,Raphael Warnock,426
Cobb,Terrell Mill 01,U.S. Senate (Special),,Republican,Kelly Loeffler (I),631
Cobb,Terrell Mill 01,U.S. Senate (Special),,Democrat,Raphael Warnock,718
Cobb,Timber Ridge 01,U.S. Senate (Special),,Republican,Kelly Loeffler (I),175
Cobb,Timber Ridge 01,U.S. Senate (Special),,Democrat,Raphael Warnock,235
Cobb,Vaughan 01,U.S. Senate (Special),,Republican,Kelly Loeffler (I),244
Cobb,Vaughan 01,U.S. Senate (Special),,Democrat,Raphael Warnock,248
Cobb,Vinings 01,U.S. Senate (Special),,Republican,Kelly Loeffler (I),391
Cobb,Vinings 01,U.S. Senate (Special),,Democrat,Raphael Warnock,447
Cobb,Vinings 02,U.S. Senate (Special),,Republican,Kelly Loeffler (I),681
Cobb,Vinings 02,U.S. Senate (Special),,Democrat,Raphael Warnock,850
Cobb,Vinings 03,U.S. Senate (Special),,Republican,Kelly Loeffler (I),419
Cobb,Vinings 03,U.S. Senate (Special),,Democrat,Raphael Warnock,717
Cobb,Vinings 04,U.S. Senate (Special),,Republican,Kelly Loeffler (I),359
Cobb,Vinings 04,U.S. Senate (Special),,Democrat,Raphael Warnock,331
Cobb,Wade Green 02,U.S. Senate (Special),,Republican,Kelly Loeffler (I),412
Cobb,Wade Green 02,U.S. Senate (Special),,Democrat,Raphael Warnock,605
Cobb,Willeo 01,U.S. Senate (Special),,Republican,Kelly Loeffler (I),248
Cobb,Willeo 01,U.S. Senate (Special),,Democrat,Raphael Warnock,219
Coffee,Douglas,U.S. Senate,,Republican,David A. Perdue (I),830
Coffee,Douglas,U.S. Senate,,Democrat,Jon Ossoff,1741
Coffee,Ambrose,U.S. Senate,,Republican,David A. Perdue (I),84
Coffee,Ambrose,U.S. Senate,,Democrat,Jon Ossoff,126
Coffee,Bridgetown,U.S. Senate,,Republican,David A. Perdue (I),39
Coffee,Bridgetown,U.S. Senate,,Democrat,Jon Ossoff,18
Coffee,Broxton,U.S. Senate,,Republican,David A. Perdue (I),148
Coffee,Broxton,U.S. Senate,,Democrat,Jon Ossoff,169
Coffee,Nicholls,U.S. Senate,,Republican,David A. Perdue (I),103
Coffee,Nicholls,U.S. Senate,,Democrat,Jon Ossoff,94
Coffee,West Green,U.S. Senate,,Republican,David A. Perdue (I),16
Coffee,West Green,U.S. Senate,,Democrat,Jon Ossoff,13
Coffee,Douglas,U.S. Senate (Special),,Republican,Kelly Loeffler (I),838
Coffee,Douglas,U.S. Senate (Special),,Democrat,Raphael Warnock,1747
Coffee,Ambrose,U.S. Senate (Special),,Republican,Kelly Loeffler (I),83
Coffee,Ambrose,U.S. Senate (Special),,Democrat,Raphael Warnock,128
Coffee,Bridgetown,U.S. Senate (Special),,Republican,Kelly Loeffler (I),42
Coffee,Bridgetown,U.S. Senate (Special),,Democrat,Raphael Warnock,18
Coffee,Broxton,U.S. Senate (Special),,Republican,Kelly Loeffler (I),152
Coffee,Broxton,U.S. Senate (Special),,Democrat,Raphael Warnock,168
Coffee,Nicholls,U.S. Senate (Special),,Republican,Kelly Loeffler (I),107
Coffee,Nicholls,U.S. Senate (Special),,Democrat,Raphael Warnock,94
Coffee,West Green,U.S. Senate (Special),,Republican,Kelly Loeffler (I),19
Coffee,West Green,U.S. Senate (Special),,Democrat,Raphael Warnock,11
Colquitt,Shaw,U.S. Senate,,Republican,David A. Perdue (I),349
Colquitt,Shaw,U.S. Senate,,Democrat,Jon Ossoff,423
Colquitt,Moultrie,U.S. Senate,,Republican,David A. Perdue (I),230
Colquitt,Moultrie,U.S. Senate,,Democrat,Jon Ossoff,511
Colquitt,Autreyville,U.S. Senate,,Republican,David A. Perdue (I),56
Colquitt,Autreyville,U.S. Senate,,Democrat,Jon Ossoff,94
Colquitt,Bridgecreek,U.S. Senate,,Republican,David A. Perdue (I),22
Colquitt,Bridgecreek,U.S. Senate,,Democrat,Jon Ossoff,35
Colquitt,Crosland,U.S. Senate,,Republican,David A. Perdue (I),23
Colquitt,Crosland,U.S. Senate,,Democrat,Jon Ossoff,14
Colquitt,Doerun,U.S. Senate,,Republican,David A. Perdue (I),78
Colquitt,Doerun,U.S. Senate,,Democrat,Jon Ossoff,32
Colquitt,Funston,U.S. Senate,,Republican,David A. Perdue (I),41
Colquitt,Funston,U.S. Senate,,Democrat,Jon Ossoff,32
Colquitt,Hamilton,U.S. Senate,,Republican,David A. Perdue (I),20
Colquitt,Hamilton,U.S. Senate,,Democrat,Jon Ossoff,20
Colquitt,Hartsfield,U.S. Senate,,Republican,David A. Perdue (I),6
Colquitt,Hartsfield,U.S. Senate,,Democrat,Jon Ossoff,7
Colquitt,Hopewell,U.S. Senate,,Republican,David A. Perdue (I),26
Colquitt,Hopewell,U.S. Senate,,Democrat,Jon Ossoff,67
Colquitt,Lee,U.S. Senate,,Republican,David A. Perdue (I),20
Colquitt,Lee,U.S. Senate,,Democrat,Jon Ossoff,49
Colquitt,Millcreek,U.S. Senate,,Republican,David A. Perdue (I),10
Colquitt,Millcreek,U.S. Senate,,Democrat,Jon Ossoff,6
Colquitt,Monk,U.S. Senate,,Republican,David A. Perdue (I),39
Colquitt,Monk,U.S. Senate,,Democrat,Jon Ossoff,68
Colquitt,Murphy,U.S. Senate,,Republican,David A. Perdue (I),21
Colquitt,Murphy,U.S. Senate,,Democrat,Jon Ossoff,43
Colquitt,Norman Park,U.S. Senate,,Republican,David A. Perdue (I),94
Colquitt,Norman Park,U.S. Senate,,Democrat,Jon Ossoff,124
Colquitt,Robinson,U.S. Senate,,Republican,David A. Perdue (I),31
Colquitt,Robinson,U.S. Senate,,Democrat,Jon Ossoff,33
Colquitt,Thigpen,U.S. Senate,,Republican,David A. Perdue (I),9
Colquitt,Thigpen,U.S. Senate,,Democrat,Jon Ossoff,2
Colquitt,Tyty,U.S. Senate,,Republican,David A. Perdue (I),5
Colquitt,Tyty,U.S. Senate,,Democrat,Jon Ossoff,8
Colquitt,Warrior,U.S. Senate,,Republican,David A. Perdue (I),34
Colquitt,Warrior,U.S. Senate,,Democrat,Jon Ossoff,19
Colquitt,Shaw,U.S. Senate (Special),,Republican,Kelly Loeffler (I),348
Colquitt,Shaw,U.S. Senate (Special),,Democrat,Raphael Warnock,424
Colquitt,Moultrie,U.S. Senate (Special),,Republican,Kelly Loeffler (I),228
Colquitt,Moultrie,U.S. Senate (Special),,Democrat,Raphael Warnock,510
Colquitt,Autreyville,U.S. Senate (Special),,Republican,Kelly Loeffler (I),53
Colquitt,Autreyville,U.S. Senate (Special),,Democrat,Raphael Warnock,94
Colquitt,Bridgecreek,U.S. Senate (Special),,Republican,Kelly Loeffler (I),22
Colquitt,Bridgecreek,U.S. Senate (Special),,Democrat,Raphael Warnock,35
Colquitt,Crosland,U.S. Senate (Special),,Republican,Kelly Loeffler (I),22
Colquitt,Crosland,U.S. Senate (Special),,Democrat,Raphael Warnock,14
Colquitt,Doerun,U.S. Senate (Special),,Republican,Kelly Loeffler (I),80
Colquitt,Doerun,U.S. Senate (Special),,Democrat,Raphael Warnock,32
Colquitt,Funston,U.S. Senate (Special),,Republican,Kelly Loeffler (I),40
Colquitt,Funston,U.S. Senate (Special),,Democrat,Raphael Warnock,32
Colquitt,Hamilton,U.S. Senate (Special),,Republican,Kelly Loeffler (I),19
Colquitt,Hamilton,U.S. Senate (Special),,Democrat,Raphael Warnock,21
Colquitt,Hartsfield,U.S. Senate (Special),,Republican,Kelly Loeffler (I),7
Colquitt,Hartsfield,U.S. Senate (Special),,Democrat,Raphael Warnock,8
Colquitt,Hopewell,U.S. Senate (Special),,Republican,Kelly Loeffler (I),29
Colquitt,Hopewell,U.S. Senate (Special),,Democrat,Raphael Warnock,67
Colquitt,Lee,U.S. Senate (Special),,Republican,Kelly Loeffler (I),20
Colquitt,Lee,U.S. Senate (Special),,Democrat,Raphael Warnock,49
Colquitt,Millcreek,U.S. Senate (Special),,Republican,Kelly Loeffler (I),11
Colquitt,Millcreek,U.S. Senate (Special),,Democrat,Raphael Warnock,6
Colquitt,Monk,U.S. Senate (Special),,Republican,Kelly Loeffler (I),39
Colquitt,Monk,U.S. Senate (Special),,Democrat,Raphael Warnock,70
Colquitt,Murphy,U.S. Senate (Special),,Republican,Kelly Loeffler (I),21
Colquitt,Murphy,U.S. Senate (Special),,Democrat,Raphael Warnock,43
Colquitt,Norman Park,U.S. Senate (Special),,Republican,Kelly Loeffler (I),100
Colquitt,Norman Park,U.S. Senate (Special),,Democrat,Raphael Warnock,125
Colquitt,Robinson,U.S. Senate (Special),,Republican,Kelly Loeffler (I),32
Colquitt,Robinson,U.S. Senate (Special),,Democrat,Raphael Warnock,33
Colquitt,Thigpen,U.S. Senate (Special),,Republican,Kelly Loeffler (I),9
Colquitt,Thigpen,U.S. Senate (Special),,Democrat,Raphael Warnock,2
Colquitt,Tyty,U.S. Senate (Special),,Republican,Kelly Loeffler (I),6
Colquitt,Tyty,U.S. Senate (Special),,Democrat,Raphael Warnock,8
Colquitt,Warrior,U.S. Senate (Special),,Republican,Kelly Loeffler (I),32
Colquitt,Warrior,U.S. Senate (Special),,Democrat,Raphael Warnock,19
Columbia,Kiokee Baptist Church,U.S. Senate,,Republican,David A. Perdue (I),47
Columbia,Kiokee Baptist Church,U.S. Senate,,Democrat,Jon Ossoff,127
Columbia,Lewis Methodist Church,U.S. Senate,,Republican,David A. Perdue (I),193
Columbia,Lewis Methodist Church,U.S. Senate,,Democrat,Jon Ossoff,476
Columbia,Woodlawn Baptist Church,U.S. Senate,,Republican,David A. Perdue (I),45
Columbia,Woodlawn Baptist Church,U.S. Senate,,Democrat,Jon Ossoff,137
Columbia,Patriots Park,U.S. Senate,,Republican,David A. Perdue (I),195
Columbia,Patriots Park,U.S. Senate,,Democrat,Jon Ossoff,566
Columbia,New Life Church,U.S. Senate,,Republican,David A. Perdue (I),270
Columbia,New Life Church,U.S. Senate,,Democrat,Jon Ossoff,879
Columbia,Harlem Branch Library,U.S. Senate,,Republican,David A. Perdue (I),98
Columbia,Harlem Branch Library,U.S. Senate,,Democrat,Jon Ossoff,209
Columbia,Harlem Senior Center,U.S. Senate,,Republican,David A. Perdue (I),107
Columbia,Harlem Senior Center,U.S. Senate,,Democrat,Jon Ossoff,210
Columbia,Second Mt Moriah Baptist Church,U.S. Senate,,Republican,David A. Perdue (I),33
Columbia,Second Mt Moriah Baptist Church,U.S. Senate,,Democrat,Jon Ossoff,69
Columbia,Bessie Thomas Center,U.S. Senate,,Republican,David A. Perdue (I),12
Columbia,Bessie Thomas Center,U.S. Senate,,Democrat,Jon Ossoff,36
Columbia,Philadelphia Church,U.S. Senate,,Republican,David A. Perdue (I),118
Columbia,Philadelphia Church,U.S. Senate,,Democrat,Jon Ossoff,348
Columbia,Liberty Park-Grovetown,U.S. Senate,,Republican,David A. Perdue (I),262
Columbia,Liberty Park-Grovetown,U.S. Senate,,Democrat,Jon Ossoff,502
Columbia,Grovetown Methodist Church,U.S. Senate,,Republican,David A. Perdue (I),272
Columbia,Grovetown Methodist Church,U.S. Senate,,Democrat,Jon Ossoff,457
Columbia,G A Apostolic Church,U.S. Senate,,Republican,David A. Perdue (I),100
Columbia,G A Apostolic Church,U.S. Senate,,Democrat,Jon Ossoff,190
Columbia,Grovetown Public Safety Station 2,U.S. Senate,,Republican,David A. Perdue (I),284
Columbia,Grovetown Public Safety Station 2,U.S. Senate,,Democrat,Jon Ossoff,638
Columbia,Grove First Baptist Church,U.S. Senate,,Republican,David A. Perdue (I),196
Columbia,Grove First Baptist Church,U.S. Senate,,Democrat,Jon Ossoff,553
Columbia,Eubank-Blanchard Center,U.S. Senate,,Republican,David A. Perdue (I),95
Columbia,Eubank-Blanchard Center,U.S. Senate,,Democrat,Jon Ossoff,75
Columbia,Second Mt Carmel Baptist Church,U.S. Senate,,Republican,David A. Perdue (I),123
Columbia,Second Mt Carmel Baptist Church,U.S. Senate,,Democrat,Jon Ossoff,67
Columbia,Damascus Baptist Church,U.S. Senate,,Republican,David A. Perdue (I),40
Columbia,Damascus Baptist Church,U.S. Senate,,Democrat,Jon Ossoff,28
Columbia,Col Cty Bd of Edu,U.S. Senate,,Republican,David A. Perdue (I),107
Columbia,Col Cty Bd of Edu,U.S. Senate,,Democrat,Jon Ossoff,245
Columbia,Greenbrier High,U.S. Senate,,Republican,David A. Perdue (I),154
Columbia,Greenbrier High,U.S. Senate,,Democrat,Jon Ossoff,298
Columbia,Parkway Baptist Church,U.S. Senate,,Republican,David A. Perdue (I),229
Columbia,Parkway Baptist Church,U.S. Senate,,Democrat,Jon Ossoff,612
Columbia,Riverview Church,U.S. Senate,,Republican,David A. Perdue (I),66
Columbia,Riverview Church,U.S. Senate,,Democrat,Jon Ossoff,158
Columbia,Grace Baptist Church,U.S. Senate,,Republican,David A. Perdue (I),188
Columbia,Grace Baptist Church,U.S. Senate,,Democrat,Jon Ossoff,594
Columbia,Christ Sanctified,U.S. Senate,,Republican,David A. Perdue (I),135
Columbia,Christ Sanctified,U.S. Senate,,Democrat,Jon Ossoff,226
Columbia,Blanchard Park,U.S. Senate,,Republican,David A. Perdue (I),138
Columbia,Blanchard Park,U.S. Senate,,Democrat,Jon Ossoff,230
Columbia,Belair Baptist Church,U.S. Senate,,Republican,David A. Perdue (I),157
Columbia,Belair Baptist Church,U.S. Senate,,Democrat,Jon Ossoff,258
Columbia,Marvin Methodist,U.S. Senate,,Republican,David A. Perdue (I),151
Columbia,Marvin Methodist,U.S. Senate,,Democrat,Jon Ossoff,130
Columbia,Westside Baptist Church,U.S. Senate,,Republican,David A. Perdue (I),67
Columbia,Westside Baptist Church,U.S. Senate,,Democrat,Jon Ossoff,117
Columbia,Trinity Baptist Church,U.S. Senate,,Republican,David A. Perdue (I),127
Columbia,Trinity Baptist Church,U.S. Senate,,Democrat,Jon Ossoff,202
Columbia,Abilene Baptist,U.S. Senate,,Republican,David A. Perdue (I),111
Columbia,Abilene Baptist,U.S. Senate,,Democrat,Jon Ossoff,150
Columbia,Augusta Christian,U.S. Senate,,Republican,David A. Perdue (I),151
Columbia,Augusta Christian,U.S. Senate,,Democrat,Jon Ossoff,200
Columbia,Savannah Rapids Pavilion,U.S. Senate,,Republican,David A. Perdue (I),44
Columbia,Savannah Rapids Pavilion,U.S. Senate,,Democrat,Jon Ossoff,116
Columbia,Gospel Water Branch,U.S. Senate,,Republican,David A. Perdue (I),133
Columbia,Gospel Water Branch,U.S. Senate,,Democrat,Jon Ossoff,251
Columbia,Genesis Church,U.S. Senate,,Republican,David A. Perdue (I),99
Columbia,Genesis Church,U.S. Senate,,Democrat,Jon Ossoff,161
Columbia,Stevens Creek Church,U.S. Senate,,Republican,David A. Perdue (I),131
Columbia,Stevens Creek Church,U.S. Senate,,Democrat,Jon Ossoff,278
Columbia,Mtz Col Fire Hdqtr,U.S. Senate,,Republican,David A. Perdue (I),100
Columbia,Mtz Col Fire Hdqtr,U.S. Senate,,Democrat,Jon Ossoff,93
Columbia,Lakeside Middle,U.S. Senate,,Republican,David A. Perdue (I),114
Columbia,Lakeside Middle,U.S. Senate,,Democrat,Jon Ossoff,199
Columbia,Martinez Baptist,U.S. Senate,,Republican,David A. Perdue (I),198
Columbia,Martinez Baptist,U.S. Senate,,Democrat,Jon Ossoff,150
Columbia,Gold Cross EMS,U.S. Senate,,Republican,David A. Perdue (I),76
Columbia,Gold Cross EMS,U.S. Senate,,Democrat,Jon Ossoff,123
Columbia,Church of Our Savior,U.S. Senate,,Republican,David A. Perdue (I),176
Columbia,Church of Our Savior,U.S. Senate,,Democrat,Jon Ossoff,192
Columbia,West Acres Baptist,U.S. Senate,,Republican,David A. Perdue (I),112
Columbia,West Acres Baptist,U.S. Senate,,Democrat,Jon Ossoff,209
Columbia,Journey Comm Church,U.S. Senate,,Republican,David A. Perdue (I),38
Columbia,Journey Comm Church,U.S. Senate,,Democrat,Jon Ossoff,95
Columbia,Wesley Methodist,U.S. Senate,,Republican,David A. Perdue (I),103
Columbia,Wesley Methodist,U.S. Senate,,Democrat,Jon Ossoff,258
Columbia,Col Cty Main Library,U.S. Senate,,Republican,David A. Perdue (I),96
Columbia,Col Cty Main Library,U.S. Senate,,Democrat,Jon Ossoff,241
Columbia,Christ Church Presbyterian,U.S. Senate,,Republican,David A. Perdue (I),85
Columbia,Christ Church Presbyterian,U.S. Senate,,Democrat,Jon Ossoff,218
Columbia,Blue Ridge Elementary,U.S. Senate,,Republican,David A. Perdue (I),146
Columbia,Blue Ridge Elementary,U.S. Senate,,Democrat,Jon Ossoff,232
Columbia,Christ The King Luth Church,U.S. Senate,,Republican,David A. Perdue (I),69
Columbia,Christ The King Luth Church,U.S. Senate,,Democrat,Jon Ossoff,227
Columbia,Kiokee Baptist Church,U.S. Senate (Special),,Republican,Kelly Loeffler (I),48
Columbia,Kiokee Baptist Church,U.S. Senate (Special),,Democrat,Raphael Warnock,128
Columbia,Lewis Methodist Church,U.S. Senate (Special),,Republican,Kelly Loeffler (I),190
Columbia,Lewis Methodist Church,U.S. Senate (Special),,Democrat,Raphael Warnock,480
Columbia,Woodlawn Baptist Church,U.S. Senate (Special),,Republican,Kelly Loeffler (I),47
Columbia,Woodlawn Baptist Church,U.S. Senate (Special),,Democrat,Raphael Warnock,134
Columbia,Patriots Park,U.S. Senate (Special),,Republican,Kelly Loeffler (I),197
Columbia,Patriots Park,U.S. Senate (Special),,Democrat,Raphael Warnock,572
Columbia,New Life Church,U.S. Senate (Special),,Republican,Kelly Loeffler (I),270
Columbia,New Life Church,U.S. Senate (Special),,Democrat,Raphael Warnock,885
Columbia,Harlem Branch Library,U.S. Senate (Special),,Republican,Kelly Loeffler (I),97
Columbia,Harlem Branch Library,U.S. Senate (Special),,Democrat,Raphael Warnock,209
Columbia,Harlem Senior Center,U.S. Senate (Special),,Republican,Kelly Loeffler (I),106
Columbia,Harlem Senior Center,U.S. Senate (Special),,Democrat,Raphael Warnock,214
Columbia,Second Mt Moriah Baptist Church,U.S. Senate (Special),,Republican,Kelly Loeffler (I),33
Columbia,Second Mt Moriah Baptist Church,U.S. Senate (Special),,Democrat,Raphael Warnock,70
Columbia,Bessie Thomas Center,U.S. Senate (Special),,Republican,Kelly Loeffler (I),13
Columbia,Bessie Thomas Center,U.S. Senate (Special),,Democrat,Raphael Warnock,36
Columbia,Philadelphia Church,U.S. Senate (Special),,Republican,Kelly Loeffler (I),122
Columbia,Philadelphia Church,U.S. Senate (Special),,Democrat,Raphael Warnock,351
Columbia,Liberty Park-Grovetown,U.S. Senate (Special),,Republican,Kelly Loeffler (I),259
Columbia,Liberty Park-Grovetown,U.S. Senate (Special),,Democrat,Raphael Warnock,500
Columbia,Grovetown Methodist Church,U.S. Senate (Special),,Republican,Kelly Loeffler (I),272
Columbia,Grovetown Methodist Church,U.S. Senate (Special),,Democrat,Raphael Warnock,459
Columbia,G A Apostolic Church,U.S. Senate (Special),,Republican,Kelly Loeffler (I),97
Columbia,G A Apostolic Church,U.S. Senate (Special),,Democrat,Raphael Warnock,192
Columbia,Grovetown Public Safety Station 2,U.S. Senate (Special),,Republican,Kelly Loeffler (I),286
Columbia,Grovetown Public Safety Station 2,U.S. Senate (Special),,Democrat,Raphael Warnock,640
Columbia,Grove First Baptist Church,U.S. Senate (Special),,Republican,Kelly Loeffler (I),197
Columbia,Grove First Baptist Church,U.S. Senate (Special),,Democrat,Raphael Warnock,555
Columbia,Eubank-Blanchard Center,U.S. Senate (Special),,Republican,Kelly Loeffler (I),98
Columbia,Eubank-Blanchard Center,U.S. Senate (Special),,Democrat,Raphael Warnock,74
Columbia,Second Mt Carmel Baptist Church,U.S. Senate (Special),,Republican,Kelly Loeffler (I),124
Columbia,Second Mt Carmel Baptist Church,U.S. Senate (Special),,Democrat,Raphael Warnock,68
Columbia,Damascus Baptist Church,U.S. Senate (Special),,Republican,Kelly Loeffler (I),39
Columbia,Damascus Baptist Church,U.S. Senate (Special),,Democrat,Raphael Warnock,28
Columbia,Col Cty Bd of Edu,U.S. Senate (Special),,Republican,Kelly Loeffler (I),104
Columbia,Col Cty Bd of Edu,U.S. Senate (Special),,Democrat,Raphael Warnock,245
Columbia,Greenbrier High,U.S. Senate (Special),,Republican,Kelly Loeffler (I),150
Columbia,Greenbrier High,U.S. Senate (Special),,Democrat,Raphael Warnock,302
Columbia,Parkway Baptist Church,U.S. Senate (Special),,Republican,Kelly Loeffler (I),233
Columbia,Parkway Baptist Church,U.S. Senate (Special),,Democrat,Raphael Warnock,615
Columbia,Riverview Church,U.S. Senate (Special),,Republican,Kelly Loeffler (I),62
Columbia,Riverview Church,U.S. Senate (Special),,Democrat,Raphael Warnock,157
Columbia,Grace Baptist Church,U.S. Senate (Special),,Republican,Kelly Loeffler (I),183
Columbia,Grace Baptist Church,U.S. Senate (Special),,Democrat,Raphael Warnock,590
Columbia,Christ Sanctified,U.S. Senate (Special),,Republican,Kelly Loeffler (I),135
Columbia,Christ Sanctified,U.S. Senate (Special),,Democrat,Raphael Warnock,231
Columbia,Blanchard Park,U.S. Senate (Special),,Republican,Kelly Loeffler (I),137
Columbia,Blanchard Park,U.S. Senate (Special),,Democrat,Raphael Warnock,232
Columbia,Belair Baptist Church,U.S. Senate (Special),,Republican,Kelly Loeffler (I),159
Columbia,Belair Baptist Church,U.S. Senate (Special),,Democrat,Raphael Warnock,256
Columbia,Marvin Methodist,U.S. Senate (Special),,Republican,Kelly Loeffler (I),153
Columbia,Marvin Methodist,U.S. Senate (Special),,Democrat,Raphael Warnock,129
Columbia,Westside Baptist Church,U.S. Senate (Special),,Republican,Kelly Loeffler (I),68
Columbia,Westside Baptist Church,U.S. Senate (Special),,Democrat,Raphael Warnock,115
Columbia,Trinity Baptist Church,U.S. Senate (Special),,Republican,Kelly Loeffler (I),131
Columbia,Trinity Baptist Church,U.S. Senate (Special),,Democrat,Raphael Warnock,204
Columbia,Abilene Baptist,U.S. Senate (Special),,Republican,Kelly Loeffler (I),115
Columbia,Abilene Baptist,U.S. Senate (Special),,Democrat,Raphael Warnock,151
Columbia,Augusta Christian,U.S. Senate (Special),,Republican,Kelly Loeffler (I),148
Columbia,Augusta Christian,U.S. Senate (Special),,Democrat,Raphael Warnock,198
Columbia,Savannah Rapids Pavilion,U.S. Senate (Special),,Republican,Kelly Loeffler (I),43
Columbia,Savannah Rapids Pavilion,U.S. Senate (Special),,Democrat,Raphael Warnock,119
Columbia,Gospel Water Branch,U.S. Senate (Special),,Republican,Kelly Loeffler (I),132
Columbia,Gospel Water Branch,U.S. Senate (Special),,Democrat,Raphael Warnock,248
Columbia,Genesis Church,U.S. Senate (Special),,Republican,Kelly Loeffler (I),100
Columbia,Genesis Church,U.S. Senate (Special),,Democrat,Raphael Warnock,165
Columbia,Stevens Creek Church,U.S. Senate (Special),,Republican,Kelly Loeffler (I),129
Columbia,Stevens Creek Church,U.S. Senate (Special),,Democrat,Raphael Warnock,281
Columbia,Mtz Col Fire Hdqtr,U.S. Senate (Special),,Republican,Kelly Loeffler (I),98
Columbia,Mtz Col Fire Hdqtr,U.S. Senate (Special),,Democrat,Raphael Warnock,94
Columbia,Lakeside Middle,U.S. Senate (Special),,Republican,Kelly Loeffler (I),111
Columbia,Lakeside Middle,U.S. Senate (Special),,Democrat,Raphael Warnock,202
Columbia,Martinez Baptist,U.S. Senate (Special),,Republican,Kelly Loeffler (I),199
Columbia,Martinez Baptist,U.S. Senate (Special),,Democrat,Raphael Warnock,148
Columbia,Gold Cross EMS,U.S. Senate (Special),,Republican,Kelly Loeffler (I),73
Columbia,Gold Cross EMS,U.S. Senate (Special),,Democrat,Raphael Warnock,123
Columbia,Church of Our Savior,U.S. Senate (Special),,Republican,Kelly Loeffler (I),173
Columbia,Church of Our Savior,U.S. Senate (Special),,Democrat,Raphael Warnock,193
Columbia,West Acres Baptist,U.S. Senate (Special),,Republican,Kelly Loeffler (I),113
Columbia,West Acres Baptist,U.S. Senate (Special),,Democrat,Raphael Warnock,212
Columbia,Journey Comm Church,U.S. Senate (Special),,Republican,Kelly Loeffler (I),37
Columbia,Journey Comm Church,U.S. Senate (Special),,Democrat,Raphael Warnock,94
Columbia,Wesley Methodist,U.S. Senate (Special),,Republican,Kelly Loeffler (I),97
Columbia,Wesley Methodist,U.S. Senate (Special),,Democrat,Raphael Warnock,255
Columbia,Col Cty Main Library,U.S. Senate (Special),,Republican,Kelly Loeffler (I),97
Columbia,Col Cty Main Library,U.S. Senate (Special),,Democrat,Raphael Warnock,243
Columbia,Christ Church Presbyterian,U.S. Senate (Special),,Republican,Kelly Loeffler (I),87
Columbia,Christ Church Presbyterian,U.S. Senate (Special),,Democrat,Raphael Warnock,218
Columbia,Blue Ridge Elementary,U.S. Senate (Special),,Republican,Kelly Loeffler (I),153
Columbia,Blue Ridge Elementary,U.S. Senate (Special),,Democrat,Raphael Warnock,233
Columbia,Christ The King Luth Church,U.S. Senate (Special),,Republican,Kelly Loeffler (I),70
Columbia,Christ The King Luth Church,U.S. Senate (Special),,Democrat,Raphael Warnock,227
Cook,Cecil,U.S. Senate,,Republican,David A. Perdue (I),97
Cook,Cecil,U.S. Senate,,Democrat,Jon Ossoff,246
Cook,Delle Beamguard,U.S. Senate,,Republican,David A. Perdue (I),93
Cook,Delle Beamguard,U.S. Senate,,Democrat,Jon Ossoff,166
Cook,Elm Pine,U.S. Senate,,Republican,David A. Perdue (I),87
Cook,Elm Pine,U.S. Senate,,Democrat,Jon Ossoff,99
Cook,Lenox,U.S. Senate,,Republican,David A. Perdue (I),79
Cook,Lenox,U.S. Senate,,Democrat,Jon Ossoff,54
Cook,Massee,U.S. Senate,,Republican,David A. Perdue (I),19
Cook,Massee,U.S. Senate,,Democrat,Jon Ossoff,63
Cook,New Life Baptist Church,U.S. Senate,,Republican,David A. Perdue (I),19
Cook,New Life Baptist Church,U.S. Senate,,Democrat,Jon Ossoff,61
Cook,Riverbend,U.S. Senate,,Republican,David A. Perdue (I),19
Cook,Riverbend,U.S. Senate,,Democrat,Jon Ossoff,59
Cook,Sparks,U.S. Senate,,Republican,David A. Perdue (I),128
Cook,Sparks,U.S. Senate,,Democrat,Jon Ossoff,117
Cook,Cecil,U.S. Senate (Special),,Republican,Kelly Loeffler (I),97
Cook,Cecil,U.S. Senate (Special),,Democrat,Raphael Warnock,246
Cook,Delle Beamguard,U.S. Senate (Special),,Republican,Kelly Loeffler (I),95
Cook,Delle Beamguard,U.S. Senate (Special),,Democrat,Raphael Warnock,165
Cook,Elm Pine,U.S. Senate (Special),,Republican,Kelly Loeffler (I),88
Cook,Elm Pine,U.S. Senate (Special),,Democrat,Raphael Warnock,102
Cook,Lenox,U.S. Senate (Special),,Republican,Kelly Loeffler (I),80
Cook,Lenox,U.S. Senate (Special),,Democrat,Raphael Warnock,51
Cook,Massee,U.S. Senate (Special),,Republican,Kelly Loeffler (I),19
Cook,Massee,U.S. Senate (Special),,Democrat,Raphael Warnock,63
Cook,New Life Baptist Church,U.S. Senate (Special),,Republican,Kelly Loeffler (I),18
Cook,New Life Baptist Church,U.S. Senate (Special),,Democrat,Raphael Warnock,61
Cook,Riverbend,U.S. Senate (Special),,Republican,Kelly Loeffler (I),19
Cook,Riverbend,U.S. Senate (Special),,Democrat,Raphael Warnock,59
Cook,Sparks,U.S. Senate (Special),,Republican,Kelly Loeffler (I),129
Cook,Sparks,U.S. Senate (Special),,Democrat,Raphael Warnock,120
Coweta,Senoia,U.S. Senate,,Republican,David A. Perdue (I),224
Coweta,Senoia,U.S. Senate,,Democrat,Jon Ossoff,362
Coweta,Moreland,U.S. Senate,,Republican,David A. Perdue (I),119
Coweta,Moreland,U.S. Senate,,Democrat,Jon Ossoff,83
Coweta,Pine Road,U.S. Senate,,Republican,David A. Perdue (I),63
Coweta,Pine Road,U.S. Senate,,Democrat,Jon Ossoff,82
Coweta,Dresden,U.S. Senate,,Republican,David A. Perdue (I),50
Coweta,Dresden,U.S. Senate,,Democrat,Jon Ossoff,16
Coweta,Newnan,U.S. Senate,,Republican,David A. Perdue (I),378
Coweta,Newnan,U.S. Senate,,Democrat,Jon Ossoff,339
Coweta,Sharpsburg,U.S. Senate,,Republican,David A. Perdue (I),168
Coweta,Sharpsburg,U.S. Senate,,Democrat,Jon Ossoff,228
Coweta,Fischer Road,U.S. Senate,,Republican,David A. Perdue (I),205
Coweta,Fischer Road,U.S. Senate,,Democrat,Jon Ossoff,282
Coweta,Cedar Creek,U.S. Senate,,Republican,David A. Perdue (I),158
Coweta,Cedar Creek,U.S. Senate,,Democrat,Jon Ossoff,308
Coweta,Grantville,U.S. Senate,,Republican,David A. Perdue (I),223
Coweta,Grantville,U.S. Senate,,Democrat,Jon Ossoff,113
Coweta,Haralson,U.S. Senate,,Republican,David A. Perdue (I),99
Coweta,Haralson,U.S. Senate,,Democrat,Jon Ossoff,51
Coweta,Welcome,U.S. Senate,,Republican,David A. Perdue (I),152
Coweta,Welcome,U.S. Senate,,Democrat,Jon Ossoff,109
Coweta,Panther Creek,U.S. Senate,,Republican,David A. Perdue (I),140
Coweta,Panther Creek,U.S. Senate,,Democrat,Jon Ossoff,120
Coweta,Raymond,U.S. Senate,,Republican,David A. Perdue (I),109
Coweta,Raymond,U.S. Senate,,Democrat,Jon Ossoff,105
Coweta,Turin,U.S. Senate,,Republican,David A. Perdue (I),175
Coweta,Turin,U.S. Senate,,Democrat,Jon Ossoff,228
Coweta,Smokey Road,U.S. Senate,,Republican,David A. Perdue (I),238
Coweta,Smokey Road,U.S. Senate,,Democrat,Jon Ossoff,190
Coweta,Central,U.S. Senate,,Republican,David A. Perdue (I),460
Coweta,Central,U.S. Senate,,Democrat,Jon Ossoff,438
Coweta,Newnan Centre,U.S. Senate,,Republican,David A. Perdue (I),997
Coweta,Newnan Centre,U.S. Senate,,Democrat,Jon Ossoff,2194
Coweta,Greentop,U.S. Senate,,Republican,David A. Perdue (I),203
Coweta,Greentop,U.S. Senate,,Democrat,Jon Ossoff,207
Coweta,Expo Center,U.S. Senate,,Republican,David A. Perdue (I),151
Coweta,Expo Center,U.S. Senate,,Democrat,Jon Ossoff,101
Coweta,White Oak,U.S. Senate,,Republican,David A. Perdue (I),211
Coweta,White Oak,U.S. Senate,,Democrat,Jon Ossoff,329
Coweta,Madras,U.S. Senate,,Republican,David A. Perdue (I),244
Coweta,Madras,U.S. Senate,,Democrat,Jon Ossoff,404
Coweta,Cannongate,U.S. Senate,,Republican,David A. Perdue (I),176
Coweta,Cannongate,U.S. Senate,,Democrat,Jon Ossoff,223
Coweta,Westside,U.S. Senate,,Republican,David A. Perdue (I),155
Coweta,Westside,U.S. Senate,,Democrat,Jon Ossoff,62
Coweta,Northside,U.S. Senate,,Republican,David A. Perdue (I),214
Coweta,Northside,U.S. Senate,,Democrat,Jon Ossoff,126
Coweta,Thomas Crossroads,U.S. Senate,,Republican,David A. Perdue (I),200
Coweta,Thomas Crossroads,U.S. Senate,,Democrat,Jon Ossoff,288
Coweta,Coweta Central Library,U.S. Senate,,Republican,David A. Perdue (I),68
Coweta,Coweta Central Library,U.S. Senate,,Democrat,Jon Ossoff,101
Coweta,Senoia,U.S. Senate (Special),,Republican,Kelly Loeffler (I),230
Coweta,Senoia,U.S. Senate (Special),,Democrat,Raphael Warnock,363
Coweta,Moreland,U.S. Senate (Special),,Republican,Kelly Loeffler (I),121
Coweta,Moreland,U.S. Senate (Special),,Democrat,Raphael Warnock,81
Coweta,Pine Road,U.S. Senate (Special),,Republican,Kelly Loeffler (I),63
Coweta,Pine Road,U.S. Senate (Special),,Democrat,Raphael Warnock,83
Coweta,Dresden,U.S. Senate (Special),,Republican,Kelly Loeffler (I),48
Coweta,Dresden,U.S. Senate (Special),,Democrat,Raphael Warnock,17
Coweta,Newnan,U.S. Senate (Special),,Republican,Kelly Loeffler (I),388
Coweta,Newnan,U.S. Senate (Special),,Democrat,Raphael Warnock,339
Coweta,Sharpsburg,U.S. Senate (Special),,Republican,Kelly Loeffler (I),174
Coweta,Sharpsburg,U.S. Senate (Special),,Democrat,Raphael Warnock,233
Coweta,Fischer Road,U.S. Senate (Special),,Republican,Kelly Loeffler (I),200
Coweta,Fischer Road,U.S. Senate (Special),,Democrat,Raphael Warnock,288
Coweta,Cedar Creek,U.S. Senate (Special),,Republican,Kelly Loeffler (I),168
Coweta,Cedar Creek,U.S. Senate (Special),,Democrat,Raphael Warnock,313
Coweta,Grantville,U.S. Senate (Special),,Republican,Kelly Loeffler (I),222
Coweta,Grantville,U.S. Senate (Special),,Democrat,Raphael Warnock,116
Coweta,Haralson,U.S. Senate (Special),,Republican,Kelly Loeffler (I),104
Coweta,Haralson,U.S. Senate (Special),,Democrat,Raphael Warnock,51
Coweta,Welcome,U.S. Senate (Special),,Republican,Kelly Loeffler (I),149
Coweta,Welcome,U.S. Senate (Special),,Democrat,Raphael Warnock,108
Coweta,Panther Creek,U.S. Senate (Special),,Republican,Kelly Loeffler (I),143
Coweta,Panther Creek,U.S. Senate (Special),,Democrat,Raphael Warnock,122
Coweta,Raymond,U.S. Senate (Special),,Republican,Kelly Loeffler (I),111
Coweta,Raymond,U.S. Senate (Special),,Democrat,Raphael Warnock,106
Coweta,Turin,U.S. Senate (Special),,Republican,Kelly Loeffler (I),177
Coweta,Turin,U.S. Senate (Special),,Democrat,Raphael Warnock,227
Coweta,Smokey Road,U.S. Senate (Special),,Republican,Kelly Loeffler (I),237
Coweta,Smokey Road,U.S. Senate (Special),,Democrat,Raphael Warnock,191
Coweta,Central,U.S. Senate (Special),,Republican,Kelly Loeffler (I),461
Coweta,Central,U.S. Senate (Special),,Democrat,Raphael Warnock,441
Coweta,Newnan Centre,U.S. Senate (Special),,Republican,Kelly Loeffler (I),1028
Coweta,Newnan Centre,U.S. Senate (Special),,Democrat,Raphael Warnock,2209
Coweta,Greentop,U.S. Senate (Special),,Republican,Kelly Loeffler (I),209
Coweta,Greentop,U.S. Senate (Special),,Democrat,Raphael Warnock,211
Coweta,Expo Center,U.S. Senate (Special),,Republican,Kelly Loeffler (I),161
Coweta,Expo Center,U.S. Senate (Special),,Democrat,Raphael Warnock,100
Coweta,White Oak,U.S. Senate (Special),,Republican,Kelly Loeffler (I),216
Coweta,White Oak,U.S. Senate (Special),,Democrat,Raphael Warnock,336
Coweta,Madras,U.S. Senate (Special),,Republican,Kelly Loeffler (I),251
Coweta,Madras,U.S. Senate (Special),,Democrat,Raphael Warnock,407
Coweta,Cannongate,U.S. Senate (Special),,Republican,Kelly Loeffler (I),181
Coweta,Cannongate,U.S. Senate (Special),,Democrat,Raphael Warnock,231
Coweta,Westside,U.S. Senate (Special),,Republican,Kelly Loeffler (I),157
Coweta,Westside,U.S. Senate (Special),,Democrat,Raphael Warnock,62
Coweta,Northside,U.S. Senate (Special),,Republican,Kelly Loeffler (I),220
Coweta,Northside,U.S. Senate (Special),,Democrat,Raphael Warnock,130
Coweta,Thomas Crossroads,U.S. Senate (Special),,Republican,Kelly Loeffler (I),196
Coweta,Thomas Crossroads,U.S. Senate (Special),,Democrat,Raphael Warnock,292
Coweta,Coweta Central Library,U.S. Senate (Special),,Republican,Kelly Loeffler (I),73
Coweta,Coweta Central Library,U.S. Senate (Special),,Democrat,Raphael Warnock,102
Crawford,District 1A,U.S. Senate,,Republican,David A. Perdue (I),42
Crawford,District 1A,U.S. Senate,,Democrat,Jon Ossoff,52
Crawford,District 1B,U.S. Senate,,Republican,David A. Perdue (I),68
Crawford,District 1B,U.S. Senate,,Democrat,Jon Ossoff,201
Crawford,District 2,U.S. Senate,,Republican,David A. Perdue (I),89
Crawford,District 2,U.S. Senate,,Democrat,Jon Ossoff,257
Crawford,District 3,U.S. Senate,,Republican,David A. Perdue (I),43
Crawford,District 3,U.S. Senate,,Democrat,Jon Ossoff,79
Crawford,District 4,U.S. Senate,,Republican,David A. Perdue (I),41
Crawford,District 4,U.S. Senate,,Democrat,Jon Ossoff,49
Crawford,District 5,U.S. Senate,,Republican,David A. Perdue (I),35
Crawford,District 5,U.S. Senate,,Democrat,Jon Ossoff,66
Crawford,District 1A,U.S. Senate (Special),,Republican,Kelly Loeffler (I),44
Crawford,District 1A,U.S. Senate (Special),,Democrat,Raphael Warnock,53
Crawford,District 1B,U.S. Senate (Special),,Republican,Kelly Loeffler (I),69
Crawford,District 1B,U.S. Senate (Special),,Democrat,Raphael Warnock,203
Crawford,District 2,U.S. Senate (Special),,Republican,Kelly Loeffler (I),92
Crawford,District 2,U.S. Senate (Special),,Democrat,Raphael Warnock,258
Crawford,District 3,U.S. Senate (Special),,Republican,Kelly Loeffler (I),43
Crawford,District 3,U.S. Senate (Special),,Democrat,Raphael Warnock,81
Crawford,District 4,U.S. Senate (Special),,Republican,Kelly Loeffler (I),41
Crawford,District 4,U.S. Senate (Special),,Democrat,Raphael Warnock,48
Crawford,District 5,U.S. Senate (Special),,Republican,Kelly Loeffler (I),37
Crawford,District 5,U.S. Senate (Special),,Democrat,Raphael Warnock,67
Crisp,Arabi,U.S. Senate,,Republican,David A. Perdue (I),40
Crisp,Arabi,U.S. Senate,,Democrat,Jon Ossoff,35
Crisp,Coney,U.S. Senate,,Republican,David A. Perdue (I),14
Crisp,Coney,U.S. Senate,,Democrat,Jon Ossoff,43
Crisp,Cordele,U.S. Senate,,Republican,David A. Perdue (I),564
Crisp,Cordele,U.S. Senate,,Democrat,Jon Ossoff,1175
Crisp,Jamestown,U.S. Senate,,Republican,David A. Perdue (I),19
Crisp,Jamestown,U.S. Senate,,Democrat,Jon Ossoff,46
Crisp,Listonia,U.S. Senate,,Republican,David A. Perdue (I),11
Crisp,Listonia,U.S. Senate,,Democrat,Jon Ossoff,8
Crisp,Arabi,U.S. Senate (Special),,Republican,Kelly Loeffler (I),40
Crisp,Arabi,U.S. Senate (Special),,Democrat,Raphael Warnock,35
Crisp,Coney,U.S. Senate (Special),,Republican,Kelly Loeffler (I),15
Crisp,Coney,U.S. Senate (Special),,Democrat,Raphael Warnock,43
Crisp,Cordele,U.S. Senate (Special),,Republican,Kelly Loeffler (I),570
Crisp,Cordele,U.S. Senate (Special),,Democrat,Raphael Warnock,1188
Crisp,Jamestown,U.S. Senate (Special),,Republican,Kelly Loeffler (I),18
Crisp,Jamestown,U.S. Senate (Special),,Democrat,Raphael Warnock,47
Crisp,Listonia,U.S. Senate (Special),,Republican,Kelly Loeffler (I),11
Crisp,Listonia,U.S. Senate (Special),,Democrat,Raphael Warnock,8
Dade,South Dade,U.S. Senate,,Republican,David A. Perdue (I),29
Dade,South Dade,U.S. Senate,,Democrat,Jon Ossoff,51
Dade,New Salem,U.S. Senate,,Republican,David A. Perdue (I),41
Dade,New Salem,U.S. Senate,,Democrat,Jon Ossoff,79
Dade,Davis,U.S. Senate,,Republican,David A. Perdue (I),34
Dade,Davis,U.S. Senate,,Democrat,Jon Ossoff,41
Dade,New Home,U.S. Senate,,Republican,David A. Perdue (I),34
Dade,New Home,U.S. Senate,,Democrat,Jon Ossoff,11
Dade,West Brow,U.S. Senate,,Republican,David A. Perdue (I),46
Dade,West Brow,U.S. Senate,,Democrat,Jon Ossoff,62
Dade,Trenton,U.S. Senate,,Republican,David A. Perdue (I),48
Dade,Trenton,U.S. Senate,,Democrat,Jon Ossoff,136
Dade,North Dade,U.S. Senate,,Republican,David A. Perdue (I),61
Dade,North Dade,U.S. Senate,,Democrat,Jon Ossoff,104
Dade,South Dade,U.S. Senate (Special),,Republican,Kelly Loeffler (I),29
Dade,South Dade,U.S. Senate (Special),,Democrat,Raphael Warnock,50
Dade,New Salem,U.S. Senate (Special),,Republican,Kelly Loeffler (I),42
Dade,New Salem,U.S. Senate (Special),,Democrat,Raphael Warnock,79
Dade,Davis,U.S. Senate (Special),,Republican,Kelly Loeffler (I),32
Dade,Davis,U.S. Senate (Special),,Democrat,Raphael Warnock,42
Dade,New Home,U.S. Senate (Special),,Republican,Kelly Loeffler (I),31
Dade,New Home,U.S. Senate (Special),,Democrat,Raphael Warnock,11
Dade,West Brow,U.S. Senate (Special),,Republican,Kelly Loeffler (I),47
Dade,West Brow,U.S. Senate (Special),,Democrat,Raphael Warnock,62
Dade,Trenton,U.S. Senate (Special),,Republican,Kelly Loeffler (I),48
Dade,Trenton,U.S. Senate (Special),,Democrat,Raphael Warnock,138
Dade,North Dade,U.S. Senate (Special),,Republican,Kelly Loeffler (I),62
Dade,North Dade,U.S. Senate (Special),,Democrat,Raphael Warnock,98
Dawson,West,U.S. Senate,,Republican,David A. Perdue (I),46
Dawson,West,U.S. Senate,,Democrat,Jon Ossoff,185
Dawson,Central,U.S. Senate,,Republican,David A. Perdue (I),127
Dawson,Central,U.S. Senate,,Democrat,Jon Ossoff,361
Dawson,East,U.S. Senate,,Republican,David A. Perdue (I),175
Dawson,East,U.S. Senate,,Democrat,Jon Ossoff,415
Dawson,West,U.S. Senate (Special),,Republican,Kelly Loeffler (I),47
Dawson,West,U.S. Senate (Special),,Democrat,Raphael Warnock,192
Dawson,Central,U.S. Senate (Special),,Republican,Kelly Loeffler (I),134
Dawson,Central,U.S. Senate (Special),,Democrat,Raphael Warnock,367
Dawson,East,U.S. Senate (Special),,Republican,Kelly Loeffler (I),178
Dawson,East,U.S. Senate (Special),,Democrat,Raphael Warnock,426
Decatur,Mt Pleasant,U.S. Senate,,Republican,David A. Perdue (I),9
Decatur,Mt Pleasant,U.S. Senate,,Democrat,Jon Ossoff,26
Decatur,Recovery,U.S. Senate,,Republican,David A. Perdue (I),15
Decatur,Recovery,U.S. Senate,,Democrat,Jon Ossoff,33
Decatur,Kendrick,U.S. Senate,,Republican,David A. Perdue (I),22
Decatur,Kendrick,U.S. Senate,,Democrat,Jon Ossoff,28
Decatur,Climax,U.S. Senate,,Republican,David A. Perdue (I),45
Decatur,Climax,U.S. Senate,,Democrat,Jon Ossoff,80
Decatur,Brinson,U.S. Senate,,Republican,David A. Perdue (I),25
Decatur,Brinson,U.S. Senate,,Democrat,Jon Ossoff,57
Decatur,West Bainbridge,U.S. Senate,,Republican,David A. Perdue (I),138
Decatur,West Bainbridge,U.S. Senate,,Democrat,Jon Ossoff,291
Decatur,Bainbridge-Coliseum,U.S. Senate,,Republican,David A. Perdue (I),276
Decatur,Bainbridge-Coliseum,U.S. Senate,,Democrat,Jon Ossoff,701
Decatur,BDGE-Fairgrounds,U.S. Senate,,Republican,David A. Perdue (I),241
Decatur,BDGE-Fairgrounds,U.S. Senate,,Democrat,Jon Ossoff,437
Decatur,Attapulgus,U.S. Senate,,Republican,David A. Perdue (I),194
Decatur,Attapulgus,U.S. Senate,,Democrat,Jon Ossoff,268
Decatur,Mt Pleasant,U.S. Senate (Special),,Republican,Kelly Loeffler (I),7
Decatur,Mt Pleasant,U.S. Senate (Special),,Democrat,Raphael Warnock,26
Decatur,Recovery,U.S. Senate (Special),,Republican,Kelly Loeffler (I),16
Decatur,Recovery,U.S. Senate (Special),,Democrat,Raphael Warnock,33
Decatur,Kendrick,U.S. Senate (Special),,Republican,Kelly Loeffler (I),23
Decatur,Kendrick,U.S. Senate (Special),,Democrat,Raphael Warnock,27
Decatur,Climax,U.S. Senate (Special),,Republican,Kelly Loeffler (I),42
Decatur,Climax,U.S. Senate (Special),,Democrat,Raphael Warnock,78
Decatur,Brinson,U.S. Senate (Special),,Republican,Kelly Loeffler (I),25
Decatur,Brinson,U.S. Senate (Special),,Democrat,Raphael Warnock,56
Decatur,West Bainbridge,U.S. Senate (Special),,Republican,Kelly Loeffler (I),137
Decatur,West Bainbridge,U.S. Senate (Special),,Democrat,Raphael Warnock,290
Decatur,Bainbridge-Coliseum,U.S. Senate (Special),,Republican,Kelly Loeffler (I),276
Decatur,Bainbridge-Coliseum,U.S. Senate (Special),,Democrat,Raphael Warnock,701
Decatur,BDGE-Fairgrounds,U.S. Senate (Special),,Republican,Kelly Loeffler (I),241
Decatur,BDGE-Fairgrounds,U.S. Senate (Special),,Democrat,Raphael Warnock,435
Decatur,Attapulgus,U.S. Senate (Special),,Republican,Kelly Loeffler (I),197
Decatur,Attapulgus,U.S. Senate (Special),,Democrat,Raphael Warnock,269
DeKalb,Allgood Elem,U.S. Senate,,Republican,David A. Perdue (I),300
DeKalb,Allgood Elem,U.S. Senate,,Democrat,Jon Ossoff,794
DeKalb,Ashford Park Elem,U.S. Senate,,Republican,David A. Perdue (I),159
DeKalb,Ashford Park Elem,U.S. Senate,,Democrat,Jon Ossoff,418
DeKalb,Austin,U.S. Senate,,Republican,David A. Perdue (I),110
DeKalb,Austin,U.S. Senate,,Democrat,Jon Ossoff,449
DeKalb,Avondale,U.S. Senate,,Republican,David A. Perdue (I),332
DeKalb,Avondale,U.S. Senate,,Democrat,Jon Ossoff,834
DeKalb,Austin Drive,U.S. Senate,,Republican,David A. Perdue (I),266
DeKalb,Austin Drive,U.S. Senate,,Democrat,Jon Ossoff,575
DeKalb,Ashford Dunwoody Rd,U.S. Senate,,Republican,David A. Perdue (I),166
DeKalb,Ashford Dunwoody Rd,U.S. Senate,,Democrat,Jon Ossoff,671
DeKalb,Ashford Parkside,U.S. Senate,,Republican,David A. Perdue (I),140
DeKalb,Ashford Parkside,U.S. Senate,,Democrat,Jon Ossoff,717
DeKalb,Avondale High,U.S. Senate,,Republican,David A. Perdue (I),208
DeKalb,Avondale High,U.S. Senate,,Democrat,Jon Ossoff,1055
DeKalb,Boulevard,U.S. Senate,,Republican,David A. Perdue (I),360
DeKalb,Boulevard,U.S. Senate,,Democrat,Jon Ossoff,1820
DeKalb,Briar Vista Elem,U.S. Senate,,Republican,David A. Perdue (I),245
DeKalb,Briar Vista Elem,U.S. Senate,,Democrat,Jon Ossoff,680
DeKalb,Briarlake Elem,U.S. Senate,,Republican,David A. Perdue (I),141
DeKalb,Briarlake Elem,U.S. Senate,,Democrat,Jon Ossoff,408
DeKalb,Briarwood,U.S. Senate,,Republican,David A. Perdue (I),160
DeKalb,Briarwood,U.S. Senate,,Democrat,Jon Ossoff,483
DeKalb,Brockett Elem,U.S. Senate,,Republican,David A. Perdue (I),203
DeKalb,Brockett Elem,U.S. Senate,,Democrat,Jon Ossoff,634
DeKalb,Briarcliff,U.S. Senate,,Republican,David A. Perdue (I),160
DeKalb,Briarcliff,U.S. Senate,,Democrat,Jon Ossoff,560
DeKalb,Brockett,U.S. Senate,,Republican,David A. Perdue (I),247
DeKalb,Brockett,U.S. Senate,,Democrat,Jon Ossoff,598
DeKalb,Brookhaven,U.S. Senate,,Republican,David A. Perdue (I),251
DeKalb,Brookhaven,U.S. Senate,,Democrat,Jon Ossoff,675
DeKalb,Browns Mill Elem,U.S. Senate,,Republican,David A. Perdue (I),418
DeKalb,Browns Mill Elem,U.S. Senate,,Democrat,Jon Ossoff,1384
DeKalb,Bouldercrest Road,U.S. Senate,,Republican,David A. Perdue (I),193
DeKalb,Bouldercrest Road,U.S. Senate,,Democrat,Jon Ossoff,708
DeKalb,Bethune Middle,U.S. Senate,,Republican,David A. Perdue (I),413
DeKalb,Bethune Middle,U.S. Senate,,Democrat,Jon Ossoff,1305
DeKalb,Burgess Elem,U.S. Senate,,Republican,David A. Perdue (I),260
DeKalb,Burgess Elem,U.S. Senate,,Democrat,Jon Ossoff,1297
DeKalb,Columbia Drive,U.S. Senate,,Republican,David A. Perdue (I),265
DeKalb,Columbia Drive,U.S. Senate,,Democrat,Jon Ossoff,530
DeKalb,Canby Lane Elem,U.S. Senate,,Republican,David A. Perdue (I),253
DeKalb,Canby Lane Elem,U.S. Senate,,Democrat,Jon Ossoff,490
DeKalb,Columbia Elem,U.S. Senate,,Republican,David A. Perdue (I),167
DeKalb,Columbia Elem,U.S. Senate,,Democrat,Jon Ossoff,296
DeKalb,Cedar Grove Elem,U.S. Senate,,Republican,David A. Perdue (I),383
DeKalb,Cedar Grove Elem,U.S. Senate,,Democrat,Jon Ossoff,1368
DeKalb,Chamblee,U.S. Senate,,Republican,David A. Perdue (I),162
DeKalb,Chamblee,U.S. Senate,,Democrat,Jon Ossoff,499
DeKalb,Candler-Murphey Candler Elem,U.S. Senate,,Republican,David A. Perdue (I),346
DeKalb,Candler-Murphey Candler Elem,U.S. Senate,,Democrat,Jon Ossoff,1328
DeKalb,Chapel Hill Elem,U.S. Senate,,Republican,David A. Perdue (I),374
DeKalb,Chapel Hill Elem,U.S. Senate,,Democrat,Jon Ossoff,1099
DeKalb,Chesnut Elem,U.S. Senate,,Republican,David A. Perdue (I),246
DeKalb,Chesnut Elem,U.S. Senate,,Democrat,Jon Ossoff,601
DeKalb,Clairemont West,U.S. Senate,,Republican,David A. Perdue (I),187
DeKalb,Clairemont West,U.S. Senate,,Democrat,Jon Ossoff,1154
DeKalb,Clairmont Road,U.S. Senate,,Republican,David A. Perdue (I),208
DeKalb,Clairmont Road,U.S. Senate,,Democrat,Jon Ossoff,698
DeKalb,Clarkston,U.S. Senate,,Republican,David A. Perdue (I),504
DeKalb,Clarkston,U.S. Senate,,Democrat,Jon Ossoff,768
DeKalb,Clifton,U.S. Senate,,Republican,David A. Perdue (I),169
DeKalb,Clifton,U.S. Senate,,Democrat,Jon Ossoff,508
DeKalb,Columbia Middle,U.S. Senate,,Republican,David A. Perdue (I),188
DeKalb,Columbia Middle,U.S. Senate,,Democrat,Jon Ossoff,546
DeKalb,Coan Recreation Center,U.S. Senate,,Republican,David A. Perdue (I),316
DeKalb,Coan Recreation Center,U.S. Senate,,Democrat,Jon Ossoff,1529
DeKalb,Cross Keys High,U.S. Senate,,Republican,David A. Perdue (I),132
DeKalb,Cross Keys High,U.S. Senate,,Democrat,Jon Ossoff,472
DeKalb,Crossroads,U.S. Senate,,Republican,David A. Perdue (I),273
DeKalb,Crossroads,U.S. Senate,,Democrat,Jon Ossoff,834
DeKalb,Candler,U.S. Senate,,Republican,David A. Perdue (I),311
DeKalb,Candler,U.S. Senate,,Democrat,Jon Ossoff,897
DeKalb,Cedar Grove Middle,U.S. Senate,,Republican,David A. Perdue (I),154
DeKalb,Cedar Grove Middle,U.S. Senate,,Democrat,Jon Ossoff,456
DeKalb,Cedar Grove South,U.S. Senate,,Republican,David A. Perdue (I),385
DeKalb,Cedar Grove South,U.S. Senate,,Democrat,Jon Ossoff,1490
DeKalb,Covington Hwy,U.S. Senate,,Republican,David A. Perdue (I),49
DeKalb,Covington Hwy,U.S. Senate,,Democrat,Jon Ossoff,75
DeKalb,Covington,U.S. Senate,,Republican,David A. Perdue (I),172
DeKalb,Covington,U.S. Senate,,Democrat,Jon Ossoff,626
DeKalb,Clairemont East,U.S. Senate,,Republican,David A. Perdue (I),175
DeKalb,Clairemont East,U.S. Senate,,Democrat,Jon Ossoff,1070
DeKalb,Coralwood,U.S. Senate,,Republican,David A. Perdue (I),155
DeKalb,Coralwood,U.S. Senate,,Democrat,Jon Ossoff,861
DeKalb,Candler Park,U.S. Senate,,Republican,David A. Perdue (I),203
DeKalb,Candler Park,U.S. Senate,,Democrat,Jon Ossoff,1701
DeKalb,Clarkston Community Center,U.S. Senate,,Republican,David A. Perdue (I),288
DeKalb,Clarkston Community Center,U.S. Senate,,Democrat,Jon Ossoff,491
DeKalb,Chamblee 2,U.S. Senate,,Republican,David A. Perdue (I),157
DeKalb,Chamblee 2,U.S. Senate,,Democrat,Jon Ossoff,785
DeKalb,Doraville North,U.S. Senate,,Republican,David A. Perdue (I),398
DeKalb,Doraville North,U.S. Senate,,Democrat,Jon Ossoff,546
DeKalb,Doraville South,U.S. Senate,,Republican,David A. Perdue (I),129
DeKalb,Doraville South,U.S. Senate,,Democrat,Jon Ossoff,252
DeKalb,Dresden Elem,U.S. Senate,,Republican,David A. Perdue (I),436
DeKalb,Dresden Elem,U.S. Senate,,Democrat,Jon Ossoff,1015
DeKalb,Decatur,U.S. Senate,,Republican,David A. Perdue (I),140
DeKalb,Decatur,U.S. Senate,,Democrat,Jon Ossoff,815
DeKalb,Dunaire Elem,U.S. Senate,,Republican,David A. Perdue (I),250
DeKalb,Dunaire Elem,U.S. Senate,,Democrat,Jon Ossoff,577
DeKalb,Dunwoody,U.S. Senate,,Republican,David A. Perdue (I),186
DeKalb,Dunwoody,U.S. Senate,,Democrat,Jon Ossoff,691
DeKalb,Dunwoody 2,U.S. Senate,,Republican,David A. Perdue (I),80
DeKalb,Dunwoody 2,U.S. Senate,,Democrat,Jon Ossoff,492
DeKalb,Druid Hills High,U.S. Senate,,Republican,David A. Perdue (I),155
DeKalb,Druid Hills High,U.S. Senate,,Democrat,Jon Ossoff,522
DeKalb,Dunwoody Library,U.S. Senate,,Republican,David A. Perdue (I),85
DeKalb,Dunwoody Library,U.S. Senate,,Democrat,Jon Ossoff,513
DeKalb,East Lake,U.S. Senate,,Republican,David A. Perdue (I),291
DeKalb,East Lake,U.S. Senate,,Democrat,Jon Ossoff,1437
DeKalb,Embry Hills,U.S. Senate,,Republican,David A. Perdue (I),118
DeKalb,Embry Hills,U.S. Senate,,Democrat,Jon Ossoff,390
DeKalb,Evansdale Elem,U.S. Senate,,Republican,David A. Perdue (I),256
DeKalb,Evansdale Elem,U.S. Senate,,Democrat,Jon Ossoff,760
DeKalb,Emory South,U.S. Senate,,Republican,David A. Perdue (I),250
DeKalb,Emory South,U.S. Senate,,Democrat,Jon Ossoff,797
DeKalb,Emory Road,U.S. Senate,,Republican,David A. Perdue (I),89
DeKalb,Emory Road,U.S. Senate,,Democrat,Jon Ossoff,254
DeKalb,Fairington Elem,U.S. Senate,,Republican,David A. Perdue (I),554
DeKalb,Fairington Elem,U.S. Senate,,Democrat,Jon Ossoff,1300
DeKalb,Fernbank Elem,U.S. Senate,,Republican,David A. Perdue (I),166
DeKalb,Fernbank Elem,U.S. Senate,,Democrat,Jon Ossoff,622
DeKalb,Flat Shoals Elem,U.S. Senate,,Republican,David A. Perdue (I),214
DeKalb,Flat Shoals Elem,U.S. Senate,,Democrat,Jon Ossoff,582
DeKalb,Flat Shoals Parkway,U.S. Senate,,Republican,David A. Perdue (I),303
DeKalb,Flat Shoals Parkway,U.S. Senate,,Democrat,Jon Ossoff,1222
DeKalb,Flat Rock Elem,U.S. Senate,,Republican,David A. Perdue (I),325
DeKalb,Flat Rock Elem,U.S. Senate,,Democrat,Jon Ossoff,1227
DeKalb,Flat Shoals,U.S. Senate,,Republican,David A. Perdue (I),191
DeKalb,Flat Shoals,U.S. Senate,,Democrat,Jon Ossoff,651
DeKalb,Flakes Mill Fire Station,U.S. Senate,,Republican,David A. Perdue (I),147
DeKalb,Flakes Mill Fire Station,U.S. Senate,,Democrat,Jon Ossoff,770
DeKalb,Flat Shoals Library,U.S. Senate,,Republican,David A. Perdue (I),239
DeKalb,Flat Shoals Library,U.S. Senate,,Democrat,Jon Ossoff,720
DeKalb,Freedom Middle,U.S. Senate,,Republican,David A. Perdue (I),338
DeKalb,Freedom Middle,U.S. Senate,,Democrat,Jon Ossoff,801
DeKalb,Glennwood,U.S. Senate,,Republican,David A. Perdue (I),142
DeKalb,Glennwood,U.S. Senate,,Democrat,Jon Ossoff,817
DeKalb,Glenhaven,U.S. Senate,,Republican,David A. Perdue (I),231
DeKalb,Glenhaven,U.S. Senate,,Democrat,Jon Ossoff,455
DeKalb,Gresham Road,U.S. Senate,,Republican,David A. Perdue (I),308
DeKalb,Gresham Road,U.S. Senate,,Democrat,Jon Ossoff,1087
DeKalb,Georgetown Sq,U.S. Senate,,Republican,David A. Perdue (I),322
DeKalb,Georgetown Sq,U.S. Senate,,Democrat,Jon Ossoff,914
DeKalb,Glenwood Road,U.S. Senate,,Republican,David A. Perdue (I),244
DeKalb,Glenwood Road,U.S. Senate,,Democrat,Jon Ossoff,456
DeKalb,Hambrick Elem,U.S. Senate,,Republican,David A. Perdue (I),393
DeKalb,Hambrick Elem,U.S. Senate,,Democrat,Jon Ossoff,952
DeKalb,Hawthorne Elem,U.S. Senate,,Republican,David A. Perdue (I),337
DeKalb,Hawthorne Elem,U.S. Senate,,Democrat,Jon Ossoff,929
DeKalb,Henderson Mill,U.S. Senate,,Republican,David A. Perdue (I),243
DeKalb,Henderson Mill,U.S. Senate,,Democrat,Jon Ossoff,681
DeKalb,Huntley Hills Elem,U.S. Senate,,Republican,David A. Perdue (I),357
DeKalb,Huntley Hills Elem,U.S. Senate,,Democrat,Jon Ossoff,863
DeKalb,Hugh Howell,U.S. Senate,,Republican,David A. Perdue (I),171
DeKalb,Hugh Howell,U.S. Senate,,Democrat,Jon Ossoff,412
DeKalb,Harris-Narvie J Harris Elem,U.S. Senate,,Republican,David A. Perdue (I),269
DeKalb,Harris-Narvie J Harris Elem,U.S. Senate,,Democrat,Jon Ossoff,1578
DeKalb,Harris-Margaret Harris ED,U.S. Senate,,Republican,David A. Perdue (I),184
DeKalb,Harris-Margaret Harris ED,U.S. Senate,,Democrat,Jon Ossoff,374
DeKalb,Idlewood Elem,U.S. Senate,,Republican,David A. Perdue (I),223
DeKalb,Idlewood Elem,U.S. Senate,,Democrat,Jon Ossoff,640
DeKalb,Indian Creek,U.S. Senate,,Republican,David A. Perdue (I),179
DeKalb,Indian Creek,U.S. Senate,,Democrat,Jon Ossoff,455
DeKalb,Johnson Estates,U.S. Senate,,Republican,David A. Perdue (I),54
DeKalb,Johnson Estates,U.S. Senate,,Democrat,Jon Ossoff,485
DeKalb,Jolly Elem,U.S. Senate,,Republican,David A. Perdue (I),345
DeKalb,Jolly Elem,U.S. Senate,,Democrat,Jon Ossoff,782
DeKalb,Kelley Lake Elem,U.S. Senate,,Republican,David A. Perdue (I),321
DeKalb,Kelley Lake Elem,U.S. Senate,,Democrat,Jon Ossoff,685
DeKalb,Kingsley Elem,U.S. Senate,,Republican,David A. Perdue (I),128
DeKalb,Kingsley Elem,U.S. Senate,,Democrat,Jon Ossoff,378
DeKalb,Kelley Chapel Road,U.S. Senate,,Republican,David A. Perdue (I),159
DeKalb,Kelley Chapel Road,U.S. Senate,,Democrat,Jon Ossoff,421
DeKalb,Knollwood,U.S. Senate,,Republican,David A. Perdue (I),318
DeKalb,Knollwood,U.S. Senate,,Democrat,Jon Ossoff,585
DeKalb,Kittredge Elem,U.S. Senate,,Republican,David A. Perdue (I),83
DeKalb,Kittredge Elem,U.S. Senate,,Democrat,Jon Ossoff,488
DeKalb,Lakeside High,U.S. Senate,,Republican,David A. Perdue (I),229
DeKalb,Lakeside High,U.S. Senate,,Democrat,Jon Ossoff,779
DeKalb,Lavista Road,U.S. Senate,,Republican,David A. Perdue (I),157
DeKalb,Lavista Road,U.S. Senate,,Democrat,Jon Ossoff,470
DeKalb,Lavista,U.S. Senate,,Republican,David A. Perdue (I),263
DeKalb,Lavista,U.S. Senate,,Democrat,Jon Ossoff,623
DeKalb,Lithonia,U.S. Senate,,Republican,David A. Perdue (I),253
DeKalb,Lithonia,U.S. Senate,,Democrat,Jon Ossoff,342
DeKalb,Lin-Mary Lin Elem,U.S. Senate,,Republican,David A. Perdue (I),189
DeKalb,Lin-Mary Lin Elem,U.S. Senate,,Democrat,Jon Ossoff,1012
DeKalb,Lithonia High,U.S. Senate,,Republican,David A. Perdue (I),412
DeKalb,Lithonia High,U.S. Senate,,Democrat,Jon Ossoff,961
DeKalb,Livsey Elem,U.S. Senate,,Republican,David A. Perdue (I),99
DeKalb,Livsey Elem,U.S. Senate,,Democrat,Jon Ossoff,343
DeKalb,Miller-Eldridge L Miller Elem,U.S. Senate,,Republican,David A. Perdue (I),335
DeKalb,Miller-Eldridge L Miller Elem,U.S. Senate,,Democrat,Jon Ossoff,888
DeKalb,McNair High,U.S. Senate,,Republican,David A. Perdue (I),351
DeKalb,McNair High,U.S. Senate,,Democrat,Jon Ossoff,1355
DeKalb,Marbut Elem,U.S. Senate,,Republican,David A. Perdue (I),394
DeKalb,Marbut Elem,U.S. Senate,,Democrat,Jon Ossoff,1304
DeKalb,McNair,U.S. Senate,,Republican,David A. Perdue (I),247
DeKalb,McNair,U.S. Senate,,Democrat,Jon Ossoff,745
DeKalb,McLendon,U.S. Senate,,Republican,David A. Perdue (I),308
DeKalb,McLendon,U.S. Senate,,Democrat,Jon Ossoff,868
DeKalb,McWilliams,U.S. Senate,,Republican,David A. Perdue (I),198
DeKalb,McWilliams,U.S. Senate,,Democrat,Jon Ossoff,928
DeKalb,Medlock,U.S. Senate,,Republican,David A. Perdue (I),228
DeKalb,Medlock,U.S. Senate,,Democrat,Jon Ossoff,557
DeKalb,Midvale Elem,U.S. Senate,,Republican,David A. Perdue (I),145
DeKalb,Midvale Elem,U.S. Senate,,Democrat,Jon Ossoff,585
DeKalb,Miller Grove,U.S. Senate,,Republican,David A. Perdue (I),461
DeKalb,Miller Grove,U.S. Senate,,Democrat,Jon Ossoff,1180
DeKalb,Montclair Elem,U.S. Senate,,Republican,David A. Perdue (I),268
DeKalb,Montclair Elem,U.S. Senate,,Democrat,Jon Ossoff,476
DeKalb,Montreal,U.S. Senate,,Republican,David A. Perdue (I),296
DeKalb,Montreal,U.S. Senate,,Democrat,Jon Ossoff,629
DeKalb,Meadowview,U.S. Senate,,Republican,David A. Perdue (I),304
DeKalb,Meadowview,U.S. Senate,,Democrat,Jon Ossoff,910
DeKalb,Memorial South,U.S. Senate,,Republican,David A. Perdue (I),314
DeKalb,Memorial South,U.S. Senate,,Democrat,Jon Ossoff,610
DeKalb,Midway,U.S. Senate,,Republican,David A. Perdue (I),222
DeKalb,Midway,U.S. Senate,,Democrat,Jon Ossoff,716
DeKalb,McNair Academy,U.S. Senate,,Republican,David A. Perdue (I),185
DeKalb,McNair Academy,U.S. Senate,,Democrat,Jon Ossoff,575
DeKalb,Mount Vernon East,U.S. Senate,,Republican,David A. Perdue (I),124
DeKalb,Mount Vernon East,U.S. Senate,,Democrat,Jon Ossoff,543
DeKalb,Mathis-Bob Mathis Elem,U.S. Senate,,Republican,David A. Perdue (I),234
DeKalb,Mathis-Bob Mathis Elem,U.S. Senate,,Democrat,Jon Ossoff,921
DeKalb,Mount Vernon West,U.S. Senate,,Republican,David A. Perdue (I),87
DeKalb,Mount Vernon West,U.S. Senate,,Democrat,Jon Ossoff,583
DeKalb,Metropolitan,U.S. Senate,,Republican,David A. Perdue (I),266
DeKalb,Metropolitan,U.S. Senate,,Democrat,Jon Ossoff,1298
DeKalb,Montgomery Elem,U.S. Senate,,Republican,David A. Perdue (I),151
DeKalb,Montgomery Elem,U.S. Senate,,Democrat,Jon Ossoff,528
DeKalb,Miller Grove Road,U.S. Senate,,Republican,David A. Perdue (I),242
DeKalb,Miller Grove Road,U.S. Senate,,Democrat,Jon Ossoff,669
DeKalb,Midvale Road,U.S. Senate,,Republican,David A. Perdue (I),180
DeKalb,Midvale Road,U.S. Senate,,Democrat,Jon Ossoff,497
DeKalb,Miller Grove High,U.S. Senate,,Republican,David A. Perdue (I),350
DeKalb,Miller Grove High,U.S. Senate,,Democrat,Jon Ossoff,813
DeKalb,North Decatur,U.S. Senate,,Republican,David A. Perdue (I),186
DeKalb,North Decatur,U.S. Senate,,Democrat,Jon Ossoff,477
DeKalb,North Hairston,U.S. Senate,,Republican,David A. Perdue (I),260
DeKalb,North Hairston,U.S. Senate,,Democrat,Jon Ossoff,585
DeKalb,Northlake,U.S. Senate,,Republican,David A. Perdue (I),148
DeKalb,Northlake,U.S. Senate,,Democrat,Jon Ossoff,381
DeKalb,North Peachtree,U.S. Senate,,Republican,David A. Perdue (I),150
DeKalb,North Peachtree,U.S. Senate,,Democrat,Jon Ossoff,388
DeKalb,Oak Grove Elem,U.S. Senate,,Republican,David A. Perdue (I),176
DeKalb,Oak Grove Elem,U.S. Senate,,Democrat,Jon Ossoff,544
DeKalb,Oakcliff Elem,U.S. Senate,,Republican,David A. Perdue (I),263
DeKalb,Oakcliff Elem,U.S. Senate,,Democrat,Jon Ossoff,364
DeKalb,Oakhurst,U.S. Senate,,Republican,David A. Perdue (I),176
DeKalb,Oakhurst,U.S. Senate,,Democrat,Jon Ossoff,994
DeKalb,Oak View Elem,U.S. Senate,,Republican,David A. Perdue (I),444
DeKalb,Oak View Elem,U.S. Senate,,Democrat,Jon Ossoff,1654
DeKalb,Peachcrest,U.S. Senate,,Republican,David A. Perdue (I),211
DeKalb,Peachcrest,U.S. Senate,,Democrat,Jon Ossoff,553
DeKalb,Peachtree Middle,U.S. Senate,,Republican,David A. Perdue (I),285
DeKalb,Peachtree Middle,U.S. Senate,,Democrat,Jon Ossoff,872
DeKalb,Princeton Elem,U.S. Senate,,Republican,David A. Perdue (I),242
DeKalb,Princeton Elem,U.S. Senate,,Democrat,Jon Ossoff,774
DeKalb,Pine Lake,U.S. Senate,,Republican,David A. Perdue (I),247
DeKalb,Pine Lake,U.S. Senate,,Democrat,Jon Ossoff,108
DeKalb,Pleasantdale Road,U.S. Senate,,Republican,David A. Perdue (I),486
DeKalb,Pleasantdale Road,U.S. Senate,,Democrat,Jon Ossoff,832
DeKalb,Ponce de Leon,U.S. Senate,,Republican,David A. Perdue (I),163
DeKalb,Ponce de Leon,U.S. Senate,,Democrat,Jon Ossoff,848
DeKalb,Panola,U.S. Senate,,Republican,David A. Perdue (I),157
DeKalb,Panola,U.S. Senate,,Democrat,Jon Ossoff,417
DeKalb,Panola Way Elem,U.S. Senate,,Republican,David A. Perdue (I),235
DeKalb,Panola Way Elem,U.S. Senate,,Democrat,Jon Ossoff,524
DeKalb,Piney Grove,U.S. Senate,,Republican,David A. Perdue (I),206
DeKalb,Piney Grove,U.S. Senate,,Democrat,Jon Ossoff,491
DeKalb,Panola Road,U.S. Senate,,Republican,David A. Perdue (I),255
DeKalb,Panola Road,U.S. Senate,,Democrat,Jon Ossoff,937
DeKalb,Rainbow Elem,U.S. Senate,,Republican,David A. Perdue (I),351
DeKalb,Rainbow Elem,U.S. Senate,,Democrat,Jon Ossoff,1134
DeKalb,Redan Elem,U.S. Senate,,Republican,David A. Perdue (I),273
DeKalb,Redan Elem,U.S. Senate,,Democrat,Jon Ossoff,1070
DeKalb,Rehoboth,U.S. Senate,,Republican,David A. Perdue (I),110
DeKalb,Rehoboth,U.S. Senate,,Democrat,Jon Ossoff,394
DeKalb,Rockbridge Elem,U.S. Senate,,Republican,David A. Perdue (I),395
DeKalb,Rockbridge Elem,U.S. Senate,,Democrat,Jon Ossoff,810
DeKalb,Rock Chapel Elem,U.S. Senate,,Republican,David A. Perdue (I),306
DeKalb,Rock Chapel Elem,U.S. Senate,,Democrat,Jon Ossoff,961
DeKalb,Rowland Elem,U.S. Senate,,Republican,David A. Perdue (I),373
DeKalb,Rowland Elem,U.S. Senate,,Democrat,Jon Ossoff,817
DeKalb,Redan-Trotti Library,U.S. Senate,,Republican,David A. Perdue (I),325
DeKalb,Redan-Trotti Library,U.S. Senate,,Democrat,Jon Ossoff,1159
DeKalb,Rockbridge Road,U.S. Senate,,Republican,David A. Perdue (I),387
DeKalb,Rockbridge Road,U.S. Senate,,Democrat,Jon Ossoff,1383
DeKalb,Rowland Road,U.S. Senate,,Republican,David A. Perdue (I),253
DeKalb,Rowland Road,U.S. Senate,,Democrat,Jon Ossoff,557
DeKalb,Redan Road,U.S. Senate,,Republican,David A. Perdue (I),257
DeKalb,Redan Road,U.S. Senate,,Democrat,Jon Ossoff,825
DeKalb,Rock Chapel Road,U.S. Senate,,Republican,David A. Perdue (I),267
DeKalb,Rock Chapel Road,U.S. Senate,,Democrat,Jon Ossoff,1566
DeKalb,Redan Middle,U.S. Senate,,Republican,David A. Perdue (I),201
DeKalb,Redan Middle,U.S. Senate,,Democrat,Jon Ossoff,826
DeKalb,Sagamore Hills Elem,U.S. Senate,,Republican,David A. Perdue (I),200
DeKalb,Sagamore Hills Elem,U.S. Senate,,Democrat,Jon Ossoff,711
DeKalb,Scott,U.S. Senate,,Republican,David A. Perdue (I),166
DeKalb,Scott,U.S. Senate,,Democrat,Jon Ossoff,660
DeKalb,Shaw-Robert Shaw Elem,U.S. Senate,,Republican,David A. Perdue (I),320
DeKalb,Shaw-Robert Shaw Elem,U.S. Senate,,Democrat,Jon Ossoff,744
DeKalb,Stone Mountain Elem,U.S. Senate,,Republican,David A. Perdue (I),179
DeKalb,Stone Mountain Elem,U.S. Senate,,Democrat,Jon Ossoff,463
DeKalb,Silver Lake,U.S. Senate,,Republican,David A. Perdue (I),266
DeKalb,Silver Lake,U.S. Senate,,Democrat,Jon Ossoff,894
DeKalb,Skyland,U.S. Senate,,Republican,David A. Perdue (I),145
DeKalb,Skyland,U.S. Senate,,Democrat,Jon Ossoff,416
DeKalb,Snapfinger Elem,U.S. Senate,,Republican,David A. Perdue (I),188
DeKalb,Snapfinger Elem,U.S. Senate,,Democrat,Jon Ossoff,596
DeKalb,Smoke Rise,U.S. Senate,,Republican,David A. Perdue (I),150
DeKalb,Smoke Rise,U.S. Senate,,Democrat,Jon Ossoff,469
DeKalb,Stone Mtn Middle,U.S. Senate,,Republican,David A. Perdue (I),293
DeKalb,Stone Mtn Middle,U.S. Senate,,Democrat,Jon Ossoff,492
DeKalb,Stone Mill Elem,U.S. Senate,,Republican,David A. Perdue (I),380
DeKalb,Stone Mill Elem,U.S. Senate,,Democrat,Jon Ossoff,563
DeKalb,Shadow Rock Elem,U.S. Senate,,Republican,David A. Perdue (I),331
DeKalb,Shadow Rock Elem,U.S. Senate,,Democrat,Jon Ossoff,1537
DeKalb,Stoneview Elem,U.S. Senate,,Republican,David A. Perdue (I),200
DeKalb,Stoneview Elem,U.S. Senate,,Democrat,Jon Ossoff,402
DeKalb,Salem Middle,U.S. Senate,,Republican,David A. Perdue (I),324
DeKalb,Salem Middle,U.S. Senate,,Democrat,Jon Ossoff,1342
DeKalb,Shamrock,U.S. Senate,,Republican,David A. Perdue (I),142
DeKalb,Shamrock,U.S. Senate,,Democrat,Jon Ossoff,379
DeKalb,South Deshon,U.S. Senate,,Republican,David A. Perdue (I),344
DeKalb,South Deshon,U.S. Senate,,Democrat,Jon Ossoff,1140
DeKalb,Stone Mtn Champion,U.S. Senate,,Republican,David A. Perdue (I),360
DeKalb,Stone Mtn Champion,U.S. Senate,,Democrat,Jon Ossoff,663
DeKalb,Stone Mtn,U.S. Senate,,Republican,David A. Perdue (I),182
DeKalb,Stone Mtn,U.S. Senate,,Democrat,Jon Ossoff,276
DeKalb,Snapfinger Road N,U.S. Senate,,Republican,David A. Perdue (I),311
DeKalb,Snapfinger Road N,U.S. Senate,,Democrat,Jon Ossoff,611
DeKalb,Snapfinger Road S,U.S. Senate,,Republican,David A. Perdue (I),196
DeKalb,Snapfinger Road S,U.S. Senate,,Democrat,Jon Ossoff,676
DeKalb,Stephenson Middle,U.S. Senate,,Republican,David A. Perdue (I),364
DeKalb,Stephenson Middle,U.S. Senate,,Democrat,Jon Ossoff,1269
DeKalb,South Hairston,U.S. Senate,,Republican,David A. Perdue (I),402
DeKalb,South Hairston,U.S. Senate,,Democrat,Jon Ossoff,993
DeKalb,Stephenson High,U.S. Senate,,Republican,David A. Perdue (I),350
DeKalb,Stephenson High,U.S. Senate,,Democrat,Jon Ossoff,1099
DeKalb,Stonecrest Library,U.S. Senate,,Republican,David A. Perdue (I),280
DeKalb,Stonecrest Library,U.S. Senate,,Democrat,Jon Ossoff,1360
DeKalb,Snapfinger Road,U.S. Senate,,Republican,David A. Perdue (I),326
DeKalb,Snapfinger Road,U.S. Senate,,Democrat,Jon Ossoff,2175
DeKalb,Terry Mill,U.S. Senate,,Republican,David A. Perdue (I),303
DeKalb,Terry Mill,U.S. Senate,,Democrat,Jon Ossoff,921
DeKalb,Toney Elem,U.S. Senate,,Republican,David A. Perdue (I),190
DeKalb,Toney Elem,U.S. Senate,,Democrat,Jon Ossoff,405
DeKalb,Tucker Library,U.S. Senate,,Republican,David A. Perdue (I),149
DeKalb,Tucker Library,U.S. Senate,,Democrat,Jon Ossoff,889
DeKalb,Tilly Mill Road,U.S. Senate,,Republican,David A. Perdue (I),73
DeKalb,Tilly Mill Road,U.S. Senate,,Democrat,Jon Ossoff,318
DeKalb,Tucker,U.S. Senate,,Republican,David A. Perdue (I),171
DeKalb,Tucker,U.S. Senate,,Democrat,Jon Ossoff,728
DeKalb,Valley Brook,U.S. Senate,,Republican,David A. Perdue (I),154
DeKalb,Valley Brook,U.S. Senate,,Democrat,Jon Ossoff,237
DeKalb,Wadsworth,U.S. Senate,,Republican,David A. Perdue (I),365
DeKalb,Wadsworth,U.S. Senate,,Democrat,Jon Ossoff,780
DeKalb,Wesley Chapel Library,U.S. Senate,,Republican,David A. Perdue (I),272
DeKalb,Wesley Chapel Library,U.S. Senate,,Democrat,Jon Ossoff,1065
DeKalb,Woodrow Road,U.S. Senate,,Republican,David A. Perdue (I),308
DeKalb,Woodrow Road,U.S. Senate,,Democrat,Jon Ossoff,945
DeKalb,Winnona Park,U.S. Senate,,Republican,David A. Perdue (I),85
DeKalb,Winnona Park,U.S. Senate,,Democrat,Jon Ossoff,863
DeKalb,Woodridge Elem,U.S. Senate,,Republican,David A. Perdue (I),347
DeKalb,Woodridge Elem,U.S. Senate,,Democrat,Jon Ossoff,958
DeKalb,Warren Tech,U.S. Senate,,Republican,David A. Perdue (I),183
DeKalb,Warren Tech,U.S. Senate,,Democrat,Jon Ossoff,250
DeKalb,Woodward,U.S. Senate,,Republican,David A. Perdue (I),222
DeKalb,Woodward,U.S. Senate,,Democrat,Jon Ossoff,766
DeKalb,White Oak,U.S. Senate,,Republican,David A. Perdue (I),344
DeKalb,White Oak,U.S. Senate,,Democrat,Jon Ossoff,648
DeKalb,Winters Chapel,U.S. Senate,,Republican,David A. Perdue (I),91
DeKalb,Winters Chapel,U.S. Senate,,Democrat,Jon Ossoff,293
DeKalb,Wynbrooke Elem,U.S. Senate,,Republican,David A. Perdue (I),361
DeKalb,Wynbrooke Elem,U.S. Senate,,Democrat,Jon Ossoff,1206
DeKalb,Young Road,U.S. Senate,,Republican,David A. Perdue (I),151
DeKalb,Young Road,U.S. Senate,,Democrat,Jon Ossoff,699
DeKalb,Allgood Elem,U.S. Senate (Special),,Republican,Kelly Loeffler (I),298
DeKalb,Allgood Elem,U.S. Senate (Special),,Democrat,Raphael Warnock,796
DeKalb,Ashford Park Elem,U.S. Senate (Special),,Republican,Kelly Loeffler (I),171
DeKalb,Ashford Park Elem,U.S. Senate (Special),,Democrat,Raphael Warnock,430
DeKalb,Austin,U.S. Senate (Special),,Republican,Kelly Loeffler (I),124
DeKalb,Austin,U.S. Senate (Special),,Democrat,Raphael Warnock,463
DeKalb,Avondale,U.S. Senate (Special),,Republican,Kelly Loeffler (I),338
DeKalb,Avondale,U.S. Senate (Special),,Democrat,Raphael Warnock,842
DeKalb,Austin Drive,U.S. Senate (Special),,Republican,Kelly Loeffler (I),268
DeKalb,Austin Drive,U.S. Senate (Special),,Democrat,Raphael Warnock,576
DeKalb,Ashford Dunwoody Rd,U.S. Senate (Special),,Republican,Kelly Loeffler (I),189
DeKalb,Ashford Dunwoody Rd,U.S. Senate (Special),,Democrat,Raphael Warnock,690
DeKalb,Ashford Parkside,U.S. Senate (Special),,Republican,Kelly Loeffler (I),145
DeKalb,Ashford Parkside,U.S. Senate (Special),,Democrat,Raphael Warnock,733
DeKalb,Avondale High,U.S. Senate (Special),,Republican,Kelly Loeffler (I),215
DeKalb,Avondale High,U.S. Senate (Special),,Democrat,Raphael Warnock,1057
DeKalb,Boulevard,U.S. Senate (Special),,Republican,Kelly Loeffler (I),367
DeKalb,Boulevard,U.S. Senate (Special),,Democrat,Raphael Warnock,1839
DeKalb,Briar Vista Elem,U.S. Senate (Special),,Republican,Kelly Loeffler (I),241
DeKalb,Briar Vista Elem,U.S. Senate (Special),,Democrat,Raphael Warnock,684
DeKalb,Briarlake Elem,U.S. Senate (Special),,Republican,Kelly Loeffler (I),154
DeKalb,Briarlake Elem,U.S. Senate (Special),,Democrat,Raphael Warnock,417
DeKalb,Briarwood,U.S. Senate (Special),,Republican,Kelly Loeffler (I),171
DeKalb,Briarwood,U.S. Senate (Special),,Democrat,Raphael Warnock,496
DeKalb,Brockett Elem,U.S. Senate (Special),,Republican,Kelly Loeffler (I),204
DeKalb,Brockett Elem,U.S. Senate (Special),,Democrat,Raphael Warnock,641
DeKalb,Briarcliff,U.S. Senate (Special),,Republican,Kelly Loeffler (I),170
DeKalb,Briarcliff,U.S. Senate (Special),,Democrat,Raphael Warnock,567
DeKalb,Brockett,U.S. Senate (Special),,Republican,Kelly Loeffler (I),250
DeKalb,Brockett,U.S. Senate (Special),,Democrat,Raphael Warnock,604
DeKalb,Brookhaven,U.S. Senate (Special),,Republican,Kelly Loeffler (I),274
DeKalb,Brookhaven,U.S. Senate (Special),,Democrat,Raphael Warnock,692
DeKalb,Browns Mill Elem,U.S. Senate (Special),,Republican,Kelly Loeffler (I),420
DeKalb,Browns Mill Elem,U.S. Senate (Special),,Democrat,Raphael Warnock,1390
DeKalb,Bouldercrest Road,U.S. Senate (Special),,Republican,Kelly Loeffler (I),195
DeKalb,Bouldercrest Road,U.S. Senate (Special),,Democrat,Raphael Warnock,709
DeKalb,Bethune Middle,U.S. Senate (Special),,Republican,Kelly Loeffler (I),412
DeKalb,Bethune Middle,U.S. Senate (Special),,Democrat,Raphael Warnock,1305
DeKalb,Burgess Elem,U.S. Senate (Special),,Republican,Kelly Loeffler (I),267
DeKalb,Burgess Elem,U.S. Senate (Special),,Democrat,Raphael Warnock,1302
DeKalb,Columbia Drive,U.S. Senate (Special),,Republican,Kelly Loeffler (I),266
DeKalb,Columbia Drive,U.S. Senate (Special),,Democrat,Raphael Warnock,531
DeKalb,Canby Lane Elem,U.S. Senate (Special),,Republican,Kelly Loeffler (I),252
DeKalb,Canby Lane Elem,U.S. Senate (Special),,Democrat,Raphael Warnock,493
DeKalb,Columbia Elem,U.S. Senate (Special),,Republican,Kelly Loeffler (I),168
DeKalb,Columbia Elem,U.S. Senate (Special),,Democrat,Raphael Warnock,299
DeKalb,Cedar Grove Elem,U.S. Senate (Special),,Republican,Kelly Loeffler (I),386
DeKalb,Cedar Grove Elem,U.S. Senate (Special),,Democrat,Raphael Warnock,1372
DeKalb,Chamblee,U.S. Senate (Special),,Republican,Kelly Loeffler (I),163
DeKalb,Chamblee,U.S. Senate (Special),,Democrat,Raphael Warnock,504
DeKalb,Candler-Murphey Candler Elem,U.S. Senate (Special),,Republican,Kelly Loeffler (I),350
DeKalb,Candler-Murphey Candler Elem,U.S. Senate (Special),,Democrat,Raphael Warnock,1330
DeKalb,Chapel Hill Elem,U.S. Senate (Special),,Republican,Kelly Loeffler (I),374
DeKalb,Chapel Hill Elem,U.S. Senate (Special),,Democrat,Raphael Warnock,1102
DeKalb,Chesnut Elem,U.S. Senate (Special),,Republican,Kelly Loeffler (I),248
DeKalb,Chesnut Elem,U.S. Senate (Special),,Democrat,Raphael Warnock,607
DeKalb,Clairemont West,U.S. Senate (Special),,Republican,Kelly Loeffler (I),190
DeKalb,Clairemont West,U.S. Senate (Special),,Democrat,Raphael Warnock,1156
DeKalb,Clairmont Road,U.S. Senate (Special),,Republican,Kelly Loeffler (I),214
DeKalb,Clairmont Road,U.S. Senate (Special),,Democrat,Raphael Warnock,703
DeKalb,Clarkston,U.S. Senate (Special),,Republican,Kelly Loeffler (I),509
DeKalb,Clarkston,U.S. Senate (Special),,Democrat,Raphael Warnock,772
DeKalb,Clifton,U.S. Senate (Special),,Republican,Kelly Loeffler (I),171
DeKalb,Clifton,U.S. Senate (Special),,Democrat,Raphael Warnock,511
DeKalb,Columbia Middle,U.S. Senate (Special),,Republican,Kelly Loeffler (I),189
DeKalb,Columbia Middle,U.S. Senate (Special),,Democrat,Raphael Warnock,549
DeKalb,Coan Recreation Center,U.S. Senate (Special),,Republican,Kelly Loeffler (I),320
DeKalb,Coan Recreation Center,U.S. Senate (Special),,Democrat,Raphael Warnock,1536
DeKalb,Cross Keys High,U.S. Senate (Special),,Republican,Kelly Loeffler (I),133
DeKalb,Cross Keys High,U.S. Senate (Special),,Democrat,Raphael Warnock,479
DeKalb,Crossroads,U.S. Senate (Special),,Republican,Kelly Loeffler (I),274
DeKalb,Crossroads,U.S. Senate (Special),,Democrat,Raphael Warnock,839
DeKalb,Candler,U.S. Senate (Special),,Republican,Kelly Loeffler (I),311
DeKalb,Candler,U.S. Senate (Special),,Democrat,Raphael Warnock,901
DeKalb,Cedar Grove Middle,U.S. Senate (Special),,Republican,Kelly Loeffler (I),156
DeKalb,Cedar Grove Middle,U.S. Senate (Special),,Democrat,Raphael Warnock,458
DeKalb,Cedar Grove South,U.S. Senate (Special),,Republican,Kelly Loeffler (I),386
DeKalb,Cedar Grove South,U.S. Senate (Special),,Democrat,Raphael Warnock,1494
DeKalb,Covington Hwy,U.S. Senate (Special),,Republican,Kelly Loeffler (I),50
DeKalb,Covington Hwy,U.S. Senate (Special),,Democrat,Raphael Warnock,76
DeKalb,Covington,U.S. Senate (Special),,Republican,Kelly Loeffler (I),175
DeKalb,Covington,U.S. Senate (Special),,Democrat,Raphael Warnock,629
DeKalb,Clairemont East,U.S. Senate (Special),,Republican,Kelly Loeffler (I),179
DeKalb,Clairemont East,U.S. Senate (Special),,Democrat,Raphael Warnock,1081
DeKalb,Coralwood,U.S. Senate (Special),,Republican,Kelly Loeffler (I),164
DeKalb,Coralwood,U.S. Senate (Special),,Democrat,Raphael Warnock,871
DeKalb,Candler Park,U.S. Senate (Special),,Republican,Kelly Loeffler (I),205
DeKalb,Candler Park,U.S. Senate (Special),,Democrat,Raphael Warnock,1715
DeKalb,Clarkston Community Center,U.S. Senate (Special),,Republican,Kelly Loeffler (I),289
DeKalb,Clarkston Community Center,U.S. Senate (Special),,Democrat,Raphael Warnock,491
DeKalb,Chamblee 2,U.S. Senate (Special),,Republican,Kelly Loeffler (I),164
DeKalb,Chamblee 2,U.S. Senate (Special),,Democrat,Raphael Warnock,804
DeKalb,Doraville North,U.S. Senate (Special),,Republican,Kelly Loeffler (I),400
DeKalb,Doraville North,U.S. Senate (Special),,Democrat,Raphael Warnock,544
DeKalb,Doraville South,U.S. Senate (Special),,Republican,Kelly Loeffler (I),132
DeKalb,Doraville South,U.S. Senate (Special),,Democrat,Raphael Warnock,251
DeKalb,Dresden Elem,U.S. Senate (Special),,Republican,Kelly Loeffler (I),440
DeKalb,Dresden Elem,U.S. Senate (Special),,Democrat,Raphael Warnock,1018
DeKalb,Decatur,U.S. Senate (Special),,Republican,Kelly Loeffler (I),145
DeKalb,Decatur,U.S. Senate (Special),,Democrat,Raphael Warnock,826
DeKalb,Dunaire Elem,U.S. Senate (Special),,Republican,Kelly Loeffler (I),251
DeKalb,Dunaire Elem,U.S. Senate (Special),,Democrat,Raphael Warnock,579
DeKalb,Dunwoody,U.S. Senate (Special),,Republican,Kelly Loeffler (I),189
DeKalb,Dunwoody,U.S. Senate (Special),,Democrat,Raphael Warnock,693
DeKalb,Dunwoody 2,U.S. Senate (Special),,Republican,Kelly Loeffler (I),89
DeKalb,Dunwoody 2,U.S. Senate (Special),,Democrat,Raphael Warnock,513
DeKalb,Druid Hills High,U.S. Senate (Special),,Republican,Kelly Loeffler (I),159
DeKalb,Druid Hills High,U.S. Senate (Special),,Democrat,Raphael Warnock,533
DeKalb,Dunwoody Library,U.S. Senate (Special),,Republican,Kelly Loeffler (I),91
DeKalb,Dunwoody Library,U.S. Senate (Special),,Democrat,Raphael Warnock,539
DeKalb,East Lake,U.S. Senate (Special),,Republican,Kelly Loeffler (I),297
DeKalb,East Lake,U.S. Senate (Special),,Democrat,Raphael Warnock,1450
DeKalb,Embry Hills,U.S. Senate (Special),,Republican,Kelly Loeffler (I),116
DeKalb,Embry Hills,U.S. Senate (Special),,Democrat,Raphael Warnock,393
DeKalb,Evansdale Elem,U.S. Senate (Special),,Republican,Kelly Loeffler (I),262
DeKalb,Evansdale Elem,U.S. Senate (Special),,Democrat,Raphael Warnock,769
DeKalb,Emory South,U.S. Senate (Special),,Republican,Kelly Loeffler (I),261
DeKalb,Emory South,U.S. Senate (Special),,Democrat,Raphael Warnock,801
DeKalb,Emory Road,U.S. Senate (Special),,Republican,Kelly Loeffler (I),91
DeKalb,Emory Road,U.S. Senate (Special),,Democrat,Raphael Warnock,254
DeKalb,Fairington Elem,U.S. Senate (Special),,Republican,Kelly Loeffler (I),554
DeKalb,Fairington Elem,U.S. Senate (Special),,Democrat,Raphael Warnock,1298
DeKalb,Fernbank Elem,U.S. Senate (Special),,Republican,Kelly Loeffler (I),173
DeKalb,Fernbank Elem,U.S. Senate (Special),,Democrat,Raphael Warnock,629
DeKalb,Flat Shoals Elem,U.S. Senate (Special),,Republican,Kelly Loeffler (I),215
DeKalb,Flat Shoals Elem,U.S. Senate (Special),,Democrat,Raphael Warnock,586
DeKalb,Flat Shoals Parkway,U.S. Senate (Special),,Republican,Kelly Loeffler (I),303
DeKalb,Flat Shoals Parkway,U.S. Senate (Special),,Democrat,Raphael Warnock,1222
DeKalb,Flat Rock Elem,U.S. Senate (Special),,Republican,Kelly Loeffler (I),329
DeKalb,Flat Rock Elem,U.S. Senate (Special),,Democrat,Raphael Warnock,1228
DeKalb,Flat Shoals,U.S. Senate (Special),,Republican,Kelly Loeffler (I),195
DeKalb,Flat Shoals,U.S. Senate (Special),,Democrat,Raphael Warnock,650
DeKalb,Flakes Mill Fire Station,U.S. Senate (Special),,Republican,Kelly Loeffler (I),150
DeKalb,Flakes Mill Fire Station,U.S. Senate (Special),,Democrat,Raphael Warnock,772
DeKalb,Flat Shoals Library,U.S. Senate (Special),,Republican,Kelly Loeffler (I),241
DeKalb,Flat Shoals Library,U.S. Senate (Special),,Democrat,Raphael Warnock,722
DeKalb,Freedom Middle,U.S. Senate (Special),,Republican,Kelly Loeffler (I),336
DeKalb,Freedom Middle,U.S. Senate (Special),,Democrat,Raphael Warnock,804
DeKalb,Glennwood,U.S. Senate (Special),,Republican,Kelly Loeffler (I),141
DeKalb,Glennwood,U.S. Senate (Special),,Democrat,Raphael Warnock,819
DeKalb,Glenhaven,U.S. Senate (Special),,Republican,Kelly Loeffler (I),230
DeKalb,Glenhaven,U.S. Senate (Special),,Democrat,Raphael Warnock,458
DeKalb,Gresham Road,U.S. Senate (Special),,Republican,Kelly Loeffler (I),311
DeKalb,Gresham Road,U.S. Senate (Special),,Democrat,Raphael Warnock,1086
DeKalb,Georgetown Sq,U.S. Senate (Special),,Republican,Kelly Loeffler (I),336
DeKalb,Georgetown Sq,U.S. Senate (Special),,Democrat,Raphael Warnock,920
DeKalb,Glenwood Road,U.S. Senate (Special),,Republican,Kelly Loeffler (I),247
DeKalb,Glenwood Road,U.S. Senate (Special),,Democrat,Raphael Warnock,458
DeKalb,Hambrick Elem,U.S. Senate (Special),,Republican,Kelly Loeffler (I),398
DeKalb,Hambrick Elem,U.S. Senate (Special),,Democrat,Raphael Warnock,952
DeKalb,Hawthorne Elem,U.S. Senate (Special),,Republican,Kelly Loeffler (I),343
DeKalb,Hawthorne Elem,U.S. Senate (Special),,Democrat,Raphael Warnock,935
DeKalb,Henderson Mill,U.S. Senate (Special),,Republican,Kelly Loeffler (I),250
DeKalb,Henderson Mill,U.S. Senate (Special),,Democrat,Raphael Warnock,691
DeKalb,Huntley Hills Elem,U.S. Senate (Special),,Republican,Kelly Loeffler (I),368
DeKalb,Huntley Hills Elem,U.S. Senate (Special),,Democrat,Raphael Warnock,866
DeKalb,Hugh Howell,U.S. Senate (Special),,Republican,Kelly Loeffler (I),176
DeKalb,Hugh Howell,U.S. Senate (Special),,Democrat,Raphael Warnock,415
DeKalb,Harris-Narvie J Harris Elem,U.S. Senate (Special),,Republican,Kelly Loeffler (I),270
DeKalb,Harris-Narvie J Harris Elem,U.S. Senate (Special),,Democrat,Raphael Warnock,1582
DeKalb,Harris-Margaret Harris ED,U.S. Senate (Special),,Republican,Kelly Loeffler (I),190
DeKalb,Harris-Margaret Harris ED,U.S. Senate (Special),,Democrat,Raphael Warnock,375
DeKalb,Idlewood Elem,U.S. Senate (Special),,Republican,Kelly Loeffler (I),226
DeKalb,Idlewood Elem,U.S. Senate (Special),,Democrat,Raphael Warnock,644
DeKalb,Indian Creek,U.S. Senate (Special),,Republican,Kelly Loeffler (I),174
DeKalb,Indian Creek,U.S. Senate (Special),,Democrat,Raphael Warnock,458
DeKalb,Johnson Estates,U.S. Senate (Special),,Republican,Kelly Loeffler (I),58
DeKalb,Johnson Estates,U.S. Senate (Special),,Democrat,Raphael Warnock,499
DeKalb,Jolly Elem,U.S. Senate (Special),,Republican,Kelly Loeffler (I),350
DeKalb,Jolly Elem,U.S. Senate (Special),,Democrat,Raphael Warnock,788
DeKalb,Kelley Lake Elem,U.S. Senate (Special),,Republican,Kelly Loeffler (I),323
DeKalb,Kelley Lake Elem,U.S. Senate (Special),,Democrat,Raphael Warnock,687
DeKalb,Kingsley Elem,U.S. Senate (Special),,Republican,Kelly Loeffler (I),141
DeKalb,Kingsley Elem,U.S. Senate (Special),,Democrat,Raphael Warnock,384
DeKalb,Kelley Chapel Road,U.S. Senate (Special),,Republican,Kelly Loeffler (I),162
DeKalb,Kelley Chapel Road,U.S. Senate (Special),,Democrat,Raphael Warnock,420
DeKalb,Knollwood,U.S. Senate (Special),,Republican,Kelly Loeffler (I),329
DeKalb,Knollwood,U.S. Senate (Special),,Democrat,Raphael Warnock,585
DeKalb,Kittredge Elem,U.S. Senate (Special),,Republican,Kelly Loeffler (I),89
DeKalb,Kittredge Elem,U.S. Senate (Special),,Democrat,Raphael Warnock,503
DeKalb,Lakeside High,U.S. Senate (Special),,Republican,Kelly Loeffler (I),241
DeKalb,Lakeside High,U.S. Senate (Special),,Democrat,Raphael Warnock,791
DeKalb,Lavista Road,U.S. Senate (Special),,Republican,Kelly Loeffler (I),163
DeKalb,Lavista Road,U.S. Senate (Special),,Democrat,Raphael Warnock,470
DeKalb,Lavista,U.S. Senate (Special),,Republican,Kelly Loeffler (I),260
DeKalb,Lavista,U.S. Senate (Special),,Democrat,Raphael Warnock,635
DeKalb,Lithonia,U.S. Senate (Special),,Republican,Kelly Loeffler (I),254
DeKalb,Lithonia,U.S. Senate (Special),,Democrat,Raphael Warnock,341
DeKalb,Lin-Mary Lin Elem,U.S. Senate (Special),,Republican,Kelly Loeffler (I),197
DeKalb,Lin-Mary Lin Elem,U.S. Senate (Special),,Democrat,Raphael Warnock,1024
DeKalb,Lithonia High,U.S. Senate (Special),,Republican,Kelly Loeffler (I),412
DeKalb,Lithonia High,U.S. Senate (Special),,Democrat,Raphael Warnock,962
DeKalb,Livsey Elem,U.S. Senate (Special),,Republican,Kelly Loeffler (I),98
DeKalb,Livsey Elem,U.S. Senate (Special),,Democrat,Raphael Warnock,344
DeKalb,Miller-Eldridge L Miller Elem,U.S. Senate (Special),,Republican,Kelly Loeffler (I),331
DeKalb,Miller-Eldridge L Miller Elem,U.S. Senate (Special),,Democrat,Raphael Warnock,889
DeKalb,McNair High,U.S. Senate (Special),,Republican,Kelly Loeffler (I),356
DeKalb,McNair High,U.S. Senate (Special),,Democrat,Raphael Warnock,1361
DeKalb,Marbut Elem,U.S. Senate (Special),,Republican,Kelly Loeffler (I),399
DeKalb,Marbut Elem,U.S. Senate (Special),,Democrat,Raphael Warnock,1304
DeKalb,McNair,U.S. Senate (Special),,Republican,Kelly Loeffler (I),248
DeKalb,McNair,U.S. Senate (Special),,Democrat,Raphael Warnock,747
DeKalb,McLendon,U.S. Senate (Special),,Republican,Kelly Loeffler (I),309
DeKalb,McLendon,U.S. Senate (Special),,Democrat,Raphael Warnock,869
DeKalb,McWilliams,U.S. Senate (Special),,Republican,Kelly Loeffler (I),200
DeKalb,McWilliams,U.S. Senate (Special),,Democrat,Raphael Warnock,929
DeKalb,Medlock,U.S. Senate (Special),,Republican,Kelly Loeffler (I),234
DeKalb,Medlock,U.S. Senate (Special),,Democrat,Raphael Warnock,558
DeKalb,Midvale Elem,U.S. Senate (Special),,Republican,Kelly Loeffler (I),146
DeKalb,Midvale Elem,U.S. Senate (Special),,Democrat,Raphael Warnock,594
DeKalb,Miller Grove,U.S. Senate (Special),,Republican,Kelly Loeffler (I),462
DeKalb,Miller Grove,U.S. Senate (Special),,Democrat,Raphael Warnock,1182
DeKalb,Montclair Elem,U.S. Senate (Special),,Republican,Kelly Loeffler (I),268
DeKalb,Montclair Elem,U.S. Senate (Special),,Democrat,Raphael Warnock,482
DeKalb,Montreal,U.S. Senate (Special),,Republican,Kelly Loeffler (I),298
DeKalb,Montreal,U.S. Senate (Special),,Democrat,Raphael Warnock,630
DeKalb,Meadowview,U.S. Senate (Special),,Republican,Kelly Loeffler (I),307
DeKalb,Meadowview,U.S. Senate (Special),,Democrat,Raphael Warnock,913
DeKalb,Memorial South,U.S. Senate (Special),,Republican,Kelly Loeffler (I),315
DeKalb,Memorial South,U.S. Senate (Special),,Democrat,Raphael Warnock,611
DeKalb,Midway,U.S. Senate (Special),,Republican,Kelly Loeffler (I),231
DeKalb,Midway,U.S. Senate (Special),,Democrat,Raphael Warnock,717
DeKalb,McNair Academy,U.S. Senate (Special),,Republican,Kelly Loeffler (I),185
DeKalb,McNair Academy,U.S. Senate (Special),,Democrat,Raphael Warnock,579
DeKalb,Mount Vernon East,U.S. Senate (Special),,Republican,Kelly Loeffler (I),142
DeKalb,Mount Vernon East,U.S. Senate (Special),,Democrat,Raphael Warnock,564
DeKalb,Mathis-Bob Mathis Elem,U.S. Senate (Special),,Republican,Kelly Loeffler (I),239
DeKalb,Mathis-Bob Mathis Elem,U.S. Senate (Special),,Democrat,Raphael Warnock,921
DeKalb,Mount Vernon West,U.S. Senate (Special),,Republican,Kelly Loeffler (I),93
DeKalb,Mount Vernon West,U.S. Senate (Special),,Democrat,Raphael Warnock,600
DeKalb,Metropolitan,U.S. Senate (Special),,Republican,Kelly Loeffler (I),267
DeKalb,Metropolitan,U.S. Senate (Special),,Democrat,Raphael Warnock,1313
DeKalb,Montgomery Elem,U.S. Senate (Special),,Republican,Kelly Loeffler (I),162
DeKalb,Montgomery Elem,U.S. Senate (Special),,Democrat,Raphael Warnock,534
DeKalb,Miller Grove Road,U.S. Senate (Special),,Republican,Kelly Loeffler (I),244
DeKalb,Miller Grove Road,U.S. Senate (Special),,Democrat,Raphael Warnock,674
DeKalb,Midvale Road,U.S. Senate (Special),,Republican,Kelly Loeffler (I),185
DeKalb,Midvale Road,U.S. Senate (Special),,Democrat,Raphael Warnock,498
DeKalb,Miller Grove High,U.S. Senate (Special),,Republican,Kelly Loeffler (I),351
DeKalb,Miller Grove High,U.S. Senate (Special),,Democrat,Raphael Warnock,814
DeKalb,North Decatur,U.S. Senate (Special),,Republican,Kelly Loeffler (I),194
DeKalb,North Decatur,U.S. Senate (Special),,Democrat,Raphael Warnock,477
DeKalb,North Hairston,U.S. Senate (Special),,Republican,Kelly Loeffler (I),263
DeKalb,North Hairston,U.S. Senate (Special),,Democrat,Raphael Warnock,592
DeKalb,Northlake,U.S. Senate (Special),,Republican,Kelly Loeffler (I),154
DeKalb,Northlake,U.S. Senate (Special),,Democrat,Raphael Warnock,384
DeKalb,North Peachtree,U.S. Senate (Special),,Republican,Kelly Loeffler (I),161
DeKalb,North Peachtree,U.S. Senate (Special),,Democrat,Raphael Warnock,392
DeKalb,Oak Grove Elem,U.S. Senate (Special),,Republican,Kelly Loeffler (I),183
DeKalb,Oak Grove Elem,U.S. Senate (Special),,Democrat,Raphael Warnock,550
DeKalb,Oakcliff Elem,U.S. Senate (Special),,Republican,Kelly Loeffler (I),263
DeKalb,Oakcliff Elem,U.S. Senate (Special),,Democrat,Raphael Warnock,361
DeKalb,Oakhurst,U.S. Senate (Special),,Republican,Kelly Loeffler (I),186
DeKalb,Oakhurst,U.S. Senate (Special),,Democrat,Raphael Warnock,1004
DeKalb,Oak View Elem,U.S. Senate (Special),,Republican,Kelly Loeffler (I),445
DeKalb,Oak View Elem,U.S. Senate (Special),,Democrat,Raphael Warnock,1658
DeKalb,Peachcrest,U.S. Senate (Special),,Republican,Kelly Loeffler (I),213
DeKalb,Peachcrest,U.S. Senate (Special),,Democrat,Raphael Warnock,554
DeKalb,Peachtree Middle,U.S. Senate (Special),,Republican,Kelly Loeffler (I),292
DeKalb,Peachtree Middle,U.S. Senate (Special),,Democrat,Raphael Warnock,877
DeKalb,Princeton Elem,U.S. Senate (Special),,Republican,Kelly Loeffler (I),247
DeKalb,Princeton Elem,U.S. Senate (Special),,Democrat,Raphael Warnock,773
DeKalb,Pine Lake,U.S. Senate (Special),,Republican,Kelly Loeffler (I),246
DeKalb,Pine Lake,U.S. Senate (Special),,Democrat,Raphael Warnock,109
DeKalb,Pleasantdale Road,U.S. Senate (Special),,Republican,Kelly Loeffler (I),479
DeKalb,Pleasantdale Road,U.S. Senate (Special),,Democrat,Raphael Warnock,839
DeKalb,Ponce de Leon,U.S. Senate (Special),,Republican,Kelly Loeffler (I),161
DeKalb,Ponce de Leon,U.S. Senate (Special),,Democrat,Raphael Warnock,847
DeKalb,Panola,U.S. Senate (Special),,Republican,Kelly Loeffler (I),158
DeKalb,Panola,U.S. Senate (Special),,Democrat,Raphael Warnock,419
DeKalb,Panola Way Elem,U.S. Senate (Special),,Republican,Kelly Loeffler (I),238
DeKalb,Panola Way Elem,U.S. Senate (Special),,Democrat,Raphael Warnock,524
DeKalb,Piney Grove,U.S. Senate (Special),,Republican,Kelly Loeffler (I),207
DeKalb,Piney Grove,U.S. Senate (Special),,Democrat,Raphael Warnock,494
DeKalb,Panola Road,U.S. Senate (Special),,Republican,Kelly Loeffler (I),256
DeKalb,Panola Road,U.S. Senate (Special),,Democrat,Raphael Warnock,937
DeKalb,Rainbow Elem,U.S. Senate (Special),,Republican,Kelly Loeffler (I),353
DeKalb,Rainbow Elem,U.S. Senate (Special),,Democrat,Raphael Warnock,1135
DeKalb,Redan Elem,U.S. Senate (Special),,Republican,Kelly Loeffler (I),273
DeKalb,Redan Elem,U.S. Senate (Special),,Democrat,Raphael Warnock,1070
DeKalb,Rehoboth,U.S. Senate (Special),,Republican,Kelly Loeffler (I),107
DeKalb,Rehoboth,U.S. Senate (Special),,Democrat,Raphael Warnock,396
DeKalb,Rockbridge Elem,U.S. Senate (Special),,Republican,Kelly Loeffler (I),395
DeKalb,Rockbridge Elem,U.S. Senate (Special),,Democrat,Raphael Warnock,813
DeKalb,Rock Chapel Elem,U.S. Senate (Special),,Republican,Kelly Loeffler (I),307
DeKalb,Rock Chapel Elem,U.S. Senate (Special),,Democrat,Raphael Warnock,961
DeKalb,Rowland Elem,U.S. Senate (Special),,Republican,Kelly Loeffler (I),377
DeKalb,Rowland Elem,U.S. Senate (Special),,Democrat,Raphael Warnock,824
DeKalb,Redan-Trotti Library,U.S. Senate (Special),,Republican,Kelly Loeffler (I),326
DeKalb,Redan-Trotti Library,U.S. Senate (Special),,Democrat,Raphael Warnock,1165
DeKalb,Rockbridge Road,U.S. Senate (Special),,Republican,Kelly Loeffler (I),389
DeKalb,Rockbridge Road,U.S. Senate (Special),,Democrat,Raphael Warnock,1384
DeKalb,Rowland Road,U.S. Senate (Special),,Republican,Kelly Loeffler (I),255
DeKalb,Rowland Road,U.S. Senate (Special),,Democrat,Raphael Warnock,555
DeKalb,Redan Road,U.S. Senate (Special),,Republican,Kelly Loeffler (I),259
DeKalb,Redan Road,U.S. Senate (Special),,Democrat,Raphael Warnock,823
DeKalb,Rock Chapel Road,U.S. Senate (Special),,Republican,Kelly Loeffler (I),267
DeKalb,Rock Chapel Road,U.S. Senate (Special),,Democrat,Raphael Warnock,1567
DeKalb,Redan Middle,U.S. Senate (Special),,Republican,Kelly Loeffler (I),204
DeKalb,Redan Middle,U.S. Senate (Special),,Democrat,Raphael Warnock,827
DeKalb,Sagamore Hills Elem,U.S. Senate (Special),,Republican,Kelly Loeffler (I),215
DeKalb,Sagamore Hills Elem,U.S. Senate (Special),,Democrat,Raphael Warnock,723
DeKalb,Scott,U.S. Senate (Special),,Republican,Kelly Loeffler (I),168
DeKalb,Scott,U.S. Senate (Special),,Democrat,Raphael Warnock,665
DeKalb,Shaw-Robert Shaw Elem,U.S. Senate (Special),,Republican,Kelly Loeffler (I),320
DeKalb,Shaw-Robert Shaw Elem,U.S. Senate (Special),,Democrat,Raphael Warnock,748
DeKalb,Stone Mountain Elem,U.S. Senate (Special),,Republican,Kelly Loeffler (I),183
DeKalb,Stone Mountain Elem,U.S. Senate (Special),,Democrat,Raphael Warnock,464
DeKalb,Silver Lake,U.S. Senate (Special),,Republican,Kelly Loeffler (I),275
DeKalb,Silver Lake,U.S. Senate (Special),,Democrat,Raphael Warnock,908
DeKalb,Skyland,U.S. Senate (Special),,Republican,Kelly Loeffler (I),148
DeKalb,Skyland,U.S. Senate (Special),,Democrat,Raphael Warnock,429
DeKalb,Snapfinger Elem,U.S. Senate (Special),,Republican,Kelly Loeffler (I),191
DeKalb,Snapfinger Elem,U.S. Senate (Special),,Democrat,Raphael Warnock,597
DeKalb,Smoke Rise,U.S. Senate (Special),,Republican,Kelly Loeffler (I),152
DeKalb,Smoke Rise,U.S. Senate (Special),,Democrat,Raphael Warnock,469
DeKalb,Stone Mtn Middle,U.S. Senate (Special),,Republican,Kelly Loeffler (I),295
DeKalb,Stone Mtn Middle,U.S. Senate (Special),,Democrat,Raphael Warnock,496
DeKalb,Stone Mill Elem,U.S. Senate (Special),,Republican,Kelly Loeffler (I),379
DeKalb,Stone Mill Elem,U.S. Senate (Special),,Democrat,Raphael Warnock,565
DeKalb,Shadow Rock Elem,U.S. Senate (Special),,Republican,Kelly Loeffler (I),334
DeKalb,Shadow Rock Elem,U.S. Senate (Special),,Democrat,Raphael Warnock,1540
DeKalb,Stoneview Elem,U.S. Senate (Special),,Republican,Kelly Loeffler (I),201
DeKalb,Stoneview Elem,U.S. Senate (Special),,Democrat,Raphael Warnock,405
DeKalb,Salem Middle,U.S. Senate (Special),,Republican,Kelly Loeffler (I),326
DeKalb,Salem Middle,U.S. Senate (Special),,Democrat,Raphael Warnock,1340
DeKalb,Shamrock,U.S. Senate (Special),,Republican,Kelly Loeffler (I),150
DeKalb,Shamrock,U.S. Senate (Special),,Democrat,Raphael Warnock,381
DeKalb,South Deshon,U.S. Senate (Special),,Republican,Kelly Loeffler (I),344
DeKalb,South Deshon,U.S. Senate (Special),,Democrat,Raphael Warnock,1142
DeKalb,Stone Mtn Champion,U.S. Senate (Special),,Republican,Kelly Loeffler (I),362
DeKalb,Stone Mtn Champion,U.S. Senate (Special),,Democrat,Raphael Warnock,665
DeKalb,Stone Mtn,U.S. Senate (Special),,Republican,Kelly Loeffler (I),184
DeKalb,Stone Mtn,U.S. Senate (Special),,Democrat,Raphael Warnock,280
DeKalb,Snapfinger Road N,U.S. Senate (Special),,Republican,Kelly Loeffler (I),313
DeKalb,Snapfinger Road N,U.S. Senate (Special),,Democrat,Raphael Warnock,612
DeKalb,Snapfinger Road S,U.S. Senate (Special),,Republican,Kelly Loeffler (I),200
DeKalb,Snapfinger Road S,U.S. Senate (Special),,Democrat,Raphael Warnock,678
DeKalb,Stephenson Middle,U.S. Senate (Special),,Republican,Kelly Loeffler (I),367
DeKalb,Stephenson Middle,U.S. Senate (Special),,Democrat,Raphael Warnock,1270
DeKalb,South Hairston,U.S. Senate (Special),,Republican,Kelly Loeffler (I),403
DeKalb,South Hairston,U.S. Senate (Special),,Democrat,Raphael Warnock,995
DeKalb,Stephenson High,U.S. Senate (Special),,Republican,Kelly Loeffler (I),348
DeKalb,Stephenson High,U.S. Senate (Special),,Democrat,Raphael Warnock,1099
DeKalb,Stonecrest Library,U.S. Senate (Special),,Republican,Kelly Loeffler (I),279
DeKalb,Stonecrest Library,U.S. Senate (Special),,Democrat,Raphael Warnock,1365
DeKalb,Snapfinger Road,U.S. Senate (Special),,Republican,Kelly Loeffler (I),328
DeKalb,Snapfinger Road,U.S. Senate (Special),,Democrat,Raphael Warnock,2178
DeKalb,Terry Mill,U.S. Senate (Special),,Republican,Kelly Loeffler (I),306
DeKalb,Terry Mill,U.S. Senate (Special),,Democrat,Raphael Warnock,925
DeKalb,Toney Elem,U.S. Senate (Special),,Republican,Kelly Loeffler (I),191
DeKalb,Toney Elem,U.S. Senate (Special),,Democrat,Raphael Warnock,406
DeKalb,Tucker Library,U.S. Senate (Special),,Republican,Kelly Loeffler (I),160
DeKalb,Tucker Library,U.S. Senate (Special),,Democrat,Raphael Warnock,903
DeKalb,Tilly Mill Road,U.S. Senate (Special),,Republican,Kelly Loeffler (I),78
DeKalb,Tilly Mill Road,U.S. Senate (Special),,Democrat,Raphael Warnock,330
DeKalb,Tucker,U.S. Senate (Special),,Republican,Kelly Loeffler (I),172
DeKalb,Tucker,U.S. Senate (Special),,Democrat,Raphael Warnock,736
DeKalb,Valley Brook,U.S. Senate (Special),,Republican,Kelly Loeffler (I),156
DeKalb,Valley Brook,U.S. Senate (Special),,Democrat,Raphael Warnock,238
DeKalb,Wadsworth,U.S. Senate (Special),,Republican,Kelly Loeffler (I),368
DeKalb,Wadsworth,U.S. Senate (Special),,Democrat,Raphael Warnock,787
DeKalb,Wesley Chapel Library,U.S. Senate (Special),,Republican,Kelly Loeffler (I),272
DeKalb,Wesley Chapel Library,U.S. Senate (Special),,Democrat,Raphael Warnock,1070
DeKalb,Woodrow Road,U.S. Senate (Special),,Republican,Kelly Loeffler (I),310
DeKalb,Woodrow Road,U.S. Senate (Special),,Democrat,Raphael Warnock,950
DeKalb,Winnona Park,U.S. Senate (Special),,Republican,Kelly Loeffler (I),89
DeKalb,Winnona Park,U.S. Senate (Special),,Democrat,Raphael Warnock,862
DeKalb,Woodridge Elem,U.S. Senate (Special),,Republican,Kelly Loeffler (I),352
DeKalb,Woodridge Elem,U.S. Senate (Special),,Democrat,Raphael Warnock,958
DeKalb,Warren Tech,U.S. Senate (Special),,Republican,Kelly Loeffler (I),189
DeKalb,Warren Tech,U.S. Senate (Special),,Democrat,Raphael Warnock,251
DeKalb,Woodward,U.S. Senate (Special),,Republican,Kelly Loeffler (I),224
DeKalb,Woodward,U.S. Senate (Special),,Democrat,Raphael Warnock,769
DeKalb,White Oak,U.S. Senate (Special),,Republican,Kelly Loeffler (I),343
DeKalb,White Oak,U.S. Senate (Special),,Democrat,Raphael Warnock,649
DeKalb,Winters Chapel,U.S. Senate (Special),,Republican,Kelly Loeffler (I),91
DeKalb,Winters Chapel,U.S. Senate (Special),,Democrat,Raphael Warnock,296
DeKalb,Wynbrooke Elem,U.S. Senate (Special),,Republican,Kelly Loeffler (I),366
DeKalb,Wynbrooke Elem,U.S. Senate (Special),,Democrat,Raphael Warnock,1211
DeKalb,Young Road,U.S. Senate (Special),,Republican,Kelly Loeffler (I),153
DeKalb,Young Road,U.S. Senate (Special),,Democrat,Raphael Warnock,703
Dodge,Chauncey,U.S. Senate,,Republican,David A. Perdue (I),35
Dodge,Chauncey,U.S. Senate,,Democrat,Jon Ossoff,13
Dodge,Clark,U.S. Senate,,Republican,David A. Perdue (I),1
Dodge,Clark,U.S. Senate,,Democrat,Jon Ossoff,1
Dodge,Eddin,U.S. Senate,,Republican,David A. Perdue (I),64
Dodge,Eddin,U.S. Senate,,Democrat,Jon Ossoff,95
Dodge,Empire,U.S. Senate,,Republican,David A. Perdue (I),10
Dodge,Empire,U.S. Senate,,Democrat,Jon Ossoff,9
Dodge,Jaybird,U.S. Senate,,Republican,David A. Perdue (I),21
Dodge,Jaybird,U.S. Senate,,Democrat,Jon Ossoff,23
Dodge,Jones,U.S. Senate,,Republican,David A. Perdue (I),17
Dodge,Jones,U.S. Senate,,Democrat,Jon Ossoff,17
Dodge,Lee,U.S. Senate,,Republican,David A. Perdue (I),248
Dodge,Lee,U.S. Senate,,Democrat,Jon Ossoff,590
Dodge,McCranie,U.S. Senate,,Republican,David A. Perdue (I),10
Dodge,McCranie,U.S. Senate,,Democrat,Jon Ossoff,18
Dodge,Milan,U.S. Senate,,Republican,David A. Perdue (I),20
Dodge,Milan,U.S. Senate,,Democrat,Jon Ossoff,9
Dodge,Mitchell,U.S. Senate,,Republican,David A. Perdue (I),13
Dodge,Mitchell,U.S. Senate,,Democrat,Jon Ossoff,24
Dodge,Mullis,U.S. Senate,,Republican,David A. Perdue (I),39
Dodge,Mullis,U.S. Senate,,Democrat,Jon Ossoff,14
Dodge,Plainfield,U.S. Senate,,Republican,David A. Perdue (I),10
Dodge,Plainfield,U.S. Senate,,Democrat,Jon Ossoff,12
Dodge,Pondtown,U.S. Senate,,Republican,David A. Perdue (I),42
Dodge,Pondtown,U.S. Senate,,Democrat,Jon Ossoff,34
Dodge,Rawlins,U.S. Senate,,Republican,David A. Perdue (I),36
Dodge,Rawlins,U.S. Senate,,Democrat,Jon Ossoff,61
Dodge,Vilula,U.S. Senate,,Republican,David A. Perdue (I),2
Dodge,Vilula,U.S. Senate,,Democrat,Jon Ossoff,0
Dodge,Yonker,U.S. Senate,,Republican,David A. Perdue (I),7
Dodge,Yonker,U.S. Senate,,Democrat,Jon Ossoff,5
Dodge,Chauncey,U.S. Senate (Special),,Republican,Kelly Loeffler (I),35
Dodge,Chauncey,U.S. Senate (Special),,Democrat,Raphael Warnock,12
Dodge,Clark,U.S. Senate (Special),,Republican,Kelly Loeffler (I),1
Dodge,Clark,U.S. Senate (Special),,Democrat,Raphael Warnock,1
Dodge,Eddin,U.S. Senate (Special),,Republican,Kelly Loeffler (I),64
Dodge,Eddin,U.S. Senate (Special),,Democrat,Raphael Warnock,95
Dodge,Empire,U.S. Senate (Special),,Republican,Kelly Loeffler (I),9
Dodge,Empire,U.S. Senate (Special),,Democrat,Raphael Warnock,9
Dodge,Jaybird,U.S. Senate (Special),,Republican,Kelly Loeffler (I),21
Dodge,Jaybird,U.S. Senate (Special),,Democrat,Raphael Warnock,23
Dodge,Jones,U.S. Senate (Special),,Republican,Kelly Loeffler (I),17
Dodge,Jones,U.S. Senate (Special),,Democrat,Raphael Warnock,17
Dodge,Lee,U.S. Senate (Special),,Republican,Kelly Loeffler (I),249
Dodge,Lee,U.S. Senate (Special),,Democrat,Raphael Warnock,596
Dodge,McCranie,U.S. Senate (Special),,Republican,Kelly Loeffler (I),9
Dodge,McCranie,U.S. Senate (Special),,Democrat,Raphael Warnock,18
Dodge,Milan,U.S. Senate (Special),,Republican,Kelly Loeffler (I),19
Dodge,Milan,U.S. Senate (Special),,Democrat,Raphael Warnock,9
Dodge,Mitchell,U.S. Senate (Special),,Republican,Kelly Loeffler (I),14
Dodge,Mitchell,U.S. Senate (Special),,Democrat,Raphael Warnock,24
Dodge,Mullis,U.S. Senate (Special),,Republican,Kelly Loeffler (I),40
Dodge,Mullis,U.S. Senate (Special),,Democrat,Raphael Warnock,14
Dodge,Plainfield,U.S. Senate (Special),,Republican,Kelly Loeffler (I),10
Dodge,Plainfield,U.S. Senate (Special),,Democrat,Raphael Warnock,13
Dodge,Pondtown,U.S. Senate (Special),,Republican,Kelly Loeffler (I),42
Dodge,Pondtown,U.S. Senate (Special),,Democrat,Raphael Warnock,34
Dodge,Rawlins,U.S. Senate (Special),,Republican,Kelly Loeffler (I),37
Dodge,Rawlins,U.S. Senate (Special),,Democrat,Raphael Warnock,59
Dodge,Vilula,U.S. Senate (Special),,Republican,Kelly Loeffler (I),1
Dodge,Vilula,U.S. Senate (Special),,Democrat,Raphael Warnock,0
Dodge,Yonker,U.S. Senate (Special),,Republican,Kelly Loeffler (I),8
Dodge,Yonker,U.S. Senate (Special),,Democrat,Raphael Warnock,4
Dooly,Lilly,U.S. Senate,,Republican,David A. Perdue (I),70
Dooly,Lilly,U.S. Senate,,Democrat,Jon Ossoff,72
Dooly,Byromville,U.S. Senate,,Republican,David A. Perdue (I),80
Dooly,Byromville,U.S. Senate,,Democrat,Jon Ossoff,69
Dooly,Unadilla,U.S. Senate,,Republican,David A. Perdue (I),185
Dooly,Unadilla,U.S. Senate,,Democrat,Jon Ossoff,199
Dooly,Vienna,U.S. Senate,,Republican,David A. Perdue (I),183
Dooly,Vienna,U.S. Senate,,Democrat,Jon Ossoff,436
Dooly,Pinehurst,U.S. Senate,,Republican,David A. Perdue (I),37
Dooly,Pinehurst,U.S. Senate,,Democrat,Jon Ossoff,34
Dooly,Lilly,U.S. Senate (Special),,Republican,Kelly Loeffler (I),69
Dooly,Lilly,U.S. Senate (Special),,Democrat,Raphael Warnock,72
Dooly,Byromville,U.S. Senate (Special),,Republican,Kelly Loeffler (I),80
Dooly,Byromville,U.S. Senate (Special),,Democrat,Raphael Warnock,69
Dooly,Unadilla,U.S. Senate (Special),,Republican,Kelly Loeffler (I),180
Dooly,Unadilla,U.S. Senate (Special),,Democrat,Raphael Warnock,201
Dooly,Vienna,U.S. Senate (Special),,Republican,Kelly Loeffler (I),186
Dooly,Vienna,U.S. Senate (Special),,Democrat,Raphael Warnock,443
Dooly,Pinehurst,U.S. Senate (Special),,Republican,Kelly Loeffler (I),37
Dooly,Pinehurst,U.S. Senate (Special),,Democrat,Raphael Warnock,35
Dougherty,Palmyra Methodist,U.S. Senate,,Republican,David A. Perdue (I),230
Dougherty,Palmyra Methodist,U.S. Senate,,Democrat,Jon Ossoff,280
Dougherty,Sherwood Elementary,U.S. Senate,,Republican,David A. Perdue (I),390
Dougherty,Sherwood Elementary,U.S. Senate,,Democrat,Jon Ossoff,420
Dougherty,Covenant Church,U.S. Senate,,Republican,David A. Perdue (I),251
Dougherty,Covenant Church,U.S. Senate,,Democrat,Jon Ossoff,252
Dougherty,Greenbriar Church,U.S. Senate,,Republican,David A. Perdue (I),288
Dougherty,Greenbriar Church,U.S. Senate,,Democrat,Jon Ossoff,633
Dougherty,Westover High School,U.S. Senate,,Republican,David A. Perdue (I),345
Dougherty,Westover High School,U.S. Senate,,Democrat,Jon Ossoff,664
Dougherty,Merry Acres Middle,U.S. Senate,,Republican,David A. Perdue (I),212
Dougherty,Merry Acres Middle,U.S. Senate,,Democrat,Jon Ossoff,296
Dougherty,Darton College,U.S. Senate,,Republican,David A. Perdue (I),474
Dougherty,Darton College,U.S. Senate,,Democrat,Jon Ossoff,859
Dougherty,Westtown Elementary,U.S. Senate,,Republican,David A. Perdue (I),490
Dougherty,Westtown Elementary,U.S. Senate,,Democrat,Jon Ossoff,653
Dougherty,2nd Mt Zion Church,U.S. Senate,,Republican,David A. Perdue (I),114
Dougherty,2nd Mt Zion Church,U.S. Senate,,Democrat,Jon Ossoff,140
Dougherty,Mt Zion Center,U.S. Senate,,Republican,David A. Perdue (I),488
Dougherty,Mt Zion Center,U.S. Senate,,Democrat,Jon Ossoff,617
Dougherty,Alice Coachman Elementary,U.S. Senate,,Republican,David A. Perdue (I),127
Dougherty,Alice Coachman Elementary,U.S. Senate,,Democrat,Jon Ossoff,168
Dougherty,Carver Teen Center,U.S. Senate,,Republican,David A. Perdue (I),240
Dougherty,Carver Teen Center,U.S. Senate,,Democrat,Jon Ossoff,170
Dougherty,Shiloh Baptist Church,U.S. Senate,,Republican,David A. Perdue (I),226
Dougherty,Shiloh Baptist Church,U.S. Senate,,Democrat,Jon Ossoff,188
Dougherty,Litman Cathedral,U.S. Senate,,Republican,David A. Perdue (I),257
Dougherty,Litman Cathedral,U.S. Senate,,Democrat,Jon Ossoff,181
Dougherty,Phoebe Healthworks,U.S. Senate,,Republican,David A. Perdue (I),181
Dougherty,Phoebe Healthworks,U.S. Senate,,Democrat,Jon Ossoff,145
Dougherty,Turner Elementary,U.S. Senate,,Republican,David A. Perdue (I),96
Dougherty,Turner Elementary,U.S. Senate,,Democrat,Jon Ossoff,67
Dougherty,Jackson Heights Elementary,U.S. Senate,,Republican,David A. Perdue (I),353
Dougherty,Jackson Heights Elementary,U.S. Senate,,Democrat,Jon Ossoff,362
Dougherty,Bill Miller Center,U.S. Senate,,Republican,David A. Perdue (I),305
Dougherty,Bill Miller Center,U.S. Senate,,Democrat,Jon Ossoff,383
Dougherty,Radium Middle School,U.S. Senate,,Republican,David A. Perdue (I),101
Dougherty,Radium Middle School,U.S. Senate,,Democrat,Jon Ossoff,120
Dougherty,Putney 1st Baptist Church,U.S. Senate,,Republican,David A. Perdue (I),258
Dougherty,Putney 1st Baptist Church,U.S. Senate,,Democrat,Jon Ossoff,342
Dougherty,International Studies,U.S. Senate,,Republican,David A. Perdue (I),108
Dougherty,International Studies,U.S. Senate,,Democrat,Jon Ossoff,190
Dougherty,Phoebe East,U.S. Senate,,Republican,David A. Perdue (I),401
Dougherty,Phoebe East,U.S. Senate,,Democrat,Jon Ossoff,387
Dougherty,Pine Bluff Baptist Church,U.S. Senate,,Republican,David A. Perdue (I),225
Dougherty,Pine Bluff Baptist Church,U.S. Senate,,Democrat,Jon Ossoff,339
Dougherty,Albany Middle School,U.S. Senate,,Republican,David A. Perdue (I),311
Dougherty,Albany Middle School,U.S. Senate,,Democrat,Jon Ossoff,297
Dougherty,Christ Church,U.S. Senate,,Republican,David A. Perdue (I),128
Dougherty,Christ Church,U.S. Senate,,Democrat,Jon Ossoff,230
Dougherty,Lamar Reese Elementary,U.S. Senate,,Republican,David A. Perdue (I),162
Dougherty,Lamar Reese Elementary,U.S. Senate,,Democrat,Jon Ossoff,220
Dougherty,1st Christian Church,U.S. Senate,,Republican,David A. Perdue (I),130
Dougherty,1st Christian Church,U.S. Senate,,Democrat,Jon Ossoff,196
Dougherty,Lovett Hall,U.S. Senate,,Republican,David A. Perdue (I),54
Dougherty,Lovett Hall,U.S. Senate,,Democrat,Jon Ossoff,54
Dougherty,Palmyra Methodist,U.S. Senate (Special),,Republican,Kelly Loeffler (I),231
Dougherty,Palmyra Methodist,U.S. Senate (Special),,Democrat,Raphael Warnock,278
Dougherty,Sherwood Elementary,U.S. Senate (Special),,Republican,Kelly Loeffler (I),391
Dougherty,Sherwood Elementary,U.S. Senate (Special),,Democrat,Raphael Warnock,418
Dougherty,Covenant Church,U.S. Senate (Special),,Republican,Kelly Loeffler (I),253
Dougherty,Covenant Church,U.S. Senate (Special),,Democrat,Raphael Warnock,252
Dougherty,Greenbriar Church,U.S. Senate (Special),,Republican,Kelly Loeffler (I),291
Dougherty,Greenbriar Church,U.S. Senate (Special),,Democrat,Raphael Warnock,633
Dougherty,Westover High School,U.S. Senate (Special),,Republican,Kelly Loeffler (I),342
Dougherty,Westover High School,U.S. Senate (Special),,Democrat,Raphael Warnock,665
Dougherty,Merry Acres Middle,U.S. Senate (Special),,Republican,Kelly Loeffler (I),214
Dougherty,Merry Acres Middle,U.S. Senate (Special),,Democrat,Raphael Warnock,294
Dougherty,Darton College,U.S. Senate (Special),,Republican,Kelly Loeffler (I),476
Dougherty,Darton College,U.S. Senate (Special),,Democrat,Raphael Warnock,865
Dougherty,Westtown Elementary,U.S. Senate (Special),,Republican,Kelly Loeffler (I),491
Dougherty,Westtown Elementary,U.S. Senate (Special),,Democrat,Raphael Warnock,654
Dougherty,2nd Mt Zion Church,U.S. Senate (Special),,Republican,Kelly Loeffler (I),112
Dougherty,2nd Mt Zion Church,U.S. Senate (Special),,Democrat,Raphael Warnock,141
Dougherty,Mt Zion Center,U.S. Senate (Special),,Republican,Kelly Loeffler (I),488
Dougherty,Mt Zion Center,U.S. Senate (Special),,Democrat,Raphael Warnock,620
Dougherty,Alice Coachman Elementary,U.S. Senate (Special),,Republican,Kelly Loeffler (I),127
Dougherty,Alice Coachman Elementary,U.S. Senate (Special),,Democrat,Raphael Warnock,168
Dougherty,Carver Teen Center,U.S. Senate (Special),,Republican,Kelly Loeffler (I),243
Dougherty,Carver Teen Center,U.S. Senate (Special),,Democrat,Raphael Warnock,172
Dougherty,Shiloh Baptist Church,U.S. Senate (Special),,Republican,Kelly Loeffler (I),228
Dougherty,Shiloh Baptist Church,U.S. Senate (Special),,Democrat,Raphael Warnock,187
Dougherty,Litman Cathedral,U.S. Senate (Special),,Republican,Kelly Loeffler (I),255
Dougherty,Litman Cathedral,U.S. Senate (Special),,Democrat,Raphael Warnock,183
Dougherty,Phoebe Healthworks,U.S. Senate (Special),,Republican,Kelly Loeffler (I),177
Dougherty,Phoebe Healthworks,U.S. Senate (Special),,Democrat,Raphael Warnock,144
Dougherty,Turner Elementary,U.S. Senate (Special),,Republican,Kelly Loeffler (I),96
Dougherty,Turner Elementary,U.S. Senate (Special),,Democrat,Raphael Warnock,68
Dougherty,Jackson Heights Elementary,U.S. Senate (Special),,Republican,Kelly Loeffler (I),357
Dougherty,Jackson Heights Elementary,U.S. Senate (Special),,Democrat,Raphael Warnock,363
Dougherty,Bill Miller Center,U.S. Senate (Special),,Republican,Kelly Loeffler (I),305
Dougherty,Bill Miller Center,U.S. Senate (Special),,Democrat,Raphael Warnock,384
Dougherty,Radium Middle School,U.S. Senate (Special),,Republican,Kelly Loeffler (I),102
Dougherty,Radium Middle School,U.S. Senate (Special),,Democrat,Raphael Warnock,120
Dougherty,Putney 1st Baptist Church,U.S. Senate (Special),,Republican,Kelly Loeffler (I),257
Dougherty,Putney 1st Baptist Church,U.S. Senate (Special),,Democrat,Raphael Warnock,343
Dougherty,International Studies,U.S. Senate (Special),,Republican,Kelly Loeffler (I),107
Dougherty,International Studies,U.S. Senate (Special),,Democrat,Raphael Warnock,189
Dougherty,Phoebe East,U.S. Senate (Special),,Republican,Kelly Loeffler (I),399
Dougherty,Phoebe East,U.S. Senate (Special),,Democrat,Raphael Warnock,388
Dougherty,Pine Bluff Baptist Church,U.S. Senate (Special),,Republican,Kelly Loeffler (I),227
Dougherty,Pine Bluff Baptist Church,U.S. Senate (Special),,Democrat,Raphael Warnock,337
Dougherty,Albany Middle School,U.S. Senate (Special),,Republican,Kelly Loeffler (I),314
Dougherty,Albany Middle School,U.S. Senate (Special),,Democrat,Raphael Warnock,298
Dougherty,Christ Church,U.S. Senate (Special),,Republican,Kelly Loeffler (I),128
Dougherty,Christ Church,U.S. Senate (Special),,Democrat,Raphael Warnock,230
Dougherty,Lamar Reese Elementary,U.S. Senate (Special),,Republican,Kelly Loeffler (I),163
Dougherty,Lamar Reese Elementary,U.S. Senate (Special),,Democrat,Raphael Warnock,220
Dougherty,1st Christian Church,U.S. Senate (Special),,Republican,Kelly Loeffler (I),133
Dougherty,1st Christian Church,U.S. Senate (Special),,Democrat,Raphael Warnock,198
Dougherty,Lovett Hall,U.S. Senate (Special),,Republican,Kelly Loeffler (I),54
Dougherty,Lovett Hall,U.S. Senate (Special),,Democrat,Raphael Warnock,55
Douglas,Mirror Lake Elementary,U.S. Senate,,Republican,David A. Perdue (I),516
Douglas,Mirror Lake Elementary,U.S. Senate,,Democrat,Jon Ossoff,1009
Douglas,Winston,U.S. Senate,,Republican,David A. Perdue (I),171
Douglas,Winston,U.S. Senate,,Democrat,Jon Ossoff,365
Douglas,Dog River Library,U.S. Senate,,Republican,David A. Perdue (I),106
Douglas,Dog River Library,U.S. Senate,,Democrat,Jon Ossoff,526
Douglas,Atlanta West Pentecostal,U.S. Senate,,Republican,David A. Perdue (I),493
Douglas,Atlanta West Pentecostal,U.S. Senate,,Democrat,Jon Ossoff,750
Douglas,Ephesus Baptist Church,U.S. Senate,,Republican,David A. Perdue (I),135
Douglas,Ephesus Baptist Church,U.S. Senate,,Democrat,Jon Ossoff,320
Douglas,Prays Mill Gym,U.S. Senate,,Republican,David A. Perdue (I),271
Douglas,Prays Mill Gym,U.S. Senate,,Democrat,Jon Ossoff,781
Douglas,Turner,U.S. Senate,,Republican,David A. Perdue (I),306
Douglas,Turner,U.S. Senate,,Democrat,Jon Ossoff,611
Douglas,First Baptist Lithia Springs,U.S. Senate,,Republican,David A. Perdue (I),169
Douglas,First Baptist Lithia Springs,U.S. Senate,,Democrat,Jon Ossoff,261
Douglas,Lithia Springs High School,U.S. Senate,,Republican,David A. Perdue (I),510
Douglas,Lithia Springs High School,U.S. Senate,,Democrat,Jon Ossoff,1722
Douglas,Deer Lick,U.S. Senate,,Republican,David A. Perdue (I),204
Douglas,Deer Lick,U.S. Senate,,Democrat,Jon Ossoff,574
Douglas,Golden Methodist Church,U.S. Senate,,Republican,David A. Perdue (I),537
Douglas,Golden Methodist Church,U.S. Senate,,Democrat,Jon Ossoff,1453
Douglas,Old Courthouse,U.S. Senate,,Republican,David A. Perdue (I),395
Douglas,Old Courthouse,U.S. Senate,,Democrat,Jon Ossoff,1013
Douglas,Beulah Baptist Church,U.S. Senate,,Republican,David A. Perdue (I),249
Douglas,Beulah Baptist Church,U.S. Senate,,Democrat,Jon Ossoff,530
Douglas,Stewart,U.S. Senate,,Republican,David A. Perdue (I),353
Douglas,Stewart,U.S. Senate,,Democrat,Jon Ossoff,777
Douglas,Arbor Station,U.S. Senate,,Republican,David A. Perdue (I),284
Douglas,Arbor Station,U.S. Senate,,Democrat,Jon Ossoff,617
Douglas,Bright Star,U.S. Senate,,Republican,David A. Perdue (I),169
Douglas,Bright Star,U.S. Senate,,Democrat,Jon Ossoff,312
Douglas,Dorsett Shoals,U.S. Senate,,Republican,David A. Perdue (I),219
Douglas,Dorsett Shoals,U.S. Senate,,Democrat,Jon Ossoff,426
Douglas,Chapel Hill,U.S. Senate,,Republican,David A. Perdue (I),369
Douglas,Chapel Hill,U.S. Senate,,Democrat,Jon Ossoff,1065
Douglas,Church At Chapel Hill,U.S. Senate,,Republican,David A. Perdue (I),515
Douglas,Church At Chapel Hill,U.S. Senate,,Democrat,Jon Ossoff,1717
Douglas,Chestnut Log,U.S. Senate,,Republican,David A. Perdue (I),346
Douglas,Chestnut Log,U.S. Senate,,Democrat,Jon Ossoff,1025
Douglas,St Julians Episcopal,U.S. Senate,,Republican,David A. Perdue (I),170
Douglas,St Julians Episcopal,U.S. Senate,,Democrat,Jon Ossoff,263
Douglas,Lutheran Church-GS,U.S. Senate,,Republican,David A. Perdue (I),286
Douglas,Lutheran Church-GS,U.S. Senate,,Democrat,Jon Ossoff,1026
Douglas,First Baptist Douglasville,U.S. Senate,,Republican,David A. Perdue (I),161
Douglas,First Baptist Douglasville,U.S. Senate,,Democrat,Jon Ossoff,545
Douglas,Factory Shoals,U.S. Senate,,Republican,David A. Perdue (I),305
Douglas,Factory Shoals,U.S. Senate,,Democrat,Jon Ossoff,1356
Douglas,Boundary Waters,U.S. Senate,,Republican,David A. Perdue (I),346
Douglas,Boundary Waters,U.S. Senate,,Democrat,Jon Ossoff,1566
Douglas,Mirror Lake Elementary,U.S. Senate (Special),,Republican,Kelly Loeffler (I),519
Douglas,Mirror Lake Elementary,U.S. Senate (Special),,Democrat,Raphael Warnock,1018
Douglas,Winston,U.S. Senate (Special),,Republican,Kelly Loeffler (I),172
Douglas,Winston,U.S. Senate (Special),,Democrat,Raphael Warnock,365
Douglas,Dog River Library,U.S. Senate (Special),,Republican,Kelly Loeffler (I),107
Douglas,Dog River Library,U.S. Senate (Special),,Democrat,Raphael Warnock,536
Douglas,Atlanta West Pentecostal,U.S. Senate (Special),,Republican,Kelly Loeffler (I),497
Douglas,Atlanta West Pentecostal,U.S. Senate (Special),,Democrat,Raphael Warnock,747
Douglas,Ephesus Baptist Church,U.S. Senate (Special),,Republican,Kelly Loeffler (I),135
Douglas,Ephesus Baptist Church,U.S. Senate (Special),,Democrat,Raphael Warnock,328
Douglas,Prays Mill Gym,U.S. Senate (Special),,Republican,Kelly Loeffler (I),273
Douglas,Prays Mill Gym,U.S. Senate (Special),,Democrat,Raphael Warnock,787
Douglas,Turner,U.S. Senate (Special),,Republican,Kelly Loeffler (I),307
Douglas,Turner,U.S. Senate (Special),,Democrat,Raphael Warnock,609
Douglas,First Baptist Lithia Springs,U.S. Senate (Special),,Republican,Kelly Loeffler (I),173
Douglas,First Baptist Lithia Springs,U.S. Senate (Special),,Democrat,Raphael Warnock,266
Douglas,Lithia Springs High School,U.S. Senate (Special),,Republican,Kelly Loeffler (I),510
Douglas,Lithia Springs High School,U.S. Senate (Special),,Democrat,Raphael Warnock,1723
Douglas,Deer Lick,U.S. Senate (Special),,Republican,Kelly Loeffler (I),203
Douglas,Deer Lick,U.S. Senate (Special),,Democrat,Raphael Warnock,582
Douglas,Golden Methodist Church,U.S. Senate (Special),,Republican,Kelly Loeffler (I),541
Douglas,Golden Methodist Church,U.S. Senate (Special),,Democrat,Raphael Warnock,1454
Douglas,Old Courthouse,U.S. Senate (Special),,Republican,Kelly Loeffler (I),399
Douglas,Old Courthouse,U.S. Senate (Special),,Democrat,Raphael Warnock,1012
Douglas,Beulah Baptist Church,U.S. Senate (Special),,Republican,Kelly Loeffler (I),249
Douglas,Beulah Baptist Church,U.S. Senate (Special),,Democrat,Raphael Warnock,534
Douglas,Stewart,U.S. Senate (Special),,Republican,Kelly Loeffler (I),352
Douglas,Stewart,U.S. Senate (Special),,Democrat,Raphael Warnock,785
Douglas,Arbor Station,U.S. Senate (Special),,Republican,Kelly Loeffler (I),295
Douglas,Arbor Station,U.S. Senate (Special),,Democrat,Raphael Warnock,625
Douglas,Bright Star,U.S. Senate (Special),,Republican,Kelly Loeffler (I),178
Douglas,Bright Star,U.S. Senate (Special),,Democrat,Raphael Warnock,316
Douglas,Dorsett Shoals,U.S. Senate (Special),,Republican,Kelly Loeffler (I),229
Douglas,Dorsett Shoals,U.S. Senate (Special),,Democrat,Raphael Warnock,430
Douglas,Chapel Hill,U.S. Senate (Special),,Republican,Kelly Loeffler (I),374
Douglas,Chapel Hill,U.S. Senate (Special),,Democrat,Raphael Warnock,1066
Douglas,Church At Chapel Hill,U.S. Senate (Special),,Republican,Kelly Loeffler (I),514
Douglas,Church At Chapel Hill,U.S. Senate (Special),,Democrat,Raphael Warnock,1727
Douglas,Chestnut Log,U.S. Senate (Special),,Republican,Kelly Loeffler (I),346
Douglas,Chestnut Log,U.S. Senate (Special),,Democrat,Raphael Warnock,1034
Douglas,St Julians Episcopal,U.S. Senate (Special),,Republican,Kelly Loeffler (I),171
Douglas,St Julians Episcopal,U.S. Senate (Special),,Democrat,Raphael Warnock,267
Douglas,Lutheran Church-GS,U.S. Senate (Special),,Republican,Kelly Loeffler (I),288
Douglas,Lutheran Church-GS,U.S. Senate (Special),,Democrat,Raphael Warnock,1036
Douglas,First Baptist Douglasville,U.S. Senate (Special),,Republican,Kelly Loeffler (I),163
Douglas,First Baptist Douglasville,U.S. Senate (Special),,Democrat,Raphael Warnock,545
Douglas,Factory Shoals,U.S. Senate (Special),,Republican,Kelly Loeffler (I),305
Douglas,Factory Shoals,U.S. Senate (Special),,Democrat,Raphael Warnock,1357
Douglas,Boundary Waters,U.S. Senate (Special),,Republican,Kelly Loeffler (I),342
Douglas,Boundary Waters,U.S. Senate (Special),,Democrat,Raphael Warnock,1569
Early,Arlington,U.S. Senate,,Republican,David A. Perdue (I),126
Early,Arlington,U.S. Senate,,Democrat,Jon Ossoff,96
Early,Blakely,U.S. Senate,,Republican,David A. Perdue (I),475
Early,Blakely,U.S. Senate,,Democrat,Jon Ossoff,530
Early,Cedar Springs,U.S. Senate,,Republican,David A. Perdue (I),35
Early,Cedar Springs,U.S. Senate,,Democrat,Jon Ossoff,74
Early,Cuba,U.S. Senate,,Republican,David A. Perdue (I),65
Early,Cuba,U.S. Senate,,Democrat,Jon Ossoff,116
Early,Urquhart,U.S. Senate,,Republican,David A. Perdue (I),24
Early,Urquhart,U.S. Senate,,Democrat,Jon Ossoff,42
Early,Arlington,U.S. Senate (Special),,Republican,Kelly Loeffler (I),125
Early,Arlington,U.S. Senate (Special),,Democrat,Raphael Warnock,94
Early,Blakely,U.S. Senate (Special),,Republican,Kelly Loeffler (I),475
Early,Blakely,U.S. Senate (Special),,Democrat,Raphael Warnock,531
Early,Cedar Springs,U.S. Senate (Special),,Republican,Kelly Loeffler (I),34
Early,Cedar Springs,U.S. Senate (Special),,Democrat,Raphael Warnock,74
Early,Cuba,U.S. Senate (Special),,Republican,Kelly Loeffler (I),65
Early,Cuba,U.S. Senate (Special),,Democrat,Raphael Warnock,114
Early,Urquhart,U.S. Senate (Special),,Republican,Kelly Loeffler (I),24
Early,Urquhart,U.S. Senate (Special),,Democrat,Raphael Warnock,42
Echols,Statenville,U.S. Senate,,Republican,David A. Perdue (I),32
Echols,Statenville,U.S. Senate,,Democrat,Jon Ossoff,83
Echols,Statenville,U.S. Senate (Special),,Republican,Kelly Loeffler (I),35
Echols,Statenville,U.S. Senate (Special),,Democrat,Raphael Warnock,78
Effingham,1A,U.S. Senate,,Republican,David A. Perdue (I),75
Effingham,1A,U.S. Senate,,Democrat,Jon Ossoff,106
Effingham,1B,U.S. Senate,,Republican,David A. Perdue (I),97
Effingham,1B,U.S. Senate,,Democrat,Jon Ossoff,119
Effingham,1C,U.S. Senate,,Republican,David A. Perdue (I),88
Effingham,1C,U.S. Senate,,Democrat,Jon Ossoff,45
Effingham,1D,U.S. Senate,,Republican,David A. Perdue (I),64
Effingham,1D,U.S. Senate,,Democrat,Jon Ossoff,53
Effingham,2A,U.S. Senate,,Republican,David A. Perdue (I),138
Effingham,2A,U.S. Senate,,Democrat,Jon Ossoff,182
Effingham,2B,U.S. Senate,,Republican,David A. Perdue (I),159
Effingham,2B,U.S. Senate,,Democrat,Jon Ossoff,208
Effingham,2C,U.S. Senate,,Republican,David A. Perdue (I),204
Effingham,2C,U.S. Senate,,Democrat,Jon Ossoff,385
Effingham,3A,U.S. Senate,,Republican,David A. Perdue (I),60
Effingham,3A,U.S. Senate,,Democrat,Jon Ossoff,65
Effingham,3B,U.S. Senate,,Republican,David A. Perdue (I),134
Effingham,3B,U.S. Senate,,Democrat,Jon Ossoff,134
Effingham,3C,U.S. Senate,,Republican,David A. Perdue (I),71
Effingham,3C,U.S. Senate,,Democrat,Jon Ossoff,163
Effingham,3D,U.S. Senate,,Republican,David A. Perdue (I),167
Effingham,3D,U.S. Senate,,Democrat,Jon Ossoff,242
Effingham,4A,U.S. Senate,,Republican,David A. Perdue (I),133
Effingham,4A,U.S. Senate,,Democrat,Jon Ossoff,246
Effingham,4B,U.S. Senate,,Republican,David A. Perdue (I),82
Effingham,4B,U.S. Senate,,Democrat,Jon Ossoff,180
Effingham,4C,U.S. Senate,,Republican,David A. Perdue (I),83
Effingham,4C,U.S. Senate,,Democrat,Jon Ossoff,125
Effingham,5A,U.S. Senate,,Republican,David A. Perdue (I),113
Effingham,5A,U.S. Senate,,Democrat,Jon Ossoff,186
Effingham,5B,U.S. Senate,,Republican,David A. Perdue (I),263
Effingham,5B,U.S. Senate,,Democrat,Jon Ossoff,392
Effingham,5C,U.S. Senate,,Republican,David A. Perdue (I),88
Effingham,5C,U.S. Senate,,Democrat,Jon Ossoff,152
Effingham,1A,U.S. Senate (Special),,Republican,Kelly Loeffler (I),74
Effingham,1A,U.S. Senate (Special),,Democrat,Raphael Warnock,105
Effingham,1B,U.S. Senate (Special),,Republican,Kelly Loeffler (I),92
Effingham,1B,U.S. Senate (Special),,Democrat,Raphael Warnock,119
Effingham,1C,U.S. Senate (Special),,Republican,Kelly Loeffler (I),92
Effingham,1C,U.S. Senate (Special),,Democrat,Raphael Warnock,45
Effingham,1D,U.S. Senate (Special),,Republican,Kelly Loeffler (I),62
Effingham,1D,U.S. Senate (Special),,Democrat,Raphael Warnock,54
Effingham,2A,U.S. Senate (Special),,Republican,Kelly Loeffler (I),141
Effingham,2A,U.S. Senate (Special),,Democrat,Raphael Warnock,181
Effingham,2B,U.S. Senate (Special),,Republican,Kelly Loeffler (I),158
Effingham,2B,U.S. Senate (Special),,Democrat,Raphael Warnock,209
Effingham,2C,U.S. Senate (Special),,Republican,Kelly Loeffler (I),201
Effingham,2C,U.S. Senate (Special),,Democrat,Raphael Warnock,387
Effingham,3A,U.S. Senate (Special),,Republican,Kelly Loeffler (I),60
Effingham,3A,U.S. Senate (Special),,Democrat,Raphael Warnock,64
Effingham,3B,U.S. Senate (Special),,Republican,Kelly Loeffler (I),139
Effingham,3B,U.S. Senate (Special),,Democrat,Raphael Warnock,134
Effingham,3C,U.S. Senate (Special),,Republican,Kelly Loeffler (I),71
Effingham,3C,U.S. Senate (Special),,Democrat,Raphael Warnock,163
Effingham,3D,U.S. Senate (Special),,Republican,Kelly Loeffler (I),171
Effingham,3D,U.S. Senate (Special),,Democrat,Raphael Warnock,241
Effingham,4A,U.S. Senate (Special),,Republican,Kelly Loeffler (I),134
Effingham,4A,U.S. Senate (Special),,Democrat,Raphael Warnock,248
Effingham,4B,U.S. Senate (Special),,Republican,Kelly Loeffler (I),80
Effingham,4B,U.S. Senate (Special),,Democrat,Raphael Warnock,184
Effingham,4C,U.S. Senate (Special),,Republican,Kelly Loeffler (I),81
Effingham,4C,U.S. Senate (Special),,Democrat,Raphael Warnock,123
Effingham,5A,U.S. Senate (Special),,Republican,Kelly Loeffler (I),115
Effingham,5A,U.S. Senate (Special),,Democrat,Raphael Warnock,188
Effingham,5B,U.S. Senate (Special),,Republican,Kelly Loeffler (I),261
Effingham,5B,U.S. Senate (Special),,Democrat,Raphael Warnock,391
Effingham,5C,U.S. Senate (Special),,Republican,Kelly Loeffler (I),93
Effingham,5C,U.S. Senate (Special),,Democrat,Raphael Warnock,152
Elbert,Elberton,U.S. Senate,,Republican,David A. Perdue (I),230
Elbert,Elberton,U.S. Senate,,Democrat,Jon Ossoff,483
Elbert,Longstreet,U.S. Senate,,Republican,David A. Perdue (I),20
Elbert,Longstreet,U.S. Senate,,Democrat,Jon Ossoff,43
Elbert,Eliam,U.S. Senate,,Republican,David A. Perdue (I),19
Elbert,Eliam,U.S. Senate,,Democrat,Jon Ossoff,47
Elbert,Petersburg,U.S. Senate,,Republican,David A. Perdue (I),9
Elbert,Petersburg,U.S. Senate,,Democrat,Jon Ossoff,13
Elbert,Wyche,U.S. Senate,,Republican,David A. Perdue (I),41
Elbert,Wyche,U.S. Senate,,Democrat,Jon Ossoff,94
Elbert,Moss-Ruckersville,U.S. Senate,,Republican,David A. Perdue (I),19
Elbert,Moss-Ruckersville,U.S. Senate,,Democrat,Jon Ossoff,23
Elbert,Pike,U.S. Senate,,Republican,David A. Perdue (I),50
Elbert,Pike,U.S. Senate,,Democrat,Jon Ossoff,136
Elbert,Gaines,U.S. Senate,,Republican,David A. Perdue (I),15
Elbert,Gaines,U.S. Senate,,Democrat,Jon Ossoff,17
Elbert,Goshen,U.S. Senate,,Republican,David A. Perdue (I),80
Elbert,Goshen,U.S. Senate,,Democrat,Jon Ossoff,69
Elbert,Webbsboro,U.S. Senate,,Republican,David A. Perdue (I),21
Elbert,Webbsboro,U.S. Senate,,Democrat,Jon Ossoff,27
Elbert,Centerville,U.S. Senate,,Republican,David A. Perdue (I),32
Elbert,Centerville,U.S. Senate,,Democrat,Jon Ossoff,49
Elbert,Elberton,U.S. Senate (Special),,Republican,Kelly Loeffler (I),229
Elbert,Elberton,U.S. Senate (Special),,Democrat,Raphael Warnock,481
Elbert,Longstreet,U.S. Senate (Special),,Republican,Kelly Loeffler (I),19
Elbert,Longstreet,U.S. Senate (Special),,Democrat,Raphael Warnock,41
Elbert,Eliam,U.S. Senate (Special),,Republican,Kelly Loeffler (I),19
Elbert,Eliam,U.S. Senate (Special),,Democrat,Raphael Warnock,47
Elbert,Petersburg,U.S. Senate (Special),,Republican,Kelly Loeffler (I),10
Elbert,Petersburg,U.S. Senate (Special),,Democrat,Raphael Warnock,13
Elbert,Wyche,U.S. Senate (Special),,Republican,Kelly Loeffler (I),41
Elbert,Wyche,U.S. Senate (Special),,Democrat,Raphael Warnock,94
Elbert,Moss-Ruckersville,U.S. Senate (Special),,Republican,Kelly Loeffler (I),18
Elbert,Moss-Ruckersville,U.S. Senate (Special),,Democrat,Raphael Warnock,22
Elbert,Pike,U.S. Senate (Special),,Republican,Kelly Loeffler (I),48
Elbert,Pike,U.S. Senate (Special),,Democrat,Raphael Warnock,135
Elbert,Gaines,U.S. Senate (Special),,Republican,Kelly Loeffler (I),14
Elbert,Gaines,U.S. Senate (Special),,Democrat,Raphael Warnock,16
Elbert,Goshen,U.S. Senate (Special),,Republican,Kelly Loeffler (I),78
Elbert,Goshen,U.S. Senate (Special),,Democrat,Raphael Warnock,69
Elbert,Webbsboro,U.S. Senate (Special),,Republican,Kelly Loeffler (I),23
Elbert,Webbsboro,U.S. Senate (Special),,Democrat,Raphael Warnock,29
Elbert,Centerville,U.S. Senate (Special),,Republican,Kelly Loeffler (I),33
Elbert,Centerville,U.S. Senate (Special),,Democrat,Raphael Warnock,51
Emanuel,Oak Park,U.S. Senate,,Republican,David A. Perdue (I),10
Emanuel,Oak Park,U.S. Senate,,Democrat,Jon Ossoff,10
Emanuel,Cross-Green,U.S. Senate,,Republican,David A. Perdue (I),66
Emanuel,Cross-Green,U.S. Senate,,Democrat,Jon Ossoff,22
Emanuel,Swainsboro,U.S. Senate,,Republican,David A. Perdue (I),403
Emanuel,Swainsboro,U.S. Senate,,Democrat,Jon Ossoff,728
Emanuel,Summertown,U.S. Senate,,Republican,David A. Perdue (I),33
Emanuel,Summertown,U.S. Senate,,Democrat,Jon Ossoff,22
Emanuel,Stillmore,U.S. Senate,,Republican,David A. Perdue (I),50
Emanuel,Stillmore,U.S. Senate,,Democrat,Jon Ossoff,39
Emanuel,Blundale,U.S. Senate,,Republican,David A. Perdue (I),4
Emanuel,Blundale,U.S. Senate,,Democrat,Jon Ossoff,16
Emanuel,Canoochee,U.S. Senate,,Republican,David A. Perdue (I),27
Emanuel,Canoochee,U.S. Senate,,Democrat,Jon Ossoff,38
Emanuel,Garfield,U.S. Senate,,Republican,David A. Perdue (I),16
Emanuel,Garfield,U.S. Senate,,Democrat,Jon Ossoff,20
Emanuel,Nunez,U.S. Senate,,Republican,David A. Perdue (I),31
Emanuel,Nunez,U.S. Senate,,Democrat,Jon Ossoff,10
Emanuel,Twin City,U.S. Senate,,Republican,David A. Perdue (I),125
Emanuel,Twin City,U.S. Senate,,Democrat,Jon Ossoff,123
Emanuel,Adrian,U.S. Senate,,Republican,David A. Perdue (I),33
Emanuel,Adrian,U.S. Senate,,Democrat,Jon Ossoff,21
Emanuel,Oak Park,U.S. Senate (Special),,Republican,Kelly Loeffler (I),9
Emanuel,Oak Park,U.S. Senate (Special),,Democrat,Raphael Warnock,11
Emanuel,Cross-Green,U.S. Senate (Special),,Republican,Kelly Loeffler (I),66
Emanuel,Cross-Green,U.S. Senate (Special),,Democrat,Raphael Warnock,21
Emanuel,Swainsboro,U.S. Senate (Special),,Republican,Kelly Loeffler (I),412
Emanuel,Swainsboro,U.S. Senate (Special),,Democrat,Raphael Warnock,731
Emanuel,Summertown,U.S. Senate (Special),,Republican,Kelly Loeffler (I),33
Emanuel,Summertown,U.S. Senate (Special),,Democrat,Raphael Warnock,21
Emanuel,Stillmore,U.S. Senate (Special),,Republican,Kelly Loeffler (I),51
Emanuel,Stillmore,U.S. Senate (Special),,Democrat,Raphael Warnock,40
Emanuel,Blundale,U.S. Senate (Special),,Republican,Kelly Loeffler (I),4
Emanuel,Blundale,U.S. Senate (Special),,Democrat,Raphael Warnock,17
Emanuel,Canoochee,U.S. Senate (Special),,Republican,Kelly Loeffler (I),28
Emanuel,Canoochee,U.S. Senate (Special),,Democrat,Raphael Warnock,38
Emanuel,Garfield,U.S. Senate (Special),,Republican,Kelly Loeffler (I),15
Emanuel,Garfield,U.S. Senate (Special),,Democrat,Raphael Warnock,20
Emanuel,Nunez,U.S. Senate (Special),,Republican,Kelly Loeffler (I),31
Emanuel,Nunez,U.S. Senate (Special),,Democrat,Raphael Warnock,10
Emanuel,Twin City,U.S. Senate (Special),,Republican,Kelly Loeffler (I),125
Emanuel,Twin City,U.S. Senate (Special),,Democrat,Raphael Warnock,126
Emanuel,Adrian,U.S. Senate (Special),,Republican,Kelly Loeffler (I),32
Emanuel,Adrian,U.S. Senate (Special),,Democrat,Raphael Warnock,19
Evans,Veterans Community Center,U.S. Senate,,Republican,David A. Perdue (I),282
Evans,Veterans Community Center,U.S. Senate,,Democrat,Jon Ossoff,619
Evans,Veterans Community Center,U.S. Senate (Special),,Republican,Kelly Loeffler (I),282
Evans,Veterans Community Center,U.S. Senate (Special),,Democrat,Raphael Warnock,622
Fannin,Colwell,U.S. Senate,,Republican,David A. Perdue (I),26
Fannin,Colwell,U.S. Senate,,Democrat,Jon Ossoff,44
Fannin,Fairplay,U.S. Senate,,Republican,David A. Perdue (I),34
Fannin,Fairplay,U.S. Senate,,Democrat,Jon Ossoff,59
Fannin,Flinthill,U.S. Senate,,Republican,David A. Perdue (I),66
Fannin,Flinthill,U.S. Senate,,Democrat,Jon Ossoff,66
Fannin,Hemptown,U.S. Senate,,Republican,David A. Perdue (I),33
Fannin,Hemptown,U.S. Senate,,Democrat,Jon Ossoff,58
Fannin,Hothouse,U.S. Senate,,Republican,David A. Perdue (I),23
Fannin,Hothouse,U.S. Senate,,Democrat,Jon Ossoff,60
Fannin,Mineral Bluff,U.S. Senate,,Republican,David A. Perdue (I),26
Fannin,Mineral Bluff,U.S. Senate,,Democrat,Jon Ossoff,71
Fannin,Mobile,U.S. Senate,,Republican,David A. Perdue (I),37
Fannin,Mobile,U.S. Senate,,Democrat,Jon Ossoff,36
Fannin,Morganton,U.S. Senate,,Republican,David A. Perdue (I),50
Fannin,Morganton,U.S. Senate,,Democrat,Jon Ossoff,101
Fannin,Noontootla,U.S. Senate,,Republican,David A. Perdue (I),32
Fannin,Noontootla,U.S. Senate,,Democrat,Jon Ossoff,42
Fannin,Skeniah,U.S. Senate,,Republican,David A. Perdue (I),9
Fannin,Skeniah,U.S. Senate,,Democrat,Jon Ossoff,12
Fannin,Sugar Creek,U.S. Senate,,Republican,David A. Perdue (I),54
Fannin,Sugar Creek,U.S. Senate,,Democrat,Jon Ossoff,120
Fannin,Toccoa,U.S. Senate,,Republican,David A. Perdue (I),78
Fannin,Toccoa,U.S. Senate,,Democrat,Jon Ossoff,173
Fannin,Colwell,U.S. Senate (Special),,Republican,Kelly Loeffler (I),26
Fannin,Colwell,U.S. Senate (Special),,Democrat,Raphael Warnock,46
Fannin,Fairplay,U.S. Senate (Special),,Republican,Kelly Loeffler (I),34
Fannin,Fairplay,U.S. Senate (Special),,Democrat,Raphael Warnock,59
Fannin,Flinthill,U.S. Senate (Special),,Republican,Kelly Loeffler (I),67
Fannin,Flinthill,U.S. Senate (Special),,Democrat,Raphael Warnock,67
Fannin,Hemptown,U.S. Senate (Special),,Republican,Kelly Loeffler (I),37
Fannin,Hemptown,U.S. Senate (Special),,Democrat,Raphael Warnock,58
Fannin,Hothouse,U.S. Senate (Special),,Republican,Kelly Loeffler (I),24
Fannin,Hothouse,U.S. Senate (Special),,Democrat,Raphael Warnock,61
Fannin,Mineral Bluff,U.S. Senate (Special),,Republican,Kelly Loeffler (I),28
Fannin,Mineral Bluff,U.S. Senate (Special),,Democrat,Raphael Warnock,73
Fannin,Mobile,U.S. Senate (Special),,Republican,Kelly Loeffler (I),39
Fannin,Mobile,U.S. Senate (Special),,Democrat,Raphael Warnock,37
Fannin,Morganton,U.S. Senate (Special),,Republican,Kelly Loeffler (I),56
Fannin,Morganton,U.S. Senate (Special),,Democrat,Raphael Warnock,100
Fannin,Noontootla,U.S. Senate (Special),,Republican,Kelly Loeffler (I),32
Fannin,Noontootla,U.S. Senate (Special),,Democrat,Raphael Warnock,43
Fannin,Skeniah,U.S. Senate (Special),,Republican,Kelly Loeffler (I),10
Fannin,Skeniah,U.S. Senate (Special),,Democrat,Raphael Warnock,14
Fannin,Sugar Creek,U.S. Senate (Special),,Republican,Kelly Loeffler (I),55
Fannin,Sugar Creek,U.S. Senate (Special),,Democrat,Raphael Warnock,118
Fannin,Toccoa,U.S. Senate (Special),,Republican,Kelly Loeffler (I),77
Fannin,Toccoa,U.S. Senate (Special),,Democrat,Raphael Warnock,179
Fayette,Blackrock,U.S. Senate,,Republican,David A. Perdue (I),235
Fayette,Blackrock,U.S. Senate,,Democrat,Jon Ossoff,753
Fayette,Brooks,U.S. Senate,,Republican,David A. Perdue (I),72
Fayette,Brooks,U.S. Senate,,Democrat,Jon Ossoff,100
Fayette,Europe,U.S. Senate,,Republican,David A. Perdue (I),333
Fayette,Europe,U.S. Senate,,Democrat,Jon Ossoff,1129
Fayette,Fayetteville East,U.S. Senate,,Republican,David A. Perdue (I),181
Fayette,Fayetteville East,U.S. Senate,,Democrat,Jon Ossoff,394
Fayette,Fayetteville West,U.S. Senate,,Republican,David A. Perdue (I),169
Fayette,Fayetteville West,U.S. Senate,,Democrat,Jon Ossoff,478
Fayette,Flint,U.S. Senate,,Republican,David A. Perdue (I),165
Fayette,Flint,U.S. Senate,,Democrat,Jon Ossoff,437
Fayette,Hopeful,U.S. Senate,,Republican,David A. Perdue (I),209
Fayette,Hopeful,U.S. Senate,,Democrat,Jon Ossoff,492
Fayette,Morning Creek,U.S. Senate,,Republican,David A. Perdue (I),277
Fayette,Morning Creek,U.S. Senate,,Democrat,Jon Ossoff,647
Fayette,Rareover,U.S. Senate,,Republican,David A. Perdue (I),94
Fayette,Rareover,U.S. Senate,,Democrat,Jon Ossoff,480
Fayette,Sandy Creek,U.S. Senate,,Republican,David A. Perdue (I),244
Fayette,Sandy Creek,U.S. Senate,,Democrat,Jon Ossoff,1418
Fayette,Shakerag East,U.S. Senate,,Republican,David A. Perdue (I),92
Fayette,Shakerag East,U.S. Senate,,Democrat,Jon Ossoff,224
Fayette,Shakerag West,U.S. Senate,,Republican,David A. Perdue (I),37
Fayette,Shakerag West,U.S. Senate,,Democrat,Jon Ossoff,179
Fayette,Starrsmill,U.S. Senate,,Republican,David A. Perdue (I),129
Fayette,Starrsmill,U.S. Senate,,Democrat,Jon Ossoff,252
Fayette,Whitewater,U.S. Senate,,Republican,David A. Perdue (I),156
Fayette,Whitewater,U.S. Senate,,Democrat,Jon Ossoff,469
Fayette,Woolsey,U.S. Senate,,Republican,David A. Perdue (I),99
Fayette,Woolsey,U.S. Senate,,Democrat,Jon Ossoff,174
Fayette,McIntosh,U.S. Senate,,Republican,David A. Perdue (I),111
Fayette,McIntosh,U.S. Senate,,Democrat,Jon Ossoff,485
Fayette,Oak Grove,U.S. Senate,,Republican,David A. Perdue (I),91
Fayette,Oak Grove,U.S. Senate,,Democrat,Jon Ossoff,165
Fayette,Kedron,U.S. Senate,,Republican,David A. Perdue (I),266
Fayette,Kedron,U.S. Senate,,Democrat,Jon Ossoff,813
Fayette,Aberdeen,U.S. Senate,,Republican,David A. Perdue (I),72
Fayette,Aberdeen,U.S. Senate,,Democrat,Jon Ossoff,261
Fayette,Windgate,U.S. Senate,,Republican,David A. Perdue (I),59
Fayette,Windgate,U.S. Senate,,Democrat,Jon Ossoff,131
Fayette,Flat Creek,U.S. Senate,,Republican,David A. Perdue (I),137
Fayette,Flat Creek,U.S. Senate,,Democrat,Jon Ossoff,271
Fayette,Braelinn,U.S. Senate,,Republican,David A. Perdue (I),56
Fayette,Braelinn,U.S. Senate,,Democrat,Jon Ossoff,180
Fayette,Kenwood,U.S. Senate,,Republican,David A. Perdue (I),131
Fayette,Kenwood,U.S. Senate,,Democrat,Jon Ossoff,292
Fayette,Banks,U.S. Senate,,Republican,David A. Perdue (I),169
Fayette,Banks,U.S. Senate,,Democrat,Jon Ossoff,247
Fayette,Harps Crossing,U.S. Senate,,Republican,David A. Perdue (I),93
Fayette,Harps Crossing,U.S. Senate,,Democrat,Jon Ossoff,200
Fayette,Willow Pond,U.S. Senate,,Republican,David A. Perdue (I),199
Fayette,Willow Pond,U.S. Senate,,Democrat,Jon Ossoff,566
Fayette,Dogwood,U.S. Senate,,Republican,David A. Perdue (I),133
Fayette,Dogwood,U.S. Senate,,Democrat,Jon Ossoff,539
Fayette,Oak Ridge,U.S. Senate,,Republican,David A. Perdue (I),178
Fayette,Oak Ridge,U.S. Senate,,Democrat,Jon Ossoff,474
Fayette,Jeff Davis,U.S. Senate,,Republican,David A. Perdue (I),223
Fayette,Jeff Davis,U.S. Senate,,Democrat,Jon Ossoff,650
Fayette,Murphy,U.S. Senate,,Republican,David A. Perdue (I),239
Fayette,Murphy,U.S. Senate,,Democrat,Jon Ossoff,599
Fayette,Fielding Ridge,U.S. Senate,,Republican,David A. Perdue (I),149
Fayette,Fielding Ridge,U.S. Senate,,Democrat,Jon Ossoff,532
Fayette,Willowbend,U.S. Senate,,Republican,David A. Perdue (I),87
Fayette,Willowbend,U.S. Senate,,Democrat,Jon Ossoff,260
Fayette,Camp Creek,U.S. Senate,,Republican,David A. Perdue (I),69
Fayette,Camp Creek,U.S. Senate,,Democrat,Jon Ossoff,239
Fayette,Rising Star,U.S. Senate,,Republican,David A. Perdue (I),140
Fayette,Rising Star,U.S. Senate,,Democrat,Jon Ossoff,541
Fayette,Spring Hill,U.S. Senate,,Republican,David A. Perdue (I),200
Fayette,Spring Hill,U.S. Senate,,Democrat,Jon Ossoff,751
Fayette,Antioch,U.S. Senate,,Republican,David A. Perdue (I),145
Fayette,Antioch,U.S. Senate,,Democrat,Jon Ossoff,234
Fayette,Blackrock,U.S. Senate (Special),,Republican,Kelly Loeffler (I),234
Fayette,Blackrock,U.S. Senate (Special),,Democrat,Raphael Warnock,759
Fayette,Brooks,U.S. Senate (Special),,Republican,Kelly Loeffler (I),73
Fayette,Brooks,U.S. Senate (Special),,Democrat,Raphael Warnock,103
Fayette,Europe,U.S. Senate (Special),,Republican,Kelly Loeffler (I),338
Fayette,Europe,U.S. Senate (Special),,Democrat,Raphael Warnock,1131
Fayette,Fayetteville East,U.S. Senate (Special),,Republican,Kelly Loeffler (I),182
Fayette,Fayetteville East,U.S. Senate (Special),,Democrat,Raphael Warnock,394
Fayette,Fayetteville West,U.S. Senate (Special),,Republican,Kelly Loeffler (I),173
Fayette,Fayetteville West,U.S. Senate (Special),,Democrat,Raphael Warnock,482
Fayette,Flint,U.S. Senate (Special),,Republican,Kelly Loeffler (I),168
Fayette,Flint,U.S. Senate (Special),,Democrat,Raphael Warnock,439
Fayette,Hopeful,U.S. Senate (Special),,Republican,Kelly Loeffler (I),212
Fayette,Hopeful,U.S. Senate (Special),,Democrat,Raphael Warnock,495
Fayette,Morning Creek,U.S. Senate (Special),,Republican,Kelly Loeffler (I),281
Fayette,Morning Creek,U.S. Senate (Special),,Democrat,Raphael Warnock,653
Fayette,Rareover,U.S. Senate (Special),,Republican,Kelly Loeffler (I),101
Fayette,Rareover,U.S. Senate (Special),,Democrat,Raphael Warnock,489
Fayette,Sandy Creek,U.S. Senate (Special),,Republican,Kelly Loeffler (I),247
Fayette,Sandy Creek,U.S. Senate (Special),,Democrat,Raphael Warnock,1429
Fayette,Shakerag East,U.S. Senate (Special),,Republican,Kelly Loeffler (I),98
Fayette,Shakerag East,U.S. Senate (Special),,Democrat,Raphael Warnock,220
Fayette,Shakerag West,U.S. Senate (Special),,Republican,Kelly Loeffler (I),37
Fayette,Shakerag West,U.S. Senate (Special),,Democrat,Raphael Warnock,181
Fayette,Starrsmill,U.S. Senate (Special),,Republican,Kelly Loeffler (I),122
Fayette,Starrsmill,U.S. Senate (Special),,Democrat,Raphael Warnock,258
Fayette,Whitewater,U.S. Senate (Special),,Republican,Kelly Loeffler (I),161
Fayette,Whitewater,U.S. Senate (Special),,Democrat,Raphael Warnock,483
Fayette,Woolsey,U.S. Senate (Special),,Republican,Kelly Loeffler (I),105
Fayette,Woolsey,U.S. Senate (Special),,Democrat,Raphael Warnock,173
Fayette,McIntosh,U.S. Senate (Special),,Republican,Kelly Loeffler (I),107
Fayette,McIntosh,U.S. Senate (Special),,Democrat,Raphael Warnock,495
Fayette,Oak Grove,U.S. Senate (Special),,Republican,Kelly Loeffler (I),100
Fayette,Oak Grove,U.S. Senate (Special),,Democrat,Raphael Warnock,171
Fayette,Kedron,U.S. Senate (Special),,Republican,Kelly Loeffler (I),281
Fayette,Kedron,U.S. Senate (Special),,Democrat,Raphael Warnock,831
Fayette,Aberdeen,U.S. Senate (Special),,Republican,Kelly Loeffler (I),77
Fayette,Aberdeen,U.S. Senate (Special),,Democrat,Raphael Warnock,266
Fayette,Windgate,U.S. Senate (Special),,Republican,Kelly Loeffler (I),63
Fayette,Windgate,U.S. Senate (Special),,Democrat,Raphael Warnock,133
Fayette,Flat Creek,U.S. Senate (Special),,Republican,Kelly Loeffler (I),141
Fayette,Flat Creek,U.S. Senate (Special),,Democrat,Raphael Warnock,271
Fayette,Braelinn,U.S. Senate (Special),,Republican,Kelly Loeffler (I),59
Fayette,Braelinn,U.S. Senate (Special),,Democrat,Raphael Warnock,188
Fayette,Kenwood,U.S. Senate (Special),,Republican,Kelly Loeffler (I),130
Fayette,Kenwood,U.S. Senate (Special),,Democrat,Raphael Warnock,291
Fayette,Banks,U.S. Senate (Special),,Republican,Kelly Loeffler (I),168
Fayette,Banks,U.S. Senate (Special),,Democrat,Raphael Warnock,246
Fayette,Harps Crossing,U.S. Senate (Special),,Republican,Kelly Loeffler (I),101
Fayette,Harps Crossing,U.S. Senate (Special),,Democrat,Raphael Warnock,202
Fayette,Willow Pond,U.S. Senate (Special),,Republican,Kelly Loeffler (I),198
Fayette,Willow Pond,U.S. Senate (Special),,Democrat,Raphael Warnock,572
Fayette,Dogwood,U.S. Senate (Special),,Republican,Kelly Loeffler (I),143
Fayette,Dogwood,U.S. Senate (Special),,Democrat,Raphael Warnock,547
Fayette,Oak Ridge,U.S. Senate (Special),,Republican,Kelly Loeffler (I),186
Fayette,Oak Ridge,U.S. Senate (Special),,Democrat,Raphael Warnock,473
Fayette,Jeff Davis,U.S. Senate (Special),,Republican,Kelly Loeffler (I),223
Fayette,Jeff Davis,U.S. Senate (Special),,Democrat,Raphael Warnock,651
Fayette,Murphy,U.S. Senate (Special),,Republican,Kelly Loeffler (I),238
Fayette,Murphy,U.S. Senate (Special),,Democrat,Raphael Warnock,597
Fayette,Fielding Ridge,U.S. Senate (Special),,Republican,Kelly Loeffler (I),156
Fayette,Fielding Ridge,U.S. Senate (Special),,Democrat,Raphael Warnock,542
Fayette,Willowbend,U.S. Senate (Special),,Republican,Kelly Loeffler (I),85
Fayette,Willowbend,U.S. Senate (Special),,Democrat,Raphael Warnock,271
Fayette,Camp Creek,U.S. Senate (Special),,Republican,Kelly Loeffler (I),72
Fayette,Camp Creek,U.S. Senate (Special),,Democrat,Raphael Warnock,242
Fayette,Rising Star,U.S. Senate (Special),,Republican,Kelly Loeffler (I),143
Fayette,Rising Star,U.S. Senate (Special),,Democrat,Raphael Warnock,551
Fayette,Spring Hill,U.S. Senate (Special),,Republican,Kelly Loeffler (I),213
Fayette,Spring Hill,U.S. Senate (Special),,Democrat,Raphael Warnock,756
Fayette,Antioch,U.S. Senate (Special),,Republican,Kelly Loeffler (I),143
Fayette,Antioch,U.S. Senate (Special),,Democrat,Raphael Warnock,236
Floyd,Alto Park,U.S. Senate,,Republican,David A. Perdue (I),125
Floyd,Alto Park,U.S. Senate,,Democrat,Jon Ossoff,238
Floyd,Armuchee,U.S. Senate,,Republican,David A. Perdue (I),41
Floyd,Armuchee,U.S. Senate,,Democrat,Jon Ossoff,63
Floyd,Barkers,U.S. Senate,,Republican,David A. Perdue (I),53
Floyd,Barkers,U.S. Senate,,Democrat,Jon Ossoff,67
Floyd,Cave Spring,U.S. Senate,,Republican,David A. Perdue (I),77
Floyd,Cave Spring,U.S. Senate,,Democrat,Jon Ossoff,48
Floyd,Chulio,U.S. Senate,,Republican,David A. Perdue (I),45
Floyd,Chulio,U.S. Senate,,Democrat,Jon Ossoff,37
Floyd,Etowah,U.S. Senate,,Republican,David A. Perdue (I),157
Floyd,Etowah,U.S. Senate,,Democrat,Jon Ossoff,313
Floyd,Everett Springs,U.S. Senate,,Republican,David A. Perdue (I),23
Floyd,Everett Springs,U.S. Senate,,Democrat,Jon Ossoff,3
Floyd,Floyd Springs,U.S. Senate,,Republican,David A. Perdue (I),45
Floyd,Floyd Springs,U.S. Senate,,Democrat,Jon Ossoff,56
Floyd,Fosters Mill,U.S. Senate,,Republican,David A. Perdue (I),19
Floyd,Fosters Mill,U.S. Senate,,Democrat,Jon Ossoff,28
Floyd,Garden Lakes,U.S. Senate,,Republican,David A. Perdue (I),99
Floyd,Garden Lakes,U.S. Senate,,Democrat,Jon Ossoff,183
Floyd,Glenwood,U.S. Senate,,Republican,David A. Perdue (I),143
Floyd,Glenwood,U.S. Senate,,Democrat,Jon Ossoff,177
Floyd,Howell,U.S. Senate,,Republican,David A. Perdue (I),42
Floyd,Howell,U.S. Senate,,Democrat,Jon Ossoff,38
Floyd,East Lindale,U.S. Senate,,Republican,David A. Perdue (I),134
Floyd,East Lindale,U.S. Senate,,Democrat,Jon Ossoff,220
Floyd,Mt Alto North,U.S. Senate,,Republican,David A. Perdue (I),292
Floyd,Mt Alto North,U.S. Senate,,Democrat,Jon Ossoff,600
Floyd,Mt Alto South,U.S. Senate,,Republican,David A. Perdue (I),298
Floyd,Mt Alto South,U.S. Senate,,Democrat,Jon Ossoff,437
Floyd,North Carolina,U.S. Senate,,Republican,David A. Perdue (I),38
Floyd,North Carolina,U.S. Senate,,Democrat,Jon Ossoff,93
Floyd,Riverside,U.S. Senate,,Republican,David A. Perdue (I),50
Floyd,Riverside,U.S. Senate,,Democrat,Jon Ossoff,53
Floyd,East Rome,U.S. Senate,,Republican,David A. Perdue (I),302
Floyd,East Rome,U.S. Senate,,Democrat,Jon Ossoff,484
Floyd,North Rome,U.S. Senate,,Republican,David A. Perdue (I),200
Floyd,North Rome,U.S. Senate,,Democrat,Jon Ossoff,367
Floyd,South Rome,U.S. Senate,,Republican,David A. Perdue (I),209
Floyd,South Rome,U.S. Senate,,Democrat,Jon Ossoff,176
Floyd,Texas Valley,U.S. Senate,,Republican,David A. Perdue (I),23
Floyd,Texas Valley,U.S. Senate,,Democrat,Jon Ossoff,30
Floyd,Vanns Valley,U.S. Senate,,Republican,David A. Perdue (I),40
Floyd,Vanns Valley,U.S. Senate,,Democrat,Jon Ossoff,30
Floyd,Watters,U.S. Senate,,Republican,David A. Perdue (I),95
Floyd,Watters,U.S. Senate,,Democrat,Jon Ossoff,137
Floyd,West Lindale,U.S. Senate,,Republican,David A. Perdue (I),120
Floyd,West Lindale,U.S. Senate,,Democrat,Jon Ossoff,121
Floyd,Town Rome,U.S. Senate,,Republican,David A. Perdue (I),183
Floyd,Town Rome,U.S. Senate,,Democrat,Jon Ossoff,321
Floyd,Alto Park,U.S. Senate (Special),,Republican,Kelly Loeffler (I),125
Floyd,Alto Park,U.S. Senate (Special),,Democrat,Raphael Warnock,244
Floyd,Armuchee,U.S. Senate (Special),,Republican,Kelly Loeffler (I),42
Floyd,Armuchee,U.S. Senate (Special),,Democrat,Raphael Warnock,65
Floyd,Barkers,U.S. Senate (Special),,Republican,Kelly Loeffler (I),53
Floyd,Barkers,U.S. Senate (Special),,Democrat,Raphael Warnock,68
Floyd,Cave Spring,U.S. Senate (Special),,Republican,Kelly Loeffler (I),79
Floyd,Cave Spring,U.S. Senate (Special),,Democrat,Raphael Warnock,47
Floyd,Chulio,U.S. Senate (Special),,Republican,Kelly Loeffler (I),48
Floyd,Chulio,U.S. Senate (Special),,Democrat,Raphael Warnock,38
Floyd,Etowah,U.S. Senate (Special),,Republican,Kelly Loeffler (I),156
Floyd,Etowah,U.S. Senate (Special),,Democrat,Raphael Warnock,319
Floyd,Everett Springs,U.S. Senate (Special),,Republican,Kelly Loeffler (I),24
Floyd,Everett Springs,U.S. Senate (Special),,Democrat,Raphael Warnock,3
Floyd,Floyd Springs,U.S. Senate (Special),,Republican,Kelly Loeffler (I),50
Floyd,Floyd Springs,U.S. Senate (Special),,Democrat,Raphael Warnock,56
Floyd,Fosters Mill,U.S. Senate (Special),,Republican,Kelly Loeffler (I),19
Floyd,Fosters Mill,U.S. Senate (Special),,Democrat,Raphael Warnock,28
Floyd,Garden Lakes,U.S. Senate (Special),,Republican,Kelly Loeffler (I),101
Floyd,Garden Lakes,U.S. Senate (Special),,Democrat,Raphael Warnock,183
Floyd,Glenwood,U.S. Senate (Special),,Republican,Kelly Loeffler (I),148
Floyd,Glenwood,U.S. Senate (Special),,Democrat,Raphael Warnock,184
Floyd,Howell,U.S. Senate (Special),,Republican,Kelly Loeffler (I),44
Floyd,Howell,U.S. Senate (Special),,Democrat,Raphael Warnock,39
Floyd,East Lindale,U.S. Senate (Special),,Republican,Kelly Loeffler (I),137
Floyd,East Lindale,U.S. Senate (Special),,Democrat,Raphael Warnock,222
Floyd,Mt Alto North,U.S. Senate (Special),,Republican,Kelly Loeffler (I),292
Floyd,Mt Alto North,U.S. Senate (Special),,Democrat,Raphael Warnock,605
Floyd,Mt Alto South,U.S. Senate (Special),,Republican,Kelly Loeffler (I),300
Floyd,Mt Alto South,U.S. Senate (Special),,Democrat,Raphael Warnock,446
Floyd,North Carolina,U.S. Senate (Special),,Republican,Kelly Loeffler (I),38
Floyd,North Carolina,U.S. Senate (Special),,Democrat,Raphael Warnock,92
Floyd,Riverside,U.S. Senate (Special),,Republican,Kelly Loeffler (I),52
Floyd,Riverside,U.S. Senate (Special),,Democrat,Raphael Warnock,53
Floyd,East Rome,U.S. Senate (Special),,Republican,Kelly Loeffler (I),313
Floyd,East Rome,U.S. Senate (Special),,Democrat,Raphael Warnock,496
Floyd,North Rome,U.S. Senate (Special),,Republican,Kelly Loeffler (I),208
Floyd,North Rome,U.S. Senate (Special),,Democrat,Raphael Warnock,376
Floyd,South Rome,U.S. Senate (Special),,Republican,Kelly Loeffler (I),212
Floyd,South Rome,U.S. Senate (Special),,Democrat,Raphael Warnock,179
Floyd,Texas Valley,U.S. Senate (Special),,Republican,Kelly Loeffler (I),24
Floyd,Texas Valley,U.S. Senate (Special),,Democrat,Raphael Warnock,30
Floyd,Vanns Valley,U.S. Senate (Special),,Republican,Kelly Loeffler (I),43
Floyd,Vanns Valley,U.S. Senate (Special),,Democrat,Raphael Warnock,30
Floyd,Watters,U.S. Senate (Special),,Republican,Kelly Loeffler (I),100
Floyd,Watters,U.S. Senate (Special),,Democrat,Raphael Warnock,135
Floyd,West Lindale,U.S. Senate (Special),,Republican,Kelly Loeffler (I),123
Floyd,West Lindale,U.S. Senate (Special),,Democrat,Raphael Warnock,121
Floyd,Town Rome,U.S. Senate (Special),,Republican,Kelly Loeffler (I),183
Floyd,Town Rome,U.S. Senate (Special),,Democrat,Raphael Warnock,327
Forsyth,01 Big Creek,U.S. Senate,,Republican,David A. Perdue (I),538
Forsyth,01 Big Creek,U.S. Senate,,Democrat,Jon Ossoff,1589
Forsyth,02 Brandywine,U.S. Senate,,Republican,David A. Perdue (I),416
Forsyth,02 Brandywine,U.S. Senate,,Democrat,Jon Ossoff,691
Forsyth,03 Browns Bridge,U.S. Senate,,Republican,David A. Perdue (I),299
Forsyth,03 Browns Bridge,U.S. Senate,,Democrat,Jon Ossoff,773
Forsyth,04 Chestatee,U.S. Senate,,Republican,David A. Perdue (I),144
Forsyth,04 Chestatee,U.S. Senate,,Democrat,Jon Ossoff,348
Forsyth,05 Coal Mountain,U.S. Senate,,Republican,David A. Perdue (I),284
Forsyth,05 Coal Mountain,U.S. Senate,,Democrat,Jon Ossoff,651
Forsyth,06 Crossroads,U.S. Senate,,Republican,David A. Perdue (I),149
Forsyth,06 Crossroads,U.S. Senate,,Democrat,Jon Ossoff,532
Forsyth,07 Cumming,U.S. Senate,,Republican,David A. Perdue (I),240
Forsyth,07 Cumming,U.S. Senate,,Democrat,Jon Ossoff,498
Forsyth,08 Mashburn,U.S. Senate,,Republican,David A. Perdue (I),312
Forsyth,08 Mashburn,U.S. Senate,,Democrat,Jon Ossoff,724
Forsyth,10 Midway,U.S. Senate,,Republican,David A. Perdue (I),386
Forsyth,10 Midway,U.S. Senate,,Democrat,Jon Ossoff,1406
Forsyth,15 Heardsville,U.S. Senate,,Republican,David A. Perdue (I),205
Forsyth,15 Heardsville,U.S. Senate,,Democrat,Jon Ossoff,671
Forsyth,16 Otwell,U.S. Senate,,Republican,David A. Perdue (I),161
Forsyth,16 Otwell,U.S. Senate,,Democrat,Jon Ossoff,548
Forsyth,19 Old Atlanta,U.S. Senate,,Republican,David A. Perdue (I),313
Forsyth,19 Old Atlanta,U.S. Senate,,Democrat,Jon Ossoff,360
Forsyth,21 South Forsyth,U.S. Senate,,Republican,David A. Perdue (I),308
Forsyth,21 South Forsyth,U.S. Senate,,Democrat,Jon Ossoff,934
Forsyth,25 Windermere,U.S. Senate,,Republican,David A. Perdue (I),621
Forsyth,25 Windermere,U.S. Senate,,Democrat,Jon Ossoff,1252
Forsyth,27 Concord,U.S. Senate,,Republican,David A. Perdue (I),282
Forsyth,27 Concord,U.S. Senate,,Democrat,Jon Ossoff,749
Forsyth,29 Polo,U.S. Senate,,Republican,David A. Perdue (I),421
Forsyth,29 Polo,U.S. Senate,,Democrat,Jon Ossoff,1277
Forsyth,34 Fowler,U.S. Senate,,Republican,David A. Perdue (I),259
Forsyth,34 Fowler,U.S. Senate,,Democrat,Jon Ossoff,677
Forsyth,35 Johns Creek,U.S. Senate,,Republican,David A. Perdue (I),446
Forsyth,35 Johns Creek,U.S. Senate,,Democrat,Jon Ossoff,1263
Forsyth,36 Nichols,U.S. Senate,,Republican,David A. Perdue (I),490
Forsyth,36 Nichols,U.S. Senate,,Democrat,Jon Ossoff,1027
Forsyth,37 Sawnee,U.S. Senate,,Republican,David A. Perdue (I),302
Forsyth,37 Sawnee,U.S. Senate,,Democrat,Jon Ossoff,1443
Forsyth,01 Big Creek,U.S. Senate (Special),,Republican,Kelly Loeffler (I),554
Forsyth,01 Big Creek,U.S. Senate (Special),,Democrat,Raphael Warnock,1595
Forsyth,02 Brandywine,U.S. Senate (Special),,Republican,Kelly Loeffler (I),418
Forsyth,02 Brandywine,U.S. Senate (Special),,Democrat,Raphael Warnock,688
Forsyth,03 Browns Bridge,U.S. Senate (Special),,Republican,Kelly Loeffler (I),308
Forsyth,03 Browns Bridge,U.S. Senate (Special),,Democrat,Raphael Warnock,783
Forsyth,04 Chestatee,U.S. Senate (Special),,Republican,Kelly Loeffler (I),149
Forsyth,04 Chestatee,U.S. Senate (Special),,Democrat,Raphael Warnock,359
Forsyth,05 Coal Mountain,U.S. Senate (Special),,Republican,Kelly Loeffler (I),298
Forsyth,05 Coal Mountain,U.S. Senate (Special),,Democrat,Raphael Warnock,654
Forsyth,06 Crossroads,U.S. Senate (Special),,Republican,Kelly Loeffler (I),157
Forsyth,06 Crossroads,U.S. Senate (Special),,Democrat,Raphael Warnock,541
Forsyth,07 Cumming,U.S. Senate (Special),,Republican,Kelly Loeffler (I),245
Forsyth,07 Cumming,U.S. Senate (Special),,Democrat,Raphael Warnock,511
Forsyth,08 Mashburn,U.S. Senate (Special),,Republican,Kelly Loeffler (I),341
Forsyth,08 Mashburn,U.S. Senate (Special),,Democrat,Raphael Warnock,752
Forsyth,10 Midway,U.S. Senate (Special),,Republican,Kelly Loeffler (I),417
Forsyth,10 Midway,U.S. Senate (Special),,Democrat,Raphael Warnock,1449
Forsyth,15 Heardsville,U.S. Senate (Special),,Republican,Kelly Loeffler (I),219
Forsyth,15 Heardsville,U.S. Senate (Special),,Democrat,Raphael Warnock,682
Forsyth,16 Otwell,U.S. Senate (Special),,Republican,Kelly Loeffler (I),173
Forsyth,16 Otwell,U.S. Senate (Special),,Democrat,Raphael Warnock,556
Forsyth,19 Old Atlanta,U.S. Senate (Special),,Republican,Kelly Loeffler (I),332
Forsyth,19 Old Atlanta,U.S. Senate (Special),,Democrat,Raphael Warnock,368
Forsyth,21 South Forsyth,U.S. Senate (Special),,Republican,Kelly Loeffler (I),322
Forsyth,21 South Forsyth,U.S. Senate (Special),,Democrat,Raphael Warnock,962
Forsyth,25 Windermere,U.S. Senate (Special),,Republican,Kelly Loeffler (I),627
Forsyth,25 Windermere,U.S. Senate (Special),,Democrat,Raphael Warnock,1271
Forsyth,27 Concord,U.S. Senate (Special),,Republican,Kelly Loeffler (I),298
Forsyth,27 Concord,U.S. Senate (Special),,Democrat,Raphael Warnock,765
Forsyth,29 Polo,U.S. Senate (Special),,Republican,Kelly Loeffler (I),436
Forsyth,29 Polo,U.S. Senate (Special),,Democrat,Raphael Warnock,1302
Forsyth,34 Fowler,U.S. Senate (Special),,Republican,Kelly Loeffler (I),256
Forsyth,34 Fowler,U.S. Senate (Special),,Democrat,Raphael Warnock,686
Forsyth,35 Johns Creek,U.S. Senate (Special),,Republican,Kelly Loeffler (I),457
Forsyth,35 Johns Creek,U.S. Senate (Special),,Democrat,Raphael Warnock,1285
Forsyth,36 Nichols,U.S. Senate (Special),,Republican,Kelly Loeffler (I),494
Forsyth,36 Nichols,U.S. Senate (Special),,Democrat,Raphael Warnock,1065
Forsyth,37 Sawnee,U.S. Senate (Special),,Republican,Kelly Loeffler (I),304
Forsyth,37 Sawnee,U.S. Senate (Special),,Democrat,Raphael Warnock,1451
Franklin,Carnesville,U.S. Senate,,Republican,David A. Perdue (I),32
Franklin,Carnesville,U.S. Senate,,Democrat,Jon Ossoff,63
Franklin,West Franklin,U.S. Senate,,Republican,David A. Perdue (I),33
Franklin,West Franklin,U.S. Senate,,Democrat,Jon Ossoff,27
Franklin,Northeast Franklin,U.S. Senate,,Republican,David A. Perdue (I),66
Franklin,Northeast Franklin,U.S. Senate,,Democrat,Jon Ossoff,77
Franklin,Lavonia,U.S. Senate,,Republican,David A. Perdue (I),95
Franklin,Lavonia,U.S. Senate,,Democrat,Jon Ossoff,98
Franklin,Canon,U.S. Senate,,Republican,David A. Perdue (I),34
Franklin,Canon,U.S. Senate,,Democrat,Jon Ossoff,30
Franklin,Royston,U.S. Senate,,Republican,David A. Perdue (I),76
Franklin,Royston,U.S. Senate,,Democrat,Jon Ossoff,75
Franklin,Southwest Franklin,U.S. Senate,,Republican,David A. Perdue (I),23
Franklin,Southwest Franklin,U.S. Senate,,Democrat,Jon Ossoff,69
Franklin,Carnesville,U.S. Senate (Special),,Republican,Kelly Loeffler (I),33
Franklin,Carnesville,U.S. Senate (Special),,Democrat,Raphael Warnock,65
Franklin,West Franklin,U.S. Senate (Special),,Republican,Kelly Loeffler (I),34
Franklin,West Franklin,U.S. Senate (Special),,Democrat,Raphael Warnock,25
Franklin,Northeast Franklin,U.S. Senate (Special),,Republican,Kelly Loeffler (I),64
Franklin,Northeast Franklin,U.S. Senate (Special),,Democrat,Raphael Warnock,81
Franklin,Lavonia,U.S. Senate (Special),,Republican,Kelly Loeffler (I),94
Franklin,Lavonia,U.S. Senate (Special),,Democrat,Raphael Warnock,98
Franklin,Canon,U.S. Senate (Special),,Republican,Kelly Loeffler (I),36
Franklin,Canon,U.S. Senate (Special),,Democrat,Raphael Warnock,28
Franklin,Royston,U.S. Senate (Special),,Republican,Kelly Loeffler (I),78
Franklin,Royston,U.S. Senate (Special),,Democrat,Raphael Warnock,78
Franklin,Southwest Franklin,U.S. Senate (Special),,Republican,Kelly Loeffler (I),26
Franklin,Southwest Franklin,U.S. Senate (Special),,Democrat,Raphael Warnock,71
Fulton,01A,U.S. Senate,,Republican,David A. Perdue (I),353
Fulton,01A,U.S. Senate,,Democrat,Jon Ossoff,1452
Fulton,01B,U.S. Senate,,Republican,David A. Perdue (I),503
Fulton,01B,U.S. Senate,,Democrat,Jon Ossoff,1684
Fulton,01C,U.S. Senate,,Republican,David A. Perdue (I),241
Fulton,01C,U.S. Senate,,Democrat,Jon Ossoff,322
Fulton,01D,U.S. Senate,,Republican,David A. Perdue (I),77
Fulton,01D,U.S. Senate,,Democrat,Jon Ossoff,233
Fulton,01E,U.S. Senate,,Republican,David A. Perdue (I),258
Fulton,01E,U.S. Senate,,Democrat,Jon Ossoff,1439
Fulton,01F,U.S. Senate,,Republican,David A. Perdue (I),129
Fulton,01F,U.S. Senate,,Democrat,Jon Ossoff,234
Fulton,01G,U.S. Senate,,Republican,David A. Perdue (I),222
Fulton,01G,U.S. Senate,,Democrat,Jon Ossoff,638
Fulton,01H,U.S. Senate,,Republican,David A. Perdue (I),108
Fulton,01H,U.S. Senate,,Democrat,Jon Ossoff,154
Fulton,01I,U.S. Senate,,Republican,David A. Perdue (I),0
Fulton,01I,U.S. Senate,,Democrat,Jon Ossoff,0
Fulton,01J,U.S. Senate,,Republican,David A. Perdue (I),336
Fulton,01J,U.S. Senate,,Democrat,Jon Ossoff,590
Fulton,01P,U.S. Senate,,Republican,David A. Perdue (I),225
Fulton,01P,U.S. Senate,,Democrat,Jon Ossoff,208
Fulton,01R,U.S. Senate,,Republican,David A. Perdue (I),208
Fulton,01R,U.S. Senate,,Democrat,Jon Ossoff,125
Fulton,01S,U.S. Senate,,Republican,David A. Perdue (I),294
Fulton,01S,U.S. Senate,,Democrat,Jon Ossoff,414
Fulton,01T,U.S. Senate,,Republican,David A. Perdue (I),225
Fulton,01T,U.S. Senate,,Democrat,Jon Ossoff,398
Fulton,02A,U.S. Senate,,Republican,David A. Perdue (I),280
Fulton,02A,U.S. Senate,,Democrat,Jon Ossoff,1490
Fulton,02A1,U.S. Senate,,Republican,David A. Perdue (I),55
Fulton,02A1,U.S. Senate,,Democrat,Jon Ossoff,206
Fulton,02B,U.S. Senate,,Republican,David A. Perdue (I),246
Fulton,02B,U.S. Senate,,Democrat,Jon Ossoff,620
Fulton,02C,U.S. Senate,,Republican,David A. Perdue (I),185
Fulton,02C,U.S. Senate,,Democrat,Jon Ossoff,595
Fulton,02D,U.S. Senate,,Republican,David A. Perdue (I),470
Fulton,02D,U.S. Senate,,Democrat,Jon Ossoff,1548
Fulton,02E,U.S. Senate,,Republican,David A. Perdue (I),216
Fulton,02E,U.S. Senate,,Democrat,Jon Ossoff,817
Fulton,02F1,U.S. Senate,,Republican,David A. Perdue (I),285
Fulton,02F1,U.S. Senate,,Democrat,Jon Ossoff,1049
Fulton,02F2,U.S. Senate,,Republican,David A. Perdue (I),87
Fulton,02F2,U.S. Senate,,Democrat,Jon Ossoff,204
Fulton,02G,U.S. Senate,,Republican,David A. Perdue (I),363
Fulton,02G,U.S. Senate,,Democrat,Jon Ossoff,1284
Fulton,02J,U.S. Senate,,Republican,David A. Perdue (I),206
Fulton,02J,U.S. Senate,,Democrat,Jon Ossoff,743
Fulton,02K,U.S. Senate,,Republican,David A. Perdue (I),120
Fulton,02K,U.S. Senate,,Democrat,Jon Ossoff,516
Fulton,02L1,U.S. Senate,,Republican,David A. Perdue (I),394
Fulton,02L1,U.S. Senate,,Democrat,Jon Ossoff,1662
Fulton,02L1A,U.S. Senate,,Republican,David A. Perdue (I),115
Fulton,02L1A,U.S. Senate,,Democrat,Jon Ossoff,446
Fulton,02L2,U.S. Senate,,Republican,David A. Perdue (I),241
Fulton,02L2,U.S. Senate,,Democrat,Jon Ossoff,621
Fulton,02S,U.S. Senate,,Republican,David A. Perdue (I),84
Fulton,02S,U.S. Senate,,Democrat,Jon Ossoff,224
Fulton,02W,U.S. Senate,,Republican,David A. Perdue (I),105
Fulton,02W,U.S. Senate,,Democrat,Jon Ossoff,297
Fulton,03A,U.S. Senate,,Republican,David A. Perdue (I),200
Fulton,03A,U.S. Senate,,Democrat,Jon Ossoff,329
Fulton,03B,U.S. Senate,,Republican,David A. Perdue (I),66
Fulton,03B,U.S. Senate,,Democrat,Jon Ossoff,79
Fulton,03C,U.S. Senate,,Republican,David A. Perdue (I),174
Fulton,03C,U.S. Senate,,Democrat,Jon Ossoff,322
Fulton,03D,U.S. Senate,,Republican,David A. Perdue (I),108
Fulton,03D,U.S. Senate,,Democrat,Jon Ossoff,182
Fulton,03E,U.S. Senate,,Republican,David A. Perdue (I),316
Fulton,03E,U.S. Senate,,Democrat,Jon Ossoff,398
Fulton,03F,U.S. Senate,,Republican,David A. Perdue (I),207
Fulton,03F,U.S. Senate,,Democrat,Jon Ossoff,632
Fulton,03G,U.S. Senate,,Republican,David A. Perdue (I),95
Fulton,03G,U.S. Senate,,Democrat,Jon Ossoff,112
Fulton,03H,U.S. Senate,,Republican,David A. Perdue (I),92
Fulton,03H,U.S. Senate,,Democrat,Jon Ossoff,201
Fulton,03I,U.S. Senate,,Republican,David A. Perdue (I),93
Fulton,03I,U.S. Senate,,Democrat,Jon Ossoff,178
Fulton,03L,U.S. Senate,,Republican,David A. Perdue (I),86
Fulton,03L,U.S. Senate,,Democrat,Jon Ossoff,89
Fulton,03M,U.S. Senate,,Republican,David A. Perdue (I),166
Fulton,03M,U.S. Senate,,Democrat,Jon Ossoff,191
Fulton,03N,U.S. Senate,,Republican,David A. Perdue (I),312
Fulton,03N,U.S. Senate,,Democrat,Jon Ossoff,340
Fulton,03P1A,U.S. Senate,,Republican,David A. Perdue (I),402
Fulton,03P1A,U.S. Senate,,Democrat,Jon Ossoff,984
Fulton,03P2,U.S. Senate,,Republican,David A. Perdue (I),0
Fulton,03P2,U.S. Senate,,Democrat,Jon Ossoff,7
Fulton,03S,U.S. Senate,,Republican,David A. Perdue (I),101
Fulton,03S,U.S. Senate,,Democrat,Jon Ossoff,185
Fulton,03T,U.S. Senate,,Republican,David A. Perdue (I),182
Fulton,03T,U.S. Senate,,Democrat,Jon Ossoff,417
Fulton,04A,U.S. Senate,,Republican,David A. Perdue (I),157
Fulton,04A,U.S. Senate,,Democrat,Jon Ossoff,251
Fulton,04B,U.S. Senate,,Republican,David A. Perdue (I),172
Fulton,04B,U.S. Senate,,Democrat,Jon Ossoff,333
Fulton,04C,U.S. Senate,,Republican,David A. Perdue (I),17
Fulton,04C,U.S. Senate,,Democrat,Jon Ossoff,24
Fulton,04D,U.S. Senate,,Republican,David A. Perdue (I),193
Fulton,04D,U.S. Senate,,Democrat,Jon Ossoff,403
Fulton,04F,U.S. Senate,,Republican,David A. Perdue (I),275
Fulton,04F,U.S. Senate,,Democrat,Jon Ossoff,578
Fulton,04G,U.S. Senate,,Republican,David A. Perdue (I),126
Fulton,04G,U.S. Senate,,Democrat,Jon Ossoff,177
Fulton,04I,U.S. Senate,,Republican,David A. Perdue (I),132
Fulton,04I,U.S. Senate,,Democrat,Jon Ossoff,388
Fulton,04J,U.S. Senate,,Republican,David A. Perdue (I),50
Fulton,04J,U.S. Senate,,Democrat,Jon Ossoff,67
Fulton,04K,U.S. Senate,,Republican,David A. Perdue (I),279
Fulton,04K,U.S. Senate,,Democrat,Jon Ossoff,629
Fulton,04L,U.S. Senate,,Republican,David A. Perdue (I),219
Fulton,04L,U.S. Senate,,Democrat,Jon Ossoff,515
Fulton,04M,U.S. Senate,,Republican,David A. Perdue (I),115
Fulton,04M,U.S. Senate,,Democrat,Jon Ossoff,136
Fulton,04S,U.S. Senate,,Republican,David A. Perdue (I),342
Fulton,04S,U.S. Senate,,Democrat,Jon Ossoff,574
Fulton,04T,U.S. Senate,,Republican,David A. Perdue (I),169
Fulton,04T,U.S. Senate,,Democrat,Jon Ossoff,314
Fulton,04V,U.S. Senate,,Republican,David A. Perdue (I),449
Fulton,04V,U.S. Senate,,Democrat,Jon Ossoff,555
Fulton,04W,U.S. Senate,,Republican,David A. Perdue (I),63
Fulton,04W,U.S. Senate,,Democrat,Jon Ossoff,50
Fulton,04X1,U.S. Senate,,Republican,David A. Perdue (I),221
Fulton,04X1,U.S. Senate,,Democrat,Jon Ossoff,539
Fulton,04X2,U.S. Senate,,Republican,David A. Perdue (I),69
Fulton,04X2,U.S. Senate,,Democrat,Jon Ossoff,204
Fulton,05A1,U.S. Senate,,Republican,David A. Perdue (I),307
Fulton,05A1,U.S. Senate,,Democrat,Jon Ossoff,1060
Fulton,05A2,U.S. Senate,,Republican,David A. Perdue (I),362
Fulton,05A2,U.S. Senate,,Democrat,Jon Ossoff,1248
Fulton,05B,U.S. Senate,,Republican,David A. Perdue (I),263
Fulton,05B,U.S. Senate,,Democrat,Jon Ossoff,489
Fulton,05C,U.S. Senate,,Republican,David A. Perdue (I),5
Fulton,05C,U.S. Senate,,Democrat,Jon Ossoff,19
Fulton,05D,U.S. Senate,,Republican,David A. Perdue (I),21
Fulton,05D,U.S. Senate,,Democrat,Jon Ossoff,42
Fulton,05F,U.S. Senate,,Republican,David A. Perdue (I),30
Fulton,05F,U.S. Senate,,Democrat,Jon Ossoff,63
Fulton,05J,U.S. Senate,,Republican,David A. Perdue (I),63
Fulton,05J,U.S. Senate,,Democrat,Jon Ossoff,219
Fulton,05K,U.S. Senate,,Republican,David A. Perdue (I),238
Fulton,05K,U.S. Senate,,Democrat,Jon Ossoff,472
Fulton,06B,U.S. Senate,,Republican,David A. Perdue (I),149
Fulton,06B,U.S. Senate,,Democrat,Jon Ossoff,627
Fulton,06D,U.S. Senate,,Republican,David A. Perdue (I),474
Fulton,06D,U.S. Senate,,Democrat,Jon Ossoff,1769
Fulton,06D1,U.S. Senate,,Republican,David A. Perdue (I),148
Fulton,06D1,U.S. Senate,,Democrat,Jon Ossoff,875
Fulton,06D2,U.S. Senate,,Republican,David A. Perdue (I),32
Fulton,06D2,U.S. Senate,,Democrat,Jon Ossoff,317
Fulton,06E,U.S. Senate,,Republican,David A. Perdue (I),212
Fulton,06E,U.S. Senate,,Democrat,Jon Ossoff,665
Fulton,06F,U.S. Senate,,Republican,David A. Perdue (I),239
Fulton,06F,U.S. Senate,,Democrat,Jon Ossoff,905
Fulton,06G,U.S. Senate,,Republican,David A. Perdue (I),38
Fulton,06G,U.S. Senate,,Democrat,Jon Ossoff,176
Fulton,06I,U.S. Senate,,Republican,David A. Perdue (I),411
Fulton,06I,U.S. Senate,,Democrat,Jon Ossoff,1023
Fulton,06J,U.S. Senate,,Republican,David A. Perdue (I),177
Fulton,06J,U.S. Senate,,Democrat,Jon Ossoff,939
Fulton,06L1,U.S. Senate,,Republican,David A. Perdue (I),65
Fulton,06L1,U.S. Senate,,Democrat,Jon Ossoff,356
Fulton,06L2,U.S. Senate,,Republican,David A. Perdue (I),39
Fulton,06L2,U.S. Senate,,Democrat,Jon Ossoff,220
Fulton,06N,U.S. Senate,,Republican,David A. Perdue (I),125
Fulton,06N,U.S. Senate,,Democrat,Jon Ossoff,358
Fulton,06Q,U.S. Senate,,Republican,David A. Perdue (I),62
Fulton,06Q,U.S. Senate,,Democrat,Jon Ossoff,159
Fulton,06R,U.S. Senate,,Republican,David A. Perdue (I),77
Fulton,06R,U.S. Senate,,Democrat,Jon Ossoff,609
Fulton,07A,U.S. Senate,,Republican,David A. Perdue (I),492
Fulton,07A,U.S. Senate,,Democrat,Jon Ossoff,1417
Fulton,07B,U.S. Senate,,Republican,David A. Perdue (I),121
Fulton,07B,U.S. Senate,,Democrat,Jon Ossoff,483
Fulton,07C,U.S. Senate,,Republican,David A. Perdue (I),260
Fulton,07C,U.S. Senate,,Democrat,Jon Ossoff,718
Fulton,07D,U.S. Senate,,Republican,David A. Perdue (I),347
Fulton,07D,U.S. Senate,,Democrat,Jon Ossoff,909
Fulton,07E,U.S. Senate,,Republican,David A. Perdue (I),83
Fulton,07E,U.S. Senate,,Democrat,Jon Ossoff,535
Fulton,07F,U.S. Senate,,Republican,David A. Perdue (I),209
Fulton,07F,U.S. Senate,,Democrat,Jon Ossoff,786
Fulton,07H,U.S. Senate,,Republican,David A. Perdue (I),112
Fulton,07H,U.S. Senate,,Democrat,Jon Ossoff,463
Fulton,07J,U.S. Senate,,Republican,David A. Perdue (I),245
Fulton,07J,U.S. Senate,,Democrat,Jon Ossoff,696
Fulton,07M,U.S. Senate,,Republican,David A. Perdue (I),152
Fulton,07M,U.S. Senate,,Democrat,Jon Ossoff,419
Fulton,07N,U.S. Senate,,Republican,David A. Perdue (I),184
Fulton,07N,U.S. Senate,,Democrat,Jon Ossoff,463
Fulton,08A,U.S. Senate,,Republican,David A. Perdue (I),175
Fulton,08A,U.S. Senate,,Democrat,Jon Ossoff,658
Fulton,08B,U.S. Senate,,Republican,David A. Perdue (I),178
Fulton,08B,U.S. Senate,,Democrat,Jon Ossoff,671
Fulton,08C,U.S. Senate,,Republican,David A. Perdue (I),51
Fulton,08C,U.S. Senate,,Democrat,Jon Ossoff,232
Fulton,08D,U.S. Senate,,Republican,David A. Perdue (I),32
Fulton,08D,U.S. Senate,,Democrat,Jon Ossoff,159
Fulton,08E,U.S. Senate,,Republican,David A. Perdue (I),93
Fulton,08E,U.S. Senate,,Democrat,Jon Ossoff,488
Fulton,08F1,U.S. Senate,,Republican,David A. Perdue (I),81
Fulton,08F1,U.S. Senate,,Democrat,Jon Ossoff,371
Fulton,08G,U.S. Senate,,Republican,David A. Perdue (I),172
Fulton,08G,U.S. Senate,,Democrat,Jon Ossoff,489
Fulton,08H,U.S. Senate,,Republican,David A. Perdue (I),86
Fulton,08H,U.S. Senate,,Democrat,Jon Ossoff,461
Fulton,08J,U.S. Senate,,Republican,David A. Perdue (I),230
Fulton,08J,U.S. Senate,,Democrat,Jon Ossoff,745
Fulton,08K,U.S. Senate,,Republican,David A. Perdue (I),76
Fulton,08K,U.S. Senate,,Democrat,Jon Ossoff,236
Fulton,08L,U.S. Senate,,Republican,David A. Perdue (I),282
Fulton,08L,U.S. Senate,,Democrat,Jon Ossoff,1016
Fulton,08M,U.S. Senate,,Republican,David A. Perdue (I),132
Fulton,08M,U.S. Senate,,Democrat,Jon Ossoff,334
Fulton,08N1,U.S. Senate,,Republican,David A. Perdue (I),36
Fulton,08N1,U.S. Senate,,Democrat,Jon Ossoff,135
Fulton,08N2,U.S. Senate,,Republican,David A. Perdue (I),82
Fulton,08N2,U.S. Senate,,Democrat,Jon Ossoff,335
Fulton,08P,U.S. Senate,,Republican,David A. Perdue (I),185
Fulton,08P,U.S. Senate,,Democrat,Jon Ossoff,442
Fulton,09A,U.S. Senate,,Republican,David A. Perdue (I),319
Fulton,09A,U.S. Senate,,Democrat,Jon Ossoff,1190
Fulton,09B,U.S. Senate,,Republican,David A. Perdue (I),34
Fulton,09B,U.S. Senate,,Democrat,Jon Ossoff,76
Fulton,09C,U.S. Senate,,Republican,David A. Perdue (I),316
Fulton,09C,U.S. Senate,,Democrat,Jon Ossoff,809
Fulton,09D,U.S. Senate,,Republican,David A. Perdue (I),249
Fulton,09D,U.S. Senate,,Democrat,Jon Ossoff,420
Fulton,09E,U.S. Senate,,Republican,David A. Perdue (I),350
Fulton,09E,U.S. Senate,,Democrat,Jon Ossoff,812
Fulton,09F,U.S. Senate,,Republican,David A. Perdue (I),270
Fulton,09F,U.S. Senate,,Democrat,Jon Ossoff,959
Fulton,09G,U.S. Senate,,Republican,David A. Perdue (I),350
Fulton,09G,U.S. Senate,,Democrat,Jon Ossoff,1107
Fulton,09H,U.S. Senate,,Republican,David A. Perdue (I),110
Fulton,09H,U.S. Senate,,Democrat,Jon Ossoff,303
Fulton,09I,U.S. Senate,,Republican,David A. Perdue (I),168
Fulton,09I,U.S. Senate,,Democrat,Jon Ossoff,228
Fulton,09K,U.S. Senate,,Republican,David A. Perdue (I),353
Fulton,09K,U.S. Senate,,Democrat,Jon Ossoff,801
Fulton,09K1,U.S. Senate,,Republican,David A. Perdue (I),128
Fulton,09K1,U.S. Senate,,Democrat,Jon Ossoff,283
Fulton,09M,U.S. Senate,,Republican,David A. Perdue (I),222
Fulton,09M,U.S. Senate,,Democrat,Jon Ossoff,987
Fulton,10A,U.S. Senate,,Republican,David A. Perdue (I),330
Fulton,10A,U.S. Senate,,Democrat,Jon Ossoff,920
Fulton,10B,U.S. Senate,,Republican,David A. Perdue (I),355
Fulton,10B,U.S. Senate,,Democrat,Jon Ossoff,1523
Fulton,10C,U.S. Senate,,Republican,David A. Perdue (I),155
Fulton,10C,U.S. Senate,,Democrat,Jon Ossoff,657
Fulton,10D,U.S. Senate,,Republican,David A. Perdue (I),368
Fulton,10D,U.S. Senate,,Democrat,Jon Ossoff,1081
Fulton,10E,U.S. Senate,,Republican,David A. Perdue (I),128
Fulton,10E,U.S. Senate,,Democrat,Jon Ossoff,272
Fulton,10F,U.S. Senate,,Republican,David A. Perdue (I),136
Fulton,10F,U.S. Senate,,Democrat,Jon Ossoff,288
Fulton,10G,U.S. Senate,,Republican,David A. Perdue (I),131
Fulton,10G,U.S. Senate,,Democrat,Jon Ossoff,491
Fulton,10H1,U.S. Senate,,Republican,David A. Perdue (I),35
Fulton,10H1,U.S. Senate,,Democrat,Jon Ossoff,149
Fulton,10H2,U.S. Senate,,Republican,David A. Perdue (I),231
Fulton,10H2,U.S. Senate,,Democrat,Jon Ossoff,539
Fulton,10I,U.S. Senate,,Republican,David A. Perdue (I),17
Fulton,10I,U.S. Senate,,Democrat,Jon Ossoff,160
Fulton,10J,U.S. Senate,,Republican,David A. Perdue (I),178
Fulton,10J,U.S. Senate,,Democrat,Jon Ossoff,175
Fulton,10K,U.S. Senate,,Republican,David A. Perdue (I),144
Fulton,10K,U.S. Senate,,Democrat,Jon Ossoff,537
Fulton,10M,U.S. Senate,,Republican,David A. Perdue (I),324
Fulton,10M,U.S. Senate,,Democrat,Jon Ossoff,817
Fulton,10P,U.S. Senate,,Republican,David A. Perdue (I),173
Fulton,10P,U.S. Senate,,Democrat,Jon Ossoff,324
Fulton,10R,U.S. Senate,,Republican,David A. Perdue (I),112
Fulton,10R,U.S. Senate,,Democrat,Jon Ossoff,192
Fulton,11B,U.S. Senate,,Republican,David A. Perdue (I),453
Fulton,11B,U.S. Senate,,Democrat,Jon Ossoff,1298
Fulton,11B1,U.S. Senate,,Republican,David A. Perdue (I),88
Fulton,11B1,U.S. Senate,,Democrat,Jon Ossoff,298
Fulton,11C,U.S. Senate,,Republican,David A. Perdue (I),216
Fulton,11C,U.S. Senate,,Democrat,Jon Ossoff,1411
Fulton,11E1,U.S. Senate,,Republican,David A. Perdue (I),144
Fulton,11E1,U.S. Senate,,Democrat,Jon Ossoff,389
Fulton,11E2,U.S. Senate,,Republican,David A. Perdue (I),107
Fulton,11E2,U.S. Senate,,Democrat,Jon Ossoff,354
Fulton,11E3,U.S. Senate,,Republican,David A. Perdue (I),398
Fulton,11E3,U.S. Senate,,Democrat,Jon Ossoff,1288
Fulton,11G,U.S. Senate,,Republican,David A. Perdue (I),168
Fulton,11G,U.S. Senate,,Democrat,Jon Ossoff,477
Fulton,11H,U.S. Senate,,Republican,David A. Perdue (I),63
Fulton,11H,U.S. Senate,,Democrat,Jon Ossoff,191
Fulton,11J,U.S. Senate,,Republican,David A. Perdue (I),209
Fulton,11J,U.S. Senate,,Democrat,Jon Ossoff,516
Fulton,11K,U.S. Senate,,Republican,David A. Perdue (I),167
Fulton,11K,U.S. Senate,,Democrat,Jon Ossoff,631
Fulton,11M,U.S. Senate,,Republican,David A. Perdue (I),150
Fulton,11M,U.S. Senate,,Democrat,Jon Ossoff,619
Fulton,11M1,U.S. Senate,,Republican,David A. Perdue (I),159
Fulton,11M1,U.S. Senate,,Democrat,Jon Ossoff,442
Fulton,11N,U.S. Senate,,Republican,David A. Perdue (I),241
Fulton,11N,U.S. Senate,,Democrat,Jon Ossoff,787
Fulton,11P,U.S. Senate,,Republican,David A. Perdue (I),189
Fulton,11P,U.S. Senate,,Democrat,Jon Ossoff,451
Fulton,11R,U.S. Senate,,Republican,David A. Perdue (I),135
Fulton,11R,U.S. Senate,,Democrat,Jon Ossoff,424
Fulton,12A,U.S. Senate,,Republican,David A. Perdue (I),437
Fulton,12A,U.S. Senate,,Democrat,Jon Ossoff,1602
Fulton,12A1,U.S. Senate,,Republican,David A. Perdue (I),66
Fulton,12A1,U.S. Senate,,Democrat,Jon Ossoff,235
Fulton,12D,U.S. Senate,,Republican,David A. Perdue (I),146
Fulton,12D,U.S. Senate,,Democrat,Jon Ossoff,296
Fulton,12E1,U.S. Senate,,Republican,David A. Perdue (I),134
Fulton,12E1,U.S. Senate,,Democrat,Jon Ossoff,317
Fulton,12F,U.S. Senate,,Republican,David A. Perdue (I),119
Fulton,12F,U.S. Senate,,Democrat,Jon Ossoff,240
Fulton,12G,U.S. Senate,,Republican,David A. Perdue (I),86
Fulton,12G,U.S. Senate,,Democrat,Jon Ossoff,186
Fulton,12H1,U.S. Senate,,Republican,David A. Perdue (I),98
Fulton,12H1,U.S. Senate,,Democrat,Jon Ossoff,130
Fulton,12H2,U.S. Senate,,Republican,David A. Perdue (I),346
Fulton,12H2,U.S. Senate,,Democrat,Jon Ossoff,630
Fulton,12I,U.S. Senate,,Republican,David A. Perdue (I),70
Fulton,12I,U.S. Senate,,Democrat,Jon Ossoff,230
Fulton,12J,U.S. Senate,,Republican,David A. Perdue (I),329
Fulton,12J,U.S. Senate,,Democrat,Jon Ossoff,617
Fulton,12K,U.S. Senate,,Republican,David A. Perdue (I),301
Fulton,12K,U.S. Senate,,Democrat,Jon Ossoff,814
Fulton,12L,U.S. Senate,,Republican,David A. Perdue (I),73
Fulton,12L,U.S. Senate,,Democrat,Jon Ossoff,127
Fulton,12M,U.S. Senate,,Republican,David A. Perdue (I),410
Fulton,12M,U.S. Senate,,Democrat,Jon Ossoff,533
Fulton,12N,U.S. Senate,,Republican,David A. Perdue (I),126
Fulton,12N,U.S. Senate,,Democrat,Jon Ossoff,191
Fulton,12S,U.S. Senate,,Republican,David A. Perdue (I),244
Fulton,12S,U.S. Senate,,Democrat,Jon Ossoff,499
Fulton,AP01A,U.S. Senate,,Republican,David A. Perdue (I),273
Fulton,AP01A,U.S. Senate,,Democrat,Jon Ossoff,1085
Fulton,AP01B,U.S. Senate,,Republican,David A. Perdue (I),80
Fulton,AP01B,U.S. Senate,,Democrat,Jon Ossoff,212
Fulton,AP01C,U.S. Senate,,Republican,David A. Perdue (I),123
Fulton,AP01C,U.S. Senate,,Democrat,Jon Ossoff,500
Fulton,AP01D,U.S. Senate,,Republican,David A. Perdue (I),79
Fulton,AP01D,U.S. Senate,,Democrat,Jon Ossoff,174
Fulton,AP021,U.S. Senate,,Republican,David A. Perdue (I),214
Fulton,AP021,U.S. Senate,,Democrat,Jon Ossoff,675
Fulton,AP022,U.S. Senate,,Republican,David A. Perdue (I),142
Fulton,AP022,U.S. Senate,,Democrat,Jon Ossoff,451
Fulton,AP02B,U.S. Senate,,Republican,David A. Perdue (I),22
Fulton,AP02B,U.S. Senate,,Democrat,Jon Ossoff,117
Fulton,AP03,U.S. Senate,,Republican,David A. Perdue (I),98
Fulton,AP03,U.S. Senate,,Democrat,Jon Ossoff,129
Fulton,AP04A,U.S. Senate,,Republican,David A. Perdue (I),73
Fulton,AP04A,U.S. Senate,,Democrat,Jon Ossoff,340
Fulton,AP04B,U.S. Senate,,Republican,David A. Perdue (I),23
Fulton,AP04B,U.S. Senate,,Democrat,Jon Ossoff,92
Fulton,AP05,U.S. Senate,,Republican,David A. Perdue (I),209
Fulton,AP05,U.S. Senate,,Democrat,Jon Ossoff,982
Fulton,AP06,U.S. Senate,,Republican,David A. Perdue (I),82
Fulton,AP06,U.S. Senate,,Democrat,Jon Ossoff,322
Fulton,AP07A,U.S. Senate,,Republican,David A. Perdue (I),232
Fulton,AP07A,U.S. Senate,,Democrat,Jon Ossoff,660
Fulton,AP07B,U.S. Senate,,Republican,David A. Perdue (I),104
Fulton,AP07B,U.S. Senate,,Democrat,Jon Ossoff,378
Fulton,AP09A,U.S. Senate,,Republican,David A. Perdue (I),248
Fulton,AP09A,U.S. Senate,,Democrat,Jon Ossoff,968
Fulton,AP09B,U.S. Senate,,Republican,David A. Perdue (I),39
Fulton,AP09B,U.S. Senate,,Democrat,Jon Ossoff,240
Fulton,AP10,U.S. Senate,,Republican,David A. Perdue (I),48
Fulton,AP10,U.S. Senate,,Democrat,Jon Ossoff,142
Fulton,AP12A,U.S. Senate,,Republican,David A. Perdue (I),59
Fulton,AP12A,U.S. Senate,,Democrat,Jon Ossoff,145
Fulton,AP12B,U.S. Senate,,Republican,David A. Perdue (I),70
Fulton,AP12B,U.S. Senate,,Democrat,Jon Ossoff,170
Fulton,AP12C,U.S. Senate,,Republican,David A. Perdue (I),108
Fulton,AP12C,U.S. Senate,,Democrat,Jon Ossoff,390
Fulton,AP14,U.S. Senate,,Republican,David A. Perdue (I),152
Fulton,AP14,U.S. Senate,,Democrat,Jon Ossoff,731
Fulton,CH01,U.S. Senate,,Republican,David A. Perdue (I),23
Fulton,CH01,U.S. Senate,,Democrat,Jon Ossoff,91
Fulton,CH02,U.S. Senate,,Republican,David A. Perdue (I),19
Fulton,CH02,U.S. Senate,,Democrat,Jon Ossoff,48
Fulton,CH03,U.S. Senate,,Republican,David A. Perdue (I),15
Fulton,CH03,U.S. Senate,,Democrat,Jon Ossoff,55
Fulton,CH04A,U.S. Senate,,Republican,David A. Perdue (I),37
Fulton,CH04A,U.S. Senate,,Democrat,Jon Ossoff,192
Fulton,CH05,U.S. Senate,,Republican,David A. Perdue (I),18
Fulton,CH05,U.S. Senate,,Democrat,Jon Ossoff,47
Fulton,CP011,U.S. Senate,,Republican,David A. Perdue (I),111
Fulton,CP011,U.S. Senate,,Democrat,Jon Ossoff,331
Fulton,CP012,U.S. Senate,,Republican,David A. Perdue (I),114
Fulton,CP012,U.S. Senate,,Democrat,Jon Ossoff,472
Fulton,CP01B,U.S. Senate,,Republican,David A. Perdue (I),33
Fulton,CP01B,U.S. Senate,,Democrat,Jon Ossoff,115
Fulton,CP02,U.S. Senate,,Republican,David A. Perdue (I),103
Fulton,CP02,U.S. Senate,,Democrat,Jon Ossoff,311
Fulton,CP04A,U.S. Senate,,Republican,David A. Perdue (I),1
Fulton,CP04A,U.S. Senate,,Democrat,Jon Ossoff,2
Fulton,CP04B,U.S. Senate,,Republican,David A. Perdue (I),3
Fulton,CP04B,U.S. Senate,,Democrat,Jon Ossoff,7
Fulton,CP051,U.S. Senate,,Republican,David A. Perdue (I),210
Fulton,CP051,U.S. Senate,,Democrat,Jon Ossoff,497
Fulton,CP05B,U.S. Senate,,Republican,David A. Perdue (I),17
Fulton,CP05B,U.S. Senate,,Democrat,Jon Ossoff,37
Fulton,CP06A,U.S. Senate,,Republican,David A. Perdue (I),68
Fulton,CP06A,U.S. Senate,,Democrat,Jon Ossoff,102
Fulton,CP07B,U.S. Senate,,Republican,David A. Perdue (I),1
Fulton,CP07B,U.S. Senate,,Democrat,Jon Ossoff,0
Fulton,CP07C,U.S. Senate,,Republican,David A. Perdue (I),23
Fulton,CP07C,U.S. Senate,,Democrat,Jon Ossoff,34
Fulton,CP07D,U.S. Senate,,Republican,David A. Perdue (I),68
Fulton,CP07D,U.S. Senate,,Democrat,Jon Ossoff,109
Fulton,CP07E,U.S. Senate,,Republican,David A. Perdue (I),17
Fulton,CP07E,U.S. Senate,,Democrat,Jon Ossoff,21
Fulton,CP07F,U.S. Senate,,Republican,David A. Perdue (I),18
Fulton,CP07F,U.S. Senate,,Democrat,Jon Ossoff,25
Fulton,CP081,U.S. Senate,,Republican,David A. Perdue (I),37
Fulton,CP081,U.S. Senate,,Democrat,Jon Ossoff,36
Fulton,CP083,U.S. Senate,,Republican,David A. Perdue (I),20
Fulton,CP083,U.S. Senate,,Democrat,Jon Ossoff,12
Fulton,CP084,U.S. Senate,,Republican,David A. Perdue (I),0
Fulton,CP084,U.S. Senate,,Democrat,Jon Ossoff,0
Fulton,CP08A,U.S. Senate,,Republican,David A. Perdue (I),64
Fulton,CP08A,U.S. Senate,,Democrat,Jon Ossoff,47
Fulton,EP01A,U.S. Senate,,Republican,David A. Perdue (I),265
Fulton,EP01A,U.S. Senate,,Democrat,Jon Ossoff,862
Fulton,EP01B,U.S. Senate,,Republican,David A. Perdue (I),283
Fulton,EP01B,U.S. Senate,,Democrat,Jon Ossoff,847
Fulton,EP02A,U.S. Senate,,Republican,David A. Perdue (I),228
Fulton,EP02A,U.S. Senate,,Democrat,Jon Ossoff,498
Fulton,EP02B,U.S. Senate,,Republican,David A. Perdue (I),116
Fulton,EP02B,U.S. Senate,,Democrat,Jon Ossoff,601
Fulton,EP02C,U.S. Senate,,Republican,David A. Perdue (I),37
Fulton,EP02C,U.S. Senate,,Democrat,Jon Ossoff,168
Fulton,EP02D,U.S. Senate,,Republican,David A. Perdue (I),45
Fulton,EP02D,U.S. Senate,,Democrat,Jon Ossoff,153
Fulton,EP02E,U.S. Senate,,Republican,David A. Perdue (I),129
Fulton,EP02E,U.S. Senate,,Democrat,Jon Ossoff,402
Fulton,EP03A,U.S. Senate,,Republican,David A. Perdue (I),423
Fulton,EP03A,U.S. Senate,,Democrat,Jon Ossoff,1476
Fulton,EP03B,U.S. Senate,,Republican,David A. Perdue (I),125
Fulton,EP03B,U.S. Senate,,Democrat,Jon Ossoff,548
Fulton,EP04A,U.S. Senate,,Republican,David A. Perdue (I),537
Fulton,EP04A,U.S. Senate,,Democrat,Jon Ossoff,983
Fulton,EP04B,U.S. Senate,,Republican,David A. Perdue (I),247
Fulton,EP04B,U.S. Senate,,Democrat,Jon Ossoff,929
Fulton,EP04C,U.S. Senate,,Republican,David A. Perdue (I),106
Fulton,EP04C,U.S. Senate,,Democrat,Jon Ossoff,519
Fulton,FA01A,U.S. Senate,,Republican,David A. Perdue (I),317
Fulton,FA01A,U.S. Senate,,Democrat,Jon Ossoff,1295
Fulton,FA01B,U.S. Senate,,Republican,David A. Perdue (I),503
Fulton,FA01B,U.S. Senate,,Democrat,Jon Ossoff,2049
Fulton,FA01C,U.S. Senate,,Republican,David A. Perdue (I),88
Fulton,FA01C,U.S. Senate,,Democrat,Jon Ossoff,268
Fulton,FA01D,U.S. Senate,,Republican,David A. Perdue (I),29
Fulton,FA01D,U.S. Senate,,Democrat,Jon Ossoff,113
Fulton,FC01,U.S. Senate,,Republican,David A. Perdue (I),43
Fulton,FC01,U.S. Senate,,Democrat,Jon Ossoff,93
Fulton,FC02,U.S. Senate,,Republican,David A. Perdue (I),16
Fulton,FC02,U.S. Senate,,Democrat,Jon Ossoff,24
Fulton,FC03,U.S. Senate,,Republican,David A. Perdue (I),0
Fulton,FC03,U.S. Senate,,Democrat,Jon Ossoff,7
Fulton,HP01,U.S. Senate,,Republican,David A. Perdue (I),382
Fulton,HP01,U.S. Senate,,Democrat,Jon Ossoff,794
Fulton,JC01,U.S. Senate,,Republican,David A. Perdue (I),246
Fulton,JC01,U.S. Senate,,Democrat,Jon Ossoff,1011
Fulton,JC01A,U.S. Senate,,Republican,David A. Perdue (I),155
Fulton,JC01A,U.S. Senate,,Democrat,Jon Ossoff,457
Fulton,JC02,U.S. Senate,,Republican,David A. Perdue (I),181
Fulton,JC02,U.S. Senate,,Democrat,Jon Ossoff,603
Fulton,JC03A,U.S. Senate,,Republican,David A. Perdue (I),38
Fulton,JC03A,U.S. Senate,,Democrat,Jon Ossoff,172
Fulton,JC03B,U.S. Senate,,Republican,David A. Perdue (I),142
Fulton,JC03B,U.S. Senate,,Democrat,Jon Ossoff,401
Fulton,JC04A,U.S. Senate,,Republican,David A. Perdue (I),138
Fulton,JC04A,U.S. Senate,,Democrat,Jon Ossoff,812
Fulton,JC04B,U.S. Senate,,Republican,David A. Perdue (I),22
Fulton,JC04B,U.S. Senate,,Democrat,Jon Ossoff,91
Fulton,JC04C,U.S. Senate,,Republican,David A. Perdue (I),62
Fulton,JC04C,U.S. Senate,,Democrat,Jon Ossoff,342
Fulton,JC05,U.S. Senate,,Republican,David A. Perdue (I),136
Fulton,JC05,U.S. Senate,,Democrat,Jon Ossoff,599
Fulton,JC06,U.S. Senate,,Republican,David A. Perdue (I),161
Fulton,JC06,U.S. Senate,,Democrat,Jon Ossoff,511
Fulton,JC07,U.S. Senate,,Republican,David A. Perdue (I),289
Fulton,JC07,U.S. Senate,,Democrat,Jon Ossoff,1074
Fulton,JC08,U.S. Senate,,Republican,David A. Perdue (I),148
Fulton,JC08,U.S. Senate,,Democrat,Jon Ossoff,671
Fulton,JC09,U.S. Senate,,Republican,David A. Perdue (I),198
Fulton,JC09,U.S. Senate,,Democrat,Jon Ossoff,730
Fulton,JC10,U.S. Senate,,Republican,David A. Perdue (I),174
Fulton,JC10,U.S. Senate,,Democrat,Jon Ossoff,607
Fulton,JC11,U.S. Senate,,Republican,David A. Perdue (I),169
Fulton,JC11,U.S. Senate,,Democrat,Jon Ossoff,637
Fulton,JC12,U.S. Senate,,Republican,David A. Perdue (I),74
Fulton,JC12,U.S. Senate,,Democrat,Jon Ossoff,435
Fulton,JC13A,U.S. Senate,,Republican,David A. Perdue (I),69
Fulton,JC13A,U.S. Senate,,Democrat,Jon Ossoff,381
Fulton,JC13B,U.S. Senate,,Republican,David A. Perdue (I),11
Fulton,JC13B,U.S. Senate,,Democrat,Jon Ossoff,34
Fulton,JC14,U.S. Senate,,Republican,David A. Perdue (I),118
Fulton,JC14,U.S. Senate,,Democrat,Jon Ossoff,565
Fulton,JC15,U.S. Senate,,Republican,David A. Perdue (I),66
Fulton,JC15,U.S. Senate,,Democrat,Jon Ossoff,241
Fulton,JC16,U.S. Senate,,Republican,David A. Perdue (I),128
Fulton,JC16,U.S. Senate,,Democrat,Jon Ossoff,591
Fulton,JC18,U.S. Senate,,Republican,David A. Perdue (I),120
Fulton,JC18,U.S. Senate,,Democrat,Jon Ossoff,622
Fulton,JC19,U.S. Senate,,Republican,David A. Perdue (I),155
Fulton,JC19,U.S. Senate,,Democrat,Jon Ossoff,919
Fulton,ML01A,U.S. Senate,,Republican,David A. Perdue (I),156
Fulton,ML01A,U.S. Senate,,Democrat,Jon Ossoff,519
Fulton,ML01B,U.S. Senate,,Republican,David A. Perdue (I),29
Fulton,ML01B,U.S. Senate,,Democrat,Jon Ossoff,95
Fulton,ML02A,U.S. Senate,,Republican,David A. Perdue (I),110
Fulton,ML02A,U.S. Senate,,Democrat,Jon Ossoff,247
Fulton,ML02B,U.S. Senate,,Republican,David A. Perdue (I),88
Fulton,ML02B,U.S. Senate,,Democrat,Jon Ossoff,249
Fulton,ML03,U.S. Senate,,Republican,David A. Perdue (I),156
Fulton,ML03,U.S. Senate,,Democrat,Jon Ossoff,490
Fulton,ML03A,U.S. Senate,,Republican,David A. Perdue (I),8
Fulton,ML03A,U.S. Senate,,Democrat,Jon Ossoff,38
Fulton,ML04,U.S. Senate,,Republican,David A. Perdue (I),173
Fulton,ML04,U.S. Senate,,Democrat,Jon Ossoff,520
Fulton,ML05,U.S. Senate,,Republican,David A. Perdue (I),291
Fulton,ML05,U.S. Senate,,Democrat,Jon Ossoff,837
Fulton,ML06A,U.S. Senate,,Republican,David A. Perdue (I),186
Fulton,ML06A,U.S. Senate,,Democrat,Jon Ossoff,467
Fulton,ML06B,U.S. Senate,,Republican,David A. Perdue (I),256
Fulton,ML06B,U.S. Senate,,Democrat,Jon Ossoff,692
Fulton,ML07A,U.S. Senate,,Republican,David A. Perdue (I),52
Fulton,ML07A,U.S. Senate,,Democrat,Jon Ossoff,93
Fulton,ML07B,U.S. Senate,,Republican,David A. Perdue (I),91
Fulton,ML07B,U.S. Senate,,Democrat,Jon Ossoff,202
Fulton,MP01,U.S. Senate,,Republican,David A. Perdue (I),96
Fulton,MP01,U.S. Senate,,Democrat,Jon Ossoff,30
Fulton,PA01,U.S. Senate,,Republican,David A. Perdue (I),255
Fulton,PA01,U.S. Senate,,Democrat,Jon Ossoff,805
Fulton,RW01,U.S. Senate,,Republican,David A. Perdue (I),227
Fulton,RW01,U.S. Senate,,Democrat,Jon Ossoff,754
Fulton,RW02,U.S. Senate,,Republican,David A. Perdue (I),271
Fulton,RW02,U.S. Senate,,Democrat,Jon Ossoff,692
Fulton,RW03,U.S. Senate,,Republican,David A. Perdue (I),338
Fulton,RW03,U.S. Senate,,Democrat,Jon Ossoff,896
Fulton,RW04,U.S. Senate,,Republican,David A. Perdue (I),85
Fulton,RW04,U.S. Senate,,Democrat,Jon Ossoff,453
Fulton,RW05,U.S. Senate,,Republican,David A. Perdue (I),244
Fulton,RW05,U.S. Senate,,Democrat,Jon Ossoff,546
Fulton,RW06,U.S. Senate,,Republican,David A. Perdue (I),180
Fulton,RW06,U.S. Senate,,Democrat,Jon Ossoff,691
Fulton,RW07A,U.S. Senate,,Republican,David A. Perdue (I),234
Fulton,RW07A,U.S. Senate,,Democrat,Jon Ossoff,302
Fulton,RW07B,U.S. Senate,,Republican,David A. Perdue (I),51
Fulton,RW07B,U.S. Senate,,Democrat,Jon Ossoff,76
Fulton,RW08,U.S. Senate,,Republican,David A. Perdue (I),103
Fulton,RW08,U.S. Senate,,Democrat,Jon Ossoff,298
Fulton,RW09,U.S. Senate,,Republican,David A. Perdue (I),213
Fulton,RW09,U.S. Senate,,Democrat,Jon Ossoff,644
Fulton,RW09A,U.S. Senate,,Republican,David A. Perdue (I),86
Fulton,RW09A,U.S. Senate,,Democrat,Jon Ossoff,299
Fulton,RW10,U.S. Senate,,Republican,David A. Perdue (I),142
Fulton,RW10,U.S. Senate,,Democrat,Jon Ossoff,591
Fulton,RW11A,U.S. Senate,,Republican,David A. Perdue (I),173
Fulton,RW11A,U.S. Senate,,Democrat,Jon Ossoff,495
Fulton,RW12,U.S. Senate,,Republican,David A. Perdue (I),212
Fulton,RW12,U.S. Senate,,Democrat,Jon Ossoff,621
Fulton,RW12A,U.S. Senate,,Republican,David A. Perdue (I),132
Fulton,RW12A,U.S. Senate,,Democrat,Jon Ossoff,455
Fulton,RW13,U.S. Senate,,Republican,David A. Perdue (I),234
Fulton,RW13,U.S. Senate,,Democrat,Jon Ossoff,799
Fulton,RW16,U.S. Senate,,Republican,David A. Perdue (I),115
Fulton,RW16,U.S. Senate,,Democrat,Jon Ossoff,382
Fulton,RW17,U.S. Senate,,Republican,David A. Perdue (I),238
Fulton,RW17,U.S. Senate,,Democrat,Jon Ossoff,650
Fulton,RW19,U.S. Senate,,Republican,David A. Perdue (I),79
Fulton,RW19,U.S. Senate,,Democrat,Jon Ossoff,392
Fulton,RW20,U.S. Senate,,Republican,David A. Perdue (I),110
Fulton,RW20,U.S. Senate,,Democrat,Jon Ossoff,610
Fulton,RW21,U.S. Senate,,Republican,David A. Perdue (I),161
Fulton,RW21,U.S. Senate,,Democrat,Jon Ossoff,592
Fulton,RW22A,U.S. Senate,,Republican,David A. Perdue (I),391
Fulton,RW22A,U.S. Senate,,Democrat,Jon Ossoff,1038
Fulton,SC01A,U.S. Senate,,Republican,David A. Perdue (I),7
Fulton,SC01A,U.S. Senate,,Democrat,Jon Ossoff,16
Fulton,SC01B,U.S. Senate,,Republican,David A. Perdue (I),138
Fulton,SC01B,U.S. Senate,,Democrat,Jon Ossoff,1119
Fulton,SC01C,U.S. Senate,,Republican,David A. Perdue (I),114
Fulton,SC01C,U.S. Senate,,Democrat,Jon Ossoff,1031
Fulton,SC02,U.S. Senate,,Republican,David A. Perdue (I),85
Fulton,SC02,U.S. Senate,,Democrat,Jon Ossoff,720
Fulton,SC04,U.S. Senate,,Republican,David A. Perdue (I),102
Fulton,SC04,U.S. Senate,,Democrat,Jon Ossoff,297
Fulton,SC05A,U.S. Senate,,Republican,David A. Perdue (I),72
Fulton,SC05A,U.S. Senate,,Democrat,Jon Ossoff,293
Fulton,SC05B,U.S. Senate,,Republican,David A. Perdue (I),349
Fulton,SC05B,U.S. Senate,,Democrat,Jon Ossoff,1592
Fulton,SC05D,U.S. Senate,,Republican,David A. Perdue (I),292
Fulton,SC05D,U.S. Senate,,Democrat,Jon Ossoff,1245
Fulton,SC05E,U.S. Senate,,Republican,David A. Perdue (I),43
Fulton,SC05E,U.S. Senate,,Democrat,Jon Ossoff,226
Fulton,SC07A,U.S. Senate,,Republican,David A. Perdue (I),341
Fulton,SC07A,U.S. Senate,,Democrat,Jon Ossoff,1743
Fulton,SC07C,U.S. Senate,,Republican,David A. Perdue (I),2
Fulton,SC07C,U.S. Senate,,Democrat,Jon Ossoff,5
Fulton,SC07D,U.S. Senate,,Republican,David A. Perdue (I),163
Fulton,SC07D,U.S. Senate,,Democrat,Jon Ossoff,774
Fulton,SC08B,U.S. Senate,,Republican,David A. Perdue (I),433
Fulton,SC08B,U.S. Senate,,Democrat,Jon Ossoff,1399
Fulton,SC08C,U.S. Senate,,Republican,David A. Perdue (I),11
Fulton,SC08C,U.S. Senate,,Democrat,Jon Ossoff,38
Fulton,SC08D,U.S. Senate,,Republican,David A. Perdue (I),56
Fulton,SC08D,U.S. Senate,,Democrat,Jon Ossoff,205
Fulton,SC08E,U.S. Senate,,Republican,David A. Perdue (I),92
Fulton,SC08E,U.S. Senate,,Democrat,Jon Ossoff,265
Fulton,SC08F,U.S. Senate,,Republican,David A. Perdue (I),48
Fulton,SC08F,U.S. Senate,,Democrat,Jon Ossoff,253
Fulton,SC08G,U.S. Senate,,Republican,David A. Perdue (I),3
Fulton,SC08G,U.S. Senate,,Democrat,Jon Ossoff,1
Fulton,SC08H,U.S. Senate,,Republican,David A. Perdue (I),0
Fulton,SC08H,U.S. Senate,,Democrat,Jon Ossoff,0
Fulton,SC09A,U.S. Senate,,Republican,David A. Perdue (I),215
Fulton,SC09A,U.S. Senate,,Democrat,Jon Ossoff,471
Fulton,SC09B,U.S. Senate,,Republican,David A. Perdue (I),169
Fulton,SC09B,U.S. Senate,,Democrat,Jon Ossoff,654
Fulton,SC09C,U.S. Senate,,Republican,David A. Perdue (I),227
Fulton,SC09C,U.S. Senate,,Democrat,Jon Ossoff,466
Fulton,SC10,U.S. Senate,,Republican,David A. Perdue (I),243
Fulton,SC10,U.S. Senate,,Democrat,Jon Ossoff,362
Fulton,SC11A,U.S. Senate,,Republican,David A. Perdue (I),174
Fulton,SC11A,U.S. Senate,,Democrat,Jon Ossoff,531
Fulton,SC11B,U.S. Senate,,Republican,David A. Perdue (I),173
Fulton,SC11B,U.S. Senate,,Democrat,Jon Ossoff,526
Fulton,SC13,U.S. Senate,,Republican,David A. Perdue (I),262
Fulton,SC13,U.S. Senate,,Democrat,Jon Ossoff,1228
Fulton,SC14A,U.S. Senate,,Republican,David A. Perdue (I),73
Fulton,SC14A,U.S. Senate,,Democrat,Jon Ossoff,309
Fulton,SC15,U.S. Senate,,Republican,David A. Perdue (I),414
Fulton,SC15,U.S. Senate,,Democrat,Jon Ossoff,1873
Fulton,SC15A,U.S. Senate,,Republican,David A. Perdue (I),232
Fulton,SC15A,U.S. Senate,,Democrat,Jon Ossoff,1195
Fulton,SC16A,U.S. Senate,,Republican,David A. Perdue (I),415
Fulton,SC16A,U.S. Senate,,Democrat,Jon Ossoff,2385
Fulton,SC17A,U.S. Senate,,Republican,David A. Perdue (I),7
Fulton,SC17A,U.S. Senate,,Democrat,Jon Ossoff,28
Fulton,SC17B,U.S. Senate,,Republican,David A. Perdue (I),0
Fulton,SC17B,U.S. Senate,,Democrat,Jon Ossoff,0
Fulton,SC17C,U.S. Senate,,Republican,David A. Perdue (I),132
Fulton,SC17C,U.S. Senate,,Democrat,Jon Ossoff,427
Fulton,SC18A,U.S. Senate,,Republican,David A. Perdue (I),56
Fulton,SC18A,U.S. Senate,,Democrat,Jon Ossoff,174
Fulton,SC18B,U.S. Senate,,Republican,David A. Perdue (I),97
Fulton,SC18B,U.S. Senate,,Democrat,Jon Ossoff,433
Fulton,SC18C,U.S. Senate,,Republican,David A. Perdue (I),193
Fulton,SC18C,U.S. Senate,,Democrat,Jon Ossoff,937
Fulton,SC19A,U.S. Senate,,Republican,David A. Perdue (I),20
Fulton,SC19A,U.S. Senate,,Democrat,Jon Ossoff,80
Fulton,SC19B,U.S. Senate,,Republican,David A. Perdue (I),198
Fulton,SC19B,U.S. Senate,,Democrat,Jon Ossoff,368
Fulton,SC20,U.S. Senate,,Republican,David A. Perdue (I),201
Fulton,SC20,U.S. Senate,,Democrat,Jon Ossoff,1398
Fulton,SC211,U.S. Senate,,Republican,David A. Perdue (I),173
Fulton,SC211,U.S. Senate,,Democrat,Jon Ossoff,706
Fulton,SC212,U.S. Senate,,Republican,David A. Perdue (I),439
Fulton,SC212,U.S. Senate,,Democrat,Jon Ossoff,1530
Fulton,SC23A,U.S. Senate,,Republican,David A. Perdue (I),453
Fulton,SC23A,U.S. Senate,,Democrat,Jon Ossoff,1033
Fulton,SC23B,U.S. Senate,,Republican,David A. Perdue (I),52
Fulton,SC23B,U.S. Senate,,Democrat,Jon Ossoff,167
Fulton,SC23C,U.S. Senate,,Republican,David A. Perdue (I),300
Fulton,SC23C,U.S. Senate,,Democrat,Jon Ossoff,775
Fulton,SC27,U.S. Senate,,Republican,David A. Perdue (I),215
Fulton,SC27,U.S. Senate,,Democrat,Jon Ossoff,686
Fulton,SC29A,U.S. Senate,,Republican,David A. Perdue (I),374
Fulton,SC29A,U.S. Senate,,Democrat,Jon Ossoff,890
Fulton,SC30A,U.S. Senate,,Republican,David A. Perdue (I),13
Fulton,SC30A,U.S. Senate,,Democrat,Jon Ossoff,53
Fulton,SC30B,U.S. Senate,,Republican,David A. Perdue (I),75
Fulton,SC30B,U.S. Senate,,Democrat,Jon Ossoff,354
Fulton,SS01,U.S. Senate,,Republican,David A. Perdue (I),137
Fulton,SS01,U.S. Senate,,Democrat,Jon Ossoff,826
Fulton,SS02A,U.S. Senate,,Republican,David A. Perdue (I),58
Fulton,SS02A,U.S. Senate,,Democrat,Jon Ossoff,281
Fulton,SS02B,U.S. Senate,,Republican,David A. Perdue (I),78
Fulton,SS02B,U.S. Senate,,Democrat,Jon Ossoff,335
Fulton,SS03,U.S. Senate,,Republican,David A. Perdue (I),63
Fulton,SS03,U.S. Senate,,Democrat,Jon Ossoff,388
Fulton,SS04,U.S. Senate,,Republican,David A. Perdue (I),255
Fulton,SS04,U.S. Senate,,Democrat,Jon Ossoff,869
Fulton,SS05,U.S. Senate,,Republican,David A. Perdue (I),87
Fulton,SS05,U.S. Senate,,Democrat,Jon Ossoff,434
Fulton,SS06,U.S. Senate,,Republican,David A. Perdue (I),63
Fulton,SS06,U.S. Senate,,Democrat,Jon Ossoff,368
Fulton,SS07A,U.S. Senate,,Republican,David A. Perdue (I),37
Fulton,SS07A,U.S. Senate,,Democrat,Jon Ossoff,252
Fulton,SS07B,U.S. Senate,,Republican,David A. Perdue (I),45
Fulton,SS07B,U.S. Senate,,Democrat,Jon Ossoff,196
Fulton,SS07C,U.S. Senate,,Republican,David A. Perdue (I),27
Fulton,SS07C,U.S. Senate,,Democrat,Jon Ossoff,100
Fulton,SS08A,U.S. Senate,,Republican,David A. Perdue (I),190
Fulton,SS08A,U.S. Senate,,Democrat,Jon Ossoff,446
Fulton,SS08B,U.S. Senate,,Republican,David A. Perdue (I),18
Fulton,SS08B,U.S. Senate,,Democrat,Jon Ossoff,140
Fulton,SS08C,U.S. Senate,,Republican,David A. Perdue (I),38
Fulton,SS08C,U.S. Senate,,Democrat,Jon Ossoff,171
Fulton,SS08D,U.S. Senate,,Republican,David A. Perdue (I),119
Fulton,SS08D,U.S. Senate,,Democrat,Jon Ossoff,325
Fulton,SS09A,U.S. Senate,,Republican,David A. Perdue (I),95
Fulton,SS09A,U.S. Senate,,Democrat,Jon Ossoff,561
Fulton,SS09B,U.S. Senate,,Republican,David A. Perdue (I),135
Fulton,SS09B,U.S. Senate,,Democrat,Jon Ossoff,751
Fulton,SS11A,U.S. Senate,,Republican,David A. Perdue (I),322
Fulton,SS11A,U.S. Senate,,Democrat,Jon Ossoff,823
Fulton,SS11B,U.S. Senate,,Republican,David A. Perdue (I),116
Fulton,SS11B,U.S. Senate,,Democrat,Jon Ossoff,294
Fulton,SS11C,U.S. Senate,,Republican,David A. Perdue (I),36
Fulton,SS11C,U.S. Senate,,Democrat,Jon Ossoff,86
Fulton,SS11D,U.S. Senate,,Republican,David A. Perdue (I),22
Fulton,SS11D,U.S. Senate,,Democrat,Jon Ossoff,69
Fulton,SS12,U.S. Senate,,Republican,David A. Perdue (I),160
Fulton,SS12,U.S. Senate,,Democrat,Jon Ossoff,571
Fulton,SS13A,U.S. Senate,,Republican,David A. Perdue (I),159
Fulton,SS13A,U.S. Senate,,Democrat,Jon Ossoff,382
Fulton,SS13B,U.S. Senate,,Republican,David A. Perdue (I),96
Fulton,SS13B,U.S. Senate,,Democrat,Jon Ossoff,255
Fulton,SS14,U.S. Senate,,Republican,David A. Perdue (I),40
Fulton,SS14,U.S. Senate,,Democrat,Jon Ossoff,235
Fulton,SS15A,U.S. Senate,,Republican,David A. Perdue (I),285
Fulton,SS15A,U.S. Senate,,Democrat,Jon Ossoff,606
Fulton,SS15B,U.S. Senate,,Republican,David A. Perdue (I),177
Fulton,SS15B,U.S. Senate,,Democrat,Jon Ossoff,347
Fulton,SS16,U.S. Senate,,Republican,David A. Perdue (I),85
Fulton,SS16,U.S. Senate,,Democrat,Jon Ossoff,407
Fulton,SS17,U.S. Senate,,Republican,David A. Perdue (I),227
Fulton,SS17,U.S. Senate,,Democrat,Jon Ossoff,646
Fulton,SS18A,U.S. Senate,,Republican,David A. Perdue (I),20
Fulton,SS18A,U.S. Senate,,Democrat,Jon Ossoff,141
Fulton,SS18B,U.S. Senate,,Republican,David A. Perdue (I),17
Fulton,SS18B,U.S. Senate,,Democrat,Jon Ossoff,50
Fulton,SS19A,U.S. Senate,,Republican,David A. Perdue (I),250
Fulton,SS19A,U.S. Senate,,Democrat,Jon Ossoff,805
Fulton,SS19B,U.S. Senate,,Republican,David A. Perdue (I),168
Fulton,SS19B,U.S. Senate,,Democrat,Jon Ossoff,610
Fulton,SS20,U.S. Senate,,Republican,David A. Perdue (I),158
Fulton,SS20,U.S. Senate,,Democrat,Jon Ossoff,523
Fulton,SS22,U.S. Senate,,Republican,David A. Perdue (I),182
Fulton,SS22,U.S. Senate,,Democrat,Jon Ossoff,455
Fulton,SS26,U.S. Senate,,Republican,David A. Perdue (I),291
Fulton,SS26,U.S. Senate,,Democrat,Jon Ossoff,911
Fulton,SS29A,U.S. Senate,,Republican,David A. Perdue (I),184
Fulton,SS29A,U.S. Senate,,Democrat,Jon Ossoff,624
Fulton,SS31,U.S. Senate,,Republican,David A. Perdue (I),80
Fulton,SS31,U.S. Senate,,Democrat,Jon Ossoff,398
Fulton,UC01A,U.S. Senate,,Republican,David A. Perdue (I),429
Fulton,UC01A,U.S. Senate,,Democrat,Jon Ossoff,977
Fulton,UC01B,U.S. Senate,,Republican,David A. Perdue (I),49
Fulton,UC01B,U.S. Senate,,Democrat,Jon Ossoff,99
Fulton,UC01D,U.S. Senate,,Republican,David A. Perdue (I),0
Fulton,UC01D,U.S. Senate,,Democrat,Jon Ossoff,0
Fulton,UC01E,U.S. Senate,,Republican,David A. Perdue (I),86
Fulton,UC01E,U.S. Senate,,Democrat,Jon Ossoff,230
Fulton,UC02A,U.S. Senate,,Republican,David A. Perdue (I),549
Fulton,UC02A,U.S. Senate,,Democrat,Jon Ossoff,2022
Fulton,UC02B,U.S. Senate,,Republican,David A. Perdue (I),3
Fulton,UC02B,U.S. Senate,,Democrat,Jon Ossoff,9
Fulton,UC02C,U.S. Senate,,Republican,David A. Perdue (I),244
Fulton,UC02C,U.S. Senate,,Democrat,Jon Ossoff,1109
Fulton,UC031,U.S. Senate,,Republican,David A. Perdue (I),210
Fulton,UC031,U.S. Senate,,Democrat,Jon Ossoff,588
Fulton,UC032,U.S. Senate,,Republican,David A. Perdue (I),44
Fulton,UC032,U.S. Senate,,Democrat,Jon Ossoff,116
Fulton,01A,U.S. Senate (Special),,Republican,Kelly Loeffler (I),358
Fulton,01A,U.S. Senate (Special),,Democrat,Raphael Warnock,1463
Fulton,01B,U.S. Senate (Special),,Republican,Kelly Loeffler (I),510
Fulton,01B,U.S. Senate (Special),,Democrat,Raphael Warnock,1688
Fulton,01C,U.S. Senate (Special),,Republican,Kelly Loeffler (I),243
Fulton,01C,U.S. Senate (Special),,Democrat,Raphael Warnock,326
Fulton,01D,U.S. Senate (Special),,Republican,Kelly Loeffler (I),79
Fulton,01D,U.S. Senate (Special),,Democrat,Raphael Warnock,235
Fulton,01E,U.S. Senate (Special),,Republican,Kelly Loeffler (I),271
Fulton,01E,U.S. Senate (Special),,Democrat,Raphael Warnock,1456
Fulton,01F,U.S. Senate (Special),,Republican,Kelly Loeffler (I),132
Fulton,01F,U.S. Senate (Special),,Democrat,Raphael Warnock,234
Fulton,01G,U.S. Senate (Special),,Republican,Kelly Loeffler (I),222
Fulton,01G,U.S. Senate (Special),,Democrat,Raphael Warnock,641
Fulton,01H,U.S. Senate (Special),,Republican,Kelly Loeffler (I),108
Fulton,01H,U.S. Senate (Special),,Democrat,Raphael Warnock,154
Fulton,01I,U.S. Senate (Special),,Republican,Kelly Loeffler (I),0
Fulton,01I,U.S. Senate (Special),,Democrat,Raphael Warnock,0
Fulton,01J,U.S. Senate (Special),,Republican,Kelly Loeffler (I),340
Fulton,01J,U.S. Senate (Special),,Democrat,Raphael Warnock,591
Fulton,01P,U.S. Senate (Special),,Republican,Kelly Loeffler (I),228
Fulton,01P,U.S. Senate (Special),,Democrat,Raphael Warnock,208
Fulton,01R,U.S. Senate (Special),,Republican,Kelly Loeffler (I),211
Fulton,01R,U.S. Senate (Special),,Democrat,Raphael Warnock,125
Fulton,01S,U.S. Senate (Special),,Republican,Kelly Loeffler (I),296
Fulton,01S,U.S. Senate (Special),,Democrat,Raphael Warnock,416
Fulton,01T,U.S. Senate (Special),,Republican,Kelly Loeffler (I),229
Fulton,01T,U.S. Senate (Special),,Democrat,Raphael Warnock,399
Fulton,02A,U.S. Senate (Special),,Republican,Kelly Loeffler (I),287
Fulton,02A,U.S. Senate (Special),,Democrat,Raphael Warnock,1508
Fulton,02A1,U.S. Senate (Special),,Republican,Kelly Loeffler (I),56
Fulton,02A1,U.S. Senate (Special),,Democrat,Raphael Warnock,210
Fulton,02B,U.S. Senate (Special),,Republican,Kelly Loeffler (I),250
Fulton,02B,U.S. Senate (Special),,Democrat,Raphael Warnock,624
Fulton,02C,U.S. Senate (Special),,Republican,Kelly Loeffler (I),188
Fulton,02C,U.S. Senate (Special),,Democrat,Raphael Warnock,599
Fulton,02D,U.S. Senate (Special),,Republican,Kelly Loeffler (I),482
Fulton,02D,U.S. Senate (Special),,Democrat,Raphael Warnock,1565
Fulton,02E,U.S. Senate (Special),,Republican,Kelly Loeffler (I),220
Fulton,02E,U.S. Senate (Special),,Democrat,Raphael Warnock,826
Fulton,02F1,U.S. Senate (Special),,Republican,Kelly Loeffler (I),289
Fulton,02F1,U.S. Senate (Special),,Democrat,Raphael Warnock,1058
Fulton,02F2,U.S. Senate (Special),,Republican,Kelly Loeffler (I),87
Fulton,02F2,U.S. Senate (Special),,Democrat,Raphael Warnock,204
Fulton,02G,U.S. Senate (Special),,Republican,Kelly Loeffler (I),378
Fulton,02G,U.S. Senate (Special),,Democrat,Raphael Warnock,1290
Fulton,02J,U.S. Senate (Special),,Republican,Kelly Loeffler (I),210
Fulton,02J,U.S. Senate (Special),,Democrat,Raphael Warnock,752
Fulton,02K,U.S. Senate (Special),,Republican,Kelly Loeffler (I),126
Fulton,02K,U.S. Senate (Special),,Democrat,Raphael Warnock,520
Fulton,02L1,U.S. Senate (Special),,Republican,Kelly Loeffler (I),396
Fulton,02L1,U.S. Senate (Special),,Democrat,Raphael Warnock,1682
Fulton,02L1A,U.S. Senate (Special),,Republican,Kelly Loeffler (I),117
Fulton,02L1A,U.S. Senate (Special),,Democrat,Raphael Warnock,446
Fulton,02L2,U.S. Senate (Special),,Republican,Kelly Loeffler (I),238
Fulton,02L2,U.S. Senate (Special),,Democrat,Raphael Warnock,631
Fulton,02S,U.S. Senate (Special),,Republican,Kelly Loeffler (I),84
Fulton,02S,U.S. Senate (Special),,Democrat,Raphael Warnock,225
Fulton,02W,U.S. Senate (Special),,Republican,Kelly Loeffler (I),106
Fulton,02W,U.S. Senate (Special),,Democrat,Raphael Warnock,302
Fulton,03A,U.S. Senate (Special),,Republican,Kelly Loeffler (I),203
Fulton,03A,U.S. Senate (Special),,Democrat,Raphael Warnock,328
Fulton,03B,U.S. Senate (Special),,Republican,Kelly Loeffler (I),66
Fulton,03B,U.S. Senate (Special),,Democrat,Raphael Warnock,80
Fulton,03C,U.S. Senate (Special),,Republican,Kelly Loeffler (I),176
Fulton,03C,U.S. Senate (Special),,Democrat,Raphael Warnock,323
Fulton,03D,U.S. Senate (Special),,Republican,Kelly Loeffler (I),109
Fulton,03D,U.S. Senate (Special),,Democrat,Raphael Warnock,183
Fulton,03E,U.S. Senate (Special),,Republican,Kelly Loeffler (I),315
Fulton,03E,U.S. Senate (Special),,Democrat,Raphael Warnock,402
Fulton,03F,U.S. Senate (Special),,Republican,Kelly Loeffler (I),212
Fulton,03F,U.S. Senate (Special),,Democrat,Raphael Warnock,637
Fulton,03G,U.S. Senate (Special),,Republican,Kelly Loeffler (I),95
Fulton,03G,U.S. Senate (Special),,Democrat,Raphael Warnock,113
Fulton,03H,U.S. Senate (Special),,Republican,Kelly Loeffler (I),92
Fulton,03H,U.S. Senate (Special),,Democrat,Raphael Warnock,203
Fulton,03I,U.S. Senate (Special),,Republican,Kelly Loeffler (I),95
Fulton,03I,U.S. Senate (Special),,Democrat,Raphael Warnock,184
Fulton,03L,U.S. Senate (Special),,Republican,Kelly Loeffler (I),86
Fulton,03L,U.S. Senate (Special),,Democrat,Raphael Warnock,90
Fulton,03M,U.S. Senate (Special),,Republican,Kelly Loeffler (I),171
Fulton,03M,U.S. Senate (Special),,Democrat,Raphael Warnock,190
Fulton,03N,U.S. Senate (Special),,Republican,Kelly Loeffler (I),314
Fulton,03N,U.S. Senate (Special),,Democrat,Raphael Warnock,343
Fulton,03P1A,U.S. Senate (Special),,Republican,Kelly Loeffler (I),415
Fulton,03P1A,U.S. Senate (Special),,Democrat,Raphael Warnock,987
Fulton,03P2,U.S. Senate (Special),,Republican,Kelly Loeffler (I),0
Fulton,03P2,U.S. Senate (Special),,Democrat,Raphael Warnock,7
Fulton,03S,U.S. Senate (Special),,Republican,Kelly Loeffler (I),102
Fulton,03S,U.S. Senate (Special),,Democrat,Raphael Warnock,187
Fulton,03T,U.S. Senate (Special),,Republican,Kelly Loeffler (I),182
Fulton,03T,U.S. Senate (Special),,Democrat,Raphael Warnock,423
Fulton,04A,U.S. Senate (Special),,Republican,Kelly Loeffler (I),154
Fulton,04A,U.S. Senate (Special),,Democrat,Raphael Warnock,254
Fulton,04B,U.S. Senate (Special),,Republican,Kelly Loeffler (I),172
Fulton,04B,U.S. Senate (Special),,Democrat,Raphael Warnock,332
Fulton,04C,U.S. Senate (Special),,Republican,Kelly Loeffler (I),17
Fulton,04C,U.S. Senate (Special),,Democrat,Raphael Warnock,24
Fulton,04D,U.S. Senate (Special),,Republican,Kelly Loeffler (I),193
Fulton,04D,U.S. Senate (Special),,Democrat,Raphael Warnock,404
Fulton,04F,U.S. Senate (Special),,Republican,Kelly Loeffler (I),279
Fulton,04F,U.S. Senate (Special),,Democrat,Raphael Warnock,580
Fulton,04G,U.S. Senate (Special),,Republican,Kelly Loeffler (I),125
Fulton,04G,U.S. Senate (Special),,Democrat,Raphael Warnock,176
Fulton,04I,U.S. Senate (Special),,Republican,Kelly Loeffler (I),134
Fulton,04I,U.S. Senate (Special),,Democrat,Raphael Warnock,387
Fulton,04J,U.S. Senate (Special),,Republican,Kelly Loeffler (I),49
Fulton,04J,U.S. Senate (Special),,Democrat,Raphael Warnock,68
Fulton,04K,U.S. Senate (Special),,Republican,Kelly Loeffler (I),284
Fulton,04K,U.S. Senate (Special),,Democrat,Raphael Warnock,629
Fulton,04L,U.S. Senate (Special),,Republican,Kelly Loeffler (I),220
Fulton,04L,U.S. Senate (Special),,Democrat,Raphael Warnock,517
Fulton,04M,U.S. Senate (Special),,Republican,Kelly Loeffler (I),118
Fulton,04M,U.S. Senate (Special),,Democrat,Raphael Warnock,136
Fulton,04S,U.S. Senate (Special),,Republican,Kelly Loeffler (I),345
Fulton,04S,U.S. Senate (Special),,Democrat,Raphael Warnock,575
Fulton,04T,U.S. Senate (Special),,Republican,Kelly Loeffler (I),171
Fulton,04T,U.S. Senate (Special),,Democrat,Raphael Warnock,315
Fulton,04V,U.S. Senate (Special),,Republican,Kelly Loeffler (I),451
Fulton,04V,U.S. Senate (Special),,Democrat,Raphael Warnock,554
Fulton,04W,U.S. Senate (Special),,Republican,Kelly Loeffler (I),63
Fulton,04W,U.S. Senate (Special),,Democrat,Raphael Warnock,52
Fulton,04X1,U.S. Senate (Special),,Republican,Kelly Loeffler (I),223
Fulton,04X1,U.S. Senate (Special),,Democrat,Raphael Warnock,538
Fulton,04X2,U.S. Senate (Special),,Republican,Kelly Loeffler (I),69
Fulton,04X2,U.S. Senate (Special),,Democrat,Raphael Warnock,203
Fulton,05A1,U.S. Senate (Special),,Republican,Kelly Loeffler (I),318
Fulton,05A1,U.S. Senate (Special),,Democrat,Raphael Warnock,1064
Fulton,05A2,U.S. Senate (Special),,Republican,Kelly Loeffler (I),373
Fulton,05A2,U.S. Senate (Special),,Democrat,Raphael Warnock,1254
Fulton,05B,U.S. Senate (Special),,Republican,Kelly Loeffler (I),265
Fulton,05B,U.S. Senate (Special),,Democrat,Raphael Warnock,487
Fulton,05C,U.S. Senate (Special),,Republican,Kelly Loeffler (I),5
Fulton,05C,U.S. Senate (Special),,Democrat,Raphael Warnock,19
Fulton,05D,U.S. Senate (Special),,Republican,Kelly Loeffler (I),21
Fulton,05D,U.S. Senate (Special),,Democrat,Raphael Warnock,41
Fulton,05F,U.S. Senate (Special),,Republican,Kelly Loeffler (I),31
Fulton,05F,U.S. Senate (Special),,Democrat,Raphael Warnock,63
Fulton,05J,U.S. Senate (Special),,Republican,Kelly Loeffler (I),65
Fulton,05J,U.S. Senate (Special),,Democrat,Raphael Warnock,221
Fulton,05K,U.S. Senate (Special),,Republican,Kelly Loeffler (I),238
Fulton,05K,U.S. Senate (Special),,Democrat,Raphael Warnock,475
Fulton,06B,U.S. Senate (Special),,Republican,Kelly Loeffler (I),159
Fulton,06B,U.S. Senate (Special),,Democrat,Raphael Warnock,642
Fulton,06D,U.S. Senate (Special),,Republican,Kelly Loeffler (I),481
Fulton,06D,U.S. Senate (Special),,Democrat,Raphael Warnock,1785
Fulton,06D1,U.S. Senate (Special),,Republican,Kelly Loeffler (I),157
Fulton,06D1,U.S. Senate (Special),,Democrat,Raphael Warnock,887
Fulton,06D2,U.S. Senate (Special),,Republican,Kelly Loeffler (I),32
Fulton,06D2,U.S. Senate (Special),,Democrat,Raphael Warnock,321
Fulton,06E,U.S. Senate (Special),,Republican,Kelly Loeffler (I),220
Fulton,06E,U.S. Senate (Special),,Democrat,Raphael Warnock,668
Fulton,06F,U.S. Senate (Special),,Republican,Kelly Loeffler (I),250
Fulton,06F,U.S. Senate (Special),,Democrat,Raphael Warnock,916
Fulton,06G,U.S. Senate (Special),,Republican,Kelly Loeffler (I),43
Fulton,06G,U.S. Senate (Special),,Democrat,Raphael Warnock,179
Fulton,06I,U.S. Senate (Special),,Republican,Kelly Loeffler (I),418
Fulton,06I,U.S. Senate (Special),,Democrat,Raphael Warnock,1030
Fulton,06J,U.S. Senate (Special),,Republican,Kelly Loeffler (I),190
Fulton,06J,U.S. Senate (Special),,Democrat,Raphael Warnock,954
Fulton,06L1,U.S. Senate (Special),,Republican,Kelly Loeffler (I),64
Fulton,06L1,U.S. Senate (Special),,Democrat,Raphael Warnock,363
Fulton,06L2,U.S. Senate (Special),,Republican,Kelly Loeffler (I),42
Fulton,06L2,U.S. Senate (Special),,Democrat,Raphael Warnock,228
Fulton,06N,U.S. Senate (Special),,Republican,Kelly Loeffler (I),135
Fulton,06N,U.S. Senate (Special),,Democrat,Raphael Warnock,372
Fulton,06Q,U.S. Senate (Special),,Republican,Kelly Loeffler (I),62
Fulton,06Q,U.S. Senate (Special),,Democrat,Raphael Warnock,160
Fulton,06R,U.S. Senate (Special),,Republican,Kelly Loeffler (I),78
Fulton,06R,U.S. Senate (Special),,Democrat,Raphael Warnock,615
Fulton,07A,U.S. Senate (Special),,Republican,Kelly Loeffler (I),515
Fulton,07A,U.S. Senate (Special),,Democrat,Raphael Warnock,1454
Fulton,07B,U.S. Senate (Special),,Republican,Kelly Loeffler (I),144
Fulton,07B,U.S. Senate (Special),,Democrat,Raphael Warnock,510
Fulton,07C,U.S. Senate (Special),,Republican,Kelly Loeffler (I),265
Fulton,07C,U.S. Senate (Special),,Democrat,Raphael Warnock,725
Fulton,07D,U.S. Senate (Special),,Republican,Kelly Loeffler (I),344
Fulton,07D,U.S. Senate (Special),,Democrat,Raphael Warnock,921
Fulton,07E,U.S. Senate (Special),,Republican,Kelly Loeffler (I),90
Fulton,07E,U.S. Senate (Special),,Democrat,Raphael Warnock,543
Fulton,07F,U.S. Senate (Special),,Republican,Kelly Loeffler (I),228
Fulton,07F,U.S. Senate (Special),,Democrat,Raphael Warnock,795
Fulton,07H,U.S. Senate (Special),,Republican,Kelly Loeffler (I),118
Fulton,07H,U.S. Senate (Special),,Democrat,Raphael Warnock,479
Fulton,07J,U.S. Senate (Special),,Republican,Kelly Loeffler (I),256
Fulton,07J,U.S. Senate (Special),,Democrat,Raphael Warnock,717
Fulton,07M,U.S. Senate (Special),,Republican,Kelly Loeffler (I),155
Fulton,07M,U.S. Senate (Special),,Democrat,Raphael Warnock,425
Fulton,07N,U.S. Senate (Special),,Republican,Kelly Loeffler (I),189
Fulton,07N,U.S. Senate (Special),,Democrat,Raphael Warnock,466
Fulton,08A,U.S. Senate (Special),,Republican,Kelly Loeffler (I),180
Fulton,08A,U.S. Senate (Special),,Democrat,Raphael Warnock,676
Fulton,08B,U.S. Senate (Special),,Republican,Kelly Loeffler (I),202
Fulton,08B,U.S. Senate (Special),,Democrat,Raphael Warnock,702
Fulton,08C,U.S. Senate (Special),,Republican,Kelly Loeffler (I),64
Fulton,08C,U.S. Senate (Special),,Democrat,Raphael Warnock,244
Fulton,08D,U.S. Senate (Special),,Republican,Kelly Loeffler (I),41
Fulton,08D,U.S. Senate (Special),,Democrat,Raphael Warnock,169
Fulton,08E,U.S. Senate (Special),,Republican,Kelly Loeffler (I),109
Fulton,08E,U.S. Senate (Special),,Democrat,Raphael Warnock,518
Fulton,08F1,U.S. Senate (Special),,Republican,Kelly Loeffler (I),99
Fulton,08F1,U.S. Senate (Special),,Democrat,Raphael Warnock,414
Fulton,08G,U.S. Senate (Special),,Republican,Kelly Loeffler (I),178
Fulton,08G,U.S. Senate (Special),,Democrat,Raphael Warnock,499
Fulton,08H,U.S. Senate (Special),,Republican,Kelly Loeffler (I),98
Fulton,08H,U.S. Senate (Special),,Democrat,Raphael Warnock,481
Fulton,08J,U.S. Senate (Special),,Republican,Kelly Loeffler (I),254
Fulton,08J,U.S. Senate (Special),,Democrat,Raphael Warnock,782
Fulton,08K,U.S. Senate (Special),,Republican,Kelly Loeffler (I),90
Fulton,08K,U.S. Senate (Special),,Democrat,Raphael Warnock,242
Fulton,08L,U.S. Senate (Special),,Republican,Kelly Loeffler (I),288
Fulton,08L,U.S. Senate (Special),,Democrat,Raphael Warnock,1041
Fulton,08M,U.S. Senate (Special),,Republican,Kelly Loeffler (I),150
Fulton,08M,U.S. Senate (Special),,Democrat,Raphael Warnock,355
Fulton,08N1,U.S. Senate (Special),,Republican,Kelly Loeffler (I),43
Fulton,08N1,U.S. Senate (Special),,Democrat,Raphael Warnock,150
Fulton,08N2,U.S. Senate (Special),,Republican,Kelly Loeffler (I),83
Fulton,08N2,U.S. Senate (Special),,Democrat,Raphael Warnock,343
Fulton,08P,U.S. Senate (Special),,Republican,Kelly Loeffler (I),191
Fulton,08P,U.S. Senate (Special),,Democrat,Raphael Warnock,452
Fulton,09A,U.S. Senate (Special),,Republican,Kelly Loeffler (I),328
Fulton,09A,U.S. Senate (Special),,Democrat,Raphael Warnock,1201
Fulton,09B,U.S. Senate (Special),,Republican,Kelly Loeffler (I),34
Fulton,09B,U.S. Senate (Special),,Democrat,Raphael Warnock,76
Fulton,09C,U.S. Senate (Special),,Republican,Kelly Loeffler (I),315
Fulton,09C,U.S. Senate (Special),,Democrat,Raphael Warnock,811
Fulton,09D,U.S. Senate (Special),,Republican,Kelly Loeffler (I),250
Fulton,09D,U.S. Senate (Special),,Democrat,Raphael Warnock,422
Fulton,09E,U.S. Senate (Special),,Republican,Kelly Loeffler (I),354
Fulton,09E,U.S. Senate (Special),,Democrat,Raphael Warnock,814
Fulton,09F,U.S. Senate (Special),,Republican,Kelly Loeffler (I),287
Fulton,09F,U.S. Senate (Special),,Democrat,Raphael Warnock,973
Fulton,09G,U.S. Senate (Special),,Republican,Kelly Loeffler (I),361
Fulton,09G,U.S. Senate (Special),,Democrat,Raphael Warnock,1118
Fulton,09H,U.S. Senate (Special),,Republican,Kelly Loeffler (I),113
Fulton,09H,U.S. Senate (Special),,Democrat,Raphael Warnock,306
Fulton,09I,U.S. Senate (Special),,Republican,Kelly Loeffler (I),168
Fulton,09I,U.S. Senate (Special),,Democrat,Raphael Warnock,232
Fulton,09K,U.S. Senate (Special),,Republican,Kelly Loeffler (I),353
Fulton,09K,U.S. Senate (Special),,Democrat,Raphael Warnock,804
Fulton,09K1,U.S. Senate (Special),,Republican,Kelly Loeffler (I),132
Fulton,09K1,U.S. Senate (Special),,Democrat,Raphael Warnock,283
Fulton,09M,U.S. Senate (Special),,Republican,Kelly Loeffler (I),236
Fulton,09M,U.S. Senate (Special),,Democrat,Raphael Warnock,1000
Fulton,10A,U.S. Senate (Special),,Republican,Kelly Loeffler (I),333
Fulton,10A,U.S. Senate (Special),,Democrat,Raphael Warnock,923
Fulton,10B,U.S. Senate (Special),,Republican,Kelly Loeffler (I),357
Fulton,10B,U.S. Senate (Special),,Democrat,Raphael Warnock,1526
Fulton,10C,U.S. Senate (Special),,Republican,Kelly Loeffler (I),157
Fulton,10C,U.S. Senate (Special),,Democrat,Raphael Warnock,660
Fulton,10D,U.S. Senate (Special),,Republican,Kelly Loeffler (I),369
Fulton,10D,U.S. Senate (Special),,Democrat,Raphael Warnock,1083
Fulton,10E,U.S. Senate (Special),,Republican,Kelly Loeffler (I),128
Fulton,10E,U.S. Senate (Special),,Democrat,Raphael Warnock,271
Fulton,10F,U.S. Senate (Special),,Republican,Kelly Loeffler (I),137
Fulton,10F,U.S. Senate (Special),,Democrat,Raphael Warnock,291
Fulton,10G,U.S. Senate (Special),,Republican,Kelly Loeffler (I),133
Fulton,10G,U.S. Senate (Special),,Democrat,Raphael Warnock,495
Fulton,10H1,U.S. Senate (Special),,Republican,Kelly Loeffler (I),36
Fulton,10H1,U.S. Senate (Special),,Democrat,Raphael Warnock,148
Fulton,10H2,U.S. Senate (Special),,Republican,Kelly Loeffler (I),235
Fulton,10H2,U.S. Senate (Special),,Democrat,Raphael Warnock,539
Fulton,10I,U.S. Senate (Special),,Republican,Kelly Loeffler (I),17
Fulton,10I,U.S. Senate (Special),,Democrat,Raphael Warnock,160
Fulton,10J,U.S. Senate (Special),,Republican,Kelly Loeffler (I),179
Fulton,10J,U.S. Senate (Special),,Democrat,Raphael Warnock,175
Fulton,10K,U.S. Senate (Special),,Republican,Kelly Loeffler (I),146
Fulton,10K,U.S. Senate (Special),,Democrat,Raphael Warnock,537
Fulton,10M,U.S. Senate (Special),,Republican,Kelly Loeffler (I),326
Fulton,10M,U.S. Senate (Special),,Democrat,Raphael Warnock,822
Fulton,10P,U.S. Senate (Special),,Republican,Kelly Loeffler (I),174
Fulton,10P,U.S. Senate (Special),,Democrat,Raphael Warnock,326
Fulton,10R,U.S. Senate (Special),,Republican,Kelly Loeffler (I),114
Fulton,10R,U.S. Senate (Special),,Democrat,Raphael Warnock,192
Fulton,11B,U.S. Senate (Special),,Republican,Kelly Loeffler (I),455
Fulton,11B,U.S. Senate (Special),,Democrat,Raphael Warnock,1302
Fulton,11B1,U.S. Senate (Special),,Republican,Kelly Loeffler (I),88
Fulton,11B1,U.S. Senate (Special),,Democrat,Raphael Warnock,298
Fulton,11C,U.S. Senate (Special),,Republican,Kelly Loeffler (I),216
Fulton,11C,U.S. Senate (Special),,Democrat,Raphael Warnock,1413
Fulton,11E1,U.S. Senate (Special),,Republican,Kelly Loeffler (I),144
Fulton,11E1,U.S. Senate (Special),,Democrat,Raphael Warnock,393
Fulton,11E2,U.S. Senate (Special),,Republican,Kelly Loeffler (I),108
Fulton,11E2,U.S. Senate (Special),,Democrat,Raphael Warnock,356
Fulton,11E3,U.S. Senate (Special),,Republican,Kelly Loeffler (I),397
Fulton,11E3,U.S. Senate (Special),,Democrat,Raphael Warnock,1291
Fulton,11G,U.S. Senate (Special),,Republican,Kelly Loeffler (I),172
Fulton,11G,U.S. Senate (Special),,Democrat,Raphael Warnock,478
Fulton,11H,U.S. Senate (Special),,Republican,Kelly Loeffler (I),62
Fulton,11H,U.S. Senate (Special),,Democrat,Raphael Warnock,190
Fulton,11J,U.S. Senate (Special),,Republican,Kelly Loeffler (I),212
Fulton,11J,U.S. Senate (Special),,Democrat,Raphael Warnock,517
Fulton,11K,U.S. Senate (Special),,Republican,Kelly Loeffler (I),170
Fulton,11K,U.S. Senate (Special),,Democrat,Raphael Warnock,634
Fulton,11M,U.S. Senate (Special),,Republican,Kelly Loeffler (I),149
Fulton,11M,U.S. Senate (Special),,Democrat,Raphael Warnock,620
Fulton,11M1,U.S. Senate (Special),,Republican,Kelly Loeffler (I),160
Fulton,11M1,U.S. Senate (Special),,Democrat,Raphael Warnock,443
Fulton,11N,U.S. Senate (Special),,Republican,Kelly Loeffler (I),244
Fulton,11N,U.S. Senate (Special),,Democrat,Raphael Warnock,791
Fulton,11P,U.S. Senate (Special),,Republican,Kelly Loeffler (I),189
Fulton,11P,U.S. Senate (Special),,Democrat,Raphael Warnock,449
Fulton,11R,U.S. Senate (Special),,Republican,Kelly Loeffler (I),138
Fulton,11R,U.S. Senate (Special),,Democrat,Raphael Warnock,422
Fulton,12A,U.S. Senate (Special),,Republican,Kelly Loeffler (I),441
Fulton,12A,U.S. Senate (Special),,Democrat,Raphael Warnock,1606
Fulton,12A1,U.S. Senate (Special),,Republican,Kelly Loeffler (I),67
Fulton,12A1,U.S. Senate (Special),,Democrat,Raphael Warnock,238
Fulton,12D,U.S. Senate (Special),,Republican,Kelly Loeffler (I),145
Fulton,12D,U.S. Senate (Special),,Democrat,Raphael Warnock,295
Fulton,12E1,U.S. Senate (Special),,Republican,Kelly Loeffler (I),135
Fulton,12E1,U.S. Senate (Special),,Democrat,Raphael Warnock,319
Fulton,12F,U.S. Senate (Special),,Republican,Kelly Loeffler (I),119
Fulton,12F,U.S. Senate (Special),,Democrat,Raphael Warnock,240
Fulton,12G,U.S. Senate (Special),,Republican,Kelly Loeffler (I),86
Fulton,12G,U.S. Senate (Special),,Democrat,Raphael Warnock,186
Fulton,12H1,U.S. Senate (Special),,Republican,Kelly Loeffler (I),99
Fulton,12H1,U.S. Senate (Special),,Democrat,Raphael Warnock,130
Fulton,12H2,U.S. Senate (Special),,Republican,Kelly Loeffler (I),349
Fulton,12H2,U.S. Senate (Special),,Democrat,Raphael Warnock,632
Fulton,12I,U.S. Senate (Special),,Republican,Kelly Loeffler (I),72
Fulton,12I,U.S. Senate (Special),,Democrat,Raphael Warnock,229
Fulton,12J,U.S. Senate (Special),,Republican,Kelly Loeffler (I),335
Fulton,12J,U.S. Senate (Special),,Democrat,Raphael Warnock,616
Fulton,12K,U.S. Senate (Special),,Republican,Kelly Loeffler (I),308
Fulton,12K,U.S. Senate (Special),,Democrat,Raphael Warnock,818
Fulton,12L,U.S. Senate (Special),,Republican,Kelly Loeffler (I),73
Fulton,12L,U.S. Senate (Special),,Democrat,Raphael Warnock,128
Fulton,12M,U.S. Senate (Special),,Republican,Kelly Loeffler (I),409
Fulton,12M,U.S. Senate (Special),,Democrat,Raphael Warnock,535
Fulton,12N,U.S. Senate (Special),,Republican,Kelly Loeffler (I),128
Fulton,12N,U.S. Senate (Special),,Democrat,Raphael Warnock,193
Fulton,12S,U.S. Senate (Special),,Republican,Kelly Loeffler (I),244
Fulton,12S,U.S. Senate (Special),,Democrat,Raphael Warnock,499
Fulton,AP01A,U.S. Senate (Special),,Republican,Kelly Loeffler (I),287
Fulton,AP01A,U.S. Senate (Special),,Democrat,Raphael Warnock,1100
Fulton,AP01B,U.S. Senate (Special),,Republican,Kelly Loeffler (I),78
Fulton,AP01B,U.S. Senate (Special),,Democrat,Raphael Warnock,213
Fulton,AP01C,U.S. Senate (Special),,Republican,Kelly Loeffler (I),123
Fulton,AP01C,U.S. Senate (Special),,Democrat,Raphael Warnock,508
Fulton,AP01D,U.S. Senate (Special),,Republican,Kelly Loeffler (I),78
Fulton,AP01D,U.S. Senate (Special),,Democrat,Raphael Warnock,177
Fulton,AP021,U.S. Senate (Special),,Republican,Kelly Loeffler (I),216
Fulton,AP021,U.S. Senate (Special),,Democrat,Raphael Warnock,689
Fulton,AP022,U.S. Senate (Special),,Republican,Kelly Loeffler (I),147
Fulton,AP022,U.S. Senate (Special),,Democrat,Raphael Warnock,458
Fulton,AP02B,U.S. Senate (Special),,Republican,Kelly Loeffler (I),21
Fulton,AP02B,U.S. Senate (Special),,Democrat,Raphael Warnock,118
Fulton,AP03,U.S. Senate (Special),,Republican,Kelly Loeffler (I),98
Fulton,AP03,U.S. Senate (Special),,Democrat,Raphael Warnock,128
Fulton,AP04A,U.S. Senate (Special),,Republican,Kelly Loeffler (I),82
Fulton,AP04A,U.S. Senate (Special),,Democrat,Raphael Warnock,347
Fulton,AP04B,U.S. Senate (Special),,Republican,Kelly Loeffler (I),24
Fulton,AP04B,U.S. Senate (Special),,Democrat,Raphael Warnock,94
Fulton,AP05,U.S. Senate (Special),,Republican,Kelly Loeffler (I),210
Fulton,AP05,U.S. Senate (Special),,Democrat,Raphael Warnock,993
Fulton,AP06,U.S. Senate (Special),,Republican,Kelly Loeffler (I),86
Fulton,AP06,U.S. Senate (Special),,Democrat,Raphael Warnock,332
Fulton,AP07A,U.S. Senate (Special),,Republican,Kelly Loeffler (I),243
Fulton,AP07A,U.S. Senate (Special),,Democrat,Raphael Warnock,666
Fulton,AP07B,U.S. Senate (Special),,Republican,Kelly Loeffler (I),111
Fulton,AP07B,U.S. Senate (Special),,Democrat,Raphael Warnock,393
Fulton,AP09A,U.S. Senate (Special),,Republican,Kelly Loeffler (I),253
Fulton,AP09A,U.S. Senate (Special),,Democrat,Raphael Warnock,982
Fulton,AP09B,U.S. Senate (Special),,Republican,Kelly Loeffler (I),37
Fulton,AP09B,U.S. Senate (Special),,Democrat,Raphael Warnock,243
Fulton,AP10,U.S. Senate (Special),,Republican,Kelly Loeffler (I),51
Fulton,AP10,U.S. Senate (Special),,Democrat,Raphael Warnock,146
Fulton,AP12A,U.S. Senate (Special),,Republican,Kelly Loeffler (I),60
Fulton,AP12A,U.S. Senate (Special),,Democrat,Raphael Warnock,145
Fulton,AP12B,U.S. Senate (Special),,Republican,Kelly Loeffler (I),69
Fulton,AP12B,U.S. Senate (Special),,Democrat,Raphael Warnock,168
Fulton,AP12C,U.S. Senate (Special),,Republican,Kelly Loeffler (I),110
Fulton,AP12C,U.S. Senate (Special),,Democrat,Raphael Warnock,400
Fulton,AP14,U.S. Senate (Special),,Republican,Kelly Loeffler (I),155
Fulton,AP14,U.S. Senate (Special),,Democrat,Raphael Warnock,740
Fulton,CH01,U.S. Senate (Special),,Republican,Kelly Loeffler (I),23
Fulton,CH01,U.S. Senate (Special),,Democrat,Raphael Warnock,91
Fulton,CH02,U.S. Senate (Special),,Republican,Kelly Loeffler (I),19
Fulton,CH02,U.S. Senate (Special),,Democrat,Raphael Warnock,48
Fulton,CH03,U.S. Senate (Special),,Republican,Kelly Loeffler (I),15
Fulton,CH03,U.S. Senate (Special),,Democrat,Raphael Warnock,57
Fulton,CH04A,U.S. Senate (Special),,Republican,Kelly Loeffler (I),41
Fulton,CH04A,U.S. Senate (Special),,Democrat,Raphael Warnock,198
Fulton,CH05,U.S. Senate (Special),,Republican,Kelly Loeffler (I),19
Fulton,CH05,U.S. Senate (Special),,Democrat,Raphael Warnock,46
Fulton,CP011,U.S. Senate (Special),,Republican,Kelly Loeffler (I),113
Fulton,CP011,U.S. Senate (Special),,Democrat,Raphael Warnock,334
Fulton,CP012,U.S. Senate (Special),,Republican,Kelly Loeffler (I),115
Fulton,CP012,U.S. Senate (Special),,Democrat,Raphael Warnock,473
Fulton,CP01B,U.S. Senate (Special),,Republican,Kelly Loeffler (I),35
Fulton,CP01B,U.S. Senate (Special),,Democrat,Raphael Warnock,121
Fulton,CP02,U.S. Senate (Special),,Republican,Kelly Loeffler (I),104
Fulton,CP02,U.S. Senate (Special),,Democrat,Raphael Warnock,313
Fulton,CP04A,U.S. Senate (Special),,Republican,Kelly Loeffler (I),1
Fulton,CP04A,U.S. Senate (Special),,Democrat,Raphael Warnock,2
Fulton,CP04B,U.S. Senate (Special),,Republican,Kelly Loeffler (I),3
Fulton,CP04B,U.S. Senate (Special),,Democrat,Raphael Warnock,7
Fulton,CP051,U.S. Senate (Special),,Republican,Kelly Loeffler (I),209
Fulton,CP051,U.S. Senate (Special),,Democrat,Raphael Warnock,497
Fulton,CP05B,U.S. Senate (Special),,Republican,Kelly Loeffler (I),17
Fulton,CP05B,U.S. Senate (Special),,Democrat,Raphael Warnock,37
Fulton,CP06A,U.S. Senate (Special),,Republican,Kelly Loeffler (I),69
Fulton,CP06A,U.S. Senate (Special),,Democrat,Raphael Warnock,100
Fulton,CP07B,U.S. Senate (Special),,Republican,Kelly Loeffler (I),1
Fulton,CP07B,U.S. Senate (Special),,Democrat,Raphael Warnock,0
Fulton,CP07C,U.S. Senate (Special),,Republican,Kelly Loeffler (I),23
Fulton,CP07C,U.S. Senate (Special),,Democrat,Raphael Warnock,35
Fulton,CP07D,U.S. Senate (Special),,Republican,Kelly Loeffler (I),70
Fulton,CP07D,U.S. Senate (Special),,Democrat,Raphael Warnock,109
Fulton,CP07E,U.S. Senate (Special),,Republican,Kelly Loeffler (I),17
Fulton,CP07E,U.S. Senate (Special),,Democrat,Raphael Warnock,21
Fulton,CP07F,U.S. Senate (Special),,Republican,Kelly Loeffler (I),18
Fulton,CP07F,U.S. Senate (Special),,Democrat,Raphael Warnock,27
Fulton,CP081,U.S. Senate (Special),,Republican,Kelly Loeffler (I),36
Fulton,CP081,U.S. Senate (Special),,Democrat,Raphael Warnock,36
Fulton,CP083,U.S. Senate (Special),,Republican,Kelly Loeffler (I),20
Fulton,CP083,U.S. Senate (Special),,Democrat,Raphael Warnock,12
Fulton,CP084,U.S. Senate (Special),,Republican,Kelly Loeffler (I),0
Fulton,CP084,U.S. Senate (Special),,Democrat,Raphael Warnock,0
Fulton,CP08A,U.S. Senate (Special),,Republican,Kelly Loeffler (I),66
Fulton,CP08A,U.S. Senate (Special),,Democrat,Raphael Warnock,48
Fulton,EP01A,U.S. Senate (Special),,Republican,Kelly Loeffler (I),267
Fulton,EP01A,U.S. Senate (Special),,Democrat,Raphael Warnock,866
Fulton,EP01B,U.S. Senate (Special),,Republican,Kelly Loeffler (I),282
Fulton,EP01B,U.S. Senate (Special),,Democrat,Raphael Warnock,848
Fulton,EP02A,U.S. Senate (Special),,Republican,Kelly Loeffler (I),229
Fulton,EP02A,U.S. Senate (Special),,Democrat,Raphael Warnock,501
Fulton,EP02B,U.S. Senate (Special),,Republican,Kelly Loeffler (I),115
Fulton,EP02B,U.S. Senate (Special),,Democrat,Raphael Warnock,602
Fulton,EP02C,U.S. Senate (Special),,Republican,Kelly Loeffler (I),37
Fulton,EP02C,U.S. Senate (Special),,Democrat,Raphael Warnock,172
Fulton,EP02D,U.S. Senate (Special),,Republican,Kelly Loeffler (I),45
Fulton,EP02D,U.S. Senate (Special),,Democrat,Raphael Warnock,152
Fulton,EP02E,U.S. Senate (Special),,Republican,Kelly Loeffler (I),130
Fulton,EP02E,U.S. Senate (Special),,Democrat,Raphael Warnock,401
Fulton,EP03A,U.S. Senate (Special),,Republican,Kelly Loeffler (I),429
Fulton,EP03A,U.S. Senate (Special),,Democrat,Raphael Warnock,1477
Fulton,EP03B,U.S. Senate (Special),,Republican,Kelly Loeffler (I),126
Fulton,EP03B,U.S. Senate (Special),,Democrat,Raphael Warnock,550
Fulton,EP04A,U.S. Senate (Special),,Republican,Kelly Loeffler (I),540
Fulton,EP04A,U.S. Senate (Special),,Democrat,Raphael Warnock,987
Fulton,EP04B,U.S. Senate (Special),,Republican,Kelly Loeffler (I),247
Fulton,EP04B,U.S. Senate (Special),,Democrat,Raphael Warnock,934
Fulton,EP04C,U.S. Senate (Special),,Republican,Kelly Loeffler (I),105
Fulton,EP04C,U.S. Senate (Special),,Democrat,Raphael Warnock,521
Fulton,FA01A,U.S. Senate (Special),,Republican,Kelly Loeffler (I),324
Fulton,FA01A,U.S. Senate (Special),,Democrat,Raphael Warnock,1295
Fulton,FA01B,U.S. Senate (Special),,Republican,Kelly Loeffler (I),505
Fulton,FA01B,U.S. Senate (Special),,Democrat,Raphael Warnock,2056
Fulton,FA01C,U.S. Senate (Special),,Republican,Kelly Loeffler (I),90
Fulton,FA01C,U.S. Senate (Special),,Democrat,Raphael Warnock,268
Fulton,FA01D,U.S. Senate (Special),,Republican,Kelly Loeffler (I),29
Fulton,FA01D,U.S. Senate (Special),,Democrat,Raphael Warnock,113
Fulton,FC01,U.S. Senate (Special),,Republican,Kelly Loeffler (I),43
Fulton,FC01,U.S. Senate (Special),,Democrat,Raphael Warnock,93
Fulton,FC02,U.S. Senate (Special),,Republican,Kelly Loeffler (I),16
Fulton,FC02,U.S. Senate (Special),,Democrat,Raphael Warnock,24
Fulton,FC03,U.S. Senate (Special),,Republican,Kelly Loeffler (I),0
Fulton,FC03,U.S. Senate (Special),,Democrat,Raphael Warnock,7
Fulton,HP01,U.S. Senate (Special),,Republican,Kelly Loeffler (I),383
Fulton,HP01,U.S. Senate (Special),,Democrat,Raphael Warnock,798
Fulton,JC01,U.S. Senate (Special),,Republican,Kelly Loeffler (I),241
Fulton,JC01,U.S. Senate (Special),,Democrat,Raphael Warnock,1032
Fulton,JC01A,U.S. Senate (Special),,Republican,Kelly Loeffler (I),151
Fulton,JC01A,U.S. Senate (Special),,Democrat,Raphael Warnock,451
Fulton,JC02,U.S. Senate (Special),,Republican,Kelly Loeffler (I),183
Fulton,JC02,U.S. Senate (Special),,Democrat,Raphael Warnock,609
Fulton,JC03A,U.S. Senate (Special),,Republican,Kelly Loeffler (I),36
Fulton,JC03A,U.S. Senate (Special),,Democrat,Raphael Warnock,175
Fulton,JC03B,U.S. Senate (Special),,Republican,Kelly Loeffler (I),148
Fulton,JC03B,U.S. Senate (Special),,Democrat,Raphael Warnock,403
Fulton,JC04A,U.S. Senate (Special),,Republican,Kelly Loeffler (I),140
Fulton,JC04A,U.S. Senate (Special),,Democrat,Raphael Warnock,836
Fulton,JC04B,U.S. Senate (Special),,Republican,Kelly Loeffler (I),22
Fulton,JC04B,U.S. Senate (Special),,Democrat,Raphael Warnock,96
Fulton,JC04C,U.S. Senate (Special),,Republican,Kelly Loeffler (I),66
Fulton,JC04C,U.S. Senate (Special),,Democrat,Raphael Warnock,360
Fulton,JC05,U.S. Senate (Special),,Republican,Kelly Loeffler (I),146
Fulton,JC05,U.S. Senate (Special),,Democrat,Raphael Warnock,609
Fulton,JC06,U.S. Senate (Special),,Republican,Kelly Loeffler (I),167
Fulton,JC06,U.S. Senate (Special),,Democrat,Raphael Warnock,512
Fulton,JC07,U.S. Senate (Special),,Republican,Kelly Loeffler (I),305
Fulton,JC07,U.S. Senate (Special),,Democrat,Raphael Warnock,1081
Fulton,JC08,U.S. Senate (Special),,Republican,Kelly Loeffler (I),146
Fulton,JC08,U.S. Senate (Special),,Democrat,Raphael Warnock,675
Fulton,JC09,U.S. Senate (Special),,Republican,Kelly Loeffler (I),193
Fulton,JC09,U.S. Senate (Special),,Democrat,Raphael Warnock,730
Fulton,JC10,U.S. Senate (Special),,Republican,Kelly Loeffler (I),179
Fulton,JC10,U.S. Senate (Special),,Democrat,Raphael Warnock,607
Fulton,JC11,U.S. Senate (Special),,Republican,Kelly Loeffler (I),178
Fulton,JC11,U.S. Senate (Special),,Democrat,Raphael Warnock,646
Fulton,JC12,U.S. Senate (Special),,Republican,Kelly Loeffler (I),86
Fulton,JC12,U.S. Senate (Special),,Democrat,Raphael Warnock,441
Fulton,JC13A,U.S. Senate (Special),,Republican,Kelly Loeffler (I),77
Fulton,JC13A,U.S. Senate (Special),,Democrat,Raphael Warnock,390
Fulton,JC13B,U.S. Senate (Special),,Republican,Kelly Loeffler (I),12
Fulton,JC13B,U.S. Senate (Special),,Democrat,Raphael Warnock,37
Fulton,JC14,U.S. Senate (Special),,Republican,Kelly Loeffler (I),121
Fulton,JC14,U.S. Senate (Special),,Democrat,Raphael Warnock,579
Fulton,JC15,U.S. Senate (Special),,Republican,Kelly Loeffler (I),65
Fulton,JC15,U.S. Senate (Special),,Democrat,Raphael Warnock,240
Fulton,JC16,U.S. Senate (Special),,Republican,Kelly Loeffler (I),134
Fulton,JC16,U.S. Senate (Special),,Democrat,Raphael Warnock,594
Fulton,JC18,U.S. Senate (Special),,Republican,Kelly Loeffler (I),129
Fulton,JC18,U.S. Senate (Special),,Democrat,Raphael Warnock,645
Fulton,JC19,U.S. Senate (Special),,Republican,Kelly Loeffler (I),164
Fulton,JC19,U.S. Senate (Special),,Democrat,Raphael Warnock,937
Fulton,ML01A,U.S. Senate (Special),,Republican,Kelly Loeffler (I),159
Fulton,ML01A,U.S. Senate (Special),,Democrat,Raphael Warnock,536
Fulton,ML01B,U.S. Senate (Special),,Republican,Kelly Loeffler (I),31
Fulton,ML01B,U.S. Senate (Special),,Democrat,Raphael Warnock,99
Fulton,ML02A,U.S. Senate (Special),,Republican,Kelly Loeffler (I),125
Fulton,ML02A,U.S. Senate (Special),,Democrat,Raphael Warnock,263
Fulton,ML02B,U.S. Senate (Special),,Republican,Kelly Loeffler (I),87
Fulton,ML02B,U.S. Senate (Special),,Democrat,Raphael Warnock,260
Fulton,ML03,U.S. Senate (Special),,Republican,Kelly Loeffler (I),170
Fulton,ML03,U.S. Senate (Special),,Democrat,Raphael Warnock,513
Fulton,ML03A,U.S. Senate (Special),,Republican,Kelly Loeffler (I),11
Fulton,ML03A,U.S. Senate (Special),,Democrat,Raphael Warnock,41
Fulton,ML04,U.S. Senate (Special),,Republican,Kelly Loeffler (I),176
Fulton,ML04,U.S. Senate (Special),,Democrat,Raphael Warnock,526
Fulton,ML05,U.S. Senate (Special),,Republican,Kelly Loeffler (I),305
Fulton,ML05,U.S. Senate (Special),,Democrat,Raphael Warnock,847
Fulton,ML06A,U.S. Senate (Special),,Republican,Kelly Loeffler (I),186
Fulton,ML06A,U.S. Senate (Special),,Democrat,Raphael Warnock,475
Fulton,ML06B,U.S. Senate (Special),,Republican,Kelly Loeffler (I),258
Fulton,ML06B,U.S. Senate (Special),,Democrat,Raphael Warnock,693
Fulton,ML07A,U.S. Senate (Special),,Republican,Kelly Loeffler (I),54
Fulton,ML07A,U.S. Senate (Special),,Democrat,Raphael Warnock,99
Fulton,ML07B,U.S. Senate (Special),,Republican,Kelly Loeffler (I),97
Fulton,ML07B,U.S. Senate (Special),,Democrat,Raphael Warnock,207
Fulton,MP01,U.S. Senate (Special),,Republican,Kelly Loeffler (I),98
Fulton,MP01,U.S. Senate (Special),,Democrat,Raphael Warnock,31
Fulton,PA01,U.S. Senate (Special),,Republican,Kelly Loeffler (I),255
Fulton,PA01,U.S. Senate (Special),,Democrat,Raphael Warnock,808
Fulton,RW01,U.S. Senate (Special),,Republican,Kelly Loeffler (I),253
Fulton,RW01,U.S. Senate (Special),,Democrat,Raphael Warnock,778
Fulton,RW02,U.S. Senate (Special),,Republican,Kelly Loeffler (I),291
Fulton,RW02,U.S. Senate (Special),,Democrat,Raphael Warnock,714
Fulton,RW03,U.S. Senate (Special),,Republican,Kelly Loeffler (I),347
Fulton,RW03,U.S. Senate (Special),,Democrat,Raphael Warnock,906
Fulton,RW04,U.S. Senate (Special),,Republican,Kelly Loeffler (I),92
Fulton,RW04,U.S. Senate (Special),,Democrat,Raphael Warnock,459
Fulton,RW05,U.S. Senate (Special),,Republican,Kelly Loeffler (I),243
Fulton,RW05,U.S. Senate (Special),,Democrat,Raphael Warnock,556
Fulton,RW06,U.S. Senate (Special),,Republican,Kelly Loeffler (I),183
Fulton,RW06,U.S. Senate (Special),,Democrat,Raphael Warnock,695
Fulton,RW07A,U.S. Senate (Special),,Republican,Kelly Loeffler (I),232
Fulton,RW07A,U.S. Senate (Special),,Democrat,Raphael Warnock,304
Fulton,RW07B,U.S. Senate (Special),,Republican,Kelly Loeffler (I),52
Fulton,RW07B,U.S. Senate (Special),,Democrat,Raphael Warnock,75
Fulton,RW08,U.S. Senate (Special),,Republican,Kelly Loeffler (I),112
Fulton,RW08,U.S. Senate (Special),,Democrat,Raphael Warnock,314
Fulton,RW09,U.S. Senate (Special),,Republican,Kelly Loeffler (I),222
Fulton,RW09,U.S. Senate (Special),,Democrat,Raphael Warnock,651
Fulton,RW09A,U.S. Senate (Special),,Republican,Kelly Loeffler (I),94
Fulton,RW09A,U.S. Senate (Special),,Democrat,Raphael Warnock,304
Fulton,RW10,U.S. Senate (Special),,Republican,Kelly Loeffler (I),156
Fulton,RW10,U.S. Senate (Special),,Democrat,Raphael Warnock,605
Fulton,RW11A,U.S. Senate (Special),,Republican,Kelly Loeffler (I),170
Fulton,RW11A,U.S. Senate (Special),,Democrat,Raphael Warnock,506
Fulton,RW12,U.S. Senate (Special),,Republican,Kelly Loeffler (I),224
Fulton,RW12,U.S. Senate (Special),,Democrat,Raphael Warnock,639
Fulton,RW12A,U.S. Senate (Special),,Republican,Kelly Loeffler (I),140
Fulton,RW12A,U.S. Senate (Special),,Democrat,Raphael Warnock,464
Fulton,RW13,U.S. Senate (Special),,Republican,Kelly Loeffler (I),238
Fulton,RW13,U.S. Senate (Special),,Democrat,Raphael Warnock,818
Fulton,RW16,U.S. Senate (Special),,Republican,Kelly Loeffler (I),124
Fulton,RW16,U.S. Senate (Special),,Democrat,Raphael Warnock,396
Fulton,RW17,U.S. Senate (Special),,Republican,Kelly Loeffler (I),249
Fulton,RW17,U.S. Senate (Special),,Democrat,Raphael Warnock,657
Fulton,RW19,U.S. Senate (Special),,Republican,Kelly Loeffler (I),88
Fulton,RW19,U.S. Senate (Special),,Democrat,Raphael Warnock,401
Fulton,RW20,U.S. Senate (Special),,Republican,Kelly Loeffler (I),110
Fulton,RW20,U.S. Senate (Special),,Democrat,Raphael Warnock,625
Fulton,RW21,U.S. Senate (Special),,Republican,Kelly Loeffler (I),169
Fulton,RW21,U.S. Senate (Special),,Democrat,Raphael Warnock,617
Fulton,RW22A,U.S. Senate (Special),,Republican,Kelly Loeffler (I),387
Fulton,RW22A,U.S. Senate (Special),,Democrat,Raphael Warnock,1051
Fulton,SC01A,U.S. Senate (Special),,Republican,Kelly Loeffler (I),7
Fulton,SC01A,U.S. Senate (Special),,Democrat,Raphael Warnock,16
Fulton,SC01B,U.S. Senate (Special),,Republican,Kelly Loeffler (I),139
Fulton,SC01B,U.S. Senate (Special),,Democrat,Raphael Warnock,1120
Fulton,SC01C,U.S. Senate (Special),,Republican,Kelly Loeffler (I),113
Fulton,SC01C,U.S. Senate (Special),,Democrat,Raphael Warnock,1034
Fulton,SC02,U.S. Senate (Special),,Republican,Kelly Loeffler (I),86
Fulton,SC02,U.S. Senate (Special),,Democrat,Raphael Warnock,719
Fulton,SC04,U.S. Senate (Special),,Republican,Kelly Loeffler (I),102
Fulton,SC04,U.S. Senate (Special),,Democrat,Raphael Warnock,299
Fulton,SC05A,U.S. Senate (Special),,Republican,Kelly Loeffler (I),72
Fulton,SC05A,U.S. Senate (Special),,Democrat,Raphael Warnock,292
Fulton,SC05B,U.S. Senate (Special),,Republican,Kelly Loeffler (I),351
Fulton,SC05B,U.S. Senate (Special),,Democrat,Raphael Warnock,1600
Fulton,SC05D,U.S. Senate (Special),,Republican,Kelly Loeffler (I),291
Fulton,SC05D,U.S. Senate (Special),,Democrat,Raphael Warnock,1246
Fulton,SC05E,U.S. Senate (Special),,Republican,Kelly Loeffler (I),44
Fulton,SC05E,U.S. Senate (Special),,Democrat,Raphael Warnock,226
Fulton,SC07A,U.S. Senate (Special),,Republican,Kelly Loeffler (I),341
Fulton,SC07A,U.S. Senate (Special),,Democrat,Raphael Warnock,1749
Fulton,SC07C,U.S. Senate (Special),,Republican,Kelly Loeffler (I),2
Fulton,SC07C,U.S. Senate (Special),,Democrat,Raphael Warnock,5
Fulton,SC07D,U.S. Senate (Special),,Republican,Kelly Loeffler (I),164
Fulton,SC07D,U.S. Senate (Special),,Democrat,Raphael Warnock,776
Fulton,SC08B,U.S. Senate (Special),,Republican,Kelly Loeffler (I),435
Fulton,SC08B,U.S. Senate (Special),,Democrat,Raphael Warnock,1401
Fulton,SC08C,U.S. Senate (Special),,Republican,Kelly Loeffler (I),11
Fulton,SC08C,U.S. Senate (Special),,Democrat,Raphael Warnock,38
Fulton,SC08D,U.S. Senate (Special),,Republican,Kelly Loeffler (I),56
Fulton,SC08D,U.S. Senate (Special),,Democrat,Raphael Warnock,206
Fulton,SC08E,U.S. Senate (Special),,Republican,Kelly Loeffler (I),94
Fulton,SC08E,U.S. Senate (Special),,Democrat,Raphael Warnock,265
Fulton,SC08F,U.S. Senate (Special),,Republican,Kelly Loeffler (I),47
Fulton,SC08F,U.S. Senate (Special),,Democrat,Raphael Warnock,253
Fulton,SC08G,U.S. Senate (Special),,Republican,Kelly Loeffler (I),3
Fulton,SC08G,U.S. Senate (Special),,Democrat,Raphael Warnock,1
Fulton,SC08H,U.S. Senate (Special),,Republican,Kelly Loeffler (I),0
Fulton,SC08H,U.S. Senate (Special),,Democrat,Raphael Warnock,0
Fulton,SC09A,U.S. Senate (Special),,Republican,Kelly Loeffler (I),217
Fulton,SC09A,U.S. Senate (Special),,Democrat,Raphael Warnock,473
Fulton,SC09B,U.S. Senate (Special),,Republican,Kelly Loeffler (I),169
Fulton,SC09B,U.S. Senate (Special),,Democrat,Raphael Warnock,657
Fulton,SC09C,U.S. Senate (Special),,Republican,Kelly Loeffler (I),228
Fulton,SC09C,U.S. Senate (Special),,Democrat,Raphael Warnock,471
Fulton,SC10,U.S. Senate (Special),,Republican,Kelly Loeffler (I),244
Fulton,SC10,U.S. Senate (Special),,Democrat,Raphael Warnock,365
Fulton,SC11A,U.S. Senate (Special),,Republican,Kelly Loeffler (I),176
Fulton,SC11A,U.S. Senate (Special),,Democrat,Raphael Warnock,531
Fulton,SC11B,U.S. Senate (Special),,Republican,Kelly Loeffler (I),174
Fulton,SC11B,U.S. Senate (Special),,Democrat,Raphael Warnock,526
Fulton,SC13,U.S. Senate (Special),,Republican,Kelly Loeffler (I),263
Fulton,SC13,U.S. Senate (Special),,Democrat,Raphael Warnock,1229
Fulton,SC14A,U.S. Senate (Special),,Republican,Kelly Loeffler (I),73
Fulton,SC14A,U.S. Senate (Special),,Democrat,Raphael Warnock,309
Fulton,SC15,U.S. Senate (Special),,Republican,Kelly Loeffler (I),417
Fulton,SC15,U.S. Senate (Special),,Democrat,Raphael Warnock,1872
Fulton,SC15A,U.S. Senate (Special),,Republican,Kelly Loeffler (I),232
Fulton,SC15A,U.S. Senate (Special),,Democrat,Raphael Warnock,1203
Fulton,SC16A,U.S. Senate (Special),,Republican,Kelly Loeffler (I),419
Fulton,SC16A,U.S. Senate (Special),,Democrat,Raphael Warnock,2390
Fulton,SC17A,U.S. Senate (Special),,Republican,Kelly Loeffler (I),7
Fulton,SC17A,U.S. Senate (Special),,Democrat,Raphael Warnock,28
Fulton,SC17B,U.S. Senate (Special),,Republican,Kelly Loeffler (I),0
Fulton,SC17B,U.S. Senate (Special),,Democrat,Raphael Warnock,0
Fulton,SC17C,U.S. Senate (Special),,Republican,Kelly Loeffler (I),135
Fulton,SC17C,U.S. Senate (Special),,Democrat,Raphael Warnock,428
Fulton,SC18A,U.S. Senate (Special),,Republican,Kelly Loeffler (I),56
Fulton,SC18A,U.S. Senate (Special),,Democrat,Raphael Warnock,175
Fulton,SC18B,U.S. Senate (Special),,Republican,Kelly Loeffler (I),98
Fulton,SC18B,U.S. Senate (Special),,Democrat,Raphael Warnock,435
Fulton,SC18C,U.S. Senate (Special),,Republican,Kelly Loeffler (I),195
Fulton,SC18C,U.S. Senate (Special),,Democrat,Raphael Warnock,938
Fulton,SC19A,U.S. Senate (Special),,Republican,Kelly Loeffler (I),20
Fulton,SC19A,U.S. Senate (Special),,Democrat,Raphael Warnock,80
Fulton,SC19B,U.S. Senate (Special),,Republican,Kelly Loeffler (I),200
Fulton,SC19B,U.S. Senate (Special),,Democrat,Raphael Warnock,367
Fulton,SC20,U.S. Senate (Special),,Republican,Kelly Loeffler (I),202
Fulton,SC20,U.S. Senate (Special),,Democrat,Raphael Warnock,1398
Fulton,SC211,U.S. Senate (Special),,Republican,Kelly Loeffler (I),173
Fulton,SC211,U.S. Senate (Special),,Democrat,Raphael Warnock,707
Fulton,SC212,U.S. Senate (Special),,Republican,Kelly Loeffler (I),441
Fulton,SC212,U.S. Senate (Special),,Democrat,Raphael Warnock,1537
Fulton,SC23A,U.S. Senate (Special),,Republican,Kelly Loeffler (I),457
Fulton,SC23A,U.S. Senate (Special),,Democrat,Raphael Warnock,1034
Fulton,SC23B,U.S. Senate (Special),,Republican,Kelly Loeffler (I),52
Fulton,SC23B,U.S. Senate (Special),,Democrat,Raphael Warnock,168
Fulton,SC23C,U.S. Senate (Special),,Republican,Kelly Loeffler (I),301
Fulton,SC23C,U.S. Senate (Special),,Democrat,Raphael Warnock,775
Fulton,SC27,U.S. Senate (Special),,Republican,Kelly Loeffler (I),218
Fulton,SC27,U.S. Senate (Special),,Democrat,Raphael Warnock,689
Fulton,SC29A,U.S. Senate (Special),,Republican,Kelly Loeffler (I),377
Fulton,SC29A,U.S. Senate (Special),,Democrat,Raphael Warnock,892
Fulton,SC30A,U.S. Senate (Special),,Republican,Kelly Loeffler (I),13
Fulton,SC30A,U.S. Senate (Special),,Democrat,Raphael Warnock,54
Fulton,SC30B,U.S. Senate (Special),,Republican,Kelly Loeffler (I),75
Fulton,SC30B,U.S. Senate (Special),,Democrat,Raphael Warnock,352
Fulton,SS01,U.S. Senate (Special),,Republican,Kelly Loeffler (I),146
Fulton,SS01,U.S. Senate (Special),,Democrat,Raphael Warnock,853
Fulton,SS02A,U.S. Senate (Special),,Republican,Kelly Loeffler (I),60
Fulton,SS02A,U.S. Senate (Special),,Democrat,Raphael Warnock,287
Fulton,SS02B,U.S. Senate (Special),,Republican,Kelly Loeffler (I),79
Fulton,SS02B,U.S. Senate (Special),,Democrat,Raphael Warnock,336
Fulton,SS03,U.S. Senate (Special),,Republican,Kelly Loeffler (I),64
Fulton,SS03,U.S. Senate (Special),,Democrat,Raphael Warnock,401
Fulton,SS04,U.S. Senate (Special),,Republican,Kelly Loeffler (I),259
Fulton,SS04,U.S. Senate (Special),,Democrat,Raphael Warnock,882
Fulton,SS05,U.S. Senate (Special),,Republican,Kelly Loeffler (I),96
Fulton,SS05,U.S. Senate (Special),,Democrat,Raphael Warnock,450
Fulton,SS06,U.S. Senate (Special),,Republican,Kelly Loeffler (I),73
Fulton,SS06,U.S. Senate (Special),,Democrat,Raphael Warnock,385
Fulton,SS07A,U.S. Senate (Special),,Republican,Kelly Loeffler (I),41
Fulton,SS07A,U.S. Senate (Special),,Democrat,Raphael Warnock,256
Fulton,SS07B,U.S. Senate (Special),,Republican,Kelly Loeffler (I),48
Fulton,SS07B,U.S. Senate (Special),,Democrat,Raphael Warnock,195
Fulton,SS07C,U.S. Senate (Special),,Republican,Kelly Loeffler (I),28
Fulton,SS07C,U.S. Senate (Special),,Democrat,Raphael Warnock,101
Fulton,SS08A,U.S. Senate (Special),,Republican,Kelly Loeffler (I),201
Fulton,SS08A,U.S. Senate (Special),,Democrat,Raphael Warnock,449
Fulton,SS08B,U.S. Senate (Special),,Republican,Kelly Loeffler (I),21
Fulton,SS08B,U.S. Senate (Special),,Democrat,Raphael Warnock,143
Fulton,SS08C,U.S. Senate (Special),,Republican,Kelly Loeffler (I),38
Fulton,SS08C,U.S. Senate (Special),,Democrat,Raphael Warnock,172
Fulton,SS08D,U.S. Senate (Special),,Republican,Kelly Loeffler (I),122
Fulton,SS08D,U.S. Senate (Special),,Democrat,Raphael Warnock,327
Fulton,SS09A,U.S. Senate (Special),,Republican,Kelly Loeffler (I),99
Fulton,SS09A,U.S. Senate (Special),,Democrat,Raphael Warnock,573
Fulton,SS09B,U.S. Senate (Special),,Republican,Kelly Loeffler (I),140
Fulton,SS09B,U.S. Senate (Special),,Democrat,Raphael Warnock,774
Fulton,SS11A,U.S. Senate (Special),,Republican,Kelly Loeffler (I),328
Fulton,SS11A,U.S. Senate (Special),,Democrat,Raphael Warnock,840
Fulton,SS11B,U.S. Senate (Special),,Republican,Kelly Loeffler (I),117
Fulton,SS11B,U.S. Senate (Special),,Democrat,Raphael Warnock,297
Fulton,SS11C,U.S. Senate (Special),,Republican,Kelly Loeffler (I),38
Fulton,SS11C,U.S. Senate (Special),,Democrat,Raphael Warnock,86
Fulton,SS11D,U.S. Senate (Special),,Republican,Kelly Loeffler (I),24
Fulton,SS11D,U.S. Senate (Special),,Democrat,Raphael Warnock,71
Fulton,SS12,U.S. Senate (Special),,Republican,Kelly Loeffler (I),164
Fulton,SS12,U.S. Senate (Special),,Democrat,Raphael Warnock,572
Fulton,SS13A,U.S. Senate (Special),,Republican,Kelly Loeffler (I),167
Fulton,SS13A,U.S. Senate (Special),,Democrat,Raphael Warnock,386
Fulton,SS13B,U.S. Senate (Special),,Republican,Kelly Loeffler (I),102
Fulton,SS13B,U.S. Senate (Special),,Democrat,Raphael Warnock,264
Fulton,SS14,U.S. Senate (Special),,Republican,Kelly Loeffler (I),44
Fulton,SS14,U.S. Senate (Special),,Democrat,Raphael Warnock,243
Fulton,SS15A,U.S. Senate (Special),,Republican,Kelly Loeffler (I),288
Fulton,SS15A,U.S. Senate (Special),,Democrat,Raphael Warnock,608
Fulton,SS15B,U.S. Senate (Special),,Republican,Kelly Loeffler (I),187
Fulton,SS15B,U.S. Senate (Special),,Democrat,Raphael Warnock,352
Fulton,SS16,U.S. Senate (Special),,Republican,Kelly Loeffler (I),87
Fulton,SS16,U.S. Senate (Special),,Democrat,Raphael Warnock,419
Fulton,SS17,U.S. Senate (Special),,Republican,Kelly Loeffler (I),237
Fulton,SS17,U.S. Senate (Special),,Democrat,Raphael Warnock,654
Fulton,SS18A,U.S. Senate (Special),,Republican,Kelly Loeffler (I),19
Fulton,SS18A,U.S. Senate (Special),,Democrat,Raphael Warnock,144
Fulton,SS18B,U.S. Senate (Special),,Republican,Kelly Loeffler (I),15
Fulton,SS18B,U.S. Senate (Special),,Democrat,Raphael Warnock,52
Fulton,SS19A,U.S. Senate (Special),,Republican,Kelly Loeffler (I),250
Fulton,SS19A,U.S. Senate (Special),,Democrat,Raphael Warnock,807
Fulton,SS19B,U.S. Senate (Special),,Republican,Kelly Loeffler (I),168
Fulton,SS19B,U.S. Senate (Special),,Democrat,Raphael Warnock,617
Fulton,SS20,U.S. Senate (Special),,Republican,Kelly Loeffler (I),160
Fulton,SS20,U.S. Senate (Special),,Democrat,Raphael Warnock,526
Fulton,SS22,U.S. Senate (Special),,Republican,Kelly Loeffler (I),186
Fulton,SS22,U.S. Senate (Special),,Democrat,Raphael Warnock,456
Fulton,SS26,U.S. Senate (Special),,Republican,Kelly Loeffler (I),290
Fulton,SS26,U.S. Senate (Special),,Democrat,Raphael Warnock,917
Fulton,SS29A,U.S. Senate (Special),,Republican,Kelly Loeffler (I),191
Fulton,SS29A,U.S. Senate (Special),,Democrat,Raphael Warnock,637
Fulton,SS31,U.S. Senate (Special),,Republican,Kelly Loeffler (I),81
Fulton,SS31,U.S. Senate (Special),,Democrat,Raphael Warnock,404
Fulton,UC01A,U.S. Senate (Special),,Republican,Kelly Loeffler (I),428
Fulton,UC01A,U.S. Senate (Special),,Democrat,Raphael Warnock,980
Fulton,UC01B,U.S. Senate (Special),,Republican,Kelly Loeffler (I),50
Fulton,UC01B,U.S. Senate (Special),,Democrat,Raphael Warnock,99
Fulton,UC01D,U.S. Senate (Special),,Republican,Kelly Loeffler (I),0
Fulton,UC01D,U.S. Senate (Special),,Democrat,Raphael Warnock,0
Fulton,UC01E,U.S. Senate (Special),,Republican,Kelly Loeffler (I),87
Fulton,UC01E,U.S. Senate (Special),,Democrat,Raphael Warnock,232
Fulton,UC02A,U.S. Senate (Special),,Republican,Kelly Loeffler (I),554
Fulton,UC02A,U.S. Senate (Special),,Democrat,Raphael Warnock,2024
Fulton,UC02B,U.S. Senate (Special),,Republican,Kelly Loeffler (I),3
Fulton,UC02B,U.S. Senate (Special),,Democrat,Raphael Warnock,9
Fulton,UC02C,U.S. Senate (Special),,Republican,Kelly Loeffler (I),243
Fulton,UC02C,U.S. Senate (Special),,Democrat,Raphael Warnock,1110
Fulton,UC031,U.S. Senate (Special),,Republican,Kelly Loeffler (I),210
Fulton,UC031,U.S. Senate (Special),,Democrat,Raphael Warnock,596
Fulton,UC032,U.S. Senate (Special),,Republican,Kelly Loeffler (I),44
Fulton,UC032,U.S. Senate (Special),,Democrat,Raphael Warnock,116
Gilmer,Ellijay South,U.S. Senate,,Republican,David A. Perdue (I),50
Gilmer,Ellijay South,U.S. Senate,,Democrat,Jon Ossoff,165
Gilmer,Cartecay,U.S. Senate,,Republican,David A. Perdue (I),23
Gilmer,Cartecay,U.S. Senate,,Democrat,Jon Ossoff,57
Gilmer,Tails Creek,U.S. Senate,,Republican,David A. Perdue (I),62
Gilmer,Tails Creek,U.S. Senate,,Democrat,Jon Ossoff,54
Gilmer,Town Creek,U.S. Senate,,Republican,David A. Perdue (I),33
Gilmer,Town Creek,U.S. Senate,,Democrat,Jon Ossoff,24
Gilmer,Leaches,U.S. Senate,,Republican,David A. Perdue (I),64
Gilmer,Leaches,U.S. Senate,,Democrat,Jon Ossoff,148
Gilmer,Cherry Log,U.S. Senate,,Republican,David A. Perdue (I),39
Gilmer,Cherry Log,U.S. Senate,,Democrat,Jon Ossoff,56
Gilmer,Boardtown,U.S. Senate,,Republican,David A. Perdue (I),30
Gilmer,Boardtown,U.S. Senate,,Democrat,Jon Ossoff,67
Gilmer,Mountaintown,U.S. Senate,,Republican,David A. Perdue (I),35
Gilmer,Mountaintown,U.S. Senate,,Democrat,Jon Ossoff,48
Gilmer,East Ellijay,U.S. Senate,,Republican,David A. Perdue (I),52
Gilmer,East Ellijay,U.S. Senate,,Democrat,Jon Ossoff,60
Gilmer,Ellijay North,U.S. Senate,,Republican,David A. Perdue (I),37
Gilmer,Ellijay North,U.S. Senate,,Democrat,Jon Ossoff,82
Gilmer,Yukon,U.S. Senate,,Republican,David A. Perdue (I),37
Gilmer,Yukon,U.S. Senate,,Democrat,Jon Ossoff,32
Gilmer,Big Creek,U.S. Senate,,Republican,David A. Perdue (I),27
Gilmer,Big Creek,U.S. Senate,,Democrat,Jon Ossoff,62
Gilmer,Ellijay Northeast,U.S. Senate,,Republican,David A. Perdue (I),17
Gilmer,Ellijay Northeast,U.S. Senate,,Democrat,Jon Ossoff,110
Gilmer,Ellijay South,U.S. Senate (Special),,Republican,Kelly Loeffler (I),54
Gilmer,Ellijay South,U.S. Senate (Special),,Democrat,Raphael Warnock,167
Gilmer,Cartecay,U.S. Senate (Special),,Republican,Kelly Loeffler (I),23
Gilmer,Cartecay,U.S. Senate (Special),,Democrat,Raphael Warnock,56
Gilmer,Tails Creek,U.S. Senate (Special),,Republican,Kelly Loeffler (I),61
Gilmer,Tails Creek,U.S. Senate (Special),,Democrat,Raphael Warnock,53
Gilmer,Town Creek,U.S. Senate (Special),,Republican,Kelly Loeffler (I),30
Gilmer,Town Creek,U.S. Senate (Special),,Democrat,Raphael Warnock,27
Gilmer,Leaches,U.S. Senate (Special),,Republican,Kelly Loeffler (I),61
Gilmer,Leaches,U.S. Senate (Special),,Democrat,Raphael Warnock,152
Gilmer,Cherry Log,U.S. Senate (Special),,Republican,Kelly Loeffler (I),40
Gilmer,Cherry Log,U.S. Senate (Special),,Democrat,Raphael Warnock,54
Gilmer,Boardtown,U.S. Senate (Special),,Republican,Kelly Loeffler (I),28
Gilmer,Boardtown,U.S. Senate (Special),,Democrat,Raphael Warnock,68
Gilmer,Mountaintown,U.S. Senate (Special),,Republican,Kelly Loeffler (I),35
Gilmer,Mountaintown,U.S. Senate (Special),,Democrat,Raphael Warnock,50
Gilmer,East Ellijay,U.S. Senate (Special),,Republican,Kelly Loeffler (I),54
Gilmer,East Ellijay,U.S. Senate (Special),,Democrat,Raphael Warnock,59
Gilmer,Ellijay North,U.S. Senate (Special),,Republican,Kelly Loeffler (I),37
Gilmer,Ellijay North,U.S. Senate (Special),,Democrat,Raphael Warnock,82
Gilmer,Yukon,U.S. Senate (Special),,Republican,Kelly Loeffler (I),37
Gilmer,Yukon,U.S. Senate (Special),,Democrat,Raphael Warnock,32
Gilmer,Big Creek,U.S. Senate (Special),,Republican,Kelly Loeffler (I),29
Gilmer,Big Creek,U.S. Senate (Special),,Democrat,Raphael Warnock,65
Gilmer,Ellijay Northeast,U.S. Senate (Special),,Republican,Kelly Loeffler (I),17
Gilmer,Ellijay Northeast,U.S. Senate (Special),,Democrat,Raphael Warnock,111
Glascock,Edgehill,U.S. Senate,,Republican,David A. Perdue (I),4
Glascock,Edgehill,U.S. Senate,,Democrat,Jon Ossoff,6
Glascock,Gibson,U.S. Senate,,Republican,David A. Perdue (I),22
Glascock,Gibson,U.S. Senate,,Democrat,Jon Ossoff,15
Glascock,Mill,U.S. Senate,,Republican,David A. Perdue (I),7
Glascock,Mill,U.S. Senate,,Democrat,Jon Ossoff,14
Glascock,Mitchell,U.S. Senate,,Republican,David A. Perdue (I),12
Glascock,Mitchell,U.S. Senate,,Democrat,Jon Ossoff,12
Glascock,Edgehill,U.S. Senate (Special),,Republican,Kelly Loeffler (I),4
Glascock,Edgehill,U.S. Senate (Special),,Democrat,Raphael Warnock,6
Glascock,Gibson,U.S. Senate (Special),,Republican,Kelly Loeffler (I),22
Glascock,Gibson,U.S. Senate (Special),,Democrat,Raphael Warnock,14
Glascock,Mill,U.S. Senate (Special),,Republican,Kelly Loeffler (I),6
Glascock,Mill,U.S. Senate (Special),,Democrat,Raphael Warnock,13
Glascock,Mitchell,U.S. Senate (Special),,Republican,Kelly Loeffler (I),11
Glascock,Mitchell,U.S. Senate (Special),,Democrat,Raphael Warnock,13
Glynn,Sterling Elementary,U.S. Senate,,Republican,David A. Perdue (I),133
Glynn,Sterling Elementary,U.S. Senate,,Democrat,Jon Ossoff,324
Glynn,Brookman,U.S. Senate,,Republican,David A. Perdue (I),96
Glynn,Brookman,U.S. Senate,,Democrat,Jon Ossoff,302
Glynn,Satilla Marshes,U.S. Senate,,Republican,David A. Perdue (I),105
Glynn,Satilla Marshes,U.S. Senate,,Democrat,Jon Ossoff,252
Glynn,Blythe Island Baptist,U.S. Senate,,Republican,David A. Perdue (I),49
Glynn,Blythe Island Baptist,U.S. Senate,,Democrat,Jon Ossoff,145
Glynn,Christian Renewal,U.S. Senate,,Republican,David A. Perdue (I),113
Glynn,Christian Renewal,U.S. Senate,,Democrat,Jon Ossoff,425
Glynn,Hampton River,U.S. Senate,,Republican,David A. Perdue (I),55
Glynn,Hampton River,U.S. Senate,,Democrat,Jon Ossoff,271
Glynn,St William Catholic Church,U.S. Senate,,Republican,David A. Perdue (I),106
Glynn,St William Catholic Church,U.S. Senate,,Democrat,Jon Ossoff,508
Glynn,First Baptist,U.S. Senate,,Republican,David A. Perdue (I),130
Glynn,First Baptist,U.S. Senate,,Democrat,Jon Ossoff,525
Glynn,Jekyll Island,U.S. Senate,,Republican,David A. Perdue (I),83
Glynn,Jekyll Island,U.S. Senate,,Democrat,Jon Ossoff,57
Glynn,Sterling Church of God,U.S. Senate,,Republican,David A. Perdue (I),145
Glynn,Sterling Church of God,U.S. Senate,,Democrat,Jon Ossoff,346
Glynn,SE Baptist Bldg,U.S. Senate,,Republican,David A. Perdue (I),83
Glynn,SE Baptist Bldg,U.S. Senate,,Democrat,Jon Ossoff,155
Glynn,Career Academy,U.S. Senate,,Republican,David A. Perdue (I),101
Glynn,Career Academy,U.S. Senate,,Democrat,Jon Ossoff,237
Glynn,C B Greer School,U.S. Senate,,Republican,David A. Perdue (I),95
Glynn,C B Greer School,U.S. Senate,,Democrat,Jon Ossoff,308
Glynn,Ballard,U.S. Senate,,Republican,David A. Perdue (I),125
Glynn,Ballard,U.S. Senate,,Democrat,Jon Ossoff,285
Glynn,Northside Baptist,U.S. Senate,,Republican,David A. Perdue (I),229
Glynn,Northside Baptist,U.S. Senate,,Democrat,Jon Ossoff,489
Glynn,The Chapel,U.S. Senate,,Republican,David A. Perdue (I),166
Glynn,The Chapel,U.S. Senate,,Democrat,Jon Ossoff,378
Glynn,College Place UMC,U.S. Senate,,Republican,David A. Perdue (I),138
Glynn,College Place UMC,U.S. Senate,,Democrat,Jon Ossoff,301
Glynn,Howard Coffin Park,U.S. Senate,,Republican,David A. Perdue (I),205
Glynn,Howard Coffin Park,U.S. Senate,,Democrat,Jon Ossoff,469
Glynn,Urbana-Perry Parks,U.S. Senate,,Republican,David A. Perdue (I),275
Glynn,Urbana-Perry Parks,U.S. Senate,,Democrat,Jon Ossoff,559
Glynn,Selden Park,U.S. Senate,,Republican,David A. Perdue (I),86
Glynn,Selden Park,U.S. Senate,,Democrat,Jon Ossoff,154
Glynn,Sterling Elementary,U.S. Senate (Special),,Republican,Kelly Loeffler (I),134
Glynn,Sterling Elementary,U.S. Senate (Special),,Democrat,Raphael Warnock,321
Glynn,Brookman,U.S. Senate (Special),,Republican,Kelly Loeffler (I),95
Glynn,Brookman,U.S. Senate (Special),,Democrat,Raphael Warnock,300
Glynn,Satilla Marshes,U.S. Senate (Special),,Republican,Kelly Loeffler (I),108
Glynn,Satilla Marshes,U.S. Senate (Special),,Democrat,Raphael Warnock,255
Glynn,Blythe Island Baptist,U.S. Senate (Special),,Republican,Kelly Loeffler (I),50
Glynn,Blythe Island Baptist,U.S. Senate (Special),,Democrat,Raphael Warnock,139
Glynn,Christian Renewal,U.S. Senate (Special),,Republican,Kelly Loeffler (I),113
Glynn,Christian Renewal,U.S. Senate (Special),,Democrat,Raphael Warnock,427
Glynn,Hampton River,U.S. Senate (Special),,Republican,Kelly Loeffler (I),56
Glynn,Hampton River,U.S. Senate (Special),,Democrat,Raphael Warnock,276
Glynn,St William Catholic Church,U.S. Senate (Special),,Republican,Kelly Loeffler (I),111
Glynn,St William Catholic Church,U.S. Senate (Special),,Democrat,Raphael Warnock,505
Glynn,First Baptist,U.S. Senate (Special),,Republican,Kelly Loeffler (I),131
Glynn,First Baptist,U.S. Senate (Special),,Democrat,Raphael Warnock,529
Glynn,Jekyll Island,U.S. Senate (Special),,Republican,Kelly Loeffler (I),82
Glynn,Jekyll Island,U.S. Senate (Special),,Democrat,Raphael Warnock,58
Glynn,Sterling Church of God,U.S. Senate (Special),,Republican,Kelly Loeffler (I),139
Glynn,Sterling Church of God,U.S. Senate (Special),,Democrat,Raphael Warnock,348
Glynn,SE Baptist Bldg,U.S. Senate (Special),,Republican,Kelly Loeffler (I),84
Glynn,SE Baptist Bldg,U.S. Senate (Special),,Democrat,Raphael Warnock,155
Glynn,Career Academy,U.S. Senate (Special),,Republican,Kelly Loeffler (I),100
Glynn,Career Academy,U.S. Senate (Special),,Democrat,Raphael Warnock,236
Glynn,C B Greer School,U.S. Senate (Special),,Republican,Kelly Loeffler (I),94
Glynn,C B Greer School,U.S. Senate (Special),,Democrat,Raphael Warnock,307
Glynn,Ballard,U.S. Senate (Special),,Republican,Kelly Loeffler (I),124
Glynn,Ballard,U.S. Senate (Special),,Democrat,Raphael Warnock,282
Glynn,Northside Baptist,U.S. Senate (Special),,Republican,Kelly Loeffler (I),227
Glynn,Northside Baptist,U.S. Senate (Special),,Democrat,Raphael Warnock,489
Glynn,The Chapel,U.S. Senate (Special),,Republican,Kelly Loeffler (I),170
Glynn,The Chapel,U.S. Senate (Special),,Democrat,Raphael Warnock,381
Glynn,College Place UMC,U.S. Senate (Special),,Republican,Kelly Loeffler (I),139
Glynn,College Place UMC,U.S. Senate (Special),,Democrat,Raphael Warnock,300
Glynn,Howard Coffin Park,U.S. Senate (Special),,Republican,Kelly Loeffler (I),202
Glynn,Howard Coffin Park,U.S. Senate (Special),,Democrat,Raphael Warnock,467
Glynn,Urbana-Perry Parks,U.S. Senate (Special),,Republican,Kelly Loeffler (I),277
Glynn,Urbana-Perry Parks,U.S. Senate (Special),,Democrat,Raphael Warnock,559
Glynn,Selden Park,U.S. Senate (Special),,Republican,Kelly Loeffler (I),87
Glynn,Selden Park,U.S. Senate (Special),,Democrat,Raphael Warnock,153
Gordon,Sugar Valley,U.S. Senate,,Republican,David A. Perdue (I),35
Gordon,Sugar Valley,U.S. Senate,,Democrat,Jon Ossoff,32
Gordon,Plainville,U.S. Senate,,Republican,David A. Perdue (I),56
Gordon,Plainville,U.S. Senate,,Democrat,Jon Ossoff,56
Gordon,Sonoraville,U.S. Senate,,Republican,David A. Perdue (I),121
Gordon,Sonoraville,U.S. Senate,,Democrat,Jon Ossoff,162
Gordon,Pine Chapel,U.S. Senate,,Republican,David A. Perdue (I),20
Gordon,Pine Chapel,U.S. Senate,,Democrat,Jon Ossoff,19
Gordon,Oostanaula,U.S. Senate,,Republican,David A. Perdue (I),33
Gordon,Oostanaula,U.S. Senate,,Democrat,Jon Ossoff,26
Gordon,Oakman,U.S. Senate,,Republican,David A. Perdue (I),30
Gordon,Oakman,U.S. Senate,,Democrat,Jon Ossoff,26
Gordon,Gordon County,U.S. Senate,,Republican,David A. Perdue (I),173
Gordon,Gordon County,U.S. Senate,,Democrat,Jon Ossoff,272
Gordon,Calhoun City,U.S. Senate,,Republican,David A. Perdue (I),388
Gordon,Calhoun City,U.S. Senate,,Democrat,Jon Ossoff,607
Gordon,Lily Pond,U.S. Senate,,Republican,David A. Perdue (I),51
Gordon,Lily Pond,U.S. Senate,,Democrat,Jon Ossoff,48
Gordon,Fairmount,U.S. Senate,,Republican,David A. Perdue (I),66
Gordon,Fairmount,U.S. Senate,,Democrat,Jon Ossoff,36
Gordon,Red Bud,U.S. Senate,,Republican,David A. Perdue (I),93
Gordon,Red Bud,U.S. Senate,,Democrat,Jon Ossoff,105
Gordon,Resaca,U.S. Senate,,Republican,David A. Perdue (I),44
Gordon,Resaca,U.S. Senate,,Democrat,Jon Ossoff,38
Gordon,Sugar Valley,U.S. Senate (Special),,Republican,Kelly Loeffler (I),37
Gordon,Sugar Valley,U.S. Senate (Special),,Democrat,Raphael Warnock,33
Gordon,Plainville,U.S. Senate (Special),,Republican,Kelly Loeffler (I),55
Gordon,Plainville,U.S. Senate (Special),,Democrat,Raphael Warnock,53
Gordon,Sonoraville,U.S. Senate (Special),,Republican,Kelly Loeffler (I),124
Gordon,Sonoraville,U.S. Senate (Special),,Democrat,Raphael Warnock,162
Gordon,Pine Chapel,U.S. Senate (Special),,Republican,Kelly Loeffler (I),22
Gordon,Pine Chapel,U.S. Senate (Special),,Democrat,Raphael Warnock,19
Gordon,Oostanaula,U.S. Senate (Special),,Republican,Kelly Loeffler (I),33
Gordon,Oostanaula,U.S. Senate (Special),,Democrat,Raphael Warnock,24
Gordon,Oakman,U.S. Senate (Special),,Republican,Kelly Loeffler (I),31
Gordon,Oakman,U.S. Senate (Special),,Democrat,Raphael Warnock,26
Gordon,Gordon County,U.S. Senate (Special),,Republican,Kelly Loeffler (I),176
Gordon,Gordon County,U.S. Senate (Special),,Democrat,Raphael Warnock,276
Gordon,Calhoun City,U.S. Senate (Special),,Republican,Kelly Loeffler (I),400
Gordon,Calhoun City,U.S. Senate (Special),,Democrat,Raphael Warnock,625
Gordon,Lily Pond,U.S. Senate (Special),,Republican,Kelly Loeffler (I),54
Gordon,Lily Pond,U.S. Senate (Special),,Democrat,Raphael Warnock,45
Gordon,Fairmount,U.S. Senate (Special),,Republican,Kelly Loeffler (I),63
Gordon,Fairmount,U.S. Senate (Special),,Democrat,Raphael Warnock,35
Gordon,Red Bud,U.S. Senate (Special),,Republican,Kelly Loeffler (I),93
Gordon,Red Bud,U.S. Senate (Special),,Democrat,Raphael Warnock,107
Gordon,Resaca,U.S. Senate (Special),,Republican,Kelly Loeffler (I),43
Gordon,Resaca,U.S. Senate (Special),,Democrat,Raphael Warnock,37
Gwinnett,HARBINS A,U.S. Senate,,Republican,David A. Perdue (I),397
Gwinnett,HARBINS A,U.S. Senate,,Democrat,Jon Ossoff,1431
Gwinnett,ROCKBRIDGE A,U.S. Senate,,Republican,David A. Perdue (I),370
Gwinnett,ROCKBRIDGE A,U.S. Senate,,Democrat,Jon Ossoff,1113
Gwinnett,DACULA,U.S. Senate,,Republican,David A. Perdue (I),330
Gwinnett,DACULA,U.S. Senate,,Democrat,Jon Ossoff,943
Gwinnett,SUWANEE A,U.S. Senate,,Republican,David A. Perdue (I),142
Gwinnett,SUWANEE A,U.S. Senate,,Democrat,Jon Ossoff,254
Gwinnett,BAYCREEK A,U.S. Senate,,Republican,David A. Perdue (I),166
Gwinnett,BAYCREEK A,U.S. Senate,,Democrat,Jon Ossoff,474
Gwinnett,GOODWINS A,U.S. Senate,,Republican,David A. Perdue (I),355
Gwinnett,GOODWINS A,U.S. Senate,,Democrat,Jon Ossoff,705
Gwinnett,DULUTH A,U.S. Senate,,Republican,David A. Perdue (I),322
Gwinnett,DULUTH A,U.S. Senate,,Democrat,Jon Ossoff,874
Gwinnett,DUNCANS A,U.S. Senate,,Republican,David A. Perdue (I),201
Gwinnett,DUNCANS A,U.S. Senate,,Democrat,Jon Ossoff,605
Gwinnett,PUCKETTS A,U.S. Senate,,Republican,David A. Perdue (I),228
Gwinnett,PUCKETTS A,U.S. Senate,,Democrat,Jon Ossoff,736
Gwinnett,CATES A,U.S. Senate,,Republican,David A. Perdue (I),138
Gwinnett,CATES A,U.S. Senate,,Democrat,Jon Ossoff,318
Gwinnett,BERKSHIRE A,U.S. Senate,,Republican,David A. Perdue (I),278
Gwinnett,BERKSHIRE A,U.S. Senate,,Democrat,Jon Ossoff,387
Gwinnett,BERKSHIRE B,U.S. Senate,,Republican,David A. Perdue (I),417
Gwinnett,BERKSHIRE B,U.S. Senate,,Democrat,Jon Ossoff,1254
Gwinnett,DUNCANS C,U.S. Senate,,Republican,David A. Perdue (I),131
Gwinnett,DUNCANS C,U.S. Senate,,Democrat,Jon Ossoff,383
Gwinnett,GARNERS A,U.S. Senate,,Republican,David A. Perdue (I),201
Gwinnett,GARNERS A,U.S. Senate,,Democrat,Jon Ossoff,630
Gwinnett,LAWRENCEVILLE A,U.S. Senate,,Republican,David A. Perdue (I),250
Gwinnett,LAWRENCEVILLE A,U.S. Senate,,Democrat,Jon Ossoff,522
Gwinnett,LAWRENCEVILLE B,U.S. Senate,,Republican,David A. Perdue (I),312
Gwinnett,LAWRENCEVILLE B,U.S. Senate,,Democrat,Jon Ossoff,1366
Gwinnett,MARTINS A,U.S. Senate,,Republican,David A. Perdue (I),379
Gwinnett,MARTINS A,U.S. Senate,,Democrat,Jon Ossoff,629
Gwinnett,MARTINS B,U.S. Senate,,Republican,David A. Perdue (I),312
Gwinnett,MARTINS B,U.S. Senate,,Democrat,Jon Ossoff,519
Gwinnett,MARTINS C,U.S. Senate,,Republican,David A. Perdue (I),262
Gwinnett,MARTINS C,U.S. Senate,,Democrat,Jon Ossoff,414
Gwinnett,PINCKNEYVILLE A,U.S. Senate,,Republican,David A. Perdue (I),338
Gwinnett,PINCKNEYVILLE A,U.S. Senate,,Democrat,Jon Ossoff,504
Gwinnett,PINCKNEYVILLE B,U.S. Senate,,Republican,David A. Perdue (I),333
Gwinnett,PINCKNEYVILLE B,U.S. Senate,,Democrat,Jon Ossoff,663
Gwinnett,PINCKNEYVILLE C,U.S. Senate,,Republican,David A. Perdue (I),172
Gwinnett,PINCKNEYVILLE C,U.S. Senate,,Democrat,Jon Ossoff,267
Gwinnett,PINCKNEYVILLE D,U.S. Senate,,Republican,David A. Perdue (I),284
Gwinnett,PINCKNEYVILLE D,U.S. Senate,,Democrat,Jon Ossoff,362
Gwinnett,SUGAR HILL A,U.S. Senate,,Republican,David A. Perdue (I),293
Gwinnett,SUGAR HILL A,U.S. Senate,,Democrat,Jon Ossoff,529
Gwinnett,SUGAR HILL B,U.S. Senate,,Republican,David A. Perdue (I),446
Gwinnett,SUGAR HILL B,U.S. Senate,,Democrat,Jon Ossoff,712
Gwinnett,HOG MOUNTAIN A,U.S. Senate,,Republican,David A. Perdue (I),441
Gwinnett,HOG MOUNTAIN A,U.S. Senate,,Democrat,Jon Ossoff,852
Gwinnett,HOG MOUNTAIN B,U.S. Senate,,Republican,David A. Perdue (I),241
Gwinnett,HOG MOUNTAIN B,U.S. Senate,,Democrat,Jon Ossoff,656
Gwinnett,ROCKYCREEK A,U.S. Senate,,Republican,David A. Perdue (I),379
Gwinnett,ROCKYCREEK A,U.S. Senate,,Democrat,Jon Ossoff,941
Gwinnett,CATES B,U.S. Senate,,Republican,David A. Perdue (I),92
Gwinnett,CATES B,U.S. Senate,,Democrat,Jon Ossoff,196
Gwinnett,CATES C,U.S. Senate,,Republican,David A. Perdue (I),279
Gwinnett,CATES C,U.S. Senate,,Democrat,Jon Ossoff,681
Gwinnett,HOG MOUNTAIN D,U.S. Senate,,Republican,David A. Perdue (I),196
Gwinnett,HOG MOUNTAIN D,U.S. Senate,,Democrat,Jon Ossoff,398
Gwinnett,BERKSHIRE D,U.S. Senate,,Republican,David A. Perdue (I),191
Gwinnett,BERKSHIRE D,U.S. Senate,,Democrat,Jon Ossoff,559
Gwinnett,BERKSHIRE E,U.S. Senate,,Republican,David A. Perdue (I),104
Gwinnett,BERKSHIRE E,U.S. Senate,,Democrat,Jon Ossoff,354
Gwinnett,BERKSHIRE F,U.S. Senate,,Republican,David A. Perdue (I),231
Gwinnett,BERKSHIRE F,U.S. Senate,,Democrat,Jon Ossoff,340
Gwinnett,CATES D,U.S. Senate,,Republican,David A. Perdue (I),283
Gwinnett,CATES D,U.S. Senate,,Democrat,Jon Ossoff,755
Gwinnett,CATES E,U.S. Senate,,Republican,David A. Perdue (I),204
Gwinnett,CATES E,U.S. Senate,,Democrat,Jon Ossoff,528
Gwinnett,PINCKNEYVILLE E,U.S. Senate,,Republican,David A. Perdue (I),301
Gwinnett,PINCKNEYVILLE E,U.S. Senate,,Democrat,Jon Ossoff,341
Gwinnett,PINCKNEYVILLE F,U.S. Senate,,Republican,David A. Perdue (I),312
Gwinnett,PINCKNEYVILLE F,U.S. Senate,,Democrat,Jon Ossoff,351
Gwinnett,DUNCANS D,U.S. Senate,,Republican,David A. Perdue (I),362
Gwinnett,DUNCANS D,U.S. Senate,,Democrat,Jon Ossoff,768
Gwinnett,PINCKNEYVILLE H,U.S. Senate,,Republican,David A. Perdue (I),329
Gwinnett,PINCKNEYVILLE H,U.S. Senate,,Democrat,Jon Ossoff,737
Gwinnett,BAYCREEK B,U.S. Senate,,Republican,David A. Perdue (I),636
Gwinnett,BAYCREEK B,U.S. Senate,,Democrat,Jon Ossoff,1453
Gwinnett,LAWRENCEVILLE C,U.S. Senate,,Republican,David A. Perdue (I),223
Gwinnett,LAWRENCEVILLE C,U.S. Senate,,Democrat,Jon Ossoff,380
Gwinnett,MARTINS D,U.S. Senate,,Republican,David A. Perdue (I),286
Gwinnett,MARTINS D,U.S. Senate,,Democrat,Jon Ossoff,376
Gwinnett,ROCKBRIDGE B,U.S. Senate,,Republican,David A. Perdue (I),400
Gwinnett,ROCKBRIDGE B,U.S. Senate,,Democrat,Jon Ossoff,1033
Gwinnett,GARNERS B,U.S. Senate,,Republican,David A. Perdue (I),238
Gwinnett,GARNERS B,U.S. Senate,,Democrat,Jon Ossoff,786
Gwinnett,CATES F,U.S. Senate,,Republican,David A. Perdue (I),120
Gwinnett,CATES F,U.S. Senate,,Democrat,Jon Ossoff,268
Gwinnett,CATES G,U.S. Senate,,Republican,David A. Perdue (I),187
Gwinnett,CATES G,U.S. Senate,,Democrat,Jon Ossoff,473
Gwinnett,DULUTH B,U.S. Senate,,Republican,David A. Perdue (I),243
Gwinnett,DULUTH B,U.S. Senate,,Democrat,Jon Ossoff,481
Gwinnett,GARNERS C,U.S. Senate,,Republican,David A. Perdue (I),175
Gwinnett,GARNERS C,U.S. Senate,,Democrat,Jon Ossoff,388
Gwinnett,PINCKNEYVILLE I,U.S. Senate,,Republican,David A. Perdue (I),277
Gwinnett,PINCKNEYVILLE I,U.S. Senate,,Democrat,Jon Ossoff,452
Gwinnett,PINCKNEYVILLE J,U.S. Senate,,Republican,David A. Perdue (I),298
Gwinnett,PINCKNEYVILLE J,U.S. Senate,,Democrat,Jon Ossoff,522
Gwinnett,BERKSHIRE G,U.S. Senate,,Republican,David A. Perdue (I),171
Gwinnett,BERKSHIRE G,U.S. Senate,,Democrat,Jon Ossoff,472
Gwinnett,CATES H,U.S. Senate,,Republican,David A. Perdue (I),391
Gwinnett,CATES H,U.S. Senate,,Democrat,Jon Ossoff,826
Gwinnett,SUGAR HILL C,U.S. Senate,,Republican,David A. Perdue (I),289
Gwinnett,SUGAR HILL C,U.S. Senate,,Democrat,Jon Ossoff,625
Gwinnett,SUGAR HILL D,U.S. Senate,,Republican,David A. Perdue (I),241
Gwinnett,SUGAR HILL D,U.S. Senate,,Democrat,Jon Ossoff,626
Gwinnett,DULUTH C,U.S. Senate,,Republican,David A. Perdue (I),185
Gwinnett,DULUTH C,U.S. Senate,,Democrat,Jon Ossoff,313
Gwinnett,DULUTH D,U.S. Senate,,Republican,David A. Perdue (I),354
Gwinnett,DULUTH D,U.S. Senate,,Democrat,Jon Ossoff,920
Gwinnett,PINCKNEYVILLE K,U.S. Senate,,Republican,David A. Perdue (I),419
Gwinnett,PINCKNEYVILLE K,U.S. Senate,,Democrat,Jon Ossoff,674
Gwinnett,PINCKNEYVILLE N,U.S. Senate,,Republican,David A. Perdue (I),555
Gwinnett,PINCKNEYVILLE N,U.S. Senate,,Democrat,Jon Ossoff,741
Gwinnett,LAWRENCEVILLE D,U.S. Senate,,Republican,David A. Perdue (I),467
Gwinnett,LAWRENCEVILLE D,U.S. Senate,,Democrat,Jon Ossoff,910
Gwinnett,LAWRENCEVILLE E,U.S. Senate,,Republican,David A. Perdue (I),189
Gwinnett,LAWRENCEVILLE E,U.S. Senate,,Democrat,Jon Ossoff,320
Gwinnett,PINCKNEYVILLE L,U.S. Senate,,Republican,David A. Perdue (I),154
Gwinnett,PINCKNEYVILLE L,U.S. Senate,,Democrat,Jon Ossoff,241
Gwinnett,PINCKNEYVILLE M,U.S. Senate,,Republican,David A. Perdue (I),137
Gwinnett,PINCKNEYVILLE M,U.S. Senate,,Democrat,Jon Ossoff,279
Gwinnett,GARNERS D,U.S. Senate,,Republican,David A. Perdue (I),314
Gwinnett,GARNERS D,U.S. Senate,,Democrat,Jon Ossoff,857
Gwinnett,BERKSHIRE H,U.S. Senate,,Republican,David A. Perdue (I),194
Gwinnett,BERKSHIRE H,U.S. Senate,,Democrat,Jon Ossoff,328
Gwinnett,PINCKNEYVILLE O,U.S. Senate,,Republican,David A. Perdue (I),313
Gwinnett,PINCKNEYVILLE O,U.S. Senate,,Democrat,Jon Ossoff,677
Gwinnett,PUCKETTS E,U.S. Senate,,Republican,David A. Perdue (I),331
Gwinnett,PUCKETTS E,U.S. Senate,,Democrat,Jon Ossoff,932
Gwinnett,CATES I,U.S. Senate,,Republican,David A. Perdue (I),245
Gwinnett,CATES I,U.S. Senate,,Democrat,Jon Ossoff,745
Gwinnett,CATES J,U.S. Senate,,Republican,David A. Perdue (I),300
Gwinnett,CATES J,U.S. Senate,,Democrat,Jon Ossoff,722
Gwinnett,GOODWINS B,U.S. Senate,,Republican,David A. Perdue (I),289
Gwinnett,GOODWINS B,U.S. Senate,,Democrat,Jon Ossoff,521
Gwinnett,LAWRENCEVILLE F,U.S. Senate,,Republican,David A. Perdue (I),362
Gwinnett,LAWRENCEVILLE F,U.S. Senate,,Democrat,Jon Ossoff,1013
Gwinnett,MARTINS E,U.S. Senate,,Republican,David A. Perdue (I),661
Gwinnett,MARTINS E,U.S. Senate,,Democrat,Jon Ossoff,1084
Gwinnett,PINCKNEYVILLE P,U.S. Senate,,Republican,David A. Perdue (I),237
Gwinnett,PINCKNEYVILLE P,U.S. Senate,,Democrat,Jon Ossoff,291
Gwinnett,PINCKNEYVILLE Q,U.S. Senate,,Republican,David A. Perdue (I),330
Gwinnett,PINCKNEYVILLE Q,U.S. Senate,,Democrat,Jon Ossoff,341
Gwinnett,ROCKBRIDGE C,U.S. Senate,,Republican,David A. Perdue (I),428
Gwinnett,ROCKBRIDGE C,U.S. Senate,,Democrat,Jon Ossoff,1631
Gwinnett,ROCKBRIDGE D,U.S. Senate,,Republican,David A. Perdue (I),273
Gwinnett,ROCKBRIDGE D,U.S. Senate,,Democrat,Jon Ossoff,1067
Gwinnett,GOODWINS C,U.S. Senate,,Republican,David A. Perdue (I),495
Gwinnett,GOODWINS C,U.S. Senate,,Democrat,Jon Ossoff,1048
Gwinnett,BAYCREEK K,U.S. Senate,,Republican,David A. Perdue (I),253
Gwinnett,BAYCREEK K,U.S. Senate,,Democrat,Jon Ossoff,867
Gwinnett,CATES K,U.S. Senate,,Republican,David A. Perdue (I),208
Gwinnett,CATES K,U.S. Senate,,Democrat,Jon Ossoff,497
Gwinnett,BAYCREEK C,U.S. Senate,,Republican,David A. Perdue (I),488
Gwinnett,BAYCREEK C,U.S. Senate,,Democrat,Jon Ossoff,1581
Gwinnett,CATES L,U.S. Senate,,Republican,David A. Perdue (I),342
Gwinnett,CATES L,U.S. Senate,,Democrat,Jon Ossoff,864
Gwinnett,DULUTH E,U.S. Senate,,Republican,David A. Perdue (I),438
Gwinnett,DULUTH E,U.S. Senate,,Democrat,Jon Ossoff,1008
Gwinnett,GOODWINS D,U.S. Senate,,Republican,David A. Perdue (I),361
Gwinnett,GOODWINS D,U.S. Senate,,Democrat,Jon Ossoff,632
Gwinnett,LAWRENCEVILLE G,U.S. Senate,,Republican,David A. Perdue (I),308
Gwinnett,LAWRENCEVILLE G,U.S. Senate,,Democrat,Jon Ossoff,652
Gwinnett,LAWRENCEVILLE H,U.S. Senate,,Republican,David A. Perdue (I),304
Gwinnett,LAWRENCEVILLE H,U.S. Senate,,Democrat,Jon Ossoff,660
Gwinnett,MARTINS F,U.S. Senate,,Republican,David A. Perdue (I),257
Gwinnett,MARTINS F,U.S. Senate,,Democrat,Jon Ossoff,420
Gwinnett,PINCKNEYVILLE S,U.S. Senate,,Republican,David A. Perdue (I),344
Gwinnett,PINCKNEYVILLE S,U.S. Senate,,Democrat,Jon Ossoff,521
Gwinnett,ROCKBRIDGE E,U.S. Senate,,Republican,David A. Perdue (I),500
Gwinnett,ROCKBRIDGE E,U.S. Senate,,Democrat,Jon Ossoff,1038
Gwinnett,SUGAR HILL E,U.S. Senate,,Republican,David A. Perdue (I),256
Gwinnett,SUGAR HILL E,U.S. Senate,,Democrat,Jon Ossoff,528
Gwinnett,LAWRENCEVILLE I,U.S. Senate,,Republican,David A. Perdue (I),329
Gwinnett,LAWRENCEVILLE I,U.S. Senate,,Democrat,Jon Ossoff,531
Gwinnett,BAYCREEK D,U.S. Senate,,Republican,David A. Perdue (I),294
Gwinnett,BAYCREEK D,U.S. Senate,,Democrat,Jon Ossoff,934
Gwinnett,BERKSHIRE J,U.S. Senate,,Republican,David A. Perdue (I),166
Gwinnett,BERKSHIRE J,U.S. Senate,,Democrat,Jon Ossoff,519
Gwinnett,CATES M,U.S. Senate,,Republican,David A. Perdue (I),222
Gwinnett,CATES M,U.S. Senate,,Democrat,Jon Ossoff,735
Gwinnett,CATES N,U.S. Senate,,Republican,David A. Perdue (I),158
Gwinnett,CATES N,U.S. Senate,,Democrat,Jon Ossoff,334
Gwinnett,DULUTH F,U.S. Senate,,Republican,David A. Perdue (I),571
Gwinnett,DULUTH F,U.S. Senate,,Democrat,Jon Ossoff,1115
Gwinnett,DULUTH G,U.S. Senate,,Republican,David A. Perdue (I),207
Gwinnett,DULUTH G,U.S. Senate,,Democrat,Jon Ossoff,396
Gwinnett,GOODWINS E,U.S. Senate,,Republican,David A. Perdue (I),434
Gwinnett,GOODWINS E,U.S. Senate,,Democrat,Jon Ossoff,927
Gwinnett,GOODWINS F,U.S. Senate,,Republican,David A. Perdue (I),235
Gwinnett,GOODWINS F,U.S. Senate,,Democrat,Jon Ossoff,502
Gwinnett,PINCKNEYVILLE T,U.S. Senate,,Republican,David A. Perdue (I),284
Gwinnett,PINCKNEYVILLE T,U.S. Senate,,Democrat,Jon Ossoff,473
Gwinnett,SUWANEE B,U.S. Senate,,Republican,David A. Perdue (I),234
Gwinnett,SUWANEE B,U.S. Senate,,Democrat,Jon Ossoff,830
Gwinnett,PINCKNEYVILLE U,U.S. Senate,,Republican,David A. Perdue (I),257
Gwinnett,PINCKNEYVILLE U,U.S. Senate,,Democrat,Jon Ossoff,324
Gwinnett,PUCKETTS B,U.S. Senate,,Republican,David A. Perdue (I),151
Gwinnett,PUCKETTS B,U.S. Senate,,Democrat,Jon Ossoff,418
Gwinnett,BERKSHIRE L,U.S. Senate,,Republican,David A. Perdue (I),434
Gwinnett,BERKSHIRE L,U.S. Senate,,Democrat,Jon Ossoff,560
Gwinnett,ROCKBRIDGE F,U.S. Senate,,Republican,David A. Perdue (I),450
Gwinnett,ROCKBRIDGE F,U.S. Senate,,Democrat,Jon Ossoff,1940
Gwinnett,SUGAR HILL F,U.S. Senate,,Republican,David A. Perdue (I),343
Gwinnett,SUGAR HILL F,U.S. Senate,,Democrat,Jon Ossoff,456
Gwinnett,SUWANEE C,U.S. Senate,,Republican,David A. Perdue (I),371
Gwinnett,SUWANEE C,U.S. Senate,,Democrat,Jon Ossoff,823
Gwinnett,CATES O,U.S. Senate,,Republican,David A. Perdue (I),137
Gwinnett,CATES O,U.S. Senate,,Democrat,Jon Ossoff,217
Gwinnett,BAYCREEK E,U.S. Senate,,Republican,David A. Perdue (I),286
Gwinnett,BAYCREEK E,U.S. Senate,,Democrat,Jon Ossoff,649
Gwinnett,BERKSHIRE M,U.S. Senate,,Republican,David A. Perdue (I),160
Gwinnett,BERKSHIRE M,U.S. Senate,,Democrat,Jon Ossoff,289
Gwinnett,MARTINS G,U.S. Senate,,Republican,David A. Perdue (I),274
Gwinnett,MARTINS G,U.S. Senate,,Democrat,Jon Ossoff,418
Gwinnett,DULUTH H,U.S. Senate,,Republican,David A. Perdue (I),179
Gwinnett,DULUTH H,U.S. Senate,,Democrat,Jon Ossoff,419
Gwinnett,BERKSHIRE N,U.S. Senate,,Republican,David A. Perdue (I),146
Gwinnett,BERKSHIRE N,U.S. Senate,,Democrat,Jon Ossoff,618
Gwinnett,PINCKNEYVILLE V,U.S. Senate,,Republican,David A. Perdue (I),132
Gwinnett,PINCKNEYVILLE V,U.S. Senate,,Democrat,Jon Ossoff,345
Gwinnett,PINCKNEYVILLE W,U.S. Senate,,Republican,David A. Perdue (I),360
Gwinnett,PINCKNEYVILLE W,U.S. Senate,,Democrat,Jon Ossoff,618
Gwinnett,MARTINS H,U.S. Senate,,Republican,David A. Perdue (I),450
Gwinnett,MARTINS H,U.S. Senate,,Democrat,Jon Ossoff,899
Gwinnett,MARTINS I,U.S. Senate,,Republican,David A. Perdue (I),383
Gwinnett,MARTINS I,U.S. Senate,,Democrat,Jon Ossoff,703
Gwinnett,MARTINS J,U.S. Senate,,Republican,David A. Perdue (I),524
Gwinnett,MARTINS J,U.S. Senate,,Democrat,Jon Ossoff,734
Gwinnett,GARNERS F,U.S. Senate,,Republican,David A. Perdue (I),126
Gwinnett,GARNERS F,U.S. Senate,,Democrat,Jon Ossoff,320
Gwinnett,BERKSHIRE O,U.S. Senate,,Republican,David A. Perdue (I),164
Gwinnett,BERKSHIRE O,U.S. Senate,,Democrat,Jon Ossoff,409
Gwinnett,BERKSHIRE P,U.S. Senate,,Republican,David A. Perdue (I),173
Gwinnett,BERKSHIRE P,U.S. Senate,,Democrat,Jon Ossoff,180
Gwinnett,PINCKNEYVILLE X,U.S. Senate,,Republican,David A. Perdue (I),213
Gwinnett,PINCKNEYVILLE X,U.S. Senate,,Democrat,Jon Ossoff,568
Gwinnett,ROCKBRIDGE G,U.S. Senate,,Republican,David A. Perdue (I),530
Gwinnett,ROCKBRIDGE G,U.S. Senate,,Democrat,Jon Ossoff,1562
Gwinnett,PINCKNEYVILLE Y,U.S. Senate,,Republican,David A. Perdue (I),368
Gwinnett,PINCKNEYVILLE Y,U.S. Senate,,Democrat,Jon Ossoff,549
Gwinnett,GOODWINS G,U.S. Senate,,Republican,David A. Perdue (I),315
Gwinnett,GOODWINS G,U.S. Senate,,Democrat,Jon Ossoff,474
Gwinnett,PINCKNEYVILLE Z,U.S. Senate,,Republican,David A. Perdue (I),150
Gwinnett,PINCKNEYVILLE Z,U.S. Senate,,Democrat,Jon Ossoff,196
Gwinnett,PINCKNEYVILLE A1,U.S. Senate,,Republican,David A. Perdue (I),140
Gwinnett,PINCKNEYVILLE A1,U.S. Senate,,Democrat,Jon Ossoff,287
Gwinnett,LAWRENCEVILLE J,U.S. Senate,,Republican,David A. Perdue (I),213
Gwinnett,LAWRENCEVILLE J,U.S. Senate,,Democrat,Jon Ossoff,496
Gwinnett,GOODWINS H,U.S. Senate,,Republican,David A. Perdue (I),243
Gwinnett,GOODWINS H,U.S. Senate,,Democrat,Jon Ossoff,466
Gwinnett,DUNCANS B,U.S. Senate,,Republican,David A. Perdue (I),323
Gwinnett,DUNCANS B,U.S. Senate,,Democrat,Jon Ossoff,631
Gwinnett,SUWANEE D,U.S. Senate,,Republican,David A. Perdue (I),277
Gwinnett,SUWANEE D,U.S. Senate,,Democrat,Jon Ossoff,624
Gwinnett,SUWANEE E,U.S. Senate,,Republican,David A. Perdue (I),247
Gwinnett,SUWANEE E,U.S. Senate,,Democrat,Jon Ossoff,658
Gwinnett,LAWRENCEVILLE K,U.S. Senate,,Republican,David A. Perdue (I),218
Gwinnett,LAWRENCEVILLE K,U.S. Senate,,Democrat,Jon Ossoff,568
Gwinnett,HARBINS B,U.S. Senate,,Republican,David A. Perdue (I),280
Gwinnett,HARBINS B,U.S. Senate,,Democrat,Jon Ossoff,751
Gwinnett,BAYCREEK F,U.S. Senate,,Republican,David A. Perdue (I),426
Gwinnett,BAYCREEK F,U.S. Senate,,Democrat,Jon Ossoff,1230
Gwinnett,PUCKETTS C,U.S. Senate,,Republican,David A. Perdue (I),191
Gwinnett,PUCKETTS C,U.S. Senate,,Democrat,Jon Ossoff,437
Gwinnett,HOG MOUNTAIN C,U.S. Senate,,Republican,David A. Perdue (I),271
Gwinnett,HOG MOUNTAIN C,U.S. Senate,,Democrat,Jon Ossoff,580
Gwinnett,ROCKYCREEK B,U.S. Senate,,Republican,David A. Perdue (I),301
Gwinnett,ROCKYCREEK B,U.S. Senate,,Democrat,Jon Ossoff,789
Gwinnett,DULUTH I,U.S. Senate,,Republican,David A. Perdue (I),287
Gwinnett,DULUTH I,U.S. Senate,,Democrat,Jon Ossoff,682
Gwinnett,MARTINS K,U.S. Senate,,Republican,David A. Perdue (I),595
Gwinnett,MARTINS K,U.S. Senate,,Democrat,Jon Ossoff,1177
Gwinnett,SUWANEE H,U.S. Senate,,Republican,David A. Perdue (I),200
Gwinnett,SUWANEE H,U.S. Senate,,Democrat,Jon Ossoff,466
Gwinnett,SUGAR HILL G,U.S. Senate,,Republican,David A. Perdue (I),119
Gwinnett,SUGAR HILL G,U.S. Senate,,Democrat,Jon Ossoff,320
Gwinnett,SUWANEE F,U.S. Senate,,Republican,David A. Perdue (I),259
Gwinnett,SUWANEE F,U.S. Senate,,Democrat,Jon Ossoff,659
Gwinnett,LAWRENCEVILLE L,U.S. Senate,,Republican,David A. Perdue (I),343
Gwinnett,LAWRENCEVILLE L,U.S. Senate,,Democrat,Jon Ossoff,1046
Gwinnett,LAWRENCEVILLE M,U.S. Senate,,Republican,David A. Perdue (I),639
Gwinnett,LAWRENCEVILLE M,U.S. Senate,,Democrat,Jon Ossoff,1722
Gwinnett,BAYCREEK G,U.S. Senate,,Republican,David A. Perdue (I),455
Gwinnett,BAYCREEK G,U.S. Senate,,Democrat,Jon Ossoff,1780
Gwinnett,BAYCREEK H,U.S. Senate,,Republican,David A. Perdue (I),415
Gwinnett,BAYCREEK H,U.S. Senate,,Democrat,Jon Ossoff,1529
Gwinnett,BAYCREEK I,U.S. Senate,,Republican,David A. Perdue (I),415
Gwinnett,BAYCREEK I,U.S. Senate,,Democrat,Jon Ossoff,1299
Gwinnett,BERKSHIRE Q,U.S. Senate,,Republican,David A. Perdue (I),147
Gwinnett,BERKSHIRE Q,U.S. Senate,,Democrat,Jon Ossoff,286
Gwinnett,GOODWINS I,U.S. Senate,,Republican,David A. Perdue (I),208
Gwinnett,GOODWINS I,U.S. Senate,,Democrat,Jon Ossoff,431
Gwinnett,DULUTH K,U.S. Senate,,Republican,David A. Perdue (I),291
Gwinnett,DULUTH K,U.S. Senate,,Democrat,Jon Ossoff,429
Gwinnett,HARBINS C,U.S. Senate,,Republican,David A. Perdue (I),208
Gwinnett,HARBINS C,U.S. Senate,,Democrat,Jon Ossoff,533
Gwinnett,ROCKYCREEK C,U.S. Senate,,Republican,David A. Perdue (I),300
Gwinnett,ROCKYCREEK C,U.S. Senate,,Democrat,Jon Ossoff,870
Gwinnett,LAWRENCEVILLE N,U.S. Senate,,Republican,David A. Perdue (I),247
Gwinnett,LAWRENCEVILLE N,U.S. Senate,,Democrat,Jon Ossoff,395
Gwinnett,PUCKETTS D,U.S. Senate,,Republican,David A. Perdue (I),188
Gwinnett,PUCKETTS D,U.S. Senate,,Democrat,Jon Ossoff,460
Gwinnett,SUWANEE G,U.S. Senate,,Republican,David A. Perdue (I),343
Gwinnett,SUWANEE G,U.S. Senate,,Democrat,Jon Ossoff,642
Gwinnett,BAYCREEK J,U.S. Senate,,Republican,David A. Perdue (I),409
Gwinnett,BAYCREEK J,U.S. Senate,,Democrat,Jon Ossoff,1126
Gwinnett,HARBINS A,U.S. Senate (Special),,Republican,Kelly Loeffler (I),398
Gwinnett,HARBINS A,U.S. Senate (Special),,Democrat,Raphael Warnock,1438
Gwinnett,ROCKBRIDGE A,U.S. Senate (Special),,Republican,Kelly Loeffler (I),370
Gwinnett,ROCKBRIDGE A,U.S. Senate (Special),,Democrat,Raphael Warnock,1114
Gwinnett,DACULA,U.S. Senate (Special),,Republican,Kelly Loeffler (I),337
Gwinnett,DACULA,U.S. Senate (Special),,Democrat,Raphael Warnock,944
Gwinnett,SUWANEE A,U.S. Senate (Special),,Republican,Kelly Loeffler (I),148
Gwinnett,SUWANEE A,U.S. Senate (Special),,Democrat,Raphael Warnock,259
Gwinnett,BAYCREEK A,U.S. Senate (Special),,Republican,Kelly Loeffler (I),174
Gwinnett,BAYCREEK A,U.S. Senate (Special),,Democrat,Raphael Warnock,484
Gwinnett,GOODWINS A,U.S. Senate (Special),,Republican,Kelly Loeffler (I),364
Gwinnett,GOODWINS A,U.S. Senate (Special),,Democrat,Raphael Warnock,707
Gwinnett,DULUTH A,U.S. Senate (Special),,Republican,Kelly Loeffler (I),324
Gwinnett,DULUTH A,U.S. Senate (Special),,Democrat,Raphael Warnock,883
Gwinnett,DUNCANS A,U.S. Senate (Special),,Republican,Kelly Loeffler (I),215
Gwinnett,DUNCANS A,U.S. Senate (Special),,Democrat,Raphael Warnock,621
Gwinnett,PUCKETTS A,U.S. Senate (Special),,Republican,Kelly Loeffler (I),232
Gwinnett,PUCKETTS A,U.S. Senate (Special),,Democrat,Raphael Warnock,744
Gwinnett,CATES A,U.S. Senate (Special),,Republican,Kelly Loeffler (I),142
Gwinnett,CATES A,U.S. Senate (Special),,Democrat,Raphael Warnock,321
Gwinnett,BERKSHIRE A,U.S. Senate (Special),,Republican,Kelly Loeffler (I),278
Gwinnett,BERKSHIRE A,U.S. Senate (Special),,Democrat,Raphael Warnock,392
Gwinnett,BERKSHIRE B,U.S. Senate (Special),,Republican,Kelly Loeffler (I),428
Gwinnett,BERKSHIRE B,U.S. Senate (Special),,Democrat,Raphael Warnock,1261
Gwinnett,DUNCANS C,U.S. Senate (Special),,Republican,Kelly Loeffler (I),142
Gwinnett,DUNCANS C,U.S. Senate (Special),,Democrat,Raphael Warnock,388
Gwinnett,GARNERS A,U.S. Senate (Special),,Republican,Kelly Loeffler (I),208
Gwinnett,GARNERS A,U.S. Senate (Special),,Democrat,Raphael Warnock,642
Gwinnett,LAWRENCEVILLE A,U.S. Senate (Special),,Republican,Kelly Loeffler (I),251
Gwinnett,LAWRENCEVILLE A,U.S. Senate (Special),,Democrat,Raphael Warnock,528
Gwinnett,LAWRENCEVILLE B,U.S. Senate (Special),,Republican,Kelly Loeffler (I),314
Gwinnett,LAWRENCEVILLE B,U.S. Senate (Special),,Democrat,Raphael Warnock,1376
Gwinnett,MARTINS A,U.S. Senate (Special),,Republican,Kelly Loeffler (I),381
Gwinnett,MARTINS A,U.S. Senate (Special),,Democrat,Raphael Warnock,632
Gwinnett,MARTINS B,U.S. Senate (Special),,Republican,Kelly Loeffler (I),317
Gwinnett,MARTINS B,U.S. Senate (Special),,Democrat,Raphael Warnock,518
Gwinnett,MARTINS C,U.S. Senate (Special),,Republican,Kelly Loeffler (I),262
Gwinnett,MARTINS C,U.S. Senate (Special),,Democrat,Raphael Warnock,414
Gwinnett,PINCKNEYVILLE A,U.S. Senate (Special),,Republican,Kelly Loeffler (I),339
Gwinnett,PINCKNEYVILLE A,U.S. Senate (Special),,Democrat,Raphael Warnock,505
Gwinnett,PINCKNEYVILLE B,U.S. Senate (Special),,Republican,Kelly Loeffler (I),335
Gwinnett,PINCKNEYVILLE B,U.S. Senate (Special),,Democrat,Raphael Warnock,664
Gwinnett,PINCKNEYVILLE C,U.S. Senate (Special),,Republican,Kelly Loeffler (I),177
Gwinnett,PINCKNEYVILLE C,U.S. Senate (Special),,Democrat,Raphael Warnock,270
Gwinnett,PINCKNEYVILLE D,U.S. Senate (Special),,Republican,Kelly Loeffler (I),283
Gwinnett,PINCKNEYVILLE D,U.S. Senate (Special),,Democrat,Raphael Warnock,360
Gwinnett,SUGAR HILL A,U.S. Senate (Special),,Republican,Kelly Loeffler (I),296
Gwinnett,SUGAR HILL A,U.S. Senate (Special),,Democrat,Raphael Warnock,535
Gwinnett,SUGAR HILL B,U.S. Senate (Special),,Republican,Kelly Loeffler (I),447
Gwinnett,SUGAR HILL B,U.S. Senate (Special),,Democrat,Raphael Warnock,722
Gwinnett,HOG MOUNTAIN A,U.S. Senate (Special),,Republican,Kelly Loeffler (I),447
Gwinnett,HOG MOUNTAIN A,U.S. Senate (Special),,Democrat,Raphael Warnock,854
Gwinnett,HOG MOUNTAIN B,U.S. Senate (Special),,Republican,Kelly Loeffler (I),243
Gwinnett,HOG MOUNTAIN B,U.S. Senate (Special),,Democrat,Raphael Warnock,665
Gwinnett,ROCKYCREEK A,U.S. Senate (Special),,Republican,Kelly Loeffler (I),395
Gwinnett,ROCKYCREEK A,U.S. Senate (Special),,Democrat,Raphael Warnock,957
Gwinnett,CATES B,U.S. Senate (Special),,Republican,Kelly Loeffler (I),93
Gwinnett,CATES B,U.S. Senate (Special),,Democrat,Raphael Warnock,198
Gwinnett,CATES C,U.S. Senate (Special),,Republican,Kelly Loeffler (I),282
Gwinnett,CATES C,U.S. Senate (Special),,Democrat,Raphael Warnock,684
Gwinnett,HOG MOUNTAIN D,U.S. Senate (Special),,Republican,Kelly Loeffler (I),202
Gwinnett,HOG MOUNTAIN D,U.S. Senate (Special),,Democrat,Raphael Warnock,408
Gwinnett,BERKSHIRE D,U.S. Senate (Special),,Republican,Kelly Loeffler (I),188
Gwinnett,BERKSHIRE D,U.S. Senate (Special),,Democrat,Raphael Warnock,569
Gwinnett,BERKSHIRE E,U.S. Senate (Special),,Republican,Kelly Loeffler (I),108
Gwinnett,BERKSHIRE E,U.S. Senate (Special),,Democrat,Raphael Warnock,358
Gwinnett,BERKSHIRE F,U.S. Senate (Special),,Republican,Kelly Loeffler (I),233
Gwinnett,BERKSHIRE F,U.S. Senate (Special),,Democrat,Raphael Warnock,339
Gwinnett,CATES D,U.S. Senate (Special),,Republican,Kelly Loeffler (I),285
Gwinnett,CATES D,U.S. Senate (Special),,Democrat,Raphael Warnock,756
Gwinnett,CATES E,U.S. Senate (Special),,Republican,Kelly Loeffler (I),206
Gwinnett,CATES E,U.S. Senate (Special),,Democrat,Raphael Warnock,541
Gwinnett,PINCKNEYVILLE E,U.S. Senate (Special),,Republican,Kelly Loeffler (I),303
Gwinnett,PINCKNEYVILLE E,U.S. Senate (Special),,Democrat,Raphael Warnock,341
Gwinnett,PINCKNEYVILLE F,U.S. Senate (Special),,Republican,Kelly Loeffler (I),317
Gwinnett,PINCKNEYVILLE F,U.S. Senate (Special),,Democrat,Raphael Warnock,355
Gwinnett,DUNCANS D,U.S. Senate (Special),,Republican,Kelly Loeffler (I),376
Gwinnett,DUNCANS D,U.S. Senate (Special),,Democrat,Raphael Warnock,772
Gwinnett,PINCKNEYVILLE H,U.S. Senate (Special),,Republican,Kelly Loeffler (I),335
Gwinnett,PINCKNEYVILLE H,U.S. Senate (Special),,Democrat,Raphael Warnock,747
Gwinnett,BAYCREEK B,U.S. Senate (Special),,Republican,Kelly Loeffler (I),636
Gwinnett,BAYCREEK B,U.S. Senate (Special),,Democrat,Raphael Warnock,1455
Gwinnett,LAWRENCEVILLE C,U.S. Senate (Special),,Republican,Kelly Loeffler (I),222
Gwinnett,LAWRENCEVILLE C,U.S. Senate (Special),,Democrat,Raphael Warnock,382
Gwinnett,MARTINS D,U.S. Senate (Special),,Republican,Kelly Loeffler (I),288
Gwinnett,MARTINS D,U.S. Senate (Special),,Democrat,Raphael Warnock,379
Gwinnett,ROCKBRIDGE B,U.S. Senate (Special),,Republican,Kelly Loeffler (I),406
Gwinnett,ROCKBRIDGE B,U.S. Senate (Special),,Democrat,Raphael Warnock,1032
Gwinnett,GARNERS B,U.S. Senate (Special),,Republican,Kelly Loeffler (I),239
Gwinnett,GARNERS B,U.S. Senate (Special),,Democrat,Raphael Warnock,785
Gwinnett,CATES F,U.S. Senate (Special),,Republican,Kelly Loeffler (I),120
Gwinnett,CATES F,U.S. Senate (Special),,Democrat,Raphael Warnock,270
Gwinnett,CATES G,U.S. Senate (Special),,Republican,Kelly Loeffler (I),191
Gwinnett,CATES G,U.S. Senate (Special),,Democrat,Raphael Warnock,480
Gwinnett,DULUTH B,U.S. Senate (Special),,Republican,Kelly Loeffler (I),249
Gwinnett,DULUTH B,U.S. Senate (Special),,Democrat,Raphael Warnock,483
Gwinnett,GARNERS C,U.S. Senate (Special),,Republican,Kelly Loeffler (I),178
Gwinnett,GARNERS C,U.S. Senate (Special),,Democrat,Raphael Warnock,385
Gwinnett,PINCKNEYVILLE I,U.S. Senate (Special),,Republican,Kelly Loeffler (I),280
Gwinnett,PINCKNEYVILLE I,U.S. Senate (Special),,Democrat,Raphael Warnock,450
Gwinnett,PINCKNEYVILLE J,U.S. Senate (Special),,Republican,Kelly Loeffler (I),295
Gwinnett,PINCKNEYVILLE J,U.S. Senate (Special),,Democrat,Raphael Warnock,523
Gwinnett,BERKSHIRE G,U.S. Senate (Special),,Republican,Kelly Loeffler (I),175
Gwinnett,BERKSHIRE G,U.S. Senate (Special),,Democrat,Raphael Warnock,468
Gwinnett,CATES H,U.S. Senate (Special),,Republican,Kelly Loeffler (I),393
Gwinnett,CATES H,U.S. Senate (Special),,Democrat,Raphael Warnock,837
Gwinnett,SUGAR HILL C,U.S. Senate (Special),,Republican,Kelly Loeffler (I),298
Gwinnett,SUGAR HILL C,U.S. Senate (Special),,Democrat,Raphael Warnock,635
Gwinnett,SUGAR HILL D,U.S. Senate (Special),,Republican,Kelly Loeffler (I),244
Gwinnett,SUGAR HILL D,U.S. Senate (Special),,Democrat,Raphael Warnock,633
Gwinnett,DULUTH C,U.S. Senate (Special),,Republican,Kelly Loeffler (I),194
Gwinnett,DULUTH C,U.S. Senate (Special),,Democrat,Raphael Warnock,319
Gwinnett,DULUTH D,U.S. Senate (Special),,Republican,Kelly Loeffler (I),354
Gwinnett,DULUTH D,U.S. Senate (Special),,Democrat,Raphael Warnock,925
Gwinnett,PINCKNEYVILLE K,U.S. Senate (Special),,Republican,Kelly Loeffler (I),420
Gwinnett,PINCKNEYVILLE K,U.S. Senate (Special),,Democrat,Raphael Warnock,670
Gwinnett,PINCKNEYVILLE N,U.S. Senate (Special),,Republican,Kelly Loeffler (I),559
Gwinnett,PINCKNEYVILLE N,U.S. Senate (Special),,Democrat,Raphael Warnock,739
Gwinnett,LAWRENCEVILLE D,U.S. Senate (Special),,Republican,Kelly Loeffler (I),465
Gwinnett,LAWRENCEVILLE D,U.S. Senate (Special),,Democrat,Raphael Warnock,912
Gwinnett,LAWRENCEVILLE E,U.S. Senate (Special),,Republican,Kelly Loeffler (I),195
Gwinnett,LAWRENCEVILLE E,U.S. Senate (Special),,Democrat,Raphael Warnock,327
Gwinnett,PINCKNEYVILLE L,U.S. Senate (Special),,Republican,Kelly Loeffler (I),157
Gwinnett,PINCKNEYVILLE L,U.S. Senate (Special),,Democrat,Raphael Warnock,247
Gwinnett,PINCKNEYVILLE M,U.S. Senate (Special),,Republican,Kelly Loeffler (I),150
Gwinnett,PINCKNEYVILLE M,U.S. Senate (Special),,Democrat,Raphael Warnock,287
Gwinnett,GARNERS D,U.S. Senate (Special),,Republican,Kelly Loeffler (I),316
Gwinnett,GARNERS D,U.S. Senate (Special),,Democrat,Raphael Warnock,856
Gwinnett,BERKSHIRE H,U.S. Senate (Special),,Republican,Kelly Loeffler (I),195
Gwinnett,BERKSHIRE H,U.S. Senate (Special),,Democrat,Raphael Warnock,328
Gwinnett,PINCKNEYVILLE O,U.S. Senate (Special),,Republican,Kelly Loeffler (I),318
Gwinnett,PINCKNEYVILLE O,U.S. Senate (Special),,Democrat,Raphael Warnock,679
Gwinnett,PUCKETTS E,U.S. Senate (Special),,Republican,Kelly Loeffler (I),333
Gwinnett,PUCKETTS E,U.S. Senate (Special),,Democrat,Raphael Warnock,940
Gwinnett,CATES I,U.S. Senate (Special),,Republican,Kelly Loeffler (I),250
Gwinnett,CATES I,U.S. Senate (Special),,Democrat,Raphael Warnock,750
Gwinnett,CATES J,U.S. Senate (Special),,Republican,Kelly Loeffler (I),307
Gwinnett,CATES J,U.S. Senate (Special),,Democrat,Raphael Warnock,728
Gwinnett,GOODWINS B,U.S. Senate (Special),,Republican,Kelly Loeffler (I),301
Gwinnett,GOODWINS B,U.S. Senate (Special),,Democrat,Raphael Warnock,527
Gwinnett,LAWRENCEVILLE F,U.S. Senate (Special),,Republican,Kelly Loeffler (I),362
Gwinnett,LAWRENCEVILLE F,U.S. Senate (Special),,Democrat,Raphael Warnock,1014
Gwinnett,MARTINS E,U.S. Senate (Special),,Republican,Kelly Loeffler (I),661
Gwinnett,MARTINS E,U.S. Senate (Special),,Democrat,Raphael Warnock,1088
Gwinnett,PINCKNEYVILLE P,U.S. Senate (Special),,Republican,Kelly Loeffler (I),243
Gwinnett,PINCKNEYVILLE P,U.S. Senate (Special),,Democrat,Raphael Warnock,292
Gwinnett,PINCKNEYVILLE Q,U.S. Senate (Special),,Republican,Kelly Loeffler (I),333
Gwinnett,PINCKNEYVILLE Q,U.S. Senate (Special),,Democrat,Raphael Warnock,340
Gwinnett,ROCKBRIDGE C,U.S. Senate (Special),,Republican,Kelly Loeffler (I),433
Gwinnett,ROCKBRIDGE C,U.S. Senate (Special),,Democrat,Raphael Warnock,1636
Gwinnett,ROCKBRIDGE D,U.S. Senate (Special),,Republican,Kelly Loeffler (I),281
Gwinnett,ROCKBRIDGE D,U.S. Senate (Special),,Democrat,Raphael Warnock,1071
Gwinnett,GOODWINS C,U.S. Senate (Special),,Republican,Kelly Loeffler (I),497
Gwinnett,GOODWINS C,U.S. Senate (Special),,Democrat,Raphael Warnock,1051
Gwinnett,BAYCREEK K,U.S. Senate (Special),,Republican,Kelly Loeffler (I),256
Gwinnett,BAYCREEK K,U.S. Senate (Special),,Democrat,Raphael Warnock,872
Gwinnett,CATES K,U.S. Senate (Special),,Republican,Kelly Loeffler (I),211
Gwinnett,CATES K,U.S. Senate (Special),,Democrat,Raphael Warnock,493
Gwinnett,BAYCREEK C,U.S. Senate (Special),,Republican,Kelly Loeffler (I),496
Gwinnett,BAYCREEK C,U.S. Senate (Special),,Democrat,Raphael Warnock,1586
Gwinnett,CATES L,U.S. Senate (Special),,Republican,Kelly Loeffler (I),343
Gwinnett,CATES L,U.S. Senate (Special),,Democrat,Raphael Warnock,867
Gwinnett,DULUTH E,U.S. Senate (Special),,Republican,Kelly Loeffler (I),444
Gwinnett,DULUTH E,U.S. Senate (Special),,Democrat,Raphael Warnock,1010
Gwinnett,GOODWINS D,U.S. Senate (Special),,Republican,Kelly Loeffler (I),367
Gwinnett,GOODWINS D,U.S. Senate (Special),,Democrat,Raphael Warnock,633
Gwinnett,LAWRENCEVILLE G,U.S. Senate (Special),,Republican,Kelly Loeffler (I),310
Gwinnett,LAWRENCEVILLE G,U.S. Senate (Special),,Democrat,Raphael Warnock,655
Gwinnett,LAWRENCEVILLE H,U.S. Senate (Special),,Republican,Kelly Loeffler (I),309
Gwinnett,LAWRENCEVILLE H,U.S. Senate (Special),,Democrat,Raphael Warnock,670
Gwinnett,MARTINS F,U.S. Senate (Special),,Republican,Kelly Loeffler (I),258
Gwinnett,MARTINS F,U.S. Senate (Special),,Democrat,Raphael Warnock,421
Gwinnett,PINCKNEYVILLE S,U.S. Senate (Special),,Republican,Kelly Loeffler (I),345
Gwinnett,PINCKNEYVILLE S,U.S. Senate (Special),,Democrat,Raphael Warnock,522
Gwinnett,ROCKBRIDGE E,U.S. Senate (Special),,Republican,Kelly Loeffler (I),494
Gwinnett,ROCKBRIDGE E,U.S. Senate (Special),,Democrat,Raphael Warnock,1040
Gwinnett,SUGAR HILL E,U.S. Senate (Special),,Republican,Kelly Loeffler (I),259
Gwinnett,SUGAR HILL E,U.S. Senate (Special),,Democrat,Raphael Warnock,534
Gwinnett,LAWRENCEVILLE I,U.S. Senate (Special),,Republican,Kelly Loeffler (I),331
Gwinnett,LAWRENCEVILLE I,U.S. Senate (Special),,Democrat,Raphael Warnock,527
Gwinnett,BAYCREEK D,U.S. Senate (Special),,Republican,Kelly Loeffler (I),298
Gwinnett,BAYCREEK D,U.S. Senate (Special),,Democrat,Raphael Warnock,944
Gwinnett,BERKSHIRE J,U.S. Senate (Special),,Republican,Kelly Loeffler (I),173
Gwinnett,BERKSHIRE J,U.S. Senate (Special),,Democrat,Raphael Warnock,527
Gwinnett,CATES M,U.S. Senate (Special),,Republican,Kelly Loeffler (I),236
Gwinnett,CATES M,U.S. Senate (Special),,Democrat,Raphael Warnock,746
Gwinnett,CATES N,U.S. Senate (Special),,Republican,Kelly Loeffler (I),162
Gwinnett,CATES N,U.S. Senate (Special),,Democrat,Raphael Warnock,338
Gwinnett,DULUTH F,U.S. Senate (Special),,Republican,Kelly Loeffler (I),570
Gwinnett,DULUTH F,U.S. Senate (Special),,Democrat,Raphael Warnock,1114
Gwinnett,DULUTH G,U.S. Senate (Special),,Republican,Kelly Loeffler (I),210
Gwinnett,DULUTH G,U.S. Senate (Special),,Democrat,Raphael Warnock,401
Gwinnett,GOODWINS E,U.S. Senate (Special),,Republican,Kelly Loeffler (I),443
Gwinnett,GOODWINS E,U.S. Senate (Special),,Democrat,Raphael Warnock,939
Gwinnett,GOODWINS F,U.S. Senate (Special),,Republican,Kelly Loeffler (I),242
Gwinnett,GOODWINS F,U.S. Senate (Special),,Democrat,Raphael Warnock,507
Gwinnett,PINCKNEYVILLE T,U.S. Senate (Special),,Republican,Kelly Loeffler (I),286
Gwinnett,PINCKNEYVILLE T,U.S. Senate (Special),,Democrat,Raphael Warnock,470
Gwinnett,SUWANEE B,U.S. Senate (Special),,Republican,Kelly Loeffler (I),240
Gwinnett,SUWANEE B,U.S. Senate (Special),,Democrat,Raphael Warnock,842
Gwinnett,PINCKNEYVILLE U,U.S. Senate (Special),,Republican,Kelly Loeffler (I),261
Gwinnett,PINCKNEYVILLE U,U.S. Senate (Special),,Democrat,Raphael Warnock,323
Gwinnett,PUCKETTS B,U.S. Senate (Special),,Republican,Kelly Loeffler (I),156
Gwinnett,PUCKETTS B,U.S. Senate (Special),,Democrat,Raphael Warnock,425
Gwinnett,BERKSHIRE L,U.S. Senate (Special),,Republican,Kelly Loeffler (I),432
Gwinnett,BERKSHIRE L,U.S. Senate (Special),,Democrat,Raphael Warnock,562
Gwinnett,ROCKBRIDGE F,U.S. Senate (Special),,Republican,Kelly Loeffler (I),449
Gwinnett,ROCKBRIDGE F,U.S. Senate (Special),,Democrat,Raphael Warnock,1945
Gwinnett,SUGAR HILL F,U.S. Senate (Special),,Republican,Kelly Loeffler (I),344
Gwinnett,SUGAR HILL F,U.S. Senate (Special),,Democrat,Raphael Warnock,459
Gwinnett,SUWANEE C,U.S. Senate (Special),,Republican,Kelly Loeffler (I),380
Gwinnett,SUWANEE C,U.S. Senate (Special),,Democrat,Raphael Warnock,833
Gwinnett,CATES O,U.S. Senate (Special),,Republican,Kelly Loeffler (I),143
Gwinnett,CATES O,U.S. Senate (Special),,Democrat,Raphael Warnock,217
Gwinnett,BAYCREEK E,U.S. Senate (Special),,Republican,Kelly Loeffler (I),287
Gwinnett,BAYCREEK E,U.S. Senate (Special),,Democrat,Raphael Warnock,648
Gwinnett,BERKSHIRE M,U.S. Senate (Special),,Republican,Kelly Loeffler (I),164
Gwinnett,BERKSHIRE M,U.S. Senate (Special),,Democrat,Raphael Warnock,294
Gwinnett,MARTINS G,U.S. Senate (Special),,Republican,Kelly Loeffler (I),275
Gwinnett,MARTINS G,U.S. Senate (Special),,Democrat,Raphael Warnock,420
Gwinnett,DULUTH H,U.S. Senate (Special),,Republican,Kelly Loeffler (I),180
Gwinnett,DULUTH H,U.S. Senate (Special),,Democrat,Raphael Warnock,424
Gwinnett,BERKSHIRE N,U.S. Senate (Special),,Republican,Kelly Loeffler (I),150
Gwinnett,BERKSHIRE N,U.S. Senate (Special),,Democrat,Raphael Warnock,620
Gwinnett,PINCKNEYVILLE V,U.S. Senate (Special),,Republican,Kelly Loeffler (I),131
Gwinnett,PINCKNEYVILLE V,U.S. Senate (Special),,Democrat,Raphael Warnock,346
Gwinnett,PINCKNEYVILLE W,U.S. Senate (Special),,Republican,Kelly Loeffler (I),364
Gwinnett,PINCKNEYVILLE W,U.S. Senate (Special),,Democrat,Raphael Warnock,620
Gwinnett,MARTINS H,U.S. Senate (Special),,Republican,Kelly Loeffler (I),456
Gwinnett,MARTINS H,U.S. Senate (Special),,Democrat,Raphael Warnock,909
Gwinnett,MARTINS I,U.S. Senate (Special),,Republican,Kelly Loeffler (I),386
Gwinnett,MARTINS I,U.S. Senate (Special),,Democrat,Raphael Warnock,698
Gwinnett,MARTINS J,U.S. Senate (Special),,Republican,Kelly Loeffler (I),530
Gwinnett,MARTINS J,U.S. Senate (Special),,Democrat,Raphael Warnock,735
Gwinnett,GARNERS F,U.S. Senate (Special),,Republican,Kelly Loeffler (I),129
Gwinnett,GARNERS F,U.S. Senate (Special),,Democrat,Raphael Warnock,326
Gwinnett,BERKSHIRE O,U.S. Senate (Special),,Republican,Kelly Loeffler (I),169
Gwinnett,BERKSHIRE O,U.S. Senate (Special),,Democrat,Raphael Warnock,410
Gwinnett,BERKSHIRE P,U.S. Senate (Special),,Republican,Kelly Loeffler (I),175
Gwinnett,BERKSHIRE P,U.S. Senate (Special),,Democrat,Raphael Warnock,180
Gwinnett,PINCKNEYVILLE X,U.S. Senate (Special),,Republican,Kelly Loeffler (I),218
Gwinnett,PINCKNEYVILLE X,U.S. Senate (Special),,Democrat,Raphael Warnock,573
Gwinnett,ROCKBRIDGE G,U.S. Senate (Special),,Republican,Kelly Loeffler (I),536
Gwinnett,ROCKBRIDGE G,U.S. Senate (Special),,Democrat,Raphael Warnock,1573
Gwinnett,PINCKNEYVILLE Y,U.S. Senate (Special),,Republican,Kelly Loeffler (I),373
Gwinnett,PINCKNEYVILLE Y,U.S. Senate (Special),,Democrat,Raphael Warnock,550
Gwinnett,GOODWINS G,U.S. Senate (Special),,Republican,Kelly Loeffler (I),314
Gwinnett,GOODWINS G,U.S. Senate (Special),,Democrat,Raphael Warnock,475
Gwinnett,PINCKNEYVILLE Z,U.S. Senate (Special),,Republican,Kelly Loeffler (I),162
Gwinnett,PINCKNEYVILLE Z,U.S. Senate (Special),,Democrat,Raphael Warnock,204
Gwinnett,PINCKNEYVILLE A1,U.S. Senate (Special),,Republican,Kelly Loeffler (I),149
Gwinnett,PINCKNEYVILLE A1,U.S. Senate (Special),,Democrat,Raphael Warnock,295
Gwinnett,LAWRENCEVILLE J,U.S. Senate (Special),,Republican,Kelly Loeffler (I),214
Gwinnett,LAWRENCEVILLE J,U.S. Senate (Special),,Democrat,Raphael Warnock,501
Gwinnett,GOODWINS H,U.S. Senate (Special),,Republican,Kelly Loeffler (I),239
Gwinnett,GOODWINS H,U.S. Senate (Special),,Democrat,Raphael Warnock,467
Gwinnett,DUNCANS B,U.S. Senate (Special),,Republican,Kelly Loeffler (I),333
Gwinnett,DUNCANS B,U.S. Senate (Special),,Democrat,Raphael Warnock,640
Gwinnett,SUWANEE D,U.S. Senate (Special),,Republican,Kelly Loeffler (I),286
Gwinnett,SUWANEE D,U.S. Senate (Special),,Democrat,Raphael Warnock,630
Gwinnett,SUWANEE E,U.S. Senate (Special),,Republican,Kelly Loeffler (I),258
Gwinnett,SUWANEE E,U.S. Senate (Special),,Democrat,Raphael Warnock,672
Gwinnett,LAWRENCEVILLE K,U.S. Senate (Special),,Republican,Kelly Loeffler (I),220
Gwinnett,LAWRENCEVILLE K,U.S. Senate (Special),,Democrat,Raphael Warnock,569
Gwinnett,HARBINS B,U.S. Senate (Special),,Republican,Kelly Loeffler (I),278
Gwinnett,HARBINS B,U.S. Senate (Special),,Democrat,Raphael Warnock,752
Gwinnett,BAYCREEK F,U.S. Senate (Special),,Republican,Kelly Loeffler (I),430
Gwinnett,BAYCREEK F,U.S. Senate (Special),,Democrat,Raphael Warnock,1236
Gwinnett,PUCKETTS C,U.S. Senate (Special),,Republican,Kelly Loeffler (I),191
Gwinnett,PUCKETTS C,U.S. Senate (Special),,Democrat,Raphael Warnock,436
Gwinnett,HOG MOUNTAIN C,U.S. Senate (Special),,Republican,Kelly Loeffler (I),274
Gwinnett,HOG MOUNTAIN C,U.S. Senate (Special),,Democrat,Raphael Warnock,580
Gwinnett,ROCKYCREEK B,U.S. Senate (Special),,Republican,Kelly Loeffler (I),309
Gwinnett,ROCKYCREEK B,U.S. Senate (Special),,Democrat,Raphael Warnock,794
Gwinnett,DULUTH I,U.S. Senate (Special),,Republican,Kelly Loeffler (I),285
Gwinnett,DULUTH I,U.S. Senate (Special),,Democrat,Raphael Warnock,686
Gwinnett,MARTINS K,U.S. Senate (Special),,Republican,Kelly Loeffler (I),586
Gwinnett,MARTINS K,U.S. Senate (Special),,Democrat,Raphael Warnock,1174
Gwinnett,SUWANEE H,U.S. Senate (Special),,Republican,Kelly Loeffler (I),204
Gwinnett,SUWANEE H,U.S. Senate (Special),,Democrat,Raphael Warnock,474
Gwinnett,SUGAR HILL G,U.S. Senate (Special),,Republican,Kelly Loeffler (I),119
Gwinnett,SUGAR HILL G,U.S. Senate (Special),,Democrat,Raphael Warnock,321
Gwinnett,SUWANEE F,U.S. Senate (Special),,Republican,Kelly Loeffler (I),264
Gwinnett,SUWANEE F,U.S. Senate (Special),,Democrat,Raphael Warnock,676
Gwinnett,LAWRENCEVILLE L,U.S. Senate (Special),,Republican,Kelly Loeffler (I),357
Gwinnett,LAWRENCEVILLE L,U.S. Senate (Special),,Democrat,Raphael Warnock,1052
Gwinnett,LAWRENCEVILLE M,U.S. Senate (Special),,Republican,Kelly Loeffler (I),640
Gwinnett,LAWRENCEVILLE M,U.S. Senate (Special),,Democrat,Raphael Warnock,1732
Gwinnett,BAYCREEK G,U.S. Senate (Special),,Republican,Kelly Loeffler (I),461
Gwinnett,BAYCREEK G,U.S. Senate (Special),,Democrat,Raphael Warnock,1785
Gwinnett,BAYCREEK H,U.S. Senate (Special),,Republican,Kelly Loeffler (I),419
Gwinnett,BAYCREEK H,U.S. Senate (Special),,Democrat,Raphael Warnock,1531
Gwinnett,BAYCREEK I,U.S. Senate (Special),,Republican,Kelly Loeffler (I),420
Gwinnett,BAYCREEK I,U.S. Senate (Special),,Democrat,Raphael Warnock,1299
Gwinnett,BERKSHIRE Q,U.S. Senate (Special),,Republican,Kelly Loeffler (I),150
Gwinnett,BERKSHIRE Q,U.S. Senate (Special),,Democrat,Raphael Warnock,286
Gwinnett,GOODWINS I,U.S. Senate (Special),,Republican,Kelly Loeffler (I),210
Gwinnett,GOODWINS I,U.S. Senate (Special),,Democrat,Raphael Warnock,433
Gwinnett,DULUTH K,U.S. Senate (Special),,Republican,Kelly Loeffler (I),295
Gwinnett,DULUTH K,U.S. Senate (Special),,Democrat,Raphael Warnock,428
Gwinnett,HARBINS C,U.S. Senate (Special),,Republican,Kelly Loeffler (I),213
Gwinnett,HARBINS C,U.S. Senate (Special),,Democrat,Raphael Warnock,535
Gwinnett,ROCKYCREEK C,U.S. Senate (Special),,Republican,Kelly Loeffler (I),304
Gwinnett,ROCKYCREEK C,U.S. Senate (Special),,Democrat,Raphael Warnock,874
Gwinnett,LAWRENCEVILLE N,U.S. Senate (Special),,Republican,Kelly Loeffler (I),251
Gwinnett,LAWRENCEVILLE N,U.S. Senate (Special),,Democrat,Raphael Warnock,399
Gwinnett,PUCKETTS D,U.S. Senate (Special),,Republican,Kelly Loeffler (I),192
Gwinnett,PUCKETTS D,U.S. Senate (Special),,Democrat,Raphael Warnock,463
Gwinnett,SUWANEE G,U.S. Senate (Special),,Republican,Kelly Loeffler (I),347
Gwinnett,SUWANEE G,U.S. Senate (Special),,Democrat,Raphael Warnock,648
Gwinnett,BAYCREEK J,U.S. Senate (Special),,Republican,Kelly Loeffler (I),410
Gwinnett,BAYCREEK J,U.S. Senate (Special),,Democrat,Raphael Warnock,1129
Habersham,Habersham North,U.S. Senate,,Republican,David A. Perdue (I),136
Habersham,Habersham North,U.S. Senate,,Democrat,Jon Ossoff,531
Habersham,Habersham South,U.S. Senate,,Republican,David A. Perdue (I),179
Habersham,Habersham South,U.S. Senate,,Democrat,Jon Ossoff,351
Habersham,Demorest,U.S. Senate,,Republican,David A. Perdue (I),108
Habersham,Demorest,U.S. Senate,,Democrat,Jon Ossoff,206
Habersham,Town of Mt Airy,U.S. Senate,,Republican,David A. Perdue (I),23
Habersham,Town of Mt Airy,U.S. Senate,,Democrat,Jon Ossoff,40
Habersham,City of Baldwin,U.S. Senate,,Republican,David A. Perdue (I),49
Habersham,City of Baldwin,U.S. Senate,,Democrat,Jon Ossoff,51
Habersham,Mud Creek,U.S. Senate,,Republican,David A. Perdue (I),74
Habersham,Mud Creek,U.S. Senate,,Democrat,Jon Ossoff,174
Habersham,Amys Creek,U.S. Senate,,Republican,David A. Perdue (I),28
Habersham,Amys Creek,U.S. Senate,,Democrat,Jon Ossoff,95
Habersham,Habersham North,U.S. Senate (Special),,Republican,Kelly Loeffler (I),146
Habersham,Habersham North,U.S. Senate (Special),,Democrat,Raphael Warnock,548
Habersham,Habersham South,U.S. Senate (Special),,Republican,Kelly Loeffler (I),184
Habersham,Habersham South,U.S. Senate (Special),,Democrat,Raphael Warnock,367
Habersham,Demorest,U.S. Senate (Special),,Republican,Kelly Loeffler (I),112
Habersham,Demorest,U.S. Senate (Special),,Democrat,Raphael Warnock,211
Habersham,Town of Mt Airy,U.S. Senate (Special),,Republican,Kelly Loeffler (I),25
Habersham,Town of Mt Airy,U.S. Senate (Special),,Democrat,Raphael Warnock,41
Habersham,City of Baldwin,U.S. Senate (Special),,Republican,Kelly Loeffler (I),49
Habersham,City of Baldwin,U.S. Senate (Special),,Democrat,Raphael Warnock,51
Habersham,Mud Creek,U.S. Senate (Special),,Republican,Kelly Loeffler (I),75
Habersham,Mud Creek,U.S. Senate (Special),,Democrat,Raphael Warnock,174
Habersham,Amys Creek,U.S. Senate (Special),,Republican,Kelly Loeffler (I),30
Habersham,Amys Creek,U.S. Senate (Special),,Democrat,Raphael Warnock,95
Hall,Wilson,U.S. Senate,,Republican,David A. Perdue (I),228
Hall,Wilson,U.S. Senate,,Democrat,Jon Ossoff,309
Hall,Chicopee,U.S. Senate,,Republican,David A. Perdue (I),252
Hall,Chicopee,U.S. Senate,,Democrat,Jon Ossoff,342
Hall,Oakwood I,U.S. Senate,,Republican,David A. Perdue (I),240
Hall,Oakwood I,U.S. Senate,,Democrat,Jon Ossoff,196
Hall,Oakwood II,U.S. Senate,,Republican,David A. Perdue (I),194
Hall,Oakwood II,U.S. Senate,,Democrat,Jon Ossoff,207
Hall,Flowery Branch I,U.S. Senate,,Republican,David A. Perdue (I),173
Hall,Flowery Branch I,U.S. Senate,,Democrat,Jon Ossoff,254
Hall,Flowery Branch II,U.S. Senate,,Republican,David A. Perdue (I),170
Hall,Flowery Branch II,U.S. Senate,,Democrat,Jon Ossoff,227
Hall,Roberts,U.S. Senate,,Republican,David A. Perdue (I),205
Hall,Roberts,U.S. Senate,,Democrat,Jon Ossoff,332
Hall,Morgan I,U.S. Senate,,Republican,David A. Perdue (I),149
Hall,Morgan I,U.S. Senate,,Democrat,Jon Ossoff,177
Hall,Morgan II,U.S. Senate,,Republican,David A. Perdue (I),254
Hall,Morgan II,U.S. Senate,,Democrat,Jon Ossoff,315
Hall,Candler,U.S. Senate,,Republican,David A. Perdue (I),349
Hall,Candler,U.S. Senate,,Democrat,Jon Ossoff,349
Hall,Tadmore,U.S. Senate,,Republican,David A. Perdue (I),467
Hall,Tadmore,U.S. Senate,,Democrat,Jon Ossoff,622
Hall,Glade,U.S. Senate,,Republican,David A. Perdue (I),125
Hall,Glade,U.S. Senate,,Democrat,Jon Ossoff,206
Hall,Lula,U.S. Senate,,Republican,David A. Perdue (I),77
Hall,Lula,U.S. Senate,,Democrat,Jon Ossoff,124
Hall,Clermont,U.S. Senate,,Republican,David A. Perdue (I),40
Hall,Clermont,U.S. Senate,,Democrat,Jon Ossoff,115
Hall,Quillians,U.S. Senate,,Republican,David A. Perdue (I),45
Hall,Quillians,U.S. Senate,,Democrat,Jon Ossoff,105
Hall,Bark Camp,U.S. Senate,,Republican,David A. Perdue (I),170
Hall,Bark Camp,U.S. Senate,,Democrat,Jon Ossoff,262
Hall,Chestatee,U.S. Senate,,Republican,David A. Perdue (I),122
Hall,Chestatee,U.S. Senate,,Democrat,Jon Ossoff,162
Hall,Fork,U.S. Senate,,Republican,David A. Perdue (I),106
Hall,Fork,U.S. Senate,,Democrat,Jon Ossoff,172
Hall,Whelchel,U.S. Senate,,Republican,David A. Perdue (I),117
Hall,Whelchel,U.S. Senate,,Democrat,Jon Ossoff,238
Hall,West Whelchel,U.S. Senate,,Republican,David A. Perdue (I),116
Hall,West Whelchel,U.S. Senate,,Democrat,Jon Ossoff,219
Hall,Gainesville I,U.S. Senate,,Republican,David A. Perdue (I),211
Hall,Gainesville I,U.S. Senate,,Democrat,Jon Ossoff,369
Hall,Gainesville II,U.S. Senate,,Republican,David A. Perdue (I),325
Hall,Gainesville II,U.S. Senate,,Democrat,Jon Ossoff,472
Hall,Gainesville III,U.S. Senate,,Republican,David A. Perdue (I),354
Hall,Gainesville III,U.S. Senate,,Democrat,Jon Ossoff,388
Hall,Gainesville IV,U.S. Senate,,Republican,David A. Perdue (I),165
Hall,Gainesville IV,U.S. Senate,,Democrat,Jon Ossoff,276
Hall,Gainesville V,U.S. Senate,,Republican,David A. Perdue (I),87
Hall,Gainesville V,U.S. Senate,,Democrat,Jon Ossoff,130
Hall,Gillsville,U.S. Senate,,Republican,David A. Perdue (I),29
Hall,Gillsville,U.S. Senate,,Democrat,Jon Ossoff,48
Hall,Big Hickory,U.S. Senate,,Republican,David A. Perdue (I),69
Hall,Big Hickory,U.S. Senate,,Democrat,Jon Ossoff,139
Hall,Friendship I,U.S. Senate,,Republican,David A. Perdue (I),239
Hall,Friendship I,U.S. Senate,,Democrat,Jon Ossoff,545
Hall,Friendship II,U.S. Senate,,Republican,David A. Perdue (I),146
Hall,Friendship II,U.S. Senate,,Democrat,Jon Ossoff,232
Hall,Friendship III,U.S. Senate,,Republican,David A. Perdue (I),215
Hall,Friendship III,U.S. Senate,,Democrat,Jon Ossoff,323
Hall,Friendship IV,U.S. Senate,,Republican,David A. Perdue (I),146
Hall,Friendship IV,U.S. Senate,,Democrat,Jon Ossoff,372
Hall,Wilson,U.S. Senate (Special),,Republican,Kelly Loeffler (I),241
Hall,Wilson,U.S. Senate (Special),,Democrat,Raphael Warnock,311
Hall,Chicopee,U.S. Senate (Special),,Republican,Kelly Loeffler (I),251
Hall,Chicopee,U.S. Senate (Special),,Democrat,Raphael Warnock,349
Hall,Oakwood I,U.S. Senate (Special),,Republican,Kelly Loeffler (I),241
Hall,Oakwood I,U.S. Senate (Special),,Democrat,Raphael Warnock,198
Hall,Oakwood II,U.S. Senate (Special),,Republican,Kelly Loeffler (I),202
Hall,Oakwood II,U.S. Senate (Special),,Democrat,Raphael Warnock,213
Hall,Flowery Branch I,U.S. Senate (Special),,Republican,Kelly Loeffler (I),176
Hall,Flowery Branch I,U.S. Senate (Special),,Democrat,Raphael Warnock,264
Hall,Flowery Branch II,U.S. Senate (Special),,Republican,Kelly Loeffler (I),178
Hall,Flowery Branch II,U.S. Senate (Special),,Democrat,Raphael Warnock,231
Hall,Roberts,U.S. Senate (Special),,Republican,Kelly Loeffler (I),207
Hall,Roberts,U.S. Senate (Special),,Democrat,Raphael Warnock,339
Hall,Morgan I,U.S. Senate (Special),,Republican,Kelly Loeffler (I),156
Hall,Morgan I,U.S. Senate (Special),,Democrat,Raphael Warnock,181
Hall,Morgan II,U.S. Senate (Special),,Republican,Kelly Loeffler (I),258
Hall,Morgan II,U.S. Senate (Special),,Democrat,Raphael Warnock,319
Hall,Candler,U.S. Senate (Special),,Republican,Kelly Loeffler (I),348
Hall,Candler,U.S. Senate (Special),,Democrat,Raphael Warnock,353
Hall,Tadmore,U.S. Senate (Special),,Republican,Kelly Loeffler (I),473
Hall,Tadmore,U.S. Senate (Special),,Democrat,Raphael Warnock,616
Hall,Glade,U.S. Senate (Special),,Republican,Kelly Loeffler (I),129
Hall,Glade,U.S. Senate (Special),,Democrat,Raphael Warnock,210
Hall,Lula,U.S. Senate (Special),,Republican,Kelly Loeffler (I),75
Hall,Lula,U.S. Senate (Special),,Democrat,Raphael Warnock,124
Hall,Clermont,U.S. Senate (Special),,Republican,Kelly Loeffler (I),48
Hall,Clermont,U.S. Senate (Special),,Democrat,Raphael Warnock,119
Hall,Quillians,U.S. Senate (Special),,Republican,Kelly Loeffler (I),49
Hall,Quillians,U.S. Senate (Special),,Democrat,Raphael Warnock,108
Hall,Bark Camp,U.S. Senate (Special),,Republican,Kelly Loeffler (I),171
Hall,Bark Camp,U.S. Senate (Special),,Democrat,Raphael Warnock,267
Hall,Chestatee,U.S. Senate (Special),,Republican,Kelly Loeffler (I),131
Hall,Chestatee,U.S. Senate (Special),,Democrat,Raphael Warnock,173
Hall,Fork,U.S. Senate (Special),,Republican,Kelly Loeffler (I),101
Hall,Fork,U.S. Senate (Special),,Democrat,Raphael Warnock,177
Hall,Whelchel,U.S. Senate (Special),,Republican,Kelly Loeffler (I),120
Hall,Whelchel,U.S. Senate (Special),,Democrat,Raphael Warnock,245
Hall,West Whelchel,U.S. Senate (Special),,Republican,Kelly Loeffler (I),119
Hall,West Whelchel,U.S. Senate (Special),,Democrat,Raphael Warnock,226
Hall,Gainesville I,U.S. Senate (Special),,Republican,Kelly Loeffler (I),218
Hall,Gainesville I,U.S. Senate (Special),,Democrat,Raphael Warnock,382
Hall,Gainesville II,U.S. Senate (Special),,Republican,Kelly Loeffler (I),327
Hall,Gainesville II,U.S. Senate (Special),,Democrat,Raphael Warnock,475
Hall,Gainesville III,U.S. Senate (Special),,Republican,Kelly Loeffler (I),355
Hall,Gainesville III,U.S. Senate (Special),,Democrat,Raphael Warnock,389
Hall,Gainesville IV,U.S. Senate (Special),,Republican,Kelly Loeffler (I),167
Hall,Gainesville IV,U.S. Senate (Special),,Democrat,Raphael Warnock,274
Hall,Gainesville V,U.S. Senate (Special),,Republican,Kelly Loeffler (I),88
Hall,Gainesville V,U.S. Senate (Special),,Democrat,Raphael Warnock,132
Hall,Gillsville,U.S. Senate (Special),,Republican,Kelly Loeffler (I),30
Hall,Gillsville,U.S. Senate (Special),,Democrat,Raphael Warnock,48
Hall,Big Hickory,U.S. Senate (Special),,Republican,Kelly Loeffler (I),70
Hall,Big Hickory,U.S. Senate (Special),,Democrat,Raphael Warnock,140
Hall,Friendship I,U.S. Senate (Special),,Republican,Kelly Loeffler (I),246
Hall,Friendship I,U.S. Senate (Special),,Democrat,Raphael Warnock,566
Hall,Friendship II,U.S. Senate (Special),,Republican,Kelly Loeffler (I),159
Hall,Friendship II,U.S. Senate (Special),,Democrat,Raphael Warnock,238
Hall,Friendship III,U.S. Senate (Special),,Republican,Kelly Loeffler (I),219
Hall,Friendship III,U.S. Senate (Special),,Democrat,Raphael Warnock,324
Hall,Friendship IV,U.S. Senate (Special),,Republican,Kelly Loeffler (I),156
Hall,Friendship IV,U.S. Senate (Special),,Democrat,Raphael Warnock,382
Hancock,Devereux Fire Station,U.S. Senate,,Republican,David A. Perdue (I),75
Hancock,Devereux Fire Station,U.S. Senate,,Democrat,Jon Ossoff,120
Hancock,St Mark,U.S. Senate,,Republican,David A. Perdue (I),92
Hancock,St Mark,U.S. Senate,,Democrat,Jon Ossoff,118
Hancock,Courthouse,U.S. Senate,,Republican,David A. Perdue (I),96
Hancock,Courthouse,U.S. Senate,,Democrat,Jon Ossoff,199
Hancock,Second Beulah,U.S. Senate,,Republican,David A. Perdue (I),51
Hancock,Second Beulah,U.S. Senate,,Democrat,Jon Ossoff,123
Hancock,Mayfield Community Center,U.S. Senate,,Republican,David A. Perdue (I),47
Hancock,Mayfield Community Center,U.S. Senate,,Democrat,Jon Ossoff,47
Hancock,Power of God,U.S. Senate,,Republican,David A. Perdue (I),99
Hancock,Power of God,U.S. Senate,,Democrat,Jon Ossoff,140
Hancock,Warren Chapel,U.S. Senate,,Republican,David A. Perdue (I),6
Hancock,Warren Chapel,U.S. Senate,,Democrat,Jon Ossoff,33
Hancock,Youth Center,U.S. Senate,,Republican,David A. Perdue (I),104
Hancock,Youth Center,U.S. Senate,,Democrat,Jon Ossoff,207
Hancock,Second Darrien,U.S. Senate,,Republican,David A. Perdue (I),54
Hancock,Second Darrien,U.S. Senate,,Democrat,Jon Ossoff,49
Hancock,Sparta 4C,U.S. Senate,,Republican,David A. Perdue (I),14
Hancock,Sparta 4C,U.S. Senate,,Democrat,Jon Ossoff,17
Hancock,Devereux Fire Station,U.S. Senate (Special),,Republican,Kelly Loeffler (I),76
Hancock,Devereux Fire Station,U.S. Senate (Special),,Democrat,Raphael Warnock,121
Hancock,St Mark,U.S. Senate (Special),,Republican,Kelly Loeffler (I),93
Hancock,St Mark,U.S. Senate (Special),,Democrat,Raphael Warnock,118
Hancock,Courthouse,U.S. Senate (Special),,Republican,Kelly Loeffler (I),95
Hancock,Courthouse,U.S. Senate (Special),,Democrat,Raphael Warnock,200
Hancock,Second Beulah,U.S. Senate (Special),,Republican,Kelly Loeffler (I),51
Hancock,Second Beulah,U.S. Senate (Special),,Democrat,Raphael Warnock,122
Hancock,Mayfield Community Center,U.S. Senate (Special),,Republican,Kelly Loeffler (I),47
Hancock,Mayfield Community Center,U.S. Senate (Special),,Democrat,Raphael Warnock,46
Hancock,Power of God,U.S. Senate (Special),,Republican,Kelly Loeffler (I),101
Hancock,Power of God,U.S. Senate (Special),,Democrat,Raphael Warnock,140
Hancock,Warren Chapel,U.S. Senate (Special),,Republican,Kelly Loeffler (I),6
Hancock,Warren Chapel,U.S. Senate (Special),,Democrat,Raphael Warnock,33
Hancock,Youth Center,U.S. Senate (Special),,Republican,Kelly Loeffler (I),103
Hancock,Youth Center,U.S. Senate (Special),,Democrat,Raphael Warnock,209
Hancock,Second Darrien,U.S. Senate (Special),,Republican,Kelly Loeffler (I),54
Hancock,Second Darrien,U.S. Senate (Special),,Democrat,Raphael Warnock,49
Hancock,Sparta 4C,U.S. Senate (Special),,Republican,Kelly Loeffler (I),14
Hancock,Sparta 4C,U.S. Senate (Special),,Democrat,Raphael Warnock,17
Haralson,Bremen,U.S. Senate,,Republican,David A. Perdue (I),142
Haralson,Bremen,U.S. Senate,,Democrat,Jon Ossoff,243
Haralson,Buchanan,U.S. Senate,,Republican,David A. Perdue (I),42
Haralson,Buchanan,U.S. Senate,,Democrat,Jon Ossoff,63
Haralson,Buncombe,U.S. Senate,,Republican,David A. Perdue (I),24
Haralson,Buncombe,U.S. Senate,,Democrat,Jon Ossoff,20
Haralson,Corinth,U.S. Senate,,Republican,David A. Perdue (I),25
Haralson,Corinth,U.S. Senate,,Democrat,Jon Ossoff,33
Haralson,Twentieth,U.S. Senate,,Republican,David A. Perdue (I),13
Haralson,Twentieth,U.S. Senate,,Democrat,Jon Ossoff,8
Haralson,Felton,U.S. Senate,,Republican,David A. Perdue (I),2
Haralson,Felton,U.S. Senate,,Democrat,Jon Ossoff,1
Haralson,Little Creek,U.S. Senate,,Republican,David A. Perdue (I),6
Haralson,Little Creek,U.S. Senate,,Democrat,Jon Ossoff,6
Haralson,Mt View,U.S. Senate,,Republican,David A. Perdue (I),11
Haralson,Mt View,U.S. Senate,,Democrat,Jon Ossoff,4
Haralson,Seventh,U.S. Senate,,Republican,David A. Perdue (I),41
Haralson,Seventh,U.S. Senate,,Democrat,Jon Ossoff,59
Haralson,Berea-Steadman,U.S. Senate,,Republican,David A. Perdue (I),10
Haralson,Berea-Steadman,U.S. Senate,,Democrat,Jon Ossoff,16
Haralson,Tallapoosa,U.S. Senate,,Republican,David A. Perdue (I),87
Haralson,Tallapoosa,U.S. Senate,,Democrat,Jon Ossoff,85
Haralson,Waco,U.S. Senate,,Republican,David A. Perdue (I),23
Haralson,Waco,U.S. Senate,,Democrat,Jon Ossoff,14
Haralson,Bremen,U.S. Senate (Special),,Republican,Kelly Loeffler (I),145
Haralson,Bremen,U.S. Senate (Special),,Democrat,Raphael Warnock,245
Haralson,Buchanan,U.S. Senate (Special),,Republican,Kelly Loeffler (I),42
Haralson,Buchanan,U.S. Senate (Special),,Democrat,Raphael Warnock,64
Haralson,Buncombe,U.S. Senate (Special),,Republican,Kelly Loeffler (I),23
Haralson,Buncombe,U.S. Senate (Special),,Democrat,Raphael Warnock,22
Haralson,Corinth,U.S. Senate (Special),,Republican,Kelly Loeffler (I),27
Haralson,Corinth,U.S. Senate (Special),,Democrat,Raphael Warnock,32
Haralson,Twentieth,U.S. Senate (Special),,Republican,Kelly Loeffler (I),11
Haralson,Twentieth,U.S. Senate (Special),,Democrat,Raphael Warnock,10
Haralson,Felton,U.S. Senate (Special),,Republican,Kelly Loeffler (I),3
Haralson,Felton,U.S. Senate (Special),,Democrat,Raphael Warnock,1
Haralson,Little Creek,U.S. Senate (Special),,Republican,Kelly Loeffler (I),9
Haralson,Little Creek,U.S. Senate (Special),,Democrat,Raphael Warnock,5
Haralson,Mt View,U.S. Senate (Special),,Republican,Kelly Loeffler (I),12
Haralson,Mt View,U.S. Senate (Special),,Democrat,Raphael Warnock,4
Haralson,Seventh,U.S. Senate (Special),,Republican,Kelly Loeffler (I),43
Haralson,Seventh,U.S. Senate (Special),,Democrat,Raphael Warnock,57
Haralson,Berea-Steadman,U.S. Senate (Special),,Republican,Kelly Loeffler (I),10
Haralson,Berea-Steadman,U.S. Senate (Special),,Democrat,Raphael Warnock,16
Haralson,Tallapoosa,U.S. Senate (Special),,Republican,Kelly Loeffler (I),83
Haralson,Tallapoosa,U.S. Senate (Special),,Democrat,Raphael Warnock,85
Haralson,Waco,U.S. Senate (Special),,Republican,Kelly Loeffler (I),26
Haralson,Waco,U.S. Senate (Special),,Democrat,Raphael Warnock,14
Harris,Cataula,U.S. Senate,,Republican,David A. Perdue (I),110
Harris,Cataula,U.S. Senate,,Democrat,Jon Ossoff,205
Harris,Ellerslie,U.S. Senate,,Republican,David A. Perdue (I),169
Harris,Ellerslie,U.S. Senate,,Democrat,Jon Ossoff,367
Harris,Goodman,U.S. Senate,,Republican,David A. Perdue (I),170
Harris,Goodman,U.S. Senate,,Democrat,Jon Ossoff,115
Harris,Hamilton,U.S. Senate,,Republican,David A. Perdue (I),149
Harris,Hamilton,U.S. Senate,,Democrat,Jon Ossoff,264
Harris,Lower 19th,U.S. Senate,,Republican,David A. Perdue (I),100
Harris,Lower 19th,U.S. Senate,,Democrat,Jon Ossoff,152
Harris,Mulberry Grove,U.S. Senate,,Republican,David A. Perdue (I),72
Harris,Mulberry Grove,U.S. Senate,,Democrat,Jon Ossoff,163
Harris,Pine Mountain Valley,U.S. Senate,,Republican,David A. Perdue (I),44
Harris,Pine Mountain Valley,U.S. Senate,,Democrat,Jon Ossoff,33
Harris,Skinner,U.S. Senate,,Republican,David A. Perdue (I),115
Harris,Skinner,U.S. Senate,,Democrat,Jon Ossoff,38
Harris,Upper 19th,U.S. Senate,,Republican,David A. Perdue (I),81
Harris,Upper 19th,U.S. Senate,,Democrat,Jon Ossoff,48
Harris,Valley Plains,U.S. Senate,,Republican,David A. Perdue (I),77
Harris,Valley Plains,U.S. Senate,,Democrat,Jon Ossoff,34
Harris,Waverly Hall,U.S. Senate,,Republican,David A. Perdue (I),174
Harris,Waverly Hall,U.S. Senate,,Democrat,Jon Ossoff,199
Harris,Whitesville,U.S. Senate,,Republican,David A. Perdue (I),90
Harris,Whitesville,U.S. Senate,,Democrat,Jon Ossoff,64
Harris,Cataula,U.S. Senate (Special),,Republican,Kelly Loeffler (I),116
Harris,Cataula,U.S. Senate (Special),,Democrat,Raphael Warnock,206
Harris,Ellerslie,U.S. Senate (Special),,Republican,Kelly Loeffler (I),170
Harris,Ellerslie,U.S. Senate (Special),,Democrat,Raphael Warnock,365
Harris,Goodman,U.S. Senate (Special),,Republican,Kelly Loeffler (I),176
Harris,Goodman,U.S. Senate (Special),,Democrat,Raphael Warnock,117
Harris,Hamilton,U.S. Senate (Special),,Republican,Kelly Loeffler (I),150
Harris,Hamilton,U.S. Senate (Special),,Democrat,Raphael Warnock,267
Harris,Lower 19th,U.S. Senate (Special),,Republican,Kelly Loeffler (I),101
Harris,Lower 19th,U.S. Senate (Special),,Democrat,Raphael Warnock,150
Harris,Mulberry Grove,U.S. Senate (Special),,Republican,Kelly Loeffler (I),72
Harris,Mulberry Grove,U.S. Senate (Special),,Democrat,Raphael Warnock,163
Harris,Pine Mountain Valley,U.S. Senate (Special),,Republican,Kelly Loeffler (I),44
Harris,Pine Mountain Valley,U.S. Senate (Special),,Democrat,Raphael Warnock,33
Harris,Skinner,U.S. Senate (Special),,Republican,Kelly Loeffler (I),120
Harris,Skinner,U.S. Senate (Special),,Democrat,Raphael Warnock,39
Harris,Upper 19th,U.S. Senate (Special),,Republican,Kelly Loeffler (I),81
Harris,Upper 19th,U.S. Senate (Special),,Democrat,Raphael Warnock,48
Harris,Valley Plains,U.S. Senate (Special),,Republican,Kelly Loeffler (I),78
Harris,Valley Plains,U.S. Senate (Special),,Democrat,Raphael Warnock,34
Harris,Waverly Hall,U.S. Senate (Special),,Republican,Kelly Loeffler (I),171
Harris,Waverly Hall,U.S. Senate (Special),,Democrat,Raphael Warnock,202
Harris,Whitesville,U.S. Senate (Special),,Republican,Kelly Loeffler (I),95
Harris,Whitesville,U.S. Senate (Special),,Democrat,Raphael Warnock,65
Hart,Hartwell,U.S. Senate,,Republican,David A. Perdue (I),247
Hart,Hartwell,U.S. Senate,,Democrat,Jon Ossoff,570
Hart,Goldmine,U.S. Senate,,Republican,David A. Perdue (I),76
Hart,Goldmine,U.S. Senate,,Democrat,Jon Ossoff,81
Hart,Cokesbury,U.S. Senate,,Republican,David A. Perdue (I),83
Hart,Cokesbury,U.S. Senate,,Democrat,Jon Ossoff,132
Hart,Reed Creek,U.S. Senate,,Republican,David A. Perdue (I),87
Hart,Reed Creek,U.S. Senate,,Democrat,Jon Ossoff,147
Hart,Bowersville,U.S. Senate,,Republican,David A. Perdue (I),61
Hart,Bowersville,U.S. Senate,,Democrat,Jon Ossoff,66
Hart,Shoal Creek,U.S. Senate,,Republican,David A. Perdue (I),52
Hart,Shoal Creek,U.S. Senate,,Democrat,Jon Ossoff,57
Hart,Bio,U.S. Senate,,Republican,David A. Perdue (I),49
Hart,Bio,U.S. Senate,,Democrat,Jon Ossoff,103
Hart,Hartwell,U.S. Senate (Special),,Republican,Kelly Loeffler (I),248
Hart,Hartwell,U.S. Senate (Special),,Democrat,Raphael Warnock,573
Hart,Goldmine,U.S. Senate (Special),,Republican,Kelly Loeffler (I),73
Hart,Goldmine,U.S. Senate (Special),,Democrat,Raphael Warnock,82
Hart,Cokesbury,U.S. Senate (Special),,Republican,Kelly Loeffler (I),83
Hart,Cokesbury,U.S. Senate (Special),,Democrat,Raphael Warnock,132
Hart,Reed Creek,U.S. Senate (Special),,Republican,Kelly Loeffler (I),87
Hart,Reed Creek,U.S. Senate (Special),,Democrat,Raphael Warnock,141
Hart,Bowersville,U.S. Senate (Special),,Republican,Kelly Loeffler (I),61
Hart,Bowersville,U.S. Senate (Special),,Democrat,Raphael Warnock,67
Hart,Shoal Creek,U.S. Senate (Special),,Republican,Kelly Loeffler (I),51
Hart,Shoal Creek,U.S. Senate (Special),,Democrat,Raphael Warnock,60
Hart,Bio,U.S. Senate (Special),,Republican,Kelly Loeffler (I),49
Hart,Bio,U.S. Senate (Special),,Democrat,Raphael Warnock,103
Heard,Centralhatchee,U.S. Senate,,Republican,David A. Perdue (I),44
Heard,Centralhatchee,U.S. Senate,,Democrat,Jon Ossoff,67
Heard,Cooksville-Corinth,U.S. Senate,,Republican,David A. Perdue (I),23
Heard,Cooksville-Corinth,U.S. Senate,,Democrat,Jon Ossoff,17
Heard,Enon Grove,U.S. Senate,,Republican,David A. Perdue (I),14
Heard,Enon Grove,U.S. Senate,,Democrat,Jon Ossoff,32
Heard,Ephesus,U.S. Senate,,Republican,David A. Perdue (I),22
Heard,Ephesus,U.S. Senate,,Democrat,Jon Ossoff,29
Heard,Franklin,U.S. Senate,,Republican,David A. Perdue (I),74
Heard,Franklin,U.S. Senate,,Democrat,Jon Ossoff,129
Heard,Southwest,U.S. Senate,,Republican,David A. Perdue (I),20
Heard,Southwest,U.S. Senate,,Democrat,Jon Ossoff,36
Heard,Centralhatchee,U.S. Senate (Special),,Republican,Kelly Loeffler (I),46
Heard,Centralhatchee,U.S. Senate (Special),,Democrat,Raphael Warnock,67
Heard,Cooksville-Corinth,U.S. Senate (Special),,Republican,Kelly Loeffler (I),25
Heard,Cooksville-Corinth,U.S. Senate (Special),,Democrat,Raphael Warnock,17
Heard,Enon Grove,U.S. Senate (Special),,Republican,Kelly Loeffler (I),17
Heard,Enon Grove,U.S. Senate (Special),,Democrat,Raphael Warnock,31
Heard,Ephesus,U.S. Senate (Special),,Republican,Kelly Loeffler (I),24
Heard,Ephesus,U.S. Senate (Special),,Democrat,Raphael Warnock,29
Heard,Franklin,U.S. Senate (Special),,Republican,Kelly Loeffler (I),77
Heard,Franklin,U.S. Senate (Special),,Democrat,Raphael Warnock,130
Heard,Southwest,U.S. Senate (Special),,Republican,Kelly Loeffler (I),21
Heard,Southwest,U.S. Senate (Special),,Democrat,Raphael Warnock,37
Henry,Locust Grove,U.S. Senate,,Republican,David A. Perdue (I),501
Henry,Locust Grove,U.S. Senate,,Democrat,Jon Ossoff,1820
Henry,Tussahaw,U.S. Senate,,Republican,David A. Perdue (I),105
Henry,Tussahaw,U.S. Senate,,Democrat,Jon Ossoff,185
Henry,Sandy Ridge,U.S. Senate,,Republican,David A. Perdue (I),190
Henry,Sandy Ridge,U.S. Senate,,Democrat,Jon Ossoff,432
Henry,Westside,U.S. Senate,,Republican,David A. Perdue (I),674
Henry,Westside,U.S. Senate,,Democrat,Jon Ossoff,1340
Henry,Lowes,U.S. Senate,,Republican,David A. Perdue (I),832
Henry,Lowes,U.S. Senate,,Democrat,Jon Ossoff,2383
Henry,South Hampton,U.S. Senate,,Republican,David A. Perdue (I),378
Henry,South Hampton,U.S. Senate,,Democrat,Jon Ossoff,1134
Henry,North Hampton,U.S. Senate,,Republican,David A. Perdue (I),485
Henry,North Hampton,U.S. Senate,,Democrat,Jon Ossoff,1602
Henry,Mt Carmel,U.S. Senate,,Republican,David A. Perdue (I),467
Henry,Mt Carmel,U.S. Senate,,Democrat,Jon Ossoff,1870
Henry,Red Oak,U.S. Senate,,Republican,David A. Perdue (I),577
Henry,Red Oak,U.S. Senate,,Democrat,Jon Ossoff,2052
Henry,Wesley Lakes,U.S. Senate,,Republican,David A. Perdue (I),579
Henry,Wesley Lakes,U.S. Senate,,Democrat,Jon Ossoff,1797
Henry,McDonough,U.S. Senate,,Republican,David A. Perdue (I),258
Henry,McDonough,U.S. Senate,,Democrat,Jon Ossoff,750
Henry,McMullen,U.S. Senate,,Republican,David A. Perdue (I),190
Henry,McMullen,U.S. Senate,,Democrat,Jon Ossoff,469
Henry,East Lake,U.S. Senate,,Republican,David A. Perdue (I),165
Henry,East Lake,U.S. Senate,,Democrat,Jon Ossoff,419
Henry,Hickory Flat,U.S. Senate,,Republican,David A. Perdue (I),447
Henry,Hickory Flat,U.S. Senate,,Democrat,Jon Ossoff,1464
Henry,Stockbridge East-West,U.S. Senate,,Republican,David A. Perdue (I),636
Henry,Stockbridge East-West,U.S. Senate,,Democrat,Jon Ossoff,1898
Henry,Stagecoach,U.S. Senate,,Republican,David A. Perdue (I),278
Henry,Stagecoach,U.S. Senate,,Democrat,Jon Ossoff,761
Henry,Cotton Indian,U.S. Senate,,Republican,David A. Perdue (I),334
Henry,Cotton Indian,U.S. Senate,,Democrat,Jon Ossoff,1194
Henry,Pleasant Grove,U.S. Senate,,Republican,David A. Perdue (I),200
Henry,Pleasant Grove,U.S. Senate,,Democrat,Jon Ossoff,963
Henry,Austin Road,U.S. Senate,,Republican,David A. Perdue (I),203
Henry,Austin Road,U.S. Senate,,Democrat,Jon Ossoff,1156
Henry,Swan Lake,U.S. Senate,,Republican,David A. Perdue (I),199
Henry,Swan Lake,U.S. Senate,,Democrat,Jon Ossoff,659
Henry,Shakerag,U.S. Senate,,Republican,David A. Perdue (I),383
Henry,Shakerag,U.S. Senate,,Democrat,Jon Ossoff,1556
Henry,Ellenwood,U.S. Senate,,Republican,David A. Perdue (I),330
Henry,Ellenwood,U.S. Senate,,Democrat,Jon Ossoff,1706
Henry,Unity Grove,U.S. Senate,,Republican,David A. Perdue (I),171
Henry,Unity Grove,U.S. Senate,,Democrat,Jon Ossoff,581
Henry,Shiloh,U.S. Senate,,Republican,David A. Perdue (I),435
Henry,Shiloh,U.S. Senate,,Democrat,Jon Ossoff,889
Henry,Pates Creek,U.S. Senate,,Republican,David A. Perdue (I),369
Henry,Pates Creek,U.S. Senate,,Democrat,Jon Ossoff,1165
Henry,Oakland,U.S. Senate,,Republican,David A. Perdue (I),334
Henry,Oakland,U.S. Senate,,Democrat,Jon Ossoff,919
Henry,Lake Dow,U.S. Senate,,Republican,David A. Perdue (I),288
Henry,Lake Dow,U.S. Senate,,Democrat,Jon Ossoff,810
Henry,Flippen,U.S. Senate,,Republican,David A. Perdue (I),340
Henry,Flippen,U.S. Senate,,Democrat,Jon Ossoff,1370
Henry,Stockbridge Central,U.S. Senate,,Republican,David A. Perdue (I),385
Henry,Stockbridge Central,U.S. Senate,,Democrat,Jon Ossoff,1041
Henry,Kelleytown,U.S. Senate,,Republican,David A. Perdue (I),216
Henry,Kelleytown,U.S. Senate,,Democrat,Jon Ossoff,616
Henry,Lighthouse,U.S. Senate,,Republican,David A. Perdue (I),274
Henry,Lighthouse,U.S. Senate,,Democrat,Jon Ossoff,1034
Henry,Dutchtown,U.S. Senate,,Republican,David A. Perdue (I),206
Henry,Dutchtown,U.S. Senate,,Democrat,Jon Ossoff,478
Henry,Mt Bethel,U.S. Senate,,Republican,David A. Perdue (I),226
Henry,Mt Bethel,U.S. Senate,,Democrat,Jon Ossoff,333
Henry,Grove Park,U.S. Senate,,Republican,David A. Perdue (I),253
Henry,Grove Park,U.S. Senate,,Democrat,Jon Ossoff,653
Henry,Lake Haven,U.S. Senate,,Republican,David A. Perdue (I),273
Henry,Lake Haven,U.S. Senate,,Democrat,Jon Ossoff,807
Henry,McDonough Central,U.S. Senate,,Republican,David A. Perdue (I),286
Henry,McDonough Central,U.S. Senate,,Democrat,Jon Ossoff,1010
Henry,Timberridge,U.S. Senate,,Republican,David A. Perdue (I),131
Henry,Timberridge,U.S. Senate,,Democrat,Jon Ossoff,378
Henry,Locust Grove,U.S. Senate (Special),,Republican,Kelly Loeffler (I),510
Henry,Locust Grove,U.S. Senate (Special),,Democrat,Raphael Warnock,1828
Henry,Tussahaw,U.S. Senate (Special),,Republican,Kelly Loeffler (I),103
Henry,Tussahaw,U.S. Senate (Special),,Democrat,Raphael Warnock,191
Henry,Sandy Ridge,U.S. Senate (Special),,Republican,Kelly Loeffler (I),196
Henry,Sandy Ridge,U.S. Senate (Special),,Democrat,Raphael Warnock,437
Henry,Westside,U.S. Senate (Special),,Republican,Kelly Loeffler (I),679
Henry,Westside,U.S. Senate (Special),,Democrat,Raphael Warnock,1341
Henry,Lowes,U.S. Senate (Special),,Republican,Kelly Loeffler (I),841
Henry,Lowes,U.S. Senate (Special),,Democrat,Raphael Warnock,2390
Henry,South Hampton,U.S. Senate (Special),,Republican,Kelly Loeffler (I),384
Henry,South Hampton,U.S. Senate (Special),,Democrat,Raphael Warnock,1140
Henry,North Hampton,U.S. Senate (Special),,Republican,Kelly Loeffler (I),486
Henry,North Hampton,U.S. Senate (Special),,Democrat,Raphael Warnock,1606
Henry,Mt Carmel,U.S. Senate (Special),,Republican,Kelly Loeffler (I),470
Henry,Mt Carmel,U.S. Senate (Special),,Democrat,Raphael Warnock,1869
Henry,Red Oak,U.S. Senate (Special),,Republican,Kelly Loeffler (I),586
Henry,Red Oak,U.S. Senate (Special),,Democrat,Raphael Warnock,2057
Henry,Wesley Lakes,U.S. Senate (Special),,Republican,Kelly Loeffler (I),579
Henry,Wesley Lakes,U.S. Senate (Special),,Democrat,Raphael Warnock,1801
Henry,McDonough,U.S. Senate (Special),,Republican,Kelly Loeffler (I),258
Henry,McDonough,U.S. Senate (Special),,Democrat,Raphael Warnock,751
Henry,McMullen,U.S. Senate (Special),,Republican,Kelly Loeffler (I),192
Henry,McMullen,U.S. Senate (Special),,Democrat,Raphael Warnock,477
Henry,East Lake,U.S. Senate (Special),,Republican,Kelly Loeffler (I),162
Henry,East Lake,U.S. Senate (Special),,Democrat,Raphael Warnock,419
Henry,Hickory Flat,U.S. Senate (Special),,Republican,Kelly Loeffler (I),451
Henry,Hickory Flat,U.S. Senate (Special),,Democrat,Raphael Warnock,1474
Henry,Stockbridge East-West,U.S. Senate (Special),,Republican,Kelly Loeffler (I),633
Henry,Stockbridge East-West,U.S. Senate (Special),,Democrat,Raphael Warnock,1902
Henry,Stagecoach,U.S. Senate (Special),,Republican,Kelly Loeffler (I),278
Henry,Stagecoach,U.S. Senate (Special),,Democrat,Raphael Warnock,765
Henry,Cotton Indian,U.S. Senate (Special),,Republican,Kelly Loeffler (I),335
Henry,Cotton Indian,U.S. Senate (Special),,Democrat,Raphael Warnock,1195
Henry,Pleasant Grove,U.S. Senate (Special),,Republican,Kelly Loeffler (I),206
Henry,Pleasant Grove,U.S. Senate (Special),,Democrat,Raphael Warnock,969
Henry,Austin Road,U.S. Senate (Special),,Republican,Kelly Loeffler (I),204
Henry,Austin Road,U.S. Senate (Special),,Democrat,Raphael Warnock,1157
Henry,Swan Lake,U.S. Senate (Special),,Republican,Kelly Loeffler (I),200
Henry,Swan Lake,U.S. Senate (Special),,Democrat,Raphael Warnock,662
Henry,Shakerag,U.S. Senate (Special),,Republican,Kelly Loeffler (I),387
Henry,Shakerag,U.S. Senate (Special),,Democrat,Raphael Warnock,1563
Henry,Ellenwood,U.S. Senate (Special),,Republican,Kelly Loeffler (I),338
Henry,Ellenwood,U.S. Senate (Special),,Democrat,Raphael Warnock,1711
Henry,Unity Grove,U.S. Senate (Special),,Republican,Kelly Loeffler (I),178
Henry,Unity Grove,U.S. Senate (Special),,Democrat,Raphael Warnock,585
Henry,Shiloh,U.S. Senate (Special),,Republican,Kelly Loeffler (I),435
Henry,Shiloh,U.S. Senate (Special),,Democrat,Raphael Warnock,890
Henry,Pates Creek,U.S. Senate (Special),,Republican,Kelly Loeffler (I),373
Henry,Pates Creek,U.S. Senate (Special),,Democrat,Raphael Warnock,1165
Henry,Oakland,U.S. Senate (Special),,Republican,Kelly Loeffler (I),340
Henry,Oakland,U.S. Senate (Special),,Democrat,Raphael Warnock,921
Henry,Lake Dow,U.S. Senate (Special),,Republican,Kelly Loeffler (I),289
Henry,Lake Dow,U.S. Senate (Special),,Democrat,Raphael Warnock,816
Henry,Flippen,U.S. Senate (Special),,Republican,Kelly Loeffler (I),342
Henry,Flippen,U.S. Senate (Special),,Democrat,Raphael Warnock,1376
Henry,Stockbridge Central,U.S. Senate (Special),,Republican,Kelly Loeffler (I),383
Henry,Stockbridge Central,U.S. Senate (Special),,Democrat,Raphael Warnock,1041
Henry,Kelleytown,U.S. Senate (Special),,Republican,Kelly Loeffler (I),218
Henry,Kelleytown,U.S. Senate (Special),,Democrat,Raphael Warnock,621
Henry,Lighthouse,U.S. Senate (Special),,Republican,Kelly Loeffler (I),270
Henry,Lighthouse,U.S. Senate (Special),,Democrat,Raphael Warnock,1036
Henry,Dutchtown,U.S. Senate (Special),,Republican,Kelly Loeffler (I),208
Henry,Dutchtown,U.S. Senate (Special),,Democrat,Raphael Warnock,482
Henry,Mt Bethel,U.S. Senate (Special),,Republican,Kelly Loeffler (I),233
Henry,Mt Bethel,U.S. Senate (Special),,Democrat,Raphael Warnock,330
Henry,Grove Park,U.S. Senate (Special),,Republican,Kelly Loeffler (I),255
Henry,Grove Park,U.S. Senate (Special),,Democrat,Raphael Warnock,654
Henry,Lake Haven,U.S. Senate (Special),,Republican,Kelly Loeffler (I),274
Henry,Lake Haven,U.S. Senate (Special),,Democrat,Raphael Warnock,813
Henry,McDonough Central,U.S. Senate (Special),,Republican,Kelly Loeffler (I),286
Henry,McDonough Central,U.S. Senate (Special),,Democrat,Raphael Warnock,1012
Henry,Timberridge,U.S. Senate (Special),,Republican,Kelly Loeffler (I),138
Henry,Timberridge,U.S. Senate (Special),,Democrat,Raphael Warnock,378
Houston,ANNX,U.S. Senate,,Republican,David A. Perdue (I),195
Houston,ANNX,U.S. Senate,,Democrat,Jon Ossoff,396
Houston,BMS,U.S. Senate,,Republican,David A. Perdue (I),394
Houston,BMS,U.S. Senate,,Democrat,Jon Ossoff,1003
Houston,CENT,U.S. Senate,,Republican,David A. Perdue (I),480
Houston,CENT,U.S. Senate,,Democrat,Jon Ossoff,818
Houston,CGTC,U.S. Senate,,Republican,David A. Perdue (I),223
Houston,CGTC,U.S. Senate,,Democrat,Jon Ossoff,569
Houston,FMMS,U.S. Senate,,Republican,David A. Perdue (I),565
Houston,FMMS,U.S. Senate,,Democrat,Jon Ossoff,1241
Houston,HAFS,U.S. Senate,,Republican,David A. Perdue (I),85
Houston,HAFS,U.S. Senate,,Democrat,Jon Ossoff,82
Houston,HCTC,U.S. Senate,,Republican,David A. Perdue (I),412
Houston,HCTC,U.S. Senate,,Democrat,Jon Ossoff,676
Houston,HEFS,U.S. Senate,,Republican,David A. Perdue (I),135
Houston,HEFS,U.S. Senate,,Democrat,Jon Ossoff,70
Houston,HHPC,U.S. Senate,,Republican,David A. Perdue (I),602
Houston,HHPC,U.S. Senate,,Democrat,Jon Ossoff,1124
Houston,MCMS,U.S. Senate,,Republican,David A. Perdue (I),453
Houston,MCMS,U.S. Senate,,Democrat,Jon Ossoff,1122
Houston,NSES,U.S. Senate,,Republican,David A. Perdue (I),125
Houston,NSES,U.S. Senate,,Democrat,Jon Ossoff,241
Houston,RECR,U.S. Senate,,Republican,David A. Perdue (I),856
Houston,RECR,U.S. Senate,,Democrat,Jon Ossoff,1273
Houston,ROZR,U.S. Senate,,Republican,David A. Perdue (I),696
Houston,ROZR,U.S. Senate,,Democrat,Jon Ossoff,1272
Houston,TMS,U.S. Senate,,Republican,David A. Perdue (I),430
Houston,TMS,U.S. Senate,,Democrat,Jon Ossoff,774
Houston,TWPK,U.S. Senate,,Republican,David A. Perdue (I),275
Houston,TWPK,U.S. Senate,,Democrat,Jon Ossoff,518
Houston,VHS,U.S. Senate,,Republican,David A. Perdue (I),311
Houston,VHS,U.S. Senate,,Democrat,Jon Ossoff,657
Houston,ANNX,U.S. Senate (Special),,Republican,Kelly Loeffler (I),200
Houston,ANNX,U.S. Senate (Special),,Democrat,Raphael Warnock,395
Houston,BMS,U.S. Senate (Special),,Republican,Kelly Loeffler (I),398
Houston,BMS,U.S. Senate (Special),,Democrat,Raphael Warnock,1011
Houston,CENT,U.S. Senate (Special),,Republican,Kelly Loeffler (I),489
Houston,CENT,U.S. Senate (Special),,Democrat,Raphael Warnock,825
Houston,CGTC,U.S. Senate (Special),,Republican,Kelly Loeffler (I),224
Houston,CGTC,U.S. Senate (Special),,Democrat,Raphael Warnock,571
Houston,FMMS,U.S. Senate (Special),,Republican,Kelly Loeffler (I),574
Houston,FMMS,U.S. Senate (Special),,Democrat,Raphael Warnock,1247
Houston,HAFS,U.S. Senate (Special),,Republican,Kelly Loeffler (I),90
Houston,HAFS,U.S. Senate (Special),,Democrat,Raphael Warnock,82
Houston,HCTC,U.S. Senate (Special),,Republican,Kelly Loeffler (I),411
Houston,HCTC,U.S. Senate (Special),,Democrat,Raphael Warnock,675
Houston,HEFS,U.S. Senate (Special),,Republican,Kelly Loeffler (I),138
Houston,HEFS,U.S. Senate (Special),,Democrat,Raphael Warnock,71
Houston,HHPC,U.S. Senate (Special),,Republican,Kelly Loeffler (I),598
Houston,HHPC,U.S. Senate (Special),,Democrat,Raphael Warnock,1133
Houston,MCMS,U.S. Senate (Special),,Republican,Kelly Loeffler (I),465
Houston,MCMS,U.S. Senate (Special),,Democrat,Raphael Warnock,1117
Houston,NSES,U.S. Senate (Special),,Republican,Kelly Loeffler (I),125
Houston,NSES,U.S. Senate (Special),,Democrat,Raphael Warnock,241
Houston,RECR,U.S. Senate (Special),,Republican,Kelly Loeffler (I),861
Houston,RECR,U.S. Senate (Special),,Democrat,Raphael Warnock,1276
Houston,ROZR,U.S. Senate (Special),,Republican,Kelly Loeffler (I),693
Houston,ROZR,U.S. Senate (Special),,Democrat,Raphael Warnock,1290
Houston,TMS,U.S. Senate (Special),,Republican,Kelly Loeffler (I),438
Houston,TMS,U.S. Senate (Special),,Democrat,Raphael Warnock,775
Houston,TWPK,U.S. Senate (Special),,Republican,Kelly Loeffler (I),271
Houston,TWPK,U.S. Senate (Special),,Democrat,Raphael Warnock,519
Houston,VHS,U.S. Senate (Special),,Republican,Kelly Loeffler (I),313
Houston,VHS,U.S. Senate (Special),,Democrat,Raphael Warnock,657
Irwin,Irwinville,U.S. Senate,,Republican,David A. Perdue (I),21
Irwin,Irwinville,U.S. Senate,,Democrat,Jon Ossoff,37
Irwin,Ocilla,U.S. Senate,,Republican,David A. Perdue (I),196
Irwin,Ocilla,U.S. Senate,,Democrat,Jon Ossoff,384
Irwin,Holt,U.S. Senate,,Republican,David A. Perdue (I),36
Irwin,Holt,U.S. Senate,,Democrat,Jon Ossoff,26
Irwin,Irwinville,U.S. Senate (Special),,Republican,Kelly Loeffler (I),20
Irwin,Irwinville,U.S. Senate (Special),,Democrat,Raphael Warnock,39
Irwin,Ocilla,U.S. Senate (Special),,Republican,Kelly Loeffler (I),198
Irwin,Ocilla,U.S. Senate (Special),,Democrat,Raphael Warnock,387
Irwin,Holt,U.S. Senate (Special),,Republican,Kelly Loeffler (I),36
Irwin,Holt,U.S. Senate (Special),,Democrat,Raphael Warnock,27
Jackson,Central Jackson,U.S. Senate,,Republican,David A. Perdue (I),424
Jackson,Central Jackson,U.S. Senate,,Democrat,Jon Ossoff,1033
Jackson,North Jackson,U.S. Senate,,Republican,David A. Perdue (I),427
Jackson,North Jackson,U.S. Senate,,Democrat,Jon Ossoff,491
Jackson,West Jackson,U.S. Senate,,Republican,David A. Perdue (I),497
Jackson,West Jackson,U.S. Senate,,Democrat,Jon Ossoff,768
Jackson,South Jackson,U.S. Senate,,Republican,David A. Perdue (I),256
Jackson,South Jackson,U.S. Senate,,Democrat,Jon Ossoff,436
Jackson,Central Jackson,U.S. Senate (Special),,Republican,Kelly Loeffler (I),442
Jackson,Central Jackson,U.S. Senate (Special),,Democrat,Raphael Warnock,1054
Jackson,North Jackson,U.S. Senate (Special),,Republican,Kelly Loeffler (I),430
Jackson,North Jackson,U.S. Senate (Special),,Democrat,Raphael Warnock,495
Jackson,West Jackson,U.S. Senate (Special),,Republican,Kelly Loeffler (I),515
Jackson,West Jackson,U.S. Senate (Special),,Democrat,Raphael Warnock,785
Jackson,South Jackson,U.S. Senate (Special),,Republican,Kelly Loeffler (I),265
Jackson,South Jackson,U.S. Senate (Special),,Democrat,Raphael Warnock,444
Jasper,Wyatt,U.S. Senate,,Republican,David A. Perdue (I),77
Jasper,Wyatt,U.S. Senate,,Democrat,Jon Ossoff,67
Jasper,Monticello,U.S. Senate,,Republican,David A. Perdue (I),220
Jasper,Monticello,U.S. Senate,,Democrat,Jon Ossoff,499
Jasper,Martin-Burney,U.S. Senate,,Republican,David A. Perdue (I),58
Jasper,Martin-Burney,U.S. Senate,,Democrat,Jon Ossoff,111
Jasper,Wyatt,U.S. Senate (Special),,Republican,Kelly Loeffler (I),80
Jasper,Wyatt,U.S. Senate (Special),,Democrat,Raphael Warnock,68
Jasper,Monticello,U.S. Senate (Special),,Republican,Kelly Loeffler (I),222
Jasper,Monticello,U.S. Senate (Special),,Democrat,Raphael Warnock,504
Jasper,Martin-Burney,U.S. Senate (Special),,Republican,Kelly Loeffler (I),62
Jasper,Martin-Burney,U.S. Senate (Special),,Democrat,Raphael Warnock,116
Jefferson,Stapleton Crossroads,U.S. Senate,,Republican,David A. Perdue (I),32
Jefferson,Stapleton Crossroads,U.S. Senate,,Democrat,Jon Ossoff,33
Jefferson,Matthews,U.S. Senate,,Republican,David A. Perdue (I),47
Jefferson,Matthews,U.S. Senate,,Democrat,Jon Ossoff,48
Jefferson,Wrens,U.S. Senate,,Republican,David A. Perdue (I),347
Jefferson,Wrens,U.S. Senate,,Democrat,Jon Ossoff,328
Jefferson,Louisville,U.S. Senate,,Republican,David A. Perdue (I),326
Jefferson,Louisville,U.S. Senate,,Democrat,Jon Ossoff,701
Jefferson,Wadley,U.S. Senate,,Republican,David A. Perdue (I),251
Jefferson,Wadley,U.S. Senate,,Democrat,Jon Ossoff,259
Jefferson,Bartow,U.S. Senate,,Republican,David A. Perdue (I),58
Jefferson,Bartow,U.S. Senate,,Democrat,Jon Ossoff,67
Jefferson,Stapleton,U.S. Senate,,Republican,David A. Perdue (I),75
Jefferson,Stapleton,U.S. Senate,,Democrat,Jon Ossoff,43
Jefferson,Avera,U.S. Senate,,Republican,David A. Perdue (I),18
Jefferson,Avera,U.S. Senate,,Democrat,Jon Ossoff,9
Jefferson,Stapleton Crossroads,U.S. Senate (Special),,Republican,Kelly Loeffler (I),32
Jefferson,Stapleton Crossroads,U.S. Senate (Special),,Democrat,Raphael Warnock,33
Jefferson,Matthews,U.S. Senate (Special),,Republican,Kelly Loeffler (I),47
Jefferson,Matthews,U.S. Senate (Special),,Democrat,Raphael Warnock,48
Jefferson,Wrens,U.S. Senate (Special),,Republican,Kelly Loeffler (I),351
Jefferson,Wrens,U.S. Senate (Special),,Democrat,Raphael Warnock,328
Jefferson,Louisville,U.S. Senate (Special),,Republican,Kelly Loeffler (I),327
Jefferson,Louisville,U.S. Senate (Special),,Democrat,Raphael Warnock,708
Jefferson,Wadley,U.S. Senate (Special),,Republican,Kelly Loeffler (I),253
Jefferson,Wadley,U.S. Senate (Special),,Democrat,Raphael Warnock,258
Jefferson,Bartow,U.S. Senate (Special),,Republican,Kelly Loeffler (I),57
Jefferson,Bartow,U.S. Senate (Special),,Democrat,Raphael Warnock,68
Jefferson,Stapleton,U.S. Senate (Special),,Republican,Kelly Loeffler (I),75
Jefferson,Stapleton,U.S. Senate (Special),,Democrat,Raphael Warnock,44
Jefferson,Avera,U.S. Senate (Special),,Republican,Kelly Loeffler (I),17
Jefferson,Avera,U.S. Senate (Special),,Democrat,Raphael Warnock,9
Jeff Davis,Hazlehurst,U.S. Senate,,Republican,David A. Perdue (I),101
Jeff Davis,Hazlehurst,U.S. Senate,,Democrat,Jon Ossoff,198
Jeff Davis,Altamaha 1,U.S. Senate,,Republican,David A. Perdue (I),15
Jeff Davis,Altamaha 1,U.S. Senate,,Democrat,Jon Ossoff,38
Jeff Davis,Altamaha 2,U.S. Senate,,Republican,David A. Perdue (I),16
Jeff Davis,Altamaha 2,U.S. Senate,,Democrat,Jon Ossoff,8
Jeff Davis,Blackburn 1,U.S. Senate,,Republican,David A. Perdue (I),26
Jeff Davis,Blackburn 1,U.S. Senate,,Democrat,Jon Ossoff,37
Jeff Davis,Blackburn 2,U.S. Senate,,Republican,David A. Perdue (I),11
Jeff Davis,Blackburn 2,U.S. Senate,,Democrat,Jon Ossoff,10
Jeff Davis,Whitehead 1,U.S. Senate,,Republican,David A. Perdue (I),32
Jeff Davis,Whitehead 1,U.S. Senate,,Democrat,Jon Ossoff,66
Jeff Davis,Whitehead 2,U.S. Senate,,Republican,David A. Perdue (I),8
Jeff Davis,Whitehead 2,U.S. Senate,,Democrat,Jon Ossoff,8
Jeff Davis,Ocmulgee 1,U.S. Senate,,Republican,David A. Perdue (I),42
Jeff Davis,Ocmulgee 1,U.S. Senate,,Democrat,Jon Ossoff,54
Jeff Davis,Ocmulgee 2,U.S. Senate,,Republican,David A. Perdue (I),11
Jeff Davis,Ocmulgee 2,U.S. Senate,,Democrat,Jon Ossoff,26
Jeff Davis,Hazlehurst,U.S. Senate (Special),,Republican,Kelly Loeffler (I),104
Jeff Davis,Hazlehurst,U.S. Senate (Special),,Democrat,Raphael Warnock,199
Jeff Davis,Altamaha 1,U.S. Senate (Special),,Republican,Kelly Loeffler (I),13
Jeff Davis,Altamaha 1,U.S. Senate (Special),,Democrat,Raphael Warnock,36
Jeff Davis,Altamaha 2,U.S. Senate (Special),,Republican,Kelly Loeffler (I),15
Jeff Davis,Altamaha 2,U.S. Senate (Special),,Democrat,Raphael Warnock,7
Jeff Davis,Blackburn 1,U.S. Senate (Special),,Republican,Kelly Loeffler (I),26
Jeff Davis,Blackburn 1,U.S. Senate (Special),,Democrat,Raphael Warnock,37
Jeff Davis,Blackburn 2,U.S. Senate (Special),,Republican,Kelly Loeffler (I),11
Jeff Davis,Blackburn 2,U.S. Senate (Special),,Democrat,Raphael Warnock,9
Jeff Davis,Whitehead 1,U.S. Senate (Special),,Republican,Kelly Loeffler (I),32
Jeff Davis,Whitehead 1,U.S. Senate (Special),,Democrat,Raphael Warnock,65
Jeff Davis,Whitehead 2,U.S. Senate (Special),,Republican,Kelly Loeffler (I),8
Jeff Davis,Whitehead 2,U.S. Senate (Special),,Democrat,Raphael Warnock,8
Jeff Davis,Ocmulgee 1,U.S. Senate (Special),,Republican,Kelly Loeffler (I),42
Jeff Davis,Ocmulgee 1,U.S. Senate (Special),,Democrat,Raphael Warnock,53
Jeff Davis,Ocmulgee 2,U.S. Senate (Special),,Republican,Kelly Loeffler (I),12
Jeff Davis,Ocmulgee 2,U.S. Senate (Special),,Democrat,Raphael Warnock,26
Jenkins,Primary School,U.S. Senate,,Republican,David A. Perdue (I),85
Jenkins,Primary School,U.S. Senate,,Democrat,Jon Ossoff,158
Jenkins,Court House,U.S. Senate,,Republican,David A. Perdue (I),94
Jenkins,Court House,U.S. Senate,,Democrat,Jon Ossoff,138
Jenkins,Perkins,U.S. Senate,,Republican,David A. Perdue (I),28
Jenkins,Perkins,U.S. Senate,,Democrat,Jon Ossoff,72
Jenkins,Senior Citizens Center,U.S. Senate,,Republican,David A. Perdue (I),25
Jenkins,Senior Citizens Center,U.S. Senate,,Democrat,Jon Ossoff,51
Jenkins,Four Points,U.S. Senate,,Republican,David A. Perdue (I),75
Jenkins,Four Points,U.S. Senate,,Democrat,Jon Ossoff,86
Jenkins,Primary School,U.S. Senate (Special),,Republican,Kelly Loeffler (I),84
Jenkins,Primary School,U.S. Senate (Special),,Democrat,Raphael Warnock,158
Jenkins,Court House,U.S. Senate (Special),,Republican,Kelly Loeffler (I),93
Jenkins,Court House,U.S. Senate (Special),,Democrat,Raphael Warnock,138
Jenkins,Perkins,U.S. Senate (Special),,Republican,Kelly Loeffler (I),28
Jenkins,Perkins,U.S. Senate (Special),,Democrat,Raphael Warnock,72
Jenkins,Senior Citizens Center,U.S. Senate (Special),,Republican,Kelly Loeffler (I),25
Jenkins,Senior Citizens Center,U.S. Senate (Special),,Democrat,Raphael Warnock,51
Jenkins,Four Points,U.S. Senate (Special),,Republican,Kelly Loeffler (I),74
Jenkins,Four Points,U.S. Senate (Special),,Democrat,Raphael Warnock,83
Johnson,Wrightsville,U.S. Senate,,Republican,David A. Perdue (I),176
Johnson,Wrightsville,U.S. Senate,,Democrat,Jon Ossoff,400
Johnson,Smith,U.S. Senate,,Republican,David A. Perdue (I),29
Johnson,Smith,U.S. Senate,,Democrat,Jon Ossoff,16
Johnson,Bray,U.S. Senate,,Republican,David A. Perdue (I),35
Johnson,Bray,U.S. Senate,,Democrat,Jon Ossoff,59
Johnson,Kite,U.S. Senate,,Republican,David A. Perdue (I),19
Johnson,Kite,U.S. Senate,,Democrat,Jon Ossoff,14
Johnson,Wrightsville,U.S. Senate (Special),,Republican,Kelly Loeffler (I),174
Johnson,Wrightsville,U.S. Senate (Special),,Democrat,Raphael Warnock,398
Johnson,Smith,U.S. Senate (Special),,Republican,Kelly Loeffler (I),29
Johnson,Smith,U.S. Senate (Special),,Democrat,Raphael Warnock,16
Johnson,Bray,U.S. Senate (Special),,Republican,Kelly Loeffler (I),35
Johnson,Bray,U.S. Senate (Special),,Democrat,Raphael Warnock,61
Johnson,Kite,U.S. Senate (Special),,Republican,Kelly Loeffler (I),19
Johnson,Kite,U.S. Senate (Special),,Democrat,Raphael Warnock,14
Jones,Gray,U.S. Senate,,Republican,David A. Perdue (I),75
Jones,Gray,U.S. Senate,,Democrat,Jon Ossoff,239
Jones,Hawkins,U.S. Senate,,Republican,David A. Perdue (I),254
Jones,Hawkins,U.S. Senate,,Democrat,Jon Ossoff,527
Jones,Ethridge,U.S. Senate,,Republican,David A. Perdue (I),93
Jones,Ethridge,U.S. Senate,,Democrat,Jon Ossoff,173
Jones,Clinton,U.S. Senate,,Republican,David A. Perdue (I),74
Jones,Clinton,U.S. Senate,,Democrat,Jon Ossoff,197
Jones,Roberts,U.S. Senate,,Republican,David A. Perdue (I),169
Jones,Roberts,U.S. Senate,,Democrat,Jon Ossoff,214
Jones,Davidson,U.S. Senate,,Republican,David A. Perdue (I),47
Jones,Davidson,U.S. Senate,,Democrat,Jon Ossoff,71
Jones,Pope,U.S. Senate,,Republican,David A. Perdue (I),123
Jones,Pope,U.S. Senate,,Democrat,Jon Ossoff,150
Jones,Barron,U.S. Senate,,Republican,David A. Perdue (I),67
Jones,Barron,U.S. Senate,,Democrat,Jon Ossoff,92
Jones,Sanders,U.S. Senate,,Republican,David A. Perdue (I),14
Jones,Sanders,U.S. Senate,,Democrat,Jon Ossoff,3
Jones,Finney,U.S. Senate,,Republican,David A. Perdue (I),126
Jones,Finney,U.S. Senate,,Democrat,Jon Ossoff,177
Jones,Gray,U.S. Senate (Special),,Republican,Kelly Loeffler (I),77
Jones,Gray,U.S. Senate (Special),,Democrat,Raphael Warnock,238
Jones,Hawkins,U.S. Senate (Special),,Republican,Kelly Loeffler (I),257
Jones,Hawkins,U.S. Senate (Special),,Democrat,Raphael Warnock,530
Jones,Ethridge,U.S. Senate (Special),,Republican,Kelly Loeffler (I),94
Jones,Ethridge,U.S. Senate (Special),,Democrat,Raphael Warnock,175
Jones,Clinton,U.S. Senate (Special),,Republican,Kelly Loeffler (I),75
Jones,Clinton,U.S. Senate (Special),,Democrat,Raphael Warnock,199
Jones,Roberts,U.S. Senate (Special),,Republican,Kelly Loeffler (I),166
Jones,Roberts,U.S. Senate (Special),,Democrat,Raphael Warnock,214
Jones,Davidson,U.S. Senate (Special),,Republican,Kelly Loeffler (I),49
Jones,Davidson,U.S. Senate (Special),,Democrat,Raphael Warnock,69
Jones,Pope,U.S. Senate (Special),,Republican,Kelly Loeffler (I),125
Jones,Pope,U.S. Senate (Special),,Democrat,Raphael Warnock,152
Jones,Barron,U.S. Senate (Special),,Republican,Kelly Loeffler (I),71
Jones,Barron,U.S. Senate (Special),,Democrat,Raphael Warnock,94
Jones,Sanders,U.S. Senate (Special),,Republican,Kelly Loeffler (I),15
Jones,Sanders,U.S. Senate (Special),,Democrat,Raphael Warnock,3
Jones,Finney,U.S. Senate (Special),,Republican,Kelly Loeffler (I),131
Jones,Finney,U.S. Senate (Special),,Democrat,Raphael Warnock,176
Lamar,Barnesville,U.S. Senate,,Republican,David A. Perdue (I),223
Lamar,Barnesville,U.S. Senate,,Democrat,Jon Ossoff,368
Lamar,Chappell Mill V FD,U.S. Senate,,Republican,David A. Perdue (I),43
Lamar,Chappell Mill V FD,U.S. Senate,,Democrat,Jon Ossoff,58
Lamar,Senior Citizen Bldg,U.S. Senate,,Republican,David A. Perdue (I),92
Lamar,Senior Citizen Bldg,U.S. Senate,,Democrat,Jon Ossoff,136
Lamar,Redbone,U.S. Senate,,Republican,David A. Perdue (I),26
Lamar,Redbone,U.S. Senate,,Democrat,Jon Ossoff,24
Lamar,L C S C,U.S. Senate,,Republican,David A. Perdue (I),114
Lamar,L C S C,U.S. Senate,,Democrat,Jon Ossoff,154
Lamar,Milner,U.S. Senate,,Republican,David A. Perdue (I),140
Lamar,Milner,U.S. Senate,,Democrat,Jon Ossoff,194
Lamar,Barnesville,U.S. Senate (Special),,Republican,Kelly Loeffler (I),224
Lamar,Barnesville,U.S. Senate (Special),,Democrat,Raphael Warnock,372
Lamar,Chappell Mill V FD,U.S. Senate (Special),,Republican,Kelly Loeffler (I),44
Lamar,Chappell Mill V FD,U.S. Senate (Special),,Democrat,Raphael Warnock,61
Lamar,Senior Citizen Bldg,U.S. Senate (Special),,Republican,Kelly Loeffler (I),94
Lamar,Senior Citizen Bldg,U.S. Senate (Special),,Democrat,Raphael Warnock,139
Lamar,Redbone,U.S. Senate (Special),,Republican,Kelly Loeffler (I),28
Lamar,Redbone,U.S. Senate (Special),,Democrat,Raphael Warnock,24
Lamar,L C S C,U.S. Senate (Special),,Republican,Kelly Loeffler (I),115
Lamar,L C S C,U.S. Senate (Special),,Democrat,Raphael Warnock,157
Lamar,Milner,U.S. Senate (Special),,Republican,Kelly Loeffler (I),138
Lamar,Milner,U.S. Senate (Special),,Democrat,Raphael Warnock,198
Lanier,Lakeland,U.S. Senate,,Republican,David A. Perdue (I),235
Lanier,Lakeland,U.S. Senate,,Democrat,Jon Ossoff,398
Lanier,Lakeland,U.S. Senate (Special),,Republican,Kelly Loeffler (I),236
Lanier,Lakeland,U.S. Senate (Special),,Democrat,Raphael Warnock,399
Laurens,FBC-FLC,U.S. Senate,,Republican,David A. Perdue (I),249
Laurens,FBC-FLC,U.S. Senate,,Democrat,Jon Ossoff,465
Laurens,Calhoun Park,U.S. Senate,,Republican,David A. Perdue (I),602
Laurens,Calhoun Park,U.S. Senate,,Democrat,Jon Ossoff,827
Laurens,Fire Dept Sta 5,U.S. Senate,,Republican,David A. Perdue (I),145
Laurens,Fire Dept Sta 5,U.S. Senate,,Democrat,Jon Ossoff,350
Laurens,Buckeye,U.S. Senate,,Republican,David A. Perdue (I),87
Laurens,Buckeye,U.S. Senate,,Democrat,Jon Ossoff,105
Laurens,Burch,U.S. Senate,,Republican,David A. Perdue (I),19
Laurens,Burch,U.S. Senate,,Democrat,Jon Ossoff,16
Laurens,Cadwell,U.S. Senate,,Republican,David A. Perdue (I),35
Laurens,Cadwell,U.S. Senate,,Democrat,Jon Ossoff,22
Laurens,Brewton,U.S. Senate,,Republican,David A. Perdue (I),76
Laurens,Brewton,U.S. Senate,,Democrat,Jon Ossoff,85
Laurens,Dudley,U.S. Senate,,Republican,David A. Perdue (I),44
Laurens,Dudley,U.S. Senate,,Democrat,Jon Ossoff,49
Laurens,Hampton Mill,U.S. Senate,,Republican,David A. Perdue (I),81
Laurens,Hampton Mill,U.S. Senate,,Democrat,Jon Ossoff,37
Laurens,Harvard,U.S. Senate,,Republican,David A. Perdue (I),55
Laurens,Harvard,U.S. Senate,,Democrat,Jon Ossoff,34
Laurens,Minter,U.S. Senate,,Republican,David A. Perdue (I),11
Laurens,Minter,U.S. Senate,,Democrat,Jon Ossoff,9
Laurens,Rural Fire Sta 17,U.S. Senate,,Republican,David A. Perdue (I),102
Laurens,Rural Fire Sta 17,U.S. Senate,,Democrat,Jon Ossoff,137
Laurens,W T Adams Fire Sta 18,U.S. Senate,,Republican,David A. Perdue (I),102
Laurens,W T Adams Fire Sta 18,U.S. Senate,,Democrat,Jon Ossoff,202
Laurens,Reedy Springs,U.S. Senate,,Republican,David A. Perdue (I),39
Laurens,Reedy Springs,U.S. Senate,,Democrat,Jon Ossoff,28
Laurens,Smith,U.S. Senate,,Republican,David A. Perdue (I),264
Laurens,Smith,U.S. Senate,,Democrat,Jon Ossoff,357
Laurens,LCFS 10 Valambrosia,U.S. Senate,,Republican,David A. Perdue (I),127
Laurens,LCFS 10 Valambrosia,U.S. Senate,,Democrat,Jon Ossoff,227
Laurens,FBC-FLC,U.S. Senate (Special),,Republican,Kelly Loeffler (I),249
Laurens,FBC-FLC,U.S. Senate (Special),,Democrat,Raphael Warnock,467
Laurens,Calhoun Park,U.S. Senate (Special),,Republican,Kelly Loeffler (I),611
Laurens,Calhoun Park,U.S. Senate (Special),,Democrat,Raphael Warnock,830
Laurens,Fire Dept Sta 5,U.S. Senate (Special),,Republican,Kelly Loeffler (I),146
Laurens,Fire Dept Sta 5,U.S. Senate (Special),,Democrat,Raphael Warnock,351
Laurens,Buckeye,U.S. Senate (Special),,Republican,Kelly Loeffler (I),86
Laurens,Buckeye,U.S. Senate (Special),,Democrat,Raphael Warnock,105
Laurens,Burch,U.S. Senate (Special),,Republican,Kelly Loeffler (I),19
Laurens,Burch,U.S. Senate (Special),,Democrat,Raphael Warnock,16
Laurens,Cadwell,U.S. Senate (Special),,Republican,Kelly Loeffler (I),35
Laurens,Cadwell,U.S. Senate (Special),,Democrat,Raphael Warnock,22
Laurens,Brewton,U.S. Senate (Special),,Republican,Kelly Loeffler (I),76
Laurens,Brewton,U.S. Senate (Special),,Democrat,Raphael Warnock,86
Laurens,Dudley,U.S. Senate (Special),,Republican,Kelly Loeffler (I),45
Laurens,Dudley,U.S. Senate (Special),,Democrat,Raphael Warnock,50
Laurens,Hampton Mill,U.S. Senate (Special),,Republican,Kelly Loeffler (I),83
Laurens,Hampton Mill,U.S. Senate (Special),,Democrat,Raphael Warnock,39
Laurens,Harvard,U.S. Senate (Special),,Republican,Kelly Loeffler (I),56
Laurens,Harvard,U.S. Senate (Special),,Democrat,Raphael Warnock,34
Laurens,Minter,U.S. Senate (Special),,Republican,Kelly Loeffler (I),12
Laurens,Minter,U.S. Senate (Special),,Democrat,Raphael Warnock,9
Laurens,Rural Fire Sta 17,U.S. Senate (Special),,Republican,Kelly Loeffler (I),105
Laurens,Rural Fire Sta 17,U.S. Senate (Special),,Democrat,Raphael Warnock,137
Laurens,W T Adams Fire Sta 18,U.S. Senate (Special),,Republican,Kelly Loeffler (I),102
Laurens,W T Adams Fire Sta 18,U.S. Senate (Special),,Democrat,Raphael Warnock,200
Laurens,Reedy Springs,U.S. Senate (Special),,Republican,Kelly Loeffler (I),39
Laurens,Reedy Springs,U.S. Senate (Special),,Democrat,Raphael Warnock,30
Laurens,Smith,U.S. Senate (Special),,Republican,Kelly Loeffler (I),269
Laurens,Smith,U.S. Senate (Special),,Democrat,Raphael Warnock,362
Laurens,LCFS 10 Valambrosia,U.S. Senate (Special),,Republican,Kelly Loeffler (I),130
Laurens,LCFS 10 Valambrosia,U.S. Senate (Special),,Democrat,Raphael Warnock,227
Lee,Chokee,U.S. Senate,,Republican,David A. Perdue (I),41
Lee,Chokee,U.S. Senate,,Democrat,Jon Ossoff,47
Lee,Redbone,U.S. Senate,,Republican,David A. Perdue (I),159
Lee,Redbone,U.S. Senate,,Democrat,Jon Ossoff,325
Lee,Smithville,U.S. Senate,,Republican,David A. Perdue (I),113
Lee,Smithville,U.S. Senate,,Democrat,Jon Ossoff,85
Lee,CJC,U.S. Senate,,Republican,David A. Perdue (I),10
Lee,CJC,U.S. Senate,,Democrat,Jon Ossoff,36
Lee,Leesburg,U.S. Senate,,Republican,David A. Perdue (I),164
Lee,Leesburg,U.S. Senate,,Democrat,Jon Ossoff,312
Lee,Friendship Baptist,U.S. Senate,,Republican,David A. Perdue (I),31
Lee,Friendship Baptist,U.S. Senate,,Democrat,Jon Ossoff,100
Lee,First Baptist,U.S. Senate,,Republican,David A. Perdue (I),186
Lee,First Baptist,U.S. Senate,,Democrat,Jon Ossoff,445
Lee,SDA Church,U.S. Senate,,Republican,David A. Perdue (I),70
Lee,SDA Church,U.S. Senate,,Democrat,Jon Ossoff,134
Lee,Flint Reformed Baptist,U.S. Senate,,Republican,David A. Perdue (I),111
Lee,Flint Reformed Baptist,U.S. Senate,,Democrat,Jon Ossoff,209
Lee,Century Fire Station,U.S. Senate,,Republican,David A. Perdue (I),189
Lee,Century Fire Station,U.S. Senate,,Democrat,Jon Ossoff,351
Lee,Chokee,U.S. Senate (Special),,Republican,Kelly Loeffler (I),41
Lee,Chokee,U.S. Senate (Special),,Democrat,Raphael Warnock,47
Lee,Redbone,U.S. Senate (Special),,Republican,Kelly Loeffler (I),160
Lee,Redbone,U.S. Senate (Special),,Democrat,Raphael Warnock,329
Lee,Smithville,U.S. Senate (Special),,Republican,Kelly Loeffler (I),110
Lee,Smithville,U.S. Senate (Special),,Democrat,Raphael Warnock,86
Lee,CJC,U.S. Senate (Special),,Republican,Kelly Loeffler (I),10
Lee,CJC,U.S. Senate (Special),,Democrat,Raphael Warnock,37
Lee,Leesburg,U.S. Senate (Special),,Republican,Kelly Loeffler (I),161
Lee,Leesburg,U.S. Senate (Special),,Democrat,Raphael Warnock,312
Lee,Friendship Baptist,U.S. Senate (Special),,Republican,Kelly Loeffler (I),32
Lee,Friendship Baptist,U.S. Senate (Special),,Democrat,Raphael Warnock,101
Lee,First Baptist,U.S. Senate (Special),,Republican,Kelly Loeffler (I),183
Lee,First Baptist,U.S. Senate (Special),,Democrat,Raphael Warnock,443
Lee,SDA Church,U.S. Senate (Special),,Republican,Kelly Loeffler (I),70
Lee,SDA Church,U.S. Senate (Special),,Democrat,Raphael Warnock,133
Lee,Flint Reformed Baptist,U.S. Senate (Special),,Republican,Kelly Loeffler (I),112
Lee,Flint Reformed Baptist,U.S. Senate (Special),,Democrat,Raphael Warnock,213
Lee,Century Fire Station,U.S. Senate (Special),,Republican,Kelly Loeffler (I),192
Lee,Century Fire Station,U.S. Senate (Special),,Democrat,Raphael Warnock,349
Liberty,Riceboro Youth Center,U.S. Senate,,Republican,David A. Perdue (I),122
Liberty,Riceboro Youth Center,U.S. Senate,,Democrat,Jon Ossoff,293
Liberty,Lyman Hall School,U.S. Senate,,Republican,David A. Perdue (I),308
Liberty,Lyman Hall School,U.S. Senate,,Democrat,Jon Ossoff,790
Liberty,Lewis Frasier School,U.S. Senate,,Republican,David A. Perdue (I),270
Liberty,Lewis Frasier School,U.S. Senate,,Democrat,Jon Ossoff,865
Liberty,Memorial Dr East,U.S. Senate,,Republican,David A. Perdue (I),121
Liberty,Memorial Dr East,U.S. Senate,,Democrat,Jon Ossoff,385
Liberty,Button Gwinnett,U.S. Senate,,Republican,David A. Perdue (I),66
Liberty,Button Gwinnett,U.S. Senate,,Democrat,Jon Ossoff,91
Liberty,Town of Allenhurst,U.S. Senate,,Republican,David A. Perdue (I),208
Liberty,Town of Allenhurst,U.S. Senate,,Democrat,Jon Ossoff,574
Liberty,Hinesville,U.S. Senate,,Republican,David A. Perdue (I),108
Liberty,Hinesville,U.S. Senate,,Democrat,Jon Ossoff,295
Liberty,Liberty County Complex,U.S. Senate,,Republican,David A. Perdue (I),200
Liberty,Liberty County Complex,U.S. Senate,,Democrat,Jon Ossoff,849
Liberty,Walthourville,U.S. Senate,,Republican,David A. Perdue (I),214
Liberty,Walthourville,U.S. Senate,,Democrat,Jon Ossoff,679
Liberty,Fleming West,U.S. Senate,,Republican,David A. Perdue (I),41
Liberty,Fleming West,U.S. Senate,,Democrat,Jon Ossoff,115
Liberty,Fleming East,U.S. Senate,,Republican,David A. Perdue (I),117
Liberty,Fleming East,U.S. Senate,,Democrat,Jon Ossoff,285
Liberty,Gum Branch,U.S. Senate,,Republican,David A. Perdue (I),115
Liberty,Gum Branch,U.S. Senate,,Democrat,Jon Ossoff,388
Liberty,Hinesville Lodge 271,U.S. Senate,,Republican,David A. Perdue (I),194
Liberty,Hinesville Lodge 271,U.S. Senate,,Democrat,Jon Ossoff,475
Liberty,Riceboro Youth Center,U.S. Senate (Special),,Republican,Kelly Loeffler (I),124
Liberty,Riceboro Youth Center,U.S. Senate (Special),,Democrat,Raphael Warnock,296
Liberty,Lyman Hall School,U.S. Senate (Special),,Republican,Kelly Loeffler (I),303
Liberty,Lyman Hall School,U.S. Senate (Special),,Democrat,Raphael Warnock,795
Liberty,Lewis Frasier School,U.S. Senate (Special),,Republican,Kelly Loeffler (I),272
Liberty,Lewis Frasier School,U.S. Senate (Special),,Democrat,Raphael Warnock,864
Liberty,Memorial Dr East,U.S. Senate (Special),,Republican,Kelly Loeffler (I),123
Liberty,Memorial Dr East,U.S. Senate (Special),,Democrat,Raphael Warnock,389
Liberty,Button Gwinnett,U.S. Senate (Special),,Republican,Kelly Loeffler (I),65
Liberty,Button Gwinnett,U.S. Senate (Special),,Democrat,Raphael Warnock,91
Liberty,Town of Allenhurst,U.S. Senate (Special),,Republican,Kelly Loeffler (I),209
Liberty,Town of Allenhurst,U.S. Senate (Special),,Democrat,Raphael Warnock,575
Liberty,Hinesville,U.S. Senate (Special),,Republican,Kelly Loeffler (I),108
Liberty,Hinesville,U.S. Senate (Special),,Democrat,Raphael Warnock,302
Liberty,Liberty County Complex,U.S. Senate (Special),,Republican,Kelly Loeffler (I),201
Liberty,Liberty County Complex,U.S. Senate (Special),,Democrat,Raphael Warnock,854
Liberty,Walthourville,U.S. Senate (Special),,Republican,Kelly Loeffler (I),214
Liberty,Walthourville,U.S. Senate (Special),,Democrat,Raphael Warnock,678
Liberty,Fleming West,U.S. Senate (Special),,Republican,Kelly Loeffler (I),42
Liberty,Fleming West,U.S. Senate (Special),,Democrat,Raphael Warnock,115
Liberty,Fleming East,U.S. Senate (Special),,Republican,Kelly Loeffler (I),120
Liberty,Fleming East,U.S. Senate (Special),,Democrat,Raphael Warnock,286
Liberty,Gum Branch,U.S. Senate (Special),,Republican,Kelly Loeffler (I),118
Liberty,Gum Branch,U.S. Senate (Special),,Democrat,Raphael Warnock,388
Liberty,Hinesville Lodge 271,U.S. Senate (Special),,Republican,Kelly Loeffler (I),191
Liberty,Hinesville Lodge 271,U.S. Senate (Special),,Democrat,Raphael Warnock,476
Lincoln,Midway,U.S. Senate,,Republican,David A. Perdue (I),24
Lincoln,Midway,U.S. Senate,,Democrat,Jon Ossoff,33
Lincoln,Lincoln Club House,U.S. Senate,,Republican,David A. Perdue (I),64
Lincoln,Lincoln Club House,U.S. Senate,,Democrat,Jon Ossoff,112
Lincoln,Lincoln Center,U.S. Senate,,Republican,David A. Perdue (I),55
Lincoln,Lincoln Center,U.S. Senate,,Democrat,Jon Ossoff,103
Lincoln,Faith Temple of Lincoln,U.S. Senate,,Republican,David A. Perdue (I),29
Lincoln,Faith Temple of Lincoln,U.S. Senate,,Democrat,Jon Ossoff,40
Lincoln,Tabernacle,U.S. Senate,,Republican,David A. Perdue (I),59
Lincoln,Tabernacle,U.S. Senate,,Democrat,Jon Ossoff,103
Lincoln,Bethany Church,U.S. Senate,,Republican,David A. Perdue (I),12
Lincoln,Bethany Church,U.S. Senate,,Democrat,Jon Ossoff,34
Lincoln,Martins Crossroad,U.S. Senate,,Republican,David A. Perdue (I),32
Lincoln,Martins Crossroad,U.S. Senate,,Democrat,Jon Ossoff,69
Lincoln,Midway,U.S. Senate (Special),,Republican,Kelly Loeffler (I),26
Lincoln,Midway,U.S. Senate (Special),,Democrat,Raphael Warnock,32
Lincoln,Lincoln Club House,U.S. Senate (Special),,Republican,Kelly Loeffler (I),63
Lincoln,Lincoln Club House,U.S. Senate (Special),,Democrat,Raphael Warnock,111
Lincoln,Lincoln Center,U.S. Senate (Special),,Republican,Kelly Loeffler (I),57
Lincoln,Lincoln Center,U.S. Senate (Special),,Democrat,Raphael Warnock,103
Lincoln,Faith Temple of Lincoln,U.S. Senate (Special),,Republican,Kelly Loeffler (I),30
Lincoln,Faith Temple of Lincoln,U.S. Senate (Special),,Democrat,Raphael Warnock,39
Lincoln,Tabernacle,U.S. Senate (Special),,Republican,Kelly Loeffler (I),62
Lincoln,Tabernacle,U.S. Senate (Special),,Democrat,Raphael Warnock,106
Lincoln,Bethany Church,U.S. Senate (Special),,Republican,Kelly Loeffler (I),11
Lincoln,Bethany Church,U.S. Senate (Special),,Democrat,Raphael Warnock,34
Lincoln,Martins Crossroad,U.S. Senate (Special),,Republican,Kelly Loeffler (I),32
Lincoln,Martins Crossroad,U.S. Senate (Special),,Democrat,Raphael Warnock,68
Long,Beards Creek,U.S. Senate,,Republican,David A. Perdue (I),82
Long,Beards Creek,U.S. Senate,,Democrat,Jon Ossoff,119
Long,Rye Patch/Oak Dale,U.S. Senate,,Republican,David A. Perdue (I),117
Long,Rye Patch/Oak Dale,U.S. Senate,,Democrat,Jon Ossoff,273
Long,South Ludowici,U.S. Senate,,Republican,David A. Perdue (I),101
Long,South Ludowici,U.S. Senate,,Democrat,Jon Ossoff,130
Long,North Ludowici,U.S. Senate,,Republican,David A. Perdue (I),113
Long,North Ludowici,U.S. Senate,,Democrat,Jon Ossoff,257
Long,Tibet,U.S. Senate,,Republican,David A. Perdue (I),17
Long,Tibet,U.S. Senate,,Democrat,Jon Ossoff,40
Long,Alma Flournoy,U.S. Senate,,Republican,David A. Perdue (I),5
Long,Alma Flournoy,U.S. Senate,,Democrat,Jon Ossoff,7
Long,Faith Baptist Annex,U.S. Senate,,Republican,David A. Perdue (I),23
Long,Faith Baptist Annex,U.S. Senate,,Democrat,Jon Ossoff,65
Long,Beards Creek,U.S. Senate (Special),,Republican,Kelly Loeffler (I),85
Long,Beards Creek,U.S. Senate (Special),,Democrat,Raphael Warnock,121
Long,Rye Patch/Oak Dale,U.S. Senate (Special),,Republican,Kelly Loeffler (I),116
Long,Rye Patch/Oak Dale,U.S. Senate (Special),,Democrat,Raphael Warnock,272
Long,South Ludowici,U.S. Senate (Special),,Republican,Kelly Loeffler (I),104
Long,South Ludowici,U.S. Senate (Special),,Democrat,Raphael Warnock,131
Long,North Ludowici,U.S. Senate (Special),,Republican,Kelly Loeffler (I),111
Long,North Ludowici,U.S. Senate (Special),,Democrat,Raphael Warnock,259
Long,Tibet,U.S. Senate (Special),,Republican,Kelly Loeffler (I),17
Long,Tibet,U.S. Senate (Special),,Democrat,Raphael Warnock,40
Long,Alma Flournoy,U.S. Senate (Special),,Republican,Kelly Loeffler (I),5
Long,Alma Flournoy,U.S. Senate (Special),,Democrat,Raphael Warnock,8
Long,Faith Baptist Annex,U.S. Senate (Special),,Republican,Kelly Loeffler (I),23
Long,Faith Baptist Annex,U.S. Senate (Special),,Democrat,Raphael Warnock,64
Lowndes,Hahira Train Depot,U.S. Senate,,Republican,David A. Perdue (I),205
Lowndes,Hahira Train Depot,U.S. Senate,,Democrat,Jon Ossoff,313
Lowndes,Trinity,U.S. Senate,,Republican,David A. Perdue (I),494
Lowndes,Trinity,U.S. Senate,,Democrat,Jon Ossoff,1446
Lowndes,Northside,U.S. Senate,,Republican,David A. Perdue (I),743
Lowndes,Northside,U.S. Senate,,Democrat,Jon Ossoff,1904
Lowndes,Naylor,U.S. Senate,,Republican,David A. Perdue (I),88
Lowndes,Naylor,U.S. Senate,,Democrat,Jon Ossoff,140
Lowndes,Rainwater,U.S. Senate,,Republican,David A. Perdue (I),385
Lowndes,Rainwater,U.S. Senate,,Democrat,Jon Ossoff,1062
Lowndes,Mildred,U.S. Senate,,Republican,David A. Perdue (I),372
Lowndes,Mildred,U.S. Senate,,Democrat,Jon Ossoff,691
Lowndes,Clyattville,U.S. Senate,,Republican,David A. Perdue (I),152
Lowndes,Clyattville,U.S. Senate,,Democrat,Jon Ossoff,301
Lowndes,Dasher,U.S. Senate,,Republican,David A. Perdue (I),91
Lowndes,Dasher,U.S. Senate,,Democrat,Jon Ossoff,207
Lowndes,S Lowndes,U.S. Senate,,Republican,David A. Perdue (I),150
Lowndes,S Lowndes,U.S. Senate,,Democrat,Jon Ossoff,202
Lowndes,VSU UC # 2,U.S. Senate,,Republican,David A. Perdue (I),12
Lowndes,VSU UC # 2,U.S. Senate,,Democrat,Jon Ossoff,18
Lowndes,Jaycee Shack,U.S. Senate,,Republican,David A. Perdue (I),449
Lowndes,Jaycee Shack,U.S. Senate,,Democrat,Jon Ossoff,1187
Lowndes,Northgate Assembly,U.S. Senate,,Republican,David A. Perdue (I),53
Lowndes,Northgate Assembly,U.S. Senate,,Democrat,Jon Ossoff,177
Lowndes,Mt Calvary,U.S. Senate,,Republican,David A. Perdue (I),271
Lowndes,Mt Calvary,U.S. Senate,,Democrat,Jon Ossoff,714
Lowndes,Hahira Train Depot,U.S. Senate (Special),,Republican,Kelly Loeffler (I),207
Lowndes,Hahira Train Depot,U.S. Senate (Special),,Democrat,Raphael Warnock,313
Lowndes,Trinity,U.S. Senate (Special),,Republican,Kelly Loeffler (I),495
Lowndes,Trinity,U.S. Senate (Special),,Democrat,Raphael Warnock,1450
Lowndes,Northside,U.S. Senate (Special),,Republican,Kelly Loeffler (I),749
Lowndes,Northside,U.S. Senate (Special),,Democrat,Raphael Warnock,1904
Lowndes,Naylor,U.S. Senate (Special),,Republican,Kelly Loeffler (I),89
Lowndes,Naylor,U.S. Senate (Special),,Democrat,Raphael Warnock,141
Lowndes,Rainwater,U.S. Senate (Special),,Republican,Kelly Loeffler (I),389
Lowndes,Rainwater,U.S. Senate (Special),,Democrat,Raphael Warnock,1060
Lowndes,Mildred,U.S. Senate (Special),,Republican,Kelly Loeffler (I),370
Lowndes,Mildred,U.S. Senate (Special),,Democrat,Raphael Warnock,696
Lowndes,Clyattville,U.S. Senate (Special),,Republican,Kelly Loeffler (I),148
Lowndes,Clyattville,U.S. Senate (Special),,Democrat,Raphael Warnock,300
Lowndes,Dasher,U.S. Senate (Special),,Republican,Kelly Loeffler (I),87
Lowndes,Dasher,U.S. Senate (Special),,Democrat,Raphael Warnock,209
Lowndes,S Lowndes,U.S. Senate (Special),,Republican,Kelly Loeffler (I),149
Lowndes,S Lowndes,U.S. Senate (Special),,Democrat,Raphael Warnock,203
Lowndes,VSU UC # 2,U.S. Senate (Special),,Republican,Kelly Loeffler (I),12
Lowndes,VSU UC # 2,U.S. Senate (Special),,Democrat,Raphael Warnock,18
Lowndes,Jaycee Shack,U.S. Senate (Special),,Republican,Kelly Loeffler (I),445
Lowndes,Jaycee Shack,U.S. Senate (Special),,Democrat,Raphael Warnock,1187
Lowndes,Northgate Assembly,U.S. Senate (Special),,Republican,Kelly Loeffler (I),55
Lowndes,Northgate Assembly,U.S. Senate (Special),,Democrat,Raphael Warnock,179
Lowndes,Mt Calvary,U.S. Senate (Special),,Republican,Kelly Loeffler (I),273
Lowndes,Mt Calvary,U.S. Senate (Special),,Democrat,Raphael Warnock,714
Lumpkin,Dahlonega,U.S. Senate,,Republican,David A. Perdue (I),417
Lumpkin,Dahlonega,U.S. Senate,,Democrat,Jon Ossoff,1317
Lumpkin,Dahlonega,U.S. Senate (Special),,Republican,Kelly Loeffler (I),427
Lumpkin,Dahlonega,U.S. Senate (Special),,Democrat,Raphael Warnock,1338
Macon,Ideal,U.S. Senate,,Republican,David A. Perdue (I),87
Macon,Ideal,U.S. Senate,,Democrat,Jon Ossoff,210
Macon,Oglethorpe,U.S. Senate,,Republican,David A. Perdue (I),79
Macon,Oglethorpe,U.S. Senate,,Democrat,Jon Ossoff,290
Macon,Marshallville,U.S. Senate,,Republican,David A. Perdue (I),232
Macon,Marshallville,U.S. Senate,,Democrat,Jon Ossoff,173
Macon,Montezuma #4,U.S. Senate,,Republican,David A. Perdue (I),154
Macon,Montezuma #4,U.S. Senate,,Democrat,Jon Ossoff,341
Macon,Montezuma #5,U.S. Senate,,Republican,David A. Perdue (I),164
Macon,Montezuma #5,U.S. Senate,,Democrat,Jon Ossoff,309
Macon,Ideal,U.S. Senate (Special),,Republican,Kelly Loeffler (I),93
Macon,Ideal,U.S. Senate (Special),,Democrat,Raphael Warnock,211
Macon,Oglethorpe,U.S. Senate (Special),,Republican,Kelly Loeffler (I),82
Macon,Oglethorpe,U.S. Senate (Special),,Democrat,Raphael Warnock,294
Macon,Marshallville,U.S. Senate (Special),,Republican,Kelly Loeffler (I),234
Macon,Marshallville,U.S. Senate (Special),,Democrat,Raphael Warnock,174
Macon,Montezuma #4,U.S. Senate (Special),,Republican,Kelly Loeffler (I),156
Macon,Montezuma #4,U.S. Senate (Special),,Democrat,Raphael Warnock,337
Macon,Montezuma #5,U.S. Senate (Special),,Republican,Kelly Loeffler (I),164
Macon,Montezuma #5,U.S. Senate (Special),,Democrat,Raphael Warnock,311
Madison,Colbert,U.S. Senate,,Republican,David A. Perdue (I),170
Madison,Colbert,U.S. Senate,,Democrat,Jon Ossoff,248
Madison,Collins,U.S. Senate,,Republican,David A. Perdue (I),14
Madison,Collins,U.S. Senate,,Democrat,Jon Ossoff,26
Madison,Comer,U.S. Senate,,Republican,David A. Perdue (I),89
Madison,Comer,U.S. Senate,,Democrat,Jon Ossoff,102
Madison,Danielsville,U.S. Senate,,Republican,David A. Perdue (I),49
Madison,Danielsville,U.S. Senate,,Democrat,Jon Ossoff,148
Madison,Fork,U.S. Senate,,Republican,David A. Perdue (I),30
Madison,Fork,U.S. Senate,,Democrat,Jon Ossoff,45
Madison,Harrison,U.S. Senate,,Republican,David A. Perdue (I),13
Madison,Harrison,U.S. Senate,,Democrat,Jon Ossoff,13
Madison,Hull,U.S. Senate,,Republican,David A. Perdue (I),261
Madison,Hull,U.S. Senate,,Democrat,Jon Ossoff,386
Madison,Ila,U.S. Senate,,Republican,David A. Perdue (I),33
Madison,Ila,U.S. Senate,,Democrat,Jon Ossoff,51
Madison,Mill,U.S. Senate,,Republican,David A. Perdue (I),39
Madison,Mill,U.S. Senate,,Democrat,Jon Ossoff,58
Madison,Paoli,U.S. Senate,,Republican,David A. Perdue (I),11
Madison,Paoli,U.S. Senate,,Democrat,Jon Ossoff,6
Madison,Pittman,U.S. Senate,,Republican,David A. Perdue (I),58
Madison,Pittman,U.S. Senate,,Democrat,Jon Ossoff,90
Madison,Poca,U.S. Senate,,Republican,David A. Perdue (I),27
Madison,Poca,U.S. Senate,,Democrat,Jon Ossoff,35
Madison,Colbert,U.S. Senate (Special),,Republican,Kelly Loeffler (I),177
Madison,Colbert,U.S. Senate (Special),,Democrat,Raphael Warnock,248
Madison,Collins,U.S. Senate (Special),,Republican,Kelly Loeffler (I),14
Madison,Collins,U.S. Senate (Special),,Democrat,Raphael Warnock,26
Madison,Comer,U.S. Senate (Special),,Republican,Kelly Loeffler (I),91
Madison,Comer,U.S. Senate (Special),,Democrat,Raphael Warnock,104
Madison,Danielsville,U.S. Senate (Special),,Republican,Kelly Loeffler (I),47
Madison,Danielsville,U.S. Senate (Special),,Democrat,Raphael Warnock,150
Madison,Fork,U.S. Senate (Special),,Republican,Kelly Loeffler (I),33
Madison,Fork,U.S. Senate (Special),,Democrat,Raphael Warnock,45
Madison,Harrison,U.S. Senate (Special),,Republican,Kelly Loeffler (I),16
Madison,Harrison,U.S. Senate (Special),,Democrat,Raphael Warnock,15
Madison,Hull,U.S. Senate (Special),,Republican,Kelly Loeffler (I),265
Madison,Hull,U.S. Senate (Special),,Democrat,Raphael Warnock,386
Madison,Ila,U.S. Senate (Special),,Republican,Kelly Loeffler (I),33
Madison,Ila,U.S. Senate (Special),,Democrat,Raphael Warnock,55
Madison,Mill,U.S. Senate (Special),,Republican,Kelly Loeffler (I),38
Madison,Mill,U.S. Senate (Special),,Democrat,Raphael Warnock,59
Madison,Paoli,U.S. Senate (Special),,Republican,Kelly Loeffler (I),11
Madison,Paoli,U.S. Senate (Special),,Democrat,Raphael Warnock,6
Madison,Pittman,U.S. Senate (Special),,Republican,Kelly Loeffler (I),60
Madison,Pittman,U.S. Senate (Special),,Democrat,Raphael Warnock,88
Madison,Poca,U.S. Senate (Special),,Republican,Kelly Loeffler (I),26
Madison,Poca,U.S. Senate (Special),,Democrat,Raphael Warnock,34
Marion,Pineknot,U.S. Senate,,Republican,David A. Perdue (I),18
Marion,Pineknot,U.S. Senate,,Democrat,Jon Ossoff,24
Marion,Buena Vista,U.S. Senate,,Republican,David A. Perdue (I),177
Marion,Buena Vista,U.S. Senate,,Democrat,Jon Ossoff,483
Marion,Tazewell,U.S. Senate,,Republican,David A. Perdue (I),11
Marion,Tazewell,U.S. Senate,,Democrat,Jon Ossoff,13
Marion,Brantley,U.S. Senate,,Republican,David A. Perdue (I),7
Marion,Brantley,U.S. Senate,,Democrat,Jon Ossoff,12
Marion,Fort Perry,U.S. Senate,,Republican,David A. Perdue (I),24
Marion,Fort Perry,U.S. Senate,,Democrat,Jon Ossoff,39
Marion,Pineknot,U.S. Senate (Special),,Republican,Kelly Loeffler (I),20
Marion,Pineknot,U.S. Senate (Special),,Democrat,Raphael Warnock,25
Marion,Buena Vista,U.S. Senate (Special),,Republican,Kelly Loeffler (I),175
Marion,Buena Vista,U.S. Senate (Special),,Democrat,Raphael Warnock,479
Marion,Tazewell,U.S. Senate (Special),,Republican,Kelly Loeffler (I),12
Marion,Tazewell,U.S. Senate (Special),,Democrat,Raphael Warnock,13
Marion,Brantley,U.S. Senate (Special),,Republican,Kelly Loeffler (I),7
Marion,Brantley,U.S. Senate (Special),,Democrat,Raphael Warnock,12
Marion,Fort Perry,U.S. Senate (Special),,Republican,Kelly Loeffler (I),23
Marion,Fort Perry,U.S. Senate (Special),,Democrat,Raphael Warnock,39
McDuffie,131,U.S. Senate,,Republican,David A. Perdue (I),99
McDuffie,131,U.S. Senate,,Democrat,Jon Ossoff,279
McDuffie,132,U.S. Senate,,Republican,David A. Perdue (I),14
McDuffie,132,U.S. Senate,,Democrat,Jon Ossoff,48
McDuffie,133A,U.S. Senate,,Republican,David A. Perdue (I),49
McDuffie,133A,U.S. Senate,,Democrat,Jon Ossoff,98
McDuffie,133B,U.S. Senate,,Republican,David A. Perdue (I),67
McDuffie,133B,U.S. Senate,,Democrat,Jon Ossoff,117
McDuffie,134,U.S. Senate,,Republican,David A. Perdue (I),138
McDuffie,134,U.S. Senate,,Democrat,Jon Ossoff,299
McDuffie,135,U.S. Senate,,Republican,David A. Perdue (I),115
McDuffie,135,U.S. Senate,,Democrat,Jon Ossoff,339
McDuffie,136,U.S. Senate,,Republican,David A. Perdue (I),146
McDuffie,136,U.S. Senate,,Democrat,Jon Ossoff,331
McDuffie,137,U.S. Senate,,Republican,David A. Perdue (I),19
McDuffie,137,U.S. Senate,,Democrat,Jon Ossoff,73
McDuffie,139,U.S. Senate,,Republican,David A. Perdue (I),39
McDuffie,139,U.S. Senate,,Democrat,Jon Ossoff,113
McDuffie,131,U.S. Senate (Special),,Republican,Kelly Loeffler (I),98
McDuffie,131,U.S. Senate (Special),,Democrat,Raphael Warnock,278
McDuffie,132,U.S. Senate (Special),,Republican,Kelly Loeffler (I),17
McDuffie,132,U.S. Senate (Special),,Democrat,Raphael Warnock,46
McDuffie,133A,U.S. Senate (Special),,Republican,Kelly Loeffler (I),48
McDuffie,133A,U.S. Senate (Special),,Democrat,Raphael Warnock,96
McDuffie,133B,U.S. Senate (Special),,Republican,Kelly Loeffler (I),66
McDuffie,133B,U.S. Senate (Special),,Democrat,Raphael Warnock,119
McDuffie,134,U.S. Senate (Special),,Republican,Kelly Loeffler (I),141
McDuffie,134,U.S. Senate (Special),,Democrat,Raphael Warnock,303
McDuffie,135,U.S. Senate (Special),,Republican,Kelly Loeffler (I),118
McDuffie,135,U.S. Senate (Special),,Democrat,Raphael Warnock,343
McDuffie,136,U.S. Senate (Special),,Republican,Kelly Loeffler (I),149
McDuffie,136,U.S. Senate (Special),,Democrat,Raphael Warnock,333
McDuffie,137,U.S. Senate (Special),,Republican,Kelly Loeffler (I),20
McDuffie,137,U.S. Senate (Special),,Democrat,Raphael Warnock,74
McDuffie,139,U.S. Senate (Special),,Republican,Kelly Loeffler (I),39
McDuffie,139,U.S. Senate (Special),,Democrat,Raphael Warnock,111
McIntosh,Sapelo Island,U.S. Senate,,Republican,David A. Perdue (I),14
McIntosh,Sapelo Island,U.S. Senate,,Democrat,Jon Ossoff,5
McIntosh,Townsend,U.S. Senate,,Republican,David A. Perdue (I),11
McIntosh,Townsend,U.S. Senate,,Democrat,Jon Ossoff,56
McIntosh,Crescent,U.S. Senate,,Republican,David A. Perdue (I),212
McIntosh,Crescent,U.S. Senate,,Democrat,Jon Ossoff,390
McIntosh,Darien,U.S. Senate,,Republican,David A. Perdue (I),104
McIntosh,Darien,U.S. Senate,,Democrat,Jon Ossoff,315
McIntosh,South Newport,U.S. Senate,,Republican,David A. Perdue (I),40
McIntosh,South Newport,U.S. Senate,,Democrat,Jon Ossoff,179
McIntosh,North Darien,U.S. Senate,,Republican,David A. Perdue (I),95
McIntosh,North Darien,U.S. Senate,,Democrat,Jon Ossoff,240
McIntosh,Sapelo Island,U.S. Senate (Special),,Republican,Kelly Loeffler (I),14
McIntosh,Sapelo Island,U.S. Senate (Special),,Democrat,Raphael Warnock,5
McIntosh,Townsend,U.S. Senate (Special),,Republican,Kelly Loeffler (I),11
McIntosh,Townsend,U.S. Senate (Special),,Democrat,Raphael Warnock,56
McIntosh,Crescent,U.S. Senate (Special),,Republican,Kelly Loeffler (I),212
McIntosh,Crescent,U.S. Senate (Special),,Democrat,Raphael Warnock,394
McIntosh,Darien,U.S. Senate (Special),,Republican,Kelly Loeffler (I),105
McIntosh,Darien,U.S. Senate (Special),,Democrat,Raphael Warnock,315
McIntosh,South Newport,U.S. Senate (Special),,Republican,Kelly Loeffler (I),41
McIntosh,South Newport,U.S. Senate (Special),,Democrat,Raphael Warnock,179
McIntosh,North Darien,U.S. Senate (Special),,Republican,Kelly Loeffler (I),102
McIntosh,North Darien,U.S. Senate (Special),,Democrat,Raphael Warnock,237
Meriwether,Chalybeate,U.S. Senate,,Republican,David A. Perdue (I),12
Meriwether,Chalybeate,U.S. Senate,,Democrat,Jon Ossoff,11
Meriwether,Gill I,U.S. Senate,,Republican,David A. Perdue (I),152
Meriwether,Gill I,U.S. Senate,,Democrat,Jon Ossoff,95
Meriwether,Gill II,U.S. Senate,,Republican,David A. Perdue (I),150
Meriwether,Gill II,U.S. Senate,,Democrat,Jon Ossoff,146
Meriwether,Odessadale,U.S. Senate,,Republican,David A. Perdue (I),32
Meriwether,Odessadale,U.S. Senate,,Democrat,Jon Ossoff,16
Meriwether,Greenville,U.S. Senate,,Republican,David A. Perdue (I),105
Meriwether,Greenville,U.S. Senate,,Democrat,Jon Ossoff,337
Meriwether,Lone Oak,U.S. Senate,,Republican,David A. Perdue (I),97
Meriwether,Lone Oak,U.S. Senate,,Democrat,Jon Ossoff,151
Meriwether,Luthersville,U.S. Senate,,Republican,David A. Perdue (I),183
Meriwether,Luthersville,U.S. Senate,,Democrat,Jon Ossoff,269
Meriwether,Alvaton,U.S. Senate,,Republican,David A. Perdue (I),115
Meriwether,Alvaton,U.S. Senate,,Democrat,Jon Ossoff,127
Meriwether,Gay,U.S. Senate,,Republican,David A. Perdue (I),14
Meriwether,Gay,U.S. Senate,,Democrat,Jon Ossoff,20
Meriwether,Woodbury,U.S. Senate,,Republican,David A. Perdue (I),175
Meriwether,Woodbury,U.S. Senate,,Democrat,Jon Ossoff,126
Meriwether,Warm Springs,U.S. Senate,,Republican,David A. Perdue (I),104
Meriwether,Warm Springs,U.S. Senate,,Democrat,Jon Ossoff,92
Meriwether,Durand,U.S. Senate,,Republican,David A. Perdue (I),44
Meriwether,Durand,U.S. Senate,,Democrat,Jon Ossoff,63
Meriwether,Raleigh,U.S. Senate,,Republican,David A. Perdue (I),14
Meriwether,Raleigh,U.S. Senate,,Democrat,Jon Ossoff,28
Meriwether,Cove,U.S. Senate,,Republican,David A. Perdue (I),5
Meriwether,Cove,U.S. Senate,,Democrat,Jon Ossoff,1
Meriwether,Chalybeate,U.S. Senate (Special),,Republican,Kelly Loeffler (I),12
Meriwether,Chalybeate,U.S. Senate (Special),,Democrat,Raphael Warnock,11
Meriwether,Gill I,U.S. Senate (Special),,Republican,Kelly Loeffler (I),155
Meriwether,Gill I,U.S. Senate (Special),,Democrat,Raphael Warnock,96
Meriwether,Gill II,U.S. Senate (Special),,Republican,Kelly Loeffler (I),152
Meriwether,Gill II,U.S. Senate (Special),,Democrat,Raphael Warnock,147
Meriwether,Odessadale,U.S. Senate (Special),,Republican,Kelly Loeffler (I),32
Meriwether,Odessadale,U.S. Senate (Special),,Democrat,Raphael Warnock,16
Meriwether,Greenville,U.S. Senate (Special),,Republican,Kelly Loeffler (I),109
Meriwether,Greenville,U.S. Senate (Special),,Democrat,Raphael Warnock,341
Meriwether,Lone Oak,U.S. Senate (Special),,Republican,Kelly Loeffler (I),99
Meriwether,Lone Oak,U.S. Senate (Special),,Democrat,Raphael Warnock,148
Meriwether,Luthersville,U.S. Senate (Special),,Republican,Kelly Loeffler (I),189
Meriwether,Luthersville,U.S. Senate (Special),,Democrat,Raphael Warnock,270
Meriwether,Alvaton,U.S. Senate (Special),,Republican,Kelly Loeffler (I),116
Meriwether,Alvaton,U.S. Senate (Special),,Democrat,Raphael Warnock,127
Meriwether,Gay,U.S. Senate (Special),,Republican,Kelly Loeffler (I),14
Meriwether,Gay,U.S. Senate (Special),,Democrat,Raphael Warnock,20
Meriwether,Woodbury,U.S. Senate (Special),,Republican,Kelly Loeffler (I),175
Meriwether,Woodbury,U.S. Senate (Special),,Democrat,Raphael Warnock,126
Meriwether,Warm Springs,U.S. Senate (Special),,Republican,Kelly Loeffler (I),106
Meriwether,Warm Springs,U.S. Senate (Special),,Democrat,Raphael Warnock,91
Meriwether,Durand,U.S. Senate (Special),,Republican,Kelly Loeffler (I),43
Meriwether,Durand,U.S. Senate (Special),,Democrat,Raphael Warnock,63
Meriwether,Raleigh,U.S. Senate (Special),,Republican,Kelly Loeffler (I),13
Meriwether,Raleigh,U.S. Senate (Special),,Democrat,Raphael Warnock,30
Meriwether,Cove,U.S. Senate (Special),,Republican,Kelly Loeffler (I),5
Meriwether,Cove,U.S. Senate (Special),,Democrat,Raphael Warnock,1
Miller,Colquitt-Miller,U.S. Senate,,Republican,David A. Perdue (I),217
Miller,Colquitt-Miller,U.S. Senate,,Democrat,Jon Ossoff,260
Miller,Colquitt-Miller,U.S. Senate (Special),,Republican,Kelly Loeffler (I),216
Miller,Colquitt-Miller,U.S. Senate (Special),,Democrat,Raphael Warnock,260
Mitchell,Baconton,U.S. Senate,,Republican,David A. Perdue (I),90
Mitchell,Baconton,U.S. Senate,,Democrat,Jon Ossoff,127
Mitchell,Branchville,U.S. Senate,,Republican,David A. Perdue (I),19
Mitchell,Branchville,U.S. Senate,,Democrat,Jon Ossoff,26
Mitchell,Camilla North,U.S. Senate,,Republican,David A. Perdue (I),214
Mitchell,Camilla North,U.S. Senate,,Democrat,Jon Ossoff,386
Mitchell,Camilla South,U.S. Senate,,Republican,David A. Perdue (I),178
Mitchell,Camilla South,U.S. Senate,,Democrat,Jon Ossoff,546
Mitchell,Cotton,U.S. Senate,,Republican,David A. Perdue (I),9
Mitchell,Cotton,U.S. Senate,,Democrat,Jon Ossoff,5
Mitchell,Hopeful,U.S. Senate,,Republican,David A. Perdue (I),11
Mitchell,Hopeful,U.S. Senate,,Democrat,Jon Ossoff,15
Mitchell,Hinsonton,U.S. Senate,,Republican,David A. Perdue (I),2
Mitchell,Hinsonton,U.S. Senate,,Democrat,Jon Ossoff,5
Mitchell,Lester,U.S. Senate,,Republican,David A. Perdue (I),25
Mitchell,Lester,U.S. Senate,,Democrat,Jon Ossoff,58
Mitchell,Pebble City,U.S. Senate,,Republican,David A. Perdue (I),8
Mitchell,Pebble City,U.S. Senate,,Democrat,Jon Ossoff,8
Mitchell,Pelham,U.S. Senate,,Republican,David A. Perdue (I),243
Mitchell,Pelham,U.S. Senate,,Democrat,Jon Ossoff,380
Mitchell,Sale City,U.S. Senate,,Republican,David A. Perdue (I),27
Mitchell,Sale City,U.S. Senate,,Democrat,Jon Ossoff,18
Mitchell,Baconton,U.S. Senate (Special),,Republican,Kelly Loeffler (I),92
Mitchell,Baconton,U.S. Senate (Special),,Democrat,Raphael Warnock,127
Mitchell,Branchville,U.S. Senate (Special),,Republican,Kelly Loeffler (I),19
Mitchell,Branchville,U.S. Senate (Special),,Democrat,Raphael Warnock,26
Mitchell,Camilla North,U.S. Senate (Special),,Republican,Kelly Loeffler (I),217
Mitchell,Camilla North,U.S. Senate (Special),,Democrat,Raphael Warnock,385
Mitchell,Camilla South,U.S. Senate (Special),,Republican,Kelly Loeffler (I),181
Mitchell,Camilla South,U.S. Senate (Special),,Democrat,Raphael Warnock,548
Mitchell,Cotton,U.S. Senate (Special),,Republican,Kelly Loeffler (I),9
Mitchell,Cotton,U.S. Senate (Special),,Democrat,Raphael Warnock,5
Mitchell,Hopeful,U.S. Senate (Special),,Republican,Kelly Loeffler (I),12
Mitchell,Hopeful,U.S. Senate (Special),,Democrat,Raphael Warnock,15
Mitchell,Hinsonton,U.S. Senate (Special),,Republican,Kelly Loeffler (I),1
Mitchell,Hinsonton,U.S. Senate (Special),,Democrat,Raphael Warnock,4
Mitchell,Lester,U.S. Senate (Special),,Republican,Kelly Loeffler (I),27
Mitchell,Lester,U.S. Senate (Special),,Democrat,Raphael Warnock,60
Mitchell,Pebble City,U.S. Senate (Special),,Republican,Kelly Loeffler (I),9
Mitchell,Pebble City,U.S. Senate (Special),,Democrat,Raphael Warnock,8
Mitchell,Pelham,U.S. Senate (Special),,Republican,Kelly Loeffler (I),247
Mitchell,Pelham,U.S. Senate (Special),,Democrat,Raphael Warnock,382
Mitchell,Sale City,U.S. Senate (Special),,Republican,Kelly Loeffler (I),26
Mitchell,Sale City,U.S. Senate (Special),,Democrat,Raphael Warnock,18
Monroe,Bentons,U.S. Senate,,Republican,David A. Perdue (I),67
Monroe,Bentons,U.S. Senate,,Democrat,Jon Ossoff,175
Monroe,Brantleys,U.S. Senate,,Republican,David A. Perdue (I),31
Monroe,Brantleys,U.S. Senate,,Democrat,Jon Ossoff,64
Monroe,Burgays,U.S. Senate,,Republican,David A. Perdue (I),63
Monroe,Burgays,U.S. Senate,,Democrat,Jon Ossoff,182
Monroe,Cabaniss,U.S. Senate,,Republican,David A. Perdue (I),41
Monroe,Cabaniss,U.S. Senate,,Democrat,Jon Ossoff,69
Monroe,Cox,U.S. Senate,,Republican,David A. Perdue (I),24
Monroe,Cox,U.S. Senate,,Democrat,Jon Ossoff,57
Monroe,Culloden,U.S. Senate,,Republican,David A. Perdue (I),45
Monroe,Culloden,U.S. Senate,,Democrat,Jon Ossoff,27
Monroe,Dillards,U.S. Senate,,Republican,David A. Perdue (I),30
Monroe,Dillards,U.S. Senate,,Democrat,Jon Ossoff,60
Monroe,Evers,U.S. Senate,,Republican,David A. Perdue (I),70
Monroe,Evers,U.S. Senate,,Democrat,Jon Ossoff,167
Monroe,Forsyth,U.S. Senate,,Republican,David A. Perdue (I),284
Monroe,Forsyth,U.S. Senate,,Democrat,Jon Ossoff,812
Monroe,High Falls,U.S. Senate,,Republican,David A. Perdue (I),48
Monroe,High Falls,U.S. Senate,,Democrat,Jon Ossoff,86
Monroe,Kelseys,U.S. Senate,,Republican,David A. Perdue (I),61
Monroe,Kelseys,U.S. Senate,,Democrat,Jon Ossoff,106
Monroe,Middlebrooks,U.S. Senate,,Republican,David A. Perdue (I),32
Monroe,Middlebrooks,U.S. Senate,,Democrat,Jon Ossoff,80
Monroe,Proctors,U.S. Senate,,Republican,David A. Perdue (I),57
Monroe,Proctors,U.S. Senate,,Democrat,Jon Ossoff,90
Monroe,Russellville,U.S. Senate,,Republican,David A. Perdue (I),20
Monroe,Russellville,U.S. Senate,,Democrat,Jon Ossoff,16
Monroe,Bentons,U.S. Senate (Special),,Republican,Kelly Loeffler (I),64
Monroe,Bentons,U.S. Senate (Special),,Democrat,Raphael Warnock,174
Monroe,Brantleys,U.S. Senate (Special),,Republican,Kelly Loeffler (I),30
Monroe,Brantleys,U.S. Senate (Special),,Democrat,Raphael Warnock,64
Monroe,Burgays,U.S. Senate (Special),,Republican,Kelly Loeffler (I),63
Monroe,Burgays,U.S. Senate (Special),,Democrat,Raphael Warnock,186
Monroe,Cabaniss,U.S. Senate (Special),,Republican,Kelly Loeffler (I),41
Monroe,Cabaniss,U.S. Senate (Special),,Democrat,Raphael Warnock,70
Monroe,Cox,U.S. Senate (Special),,Republican,Kelly Loeffler (I),26
Monroe,Cox,U.S. Senate (Special),,Democrat,Raphael Warnock,58
Monroe,Culloden,U.S. Senate (Special),,Republican,Kelly Loeffler (I),47
Monroe,Culloden,U.S. Senate (Special),,Democrat,Raphael Warnock,27
Monroe,Dillards,U.S. Senate (Special),,Republican,Kelly Loeffler (I),31
Monroe,Dillards,U.S. Senate (Special),,Democrat,Raphael Warnock,60
Monroe,Evers,U.S. Senate (Special),,Republican,Kelly Loeffler (I),72
Monroe,Evers,U.S. Senate (Special),,Democrat,Raphael Warnock,169
Monroe,Forsyth,U.S. Senate (Special),,Republican,Kelly Loeffler (I),288
Monroe,Forsyth,U.S. Senate (Special),,Democrat,Raphael Warnock,815
Monroe,High Falls,U.S. Senate (Special),,Republican,Kelly Loeffler (I),50
Monroe,High Falls,U.S. Senate (Special),,Democrat,Raphael Warnock,92
Monroe,Kelseys,U.S. Senate (Special),,Republican,Kelly Loeffler (I),61
Monroe,Kelseys,U.S. Senate (Special),,Democrat,Raphael Warnock,106
Monroe,Middlebrooks,U.S. Senate (Special),,Republican,Kelly Loeffler (I),31
Monroe,Middlebrooks,U.S. Senate (Special),,Democrat,Raphael Warnock,80
Monroe,Proctors,U.S. Senate (Special),,Republican,Kelly Loeffler (I),57
Monroe,Proctors,U.S. Senate (Special),,Democrat,Raphael Warnock,89
Monroe,Russellville,U.S. Senate (Special),,Republican,Kelly Loeffler (I),18
Monroe,Russellville,U.S. Senate (Special),,Democrat,Raphael Warnock,17
Montgomery,Ailey,U.S. Senate,,Republican,David A. Perdue (I),28
Montgomery,Ailey,U.S. Senate,,Democrat,Jon Ossoff,34
Montgomery,Alston,U.S. Senate,,Republican,David A. Perdue (I),6
Montgomery,Alston,U.S. Senate,,Democrat,Jon Ossoff,28
Montgomery,Higgston,U.S. Senate,,Republican,David A. Perdue (I),54
Montgomery,Higgston,U.S. Senate,,Democrat,Jon Ossoff,80
Montgomery,Kibbee,U.S. Senate,,Republican,David A. Perdue (I),9
Montgomery,Kibbee,U.S. Senate,,Democrat,Jon Ossoff,10
Montgomery,Mount Vernon,U.S. Senate,,Republican,David A. Perdue (I),130
Montgomery,Mount Vernon,U.S. Senate,,Democrat,Jon Ossoff,137
Montgomery,Tarrytown,U.S. Senate,,Republican,David A. Perdue (I),8
Montgomery,Tarrytown,U.S. Senate,,Democrat,Jon Ossoff,3
Montgomery,Uvalda,U.S. Senate,,Republican,David A. Perdue (I),47
Montgomery,Uvalda,U.S. Senate,,Democrat,Jon Ossoff,49
Montgomery,Ailey,U.S. Senate (Special),,Republican,Kelly Loeffler (I),29
Montgomery,Ailey,U.S. Senate (Special),,Democrat,Raphael Warnock,34
Montgomery,Alston,U.S. Senate (Special),,Republican,Kelly Loeffler (I),6
Montgomery,Alston,U.S. Senate (Special),,Democrat,Raphael Warnock,28
Montgomery,Higgston,U.S. Senate (Special),,Republican,Kelly Loeffler (I),54
Montgomery,Higgston,U.S. Senate (Special),,Democrat,Raphael Warnock,81
Montgomery,Kibbee,U.S. Senate (Special),,Republican,Kelly Loeffler (I),8
Montgomery,Kibbee,U.S. Senate (Special),,Democrat,Raphael Warnock,10
Montgomery,Mount Vernon,U.S. Senate (Special),,Republican,Kelly Loeffler (I),133
Montgomery,Mount Vernon,U.S. Senate (Special),,Democrat,Raphael Warnock,139
Montgomery,Tarrytown,U.S. Senate (Special),,Republican,Kelly Loeffler (I),8
Montgomery,Tarrytown,U.S. Senate (Special),,Democrat,Raphael Warnock,3
Montgomery,Uvalda,U.S. Senate (Special),,Republican,Kelly Loeffler (I),48
Montgomery,Uvalda,U.S. Senate (Special),,Democrat,Raphael Warnock,48
Morgan,Northeast Morgan,U.S. Senate,,Republican,David A. Perdue (I),186
Morgan,Northeast Morgan,U.S. Senate,,Democrat,Jon Ossoff,639
Morgan,East Morgan,U.S. Senate,,Republican,David A. Perdue (I),77
Morgan,East Morgan,U.S. Senate,,Democrat,Jon Ossoff,201
Morgan,Beth/Springfield,U.S. Senate,,Republican,David A. Perdue (I),30
Morgan,Beth/Springfield,U.S. Senate,,Democrat,Jon Ossoff,38
Morgan,Central Morgan,U.S. Senate,,Republican,David A. Perdue (I),99
Morgan,Central Morgan,U.S. Senate,,Democrat,Jon Ossoff,282
Morgan,Clacks Chapel,U.S. Senate,,Republican,David A. Perdue (I),18
Morgan,Clacks Chapel,U.S. Senate,,Democrat,Jon Ossoff,32
Morgan,West Morgan,U.S. Senate,,Republican,David A. Perdue (I),95
Morgan,West Morgan,U.S. Senate,,Democrat,Jon Ossoff,193
Morgan,North Morgan,U.S. Senate,,Republican,David A. Perdue (I),84
Morgan,North Morgan,U.S. Senate,,Democrat,Jon Ossoff,229
Morgan,Northeast Morgan,U.S. Senate (Special),,Republican,Kelly Loeffler (I),191
Morgan,Northeast Morgan,U.S. Senate (Special),,Democrat,Raphael Warnock,639
Morgan,East Morgan,U.S. Senate (Special),,Republican,Kelly Loeffler (I),78
Morgan,East Morgan,U.S. Senate (Special),,Democrat,Raphael Warnock,203
Morgan,Beth/Springfield,U.S. Senate (Special),,Republican,Kelly Loeffler (I),29
Morgan,Beth/Springfield,U.S. Senate (Special),,Democrat,Raphael Warnock,39
Morgan,Central Morgan,U.S. Senate (Special),,Republican,Kelly Loeffler (I),100
Morgan,Central Morgan,U.S. Senate (Special),,Democrat,Raphael Warnock,285
Morgan,Clacks Chapel,U.S. Senate (Special),,Republican,Kelly Loeffler (I),17
Morgan,Clacks Chapel,U.S. Senate (Special),,Democrat,Raphael Warnock,33
Morgan,West Morgan,U.S. Senate (Special),,Republican,Kelly Loeffler (I),99
Morgan,West Morgan,U.S. Senate (Special),,Democrat,Raphael Warnock,199
Morgan,North Morgan,U.S. Senate (Special),,Republican,Kelly Loeffler (I),86
Morgan,North Morgan,U.S. Senate (Special),,Democrat,Raphael Warnock,231
Murray,McDonald,U.S. Senate,,Republican,David A. Perdue (I),55
Murray,McDonald,U.S. Senate,,Democrat,Jon Ossoff,86
Murray,Shuck Pen,U.S. Senate,,Republican,David A. Perdue (I),118
Murray,Shuck Pen,U.S. Senate,,Democrat,Jon Ossoff,91
Murray,Southwest,U.S. Senate,,Republican,David A. Perdue (I),81
Murray,Southwest,U.S. Senate,,Democrat,Jon Ossoff,72
Murray,Spring Place,U.S. Senate,,Republican,David A. Perdue (I),147
Murray,Spring Place,U.S. Senate,,Democrat,Jon Ossoff,148
Murray,Town,U.S. Senate,,Republican,David A. Perdue (I),143
Murray,Town,U.S. Senate,,Democrat,Jon Ossoff,265
Murray,Carters-Doolittle,U.S. Senate,,Republican,David A. Perdue (I),44
Murray,Carters-Doolittle,U.S. Senate,,Democrat,Jon Ossoff,46
Murray,North,U.S. Senate,,Republican,David A. Perdue (I),44
Murray,North,U.S. Senate,,Democrat,Jon Ossoff,50
Murray,McDonald,U.S. Senate (Special),,Republican,Kelly Loeffler (I),55
Murray,McDonald,U.S. Senate (Special),,Democrat,Raphael Warnock,85
Murray,Shuck Pen,U.S. Senate (Special),,Republican,Kelly Loeffler (I),119
Murray,Shuck Pen,U.S. Senate (Special),,Democrat,Raphael Warnock,92
Murray,Southwest,U.S. Senate (Special),,Republican,Kelly Loeffler (I),80
Murray,Southwest,U.S. Senate (Special),,Democrat,Raphael Warnock,70
Murray,Spring Place,U.S. Senate (Special),,Republican,Kelly Loeffler (I),149
Murray,Spring Place,U.S. Senate (Special),,Democrat,Raphael Warnock,148
Murray,Town,U.S. Senate (Special),,Republican,Kelly Loeffler (I),143
Murray,Town,U.S. Senate (Special),,Democrat,Raphael Warnock,266
Murray,Carters-Doolittle,U.S. Senate (Special),,Republican,Kelly Loeffler (I),44
Murray,Carters-Doolittle,U.S. Senate (Special),,Democrat,Raphael Warnock,45
Murray,North,U.S. Senate (Special),,Republican,Kelly Loeffler (I),41
Murray,North,U.S. Senate (Special),,Democrat,Raphael Warnock,50
Muscogee,Wynnton/Britt,U.S. Senate,,Republican,David A. Perdue (I),396
Muscogee,Wynnton/Britt,U.S. Senate,,Democrat,Jon Ossoff,971
Muscogee,Carver/Mack,U.S. Senate,,Republican,David A. Perdue (I),277
Muscogee,Carver/Mack,U.S. Senate,,Democrat,Jon Ossoff,1047
Muscogee,St John/Belvedere,U.S. Senate,,Republican,David A. Perdue (I),330
Muscogee,St John/Belvedere,U.S. Senate,,Democrat,Jon Ossoff,1695
Muscogee,Britt David,U.S. Senate,,Republican,David A. Perdue (I),162
Muscogee,Britt David,U.S. Senate,,Democrat,Jon Ossoff,287
Muscogee,St Peter,U.S. Senate,,Republican,David A. Perdue (I),165
Muscogee,St Peter,U.S. Senate,,Democrat,Jon Ossoff,375
Muscogee,Cornerstone,U.S. Senate,,Republican,David A. Perdue (I),332
Muscogee,Cornerstone,U.S. Senate,,Democrat,Jon Ossoff,790
Muscogee,Columbus Tech,U.S. Senate,,Republican,David A. Perdue (I),207
Muscogee,Columbus Tech,U.S. Senate,,Democrat,Jon Ossoff,379
Muscogee,St Mark/Heiferhorn,U.S. Senate,,Republican,David A. Perdue (I),206
Muscogee,St Mark/Heiferhorn,U.S. Senate,,Democrat,Jon Ossoff,695
Muscogee,Wynnbrook,U.S. Senate,,Republican,David A. Perdue (I),87
Muscogee,Wynnbrook,U.S. Senate,,Democrat,Jon Ossoff,236
Muscogee,Cusseta Rd,U.S. Senate,,Republican,David A. Perdue (I),549
Muscogee,Cusseta Rd,U.S. Senate,,Democrat,Jon Ossoff,1116
Muscogee,Our Lady of Lourdes,U.S. Senate,,Republican,David A. Perdue (I),666
Muscogee,Our Lady of Lourdes,U.S. Senate,,Democrat,Jon Ossoff,1455
Muscogee,Mt Pilgrim,U.S. Senate,,Republican,David A. Perdue (I),504
Muscogee,Mt Pilgrim,U.S. Senate,,Democrat,Jon Ossoff,1811
Muscogee,Faith Tabernacle,U.S. Senate,,Republican,David A. Perdue (I),407
Muscogee,Faith Tabernacle,U.S. Senate,,Democrat,Jon Ossoff,1289
Muscogee,Canaan,U.S. Senate,,Republican,David A. Perdue (I),424
Muscogee,Canaan,U.S. Senate,,Democrat,Jon Ossoff,1574
Muscogee,Holsey/Buena Vista,U.S. Senate,,Republican,David A. Perdue (I),539
Muscogee,Holsey/Buena Vista,U.S. Senate,,Democrat,Jon Ossoff,2039
Muscogee,Gentian/Reese,U.S. Senate,,Republican,David A. Perdue (I),312
Muscogee,Gentian/Reese,U.S. Senate,,Democrat,Jon Ossoff,846
Muscogee,St Paul/Clubview,U.S. Senate,,Republican,David A. Perdue (I),282
Muscogee,St Paul/Clubview,U.S. Senate,,Democrat,Jon Ossoff,734
Muscogee,Moon/Morningside,U.S. Senate,,Republican,David A. Perdue (I),259
Muscogee,Moon/Morningside,U.S. Senate,,Democrat,Jon Ossoff,599
Muscogee,St Andrews/Midland,U.S. Senate,,Republican,David A. Perdue (I),386
Muscogee,St Andrews/Midland,U.S. Senate,,Democrat,Jon Ossoff,1212
Muscogee,Salvation Army,U.S. Senate,,Republican,David A. Perdue (I),207
Muscogee,Salvation Army,U.S. Senate,,Democrat,Jon Ossoff,511
Muscogee,First African,U.S. Senate,,Republican,David A. Perdue (I),107
Muscogee,First African,U.S. Senate,,Democrat,Jon Ossoff,272
Muscogee,Epworth UMC,U.S. Senate,,Republican,David A. Perdue (I),240
Muscogee,Epworth UMC,U.S. Senate,,Democrat,Jon Ossoff,426
Muscogee,Marianna Gallops,U.S. Senate,,Republican,David A. Perdue (I),217
Muscogee,Marianna Gallops,U.S. Senate,,Democrat,Jon Ossoff,390
Muscogee,Edgewood Baptist,U.S. Senate,,Republican,David A. Perdue (I),168
Muscogee,Edgewood Baptist,U.S. Senate,,Democrat,Jon Ossoff,732
Muscogee,Psalmond/Mathews,U.S. Senate,,Republican,David A. Perdue (I),264
Muscogee,Psalmond/Mathews,U.S. Senate,,Democrat,Jon Ossoff,1502
Muscogee,Wynnton/Britt,U.S. Senate (Special),,Republican,Kelly Loeffler (I),401
Muscogee,Wynnton/Britt,U.S. Senate (Special),,Democrat,Raphael Warnock,980
Muscogee,Carver/Mack,U.S. Senate (Special),,Republican,Kelly Loeffler (I),282
Muscogee,Carver/Mack,U.S. Senate (Special),,Democrat,Raphael Warnock,1053
Muscogee,St John/Belvedere,U.S. Senate (Special),,Republican,Kelly Loeffler (I),330
Muscogee,St John/Belvedere,U.S. Senate (Special),,Democrat,Raphael Warnock,1702
Muscogee,Britt David,U.S. Senate (Special),,Republican,Kelly Loeffler (I),162
Muscogee,Britt David,U.S. Senate (Special),,Democrat,Raphael Warnock,287
Muscogee,St Peter,U.S. Senate (Special),,Republican,Kelly Loeffler (I),166
Muscogee,St Peter,U.S. Senate (Special),,Democrat,Raphael Warnock,377
Muscogee,Cornerstone,U.S. Senate (Special),,Republican,Kelly Loeffler (I),334
Muscogee,Cornerstone,U.S. Senate (Special),,Democrat,Raphael Warnock,795
Muscogee,Columbus Tech,U.S. Senate (Special),,Republican,Kelly Loeffler (I),207
Muscogee,Columbus Tech,U.S. Senate (Special),,Democrat,Raphael Warnock,379
Muscogee,St Mark/Heiferhorn,U.S. Senate (Special),,Republican,Kelly Loeffler (I),213
Muscogee,St Mark/Heiferhorn,U.S. Senate (Special),,Democrat,Raphael Warnock,699
Muscogee,Wynnbrook,U.S. Senate (Special),,Republican,Kelly Loeffler (I),91
Muscogee,Wynnbrook,U.S. Senate (Special),,Democrat,Raphael Warnock,241
Muscogee,Cusseta Rd,U.S. Senate (Special),,Republican,Kelly Loeffler (I),546
Muscogee,Cusseta Rd,U.S. Senate (Special),,Democrat,Raphael Warnock,1111
Muscogee,Our Lady of Lourdes,U.S. Senate (Special),,Republican,Kelly Loeffler (I),666
Muscogee,Our Lady of Lourdes,U.S. Senate (Special),,Democrat,Raphael Warnock,1463
Muscogee,Mt Pilgrim,U.S. Senate (Special),,Republican,Kelly Loeffler (I),507
Muscogee,Mt Pilgrim,U.S. Senate (Special),,Democrat,Raphael Warnock,1815
Muscogee,Faith Tabernacle,U.S. Senate (Special),,Republican,Kelly Loeffler (I),408
Muscogee,Faith Tabernacle,U.S. Senate (Special),,Democrat,Raphael Warnock,1288
Muscogee,Canaan,U.S. Senate (Special),,Republican,Kelly Loeffler (I),423
Muscogee,Canaan,U.S. Senate (Special),,Democrat,Raphael Warnock,1578
Muscogee,Holsey/Buena Vista,U.S. Senate (Special),,Republican,Kelly Loeffler (I),541
Muscogee,Holsey/Buena Vista,U.S. Senate (Special),,Democrat,Raphael Warnock,2039
Muscogee,Gentian/Reese,U.S. Senate (Special),,Republican,Kelly Loeffler (I),316
Muscogee,Gentian/Reese,U.S. Senate (Special),,Democrat,Raphael Warnock,850
Muscogee,St Paul/Clubview,U.S. Senate (Special),,Republican,Kelly Loeffler (I),290
Muscogee,St Paul/Clubview,U.S. Senate (Special),,Democrat,Raphael Warnock,739
Muscogee,Moon/Morningside,U.S. Senate (Special),,Republican,Kelly Loeffler (I),254
Muscogee,Moon/Morningside,U.S. Senate (Special),,Democrat,Raphael Warnock,603
Muscogee,St Andrews/Midland,U.S. Senate (Special),,Republican,Kelly Loeffler (I),397
Muscogee,St Andrews/Midland,U.S. Senate (Special),,Democrat,Raphael Warnock,1213
Muscogee,Salvation Army,U.S. Senate (Special),,Republican,Kelly Loeffler (I),211
Muscogee,Salvation Army,U.S. Senate (Special),,Democrat,Raphael Warnock,514
Muscogee,First African,U.S. Senate (Special),,Republican,Kelly Loeffler (I),109
Muscogee,First African,U.S. Senate (Special),,Democrat,Raphael Warnock,275
Muscogee,Epworth UMC,U.S. Senate (Special),,Republican,Kelly Loeffler (I),243
Muscogee,Epworth UMC,U.S. Senate (Special),,Democrat,Raphael Warnock,429
Muscogee,Marianna Gallops,U.S. Senate (Special),,Republican,Kelly Loeffler (I),219
Muscogee,Marianna Gallops,U.S. Senate (Special),,Democrat,Raphael Warnock,391
Muscogee,Edgewood Baptist,U.S. Senate (Special),,Republican,Kelly Loeffler (I),170
Muscogee,Edgewood Baptist,U.S. Senate (Special),,Democrat,Raphael Warnock,734
Muscogee,Psalmond/Mathews,U.S. Senate (Special),,Republican,Kelly Loeffler (I),270
Muscogee,Psalmond/Mathews,U.S. Senate (Special),,Democrat,Raphael Warnock,1504
Newton,City Pond,U.S. Senate,,Republican,David A. Perdue (I),191
Newton,City Pond,U.S. Senate,,Democrat,Jon Ossoff,170
Newton,Town,U.S. Senate,,Republican,David A. Perdue (I),398
Newton,Town,U.S. Senate,,Democrat,Jon Ossoff,637
Newton,Almon,U.S. Senate,,Republican,David A. Perdue (I),509
Newton,Almon,U.S. Senate,,Democrat,Jon Ossoff,1162
Newton,Alcovy,U.S. Senate,,Republican,David A. Perdue (I),307
Newton,Alcovy,U.S. Senate,,Democrat,Jon Ossoff,718
Newton,Covington Mills,U.S. Senate,,Republican,David A. Perdue (I),261
Newton,Covington Mills,U.S. Senate,,Democrat,Jon Ossoff,421
Newton,Brewers,U.S. Senate,,Republican,David A. Perdue (I),188
Newton,Brewers,U.S. Senate,,Democrat,Jon Ossoff,204
Newton,Brick Store,U.S. Senate,,Republican,David A. Perdue (I),108
Newton,Brick Store,U.S. Senate,,Democrat,Jon Ossoff,211
Newton,Cedar Shoals,U.S. Senate,,Republican,David A. Perdue (I),246
Newton,Cedar Shoals,U.S. Senate,,Democrat,Jon Ossoff,317
Newton,Livingston,U.S. Senate,,Republican,David A. Perdue (I),434
Newton,Livingston,U.S. Senate,,Democrat,Jon Ossoff,861
Newton,Downs,U.S. Senate,,Republican,David A. Perdue (I),517
Newton,Downs,U.S. Senate,,Democrat,Jon Ossoff,978
Newton,Gum Creek,U.S. Senate,,Republican,David A. Perdue (I),162
Newton,Gum Creek,U.S. Senate,,Democrat,Jon Ossoff,392
Newton,Beaverdam,U.S. Senate,,Republican,David A. Perdue (I),610
Newton,Beaverdam,U.S. Senate,,Democrat,Jon Ossoff,1235
Newton,Leguinn,U.S. Senate,,Republican,David A. Perdue (I),104
Newton,Leguinn,U.S. Senate,,Democrat,Jon Ossoff,118
Newton,Mansfield,U.S. Senate,,Republican,David A. Perdue (I),35
Newton,Mansfield,U.S. Senate,,Democrat,Jon Ossoff,34
Newton,Newborn,U.S. Senate,,Republican,David A. Perdue (I),44
Newton,Newborn,U.S. Senate,,Democrat,Jon Ossoff,19
Newton,Oxford,U.S. Senate,,Republican,David A. Perdue (I),132
Newton,Oxford,U.S. Senate,,Democrat,Jon Ossoff,127
Newton,Rocky Plains,U.S. Senate,,Republican,David A. Perdue (I),286
Newton,Rocky Plains,U.S. Senate,,Democrat,Jon Ossoff,401
Newton,Buck Creek,U.S. Senate,,Republican,David A. Perdue (I),369
Newton,Buck Creek,U.S. Senate,,Democrat,Jon Ossoff,694
Newton,Stansells,U.S. Senate,,Republican,David A. Perdue (I),540
Newton,Stansells,U.S. Senate,,Democrat,Jon Ossoff,1032
Newton,Fairview,U.S. Senate,,Republican,David A. Perdue (I),402
Newton,Fairview,U.S. Senate,,Democrat,Jon Ossoff,599
Newton,Crowell,U.S. Senate,,Republican,David A. Perdue (I),599
Newton,Crowell,U.S. Senate,,Democrat,Jon Ossoff,1172
Newton,Hub,U.S. Senate,,Republican,David A. Perdue (I),90
Newton,Hub,U.S. Senate,,Democrat,Jon Ossoff,121
Newton,City Pond,U.S. Senate (Special),,Republican,Kelly Loeffler (I),192
Newton,City Pond,U.S. Senate (Special),,Democrat,Raphael Warnock,169
Newton,Town,U.S. Senate (Special),,Republican,Kelly Loeffler (I),401
Newton,Town,U.S. Senate (Special),,Democrat,Raphael Warnock,641
Newton,Almon,U.S. Senate (Special),,Republican,Kelly Loeffler (I),509
Newton,Almon,U.S. Senate (Special),,Democrat,Raphael Warnock,1164
Newton,Alcovy,U.S. Senate (Special),,Republican,Kelly Loeffler (I),316
Newton,Alcovy,U.S. Senate (Special),,Democrat,Raphael Warnock,722
Newton,Covington Mills,U.S. Senate (Special),,Republican,Kelly Loeffler (I),267
Newton,Covington Mills,U.S. Senate (Special),,Democrat,Raphael Warnock,421
Newton,Brewers,U.S. Senate (Special),,Republican,Kelly Loeffler (I),189
Newton,Brewers,U.S. Senate (Special),,Democrat,Raphael Warnock,209
Newton,Brick Store,U.S. Senate (Special),,Republican,Kelly Loeffler (I),112
Newton,Brick Store,U.S. Senate (Special),,Democrat,Raphael Warnock,214
Newton,Cedar Shoals,U.S. Senate (Special),,Republican,Kelly Loeffler (I),248
Newton,Cedar Shoals,U.S. Senate (Special),,Democrat,Raphael Warnock,321
Newton,Livingston,U.S. Senate (Special),,Republican,Kelly Loeffler (I),436
Newton,Livingston,U.S. Senate (Special),,Democrat,Raphael Warnock,864
Newton,Downs,U.S. Senate (Special),,Republican,Kelly Loeffler (I),526
Newton,Downs,U.S. Senate (Special),,Democrat,Raphael Warnock,980
Newton,Gum Creek,U.S. Senate (Special),,Republican,Kelly Loeffler (I),162
Newton,Gum Creek,U.S. Senate (Special),,Democrat,Raphael Warnock,396
Newton,Beaverdam,U.S. Senate (Special),,Republican,Kelly Loeffler (I),611
Newton,Beaverdam,U.S. Senate (Special),,Democrat,Raphael Warnock,1242
Newton,Leguinn,U.S. Senate (Special),,Republican,Kelly Loeffler (I),108
Newton,Leguinn,U.S. Senate (Special),,Democrat,Raphael Warnock,120
Newton,Mansfield,U.S. Senate (Special),,Republican,Kelly Loeffler (I),41
Newton,Mansfield,U.S. Senate (Special),,Democrat,Raphael Warnock,35
Newton,Newborn,U.S. Senate (Special),,Republican,Kelly Loeffler (I),43
Newton,Newborn,U.S. Senate (Special),,Democrat,Raphael Warnock,19
Newton,Oxford,U.S. Senate (Special),,Republican,Kelly Loeffler (I),134
Newton,Oxford,U.S. Senate (Special),,Democrat,Raphael Warnock,130
Newton,Rocky Plains,U.S. Senate (Special),,Republican,Kelly Loeffler (I),288
Newton,Rocky Plains,U.S. Senate (Special),,Democrat,Raphael Warnock,400
Newton,Buck Creek,U.S. Senate (Special),,Republican,Kelly Loeffler (I),374
Newton,Buck Creek,U.S. Senate (Special),,Democrat,Raphael Warnock,693
Newton,Stansells,U.S. Senate (Special),,Republican,Kelly Loeffler (I),540
Newton,Stansells,U.S. Senate (Special),,Democrat,Raphael Warnock,1031
Newton,Fairview,U.S. Senate (Special),,Republican,Kelly Loeffler (I),404
Newton,Fairview,U.S. Senate (Special),,Democrat,Raphael Warnock,605
Newton,Crowell,U.S. Senate (Special),,Republican,Kelly Loeffler (I),602
Newton,Crowell,U.S. Senate (Special),,Democrat,Raphael Warnock,1172
Newton,Hub,U.S. Senate (Special),,Republican,Kelly Loeffler (I),90
Newton,Hub,U.S. Senate (Special),,Democrat,Raphael Warnock,123
Oconee,City Hall,U.S. Senate,,Republican,David A. Perdue (I),156
Oconee,City Hall,U.S. Senate,,Democrat,Jon Ossoff,670
Oconee,Colham Ferry,U.S. Senate,,Republican,David A. Perdue (I),74
Oconee,Colham Ferry,U.S. Senate,,Democrat,Jon Ossoff,233
Oconee,Antioch,U.S. Senate,,Republican,David A. Perdue (I),51
Oconee,Antioch,U.S. Senate,,Democrat,Jon Ossoff,111
Oconee,Farmington,U.S. Senate,,Republican,David A. Perdue (I),38
Oconee,Farmington,U.S. Senate,,Democrat,Jon Ossoff,75
Oconee,Bishop,U.S. Senate,,Republican,David A. Perdue (I),75
Oconee,Bishop,U.S. Senate,,Democrat,Jon Ossoff,255
Oconee,High Shoals,U.S. Senate,,Republican,David A. Perdue (I),73
Oconee,High Shoals,U.S. Senate,,Democrat,Jon Ossoff,253
Oconee,North Oconee,U.S. Senate,,Republican,David A. Perdue (I),41
Oconee,North Oconee,U.S. Senate,,Democrat,Jon Ossoff,122
Oconee,Dark Corner,U.S. Senate,,Republican,David A. Perdue (I),110
Oconee,Dark Corner,U.S. Senate,,Democrat,Jon Ossoff,331
Oconee,Bogart,U.S. Senate,,Republican,David A. Perdue (I),119
Oconee,Bogart,U.S. Senate,,Democrat,Jon Ossoff,241
Oconee,Marswood Hall,U.S. Senate,,Republican,David A. Perdue (I),136
Oconee,Marswood Hall,U.S. Senate,,Democrat,Jon Ossoff,514
Oconee,East Oconee,U.S. Senate,,Republican,David A. Perdue (I),116
Oconee,East Oconee,U.S. Senate,,Democrat,Jon Ossoff,376
Oconee,Civic Center,U.S. Senate,,Republican,David A. Perdue (I),167
Oconee,Civic Center,U.S. Senate,,Democrat,Jon Ossoff,639
Oconee,City Hall,U.S. Senate (Special),,Republican,Kelly Loeffler (I),163
Oconee,City Hall,U.S. Senate (Special),,Democrat,Raphael Warnock,685
Oconee,Colham Ferry,U.S. Senate (Special),,Republican,Kelly Loeffler (I),77
Oconee,Colham Ferry,U.S. Senate (Special),,Democrat,Raphael Warnock,238
Oconee,Antioch,U.S. Senate (Special),,Republican,Kelly Loeffler (I),55
Oconee,Antioch,U.S. Senate (Special),,Democrat,Raphael Warnock,115
Oconee,Farmington,U.S. Senate (Special),,Republican,Kelly Loeffler (I),41
Oconee,Farmington,U.S. Senate (Special),,Democrat,Raphael Warnock,74
Oconee,Bishop,U.S. Senate (Special),,Republican,Kelly Loeffler (I),78
Oconee,Bishop,U.S. Senate (Special),,Democrat,Raphael Warnock,264
Oconee,High Shoals,U.S. Senate (Special),,Republican,Kelly Loeffler (I),77
Oconee,High Shoals,U.S. Senate (Special),,Democrat,Raphael Warnock,260
Oconee,North Oconee,U.S. Senate (Special),,Republican,Kelly Loeffler (I),44
Oconee,North Oconee,U.S. Senate (Special),,Democrat,Raphael Warnock,120
Oconee,Dark Corner,U.S. Senate (Special),,Republican,Kelly Loeffler (I),111
Oconee,Dark Corner,U.S. Senate (Special),,Democrat,Raphael Warnock,342
Oconee,Bogart,U.S. Senate (Special),,Republican,Kelly Loeffler (I),121
Oconee,Bogart,U.S. Senate (Special),,Democrat,Raphael Warnock,247
Oconee,Marswood Hall,U.S. Senate (Special),,Republican,Kelly Loeffler (I),140
Oconee,Marswood Hall,U.S. Senate (Special),,Democrat,Raphael Warnock,523
Oconee,East Oconee,U.S. Senate (Special),,Republican,Kelly Loeffler (I),120
Oconee,East Oconee,U.S. Senate (Special),,Democrat,Raphael Warnock,380
Oconee,Civic Center,U.S. Senate (Special),,Republican,Kelly Loeffler (I),177
Oconee,Civic Center,U.S. Senate (Special),,Democrat,Raphael Warnock,657
Oglethorpe,Beaverdam,U.S. Senate,,Republican,David A. Perdue (I),138
Oglethorpe,Beaverdam,U.S. Senate,,Democrat,Jon Ossoff,315
Oglethorpe,Crawford,U.S. Senate,,Republican,David A. Perdue (I),155
Oglethorpe,Crawford,U.S. Senate,,Democrat,Jon Ossoff,289
Oglethorpe,Lexington,U.S. Senate,,Republican,David A. Perdue (I),148
Oglethorpe,Lexington,U.S. Senate,,Democrat,Jon Ossoff,409
Oglethorpe,Beaverdam,U.S. Senate (Special),,Republican,Kelly Loeffler (I),143
Oglethorpe,Beaverdam,U.S. Senate (Special),,Democrat,Raphael Warnock,317
Oglethorpe,Crawford,U.S. Senate (Special),,Republican,Kelly Loeffler (I),158
Oglethorpe,Crawford,U.S. Senate (Special),,Democrat,Raphael Warnock,288
Oglethorpe,Lexington,U.S. Senate (Special),,Republican,Kelly Loeffler (I),153
Oglethorpe,Lexington,U.S. Senate (Special),,Democrat,Raphael Warnock,417
Paulding,Burnt Hickory Park,U.S. Senate,,Republican,David A. Perdue (I),189
Paulding,Burnt Hickory Park,U.S. Senate,,Democrat,Jon Ossoff,314
Paulding,Crossroads Library,U.S. Senate,,Republican,David A. Perdue (I),162
Paulding,Crossroads Library,U.S. Senate,,Democrat,Jon Ossoff,321
Paulding,Shelton Elementary,U.S. Senate,,Republican,David A. Perdue (I),271
Paulding,Shelton Elementary,U.S. Senate,,Democrat,Jon Ossoff,652
Paulding,Russom Elementary,U.S. Senate,,Republican,David A. Perdue (I),351
Paulding,Russom Elementary,U.S. Senate,,Democrat,Jon Ossoff,795
Paulding,Paulding Sr Center,U.S. Senate,,Republican,David A. Perdue (I),304
Paulding,Paulding Sr Center,U.S. Senate,,Democrat,Jon Ossoff,706
Paulding,Legacy Bapt Church,U.S. Senate,,Republican,David A. Perdue (I),199
Paulding,Legacy Bapt Church,U.S. Senate,,Democrat,Jon Ossoff,489
Paulding,Watson Govt Cmplx,U.S. Senate,,Republican,David A. Perdue (I),525
Paulding,Watson Govt Cmplx,U.S. Senate,,Democrat,Jon Ossoff,1265
Paulding,West Ridge Church,U.S. Senate,,Republican,David A. Perdue (I),439
Paulding,West Ridge Church,U.S. Senate,,Democrat,Jon Ossoff,1030
Paulding,Events Place,U.S. Senate,,Republican,David A. Perdue (I),382
Paulding,Events Place,U.S. Senate,,Democrat,Jon Ossoff,963
Paulding,Poplar Sprgs Bapt Church,U.S. Senate,,Republican,David A. Perdue (I),321
Paulding,Poplar Sprgs Bapt Church,U.S. Senate,,Democrat,Jon Ossoff,845
Paulding,D Wright Innovation Ctr,U.S. Senate,,Republican,David A. Perdue (I),357
Paulding,D Wright Innovation Ctr,U.S. Senate,,Democrat,Jon Ossoff,864
Paulding,Nebo Elem School,U.S. Senate,,Republican,David A. Perdue (I),376
Paulding,Nebo Elem School,U.S. Senate,,Democrat,Jon Ossoff,748
Paulding,White Oak Park,U.S. Senate,,Republican,David A. Perdue (I),319
Paulding,White Oak Park,U.S. Senate,,Democrat,Jon Ossoff,558
Paulding,Mulberry Rock Park,U.S. Senate,,Republican,David A. Perdue (I),143
Paulding,Mulberry Rock Park,U.S. Senate,,Democrat,Jon Ossoff,325
Paulding,Beulahland Baptist Church,U.S. Senate,,Republican,David A. Perdue (I),59
Paulding,Beulahland Baptist Church,U.S. Senate,,Democrat,Jon Ossoff,147
Paulding,Paulding County Airport,U.S. Senate,,Republican,David A. Perdue (I),139
Paulding,Paulding County Airport,U.S. Senate,,Democrat,Jon Ossoff,272
Paulding,Picketts Mill Baptist Church,U.S. Senate,,Republican,David A. Perdue (I),100
Paulding,Picketts Mill Baptist Church,U.S. Senate,,Democrat,Jon Ossoff,259
Paulding,Taylor Farm Park,U.S. Senate,,Republican,David A. Perdue (I),142
Paulding,Taylor Farm Park,U.S. Senate,,Democrat,Jon Ossoff,342
Paulding,Dobbins Middle School,U.S. Senate,,Republican,David A. Perdue (I),495
Paulding,Dobbins Middle School,U.S. Senate,,Democrat,Jon Ossoff,1385
Paulding,Burnt Hickory Park,U.S. Senate (Special),,Republican,Kelly Loeffler (I),198
Paulding,Burnt Hickory Park,U.S. Senate (Special),,Democrat,Raphael Warnock,324
Paulding,Crossroads Library,U.S. Senate (Special),,Republican,Kelly Loeffler (I),175
Paulding,Crossroads Library,U.S. Senate (Special),,Democrat,Raphael Warnock,323
Paulding,Shelton Elementary,U.S. Senate (Special),,Republican,Kelly Loeffler (I),278
Paulding,Shelton Elementary,U.S. Senate (Special),,Democrat,Raphael Warnock,647
Paulding,Russom Elementary,U.S. Senate (Special),,Republican,Kelly Loeffler (I),360
Paulding,Russom Elementary,U.S. Senate (Special),,Democrat,Raphael Warnock,802
Paulding,Paulding Sr Center,U.S. Senate (Special),,Republican,Kelly Loeffler (I),308
Paulding,Paulding Sr Center,U.S. Senate (Special),,Democrat,Raphael Warnock,716
Paulding,Legacy Bapt Church,U.S. Senate (Special),,Republican,Kelly Loeffler (I),203
Paulding,Legacy Bapt Church,U.S. Senate (Special),,Democrat,Raphael Warnock,492
Paulding,Watson Govt Cmplx,U.S. Senate (Special),,Republican,Kelly Loeffler (I),533
Paulding,Watson Govt Cmplx,U.S. Senate (Special),,Democrat,Raphael Warnock,1273
Paulding,West Ridge Church,U.S. Senate (Special),,Republican,Kelly Loeffler (I),447
Paulding,West Ridge Church,U.S. Senate (Special),,Democrat,Raphael Warnock,1040
Paulding,Events Place,U.S. Senate (Special),,Republican,Kelly Loeffler (I),382
Paulding,Events Place,U.S. Senate (Special),,Democrat,Raphael Warnock,964
Paulding,Poplar Sprgs Bapt Church,U.S. Senate (Special),,Republican,Kelly Loeffler (I),323
Paulding,Poplar Sprgs Bapt Church,U.S. Senate (Special),,Democrat,Raphael Warnock,847
Paulding,D Wright Innovation Ctr,U.S. Senate (Special),,Republican,Kelly Loeffler (I),358
Paulding,D Wright Innovation Ctr,U.S. Senate (Special),,Democrat,Raphael Warnock,874
Paulding,Nebo Elem School,U.S. Senate (Special),,Republican,Kelly Loeffler (I),382
Paulding,Nebo Elem School,U.S. Senate (Special),,Democrat,Raphael Warnock,756
Paulding,White Oak Park,U.S. Senate (Special),,Republican,Kelly Loeffler (I),319
Paulding,White Oak Park,U.S. Senate (Special),,Democrat,Raphael Warnock,562
Paulding,Mulberry Rock Park,U.S. Senate (Special),,Republican,Kelly Loeffler (I),150
Paulding,Mulberry Rock Park,U.S. Senate (Special),,Democrat,Raphael Warnock,329
Paulding,Beulahland Baptist Church,U.S. Senate (Special),,Republican,Kelly Loeffler (I),62
Paulding,Beulahland Baptist Church,U.S. Senate (Special),,Democrat,Raphael Warnock,149
Paulding,Paulding County Airport,U.S. Senate (Special),,Republican,Kelly Loeffler (I),139
Paulding,Paulding County Airport,U.S. Senate (Special),,Democrat,Raphael Warnock,277
Paulding,Picketts Mill Baptist Church,U.S. Senate (Special),,Republican,Kelly Loeffler (I),105
Paulding,Picketts Mill Baptist Church,U.S. Senate (Special),,Democrat,Raphael Warnock,264
Paulding,Taylor Farm Park,U.S. Senate (Special),,Republican,Kelly Loeffler (I),143
Paulding,Taylor Farm Park,U.S. Senate (Special),,Democrat,Raphael Warnock,345
Paulding,Dobbins Middle School,U.S. Senate (Special),,Republican,Kelly Loeffler (I),496
Paulding,Dobbins Middle School,U.S. Senate (Special),,Democrat,Raphael Warnock,1391
Peach,Byron 1,U.S. Senate,,Republican,David A. Perdue (I),116
Peach,Byron 1,U.S. Senate,,Democrat,Jon Ossoff,328
Peach,Byron 2,U.S. Senate,,Republican,David A. Perdue (I),176
Peach,Byron 2,U.S. Senate,,Democrat,Jon Ossoff,750
Peach,Claude,U.S. Senate,,Republican,David A. Perdue (I),32
Peach,Claude,U.S. Senate,,Democrat,Jon Ossoff,60
Peach,Fort Valley 1,U.S. Senate,,Republican,David A. Perdue (I),209
Peach,Fort Valley 1,U.S. Senate,,Democrat,Jon Ossoff,475
Peach,Fort Valley 2,U.S. Senate,,Republican,David A. Perdue (I),214
Peach,Fort Valley 2,U.S. Senate,,Democrat,Jon Ossoff,517
Peach,Fort Valley 3,U.S. Senate,,Republican,David A. Perdue (I),238
Peach,Fort Valley 3,U.S. Senate,,Democrat,Jon Ossoff,592
Peach,Powersville,U.S. Senate,,Republican,David A. Perdue (I),46
Peach,Powersville,U.S. Senate,,Democrat,Jon Ossoff,152
Peach,Byron 1,U.S. Senate (Special),,Republican,Kelly Loeffler (I),117
Peach,Byron 1,U.S. Senate (Special),,Democrat,Raphael Warnock,331
Peach,Byron 2,U.S. Senate (Special),,Republican,Kelly Loeffler (I),175
Peach,Byron 2,U.S. Senate (Special),,Democrat,Raphael Warnock,756
Peach,Claude,U.S. Senate (Special),,Republican,Kelly Loeffler (I),33
Peach,Claude,U.S. Senate (Special),,Democrat,Raphael Warnock,60
Peach,Fort Valley 1,U.S. Senate (Special),,Republican,Kelly Loeffler (I),212
Peach,Fort Valley 1,U.S. Senate (Special),,Democrat,Raphael Warnock,475
Peach,Fort Valley 2,U.S. Senate (Special),,Republican,Kelly Loeffler (I),213
Peach,Fort Valley 2,U.S. Senate (Special),,Democrat,Raphael Warnock,517
Peach,Fort Valley 3,U.S. Senate (Special),,Republican,Kelly Loeffler (I),238
Peach,Fort Valley 3,U.S. Senate (Special),,Democrat,Raphael Warnock,595
Peach,Powersville,U.S. Senate (Special),,Republican,Kelly Loeffler (I),48
Peach,Powersville,U.S. Senate (Special),,Democrat,Raphael Warnock,152
Pickens,Yellow Creek,U.S. Senate,,Republican,David A. Perdue (I),111
Pickens,Yellow Creek,U.S. Senate,,Democrat,Jon Ossoff,154
Pickens,Sharptop,U.S. Senate,,Republican,David A. Perdue (I),94
Pickens,Sharptop,U.S. Senate,,Democrat,Jon Ossoff,127
Pickens,Appalachian,U.S. Senate,,Republican,David A. Perdue (I),64
Pickens,Appalachian,U.S. Senate,,Democrat,Jon Ossoff,72
Pickens,Refuge,U.S. Senate,,Republican,David A. Perdue (I),56
Pickens,Refuge,U.S. Senate,,Democrat,Jon Ossoff,67
Pickens,Hill,U.S. Senate,,Republican,David A. Perdue (I),65
Pickens,Hill,U.S. Senate,,Democrat,Jon Ossoff,48
Pickens,Hinton,U.S. Senate,,Republican,David A. Perdue (I),32
Pickens,Hinton,U.S. Senate,,Democrat,Jon Ossoff,11
Pickens,Jerusalem,U.S. Senate,,Republican,David A. Perdue (I),42
Pickens,Jerusalem,U.S. Senate,,Democrat,Jon Ossoff,10
Pickens,Ludville,U.S. Senate,,Republican,David A. Perdue (I),18
Pickens,Ludville,U.S. Senate,,Democrat,Jon Ossoff,7
Pickens,Nelson,U.S. Senate,,Republican,David A. Perdue (I),60
Pickens,Nelson,U.S. Senate,,Democrat,Jon Ossoff,36
Pickens,Talking Rock,U.S. Senate,,Republican,David A. Perdue (I),36
Pickens,Talking Rock,U.S. Senate,,Democrat,Jon Ossoff,37
Pickens,Jasper,U.S. Senate,,Republican,David A. Perdue (I),99
Pickens,Jasper,U.S. Senate,,Democrat,Jon Ossoff,91
Pickens,Tate,U.S. Senate,,Republican,David A. Perdue (I),47
Pickens,Tate,U.S. Senate,,Democrat,Jon Ossoff,64
Pickens,Yellow Creek,U.S. Senate (Special),,Republican,Kelly Loeffler (I),118
Pickens,Yellow Creek,U.S. Senate (Special),,Democrat,Raphael Warnock,161
Pickens,Sharptop,U.S. Senate (Special),,Republican,Kelly Loeffler (I),95
Pickens,Sharptop,U.S. Senate (Special),,Democrat,Raphael Warnock,131
Pickens,Appalachian,U.S. Senate (Special),,Republican,Kelly Loeffler (I),62
Pickens,Appalachian,U.S. Senate (Special),,Democrat,Raphael Warnock,73
Pickens,Refuge,U.S. Senate (Special),,Republican,Kelly Loeffler (I),63
Pickens,Refuge,U.S. Senate (Special),,Democrat,Raphael Warnock,71
Pickens,Hill,U.S. Senate (Special),,Republican,Kelly Loeffler (I),71
Pickens,Hill,U.S. Senate (Special),,Democrat,Raphael Warnock,51
Pickens,Hinton,U.S. Senate (Special),,Republican,Kelly Loeffler (I),32
Pickens,Hinton,U.S. Senate (Special),,Democrat,Raphael Warnock,11
Pickens,Jerusalem,U.S. Senate (Special),,Republican,Kelly Loeffler (I),44
Pickens,Jerusalem,U.S. Senate (Special),,Democrat,Raphael Warnock,10
Pickens,Ludville,U.S. Senate (Special),,Republican,Kelly Loeffler (I),19
Pickens,Ludville,U.S. Senate (Special),,Democrat,Raphael Warnock,7
Pickens,Nelson,U.S. Senate (Special),,Republican,Kelly Loeffler (I),60
Pickens,Nelson,U.S. Senate (Special),,Democrat,Raphael Warnock,37
Pickens,Talking Rock,U.S. Senate (Special),,Republican,Kelly Loeffler (I),38
Pickens,Talking Rock,U.S. Senate (Special),,Democrat,Raphael Warnock,39
Pickens,Jasper,U.S. Senate (Special),,Republican,Kelly Loeffler (I),97
Pickens,Jasper,U.S. Senate (Special),,Democrat,Raphael Warnock,94
Pickens,Tate,U.S. Senate (Special),,Republican,Kelly Loeffler (I),50
Pickens,Tate,U.S. Senate (Special),,Democrat,Raphael Warnock,64
Pierce,Hacklebarney-Cason,U.S. Senate,,Republican,David A. Perdue (I),67
Pierce,Hacklebarney-Cason,U.S. Senate,,Democrat,Jon Ossoff,226
Pierce,Blackshear,U.S. Senate,,Republican,David A. Perdue (I),38
Pierce,Blackshear,U.S. Senate,,Democrat,Jon Ossoff,111
Pierce,St Johns-Blackshear,U.S. Senate,,Republican,David A. Perdue (I),10
Pierce,St Johns-Blackshear,U.S. Senate,,Democrat,Jon Ossoff,48
Pierce,Otter Creek,U.S. Senate,,Republican,David A. Perdue (I),13
Pierce,Otter Creek,U.S. Senate,,Democrat,Jon Ossoff,36
Pierce,Patterson,U.S. Senate,,Republican,David A. Perdue (I),37
Pierce,Patterson,U.S. Senate,,Democrat,Jon Ossoff,45
Pierce,Mershon,U.S. Senate,,Republican,David A. Perdue (I),2
Pierce,Mershon,U.S. Senate,,Democrat,Jon Ossoff,11
Pierce,Alabaha,U.S. Senate,,Republican,David A. Perdue (I),12
Pierce,Alabaha,U.S. Senate,,Democrat,Jon Ossoff,20
Pierce,Sunset-Sweat,U.S. Senate,,Republican,David A. Perdue (I),1
Pierce,Sunset-Sweat,U.S. Senate,,Democrat,Jon Ossoff,0
Pierce,Hacklebarney-Cason,U.S. Senate (Special),,Republican,Kelly Loeffler (I),68
Pierce,Hacklebarney-Cason,U.S. Senate (Special),,Democrat,Raphael Warnock,223
Pierce,Blackshear,U.S. Senate (Special),,Republican,Kelly Loeffler (I),35
Pierce,Blackshear,U.S. Senate (Special),,Democrat,Raphael Warnock,111
Pierce,St Johns-Blackshear,U.S. Senate (Special),,Republican,Kelly Loeffler (I),10
Pierce,St Johns-Blackshear,U.S. Senate (Special),,Democrat,Raphael Warnock,45
Pierce,Otter Creek,U.S. Senate (Special),,Republican,Kelly Loeffler (I),13
Pierce,Otter Creek,U.S. Senate (Special),,Democrat,Raphael Warnock,37
Pierce,Patterson,U.S. Senate (Special),,Republican,Kelly Loeffler (I),36
Pierce,Patterson,U.S. Senate (Special),,Democrat,Raphael Warnock,45
Pierce,Mershon,U.S. Senate (Special),,Republican,Kelly Loeffler (I),2
Pierce,Mershon,U.S. Senate (Special),,Democrat,Raphael Warnock,10
Pierce,Alabaha,U.S. Senate (Special),,Republican,Kelly Loeffler (I),11
Pierce,Alabaha,U.S. Senate (Special),,Democrat,Raphael Warnock,21
Pierce,Sunset-Sweat,U.S. Senate (Special),,Republican,Kelly Loeffler (I),1
Pierce,Sunset-Sweat,U.S. Senate (Special),,Democrat,Raphael Warnock,0
Pike,Concord,U.S. Senate,,Republican,David A. Perdue (I),59
Pike,Concord,U.S. Senate,,Democrat,Jon Ossoff,59
Pike,Hollonville,U.S. Senate,,Republican,David A. Perdue (I),19
Pike,Hollonville,U.S. Senate,,Democrat,Jon Ossoff,40
Pike,Meansville,U.S. Senate,,Republican,David A. Perdue (I),32
Pike,Meansville,U.S. Senate,,Democrat,Jon Ossoff,42
Pike,Molena,U.S. Senate,,Republican,David A. Perdue (I),66
Pike,Molena,U.S. Senate,,Democrat,Jon Ossoff,58
Pike,Second District,U.S. Senate,,Republican,David A. Perdue (I),44
Pike,Second District,U.S. Senate,,Democrat,Jon Ossoff,97
Pike,Lifsey Springs,U.S. Senate,,Republican,David A. Perdue (I),30
Pike,Lifsey Springs,U.S. Senate,,Democrat,Jon Ossoff,38
Pike,Williamson,U.S. Senate,,Republican,David A. Perdue (I),38
Pike,Williamson,U.S. Senate,,Democrat,Jon Ossoff,58
Pike,Zebulon,U.S. Senate,,Republican,David A. Perdue (I),47
Pike,Zebulon,U.S. Senate,,Democrat,Jon Ossoff,152
Pike,Concord,U.S. Senate (Special),,Republican,Kelly Loeffler (I),58
Pike,Concord,U.S. Senate (Special),,Democrat,Raphael Warnock,59
Pike,Hollonville,U.S. Senate (Special),,Republican,Kelly Loeffler (I),18
Pike,Hollonville,U.S. Senate (Special),,Democrat,Raphael Warnock,39
Pike,Meansville,U.S. Senate (Special),,Republican,Kelly Loeffler (I),34
Pike,Meansville,U.S. Senate (Special),,Democrat,Raphael Warnock,41
Pike,Molena,U.S. Senate (Special),,Republican,Kelly Loeffler (I),67
Pike,Molena,U.S. Senate (Special),,Democrat,Raphael Warnock,58
Pike,Second District,U.S. Senate (Special),,Republican,Kelly Loeffler (I),46
Pike,Second District,U.S. Senate (Special),,Democrat,Raphael Warnock,100
Pike,Lifsey Springs,U.S. Senate (Special),,Republican,Kelly Loeffler (I),31
Pike,Lifsey Springs,U.S. Senate (Special),,Democrat,Raphael Warnock,37
Pike,Williamson,U.S. Senate (Special),,Republican,Kelly Loeffler (I),41
Pike,Williamson,U.S. Senate (Special),,Democrat,Raphael Warnock,60
Pike,Zebulon,U.S. Senate (Special),,Republican,Kelly Loeffler (I),51
Pike,Zebulon,U.S. Senate (Special),,Democrat,Raphael Warnock,151
Polk,Aragon,U.S. Senate,,Republican,David A. Perdue (I),83
Polk,Aragon,U.S. Senate,,Democrat,Jon Ossoff,163
Polk,Blooming Grove,U.S. Senate,,Republican,David A. Perdue (I),39
Polk,Blooming Grove,U.S. Senate,,Democrat,Jon Ossoff,91
Polk,Cedartown,U.S. Senate,,Republican,David A. Perdue (I),257
Polk,Cedartown,U.S. Senate,,Democrat,Jon Ossoff,566
Polk,Fish Creek,U.S. Senate,,Republican,David A. Perdue (I),52
Polk,Fish Creek,U.S. Senate,,Democrat,Jon Ossoff,124
Polk,Lake Creek,U.S. Senate,,Republican,David A. Perdue (I),74
Polk,Lake Creek,U.S. Senate,,Democrat,Jon Ossoff,140
Polk,Rockmart,U.S. Senate,,Republican,David A. Perdue (I),218
Polk,Rockmart,U.S. Senate,,Democrat,Jon Ossoff,457
Polk,Youngs Grove,U.S. Senate,,Republican,David A. Perdue (I),34
Polk,Youngs Grove,U.S. Senate,,Democrat,Jon Ossoff,65
Polk,Aragon,U.S. Senate (Special),,Republican,Kelly Loeffler (I),81
Polk,Aragon,U.S. Senate (Special),,Democrat,Raphael Warnock,167
Polk,Blooming Grove,U.S. Senate (Special),,Republican,Kelly Loeffler (I),39
Polk,Blooming Grove,U.S. Senate (Special),,Democrat,Raphael Warnock,94
Polk,Cedartown,U.S. Senate (Special),,Republican,Kelly Loeffler (I),258
Polk,Cedartown,U.S. Senate (Special),,Democrat,Raphael Warnock,574
Polk,Fish Creek,U.S. Senate (Special),,Republican,Kelly Loeffler (I),50
Polk,Fish Creek,U.S. Senate (Special),,Democrat,Raphael Warnock,121
Polk,Lake Creek,U.S. Senate (Special),,Republican,Kelly Loeffler (I),75
Polk,Lake Creek,U.S. Senate (Special),,Democrat,Raphael Warnock,139
Polk,Rockmart,U.S. Senate (Special),,Republican,Kelly Loeffler (I),224
Polk,Rockmart,U.S. Senate (Special),,Democrat,Raphael Warnock,454
Polk,Youngs Grove,U.S. Senate (Special),,Republican,Kelly Loeffler (I),33
Polk,Youngs Grove,U.S. Senate (Special),,Democrat,Raphael Warnock,64
Pulaski,Courthouse Annex,U.S. Senate,,Republican,David A. Perdue (I),229
Pulaski,Courthouse Annex,U.S. Senate,,Democrat,Jon Ossoff,606
Pulaski,Courthouse Annex,U.S. Senate (Special),,Republican,Kelly Loeffler (I),234
Pulaski,Courthouse Annex,U.S. Senate (Special),,Democrat,Raphael Warnock,620
Putnam,101,U.S. Senate,,Republican,David A. Perdue (I),172
Putnam,101,U.S. Senate,,Democrat,Jon Ossoff,426
Putnam,104,U.S. Senate,,Republican,David A. Perdue (I),203
Putnam,104,U.S. Senate,,Democrat,Jon Ossoff,489
Putnam,105,U.S. Senate,,Republican,David A. Perdue (I),83
Putnam,105,U.S. Senate,,Democrat,Jon Ossoff,172
Putnam,106,U.S. Senate,,Republican,David A. Perdue (I),36
Putnam,106,U.S. Senate,,Democrat,Jon Ossoff,50
Putnam,107,U.S. Senate,,Republican,David A. Perdue (I),87
Putnam,107,U.S. Senate,,Democrat,Jon Ossoff,179
Putnam,101,U.S. Senate (Special),,Republican,Kelly Loeffler (I),177
Putnam,101,U.S. Senate (Special),,Democrat,Raphael Warnock,428
Putnam,104,U.S. Senate (Special),,Republican,Kelly Loeffler (I),204
Putnam,104,U.S. Senate (Special),,Democrat,Raphael Warnock,489
Putnam,105,U.S. Senate (Special),,Republican,Kelly Loeffler (I),81
Putnam,105,U.S. Senate (Special),,Democrat,Raphael Warnock,183
Putnam,106,U.S. Senate (Special),,Republican,Kelly Loeffler (I),36
Putnam,106,U.S. Senate (Special),,Democrat,Raphael Warnock,51
Putnam,107,U.S. Senate (Special),,Republican,Kelly Loeffler (I),88
Putnam,107,U.S. Senate (Special),,Democrat,Raphael Warnock,181
Quitman,Georgetown,U.S. Senate,,Republican,David A. Perdue (I),167
Quitman,Georgetown,U.S. Senate,,Democrat,Jon Ossoff,154
Quitman,Morris,U.S. Senate,,Republican,David A. Perdue (I),19
Quitman,Morris,U.S. Senate,,Democrat,Jon Ossoff,2
Quitman,Georgetown,U.S. Senate (Special),,Republican,Kelly Loeffler (I),167
Quitman,Georgetown,U.S. Senate (Special),,Democrat,Raphael Warnock,155
Quitman,Morris,U.S. Senate (Special),,Republican,Kelly Loeffler (I),19
Quitman,Morris,U.S. Senate (Special),,Democrat,Raphael Warnock,2
Rabun,Rabun County,U.S. Senate,,Republican,David A. Perdue (I),229
Rabun,Rabun County,U.S. Senate,,Democrat,Jon Ossoff,759
Rabun,Rabun County,U.S. Senate (Special),,Republican,Kelly Loeffler (I),237
Rabun,Rabun County,U.S. Senate (Special),,Democrat,Raphael Warnock,784
Randolph,Coleman,U.S. Senate,,Republican,David A. Perdue (I),32
Randolph,Coleman,U.S. Senate,,Democrat,Jon Ossoff,31
Randolph,Shellman,U.S. Senate,,Republican,David A. Perdue (I),131
Randolph,Shellman,U.S. Senate,,Democrat,Jon Ossoff,83
Randolph,Benevolence,U.S. Senate,,Republican,David A. Perdue (I),33
Randolph,Benevolence,U.S. Senate,,Democrat,Jon Ossoff,31
Randolph,Cuthbert-Courthouse,U.S. Senate,,Republican,David A. Perdue (I),143
Randolph,Cuthbert-Courthouse,U.S. Senate,,Democrat,Jon Ossoff,478
Randolph,Cuthbert,U.S. Senate,,Republican,David A. Perdue (I),49
Randolph,Cuthbert,U.S. Senate,,Democrat,Jon Ossoff,127
Randolph,Springvale,U.S. Senate,,Republican,David A. Perdue (I),23
Randolph,Springvale,U.S. Senate,,Democrat,Jon Ossoff,57
Randolph,Coleman,U.S. Senate (Special),,Republican,Kelly Loeffler (I),32
Randolph,Coleman,U.S. Senate (Special),,Democrat,Raphael Warnock,31
Randolph,Shellman,U.S. Senate (Special),,Republican,Kelly Loeffler (I),132
Randolph,Shellman,U.S. Senate (Special),,Democrat,Raphael Warnock,84
Randolph,Benevolence,U.S. Senate (Special),,Republican,Kelly Loeffler (I),32
Randolph,Benevolence,U.S. Senate (Special),,Democrat,Raphael Warnock,31
Randolph,Cuthbert-Courthouse,U.S. Senate (Special),,Republican,Kelly Loeffler (I),144
Randolph,Cuthbert-Courthouse,U.S. Senate (Special),,Democrat,Raphael Warnock,482
Randolph,Cuthbert,U.S. Senate (Special),,Republican,Kelly Loeffler (I),49
Randolph,Cuthbert,U.S. Senate (Special),,Democrat,Raphael Warnock,127
Randolph,Springvale,U.S. Senate (Special),,Republican,Kelly Loeffler (I),23
Randolph,Springvale,U.S. Senate (Special),,Democrat,Raphael Warnock,56
Richmond,101,U.S. Senate,,Republican,David A. Perdue (I),94
Richmond,101,U.S. Senate,,Democrat,Jon Ossoff,124
Richmond,102,U.S. Senate,,Republican,David A. Perdue (I),120
Richmond,102,U.S. Senate,,Democrat,Jon Ossoff,146
Richmond,103,U.S. Senate,,Republican,David A. Perdue (I),152
Richmond,103,U.S. Senate,,Democrat,Jon Ossoff,249
Richmond,104,U.S. Senate,,Republican,David A. Perdue (I),418
Richmond,104,U.S. Senate,,Democrat,Jon Ossoff,488
Richmond,105,U.S. Senate,,Republican,David A. Perdue (I),142
Richmond,105,U.S. Senate,,Democrat,Jon Ossoff,179
Richmond,106,U.S. Senate,,Republican,David A. Perdue (I),129
Richmond,106,U.S. Senate,,Democrat,Jon Ossoff,77
Richmond,107,U.S. Senate,,Republican,David A. Perdue (I),167
Richmond,107,U.S. Senate,,Democrat,Jon Ossoff,232
Richmond,108,U.S. Senate,,Republican,David A. Perdue (I),58
Richmond,108,U.S. Senate,,Democrat,Jon Ossoff,97
Richmond,109,U.S. Senate,,Republican,David A. Perdue (I),110
Richmond,109,U.S. Senate,,Democrat,Jon Ossoff,191
Richmond,111,U.S. Senate,,Republican,David A. Perdue (I),163
Richmond,111,U.S. Senate,,Democrat,Jon Ossoff,217
Richmond,112,U.S. Senate,,Republican,David A. Perdue (I),45
Richmond,112,U.S. Senate,,Democrat,Jon Ossoff,125
Richmond,114,U.S. Senate,,Republican,David A. Perdue (I),104
Richmond,114,U.S. Senate,,Democrat,Jon Ossoff,129
Richmond,201,U.S. Senate,,Republican,David A. Perdue (I),245
Richmond,201,U.S. Senate,,Democrat,Jon Ossoff,224
Richmond,115,U.S. Senate,,Republican,David A. Perdue (I),50
Richmond,115,U.S. Senate,,Democrat,Jon Ossoff,29
Richmond,202,U.S. Senate,,Republican,David A. Perdue (I),473
Richmond,202,U.S. Senate,,Democrat,Jon Ossoff,633
Richmond,203,U.S. Senate,,Republican,David A. Perdue (I),162
Richmond,203,U.S. Senate,,Democrat,Jon Ossoff,139
Richmond,204,U.S. Senate,,Republican,David A. Perdue (I),122
Richmond,204,U.S. Senate,,Democrat,Jon Ossoff,234
Richmond,207,U.S. Senate,,Republican,David A. Perdue (I),337
Richmond,207,U.S. Senate,,Democrat,Jon Ossoff,399
Richmond,208,U.S. Senate,,Republican,David A. Perdue (I),320
Richmond,208,U.S. Senate,,Democrat,Jon Ossoff,409
Richmond,210,U.S. Senate,,Republican,David A. Perdue (I),155
Richmond,210,U.S. Senate,,Democrat,Jon Ossoff,287
Richmond,301,U.S. Senate,,Republican,David A. Perdue (I),160
Richmond,301,U.S. Senate,,Democrat,Jon Ossoff,246
Richmond,302,U.S. Senate,,Republican,David A. Perdue (I),127
Richmond,302,U.S. Senate,,Democrat,Jon Ossoff,169
Richmond,303,U.S. Senate,,Republican,David A. Perdue (I),55
Richmond,303,U.S. Senate,,Democrat,Jon Ossoff,137
Richmond,304,U.S. Senate,,Republican,David A. Perdue (I),16
Richmond,304,U.S. Senate,,Democrat,Jon Ossoff,54
Richmond,305,U.S. Senate,,Republican,David A. Perdue (I),10
Richmond,305,U.S. Senate,,Democrat,Jon Ossoff,34
Richmond,306,U.S. Senate,,Republican,David A. Perdue (I),343
Richmond,306,U.S. Senate,,Democrat,Jon Ossoff,668
Richmond,307,U.S. Senate,,Republican,David A. Perdue (I),82
Richmond,307,U.S. Senate,,Democrat,Jon Ossoff,139
Richmond,308,U.S. Senate,,Republican,David A. Perdue (I),58
Richmond,308,U.S. Senate,,Democrat,Jon Ossoff,90
Richmond,309,U.S. Senate,,Republican,David A. Perdue (I),370
Richmond,309,U.S. Senate,,Democrat,Jon Ossoff,1019
Richmond,310,U.S. Senate,,Republican,David A. Perdue (I),529
Richmond,310,U.S. Senate,,Democrat,Jon Ossoff,1190
Richmond,401,U.S. Senate,,Republican,David A. Perdue (I),273
Richmond,401,U.S. Senate,,Democrat,Jon Ossoff,627
Richmond,402,U.S. Senate,,Republican,David A. Perdue (I),399
Richmond,402,U.S. Senate,,Democrat,Jon Ossoff,422
Richmond,404,U.S. Senate,,Republican,David A. Perdue (I),235
Richmond,404,U.S. Senate,,Democrat,Jon Ossoff,384
Richmond,405,U.S. Senate,,Republican,David A. Perdue (I),418
Richmond,405,U.S. Senate,,Democrat,Jon Ossoff,1319
Richmond,406,U.S. Senate,,Republican,David A. Perdue (I),402
Richmond,406,U.S. Senate,,Democrat,Jon Ossoff,917
Richmond,501,U.S. Senate,,Republican,David A. Perdue (I),386
Richmond,501,U.S. Senate,,Democrat,Jon Ossoff,646
Richmond,502,U.S. Senate,,Republican,David A. Perdue (I),562
Richmond,502,U.S. Senate,,Democrat,Jon Ossoff,807
Richmond,503,U.S. Senate,,Republican,David A. Perdue (I),424
Richmond,503,U.S. Senate,,Democrat,Jon Ossoff,757
Richmond,504,U.S. Senate,,Republican,David A. Perdue (I),267
Richmond,504,U.S. Senate,,Democrat,Jon Ossoff,326
Richmond,506,U.S. Senate,,Republican,David A. Perdue (I),44
Richmond,506,U.S. Senate,,Democrat,Jon Ossoff,48
Richmond,507,U.S. Senate,,Republican,David A. Perdue (I),154
Richmond,507,U.S. Senate,,Democrat,Jon Ossoff,168
Richmond,509,U.S. Senate,,Republican,David A. Perdue (I),223
Richmond,509,U.S. Senate,,Democrat,Jon Ossoff,529
Richmond,601,U.S. Senate,,Republican,David A. Perdue (I),352
Richmond,601,U.S. Senate,,Democrat,Jon Ossoff,666
Richmond,603,U.S. Senate,,Republican,David A. Perdue (I),316
Richmond,603,U.S. Senate,,Democrat,Jon Ossoff,403
Richmond,604,U.S. Senate,,Republican,David A. Perdue (I),185
Richmond,604,U.S. Senate,,Democrat,Jon Ossoff,282
Richmond,605,U.S. Senate,,Republican,David A. Perdue (I),349
Richmond,605,U.S. Senate,,Democrat,Jon Ossoff,500
Richmond,607,U.S. Senate,,Republican,David A. Perdue (I),217
Richmond,607,U.S. Senate,,Democrat,Jon Ossoff,496
Richmond,608,U.S. Senate,,Republican,David A. Perdue (I),78
Richmond,608,U.S. Senate,,Democrat,Jon Ossoff,195
Richmond,701,U.S. Senate,,Republican,David A. Perdue (I),137
Richmond,701,U.S. Senate,,Democrat,Jon Ossoff,234
Richmond,702,U.S. Senate,,Republican,David A. Perdue (I),148
Richmond,702,U.S. Senate,,Democrat,Jon Ossoff,203
Richmond,703,U.S. Senate,,Republican,David A. Perdue (I),380
Richmond,703,U.S. Senate,,Democrat,Jon Ossoff,621
Richmond,705,U.S. Senate,,Republican,David A. Perdue (I),167
Richmond,705,U.S. Senate,,Democrat,Jon Ossoff,288
Richmond,706,U.S. Senate,,Republican,David A. Perdue (I),138
Richmond,706,U.S. Senate,,Democrat,Jon Ossoff,371
Richmond,707,U.S. Senate,,Republican,David A. Perdue (I),242
Richmond,707,U.S. Senate,,Democrat,Jon Ossoff,315
Richmond,708,U.S. Senate,,Republican,David A. Perdue (I),12
Richmond,708,U.S. Senate,,Democrat,Jon Ossoff,40
Richmond,709,U.S. Senate,,Republican,David A. Perdue (I),46
Richmond,709,U.S. Senate,,Democrat,Jon Ossoff,70
Richmond,801,U.S. Senate,,Republican,David A. Perdue (I),28
Richmond,801,U.S. Senate,,Democrat,Jon Ossoff,22
Richmond,801B,U.S. Senate,,Republican,David A. Perdue (I),29
Richmond,801B,U.S. Senate,,Democrat,Jon Ossoff,16
Richmond,802,U.S. Senate,,Republican,David A. Perdue (I),163
Richmond,802,U.S. Senate,,Democrat,Jon Ossoff,240
Richmond,803,U.S. Senate,,Republican,David A. Perdue (I),14
Richmond,803,U.S. Senate,,Democrat,Jon Ossoff,26
Richmond,804,U.S. Senate,,Republican,David A. Perdue (I),159
Richmond,804,U.S. Senate,,Democrat,Jon Ossoff,340
Richmond,804H,U.S. Senate,,Republican,David A. Perdue (I),223
Richmond,804H,U.S. Senate,,Democrat,Jon Ossoff,387
Richmond,805,U.S. Senate,,Republican,David A. Perdue (I),77
Richmond,805,U.S. Senate,,Democrat,Jon Ossoff,168
Richmond,806,U.S. Senate,,Republican,David A. Perdue (I),93
Richmond,806,U.S. Senate,,Democrat,Jon Ossoff,112
Richmond,807,U.S. Senate,,Republican,David A. Perdue (I),143
Richmond,807,U.S. Senate,,Democrat,Jon Ossoff,261
Richmond,808,U.S. Senate,,Republican,David A. Perdue (I),211
Richmond,808,U.S. Senate,,Democrat,Jon Ossoff,313
Richmond,809,U.S. Senate,,Republican,David A. Perdue (I),106
Richmond,809,U.S. Senate,,Democrat,Jon Ossoff,294
Richmond,810,U.S. Senate,,Republican,David A. Perdue (I),18
Richmond,810,U.S. Senate,,Democrat,Jon Ossoff,60
Richmond,101,U.S. Senate (Special),,Republican,Kelly Loeffler (I),95
Richmond,101,U.S. Senate (Special),,Democrat,Raphael Warnock,124
Richmond,102,U.S. Senate (Special),,Republican,Kelly Loeffler (I),122
Richmond,102,U.S. Senate (Special),,Democrat,Raphael Warnock,145
Richmond,103,U.S. Senate (Special),,Republican,Kelly Loeffler (I),152
Richmond,103,U.S. Senate (Special),,Democrat,Raphael Warnock,248
Richmond,104,U.S. Senate (Special),,Republican,Kelly Loeffler (I),418
Richmond,104,U.S. Senate (Special),,Democrat,Raphael Warnock,487
Richmond,105,U.S. Senate (Special),,Republican,Kelly Loeffler (I),140
Richmond,105,U.S. Senate (Special),,Democrat,Raphael Warnock,179
Richmond,106,U.S. Senate (Special),,Republican,Kelly Loeffler (I),130
Richmond,106,U.S. Senate (Special),,Democrat,Raphael Warnock,77
Richmond,107,U.S. Senate (Special),,Republican,Kelly Loeffler (I),167
Richmond,107,U.S. Senate (Special),,Democrat,Raphael Warnock,232
Richmond,108,U.S. Senate (Special),,Republican,Kelly Loeffler (I),58
Richmond,108,U.S. Senate (Special),,Democrat,Raphael Warnock,97
Richmond,109,U.S. Senate (Special),,Republican,Kelly Loeffler (I),115
Richmond,109,U.S. Senate (Special),,Democrat,Raphael Warnock,196
Richmond,111,U.S. Senate (Special),,Republican,Kelly Loeffler (I),163
Richmond,111,U.S. Senate (Special),,Democrat,Raphael Warnock,216
Richmond,112,U.S. Senate (Special),,Republican,Kelly Loeffler (I),45
Richmond,112,U.S. Senate (Special),,Democrat,Raphael Warnock,125
Richmond,114,U.S. Senate (Special),,Republican,Kelly Loeffler (I),105
Richmond,114,U.S. Senate (Special),,Democrat,Raphael Warnock,130
Richmond,201,U.S. Senate (Special),,Republican,Kelly Loeffler (I),245
Richmond,201,U.S. Senate (Special),,Democrat,Raphael Warnock,225
Richmond,115,U.S. Senate (Special),,Republican,Kelly Loeffler (I),49
Richmond,115,U.S. Senate (Special),,Democrat,Raphael Warnock,29
Richmond,202,U.S. Senate (Special),,Republican,Kelly Loeffler (I),482
Richmond,202,U.S. Senate (Special),,Democrat,Raphael Warnock,632
Richmond,203,U.S. Senate (Special),,Republican,Kelly Loeffler (I),163
Richmond,203,U.S. Senate (Special),,Democrat,Raphael Warnock,141
Richmond,204,U.S. Senate (Special),,Republican,Kelly Loeffler (I),121
Richmond,204,U.S. Senate (Special),,Democrat,Raphael Warnock,232
Richmond,207,U.S. Senate (Special),,Republican,Kelly Loeffler (I),336
Richmond,207,U.S. Senate (Special),,Democrat,Raphael Warnock,403
Richmond,208,U.S. Senate (Special),,Republican,Kelly Loeffler (I),321
Richmond,208,U.S. Senate (Special),,Democrat,Raphael Warnock,410
Richmond,210,U.S. Senate (Special),,Republican,Kelly Loeffler (I),158
Richmond,210,U.S. Senate (Special),,Democrat,Raphael Warnock,288
Richmond,301,U.S. Senate (Special),,Republican,Kelly Loeffler (I),169
Richmond,301,U.S. Senate (Special),,Democrat,Raphael Warnock,246
Richmond,302,U.S. Senate (Special),,Republican,Kelly Loeffler (I),126
Richmond,302,U.S. Senate (Special),,Democrat,Raphael Warnock,170
Richmond,303,U.S. Senate (Special),,Republican,Kelly Loeffler (I),53
Richmond,303,U.S. Senate (Special),,Democrat,Raphael Warnock,136
Richmond,304,U.S. Senate (Special),,Republican,Kelly Loeffler (I),15
Richmond,304,U.S. Senate (Special),,Democrat,Raphael Warnock,53
Richmond,305,U.S. Senate (Special),,Republican,Kelly Loeffler (I),8
Richmond,305,U.S. Senate (Special),,Democrat,Raphael Warnock,34
Richmond,306,U.S. Senate (Special),,Republican,Kelly Loeffler (I),344
Richmond,306,U.S. Senate (Special),,Democrat,Raphael Warnock,669
Richmond,307,U.S. Senate (Special),,Republican,Kelly Loeffler (I),82
Richmond,307,U.S. Senate (Special),,Democrat,Raphael Warnock,144
Richmond,308,U.S. Senate (Special),,Republican,Kelly Loeffler (I),58
Richmond,308,U.S. Senate (Special),,Democrat,Raphael Warnock,89
Richmond,309,U.S. Senate (Special),,Republican,Kelly Loeffler (I),369
Richmond,309,U.S. Senate (Special),,Democrat,Raphael Warnock,1016
Richmond,310,U.S. Senate (Special),,Republican,Kelly Loeffler (I),526
Richmond,310,U.S. Senate (Special),,Democrat,Raphael Warnock,1189
Richmond,401,U.S. Senate (Special),,Republican,Kelly Loeffler (I),274
Richmond,401,U.S. Senate (Special),,Democrat,Raphael Warnock,629
Richmond,402,U.S. Senate (Special),,Republican,Kelly Loeffler (I),400
Richmond,402,U.S. Senate (Special),,Democrat,Raphael Warnock,423
Richmond,404,U.S. Senate (Special),,Republican,Kelly Loeffler (I),235
Richmond,404,U.S. Senate (Special),,Democrat,Raphael Warnock,384
Richmond,405,U.S. Senate (Special),,Republican,Kelly Loeffler (I),421
Richmond,405,U.S. Senate (Special),,Democrat,Raphael Warnock,1324
Richmond,406,U.S. Senate (Special),,Republican,Kelly Loeffler (I),400
Richmond,406,U.S. Senate (Special),,Democrat,Raphael Warnock,917
Richmond,501,U.S. Senate (Special),,Republican,Kelly Loeffler (I),390
Richmond,501,U.S. Senate (Special),,Democrat,Raphael Warnock,648
Richmond,502,U.S. Senate (Special),,Republican,Kelly Loeffler (I),564
Richmond,502,U.S. Senate (Special),,Democrat,Raphael Warnock,806
Richmond,503,U.S. Senate (Special),,Republican,Kelly Loeffler (I),432
Richmond,503,U.S. Senate (Special),,Democrat,Raphael Warnock,757
Richmond,504,U.S. Senate (Special),,Republican,Kelly Loeffler (I),270
Richmond,504,U.S. Senate (Special),,Democrat,Raphael Warnock,326
Richmond,506,U.S. Senate (Special),,Republican,Kelly Loeffler (I),44
Richmond,506,U.S. Senate (Special),,Democrat,Raphael Warnock,48
Richmond,507,U.S. Senate (Special),,Republican,Kelly Loeffler (I),153
Richmond,507,U.S. Senate (Special),,Democrat,Raphael Warnock,167
Richmond,509,U.S. Senate (Special),,Republican,Kelly Loeffler (I),225
Richmond,509,U.S. Senate (Special),,Democrat,Raphael Warnock,531
Richmond,601,U.S. Senate (Special),,Republican,Kelly Loeffler (I),355
Richmond,601,U.S. Senate (Special),,Democrat,Raphael Warnock,665
Richmond,603,U.S. Senate (Special),,Republican,Kelly Loeffler (I),323
Richmond,603,U.S. Senate (Special),,Democrat,Raphael Warnock,403
Richmond,604,U.S. Senate (Special),,Republican,Kelly Loeffler (I),190
Richmond,604,U.S. Senate (Special),,Democrat,Raphael Warnock,282
Richmond,605,U.S. Senate (Special),,Republican,Kelly Loeffler (I),348
Richmond,605,U.S. Senate (Special),,Democrat,Raphael Warnock,497
Richmond,607,U.S. Senate (Special),,Republican,Kelly Loeffler (I),221
Richmond,607,U.S. Senate (Special),,Democrat,Raphael Warnock,495
Richmond,608,U.S. Senate (Special),,Republican,Kelly Loeffler (I),78
Richmond,608,U.S. Senate (Special),,Democrat,Raphael Warnock,195
Richmond,701,U.S. Senate (Special),,Republican,Kelly Loeffler (I),143
Richmond,701,U.S. Senate (Special),,Democrat,Raphael Warnock,236
Richmond,702,U.S. Senate (Special),,Republican,Kelly Loeffler (I),151
Richmond,702,U.S. Senate (Special),,Democrat,Raphael Warnock,203
Richmond,703,U.S. Senate (Special),,Republican,Kelly Loeffler (I),383
Richmond,703,U.S. Senate (Special),,Democrat,Raphael Warnock,624
Richmond,705,U.S. Senate (Special),,Republican,Kelly Loeffler (I),171
Richmond,705,U.S. Senate (Special),,Democrat,Raphael Warnock,292
Richmond,706,U.S. Senate (Special),,Republican,Kelly Loeffler (I),143
Richmond,706,U.S. Senate (Special),,Democrat,Raphael Warnock,379
Richmond,707,U.S. Senate (Special),,Republican,Kelly Loeffler (I),248
Richmond,707,U.S. Senate (Special),,Democrat,Raphael Warnock,317
Richmond,708,U.S. Senate (Special),,Republican,Kelly Loeffler (I),12
Richmond,708,U.S. Senate (Special),,Democrat,Raphael Warnock,40
Richmond,709,U.S. Senate (Special),,Republican,Kelly Loeffler (I),46
Richmond,709,U.S. Senate (Special),,Democrat,Raphael Warnock,68
Richmond,801,U.S. Senate (Special),,Republican,Kelly Loeffler (I),29
Richmond,801,U.S. Senate (Special),,Democrat,Raphael Warnock,22
Richmond,801B,U.S. Senate (Special),,Republican,Kelly Loeffler (I),30
Richmond,801B,U.S. Senate (Special),,Democrat,Raphael Warnock,16
Richmond,802,U.S. Senate (Special),,Republican,Kelly Loeffler (I),167
Richmond,802,U.S. Senate (Special),,Democrat,Raphael Warnock,240
Richmond,803,U.S. Senate (Special),,Republican,Kelly Loeffler (I),16
Richmond,803,U.S. Senate (Special),,Democrat,Raphael Warnock,26
Richmond,804,U.S. Senate (Special),,Republican,Kelly Loeffler (I),157
Richmond,804,U.S. Senate (Special),,Democrat,Raphael Warnock,337
Richmond,804H,U.S. Senate (Special),,Republican,Kelly Loeffler (I),218
Richmond,804H,U.S. Senate (Special),,Democrat,Raphael Warnock,390
Richmond,805,U.S. Senate (Special),,Republican,Kelly Loeffler (I),77
Richmond,805,U.S. Senate (Special),,Democrat,Raphael Warnock,170
Richmond,806,U.S. Senate (Special),,Republican,Kelly Loeffler (I),92
Richmond,806,U.S. Senate (Special),,Democrat,Raphael Warnock,113
Richmond,807,U.S. Senate (Special),,Republican,Kelly Loeffler (I),147
Richmond,807,U.S. Senate (Special),,Democrat,Raphael Warnock,261
Richmond,808,U.S. Senate (Special),,Republican,Kelly Loeffler (I),210
Richmond,808,U.S. Senate (Special),,Democrat,Raphael Warnock,313
Richmond,809,U.S. Senate (Special),,Republican,Kelly Loeffler (I),107
Richmond,809,U.S. Senate (Special),,Democrat,Raphael Warnock,295
Richmond,810,U.S. Senate (Special),,Republican,Kelly Loeffler (I),18
Richmond,810,U.S. Senate (Special),,Democrat,Raphael Warnock,60
Rockdale,BA,U.S. Senate,,Republican,David A. Perdue (I),385
Rockdale,BA,U.S. Senate,,Democrat,Jon Ossoff,1120
Rockdale,BT,U.S. Senate,,Republican,David A. Perdue (I),217
Rockdale,BT,U.S. Senate,,Democrat,Jon Ossoff,439
Rockdale,CO,U.S. Senate,,Republican,David A. Perdue (I),377
Rockdale,CO,U.S. Senate,,Democrat,Jon Ossoff,781
Rockdale,FI,U.S. Senate,,Republican,David A. Perdue (I),554
Rockdale,FI,U.S. Senate,,Democrat,Jon Ossoff,1901
Rockdale,FS,U.S. Senate,,Republican,David A. Perdue (I),340
Rockdale,FS,U.S. Senate,,Democrat,Jon Ossoff,1086
Rockdale,HC,U.S. Senate,,Republican,David A. Perdue (I),216
Rockdale,HC,U.S. Senate,,Democrat,Jon Ossoff,440
Rockdale,HI,U.S. Senate,,Republican,David A. Perdue (I),272
Rockdale,HI,U.S. Senate,,Democrat,Jon Ossoff,833
Rockdale,LA,U.S. Senate,,Republican,David A. Perdue (I),154
Rockdale,LA,U.S. Senate,,Democrat,Jon Ossoff,331
Rockdale,LO,U.S. Senate,,Republican,David A. Perdue (I),296
Rockdale,LO,U.S. Senate,,Democrat,Jon Ossoff,904
Rockdale,MA,U.S. Senate,,Republican,David A. Perdue (I),246
Rockdale,MA,U.S. Senate,,Democrat,Jon Ossoff,539
Rockdale,MI,U.S. Senate,,Republican,David A. Perdue (I),349
Rockdale,MI,U.S. Senate,,Democrat,Jon Ossoff,1002
Rockdale,OT,U.S. Senate,,Republican,David A. Perdue (I),621
Rockdale,OT,U.S. Senate,,Democrat,Jon Ossoff,1432
Rockdale,RO,U.S. Senate,,Republican,David A. Perdue (I),412
Rockdale,RO,U.S. Senate,,Democrat,Jon Ossoff,1159
Rockdale,SM,U.S. Senate,,Republican,David A. Perdue (I),334
Rockdale,SM,U.S. Senate,,Democrat,Jon Ossoff,1264
Rockdale,SP,U.S. Senate,,Republican,David A. Perdue (I),426
Rockdale,SP,U.S. Senate,,Democrat,Jon Ossoff,1431
Rockdale,ST,U.S. Senate,,Republican,David A. Perdue (I),176
Rockdale,ST,U.S. Senate,,Democrat,Jon Ossoff,739
Rockdale,BA,U.S. Senate (Special),,Republican,Kelly Loeffler (I),390
Rockdale,BA,U.S. Senate (Special),,Democrat,Raphael Warnock,1122
Rockdale,BT,U.S. Senate (Special),,Republican,Kelly Loeffler (I),217
Rockdale,BT,U.S. Senate (Special),,Democrat,Raphael Warnock,445
Rockdale,CO,U.S. Senate (Special),,Republican,Kelly Loeffler (I),376
Rockdale,CO,U.S. Senate (Special),,Democrat,Raphael Warnock,786
Rockdale,FI,U.S. Senate (Special),,Republican,Kelly Loeffler (I),557
Rockdale,FI,U.S. Senate (Special),,Democrat,Raphael Warnock,1901
Rockdale,FS,U.S. Senate (Special),,Republican,Kelly Loeffler (I),340
Rockdale,FS,U.S. Senate (Special),,Democrat,Raphael Warnock,1091
Rockdale,HC,U.S. Senate (Special),,Republican,Kelly Loeffler (I),221
Rockdale,HC,U.S. Senate (Special),,Democrat,Raphael Warnock,442
Rockdale,HI,U.S. Senate (Special),,Republican,Kelly Loeffler (I),271
Rockdale,HI,U.S. Senate (Special),,Democrat,Raphael Warnock,836
Rockdale,LA,U.S. Senate (Special),,Republican,Kelly Loeffler (I),160
Rockdale,LA,U.S. Senate (Special),,Democrat,Raphael Warnock,331
Rockdale,LO,U.S. Senate (Special),,Republican,Kelly Loeffler (I),303
Rockdale,LO,U.S. Senate (Special),,Democrat,Raphael Warnock,899
Rockdale,MA,U.S. Senate (Special),,Republican,Kelly Loeffler (I),252
Rockdale,MA,U.S. Senate (Special),,Democrat,Raphael Warnock,542
Rockdale,MI,U.S. Senate (Special),,Republican,Kelly Loeffler (I),348
Rockdale,MI,U.S. Senate (Special),,Democrat,Raphael Warnock,1003
Rockdale,OT,U.S. Senate (Special),,Republican,Kelly Loeffler (I),620
Rockdale,OT,U.S. Senate (Special),,Democrat,Raphael Warnock,1436
Rockdale,RO,U.S. Senate (Special),,Republican,Kelly Loeffler (I),420
Rockdale,RO,U.S. Senate (Special),,Democrat,Raphael Warnock,1162
Rockdale,SM,U.S. Senate (Special),,Republican,Kelly Loeffler (I),337
Rockdale,SM,U.S. Senate (Special),,Democrat,Raphael Warnock,1267
Rockdale,SP,U.S. Senate (Special),,Republican,Kelly Loeffler (I),426
Rockdale,SP,U.S. Senate (Special),,Democrat,Raphael Warnock,1434
Rockdale,ST,U.S. Senate (Special),,Republican,Kelly Loeffler (I),176
Rockdale,ST,U.S. Senate (Special),,Democrat,Raphael Warnock,741
Schley,Precinct One,U.S. Senate,,Republican,David A. Perdue (I),93
Schley,Precinct One,U.S. Senate,,Democrat,Jon Ossoff,190
Schley,Precinct One,U.S. Senate (Special),,Republican,Kelly Loeffler (I),94
Schley,Precinct One,U.S. Senate (Special),,Democrat,Raphael Warnock,193
Screven,Sylvania,U.S. Senate,,Republican,David A. Perdue (I),51
Screven,Sylvania,U.S. Senate,,Democrat,Jon Ossoff,167
Screven,Hunters,U.S. Senate,,Republican,David A. Perdue (I),20
Screven,Hunters,U.S. Senate,,Democrat,Jon Ossoff,53
Screven,Newington,U.S. Senate,,Republican,David A. Perdue (I),77
Screven,Newington,U.S. Senate,,Democrat,Jon Ossoff,75
Screven,Jenk Hill Fire Sta,U.S. Senate,,Republican,David A. Perdue (I),98
Screven,Jenk Hill Fire Sta,U.S. Senate,,Democrat,Jon Ossoff,186
Screven,Rocky Ford,U.S. Senate,,Republican,David A. Perdue (I),30
Screven,Rocky Ford,U.S. Senate,,Democrat,Jon Ossoff,23
Screven,Bay Branch,U.S. Senate,,Republican,David A. Perdue (I),24
Screven,Bay Branch,U.S. Senate,,Democrat,Jon Ossoff,43
Screven,Hiltonia,U.S. Senate,,Republican,David A. Perdue (I),74
Screven,Hiltonia,U.S. Senate,,Democrat,Jon Ossoff,103
Screven,Screven Rec Dept,U.S. Senate,,Republican,David A. Perdue (I),39
Screven,Screven Rec Dept,U.S. Senate,,Democrat,Jon Ossoff,59
Screven,Greenhill Church,U.S. Senate,,Republican,David A. Perdue (I),34
Screven,Greenhill Church,U.S. Senate,,Democrat,Jon Ossoff,45
Screven,Sr Citizens Center,U.S. Senate,,Republican,David A. Perdue (I),129
Screven,Sr Citizens Center,U.S. Senate,,Democrat,Jon Ossoff,244
Screven,Jackson Fire Station,U.S. Senate,,Republican,David A. Perdue (I),14
Screven,Jackson Fire Station,U.S. Senate,,Democrat,Jon Ossoff,18
Screven,Cooperville Fire Station,U.S. Senate,,Republican,David A. Perdue (I),27
Screven,Cooperville Fire Station,U.S. Senate,,Democrat,Jon Ossoff,52
Screven,Sylvania,U.S. Senate (Special),,Republican,Kelly Loeffler (I),51
Screven,Sylvania,U.S. Senate (Special),,Democrat,Raphael Warnock,169
Screven,Hunters,U.S. Senate (Special),,Republican,Kelly Loeffler (I),20
Screven,Hunters,U.S. Senate (Special),,Democrat,Raphael Warnock,53
Screven,Newington,U.S. Senate (Special),,Republican,Kelly Loeffler (I),78
Screven,Newington,U.S. Senate (Special),,Democrat,Raphael Warnock,75
Screven,Jenk Hill Fire Sta,U.S. Senate (Special),,Republican,Kelly Loeffler (I),97
Screven,Jenk Hill Fire Sta,U.S. Senate (Special),,Democrat,Raphael Warnock,190
Screven,Rocky Ford,U.S. Senate (Special),,Republican,Kelly Loeffler (I),30
Screven,Rocky Ford,U.S. Senate (Special),,Democrat,Raphael Warnock,24
Screven,Bay Branch,U.S. Senate (Special),,Republican,Kelly Loeffler (I),25
Screven,Bay Branch,U.S. Senate (Special),,Democrat,Raphael Warnock,44
Screven,Hiltonia,U.S. Senate (Special),,Republican,Kelly Loeffler (I),76
Screven,Hiltonia,U.S. Senate (Special),,Democrat,Raphael Warnock,104
Screven,Screven Rec Dept,U.S. Senate (Special),,Republican,Kelly Loeffler (I),39
Screven,Screven Rec Dept,U.S. Senate (Special),,Democrat,Raphael Warnock,58
Screven,Greenhill Church,U.S. Senate (Special),,Republican,Kelly Loeffler (I),34
Screven,Greenhill Church,U.S. Senate (Special),,Democrat,Raphael Warnock,46
Screven,Sr Citizens Center,U.S. Senate (Special),,Republican,Kelly Loeffler (I),130
Screven,Sr Citizens Center,U.S. Senate (Special),,Democrat,Raphael Warnock,250
Screven,Jackson Fire Station,U.S. Senate (Special),,Republican,Kelly Loeffler (I),14
Screven,Jackson Fire Station,U.S. Senate (Special),,Democrat,Raphael Warnock,19
Screven,Cooperville Fire Station,U.S. Senate (Special),,Republican,Kelly Loeffler (I),27
Screven,Cooperville Fire Station,U.S. Senate (Special),,Democrat,Raphael Warnock,53
Seminole,Precinct 1,U.S. Senate,,Republican,David A. Perdue (I),45
Seminole,Precinct 1,U.S. Senate,,Democrat,Jon Ossoff,96
Seminole,Precinct 2,U.S. Senate,,Republican,David A. Perdue (I),55
Seminole,Precinct 2,U.S. Senate,,Democrat,Jon Ossoff,132
Seminole,Precinct 3,U.S. Senate,,Republican,David A. Perdue (I),170
Seminole,Precinct 3,U.S. Senate,,Democrat,Jon Ossoff,229
Seminole,Precinct 4,U.S. Senate,,Republican,David A. Perdue (I),57
Seminole,Precinct 4,U.S. Senate,,Democrat,Jon Ossoff,64
Seminole,Precinct 5,U.S. Senate,,Republican,David A. Perdue (I),26
Seminole,Precinct 5,U.S. Senate,,Democrat,Jon Ossoff,32
Seminole,Precinct 1,U.S. Senate (Special),,Republican,Kelly Loeffler (I),47
Seminole,Precinct 1,U.S. Senate (Special),,Democrat,Raphael Warnock,96
Seminole,Precinct 2,U.S. Senate (Special),,Republican,Kelly Loeffler (I),54
Seminole,Precinct 2,U.S. Senate (Special),,Democrat,Raphael Warnock,131
Seminole,Precinct 3,U.S. Senate (Special),,Republican,Kelly Loeffler (I),170
Seminole,Precinct 3,U.S. Senate (Special),,Democrat,Raphael Warnock,232
Seminole,Precinct 4,U.S. Senate (Special),,Republican,Kelly Loeffler (I),57
Seminole,Precinct 4,U.S. Senate (Special),,Democrat,Raphael Warnock,62
Seminole,Precinct 5,U.S. Senate (Special),,Republican,Kelly Loeffler (I),25
Seminole,Precinct 5,U.S. Senate (Special),,Democrat,Raphael Warnock,29
Spalding,01,U.S. Senate,,Republican,David A. Perdue (I),249
Spalding,01,U.S. Senate,,Democrat,Jon Ossoff,277
Spalding,02,U.S. Senate,,Republican,David A. Perdue (I),241
Spalding,02,U.S. Senate,,Democrat,Jon Ossoff,279
Spalding,03,U.S. Senate,,Republican,David A. Perdue (I),110
Spalding,03,U.S. Senate,,Democrat,Jon Ossoff,232
Spalding,05,U.S. Senate,,Republican,David A. Perdue (I),299
Spalding,05,U.S. Senate,,Democrat,Jon Ossoff,476
Spalding,06,U.S. Senate,,Republican,David A. Perdue (I),216
Spalding,06,U.S. Senate,,Democrat,Jon Ossoff,361
Spalding,07,U.S. Senate,,Republican,David A. Perdue (I),75
Spalding,07,U.S. Senate,,Democrat,Jon Ossoff,131
Spalding,08,U.S. Senate,,Republican,David A. Perdue (I),86
Spalding,08,U.S. Senate,,Democrat,Jon Ossoff,152
Spalding,09,U.S. Senate,,Republican,David A. Perdue (I),49
Spalding,09,U.S. Senate,,Democrat,Jon Ossoff,78
Spalding,10,U.S. Senate,,Republican,David A. Perdue (I),122
Spalding,10,U.S. Senate,,Democrat,Jon Ossoff,225
Spalding,11,U.S. Senate,,Republican,David A. Perdue (I),142
Spalding,11,U.S. Senate,,Democrat,Jon Ossoff,264
Spalding,12,U.S. Senate,,Republican,David A. Perdue (I),59
Spalding,12,U.S. Senate,,Democrat,Jon Ossoff,105
Spalding,13,U.S. Senate,,Republican,David A. Perdue (I),59
Spalding,13,U.S. Senate,,Democrat,Jon Ossoff,93
Spalding,14,U.S. Senate,,Republican,David A. Perdue (I),120
Spalding,14,U.S. Senate,,Democrat,Jon Ossoff,103
Spalding,16,U.S. Senate,,Republican,David A. Perdue (I),316
Spalding,16,U.S. Senate,,Democrat,Jon Ossoff,771
Spalding,17,U.S. Senate,,Republican,David A. Perdue (I),94
Spalding,17,U.S. Senate,,Democrat,Jon Ossoff,154
Spalding,19,U.S. Senate,,Republican,David A. Perdue (I),139
Spalding,19,U.S. Senate,,Democrat,Jon Ossoff,233
Spalding,20,U.S. Senate,,Republican,David A. Perdue (I),39
Spalding,20,U.S. Senate,,Democrat,Jon Ossoff,95
Spalding,21,U.S. Senate,,Republican,David A. Perdue (I),106
Spalding,21,U.S. Senate,,Democrat,Jon Ossoff,519
Spalding,01,U.S. Senate (Special),,Republican,Kelly Loeffler (I),251
Spalding,01,U.S. Senate (Special),,Democrat,Raphael Warnock,276
Spalding,02,U.S. Senate (Special),,Republican,Kelly Loeffler (I),242
Spalding,02,U.S. Senate (Special),,Democrat,Raphael Warnock,279
Spalding,03,U.S. Senate (Special),,Republican,Kelly Loeffler (I),112
Spalding,03,U.S. Senate (Special),,Democrat,Raphael Warnock,238
Spalding,05,U.S. Senate (Special),,Republican,Kelly Loeffler (I),309
Spalding,05,U.S. Senate (Special),,Democrat,Raphael Warnock,482
Spalding,06,U.S. Senate (Special),,Republican,Kelly Loeffler (I),220
Spalding,06,U.S. Senate (Special),,Democrat,Raphael Warnock,362
Spalding,07,U.S. Senate (Special),,Republican,Kelly Loeffler (I),75
Spalding,07,U.S. Senate (Special),,Democrat,Raphael Warnock,134
Spalding,08,U.S. Senate (Special),,Republican,Kelly Loeffler (I),87
Spalding,08,U.S. Senate (Special),,Democrat,Raphael Warnock,153
Spalding,09,U.S. Senate (Special),,Republican,Kelly Loeffler (I),51
Spalding,09,U.S. Senate (Special),,Democrat,Raphael Warnock,78
Spalding,10,U.S. Senate (Special),,Republican,Kelly Loeffler (I),120
Spalding,10,U.S. Senate (Special),,Democrat,Raphael Warnock,229
Spalding,11,U.S. Senate (Special),,Republican,Kelly Loeffler (I),145
Spalding,11,U.S. Senate (Special),,Democrat,Raphael Warnock,265
Spalding,12,U.S. Senate (Special),,Republican,Kelly Loeffler (I),61
Spalding,12,U.S. Senate (Special),,Democrat,Raphael Warnock,105
Spalding,13,U.S. Senate (Special),,Republican,Kelly Loeffler (I),62
Spalding,13,U.S. Senate (Special),,Democrat,Raphael Warnock,95
Spalding,14,U.S. Senate (Special),,Republican,Kelly Loeffler (I),120
Spalding,14,U.S. Senate (Special),,Democrat,Raphael Warnock,104
Spalding,16,U.S. Senate (Special),,Republican,Kelly Loeffler (I),315
Spalding,16,U.S. Senate (Special),,Democrat,Raphael Warnock,774
Spalding,17,U.S. Senate (Special),,Republican,Kelly Loeffler (I),99
Spalding,17,U.S. Senate (Special),,Democrat,Raphael Warnock,154
Spalding,19,U.S. Senate (Special),,Republican,Kelly Loeffler (I),142
Spalding,19,U.S. Senate (Special),,Democrat,Raphael Warnock,234
Spalding,20,U.S. Senate (Special),,Republican,Kelly Loeffler (I),38
Spalding,20,U.S. Senate (Special),,Democrat,Raphael Warnock,95
Spalding,21,U.S. Senate (Special),,Republican,Kelly Loeffler (I),108
Spalding,21,U.S. Senate (Special),,Democrat,Raphael Warnock,527
Stephens,Senior Center,U.S. Senate,,Republican,David A. Perdue (I),311
Stephens,Senior Center,U.S. Senate,,Democrat,Jon Ossoff,1085
Stephens,Senior Center,U.S. Senate (Special),,Republican,Kelly Loeffler (I),307
Stephens,Senior Center,U.S. Senate (Special),,Democrat,Raphael Warnock,1090
Stewart,Richland,U.S. Senate,,Republican,David A. Perdue (I),143
Stewart,Richland,U.S. Senate,,Democrat,Jon Ossoff,150
Stewart,Louvale,U.S. Senate,,Republican,David A. Perdue (I),43
Stewart,Louvale,U.S. Senate,,Democrat,Jon Ossoff,36
Stewart,Lumpkin,U.S. Senate,,Republican,David A. Perdue (I),92
Stewart,Lumpkin,U.S. Senate,,Democrat,Jon Ossoff,258
Stewart,Omaha,U.S. Senate,,Republican,David A. Perdue (I),36
Stewart,Omaha,U.S. Senate,,Democrat,Jon Ossoff,16
Stewart,Richland,U.S. Senate (Special),,Republican,Kelly Loeffler (I),143
Stewart,Richland,U.S. Senate (Special),,Democrat,Raphael Warnock,150
Stewart,Louvale,U.S. Senate (Special),,Republican,Kelly Loeffler (I),44
Stewart,Louvale,U.S. Senate (Special),,Democrat,Raphael Warnock,34
Stewart,Lumpkin,U.S. Senate (Special),,Republican,Kelly Loeffler (I),91
Stewart,Lumpkin,U.S. Senate (Special),,Democrat,Raphael Warnock,257
Stewart,Omaha,U.S. Senate (Special),,Republican,Kelly Loeffler (I),36
Stewart,Omaha,U.S. Senate (Special),,Democrat,Raphael Warnock,16
Sumter,Agri-Center,U.S. Senate,,Republican,David A. Perdue (I),89
Sumter,Agri-Center,U.S. Senate,,Democrat,Jon Ossoff,240
Sumter,Airport,U.S. Senate,,Republican,David A. Perdue (I),88
Sumter,Airport,U.S. Senate,,Democrat,Jon Ossoff,298
Sumter,Andersonville,U.S. Senate,,Republican,David A. Perdue (I),31
Sumter,Andersonville,U.S. Senate,,Democrat,Jon Ossoff,21
Sumter,Browns Mill,U.S. Senate,,Republican,David A. Perdue (I),42
Sumter,Browns Mill,U.S. Senate,,Democrat,Jon Ossoff,100
Sumter,Concord,U.S. Senate,,Republican,David A. Perdue (I),5
Sumter,Concord,U.S. Senate,,Democrat,Jon Ossoff,21
Sumter,GSW Conf Center,U.S. Senate,,Republican,David A. Perdue (I),161
Sumter,GSW Conf Center,U.S. Senate,,Democrat,Jon Ossoff,466
Sumter,Leslie,U.S. Senate,,Republican,David A. Perdue (I),90
Sumter,Leslie,U.S. Senate,,Democrat,Jon Ossoff,167
Sumter,Plains,U.S. Senate,,Republican,David A. Perdue (I),128
Sumter,Plains,U.S. Senate,,Democrat,Jon Ossoff,105
Sumter,Rec Dept,U.S. Senate,,Republican,David A. Perdue (I),257
Sumter,Rec Dept,U.S. Senate,,Democrat,Jon Ossoff,579
Sumter,Reese Park,U.S. Senate,,Republican,David A. Perdue (I),237
Sumter,Reese Park,U.S. Senate,,Democrat,Jon Ossoff,596
Sumter,Thompson,U.S. Senate,,Republican,David A. Perdue (I),61
Sumter,Thompson,U.S. Senate,,Democrat,Jon Ossoff,74
Sumter,Agri-Center,U.S. Senate (Special),,Republican,Kelly Loeffler (I),93
Sumter,Agri-Center,U.S. Senate (Special),,Democrat,Raphael Warnock,239
Sumter,Airport,U.S. Senate (Special),,Republican,Kelly Loeffler (I),91
Sumter,Airport,U.S. Senate (Special),,Democrat,Raphael Warnock,299
Sumter,Andersonville,U.S. Senate (Special),,Republican,Kelly Loeffler (I),29
Sumter,Andersonville,U.S. Senate (Special),,Democrat,Raphael Warnock,21
Sumter,Browns Mill,U.S. Senate (Special),,Republican,Kelly Loeffler (I),43
Sumter,Browns Mill,U.S. Senate (Special),,Democrat,Raphael Warnock,101
Sumter,Concord,U.S. Senate (Special),,Republican,Kelly Loeffler (I),5
Sumter,Concord,U.S. Senate (Special),,Democrat,Raphael Warnock,21
Sumter,GSW Conf Center,U.S. Senate (Special),,Republican,Kelly Loeffler (I),164
Sumter,GSW Conf Center,U.S. Senate (Special),,Democrat,Raphael Warnock,466
Sumter,Leslie,U.S. Senate (Special),,Republican,Kelly Loeffler (I),91
Sumter,Leslie,U.S. Senate (Special),,Democrat,Raphael Warnock,169
Sumter,Plains,U.S. Senate (Special),,Republican,Kelly Loeffler (I),128
Sumter,Plains,U.S. Senate (Special),,Democrat,Raphael Warnock,106
Sumter,Rec Dept,U.S. Senate (Special),,Republican,Kelly Loeffler (I),257
Sumter,Rec Dept,U.S. Senate (Special),,Democrat,Raphael Warnock,580
Sumter,Reese Park,U.S. Senate (Special),,Republican,Kelly Loeffler (I),234
Sumter,Reese Park,U.S. Senate (Special),,Democrat,Raphael Warnock,597
Sumter,Thompson,U.S. Senate (Special),,Republican,Kelly Loeffler (I),62
Sumter,Thompson,U.S. Senate (Special),,Democrat,Raphael Warnock,74
Talbot,ONeal,U.S. Senate,,Republican,David A. Perdue (I),74
Talbot,ONeal,U.S. Senate,,Democrat,Jon Ossoff,78
Talbot,Valley,U.S. Senate,,Republican,David A. Perdue (I),81
Talbot,Valley,U.S. Senate,,Democrat,Jon Ossoff,77
Talbot,Junction City,U.S. Senate,,Republican,David A. Perdue (I),54
Talbot,Junction City,U.S. Senate,,Democrat,Jon Ossoff,30
Talbot,Geneva,U.S. Senate,,Republican,David A. Perdue (I),50
Talbot,Geneva,U.S. Senate,,Democrat,Jon Ossoff,46
Talbot,Talbotton,U.S. Senate,,Republican,David A. Perdue (I),125
Talbot,Talbotton,U.S. Senate,,Democrat,Jon Ossoff,136
Talbot,Box Springs,U.S. Senate,,Republican,David A. Perdue (I),45
Talbot,Box Springs,U.S. Senate,,Democrat,Jon Ossoff,29
Talbot,Flint Hill,U.S. Senate,,Republican,David A. Perdue (I),156
Talbot,Flint Hill,U.S. Senate,,Democrat,Jon Ossoff,137
Talbot,ONeal,U.S. Senate (Special),,Republican,Kelly Loeffler (I),74
Talbot,ONeal,U.S. Senate (Special),,Democrat,Raphael Warnock,77
Talbot,Valley,U.S. Senate (Special),,Republican,Kelly Loeffler (I),82
Talbot,Valley,U.S. Senate (Special),,Democrat,Raphael Warnock,75
Talbot,Junction City,U.S. Senate (Special),,Republican,Kelly Loeffler (I),55
Talbot,Junction City,U.S. Senate (Special),,Democrat,Raphael Warnock,30
Talbot,Geneva,U.S. Senate (Special),,Republican,Kelly Loeffler (I),50
Talbot,Geneva,U.S. Senate (Special),,Democrat,Raphael Warnock,46
Talbot,Talbotton,U.S. Senate (Special),,Republican,Kelly Loeffler (I),127
Talbot,Talbotton,U.S. Senate (Special),,Democrat,Raphael Warnock,137
Talbot,Box Springs,U.S. Senate (Special),,Republican,Kelly Loeffler (I),45
Talbot,Box Springs,U.S. Senate (Special),,Democrat,Raphael Warnock,29
Talbot,Flint Hill,U.S. Senate (Special),,Republican,Kelly Loeffler (I),157
Talbot,Flint Hill,U.S. Senate (Special),,Democrat,Raphael Warnock,135
Taliaferro,Sharon,U.S. Senate,,Republican,David A. Perdue (I),32
Taliaferro,Sharon,U.S. Senate,,Democrat,Jon Ossoff,32
Taliaferro,Crawfordville,U.S. Senate,,Republican,David A. Perdue (I),88
Taliaferro,Crawfordville,U.S. Senate,,Democrat,Jon Ossoff,152
Taliaferro,Sharon,U.S. Senate (Special),,Republican,Kelly Loeffler (I),31
Taliaferro,Sharon,U.S. Senate (Special),,Democrat,Raphael Warnock,31
Taliaferro,Crawfordville,U.S. Senate (Special),,Republican,Kelly Loeffler (I),91
Taliaferro,Crawfordville,U.S. Senate (Special),,Democrat,Raphael Warnock,152
Tattnall,Cobbtown,U.S. Senate,,Republican,David A. Perdue (I),35
Tattnall,Cobbtown,U.S. Senate,,Democrat,Jon Ossoff,30
Tattnall,Shiloh,U.S. Senate,,Republican,David A. Perdue (I),38
Tattnall,Shiloh,U.S. Senate,,Democrat,Jon Ossoff,74
Tattnall,Collins,U.S. Senate,,Republican,David A. Perdue (I),57
Tattnall,Collins,U.S. Senate,,Democrat,Jon Ossoff,95
Tattnall,Manassas,U.S. Senate,,Republican,David A. Perdue (I),20
Tattnall,Manassas,U.S. Senate,,Democrat,Jon Ossoff,16
Tattnall,District II,U.S. Senate,,Republican,David A. Perdue (I),114
Tattnall,District II,U.S. Senate,,Democrat,Jon Ossoff,262
Tattnall,East Glennville,U.S. Senate,,Republican,David A. Perdue (I),98
Tattnall,East Glennville,U.S. Senate,,Democrat,Jon Ossoff,139
Tattnall,District IV,U.S. Senate,,Republican,David A. Perdue (I),128
Tattnall,District IV,U.S. Senate,,Democrat,Jon Ossoff,206
Tattnall,District V,U.S. Senate,,Republican,David A. Perdue (I),17
Tattnall,District V,U.S. Senate,,Democrat,Jon Ossoff,47
Tattnall,Cobbtown,U.S. Senate (Special),,Republican,Kelly Loeffler (I),32
Tattnall,Cobbtown,U.S. Senate (Special),,Democrat,Raphael Warnock,29
Tattnall,Shiloh,U.S. Senate (Special),,Republican,Kelly Loeffler (I),38
Tattnall,Shiloh,U.S. Senate (Special),,Democrat,Raphael Warnock,72
Tattnall,Collins,U.S. Senate (Special),,Republican,Kelly Loeffler (I),58
Tattnall,Collins,U.S. Senate (Special),,Democrat,Raphael Warnock,94
Tattnall,Manassas,U.S. Senate (Special),,Republican,Kelly Loeffler (I),20
Tattnall,Manassas,U.S. Senate (Special),,Democrat,Raphael Warnock,16
Tattnall,District II,U.S. Senate (Special),,Republican,Kelly Loeffler (I),119
Tattnall,District II,U.S. Senate (Special),,Democrat,Raphael Warnock,267
Tattnall,East Glennville,U.S. Senate (Special),,Republican,Kelly Loeffler (I),98
Tattnall,East Glennville,U.S. Senate (Special),,Democrat,Raphael Warnock,141
Tattnall,District IV,U.S. Senate (Special),,Republican,Kelly Loeffler (I),126
Tattnall,District IV,U.S. Senate (Special),,Democrat,Raphael Warnock,209
Tattnall,District V,U.S. Senate (Special),,Republican,Kelly Loeffler (I),16
Tattnall,District V,U.S. Senate (Special),,Democrat,Raphael Warnock,46
Taylor,Precinct 1,U.S. Senate,,Republican,David A. Perdue (I),181
Taylor,Precinct 1,U.S. Senate,,Democrat,Jon Ossoff,236
Taylor,Precinct 5,U.S. Senate,,Republican,David A. Perdue (I),47
Taylor,Precinct 5,U.S. Senate,,Democrat,Jon Ossoff,114
Taylor,Precinct 6,U.S. Senate,,Republican,David A. Perdue (I),141
Taylor,Precinct 6,U.S. Senate,,Democrat,Jon Ossoff,196
Taylor,Precinct 1,U.S. Senate (Special),,Republican,Kelly Loeffler (I),181
Taylor,Precinct 1,U.S. Senate (Special),,Democrat,Raphael Warnock,238
Taylor,Precinct 5,U.S. Senate (Special),,Republican,Kelly Loeffler (I),47
Taylor,Precinct 5,U.S. Senate (Special),,Democrat,Raphael Warnock,115
Taylor,Precinct 6,U.S. Senate (Special),,Republican,Kelly Loeffler (I),142
Taylor,Precinct 6,U.S. Senate (Special),,Democrat,Raphael Warnock,197
Telfair,Helena,U.S. Senate,,Republican,David A. Perdue (I),66
Telfair,Helena,U.S. Senate,,Democrat,Jon Ossoff,91
Telfair,Jacksonville,U.S. Senate,,Republican,David A. Perdue (I),36
Telfair,Jacksonville,U.S. Senate,,Democrat,Jon Ossoff,23
Telfair,Lumber-City,U.S. Senate,,Republican,David A. Perdue (I),55
Telfair,Lumber-City,U.S. Senate,,Democrat,Jon Ossoff,32
Telfair,McRae,U.S. Senate,,Republican,David A. Perdue (I),157
Telfair,McRae,U.S. Senate,,Democrat,Jon Ossoff,249
Telfair,Milan,U.S. Senate,,Republican,David A. Perdue (I),29
Telfair,Milan,U.S. Senate,,Democrat,Jon Ossoff,22
Telfair,Scotland,U.S. Senate,,Republican,David A. Perdue (I),21
Telfair,Scotland,U.S. Senate,,Democrat,Jon Ossoff,19
Telfair,Helena,U.S. Senate (Special),,Republican,Kelly Loeffler (I),63
Telfair,Helena,U.S. Senate (Special),,Democrat,Raphael Warnock,94
Telfair,Jacksonville,U.S. Senate (Special),,Republican,Kelly Loeffler (I),37
Telfair,Jacksonville,U.S. Senate (Special),,Democrat,Raphael Warnock,23
Telfair,Lumber-City,U.S. Senate (Special),,Republican,Kelly Loeffler (I),58
Telfair,Lumber-City,U.S. Senate (Special),,Democrat,Raphael Warnock,32
Telfair,McRae,U.S. Senate (Special),,Republican,Kelly Loeffler (I),154
Telfair,McRae,U.S. Senate (Special),,Democrat,Raphael Warnock,249
Telfair,Milan,U.S. Senate (Special),,Republican,Kelly Loeffler (I),29
Telfair,Milan,U.S. Senate (Special),,Democrat,Raphael Warnock,25
Telfair,Scotland,U.S. Senate (Special),,Republican,Kelly Loeffler (I),21
Telfair,Scotland,U.S. Senate (Special),,Democrat,Raphael Warnock,19
Terrell,Dawson,U.S. Senate,,Republican,David A. Perdue (I),335
Terrell,Dawson,U.S. Senate,,Democrat,Jon Ossoff,597
Terrell,Sasser,U.S. Senate,,Republican,David A. Perdue (I),78
Terrell,Sasser,U.S. Senate,,Democrat,Jon Ossoff,129
Terrell,Bronwood,U.S. Senate,,Republican,David A. Perdue (I),66
Terrell,Bronwood,U.S. Senate,,Democrat,Jon Ossoff,92
Terrell,Parrott,U.S. Senate,,Republican,David A. Perdue (I),51
Terrell,Parrott,U.S. Senate,,Democrat,Jon Ossoff,25
Terrell,Graves,U.S. Senate,,Republican,David A. Perdue (I),32
Terrell,Graves,U.S. Senate,,Democrat,Jon Ossoff,44
Terrell,Herod-Dover,U.S. Senate,,Republican,David A. Perdue (I),31
Terrell,Herod-Dover,U.S. Senate,,Democrat,Jon Ossoff,25
Terrell,Dawson,U.S. Senate (Special),,Republican,Kelly Loeffler (I),337
Terrell,Dawson,U.S. Senate (Special),,Democrat,Raphael Warnock,598
Terrell,Sasser,U.S. Senate (Special),,Republican,Kelly Loeffler (I),80
Terrell,Sasser,U.S. Senate (Special),,Democrat,Raphael Warnock,129
Terrell,Bronwood,U.S. Senate (Special),,Republican,Kelly Loeffler (I),67
Terrell,Bronwood,U.S. Senate (Special),,Democrat,Raphael Warnock,92
Terrell,Parrott,U.S. Senate (Special),,Republican,Kelly Loeffler (I),49
Terrell,Parrott,U.S. Senate (Special),,Democrat,Raphael Warnock,25
Terrell,Graves,U.S. Senate (Special),,Republican,Kelly Loeffler (I),32
Terrell,Graves,U.S. Senate (Special),,Democrat,Raphael Warnock,44
Terrell,Herod-Dover,U.S. Senate (Special),,Republican,Kelly Loeffler (I),31
Terrell,Herod-Dover,U.S. Senate (Special),,Democrat,Raphael Warnock,23
Thomas,Barwick,U.S. Senate,,Republican,David A. Perdue (I),45
Thomas,Barwick,U.S. Senate,,Democrat,Jon Ossoff,31
Thomas,Boston,U.S. Senate,,Republican,David A. Perdue (I),120
Thomas,Boston,U.S. Senate,,Democrat,Jon Ossoff,215
Thomas,Central,U.S. Senate,,Republican,David A. Perdue (I),104
Thomas,Central,U.S. Senate,,Democrat,Jon Ossoff,419
Thomas,Coolidge,U.S. Senate,,Republican,David A. Perdue (I),51
Thomas,Coolidge,U.S. Senate,,Democrat,Jon Ossoff,50
Thomas,Douglass,U.S. Senate,,Republican,David A. Perdue (I),268
Thomas,Douglass,U.S. Senate,,Democrat,Jon Ossoff,554
Thomas,LIttle Ochlocknee Baptist Church,U.S. Senate,,Republican,David A. Perdue (I),20
Thomas,LIttle Ochlocknee Baptist Church,U.S. Senate,,Democrat,Jon Ossoff,99
Thomas,Fire Station #2,U.S. Senate,,Republican,David A. Perdue (I),28
Thomas,Fire Station #2,U.S. Senate,,Democrat,Jon Ossoff,154
Thomas,Gatlin Creek,U.S. Senate,,Republican,David A. Perdue (I),65
Thomas,Gatlin Creek,U.S. Senate,,Democrat,Jon Ossoff,199
Thomas,Harper,U.S. Senate,,Republican,David A. Perdue (I),173
Thomas,Harper,U.S. Senate,,Democrat,Jon Ossoff,473
Thomas,Jerger,U.S. Senate,,Republican,David A. Perdue (I),80
Thomas,Jerger,U.S. Senate,,Democrat,Jon Ossoff,273
Thomas,Meigs,U.S. Senate,,Republican,David A. Perdue (I),131
Thomas,Meigs,U.S. Senate,,Democrat,Jon Ossoff,44
Thomas,Metcalfe,U.S. Senate,,Republican,David A. Perdue (I),17
Thomas,Metcalfe,U.S. Senate,,Democrat,Jon Ossoff,15
Thomas,New Covenant,U.S. Senate,,Republican,David A. Perdue (I),61
Thomas,New Covenant,U.S. Senate,,Democrat,Jon Ossoff,195
Thomas,Ochlocknee,U.S. Senate,,Republican,David A. Perdue (I),39
Thomas,Ochlocknee,U.S. Senate,,Democrat,Jon Ossoff,70
Thomas,Pavo,U.S. Senate,,Republican,David A. Perdue (I),18
Thomas,Pavo,U.S. Senate,,Democrat,Jon Ossoff,21
Thomas,Remington Esc,U.S. Senate,,Republican,David A. Perdue (I),96
Thomas,Remington Esc,U.S. Senate,,Democrat,Jon Ossoff,295
Thomas,Resource Center,U.S. Senate,,Republican,David A. Perdue (I),168
Thomas,Resource Center,U.S. Senate,,Democrat,Jon Ossoff,375
Thomas,Scott,U.S. Senate,,Republican,David A. Perdue (I),99
Thomas,Scott,U.S. Senate,,Democrat,Jon Ossoff,400
Thomas,Merrillville,U.S. Senate,,Republican,David A. Perdue (I),19
Thomas,Merrillville,U.S. Senate,,Democrat,Jon Ossoff,62
Thomas,Patten,U.S. Senate,,Republican,David A. Perdue (I),11
Thomas,Patten,U.S. Senate,,Democrat,Jon Ossoff,23
Thomas,Barwick,U.S. Senate (Special),,Republican,Kelly Loeffler (I),45
Thomas,Barwick,U.S. Senate (Special),,Democrat,Raphael Warnock,31
Thomas,Boston,U.S. Senate (Special),,Republican,Kelly Loeffler (I),121
Thomas,Boston,U.S. Senate (Special),,Democrat,Raphael Warnock,215
Thomas,Central,U.S. Senate (Special),,Republican,Kelly Loeffler (I),104
Thomas,Central,U.S. Senate (Special),,Democrat,Raphael Warnock,416
Thomas,Coolidge,U.S. Senate (Special),,Republican,Kelly Loeffler (I),50
Thomas,Coolidge,U.S. Senate (Special),,Democrat,Raphael Warnock,47
Thomas,Douglass,U.S. Senate (Special),,Republican,Kelly Loeffler (I),269
Thomas,Douglass,U.S. Senate (Special),,Democrat,Raphael Warnock,555
Thomas,LIttle Ochlocknee Baptist Church,U.S. Senate (Special),,Republican,Kelly Loeffler (I),19
Thomas,LIttle Ochlocknee Baptist Church,U.S. Senate (Special),,Democrat,Raphael Warnock,100
Thomas,Fire Station #2,U.S. Senate (Special),,Republican,Kelly Loeffler (I),26
Thomas,Fire Station #2,U.S. Senate (Special),,Democrat,Raphael Warnock,155
Thomas,Gatlin Creek,U.S. Senate (Special),,Republican,Kelly Loeffler (I),66
Thomas,Gatlin Creek,U.S. Senate (Special),,Democrat,Raphael Warnock,198
Thomas,Harper,U.S. Senate (Special),,Republican,Kelly Loeffler (I),175
Thomas,Harper,U.S. Senate (Special),,Democrat,Raphael Warnock,476
Thomas,Jerger,U.S. Senate (Special),,Republican,Kelly Loeffler (I),80
Thomas,Jerger,U.S. Senate (Special),,Democrat,Raphael Warnock,272
Thomas,Meigs,U.S. Senate (Special),,Republican,Kelly Loeffler (I),132
Thomas,Meigs,U.S. Senate (Special),,Democrat,Raphael Warnock,44
Thomas,Metcalfe,U.S. Senate (Special),,Republican,Kelly Loeffler (I),17
Thomas,Metcalfe,U.S. Senate (Special),,Democrat,Raphael Warnock,14
Thomas,New Covenant,U.S. Senate (Special),,Republican,Kelly Loeffler (I),61
Thomas,New Covenant,U.S. Senate (Special),,Democrat,Raphael Warnock,192
Thomas,Ochlocknee,U.S. Senate (Special),,Republican,Kelly Loeffler (I),40
Thomas,Ochlocknee,U.S. Senate (Special),,Democrat,Raphael Warnock,69
Thomas,Pavo,U.S. Senate (Special),,Republican,Kelly Loeffler (I),20
Thomas,Pavo,U.S. Senate (Special),,Democrat,Raphael Warnock,21
Thomas,Remington Esc,U.S. Senate (Special),,Republican,Kelly Loeffler (I),94
Thomas,Remington Esc,U.S. Senate (Special),,Democrat,Raphael Warnock,295
Thomas,Resource Center,U.S. Senate (Special),,Republican,Kelly Loeffler (I),170
Thomas,Resource Center,U.S. Senate (Special),,Democrat,Raphael Warnock,374
Thomas,Scott,U.S. Senate (Special),,Republican,Kelly Loeffler (I),99
Thomas,Scott,U.S. Senate (Special),,Democrat,Raphael Warnock,401
Thomas,Merrillville,U.S. Senate (Special),,Republican,Kelly Loeffler (I),22
Thomas,Merrillville,U.S. Senate (Special),,Democrat,Raphael Warnock,62
Thomas,Patten,U.S. Senate (Special),,Republican,Kelly Loeffler (I),11
Thomas,Patten,U.S. Senate (Special),,Democrat,Raphael Warnock,25
Tift,Tifton Northeast,U.S. Senate,,Republican,David A. Perdue (I),147
Tift,Tifton Northeast,U.S. Senate,,Democrat,Jon Ossoff,398
Tift,Brighton,U.S. Senate,,Republican,David A. Perdue (I),38
Tift,Brighton,U.S. Senate,,Democrat,Jon Ossoff,146
Tift,Brookfield,U.S. Senate,,Republican,David A. Perdue (I),43
Tift,Brookfield,U.S. Senate,,Democrat,Jon Ossoff,58
Tift,Chula,U.S. Senate,,Republican,David A. Perdue (I),26
Tift,Chula,U.S. Senate,,Democrat,Jon Ossoff,76
Tift,Docia,U.S. Senate,,Republican,David A. Perdue (I),17
Tift,Docia,U.S. Senate,,Democrat,Jon Ossoff,26
Tift,Eldorado,U.S. Senate,,Republican,David A. Perdue (I),36
Tift,Eldorado,U.S. Senate,,Democrat,Jon Ossoff,35
Tift,Omega,U.S. Senate,,Republican,David A. Perdue (I),64
Tift,Omega,U.S. Senate,,Democrat,Jon Ossoff,27
Tift,Ty Ty,U.S. Senate,,Republican,David A. Perdue (I),81
Tift,Ty Ty,U.S. Senate,,Democrat,Jon Ossoff,72
Tift,Tifton Northwest,U.S. Senate,,Republican,David A. Perdue (I),132
Tift,Tifton Northwest,U.S. Senate,,Democrat,Jon Ossoff,339
Tift,Tifton South,U.S. Senate,,Republican,David A. Perdue (I),186
Tift,Tifton South,U.S. Senate,,Democrat,Jon Ossoff,312
Tift,Mott-Litman Gym,U.S. Senate,,Republican,David A. Perdue (I),251
Tift,Mott-Litman Gym,U.S. Senate,,Democrat,Jon Ossoff,520
Tift,Tifton Lodge,U.S. Senate,,Republican,David A. Perdue (I),149
Tift,Tifton Lodge,U.S. Senate,,Democrat,Jon Ossoff,317
Tift,Tifton Northeast,U.S. Senate (Special),,Republican,Kelly Loeffler (I),152
Tift,Tifton Northeast,U.S. Senate (Special),,Democrat,Raphael Warnock,401
Tift,Brighton,U.S. Senate (Special),,Republican,Kelly Loeffler (I),40
Tift,Brighton,U.S. Senate (Special),,Democrat,Raphael Warnock,146
Tift,Brookfield,U.S. Senate (Special),,Republican,Kelly Loeffler (I),45
Tift,Brookfield,U.S. Senate (Special),,Democrat,Raphael Warnock,59
Tift,Chula,U.S. Senate (Special),,Republican,Kelly Loeffler (I),25
Tift,Chula,U.S. Senate (Special),,Democrat,Raphael Warnock,77
Tift,Docia,U.S. Senate (Special),,Republican,Kelly Loeffler (I),16
Tift,Docia,U.S. Senate (Special),,Democrat,Raphael Warnock,27
Tift,Eldorado,U.S. Senate (Special),,Republican,Kelly Loeffler (I),33
Tift,Eldorado,U.S. Senate (Special),,Democrat,Raphael Warnock,35
Tift,Omega,U.S. Senate (Special),,Republican,Kelly Loeffler (I),66
Tift,Omega,U.S. Senate (Special),,Democrat,Raphael Warnock,29
Tift,Ty Ty,U.S. Senate (Special),,Republican,Kelly Loeffler (I),80
Tift,Ty Ty,U.S. Senate (Special),,Democrat,Raphael Warnock,71
Tift,Tifton Northwest,U.S. Senate (Special),,Republican,Kelly Loeffler (I),132
Tift,Tifton Northwest,U.S. Senate (Special),,Democrat,Raphael Warnock,339
Tift,Tifton South,U.S. Senate (Special),,Republican,Kelly Loeffler (I),185
Tift,Tifton South,U.S. Senate (Special),,Democrat,Raphael Warnock,308
Tift,Mott-Litman Gym,U.S. Senate (Special),,Republican,Kelly Loeffler (I),252
Tift,Mott-Litman Gym,U.S. Senate (Special),,Democrat,Raphael Warnock,526
Tift,Tifton Lodge,U.S. Senate (Special),,Republican,Kelly Loeffler (I),149
Tift,Tifton Lodge,U.S. Senate (Special),,Democrat,Raphael Warnock,320
Toombs,15361 Lyons,U.S. Senate,,Republican,David A. Perdue (I),142
Toombs,15361 Lyons,U.S. Senate,,Democrat,Jon Ossoff,228
Toombs,39 Newbranch,U.S. Senate,,Republican,David A. Perdue (I),22
Toombs,39 Newbranch,U.S. Senate,,Democrat,Jon Ossoff,28
Toombs,43 Cedar Crossing,U.S. Senate,,Republican,David A. Perdue (I),23
Toombs,43 Cedar Crossing,U.S. Senate,,Democrat,Jon Ossoff,20
Toombs,513 VPD,U.S. Senate,,Republican,David A. Perdue (I),239
Toombs,513 VPD,U.S. Senate,,Democrat,Jon Ossoff,479
Toombs,514 STIALC,U.S. Senate,,Republican,David A. Perdue (I),172
Toombs,514 STIALC,U.S. Senate,,Democrat,Jon Ossoff,320
Toombs,15361 Lyons,U.S. Senate (Special),,Republican,Kelly Loeffler (I),138
Toombs,15361 Lyons,U.S. Senate (Special),,Democrat,Raphael Warnock,229
Toombs,39 Newbranch,U.S. Senate (Special),,Republican,Kelly Loeffler (I),23
Toombs,39 Newbranch,U.S. Senate (Special),,Democrat,Raphael Warnock,26
Toombs,43 Cedar Crossing,U.S. Senate (Special),,Republican,Kelly Loeffler (I),25
Toombs,43 Cedar Crossing,U.S. Senate (Special),,Democrat,Raphael Warnock,21
Toombs,513 VPD,U.S. Senate (Special),,Republican,Kelly Loeffler (I),241
Toombs,513 VPD,U.S. Senate (Special),,Democrat,Raphael Warnock,482
Toombs,514 STIALC,U.S. Senate (Special),,Republican,Kelly Loeffler (I),178
Toombs,514 STIALC,U.S. Senate (Special),,Democrat,Raphael Warnock,324
Towns,Young Harris,U.S. Senate,,Republican,David A. Perdue (I),71
Towns,Young Harris,U.S. Senate,,Democrat,Jon Ossoff,196
Towns,Macedonia,U.S. Senate,,Republican,David A. Perdue (I),45
Towns,Macedonia,U.S. Senate,,Democrat,Jon Ossoff,187
Towns,Hiawassee,U.S. Senate,,Republican,David A. Perdue (I),40
Towns,Hiawassee,U.S. Senate,,Democrat,Jon Ossoff,188
Towns,Young Harris,U.S. Senate (Special),,Republican,Kelly Loeffler (I),72
Towns,Young Harris,U.S. Senate (Special),,Democrat,Raphael Warnock,199
Towns,Macedonia,U.S. Senate (Special),,Republican,Kelly Loeffler (I),49
Towns,Macedonia,U.S. Senate (Special),,Democrat,Raphael Warnock,189
Towns,Hiawassee,U.S. Senate (Special),,Republican,Kelly Loeffler (I),42
Towns,Hiawassee,U.S. Senate (Special),,Democrat,Raphael Warnock,188
Treutlen,Annex,U.S. Senate,,Republican,David A. Perdue (I),23
Treutlen,Annex,U.S. Senate,,Democrat,Jon Ossoff,66
Treutlen,Soperton,U.S. Senate,,Republican,David A. Perdue (I),173
Treutlen,Soperton,U.S. Senate,,Democrat,Jon Ossoff,348
Treutlen,Annex,U.S. Senate (Special),,Republican,Kelly Loeffler (I),24
Treutlen,Annex,U.S. Senate (Special),,Democrat,Raphael Warnock,66
Treutlen,Soperton,U.S. Senate (Special),,Republican,Kelly Loeffler (I),175
Treutlen,Soperton,U.S. Senate (Special),,Democrat,Raphael Warnock,348
Troup,Hollis Hand,U.S. Senate,,Republican,David A. Perdue (I),133
Troup,Hollis Hand,U.S. Senate,,Democrat,Jon Ossoff,257
Troup,Administration Bldg,U.S. Senate,,Republican,David A. Perdue (I),351
Troup,Administration Bldg,U.S. Senate,,Democrat,Jon Ossoff,506
Troup,Hammett Rd,U.S. Senate,,Republican,David A. Perdue (I),404
Troup,Hammett Rd,U.S. Senate,,Democrat,Jon Ossoff,736
Troup,Griggs Center,U.S. Senate,,Republican,David A. Perdue (I),345
Troup,Griggs Center,U.S. Senate,,Democrat,Jon Ossoff,401
Troup,West Point,U.S. Senate,,Republican,David A. Perdue (I),327
Troup,West Point,U.S. Senate,,Democrat,Jon Ossoff,185
Troup,Hogansville,U.S. Senate,,Republican,David A. Perdue (I),170
Troup,Hogansville,U.S. Senate,,Democrat,Jon Ossoff,441
Troup,East Vernon,U.S. Senate,,Republican,David A. Perdue (I),112
Troup,East Vernon,U.S. Senate,,Democrat,Jon Ossoff,171
Troup,Rosemont,U.S. Senate,,Republican,David A. Perdue (I),107
Troup,Rosemont,U.S. Senate,,Democrat,Jon Ossoff,226
Troup,McClendon,U.S. Senate,,Republican,David A. Perdue (I),133
Troup,McClendon,U.S. Senate,,Democrat,Jon Ossoff,294
Troup,Long Cane,U.S. Senate,,Republican,David A. Perdue (I),175
Troup,Long Cane,U.S. Senate,,Democrat,Jon Ossoff,242
Troup,Gardner Newman,U.S. Senate,,Republican,David A. Perdue (I),183
Troup,Gardner Newman,U.S. Senate,,Democrat,Jon Ossoff,401
Troup,Gray Hill,U.S. Senate,,Republican,David A. Perdue (I),104
Troup,Gray Hill,U.S. Senate,,Democrat,Jon Ossoff,125
Troup,Highland,U.S. Senate,,Republican,David A. Perdue (I),122
Troup,Highland,U.S. Senate,,Democrat,Jon Ossoff,273
Troup,Northside,U.S. Senate,,Republican,David A. Perdue (I),187
Troup,Northside,U.S. Senate,,Democrat,Jon Ossoff,329
Troup,Hollis Hand,U.S. Senate (Special),,Republican,Kelly Loeffler (I),146
Troup,Hollis Hand,U.S. Senate (Special),,Democrat,Raphael Warnock,267
Troup,Administration Bldg,U.S. Senate (Special),,Republican,Kelly Loeffler (I),351
Troup,Administration Bldg,U.S. Senate (Special),,Democrat,Raphael Warnock,507
Troup,Hammett Rd,U.S. Senate (Special),,Republican,Kelly Loeffler (I),406
Troup,Hammett Rd,U.S. Senate (Special),,Democrat,Raphael Warnock,735
Troup,Griggs Center,U.S. Senate (Special),,Republican,Kelly Loeffler (I),351
Troup,Griggs Center,U.S. Senate (Special),,Democrat,Raphael Warnock,402
Troup,West Point,U.S. Senate (Special),,Republican,Kelly Loeffler (I),328
Troup,West Point,U.S. Senate (Special),,Democrat,Raphael Warnock,185
Troup,Hogansville,U.S. Senate (Special),,Republican,Kelly Loeffler (I),165
Troup,Hogansville,U.S. Senate (Special),,Democrat,Raphael Warnock,443
Troup,East Vernon,U.S. Senate (Special),,Republican,Kelly Loeffler (I),111
Troup,East Vernon,U.S. Senate (Special),,Democrat,Raphael Warnock,173
Troup,Rosemont,U.S. Senate (Special),,Republican,Kelly Loeffler (I),105
Troup,Rosemont,U.S. Senate (Special),,Democrat,Raphael Warnock,230
Troup,McClendon,U.S. Senate (Special),,Republican,Kelly Loeffler (I),133
Troup,McClendon,U.S. Senate (Special),,Democrat,Raphael Warnock,303
Troup,Long Cane,U.S. Senate (Special),,Republican,Kelly Loeffler (I),180
Troup,Long Cane,U.S. Senate (Special),,Democrat,Raphael Warnock,243
Troup,Gardner Newman,U.S. Senate (Special),,Republican,Kelly Loeffler (I),186
Troup,Gardner Newman,U.S. Senate (Special),,Democrat,Raphael Warnock,406
Troup,Gray Hill,U.S. Senate (Special),,Republican,Kelly Loeffler (I),104
Troup,Gray Hill,U.S. Senate (Special),,Democrat,Raphael Warnock,128
Troup,Highland,U.S. Senate (Special),,Republican,Kelly Loeffler (I),123
Troup,Highland,U.S. Senate (Special),,Democrat,Raphael Warnock,271
Troup,Northside,U.S. Senate (Special),,Republican,Kelly Loeffler (I),193
Troup,Northside,U.S. Senate (Special),,Democrat,Raphael Warnock,334
Turner,Ashburn,U.S. Senate,,Republican,David A. Perdue (I),284
Turner,Ashburn,U.S. Senate,,Democrat,Jon Ossoff,635
Turner,Sycamore,U.S. Senate,,Republican,David A. Perdue (I),26
Turner,Sycamore,U.S. Senate,,Democrat,Jon Ossoff,91
Turner,Rebecca,U.S. Senate,,Republican,David A. Perdue (I),13
Turner,Rebecca,U.S. Senate,,Democrat,Jon Ossoff,13
Turner,Ashburn,U.S. Senate (Special),,Republican,Kelly Loeffler (I),285
Turner,Ashburn,U.S. Senate (Special),,Democrat,Raphael Warnock,632
Turner,Sycamore,U.S. Senate (Special),,Republican,Kelly Loeffler (I),26
Turner,Sycamore,U.S. Senate (Special),,Democrat,Raphael Warnock,93
Turner,Rebecca,U.S. Senate (Special),,Republican,Kelly Loeffler (I),13
Turner,Rebecca,U.S. Senate (Special),,Democrat,Raphael Warnock,13
Twiggs,Dry Branch,U.S. Senate,,Republican,David A. Perdue (I),55
Twiggs,Dry Branch,U.S. Senate,,Democrat,Jon Ossoff,77
Twiggs,Golden Isles,U.S. Senate,,Republican,David A. Perdue (I),178
Twiggs,Golden Isles,U.S. Senate,,Democrat,Jon Ossoff,225
Twiggs,Higgsville,U.S. Senate,,Republican,David A. Perdue (I),45
Twiggs,Higgsville,U.S. Senate,,Democrat,Jon Ossoff,61
Twiggs,Jeffersonville/Ware,U.S. Senate,,Republican,David A. Perdue (I),131
Twiggs,Jeffersonville/Ware,U.S. Senate,,Democrat,Jon Ossoff,278
Twiggs,Shady Grove/Tarvers,U.S. Senate,,Republican,David A. Perdue (I),71
Twiggs,Shady Grove/Tarvers,U.S. Senate,,Democrat,Jon Ossoff,86
Twiggs,Dry Branch,U.S. Senate (Special),,Republican,Kelly Loeffler (I),54
Twiggs,Dry Branch,U.S. Senate (Special),,Democrat,Raphael Warnock,77
Twiggs,Golden Isles,U.S. Senate (Special),,Republican,Kelly Loeffler (I),185
Twiggs,Golden Isles,U.S. Senate (Special),,Democrat,Raphael Warnock,227
Twiggs,Higgsville,U.S. Senate (Special),,Republican,Kelly Loeffler (I),45
Twiggs,Higgsville,U.S. Senate (Special),,Democrat,Raphael Warnock,62
Twiggs,Jeffersonville/Ware,U.S. Senate (Special),,Republican,Kelly Loeffler (I),137
Twiggs,Jeffersonville/Ware,U.S. Senate (Special),,Democrat,Raphael Warnock,278
Twiggs,Shady Grove/Tarvers,U.S. Senate (Special),,Republican,Kelly Loeffler (I),72
Twiggs,Shady Grove/Tarvers,U.S. Senate (Special),,Democrat,Raphael Warnock,86
Union,Blairsville,U.S. Senate,,Republican,David A. Perdue (I),31
Union,Blairsville,U.S. Senate,,Democrat,Jon Ossoff,138
Union,Coosa,U.S. Senate,,Republican,David A. Perdue (I),31
Union,Coosa,U.S. Senate,,Democrat,Jon Ossoff,105
Union,Choestoe,U.S. Senate,,Republican,David A. Perdue (I),22
Union,Choestoe,U.S. Senate,,Democrat,Jon Ossoff,78
Union,Jones Creek,U.S. Senate,,Republican,David A. Perdue (I),30
Union,Jones Creek,U.S. Senate,,Democrat,Jon Ossoff,107
Union,Owltown,U.S. Senate,,Republican,David A. Perdue (I),23
Union,Owltown,U.S. Senate,,Democrat,Jon Ossoff,87
Union,Ivy Log,U.S. Senate,,Republican,David A. Perdue (I),29
Union,Ivy Log,U.S. Senate,,Democrat,Jon Ossoff,106
Union,Suches,U.S. Senate,,Republican,David A. Perdue (I),20
Union,Suches,U.S. Senate,,Democrat,Jon Ossoff,14
Union,Trackrock,U.S. Senate,,Republican,David A. Perdue (I),24
Union,Trackrock,U.S. Senate,,Democrat,Jon Ossoff,69
Union,Dooley,U.S. Senate,,Republican,David A. Perdue (I),46
Union,Dooley,U.S. Senate,,Democrat,Jon Ossoff,94
Union,Gumlog,U.S. Senate,,Republican,David A. Perdue (I),38
Union,Gumlog,U.S. Senate,,Democrat,Jon Ossoff,100
Union,Pat Colwell,U.S. Senate,,Republican,David A. Perdue (I),39
Union,Pat Colwell,U.S. Senate,,Democrat,Jon Ossoff,144
Union,Blairsville,U.S. Senate (Special),,Republican,Kelly Loeffler (I),30
Union,Blairsville,U.S. Senate (Special),,Democrat,Raphael Warnock,138
Union,Coosa,U.S. Senate (Special),,Republican,Kelly Loeffler (I),32
Union,Coosa,U.S. Senate (Special),,Democrat,Raphael Warnock,105
Union,Choestoe,U.S. Senate (Special),,Republican,Kelly Loeffler (I),21
Union,Choestoe,U.S. Senate (Special),,Democrat,Raphael Warnock,78
Union,Jones Creek,U.S. Senate (Special),,Republican,Kelly Loeffler (I),32
Union,Jones Creek,U.S. Senate (Special),,Democrat,Raphael Warnock,106
Union,Owltown,U.S. Senate (Special),,Republican,Kelly Loeffler (I),23
Union,Owltown,U.S. Senate (Special),,Democrat,Raphael Warnock,89
Union,Ivy Log,U.S. Senate (Special),,Republican,Kelly Loeffler (I),27
Union,Ivy Log,U.S. Senate (Special),,Democrat,Raphael Warnock,105
Union,Suches,U.S. Senate (Special),,Republican,Kelly Loeffler (I),23
Union,Suches,U.S. Senate (Special),,Democrat,Raphael Warnock,14
Union,Trackrock,U.S. Senate (Special),,Republican,Kelly Loeffler (I),26
Union,Trackrock,U.S. Senate (Special),,Democrat,Raphael Warnock,73
Union,Dooley,U.S. Senate (Special),,Republican,Kelly Loeffler (I),48
Union,Dooley,U.S. Senate (Special),,Democrat,Raphael Warnock,94
Union,Gumlog,U.S. Senate (Special),,Republican,Kelly Loeffler (I),39
Union,Gumlog,U.S. Senate (Special),,Democrat,Raphael Warnock,101
Union,Pat Colwell,U.S. Senate (Special),,Republican,Kelly Loeffler (I),39
Union,Pat Colwell,U.S. Senate (Special),,Democrat,Raphael Warnock,141
Upson,Yatesville,U.S. Senate,,Republican,David A. Perdue (I),75
Upson,Yatesville,U.S. Senate,,Democrat,Jon Ossoff,72
Upson,Salem,U.S. Senate,,Republican,David A. Perdue (I),78
Upson,Salem,U.S. Senate,,Democrat,Jon Ossoff,73
Upson,Redbone,U.S. Senate,,Republican,David A. Perdue (I),219
Upson,Redbone,U.S. Senate,,Democrat,Jon Ossoff,532
Upson,Town,U.S. Senate,,Republican,David A. Perdue (I),452
Upson,Town,U.S. Senate,,Democrat,Jon Ossoff,980
Upson,Yatesville,U.S. Senate (Special),,Republican,Kelly Loeffler (I),74
Upson,Yatesville,U.S. Senate (Special),,Democrat,Raphael Warnock,72
Upson,Salem,U.S. Senate (Special),,Republican,Kelly Loeffler (I),80
Upson,Salem,U.S. Senate (Special),,Democrat,Raphael Warnock,72
Upson,Redbone,U.S. Senate (Special),,Republican,Kelly Loeffler (I),220
Upson,Redbone,U.S. Senate (Special),,Democrat,Raphael Warnock,535
Upson,Town,U.S. Senate (Special),,Republican,Kelly Loeffler (I),459
Upson,Town,U.S. Senate (Special),,Democrat,Raphael Warnock,986
Walker,La Fayette,U.S. Senate,,Republican,David A. Perdue (I),154
Walker,La Fayette,U.S. Senate,,Democrat,Jon Ossoff,263
Walker,Walnut Grove,U.S. Senate,,Republican,David A. Perdue (I),35
Walker,Walnut Grove,U.S. Senate,,Democrat,Jon Ossoff,58
Walker,Rock Spring,U.S. Senate,,Republican,David A. Perdue (I),117
Walker,Rock Spring,U.S. Senate,,Democrat,Jon Ossoff,235
Walker,Armuchee Valley,U.S. Senate,,Republican,David A. Perdue (I),58
Walker,Armuchee Valley,U.S. Senate,,Democrat,Jon Ossoff,28
Walker,Mountain,U.S. Senate,,Republican,David A. Perdue (I),53
Walker,Mountain,U.S. Senate,,Democrat,Jon Ossoff,29
Walker,Chattanooga Valley,U.S. Senate,,Republican,David A. Perdue (I),213
Walker,Chattanooga Valley,U.S. Senate,,Democrat,Jon Ossoff,245
Walker,Kensington,U.S. Senate,,Republican,David A. Perdue (I),47
Walker,Kensington,U.S. Senate,,Democrat,Jon Ossoff,58
Walker,Rossville,U.S. Senate,,Republican,David A. Perdue (I),253
Walker,Rossville,U.S. Senate,,Democrat,Jon Ossoff,209
Walker,Chickamauga,U.S. Senate,,Republican,David A. Perdue (I),128
Walker,Chickamauga,U.S. Senate,,Democrat,Jon Ossoff,246
Walker,Fairyland,U.S. Senate,,Republican,David A. Perdue (I),75
Walker,Fairyland,U.S. Senate,,Democrat,Jon Ossoff,120
Walker,Fairview,U.S. Senate,,Republican,David A. Perdue (I),102
Walker,Fairview,U.S. Senate,,Democrat,Jon Ossoff,102
Walker,La Fayette,U.S. Senate (Special),,Republican,Kelly Loeffler (I),151
Walker,La Fayette,U.S. Senate (Special),,Democrat,Raphael Warnock,265
Walker,Walnut Grove,U.S. Senate (Special),,Republican,Kelly Loeffler (I),36
Walker,Walnut Grove,U.S. Senate (Special),,Democrat,Raphael Warnock,57
Walker,Rock Spring,U.S. Senate (Special),,Republican,Kelly Loeffler (I),112
Walker,Rock Spring,U.S. Senate (Special),,Democrat,Raphael Warnock,231
Walker,Armuchee Valley,U.S. Senate (Special),,Republican,Kelly Loeffler (I),56
Walker,Armuchee Valley,U.S. Senate (Special),,Democrat,Raphael Warnock,28
Walker,Mountain,U.S. Senate (Special),,Republican,Kelly Loeffler (I),52
Walker,Mountain,U.S. Senate (Special),,Democrat,Raphael Warnock,30
Walker,Chattanooga Valley,U.S. Senate (Special),,Republican,Kelly Loeffler (I),215
Walker,Chattanooga Valley,U.S. Senate (Special),,Democrat,Raphael Warnock,241
Walker,Kensington,U.S. Senate (Special),,Republican,Kelly Loeffler (I),49
Walker,Kensington,U.S. Senate (Special),,Democrat,Raphael Warnock,56
Walker,Rossville,U.S. Senate (Special),,Republican,Kelly Loeffler (I),256
Walker,Rossville,U.S. Senate (Special),,Democrat,Raphael Warnock,204
Walker,Chickamauga,U.S. Senate (Special),,Republican,Kelly Loeffler (I),127
Walker,Chickamauga,U.S. Senate (Special),,Democrat,Raphael Warnock,244
Walker,Fairyland,U.S. Senate (Special),,Republican,Kelly Loeffler (I),81
Walker,Fairyland,U.S. Senate (Special),,Democrat,Raphael Warnock,122
Walker,Fairview,U.S. Senate (Special),,Republican,Kelly Loeffler (I),101
Walker,Fairview,U.S. Senate (Special),,Democrat,Raphael Warnock,101
Walton,Bold Springs,U.S. Senate,,Republican,David A. Perdue (I),124
Walton,Bold Springs,U.S. Senate,,Democrat,Jon Ossoff,266
Walton,Whatley,U.S. Senate,,Republican,David A. Perdue (I),28
Walton,Whatley,U.S. Senate,,Democrat,Jon Ossoff,54
Walton,Walker Park,U.S. Senate,,Republican,David A. Perdue (I),110
Walton,Walker Park,U.S. Senate,,Democrat,Jon Ossoff,182
Walton,Gratis,U.S. Senate,,Republican,David A. Perdue (I),29
Walton,Gratis,U.S. Senate,,Democrat,Jon Ossoff,40
Walton,Between,U.S. Senate,,Republican,David A. Perdue (I),143
Walton,Between,U.S. Senate,,Democrat,Jon Ossoff,307
Walton,Walnut Grove,U.S. Senate,,Republican,David A. Perdue (I),43
Walton,Walnut Grove,U.S. Senate,,Democrat,Jon Ossoff,129
Walton,Loganville North,U.S. Senate,,Republican,David A. Perdue (I),190
Walton,Loganville North,U.S. Senate,,Democrat,Jon Ossoff,442
Walton,Social Circle,U.S. Senate,,Republican,David A. Perdue (I),272
Walton,Social Circle,U.S. Senate,,Democrat,Jon Ossoff,318
Walton,South Monroe,U.S. Senate,,Republican,David A. Perdue (I),142
Walton,South Monroe,U.S. Senate,,Democrat,Jon Ossoff,348
Walton,North Monroe,U.S. Senate,,Republican,David A. Perdue (I),323
Walton,North Monroe,U.S. Senate,,Democrat,Jon Ossoff,623
Walton,Loganville South,U.S. Senate,,Republican,David A. Perdue (I),190
Walton,Loganville South,U.S. Senate,,Democrat,Jon Ossoff,319
Walton,West Walton,U.S. Senate,,Republican,David A. Perdue (I),145
Walton,West Walton,U.S. Senate,,Democrat,Jon Ossoff,292
Walton,Broken Arrow,U.S. Senate,,Republican,David A. Perdue (I),93
Walton,Broken Arrow,U.S. Senate,,Democrat,Jon Ossoff,251
Walton,Bay Creek,U.S. Senate,,Republican,David A. Perdue (I),93
Walton,Bay Creek,U.S. Senate,,Democrat,Jon Ossoff,198
Walton,E Monroe,U.S. Senate,,Republican,David A. Perdue (I),229
Walton,E Monroe,U.S. Senate,,Democrat,Jon Ossoff,375
Walton,W Monroe,U.S. Senate,,Republican,David A. Perdue (I),51
Walton,W Monroe,U.S. Senate,,Democrat,Jon Ossoff,140
Walton,Tara,U.S. Senate,,Republican,David A. Perdue (I),226
Walton,Tara,U.S. Senate,,Democrat,Jon Ossoff,771
Walton,Mountain,U.S. Senate,,Republican,David A. Perdue (I),55
Walton,Mountain,U.S. Senate,,Democrat,Jon Ossoff,57
Walton,Jersey,U.S. Senate,,Republican,David A. Perdue (I),52
Walton,Jersey,U.S. Senate,,Democrat,Jon Ossoff,57
Walton,Blasingame,U.S. Senate,,Republican,David A. Perdue (I),33
Walton,Blasingame,U.S. Senate,,Democrat,Jon Ossoff,37
Walton,Good Hope,U.S. Senate,,Republican,David A. Perdue (I),76
Walton,Good Hope,U.S. Senate,,Democrat,Jon Ossoff,84
Walton,Bold Springs,U.S. Senate (Special),,Republican,Kelly Loeffler (I),125
Walton,Bold Springs,U.S. Senate (Special),,Democrat,Raphael Warnock,268
Walton,Whatley,U.S. Senate (Special),,Republican,Kelly Loeffler (I),28
Walton,Whatley,U.S. Senate (Special),,Democrat,Raphael Warnock,54
Walton,Walker Park,U.S. Senate (Special),,Republican,Kelly Loeffler (I),107
Walton,Walker Park,U.S. Senate (Special),,Democrat,Raphael Warnock,185
Walton,Gratis,U.S. Senate (Special),,Republican,Kelly Loeffler (I),28
Walton,Gratis,U.S. Senate (Special),,Democrat,Raphael Warnock,46
Walton,Between,U.S. Senate (Special),,Republican,Kelly Loeffler (I),151
Walton,Between,U.S. Senate (Special),,Democrat,Raphael Warnock,314
Walton,Walnut Grove,U.S. Senate (Special),,Republican,Kelly Loeffler (I),45
Walton,Walnut Grove,U.S. Senate (Special),,Democrat,Raphael Warnock,131
Walton,Loganville North,U.S. Senate (Special),,Republican,Kelly Loeffler (I),192
Walton,Loganville North,U.S. Senate (Special),,Democrat,Raphael Warnock,446
Walton,Social Circle,U.S. Senate (Special),,Republican,Kelly Loeffler (I),275
Walton,Social Circle,U.S. Senate (Special),,Democrat,Raphael Warnock,323
Walton,South Monroe,U.S. Senate (Special),,Republican,Kelly Loeffler (I),146
Walton,South Monroe,U.S. Senate (Special),,Democrat,Raphael Warnock,350
Walton,North Monroe,U.S. Senate (Special),,Republican,Kelly Loeffler (I),328
Walton,North Monroe,U.S. Senate (Special),,Democrat,Raphael Warnock,625
Walton,Loganville South,U.S. Senate (Special),,Republican,Kelly Loeffler (I),193
Walton,Loganville South,U.S. Senate (Special),,Democrat,Raphael Warnock,323
Walton,West Walton,U.S. Senate (Special),,Republican,Kelly Loeffler (I),147
Walton,West Walton,U.S. Senate (Special),,Democrat,Raphael Warnock,292
Walton,Broken Arrow,U.S. Senate (Special),,Republican,Kelly Loeffler (I),94
Walton,Broken Arrow,U.S. Senate (Special),,Democrat,Raphael Warnock,260
Walton,Bay Creek,U.S. Senate (Special),,Republican,Kelly Loeffler (I),92
Walton,Bay Creek,U.S. Senate (Special),,Democrat,Raphael Warnock,202
Walton,E Monroe,U.S. Senate (Special),,Republican,Kelly Loeffler (I),235
Walton,E Monroe,U.S. Senate (Special),,Democrat,Raphael Warnock,376
Walton,W Monroe,U.S. Senate (Special),,Republican,Kelly Loeffler (I),52
Walton,W Monroe,U.S. Senate (Special),,Democrat,Raphael Warnock,140
Walton,Tara,U.S. Senate (Special),,Republican,Kelly Loeffler (I),230
Walton,Tara,U.S. Senate (Special),,Democrat,Raphael Warnock,770
Walton,Mountain,U.S. Senate (Special),,Republican,Kelly Loeffler (I),56
Walton,Mountain,U.S. Senate (Special),,Democrat,Raphael Warnock,57
Walton,Jersey,U.S. Senate (Special),,Republican,Kelly Loeffler (I),52
Walton,Jersey,U.S. Senate (Special),,Democrat,Raphael Warnock,60
Walton,Blasingame,U.S. Senate (Special),,Republican,Kelly Loeffler (I),34
Walton,Blasingame,U.S. Senate (Special),,Democrat,Raphael Warnock,37
Walton,Good Hope,U.S. Senate (Special),,Republican,Kelly Loeffler (I),74
Walton,Good Hope,U.S. Senate (Special),,Democrat,Raphael Warnock,86
Ware,100,U.S. Senate,,Republican,David A. Perdue (I),277
Ware,100,U.S. Senate,,Democrat,Jon Ossoff,765
Ware,200A,U.S. Senate,,Republican,David A. Perdue (I),129
Ware,200A,U.S. Senate,,Democrat,Jon Ossoff,229
Ware,200B,U.S. Senate,,Republican,David A. Perdue (I),50
Ware,200B,U.S. Senate,,Democrat,Jon Ossoff,118
Ware,300,U.S. Senate,,Republican,David A. Perdue (I),121
Ware,300,U.S. Senate,,Democrat,Jon Ossoff,258
Ware,304,U.S. Senate,,Republican,David A. Perdue (I),24
Ware,304,U.S. Senate,,Democrat,Jon Ossoff,34
Ware,400,U.S. Senate,,Republican,David A. Perdue (I),50
Ware,400,U.S. Senate,,Democrat,Jon Ossoff,149
Ware,404,U.S. Senate,,Republican,David A. Perdue (I),8
Ware,404,U.S. Senate,,Democrat,Jon Ossoff,2
Ware,405,U.S. Senate,,Republican,David A. Perdue (I),5
Ware,405,U.S. Senate,,Democrat,Jon Ossoff,4
Ware,406,U.S. Senate,,Republican,David A. Perdue (I),32
Ware,406,U.S. Senate,,Democrat,Jon Ossoff,32
Ware,407,U.S. Senate,,Republican,David A. Perdue (I),7
Ware,407,U.S. Senate,,Democrat,Jon Ossoff,5
Ware,408,U.S. Senate,,Republican,David A. Perdue (I),8
Ware,408,U.S. Senate,,Democrat,Jon Ossoff,6
Ware,409,U.S. Senate,,Republican,David A. Perdue (I),13
Ware,409,U.S. Senate,,Democrat,Jon Ossoff,19
Ware,100,U.S. Senate (Special),,Republican,Kelly Loeffler (I),277
Ware,100,U.S. Senate (Special),,Democrat,Raphael Warnock,773
Ware,200A,U.S. Senate (Special),,Republican,Kelly Loeffler (I),127
Ware,200A,U.S. Senate (Special),,Democrat,Raphael Warnock,229
Ware,200B,U.S. Senate (Special),,Republican,Kelly Loeffler (I),49
Ware,200B,U.S. Senate (Special),,Democrat,Raphael Warnock,119
Ware,300,U.S. Senate (Special),,Republican,Kelly Loeffler (I),116
Ware,300,U.S. Senate (Special),,Democrat,Raphael Warnock,255
Ware,304,U.S. Senate (Special),,Republican,Kelly Loeffler (I),23
Ware,304,U.S. Senate (Special),,Democrat,Raphael Warnock,34
Ware,400,U.S. Senate (Special),,Republican,Kelly Loeffler (I),51
Ware,400,U.S. Senate (Special),,Democrat,Raphael Warnock,145
Ware,404,U.S. Senate (Special),,Republican,Kelly Loeffler (I),8
Ware,404,U.S. Senate (Special),,Democrat,Raphael Warnock,3
Ware,405,U.S. Senate (Special),,Republican,Kelly Loeffler (I),5
Ware,405,U.S. Senate (Special),,Democrat,Raphael Warnock,4
Ware,406,U.S. Senate (Special),,Republican,Kelly Loeffler (I),31
Ware,406,U.S. Senate (Special),,Democrat,Raphael Warnock,33
Ware,407,U.S. Senate (Special),,Republican,Kelly Loeffler (I),6
Ware,407,U.S. Senate (Special),,Democrat,Raphael Warnock,5
Ware,408,U.S. Senate (Special),,Republican,Kelly Loeffler (I),9
Ware,408,U.S. Senate (Special),,Democrat,Raphael Warnock,6
Ware,409,U.S. Senate (Special),,Republican,Kelly Loeffler (I),13
Ware,409,U.S. Senate (Special),,Democrat,Raphael Warnock,19
Warren,Warrenton,U.S. Senate,,Republican,David A. Perdue (I),307
Warren,Warrenton,U.S. Senate,,Democrat,Jon Ossoff,594
Warren,Warrenton,U.S. Senate (Special),,Republican,Kelly Loeffler (I),305
Warren,Warrenton,U.S. Senate (Special),,Democrat,Raphael Warnock,601
Washington,Riddleville,U.S. Senate,,Republican,David A. Perdue (I),52
Washington,Riddleville,U.S. Senate,,Democrat,Jon Ossoff,39
Washington,Warthen,U.S. Senate,,Republican,David A. Perdue (I),94
Washington,Warthen,U.S. Senate,,Democrat,Jon Ossoff,55
Washington,Tennille,U.S. Senate,,Republican,David A. Perdue (I),270
Washington,Tennille,U.S. Senate,,Democrat,Jon Ossoff,378
Washington,Oconee,U.S. Senate,,Republican,David A. Perdue (I),67
Washington,Oconee,U.S. Senate,,Democrat,Jon Ossoff,55
Washington,Harrison,U.S. Senate,,Republican,David A. Perdue (I),84
Washington,Harrison,U.S. Senate,,Democrat,Jon Ossoff,67
Washington,Davisboro,U.S. Senate,,Republican,David A. Perdue (I),106
Washington,Davisboro,U.S. Senate,,Democrat,Jon Ossoff,50
Washington,Sandersville,U.S. Senate,,Republican,David A. Perdue (I),498
Washington,Sandersville,U.S. Senate,,Democrat,Jon Ossoff,896
Washington,Deepstep,U.S. Senate,,Republican,David A. Perdue (I),28
Washington,Deepstep,U.S. Senate,,Democrat,Jon Ossoff,33
Washington,Riddleville,U.S. Senate (Special),,Republican,Kelly Loeffler (I),52
Washington,Riddleville,U.S. Senate (Special),,Democrat,Raphael Warnock,39
Washington,Warthen,U.S. Senate (Special),,Republican,Kelly Loeffler (I),96
Washington,Warthen,U.S. Senate (Special),,Democrat,Raphael Warnock,55
Washington,Tennille,U.S. Senate (Special),,Republican,Kelly Loeffler (I),271
Washington,Tennille,U.S. Senate (Special),,Democrat,Raphael Warnock,380
Washington,Oconee,U.S. Senate (Special),,Republican,Kelly Loeffler (I),68
Washington,Oconee,U.S. Senate (Special),,Democrat,Raphael Warnock,56
Washington,Harrison,U.S. Senate (Special),,Republican,Kelly Loeffler (I),84
Washington,Harrison,U.S. Senate (Special),,Democrat,Raphael Warnock,71
Washington,Davisboro,U.S. Senate (Special),,Republican,Kelly Loeffler (I),105
Washington,Davisboro,U.S. Senate (Special),,Democrat,Raphael Warnock,50
Washington,Sandersville,U.S. Senate (Special),,Republican,Kelly Loeffler (I),498
Washington,Sandersville,U.S. Senate (Special),,Democrat,Raphael Warnock,905
Washington,Deepstep,U.S. Senate (Special),,Republican,Kelly Loeffler (I),27
Washington,Deepstep,U.S. Senate (Special),,Democrat,Raphael Warnock,35
Wayne,Odum,U.S. Senate,,Republican,David A. Perdue (I),18
Wayne,Odum,U.S. Senate,,Democrat,Jon Ossoff,37
Wayne,Madray Springs,U.S. Senate,,Republican,David A. Perdue (I),14
Wayne,Madray Springs,U.S. Senate,,Democrat,Jon Ossoff,22
Wayne,Oglethorpe,U.S. Senate,,Republican,David A. Perdue (I),33
Wayne,Oglethorpe,U.S. Senate,,Democrat,Jon Ossoff,71
Wayne,Screven,U.S. Senate,,Republican,David A. Perdue (I),67
Wayne,Screven,U.S. Senate,,Democrat,Jon Ossoff,63
Wayne,Empire,U.S. Senate,,Republican,David A. Perdue (I),17
Wayne,Empire,U.S. Senate,,Democrat,Jon Ossoff,27
Wayne,Red Hill,U.S. Senate,,Republican,David A. Perdue (I),23
Wayne,Red Hill,U.S. Senate,,Democrat,Jon Ossoff,56
Wayne,Altamaha,U.S. Senate,,Republican,David A. Perdue (I),99
Wayne,Altamaha,U.S. Senate,,Democrat,Jon Ossoff,181
Wayne,Gardi,U.S. Senate,,Republican,David A. Perdue (I),22
Wayne,Gardi,U.S. Senate,,Democrat,Jon Ossoff,24
Wayne,VFW,U.S. Senate,,Republican,David A. Perdue (I),116
Wayne,VFW,U.S. Senate,,Democrat,Jon Ossoff,234
Wayne,Pine Street,U.S. Senate,,Republican,David A. Perdue (I),86
Wayne,Pine Street,U.S. Senate,,Democrat,Jon Ossoff,150
Wayne,Unity,U.S. Senate,,Republican,David A. Perdue (I),91
Wayne,Unity,U.S. Senate,,Democrat,Jon Ossoff,174
Wayne,Rec Center,U.S. Senate,,Republican,David A. Perdue (I),67
Wayne,Rec Center,U.S. Senate,,Democrat,Jon Ossoff,124
Wayne,Odum,U.S. Senate (Special),,Republican,Kelly Loeffler (I),19
Wayne,Odum,U.S. Senate (Special),,Democrat,Raphael Warnock,38
Wayne,Madray Springs,U.S. Senate (Special),,Republican,Kelly Loeffler (I),14
Wayne,Madray Springs,U.S. Senate (Special),,Democrat,Raphael Warnock,22
Wayne,Oglethorpe,U.S. Senate (Special),,Republican,Kelly Loeffler (I),34
Wayne,Oglethorpe,U.S. Senate (Special),,Democrat,Raphael Warnock,71
Wayne,Screven,U.S. Senate (Special),,Republican,Kelly Loeffler (I),67
Wayne,Screven,U.S. Senate (Special),,Democrat,Raphael Warnock,62
Wayne,Empire,U.S. Senate (Special),,Republican,Kelly Loeffler (I),17
Wayne,Empire,U.S. Senate (Special),,Democrat,Raphael Warnock,27
Wayne,Red Hill,U.S. Senate (Special),,Republican,Kelly Loeffler (I),23
Wayne,Red Hill,U.S. Senate (Special),,Democrat,Raphael Warnock,57
Wayne,Altamaha,U.S. Senate (Special),,Republican,Kelly Loeffler (I),99
Wayne,Altamaha,U.S. Senate (Special),,Democrat,Raphael Warnock,181
Wayne,Gardi,U.S. Senate (Special),,Republican,Kelly Loeffler (I),18
Wayne,Gardi,U.S. Senate (Special),,Democrat,Raphael Warnock,24
Wayne,VFW,U.S. Senate (Special),,Republican,Kelly Loeffler (I),115
Wayne,VFW,U.S. Senate (Special),,Democrat,Raphael Warnock,233
Wayne,Pine Street,U.S. Senate (Special),,Republican,Kelly Loeffler (I),87
Wayne,Pine Street,U.S. Senate (Special),,Democrat,Raphael Warnock,149
Wayne,Unity,U.S. Senate (Special),,Republican,Kelly Loeffler (I),86
Wayne,Unity,U.S. Senate (Special),,Democrat,Raphael Warnock,171
Wayne,Rec Center,U.S. Senate (Special),,Republican,Kelly Loeffler (I),66
Wayne,Rec Center,U.S. Senate (Special),,Democrat,Raphael Warnock,125
Webster,Preston 1,U.S. Senate,,Republican,David A. Perdue (I),150
Webster,Preston 1,U.S. Senate,,Democrat,Jon Ossoff,218
Webster,Preston 1,U.S. Senate (Special),,Republican,Kelly Loeffler (I),149
Webster,Preston 1,U.S. Senate (Special),,Democrat,Raphael Warnock,218
Wheeler,Alamo,U.S. Senate,,Republican,David A. Perdue (I),126
Wheeler,Alamo,U.S. Senate,,Democrat,Jon Ossoff,166
Wheeler,Glenwood,U.S. Senate,,Republican,David A. Perdue (I),81
Wheeler,Glenwood,U.S. Senate,,Democrat,Jon Ossoff,79
Wheeler,Alamo,U.S. Senate (Special),,Republican,Kelly Loeffler (I),127
Wheeler,Alamo,U.S. Senate (Special),,Democrat,Raphael Warnock,166
Wheeler,Glenwood,U.S. Senate (Special),,Republican,Kelly Loeffler (I),84
Wheeler,Glenwood,U.S. Senate (Special),,Democrat,Raphael Warnock,78
White,Blue Creek,U.S. Senate,,Republican,David A. Perdue (I),49
White,Blue Creek,U.S. Senate,,Democrat,Jon Ossoff,135
White,Blue Ridge,U.S. Senate,,Republican,David A. Perdue (I),13
White,Blue Ridge,U.S. Senate,,Democrat,Jon Ossoff,39
White,Helen,U.S. Senate,,Republican,David A. Perdue (I),28
White,Helen,U.S. Senate,,Democrat,Jon Ossoff,46
White,Mossy Creek,U.S. Senate,,Republican,David A. Perdue (I),58
White,Mossy Creek,U.S. Senate,,Democrat,Jon Ossoff,87
White,Mt Yonah,U.S. Senate,,Republican,David A. Perdue (I),90
White,Mt Yonah,U.S. Senate,,Democrat,Jon Ossoff,226
White,Nacoochee,U.S. Senate,,Republican,David A. Perdue (I),63
White,Nacoochee,U.S. Senate,,Democrat,Jon Ossoff,128
White,Robertstown,U.S. Senate,,Republican,David A. Perdue (I),18
White,Robertstown,U.S. Senate,,Democrat,Jon Ossoff,30
White,Shoal Creek,U.S. Senate,,Republican,David A. Perdue (I),37
White,Shoal Creek,U.S. Senate,,Democrat,Jon Ossoff,79
White,Tesnatee,U.S. Senate,,Republican,David A. Perdue (I),29
White,Tesnatee,U.S. Senate,,Democrat,Jon Ossoff,77
White,Town Creek,U.S. Senate,,Republican,David A. Perdue (I),23
White,Town Creek,U.S. Senate,,Democrat,Jon Ossoff,69
White,White Creek,U.S. Senate,,Republican,David A. Perdue (I),23
White,White Creek,U.S. Senate,,Democrat,Jon Ossoff,34
White,Blue Creek,U.S. Senate (Special),,Republican,Kelly Loeffler (I),49
White,Blue Creek,U.S. Senate (Special),,Democrat,Raphael Warnock,138
White,Blue Ridge,U.S. Senate (Special),,Republican,Kelly Loeffler (I),12
White,Blue Ridge,U.S. Senate (Special),,Democrat,Raphael Warnock,40
White,Helen,U.S. Senate (Special),,Republican,Kelly Loeffler (I),30
White,Helen,U.S. Senate (Special),,Democrat,Raphael Warnock,47
White,Mossy Creek,U.S. Senate (Special),,Republican,Kelly Loeffler (I),60
White,Mossy Creek,U.S. Senate (Special),,Democrat,Raphael Warnock,90
White,Mt Yonah,U.S. Senate (Special),,Republican,Kelly Loeffler (I),89
White,Mt Yonah,U.S. Senate (Special),,Democrat,Raphael Warnock,232
White,Nacoochee,U.S. Senate (Special),,Republican,Kelly Loeffler (I),67
White,Nacoochee,U.S. Senate (Special),,Democrat,Raphael Warnock,131
White,Robertstown,U.S. Senate (Special),,Republican,Kelly Loeffler (I),18
White,Robertstown,U.S. Senate (Special),,Democrat,Raphael Warnock,29
White,Shoal Creek,U.S. Senate (Special),,Republican,Kelly Loeffler (I),37
White,Shoal Creek,U.S. Senate (Special),,Democrat,Raphael Warnock,83
White,Tesnatee,U.S. Senate (Special),,Republican,Kelly Loeffler (I),32
White,Tesnatee,U.S. Senate (Special),,Democrat,Raphael Warnock,80
White,Town Creek,U.S. Senate (Special),,Republican,Kelly Loeffler (I),22
White,Town Creek,U.S. Senate (Special),,Democrat,Raphael Warnock,71
White,White Creek,U.S. Senate (Special),,Republican,Kelly Loeffler (I),21
White,White Creek,U.S. Senate (Special),,Democrat,Raphael Warnock,38
Whitfield,1A,U.S. Senate,,Republican,David A. Perdue (I),183
Whitfield,1A,U.S. Senate,,Democrat,Jon Ossoff,236
Whitfield,2A,U.S. Senate,,Republican,David A. Perdue (I),176
Whitfield,2A,U.S. Senate,,Democrat,Jon Ossoff,257
Whitfield,3A,U.S. Senate,,Republican,David A. Perdue (I),149
Whitfield,3A,U.S. Senate,,Democrat,Jon Ossoff,206
Whitfield,4A,U.S. Senate,,Republican,David A. Perdue (I),185
Whitfield,4A,U.S. Senate,,Democrat,Jon Ossoff,271
Whitfield,5A,U.S. Senate,,Republican,David A. Perdue (I),288
Whitfield,5A,U.S. Senate,,Democrat,Jon Ossoff,254
Whitfield,6A,U.S. Senate,,Republican,David A. Perdue (I),199
Whitfield,6A,U.S. Senate,,Democrat,Jon Ossoff,180
Whitfield,AN,U.S. Senate,,Republican,David A. Perdue (I),197
Whitfield,AN,U.S. Senate,,Democrat,Jon Ossoff,224
Whitfield,CA,U.S. Senate,,Republican,David A. Perdue (I),96
Whitfield,CA,U.S. Senate,,Democrat,Jon Ossoff,59
Whitfield,CO,U.S. Senate,,Republican,David A. Perdue (I),64
Whitfield,CO,U.S. Senate,,Democrat,Jon Ossoff,42
Whitfield,DG,U.S. Senate,,Republican,David A. Perdue (I),244
Whitfield,DG,U.S. Senate,,Democrat,Jon Ossoff,225
Whitfield,ES,U.S. Senate,,Republican,David A. Perdue (I),109
Whitfield,ES,U.S. Senate,,Democrat,Jon Ossoff,89
Whitfield,FI,U.S. Senate,,Republican,David A. Perdue (I),113
Whitfield,FI,U.S. Senate,,Democrat,Jon Ossoff,141
Whitfield,GL,U.S. Senate,,Republican,David A. Perdue (I),222
Whitfield,GL,U.S. Senate,,Democrat,Jon Ossoff,170
Whitfield,LT,U.S. Senate,,Republican,David A. Perdue (I),24
Whitfield,LT,U.S. Senate,,Democrat,Jon Ossoff,47
Whitfield,MC,U.S. Senate,,Republican,David A. Perdue (I),54
Whitfield,MC,U.S. Senate,,Democrat,Jon Ossoff,57
Whitfield,NI,U.S. Senate,,Republican,David A. Perdue (I),102
Whitfield,NI,U.S. Senate,,Democrat,Jon Ossoff,79
Whitfield,PG,U.S. Senate,,Republican,David A. Perdue (I),233
Whitfield,PG,U.S. Senate,,Democrat,Jon Ossoff,303
Whitfield,TH,U.S. Senate,,Republican,David A. Perdue (I),131
Whitfield,TH,U.S. Senate,,Democrat,Jon Ossoff,186
Whitfield,TI,U.S. Senate,,Republican,David A. Perdue (I),36
Whitfield,TI,U.S. Senate,,Democrat,Jon Ossoff,17
Whitfield,TR,U.S. Senate,,Republican,David A. Perdue (I),44
Whitfield,TR,U.S. Senate,,Democrat,Jon Ossoff,31
Whitfield,UT,U.S. Senate,,Republican,David A. Perdue (I),52
Whitfield,UT,U.S. Senate,,Democrat,Jon Ossoff,16
Whitfield,VA,U.S. Senate,,Republican,David A. Perdue (I),224
Whitfield,VA,U.S. Senate,,Democrat,Jon Ossoff,303
Whitfield,WS,U.S. Senate,,Republican,David A. Perdue (I),110
Whitfield,WS,U.S. Senate,,Democrat,Jon Ossoff,171
Whitfield,1A,U.S. Senate (Special),,Republican,Kelly Loeffler (I),180
Whitfield,1A,U.S. Senate (Special),,Democrat,Raphael Warnock,237
Whitfield,2A,U.S. Senate (Special),,Republican,Kelly Loeffler (I),173
Whitfield,2A,U.S. Senate (Special),,Democrat,Raphael Warnock,257
Whitfield,3A,U.S. Senate (Special),,Republican,Kelly Loeffler (I),149
Whitfield,3A,U.S. Senate (Special),,Democrat,Raphael Warnock,205
Whitfield,4A,U.S. Senate (Special),,Republican,Kelly Loeffler (I),185
Whitfield,4A,U.S. Senate (Special),,Democrat,Raphael Warnock,271
Whitfield,5A,U.S. Senate (Special),,Republican,Kelly Loeffler (I),290
Whitfield,5A,U.S. Senate (Special),,Democrat,Raphael Warnock,256
Whitfield,6A,U.S. Senate (Special),,Republican,Kelly Loeffler (I),203
Whitfield,6A,U.S. Senate (Special),,Democrat,Raphael Warnock,182
Whitfield,AN,U.S. Senate (Special),,Republican,Kelly Loeffler (I),194
Whitfield,AN,U.S. Senate (Special),,Democrat,Raphael Warnock,226
Whitfield,CA,U.S. Senate (Special),,Republican,Kelly Loeffler (I),92
Whitfield,CA,U.S. Senate (Special),,Democrat,Raphael Warnock,58
Whitfield,CO,U.S. Senate (Special),,Republican,Kelly Loeffler (I),67
Whitfield,CO,U.S. Senate (Special),,Democrat,Raphael Warnock,40
Whitfield,DG,U.S. Senate (Special),,Republican,Kelly Loeffler (I),246
Whitfield,DG,U.S. Senate (Special),,Democrat,Raphael Warnock,225
Whitfield,ES,U.S. Senate (Special),,Republican,Kelly Loeffler (I),111
Whitfield,ES,U.S. Senate (Special),,Democrat,Raphael Warnock,90
Whitfield,FI,U.S. Senate (Special),,Republican,Kelly Loeffler (I),112
Whitfield,FI,U.S. Senate (Special),,Democrat,Raphael Warnock,142
Whitfield,GL,U.S. Senate (Special),,Republican,Kelly Loeffler (I),220
Whitfield,GL,U.S. Senate (Special),,Democrat,Raphael Warnock,171
Whitfield,LT,U.S. Senate (Special),,Republican,Kelly Loeffler (I),23
Whitfield,LT,U.S. Senate (Special),,Democrat,Raphael Warnock,47
Whitfield,MC,U.S. Senate (Special),,Republican,Kelly Loeffler (I),52
Whitfield,MC,U.S. Senate (Special),,Democrat,Raphael Warnock,57
Whitfield,NI,U.S. Senate (Special),,Republican,Kelly Loeffler (I),101
Whitfield,NI,U.S. Senate (Special),,Democrat,Raphael Warnock,81
Whitfield,PG,U.S. Senate (Special),,Republican,Kelly Loeffler (I),234
Whitfield,PG,U.S. Senate (Special),,Democrat,Raphael Warnock,302
Whitfield,TH,U.S. Senate (Special),,Republican,Kelly Loeffler (I),131
Whitfield,TH,U.S. Senate (Special),,Democrat,Raphael Warnock,183
Whitfield,TI,U.S. Senate (Special),,Republican,Kelly Loeffler (I),38
Whitfield,TI,U.S. Senate (Special),,Democrat,Raphael Warnock,16
Whitfield,TR,U.S. Senate (Special),,Republican,Kelly Loeffler (I),40
Whitfield,TR,U.S. Senate (Special),,Democrat,Raphael Warnock,31
Whitfield,UT,U.S. Senate (Special),,Republican,Kelly Loeffler (I),50
Whitfield,UT,U.S. Senate (Special),,Democrat,Raphael Warnock,17
Whitfield,VA,U.S. Senate (Special),,Republican,Kelly Loeffler (I),223
Whitfield,VA,U.S. Senate (Special),,Democrat,Raphael Warnock,303
Whitfield,WS,U.S. Senate (Special),,Republican,Kelly Loeffler (I),110
Whitfield,WS,U.S. Senate (Special),,Democrat,Raphael Warnock,165
Wilcox,Rochelle North 1,U.S. Senate,,Republican,David A. Perdue (I),76
Wilcox,Rochelle North 1,U.S. Senate,,Democrat,Jon Ossoff,69
Wilcox,Abbeville North 2,U.S. Senate,,Republican,David A. Perdue (I),17
Wilcox,Abbeville North 2,U.S. Senate,,Democrat,Jon Ossoff,56
Wilcox,Pineview 2,U.S. Senate,,Republican,David A. Perdue (I),91
Wilcox,Pineview 2,U.S. Senate,,Democrat,Jon Ossoff,51
Wilcox,Pitts 3,U.S. Senate,,Republican,David A. Perdue (I),34
Wilcox,Pitts 3,U.S. Senate,,Democrat,Jon Ossoff,20
Wilcox,Rochelle South 4,U.S. Senate,,Republican,David A. Perdue (I),29
Wilcox,Rochelle South 4,U.S. Senate,,Democrat,Jon Ossoff,27
Wilcox,Abbeville South 5,U.S. Senate,,Republican,David A. Perdue (I),39
Wilcox,Abbeville South 5,U.S. Senate,,Democrat,Jon Ossoff,68
Wilcox,Rochelle North 1,U.S. Senate (Special),,Republican,Kelly Loeffler (I),75
Wilcox,Rochelle North 1,U.S. Senate (Special),,Democrat,Raphael Warnock,69
Wilcox,Abbeville North 2,U.S. Senate (Special),,Republican,Kelly Loeffler (I),18
Wilcox,Abbeville North 2,U.S. Senate (Special),,Democrat,Raphael Warnock,56
Wilcox,Pineview 2,U.S. Senate (Special),,Republican,Kelly Loeffler (I),92
Wilcox,Pineview 2,U.S. Senate (Special),,Democrat,Raphael Warnock,51
Wilcox,Pitts 3,U.S. Senate (Special),,Republican,Kelly Loeffler (I),32
Wilcox,Pitts 3,U.S. Senate (Special),,Democrat,Raphael Warnock,20
Wilcox,Rochelle South 4,U.S. Senate (Special),,Republican,Kelly Loeffler (I),27
Wilcox,Rochelle South 4,U.S. Senate (Special),,Democrat,Raphael Warnock,27
Wilcox,Abbeville South 5,U.S. Senate (Special),,Republican,Kelly Loeffler (I),41
Wilcox,Abbeville South 5,U.S. Senate (Special),,Democrat,Raphael Warnock,70
Wilkes,Senior Citizen Center,U.S. Senate,,Republican,David A. Perdue (I),149
Wilkes,Senior Citizen Center,U.S. Senate,,Democrat,Jon Ossoff,253
Wilkes,Young Farmers Bldg,U.S. Senate,,Republican,David A. Perdue (I),41
Wilkes,Young Farmers Bldg,U.S. Senate,,Democrat,Jon Ossoff,88
Wilkes,Metasville Fire Sta,U.S. Senate,,Republican,David A. Perdue (I),25
Wilkes,Metasville Fire Sta,U.S. Senate,,Democrat,Jon Ossoff,33
Wilkes,Edward B Pope Center,U.S. Senate,,Republican,David A. Perdue (I),137
Wilkes,Edward B Pope Center,U.S. Senate,,Democrat,Jon Ossoff,193
Wilkes,Rayle City Hall,U.S. Senate,,Republican,David A. Perdue (I),39
Wilkes,Rayle City Hall,U.S. Senate,,Democrat,Jon Ossoff,39
Wilkes,Courthouse,U.S. Senate,,Republican,David A. Perdue (I),45
Wilkes,Courthouse,U.S. Senate,,Democrat,Jon Ossoff,111
Wilkes,Tignal Sch Lunch Rm,U.S. Senate,,Republican,David A. Perdue (I),78
Wilkes,Tignal Sch Lunch Rm,U.S. Senate,,Democrat,Jon Ossoff,63
Wilkes,Senior Citizen Center,U.S. Senate (Special),,Republican,Kelly Loeffler (I),149
Wilkes,Senior Citizen Center,U.S. Senate (Special),,Democrat,Raphael Warnock,257
Wilkes,Young Farmers Bldg,U.S. Senate (Special),,Republican,Kelly Loeffler (I),39
Wilkes,Young Farmers Bldg,U.S. Senate (Special),,Democrat,Raphael Warnock,89
Wilkes,Metasville Fire Sta,U.S. Senate (Special),,Republican,Kelly Loeffler (I),26
Wilkes,Metasville Fire Sta,U.S. Senate (Special),,Democrat,Raphael Warnock,33
Wilkes,Edward B Pope Center,U.S. Senate (Special),,Republican,Kelly Loeffler (I),137
Wilkes,Edward B Pope Center,U.S. Senate (Special),,Democrat,Raphael Warnock,191
Wilkes,Rayle City Hall,U.S. Senate (Special),,Republican,Kelly Loeffler (I),41
Wilkes,Rayle City Hall,U.S. Senate (Special),,Democrat,Raphael Warnock,40
Wilkes,Courthouse,U.S. Senate (Special),,Republican,Kelly Loeffler (I),43
Wilkes,Courthouse,U.S. Senate (Special),,Democrat,Raphael Warnock,111
Wilkes,Tignal Sch Lunch Rm,U.S. Senate (Special),,Republican,Kelly Loeffler (I),78
Wilkes,Tignal Sch Lunch Rm,U.S. Senate (Special),,Democrat,Raphael Warnock,62
Wilkinson,Bloodworth,U.S. Senate,,Republican,David A. Perdue (I),14
Wilkinson,Bloodworth,U.S. Senate,,Democrat,Jon Ossoff,18
Wilkinson,Griffin,U.S. Senate,,Republican,David A. Perdue (I),13
Wilkinson,Griffin,U.S. Senate,,Democrat,Jon Ossoff,4
Wilkinson,High Hill,U.S. Senate,,Republican,David A. Perdue (I),10
Wilkinson,High Hill,U.S. Senate,,Democrat,Jon Ossoff,13
Wilkinson,Irwinton,U.S. Senate,,Republican,David A. Perdue (I),62
Wilkinson,Irwinton,U.S. Senate,,Democrat,Jon Ossoff,183
Wilkinson,Ivey,U.S. Senate,,Republican,David A. Perdue (I),25
Wilkinson,Ivey,U.S. Senate,,Democrat,Jon Ossoff,38
Wilkinson,Lord,U.S. Senate,,Republican,David A. Perdue (I),70
Wilkinson,Lord,U.S. Senate,,Democrat,Jon Ossoff,76
Wilkinson,Midway,U.S. Senate,,Republican,David A. Perdue (I),124
Wilkinson,Midway,U.S. Senate,,Democrat,Jon Ossoff,206
Wilkinson,Ramah,U.S. Senate,,Republican,David A. Perdue (I),229
Wilkinson,Ramah,U.S. Senate,,Democrat,Jon Ossoff,229
Wilkinson,Turkey Creek,U.S. Senate,,Republican,David A. Perdue (I),55
Wilkinson,Turkey Creek,U.S. Senate,,Democrat,Jon Ossoff,29
Wilkinson,Bloodworth,U.S. Senate (Special),,Republican,Kelly Loeffler (I),13
Wilkinson,Bloodworth,U.S. Senate (Special),,Democrat,Raphael Warnock,18
Wilkinson,Griffin,U.S. Senate (Special),,Republican,Kelly Loeffler (I),13
Wilkinson,Griffin,U.S. Senate (Special),,Democrat,Raphael Warnock,4
Wilkinson,High Hill,U.S. Senate (Special),,Republican,Kelly Loeffler (I),10
Wilkinson,High Hill,U.S. Senate (Special),,Democrat,Raphael Warnock,13
Wilkinson,Irwinton,U.S. Senate (Special),,Republican,Kelly Loeffler (I),63
Wilkinson,Irwinton,U.S. Senate (Special),,Democrat,Raphael Warnock,180
Wilkinson,Ivey,U.S. Senate (Special),,Republican,Kelly Loeffler (I),27
Wilkinson,Ivey,U.S. Senate (Special),,Democrat,Raphael Warnock,37
Wilkinson,Lord,U.S. Senate (Special),,Republican,Kelly Loeffler (I),74
Wilkinson,Lord,U.S. Senate (Special),,Democrat,Raphael Warnock,77
Wilkinson,Midway,U.S. Senate (Special),,Republican,Kelly Loeffler (I),123
Wilkinson,Midway,U.S. Senate (Special),,Democrat,Raphael Warnock,208
Wilkinson,Ramah,U.S. Senate (Special),,Republican,Kelly Loeffler (I),231
Wilkinson,Ramah,U.S. Senate (Special),,Democrat,Raphael Warnock,232
Wilkinson,Turkey Creek,U.S. Senate (Special),,Republican,Kelly Loeffler (I),54
Wilkinson,Turkey Creek,U.S. Senate (Special),,Democrat,Raphael Warnock,29
Worth,Sylvester,U.S. Senate,,Republican,David A. Perdue (I),248
Worth,Sylvester,U.S. Senate,,Democrat,Jon Ossoff,435
Worth,Scooterville,U.S. Senate,,Republican,David A. Perdue (I),4
Worth,Scooterville,U.S. Senate,,Democrat,Jon Ossoff,9
Worth,Minton,U.S. Senate,,Republican,David A. Perdue (I),5
Worth,Minton,U.S. Senate,,Democrat,Jon Ossoff,7
Worth,Bridgeboro,U.S. Senate,,Republican,David A. Perdue (I),45
Worth,Bridgeboro,U.S. Senate,,Democrat,Jon Ossoff,49
Worth,County Line,U.S. Senate,,Republican,David A. Perdue (I),13
Worth,County Line,U.S. Senate,,Democrat,Jon Ossoff,26
Worth,Isabella,U.S. Senate,,Republican,David A. Perdue (I),33
Worth,Isabella,U.S. Senate,,Democrat,Jon Ossoff,61
Worth,Piney Woods,U.S. Senate,,Republican,David A. Perdue (I),19
Worth,Piney Woods,U.S. Senate,,Democrat,Jon Ossoff,37
Worth,Sylvester East,U.S. Senate,,Republican,David A. Perdue (I),45
Worth,Sylvester East,U.S. Senate,,Democrat,Jon Ossoff,89
Worth,Poulan,U.S. Senate,,Republican,David A. Perdue (I),36
Worth,Poulan,U.S. Senate,,Democrat,Jon Ossoff,35
Worth,Sumner,U.S. Senate,,Republican,David A. Perdue (I),30
Worth,Sumner,U.S. Senate,,Democrat,Jon Ossoff,36
Worth,Shingler,U.S. Senate,,Republican,David A. Perdue (I),7
Worth,Shingler,U.S. Senate,,Democrat,Jon Ossoff,18
Worth,Red Rock,U.S. Senate,,Republican,David A. Perdue (I),37
Worth,Red Rock,U.S. Senate,,Democrat,Jon Ossoff,59
Worth,Doles,U.S. Senate,,Republican,David A. Perdue (I),7
Worth,Doles,U.S. Senate,,Democrat,Jon Ossoff,13
Worth,Oakfield,U.S. Senate,,Republican,David A. Perdue (I),8
Worth,Oakfield,U.S. Senate,,Democrat,Jon Ossoff,11
Worth,Warwick,U.S. Senate,,Republican,David A. Perdue (I),50
Worth,Warwick,U.S. Senate,,Democrat,Jon Ossoff,21
Worth,Sylvester,U.S. Senate (Special),,Republican,Kelly Loeffler (I),244
Worth,Sylvester,U.S. Senate (Special),,Democrat,Raphael Warnock,436
Worth,Scooterville,U.S. Senate (Special),,Republican,Kelly Loeffler (I),6
Worth,Scooterville,U.S. Senate (Special),,Democrat,Raphael Warnock,9
Worth,Minton,U.S. Senate (Special),,Republican,Kelly Loeffler (I),5
Worth,Minton,U.S. Senate (Special),,Democrat,Raphael Warnock,7
Worth,Bridgeboro,U.S. Senate (Special),,Republican,Kelly Loeffler (I),48
Worth,Bridgeboro,U.S. Senate (Special),,Democrat,Raphael Warnock,49
Worth,County Line,U.S. Senate (Special),,Republican,Kelly Loeffler (I),16
Worth,County Line,U.S. Senate (Special),,Democrat,Raphael Warnock,26
Worth,Isabella,U.S. Senate (Special),,Republican,Kelly Loeffler (I),34
Worth,Isabella,U.S. Senate (Special),,Democrat,Raphael Warnock,64
Worth,Piney Woods,U.S. Senate (Special),,Republican,Kelly Loeffler (I),20
Worth,Piney Woods,U.S. Senate (Special),,Democrat,Raphael Warnock,37
Worth,Sylvester East,U.S. Senate (Special),,Republican,Kelly Loeffler (I),44
Worth,Sylvester East,U.S. Senate (Special),,Democrat,Raphael Warnock,89
Worth,Poulan,U.S. Senate (Special),,Republican,Kelly Loeffler (I),35
Worth,Poulan,U.S. Senate (Special),,Democrat,Raphael Warnock,34
Worth,Sumner,U.S. Senate (Special),,Republican,Kelly Loeffler (I),29
Worth,Sumner,U.S. Senate (Special),,Democrat,Raphael Warnock,36
Worth,Shingler,U.S. Senate (Special),,Republican,Kelly Loeffler (I),7
Worth,Shingler,U.S. Senate (Special),,Democrat,Raphael Warnock,18
Worth,Red Rock,U.S. Senate (Special),,Republican,Kelly Loeffler (I),39
Worth,Red Rock,U.S. Senate (Special),,Democrat,Raphael Warnock,57
Worth,Doles,U.S. Senate (Special),,Republican,Kelly Loeffler (I),7
Worth,Doles,U.S. Senate (Special),,Democrat,Raphael Warnock,12
Worth,Oakfield,U.S. Senate (Special),,Republican,Kelly Loeffler (I),8
Worth,Oakfield,U.S. Senate (Special),,Democrat,Raphael Warnock,11
Worth,Warwick,U.S. Senate (Special),,Republican,Kelly Loeffler (I),51
Worth,Warwick,U.S. Senate (Special),,Democrat,Raphael Warnock,21
