county,precinct,office,district,party,candidate,total_votes
Appling,1B,U.S. Senate,,Republican,Herschel Junior Walker,688
Appling,1B,U.S. Senate,,Democrat,Raphael Warnock (I),68
Appling,1C,U.S. Senate,,Republican,Herschel Junior Walker,540
Appling,1C,U.S. Senate,,Democrat,Raphael Warnock (I),42
Appling,2,U.S. Senate,,Republican,Herschel Junior Walker,351
Appling,2,U.S. Senate,,Democrat,Raphael Warnock (I),661
Appling,3A1,U.S. Senate,,Republican,Herschel Junior Walker,466
Appling,3A1,U.S. Senate,,Democrat,Raphael Warnock (I),19
Appling,3C,U.S. Senate,,Republican,Herschel Junior Walker,682
Appling,3C,U.S. Senate,,Democrat,Raphael Warnock (I),208
Appling,4B,U.S. Senate,,Republican,Herschel Junior Walker,560
Appling,4B,U.S. Senate,,Democrat,Raphael Warnock (I),20
Appling,4D,U.S. Senate,,Republican,Herschel Junior Walker,759
Appling,4D,U.S. Senate,,Democrat,Raphael Warnock (I),84
Appling,5A,U.S. Senate,,Republican,Herschel Junior Walker,498
Appling,5A,U.S. Senate,,Democrat,Raphael Warnock (I),70
Appling,5B,U.S. Senate,,Republican,Herschel Junior Walker,499
Appling,5B,U.S. Senate,,Democrat,Raphael Warnock (I),50
Atkinson,Pearson County,U.S. Senate,,Republican,Herschel Junior Walker,713
Atkinson,Pearson County,U.S. Senate,,Democrat,Raphael Warnock (I),90
Atkinson,Axson,U.S. Senate,,Republican,Herschel Junior Walker,325
Atkinson,Axson,U.S. Senate,,Democrat,Raphael Warnock (I),17
Atkinson,Willacoochee,U.S. Senate,,Republican,Herschel Junior Walker,378
Atkinson,Willacoochee,U.S. Senate,,Democrat,Raphael Warnock (I),190
Atkinson,Pearson City,U.S. Senate,,Republican,Herschel Junior Walker,108
Atkinson,Pearson City,U.S. Senate,,Democrat,Raphael Warnock (I),188
Bacon,Douglas,U.S. Senate,,Republican,Herschel Junior Walker,3047
Bacon,Douglas,U.S. Senate,,Democrat,Raphael Warnock (I),441
Baker,Anna,U.S. Senate,,Republican,Herschel Junior Walker,133
Baker,Anna,U.S. Senate,,Democrat,Raphael Warnock (I),131
Baker,Elmodel,U.S. Senate,,Republican,Herschel Junior Walker,135
Baker,Elmodel,U.S. Senate,,Democrat,Raphael Warnock (I),54
Baker,Hoggards Mill,U.S. Senate,,Republican,Herschel Junior Walker,88
Baker,Hoggards Mill,U.S. Senate,,Democrat,Raphael Warnock (I),147
Baker,Milford,U.S. Senate,,Republican,Herschel Junior Walker,177
Baker,Milford,U.S. Senate,,Democrat,Raphael Warnock (I),67
Baker,Newton,U.S. Senate,,Republican,Herschel Junior Walker,118
Baker,Newton,U.S. Senate,,Democrat,Raphael Warnock (I),82
Baldwin,Scottboro,U.S. Senate,,Republican,Herschel Junior Walker,322
Baldwin,Scottboro,U.S. Senate,,Democrat,Raphael Warnock (I),194
Baldwin,North Baldwin,U.S. Senate,,Republican,Herschel Junior Walker,1555
Baldwin,North Baldwin,U.S. Senate,,Democrat,Raphael Warnock (I),641
Baldwin,West Baldwin,U.S. Senate,,Republican,Herschel Junior Walker,605
Baldwin,West Baldwin,U.S. Senate,,Democrat,Raphael Warnock (I),500
Baldwin,East Hardwick,U.S. Senate,,Republican,Herschel Junior Walker,87
Baldwin,East Hardwick,U.S. Senate,,Democrat,Raphael Warnock (I),371
Baldwin,West Hardwick,U.S. Senate,,Republican,Herschel Junior Walker,283
Baldwin,West Hardwick,U.S. Senate,,Democrat,Raphael Warnock (I),1083
Baldwin,Coopers,U.S. Senate,,Republican,Herschel Junior Walker,619
Baldwin,Coopers,U.S. Senate,,Democrat,Raphael Warnock (I),253
Baldwin,South Milledgeville,U.S. Senate,,Republican,Herschel Junior Walker,81
Baldwin,South Milledgeville,U.S. Senate,,Democrat,Raphael Warnock (I),425
Baldwin,City Hall Annex,U.S. Senate,,Republican,Herschel Junior Walker,72
Baldwin,City Hall Annex,U.S. Senate,,Democrat,Raphael Warnock (I),215
Baldwin,Boddie,U.S. Senate,,Republican,Herschel Junior Walker,80
Baldwin,Boddie,U.S. Senate,,Democrat,Raphael Warnock (I),344
Baldwin,Courthouse,U.S. Senate,,Republican,Herschel Junior Walker,65
Baldwin,Courthouse,U.S. Senate,,Democrat,Raphael Warnock (I),101
Baldwin,West Thomas,U.S. Senate,,Republican,Herschel Junior Walker,123
Baldwin,West Thomas,U.S. Senate,,Democrat,Raphael Warnock (I),563
Baldwin,North Milledgeville,U.S. Senate,,Republican,Herschel Junior Walker,591
Baldwin,North Milledgeville,U.S. Senate,,Democrat,Raphael Warnock (I),674
Baldwin,Meriwether,U.S. Senate,,Republican,Herschel Junior Walker,1113
Baldwin,Meriwether,U.S. Senate,,Democrat,Raphael Warnock (I),687
Baldwin,East Baldwin,U.S. Senate,,Republican,Herschel Junior Walker,1258
Baldwin,East Baldwin,U.S. Senate,,Democrat,Raphael Warnock (I),956
Banks,Anderson,U.S. Senate,,Republican,Herschel Junior Walker,692
Banks,Anderson,U.S. Senate,,Democrat,Raphael Warnock (I),88
Banks,Baldwin,U.S. Senate,,Republican,Herschel Junior Walker,383
Banks,Baldwin,U.S. Senate,,Democrat,Raphael Warnock (I),70
Banks,Berlin,U.S. Senate,,Republican,Herschel Junior Walker,268
Banks,Berlin,U.S. Senate,,Democrat,Raphael Warnock (I),32
Banks,Bushville,U.S. Senate,,Republican,Herschel Junior Walker,388
Banks,Bushville,U.S. Senate,,Democrat,Raphael Warnock (I),42
Banks,Columbia,U.S. Senate,,Republican,Herschel Junior Walker,194
Banks,Columbia,U.S. Senate,,Democrat,Raphael Warnock (I),13
Banks,Davids,U.S. Senate,,Republican,Herschel Junior Walker,795
Banks,Davids,U.S. Senate,,Democrat,Raphael Warnock (I),106
Banks,Golden Hill,U.S. Senate,,Republican,Herschel Junior Walker,356
Banks,Golden Hill,U.S. Senate,,Democrat,Raphael Warnock (I),49
Banks,Grove River,U.S. Senate,,Republican,Herschel Junior Walker,303
Banks,Grove River,U.S. Senate,,Democrat,Raphael Warnock (I),15
Banks,Hollingsworth,U.S. Senate,,Republican,Herschel Junior Walker,319
Banks,Hollingsworth,U.S. Senate,,Democrat,Raphael Warnock (I),41
Banks,Homer,U.S. Senate,,Republican,Herschel Junior Walker,664
Banks,Homer,U.S. Senate,,Democrat,Raphael Warnock (I),69
Banks,Poplar Springs,U.S. Senate,,Republican,Herschel Junior Walker,832
Banks,Poplar Springs,U.S. Senate,,Democrat,Raphael Warnock (I),87
Banks,Washington,U.S. Senate,,Republican,Herschel Junior Walker,333
Banks,Washington,U.S. Senate,,Democrat,Raphael Warnock (I),53
Banks,Wilmonts,U.S. Senate,,Republican,Herschel Junior Walker,301
Banks,Wilmonts,U.S. Senate,,Democrat,Raphael Warnock (I),33
Barrow,01,U.S. Senate,,Republican,Herschel Junior Walker,1190
Barrow,01,U.S. Senate,,Democrat,Raphael Warnock (I),393
Barrow,02,U.S. Senate,,Republican,Herschel Junior Walker,2942
Barrow,02,U.S. Senate,,Democrat,Raphael Warnock (I),733
Barrow,03,U.S. Senate,,Republican,Herschel Junior Walker,1996
Barrow,03,U.S. Senate,,Democrat,Raphael Warnock (I),708
Barrow,04,U.S. Senate,,Republican,Herschel Junior Walker,1205
Barrow,04,U.S. Senate,,Democrat,Raphael Warnock (I),362
Barrow,05,U.S. Senate,,Republican,Herschel Junior Walker,3028
Barrow,05,U.S. Senate,,Democrat,Raphael Warnock (I),1321
Barrow,08,U.S. Senate,,Republican,Herschel Junior Walker,2700
Barrow,08,U.S. Senate,,Democrat,Raphael Warnock (I),870
Barrow,13,U.S. Senate,,Republican,Herschel Junior Walker,2622
Barrow,13,U.S. Senate,,Democrat,Raphael Warnock (I),1689
Barrow,16,U.S. Senate,,Republican,Herschel Junior Walker,2262
Barrow,16,U.S. Senate,,Democrat,Raphael Warnock (I),1377
Bartow,Adairsville,U.S. Senate,,Republican,Herschel Junior Walker,2677
Bartow,Adairsville,U.S. Senate,,Democrat,Raphael Warnock (I),724
Bartow,Allatoona,U.S. Senate,,Republican,Herschel Junior Walker,1319
Bartow,Allatoona,U.S. Senate,,Democrat,Raphael Warnock (I),509
Bartow,Cartersville East,U.S. Senate,,Republican,Herschel Junior Walker,1858
Bartow,Cartersville East,U.S. Senate,,Democrat,Raphael Warnock (I),997
Bartow,Cartersville West,U.S. Senate,,Republican,Herschel Junior Walker,3024
Bartow,Cartersville West,U.S. Senate,,Democrat,Raphael Warnock (I),1259
Bartow,Cassville,U.S. Senate,,Republican,Herschel Junior Walker,1358
Bartow,Cassville,U.S. Senate,,Democrat,Raphael Warnock (I),564
Bartow,Center,U.S. Senate,,Republican,Herschel Junior Walker,1754
Bartow,Center,U.S. Senate,,Democrat,Raphael Warnock (I),407
Bartow,Emerson,U.S. Senate,,Republican,Herschel Junior Walker,1173
Bartow,Emerson,U.S. Senate,,Democrat,Raphael Warnock (I),333
Bartow,Euharlee,U.S. Senate,,Republican,Herschel Junior Walker,2000
Bartow,Euharlee,U.S. Senate,,Democrat,Raphael Warnock (I),586
Bartow,Folsom,U.S. Senate,,Republican,Herschel Junior Walker,649
Bartow,Folsom,U.S. Senate,,Democrat,Raphael Warnock (I),91
Bartow,Kingston,U.S. Senate,,Republican,Herschel Junior Walker,1204
Bartow,Kingston,U.S. Senate,,Democrat,Raphael Warnock (I),221
Bartow,Mission Road,U.S. Senate,,Republican,Herschel Junior Walker,1461
Bartow,Mission Road,U.S. Senate,,Democrat,Raphael Warnock (I),506
Bartow,Pine Log,U.S. Senate,,Republican,Herschel Junior Walker,1085
Bartow,Pine Log,U.S. Senate,,Democrat,Raphael Warnock (I),121
Bartow,Taylorsville,U.S. Senate,,Republican,Herschel Junior Walker,1412
Bartow,Taylorsville,U.S. Senate,,Democrat,Raphael Warnock (I),127
Bartow,White,U.S. Senate,,Republican,Herschel Junior Walker,1267
Bartow,White,U.S. Senate,,Democrat,Raphael Warnock (I),221
Bartow,Zena Drive,U.S. Senate,,Republican,Herschel Junior Walker,1499
Bartow,Zena Drive,U.S. Senate,,Democrat,Raphael Warnock (I),879
Bartow,Hamilton Crossing,U.S. Senate,,Republican,Herschel Junior Walker,2384
Bartow,Hamilton Crossing,U.S. Senate,,Democrat,Raphael Warnock (I),799
Bartow,Woodland,U.S. Senate,,Republican,Herschel Junior Walker,626
Bartow,Woodland,U.S. Senate,,Democrat,Raphael Warnock (I),206
Ben Hill,East,U.S. Senate,,Republican,Herschel Junior Walker,3022
Ben Hill,East,U.S. Senate,,Democrat,Raphael Warnock (I),1718
Berrien,West Berrien,U.S. Senate,,Republican,Herschel Junior Walker,557
Berrien,West Berrien,U.S. Senate,,Democrat,Raphael Warnock (I),50
Berrien,Ray City,U.S. Senate,,Republican,Herschel Junior Walker,721
Berrien,Ray City,U.S. Senate,,Democrat,Raphael Warnock (I),143
Berrien,Nashville,U.S. Senate,,Republican,Herschel Junior Walker,2519
Berrien,Nashville,U.S. Senate,,Democrat,Raphael Warnock (I),435
Berrien,Enigma,U.S. Senate,,Republican,Herschel Junior Walker,439
Berrien,Enigma,U.S. Senate,,Democrat,Raphael Warnock (I),57
Berrien,Alapaha,U.S. Senate,,Republican,Herschel Junior Walker,470
Berrien,Alapaha,U.S. Senate,,Democrat,Raphael Warnock (I),158
Bibb,East Macon 1,U.S. Senate,,Republican,Herschel Junior Walker,16
Bibb,East Macon 1,U.S. Senate,,Democrat,Raphael Warnock (I),549
Bibb,East Macon 2,U.S. Senate,,Republican,Herschel Junior Walker,73
Bibb,East Macon 2,U.S. Senate,,Democrat,Raphael Warnock (I),1429
Bibb,East Macon 3,U.S. Senate,,Republican,Herschel Junior Walker,370
Bibb,East Macon 3,U.S. Senate,,Democrat,Raphael Warnock (I),1095
Bibb,East Macon 4,U.S. Senate,,Republican,Herschel Junior Walker,38
Bibb,East Macon 4,U.S. Senate,,Democrat,Raphael Warnock (I),933
Bibb,East Macon 5,U.S. Senate,,Republican,Herschel Junior Walker,247
Bibb,East Macon 5,U.S. Senate,,Democrat,Raphael Warnock (I),966
Bibb,Godfrey 1,U.S. Senate,,Republican,Herschel Junior Walker,146
Bibb,Godfrey 1,U.S. Senate,,Democrat,Raphael Warnock (I),1920
Bibb,Godfrey 2,U.S. Senate,,Republican,Herschel Junior Walker,48
Bibb,Godfrey 2,U.S. Senate,,Democrat,Raphael Warnock (I),515
Bibb,Godfrey 3,U.S. Senate,,Republican,Herschel Junior Walker,72
Bibb,Godfrey 3,U.S. Senate,,Democrat,Raphael Warnock (I),1007
Bibb,Godfrey 4,U.S. Senate,,Republican,Herschel Junior Walker,56
Bibb,Godfrey 4,U.S. Senate,,Democrat,Raphael Warnock (I),530
Bibb,Godfrey 5,U.S. Senate,,Republican,Herschel Junior Walker,168
Bibb,Godfrey 5,U.S. Senate,,Democrat,Raphael Warnock (I),1570
Bibb,Hazzard 1,U.S. Senate,,Republican,Herschel Junior Walker,102
Bibb,Hazzard 1,U.S. Senate,,Democrat,Raphael Warnock (I),1155
Bibb,Hazzard 2,U.S. Senate,,Republican,Herschel Junior Walker,805
Bibb,Hazzard 2,U.S. Senate,,Democrat,Raphael Warnock (I),1126
Bibb,Hazzard 3,U.S. Senate,,Republican,Herschel Junior Walker,734
Bibb,Hazzard 3,U.S. Senate,,Democrat,Raphael Warnock (I),2362
Bibb,Hazzard 4,U.S. Senate,,Republican,Herschel Junior Walker,1614
Bibb,Hazzard 4,U.S. Senate,,Democrat,Raphael Warnock (I),1289
Bibb,Howard 1,U.S. Senate,,Republican,Herschel Junior Walker,1314
Bibb,Howard 1,U.S. Senate,,Democrat,Raphael Warnock (I),728
Bibb,Howard 2,U.S. Senate,,Republican,Herschel Junior Walker,1334
Bibb,Howard 2,U.S. Senate,,Democrat,Raphael Warnock (I),730
Bibb,Howard 3,U.S. Senate,,Republican,Herschel Junior Walker,1627
Bibb,Howard 3,U.S. Senate,,Democrat,Raphael Warnock (I),1539
Bibb,Howard 4,U.S. Senate,,Republican,Herschel Junior Walker,366
Bibb,Howard 4,U.S. Senate,,Democrat,Raphael Warnock (I),443
Bibb,Howard 5,U.S. Senate,,Republican,Herschel Junior Walker,349
Bibb,Howard 5,U.S. Senate,,Democrat,Raphael Warnock (I),618
Bibb,Howard 6,U.S. Senate,,Republican,Herschel Junior Walker,607
Bibb,Howard 6,U.S. Senate,,Democrat,Raphael Warnock (I),536
Bibb,Howard 7,U.S. Senate,,Republican,Herschel Junior Walker,1026
Bibb,Howard 7,U.S. Senate,,Democrat,Raphael Warnock (I),740
Bibb,Rutland 1,U.S. Senate,,Republican,Herschel Junior Walker,1836
Bibb,Rutland 1,U.S. Senate,,Democrat,Raphael Warnock (I),1529
Bibb,Rutland 2,U.S. Senate,,Republican,Herschel Junior Walker,1114
Bibb,Rutland 2,U.S. Senate,,Democrat,Raphael Warnock (I),698
Bibb,Vineville 1,U.S. Senate,,Republican,Herschel Junior Walker,421
Bibb,Vineville 1,U.S. Senate,,Democrat,Raphael Warnock (I),1052
Bibb,Vineville 2,U.S. Senate,,Republican,Herschel Junior Walker,176
Bibb,Vineville 2,U.S. Senate,,Democrat,Raphael Warnock (I),632
Bibb,Vineville 3,U.S. Senate,,Republican,Herschel Junior Walker,85
Bibb,Vineville 3,U.S. Senate,,Democrat,Raphael Warnock (I),1069
Bibb,Vineville 4,U.S. Senate,,Republican,Herschel Junior Walker,155
Bibb,Vineville 4,U.S. Senate,,Democrat,Raphael Warnock (I),1441
Bibb,Vineville 5,U.S. Senate,,Republican,Herschel Junior Walker,630
Bibb,Vineville 5,U.S. Senate,,Democrat,Raphael Warnock (I),664
Bibb,Vineville 6,U.S. Senate,,Republican,Herschel Junior Walker,652
Bibb,Vineville 6,U.S. Senate,,Democrat,Raphael Warnock (I),851
Bibb,Warrior 1,U.S. Senate,,Republican,Herschel Junior Walker,999
Bibb,Warrior 1,U.S. Senate,,Democrat,Raphael Warnock (I),571
Bibb,Warrior 2,U.S. Senate,,Republican,Herschel Junior Walker,1162
Bibb,Warrior 2,U.S. Senate,,Democrat,Raphael Warnock (I),730
Bleckley,1,U.S. Senate,,Republican,Herschel Junior Walker,3456
Bleckley,1,U.S. Senate,,Democrat,Raphael Warnock (I),1011
Brantley,Hoboken,U.S. Senate,,Republican,Herschel Junior Walker,1637
Brantley,Hoboken,U.S. Senate,,Democrat,Raphael Warnock (I),99
Brantley,Nahunta,U.S. Senate,,Republican,Herschel Junior Walker,1812
Brantley,Nahunta,U.S. Senate,,Democrat,Raphael Warnock (I),182
Brantley,Waynesville,U.S. Senate,,Republican,Herschel Junior Walker,1590
Brantley,Waynesville,U.S. Senate,,Democrat,Raphael Warnock (I),186
Brooks,Quitman,U.S. Senate,,Republican,Herschel Junior Walker,670
Brooks,Quitman,U.S. Senate,,Democrat,Raphael Warnock (I),915
Brooks,Barwick,U.S. Senate,,Republican,Herschel Junior Walker,144
Brooks,Barwick,U.S. Senate,,Democrat,Raphael Warnock (I),54
Brooks,Dixie,U.S. Senate,,Republican,Herschel Junior Walker,274
Brooks,Dixie,U.S. Senate,,Democrat,Raphael Warnock (I),263
Brooks,Briggs,U.S. Senate,,Republican,Herschel Junior Walker,839
Brooks,Briggs,U.S. Senate,,Democrat,Raphael Warnock (I),199
Brooks,Pavo,U.S. Senate,,Republican,Herschel Junior Walker,237
Brooks,Pavo,U.S. Senate,,Democrat,Raphael Warnock (I),75
Brooks,Nankin,U.S. Senate,,Republican,Herschel Junior Walker,327
Brooks,Nankin,U.S. Senate,,Democrat,Raphael Warnock (I),56
Brooks,Morven,U.S. Senate,,Republican,Herschel Junior Walker,718
Brooks,Morven,U.S. Senate,,Democrat,Raphael Warnock (I),282
Bryan,Harn Community Center,U.S. Senate,,Republican,Herschel Junior Walker,784
Bryan,Harn Community Center,U.S. Senate,,Democrat,Raphael Warnock (I),404
Bryan,Danielsiding,U.S. Senate,,Republican,Herschel Junior Walker,821
Bryan,Danielsiding,U.S. Senate,,Democrat,Raphael Warnock (I),319
Bryan,Christ Baptist Church,U.S. Senate,,Republican,Herschel Junior Walker,1328
Bryan,Christ Baptist Church,U.S. Senate,,Democrat,Raphael Warnock (I),341
Bryan,Black Creek,U.S. Senate,,Republican,Herschel Junior Walker,527
Bryan,Black Creek,U.S. Senate,,Democrat,Raphael Warnock (I),181
Bryan,First Baptist Church,U.S. Senate,,Republican,Herschel Junior Walker,903
Bryan,First Baptist Church,U.S. Senate,,Democrat,Raphael Warnock (I),772
Bryan,RH Rec Complex,U.S. Senate,,Republican,Herschel Junior Walker,648
Bryan,RH Rec Complex,U.S. Senate,,Democrat,Raphael Warnock (I),633
Bryan,John Stevens Wetland Ctr,U.S. Senate,,Republican,Herschel Junior Walker,1307
Bryan,John Stevens Wetland Ctr,U.S. Senate,,Democrat,Raphael Warnock (I),473
Bryan,New Life,U.S. Senate,,Republican,Herschel Junior Walker,1637
Bryan,New Life,U.S. Senate,,Democrat,Raphael Warnock (I),743
Bryan,New Beginnings,U.S. Senate,,Republican,Herschel Junior Walker,1294
Bryan,New Beginnings,U.S. Senate,,Democrat,Raphael Warnock (I),493
Bryan,Bryan County Admin Bldg,U.S. Senate,,Republican,Herschel Junior Walker,995
Bryan,Bryan County Admin Bldg,U.S. Senate,,Democrat,Raphael Warnock (I),835
Bulloch,Lockhart,U.S. Senate,,Republican,Herschel Junior Walker,290
Bulloch,Lockhart,U.S. Senate,,Democrat,Raphael Warnock (I),112
Bulloch,Emit,U.S. Senate,,Republican,Herschel Junior Walker,1217
Bulloch,Emit,U.S. Senate,,Democrat,Raphael Warnock (I),568
Bulloch,Statesboro,U.S. Senate,,Republican,Herschel Junior Walker,1408
Bulloch,Statesboro,U.S. Senate,,Democrat,Raphael Warnock (I),1407
Bulloch,Portal,U.S. Senate,,Republican,Herschel Junior Walker,639
Bulloch,Portal,U.S. Senate,,Democrat,Raphael Warnock (I),236
Bulloch,Fair,U.S. Senate,,Republican,Herschel Junior Walker,1832
Bulloch,Fair,U.S. Senate,,Democrat,Raphael Warnock (I),1168
Bulloch,Church,U.S. Senate,,Republican,Herschel Junior Walker,1252
Bulloch,Church,U.S. Senate,,Democrat,Raphael Warnock (I),1451
Bulloch,Pittman Park,U.S. Senate,,Republican,Herschel Junior Walker,514
Bulloch,Pittman Park,U.S. Senate,,Democrat,Raphael Warnock (I),861
Bulloch,Leefield,U.S. Senate,,Republican,Herschel Junior Walker,462
Bulloch,Leefield,U.S. Senate,,Democrat,Raphael Warnock (I),87
Bulloch,Blitch,U.S. Senate,,Republican,Herschel Junior Walker,906
Bulloch,Blitch,U.S. Senate,,Democrat,Raphael Warnock (I),361
Bulloch,Hagin,U.S. Senate,,Republican,Herschel Junior Walker,836
Bulloch,Hagin,U.S. Senate,,Democrat,Raphael Warnock (I),448
Bulloch,Brooklet,U.S. Senate,,Republican,Herschel Junior Walker,1447
Bulloch,Brooklet,U.S. Senate,,Democrat,Raphael Warnock (I),426
Bulloch,Stilson,U.S. Senate,,Republican,Herschel Junior Walker,924
Bulloch,Stilson,U.S. Senate,,Democrat,Raphael Warnock (I),170
Bulloch,Bay,U.S. Senate,,Republican,Herschel Junior Walker,763
Bulloch,Bay,U.S. Senate,,Democrat,Raphael Warnock (I),136
Bulloch,Nevils,U.S. Senate,,Republican,Herschel Junior Walker,586
Bulloch,Nevils,U.S. Senate,,Democrat,Raphael Warnock (I),127
Bulloch,Sinkhole,U.S. Senate,,Republican,Herschel Junior Walker,218
Bulloch,Sinkhole,U.S. Senate,,Democrat,Raphael Warnock (I),45
Bulloch,Register,U.S. Senate,,Republican,Herschel Junior Walker,267
Bulloch,Register,U.S. Senate,,Democrat,Raphael Warnock (I),164
Burke,Alexander,U.S. Senate,,Republican,Herschel Junior Walker,111
Burke,Alexander,U.S. Senate,,Democrat,Raphael Warnock (I),85
Burke,Four Points,U.S. Senate,,Republican,Herschel Junior Walker,807
Burke,Four Points,U.S. Senate,,Democrat,Raphael Warnock (I),400
Burke,Girard,U.S. Senate,,Republican,Herschel Junior Walker,200
Burke,Girard,U.S. Senate,,Democrat,Raphael Warnock (I),182
Burke,Gough,U.S. Senate,,Republican,Herschel Junior Walker,91
Burke,Gough,U.S. Senate,,Democrat,Raphael Warnock (I),145
Burke,Greenscut,U.S. Senate,,Republican,Herschel Junior Walker,314
Burke,Greenscut,U.S. Senate,,Democrat,Raphael Warnock (I),212
Burke,Keysville,U.S. Senate,,Republican,Herschel Junior Walker,94
Burke,Keysville,U.S. Senate,,Democrat,Raphael Warnock (I),97
Burke,Midville,U.S. Senate,,Republican,Herschel Junior Walker,102
Burke,Midville,U.S. Senate,,Democrat,Raphael Warnock (I),149
Burke,Munnerlyn,U.S. Senate,,Republican,Herschel Junior Walker,87
Burke,Munnerlyn,U.S. Senate,,Democrat,Raphael Warnock (I),42
Burke,Sardis,U.S. Senate,,Republican,Herschel Junior Walker,287
Burke,Sardis,U.S. Senate,,Democrat,Raphael Warnock (I),190
Burke,Scotts Crossroads,U.S. Senate,,Republican,Herschel Junior Walker,52
Burke,Scotts Crossroads,U.S. Senate,,Democrat,Raphael Warnock (I),76
Burke,Telfair,U.S. Senate,,Republican,Herschel Junior Walker,262
Burke,Telfair,U.S. Senate,,Democrat,Raphael Warnock (I),231
Burke,St Clair,U.S. Senate,,Republican,Herschel Junior Walker,162
Burke,St Clair,U.S. Senate,,Democrat,Raphael Warnock (I),104
Burke,Vidette,U.S. Senate,,Republican,Herschel Junior Walker,91
Burke,Vidette,U.S. Senate,,Democrat,Raphael Warnock (I),78
Burke,North Waynesboro,U.S. Senate,,Republican,Herschel Junior Walker,362
Burke,North Waynesboro,U.S. Senate,,Democrat,Raphael Warnock (I),898
Burke,South Waynesboro,U.S. Senate,,Republican,Herschel Junior Walker,992
Burke,South Waynesboro,U.S. Senate,,Democrat,Raphael Warnock (I),730
Burke,Blakeney,U.S. Senate,,Republican,Herschel Junior Walker,134
Burke,Blakeney,U.S. Senate,,Democrat,Raphael Warnock (I),159
Butts,Butts County Recreation Center,U.S. Senate,,Republican,Herschel Junior Walker,1324
Butts,Butts County Recreation Center,U.S. Senate,,Democrat,Raphael Warnock (I),1049
Butts,Jenkinsburg City Hall,U.S. Senate,,Republican,Herschel Junior Walker,1217
Butts,Jenkinsburg City Hall,U.S. Senate,,Democrat,Raphael Warnock (I),448
Butts,Rock Creek Missionary,U.S. Senate,,Republican,Herschel Junior Walker,544
Butts,Rock Creek Missionary,U.S. Senate,,Democrat,Raphael Warnock (I),402
Butts,Stark United Methodist Church,U.S. Senate,,Republican,Herschel Junior Walker,1649
Butts,Stark United Methodist Church,U.S. Senate,,Democrat,Raphael Warnock (I),173
Butts,Towaliga Baptist Church,U.S. Senate,,Republican,Herschel Junior Walker,1488
Butts,Towaliga Baptist Church,U.S. Senate,,Democrat,Raphael Warnock (I),425
Calhoun,Leary,U.S. Senate,,Republican,Herschel Junior Walker,191
Calhoun,Leary,U.S. Senate,,Democrat,Raphael Warnock (I),228
Calhoun,Morgan,U.S. Senate,,Republican,Herschel Junior Walker,231
Calhoun,Morgan,U.S. Senate,,Democrat,Raphael Warnock (I),100
Calhoun,Edison,U.S. Senate,,Republican,Herschel Junior Walker,44
Calhoun,Edison,U.S. Senate,,Democrat,Raphael Warnock (I),189
Calhoun,Edison-Arlington,U.S. Senate,,Republican,Herschel Junior Walker,132
Calhoun,Edison-Arlington,U.S. Senate,,Democrat,Raphael Warnock (I),194
Calhoun,Arlington,U.S. Senate,,Republican,Herschel Junior Walker,66
Calhoun,Arlington,U.S. Senate,,Democrat,Raphael Warnock (I),214
Camden,Tarboro,U.S. Senate,,Republican,Herschel Junior Walker,399
Camden,Tarboro,U.S. Senate,,Democrat,Raphael Warnock (I),135
Camden,Waverly,U.S. Senate,,Republican,Herschel Junior Walker,747
Camden,Waverly,U.S. Senate,,Democrat,Raphael Warnock (I),286
Camden,Woodbine,U.S. Senate,,Republican,Herschel Junior Walker,630
Camden,Woodbine,U.S. Senate,,Democrat,Raphael Warnock (I),373
Camden,Browntown,U.S. Senate,,Republican,Herschel Junior Walker,266
Camden,Browntown,U.S. Senate,,Democrat,Raphael Warnock (I),53
Camden,Harriets Bluff,U.S. Senate,,Republican,Herschel Junior Walker,800
Camden,Harriets Bluff,U.S. Senate,,Democrat,Raphael Warnock (I),232
Camden,West Kingsland,U.S. Senate,,Republican,Herschel Junior Walker,850
Camden,West Kingsland,U.S. Senate,,Democrat,Raphael Warnock (I),320
Camden,North Kingsland,U.S. Senate,,Republican,Herschel Junior Walker,466
Camden,North Kingsland,U.S. Senate,,Democrat,Raphael Warnock (I),534
Camden,Kingsland,U.S. Senate,,Republican,Herschel Junior Walker,482
Camden,Kingsland,U.S. Senate,,Democrat,Raphael Warnock (I),329
Camden,East Kingsland,U.S. Senate,,Republican,Herschel Junior Walker,2003
Camden,East Kingsland,U.S. Senate,,Democrat,Raphael Warnock (I),1172
Camden,North St. Marys,U.S. Senate,,Republican,Herschel Junior Walker,309
Camden,North St. Marys,U.S. Senate,,Democrat,Raphael Warnock (I),224
Camden,St. Marys,U.S. Senate,,Republican,Herschel Junior Walker,716
Camden,St. Marys,U.S. Senate,,Democrat,Raphael Warnock (I),537
Camden,South St. Marys,U.S. Senate,,Republican,Herschel Junior Walker,774
Camden,South St. Marys,U.S. Senate,,Democrat,Raphael Warnock (I),417
Camden,Mush Bluff,U.S. Senate,,Republican,Herschel Junior Walker,850
Camden,Mush Bluff,U.S. Senate,,Democrat,Raphael Warnock (I),441
Camden,West St. Marys,U.S. Senate,,Republican,Herschel Junior Walker,1531
Camden,West St. Marys,U.S. Senate,,Democrat,Raphael Warnock (I),552
Candler,JSCC,U.S. Senate,,Republican,Herschel Junior Walker,2341
Candler,JSCC,U.S. Senate,,Democrat,Raphael Warnock (I),940
Carroll,Kansas,U.S. Senate,,Republican,Herschel Junior Walker,626
Carroll,Kansas,U.S. Senate,,Democrat,Raphael Warnock (I),49
Carroll,Bowdon,U.S. Senate,,Republican,Herschel Junior Walker,1159
Carroll,Bowdon,U.S. Senate,,Democrat,Raphael Warnock (I),333
Carroll,Sandhill,U.S. Senate,,Republican,Herschel Junior Walker,1479
Carroll,Sandhill,U.S. Senate,,Democrat,Raphael Warnock (I),580
Carroll,Center Point,U.S. Senate,,Republican,Herschel Junior Walker,986
Carroll,Center Point,U.S. Senate,,Democrat,Raphael Warnock (I),151
Carroll,Mt Zion,U.S. Senate,,Republican,Herschel Junior Walker,1066
Carroll,Mt Zion,U.S. Senate,,Democrat,Raphael Warnock (I),225
Carroll,Burwell,U.S. Senate,,Republican,Herschel Junior Walker,674
Carroll,Burwell,U.S. Senate,,Democrat,Raphael Warnock (I),134
Carroll,Clem,U.S. Senate,,Republican,Herschel Junior Walker,1577
Carroll,Clem,U.S. Senate,,Democrat,Raphael Warnock (I),475
Carroll,Bowdon Junction,U.S. Senate,,Republican,Herschel Junior Walker,616
Carroll,Bowdon Junction,U.S. Senate,,Democrat,Raphael Warnock (I),156
Carroll,Tyus,U.S. Senate,,Republican,Herschel Junior Walker,947
Carroll,Tyus,U.S. Senate,,Democrat,Raphael Warnock (I),138
Carroll,Fairfield,U.S. Senate,,Republican,Herschel Junior Walker,1621
Carroll,Fairfield,U.S. Senate,,Democrat,Raphael Warnock (I),654
Carroll,Hulett,U.S. Senate,,Republican,Herschel Junior Walker,1115
Carroll,Hulett,U.S. Senate,,Democrat,Raphael Warnock (I),262
Carroll,Bethany,U.S. Senate,,Republican,Herschel Junior Walker,1069
Carroll,Bethany,U.S. Senate,,Democrat,Raphael Warnock (I),722
Carroll,V R County South,U.S. Senate,,Republican,Herschel Junior Walker,1067
Carroll,V R County South,U.S. Senate,,Democrat,Raphael Warnock (I),291
Carroll,V R County North,U.S. Senate,,Republican,Herschel Junior Walker,1518
Carroll,V R County North,U.S. Senate,,Democrat,Raphael Warnock (I),812
Carroll,Villa Rica City,U.S. Senate,,Republican,Herschel Junior Walker,1213
Carroll,Villa Rica City,U.S. Senate,,Democrat,Raphael Warnock (I),1549
Carroll,Temple County,U.S. Senate,,Republican,Herschel Junior Walker,1426
Carroll,Temple County,U.S. Senate,,Democrat,Raphael Warnock (I),367
Carroll,Temple City,U.S. Senate,,Republican,Herschel Junior Walker,997
Carroll,Temple City,U.S. Senate,,Democrat,Raphael Warnock (I),666
Carroll,Whitesburg,U.S. Senate,,Republican,Herschel Junior Walker,949
Carroll,Whitesburg,U.S. Senate,,Democrat,Raphael Warnock (I),186
Carroll,Roopville,U.S. Senate,,Republican,Herschel Junior Walker,1506
Carroll,Roopville,U.S. Senate,,Democrat,Raphael Warnock (I),259
Carroll,West Carrollton,U.S. Senate,,Republican,Herschel Junior Walker,543
Carroll,West Carrollton,U.S. Senate,,Democrat,Raphael Warnock (I),937
Carroll,Lakeshore Rec Center,U.S. Senate,,Republican,Herschel Junior Walker,437
Carroll,Lakeshore Rec Center,U.S. Senate,,Democrat,Raphael Warnock (I),363
Carroll,Bonner,U.S. Senate,,Republican,Herschel Junior Walker,1091
Carroll,Bonner,U.S. Senate,,Democrat,Raphael Warnock (I),731
Carroll,University of W GA,U.S. Senate,,Republican,Herschel Junior Walker,497
Carroll,University of W GA,U.S. Senate,,Democrat,Raphael Warnock (I),300
Carroll,County Admin Bldg,U.S. Senate,,Republican,Herschel Junior Walker,691
Carroll,County Admin Bldg,U.S. Senate,,Democrat,Raphael Warnock (I),571
Carroll,Tabernacle Church,U.S. Senate,,Republican,Herschel Junior Walker,557
Carroll,Tabernacle Church,U.S. Senate,,Democrat,Raphael Warnock (I),297
Carroll,Burson Center,U.S. Senate,,Republican,Herschel Junior Walker,467
Carroll,Burson Center,U.S. Senate,,Democrat,Raphael Warnock (I),277
Carroll,Old Camp Church,U.S. Senate,,Republican,Herschel Junior Walker,949
Carroll,Old Camp Church,U.S. Senate,,Democrat,Raphael Warnock (I),316
Carroll,Oak Grove,U.S. Senate,,Republican,Herschel Junior Walker,718
Carroll,Oak Grove,U.S. Senate,,Democrat,Raphael Warnock (I),190
Catoosa,Blackstock,U.S. Senate,,Republican,Herschel Junior Walker,776
Catoosa,Blackstock,U.S. Senate,,Democrat,Raphael Warnock (I),127
Catoosa,Boynton,U.S. Senate,,Republican,Herschel Junior Walker,2351
Catoosa,Boynton,U.S. Senate,,Democrat,Raphael Warnock (I),706
Catoosa,Catoosa Keith,U.S. Senate,,Republican,Herschel Junior Walker,1076
Catoosa,Catoosa Keith,U.S. Senate,,Democrat,Raphael Warnock (I),242
Catoosa,Chambers,U.S. Senate,,Republican,Herschel Junior Walker,1291
Catoosa,Chambers,U.S. Senate,,Democrat,Raphael Warnock (I),263
Catoosa,Ft Oglethorpe,U.S. Senate,,Republican,Herschel Junior Walker,1257
Catoosa,Ft Oglethorpe,U.S. Senate,,Democrat,Raphael Warnock (I),453
Catoosa,Graysville,U.S. Senate,,Republican,Herschel Junior Walker,1620
Catoosa,Graysville,U.S. Senate,,Democrat,Raphael Warnock (I),501
Catoosa,Lakeview,U.S. Senate,,Republican,Herschel Junior Walker,968
Catoosa,Lakeview,U.S. Senate,,Democrat,Raphael Warnock (I),297
Catoosa,Poplar Springs,U.S. Senate,,Republican,Herschel Junior Walker,1645
Catoosa,Poplar Springs,U.S. Senate,,Democrat,Raphael Warnock (I),398
Catoosa,Ringgold,U.S. Senate,,Republican,Herschel Junior Walker,2698
Catoosa,Ringgold,U.S. Senate,,Democrat,Raphael Warnock (I),944
Catoosa,Westside,U.S. Senate,,Republican,Herschel Junior Walker,1910
Catoosa,Westside,U.S. Senate,,Democrat,Raphael Warnock (I),601
Catoosa,Woodstation,U.S. Senate,,Republican,Herschel Junior Walker,1299
Catoosa,Woodstation,U.S. Senate,,Democrat,Raphael Warnock (I),282
Charlton,Folkston,U.S. Senate,,Republican,Herschel Junior Walker,1282
Charlton,Folkston,U.S. Senate,,Democrat,Raphael Warnock (I),651
Charlton,GA Bend,U.S. Senate,,Republican,Herschel Junior Walker,206
Charlton,GA Bend,U.S. Senate,,Democrat,Raphael Warnock (I),14
Charlton,St. George,U.S. Senate,,Republican,Herschel Junior Walker,271
Charlton,St. George,U.S. Senate,,Democrat,Raphael Warnock (I),10
Charlton,Homeland,U.S. Senate,,Republican,Herschel Junior Walker,327
Charlton,Homeland,U.S. Senate,,Democrat,Raphael Warnock (I),32
Charlton,Racepond,U.S. Senate,,Republican,Herschel Junior Walker,156
Charlton,Racepond,U.S. Senate,,Democrat,Raphael Warnock (I),11
Charlton,Winokur,U.S. Senate,,Republican,Herschel Junior Walker,135
Charlton,Winokur,U.S. Senate,,Democrat,Raphael Warnock (I),12
Chatham,1-01C First Presbyterian Church,U.S. Senate,,Republican,Herschel Junior Walker,674
Chatham,1-01C First Presbyterian Church,U.S. Senate,,Democrat,Raphael Warnock (I),1421
Chatham,1-05C JEA Building,U.S. Senate,,Republican,Herschel Junior Walker,421
Chatham,1-05C JEA Building,U.S. Senate,,Democrat,Raphael Warnock (I),867
Chatham,1-06C Central Church of Christ,U.S. Senate,,Republican,Herschel Junior Walker,590
Chatham,1-06C Central Church of Christ,U.S. Senate,,Democrat,Raphael Warnock (I),628
Chatham,1-08C Grace United Methodist Church,U.S. Senate,,Republican,Herschel Junior Walker,458
Chatham,1-08C Grace United Methodist Church,U.S. Senate,,Democrat,Raphael Warnock (I),459
Chatham,1-09C Immanuel Baptist Church,U.S. Senate,,Republican,Herschel Junior Walker,213
Chatham,1-09C Immanuel Baptist Church,U.S. Senate,,Democrat,Raphael Warnock (I),488
Chatham,1-10C St Thomas Episcopal Church,U.S. Senate,,Republican,Herschel Junior Walker,508
Chatham,1-10C St Thomas Episcopal Church,U.S. Senate,,Democrat,Raphael Warnock (I),221
Chatham,1-12C Isle of Hope Baptist,U.S. Senate,,Republican,Herschel Junior Walker,841
Chatham,1-12C Isle of Hope Baptist,U.S. Senate,,Democrat,Raphael Warnock (I),459
Chatham,1-13C The Sanctuary,U.S. Senate,,Republican,Herschel Junior Walker,411
Chatham,1-13C The Sanctuary,U.S. Senate,,Democrat,Raphael Warnock (I),334
Chatham,1-14C St. Luke United Methodist Church,U.S. Senate,,Republican,Herschel Junior Walker,620
Chatham,1-14C St. Luke United Methodist Church,U.S. Senate,,Democrat,Raphael Warnock (I),404
Chatham,1-16C Ferguson Ave Baptist,U.S. Senate,,Republican,Herschel Junior Walker,1184
Chatham,1-16C Ferguson Ave Baptist,U.S. Senate,,Democrat,Raphael Warnock (I),474
Chatham,1-17C Islands Christian Church,U.S. Senate,,Republican,Herschel Junior Walker,1272
Chatham,1-17C Islands Christian Church,U.S. Senate,,Democrat,Raphael Warnock (I),610
Chatham,2-02C River Pointe,U.S. Senate,,Republican,Herschel Junior Walker,100
Chatham,2-02C River Pointe,U.S. Senate,,Democrat,Raphael Warnock (I),510
Chatham,2-03C W W Law Center,U.S. Senate,,Republican,Herschel Junior Walker,73
Chatham,2-03C W W Law Center,U.S. Senate,,Democrat,Raphael Warnock (I),516
Chatham,2-04C Fellowship of Love Church,U.S. Senate,,Republican,Herschel Junior Walker,51
Chatham,2-04C Fellowship of Love Church,U.S. Senate,,Democrat,Raphael Warnock (I),953
Chatham,2-05C Holy Spirit Lutheran Church,U.S. Senate,,Republican,Herschel Junior Walker,87
Chatham,2-05C Holy Spirit Lutheran Church,U.S. Senate,,Democrat,Raphael Warnock (I),1239
Chatham,2-06C Eli Whitney Complex,U.S. Senate,,Republican,Herschel Junior Walker,264
Chatham,2-06C Eli Whitney Complex,U.S. Senate,,Democrat,Raphael Warnock (I),414
Chatham,2-07C Christ Community Church,U.S. Senate,,Republican,Herschel Junior Walker,152
Chatham,2-07C Christ Community Church,U.S. Senate,,Democrat,Raphael Warnock (I),1001
Chatham,2-09C Salvation Army,U.S. Senate,,Republican,Herschel Junior Walker,164
Chatham,2-09C Salvation Army,U.S. Senate,,Democrat,Raphael Warnock (I),1345
Chatham,2-11C Oasis of Hope,U.S. Senate,,Republican,Herschel Junior Walker,79
Chatham,2-11C Oasis of Hope,U.S. Senate,,Democrat,Raphael Warnock (I),576
Chatham,2-12C Williams Court Apts,U.S. Senate,,Republican,Herschel Junior Walker,70
Chatham,2-12C Williams Court Apts,U.S. Senate,,Democrat,Raphael Warnock (I),643
Chatham,3-02C Temple Mickve Israel,U.S. Senate,,Republican,Herschel Junior Walker,293
Chatham,3-02C Temple Mickve Israel,U.S. Senate,,Democrat,Raphael Warnock (I),609
Chatham,3-03C Savannah High School,U.S. Senate,,Republican,Herschel Junior Walker,39
Chatham,3-03C Savannah High School,U.S. Senate,,Democrat,Raphael Warnock (I),370
Chatham,3-04C First African Baptist Church,U.S. Senate,,Republican,Herschel Junior Walker,24
Chatham,3-04C First African Baptist Church,U.S. Senate,,Democrat,Raphael Warnock (I),611
Chatham,3-05C New Generations Cathedral,U.S. Senate,,Republican,Herschel Junior Walker,172
Chatham,3-05C New Generations Cathedral,U.S. Senate,,Democrat,Raphael Warnock (I),662
Chatham,3-08C Jenkins High School,U.S. Senate,,Republican,Herschel Junior Walker,137
Chatham,3-08C Jenkins High School,U.S. Senate,,Democrat,Raphael Warnock (I),442
Chatham,3-09C The Connexion Church,U.S. Senate,,Republican,Herschel Junior Walker,233
Chatham,3-09C The Connexion Church,U.S. Senate,,Democrat,Raphael Warnock (I),193
Chatham,3-10C Bible Baptist Church,U.S. Senate,,Republican,Herschel Junior Walker,141
Chatham,3-10C Bible Baptist Church,U.S. Senate,,Democrat,Raphael Warnock (I),1046
Chatham,3-11C Southside Baptist Church,U.S. Senate,,Republican,Herschel Junior Walker,110
Chatham,3-11C Southside Baptist Church,U.S. Senate,,Democrat,Raphael Warnock (I),538
Chatham,3-12C Thunderbolt Muni Complex,U.S. Senate,,Republican,Herschel Junior Walker,342
Chatham,3-12C Thunderbolt Muni Complex,U.S. Senate,,Democrat,Raphael Warnock (I),470
Chatham,3-13C New Cov 7 Day Adv Ch,U.S. Senate,,Republican,Herschel Junior Walker,370
Chatham,3-13C New Cov 7 Day Adv Ch,U.S. Senate,,Democrat,Raphael Warnock (I),602
Chatham,3-14C Oglethorpe Charter Academy,U.S. Senate,,Republican,Herschel Junior Walker,236
Chatham,3-14C Oglethorpe Charter Academy,U.S. Senate,,Democrat,Raphael Warnock (I),916
Chatham,4-02C Islands High School Annex,U.S. Senate,,Republican,Herschel Junior Walker,718
Chatham,4-02C Islands High School Annex,U.S. Senate,,Democrat,Raphael Warnock (I),465
Chatham,4-04C Lighthouse Baptist Church,U.S. Senate,,Republican,Herschel Junior Walker,907
Chatham,4-04C Lighthouse Baptist Church,U.S. Senate,,Democrat,Raphael Warnock (I),495
Chatham,4-05C St Francis Episcopal Church,U.S. Senate,,Republican,Herschel Junior Walker,822
Chatham,4-05C St Francis Episcopal Church,U.S. Senate,,Democrat,Raphael Warnock (I),499
Chatham,4-06C First Baptist of the Island,U.S. Senate,,Republican,Herschel Junior Walker,929
Chatham,4-06C First Baptist of the Island,U.S. Senate,,Democrat,Raphael Warnock (I),420
Chatham,4-07C Wilmington Island UMC,U.S. Senate,,Republican,Herschel Junior Walker,1083
Chatham,4-07C Wilmington Island UMC,U.S. Senate,,Democrat,Raphael Warnock (I),680
Chatham,4-08C Wilmington Island Pres Church,U.S. Senate,,Republican,Herschel Junior Walker,1155
Chatham,4-08C Wilmington Island Pres Church,U.S. Senate,,Democrat,Raphael Warnock (I),568
Chatham,4-10C Burke Day Public Safety BLDG,U.S. Senate,,Republican,Herschel Junior Walker,514
Chatham,4-10C Burke Day Public Safety BLDG,U.S. Senate,,Democrat,Raphael Warnock (I),392
Chatham,4-11C Island Old School Cafe,U.S. Senate,,Republican,Herschel Junior Walker,583
Chatham,4-11C Island Old School Cafe,U.S. Senate,,Democrat,Raphael Warnock (I),442
Chatham,4-12C St Peters Episcopal,U.S. Senate,,Republican,Herschel Junior Walker,1093
Chatham,4-12C St Peters Episcopal,U.S. Senate,,Democrat,Raphael Warnock (I),538
Chatham,4-13C Skidaway Community Church,U.S. Senate,,Republican,Herschel Junior Walker,1157
Chatham,4-13C Skidaway Community Church,U.S. Senate,,Democrat,Raphael Warnock (I),717
Chatham,4-14C Skidaway Island Methodist Church,U.S. Senate,,Republican,Herschel Junior Walker,1640
Chatham,4-14C Skidaway Island Methodist Church,U.S. Senate,,Democrat,Raphael Warnock (I),1073
Chatham,5-02C Senior Citizens Center,U.S. Senate,,Republican,Herschel Junior Walker,32
Chatham,5-02C Senior Citizens Center,U.S. Senate,,Democrat,Raphael Warnock (I),239
Chatham,5-03C Butler Presbyterian Church,U.S. Senate,,Republican,Herschel Junior Walker,10
Chatham,5-03C Butler Presbyterian Church,U.S. Senate,,Democrat,Raphael Warnock (I),392
Chatham,5-05C Liberty City Comm Ctr,U.S. Senate,,Republican,Herschel Junior Walker,28
Chatham,5-05C Liberty City Comm Ctr,U.S. Senate,,Democrat,Raphael Warnock (I),1265
Chatham,5-06C Seed Church,U.S. Senate,,Republican,Herschel Junior Walker,96
Chatham,5-06C Seed Church,U.S. Senate,,Democrat,Raphael Warnock (I),715
Chatham,5-07C Elks Lodge,U.S. Senate,,Republican,Herschel Junior Walker,135
Chatham,5-07C Elks Lodge,U.S. Senate,,Democrat,Raphael Warnock (I),489
Chatham,5-08C Savannah Primitive BC,U.S. Senate,,Republican,Herschel Junior Walker,191
Chatham,5-08C Savannah Primitive BC,U.S. Senate,,Democrat,Raphael Warnock (I),572
Chatham,5-10C Jonesville Baptist Church,U.S. Senate,,Republican,Herschel Junior Walker,49
Chatham,5-10C Jonesville Baptist Church,U.S. Senate,,Democrat,Raphael Warnock (I),1323
Chatham,5-11C Largo-Tibet Elementary,U.S. Senate,,Republican,Herschel Junior Walker,205
Chatham,5-11C Largo-Tibet Elementary,U.S. Senate,,Democrat,Raphael Warnock (I),904
Chatham,6-01C White Bluff Presbyterian,U.S. Senate,,Republican,Herschel Junior Walker,273
Chatham,6-01C White Bluff Presbyterian,U.S. Senate,,Democrat,Raphael Warnock (I),541
Chatham,6-02C Windsor Forest Baptist,U.S. Senate,,Republican,Herschel Junior Walker,779
Chatham,6-02C Windsor Forest Baptist,U.S. Senate,,Democrat,Raphael Warnock (I),622
Chatham,6-03C Crusader Comm Center,U.S. Senate,,Republican,Herschel Junior Walker,529
Chatham,6-03C Crusader Comm Center,U.S. Senate,,Democrat,Raphael Warnock (I),909
Chatham,6-05C Windsor Hall,U.S. Senate,,Republican,Herschel Junior Walker,261
Chatham,6-05C Windsor Hall,U.S. Senate,,Democrat,Raphael Warnock (I),622
Chatham,6-06C The Light Church,U.S. Senate,,Republican,Herschel Junior Walker,285
Chatham,6-06C The Light Church,U.S. Senate,,Democrat,Raphael Warnock (I),356
Chatham,6-08C Christ Memorial Baptist Church,U.S. Senate,,Republican,Herschel Junior Walker,193
Chatham,6-08C Christ Memorial Baptist Church,U.S. Senate,,Democrat,Raphael Warnock (I),654
Chatham,6-09C Trinity Lutheran Church,U.S. Senate,,Republican,Herschel Junior Walker,631
Chatham,6-09C Trinity Lutheran Church,U.S. Senate,,Democrat,Raphael Warnock (I),945
Chatham,6-10C Georgetown Elementary,U.S. Senate,,Republican,Herschel Junior Walker,959
Chatham,6-10C Georgetown Elementary,U.S. Senate,,Democrat,Raphael Warnock (I),1199
Chatham,6-11C Coastal GA Botanical Gardens,U.S. Senate,,Republican,Herschel Junior Walker,559
Chatham,6-11C Coastal GA Botanical Gardens,U.S. Senate,,Democrat,Raphael Warnock (I),1427
Chatham,7-01C First Baptist Church of Garden City,U.S. Senate,,Republican,Herschel Junior Walker,351
Chatham,7-01C First Baptist Church of Garden City,U.S. Senate,,Democrat,Raphael Warnock (I),335
Chatham,7-03C PB Edwards Gym,U.S. Senate,,Republican,Herschel Junior Walker,333
Chatham,7-03C PB Edwards Gym,U.S. Senate,,Democrat,Raphael Warnock (I),153
Chatham,7-04C Lake Shore Comm Ctr,U.S. Senate,,Republican,Herschel Junior Walker,216
Chatham,7-04C Lake Shore Comm Ctr,U.S. Senate,,Democrat,Raphael Warnock (I),1030
Chatham,7-05C Woodlawn Baptist Church,U.S. Senate,,Republican,Herschel Junior Walker,198
Chatham,7-05C Woodlawn Baptist Church,U.S. Senate,,Democrat,Raphael Warnock (I),280
Chatham,7-06C 1st Baptist Church of Pooler,U.S. Senate,,Republican,Herschel Junior Walker,606
Chatham,7-06C 1st Baptist Church of Pooler,U.S. Senate,,Democrat,Raphael Warnock (I),738
Chatham,7-07C Rothwell Baptist Church,U.S. Senate,,Republican,Herschel Junior Walker,1048
Chatham,7-07C Rothwell Baptist Church,U.S. Senate,,Democrat,Raphael Warnock (I),680
Chatham,7-08C Bloomingdale Comm Ctr,U.S. Senate,,Republican,Herschel Junior Walker,966
Chatham,7-08C Bloomingdale Comm Ctr,U.S. Senate,,Democrat,Raphael Warnock (I),334
Chatham,"7-09C Compassion Christian, Henderson",U.S. Senate,,Republican,Herschel Junior Walker,443
Chatham,"7-09C Compassion Christian, Henderson",U.S. Senate,,Democrat,Raphael Warnock (I),711
Chatham,7-10C Progressive Rec Center,U.S. Senate,,Republican,Herschel Junior Walker,478
Chatham,7-10C Progressive Rec Center,U.S. Senate,,Democrat,Raphael Warnock (I),1185
Chatham,7-11C Savannah Fire Station 14,U.S. Senate,,Republican,Herschel Junior Walker,312
Chatham,7-11C Savannah Fire Station 14,U.S. Senate,,Democrat,Raphael Warnock (I),785
Chatham,7-12C West Chatham Baptist Church,U.S. Senate,,Republican,Herschel Junior Walker,562
Chatham,7-12C West Chatham Baptist Church,U.S. Senate,,Democrat,Raphael Warnock (I),1072
Chatham,7-13C Southside Fire Trng Ctr,U.S. Senate,,Republican,Herschel Junior Walker,919
Chatham,7-13C Southside Fire Trng Ctr,U.S. Senate,,Democrat,Raphael Warnock (I),695
Chatham,7-14C Coastal Cathedral,U.S. Senate,,Republican,Herschel Junior Walker,1053
Chatham,7-14C Coastal Cathedral,U.S. Senate,,Democrat,Raphael Warnock (I),2537
Chatham,7-15C Rice Creek School,U.S. Senate,,Republican,Herschel Junior Walker,313
Chatham,7-15C Rice Creek School,U.S. Senate,,Democrat,Raphael Warnock (I),819
Chatham,7-16C Pooler Recreation Center Gymnasium,U.S. Senate,,Republican,Herschel Junior Walker,971
Chatham,7-16C Pooler Recreation Center Gymnasium,U.S. Senate,,Democrat,Raphael Warnock (I),1092
Chatham,8-01C R.M.G. Civil Rights Museum,U.S. Senate,,Republican,Herschel Junior Walker,135
Chatham,8-01C R.M.G. Civil Rights Museum,U.S. Senate,,Democrat,Raphael Warnock (I),347
Chatham,8-02C Hellenic Center,U.S. Senate,,Republican,Herschel Junior Walker,84
Chatham,8-02C Hellenic Center,U.S. Senate,,Democrat,Raphael Warnock (I),652
Chatham,8-03C Silk Hope Baptist Church,U.S. Senate,,Republican,Herschel Junior Walker,206
Chatham,8-03C Silk Hope Baptist Church,U.S. Senate,,Democrat,Raphael Warnock (I),127
Chatham,8-05C W Broad St YMCA,U.S. Senate,,Republican,Herschel Junior Walker,19
Chatham,8-05C W Broad St YMCA,U.S. Senate,,Democrat,Raphael Warnock (I),422
Chatham,8-06C Tompkins Rec Center,U.S. Senate,,Republican,Herschel Junior Walker,7
Chatham,8-06C Tompkins Rec Center,U.S. Senate,,Democrat,Raphael Warnock (I),357
Chatham,8-07C Woodville-Tompkins TI,U.S. Senate,,Republican,Herschel Junior Walker,17
Chatham,8-07C Woodville-Tompkins TI,U.S. Senate,,Democrat,Raphael Warnock (I),212
Chatham,8-08C Resur of Our Lord Church,U.S. Senate,,Republican,Herschel Junior Walker,15
Chatham,8-08C Resur of Our Lord Church,U.S. Senate,,Democrat,Raphael Warnock (I),623
Chatham,8-09C Moses Jackson Center,U.S. Senate,,Republican,Herschel Junior Walker,10
Chatham,8-09C Moses Jackson Center,U.S. Senate,,Democrat,Raphael Warnock (I),523
Chatham,8-10C Carver Heights Comm Ctr,U.S. Senate,,Republican,Herschel Junior Walker,8
Chatham,8-10C Carver Heights Comm Ctr,U.S. Senate,,Democrat,Raphael Warnock (I),750
Chatham,8-11C Butler Elementary,U.S. Senate,,Republican,Herschel Junior Walker,11
Chatham,8-11C Butler Elementary,U.S. Senate,,Democrat,Raphael Warnock (I),716
Chatham,8-12C Beach High School,U.S. Senate,,Republican,Herschel Junior Walker,57
Chatham,8-12C Beach High School,U.S. Senate,,Democrat,Raphael Warnock (I),408
Chatham,8-13C Savannah Christian,U.S. Senate,,Republican,Herschel Junior Walker,196
Chatham,8-13C Savannah Christian,U.S. Senate,,Democrat,Raphael Warnock (I),102
Chatham,8-15C Cooper Center,U.S. Senate,,Republican,Herschel Junior Walker,36
Chatham,8-15C Cooper Center,U.S. Senate,,Democrat,Raphael Warnock (I),527
Chatham,8-16C Mighty 8th Museum,U.S. Senate,,Republican,Herschel Junior Walker,573
Chatham,8-16C Mighty 8th Museum,U.S. Senate,,Democrat,Raphael Warnock (I),910
Chatham,8-17C Georgia Tech Savannah Campus,U.S. Senate,,Republican,Herschel Junior Walker,346
Chatham,8-17C Georgia Tech Savannah Campus,U.S. Senate,,Democrat,Raphael Warnock (I),842
Chatham,8-18C Savannah First 7th Day Adv Church,U.S. Senate,,Republican,Herschel Junior Walker,120
Chatham,8-18C Savannah First 7th Day Adv Church,U.S. Senate,,Democrat,Raphael Warnock (I),311
Chattahoochee,Activity Center,U.S. Senate,,Republican,Herschel Junior Walker,468
Chattahoochee,Activity Center,U.S. Senate,,Democrat,Raphael Warnock (I),434
Chattooga,Haywood,U.S. Senate,,Republican,Herschel Junior Walker,75
Chattooga,Haywood,U.S. Senate,,Democrat,Raphael Warnock (I),10
Chattooga,Lyerly,U.S. Senate,,Republican,Herschel Junior Walker,648
Chattooga,Lyerly,U.S. Senate,,Democrat,Raphael Warnock (I),158
Chattooga,Trion,U.S. Senate,,Republican,Herschel Junior Walker,1794
Chattooga,Trion,U.S. Senate,,Democrat,Raphael Warnock (I),332
Chattooga,Summerville,U.S. Senate,,Republican,Herschel Junior Walker,1708
Chattooga,Summerville,U.S. Senate,,Democrat,Raphael Warnock (I),578
Chattooga,Dirttown,U.S. Senate,,Republican,Herschel Junior Walker,444
Chattooga,Dirttown,U.S. Senate,,Democrat,Raphael Warnock (I),95
Chattooga,Subligna,U.S. Senate,,Republican,Herschel Junior Walker,267
Chattooga,Subligna,U.S. Senate,,Democrat,Raphael Warnock (I),17
Chattooga,Menlo,U.S. Senate,,Republican,Herschel Junior Walker,564
Chattooga,Menlo,U.S. Senate,,Democrat,Raphael Warnock (I),153
Cherokee,Air Acres,U.S. Senate,,Republican,Herschel Junior Walker,1013
Cherokee,Air Acres,U.S. Senate,,Democrat,Raphael Warnock (I),654
Cherokee,Arnold Mill,U.S. Senate,,Republican,Herschel Junior Walker,2068
Cherokee,Arnold Mill,U.S. Senate,,Democrat,Raphael Warnock (I),854
Cherokee,Avery,U.S. Senate,,Republican,Herschel Junior Walker,1921
Cherokee,Avery,U.S. Senate,,Democrat,Raphael Warnock (I),562
Cherokee,Ball Ground,U.S. Senate,,Republican,Herschel Junior Walker,1863
Cherokee,Ball Ground,U.S. Senate,,Democrat,Raphael Warnock (I),397
Cherokee,Bascomb,U.S. Senate,,Republican,Herschel Junior Walker,1502
Cherokee,Bascomb,U.S. Senate,,Democrat,Raphael Warnock (I),750
Cherokee,Bells,U.S. Senate,,Republican,Herschel Junior Walker,1456
Cherokee,Bells,U.S. Senate,,Democrat,Raphael Warnock (I),1361
Cherokee,Booth,U.S. Senate,,Republican,Herschel Junior Walker,1420
Cherokee,Booth,U.S. Senate,,Democrat,Raphael Warnock (I),779
Cherokee,Bradshaw,U.S. Senate,,Republican,Herschel Junior Walker,2035
Cherokee,Bradshaw,U.S. Senate,,Democrat,Raphael Warnock (I),781
Cherokee,Bridgemill,U.S. Senate,,Republican,Herschel Junior Walker,2035
Cherokee,Bridgemill,U.S. Senate,,Democrat,Raphael Warnock (I),745
Cherokee,Canton,U.S. Senate,,Republican,Herschel Junior Walker,2867
Cherokee,Canton,U.S. Senate,,Democrat,Raphael Warnock (I),1503
Cherokee,Carmel,U.S. Senate,,Republican,Herschel Junior Walker,1162
Cherokee,Carmel,U.S. Senate,,Democrat,Raphael Warnock (I),959
Cherokee,Clayton,U.S. Senate,,Republican,Herschel Junior Walker,2214
Cherokee,Clayton,U.S. Senate,,Democrat,Raphael Warnock (I),683
Cherokee,Conns Creek,U.S. Senate,,Republican,Herschel Junior Walker,544
Cherokee,Conns Creek,U.S. Senate,,Democrat,Raphael Warnock (I),57
Cherokee,Deer Run,U.S. Senate,,Republican,Herschel Junior Walker,1018
Cherokee,Deer Run,U.S. Senate,,Democrat,Raphael Warnock (I),614
Cherokee,Dixie,U.S. Senate,,Republican,Herschel Junior Walker,1452
Cherokee,Dixie,U.S. Senate,,Democrat,Raphael Warnock (I),1066
Cherokee,Freehome,U.S. Senate,,Republican,Herschel Junior Walker,2664
Cherokee,Freehome,U.S. Senate,,Democrat,Raphael Warnock (I),777
Cherokee,Hickory Flat,U.S. Senate,,Republican,Herschel Junior Walker,3153
Cherokee,Hickory Flat,U.S. Senate,,Democrat,Raphael Warnock (I),1482
Cherokee,Hightower,U.S. Senate,,Republican,Herschel Junior Walker,1705
Cherokee,Hightower,U.S. Senate,,Democrat,Raphael Warnock (I),375
Cherokee,Hillside,U.S. Senate,,Republican,Herschel Junior Walker,1305
Cherokee,Hillside,U.S. Senate,,Democrat,Raphael Warnock (I),555
Cherokee,Holly Springs,U.S. Senate,,Republican,Herschel Junior Walker,985
Cherokee,Holly Springs,U.S. Senate,,Democrat,Raphael Warnock (I),370
Cherokee,Kellogg,U.S. Senate,,Republican,Herschel Junior Walker,1619
Cherokee,Kellogg,U.S. Senate,,Democrat,Raphael Warnock (I),967
Cherokee,Liberty,U.S. Senate,,Republican,Herschel Junior Walker,2332
Cherokee,Liberty,U.S. Senate,,Democrat,Raphael Warnock (I),1305
Cherokee,Little River,U.S. Senate,,Republican,Herschel Junior Walker,2571
Cherokee,Little River,U.S. Senate,,Democrat,Raphael Warnock (I),1719
Cherokee,Macedonia,U.S. Senate,,Republican,Herschel Junior Walker,2398
Cherokee,Macedonia,U.S. Senate,,Democrat,Raphael Warnock (I),703
Cherokee,Mountain Road,U.S. Senate,,Republican,Herschel Junior Walker,1396
Cherokee,Mountain Road,U.S. Senate,,Democrat,Raphael Warnock (I),528
Cherokee,Neese,U.S. Senate,,Republican,Herschel Junior Walker,2083
Cherokee,Neese,U.S. Senate,,Democrat,Raphael Warnock (I),1585
Cherokee,Oak Grove,U.S. Senate,,Republican,Herschel Junior Walker,1262
Cherokee,Oak Grove,U.S. Senate,,Democrat,Raphael Warnock (I),571
Cherokee,R M Moore,U.S. Senate,,Republican,Herschel Junior Walker,1782
Cherokee,R M Moore,U.S. Senate,,Democrat,Raphael Warnock (I),271
Cherokee,R T Jones,U.S. Senate,,Republican,Herschel Junior Walker,686
Cherokee,R T Jones,U.S. Senate,,Democrat,Raphael Warnock (I),331
Cherokee,Rosecreek,U.S. Senate,,Republican,Herschel Junior Walker,1407
Cherokee,Rosecreek,U.S. Senate,,Democrat,Raphael Warnock (I),714
Cherokee,Salacoa,U.S. Senate,,Republican,Herschel Junior Walker,386
Cherokee,Salacoa,U.S. Senate,,Democrat,Raphael Warnock (I),45
Cherokee,Sixes,U.S. Senate,,Republican,Herschel Junior Walker,1373
Cherokee,Sixes,U.S. Senate,,Democrat,Raphael Warnock (I),512
Cherokee,Sutallee,U.S. Senate,,Republican,Herschel Junior Walker,1371
Cherokee,Sutallee,U.S. Senate,,Democrat,Raphael Warnock (I),252
Cherokee,Teasley,U.S. Senate,,Republican,Herschel Junior Walker,2940
Cherokee,Teasley,U.S. Senate,,Democrat,Raphael Warnock (I),1177
Cherokee,Toonigh,U.S. Senate,,Republican,Herschel Junior Walker,2324
Cherokee,Toonigh,U.S. Senate,,Democrat,Raphael Warnock (I),1208
Cherokee,Union Hill,U.S. Senate,,Republican,Herschel Junior Walker,2169
Cherokee,Union Hill,U.S. Senate,,Democrat,Raphael Warnock (I),561
Cherokee,Univeter,U.S. Senate,,Republican,Herschel Junior Walker,2318
Cherokee,Univeter,U.S. Senate,,Democrat,Raphael Warnock (I),661
Cherokee,Victoria,U.S. Senate,,Republican,Herschel Junior Walker,1134
Cherokee,Victoria,U.S. Senate,,Democrat,Raphael Warnock (I),431
Cherokee,Waleska,U.S. Senate,,Republican,Herschel Junior Walker,1476
Cherokee,Waleska,U.S. Senate,,Democrat,Raphael Warnock (I),521
Cherokee,Wildcat,U.S. Senate,,Republican,Herschel Junior Walker,1209
Cherokee,Wildcat,U.S. Senate,,Democrat,Raphael Warnock (I),468
Cherokee,Woodlands,U.S. Senate,,Republican,Herschel Junior Walker,1036
Cherokee,Woodlands,U.S. Senate,,Democrat,Raphael Warnock (I),796
Cherokee,Woodstock,U.S. Senate,,Republican,Herschel Junior Walker,2148
Cherokee,Woodstock,U.S. Senate,,Democrat,Raphael Warnock (I),1490
Clarke,1A,U.S. Senate,,Republican,Herschel Junior Walker,517
Clarke,1A,U.S. Senate,,Democrat,Raphael Warnock (I),962
Clarke,1B,U.S. Senate,,Republican,Herschel Junior Walker,573
Clarke,1B,U.S. Senate,,Democrat,Raphael Warnock (I),1362
Clarke,1C,U.S. Senate,,Republican,Herschel Junior Walker,392
Clarke,1C,U.S. Senate,,Democrat,Raphael Warnock (I),1072
Clarke,1D,U.S. Senate,,Republican,Herschel Junior Walker,626
Clarke,1D,U.S. Senate,,Democrat,Raphael Warnock (I),1255
Clarke,2A,U.S. Senate,,Republican,Herschel Junior Walker,259
Clarke,2A,U.S. Senate,,Democrat,Raphael Warnock (I),1325
Clarke,2B,U.S. Senate,,Republican,Herschel Junior Walker,124
Clarke,2B,U.S. Senate,,Democrat,Raphael Warnock (I),1620
Clarke,3A,U.S. Senate,,Republican,Herschel Junior Walker,81
Clarke,3A,U.S. Senate,,Democrat,Raphael Warnock (I),888
Clarke,3B,U.S. Senate,,Republican,Herschel Junior Walker,198
Clarke,3B,U.S. Senate,,Democrat,Raphael Warnock (I),1174
Clarke,4A,U.S. Senate,,Republican,Herschel Junior Walker,136
Clarke,4A,U.S. Senate,,Democrat,Raphael Warnock (I),621
Clarke,4B,U.S. Senate,,Republican,Herschel Junior Walker,411
Clarke,4B,U.S. Senate,,Democrat,Raphael Warnock (I),1297
Clarke,5A,U.S. Senate,,Republican,Herschel Junior Walker,455
Clarke,5A,U.S. Senate,,Democrat,Raphael Warnock (I),1385
Clarke,5B,U.S. Senate,,Republican,Herschel Junior Walker,434
Clarke,5B,U.S. Senate,,Democrat,Raphael Warnock (I),1209
Clarke,5C,U.S. Senate,,Republican,Herschel Junior Walker,100
Clarke,5C,U.S. Senate,,Democrat,Raphael Warnock (I),1211
Clarke,5D,U.S. Senate,,Republican,Herschel Junior Walker,307
Clarke,5D,U.S. Senate,,Democrat,Raphael Warnock (I),1057
Clarke,6A,U.S. Senate,,Republican,Herschel Junior Walker,860
Clarke,6A,U.S. Senate,,Democrat,Raphael Warnock (I),1231
Clarke,6B,U.S. Senate,,Republican,Herschel Junior Walker,654
Clarke,6B,U.S. Senate,,Democrat,Raphael Warnock (I),1430
Clarke,6C,U.S. Senate,,Republican,Herschel Junior Walker,676
Clarke,6C,U.S. Senate,,Democrat,Raphael Warnock (I),1110
Clarke,6D,U.S. Senate,,Republican,Herschel Junior Walker,212
Clarke,6D,U.S. Senate,,Democrat,Raphael Warnock (I),793
Clarke,7A,U.S. Senate,,Republican,Herschel Junior Walker,558
Clarke,7A,U.S. Senate,,Democrat,Raphael Warnock (I),1069
Clarke,7B,U.S. Senate,,Republican,Herschel Junior Walker,545
Clarke,7B,U.S. Senate,,Democrat,Raphael Warnock (I),1071
Clarke,7C,U.S. Senate,,Republican,Herschel Junior Walker,494
Clarke,7C,U.S. Senate,,Democrat,Raphael Warnock (I),937
Clarke,8A,U.S. Senate,,Republican,Herschel Junior Walker,407
Clarke,8A,U.S. Senate,,Democrat,Raphael Warnock (I),1176
Clarke,8B,U.S. Senate,,Republican,Herschel Junior Walker,305
Clarke,8B,U.S. Senate,,Democrat,Raphael Warnock (I),827
Clarke,8C,U.S. Senate,,Republican,Herschel Junior Walker,418
Clarke,8C,U.S. Senate,,Democrat,Raphael Warnock (I),1311
Clayton,Ellenwood 1,U.S. Senate,,Republican,Herschel Junior Walker,67
Clayton,Ellenwood 1,U.S. Senate,,Democrat,Raphael Warnock (I),1544
Clayton,Ellenwood 2,U.S. Senate,,Republican,Herschel Junior Walker,100
Clayton,Ellenwood 2,U.S. Senate,,Democrat,Raphael Warnock (I),1686
Clayton,Forest Park 1,U.S. Senate,,Republican,Herschel Junior Walker,156
Clayton,Forest Park 1,U.S. Senate,,Democrat,Raphael Warnock (I),748
Clayton,Forest Park 2,U.S. Senate,,Republican,Herschel Junior Walker,109
Clayton,Forest Park 2,U.S. Senate,,Democrat,Raphael Warnock (I),818
Clayton,Forest Park 3,U.S. Senate,,Republican,Herschel Junior Walker,132
Clayton,Forest Park 3,U.S. Senate,,Democrat,Raphael Warnock (I),750
Clayton,Forest Park 4,U.S. Senate,,Republican,Herschel Junior Walker,185
Clayton,Forest Park 4,U.S. Senate,,Democrat,Raphael Warnock (I),437
Clayton,Forest Park 5,U.S. Senate,,Republican,Herschel Junior Walker,146
Clayton,Forest Park 5,U.S. Senate,,Democrat,Raphael Warnock (I),893
Clayton,Forest Park 6,U.S. Senate,,Republican,Herschel Junior Walker,123
Clayton,Forest Park 6,U.S. Senate,,Democrat,Raphael Warnock (I),405
Clayton,Jonesboro 1,U.S. Senate,,Republican,Herschel Junior Walker,79
Clayton,Jonesboro 1,U.S. Senate,,Democrat,Raphael Warnock (I),1158
Clayton,Jonesboro 2,U.S. Senate,,Republican,Herschel Junior Walker,24
Clayton,Jonesboro 2,U.S. Senate,,Democrat,Raphael Warnock (I),709
Clayton,Jonesboro 3,U.S. Senate,,Republican,Herschel Junior Walker,158
Clayton,Jonesboro 3,U.S. Senate,,Democrat,Raphael Warnock (I),367
Clayton,Jonesboro 4,U.S. Senate,,Republican,Herschel Junior Walker,89
Clayton,Jonesboro 4,U.S. Senate,,Democrat,Raphael Warnock (I),598
Clayton,Jonesboro 5,U.S. Senate,,Republican,Herschel Junior Walker,154
Clayton,Jonesboro 5,U.S. Senate,,Democrat,Raphael Warnock (I),679
Clayton,Jonesboro 6,U.S. Senate,,Republican,Herschel Junior Walker,549
Clayton,Jonesboro 6,U.S. Senate,,Democrat,Raphael Warnock (I),921
Clayton,Jonesboro 7,U.S. Senate,,Republican,Herschel Junior Walker,213
Clayton,Jonesboro 7,U.S. Senate,,Democrat,Raphael Warnock (I),1111
Clayton,Jonesboro 8,U.S. Senate,,Republican,Herschel Junior Walker,67
Clayton,Jonesboro 8,U.S. Senate,,Democrat,Raphael Warnock (I),1085
Clayton,Jonesboro 9,U.S. Senate,,Republican,Herschel Junior Walker,71
Clayton,Jonesboro 9,U.S. Senate,,Democrat,Raphael Warnock (I),365
Clayton,Jonesboro 10,U.S. Senate,,Republican,Herschel Junior Walker,87
Clayton,Jonesboro 10,U.S. Senate,,Democrat,Raphael Warnock (I),885
Clayton,Jonesboro 11,U.S. Senate,,Republican,Herschel Junior Walker,219
Clayton,Jonesboro 11,U.S. Senate,,Democrat,Raphael Warnock (I),951
Clayton,Jonesboro 12,U.S. Senate,,Republican,Herschel Junior Walker,63
Clayton,Jonesboro 12,U.S. Senate,,Democrat,Raphael Warnock (I),1023
Clayton,Jonesboro 13,U.S. Senate,,Republican,Herschel Junior Walker,132
Clayton,Jonesboro 13,U.S. Senate,,Democrat,Raphael Warnock (I),976
Clayton,Jonesboro 14,U.S. Senate,,Republican,Herschel Junior Walker,504
Clayton,Jonesboro 14,U.S. Senate,,Democrat,Raphael Warnock (I),1641
Clayton,Jonesboro 15,U.S. Senate,,Republican,Herschel Junior Walker,60
Clayton,Jonesboro 15,U.S. Senate,,Democrat,Raphael Warnock (I),615
Clayton,Jonesboro 16,U.S. Senate,,Republican,Herschel Junior Walker,87
Clayton,Jonesboro 16,U.S. Senate,,Democrat,Raphael Warnock (I),762
Clayton,Jonesboro 17,U.S. Senate,,Republican,Herschel Junior Walker,60
Clayton,Jonesboro 17,U.S. Senate,,Democrat,Raphael Warnock (I),1057
Clayton,Jonesboro 18,U.S. Senate,,Republican,Herschel Junior Walker,133
Clayton,Jonesboro 18,U.S. Senate,,Democrat,Raphael Warnock (I),1069
Clayton,Jonesboro 19,U.S. Senate,,Republican,Herschel Junior Walker,66
Clayton,Jonesboro 19,U.S. Senate,,Democrat,Raphael Warnock (I),1133
Clayton,Jonesboro 20,U.S. Senate,,Republican,Herschel Junior Walker,48
Clayton,Jonesboro 20,U.S. Senate,,Democrat,Raphael Warnock (I),929
Clayton,Jonesboro 21,U.S. Senate,,Republican,Herschel Junior Walker,71
Clayton,Jonesboro 21,U.S. Senate,,Democrat,Raphael Warnock (I),1239
Clayton,Jonesboro 22,U.S. Senate,,Republican,Herschel Junior Walker,79
Clayton,Jonesboro 22,U.S. Senate,,Democrat,Raphael Warnock (I),621
Clayton,Lake City,U.S. Senate,,Republican,Herschel Junior Walker,114
Clayton,Lake City,U.S. Senate,,Democrat,Raphael Warnock (I),950
Clayton,Lovejoy 1,U.S. Senate,,Republican,Herschel Junior Walker,191
Clayton,Lovejoy 1,U.S. Senate,,Democrat,Raphael Warnock (I),1728
Clayton,Lovejoy 2,U.S. Senate,,Republican,Herschel Junior Walker,121
Clayton,Lovejoy 2,U.S. Senate,,Democrat,Raphael Warnock (I),1128
Clayton,Lovejoy 3,U.S. Senate,,Republican,Herschel Junior Walker,96
Clayton,Lovejoy 3,U.S. Senate,,Democrat,Raphael Warnock (I),737
Clayton,Lovejoy 4,U.S. Senate,,Republican,Herschel Junior Walker,96
Clayton,Lovejoy 4,U.S. Senate,,Democrat,Raphael Warnock (I),1050
Clayton,Lovejoy 5,U.S. Senate,,Republican,Herschel Junior Walker,90
Clayton,Lovejoy 5,U.S. Senate,,Democrat,Raphael Warnock (I),1128
Clayton,Lovejoy 6,U.S. Senate,,Republican,Herschel Junior Walker,121
Clayton,Lovejoy 6,U.S. Senate,,Democrat,Raphael Warnock (I),1507
Clayton,Lovejoy 7,U.S. Senate,,Republican,Herschel Junior Walker,148
Clayton,Lovejoy 7,U.S. Senate,,Democrat,Raphael Warnock (I),1207
Clayton,Lovejoy 8,U.S. Senate,,Republican,Herschel Junior Walker,24
Clayton,Lovejoy 8,U.S. Senate,,Democrat,Raphael Warnock (I),607
Clayton,Morrow 1,U.S. Senate,,Republican,Herschel Junior Walker,105
Clayton,Morrow 1,U.S. Senate,,Democrat,Raphael Warnock (I),1080
Clayton,Morrow 2,U.S. Senate,,Republican,Herschel Junior Walker,231
Clayton,Morrow 2,U.S. Senate,,Democrat,Raphael Warnock (I),599
Clayton,Morrow 3,U.S. Senate,,Republican,Herschel Junior Walker,184
Clayton,Morrow 3,U.S. Senate,,Democrat,Raphael Warnock (I),752
Clayton,Morrow 4,U.S. Senate,,Republican,Herschel Junior Walker,143
Clayton,Morrow 4,U.S. Senate,,Democrat,Raphael Warnock (I),633
Clayton,Morrow 5,U.S. Senate,,Republican,Herschel Junior Walker,100
Clayton,Morrow 5,U.S. Senate,,Democrat,Raphael Warnock (I),1269
Clayton,Morrow 6,U.S. Senate,,Republican,Herschel Junior Walker,162
Clayton,Morrow 6,U.S. Senate,,Democrat,Raphael Warnock (I),1071
Clayton,Morrow 7,U.S. Senate,,Republican,Herschel Junior Walker,124
Clayton,Morrow 7,U.S. Senate,,Democrat,Raphael Warnock (I),582
Clayton,Morrow 8,U.S. Senate,,Republican,Herschel Junior Walker,90
Clayton,Morrow 8,U.S. Senate,,Democrat,Raphael Warnock (I),1288
Clayton,Morrow 9,U.S. Senate,,Republican,Herschel Junior Walker,59
Clayton,Morrow 9,U.S. Senate,,Democrat,Raphael Warnock (I),458
Clayton,Morrow 10,U.S. Senate,,Republican,Herschel Junior Walker,159
Clayton,Morrow 10,U.S. Senate,,Democrat,Raphael Warnock (I),968
Clayton,Morrow 11,U.S. Senate,,Republican,Herschel Junior Walker,80
Clayton,Morrow 11,U.S. Senate,,Democrat,Raphael Warnock (I),775
Clayton,Oak 1,U.S. Senate,,Republican,Herschel Junior Walker,22
Clayton,Oak 1,U.S. Senate,,Democrat,Raphael Warnock (I),849
Clayton,Oak 2,U.S. Senate,,Republican,Herschel Junior Walker,24
Clayton,Oak 2,U.S. Senate,,Democrat,Raphael Warnock (I),534
Clayton,Oak 3,U.S. Senate,,Republican,Herschel Junior Walker,23
Clayton,Oak 3,U.S. Senate,,Democrat,Raphael Warnock (I),830
Clayton,Oak 4,U.S. Senate,,Republican,Herschel Junior Walker,32
Clayton,Oak 4,U.S. Senate,,Democrat,Raphael Warnock (I),967
Clayton,Oak 5,U.S. Senate,,Republican,Herschel Junior Walker,24
Clayton,Oak 5,U.S. Senate,,Democrat,Raphael Warnock (I),413
Clayton,Oak 6,U.S. Senate,,Republican,Herschel Junior Walker,21
Clayton,Oak 6,U.S. Senate,,Democrat,Raphael Warnock (I),379
Clayton,Panhandle 1,U.S. Senate,,Republican,Herschel Junior Walker,111
Clayton,Panhandle 1,U.S. Senate,,Democrat,Raphael Warnock (I),1402
Clayton,Panhandle 2,U.S. Senate,,Republican,Herschel Junior Walker,351
Clayton,Panhandle 2,U.S. Senate,,Democrat,Raphael Warnock (I),1609
Clayton,Riverdale 1,U.S. Senate,,Republican,Herschel Junior Walker,77
Clayton,Riverdale 1,U.S. Senate,,Democrat,Raphael Warnock (I),1103
Clayton,Riverdale 2,U.S. Senate,,Republican,Herschel Junior Walker,54
Clayton,Riverdale 2,U.S. Senate,,Democrat,Raphael Warnock (I),1160
Clayton,Riverdale 3,U.S. Senate,,Republican,Herschel Junior Walker,73
Clayton,Riverdale 3,U.S. Senate,,Democrat,Raphael Warnock (I),1397
Clayton,Riverdale 4,U.S. Senate,,Republican,Herschel Junior Walker,122
Clayton,Riverdale 4,U.S. Senate,,Democrat,Raphael Warnock (I),1319
Clayton,Riverdale 5,U.S. Senate,,Republican,Herschel Junior Walker,85
Clayton,Riverdale 5,U.S. Senate,,Democrat,Raphael Warnock (I),949
Clayton,Riverdale 6,U.S. Senate,,Republican,Herschel Junior Walker,96
Clayton,Riverdale 6,U.S. Senate,,Democrat,Raphael Warnock (I),809
Clayton,Riverdale 7,U.S. Senate,,Republican,Herschel Junior Walker,106
Clayton,Riverdale 7,U.S. Senate,,Democrat,Raphael Warnock (I),642
Clayton,Riverdale 8,U.S. Senate,,Republican,Herschel Junior Walker,104
Clayton,Riverdale 8,U.S. Senate,,Democrat,Raphael Warnock (I),1338
Clayton,Riverdale 9,U.S. Senate,,Republican,Herschel Junior Walker,103
Clayton,Riverdale 9,U.S. Senate,,Democrat,Raphael Warnock (I),857
Clayton,Riverdale 10,U.S. Senate,,Republican,Herschel Junior Walker,16
Clayton,Riverdale 10,U.S. Senate,,Democrat,Raphael Warnock (I),685
Clayton,Riverdale 11,U.S. Senate,,Republican,Herschel Junior Walker,54
Clayton,Riverdale 11,U.S. Senate,,Democrat,Raphael Warnock (I),866
Clayton,Riverdale 12,U.S. Senate,,Republican,Herschel Junior Walker,77
Clayton,Riverdale 12,U.S. Senate,,Democrat,Raphael Warnock (I),1176
Clay,Bluffton,U.S. Senate,,Republican,Herschel Junior Walker,126
Clay,Bluffton,U.S. Senate,,Democrat,Raphael Warnock (I),66
Clay,Zetto,U.S. Senate,,Republican,Herschel Junior Walker,65
Clay,Zetto,U.S. Senate,,Democrat,Raphael Warnock (I),95
Clay,Court House,U.S. Senate,,Republican,Herschel Junior Walker,40
Clay,Court House,U.S. Senate,,Democrat,Raphael Warnock (I),138
Clay,Old Head Start,U.S. Senate,,Republican,Herschel Junior Walker,92
Clay,Old Head Start,U.S. Senate,,Democrat,Raphael Warnock (I),116
Clay,Days Cross Road,U.S. Senate,,Republican,Herschel Junior Walker,162
Clay,Days Cross Road,U.S. Senate,,Democrat,Raphael Warnock (I),121
Clinch,Arabia,U.S. Senate,,Republican,Herschel Junior Walker,62
Clinch,Arabia,U.S. Senate,,Democrat,Raphael Warnock (I),4
Clinch,Argyle,U.S. Senate,,Republican,Herschel Junior Walker,147
Clinch,Argyle,U.S. Senate,,Democrat,Raphael Warnock (I),22
Clinch,Dupont,U.S. Senate,,Republican,Herschel Junior Walker,131
Clinch,Dupont,U.S. Senate,,Democrat,Raphael Warnock (I),34
Clinch,Fargo,U.S. Senate,,Republican,Herschel Junior Walker,118
Clinch,Fargo,U.S. Senate,,Democrat,Raphael Warnock (I),19
Clinch,Homerville,U.S. Senate,,Republican,Herschel Junior Walker,1056
Clinch,Homerville,U.S. Senate,,Democrat,Raphael Warnock (I),384
Cobb,Acworth 1A,U.S. Senate,,Republican,Herschel Junior Walker,1295
Cobb,Acworth 1A,U.S. Senate,,Democrat,Raphael Warnock (I),1569
Cobb,Acworth 1B,U.S. Senate,,Republican,Herschel Junior Walker,1292
Cobb,Acworth 1B,U.S. Senate,,Democrat,Raphael Warnock (I),1252
Cobb,Acworth 1C,U.S. Senate,,Republican,Herschel Junior Walker,665
Cobb,Acworth 1C,U.S. Senate,,Democrat,Raphael Warnock (I),1492
Cobb,Addison 01,U.S. Senate,,Republican,Herschel Junior Walker,634
Cobb,Addison 01,U.S. Senate,,Democrat,Raphael Warnock (I),787
Cobb,Austell 1A,U.S. Senate,,Republican,Herschel Junior Walker,228
Cobb,Austell 1A,U.S. Senate,,Democrat,Raphael Warnock (I),872
Cobb,Austell 1B,U.S. Senate,,Republican,Herschel Junior Walker,122
Cobb,Austell 1B,U.S. Senate,,Democrat,Raphael Warnock (I),1070
Cobb,Baker 01,U.S. Senate,,Republican,Herschel Junior Walker,760
Cobb,Baker 01,U.S. Senate,,Democrat,Raphael Warnock (I),1342
Cobb,Bells Ferry 02,U.S. Senate,,Republican,Herschel Junior Walker,720
Cobb,Bells Ferry 02,U.S. Senate,,Democrat,Raphael Warnock (I),817
Cobb,Bells Ferry 03,U.S. Senate,,Republican,Herschel Junior Walker,470
Cobb,Bells Ferry 03,U.S. Senate,,Democrat,Raphael Warnock (I),575
Cobb,Bells Ferry 04,U.S. Senate,,Republican,Herschel Junior Walker,941
Cobb,Bells Ferry 04,U.S. Senate,,Democrat,Raphael Warnock (I),850
Cobb,Big Shanty 01,U.S. Senate,,Republican,Herschel Junior Walker,577
Cobb,Big Shanty 01,U.S. Senate,,Democrat,Raphael Warnock (I),490
Cobb,Big Shanty 02,U.S. Senate,,Republican,Herschel Junior Walker,804
Cobb,Big Shanty 02,U.S. Senate,,Democrat,Raphael Warnock (I),918
Cobb,Birney 01,U.S. Senate,,Republican,Herschel Junior Walker,377
Cobb,Birney 01,U.S. Senate,,Democrat,Raphael Warnock (I),818
Cobb,Birney 02,U.S. Senate,,Republican,Herschel Junior Walker,553
Cobb,Birney 02,U.S. Senate,,Democrat,Raphael Warnock (I),1581
Cobb,Bryant 01,U.S. Senate,,Republican,Herschel Junior Walker,45
Cobb,Bryant 01,U.S. Senate,,Democrat,Raphael Warnock (I),995
Cobb,Bryant 02,U.S. Senate,,Republican,Herschel Junior Walker,97
Cobb,Bryant 02,U.S. Senate,,Democrat,Raphael Warnock (I),1768
Cobb,Blackwell 01,U.S. Senate,,Republican,Herschel Junior Walker,594
Cobb,Blackwell 01,U.S. Senate,,Democrat,Raphael Warnock (I),858
Cobb,Chattahoochee 01,U.S. Senate,,Republican,Herschel Junior Walker,510
Cobb,Chattahoochee 01,U.S. Senate,,Democrat,Raphael Warnock (I),1778
Cobb,Cheatham Hill 02,U.S. Senate,,Republican,Herschel Junior Walker,1077
Cobb,Cheatham Hill 02,U.S. Senate,,Democrat,Raphael Warnock (I),936
Cobb,Cheatham Hill 03,U.S. Senate,,Republican,Herschel Junior Walker,1190
Cobb,Cheatham Hill 03,U.S. Senate,,Democrat,Raphael Warnock (I),1421
Cobb,Chalker 01,U.S. Senate,,Republican,Herschel Junior Walker,837
Cobb,Chalker 01,U.S. Senate,,Democrat,Raphael Warnock (I),1614
Cobb,Clarkdale 01,U.S. Senate,,Republican,Herschel Junior Walker,286
Cobb,Clarkdale 01,U.S. Senate,,Democrat,Raphael Warnock (I),569
Cobb,Clarkdale 02,U.S. Senate,,Republican,Herschel Junior Walker,638
Cobb,Clarkdale 02,U.S. Senate,,Democrat,Raphael Warnock (I),1841
Cobb,Cooper 01,U.S. Senate,,Republican,Herschel Junior Walker,386
Cobb,Cooper 01,U.S. Senate,,Democrat,Raphael Warnock (I),1825
Cobb,Chestnut Ridge 01,U.S. Senate,,Republican,Herschel Junior Walker,1060
Cobb,Chestnut Ridge 01,U.S. Senate,,Democrat,Raphael Warnock (I),959
Cobb,Dickerson 01,U.S. Senate,,Republican,Herschel Junior Walker,912
Cobb,Dickerson 01,U.S. Senate,,Democrat,Raphael Warnock (I),917
Cobb,Dobbins 01,U.S. Senate,,Republican,Herschel Junior Walker,191
Cobb,Dobbins 01,U.S. Senate,,Democrat,Raphael Warnock (I),570
Cobb,Dobbins 02,U.S. Senate,,Republican,Herschel Junior Walker,290
Cobb,Dobbins 02,U.S. Senate,,Democrat,Raphael Warnock (I),953
Cobb,Dowell 01,U.S. Senate,,Republican,Herschel Junior Walker,759
Cobb,Dowell 01,U.S. Senate,,Democrat,Raphael Warnock (I),1106
Cobb,Dodgen 01,U.S. Senate,,Republican,Herschel Junior Walker,683
Cobb,Dodgen 01,U.S. Senate,,Democrat,Raphael Warnock (I),677
Cobb,Durham 01,U.S. Senate,,Republican,Herschel Junior Walker,1695
Cobb,Durham 01,U.S. Senate,,Democrat,Raphael Warnock (I),901
Cobb,Davis 01,U.S. Senate,,Republican,Herschel Junior Walker,565
Cobb,Davis 01,U.S. Senate,,Democrat,Raphael Warnock (I),673
Cobb,Eastside 01,U.S. Senate,,Republican,Herschel Junior Walker,961
Cobb,Eastside 01,U.S. Senate,,Democrat,Raphael Warnock (I),990
Cobb,Eastside 02,U.S. Senate,,Republican,Herschel Junior Walker,1266
Cobb,Eastside 02,U.S. Senate,,Democrat,Raphael Warnock (I),1330
Cobb,Elizabeth 01,U.S. Senate,,Republican,Herschel Junior Walker,390
Cobb,Elizabeth 01,U.S. Senate,,Democrat,Raphael Warnock (I),1153
Cobb,Elizabeth 02,U.S. Senate,,Republican,Herschel Junior Walker,702
Cobb,Elizabeth 02,U.S. Senate,,Democrat,Raphael Warnock (I),669
Cobb,Elizabeth 03,U.S. Senate,,Republican,Herschel Junior Walker,904
Cobb,Elizabeth 03,U.S. Senate,,Democrat,Raphael Warnock (I),809
Cobb,Elizabeth 04,U.S. Senate,,Republican,Herschel Junior Walker,487
Cobb,Elizabeth 04,U.S. Senate,,Democrat,Raphael Warnock (I),904
Cobb,Elizabeth 05,U.S. Senate,,Republican,Herschel Junior Walker,786
Cobb,Elizabeth 05,U.S. Senate,,Democrat,Raphael Warnock (I),954
Cobb,East Piedmont 01,U.S. Senate,,Republican,Herschel Junior Walker,477
Cobb,East Piedmont 01,U.S. Senate,,Democrat,Raphael Warnock (I),804
Cobb,Fair Oaks 02,U.S. Senate,,Republican,Herschel Junior Walker,572
Cobb,Fair Oaks 02,U.S. Senate,,Democrat,Raphael Warnock (I),1568
Cobb,Fair Oaks 04,U.S. Senate,,Republican,Herschel Junior Walker,417
Cobb,Fair Oaks 04,U.S. Senate,,Democrat,Raphael Warnock (I),1018
Cobb,Fullers Park 01,U.S. Senate,,Republican,Herschel Junior Walker,1003
Cobb,Fullers Park 01,U.S. Senate,,Democrat,Raphael Warnock (I),1095
Cobb,Ford 01,U.S. Senate,,Republican,Herschel Junior Walker,1272
Cobb,Ford 01,U.S. Senate,,Democrat,Raphael Warnock (I),733
Cobb,Frey 01,U.S. Senate,,Republican,Herschel Junior Walker,1027
Cobb,Frey 01,U.S. Senate,,Democrat,Raphael Warnock (I),663
Cobb,Garrison Mill 01,U.S. Senate,,Republican,Herschel Junior Walker,887
Cobb,Garrison Mill 01,U.S. Senate,,Democrat,Raphael Warnock (I),901
Cobb,Gritters 01,U.S. Senate,,Republican,Herschel Junior Walker,1097
Cobb,Gritters 01,U.S. Senate,,Democrat,Raphael Warnock (I),1024
Cobb,Harmony-Leland 01,U.S. Senate,,Republican,Herschel Junior Walker,171
Cobb,Harmony-Leland 01,U.S. Senate,,Democrat,Raphael Warnock (I),992
Cobb,Harmony-Leland 02,U.S. Senate,,Republican,Herschel Junior Walker,239
Cobb,Harmony-Leland 02,U.S. Senate,,Democrat,Raphael Warnock (I),1934
Cobb,Harrison 01,U.S. Senate,,Republican,Herschel Junior Walker,1237
Cobb,Harrison 01,U.S. Senate,,Democrat,Raphael Warnock (I),742
Cobb,Hightower 01,U.S. Senate,,Republican,Herschel Junior Walker,1301
Cobb,Hightower 01,U.S. Senate,,Democrat,Raphael Warnock (I),1294
Cobb,Hayes 01,U.S. Senate,,Republican,Herschel Junior Walker,1400
Cobb,Hayes 01,U.S. Senate,,Democrat,Raphael Warnock (I),979
Cobb,Kennesaw 1A,U.S. Senate,,Republican,Herschel Junior Walker,475
Cobb,Kennesaw 1A,U.S. Senate,,Democrat,Raphael Warnock (I),602
Cobb,Kennesaw 2A,U.S. Senate,,Republican,Herschel Junior Walker,837
Cobb,Kennesaw 2A,U.S. Senate,,Democrat,Raphael Warnock (I),988
Cobb,Kennesaw 3A,U.S. Senate,,Republican,Herschel Junior Walker,925
Cobb,Kennesaw 3A,U.S. Senate,,Democrat,Raphael Warnock (I),1854
Cobb,Kennesaw 4A,U.S. Senate,,Republican,Herschel Junior Walker,812
Cobb,Kennesaw 4A,U.S. Senate,,Democrat,Raphael Warnock (I),1047
Cobb,Kennesaw 5A,U.S. Senate,,Republican,Herschel Junior Walker,1274
Cobb,Kennesaw 5A,U.S. Senate,,Democrat,Raphael Warnock (I),1889
Cobb,Kell 01,U.S. Senate,,Republican,Herschel Junior Walker,579
Cobb,Kell 01,U.S. Senate,,Democrat,Raphael Warnock (I),554
Cobb,Kemp 01,U.S. Senate,,Republican,Herschel Junior Walker,809
Cobb,Kemp 01,U.S. Senate,,Democrat,Raphael Warnock (I),462
Cobb,Kemp 02,U.S. Senate,,Republican,Herschel Junior Walker,1288
Cobb,Kemp 02,U.S. Senate,,Democrat,Raphael Warnock (I),1183
Cobb,Kemp 03,U.S. Senate,,Republican,Herschel Junior Walker,1654
Cobb,Kemp 03,U.S. Senate,,Democrat,Raphael Warnock (I),896
Cobb,Lassiter 01,U.S. Senate,,Republican,Herschel Junior Walker,1099
Cobb,Lassiter 01,U.S. Senate,,Democrat,Raphael Warnock (I),1074
Cobb,Lindley 01,U.S. Senate,,Republican,Herschel Junior Walker,498
Cobb,Lindley 01,U.S. Senate,,Democrat,Raphael Warnock (I),2349
Cobb,Lost Mountain 01,U.S. Senate,,Republican,Herschel Junior Walker,1257
Cobb,Lost Mountain 01,U.S. Senate,,Democrat,Raphael Warnock (I),1174
Cobb,Lost Mountain 02,U.S. Senate,,Republican,Herschel Junior Walker,1692
Cobb,Lost Mountain 02,U.S. Senate,,Democrat,Raphael Warnock (I),894
Cobb,Lost Mountain 03,U.S. Senate,,Republican,Herschel Junior Walker,1891
Cobb,Lost Mountain 03,U.S. Senate,,Democrat,Raphael Warnock (I),1545
Cobb,Lost Mountain 04,U.S. Senate,,Republican,Herschel Junior Walker,1029
Cobb,Lost Mountain 04,U.S. Senate,,Democrat,Raphael Warnock (I),649
Cobb,Mableton 01,U.S. Senate,,Republican,Herschel Junior Walker,627
Cobb,Mableton 01,U.S. Senate,,Democrat,Raphael Warnock (I),2047
Cobb,Mableton 02,U.S. Senate,,Republican,Herschel Junior Walker,299
Cobb,Mableton 02,U.S. Senate,,Democrat,Raphael Warnock (I),1049
Cobb,Mableton 03,U.S. Senate,,Republican,Herschel Junior Walker,602
Cobb,Mableton 03,U.S. Senate,,Democrat,Raphael Warnock (I),933
Cobb,Mableton 04,U.S. Senate,,Republican,Herschel Junior Walker,369
Cobb,Mableton 04,U.S. Senate,,Democrat,Raphael Warnock (I),607
Cobb,Mabry 01,U.S. Senate,,Republican,Herschel Junior Walker,600
Cobb,Mabry 01,U.S. Senate,,Democrat,Raphael Warnock (I),474
Cobb,Macland 01,U.S. Senate,,Republican,Herschel Junior Walker,520
Cobb,Macland 01,U.S. Senate,,Democrat,Raphael Warnock (I),1669
Cobb,Murdock 01,U.S. Senate,,Republican,Herschel Junior Walker,1247
Cobb,Murdock 01,U.S. Senate,,Democrat,Raphael Warnock (I),1297
Cobb,McEachern 01,U.S. Senate,,Republican,Herschel Junior Walker,711
Cobb,McEachern 01,U.S. Senate,,Democrat,Raphael Warnock (I),1381
Cobb,McCleskey 01,U.S. Senate,,Republican,Herschel Junior Walker,590
Cobb,McCleskey 01,U.S. Senate,,Democrat,Raphael Warnock (I),515
Cobb,McClure 01,U.S. Senate,,Republican,Herschel Junior Walker,1154
Cobb,McClure 01,U.S. Senate,,Democrat,Raphael Warnock (I),798
Cobb,Marietta 1A,U.S. Senate,,Republican,Herschel Junior Walker,469
Cobb,Marietta 1A,U.S. Senate,,Democrat,Raphael Warnock (I),1122
Cobb,Marietta 2A,U.S. Senate,,Republican,Herschel Junior Walker,702
Cobb,Marietta 2A,U.S. Senate,,Democrat,Raphael Warnock (I),625
Cobb,Marietta 2B,U.S. Senate,,Republican,Herschel Junior Walker,882
Cobb,Marietta 2B,U.S. Senate,,Democrat,Raphael Warnock (I),1400
Cobb,Marietta 3A,U.S. Senate,,Republican,Herschel Junior Walker,1068
Cobb,Marietta 3A,U.S. Senate,,Democrat,Raphael Warnock (I),1382
Cobb,Marietta 3B,U.S. Senate,,Republican,Herschel Junior Walker,150
Cobb,Marietta 3B,U.S. Senate,,Democrat,Raphael Warnock (I),748
Cobb,Marietta 4A,U.S. Senate,,Republican,Herschel Junior Walker,891
Cobb,Marietta 4A,U.S. Senate,,Democrat,Raphael Warnock (I),479
Cobb,Marietta 4B,U.S. Senate,,Republican,Herschel Junior Walker,464
Cobb,Marietta 4B,U.S. Senate,,Democrat,Raphael Warnock (I),644
Cobb,Marietta 4C,U.S. Senate,,Republican,Herschel Junior Walker,1081
Cobb,Marietta 4C,U.S. Senate,,Democrat,Raphael Warnock (I),774
Cobb,Marietta 5A,U.S. Senate,,Republican,Herschel Junior Walker,436
Cobb,Marietta 5A,U.S. Senate,,Democrat,Raphael Warnock (I),1078
Cobb,Marietta 5B,U.S. Senate,,Republican,Herschel Junior Walker,179
Cobb,Marietta 5B,U.S. Senate,,Democrat,Raphael Warnock (I),719
Cobb,Marietta 6A,U.S. Senate,,Republican,Herschel Junior Walker,168
Cobb,Marietta 6A,U.S. Senate,,Democrat,Raphael Warnock (I),610
Cobb,Marietta 6B,U.S. Senate,,Republican,Herschel Junior Walker,691
Cobb,Marietta 6B,U.S. Senate,,Democrat,Raphael Warnock (I),1036
Cobb,Marietta 7A,U.S. Senate,,Republican,Herschel Junior Walker,178
Cobb,Marietta 7A,U.S. Senate,,Democrat,Raphael Warnock (I),805
Cobb,Mars Hill 01,U.S. Senate,,Republican,Herschel Junior Walker,1452
Cobb,Mars Hill 01,U.S. Senate,,Democrat,Raphael Warnock (I),638
Cobb,Mars Hill 02,U.S. Senate,,Republican,Herschel Junior Walker,727
Cobb,Mars Hill 02,U.S. Senate,,Democrat,Raphael Warnock (I),675
Cobb,Mt. Bethel 01,U.S. Senate,,Republican,Herschel Junior Walker,1272
Cobb,Mt. Bethel 01,U.S. Senate,,Democrat,Raphael Warnock (I),1298
Cobb,Mt. Bethel 03,U.S. Senate,,Republican,Herschel Junior Walker,924
Cobb,Mt. Bethel 03,U.S. Senate,,Democrat,Raphael Warnock (I),1010
Cobb,Mt. Bethel 04,U.S. Senate,,Republican,Herschel Junior Walker,933
Cobb,Mt. Bethel 04,U.S. Senate,,Democrat,Raphael Warnock (I),885
Cobb,North Cobb 01,U.S. Senate,,Republican,Herschel Junior Walker,545
Cobb,North Cobb 01,U.S. Senate,,Democrat,Raphael Warnock (I),648
Cobb,Nickajack 01,U.S. Senate,,Republican,Herschel Junior Walker,389
Cobb,Nickajack 01,U.S. Senate,,Democrat,Raphael Warnock (I),2175
Cobb,Norton Park 01,U.S. Senate,,Republican,Herschel Junior Walker,687
Cobb,Norton Park 01,U.S. Senate,,Democrat,Raphael Warnock (I),1415
Cobb,Nicholson 01,U.S. Senate,,Republican,Herschel Junior Walker,627
Cobb,Nicholson 01,U.S. Senate,,Democrat,Raphael Warnock (I),676
Cobb,Oakdale 01,U.S. Senate,,Republican,Herschel Junior Walker,725
Cobb,Oakdale 01,U.S. Senate,,Democrat,Raphael Warnock (I),1536
Cobb,Oregon 01,U.S. Senate,,Republican,Herschel Junior Walker,590
Cobb,Oregon 01,U.S. Senate,,Democrat,Raphael Warnock (I),486
Cobb,Oregon 02,U.S. Senate,,Republican,Herschel Junior Walker,576
Cobb,Oregon 02,U.S. Senate,,Democrat,Raphael Warnock (I),2037
Cobb,Oregon 03,U.S. Senate,,Republican,Herschel Junior Walker,481
Cobb,Oregon 03,U.S. Senate,,Democrat,Raphael Warnock (I),1458
Cobb,Oregon 04,U.S. Senate,,Republican,Herschel Junior Walker,557
Cobb,Oregon 04,U.S. Senate,,Democrat,Raphael Warnock (I),1634
Cobb,Oregon 05,U.S. Senate,,Republican,Herschel Junior Walker,804
Cobb,Oregon 05,U.S. Senate,,Democrat,Raphael Warnock (I),1497
Cobb,Pebblebrook 01,U.S. Senate,,Republican,Herschel Junior Walker,331
Cobb,Pebblebrook 01,U.S. Senate,,Democrat,Raphael Warnock (I),1886
Cobb,Powers Ferry 01,U.S. Senate,,Republican,Herschel Junior Walker,755
Cobb,Powers Ferry 01,U.S. Senate,,Democrat,Raphael Warnock (I),972
Cobb,Pine Mountain 01,U.S. Senate,,Republican,Herschel Junior Walker,1299
Cobb,Pine Mountain 01,U.S. Senate,,Democrat,Raphael Warnock (I),828
Cobb,Pine Mountain 02,U.S. Senate,,Republican,Herschel Junior Walker,1361
Cobb,Pine Mountain 02,U.S. Senate,,Democrat,Raphael Warnock (I),718
Cobb,Post Oak 01,U.S. Senate,,Republican,Herschel Junior Walker,1177
Cobb,Post Oak 01,U.S. Senate,,Democrat,Raphael Warnock (I),995
Cobb,Pope 01,U.S. Senate,,Republican,Herschel Junior Walker,954
Cobb,Pope 01,U.S. Senate,,Democrat,Raphael Warnock (I),924
Cobb,Palmer 01,U.S. Senate,,Republican,Herschel Junior Walker,726
Cobb,Palmer 01,U.S. Senate,,Democrat,Raphael Warnock (I),651
Cobb,Powder Springs 1A,U.S. Senate,,Republican,Herschel Junior Walker,606
Cobb,Powder Springs 1A,U.S. Senate,,Democrat,Raphael Warnock (I),2064
Cobb,Powder Springs 2A,U.S. Senate,,Republican,Herschel Junior Walker,254
Cobb,Powder Springs 2A,U.S. Senate,,Democrat,Raphael Warnock (I),1287
Cobb,Powder Springs 3A,U.S. Senate,,Republican,Herschel Junior Walker,429
Cobb,Powder Springs 3A,U.S. Senate,,Democrat,Raphael Warnock (I),1559
Cobb,Pitner 01,U.S. Senate,,Republican,Herschel Junior Walker,718
Cobb,Pitner 01,U.S. Senate,,Democrat,Raphael Warnock (I),755
Cobb,Rocky Mount 01,U.S. Senate,,Republican,Herschel Junior Walker,1026
Cobb,Rocky Mount 01,U.S. Senate,,Democrat,Raphael Warnock (I),999
Cobb,Riverside 01,U.S. Senate,,Republican,Herschel Junior Walker,62
Cobb,Riverside 01,U.S. Senate,,Democrat,Raphael Warnock (I),602
Cobb,Roswell 01,U.S. Senate,,Republican,Herschel Junior Walker,1711
Cobb,Roswell 01,U.S. Senate,,Democrat,Raphael Warnock (I),1737
Cobb,Roswell 02,U.S. Senate,,Republican,Herschel Junior Walker,1137
Cobb,Roswell 02,U.S. Senate,,Democrat,Raphael Warnock (I),1201
Cobb,Sandy Plains 01,U.S. Senate,,Republican,Herschel Junior Walker,780
Cobb,Sandy Plains 01,U.S. Senate,,Democrat,Raphael Warnock (I),887
Cobb,Shallowford Falls 01,U.S. Senate,,Republican,Herschel Junior Walker,1048
Cobb,Shallowford Falls 01,U.S. Senate,,Democrat,Raphael Warnock (I),1076
Cobb,Simpson 01,U.S. Senate,,Republican,Herschel Junior Walker,525
Cobb,Simpson 01,U.S. Senate,,Democrat,Raphael Warnock (I),595
Cobb,Sewell Mill 01,U.S. Senate,,Republican,Herschel Junior Walker,956
Cobb,Sewell Mill 01,U.S. Senate,,Democrat,Raphael Warnock (I),1107
Cobb,Sewell Mill 03,U.S. Senate,,Republican,Herschel Junior Walker,832
Cobb,Sewell Mill 03,U.S. Senate,,Democrat,Raphael Warnock (I),1265
Cobb,Smyrna 1A,U.S. Senate,,Republican,Herschel Junior Walker,336
Cobb,Smyrna 1A,U.S. Senate,,Democrat,Raphael Warnock (I),1346
Cobb,Smyrna 2A,U.S. Senate,,Republican,Herschel Junior Walker,470
Cobb,Smyrna 2A,U.S. Senate,,Democrat,Raphael Warnock (I),1871
Cobb,Smyrna 3A,U.S. Senate,,Republican,Herschel Junior Walker,622
Cobb,Smyrna 3A,U.S. Senate,,Democrat,Raphael Warnock (I),1649
Cobb,Smyrna 3B,U.S. Senate,,Republican,Herschel Junior Walker,474
Cobb,Smyrna 3B,U.S. Senate,,Democrat,Raphael Warnock (I),917
Cobb,Smyrna 4A,U.S. Senate,,Republican,Herschel Junior Walker,1300
Cobb,Smyrna 4A,U.S. Senate,,Democrat,Raphael Warnock (I),2277
Cobb,Smyrna 5A,U.S. Senate,,Republican,Herschel Junior Walker,503
Cobb,Smyrna 5A,U.S. Senate,,Democrat,Raphael Warnock (I),1371
Cobb,Smyrna 6A,U.S. Senate,,Republican,Herschel Junior Walker,1176
Cobb,Smyrna 6A,U.S. Senate,,Democrat,Raphael Warnock (I),2177
Cobb,Smyrna 7A,U.S. Senate,,Republican,Herschel Junior Walker,865
Cobb,Smyrna 7A,U.S. Senate,,Democrat,Raphael Warnock (I),3222
Cobb,Sope Creek 01,U.S. Senate,,Republican,Herschel Junior Walker,734
Cobb,Sope Creek 01,U.S. Senate,,Democrat,Raphael Warnock (I),726
Cobb,Sope Creek 02,U.S. Senate,,Republican,Herschel Junior Walker,1156
Cobb,Sope Creek 02,U.S. Senate,,Democrat,Raphael Warnock (I),1661
Cobb,Sope Creek 03,U.S. Senate,,Republican,Herschel Junior Walker,893
Cobb,Sope Creek 03,U.S. Senate,,Democrat,Raphael Warnock (I),756
Cobb,Sweetwater 01,U.S. Senate,,Republican,Herschel Junior Walker,602
Cobb,Sweetwater 01,U.S. Senate,,Democrat,Raphael Warnock (I),1074
Cobb,Sweetwater 02,U.S. Senate,,Republican,Herschel Junior Walker,259
Cobb,Sweetwater 02,U.S. Senate,,Democrat,Raphael Warnock (I),962
Cobb,Terrell Mill 01,U.S. Senate,,Republican,Herschel Junior Walker,639
Cobb,Terrell Mill 01,U.S. Senate,,Democrat,Raphael Warnock (I),1617
Cobb,Timber Ridge 01,U.S. Senate,,Republican,Herschel Junior Walker,747
Cobb,Timber Ridge 01,U.S. Senate,,Democrat,Raphael Warnock (I),816
Cobb,Vaughan 01,U.S. Senate,,Republican,Herschel Junior Walker,1205
Cobb,Vaughan 01,U.S. Senate,,Democrat,Raphael Warnock (I),697
Cobb,Vinings 01,U.S. Senate,,Republican,Herschel Junior Walker,459
Cobb,Vinings 01,U.S. Senate,,Democrat,Raphael Warnock (I),1192
Cobb,Vinings 02,U.S. Senate,,Republican,Herschel Junior Walker,887
Cobb,Vinings 02,U.S. Senate,,Democrat,Raphael Warnock (I),2196
Cobb,Vinings 03,U.S. Senate,,Republican,Herschel Junior Walker,662
Cobb,Vinings 03,U.S. Senate,,Democrat,Raphael Warnock (I),1700
Cobb,Vinings 04,U.S. Senate,,Republican,Herschel Junior Walker,1002
Cobb,Vinings 04,U.S. Senate,,Democrat,Raphael Warnock (I),957
Cobb,Wade Green 02,U.S. Senate,,Republican,Herschel Junior Walker,1015
Cobb,Wade Green 02,U.S. Senate,,Democrat,Raphael Warnock (I),1382
Cobb,Willeo 01,U.S. Senate,,Republican,Herschel Junior Walker,892
Cobb,Willeo 01,U.S. Senate,,Democrat,Raphael Warnock (I),902
Coffee,Douglas,U.S. Senate,,Republican,Herschel Junior Walker,4629
Coffee,Douglas,U.S. Senate,,Democrat,Raphael Warnock (I),2423
Coffee,Ambrose,U.S. Senate,,Republican,Herschel Junior Walker,862
Coffee,Ambrose,U.S. Senate,,Democrat,Raphael Warnock (I),177
Coffee,Bridgetown,U.S. Senate,,Republican,Herschel Junior Walker,148
Coffee,Bridgetown,U.S. Senate,,Democrat,Raphael Warnock (I),42
Coffee,Broxton,U.S. Senate,,Republican,Herschel Junior Walker,942
Coffee,Broxton,U.S. Senate,,Democrat,Raphael Warnock (I),285
Coffee,Nicholls,U.S. Senate,,Republican,Herschel Junior Walker,751
Coffee,Nicholls,U.S. Senate,,Democrat,Raphael Warnock (I),202
Coffee,West Green,U.S. Senate,,Republican,Herschel Junior Walker,518
Coffee,West Green,U.S. Senate,,Democrat,Raphael Warnock (I),20
Colquitt,Shaw,U.S. Senate,,Republican,Herschel Junior Walker,243
Colquitt,Shaw,U.S. Senate,,Democrat,Raphael Warnock (I),776
Colquitt,Moultrie,U.S. Senate,,Republican,Herschel Junior Walker,1261
Colquitt,Moultrie,U.S. Senate,,Democrat,Raphael Warnock (I),825
Colquitt,Autreyville,U.S. Senate,,Republican,Herschel Junior Walker,563
Colquitt,Autreyville,U.S. Senate,,Democrat,Raphael Warnock (I),122
Colquitt,Bridgecreek,U.S. Senate,,Republican,Herschel Junior Walker,593
Colquitt,Bridgecreek,U.S. Senate,,Democrat,Raphael Warnock (I),53
Colquitt,Crosland,U.S. Senate,,Republican,Herschel Junior Walker,109
Colquitt,Crosland,U.S. Senate,,Democrat,Raphael Warnock (I),32
Colquitt,Doerun,U.S. Senate,,Republican,Herschel Junior Walker,221
Colquitt,Doerun,U.S. Senate,,Democrat,Raphael Warnock (I),114
Colquitt,Funston,U.S. Senate,,Republican,Herschel Junior Walker,490
Colquitt,Funston,U.S. Senate,,Democrat,Raphael Warnock (I),72
Colquitt,Hamilton,U.S. Senate,,Republican,Herschel Junior Walker,371
Colquitt,Hamilton,U.S. Senate,,Democrat,Raphael Warnock (I),37
Colquitt,Hartsfield,U.S. Senate,,Republican,Herschel Junior Walker,252
Colquitt,Hartsfield,U.S. Senate,,Democrat,Raphael Warnock (I),19
Colquitt,Hopewell,U.S. Senate,,Republican,Herschel Junior Walker,715
Colquitt,Hopewell,U.S. Senate,,Democrat,Raphael Warnock (I),109
Colquitt,Lee,U.S. Senate,,Republican,Herschel Junior Walker,391
Colquitt,Lee,U.S. Senate,,Democrat,Raphael Warnock (I),66
Colquitt,Millcreek,U.S. Senate,,Republican,Herschel Junior Walker,206
Colquitt,Millcreek,U.S. Senate,,Democrat,Raphael Warnock (I),22
Colquitt,Monk,U.S. Senate,,Republican,Herschel Junior Walker,661
Colquitt,Monk,U.S. Senate,,Democrat,Raphael Warnock (I),119
Colquitt,Murphy,U.S. Senate,,Republican,Herschel Junior Walker,551
Colquitt,Murphy,U.S. Senate,,Democrat,Raphael Warnock (I),67
Colquitt,Norman Park,U.S. Senate,,Republican,Herschel Junior Walker,853
Colquitt,Norman Park,U.S. Senate,,Democrat,Raphael Warnock (I),225
Colquitt,Robinson,U.S. Senate,,Republican,Herschel Junior Walker,353
Colquitt,Robinson,U.S. Senate,,Democrat,Raphael Warnock (I),59
Colquitt,Thigpen,U.S. Senate,,Republican,Herschel Junior Walker,124
Colquitt,Thigpen,U.S. Senate,,Democrat,Raphael Warnock (I),13
Colquitt,TyTy,U.S. Senate,,Republican,Herschel Junior Walker,256
Colquitt,TyTy,U.S. Senate,,Democrat,Raphael Warnock (I),15
Colquitt,Warrior,U.S. Senate,,Republican,Herschel Junior Walker,465
Colquitt,Warrior,U.S. Senate,,Democrat,Raphael Warnock (I),46
Columbia,Kiokee Bapt Church,U.S. Senate,,Republican,Herschel Junior Walker,1602
Columbia,Kiokee Bapt Church,U.S. Senate,,Democrat,Raphael Warnock (I),252
Columbia,Stevens Creek Church-Grovetown,U.S. Senate,,Republican,Herschel Junior Walker,469
Columbia,Stevens Creek Church-Grovetown,U.S. Senate,,Democrat,Raphael Warnock (I),487
Columbia,Lewis Methodist,U.S. Senate,,Republican,Herschel Junior Walker,1335
Columbia,Lewis Methodist,U.S. Senate,,Democrat,Raphael Warnock (I),938
Columbia,Woodlawn Bapt Church,U.S. Senate,,Republican,Herschel Junior Walker,578
Columbia,Woodlawn Bapt Church,U.S. Senate,,Democrat,Raphael Warnock (I),201
Columbia,Patriots Park,U.S. Senate,,Republican,Herschel Junior Walker,707
Columbia,Patriots Park,U.S. Senate,,Democrat,Raphael Warnock (I),469
Columbia,New Life Church,U.S. Senate,,Republican,Herschel Junior Walker,238
Columbia,New Life Church,U.S. Senate,,Democrat,Raphael Warnock (I),165
Columbia,Columbia Co. Health Dept.,U.S. Senate,,Republican,Herschel Junior Walker,727
Columbia,Columbia Co. Health Dept.,U.S. Senate,,Democrat,Raphael Warnock (I),1122
Columbia,Harlem Branch Library,U.S. Senate,,Republican,Herschel Junior Walker,1013
Columbia,Harlem Branch Library,U.S. Senate,,Democrat,Raphael Warnock (I),368
Columbia,Harlem Senior Center,U.S. Senate,,Republican,Herschel Junior Walker,581
Columbia,Harlem Senior Center,U.S. Senate,,Democrat,Raphael Warnock (I),400
Columbia,Second Mount Moriah Baptist Church,U.S. Senate,,Republican,Herschel Junior Walker,547
Columbia,Second Mount Moriah Baptist Church,U.S. Senate,,Democrat,Raphael Warnock (I),146
Columbia,Bessie Thomas Center,U.S. Senate,,Republican,Herschel Junior Walker,389
Columbia,Bessie Thomas Center,U.S. Senate,,Democrat,Raphael Warnock (I),59
Columbia,Philadelphia Church,U.S. Senate,,Republican,Herschel Junior Walker,598
Columbia,Philadelphia Church,U.S. Senate,,Democrat,Raphael Warnock (I),555
Columbia,Liberty Park-Grovetown,U.S. Senate,,Republican,Herschel Junior Walker,663
Columbia,Liberty Park-Grovetown,U.S. Senate,,Democrat,Raphael Warnock (I),746
Columbia,Grovetown Methodist,U.S. Senate,,Republican,Herschel Junior Walker,340
Columbia,Grovetown Methodist,U.S. Senate,,Democrat,Raphael Warnock (I),721
Columbia,G A Apostolic Church,U.S. Senate,,Republican,Herschel Junior Walker,567
Columbia,G A Apostolic Church,U.S. Senate,,Democrat,Raphael Warnock (I),341
Columbia,Grovetown Dept of Public Safety Station #2,U.S. Senate,,Republican,Herschel Junior Walker,634
Columbia,Grovetown Dept of Public Safety Station #2,U.S. Senate,,Democrat,Raphael Warnock (I),1041
Columbia,Grove First Baptist Church,U.S. Senate,,Republican,Herschel Junior Walker,455
Columbia,Grove First Baptist Church,U.S. Senate,,Democrat,Raphael Warnock (I),902
Columbia,Eubank/Blanchard Ctr,U.S. Senate,,Republican,Herschel Junior Walker,630
Columbia,Eubank/Blanchard Ctr,U.S. Senate,,Democrat,Raphael Warnock (I),195
Columbia,Second Mt. Carmel Baptist Church,U.S. Senate,,Republican,Herschel Junior Walker,223
Columbia,Second Mt. Carmel Baptist Church,U.S. Senate,,Democrat,Raphael Warnock (I),219
Columbia,Damascus Bapt Church,U.S. Senate,,Republican,Herschel Junior Walker,633
Columbia,Damascus Bapt Church,U.S. Senate,,Democrat,Raphael Warnock (I),97
Columbia,Col Cty Board of Edu,U.S. Senate,,Republican,Herschel Junior Walker,746
Columbia,Col Cty Board of Edu,U.S. Senate,,Democrat,Raphael Warnock (I),381
Columbia,Greenbrier High,U.S. Senate,,Republican,Herschel Junior Walker,1409
Columbia,Greenbrier High,U.S. Senate,,Democrat,Raphael Warnock (I),580
Columbia,Parkway Baptist Church,U.S. Senate,,Republican,Herschel Junior Walker,947
Columbia,Parkway Baptist Church,U.S. Senate,,Democrat,Raphael Warnock (I),610
Columbia,Riverview Church,U.S. Senate,,Republican,Herschel Junior Walker,530
Columbia,Riverview Church,U.S. Senate,,Democrat,Raphael Warnock (I),262
Columbia,Grace Baptist Church,U.S. Senate,,Republican,Herschel Junior Walker,1103
Columbia,Grace Baptist Church,U.S. Senate,,Democrat,Raphael Warnock (I),905
Columbia,Christ Sanctified,U.S. Senate,,Republican,Herschel Junior Walker,876
Columbia,Christ Sanctified,U.S. Senate,,Democrat,Raphael Warnock (I),456
Columbia,Parkway Elementary,U.S. Senate,,Republican,Herschel Junior Walker,923
Columbia,Parkway Elementary,U.S. Senate,,Democrat,Raphael Warnock (I),463
Columbia,Blanchard Park,U.S. Senate,,Republican,Herschel Junior Walker,502
Columbia,Blanchard Park,U.S. Senate,,Democrat,Raphael Warnock (I),383
Columbia,Belair Baptist Church,U.S. Senate,,Republican,Herschel Junior Walker,854
Columbia,Belair Baptist Church,U.S. Senate,,Democrat,Raphael Warnock (I),506
Columbia,Marvin Methodist,U.S. Senate,,Republican,Herschel Junior Walker,603
Columbia,Marvin Methodist,U.S. Senate,,Democrat,Raphael Warnock (I),348
Columbia,Westside Bapt Church,U.S. Senate,,Republican,Herschel Junior Walker,611
Columbia,Westside Bapt Church,U.S. Senate,,Democrat,Raphael Warnock (I),281
Columbia,Trinity Bapt Church,U.S. Senate,,Republican,Herschel Junior Walker,990
Columbia,Trinity Bapt Church,U.S. Senate,,Democrat,Raphael Warnock (I),376
Columbia,Abilene Baptist,U.S. Senate,,Republican,Herschel Junior Walker,630
Columbia,Abilene Baptist,U.S. Senate,,Democrat,Raphael Warnock (I),331
Columbia,Augusta Christian,U.S. Senate,,Republican,Herschel Junior Walker,699
Columbia,Augusta Christian,U.S. Senate,,Democrat,Raphael Warnock (I),426
Columbia,Savannah Rapids Pavilion,U.S. Senate,,Republican,Herschel Junior Walker,766
Columbia,Savannah Rapids Pavilion,U.S. Senate,,Democrat,Raphael Warnock (I),258
Columbia,Gospel Water Branch,U.S. Senate,,Republican,Herschel Junior Walker,877
Columbia,Gospel Water Branch,U.S. Senate,,Democrat,Raphael Warnock (I),541
Columbia,ACS-Furys Ferry Rd Campus,U.S. Senate,,Republican,Herschel Junior Walker,743
Columbia,ACS-Furys Ferry Rd Campus,U.S. Senate,,Democrat,Raphael Warnock (I),375
Columbia,Stevens Creek Church,U.S. Senate,,Republican,Herschel Junior Walker,1237
Columbia,Stevens Creek Church,U.S. Senate,,Democrat,Raphael Warnock (I),560
Columbia,Columbia Co. Fire HDQTR,U.S. Senate,,Republican,Herschel Junior Walker,339
Columbia,Columbia Co. Fire HDQTR,U.S. Senate,,Democrat,Raphael Warnock (I),220
Columbia,Lakeside Middle,U.S. Senate,,Republican,Herschel Junior Walker,510
Columbia,Lakeside Middle,U.S. Senate,,Democrat,Raphael Warnock (I),306
Columbia,Martinez Baptist,U.S. Senate,,Republican,Herschel Junior Walker,496
Columbia,Martinez Baptist,U.S. Senate,,Democrat,Raphael Warnock (I),348
Columbia,Gold Cross EMS,U.S. Senate,,Republican,Herschel Junior Walker,729
Columbia,Gold Cross EMS,U.S. Senate,,Democrat,Raphael Warnock (I),265
Columbia,Church of Our Savior,U.S. Senate,,Republican,Herschel Junior Walker,648
Columbia,Church of Our Savior,U.S. Senate,,Democrat,Raphael Warnock (I),428
Columbia,West Acres Baptist,U.S. Senate,,Republican,Herschel Junior Walker,873
Columbia,West Acres Baptist,U.S. Senate,,Democrat,Raphael Warnock (I),409
Columbia,Journey Comm Church,U.S. Senate,,Republican,Herschel Junior Walker,687
Columbia,Journey Comm Church,U.S. Senate,,Democrat,Raphael Warnock (I),206
Columbia,Wesley Methodist,U.S. Senate,,Republican,Herschel Junior Walker,943
Columbia,Wesley Methodist,U.S. Senate,,Democrat,Raphael Warnock (I),398
Columbia,Col Cty Main Library,U.S. Senate,,Republican,Herschel Junior Walker,737
Columbia,Col Cty Main Library,U.S. Senate,,Democrat,Raphael Warnock (I),425
Columbia,Christ Church Presbyterian,U.S. Senate,,Republican,Herschel Junior Walker,851
Columbia,Christ Church Presbyterian,U.S. Senate,,Democrat,Raphael Warnock (I),339
Columbia,Blueridge Elementary,U.S. Senate,,Republican,Herschel Junior Walker,688
Columbia,Blueridge Elementary,U.S. Senate,,Democrat,Raphael Warnock (I),414
Columbia,Christ The King Church,U.S. Senate,,Republican,Herschel Junior Walker,855
Columbia,Christ The King Church,U.S. Senate,,Democrat,Raphael Warnock (I),419
Cook,Cecil,U.S. Senate,,Republican,Herschel Junior Walker,490
Cook,Cecil,U.S. Senate,,Democrat,Raphael Warnock (I),337
Cook,Delle Beamguard,U.S. Senate,,Republican,Herschel Junior Walker,917
Cook,Delle Beamguard,U.S. Senate,,Democrat,Raphael Warnock (I),281
Cook,Elm Pine,U.S. Senate,,Republican,Herschel Junior Walker,9
Cook,Elm Pine,U.S. Senate,,Democrat,Raphael Warnock (I),205
Cook,Lenox,U.S. Senate,,Republican,Herschel Junior Walker,554
Cook,Lenox,U.S. Senate,,Democrat,Raphael Warnock (I),127
Cook,Massee,U.S. Senate,,Republican,Herschel Junior Walker,414
Cook,Massee,U.S. Senate,,Democrat,Raphael Warnock (I),93
Cook,New Life Baptist Church,U.S. Senate,,Republican,Herschel Junior Walker,566
Cook,New Life Baptist Church,U.S. Senate,,Democrat,Raphael Warnock (I),89
Cook,Riverbend,U.S. Senate,,Republican,Herschel Junior Walker,602
Cook,Riverbend,U.S. Senate,,Democrat,Raphael Warnock (I),82
Cook,Sparks,U.S. Senate,,Republican,Herschel Junior Walker,137
Cook,Sparks,U.S. Senate,,Democrat,Raphael Warnock (I),238
Coweta,Senoia,U.S. Senate,,Republican,Herschel Junior Walker,2532
Coweta,Senoia,U.S. Senate,,Democrat,Raphael Warnock (I),931
Coweta,Moreland,U.S. Senate,,Republican,Herschel Junior Walker,1331
Coweta,Moreland,U.S. Senate,,Democrat,Raphael Warnock (I),309
Coweta,Pine Road,U.S. Senate,,Republican,Herschel Junior Walker,1100
Coweta,Pine Road,U.S. Senate,,Democrat,Raphael Warnock (I),246
Coweta,Dresden,U.S. Senate,,Republican,Herschel Junior Walker,416
Coweta,Dresden,U.S. Senate,,Democrat,Raphael Warnock (I),82
Coweta,Newnan,U.S. Senate,,Republican,Herschel Junior Walker,547
Coweta,Newnan,U.S. Senate,,Democrat,Raphael Warnock (I),888
Coweta,Sharpsburg,U.S. Senate,,Republican,Herschel Junior Walker,2009
Coweta,Sharpsburg,U.S. Senate,,Democrat,Raphael Warnock (I),566
Coweta,Fischer Road,U.S. Senate,,Republican,Herschel Junior Walker,1689
Coweta,Fischer Road,U.S. Senate,,Democrat,Raphael Warnock (I),703
Coweta,Grantville,U.S. Senate,,Republican,Herschel Junior Walker,772
Coweta,Grantville,U.S. Senate,,Democrat,Raphael Warnock (I),401
Coweta,Haralson,U.S. Senate,,Republican,Herschel Junior Walker,1093
Coweta,Haralson,U.S. Senate,,Democrat,Raphael Warnock (I),235
Coweta,Welcome,U.S. Senate,,Republican,Herschel Junior Walker,1338
Coweta,Welcome,U.S. Senate,,Democrat,Raphael Warnock (I),383
Coweta,Panther Creek,U.S. Senate,,Republican,Herschel Junior Walker,1115
Coweta,Panther Creek,U.S. Senate,,Democrat,Raphael Warnock (I),395
Coweta,Raymond,U.S. Senate,,Republican,Herschel Junior Walker,1154
Coweta,Raymond,U.S. Senate,,Democrat,Raphael Warnock (I),322
Coweta,Turin,U.S. Senate,,Republican,Herschel Junior Walker,2217
Coweta,Turin,U.S. Senate,,Democrat,Raphael Warnock (I),648
Coweta,Smokey Road,U.S. Senate,,Republican,Herschel Junior Walker,602
Coweta,Smokey Road,U.S. Senate,,Democrat,Raphael Warnock (I),559
Coweta,Central,U.S. Senate,,Republican,Herschel Junior Walker,490
Coweta,Central,U.S. Senate,,Democrat,Raphael Warnock (I),1031
Coweta,Newnan Centre,U.S. Senate,,Republican,Herschel Junior Walker,4432
Coweta,Newnan Centre,U.S. Senate,,Democrat,Raphael Warnock (I),4030
Coweta,Greentop,U.S. Senate,,Republican,Herschel Junior Walker,858
Coweta,Greentop,U.S. Senate,,Democrat,Raphael Warnock (I),583
Coweta,Expo Center,U.S. Senate,,Republican,Herschel Junior Walker,756
Coweta,Expo Center,U.S. Senate,,Democrat,Raphael Warnock (I),359
Coweta,White Oak,U.S. Senate,,Republican,Herschel Junior Walker,1600
Coweta,White Oak,U.S. Senate,,Democrat,Raphael Warnock (I),768
Coweta,Madras,U.S. Senate,,Republican,Herschel Junior Walker,3559
Coweta,Madras,U.S. Senate,,Democrat,Raphael Warnock (I),1734
Coweta,Cannongate,U.S. Senate,,Republican,Herschel Junior Walker,1591
Coweta,Cannongate,U.S. Senate,,Democrat,Raphael Warnock (I),541
Coweta,Westside,U.S. Senate,,Republican,Herschel Junior Walker,119
Coweta,Westside,U.S. Senate,,Democrat,Raphael Warnock (I),260
Coweta,Northside,U.S. Senate,,Republican,Herschel Junior Walker,838
Coweta,Northside,U.S. Senate,,Democrat,Raphael Warnock (I),507
Coweta,Thomas Crossroads,U.S. Senate,,Republican,Herschel Junior Walker,2037
Coweta,Thomas Crossroads,U.S. Senate,,Democrat,Raphael Warnock (I),718
Coweta,Coweta Central Library,U.S. Senate,,Republican,Herschel Junior Walker,915
Coweta,Coweta Central Library,U.S. Senate,,Democrat,Raphael Warnock (I),301
Crawford,District 1,U.S. Senate,,Republican,Herschel Junior Walker,373
Crawford,District 1,U.S. Senate,,Democrat,Raphael Warnock (I),503
Crawford,District 2,U.S. Senate,,Republican,Herschel Junior Walker,621
Crawford,District 2,U.S. Senate,,Democrat,Raphael Warnock (I),331
Crawford,District 3,U.S. Senate,,Republican,Herschel Junior Walker,668
Crawford,District 3,U.S. Senate,,Democrat,Raphael Warnock (I),104
Crawford,District 4,U.S. Senate,,Republican,Herschel Junior Walker,844
Crawford,District 4,U.S. Senate,,Democrat,Raphael Warnock (I),154
Crawford,District 5,U.S. Senate,,Republican,Herschel Junior Walker,690
Crawford,District 5,U.S. Senate,,Democrat,Raphael Warnock (I),136
Crisp,Arabi,U.S. Senate,,Republican,Herschel Junior Walker,330
Crisp,Arabi,U.S. Senate,,Democrat,Raphael Warnock (I),78
Crisp,Coney,U.S. Senate,,Republican,Herschel Junior Walker,529
Crisp,Coney,U.S. Senate,,Democrat,Raphael Warnock (I),84
Crisp,Cordele,U.S. Senate,,Republican,Herschel Junior Walker,1747
Crisp,Cordele,U.S. Senate,,Democrat,Raphael Warnock (I),1766
Crisp,Jamestown,U.S. Senate,,Republican,Herschel Junior Walker,686
Crisp,Jamestown,U.S. Senate,,Democrat,Raphael Warnock (I),79
Crisp,Listonia,U.S. Senate,,Republican,Herschel Junior Walker,440
Crisp,Listonia,U.S. Senate,,Democrat,Raphael Warnock (I),28
Dade,South Dade,U.S. Senate,,Republican,Herschel Junior Walker,385
Dade,South Dade,U.S. Senate,,Democrat,Raphael Warnock (I),101
Dade,New Salem,U.S. Senate,,Republican,Herschel Junior Walker,561
Dade,New Salem,U.S. Senate,,Democrat,Raphael Warnock (I),156
Dade,Davis,U.S. Senate,,Republican,Herschel Junior Walker,907
Dade,Davis,U.S. Senate,,Democrat,Raphael Warnock (I),71
Dade,New Home,U.S. Senate,,Republican,Herschel Junior Walker,291
Dade,New Home,U.S. Senate,,Democrat,Raphael Warnock (I),54
Dade,West Brow,U.S. Senate,,Republican,Herschel Junior Walker,475
Dade,West Brow,U.S. Senate,,Democrat,Raphael Warnock (I),142
Dade,Trenton,U.S. Senate,,Republican,Herschel Junior Walker,970
Dade,Trenton,U.S. Senate,,Democrat,Raphael Warnock (I),193
Dade,North Dade,U.S. Senate,,Republican,Herschel Junior Walker,606
Dade,North Dade,U.S. Senate,,Democrat,Raphael Warnock (I),184
Dawson,West,U.S. Senate,,Republican,Herschel Junior Walker,1335
Dawson,West,U.S. Senate,,Democrat,Raphael Warnock (I),473
Dawson,Central,U.S. Senate,,Republican,Herschel Junior Walker,4621
Dawson,Central,U.S. Senate,,Democrat,Raphael Warnock (I),703
Dawson,East,U.S. Senate,,Republican,Herschel Junior Walker,4210
Dawson,East,U.S. Senate,,Democrat,Raphael Warnock (I),927
Decatur,Mt. Pleasant,U.S. Senate,,Republican,Herschel Junior Walker,297
Decatur,Mt. Pleasant,U.S. Senate,,Democrat,Raphael Warnock (I),39
Decatur,Recovery,U.S. Senate,,Republican,Herschel Junior Walker,322
Decatur,Recovery,U.S. Senate,,Democrat,Raphael Warnock (I),81
Decatur,Kendrick,U.S. Senate,,Republican,Herschel Junior Walker,245
Decatur,Kendrick,U.S. Senate,,Democrat,Raphael Warnock (I),65
Decatur,Climax,U.S. Senate,,Republican,Herschel Junior Walker,413
Decatur,Climax,U.S. Senate,,Democrat,Raphael Warnock (I),132
Decatur,Brinson,U.S. Senate,,Republican,Herschel Junior Walker,366
Decatur,Brinson,U.S. Senate,,Democrat,Raphael Warnock (I),82
Decatur,West Bainbridge,U.S. Senate,,Republican,Herschel Junior Walker,520
Decatur,West Bainbridge,U.S. Senate,,Democrat,Raphael Warnock (I),409
Decatur,Bainbridge-Coliseum,U.S. Senate,,Republican,Herschel Junior Walker,428
Decatur,Bainbridge-Coliseum,U.S. Senate,,Democrat,Raphael Warnock (I),428
Decatur,Bainbridge-Fairgrounds,U.S. Senate,,Republican,Herschel Junior Walker,693
Decatur,Bainbridge-Fairgrounds,U.S. Senate,,Democrat,Raphael Warnock (I),725
Decatur,Attapulgus,U.S. Senate,,Republican,Herschel Junior Walker,329
Decatur,Attapulgus,U.S. Senate,,Democrat,Raphael Warnock (I),541
Decatur,Kirbo Center,U.S. Senate,,Republican,Herschel Junior Walker,1267
Decatur,Kirbo Center,U.S. Senate,,Democrat,Raphael Warnock (I),586
DeKalb,Allgood Elem,U.S. Senate,,Republican,Herschel Junior Walker,126
DeKalb,Allgood Elem,U.S. Senate,,Democrat,Raphael Warnock (I),1300
DeKalb,Ashford Park Elem,U.S. Senate,,Republican,Herschel Junior Walker,619
DeKalb,Ashford Park Elem,U.S. Senate,,Democrat,Raphael Warnock (I),948
DeKalb,Austin,U.S. Senate,,Republican,Herschel Junior Walker,801
DeKalb,Austin,U.S. Senate,,Democrat,Raphael Warnock (I),937
DeKalb,Avondale,U.S. Senate,,Republican,Herschel Junior Walker,423
DeKalb,Avondale,U.S. Senate,,Democrat,Raphael Warnock (I),2007
DeKalb,Austin Drive,U.S. Senate,,Republican,Herschel Junior Walker,36
DeKalb,Austin Drive,U.S. Senate,,Democrat,Raphael Warnock (I),916
DeKalb,Ashford Dunwoody Rd,U.S. Senate,,Republican,Herschel Junior Walker,693
DeKalb,Ashford Dunwoody Rd,U.S. Senate,,Democrat,Raphael Warnock (I),1222
DeKalb,Ashford Parkside,U.S. Senate,,Republican,Herschel Junior Walker,682
DeKalb,Ashford Parkside,U.S. Senate,,Democrat,Raphael Warnock (I),1308
DeKalb,Avondale High,U.S. Senate,,Republican,Herschel Junior Walker,171
DeKalb,Avondale High,U.S. Senate,,Democrat,Raphael Warnock (I),2029
DeKalb,Boulevard,U.S. Senate,,Republican,Herschel Junior Walker,139
DeKalb,Boulevard,U.S. Senate,,Democrat,Raphael Warnock (I),2709
DeKalb,Briar Vista Elem,U.S. Senate,,Republican,Herschel Junior Walker,248
DeKalb,Briar Vista Elem,U.S. Senate,,Democrat,Raphael Warnock (I),1414
DeKalb,Briarlake Elem,U.S. Senate,,Republican,Herschel Junior Walker,350
DeKalb,Briarlake Elem,U.S. Senate,,Democrat,Raphael Warnock (I),888
DeKalb,Briarwood,U.S. Senate,,Republican,Herschel Junior Walker,362
DeKalb,Briarwood,U.S. Senate,,Democrat,Raphael Warnock (I),900
DeKalb,Brockett Elem,U.S. Senate,,Republican,Herschel Junior Walker,358
DeKalb,Brockett Elem,U.S. Senate,,Democrat,Raphael Warnock (I),1062
DeKalb,Briarcliff,U.S. Senate,,Republican,Herschel Junior Walker,474
DeKalb,Briarcliff,U.S. Senate,,Democrat,Raphael Warnock (I),1317
DeKalb,Brockett,U.S. Senate,,Republican,Herschel Junior Walker,370
DeKalb,Brockett,U.S. Senate,,Democrat,Raphael Warnock (I),1109
DeKalb,Brookhaven,U.S. Senate,,Republican,Herschel Junior Walker,620
DeKalb,Brookhaven,U.S. Senate,,Democrat,Raphael Warnock (I),1250
DeKalb,Browns Mill Elem,U.S. Senate,,Republican,Herschel Junior Walker,64
DeKalb,Browns Mill Elem,U.S. Senate,,Democrat,Raphael Warnock (I),2069
DeKalb,Bouldercrest Road,U.S. Senate,,Republican,Herschel Junior Walker,31
DeKalb,Bouldercrest Road,U.S. Senate,,Democrat,Raphael Warnock (I),995
DeKalb,Bethune Middle,U.S. Senate,,Republican,Herschel Junior Walker,55
DeKalb,Bethune Middle,U.S. Senate,,Democrat,Raphael Warnock (I),1926
DeKalb,Burgess Elem,U.S. Senate,,Republican,Herschel Junior Walker,77
DeKalb,Burgess Elem,U.S. Senate,,Democrat,Raphael Warnock (I),1967
DeKalb,Columbia Drive,U.S. Senate,,Republican,Herschel Junior Walker,33
DeKalb,Columbia Drive,U.S. Senate,,Democrat,Raphael Warnock (I),927
DeKalb,Canby Lane Elem,U.S. Senate,,Republican,Herschel Junior Walker,32
DeKalb,Canby Lane Elem,U.S. Senate,,Democrat,Raphael Warnock (I),871
DeKalb,Columbia Elem,U.S. Senate,,Republican,Herschel Junior Walker,6
DeKalb,Columbia Elem,U.S. Senate,,Democrat,Raphael Warnock (I),452
DeKalb,Cedar Grove Elem,U.S. Senate,,Republican,Herschel Junior Walker,37
DeKalb,Cedar Grove Elem,U.S. Senate,,Democrat,Raphael Warnock (I),1899
DeKalb,Chamblee,U.S. Senate,,Republican,Herschel Junior Walker,337
DeKalb,Chamblee,U.S. Senate,,Democrat,Raphael Warnock (I),939
DeKalb,Candler-Murphey Candler Elem,U.S. Senate,,Republican,Herschel Junior Walker,108
DeKalb,Candler-Murphey Candler Elem,U.S. Senate,,Democrat,Raphael Warnock (I),1782
DeKalb,Chapel Hill Elem,U.S. Senate,,Republican,Herschel Junior Walker,49
DeKalb,Chapel Hill Elem,U.S. Senate,,Democrat,Raphael Warnock (I),1632
DeKalb,Chesnut Elem,U.S. Senate,,Republican,Herschel Junior Walker,248
DeKalb,Chesnut Elem,U.S. Senate,,Democrat,Raphael Warnock (I),882
DeKalb,Clairemont West,U.S. Senate,,Republican,Herschel Junior Walker,220
DeKalb,Clairemont West,U.S. Senate,,Democrat,Raphael Warnock (I),2276
DeKalb,Clairmont Road,U.S. Senate,,Republican,Herschel Junior Walker,233
DeKalb,Clairmont Road,U.S. Senate,,Democrat,Raphael Warnock (I),1620
DeKalb,Clarkston,U.S. Senate,,Republican,Herschel Junior Walker,124
DeKalb,Clarkston,U.S. Senate,,Democrat,Raphael Warnock (I),1032
DeKalb,Clifton,U.S. Senate,,Republican,Herschel Junior Walker,26
DeKalb,Clifton,U.S. Senate,,Democrat,Raphael Warnock (I),747
DeKalb,Columbia Middle,U.S. Senate,,Republican,Herschel Junior Walker,17
DeKalb,Columbia Middle,U.S. Senate,,Democrat,Raphael Warnock (I),760
DeKalb,Coan Recreation Center,U.S. Senate,,Republican,Herschel Junior Walker,108
DeKalb,Coan Recreation Center,U.S. Senate,,Democrat,Raphael Warnock (I),2026
DeKalb,Cross Keys High,U.S. Senate,,Republican,Herschel Junior Walker,254
DeKalb,Cross Keys High,U.S. Senate,,Democrat,Raphael Warnock (I),788
DeKalb,Crossroads,U.S. Senate,,Republican,Herschel Junior Walker,52
DeKalb,Crossroads,U.S. Senate,,Democrat,Raphael Warnock (I),1270
DeKalb,Candler,U.S. Senate,,Republican,Herschel Junior Walker,55
DeKalb,Candler,U.S. Senate,,Democrat,Raphael Warnock (I),1443
DeKalb,Cedar Grove Middle,U.S. Senate,,Republican,Herschel Junior Walker,21
DeKalb,Cedar Grove Middle,U.S. Senate,,Democrat,Raphael Warnock (I),644
DeKalb,Cedar Grove South,U.S. Senate,,Republican,Herschel Junior Walker,50
DeKalb,Cedar Grove South,U.S. Senate,,Democrat,Raphael Warnock (I),2047
DeKalb,Covington Hwy,U.S. Senate,,Republican,Herschel Junior Walker,4
DeKalb,Covington Hwy,U.S. Senate,,Democrat,Raphael Warnock (I),69
DeKalb,Covington,U.S. Senate,,Republican,Herschel Junior Walker,69
DeKalb,Covington,U.S. Senate,,Democrat,Raphael Warnock (I),805
DeKalb,Clairemont East,U.S. Senate,,Republican,Herschel Junior Walker,213
DeKalb,Clairemont East,U.S. Senate,,Democrat,Raphael Warnock (I),2096
DeKalb,Coralwood,U.S. Senate,,Republican,Herschel Junior Walker,478
DeKalb,Coralwood,U.S. Senate,,Democrat,Raphael Warnock (I),1769
DeKalb,Candler Park,U.S. Senate,,Republican,Herschel Junior Walker,185
DeKalb,Candler Park,U.S. Senate,,Democrat,Raphael Warnock (I),2578
DeKalb,Clarkston Community Center,U.S. Senate,,Republican,Herschel Junior Walker,114
DeKalb,Clarkston Community Center,U.S. Senate,,Democrat,Raphael Warnock (I),837
DeKalb,Chamblee 2,U.S. Senate,,Republican,Herschel Junior Walker,537
DeKalb,Chamblee 2,U.S. Senate,,Democrat,Raphael Warnock (I),1244
DeKalb,Doraville North,U.S. Senate,,Republican,Herschel Junior Walker,249
DeKalb,Doraville North,U.S. Senate,,Democrat,Raphael Warnock (I),980
DeKalb,Doraville South,U.S. Senate,,Republican,Herschel Junior Walker,155
DeKalb,Doraville South,U.S. Senate,,Democrat,Raphael Warnock (I),461
DeKalb,Dresden Elem,U.S. Senate,,Republican,Herschel Junior Walker,491
DeKalb,Dresden Elem,U.S. Senate,,Democrat,Raphael Warnock (I),1735
DeKalb,Decatur,U.S. Senate,,Republican,Herschel Junior Walker,76
DeKalb,Decatur,U.S. Senate,,Democrat,Raphael Warnock (I),1253
DeKalb,Dunaire Elem,U.S. Senate,,Republican,Herschel Junior Walker,115
DeKalb,Dunaire Elem,U.S. Senate,,Democrat,Raphael Warnock (I),948
DeKalb,Dunwoody,U.S. Senate,,Republican,Herschel Junior Walker,453
DeKalb,Dunwoody,U.S. Senate,,Democrat,Raphael Warnock (I),1206
DeKalb,Dunwoody 2,U.S. Senate,,Republican,Herschel Junior Walker,559
DeKalb,Dunwoody 2,U.S. Senate,,Democrat,Raphael Warnock (I),795
DeKalb,Druid Hills High,U.S. Senate,,Republican,Herschel Junior Walker,189
DeKalb,Druid Hills High,U.S. Senate,,Democrat,Raphael Warnock (I),1230
DeKalb,Dunwoody Library,U.S. Senate,,Republican,Herschel Junior Walker,817
DeKalb,Dunwoody Library,U.S. Senate,,Democrat,Raphael Warnock (I),914
DeKalb,East Lake,U.S. Senate,,Republican,Herschel Junior Walker,154
DeKalb,East Lake,U.S. Senate,,Democrat,Raphael Warnock (I),2134
DeKalb,Embry Hills,U.S. Senate,,Republican,Herschel Junior Walker,275
DeKalb,Embry Hills,U.S. Senate,,Democrat,Raphael Warnock (I),737
DeKalb,Evansdale Elem,U.S. Senate,,Republican,Herschel Junior Walker,507
DeKalb,Evansdale Elem,U.S. Senate,,Democrat,Raphael Warnock (I),1328
DeKalb,Emory South,U.S. Senate,,Republican,Herschel Junior Walker,275
DeKalb,Emory South,U.S. Senate,,Democrat,Raphael Warnock (I),1606
DeKalb,Emory Road,U.S. Senate,,Republican,Herschel Junior Walker,76
DeKalb,Emory Road,U.S. Senate,,Democrat,Raphael Warnock (I),1281
DeKalb,Fairington Elem,U.S. Senate,,Republican,Herschel Junior Walker,44
DeKalb,Fairington Elem,U.S. Senate,,Democrat,Raphael Warnock (I),1670
DeKalb,Fernbank Elem,U.S. Senate,,Republican,Herschel Junior Walker,254
DeKalb,Fernbank Elem,U.S. Senate,,Democrat,Raphael Warnock (I),1440
DeKalb,Flat Shoals Elem,U.S. Senate,,Republican,Herschel Junior Walker,19
DeKalb,Flat Shoals Elem,U.S. Senate,,Democrat,Raphael Warnock (I),911
DeKalb,Flat Shoals Parkway,U.S. Senate,,Republican,Herschel Junior Walker,56
DeKalb,Flat Shoals Parkway,U.S. Senate,,Democrat,Raphael Warnock (I),1755
DeKalb,Flat Rock Elem,U.S. Senate,,Republican,Herschel Junior Walker,57
DeKalb,Flat Rock Elem,U.S. Senate,,Democrat,Raphael Warnock (I),1627
DeKalb,Flat Shoals,U.S. Senate,,Republican,Herschel Junior Walker,25
DeKalb,Flat Shoals,U.S. Senate,,Democrat,Raphael Warnock (I),937
DeKalb,Flakes Mill,U.S. Senate,,Republican,Herschel Junior Walker,21
DeKalb,Flakes Mill,U.S. Senate,,Democrat,Raphael Warnock (I),1009
DeKalb,Flat Shoals Library,U.S. Senate,,Republican,Herschel Junior Walker,26
DeKalb,Flat Shoals Library,U.S. Senate,,Democrat,Raphael Warnock (I),972
DeKalb,Freedom Middle,U.S. Senate,,Republican,Herschel Junior Walker,122
DeKalb,Freedom Middle,U.S. Senate,,Democrat,Raphael Warnock (I),1183
DeKalb,Glennwood,U.S. Senate,,Republican,Herschel Junior Walker,112
DeKalb,Glennwood,U.S. Senate,,Democrat,Raphael Warnock (I),1736
DeKalb,Glenhaven,U.S. Senate,,Republican,Herschel Junior Walker,64
DeKalb,Glenhaven,U.S. Senate,,Democrat,Raphael Warnock (I),742
DeKalb,Gresham Road,U.S. Senate,,Republican,Herschel Junior Walker,51
DeKalb,Gresham Road,U.S. Senate,,Democrat,Raphael Warnock (I),1659
DeKalb,Georgetown Sq,U.S. Senate,,Republican,Herschel Junior Walker,480
DeKalb,Georgetown Sq,U.S. Senate,,Democrat,Raphael Warnock (I),1194
DeKalb,Glenwood Road,U.S. Senate,,Republican,Herschel Junior Walker,47
DeKalb,Glenwood Road,U.S. Senate,,Democrat,Raphael Warnock (I),787
DeKalb,Hambrick Elem,U.S. Senate,,Republican,Herschel Junior Walker,185
DeKalb,Hambrick Elem,U.S. Senate,,Democrat,Raphael Warnock (I),1310
DeKalb,Hawthorne Elem,U.S. Senate,,Republican,Herschel Junior Walker,379
DeKalb,Hawthorne Elem,U.S. Senate,,Democrat,Raphael Warnock (I),1533
DeKalb,Henderson Mill,U.S. Senate,,Republican,Herschel Junior Walker,429
DeKalb,Henderson Mill,U.S. Senate,,Democrat,Raphael Warnock (I),1363
DeKalb,Huntley Hills Elem,U.S. Senate,,Republican,Herschel Junior Walker,363
DeKalb,Huntley Hills Elem,U.S. Senate,,Democrat,Raphael Warnock (I),1203
DeKalb,Hugh Howell,U.S. Senate,,Republican,Herschel Junior Walker,365
DeKalb,Hugh Howell,U.S. Senate,,Democrat,Raphael Warnock (I),803
DeKalb,Harris-Narvie J Harris Elem,U.S. Senate,,Republican,Herschel Junior Walker,43
DeKalb,Harris-Narvie J Harris Elem,U.S. Senate,,Democrat,Raphael Warnock (I),1888
DeKalb,Harris-Margaret Harris ED,U.S. Senate,,Republican,Herschel Junior Walker,97
DeKalb,Harris-Margaret Harris ED,U.S. Senate,,Democrat,Raphael Warnock (I),628
DeKalb,Idlewood Elem,U.S. Senate,,Republican,Herschel Junior Walker,205
DeKalb,Idlewood Elem,U.S. Senate,,Democrat,Raphael Warnock (I),930
DeKalb,Indian Creek,U.S. Senate,,Republican,Herschel Junior Walker,91
DeKalb,Indian Creek,U.S. Senate,,Democrat,Raphael Warnock (I),703
DeKalb,Johnson Estates,U.S. Senate,,Republican,Herschel Junior Walker,172
DeKalb,Johnson Estates,U.S. Senate,,Democrat,Raphael Warnock (I),1001
DeKalb,Jolly Elem,U.S. Senate,,Republican,Herschel Junior Walker,242
DeKalb,Jolly Elem,U.S. Senate,,Democrat,Raphael Warnock (I),1230
DeKalb,Kelley Lake Elem,U.S. Senate,,Republican,Herschel Junior Walker,44
DeKalb,Kelley Lake Elem,U.S. Senate,,Democrat,Raphael Warnock (I),1242
DeKalb,Kingsley Elem,U.S. Senate,,Republican,Herschel Junior Walker,792
DeKalb,Kingsley Elem,U.S. Senate,,Democrat,Raphael Warnock (I),902
DeKalb,Kelley Chapel Road,U.S. Senate,,Republican,Herschel Junior Walker,24
DeKalb,Kelley Chapel Road,U.S. Senate,,Democrat,Raphael Warnock (I),734
DeKalb,Knollwood,U.S. Senate,,Republican,Herschel Junior Walker,47
DeKalb,Knollwood,U.S. Senate,,Democrat,Raphael Warnock (I),1150
DeKalb,Kittredge Elem,U.S. Senate,,Republican,Herschel Junior Walker,539
DeKalb,Kittredge Elem,U.S. Senate,,Democrat,Raphael Warnock (I),981
DeKalb,Lakeside High,U.S. Senate,,Republican,Herschel Junior Walker,570
DeKalb,Lakeside High,U.S. Senate,,Democrat,Raphael Warnock (I),1584
DeKalb,Lavista Road,U.S. Senate,,Republican,Herschel Junior Walker,308
DeKalb,Lavista Road,U.S. Senate,,Democrat,Raphael Warnock (I),1070
DeKalb,Lavista,U.S. Senate,,Republican,Herschel Junior Walker,295
DeKalb,Lavista,U.S. Senate,,Democrat,Raphael Warnock (I),1091
DeKalb,Lithonia,U.S. Senate,,Republican,Herschel Junior Walker,32
DeKalb,Lithonia,U.S. Senate,,Democrat,Raphael Warnock (I),521
DeKalb,Lin-Mary Lin Elem,U.S. Senate,,Republican,Herschel Junior Walker,174
DeKalb,Lin-Mary Lin Elem,U.S. Senate,,Democrat,Raphael Warnock (I),1736
DeKalb,Lithonia High,U.S. Senate,,Republican,Herschel Junior Walker,23
DeKalb,Lithonia High,U.S. Senate,,Democrat,Raphael Warnock (I),1310
DeKalb,Livsey Elem,U.S. Senate,,Republican,Herschel Junior Walker,246
DeKalb,Livsey Elem,U.S. Senate,,Democrat,Raphael Warnock (I),597
DeKalb,Miller-Eldridge L Miller Elem,U.S. Senate,,Republican,Herschel Junior Walker,63
DeKalb,Miller-Eldridge L Miller Elem,U.S. Senate,,Democrat,Raphael Warnock (I),1444
DeKalb,McNair High,U.S. Senate,,Republican,Herschel Junior Walker,74
DeKalb,McNair High,U.S. Senate,,Democrat,Raphael Warnock (I),1961
DeKalb,Marbut Elem,U.S. Senate,,Republican,Herschel Junior Walker,30
DeKalb,Marbut Elem,U.S. Senate,,Democrat,Raphael Warnock (I),1509
DeKalb,McNair,U.S. Senate,,Republican,Herschel Junior Walker,41
DeKalb,McNair,U.S. Senate,,Democrat,Raphael Warnock (I),1217
DeKalb,McLendon,U.S. Senate,,Republican,Herschel Junior Walker,241
DeKalb,McLendon,U.S. Senate,,Democrat,Raphael Warnock (I),1615
DeKalb,McWilliams,U.S. Senate,,Republican,Herschel Junior Walker,26
DeKalb,McWilliams,U.S. Senate,,Democrat,Raphael Warnock (I),1297
DeKalb,Medlock,U.S. Senate,,Republican,Herschel Junior Walker,230
DeKalb,Medlock,U.S. Senate,,Democrat,Raphael Warnock (I),1517
DeKalb,Midvale Elem,U.S. Senate,,Republican,Herschel Junior Walker,648
DeKalb,Midvale Elem,U.S. Senate,,Democrat,Raphael Warnock (I),1140
DeKalb,Miller Grove,U.S. Senate,,Republican,Herschel Junior Walker,23
DeKalb,Miller Grove,U.S. Senate,,Democrat,Raphael Warnock (I),1636
DeKalb,Montclair Elem,U.S. Senate,,Republican,Herschel Junior Walker,69
DeKalb,Montclair Elem,U.S. Senate,,Democrat,Raphael Warnock (I),574
DeKalb,Montreal,U.S. Senate,,Republican,Herschel Junior Walker,220
DeKalb,Montreal,U.S. Senate,,Democrat,Raphael Warnock (I),1060
DeKalb,Meadowview,U.S. Senate,,Republican,Herschel Junior Walker,31
DeKalb,Meadowview,U.S. Senate,,Democrat,Raphael Warnock (I),1496
DeKalb,Memorial South,U.S. Senate,,Republican,Herschel Junior Walker,81
DeKalb,Memorial South,U.S. Senate,,Democrat,Raphael Warnock (I),774
DeKalb,Midway,U.S. Senate,,Republican,Herschel Junior Walker,65
DeKalb,Midway,U.S. Senate,,Democrat,Raphael Warnock (I),1173
DeKalb,McNair Academy,U.S. Senate,,Republican,Herschel Junior Walker,22
DeKalb,McNair Academy,U.S. Senate,,Democrat,Raphael Warnock (I),945
DeKalb,Mount Vernon East,U.S. Senate,,Republican,Herschel Junior Walker,789
DeKalb,Mount Vernon East,U.S. Senate,,Democrat,Raphael Warnock (I),983
DeKalb,Mathis-Bob Mathis Elem,U.S. Senate,,Republican,Herschel Junior Walker,44
DeKalb,Mathis-Bob Mathis Elem,U.S. Senate,,Democrat,Raphael Warnock (I),1446
DeKalb,Mount Vernon West,U.S. Senate,,Republican,Herschel Junior Walker,578
DeKalb,Mount Vernon West,U.S. Senate,,Democrat,Raphael Warnock (I),925
DeKalb,Metropolitan,U.S. Senate,,Republican,Herschel Junior Walker,90
DeKalb,Metropolitan,U.S. Senate,,Democrat,Raphael Warnock (I),1799
DeKalb,Montgomery Elem,U.S. Senate,,Republican,Herschel Junior Walker,515
DeKalb,Montgomery Elem,U.S. Senate,,Democrat,Raphael Warnock (I),1076
DeKalb,Miller Grove Road,U.S. Senate,,Republican,Herschel Junior Walker,41
DeKalb,Miller Grove Road,U.S. Senate,,Democrat,Raphael Warnock (I),1093
DeKalb,Midvale Road,U.S. Senate,,Republican,Herschel Junior Walker,135
DeKalb,Midvale Road,U.S. Senate,,Democrat,Raphael Warnock (I),707
DeKalb,Miller Grove High,U.S. Senate,,Republican,Herschel Junior Walker,31
DeKalb,Miller Grove High,U.S. Senate,,Democrat,Raphael Warnock (I),1107
DeKalb,North Decatur,U.S. Senate,,Republican,Herschel Junior Walker,82
DeKalb,North Decatur,U.S. Senate,,Democrat,Raphael Warnock (I),882
DeKalb,North Hairston,U.S. Senate,,Republican,Herschel Junior Walker,100
DeKalb,North Hairston,U.S. Senate,,Democrat,Raphael Warnock (I),833
DeKalb,Northlake,U.S. Senate,,Republican,Herschel Junior Walker,211
DeKalb,Northlake,U.S. Senate,,Democrat,Raphael Warnock (I),820
DeKalb,North Peachtree,U.S. Senate,,Republican,Herschel Junior Walker,218
DeKalb,North Peachtree,U.S. Senate,,Democrat,Raphael Warnock (I),617
DeKalb,Oak Grove Elem,U.S. Senate,,Republican,Herschel Junior Walker,381
DeKalb,Oak Grove Elem,U.S. Senate,,Democrat,Raphael Warnock (I),1116
DeKalb,Oakcliff Elem,U.S. Senate,,Republican,Herschel Junior Walker,203
DeKalb,Oakcliff Elem,U.S. Senate,,Democrat,Raphael Warnock (I),581
DeKalb,Oakhurst,U.S. Senate,,Republican,Herschel Junior Walker,94
DeKalb,Oakhurst,U.S. Senate,,Democrat,Raphael Warnock (I),1640
DeKalb,Oak View Elem,U.S. Senate,,Republican,Herschel Junior Walker,41
DeKalb,Oak View Elem,U.S. Senate,,Democrat,Raphael Warnock (I),1992
DeKalb,Peachcrest,U.S. Senate,,Republican,Herschel Junior Walker,61
DeKalb,Peachcrest,U.S. Senate,,Democrat,Raphael Warnock (I),853
DeKalb,Peachtree Middle,U.S. Senate,,Republican,Herschel Junior Walker,343
DeKalb,Peachtree Middle,U.S. Senate,,Democrat,Raphael Warnock (I),1267
DeKalb,Princeton Elem,U.S. Senate,,Republican,Herschel Junior Walker,40
DeKalb,Princeton Elem,U.S. Senate,,Democrat,Raphael Warnock (I),1085
DeKalb,Pine Lake,U.S. Senate,,Republican,Herschel Junior Walker,32
DeKalb,Pine Lake,U.S. Senate,,Democrat,Raphael Warnock (I),361
DeKalb,Pleasantdale Road,U.S. Senate,,Republican,Herschel Junior Walker,222
DeKalb,Pleasantdale Road,U.S. Senate,,Democrat,Raphael Warnock (I),1257
DeKalb,Ponce de Leon,U.S. Senate,,Republican,Herschel Junior Walker,158
DeKalb,Ponce de Leon,U.S. Senate,,Democrat,Raphael Warnock (I),1846
DeKalb,Panola,U.S. Senate,,Republican,Herschel Junior Walker,30
DeKalb,Panola,U.S. Senate,,Democrat,Raphael Warnock (I),691
DeKalb,Panola Way Elem,U.S. Senate,,Republican,Herschel Junior Walker,22
DeKalb,Panola Way Elem,U.S. Senate,,Democrat,Raphael Warnock (I),709
DeKalb,Piney Grove,U.S. Senate,,Republican,Herschel Junior Walker,30
DeKalb,Piney Grove,U.S. Senate,,Democrat,Raphael Warnock (I),869
DeKalb,Panola Road,U.S. Senate,,Republican,Herschel Junior Walker,29
DeKalb,Panola Road,U.S. Senate,,Democrat,Raphael Warnock (I),1313
DeKalb,Rainbow Elem,U.S. Senate,,Republican,Herschel Junior Walker,58
DeKalb,Rainbow Elem,U.S. Senate,,Democrat,Raphael Warnock (I),1733
DeKalb,Redan Elem,U.S. Senate,,Republican,Herschel Junior Walker,34
DeKalb,Redan Elem,U.S. Senate,,Democrat,Raphael Warnock (I),1459
DeKalb,Rehoboth,U.S. Senate,,Republican,Herschel Junior Walker,268
DeKalb,Rehoboth,U.S. Senate,,Democrat,Raphael Warnock (I),929
DeKalb,Rockbridge Elem,U.S. Senate,,Republican,Herschel Junior Walker,88
DeKalb,Rockbridge Elem,U.S. Senate,,Democrat,Raphael Warnock (I),1135
DeKalb,Rock Chapel Elem,U.S. Senate,,Republican,Herschel Junior Walker,44
DeKalb,Rock Chapel Elem,U.S. Senate,,Democrat,Raphael Warnock (I),1296
DeKalb,Rowland Elem,U.S. Senate,,Republican,Herschel Junior Walker,66
DeKalb,Rowland Elem,U.S. Senate,,Democrat,Raphael Warnock (I),1241
DeKalb,Redan-Trotti Library,U.S. Senate,,Republican,Herschel Junior Walker,37
DeKalb,Redan-Trotti Library,U.S. Senate,,Democrat,Raphael Warnock (I),1680
DeKalb,Rockbridge Road,U.S. Senate,,Republican,Herschel Junior Walker,82
DeKalb,Rockbridge Road,U.S. Senate,,Democrat,Raphael Warnock (I),2141
DeKalb,Rowland Road,U.S. Senate,,Republican,Herschel Junior Walker,74
DeKalb,Rowland Road,U.S. Senate,,Democrat,Raphael Warnock (I),922
DeKalb,Redan Road,U.S. Senate,,Republican,Herschel Junior Walker,42
DeKalb,Redan Road,U.S. Senate,,Democrat,Raphael Warnock (I),1144
DeKalb,Rock Chapel Road,U.S. Senate,,Republican,Herschel Junior Walker,143
DeKalb,Rock Chapel Road,U.S. Senate,,Democrat,Raphael Warnock (I),2052
DeKalb,Redan Middle,U.S. Senate,,Republican,Herschel Junior Walker,46
DeKalb,Redan Middle,U.S. Senate,,Democrat,Raphael Warnock (I),1112
DeKalb,Sagamore Hills Elem,U.S. Senate,,Republican,Herschel Junior Walker,536
DeKalb,Sagamore Hills Elem,U.S. Senate,,Democrat,Raphael Warnock (I),1784
DeKalb,Scott,U.S. Senate,,Republican,Herschel Junior Walker,206
DeKalb,Scott,U.S. Senate,,Democrat,Raphael Warnock (I),1462
DeKalb,Shaw-Robert Shaw Elem,U.S. Senate,,Republican,Herschel Junior Walker,115
DeKalb,Shaw-Robert Shaw Elem,U.S. Senate,,Democrat,Raphael Warnock (I),1340
DeKalb,Stone Mountain Elem,U.S. Senate,,Republican,Herschel Junior Walker,276
DeKalb,Stone Mountain Elem,U.S. Senate,,Democrat,Raphael Warnock (I),937
DeKalb,Silver Lake,U.S. Senate,,Republican,Herschel Junior Walker,913
DeKalb,Silver Lake,U.S. Senate,,Democrat,Raphael Warnock (I),1626
DeKalb,Skyland,U.S. Senate,,Republican,Herschel Junior Walker,449
DeKalb,Skyland,U.S. Senate,,Democrat,Raphael Warnock (I),797
DeKalb,Snapfinger Elem,U.S. Senate,,Republican,Herschel Junior Walker,33
DeKalb,Snapfinger Elem,U.S. Senate,,Democrat,Raphael Warnock (I),1003
DeKalb,Smoke Rise,U.S. Senate,,Republican,Herschel Junior Walker,477
DeKalb,Smoke Rise,U.S. Senate,,Democrat,Raphael Warnock (I),993
DeKalb,Stone Mtn Middle,U.S. Senate,,Republican,Herschel Junior Walker,70
DeKalb,Stone Mtn Middle,U.S. Senate,,Democrat,Raphael Warnock (I),728
DeKalb,Stone Mill Elem,U.S. Senate,,Republican,Herschel Junior Walker,55
DeKalb,Stone Mill Elem,U.S. Senate,,Democrat,Raphael Warnock (I),852
DeKalb,Shadow Rock Elem,U.S. Senate,,Republican,Herschel Junior Walker,81
DeKalb,Shadow Rock Elem,U.S. Senate,,Democrat,Raphael Warnock (I),2270
DeKalb,Stoneview Elem,U.S. Senate,,Republican,Herschel Junior Walker,30
DeKalb,Stoneview Elem,U.S. Senate,,Democrat,Raphael Warnock (I),570
DeKalb,Salem Middle,U.S. Senate,,Republican,Herschel Junior Walker,48
DeKalb,Salem Middle,U.S. Senate,,Democrat,Raphael Warnock (I),2027
DeKalb,Shamrock,U.S. Senate,,Republican,Herschel Junior Walker,185
DeKalb,Shamrock,U.S. Senate,,Democrat,Raphael Warnock (I),916
DeKalb,South Deshon,U.S. Senate,,Republican,Herschel Junior Walker,41
DeKalb,South Deshon,U.S. Senate,,Democrat,Raphael Warnock (I),1458
DeKalb,Stone Mtn Champion,U.S. Senate,,Republican,Herschel Junior Walker,101
DeKalb,Stone Mtn Champion,U.S. Senate,,Democrat,Raphael Warnock (I),1038
DeKalb,Stone Mtn,U.S. Senate,,Republican,Herschel Junior Walker,117
DeKalb,Stone Mtn,U.S. Senate,,Democrat,Raphael Warnock (I),543
DeKalb,Snapfinger Road N,U.S. Senate,,Republican,Herschel Junior Walker,41
DeKalb,Snapfinger Road N,U.S. Senate,,Democrat,Raphael Warnock (I),1030
DeKalb,Snapfinger Road S,U.S. Senate,,Republican,Herschel Junior Walker,37
DeKalb,Snapfinger Road S,U.S. Senate,,Democrat,Raphael Warnock (I),994
DeKalb,Stephenson Middle,U.S. Senate,,Republican,Herschel Junior Walker,96
DeKalb,Stephenson Middle,U.S. Senate,,Democrat,Raphael Warnock (I),1749
DeKalb,South Hairston,U.S. Senate,,Republican,Herschel Junior Walker,56
DeKalb,South Hairston,U.S. Senate,,Democrat,Raphael Warnock (I),1384
DeKalb,Stephenson High,U.S. Senate,,Republican,Herschel Junior Walker,101
DeKalb,Stephenson High,U.S. Senate,,Democrat,Raphael Warnock (I),1656
DeKalb,Stonecrest Library,U.S. Senate,,Republican,Herschel Junior Walker,39
DeKalb,Stonecrest Library,U.S. Senate,,Democrat,Raphael Warnock (I),1912
DeKalb,Snapfinger Road,U.S. Senate,,Republican,Herschel Junior Walker,71
DeKalb,Snapfinger Road,U.S. Senate,,Democrat,Raphael Warnock (I),2812
DeKalb,Terry Mill,U.S. Senate,,Republican,Herschel Junior Walker,51
DeKalb,Terry Mill,U.S. Senate,,Democrat,Raphael Warnock (I),1341
DeKalb,Toney Elem,U.S. Senate,,Republican,Herschel Junior Walker,33
DeKalb,Toney Elem,U.S. Senate,,Democrat,Raphael Warnock (I),773
DeKalb,Tucker Library,U.S. Senate,,Republican,Herschel Junior Walker,610
DeKalb,Tucker Library,U.S. Senate,,Democrat,Raphael Warnock (I),1524
DeKalb,Tilly Mill Road,U.S. Senate,,Republican,Herschel Junior Walker,423
DeKalb,Tilly Mill Road,U.S. Senate,,Democrat,Raphael Warnock (I),613
DeKalb,Tucker,U.S. Senate,,Republican,Herschel Junior Walker,406
DeKalb,Tucker,U.S. Senate,,Democrat,Raphael Warnock (I),1285
DeKalb,Valley Brook,U.S. Senate,,Republican,Herschel Junior Walker,87
DeKalb,Valley Brook,U.S. Senate,,Democrat,Raphael Warnock (I),554
DeKalb,Wadsworth,U.S. Senate,,Republican,Herschel Junior Walker,37
DeKalb,Wadsworth,U.S. Senate,,Democrat,Raphael Warnock (I),1417
DeKalb,Wesley Chapel Library,U.S. Senate,,Republican,Herschel Junior Walker,47
DeKalb,Wesley Chapel Library,U.S. Senate,,Democrat,Raphael Warnock (I),1584
DeKalb,Woodrow Road,U.S. Senate,,Republican,Herschel Junior Walker,67
DeKalb,Woodrow Road,U.S. Senate,,Democrat,Raphael Warnock (I),1321
DeKalb,Winnona Park,U.S. Senate,,Republican,Herschel Junior Walker,110
DeKalb,Winnona Park,U.S. Senate,,Democrat,Raphael Warnock (I),1421
DeKalb,Woodridge Elem,U.S. Senate,,Republican,Herschel Junior Walker,73
DeKalb,Woodridge Elem,U.S. Senate,,Democrat,Raphael Warnock (I),1512
DeKalb,Warren Tech,U.S. Senate,,Republican,Herschel Junior Walker,149
DeKalb,Warren Tech,U.S. Senate,,Democrat,Raphael Warnock (I),492
DeKalb,Woodward,U.S. Senate,,Republican,Herschel Junior Walker,302
DeKalb,Woodward,U.S. Senate,,Democrat,Raphael Warnock (I),1299
DeKalb,White Oak,U.S. Senate,,Republican,Herschel Junior Walker,21
DeKalb,White Oak,U.S. Senate,,Democrat,Raphael Warnock (I),974
DeKalb,Winters Chapel,U.S. Senate,,Republican,Herschel Junior Walker,359
DeKalb,Winters Chapel,U.S. Senate,,Democrat,Raphael Warnock (I),575
DeKalb,Wynbrooke Elem,U.S. Senate,,Republican,Herschel Junior Walker,93
DeKalb,Wynbrooke Elem,U.S. Senate,,Democrat,Raphael Warnock (I),1854
DeKalb,Young Road,U.S. Senate,,Republican,Herschel Junior Walker,35
DeKalb,Young Road,U.S. Senate,,Democrat,Raphael Warnock (I),992
Dodge,Chauncey,U.S. Senate,,Republican,Herschel Junior Walker,192
Dodge,Chauncey,U.S. Senate,,Democrat,Raphael Warnock (I),43
Dodge,Clark,U.S. Senate,,Republican,Herschel Junior Walker,63
Dodge,Clark,U.S. Senate,,Democrat,Raphael Warnock (I),3
Dodge,Eddin,U.S. Senate,,Republican,Herschel Junior Walker,404
Dodge,Eddin,U.S. Senate,,Democrat,Raphael Warnock (I),190
Dodge,Empire,U.S. Senate,,Republican,Herschel Junior Walker,224
Dodge,Empire,U.S. Senate,,Democrat,Raphael Warnock (I),29
Dodge,Jaybird,U.S. Senate,,Republican,Herschel Junior Walker,74
Dodge,Jaybird,U.S. Senate,,Democrat,Raphael Warnock (I),49
Dodge,Jones,U.S. Senate,,Republican,Herschel Junior Walker,220
Dodge,Jones,U.S. Senate,,Democrat,Raphael Warnock (I),32
Dodge,Lee,U.S. Senate,,Republican,Herschel Junior Walker,1467
Dodge,Lee,U.S. Senate,,Democrat,Raphael Warnock (I),865
Dodge,McCranie,U.S. Senate,,Republican,Herschel Junior Walker,169
Dodge,McCranie,U.S. Senate,,Democrat,Raphael Warnock (I),29
Dodge,Milan,U.S. Senate,,Republican,Herschel Junior Walker,153
Dodge,Milan,U.S. Senate,,Democrat,Raphael Warnock (I),28
Dodge,Mitchell,U.S. Senate,,Republican,Herschel Junior Walker,186
Dodge,Mitchell,U.S. Senate,,Democrat,Raphael Warnock (I),42
Dodge,Mullis,U.S. Senate,,Republican,Herschel Junior Walker,240
Dodge,Mullis,U.S. Senate,,Democrat,Raphael Warnock (I),58
Dodge,Plainfield,U.S. Senate,,Republican,Herschel Junior Walker,266
Dodge,Plainfield,U.S. Senate,,Democrat,Raphael Warnock (I),25
Dodge,Pondtown,U.S. Senate,,Republican,Herschel Junior Walker,338
Dodge,Pondtown,U.S. Senate,,Democrat,Raphael Warnock (I),96
Dodge,Rawlins,U.S. Senate,,Republican,Herschel Junior Walker,368
Dodge,Rawlins,U.S. Senate,,Democrat,Raphael Warnock (I),112
Dodge,Vilula,U.S. Senate,,Republican,Herschel Junior Walker,124
Dodge,Vilula,U.S. Senate,,Democrat,Raphael Warnock (I),7
Dodge,Yonker,U.S. Senate,,Republican,Herschel Junior Walker,146
Dodge,Yonker,U.S. Senate,,Democrat,Raphael Warnock (I),12
Dooly,Lilly,U.S. Senate,,Republican,Herschel Junior Walker,135
Dooly,Lilly,U.S. Senate,,Democrat,Raphael Warnock (I),126
Dooly,Byromville,U.S. Senate,,Republican,Herschel Junior Walker,169
Dooly,Byromville,U.S. Senate,,Democrat,Raphael Warnock (I),175
Dooly,Unadilla,U.S. Senate,,Republican,Herschel Junior Walker,432
Dooly,Unadilla,U.S. Senate,,Democrat,Raphael Warnock (I),380
Dooly,Vienna,U.S. Senate,,Republican,Herschel Junior Walker,691
Dooly,Vienna,U.S. Senate,,Democrat,Raphael Warnock (I),657
Dooly,Pinehurst,U.S. Senate,,Republican,Herschel Junior Walker,218
Dooly,Pinehurst,U.S. Senate,,Democrat,Raphael Warnock (I),70
Dougherty,Sherwood Elementary School,U.S. Senate,,Republican,Herschel Junior Walker,433
Dougherty,Sherwood Elementary School,U.S. Senate,,Democrat,Raphael Warnock (I),843
Dougherty,Covenant Church,U.S. Senate,,Republican,Herschel Junior Walker,421
Dougherty,Covenant Church,U.S. Senate,,Democrat,Raphael Warnock (I),505
Dougherty,Greenbriar Church,U.S. Senate,,Republican,Herschel Junior Walker,1068
Dougherty,Greenbriar Church,U.S. Senate,,Democrat,Raphael Warnock (I),1222
Dougherty,Westover High School,U.S. Senate,,Republican,Herschel Junior Walker,1118
Dougherty,Westover High School,U.S. Senate,,Democrat,Raphael Warnock (I),1548
Dougherty,Merry Acres Middle,U.S. Senate,,Republican,Herschel Junior Walker,549
Dougherty,Merry Acres Middle,U.S. Senate,,Democrat,Raphael Warnock (I),628
Dougherty,ASU West Campus,U.S. Senate,,Republican,Herschel Junior Walker,334
Dougherty,ASU West Campus,U.S. Senate,,Democrat,Raphael Warnock (I),1439
Dougherty,Westown Elementary School,U.S. Senate,,Republican,Herschel Junior Walker,48
Dougherty,Westown Elementary School,U.S. Senate,,Democrat,Raphael Warnock (I),1320
Dougherty,2nd Mt. Zion Church,U.S. Senate,,Republican,Herschel Junior Walker,392
Dougherty,2nd Mt. Zion Church,U.S. Senate,,Democrat,Raphael Warnock (I),355
Dougherty,Mt. Zion Center,U.S. Senate,,Republican,Herschel Junior Walker,22
Dougherty,Mt. Zion Center,U.S. Senate,,Democrat,Raphael Warnock (I),1233
Dougherty,Alice Coachman Elementary,U.S. Senate,,Republican,Herschel Junior Walker,9
Dougherty,Alice Coachman Elementary,U.S. Senate,,Democrat,Raphael Warnock (I),381
Dougherty,Driskell Community Center,U.S. Senate,,Republican,Herschel Junior Walker,10
Dougherty,Driskell Community Center,U.S. Senate,,Democrat,Raphael Warnock (I),452
Dougherty,Shiloh Baptist Church,U.S. Senate,,Republican,Herschel Junior Walker,10
Dougherty,Shiloh Baptist Church,U.S. Senate,,Democrat,Raphael Warnock (I),410
Dougherty,Litman Cathedral,U.S. Senate,,Republican,Herschel Junior Walker,11
Dougherty,Litman Cathedral,U.S. Senate,,Democrat,Raphael Warnock (I),492
Dougherty,Phoebe Healthworks,U.S. Senate,,Republican,Herschel Junior Walker,614
Dougherty,Phoebe Healthworks,U.S. Senate,,Democrat,Raphael Warnock (I),847
Dougherty,Turner Elementary School,U.S. Senate,,Republican,Herschel Junior Walker,7
Dougherty,Turner Elementary School,U.S. Senate,,Democrat,Raphael Warnock (I),156
Dougherty,Robert H. Harvey Elementary,U.S. Senate,,Republican,Herschel Junior Walker,6
Dougherty,Robert H. Harvey Elementary,U.S. Senate,,Democrat,Raphael Warnock (I),764
Dougherty,Bill Miller Community Center,U.S. Senate,,Republican,Herschel Junior Walker,42
Dougherty,Bill Miller Community Center,U.S. Senate,,Democrat,Raphael Warnock (I),695
Dougherty,Radium Middle School,U.S. Senate,,Republican,Herschel Junior Walker,82
Dougherty,Radium Middle School,U.S. Senate,,Democrat,Raphael Warnock (I),257
Dougherty,Putney 1st Baptist Church,U.S. Senate,,Republican,Herschel Junior Walker,573
Dougherty,Putney 1st Baptist Church,U.S. Senate,,Democrat,Raphael Warnock (I),672
Dougherty,International Studies,U.S. Senate,,Republican,Herschel Junior Walker,145
Dougherty,International Studies,U.S. Senate,,Democrat,Raphael Warnock (I),394
Dougherty,Phoebe East,U.S. Senate,,Republican,Herschel Junior Walker,101
Dougherty,Phoebe East,U.S. Senate,,Democrat,Raphael Warnock (I),755
Dougherty,Pine Bluff Baptist Church,U.S. Senate,,Republican,Herschel Junior Walker,277
Dougherty,Pine Bluff Baptist Church,U.S. Senate,,Democrat,Raphael Warnock (I),707
Dougherty,Albany Middle School,U.S. Senate,,Republican,Herschel Junior Walker,38
Dougherty,Albany Middle School,U.S. Senate,,Democrat,Raphael Warnock (I),600
Dougherty,Christ Church,U.S. Senate,,Republican,Herschel Junior Walker,751
Dougherty,Christ Church,U.S. Senate,,Democrat,Raphael Warnock (I),516
Dougherty,Lamar Reese Elementary School,U.S. Senate,,Republican,Herschel Junior Walker,27
Dougherty,Lamar Reese Elementary School,U.S. Senate,,Democrat,Raphael Warnock (I),520
Dougherty,ASU East Campus - Lovett Hall,U.S. Senate,,Republican,Herschel Junior Walker,3
Dougherty,ASU East Campus - Lovett Hall,U.S. Senate,,Democrat,Raphael Warnock (I),128
Douglas,Mirror Lake Elementary,U.S. Senate,,Republican,Herschel Junior Walker,1269
Douglas,Mirror Lake Elementary,U.S. Senate,,Democrat,Raphael Warnock (I),2022
Douglas,Winston,U.S. Senate,,Republican,Herschel Junior Walker,373
Douglas,Winston,U.S. Senate,,Democrat,Raphael Warnock (I),538
Douglas,Dog River Library,U.S. Senate,,Republican,Herschel Junior Walker,2038
Douglas,Dog River Library,U.S. Senate,,Democrat,Raphael Warnock (I),1044
Douglas,Atlanta West Pentecostal,U.S. Senate,,Republican,Herschel Junior Walker,112
Douglas,Atlanta West Pentecostal,U.S. Senate,,Democrat,Raphael Warnock (I),1157
Douglas,Ephesus Baptist Church,U.S. Senate,,Republican,Herschel Junior Walker,1700
Douglas,Ephesus Baptist Church,U.S. Senate,,Democrat,Raphael Warnock (I),681
Douglas,Prays Mill Gym,U.S. Senate,,Republican,Herschel Junior Walker,1469
Douglas,Prays Mill Gym,U.S. Senate,,Democrat,Raphael Warnock (I),1329
Douglas,Turner,U.S. Senate,,Republican,Herschel Junior Walker,656
Douglas,Turner,U.S. Senate,,Democrat,Raphael Warnock (I),1057
Douglas,First Baptist Lithia Springs,U.S. Senate,,Republican,Herschel Junior Walker,366
Douglas,First Baptist Lithia Springs,U.S. Senate,,Democrat,Raphael Warnock (I),537
Douglas,Lithia Springs High School,U.S. Senate,,Republican,Herschel Junior Walker,372
Douglas,Lithia Springs High School,U.S. Senate,,Democrat,Raphael Warnock (I),2488
Douglas,Deer Lick,U.S. Senate,,Republican,Herschel Junior Walker,432
Douglas,Deer Lick,U.S. Senate,,Democrat,Raphael Warnock (I),775
Douglas,Golden Methodist Church,U.S. Senate,,Republican,Herschel Junior Walker,223
Douglas,Golden Methodist Church,U.S. Senate,,Democrat,Raphael Warnock (I),2054
Douglas,Old Courthouse,U.S. Senate,,Republican,Herschel Junior Walker,597
Douglas,Old Courthouse,U.S. Senate,,Democrat,Raphael Warnock (I),1504
Douglas,Beulah Baptist Church,U.S. Senate,,Republican,Herschel Junior Walker,720
Douglas,Beulah Baptist Church,U.S. Senate,,Democrat,Raphael Warnock (I),901
Douglas,Stewart,U.S. Senate,,Republican,Herschel Junior Walker,156
Douglas,Stewart,U.S. Senate,,Democrat,Raphael Warnock (I),1216
Douglas,Arbor Station,U.S. Senate,,Republican,Herschel Junior Walker,345
Douglas,Arbor Station,U.S. Senate,,Democrat,Raphael Warnock (I),904
Douglas,Bright Star,U.S. Senate,,Republican,Herschel Junior Walker,649
Douglas,Bright Star,U.S. Senate,,Democrat,Raphael Warnock (I),573
Douglas,Dorsett Shoals,U.S. Senate,,Republican,Herschel Junior Walker,793
Douglas,Dorsett Shoals,U.S. Senate,,Democrat,Raphael Warnock (I),799
Douglas,Chapel Hill,U.S. Senate,,Republican,Herschel Junior Walker,430
Douglas,Chapel Hill,U.S. Senate,,Democrat,Raphael Warnock (I),1646
Douglas,Church At Chapel Hill,U.S. Senate,,Republican,Herschel Junior Walker,799
Douglas,Church At Chapel Hill,U.S. Senate,,Democrat,Raphael Warnock (I),2396
Douglas,Chestnut Log,U.S. Senate,,Republican,Herschel Junior Walker,407
Douglas,Chestnut Log,U.S. Senate,,Democrat,Raphael Warnock (I),1502
Douglas,St Julians Episcopal,U.S. Senate,,Republican,Herschel Junior Walker,442
Douglas,St Julians Episcopal,U.S. Senate,,Democrat,Raphael Warnock (I),569
Douglas,Lutheran Church-GS,U.S. Senate,,Republican,Herschel Junior Walker,619
Douglas,Lutheran Church-GS,U.S. Senate,,Democrat,Raphael Warnock (I),1692
Douglas,First Baptist Douglasville,U.S. Senate,,Republican,Herschel Junior Walker,463
Douglas,First Baptist Douglasville,U.S. Senate,,Democrat,Raphael Warnock (I),971
Douglas,Factory Shoals,U.S. Senate,,Republican,Herschel Junior Walker,482
Douglas,Factory Shoals,U.S. Senate,,Democrat,Raphael Warnock (I),2131
Douglas,Boundary Waters,U.S. Senate,,Republican,Herschel Junior Walker,230
Douglas,Boundary Waters,U.S. Senate,,Democrat,Raphael Warnock (I),1913
Early,Arlington,U.S. Senate,,Republican,Herschel Junior Walker,215
Early,Arlington,U.S. Senate,,Democrat,Raphael Warnock (I),271
Early,Blakely,U.S. Senate,,Republican,Herschel Junior Walker,576
Early,Blakely,U.S. Senate,,Democrat,Raphael Warnock (I),914
Early,Cedar Springs,U.S. Senate,,Republican,Herschel Junior Walker,480
Early,Cedar Springs,U.S. Senate,,Democrat,Raphael Warnock (I),129
Early,Cuba,U.S. Senate,,Republican,Herschel Junior Walker,415
Early,Cuba,U.S. Senate,,Democrat,Raphael Warnock (I),253
Early,Urquhart,U.S. Senate,,Republican,Herschel Junior Walker,324
Early,Urquhart,U.S. Senate,,Democrat,Raphael Warnock (I),86
Echols,Statenville,U.S. Senate,,Republican,Herschel Junior Walker,861
Echols,Statenville,U.S. Senate,,Democrat,Raphael Warnock (I),88
Effingham,1A,U.S. Senate,,Republican,Herschel Junior Walker,1093
Effingham,1A,U.S. Senate,,Democrat,Raphael Warnock (I),316
Effingham,1B,U.S. Senate,,Republican,Herschel Junior Walker,1052
Effingham,1B,U.S. Senate,,Democrat,Raphael Warnock (I),220
Effingham,1C,U.S. Senate,,Republican,Herschel Junior Walker,744
Effingham,1C,U.S. Senate,,Democrat,Raphael Warnock (I),197
Effingham,1D,U.S. Senate,,Republican,Herschel Junior Walker,860
Effingham,1D,U.S. Senate,,Democrat,Raphael Warnock (I),170
Effingham,2A,U.S. Senate,,Republican,Herschel Junior Walker,882
Effingham,2A,U.S. Senate,,Democrat,Raphael Warnock (I),321
Effingham,2B,U.S. Senate,,Republican,Herschel Junior Walker,673
Effingham,2B,U.S. Senate,,Democrat,Raphael Warnock (I),187
Effingham,2C,U.S. Senate,,Republican,Herschel Junior Walker,874
Effingham,2C,U.S. Senate,,Democrat,Raphael Warnock (I),364
Effingham,2D,U.S. Senate,,Republican,Herschel Junior Walker,1169
Effingham,2D,U.S. Senate,,Democrat,Raphael Warnock (I),438
Effingham,3A,U.S. Senate,,Republican,Herschel Junior Walker,574
Effingham,3A,U.S. Senate,,Democrat,Raphael Warnock (I),123
Effingham,3B,U.S. Senate,,Republican,Herschel Junior Walker,904
Effingham,3B,U.S. Senate,,Democrat,Raphael Warnock (I),327
Effingham,3C,U.S. Senate,,Republican,Herschel Junior Walker,532
Effingham,3C,U.S. Senate,,Democrat,Raphael Warnock (I),179
Effingham,3D,U.S. Senate,,Republican,Herschel Junior Walker,1082
Effingham,3D,U.S. Senate,,Democrat,Raphael Warnock (I),478
Effingham,3E,U.S. Senate,,Republican,Herschel Junior Walker,462
Effingham,3E,U.S. Senate,,Democrat,Raphael Warnock (I),117
Effingham,4A,U.S. Senate,,Republican,Herschel Junior Walker,1286
Effingham,4A,U.S. Senate,,Democrat,Raphael Warnock (I),409
Effingham,4B,U.S. Senate,,Republican,Herschel Junior Walker,619
Effingham,4B,U.S. Senate,,Democrat,Raphael Warnock (I),434
Effingham,4C,U.S. Senate,,Republican,Herschel Junior Walker,783
Effingham,4C,U.S. Senate,,Democrat,Raphael Warnock (I),253
Effingham,5A,U.S. Senate,,Republican,Herschel Junior Walker,1084
Effingham,5A,U.S. Senate,,Democrat,Raphael Warnock (I),433
Effingham,5B,U.S. Senate,,Republican,Herschel Junior Walker,693
Effingham,5B,U.S. Senate,,Democrat,Raphael Warnock (I),263
Effingham,5C,U.S. Senate,,Republican,Herschel Junior Walker,708
Effingham,5C,U.S. Senate,,Democrat,Raphael Warnock (I),462
Effingham,5D,U.S. Senate,,Republican,Herschel Junior Walker,594
Effingham,5D,U.S. Senate,,Democrat,Raphael Warnock (I),294
Elbert,Elberton,U.S. Senate,,Republican,Herschel Junior Walker,925
Elbert,Elberton,U.S. Senate,,Democrat,Raphael Warnock (I),838
Elbert,Longstreet,U.S. Senate,,Republican,Herschel Junior Walker,296
Elbert,Longstreet,U.S. Senate,,Democrat,Raphael Warnock (I),90
Elbert,Eliam,U.S. Senate,,Republican,Herschel Junior Walker,389
Elbert,Eliam,U.S. Senate,,Democrat,Raphael Warnock (I),81
Elbert,Petersburg,U.S. Senate,,Republican,Herschel Junior Walker,207
Elbert,Petersburg,U.S. Senate,,Democrat,Raphael Warnock (I),40
Elbert,Wyche,U.S. Senate,,Republican,Herschel Junior Walker,482
Elbert,Wyche,U.S. Senate,,Democrat,Raphael Warnock (I),159
Elbert,Moss-Ruckersville,U.S. Senate,,Republican,Herschel Junior Walker,193
Elbert,Moss-Ruckersville,U.S. Senate,,Democrat,Raphael Warnock (I),71
Elbert,Pike,U.S. Senate,,Republican,Herschel Junior Walker,567
Elbert,Pike,U.S. Senate,,Democrat,Raphael Warnock (I),298
Elbert,Gaines,U.S. Senate,,Republican,Herschel Junior Walker,290
Elbert,Gaines,U.S. Senate,,Democrat,Raphael Warnock (I),48
Elbert,Goshen,U.S. Senate,,Republican,Herschel Junior Walker,752
Elbert,Goshen,U.S. Senate,,Democrat,Raphael Warnock (I),156
Elbert,Webbsboro,U.S. Senate,,Republican,Herschel Junior Walker,177
Elbert,Webbsboro,U.S. Senate,,Democrat,Raphael Warnock (I),68
Elbert,Centerville,U.S. Senate,,Republican,Herschel Junior Walker,435
Elbert,Centerville,U.S. Senate,,Democrat,Raphael Warnock (I),95
Emanuel,Adrian,U.S. Senate,,Republican,Herschel Junior Walker,350
Emanuel,Adrian,U.S. Senate,,Democrat,Raphael Warnock (I),56
Emanuel,Blundale,U.S. Senate,,Republican,Herschel Junior Walker,473
Emanuel,Blundale,U.S. Senate,,Democrat,Raphael Warnock (I),25
Emanuel,Canoochee,U.S. Senate,,Republican,Herschel Junior Walker,340
Emanuel,Canoochee,U.S. Senate,,Democrat,Raphael Warnock (I),81
Emanuel,Cross-Green,U.S. Senate,,Republican,Herschel Junior Walker,50
Emanuel,Cross-Green,U.S. Senate,,Democrat,Raphael Warnock (I),86
Emanuel,Garfiled,U.S. Senate,,Republican,Herschel Junior Walker,232
Emanuel,Garfiled,U.S. Senate,,Democrat,Raphael Warnock (I),52
Emanuel,Nunez,U.S. Senate,,Republican,Herschel Junior Walker,186
Emanuel,Nunez,U.S. Senate,,Democrat,Raphael Warnock (I),43
Emanuel,Oak Park,U.S. Senate,,Republican,Herschel Junior Walker,341
Emanuel,Oak Park,U.S. Senate,,Democrat,Raphael Warnock (I),28
Emanuel,Stillmore,U.S. Senate,,Republican,Herschel Junior Walker,209
Emanuel,Stillmore,U.S. Senate,,Democrat,Raphael Warnock (I),103
Emanuel,Summerton,U.S. Senate,,Republican,Herschel Junior Walker,201
Emanuel,Summerton,U.S. Senate,,Democrat,Raphael Warnock (I),76
Emanuel,Swainsboro,U.S. Senate,,Republican,Herschel Junior Walker,2062
Emanuel,Swainsboro,U.S. Senate,,Democrat,Raphael Warnock (I),1241
Emanuel,Twin City,U.S. Senate,,Republican,Herschel Junior Walker,589
Emanuel,Twin City,U.S. Senate,,Democrat,Raphael Warnock (I),300
Evans,Veterans Community Center,U.S. Senate,,Republican,Herschel Junior Walker,2172
Evans,Veterans Community Center,U.S. Senate,,Democrat,Raphael Warnock (I),938
Fannin,Colwell,U.S. Senate,,Republican,Herschel Junior Walker,547
Fannin,Colwell,U.S. Senate,,Democrat,Raphael Warnock (I),149
Fannin,Fairplay,U.S. Senate,,Republican,Herschel Junior Walker,536
Fannin,Fairplay,U.S. Senate,,Democrat,Raphael Warnock (I),121
Fannin,Flinthill,U.S. Senate,,Republican,Herschel Junior Walker,1368
Fannin,Flinthill,U.S. Senate,,Democrat,Raphael Warnock (I),214
Fannin,Hemptown,U.S. Senate,,Republican,Herschel Junior Walker,634
Fannin,Hemptown,U.S. Senate,,Democrat,Raphael Warnock (I),167
Fannin,Hothouse,U.S. Senate,,Republican,Herschel Junior Walker,549
Fannin,Hothouse,U.S. Senate,,Democrat,Raphael Warnock (I),110
Fannin,Mineral Bluff,U.S. Senate,,Republican,Herschel Junior Walker,941
Fannin,Mineral Bluff,U.S. Senate,,Democrat,Raphael Warnock (I),186
Fannin,Mobile,U.S. Senate,,Republican,Herschel Junior Walker,540
Fannin,Mobile,U.S. Senate,,Democrat,Raphael Warnock (I),89
Fannin,Morganton,U.S. Senate,,Republican,Herschel Junior Walker,961
Fannin,Morganton,U.S. Senate,,Democrat,Raphael Warnock (I),219
Fannin,Noontootla,U.S. Senate,,Republican,Herschel Junior Walker,436
Fannin,Noontootla,U.S. Senate,,Democrat,Raphael Warnock (I),127
Fannin,Skeniah,U.S. Senate,,Republican,Herschel Junior Walker,153
Fannin,Skeniah,U.S. Senate,,Democrat,Raphael Warnock (I),42
Fannin,Sugar Creek,U.S. Senate,,Republican,Herschel Junior Walker,1068
Fannin,Sugar Creek,U.S. Senate,,Democrat,Raphael Warnock (I),239
Fannin,Toccoa,U.S. Senate,,Republican,Herschel Junior Walker,1383
Fannin,Toccoa,U.S. Senate,,Democrat,Raphael Warnock (I),383
Fayette,Blackrock,U.S. Senate,,Democrat,Raphael Warnock (I),87
Fayette,Brooks,U.S. Senate,,Democrat,Raphael Warnock (I),30
Fayette,Europe,U.S. Senate,,Democrat,Raphael Warnock (I),122
Fayette,Fayetteville East,U.S. Senate,,Democrat,Raphael Warnock (I),46
Fayette,Fayetteville West,U.S. Senate,,Democrat,Raphael Warnock (I),60
Fayette,Flint,U.S. Senate,,Democrat,Raphael Warnock (I),21
Fayette,Hopeful,U.S. Senate,,Democrat,Raphael Warnock (I),63
Fayette,Morning Creek,U.S. Senate,,Democrat,Raphael Warnock (I),90
Fayette,Rareover,U.S. Senate,,Democrat,Raphael Warnock (I),15
Fayette,Sandy Creek,U.S. Senate,,Democrat,Raphael Warnock (I),91
Fayette,Shakerag East,U.S. Senate,,Democrat,Raphael Warnock (I),25
Fayette,Shakerag West,U.S. Senate,,Democrat,Raphael Warnock (I),15
Fayette,Starrs Mill,U.S. Senate,,Democrat,Raphael Warnock (I),40
Fayette,Whitewater,U.S. Senate,,Democrat,Raphael Warnock (I),41
Fayette,Woolsey,U.S. Senate,,Democrat,Raphael Warnock (I),30
Fayette,McIntosh,U.S. Senate,,Democrat,Raphael Warnock (I),62
Fayette,Oak Grove,U.S. Senate,,Democrat,Raphael Warnock (I),16
Fayette,Kedron,U.S. Senate,,Democrat,Raphael Warnock (I),99
Fayette,Aberdeen,U.S. Senate,,Democrat,Raphael Warnock (I),16
Fayette,Windgate,U.S. Senate,,Democrat,Raphael Warnock (I),16
Fayette,Flat Creek,U.S. Senate,,Democrat,Raphael Warnock (I),34
Fayette,Braelinn,U.S. Senate,,Democrat,Raphael Warnock (I),8
Fayette,Kenwood,U.S. Senate,,Democrat,Raphael Warnock (I),27
Fayette,Banks,U.S. Senate,,Democrat,Raphael Warnock (I),31
Fayette,Harps Crossing,U.S. Senate,,Democrat,Raphael Warnock (I),23
Fayette,Willow Pond,U.S. Senate,,Democrat,Raphael Warnock (I),70
Fayette,Dogwood,U.S. Senate,,Democrat,Raphael Warnock (I),61
Fayette,Oak Ridge,U.S. Senate,,Democrat,Raphael Warnock (I),67
Fayette,Jeff Davis,U.S. Senate,,Democrat,Raphael Warnock (I),61
Fayette,Murphy,U.S. Senate,,Democrat,Raphael Warnock (I),67
Fayette,Fielding Ridge,U.S. Senate,,Democrat,Raphael Warnock (I),48
Fayette,Willowbend,U.S. Senate,,Democrat,Raphael Warnock (I),24
Fayette,Camp Creek,U.S. Senate,,Democrat,Raphael Warnock (I),30
Fayette,Rising Star,U.S. Senate,,Democrat,Raphael Warnock (I),49
Fayette,Spring Hill,U.S. Senate,,Democrat,Raphael Warnock (I),72
Fayette,Antioch,U.S. Senate,,Democrat,Raphael Warnock (I),29
Floyd,Alto Park,U.S. Senate,,Republican,Herschel Junior Walker,1277
Floyd,Alto Park,U.S. Senate,,Democrat,Raphael Warnock (I),449
Floyd,Armuchee,U.S. Senate,,Republican,Herschel Junior Walker,601
Floyd,Armuchee,U.S. Senate,,Democrat,Raphael Warnock (I),139
Floyd,Barkers,U.S. Senate,,Republican,Herschel Junior Walker,1015
Floyd,Barkers,U.S. Senate,,Democrat,Raphael Warnock (I),175
Floyd,Cave Spring,U.S. Senate,,Republican,Herschel Junior Walker,620
Floyd,Cave Spring,U.S. Senate,,Democrat,Raphael Warnock (I),172
Floyd,Chulio,U.S. Senate,,Republican,Herschel Junior Walker,534
Floyd,Chulio,U.S. Senate,,Democrat,Raphael Warnock (I),110
Floyd,Etowah,U.S. Senate,,Republican,Herschel Junior Walker,2081
Floyd,Etowah,U.S. Senate,,Democrat,Raphael Warnock (I),620
Floyd,Everett Springs,U.S. Senate,,Republican,Herschel Junior Walker,202
Floyd,Everett Springs,U.S. Senate,,Democrat,Raphael Warnock (I),35
Floyd,Floyd Springs,U.S. Senate,,Republican,Herschel Junior Walker,855
Floyd,Floyd Springs,U.S. Senate,,Democrat,Raphael Warnock (I),123
Floyd,Fosters Mill,U.S. Senate,,Republican,Herschel Junior Walker,479
Floyd,Fosters Mill,U.S. Senate,,Democrat,Raphael Warnock (I),68
Floyd,Garden Lakes,U.S. Senate,,Republican,Herschel Junior Walker,610
Floyd,Garden Lakes,U.S. Senate,,Democrat,Raphael Warnock (I),280
Floyd,Glenwood,U.S. Senate,,Republican,Herschel Junior Walker,1121
Floyd,Glenwood,U.S. Senate,,Democrat,Raphael Warnock (I),362
Floyd,Howell,U.S. Senate,,Republican,Herschel Junior Walker,755
Floyd,Howell,U.S. Senate,,Democrat,Raphael Warnock (I),88
Floyd,East Lindale,U.S. Senate,,Republican,Herschel Junior Walker,1233
Floyd,East Lindale,U.S. Senate,,Democrat,Raphael Warnock (I),364
Floyd,Mt Alto North,U.S. Senate,,Republican,Herschel Junior Walker,1084
Floyd,Mt Alto North,U.S. Senate,,Democrat,Raphael Warnock (I),906
Floyd,Mt Alto South,U.S. Senate,,Republican,Herschel Junior Walker,980
Floyd,Mt Alto South,U.S. Senate,,Democrat,Raphael Warnock (I),757
Floyd,North Carolina,U.S. Senate,,Republican,Herschel Junior Walker,678
Floyd,North Carolina,U.S. Senate,,Democrat,Raphael Warnock (I),160
Floyd,Riverside,U.S. Senate,,Republican,Herschel Junior Walker,302
Floyd,Riverside,U.S. Senate,,Democrat,Raphael Warnock (I),121
Floyd,East Rome,U.S. Senate,,Republican,Herschel Junior Walker,893
Floyd,East Rome,U.S. Senate,,Democrat,Raphael Warnock (I),915
Floyd,North Rome,U.S. Senate,,Republican,Herschel Junior Walker,766
Floyd,North Rome,U.S. Senate,,Democrat,Raphael Warnock (I),725
Floyd,South Rome,U.S. Senate,,Republican,Herschel Junior Walker,113
Floyd,South Rome,U.S. Senate,,Democrat,Raphael Warnock (I),442
Floyd,Texas Valley,U.S. Senate,,Republican,Herschel Junior Walker,365
Floyd,Texas Valley,U.S. Senate,,Democrat,Raphael Warnock (I),62
Floyd,Vanns Valley,U.S. Senate,,Republican,Herschel Junior Walker,268
Floyd,Vanns Valley,U.S. Senate,,Democrat,Raphael Warnock (I),79
Floyd,Watters,U.S. Senate,,Republican,Herschel Junior Walker,1464
Floyd,Watters,U.S. Senate,,Democrat,Raphael Warnock (I),274
Floyd,West Lindale,U.S. Senate,,Republican,Herschel Junior Walker,965
Floyd,West Lindale,U.S. Senate,,Democrat,Raphael Warnock (I),303
Floyd,Town Rome,U.S. Senate,,Republican,Herschel Junior Walker,712
Floyd,Town Rome,U.S. Senate,,Democrat,Raphael Warnock (I),629
Forsyth,01 Big Creek,U.S. Senate,,Republican,Herschel Junior Walker,2592
Forsyth,01 Big Creek,U.S. Senate,,Democrat,Raphael Warnock (I),2112
Forsyth,02 Brandywine,U.S. Senate,,Republican,Herschel Junior Walker,899
Forsyth,02 Brandywine,U.S. Senate,,Democrat,Raphael Warnock (I),1212
Forsyth,04 Chestatee,U.S. Senate,,Republican,Herschel Junior Walker,1891
Forsyth,04 Chestatee,U.S. Senate,,Democrat,Raphael Warnock (I),419
Forsyth,05 Coal Mountain,U.S. Senate,,Republican,Herschel Junior Walker,2694
Forsyth,05 Coal Mountain,U.S. Senate,,Democrat,Raphael Warnock (I),981
Forsyth,06 Crossroads,U.S. Senate,,Republican,Herschel Junior Walker,2863
Forsyth,06 Crossroads,U.S. Senate,,Democrat,Raphael Warnock (I),911
Forsyth,07 Cumming,U.S. Senate,,Republican,Herschel Junior Walker,2368
Forsyth,07 Cumming,U.S. Senate,,Democrat,Raphael Warnock (I),1035
Forsyth,08 Mashburn,U.S. Senate,,Republican,Herschel Junior Walker,2332
Forsyth,08 Mashburn,U.S. Senate,,Democrat,Raphael Warnock (I),1075
Forsyth,10 Midway,U.S. Senate,,Republican,Herschel Junior Walker,3850
Forsyth,10 Midway,U.S. Senate,,Democrat,Raphael Warnock (I),1937
Forsyth,15 Heardsville,U.S. Senate,,Republican,Herschel Junior Walker,2509
Forsyth,15 Heardsville,U.S. Senate,,Democrat,Raphael Warnock (I),850
Forsyth,16 Otwell,U.S. Senate,,Republican,Herschel Junior Walker,3201
Forsyth,16 Otwell,U.S. Senate,,Democrat,Raphael Warnock (I),1201
Forsyth,19 Old Atlanta,U.S. Senate,,Republican,Herschel Junior Walker,1180
Forsyth,19 Old Atlanta,U.S. Senate,,Democrat,Raphael Warnock (I),809
Forsyth,21 South Forsyth,U.S. Senate,,Republican,Herschel Junior Walker,792
Forsyth,21 South Forsyth,U.S. Senate,,Democrat,Raphael Warnock (I),656
Forsyth,25 Windermere,U.S. Senate,,Republican,Herschel Junior Walker,2222
Forsyth,25 Windermere,U.S. Senate,,Democrat,Raphael Warnock (I),1778
Forsyth,27 Concord,U.S. Senate,,Republican,Herschel Junior Walker,4545
Forsyth,27 Concord,U.S. Senate,,Democrat,Raphael Warnock (I),1438
Forsyth,34 Fowler,U.S. Senate,,Republican,Herschel Junior Walker,2113
Forsyth,34 Fowler,U.S. Senate,,Democrat,Raphael Warnock (I),1216
Forsyth,35 Johns Creek,U.S. Senate,,Republican,Herschel Junior Walker,1813
Forsyth,35 Johns Creek,U.S. Senate,,Democrat,Raphael Warnock (I),1736
Forsyth,36 Nichols,U.S. Senate,,Republican,Herschel Junior Walker,2017
Forsyth,36 Nichols,U.S. Senate,,Democrat,Raphael Warnock (I),1621
Forsyth,38 Daves Creek,U.S. Senate,,Republican,Herschel Junior Walker,2427
Forsyth,38 Daves Creek,U.S. Senate,,Democrat,Raphael Warnock (I),1677
Forsyth,39 Mathis,U.S. Senate,,Republican,Herschel Junior Walker,1541
Forsyth,39 Mathis,U.S. Senate,,Democrat,Raphael Warnock (I),787
Forsyth,40 West Forsyth,U.S. Senate,,Republican,Herschel Junior Walker,2645
Forsyth,40 West Forsyth,U.S. Senate,,Democrat,Raphael Warnock (I),1338
Forsyth,41 Grassland,U.S. Senate,,Republican,Herschel Junior Walker,1051
Forsyth,41 Grassland,U.S. Senate,,Democrat,Raphael Warnock (I),790
Forsyth,42 Keith Bridge,U.S. Senate,,Republican,Herschel Junior Walker,1790
Forsyth,42 Keith Bridge,U.S. Senate,,Democrat,Raphael Warnock (I),413
Forsyth,43 Lakeland,U.S. Senate,,Republican,Herschel Junior Walker,1482
Forsyth,43 Lakeland,U.S. Senate,,Democrat,Raphael Warnock (I),1282
Forsyth,44 Lanier,U.S. Senate,,Republican,Herschel Junior Walker,1850
Forsyth,44 Lanier,U.S. Senate,,Democrat,Raphael Warnock (I),499
Forsyth,45 Mountainside,U.S. Senate,,Republican,Herschel Junior Walker,2127
Forsyth,45 Mountainside,U.S. Senate,,Democrat,Raphael Warnock (I),695
Forsyth,46 Sawmill Branch,U.S. Senate,,Republican,Herschel Junior Walker,1392
Forsyth,46 Sawmill Branch,U.S. Senate,,Democrat,Raphael Warnock (I),843
Forsyth,47 Riverclub,U.S. Senate,,Republican,Herschel Junior Walker,947
Forsyth,47 Riverclub,U.S. Senate,,Democrat,Raphael Warnock (I),454
Forsyth,49 Cheatam Creek,U.S. Senate,,Republican,Herschel Junior Walker,1162
Forsyth,49 Cheatam Creek,U.S. Senate,,Democrat,Raphael Warnock (I),668
Franklin,Carnesville,U.S. Senate,,Republican,Herschel Junior Walker,1255
Franklin,Carnesville,U.S. Senate,,Democrat,Raphael Warnock (I),132
Franklin,West Franklin,U.S. Senate,,Republican,Herschel Junior Walker,827
Franklin,West Franklin,U.S. Senate,,Democrat,Raphael Warnock (I),80
Franklin,Northeast Franklin,U.S. Senate,,Republican,Herschel Junior Walker,1339
Franklin,Northeast Franklin,U.S. Senate,,Democrat,Raphael Warnock (I),233
Franklin,Lavonia,U.S. Senate,,Republican,Herschel Junior Walker,882
Franklin,Lavonia,U.S. Senate,,Democrat,Raphael Warnock (I),245
Franklin,Canon,U.S. Senate,,Republican,Herschel Junior Walker,592
Franklin,Canon,U.S. Senate,,Democrat,Raphael Warnock (I),70
Franklin,Royston,U.S. Senate,,Republican,Herschel Junior Walker,796
Franklin,Royston,U.S. Senate,,Democrat,Raphael Warnock (I),187
Franklin,Southwest Franklin,U.S. Senate,,Republican,Herschel Junior Walker,1235
Franklin,Southwest Franklin,U.S. Senate,,Democrat,Raphael Warnock (I),130
Fulton,01A,U.S. Senate,,Republican,Herschel Junior Walker,124
Fulton,01A,U.S. Senate,,Democrat,Raphael Warnock (I),2238
Fulton,01B,U.S. Senate,,Republican,Herschel Junior Walker,174
Fulton,01B,U.S. Senate,,Democrat,Raphael Warnock (I),2798
Fulton,01C,U.S. Senate,,Republican,Herschel Junior Walker,14
Fulton,01C,U.S. Senate,,Democrat,Raphael Warnock (I),549
Fulton,01D,U.S. Senate,,Republican,Herschel Junior Walker,26
Fulton,01D,U.S. Senate,,Democrat,Raphael Warnock (I),514
Fulton,01E,U.S. Senate,,Republican,Herschel Junior Walker,180
Fulton,01E,U.S. Senate,,Democrat,Raphael Warnock (I),1963
Fulton,01F,U.S. Senate,,Republican,Herschel Junior Walker,4
Fulton,01F,U.S. Senate,,Democrat,Raphael Warnock (I),303
Fulton,01G,U.S. Senate,,Republican,Herschel Junior Walker,44
Fulton,01G,U.S. Senate,,Democrat,Raphael Warnock (I),1028
Fulton,01H,U.S. Senate,,Republican,Herschel Junior Walker,9
Fulton,01H,U.S. Senate,,Democrat,Raphael Warnock (I),298
Fulton,01I,U.S. Senate,,Republican,Herschel Junior Walker,0
Fulton,01I,U.S. Senate,,Democrat,Raphael Warnock (I),1
Fulton,01J,U.S. Senate,,Republican,Herschel Junior Walker,24
Fulton,01J,U.S. Senate,,Democrat,Raphael Warnock (I),898
Fulton,01P,U.S. Senate,,Republican,Herschel Junior Walker,11
Fulton,01P,U.S. Senate,,Democrat,Raphael Warnock (I),430
Fulton,01R,U.S. Senate,,Republican,Herschel Junior Walker,4
Fulton,01R,U.S. Senate,,Democrat,Raphael Warnock (I),274
Fulton,01S,U.S. Senate,,Republican,Herschel Junior Walker,28
Fulton,01S,U.S. Senate,,Democrat,Raphael Warnock (I),646
Fulton,01T,U.S. Senate,,Republican,Herschel Junior Walker,39
Fulton,01T,U.S. Senate,,Democrat,Raphael Warnock (I),608
Fulton,02A,U.S. Senate,,Republican,Herschel Junior Walker,184
Fulton,02A,U.S. Senate,,Democrat,Raphael Warnock (I),1603
Fulton,02A1,U.S. Senate,,Republican,Herschel Junior Walker,115
Fulton,02A1,U.S. Senate,,Democrat,Raphael Warnock (I),753
Fulton,02B,U.S. Senate,,Republican,Herschel Junior Walker,72
Fulton,02B,U.S. Senate,,Democrat,Raphael Warnock (I),825
Fulton,02C,U.S. Senate,,Republican,Herschel Junior Walker,43
Fulton,02C,U.S. Senate,,Democrat,Raphael Warnock (I),762
Fulton,02D,U.S. Senate,,Republican,Herschel Junior Walker,192
Fulton,02D,U.S. Senate,,Democrat,Raphael Warnock (I),2301
Fulton,02E,U.S. Senate,,Republican,Herschel Junior Walker,76
Fulton,02E,U.S. Senate,,Democrat,Raphael Warnock (I),1213
Fulton,02F1,U.S. Senate,,Republican,Herschel Junior Walker,144
Fulton,02F1,U.S. Senate,,Democrat,Raphael Warnock (I),1520
Fulton,02F2,U.S. Senate,,Republican,Herschel Junior Walker,24
Fulton,02F2,U.S. Senate,,Democrat,Raphael Warnock (I),272
Fulton,02G,U.S. Senate,,Republican,Herschel Junior Walker,169
Fulton,02G,U.S. Senate,,Democrat,Raphael Warnock (I),1882
Fulton,02J,U.S. Senate,,Republican,Herschel Junior Walker,70
Fulton,02J,U.S. Senate,,Democrat,Raphael Warnock (I),1091
Fulton,02K,U.S. Senate,,Republican,Herschel Junior Walker,80
Fulton,02K,U.S. Senate,,Democrat,Raphael Warnock (I),731
Fulton,02L1,U.S. Senate,,Republican,Herschel Junior Walker,275
Fulton,02L1,U.S. Senate,,Democrat,Raphael Warnock (I),2043
Fulton,02L1A,U.S. Senate,,Republican,Herschel Junior Walker,90
Fulton,02L1A,U.S. Senate,,Democrat,Raphael Warnock (I),966
Fulton,02L2,U.S. Senate,,Republican,Herschel Junior Walker,109
Fulton,02L2,U.S. Senate,,Democrat,Raphael Warnock (I),913
Fulton,02S,U.S. Senate,,Republican,Herschel Junior Walker,13
Fulton,02S,U.S. Senate,,Democrat,Raphael Warnock (I),310
Fulton,02W,U.S. Senate,,Republican,Herschel Junior Walker,37
Fulton,02W,U.S. Senate,,Democrat,Raphael Warnock (I),345
Fulton,03A,U.S. Senate,,Republican,Herschel Junior Walker,24
Fulton,03A,U.S. Senate,,Democrat,Raphael Warnock (I),577
Fulton,03B,U.S. Senate,,Republican,Herschel Junior Walker,2
Fulton,03B,U.S. Senate,,Democrat,Raphael Warnock (I),147
Fulton,03C,U.S. Senate,,Republican,Herschel Junior Walker,23
Fulton,03C,U.S. Senate,,Democrat,Raphael Warnock (I),560
Fulton,03D,U.S. Senate,,Republican,Herschel Junior Walker,12
Fulton,03D,U.S. Senate,,Democrat,Raphael Warnock (I),295
Fulton,03E,U.S. Senate,,Republican,Herschel Junior Walker,27
Fulton,03E,U.S. Senate,,Democrat,Raphael Warnock (I),751
Fulton,03F,U.S. Senate,,Republican,Herschel Junior Walker,79
Fulton,03F,U.S. Senate,,Democrat,Raphael Warnock (I),757
Fulton,03G,U.S. Senate,,Republican,Herschel Junior Walker,6
Fulton,03G,U.S. Senate,,Democrat,Raphael Warnock (I),186
Fulton,03H,U.S. Senate,,Republican,Herschel Junior Walker,9
Fulton,03H,U.S. Senate,,Democrat,Raphael Warnock (I),281
Fulton,03I,U.S. Senate,,Republican,Herschel Junior Walker,32
Fulton,03I,U.S. Senate,,Democrat,Raphael Warnock (I),448
Fulton,03L,U.S. Senate,,Republican,Herschel Junior Walker,11
Fulton,03L,U.S. Senate,,Democrat,Raphael Warnock (I),148
Fulton,03M,U.S. Senate,,Republican,Herschel Junior Walker,46
Fulton,03M,U.S. Senate,,Democrat,Raphael Warnock (I),447
Fulton,03N,U.S. Senate,,Republican,Herschel Junior Walker,31
Fulton,03N,U.S. Senate,,Democrat,Raphael Warnock (I),578
Fulton,03P1A,U.S. Senate,,Republican,Herschel Junior Walker,122
Fulton,03P1A,U.S. Senate,,Democrat,Raphael Warnock (I),1544
Fulton,03P1B,U.S. Senate,,Republican,Herschel Junior Walker,0
Fulton,03P1B,U.S. Senate,,Democrat,Raphael Warnock (I),0
Fulton,03P2,U.S. Senate,,Republican,Herschel Junior Walker,0
Fulton,03P2,U.S. Senate,,Democrat,Raphael Warnock (I),36
Fulton,03S,U.S. Senate,,Republican,Herschel Junior Walker,8
Fulton,03S,U.S. Senate,,Democrat,Raphael Warnock (I),309
Fulton,03T,U.S. Senate,,Republican,Herschel Junior Walker,24
Fulton,03T,U.S. Senate,,Democrat,Raphael Warnock (I),520
Fulton,04A,U.S. Senate,,Republican,Herschel Junior Walker,8
Fulton,04A,U.S. Senate,,Democrat,Raphael Warnock (I),433
Fulton,04B,U.S. Senate,,Republican,Herschel Junior Walker,21
Fulton,04B,U.S. Senate,,Democrat,Raphael Warnock (I),460
Fulton,04C,U.S. Senate,,Republican,Herschel Junior Walker,0
Fulton,04C,U.S. Senate,,Democrat,Raphael Warnock (I),46
Fulton,04D,U.S. Senate,,Republican,Herschel Junior Walker,17
Fulton,04D,U.S. Senate,,Democrat,Raphael Warnock (I),661
Fulton,04F,U.S. Senate,,Republican,Herschel Junior Walker,43
Fulton,04F,U.S. Senate,,Democrat,Raphael Warnock (I),799
Fulton,04G,U.S. Senate,,Republican,Herschel Junior Walker,8
Fulton,04G,U.S. Senate,,Democrat,Raphael Warnock (I),298
Fulton,04I,U.S. Senate,,Republican,Herschel Junior Walker,18
Fulton,04I,U.S. Senate,,Democrat,Raphael Warnock (I),474
Fulton,04J,U.S. Senate,,Republican,Herschel Junior Walker,3
Fulton,04J,U.S. Senate,,Democrat,Raphael Warnock (I),128
Fulton,04K,U.S. Senate,,Republican,Herschel Junior Walker,17
Fulton,04K,U.S. Senate,,Democrat,Raphael Warnock (I),882
Fulton,04L,U.S. Senate,,Republican,Herschel Junior Walker,25
Fulton,04L,U.S. Senate,,Democrat,Raphael Warnock (I),671
Fulton,04M,U.S. Senate,,Republican,Herschel Junior Walker,5
Fulton,04M,U.S. Senate,,Democrat,Raphael Warnock (I),240
Fulton,04S,U.S. Senate,,Republican,Herschel Junior Walker,23
Fulton,04S,U.S. Senate,,Democrat,Raphael Warnock (I),872
Fulton,04T,U.S. Senate,,Republican,Herschel Junior Walker,17
Fulton,04T,U.S. Senate,,Democrat,Raphael Warnock (I),496
Fulton,04V,U.S. Senate,,Republican,Herschel Junior Walker,23
Fulton,04V,U.S. Senate,,Democrat,Raphael Warnock (I),806
Fulton,04W,U.S. Senate,,Republican,Herschel Junior Walker,1
Fulton,04W,U.S. Senate,,Democrat,Raphael Warnock (I),131
Fulton,04X1,U.S. Senate,,Republican,Herschel Junior Walker,27
Fulton,04X1,U.S. Senate,,Democrat,Raphael Warnock (I),861
Fulton,04X2,U.S. Senate,,Republican,Herschel Junior Walker,12
Fulton,04X2,U.S. Senate,,Democrat,Raphael Warnock (I),272
Fulton,05A1,U.S. Senate,,Republican,Herschel Junior Walker,105
Fulton,05A1,U.S. Senate,,Democrat,Raphael Warnock (I),1868
Fulton,05A2,U.S. Senate,,Republican,Herschel Junior Walker,102
Fulton,05A2,U.S. Senate,,Democrat,Raphael Warnock (I),1877
Fulton,05B,U.S. Senate,,Republican,Herschel Junior Walker,21
Fulton,05B,U.S. Senate,,Democrat,Raphael Warnock (I),650
Fulton,05C,U.S. Senate,,Republican,Herschel Junior Walker,1
Fulton,05C,U.S. Senate,,Democrat,Raphael Warnock (I),22
Fulton,05D,U.S. Senate,,Republican,Herschel Junior Walker,4
Fulton,05D,U.S. Senate,,Democrat,Raphael Warnock (I),67
Fulton,05F,U.S. Senate,,Republican,Herschel Junior Walker,1
Fulton,05F,U.S. Senate,,Democrat,Raphael Warnock (I),22
Fulton,05J,U.S. Senate,,Republican,Herschel Junior Walker,22
Fulton,05J,U.S. Senate,,Democrat,Raphael Warnock (I),307
Fulton,05K,U.S. Senate,,Republican,Herschel Junior Walker,26
Fulton,05K,U.S. Senate,,Democrat,Raphael Warnock (I),696
Fulton,06B,U.S. Senate,,Republican,Herschel Junior Walker,118
Fulton,06B,U.S. Senate,,Democrat,Raphael Warnock (I),897
Fulton,06D,U.S. Senate,,Republican,Herschel Junior Walker,201
Fulton,06D,U.S. Senate,,Democrat,Raphael Warnock (I),1276
Fulton,06D1,U.S. Senate,,Republican,Herschel Junior Walker,308
Fulton,06D1,U.S. Senate,,Democrat,Raphael Warnock (I),2039
Fulton,06D2,U.S. Senate,,Republican,Herschel Junior Walker,226
Fulton,06D2,U.S. Senate,,Democrat,Raphael Warnock (I),1333
Fulton,06E,U.S. Senate,,Republican,Herschel Junior Walker,137
Fulton,06E,U.S. Senate,,Democrat,Raphael Warnock (I),969
Fulton,06F,U.S. Senate,,Republican,Herschel Junior Walker,163
Fulton,06F,U.S. Senate,,Democrat,Raphael Warnock (I),1363
Fulton,06G,U.S. Senate,,Republican,Herschel Junior Walker,26
Fulton,06G,U.S. Senate,,Democrat,Raphael Warnock (I),245
Fulton,06I,U.S. Senate,,Republican,Herschel Junior Walker,78
Fulton,06I,U.S. Senate,,Democrat,Raphael Warnock (I),1223
Fulton,06J,U.S. Senate,,Republican,Herschel Junior Walker,186
Fulton,06J,U.S. Senate,,Democrat,Raphael Warnock (I),1564
Fulton,06L1,U.S. Senate,,Republican,Herschel Junior Walker,107
Fulton,06L1,U.S. Senate,,Democrat,Raphael Warnock (I),608
Fulton,06L2,U.S. Senate,,Republican,Herschel Junior Walker,117
Fulton,06L2,U.S. Senate,,Democrat,Raphael Warnock (I),339
Fulton,06N,U.S. Senate,,Republican,Herschel Junior Walker,242
Fulton,06N,U.S. Senate,,Democrat,Raphael Warnock (I),612
Fulton,06Q,U.S. Senate,,Republican,Herschel Junior Walker,9
Fulton,06Q,U.S. Senate,,Democrat,Raphael Warnock (I),154
Fulton,06R,U.S. Senate,,Republican,Herschel Junior Walker,138
Fulton,06R,U.S. Senate,,Democrat,Raphael Warnock (I),897
Fulton,07A,U.S. Senate,,Republican,Herschel Junior Walker,514
Fulton,07A,U.S. Senate,,Democrat,Raphael Warnock (I),771
Fulton,07A1,U.S. Senate,,Republican,Herschel Junior Walker,572
Fulton,07A1,U.S. Senate,,Democrat,Raphael Warnock (I),1516
Fulton,07B,U.S. Senate,,Republican,Herschel Junior Walker,921
Fulton,07B,U.S. Senate,,Democrat,Raphael Warnock (I),949
Fulton,07C,U.S. Senate,,Republican,Herschel Junior Walker,717
Fulton,07C,U.S. Senate,,Democrat,Raphael Warnock (I),1499
Fulton,07D,U.S. Senate,,Republican,Herschel Junior Walker,331
Fulton,07D,U.S. Senate,,Democrat,Raphael Warnock (I),797
Fulton,07D1,U.S. Senate,,Republican,Herschel Junior Walker,251
Fulton,07D1,U.S. Senate,,Democrat,Raphael Warnock (I),618
Fulton,07E,U.S. Senate,,Republican,Herschel Junior Walker,275
Fulton,07E,U.S. Senate,,Democrat,Raphael Warnock (I),887
Fulton,07F,U.S. Senate,,Republican,Herschel Junior Walker,586
Fulton,07F,U.S. Senate,,Democrat,Raphael Warnock (I),1253
Fulton,07H,U.S. Senate,,Republican,Herschel Junior Walker,413
Fulton,07H,U.S. Senate,,Democrat,Raphael Warnock (I),855
Fulton,07J,U.S. Senate,,Republican,Herschel Junior Walker,479
Fulton,07J,U.S. Senate,,Democrat,Raphael Warnock (I),1175
Fulton,07M,U.S. Senate,,Republican,Herschel Junior Walker,190
Fulton,07M,U.S. Senate,,Democrat,Raphael Warnock (I),732
Fulton,07N,U.S. Senate,,Republican,Herschel Junior Walker,77
Fulton,07N,U.S. Senate,,Democrat,Raphael Warnock (I),601
Fulton,08A,U.S. Senate,,Republican,Herschel Junior Walker,702
Fulton,08A,U.S. Senate,,Democrat,Raphael Warnock (I),817
Fulton,08B,U.S. Senate,,Republican,Herschel Junior Walker,879
Fulton,08B,U.S. Senate,,Democrat,Raphael Warnock (I),1190
Fulton,08C,U.S. Senate,,Republican,Herschel Junior Walker,89
Fulton,08C,U.S. Senate,,Democrat,Raphael Warnock (I),60
Fulton,08C1,U.S. Senate,,Republican,Herschel Junior Walker,380
Fulton,08C1,U.S. Senate,,Democrat,Raphael Warnock (I),310
Fulton,08D,U.S. Senate,,Republican,Herschel Junior Walker,383
Fulton,08D,U.S. Senate,,Democrat,Raphael Warnock (I),291
Fulton,08E,U.S. Senate,,Republican,Herschel Junior Walker,757
Fulton,08E,U.S. Senate,,Democrat,Raphael Warnock (I),839
Fulton,08F1,U.S. Senate,,Republican,Herschel Junior Walker,684
Fulton,08F1,U.S. Senate,,Democrat,Raphael Warnock (I),682
Fulton,08F2,U.S. Senate,,Republican,Herschel Junior Walker,1
Fulton,08F2,U.S. Senate,,Democrat,Raphael Warnock (I),0
Fulton,08G,U.S. Senate,,Republican,Herschel Junior Walker,407
Fulton,08G,U.S. Senate,,Democrat,Raphael Warnock (I),879
Fulton,08H,U.S. Senate,,Republican,Herschel Junior Walker,724
Fulton,08H,U.S. Senate,,Democrat,Raphael Warnock (I),859
Fulton,08J,U.S. Senate,,Republican,Herschel Junior Walker,633
Fulton,08J,U.S. Senate,,Democrat,Raphael Warnock (I),1127
Fulton,08K,U.S. Senate,,Republican,Herschel Junior Walker,159
Fulton,08K,U.S. Senate,,Democrat,Raphael Warnock (I),352
Fulton,08L,U.S. Senate,,Republican,Herschel Junior Walker,460
Fulton,08L,U.S. Senate,,Democrat,Raphael Warnock (I),1740
Fulton,08M,U.S. Senate,,Republican,Herschel Junior Walker,606
Fulton,08M,U.S. Senate,,Democrat,Raphael Warnock (I),682
Fulton,08N1,U.S. Senate,,Republican,Herschel Junior Walker,239
Fulton,08N1,U.S. Senate,,Democrat,Raphael Warnock (I),286
Fulton,08N2,U.S. Senate,,Republican,Herschel Junior Walker,307
Fulton,08N2,U.S. Senate,,Democrat,Raphael Warnock (I),590
Fulton,08P,U.S. Senate,,Republican,Herschel Junior Walker,80
Fulton,08P,U.S. Senate,,Democrat,Raphael Warnock (I),603
Fulton,09A,U.S. Senate,,Republican,Herschel Junior Walker,356
Fulton,09A,U.S. Senate,,Democrat,Raphael Warnock (I),1991
Fulton,09B,U.S. Senate,,Republican,Herschel Junior Walker,0
Fulton,09B,U.S. Senate,,Democrat,Raphael Warnock (I),130
Fulton,09C,U.S. Senate,,Republican,Herschel Junior Walker,26
Fulton,09C,U.S. Senate,,Democrat,Raphael Warnock (I),1143
Fulton,09D,U.S. Senate,,Republican,Herschel Junior Walker,21
Fulton,09D,U.S. Senate,,Democrat,Raphael Warnock (I),655
Fulton,09E,U.S. Senate,,Republican,Herschel Junior Walker,54
Fulton,09E,U.S. Senate,,Democrat,Raphael Warnock (I),1148
Fulton,09F,U.S. Senate,,Republican,Herschel Junior Walker,671
Fulton,09F,U.S. Senate,,Democrat,Raphael Warnock (I),1395
Fulton,09G,U.S. Senate,,Republican,Herschel Junior Walker,258
Fulton,09G,U.S. Senate,,Democrat,Raphael Warnock (I),1624
Fulton,09H,U.S. Senate,,Republican,Herschel Junior Walker,48
Fulton,09H,U.S. Senate,,Democrat,Raphael Warnock (I),348
Fulton,09I,U.S. Senate,,Republican,Herschel Junior Walker,21
Fulton,09I,U.S. Senate,,Democrat,Raphael Warnock (I),430
Fulton,09K,U.S. Senate,,Republican,Herschel Junior Walker,27
Fulton,09K,U.S. Senate,,Democrat,Raphael Warnock (I),574
Fulton,09K1,U.S. Senate,,Republican,Herschel Junior Walker,36
Fulton,09K1,U.S. Senate,,Democrat,Raphael Warnock (I),787
Fulton,09M,U.S. Senate,,Republican,Herschel Junior Walker,180
Fulton,09M,U.S. Senate,,Democrat,Raphael Warnock (I),1326
Fulton,10A,U.S. Senate,,Republican,Herschel Junior Walker,30
Fulton,10A,U.S. Senate,,Democrat,Raphael Warnock (I),1289
Fulton,10B,U.S. Senate,,Republican,Herschel Junior Walker,40
Fulton,10B,U.S. Senate,,Democrat,Raphael Warnock (I),2189
Fulton,10C,U.S. Senate,,Republican,Herschel Junior Walker,11
Fulton,10C,U.S. Senate,,Democrat,Raphael Warnock (I),808
Fulton,10D,U.S. Senate,,Republican,Herschel Junior Walker,4
Fulton,10D,U.S. Senate,,Democrat,Raphael Warnock (I),211
Fulton,10D2,U.S. Senate,,Republican,Herschel Junior Walker,8
Fulton,10D2,U.S. Senate,,Democrat,Raphael Warnock (I),570
Fulton,10D1,U.S. Senate,,Republican,Herschel Junior Walker,15
Fulton,10D1,U.S. Senate,,Democrat,Raphael Warnock (I),677
Fulton,10E,U.S. Senate,,Republican,Herschel Junior Walker,7
Fulton,10E,U.S. Senate,,Democrat,Raphael Warnock (I),459
Fulton,10F,U.S. Senate,,Republican,Herschel Junior Walker,11
Fulton,10F,U.S. Senate,,Democrat,Raphael Warnock (I),478
Fulton,10G,U.S. Senate,,Republican,Herschel Junior Walker,22
Fulton,10G,U.S. Senate,,Democrat,Raphael Warnock (I),690
Fulton,10H1,U.S. Senate,,Republican,Herschel Junior Walker,2
Fulton,10H1,U.S. Senate,,Democrat,Raphael Warnock (I),201
Fulton,10H2,U.S. Senate,,Republican,Herschel Junior Walker,26
Fulton,10H2,U.S. Senate,,Democrat,Raphael Warnock (I),720
Fulton,10I,U.S. Senate,,Republican,Herschel Junior Walker,7
Fulton,10I,U.S. Senate,,Democrat,Raphael Warnock (I),242
Fulton,10J,U.S. Senate,,Republican,Herschel Junior Walker,11
Fulton,10J,U.S. Senate,,Democrat,Raphael Warnock (I),359
Fulton,10K,U.S. Senate,,Republican,Herschel Junior Walker,24
Fulton,10K,U.S. Senate,,Democrat,Raphael Warnock (I),756
Fulton,10M,U.S. Senate,,Republican,Herschel Junior Walker,28
Fulton,10M,U.S. Senate,,Democrat,Raphael Warnock (I),1209
Fulton,10P,U.S. Senate,,Republican,Herschel Junior Walker,10
Fulton,10P,U.S. Senate,,Democrat,Raphael Warnock (I),489
Fulton,10R,U.S. Senate,,Republican,Herschel Junior Walker,4
Fulton,10R,U.S. Senate,,Democrat,Raphael Warnock (I),235
Fulton,11B,U.S. Senate,,Republican,Herschel Junior Walker,22
Fulton,11B,U.S. Senate,,Democrat,Raphael Warnock (I),1406
Fulton,11B2,U.S. Senate,,Republican,Herschel Junior Walker,0
Fulton,11B2,U.S. Senate,,Democrat,Raphael Warnock (I),56
Fulton,11B1,U.S. Senate,,Republican,Herschel Junior Walker,14
Fulton,11B1,U.S. Senate,,Democrat,Raphael Warnock (I),817
Fulton,11C,U.S. Senate,,Republican,Herschel Junior Walker,0
Fulton,11C,U.S. Senate,,Democrat,Raphael Warnock (I),190
Fulton,11C2,U.S. Senate,,Republican,Herschel Junior Walker,13
Fulton,11C2,U.S. Senate,,Democrat,Raphael Warnock (I),1035
Fulton,11C3,U.S. Senate,,Republican,Herschel Junior Walker,10
Fulton,11C3,U.S. Senate,,Democrat,Raphael Warnock (I),457
Fulton,11E1,U.S. Senate,,Republican,Herschel Junior Walker,12
Fulton,11E1,U.S. Senate,,Democrat,Raphael Warnock (I),466
Fulton,11E2,U.S. Senate,,Republican,Herschel Junior Walker,14
Fulton,11E2,U.S. Senate,,Democrat,Raphael Warnock (I),465
Fulton,11E3,U.S. Senate,,Republican,Herschel Junior Walker,26
Fulton,11E3,U.S. Senate,,Democrat,Raphael Warnock (I),1454
Fulton,11G,U.S. Senate,,Republican,Herschel Junior Walker,9
Fulton,11G,U.S. Senate,,Democrat,Raphael Warnock (I),605
Fulton,11H,U.S. Senate,,Republican,Herschel Junior Walker,17
Fulton,11H,U.S. Senate,,Democrat,Raphael Warnock (I),304
Fulton,11J,U.S. Senate,,Republican,Herschel Junior Walker,23
Fulton,11J,U.S. Senate,,Democrat,Raphael Warnock (I),764
Fulton,11K,U.S. Senate,,Republican,Herschel Junior Walker,24
Fulton,11K,U.S. Senate,,Democrat,Raphael Warnock (I),930
Fulton,11M,U.S. Senate,,Republican,Herschel Junior Walker,14
Fulton,11M,U.S. Senate,,Democrat,Raphael Warnock (I),635
Fulton,11M1,U.S. Senate,,Republican,Herschel Junior Walker,13
Fulton,11M1,U.S. Senate,,Democrat,Raphael Warnock (I),632
Fulton,11N,U.S. Senate,,Republican,Herschel Junior Walker,37
Fulton,11N,U.S. Senate,,Democrat,Raphael Warnock (I),1119
Fulton,11P,U.S. Senate,,Republican,Herschel Junior Walker,12
Fulton,11P,U.S. Senate,,Democrat,Raphael Warnock (I),722
Fulton,11R,U.S. Senate,,Republican,Herschel Junior Walker,12
Fulton,11R,U.S. Senate,,Democrat,Raphael Warnock (I),496
Fulton,12A,U.S. Senate,,Republican,Herschel Junior Walker,40
Fulton,12A,U.S. Senate,,Democrat,Raphael Warnock (I),880
Fulton,12A1,U.S. Senate,,Republican,Herschel Junior Walker,57
Fulton,12A1,U.S. Senate,,Democrat,Raphael Warnock (I),1498
Fulton,12D,U.S. Senate,,Republican,Herschel Junior Walker,15
Fulton,12D,U.S. Senate,,Democrat,Raphael Warnock (I),364
Fulton,12E1,U.S. Senate,,Republican,Herschel Junior Walker,12
Fulton,12E1,U.S. Senate,,Democrat,Raphael Warnock (I),424
Fulton,12E2,U.S. Senate,,Republican,Herschel Junior Walker,0
Fulton,12E2,U.S. Senate,,Democrat,Raphael Warnock (I),1
Fulton,12F,U.S. Senate,,Republican,Herschel Junior Walker,13
Fulton,12F,U.S. Senate,,Democrat,Raphael Warnock (I),343
Fulton,12G,U.S. Senate,,Republican,Herschel Junior Walker,7
Fulton,12G,U.S. Senate,,Democrat,Raphael Warnock (I),274
Fulton,12H1,U.S. Senate,,Republican,Herschel Junior Walker,10
Fulton,12H1,U.S. Senate,,Democrat,Raphael Warnock (I),195
Fulton,12H2,U.S. Senate,,Republican,Herschel Junior Walker,19
Fulton,12H2,U.S. Senate,,Democrat,Raphael Warnock (I),1072
Fulton,12I,U.S. Senate,,Republican,Herschel Junior Walker,6
Fulton,12I,U.S. Senate,,Democrat,Raphael Warnock (I),323
Fulton,12J,U.S. Senate,,Republican,Herschel Junior Walker,35
Fulton,12J,U.S. Senate,,Democrat,Raphael Warnock (I),899
Fulton,12K,U.S. Senate,,Republican,Herschel Junior Walker,46
Fulton,12K,U.S. Senate,,Democrat,Raphael Warnock (I),1104
Fulton,12L,U.S. Senate,,Republican,Herschel Junior Walker,3
Fulton,12L,U.S. Senate,,Democrat,Raphael Warnock (I),168
Fulton,12M,U.S. Senate,,Republican,Herschel Junior Walker,21
Fulton,12M,U.S. Senate,,Democrat,Raphael Warnock (I),903
Fulton,12N,U.S. Senate,,Republican,Herschel Junior Walker,4
Fulton,12N,U.S. Senate,,Democrat,Raphael Warnock (I),270
Fulton,12S,U.S. Senate,,Republican,Herschel Junior Walker,13
Fulton,12S,U.S. Senate,,Democrat,Raphael Warnock (I),708
Fulton,AP01A,U.S. Senate,,Republican,Herschel Junior Walker,1125
Fulton,AP01A,U.S. Senate,,Democrat,Raphael Warnock (I),1609
Fulton,AP01B,U.S. Senate,,Republican,Herschel Junior Walker,260
Fulton,AP01B,U.S. Senate,,Democrat,Raphael Warnock (I),366
Fulton,AP01C,U.S. Senate,,Republican,Herschel Junior Walker,561
Fulton,AP01C,U.S. Senate,,Democrat,Raphael Warnock (I),699
Fulton,AP01D,U.S. Senate,,Republican,Herschel Junior Walker,181
Fulton,AP01D,U.S. Senate,,Democrat,Raphael Warnock (I),263
Fulton,AP01E,U.S. Senate,,Republican,Herschel Junior Walker,0
Fulton,AP01E,U.S. Senate,,Democrat,Raphael Warnock (I),0
Fulton,AP021,U.S. Senate,,Republican,Herschel Junior Walker,857
Fulton,AP021,U.S. Senate,,Democrat,Raphael Warnock (I),919
Fulton,AP022,U.S. Senate,,Republican,Herschel Junior Walker,420
Fulton,AP022,U.S. Senate,,Democrat,Raphael Warnock (I),536
Fulton,AP023,U.S. Senate,,Republican,Herschel Junior Walker,134
Fulton,AP023,U.S. Senate,,Democrat,Raphael Warnock (I),255
Fulton,AP02B,U.S. Senate,,Republican,Herschel Junior Walker,125
Fulton,AP02B,U.S. Senate,,Democrat,Raphael Warnock (I),226
Fulton,AP03,U.S. Senate,,Republican,Herschel Junior Walker,51
Fulton,AP03,U.S. Senate,,Democrat,Raphael Warnock (I),159
Fulton,AP04A,U.S. Senate,,Republican,Herschel Junior Walker,526
Fulton,AP04A,U.S. Senate,,Democrat,Raphael Warnock (I),522
Fulton,AP04B,U.S. Senate,,Republican,Herschel Junior Walker,126
Fulton,AP04B,U.S. Senate,,Democrat,Raphael Warnock (I),164
Fulton,AP05,U.S. Senate,,Republican,Herschel Junior Walker,1242
Fulton,AP05,U.S. Senate,,Democrat,Raphael Warnock (I),1418
Fulton,AP06,U.S. Senate,,Republican,Herschel Junior Walker,597
Fulton,AP06,U.S. Senate,,Democrat,Raphael Warnock (I),529
Fulton,AP07A,U.S. Senate,,Republican,Herschel Junior Walker,916
Fulton,AP07A,U.S. Senate,,Democrat,Raphael Warnock (I),1011
Fulton,AP07C,U.S. Senate,,Republican,Herschel Junior Walker,285
Fulton,AP07C,U.S. Senate,,Democrat,Raphael Warnock (I),248
Fulton,AP07B,U.S. Senate,,Republican,Herschel Junior Walker,194
Fulton,AP07B,U.S. Senate,,Democrat,Raphael Warnock (I),290
Fulton,AP09A,U.S. Senate,,Republican,Herschel Junior Walker,942
Fulton,AP09A,U.S. Senate,,Democrat,Raphael Warnock (I),1371
Fulton,AP09B,U.S. Senate,,Republican,Herschel Junior Walker,139
Fulton,AP09B,U.S. Senate,,Democrat,Raphael Warnock (I),327
Fulton,AP10,U.S. Senate,,Republican,Herschel Junior Walker,316
Fulton,AP10,U.S. Senate,,Democrat,Raphael Warnock (I),259
Fulton,AP12A,U.S. Senate,,Republican,Herschel Junior Walker,95
Fulton,AP12A,U.S. Senate,,Democrat,Raphael Warnock (I),201
Fulton,AP12B,U.S. Senate,,Republican,Herschel Junior Walker,133
Fulton,AP12B,U.S. Senate,,Democrat,Raphael Warnock (I),292
Fulton,AP12C,U.S. Senate,,Republican,Herschel Junior Walker,634
Fulton,AP12C,U.S. Senate,,Democrat,Raphael Warnock (I),564
Fulton,AP12D,U.S. Senate,,Republican,Herschel Junior Walker,0
Fulton,AP12D,U.S. Senate,,Democrat,Raphael Warnock (I),0
Fulton,AP14,U.S. Senate,,Republican,Herschel Junior Walker,12
Fulton,AP14,U.S. Senate,,Democrat,Raphael Warnock (I),48
Fulton,AP14A,U.S. Senate,,Republican,Herschel Junior Walker,757
Fulton,AP14A,U.S. Senate,,Democrat,Raphael Warnock (I),1017
Fulton,CH01,U.S. Senate,,Republican,Herschel Junior Walker,41
Fulton,CH01,U.S. Senate,,Democrat,Raphael Warnock (I),98
Fulton,CH02,U.S. Senate,,Republican,Herschel Junior Walker,104
Fulton,CH02,U.S. Senate,,Democrat,Raphael Warnock (I),169
Fulton,CH03,U.S. Senate,,Republican,Herschel Junior Walker,156
Fulton,CH03,U.S. Senate,,Democrat,Raphael Warnock (I),81
Fulton,CH04A,U.S. Senate,,Republican,Herschel Junior Walker,232
Fulton,CH04A,U.S. Senate,,Democrat,Raphael Warnock (I),324
Fulton,CH04B,U.S. Senate,,Republican,Herschel Junior Walker,1
Fulton,CH04B,U.S. Senate,,Democrat,Raphael Warnock (I),3
Fulton,CH05,U.S. Senate,,Republican,Herschel Junior Walker,163
Fulton,CH05,U.S. Senate,,Democrat,Raphael Warnock (I),81
Fulton,CP011,U.S. Senate,,Republican,Herschel Junior Walker,65
Fulton,CP011,U.S. Senate,,Democrat,Raphael Warnock (I),495
Fulton,CP012,U.S. Senate,,Republican,Herschel Junior Walker,82
Fulton,CP012,U.S. Senate,,Democrat,Raphael Warnock (I),633
Fulton,CP01B,U.S. Senate,,Republican,Herschel Junior Walker,50
Fulton,CP01B,U.S. Senate,,Democrat,Raphael Warnock (I),169
Fulton,CP02,U.S. Senate,,Republican,Herschel Junior Walker,52
Fulton,CP02,U.S. Senate,,Democrat,Raphael Warnock (I),429
Fulton,CP04A,U.S. Senate,,Republican,Herschel Junior Walker,1
Fulton,CP04A,U.S. Senate,,Democrat,Raphael Warnock (I),1
Fulton,CP04B,U.S. Senate,,Republican,Herschel Junior Walker,1
Fulton,CP04B,U.S. Senate,,Democrat,Raphael Warnock (I),10
Fulton,CP051,U.S. Senate,,Republican,Herschel Junior Walker,2
Fulton,CP051,U.S. Senate,,Democrat,Raphael Warnock (I),29
Fulton,CP05C,U.S. Senate,,Republican,Herschel Junior Walker,12
Fulton,CP05C,U.S. Senate,,Democrat,Raphael Warnock (I),686
Fulton,CP052,U.S. Senate,,Republican,Herschel Junior Walker,0
Fulton,CP052,U.S. Senate,,Democrat,Raphael Warnock (I),0
Fulton,CP05B,U.S. Senate,,Republican,Herschel Junior Walker,2
Fulton,CP05B,U.S. Senate,,Democrat,Raphael Warnock (I),40
Fulton,CP06A,U.S. Senate,,Republican,Herschel Junior Walker,3
Fulton,CP06A,U.S. Senate,,Democrat,Raphael Warnock (I),95
Fulton,CP06B,U.S. Senate,,Republican,Herschel Junior Walker,0
Fulton,CP06B,U.S. Senate,,Democrat,Raphael Warnock (I),1
Fulton,CP07A,U.S. Senate,,Republican,Herschel Junior Walker,5
Fulton,CP07A,U.S. Senate,,Democrat,Raphael Warnock (I),89
Fulton,CP07B,U.S. Senate,,Republican,Herschel Junior Walker,0
Fulton,CP07B,U.S. Senate,,Democrat,Raphael Warnock (I),3
Fulton,CP07C,U.S. Senate,,Republican,Herschel Junior Walker,1
Fulton,CP07C,U.S. Senate,,Democrat,Raphael Warnock (I),38
Fulton,CP07D,U.S. Senate,,Republican,Herschel Junior Walker,0
Fulton,CP07D,U.S. Senate,,Democrat,Raphael Warnock (I),31
Fulton,CP07E,U.S. Senate,,Republican,Herschel Junior Walker,0
Fulton,CP07E,U.S. Senate,,Democrat,Raphael Warnock (I),16
Fulton,CP07F,U.S. Senate,,Republican,Herschel Junior Walker,2
Fulton,CP07F,U.S. Senate,,Democrat,Raphael Warnock (I),31
Fulton,CP081,U.S. Senate,,Republican,Herschel Junior Walker,2
Fulton,CP081,U.S. Senate,,Democrat,Raphael Warnock (I),58
Fulton,CP083,U.S. Senate,,Republican,Herschel Junior Walker,1
Fulton,CP083,U.S. Senate,,Democrat,Raphael Warnock (I),34
Fulton,CP084,U.S. Senate,,Republican,Herschel Junior Walker,0
Fulton,CP084,U.S. Senate,,Democrat,Raphael Warnock (I),0
Fulton,CP08A,U.S. Senate,,Republican,Herschel Junior Walker,2
Fulton,CP08A,U.S. Senate,,Democrat,Raphael Warnock (I),67
Fulton,EP01A,U.S. Senate,,Republican,Herschel Junior Walker,72
Fulton,EP01A,U.S. Senate,,Democrat,Raphael Warnock (I),1108
Fulton,EP01B,U.S. Senate,,Republican,Herschel Junior Walker,43
Fulton,EP01B,U.S. Senate,,Democrat,Raphael Warnock (I),788
Fulton,EP01C,U.S. Senate,,Republican,Herschel Junior Walker,30
Fulton,EP01C,U.S. Senate,,Democrat,Raphael Warnock (I),417
Fulton,EP02A,U.S. Senate,,Republican,Herschel Junior Walker,30
Fulton,EP02A,U.S. Senate,,Democrat,Raphael Warnock (I),717
Fulton,EP02B,U.S. Senate,,Republican,Herschel Junior Walker,108
Fulton,EP02B,U.S. Senate,,Democrat,Raphael Warnock (I),781
Fulton,EP02C,U.S. Senate,,Republican,Herschel Junior Walker,22
Fulton,EP02C,U.S. Senate,,Democrat,Raphael Warnock (I),208
Fulton,EP02D,U.S. Senate,,Republican,Herschel Junior Walker,4
Fulton,EP02D,U.S. Senate,,Democrat,Raphael Warnock (I),224
Fulton,EP02E,U.S. Senate,,Republican,Herschel Junior Walker,22
Fulton,EP02E,U.S. Senate,,Democrat,Raphael Warnock (I),448
Fulton,EP03A,U.S. Senate,,Republican,Herschel Junior Walker,94
Fulton,EP03A,U.S. Senate,,Democrat,Raphael Warnock (I),1914
Fulton,EP03B,U.S. Senate,,Republican,Herschel Junior Walker,27
Fulton,EP03B,U.S. Senate,,Democrat,Raphael Warnock (I),802
Fulton,EP04A,U.S. Senate,,Republican,Herschel Junior Walker,15
Fulton,EP04A,U.S. Senate,,Democrat,Raphael Warnock (I),830
Fulton,EP04B,U.S. Senate,,Republican,Herschel Junior Walker,24
Fulton,EP04B,U.S. Senate,,Democrat,Raphael Warnock (I),1070
Fulton,EP04C,U.S. Senate,,Republican,Herschel Junior Walker,31
Fulton,EP04C,U.S. Senate,,Democrat,Raphael Warnock (I),1081
Fulton,FA01A,U.S. Senate,,Republican,Herschel Junior Walker,156
Fulton,FA01A,U.S. Senate,,Democrat,Raphael Warnock (I),1602
Fulton,FA01B,U.S. Senate,,Republican,Herschel Junior Walker,204
Fulton,FA01B,U.S. Senate,,Democrat,Raphael Warnock (I),2569
Fulton,FA01C,U.S. Senate,,Republican,Herschel Junior Walker,21
Fulton,FA01C,U.S. Senate,,Democrat,Raphael Warnock (I),297
Fulton,FA01D,U.S. Senate,,Republican,Herschel Junior Walker,13
Fulton,FA01D,U.S. Senate,,Democrat,Raphael Warnock (I),148
Fulton,FC02,U.S. Senate,,Republican,Herschel Junior Walker,3
Fulton,FC02,U.S. Senate,,Democrat,Raphael Warnock (I),14
Fulton,HP01,U.S. Senate,,Republican,Herschel Junior Walker,331
Fulton,HP01,U.S. Senate,,Democrat,Raphael Warnock (I),1197
Fulton,JC01,U.S. Senate,,Republican,Herschel Junior Walker,710
Fulton,JC01,U.S. Senate,,Democrat,Raphael Warnock (I),1318
Fulton,JC01A,U.S. Senate,,Republican,Herschel Junior Walker,291
Fulton,JC01A,U.S. Senate,,Democrat,Raphael Warnock (I),654
Fulton,JC02,U.S. Senate,,Republican,Herschel Junior Walker,517
Fulton,JC02,U.S. Senate,,Democrat,Raphael Warnock (I),904
Fulton,JC03A,U.S. Senate,,Republican,Herschel Junior Walker,139
Fulton,JC03A,U.S. Senate,,Democrat,Raphael Warnock (I),206
Fulton,JC03B,U.S. Senate,,Republican,Herschel Junior Walker,253
Fulton,JC03B,U.S. Senate,,Democrat,Raphael Warnock (I),535
Fulton,JC04A,U.S. Senate,,Republican,Herschel Junior Walker,643
Fulton,JC04A,U.S. Senate,,Democrat,Raphael Warnock (I),1113
Fulton,JC04B,U.S. Senate,,Republican,Herschel Junior Walker,59
Fulton,JC04B,U.S. Senate,,Democrat,Raphael Warnock (I),104
Fulton,JC04C,U.S. Senate,,Republican,Herschel Junior Walker,204
Fulton,JC04C,U.S. Senate,,Democrat,Raphael Warnock (I),442
Fulton,JC05,U.S. Senate,,Republican,Herschel Junior Walker,424
Fulton,JC05,U.S. Senate,,Democrat,Raphael Warnock (I),717
Fulton,JC06,U.S. Senate,,Republican,Herschel Junior Walker,645
Fulton,JC06,U.S. Senate,,Democrat,Raphael Warnock (I),713
Fulton,JC07,U.S. Senate,,Republican,Herschel Junior Walker,809
Fulton,JC07,U.S. Senate,,Democrat,Raphael Warnock (I),1482
Fulton,JC08,U.S. Senate,,Republican,Herschel Junior Walker,658
Fulton,JC08,U.S. Senate,,Democrat,Raphael Warnock (I),955
Fulton,JC09,U.S. Senate,,Republican,Herschel Junior Walker,566
Fulton,JC09,U.S. Senate,,Democrat,Raphael Warnock (I),1063
Fulton,JC10,U.S. Senate,,Republican,Herschel Junior Walker,407
Fulton,JC10,U.S. Senate,,Democrat,Raphael Warnock (I),840
Fulton,JC11,U.S. Senate,,Republican,Herschel Junior Walker,877
Fulton,JC11,U.S. Senate,,Democrat,Raphael Warnock (I),892
Fulton,JC12,U.S. Senate,,Republican,Herschel Junior Walker,963
Fulton,JC12,U.S. Senate,,Democrat,Raphael Warnock (I),653
Fulton,JC13A,U.S. Senate,,Republican,Herschel Junior Walker,738
Fulton,JC13A,U.S. Senate,,Democrat,Raphael Warnock (I),576
Fulton,JC13B,U.S. Senate,,Republican,Herschel Junior Walker,110
Fulton,JC13B,U.S. Senate,,Democrat,Raphael Warnock (I),54
Fulton,JC14,U.S. Senate,,Republican,Herschel Junior Walker,667
Fulton,JC14,U.S. Senate,,Democrat,Raphael Warnock (I),737
Fulton,JC15,U.S. Senate,,Republican,Herschel Junior Walker,140
Fulton,JC15,U.S. Senate,,Democrat,Raphael Warnock (I),284
Fulton,JC16,U.S. Senate,,Republican,Herschel Junior Walker,600
Fulton,JC16,U.S. Senate,,Democrat,Raphael Warnock (I),923
Fulton,JC18,U.S. Senate,,Republican,Herschel Junior Walker,817
Fulton,JC18,U.S. Senate,,Democrat,Raphael Warnock (I),850
Fulton,JC19A,U.S. Senate,,Republican,Herschel Junior Walker,623
Fulton,JC19A,U.S. Senate,,Democrat,Raphael Warnock (I),894
Fulton,JC19,U.S. Senate,,Republican,Herschel Junior Walker,286
Fulton,JC19,U.S. Senate,,Democrat,Raphael Warnock (I),454
Fulton,ML01A,U.S. Senate,,Republican,Herschel Junior Walker,878
Fulton,ML01A,U.S. Senate,,Democrat,Raphael Warnock (I),779
Fulton,ML01B,U.S. Senate,,Republican,Herschel Junior Walker,209
Fulton,ML01B,U.S. Senate,,Democrat,Raphael Warnock (I),147
Fulton,ML01C,U.S. Senate,,Republican,Herschel Junior Walker,47
Fulton,ML01C,U.S. Senate,,Democrat,Raphael Warnock (I),29
Fulton,ML02A,U.S. Senate,,Republican,Herschel Junior Walker,1045
Fulton,ML02A,U.S. Senate,,Democrat,Raphael Warnock (I),493
Fulton,ML02B,U.S. Senate,,Republican,Herschel Junior Walker,680
Fulton,ML02B,U.S. Senate,,Democrat,Raphael Warnock (I),409
Fulton,ML03,U.S. Senate,,Republican,Herschel Junior Walker,1255
Fulton,ML03,U.S. Senate,,Democrat,Raphael Warnock (I),770
Fulton,ML03A,U.S. Senate,,Republican,Herschel Junior Walker,212
Fulton,ML03A,U.S. Senate,,Democrat,Raphael Warnock (I),90
Fulton,ML04,U.S. Senate,,Republican,Herschel Junior Walker,1069
Fulton,ML04,U.S. Senate,,Democrat,Raphael Warnock (I),798
Fulton,ML05,U.S. Senate,,Republican,Herschel Junior Walker,1169
Fulton,ML05,U.S. Senate,,Democrat,Raphael Warnock (I),1359
Fulton,ML06A,U.S. Senate,,Republican,Herschel Junior Walker,230
Fulton,ML06A,U.S. Senate,,Democrat,Raphael Warnock (I),575
Fulton,ML06B,U.S. Senate,,Republican,Herschel Junior Walker,414
Fulton,ML06B,U.S. Senate,,Democrat,Raphael Warnock (I),964
Fulton,ML07A,U.S. Senate,,Republican,Herschel Junior Walker,290
Fulton,ML07A,U.S. Senate,,Democrat,Raphael Warnock (I),181
Fulton,ML07B,U.S. Senate,,Republican,Herschel Junior Walker,593
Fulton,ML07B,U.S. Senate,,Democrat,Raphael Warnock (I),374
Fulton,MP01,U.S. Senate,,Republican,Herschel Junior Walker,131
Fulton,MP01,U.S. Senate,,Democrat,Raphael Warnock (I),173
Fulton,PA01,U.S. Senate,,Republican,Herschel Junior Walker,255
Fulton,PA01,U.S. Senate,,Democrat,Raphael Warnock (I),1052
Fulton,RW01,U.S. Senate,,Republican,Herschel Junior Walker,1541
Fulton,RW01,U.S. Senate,,Democrat,Raphael Warnock (I),1470
Fulton,RW02,U.S. Senate,,Republican,Herschel Junior Walker,1074
Fulton,RW02,U.S. Senate,,Democrat,Raphael Warnock (I),1394
Fulton,RW03,U.S. Senate,,Republican,Herschel Junior Walker,148
Fulton,RW03,U.S. Senate,,Democrat,Raphael Warnock (I),137
Fulton,RW03B,U.S. Senate,,Republican,Herschel Junior Walker,334
Fulton,RW03B,U.S. Senate,,Democrat,Raphael Warnock (I),578
Fulton,RW03A,U.S. Senate,,Republican,Herschel Junior Walker,133
Fulton,RW03A,U.S. Senate,,Democrat,Raphael Warnock (I),230
Fulton,RW03C,U.S. Senate,,Republican,Herschel Junior Walker,269
Fulton,RW03C,U.S. Senate,,Democrat,Raphael Warnock (I),526
Fulton,RW04,U.S. Senate,,Republican,Herschel Junior Walker,472
Fulton,RW04,U.S. Senate,,Democrat,Raphael Warnock (I),710
Fulton,RW05,U.S. Senate,,Republican,Herschel Junior Walker,309
Fulton,RW05,U.S. Senate,,Democrat,Raphael Warnock (I),595
Fulton,RW05A,U.S. Senate,,Republican,Herschel Junior Walker,98
Fulton,RW05A,U.S. Senate,,Democrat,Raphael Warnock (I),235
Fulton,RW06,U.S. Senate,,Republican,Herschel Junior Walker,643
Fulton,RW06,U.S. Senate,,Democrat,Raphael Warnock (I),1024
Fulton,RW07A,U.S. Senate,,Republican,Herschel Junior Walker,59
Fulton,RW07A,U.S. Senate,,Democrat,Raphael Warnock (I),395
Fulton,RW07B,U.S. Senate,,Republican,Herschel Junior Walker,37
Fulton,RW07B,U.S. Senate,,Democrat,Raphael Warnock (I),130
Fulton,RW08,U.S. Senate,,Republican,Herschel Junior Walker,757
Fulton,RW08,U.S. Senate,,Democrat,Raphael Warnock (I),681
Fulton,RW09,U.S. Senate,,Republican,Herschel Junior Walker,1388
Fulton,RW09,U.S. Senate,,Democrat,Raphael Warnock (I),1056
Fulton,RW09A,U.S. Senate,,Republican,Herschel Junior Walker,807
Fulton,RW09A,U.S. Senate,,Democrat,Raphael Warnock (I),638
Fulton,RW10,U.S. Senate,,Republican,Herschel Junior Walker,863
Fulton,RW10,U.S. Senate,,Democrat,Raphael Warnock (I),783
Fulton,RW10A,U.S. Senate,,Republican,Herschel Junior Walker,287
Fulton,RW10A,U.S. Senate,,Democrat,Raphael Warnock (I),305
Fulton,RW11A,U.S. Senate,,Republican,Herschel Junior Walker,587
Fulton,RW11A,U.S. Senate,,Democrat,Raphael Warnock (I),854
Fulton,RW11B,U.S. Senate,,Republican,Herschel Junior Walker,0
Fulton,RW11B,U.S. Senate,,Democrat,Raphael Warnock (I),0
Fulton,RW12,U.S. Senate,,Republican,Herschel Junior Walker,983
Fulton,RW12,U.S. Senate,,Democrat,Raphael Warnock (I),917
Fulton,RW12A,U.S. Senate,,Republican,Herschel Junior Walker,911
Fulton,RW12A,U.S. Senate,,Democrat,Raphael Warnock (I),1018
Fulton,RW13,U.S. Senate,,Republican,Herschel Junior Walker,947
Fulton,RW13,U.S. Senate,,Democrat,Raphael Warnock (I),1182
Fulton,RW16,U.S. Senate,,Republican,Herschel Junior Walker,600
Fulton,RW16,U.S. Senate,,Democrat,Raphael Warnock (I),663
Fulton,RW17,U.S. Senate,,Republican,Herschel Junior Walker,516
Fulton,RW17,U.S. Senate,,Democrat,Raphael Warnock (I),1080
Fulton,RW19,U.S. Senate,,Republican,Herschel Junior Walker,678
Fulton,RW19,U.S. Senate,,Democrat,Raphael Warnock (I),646
Fulton,RW20,U.S. Senate,,Republican,Herschel Junior Walker,732
Fulton,RW20,U.S. Senate,,Democrat,Raphael Warnock (I),939
Fulton,RW21,U.S. Senate,,Republican,Herschel Junior Walker,69
Fulton,RW21,U.S. Senate,,Democrat,Raphael Warnock (I),35
Fulton,RW21A,U.S. Senate,,Republican,Herschel Junior Walker,924
Fulton,RW21A,U.S. Senate,,Democrat,Raphael Warnock (I),866
Fulton,RW22A,U.S. Senate,,Republican,Herschel Junior Walker,641
Fulton,RW22A,U.S. Senate,,Democrat,Raphael Warnock (I),1351
Fulton,RW22C,U.S. Senate,,Republican,Herschel Junior Walker,0
Fulton,RW22C,U.S. Senate,,Democrat,Raphael Warnock (I),0
Fulton,RW22B,U.S. Senate,,Republican,Herschel Junior Walker,0
Fulton,RW22B,U.S. Senate,,Democrat,Raphael Warnock (I),0
Fulton,SC01A,U.S. Senate,,Republican,Herschel Junior Walker,3
Fulton,SC01A,U.S. Senate,,Democrat,Raphael Warnock (I),13
Fulton,SC01B,U.S. Senate,,Republican,Herschel Junior Walker,20
Fulton,SC01B,U.S. Senate,,Democrat,Raphael Warnock (I),1258
Fulton,SC01C,U.S. Senate,,Republican,Herschel Junior Walker,36
Fulton,SC01C,U.S. Senate,,Democrat,Raphael Warnock (I),1459
Fulton,SC02,U.S. Senate,,Republican,Herschel Junior Walker,14
Fulton,SC02,U.S. Senate,,Democrat,Raphael Warnock (I),435
Fulton,SC02A,U.S. Senate,,Republican,Herschel Junior Walker,12
Fulton,SC02A,U.S. Senate,,Democrat,Raphael Warnock (I),440
Fulton,SC04,U.S. Senate,,Republican,Herschel Junior Walker,137
Fulton,SC04,U.S. Senate,,Democrat,Raphael Warnock (I),402
Fulton,SC05A,U.S. Senate,,Republican,Herschel Junior Walker,4
Fulton,SC05A,U.S. Senate,,Democrat,Raphael Warnock (I),325
Fulton,SC05B,U.S. Senate,,Republican,Herschel Junior Walker,3
Fulton,SC05B,U.S. Senate,,Democrat,Raphael Warnock (I),580
Fulton,SC05C,U.S. Senate,,Republican,Herschel Junior Walker,38
Fulton,SC05C,U.S. Senate,,Democrat,Raphael Warnock (I),1328
Fulton,SC05D,U.S. Senate,,Republican,Herschel Junior Walker,37
Fulton,SC05D,U.S. Senate,,Democrat,Raphael Warnock (I),1564
Fulton,SC05E,U.S. Senate,,Republican,Herschel Junior Walker,33
Fulton,SC05E,U.S. Senate,,Democrat,Raphael Warnock (I),301
Fulton,SC07A,U.S. Senate,,Republican,Herschel Junior Walker,179
Fulton,SC07A,U.S. Senate,,Democrat,Raphael Warnock (I),1931
Fulton,SC07B,U.S. Senate,,Republican,Herschel Junior Walker,0
Fulton,SC07B,U.S. Senate,,Democrat,Raphael Warnock (I),4
Fulton,SC07C,U.S. Senate,,Republican,Herschel Junior Walker,0
Fulton,SC07C,U.S. Senate,,Democrat,Raphael Warnock (I),4
Fulton,SC07D,U.S. Senate,,Republican,Herschel Junior Walker,8
Fulton,SC07D,U.S. Senate,,Democrat,Raphael Warnock (I),383
Fulton,SC07E,U.S. Senate,,Republican,Herschel Junior Walker,52
Fulton,SC07E,U.S. Senate,,Democrat,Raphael Warnock (I),792
Fulton,SC08A,U.S. Senate,,Republican,Herschel Junior Walker,0
Fulton,SC08A,U.S. Senate,,Democrat,Raphael Warnock (I),0
Fulton,SC08J,U.S. Senate,,Republican,Herschel Junior Walker,0
Fulton,SC08J,U.S. Senate,,Democrat,Raphael Warnock (I),16
Fulton,SC08B,U.S. Senate,,Republican,Herschel Junior Walker,42
Fulton,SC08B,U.S. Senate,,Democrat,Raphael Warnock (I),1769
Fulton,SC08I,U.S. Senate,,Republican,Herschel Junior Walker,4
Fulton,SC08I,U.S. Senate,,Democrat,Raphael Warnock (I),63
Fulton,SC08C,U.S. Senate,,Republican,Herschel Junior Walker,0
Fulton,SC08C,U.S. Senate,,Democrat,Raphael Warnock (I),50
Fulton,SC08D,U.S. Senate,,Republican,Herschel Junior Walker,1
Fulton,SC08D,U.S. Senate,,Democrat,Raphael Warnock (I),256
Fulton,SC08E,U.S. Senate,,Republican,Herschel Junior Walker,6
Fulton,SC08E,U.S. Senate,,Democrat,Raphael Warnock (I),295
Fulton,SC08F,U.S. Senate,,Republican,Herschel Junior Walker,9
Fulton,SC08F,U.S. Senate,,Democrat,Raphael Warnock (I),264
Fulton,SC08G,U.S. Senate,,Republican,Herschel Junior Walker,0
Fulton,SC08G,U.S. Senate,,Democrat,Raphael Warnock (I),2
Fulton,SC08H,U.S. Senate,,Republican,Herschel Junior Walker,0
Fulton,SC08H,U.S. Senate,,Democrat,Raphael Warnock (I),1
Fulton,SC09A,U.S. Senate,,Republican,Herschel Junior Walker,18
Fulton,SC09A,U.S. Senate,,Democrat,Raphael Warnock (I),612
Fulton,SC09B,U.S. Senate,,Republican,Herschel Junior Walker,21
Fulton,SC09B,U.S. Senate,,Democrat,Raphael Warnock (I),894
Fulton,SC09C,U.S. Senate,,Republican,Herschel Junior Walker,26
Fulton,SC09C,U.S. Senate,,Democrat,Raphael Warnock (I),723
Fulton,SC10,U.S. Senate,,Republican,Herschel Junior Walker,17
Fulton,SC10,U.S. Senate,,Democrat,Raphael Warnock (I),460
Fulton,SC11A,U.S. Senate,,Republican,Herschel Junior Walker,18
Fulton,SC11A,U.S. Senate,,Democrat,Raphael Warnock (I),694
Fulton,SC11B,U.S. Senate,,Republican,Herschel Junior Walker,21
Fulton,SC11B,U.S. Senate,,Democrat,Raphael Warnock (I),795
Fulton,SC13,U.S. Senate,,Republican,Herschel Junior Walker,47
Fulton,SC13,U.S. Senate,,Democrat,Raphael Warnock (I),1010
Fulton,SC13A,U.S. Senate,,Republican,Herschel Junior Walker,16
Fulton,SC13A,U.S. Senate,,Democrat,Raphael Warnock (I),439
Fulton,SC14A,U.S. Senate,,Republican,Herschel Junior Walker,7
Fulton,SC14A,U.S. Senate,,Democrat,Raphael Warnock (I),363
Fulton,SC15,U.S. Senate,,Republican,Herschel Junior Walker,71
Fulton,SC15,U.S. Senate,,Democrat,Raphael Warnock (I),1743
Fulton,SC15A,U.S. Senate,,Republican,Herschel Junior Walker,32
Fulton,SC15A,U.S. Senate,,Democrat,Raphael Warnock (I),1854
Fulton,SC16A,U.S. Senate,,Republican,Herschel Junior Walker,28
Fulton,SC16A,U.S. Senate,,Democrat,Raphael Warnock (I),1403
Fulton,SC16B,U.S. Senate,,Republican,Herschel Junior Walker,23
Fulton,SC16B,U.S. Senate,,Democrat,Raphael Warnock (I),1295
Fulton,SC17A,U.S. Senate,,Republican,Herschel Junior Walker,0
Fulton,SC17A,U.S. Senate,,Democrat,Raphael Warnock (I),32
Fulton,SC17B,U.S. Senate,,Republican,Herschel Junior Walker,0
Fulton,SC17B,U.S. Senate,,Democrat,Raphael Warnock (I),0
Fulton,SC17C,U.S. Senate,,Republican,Herschel Junior Walker,20
Fulton,SC17C,U.S. Senate,,Democrat,Raphael Warnock (I),589
Fulton,SC18A,U.S. Senate,,Republican,Herschel Junior Walker,7
Fulton,SC18A,U.S. Senate,,Democrat,Raphael Warnock (I),257
Fulton,SC18B,U.S. Senate,,Republican,Herschel Junior Walker,15
Fulton,SC18B,U.S. Senate,,Democrat,Raphael Warnock (I),694
Fulton,SC18C,U.S. Senate,,Republican,Herschel Junior Walker,34
Fulton,SC18C,U.S. Senate,,Democrat,Raphael Warnock (I),1028
Fulton,SC18D,U.S. Senate,,Republican,Herschel Junior Walker,10
Fulton,SC18D,U.S. Senate,,Democrat,Raphael Warnock (I),197
Fulton,SC19A,U.S. Senate,,Republican,Herschel Junior Walker,4
Fulton,SC19A,U.S. Senate,,Democrat,Raphael Warnock (I),112
Fulton,SC19B,U.S. Senate,,Republican,Herschel Junior Walker,22
Fulton,SC19B,U.S. Senate,,Democrat,Raphael Warnock (I),537
Fulton,SC20,U.S. Senate,,Republican,Herschel Junior Walker,26
Fulton,SC20,U.S. Senate,,Democrat,Raphael Warnock (I),1579
Fulton,SC211,U.S. Senate,,Republican,Herschel Junior Walker,41
Fulton,SC211,U.S. Senate,,Democrat,Raphael Warnock (I),881
Fulton,SC212,U.S. Senate,,Republican,Herschel Junior Walker,89
Fulton,SC212,U.S. Senate,,Democrat,Raphael Warnock (I),1847
Fulton,SC21A,U.S. Senate,,Republican,Herschel Junior Walker,0
Fulton,SC21A,U.S. Senate,,Democrat,Raphael Warnock (I),0
Fulton,SC23A,U.S. Senate,,Republican,Herschel Junior Walker,43
Fulton,SC23A,U.S. Senate,,Democrat,Raphael Warnock (I),1520
Fulton,SC23B,U.S. Senate,,Republican,Herschel Junior Walker,8
Fulton,SC23B,U.S. Senate,,Democrat,Raphael Warnock (I),238
Fulton,SC23C,U.S. Senate,,Republican,Herschel Junior Walker,27
Fulton,SC23C,U.S. Senate,,Democrat,Raphael Warnock (I),1010
Fulton,SC27,U.S. Senate,,Republican,Herschel Junior Walker,35
Fulton,SC27,U.S. Senate,,Democrat,Raphael Warnock (I),1015
Fulton,SC29A,U.S. Senate,,Republican,Herschel Junior Walker,33
Fulton,SC29A,U.S. Senate,,Democrat,Raphael Warnock (I),1234
Fulton,SC29B,U.S. Senate,,Republican,Herschel Junior Walker,0
Fulton,SC29B,U.S. Senate,,Democrat,Raphael Warnock (I),0
Fulton,SC30A,U.S. Senate,,Republican,Herschel Junior Walker,0
Fulton,SC30A,U.S. Senate,,Democrat,Raphael Warnock (I),90
Fulton,SC30B,U.S. Senate,,Republican,Herschel Junior Walker,11
Fulton,SC30B,U.S. Senate,,Democrat,Raphael Warnock (I),387
Fulton,SC31,U.S. Senate,,Republican,Herschel Junior Walker,0
Fulton,SC31,U.S. Senate,,Democrat,Raphael Warnock (I),164
Fulton,SC32,U.S. Senate,,Republican,Herschel Junior Walker,2
Fulton,SC32,U.S. Senate,,Democrat,Raphael Warnock (I),11
Fulton,SC33,U.S. Senate,,Republican,Herschel Junior Walker,1
Fulton,SC33,U.S. Senate,,Democrat,Raphael Warnock (I),7
Fulton,SS01,U.S. Senate,,Republican,Herschel Junior Walker,1129
Fulton,SS01,U.S. Senate,,Democrat,Raphael Warnock (I),1097
Fulton,SS01A,U.S. Senate,,Republican,Herschel Junior Walker,347
Fulton,SS01A,U.S. Senate,,Democrat,Raphael Warnock (I),339
Fulton,SS02A,U.S. Senate,,Republican,Herschel Junior Walker,234
Fulton,SS02A,U.S. Senate,,Democrat,Raphael Warnock (I),445
Fulton,SS02B,U.S. Senate,,Republican,Herschel Junior Walker,121
Fulton,SS02B,U.S. Senate,,Democrat,Raphael Warnock (I),455
Fulton,SS03A,U.S. Senate,,Republican,Herschel Junior Walker,149
Fulton,SS03A,U.S. Senate,,Democrat,Raphael Warnock (I),286
Fulton,SS03,U.S. Senate,,Republican,Herschel Junior Walker,144
Fulton,SS03,U.S. Senate,,Democrat,Raphael Warnock (I),263
Fulton,SS04A,U.S. Senate,,Republican,Herschel Junior Walker,20
Fulton,SS04A,U.S. Senate,,Democrat,Raphael Warnock (I),59
Fulton,SS04,U.S. Senate,,Republican,Herschel Junior Walker,523
Fulton,SS04,U.S. Senate,,Democrat,Raphael Warnock (I),1190
Fulton,SS05,U.S. Senate,,Republican,Herschel Junior Walker,493
Fulton,SS05,U.S. Senate,,Democrat,Raphael Warnock (I),736
Fulton,SS06,U.S. Senate,,Republican,Herschel Junior Walker,421
Fulton,SS06,U.S. Senate,,Democrat,Raphael Warnock (I),599
Fulton,SS07A,U.S. Senate,,Republican,Herschel Junior Walker,320
Fulton,SS07A,U.S. Senate,,Democrat,Raphael Warnock (I),419
Fulton,SS07B,U.S. Senate,,Republican,Herschel Junior Walker,118
Fulton,SS07B,U.S. Senate,,Democrat,Raphael Warnock (I),311
Fulton,SS07C,U.S. Senate,,Republican,Herschel Junior Walker,151
Fulton,SS07C,U.S. Senate,,Democrat,Raphael Warnock (I),210
Fulton,SS07D,U.S. Senate,,Republican,Herschel Junior Walker,0
Fulton,SS07D,U.S. Senate,,Democrat,Raphael Warnock (I),1
Fulton,SS08A,U.S. Senate,,Republican,Herschel Junior Walker,199
Fulton,SS08A,U.S. Senate,,Democrat,Raphael Warnock (I),542
Fulton,SS08B,U.S. Senate,,Republican,Herschel Junior Walker,159
Fulton,SS08B,U.S. Senate,,Democrat,Raphael Warnock (I),247
Fulton,SS08E,U.S. Senate,,Republican,Herschel Junior Walker,52
Fulton,SS08E,U.S. Senate,,Democrat,Raphael Warnock (I),120
Fulton,SS08C,U.S. Senate,,Republican,Herschel Junior Walker,66
Fulton,SS08C,U.S. Senate,,Democrat,Raphael Warnock (I),226
Fulton,SS08D,U.S. Senate,,Republican,Herschel Junior Walker,170
Fulton,SS08D,U.S. Senate,,Democrat,Raphael Warnock (I),516
Fulton,SS09A,U.S. Senate,,Republican,Herschel Junior Walker,906
Fulton,SS09A,U.S. Senate,,Democrat,Raphael Warnock (I),997
Fulton,SS09B,U.S. Senate,,Republican,Herschel Junior Walker,985
Fulton,SS09B,U.S. Senate,,Democrat,Raphael Warnock (I),1223
Fulton,SS11A,U.S. Senate,,Republican,Herschel Junior Walker,539
Fulton,SS11A,U.S. Senate,,Democrat,Raphael Warnock (I),1154
Fulton,SS11B,U.S. Senate,,Republican,Herschel Junior Walker,122
Fulton,SS11B,U.S. Senate,,Democrat,Raphael Warnock (I),416
Fulton,SS11C,U.S. Senate,,Republican,Herschel Junior Walker,18
Fulton,SS11C,U.S. Senate,,Democrat,Raphael Warnock (I),125
Fulton,SS11D,U.S. Senate,,Republican,Herschel Junior Walker,91
Fulton,SS11D,U.S. Senate,,Democrat,Raphael Warnock (I),129
Fulton,SS12,U.S. Senate,,Republican,Herschel Junior Walker,633
Fulton,SS12,U.S. Senate,,Democrat,Raphael Warnock (I),912
Fulton,SS13A,U.S. Senate,,Republican,Herschel Junior Walker,409
Fulton,SS13A,U.S. Senate,,Democrat,Raphael Warnock (I),637
Fulton,SS13B,U.S. Senate,,Republican,Herschel Junior Walker,211
Fulton,SS13B,U.S. Senate,,Democrat,Raphael Warnock (I),371
Fulton,SS14,U.S. Senate,,Republican,Herschel Junior Walker,483
Fulton,SS14,U.S. Senate,,Democrat,Raphael Warnock (I),411
Fulton,SS15A,U.S. Senate,,Republican,Herschel Junior Walker,103
Fulton,SS15A,U.S. Senate,,Democrat,Raphael Warnock (I),693
Fulton,SS15B,U.S. Senate,,Republican,Herschel Junior Walker,192
Fulton,SS15B,U.S. Senate,,Democrat,Raphael Warnock (I),539
Fulton,SS16,U.S. Senate,,Republican,Herschel Junior Walker,616
Fulton,SS16,U.S. Senate,,Democrat,Raphael Warnock (I),732
Fulton,SS17,U.S. Senate,,Republican,Herschel Junior Walker,815
Fulton,SS17,U.S. Senate,,Democrat,Raphael Warnock (I),1024
Fulton,SS18A,U.S. Senate,,Republican,Herschel Junior Walker,101
Fulton,SS18A,U.S. Senate,,Democrat,Raphael Warnock (I),133
Fulton,SS18C,U.S. Senate,,Republican,Herschel Junior Walker,87
Fulton,SS18C,U.S. Senate,,Democrat,Raphael Warnock (I),90
Fulton,SS18B,U.S. Senate,,Republican,Herschel Junior Walker,68
Fulton,SS18B,U.S. Senate,,Democrat,Raphael Warnock (I),85
Fulton,SS19A,U.S. Senate,,Republican,Herschel Junior Walker,286
Fulton,SS19A,U.S. Senate,,Democrat,Raphael Warnock (I),1003
Fulton,SS19B,U.S. Senate,,Republican,Herschel Junior Walker,241
Fulton,SS19B,U.S. Senate,,Democrat,Raphael Warnock (I),750
Fulton,SS20,U.S. Senate,,Republican,Herschel Junior Walker,265
Fulton,SS20,U.S. Senate,,Democrat,Raphael Warnock (I),684
Fulton,SS22,U.S. Senate,,Republican,Herschel Junior Walker,460
Fulton,SS22,U.S. Senate,,Democrat,Raphael Warnock (I),733
Fulton,SS26,U.S. Senate,,Republican,Herschel Junior Walker,165
Fulton,SS26,U.S. Senate,,Democrat,Raphael Warnock (I),1042
Fulton,SS29A,U.S. Senate,,Republican,Herschel Junior Walker,420
Fulton,SS29A,U.S. Senate,,Democrat,Raphael Warnock (I),969
Fulton,SS29B,U.S. Senate,,Republican,Herschel Junior Walker,0
Fulton,SS29B,U.S. Senate,,Democrat,Raphael Warnock (I),1
Fulton,SS31,U.S. Senate,,Republican,Herschel Junior Walker,311
Fulton,SS31,U.S. Senate,,Democrat,Raphael Warnock (I),622
Fulton,UC01A,U.S. Senate,,Republican,Herschel Junior Walker,37
Fulton,UC01A,U.S. Senate,,Democrat,Raphael Warnock (I),1123
Fulton,UC01B,U.S. Senate,,Republican,Herschel Junior Walker,1
Fulton,UC01B,U.S. Senate,,Democrat,Raphael Warnock (I),116
Fulton,UC01C,U.S. Senate,,Republican,Herschel Junior Walker,0
Fulton,UC01C,U.S. Senate,,Democrat,Raphael Warnock (I),1
Fulton,UC01D,U.S. Senate,,Republican,Herschel Junior Walker,2
Fulton,UC01D,U.S. Senate,,Democrat,Raphael Warnock (I),0
Fulton,UC01E,U.S. Senate,,Republican,Herschel Junior Walker,4
Fulton,UC01E,U.S. Senate,,Democrat,Raphael Warnock (I),265
Fulton,UC02A,U.S. Senate,,Republican,Herschel Junior Walker,7
Fulton,UC02A,U.S. Senate,,Democrat,Raphael Warnock (I),275
Fulton,UC02E,U.S. Senate,,Republican,Herschel Junior Walker,45
Fulton,UC02E,U.S. Senate,,Democrat,Raphael Warnock (I),1907
Fulton,UC02B,U.S. Senate,,Republican,Herschel Junior Walker,2
Fulton,UC02B,U.S. Senate,,Democrat,Raphael Warnock (I),12
Fulton,UC02C,U.S. Senate,,Republican,Herschel Junior Walker,0
Fulton,UC02C,U.S. Senate,,Democrat,Raphael Warnock (I),38
Fulton,UC02D,U.S. Senate,,Republican,Herschel Junior Walker,89
Fulton,UC02D,U.S. Senate,,Democrat,Raphael Warnock (I),1571
Fulton,UC031,U.S. Senate,,Republican,Herschel Junior Walker,122
Fulton,UC031,U.S. Senate,,Democrat,Raphael Warnock (I),922
Fulton,UC032,U.S. Senate,,Republican,Herschel Junior Walker,39
Fulton,UC032,U.S. Senate,,Democrat,Raphael Warnock (I),194
Fulton,UC033,U.S. Senate,,Republican,Herschel Junior Walker,0
Fulton,UC033,U.S. Senate,,Democrat,Raphael Warnock (I),0
Fulton,UC035,U.S. Senate,,Republican,Herschel Junior Walker,1
Fulton,UC035,U.S. Senate,,Democrat,Raphael Warnock (I),2
Gilmer,Ellijay South,U.S. Senate,,Republican,Herschel Junior Walker,1301
Gilmer,Ellijay South,U.S. Senate,,Democrat,Raphael Warnock (I),351
Gilmer,Cartecay,U.S. Senate,,Republican,Herschel Junior Walker,851
Gilmer,Cartecay,U.S. Senate,,Democrat,Raphael Warnock (I),142
Gilmer,Tails Creek,U.S. Senate,,Republican,Herschel Junior Walker,775
Gilmer,Tails Creek,U.S. Senate,,Democrat,Raphael Warnock (I),123
Gilmer,Town Creek,U.S. Senate,,Republican,Herschel Junior Walker,553
Gilmer,Town Creek,U.S. Senate,,Democrat,Raphael Warnock (I),91
Gilmer,Leaches,U.S. Senate,,Republican,Herschel Junior Walker,1287
Gilmer,Leaches,U.S. Senate,,Democrat,Raphael Warnock (I),319
Gilmer,Cherry Log,U.S. Senate,,Republican,Herschel Junior Walker,434
Gilmer,Cherry Log,U.S. Senate,,Democrat,Raphael Warnock (I),148
Gilmer,Boardtown,U.S. Senate,,Republican,Herschel Junior Walker,798
Gilmer,Boardtown,U.S. Senate,,Democrat,Raphael Warnock (I),183
Gilmer,Mountaintown,U.S. Senate,,Republican,Herschel Junior Walker,549
Gilmer,Mountaintown,U.S. Senate,,Democrat,Raphael Warnock (I),134
Gilmer,East Ellijay,U.S. Senate,,Republican,Herschel Junior Walker,829
Gilmer,East Ellijay,U.S. Senate,,Democrat,Raphael Warnock (I),171
Gilmer,Ellijay North,U.S. Senate,,Republican,Herschel Junior Walker,754
Gilmer,Ellijay North,U.S. Senate,,Democrat,Raphael Warnock (I),157
Gilmer,Yukon,U.S. Senate,,Republican,Herschel Junior Walker,656
Gilmer,Yukon,U.S. Senate,,Democrat,Raphael Warnock (I),121
Gilmer,Roy Road,U.S. Senate,,Republican,Herschel Junior Walker,723
Gilmer,Roy Road,U.S. Senate,,Democrat,Raphael Warnock (I),169
Gilmer,Ellijay Northeast,U.S. Senate,,Republican,Herschel Junior Walker,881
Gilmer,Ellijay Northeast,U.S. Senate,,Democrat,Raphael Warnock (I),243
Glascock,Edgehill,U.S. Senate,,Republican,Herschel Junior Walker,94
Glascock,Edgehill,U.S. Senate,,Democrat,Raphael Warnock (I),11
Glascock,Gibson,U.S. Senate,,Republican,Herschel Junior Walker,342
Glascock,Gibson,U.S. Senate,,Democrat,Raphael Warnock (I),38
Glascock,Mill,U.S. Senate,,Republican,Herschel Junior Walker,408
Glascock,Mill,U.S. Senate,,Democrat,Raphael Warnock (I),27
Glascock,Mitchell,U.S. Senate,,Republican,Herschel Junior Walker,274
Glascock,Mitchell,U.S. Senate,,Democrat,Raphael Warnock (I),29
Glynn,SES,U.S. Senate,,Republican,Herschel Junior Walker,1743
Glynn,SES,U.S. Senate,,Democrat,Raphael Warnock (I),597
Glynn,BRK,U.S. Senate,,Republican,Herschel Junior Walker,1278
Glynn,BRK,U.S. Senate,,Democrat,Raphael Warnock (I),503
Glynn,MAR,U.S. Senate,,Republican,Herschel Junior Walker,1052
Glynn,MAR,U.S. Senate,,Democrat,Raphael Warnock (I),468
Glynn,BLY,U.S. Senate,,Republican,Herschel Junior Walker,1099
Glynn,BLY,U.S. Senate,,Democrat,Raphael Warnock (I),215
Glynn,NSSI,U.S. Senate,,Republican,Herschel Junior Walker,2288
Glynn,NSSI,U.S. Senate,,Democrat,Raphael Warnock (I),971
Glynn,CSSI,U.S. Senate,,Republican,Herschel Junior Walker,2763
Glynn,CSSI,U.S. Senate,,Democrat,Raphael Warnock (I),1236
Glynn,SSSI,U.S. Senate,,Republican,Herschel Junior Walker,1824
Glynn,SSSI,U.S. Senate,,Democrat,Raphael Warnock (I),898
Glynn,JI,U.S. Senate,,Republican,Herschel Junior Walker,276
Glynn,JI,U.S. Senate,,Democrat,Raphael Warnock (I),255
Glynn,COG,U.S. Senate,,Republican,Herschel Junior Walker,1078
Glynn,COG,U.S. Senate,,Democrat,Raphael Warnock (I),600
Glynn,SEB,U.S. Senate,,Republican,Herschel Junior Walker,593
Glynn,SEB,U.S. Senate,,Democrat,Raphael Warnock (I),252
Glynn,GICCA,U.S. Senate,,Republican,Herschel Junior Walker,966
Glynn,GICCA,U.S. Senate,,Democrat,Raphael Warnock (I),426
Glynn,NGLY,U.S. Senate,,Republican,Herschel Junior Walker,1156
Glynn,NGLY,U.S. Senate,,Democrat,Raphael Warnock (I),553
Glynn,BAL,U.S. Senate,,Republican,Herschel Junior Walker,858
Glynn,BAL,U.S. Senate,,Democrat,Raphael Warnock (I),456
Glynn,NSB,U.S. Senate,,Republican,Herschel Junior Walker,507
Glynn,NSB,U.S. Senate,,Democrat,Raphael Warnock (I),813
Glynn,THE,U.S. Senate,,Republican,Herschel Junior Walker,433
Glynn,THE,U.S. Senate,,Democrat,Raphael Warnock (I),623
Glynn,CPM,U.S. Senate,,Republican,Herschel Junior Walker,344
Glynn,CPM,U.S. Senate,,Democrat,Raphael Warnock (I),557
Glynn,HCP,U.S. Senate,,Republican,Herschel Junior Walker,454
Glynn,HCP,U.S. Senate,,Democrat,Raphael Warnock (I),801
Glynn,UPP,U.S. Senate,,Republican,Herschel Junior Walker,78
Glynn,UPP,U.S. Senate,,Democrat,Raphael Warnock (I),951
Glynn,ARCO,U.S. Senate,,Republican,Herschel Junior Walker,110
Glynn,ARCO,U.S. Senate,,Democrat,Raphael Warnock (I),248
Gordon,Sugar Valley,U.S. Senate,,Republican,Herschel Junior Walker,697
Gordon,Sugar Valley,U.S. Senate,,Democrat,Raphael Warnock (I),79
Gordon,Plainville,U.S. Senate,,Republican,Herschel Junior Walker,827
Gordon,Plainville,U.S. Senate,,Democrat,Raphael Warnock (I),137
Gordon,Sonoraville,U.S. Senate,,Republican,Herschel Junior Walker,2363
Gordon,Sonoraville,U.S. Senate,,Democrat,Raphael Warnock (I),350
Gordon,Pine Chapel,U.S. Senate,,Republican,Herschel Junior Walker,509
Gordon,Pine Chapel,U.S. Senate,,Democrat,Raphael Warnock (I),64
Gordon,Oostanaula,U.S. Senate,,Republican,Herschel Junior Walker,300
Gordon,Oostanaula,U.S. Senate,,Democrat,Raphael Warnock (I),78
Gordon,Oakman,U.S. Senate,,Republican,Herschel Junior Walker,579
Gordon,Oakman,U.S. Senate,,Democrat,Raphael Warnock (I),78
Gordon,Gordon County,U.S. Senate,,Republican,Herschel Junior Walker,2280
Gordon,Gordon County,U.S. Senate,,Democrat,Raphael Warnock (I),498
Gordon,Calhoun City,U.S. Senate,,Republican,Herschel Junior Walker,2938
Gordon,Calhoun City,U.S. Senate,,Democrat,Raphael Warnock (I),1167
Gordon,Lily Pond,U.S. Senate,,Republican,Herschel Junior Walker,828
Gordon,Lily Pond,U.S. Senate,,Democrat,Raphael Warnock (I),144
Gordon,Fairmount,U.S. Senate,,Republican,Herschel Junior Walker,916
Gordon,Fairmount,U.S. Senate,,Democrat,Raphael Warnock (I),103
Gordon,Red Bud,U.S. Senate,,Republican,Herschel Junior Walker,1222
Gordon,Red Bud,U.S. Senate,,Democrat,Raphael Warnock (I),243
Gordon,Resaca,U.S. Senate,,Republican,Herschel Junior Walker,596
Gordon,Resaca,U.S. Senate,,Democrat,Raphael Warnock (I),91
Grady,Blowing Cave,U.S. Senate,,Republican,Herschel Junior Walker,390
Grady,Blowing Cave,U.S. Senate,,Democrat,Raphael Warnock (I),51
Grady,Cairo 4th District,U.S. Senate,,Republican,Herschel Junior Walker,189
Grady,Cairo 4th District,U.S. Senate,,Democrat,Raphael Warnock (I),862
Grady,Cairo 5th District,U.S. Senate,,Republican,Herschel Junior Walker,680
Grady,Cairo 5th District,U.S. Senate,,Democrat,Raphael Warnock (I),490
Grady,Duncanville,U.S. Senate,,Republican,Herschel Junior Walker,158
Grady,Duncanville,U.S. Senate,,Democrat,Raphael Warnock (I),81
Grady,Higdon,U.S. Senate,,Republican,Herschel Junior Walker,345
Grady,Higdon,U.S. Senate,,Democrat,Raphael Warnock (I),147
Grady,Limesink,U.S. Senate,,Republican,Herschel Junior Walker,159
Grady,Limesink,U.S. Senate,,Democrat,Raphael Warnock (I),31
Grady,Midway,U.S. Senate,,Republican,Herschel Junior Walker,559
Grady,Midway,U.S. Senate,,Democrat,Raphael Warnock (I),169
Grady,Pine Park,U.S. Senate,,Republican,Herschel Junior Walker,308
Grady,Pine Park,U.S. Senate,,Democrat,Raphael Warnock (I),133
Grady,Ragan,U.S. Senate,,Republican,Herschel Junior Walker,211
Grady,Ragan,U.S. Senate,,Democrat,Raphael Warnock (I),87
Grady,Spence,U.S. Senate,,Republican,Herschel Junior Walker,343
Grady,Spence,U.S. Senate,,Democrat,Raphael Warnock (I),38
Grady,Spring Hill,U.S. Senate,,Republican,Herschel Junior Walker,260
Grady,Spring Hill,U.S. Senate,,Democrat,Raphael Warnock (I),33
Grady,Whigham,U.S. Senate,,Republican,Herschel Junior Walker,454
Grady,Whigham,U.S. Senate,,Democrat,Raphael Warnock (I),145
Grady,Woodland,U.S. Senate,,Republican,Herschel Junior Walker,1011
Grady,Woodland,U.S. Senate,,Democrat,Raphael Warnock (I),182
Greene,Greensboro,U.S. Senate,,Republican,Herschel Junior Walker,1014
Greene,Greensboro,U.S. Senate,,Democrat,Raphael Warnock (I),1125
Greene,Union Point,U.S. Senate,,Republican,Herschel Junior Walker,432
Greene,Union Point,U.S. Senate,,Democrat,Raphael Warnock (I),515
Greene,Siloam,U.S. Senate,,Republican,Herschel Junior Walker,257
Greene,Siloam,U.S. Senate,,Democrat,Raphael Warnock (I),261
Greene,White Plains,U.S. Senate,,Republican,Herschel Junior Walker,120
Greene,White Plains,U.S. Senate,,Democrat,Raphael Warnock (I),100
Greene,Old Salem,U.S. Senate,,Republican,Herschel Junior Walker,4455
Greene,Old Salem,U.S. Senate,,Democrat,Raphael Warnock (I),1400
Gwinnett,001 Harbins A,U.S. Senate,,Republican,Herschel Junior Walker,1449
Gwinnett,001 Harbins A,U.S. Senate,,Democrat,Raphael Warnock (I),2165
Gwinnett,002 Rockbridge A,U.S. Senate,,Republican,Herschel Junior Walker,309
Gwinnett,002 Rockbridge A,U.S. Senate,,Democrat,Raphael Warnock (I),1503
Gwinnett,003 Dacula,U.S. Senate,,Republican,Herschel Junior Walker,822
Gwinnett,003 Dacula,U.S. Senate,,Democrat,Raphael Warnock (I),1407
Gwinnett,004 Suwanee A,U.S. Senate,,Republican,Herschel Junior Walker,377
Gwinnett,004 Suwanee A,U.S. Senate,,Democrat,Raphael Warnock (I),551
Gwinnett,005 Baycreek A,U.S. Senate,,Republican,Herschel Junior Walker,680
Gwinnett,005 Baycreek A,U.S. Senate,,Democrat,Raphael Warnock (I),808
Gwinnett,006 Goodwins A,U.S. Senate,,Republican,Herschel Junior Walker,654
Gwinnett,006 Goodwins A,U.S. Senate,,Democrat,Raphael Warnock (I),1092
Gwinnett,007 Duluth A,U.S. Senate,,Republican,Herschel Junior Walker,935
Gwinnett,007 Duluth A,U.S. Senate,,Democrat,Raphael Warnock (I),1702
Gwinnett,008 Duncans A,U.S. Senate,,Republican,Herschel Junior Walker,1437
Gwinnett,008 Duncans A,U.S. Senate,,Democrat,Raphael Warnock (I),1092
Gwinnett,009 Pucketts A,U.S. Senate,,Republican,Herschel Junior Walker,1858
Gwinnett,009 Pucketts A,U.S. Senate,,Democrat,Raphael Warnock (I),1200
Gwinnett,010 Cates A,U.S. Senate,,Republican,Herschel Junior Walker,584
Gwinnett,010 Cates A,U.S. Senate,,Democrat,Raphael Warnock (I),634
Gwinnett,011 Berkshire A,U.S. Senate,,Republican,Herschel Junior Walker,320
Gwinnett,011 Berkshire A,U.S. Senate,,Democrat,Raphael Warnock (I),694
Gwinnett,012 Berkshire B,U.S. Senate,,Republican,Herschel Junior Walker,504
Gwinnett,012 Berkshire B,U.S. Senate,,Democrat,Raphael Warnock (I),1509
Gwinnett,013 Duncans C,U.S. Senate,,Republican,Herschel Junior Walker,1019
Gwinnett,013 Duncans C,U.S. Senate,,Democrat,Raphael Warnock (I),637
Gwinnett,014 Garners A,U.S. Senate,,Republican,Herschel Junior Walker,869
Gwinnett,014 Garners A,U.S. Senate,,Democrat,Raphael Warnock (I),1074
Gwinnett,015 Lawrenceville A,U.S. Senate,,Republican,Herschel Junior Walker,613
Gwinnett,015 Lawrenceville A,U.S. Senate,,Democrat,Raphael Warnock (I),1015
Gwinnett,016 Lawrenceville B,U.S. Senate,,Republican,Herschel Junior Walker,557
Gwinnett,016 Lawrenceville B,U.S. Senate,,Democrat,Raphael Warnock (I),1651
Gwinnett,017 Martins A,U.S. Senate,,Republican,Herschel Junior Walker,226
Gwinnett,017 Martins A,U.S. Senate,,Democrat,Raphael Warnock (I),886
Gwinnett,018 Martins B,U.S. Senate,,Republican,Herschel Junior Walker,346
Gwinnett,018 Martins B,U.S. Senate,,Democrat,Raphael Warnock (I),799
Gwinnett,019 Martins C,U.S. Senate,,Republican,Herschel Junior Walker,391
Gwinnett,019 Martins C,U.S. Senate,,Democrat,Raphael Warnock (I),795
Gwinnett,020 Pinckneyville A,U.S. Senate,,Republican,Herschel Junior Walker,136
Gwinnett,020 Pinckneyville A,U.S. Senate,,Democrat,Raphael Warnock (I),743
Gwinnett,021 Pinckneyville B,U.S. Senate,,Republican,Herschel Junior Walker,243
Gwinnett,021 Pinckneyville B,U.S. Senate,,Democrat,Raphael Warnock (I),821
Gwinnett,022 Pinckneyville C,U.S. Senate,,Republican,Herschel Junior Walker,540
Gwinnett,022 Pinckneyville C,U.S. Senate,,Democrat,Raphael Warnock (I),726
Gwinnett,023 Pinckneyville D,U.S. Senate,,Republican,Herschel Junior Walker,161
Gwinnett,023 Pinckneyville D,U.S. Senate,,Democrat,Raphael Warnock (I),497
Gwinnett,024 Sugar Hill A,U.S. Senate,,Republican,Herschel Junior Walker,952
Gwinnett,024 Sugar Hill A,U.S. Senate,,Democrat,Raphael Warnock (I),852
Gwinnett,025 Sugar Hill B,U.S. Senate,,Republican,Herschel Junior Walker,1350
Gwinnett,025 Sugar Hill B,U.S. Senate,,Democrat,Raphael Warnock (I),1388
Gwinnett,026 Hog Mountain A,U.S. Senate,,Republican,Herschel Junior Walker,763
Gwinnett,026 Hog Mountain A,U.S. Senate,,Democrat,Raphael Warnock (I),1404
Gwinnett,027 Hog Mountain B,U.S. Senate,,Republican,Herschel Junior Walker,1139
Gwinnett,027 Hog Mountain B,U.S. Senate,,Democrat,Raphael Warnock (I),1195
Gwinnett,028 Rockycreek A,U.S. Senate,,Republican,Herschel Junior Walker,1469
Gwinnett,028 Rockycreek A,U.S. Senate,,Democrat,Raphael Warnock (I),1585
Gwinnett,029 Cates B,U.S. Senate,,Republican,Herschel Junior Walker,405
Gwinnett,029 Cates B,U.S. Senate,,Democrat,Raphael Warnock (I),423
Gwinnett,030 Cates C,U.S. Senate,,Republican,Herschel Junior Walker,410
Gwinnett,030 Cates C,U.S. Senate,,Democrat,Raphael Warnock (I),944
Gwinnett,031 Hog Mountain D,U.S. Senate,,Republican,Herschel Junior Walker,700
Gwinnett,031 Hog Mountain D,U.S. Senate,,Democrat,Raphael Warnock (I),749
Gwinnett,032 Berkshire D,U.S. Senate,,Republican,Herschel Junior Walker,563
Gwinnett,032 Berkshire D,U.S. Senate,,Democrat,Raphael Warnock (I),886
Gwinnett,033 Berkshire E,U.S. Senate,,Republican,Herschel Junior Walker,488
Gwinnett,033 Berkshire E,U.S. Senate,,Democrat,Raphael Warnock (I),595
Gwinnett,034 Berkshire F,U.S. Senate,,Republican,Herschel Junior Walker,294
Gwinnett,034 Berkshire F,U.S. Senate,,Democrat,Raphael Warnock (I),543
Gwinnett,035 Cates D,U.S. Senate,,Republican,Herschel Junior Walker,710
Gwinnett,035 Cates D,U.S. Senate,,Democrat,Raphael Warnock (I),1229
Gwinnett,036 Cates E,U.S. Senate,,Republican,Herschel Junior Walker,695
Gwinnett,036 Cates E,U.S. Senate,,Democrat,Raphael Warnock (I),1001
Gwinnett,037 Pinckneyville E,U.S. Senate,,Republican,Herschel Junior Walker,143
Gwinnett,037 Pinckneyville E,U.S. Senate,,Democrat,Raphael Warnock (I),540
Gwinnett,038 Pinckneyville F,U.S. Senate,,Republican,Herschel Junior Walker,244
Gwinnett,038 Pinckneyville F,U.S. Senate,,Democrat,Raphael Warnock (I),665
Gwinnett,039 Duncans D,U.S. Senate,,Republican,Herschel Junior Walker,2258
Gwinnett,039 Duncans D,U.S. Senate,,Democrat,Raphael Warnock (I),1464
Gwinnett,040 Pinckneyville H,U.S. Senate,,Republican,Herschel Junior Walker,994
Gwinnett,040 Pinckneyville H,U.S. Senate,,Democrat,Raphael Warnock (I),1536
Gwinnett,041 Baycreek B,U.S. Senate,,Republican,Herschel Junior Walker,707
Gwinnett,041 Baycreek B,U.S. Senate,,Democrat,Raphael Warnock (I),2112
Gwinnett,042 Lawrenceville C,U.S. Senate,,Republican,Herschel Junior Walker,641
Gwinnett,042 Lawrenceville C,U.S. Senate,,Democrat,Raphael Warnock (I),671
Gwinnett,043 Martins D,U.S. Senate,,Republican,Herschel Junior Walker,149
Gwinnett,043 Martins D,U.S. Senate,,Democrat,Raphael Warnock (I),634
Gwinnett,044 Rockbridge B,U.S. Senate,,Republican,Herschel Junior Walker,383
Gwinnett,044 Rockbridge B,U.S. Senate,,Democrat,Raphael Warnock (I),1379
Gwinnett,045 Garners B,U.S. Senate,,Republican,Herschel Junior Walker,414
Gwinnett,045 Garners B,U.S. Senate,,Democrat,Raphael Warnock (I),1121
Gwinnett,046 Cates F,U.S. Senate,,Republican,Herschel Junior Walker,489
Gwinnett,046 Cates F,U.S. Senate,,Democrat,Raphael Warnock (I),444
Gwinnett,047 Cates G,U.S. Senate,,Republican,Herschel Junior Walker,774
Gwinnett,047 Cates G,U.S. Senate,,Democrat,Raphael Warnock (I),905
Gwinnett,048 Duluth B,U.S. Senate,,Republican,Herschel Junior Walker,687
Gwinnett,048 Duluth B,U.S. Senate,,Democrat,Raphael Warnock (I),871
Gwinnett,049 Garners C,U.S. Senate,,Republican,Herschel Junior Walker,327
Gwinnett,049 Garners C,U.S. Senate,,Democrat,Raphael Warnock (I),578
Gwinnett,050 Pinckneyville I,U.S. Senate,,Republican,Herschel Junior Walker,177
Gwinnett,050 Pinckneyville I,U.S. Senate,,Democrat,Raphael Warnock (I),580
Gwinnett,051 Pinckneyville J,U.S. Senate,,Republican,Herschel Junior Walker,97
Gwinnett,051 Pinckneyville J,U.S. Senate,,Democrat,Raphael Warnock (I),598
Gwinnett,052 Berkshire G,U.S. Senate,,Republican,Herschel Junior Walker,568
Gwinnett,052 Berkshire G,U.S. Senate,,Democrat,Raphael Warnock (I),729
Gwinnett,053 Cates H,U.S. Senate,,Republican,Herschel Junior Walker,371
Gwinnett,053 Cates H,U.S. Senate,,Democrat,Raphael Warnock (I),1171
Gwinnett,054 Sugar Hill C,U.S. Senate,,Republican,Herschel Junior Walker,1442
Gwinnett,054 Sugar Hill C,U.S. Senate,,Democrat,Raphael Warnock (I),1165
Gwinnett,055 Sugar Hill D,U.S. Senate,,Republican,Herschel Junior Walker,1169
Gwinnett,055 Sugar Hill D,U.S. Senate,,Democrat,Raphael Warnock (I),965
Gwinnett,056 Duluth C,U.S. Senate,,Republican,Herschel Junior Walker,425
Gwinnett,056 Duluth C,U.S. Senate,,Democrat,Raphael Warnock (I),608
Gwinnett,057 Duluth D,U.S. Senate,,Republican,Herschel Junior Walker,650
Gwinnett,057 Duluth D,U.S. Senate,,Democrat,Raphael Warnock (I),1347
Gwinnett,058 Pinckneyville K,U.S. Senate,,Republican,Herschel Junior Walker,235
Gwinnett,058 Pinckneyville K,U.S. Senate,,Democrat,Raphael Warnock (I),873
Gwinnett,059 Pinckneyville N,U.S. Senate,,Republican,Herschel Junior Walker,185
Gwinnett,059 Pinckneyville N,U.S. Senate,,Democrat,Raphael Warnock (I),1147
Gwinnett,060 Lawrenceville D,U.S. Senate,,Republican,Herschel Junior Walker,311
Gwinnett,060 Lawrenceville D,U.S. Senate,,Democrat,Raphael Warnock (I),1190
Gwinnett,061 Lawrenceville E,U.S. Senate,,Republican,Herschel Junior Walker,498
Gwinnett,061 Lawrenceville E,U.S. Senate,,Democrat,Raphael Warnock (I),622
Gwinnett,062 Pinckneyville L,U.S. Senate,,Republican,Herschel Junior Walker,833
Gwinnett,062 Pinckneyville L,U.S. Senate,,Democrat,Raphael Warnock (I),748
Gwinnett,063 Pinckneyville M,U.S. Senate,,Republican,Herschel Junior Walker,1002
Gwinnett,063 Pinckneyville M,U.S. Senate,,Democrat,Raphael Warnock (I),729
Gwinnett,064 Garners D,U.S. Senate,,Republican,Herschel Junior Walker,331
Gwinnett,064 Garners D,U.S. Senate,,Democrat,Raphael Warnock (I),1310
Gwinnett,065 Berkshire H,U.S. Senate,,Republican,Herschel Junior Walker,232
Gwinnett,065 Berkshire H,U.S. Senate,,Democrat,Raphael Warnock (I),448
Gwinnett,066 Pinckneyville O,U.S. Senate,,Republican,Herschel Junior Walker,220
Gwinnett,066 Pinckneyville O,U.S. Senate,,Democrat,Raphael Warnock (I),824
Gwinnett,067 Pucketts E,U.S. Senate,,Republican,Herschel Junior Walker,1050
Gwinnett,067 Pucketts E,U.S. Senate,,Democrat,Raphael Warnock (I),1468
Gwinnett,068 Cates I,U.S. Senate,,Republican,Herschel Junior Walker,655
Gwinnett,068 Cates I,U.S. Senate,,Democrat,Raphael Warnock (I),1138
Gwinnett,069 Cates J,U.S. Senate,,Republican,Herschel Junior Walker,562
Gwinnett,069 Cates J,U.S. Senate,,Democrat,Raphael Warnock (I),1092
Gwinnett,070 Goodwins B,U.S. Senate,,Republican,Herschel Junior Walker,941
Gwinnett,070 Goodwins B,U.S. Senate,,Democrat,Raphael Warnock (I),1008
Gwinnett,071 Lawrenceville F,U.S. Senate,,Republican,Herschel Junior Walker,356
Gwinnett,071 Lawrenceville F,U.S. Senate,,Democrat,Raphael Warnock (I),1355
Gwinnett,072 Martins E,U.S. Senate,,Republican,Herschel Junior Walker,170
Gwinnett,072 Martins E,U.S. Senate,,Democrat,Raphael Warnock (I),1368
Gwinnett,073 Pinckneyville P,U.S. Senate,,Republican,Herschel Junior Walker,439
Gwinnett,073 Pinckneyville P,U.S. Senate,,Democrat,Raphael Warnock (I),668
Gwinnett,074 Pinckneyville Q,U.S. Senate,,Republican,Herschel Junior Walker,81
Gwinnett,074 Pinckneyville Q,U.S. Senate,,Democrat,Raphael Warnock (I),536
Gwinnett,075 Rockbridge C,U.S. Senate,,Republican,Herschel Junior Walker,376
Gwinnett,075 Rockbridge C,U.S. Senate,,Democrat,Raphael Warnock (I),2203
Gwinnett,076 Rockbridge D,U.S. Senate,,Republican,Herschel Junior Walker,393
Gwinnett,076 Rockbridge D,U.S. Senate,,Democrat,Raphael Warnock (I),1469
Gwinnett,077 Goodwins C,U.S. Senate,,Republican,Herschel Junior Walker,686
Gwinnett,077 Goodwins C,U.S. Senate,,Democrat,Raphael Warnock (I),1517
Gwinnett,078 Baycreek K,U.S. Senate,,Republican,Herschel Junior Walker,695
Gwinnett,078 Baycreek K,U.S. Senate,,Democrat,Raphael Warnock (I),1249
Gwinnett,079 Cates K,U.S. Senate,,Republican,Herschel Junior Walker,633
Gwinnett,079 Cates K,U.S. Senate,,Democrat,Raphael Warnock (I),845
Gwinnett,080 Baycreek C,U.S. Senate,,Republican,Herschel Junior Walker,1000
Gwinnett,080 Baycreek C,U.S. Senate,,Democrat,Raphael Warnock (I),2282
Gwinnett,081 Cates L,U.S. Senate,,Republican,Herschel Junior Walker,659
Gwinnett,081 Cates L,U.S. Senate,,Democrat,Raphael Warnock (I),1334
Gwinnett,082 Duluth E,U.S. Senate,,Republican,Herschel Junior Walker,625
Gwinnett,082 Duluth E,U.S. Senate,,Democrat,Raphael Warnock (I),1559
Gwinnett,083 Goodwins D,U.S. Senate,,Republican,Herschel Junior Walker,743
Gwinnett,083 Goodwins D,U.S. Senate,,Democrat,Raphael Warnock (I),1082
Gwinnett,084 Lawrenceville G,U.S. Senate,,Republican,Herschel Junior Walker,318
Gwinnett,084 Lawrenceville G,U.S. Senate,,Democrat,Raphael Warnock (I),911
Gwinnett,085 Lawrenceville H,U.S. Senate,,Republican,Herschel Junior Walker,887
Gwinnett,085 Lawrenceville H,U.S. Senate,,Democrat,Raphael Warnock (I),1139
Gwinnett,086 Martins F,U.S. Senate,,Republican,Herschel Junior Walker,207
Gwinnett,086 Martins F,U.S. Senate,,Democrat,Raphael Warnock (I),592
Gwinnett,087 Pinckneyville S,U.S. Senate,,Republican,Herschel Junior Walker,448
Gwinnett,087 Pinckneyville S,U.S. Senate,,Democrat,Raphael Warnock (I),906
Gwinnett,088 Rockbridge E,U.S. Senate,,Republican,Herschel Junior Walker,334
Gwinnett,088 Rockbridge E,U.S. Senate,,Democrat,Raphael Warnock (I),1462
Gwinnett,089 Sugar Hill E,U.S. Senate,,Republican,Herschel Junior Walker,847
Gwinnett,089 Sugar Hill E,U.S. Senate,,Democrat,Raphael Warnock (I),874
Gwinnett,090 Lawrenceville I,U.S. Senate,,Republican,Herschel Junior Walker,406
Gwinnett,090 Lawrenceville I,U.S. Senate,,Democrat,Raphael Warnock (I),940
Gwinnett,091 Baycreek D,U.S. Senate,,Republican,Herschel Junior Walker,860
Gwinnett,091 Baycreek D,U.S. Senate,,Democrat,Raphael Warnock (I),1518
Gwinnett,092 Berkshire J,U.S. Senate,,Republican,Herschel Junior Walker,675
Gwinnett,092 Berkshire J,U.S. Senate,,Democrat,Raphael Warnock (I),828
Gwinnett,093 Cates M,U.S. Senate,,Republican,Herschel Junior Walker,937
Gwinnett,093 Cates M,U.S. Senate,,Democrat,Raphael Warnock (I),1223
Gwinnett,094 Cates N,U.S. Senate,,Republican,Herschel Junior Walker,737
Gwinnett,094 Cates N,U.S. Senate,,Democrat,Raphael Warnock (I),608
Gwinnett,095 Duluth F,U.S. Senate,,Republican,Herschel Junior Walker,326
Gwinnett,095 Duluth F,U.S. Senate,,Democrat,Raphael Warnock (I),1675
Gwinnett,096 Duluth G,U.S. Senate,,Republican,Herschel Junior Walker,667
Gwinnett,096 Duluth G,U.S. Senate,,Democrat,Raphael Warnock (I),780
Gwinnett,097 Goodwins E,U.S. Senate,,Republican,Herschel Junior Walker,931
Gwinnett,097 Goodwins E,U.S. Senate,,Democrat,Raphael Warnock (I),1420
Gwinnett,098 Goodwins F,U.S. Senate,,Republican,Herschel Junior Walker,517
Gwinnett,098 Goodwins F,U.S. Senate,,Democrat,Raphael Warnock (I),840
Gwinnett,099 Pinckneyville T,U.S. Senate,,Republican,Herschel Junior Walker,483
Gwinnett,099 Pinckneyville T,U.S. Senate,,Democrat,Raphael Warnock (I),921
Gwinnett,100 Suwanee B,U.S. Senate,,Republican,Herschel Junior Walker,1040
Gwinnett,100 Suwanee B,U.S. Senate,,Democrat,Raphael Warnock (I),1305
Gwinnett,101 Pinckneyville U,U.S. Senate,,Republican,Herschel Junior Walker,344
Gwinnett,101 Pinckneyville U,U.S. Senate,,Democrat,Raphael Warnock (I),623
Gwinnett,102 Pucketts B,U.S. Senate,,Republican,Herschel Junior Walker,932
Gwinnett,102 Pucketts B,U.S. Senate,,Democrat,Raphael Warnock (I),591
Gwinnett,103 Berkshire L,U.S. Senate,,Republican,Herschel Junior Walker,300
Gwinnett,103 Berkshire L,U.S. Senate,,Democrat,Raphael Warnock (I),775
Gwinnett,104 Rockbridge F,U.S. Senate,,Republican,Herschel Junior Walker,411
Gwinnett,104 Rockbridge F,U.S. Senate,,Democrat,Raphael Warnock (I),2321
Gwinnett,105 Sugar Hill F,U.S. Senate,,Republican,Herschel Junior Walker,961
Gwinnett,105 Sugar Hill F,U.S. Senate,,Democrat,Raphael Warnock (I),958
Gwinnett,106 Suwanee C,U.S. Senate,,Republican,Herschel Junior Walker,1112
Gwinnett,106 Suwanee C,U.S. Senate,,Democrat,Raphael Warnock (I),1486
Gwinnett,107 Cates O,U.S. Senate,,Republican,Herschel Junior Walker,351
Gwinnett,107 Cates O,U.S. Senate,,Democrat,Raphael Warnock (I),430
Gwinnett,108 Baycreek E,U.S. Senate,,Republican,Herschel Junior Walker,476
Gwinnett,108 Baycreek E,U.S. Senate,,Democrat,Raphael Warnock (I),1167
Gwinnett,109 Berkshire M,U.S. Senate,,Republican,Herschel Junior Walker,452
Gwinnett,109 Berkshire M,U.S. Senate,,Democrat,Raphael Warnock (I),550
Gwinnett,110 Martins G,U.S. Senate,,Republican,Herschel Junior Walker,233
Gwinnett,110 Martins G,U.S. Senate,,Democrat,Raphael Warnock (I),593
Gwinnett,111 Duluth H,U.S. Senate,,Republican,Herschel Junior Walker,565
Gwinnett,111 Duluth H,U.S. Senate,,Democrat,Raphael Warnock (I),808
Gwinnett,112 Berkshire N,U.S. Senate,,Republican,Herschel Junior Walker,784
Gwinnett,112 Berkshire N,U.S. Senate,,Democrat,Raphael Warnock (I),1021
Gwinnett,113 Pinckneyville V,U.S. Senate,,Republican,Herschel Junior Walker,226
Gwinnett,113 Pinckneyville V,U.S. Senate,,Democrat,Raphael Warnock (I),449
Gwinnett,114 Pinckneyville W,U.S. Senate,,Republican,Herschel Junior Walker,745
Gwinnett,114 Pinckneyville W,U.S. Senate,,Democrat,Raphael Warnock (I),1141
Gwinnett,115 Martins H,U.S. Senate,,Republican,Herschel Junior Walker,589
Gwinnett,115 Martins H,U.S. Senate,,Democrat,Raphael Warnock (I),1282
Gwinnett,116 Martins I,U.S. Senate,,Republican,Herschel Junior Walker,349
Gwinnett,116 Martins I,U.S. Senate,,Democrat,Raphael Warnock (I),936
Gwinnett,117 Martins J,U.S. Senate,,Republican,Herschel Junior Walker,241
Gwinnett,117 Martins J,U.S. Senate,,Democrat,Raphael Warnock (I),1003
Gwinnett,118 Garners F,U.S. Senate,,Republican,Herschel Junior Walker,367
Gwinnett,118 Garners F,U.S. Senate,,Democrat,Raphael Warnock (I),542
Gwinnett,119 Berkshire O,U.S. Senate,,Republican,Herschel Junior Walker,677
Gwinnett,119 Berkshire O,U.S. Senate,,Democrat,Raphael Warnock (I),714
Gwinnett,120 Berkshire P,U.S. Senate,,Republican,Herschel Junior Walker,189
Gwinnett,120 Berkshire P,U.S. Senate,,Democrat,Raphael Warnock (I),322
Gwinnett,121 Pinckneyville X,U.S. Senate,,Republican,Herschel Junior Walker,807
Gwinnett,121 Pinckneyville X,U.S. Senate,,Democrat,Raphael Warnock (I),1197
Gwinnett,122 Rockbridge G,U.S. Senate,,Republican,Herschel Junior Walker,418
Gwinnett,122 Rockbridge G,U.S. Senate,,Democrat,Raphael Warnock (I),2213
Gwinnett,123 Pinckneyville Y,U.S. Senate,,Republican,Herschel Junior Walker,182
Gwinnett,123 Pinckneyville Y,U.S. Senate,,Democrat,Raphael Warnock (I),740
Gwinnett,124 Goodwins G,U.S. Senate,,Republican,Herschel Junior Walker,290
Gwinnett,124 Goodwins G,U.S. Senate,,Democrat,Raphael Warnock (I),738
Gwinnett,125 Pinckneyville Z,U.S. Senate,,Republican,Herschel Junior Walker,687
Gwinnett,125 Pinckneyville Z,U.S. Senate,,Democrat,Raphael Warnock (I),584
Gwinnett,126 Pinckneyville A1,U.S. Senate,,Republican,Herschel Junior Walker,943
Gwinnett,126 Pinckneyville A1,U.S. Senate,,Democrat,Raphael Warnock (I),878
Gwinnett,127 Lawrenceville J,U.S. Senate,,Republican,Herschel Junior Walker,251
Gwinnett,127 Lawrenceville J,U.S. Senate,,Democrat,Raphael Warnock (I),710
Gwinnett,128 Goodwins H,U.S. Senate,,Republican,Herschel Junior Walker,493
Gwinnett,128 Goodwins H,U.S. Senate,,Democrat,Raphael Warnock (I),797
Gwinnett,129 Duncans B,U.S. Senate,,Republican,Herschel Junior Walker,1727
Gwinnett,129 Duncans B,U.S. Senate,,Democrat,Raphael Warnock (I),1311
Gwinnett,130 Suwanee D,U.S. Senate,,Republican,Herschel Junior Walker,1312
Gwinnett,130 Suwanee D,U.S. Senate,,Democrat,Raphael Warnock (I),1155
Gwinnett,131 Suwanee E,U.S. Senate,,Republican,Herschel Junior Walker,1141
Gwinnett,131 Suwanee E,U.S. Senate,,Democrat,Raphael Warnock (I),1157
Gwinnett,132 Lawrenceville K,U.S. Senate,,Republican,Herschel Junior Walker,630
Gwinnett,132 Lawrenceville K,U.S. Senate,,Democrat,Raphael Warnock (I),907
Gwinnett,133 Harbins B,U.S. Senate,,Republican,Herschel Junior Walker,1161
Gwinnett,133 Harbins B,U.S. Senate,,Democrat,Raphael Warnock (I),1120
Gwinnett,134 Baycreek F,U.S. Senate,,Republican,Herschel Junior Walker,602
Gwinnett,134 Baycreek F,U.S. Senate,,Democrat,Raphael Warnock (I),1747
Gwinnett,135 Pucketts C,U.S. Senate,,Republican,Herschel Junior Walker,888
Gwinnett,135 Pucketts C,U.S. Senate,,Democrat,Raphael Warnock (I),692
Gwinnett,136 Hog Mountain C,U.S. Senate,,Republican,Herschel Junior Walker,897
Gwinnett,136 Hog Mountain C,U.S. Senate,,Democrat,Raphael Warnock (I),990
Gwinnett,137 Rockycreek B,U.S. Senate,,Republican,Herschel Junior Walker,1072
Gwinnett,137 Rockycreek B,U.S. Senate,,Democrat,Raphael Warnock (I),1171
Gwinnett,138 Duluth I,U.S. Senate,,Republican,Herschel Junior Walker,1061
Gwinnett,138 Duluth I,U.S. Senate,,Democrat,Raphael Warnock (I),1192
Gwinnett,139 Martins K,U.S. Senate,,Republican,Herschel Junior Walker,441
Gwinnett,139 Martins K,U.S. Senate,,Democrat,Raphael Warnock (I),1624
Gwinnett,140 Suwanee H,U.S. Senate,,Republican,Herschel Junior Walker,1283
Gwinnett,140 Suwanee H,U.S. Senate,,Democrat,Raphael Warnock (I),896
Gwinnett,141 Sugar Hill G,U.S. Senate,,Republican,Herschel Junior Walker,875
Gwinnett,141 Sugar Hill G,U.S. Senate,,Democrat,Raphael Warnock (I),643
Gwinnett,142 Suwanee F,U.S. Senate,,Republican,Herschel Junior Walker,800
Gwinnett,142 Suwanee F,U.S. Senate,,Democrat,Raphael Warnock (I),1089
Gwinnett,143 Lawrenceville L,U.S. Senate,,Republican,Herschel Junior Walker,747
Gwinnett,143 Lawrenceville L,U.S. Senate,,Democrat,Raphael Warnock (I),1523
Gwinnett,144 Lawrenceville M,U.S. Senate,,Republican,Herschel Junior Walker,490
Gwinnett,144 Lawrenceville M,U.S. Senate,,Democrat,Raphael Warnock (I),2222
Gwinnett,145 Baycreek G,U.S. Senate,,Republican,Herschel Junior Walker,790
Gwinnett,145 Baycreek G,U.S. Senate,,Democrat,Raphael Warnock (I),2663
Gwinnett,146 Baycreek H,U.S. Senate,,Republican,Herschel Junior Walker,1337
Gwinnett,146 Baycreek H,U.S. Senate,,Democrat,Raphael Warnock (I),2431
Gwinnett,147 Baycreek I,U.S. Senate,,Republican,Herschel Junior Walker,833
Gwinnett,147 Baycreek I,U.S. Senate,,Democrat,Raphael Warnock (I),1771
Gwinnett,148 Berkshire Q,U.S. Senate,,Republican,Herschel Junior Walker,384
Gwinnett,148 Berkshire Q,U.S. Senate,,Democrat,Raphael Warnock (I),452
Gwinnett,149 Goodwins I,U.S. Senate,,Republican,Herschel Junior Walker,554
Gwinnett,149 Goodwins I,U.S. Senate,,Democrat,Raphael Warnock (I),770
Gwinnett,150 Duluth K,U.S. Senate,,Republican,Herschel Junior Walker,135
Gwinnett,150 Duluth K,U.S. Senate,,Democrat,Raphael Warnock (I),593
Gwinnett,151 Harbins C,U.S. Senate,,Republican,Herschel Junior Walker,741
Gwinnett,151 Harbins C,U.S. Senate,,Democrat,Raphael Warnock (I),877
Gwinnett,152 Rockycreek C,U.S. Senate,,Republican,Herschel Junior Walker,1165
Gwinnett,152 Rockycreek C,U.S. Senate,,Democrat,Raphael Warnock (I),1330
Gwinnett,153 Lawrenceville N,U.S. Senate,,Republican,Herschel Junior Walker,337
Gwinnett,153 Lawrenceville N,U.S. Senate,,Democrat,Raphael Warnock (I),557
Gwinnett,154 Pucketts D,U.S. Senate,,Republican,Herschel Junior Walker,927
Gwinnett,154 Pucketts D,U.S. Senate,,Democrat,Raphael Warnock (I),811
Gwinnett,155 Suwanee G,U.S. Senate,,Republican,Herschel Junior Walker,771
Gwinnett,155 Suwanee G,U.S. Senate,,Democrat,Raphael Warnock (I),1166
Gwinnett,156 Baycreek J,U.S. Senate,,Republican,Herschel Junior Walker,516
Gwinnett,156 Baycreek J,U.S. Senate,,Democrat,Raphael Warnock (I),1753
Habersham,Habersham North,U.S. Senate,,Republican,Herschel Junior Walker,4608
Habersham,Habersham North,U.S. Senate,,Democrat,Raphael Warnock (I),974
Habersham,Habersham South,U.S. Senate,,Republican,Herschel Junior Walker,2587
Habersham,Habersham South,U.S. Senate,,Democrat,Raphael Warnock (I),717
Habersham,Demorest,U.S. Senate,,Republican,Herschel Junior Walker,2326
Habersham,Demorest,U.S. Senate,,Democrat,Raphael Warnock (I),389
Habersham,Town of Mount Airy,U.S. Senate,,Republican,Herschel Junior Walker,295
Habersham,Town of Mount Airy,U.S. Senate,,Democrat,Raphael Warnock (I),75
Habersham,Mud Creek,U.S. Senate,,Republican,Herschel Junior Walker,2013
Habersham,Mud Creek,U.S. Senate,,Democrat,Raphael Warnock (I),337
Habersham,Amys Creek,U.S. Senate,,Republican,Herschel Junior Walker,839
Habersham,Amys Creek,U.S. Senate,,Democrat,Raphael Warnock (I),223
Hall,Wilson,U.S. Senate,,Republican,Herschel Junior Walker,2243
Hall,Wilson,U.S. Senate,,Democrat,Raphael Warnock (I),974
Hall,Chicopee,U.S. Senate,,Republican,Herschel Junior Walker,786
Hall,Chicopee,U.S. Senate,,Democrat,Raphael Warnock (I),625
Hall,Oakwood I,U.S. Senate,,Republican,Herschel Junior Walker,609
Hall,Oakwood I,U.S. Senate,,Democrat,Raphael Warnock (I),454
Hall,Oakwood II,U.S. Senate,,Republican,Herschel Junior Walker,1830
Hall,Oakwood II,U.S. Senate,,Democrat,Raphael Warnock (I),580
Hall,Flowery Branch I,U.S. Senate,,Republican,Herschel Junior Walker,1925
Hall,Flowery Branch I,U.S. Senate,,Democrat,Raphael Warnock (I),706
Hall,Flowery Branch II,U.S. Senate,,Republican,Herschel Junior Walker,1327
Hall,Flowery Branch II,U.S. Senate,,Democrat,Raphael Warnock (I),593
Hall,Roberts,U.S. Senate,,Republican,Herschel Junior Walker,2370
Hall,Roberts,U.S. Senate,,Democrat,Raphael Warnock (I),699
Hall,Morgan I,U.S. Senate,,Republican,Herschel Junior Walker,1770
Hall,Morgan I,U.S. Senate,,Democrat,Raphael Warnock (I),457
Hall,Morgan II,U.S. Senate,,Republican,Herschel Junior Walker,1739
Hall,Morgan II,U.S. Senate,,Democrat,Raphael Warnock (I),684
Hall,Candler,U.S. Senate,,Republican,Herschel Junior Walker,1921
Hall,Candler,U.S. Senate,,Democrat,Raphael Warnock (I),648
Hall,Tadmore,U.S. Senate,,Republican,Herschel Junior Walker,999
Hall,Tadmore,U.S. Senate,,Democrat,Raphael Warnock (I),873
Hall,Glade,U.S. Senate,,Republican,Herschel Junior Walker,1302
Hall,Glade,U.S. Senate,,Democrat,Raphael Warnock (I),396
Hall,Lula,U.S. Senate,,Republican,Herschel Junior Walker,1494
Hall,Lula,U.S. Senate,,Democrat,Raphael Warnock (I),241
Hall,Clermont,U.S. Senate,,Republican,Herschel Junior Walker,1916
Hall,Clermont,U.S. Senate,,Democrat,Raphael Warnock (I),213
Hall,Quillians,U.S. Senate,,Republican,Herschel Junior Walker,1570
Hall,Quillians,U.S. Senate,,Democrat,Raphael Warnock (I),200
Hall,Bark Camp,U.S. Senate,,Republican,Herschel Junior Walker,2404
Hall,Bark Camp,U.S. Senate,,Democrat,Raphael Warnock (I),601
Hall,Chestatee,U.S. Senate,,Republican,Herschel Junior Walker,1672
Hall,Chestatee,U.S. Senate,,Democrat,Raphael Warnock (I),390
Hall,Fork,U.S. Senate,,Republican,Herschel Junior Walker,1542
Hall,Fork,U.S. Senate,,Democrat,Raphael Warnock (I),463
Hall,Whelchel,U.S. Senate,,Republican,Herschel Junior Walker,1841
Hall,Whelchel,U.S. Senate,,Democrat,Raphael Warnock (I),516
Hall,West Whelchel,U.S. Senate,,Republican,Herschel Junior Walker,1886
Hall,West Whelchel,U.S. Senate,,Democrat,Raphael Warnock (I),669
Hall,Gainesville I,U.S. Senate,,Republican,Herschel Junior Walker,1146
Hall,Gainesville I,U.S. Senate,,Democrat,Raphael Warnock (I),647
Hall,Gainesville II,U.S. Senate,,Republican,Herschel Junior Walker,147
Hall,Gainesville II,U.S. Senate,,Democrat,Raphael Warnock (I),974
Hall,Gainesville III,U.S. Senate,,Republican,Herschel Junior Walker,597
Hall,Gainesville III,U.S. Senate,,Democrat,Raphael Warnock (I),629
Hall,Gainesville IV,U.S. Senate,,Republican,Herschel Junior Walker,664
Hall,Gainesville IV,U.S. Senate,,Democrat,Raphael Warnock (I),511
Hall,Gainesville V,U.S. Senate,,Republican,Herschel Junior Walker,412
Hall,Gainesville V,U.S. Senate,,Democrat,Raphael Warnock (I),210
Hall,Gillsville,U.S. Senate,,Republican,Herschel Junior Walker,573
Hall,Gillsville,U.S. Senate,,Democrat,Raphael Warnock (I),81
Hall,Big Hickory,U.S. Senate,,Republican,Herschel Junior Walker,2168
Hall,Big Hickory,U.S. Senate,,Democrat,Raphael Warnock (I),338
Hall,Friendship I,U.S. Senate,,Republican,Herschel Junior Walker,4027
Hall,Friendship I,U.S. Senate,,Democrat,Raphael Warnock (I),1512
Hall,Friendship II,U.S. Senate,,Republican,Herschel Junior Walker,1404
Hall,Friendship II,U.S. Senate,,Democrat,Raphael Warnock (I),591
Hall,Friendship III,U.S. Senate,,Republican,Herschel Junior Walker,1627
Hall,Friendship III,U.S. Senate,,Democrat,Raphael Warnock (I),603
Hall,Friendship IV,U.S. Senate,,Republican,Herschel Junior Walker,1560
Hall,Friendship IV,U.S. Senate,,Democrat,Raphael Warnock (I),748
Hancock,Devereux Fire,U.S. Senate,,Republican,Herschel Junior Walker,341
Hancock,Devereux Fire,U.S. Senate,,Democrat,Raphael Warnock (I),319
Hancock,St Mark,U.S. Senate,,Republican,Herschel Junior Walker,40
Hancock,St Mark,U.S. Senate,,Democrat,Raphael Warnock (I),247
Hancock,Courthouse,U.S. Senate,,Republican,Herschel Junior Walker,101
Hancock,Courthouse,U.S. Senate,,Democrat,Raphael Warnock (I),360
Hancock,Second Beulah,U.S. Senate,,Republican,Herschel Junior Walker,33
Hancock,Second Beulah,U.S. Senate,,Democrat,Raphael Warnock (I),241
Hancock,Mayfield Community Center,U.S. Senate,,Republican,Herschel Junior Walker,23
Hancock,Mayfield Community Center,U.S. Senate,,Democrat,Raphael Warnock (I),151
Hancock,Power of God,U.S. Senate,,Republican,Herschel Junior Walker,72
Hancock,Power of God,U.S. Senate,,Democrat,Raphael Warnock (I),305
Hancock,Warren Chapel,U.S. Senate,,Republican,Herschel Junior Walker,114
Hancock,Warren Chapel,U.S. Senate,,Democrat,Raphael Warnock (I),81
Hancock,Youth Center,U.S. Senate,,Republican,Herschel Junior Walker,97
Hancock,Youth Center,U.S. Senate,,Democrat,Raphael Warnock (I),434
Hancock,Second Darrien,U.S. Senate,,Republican,Herschel Junior Walker,74
Hancock,Second Darrien,U.S. Senate,,Democrat,Raphael Warnock (I),152
Hancock,Sparta 4C,U.S. Senate,,Republican,Herschel Junior Walker,15
Hancock,Sparta 4C,U.S. Senate,,Democrat,Raphael Warnock (I),66
Haralson,Bremen,U.S. Senate,,Republican,Herschel Junior Walker,2728
Haralson,Bremen,U.S. Senate,,Democrat,Raphael Warnock (I),568
Haralson,Buchanan,U.S. Senate,,Republican,Herschel Junior Walker,1121
Haralson,Buchanan,U.S. Senate,,Democrat,Raphael Warnock (I),135
Haralson,Buncombe,U.S. Senate,,Republican,Herschel Junior Walker,458
Haralson,Buncombe,U.S. Senate,,Democrat,Raphael Warnock (I),62
Haralson,Corinth,U.S. Senate,,Republican,Herschel Junior Walker,761
Haralson,Corinth,U.S. Senate,,Democrat,Raphael Warnock (I),77
Haralson,Twentieth,U.S. Senate,,Republican,Herschel Junior Walker,393
Haralson,Twentieth,U.S. Senate,,Democrat,Raphael Warnock (I),39
Haralson,Felton,U.S. Senate,,Republican,Herschel Junior Walker,183
Haralson,Felton,U.S. Senate,,Democrat,Raphael Warnock (I),8
Haralson,Little Creek,U.S. Senate,,Republican,Herschel Junior Walker,390
Haralson,Little Creek,U.S. Senate,,Democrat,Raphael Warnock (I),33
Haralson,Mt View,U.S. Senate,,Republican,Herschel Junior Walker,188
Haralson,Mt View,U.S. Senate,,Democrat,Raphael Warnock (I),11
Haralson,Seventh,U.S. Senate,,Republican,Herschel Junior Walker,851
Haralson,Seventh,U.S. Senate,,Democrat,Raphael Warnock (I),130
Haralson,Berea-Steadman,U.S. Senate,,Republican,Herschel Junior Walker,331
Haralson,Berea-Steadman,U.S. Senate,,Democrat,Raphael Warnock (I),33
Haralson,Tallapoosa,U.S. Senate,,Republican,Herschel Junior Walker,1145
Haralson,Tallapoosa,U.S. Senate,,Democrat,Raphael Warnock (I),218
Haralson,Waco,U.S. Senate,,Republican,Herschel Junior Walker,502
Haralson,Waco,U.S. Senate,,Democrat,Raphael Warnock (I),59
Harris,Cataula,U.S. Senate,,Republican,Herschel Junior Walker,1309
Harris,Cataula,U.S. Senate,,Democrat,Raphael Warnock (I),456
Harris,Ellerslie,U.S. Senate,,Republican,Herschel Junior Walker,1811
Harris,Ellerslie,U.S. Senate,,Democrat,Raphael Warnock (I),817
Harris,Goodman,U.S. Senate,,Republican,Herschel Junior Walker,631
Harris,Goodman,U.S. Senate,,Democrat,Raphael Warnock (I),374
Harris,Hamilton,U.S. Senate,,Republican,Herschel Junior Walker,982
Harris,Hamilton,U.S. Senate,,Democrat,Raphael Warnock (I),572
Harris,Lower 19th,U.S. Senate,,Republican,Herschel Junior Walker,1187
Harris,Lower 19th,U.S. Senate,,Democrat,Raphael Warnock (I),355
Harris,Mulberry Grove,U.S. Senate,,Republican,Herschel Junior Walker,1407
Harris,Mulberry Grove,U.S. Senate,,Democrat,Raphael Warnock (I),385
Harris,Pine Mountain Valley,U.S. Senate,,Republican,Herschel Junior Walker,599
Harris,Pine Mountain Valley,U.S. Senate,,Democrat,Raphael Warnock (I),108
Harris,Skinner,U.S. Senate,,Republican,Herschel Junior Walker,340
Harris,Skinner,U.S. Senate,,Democrat,Raphael Warnock (I),215
Harris,Upper 19th,U.S. Senate,,Republican,Herschel Junior Walker,876
Harris,Upper 19th,U.S. Senate,,Democrat,Raphael Warnock (I),157
Harris,Valley Plains,U.S. Senate,,Republican,Herschel Junior Walker,287
Harris,Valley Plains,U.S. Senate,,Democrat,Raphael Warnock (I),128
Harris,Waverly Hall,U.S. Senate,,Republican,Herschel Junior Walker,1071
Harris,Waverly Hall,U.S. Senate,,Democrat,Raphael Warnock (I),590
Harris,Whitesville,U.S. Senate,,Republican,Herschel Junior Walker,641
Harris,Whitesville,U.S. Senate,,Democrat,Raphael Warnock (I),236
Hart,Hartwell,U.S. Senate,,Republican,Herschel Junior Walker,2488
Hart,Hartwell,U.S. Senate,,Democrat,Raphael Warnock (I),999
Hart,Goldmine,U.S. Senate,,Republican,Herschel Junior Walker,868
Hart,Goldmine,U.S. Senate,,Democrat,Raphael Warnock (I),170
Hart,Cokesbury,U.S. Senate,,Republican,Herschel Junior Walker,358
Hart,Cokesbury,U.S. Senate,,Democrat,Raphael Warnock (I),230
Hart,Reed Creek,U.S. Senate,,Republican,Herschel Junior Walker,1691
Hart,Reed Creek,U.S. Senate,,Democrat,Raphael Warnock (I),374
Hart,Bowersville,U.S. Senate,,Republican,Herschel Junior Walker,670
Hart,Bowersville,U.S. Senate,,Democrat,Raphael Warnock (I),129
Hart,Shoal Creek,U.S. Senate,,Republican,Herschel Junior Walker,848
Hart,Shoal Creek,U.S. Senate,,Democrat,Raphael Warnock (I),183
Hart,Bio,U.S. Senate,,Republican,Herschel Junior Walker,584
Hart,Bio,U.S. Senate,,Democrat,Raphael Warnock (I),186
Heard,Centralhatchee,U.S. Senate,,Republican,Herschel Junior Walker,942
Heard,Centralhatchee,U.S. Senate,,Democrat,Raphael Warnock (I),142
Heard,Cooksville-Corinth,U.S. Senate,,Republican,Herschel Junior Walker,265
Heard,Cooksville-Corinth,U.S. Senate,,Democrat,Raphael Warnock (I),33
Heard,Enon Grove,U.S. Senate,,Republican,Herschel Junior Walker,473
Heard,Enon Grove,U.S. Senate,,Democrat,Raphael Warnock (I),54
Heard,Ephesus,U.S. Senate,,Republican,Herschel Junior Walker,669
Heard,Ephesus,U.S. Senate,,Democrat,Raphael Warnock (I),66
Heard,Franklin,U.S. Senate,,Republican,Herschel Junior Walker,807
Heard,Franklin,U.S. Senate,,Democrat,Raphael Warnock (I),258
Heard,Southwest,U.S. Senate,,Republican,Herschel Junior Walker,251
Heard,Southwest,U.S. Senate,,Democrat,Raphael Warnock (I),86
Henry,Locust Grove,U.S. Senate,,Republican,Herschel Junior Walker,864
Henry,Locust Grove,U.S. Senate,,Democrat,Raphael Warnock (I),2656
Henry,Tussahaw,U.S. Senate,,Republican,Herschel Junior Walker,1322
Henry,Tussahaw,U.S. Senate,,Democrat,Raphael Warnock (I),327
Henry,Sandy Ridge,U.S. Senate,,Republican,Herschel Junior Walker,1595
Henry,Sandy Ridge,U.S. Senate,,Democrat,Raphael Warnock (I),719
Henry,Westside,U.S. Senate,,Republican,Herschel Junior Walker,231
Henry,Westside,U.S. Senate,,Democrat,Raphael Warnock (I),1814
Henry,Lowes,U.S. Senate,,Republican,Herschel Junior Walker,1074
Henry,Lowes,U.S. Senate,,Democrat,Raphael Warnock (I),3331
Henry,South Hampton,U.S. Senate,,Republican,Herschel Junior Walker,1001
Henry,South Hampton,U.S. Senate,,Democrat,Raphael Warnock (I),1507
Henry,North Hampton,U.S. Senate,,Republican,Herschel Junior Walker,1017
Henry,North Hampton,U.S. Senate,,Democrat,Raphael Warnock (I),2066
Henry,Mount Carmel,U.S. Senate,,Republican,Herschel Junior Walker,439
Henry,Mount Carmel,U.S. Senate,,Democrat,Raphael Warnock (I),2628
Henry,Red Oak,U.S. Senate,,Republican,Herschel Junior Walker,304
Henry,Red Oak,U.S. Senate,,Democrat,Raphael Warnock (I),2510
Henry,Wesley Lakes,U.S. Senate,,Republican,Herschel Junior Walker,461
Henry,Wesley Lakes,U.S. Senate,,Democrat,Raphael Warnock (I),2364
Henry,McDonough,U.S. Senate,,Republican,Herschel Junior Walker,324
Henry,McDonough,U.S. Senate,,Democrat,Raphael Warnock (I),1093
Henry,McMullen,U.S. Senate,,Republican,Herschel Junior Walker,1189
Henry,McMullen,U.S. Senate,,Democrat,Raphael Warnock (I),702
Henry,East Lake,U.S. Senate,,Republican,Herschel Junior Walker,1176
Henry,East Lake,U.S. Senate,,Democrat,Raphael Warnock (I),924
Henry,Hickory Flat,U.S. Senate,,Republican,Herschel Junior Walker,690
Henry,Hickory Flat,U.S. Senate,,Democrat,Raphael Warnock (I),2013
Henry,Stockbridge East-West,U.S. Senate,,Republican,Herschel Junior Walker,290
Henry,Stockbridge East-West,U.S. Senate,,Democrat,Raphael Warnock (I),2413
Henry,Stagecoach,U.S. Senate,,Republican,Herschel Junior Walker,515
Henry,Stagecoach,U.S. Senate,,Democrat,Raphael Warnock (I),1010
Henry,Cotton Indian,U.S. Senate,,Republican,Herschel Junior Walker,734
Henry,Cotton Indian,U.S. Senate,,Democrat,Raphael Warnock (I),1483
Henry,Pleasant Grove,U.S. Senate,,Republican,Herschel Junior Walker,973
Henry,Pleasant Grove,U.S. Senate,,Democrat,Raphael Warnock (I),1371
Henry,Austin Road,U.S. Senate,,Republican,Herschel Junior Walker,458
Henry,Austin Road,U.S. Senate,,Democrat,Raphael Warnock (I),1393
Henry,Swan Lake,U.S. Senate,,Republican,Herschel Junior Walker,790
Henry,Swan Lake,U.S. Senate,,Democrat,Raphael Warnock (I),916
Henry,Shakerag,U.S. Senate,,Republican,Herschel Junior Walker,197
Henry,Shakerag,U.S. Senate,,Democrat,Raphael Warnock (I),2087
Henry,Ellenwood,U.S. Senate,,Republican,Herschel Junior Walker,306
Henry,Ellenwood,U.S. Senate,,Democrat,Raphael Warnock (I),2199
Henry,Unity Grove,U.S. Senate,,Republican,Herschel Junior Walker,1543
Henry,Unity Grove,U.S. Senate,,Democrat,Raphael Warnock (I),905
Henry,Shiloh,U.S. Senate,,Republican,Herschel Junior Walker,362
Henry,Shiloh,U.S. Senate,,Democrat,Raphael Warnock (I),1221
Henry,Pates Creek,U.S. Senate,,Republican,Herschel Junior Walker,832
Henry,Pates Creek,U.S. Senate,,Democrat,Raphael Warnock (I),1719
Henry,Oakland,U.S. Senate,,Republican,Herschel Junior Walker,856
Henry,Oakland,U.S. Senate,,Democrat,Raphael Warnock (I),1395
Henry,Lake Dow,U.S. Senate,,Republican,Herschel Junior Walker,1385
Henry,Lake Dow,U.S. Senate,,Democrat,Raphael Warnock (I),1373
Henry,Flippen,U.S. Senate,,Republican,Herschel Junior Walker,442
Henry,Flippen,U.S. Senate,,Democrat,Raphael Warnock (I),1933
Henry,Stockbridge Central,U.S. Senate,,Republican,Herschel Junior Walker,353
Henry,Stockbridge Central,U.S. Senate,,Democrat,Raphael Warnock (I),1246
Henry,Kelleytown,U.S. Senate,,Republican,Herschel Junior Walker,1080
Henry,Kelleytown,U.S. Senate,,Democrat,Raphael Warnock (I),960
Henry,Lighthouse,U.S. Senate,,Republican,Herschel Junior Walker,566
Henry,Lighthouse,U.S. Senate,,Democrat,Raphael Warnock (I),1363
Henry,Dutchtown,U.S. Senate,,Republican,Herschel Junior Walker,538
Henry,Dutchtown,U.S. Senate,,Democrat,Raphael Warnock (I),758
Henry,Mt Bethel,U.S. Senate,,Republican,Herschel Junior Walker,1179
Henry,Mt Bethel,U.S. Senate,,Democrat,Raphael Warnock (I),686
Henry,Grove Park,U.S. Senate,,Republican,Herschel Junior Walker,793
Henry,Grove Park,U.S. Senate,,Democrat,Raphael Warnock (I),964
Henry,Lake Haven,U.S. Senate,,Republican,Herschel Junior Walker,850
Henry,Lake Haven,U.S. Senate,,Democrat,Raphael Warnock (I),1076
Henry,McDonough Central,U.S. Senate,,Republican,Herschel Junior Walker,732
Henry,McDonough Central,U.S. Senate,,Democrat,Raphael Warnock (I),1339
Henry,Timberridge,U.S. Senate,,Republican,Herschel Junior Walker,637
Henry,Timberridge,U.S. Senate,,Democrat,Raphael Warnock (I),724
Houston,ANNX,U.S. Senate,,Republican,Herschel Junior Walker,1603
Houston,ANNX,U.S. Senate,,Democrat,Raphael Warnock (I),993
Houston,BMS,U.S. Senate,,Republican,Herschel Junior Walker,3557
Houston,BMS,U.S. Senate,,Democrat,Raphael Warnock (I),2181
Houston,CENT,U.S. Senate,,Republican,Herschel Junior Walker,2058
Houston,CENT,U.S. Senate,,Democrat,Raphael Warnock (I),1841
Houston,CGTC,U.S. Senate,,Republican,Herschel Junior Walker,1670
Houston,CGTC,U.S. Senate,,Democrat,Raphael Warnock (I),1092
Houston,FMMS,U.S. Senate,,Republican,Herschel Junior Walker,2343
Houston,FMMS,U.S. Senate,,Democrat,Raphael Warnock (I),2333
Houston,HAFS,U.S. Senate,,Republican,Herschel Junior Walker,927
Houston,HAFS,U.S. Senate,,Democrat,Raphael Warnock (I),230
Houston,HCTC,U.S. Senate,,Republican,Herschel Junior Walker,1119
Houston,HCTC,U.S. Senate,,Democrat,Raphael Warnock (I),1347
Houston,HEFS,U.S. Senate,,Republican,Herschel Junior Walker,625
Houston,HEFS,U.S. Senate,,Democrat,Raphael Warnock (I),286
Houston,HHPC,U.S. Senate,,Republican,Herschel Junior Walker,1731
Houston,HHPC,U.S. Senate,,Democrat,Raphael Warnock (I),2176
Houston,MCMS,U.S. Senate,,Republican,Herschel Junior Walker,3025
Houston,MCMS,U.S. Senate,,Democrat,Raphael Warnock (I),2190
Houston,NHSC,U.S. Senate,,Republican,Herschel Junior Walker,790
Houston,NHSC,U.S. Senate,,Democrat,Raphael Warnock (I),530
Houston,ROZR,U.S. Senate,,Republican,Herschel Junior Walker,4816
Houston,ROZR,U.S. Senate,,Democrat,Raphael Warnock (I),2791
Houston,TMS,U.S. Senate,,Republican,Herschel Junior Walker,935
Houston,TMS,U.S. Senate,,Democrat,Raphael Warnock (I),1479
Houston,TWPK,U.S. Senate,,Republican,Herschel Junior Walker,1288
Houston,TWPK,U.S. Senate,,Democrat,Raphael Warnock (I),1069
Houston,VHS,U.S. Senate,,Republican,Herschel Junior Walker,2398
Houston,VHS,U.S. Senate,,Democrat,Raphael Warnock (I),1419
Houston,WELL,U.S. Senate,,Republican,Herschel Junior Walker,552
Houston,WELL,U.S. Senate,,Democrat,Raphael Warnock (I),2648
Irwin,Irwinville,U.S. Senate,,Republican,Herschel Junior Walker,863
Irwin,Irwinville,U.S. Senate,,Democrat,Raphael Warnock (I),75
Irwin,Ocilla,U.S. Senate,,Republican,Herschel Junior Walker,1212
Irwin,Ocilla,U.S. Senate,,Democrat,Raphael Warnock (I),558
Irwin,Holt,U.S. Senate,,Republican,Herschel Junior Walker,352
Irwin,Holt,U.S. Senate,,Democrat,Raphael Warnock (I),73
Jackson,Central Jackson,U.S. Senate,,Republican,Herschel Junior Walker,6651
Jackson,Central Jackson,U.S. Senate,,Democrat,Raphael Warnock (I),1852
Jackson,North Jackson,U.S. Senate,,Republican,Herschel Junior Walker,4934
Jackson,North Jackson,U.S. Senate,,Democrat,Raphael Warnock (I),1188
Jackson,West Jackson,U.S. Senate,,Republican,Herschel Junior Walker,6928
Jackson,West Jackson,U.S. Senate,,Democrat,Raphael Warnock (I),1833
Jackson,South Jackson,U.S. Senate,,Republican,Herschel Junior Walker,3100
Jackson,South Jackson,U.S. Senate,,Democrat,Raphael Warnock (I),981
Jasper,Wyatt,U.S. Senate,,Republican,Herschel Junior Walker,843
Jasper,Wyatt,U.S. Senate,,Democrat,Raphael Warnock (I),211
Jasper,Monticello,U.S. Senate,,Republican,Herschel Junior Walker,1743
Jasper,Monticello,U.S. Senate,,Democrat,Raphael Warnock (I),884
Jasper,Martin & Burney,U.S. Senate,,Republican,Herschel Junior Walker,1983
Jasper,Martin & Burney,U.S. Senate,,Democrat,Raphael Warnock (I),244
Jefferson,Stapleton Crossroads,U.S. Senate,,Republican,Herschel Junior Walker,162
Jefferson,Stapleton Crossroads,U.S. Senate,,Democrat,Raphael Warnock (I),99
Jefferson,Matthews,U.S. Senate,,Republican,Herschel Junior Walker,254
Jefferson,Matthews,U.S. Senate,,Democrat,Raphael Warnock (I),116
Jefferson,Wrens,U.S. Senate,,Republican,Herschel Junior Walker,704
Jefferson,Wrens,U.S. Senate,,Democrat,Raphael Warnock (I),774
Jefferson,Louisville,U.S. Senate,,Republican,Herschel Junior Walker,898
Jefferson,Louisville,U.S. Senate,,Democrat,Raphael Warnock (I),1145
Jefferson,Wadley,U.S. Senate,,Republican,Herschel Junior Walker,288
Jefferson,Wadley,U.S. Senate,,Democrat,Raphael Warnock (I),638
Jefferson,Bartow,U.S. Senate,,Republican,Herschel Junior Walker,155
Jefferson,Bartow,U.S. Senate,,Democrat,Raphael Warnock (I),134
Jefferson,Stapleton,U.S. Senate,,Republican,Herschel Junior Walker,234
Jefferson,Stapleton,U.S. Senate,,Democrat,Raphael Warnock (I),139
Jefferson,Avera,U.S. Senate,,Republican,Herschel Junior Walker,201
Jefferson,Avera,U.S. Senate,,Democrat,Raphael Warnock (I),34
Jeff Davis,Hazlehurst,U.S. Senate,,Republican,Herschel Junior Walker,281
Jeff Davis,Hazlehurst,U.S. Senate,,Democrat,Raphael Warnock (I),330
Jeff Davis,Altamaha 1,U.S. Senate,,Republican,Herschel Junior Walker,338
Jeff Davis,Altamaha 1,U.S. Senate,,Democrat,Raphael Warnock (I),33
Jeff Davis,Altamaha 2,U.S. Senate,,Republican,Herschel Junior Walker,692
Jeff Davis,Altamaha 2,U.S. Senate,,Democrat,Raphael Warnock (I),27
Jeff Davis,Blackburn 1,U.S. Senate,,Republican,Herschel Junior Walker,228
Jeff Davis,Blackburn 1,U.S. Senate,,Democrat,Raphael Warnock (I),72
Jeff Davis,Blackburn 2,U.S. Senate,,Republican,Herschel Junior Walker,378
Jeff Davis,Blackburn 2,U.S. Senate,,Democrat,Raphael Warnock (I),16
Jeff Davis,Whitehead 1,U.S. Senate,,Republican,Herschel Junior Walker,389
Jeff Davis,Whitehead 1,U.S. Senate,,Democrat,Raphael Warnock (I),86
Jeff Davis,Whitehead 2,U.S. Senate,,Republican,Herschel Junior Walker,324
Jeff Davis,Whitehead 2,U.S. Senate,,Democrat,Raphael Warnock (I),20
Jeff Davis,Ocmulgee 1,U.S. Senate,,Republican,Herschel Junior Walker,602
Jeff Davis,Ocmulgee 1,U.S. Senate,,Democrat,Raphael Warnock (I),100
Jeff Davis,Ocmulgee 2,U.S. Senate,,Republican,Herschel Junior Walker,239
Jeff Davis,Ocmulgee 2,U.S. Senate,,Democrat,Raphael Warnock (I),58
Jenkins,Primary School,U.S. Senate,,Republican,Herschel Junior Walker,193
Jenkins,Primary School,U.S. Senate,,Democrat,Raphael Warnock (I),284
Jenkins,Court House,U.S. Senate,,Republican,Herschel Junior Walker,192
Jenkins,Court House,U.S. Senate,,Democrat,Raphael Warnock (I),217
Jenkins,Perkins,U.S. Senate,,Republican,Herschel Junior Walker,412
Jenkins,Perkins,U.S. Senate,,Democrat,Raphael Warnock (I),126
Jenkins,Senior Citizens Center,U.S. Senate,,Republican,Herschel Junior Walker,481
Jenkins,Senior Citizens Center,U.S. Senate,,Democrat,Raphael Warnock (I),89
Jenkins,Four Points,U.S. Senate,,Republican,Herschel Junior Walker,369
Jenkins,Four Points,U.S. Senate,,Democrat,Raphael Warnock (I),158
Johnson,Wrightsville,U.S. Senate,,Republican,Herschel Junior Walker,1096
Johnson,Wrightsville,U.S. Senate,,Democrat,Raphael Warnock (I),758
Johnson,Smith,U.S. Senate,,Republican,Herschel Junior Walker,437
Johnson,Smith,U.S. Senate,,Democrat,Raphael Warnock (I),42
Johnson,Bray,U.S. Senate,,Republican,Herschel Junior Walker,382
Johnson,Bray,U.S. Senate,,Democrat,Raphael Warnock (I),123
Johnson,Kite,U.S. Senate,,Republican,Herschel Junior Walker,504
Johnson,Kite,U.S. Senate,,Democrat,Raphael Warnock (I),44
Jones,Gray,U.S. Senate,,Republican,Herschel Junior Walker,1168
Jones,Gray,U.S. Senate,,Democrat,Raphael Warnock (I),395
Jones,Hawkins,U.S. Senate,,Republican,Herschel Junior Walker,617
Jones,Hawkins,U.S. Senate,,Democrat,Raphael Warnock (I),1041
Jones,Ethridge,U.S. Senate,,Republican,Herschel Junior Walker,609
Jones,Ethridge,U.S. Senate,,Democrat,Raphael Warnock (I),348
Jones,Clinton,U.S. Senate,,Republican,Herschel Junior Walker,999
Jones,Clinton,U.S. Senate,,Democrat,Raphael Warnock (I),364
Jones,Roberts,U.S. Senate,,Republican,Herschel Junior Walker,819
Jones,Roberts,U.S. Senate,,Democrat,Raphael Warnock (I),447
Jones,Davidson,U.S. Senate,,Republican,Herschel Junior Walker,726
Jones,Davidson,U.S. Senate,,Democrat,Raphael Warnock (I),142
Jones,Pope,U.S. Senate,,Republican,Herschel Junior Walker,739
Jones,Pope,U.S. Senate,,Democrat,Raphael Warnock (I),334
Jones,Barron,U.S. Senate,,Republican,Herschel Junior Walker,584
Jones,Barron,U.S. Senate,,Democrat,Raphael Warnock (I),201
Jones,Sanders,U.S. Senate,,Republican,Herschel Junior Walker,104
Jones,Sanders,U.S. Senate,,Democrat,Raphael Warnock (I),22
Jones,Finney,U.S. Senate,,Republican,Herschel Junior Walker,1137
Jones,Finney,U.S. Senate,,Democrat,Raphael Warnock (I),450
Lamar,Barnesville,U.S. Senate,,Republican,Herschel Junior Walker,360
Lamar,Barnesville,U.S. Senate,,Democrat,Raphael Warnock (I),688
Lamar,Chappell Mill V. FD,U.S. Senate,,Republican,Herschel Junior Walker,758
Lamar,Chappell Mill V. FD,U.S. Senate,,Democrat,Raphael Warnock (I),186
Lamar,Senior Citzen Bldg,U.S. Senate,,Republican,Herschel Junior Walker,376
Lamar,Senior Citzen Bldg,U.S. Senate,,Democrat,Raphael Warnock (I),250
Lamar,Redbone,U.S. Senate,,Republican,Herschel Junior Walker,364
Lamar,Redbone,U.S. Senate,,Democrat,Raphael Warnock (I),71
Lamar,L C S C,U.S. Senate,,Republican,Herschel Junior Walker,1464
Lamar,L C S C,U.S. Senate,,Democrat,Raphael Warnock (I),372
Lamar,Milner,U.S. Senate,,Republican,Herschel Junior Walker,1588
Lamar,Milner,U.S. Senate,,Democrat,Raphael Warnock (I),441
Lanier,Lakeland,U.S. Senate,,Republican,Herschel Junior Walker,1752
Lanier,Lakeland,U.S. Senate,,Democrat,Raphael Warnock (I),701
Laurens,FBC-FLC,U.S. Senate,,Republican,Herschel Junior Walker,1424
Laurens,FBC-FLC,U.S. Senate,,Democrat,Raphael Warnock (I),863
Laurens,Calhoun Park,U.S. Senate,,Republican,Herschel Junior Walker,543
Laurens,Calhoun Park,U.S. Senate,,Democrat,Raphael Warnock (I),1722
Laurens,Fire Dept Station 5,U.S. Senate,,Republican,Herschel Junior Walker,1660
Laurens,Fire Dept Station 5,U.S. Senate,,Democrat,Raphael Warnock (I),626
Laurens,Buckeye,U.S. Senate,,Republican,Herschel Junior Walker,300
Laurens,Buckeye,U.S. Senate,,Democrat,Raphael Warnock (I),256
Laurens,Burch,U.S. Senate,,Republican,Herschel Junior Walker,216
Laurens,Burch,U.S. Senate,,Democrat,Raphael Warnock (I),56
Laurens,Cadwell,U.S. Senate,,Republican,Herschel Junior Walker,415
Laurens,Cadwell,U.S. Senate,,Democrat,Raphael Warnock (I),66
Laurens,Brewton,U.S. Senate,,Republican,Herschel Junior Walker,768
Laurens,Brewton,U.S. Senate,,Democrat,Raphael Warnock (I),190
Laurens,Dudley,U.S. Senate,,Republican,Herschel Junior Walker,733
Laurens,Dudley,U.S. Senate,,Democrat,Raphael Warnock (I),229
Laurens,Hampton Mill,U.S. Senate,,Republican,Herschel Junior Walker,919
Laurens,Hampton Mill,U.S. Senate,,Democrat,Raphael Warnock (I),134
Laurens,Minter,U.S. Senate,,Republican,Herschel Junior Walker,543
Laurens,Minter,U.S. Senate,,Democrat,Raphael Warnock (I),36
Laurens,Rural Fire Station 7,U.S. Senate,,Republican,Herschel Junior Walker,951
Laurens,Rural Fire Station 7,U.S. Senate,,Democrat,Raphael Warnock (I),291
Laurens,WT Adams Fire Station 18,U.S. Senate,,Republican,Herschel Junior Walker,966
Laurens,WT Adams Fire Station 18,U.S. Senate,,Democrat,Raphael Warnock (I),410
Laurens,Reedy Springs,U.S. Senate,,Republican,Herschel Junior Walker,461
Laurens,Reedy Springs,U.S. Senate,,Democrat,Raphael Warnock (I),83
Laurens,Smith,U.S. Senate,,Republican,Herschel Junior Walker,759
Laurens,Smith,U.S. Senate,,Democrat,Raphael Warnock (I),697
Laurens,LCFS #10,U.S. Senate,,Republican,Herschel Junior Walker,697
Laurens,LCFS #10,U.S. Senate,,Democrat,Raphael Warnock (I),401
Lee,Chokee,U.S. Senate,,Republican,Herschel Junior Walker,144
Lee,Chokee,U.S. Senate,,Democrat,Raphael Warnock (I),126
Lee,Redbone,U.S. Senate,,Republican,Herschel Junior Walker,1980
Lee,Redbone,U.S. Senate,,Democrat,Raphael Warnock (I),563
Lee,Smithville,U.S. Senate,,Republican,Herschel Junior Walker,286
Lee,Smithville,U.S. Senate,,Democrat,Raphael Warnock (I),208
Lee,CJC,U.S. Senate,,Republican,Herschel Junior Walker,314
Lee,CJC,U.S. Senate,,Democrat,Raphael Warnock (I),55
Lee,Leesburg,U.S. Senate,,Republican,Herschel Junior Walker,1078
Lee,Leesburg,U.S. Senate,,Democrat,Raphael Warnock (I),511
Lee,Friendship Baptist,U.S. Senate,,Republican,Herschel Junior Walker,610
Lee,Friendship Baptist,U.S. Senate,,Democrat,Raphael Warnock (I),175
Lee,First Baptist,U.S. Senate,,Republican,Herschel Junior Walker,1670
Lee,First Baptist,U.S. Senate,,Democrat,Raphael Warnock (I),796
Lee,SDA Church,U.S. Senate,,Republican,Herschel Junior Walker,724
Lee,SDA Church,U.S. Senate,,Democrat,Raphael Warnock (I),277
Lee,Flint Reformed Baptist,U.S. Senate,,Republican,Herschel Junior Walker,884
Lee,Flint Reformed Baptist,U.S. Senate,,Democrat,Raphael Warnock (I),330
Lee,Century Fire Station,U.S. Senate,,Republican,Herschel Junior Walker,1053
Lee,Century Fire Station,U.S. Senate,,Democrat,Raphael Warnock (I),521
Liberty,Riceboro,U.S. Senate,,Republican,Herschel Junior Walker,127
Liberty,Riceboro,U.S. Senate,,Democrat,Raphael Warnock (I),484
Liberty,Lyman Hall,U.S. Senate,,Republican,Herschel Junior Walker,305
Liberty,Lyman Hall,U.S. Senate,,Democrat,Raphael Warnock (I),1247
Liberty,Lewis Frasier,U.S. Senate,,Republican,Herschel Junior Walker,332
Liberty,Lewis Frasier,U.S. Senate,,Democrat,Raphael Warnock (I),692
Liberty,Memorial Dr,U.S. Senate,,Republican,Herschel Junior Walker,159
Liberty,Memorial Dr,U.S. Senate,,Democrat,Raphael Warnock (I),548
Liberty,Performing Arts CTR,U.S. Senate,,Republican,Herschel Junior Walker,251
Liberty,Performing Arts CTR,U.S. Senate,,Democrat,Raphael Warnock (I),633
Liberty,Town of Allenhurst,U.S. Senate,,Republican,Herschel Junior Walker,166
Liberty,Town of Allenhurst,U.S. Senate,,Democrat,Raphael Warnock (I),587
Liberty,Hinesville,U.S. Senate,,Republican,Herschel Junior Walker,524
Liberty,Hinesville,U.S. Senate,,Democrat,Raphael Warnock (I),815
Liberty,Liberty County Complex,U.S. Senate,,Republican,Herschel Junior Walker,1297
Liberty,Liberty County Complex,U.S. Senate,,Democrat,Raphael Warnock (I),1270
Liberty,Victory Baptist,U.S. Senate,,Republican,Herschel Junior Walker,271
Liberty,Victory Baptist,U.S. Senate,,Democrat,Raphael Warnock (I),1165
Liberty,Fleming East,U.S. Senate,,Republican,Herschel Junior Walker,803
Liberty,Fleming East,U.S. Senate,,Democrat,Raphael Warnock (I),425
Liberty,Gum Branch,U.S. Senate,,Republican,Herschel Junior Walker,558
Liberty,Gum Branch,U.S. Senate,,Democrat,Raphael Warnock (I),614
Liberty,Progressive Church,U.S. Senate,,Republican,Herschel Junior Walker,228
Liberty,Progressive Church,U.S. Senate,,Democrat,Raphael Warnock (I),730
Lincoln,Midway,U.S. Senate,,Republican,Herschel Junior Walker,279
Lincoln,Midway,U.S. Senate,,Democrat,Raphael Warnock (I),96
Lincoln,Lincoln Club House,U.S. Senate,,Republican,Herschel Junior Walker,288
Lincoln,Lincoln Club House,U.S. Senate,,Democrat,Raphael Warnock (I),284
Lincoln,Lincoln Center,U.S. Senate,,Republican,Herschel Junior Walker,613
Lincoln,Lincoln Center,U.S. Senate,,Democrat,Raphael Warnock (I),201
Lincoln,Faith Temple of Lincoln,U.S. Senate,,Republican,Herschel Junior Walker,242
Lincoln,Faith Temple of Lincoln,U.S. Senate,,Democrat,Raphael Warnock (I),102
Lincoln,Tabernacle,U.S. Senate,,Republican,Herschel Junior Walker,392
Lincoln,Tabernacle,U.S. Senate,,Democrat,Raphael Warnock (I),187
Lincoln,Bethany Church,U.S. Senate,,Republican,Herschel Junior Walker,267
Lincoln,Bethany Church,U.S. Senate,,Democrat,Raphael Warnock (I),45
Lincoln,Martins Crossroad,U.S. Senate,,Republican,Herschel Junior Walker,579
Lincoln,Martins Crossroad,U.S. Senate,,Democrat,Raphael Warnock (I),128
Long,Breads Creek,U.S. Senate,,Republican,Herschel Junior Walker,464
Long,Breads Creek,U.S. Senate,,Democrat,Raphael Warnock (I),255
Long,Rye Patch_Oak Dale,U.S. Senate,,Republican,Herschel Junior Walker,547
Long,Rye Patch_Oak Dale,U.S. Senate,,Democrat,Raphael Warnock (I),323
Long,South Ludowici,U.S. Senate,,Republican,Herschel Junior Walker,346
Long,South Ludowici,U.S. Senate,,Democrat,Raphael Warnock (I),329
Long,North Ludowici,U.S. Senate,,Republican,Herschel Junior Walker,407
Long,North Ludowici,U.S. Senate,,Democrat,Raphael Warnock (I),360
Long,Tibet,U.S. Senate,,Republican,Herschel Junior Walker,391
Long,Tibet,U.S. Senate,,Democrat,Raphael Warnock (I),82
Long,Alma Flournoy,U.S. Senate,,Republican,Herschel Junior Walker,46
Long,Alma Flournoy,U.S. Senate,,Democrat,Raphael Warnock (I),5
Long,Faith Baptist Annex,U.S. Senate,,Republican,Herschel Junior Walker,244
Long,Faith Baptist Annex,U.S. Senate,,Democrat,Raphael Warnock (I),118
Lowndes,Train Depot,U.S. Senate,,Republican,Herschel Junior Walker,1164
Lowndes,Train Depot,U.S. Senate,,Democrat,Raphael Warnock (I),357
Lowndes,Historical Society,U.S. Senate,,Republican,Herschel Junior Walker,700
Lowndes,Historical Society,U.S. Senate,,Democrat,Raphael Warnock (I),162
Lowndes,Hahira Community Center,U.S. Senate,,Republican,Herschel Junior Walker,484
Lowndes,Hahira Community Center,U.S. Senate,,Democrat,Raphael Warnock (I),121
Lowndes,Pine Grove Church,U.S. Senate,,Republican,Herschel Junior Walker,338
Lowndes,Pine Grove Church,U.S. Senate,,Democrat,Raphael Warnock (I),312
Lowndes,Trinity Church,U.S. Senate,,Republican,Herschel Junior Walker,743
Lowndes,Trinity Church,U.S. Senate,,Democrat,Raphael Warnock (I),758
Lowndes,Nazarene Church,U.S. Senate,,Republican,Herschel Junior Walker,1442
Lowndes,Nazarene Church,U.S. Senate,,Democrat,Raphael Warnock (I),1119
Lowndes,Mathis Auditorium,U.S. Senate,,Republican,Herschel Junior Walker,3326
Lowndes,Mathis Auditorium,U.S. Senate,,Democrat,Raphael Warnock (I),2029
Lowndes,Jaycee Community Center,U.S. Senate,,Republican,Herschel Junior Walker,153
Lowndes,Jaycee Community Center,U.S. Senate,,Democrat,Raphael Warnock (I),577
Lowndes,Lowndes Civic,U.S. Senate,,Republican,Herschel Junior Walker,977
Lowndes,Lowndes Civic,U.S. Senate,,Democrat,Raphael Warnock (I),2203
Lowndes,Naylor Community Center,U.S. Senate,,Republican,Herschel Junior Walker,498
Lowndes,Naylor Community Center,U.S. Senate,,Democrat,Raphael Warnock (I),268
Lowndes,Rainwater,U.S. Senate,,Republican,Herschel Junior Walker,4549
Lowndes,Rainwater,U.S. Senate,,Democrat,Raphael Warnock (I),2832
Lowndes,VSU,U.S. Senate,,Republican,Herschel Junior Walker,4
Lowndes,VSU,U.S. Senate,,Democrat,Raphael Warnock (I),37
Lowndes,Mt. Calvary Church,U.S. Senate,,Republican,Herschel Junior Walker,107
Lowndes,Mt. Calvary Church,U.S. Senate,,Democrat,Raphael Warnock (I),463
Lowndes,Mildred Community Center,U.S. Senate,,Republican,Herschel Junior Walker,23
Lowndes,Mildred Community Center,U.S. Senate,,Democrat,Raphael Warnock (I),802
Lowndes,Paper Mill Union,U.S. Senate,,Republican,Herschel Junior Walker,793
Lowndes,Paper Mill Union,U.S. Senate,,Democrat,Raphael Warnock (I),330
Lowndes,Dasher City Hall,U.S. Senate,,Republican,Herschel Junior Walker,992
Lowndes,Dasher City Hall,U.S. Senate,,Democrat,Raphael Warnock (I),207
Lowndes,Lake Park,U.S. Senate,,Republican,Herschel Junior Walker,1233
Lowndes,Lake Park,U.S. Senate,,Democrat,Raphael Warnock (I),366
Lowndes,South Lowndes Recreation Center,U.S. Senate,,Republican,Herschel Junior Walker,922
Lowndes,South Lowndes Recreation Center,U.S. Senate,,Democrat,Raphael Warnock (I),183
Lumpkin,Dahlonega,U.S. Senate,,Republican,Herschel Junior Walker,9005
Lumpkin,Dahlonega,U.S. Senate,,Democrat,Raphael Warnock (I),2339
Macon,Ideal,U.S. Senate,,Republican,Herschel Junior Walker,409
Macon,Ideal,U.S. Senate,,Democrat,Raphael Warnock (I),319
Macon,Oglethorpe,U.S. Senate,,Republican,Herschel Junior Walker,257
Macon,Oglethorpe,U.S. Senate,,Democrat,Raphael Warnock (I),390
Macon,Marshallville,U.S. Senate,,Republican,Herschel Junior Walker,294
Macon,Marshallville,U.S. Senate,,Democrat,Raphael Warnock (I),441
Macon,Montezuma #4,U.S. Senate,,Republican,Herschel Junior Walker,263
Macon,Montezuma #4,U.S. Senate,,Democrat,Raphael Warnock (I),525
Macon,Montezuma #5,U.S. Senate,,Republican,Herschel Junior Walker,138
Macon,Montezuma #5,U.S. Senate,,Democrat,Raphael Warnock (I),510
Madison,Colbert,U.S. Senate,,Republican,Herschel Junior Walker,1249
Madison,Colbert,U.S. Senate,,Democrat,Raphael Warnock (I),535
Madison,Collins,U.S. Senate,,Republican,Herschel Junior Walker,338
Madison,Collins,U.S. Senate,,Democrat,Raphael Warnock (I),44
Madison,Comer,U.S. Senate,,Republican,Herschel Junior Walker,502
Madison,Comer,U.S. Senate,,Democrat,Raphael Warnock (I),316
Madison,Danielsville,U.S. Senate,,Republican,Herschel Junior Walker,1387
Madison,Danielsville,U.S. Senate,,Democrat,Raphael Warnock (I),294
Madison,Fork,U.S. Senate,,Republican,Herschel Junior Walker,207
Madison,Fork,U.S. Senate,,Democrat,Raphael Warnock (I),109
Madison,Harrison,U.S. Senate,,Republican,Herschel Junior Walker,359
Madison,Harrison,U.S. Senate,,Democrat,Raphael Warnock (I),29
Madison,Hull,U.S. Senate,,Republican,Herschel Junior Walker,1438
Madison,Hull,U.S. Senate,,Democrat,Raphael Warnock (I),803
Madison,Ila,U.S. Senate,,Republican,Herschel Junior Walker,751
Madison,Ila,U.S. Senate,,Democrat,Raphael Warnock (I),128
Madison,Mill,U.S. Senate,,Republican,Herschel Junior Walker,875
Madison,Mill,U.S. Senate,,Democrat,Raphael Warnock (I),125
Madison,Paoli,U.S. Senate,,Republican,Herschel Junior Walker,152
Madison,Paoli,U.S. Senate,,Democrat,Raphael Warnock (I),20
Madison,Pittman,U.S. Senate,,Republican,Herschel Junior Walker,891
Madison,Pittman,U.S. Senate,,Democrat,Raphael Warnock (I),230
Madison,Poca,U.S. Senate,,Republican,Herschel Junior Walker,545
Madison,Poca,U.S. Senate,,Democrat,Raphael Warnock (I),79
Marion,Pineknot,U.S. Senate,,Republican,Herschel Junior Walker,437
Marion,Pineknot,U.S. Senate,,Democrat,Raphael Warnock (I),52
Marion,Buena Vista,U.S. Senate,,Republican,Herschel Junior Walker,507
Marion,Buena Vista,U.S. Senate,,Democrat,Raphael Warnock (I),821
Marion,Tazewell,U.S. Senate,,Republican,Herschel Junior Walker,182
Marion,Tazewell,U.S. Senate,,Democrat,Raphael Warnock (I),46
Marion,Brantley,U.S. Senate,,Republican,Herschel Junior Walker,222
Marion,Brantley,U.S. Senate,,Democrat,Raphael Warnock (I),32
Marion,Fort Perry,U.S. Senate,,Republican,Herschel Junior Walker,307
Marion,Fort Perry,U.S. Senate,,Democrat,Raphael Warnock (I),78
McDuffie,NMcDuffie,U.S. Senate,,Republican,Herschel Junior Walker,829
McDuffie,NMcDuffie,U.S. Senate,,Democrat,Raphael Warnock (I),81
McDuffie,Cedar Rock,U.S. Senate,,Republican,Herschel Junior Walker,1125
McDuffie,Cedar Rock,U.S. Senate,,Democrat,Raphael Warnock (I),1419
McDuffie,Depot,U.S. Senate,,Republican,Herschel Junior Walker,128
McDuffie,Depot,U.S. Senate,,Democrat,Raphael Warnock (I),556
McDuffie,Sweetwater,U.S. Senate,,Republican,Herschel Junior Walker,440
McDuffie,Sweetwater,U.S. Senate,,Democrat,Raphael Warnock (I),152
McDuffie,White Oak,U.S. Senate,,Republican,Herschel Junior Walker,971
McDuffie,White Oak,U.S. Senate,,Democrat,Raphael Warnock (I),342
McDuffie,Dearing,U.S. Senate,,Republican,Herschel Junior Walker,767
McDuffie,Dearing,U.S. Senate,,Democrat,Raphael Warnock (I),256
McDuffie,Fort Creek,U.S. Senate,,Republican,Herschel Junior Walker,457
McDuffie,Fort Creek,U.S. Senate,,Democrat,Raphael Warnock (I),187
McIntosh,Sapelo Island,U.S. Senate,,Republican,Herschel Junior Walker,8
McIntosh,Sapelo Island,U.S. Senate,,Democrat,Raphael Warnock (I),25
McIntosh,Crescent,U.S. Senate,,Republican,Herschel Junior Walker,405
McIntosh,Crescent,U.S. Senate,,Democrat,Raphael Warnock (I),732
McIntosh,Darien,U.S. Senate,,Republican,Herschel Junior Walker,748
McIntosh,Darien,U.S. Senate,,Democrat,Raphael Warnock (I),455
McIntosh,South Newport,U.S. Senate,,Republican,Herschel Junior Walker,1204
McIntosh,South Newport,U.S. Senate,,Democrat,Raphael Warnock (I),387
McIntosh,North Darien,U.S. Senate,,Republican,Herschel Junior Walker,816
McIntosh,North Darien,U.S. Senate,,Democrat,Raphael Warnock (I),416
Meriwether,Chalybeate,U.S. Senate,,Republican,Herschel Junior Walker,237
Meriwether,Chalybeate,U.S. Senate,,Democrat,Raphael Warnock (I),46
Meriwether,Gill I,U.S. Senate,,Republican,Herschel Junior Walker,511
Meriwether,Gill I,U.S. Senate,,Democrat,Raphael Warnock (I),306
Meriwether,Gill II,U.S. Senate,,Republican,Herschel Junior Walker,102
Meriwether,Gill II,U.S. Senate,,Democrat,Raphael Warnock (I),386
Meriwether,7th-Odessadale,U.S. Senate,,Republican,Herschel Junior Walker,117
Meriwether,7th-Odessadale,U.S. Senate,,Democrat,Raphael Warnock (I),79
Meriwether,8th-Greenville,U.S. Senate,,Republican,Herschel Junior Walker,518
Meriwether,8th-Greenville,U.S. Senate,,Democrat,Raphael Warnock (I),477
Meriwether,Lone Oak,U.S. Senate,,Republican,Herschel Junior Walker,418
Meriwether,Lone Oak,U.S. Senate,,Democrat,Raphael Warnock (I),321
Meriwether,Luthersville,U.S. Senate,,Republican,Herschel Junior Walker,886
Meriwether,Luthersville,U.S. Senate,,Democrat,Raphael Warnock (I),514
Meriwether,Upper 9th-Alvaton,U.S. Senate,,Republican,Herschel Junior Walker,597
Meriwether,Upper 9th-Alvaton,U.S. Senate,,Democrat,Raphael Warnock (I),290
Meriwether,Middle 9th-Gay,U.S. Senate,,Republican,Herschel Junior Walker,167
Meriwether,Middle 9th-Gay,U.S. Senate,,Democrat,Raphael Warnock (I),55
Meriwether,Lower 9th-Woodbury,U.S. Senate,,Republican,Herschel Junior Walker,398
Meriwether,Lower 9th-Woodbury,U.S. Senate,,Democrat,Raphael Warnock (I),356
Meriwether,2nd-Warm Springs,U.S. Senate,,Republican,Herschel Junior Walker,420
Meriwether,2nd-Warm Springs,U.S. Senate,,Democrat,Raphael Warnock (I),222
Meriwether,Third-Durand,U.S. Senate,,Republican,Herschel Junior Walker,274
Meriwether,Third-Durand,U.S. Senate,,Democrat,Raphael Warnock (I),129
Meriwether,Raleigh,U.S. Senate,,Republican,Herschel Junior Walker,250
Meriwether,Raleigh,U.S. Senate,,Democrat,Raphael Warnock (I),52
Meriwether,Cove,U.S. Senate,,Republican,Herschel Junior Walker,125
Meriwether,Cove,U.S. Senate,,Democrat,Raphael Warnock (I),12
Miller,Colquitt-Miller,U.S. Senate,,Republican,Herschel Junior Walker,1493
Miller,Colquitt-Miller,U.S. Senate,,Democrat,Raphael Warnock (I),442
Mitchell,Baconton,U.S. Senate,,Republican,Herschel Junior Walker,301
Mitchell,Baconton,U.S. Senate,,Democrat,Raphael Warnock (I),240
Mitchell,Branchville,U.S. Senate,,Republican,Herschel Junior Walker,312
Mitchell,Branchville,U.S. Senate,,Democrat,Raphael Warnock (I),51
Mitchell,Camilla North,U.S. Senate,,Republican,Herschel Junior Walker,182
Mitchell,Camilla North,U.S. Senate,,Democrat,Raphael Warnock (I),729
Mitchell,Camilla South,U.S. Senate,,Republican,Herschel Junior Walker,959
Mitchell,Camilla South,U.S. Senate,,Democrat,Raphael Warnock (I),868
Mitchell,Cotton,U.S. Senate,,Republican,Herschel Junior Walker,216
Mitchell,Cotton,U.S. Senate,,Democrat,Raphael Warnock (I),16
Mitchell,Hopeful,U.S. Senate,,Republican,Herschel Junior Walker,169
Mitchell,Hopeful,U.S. Senate,,Democrat,Raphael Warnock (I),30
Mitchell,Hinsonton,U.S. Senate,,Republican,Herschel Junior Walker,89
Mitchell,Hinsonton,U.S. Senate,,Democrat,Raphael Warnock (I),7
Mitchell,Lester,U.S. Senate,,Republican,Herschel Junior Walker,506
Mitchell,Lester,U.S. Senate,,Democrat,Raphael Warnock (I),110
Mitchell,Pebble City,U.S. Senate,,Republican,Herschel Junior Walker,91
Mitchell,Pebble City,U.S. Senate,,Democrat,Raphael Warnock (I),10
Mitchell,Pelham,U.S. Senate,,Republican,Herschel Junior Walker,736
Mitchell,Pelham,U.S. Senate,,Democrat,Raphael Warnock (I),701
Mitchell,Sale City,U.S. Senate,,Republican,Herschel Junior Walker,155
Mitchell,Sale City,U.S. Senate,,Democrat,Raphael Warnock (I),36
Monroe,Bentons,U.S. Senate,,Republican,Herschel Junior Walker,1166
Monroe,Bentons,U.S. Senate,,Democrat,Raphael Warnock (I),353
Monroe,Brantleys,U.S. Senate,,Republican,Herschel Junior Walker,620
Monroe,Brantleys,U.S. Senate,,Democrat,Raphael Warnock (I),121
Monroe,Burgays,U.S. Senate,,Republican,Herschel Junior Walker,1302
Monroe,Burgays,U.S. Senate,,Democrat,Raphael Warnock (I),319
Monroe,Cabaniss,U.S. Senate,,Republican,Herschel Junior Walker,320
Monroe,Cabaniss,U.S. Senate,,Democrat,Raphael Warnock (I),126
Monroe,Cox,U.S. Senate,,Republican,Herschel Junior Walker,401
Monroe,Cox,U.S. Senate,,Democrat,Raphael Warnock (I),92
Monroe,Culloden,U.S. Senate,,Republican,Herschel Junior Walker,187
Monroe,Culloden,U.S. Senate,,Democrat,Raphael Warnock (I),92
Monroe,Dillards,U.S. Senate,,Republican,Herschel Junior Walker,486
Monroe,Dillards,U.S. Senate,,Democrat,Raphael Warnock (I),105
Monroe,Evers,U.S. Senate,,Republican,Herschel Junior Walker,1018
Monroe,Evers,U.S. Senate,,Democrat,Raphael Warnock (I),291
Monroe,Forsyth,U.S. Senate,,Republican,Herschel Junior Walker,1059
Monroe,Forsyth,U.S. Senate,,Democrat,Raphael Warnock (I),1353
Monroe,High Falls,U.S. Senate,,Republican,Herschel Junior Walker,817
Monroe,High Falls,U.S. Senate,,Democrat,Raphael Warnock (I),185
Monroe,Kelseys,U.S. Senate,,Republican,Herschel Junior Walker,239
Monroe,Kelseys,U.S. Senate,,Democrat,Raphael Warnock (I),212
Monroe,Middlebrooks,U.S. Senate,,Republican,Herschel Junior Walker,644
Monroe,Middlebrooks,U.S. Senate,,Democrat,Raphael Warnock (I),131
Monroe,Proctors,U.S. Senate,,Republican,Herschel Junior Walker,506
Monroe,Proctors,U.S. Senate,,Democrat,Raphael Warnock (I),177
Monroe,Russellville,U.S. Senate,,Republican,Herschel Junior Walker,253
Monroe,Russellville,U.S. Senate,,Democrat,Raphael Warnock (I),52
Montgomery,Ailey,U.S. Senate,,Republican,Herschel Junior Walker,202
Montgomery,Ailey,U.S. Senate,,Democrat,Raphael Warnock (I),90
Montgomery,Alston,U.S. Senate,,Republican,Herschel Junior Walker,263
Montgomery,Alston,U.S. Senate,,Democrat,Raphael Warnock (I),36
Montgomery,Higgston,U.S. Senate,,Republican,Herschel Junior Walker,590
Montgomery,Higgston,U.S. Senate,,Democrat,Raphael Warnock (I),158
Montgomery,Kibbee,U.S. Senate,,Republican,Herschel Junior Walker,294
Montgomery,Kibbee,U.S. Senate,,Democrat,Raphael Warnock (I),30
Montgomery,Mount Vernon,U.S. Senate,,Republican,Herschel Junior Walker,409
Montgomery,Mount Vernon,U.S. Senate,,Democrat,Raphael Warnock (I),292
Montgomery,Tarrytown,U.S. Senate,,Republican,Herschel Junior Walker,178
Montgomery,Tarrytown,U.S. Senate,,Democrat,Raphael Warnock (I),12
Montgomery,Uvalda,U.S. Senate,,Republican,Herschel Junior Walker,350
Montgomery,Uvalda,U.S. Senate,,Democrat,Raphael Warnock (I),133
Morgan,Rec Dept,U.S. Senate,,Republican,Herschel Junior Walker,601
Morgan,Rec Dept,U.S. Senate,,Democrat,Raphael Warnock (I),968
Morgan,Centennial,U.S. Senate,,Republican,Herschel Junior Walker,1537
Morgan,Centennial,U.S. Senate,,Democrat,Raphael Warnock (I),346
Morgan,Gibbs,U.S. Senate,,Republican,Herschel Junior Walker,1541
Morgan,Gibbs,U.S. Senate,,Democrat,Raphael Warnock (I),420
Morgan,DFACS,U.S. Senate,,Republican,Herschel Junior Walker,1550
Morgan,DFACS,U.S. Senate,,Democrat,Raphael Warnock (I),455
Morgan,Buckhead,U.S. Senate,,Republican,Herschel Junior Walker,1622
Morgan,Buckhead,U.S. Senate,,Democrat,Raphael Warnock (I),462
Murray,McDonald,U.S. Senate,,Republican,Herschel Junior Walker,999
Murray,McDonald,U.S. Senate,,Democrat,Raphael Warnock (I),139
Murray,Shuck Pen,U.S. Senate,,Republican,Herschel Junior Walker,1161
Murray,Shuck Pen,U.S. Senate,,Democrat,Raphael Warnock (I),160
Murray,Southwest,U.S. Senate,,Republican,Herschel Junior Walker,1146
Murray,Southwest,U.S. Senate,,Democrat,Raphael Warnock (I),153
Murray,Spring Place,U.S. Senate,,Republican,Herschel Junior Walker,1426
Murray,Spring Place,U.S. Senate,,Democrat,Raphael Warnock (I),244
Murray,Town,U.S. Senate,,Republican,Herschel Junior Walker,2368
Murray,Town,U.S. Senate,,Democrat,Raphael Warnock (I),430
Murray,Carters-Doolittle,U.S. Senate,,Republican,Herschel Junior Walker,882
Murray,Carters-Doolittle,U.S. Senate,,Democrat,Raphael Warnock (I),98
Murray,North,U.S. Senate,,Republican,Herschel Junior Walker,911
Murray,North,U.S. Senate,,Democrat,Raphael Warnock (I),115
Muscogee,Wynnton,U.S. Senate,,Republican,Herschel Junior Walker,431
Muscogee,Wynnton,U.S. Senate,,Democrat,Raphael Warnock (I),1674
Muscogee,Carver/Library,U.S. Senate,,Republican,Herschel Junior Walker,45
Muscogee,Carver/Library,U.S. Senate,,Democrat,Raphael Warnock (I),1451
Muscogee,Shirley Winston,U.S. Senate,,Republican,Herschel Junior Walker,108
Muscogee,Shirley Winston,U.S. Senate,,Democrat,Raphael Warnock (I),2406
Muscogee,Britt David,U.S. Senate,,Republican,Herschel Junior Walker,642
Muscogee,Britt David,U.S. Senate,,Democrat,Raphael Warnock (I),487
Muscogee,St Peter,U.S. Senate,,Republican,Herschel Junior Walker,971
Muscogee,St Peter,U.S. Senate,,Democrat,Raphael Warnock (I),711
Muscogee,Chattahoochee,U.S. Senate,,Republican,Herschel Junior Walker,1722
Muscogee,Chattahoochee,U.S. Senate,,Democrat,Raphael Warnock (I),1381
Muscogee,Columbus Tech,U.S. Senate,,Republican,Herschel Junior Walker,641
Muscogee,Columbus Tech,U.S. Senate,,Democrat,Raphael Warnock (I),646
Muscogee,Central,U.S. Senate,,Republican,Herschel Junior Walker,2313
Muscogee,Central,U.S. Senate,,Democrat,Raphael Warnock (I),1299
Muscogee,Wynnbrook,U.S. Senate,,Republican,Herschel Junior Walker,1128
Muscogee,Wynnbrook,U.S. Senate,,Democrat,Raphael Warnock (I),548
Muscogee,Cusseta Rd,U.S. Senate,,Republican,Herschel Junior Walker,68
Muscogee,Cusseta Rd,U.S. Senate,,Democrat,Raphael Warnock (I),1641
Muscogee,OLOLC,U.S. Senate,,Republican,Herschel Junior Walker,353
Muscogee,OLOLC,U.S. Senate,,Democrat,Raphael Warnock (I),2169
Muscogee,Mt Pilgrim,U.S. Senate,,Republican,Herschel Junior Walker,124
Muscogee,Mt Pilgrim,U.S. Senate,,Democrat,Raphael Warnock (I),2575
Muscogee,Faith Tabernacle,U.S. Senate,,Republican,Herschel Junior Walker,120
Muscogee,Faith Tabernacle,U.S. Senate,,Democrat,Raphael Warnock (I),1838
Muscogee,Canaan,U.S. Senate,,Republican,Herschel Junior Walker,339
Muscogee,Canaan,U.S. Senate,,Democrat,Raphael Warnock (I),2249
Muscogee,Holsey,U.S. Senate,,Republican,Herschel Junior Walker,309
Muscogee,Holsey,U.S. Senate,,Democrat,Raphael Warnock (I),2768
Muscogee,Gentian,U.S. Senate,,Republican,Herschel Junior Walker,1065
Muscogee,Gentian,U.S. Senate,,Democrat,Raphael Warnock (I),1344
Muscogee,St Paul,U.S. Senate,,Republican,Herschel Junior Walker,1535
Muscogee,St Paul,U.S. Senate,,Democrat,Raphael Warnock (I),1287
Muscogee,Moon,U.S. Senate,,Republican,Herschel Junior Walker,1301
Muscogee,Moon,U.S. Senate,,Democrat,Raphael Warnock (I),1021
Muscogee,St Andrews,U.S. Senate,,Republican,Herschel Junior Walker,2101
Muscogee,St Andrews,U.S. Senate,,Democrat,Raphael Warnock (I),1956
Muscogee,Salvation Army,U.S. Senate,,Republican,Herschel Junior Walker,610
Muscogee,Salvation Army,U.S. Senate,,Democrat,Raphael Warnock (I),839
Muscogee,First African,U.S. Senate,,Republican,Herschel Junior Walker,141
Muscogee,First African,U.S. Senate,,Democrat,Raphael Warnock (I),428
Muscogee,Epworth,U.S. Senate,,Republican,Herschel Junior Walker,775
Muscogee,Epworth,U.S. Senate,,Democrat,Raphael Warnock (I),758
Muscogee,Gallops,U.S. Senate,,Republican,Herschel Junior Walker,219
Muscogee,Gallops,U.S. Senate,,Democrat,Raphael Warnock (I),678
Muscogee,Edgewood,U.S. Senate,,Republican,Herschel Junior Walker,392
Muscogee,Edgewood,U.S. Senate,,Democrat,Raphael Warnock (I),1039
Muscogee,Psalmond,U.S. Senate,,Republican,Herschel Junior Walker,1980
Muscogee,Psalmond,U.S. Senate,,Democrat,Raphael Warnock (I),2294
Newton,01-City Pond,U.S. Senate,,Republican,Herschel Junior Walker,236
Newton,01-City Pond,U.S. Senate,,Democrat,Raphael Warnock (I),425
Newton,02-Town,U.S. Senate,,Republican,Herschel Junior Walker,345
Newton,02-Town,U.S. Senate,,Democrat,Raphael Warnock (I),1267
Newton,03-Almon,U.S. Senate,,Republican,Herschel Junior Walker,417
Newton,03-Almon,U.S. Senate,,Democrat,Raphael Warnock (I),2018
Newton,04-Alcovy,U.S. Senate,,Republican,Herschel Junior Walker,1182
Newton,04-Alcovy,U.S. Senate,,Democrat,Raphael Warnock (I),1264
Newton,05-Covington Mills,U.S. Senate,,Republican,Herschel Junior Walker,613
Newton,05-Covington Mills,U.S. Senate,,Democrat,Raphael Warnock (I),868
Newton,06-Brewers,U.S. Senate,,Republican,Herschel Junior Walker,1312
Newton,06-Brewers,U.S. Senate,,Democrat,Raphael Warnock (I),582
Newton,07-Brick Store,U.S. Senate,,Republican,Herschel Junior Walker,1076
Newton,07-Brick Store,U.S. Senate,,Democrat,Raphael Warnock (I),493
Newton,08-Cedar Shoals,U.S. Senate,,Republican,Herschel Junior Walker,407
Newton,08-Cedar Shoals,U.S. Senate,,Democrat,Raphael Warnock (I),795
Newton,09-Livingston,U.S. Senate,,Republican,Herschel Junior Walker,417
Newton,09-Livingston,U.S. Senate,,Democrat,Raphael Warnock (I),1640
Newton,10-Downs,U.S. Senate,,Republican,Herschel Junior Walker,1181
Newton,10-Downs,U.S. Senate,,Democrat,Raphael Warnock (I),1879
Newton,12-Gum Creek,U.S. Senate,,Republican,Herschel Junior Walker,1577
Newton,12-Gum Creek,U.S. Senate,,Democrat,Raphael Warnock (I),828
Newton,13-Beaverdam,U.S. Senate,,Republican,Herschel Junior Walker,411
Newton,13-Beaverdam,U.S. Senate,,Democrat,Raphael Warnock (I),2074
Newton,14-Leguinn,U.S. Senate,,Republican,Herschel Junior Walker,858
Newton,14-Leguinn,U.S. Senate,,Democrat,Raphael Warnock (I),352
Newton,15-Mansfield,U.S. Senate,,Republican,Herschel Junior Walker,830
Newton,15-Mansfield,U.S. Senate,,Democrat,Raphael Warnock (I),135
Newton,16-Newborn,U.S. Senate,,Republican,Herschel Junior Walker,394
Newton,16-Newborn,U.S. Senate,,Democrat,Raphael Warnock (I),103
Newton,17-Oxford,U.S. Senate,,Republican,Herschel Junior Walker,788
Newton,17-Oxford,U.S. Senate,,Democrat,Raphael Warnock (I),444
Newton,18-Rocky Plains,U.S. Senate,,Republican,Herschel Junior Walker,804
Newton,18-Rocky Plains,U.S. Senate,,Democrat,Raphael Warnock (I),801
Newton,19-Buck Creek,U.S. Senate,,Republican,Herschel Junior Walker,834
Newton,19-Buck Creek,U.S. Senate,,Democrat,Raphael Warnock (I),1339
Newton,20-Stansells,U.S. Senate,,Republican,Herschel Junior Walker,457
Newton,20-Stansells,U.S. Senate,,Democrat,Raphael Warnock (I),1881
Newton,23-Fairview,U.S. Senate,,Republican,Herschel Junior Walker,125
Newton,23-Fairview,U.S. Senate,,Democrat,Raphael Warnock (I),1054
Newton,24-Crowell,U.S. Senate,,Republican,Herschel Junior Walker,190
Newton,24-Crowell,U.S. Senate,,Democrat,Raphael Warnock (I),1829
Newton,25-Hub,U.S. Senate,,Republican,Herschel Junior Walker,1181
Newton,25-Hub,U.S. Senate,,Democrat,Raphael Warnock (I),285
Oconee,City Hall,U.S. Senate,,Republican,Herschel Junior Walker,1487
Oconee,City Hall,U.S. Senate,,Democrat,Raphael Warnock (I),1050
Oconee,Colham Ferry,U.S. Senate,,Republican,Herschel Junior Walker,1630
Oconee,Colham Ferry,U.S. Senate,,Democrat,Raphael Warnock (I),652
Oconee,Bishop,U.S. Senate,,Republican,Herschel Junior Walker,1221
Oconee,Bishop,U.S. Senate,,Democrat,Raphael Warnock (I),574
Oconee,North Oconee,U.S. Senate,,Republican,Herschel Junior Walker,1526
Oconee,North Oconee,U.S. Senate,,Democrat,Raphael Warnock (I),527
Oconee,Dark Corner,U.S. Senate,,Republican,Herschel Junior Walker,1991
Oconee,Dark Corner,U.S. Senate,,Democrat,Raphael Warnock (I),555
Oconee,Bogart,U.S. Senate,,Republican,Herschel Junior Walker,974
Oconee,Bogart,U.S. Senate,,Democrat,Raphael Warnock (I),433
Oconee,Marswood Hall,U.S. Senate,,Republican,Herschel Junior Walker,1775
Oconee,Marswood Hall,U.S. Senate,,Democrat,Raphael Warnock (I),957
Oconee,Civic Center,U.S. Senate,,Republican,Herschel Junior Walker,2939
Oconee,Civic Center,U.S. Senate,,Democrat,Raphael Warnock (I),1852
Oglethorpe,Beaverdam,U.S. Senate,,Republican,Herschel Junior Walker,1420
Oglethorpe,Beaverdam,U.S. Senate,,Democrat,Raphael Warnock (I),626
Oglethorpe,Crawford,U.S. Senate,,Republican,Herschel Junior Walker,1132
Oglethorpe,Crawford,U.S. Senate,,Democrat,Raphael Warnock (I),542
Oglethorpe,Lexington,U.S. Senate,,Republican,Herschel Junior Walker,1788
Oglethorpe,Lexington,U.S. Senate,,Democrat,Raphael Warnock (I),749
Paulding,Burnt Hickory Park,U.S. Senate,,Republican,Herschel Junior Walker,2985
Paulding,Burnt Hickory Park,U.S. Senate,,Democrat,Raphael Warnock (I),732
Paulding,Crossroads Library,U.S. Senate,,Republican,Herschel Junior Walker,1598
Paulding,Crossroads Library,U.S. Senate,,Democrat,Raphael Warnock (I),697
Paulding,Shelton Elementary,U.S. Senate,,Republican,Herschel Junior Walker,1759
Paulding,Shelton Elementary,U.S. Senate,,Democrat,Raphael Warnock (I),1328
Paulding,Russom Elementary,U.S. Senate,,Republican,Herschel Junior Walker,3824
Paulding,Russom Elementary,U.S. Senate,,Democrat,Raphael Warnock (I),2239
Paulding,Paulding Sr Center,U.S. Senate,,Republican,Herschel Junior Walker,1790
Paulding,Paulding Sr Center,U.S. Senate,,Democrat,Raphael Warnock (I),1336
Paulding,Legacy Bapt Church,U.S. Senate,,Republican,Herschel Junior Walker,1224
Paulding,Legacy Bapt Church,U.S. Senate,,Democrat,Raphael Warnock (I),948
Paulding,Watson Govt Cmplx,U.S. Senate,,Republican,Herschel Junior Walker,2565
Paulding,Watson Govt Cmplx,U.S. Senate,,Democrat,Raphael Warnock (I),1962
Paulding,East Paulding Middle Sch,U.S. Senate,,Republican,Herschel Junior Walker,4355
Paulding,East Paulding Middle Sch,U.S. Senate,,Democrat,Raphael Warnock (I),2199
Paulding,Events Place,U.S. Senate,,Republican,Herschel Junior Walker,786
Paulding,Events Place,U.S. Senate,,Democrat,Raphael Warnock (I),1680
Paulding,Poplar Sprgs Bapt Church,U.S. Senate,,Republican,Herschel Junior Walker,902
Paulding,Poplar Sprgs Bapt Church,U.S. Senate,,Democrat,Raphael Warnock (I),1289
Paulding,D Wright Innovation Ctr,U.S. Senate,,Republican,Herschel Junior Walker,1851
Paulding,D Wright Innovation Ctr,U.S. Senate,,Democrat,Raphael Warnock (I),1386
Paulding,Taylor Farm Park,U.S. Senate,,Republican,Herschel Junior Walker,829
Paulding,Taylor Farm Park,U.S. Senate,,Democrat,Raphael Warnock (I),527
Paulding,Nebo Elem School,U.S. Senate,,Republican,Herschel Junior Walker,3326
Paulding,Nebo Elem School,U.S. Senate,,Democrat,Raphael Warnock (I),1427
Paulding,White Oak Park,U.S. Senate,,Republican,Herschel Junior Walker,1658
Paulding,White Oak Park,U.S. Senate,,Democrat,Raphael Warnock (I),1077
Paulding,Mulberry Rock Park,U.S. Senate,,Republican,Herschel Junior Walker,2625
Paulding,Mulberry Rock Park,U.S. Senate,,Democrat,Raphael Warnock (I),710
Paulding,Beulahland Baptist Church,U.S. Senate,,Republican,Herschel Junior Walker,966
Paulding,Beulahland Baptist Church,U.S. Senate,,Democrat,Raphael Warnock (I),253
Paulding,Paulding County Airport,U.S. Senate,,Republican,Herschel Junior Walker,1562
Paulding,Paulding County Airport,U.S. Senate,,Democrat,Raphael Warnock (I),478
Paulding,Dobbins Middle School,U.S. Senate,,Republican,Herschel Junior Walker,1783
Paulding,Dobbins Middle School,U.S. Senate,,Democrat,Raphael Warnock (I),2217
Peach,Byron #1,U.S. Senate,,Republican,Herschel Junior Walker,1058
Peach,Byron #1,U.S. Senate,,Democrat,Raphael Warnock (I),456
Peach,Byron #2,U.S. Senate,,Republican,Herschel Junior Walker,1656
Peach,Byron #2,U.S. Senate,,Democrat,Raphael Warnock (I),1101
Peach,Claude,U.S. Senate,,Republican,Herschel Junior Walker,433
Peach,Claude,U.S. Senate,,Democrat,Raphael Warnock (I),99
Peach,Fort Valley #1,U.S. Senate,,Republican,Herschel Junior Walker,444
Peach,Fort Valley #1,U.S. Senate,,Democrat,Raphael Warnock (I),782
Peach,Fort Valley #2,U.S. Senate,,Republican,Herschel Junior Walker,389
Peach,Fort Valley #2,U.S. Senate,,Democrat,Raphael Warnock (I),751
Peach,Fort Valley #3,U.S. Senate,,Republican,Herschel Junior Walker,198
Peach,Fort Valley #3,U.S. Senate,,Democrat,Raphael Warnock (I),994
Peach,Powersville,U.S. Senate,,Republican,Herschel Junior Walker,573
Peach,Powersville,U.S. Senate,,Democrat,Raphael Warnock (I),250
Pickens,Yellow Creek,U.S. Senate,,Republican,Herschel Junior Walker,1697
Pickens,Yellow Creek,U.S. Senate,,Democrat,Raphael Warnock (I),520
Pickens,Sharptop,U.S. Senate,,Republican,Herschel Junior Walker,1306
Pickens,Sharptop,U.S. Senate,,Democrat,Raphael Warnock (I),421
Pickens,Appalachian,U.S. Senate,,Republican,Herschel Junior Walker,864
Pickens,Appalachian,U.S. Senate,,Democrat,Raphael Warnock (I),193
Pickens,Refuge,U.S. Senate,,Republican,Herschel Junior Walker,1099
Pickens,Refuge,U.S. Senate,,Democrat,Raphael Warnock (I),186
Pickens,Hill City,U.S. Senate,,Republican,Herschel Junior Walker,994
Pickens,Hill City,U.S. Senate,,Democrat,Raphael Warnock (I),190
Pickens,Hinton,U.S. Senate,,Republican,Herschel Junior Walker,428
Pickens,Hinton,U.S. Senate,,Democrat,Raphael Warnock (I),46
Pickens,Jerusalem,U.S. Senate,,Republican,Herschel Junior Walker,613
Pickens,Jerusalem,U.S. Senate,,Democrat,Raphael Warnock (I),72
Pickens,Ludville,U.S. Senate,,Republican,Herschel Junior Walker,333
Pickens,Ludville,U.S. Senate,,Democrat,Raphael Warnock (I),36
Pickens,Nelson,U.S. Senate,,Republican,Herschel Junior Walker,628
Pickens,Nelson,U.S. Senate,,Democrat,Raphael Warnock (I),116
Pickens,Talking Rock,U.S. Senate,,Republican,Herschel Junior Walker,855
Pickens,Talking Rock,U.S. Senate,,Democrat,Raphael Warnock (I),115
Pickens,Jasper,U.S. Senate,,Republican,Herschel Junior Walker,993
Pickens,Jasper,U.S. Senate,,Democrat,Raphael Warnock (I),284
Pickens,Tate,U.S. Senate,,Republican,Herschel Junior Walker,1176
Pickens,Tate,U.S. Senate,,Democrat,Raphael Warnock (I),176
Pierce,Hacklebarney/Cason,U.S. Senate,,Republican,Herschel Junior Walker,1306
Pierce,Hacklebarney/Cason,U.S. Senate,,Democrat,Raphael Warnock (I),335
Pierce,Blackshear,U.S. Senate,,Republican,Herschel Junior Walker,1463
Pierce,Blackshear,U.S. Senate,,Democrat,Raphael Warnock (I),147
Pierce,St. Johns/Blackshear,U.S. Senate,,Republican,Herschel Junior Walker,661
Pierce,St. Johns/Blackshear,U.S. Senate,,Democrat,Raphael Warnock (I),55
Pierce,Otter Creek,U.S. Senate,,Republican,Herschel Junior Walker,801
Pierce,Otter Creek,U.S. Senate,,Democrat,Raphael Warnock (I),69
Pierce,Patterson,U.S. Senate,,Republican,Herschel Junior Walker,525
Pierce,Patterson,U.S. Senate,,Democrat,Raphael Warnock (I),88
Pierce,Mershon,U.S. Senate,,Republican,Herschel Junior Walker,257
Pierce,Mershon,U.S. Senate,,Democrat,Raphael Warnock (I),15
Pierce,Alabaha,U.S. Senate,,Republican,Herschel Junior Walker,549
Pierce,Alabaha,U.S. Senate,,Democrat,Raphael Warnock (I),52
Pierce,Sunset/Sweat,U.S. Senate,,Republican,Herschel Junior Walker,367
Pierce,Sunset/Sweat,U.S. Senate,,Democrat,Raphael Warnock (I),10
Pike,Concord,U.S. Senate,,Republican,Herschel Junior Walker,736
Pike,Concord,U.S. Senate,,Democrat,Raphael Warnock (I),164
Pike,Hollonville,U.S. Senate,,Republican,Herschel Junior Walker,1079
Pike,Hollonville,U.S. Senate,,Democrat,Raphael Warnock (I),120
Pike,Meansville,U.S. Senate,,Republican,Herschel Junior Walker,724
Pike,Meansville,U.S. Senate,,Democrat,Raphael Warnock (I),92
Pike,Molena,U.S. Senate,,Republican,Herschel Junior Walker,796
Pike,Molena,U.S. Senate,,Democrat,Raphael Warnock (I),148
Pike,Second District,U.S. Senate,,Republican,Herschel Junior Walker,1464
Pike,Second District,U.S. Senate,,Democrat,Raphael Warnock (I),176
Pike,Lifsey Springs,U.S. Senate,,Republican,Herschel Junior Walker,640
Pike,Lifsey Springs,U.S. Senate,,Democrat,Raphael Warnock (I),81
Pike,Williamson,U.S. Senate,,Republican,Herschel Junior Walker,1047
Pike,Williamson,U.S. Senate,,Democrat,Raphael Warnock (I),134
Pike,Zebulon,U.S. Senate,,Republican,Herschel Junior Walker,972
Pike,Zebulon,U.S. Senate,,Democrat,Raphael Warnock (I),270
Polk,Aragon,U.S. Senate,,Republican,Herschel Junior Walker,1365
Polk,Aragon,U.S. Senate,,Democrat,Raphael Warnock (I),248
Polk,Blooming Grove,U.S. Senate,,Republican,Herschel Junior Walker,687
Polk,Blooming Grove,U.S. Senate,,Democrat,Raphael Warnock (I),126
Polk,Cedartown,U.S. Senate,,Republican,Herschel Junior Walker,1833
Polk,Cedartown,U.S. Senate,,Democrat,Raphael Warnock (I),845
Polk,Fish Creek,U.S. Senate,,Republican,Herschel Junior Walker,1157
Polk,Fish Creek,U.S. Senate,,Democrat,Raphael Warnock (I),202
Polk,Lake Creek,U.S. Senate,,Republican,Herschel Junior Walker,1340
Polk,Lake Creek,U.S. Senate,,Democrat,Raphael Warnock (I),217
Polk,Rockmart,U.S. Senate,,Republican,Herschel Junior Walker,2204
Polk,Rockmart,U.S. Senate,,Democrat,Raphael Warnock (I),717
Polk,Youngs Grove,U.S. Senate,,Republican,Herschel Junior Walker,920
Polk,Youngs Grove,U.S. Senate,,Democrat,Raphael Warnock (I),116
Pulaski,Annex,U.S. Senate,,Republican,Herschel Junior Walker,2205
Pulaski,Annex,U.S. Senate,,Democrat,Raphael Warnock (I),986
Putnam,101,U.S. Senate,,Republican,Herschel Junior Walker,892
Putnam,101,U.S. Senate,,Democrat,Raphael Warnock (I),745
Putnam,104,U.S. Senate,,Republican,Herschel Junior Walker,945
Putnam,104,U.S. Senate,,Democrat,Raphael Warnock (I),859
Putnam,105,U.S. Senate,,Republican,Herschel Junior Walker,2055
Putnam,105,U.S. Senate,,Democrat,Raphael Warnock (I),440
Putnam,106,U.S. Senate,,Republican,Herschel Junior Walker,738
Putnam,106,U.S. Senate,,Democrat,Raphael Warnock (I),142
Putnam,107,U.S. Senate,,Republican,Herschel Junior Walker,1964
Putnam,107,U.S. Senate,,Democrat,Raphael Warnock (I),510
Quitman,Georgetown,U.S. Senate,,Republican,Herschel Junior Walker,450
Quitman,Georgetown,U.S. Senate,,Democrat,Raphael Warnock (I),305
Quitman,Morris,U.S. Senate,,Republican,Herschel Junior Walker,27
Quitman,Morris,U.S. Senate,,Democrat,Raphael Warnock (I),25
Rabun,Rabun County,U.S. Senate,,Republican,Herschel Junior Walker,5742
Rabun,Rabun County,U.S. Senate,,Democrat,Raphael Warnock (I),1706
Randolph,Coleman,U.S. Senate,,Republican,Herschel Junior Walker,88
Randolph,Coleman,U.S. Senate,,Democrat,Raphael Warnock (I),62
Randolph,Shellman,U.S. Senate,,Republican,Herschel Junior Walker,251
Randolph,Shellman,U.S. Senate,,Democrat,Raphael Warnock (I),258
Randolph,Benevolence,U.S. Senate,,Republican,Herschel Junior Walker,91
Randolph,Benevolence,U.S. Senate,,Democrat,Raphael Warnock (I),51
Randolph,Cuthbert-Courthouse,U.S. Senate,,Republican,Herschel Junior Walker,577
Randolph,Cuthbert-Courthouse,U.S. Senate,,Democrat,Raphael Warnock (I),714
Randolph,Cuthbert,U.S. Senate,,Republican,Herschel Junior Walker,6
Randolph,Cuthbert,U.S. Senate,,Democrat,Raphael Warnock (I),153
Randolph,Springvale,U.S. Senate,,Republican,Herschel Junior Walker,45
Randolph,Springvale,U.S. Senate,,Democrat,Raphael Warnock (I),113
Richmond,101,U.S. Senate,,Republican,Herschel Junior Walker,318
Richmond,101,U.S. Senate,,Democrat,Raphael Warnock (I),374
Richmond,102,U.S. Senate,,Republican,Herschel Junior Walker,106
Richmond,102,U.S. Senate,,Democrat,Raphael Warnock (I),267
Richmond,103,U.S. Senate,,Republican,Herschel Junior Walker,11
Richmond,103,U.S. Senate,,Democrat,Raphael Warnock (I),480
Richmond,104,U.S. Senate,,Republican,Herschel Junior Walker,70
Richmond,104,U.S. Senate,,Democrat,Raphael Warnock (I),977
Richmond,105,U.S. Senate,,Republican,Herschel Junior Walker,13
Richmond,105,U.S. Senate,,Democrat,Raphael Warnock (I),371
Richmond,106,U.S. Senate,,Republican,Herschel Junior Walker,79
Richmond,106,U.S. Senate,,Democrat,Raphael Warnock (I),200
Richmond,107,U.S. Senate,,Republican,Herschel Junior Walker,407
Richmond,107,U.S. Senate,,Democrat,Raphael Warnock (I),533
Richmond,108,U.S. Senate,,Republican,Herschel Junior Walker,24
Richmond,108,U.S. Senate,,Democrat,Raphael Warnock (I),206
Richmond,109,U.S. Senate,,Republican,Herschel Junior Walker,10
Richmond,109,U.S. Senate,,Democrat,Raphael Warnock (I),155
Richmond,110,U.S. Senate,,Republican,Herschel Junior Walker,13
Richmond,110,U.S. Senate,,Democrat,Raphael Warnock (I),485
Richmond,111,U.S. Senate,,Republican,Herschel Junior Walker,105
Richmond,111,U.S. Senate,,Democrat,Raphael Warnock (I),466
Richmond,112,U.S. Senate,,Republican,Herschel Junior Walker,145
Richmond,112,U.S. Senate,,Democrat,Raphael Warnock (I),429
Richmond,115,U.S. Senate,,Republican,Herschel Junior Walker,71
Richmond,115,U.S. Senate,,Democrat,Raphael Warnock (I),94
Richmond,201,U.S. Senate,,Republican,Herschel Junior Walker,205
Richmond,201,U.S. Senate,,Democrat,Raphael Warnock (I),602
Richmond,202,U.S. Senate,,Republican,Herschel Junior Walker,419
Richmond,202,U.S. Senate,,Democrat,Raphael Warnock (I),1159
Richmond,203,U.S. Senate,,Republican,Herschel Junior Walker,11
Richmond,203,U.S. Senate,,Democrat,Raphael Warnock (I),329
Richmond,204,U.S. Senate,,Republican,Herschel Junior Walker,335
Richmond,204,U.S. Senate,,Democrat,Raphael Warnock (I),426
Richmond,207,U.S. Senate,,Republican,Herschel Junior Walker,70
Richmond,207,U.S. Senate,,Democrat,Raphael Warnock (I),748
Richmond,208,U.S. Senate,,Republican,Herschel Junior Walker,140
Richmond,208,U.S. Senate,,Democrat,Raphael Warnock (I),770
Richmond,210,U.S. Senate,,Republican,Herschel Junior Walker,87
Richmond,210,U.S. Senate,,Democrat,Raphael Warnock (I),564
Richmond,301,U.S. Senate,,Republican,Herschel Junior Walker,672
Richmond,301,U.S. Senate,,Democrat,Raphael Warnock (I),433
Richmond,302,U.S. Senate,,Republican,Herschel Junior Walker,89
Richmond,302,U.S. Senate,,Democrat,Raphael Warnock (I),222
Richmond,303,U.S. Senate,,Republican,Herschel Junior Walker,646
Richmond,303,U.S. Senate,,Democrat,Raphael Warnock (I),264
Richmond,304,U.S. Senate,,Republican,Herschel Junior Walker,263
Richmond,304,U.S. Senate,,Democrat,Raphael Warnock (I),160
Richmond,306,U.S. Senate,,Republican,Herschel Junior Walker,513
Richmond,306,U.S. Senate,,Democrat,Raphael Warnock (I),1166
Richmond,307,U.S. Senate,,Republican,Herschel Junior Walker,529
Richmond,307,U.S. Senate,,Democrat,Raphael Warnock (I),361
Richmond,308,U.S. Senate,,Republican,Herschel Junior Walker,87
Richmond,308,U.S. Senate,,Democrat,Raphael Warnock (I),134
Richmond,310,U.S. Senate,,Republican,Herschel Junior Walker,477
Richmond,310,U.S. Senate,,Democrat,Raphael Warnock (I),2322
Richmond,401,U.S. Senate,,Republican,Herschel Junior Walker,24
Richmond,401,U.S. Senate,,Democrat,Raphael Warnock (I),632
Richmond,402,U.S. Senate,,Republican,Herschel Junior Walker,78
Richmond,402,U.S. Senate,,Democrat,Raphael Warnock (I),941
Richmond,403,U.S. Senate,,Republican,Herschel Junior Walker,126
Richmond,403,U.S. Senate,,Democrat,Raphael Warnock (I),883
Richmond,405,U.S. Senate,,Republican,Herschel Junior Walker,202
Richmond,405,U.S. Senate,,Democrat,Raphael Warnock (I),2796
Richmond,406,U.S. Senate,,Republican,Herschel Junior Walker,109
Richmond,406,U.S. Senate,,Democrat,Raphael Warnock (I),1645
Richmond,501,U.S. Senate,,Republican,Herschel Junior Walker,123
Richmond,501,U.S. Senate,,Democrat,Raphael Warnock (I),1310
Richmond,502,U.S. Senate,,Republican,Herschel Junior Walker,99
Richmond,502,U.S. Senate,,Democrat,Raphael Warnock (I),987
Richmond,503,U.S. Senate,,Republican,Herschel Junior Walker,151
Richmond,503,U.S. Senate,,Democrat,Raphael Warnock (I),749
Richmond,504,U.S. Senate,,Republican,Herschel Junior Walker,717
Richmond,504,U.S. Senate,,Democrat,Raphael Warnock (I),794
Richmond,505,U.S. Senate,,Republican,Herschel Junior Walker,70
Richmond,505,U.S. Senate,,Democrat,Raphael Warnock (I),600
Richmond,506,U.S. Senate,,Republican,Herschel Junior Walker,184
Richmond,506,U.S. Senate,,Democrat,Raphael Warnock (I),1620
Richmond,507,U.S. Senate,,Republican,Herschel Junior Walker,80
Richmond,507,U.S. Senate,,Democrat,Raphael Warnock (I),320
Richmond,601,U.S. Senate,,Republican,Herschel Junior Walker,354
Richmond,601,U.S. Senate,,Democrat,Raphael Warnock (I),1125
Richmond,602,U.S. Senate,,Republican,Herschel Junior Walker,31
Richmond,602,U.S. Senate,,Democrat,Raphael Warnock (I),243
Richmond,604,U.S. Senate,,Republican,Herschel Junior Walker,202
Richmond,604,U.S. Senate,,Democrat,Raphael Warnock (I),483
Richmond,605,U.S. Senate,,Republican,Herschel Junior Walker,487
Richmond,605,U.S. Senate,,Democrat,Raphael Warnock (I),1134
Richmond,606,U.S. Senate,,Republican,Herschel Junior Walker,70
Richmond,606,U.S. Senate,,Democrat,Raphael Warnock (I),679
Richmond,607,U.S. Senate,,Republican,Herschel Junior Walker,102
Richmond,607,U.S. Senate,,Democrat,Raphael Warnock (I),1913
Richmond,608,U.S. Senate,,Republican,Herschel Junior Walker,65
Richmond,608,U.S. Senate,,Democrat,Raphael Warnock (I),31
Richmond,701,U.S. Senate,,Republican,Herschel Junior Walker,893
Richmond,701,U.S. Senate,,Democrat,Raphael Warnock (I),556
Richmond,702,U.S. Senate,,Republican,Herschel Junior Walker,460
Richmond,702,U.S. Senate,,Democrat,Raphael Warnock (I),335
Richmond,703,U.S. Senate,,Republican,Herschel Junior Walker,612
Richmond,703,U.S. Senate,,Democrat,Raphael Warnock (I),881
Richmond,704,U.S. Senate,,Republican,Herschel Junior Walker,228
Richmond,704,U.S. Senate,,Democrat,Raphael Warnock (I),85
Richmond,705,U.S. Senate,,Republican,Herschel Junior Walker,694
Richmond,705,U.S. Senate,,Democrat,Raphael Warnock (I),548
Richmond,706,U.S. Senate,,Republican,Herschel Junior Walker,1189
Richmond,706,U.S. Senate,,Democrat,Raphael Warnock (I),779
Richmond,707,U.S. Senate,,Republican,Herschel Junior Walker,445
Richmond,707,U.S. Senate,,Democrat,Raphael Warnock (I),677
Richmond,708,U.S. Senate,,Republican,Herschel Junior Walker,118
Richmond,708,U.S. Senate,,Democrat,Raphael Warnock (I),80
Richmond,709,U.S. Senate,,Republican,Herschel Junior Walker,144
Richmond,709,U.S. Senate,,Democrat,Raphael Warnock (I),171
Richmond,801,U.S. Senate,,Republican,Herschel Junior Walker,69
Richmond,801,U.S. Senate,,Democrat,Raphael Warnock (I),18
Richmond,801B,U.S. Senate,,Republican,Herschel Junior Walker,189
Richmond,801B,U.S. Senate,,Democrat,Raphael Warnock (I),79
Richmond,802,U.S. Senate,,Republican,Herschel Junior Walker,896
Richmond,802,U.S. Senate,,Democrat,Raphael Warnock (I),548
Richmond,803,U.S. Senate,,Republican,Herschel Junior Walker,9
Richmond,803,U.S. Senate,,Democrat,Raphael Warnock (I),18
Richmond,804,U.S. Senate,,Republican,Herschel Junior Walker,363
Richmond,804,U.S. Senate,,Democrat,Raphael Warnock (I),541
Richmond,804H,U.S. Senate,,Republican,Herschel Junior Walker,690
Richmond,804H,U.S. Senate,,Democrat,Raphael Warnock (I),755
Richmond,805,U.S. Senate,,Republican,Herschel Junior Walker,120
Richmond,805,U.S. Senate,,Democrat,Raphael Warnock (I),290
Richmond,806,U.S. Senate,,Republican,Herschel Junior Walker,720
Richmond,806,U.S. Senate,,Democrat,Raphael Warnock (I),542
Richmond,807,U.S. Senate,,Republican,Herschel Junior Walker,150
Richmond,807,U.S. Senate,,Democrat,Raphael Warnock (I),483
Richmond,808,U.S. Senate,,Republican,Herschel Junior Walker,574
Richmond,808,U.S. Senate,,Democrat,Raphael Warnock (I),646
Richmond,810,U.S. Senate,,Republican,Herschel Junior Walker,146
Richmond,810,U.S. Senate,,Democrat,Raphael Warnock (I),134
Richmond,811,U.S. Senate,,Republican,Herschel Junior Walker,116
Richmond,811,U.S. Senate,,Democrat,Raphael Warnock (I),64
Rockdale,BA,U.S. Senate,,Republican,Herschel Junior Walker,743
Rockdale,BA,U.S. Senate,,Democrat,Raphael Warnock (I),1794
Rockdale,BT,U.S. Senate,,Republican,Herschel Junior Walker,1096
Rockdale,BT,U.S. Senate,,Democrat,Raphael Warnock (I),821
Rockdale,CO,U.S. Senate,,Republican,Herschel Junior Walker,241
Rockdale,CO,U.S. Senate,,Democrat,Raphael Warnock (I),1201
Rockdale,FI,U.S. Senate,,Republican,Herschel Junior Walker,300
Rockdale,FI,U.S. Senate,,Democrat,Raphael Warnock (I),2620
Rockdale,FS,U.S. Senate,,Republican,Herschel Junior Walker,338
Rockdale,FS,U.S. Senate,,Democrat,Raphael Warnock (I),1685
Rockdale,HC,U.S. Senate,,Republican,Herschel Junior Walker,436
Rockdale,HC,U.S. Senate,,Democrat,Raphael Warnock (I),758
Rockdale,HI,U.S. Senate,,Republican,Herschel Junior Walker,514
Rockdale,HI,U.S. Senate,,Democrat,Raphael Warnock (I),1296
Rockdale,LA,U.S. Senate,,Republican,Herschel Junior Walker,190
Rockdale,LA,U.S. Senate,,Democrat,Raphael Warnock (I),636
Rockdale,LO,U.S. Senate,,Republican,Herschel Junior Walker,798
Rockdale,LO,U.S. Senate,,Democrat,Raphael Warnock (I),1490
Rockdale,MA,U.S. Senate,,Republican,Herschel Junior Walker,604
Rockdale,MA,U.S. Senate,,Democrat,Raphael Warnock (I),974
Rockdale,MI,U.S. Senate,,Republican,Herschel Junior Walker,296
Rockdale,MI,U.S. Senate,,Democrat,Raphael Warnock (I),1525
Rockdale,OT,U.S. Senate,,Republican,Herschel Junior Walker,236
Rockdale,OT,U.S. Senate,,Democrat,Raphael Warnock (I),2204
Rockdale,RO,U.S. Senate,,Republican,Herschel Junior Walker,535
Rockdale,RO,U.S. Senate,,Democrat,Raphael Warnock (I),1914
Rockdale,SM,U.S. Senate,,Republican,Herschel Junior Walker,456
Rockdale,SM,U.S. Senate,,Democrat,Raphael Warnock (I),1788
Rockdale,SP,U.S. Senate,,Republican,Herschel Junior Walker,428
Rockdale,SP,U.S. Senate,,Democrat,Raphael Warnock (I),2018
Rockdale,ST,U.S. Senate,,Republican,Herschel Junior Walker,541
Rockdale,ST,U.S. Senate,,Democrat,Raphael Warnock (I),1153
Schley,Precinct One,U.S. Senate,,Republican,Herschel Junior Walker,1380
Schley,Precinct One,U.S. Senate,,Democrat,Raphael Warnock (I),346
Screven,Sylvania,U.S. Senate,,Republican,Herschel Junior Walker,304
Screven,Sylvania,U.S. Senate,,Democrat,Raphael Warnock (I),282
Screven,Hunters,U.S. Senate,,Republican,Herschel Junior Walker,166
Screven,Hunters,U.S. Senate,,Democrat,Raphael Warnock (I),74
Screven,Newington,U.S. Senate,,Republican,Herschel Junior Walker,383
Screven,Newington,U.S. Senate,,Democrat,Raphael Warnock (I),193
Screven,Jenk Hill Fire Sta,U.S. Senate,,Republican,Herschel Junior Walker,307
Screven,Jenk Hill Fire Sta,U.S. Senate,,Democrat,Raphael Warnock (I),298
Screven,Rocky Ford,U.S. Senate,,Republican,Herschel Junior Walker,237
Screven,Rocky Ford,U.S. Senate,,Democrat,Raphael Warnock (I),81
Screven,Bay Branch,U.S. Senate,,Republican,Herschel Junior Walker,463
Screven,Bay Branch,U.S. Senate,,Democrat,Raphael Warnock (I),85
Screven,Hiltonia,U.S. Senate,,Republican,Herschel Junior Walker,250
Screven,Hiltonia,U.S. Senate,,Democrat,Raphael Warnock (I),191
Screven,Screven Rec Dept,U.S. Senate,,Republican,Herschel Junior Walker,97
Screven,Screven Rec Dept,U.S. Senate,,Democrat,Raphael Warnock (I),104
Screven,Greenhill Church,U.S. Senate,,Republican,Herschel Junior Walker,381
Screven,Greenhill Church,U.S. Senate,,Democrat,Raphael Warnock (I),91
Screven,Sr Citizens Center,U.S. Senate,,Republican,Herschel Junior Walker,216
Screven,Sr Citizens Center,U.S. Senate,,Democrat,Raphael Warnock (I),371
Screven,Jackson Fire Station,U.S. Senate,,Republican,Herschel Junior Walker,141
Screven,Jackson Fire Station,U.S. Senate,,Democrat,Raphael Warnock (I),55
Screven,Cooperville Fire Station,U.S. Senate,,Republican,Herschel Junior Walker,42
Screven,Cooperville Fire Station,U.S. Senate,,Democrat,Raphael Warnock (I),85
Seminole,Precinct 1,U.S. Senate,,Republican,Herschel Junior Walker,490
Seminole,Precinct 1,U.S. Senate,,Democrat,Raphael Warnock (I),128
Seminole,Precinct 2,U.S. Senate,,Republican,Herschel Junior Walker,353
Seminole,Precinct 2,U.S. Senate,,Democrat,Raphael Warnock (I),190
Seminole,Precinct 3,U.S. Senate,,Republican,Herschel Junior Walker,56
Seminole,Precinct 3,U.S. Senate,,Democrat,Raphael Warnock (I),311
Seminole,Precinct 4,U.S. Senate,,Republican,Herschel Junior Walker,447
Seminole,Precinct 4,U.S. Senate,,Democrat,Raphael Warnock (I),101
Seminole,Precinct 5,U.S. Senate,,Republican,Herschel Junior Walker,609
Seminole,Precinct 5,U.S. Senate,,Democrat,Raphael Warnock (I),63
Spalding,01,U.S. Senate,,Republican,Herschel Junior Walker,50
Spalding,01,U.S. Senate,,Democrat,Raphael Warnock (I),489
Spalding,02,U.S. Senate,,Republican,Herschel Junior Walker,56
Spalding,02,U.S. Senate,,Democrat,Raphael Warnock (I),558
Spalding,03,U.S. Senate,,Republican,Herschel Junior Walker,1083
Spalding,03,U.S. Senate,,Democrat,Raphael Warnock (I),451
Spalding,05,U.S. Senate,,Republican,Herschel Junior Walker,495
Spalding,05,U.S. Senate,,Democrat,Raphael Warnock (I),887
Spalding,06,U.S. Senate,,Republican,Herschel Junior Walker,166
Spalding,06,U.S. Senate,,Democrat,Raphael Warnock (I),597
Spalding,07,U.S. Senate,,Republican,Herschel Junior Walker,706
Spalding,07,U.S. Senate,,Democrat,Raphael Warnock (I),293
Spalding,08,U.S. Senate,,Republican,Herschel Junior Walker,684
Spalding,08,U.S. Senate,,Democrat,Raphael Warnock (I),290
Spalding,09,U.S. Senate,,Republican,Herschel Junior Walker,777
Spalding,09,U.S. Senate,,Democrat,Raphael Warnock (I),140
Spalding,10,U.S. Senate,,Republican,Herschel Junior Walker,626
Spalding,10,U.S. Senate,,Democrat,Raphael Warnock (I),383
Spalding,11,U.S. Senate,,Republican,Herschel Junior Walker,877
Spalding,11,U.S. Senate,,Democrat,Raphael Warnock (I),513
Spalding,12,U.S. Senate,,Republican,Herschel Junior Walker,954
Spalding,12,U.S. Senate,,Democrat,Raphael Warnock (I),213
Spalding,13,U.S. Senate,,Republican,Herschel Junior Walker,1004
Spalding,13,U.S. Senate,,Democrat,Raphael Warnock (I),191
Spalding,14,U.S. Senate,,Republican,Herschel Junior Walker,543
Spalding,14,U.S. Senate,,Democrat,Raphael Warnock (I),242
Spalding,16,U.S. Senate,,Republican,Herschel Junior Walker,485
Spalding,16,U.S. Senate,,Democrat,Raphael Warnock (I),1255
Spalding,17,U.S. Senate,,Republican,Herschel Junior Walker,479
Spalding,17,U.S. Senate,,Democrat,Raphael Warnock (I),284
Spalding,19,U.S. Senate,,Republican,Herschel Junior Walker,922
Spalding,19,U.S. Senate,,Democrat,Raphael Warnock (I),426
Spalding,20,U.S. Senate,,Republican,Herschel Junior Walker,910
Spalding,20,U.S. Senate,,Democrat,Raphael Warnock (I),193
Spalding,21,U.S. Senate,,Republican,Herschel Junior Walker,1808
Spalding,21,U.S. Senate,,Democrat,Raphael Warnock (I),1497
Stephens,Senior Center,U.S. Senate,,Republican,Herschel Junior Walker,6702
Stephens,Senior Center,U.S. Senate,,Democrat,Raphael Warnock (I),1662
Stewart,Richland,U.S. Senate,,Republican,Herschel Junior Walker,229
Stewart,Richland,U.S. Senate,,Democrat,Raphael Warnock (I),391
Stewart,Louvale,U.S. Senate,,Republican,Herschel Junior Walker,61
Stewart,Louvale,U.S. Senate,,Democrat,Raphael Warnock (I),100
Stewart,Lumpkin,U.S. Senate,,Republican,Herschel Junior Walker,203
Stewart,Lumpkin,U.S. Senate,,Democrat,Raphael Warnock (I),360
Stewart,Omaha,U.S. Senate,,Republican,Herschel Junior Walker,41
Stewart,Omaha,U.S. Senate,,Democrat,Raphael Warnock (I),48
Sumter,Agri-Center,U.S. Senate,,Republican,Herschel Junior Walker,609
Sumter,Agri-Center,U.S. Senate,,Democrat,Raphael Warnock (I),458
Sumter,Airport,U.S. Senate,,Republican,Herschel Junior Walker,543
Sumter,Airport,U.S. Senate,,Democrat,Raphael Warnock (I),447
Sumter,Andersonville,U.S. Senate,,Republican,Herschel Junior Walker,183
Sumter,Andersonville,U.S. Senate,,Democrat,Raphael Warnock (I),59
Sumter,Browns Mill,U.S. Senate,,Republican,Herschel Junior Walker,391
Sumter,Browns Mill,U.S. Senate,,Democrat,Raphael Warnock (I),193
Sumter,Concord,U.S. Senate,,Republican,Herschel Junior Walker,216
Sumter,Concord,U.S. Senate,,Democrat,Raphael Warnock (I),27
Sumter,JROTC,U.S. Senate,,Republican,Herschel Junior Walker,744
Sumter,JROTC,U.S. Senate,,Democrat,Raphael Warnock (I),715
Sumter,Leslie,U.S. Senate,,Republican,Herschel Junior Walker,644
Sumter,Leslie,U.S. Senate,,Democrat,Raphael Warnock (I),353
Sumter,Plains,U.S. Senate,,Republican,Herschel Junior Walker,295
Sumter,Plains,U.S. Senate,,Democrat,Raphael Warnock (I),291
Sumter,Rec Dept,U.S. Senate,,Republican,Herschel Junior Walker,187
Sumter,Rec Dept,U.S. Senate,,Democrat,Raphael Warnock (I),1021
Sumter,Rees Park,U.S. Senate,,Republican,Herschel Junior Walker,218
Sumter,Rees Park,U.S. Senate,,Democrat,Raphael Warnock (I),918
Sumter,Thompson,U.S. Senate,,Republican,Herschel Junior Walker,173
Sumter,Thompson,U.S. Senate,,Democrat,Raphael Warnock (I),167
Talbot,ONeal,U.S. Senate,,Republican,Herschel Junior Walker,151
Talbot,ONeal,U.S. Senate,,Democrat,Raphael Warnock (I),154
Talbot,Valley,U.S. Senate,,Republican,Herschel Junior Walker,223
Talbot,Valley,U.S. Senate,,Democrat,Raphael Warnock (I),216
Talbot,Junction City,U.S. Senate,,Republican,Herschel Junior Walker,92
Talbot,Junction City,U.S. Senate,,Democrat,Raphael Warnock (I),133
Talbot,Geneva,U.S. Senate,,Republican,Herschel Junior Walker,116
Talbot,Geneva,U.S. Senate,,Democrat,Raphael Warnock (I),162
Talbot,Talbotton,U.S. Senate,,Republican,Herschel Junior Walker,93
Talbot,Talbotton,U.S. Senate,,Democrat,Raphael Warnock (I),429
Talbot,Box Springs,U.S. Senate,,Republican,Herschel Junior Walker,153
Talbot,Box Springs,U.S. Senate,,Democrat,Raphael Warnock (I),104
Talbot,Flint Hill,U.S. Senate,,Republican,Herschel Junior Walker,233
Talbot,Flint Hill,U.S. Senate,,Democrat,Raphael Warnock (I),407
Taliaferro,Sharon,U.S. Senate,,Republican,Herschel Junior Walker,68
Taliaferro,Sharon,U.S. Senate,,Democrat,Raphael Warnock (I),85
Taliaferro,Crawfordville,U.S. Senate,,Republican,Herschel Junior Walker,216
Taliaferro,Crawfordville,U.S. Senate,,Democrat,Raphael Warnock (I),346
Tattnall,Cobbtown,U.S. Senate,,Republican,Herschel Junior Walker,318
Tattnall,Cobbtown,U.S. Senate,,Democrat,Raphael Warnock (I),75
Tattnall,Collins,U.S. Senate,,Republican,Herschel Junior Walker,608
Tattnall,Collins,U.S. Senate,,Democrat,Raphael Warnock (I),181
Tattnall,District II,U.S. Senate,,Republican,Herschel Junior Walker,725
Tattnall,District II,U.S. Senate,,Democrat,Raphael Warnock (I),383
Tattnall,District IV,U.S. Senate,,Republican,Herschel Junior Walker,970
Tattnall,District IV,U.S. Senate,,Democrat,Raphael Warnock (I),371
Tattnall,District V,U.S. Senate,,Republican,Herschel Junior Walker,519
Tattnall,District V,U.S. Senate,,Democrat,Raphael Warnock (I),46
Tattnall,East Glennville,U.S. Senate,,Republican,Herschel Junior Walker,1022
Tattnall,East Glennville,U.S. Senate,,Democrat,Raphael Warnock (I),226
Tattnall,Manassas,U.S. Senate,,Republican,Herschel Junior Walker,174
Tattnall,Manassas,U.S. Senate,,Democrat,Raphael Warnock (I),59
Tattnall,Shiloh,U.S. Senate,,Republican,Herschel Junior Walker,226
Tattnall,Shiloh,U.S. Senate,,Democrat,Raphael Warnock (I),99
Taylor,Precinct 1,U.S. Senate,,Republican,Herschel Junior Walker,100
Taylor,Precinct 1,U.S. Senate,,Democrat,Raphael Warnock (I),443
Taylor,Precinct 5,U.S. Senate,,Republican,Herschel Junior Walker,1039
Taylor,Precinct 5,U.S. Senate,,Democrat,Raphael Warnock (I),223
Taylor,Precinct 6,U.S. Senate,,Republican,Herschel Junior Walker,740
Taylor,Precinct 6,U.S. Senate,,Democrat,Raphael Warnock (I),459
Telfair,Helena,U.S. Senate,,Republican,Herschel Junior Walker,328
Telfair,Helena,U.S. Senate,,Democrat,Raphael Warnock (I),160
Telfair,Jacksonville,U.S. Senate,,Republican,Herschel Junior Walker,278
Telfair,Jacksonville,U.S. Senate,,Democrat,Raphael Warnock (I),80
Telfair,Lumber-City,U.S. Senate,,Republican,Herschel Junior Walker,296
Telfair,Lumber-City,U.S. Senate,,Democrat,Raphael Warnock (I),182
Telfair,McRae,U.S. Senate,,Republican,Herschel Junior Walker,680
Telfair,McRae,U.S. Senate,,Democrat,Raphael Warnock (I),525
Telfair,Milan,U.S. Senate,,Republican,Herschel Junior Walker,443
Telfair,Milan,U.S. Senate,,Democrat,Raphael Warnock (I),52
Telfair,Scotland,U.S. Senate,,Republican,Herschel Junior Walker,157
Telfair,Scotland,U.S. Senate,,Democrat,Raphael Warnock (I),38
Terrell,Dawson,U.S. Senate,,Republican,Herschel Junior Walker,318
Terrell,Dawson,U.S. Senate,,Democrat,Raphael Warnock (I),1069
Terrell,Sasser,U.S. Senate,,Republican,Herschel Junior Walker,520
Terrell,Sasser,U.S. Senate,,Democrat,Raphael Warnock (I),235
Terrell,Bronwood,U.S. Senate,,Republican,Herschel Junior Walker,240
Terrell,Bronwood,U.S. Senate,,Democrat,Raphael Warnock (I),210
Terrell,Parrott,U.S. Senate,,Republican,Herschel Junior Walker,168
Terrell,Parrott,U.S. Senate,,Democrat,Raphael Warnock (I),101
Terrell,Graves,U.S. Senate,,Republican,Herschel Junior Walker,225
Terrell,Graves,U.S. Senate,,Democrat,Raphael Warnock (I),94
Terrell,Herod-Dover,U.S. Senate,,Republican,Herschel Junior Walker,100
Terrell,Herod-Dover,U.S. Senate,,Democrat,Raphael Warnock (I),68
Thomas,Barwick,U.S. Senate,,Republican,Herschel Junior Walker,288
Thomas,Barwick,U.S. Senate,,Democrat,Raphael Warnock (I),68
Thomas,Boston,U.S. Senate,,Republican,Herschel Junior Walker,426
Thomas,Boston,U.S. Senate,,Democrat,Raphael Warnock (I),362
Thomas,Central,U.S. Senate,,Republican,Herschel Junior Walker,1256
Thomas,Central,U.S. Senate,,Democrat,Raphael Warnock (I),641
Thomas,Coolidge,U.S. Senate,,Republican,Herschel Junior Walker,387
Thomas,Coolidge,U.S. Senate,,Democrat,Raphael Warnock (I),102
Thomas,Douglass,U.S. Senate,,Republican,Herschel Junior Walker,143
Thomas,Douglass,U.S. Senate,,Democrat,Raphael Warnock (I),787
Thomas,Little Ochlocknee Baptist,U.S. Senate,,Republican,Herschel Junior Walker,529
Thomas,Little Ochlocknee Baptist,U.S. Senate,,Democrat,Raphael Warnock (I),125
Thomas,Fire Station #2,U.S. Senate,,Republican,Herschel Junior Walker,647
Thomas,Fire Station #2,U.S. Senate,,Democrat,Raphael Warnock (I),214
Thomas,Gatlin Creek,U.S. Senate,,Republican,Herschel Junior Walker,834
Thomas,Gatlin Creek,U.S. Senate,,Democrat,Raphael Warnock (I),270
Thomas,Harper,U.S. Senate,,Republican,Herschel Junior Walker,225
Thomas,Harper,U.S. Senate,,Democrat,Raphael Warnock (I),698
Thomas,Jerger,U.S. Senate,,Republican,Herschel Junior Walker,660
Thomas,Jerger,U.S. Senate,,Democrat,Raphael Warnock (I),406
Thomas,Meigs,U.S. Senate,,Republican,Herschel Junior Walker,238
Thomas,Meigs,U.S. Senate,,Democrat,Raphael Warnock (I),159
Thomas,Merrillville,U.S. Senate,,Republican,Herschel Junior Walker,274
Thomas,Merrillville,U.S. Senate,,Democrat,Raphael Warnock (I),111
Thomas,Metcalfe,U.S. Senate,,Republican,Herschel Junior Walker,124
Thomas,Metcalfe,U.S. Senate,,Democrat,Raphael Warnock (I),46
Thomas,New Covenant,U.S. Senate,,Republican,Herschel Junior Walker,863
Thomas,New Covenant,U.S. Senate,,Democrat,Raphael Warnock (I),269
Thomas,Ochlocknee,U.S. Senate,,Republican,Herschel Junior Walker,487
Thomas,Ochlocknee,U.S. Senate,,Democrat,Raphael Warnock (I),103
Thomas,Pavo,U.S. Senate,,Republican,Herschel Junior Walker,191
Thomas,Pavo,U.S. Senate,,Democrat,Raphael Warnock (I),46
Thomas,Patten,U.S. Senate,,Republican,Herschel Junior Walker,318
Thomas,Patten,U.S. Senate,,Democrat,Raphael Warnock (I),50
Thomas,Remington Esc,U.S. Senate,,Republican,Herschel Junior Walker,666
Thomas,Remington Esc,U.S. Senate,,Democrat,Raphael Warnock (I),450
Thomas,Resource Center,U.S. Senate,,Republican,Herschel Junior Walker,53
Thomas,Resource Center,U.S. Senate,,Democrat,Raphael Warnock (I),574
Thomas,Scott,U.S. Senate,,Republican,Herschel Junior Walker,823
Thomas,Scott,U.S. Senate,,Democrat,Raphael Warnock (I),555
Tift,Tifton NE,U.S. Senate,,Republican,Herschel Junior Walker,875
Tift,Tifton NE,U.S. Senate,,Democrat,Raphael Warnock (I),504
Tift,Brighton,U.S. Senate,,Republican,Herschel Junior Walker,1214
Tift,Brighton,U.S. Senate,,Democrat,Raphael Warnock (I),229
Tift,Brookfield,U.S. Senate,,Republican,Herschel Junior Walker,682
Tift,Brookfield,U.S. Senate,,Democrat,Raphael Warnock (I),117
Tift,Chula,U.S. Senate,,Republican,Herschel Junior Walker,727
Tift,Chula,U.S. Senate,,Democrat,Raphael Warnock (I),117
Tift,Docia,U.S. Senate,,Republican,Herschel Junior Walker,609
Tift,Docia,U.S. Senate,,Democrat,Raphael Warnock (I),66
Tift,Eldorado,U.S. Senate,,Republican,Herschel Junior Walker,629
Tift,Eldorado,U.S. Senate,,Democrat,Raphael Warnock (I),70
Tift,Omega,U.S. Senate,,Republican,Herschel Junior Walker,318
Tift,Omega,U.S. Senate,,Democrat,Raphael Warnock (I),66
Tift,TY TY,U.S. Senate,,Republican,Herschel Junior Walker,505
Tift,TY TY,U.S. Senate,,Democrat,Raphael Warnock (I),141
Tift,Tifton NW,U.S. Senate,,Republican,Herschel Junior Walker,1239
Tift,Tifton NW,U.S. Senate,,Democrat,Raphael Warnock (I),496
Tift,Tifton South,U.S. Senate,,Republican,Herschel Junior Walker,277
Tift,Tifton South,U.S. Senate,,Democrat,Raphael Warnock (I),596
Tift,Mott-Litman Gym,U.S. Senate,,Republican,Herschel Junior Walker,167
Tift,Mott-Litman Gym,U.S. Senate,,Democrat,Raphael Warnock (I),869
Tift,Tifton Lodge,U.S. Senate,,Republican,Herschel Junior Walker,1001
Tift,Tifton Lodge,U.S. Senate,,Democrat,Raphael Warnock (I),525
Toombs,15361 Lyons,U.S. Senate,,Republican,Herschel Junior Walker,1177
Toombs,15361 Lyons,U.S. Senate,,Democrat,Raphael Warnock (I),390
Toombs,39 Newbranch,U.S. Senate,,Republican,Herschel Junior Walker,738
Toombs,39 Newbranch,U.S. Senate,,Democrat,Raphael Warnock (I),83
Toombs,43 Cedar Crossing,U.S. Senate,,Republican,Herschel Junior Walker,716
Toombs,43 Cedar Crossing,U.S. Senate,,Democrat,Raphael Warnock (I),38
Toombs,513 VPD,U.S. Senate,,Republican,Herschel Junior Walker,1987
Toombs,513 VPD,U.S. Senate,,Democrat,Raphael Warnock (I),851
Toombs,514 STIALC,U.S. Senate,,Republican,Herschel Junior Walker,1162
Toombs,514 STIALC,U.S. Senate,,Democrat,Raphael Warnock (I),610
Towns,Young Harris,U.S. Senate,,Republican,Herschel Junior Walker,1561
Towns,Young Harris,U.S. Senate,,Democrat,Raphael Warnock (I),447
Towns,Hiawassee,U.S. Senate,,Republican,Herschel Junior Walker,3640
Towns,Hiawassee,U.S. Senate,,Democrat,Raphael Warnock (I),833
Treutlen,Annex,U.S. Senate,,Republican,Herschel Junior Walker,1056
Treutlen,Annex,U.S. Senate,,Democrat,Raphael Warnock (I),112
Treutlen,Soperton,U.S. Senate,,Republican,Herschel Junior Walker,588
Treutlen,Soperton,U.S. Senate,,Democrat,Raphael Warnock (I),571
Troup,Hollis Hand,U.S. Senate,,Republican,Herschel Junior Walker,1480
Troup,Hollis Hand,U.S. Senate,,Democrat,Raphael Warnock (I),517
Troup,Administration Bldg,U.S. Senate,,Republican,Herschel Junior Walker,344
Troup,Administration Bldg,U.S. Senate,,Democrat,Raphael Warnock (I),876
Troup,Hammett Rd,U.S. Senate,,Republican,Herschel Junior Walker,621
Troup,Hammett Rd,U.S. Senate,,Democrat,Raphael Warnock (I),1188
Troup,Griggs Center,U.S. Senate,,Republican,Herschel Junior Walker,59
Troup,Griggs Center,U.S. Senate,,Democrat,Raphael Warnock (I),780
Troup,West Point,U.S. Senate,,Republican,Herschel Junior Walker,275
Troup,West Point,U.S. Senate,,Democrat,Raphael Warnock (I),544
Troup,Hogansville,U.S. Senate,,Republican,Herschel Junior Walker,1270
Troup,Hogansville,U.S. Senate,,Democrat,Raphael Warnock (I),659
Troup,East Vernon,U.S. Senate,,Republican,Herschel Junior Walker,1453
Troup,East Vernon,U.S. Senate,,Democrat,Raphael Warnock (I),369
Troup,Rosemont,U.S. Senate,,Republican,Herschel Junior Walker,1918
Troup,Rosemont,U.S. Senate,,Democrat,Raphael Warnock (I),450
Troup,McClendon,U.S. Senate,,Republican,Herschel Junior Walker,1509
Troup,McClendon,U.S. Senate,,Democrat,Raphael Warnock (I),531
Troup,Long Cane,U.S. Senate,,Republican,Herschel Junior Walker,1270
Troup,Long Cane,U.S. Senate,,Democrat,Raphael Warnock (I),462
Troup,Gardner Newman,U.S. Senate,,Republican,Herschel Junior Walker,813
Troup,Gardner Newman,U.S. Senate,,Democrat,Raphael Warnock (I),640
Troup,Gray Hill,U.S. Senate,,Republican,Herschel Junior Walker,705
Troup,Gray Hill,U.S. Senate,,Democrat,Raphael Warnock (I),267
Troup,Highland,U.S. Senate,,Republican,Herschel Junior Walker,329
Troup,Highland,U.S. Senate,,Democrat,Raphael Warnock (I),469
Troup,Northside,U.S. Senate,,Republican,Herschel Junior Walker,711
Troup,Northside,U.S. Senate,,Democrat,Raphael Warnock (I),587
Turner,Ashburn,U.S. Senate,,Republican,Herschel Junior Walker,355
Turner,Ashburn,U.S. Senate,,Democrat,Raphael Warnock (I),810
Turner,Sycamore,U.S. Senate,,Republican,Herschel Junior Walker,878
Turner,Sycamore,U.S. Senate,,Democrat,Raphael Warnock (I),166
Turner,Rebecca,U.S. Senate,,Republican,Herschel Junior Walker,512
Turner,Rebecca,U.S. Senate,,Democrat,Raphael Warnock (I),72
Twiggs,Dry Branch,U.S. Senate,,Republican,Herschel Junior Walker,524
Twiggs,Dry Branch,U.S. Senate,,Democrat,Raphael Warnock (I),138
Twiggs,Golden Isles,U.S. Senate,,Republican,Herschel Junior Walker,374
Twiggs,Golden Isles,U.S. Senate,,Democrat,Raphael Warnock (I),564
Twiggs,Higgsville,U.S. Senate,,Republican,Herschel Junior Walker,337
Twiggs,Higgsville,U.S. Senate,,Democrat,Raphael Warnock (I),113
Twiggs,Jeffersonville-Ware,U.S. Senate,,Republican,Herschel Junior Walker,309
Twiggs,Jeffersonville-Ware,U.S. Senate,,Democrat,Raphael Warnock (I),532
Twiggs,Shady Grove-Tarvers,U.S. Senate,,Republican,Herschel Junior Walker,255
Twiggs,Shady Grove-Tarvers,U.S. Senate,,Democrat,Raphael Warnock (I),236
Union,Blairsville,U.S. Senate,,Republican,Herschel Junior Walker,1072
Union,Blairsville,U.S. Senate,,Democrat,Raphael Warnock (I),328
Union,Coosa,U.S. Senate,,Republican,Herschel Junior Walker,1204
Union,Coosa,U.S. Senate,,Democrat,Raphael Warnock (I),204
Union,Choestoe,U.S. Senate,,Republican,Herschel Junior Walker,779
Union,Choestoe,U.S. Senate,,Democrat,Raphael Warnock (I),177
Union,Jones Creek,U.S. Senate,,Republican,Herschel Junior Walker,1083
Union,Jones Creek,U.S. Senate,,Democrat,Raphael Warnock (I),250
Union,Owltown,U.S. Senate,,Republican,Herschel Junior Walker,782
Union,Owltown,U.S. Senate,,Democrat,Raphael Warnock (I),226
Union,Ivy Log,U.S. Senate,,Republican,Herschel Junior Walker,1183
Union,Ivy Log,U.S. Senate,,Democrat,Raphael Warnock (I),229
Union,Suches,U.S. Senate,,Republican,Herschel Junior Walker,310
Union,Suches,U.S. Senate,,Democrat,Raphael Warnock (I),74
Union,Trackrock,U.S. Senate,,Republican,Herschel Junior Walker,581
Union,Trackrock,U.S. Senate,,Democrat,Raphael Warnock (I),147
Union,Dooley,U.S. Senate,,Republican,Herschel Junior Walker,827
Union,Dooley,U.S. Senate,,Democrat,Raphael Warnock (I),232
Union,Gumlog,U.S. Senate,,Republican,Herschel Junior Walker,1125
Union,Gumlog,U.S. Senate,,Democrat,Raphael Warnock (I),236
Union,Pat Colwell,U.S. Senate,,Republican,Herschel Junior Walker,1268
Union,Pat Colwell,U.S. Senate,,Democrat,Raphael Warnock (I),323
Upson,Yatesville,U.S. Senate,,Republican,Herschel Junior Walker,634
Upson,Yatesville,U.S. Senate,,Democrat,Raphael Warnock (I),188
Upson,Salem,U.S. Senate,,Republican,Herschel Junior Walker,34
Upson,Salem,U.S. Senate,,Democrat,Raphael Warnock (I),226
Upson,Redbone,U.S. Senate,,Republican,Herschel Junior Walker,3338
Upson,Redbone,U.S. Senate,,Democrat,Raphael Warnock (I),896
Upson,Town,U.S. Senate,,Republican,Herschel Junior Walker,2037
Upson,Town,U.S. Senate,,Democrat,Raphael Warnock (I),1562
Walker,La Fayette,U.S. Senate,,Republican,Herschel Junior Walker,2204
Walker,La Fayette,U.S. Senate,,Democrat,Raphael Warnock (I),562
Walker,Walnut Grove,U.S. Senate,,Republican,Herschel Junior Walker,951
Walker,Walnut Grove,U.S. Senate,,Democrat,Raphael Warnock (I),111
Walker,Rock Spring,U.S. Senate,,Republican,Herschel Junior Walker,2670
Walker,Rock Spring,U.S. Senate,,Democrat,Raphael Warnock (I),463
Walker,Armuchee Valley,U.S. Senate,,Republican,Herschel Junior Walker,662
Walker,Armuchee Valley,U.S. Senate,,Democrat,Raphael Warnock (I),113
Walker,Mountain,U.S. Senate,,Republican,Herschel Junior Walker,504
Walker,Mountain,U.S. Senate,,Democrat,Raphael Warnock (I),146
Walker,Chattanooga Valley,U.S. Senate,,Republican,Herschel Junior Walker,2280
Walker,Chattanooga Valley,U.S. Senate,,Democrat,Raphael Warnock (I),691
Walker,Kensington,U.S. Senate,,Republican,Herschel Junior Walker,527
Walker,Kensington,U.S. Senate,,Democrat,Raphael Warnock (I),142
Walker,Rossville,U.S. Senate,,Republican,Herschel Junior Walker,1602
Walker,Rossville,U.S. Senate,,Democrat,Raphael Warnock (I),625
Walker,Chickamauga,U.S. Senate,,Republican,Herschel Junior Walker,2827
Walker,Chickamauga,U.S. Senate,,Democrat,Raphael Warnock (I),557
Walker,Fairyland,U.S. Senate,,Republican,Herschel Junior Walker,424
Walker,Fairyland,U.S. Senate,,Democrat,Raphael Warnock (I),248
Walker,Fairview,U.S. Senate,,Republican,Herschel Junior Walker,866
Walker,Fairview,U.S. Senate,,Democrat,Raphael Warnock (I),247
Walton,Bold Springs,U.S. Senate,,Republican,Herschel Junior Walker,2230
Walton,Bold Springs,U.S. Senate,,Democrat,Raphael Warnock (I),595
Walton,Whatley,U.S. Senate,,Republican,Herschel Junior Walker,868
Walton,Whatley,U.S. Senate,,Democrat,Raphael Warnock (I),139
Walton,Walker Park,U.S. Senate,,Republican,Herschel Junior Walker,1837
Walton,Walker Park,U.S. Senate,,Democrat,Raphael Warnock (I),386
Walton,Gratis,U.S. Senate,,Republican,Herschel Junior Walker,797
Walton,Gratis,U.S. Senate,,Democrat,Raphael Warnock (I),120
Walton,Between,U.S. Senate,,Republican,Herschel Junior Walker,2370
Walton,Between,U.S. Senate,,Democrat,Raphael Warnock (I),638
Walton,Walnut Grove,U.S. Senate,,Republican,Herschel Junior Walker,1139
Walton,Walnut Grove,U.S. Senate,,Democrat,Raphael Warnock (I),292
Walton,Loganvile North,U.S. Senate,,Republican,Herschel Junior Walker,1606
Walton,Loganvile North,U.S. Senate,,Democrat,Raphael Warnock (I),819
Walton,Social Circle,U.S. Senate,,Republican,Herschel Junior Walker,1816
Walton,Social Circle,U.S. Senate,,Democrat,Raphael Warnock (I),721
Walton,South Monroe,U.S. Senate,,Republican,Herschel Junior Walker,1336
Walton,South Monroe,U.S. Senate,,Democrat,Raphael Warnock (I),565
Walton,North Monroe,U.S. Senate,,Republican,Herschel Junior Walker,861
Walton,North Monroe,U.S. Senate,,Democrat,Raphael Warnock (I),1073
Walton,Loganville South,U.S. Senate,,Republican,Herschel Junior Walker,1158
Walton,Loganville South,U.S. Senate,,Democrat,Raphael Warnock (I),594
Walton,West Walton,U.S. Senate,,Republican,Herschel Junior Walker,1817
Walton,West Walton,U.S. Senate,,Democrat,Raphael Warnock (I),600
Walton,Broken Arrow,U.S. Senate,,Republican,Herschel Junior Walker,1778
Walton,Broken Arrow,U.S. Senate,,Democrat,Raphael Warnock (I),439
Walton,Bay Creek,U.S. Senate,,Republican,Herschel Junior Walker,1453
Walton,Bay Creek,U.S. Senate,,Democrat,Raphael Warnock (I),408
Walton,E Monroe,U.S. Senate,,Republican,Herschel Junior Walker,1035
Walton,E Monroe,U.S. Senate,,Democrat,Raphael Warnock (I),676
Walton,W Monroe,U.S. Senate,,Republican,Herschel Junior Walker,1034
Walton,W Monroe,U.S. Senate,,Democrat,Raphael Warnock (I),256
Walton,Tara,U.S. Senate,,Republican,Herschel Junior Walker,1117
Walton,Tara,U.S. Senate,,Democrat,Raphael Warnock (I),1104
Walton,Mountain,U.S. Senate,,Republican,Herschel Junior Walker,838
Walton,Mountain,U.S. Senate,,Democrat,Raphael Warnock (I),174
Walton,Jersey,U.S. Senate,,Republican,Herschel Junior Walker,1123
Walton,Jersey,U.S. Senate,,Democrat,Raphael Warnock (I),140
Walton,Blasingame,U.S. Senate,,Republican,Herschel Junior Walker,643
Walton,Blasingame,U.S. Senate,,Democrat,Raphael Warnock (I),92
Walton,Good Hope,U.S. Senate,,Republican,Herschel Junior Walker,1291
Walton,Good Hope,U.S. Senate,,Democrat,Raphael Warnock (I),258
Ware,100 - City Auditorium,U.S. Senate,,Republican,Herschel Junior Walker,368
Ware,100 - City Auditorium,U.S. Senate,,Democrat,Raphael Warnock (I),1435
Ware,200A - Memorial Stadium,U.S. Senate,,Republican,Herschel Junior Walker,1249
Ware,200A - Memorial Stadium,U.S. Senate,,Democrat,Raphael Warnock (I),560
Ware,200B - City Auditorium,U.S. Senate,,Republican,Herschel Junior Walker,272
Ware,200B - City Auditorium,U.S. Senate,,Democrat,Raphael Warnock (I),146
Ware,300 - Ware BoE Transportation,U.S. Senate,,Republican,Herschel Junior Walker,1364
Ware,300 - Ware BoE Transportation,U.S. Senate,,Democrat,Raphael Warnock (I),404
Ware,304 - Ware BoE Learning Center,U.S. Senate,,Republican,Herschel Junior Walker,358
Ware,304 - Ware BoE Learning Center,U.S. Senate,,Democrat,Raphael Warnock (I),50
Ware,400 - Second Baptist Church,U.S. Senate,,Republican,Herschel Junior Walker,920
Ware,400 - Second Baptist Church,U.S. Senate,,Democrat,Raphael Warnock (I),87
Ware,404 - Bickley UM Church,U.S. Senate,,Republican,Herschel Junior Walker,216
Ware,404 - Bickley UM Church,U.S. Senate,,Democrat,Raphael Warnock (I),25
Ware,405 - Haywood Baptist Church,U.S. Senate,,Republican,Herschel Junior Walker,321
Ware,405 - Haywood Baptist Church,U.S. Senate,,Democrat,Raphael Warnock (I),15
Ware,406 - Jamestown Baptist Church,U.S. Senate,,Republican,Herschel Junior Walker,788
Ware,406 - Jamestown Baptist Church,U.S. Senate,,Democrat,Raphael Warnock (I),73
Ware,407 - Manor Commmunity Center,U.S. Senate,,Republican,Herschel Junior Walker,334
Ware,407 - Manor Commmunity Center,U.S. Senate,,Democrat,Raphael Warnock (I),12
Ware,408 - Millwood Baptist Church,U.S. Senate,,Republican,Herschel Junior Walker,289
Ware,408 - Millwood Baptist Church,U.S. Senate,,Democrat,Raphael Warnock (I),9
Ware,409 - Waresboro Church of God,U.S. Senate,,Republican,Herschel Junior Walker,526
Ware,409 - Waresboro Church of God,U.S. Senate,,Democrat,Raphael Warnock (I),45
Warren,Warrenton,U.S. Senate,,Republican,Herschel Junior Walker,959
Warren,Warrenton,U.S. Senate,,Democrat,Raphael Warnock (I),1063
Washington,Riddleville,U.S. Senate,,Republican,Herschel Junior Walker,237
Washington,Riddleville,U.S. Senate,,Democrat,Raphael Warnock (I),128
Washington,Warthen,U.S. Senate,,Republican,Herschel Junior Walker,265
Washington,Warthen,U.S. Senate,,Democrat,Raphael Warnock (I),177
Washington,Tennille,U.S. Senate,,Republican,Herschel Junior Walker,556
Washington,Tennille,U.S. Senate,,Democrat,Raphael Warnock (I),812
Washington,Oconee,U.S. Senate,,Republican,Herschel Junior Walker,206
Washington,Oconee,U.S. Senate,,Democrat,Raphael Warnock (I),154
Washington,Harrison,U.S. Senate,,Republican,Herschel Junior Walker,382
Washington,Harrison,U.S. Senate,,Democrat,Raphael Warnock (I),218
Washington,Davisboro,U.S. Senate,,Republican,Herschel Junior Walker,268
Washington,Davisboro,U.S. Senate,,Democrat,Raphael Warnock (I),191
Washington,Sandersville,U.S. Senate,,Republican,Herschel Junior Walker,1494
Washington,Sandersville,U.S. Senate,,Democrat,Raphael Warnock (I),1984
Washington,Deepstep,U.S. Senate,,Republican,Herschel Junior Walker,259
Washington,Deepstep,U.S. Senate,,Democrat,Raphael Warnock (I),90
Wayne,Odum,U.S. Senate,,Republican,Herschel Junior Walker,715
Wayne,Odum,U.S. Senate,,Democrat,Raphael Warnock (I),66
Wayne,Madray Springs,U.S. Senate,,Republican,Herschel Junior Walker,667
Wayne,Madray Springs,U.S. Senate,,Democrat,Raphael Warnock (I),42
Wayne,Oglethorpe,U.S. Senate,,Republican,Herschel Junior Walker,857
Wayne,Oglethorpe,U.S. Senate,,Democrat,Raphael Warnock (I),108
Wayne,Screven,U.S. Senate,,Republican,Herschel Junior Walker,902
Wayne,Screven,U.S. Senate,,Democrat,Raphael Warnock (I),143
Wayne,Empire,U.S. Senate,,Republican,Herschel Junior Walker,548
Wayne,Empire,U.S. Senate,,Democrat,Raphael Warnock (I),48
Wayne,Red Hill,U.S. Senate,,Republican,Herschel Junior Walker,347
Wayne,Red Hill,U.S. Senate,,Democrat,Raphael Warnock (I),101
Wayne,Altamaha,U.S. Senate,,Republican,Herschel Junior Walker,946
Wayne,Altamaha,U.S. Senate,,Democrat,Raphael Warnock (I),260
Wayne,Gardi,U.S. Senate,,Republican,Herschel Junior Walker,563
Wayne,Gardi,U.S. Senate,,Democrat,Raphael Warnock (I),63
Wayne,VFW,U.S. Senate,,Republican,Herschel Junior Walker,87
Wayne,VFW,U.S. Senate,,Democrat,Raphael Warnock (I),359
Wayne,Pine Street,U.S. Senate,,Republican,Herschel Junior Walker,321
Wayne,Pine Street,U.S. Senate,,Democrat,Raphael Warnock (I),227
Wayne,Unity,U.S. Senate,,Republican,Herschel Junior Walker,658
Wayne,Unity,U.S. Senate,,Democrat,Raphael Warnock (I),282
Wayne,Rec Center,U.S. Senate,,Republican,Herschel Junior Walker,673
Wayne,Rec Center,U.S. Senate,,Democrat,Raphael Warnock (I),243
Webster,Preston 1,U.S. Senate,,Republican,Herschel Junior Walker,616
Webster,Preston 1,U.S. Senate,,Democrat,Raphael Warnock (I),420
Wheeler,Alamo,U.S. Senate,,Republican,Herschel Junior Walker,734
Wheeler,Alamo,U.S. Senate,,Democrat,Raphael Warnock (I),315
Wheeler,Glenwood,U.S. Senate,,Republican,Herschel Junior Walker,497
Wheeler,Glenwood,U.S. Senate,,Democrat,Raphael Warnock (I),177
White,Blue Creek,U.S. Senate,,Republican,Herschel Junior Walker,1110
White,Blue Creek,U.S. Senate,,Democrat,Raphael Warnock (I),290
White,Blue Ridge,U.S. Senate,,Republican,Herschel Junior Walker,496
White,Blue Ridge,U.S. Senate,,Democrat,Raphael Warnock (I),81
White,Robertstown-Helen,U.S. Senate,,Republican,Herschel Junior Walker,398
White,Robertstown-Helen,U.S. Senate,,Democrat,Raphael Warnock (I),131
White,Mossy Creek,U.S. Senate,,Republican,Herschel Junior Walker,1547
White,Mossy Creek,U.S. Senate,,Democrat,Raphael Warnock (I),191
White,Mt Yonah,U.S. Senate,,Republican,Herschel Junior Walker,1877
White,Mt Yonah,U.S. Senate,,Democrat,Raphael Warnock (I),409
White,Nacoochee,U.S. Senate,,Republican,Herschel Junior Walker,690
White,Nacoochee,U.S. Senate,,Democrat,Raphael Warnock (I),280
White,Shoal Creek,U.S. Senate,,Republican,Herschel Junior Walker,1109
White,Shoal Creek,U.S. Senate,,Democrat,Raphael Warnock (I),162
White,Tesnatee,U.S. Senate,,Republican,Herschel Junior Walker,568
White,Tesnatee,U.S. Senate,,Democrat,Raphael Warnock (I),119
White,Town Creek,U.S. Senate,,Republican,Herschel Junior Walker,733
White,Town Creek,U.S. Senate,,Democrat,Raphael Warnock (I),154
White,White Creek,U.S. Senate,,Republican,Herschel Junior Walker,894
White,White Creek,U.S. Senate,,Democrat,Raphael Warnock (I),83
Whitfield,1A,U.S. Senate,,Republican,Herschel Junior Walker,360
Whitfield,1A,U.S. Senate,,Democrat,Raphael Warnock (I),359
Whitfield,2A,U.S. Senate,,Republican,Herschel Junior Walker,996
Whitfield,2A,U.S. Senate,,Democrat,Raphael Warnock (I),446
Whitfield,3A,U.S. Senate,,Republican,Herschel Junior Walker,698
Whitfield,3A,U.S. Senate,,Democrat,Raphael Warnock (I),401
Whitfield,4A,U.S. Senate,,Republican,Herschel Junior Walker,810
Whitfield,4A,U.S. Senate,,Democrat,Raphael Warnock (I),424
Whitfield,5A,U.S. Senate,,Republican,Herschel Junior Walker,153
Whitfield,5A,U.S. Senate,,Democrat,Raphael Warnock (I),325
Whitfield,6A,U.S. Senate,,Republican,Herschel Junior Walker,131
Whitfield,6A,U.S. Senate,,Democrat,Raphael Warnock (I),247
Whitfield,AN,U.S. Senate,,Republican,Herschel Junior Walker,372
Whitfield,AN,U.S. Senate,,Democrat,Raphael Warnock (I),299
Whitfield,CA,U.S. Senate,,Republican,Herschel Junior Walker,689
Whitfield,CA,U.S. Senate,,Democrat,Raphael Warnock (I),131
Whitfield,CO,U.S. Senate,,Republican,Herschel Junior Walker,607
Whitfield,CO,U.S. Senate,,Democrat,Raphael Warnock (I),122
Whitfield,DG,U.S. Senate,,Republican,Herschel Junior Walker,1067
Whitfield,DG,U.S. Senate,,Democrat,Raphael Warnock (I),412
Whitfield,ES,U.S. Senate,,Republican,Herschel Junior Walker,419
Whitfield,ES,U.S. Senate,,Democrat,Raphael Warnock (I),172
Whitfield,FI,U.S. Senate,,Republican,Herschel Junior Walker,626
Whitfield,FI,U.S. Senate,,Democrat,Raphael Warnock (I),205
Whitfield,GL,U.S. Senate,,Republican,Herschel Junior Walker,754
Whitfield,GL,U.S. Senate,,Democrat,Raphael Warnock (I),281
Whitfield,LT,U.S. Senate,,Republican,Herschel Junior Walker,597
Whitfield,LT,U.S. Senate,,Democrat,Raphael Warnock (I),67
Whitfield,MC,U.S. Senate,,Republican,Herschel Junior Walker,780
Whitfield,MC,U.S. Senate,,Democrat,Raphael Warnock (I),121
Whitfield,NI,U.S. Senate,,Republican,Herschel Junior Walker,1001
Whitfield,NI,U.S. Senate,,Democrat,Raphael Warnock (I),179
Whitfield,PG,U.S. Senate,,Republican,Herschel Junior Walker,1610
Whitfield,PG,U.S. Senate,,Democrat,Raphael Warnock (I),509
Whitfield,TH,U.S. Senate,,Republican,Herschel Junior Walker,1427
Whitfield,TH,U.S. Senate,,Democrat,Raphael Warnock (I),347
Whitfield,TI,U.S. Senate,,Republican,Herschel Junior Walker,275
Whitfield,TI,U.S. Senate,,Democrat,Raphael Warnock (I),42
Whitfield,TR,U.S. Senate,,Republican,Herschel Junior Walker,715
Whitfield,TR,U.S. Senate,,Democrat,Raphael Warnock (I),95
Whitfield,UT,U.S. Senate,,Republican,Herschel Junior Walker,505
Whitfield,UT,U.S. Senate,,Democrat,Raphael Warnock (I),73
Whitfield,VA,U.S. Senate,,Republican,Herschel Junior Walker,2044
Whitfield,VA,U.S. Senate,,Democrat,Raphael Warnock (I),514
Whitfield,WS,U.S. Senate,,Republican,Herschel Junior Walker,1090
Whitfield,WS,U.S. Senate,,Democrat,Raphael Warnock (I),290
Wilcox,Rochelle North #1,U.S. Senate,,Republican,Herschel Junior Walker,56
Wilcox,Rochelle North #1,U.S. Senate,,Democrat,Raphael Warnock (I),139
Wilcox,Abbeville North #2,U.S. Senate,,Republican,Herschel Junior Walker,116
Wilcox,Abbeville North #2,U.S. Senate,,Democrat,Raphael Warnock (I),82
Wilcox,Pineview #2,U.S. Senate,,Republican,Herschel Junior Walker,202
Wilcox,Pineview #2,U.S. Senate,,Democrat,Raphael Warnock (I),159
Wilcox,Pitts #3,U.S. Senate,,Republican,Herschel Junior Walker,413
Wilcox,Pitts #3,U.S. Senate,,Democrat,Raphael Warnock (I),44
Wilcox,Rochelle South #4,U.S. Senate,,Republican,Herschel Junior Walker,501
Wilcox,Rochelle South #4,U.S. Senate,,Democrat,Raphael Warnock (I),64
Wilcox,Abbeville South #5,U.S. Senate,,Republican,Herschel Junior Walker,477
Wilcox,Abbeville South #5,U.S. Senate,,Democrat,Raphael Warnock (I),127
Wilkes,Senior Citizen Center,U.S. Senate,,Republican,Herschel Junior Walker,299
Wilkes,Senior Citizen Center,U.S. Senate,,Democrat,Raphael Warnock (I),484
Wilkes,Young Famer's Bldg,U.S. Senate,,Republican,Herschel Junior Walker,585
Wilkes,Young Famer's Bldg,U.S. Senate,,Democrat,Raphael Warnock (I),179
Wilkes,Metasville Fire Sta,U.S. Senate,,Republican,Herschel Junior Walker,277
Wilkes,Metasville Fire Sta,U.S. Senate,,Democrat,Raphael Warnock (I),94
Wilkes,Edward B Pope Center,U.S. Senate,,Republican,Herschel Junior Walker,140
Wilkes,Edward B Pope Center,U.S. Senate,,Democrat,Raphael Warnock (I),338
Wilkes,Rayle City Hall,U.S. Senate,,Republican,Herschel Junior Walker,221
Wilkes,Rayle City Hall,U.S. Senate,,Democrat,Raphael Warnock (I),111
Wilkes,Courthouse,U.S. Senate,,Republican,Herschel Junior Walker,387
Wilkes,Courthouse,U.S. Senate,,Democrat,Raphael Warnock (I),205
Wilkes,Tignall Sch Lunch Rm,U.S. Senate,,Republican,Herschel Junior Walker,319
Wilkes,Tignall Sch Lunch Rm,U.S. Senate,,Democrat,Raphael Warnock (I),198
Wilkinson,Bloodworth,U.S. Senate,,Republican,Herschel Junior Walker,258
Wilkinson,Bloodworth,U.S. Senate,,Democrat,Raphael Warnock (I),22
Wilkinson,Griffin,U.S. Senate,,Republican,Herschel Junior Walker,103
Wilkinson,Griffin,U.S. Senate,,Democrat,Raphael Warnock (I),27
Wilkinson,High Hill,U.S. Senate,,Republican,Herschel Junior Walker,96
Wilkinson,High Hill,U.S. Senate,,Democrat,Raphael Warnock (I),26
Wilkinson,Irwinton,U.S. Senate,,Republican,Herschel Junior Walker,224
Wilkinson,Irwinton,U.S. Senate,,Democrat,Raphael Warnock (I),301
Wilkinson,Ivey,U.S. Senate,,Republican,Herschel Junior Walker,394
Wilkinson,Ivey,U.S. Senate,,Democrat,Raphael Warnock (I),68
Wilkinson,Lord,U.S. Senate,,Republican,Herschel Junior Walker,248
Wilkinson,Lord,U.S. Senate,,Democrat,Raphael Warnock (I),197
Wilkinson,Midway,U.S. Senate,,Republican,Herschel Junior Walker,95
Wilkinson,Midway,U.S. Senate,,Democrat,Raphael Warnock (I),436
Wilkinson,Ramah,U.S. Senate,,Republican,Herschel Junior Walker,475
Wilkinson,Ramah,U.S. Senate,,Democrat,Raphael Warnock (I),519
Wilkinson,Turkey Creek,U.S. Senate,,Republican,Herschel Junior Walker,212
Wilkinson,Turkey Creek,U.S. Senate,,Democrat,Raphael Warnock (I),82
Worth,Sylvester,U.S. Senate,,Republican,Herschel Junior Walker,497
Worth,Sylvester,U.S. Senate,,Democrat,Raphael Warnock (I),882
Worth,Scooterville,U.S. Senate,,Republican,Herschel Junior Walker,332
Worth,Scooterville,U.S. Senate,,Democrat,Raphael Warnock (I),27
Worth,Minton,U.S. Senate,,Republican,Herschel Junior Walker,562
Worth,Minton,U.S. Senate,,Democrat,Raphael Warnock (I),55
Worth,Bridgeboro,U.S. Senate,,Republican,Herschel Junior Walker,360
Worth,Bridgeboro,U.S. Senate,,Democrat,Raphael Warnock (I),88
Worth,County Line,U.S. Senate,,Republican,Herschel Junior Walker,296
Worth,County Line,U.S. Senate,,Democrat,Raphael Warnock (I),63
Worth,Isabella,U.S. Senate,,Republican,Herschel Junior Walker,483
Worth,Isabella,U.S. Senate,,Democrat,Raphael Warnock (I),62
Worth,Sylvester East,U.S. Senate,,Republican,Herschel Junior Walker,768
Worth,Sylvester East,U.S. Senate,,Democrat,Raphael Warnock (I),154
Worth,Poulan,U.S. Senate,,Republican,Herschel Junior Walker,411
Worth,Poulan,U.S. Senate,,Democrat,Raphael Warnock (I),81
Worth,Sumner,U.S. Senate,,Republican,Herschel Junior Walker,408
Worth,Sumner,U.S. Senate,,Democrat,Raphael Warnock (I),82
Worth,Red Rock,U.S. Senate,,Republican,Herschel Junior Walker,441
Worth,Red Rock,U.S. Senate,,Democrat,Raphael Warnock (I),125
Worth,Doles,U.S. Senate,,Republican,Herschel Junior Walker,205
Worth,Doles,U.S. Senate,,Democrat,Raphael Warnock (I),20
Worth,Warwick,U.S. Senate,,Republican,Herschel Junior Walker,334
Worth,Warwick,U.S. Senate,,Democrat,Raphael Warnock (I),120
