county,precinct,office,district,party,candidate,total_votes
Appling,,U.S. Senate,,Republican,Herschel Junior Walker,5344
Appling,,U.S. Senate,,Democrat,Raphael Warnock (I),1260
Appling,,U.S. Senate,,Libertarian,Chase Oliver,65
Appling,,Governor,,Republican,Brian Kemp (I),5552
Appling,,Governor,,Democrat,Stacey Abrams,1131
Appling,,Governor,,Libertarian,Shane Hazel,20
Appling,,Lieutenant Governor,,Republican,Burt Jones,5395
Appling,,Lieutenant Governor,,Democrat,Charlie Bailey,1117
Appling,,Lieutenant Governor,,Libertarian,Ryan Graham,51
Appling,,Secretary of State,,Republican,Brad Raffensperger (I),5358
Appling,,Secretary of State,,Democrat,Bee Nguyen,1034
Appling,,Secretary of State,,Libertarian,Ted Metz,170
Appling,,Attorney General,,Republican,Chris Carr (I),5397
Appling,,Attorney General,,Democrat,"Jennifer """"Jen"""" Jordan",1158
Appling,,Attorney General,,Libertarian,Martin Cowen,42
Appling,,Commissioner of Agriculture,,Republican,Tyler Harper,5447
Appling,,Commissioner of Agriculture,,Democrat,Nakita Hemingway,1097
Appling,,Commissioner of Agriculture,,Libertarian,David Raudabaugh,62
Appling,,Commissioner of Insurance,,Republican,John King (I),5446
Appling,,Commissioner of Insurance,,Democrat,Janice Laws Robinson,1135
Appling,,State School Superintendent,,Republican,Richard Woods (I),5459
Appling,,State School Superintendent,,Democrat,Alisha Thomas Searcy,1137
Appling,,Commissioner of Labor,,Republican,Bruce Thompson,5402
Appling,,Commissioner of Labor,,Democrat,"William """"Will"""" Boddie, Jr",1133
Appling,,Commissioner of Labor,,Libertarian,Emily Anderson,59
Atkinson,,U.S. Senate,,Republican,Herschel Junior Walker,1709
Atkinson,,U.S. Senate,,Democrat,Raphael Warnock (I),502
Atkinson,,U.S. Senate,,Libertarian,Chase Oliver,27
Atkinson,,Governor,,Republican,Brian Kemp (I),1767
Atkinson,,Governor,,Democrat,Stacey Abrams,467
Atkinson,,Governor,,Libertarian,Shane Hazel,12
Atkinson,,Lieutenant Governor,,Republican,Burt Jones,1710
Atkinson,,Lieutenant Governor,,Democrat,Charlie Bailey,440
Atkinson,,Lieutenant Governor,,Libertarian,Ryan Graham,29
Atkinson,,Secretary of State,,Republican,Brad Raffensperger (I),1668
Atkinson,,Secretary of State,,Democrat,Bee Nguyen,422
Atkinson,,Secretary of State,,Libertarian,Ted Metz,67
Atkinson,,Attorney General,,Republican,Chris Carr (I),1686
Atkinson,,Attorney General,,Democrat,"Jennifer """"Jen"""" Jordan",469
Atkinson,,Attorney General,,Libertarian,Martin Cowen,32
Atkinson,,Commissioner of Agriculture,,Republican,Tyler Harper,1736
Atkinson,,Commissioner of Agriculture,,Democrat,Nakita Hemingway,422
Atkinson,,Commissioner of Agriculture,,Libertarian,David Raudabaugh,36
Atkinson,,Commissioner of Insurance,,Republican,John King (I),1717
Atkinson,,Commissioner of Insurance,,Democrat,Janice Laws Robinson,455
Atkinson,,State School Superintendent,,Republican,Richard Woods (I),1729
Atkinson,,State School Superintendent,,Democrat,Alisha Thomas Searcy,452
Atkinson,,Commissioner of Labor,,Republican,Bruce Thompson,1708
Atkinson,,Commissioner of Labor,,Democrat,"William """"Will"""" Boddie, Jr",447
Atkinson,,Commissioner of Labor,,Libertarian,Emily Anderson,32
Bacon,,U.S. Senate,,Republican,Herschel Junior Walker,3204
Bacon,,U.S. Senate,,Democrat,Raphael Warnock (I),458
Bacon,,U.S. Senate,,,Chase Oliver (L),48
Bacon,,Governor,,Republican,Brian Kemp (I),3312
Bacon,,Governor,,Democrat,Stacey Abrams,393
Bacon,,Governor,,,Shane Hazel (L),16
Bacon,,Lieutenant Governor,,Republican,Burt Jones,3228
Bacon,,Lieutenant Governor,,Democrat,Charlie Bailey,390
Bacon,,Lieutenant Governor,,,Ryan Graham (L),49
Bacon,,Secretary of State,,Republican,Brad Raffensperger (I),3176
Bacon,,Secretary of State,,Democrat,Bee Nguyen,357
Bacon,,Secretary of State,,,Ted Metz (L),107
Bacon,,Attorney General,,Republican,Chris Carr (I),3236
Bacon,,Attorney General,,Democrat,"Jennifer """"Jen"""" Jordan",404
Bacon,,Attorney General,,,Martin Cowen (L),34
Bacon,,Commissioner of Agriculture,,Republican,Tyler Harper,3329
Bacon,,Commissioner of Agriculture,,Democrat,Nakita Hemingway,345
Bacon,,Commissioner of Agriculture,,,David Raudabaugh (L),22
Bacon,,Commissioner of Insurance,,Republican,John King (I),3263
Bacon,,Commissioner of Insurance,,Democrat,Janice Laws Robinson,385
Bacon,,State School Superintendent,,Republican,Richard Woods (I),3269
Bacon,,State School Superintendent,,Democrat,Alisha Thomas Searcy,386
Bacon,,Commissioner of Labor,,Republican,Bruce Thompson,3232
Bacon,,Commissioner of Labor,,Democrat,"William """"Will"""" Boddie, Jr",378
Bacon,,Commissioner of Labor,,,Emily Anderson (L),46
Baker,,U.S. Senate,,Republican,Herschel Junior Walker,711
Baker,,U.S. Senate,,Democrat,Raphael Warnock (I),526
Baker,,U.S. Senate,,,Chase Oliver (L),12
Baker,,Governor,,Republican,Brian Kemp (I),755
Baker,,Governor,,Democrat,Stacey Abrams,500
Baker,,Governor,,,Shane Hazel (L),3
Baker,,Lieutenant Governor,,Republican,Burt Jones,740
Baker,,Lieutenant Governor,,Democrat,Charlie Bailey,478
Baker,,Lieutenant Governor,,,Ryan Graham (L),9
Baker,,Secretary of State,,Republican,Brad Raffensperger (I),738
Baker,,Secretary of State,,Democrat,Bee Nguyen,470
Baker,,Secretary of State,,,Ted Metz (L),23
Baker,,Attorney General,,Republican,Chris Carr (I),753
Baker,,Attorney General,,Democrat,"Jennifer """"Jen"""" Jordan",473
Baker,,Attorney General,,,Martin Cowen (L),12
Baker,,Commissioner of Agriculture,,Republican,Tyler Harper,751
Baker,,Commissioner of Agriculture,,Democrat,Nakita Hemingway,466
Baker,,Commissioner of Agriculture,,,David Raudabaugh (L),17
Baker,,Commissioner of Insurance,,Republican,John King (I),749
Baker,,Commissioner of Insurance,,Democrat,Janice Laws Robinson,471
Baker,,State School Superintendent,,Republican,Richard Woods (I),750
Baker,,State School Superintendent,,Democrat,Alisha Thomas Searcy,476
Baker,,Commissioner of Labor,,Republican,Bruce Thompson,739
Baker,,Commissioner of Labor,,Democrat,"William """"Will"""" Boddie, Jr",476
Baker,,Commissioner of Labor,,,Emily Anderson (L),15
Baldwin,,U.S. Senate,,Republican,Herschel Junior Walker,7416
Baldwin,,U.S. Senate,,Democrat,Raphael Warnock (I),7327
Baldwin,,U.S. Senate,,Libertarian,Chase Oliver,214
Baldwin,,Governor,,Republican,Brian Kemp (I),7987
Baldwin,,Governor,,Democrat,Stacey Abrams,6913
Baldwin,,Governor,,Libertarian,Shane Hazel,102
Baldwin,,Lieutenant Governor,,Republican,Burt Jones,7785
Baldwin,,Lieutenant Governor,,Democrat,Charlie Bailey,6744
Baldwin,,Lieutenant Governor,,Libertarian,Ryan Graham,242
Baldwin,,Secretary of State,,Republican,Brad Raffensperger (I),7826
Baldwin,,Secretary of State,,Democrat,Bee Nguyen,6463
Baldwin,,Secretary of State,,Libertarian,Ted Metz,404
Baldwin,,Attorney General,,Republican,Chris Carr (I),7708
Baldwin,,Attorney General,,Democrat,"Jennifer """"Jen"""" Jordan",6921
Baldwin,,Attorney General,,Libertarian,Martin Cowen,176
Baldwin,,Commissioner of Agriculture,,Republican,Tyler Harper,7853
Baldwin,,Commissioner of Agriculture,,Democrat,Nakita Hemingway,6684
Baldwin,,Commissioner of Agriculture,,Libertarian,David Raudabaugh,251
Baldwin,,Commissioner of Insurance,,Republican,John King (I),7918
Baldwin,,Commissioner of Insurance,,Democrat,Janice Laws Robinson,6800
Baldwin,,State School Superintendent,,Republican,Richard Woods (I),7987
Baldwin,,State School Superintendent,,Democrat,Alisha Thomas Searcy,6774
Baldwin,,Commissioner of Labor,,Republican,Bruce Thompson,7694
Baldwin,,Commissioner of Labor,,Democrat,"William """"Will"""" Boddie, Jr",6810
Baldwin,,Commissioner of Labor,,Libertarian,Emily Anderson,269
Banks,,U.S. Senate,,Republican,Herschel Junior Walker,6362
Banks,,U.S. Senate,,Democrat,Raphael Warnock (I),772
Banks,,U.S. Senate,,Libertarian,Chase Oliver,159
Banks,,Governor,,Republican,Brian Kemp (I),6651
Banks,,Governor,,Democrat,Stacey Abrams,607
Banks,,Governor,,Libertarian,Shane Hazel,68
Banks,,Lieutenant Governor,,Republican,Burt Jones,6494
Banks,,Lieutenant Governor,,Democrat,Charlie Bailey,679
Banks,,Lieutenant Governor,,Libertarian,Ryan Graham,120
Banks,,Secretary of State,,Republican,Brad Raffensperger (I),6304
Banks,,Secretary of State,,Democrat,Bee Nguyen,621
Banks,,Secretary of State,,Libertarian,Ted Metz,317
Banks,,Attorney General,,Republican,Chris Carr (I),6473
Banks,,Attorney General,,Democrat,"Jennifer """"Jen"""" Jordan",683
Banks,,Attorney General,,Libertarian,Martin Cowen,126
Banks,,Commissioner of Agriculture,,Republican,Tyler Harper,6575
Banks,,Commissioner of Agriculture,,Democrat,Nakita Hemingway,559
Banks,,Commissioner of Agriculture,,Libertarian,David Raudabaugh,151
Banks,,Commissioner of Insurance,,Republican,John King (I),6612
Banks,,Commissioner of Insurance,,Democrat,Janice Laws Robinson,657
Banks,,State School Superintendent,,Republican,Richard Woods (I),6617
Banks,,State School Superintendent,,Democrat,Alisha Thomas Searcy,650
Banks,,Commissioner of Labor,,Republican,Bruce Thompson,6521
Banks,,Commissioner of Labor,,Democrat,"William """"Will"""" Boddie, Jr",614
Banks,,Commissioner of Labor,,Libertarian,Emily Anderson,145
Barrow,,U.S. Senate,,Republican,Herschel Junior Walker,20136
Barrow,,U.S. Senate,,Democrat,Raphael Warnock (I),8244
Barrow,,U.S. Senate,,Libertarian,Chase Oliver,893
Barrow,,Governor,,Republican,Brian Kemp (I),21833
Barrow,,Governor,,Democrat,Stacey Abrams,7309
Barrow,,Governor,,Libertarian,Shane Hazel,288
Barrow,,Lieutenant Governor,,Republican,Burt Jones,20959
Barrow,,Lieutenant Governor,,Democrat,Charlie Bailey,7434
Barrow,,Lieutenant Governor,,Libertarian,Ryan Graham,828
Barrow,,Secretary of State,,Republican,Brad Raffensperger (I),20813
Barrow,,Secretary of State,,Democrat,Bee Nguyen,7109
Barrow,,Secretary of State,,Libertarian,Ted Metz,1227
Barrow,,Attorney General,,Republican,Chris Carr (I),21100
Barrow,,Attorney General,,Democrat,"Jennifer """"Jen"""" Jordan",7585
Barrow,,Attorney General,,Libertarian,Martin Cowen,595
Barrow,,Commissioner of Agriculture,,Republican,Tyler Harper,21397
Barrow,,Commissioner of Agriculture,,Democrat,Nakita Hemingway,6986
Barrow,,Commissioner of Agriculture,,Libertarian,David Raudabaugh,821
Barrow,,Commissioner of Insurance,,Republican,John King (I),21723
Barrow,,Commissioner of Insurance,,Democrat,Janice Laws Robinson,7403
Barrow,,State School Superintendent,,Republican,Richard Woods (I),21835
Barrow,,State School Superintendent,,Democrat,Alisha Thomas Searcy,7329
Barrow,,Commissioner of Labor,,Republican,Bruce Thompson,21081
Barrow,,Commissioner of Labor,,Democrat,"William """"Will"""" Boddie, Jr",7117
Barrow,,Commissioner of Labor,,Libertarian,Emily Anderson,954
Bartow,,U.S. Senate,,Republican,Herschel Junior Walker,29361
Bartow,,U.S. Senate,,Democrat,Raphael Warnock (I),9349
Bartow,,U.S. Senate,,Libertarian,Chase Oliver,1053
Bartow,,Governor,,Republican,Brian Kemp (I),31528
Bartow,,Governor,,Democrat,Stacey Abrams,8137
Bartow,,Governor,,Libertarian,Shane Hazel,332
Bartow,,Lieutenant Governor,,Republican,Burt Jones,30353
Bartow,,Lieutenant Governor,,Democrat,Charlie Bailey,8394
Bartow,,Lieutenant Governor,,Libertarian,Ryan Graham,936
Bartow,,Secretary of State,,Republican,Brad Raffensperger (I),30050
Bartow,,Secretary of State,,Democrat,Bee Nguyen,7883
Bartow,,Secretary of State,,Libertarian,Ted Metz,1636
Bartow,,Attorney General,,Republican,Chris Carr (I),30504
Bartow,,Attorney General,,Democrat,"Jennifer """"Jen"""" Jordan",8524
Bartow,,Attorney General,,Libertarian,Martin Cowen,720
Bartow,,Commissioner of Agriculture,,Republican,Tyler Harper,30892
Bartow,,Commissioner of Agriculture,,Democrat,Nakita Hemingway,7787
Bartow,,Commissioner of Agriculture,,Libertarian,David Raudabaugh,999
Bartow,,Commissioner of Insurance,,Republican,John King (I),31255
Bartow,,Commissioner of Insurance,,Democrat,Janice Laws Robinson,8312
Bartow,,State School Superintendent,,Republican,Richard Woods (I),31366
Bartow,,State School Superintendent,,Democrat,Alisha Thomas Searcy,8239
Bartow,,Commissioner of Labor,,Republican,Bruce Thompson,30279
Bartow,,Commissioner of Labor,,Democrat,"William """"Will"""" Boddie, Jr",8050
Bartow,,Commissioner of Labor,,Libertarian,Emily Anderson,1201
Ben Hill,,U.S. Senate,,Republican,Herschel Junior Walker,3235
Ben Hill,,U.S. Senate,,Democrat,Raphael Warnock (I),1767
Ben Hill,,U.S. Senate,,,Chase Oliver (L),73
Ben Hill,,Governor,,Republican,Brian Kemp (I),3412
Ben Hill,,Governor,,Democrat,Stacey Abrams,1680
Ben Hill,,Governor,,,Shane Hazel (L),26
Ben Hill,,Lieutenant Governor,,Republican,Burt Jones,3344
Ben Hill,,Lieutenant Governor,,Democrat,Charlie Bailey,1630
Ben Hill,,Lieutenant Governor,,,Ryan Graham (L),51
Ben Hill,,Secretary of State,,Republican,Brad Raffensperger (I),3326
Ben Hill,,Secretary of State,,Democrat,Bee Nguyen,1575
Ben Hill,,Secretary of State,,,Ted Metz (L),123
Ben Hill,,Attorney General,,Republican,Chris Carr (I),3324
Ben Hill,,Attorney General,,Democrat,"Jennifer """"Jen"""" Jordan",1677
Ben Hill,,Attorney General,,,Martin Cowen (L),59
Ben Hill,,Commissioner of Agriculture,,Republican,Tyler Harper,3472
Ben Hill,,Commissioner of Agriculture,,Democrat,Nakita Hemingway,1541
Ben Hill,,Commissioner of Agriculture,,,David Raudabaugh (L),50
Ben Hill,,Commissioner of Insurance,,Republican,John King (I),3366
Ben Hill,,Commissioner of Insurance,,Democrat,Janice Laws Robinson,1667
Ben Hill,,State School Superintendent,,Republican,Richard Woods (I),3445
Ben Hill,,State School Superintendent,,Democrat,Alisha Thomas Searcy,1618
Ben Hill,,Commissioner of Labor,,Republican,Bruce Thompson,3323
Ben Hill,,Commissioner of Labor,,Democrat,"William """"Will"""" Boddie, Jr",1656
Ben Hill,,Commissioner of Labor,,,Emily Anderson (L),79
Berrien,,U.S. Senate,,Republican,Herschel Junior Walker,5002
Berrien,,U.S. Senate,,Democrat,Raphael Warnock (I),909
Berrien,,U.S. Senate,,,Chase Oliver (L),79
Berrien,,Governor,,Republican,Brian Kemp (I),5209
Berrien,,Governor,,Democrat,Stacey Abrams,772
Berrien,,Governor,,,Shane Hazel (L),38
Berrien,,Lieutenant Governor,,Republican,Burt Jones,5072
Berrien,,Lieutenant Governor,,Democrat,Charlie Bailey,797
Berrien,,Lieutenant Governor,,,Ryan Graham (L),78
Berrien,,Secretary of State,,Republican,Brad Raffensperger (I),5007
Berrien,,Secretary of State,,Democrat,Bee Nguyen,715
Berrien,,Secretary of State,,,Ted Metz (L),191
Berrien,,Attorney General,,Republican,Chris Carr (I),5096
Berrien,,Attorney General,,Democrat,"Jennifer """"Jen"""" Jordan",816
Berrien,,Attorney General,,,Martin Cowen (L),60
Berrien,,Commissioner of Agriculture,,Republican,Tyler Harper,5204
Berrien,,Commissioner of Agriculture,,Democrat,Nakita Hemingway,700
Berrien,,Commissioner of Agriculture,,,David Raudabaugh (L),75
Berrien,,Commissioner of Insurance,,Republican,John King (I),5187
Berrien,,Commissioner of Insurance,,Democrat,Janice Laws Robinson,774
Berrien,,State School Superintendent,,Republican,Richard Woods (I),5185
Berrien,,State School Superintendent,,Democrat,Alisha Thomas Searcy,780
Berrien,,Commissioner of Labor,,Republican,Bruce Thompson,5109
Berrien,,Commissioner of Labor,,Democrat,"William """"Will"""" Boddie, Jr",770
Berrien,,Commissioner of Labor,,,Emily Anderson (L),80
Bibb,,U.S. Senate,,Republican,Herschel Junior Walker,20203
Bibb,,U.S. Senate,,Democrat,Raphael Warnock (I),33105
Bibb,,U.S. Senate,,Libertarian,Chase Oliver,699
Bibb,,Governor,,Republican,Brian Kemp (I),22396
Bibb,,Governor,,Democrat,Stacey Abrams,31514
Bibb,,Governor,,Libertarian,Shane Hazel,290
Bibb,,Lieutenant Governor,,Republican,Burt Jones,21538
Bibb,,Lieutenant Governor,,Democrat,Charlie Bailey,31264
Bibb,,Lieutenant Governor,,Libertarian,Ryan Graham,847
Bibb,,Secretary of State,,Republican,Brad Raffensperger (I),22543
Bibb,,Secretary of State,,Democrat,Bee Nguyen,30054
Bibb,,Secretary of State,,Libertarian,Ted Metz,1061
Bibb,,Attorney General,,Republican,Chris Carr (I),21538
Bibb,,Attorney General,,Democrat,"Jennifer """"Jen"""" Jordan",31582
Bibb,,Attorney General,,Libertarian,Martin Cowen,631
Bibb,,Commissioner of Agriculture,,Republican,Tyler Harper,21866
Bibb,,Commissioner of Agriculture,,Democrat,Nakita Hemingway,30768
Bibb,,Commissioner of Agriculture,,Libertarian,David Raudabaugh,935
Bibb,,Commissioner of Insurance,,Republican,John King (I),22290
Bibb,,Commissioner of Insurance,,Democrat,Janice Laws Robinson,31199
Bibb,,State School Superintendent,,Republican,Richard Woods (I),22509
Bibb,,State School Superintendent,,Democrat,Alisha Thomas Searcy,31116
Bibb,,Commissioner of Labor,,Republican,Bruce Thompson,21504
Bibb,,Commissioner of Labor,,Democrat,"William """"Will"""" Boddie, Jr",30879
Bibb,,Commissioner of Labor,,Libertarian,Emily Anderson,1093
Bleckley,,U.S. Senate,,Republican,Herschel Junior Walker,3675
Bleckley,,U.S. Senate,,Democrat,Raphael Warnock (I),1039
Bleckley,,U.S. Senate,,Libertarian,Chase Oliver,77
Bleckley,,Governor,,Republican,Brian Kemp (I),3886
Bleckley,,Governor,,Democrat,Stacey Abrams,883
Bleckley,,Governor,,Libertarian,Shane Hazel,36
Bleckley,,Lieutenant Governor,,Republican,Burt Jones,3770
Bleckley,,Lieutenant Governor,,Democrat,Charlie Bailey,902
Bleckley,,Lieutenant Governor,,Libertarian,Ryan Graham,90
Bleckley,,Secretary of State,,Republican,Brad Raffensperger (I),3723
Bleckley,,Secretary of State,,Democrat,Bee Nguyen,865
Bleckley,,Secretary of State,,Libertarian,Ted Metz,143
Bleckley,,Attorney General,,Republican,Chris Carr (I),3753
Bleckley,,Attorney General,,Democrat,"Jennifer """"Jen"""" Jordan",944
Bleckley,,Attorney General,,Libertarian,Martin Cowen,61
Bleckley,,Commissioner of Agriculture,,Republican,Tyler Harper,3813
Bleckley,,Commissioner of Agriculture,,Democrat,Nakita Hemingway,863
Bleckley,,Commissioner of Agriculture,,Libertarian,David Raudabaugh,85
Bleckley,,Commissioner of Insurance,,Republican,John King (I),3849
Bleckley,,Commissioner of Insurance,,Democrat,Janice Laws Robinson,903
Bleckley,,State School Superintendent,,Republican,Richard Woods (I),3866
Bleckley,,State School Superintendent,,Democrat,Alisha Thomas Searcy,895
Bleckley,,Commissioner of Labor,,Republican,Bruce Thompson,3770
Bleckley,,Commissioner of Labor,,Democrat,"William """"Will"""" Boddie, Jr",873
Bleckley,,Commissioner of Labor,,Libertarian,Emily Anderson,105
Brantley,,U.S. Senate,,Republican,Herschel Junior Walker,5275
Brantley,,U.S. Senate,,Democrat,Raphael Warnock (I),477
Brantley,,U.S. Senate,,,Chase Oliver (L),94
Brantley,,Governor,,Republican,Brian Kemp (I),5416
Brantley,,Governor,,Democrat,Stacey Abrams,393
Brantley,,Governor,,,Shane Hazel (L),50
Brantley,,Lieutenant Governor,,Republican,Burt Jones,5334
Brantley,,Lieutenant Governor,,Democrat,Charlie Bailey,415
Brantley,,Lieutenant Governor,,,Ryan Graham (L),67
Brantley,,Secretary of State,,Republican,Brad Raffensperger (I),5205
Brantley,,Secretary of State,,Democrat,Bee Nguyen,384
Brantley,,Secretary of State,,,Ted Metz (L),196
Brantley,,Attorney General,,Republican,Chris Carr (I),5298
Brantley,,Attorney General,,Democrat,"Jennifer """"Jen"""" Jordan",459
Brantley,,Attorney General,,,Martin Cowen (L),71
Brantley,,Commissioner of Agriculture,,Republican,Tyler Harper,5352
Brantley,,Commissioner of Agriculture,,Democrat,Nakita Hemingway,400
Brantley,,Commissioner of Agriculture,,,David Raudabaugh (L),68
Brantley,,Commissioner of Insurance,,Republican,John King (I),5354
Brantley,,Commissioner of Insurance,,Democrat,Janice Laws Robinson,450
Brantley,,State School Superintendent,,Republican,Richard Woods (I),5378
Brantley,,State School Superintendent,,Democrat,Alisha Thomas Searcy,444
Brantley,,Commissioner of Labor,,Republican,Bruce Thompson,5310
Brantley,,Commissioner of Labor,,Democrat,"William """"Will"""" Boddie, Jr",425
Brantley,,Commissioner of Labor,,,Emily Anderson (L),82
Brooks,,U.S. Senate,,Republican,Herschel Junior Walker,3528
Brooks,,U.S. Senate,,Democrat,Raphael Warnock (I),1999
Brooks,,U.S. Senate,,,Chase Oliver (L),77
Brooks,,Governor,,Republican,Brian Kemp (I),3644
Brooks,,Governor,,Democrat,Stacey Abrams,1959
Brooks,,Governor,,,Shane Hazel (L),39
Brooks,,Lieutenant Governor,,Republican,Burt Jones,3551
Brooks,,Lieutenant Governor,,Democrat,Charlie Bailey,1882
Brooks,,Lieutenant Governor,,,Ryan Graham (L),82
Brooks,,Secretary of State,,Republican,Brad Raffensperger (I),3582
Brooks,,Secretary of State,,Democrat,Bee Nguyen,1790
Brooks,,Secretary of State,,,Ted Metz (L),141
Brooks,,Attorney General,,Republican,Chris Carr (I),3567
Brooks,,Attorney General,,Democrat,"Jennifer """"Jen"""" Jordan",1911
Brooks,,Attorney General,,,Martin Cowen (L),55
Brooks,,Commissioner of Agriculture,,Republican,Tyler Harper,3610
Brooks,,Commissioner of Agriculture,,Democrat,Nakita Hemingway,1845
Brooks,,Commissioner of Agriculture,,,David Raudabaugh (L),92
Brooks,,Commissioner of Insurance,,Republican,John King (I),3624
Brooks,,Commissioner of Insurance,,Democrat,Janice Laws Robinson,1892
Brooks,,State School Superintendent,,Republican,Richard Woods (I),3650
Brooks,,State School Superintendent,,Democrat,Alisha Thomas Searcy,1890
Brooks,,Commissioner of Labor,,Republican,Bruce Thompson,3576
Brooks,,Commissioner of Labor,,Democrat,"William """"Will"""" Boddie, Jr",1869
Brooks,,Commissioner of Labor,,,Emily Anderson (L),93
Bryan,,U.S. Senate,,Republican,Herschel Junior Walker,11143
Bryan,,U.S. Senate,,Democrat,Raphael Warnock (I),5404
Bryan,,U.S. Senate,,Libertarian,Chase Oliver,379
Bryan,,Governor,,Republican,Brian Kemp (I),12188
Bryan,,Governor,,Democrat,Stacey Abrams,4676
Bryan,,Governor,,Libertarian,Shane Hazel,142
Bryan,,Lieutenant Governor,,Republican,Burt Jones,11742
Bryan,,Lieutenant Governor,,Democrat,Charlie Bailey,4736
Bryan,,Lieutenant Governor,,Libertarian,Ryan Graham,371
Bryan,,Secretary of State,,Republican,Brad Raffensperger (I),11924
Bryan,,Secretary of State,,Democrat,Bee Nguyen,4361
Bryan,,Secretary of State,,Libertarian,Ted Metz,562
Bryan,,Attorney General,,Republican,Chris Carr (I),11734
Bryan,,Attorney General,,Democrat,"Jennifer """"Jen"""" Jordan",4835
Bryan,,Attorney General,,Libertarian,Martin Cowen,289
Bryan,,Commissioner of Agriculture,,Republican,Tyler Harper,11830
Bryan,,Commissioner of Agriculture,,Democrat,Nakita Hemingway,4529
Bryan,,Commissioner of Agriculture,,Libertarian,David Raudabaugh,437
Bryan,,Commissioner of Insurance,,Republican,John King (I),12074
Bryan,,Commissioner of Insurance,,Democrat,Janice Laws Robinson,4671
Bryan,,State School Superintendent,,Republican,Richard Woods (I),12089
Bryan,,State School Superintendent,,Democrat,Alisha Thomas Searcy,4698
Bryan,,Commissioner of Labor,,Republican,Bruce Thompson,11669
Bryan,,Commissioner of Labor,,Democrat,"William """"Will"""" Boddie, Jr",4610
Bryan,,Commissioner of Labor,,Libertarian,Emily Anderson,485
Bulloch,,U.S. Senate,,Republican,Herschel Junior Walker,14858
Bulloch,,U.S. Senate,,Democrat,Raphael Warnock (I),8195
Bulloch,,U.S. Senate,,Libertarian,Chase Oliver,416
Bulloch,,Governor,,Republican,Brian Kemp (I),16067
Bulloch,,Governor,,Democrat,Stacey Abrams,7352
Bulloch,,Governor,,Libertarian,Shane Hazel,172
Bulloch,,Lieutenant Governor,,Republican,Burt Jones,15487
Bulloch,,Lieutenant Governor,,Democrat,Charlie Bailey,7311
Bulloch,,Lieutenant Governor,,Libertarian,Ryan Graham,473
Bulloch,,Secretary of State,,Republican,Brad Raffensperger (I),15769
Bulloch,,Secretary of State,,Democrat,Bee Nguyen,6797
Bulloch,,Secretary of State,,Libertarian,Ted Metz,691
Bulloch,,Attorney General,,Republican,Chris Carr (I),15569
Bulloch,,Attorney General,,Democrat,"Jennifer """"Jen"""" Jordan",7423
Bulloch,,Attorney General,,Libertarian,Martin Cowen,339
Bulloch,,Commissioner of Agriculture,,Republican,Tyler Harper,15825
Bulloch,,Commissioner of Agriculture,,Democrat,Nakita Hemingway,6995
Bulloch,,Commissioner of Agriculture,,Libertarian,David Raudabaugh,456
Bulloch,,Commissioner of Insurance,,Republican,John King (I),15961
Bulloch,,Commissioner of Insurance,,Democrat,Janice Laws Robinson,7260
Bulloch,,State School Superintendent,,Republican,Richard Woods (I),16010
Bulloch,,State School Superintendent,,Democrat,Alisha Thomas Searcy,7263
Bulloch,,Commissioner of Labor,,Republican,Bruce Thompson,15544
Bulloch,,Commissioner of Labor,,Democrat,"William """"Will"""" Boddie, Jr",7161
Bulloch,,Commissioner of Labor,,Libertarian,Emily Anderson,541
Burke,,U.S. Senate,,Republican,Herschel Junior Walker,4462
Burke,,U.S. Senate,,Democrat,Raphael Warnock (I),3885
Burke,,U.S. Senate,,Libertarian,Chase Oliver,102
Burke,,Governor,,Republican,Brian Kemp (I),4685
Burke,,Governor,,Democrat,Stacey Abrams,3720
Burke,,Governor,,Libertarian,Shane Hazel,62
Burke,,Lieutenant Governor,,Republican,Burt Jones,4566
Burke,,Lieutenant Governor,,Democrat,Charlie Bailey,3593
Burke,,Lieutenant Governor,,Libertarian,Ryan Graham,136
Burke,,Secretary of State,,Republican,Brad Raffensperger (I),4575
Burke,,Secretary of State,,Democrat,Bee Nguyen,3515
Burke,,Secretary of State,,Libertarian,Ted Metz,190
Burke,,Attorney General,,Republican,Chris Carr (I),4561
Burke,,Attorney General,,Democrat,"Jennifer """"Jen"""" Jordan",3692
Burke,,Attorney General,,Libertarian,Martin Cowen,97
Burke,,Commissioner of Agriculture,,Republican,Tyler Harper,4598
Burke,,Commissioner of Agriculture,,Democrat,Nakita Hemingway,3609
Burke,,Commissioner of Agriculture,,Libertarian,David Raudabaugh,127
Burke,,Commissioner of Insurance,,Republican,John King (I),4632
Burke,,Commissioner of Insurance,,Democrat,Janice Laws Robinson,3669
Burke,,State School Superintendent,,Republican,Richard Woods (I),4687
Burke,,State School Superintendent,,Democrat,Alisha Thomas Searcy,3639
Burke,,Commissioner of Labor,,Republican,Bruce Thompson,4540
Burke,,Commissioner of Labor,,Democrat,"William """"Will"""" Boddie, Jr",3641
Burke,,Commissioner of Labor,,Libertarian,Emily Anderson,148
Butts,,U.S. Senate,,Republican,Herschel Junior Walker,6784
Butts,,U.S. Senate,,Democrat,Raphael Warnock (I),2666
Butts,,U.S. Senate,,Libertarian,Chase Oliver,182
Butts,,Governor,,Republican,Brian Kemp (I),7223
Butts,,Governor,,Democrat,Stacey Abrams,2420
Butts,,Governor,,Libertarian,Shane Hazel,52
Butts,,Lieutenant Governor,,Republican,Burt Jones,7110
Butts,,Lieutenant Governor,,Democrat,Charlie Bailey,2334
Butts,,Lieutenant Governor,,Libertarian,Ryan Graham,155
Butts,,Secretary of State,,Republican,Brad Raffensperger (I),6906
Butts,,Secretary of State,,Democrat,Bee Nguyen,2336
Butts,,Secretary of State,,Libertarian,Ted Metz,311
Butts,,Attorney General,,Republican,Chris Carr (I),7000
Butts,,Attorney General,,Democrat,"Jennifer """"Jen"""" Jordan",2488
Butts,,Attorney General,,Libertarian,Martin Cowen,113
Butts,,Commissioner of Agriculture,,Republican,Tyler Harper,7071
Butts,,Commissioner of Agriculture,,Democrat,Nakita Hemingway,2347
Butts,,Commissioner of Agriculture,,Libertarian,David Raudabaugh,170
Butts,,Commissioner of Insurance,,Republican,John King (I),7134
Butts,,Commissioner of Insurance,,Democrat,Janice Laws Robinson,2436
Butts,,State School Superintendent,,Republican,Richard Woods (I),7146
Butts,,State School Superintendent,,Democrat,Alisha Thomas Searcy,2439
Butts,,Commissioner of Labor,,Republican,Bruce Thompson,7005
Butts,,Commissioner of Labor,,Democrat,"William """"Will"""" Boddie, Jr",2378
Butts,,Commissioner of Labor,,Libertarian,Emily Anderson,183
Calhoun,,U.S. Senate,,Republican,Herschel Junior Walker,724
Calhoun,,U.S. Senate,,Democrat,Raphael Warnock (I),963
Calhoun,,U.S. Senate,,,Chase Oliver (L),11
Calhoun,,Governor,,Republican,Brian Kemp (I),793
Calhoun,,Governor,,Democrat,Stacey Abrams,919
Calhoun,,Governor,,,Shane Hazel (L),3
Calhoun,,Lieutenant Governor,,Republican,Burt Jones,760
Calhoun,,Lieutenant Governor,,Democrat,Charlie Bailey,897
Calhoun,,Lieutenant Governor,,,Ryan Graham (L),13
Calhoun,,Secretary of State,,Republican,Brad Raffensperger (I),780
Calhoun,,Secretary of State,,Democrat,Bee Nguyen,864
Calhoun,,Secretary of State,,,Ted Metz (L),30
Calhoun,,Attorney General,,Republican,Chris Carr (I),767
Calhoun,,Attorney General,,Democrat,"Jennifer """"Jen"""" Jordan",916
Calhoun,,Attorney General,,,Martin Cowen (L),7
Calhoun,,Commissioner of Agriculture,,Republican,Tyler Harper,772
Calhoun,,Commissioner of Agriculture,,Democrat,Nakita Hemingway,886
Calhoun,,Commissioner of Agriculture,,Independent,David Raudabaugh,21
Calhoun,,Commissioner of Insurance,,Republican,John King (I),778
Calhoun,,Commissioner of Insurance,,Democrat,Janice Laws Robinson,894
Calhoun,,State School Superintendent,,Republican,Richard Woods (I),782
Calhoun,,State School Superintendent,,Democrat,Alisha Thomas Searcy,896
Calhoun,,Commissioner of Labor,,Republican,Bruce Thompson,762
Calhoun,,Commissioner of Labor,,Democrat,"William """"Will"""" Boddie, Jr",899
Calhoun,,Commissioner of Labor,,,Emily Anderson (L),15
Camden,,U.S. Senate,,Republican,Herschel Junior Walker,11698
Camden,,U.S. Senate,,Democrat,Raphael Warnock (I),5758
Camden,,U.S. Senate,,,Chase Oliver (L),417
Camden,,Governor,,Republican,Brian Kemp (I),12494
Camden,,Governor,,Democrat,Stacey Abrams,5264
Camden,,Governor,,,Shane Hazel (L),187
Camden,,Lieutenant Governor,,Republican,Burt Jones,12116
Camden,,Lieutenant Governor,,Democrat,Charlie Bailey,5267
Camden,,Lieutenant Governor,,,Ryan Graham (L),395
Camden,,Secretary of State,,Republican,Brad Raffensperger (I),12291
Camden,,Secretary of State,,Democrat,Bee Nguyen,4837
Camden,,Secretary of State,,,Ted Metz (L),605
Camden,,Attorney General,,Republican,Chris Carr (I),12152
Camden,,Attorney General,,Democrat,"Jennifer """"Jen"""" Jordan",5337
Camden,,Attorney General,,,Martin Cowen (L),324
Camden,,Commissioner of Agriculture,,Republican,Tyler Harper,12136
Camden,,Commissioner of Agriculture,,Democrat,Nakita Hemingway,5166
Camden,,Commissioner of Agriculture,,,David Raudabaugh (L),443
Camden,,Commissioner of Insurance,,Republican,John King (I),12436
Camden,,Commissioner of Insurance,,Democrat,Janice Laws Robinson,5285
Camden,,State School Superintendent,,Republican,Richard Woods (I),12456
Camden,,State School Superintendent,,Democrat,Alisha Thomas Searcy,5297
Camden,,Commissioner of Labor,,Republican,Bruce Thompson,12071
Camden,,Commissioner of Labor,,Democrat,"William """"Will"""" Boddie, Jr",5145
Camden,,Commissioner of Labor,,,Emily Anderson (L),500
Candler,,U.S. Senate,,Republican,Herschel Junior Walker,2552
Candler,,U.S. Senate,,Democrat,Raphael Warnock (I),950
Candler,,U.S. Senate,,Libertarian,Chase Oliver,51
Candler,,Governor,,Republican,Brian Kemp (I),2666
Candler,,Governor,,Democrat,Stacey Abrams,885
Candler,,Governor,,Libertarian,Shane Hazel,11
Candler,,Lieutenant Governor,,Republican,Burt Jones,2619
Candler,,Lieutenant Governor,,Democrat,Charlie Bailey,868
Candler,,Lieutenant Governor,,Libertarian,Ryan Graham,39
Candler,,Secretary of State,,Republican,Brad Raffensperger (I),2603
Candler,,Secretary of State,,Democrat,Bee Nguyen,832
Candler,,Secretary of State,,Libertarian,Ted Metz,76
Candler,,Attorney General,,Republican,Chris Carr (I),2602
Candler,,Attorney General,,Democrat,"Jennifer """"Jen"""" Jordan",897
Candler,,Attorney General,,Libertarian,Martin Cowen,30
Candler,,Commissioner of Agriculture,,Republican,Tyler Harper,2650
Candler,,Commissioner of Agriculture,,Democrat,Nakita Hemingway,850
Candler,,Commissioner of Agriculture,,Libertarian,David Raudabaugh,32
Candler,,Commissioner of Insurance,,Republican,John King (I),2636
Candler,,Commissioner of Insurance,,Democrat,Janice Laws Robinson,882
Candler,,State School Superintendent,,Republican,Richard Woods (I),2660
Candler,,State School Superintendent,,Democrat,Alisha Thomas Searcy,862
Candler,,Commissioner of Labor,,Republican,Bruce Thompson,2615
Candler,,Commissioner of Labor,,Democrat,"William """"Will"""" Boddie, Jr",868
Candler,,Commissioner of Labor,,Libertarian,Emily Anderson,45
Carroll,,U.S. Senate,,Republican,Herschel Junior Walker,29838
Carroll,,U.S. Senate,,Democrat,Raphael Warnock (I),12582
Carroll,,U.S. Senate,,Libertarian,Chase Oliver,1087
Carroll,,Governor,,Republican,Brian Kemp (I),32095
Carroll,,Governor,,Democrat,Stacey Abrams,11258
Carroll,,Governor,,Libertarian,Shane Hazel,374
Carroll,,Lieutenant Governor,,Republican,Burt Jones,30860
Carroll,,Lieutenant Governor,,Democrat,Charlie Bailey,11504
Carroll,,Lieutenant Governor,,Libertarian,Ryan Graham,996
Carroll,,Secretary of State,,Republican,Brad Raffensperger (I),30961
Carroll,,Secretary of State,,Democrat,Bee Nguyen,10814
Carroll,,Secretary of State,,Libertarian,Ted Metz,1525
Carroll,,Attorney General,,Republican,Chris Carr (I),31161
Carroll,,Attorney General,,Democrat,"Jennifer """"Jen"""" Jordan",11621
Carroll,,Attorney General,,Libertarian,Martin Cowen,675
Carroll,,Commissioner of Agriculture,,Republican,Tyler Harper,31637
Carroll,,Commissioner of Agriculture,,Democrat,Nakita Hemingway,10815
Carroll,,Commissioner of Agriculture,,Libertarian,David Raudabaugh,927
Carroll,,Commissioner of Insurance,,Republican,John King (I),31907
Carroll,,Commissioner of Insurance,,Democrat,Janice Laws Robinson,11336
Carroll,,State School Superintendent,,Republican,Richard Woods (I),31953
Carroll,,State School Superintendent,,Democrat,Alisha Thomas Searcy,11347
Carroll,,Commissioner of Labor,,Republican,Bruce Thompson,31172
Carroll,,Commissioner of Labor,,Democrat,"William """"Will"""" Boddie, Jr",11004
Carroll,,Commissioner of Labor,,Libertarian,Emily Anderson,1118
Catoosa,,U.S. Senate,,Republican,Herschel Junior Walker,18562
Catoosa,,U.S. Senate,,Democrat,Raphael Warnock (I),5282
Catoosa,,U.S. Senate,,Libertarian,Chase Oliver,558
Catoosa,,Governor,,Republican,Brian Kemp (I),20009
Catoosa,,Governor,,Democrat,Stacey Abrams,4255
Catoosa,,Governor,,Libertarian,Shane Hazel,239
Catoosa,,Lieutenant Governor,,Republican,Burt Jones,19278
Catoosa,,Lieutenant Governor,,Democrat,Charlie Bailey,4583
Catoosa,,Lieutenant Governor,,Libertarian,Ryan Graham,496
Catoosa,,Secretary of State,,Republican,Brad Raffensperger (I),19522
Catoosa,,Secretary of State,,Democrat,Bee Nguyen,3904
Catoosa,,Secretary of State,,Libertarian,Ted Metz,822
Catoosa,,Attorney General,,Republican,Chris Carr (I),19255
Catoosa,,Attorney General,,Democrat,"Jennifer """"Jen"""" Jordan",4716
Catoosa,,Attorney General,,Libertarian,Martin Cowen,397
Catoosa,,Commissioner of Agriculture,,Republican,Tyler Harper,19385
Catoosa,,Commissioner of Agriculture,,Democrat,Nakita Hemingway,4349
Catoosa,,Commissioner of Agriculture,,Libertarian,David Raudabaugh,548
Catoosa,,Commissioner of Insurance,,Republican,John King (I),19797
Catoosa,,Commissioner of Insurance,,Democrat,Janice Laws Robinson,4479
Catoosa,,State School Superintendent,,Republican,Richard Woods (I),19826
Catoosa,,State School Superintendent,,Democrat,Alisha Thomas Searcy,4494
Catoosa,,Commissioner of Labor,,Republican,Bruce Thompson,19194
Catoosa,,Commissioner of Labor,,Democrat,"William """"Will"""" Boddie, Jr",4474
Catoosa,,Commissioner of Labor,,Libertarian,Emily Anderson,595
Charlton,,U.S. Senate,,Republican,Herschel Junior Walker,2552
Charlton,,U.S. Senate,,Democrat,Raphael Warnock (I),780
Charlton,,U.S. Senate,,,Chase Oliver (L),55
Charlton,,Governor,,Republican,Brian Kemp (I),2654
Charlton,,Governor,,Democrat,Stacey Abrams,728
Charlton,,Governor,,,Shane Hazel (L),23
Charlton,,Lieutenant Governor,,Republican,Burt Jones,2583
Charlton,,Lieutenant Governor,,Democrat,Charlie Bailey,720
Charlton,,Lieutenant Governor,,,Ryan Graham (L),46
Charlton,,Secretary of State,,Republican,Brad Raffensperger (I),2576
Charlton,,Secretary of State,,Democrat,Bee Nguyen,663
Charlton,,Secretary of State,,,Ted Metz (L),83
Charlton,,Attorney General,,Republican,Chris Carr (I),2603
Charlton,,Attorney General,,Democrat,"Jennifer """"Jen"""" Jordan",717
Charlton,,Attorney General,,,Martin Cowen (L),41
Charlton,,Commissioner of Agriculture,,Republican,Tyler Harper,2624
Charlton,,Commissioner of Agriculture,,Democrat,Nakita Hemingway,685
Charlton,,Commissioner of Agriculture,,,David Raudabaugh (L),40
Charlton,,Commissioner of Insurance,,Republican,John King (I),2630
Charlton,,Commissioner of Insurance,,Democrat,Janice Laws Robinson,716
Charlton,,State School Superintendent,,Republican,Richard Woods (I),2631
Charlton,,State School Superintendent,,Democrat,Alisha Thomas Searcy,718
Charlton,,Commissioner of Labor,,Republican,Bruce Thompson,2589
Charlton,,Commissioner of Labor,,Democrat,"William """"Will"""" Boddie, Jr",710
Charlton,,Commissioner of Labor,,,Emily Anderson (L),56
Chatham,,U.S. Senate,,Republican,Herschel Junior Walker,41189
Chatham,,U.S. Senate,,Democrat,Raphael Warnock (I),62996
Chatham,,U.S. Senate,,Libertarian,Chase Oliver,1816
Chatham,,Governor,,Republican,Brian Kemp (I),46593
Chatham,,Governor,,Democrat,Stacey Abrams,58978
Chatham,,Governor,,Libertarian,Shane Hazel,758
Chatham,,Lieutenant Governor,,Republican,Burt Jones,44010
Chatham,,Lieutenant Governor,,Democrat,Charlie Bailey,58457
Chatham,,Lieutenant Governor,,Libertarian,Ryan Graham,2518
Chatham,,Secretary of State,,Republican,Brad Raffensperger (I),47588
Chatham,,Secretary of State,,Democrat,Bee Nguyen,54903
Chatham,,Secretary of State,,Libertarian,Ted Metz,2661
Chatham,,Attorney General,,Republican,Chris Carr (I),44489
Chatham,,Attorney General,,Democrat,"Jennifer """"Jen"""" Jordan",59020
Chatham,,Attorney General,,Libertarian,Martin Cowen,1747
Chatham,,Commissioner of Agriculture,,Republican,Tyler Harper,45297
Chatham,,Commissioner of Agriculture,,Democrat,Nakita Hemingway,56917
Chatham,,Commissioner of Agriculture,,Libertarian,David Raudabaugh,2502
Chatham,,Commissioner of Insurance,,Republican,John King (I),46546
Chatham,,Commissioner of Insurance,,Democrat,Janice Laws Robinson,57968
Chatham,,State School Superintendent,,Republican,Richard Woods (I),46940
Chatham,,State School Superintendent,,Democrat,Alisha Thomas Searcy,57875
Chatham,,Commissioner of Labor,,Republican,Bruce Thompson,44267
Chatham,,Commissioner of Labor,,Democrat,"William """"Will"""" Boddie, Jr",57247
Chatham,,Commissioner of Labor,,Libertarian,Emily Anderson,3038
Chattahoochee,,U.S. Senate,,Republican,Herschel Junior Walker,538
Chattahoochee,,U.S. Senate,,Democrat,Raphael Warnock (I),453
Chattahoochee,,U.S. Senate,,Libertarian,Chase Oliver,24
Chattahoochee,,Governor,,Republican,Brian Kemp (I),583
Chattahoochee,,Governor,,Democrat,Stacey Abrams,427
Chattahoochee,,Governor,,Libertarian,Shane Hazel,10
Chattahoochee,,Lieutenant Governor,,Republican,Burt Jones,562
Chattahoochee,,Lieutenant Governor,,Democrat,Charlie Bailey,417
Chattahoochee,,Lieutenant Governor,,Libertarian,Ryan Graham,14
Chattahoochee,,Secretary of State,,Republican,Brad Raffensperger (I),572
Chattahoochee,,Secretary of State,,Democrat,Bee Nguyen,406
Chattahoochee,,Secretary of State,,Libertarian,Ted Metz,20
Chattahoochee,,Attorney General,,Republican,Chris Carr (I),562
Chattahoochee,,Attorney General,,Democrat,"Jennifer """"Jen"""" Jordan",426
Chattahoochee,,Attorney General,,Libertarian,Martin Cowen,13
Chattahoochee,,Commissioner of Agriculture,,Republican,Tyler Harper,577
Chattahoochee,,Commissioner of Agriculture,,Democrat,Nakita Hemingway,403
Chattahoochee,,Commissioner of Agriculture,,Libertarian,David Raudabaugh,19
Chattahoochee,,Commissioner of Insurance,,Republican,John King (I),578
Chattahoochee,,Commissioner of Insurance,,Democrat,Janice Laws Robinson,419
Chattahoochee,,State School Superintendent,,Republican,Richard Woods (I),573
Chattahoochee,,State School Superintendent,,Democrat,Alisha Thomas Searcy,425
Chattahoochee,,Commissioner of Labor,,Republican,Bruce Thompson,558
Chattahoochee,,Commissioner of Labor,,Democrat,"William """"Will"""" Boddie, Jr",417
Chattahoochee,,Commissioner of Labor,,Libertarian,Emily Anderson,23
Chattooga,,U.S. Senate,,Republican,Herschel Junior Walker,5977
Chattooga,,U.S. Senate,,Democrat,Raphael Warnock (I),1514
Chattooga,,U.S. Senate,,Libertarian,Chase Oliver,172
Chattooga,,Governor,,Republican,Brian Kemp (I),6471
Chattooga,,Governor,,Democrat,Stacey Abrams,1192
Chattooga,,Governor,,Libertarian,Shane Hazel,49
Chattooga,,Lieutenant Governor,,Republican,Burt Jones,6150
Chattooga,,Lieutenant Governor,,Democrat,Charlie Bailey,1315
Chattooga,,Lieutenant Governor,,Libertarian,Ryan Graham,141
Chattooga,,Secretary of State,,Republican,Brad Raffensperger (I),6208
Chattooga,,Secretary of State,,Democrat,Bee Nguyen,1164
Chattooga,,Secretary of State,,Libertarian,Ted Metz,225
Chattooga,,Attorney General,,Republican,Chris Carr (I),6216
Chattooga,,Attorney General,,Democrat,"Jennifer """"Jen"""" Jordan",1318
Chattooga,,Attorney General,,Libertarian,Martin Cowen,96
Chattooga,,Commissioner of Agriculture,,Republican,Tyler Harper,6283
Chattooga,,Commissioner of Agriculture,,Democrat,Nakita Hemingway,1205
Chattooga,,Commissioner of Agriculture,,Libertarian,David Raudabaugh,133
Chattooga,,Commissioner of Insurance,,Republican,John King (I),6346
Chattooga,,Commissioner of Insurance,,Democrat,Janice Laws Robinson,1259
Chattooga,,State School Superintendent,,Republican,Richard Woods (I),6357
Chattooga,,State School Superintendent,,Democrat,Alisha Thomas Searcy,1267
Chattooga,,Commissioner of Labor,,Republican,Bruce Thompson,6205
Chattooga,,Commissioner of Labor,,Democrat,"William """"Will"""" Boddie, Jr",1269
Chattooga,,Commissioner of Labor,,Libertarian,Emily Anderson,139
Cherokee,,U.S. Senate,,Republican,Herschel Junior Walker,80811
Cherokee,,U.S. Senate,,Democrat,Raphael Warnock (I),34987
Cherokee,,U.S. Senate,,Libertarian,Chase Oliver,3833
Cherokee,,Governor,,Republican,Brian Kemp (I),89322
Cherokee,,Governor,,Democrat,Stacey Abrams,29893
Cherokee,,Governor,,Libertarian,Shane Hazel,1159
Cherokee,,Lieutenant Governor,,Republican,Burt Jones,85000
Cherokee,,Lieutenant Governor,,Democrat,Charlie Bailey,31271
Cherokee,,Lieutenant Governor,,Libertarian,Ryan Graham,3284
Cherokee,,Secretary of State,,Republican,Brad Raffensperger (I),86192
Cherokee,,Secretary of State,,Democrat,Bee Nguyen,28267
Cherokee,,Secretary of State,,Libertarian,Ted Metz,4939
Cherokee,,Attorney General,,Republican,Chris Carr (I),85902
Cherokee,,Attorney General,,Democrat,"Jennifer """"Jen"""" Jordan",31320
Cherokee,,Attorney General,,Libertarian,Martin Cowen,2390
Cherokee,,Commissioner of Agriculture,,Republican,Tyler Harper,87150
Cherokee,,Commissioner of Agriculture,,Democrat,Nakita Hemingway,28571
Cherokee,,Commissioner of Agriculture,,Libertarian,David Raudabaugh,3429
Cherokee,,Commissioner of Insurance,,Republican,John King (I),89159
Cherokee,,Commissioner of Insurance,,Democrat,Janice Laws Robinson,29712
Cherokee,,State School Superintendent,,Republican,Richard Woods (I),89226
Cherokee,,State School Superintendent,,Democrat,Alisha Thomas Searcy,29904
Cherokee,,Commissioner of Labor,,Republican,Bruce Thompson,85910
Cherokee,,Commissioner of Labor,,Democrat,"William """"Will"""" Boddie, Jr",29230
Cherokee,,Commissioner of Labor,,Libertarian,Emily Anderson,3715
Clarke,,U.S. Senate,,Republican,Herschel Junior Walker,10810
Clarke,,U.S. Senate,,Democrat,Raphael Warnock (I),28566
Clarke,,U.S. Senate,,Libertarian,Chase Oliver,800
Clarke,,Governor,,Republican,Brian Kemp (I),13091
Clarke,,Governor,,Democrat,Stacey Abrams,26901
Clarke,,Governor,,Libertarian,Shane Hazel,324
Clarke,,Lieutenant Governor,,Republican,Burt Jones,11791
Clarke,,Lieutenant Governor,,Democrat,Charlie Bailey,27124
Clarke,,Lieutenant Governor,,Libertarian,Ryan Graham,941
Clarke,,Secretary of State,,Republican,Brad Raffensperger (I),13609
Clarke,,Secretary of State,,Democrat,Bee Nguyen,25404
Clarke,,Secretary of State,,Libertarian,Ted Metz,913
Clarke,,Attorney General,,Republican,Chris Carr (I),12198
Clarke,,Attorney General,,Democrat,"Jennifer """"Jen"""" Jordan",27053
Clarke,,Attorney General,,Libertarian,Martin Cowen,677
Clarke,,Commissioner of Agriculture,,Republican,Tyler Harper,12973
Clarke,,Commissioner of Agriculture,,Democrat,Nakita Hemingway,25715
Clarke,,Commissioner of Agriculture,,Libertarian,David Raudabaugh,1007
Clarke,,Commissioner of Insurance,,Republican,John King (I),13169
Clarke,,Commissioner of Insurance,,Democrat,Janice Laws Robinson,26420
Clarke,,State School Superintendent,,Republican,Richard Woods (I),14016
Clarke,,State School Superintendent,,Democrat,Alisha Thomas Searcy,25573
Clarke,,Commissioner of Labor,,Republican,Bruce Thompson,12147
Clarke,,Commissioner of Labor,,Democrat,"William """"Will"""" Boddie, Jr",26269
Clarke,,Commissioner of Labor,,Libertarian,Emily Anderson,1232
Clayton,,U.S. Senate,,Republican,Herschel Junior Walker,9450
Clayton,,U.S. Senate,,Democrat,Raphael Warnock (I),73412
Clayton,,U.S. Senate,,Libertarian,Chase Oliver,1090
Clayton,,Governor,,Republican,Brian Kemp (I),11306
Clayton,,Governor,,Democrat,Stacey Abrams,72399
Clayton,,Governor,,Libertarian,Shane Hazel,431
Clayton,,Lieutenant Governor,,Republican,Burt Jones,10447
Clayton,,Lieutenant Governor,,Democrat,Charlie Bailey,70855
Clayton,,Lieutenant Governor,,Libertarian,Ryan Graham,1793
Clayton,,Secretary of State,,Republican,Brad Raffensperger (I),12206
Clayton,,Secretary of State,,Democrat,Bee Nguyen,69750
Clayton,,Secretary of State,,Libertarian,Ted Metz,1362
Clayton,,Attorney General,,Republican,Chris Carr (I),10793
Clayton,,Attorney General,,Democrat,"Jennifer """"Jen"""" Jordan",71383
Clayton,,Attorney General,,Libertarian,Martin Cowen,1291
Clayton,,Commissioner of Agriculture,,Republican,Tyler Harper,10781
Clayton,,Commissioner of Agriculture,,Democrat,Nakita Hemingway,70894
Clayton,,Commissioner of Agriculture,,Libertarian,David Raudabaugh,1662
Clayton,,Commissioner of Insurance,,Republican,John King (I),11287
Clayton,,Commissioner of Insurance,,Democrat,Janice Laws Robinson,71808
Clayton,,State School Superintendent,,Republican,Richard Woods (I),11279
Clayton,,State School Superintendent,,Democrat,Alisha Thomas Searcy,72007
Clayton,,Commissioner of Labor,,Republican,Bruce Thompson,10421
Clayton,,Commissioner of Labor,,Democrat,"William """"Will"""" Boddie, Jr",70508
Clayton,,Commissioner of Labor,,Libertarian,Emily Anderson,2276
Clay,,U.S. Senate,,Republican,Herschel Junior Walker,528
Clay,,U.S. Senate,,Democrat,Raphael Warnock (I),572
Clay,,U.S. Senate,,,Chase Oliver (L),20
Clay,,Governor,,Republican,Brian Kemp (I),570
Clay,,Governor,,Democrat,Stacey Abrams,553
Clay,,Governor,,,Shane Hazel (L),3
Clay,,Lieutenant Governor,,Republican,Burt Jones,554
Clay,,Lieutenant Governor,,Democrat,Charlie Bailey,525
Clay,,Lieutenant Governor,,,Ryan Graham (L),14
Clay,,Secretary of State,,Republican,Brad Raffensperger (I),568
Clay,,Secretary of State,,Democrat,Bee Nguyen,499
Clay,,Secretary of State,,,Ted Metz (L),18
Clay,,Attorney General,,Republican,Chris Carr (I),550
Clay,,Attorney General,,Democrat,"Jennifer """"Jen"""" Jordan",544
Clay,,Attorney General,,,Martin Cowen (L),11
Clay,,Commissioner of Agriculture,,Republican,Tyler Harper,564
Clay,,Commissioner of Agriculture,,Democrat,Nakita Hemingway,518
Clay,,Commissioner of Agriculture,,,David Raudabaugh (L),16
Clay,,Commissioner of Insurance,,Republican,John King (I),572
Clay,,Commissioner of Insurance,,Democrat,Janice Laws Robinson,523
Clay,,State School Superintendent,,Republican,Richard Woods (I),576
Clay,,State School Superintendent,,Democrat,Alisha Thomas Searcy,521
Clay,,Commissioner of Labor,,Republican,Bruce Thompson,554
Clay,,Commissioner of Labor,,Democrat,"William """"Will"""" Boddie, Jr",531
Clay,,Commissioner of Labor,,,Emily Anderson (L),12
Clinch,,U.S. Senate,,Republican,Herschel Junior Walker,1630
Clinch,,U.S. Senate,,Democrat,Raphael Warnock (I),439
Clinch,,U.S. Senate,,,Chase Oliver (L),35
Clinch,,Governor,,Republican,Brian Kemp (I),1668
Clinch,,Governor,,Democrat,Stacey Abrams,433
Clinch,,Governor,,,Shane Hazel (L),13
Clinch,,Lieutenant Governor,,Republican,Burt Jones,1633
Clinch,,Lieutenant Governor,,Democrat,Charlie Bailey,399
Clinch,,Lieutenant Governor,,,Ryan Graham (L),23
Clinch,,Secretary of State,,Republican,Brad Raffensperger (I),1609
Clinch,,Secretary of State,,Democrat,Bee Nguyen,375
Clinch,,Secretary of State,,,Ted Metz (L),59
Clinch,,Attorney General,,Republican,Chris Carr (I),1631
Clinch,,Attorney General,,Democrat,"Jennifer """"Jen"""" Jordan",412
Clinch,,Attorney General,,,Martin Cowen (L),26
Clinch,,Commissioner of Agriculture,,Republican,Tyler Harper,1659
Clinch,,Commissioner of Agriculture,,Democrat,Nakita Hemingway,386
Clinch,,Commissioner of Agriculture,,,David Raudabaugh (L),26
Clinch,,Commissioner of Insurance,,Republican,John King (I),1653
Clinch,,Commissioner of Insurance,,Democrat,Janice Laws Robinson,401
Clinch,,State School Superintendent,,Republican,Richard Woods (I),1657
Clinch,,State School Superintendent,,Democrat,Alisha Thomas Searcy,400
Clinch,,Commissioner of Labor,,Republican,Bruce Thompson,1634
Clinch,,Commissioner of Labor,,Democrat,"William """"Will"""" Boddie, Jr",403
Clinch,,Commissioner of Labor,,,Emily Anderson (L),26
Cobb,,U.S. Senate,,Republican,Herschel Junior Walker,125795
Cobb,,U.S. Senate,,Democrat,Raphael Warnock (I),176385
Cobb,,U.S. Senate,,Libertarian,Chase Oliver,8472
Cobb,,Governor,,Republican,Brian Kemp (I),147698
Cobb,,Governor,,Democrat,Stacey Abrams,161872
Cobb,,Governor,,Libertarian,Shane Hazel,2645
Cobb,,Lieutenant Governor,,Republican,Burt Jones,136609
Cobb,,Lieutenant Governor,,Democrat,Charlie Bailey,163685
Cobb,,Lieutenant Governor,,Libertarian,Ryan Graham,8902
Cobb,,Secretary of State,,Republican,Brad Raffensperger (I),147717
Cobb,,Secretary of State,,Democrat,Bee Nguyen,152756
Cobb,,Secretary of State,,Libertarian,Ted Metz,9310
Cobb,,Attorney General,,Republican,Chris Carr (I),139889
Cobb,,Attorney General,,Democrat,"Jennifer """"Jen"""" Jordan",164104
Cobb,,Attorney General,,Libertarian,Martin Cowen,5800
Cobb,,Commissioner of Agriculture,,Republican,Tyler Harper,143834
Cobb,,Commissioner of Agriculture,,Democrat,Nakita Hemingway,155415
Cobb,,Commissioner of Agriculture,,Libertarian,David Raudabaugh,8902
Cobb,,Commissioner of Insurance,,Republican,John King (I),148576
Cobb,,Commissioner of Insurance,,Democrat,Janice Laws Robinson,158724
Cobb,,State School Superintendent,,Republican,Richard Woods (I),147429
Cobb,,State School Superintendent,,Democrat,Alisha Thomas Searcy,160960
Cobb,,Commissioner of Labor,,Republican,Bruce Thompson,140271
Cobb,,Commissioner of Labor,,Democrat,"William """"Will"""" Boddie, Jr",156735
Cobb,,Commissioner of Labor,,Libertarian,Emily Anderson,10515
Coffee,,U.S. Senate,,Republican,Herschel Junior Walker,8447
Coffee,,U.S. Senate,,Democrat,Raphael Warnock (I),3216
Coffee,,U.S. Senate,,,Chase Oliver (L),189
Coffee,,Governor,,Republican,Brian Kemp (I),8818
Coffee,,Governor,,Democrat,Stacey Abrams,3021
Coffee,,Governor,,,Shane Hazel (L),66
Coffee,,Lieutenant Governor,,Republican,Burt Jones,8584
Coffee,,Lieutenant Governor,,Democrat,Charlie Bailey,2948
Coffee,,Lieutenant Governor,,,Ryan Graham (L),139
Coffee,,Secretary of State,,Republican,Brad Raffensperger (I),8500
Coffee,,Secretary of State,,Democrat,Bee Nguyen,2829
Coffee,,Secretary of State,,,Ted Metz (L),319
Coffee,,Attorney General,,Republican,Chris Carr (I),8603
Coffee,,Attorney General,,Democrat,"Jennifer """"Jen"""" Jordan",2989
Coffee,,Attorney General,,,Martin Cowen (L),116
Coffee,,Commissioner of Agriculture,,Republican,Tyler Harper,8823
Coffee,,Commissioner of Agriculture,,Democrat,Nakita Hemingway,2778
Coffee,,Commissioner of Agriculture,,,David Raudabaugh (L),147
Coffee,,Commissioner of Insurance,,Republican,John King (I),8720
Coffee,,Commissioner of Insurance,,Democrat,Janice Laws Robinson,2959
Coffee,,State School Superintendent,,Republican,Richard Woods (I),8764
Coffee,,State School Superintendent,,Democrat,Alisha Thomas Searcy,2940
Coffee,,Commissioner of Labor,,Republican,Bruce Thompson,8601
Coffee,,Commissioner of Labor,,Democrat,"William """"Will"""" Boddie, Jr",2922
Coffee,,Commissioner of Labor,,,Emily Anderson (L),161
Colquitt,,U.S. Senate,,Republican,Herschel Junior Walker,9390
Colquitt,,U.S. Senate,,Democrat,Raphael Warnock (I),2966
Colquitt,,U.S. Senate,,,Chase Oliver (L),192
Colquitt,,Governor,,Republican,Brian Kemp (I),9860
Colquitt,,Governor,,Democrat,Stacey Abrams,2684
Colquitt,,Governor,,,Shane Hazel (L),54
Colquitt,,Lieutenant Governor,,Republican,Burt Jones,9630
Colquitt,,Lieutenant Governor,,Democrat,Charlie Bailey,2637
Colquitt,,Lieutenant Governor,,,Ryan Graham (L),152
Colquitt,,Secretary of State,,Republican,Brad Raffensperger (I),9565
Colquitt,,Secretary of State,,Democrat,Bee Nguyen,2522
Colquitt,,Secretary of State,,,Ted Metz (L),312
Colquitt,,Attorney General,,Republican,Chris Carr (I),9657
Colquitt,,Attorney General,,Democrat,"Jennifer """"Jen"""" Jordan",2713
Colquitt,,Attorney General,,,Martin Cowen (L),119
Colquitt,,Commissioner of Agriculture,,Republican,Tyler Harper,9757
Colquitt,,Commissioner of Agriculture,,Democrat,Nakita Hemingway,2567
Colquitt,,Commissioner of Agriculture,,,David Raudabaugh (L),153
Colquitt,,Commissioner of Insurance,,Republican,John King (I),9752
Colquitt,,Commissioner of Insurance,,Democrat,Janice Laws Robinson,2677
Colquitt,,State School Superintendent,,Republican,Richard Woods (I),9795
Colquitt,,State School Superintendent,,Democrat,Alisha Thomas Searcy,2673
Colquitt,,Commissioner of Labor,,Republican,Bruce Thompson,9634
Colquitt,,Commissioner of Labor,,Democrat,"William """"Will"""" Boddie, Jr",2624
Colquitt,,Commissioner of Labor,,,Emily Anderson (L),196
Columbia,,U.S. Senate,,Republican,Herschel Junior Walker,40172
Columbia,,U.S. Senate,,Democrat,Raphael Warnock (I),22965
Columbia,,U.S. Senate,,Libertarian,Chase Oliver,1257
Columbia,,Governor,,Republican,Brian Kemp (I),43437
Columbia,,Governor,,Democrat,Stacey Abrams,20617
Columbia,,Governor,,Libertarian,Shane Hazel,518
Columbia,,Lieutenant Governor,,Republican,Burt Jones,41918
Columbia,,Lieutenant Governor,,Democrat,Charlie Bailey,20723
Columbia,,Lieutenant Governor,,Libertarian,Ryan Graham,1472
Columbia,,Secretary of State,,Republican,Brad Raffensperger (I),42592
Columbia,,Secretary of State,,Democrat,Bee Nguyen,19452
Columbia,,Secretary of State,,Libertarian,Ted Metz,1975
Columbia,,Attorney General,,Republican,Chris Carr (I),42073
Columbia,,Attorney General,,Democrat,"Jennifer """"Jen"""" Jordan",21113
Columbia,,Attorney General,,Libertarian,Martin Cowen,995
Columbia,,Commissioner of Agriculture,,Republican,Tyler Harper,42510
Columbia,,Commissioner of Agriculture,,Democrat,Nakita Hemingway,20045
Columbia,,Commissioner of Agriculture,,Libertarian,David Raudabaugh,1454
Columbia,,Commissioner of Insurance,,Republican,John King (I),43424
Columbia,,Commissioner of Insurance,,Democrat,Janice Laws Robinson,20464
Columbia,,State School Superintendent,,Republican,Richard Woods (I),43368
Columbia,,State School Superintendent,,Democrat,Alisha Thomas Searcy,20640
Columbia,,Commissioner of Labor,,Republican,Bruce Thompson,42103
Columbia,,Commissioner of Labor,,Democrat,"William """"Will"""" Boddie, Jr",20062
Columbia,,Commissioner of Labor,,Libertarian,Emily Anderson,1751
Cook,,U.S. Senate,,Republican,Herschel Junior Walker,3944
Cook,,U.S. Senate,,Democrat,Raphael Warnock (I),1497
Cook,,U.S. Senate,,,Chase Oliver (L),96
Cook,,Governor,,Republican,Brian Kemp (I),4138
Cook,,Governor,,Democrat,Stacey Abrams,1387
Cook,,Governor,,,Shane Hazel (L),32
Cook,,Lieutenant Governor,,Republican,Burt Jones,4024
Cook,,Lieutenant Governor,,Democrat,Charlie Bailey,1374
Cook,,Lieutenant Governor,,,Ryan Graham (L),88
Cook,,Secretary of State,,Republican,Brad Raffensperger (I),3994
Cook,,Secretary of State,,Democrat,Bee Nguyen,1323
Cook,,Secretary of State,,,Ted Metz (L),162
Cook,,Attorney General,,Republican,Chris Carr (I),4035
Cook,,Attorney General,,Democrat,"Jennifer """"Jen"""" Jordan",1405
Cook,,Attorney General,,,Martin Cowen (L),71
Cook,,Commissioner of Agriculture,,Republican,Tyler Harper,4068
Cook,,Commissioner of Agriculture,,Democrat,Nakita Hemingway,1360
Cook,,Commissioner of Agriculture,,,David Raudabaugh (L),90
Cook,,Commissioner of Insurance,,Republican,John King (I),4087
Cook,,Commissioner of Insurance,,Democrat,Janice Laws Robinson,1405
Cook,,State School Superintendent,,Republican,Richard Woods (I),4116
Cook,,State School Superintendent,,Democrat,Alisha Thomas Searcy,1394
Cook,,Commissioner of Labor,,Republican,Bruce Thompson,4047
Cook,,Commissioner of Labor,,Democrat,"William """"Will"""" Boddie, Jr",1382
Cook,,Commissioner of Labor,,,Emily Anderson (L),81
Coweta,,U.S. Senate,,Republican,Herschel Junior Walker,41512
Coweta,,U.S. Senate,,Democrat,Raphael Warnock (I),20169
Coweta,,U.S. Senate,,Libertarian,Chase Oliver,1674
Coweta,,Governor,,Republican,Brian Kemp (I),45376
Coweta,,Governor,,Democrat,Stacey Abrams,17847
Coweta,,Governor,,Libertarian,Shane Hazel,503
Coweta,,Lieutenant Governor,,Republican,Burt Jones,43539
Coweta,,Lieutenant Governor,,Democrat,Charlie Bailey,18208
Coweta,,Lieutenant Governor,,Libertarian,Ryan Graham,1423
Coweta,,Secretary of State,,Republican,Brad Raffensperger (I),44058
Coweta,,Secretary of State,,Democrat,Bee Nguyen,16938
Coweta,,Secretary of State,,Libertarian,Ted Metz,2127
Coweta,,Attorney General,,Republican,Chris Carr (I),43908
Coweta,,Attorney General,,Democrat,"Jennifer """"Jen"""" Jordan",18260
Coweta,,Attorney General,,Libertarian,Martin Cowen,1076
Coweta,,Commissioner of Agriculture,,Republican,Tyler Harper,44442
Coweta,,Commissioner of Agriculture,,Democrat,Nakita Hemingway,17134
Coweta,,Commissioner of Agriculture,,Libertarian,David Raudabaugh,1508
Coweta,,Commissioner of Insurance,,Republican,John King (I),45181
Coweta,,Commissioner of Insurance,,Democrat,Janice Laws Robinson,17700
Coweta,,State School Superintendent,,Republican,Richard Woods (I),45493
Coweta,,State School Superintendent,,Democrat,Alisha Thomas Searcy,17541
Coweta,,Commissioner of Labor,,Republican,Bruce Thompson,43830
Coweta,,Commissioner of Labor,,Democrat,"William """"Will"""" Boddie, Jr",17378
Coweta,,Commissioner of Labor,,Libertarian,Emily Anderson,1743
Crawford,,U.S. Senate,,Republican,Herschel Junior Walker,3440
Crawford,,U.S. Senate,,Democrat,Raphael Warnock (I),1298
Crawford,,U.S. Senate,,Libertarian,Chase Oliver,78
Crawford,,Governor,,Republican,Brian Kemp (I),3633
Crawford,,Governor,,Democrat,Stacey Abrams,1171
Crawford,,Governor,,Libertarian,Shane Hazel,31
Crawford,,Lieutenant Governor,,Republican,Burt Jones,3538
Crawford,,Lieutenant Governor,,Democrat,Charlie Bailey,1167
Crawford,,Lieutenant Governor,,Libertarian,Ryan Graham,58
Crawford,,Secretary of State,,Republican,Brad Raffensperger (I),3490
Crawford,,Secretary of State,,Democrat,Bee Nguyen,1116
Crawford,,Secretary of State,,Libertarian,Ted Metz,155
Crawford,,Attorney General,,Republican,Chris Carr (I),3532
Crawford,,Attorney General,,Democrat,"Jennifer """"Jen"""" Jordan",1209
Crawford,,Attorney General,,Libertarian,Martin Cowen,40
Crawford,,Commissioner of Agriculture,,Republican,Tyler Harper,3575
Crawford,,Commissioner of Agriculture,,Democrat,Nakita Hemingway,1133
Crawford,,Commissioner of Agriculture,,Libertarian,David Raudabaugh,72
Crawford,,Commissioner of Insurance,,Republican,John King (I),3602
Crawford,,Commissioner of Insurance,,Democrat,Janice Laws Robinson,1159
Crawford,,State School Superintendent,,Republican,Richard Woods (I),3599
Crawford,,State School Superintendent,,Democrat,Alisha Thomas Searcy,1166
Crawford,,Commissioner of Labor,,Republican,Bruce Thompson,3545
Crawford,,Commissioner of Labor,,Democrat,"William """"Will"""" Boddie, Jr",1137
Crawford,,Commissioner of Labor,,Libertarian,Emily Anderson,70
Crisp,,U.S. Senate,,Republican,Herschel Junior Walker,4058
Crisp,,U.S. Senate,,Democrat,Raphael Warnock (I),2164
Crisp,,U.S. Senate,,Libertarian,Chase Oliver,84
Crisp,,Governor,,Republican,Brian Kemp (I),4296
Crisp,,Governor,,Democrat,Stacey Abrams,2013
Crisp,,Governor,,Libertarian,Shane Hazel,13
Crisp,,Lieutenant Governor,,Republican,Burt Jones,4182
Crisp,,Lieutenant Governor,,Democrat,Charlie Bailey,1957
Crisp,,Lieutenant Governor,,Libertarian,Ryan Graham,61
Crisp,,Secretary of State,,Republican,Brad Raffensperger (I),4198
Crisp,,Secretary of State,,Democrat,Bee Nguyen,1855
Crisp,,Secretary of State,,Libertarian,Ted Metz,140
Crisp,,Attorney General,,Republican,Chris Carr (I),4196
Crisp,,Attorney General,,Democrat,"Jennifer """"Jen"""" Jordan",1997
Crisp,,Attorney General,,Libertarian,Martin Cowen,43
Crisp,,Commissioner of Agriculture,,Republican,Tyler Harper,4245
Crisp,,Commissioner of Agriculture,,Democrat,Nakita Hemingway,1895
Crisp,,Commissioner of Agriculture,,Libertarian,David Raudabaugh,68
Crisp,,Commissioner of Insurance,,Republican,John King (I),4247
Crisp,,Commissioner of Insurance,,Democrat,Janice Laws Robinson,1961
Crisp,,State School Superintendent,,Republican,Richard Woods (I),4256
Crisp,,State School Superintendent,,Democrat,Alisha Thomas Searcy,1966
Crisp,,Commissioner of Labor,,Republican,Bruce Thompson,4183
Crisp,,Commissioner of Labor,,Democrat,"William """"Will"""" Boddie, Jr",1942
Crisp,,Commissioner of Labor,,Libertarian,Emily Anderson,85
Dade,,U.S. Senate,,Republican,Herschel Junior Walker,4698
Dade,,U.S. Senate,,Democrat,Raphael Warnock (I),996
Dade,,U.S. Senate,,Libertarian,Chase Oliver,127
Dade,,Governor,,Republican,Brian Kemp (I),4969
Dade,,Governor,,Democrat,Stacey Abrams,807
Dade,,Governor,,Libertarian,Shane Hazel,68
Dade,,Lieutenant Governor,,Republican,Burt Jones,4754
Dade,,Lieutenant Governor,,Democrat,Charlie Bailey,886
Dade,,Lieutenant Governor,,Libertarian,Ryan Graham,119
Dade,,Secretary of State,,Republican,Brad Raffensperger (I),4807
Dade,,Secretary of State,,Democrat,Bee Nguyen,755
Dade,,Secretary of State,,Libertarian,Ted Metz,182
Dade,,Attorney General,,Republican,Chris Carr (I),4779
Dade,,Attorney General,,Democrat,"Jennifer """"Jen"""" Jordan",892
Dade,,Attorney General,,Libertarian,Martin Cowen,105
Dade,,Commissioner of Agriculture,,Republican,Tyler Harper,4791
Dade,,Commissioner of Agriculture,,Democrat,Nakita Hemingway,845
Dade,,Commissioner of Agriculture,,Libertarian,David Raudabaugh,131
Dade,,Commissioner of Insurance,,Republican,John King (I),4886
Dade,,Commissioner of Insurance,,Democrat,Janice Laws Robinson,862
Dade,,State School Superintendent,,Republican,Richard Woods (I),4895
Dade,,State School Superintendent,,Democrat,Alisha Thomas Searcy,864
Dade,,Commissioner of Labor,,Republican,Bruce Thompson,4756
Dade,,Commissioner of Labor,,Democrat,"William """"Will"""" Boddie, Jr",869
Dade,,Commissioner of Labor,,Libertarian,Emily Anderson,121
Dawson,,U.S. Senate,,Republican,Herschel Junior Walker,11185
Dawson,,U.S. Senate,,Democrat,Raphael Warnock (I),2277
Dawson,,U.S. Senate,,Libertarian,Chase Oliver,408
Dawson,,Governor,,Republican,Brian Kemp (I),12010
Dawson,,Governor,,Democrat,Stacey Abrams,1827
Dawson,,Governor,,Libertarian,Shane Hazel,141
Dawson,,Lieutenant Governor,,Republican,Burt Jones,11624
Dawson,,Lieutenant Governor,,Democrat,Charlie Bailey,1989
Dawson,,Lieutenant Governor,,Libertarian,Ryan Graham,294
Dawson,,Secretary of State,,Republican,Brad Raffensperger (I),11423
Dawson,,Secretary of State,,Democrat,Bee Nguyen,1787
Dawson,,Secretary of State,,Libertarian,Ted Metz,632
Dawson,,Attorney General,,Republican,Chris Carr (I),11691
Dawson,,Attorney General,,Democrat,"Jennifer """"Jen"""" Jordan",1958
Dawson,,Attorney General,,Libertarian,Martin Cowen,239
Dawson,,Commissioner of Agriculture,,Republican,Tyler Harper,11803
Dawson,,Commissioner of Agriculture,,Democrat,Nakita Hemingway,1742
Dawson,,Commissioner of Agriculture,,Libertarian,David Raudabaugh,318
Dawson,,Commissioner of Insurance,,Republican,John King (I),11955
Dawson,,Commissioner of Insurance,,Democrat,Janice Laws Robinson,1864
Dawson,,State School Superintendent,,Republican,Richard Woods (I),11982
Dawson,,State School Superintendent,,Democrat,Alisha Thomas Searcy,1850
Dawson,,Commissioner of Labor,,Republican,Bruce Thompson,11679
Dawson,,Commissioner of Labor,,Democrat,"William """"Will"""" Boddie, Jr",1812
Dawson,,Commissioner of Labor,,Libertarian,Emily Anderson,326
Decatur,,U.S. Senate,,Republican,Herschel Junior Walker,5433
Decatur,,U.S. Senate,,Democrat,Raphael Warnock (I),3303
Decatur,,U.S. Senate,,,Chase Oliver (L),103
Decatur,,Governor,,Republican,Brian Kemp (I),5659
Decatur,,Governor,,Democrat,Stacey Abrams,3191
Decatur,,Governor,,,Shane Hazel (L),33
Decatur,,Lieutenant Governor,,Republican,Burt Jones,5503
Decatur,,Lieutenant Governor,,Democrat,Charlie Bailey,3126
Decatur,,Lieutenant Governor,,,Ryan Graham (L),106
Decatur,,Secretary of State,,Republican,Brad Raffensperger (I),5590
Decatur,,Secretary of State,,Democrat,Bee Nguyen,2914
Decatur,,Secretary of State,,,Ted Metz (L),206
Decatur,,Attorney General,,Republican,Chris Carr (I),5543
Decatur,,Attorney General,,Democrat,"Jennifer """"Jen"""" Jordan",3137
Decatur,,Attorney General,,,Martin Cowen (L),86
Decatur,,Commissioner of Agriculture,,Republican,Tyler Harper,5605
Decatur,,Commissioner of Agriculture,,Democrat,Nakita Hemingway,3051
Decatur,,Commissioner of Agriculture,,,David Raudabaugh (L),109
Decatur,,Commissioner of Insurance,,Republican,John King (I),5610
Decatur,,Commissioner of Insurance,,Democrat,Janice Laws Robinson,3133
Decatur,,State School Superintendent,,Republican,Richard Woods (I),5646
Decatur,,State School Superintendent,,Democrat,Alisha Thomas Searcy,3114
Decatur,,Commissioner of Labor,,Republican,Bruce Thompson,5537
Decatur,,Commissioner of Labor,,Democrat,"William """"Will"""" Boddie, Jr",3081
Decatur,,Commissioner of Labor,,,Emily Anderson (L),132
DeKalb,,U.S. Senate,,Republican,Herschel Junior Walker,41951
DeKalb,,U.S. Senate,,Democrat,Raphael Warnock (I),250761
DeKalb,,U.S. Senate,,,Chase Oliver (L),4858
DeKalb,,Governor,,Republican,Brian Kemp (I),54522
DeKalb,,Governor,,Democrat,Stacey Abrams,241901
DeKalb,,Governor,,,Shane Hazel (L),1806
DeKalb,,Lieutenant Governor,,Republican,Burt Jones,48133
DeKalb,,Lieutenant Governor,,Democrat,Charlie Bailey,239860
DeKalb,,Lieutenant Governor,,,Ryan Graham (L),6765
DeKalb,,Secretary of State,,Republican,Brad Raffensperger (I),59600
DeKalb,,Secretary of State,,Democrat,Bee Nguyen,231673
DeKalb,,Secretary of State,,,Ted Metz (L),4701
DeKalb,,Attorney General,,Republican,Chris Carr (I),50960
DeKalb,,Attorney General,,Democrat,"Jennifer """"Jen"""" Jordan",240027
DeKalb,,Attorney General,,,Martin Cowen (L),4571
DeKalb,,Commissioner of Agriculture,,Republican,Tyler Harper,53954
DeKalb,,Commissioner of Agriculture,,Democrat,Nakita Hemingway,232996
DeKalb,,Commissioner of Agriculture,,,David Raudabaugh (L),6900
DeKalb,,Commissioner of Insurance,,Republican,John King (I),57254
DeKalb,,Commissioner of Insurance,,Democrat,Janice Laws Robinson,236003
DeKalb,,State School Superintendent,,Republican,Richard Woods (I),57882
DeKalb,,State School Superintendent,,Democrat,Alisha Thomas Searcy,235964
DeKalb,,Commissioner of Labor,,Republican,Bruce Thompson,50426
DeKalb,,Commissioner of Labor,,Democrat,"William """"Will"""" Boddie, Jr",234683
DeKalb,,Commissioner of Labor,,,Emily Anderson (L),8392
Dodge,,U.S. Senate,,Republican,Herschel Junior Walker,4895
Dodge,,U.S. Senate,,Democrat,Raphael Warnock (I),1640
Dodge,,U.S. Senate,,Libertarian,Chase Oliver,73
Dodge,,Governor,,Republican,Brian Kemp (I),5087
Dodge,,Governor,,Democrat,Stacey Abrams,1518
Dodge,,Governor,,Libertarian,Shane Hazel,25
Dodge,,Lieutenant Governor,,Republican,Burt Jones,4963
Dodge,,Lieutenant Governor,,Democrat,Charlie Bailey,1453
Dodge,,Lieutenant Governor,,Libertarian,Ryan Graham,90
Dodge,,Secretary of State,,Republican,Brad Raffensperger (I),4861
Dodge,,Secretary of State,,Democrat,Bee Nguyen,1427
Dodge,,Secretary of State,,Libertarian,Ted Metz,172
Dodge,,Attorney General,,Republican,Chris Carr (I),4893
Dodge,,Attorney General,,Democrat,"Jennifer """"Jen"""" Jordan",1582
Dodge,,Attorney General,,Libertarian,Martin Cowen,47
Dodge,,Commissioner of Agriculture,,Republican,Tyler Harper,5007
Dodge,,Commissioner of Agriculture,,Democrat,Nakita Hemingway,1441
Dodge,,Commissioner of Agriculture,,Libertarian,David Raudabaugh,77
Dodge,,Commissioner of Insurance,,Republican,John King (I),5006
Dodge,,Commissioner of Insurance,,Democrat,Janice Laws Robinson,1495
Dodge,,State School Superintendent,,Republican,Richard Woods (I),5019
Dodge,,State School Superintendent,,Democrat,Alisha Thomas Searcy,1491
Dodge,,Commissioner of Labor,,Republican,Bruce Thompson,4951
Dodge,,Commissioner of Labor,,Democrat,"William """"Will"""" Boddie, Jr",1464
Dodge,,Commissioner of Labor,,Libertarian,Emily Anderson,78
Dooly,,U.S. Senate,,Republican,Herschel Junior Walker,1784
Dooly,,U.S. Senate,,Democrat,Raphael Warnock (I),1461
Dooly,,U.S. Senate,,Libertarian,Chase Oliver,32
Dooly,,Governor,,Republican,Brian Kemp (I),1860
Dooly,,Governor,,Democrat,Stacey Abrams,1416
Dooly,,Governor,,Libertarian,Shane Hazel,10
Dooly,,Lieutenant Governor,,Republican,Burt Jones,1814
Dooly,,Lieutenant Governor,,Democrat,Charlie Bailey,1341
Dooly,,Lieutenant Governor,,Libertarian,Ryan Graham,41
Dooly,,Secretary of State,,Republican,Brad Raffensperger (I),1820
Dooly,,Secretary of State,,Democrat,Bee Nguyen,1296
Dooly,,Secretary of State,,Libertarian,Ted Metz,61
Dooly,,Attorney General,,Republican,Chris Carr (I),1798
Dooly,,Attorney General,,Democrat,"Jennifer """"Jen"""" Jordan",1386
Dooly,,Attorney General,,Libertarian,Martin Cowen,31
Dooly,,Commissioner of Agriculture,,Republican,Tyler Harper,1842
Dooly,,Commissioner of Agriculture,,Democrat,Nakita Hemingway,1325
Dooly,,Commissioner of Agriculture,,Libertarian,David Raudabaugh,38
Dooly,,Commissioner of Insurance,,Republican,John King (I),1835
Dooly,,Commissioner of Insurance,,Democrat,Janice Laws Robinson,1347
Dooly,,State School Superintendent,,Republican,Richard Woods (I),1854
Dooly,,State School Superintendent,,Democrat,Alisha Thomas Searcy,1350
Dooly,,Commissioner of Labor,,Republican,Bruce Thompson,1814
Dooly,,Commissioner of Labor,,Democrat,"William """"Will"""" Boddie, Jr",1348
Dooly,,Commissioner of Labor,,Libertarian,Emily Anderson,40
Dougherty,,U.S. Senate,,Republican,Herschel Junior Walker,7755
Dougherty,,U.S. Senate,,Democrat,Raphael Warnock (I),18603
Dougherty,,U.S. Senate,,,Chase Oliver (L),256
Dougherty,,Governor,,Republican,Brian Kemp (I),8524
Dougherty,,Governor,,Democrat,Stacey Abrams,18091
Dougherty,,Governor,,,Shane Hazel (L),94
Dougherty,,Lieutenant Governor,,Republican,Burt Jones,8188
Dougherty,,Lieutenant Governor,,Democrat,Charlie Bailey,17641
Dougherty,,Lieutenant Governor,,,Ryan Graham (L),407
Dougherty,,Secretary of State,,Republican,Brad Raffensperger (I),8996
Dougherty,,Secretary of State,,Democrat,Bee Nguyen,16907
Dougherty,,Secretary of State,,,Ted Metz (L),404
Dougherty,,Attorney General,,Republican,Chris Carr (I),8424
Dougherty,,Attorney General,,Democrat,"Jennifer """"Jen"""" Jordan",17748
Dougherty,,Attorney General,,,Martin Cowen (L),239
Dougherty,,Commissioner of Agriculture,,Republican,Tyler Harper,8376
Dougherty,,Commissioner of Agriculture,,Democrat,Nakita Hemingway,17550
Dougherty,,Commissioner of Agriculture,,,David Raudabaugh (L),398
Dougherty,,Commissioner of Insurance,,Republican,John King (I),8545
Dougherty,,Commissioner of Insurance,,Democrat,Janice Laws Robinson,17708
Dougherty,,State School Superintendent,,Republican,Richard Woods (I),8600
Dougherty,,State School Superintendent,,Democrat,Alisha Thomas Searcy,17724
Dougherty,,Commissioner of Labor,,Republican,Bruce Thompson,8200
Dougherty,,Commissioner of Labor,,Democrat,"William """"Will"""" Boddie, Jr",17609
Dougherty,,Commissioner of Labor,,,Emily Anderson (L),452
Douglas,,U.S. Senate,,Republican,Herschel Junior Walker,17589
Douglas,,U.S. Senate,,Democrat,Raphael Warnock (I),34158
Douglas,,U.S. Senate,,Libertarian,Chase Oliver,999
Douglas,,Governor,,Republican,Brian Kemp (I),19719
Douglas,,Governor,,Democrat,Stacey Abrams,32858
Douglas,,Governor,,Libertarian,Shane Hazel,353
Douglas,,Lieutenant Governor,,Republican,Burt Jones,18644
Douglas,,Lieutenant Governor,,Democrat,Charlie Bailey,32616
Douglas,,Lieutenant Governor,,Libertarian,Ryan Graham,1184
Douglas,,Secretary of State,,Republican,Brad Raffensperger (I),19719
Douglas,,Secretary of State,,Democrat,Bee Nguyen,31530
Douglas,,Secretary of State,,Libertarian,Ted Metz,1240
Douglas,,Attorney General,,Republican,Chris Carr (I),18994
Douglas,,Attorney General,,Democrat,"Jennifer """"Jen"""" Jordan",32734
Douglas,,Attorney General,,Libertarian,Martin Cowen,833
Douglas,,Commissioner of Agriculture,,Republican,Tyler Harper,19259
Douglas,,Commissioner of Agriculture,,Democrat,Nakita Hemingway,32062
Douglas,,Commissioner of Agriculture,,Libertarian,David Raudabaugh,1153
Douglas,,Commissioner of Insurance,,Republican,John King (I),19709
Douglas,,Commissioner of Insurance,,Democrat,Janice Laws Robinson,32615
Douglas,,State School Superintendent,,Republican,Richard Woods (I),19813
Douglas,,State School Superintendent,,Democrat,Alisha Thomas Searcy,32625
Douglas,,Commissioner of Labor,,Republican,Bruce Thompson,18832
Douglas,,Commissioner of Labor,,Democrat,"William """"Will"""" Boddie, Jr",32124
Douglas,,Commissioner of Labor,,Libertarian,Emily Anderson,1459
Early,,U.S. Senate,,Republican,Herschel Junior Walker,2209
Early,,U.S. Senate,,Democrat,Raphael Warnock (I),1650
Early,,U.S. Senate,,,Chase Oliver (L),28
Early,,Governor,,Republican,Brian Kemp (I),2321
Early,,Governor,,Democrat,Stacey Abrams,1576
Early,,Governor,,,Shane Hazel (L),11
Early,,Lieutenant Governor,,Republican,Burt Jones,2235
Early,,Lieutenant Governor,,Democrat,Charlie Bailey,1539
Early,,Lieutenant Governor,,,Ryan Graham (L),51
Early,,Secretary of State,,Republican,Brad Raffensperger (I),2294
Early,,Secretary of State,,Democrat,Bee Nguyen,1471
Early,,Secretary of State,,,Ted Metz (L),57
Early,,Attorney General,,Republican,Chris Carr (I),2286
Early,,Attorney General,,Democrat,"Jennifer """"Jen"""" Jordan",1534
Early,,Attorney General,,,Martin Cowen (L),31
Early,,Commissioner of Agriculture,,Republican,Tyler Harper,2279
Early,,Commissioner of Agriculture,,Democrat,Nakita Hemingway,1535
Early,,Commissioner of Agriculture,,Libertarian,David Raudabaugh,30
Early,,Commissioner of Insurance,,Republican,John King (I),2296
Early,,Commissioner of Insurance,,Democrat,Janice Laws Robinson,1536
Early,,State School Superintendent,,Republican,Richard Woods (I),2304
Early,,State School Superintendent,,Democrat,Alisha Thomas Searcy,1536
Early,,Commissioner of Labor,,Republican,Bruce Thompson,2249
Early,,Commissioner of Labor,,Democrat,"William """"Will"""" Boddie, Jr",1550
Early,,Commissioner of Labor,,,Emily Anderson (L),33
Echols,,U.S. Senate,,Republican,Herschel Junior Walker,937
Echols,,U.S. Senate,,Democrat,Raphael Warnock (I),100
Echols,,U.S. Senate,,,Chase Oliver (L),23
Echols,,Governor,,Republican,Brian Kemp (I),956
Echols,,Governor,,Democrat,Stacey Abrams,94
Echols,,Governor,,,Shane Hazel (L),15
Echols,,Lieutenant Governor,,Republican,Burt Jones,934
Echols,,Lieutenant Governor,,Democrat,Charlie Bailey,97
Echols,,Lieutenant Governor,,,Ryan Graham (L),20
Echols,,Secretary of State,,Republican,Brad Raffensperger (I),923
Echols,,Secretary of State,,Democrat,Bee Nguyen,85
Echols,,Secretary of State,,,Ted Metz (L),36
Echols,,Attorney General,,Republican,Chris Carr (I),938
Echols,,Attorney General,,Democrat,"Jennifer """"Jen"""" Jordan",103
Echols,,Attorney General,,,Martin Cowen (L),12
Echols,,Commissioner of Agriculture,,Republican,Tyler Harper,952
Echols,,Commissioner of Agriculture,,Democrat,Nakita Hemingway,90
Echols,,Commissioner of Agriculture,,,David Raudabaugh (L),15
Echols,,Commissioner of Insurance,,Republican,John King (I),944
Echols,,Commissioner of Insurance,,Democrat,Janice Laws Robinson,103
Echols,,State School Superintendent,,Republican,Richard Woods (I),952
Echols,,State School Superintendent,,Democrat,Alisha Thomas Searcy,97
Echols,,Commissioner of Labor,,Republican,Bruce Thompson,938
Echols,,Commissioner of Labor,,Democrat,"William """"Will"""" Boddie, Jr",91
Echols,,Commissioner of Labor,,,Emily Anderson (L),23
Effingham,,U.S. Senate,,Republican,Herschel Junior Walker,18231
Effingham,,U.S. Senate,,Democrat,Raphael Warnock (I),6473
Effingham,,U.S. Senate,,Libertarian,Chase Oliver,604
Effingham,,Governor,,Republican,Brian Kemp (I),19553
Effingham,,Governor,,Democrat,Stacey Abrams,5603
Effingham,,Governor,,Libertarian,Shane Hazel,242
Effingham,,Lieutenant Governor,,Republican,Burt Jones,18915
Effingham,,Lieutenant Governor,,Democrat,Charlie Bailey,5641
Effingham,,Lieutenant Governor,,Libertarian,Ryan Graham,560
Effingham,,Secretary of State,,Republican,Brad Raffensperger (I),19018
Effingham,,Secretary of State,,Democrat,Bee Nguyen,5305
Effingham,,Secretary of State,,Libertarian,Ted Metz,788
Effingham,,Attorney General,,Republican,Chris Carr (I),18987
Effingham,,Attorney General,,Democrat,"Jennifer """"Jen"""" Jordan",5775
Effingham,,Attorney General,,Libertarian,Martin Cowen,425
Effingham,,Commissioner of Agriculture,,Republican,Tyler Harper,19139
Effingham,,Commissioner of Agriculture,,Democrat,Nakita Hemingway,5464
Effingham,,Commissioner of Agriculture,,Libertarian,David Raudabaugh,550
Effingham,,Commissioner of Insurance,,Republican,John King (I),19479
Effingham,,Commissioner of Insurance,,Democrat,Janice Laws Robinson,5638
Effingham,,State School Superintendent,,Republican,Richard Woods (I),19499
Effingham,,State School Superintendent,,Democrat,Alisha Thomas Searcy,5660
Effingham,,Commissioner of Labor,,Republican,Bruce Thompson,18926
Effingham,,Commissioner of Labor,,Democrat,"William """"Will"""" Boddie, Jr",5559
Effingham,,Commissioner of Labor,,Libertarian,Emily Anderson,624
Elbert,,U.S. Senate,,Republican,Herschel Junior Walker,5135
Elbert,,U.S. Senate,,Democrat,Raphael Warnock (I),2077
Elbert,,U.S. Senate,,Libertarian,Chase Oliver,90
Elbert,,Governor,,Republican,Brian Kemp (I),5369
Elbert,,Governor,,Democrat,Stacey Abrams,1916
Elbert,,Governor,,Libertarian,Shane Hazel,39
Elbert,,Lieutenant Governor,,Republican,Burt Jones,5226
Elbert,,Lieutenant Governor,,Democrat,Charlie Bailey,1933
Elbert,,Lieutenant Governor,,Libertarian,Ryan Graham,86
Elbert,,Secretary of State,,Republican,Brad Raffensperger (I),5237
Elbert,,Secretary of State,,Democrat,Bee Nguyen,1793
Elbert,,Secretary of State,,Libertarian,Ted Metz,204
Elbert,,Attorney General,,Republican,Chris Carr (I),5253
Elbert,,Attorney General,,Democrat,"Jennifer """"Jen"""" Jordan",1940
Elbert,,Attorney General,,Libertarian,Martin Cowen,79
Elbert,,Commissioner of Agriculture,,Republican,Tyler Harper,5301
Elbert,,Commissioner of Agriculture,,Democrat,Nakita Hemingway,1872
Elbert,,Commissioner of Agriculture,,Libertarian,David Raudabaugh,93
Elbert,,Commissioner of Insurance,,Republican,John King (I),5315
Elbert,,Commissioner of Insurance,,Democrat,Janice Laws Robinson,1935
Elbert,,State School Superintendent,,Republican,Richard Woods (I),5362
Elbert,,State School Superintendent,,Democrat,Alisha Thomas Searcy,1894
Elbert,,Commissioner of Labor,,Republican,Bruce Thompson,5230
Elbert,,Commissioner of Labor,,Democrat,"William """"Will"""" Boddie, Jr",1904
Elbert,,Commissioner of Labor,,Libertarian,Emily Anderson,109
Emanuel,,U.S. Senate,,Republican,Herschel Junior Walker,5329
Emanuel,,U.S. Senate,,Democrat,Raphael Warnock (I),2157
Emanuel,,U.S. Senate,,Libertarian,Chase Oliver,58
Emanuel,,Governor,,Republican,Brian Kemp (I),5505
Emanuel,,Governor,,Democrat,Stacey Abrams,2024
Emanuel,,Governor,,Libertarian,Shane Hazel,33
Emanuel,,Lieutenant Governor,,Republican,Burt Jones,5331
Emanuel,,Lieutenant Governor,,Democrat,Charlie Bailey,1969
Emanuel,,Lieutenant Governor,,Libertarian,Ryan Graham,102
Emanuel,,Secretary of State,,Republican,Brad Raffensperger (I),5330
Emanuel,,Secretary of State,,Democrat,Bee Nguyen,1895
Emanuel,,Secretary of State,,Libertarian,Ted Metz,171
Emanuel,,Attorney General,,Republican,Chris Carr (I),5354
Emanuel,,Attorney General,,Democrat,"Jennifer """"Jen"""" Jordan",2057
Emanuel,,Attorney General,,Libertarian,Martin Cowen,49
Emanuel,,Commissioner of Agriculture,,Republican,Tyler Harper,5395
Emanuel,,Commissioner of Agriculture,,Democrat,Nakita Hemingway,1957
Emanuel,,Commissioner of Agriculture,,Libertarian,David Raudabaugh,84
Emanuel,,Commissioner of Insurance,,Republican,John King (I),5393
Emanuel,,Commissioner of Insurance,,Democrat,Janice Laws Robinson,2007
Emanuel,,State School Superintendent,,Republican,Richard Woods (I),5429
Emanuel,,State School Superintendent,,Democrat,Alisha Thomas Searcy,1992
Emanuel,,Commissioner of Labor,,Republican,Bruce Thompson,5348
Emanuel,,Commissioner of Labor,,Democrat,"William """"Will"""" Boddie, Jr",1974
Emanuel,,Commissioner of Labor,,Libertarian,Emily Anderson,97
Evans,,U.S. Senate,,Republican,Herschel Junior Walker,2314
Evans,,U.S. Senate,,Democrat,Raphael Warnock (I),968
Evans,,U.S. Senate,,Libertarian,Chase Oliver,54
Evans,,Governor,,Republican,Brian Kemp (I),2467
Evans,,Governor,,Democrat,Stacey Abrams,882
Evans,,Governor,,Libertarian,Shane Hazel,12
Evans,,Lieutenant Governor,,Republican,Burt Jones,2376
Evans,,Lieutenant Governor,,Democrat,Charlie Bailey,870
Evans,,Lieutenant Governor,,Libertarian,Ryan Graham,54
Evans,,Secretary of State,,Republican,Brad Raffensperger (I),2440
Evans,,Secretary of State,,Democrat,Bee Nguyen,799
Evans,,Secretary of State,,Libertarian,Ted Metz,67
Evans,,Attorney General,,Republican,Chris Carr (I),2394
Evans,,Attorney General,,Democrat,"Jennifer """"Jen"""" Jordan",892
Evans,,Attorney General,,Libertarian,Martin Cowen,30
Evans,,Commissioner of Agriculture,,Republican,Tyler Harper,2407
Evans,,Commissioner of Agriculture,,Democrat,Nakita Hemingway,860
Evans,,Commissioner of Agriculture,,Libertarian,David Raudabaugh,49
Evans,,Commissioner of Insurance,,Republican,John King (I),2433
Evans,,Commissioner of Insurance,,Democrat,Janice Laws Robinson,871
Evans,,State School Superintendent,,Republican,Richard Woods (I),2431
Evans,,State School Superintendent,,Democrat,Alisha Thomas Searcy,876
Evans,,Commissioner of Labor,,Republican,Bruce Thompson,2390
Evans,,Commissioner of Labor,,Democrat,"William """"Will"""" Boddie, Jr",862
Evans,,Commissioner of Labor,,Libertarian,Emily Anderson,64
Fannin,,U.S. Senate,,Republican,Herschel Junior Walker,10036
Fannin,,U.S. Senate,,Democrat,Raphael Warnock (I),2230
Fannin,,U.S. Senate,,Libertarian,Chase Oliver,290
Fannin,,Governor,,Republican,Brian Kemp (I),10752
Fannin,,Governor,,Democrat,Stacey Abrams,1796
Fannin,,Governor,,Libertarian,Shane Hazel,89
Fannin,,Lieutenant Governor,,Republican,Burt Jones,10320
Fannin,,Lieutenant Governor,,Democrat,Charlie Bailey,1991
Fannin,,Lieutenant Governor,,Libertarian,Ryan Graham,198
Fannin,,Secretary of State,,Republican,Brad Raffensperger (I),10194
Fannin,,Secretary of State,,Democrat,Bee Nguyen,1775
Fannin,,Secretary of State,,Libertarian,Ted Metz,481
Fannin,,Attorney General,,Republican,Chris Carr (I),10389
Fannin,,Attorney General,,Democrat,"Jennifer """"Jen"""" Jordan",2011
Fannin,,Attorney General,,Libertarian,Martin Cowen,152
Fannin,,Commissioner of Agriculture,,Republican,Tyler Harper,10505
Fannin,,Commissioner of Agriculture,,Democrat,Nakita Hemingway,1780
Fannin,,Commissioner of Agriculture,,Libertarian,David Raudabaugh,236
Fannin,,Commissioner of Insurance,,Republican,John King (I),10590
Fannin,,Commissioner of Insurance,,Democrat,Janice Laws Robinson,1881
Fannin,,State School Superintendent,,Republican,Richard Woods (I),10598
Fannin,,State School Superintendent,,Democrat,Alisha Thomas Searcy,1896
Fannin,,Commissioner of Labor,,Republican,Bruce Thompson,10405
Fannin,,Commissioner of Labor,,Democrat,"William """"Will"""" Boddie, Jr",1849
Fannin,,Commissioner of Labor,,Libertarian,Emily Anderson,237
Fayette,,U.S. Senate,,Republican,Herschel Junior Walker,30178
Fayette,,U.S. Senate,,Democrat,Raphael Warnock (I),28284
Fayette,,U.S. Senate,,Libertarian,Chase Oliver,1496
Fayette,,Governor,,Republican,Brian Kemp (I),34116
Fayette,,Governor,,Democrat,Stacey Abrams,25769
Fayette,,Governor,,Libertarian,Shane Hazel,461
Fayette,,Lieutenant Governor,,Republican,Burt Jones,32217
Fayette,,Lieutenant Governor,,Democrat,Charlie Bailey,26218
Fayette,,Lieutenant Governor,,Libertarian,Ryan Graham,1420
Fayette,,Secretary of State,,Republican,Brad Raffensperger (I),33528
Fayette,,Secretary of State,,Democrat,Bee Nguyen,24560
Fayette,,Secretary of State,,Libertarian,Ted Metz,1781
Fayette,,Attorney General,,Republican,Chris Carr (I),32840
Fayette,,Attorney General,,Democrat,"Jennifer """"Jen"""" Jordan",26105
Fayette,,Attorney General,,Libertarian,Martin Cowen,979
Fayette,,Commissioner of Agriculture,,Republican,Tyler Harper,33423
Fayette,,Commissioner of Agriculture,,Democrat,Nakita Hemingway,24836
Fayette,,Commissioner of Agriculture,,Libertarian,David Raudabaugh,1434
Fayette,,Commissioner of Insurance,,Republican,John King (I),34236
Fayette,,Commissioner of Insurance,,Democrat,Janice Laws Robinson,25357
Fayette,,State School Superintendent,,Republican,Richard Woods (I),34249
Fayette,,State School Superintendent,,Democrat,Alisha Thomas Searcy,25450
Fayette,,Commissioner of Labor,,Republican,Bruce Thompson,32760
Fayette,,Commissioner of Labor,,Democrat,"William """"Will"""" Boddie, Jr",25181
Fayette,,Commissioner of Labor,,Libertarian,Emily Anderson,1623
Floyd,,U.S. Senate,,Republican,Herschel Junior Walker,21923
Floyd,,U.S. Senate,,Democrat,Raphael Warnock (I),9160
Floyd,,U.S. Senate,,Libertarian,Chase Oliver,813
Floyd,,Governor,,Republican,Brian Kemp (I),23930
Floyd,,Governor,,Democrat,Stacey Abrams,7855
Floyd,,Governor,,Libertarian,Shane Hazel,293
Floyd,,Lieutenant Governor,,Republican,Burt Jones,22789
Floyd,,Lieutenant Governor,,Democrat,Charlie Bailey,8286
Floyd,,Lieutenant Governor,,Libertarian,Ryan Graham,688
Floyd,,Secretary of State,,Republican,Brad Raffensperger (I),23233
Floyd,,Secretary of State,,Democrat,Bee Nguyen,7499
Floyd,,Secretary of State,,Libertarian,Ted Metz,988
Floyd,,Attorney General,,Republican,Chris Carr (I),23111
Floyd,,Attorney General,,Democrat,"Jennifer """"Jen"""" Jordan",8201
Floyd,,Attorney General,,Libertarian,Martin Cowen,509
Floyd,,Commissioner of Agriculture,,Republican,Tyler Harper,23463
Floyd,,Commissioner of Agriculture,,Democrat,Nakita Hemingway,7524
Floyd,,Commissioner of Agriculture,,Libertarian,David Raudabaugh,685
Floyd,,Commissioner of Insurance,,Republican,John King (I),23704
Floyd,,Commissioner of Insurance,,Democrat,Janice Laws Robinson,7929
Floyd,,State School Superintendent,,Republican,Richard Woods (I),23845
Floyd,,State School Superintendent,,Democrat,Alisha Thomas Searcy,7835
Floyd,,Commissioner of Labor,,Republican,Bruce Thompson,23015
Floyd,,Commissioner of Labor,,Democrat,"William """"Will"""" Boddie, Jr",7844
Floyd,,Commissioner of Labor,,Libertarian,Emily Anderson,734
Forsyth,,U.S. Senate,,Republican,Herschel Junior Walker,66013
Forsyth,,U.S. Senate,,Democrat,Raphael Warnock (I),32852
Forsyth,,U.S. Senate,,Libertarian,Chase Oliver,2988
Forsyth,,Governor,,Republican,Brian Kemp (I),74116
Forsyth,,Governor,,Democrat,Stacey Abrams,27434
Forsyth,,Governor,,Libertarian,Shane Hazel,896
Forsyth,,Lieutenant Governor,,Republican,Burt Jones,70468
Forsyth,,Lieutenant Governor,,Democrat,Charlie Bailey,28978
Forsyth,,Lieutenant Governor,,Libertarian,Ryan Graham,2384
Forsyth,,Secretary of State,,Republican,Brad Raffensperger (I),72219
Forsyth,,Secretary of State,,Democrat,Bee Nguyen,25586
Forsyth,,Secretary of State,,Libertarian,Ted Metz,3865
Forsyth,,Attorney General,,Republican,Chris Carr (I),71142
Forsyth,,Attorney General,,Democrat,"Jennifer """"Jen"""" Jordan",28942
Forsyth,,Attorney General,,Libertarian,Martin Cowen,1764
Forsyth,,Commissioner of Agriculture,,Republican,Tyler Harper,72367
Forsyth,,Commissioner of Agriculture,,Democrat,Nakita Hemingway,26522
Forsyth,,Commissioner of Agriculture,,Libertarian,David Raudabaugh,2544
Forsyth,,Commissioner of Insurance,,Republican,John King (I),74006
Forsyth,,Commissioner of Insurance,,Democrat,Janice Laws Robinson,27193
Forsyth,,State School Superintendent,,Republican,Richard Woods (I),74356
Forsyth,,State School Superintendent,,Democrat,Alisha Thomas Searcy,27146
Forsyth,,Commissioner of Labor,,Republican,Bruce Thompson,71445
Forsyth,,Commissioner of Labor,,Democrat,"William """"Will"""" Boddie, Jr",26863
Forsyth,,Commissioner of Labor,,Libertarian,Emily Anderson,2887
Franklin,,U.S. Senate,,Republican,Herschel Junior Walker,7374
Franklin,,U.S. Senate,,Democrat,Raphael Warnock (I),1166
Franklin,,U.S. Senate,,Libertarian,Chase Oliver,164
Franklin,,Governor,,Republican,Brian Kemp (I),7734
Franklin,,Governor,,Democrat,Stacey Abrams,948
Franklin,,Governor,,Libertarian,Shane Hazel,57
Franklin,,Lieutenant Governor,,Republican,Burt Jones,7514
Franklin,,Lieutenant Governor,,Democrat,Charlie Bailey,1018
Franklin,,Lieutenant Governor,,Libertarian,Ryan Graham,139
Franklin,,Secretary of State,,Republican,Brad Raffensperger (I),7431
Franklin,,Secretary of State,,Democrat,Bee Nguyen,877
Franklin,,Secretary of State,,Libertarian,Ted Metz,324
Franklin,,Attorney General,,Republican,Chris Carr (I),7534
Franklin,,Attorney General,,Democrat,"Jennifer """"Jen"""" Jordan",1032
Franklin,,Attorney General,,Libertarian,Martin Cowen,121
Franklin,,Commissioner of Agriculture,,Republican,Tyler Harper,7574
Franklin,,Commissioner of Agriculture,,Democrat,Nakita Hemingway,925
Franklin,,Commissioner of Agriculture,,Libertarian,David Raudabaugh,177
Franklin,,Commissioner of Insurance,,Republican,John King (I),7644
Franklin,,Commissioner of Insurance,,Democrat,Janice Laws Robinson,1012
Franklin,,State School Superintendent,,Republican,Richard Woods (I),7682
Franklin,,State School Superintendent,,Democrat,Alisha Thomas Searcy,989
Franklin,,Commissioner of Labor,,Republican,Bruce Thompson,7539
Franklin,,Commissioner of Labor,,Democrat,"William """"Will"""" Boddie, Jr",981
Franklin,,Commissioner of Labor,,Libertarian,Emily Anderson,156
Fulton,,U.S. Senate,,Republican,Herschel Junior Walker,102758
Fulton,,U.S. Senate,,Democrat,Raphael Warnock (I),307560
Fulton,,U.S. Senate,,Libertarian,Chase Oliver,7854
Fulton,,Governor,,Republican,Brian Kemp (I),128167
Fulton,,Governor,,Democrat,Stacey Abrams,289085
Fulton,,Governor,,Libertarian,Shane Hazel,2632
Fulton,,Lieutenant Governor,,Republican,Burt Jones,115939
Fulton,,Lieutenant Governor,,Democrat,Charlie Bailey,288774
Fulton,,Lieutenant Governor,,Libertarian,Ryan Graham,9831
Fulton,,Secretary of State,,Republican,Brad Raffensperger (I),135424
Fulton,,Secretary of State,,Democrat,Bee Nguyen,272144
Fulton,,Secretary of State,,Libertarian,Ted Metz,8667
Fulton,,Attorney General,,Republican,Chris Carr (I),120409
Fulton,,Attorney General,,Democrat,"Jennifer """"Jen"""" Jordan",288673
Fulton,,Attorney General,,Libertarian,Martin Cowen,6547
Fulton,,Commissioner of Agriculture,,Republican,Tyler Harper,125743
Fulton,,Commissioner of Agriculture,,Democrat,Nakita Hemingway,277357
Fulton,,Commissioner of Agriculture,,Libertarian,David Raudabaugh,9681
Fulton,,Commissioner of Insurance,,Republican,John King (I),131105
Fulton,,Commissioner of Insurance,,Democrat,Janice Laws Robinson,280574
Fulton,,State School Superintendent,,Republican,Richard Woods (I),131587
Fulton,,State School Superintendent,,Democrat,Alisha Thomas Searcy,281067
Fulton,,Commissioner of Labor,,Republican,Bruce Thompson,120770
Fulton,,Commissioner of Labor,,Democrat,"William """"Will"""" Boddie, Jr",278834
Fulton,,Commissioner of Labor,,Libertarian,Emily Anderson,11741
Gilmer,,U.S. Senate,,Republican,Herschel Junior Walker,11159
Gilmer,,U.S. Senate,,Democrat,Raphael Warnock (I),2523
Gilmer,,U.S. Senate,,Libertarian,Chase Oliver,325
Gilmer,,Governor,,Republican,Brian Kemp (I),11952
Gilmer,,Governor,,Democrat,Stacey Abrams,2010
Gilmer,,Governor,,Libertarian,Shane Hazel,124
Gilmer,,Lieutenant Governor,,Republican,Burt Jones,11457
Gilmer,,Lieutenant Governor,,Democrat,Charlie Bailey,2233
Gilmer,,Lieutenant Governor,,Libertarian,Ryan Graham,271
Gilmer,,Secretary of State,,Republican,Brad Raffensperger (I),11295
Gilmer,,Secretary of State,,Democrat,Bee Nguyen,1983
Gilmer,,Secretary of State,,Libertarian,Ted Metz,590
Gilmer,,Attorney General,,Republican,Chris Carr (I),11476
Gilmer,,Attorney General,,Democrat,"Jennifer """"Jen"""" Jordan",2267
Gilmer,,Attorney General,,Libertarian,Martin Cowen,193
Gilmer,,Commissioner of Agriculture,,Republican,Tyler Harper,11656
Gilmer,,Commissioner of Agriculture,,Democrat,Nakita Hemingway,1966
Gilmer,,Commissioner of Agriculture,,Libertarian,David Raudabaugh,302
Gilmer,,Commissioner of Insurance,,Republican,John King (I),11745
Gilmer,,Commissioner of Insurance,,Democrat,Janice Laws Robinson,2090
Gilmer,,State School Superintendent,,Republican,Richard Woods (I),11791
Gilmer,,State School Superintendent,,Democrat,Alisha Thomas Searcy,2103
Gilmer,,Commissioner of Labor,,Republican,Bruce Thompson,11463
Gilmer,,Commissioner of Labor,,Democrat,"William """"Will"""" Boddie, Jr",2077
Gilmer,,Commissioner of Labor,,Libertarian,Emily Anderson,312
Glascock,,U.S. Senate,,Republican,Herschel Junior Walker,1171
Glascock,,U.S. Senate,,Democrat,Raphael Warnock (I),113
Glascock,,U.S. Senate,,Libertarian,Chase Oliver,11
Glascock,,Governor,,Republican,Brian Kemp (I),1211
Glascock,,Governor,,Democrat,Stacey Abrams,89
Glascock,,Governor,,Libertarian,Shane Hazel,5
Glascock,,Lieutenant Governor,,Republican,Burt Jones,1176
Glascock,,Lieutenant Governor,,Democrat,Charlie Bailey,98
Glascock,,Lieutenant Governor,,Libertarian,Ryan Graham,12
Glascock,,Secretary of State,,Republican,Brad Raffensperger (I),1133
Glascock,,Secretary of State,,Democrat,Bee Nguyen,88
Glascock,,Secretary of State,,Libertarian,Ted Metz,42
Glascock,,Attorney General,,Republican,Chris Carr (I),1167
Glascock,,Attorney General,,Democrat,"Jennifer """"Jen"""" Jordan",111
Glascock,,Attorney General,,Libertarian,Martin Cowen,9
Glascock,,Commissioner of Agriculture,,Republican,Tyler Harper,1172
Glascock,,Commissioner of Agriculture,,Democrat,Nakita Hemingway,107
Glascock,,Commissioner of Agriculture,,Libertarian,David Raudabaugh,11
Glascock,,Commissioner of Insurance,,Republican,John King (I),1176
Glascock,,Commissioner of Insurance,,Democrat,Janice Laws Robinson,100
Glascock,,State School Superintendent,,Republican,Richard Woods (I),1183
Glascock,,State School Superintendent,,Democrat,Alisha Thomas Searcy,98
Glascock,,Commissioner of Labor,,Republican,Bruce Thompson,1188
Glascock,,Commissioner of Labor,,Democrat,"William """"Will"""" Boddie, Jr",90
Glascock,,Commissioner of Labor,,Libertarian,Emily Anderson,10
Glynn,,U.S. Senate,,Republican,Herschel Junior Walker,20735
Glynn,,U.S. Senate,,Democrat,Raphael Warnock (I),11812
Glynn,,U.S. Senate,,Libertarian,Chase Oliver,597
Glynn,,Governor,,Republican,Brian Kemp (I),22245
Glynn,,Governor,,Democrat,Stacey Abrams,10779
Glynn,,Governor,,Libertarian,Shane Hazel,255
Glynn,,Lieutenant Governor,,Republican,Burt Jones,21412
Glynn,,Lieutenant Governor,,Democrat,Charlie Bailey,10887
Glynn,,Lieutenant Governor,,Libertarian,Ryan Graham,657
Glynn,,Secretary of State,,Republican,Brad Raffensperger (I),22110
Glynn,,Secretary of State,,Democrat,Bee Nguyen,9774
Glynn,,Secretary of State,,Libertarian,Ted Metz,1017
Glynn,,Attorney General,,Republican,Chris Carr (I),21569
Glynn,,Attorney General,,Democrat,"Jennifer """"Jen"""" Jordan",10971
Glynn,,Attorney General,,Libertarian,Martin Cowen,464
Glynn,,Commissioner of Agriculture,,Republican,Tyler Harper,21791
Glynn,,Commissioner of Agriculture,,Democrat,Nakita Hemingway,10432
Glynn,,Commissioner of Agriculture,,Libertarian,David Raudabaugh,670
Glynn,,Commissioner of Insurance,,Republican,John King (I),22115
Glynn,,Commissioner of Insurance,,Democrat,Janice Laws Robinson,10704
Glynn,,State School Superintendent,,Republican,Richard Woods (I),22175
Glynn,,State School Superintendent,,Democrat,Alisha Thomas Searcy,10737
Glynn,,Commissioner of Labor,,Republican,Bruce Thompson,21559
Glynn,,Commissioner of Labor,,Democrat,"William """"Will"""" Boddie, Jr",10485
Glynn,,Commissioner of Labor,,Libertarian,Emily Anderson,778
Gordon,,U.S. Senate,,Republican,Herschel Junior Walker,14955
Gordon,,U.S. Senate,,Democrat,Raphael Warnock (I),3357
Gordon,,U.S. Senate,,Libertarian,Chase Oliver,475
Gordon,,Governor,,Republican,Brian Kemp (I),16003
Gordon,,Governor,,Democrat,Stacey Abrams,2743
Gordon,,Governor,,Libertarian,Shane Hazel,161
Gordon,,Lieutenant Governor,,Republican,Burt Jones,15339
Gordon,,Lieutenant Governor,,Democrat,Charlie Bailey,2963
Gordon,,Lieutenant Governor,,Libertarian,Ryan Graham,422
Gordon,,Secretary of State,,Republican,Brad Raffensperger (I),15284
Gordon,,Secretary of State,,Democrat,Bee Nguyen,2701
Gordon,,Secretary of State,,Libertarian,Ted Metz,674
Gordon,,Attorney General,,Republican,Chris Carr (I),15428
Gordon,,Attorney General,,Democrat,"Jennifer """"Jen"""" Jordan",3028
Gordon,,Attorney General,,Libertarian,Martin Cowen,296
Gordon,,Commissioner of Agriculture,,Republican,Tyler Harper,15666
Gordon,,Commissioner of Agriculture,,Democrat,Nakita Hemingway,2649
Gordon,,Commissioner of Agriculture,,Libertarian,David Raudabaugh,389
Gordon,,Commissioner of Insurance,,Republican,John King (I),15858
Gordon,,Commissioner of Insurance,,Democrat,Janice Laws Robinson,2811
Gordon,,State School Superintendent,,Republican,Richard Woods (I),15842
Gordon,,State School Superintendent,,Democrat,Alisha Thomas Searcy,2833
Gordon,,Commissioner of Labor,,Republican,Bruce Thompson,15497
Gordon,,Commissioner of Labor,,Democrat,"William """"Will"""" Boddie, Jr",2743
Gordon,,Commissioner of Labor,,Libertarian,Emily Anderson,408
Grady,,U.S. Senate,,Republican,Herschel Junior Walker,5638
Grady,,U.S. Senate,,Democrat,Raphael Warnock (I),2573
Grady,,U.S. Senate,,,Chase Oliver (L),100
Grady,,Governor,,Republican,Brian Kemp (I),5884
Grady,,Governor,,Democrat,Stacey Abrams,2422
Grady,,Governor,,,Shane Hazel (L),35
Grady,,Lieutenant Governor,,Republican,Burt Jones,5749
Grady,,Lieutenant Governor,,Democrat,Charlie Bailey,2386
Grady,,Lieutenant Governor,,,Ryan Graham (L),95
Grady,,Secretary of State,,Republican,Brad Raffensperger (I),5795
Grady,,Secretary of State,,Democrat,Bee Nguyen,2238
Grady,,Secretary of State,,,Ted Metz (L),173
Grady,,Attorney General,,Republican,Chris Carr (I),5788
Grady,,Attorney General,,Democrat,"Jennifer """"Jen"""" Jordan",2397
Grady,,Attorney General,,,Martin Cowen (L),72
Grady,,Commissioner of Agriculture,,Republican,Tyler Harper,5841
Grady,,Commissioner of Agriculture,,Democrat,Nakita Hemingway,2309
Grady,,Commissioner of Agriculture,,,David Raudabaugh (L),89
Grady,,Commissioner of Insurance,,Republican,John King (I),5853
Grady,,Commissioner of Insurance,,Democrat,Janice Laws Robinson,2375
Grady,,State School Superintendent,,Republican,Richard Woods (I),5883
Grady,,State School Superintendent,,Democrat,Alisha Thomas Searcy,2369
Grady,,Commissioner of Labor,,Republican,Bruce Thompson,5760
Grady,,Commissioner of Labor,,Democrat,"William """"Will"""" Boddie, Jr",2364
Grady,,Commissioner of Labor,,,Emily Anderson (L),101
Greene,,U.S. Senate,,Republican,Herschel Junior Walker,6741
Greene,,U.S. Senate,,Democrat,Raphael Warnock (I),3527
Greene,,U.S. Senate,,Libertarian,Chase Oliver,156
Greene,,Governor,,Republican,Brian Kemp (I),7402
Greene,,Governor,,Democrat,Stacey Abrams,3060
Greene,,Governor,,Libertarian,Shane Hazel,46
Greene,,Lieutenant Governor,,Republican,Burt Jones,7079
Greene,,Lieutenant Governor,,Democrat,Charlie Bailey,3171
Greene,,Lieutenant Governor,,Libertarian,Ryan Graham,157
Greene,,Secretary of State,,Republican,Brad Raffensperger (I),7269
Greene,,Secretary of State,,Democrat,Bee Nguyen,2821
Greene,,Secretary of State,,Libertarian,Ted Metz,295
Greene,,Attorney General,,Republican,Chris Carr (I),7115
Greene,,Attorney General,,Democrat,"Jennifer """"Jen"""" Jordan",3205
Greene,,Attorney General,,Libertarian,Martin Cowen,114
Greene,,Commissioner of Agriculture,,Republican,Tyler Harper,7308
Greene,,Commissioner of Agriculture,,Democrat,Nakita Hemingway,2932
Greene,,Commissioner of Agriculture,,Libertarian,David Raudabaugh,144
Greene,,Commissioner of Insurance,,Republican,John King (I),7324
Greene,,Commissioner of Insurance,,Democrat,Janice Laws Robinson,3042
Greene,,State School Superintendent,,Republican,Richard Woods (I),7368
Greene,,State School Superintendent,,Democrat,Alisha Thomas Searcy,3018
Greene,,Commissioner of Labor,,Republican,Bruce Thompson,7179
Greene,,Commissioner of Labor,,Democrat,"William """"Will"""" Boddie, Jr",3028
Greene,,Commissioner of Labor,,Libertarian,Emily Anderson,152
Gwinnett,,U.S. Senate,,Republican,Herschel Junior Walker,115024
Gwinnett,,U.S. Senate,,Democrat,Raphael Warnock (I),175688
Gwinnett,,U.S. Senate,,Libertarian,Chase Oliver,7324
Gwinnett,,Governor,,Republican,Brian Kemp (I),133076
Gwinnett,,Governor,,Democrat,Stacey Abrams,164051
Gwinnett,,Governor,,Libertarian,Shane Hazel,2355
Gwinnett,,Lieutenant Governor,,Republican,Burt Jones,124252
Gwinnett,,Lieutenant Governor,,Democrat,Charlie Bailey,164963
Gwinnett,,Lieutenant Governor,,Libertarian,Ryan Graham,7697
Gwinnett,,Secretary of State,,Republican,Brad Raffensperger (I),132049
Gwinnett,,Secretary of State,,Democrat,Bee Nguyen,157103
Gwinnett,,Secretary of State,,Libertarian,Ted Metz,7968
Gwinnett,,Attorney General,,Republican,Chris Carr (I),126679
Gwinnett,,Attorney General,,Democrat,"Jennifer """"Jen"""" Jordan",165416
Gwinnett,,Attorney General,,Libertarian,Martin Cowen,5262
Gwinnett,,Commissioner of Agriculture,,Republican,Tyler Harper,129410
Gwinnett,,Commissioner of Agriculture,,Democrat,Nakita Hemingway,159727
Gwinnett,,Commissioner of Agriculture,,Libertarian,David Raudabaugh,7308
Gwinnett,,Commissioner of Insurance,,Republican,John King (I),133062
Gwinnett,,Commissioner of Insurance,,Democrat,Janice Laws Robinson,162643
Gwinnett,,State School Superintendent,,Republican,Richard Woods (I),134546
Gwinnett,,State School Superintendent,,Democrat,Alisha Thomas Searcy,161912
Gwinnett,,Commissioner of Labor,,Republican,Bruce Thompson,126571
Gwinnett,,Commissioner of Labor,,Democrat,"William """"Will"""" Boddie, Jr",160331
Gwinnett,,Commissioner of Labor,,Libertarian,Emily Anderson,9086
Habersham,,U.S. Senate,,Republican,Herschel Junior Walker,13509
Habersham,,U.S. Senate,,Democrat,Raphael Warnock (I),2887
Habersham,,U.S. Senate,,Libertarian,Chase Oliver,478
Habersham,,Governor,,Republican,Brian Kemp (I),14513
Habersham,,Governor,,Democrat,Stacey Abrams,2322
Habersham,,Governor,,Libertarian,Shane Hazel,155
Habersham,,Lieutenant Governor,,Republican,Burt Jones,13964
Habersham,,Lieutenant Governor,,Democrat,Charlie Bailey,2552
Habersham,,Lieutenant Governor,,Libertarian,Ryan Graham,339
Habersham,,Secretary of State,,Republican,Brad Raffensperger (I),13849
Habersham,,Secretary of State,,Democrat,Bee Nguyen,2269
Habersham,,Secretary of State,,Libertarian,Ted Metz,681
Habersham,,Attorney General,,Republican,Chris Carr (I),14034
Habersham,,Attorney General,,Democrat,"Jennifer """"Jen"""" Jordan",2556
Habersham,,Attorney General,,Libertarian,Martin Cowen,280
Habersham,,Commissioner of Agriculture,,Republican,Tyler Harper,14259
Habersham,,Commissioner of Agriculture,,Democrat,Nakita Hemingway,2225
Habersham,,Commissioner of Agriculture,,Libertarian,David Raudabaugh,354
Habersham,,Commissioner of Insurance,,Republican,John King (I),14406
Habersham,,Commissioner of Insurance,,Democrat,Janice Laws Robinson,2396
Habersham,,State School Superintendent,,Republican,Richard Woods (I),14401
Habersham,,State School Superintendent,,Democrat,Alisha Thomas Searcy,2409
Habersham,,Commissioner of Labor,,Republican,Bruce Thompson,14057
Habersham,,Commissioner of Labor,,Democrat,"William """"Will"""" Boddie, Jr",2328
Habersham,,Commissioner of Labor,,Libertarian,Emily Anderson,406
Hall,,U.S. Senate,,Republican,Herschel Junior Walker,51643
Hall,,U.S. Senate,,Democrat,Raphael Warnock (I),19196
Hall,,U.S. Senate,,Libertarian,Chase Oliver,2166
Hall,,Governor,,Republican,Brian Kemp (I),56573
Hall,,Governor,,Democrat,Stacey Abrams,16299
Hall,,Governor,,Libertarian,Shane Hazel,644
Hall,,Lieutenant Governor,,Republican,Burt Jones,54183
Hall,,Lieutenant Governor,,Democrat,Charlie Bailey,17088
Hall,,Lieutenant Governor,,Libertarian,Ryan Graham,1732
Hall,,Secretary of State,,Republican,Brad Raffensperger (I),54464
Hall,,Secretary of State,,Democrat,Bee Nguyen,15645
Hall,,Secretary of State,,Libertarian,Ted Metz,2744
Hall,,Attorney General,,Republican,Chris Carr (I),54624
Hall,,Attorney General,,Democrat,"Jennifer """"Jen"""" Jordan",17182
Hall,,Attorney General,,Libertarian,Martin Cowen,1237
Hall,,Commissioner of Agriculture,,Republican,Tyler Harper,55524
Hall,,Commissioner of Agriculture,,Democrat,Nakita Hemingway,15606
Hall,,Commissioner of Agriculture,,Libertarian,David Raudabaugh,1704
Hall,,Commissioner of Insurance,,Republican,John King (I),56234
Hall,,Commissioner of Insurance,,Democrat,Janice Laws Robinson,16416
Hall,,State School Superintendent,,Republican,Richard Woods (I),56335
Hall,,State School Superintendent,,Democrat,Alisha Thomas Searcy,16419
Hall,,Commissioner of Labor,,Republican,Bruce Thompson,54688
Hall,,Commissioner of Labor,,Democrat,"William """"Will"""" Boddie, Jr",16086
Hall,,Commissioner of Labor,,Libertarian,Emily Anderson,1950
Hancock,,U.S. Senate,,Republican,Herschel Junior Walker,989
Hancock,,U.S. Senate,,Democrat,Raphael Warnock (I),2373
Hancock,,U.S. Senate,,Libertarian,Chase Oliver,30
Hancock,,Governor,,Republican,Brian Kemp (I),1073
Hancock,,Governor,,Democrat,Stacey Abrams,2313
Hancock,,Governor,,Libertarian,Shane Hazel,16
Hancock,,Lieutenant Governor,,Republican,Burt Jones,1046
Hancock,,Lieutenant Governor,,Democrat,Charlie Bailey,2169
Hancock,,Lieutenant Governor,,Libertarian,Ryan Graham,54
Hancock,,Secretary of State,,Republican,Brad Raffensperger (I),1082
Hancock,,Secretary of State,,Democrat,Bee Nguyen,2108
Hancock,,Secretary of State,,Libertarian,Ted Metz,82
Hancock,,Attorney General,,Republican,Chris Carr (I),1036
Hancock,,Attorney General,,Democrat,"Jennifer """"Jen"""" Jordan",2224
Hancock,,Attorney General,,Libertarian,Martin Cowen,40
Hancock,,Commissioner of Agriculture,,Republican,Tyler Harper,1050
Hancock,,Commissioner of Agriculture,,Democrat,Nakita Hemingway,2190
Hancock,,Commissioner of Agriculture,,Libertarian,David Raudabaugh,49
Hancock,,Commissioner of Insurance,,Republican,John King (I),1046
Hancock,,Commissioner of Insurance,,Democrat,Janice Laws Robinson,2224
Hancock,,State School Superintendent,,Republican,Richard Woods (I),1074
Hancock,,State School Superintendent,,Democrat,Alisha Thomas Searcy,2207
Hancock,,Commissioner of Labor,,Republican,Bruce Thompson,1016
Hancock,,Commissioner of Labor,,Democrat,"William """"Will"""" Boddie, Jr",2228
Hancock,,Commissioner of Labor,,Libertarian,Emily Anderson,51
Haralson,,U.S. Senate,,Republican,Herschel Junior Walker,9789
Haralson,,U.S. Senate,,Democrat,Raphael Warnock (I),1498
Haralson,,U.S. Senate,,Libertarian,Chase Oliver,308
Haralson,,Governor,,Republican,Brian Kemp (I),10398
Haralson,,Governor,,Democrat,Stacey Abrams,1166
Haralson,,Governor,,Libertarian,Shane Hazel,87
Haralson,,Lieutenant Governor,,Republican,Burt Jones,10032
Haralson,,Lieutenant Governor,,Democrat,Charlie Bailey,1319
Haralson,,Lieutenant Governor,,Libertarian,Ryan Graham,222
Haralson,,Secretary of State,,Republican,Brad Raffensperger (I),9871
Haralson,,Secretary of State,,Democrat,Bee Nguyen,1192
Haralson,,Secretary of State,,Libertarian,Ted Metz,438
Haralson,,Attorney General,,Republican,Chris Carr (I),10080
Haralson,,Attorney General,,Democrat,"Jennifer """"Jen"""" Jordan",1338
Haralson,,Attorney General,,Libertarian,Martin Cowen,168
Haralson,,Commissioner of Agriculture,,Republican,Tyler Harper,10237
Haralson,,Commissioner of Agriculture,,Democrat,Nakita Hemingway,1139
Haralson,,Commissioner of Agriculture,,Libertarian,David Raudabaugh,212
Haralson,,Commissioner of Insurance,,Republican,John King (I),10286
Haralson,,Commissioner of Insurance,,Democrat,Janice Laws Robinson,1254
Haralson,,State School Superintendent,,Republican,Richard Woods (I),10304
Haralson,,State School Superintendent,,Democrat,Alisha Thomas Searcy,1253
Haralson,,Commissioner of Labor,,Republican,Bruce Thompson,10109
Haralson,,Commissioner of Labor,,Democrat,"William """"Will"""" Boddie, Jr",1231
Haralson,,Commissioner of Labor,,Libertarian,Emily Anderson,223
Harris,,U.S. Senate,,Republican,Herschel Junior Walker,12072
Harris,,U.S. Senate,,Democrat,Raphael Warnock (I),4546
Harris,,U.S. Senate,,Libertarian,Chase Oliver,338
Harris,,Governor,,Republican,Brian Kemp (I),12924
Harris,,Governor,,Democrat,Stacey Abrams,4008
Harris,,Governor,,Libertarian,Shane Hazel,107
Harris,,Lieutenant Governor,,Republican,Burt Jones,12557
Harris,,Lieutenant Governor,,Democrat,Charlie Bailey,4089
Harris,,Lieutenant Governor,,Libertarian,Ryan Graham,267
Harris,,Secretary of State,,Republican,Brad Raffensperger (I),12629
Harris,,Secretary of State,,Democrat,Bee Nguyen,3692
Harris,,Secretary of State,,Libertarian,Ted Metz,510
Harris,,Attorney General,,Republican,Chris Carr (I),12609
Harris,,Attorney General,,Democrat,"Jennifer """"Jen"""" Jordan",4104
Harris,,Attorney General,,Libertarian,Martin Cowen,209
Harris,,Commissioner of Agriculture,,Republican,Tyler Harper,12729
Harris,,Commissioner of Agriculture,,Democrat,Nakita Hemingway,3890
Harris,,Commissioner of Agriculture,,Libertarian,David Raudabaugh,268
Harris,,Commissioner of Insurance,,Republican,John King (I),12879
Harris,,Commissioner of Insurance,,Democrat,Janice Laws Robinson,3971
Harris,,State School Superintendent,,Republican,Richard Woods (I),12951
Harris,,State School Superintendent,,Democrat,Alisha Thomas Searcy,3926
Harris,,Commissioner of Labor,,Republican,Bruce Thompson,12587
Harris,,Commissioner of Labor,,Democrat,"William """"Will"""" Boddie, Jr",3948
Harris,,Commissioner of Labor,,Libertarian,Emily Anderson,324
Hart,,U.S. Senate,,Republican,Herschel Junior Walker,7979
Hart,,U.S. Senate,,Democrat,Raphael Warnock (I),2322
Hart,,U.S. Senate,,Libertarian,Chase Oliver,194
Hart,,Governor,,Republican,Brian Kemp (I),8426
Hart,,Governor,,Democrat,Stacey Abrams,2039
Hart,,Governor,,Libertarian,Shane Hazel,95
Hart,,Lieutenant Governor,,Republican,Burt Jones,8131
Hart,,Lieutenant Governor,,Democrat,Charlie Bailey,2112
Hart,,Lieutenant Governor,,Libertarian,Ryan Graham,171
Hart,,Secretary of State,,Republican,Brad Raffensperger (I),8111
Hart,,Secretary of State,,Democrat,Bee Nguyen,1898
Hart,,Secretary of State,,Libertarian,Ted Metz,353
Hart,,Attorney General,,Republican,Chris Carr (I),8164
Hart,,Attorney General,,Democrat,"Jennifer """"Jen"""" Jordan",2142
Hart,,Attorney General,,Libertarian,Martin Cowen,127
Hart,,Commissioner of Agriculture,,Republican,Tyler Harper,8254
Hart,,Commissioner of Agriculture,,Democrat,Nakita Hemingway,1998
Hart,,Commissioner of Agriculture,,Libertarian,David Raudabaugh,176
Hart,,Commissioner of Insurance,,Republican,John King (I),8325
Hart,,Commissioner of Insurance,,Democrat,Janice Laws Robinson,2067
Hart,,State School Superintendent,,Republican,Richard Woods (I),8330
Hart,,State School Superintendent,,Democrat,Alisha Thomas Searcy,2078
Hart,,Commissioner of Labor,,Republican,Bruce Thompson,8178
Hart,,Commissioner of Labor,,Democrat,"William """"Will"""" Boddie, Jr",2015
Hart,,Commissioner of Labor,,Libertarian,Emily Anderson,210
Heard,,U.S. Senate,,Republican,Herschel Junior Walker,3673
Heard,,U.S. Senate,,Democrat,Raphael Warnock (I),675
Heard,,U.S. Senate,,Libertarian,Chase Oliver,93
Heard,,Governor,,Republican,Brian Kemp (I),3858
Heard,,Governor,,Democrat,Stacey Abrams,568
Heard,,Governor,,Libertarian,Shane Hazel,37
Heard,,Lieutenant Governor,,Republican,Burt Jones,3760
Heard,,Lieutenant Governor,,Democrat,Charlie Bailey,588
Heard,,Lieutenant Governor,,Libertarian,Ryan Graham,68
Heard,,Secretary of State,,Republican,Brad Raffensperger (I),3719
Heard,,Secretary of State,,Democrat,Bee Nguyen,540
Heard,,Secretary of State,,Libertarian,Ted Metz,135
Heard,,Attorney General,,Republican,Chris Carr (I),3761
Heard,,Attorney General,,Democrat,"Jennifer """"Jen"""" Jordan",603
Heard,,Attorney General,,Libertarian,Martin Cowen,59
Heard,,Commissioner of Agriculture,,Republican,Tyler Harper,3836
Heard,,Commissioner of Agriculture,,Democrat,Nakita Hemingway,524
Heard,,Commissioner of Agriculture,,Libertarian,David Raudabaugh,68
Heard,,Commissioner of Insurance,,Republican,John King (I),3829
Heard,,Commissioner of Insurance,,Democrat,Janice Laws Robinson,577
Heard,,State School Superintendent,,Republican,Richard Woods (I),3835
Heard,,State School Superintendent,,Democrat,Alisha Thomas Searcy,569
Heard,,Commissioner of Labor,,Republican,Bruce Thompson,3767
Heard,,Commissioner of Labor,,Democrat,"William """"Will"""" Boddie, Jr",560
Heard,,Commissioner of Labor,,Libertarian,Emily Anderson,84
Henry,,U.S. Senate,,Republican,Herschel Junior Walker,32819
Henry,,U.S. Senate,,Democrat,Raphael Warnock (I),60756
Henry,,U.S. Senate,,Libertarian,Chase Oliver,1654
Henry,,Governor,,Republican,Brian Kemp (I),36392
Henry,,Governor,,Democrat,Stacey Abrams,58643
Henry,,Governor,,Libertarian,Shane Hazel,533
Henry,,Lieutenant Governor,,Republican,Burt Jones,34802
Henry,,Lieutenant Governor,,Democrat,Charlie Bailey,57979
Henry,,Lieutenant Governor,,Libertarian,Ryan Graham,1932
Henry,,Secretary of State,,Republican,Brad Raffensperger (I),36236
Henry,,Secretary of State,,Democrat,Bee Nguyen,56417
Henry,,Secretary of State,,Libertarian,Ted Metz,2090
Henry,,Attorney General,,Republican,Chris Carr (I),35042
Henry,,Attorney General,,Democrat,"Jennifer """"Jen"""" Jordan",58407
Henry,,Attorney General,,Libertarian,Martin Cowen,1469
Henry,,Commissioner of Agriculture,,Republican,Tyler Harper,35543
Henry,,Commissioner of Agriculture,,Democrat,Nakita Hemingway,57312
Henry,,Commissioner of Agriculture,,Libertarian,David Raudabaugh,1937
Henry,,Commissioner of Insurance,,Republican,John King (I),36320
Henry,,Commissioner of Insurance,,Democrat,Janice Laws Robinson,58234
Henry,,State School Superintendent,,Republican,Richard Woods (I),36393
Henry,,State School Superintendent,,Democrat,Alisha Thomas Searcy,58346
Henry,,Commissioner of Labor,,Republican,Bruce Thompson,34884
Henry,,Commissioner of Labor,,Democrat,"William """"Will"""" Boddie, Jr",57255
Henry,,Commissioner of Labor,,Libertarian,Emily Anderson,2511
Houston,,U.S. Senate,,Republican,Herschel Junior Walker,32239
Houston,,U.S. Senate,,Democrat,Raphael Warnock (I),25657
Houston,,U.S. Senate,,Libertarian,Chase Oliver,1095
Houston,,Governor,,Republican,Brian Kemp (I),34842
Houston,,Governor,,Democrat,Stacey Abrams,23928
Houston,,Governor,,Libertarian,Shane Hazel,440
Houston,,Lieutenant Governor,,Republican,Burt Jones,33776
Houston,,Lieutenant Governor,,Democrat,Charlie Bailey,23734
Houston,,Lieutenant Governor,,Libertarian,Ryan Graham,1149
Houston,,Secretary of State,,Republican,Brad Raffensperger (I),33803
Houston,,Secretary of State,,Democrat,Bee Nguyen,23000
Houston,,Secretary of State,,Libertarian,Ted Metz,1806
Houston,,Attorney General,,Republican,Chris Carr (I),33745
Houston,,Attorney General,,Democrat,"Jennifer """"Jen"""" Jordan",24155
Houston,,Attorney General,,Libertarian,Martin Cowen,851
Houston,,Commissioner of Agriculture,,Republican,Tyler Harper,34140
Houston,,Commissioner of Agriculture,,Democrat,Nakita Hemingway,23296
Houston,,Commissioner of Agriculture,,Libertarian,David Raudabaugh,1190
Houston,,Commissioner of Insurance,,Republican,John King (I),34706
Houston,,Commissioner of Insurance,,Democrat,Janice Laws Robinson,23813
Houston,,State School Superintendent,,Republican,Richard Woods (I),34903
Houston,,State School Superintendent,,Democrat,Alisha Thomas Searcy,23745
Houston,,Commissioner of Labor,,Republican,Bruce Thompson,33684
Houston,,Commissioner of Labor,,Democrat,"William """"Will"""" Boddie, Jr",23431
Houston,,Commissioner of Labor,,Libertarian,Emily Anderson,1426
Irwin,,U.S. Senate,,Republican,Herschel Junior Walker,2601
Irwin,,U.S. Senate,,Democrat,Raphael Warnock (I),757
Irwin,,U.S. Senate,,,Chase Oliver (L),46
Irwin,,Governor,,Republican,Brian Kemp (I),2695
Irwin,,Governor,,Democrat,Stacey Abrams,702
Irwin,,Governor,,,Shane Hazel (L),21
Irwin,,Lieutenant Governor,,Republican,Burt Jones,2664
Irwin,,Lieutenant Governor,,Democrat,Charlie Bailey,678
Irwin,,Lieutenant Governor,,,Ryan Graham (L),44
Irwin,,Secretary of State,,Republican,Brad Raffensperger (I),2604
Irwin,,Secretary of State,,Democrat,Bee Nguyen,664
Irwin,,Secretary of State,,,Ted Metz (L),93
Irwin,,Attorney General,,Republican,Chris Carr (I),2659
Irwin,,Attorney General,,Democrat,"Jennifer """"Jen"""" Jordan",704
Irwin,,Attorney General,,,Martin Cowen (L),22
Irwin,,Commissioner of Agriculture,,Republican,Tyler Harper,2750
Irwin,,Commissioner of Agriculture,,Democrat,Nakita Hemingway,610
Irwin,,Commissioner of Agriculture,,,David Raudabaugh (L),27
Irwin,,Commissioner of Insurance,,Republican,John King (I),2676
Irwin,,Commissioner of Insurance,,Democrat,Janice Laws Robinson,694
Irwin,,State School Superintendent,,Republican,Richard Woods (I),2775
Irwin,,State School Superintendent,,Democrat,Alisha Thomas Searcy,617
Irwin,,Commissioner of Labor,,Republican,Bruce Thompson,2668
Irwin,,Commissioner of Labor,,Democrat,"William """"Will"""" Boddie, Jr",676
Irwin,,Commissioner of Labor,,,Emily Anderson (L),43
Jackson,,U.S. Senate,,Republican,Herschel Junior Walker,24379
Jackson,,U.S. Senate,,Democrat,Raphael Warnock (I),6504
Jackson,,U.S. Senate,,Libertarian,Chase Oliver,823
Jackson,,Governor,,Republican,Brian Kemp (I),26223
Jackson,,Governor,,Democrat,Stacey Abrams,5420
Jackson,,Governor,,Libertarian,Shane Hazel,238
Jackson,,Lieutenant Governor,,Republican,Burt Jones,25236
Jackson,,Lieutenant Governor,,Democrat,Charlie Bailey,5724
Jackson,,Lieutenant Governor,,Libertarian,Ryan Graham,684
Jackson,,Secretary of State,,Republican,Brad Raffensperger (I),24943
Jackson,,Secretary of State,,Democrat,Bee Nguyen,5313
Jackson,,Secretary of State,,Libertarian,Ted Metz,1293
Jackson,,Attorney General,,Republican,Chris Carr (I),25442
Jackson,,Attorney General,,Democrat,"Jennifer """"Jen"""" Jordan",5757
Jackson,,Attorney General,,Libertarian,Martin Cowen,503
Jackson,,Commissioner of Agriculture,,Republican,Tyler Harper,25678
Jackson,,Commissioner of Agriculture,,Democrat,Nakita Hemingway,5232
Jackson,,Commissioner of Agriculture,,Libertarian,David Raudabaugh,703
Jackson,,Commissioner of Insurance,,Republican,John King (I),25971
Jackson,,Commissioner of Insurance,,Democrat,Janice Laws Robinson,5522
Jackson,,State School Superintendent,,Republican,Richard Woods (I),26057
Jackson,,State School Superintendent,,Democrat,Alisha Thomas Searcy,5491
Jackson,,Commissioner of Labor,,Republican,Bruce Thompson,25344
Jackson,,Commissioner of Labor,,Democrat,"William """"Will"""" Boddie, Jr",5415
Jackson,,Commissioner of Labor,,Libertarian,Emily Anderson,786
Jasper,,U.S. Senate,,Republican,Herschel Junior Walker,4951
Jasper,,U.S. Senate,,Democrat,Raphael Warnock (I),1464
Jasper,,U.S. Senate,,Libertarian,Chase Oliver,120
Jasper,,Governor,,Republican,Brian Kemp (I),5237
Jasper,,Governor,,Democrat,Stacey Abrams,1286
Jasper,,Governor,,Libertarian,Shane Hazel,51
Jasper,,Lieutenant Governor,,Republican,Burt Jones,5132
Jasper,,Lieutenant Governor,,Democrat,Charlie Bailey,1309
Jasper,,Lieutenant Governor,,Libertarian,Ryan Graham,87
Jasper,,Secretary of State,,Republican,Brad Raffensperger (I),5010
Jasper,,Secretary of State,,Democrat,Bee Nguyen,1253
Jasper,,Secretary of State,,Libertarian,Ted Metz,238
Jasper,,Attorney General,,Republican,Chris Carr (I),5090
Jasper,,Attorney General,,Democrat,"Jennifer """"Jen"""" Jordan",1364
Jasper,,Attorney General,,Libertarian,Martin Cowen,79
Jasper,,Commissioner of Agriculture,,Republican,Tyler Harper,5191
Jasper,,Commissioner of Agriculture,,Democrat,Nakita Hemingway,1223
Jasper,,Commissioner of Agriculture,,Libertarian,David Raudabaugh,120
Jasper,,Commissioner of Insurance,,Republican,John King (I),5192
Jasper,,Commissioner of Insurance,,Democrat,Janice Laws Robinson,1310
Jasper,,State School Superintendent,,Republican,Richard Woods (I),5216
Jasper,,State School Superintendent,,Democrat,Alisha Thomas Searcy,1296
Jasper,,Commissioner of Labor,,Republican,Bruce Thompson,5137
Jasper,,Commissioner of Labor,,Democrat,"William """"Will"""" Boddie, Jr",1280
Jasper,,Commissioner of Labor,,Libertarian,Emily Anderson,109
Jefferson,,U.S. Senate,,Republican,Herschel Junior Walker,3041
Jefferson,,U.S. Senate,,Democrat,Raphael Warnock (I),3158
Jefferson,,U.S. Senate,,Libertarian,Chase Oliver,54
Jefferson,,Governor,,Republican,Brian Kemp (I),3162
Jefferson,,Governor,,Democrat,Stacey Abrams,3089
Jefferson,,Governor,,Libertarian,Shane Hazel,27
Jefferson,,Lieutenant Governor,,Republican,Burt Jones,3097
Jefferson,,Lieutenant Governor,,Democrat,Charlie Bailey,2934
Jefferson,,Lieutenant Governor,,Libertarian,Ryan Graham,73
Jefferson,,Secretary of State,,Republican,Brad Raffensperger (I),3066
Jefferson,,Secretary of State,,Democrat,Bee Nguyen,2881
Jefferson,,Secretary of State,,Libertarian,Ted Metz,121
Jefferson,,Attorney General,,Republican,Chris Carr (I),3078
Jefferson,,Attorney General,,Democrat,"Jennifer """"Jen"""" Jordan",3020
Jefferson,,Attorney General,,Libertarian,Martin Cowen,54
Jefferson,,Commissioner of Agriculture,,Republican,Tyler Harper,3061
Jefferson,,Commissioner of Agriculture,,Democrat,Nakita Hemingway,2978
Jefferson,,Commissioner of Agriculture,,Libertarian,David Raudabaugh,93
Jefferson,,Commissioner of Insurance,,Republican,John King (I),3111
Jefferson,,Commissioner of Insurance,,Democrat,Janice Laws Robinson,3003
Jefferson,,State School Superintendent,,Republican,Richard Woods (I),3209
Jefferson,,State School Superintendent,,Democrat,Alisha Thomas Searcy,2904
Jefferson,,Commissioner of Labor,,Republican,Bruce Thompson,3079
Jefferson,,Commissioner of Labor,,Democrat,"William """"Will"""" Boddie, Jr",2965
Jefferson,,Commissioner of Labor,,Libertarian,Emily Anderson,76
Jeff Davis,,U.S. Senate,,Republican,Herschel Junior Walker,3738
Jeff Davis,,U.S. Senate,,Democrat,Raphael Warnock (I),738
Jeff Davis,,U.S. Senate,,Libertarian,Chase Oliver,52
Jeff Davis,,Governor,,Republican,Brian Kemp (I),3865
Jeff Davis,,Governor,,Democrat,Stacey Abrams,646
Jeff Davis,,Governor,,Libertarian,Shane Hazel,32
Jeff Davis,,Lieutenant Governor,,Republican,Burt Jones,3754
Jeff Davis,,Lieutenant Governor,,Democrat,Charlie Bailey,627
Jeff Davis,,Lieutenant Governor,,Libertarian,Ryan Graham,62
Jeff Davis,,Secretary of State,,Republican,Brad Raffensperger (I),3700
Jeff Davis,,Secretary of State,,Democrat,Bee Nguyen,612
Jeff Davis,,Secretary of State,,Libertarian,Ted Metz,117
Jeff Davis,,Attorney General,,Republican,Chris Carr (I),3759
Jeff Davis,,Attorney General,,Democrat,"Jennifer """"Jen"""" Jordan",666
Jeff Davis,,Attorney General,,Libertarian,Martin Cowen,42
Jeff Davis,,Commissioner of Agriculture,,Republican,Tyler Harper,3805
Jeff Davis,,Commissioner of Agriculture,,Democrat,Nakita Hemingway,624
Jeff Davis,,Commissioner of Agriculture,,Libertarian,David Raudabaugh,47
Jeff Davis,,Commissioner of Insurance,,Republican,John King (I),3790
Jeff Davis,,Commissioner of Insurance,,Democrat,Janice Laws Robinson,663
Jeff Davis,,State School Superintendent,,Republican,Richard Woods (I),3806
Jeff Davis,,State School Superintendent,,Democrat,Alisha Thomas Searcy,649
Jeff Davis,,Commissioner of Labor,,Republican,Bruce Thompson,3780
Jeff Davis,,Commissioner of Labor,,Democrat,"William """"Will"""" Boddie, Jr",634
Jeff Davis,,Commissioner of Labor,,Libertarian,Emily Anderson,47
Jenkins,,U.S. Senate,,Republican,Herschel Junior Walker,1826
Jenkins,,U.S. Senate,,Democrat,Raphael Warnock (I),912
Jenkins,,U.S. Senate,,Libertarian,Chase Oliver,25
Jenkins,,Governor,,Republican,Brian Kemp (I),1893
Jenkins,,Governor,,Democrat,Stacey Abrams,871
Jenkins,,Governor,,Libertarian,Shane Hazel,10
Jenkins,,Lieutenant Governor,,Republican,Burt Jones,1843
Jenkins,,Lieutenant Governor,,Democrat,Charlie Bailey,849
Jenkins,,Lieutenant Governor,,Libertarian,Ryan Graham,30
Jenkins,,Secretary of State,,Republican,Brad Raffensperger (I),1829
Jenkins,,Secretary of State,,Democrat,Bee Nguyen,834
Jenkins,,Secretary of State,,Libertarian,Ted Metz,50
Jenkins,,Attorney General,,Republican,Chris Carr (I),1850
Jenkins,,Attorney General,,Democrat,"Jennifer """"Jen"""" Jordan",866
Jenkins,,Attorney General,,Libertarian,Martin Cowen,21
Jenkins,,Commissioner of Agriculture,,Republican,Tyler Harper,1866
Jenkins,,Commissioner of Agriculture,,Democrat,Nakita Hemingway,837
Jenkins,,Commissioner of Agriculture,,Libertarian,David Raudabaugh,30
Jenkins,,Commissioner of Insurance,,Republican,John King (I),1872
Jenkins,,Commissioner of Insurance,,Democrat,Janice Laws Robinson,859
Jenkins,,State School Superintendent,,Republican,Richard Woods (I),1876
Jenkins,,State School Superintendent,,Democrat,Alisha Thomas Searcy,851
Jenkins,,Commissioner of Labor,,Republican,Bruce Thompson,1861
Jenkins,,Commissioner of Labor,,Democrat,"William """"Will"""" Boddie, Jr",847
Jenkins,,Commissioner of Labor,,Libertarian,Emily Anderson,17
Johnson,,U.S. Senate,,Republican,Herschel Junior Walker,2484
Johnson,,U.S. Senate,,Democrat,Raphael Warnock (I),869
Johnson,,U.S. Senate,,Libertarian,Chase Oliver,17
Johnson,,Governor,,Republican,Brian Kemp (I),2504
Johnson,,Governor,,Democrat,Stacey Abrams,867
Johnson,,Governor,,Libertarian,Shane Hazel,12
Johnson,,Lieutenant Governor,,Republican,Burt Jones,2454
Johnson,,Lieutenant Governor,,Democrat,Charlie Bailey,813
Johnson,,Lieutenant Governor,,Libertarian,Ryan Graham,37
Johnson,,Secretary of State,,Republican,Brad Raffensperger (I),2421
Johnson,,Secretary of State,,Democrat,Bee Nguyen,785
Johnson,,Secretary of State,,Libertarian,Ted Metz,80
Johnson,,Attorney General,,Republican,Chris Carr (I),2446
Johnson,,Attorney General,,Democrat,"Jennifer """"Jen"""" Jordan",853
Johnson,,Attorney General,,Libertarian,Martin Cowen,23
Johnson,,Commissioner of Agriculture,,Republican,Tyler Harper,2463
Johnson,,Commissioner of Agriculture,,Democrat,Nakita Hemingway,837
Johnson,,Commissioner of Agriculture,,Libertarian,David Raudabaugh,28
Johnson,,Commissioner of Insurance,,Republican,John King (I),2470
Johnson,,Commissioner of Insurance,,Democrat,Janice Laws Robinson,837
Johnson,,State School Superintendent,,Republican,Richard Woods (I),2478
Johnson,,State School Superintendent,,Democrat,Alisha Thomas Searcy,846
Johnson,,Commissioner of Labor,,Republican,Bruce Thompson,2461
Johnson,,Commissioner of Labor,,Democrat,"William """"Will"""" Boddie, Jr",818
Johnson,,Commissioner of Labor,,Libertarian,Emily Anderson,39
Jones,,U.S. Senate,,Republican,Herschel Junior Walker,8089
Jones,,U.S. Senate,,Democrat,Raphael Warnock (I),3990
Jones,,U.S. Senate,,Libertarian,Chase Oliver,191
Jones,,Governor,,Republican,Brian Kemp (I),8583
Jones,,Governor,,Democrat,Stacey Abrams,3657
Jones,,Governor,,Libertarian,Shane Hazel,72
Jones,,Lieutenant Governor,,Republican,Burt Jones,8412
Jones,,Lieutenant Governor,,Democrat,Charlie Bailey,3638
Jones,,Lieutenant Governor,,Libertarian,Ryan Graham,154
Jones,,Secretary of State,,Republican,Brad Raffensperger (I),8314
Jones,,Secretary of State,,Democrat,Bee Nguyen,3513
Jones,,Secretary of State,,Libertarian,Ted Metz,343
Jones,,Attorney General,,Republican,Chris Carr (I),8321
Jones,,Attorney General,,Democrat,"Jennifer """"Jen"""" Jordan",3780
Jones,,Attorney General,,Libertarian,Martin Cowen,118
Jones,,Commissioner of Agriculture,,Republican,Tyler Harper,8403
Jones,,Commissioner of Agriculture,,Democrat,Nakita Hemingway,3593
Jones,,Commissioner of Agriculture,,Libertarian,David Raudabaugh,196
Jones,,Commissioner of Insurance,,Republican,John King (I),8522
Jones,,Commissioner of Insurance,,Democrat,Janice Laws Robinson,3654
Jones,,State School Superintendent,,Republican,Richard Woods (I),8569
Jones,,State School Superintendent,,Democrat,Alisha Thomas Searcy,3631
Jones,,Commissioner of Labor,,Republican,Bruce Thompson,8326
Jones,,Commissioner of Labor,,Democrat,"William """"Will"""" Boddie, Jr",3647
Jones,,Commissioner of Labor,,Libertarian,Emily Anderson,212
Lamar,,U.S. Senate,,Republican,Herschel Junior Walker,5416
Lamar,,U.S. Senate,,Democrat,Raphael Warnock (I),2139
Lamar,,U.S. Senate,,Libertarian,Chase Oliver,158
Lamar,,Governor,,Republican,Brian Kemp (I),5736
Lamar,,Governor,,Democrat,Stacey Abrams,1963
Lamar,,Governor,,Libertarian,Shane Hazel,56
Lamar,,Lieutenant Governor,,Republican,Burt Jones,5570
Lamar,,Lieutenant Governor,,Democrat,Charlie Bailey,1942
Lamar,,Lieutenant Governor,,Libertarian,Ryan Graham,143
Lamar,,Secretary of State,,Republican,Brad Raffensperger (I),5496
Lamar,,Secretary of State,,Democrat,Bee Nguyen,1849
Lamar,,Secretary of State,,Libertarian,Ted Metz,299
Lamar,,Attorney General,,Republican,Chris Carr (I),5561
Lamar,,Attorney General,,Democrat,"Jennifer """"Jen"""" Jordan",1982
Lamar,,Attorney General,,Libertarian,Martin Cowen,127
Lamar,,Commissioner of Agriculture,,Republican,Tyler Harper,5648
Lamar,,Commissioner of Agriculture,,Democrat,Nakita Hemingway,1882
Lamar,,Commissioner of Agriculture,,Libertarian,David Raudabaugh,146
Lamar,,Commissioner of Insurance,,Republican,John King (I),5679
Lamar,,Commissioner of Insurance,,Democrat,Janice Laws Robinson,1954
Lamar,,State School Superintendent,,Republican,Richard Woods (I),5711
Lamar,,State School Superintendent,,Democrat,Alisha Thomas Searcy,1945
Lamar,,Commissioner of Labor,,Republican,Bruce Thompson,5571
Lamar,,Commissioner of Labor,,Democrat,"William """"Will"""" Boddie, Jr",1906
Lamar,,Commissioner of Labor,,Libertarian,Emily Anderson,168
Lanier,,U.S. Senate,,Republican,Herschel Junior Walker,1860
Lanier,,U.S. Senate,,Democrat,Raphael Warnock (I),725
Lanier,,U.S. Senate,,,Chase Oliver (L),38
Lanier,,Governor,,Republican,Brian Kemp (I),1932
Lanier,,Governor,,Democrat,Stacey Abrams,691
Lanier,,Governor,,,Shane Hazel (L),15
Lanier,,Lieutenant Governor,,Republican,Burt Jones,1877
Lanier,,Lieutenant Governor,,Democrat,Charlie Bailey,669
Lanier,,Lieutenant Governor,,,Ryan Graham (L),35
Lanier,,Secretary of State,,Republican,Brad Raffensperger (I),1871
Lanier,,Secretary of State,,Democrat,Bee Nguyen,606
Lanier,,Secretary of State,,,Ted Metz (L),94
Lanier,,Attorney General,,Republican,Chris Carr (I),1885
Lanier,,Attorney General,,Democrat,"Jennifer """"Jen"""" Jordan",669
Lanier,,Attorney General,,,Martin Cowen (L),38
Lanier,,Commissioner of Agriculture,,Republican,Tyler Harper,1917
Lanier,,Commissioner of Agriculture,,Democrat,Nakita Hemingway,636
Lanier,,Commissioner of Agriculture,,,David Raudabaugh (L),39
Lanier,,Commissioner of Insurance,,Republican,John King (I),1928
Lanier,,Commissioner of Insurance,,Democrat,Janice Laws Robinson,657
Lanier,,State School Superintendent,,Republican,Richard Woods (I),1933
Lanier,,State School Superintendent,,Democrat,Alisha Thomas Searcy,657
Lanier,,Commissioner of Labor,,Republican,Bruce Thompson,1892
Lanier,,Commissioner of Labor,,Democrat,"William """"Will"""" Boddie, Jr",653
Lanier,,Commissioner of Labor,,,Emily Anderson (L),44
Laurens,,U.S. Senate,,Republican,Herschel Junior Walker,12073
Laurens,,U.S. Senate,,Democrat,Raphael Warnock (I),6285
Laurens,,U.S. Senate,,Libertarian,Chase Oliver,155
Laurens,,Governor,,Republican,Brian Kemp (I),12508
Laurens,,Governor,,Democrat,Stacey Abrams,5973
Laurens,,Governor,,Libertarian,Shane Hazel,69
Laurens,,Lieutenant Governor,,Republican,Burt Jones,12210
Laurens,,Lieutenant Governor,,Democrat,Charlie Bailey,5817
Laurens,,Lieutenant Governor,,Libertarian,Ryan Graham,247
Laurens,,Secretary of State,,Republican,Brad Raffensperger (I),12167
Laurens,,Secretary of State,,Democrat,Bee Nguyen,5558
Laurens,,Secretary of State,,Libertarian,Ted Metz,462
Laurens,,Attorney General,,Republican,Chris Carr (I),12209
Laurens,,Attorney General,,Democrat,"Jennifer """"Jen"""" Jordan",5956
Laurens,,Attorney General,,Libertarian,Martin Cowen,165
Laurens,,Commissioner of Agriculture,,Republican,Tyler Harper,12337
Laurens,,Commissioner of Agriculture,,Democrat,Nakita Hemingway,5732
Laurens,,Commissioner of Agriculture,,Libertarian,David Raudabaugh,239
Laurens,,Commissioner of Insurance,,Republican,John King (I),12402
Laurens,,Commissioner of Insurance,,Democrat,Janice Laws Robinson,5869
Laurens,,State School Superintendent,,Republican,Richard Woods (I),12457
Laurens,,State School Superintendent,,Democrat,Alisha Thomas Searcy,5827
Laurens,,Commissioner of Labor,,Republican,Bruce Thompson,12233
Laurens,,Commissioner of Labor,,Democrat,"William """"Will"""" Boddie, Jr.",5776
Laurens,,Commissioner of Labor,,Libertarian,Emily Anderson,268
Lee,,U.S. Senate,,Republican,Herschel Junior Walker,9535
Lee,,U.S. Senate,,Democrat,Raphael Warnock (I),3779
Lee,,U.S. Senate,,,Chase Oliver (L),221
Lee,,Governor,,Republican,Brian Kemp (I),10094
Lee,,Governor,,Democrat,Stacey Abrams,3413
Lee,,Governor,,,Shane Hazel (L),80
Lee,,Lieutenant Governor,,Republican,Burt Jones,9842
Lee,,Lieutenant Governor,,Democrat,Charlie Bailey,3403
Lee,,Lieutenant Governor,,,Ryan Graham (L),220
Lee,,Secretary of State,,Republican,Brad Raffensperger (I),9816
Lee,,Secretary of State,,Democrat,Bee Nguyen,3253
Lee,,Secretary of State,,,Ted Metz (L),399
Lee,,Attorney General,,Republican,Chris Carr (I),9936
Lee,,Attorney General,,Democrat,"Jennifer """"Jen"""" Jordan",3452
Lee,,Attorney General,,,Martin Cowen (L),136
Lee,,Commissioner of Agriculture,,Republican,Tyler Harper,10015
Lee,,Commissioner of Agriculture,,Democrat,Nakita Hemingway,3287
Lee,,Commissioner of Agriculture,,,David Raudabaugh (L),188
Lee,,Commissioner of Insurance,,Republican,John King (I),10052
Lee,,Commissioner of Insurance,,Democrat,Janice Laws Robinson,3417
Lee,,State School Superintendent,,Republican,Richard Woods (I),10144
Lee,,State School Superintendent,,Democrat,Alisha Thomas Searcy,3355
Lee,,Commissioner of Labor,,Republican,Bruce Thompson,9837
Lee,,Commissioner of Labor,,Democrat,"William """"Will"""" Boddie, Jr",3376
Lee,,Commissioner of Labor,,,Emily Anderson (L),242
Liberty,,U.S. Senate,,Republican,Herschel Junior Walker,5490
Liberty,,U.S. Senate,,Democrat,Raphael Warnock (I),9615
Liberty,,U.S. Senate,,Libertarian,Chase Oliver,264
Liberty,,Governor,,Republican,Brian Kemp (I),6069
Liberty,,Governor,,Democrat,Stacey Abrams,9235
Liberty,,Governor,,Libertarian,Shane Hazel,111
Liberty,,Lieutenant Governor,,Republican,Burt Jones,5832
Liberty,,Lieutenant Governor,,Democrat,Charlie Bailey,9018
Liberty,,Lieutenant Governor,,Libertarian,Ryan Graham,349
Liberty,,Secretary of State,,Republican,Brad Raffensperger (I),6013
Liberty,,Secretary of State,,Democrat,Bee Nguyen,8850
Liberty,,Secretary of State,,Libertarian,Ted Metz,350
Liberty,,Attorney General,,Republican,Chris Carr (I),5783
Liberty,,Attorney General,,Democrat,"Jennifer """"Jen"""" Jordan",9221
Liberty,,Attorney General,,Libertarian,Martin Cowen,249
Liberty,,Commissioner of Agriculture,,Republican,Tyler Harper,5836
Liberty,,Commissioner of Agriculture,,Democrat,Nakita Hemingway,9031
Liberty,,Commissioner of Agriculture,,Libertarian,David Raudabaugh,357
Liberty,,Commissioner of Insurance,,Republican,John King (I),5989
Liberty,,Commissioner of Insurance,,Democrat,Janice Laws Robinson,9200
Liberty,,State School Superintendent,,Republican,Richard Woods (I),6044
Liberty,,State School Superintendent,,Democrat,Alisha Thomas Searcy,9163
Liberty,,Commissioner of Labor,,Republican,Bruce Thompson,5730
Liberty,,Commissioner of Labor,,Democrat,"William """"Will"""" Boddie, Jr",9046
Liberty,,Commissioner of Labor,,Libertarian,Emily Anderson,420
Lincoln,,U.S. Senate,,Republican,Herschel Junior Walker,2847
Lincoln,,U.S. Senate,,Democrat,Raphael Warnock (I),1077
Lincoln,,U.S. Senate,,Libertarian,Chase Oliver,49
Lincoln,,Governor,,Republican,Brian Kemp (I),2966
Lincoln,,Governor,,Democrat,Stacey Abrams,992
Lincoln,,Governor,,Libertarian,Shane Hazel,24
Lincoln,,Lieutenant Governor,,Republican,Burt Jones,2897
Lincoln,,Lieutenant Governor,,Democrat,Charlie Bailey,964
Lincoln,,Lieutenant Governor,,Libertarian,Ryan Graham,58
Lincoln,,Secretary of State,,Republican,Brad Raffensperger (I),2831
Lincoln,,Secretary of State,,Democrat,Bee Nguyen,954
Lincoln,,Secretary of State,,Libertarian,Ted Metz,117
Lincoln,,Attorney General,,Republican,Chris Carr (I),2886
Lincoln,,Attorney General,,Democrat,"Jennifer """"Jen"""" Jordan",1010
Lincoln,,Attorney General,,Libertarian,Martin Cowen,39
Lincoln,,Commissioner of Agriculture,,Republican,Tyler Harper,2898
Lincoln,,Commissioner of Agriculture,,Democrat,Nakita Hemingway,976
Lincoln,,Commissioner of Agriculture,,Libertarian,David Raudabaugh,62
Lincoln,,Commissioner of Insurance,,Republican,John King (I),2922
Lincoln,,Commissioner of Insurance,,Democrat,Janice Laws Robinson,998
Lincoln,,State School Superintendent,,Republican,Richard Woods (I),2936
Lincoln,,State School Superintendent,,Democrat,Alisha Thomas Searcy,996
Lincoln,,Commissioner of Labor,,Republican,Bruce Thompson,2885
Lincoln,,Commissioner of Labor,,Democrat,"William """"Will"""" Boddie, Jr",980
Lincoln,,Commissioner of Labor,,Libertarian,Emily Anderson,67
Long,,U.S. Senate,,Republican,Herschel Junior Walker,2759
Long,,U.S. Senate,,Democrat,Raphael Warnock (I),1548
Long,,U.S. Senate,,Libertarian,Chase Oliver,95
Long,,Governor,,Republican,Brian Kemp (I),2944
Long,,Governor,,Democrat,Stacey Abrams,1443
Long,,Governor,,Libertarian,Shane Hazel,39
Long,,Lieutenant Governor,,Republican,Burt Jones,2809
Long,,Lieutenant Governor,,Democrat,Charlie Bailey,1428
Long,,Lieutenant Governor,,Libertarian,Ryan Graham,123
Long,,Secretary of State,,Republican,Brad Raffensperger (I),2849
Long,,Secretary of State,,Democrat,Bee Nguyen,1372
Long,,Secretary of State,,Libertarian,Ted Metz,132
Long,,Attorney General,,Republican,Chris Carr (I),2836
Long,,Attorney General,,Democrat,"Jennifer """"Jen"""" Jordan",1462
Long,,Attorney General,,Libertarian,Martin Cowen,72
Long,,Commissioner of Agriculture,,Republican,Tyler Harper,2839
Long,,Commissioner of Agriculture,,Democrat,Nakita Hemingway,1430
Long,,Commissioner of Agriculture,,Libertarian,David Raudabaugh,99
Long,,Commissioner of Insurance,,Republican,John King (I),2902
Long,,Commissioner of Insurance,,Democrat,Janice Laws Robinson,1451
Long,,State School Superintendent,,Republican,Richard Woods (I),2901
Long,,State School Superintendent,,Democrat,Alisha Thomas Searcy,1466
Long,,Commissioner of Labor,,Republican,Bruce Thompson,2824
Long,,Commissioner of Labor,,Democrat,"William """"Will"""" Boddie, Jr",1412
Long,,Commissioner of Labor,,Libertarian,Emily Anderson,130
Lowndes,,U.S. Senate,,Republican,Herschel Junior Walker,20213
Lowndes,,U.S. Senate,,Democrat,Raphael Warnock (I),13849
Lowndes,,U.S. Senate,,,Chase Oliver (L),550
Lowndes,,Governor,,Republican,Brian Kemp (I),21256
Lowndes,,Governor,,Democrat,Stacey Abrams,13275
Lowndes,,Governor,,,Shane Hazel (L),229
Lowndes,,Lieutenant Governor,,Republican,Burt Jones,20759
Lowndes,,Lieutenant Governor,,Democrat,Charlie Bailey,13100
Lowndes,,Lieutenant Governor,,,Ryan Graham (L),585
Lowndes,,Secretary of State,,Republican,Brad Raffensperger (I),21129
Lowndes,,Secretary of State,,Democrat,Bee Nguyen,12248
Lowndes,,Secretary of State,,,Ted Metz (L),949
Lowndes,,Attorney General,,Republican,Chris Carr (I),20868
Lowndes,,Attorney General,,Democrat,"Jennifer """"Jen"""" Jordan",13172
Lowndes,,Attorney General,,,Martin Cowen (L),451
Lowndes,,Commissioner of Agriculture,,Republican,Tyler Harper,21142
Lowndes,,Commissioner of Agriculture,,Democrat,Nakita Hemingway,12739
Lowndes,,Commissioner of Agriculture,,,David Raudabaugh (L),575
Lowndes,,Commissioner of Insurance,,Republican,John King (I),21282
Lowndes,,Commissioner of Insurance,,Democrat,Janice Laws Robinson,13107
Lowndes,,State School Superintendent,,Republican,Richard Woods (I),21367
Lowndes,,State School Superintendent,,Democrat,Alisha Thomas Searcy,13084
Lowndes,,Commissioner of Labor,,Republican,Bruce Thompson,20727
Lowndes,,Commissioner of Labor,,Democrat,"William """"Will"""" Boddie, Jr",12968
Lowndes,,Commissioner of Labor,,,Emily Anderson (L),714
Lumpkin,,U.S. Senate,,Republican,Herschel Junior Walker,9765
Lumpkin,,U.S. Senate,,Democrat,Raphael Warnock (I),2539
Lumpkin,,U.S. Senate,,Libertarian,Chase Oliver,369
Lumpkin,,Governor,,Republican,Brian Kemp (I),10525
Lumpkin,,Governor,,Democrat,Stacey Abrams,2070
Lumpkin,,Governor,,Libertarian,Shane Hazel,142
Lumpkin,,Lieutenant Governor,,Republican,Burt Jones,10079
Lumpkin,,Lieutenant Governor,,Democrat,Charlie Bailey,2243
Lumpkin,,Lieutenant Governor,,Libertarian,Ryan Graham,305
Lumpkin,,Secretary of State,,Republican,Brad Raffensperger (I),9945
Lumpkin,,Secretary of State,,Democrat,Bee Nguyen,1967
Lumpkin,,Secretary of State,,Libertarian,Ted Metz,652
Lumpkin,,Attorney General,,Republican,Chris Carr (I),10131
Lumpkin,,Attorney General,,Democrat,"Jennifer """"Jen"""" Jordan",2260
Lumpkin,,Attorney General,,Libertarian,Martin Cowen,248
Lumpkin,,Commissioner of Agriculture,,Republican,Tyler Harper,10287
Lumpkin,,Commissioner of Agriculture,,Democrat,Nakita Hemingway,1982
Lumpkin,,Commissioner of Agriculture,,Libertarian,David Raudabaugh,328
Lumpkin,,Commissioner of Insurance,,Republican,John King (I),10434
Lumpkin,,Commissioner of Insurance,,Democrat,Janice Laws Robinson,2123
Lumpkin,,State School Superintendent,,Republican,Richard Woods (I),10444
Lumpkin,,State School Superintendent,,Democrat,Alisha Thomas Searcy,2129
Lumpkin,,Commissioner of Labor,,Republican,Bruce Thompson,10103
Lumpkin,,Commissioner of Labor,,Democrat,"William """"Will"""" Boddie, Jr",2084
Lumpkin,,Commissioner of Labor,,Libertarian,Emily Anderson,373
Macon,,U.S. Senate,,Republican,Herschel Junior Walker,1460
Macon,,U.S. Senate,,Democrat,Raphael Warnock (I),2269
Macon,,U.S. Senate,,Libertarian,Chase Oliver,32
Macon,,Governor,,Republican,Brian Kemp (I),1551
Macon,,Governor,,Democrat,Stacey Abrams,2209
Macon,,Governor,,Libertarian,Shane Hazel,18
Macon,,Lieutenant Governor,,Republican,Burt Jones,1517
Macon,,Lieutenant Governor,,Democrat,Charlie Bailey,2131
Macon,,Lieutenant Governor,,Libertarian,Ryan Graham,23
Macon,,Secretary of State,,Republican,Brad Raffensperger (I),1539
Macon,,Secretary of State,,Democrat,Bee Nguyen,2064
Macon,,Secretary of State,,Libertarian,Ted Metz,65
Macon,,Attorney General,,Republican,Chris Carr (I),1516
Macon,,Attorney General,,Democrat,"Jennifer """"Jen"""" Jordan",2134
Macon,,Attorney General,,Libertarian,Martin Cowen,35
Macon,,Commissioner of Agriculture,,Republican,Tyler Harper,1543
Macon,,Commissioner of Agriculture,,Democrat,Nakita Hemingway,2101
Macon,,Commissioner of Agriculture,,Libertarian,David Raudabaugh,47
Macon,,Commissioner of Insurance,,Republican,John King (I),1527
Macon,,Commissioner of Insurance,,Democrat,Janice Laws Robinson,2149
Macon,,State School Superintendent,,Republican,Richard Woods (I),1547
Macon,,State School Superintendent,,Democrat,Alisha Thomas Searcy,2149
Macon,,Commissioner of Labor,,Republican,Bruce Thompson,1514
Macon,,Commissioner of Labor,,Democrat,"William """"Will"""" Boddie, Jr",2118
Macon,,Commissioner of Labor,,Libertarian,Emily Anderson,44
Madison,,U.S. Senate,,Republican,Herschel Junior Walker,9353
Madison,,U.S. Senate,,Democrat,Raphael Warnock (I),2864
Madison,,U.S. Senate,,Libertarian,Chase Oliver,262
Madison,,Governor,,Republican,Brian Kemp (I),9955
Madison,,Governor,,Democrat,Stacey Abrams,2500
Madison,,Governor,,Libertarian,Shane Hazel,99
Madison,,Lieutenant Governor,,Republican,Burt Jones,9592
Madison,,Lieutenant Governor,,Democrat,Charlie Bailey,2606
Madison,,Lieutenant Governor,,Libertarian,Ryan Graham,254
Madison,,Secretary of State,,Republican,Brad Raffensperger (I),9522
Madison,,Secretary of State,,Democrat,Bee Nguyen,2408
Madison,,Secretary of State,,Libertarian,Ted Metz,455
Madison,,Attorney General,,Republican,Chris Carr (I),9652
Madison,,Attorney General,,Democrat,"Jennifer """"Jen"""" Jordan",2627
Madison,,Attorney General,,Libertarian,Martin Cowen,182
Madison,,Commissioner of Agriculture,,Republican,Tyler Harper,9821
Madison,,Commissioner of Agriculture,,Democrat,Nakita Hemingway,2395
Madison,,Commissioner of Agriculture,,Libertarian,David Raudabaugh,230
Madison,,Commissioner of Insurance,,Republican,John King (I),9837
Madison,,Commissioner of Insurance,,Democrat,Janice Laws Robinson,2556
Madison,,State School Superintendent,,Republican,Richard Woods (I),9918
Madison,,State School Superintendent,,Democrat,Alisha Thomas Searcy,2515
Madison,,Commissioner of Labor,,Republican,Bruce Thompson,9665
Madison,,Commissioner of Labor,,Democrat,"William """"Will"""" Boddie, Jr",2464
Madison,,Commissioner of Labor,,Libertarian,Emily Anderson,272
Marion,,U.S. Senate,,Republican,Herschel Junior Walker,1750
Marion,,U.S. Senate,,Democrat,Raphael Warnock (I),1018
Marion,,U.S. Senate,,Libertarian,Chase Oliver,66
Marion,,Governor,,Republican,Brian Kemp (I),1868
Marion,,Governor,,Democrat,Stacey Abrams,954
Marion,,Governor,,Libertarian,Shane Hazel,24
Marion,,Lieutenant Governor,,Republican,Burt Jones,1816
Marion,,Lieutenant Governor,,Democrat,Charlie Bailey,925
Marion,,Lieutenant Governor,,Libertarian,Ryan Graham,54
Marion,,Secretary of State,,Republican,Brad Raffensperger (I),1818
Marion,,Secretary of State,,Democrat,Bee Nguyen,890
Marion,,Secretary of State,,Libertarian,Ted Metz,82
Marion,,Attorney General,,Republican,Chris Carr (I),1804
Marion,,Attorney General,,Democrat,"Jennifer """"Jen"""" Jordan",957
Marion,,Attorney General,,Libertarian,Martin Cowen,50
Marion,,Commissioner of Agriculture,,Republican,Tyler Harper,1823
Marion,,Commissioner of Agriculture,,Democrat,Nakita Hemingway,918
Marion,,Commissioner of Agriculture,,Libertarian,David Raudabaugh,61
Marion,,Commissioner of Insurance,,Republican,John King (I),1851
Marion,,Commissioner of Insurance,,Democrat,Janice Laws Robinson,942
Marion,,State School Superintendent,,Republican,Richard Woods (I),1869
Marion,,State School Superintendent,,Democrat,Alisha Thomas Searcy,937
Marion,,Commissioner of Labor,,Republican,Bruce Thompson,1800
Marion,,Commissioner of Labor,,Democrat,"William """"Will"""" Boddie, Jr",928
Marion,,Commissioner of Labor,,Libertarian,Emily Anderson,71
McDuffie,,U.S. Senate,,Republican,Herschel Junior Walker,5067
McDuffie,,U.S. Senate,,Democrat,Raphael Warnock (I),3103
McDuffie,,U.S. Senate,,Libertarian,Chase Oliver,131
McDuffie,,Governor,,Republican,Brian Kemp (I),5283
McDuffie,,Governor,,Democrat,Stacey Abrams,2978
McDuffie,,Governor,,Libertarian,Shane Hazel,56
McDuffie,,Lieutenant Governor,,Republican,Burt Jones,5187
McDuffie,,Lieutenant Governor,,Democrat,Charlie Bailey,2915
McDuffie,,Lieutenant Governor,,Libertarian,Ryan Graham,121
McDuffie,,Secretary of State,,Republican,Brad Raffensperger (I),5151
McDuffie,,Secretary of State,,Democrat,Bee Nguyen,2822
McDuffie,,Secretary of State,,Libertarian,Ted Metz,215
McDuffie,,Attorney General,,Republican,Chris Carr (I),5166
McDuffie,,Attorney General,,Democrat,"Jennifer """"Jen"""" Jordan",3001
McDuffie,,Attorney General,,Libertarian,Martin Cowen,90
McDuffie,,Commissioner of Agriculture,,Republican,Tyler Harper,5219
McDuffie,,Commissioner of Agriculture,,Democrat,Nakita Hemingway,2887
McDuffie,,Commissioner of Agriculture,,Libertarian,David Raudabaugh,125
McDuffie,,Commissioner of Insurance,,Republican,John King (I),5263
McDuffie,,Commissioner of Insurance,,Democrat,Janice Laws Robinson,2954
McDuffie,,State School Superintendent,,Republican,Richard Woods (I),5270
McDuffie,,State School Superintendent,,Democrat,Alisha Thomas Searcy,2960
McDuffie,,Commissioner of Labor,,Republican,Bruce Thompson,5184
McDuffie,,Commissioner of Labor,,Democrat,"William """"Will"""" Boddie, Jr",2905
McDuffie,,Commissioner of Labor,,Libertarian,Emily Anderson,145
McIntosh,,U.S. Senate,,Republican,Herschel Junior Walker,3344
McIntosh,,U.S. Senate,,Democrat,Raphael Warnock (I),2048
McIntosh,,U.S. Senate,,Libertarian,Chase Oliver,95
McIntosh,,Governor,,Republican,Brian Kemp (I),3570
McIntosh,,Governor,,Democrat,Stacey Abrams,1923
McIntosh,,Governor,,Libertarian,Shane Hazel,24
McIntosh,,Lieutenant Governor,,Republican,Burt Jones,3471
McIntosh,,Lieutenant Governor,,Democrat,Charlie Bailey,1857
McIntosh,,Lieutenant Governor,,Libertarian,Ryan Graham,82
McIntosh,,Secretary of State,,Republican,Brad Raffensperger (I),3445
McIntosh,,Secretary of State,,Democrat,Bee Nguyen,1779
McIntosh,,Secretary of State,,Libertarian,Ted Metz,167
McIntosh,,Attorney General,,Republican,Chris Carr (I),3453
McIntosh,,Attorney General,,Democrat,"Jennifer """"Jen"""" Jordan",1916
McIntosh,,Attorney General,,Libertarian,Martin Cowen,72
McIntosh,,Commissioner of Agriculture,,Republican,Tyler Harper,3477
McIntosh,,Commissioner of Agriculture,,Democrat,Nakita Hemingway,1851
McIntosh,,Commissioner of Agriculture,,Libertarian,David Raudabaugh,93
McIntosh,,Commissioner of Insurance,,Republican,John King (I),3542
McIntosh,,Commissioner of Insurance,,Democrat,Janice Laws Robinson,1878
McIntosh,,State School Superintendent,,Republican,Richard Woods (I),3538
McIntosh,,State School Superintendent,,Democrat,Alisha Thomas Searcy,1886
McIntosh,,Commissioner of Labor,,Republican,Bruce Thompson,3445
McIntosh,,Commissioner of Labor,,Democrat,"William """"Will"""" Boddie, Jr",1852
McIntosh,,Commissioner of Labor,,Libertarian,Emily Anderson,129
Meriwether,,U.S. Senate,,Republican,Herschel Junior Walker,5336
Meriwether,,U.S. Senate,,Democrat,Raphael Warnock (I),3363
Meriwether,,U.S. Senate,,Libertarian,Chase Oliver,175
Meriwether,,Governor,,Republican,Brian Kemp (I),5704
Meriwether,,Governor,,Democrat,Stacey Abrams,3160
Meriwether,,Governor,,Libertarian,Shane Hazel,44
Meriwether,,Lieutenant Governor,,Republican,Burt Jones,5508
Meriwether,,Lieutenant Governor,,Democrat,Charlie Bailey,3117
Meriwether,,Lieutenant Governor,,Libertarian,Ryan Graham,154
Meriwether,,Secretary of State,,Republican,Brad Raffensperger (I),5487
Meriwether,,Secretary of State,,Democrat,Bee Nguyen,2973
Meriwether,,Secretary of State,,Libertarian,Ted Metz,280
Meriwether,,Attorney General,,Republican,Chris Carr (I),5543
Meriwether,,Attorney General,,Democrat,"Jennifer """"Jen"""" Jordan",3157
Meriwether,,Attorney General,,Libertarian,Martin Cowen,100
Meriwether,,Commissioner of Agriculture,,Republican,Tyler Harper,5613
Meriwether,,Commissioner of Agriculture,,Democrat,Nakita Hemingway,3021
Meriwether,,Commissioner of Agriculture,,Libertarian,David Raudabaugh,165
Meriwether,,Commissioner of Insurance,,Republican,John King (I),5645
Meriwether,,Commissioner of Insurance,,Democrat,Janice Laws Robinson,3112
Meriwether,,State School Superintendent,,Republican,Richard Woods (I),5660
Meriwether,,State School Superintendent,,Democrat,Alisha Thomas Searcy,3112
Meriwether,,Commissioner of Labor,,Republican,Bruce Thompson,5571
Meriwether,,Commissioner of Labor,,Democrat,"William """"Will"""" Boddie, Jr",3057
Meriwether,,Commissioner of Labor,,Libertarian,Emily Anderson,156
Miller,,U.S. Senate,,Republican,Herschel Junior Walker,1617
Miller,,U.S. Senate,,Democrat,Raphael Warnock (I),509
Miller,,U.S. Senate,,,Chase Oliver (L),22
Miller,,Governor,,Republican,Brian Kemp (I),1689
Miller,,Governor,,Democrat,Stacey Abrams,462
Miller,,Governor,,,Shane Hazel (L),13
Miller,,Lieutenant Governor,,Republican,Burt Jones,1630
Miller,,Lieutenant Governor,,Democrat,Charlie Bailey,448
Miller,,Lieutenant Governor,,,Ryan Graham (L),26
Miller,,Secretary of State,,Republican,Brad Raffensperger (I),1652
Miller,,Secretary of State,,Democrat,Bee Nguyen,403
Miller,,Secretary of State,,,Ted Metz (L),47
Miller,,Attorney General,,Republican,Chris Carr (I),1655
Miller,,Attorney General,,Democrat,"Jennifer """"Jen"""" Jordan",462
Miller,,Attorney General,,,Martin Cowen (L),13
Miller,,Commissioner of Agriculture,,Republican,Tyler Harper,1662
Miller,,Commissioner of Agriculture,,Democrat,Nakita Hemingway,431
Miller,,Commissioner of Agriculture,,,David Raudabaugh (L),29
Miller,,Commissioner of Insurance,,Republican,John King (I),1672
Miller,,Commissioner of Insurance,,Democrat,Janice Laws Robinson,443
Miller,,State School Superintendent,,Republican,Richard Woods (I),1669
Miller,,State School Superintendent,,Democrat,Alisha Thomas Searcy,447
Miller,,Commissioner of Labor,,Republican,Bruce Thompson,1643
Miller,,Commissioner of Labor,,Democrat,"William """"Will"""" Boddie, Jr",451
Miller,,Commissioner of Labor,,,Emily Anderson (L),24
Mitchell,,U.S. Senate,,Republican,Herschel Junior Walker,3986
Mitchell,,U.S. Senate,,Democrat,Raphael Warnock (I),2953
Mitchell,,U.S. Senate,,,Chase Oliver (L),81
Mitchell,,Governor,,Republican,Brian Kemp (I),4197
Mitchell,,Governor,,Democrat,Stacey Abrams,2829
Mitchell,,Governor,,,Shane Hazel (L),26
Mitchell,,Lieutenant Governor,,Republican,Burt Jones,4106
Mitchell,,Lieutenant Governor,,Democrat,Charlie Bailey,2755
Mitchell,,Lieutenant Governor,,,Ryan Graham (L),78
Mitchell,,Secretary of State,,Republican,Brad Raffensperger (I),4152
Mitchell,,Secretary of State,,Democrat,Bee Nguyen,2653
Mitchell,,Secretary of State,,,Ted Metz (L),131
Mitchell,,Attorney General,,Republican,Chris Carr (I),4137
Mitchell,,Attorney General,,Democrat,"Jennifer """"Jen"""" Jordan",2808
Mitchell,,Attorney General,,,Martin Cowen (L),40
Mitchell,,Commissioner of Agriculture,,Republican,Tyler Harper,4152
Mitchell,,Commissioner of Agriculture,,Democrat,Nakita Hemingway,2749
Mitchell,,Commissioner of Agriculture,,,David Raudabaugh (L),72
Mitchell,,Commissioner of Insurance,,Republican,John King (I),4164
Mitchell,,Commissioner of Insurance,,Democrat,Janice Laws Robinson,2810
Mitchell,,State School Superintendent,,Republican,Richard Woods (I),4195
Mitchell,,State School Superintendent,,Democrat,Alisha Thomas Searcy,2774
Mitchell,,Commissioner of Labor,,Republican,Bruce Thompson,4098
Mitchell,,Commissioner of Labor,,Democrat,"William """"Will"""" Boddie, Jr",2778
Mitchell,,Commissioner of Labor,,,Emily Anderson (L),90
Monroe,,U.S. Senate,,Republican,Herschel Junior Walker,9673
Monroe,,U.S. Senate,,Democrat,Raphael Warnock (I),3737
Monroe,,U.S. Senate,,Libertarian,Chase Oliver,255
Monroe,,Governor,,Republican,Brian Kemp (I),10314
Monroe,,Governor,,Democrat,Stacey Abrams,3315
Monroe,,Governor,,Libertarian,Shane Hazel,89
Monroe,,Lieutenant Governor,,Republican,Burt Jones,10045
Monroe,,Lieutenant Governor,,Democrat,Charlie Bailey,3332
Monroe,,Lieutenant Governor,,Libertarian,Ryan Graham,226
Monroe,,Secretary of State,,Republican,Brad Raffensperger (I),9962
Monroe,,Secretary of State,,Democrat,Bee Nguyen,3150
Monroe,,Secretary of State,,Libertarian,Ted Metz,452
Monroe,,Attorney General,,Republican,Chris Carr (I),9998
Monroe,,Attorney General,,Democrat,"Jennifer """"Jen"""" Jordan",3429
Monroe,,Attorney General,,Libertarian,Martin Cowen,174
Monroe,,Commissioner of Agriculture,,Republican,Tyler Harper,10117
Monroe,,Commissioner of Agriculture,,Democrat,Nakita Hemingway,3219
Monroe,,Commissioner of Agriculture,,Libertarian,David Raudabaugh,240
Monroe,,Commissioner of Insurance,,Republican,John King (I),10239
Monroe,,Commissioner of Insurance,,Democrat,Janice Laws Robinson,3327
Monroe,,State School Superintendent,,Republican,Richard Woods (I),10255
Monroe,,State School Superintendent,,Democrat,Alisha Thomas Searcy,3326
Monroe,,Commissioner of Labor,,Republican,Bruce Thompson,9998
Monroe,,Commissioner of Labor,,Democrat,"William """"Will"""" Boddie, Jr",3314
Monroe,,Commissioner of Labor,,Libertarian,Emily Anderson,251
Montgomery,,U.S. Senate,,Republican,Herschel Junior Walker,2450
Montgomery,,U.S. Senate,,Democrat,Raphael Warnock (I),742
Montgomery,,U.S. Senate,,Libertarian,Chase Oliver,34
Montgomery,,Governor,,Republican,Brian Kemp (I),2545
Montgomery,,Governor,,Democrat,Stacey Abrams,670
Montgomery,,Governor,,Libertarian,Shane Hazel,11
Montgomery,,Lieutenant Governor,,Republican,Burt Jones,2463
Montgomery,,Lieutenant Governor,,Democrat,Charlie Bailey,659
Montgomery,,Lieutenant Governor,,Libertarian,Ryan Graham,48
Montgomery,,Secretary of State,,Republican,Brad Raffensperger (I),2442
Montgomery,,Secretary of State,,Democrat,Bee Nguyen,633
Montgomery,,Secretary of State,,Libertarian,Ted Metz,80
Montgomery,,Attorney General,,Republican,Chris Carr (I),2476
Montgomery,,Attorney General,,Democrat,"Jennifer """"Jen"""" Jordan",667
Montgomery,,Attorney General,,Libertarian,Martin Cowen,29
Montgomery,,Commissioner of Agriculture,,Republican,Tyler Harper,2484
Montgomery,,Commissioner of Agriculture,,Democrat,Nakita Hemingway,644
Montgomery,,Commissioner of Agriculture,,Libertarian,David Raudabaugh,43
Montgomery,,Commissioner of Insurance,,Republican,John King (I),2499
Montgomery,,Commissioner of Insurance,,Democrat,Janice Laws Robinson,662
Montgomery,,State School Superintendent,,Republican,Richard Woods (I),2498
Montgomery,,State School Superintendent,,Democrat,Alisha Thomas Searcy,670
Montgomery,,Commissioner of Labor,,Republican,Bruce Thompson,2476
Montgomery,,Commissioner of Labor,,Democrat,"William """"Will"""" Boddie, Jr",654
Montgomery,,Commissioner of Labor,,Libertarian,Emily Anderson,39
Morgan,,U.S. Senate,,Republican,Herschel Junior Walker,7322
Morgan,,U.S. Senate,,Democrat,Raphael Warnock (I),2762
Morgan,,U.S. Senate,,Libertarian,Chase Oliver,174
Morgan,,Governor,,Republican,Brian Kemp (I),7764
Morgan,,Governor,,Democrat,Stacey Abrams,2473
Morgan,,Governor,,Libertarian,Shane Hazel,89
Morgan,,Lieutenant Governor,,Republican,Burt Jones,7551
Morgan,,Lieutenant Governor,,Democrat,Charlie Bailey,2518
Morgan,,Lieutenant Governor,,Libertarian,Ryan Graham,179
Morgan,,Secretary of State,,Republican,Brad Raffensperger (I),7559
Morgan,,Secretary of State,,Democrat,Bee Nguyen,2330
Morgan,,Secretary of State,,Libertarian,Ted Metz,325
Morgan,,Attorney General,,Republican,Chris Carr (I),7597
Morgan,,Attorney General,,Democrat,"Jennifer """"Jen"""" Jordan",2518
Morgan,,Attorney General,,Libertarian,Martin Cowen,138
Morgan,,Commissioner of Agriculture,,Republican,Tyler Harper,7722
Morgan,,Commissioner of Agriculture,,Democrat,Nakita Hemingway,2300
Morgan,,Commissioner of Agriculture,,Libertarian,David Raudabaugh,188
Morgan,,Commissioner of Insurance,,Republican,John King (I),7761
Morgan,,Commissioner of Insurance,,Democrat,Janice Laws Robinson,2416
Morgan,,State School Superintendent,,Republican,Richard Woods (I),7832
Morgan,,State School Superintendent,,Democrat,Alisha Thomas Searcy,2383
Morgan,,Commissioner of Labor,,Republican,Bruce Thompson,7599
Morgan,,Commissioner of Labor,,Democrat,"William """"Will"""" Boddie, Jr",2411
Morgan,,Commissioner of Labor,,Libertarian,Emily Anderson,197
Murray,,U.S. Senate,,Republican,Herschel Junior Walker,9737
Murray,,U.S. Senate,,Democrat,Raphael Warnock (I),1533
Murray,,U.S. Senate,,Libertarian,Chase Oliver,199
Murray,,Governor,,Republican,Brian Kemp (I),10290
Murray,,Governor,,Democrat,Stacey Abrams,1160
Murray,,Governor,,Libertarian,Shane Hazel,83
Murray,,Lieutenant Governor,,Republican,Burt Jones,9907
Murray,,Lieutenant Governor,,Democrat,Charlie Bailey,1297
Murray,,Lieutenant Governor,,Libertarian,Ryan Graham,167
Murray,,Secretary of State,,Republican,Brad Raffensperger (I),9827
Murray,,Secretary of State,,Democrat,Bee Nguyen,1116
Murray,,Secretary of State,,Libertarian,Ted Metz,364
Murray,,Attorney General,,Republican,Chris Carr (I),9909
Murray,,Attorney General,,Democrat,"Jennifer """"Jen"""" Jordan",1370
Murray,,Attorney General,,Libertarian,Martin Cowen,118
Murray,,Commissioner of Agriculture,,Republican,Tyler Harper,10042
Murray,,Commissioner of Agriculture,,Democrat,Nakita Hemingway,1217
Murray,,Commissioner of Agriculture,,Libertarian,David Raudabaugh,147
Murray,,Commissioner of Insurance,,Republican,John King (I),10025
Murray,,Commissioner of Insurance,,Democrat,Janice Laws Robinson,1312
Murray,,State School Superintendent,,Republican,Richard Woods (I),10100
Murray,,State School Superintendent,,Democrat,Alisha Thomas Searcy,1282
Murray,,Commissioner of Labor,,Republican,Bruce Thompson,9920
Murray,,Commissioner of Labor,,Democrat,"William """"Will"""" Boddie, Jr",1278
Murray,,Commissioner of Labor,,Libertarian,Emily Anderson,153
Muscogee,,U.S. Senate,,Republican,Herschel Junior Walker,21496
Muscogee,,U.S. Senate,,Democrat,Raphael Warnock (I),36861
Muscogee,,U.S. Senate,,Libertarian,Chase Oliver,887
Muscogee,,Governor,,Republican,Brian Kemp (I),23925
Muscogee,,Governor,,Democrat,Stacey Abrams,35149
Muscogee,,Governor,,Libertarian,Shane Hazel,388
Muscogee,,Lieutenant Governor,,Republican,Burt Jones,22935
Muscogee,,Lieutenant Governor,,Democrat,Charlie Bailey,34535
Muscogee,,Lieutenant Governor,,Libertarian,Ryan Graham,1172
Muscogee,,Secretary of State,,Republican,Brad Raffensperger (I),24095
Muscogee,,Secretary of State,,Democrat,Bee Nguyen,33123
Muscogee,,Secretary of State,,Libertarian,Ted Metz,1418
Muscogee,,Attorney General,,Republican,Chris Carr (I),23232
Muscogee,,Attorney General,,Democrat,"Jennifer """"Jen"""" Jordan",34872
Muscogee,,Attorney General,,Libertarian,Martin Cowen,770
Muscogee,,Commissioner of Agriculture,,Republican,Tyler Harper,23407
Muscogee,,Commissioner of Agriculture,,Democrat,Nakita Hemingway,34223
Muscogee,,Commissioner of Agriculture,,Libertarian,David Raudabaugh,1088
Muscogee,,Commissioner of Insurance,,Republican,John King (I),24038
Muscogee,,Commissioner of Insurance,,Democrat,Janice Laws Robinson,34561
Muscogee,,State School Superintendent,,Republican,Richard Woods (I),24048
Muscogee,,State School Superintendent,,Democrat,Alisha Thomas Searcy,34742
Muscogee,,Commissioner of Labor,,Republican,Bruce Thompson,23050
Muscogee,,Commissioner of Labor,,Democrat,"William """"Will"""" Boddie, Jr",34248
Muscogee,,Commissioner of Labor,,Libertarian,Emily Anderson,1336
Newton,,U.S. Senate,,Republican,Herschel Junior Walker,17577
Newton,,U.S. Senate,,Democrat,Raphael Warnock (I),24348
Newton,,U.S. Senate,,Libertarian,Chase Oliver,783
Newton,,Governor,,Republican,Brian Kemp (I),19094
Newton,,Governor,,Democrat,Stacey Abrams,23531
Newton,,Governor,,Libertarian,Shane Hazel,251
Newton,,Lieutenant Governor,,Republican,Burt Jones,18390
Newton,,Lieutenant Governor,,Democrat,Charlie Bailey,23265
Newton,,Lieutenant Governor,,Libertarian,Ryan Graham,794
Newton,,Secretary of State,,Republican,Brad Raffensperger (I),18931
Newton,,Secretary of State,,Democrat,Bee Nguyen,22458
Newton,,Secretary of State,,Libertarian,Ted Metz,1023
Newton,,Attorney General,,Republican,Chris Carr (I),18508
Newton,,Attorney General,,Democrat,"Jennifer """"Jen"""" Jordan",23438
Newton,,Attorney General,,Libertarian,Martin Cowen,585
Newton,,Commissioner of Agriculture,,Republican,Tyler Harper,18826
Newton,,Commissioner of Agriculture,,Democrat,Nakita Hemingway,22840
Newton,,Commissioner of Agriculture,,Libertarian,David Raudabaugh,786
Newton,,Commissioner of Insurance,,Republican,John King (I),19086
Newton,,Commissioner of Insurance,,Democrat,Janice Laws Robinson,23275
Newton,,State School Superintendent,,Republican,Richard Woods (I),19166
Newton,,State School Superintendent,,Democrat,Alisha Thomas Searcy,23279
Newton,,Commissioner of Labor,,Republican,Bruce Thompson,18441
Newton,,Commissioner of Labor,,Democrat,"William """"Will"""" Boddie, Jr",22903
Newton,,Commissioner of Labor,,Libertarian,Emily Anderson,1030
Oconee,,U.S. Senate,,Republican,Herschel Junior Walker,14681
Oconee,,U.S. Senate,,Democrat,Raphael Warnock (I),6987
Oconee,,U.S. Senate,,Libertarian,Chase Oliver,615
Oconee,,Governor,,Republican,Brian Kemp (I),16553
Oconee,,Governor,,Democrat,Stacey Abrams,5783
Oconee,,Governor,,Libertarian,Shane Hazel,142
Oconee,,Lieutenant Governor,,Republican,Burt Jones,15509
Oconee,,Lieutenant Governor,,Democrat,Charlie Bailey,6238
Oconee,,Lieutenant Governor,,Libertarian,Ryan Graham,550
Oconee,,Secretary of State,,Republican,Brad Raffensperger (I),16263
Oconee,,Secretary of State,,Democrat,Bee Nguyen,5281
Oconee,,Secretary of State,,Libertarian,Ted Metz,732
Oconee,,Attorney General,,Republican,Chris Carr (I),15868
Oconee,,Attorney General,,Democrat,"Jennifer """"Jen"""" Jordan",6065
Oconee,,Attorney General,,Libertarian,Martin Cowen,369
Oconee,,Commissioner of Agriculture,,Republican,Tyler Harper,16351
Oconee,,Commissioner of Agriculture,,Democrat,Nakita Hemingway,5315
Oconee,,Commissioner of Agriculture,,Libertarian,David Raudabaugh,523
Oconee,,Commissioner of Insurance,,Republican,John King (I),16441
Oconee,,Commissioner of Insurance,,Democrat,Janice Laws Robinson,5682
Oconee,,State School Superintendent,,Republican,Richard Woods (I),16639
Oconee,,State School Superintendent,,Democrat,Alisha Thomas Searcy,5553
Oconee,,Commissioner of Labor,,Republican,Bruce Thompson,15822
Oconee,,Commissioner of Labor,,Democrat,"William """"Will"""" Boddie, Jr",5714
Oconee,,Commissioner of Labor,,Libertarian,Emily Anderson,583
Oglethorpe,,U.S. Senate,,Republican,Herschel Junior Walker,4638
Oglethorpe,,U.S. Senate,,Democrat,Raphael Warnock (I),1996
Oglethorpe,,U.S. Senate,,Libertarian,Chase Oliver,152
Oglethorpe,,Governor,,Republican,Brian Kemp (I),4998
Oglethorpe,,Governor,,Democrat,Stacey Abrams,1766
Oglethorpe,,Governor,,Libertarian,Shane Hazel,47
Oglethorpe,,Lieutenant Governor,,Republican,Burt Jones,4726
Oglethorpe,,Lieutenant Governor,,Democrat,Charlie Bailey,1837
Oglethorpe,,Lieutenant Governor,,Libertarian,Ryan Graham,161
Oglethorpe,,Secretary of State,,Republican,Brad Raffensperger (I),4737
Oglethorpe,,Secretary of State,,Democrat,Bee Nguyen,1708
Oglethorpe,,Secretary of State,,Libertarian,Ted Metz,269
Oglethorpe,,Attorney General,,Republican,Chris Carr (I),4794
Oglethorpe,,Attorney General,,Democrat,"Jennifer """"Jen"""" Jordan",1835
Oglethorpe,,Attorney General,,Libertarian,Martin Cowen,114
Oglethorpe,,Commissioner of Agriculture,,Republican,Tyler Harper,4825
Oglethorpe,,Commissioner of Agriculture,,Democrat,Nakita Hemingway,1739
Oglethorpe,,Commissioner of Agriculture,,Libertarian,David Raudabaugh,168
Oglethorpe,,Commissioner of Insurance,,Republican,John King (I),4925
Oglethorpe,,Commissioner of Insurance,,Democrat,Janice Laws Robinson,1774
Oglethorpe,,State School Superintendent,,Republican,Richard Woods (I),4954
Oglethorpe,,State School Superintendent,,Democrat,Alisha Thomas Searcy,1770
Oglethorpe,,Commissioner of Labor,,Republican,Bruce Thompson,4784
Oglethorpe,,Commissioner of Labor,,Democrat,"William """"Will"""" Boddie, Jr",1753
Oglethorpe,,Commissioner of Labor,,Libertarian,Emily Anderson,170
Paulding,,U.S. Senate,,Republican,Herschel Junior Walker,40689
Paulding,,U.S. Senate,,Democrat,Raphael Warnock (I),24389
Paulding,,U.S. Senate,,Libertarian,Chase Oliver,1635
Paulding,,Governor,,Republican,Brian Kemp (I),43992
Paulding,,Governor,,Democrat,Stacey Abrams,22427
Paulding,,Governor,,Libertarian,Shane Hazel,585
Paulding,,Lieutenant Governor,,Republican,Burt Jones,42197
Paulding,,Lieutenant Governor,,Democrat,Charlie Bailey,22506
Paulding,,Lieutenant Governor,,Libertarian,Ryan Graham,1660
Paulding,,Secretary of State,,Republican,Brad Raffensperger (I),42434
Paulding,,Secretary of State,,Democrat,Bee Nguyen,21564
Paulding,,Secretary of State,,Libertarian,Ted Metz,2308
Paulding,,Attorney General,,Republican,Chris Carr (I),42566
Paulding,,Attorney General,,Democrat,"Jennifer """"Jen"""" Jordan",22752
Paulding,,Attorney General,,Libertarian,Martin Cowen,1210
Paulding,,Commissioner of Agriculture,,Republican,Tyler Harper,42888
Paulding,,Commissioner of Agriculture,,Democrat,Nakita Hemingway,21791
Paulding,,Commissioner of Agriculture,,Libertarian,David Raudabaugh,1726
Paulding,,Commissioner of Insurance,,Republican,John King (I),43685
Paulding,,Commissioner of Insurance,,Democrat,Janice Laws Robinson,22476
Paulding,,State School Superintendent,,Republican,Richard Woods (I),43698
Paulding,,State School Superintendent,,Democrat,Alisha Thomas Searcy,22623
Paulding,,Commissioner of Labor,,Republican,Bruce Thompson,42484
Paulding,,Commissioner of Labor,,Democrat,"William """"Will"""" Boddie, Jr",21886
Paulding,,Commissioner of Labor,,Libertarian,Emily Anderson,1889
Peach,,U.S. Senate,,Republican,Herschel Junior Walker,5156
Peach,,U.S. Senate,,Democrat,Raphael Warnock (I),4701
Peach,,U.S. Senate,,Libertarian,Chase Oliver,143
Peach,,Governor,,Republican,Brian Kemp (I),5542
Peach,,Governor,,Democrat,Stacey Abrams,4431
Peach,,Governor,,Libertarian,Shane Hazel,66
Peach,,Lieutenant Governor,,Republican,Burt Jones,5387
Peach,,Lieutenant Governor,,Democrat,Charlie Bailey,4375
Peach,,Lieutenant Governor,,Libertarian,Ryan Graham,170
Peach,,Secretary of State,,Republican,Brad Raffensperger (I),5384
Peach,,Secretary of State,,Democrat,Bee Nguyen,4236
Peach,,Secretary of State,,Libertarian,Ted Metz,280
Peach,,Attorney General,,Republican,Chris Carr (I),5371
Peach,,Attorney General,,Democrat,"Jennifer """"Jen"""" Jordan",4457
Peach,,Attorney General,,Libertarian,Martin Cowen,124
Peach,,Commissioner of Agriculture,,Republican,Tyler Harper,5434
Peach,,Commissioner of Agriculture,,Democrat,Nakita Hemingway,4328
Peach,,Commissioner of Agriculture,,Libertarian,David Raudabaugh,166
Peach,,Commissioner of Insurance,,Republican,John King (I),5500
Peach,,Commissioner of Insurance,,Democrat,Janice Laws Robinson,4422
Peach,,State School Superintendent,,Republican,Richard Woods (I),5541
Peach,,State School Superintendent,,Democrat,Alisha Thomas Searcy,4392
Peach,,Commissioner of Labor,,Republican,Bruce Thompson,5381
Peach,,Commissioner of Labor,,Democrat,"William """"Will"""" Boddie, Jr",4350
Peach,,Commissioner of Labor,,Libertarian,Emily Anderson,196
Pickens,,U.S. Senate,,Republican,Herschel Junior Walker,12050
Pickens,,U.S. Senate,,Democrat,Raphael Warnock (I),2589
Pickens,,U.S. Senate,,Libertarian,Chase Oliver,364
Pickens,,Governor,,Republican,Brian Kemp (I),12937
Pickens,,Governor,,Democrat,Stacey Abrams,2041
Pickens,,Governor,,Libertarian,Shane Hazel,108
Pickens,,Lieutenant Governor,,Republican,Burt Jones,12433
Pickens,,Lieutenant Governor,,Democrat,Charlie Bailey,2225
Pickens,,Lieutenant Governor,,Libertarian,Ryan Graham,305
Pickens,,Secretary of State,,Republican,Brad Raffensperger (I),12316
Pickens,,Secretary of State,,Democrat,Bee Nguyen,1936
Pickens,,Secretary of State,,Libertarian,Ted Metz,648
Pickens,,Attorney General,,Republican,Chris Carr (I),12457
Pickens,,Attorney General,,Democrat,"Jennifer """"Jen"""" Jordan",2278
Pickens,,Attorney General,,Libertarian,Martin Cowen,232
Pickens,,Commissioner of Agriculture,,Republican,Tyler Harper,12639
Pickens,,Commissioner of Agriculture,,Democrat,Nakita Hemingway,1932
Pickens,,Commissioner of Agriculture,,Libertarian,David Raudabaugh,359
Pickens,,Commissioner of Insurance,,Republican,John King (I),12757
Pickens,,Commissioner of Insurance,,Democrat,Janice Laws Robinson,2129
Pickens,,State School Superintendent,,Republican,Richard Woods (I),12817
Pickens,,State School Superintendent,,Democrat,Alisha Thomas Searcy,2095
Pickens,,Commissioner of Labor,,Republican,Bruce Thompson,12513
Pickens,,Commissioner of Labor,,Democrat,"William """"Will"""" Boddie, Jr",2029
Pickens,,Commissioner of Labor,,Libertarian,Emily Anderson,362
Pierce,,U.S. Senate,,Republican,Herschel Junior Walker,6325
Pierce,,U.S. Senate,,Democrat,Raphael Warnock (I),779
Pierce,,U.S. Senate,,,Chase Oliver (L),63
Pierce,,Governor,,Republican,Brian Kemp (I),6462
Pierce,,Governor,,Democrat,Stacey Abrams,674
Pierce,,Governor,,,Shane Hazel (L),41
Pierce,,Lieutenant Governor,,Republican,Burt Jones,6355
Pierce,,Lieutenant Governor,,Democrat,Charlie Bailey,706
Pierce,,Lieutenant Governor,,,Ryan Graham (L),66
Pierce,,Secretary of State,,Republican,Brad Raffensperger (I),6243
Pierce,,Secretary of State,,Democrat,Bee Nguyen,622
Pierce,,Secretary of State,,,Ted Metz (L),219
Pierce,,Attorney General,,Republican,Chris Carr (I),6357
Pierce,,Attorney General,,Democrat,"Jennifer """"Jen"""" Jordan",710
Pierce,,Attorney General,,,Martin Cowen (L),64
Pierce,,Commissioner of Agriculture,,Republican,Tyler Harper,6455
Pierce,,Commissioner of Agriculture,,Democrat,Nakita Hemingway,640
Pierce,,Commissioner of Agriculture,,,David Raudabaugh (L),59
Pierce,,Commissioner of Insurance,,Republican,John King (I),6430
Pierce,,Commissioner of Insurance,,Democrat,Janice Laws Robinson,693
Pierce,,State School Superintendent,,Republican,Richard Woods (I),6453
Pierce,,State School Superintendent,,Democrat,Alisha Thomas Searcy,658
Pierce,,Commissioner of Labor,,Republican,Bruce Thompson,6358
Pierce,,Commissioner of Labor,,Democrat,"William """"Will"""" Boddie, Jr",686
Pierce,,Commissioner of Labor,,,Emily Anderson (L),81
Pike,,U.S. Senate,,Republican,Herschel Junior Walker,7948
Pike,,U.S. Senate,,Democrat,Raphael Warnock (I),1257
Pike,,U.S. Senate,,Libertarian,Chase Oliver,191
Pike,,Governor,,Republican,Brian Kemp (I),8303
Pike,,Governor,,Democrat,Stacey Abrams,1075
Pike,,Governor,,Libertarian,Shane Hazel,53
Pike,,Lieutenant Governor,,Republican,Burt Jones,8119
Pike,,Lieutenant Governor,,Democrat,Charlie Bailey,1104
Pike,,Lieutenant Governor,,Libertarian,Ryan Graham,157
Pike,,Secretary of State,,Republican,Brad Raffensperger (I),7966
Pike,,Secretary of State,,Democrat,Bee Nguyen,1027
Pike,,Secretary of State,,Libertarian,Ted Metz,340
Pike,,Attorney General,,Republican,Chris Carr (I),8133
Pike,,Attorney General,,Democrat,"Jennifer """"Jen"""" Jordan",1121
Pike,,Attorney General,,Libertarian,Martin Cowen,120
Pike,,Commissioner of Agriculture,,Republican,Tyler Harper,8208
Pike,,Commissioner of Agriculture,,Democrat,Nakita Hemingway,1004
Pike,,Commissioner of Agriculture,,Libertarian,David Raudabaugh,159
Pike,,Commissioner of Insurance,,Republican,John King (I),8260
Pike,,Commissioner of Insurance,,Democrat,Janice Laws Robinson,1086
Pike,,State School Superintendent,,Republican,Richard Woods (I),8275
Pike,,State School Superintendent,,Democrat,Alisha Thomas Searcy,1088
Pike,,Commissioner of Labor,,Republican,Bruce Thompson,8139
Pike,,Commissioner of Labor,,Democrat,"William """"Will"""" Boddie, Jr",1050
Pike,,Commissioner of Labor,,Libertarian,Emily Anderson,165
Polk,,U.S. Senate,,Republican,Herschel Junior Walker,10426
Polk,,U.S. Senate,,Democrat,Raphael Warnock (I),2794
Polk,,U.S. Senate,,Libertarian,Chase Oliver,343
Polk,,Governor,,Republican,Brian Kemp (I),11117
Polk,,Governor,,Democrat,Stacey Abrams,2427
Polk,,Governor,,Libertarian,Shane Hazel,96
Polk,,Lieutenant Governor,,Republican,Burt Jones,10694
Polk,,Lieutenant Governor,,Democrat,Charlie Bailey,2546
Polk,,Lieutenant Governor,,Libertarian,Ryan Graham,268
Polk,,Secretary of State,,Republican,Brad Raffensperger (I),10621
Polk,,Secretary of State,,Democrat,Bee Nguyen,2360
Polk,,Secretary of State,,Libertarian,Ted Metz,441
Polk,,Attorney General,,Republican,Chris Carr (I),10768
Polk,,Attorney General,,Democrat,"Jennifer """"Jen"""" Jordan",2586
Polk,,Attorney General,,Libertarian,Martin Cowen,171
Polk,,Commissioner of Agriculture,,Republican,Tyler Harper,10920
Polk,,Commissioner of Agriculture,,Democrat,Nakita Hemingway,2351
Polk,,Commissioner of Agriculture,,Libertarian,David Raudabaugh,244
Polk,,Commissioner of Insurance,,Republican,John King (I),10934
Polk,,Commissioner of Insurance,,Democrat,Janice Laws Robinson,2522
Polk,,State School Superintendent,,Republican,Richard Woods (I),10992
Polk,,State School Superintendent,,Democrat,Alisha Thomas Searcy,2497
Polk,,Commissioner of Labor,,Republican,Bruce Thompson,10750
Polk,,Commissioner of Labor,,Democrat,"William """"Will"""" Boddie, Jr",2417
Polk,,Commissioner of Labor,,Libertarian,Emily Anderson,286
Pulaski,,U.S. Senate,,Republican,Herschel Junior Walker,2319
Pulaski,,U.S. Senate,,Democrat,Raphael Warnock (I),1002
Pulaski,,U.S. Senate,,Libertarian,Chase Oliver,45
Pulaski,,Governor,,Republican,Brian Kemp (I),2452
Pulaski,,Governor,,Democrat,Stacey Abrams,905
Pulaski,,Governor,,Libertarian,Shane Hazel,17
Pulaski,,Lieutenant Governor,,Republican,Burt Jones,2377
Pulaski,,Lieutenant Governor,,Democrat,Charlie Bailey,890
Pulaski,,Lieutenant Governor,,Libertarian,Ryan Graham,50
Pulaski,,Secretary of State,,Republican,Brad Raffensperger (I),2353
Pulaski,,Secretary of State,,Democrat,Bee Nguyen,836
Pulaski,,Secretary of State,,Libertarian,Ted Metz,118
Pulaski,,Attorney General,,Republican,Chris Carr (I),2375
Pulaski,,Attorney General,,Democrat,"Jennifer """"Jen"""" Jordan",912
Pulaski,,Attorney General,,Libertarian,Martin Cowen,39
Pulaski,,Commissioner of Agriculture,,Republican,Tyler Harper,2407
Pulaski,,Commissioner of Agriculture,,Democrat,Nakita Hemingway,859
Pulaski,,Commissioner of Agriculture,,Libertarian,David Raudabaugh,56
Pulaski,,Commissioner of Insurance,,Republican,John King (I),2429
Pulaski,,Commissioner of Insurance,,Democrat,Janice Laws Robinson,885
Pulaski,,State School Superintendent,,Republican,Richard Woods (I),2445
Pulaski,,State School Superintendent,,Democrat,Alisha Thomas Searcy,880
Pulaski,,Commissioner of Labor,,Republican,Bruce Thompson,2384
Pulaski,,Commissioner of Labor,,Democrat,"William """"Will"""" Boddie, Jr",864
Pulaski,,Commissioner of Labor,,Libertarian,Emily Anderson,67
Putnam,,U.S. Senate,,Republican,Herschel Junior Walker,7164
Putnam,,U.S. Senate,,Democrat,Raphael Warnock (I),2847
Putnam,,U.S. Senate,,Libertarian,Chase Oliver,191
Putnam,,Governor,,Republican,Brian Kemp (I),7689
Putnam,,Governor,,Democrat,Stacey Abrams,2497
Putnam,,Governor,,Libertarian,Shane Hazel,51
Putnam,,Lieutenant Governor,,Republican,Burt Jones,7423
Putnam,,Lieutenant Governor,,Democrat,Charlie Bailey,2542
Putnam,,Lieutenant Governor,,Libertarian,Ryan Graham,175
Putnam,,Secretary of State,,Republican,Brad Raffensperger (I),7420
Putnam,,Secretary of State,,Democrat,Bee Nguyen,2358
Putnam,,Secretary of State,,Libertarian,Ted Metz,330
Putnam,,Attorney General,,Republican,Chris Carr (I),7448
Putnam,,Attorney General,,Democrat,"Jennifer """"Jen"""" Jordan",2593
Putnam,,Attorney General,,Libertarian,Martin Cowen,112
Putnam,,Commissioner of Agriculture,,Republican,Tyler Harper,7582
Putnam,,Commissioner of Agriculture,,Democrat,Nakita Hemingway,2374
Putnam,,Commissioner of Agriculture,,Libertarian,David Raudabaugh,173
Putnam,,Commissioner of Insurance,,Republican,John King (I),7636
Putnam,,Commissioner of Insurance,,Democrat,Janice Laws Robinson,2469
Putnam,,State School Superintendent,,Republican,Richard Woods (I),7639
Putnam,,State School Superintendent,,Democrat,Alisha Thomas Searcy,2473
Putnam,,Commissioner of Labor,,Republican,Bruce Thompson,7484
Putnam,,Commissioner of Labor,,Democrat,"William """"Will"""" Boddie, Jr",2445
Putnam,,Commissioner of Labor,,Libertarian,Emily Anderson,193
Quitman,,U.S. Senate,,Republican,Herschel Junior Walker,511
Quitman,,U.S. Senate,,Democrat,Raphael Warnock (I),378
Quitman,,U.S. Senate,,Libertarian,Chase Oliver,13
Quitman,,Governor,,Republican,Brian Kemp (I),555
Quitman,,Governor,,Democrat,Stacey Abrams,350
Quitman,,Governor,,Libertarian,Shane Hazel,1
Quitman,,Lieutenant Governor,,Republican,Burt Jones,526
Quitman,,Lieutenant Governor,,Democrat,Charlie Bailey,335
Quitman,,Lieutenant Governor,,Libertarian,Ryan Graham,12
Quitman,,Secretary of State,,Republican,Brad Raffensperger (I),525
Quitman,,Secretary of State,,Democrat,Bee Nguyen,329
Quitman,,Secretary of State,,Libertarian,Ted Metz,24
Quitman,,Attorney General,,Republican,Chris Carr (I),518
Quitman,,Attorney General,,Democrat,"Jennifer """"Jen"""" Jordan",349
Quitman,,Attorney General,,Libertarian,Martin Cowen,17
Quitman,,Commissioner of Agriculture,,Republican,Tyler Harper,533
Quitman,,Commissioner of Agriculture,,Democrat,Nakita Hemingway,333
Quitman,,Commissioner of Agriculture,,Libertarian,David Raudabaugh,11
Quitman,,Commissioner of Insurance,,Republican,John King (I),531
Quitman,,Commissioner of Insurance,,Democrat,Janice Laws Robinson,346
Quitman,,State School Superintendent,,Republican,Richard Woods (I),534
Quitman,,State School Superintendent,,Democrat,Alisha Thomas Searcy,341
Quitman,,Commissioner of Labor,,Republican,Bruce Thompson,517
Quitman,,Commissioner of Labor,,Democrat,"William """"Will"""" Boddie, Jr",345
Quitman,,Commissioner of Labor,,Libertarian,Emily Anderson,13
Rabun,,U.S. Senate,,Republican,Herschel Junior Walker,6180
Rabun,,U.S. Senate,,Democrat,Raphael Warnock (I),1804
Rabun,,U.S. Senate,,Libertarian,Chase Oliver,223
Rabun,,Governor,,Republican,Brian Kemp (I),6766
Rabun,,Governor,,Democrat,Stacey Abrams,1415
Rabun,,Governor,,Libertarian,Shane Hazel,81
Rabun,,Lieutenant Governor,,Republican,Burt Jones,6465
Rabun,,Lieutenant Governor,,Democrat,Charlie Bailey,1563
Rabun,,Lieutenant Governor,,Libertarian,Ryan Graham,163
Rabun,,Secretary of State,,Republican,Brad Raffensperger (I),6491
Rabun,,Secretary of State,,Democrat,Bee Nguyen,1331
Rabun,,Secretary of State,,Libertarian,Ted Metz,340
Rabun,,Attorney General,,Republican,Chris Carr (I),6478
Rabun,,Attorney General,,Democrat,"Jennifer """"Jen"""" Jordan",1594
Rabun,,Attorney General,,Libertarian,Martin Cowen,127
Rabun,,Commissioner of Agriculture,,Republican,Tyler Harper,6634
Rabun,,Commissioner of Agriculture,,Democrat,Nakita Hemingway,1363
Rabun,,Commissioner of Agriculture,,Libertarian,David Raudabaugh,175
Rabun,,Commissioner of Insurance,,Republican,John King (I),6656
Rabun,,Commissioner of Insurance,,Democrat,Janice Laws Robinson,1496
Rabun,,State School Superintendent,,Republican,Richard Woods (I),6664
Rabun,,State School Superintendent,,Democrat,Alisha Thomas Searcy,1477
Rabun,,Commissioner of Labor,,Republican,Bruce Thompson,6510
Rabun,,Commissioner of Labor,,Democrat,"William """"Will"""" Boddie, Jr",1445
Rabun,,Commissioner of Labor,,Libertarian,Emily Anderson,187
Randolph,,U.S. Senate,,Republican,Herschel Junior Walker,1158
Randolph,,U.S. Senate,,Democrat,Raphael Warnock (I),1366
Randolph,,U.S. Senate,,,Chase Oliver (L),23
Randolph,,Governor,,Republican,Brian Kemp (I),1243
Randolph,,Governor,,Democrat,Stacey Abrams,1317
Randolph,,Governor,,,Shane Hazel (L),5
Randolph,,Lieutenant Governor,,Republican,Burt Jones,1198
Randolph,,Lieutenant Governor,,Democrat,Charlie Bailey,1283
Randolph,,Lieutenant Governor,,,Ryan Graham (L),27
Randolph,,Secretary of State,,Republican,Brad Raffensperger (I),1245
Randolph,,Secretary of State,,Democrat,Bee Nguyen,1211
Randolph,,Secretary of State,,,Ted Metz (L),46
Randolph,,Attorney General,,Republican,Chris Carr (I),1217
Randolph,,Attorney General,,Democrat,"Jennifer """"Jen"""" Jordan",1277
Randolph,,Attorney General,,,Martin Cowen (L),20
Randolph,,Commissioner of Agriculture,,Republican,Tyler Harper,1217
Randolph,,Commissioner of Agriculture,,Democrat,Nakita Hemingway,1255
Randolph,,Commissioner of Agriculture,,,David Raudabaugh (L),37
Randolph,,Commissioner of Insurance,,Republican,John King (I),1229
Randolph,,Commissioner of Insurance,,Democrat,Janice Laws Robinson,1272
Randolph,,State School Superintendent,,Republican,Richard Woods (I),1234
Randolph,,State School Superintendent,,Democrat,Alisha Thomas Searcy,1274
Randolph,,Commissioner of Labor,,Republican,Bruce Thompson,1204
Randolph,,Commissioner of Labor,,Democrat,"William """"Will"""" Boddie, Jr",1279
Randolph,,Commissioner of Labor,,,Emily Anderson (L),21
Richmond,,U.S. Senate,,Republican,Herschel Junior Walker,19491
Richmond,,U.S. Senate,,Democrat,Raphael Warnock (I),43567
Richmond,,U.S. Senate,,Libertarian,Chase Oliver,880
Richmond,,Governor,,Republican,Brian Kemp (I),21602
Richmond,,Governor,,Democrat,Stacey Abrams,42130
Richmond,,Governor,,Libertarian,Shane Hazel,424
Richmond,,Lieutenant Governor,,Republican,Burt Jones,20575
Richmond,,Lieutenant Governor,,Democrat,Charlie Bailey,41342
Richmond,,Lieutenant Governor,,Libertarian,Ryan Graham,1247
Richmond,,Secretary of State,,Republican,Brad Raffensperger (I),21837
Richmond,,Secretary of State,,Democrat,Bee Nguyen,40021
Richmond,,Secretary of State,,Libertarian,Ted Metz,1328
Richmond,,Attorney General,,Republican,Chris Carr (I),20686
Richmond,,Attorney General,,Democrat,"Jennifer """"Jen"""" Jordan",41840
Richmond,,Attorney General,,Libertarian,Martin Cowen,867
Richmond,,Commissioner of Agriculture,,Republican,Tyler Harper,20863
Richmond,,Commissioner of Agriculture,,Democrat,Nakita Hemingway,40976
Richmond,,Commissioner of Agriculture,,Libertarian,David Raudabaugh,1318
Richmond,,Commissioner of Insurance,,Republican,John King (I),21468
Richmond,,Commissioner of Insurance,,Democrat,Janice Laws Robinson,41501
Richmond,,State School Superintendent,,Republican,Richard Woods (I),21555
Richmond,,State School Superintendent,,Democrat,Alisha Thomas Searcy,41651
Richmond,,Commissioner of Labor,,Republican,Bruce Thompson,20436
Richmond,,Commissioner of Labor,,Democrat,"William """"Will"""" Boddie, Jr",41038
Richmond,,Commissioner of Labor,,Libertarian,Emily Anderson,1609
Rockdale,,U.S. Senate,,Republican,Herschel Junior Walker,8722
Rockdale,,U.S. Senate,,Democrat,Raphael Warnock (I),25478
Rockdale,,U.S. Senate,,Libertarian,Chase Oliver,574
Rockdale,,Governor,,Republican,Brian Kemp (I),9938
Rockdale,,Governor,,Democrat,Stacey Abrams,24756
Rockdale,,Governor,,Libertarian,Shane Hazel,214
Rockdale,,Lieutenant Governor,,Republican,Burt Jones,9351
Rockdale,,Lieutenant Governor,,Democrat,Charlie Bailey,24499
Rockdale,,Lieutenant Governor,,Libertarian,Ryan Graham,710
Rockdale,,Secretary of State,,Republican,Brad Raffensperger (I),10141
Rockdale,,Secretary of State,,Democrat,Bee Nguyen,23712
Rockdale,,Secretary of State,,Libertarian,Ted Metz,743
Rockdale,,Attorney General,,Republican,Chris Carr (I),9521
Rockdale,,Attorney General,,Democrat,"Jennifer """"Jen"""" Jordan",24596
Rockdale,,Attorney General,,Libertarian,Martin Cowen,518
Rockdale,,Commissioner of Agriculture,,Republican,Tyler Harper,9669
Rockdale,,Commissioner of Agriculture,,Democrat,Nakita Hemingway,24181
Rockdale,,Commissioner of Agriculture,,Libertarian,David Raudabaugh,709
Rockdale,,Commissioner of Insurance,,Republican,John King (I),9985
Rockdale,,Commissioner of Insurance,,Democrat,Janice Laws Robinson,24481
Rockdale,,State School Superintendent,,Republican,Richard Woods (I),10054
Rockdale,,State School Superintendent,,Democrat,Alisha Thomas Searcy,24469
Rockdale,,Commissioner of Labor,,Republican,Bruce Thompson,9411
Rockdale,,Commissioner of Labor,,Democrat,"William """"Will"""" Boddie, Jr",24212
Rockdale,,Commissioner of Labor,,Libertarian,Emily Anderson,880
Schley,,U.S. Senate,,Republican,Herschel Junior Walker,1467
Schley,,U.S. Senate,,Democrat,Raphael Warnock (I),384
Schley,,U.S. Senate,,Libertarian,Chase Oliver,19
Schley,,Governor,,Republican,Brian Kemp (I),1526
Schley,,Governor,,Democrat,Stacey Abrams,339
Schley,,Governor,,Libertarian,Shane Hazel,11
Schley,,Lieutenant Governor,,Republican,Burt Jones,1480
Schley,,Lieutenant Governor,,Democrat,Charlie Bailey,340
Schley,,Lieutenant Governor,,Libertarian,Ryan Graham,24
Schley,,Secretary of State,,Republican,Brad Raffensperger (I),1459
Schley,,Secretary of State,,Democrat,Bee Nguyen,307
Schley,,Secretary of State,,Libertarian,Ted Metz,65
Schley,,Attorney General,,Republican,Chris Carr (I),1486
Schley,,Attorney General,,Democrat,"Jennifer """"Jen"""" Jordan",341
Schley,,Attorney General,,Libertarian,Martin Cowen,25
Schley,,Commissioner of Agriculture,,Republican,Tyler Harper,1501
Schley,,Commissioner of Agriculture,,Democrat,Nakita Hemingway,327
Schley,,Commissioner of Agriculture,,Libertarian,David Raudabaugh,26
Schley,,Commissioner of Insurance,,Republican,John King (I),1507
Schley,,Commissioner of Insurance,,Democrat,Janice Laws Robinson,336
Schley,,State School Superintendent,,Republican,Richard Woods (I),1520
Schley,,State School Superintendent,,Democrat,Alisha Thomas Searcy,330
Schley,,Commissioner of Labor,,Republican,Bruce Thompson,1488
Schley,,Commissioner of Labor,,Democrat,"William """"Will"""" Boddie, Jr",330
Schley,,Commissioner of Labor,,Libertarian,Emily Anderson,28
Screven,,U.S. Senate,,Republican,Herschel Junior Walker,3203
Screven,,U.S. Senate,,Democrat,Raphael Warnock (I),2009
Screven,,U.S. Senate,,Libertarian,Chase Oliver,73
Screven,,Governor,,Republican,Brian Kemp (I),3422
Screven,,Governor,,Democrat,Stacey Abrams,1872
Screven,,Governor,,Libertarian,Shane Hazel,19
Screven,,Lieutenant Governor,,Republican,Burt Jones,3294
Screven,,Lieutenant Governor,,Democrat,Charlie Bailey,1829
Screven,,Lieutenant Governor,,Libertarian,Ryan Graham,73
Screven,,Secretary of State,,Republican,Brad Raffensperger (I),3337
Screven,,Secretary of State,,Democrat,Bee Nguyen,1722
Screven,,Secretary of State,,Libertarian,Ted Metz,123
Screven,,Attorney General,,Republican,Chris Carr (I),3312
Screven,,Attorney General,,Democrat,"Jennifer """"Jen"""" Jordan",1871
Screven,,Attorney General,,Libertarian,Martin Cowen,41
Screven,,Commissioner of Agriculture,,Republican,Tyler Harper,3361
Screven,,Commissioner of Agriculture,,Democrat,Nakita Hemingway,1802
Screven,,Commissioner of Agriculture,,Libertarian,David Raudabaugh,58
Screven,,Commissioner of Insurance,,Republican,John King (I),3366
Screven,,Commissioner of Insurance,,Democrat,Janice Laws Robinson,1840
Screven,,State School Superintendent,,Republican,Richard Woods (I),3368
Screven,,State School Superintendent,,Democrat,Alisha Thomas Searcy,1851
Screven,,Commissioner of Labor,,Republican,Bruce Thompson,3315
Screven,,Commissioner of Labor,,Democrat,"William """"Will"""" Boddie, Jr",1816
Screven,,Commissioner of Labor,,Libertarian,Emily Anderson,72
Seminole,,U.S. Senate,,Republican,Herschel Junior Walker,2152
Seminole,,U.S. Senate,,Democrat,Raphael Warnock (I),827
Seminole,,U.S. Senate,,Libertarian,Chase Oliver,44
Seminole,,Governor,,Republican,Brian Kemp (I),2255
Seminole,,Governor,,Democrat,Stacey Abrams,773
Seminole,,Governor,,Libertarian,Shane Hazel,17
Seminole,,Lieutenant Governor,,Republican,Burt Jones,2208
Seminole,,Lieutenant Governor,,Democrat,Charlie Bailey,761
Seminole,,Lieutenant Governor,,Libertarian,Ryan Graham,32
Seminole,,Secretary of State,,Republican,Brad Raffensperger (I),2210
Seminole,,Secretary of State,,Democrat,Bee Nguyen,700
Seminole,,Secretary of State,,Libertarian,Ted Metz,83
Seminole,,Attorney General,,Republican,Chris Carr (I),2211
Seminole,,Attorney General,,Democrat,"Jennifer """"Jen"""" Jordan",753
Seminole,,Attorney General,,Libertarian,Martin Cowen,32
Seminole,,Commissioner of Agriculture,,Republican,Tyler Harper,2239
Seminole,,Commissioner of Agriculture,,Democrat,Nakita Hemingway,734
Seminole,,Commissioner of Agriculture,,Libertarian,David Raudabaugh,27
Seminole,,Commissioner of Insurance,,Republican,John King (I),2239
Seminole,,Commissioner of Insurance,,Democrat,Janice Laws Robinson,753
Seminole,,State School Superintendent,,Republican,Richard Woods (I),2242
Seminole,,State School Superintendent,,Democrat,Alisha Thomas Searcy,752
Seminole,,Commissioner of Labor,,Republican,Bruce Thompson,2201
Seminole,,Commissioner of Labor,,Democrat,"William """"Will"""" Boddie, Jr",761
Seminole,,Commissioner of Labor,,Libertarian,Emily Anderson,38
Spalding,,U.S. Senate,,Republican,Herschel Junior Walker,13966
Spalding,,U.S. Senate,,Democrat,Raphael Warnock (I),9761
Spalding,,U.S. Senate,,Libertarian,Chase Oliver,535
Spalding,,Governor,,Republican,Brian Kemp (I),15090
Spalding,,Governor,,Democrat,Stacey Abrams,9146
Spalding,,Governor,,Libertarian,Shane Hazel,159
Spalding,,Lieutenant Governor,,Republican,Burt Jones,14552
Spalding,,Lieutenant Governor,,Democrat,Charlie Bailey,9067
Spalding,,Lieutenant Governor,,Libertarian,Ryan Graham,476
Spalding,,Secretary of State,,Republican,Brad Raffensperger (I),14661
Spalding,,Secretary of State,,Democrat,Bee Nguyen,8718
Spalding,,Secretary of State,,Libertarian,Ted Metz,700
Spalding,,Attorney General,,Republican,Chris Carr (I),14601
Spalding,,Attorney General,,Democrat,"Jennifer """"Jen"""" Jordan",9245
Spalding,,Attorney General,,Libertarian,Martin Cowen,339
Spalding,,Commissioner of Agriculture,,Republican,Tyler Harper,14904
Spalding,,Commissioner of Agriculture,,Democrat,Nakita Hemingway,8745
Spalding,,Commissioner of Agriculture,,Libertarian,David Raudabaugh,463
Spalding,,Commissioner of Insurance,,Republican,John King (I),14979
Spalding,,Commissioner of Insurance,,Democrat,Janice Laws Robinson,9087
Spalding,,State School Superintendent,,Republican,Richard Woods (I),14965
Spalding,,State School Superintendent,,Democrat,Alisha Thomas Searcy,9114
Spalding,,Commissioner of Labor,,Republican,Bruce Thompson,14646
Spalding,,Commissioner of Labor,,Democrat,"William """"Will"""" Boddie, Jr",8893
Spalding,,Commissioner of Labor,,Libertarian,Emily Anderson,563
Stephens,,U.S. Senate,,Republican,Herschel Junior Walker,7374
Stephens,,U.S. Senate,,Democrat,Raphael Warnock (I),1762
Stephens,,U.S. Senate,,Libertarian,Chase Oliver,197
Stephens,,Governor,,Republican,Brian Kemp (I),7818
Stephens,,Governor,,Democrat,Stacey Abrams,1501
Stephens,,Governor,,Libertarian,Shane Hazel,81
Stephens,,Lieutenant Governor,,Republican,Burt Jones,7576
Stephens,,Lieutenant Governor,,Democrat,Charlie Bailey,1538
Stephens,,Lieutenant Governor,,Libertarian,Ryan Graham,187
Stephens,,Secretary of State,,Republican,Brad Raffensperger (I),7518
Stephens,,Secretary of State,,Democrat,Bee Nguyen,1357
Stephens,,Secretary of State,,Libertarian,Ted Metz,381
Stephens,,Attorney General,,Republican,Chris Carr (I),7620
Stephens,,Attorney General,,Democrat,"Jennifer """"Jen"""" Jordan",1551
Stephens,,Attorney General,,Libertarian,Martin Cowen,147
Stephens,,Commissioner of Agriculture,,Republican,Tyler Harper,7674
Stephens,,Commissioner of Agriculture,,Democrat,Nakita Hemingway,1454
Stephens,,Commissioner of Agriculture,,Libertarian,David Raudabaugh,173
Stephens,,Commissioner of Insurance,,Republican,John King (I),7732
Stephens,,Commissioner of Insurance,,Democrat,Janice Laws Robinson,1537
Stephens,,State School Superintendent,,Republican,Richard Woods (I),7777
Stephens,,State School Superintendent,,Democrat,Alisha Thomas Searcy,1520
Stephens,,Commissioner of Labor,,Republican,Bruce Thompson,7602
Stephens,,Commissioner of Labor,,Democrat,"William """"Will"""" Boddie, Jr",1461
Stephens,,Commissioner of Labor,,Libertarian,Emily Anderson,216
Stewart,,U.S. Senate,,Republican,Herschel Junior Walker,638
Stewart,,U.S. Senate,,Democrat,Raphael Warnock (I),916
Stewart,,U.S. Senate,,Libertarian,Chase Oliver,13
Stewart,,Governor,,Republican,Brian Kemp (I),673
Stewart,,Governor,,Democrat,Stacey Abrams,895
Stewart,,Governor,,Libertarian,Shane Hazel,5
Stewart,,Lieutenant Governor,,Republican,Burt Jones,642
Stewart,,Lieutenant Governor,,Democrat,Charlie Bailey,803
Stewart,,Lieutenant Governor,,Libertarian,Ryan Graham,17
Stewart,,Secretary of State,,Republican,Brad Raffensperger (I),671
Stewart,,Secretary of State,,Democrat,Bee Nguyen,772
Stewart,,Secretary of State,,Libertarian,Ted Metz,26
Stewart,,Attorney General,,Republican,Chris Carr (I),655
Stewart,,Attorney General,,Democrat,"Jennifer """"Jen"""" Jordan",829
Stewart,,Attorney General,,Libertarian,Martin Cowen,14
Stewart,,Commissioner of Agriculture,,Republican,Tyler Harper,653
Stewart,,Commissioner of Agriculture,,Democrat,Nakita Hemingway,814
Stewart,,Commissioner of Agriculture,,Libertarian,David Raudabaugh,31
Stewart,,Commissioner of Insurance,,Republican,John King (I),654
Stewart,,Commissioner of Insurance,,Democrat,Janice Laws Robinson,826
Stewart,,State School Superintendent,,Republican,Richard Woods (I),661
Stewart,,State School Superintendent,,Democrat,Alisha Thomas Searcy,818
Stewart,,Commissioner of Labor,,Republican,Bruce Thompson,642
Stewart,,Commissioner of Labor,,Democrat,"William """"Will"""" Boddie, Jr",831
Stewart,,Commissioner of Labor,,Libertarian,Emily Anderson,19
Sumter,,U.S. Senate,,Republican,Herschel Junior Walker,4590
Sumter,,U.S. Senate,,Democrat,Raphael Warnock (I),4894
Sumter,,U.S. Senate,,Libertarian,Chase Oliver,96
Sumter,,Governor,,Republican,Brian Kemp (I),4921
Sumter,,Governor,,Democrat,Stacey Abrams,4650
Sumter,,Governor,,Libertarian,Shane Hazel,34
Sumter,,Lieutenant Governor,,Republican,Burt Jones,4760
Sumter,,Lieutenant Governor,,Democrat,Charlie Bailey,4608
Sumter,,Lieutenant Governor,,Libertarian,Ryan Graham,88
Sumter,,Secretary of State,,Republican,Brad Raffensperger (I),4875
Sumter,,Secretary of State,,Democrat,Bee Nguyen,4408
Sumter,,Secretary of State,,Libertarian,Ted Metz,168
Sumter,,Attorney General,,Republican,Chris Carr (I),4795
Sumter,,Attorney General,,Democrat,"Jennifer """"Jen"""" Jordan",4622
Sumter,,Attorney General,,Libertarian,Martin Cowen,69
Sumter,,Commissioner of Agriculture,,Republican,Tyler Harper,4887
Sumter,,Commissioner of Agriculture,,Democrat,Nakita Hemingway,4489
Sumter,,Commissioner of Agriculture,,Libertarian,David Raudabaugh,108
Sumter,,Commissioner of Insurance,,Republican,John King (I),4888
Sumter,,Commissioner of Insurance,,Democrat,Janice Laws Robinson,4571
Sumter,,State School Superintendent,,Republican,Richard Woods (I),4939
Sumter,,State School Superintendent,,Democrat,Alisha Thomas Searcy,4544
Sumter,,Commissioner of Labor,,Republican,Bruce Thompson,4758
Sumter,,Commissioner of Labor,,Democrat,"William """"Will"""" Boddie, Jr",4575
Sumter,,Commissioner of Labor,,Libertarian,Emily Anderson,133
Talbot,,U.S. Senate,,Republican,Herschel Junior Walker,1118
Talbot,,U.S. Senate,,Democrat,Raphael Warnock (I),1688
Talbot,,U.S. Senate,,Libertarian,Chase Oliver,43
Talbot,,Governor,,Republican,Brian Kemp (I),1214
Talbot,,Governor,,Democrat,Stacey Abrams,1628
Talbot,,Governor,,Libertarian,Shane Hazel,22
Talbot,,Lieutenant Governor,,Republican,Burt Jones,1178
Talbot,,Lieutenant Governor,,Democrat,Charlie Bailey,1527
Talbot,,Lieutenant Governor,,Libertarian,Ryan Graham,52
Talbot,,Secretary of State,,Republican,Brad Raffensperger (I),1190
Talbot,,Secretary of State,,Democrat,Bee Nguyen,1480
Talbot,,Secretary of State,,Libertarian,Ted Metz,86
Talbot,,Attorney General,,Republican,Chris Carr (I),1164
Talbot,,Attorney General,,Democrat,"Jennifer """"Jen"""" Jordan",1586
Talbot,,Attorney General,,Libertarian,Martin Cowen,43
Talbot,,Commissioner of Agriculture,,Republican,Tyler Harper,1192
Talbot,,Commissioner of Agriculture,,Democrat,Nakita Hemingway,1534
Talbot,,Commissioner of Agriculture,,Libertarian,David Raudabaugh,53
Talbot,,Commissioner of Insurance,,Republican,John King (I),1195
Talbot,,Commissioner of Insurance,,Democrat,Janice Laws Robinson,1569
Talbot,,State School Superintendent,,Republican,Richard Woods (I),1197
Talbot,,State School Superintendent,,Democrat,Alisha Thomas Searcy,1595
Talbot,,Commissioner of Labor,,Republican,Bruce Thompson,1172
Talbot,,Commissioner of Labor,,Democrat,"William """"Will"""" Boddie, Jr",1552
Talbot,,Commissioner of Labor,,Libertarian,Emily Anderson,58
Taliaferro,,U.S. Senate,,Republican,Herschel Junior Walker,310
Taliaferro,,U.S. Senate,,Democrat,Raphael Warnock (I),483
Taliaferro,,U.S. Senate,,Libertarian,Chase Oliver,4
Taliaferro,,Governor,,Republican,Brian Kemp (I),327
Taliaferro,,Governor,,Democrat,Stacey Abrams,477
Taliaferro,,Governor,,Libertarian,Shane Hazel,3
Taliaferro,,Lieutenant Governor,,Republican,Burt Jones,319
Taliaferro,,Lieutenant Governor,,Democrat,Charlie Bailey,438
Taliaferro,,Lieutenant Governor,,Libertarian,Ryan Graham,9
Taliaferro,,Secretary of State,,Republican,Brad Raffensperger (I),309
Taliaferro,,Secretary of State,,Democrat,Bee Nguyen,430
Taliaferro,,Secretary of State,,Libertarian,Ted Metz,18
Taliaferro,,Attorney General,,Republican,Chris Carr (I),298
Taliaferro,,Attorney General,,Democrat,"Jennifer """"Jen"""" Jordan",453
Taliaferro,,Attorney General,,Libertarian,Martin Cowen,18
Taliaferro,,Commissioner of Agriculture,,Republican,Tyler Harper,317
Taliaferro,,Commissioner of Agriculture,,Democrat,Nakita Hemingway,440
Taliaferro,,Commissioner of Agriculture,,Libertarian,David Raudabaugh,13
Taliaferro,,Commissioner of Insurance,,Republican,John King (I),318
Taliaferro,,Commissioner of Insurance,,Democrat,Janice Laws Robinson,451
Taliaferro,,State School Superintendent,,Republican,Richard Woods (I),314
Taliaferro,,State School Superintendent,,Democrat,Alisha Thomas Searcy,457
Taliaferro,,Commissioner of Labor,,Republican,Bruce Thompson,307
Taliaferro,,Commissioner of Labor,,Democrat,"William """"Will"""" Boddie, Jr",450
Taliaferro,,Commissioner of Labor,,Libertarian,Emily Anderson,12
Tattnall,,U.S. Senate,,Republican,Herschel Junior Walker,4866
Tattnall,,U.S. Senate,,Democrat,Raphael Warnock (I),1525
Tattnall,,U.S. Senate,,Libertarian,Chase Oliver,109
Tattnall,,Governor,,Republican,Brian Kemp (I),5123
Tattnall,,Governor,,Democrat,Stacey Abrams,1359
Tattnall,,Governor,,Libertarian,Shane Hazel,45
Tattnall,,Lieutenant Governor,,Republican,Burt Jones,4966
Tattnall,,Lieutenant Governor,,Democrat,Charlie Bailey,1331
Tattnall,,Lieutenant Governor,,Libertarian,Ryan Graham,102
Tattnall,,Secretary of State,,Republican,Brad Raffensperger (I),4963
Tattnall,,Secretary of State,,Democrat,Bee Nguyen,1268
Tattnall,,Secretary of State,,Libertarian,Ted Metz,146
Tattnall,,Attorney General,,Republican,Chris Carr (I),4972
Tattnall,,Attorney General,,Democrat,"Jennifer """"Jen"""" Jordan",1390
Tattnall,,Attorney General,,Libertarian,Martin Cowen,67
Tattnall,,Commissioner of Agriculture,,Republican,Tyler Harper,5020
Tattnall,,Commissioner of Agriculture,,Democrat,Nakita Hemingway,1294
Tattnall,,Commissioner of Agriculture,,Libertarian,David Raudabaugh,95
Tattnall,,Commissioner of Insurance,,Republican,John King (I),5064
Tattnall,,Commissioner of Insurance,,Democrat,Janice Laws Robinson,1339
Tattnall,,State School Superintendent,,Republican,Richard Woods (I),5051
Tattnall,,State School Superintendent,,Democrat,Alisha Thomas Searcy,1355
Tattnall,,Commissioner of Labor,,Republican,Bruce Thompson,4985
Tattnall,,Commissioner of Labor,,Democrat,"William """"Will"""" Boddie, Jr",1320
Tattnall,,Commissioner of Labor,,Libertarian,Emily Anderson,106
Taylor,,U.S. Senate,,Republican,Herschel Junior Walker,2020
Taylor,,U.S. Senate,,Democrat,Raphael Warnock (I),1145
Taylor,,U.S. Senate,,Libertarian,Chase Oliver,35
Taylor,,Governor,,Republican,Brian Kemp (I),2137
Taylor,,Governor,,Democrat,Stacey Abrams,1069
Taylor,,Governor,,Libertarian,Shane Hazel,10
Taylor,,Lieutenant Governor,,Republican,Burt Jones,2071
Taylor,,Lieutenant Governor,,Democrat,Charlie Bailey,1049
Taylor,,Lieutenant Governor,,Libertarian,Ryan Graham,44
Taylor,,Secretary of State,,Republican,Brad Raffensperger (I),2052
Taylor,,Secretary of State,,Democrat,Bee Nguyen,1013
Taylor,,Secretary of State,,Libertarian,Ted Metz,84
Taylor,,Attorney General,,Republican,Chris Carr (I),2080
Taylor,,Attorney General,,Democrat,"Jennifer """"Jen"""" Jordan",1077
Taylor,,Attorney General,,Libertarian,Martin Cowen,31
Taylor,,Commissioner of Agriculture,,Republican,Tyler Harper,2094
Taylor,,Commissioner of Agriculture,,Democrat,Nakita Hemingway,1033
Taylor,,Commissioner of Agriculture,,Libertarian,David Raudabaugh,51
Taylor,,Commissioner of Insurance,,Republican,John King (I),2105
Taylor,,Commissioner of Insurance,,Democrat,Janice Laws Robinson,1064
Taylor,,State School Superintendent,,Republican,Richard Woods (I),2107
Taylor,,State School Superintendent,,Democrat,Alisha Thomas Searcy,1070
Taylor,,Commissioner of Labor,,Republican,Bruce Thompson,2075
Taylor,,Commissioner of Labor,,Democrat,"William """"Will"""" Boddie, Jr",1048
Taylor,,Commissioner of Labor,,Libertarian,Emily Anderson,43
Telfair,,U.S. Senate,,Republican,Herschel Junior Walker,2340
Telfair,,U.S. Senate,,Democrat,Raphael Warnock (I),1032
Telfair,,U.S. Senate,,Libertarian,Chase Oliver,28
Telfair,,Governor,,Republican,Brian Kemp (I),2433
Telfair,,Governor,,Democrat,Stacey Abrams,960
Telfair,,Governor,,Libertarian,Shane Hazel,20
Telfair,,Lieutenant Governor,,Republican,Burt Jones,2379
Telfair,,Lieutenant Governor,,Democrat,Charlie Bailey,897
Telfair,,Lieutenant Governor,,Libertarian,Ryan Graham,41
Telfair,,Secretary of State,,Republican,Brad Raffensperger (I),2356
Telfair,,Secretary of State,,Democrat,Bee Nguyen,890
Telfair,,Secretary of State,,Libertarian,Ted Metz,55
Telfair,,Attorney General,,Republican,Chris Carr (I),2365
Telfair,,Attorney General,,Democrat,"Jennifer """"Jen"""" Jordan",960
Telfair,,Attorney General,,Libertarian,Martin Cowen,24
Telfair,,Commissioner of Agriculture,,Republican,Tyler Harper,2403
Telfair,,Commissioner of Agriculture,,Democrat,Nakita Hemingway,906
Telfair,,Commissioner of Agriculture,,Libertarian,David Raudabaugh,45
Telfair,,Commissioner of Insurance,,Republican,John King (I),2383
Telfair,,Commissioner of Insurance,,Democrat,Janice Laws Robinson,947
Telfair,,State School Superintendent,,Republican,Richard Woods (I),2411
Telfair,,State School Superintendent,,Democrat,Alisha Thomas Searcy,926
Telfair,,Commissioner of Labor,,Republican,Bruce Thompson,2373
Telfair,,Commissioner of Labor,,Democrat,"William """"Will"""" Boddie, Jr",938
Telfair,,Commissioner of Labor,,Libertarian,Emily Anderson,34
Terrell,,U.S. Senate,,Republican,Herschel Junior Walker,1695
Terrell,,U.S. Senate,,Democrat,Raphael Warnock (I),1904
Terrell,,U.S. Senate,,,Chase Oliver (L),39
Terrell,,Governor,,Republican,Brian Kemp (I),1795
Terrell,,Governor,,Democrat,Stacey Abrams,1840
Terrell,,Governor,,,Shane Hazel (L),21
Terrell,,Lieutenant Governor,,Republican,Burt Jones,1762
Terrell,,Lieutenant Governor,,Democrat,Charlie Bailey,1772
Terrell,,Lieutenant Governor,,,Ryan Graham (L),49
Terrell,,Secretary of State,,Republican,Brad Raffensperger (I),1838
Terrell,,Secretary of State,,Democrat,Bee Nguyen,1685
Terrell,,Secretary of State,,,Ted Metz (L),66
Terrell,,Attorney General,,Republican,Chris Carr (I),1788
Terrell,,Attorney General,,Democrat,"Jennifer """"Jen"""" Jordan",1802
Terrell,,Attorney General,,,Martin Cowen (L),19
Terrell,,Commissioner of Agriculture,,Republican,Tyler Harper,1793
Terrell,,Commissioner of Agriculture,,Democrat,Nakita Hemingway,1755
Terrell,,Commissioner of Agriculture,,,David Raudabaugh (L),45
Terrell,,Commissioner of Insurance,,Republican,John King (I),1782
Terrell,,Commissioner of Insurance,,Democrat,Janice Laws Robinson,1803
Terrell,,State School Superintendent,,Republican,Richard Woods (I),1825
Terrell,,State School Superintendent,,Democrat,Alisha Thomas Searcy,1770
Terrell,,Commissioner of Labor,,Republican,Bruce Thompson,1775
Terrell,,Commissioner of Labor,,Democrat,"William """"Will"""" Boddie, Jr",1785
Terrell,,Commissioner of Labor,,,Emily Anderson (L),41
Thomas,,U.S. Senate,,Republican,Herschel Junior Walker,10481
Thomas,,U.S. Senate,,Democrat,Raphael Warnock (I),6436
Thomas,,U.S. Senate,,,Chase Oliver (L),263
Thomas,,Governor,,Republican,Brian Kemp (I),11062
Thomas,,Governor,,Democrat,Stacey Abrams,6138
Thomas,,Governor,,,Shane Hazel (L),87
Thomas,,Lieutenant Governor,,Republican,Burt Jones,10740
Thomas,,Lieutenant Governor,,Democrat,Charlie Bailey,6062
Thomas,,Lieutenant Governor,,,Ryan Graham (L),254
Thomas,,Secretary of State,,Republican,Brad Raffensperger (I),11035
Thomas,,Secretary of State,,Democrat,Bee Nguyen,5597
Thomas,,Secretary of State,,,Ted Metz (L),396
Thomas,,Attorney General,,Republican,Chris Carr (I),10858
Thomas,,Attorney General,,Democrat,"Jennifer """"Jen"""" Jordan",6090
Thomas,,Attorney General,,,Martin Cowen (L),180
Thomas,,Commissioner of Agriculture,,Republican,Tyler Harper,10972
Thomas,,Commissioner of Agriculture,,Democrat,Nakita Hemingway,5889
Thomas,,Commissioner of Agriculture,,,David Raudabaugh (L),218
Thomas,,Commissioner of Insurance,,Republican,John King (I),11041
Thomas,,Commissioner of Insurance,,Democrat,Janice Laws Robinson,6019
Thomas,,State School Superintendent,,Republican,Richard Woods (I),11043
Thomas,,State School Superintendent,,Democrat,Alisha Thomas Searcy,6059
Thomas,,Commissioner of Labor,,Republican,Bruce Thompson,10794
Thomas,,Commissioner of Labor,,Democrat,"William """"Will"""" Boddie, Jr",5986
Thomas,,Commissioner of Labor,,,Emily Anderson (L),280
Tift,,U.S. Senate,,Republican,Herschel Junior Walker,8921
Tift,,U.S. Senate,,Democrat,Raphael Warnock (I),3878
Tift,,U.S. Senate,,,Chase Oliver (L),176
Tift,,Governor,,Republican,Brian Kemp (I),9418
Tift,,Governor,,Democrat,Stacey Abrams,3546
Tift,,Governor,,,Shane Hazel (L),80
Tift,,Lieutenant Governor,,Republican,Burt Jones,9203
Tift,,Lieutenant Governor,,Democrat,Charlie Bailey,3462
Tift,,Lieutenant Governor,,,Ryan Graham (L),172
Tift,,Secretary of State,,Republican,Brad Raffensperger (I),9192
Tift,,Secretary of State,,Democrat,Bee Nguyen,3284
Tift,,Secretary of State,,,Ted Metz (L),340
Tift,,Attorney General,,Republican,Chris Carr (I),9201
Tift,,Attorney General,,Democrat,"Jennifer """"Jen"""" Jordan",3575
Tift,,Attorney General,,,Martin Cowen (L),121
Tift,,Commissioner of Agriculture,,Republican,Tyler Harper,9421
Tift,,Commissioner of Agriculture,,Democrat,Nakita Hemingway,3299
Tift,,Commissioner of Agriculture,,,David Raudabaugh (L),168
Tift,,Commissioner of Insurance,,Republican,John King (I),9344
Tift,,Commissioner of Insurance,,Democrat,Janice Laws Robinson,3497
Tift,,State School Superintendent,,Republican,Richard Woods (I),9457
Tift,,State School Superintendent,,Democrat,Alisha Thomas Searcy,3443
Tift,,Commissioner of Labor,,Republican,Bruce Thompson,9205
Tift,,Commissioner of Labor,,Democrat,"William """"Will"""" Boddie, Jr",3431
Tift,,Commissioner of Labor,,,Emily Anderson (L),215
Toombs,,U.S. Senate,,Republican,Herschel Junior Walker,6298
Toombs,,U.S. Senate,,Democrat,Raphael Warnock (I),2062
Toombs,,U.S. Senate,,Libertarian,Chase Oliver,100
Toombs,,Governor,,Republican,Brian Kemp (I),6522
Toombs,,Governor,,Democrat,Stacey Abrams,1920
Toombs,,Governor,,Libertarian,Shane Hazel,44
Toombs,,Lieutenant Governor,,Republican,Burt Jones,6376
Toombs,,Lieutenant Governor,,Democrat,Charlie Bailey,1853
Toombs,,Lieutenant Governor,,Libertarian,Ryan Graham,118
Toombs,,Secretary of State,,Republican,Brad Raffensperger (I),6346
Toombs,,Secretary of State,,Democrat,Bee Nguyen,1764
Toombs,,Secretary of State,,Libertarian,Ted Metz,212
Toombs,,Attorney General,,Republican,Chris Carr (I),6372
Toombs,,Attorney General,,Democrat,"Jennifer """"Jen"""" Jordan",1922
Toombs,,Attorney General,,Libertarian,Martin Cowen,91
Toombs,,Commissioner of Agriculture,,Republican,Tyler Harper,6434
Toombs,,Commissioner of Agriculture,,Democrat,Nakita Hemingway,1807
Toombs,,Commissioner of Agriculture,,Libertarian,David Raudabaugh,129
Toombs,,Commissioner of Insurance,,Republican,John King (I),6473
Toombs,,Commissioner of Insurance,,Democrat,Janice Laws Robinson,1866
Toombs,,State School Superintendent,,Republican,Richard Woods (I),6493
Toombs,,State School Superintendent,,Democrat,Alisha Thomas Searcy,1868
Toombs,,Commissioner of Labor,,Republican,Bruce Thompson,6410
Toombs,,Commissioner of Labor,,Democrat,"William """"Will"""" Boddie, Jr",1849
Toombs,,Commissioner of Labor,,Libertarian,Emily Anderson,107
Towns,,U.S. Senate,,Republican,Herschel Junior Walker,5568
Towns,,U.S. Senate,,Democrat,Raphael Warnock (I),1362
Towns,,U.S. Senate,,Libertarian,Chase Oliver,179
Towns,,Governor,,Republican,Brian Kemp (I),6066
Towns,,Governor,,Democrat,Stacey Abrams,1052
Towns,,Governor,,Libertarian,Shane Hazel,62
Towns,,Lieutenant Governor,,Republican,Burt Jones,5820
Towns,,Lieutenant Governor,,Democrat,Charlie Bailey,1197
Towns,,Lieutenant Governor,,Libertarian,Ryan Graham,104
Towns,,Secretary of State,,Republican,Brad Raffensperger (I),5788
Towns,,Secretary of State,,Democrat,Bee Nguyen,1061
Towns,,Secretary of State,,Libertarian,Ted Metz,240
Towns,,Attorney General,,Republican,Chris Carr (I),5849
Towns,,Attorney General,,Democrat,"Jennifer """"Jen"""" Jordan",1190
Towns,,Attorney General,,Libertarian,Martin Cowen,87
Towns,,Commissioner of Agriculture,,Republican,Tyler Harper,5931
Towns,,Commissioner of Agriculture,,Democrat,Nakita Hemingway,1066
Towns,,Commissioner of Agriculture,,Libertarian,David Raudabaugh,124
Towns,,Commissioner of Insurance,,Republican,John King (I),5955
Towns,,Commissioner of Insurance,,Democrat,Janice Laws Robinson,1139
Towns,,State School Superintendent,,Republican,Richard Woods (I),5989
Towns,,State School Superintendent,,Democrat,Alisha Thomas Searcy,1112
Towns,,Commissioner of Labor,,Republican,Bruce Thompson,5850
Towns,,Commissioner of Labor,,Democrat,"William """"Will"""" Boddie, Jr",1130
Towns,,Commissioner of Labor,,Libertarian,Emily Anderson,126
Treutlen,,U.S. Senate,,Republican,Herschel Junior Walker,1721
Treutlen,,U.S. Senate,,Democrat,Raphael Warnock (I),711
Treutlen,,U.S. Senate,,Libertarian,Chase Oliver,12
Treutlen,,Governor,,Republican,Brian Kemp (I),1764
Treutlen,,Governor,,Democrat,Stacey Abrams,677
Treutlen,,Governor,,Libertarian,Shane Hazel,8
Treutlen,,Lieutenant Governor,,Republican,Burt Jones,1726
Treutlen,,Lieutenant Governor,,Democrat,Charlie Bailey,628
Treutlen,,Lieutenant Governor,,Libertarian,Ryan Graham,24
Treutlen,,Secretary of State,,Republican,Brad Raffensperger (I),1704
Treutlen,,Secretary of State,,Democrat,Bee Nguyen,596
Treutlen,,Secretary of State,,Libertarian,Ted Metz,50
Treutlen,,Attorney General,,Republican,Chris Carr (I),1712
Treutlen,,Attorney General,,Democrat,"Jennifer """"Jen"""" Jordan",667
Treutlen,,Attorney General,,Libertarian,Martin Cowen,14
Treutlen,,Commissioner of Agriculture,,Republican,Tyler Harper,1727
Treutlen,,Commissioner of Agriculture,,Democrat,Nakita Hemingway,632
Treutlen,,Commissioner of Agriculture,,Libertarian,David Raudabaugh,28
Treutlen,,Commissioner of Insurance,,Republican,John King (I),1735
Treutlen,,Commissioner of Insurance,,Democrat,Janice Laws Robinson,646
Treutlen,,State School Superintendent,,Republican,Richard Woods (I),1722
Treutlen,,State School Superintendent,,Democrat,Alisha Thomas Searcy,660
Treutlen,,Commissioner of Labor,,Republican,Bruce Thompson,1716
Treutlen,,Commissioner of Labor,,Democrat,"William """"Will"""" Boddie, Jr",649
Treutlen,,Commissioner of Labor,,Libertarian,Emily Anderson,25
Troup,,U.S. Senate,,Republican,Herschel Junior Walker,13937
Troup,,U.S. Senate,,Democrat,Raphael Warnock (I),8806
Troup,,U.S. Senate,,Libertarian,Chase Oliver,426
Troup,,Governor,,Republican,Brian Kemp (I),14864
Troup,,Governor,,Democrat,Stacey Abrams,8262
Troup,,Governor,,Libertarian,Shane Hazel,130
Troup,,Lieutenant Governor,,Republican,Burt Jones,14402
Troup,,Lieutenant Governor,,Democrat,Charlie Bailey,8196
Troup,,Lieutenant Governor,,Libertarian,Ryan Graham,383
Troup,,Secretary of State,,Republican,Brad Raffensperger (I),14583
Troup,,Secretary of State,,Democrat,Bee Nguyen,7746
Troup,,Secretary of State,,Libertarian,Ted Metz,599
Troup,,Attorney General,,Republican,Chris Carr (I),14557
Troup,,Attorney General,,Democrat,"Jennifer """"Jen"""" Jordan",8242
Troup,,Attorney General,,Libertarian,Martin Cowen,258
Troup,,Commissioner of Agriculture,,Republican,Tyler Harper,14748
Troup,,Commissioner of Agriculture,,Democrat,Nakita Hemingway,7870
Troup,,Commissioner of Agriculture,,Libertarian,David Raudabaugh,397
Troup,,Commissioner of Insurance,,Republican,John King (I),14859
Troup,,Commissioner of Insurance,,Democrat,Janice Laws Robinson,8103
Troup,,State School Superintendent,,Republican,Richard Woods (I),14946
Troup,,State School Superintendent,,Democrat,Alisha Thomas Searcy,8053
Troup,,Commissioner of Labor,,Republican,Bruce Thompson,14551
Troup,,Commissioner of Labor,,Democrat,"William """"Will"""" Boddie, Jr",8021
Troup,,Commissioner of Labor,,Libertarian,Emily Anderson,437
Turner,,U.S. Senate,,Republican,Herschel Junior Walker,1892
Turner,,U.S. Senate,,Democrat,Raphael Warnock (I),1152
Turner,,U.S. Senate,,,Chase Oliver (L),42
Turner,,Governor,,Republican,Brian Kemp (I),1994
Turner,,Governor,,Democrat,Stacey Abrams,1083
Turner,,Governor,,,Shane Hazel (L),22
Turner,,Lieutenant Governor,,Republican,Burt Jones,1954
Turner,,Lieutenant Governor,,Democrat,Charlie Bailey,1017
Turner,,Lieutenant Governor,,,Ryan Graham (L),53
Turner,,Secretary of State,,Republican,Brad Raffensperger (I),1947
Turner,,Secretary of State,,Democrat,Bee Nguyen,978
Turner,,Secretary of State,,,Ted Metz (L),94
Turner,,Attorney General,,Republican,Chris Carr (I),1952
Turner,,Attorney General,,Democrat,"Jennifer """"Jen"""" Jordan",1044
Turner,,Attorney General,,,Martin Cowen (L),33
Turner,,Commissioner of Agriculture,,Republican,Tyler Harper,1987
Turner,,Commissioner of Agriculture,,Democrat,Nakita Hemingway,1000
Turner,,Commissioner of Agriculture,,,David Raudabaugh (L),44
Turner,,Commissioner of Insurance,,Republican,John King (I),1985
Turner,,Commissioner of Insurance,,Democrat,Janice Laws Robinson,1030
Turner,,State School Superintendent,,Republican,Richard Woods (I),2016
Turner,,State School Superintendent,,Democrat,Alisha Thomas Searcy,1004
Turner,,Commissioner of Labor,,Republican,Bruce Thompson,1956
Turner,,Commissioner of Labor,,Democrat,"William """"Will"""" Boddie, Jr",1014
Turner,,Commissioner of Labor,,,Emily Anderson (L),49
Twiggs,,U.S. Senate,,Republican,Herschel Junior Walker,1886
Twiggs,,U.S. Senate,,Democrat,Raphael Warnock (I),1601
Twiggs,,U.S. Senate,,Libertarian,Chase Oliver,45
Twiggs,,Governor,,Republican,Brian Kemp (I),1980
Twiggs,,Governor,,Democrat,Stacey Abrams,1542
Twiggs,,Governor,,Libertarian,Shane Hazel,18
Twiggs,,Lieutenant Governor,,Republican,Burt Jones,1923
Twiggs,,Lieutenant Governor,,Democrat,Charlie Bailey,1493
Twiggs,,Lieutenant Governor,,Libertarian,Ryan Graham,49
Twiggs,,Secretary of State,,Republican,Brad Raffensperger (I),1872
Twiggs,,Secretary of State,,Democrat,Bee Nguyen,1483
Twiggs,,Secretary of State,,Libertarian,Ted Metz,102
Twiggs,,Attorney General,,Republican,Chris Carr (I),1898
Twiggs,,Attorney General,,Democrat,"Jennifer """"Jen"""" Jordan",1541
Twiggs,,Attorney General,,Libertarian,Martin Cowen,42
Twiggs,,Commissioner of Agriculture,,Republican,Tyler Harper,1936
Twiggs,,Commissioner of Agriculture,,Democrat,Nakita Hemingway,1486
Twiggs,,Commissioner of Agriculture,,Libertarian,David Raudabaugh,56
Twiggs,,Commissioner of Insurance,,Republican,John King (I),1945
Twiggs,,Commissioner of Insurance,,Democrat,Janice Laws Robinson,1526
Twiggs,,State School Superintendent,,Republican,Richard Woods (I),1960
Twiggs,,State School Superintendent,,Democrat,Alisha Thomas Searcy,1508
Twiggs,,Commissioner of Labor,,Republican,Bruce Thompson,1912
Twiggs,,Commissioner of Labor,,Democrat,"William """"Will"""" Boddie, Jr",1507
Twiggs,,Commissioner of Labor,,Libertarian,Emily Anderson,54
Union,,U.S. Senate,,Republican,Herschel Junior Walker,11186
Union,,U.S. Senate,,Democrat,Raphael Warnock (I),2621
Union,,U.S. Senate,,Libertarian,Chase Oliver,378
Union,,Governor,,Republican,Brian Kemp (I),12123
Union,,Governor,,Democrat,Stacey Abrams,2070
Union,,Governor,,Libertarian,Shane Hazel,119
Union,,Lieutenant Governor,,Republican,Burt Jones,11646
Union,,Lieutenant Governor,,Democrat,Charlie Bailey,2335
Union,,Lieutenant Governor,,Libertarian,Ryan Graham,222
Union,,Secretary of State,,Republican,Brad Raffensperger (I),11597
Union,,Secretary of State,,Democrat,Bee Nguyen,2021
Union,,Secretary of State,,Libertarian,Ted Metz,526
Union,,Attorney General,,Republican,Chris Carr (I),11740
Union,,Attorney General,,Democrat,"Jennifer """"Jen"""" Jordan",2324
Union,,Attorney General,,Libertarian,Martin Cowen,154
Union,,Commissioner of Agriculture,,Republican,Tyler Harper,11876
Union,,Commissioner of Agriculture,,Democrat,Nakita Hemingway,2029
Union,,Commissioner of Agriculture,,Libertarian,David Raudabaugh,264
Union,,Commissioner of Insurance,,Republican,John King (I),11940
Union,,Commissioner of Insurance,,Democrat,Janice Laws Robinson,2187
Union,,State School Superintendent,,Republican,Richard Woods (I),12010
Union,,State School Superintendent,,Democrat,Alisha Thomas Searcy,2139
Union,,Commissioner of Labor,,Republican,Bruce Thompson,11701
Union,,Commissioner of Labor,,Democrat,"William """"Will"""" Boddie, Jr",2157
Union,,Commissioner of Labor,,Libertarian,Emily Anderson,255
Upson,,U.S. Senate,,Republican,Herschel Junior Walker,6685
Upson,,U.S. Senate,,Democrat,Raphael Warnock (I),3173
Upson,,U.S. Senate,,Libertarian,Chase Oliver,206
Upson,,Governor,,Republican,Brian Kemp (I),7096
Upson,,Governor,,Democrat,Stacey Abrams,2969
Upson,,Governor,,Libertarian,Shane Hazel,70
Upson,,Lieutenant Governor,,Republican,Burt Jones,6933
Upson,,Lieutenant Governor,,Democrat,Charlie Bailey,2889
Upson,,Lieutenant Governor,,Libertarian,Ryan Graham,155
Upson,,Secretary of State,,Republican,Brad Raffensperger (I),6884
Upson,,Secretary of State,,Democrat,Bee Nguyen,2766
Upson,,Secretary of State,,Libertarian,Ted Metz,307
Upson,,Attorney General,,Republican,Chris Carr (I),6941
Upson,,Attorney General,,Democrat,"Jennifer """"Jen"""" Jordan",2950
Upson,,Attorney General,,Libertarian,Martin Cowen,116
Upson,,Commissioner of Agriculture,,Republican,Tyler Harper,7028
Upson,,Commissioner of Agriculture,,Democrat,Nakita Hemingway,2821
Upson,,Commissioner of Agriculture,,Libertarian,David Raudabaugh,155
Upson,,Commissioner of Insurance,,Republican,John King (I),7040
Upson,,Commissioner of Insurance,,Democrat,Janice Laws Robinson,2922
Upson,,State School Superintendent,,Republican,Richard Woods (I),7053
Upson,,State School Superintendent,,Democrat,Alisha Thomas Searcy,2962
Upson,,Commissioner of Labor,,Republican,Bruce Thompson,6933
Upson,,Commissioner of Labor,,Democrat,"William """"Will"""" Boddie, Jr",2883
Upson,,Commissioner of Labor,,Libertarian,Emily Anderson,170
Walker,,U.S. Senate,,Republican,Herschel Junior Walker,17064
Walker,,U.S. Senate,,Democrat,Raphael Warnock (I),4377
Walker,,U.S. Senate,,Libertarian,Chase Oliver,531
Walker,,Governor,,Republican,Brian Kemp (I),18414
Walker,,Governor,,Democrat,Stacey Abrams,3505
Walker,,Governor,,Libertarian,Shane Hazel,198
Walker,,Lieutenant Governor,,Republican,Burt Jones,17609
Walker,,Lieutenant Governor,,Democrat,Charlie Bailey,3812
Walker,,Lieutenant Governor,,Libertarian,Ryan Graham,446
Walker,,Secretary of State,,Republican,Brad Raffensperger (I),17838
Walker,,Secretary of State,,Democrat,Bee Nguyen,3197
Walker,,Secretary of State,,Libertarian,Ted Metz,777
Walker,,Attorney General,,Republican,Chris Carr (I),17706
Walker,,Attorney General,,Democrat,"Jennifer """"Jen"""" Jordan",3866
Walker,,Attorney General,,Libertarian,Martin Cowen,341
Walker,,Commissioner of Agriculture,,Republican,Tyler Harper,17826
Walker,,Commissioner of Agriculture,,Democrat,Nakita Hemingway,3600
Walker,,Commissioner of Agriculture,,Libertarian,David Raudabaugh,447
Walker,,Commissioner of Insurance,,Republican,John King (I),18039
Walker,,Commissioner of Insurance,,Democrat,Janice Laws Robinson,3740
Walker,,State School Superintendent,,Republican,Richard Woods (I),18085
Walker,,State School Superintendent,,Democrat,Alisha Thomas Searcy,3757
Walker,,Commissioner of Labor,,Republican,Bruce Thompson,17666
Walker,,Commissioner of Labor,,Democrat,"William """"Will"""" Boddie, Jr",3697
Walker,,Commissioner of Labor,,Libertarian,Emily Anderson,462
Walton,,U.S. Senate,,Republican,Herschel Junior Walker,30553
Walton,,U.S. Senate,,Democrat,Raphael Warnock (I),10702
Walton,,U.S. Senate,,Libertarian,Chase Oliver,1004
Walton,,Governor,,Republican,Brian Kemp (I),32567
Walton,,Governor,,Democrat,Stacey Abrams,9573
Walton,,Governor,,Libertarian,Shane Hazel,312
Walton,,Lieutenant Governor,,Republican,Burt Jones,31548
Walton,,Lieutenant Governor,,Democrat,Charlie Bailey,9761
Walton,,Lieutenant Governor,,Libertarian,Ryan Graham,823
Walton,,Secretary of State,,Republican,Brad Raffensperger (I),31332
Walton,,Secretary of State,,Democrat,Bee Nguyen,9208
Walton,,Secretary of State,,Libertarian,Ted Metz,1472
Walton,,Attorney General,,Republican,Chris Carr (I),31648
Walton,,Attorney General,,Democrat,"Jennifer """"Jen"""" Jordan",9912
Walton,,Attorney General,,Libertarian,Martin Cowen,625
Walton,,Commissioner of Agriculture,,Republican,Tyler Harper,32034
Walton,,Commissioner of Agriculture,,Democrat,Nakita Hemingway,9212
Walton,,Commissioner of Agriculture,,Libertarian,David Raudabaugh,855
Walton,,Commissioner of Insurance,,Republican,John King (I),32401
Walton,,Commissioner of Insurance,,Democrat,Janice Laws Robinson,9616
Walton,,State School Superintendent,,Republican,Richard Woods (I),32483
Walton,,State School Superintendent,,Democrat,Alisha Thomas Searcy,9580
Walton,,Commissioner of Labor,,Republican,Bruce Thompson,31751
Walton,,Commissioner of Labor,,Democrat,"William """"Will"""" Boddie, Jr",9345
Walton,,Commissioner of Labor,,Libertarian,Emily Anderson,980
Ware,,U.S. Senate,,Republican,Herschel Junior Walker,7567
Ware,,U.S. Senate,,Democrat,Raphael Warnock (I),2976
Ware,,U.S. Senate,,,Chase Oliver (L),161
Ware,,Governor,,Republican,Brian Kemp (I),7855
Ware,,Governor,,Democrat,Stacey Abrams,2828
Ware,,Governor,,,Shane Hazel (L),69
Ware,,Lieutenant Governor,,Republican,Burt Jones,7657
Ware,,Lieutenant Governor,,Democrat,Charlie Bailey,2792
Ware,,Lieutenant Governor,,,Ryan Graham (L),162
Ware,,Secretary of State,,Republican,Brad Raffensperger (I),7633
Ware,,Secretary of State,,Democrat,Bee Nguyen,2625
Ware,,Secretary of State,,,Ted Metz (L),314
Ware,,Attorney General,,Republican,Chris Carr (I),7691
Ware,,Attorney General,,Democrat,"Jennifer """"Jen"""" Jordan",2827
Ware,,Attorney General,,,Martin Cowen (L),132
Ware,,Commissioner of Agriculture,,Republican,Tyler Harper,7821
Ware,,Commissioner of Agriculture,,Democrat,Nakita Hemingway,2709
Ware,,Commissioner of Agriculture,,,David Raudabaugh (L),136
Ware,,Commissioner of Insurance,,Republican,John King (I),7789
Ware,,Commissioner of Insurance,,Democrat,Janice Laws Robinson,2834
Ware,,State School Superintendent,,Republican,Richard Woods (I),7832
Ware,,State School Superintendent,,Democrat,Alisha Thomas Searcy,2799
Ware,,Commissioner of Labor,,Republican,Bruce Thompson,7656
Ware,,Commissioner of Labor,,Democrat,"William """"Will"""" Boddie, Jr",2736
Ware,,Commissioner of Labor,,,Emily Anderson (L),252
Warren,,U.S. Senate,,Republican,Herschel Junior Walker,1007
Warren,,U.S. Senate,,Democrat,Raphael Warnock (I),1117
Warren,,U.S. Senate,,Libertarian,Chase Oliver,25
Warren,,Governor,,Republican,Brian Kemp (I),1063
Warren,,Governor,,Democrat,Stacey Abrams,1081
Warren,,Governor,,Libertarian,Shane Hazel,13
Warren,,Lieutenant Governor,,Republican,Burt Jones,1044
Warren,,Lieutenant Governor,,Democrat,Charlie Bailey,1026
Warren,,Lieutenant Governor,,Libertarian,Ryan Graham,41
Warren,,Secretary of State,,Republican,Brad Raffensperger (I),1045
Warren,,Secretary of State,,Democrat,Bee Nguyen,1008
Warren,,Secretary of State,,Libertarian,Ted Metz,60
Warren,,Attorney General,,Republican,Chris Carr (I),1030
Warren,,Attorney General,,Democrat,"Jennifer """"Jen"""" Jordan",1061
Warren,,Attorney General,,Libertarian,Martin Cowen,25
Warren,,Commissioner of Agriculture,,Republican,Tyler Harper,1031
Warren,,Commissioner of Agriculture,,Democrat,Nakita Hemingway,1051
Warren,,Commissioner of Agriculture,,Libertarian,David Raudabaugh,31
Warren,,Commissioner of Insurance,,Republican,John King (I),1046
Warren,,Commissioner of Insurance,,Democrat,Janice Laws Robinson,1054
Warren,,State School Superintendent,,Republican,Richard Woods (I),1061
Warren,,State School Superintendent,,Democrat,Alisha Thomas Searcy,1051
Warren,,Commissioner of Labor,,Republican,Bruce Thompson,1049
Warren,,Commissioner of Labor,,Democrat,"William """"Will"""" Boddie, Jr",1033
Warren,,Commissioner of Labor,,Libertarian,Emily Anderson,30
Washington,,U.S. Senate,,Republican,Herschel Junior Walker,3904
Washington,,U.S. Senate,,Democrat,Raphael Warnock (I),3793
Washington,,U.S. Senate,,Libertarian,Chase Oliver,66
Washington,,Governor,,Republican,Brian Kemp (I),4098
Washington,,Governor,,Democrat,Stacey Abrams,3665
Washington,,Governor,,Libertarian,Shane Hazel,31
Washington,,Lieutenant Governor,,Republican,Burt Jones,3982
Washington,,Lieutenant Governor,,Democrat,Charlie Bailey,3493
Washington,,Lieutenant Governor,,Libertarian,Ryan Graham,87
Washington,,Secretary of State,,Republican,Brad Raffensperger (I),4011
Washington,,Secretary of State,,Democrat,Bee Nguyen,3404
Washington,,Secretary of State,,Libertarian,Ted Metz,138
Washington,,Attorney General,,Republican,Chris Carr (I),3945
Washington,,Attorney General,,Democrat,"Jennifer """"Jen"""" Jordan",3603
Washington,,Attorney General,,Libertarian,Martin Cowen,58
Washington,,Commissioner of Agriculture,,Republican,Tyler Harper,3983
Washington,,Commissioner of Agriculture,,Democrat,Nakita Hemingway,3504
Washington,,Commissioner of Agriculture,,Libertarian,David Raudabaugh,94
Washington,,Commissioner of Insurance,,Republican,John King (I),4008
Washington,,Commissioner of Insurance,,Democrat,Janice Laws Robinson,3562
Washington,,State School Superintendent,,Republican,Richard Woods (I),4007
Washington,,State School Superintendent,,Democrat,Alisha Thomas Searcy,3580
Washington,,Commissioner of Labor,,Republican,Bruce Thompson,3913
Washington,,Commissioner of Labor,,Democrat,"William """"Will"""" Boddie, Jr",3549
Washington,,Commissioner of Labor,,Libertarian,Emily Anderson,93
Wayne,,U.S. Senate,,Republican,Herschel Junior Walker,7838
Wayne,,U.S. Senate,,Democrat,Raphael Warnock (I),2014
Wayne,,U.S. Senate,,Libertarian,Chase Oliver,136
Wayne,,Governor,,Republican,Brian Kemp (I),8170
Wayne,,Governor,,Democrat,Stacey Abrams,1796
Wayne,,Governor,,Libertarian,Shane Hazel,59
Wayne,,Lieutenant Governor,,Republican,Burt Jones,7973
Wayne,,Lieutenant Governor,,Democrat,Charlie Bailey,1810
Wayne,,Lieutenant Governor,,Libertarian,Ryan Graham,146
Wayne,,Secretary of State,,Republican,Brad Raffensperger (I),7890
Wayne,,Secretary of State,,Democrat,Bee Nguyen,1707
Wayne,,Secretary of State,,Libertarian,Ted Metz,282
Wayne,,Attorney General,,Republican,Chris Carr (I),7983
Wayne,,Attorney General,,Democrat,"Jennifer """"Jen"""" Jordan",1870
Wayne,,Attorney General,,Libertarian,Martin Cowen,98
Wayne,,Commissioner of Agriculture,,Republican,Tyler Harper,8042
Wayne,,Commissioner of Agriculture,,Democrat,Nakita Hemingway,1769
Wayne,,Commissioner of Agriculture,,Libertarian,David Raudabaugh,133
Wayne,,Commissioner of Insurance,,Republican,John King (I),8102
Wayne,,Commissioner of Insurance,,Democrat,Janice Laws Robinson,1828
Wayne,,State School Superintendent,,Republican,Richard Woods (I),8128
Wayne,,State School Superintendent,,Democrat,Alisha Thomas Searcy,1815
Wayne,,Commissioner of Labor,,Republican,Bruce Thompson,7962
Wayne,,Commissioner of Labor,,Democrat,"William """"Will"""" Boddie, Jr.",1811
Wayne,,Commissioner of Labor,,Libertarian,Emily Anderson,154
Webster,,U.S. Senate,,Republican,Herschel Junior Walker,676
Webster,,U.S. Senate,,Democrat,Raphael Warnock (I),442
Webster,,U.S. Senate,,Libertarian,Chase Oliver,7
Webster,,Governor,,Republican,Brian Kemp (I),708
Webster,,Governor,,Democrat,Stacey Abrams,425
Webster,,Governor,,Libertarian,Shane Hazel,3
Webster,,Lieutenant Governor,,Republican,Burt Jones,678
Webster,,Lieutenant Governor,,Democrat,Charlie Bailey,401
Webster,,Lieutenant Governor,,Libertarian,Ryan Graham,8
Webster,,Secretary of State,,Republican,Brad Raffensperger (I),683
Webster,,Secretary of State,,Democrat,Bee Nguyen,381
Webster,,Secretary of State,,Libertarian,Ted Metz,27
Webster,,Attorney General,,Republican,Chris Carr (I),687
Webster,,Attorney General,,Democrat,"Jennifer """"Jen"""" Jordan",408
Webster,,Attorney General,,Libertarian,Martin Cowen,6
Webster,,Commissioner of Agriculture,,Republican,Tyler Harper,691
Webster,,Commissioner of Agriculture,,Democrat,Nakita Hemingway,395
Webster,,Commissioner of Agriculture,,Libertarian,David Raudabaugh,10
Webster,,Commissioner of Insurance,,Republican,John King (I),695
Webster,,Commissioner of Insurance,,Democrat,Janice Laws Robinson,402
Webster,,State School Superintendent,,Republican,Richard Woods (I),703
Webster,,State School Superintendent,,Democrat,Alisha Thomas Searcy,394
Webster,,Commissioner of Labor,,Republican,Bruce Thompson,688
Webster,,Commissioner of Labor,,Democrat,"William """"Will"""" Boddie, Jr",401
Webster,,Commissioner of Labor,,Libertarian,Emily Anderson,5
Wheeler,,U.S. Senate,,Republican,Herschel Junior Walker,1266
Wheeler,,U.S. Senate,,Democrat,Raphael Warnock (I),534
Wheeler,,U.S. Senate,,Libertarian,Chase Oliver,17
Wheeler,,Governor,,Republican,Brian Kemp (I),1318
Wheeler,,Governor,,Democrat,Stacey Abrams,501
Wheeler,,Governor,,Libertarian,Shane Hazel,7
Wheeler,,Lieutenant Governor,,Republican,Burt Jones,1285
Wheeler,,Lieutenant Governor,,Democrat,Charlie Bailey,490
Wheeler,,Lieutenant Governor,,Libertarian,Ryan Graham,27
Wheeler,,Secretary of State,,Republican,Brad Raffensperger (I),1272
Wheeler,,Secretary of State,,Democrat,Bee Nguyen,479
Wheeler,,Secretary of State,,Libertarian,Ted Metz,47
Wheeler,,Attorney General,,Republican,Chris Carr (I),1294
Wheeler,,Attorney General,,Democrat,"Jennifer """"Jen"""" Jordan",485
Wheeler,,Attorney General,,Libertarian,Martin Cowen,18
Wheeler,,Commissioner of Agriculture,,Republican,Tyler Harper,1306
Wheeler,,Commissioner of Agriculture,,Democrat,Nakita Hemingway,474
Wheeler,,Commissioner of Agriculture,,Libertarian,David Raudabaugh,24
Wheeler,,Commissioner of Insurance,,Republican,John King (I),1315
Wheeler,,Commissioner of Insurance,,Democrat,Janice Laws Robinson,482
Wheeler,,State School Superintendent,,Republican,Richard Woods (I),1312
Wheeler,,State School Superintendent,,Democrat,Alisha Thomas Searcy,483
Wheeler,,Commissioner of Labor,,Republican,Bruce Thompson,1296
Wheeler,,Commissioner of Labor,,Democrat,"William """"Will"""" Boddie, Jr",490
Wheeler,,Commissioner of Labor,,Libertarian,Emily Anderson,19
White,,U.S. Senate,,Republican,Herschel Junior Walker,10249
White,,U.S. Senate,,Democrat,Raphael Warnock (I),2063
White,,U.S. Senate,,Libertarian,Chase Oliver,348
White,,Governor,,Republican,Brian Kemp (I),10999
White,,Governor,,Democrat,Stacey Abrams,1618
White,,Governor,,Libertarian,Shane Hazel,113
White,,Lieutenant Governor,,Republican,Burt Jones,10587
White,,Lieutenant Governor,,Democrat,Charlie Bailey,1829
White,,Lieutenant Governor,,Libertarian,Ryan Graham,259
White,,Secretary of State,,Republican,Brad Raffensperger (I),10434
White,,Secretary of State,,Democrat,Bee Nguyen,1589
White,,Secretary of State,,Libertarian,Ted Metz,574
White,,Attorney General,,Republican,Chris Carr (I),10621
White,,Attorney General,,Democrat,"Jennifer """"Jen"""" Jordan",1836
White,,Attorney General,,Libertarian,Martin Cowen,202
White,,Commissioner of Agriculture,,Republican,Tyler Harper,10770
White,,Commissioner of Agriculture,,Democrat,Nakita Hemingway,1605
White,,Commissioner of Agriculture,,Libertarian,David Raudabaugh,283
White,,Commissioner of Insurance,,Republican,John King (I),10882
White,,Commissioner of Insurance,,Democrat,Janice Laws Robinson,1727
White,,State School Superintendent,,Republican,Richard Woods (I),10903
White,,State School Superintendent,,Democrat,Alisha Thomas Searcy,1740
White,,Commissioner of Labor,,Republican,Bruce Thompson,10641
White,,Commissioner of Labor,,Democrat,"William """"Will"""" Boddie, Jr",1677
White,,Commissioner of Labor,,Libertarian,Emily Anderson,315
Whitfield,,U.S. Senate,,Republican,Herschel Junior Walker,19387
Whitfield,,U.S. Senate,,Democrat,Raphael Warnock (I),6904
Whitfield,,U.S. Senate,,Libertarian,Chase Oliver,597
Whitfield,,Governor,,Republican,Brian Kemp (I),20919
Whitfield,,Governor,,Democrat,Stacey Abrams,5874
Whitfield,,Governor,,Libertarian,Shane Hazel,221
Whitfield,,Lieutenant Governor,,Republican,Burt Jones,19983
Whitfield,,Lieutenant Governor,,Democrat,Charlie Bailey,6130
Whitfield,,Lieutenant Governor,,Libertarian,Ryan Graham,532
Whitfield,,Secretary of State,,Republican,Brad Raffensperger (I),20301
Whitfield,,Secretary of State,,Democrat,Bee Nguyen,5458
Whitfield,,Secretary of State,,Libertarian,Ted Metz,832
Whitfield,,Attorney General,,Republican,Chris Carr (I),20159
Whitfield,,Attorney General,,Democrat,"Jennifer """"Jen"""" Jordan",6139
Whitfield,,Attorney General,,Libertarian,Martin Cowen,392
Whitfield,,Commissioner of Agriculture,,Republican,Tyler Harper,20313
Whitfield,,Commissioner of Agriculture,,Democrat,Nakita Hemingway,5793
Whitfield,,Commissioner of Agriculture,,Libertarian,David Raudabaugh,514
Whitfield,,Commissioner of Insurance,,Republican,John King (I),20596
Whitfield,,Commissioner of Insurance,,Democrat,Janice Laws Robinson,5965
Whitfield,,State School Superintendent,,Republican,Richard Woods (I),20640
Whitfield,,State School Superintendent,,Democrat,Alisha Thomas Searcy,5979
Whitfield,,Commissioner of Labor,,Republican,Bruce Thompson,20128
Whitfield,,Commissioner of Labor,,Democrat,"William """"Will"""" Boddie, Jr",5891
Whitfield,,Commissioner of Labor,,Libertarian,Emily Anderson,552
Wilcox,,U.S. Senate,,Republican,Herschel Junior Walker,1947
Wilcox,,U.S. Senate,,Democrat,Raphael Warnock (I),644
Wilcox,,U.S. Senate,,Libertarian,Chase Oliver,22
Wilcox,,Governor,,Republican,Brian Kemp (I),1998
Wilcox,,Governor,,Democrat,Stacey Abrams,613
Wilcox,,Governor,,Libertarian,Shane Hazel,10
Wilcox,,Lieutenant Governor,,Republican,Burt Jones,1970
Wilcox,,Lieutenant Governor,,Democrat,Charlie Bailey,573
Wilcox,,Lieutenant Governor,,Libertarian,Ryan Graham,31
Wilcox,,Secretary of State,,Republican,Brad Raffensperger (I),1925
Wilcox,,Secretary of State,,Democrat,Bee Nguyen,558
Wilcox,,Secretary of State,,Libertarian,Ted Metz,69
Wilcox,,Attorney General,,Republican,Chris Carr (I),1968
Wilcox,,Attorney General,,Democrat,"Jennifer """"Jen"""" Jordan",605
Wilcox,,Attorney General,,Libertarian,Martin Cowen,21
Wilcox,,Commissioner of Agriculture,,Republican,Tyler Harper,1984
Wilcox,,Commissioner of Agriculture,,Democrat,Nakita Hemingway,576
Wilcox,,Commissioner of Agriculture,,Libertarian,David Raudabaugh,33
Wilcox,,Commissioner of Insurance,,Republican,John King (I),1979
Wilcox,,Commissioner of Insurance,,Democrat,Janice Laws Robinson,602
Wilcox,,State School Superintendent,,Republican,Richard Woods (I),1989
Wilcox,,State School Superintendent,,Democrat,Alisha Thomas Searcy,598
Wilcox,,Commissioner of Labor,,Republican,Bruce Thompson,1965
Wilcox,,Commissioner of Labor,,Democrat,"William """"Will"""" Boddie, Jr",592
Wilcox,,Commissioner of Labor,,Libertarian,Emily Anderson,37
Wilkes,,U.S. Senate,,Republican,Herschel Junior Walker,2402
Wilkes,,U.S. Senate,,Democrat,Raphael Warnock (I),1680
Wilkes,,U.S. Senate,,Libertarian,Chase Oliver,46
Wilkes,,Governor,,Republican,Brian Kemp (I),2545
Wilkes,,Governor,,Democrat,Stacey Abrams,1583
Wilkes,,Governor,,Libertarian,Shane Hazel,20
Wilkes,,Lieutenant Governor,,Republican,Burt Jones,2465
Wilkes,,Lieutenant Governor,,Democrat,Charlie Bailey,1537
Wilkes,,Lieutenant Governor,,Libertarian,Ryan Graham,52
Wilkes,,Secretary of State,,Republican,Brad Raffensperger (I),2449
Wilkes,,Secretary of State,,Democrat,Bee Nguyen,1474
Wilkes,,Secretary of State,,Libertarian,Ted Metz,109
Wilkes,,Attorney General,,Republican,Chris Carr (I),2448
Wilkes,,Attorney General,,Democrat,"Jennifer """"Jen"""" Jordan",1579
Wilkes,,Attorney General,,Libertarian,Martin Cowen,42
Wilkes,,Commissioner of Agriculture,,Republican,Tyler Harper,2476
Wilkes,,Commissioner of Agriculture,,Democrat,Nakita Hemingway,1504
Wilkes,,Commissioner of Agriculture,,Libertarian,David Raudabaugh,79
Wilkes,,Commissioner of Insurance,,Republican,John King (I),2512
Wilkes,,Commissioner of Insurance,,Democrat,Janice Laws Robinson,1537
Wilkes,,State School Superintendent,,Republican,Richard Woods (I),2545
Wilkes,,State School Superintendent,,Democrat,Alisha Thomas Searcy,1527
Wilkes,,Commissioner of Labor,,Republican,Bruce Thompson,2480
Wilkes,,Commissioner of Labor,,Democrat,"William """"Will"""" Boddie, Jr",1525
Wilkes,,Commissioner of Labor,,Libertarian,Emily Anderson,63
Wilkinson,,U.S. Senate,,Republican,Herschel Junior Walker,2272
Wilkinson,,U.S. Senate,,Democrat,Raphael Warnock (I),1728
Wilkinson,,U.S. Senate,,Libertarian,Chase Oliver,43
Wilkinson,,Governor,,Republican,Brian Kemp (I),2366
Wilkinson,,Governor,,Democrat,Stacey Abrams,1673
Wilkinson,,Governor,,Libertarian,Shane Hazel,17
Wilkinson,,Lieutenant Governor,,Republican,Burt Jones,2308
Wilkinson,,Lieutenant Governor,,Democrat,Charlie Bailey,1628
Wilkinson,,Lieutenant Governor,,Libertarian,Ryan Graham,42
Wilkinson,,Secretary of State,,Republican,Brad Raffensperger (I),2315
Wilkinson,,Secretary of State,,Democrat,Bee Nguyen,1569
Wilkinson,,Secretary of State,,Libertarian,Ted Metz,68
Wilkinson,,Attorney General,,Republican,Chris Carr (I),2313
Wilkinson,,Attorney General,,Democrat,"Jennifer """"Jen"""" Jordan",1644
Wilkinson,,Attorney General,,Libertarian,Martin Cowen,34
Wilkinson,,Commissioner of Agriculture,,Republican,Tyler Harper,2295
Wilkinson,,Commissioner of Agriculture,,Democrat,Nakita Hemingway,1629
Wilkinson,,Commissioner of Agriculture,,Libertarian,David Raudabaugh,63
Wilkinson,,Commissioner of Insurance,,Republican,John King (I),2337
Wilkinson,,Commissioner of Insurance,,Democrat,Janice Laws Robinson,1640
Wilkinson,,State School Superintendent,,Republican,Richard Woods (I),2352
Wilkinson,,State School Superintendent,,Democrat,Alisha Thomas Searcy,1639
Wilkinson,,Commissioner of Labor,,Republican,Bruce Thompson,2306
Wilkinson,,Commissioner of Labor,,Democrat,"William """"Will"""" Boddie, Jr",1623
Wilkinson,,Commissioner of Labor,,Libertarian,Emily Anderson,60
Worth,,U.S. Senate,,Republican,Herschel Junior Walker,5416
Worth,,U.S. Senate,,Democrat,Raphael Warnock (I),1842
Worth,,U.S. Senate,,,Chase Oliver (L),100
Worth,,Governor,,Republican,Brian Kemp (I),5649
Worth,,Governor,,Democrat,Stacey Abrams,1716
Worth,,Governor,,,Shane Hazel (L),30
Worth,,Lieutenant Governor,,Republican,Burt Jones,5531
Worth,,Lieutenant Governor,,Democrat,Charlie Bailey,1645
Worth,,Lieutenant Governor,,,Ryan Graham (L),82
Worth,,Secretary of State,,Republican,Brad Raffensperger (I),5486
Worth,,Secretary of State,,Democrat,Bee Nguyen,1602
Worth,,Secretary of State,,,Ted Metz (L),166
Worth,,Attorney General,,Republican,Chris Carr (I),5530
Worth,,Attorney General,,Democrat,"Jennifer """"Jen"""" Jordan",1713
Worth,,Attorney General,,,Martin Cowen (L),65
Worth,,Commissioner of Agriculture,,Republican,Tyler Harper,5589
Worth,,Commissioner of Agriculture,,Democrat,Nakita Hemingway,1635
Worth,,Commissioner of Agriculture,,,David Raudabaugh (L),83
Worth,,Commissioner of Insurance,,Republican,John King (I),5603
Worth,,Commissioner of Insurance,,Democrat,Janice Laws Robinson,1670
Worth,,State School Superintendent,,Republican,Richard Woods (I),5612
Worth,,State School Superintendent,,Democrat,Alisha Thomas Searcy,1676
Worth,,Commissioner of Labor,,Republican,Bruce Thompson,5547
Worth,,Commissioner of Labor,,Democrat,"William """"Will"""" Boddie, Jr",1655
Worth,,Commissioner of Labor,,,Emily Anderson (L),101
