county,precinct_id,boundary_name,source_name,method
COLUMBIA,131,Journey Community Church,Journey Comm Church,name
COLUMBIA,064,Grace Baptist Church,Grace Baptist Church,name
COLUMBIA,061,Greenbrier High,Greenbrier High,name
COLUMBIA,063,Riverview Church,Riverview Church,name
COLUMBIA,132,Wesley Methodist Church,Wesley Methodist,prior_election_name
COLUMBIA,135,"Christ Church, Presbyterian",Christ Church Presbyterian,name
COLUMBIA,107,Gospel Water Branch Bapt. Church,Gospel Water Branch,prior_election_name
COLUMBIA,040,Eubank/Blanchard Center,Eubank-Blanchard Center,name
COLUMBIA,109,Stevens Creek Church,Stevens Creek Church,name
COLUMBIA,111,Lakeside Middle,Lakeside Middle,name
COLUMBIA,136,Ccboe - Support Complex,Blue Ridge Elementary,prior_election_name
COLUMBIA,137,Christ The King Lutheran Church,Christ The King Luth Church,unique_name_similarity
COLUMBIA,100,Augusta Christian School,Augusta Christian,prior_election_name
COLUMBIA,105,Savannah Rapids Pavilion,Savannah Rapids Pavilion,name
COLUMBIA,108,Augusta Christian Schools - Furys Ferry Road Campus,Genesis Church,prior_election_name
COLUMBIA,060,Col County Board Of Education,Col Cty Bd of Edu,prior_election_name
COLUMBIA,070,Blanchard Park,Blanchard Park,name
COLUMBIA,085,Trinity Bapt Church,Trinity Baptist Church,unique_name_similarity
COLUMBIA,076,Marvin Methodist,Marvin Methodist,name
COLUMBIA,120,Harvest Pointe Fellowship,Gold Cross EMS,prior_election_name
COLUMBIA,125,Church Of Our Savior,Church of Our Savior,name
COLUMBIA,130,West Acres Baptist Church,West Acres Baptist,prior_election_name
COLUMBIA,134,Col County Main Library,Col Cty Main Library,name
COLUMBIA,026,Philadelphia Church,Philadelphia Church,name
COLUMBIA,010,Kiokee Bapt Church,Kiokee Baptist Church,unique_name_similarity
COLUMBIA,033,Grovetown Department Of Public Safety Station #2,Grovetown Public Safety Station 2,prior_election_name
COLUMBIA,030,Liberty Park - Grovetown,Liberty Park-Grovetown,name
COLUMBIA,031,Grovetown Methodist,Grovetown Methodist Church,prior_election_name
COLUMBIA,034,Grove First Baptist Church,Grove First Baptist Church,name
COLUMBIA,018,New Life Church,New Life Church,name
COLUMBIA,062,Parkway Baptist Church,Parkway Baptist Church,name
COLUMBIA,017,Patriots Park,Patriots Park,name
COLUMBIA,016,Woodlawn Bapt Church,Woodlawn Baptist Church,unique_name_similarity
COLUMBIA,015,Lewis Methodist,Lewis Methodist Church,prior_election_name
COLUMBIA,025,Bessie Thomas Center,Bessie Thomas Center,name
COLUMBIA,024,Second Mount Moriah Baptist Church,Second Mt Moriah Baptist Church,name
COLUMBIA,022,Harlem Senior Center,Harlem Senior Center,name
COLUMBIA,020,Harlem Branch Library,Harlem Branch Library,name
COLUMBIA,032,G A Apostolic Church,G A Apostolic Church,name
COLUMBIA,075,Belair Baptist Church,Belair Baptist Church,name
COLUMBIA,080,Westside Bapt Church,Westside Baptist Church,unique_name_similarity
COLUMBIA,090,Abilene Baptist,Abilene Baptist,name
COLUMBIA,110,Columbia Co. Fire Hdqtr.,Mtz Col Fire Hdqtr,prior_election_name
COLUMBIA,115,Martinez Baptist Church,Martinez Baptist,prior_election_name
COLUMBIA,065,Christ Sanctified,Christ Sanctified,name
COLUMBIA,051,Damascus Bapt Church,Damascus Baptist Church,unique_name_similarity
COLUMBIA,050,Second Mount Carmel Baptist Church,Second Mt Carmel Baptist Church,name
LINCOLN,3-B,Tabernacle,Tabernacle,name
LINCOLN,4-B,Martins Crossroad,Martins Crossroad,name
LINCOLN,1-A,Midway,Midway,name
LINCOLN,1-B,Lincoln Club House,Lincoln Club House,name
LINCOLN,2,Lincoln Center,Lincoln Center,name
LINCOLN,3-A,Faith Temple Of Linc,Faith Temple of Lincoln,unique_name_similarity
LINCOLN,4-A,Bethany Church,Bethany Church,name
MCDUFFIE,132,132,132,name
MCDUFFIE,139,139,139,name
MCDUFFIE,131,131,131,name
MCDUFFIE,137,137,137,name
MCDUFFIE,133A,133A,133A,name
MCDUFFIE,133B,133B,133B,name
MCDUFFIE,135,135,135,name
MCDUFFIE,134,134,134,name
MCDUFFIE,136,136,136,name
RABUN,RABUN,Rabun County,Rabun County,name
TALIAFERRO,172,Sharon,Sharon,name
TALIAFERRO,601,Crawfordville,Crawfordville,name
GREENE,004,Union Point,,unmatched
GREENE,001,Greensboro,,unmatched
GREENE,005,Siloam,,unmatched
GREENE,006,White Plains,,unmatched
GREENE,008,Old Salem,,unmatched
OCONEE,03,Antioch,Antioch,name
OCONEE,02,Colham Ferry,Colham Ferry,name
OCONEE,05,Bishop,Bishop,name
OCONEE,12,Civic Center,Civic Center,name
OCONEE,10,Marswood Hall,Marswood Hall,name
OCONEE,01,City Hall,City Hall,name
OCONEE,04,Farmington,Farmington,name
OCONEE,11,East Oconee,East Oconee,name
OCONEE,08,Dark Corner,Dark Corner,name
OCONEE,06,High Shoals,High Shoals,name
OCONEE,07,North Oconee,North Oconee,name
OCONEE,09,Bogart,Bogart,name
CLARKE,1C,Barnett Shls School,1C,code
CLARKE,6A,Cleveland Road School,6A,code
CLARKE,6C,Timothy Road Elementary Schl,6C,code
CLARKE,5A,Oglethorpe School,5A,code
CLARKE,8C,Firestation #7,8C,code
CLARKE,8B,Cedar Shls High School,8B,code
CLARKE,4A,Athens Transit Center,4A,code
CLARKE,8A,Gaines School,8A,code
CLARKE,1D,Whit Davis School,1D,code
CLARKE,1B,E. Athens Baptist,1B,code
CLARKE,2B,Howard Stroud School,2B,code
CLARKE,1A,Winterville Train Depot,1A,code
CLARKE,7A,Timothy Bptst Church,7A,code
CLARKE,7B,Athens Regional Library,7B,code
CLARKE,7C,Firestation #3,7C,code
CLARKE,4B,Memorial Park,4B,code
CLARKE,3A,Clarke Central High,3A,code
CLARKE,5C,Chase Street School,5C,code
CLARKE,5D,Acc Fleet Mgt Bldg,5D,code
CLARKE,3B,Thomas N. Lay Park,3B,code
CLARKE,2A,Judia J. Harris School,2A,code
CLARKE,6B,Georgia Square Mall,6B,code
CLARKE,6D,Firestation #4,6D,code
CLARKE,5B,Whitehead Road School,5B,code
BANKS,0009,Hollingsworth,Hollingsworth,name
BANKS,0012,Washington,Washington,name
BANKS,0005,Columbia,Columbia,name
BANKS,0013,Wilmonts,Wilmonts,name
BANKS,0001,Anderson,Anderson,name
BANKS,0010,Homer,Homer,name
BANKS,0004,Bushville,Bushville,name
BANKS,0006,Davids,Davids,name
BANKS,0008,Grove River,Grove River,name
BANKS,0011,Poplar Springs,Poplar Springs,name
BANKS,0007,Golden Hill,Golden Hill,name
BANKS,0002,Baldwin,Baldwin,name
BANKS,0003,Berlin,Berlin,name
MORGAN,02,East Morgan,East Morgan,name
MORGAN,06,West Morgan,West Morgan,name
MORGAN,07,North Morgan,North Morgan,name
MORGAN,04,Central Morgan,Central Morgan,name
MORGAN,03,Beth/Springfield,Beth/Springfield,name
MORGAN,05,Clacks Chapel,Clacks Chapel,name
MORGAN,01,Northeast Morgan,Northeast Morgan,name
WALTON,559,Good Hope,Good Hope,name
WALTON,422,West Walton,West Walton,name
WALTON,421,Loganville South,Loganville South,name
WALTON,417,Loganville Central,Loganville North,prior_election_name
WALTON,424,Bay Creek,Bay Creek,name
WALTON,1663,Bold Springs,Bold Springs,name
WALTON,416,Walnut Grove,Walnut Grove,name
WALTON,423,Broken Arrow,Broken Arrow,name
WALTON,427,Tara,Tara,name
WALTON,502,Jersey,Jersey,name
WALTON,415,Between,Between,name
WALTON,454,Mountain,Mountain,name
WALTON,250,Walker Park,Walker Park,name
WALTON,420,North Monroe,North Monroe,name
WALTON,419,South Monroe,South Monroe,name
WALTON,503,Blasingame,Blasingame,name
WALTON,425,Central Monroe,E Monroe,prior_election_name
WALTON,418,Social Circle,Social Circle,name
WALTON,1675,Whatley,Whatley,name
WALTON,426,W Monroe,W Monroe,name
WALTON,414,Gratis,Gratis,name
NEWTON,04,Alcovy,Alcovy,name
NEWTON,07,Brick Store,Brick Store,name
NEWTON,05,Covington Mills,Covington Mills,name
NEWTON,13,Beaverdam,Beaverdam,name
NEWTON,24,Crowell,Crowell,name
NEWTON,08,Cedar Shoals,Cedar Shoals,name
NEWTON,03,Almon,Almon,name
NEWTON,19,Buck Creek,Buck Creek,name
NEWTON,20,Stansells,Stansells,name
NEWTON,23,Fairview,Fairview,name
NEWTON,06,Brewers,Brewers,name
NEWTON,14,Leguinn,Leguinn,name
NEWTON,15,Mansfield,Mansfield,name
NEWTON,16,Newborn,Newborn,name
NEWTON,10,Downs,Downs,name
NEWTON,18,Rocky Plains,Rocky Plains,name
NEWTON,09,Livingston,Livingston,name
NEWTON,02,Town,Town,name
NEWTON,12,Gum Creek,Gum Creek,name
NEWTON,01,City Pond,City Pond,name
NEWTON,17,Oxford,Oxford,name
NEWTON,25,Hub,Hub,name
UNION,4,Ivy Log,Ivy Log,name
UNION,8,Gumlog,Gumlog,name
UNION,1,Blairsville,Blairsville,name
UNION,11,Choestoe,Choestoe,name
UNION,6,Trackrock,Trackrock,name
UNION,5,Suches,Suches,name
UNION,2,Jones Creek,Jones Creek,name
UNION,10,Coosa,Coosa,name
UNION,3,Owltown,Owltown,name
UNION,7,Dooley,Dooley,name
UNION,9,Pat Colwell,Pat Colwell,name
FULTON,FA01B,First Baptist Church Of Fairburn,FA01B,code
FULTON,SC07C,Oakley Elementary,SC07C,code
FULTON,PA01,Palmetto Library,PA01,code
FULTON,FA01D,FA01D,FA01D,name
FULTON,JC02,Northview High School,JC02,code
FULTON,CP06A,Camp Truitt Senior Center,CP06A,code
FULTON,11J,Junction 2800,11J,code
FULTON,EP03B,Woodland Middle School,EP03B,code
FULTON,SC23C,New Life Presbyterian Church,SC23C,code
FULTON,SC23A,New Life Presbyterian Church,SC23A,code
FULTON,SC27,McNair Middle,SC27,code
FULTON,CP083,Tracey Wyatt Community Center,CP083,code
FULTON,CP08A,Tracey Wyatt Community Center,CP08A,code
FULTON,SC29A,Creel Park,SC29A,code
FULTON,SC23B,New Life Presbyterian Church,SC23B,code
FULTON,SC09B,Burdett Park Gym,SC09B,code
FULTON,SC11B,Creel Park,SC11B,code
FULTON,SC11A,Creel Park,SC11A,code
FULTON,CP084,Tracey Wyatt Community Center,CP084,code
FULTON,SC08D,Gladys Dennard At South Fulton Library,SC08D,code
FULTON,UC01B,Feldwood Elementary,UC01B,code
FULTON,SC09C,McNair Middle,SC09C,code
FULTON,SC09A,Burdett Park Gym,SC09A,code
FULTON,UC031,Christian City Welcome Center,UC031,code
FULTON,SC08E,Gladys Dennard At South Fulton Library,SC08E,code
FULTON,SC08H,Gladys Dennard At South Fulton Library,SC08H,code
FULTON,UC01D,Feldwood Elementary,UC01D,code
FULTON,SC17B,Welcome All Recreation Center,SC17B,code
FULTON,SC08B,Gladys Dennard At South Fulton Library,SC08B,code
FULTON,SC15,The Enon Church,SC15,code
FULTON,FA01A,Open Word Christian Ministries,FA01A,code
FULTON,UC02A,Etris Community Center,UC02A,code
FULTON,SC07A,Creekside High School,SC07A,code
FULTON,SC04,Cedar Grove Church Of Christ,SC04,code
FULTON,CH03,Chattahoochee Hills City Hall,CH03,code
FULTON,CH01,Chattahoochee Hills City Hall,CH01,code
FULTON,CH02,Chattahoochee Hills City Hall,CH02,code
FULTON,SC211,Oakley Elementary,SC211,code
FULTON,CH05,Chattahoochee Hills City Hall,CH05,code
FULTON,CH04A,Chattahoochee Hills City Hall,CH04A,code
FULTON,UC032,Christian City Welcome Center,UC032,code
FULTON,SC212,Oakley Elementary,SC212,code
FULTON,FA01C,Harvest Rain Church,FA01C,code
FULTON,RW09A,RW09A,RW09A,name
FULTON,JC18,Mount Pisgah United Methodist Church,JC18,code
FULTON,AP01C,Haynes Bridge Middle,AP01C,code
FULTON,JC16,Mount Pisgah United Methodist Church,JC16,code
FULTON,AP01A,New Prospect Elementary,AP01A,code
FULTON,AP12A,Alpharetta High School,AP12A,code
FULTON,JC14,Dolvin Elementary School,JC14,code
FULTON,AP14,Ocee Elementary,AP14,code
FULTON,JC15,Dolvin Elementary School,JC15,code
FULTON,JC10,Chattahoochee High School,JC10,code
FULTON,AP09A,Webb Bridge Middle,AP09A,code
FULTON,JC11,Johns Creek High School,JC11,code
FULTON,JC09,Chattahoochee High School,JC09,code
FULTON,JC07,Wilson Creek Elementary,JC07,code
FULTON,JC08,Clear Springs Baptist Church,JC08,code
FULTON,JC05,Abbotts Hill Elementary School,JC05,code
FULTON,JC04B,Robert E. Fulton Ocee Library,JC04B,code
FULTON,JC03A,Abbotts Hill Elementary School,JC03A,code
FULTON,JC04A,Robert E. Fulton Ocee Library,JC04A,code
FULTON,JC03B,Abbotts Hill Elementary School,JC03B,code
FULTON,JC06,Northview High School,JC06,code
FULTON,09F,Morris Brandon Primary Center School,09F,code
FULTON,08N2,Trinity Presbyterian Church,08N2,exact_precinct_code
FULTON,08N1,Trinity Presbyterian Church,08N1,exact_precinct_code
FULTON,08F1,Trinity Presbyterian Church,08F1,exact_precinct_code
FULTON,08A,Sutton Middle Six Grade Campus,08A,code
FULTON,08D,Northside Branch Library,08D,code
FULTON,10K,Beecher Hills Elementary School,10K,code
FULTON,10G,St. Paul's Episcopal Church,10G,code
FULTON,11H,Beecher Hills Elementary School,11H,code
FULTON,10J,St. Paul's Episcopal Church,10J,code
FULTON,EP02E,Jefferson Park Recreation Center,EP02E,code
FULTON,12L,Adams Park Library,12L,code
FULTON,EP02B,Jefferson Park Recreation Center,EP02B,code
FULTON,12G,Metropolitan Library,12G,code
FULTON,SS09A,Mount Vernon Baptist Church,SS09A,code
FULTON,SS16,Mount Vernon Baptist Church,SS16,code
FULTON,RW05,Elkins Pointe Middle School,RW05,code
FULTON,AP021,Wills Park Recreation Center,AP021,code
FULTON,RW06,Northwood Elementary,RW06,code
FULTON,RW13,Northwood Elementary,RW13,code
FULTON,AP01D,Haynes Bridge Middle,AP01D,code
FULTON,AP02B,Wills Park Recreation Center,AP02B,code
FULTON,AP022,Wills Park Recreation Center,AP022,code
FULTON,AP01B,Alpharetta Library,AP01B,code
FULTON,CP02,College Park Auditorium,CP02,code
FULTON,CP01B,College Park Auditorium,CP01B,code
FULTON,EP02C,Jefferson Park Recreation Center,EP02C,code
FULTON,RW08,Crosspointe Community Church,RW08,code
FULTON,RW12,North River Baptist Church,RW12,code
FULTON,RW16,Elkins Pointe Middle School,RW16,code
FULTON,RW12A,RW12A,RW12A,name
FULTON,SS15B,Sandy Springs Middle School,SS15B,code
FULTON,SS17,Temple Emanu-El Of Greater Atlanta,SS17,code
FULTON,SS15A,Sandy Springs Middle School,SS15A,code
FULTON,RW02,Temple Beth Tikvah,RW02,code
FULTON,RW10,Crosspointe Community Church,RW10,code
FULTON,RW09,Roswell High School,RW09,code
FULTON,RW01,Crabapple Middle,RW01,code
FULTON,RW03,Temple Beth Tikvah,RW03,code
FULTON,SS18B,Sandy Springs Christian Church,SS18B,code
FULTON,SS02A,Spalding Drive Elementary,SS02A,code
FULTON,SS19B,North Fulton Annex,SS19B,code
FULTON,SS19A,Ison Springs Elementary,SS19A,code
FULTON,SS26,North Fulton Annex,SS26,code
FULTON,SS20,Woodland Elementary,SS20,code
FULTON,SS22,Ison Springs Elementary,SS22,code
FULTON,RW11A,Roswell Library,RW11A,code
FULTON,JC01,River Trail Middle School,JC01,code
FULTON,SS09B,North Fulton Training Center,SS09B,code
FULTON,SS13B,North Fulton Training Center,SS13B,code
FULTON,SS11D,High Point Elementary,SS11D,code
FULTON,SS11B,High Point Elementary,SS11B,code
FULTON,SS06,Sandy Springs Library,SS06,code
FULTON,SS05,Sandy Springs Christian Church,SS05,code
FULTON,SS18A,Sandy Springs Christian Church,SS18A,code
FULTON,SS31,Sandy Springs Library,SS31,code
FULTON,SS03,Lake Forest Elementary School,SS03,code
FULTON,SS13A,North Fulton Training Center,SS13A,code
FULTON,SS11A,Church Of The Redeemer,SS11A,code
FULTON,SS11C,High Point Elementary,SS11C,code
FULTON,SS14,Ridgeview Charter Middle School,SS14,code
FULTON,08M,Buckhead Library,08M,code
FULTON,07J,Peachtree Hills Recreation Center,07J,code
FULTON,07H,Second Ponce De Leon Baptist Church,07H,code
FULTON,08G,Cathedral Of Saint Philip,08G,code
FULTON,08C,Sutton Middle Six Grade Campus,08C,code
FULTON,08B,Chastain Park Gymnasium,08B,code
FULTON,06I,Peachtree Hills Recreation Center,06I,code
FULTON,12D,Metropolitan Library,12D,code
FULTON,12A1,12A1,12A1,name
FULTON,04S,St. Peter Missionary Baptist Church,04S,code
FULTON,04X1,Joseph McGhee Tennis Center,04X1,exact_precinct_code
FULTON,04M,James Orange Park,04M,code
FULTON,04T,James Orange Park,04T,code
FULTON,10M,Joseph McGhee Tennis Center,10M,code
FULTON,04X2,Joseph McGhee Tennis Center,04X2,exact_precinct_code
FULTON,04L,West Hunter Street Baptist Church,04L,code
FULTON,RW19,North River Baptist Church,RW19,code
FULTON,ML01B,Milton Library,ML01B,code
FULTON,AP04A,Alpharetta Crabapple Gov Center,AP04A,code
FULTON,ML01A,ML01A,ML01A,name
FULTON,AP04B,Alpharetta Crabapple Gov Center,AP04B,code
FULTON,AP06,Alpharetta Crabapple Gov Center,AP06,code
FULTON,AP07B,Alpharetta Elementary,AP07B,code
FULTON,ML02B,ML02B,ML02B,name
FULTON,ML03A,ML03A,ML03A,name
FULTON,AP10,Alpharetta Library,AP10,code
FULTON,AP07A,Alpharetta Elementary,AP07A,code
FULTON,ML04,ML04,ML04,name
FULTON,ML02A,ML02A,ML02A,name
FULTON,ML03,Hopewell Baptist Church,ML03,code
FULTON,ML07A,Hopewell Baptist Church,ML07A,code
FULTON,09H,Trinity Anglican Church,09H,code
FULTON,08J,Northside Church,08J,code
FULTON,ML06A,Manning Oaks Elementary,ML06A,code
FULTON,AP12B,Alpharetta High School,AP12B,code
FULTON,ML05,ML05,ML05,name
FULTON,ML06B,Cambridge High School,ML06B,code
FULTON,AP05,Creek View Elementary,AP05,code
FULTON,ML07B,ML07B,ML07B,name
FULTON,MP01,Mountain Park Community Building,MP01,code
FULTON,AP09B,Webb Bridge Middle,AP09B,code
FULTON,JC04C,JC04C,JC04C,name
FULTON,09I,Allen Temple African Methodist Episcopal Church,09I,code
FULTON,03E,Lindsay Street Baptist Church,03E,code
FULTON,04J,Friendship Baptist Church,04J,code
FULTON,03L,Lindsay Street Baptist Church,03L,code
FULTON,03M,Trinity Anglican Church,03M,code
FULTON,03N,Lindsay Street Baptist Church,03N,code
FULTON,09G,Trinity Anglican Church,09G,code
FULTON,HP01,Hoyt Smith Center,HP01,code
FULTON,12H1,John Birdine Neighborhood Center,12H1,exact_precinct_code
FULTON,12E1,Rosel Fann Recreation Center,12E1,exact_precinct_code
FULTON,12F,John Birdine Neighborhood Center,12F,code
FULTON,12A,Metropolitan Library,12A,code
FULTON,12S,Watley Library At Southeast Atlanta,12S,code
FULTON,01J,Watley Library At Southeast Atlanta,01J,code
FULTON,12K,Pittman Park Recreation Center,12K,code
FULTON,12N,Pittman Park Recreation Center,12N,code
FULTON,04B,Flipper Temple African Methodist Episcopal Church,04B,code
FULTON,04V,Dunbar Neighborhood Center - Gym,04V,code
FULTON,04I,Trinity United Methodist,04I,code
FULTON,01F,Fanplex,01F,code
FULTON,05A2,Lang-Carson Community Center,05A2,exact_precinct_code
FULTON,03G,Lindsay Street Baptist Church,03G,code
FULTON,03T,Friendship Baptist Church,03T,code
FULTON,03P2,Antioch Baptist Church Family Center,03P2,exact_precinct_code
FULTON,04F,Saint Luke's Episcopal Church,04F,code
FULTON,03I,North Avenue Presbyterian,03I,code
FULTON,02B,Saint Luke's Episcopal Church,02B,code
FULTON,05C,Liberty Baptist Church,05C,code
FULTON,05K,David T. Howard Middle School,05K,code
FULTON,05D,Saint Luke's Episcopal Church,05D,code
FULTON,05F,Saint Luke's Episcopal Church,05F,code
FULTON,02L2,North Avenue Presbyterian,02L2,exact_precinct_code
FULTON,02L1A,02L1A,02L1A,name
FULTON,02C,Saint Luke's Episcopal Church,02C,code
FULTON,02L1,Lutheran Church Of The Redeemer,02L1,exact_precinct_code
FULTON,02K,Park Tavern,02K,code
FULTON,03P1A,Antioch Baptist Church Family Center,03P1A,exact_precinct_code
FULTON,08P,Trinity Anglican Church,08P,code
FULTON,10D,C.T. Martin Recreation Center,10D,code
FULTON,10E,Jackson Memorial Baptist Church,10E,code
FULTON,10P,Jackson Memorial Baptist Church,10P,code
FULTON,10H1,St. Paul's Episcopal Church,10H1,exact_precinct_code
FULTON,03C,Berean Seventh Day Adventist Church,03C,code
FULTON,03H,Allen Temple African Methodist Episcopal Church,03H,code
FULTON,09K,Northwest Library At Scotts Crossings,09K,code
FULTON,09M,Springfield Missionary Baptist Church,09M,code
FULTON,09E,Salem Bible Church,09E,code
FULTON,09A,Bolton Academy,09A,code
FULTON,04C,C.A. Scott Recreation Bldg,04C,code
FULTON,03A,Allen Temple African Methodist Episcopal Church,03A,code
FULTON,03D,C.A. Scott Recreation Bldg,03D,code
FULTON,03B,Allen Temple African Methodist Episcopal Church,03B,code
FULTON,SC07D,SC07D,SC07D,name
FULTON,SC13,Langston Hughes High School,SC13,code
FULTON,SC05A,Langston Hughes High School,SC05A,code
FULTON,SC05D,The Enon Church,SC05D,code
FULTON,SC15A,SC15A,SC15A,name
FULTON,SC18C,Friendship Community Church,SC18C,code
FULTON,SC18B,Friendship Community Church,SC18B,code
FULTON,SC01A,West Lake High School,SC01A,code
FULTON,UC01A,Feldwood Elementary,UC01A,code
FULTON,UC02C,UC02C,UC02C,name
FULTON,SC08G,Gladys Dennard At South Fulton Library,SC08G,code
FULTON,SC08F,Gladys Dennard At South Fulton Library,SC08F,code
FULTON,SC05E,Cliftondale Church,SC05E,code
FULTON,SC20,Wolf Creek Branch Library,SC20,code
FULTON,SC01B,West Lake High School,SC01B,code
FULTON,UC02B,Etris Community Center,UC02B,code
FULTON,SC05B,Cliftondale Church,SC05B,code
FULTON,SC08C,Welcome All Recreation Center,SC08C,code
FULTON,SC10,Tracey Wyatt Community Center,SC10,code
FULTON,CP081,Tracey Wyatt Community Center,CP081,code
FULTON,UC01E,Feldwood Elementary,UC01E,code
FULTON,SC17A,Welcome All Recreation Center,SC17A,code
FULTON,SC17C,Welcome All Recreation Center,SC17C,code
FULTON,SC19A,Solid Rock Pentecostal Church,SC19A,code
FULTON,EP04B,Camp Creek Middle School,EP04B,code
FULTON,SC18A,Friendship Community Church,SC18A,code
FULTON,EP02A,Jefferson Park Recreation Center,EP02A,code
FULTON,11B,Southwest Atlanta Christian Academy,11B,code
FULTON,11B1,11B1,11B1,name
FULTON,11C,William Walker Recreation Center,11C,code
FULTON,SC14A,Evelyn Lowery Library At Cascade,SC14A,code
FULTON,SC30A,Evelyn Lowery Library At Cascade,SC30A,code
FULTON,10A,The Kindezi School - West,10A,code
FULTON,11E3,Deerwood Elementary,11E3,exact_precinct_code
FULTON,11E1,William Walker Recreation Center,11E1,exact_precinct_code
FULTON,11E2,William Walker Recreation Center,11E2,exact_precinct_code
FULTON,SC19B,Solid Rock Pentecostal Church,SC19B,code
FULTON,EP04A,Brookview Elementary School,EP04A,code
FULTON,CP07C,Camp Truitt Senior Center,CP07C,code
FULTON,CP051,Camp Truitt Senior Center,CP051,code
FULTON,CP07E,Camp Truitt Senior Center,CP07E,code
FULTON,11P,Believers Bible Christian Church,11P,code
FULTON,EP04C,EP04C,EP04C,name
FULTON,10C,C.T. Martin Recreation Center,10C,code
FULTON,11N,Believers Bible Christian Church,11N,code
FULTON,11M,Junction 2800,11M,code
FULTON,11M1,11M1,11M1,name
FULTON,SC30B,Evelyn Lowery Library At Cascade,SC30B,code
FULTON,10R,C.T. Martin Recreation Center,10R,code
FULTON,10B,West Manor Park - Af Recreation Center,10B,code
FULTON,10I,West Manor Park - Af Recreation Center,10I,code
FULTON,10H2,St. Paul's Episcopal Church,10H2,exact_precinct_code
FULTON,FC02,FC02,FC02,name
FULTON,09C,Jackson Memorial Baptist Church,09C,code
FULTON,09B,Springfield Missionary Baptist Church,09B,code
FULTON,09K1,09K1,09K1,name
FULTON,11R,Junction 2800,11R,code
FULTON,EP01B,Bowden Senior Center,EP01B,code
FULTON,11K,Adams Park Recreation Center,11K,code
FULTON,EP02D,Jefferson Park Recreation Center,EP02D,code
FULTON,11G,Adams Park Library,11G,code
FULTON,12I,Adams Park Library,12I,code
FULTON,FC01,FC01,FC01,name
FULTON,SC01C,West Lake High School,SC01C,code
FULTON,SC02,Southwest Arts Center,SC02,code
FULTON,SC16A,Sandtown Middle School,SC16A,code
FULTON,FC03,FC03,FC03,name
FULTON,CP05B,Camp Truitt Senior Center,CP05B,code
FULTON,CP07F,Camp Truitt Senior Center,CP07F,code
FULTON,CP07D,Camp Truitt Senior Center,CP07D,code
FULTON,CP07B,Camp Truitt Senior Center,CP07B,code
FULTON,CP04B,College Park Auditorium,CP04B,code
FULTON,CP04A,College Park Auditorium,CP04A,code
FULTON,CP012,College Park Auditorium,CP012,code
FULTON,EP03A,St. Stephen Missionary Baptist Church,EP03A,code
FULTON,CP011,College Park Auditorium,CP011,code
FULTON,EP01A,East Point First Mallalieu United Methodist Church,EP01A,code
FULTON,04D,C.A. Scott Recreation Bldg,04D,code
FULTON,04G,James Orange Park,04G,code
FULTON,04A,C.A. Scott Recreation Bldg,04A,code
FULTON,04K,West Hunter Street Baptist Church,04K,code
FULTON,04W,Flipper Temple African Methodist Episcopal Church,04W,code
FULTON,10F,Berean Seventh Day Adventist Church,10F,code
FULTON,03S,Berean Seventh Day Adventist Church,03S,code
FULTON,09D,Salem Bible Church,09D,code
FULTON,08E,Morris Brandon Primary Center School,08E,code
FULTON,JC01A,JC01A,JC01A,name
FULTON,AP12C,Alpharetta High School,AP12C,code
FULTON,JC12,Northeast / Spruill Oaks Library,JC12,code
FULTON,SS12,Ridgeview Charter Middle School,SS12,code
FULTON,SS07C,Lake Forest Elementary School,SS07C,code
FULTON,SS07B,Lake Forest Elementary School,SS07B,code
FULTON,SS07A,Lake Forest Elementary School,SS07A,code
FULTON,SS08B,Hammond Park Gym,SS08B,code
FULTON,SS02B,Spalding Drive Elementary,SS02B,code
FULTON,SS08C,Hammond Park Gym,SS08C,code
FULTON,SS04,St. Jude Catholic Church,SS04,code
FULTON,SS08A,Hammond Park Gym,SS08A,code
FULTON,SS08D,Hammond Park Gym,SS08D,code
FULTON,SS29A,St. Jude Catholic Church,SS29A,code
FULTON,08H,Sutton Middle School,08H,code
FULTON,06J,Virginia-Highland Elementary,06J,code
FULTON,06E,Morningside Baptist Church Gym,06E,code
FULTON,06Q,Second Ponce De Leon Baptist Church,06Q,code
FULTON,06D1,06D1,06D1,name
FULTON,06D2,06D2,06D2,name
FULTON,06D,Morningside Baptist Church Gym,06D,code
FULTON,08K,Northside Church,08K,code
FULTON,08L,Christ Church Presbyterian,08L,code
FULTON,02W,Peachtree Christian Church,02W,code
FULTON,03F,Peachtree Christian Church,03F,code
FULTON,02A1,02A1,02A1,name
FULTON,06R,Peachtree Christian Church,06R,code
FULTON,02A,Piedmont Park Magnolia Hall,02A,code
FULTON,06N,Second Ponce De Leon Baptist Church,06N,code
FULTON,06L2,Christ Church Presbyterian,06L2,exact_precinct_code
FULTON,02S,David T. Howard Middle School,02S,code
FULTON,05J,David T. Howard Middle School,05J,code
FULTON,01P,Dobbs Elementary School,01P,code
FULTON,01R,Thomasville Recreation Center,01R,code
FULTON,01E,Grant Park Recreation Center,01E,code
FULTON,01A,Parkside Elementary School,01A,code
FULTON,05A1,Dad's Garage Theatre,05A1,exact_precinct_code
FULTON,01B,Ormewood Park Presbyterian Church,01B,code
FULTON,12J,Rosel Fann Recreation Center,12J,code
FULTON,12H2,John Birdine Neighborhood Center,12H2,exact_precinct_code
FULTON,12M,Rosel Fann Recreation Center,12M,code
FULTON,01G,Fanplex,01G,code
FULTON,01D,Grant Park Recreation Center,01D,code
FULTON,01H,Liberty Baptist Church,01H,code
FULTON,05B,Liberty Baptist Church,05B,code
FULTON,01S,Dobbs Elementary School,01S,code
FULTON,01C,Dobbs Elementary School,01C,code
FULTON,01T,Thomasville Recreation Center,01T,code
FULTON,02G,Helene Mills Senior Center,02G,code
FULTON,02D,Helene Mills Senior Center,02D,code
FULTON,02F2,The Church On Ponce & Highland,02F2,exact_precinct_code
FULTON,02J,Park Tavern,02J,code
FULTON,06G,Park Tavern,06G,code
FULTON,06B,Virginia-Highland Elementary,06B,code
FULTON,02E,Little 5 Point Community Center,02E,code
FULTON,02F1,The Church On Ponce & Highland,02F1,exact_precinct_code
FULTON,06F,Ponce De Leon Library,06F,code
FULTON,06L1,Christ Church Presbyterian,06L1,exact_precinct_code
FULTON,JC19,Barnswell Elementary,JC19,code
FULTON,JC13A,Northeast Spruill Oaks Library,JC13A,code
FULTON,JC13B,Northeast Spruill Oaks Library,JC13B,code
FULTON,RW17,Esther Jackson Elementary School,RW17,code
FULTON,RW04,East Roswell Branch Library,RW04,code
FULTON,SS01,Johns Creek Environmental Campus,SS01,code
FULTON,RW20,East Roswell Branch Library,RW20,code
FULTON,RW21,Johns Creek Environmental Campus,RW21,code
FULTON,RW22A,Hillside Elementary School,RW22A,code
FULTON,RW07A,Mimosa Elementary School,RW07A,code
FULTON,RW07B,Mimosa Elementary School,RW07B,code
FULTON,AP03,Mimosa Elementary School,AP03,code
FULTON,07F,Cathedral Of Saint Philip,07F,code
FULTON,07D,Buckhead Library,07D,code
FULTON,07N,Garden Hills Elementary,07N,code
FULTON,07M,Don & Mary Ellen Harp Student Center At Peachtree Road United Methodist,07M,code
FULTON,07E,Garden Hills Elementary,07E,code
FULTON,07A,Sarah Rawson Smith School,07A,code
FULTON,07C,Sara Smith Intermediate School,07C,code
FULTON,07B,St. James United Methodist Church,07B,code
FAYETTE,10,Sandy Creek,Sandy Creek,name
FAYETTE,31,Fielding Ridge,Fielding Ridge,name
FAYETTE,16,Mcintosh,McIntosh,name
FAYETTE,06,Flint,Flint,name
FAYETTE,04,Fayetteville East,Fayetteville East,name
FAYETTE,24,Banks,Banks,name
FAYETTE,28,Oak Ridge,Oak Ridge,name
FAYETTE,23,Kenwood,Kenwood,name
FAYETTE,03,Europe,Europe,name
FAYETTE,07,Hopeful,Hopeful,name
FAYETTE,05,Fayetteville West,Fayetteville West,name
FAYETTE,08,Morning Creek,Morning Creek,name
FAYETTE,01,Blackrock,Blackrock,name
FAYETTE,29,Jeff Davis,Jeff Davis,name
FAYETTE,30,Murphy,Murphy,name
FAYETTE,26,Willow Pond,Willow Pond,name
FAYETTE,27,Dogwood,Dogwood,name
FAYETTE,35,Spring Hill,Spring Hill,name
FAYETTE,34,Rising Star,Rising Star,name
FAYETTE,22,Braelinn,Braelinn,name
FAYETTE,13,Starrsmill,Starrsmill,name
FAYETTE,14,Whitewater,Whitewater,name
FAYETTE,02,Brooks,Brooks,name
FAYETTE,15,Woolsey,Woolsey,name
FAYETTE,25,Harps Crossing,Harps Crossing,name
FAYETTE,36,Antioch,Antioch,name
FAYETTE,18,Kedron,Kedron,name
FAYETTE,19,Aberdeen,Aberdeen,name
FAYETTE,32,Willowbend,Willowbend,name
FAYETTE,21,Flat Creek,Flat Creek,name
FAYETTE,17,Oak Grove,Oak Grove,name
FAYETTE,12,Shakerag West,Shakerag West,name
FAYETTE,20,Windgate,Windgate,name
FAYETTE,33,Camp Creek,Camp Creek,name
FAYETTE,11,Shakerag East,Shakerag East,name
FAYETTE,09,Rareover,Rareover,name
ROCKDALE,FI,Fieldstone,FI,exact_precinct_code
ROCKDALE,FS,Flat Shoals,FS,exact_precinct_code
ROCKDALE,MA,Magnet,MA,exact_precinct_code
ROCKDALE,SP,St. Pius,SP,exact_precinct_code
ROCKDALE,ST,Stanton,ST,exact_precinct_code
ROCKDALE,BA,Barksdale,BA,exact_precinct_code
ROCKDALE,HC,Honey Creek,HC,exact_precinct_code
ROCKDALE,SM,Smyrna,SM,exact_precinct_code
ROCKDALE,RO,Rockdale,RO,exact_precinct_code
ROCKDALE,LO,Lorraine,LO,exact_precinct_code
ROCKDALE,BT,Bethel,BT,exact_precinct_code
ROCKDALE,HI,Hightower,HI,exact_precinct_code
ROCKDALE,CO,Conyers,CO,exact_precinct_code
ROCKDALE,OT,Olde Towne,OT,exact_precinct_code
ROCKDALE,MI,Milstead,MI,exact_precinct_code
ROCKDALE,LA,The Lakes,LA,exact_precinct_code
GWINNETT,002,Rockbridge A,ROCKBRIDGE A,name
GWINNETT,075,Rockbridge C,ROCKBRIDGE C,name
GWINNETT,111,Duluth H,DULUTH H,name
GWINNETT,052,Berkshire G,BERKSHIRE G,name
GWINNETT,118,Garners F,GARNERS F,name
GWINNETT,112,Berkshire N,BERKSHIRE N,name
GWINNETT,039,Duncans D,DUNCANS D,name
GWINNETT,108,Baycreek E,BAYCREEK E,name
GWINNETT,145,Baycreek G,BAYCREEK G,name
GWINNETT,146,Baycreek H,BAYCREEK H,name
GWINNETT,091,Baycreek D,BAYCREEK D,name
GWINNETT,147,Baycreek I,BAYCREEK I,name
GWINNETT,080,Baycreek C,BAYCREEK C,name
GWINNETT,090,Lawrenceville I,LAWRENCEVILLE I,name
GWINNETT,085,Lawrenceville H,LAWRENCEVILLE H,name
GWINNETT,132,Lawrenceville K,LAWRENCEVILLE K,name
GWINNETT,060,Lawrenceville D,LAWRENCEVILLE D,name
GWINNETT,042,Lawrenceville C,LAWRENCEVILLE C,name
GWINNETT,003,Dacula,DACULA,name
GWINNETT,152,Rockycreek C,ROCKYCREEK C,name
GWINNETT,137,Rockycreek B,ROCKYCREEK B,name
GWINNETT,154,Pucketts D,PUCKETTS D,name
GWINNETT,008,Duncans A,DUNCANS A,name
GWINNETT,013,Duncans C,DUNCANS C,name
GWINNETT,133,Harbins B,HARBINS B,name
GWINNETT,028,Rockycreek A,ROCKYCREEK A,name
GWINNETT,129,Duncans B,DUNCANS B,name
GWINNETT,009,Pucketts A,PUCKETTS A,name
GWINNETT,135,Pucketts C,PUCKETTS C,name
GWINNETT,001,Harbins A,HARBINS A,name
GWINNETT,151,Harbins C,HARBINS C,name
GWINNETT,082,Duluth E,DULUTH E,name
GWINNETT,056,Duluth C,DULUTH C,name
GWINNETT,007,Duluth A,DULUTH A,name
GWINNETT,155,Suwanee G,SUWANEE G,name
GWINNETT,140,Suwanee H,SUWANEE H,name
GWINNETT,017,Martins A,MARTINS A,name
GWINNETT,077,Goodwins C,GOODWINS C,name
GWINNETT,106,Suwanee C,SUWANEE C,name
GWINNETT,131,Suwanee E,SUWANEE E,name
GWINNETT,004,Suwanee A,SUWANEE A,name
GWINNETT,098,Goodwins F,GOODWINS F,name
GWINNETT,142,Suwanee F,SUWANEE F,name
GWINNETT,100,Suwanee B,SUWANEE B,name
GWINNETT,030,Cates C,CATES C,name
GWINNETT,070,Goodwins B,GOODWINS B,name
GWINNETT,026,Hog Mountain A,HOG MOUNTAIN A,name
GWINNETT,031,Hog Mountain D,HOG MOUNTAIN D,name
GWINNETT,136,Hog Mountain C,HOG MOUNTAIN C,name
GWINNETT,067,Pucketts E,PUCKETTS E,name
GWINNETT,071,Lawrenceville F,LAWRENCEVILLE F,name
GWINNETT,144,Lawrenceville M,LAWRENCEVILLE M,name
GWINNETT,027,Hog Mountain B,HOG MOUNTAIN B,name
GWINNETT,130,Suwanee D,SUWANEE D,name
GWINNETT,105,Sugar Hill F,SUGAR HILL F,name
GWINNETT,141,Sugar Hill G,SUGAR HILL G,name
GWINNETT,025,Sugar Hill B,SUGAR HILL B,name
GWINNETT,089,Sugar Hill E,SUGAR HILL E,name
GWINNETT,054,Sugar Hill C,SUGAR HILL C,name
GWINNETT,024,Sugar Hill A,SUGAR HILL A,name
GWINNETT,055,Sugar Hill D,SUGAR HILL D,name
GWINNETT,102,Pucketts B,PUCKETTS B,name
GWINNETT,048,Duluth B,DULUTH B,name
GWINNETT,096,Duluth G,DULUTH G,name
GWINNETT,072,Martins E,MARTINS E,name
GWINNETT,095,Duluth F,DULUTH F,name
GWINNETT,138,Duluth I,DULUTH I,name
GWINNETT,087,Pinckneyville S,PINCKNEYVILLE S,name
GWINNETT,065,Berkshire H,BERKSHIRE H,name
GWINNETT,123,Pinckneyville Y,PINCKNEYVILLE Y,name
GWINNETT,023,Pinckneyville D,PINCKNEYVILLE D,name
GWINNETT,058,Pinckneyville K,PINCKNEYVILLE K,name
GWINNETT,050,Pinckneyville I,PINCKNEYVILLE I,name
GWINNETT,010,Cates A,CATES A,name
GWINNETT,081,Cates L,CATES L,name
GWINNETT,156,Baycreek J,BAYCREEK J,name
GWINNETT,041,Baycreek B,BAYCREEK B,name
GWINNETT,134,Baycreek F,BAYCREEK F,name
GWINNETT,094,Cates N,CATES N,name
GWINNETT,005,Baycreek A,BAYCREEK A,name
GWINNETT,121,Pinckneyville X,PINCKNEYVILLE X,name
GWINNETT,040,Pinckneyville H,PINCKNEYVILLE H,name
GWINNETT,099,Pinckneyville T,PINCKNEYVILLE T,name
GWINNETT,057,Duluth D,DULUTH D,name
GWINNETT,068,Cates I,CATES I,name
GWINNETT,093,Cates M,CATES M,name
GWINNETT,127,Lawrenceville J,LAWRENCEVILLE J,name
GWINNETT,018,Martins B,MARTINS B,name
GWINNETT,084,Lawrenceville G,LAWRENCEVILLE G,name
GWINNETT,150,Duluth K,DULUTH K,name
GWINNETT,148,Berkshire Q,BERKSHIRE Q,name
GWINNETT,021,Pinckneyville B,PINCKNEYVILLE B,name
GWINNETT,051,Pinckneyville J,PINCKNEYVILLE J,name
GWINNETT,113,Pinckneyville V,PINCKNEYVILLE V,name
GWINNETT,114,Pinckneyville W,PINCKNEYVILLE W,name
GWINNETT,020,Pinkcneyville A,PINCKNEYVILLE A,unique_name_similarity
GWINNETT,116,Martins I,MARTINS I,name
GWINNETT,117,Martins J,MARTINS J,name
GWINNETT,088,Rockbridge E,ROCKBRIDGE E,name
GWINNETT,069,Cates J,CATES J,name
GWINNETT,036,Cates E,CATES E,name
GWINNETT,107,Cates O,CATES O,name
GWINNETT,035,Cates D,CATES D,name
GWINNETT,044,Rockbridge B,ROCKBRIDGE B,name
GWINNETT,064,Garners D,GARNERS D,name
GWINNETT,120,Berkshire P,BERKSHIRE P,name
GWINNETT,109,Berkshire M,BERKSHIRE M,name
GWINNETT,074,Pinckneyville Q,PINCKNEYVILLE Q,name
GWINNETT,103,Berkshire L,BERKSHIRE L,name
GWINNETT,086,Martins F,MARTINS F,name
GWINNETT,034,Berkshire F,BERKSHIRE F,name
GWINNETT,119,Berkshire O,BERKSHIRE O,name
GWINNETT,019,Martins C,MARTINS C,name
GWINNETT,043,Martins D,MARTINS D,name
GWINNETT,033,Berkshire E,BERKSHIRE E,name
GWINNETT,092,Berkshire J,BERKSHIRE J,name
GWINNETT,049,Garners C,GARNERS C,name
GWINNETT,014,Garners A,GARNERS A,name
GWINNETT,045,Garners B,GARNERS B,name
GWINNETT,032,Berkshire D,BERKSHIRE D,name
GWINNETT,011,Berkshire A,BERKSHIRE A,name
GWINNETT,066,Pinckneyville O,PINCKNEYVILLE O,name
GWINNETT,038,Pinckneyville F,PINCKNEYVILLE F,name
GWINNETT,059,Pinckneyville N,PINCKNEYVILLE N,name
GWINNETT,104,Rockbridge F,ROCKBRIDGE F,name
GWINNETT,076,Rockbridge D,ROCKBRIDGE D,name
GWINNETT,012,Berkshire B,BERKSHIRE B,name
GWINNETT,037,Pinckneyville E,PINCKNEYVILLE E,name
GWINNETT,101,Pinckneyville U,PINCKNEYVILLE U,name
GWINNETT,073,Pinckneyville P,PINCKNEYVILLE P,name
GWINNETT,126,Pinckneyville A1,PINCKNEYVILLE A1,name
GWINNETT,022,Pinckneyville C,PINCKNEYVILLE C,name
GWINNETT,125,Pinckneyville Z,PINCKNEYVILLE Z,name
GWINNETT,062,Pinckneyville L,PINCKNEYVILLE L,name
GWINNETT,063,Pinckneyville M,PINCKNEYVILLE M,name
GWINNETT,122,Rockbridge G,ROCKBRIDGE G,name
GWINNETT,143,Lawrenceville L,LAWRENCEVILLE L,name
GWINNETT,061,Lawrenceville E,LAWRENCEVILLE E,name
GWINNETT,153,Lawrenceville N,LAWRENCEVILLE N,name
GWINNETT,016,Lawrenceville B,LAWRENCEVILLE B,name
GWINNETT,078,Baycreek K,BAYCREEK K,name
GWINNETT,015,Lawrenceville A,LAWRENCEVILLE A,name
GWINNETT,097,Goodwins E,GOODWINS E,name
GWINNETT,110,Martins G,MARTINS G,name
GWINNETT,124,Goodwins G,GOODWINS G,name
GWINNETT,149,Goodwins I,GOODWINS I,name
GWINNETT,006,Goodwins A,GOODWINS A,name
GWINNETT,128,Goodwins H,GOODWINS H,name
GWINNETT,083,Goodwins D,GOODWINS D,name
GWINNETT,053,Cates H,CATES H,name
GWINNETT,046,Cates F,CATES F,name
GWINNETT,047,Cates G,CATES G,name
GWINNETT,029,Cates B,CATES B,name
GWINNETT,079,Cates K,CATES K,name
GWINNETT,139,Martins K,MARTINS K,name
GWINNETT,115,Martins H,MARTINS H,name
FORSYTH,35,Johns Creek,35 Johns Creek,code
FORSYTH,04,Chestatee,04 Chestatee,code
FORSYTH,36,Nichols,36 Nichols,code
FORSYTH,19,Old Atlanta,19 Old Atlanta,code
FORSYTH,02,Brandywine,02 Brandywine,code
FORSYTH,34,Fowler,34 Fowler,code
FORSYTH,01,Big Creek,01 Big Creek,code
FORSYTH,21,South Forsyth,21 South Forsyth,code
FORSYTH,29,Polo,29 Polo,code
FORSYTH,10,Midway,10 Midway,code
FORSYTH,15,Heardsville,15 Heardsville,code
FORSYTH,37,Sawnee,37 Sawnee,code
FORSYTH,27,Concord,27 Concord,code
FORSYTH,25,Windermere,25 Windermere,code
FORSYTH,07,Cumming,07 Cumming,code
FORSYTH,08,Mashburn,08 Mashburn,code
FORSYTH,06,Crossroads,06 Crossroads,code
FORSYTH,16,Otwell,16 Otwell,code
FORSYTH,05,Coal Mountain,05 Coal Mountain,code
FORSYTH,03,Browns Bridge,03 Browns Bridge,code
HENRY,43,Pleasant Grove,Pleasant Grove,name
HENRY,46,Shakerag,Shakerag,name
HENRY,45,Swan Lake,Swan Lake,name
HENRY,41,Stagecoach,Stagecoach,name
HENRY,56,Lighthouse,Lighthouse,name
HENRY,54,Stockbridge Central-Merle Manders,Stockbridge Central,single_remainder
HENRY,39,Stockbridge East-West,Stockbridge East-West,name
HENRY,34,Wesley Lakes,Wesley Lakes,name
HENRY,28,Westside,Westside,name
HENRY,60,Lake Haven,Lake Haven,name
HENRY,53,Flippen,Flippen,name
HENRY,38,Hickory Flat,Hickory Flat,name
HENRY,42,Cotton Indian,Cotton Indian,name
HENRY,61,Mcdonough Central,McDonough Central,name
HENRY,52,Lake Dow,Lake Dow,name
HENRY,37,East Lake,East Lake,name
HENRY,36,Mcmullen,McMullen,name
HENRY,62,Timberridge,Timberridge,name
HENRY,55,Kelleytown,Kelleytown,name
HENRY,27,Sandy Ridge,Sandy Ridge,name
HENRY,58,Mount Bethel,Mt Bethel,name
HENRY,25,Locust Grove,Locust Grove,name
HENRY,29,Lowes,Lowes,name
HENRY,32,Mount Carmel,Mt Carmel,name
HENRY,51,Oakland,Oakland,name
HENRY,57,Dutchtown,Dutchtown,name
HENRY,50,Pates Creek,Pates Creek,name
HENRY,33,Red Oak,Red Oak,name
HENRY,49,Shiloh,Shiloh,name
HENRY,48,Unity Grove,Unity Grove,name
HENRY,59,Grove Park,Grove Park,name
HENRY,26,Tussahaw,Tussahaw,name
HENRY,35,Mcdonough,McDonough,name
HENRY,30,South Hampton,South Hampton,name
HENRY,31,North Hampton,North Hampton,name
HENRY,44,Austin Road,Austin Road,name
HENRY,47,Ellenwood,Ellenwood,name
DEKALB,FG,Flat Rock Elementary,Flat Rock Elem,name
DEKALB,CF,Candler-Murphey Candler Elementary,Candler-Murphey Candler Elem,name
DEKALB,OV,Oak View Elementary,Oak View Elem,name
DEKALB,HH,Narvie J Harris Elementary,Harris-Narvie J Harris Elem,unique_name_similarity
DEKALB,FK,Flakes Mill,Flakes Mill Fire Station,single_remainder
DEKALB,FE,Flat Shoals Parkway,Flat Shoals Parkway,name
DEKALB,CG,Chapel Hill Elementary,Chapel Hill Elem,name
DEKALB,DI,Dunwoody Library (Dunwoody),Dunwoody Library,name
DEKALB,AD,Austin (Dunwoody),Austin,name
DEKALB,MQ,Mount Vernon East (Dunwoody),Mount Vernon East,name
DEKALB,CE,Chamblee (Chamblee),Chamblee,name
DEKALB,CZ,Chamblee 2 (Chamblee),Chamblee 2,name
DEKALB,HF,Huntley Hills Elementary (Chamblee),Huntley Hills Elem,name
DEKALB,PB,Peachtree Middle (Dunwoody),Peachtree Middle,name
DEKALB,DG,Dunwoody 2 (Dunwoody),Dunwoody 2,name
DEKALB,CH,Chesnut Elementary (Dunwoody),Chesnut Elem,name
DEKALB,TG,Tilly Mill Road (Dunwoody),Tilly Mill Road,name
DEKALB,BL,Bouldercrest Road,Bouldercrest Road,name
DEKALB,CS,Cedar Grove South,Cedar Grove South,name
DEKALB,CD,Cedar Grove Elementary,Cedar Grove Elem,name
DEKALB,WI,Warren Tech,Warren Tech,name
DEKALB,CK,Clarkston (Cla),Clarkston,name
DEKALB,IA,Idlewood Elementary (Tucker),Idlewood Elem,name
DEKALB,BH,Brockett (Tucker),Brockett,name
DEKALB,MH,Midvale Elementary,Midvale Elem,name
DEKALB,EF,Evansdale Elementary,Evansdale Elem,name
DEKALB,TH,Tucker,Tucker,name
DEKALB,SN,Shamrock,Shamrock,name
DEKALB,ND,Northlake,Northlake,name
DEKALB,BD,Briarlake Elementary,Briarlake Elem,name
DEKALB,RD,Rehoboth,Rehoboth,name
DEKALB,MK,Montreal,Montreal,name
DEKALB,MW,Midvale Road,Midvale Road,name
DEKALB,HC,Henderson Mill,Henderson Mill,name
DEKALB,AE,Avondale (Avo),Avondale,name
DEKALB,MO,Midway,Midway,name
DEKALB,CU,Covington,Covington,name
DEKALB,NB,North Decatur,North Decatur,name
DEKALB,ME,Mclendon,McLendon,name
DEKALB,VB,Valley Brook,Valley Brook,name
DEKALB,SC,Shaw-Robert Shaw Elementary,Shaw-Robert Shaw Elem,name
DEKALB,CT,Covington Hwy,Covington Hwy,name
DEKALB,SW,Stonecrest Library (Stc),Stonecrest Library,name
DEKALB,SL,Stoneview Elementary,Stoneview Elem,name
DEKALB,PC,Princeton Elementary,Princeton Elem,name
DEKALB,RC,Redan Elementary,Redan Elem,name
DEKALB,SV,Stephenson High,Stephenson High,name
DEKALB,AB,Ashford Park Elementary (Brookhaven),Ashford Park Elem,name
DEKALB,OA,Oak Grove Elementary,Oak Grove Elem,name
DEKALB,CW,Coralwood,Coralwood,name
DEKALB,SA,Sagamore Hills Elementary,Sagamore Hills Elem,name
DEKALB,LA,Lakeside High,Lakeside High,name
DEKALB,DC,Dresden Elementary (Chamblee),Dresden Elem,name
DEKALB,LC,Lavista,Lavista,name
DEKALB,PH,Panola,Panola,name
DEKALB,SK,Shadow Rock Elementary,Shadow Rock Elem,name
DEKALB,SP,Stone Mtn Champion (Sto),Stone Mtn Champion,name
DEKALB,SQ,Stone Mtn (Sto),Stone Mtn,name
DEKALB,HA,Hambrick Elementary,Hambrick Elem,name
DEKALB,RE,Rockbridge Elementary,Rockbridge Elem,name
DEKALB,SJ,Stone Mill Elementary,Stone Mill Elem,name
DEKALB,MA,Miller-Eldridge L Miller Elementary,Miller-Eldridge L Miller Elem,name
DEKALB,SU,South Hairston,South Hairston,name
DEKALB,SD,Stone Mountain Elementary,Stone Mountain Elem,name
DEKALB,WN,Wynbrooke Elementary,Wynbrooke Elem,name
DEKALB,ST,Stephenson Middle,Stephenson Middle,name
DEKALB,SO,South Deshon,South Deshon,name
DEKALB,RM,Redan Middle,Redan Middle,name
DEKALB,MC,Marbut Elementary,Marbut Elem,name
DEKALB,RK,Redan Road,Redan Road,name
DEKALB,WG,Woodridge Elementary,Woodridge Elem,name
DEKALB,RJ,Rowland Road,Rowland Road,name
DEKALB,WK,White Oak,White Oak,name
DEKALB,FM,Freedom Middle,Freedom Middle,name
DEKALB,PE,Pine Lake (Pin),Pine Lake,name
DEKALB,SS,Snapfinger Road S,Snapfinger Road S,name
DEKALB,MF,Mcwilliams,McWilliams,name
DEKALB,MI,Miller Grove,Miller Grove,name
DEKALB,BM,Bethune Middle,Bethune Middle,name
DEKALB,CP,Crossroads,Crossroads,name
DEKALB,FA,Fairington Elementary,Fairington Elem,name
DEKALB,PR,Panola Road,Panola Road,name
DEKALB,PI,Panola Way Elementary,Panola Way Elem,name
DEKALB,YA,Young Road,Young Road,name
DEKALB,RG,Rowland Elementary,Rowland Elem,name
DEKALB,DE,Dunaire Elementary,Dunaire Elem,name
DEKALB,AA,Allgood Elementary,Allgood Elem,name
DEKALB,IB,Indian Creek,Indian Creek,name
DEKALB,CY,Clarkston Community Center (Cla),Clarkston Community Center,name
DEKALB,MN,Memorial South,Memorial South,name
DEKALB,JB,Jolly Elementary,Jolly Elem,name
DEKALB,WB,Wesley Chapel Library,Wesley Chapel Library,name
DEKALB,PF,Pleasantdale Road,Pleasantdale Road,name
DEKALB,NC,North Hairston,North Hairston,name
DEKALB,SY,Snapfinger Road,Snapfinger Road,name
DEKALB,BJ,Browns Mill Elementary,Browns Mill Elem,name
DEKALB,SM,Salem Middle,Salem Middle,name
DEKALB,MV,Miller Grove Road,Miller Grove Road,name
DEKALB,CC,Columbia Elementary,Columbia Elem,name
DEKALB,FL,Flat Shoals Library,Flat Shoals Library,name
DEKALB,BC,Briar Vista Elementary,Briar Vista Elem,name
DEKALB,DH,Druid Hills High,Druid Hills High,name
DEKALB,ER,Emory Road,Emory Road,name
DEKALB,LB,Lavista Road,Lavista Road,name
DEKALB,OK,Oakhurst (Decatur),Oakhurst,name
DEKALB,DD,Decatur (Decatur),Decatur,name
DEKALB,PG,Ponce De Leon (Decatur),Ponce de Leon,name
DEKALB,WJ,Woodward (Brookhaven),Woodward,name
DEKALB,CO,Cross Keys High (Brookhaven),Cross Keys High,name
DEKALB,BG,Briarcliff,Briarcliff,name
DEKALB,HI,Harris-Margaret Harris Ed,Harris-Margaret Harris ED,name
DEKALB,MJ,Montclair Elementary,Montclair Elem,name
DEKALB,BE,Briarwood (Brookhaven),Briarwood,name
DEKALB,BI,Brookhaven (Brookhaven),Brookhaven,name
DEKALB,SE,Silver Lake (Brookhaven),Silver Lake,name
DEKALB,SF,Skyland (Brookhaven),Skyland,name
DEKALB,BF,Brockett Elementary (Tucker),Brockett Elem,name
DEKALB,SI,Stn Mtn Middle,Stone Mtn Middle,unique_name_similarity
DEKALB,TF,Tucker Library,Tucker Library,name
DEKALB,HG,Hugh Howell,Hugh Howell,name
DEKALB,SH,Smoke Rise,Smoke Rise,name
DEKALB,MB,Mcnair High,McNair High,name
DEKALB,ML,Meadowview,Meadowview,name
DEKALB,MZ,Miller Grove High,Miller Grove High,name
DEKALB,WD,Woodrow Road,Woodrow Road,name
DEKALB,LH,Lithonia High,Lithonia High,name
DEKALB,RH,Redan-Trotti Library,Redan-Trotti Library,name
DEKALB,LD,Lithonia (Lit),Lithonia,name
DEKALB,CM,Columbia Middle,Columbia Middle,name
DEKALB,TC,Toney Elementary,Toney Elem,name
DEKALB,KE,Knollwood,Knollwood,name
DEKALB,WA,Wadsworth,Wadsworth,name
DEKALB,SG,Snapfinger Elementary,Snapfinger Elem,name
DEKALB,PA,Peachcrest,Peachcrest,name
DEKALB,MR,Mathis-Bob Mathis Elementary,Mathis-Bob Mathis Elem,name
DEKALB,RA,Rainbow Elementary,Rainbow Elem,name
DEKALB,CV,Clairemont East (Decatur),Clairemont East,name
DEKALB,WF,Winnona Park (Decatur),Winnona Park,name
DEKALB,GA,Glennwood (Decatur),Glennwood,name
DEKALB,CI,Clairemont West (Decatur),Clairemont West,name
DEKALB,SB,Scott,Scott,name
DEKALB,CJ,Clairmont Road,Clairmont Road,name
DEKALB,MG,Medlock,Medlock,name
DEKALB,FJ,Flat Shoals,Flat Shoals,name
DEKALB,FC,Flat Shoals Elementary,Flat Shoals Elem,name
DEKALB,MP,Mcnair Academy,McNair Academy,name
DEKALB,EA,East Lake (Atlanta),East Lake,name
DEKALB,MD,Mcnair,McNair,name
DEKALB,KA,Kelley Lake Elementary,Kelley Lake Elem,name
DEKALB,CQ,Candler,Candler,name
DEKALB,GC,Gresham Road,Gresham Road,name
DEKALB,BR,Burgess Elementary (Atlanta),Burgess Elem,name
DEKALB,MT,Metropolitan (Atlanta),Metropolitan,name
DEKALB,PN,Piney Grove,Piney Grove,name
DEKALB,TA,Terry Mill,Terry Mill,name
DEKALB,CL,Clifton,Clifton,name
DEKALB,CR,Cedar Grove Middle,Cedar Grove Middle,name
DEKALB,KC,Kelley Chapel Road,Kelley Chapel Road,name
DEKALB,CA,Columbia Drive,Columbia Drive,name
DEKALB,AF,Austin Drive,Austin Drive,name
DEKALB,CB,Canby Lane Elementary,Canby Lane Elem,name
DEKALB,SR,Snapfinger Road N,Snapfinger Road N,name
DEKALB,GF,Glenwood Road,Glenwood Road,name
DEKALB,GB,Glenhaven,Glenhaven,name
DEKALB,AI,Avondale High,Avondale High,name
DEKALB,CN,Coan Recreation Center (Atlanta),Coan Recreation Center,name
DEKALB,CX,Candler Park (Atlanta),Candler Park,name
DEKALB,LE,Lin-Mary Lin Elementary (Atlanta),Lin-Mary Lin Elem,name
DEKALB,BB,Boulevard (Atlanta),Boulevard,name
DEKALB,FB,Fernbank Elementary,Fernbank Elem,name
DEKALB,EG,Emory South,Emory South,name
DEKALB,JA,Johnson Estates (Atlanta),Johnson Estates,name
DEKALB,LV,Livsey Elementary,Livsey Elem,name
DEKALB,DB,Doraville South (Dor),Doraville South,name
DEKALB,DA,Doraville North (Dor),Doraville North,name
DEKALB,OB,Oakcliff Elementary,Oakcliff Elem,name
DEKALB,NF,North Peachtree (Dunwoody),North Peachtree,name
DEKALB,EC,Embry Hills,Embry Hills,name
DEKALB,WL,Winters Chapel (Dunwoody),Winters Chapel,name
DEKALB,KB,Kingsley Elementary (Dunwoody),Kingsley Elem,name
DEKALB,HB,Hawthorne Elementary,Hawthorne Elem,name
DEKALB,AG,Ashford Dunwoody Road (Brookhaven),Ashford Dunwoody Rd,name
DEKALB,AH,Ashford Parkside (Brookhaven),Ashford Parkside,name
DEKALB,MU,Montgomery Elementary (Brookhaven),Montgomery Elem,name
DEKALB,KG,Kittredge Elementary (Brookhaven),Kittredge Elem,name
DEKALB,GD,Georgetown Sq (Dunwoody),Georgetown Sq,name
DEKALB,DF,Dunwoody (Dunwoody),Dunwoody,name
DEKALB,MS,Mount Vernon West (Dunwoody),Mount Vernon West,name
DEKALB,RL,Rock Chapel Road,Rock Chapel Road,name
DEKALB,RF,Rock Chapel Elementary,Rock Chapel Elem,name
DEKALB,RI,Rockbridge Road,Rockbridge Road,name
CLAYTON,LJ2,Lovejoy 2,Lovejoy 2,name
CLAYTON,LJ7,Lovejoy 7,Lovejoy 7,name
CLAYTON,JB05,Jonesboro 5,Jonesboro 5,name
CLAYTON,JB14,Jonesboro 14,Jonesboro 14,name
CLAYTON,JB18,Jonesboro 18,Jonesboro 18,name
CLAYTON,JB11,Jonesboro 11,Jonesboro 11,name
CLAYTON,JB07,Jonesboro 7,Jonesboro 7,name
CLAYTON,JB06,Jonesboro 6,Jonesboro 6,name
CLAYTON,JB08,Jonesboro 8,Jonesboro 8,name
CLAYTON,MO8,Morrow 8,Morrow 8,name
CLAYTON,MO5,Morrow 5,Morrow 5,name
CLAYTON,MO10,Morrow 10,Morrow 10,name
CLAYTON,RD07,Riverdale 7,Riverdale 7,name
CLAYTON,OAK5,OAK5,Oak 5,name
CLAYTON,FP3,Forest Park 3,Forest Park 3,name
CLAYTON,RD06,Riverdale 6,Riverdale 6,name
CLAYTON,JB15,Jonesboro 15,Jonesboro 15,name
CLAYTON,FP5,Forest Park 5,Forest Park 5,name
CLAYTON,FP6,Forest Park 6,Forest Park 6,name
CLAYTON,RD04,Riverdale 4,Riverdale 4,name
CLAYTON,RD08,Riverdale 8,Riverdale 8,name
CLAYTON,RD01,Riverdale 1,Riverdale 1,name
CLAYTON,RD03,Riverdale 3,Riverdale 3,name
CLAYTON,OAK4,Oak 4,Oak 4,name
CLAYTON,OAK2,Oak 2,Oak 2,name
CLAYTON,RD10,Riverdale 10,Riverdale 10,name
CLAYTON,OAK3,Oak 3,Oak 3,name
CLAYTON,RD11,Riverdale 11,Riverdale 11,name
CLAYTON,PH1,Panhandle 1,Panhandle 1,name
CLAYTON,LJ3,Lovejoy 3,Lovejoy 3,name
CLAYTON,LJ4,Lovejoy 4,Lovejoy 4,name
CLAYTON,LJ5,Lovejoy 5,Lovejoy 5,name
CLAYTON,JB19,Jonesboro 19,Jonesboro 19,name
CLAYTON,JB17,Jonesboro 17,Jonesboro 17,name
CLAYTON,JB02,Jonesboro 2,Jonesboro 2,name
CLAYTON,RD09,Riverdale 9,Riverdale 9,name
CLAYTON,JB16,Jonesboro 16,Jonesboro 16,name
CLAYTON,RD05,Riverdale 5,Riverdale 5,name
CLAYTON,JB01,Jonesboro 1,Jonesboro 1,name
CLAYTON,RD02,Riverdale 2,Riverdale 2,name
CLAYTON,JB12,Jonesboro 12,Jonesboro 12,name
CLAYTON,RD12,Riverdale 12,Riverdale 12,name
CLAYTON,JB13,Jonesboro 13,Jonesboro 13,name
CLAYTON,JB03,Jonesboro 3,Jonesboro 3,name
CLAYTON,JB10,Jonesboro 10,Jonesboro 10,name
CLAYTON,JB09,Jonesboro 9,Jonesboro 9,name
CLAYTON,JB04,Jonesboro 4,Jonesboro 4,name
CLAYTON,LJ1,Lovejoy 1,Lovejoy 1,name
CLAYTON,PH2,Panhandle 2,Panhandle 2,name
CLAYTON,LJ6,Lovejoy 6,Lovejoy 6,name
CLAYTON,OAK1,Oak 1,Oak 1,name
CLAYTON,FP4,Forest Park 4,Forest Park 4,name
CLAYTON,FP1,Forest Park 1,Forest Park 1,name
CLAYTON,MO1,Morrow 1,Morrow 1,name
CLAYTON,EW2,Ellenwood 2,Ellenwood 2,name
CLAYTON,LC1,Lake City,Lake City,name
CLAYTON,MO4,Morrow 4,Morrow 4,name
CLAYTON,MO9,Morrow 9,Morrow 9,name
CLAYTON,MO6,Morrow 6,Morrow 6,name
CLAYTON,MO11,Morrow 11,Morrow 11,name
CLAYTON,EW1,Ellenwood 1,Ellenwood 1,name
CLAYTON,FP2,Forest Park 2,Forest Park 2,name
CLAYTON,MO2,Morrow 2,Morrow 2,name
CLAYTON,MO7,Morrow 7,Morrow 7,name
CLAYTON,MO3,Morrow 3,Morrow 3,name
SPALDING,14,14,14,name
SPALDING,21,21,21,name
SPALDING,12,12,12,name
SPALDING,09,09,09,name
SPALDING,19,19,19,name
SPALDING,16,16,16,name
SPALDING,17,17,17,name
SPALDING,20,20,20,name
SPALDING,07,07,07,name
SPALDING,11,11,11,name
SPALDING,06,06,06,name
SPALDING,10,10,10,name
SPALDING,08,08,08,name
SPALDING,05,05,05,name
SPALDING,01,01,01,name
SPALDING,03,03,03,name
SPALDING,02,02,02,name
SPALDING,13,13,13,name
PICKENS,11,Appalachian,Appalachian,name
PICKENS,7,Talking Rock,Talking Rock,name
PICKENS,8,Jasper,Jasper,name
PICKENS,4,Jerusalem,Jerusalem,name
PICKENS,5,Ludville,Ludville,name
PICKENS,3,Hinton,Hinton,name
PICKENS,2,Hill City,Hill,single_remainder
PICKENS,9,Tate,Tate,name
PICKENS,12,Refuge,Refuge,name
PICKENS,6,Nelson,Nelson,name
PICKENS,1,Yellow Creek,Yellow Creek,name
PICKENS,10,Sharptop,Sharptop,name
GILMER,11,Yukon,Yukon,name
GILMER,12,Roy Road,Big Creek,prior_election_name
GILMER,06,Cherry Log,Cherry Log,name
GILMER,02,Cartecay,Cartecay,name
GILMER,04,Town Creek,Town Creek,name
GILMER,05,Leaches,Leaches,name
GILMER,10,Ellijay North,Ellijay North,name
GILMER,09,East Ellijay,East Ellijay,name
GILMER,13,Ellijay Northeast,Ellijay Northeast,name
GILMER,07,Boardtown,Boardtown,name
GILMER,03,Tails Creek,Tails Creek,name
GILMER,08,Mountaintown,Mountaintown,name
GILMER,01,Ellijay South,Ellijay South,name
TROUP,15,Highland,Highland,name
TROUP,12,Gardner Newman,Gardner Newman,name
TROUP,05,West Point,West Point,name
TROUP,11,Long Cane,Long Cane,name
TROUP,13,Gray Hill,Gray Hill,name
TROUP,02,Administration Bldg,Administration Bldg,name
TROUP,04,Griggs Center,Griggs Center,name
TROUP,08,Rosemont,Rosemont,name
TROUP,16,Northside,Northside,name
TROUP,03,Hammett Road,Hammett Rd,name
TROUP,10,Mclendon,McClendon,unique_name_similarity
TROUP,06,Hogansville,Hogansville,name
TROUP,07,East Vernon,East Vernon,name
TROUP,01,Hollis Hand,Hollis Hand,name
HEARD,SOU,Southwest,Southwest,name
HEARD,EPH,Ephesus,Ephesus,name
HEARD,COO,Cooksville - Corinth,Cooksville-Corinth,name
HEARD,CEN,Centralhatchee,Centralhatchee,name
HEARD,ENO,Enon Grove,Enon Grove,name
HEARD,FRA,Franklin,Franklin,name
CARROLL,1111,Bowdon,Bowdon,name
CARROLL,714BW,Old Camp,Old Camp Church,prior_election_name
CARROLL,713,Roopville,Roopville,name
CARROLL,715,Oak Grove,Oak Grove,name
CARROLL,1483,Clem,Clem,name
CARROLL,1542,Mars Hill,Hulett,prior_election_name
CARROLL,1540,Fairfield,Fairfield,name
CARROLL,714A3,Bonner,Bonner,name
CARROLL,714A2,Lakeshore,Lakeshore Rec Center,prior_election_name
CARROLL,501,Bethany,Bethany,name
CARROLL,714A1,Catherine Hardy,West Carrollton,prior_election_name
CARROLL,714A6,Tabernacle,Tabernacle Church,prior_election_name
CARROLL,714A5,Neva Lomason,County Admin Bldg,prior_election_name
CARROLL,1371,Shiloh,Burwell,prior_election_name
CARROLL,1240,Mount Zion,Mt Zion,name
CARROLL,714A4,University of West Georgia,University of W GA,prior_election_name
CARROLL,1006,Kansas,Kansas,name
CARROLL,682,Whitesburg,Whitesburg,name
CARROLL,1533,Tyus,Tyus,name
CARROLL,642,Vr Powell Park,Villa Rica City,prior_election_name
CARROLL,640,Vr Sports Complex,V R County South,prior_election_name
CARROLL,641,Vr Gold Dust,V R County North,prior_election_name
CARROLL,1152,Center Point,Center Point,name
CARROLL,1122,Midway,Sandhill,prior_election_name
CARROLL,650,Temple City,Temple City,name
CARROLL,649,Temple County,Temple County,name
CARROLL,1496,Mount Holly,Bowdon Junction,prior_election_name
CARROLL,714BN,Carroll Emc,Burson Center,prior_election_name
PAULDING,0011C,Dianne Wright Innovation Center,D Wright Innovation Ctr,unique_name_similarity
PAULDING,0001B,Burnt Hickory Park,Burnt Hickory Park,name
PAULDING,0005C,Paulding Senior Center,Paulding Sr Center,unique_name_similarity
PAULDING,0010B,Poplar Springs Baptist Church,Poplar Sprgs Bapt Church,unique_name_similarity
PAULDING,0012C,Taylor Farm Park,Taylor Farm Park,name
PAULDING,0006B,Legacy Baptist Church,Legacy Bapt Church,unique_name_similarity
PAULDING,0009B,The Event's Place,Events Place,unique_name_similarity
PAULDING,0015C,Carl Scoggins Middle School,Mulberry Rock Park,prior_election_name
PAULDING,0016C,Yorkville Baptist Church,Beulahland Baptist Church,prior_election_name
PAULDING,0017C,Paulding County Airport,Paulding County Airport,name
PAULDING,0007B,Watson Government Complex,Watson Govt Cmplx,prior_election_name
PAULDING,0013B,South Paulding Middle School,Nebo Elem School,prior_election_name
PAULDING,0014B,White Oak Park,White Oak Park,name
PAULDING,0003C,Shelton Elementary School,Shelton Elementary,prior_election_name
PAULDING,0018C,Dobbins Middle School,Dobbins Middle School,name
PAULDING,0004C,Russom Elementary School,Russom Elementary,prior_election_name
PAULDING,0002C,Crossroads Library,Crossroads Library,name
PAULDING,0019C,Activation Church,,unmatched
PAULDING,0008C,East Paulding Middle School,West Ridge Church,prior_election_name
DOUGLAS,1272,Prays Mill Gym,Prays Mill Gym,name
DOUGLAS,736S,Chapel Hill High School,Church At Chapel Hill,prior_election_name
DOUGLAS,734,Elizabeth Baptist Church,Bright Star,prior_election_name
DOUGLAS,735,Dorsett Shoals,Dorsett Shoals,name
DOUGLAS,1260,Dog River Library,Dog River Library,name
DOUGLAS,731,Beulah Baptist Church,Beulah Baptist Church,name
DOUGLAS,1273,Turner,Turner,name
DOUGLAS,1271,Ephesus Baptist Chur,Ephesus Baptist Church,unique_name_similarity
DOUGLAS,1258,Mirror Lake Elementa,Mirror Lake Elementary,unique_name_similarity
DOUGLAS,785,Boundary Waters,Boundary Waters,name
DOUGLAS,736N,Chapel Hill,Chapel Hill,name
DOUGLAS,739,Lutheran Church - Gs,Lutheran Church-GS,name
DOUGLAS,740,St Theresa's Catholic Church,First Baptist Douglasville,prior_election_name
DOUGLAS,737,Chestnut Log,Chestnut Log,name
DOUGLAS,1276,Deer Lick,Deer Lick,name
DOUGLAS,784,Factory Shoals,Factory Shoals,name
DOUGLAS,1275,Lithia Springs High School,Lithia Springs High School,name
DOUGLAS,1274,First Baptist Lithia Springs,First Baptist Lithia Springs,name
DOUGLAS,1270,Atlanta West Pentecostal,Atlanta West Pentecostal,name
DOUGLAS,1259,Winston,Winston,name
DOUGLAS,738,St Julians Episcopal,St Julians Episcopal,name
DOUGLAS,733,Arbor Station,Arbor Station,name
DOUGLAS,730,Old Courthouse,Old Courthouse,name
DOUGLAS,729,Golden Methodist Ch,Golden Methodist Church,unique_name_similarity
DOUGLAS,732,Stewart,Stewart,name
COWETA,04,Dresden,Dresden,name
COWETA,08,Cedar Creek,Cedar Creek,name
COWETA,22,Madras,Madras,name
COWETA,17,Central,Central,name
COWETA,19,Greentop,Greentop,name
COWETA,11,Welcome,Welcome,name
COWETA,15,Smokey Road,Smokey Road,name
COWETA,24,Westside,Westside,name
COWETA,05,Newnan,Newnan,name
COWETA,20,Expo Center,Expo Center,name
COWETA,12,Panther Creek,Panther Creek,name
COWETA,02,Moreland,Moreland,name
COWETA,03,Pine Road,Pine Road,name
COWETA,09,Grantville,Grantville,name
COWETA,27,Coweta Central Library,Coweta Central Library,name
COWETA,26,Thomas Crossroads,Thomas Crossroads,name
COWETA,14,Turin,Turin,name
COWETA,10,Haralson,Haralson,name
COWETA,01,Senoia,Senoia,name
COWETA,06,Sharpsburg,Sharpsburg,name
COWETA,07,Fischer Road,Fischer Road,name
COWETA,23,Cannongate,Cannongate,name
COWETA,13,Raymond,Raymond,name
COWETA,18,The Newnan Centre,Newnan Centre,unique_name_similarity
COWETA,21,White Oak,White Oak,name
COWETA,25,Northside,Northside,name
CLAY,1,Bluffton,Bluffton,name
CLAY,5,Days Cross Road,Days Cross Road,name
CLAY,2,Zetto,Zetto,name
CLAY,3,Court House,Court House,name
CLAY,4,Old Head Start,Old Head Start,name
RANDOLPH,131,Coleman,Coleman,name
RANDOLPH,334,Shellman,Shellman,name
RANDOLPH,954,Springvale,Springvale,name
RANDOLPH,718B,Cuthbert,Cuthbert,name
RANDOLPH,566,Benevolence,Benevolence,name
RANDOLPH,718A,Cuthbert/Courthouse,Cuthbert-Courthouse,name
WHITFIELD,VA,Va,VA,name
WHITFIELD,CO,Co,CO,name
WHITFIELD,ES,Es,ES,name
WHITFIELD,FI,Fi,FI,name
WHITFIELD,GL,Gl,GL,name
WHITFIELD,NI,Ni,NI,name
WHITFIELD,5A,Dalton Recreation Center,5A,code
WHITFIELD,PG,Pg,PG,name
WHITFIELD,4A,Whitfield County Schools Central Office,4A,code
WHITFIELD,3A,Dalton-Whitfield Senior Center,3A,code
WHITFIELD,1A,Dalton City Hall,1A,code
WHITFIELD,6A,Mack Gaston Community Center,6A,code
WHITFIELD,TI,Ti,TI,name
WHITFIELD,DG,Dg,DG,name
WHITFIELD,AN,An,AN,name
WHITFIELD,MC,Mc,MC,name
WHITFIELD,TR,Tr,TR,name
WHITFIELD,CA,Ca,CA,name
WHITFIELD,WS,Ws,WS,name
WHITFIELD,2A,James Brown Center,2A,code
WHITFIELD,TH,Th,TH,name
WHITFIELD,LT,Lt,LT,name
WHITFIELD,UT,Ut,UT,name
SCREVEN,03,Newington,Newington,name
SCREVEN,11,Jackson Fire Station,Jackson Fire Station,name
SCREVEN,05,Rocky Ford,Rocky Ford,name
SCREVEN,10,Senior Citizens Center,Sr Citizens Center,unique_name_similarity
SCREVEN,07,Hiltonia,Hiltonia,name
SCREVEN,02,Hunters,Hunters,name
SCREVEN,06,Bay Branch,Bay Branch,name
SCREVEN,08,Screven Recreation Department,Screven Rec Dept,single_remainder
SCREVEN,04,Jenk Hill Fire Station,Jenk Hill Fire Sta,name
SCREVEN,12,Cooperville Fire Station,Cooperville Fire Station,name
SCREVEN,09,Greenhill Church,Greenhill Church,name
SCREVEN,01,Sylvania,Sylvania,name
BURKE,0003,Girard,Girard,name
BURKE,0008,Munnerlyn,Munnerlyn,name
BURKE,0001,Alexander,Alexander,name
BURKE,0004,Gough,Gough,name
BURKE,0006,Keysville,Keysville,name
BURKE,0011,Telfair,Telfair,name
BURKE,0009,Sardis,Sardis,name
BURKE,0015,South Waynesboro,South Waynesboro,name
BURKE,0014,North Waynesboro,North Waynesboro,name
BURKE,0005,Greenscut,Greenscut,name
BURKE,0012,St. Clair,St Clair,name
BURKE,0016,Blakeney,Blakeney,name
BURKE,0002,Four Points,Four Points,name
BURKE,0007,Midville,Midville,name
BURKE,0013,Vidette,Vidette,name
BURKE,0010,Scotts Crossroads,Scotts Crossroads,name
CHATTOOGA,1216,Dirtseller,,unmatched
CHATTOOGA,961,Seminole,,unmatched
CHATTOOGA,1083,Coldwater,,unmatched
CHATTOOGA,925,Summerville,,unmatched
CHATTOOGA,968,Menlo,,unmatched
CHATTOOGA,C-968X927,Cloudland-Teloga,,unmatched
CHATTOOGA,1484,Lyerly,,unmatched
CHATTOOGA,1382,Haywood,,unmatched
CHATTOOGA,962,Subligna,,unmatched
CHATTOOGA,940,Dirttown,,unmatched
CHATTOOGA,P-870,Pennville,,unmatched
CHATTOOGA,870,Trion,,unmatched
RICHMOND,707,Vineyard Church,707,code
RICHMOND,703,National Hills Baptist Church,703,code
RICHMOND,709,National Hills Baptist Church,709,code
RICHMOND,702,St. Mark United Methodist Church,702,code
RICHMOND,706,Warren Road Recreation Center,706,code
RICHMOND,705,St. Augustine's Episcopal Church,705,code
RICHMOND,708,St. Mark United Methodist Church,708,code
RICHMOND,802,McBean Community Center,802,code
RICHMOND,608,Pine Hill Baptist Church,608,code
RICHMOND,806,Pine Hill Baptist Church,806,code
RICHMOND,808,Cross Creek High School,808,code
RICHMOND,607,Gracewood Community Center,607,code
RICHMOND,506,Sharon Baptist Church,506,code
RICHMOND,804H,Brothersville Event Center,804H,code
RICHMOND,810,Brothersville Event Center,810,code
RICHMOND,801,Blythe City Hall,801,code
RICHMOND,803,Jamestown Community Center,803,code
RICHMOND,801B,Blythe City Hall,801B,code
RICHMOND,210,Augusta Aquatics Center,210,code
RICHMOND,303,Augusta Aquatics Center,303,code
RICHMOND,108,Covenant Presbyterian Church,108,code
RICHMOND,204,Charles Evans Community Center,204,code
RICHMOND,304,Covenant Presbyterian Church,304,code
RICHMOND,201,Building Worship Center,201,code
RICHMOND,309,Friedman Branch Library,309,code
RICHMOND,306,First Baptist Church Of Augusta,306,code
RICHMOND,502,Trinity Christian Methodist Episcopal Church,502,code
RICHMOND,503,Belle Terrace Presbyterian Church,503,code
RICHMOND,507,Friedman Branch Library,507,code
RICHMOND,504,Burns Memorial Methodist Church,504,code
RICHMOND,401,Trinity Christian Methodist Episcopal Church,401,code
RICHMOND,509,Henry Brigham Community Center,509,code
RICHMOND,501,New Zion Missionary Baptist Church,501,code
RICHMOND,603,Southside Baptist Church,603,code
RICHMOND,605,Stevens Creek Church Southside Campus,605,code
RICHMOND,604,Southside Baptist Church,604,code
RICHMOND,114,Southside Baptist Church,114,code
RICHMOND,805,Southside Baptist Church,805,code
RICHMOND,115,Southside Baptist Church,115,code
RICHMOND,111,Paine College Heal Complex,111,code
RICHMOND,105,Mount Calvary Baptist Church,105,code
RICHMOND,102,Kroc Center,102,code
RICHMOND,701,Aldersgate United Methodist Church,701,code
RICHMOND,305,Paine College Heal Complex,305,code
RICHMOND,302,Friedman Branch Library,302,code
RICHMOND,301,Covenant Presbyterian Church,301,code
RICHMOND,308,First Baptist Church Of Augusta,308,code
RICHMOND,804,Blythe Recreation Center,804,code
RICHMOND,807,Jamestown Community Center,807,code
RICHMOND,809,Blythe Recreation Center,809,code
RICHMOND,406,Jamestown Community Center,406,code
RICHMOND,405,Robert Howard Community Center,405,code
RICHMOND,404,Robert Howard Community Center,404,code
RICHMOND,601,East Central Regional Hospital Gracewood,601,code
RICHMOND,310,Providence Baptist Church,310,code
RICHMOND,402,McDuffie Woods Community Center,402,code
RICHMOND,207,Carrie J. Mays Recreation Center,207,code
RICHMOND,203,Mount Calvary Baptist Church,203,code
RICHMOND,101,Charles Evans Community Center,101,code
RICHMOND,307,Julian Smith Casino,307,code
RICHMOND,107,Julian Smith Casino,107,code
RICHMOND,104,Eastview Recreation Center,104,code
RICHMOND,202,Bernie Ward Community Center,202,code
RICHMOND,208,Mann-Mize Fellowship,208,code
RICHMOND,106,Julian Smith Casino,106,code
RICHMOND,103,Wallace Branch Library,103,code
RICHMOND,109,May Park,109,code
RICHMOND,112,May Park,112,code
WARREN,1,Warrenton,Warrenton,name
JEFFERSON,0076,Stapleton Crossroads,Stapleton Crossroads,name
JEFFERSON,1593,Avera,Avera,name
JEFFERSON,0077,Matthews,Matthews,name
JEFFERSON,0082,Louisville,Louisville,name
JEFFERSON,0085,Bartow,Bartow,name
JEFFERSON,0083,Wadley,Wadley,name
JEFFERSON,1460,Stapleton,Stapleton,name
JEFFERSON,0081,Wrens,Wrens,name
HANCOCK,2A,Courthouse,Courthouse,name
HANCOCK,3A,Mayfield Community Center,Mayfield Community Center,name
HANCOCK,4A,Youth Center,Youth Center,name
HANCOCK,3B,Power Of God,Power of God,name
HANCOCK,4C,Sparta 4C,Sparta 4C,name
HANCOCK,4B,Second Darrien,Second Darrien,name
HANCOCK,2B,Second Beulah,Second Beulah,name
HANCOCK,1B,St. Mark,St Mark,name
HANCOCK,1A,Devereux Fire Station,Devereux Fire Station,name
HANCOCK,3C,Warren Chapel,Warren Chapel,name
TWIGGS,HV,Higgsville,Higgsville,name
TWIGGS,DB,Dry Branch,Dry Branch,name
TWIGGS,JV/W,Jeffersonville/Ware,Jeffersonville/Ware,name
TWIGGS,SG/T,Shady Grove/Tarvers,Shady Grove/Tarvers,name
TWIGGS,GI,Golden Isles,Golden Isles,name
JONES,5,Pope,Pope,name
JONES,4,Davidson,Davidson,name
JONES,9,Finney,Finney,name
JONES,6,Barron,Barron,name
JONES,8,Sanders,Sanders,name
JONES,3,Roberts,Roberts,name
JONES,2,Clinton,Clinton,name
JONES,1,Gray,Gray,name
JONES,11,Ethridge,Ethridge,name
JONES,10,Hawkins,Hawkins,name
JASPER,296,Martin & Burney,Martin-Burney,name
JASPER,290,Wyatt,Wyatt,name
JASPER,295,Monticello,Monticello,name
DOOLY,2,Byromville,Byromville,name
DOOLY,7,Vienna,Vienna,name
DOOLY,8,Pinehurst,Pinehurst,name
DOOLY,10,Lilly,Lilly,name
DOOLY,5,Unadilla,Unadilla,name
MACON,2,Oglethorpe,Oglethorpe,name
MACON,5,Montezuma #5,Montezuma #5,name
MACON,3,Marshallville,Marshallville,name
MACON,4,Montezuma #4,Montezuma #4,name
MACON,1,Ideal,Ideal,name
PEACH,F2,Fort Valley #2,Fort Valley 2,name
PEACH,P1,Powersville,Powersville,name
PEACH,B1,Byron #1,Byron 1,name
PEACH,F3,Fort Valley #3,Fort Valley 3,name
PEACH,F1,Fort Valley #1,Fort Valley 1,name
PEACH,C1,Claude,Claude,name
PEACH,B2,Byron #2,Byron 2,name
CRAWFORD,5,District 5,District 5,name
CRAWFORD,1A,Crawford County Government Complex,District 1A,prior_election_name
CRAWFORD,3,District 3,District 3,name
CRAWFORD,4,District 4,District 4,name
CRAWFORD,2,District 2,District 2,name
CRAWFORD,1B,Crawford County Government Complex,District 1B,prior_election_name
HOUSTON,HAFS,Haynesville Fire Station,HAFS,exact_precinct_code
HOUSTON,CENT,Centerville City Hall,CENT,exact_precinct_code
HOUSTON,CGTC,Central Georgia Technical College,CGTC,exact_precinct_code
HOUSTON,MCMS,Mossy Creek Middle School,MCMS,exact_precinct_code
HOUSTON,TMS,Thomson Middle School,TMS,exact_precinct_code
HOUSTON,BMS,Bonaire Middle School,BMS,exact_precinct_code
HOUSTON,VHS,Veteran's High School,VHS,exact_precinct_code
HOUSTON,ROZR,Rozar Park,ROZR,exact_precinct_code
HOUSTON,HEFS,Henderson Fire Station,HEFS,exact_precinct_code
HOUSTON,RECR,Recr,RECR,name
HOUSTON,NSES,Nses,NSES,name
HOUSTON,HHPC,Houston Health Pavilion Conference Center,HHPC,exact_precinct_code
HOUSTON,TWPK,Ted Wright Memorial Park Bldg,TWPK,exact_precinct_code
HOUSTON,FMMS,Feagin Mill Middle School,FMMS,exact_precinct_code
HOUSTON,ANNX,Houston County Annex Building,ANNX,exact_precinct_code
HOUSTON,HCTC,Hctc,HCTC,name
TIFT,08,Ty Ty,Ty Ty,name
TIFT,04,Chula,Chula,name
TIFT,09,Tifton Northwest,Tifton Northwest,name
TIFT,01,Tifton Northeast,Tifton Northeast,name
TIFT,12,Tifton Lodge,Tifton Lodge,name
TIFT,07,Omega,Omega,name
TIFT,05,Docia,Docia,name
TIFT,10,Tifton South,Tifton South,name
TIFT,11,Mott-Litman Gym,Mott-Litman Gym,name
TIFT,06,Eldorado,Eldorado,name
TIFT,03,Brookfield,Brookfield,name
TIFT,02,Brighton,Brighton,name
WORTH,9,Warwick,Warwick,name
WORTH,15,Isabella,Isabella,name
WORTH,7,Doles,Doles,name
WORTH,4,Sumner,Sumner,name
WORTH,1,Sylvester,Sylvester,name
WORTH,11,Minton,Minton,name
WORTH,10,Scooterville,Scooterville,name
WORTH,8,Oakfield,Oakfield,name
WORTH,12,Bridgeboro,Bridgeboro,name
WORTH,14,County Line,County Line,name
WORTH,16,Piney Woods,Piney Woods,name
WORTH,6,Red Rock,Red Rock,name
WORTH,3,Poulan,Poulan,name
WORTH,2,Sylvester East,Sylvester East,name
WORTH,5,Shingler,Shingler,name
CRISP,JAMES,Jamestown,Jamestown,name
CRISP,CORDE,Cordele,Cordele,name
CRISP,CONEY,Coney,Coney,name
CRISP,ARABI,Arabi,Arabi,name
CRISP,LISTO,Listonia,Listonia,name
BRANTLEY,3,Waynesville,Waynesville,name
BRANTLEY,2,Nahunta,Nahunta,name
BRANTLEY,1,Hoboken,Hoboken,name
COLQUITT,0019,Norman Park,Norman Park,name
COLQUITT,0009,Crosland,Crosland,name
COLQUITT,0011,Funston,Funston,name
COLQUITT,0016,Millcreek,Millcreek,name
COLQUITT,0001,Shaw,Shaw,name
COLQUITT,0017,Monk,Monk,name
COLQUITT,0008,Bridgecreek,Bridgecreek,name
COLQUITT,0018,Murphy,Murphy,name
COLQUITT,0013,Hartsfield,Hartsfield,name
COLQUITT,0021,Thigpen,Thigpen,name
COLQUITT,0010,Doerun,Doerun,name
COLQUITT,0012,Hamilton,Hamilton,name
COLQUITT,0023,Warrior,Warrior,name
COLQUITT,0022,Tyty,Tyty,name
COLQUITT,0014,Hopewell,Hopewell,name
COLQUITT,0020,Robinson,Robinson,name
COLQUITT,0015,Lee,Lee,name
COLQUITT,0007,Autreyville,Autreyville,name
COLQUITT,0002,Moultrie,Moultrie,name
BROOKS,1650,Briggs,Briggs,name
BROOKS,1402,Dixie,Dixie,name
BROOKS,1230,Barwick,Barwick,name
BROOKS,659,Nankin,Nankin,name
BROOKS,1199,Quitman,Quitman,name
BROOKS,660,Morven,Morven,name
BROOKS,1712,Pavo,Pavo,name
THOMAS,104,Coolidge/Merrillville,Coolidge,prior_election_name
THOMAS,117,Pavo/Patten,Pavo,prior_election_name
THOMAS,102,Boston,Boston,name
THOMAS,101,Barwick,Barwick,name
THOMAS,116,Pavo/Patten,Patten,prior_election_name
THOMAS,106,Little Ochlocknee Baptist,LIttle Ochlocknee Baptist Church,unique_name_similarity
THOMAS,112,Coolidge/Merrilville,Merrillville,prior_election_name
THOMAS,108,Gatlin Creek,Gatlin Creek,name
THOMAS,103,Central,Central,name
THOMAS,113,Metcalfe,Metcalfe,name
THOMAS,107,Fire Station #2,Fire Station #2,name
THOMAS,109,Harper,Harper,name
THOMAS,120,Tc Public Library/Scott,,unmatched
THOMAS,118,Remington Esc,Remington Esc,name
THOMAS,114,New Covenant,New Covenant,name
THOMAS,115,Ochlocknee,Ochlocknee,name
THOMAS,111,Meigs,Meigs,name
THOMAS,105,Douglass,Douglass,name
THOMAS,119,Resource Center,Resource Center,name
THOMAS,110,Tc Public Library/Jerger,,unmatched
BIBB,WA1,Warrior 1,Warrior 1,name
BIBB,HA4,Hazzard 4,Hazzard 4,name
BIBB,HA2,Hazzard 2,Hazzard 2,name
BIBB,HO2,Howard 2,Howard 2,name
BIBB,HO5,Howard 5,Howard 5,name
BIBB,GF1,Godfrey 1,Godfrey 1,name
BIBB,GF3,Godfrey 3,Godfrey 3,name
BIBB,GF4,Godfrey 4,Godfrey 4,name
BIBB,GF2,Godfrey 2,Godfrey 2,name
BIBB,EM1,East Macon 1,East Macon 1,name
BIBB,EM2,East Macon 2,East Macon 2,name
BIBB,EM4,East Macon 4,East Macon 4,name
BIBB,EM5,East Macon 5,East Macon 5,name
BIBB,HA3,Hazzard 3,Hazzard 3,name
BIBB,GF5,Godfrey 5,Godfrey 5,name
BIBB,HA1,Hazzard 1,Hazzard 1,name
BIBB,HO1,Howard 1,Howard 1,name
BIBB,WA2,Warrior 2,Warrior 2,name
BIBB,RU1,Rutland 1,Rutland 1,name
BIBB,RU2,Rutland 2,Rutland 2,name
BIBB,VV2,Vineville 2,Vineville 2,name
BIBB,VV1,Vineville 1,Vineville 1,name
BIBB,EM3,East Macon 3,East Macon 3,name
BIBB,HO3,Howard 3,Howard 3,name
BIBB,VV3,Vineville 3,Vineville 3,name
BIBB,VV6,Vineville 6,Vineville 6,name
BIBB,VV5,Vineville 5,Vineville 5,name
BIBB,HO4,Howard 4,Howard 4,name
BIBB,VV4,Vineville 4,Vineville 4,name
BIBB,HO7,Howard 7,Howard 7,name
BIBB,HO6,Howard 6,Howard 6,name
MONROE,03,Burgays,Burgays,name
MONROE,01,Bentons,Bentons,name
MONROE,07,Dillards,Dillards,name
MONROE,04,Cabaniss,Cabaniss,name
MONROE,09,Forsyth,Forsyth,name
MONROE,02,Brantleys,Brantleys,name
MONROE,06,Culloden,Culloden,name
MONROE,14,Russellville,Russellville,name
MONROE,11,Kelseys,Kelseys,name
MONROE,05,Cox,Cox,name
MONROE,08,Evers,Evers,name
MONROE,10,High Falls,High Falls,name
MONROE,13,Proctors,Proctors,name
MONROE,12,Middlebrooks,Middlebrooks,name
LEE,4,#4 Leesburg,Leesburg,unique_name_similarity
LEE,1,#1 Chokee,Chokee,unique_name_similarity
LEE,10,#10 Redbone,Redbone,unique_name_similarity
LEE,8,#8 Flint Reformed Baptist,Flint Reformed Baptist,unique_name_similarity
LEE,3,#3 Cjc,CJC,single_remainder
LEE,2,#2 Smithville,Smithville,unique_name_similarity
LEE,9,#9 Century Fire Stat,Century Fire Station,unique_name_similarity
LEE,6,#6 First Baptist,First Baptist,unique_name_similarity
LEE,7,#7 Sda Church,SDA Church,unique_name_similarity
LEE,5,#5 Friendship Bapt.,Friendship Baptist,unique_name_similarity
SUMTER,15,Leslie,Leslie,name
SUMTER,29,Andersonville,Andersonville,name
SUMTER,28,Browns Mill,Browns Mill,name
SUMTER,O-26,Plains,Plains,name
SUMTER,N-26,Concord,Concord,name
SUMTER,W-27,Ag Center,Agri-Center,unique_name_similarity
SUMTER,17,Thompson,Thompson,name
SUMTER,E-27,Airport,Airport,name
SUMTER,C1-27,Rees Park,Reese Park,unique_name_similarity
SUMTER,C2-27,Jrotc,GSW Conf Center,prior_election_name
SUMTER,C3-27,Recreation Department,Rec Dept,prior_election_name
BUTTS,BCAB,Butts County Administration Judicial Center,Butts County Admin Bldg,single_precinct_county
PIKE,7,Williamson,Williamson,name
PIKE,8,Zebulon,Zebulon,name
PIKE,3,Meansville,Meansville,name
PIKE,4,Molena,Molena,name
PIKE,1,Concord,Concord,name
PIKE,2,Hollonville,Hollonville,name
PIKE,5,Second District,Second District,name
PIKE,6,Lifsey Springs,Lifsey Springs,name
LAMAR,1712C,Redbone,Redbone,name
LAMAR,1713,L C S C,L C S C,name
LAMAR,1712B,Senior Citizen Bldg,Senior Citizen Bldg,name
LAMAR,1712A,Chappell Mill V. Fd,Chappell Mill V FD,name
LAMAR,1714,Milner,Milner,name
LAMAR,1711,Barnesville,Barnesville,name
MITCHELL,LS,Lester,Lester,name
MITCHELL,CT,Cotton,Cotton,name
MITCHELL,HI,Hinsonton,Hinsonton,name
MITCHELL,PC,Pebble City,Pebble City,name
MITCHELL,SC,Sale City,Sale City,name
MITCHELL,BV,Branchville,Branchville,name
MITCHELL,HF,Hopeful,Hopeful,name
MITCHELL,PE,Pelham,Pelham,name
MITCHELL,CN,Camilla North,Camilla North,name
MITCHELL,CS,Camilla South,Camilla South,name
MITCHELL,BA,Baconton,Baconton,name
GRADY,SH,Spring Hill,,unmatched
GRADY,L,Limesink,,unmatched
GRADY,B,Blowing Cave,,unmatched
GRADY,S,Spence,,unmatched
GRADY,M,Midway,,unmatched
GRADY,C05,Cairo 5TH Distr,,unmatched
GRADY,WL,Woodland,,unmatched
GRADY,P,Pine Park,,unmatched
GRADY,H,Higdon,,unmatched
GRADY,W,Whigham,,unmatched
GRADY,R,Ragan,,unmatched
GRADY,D,Duncanville,,unmatched
GRADY,C04,Cairo 4TH Distr,,unmatched
DOUGHERTY,22,Pine Bluff Baptist Church,Pine Bluff Baptist Church,name
DOUGHERTY,20,International Studies Elementary,,unmatched
DOUGHERTY,21,International Studie,International Studies,unique_name_similarity
DOUGHERTY,24,Christ Methodist Church,,unmatched
DOUGHERTY,25,Lamar Reese Elementary,Lamar Reese Elementary,name
DOUGHERTY,09,2ND Mount Zion Church,2nd Mt Zion Church,name
DOUGHERTY,26,Albany State University East Campus-Lovett Hall,,unmatched
DOUGHERTY,11,1ST Mount Olive,,unmatched
DOUGHERTY,14,Albany High School,,unmatched
DOUGHERTY,10,Alice Coachman Elementary,Alice Coachman Elementary,name
DOUGHERTY,12,Shiloh Baptist Church,Shiloh Baptist Church,name
DOUGHERTY,13,Litman Cathedral,Litman Cathedral,name
DOUGHERTY,23,Albany Middle School,Albany Middle School,name
DOUGHERTY,03,Covenant Church,Covenant Church,name
DOUGHERTY,08,Westtown Elementary School,,unmatched
DOUGHERTY,07,Darton College,Darton College,name
DOUGHERTY,19,Putney 1ST Baptist Church,Putney 1st Baptist Church,name
DOUGHERTY,18,Radium Middle School,Radium Middle School,name
DOUGHERTY,28,Lovett Hall,Lovett Hall,name
DOUGHERTY,17,Bill Miller Community Center,Jackson Heights Elementary,prior_election_name
DOUGHERTY,01,Palmyra Meth Church,,unmatched
DOUGHERTY,16,Robert H. Harvey Elementary School,,unmatched
DOUGHERTY,15,Turner Elementary,Turner Elementary,name
DOUGHERTY,04,Greenbriar Church,Greenbriar Church,name
DOUGHERTY,05,Westover High School,Westover High School,name
DOUGHERTY,27,1ST Christian Church,1st Christian Church,name
DOUGHERTY,02,Sherwood Elementary School,,unmatched
DOUGHERTY,06,Merry Acres Middle,Merry Acres Middle,name
MARION,955,Fort Perry,Fort Perry,name
MARION,808,Tazewell,Tazewell,name
MARION,948,Brantley,Brantley,name
MARION,339,Pineknot,Pineknot,name
MARION,807,Buena Vista,Buena Vista,name
SEMINOLE,2,Precinct 2,Precinct 2,name
SEMINOLE,1,Precinct 1,Precinct 1,name
SEMINOLE,5,Precinct 5,Precinct 5,name
SEMINOLE,3,Precinct 3,Precinct 3,name
SEMINOLE,4,Precinct 4,Precinct 4,name
EARLY,CS,Cedar Springs,Cedar Springs,name
EARLY,U,Urquhart,Urquhart,name
EARLY,CUBA,Cuba,Cuba,name
EARLY,B,Blakely,Blakely,name
EARLY,A,Arlington,Arlington,name
CALHOUN,1,Leary,Leary,name
CALHOUN,2,Morgan,Morgan,name
CALHOUN,4,Edison-Arlington,Edison-Arlington,name
CALHOUN,3,Edison,Edison,name
CALHOUN,5,Arlington,Arlington,name
TERRELL,06,Herod-Dover,Herod-Dover,name
TERRELL,05,Graves,Graves,name
TERRELL,03,Bronwood,Bronwood,name
TERRELL,01,Dawson,Dawson,name
TERRELL,04,Parrott,Parrott,name
TERRELL,02,Sasser,Sasser,name
DECATUR,1325,Recovery,Recovery,name
DECATUR,1342,Kendrick,Kendrick,name
DECATUR,514,Bdge-Fairgrounds,BDGE-Fairgrounds,name
DECATUR,1277,Mount Pleasant,Mt Pleasant,name
DECATUR,1805,West Bainbridge,West Bainbridge,name
DECATUR,1613,Brinson,Brinson,name
DECATUR,513,Bainbridge-Coliseum,Bainbridge-Coliseum,name
DECATUR,694,Attapulgus,Attapulgus,name
DECATUR,1361,Climax,Climax,name
MILLER,1,Colquitt-Miller,Colquitt-Miller,name
BAKER,A,Anna,Anna,name
BAKER,M,Milford,Milford,name
BAKER,H,Hoggards Mill,Hoggards Mill,name
BAKER,E,Elmodel,Elmodel,name
BAKER,N,Newton,Newton,name
MUSCOGEE,110,Cussetta Road,Cusseta Rd,unique_name_similarity
MUSCOGEE,101,Inc Columbus/Wynnton,Wynnton/Britt,prior_election_name
MUSCOGEE,102,Columbus Public Library,Carver/Mack,prior_election_name
MUSCOGEE,118,St Paul,St Paul/Clubview,prior_election_name
MUSCOGEE,105,St. Peter,St Peter,name
MUSCOGEE,108,Central Baptist,St Mark/Heiferhorn,prior_election_name
MUSCOGEE,106,Chattahoochee,Cornerstone,prior_election_name
MUSCOGEE,113,New Mount Pilgrim,Mt Pilgrim,unique_name_similarity
MUSCOGEE,103,St John/Shirley Winston,St John/Belvedere,prior_election_name
MUSCOGEE,126,Edgewood Baptist,Edgewood Baptist,name
MUSCOGEE,116,Gateway,Holsey/Buena Vista,prior_election_name
MUSCOGEE,124,Epworth United Methodist Church,Epworth UMC,prior_election_name
MUSCOGEE,109,Wynnbrook,Wynnbrook,name
MUSCOGEE,107,Columbus Tech,Columbus Tech,name
MUSCOGEE,104,Britt David,Britt David,name
MUSCOGEE,112,Our Lady Of Lourdes,Our Lady of Lourdes,name
MUSCOGEE,122,First African,First African,name
MUSCOGEE,125,Marianna Gallops,Marianna Gallops,name
MUSCOGEE,114,Faith Tabernacle,Faith Tabernacle,name
MUSCOGEE,117,Cunningham Center-Gentian,Gentian/Reese,prior_election_name
MUSCOGEE,119,Moon,Moon/Morningside,prior_election_name
MUSCOGEE,115,Canaan,Canaan,name
MUSCOGEE,120,St Andrews,St Andrews/Midland,prior_election_name
MUSCOGEE,121,Salvation Army,Salvation Army,name
MUSCOGEE,127,Psalmond,Psalmond/Mathews,prior_election_name
TAYLOR,5,Precinct 5,Precinct 5,name
TAYLOR,1,Precinct 1,Precinct 1,name
TAYLOR,6,Precinct 6,Precinct 6,name
HARRIS,U9,Upper 19TH,Upper 19th,name
HARRIS,L9,Lower 19TH,Lower 19th,name
HARRIS,MG,Mulberry Grove,Mulberry Grove,name
HARRIS,SK,Skinner,Skinner,name
HARRIS,WH,Whitesville,Whitesville,name
HARRIS,GM,Goodman,Goodman,name
HARRIS,PV,Pine Mountain Valley,Pine Mountain Valley,name
HARRIS,VP,Valley Plains,Valley Plains,name
HARRIS,CA,Cataula,Cataula,name
HARRIS,HA,Hamilton,Hamilton,name
HARRIS,EL,Ellerslie,Ellerslie,name
HARRIS,WA,Waverly Hall,Waverly Hall,name
MERIWETHER,07,Luthersville,Luthersville,name
MERIWETHER,06,Lone Oak,Lone Oak,name
MERIWETHER,05,8TH-Greenville,Greenville,unique_name_similarity
MERIWETHER,04,7TH-Odessadale,Odessadale,unique_name_similarity
MERIWETHER,14,Cove,Cove,name
MERIWETHER,10,Lower 9TH-Woodbury,,unmatched
MERIWETHER,09,Middle 9TH-Gay,,unmatched
MERIWETHER,08,Upper 9TH -Alvaton,,unmatched
MERIWETHER,02,Gill I,Gill I,name
MERIWETHER,03,Gill Ii,Gill II,name
MERIWETHER,01,Chalybeate,Chalybeate,name
MERIWETHER,13,Raleigh,Raleigh,name
MERIWETHER,11,2ND-Warm Springs,Warm Springs,unique_name_similarity
MERIWETHER,12,Third-Durand,,unmatched
QUITMAN,G,Georgetown,Georgetown,name
QUITMAN,M,Morris,Morris,name
STEWART,06,Omaha,Omaha,name
STEWART,05,Lumpkin,Lumpkin,name
STEWART,04,Louvale,Louvale,name
STEWART,02,Richland,Richland,name
CHATTAHOOCHEE,1,Activity Center,Activity Center,name
UPSON,0589,Salem,Salem,name
UPSON,0588,Yatesville,Yatesville,name
UPSON,5610,Town,Town,name
UPSON,1610,Redbone,Redbone,name
WEBSTER,P1,Preston 1,Preston 1,name
SCHLEY,01,Precinct One,Precinct One,name
TALBOT,02,Valley,Valley,name
TALBOT,01,Oneal,ONeal,name
TALBOT,05,Talbotton,Talbotton,name
TALBOT,03,Junction City,Junction City,name
TALBOT,08,Flint Hill,Flint Hill,name
TALBOT,06,Box Springs,Box Springs,name
TALBOT,04,Geneva,Geneva,name
JENKINS,1,Primary School,Primary School,name
JENKINS,2,Court House,Court House,name
JENKINS,4,Senior Citizens Center,Senior Citizens Center,name
JENKINS,3,Perkins,Perkins,name
JENKINS,5,Four Points,Four Points,name
CHARLTON,5F,Folkston Fire,Folkston Fire,name
CHARLTON,5W,Winokur,Winokur,name
CHARLTON,3B,Ga Bend,GA Bend,name
CHARLTON,5R,Racepond,Racepond,name
CHARLTON,3S,St. George,St George,name
CHARLTON,4A,American Legion,American Legion,name
CHARLTON,4H,Homeland,Homeland,name
CHARLTON,2,Folkston,Folkston,name
CAMDEN,04,Browntown,,unmatched
CAMDEN,01,Tarboro,,unmatched
CAMDEN,03,Woodbine,,unmatched
CAMDEN,14,West Saint Marys,,unmatched
CAMDEN,11,St. Marys,,unmatched
CAMDEN,05,Harrietts Bluff,,unmatched
CAMDEN,10,North St Marys,,unmatched
CAMDEN,12,South St Marys,,unmatched
CAMDEN,09,East Kingsland,,unmatched
CAMDEN,13,Mush Bluff,,unmatched
CAMDEN,06,West Kingsland,,unmatched
CAMDEN,08,Kingsland,,unmatched
CAMDEN,07,North Kingsland,,unmatched
CAMDEN,02,Waverly,,unmatched
WARE,409,Waresboro Church Of God,409,code
WARE,404,Bickley United Methodist Church,404,code
WARE,405,Haywood Baptist Church,405,code
WARE,400,Second Baptist Church,400,code
WARE,200B,200B - City Auditorium,200B,code
WARE,407,Manor Community Center,407,code
WARE,304,Ware Board of Education Learning Center,304,code
WARE,100,City Auditorium,100,code
WARE,408,Millwood Baptist Church,408,code
WARE,300,Ware Board of Education Transportation,300,code
WARE,406,Jamestown Baptist Church,406,code
WARE,200A,200A - Memorial Stadium,200A,code
BULLOCH,2,Blitch,Blitch,name
BULLOCH,9,Register,Register,name
BULLOCH,11,Statesboro,Statesboro,name
BULLOCH,8,Sinkhole,Sinkhole,name
BULLOCH,12,Portal,Portal,name
BULLOCH,1,Lockhart,Lockhart,name
BULLOCH,10,Emit,Emit,name
BULLOCH,4,Brooklet,Brooklet,name
BULLOCH,13,Fair,Fair,name
BULLOCH,7,Nevils,Nevils,name
BULLOCH,15,Pittman Park,Pittman Park,name
BULLOCH,14,Church,Church,name
BULLOCH,3,Hagin,Hagin,name
BULLOCH,5,Stilson,Stilson,name
BULLOCH,16,Leefield,Leefield,name
BULLOCH,6,Bay,Bay,name
COFFEE,2,Ambrose,Ambrose,name
COFFEE,1,Douglas,Douglas,name
COFFEE,3,Bridgetown,Bridgetown,name
COFFEE,6,West Green,West Green,name
COFFEE,5,Nicholls,Nicholls,name
COFFEE,4,Broxton,Broxton,name
PIERCE,4A,Patterson,Patterson,name
PIERCE,4B,Mershon,Mershon,name
PIERCE,0001,Hacklebarney/Cason,Hacklebarney-Cason,name
PIERCE,4D,Sunset/Sweat,Sunset-Sweat,name
PIERCE,0002,Blackshear,Blackshear,name
PIERCE,3A,St. Johns/Blackshear,St Johns-Blackshear,name
PIERCE,4C,Alabaha,Alabaha,name
PIERCE,3B,Otter Creek,Otter Creek,name
EVANS,11,Veteran's Community Center,Veterans Community Center,name
TURNER,2,Sycamore,Sycamore,name
TURNER,1,Ashburn,Ashburn,name
TURNER,3,Rebecca,Rebecca,name
TATTNALL,7,East Glennville,East Glennville,name
TATTNALL,1,Cobbtown,Cobbtown,name
TATTNALL,9,District V,District V,name
TATTNALL,10,Shiloh,Shiloh,name
TATTNALL,8,District Iv,District IV,name
TATTNALL,4,Manassas,Manassas,name
TATTNALL,5,District Ii,District II,name
TATTNALL,3,Collins,Collins,name
LONG,1,Beards Creek,Beards Creek,name
LONG,6,Alma Flournoy,Alma Flournoy,name
LONG,7,Faith Baptist Annex,Faith Baptist Annex,name
LONG,5,Tibet,Tibet,name
LONG,2,Rye Patch/Oak Dale,Rye Patch/Oak Dale,name
LONG,4,North Ludowici,North Ludowici,name
LONG,3,South Ludowici,South Ludowici,name
TOOMBS,39,Newbranch,39 Newbranch,code
TOOMBS,514,S.T.I.A.L.C.,514 STIALC,code
TOOMBS,43,Cedar Crossing,43 Cedar Crossing,code
TOOMBS,15361,15361 Lyons,15361 Lyons,name
TOOMBS,513,V.P.D.,513 VPD,code
WAYNE,1B,Madray Springs,Madray Springs,name
WAYNE,5A,Unity,Unity,name
WAYNE,4A,Vfw,VFW,name
WAYNE,3A,Altamaha,Altamaha,name
WAYNE,2A,Screven,Screven,name
WAYNE,2C,Empire,Empire,name
WAYNE,2D,Red Hill,Red Hill,name
WAYNE,3B,Gardi,Gardi,name
WAYNE,1A,Odum,Odum,name
WAYNE,1C,Oglethorpe,Oglethorpe,name
WAYNE,5B,Recreation Center,Rec Center,single_remainder
WAYNE,4B,Pine Street,Pine Street,name
GLYNN,1713,Sterling Elementary,Sterling Elementary,name
GLYNN,3733,Career Academy,Career Academy,name
GLYNN,2713,Christian Renewal,Christian Renewal,name
GLYNN,2923,Hampton River,Hampton River,name
GLYNN,4933,The Chapel,The Chapel,name
GLYNN,2953,Jekyll Island,Jekyll Island,name
GLYNN,2943,First Baptist,First Baptist,name
GLYNN,2933,St William Church,,unmatched
GLYNN,4913,Ballard,Ballard,name
GLYNN,3723,Se Baptist Bldg,SE Baptist Bldg,name
GLYNN,3713,Sterling Ch. Of God,Sterling Church of God,unique_name_similarity
GLYNN,3743,C B Greer School,C B Greer School,name
GLYNN,4923,Northside Church,,unmatched
GLYNN,1923,Brookman,Brookman,name
GLYNN,1933,Satilla Marshes,Satilla Marshes,name
GLYNN,5933,Urbana-Perry Parks,Urbana-Perry Parks,name
GLYNN,5913,College Place,College Place UMC,unique_name_similarity
GLYNN,1943,Blythe Island Baptist Church,Blythe Island Baptist,unique_name_similarity
GLYNN,5943,Selden Park,Selden Park,name
GLYNN,5923,Howard Coffin Park,Howard Coffin Park,name
APPLING,4B,4B,4B,name
APPLING,3A1,3A1,3A1,name
APPLING,5A,5A,5A,name
APPLING,1C,1C,1C,name
APPLING,1B,1B,1B,name
APPLING,2,2,2,name
APPLING,3C,3C,3C,name
APPLING,4D,4D,4D,name
APPLING,5B,5B,5B,name
MCINTOSH,271,North Darien,North Darien,name
MCINTOSH,1312,Sapelo Island,Sapelo Island,name
MCINTOSH,1771,Darien,Darien,name
MCINTOSH,1515,Crescent,Crescent,name
MCINTOSH,22,South Newport,South Newport,name
MCINTOSH,1480,Townsend,Townsend,name
BERRIEN,1144,Ray City,Ray City,name
BERRIEN,11062,West Berrien,West Berrien,name
BERRIEN,1642,Enigma,Enigma,name
BERRIEN,1157,Nashville,Nashville,name
BERRIEN,518,Alapaha,Alapaha,name
LOWNDES,012,Northgate Assembly,Northgate Assembly,name
LOWNDES,007,Clyattville,Clyattville,name
LOWNDES,009,S Lowndes,S Lowndes,name
LOWNDES,008,Dasher,Dasher,name
LOWNDES,004,Naylor,Naylor,name
LOWNDES,001,Hahira Train Depot,Hahira Train Depot,name
LOWNDES,006,Mildred,Mildred,name
LOWNDES,013,Mount Calvary,Mt Calvary,name
LOWNDES,011,Jaycee Shack,Jaycee Shack,name
LOWNDES,002,Trinity,Trinity,name
LOWNDES,005,Rainwater,Rainwater,name
LOWNDES,003,Northside,Northside,name
LOWNDES,010,Vsu Uc # 2,VSU UC # 2,name
COOK,L,Lenox,Lenox,name
COOK,M,Massee,Massee,name
COOK,NL,New Life Baptist Ch.,New Life Baptist Church,unique_name_similarity
COOK,C,Cecil,Cecil,name
COOK,DB,Delle Beamguard,Delle Beamguard,name
COOK,RB,Riverbend,Riverbend,name
COOK,EP,Elm Pine,Elm Pine,name
COOK,S,Sparks,Sparks,name
BACON,DOUGL,Douglas,Douglas,name
ATKINSON,0003,Willacoochee,Willacoochee,name
ATKINSON,0001,Pearson County,Pearson County,name
ATKINSON,0004,Pearson City,Pearson City,name
ATKINSON,0002,Axson,Axson,name
JEFF DAVIS,402,Whitehead 2,Whitehead 2,name
JEFF DAVIS,502,Ocmulgee 2,Ocmulgee 2,name
JEFF DAVIS,302,Blackburn 2,Blackburn 2,name
JEFF DAVIS,301,Blackburn 1,Blackburn 1,name
JEFF DAVIS,201,Altamaha 1,Altamaha 1,name
JEFF DAVIS,100,Hazlehurst,Hazlehurst,name
JEFF DAVIS,202,Altamaha 2,Altamaha 2,name
JEFF DAVIS,401,Whitehead 1,Whitehead 1,name
JEFF DAVIS,501,Ocmulgee 1,Ocmulgee 1,name
BRYAN,9,Devaul Henderson Park Gym,Public Safety Complex,prior_election_name
BRYAN,5,Timber Trail,RH Rec Complex,prior_election_name
BRYAN,6,Wetlands Center,JF Gregory Park,prior_election_name
BRYAN,3,Lanier,Black Creek,prior_election_name
BRYAN,8,New Beginnings,Hwy 144 East,prior_election_name
BRYAN,7,Spirit Of Peace Lutheran Church,Keller,prior_election_name
BRYAN,10,Daniel Siding,Danielsiding,name
BRYAN,4,First Baptist Church,Ways Station,prior_election_name
BRYAN,1,Harn Community Center,Pembroke,prior_election_name
BRYAN,2,Olive Branch Baptist Church,Ellabell,prior_election_name
LIBERTY,5,Fleming West,Fleming West,name
LIBERTY,13,Performing Arts Center (Pac),Button Gwinnett,prior_election_name
LIBERTY,6,Fleming East,Fleming East,name
LIBERTY,3,Liberty Co Complex,Liberty County Complex,name
LIBERTY,2,Hinesville,Hinesville,name
LIBERTY,1,Riceboro Youth Center,Riceboro Youth Center,name
LIBERTY,11,Lewis Frasier School,Lewis Frasier School,name
LIBERTY,7,Gum Branch,Gum Branch,name
LIBERTY,4,Victory Baptist,Walthourville,prior_election_name
LIBERTY,10,Lyman Hall School,Lyman Hall School,name
LIBERTY,9,Progressive Church,Hinesville Lodge 271,prior_election_name
LIBERTY,12,Memorial Drive East,Memorial Dr East,unique_name_similarity
LIBERTY,14,Town Of Allenhurst,Town of Allenhurst,name
CLINCH,D,Dupont,Dupont,name
CLINCH,F,Fargo,Fargo,name
CLINCH,H,Homerville,Homerville,name
CLINCH,AB,Arabia,Arabia,name
CLINCH,AG,Argyle,Argyle,name
LANIER,1,Lakeland,Lakeland,name
ECHOLS,1058,Statenville,Statenville,name
EMANUEL,0050,Oak Park,Oak Park,name
EMANUEL,1502,Nunez,Nunez,name
EMANUEL,0058,Stillmore,Stillmore,name
EMANUEL,1748,Adrian,Adrian,name
EMANUEL,0053,Swainsboro,Swainsboro,name
EMANUEL,0057,Summertown,Summertown,name
EMANUEL,1560,Twin City,Twin City,name
EMANUEL,1429,Garfield,Garfield,name
EMANUEL,1208,Blundale,Blundale,name
EMANUEL,0052,Cross-Green,Cross-Green,name
EMANUEL,1333,Canoochee,Canoochee,name
TELFAIR,LU,Lumber-City,Lumber-City,name
TELFAIR,SC,Scotland,Scotland,name
TELFAIR,MI,Milan,Milan,name
TELFAIR,JA,Jacksonville,Jacksonville,name
TELFAIR,MC,Mcrae,McRae,name
TELFAIR,HE,Helena,Helena,name
WHEELER,1,Alamo,Alamo,name
WHEELER,2,Glenwood,Glenwood,name
MONTGOMERY,05,Mount Vernon,Mount Vernon,name
MONTGOMERY,07,Uvalda,Uvalda,name
MONTGOMERY,02,Alston,Alston,name
MONTGOMERY,01,Ailey,Ailey,name
MONTGOMERY,03,Higgston,Higgston,name
MONTGOMERY,06,Tarrytown,Tarrytown,name
MONTGOMERY,04,Kibbee,Kibbee,name
LAURENS,14,Harvard,Harvard,name
LAURENS,22,Lcfs #10 (Valambrosia),LCFS 10 Valambrosia,prior_election_name
LAURENS,16,Rural Fire Station #17,Rural Fire Sta 17,name
LAURENS,12,Dudley,Dudley,name
LAURENS,18,W T Adams Fire Station #18,W T Adams Fire Sta 18,name
LAURENS,08,Burch,Burch,name
LAURENS,10,Cadwell,Cadwell,name
LAURENS,19,Reedy Springs,Reedy Springs,name
LAURENS,13,Hampton Mill,Hampton Mill,name
LAURENS,21,Smith,Smith,name
LAURENS,11,Brewton,Brewton,name
LAURENS,15,Minter,Minter,name
LAURENS,04,Calhoun Park,Calhoun Park,name
LAURENS,07,Buckeye,Buckeye,name
LAURENS,05,Fire Department Station #5,Fire Dept Sta 5,prior_election_name
LAURENS,03,Fbc - Flc,FBC-FLC,name
WILKINSON,11,Turkey Creek,Turkey Creek,name
WILKINSON,04,High Hill,High Hill,name
WILKINSON,02,Bloodworth,Bloodworth,name
WILKINSON,03,Griffin,Griffin,name
WILKINSON,07,Lord,Lord,name
WILKINSON,10,Ramah,Ramah,name
WILKINSON,05,Irwinton,Irwinton,name
WILKINSON,06,Ivey,Ivey,name
WILKINSON,08,Midway,Midway,name
TREUTLEN,ANNEX,Annex,Annex,name
TREUTLEN,SOPE,Soperton,Soperton,name
CANDLER,CAND,Jack Strickland Community Center,Jack Strickland Comm Center,name
DODGE,CLARK,Clark,Clark,name
DODGE,RAWLI,Rawli,Rawlins,unique_code_prefix
DODGE,YONKE,Yonke,Yonker,unique_code_prefix
DODGE,PLAIN,Plain,Plainfield,unique_code_prefix
DODGE,MULLI,Mulli,Mullis,unique_code_prefix
DODGE,LEE,Lee,Lee,name
DODGE,EDDIN,Eddin,Eddin,name
DODGE,EMPIR,Empir,Empire,unique_code_prefix
DODGE,MILAN,Milan,Milan,name
DODGE,CHAUN,Chaun,Chauncey,unique_code_prefix
DODGE,JONES,Jones,Jones,name
DODGE,JAYBI,Jaybi,Jaybird,unique_code_prefix
DODGE,MITCH,Mitch,Mitchell,unique_code_prefix
DODGE,PONDT,Pondt,Pondtown,unique_code_prefix
DODGE,VILUL,Vilul,Vilula,unique_code_prefix
DODGE,MCCRA,Mccra,McCranie,unique_code_prefix
BLECKLEY,1,1,Fairground,single_precinct_county
JOHNSON,1266,Smith,Smith,name
JOHNSON,1201,Wrightsville,Wrightsville,name
JOHNSON,55,Kite,Kite,name
JOHNSON,1301,Bray,Bray,name
WASHINGTON,91,Harrison,Harrison,name
WASHINGTON,1488,Tennille,Tennille,name
WASHINGTON,97,Sandersville,Sandersville,name
WASHINGTON,1253,Riddleville,Riddleville,name
WASHINGTON,94,Davisboro,Davisboro,name
WASHINGTON,1350,Warthen,Warthen,name
WASHINGTON,88,Oconee,Oconee,name
WASHINGTON,99,Deepstep,Deepstep,name
PULASKI,ANNEX,Courthouse Annex,Courthouse Annex,name
GLASCOCK,EDGH,Edgehill,Edgehill,name
GLASCOCK,MITC,Mitchell,Mitchell,name
GLASCOCK,GIBS,Gibson,Gibson,name
GLASCOCK,MILL,Mill,Mill,name
WILCOX,1A,Rochelle North #1,Rochelle North 1,name
WILCOX,2B,Pineview #2,Pineview 2,name
WILCOX,5A,Abbeville South #5,Abbeville South 5,name
WILCOX,3A,Pitts #3,Pitts 3,name
WILCOX,4A,Rochelle South #4,Rochelle South 4,name
WILCOX,2A,Abbeville North #2,Abbeville North 2,name
BEN HILL,2,West,West,name
BEN HILL,1,East,East,name
IRWIN,0901,Irwinville,Irwinville,name
IRWIN,1529,Ocilla,Ocilla,name
IRWIN,1753,Holt,Holt,name
PUTNAM,104,Waterworks Building,104,code
PUTNAM,105,Lake Oconee Lutheran Church,105,code
PUTNAM,106,Crooked Creek,106,code
PUTNAM,107,Lakeside Baptist Church,107,code
PUTNAM,101,Putnam County Board Of Elections,101,code
BALDWIN,322,Coopers,Coopers,name
BALDWIN,1714,Scottsboro,Scottsboro,name
BALDWIN,CTY6,North Milledgeville,North Milledgeville,name
BALDWIN,MONT,East Baldwin,East Baldwin,name
BALDWIN,CTY2,City Hall Annex,City Hall Annex,name
BALDWIN,321E,East Hardwick,East Hardwick,name
BALDWIN,CTY3,Boddie,Boddie,name
BALDWIN,319,West Baldwin,West Baldwin,name
BALDWIN,MERI,Meriwether,Meriweather,unique_name_similarity
BALDWIN,321W,West Hardwick,West Hardwick,name
BALDWIN,CTY5,West Thomas,Fire Dept,prior_election_name
BALDWIN,318,North Baldwin,North Baldwin,name
BALDWIN,CTY1,South Milledgeville,South Milledgeville,name
BALDWIN,CTY4,Courthouse,Courthouse,name
EFFINGHAM,3A,Elam Egypt Baptist Church,3A,code
EFFINGHAM,4C,Pineora Baptist Church,4C,code
EFFINGHAM,2C,Bible Lutheran Church,2C,code
EFFINGHAM,4B,Rincon Church Of God Family Life Center,4B,code
EFFINGHAM,3C,Bethel Lutheran Church,3C,code
EFFINGHAM,3B,Clyo Community Center,3B,code
EFFINGHAM,1B,Sand Hill Baptist Church,1B,code
EFFINGHAM,1C,Meldrim Baptist Church,1C,code
EFFINGHAM,1D,Faulkville Baptist Church,1D,code
EFFINGHAM,1A,Zion Lutheran Church,1A,code
EFFINGHAM,2A,Church Of Christ,2A,code
EFFINGHAM,3D,Pilgrim Baptist Association,3D,code
EFFINGHAM,5C,Rincon First Christian Church,5C,code
EFFINGHAM,4A,Springfield Methodist Family Life Center,4A,code
EFFINGHAM,2B,St. Luke's Episcopal Church,2B,code
EFFINGHAM,5B,Rincon Baptist Temple,5B,code
EFFINGHAM,5A,Macomber Recreational Center,5A,code
CHATHAM,4-06C,First Baptist Church Of The Island,4-06C First Baptist of the Island,code
CHATHAM,4-05C,Saint Francis Episcopal Church,4-05C St Francis Episcopal Church,code
CHATHAM,4-02C,Islands High School Annex,4-02C Frank Murray Comm Center,code
CHATHAM,4-11C,Tybee Old School Cafe,4-11C Tybee Island School Cafe,code
CHATHAM,3-13C,New Cov 7 Day Adv Ch,3-13C New Cov 7 Day Adv Ch,code
CHATHAM,1-12C,Isle Of Hope Baptist,1-12C Isle of Hope Baptist,code
CHATHAM,3-05C,New Generations Cathedral,3-05C Aldersgate Youth Center,code
CHATHAM,3-12C,Thunderbolt Mun Comp,3-12C Thunderbolt Muni Complex,code
CHATHAM,1-17C,Islands Christian Ch,1-17C Islands Christian Church,code
CHATHAM,7-09C,"Compassion Christian, Henderson",7-09C Savannah Holy C of G,code
CHATHAM,7-08C,Bloomingdale Community Center,7-08C Bloomingdale Comm Ctr,code
CHATHAM,7-16C,Pooler Recreation Center Gymnasium,7-16C Pooler Recreation Center Gymnasium,code
CHATHAM,7-12C,West Chatham Baptist Church,7-12C Pooler Church,code
CHATHAM,6-11C,Coastal Ga Botanical Gardens,6-11C Bamboo Farms,code
CHATHAM,7-04C,Lake Shore Community Center,7-04C Lake Shore Comm Ctr,code
CHATHAM,5-01C,Bartlett Middle School,5-01C Bartlett Middle School,code
CHATHAM,6-06C,The Light Church,6-06C The Light Church,code
CHATHAM,1-09C,Immanuel Baptist Church,1-09C Immanuel Baptist Church,code
CHATHAM,5-05C,Liberty City Community Center,5-05C Liberty City Comm Ctr,code
CHATHAM,5-10C,Jonesville Baptist Church,5-10C Tatumville Community Center,code
CHATHAM,1-06C,Central Church Of Christ,1-06C Central Church of Christ,code
CHATHAM,7-05C,Woodlawn Baptist Church,7-05C Woodlawn Baptist Church,code
CHATHAM,8-12C,Beach High School,8-12C Beach High School,code
CHATHAM,8-15C,Cooper Center,8-15C Garden City Rec Center,code
CHATHAM,7-07C,Rothwell Baptist Church,7-07C Rothwell Baptist Church,code
CHATHAM,8-16C,Mighty 8TH Museum,8-16C Royal Cinemas and IMAX,code
CHATHAM,5-06C,Seed Church,5-06C Seed Church,code
CHATHAM,5-07C,Elks Lodge,5-07C Station 1,code
CHATHAM,5-08C,Savannah Primitive Baptist Church,5-08C Savannah Primitive BC,code
CHATHAM,5-11C,Largo-Tibet Elementa,5-11C Largo-Tibet Elementary,code
CHATHAM,8-13C,Savannah Christian S,8-13C Savannah Christian,code
CHATHAM,7-06C,1ST Baptist Church Of Pooler,7-06C Pooler City Hall,code
CHATHAM,7-13C,Southside Fire Training Center,7-13C Southside Fire Trng Ctr,code
CHATHAM,8-03C,Silk Hope Baptist Church,8-03C Silk Hope Baptist Church,code
CHATHAM,6-08C,Christ Memorial Baptist Church,6-08C Christ Memorial Baptist Church,code
CHATHAM,4-12C,St Peters Episcopal,4-12C St Peters Episcopal,code
CHATHAM,4-10C,Burke Day Public Safety Bldg,4-10C Guard House Comm Ctr,code
CHATHAM,7-14C,Coastal Cathedral,7-14C Coastal Cathedral,code
CHATHAM,7-10C,Progressive Recreation Center,7-10C Progressive Rec Center,code
CHATHAM,6-01C,White Bluff Presbyterian Church,6-01C White Bluff Presbyterian,code
CHATHAM,1-13C,The Sanctuary,1-13C The Sanctuary,code
CHATHAM,1-14C,St. Luke United Methodist Church,1-14C Compassion Christian Church,code
CHATHAM,1-10C,St. Thomas Episcopal Church,1-10C St Thomas Episcopal Church,code
CHATHAM,4-14C,Skidaway Island Methodist Church,4-14C Skidaway Island Baptist,code
CHATHAM,4-15C,Skidaway Island Stat,4-15C Skidaway Island State Park,code
CHATHAM,6-10C,Georgetown Elementary,6-10C Station 3,code
CHATHAM,4-13C,Skidaway Community Church,4-13C Skidaway Island Pres Church,code
CHATHAM,6-02C,Windsor Forest Baptist Church School,6-02C Windsor Forest Baptist,code
CHATHAM,1-16C,Ferguson Ave Baptist,1-16C Ferguson Ave Baptist,code
CHATHAM,6-09C,Trinity Lutheran Church,6-09C Trinity Lutheran Church,code
CHATHAM,6-03C,Crusader Community Center,6-03C Crusader Comm Center,code
CHATHAM,6-05C,Windsor Hall,6-05C Windsor Hall,code
CHATHAM,4-08C,Wilmington Island Presbyterian Church,4-08C Wilmington Island Pres Church,code
CHATHAM,4-07C,Wilmington Island United Methodist Church,4-07C Wilmington Island UMC,code
CHATHAM,4-04C,Lighthouse Baptist Church,4-04C Lighthouse Baptist Church,code
CHATHAM,7-11C,Savannah Fire Station #14,7-11C Seventh Day Adv Church,code
CHATHAM,7-15C,Rice Creek School,7-15C Rice Creek School,code
CHATHAM,7-01C,First Baptist Church Of Garden City,7-01C Garden City Senior Ctr,code
CHATHAM,7-03C,Pb Edwards Gymnasium,7-03C PB Edwards Gym,code
CHATHAM,8-07C,Woodville-Tompkins Technical Inst,8-07C Woodville-Tompkins TI,code
CHATHAM,3-04C,First African Baptist Church,3-04C First African Baptist Church,code
CHATHAM,3-03C,Savannah High School,3-03C Savannah High School,code
CHATHAM,3-15C,Eli Whitney Complex,3-15C Eli Whitney Complex,code
CHATHAM,3-09C,The Connexion Church,3-09C Cokesbury Methodist,code
CHATHAM,3-08C,Jenkins High School,3-08C Jenkins High School,code
CHATHAM,3-10C,Bible Baptist Church,3-10C Bible Baptist Church,code
CHATHAM,2-09C,Salvation Army,2-09C Salvation Army,code
CHATHAM,8-11C,Butler Elementary Sc,8-11C Butler Elementary,code
CHATHAM,8-10C,Carver Heights Community,8-10C Carver Heights Comm Ctr,code
CHATHAM,3-14C,Oglethorpe Charter Academy,3-14C Oglethorpe Charter Academy,code
CHATHAM,1-08C,Grace United Methodist Church,1-08C Grace United Methodist Church,code
CHATHAM,3-11C,Southside Baptist Ch,3-11C Southside Baptist Church,code
CHATHAM,1-05C,J E A,1-05C JEA Building,code
CHATHAM,1-01C,First Presbyterian Church,1-01C First Presbyterian Church,code
CHATHAM,2-11C,Coastal Cathedral Mission Campus,2-11C Stillwell Towers,code
CHATHAM,2-02C,River Pointe,2-02C Blackshear Community Center,code
CHATHAM,2-06C,Eli Whitney Complex,2-06C Eli Whitney Complex,code
CHATHAM,3-01C,Old Courthouse,3-01C Old Courthouse,code
CHATHAM,3-02C,Temple Mickve Israel,3-02C Temple Mickve Israel,code
CHATHAM,2-03C,W W Law Center,2-03C W W Law Center,code
CHATHAM,2-04C,Fellowship Of Love Community Church,2-04C Fellowship of Love Church,code
CHATHAM,2-07C,Christ Community Church At Morningside,2-07C Christ Community Church,code
CHATHAM,5-03C,Butler Presbyterian Church Ed Bldg,5-03C Butler Presbyterian Church,code
CHATHAM,8-06C,Tompkins Recreation Center,8-06C Tompkins Rec Center,code
CHATHAM,5-02C,Senior Citizen Center,5-02C Senior Citizens Center,code
CHATHAM,8-05C,West Broad Street Ymca,8-05C W Broad St YMCA,code
CHATHAM,8-08C,Resurrection Of Our Lord Catholic Church,8-08C Resur of Our Lord Church,code
CHATHAM,8-09C,Moses Jackson Center,8-09C Moses Jackson Center,code
CHATHAM,8-01C,Ralph Mark Gilbert Civil Rights Museum,8-01C Civic Center,code
CHATHAM,2-12C,Williams Court Apts,2-12C Williams Court Apts,code
CHATHAM,8-02C,Hellenic Center,8-02C Hellenic Center,code
CHATHAM,2-05C,Holy Spirit Lutheran Church,2-05C Holy Spirit Lutheran Church,code
WHITE,051,Mount Yonah,Mt Yonah,name
WHITE,031,Helen,Helen,name
WHITE,011,Blue Creek,Blue Creek,name
WHITE,061,Nacoochee,Nacoochee,name
WHITE,071,Robertstown,Robertstown,name
WHITE,101,Town Creek,Town Creek,name
WHITE,021,Blue Ridge,Blue Ridge,name
WHITE,091,Tesnatee,Tesnatee,name
WHITE,041,Mossy Creek,Mossy Creek,name
WHITE,111,White Creek,White Creek,name
WHITE,081,Shoal Creek,Shoal Creek,name
HALL,020,West Whelchel,West Whelchel,name
HALL,027,Big Hickory,Big Hickory,name
HALL,019,Whelchel,Whelchel,name
HALL,015,Quillians,Quillians,name
HALL,002,Chicopee,Chicopee,name
HALL,023,Gainesville Iii,Gainesville III,name
HALL,028,Friendship I,Friendship I,name
HALL,008,Morgan I,Morgan I,name
HALL,009,Morgan Ii,Morgan II,name
HALL,006,Flowery Branch Ii,Flowery Branch II,name
HALL,029,Friendship Ii,Friendship II,name
HALL,005,Flowery Branch I,Flowery Branch I,name
HALL,031,Friendship Iv,Friendship IV,name
HALL,030,Friendship Iii,Friendship III,name
HALL,004,Oakwood Ii,Oakwood II,name
HALL,003,Oakwood I,Oakwood I,name
HALL,001,Wilson,Wilson,name
HALL,018,Fork,Fork,name
HALL,017,Chestatee,Chestatee,name
HALL,016,Bark Camp,Bark Camp,name
HALL,007,Roberts,Roberts,name
HALL,014,Clermont,Clermont,name
HALL,013,Lula,Lula,name
HALL,024,Gainesville Iv,Gainesville IV,name
HALL,025,Gainesville V,Gainesville V,name
HALL,010,Candler,Candler,name
HALL,021,Gainesville I,Gainesville I,name
HALL,022,Gainesville Ii,Gainesville II,name
HALL,011,Tadmore,Tadmore,name
HALL,012,Glade,Glade,name
HALL,026,Gillsville,Gillsville,name
CHEROKEE,028,Mountain Road,Mountain Road,name
CHEROKEE,033,Salacoa,Salacoa,name
CHEROKEE,003,Avery,Avery,name
CHEROKEE,038,Union Hill,Union Hill,name
CHEROKEE,027,Macedonia,Macedonia,name
CHEROKEE,004,Ball Ground,Ball Ground,name
CHEROKEE,020,Hightower,Hightower,name
CHEROKEE,006,Bells,Bells,name
CHEROKEE,029,Oak Grove,Oak Grove,name
CHEROKEE,023,Kellogg,Kellogg,name
CHEROKEE,040,Victoria,Victoria,name
CHEROKEE,011,Carmel,Carmel,name
CHEROKEE,016,Dixie,Dixie,name
CHEROKEE,032,Rosecreek,Rosecreek,name
CHEROKEE,018,Freehome,Freehome,name
CHEROKEE,035,Sutallee,Sutallee,name
CHEROKEE,041,Waleska,Waleska,name
CHEROKEE,012,Woodstock,Woodstock,name
CHEROKEE,015,Deer Run,Deer Run,name
CHEROKEE,044,Neese,Neese,name
CHEROKEE,037,Toonigh,Toonigh,name
CHEROKEE,024,Liberty,Liberty,name
CHEROKEE,022,Holly Springs,Holly Springs,name
CHEROKEE,042,Wildcat,Wildcat,name
CHEROKEE,043,Woodlands,Woodlands,name
CHEROKEE,026,Little River,Little River,name
CHEROKEE,001,Air Acres,Air Acres,name
CHEROKEE,002,Arnold Mill,Arnold Mill,name
CHEROKEE,008,Bradshaw,Bradshaw,name
CHEROKEE,019,Hickory Flat,Hickory Flat,name
CHEROKEE,031,R T Jones,R T Jones,name
CHEROKEE,039,Univeter,Univeter,name
CHEROKEE,013,Clayton,Clayton,name
CHEROKEE,014,Conns Creek,Conns Creek,name
CHEROKEE,036,Teasley,Teasley,name
CHEROKEE,010,Canton,Canton,name
CHEROKEE,030,R M Moore,R M Moore,name
CHEROKEE,021,Hillside,Hillside,name
CHEROKEE,007,Booth,Booth,name
CHEROKEE,005,Bascomb,Bascomb,name
CHEROKEE,034,Sixes,Sixes,name
CHEROKEE,009,Bridgemill,Bridgemill,name
BARROW,03,Hmong New Hope Alliance Church,03 Hmong New Hope Alliance Church,code
BARROW,04,Covenant Life Sanctuary,04 Covenant Life Sanctuary,code
BARROW,02,Bethlehem Church - 211,02 Bethlehem Church - 211,code
BARROW,05,Fire Station 1 (Statham),05 Fire Station 1 (Statham),code
BARROW,13,Winder Community Center,13 Winder Community Center,code
BARROW,08,First Baptist Church Winder,08 First Baptist Church Winder,code
BARROW,16,The Church At Winder,16 The Church at Winder,code
BARROW,01,Bethlehem Community Center,01 Bethlehem Community Center,code
DAWSON,03,East,East,name
DAWSON,02,Central,Central,name
DAWSON,01,West,West,name
LUMPKIN,DA,Dahlonega,Dahlonega,name
MURRAY,1291,Southwest,Southwest,name
MURRAY,1895,Spring Place,Spring Place,name
MURRAY,1039,Shuck Pen,Shuck Pen,name
MURRAY,872,Carters-Doolittle,Carters-Doolittle,name
MURRAY,824,Town,Town,name
MURRAY,1013,Mcdonald,McDonald,name
MURRAY,874,North,North,name
TOWNS,1468,Young Harris,Young Harris,name
TOWNS,990,Hiawassee,Hiawassee,name
TOWNS,833,Macedonia,Macedonia,name
GORDON,980,Resaca,Resaca,name
GORDON,856,Lily Pond,Lily Pond,name
GORDON,1064,Oostanaula,Oostanaula,name
GORDON,1054,Sugar Valley,Sugar Valley,name
GORDON,849-B,Calhoun City,Calhoun City,name
GORDON,849-A,Gordon County,Gordon County,name
GORDON,1056,Sonoraville,Sonoraville,name
GORDON,973,Red Bud,Red Bud,name
GORDON,1063,Pine Chapel,Pine Chapel,name
GORDON,874,Fairmount,Fairmount,name
GORDON,1235,Oakman,Oakman,name
GORDON,1055,Plainville,Plainville,name
DADE,1038,South Dade,South Dade,name
DADE,1214,New Salem,New Salem,name
DADE,960,Trenton,Trenton,name
DADE,1222,Davis,Davis,name
DADE,1885,New Home,New Home,name
DADE,1889,West Brow,West Brow,name
DADE,974,North Dade,North Dade,name
FANNIN,SKEN,Skeniah,Skeniah,name
FANNIN,NOON,Noontootla,Noontootla,name
FANNIN,MORG,Morganton,Morganton,name
FANNIN,TOCC,Toccoa,Toccoa,name
FANNIN,COLW,Colwell,Colwell,name
FANNIN,MOBI,Mobile,Mobile,name
FANNIN,SUGC,Sugar Creek,Sugar Creek,name
FANNIN,FLIN,Flinthill,Flinthill,name
FANNIN,MINE,Mineral Bluff,Mineral Bluff,name
FANNIN,HOTH,Hothouse,Hothouse,name
FANNIN,HEMP,Hemptown,Hemptown,name
FANNIN,FAIR,Fairplay,Fairplay,name
FLOYD,030,Etowah,Etowah,name
FLOYD,020,Cave Spring,Cave Spring,name
FLOYD,045,Foster's Mill,Fosters Mill,name
FLOYD,010,Armuchee,Armuchee,name
FLOYD,040,Floyd Springs,Floyd Springs,name
FLOYD,080,North Carolina,North Carolina,name
FLOYD,015,Barkers,Barkers,name
FLOYD,115,Texas Valley,Texas Valley,name
FLOYD,050,Garden Lakes,Garden Lakes,name
FLOYD,075,Mount Alto North,Mt Alto North,name
FLOYD,001,Alto Park,Alto Park,name
FLOYD,130,Shannon,Watters,prior_election_name
FLOYD,035,Everett Springs,Everett Springs,name
FLOYD,076,Mount Alto South,Mt Alto South,name
FLOYD,110,South Rome,South Rome,name
FLOYD,090,East Rome,East Rome,name
FLOYD,085,Riverside,Riverside,name
FLOYD,055,Glenwood,Glenwood,name
FLOYD,135,Lindale,West Lindale,prior_election_name
FLOYD,105,North Rome,North Rome,name
FLOYD,140,Town Rome,Town Rome,name
FLOYD,125,Vanns Valley,Vanns Valley,name
FLOYD,065,East Lindale,East Lindale,name
FLOYD,060,Howell,Howell,name
FLOYD,025,Chulio,Chulio,name
BARTOW,14,Taylorsville,Taylorsville,name
BARTOW,10,Kingston,Kingston,name
BARTOW,01,Adairsville,Adairsville,name
BARTOW,11,Mission Road,Mission Road,name
BARTOW,09,Folsom,Folsom,name
BARTOW,12,Pine Log,Pine Log,name
BARTOW,08,Euharlee,Euharlee,name
BARTOW,02,Allatoona,Allatoona,name
BARTOW,06,Center,Center,name
BARTOW,15,White,White,name
BARTOW,03,Cartersville East,Cartersville East,name
BARTOW,17,Hamilton Crossing,Hamilton Crossing,name
BARTOW,05,Cassville,Cassville,name
BARTOW,07,Emerson,Emerson,name
BARTOW,04,Cartersville West,Cartersville West,name
BARTOW,18,Woodland,Woodland,name
BARTOW,16,Zena Drive,Zena Drive,name
POLK,01,Aragon,Aragon,name
POLK,04,Fish Creek,Fish Creek,name
POLK,06,Rockmart,Rockmart,name
POLK,05,Lake Creek,Lake Creek,name
POLK,03,Cedartown,Cedartown,name
POLK,02,Blooming Grove,Blooming Grove,name
POLK,07,Youngs Grove,Youngs Grove,name
CATOOSA,BOYN,Boynton,Boynton,name
CATOOSA,WOOD,Woodstation,Woodstation,name
CATOOSA,BLCK,Blackstock,Blackstock,name
CATOOSA,CHAM,Chambers,Chambers,name
CATOOSA,FT O,Ft Oglethorpe,Ft Oglethorpe,name
CATOOSA,LAKE,Lakeview,Lakeview,name
CATOOSA,WEST,Westside,Westside,name
CATOOSA,POPS,Poplar Springs,Poplar Springs,name
CATOOSA,GRAY,Graysville,Graysville,name
CATOOSA,RING,Ringgold,Ringgold,name
CATOOSA,CAKT,Catoosa Keith,Catoosa Keith,name
HARALSON,06,Twentieth,Twentieth,name
HARALSON,09,Mount View,Mt View,name
HARALSON,08,Little Creek,Little Creek,name
HARALSON,07,Felton,Felton,name
HARALSON,02,Bremen,Bremen,name
HARALSON,05,Corinth,Corinth,name
HARALSON,10,Seventh,Seventh,name
HARALSON,04,Buncombe,Buncombe,name
HARALSON,12,Tallapoosa,Tallapoosa,name
HARALSON,11,Berea-Steadman,Berea-Steadman,name
HARALSON,13,Waco,Waco,name
HARALSON,03,Buchanan,Buchanan,name
WALKER,0953,Armuchee Valley,Armuchee Valley,name
WALKER,1161,Mountain,Mountain,name
WALKER,0917,Walnut Grove,Walnut Grove,name
WALKER,1809,Kensington,Kensington,name
WALKER,1501,Chattanooga Valley,Chattanooga Valley,name
WALKER,0871,La Fayette,La Fayette,name
WALKER,1818,Chickamauga,Chickamauga,name
WALKER,0944,Rock Spring,Rock Spring,name
WALKER,1851,Fairyland,Fairyland,name
WALKER,1812,Rossville,Rossville,name
WALKER,1893,Fairview,Fairview,name
COBB,WL01,Willeo 01,Willeo 01,name
COBB,VG01,Vinings 01,Vinings 01,name
COBB,TM01,Terrell Mill 01,Terrell Mill 01,name
COBB,SO02,Sope Creek 02,Sope Creek 02,name
COBB,SO03,Sope Creek 03,Sope Creek 03,name
COBB,RW01,Roswell 01,Roswell 01,name
COBB,MT01,Mount Bethel 01,Mt Bethel 01,name
COBB,TR01,Timber Ridge 01,Timber Ridge 01,name
COBB,MT03,Mount Bethel 03,Mt Bethel 03,name
COBB,FP01,Fullers Park 01,Fullers Park 01,name
COBB,SM01,Sewell Mill 01,Sewell Mill 01,name
COBB,MD01,Murdock 01,Murdock 01,name
COBB,MT04,Mount Bethel 04,Mt Bethel 04,name
COBB,EA01,Eastside 01,Eastside 01,name
COBB,DO01,Dodgen 01,Dodgen 01,name
COBB,CR01,Chestnut Ridge 01,Chestnut Ridge 01,name
COBB,RW02,Roswell 02,Roswell 02,name
COBB,LM02,Lost Mountain 02,Lost Mountain 02,name
COBB,FR01,Ford 01,Ford 01,name
COBB,DU01,Durham 01,Durham 01,name
COBB,KP03,Kemp 03,Kemp 03,name
COBB,FY01,Frey 01,Frey 01,name
COBB,LM04,Lost Mountain 04,Lost Mountain 04,name
COBB,MS01,Mars Hill 01,Mars Hill 01,name
COBB,KE1A,Kennesaw 1A,Kennesaw 1A,name
COBB,BG01,Big Shanty 01,Big Shanty 01,name
COBB,WG02,Wade Green 02,Wade Green 02,name
COBB,BG02,Big Shanty 02,Big Shanty 02,name
COBB,ME01,Mceachern 01,McEachern 01,name
COBB,LM01,Lost Mountain 01,Lost Mountain 01,name
COBB,OR01,Oregon 01,Oregon 01,name
COBB,VA01,Vaughan 01,Vaughan 01,name
COBB,DC01,Dickerson 01,Dickerson 01,name
COBB,SA01,Sandy Plains 01,Sandy Plains 01,name
COBB,PP01,Pope 01,Pope 01,name
COBB,MB01,Mabry 01,Mabry 01,name
COBB,DV01,Davis 01,Davis 01,name
COBB,GM01,Garrison Mill 01,Garrison Mill 01,name
COBB,PO01,Post Oak 01,Post Oak 01,name
COBB,HT01,Hightower 01,Hightower 01,name
COBB,SF01,Shallowford Falls 01,Shallowford Falls 01,name
COBB,ML01,Mcclure 01,McClure 01,name
COBB,AC1A,Acworth 1A,Acworth 1A,name
COBB,HL01,Harmony-Leland 01,Harmony-Leland 01,name
COBB,LI01,Lindley 01,Lindley 01,name
COBB,AC1B,Acworth 1B,Acworth 1B,name
COBB,AU1A,Austell 1A,Austell 1A,name
COBB,CL01,Clarkdale 01,Clarkdale 01,name
COBB,PS2A,Powder Springs 2A,,unmatched
COBB,CO01,Cooper 01,Cooper 01,name
COBB,OR02,Oregon 02,Oregon 02,name
COBB,CL02,Clarkdale 02,Clarkdale 02,name
COBB,MA02,Mableton 02,Mableton 02,name
COBB,BT02,Bryant 02,Bryant 02,name
COBB,RS01,Riverside 01,Riverside 01,name
COBB,PS1A,Powder Springs 1A,,unmatched
COBB,PS3A,Powder Springs 3A,,unmatched
COBB,LM03,Lost Mountain 03,Lost Mountain 03,name
COBB,BR02,Birney 02,Birney 02,name
COBB,BR01,Birney 01,Birney 01,name
COBB,MA03,Mableton 03,Mableton 03,name
COBB,MA04,Mableton 04,Mableton 04,name
COBB,HR01,Harrison 01,Harrison 01,name
COBB,KP01,Kemp 01,Kemp 01,name
COBB,HY01,Hayes 01,Hayes 01,name
COBB,PM02,Pine Mountain 02,Pine Mountain 02,name
COBB,SN7A,Smyrna 7A,Smyrna 7A,name
COBB,NC01,North Cobb 01,North Cobb 01,name
COBB,MC01,Macland 01,Macland 01,name
COBB,OR05,Oregon 05,Oregon 05,name
COBB,KP02,Kemp 02,Kemp 02,name
COBB,OR04,Oregon 04,Oregon 04,name
COBB,DL01,Dowell 01,Dowell 01,name
COBB,CH03,Cheatham Hill 03,Cheatham Hill 03,name
COBB,MA01,Mableton 01,Mableton 01,name
COBB,SW02,Sweetwater 02,Sweetwater 02,name
COBB,SW01,Sweetwater 01,Sweetwater 01,name
COBB,BT01,Bryant 01,Bryant 01,name
COBB,PE01,Pebblebrook 01,Pebblebrook 01,name
COBB,EL05,Elizabeth 05,Elizabeth 05,name
COBB,BF02,Bells Ferry 02,Bells Ferry 02,name
COBB,BW01,Blackwell 01,Blackwell 01,name
COBB,GT01,Gritters 01,Gritters 01,name
COBB,BF03,Bells Ferry 03,Bells Ferry 03,name
COBB,MK01,Mccleskey 01,McCleskey 01,name
COBB,NS01,Nicholson 01,Nicholson 01,name
COBB,AD01,Addison 01,Addison 01,name
COBB,MR6A,Marietta 6A,Marietta 6A,name
COBB,SI01,Simpson 01,Simpson 01,name
COBB,LA01,Lassiter 01,Lassiter 01,name
COBB,KL01,Kell 01,Kell 01,name
COBB,RM01,Rocky Mount 01,Rocky Mount 01,name
COBB,EA02,Eastside 02,Eastside 02,name
COBB,SO01,Sope Creek 01,Sope Creek 01,name
COBB,MR5B,Marietta 5B,Marietta 5B,name
COBB,FO04,Fair Oaks 04,Fair Oaks 04,name
COBB,MR2B,Marietta 2B,Marietta 2B,name
COBB,MR3B,Marietta 3B,Marietta 3B,name
COBB,SN5A,Smyrna 5A,Smyrna 5A,name
COBB,SN3A,Smyrna 3A,Smyrna 3A,name
COBB,SN4A,Smyrna 4A,Smyrna 4A,name
COBB,SN3B,Smyrna 3B,Smyrna 3B,name
COBB,DI01,Dobbins 01,Dobbins 01,name
COBB,CH02,Cheatham Hill 02,Cheatham Hill 02,name
COBB,PM01,Pine Mountain 01,Pine Mountain 01,name
COBB,KE2A,Kennesaw 2A,Kennesaw 2A,name
COBB,MS02,Mars Hill 02,Mars Hill 02,name
COBB,PT01,Pitner 01,Pitner 01,name
COBB,CK01,Chalker 01,Chalker 01,name
COBB,PR01,Palmer 01,Palmer 01,name
COBB,BF04,Bells Ferry 04,Bells Ferry 04,name
COBB,MR4B,Marietta 4B,Marietta 4B,name
COBB,EL01,Elizabeth 01,Elizabeth 01,name
COBB,EP01,East Piedmont 01,East Piedmont 01,name
COBB,PF01,Powers Ferry 01,Powers Ferry 01,name
COBB,VG04,Vinings 04,Vinings 04,name
COBB,MR7A,Marietta 7A,Marietta 7A,name
COBB,MR3A,Marietta 3A,Marietta 3A,name
COBB,MR4A,Marietta 4A,Marietta 4A,name
COBB,MR5A,Marietta 5A,Marietta 5A,name
COBB,OR03,Oregon 03,Oregon 03,name
COBB,MR2A,Marietta 2A,Marietta 2A,name
COBB,MR1A,Marietta 1A,Marietta 1A,name
COBB,MR4C,Marietta 4C,Marietta 4C,name
COBB,KE3A,Kennesaw 3A,Kennesaw 3A,name
COBB,NP01,Norton Park 01,Norton Park 01,name
COBB,FO02,Fair Oaks 02,Fair Oaks 02,name
COBB,AC1C,Acworth 1C,Acworth 1C,name
COBB,KE4A,Kennesaw 4A,Kennesaw 4A,name
COBB,KE5A,Kennesaw 5A,Kennesaw 5A,name
COBB,BK01,Baker 01,Baker 01,name
COBB,DI02,Dobbins 02,Dobbins 02,name
COBB,CA01,Chattahoochee 01,Chattahoochee 01,name
COBB,SN2A,Smyrna 2A,Smyrna 2A,name
COBB,SN1A,Smyrna 1A,Smyrna 1A,name
COBB,SN6A,Smyrna 6A,Smyrna 6A,name
COBB,VG03,Vinings 03,Vinings 03,name
COBB,VG02,Vinings 02,Vinings 02,name
COBB,OK01,Oakdale 01,Oakdale 01,name
COBB,NJ01,Nickajack 01,Nickajack 01,name
COBB,MR6B,Marietta 6B,Marietta 6B,name
COBB,EL02,Elizabeth 02,Elizabeth 02,name
COBB,EL04,Elizabeth 04,Elizabeth 04,name
COBB,SM03,Sewell Mill 03,Sewell Mill 03,name
COBB,EL03,Elizabeth 03,Elizabeth 03,name
ELBERT,196,Moss-Ruckersville,Moss-Ruckersville,name
ELBERT,199,Gaines,Gaines,name
ELBERT,191,Eliam,Eliam,name
ELBERT,190,Longstreet,Longstreet,name
ELBERT,192,Petersburg,Petersburg,name
ELBERT,189,Elberton,Elberton,name
ELBERT,315,Centerville,Centerville,name
ELBERT,202,Webbsboro,Webbsboro,name
ELBERT,193,Wyche,Wyche,name
ELBERT,201,Goshen,Goshen,name
ELBERT,197,Pike,Pike,name
WILKES,3B,Rayle City Hall,Rayle City Hall,name
WILKES,4B,Tignall School Lunch Room,Tignal Sch Lunch Rm,unique_name_similarity
WILKES,1,Senior Citizen Cente,Senior Citizen Center,unique_name_similarity
WILKES,3A,Edward B Pope Center,Edward B Pope Center,name
WILKES,4A,Courthouse,Courthouse,name
WILKES,2A,Young Farmer's Bldg,Young Farmers Bldg,name
WILKES,2B,Metasville Fire Station,Metasville Fire Sta,name
OGLETHORPE,LX,Lexington,Lexington,name
OGLETHORPE,CR,Crawford,Crawford,name
OGLETHORPE,BV,Beaverdam,Beaverdam,name
HABERSHAM,01,Habersham North,Habersham North,name
HABERSHAM,06,Mud Creek,Mud Creek,name
HABERSHAM,03,Demorest,Demorest,name
HABERSHAM,02,Habersham South,Habersham South,name
HABERSHAM,05,City Of Baldwin,City of Baldwin,name
HABERSHAM,04,Town Of Mount Airy,Town of Mt Airy,name
HABERSHAM,07,Amys Creek,Amys Creek,name
HART,5,Reed Creek,Reed Creek,name
HART,7,Shoal Creek,Shoal Creek,name
HART,2,Hartwell,Hartwell,name
HART,4,Cokesbury,Cokesbury,name
HART,6,Bowersville,Bowersville,name
HART,8,Bio,Bio,name
HART,3,Goldmine,Goldmine,name
FRANKLIN,2,West Franklin,West Franklin,name
FRANKLIN,1,Carnesville,Carnesville,name
FRANKLIN,7,Southwest Franklin,Southwest Franklin,name
FRANKLIN,6,Royston,Royston,name
FRANKLIN,5,Canon,Canon,name
FRANKLIN,4,Lavonia,Lavonia,name
FRANKLIN,3,Northeast Franklin,Northeast Franklin,name
STEPHENS,SC1,Stephens County 1,Senior Center,single_precinct_county
MADISON,FOR,Fork,Fork,name
MADISON,PIT,Pittman,Pittman,name
MADISON,HUL,Hull,Hull,name
MADISON,COB,Colbert,Colbert,name
MADISON,COM,Comer,Comer,name
MADISON,ILA,Ila,Ila,name
MADISON,POC,Poca,Poca,name
MADISON,DAN,Danielsville,Danielsville,name
MADISON,MIL,Mill,Mill,name
MADISON,HAR,Harrison,Harrison,name
MADISON,PAO,Paoli,Paoli,name
MADISON,COL,Collins,Collins,name
JACKSON,4000,South Jackson,South Jackson,name
JACKSON,3000,West Jackson,West Jackson,name
JACKSON,1000,Central Jackson,Central Jackson,name
JACKSON,2000,North Jackson,North Jackson,name
