{"type":"FeatureCollection","features":[{"type":"Feature","properties":{"id":"2024-13097-785","county_nam":"Douglas","county_norm":"DOUGLAS","prec_id":"785","precinct_name":"Douglas - 785","precinct_norm":"DOUGLAS - 785","precinct_full_name":"Boundary Waters","has_polygon":true},"geometry":{"type":"Point","coordinates":[-84.67002467698845,33.68370899999999]}},{"type":"Feature","properties":{"id":"2024-13121-SC05A","county_nam":"Fulton","county_norm":"FULTON","prec_id":"SC05A","precinct_name":"Fulton - SC05A","precinct_norm":"FULTON - SC05A","precinct_full_name":"Langston Hughes High School","has_polygon":true},"geometry":{"type":"Point","coordinates":[-84.6113708020677,33.6212545]}},{"type":"Feature","properties":{"id":"2024-13121-SC05D","county_nam":"Fulton","county_norm":"FULTON","prec_id":"SC05D","precinct_name":"Fulton - SC05D","precinct_norm":"FULTON - SC05D","precinct_full_name":"The Enon Church","has_polygon":true},"geometry":{"type":"Point","coordinates":[-84.62004438274754,33.637496]}},{"type":"Feature","properties":{"id":"2024-13121-SC15","county_nam":"Fulton","county_norm":"FULTON","prec_id":"SC15","precinct_name":"Fulton - SC15","precinct_norm":"FULTON - SC15","precinct_full_name":"The Enon Church","has_polygon":true},"geometry":{"type":"Point","coordinates":[-84.61608718690835,33.670862]}},{"type":"Feature","properties":{"id":"2024-13121-FA01A","county_nam":"Fulton","county_norm":"FULTON","prec_id":"FA01A","precinct_name":"Fulton - FA01A","precinct_norm":"FULTON - FA01A","precinct_full_name":"Open Word Christian Ministries","has_polygon":true},"geometry":{"type":"Point","coordinates":[-84.57856991288922,33.571371]}},{"type":"Feature","properties":{"id":"2024-13121-SC07D","county_nam":"Fulton","county_norm":"FULTON","prec_id":"SC07D","precinct_name":"Fulton - SC07D","precinct_norm":"FULTON - SC07D","precinct_full_name":"SC07D","has_polygon":true},"geometry":{"type":"Point","coordinates":[-84.57787231987656,33.616480499999994]}},{"type":"Feature","properties":{"id":"2024-13121-UC02D","county_nam":"Fulton","county_norm":"FULTON","prec_id":"UC02D","precinct_name":"Fulton - UC02D","precinct_norm":"FULTON - UC02D","precinct_full_name":"UC02D","has_polygon":true},"geometry":{"type":"Point","coordinates":[-84.56149474338883,33.580186499999996]}},{"type":"Feature","properties":{"id":"2024-13121-SC21A","county_nam":"Fulton","county_norm":"FULTON","prec_id":"SC21A","precinct_name":"Fulton - SC21A","precinct_norm":"FULTON - SC21A","precinct_full_name":"Christian City Welcome Center","has_polygon":true},"geometry":{"type":"Point","coordinates":[-84.55113265882596,33.5576375]}},{"type":"Feature","properties":{"id":"2024-13121-UC02E","county_nam":"Fulton","county_norm":"FULTON","prec_id":"UC02E","precinct_name":"Fulton - UC02E","precinct_norm":"FULTON - UC02E","precinct_full_name":"UC02E","has_polygon":true},"geometry":{"type":"Point","coordinates":[-84.62292637446615,33.609758]}},{"type":"Feature","properties":{"id":"2024-13121-SC07F","county_nam":"Fulton","county_norm":"FULTON","prec_id":"SC07F","precinct_name":"Fulton - SC07F","precinct_norm":"FULTON - SC07F","precinct_full_name":"SC07F","has_polygon":true},"geometry":{"type":"Point","coordinates":[-84.56710374031503,33.6078755]}},{"type":"Feature","properties":{"id":"2024-13121-UC02C","county_nam":"Fulton","county_norm":"FULTON","prec_id":"UC02C","precinct_name":"Fulton - UC02C","precinct_norm":"FULTON - UC02C","precinct_full_name":"UC02C","has_polygon":true},"geometry":{"type":"Point","coordinates":[-84.55447717200906,33.59639]}},{"type":"Feature","properties":{"id":"2024-13121-SC08G","county_nam":"Fulton","county_norm":"FULTON","prec_id":"SC08G","precinct_name":"Fulton - SC08G","precinct_norm":"FULTON - SC08G","precinct_full_name":"Gladys Dennard At South Fulton Library","has_polygon":true},"geometry":{"type":"Point","coordinates":[-84.55358064979055,33.602054499999994]}},{"type":"Feature","properties":{"id":"2024-13121-SC08L","county_nam":"Fulton","county_norm":"FULTON","prec_id":"SC08L","precinct_name":"Fulton - SC08L","precinct_norm":"FULTON - SC08L","precinct_full_name":"SC08L","has_polygon":true},"geometry":{"type":"Point","coordinates":[-84.5392704989418,33.6047825]}},{"type":"Feature","properties":{"id":"2024-13121-SC08A","county_nam":"Fulton","county_norm":"FULTON","prec_id":"SC08A","precinct_name":"Fulton - SC08A","precinct_norm":"FULTON - SC08A","precinct_full_name":"Gladys Dennard At South Fulton Library","has_polygon":true},"geometry":{"type":"Point","coordinates":[-84.55567065817901,33.6070245]}},{"type":"Feature","properties":{"id":"2024-13121-SC08F","county_nam":"Fulton","county_norm":"FULTON","prec_id":"SC08F","precinct_name":"Fulton - SC08F","precinct_norm":"FULTON - SC08F","precinct_full_name":"Gladys Dennard At South Fulton Library","has_polygon":true},"geometry":{"type":"Point","coordinates":[-84.54711940197214,33.608604]}},{"type":"Feature","properties":{"id":"2024-13121-UC02F","county_nam":"Fulton","county_norm":"FULTON","prec_id":"UC02F","precinct_name":"Fulton - UC02F","precinct_norm":"FULTON - UC02F","precinct_full_name":"UC02F","has_polygon":true},"geometry":{"type":"Point","coordinates":[-84.60207319164618,33.6204995]}},{"type":"Feature","properties":{"id":"2024-13121-SC05E","county_nam":"Fulton","county_norm":"FULTON","prec_id":"SC05E","precinct_name":"Fulton - SC05E","precinct_norm":"FULTON - SC05E","precinct_full_name":"Cliftondale Church","has_polygon":true},"geometry":{"type":"Point","coordinates":[-84.5946619566812,33.6326265]}},{"type":"Feature","properties":{"id":"2024-13121-SC05G","county_nam":"Fulton","county_norm":"FULTON","prec_id":"SC05G","precinct_name":"Fulton - SC05G","precinct_norm":"FULTON - SC05G","precinct_full_name":"SC05G","has_polygon":true},"geometry":{"type":"Point","coordinates":[-84.59991020146819,33.6419315]}},{"type":"Feature","properties":{"id":"2024-13121-SC07B","county_nam":"Fulton","county_norm":"FULTON","prec_id":"SC07B","precinct_name":"Fulton - SC07B","precinct_norm":"FULTON - SC07B","precinct_full_name":"Cliftondale Church","has_polygon":true},"geometry":{"type":"Point","coordinates":[-84.58342658031444,33.6248865]}},{"type":"Feature","properties":{"id":"2024-13121-SC20A","county_nam":"Fulton","county_norm":"FULTON","prec_id":"SC20A","precinct_name":"Fulton - SC20A","precinct_norm":"FULTON - SC20A","precinct_full_name":"SC20A","has_polygon":true},"geometry":{"type":"Point","coordinates":[-84.58352255389268,33.656785]}},{"type":"Feature","properties":{"id":"2024-13121-SC01B","county_nam":"Fulton","county_norm":"FULTON","prec_id":"SC01B","precinct_name":"Fulton - SC01B","precinct_norm":"FULTON - SC01B","precinct_full_name":"West Lake High School","has_polygon":true},"geometry":{"type":"Point","coordinates":[-84.58227827847273,33.684053]}},{"type":"Feature","properties":{"id":"2024-13121-SC05H","county_nam":"Fulton","county_norm":"FULTON","prec_id":"SC05H","precinct_name":"Fulton - SC05H","precinct_norm":"FULTON - SC05H","precinct_full_name":"SC05H","has_polygon":true},"geometry":{"type":"Point","coordinates":[-84.56531403098677,33.630167]}},{"type":"Feature","properties":{"id":"2024-13121-SC05J","county_nam":"Fulton","county_norm":"FULTON","prec_id":"SC05J","precinct_name":"Fulton - SC05J","precinct_norm":"FULTON - SC05J","precinct_full_name":"SC05J","has_polygon":true},"geometry":{"type":"Point","coordinates":[-84.5604554858871,33.6281015]}},{"type":"Feature","properties":{"id":"2024-13121-UC02B","county_nam":"Fulton","county_norm":"FULTON","prec_id":"UC02B","precinct_name":"Fulton - UC02B","precinct_norm":"FULTON - UC02B","precinct_full_name":"Etris Community Center","has_polygon":true},"geometry":{"type":"Point","coordinates":[-84.57867804764894,33.626731500000005]}},{"type":"Feature","properties":{"id":"2024-13121-SC05C","county_nam":"Fulton","county_norm":"FULTON","prec_id":"SC05C","precinct_name":"Fulton - SC05C","precinct_norm":"FULTON - SC05C","precinct_full_name":"SC05C","has_polygon":true},"geometry":{"type":"Point","coordinates":[-84.57365551325466,33.644403499999996]}},{"type":"Feature","properties":{"id":"2024-13121-SC08C","county_nam":"Fulton","county_norm":"FULTON","prec_id":"SC08C","precinct_name":"Fulton - SC08C","precinct_norm":"FULTON - SC08C","precinct_full_name":"Welcome All Recreation Center","has_polygon":true},"geometry":{"type":"Point","coordinates":[-84.54634895554615,33.6259065]}},{"type":"Feature","properties":{"id":"2024-13121-SC05B","county_nam":"Fulton","county_norm":"FULTON","prec_id":"SC05B","precinct_name":"Fulton - SC05B","precinct_norm":"FULTON - SC05B","precinct_full_name":"Cliftondale Church","has_polygon":true},"geometry":{"type":"Point","coordinates":[-84.54684851559736,33.6294565]}},{"type":"Feature","properties":{"id":"2024-13121-SC18C","county_nam":"Fulton","county_norm":"FULTON","prec_id":"SC18C","precinct_name":"Fulton - SC18C","precinct_norm":"FULTON - SC18C","precinct_full_name":"Friendship Community Church","has_polygon":true},"geometry":{"type":"Point","coordinates":[-84.5529290568949,33.645266]}},{"type":"Feature","properties":{"id":"2024-13121-SC20","county_nam":"Fulton","county_norm":"FULTON","prec_id":"SC20","precinct_name":"Fulton - SC20","precinct_norm":"FULTON - SC20","precinct_full_name":"Wolf Creek Branch Library","has_polygon":true},"geometry":{"type":"Point","coordinates":[-84.5729293985776,33.665785]}},{"type":"Feature","properties":{"id":"2024-13121-SC18B","county_nam":"Fulton","county_norm":"FULTON","prec_id":"SC18B","precinct_name":"Fulton - SC18B","precinct_norm":"FULTON - SC18B","precinct_full_name":"Friendship Community Church","has_polygon":true},"geometry":{"type":"Point","coordinates":[-84.54199350525752,33.657434]}},{"type":"Feature","properties":{"id":"2024-13097-784","county_nam":"Douglas","county_norm":"DOUGLAS","prec_id":"784","precinct_name":"Douglas - 784","precinct_norm":"DOUGLAS - 784","precinct_full_name":"Factory Shoals","has_polygon":true},"geometry":{"type":"Point","coordinates":[-84.65292218598526,33.7159795]}},{"type":"Feature","properties":{"id":"2024-13121-SC15B","county_nam":"Fulton","county_norm":"FULTON","prec_id":"SC15B","precinct_name":"Fulton - SC15B","precinct_norm":"FULTON - SC15B","precinct_full_name":"SC15B","has_polygon":true},"geometry":{"type":"Point","coordinates":[-84.62290208159365,33.6897995]}},{"type":"Feature","properties":{"id":"2024-13121-SC15A","county_nam":"Fulton","county_norm":"FULTON","prec_id":"SC15A","precinct_name":"Fulton - SC15A","precinct_norm":"FULTON - SC15A","precinct_full_name":"SC15A","has_polygon":true},"geometry":{"type":"Point","coordinates":[-84.64404690517489,33.670933]}},{"type":"Feature","properties":{"id":"2024-13097-1275","county_nam":"Douglas","county_norm":"DOUGLAS","prec_id":"1275","precinct_name":"Douglas - 1275","precinct_norm":"DOUGLAS - 1275","precinct_full_name":"Lithia Springs High School","has_polygon":true},"geometry":{"type":"Point","coordinates":[-84.62177306108111,33.746908000000005]}},{"type":"Feature","properties":{"id":"2024-13097-1274","county_nam":"Douglas","county_norm":"DOUGLAS","prec_id":"1274","precinct_name":"Douglas - 1274","precinct_norm":"DOUGLAS - 1274","precinct_full_name":"First Baptist Lithia Springs","has_polygon":true},"geometry":{"type":"Point","coordinates":[-84.64721358116556,33.7868985]}},{"type":"Feature","properties":{"id":"2024-13097-1270","county_nam":"Douglas","county_norm":"DOUGLAS","prec_id":"1270","precinct_name":"Douglas - 1270","precinct_norm":"DOUGLAS - 1270","precinct_full_name":"Atlanta West Pentecostal","has_polygon":true},"geometry":{"type":"Point","coordinates":[-84.62441658492682,33.788903000000005]}},{"type":"Feature","properties":{"id":"2024-13121-SC01A","county_nam":"Fulton","county_norm":"FULTON","prec_id":"SC01A","precinct_name":"Fulton - SC01A","precinct_norm":"FULTON - SC01A","precinct_full_name":"West Lake High School","has_polygon":true},"geometry":{"type":"Point","coordinates":[-84.58801693949772,33.70431]}},{"type":"Feature","properties":{"id":"2024-13121-SC31","county_nam":"Fulton","county_norm":"FULTON","prec_id":"SC31","precinct_name":"Fulton - SC31","precinct_norm":"FULTON - SC31","precinct_full_name":"SC31","has_polygon":true},"geometry":{"type":"Point","coordinates":[-84.60290936764706,33.709095]}},{"type":"Feature","properties":{"id":"2024-13121-SC01D","county_nam":"Fulton","county_norm":"FULTON","prec_id":"SC01D","precinct_name":"Fulton - SC01D","precinct_norm":"FULTON - SC01D","precinct_full_name":"West Lake High School","has_polygon":true},"geometry":{"type":"Point","coordinates":[-84.5839369680493,33.695746]}},{"type":"Feature","properties":{"id":"2024-13121-SC01C","county_nam":"Fulton","county_norm":"FULTON","prec_id":"SC01C","precinct_name":"Fulton - SC01C","precinct_norm":"FULTON - SC01C","precinct_full_name":"West Lake High School","has_polygon":true},"geometry":{"type":"Point","coordinates":[-84.56019321273166,33.691615999999996]}},{"type":"Feature","properties":{"id":"2024-13121-SC16A","county_nam":"Fulton","county_norm":"FULTON","prec_id":"SC16A","precinct_name":"Fulton - SC16A","precinct_norm":"FULTON - SC16A","precinct_full_name":"Sandtown Middle School","has_polygon":true},"geometry":{"type":"Point","coordinates":[-84.57113677571866,33.711428999999995]}},{"type":"Feature","properties":{"id":"2024-13121-SC02A","county_nam":"Fulton","county_norm":"FULTON","prec_id":"SC02A","precinct_name":"Fulton - SC02A","precinct_norm":"FULTON - SC02A","precinct_full_name":"SC02A","has_polygon":true},"geometry":{"type":"Point","coordinates":[-84.55104349016986,33.708274]}},{"type":"Feature","properties":{"id":"2024-13121-SC33","county_nam":"Fulton","county_norm":"FULTON","prec_id":"SC33","precinct_name":"Fulton - SC33","precinct_norm":"FULTON - SC33","precinct_full_name":"SC33","has_polygon":true},"geometry":{"type":"Point","coordinates":[-84.56954628485343,33.7340025]}},{"type":"Feature","properties":{"id":"2024-13121-SC16B","county_nam":"Fulton","county_norm":"FULTON","prec_id":"SC16B","precinct_name":"Fulton - SC16B","precinct_norm":"FULTON - SC16B","precinct_full_name":"Sandtown Middle School","has_polygon":true},"geometry":{"type":"Point","coordinates":[-84.56048114865771,33.723641]}},{"type":"Feature","properties":{"id":"2024-13121-11C3","county_nam":"Fulton","county_norm":"FULTON","prec_id":"11C3","precinct_name":"Fulton - 11C3","precinct_norm":"FULTON - 11C3","precinct_full_name":"11C3","has_polygon":true},"geometry":{"type":"Point","coordinates":[-84.54492672395617,33.723755999999995]}},{"type":"Feature","properties":{"id":"2024-13067-MA1B","county_nam":"Cobb","county_norm":"COBB","prec_id":"MA1B","precinct_name":"Cobb - MA1B","precinct_norm":"COBB - MA1B","precinct_full_name":"Mableton 1B","has_polygon":true},"geometry":{"type":"Point","coordinates":[-84.57023228892444,33.765679500000005]}},{"type":"Feature","properties":{"id":"2024-13067-MA1A","county_nam":"Cobb","county_norm":"COBB","prec_id":"MA1A","precinct_name":"Cobb - MA1A","precinct_norm":"COBB - MA1A","precinct_full_name":"Mableton 1A","has_polygon":true},"geometry":{"type":"Point","coordinates":[-84.60525890588585,33.7949155]}},{"type":"Feature","properties":{"id":"2024-13067-MA3A","county_nam":"Cobb","county_norm":"COBB","prec_id":"MA3A","precinct_name":"Cobb - MA3A","precinct_norm":"COBB - MA3A","precinct_full_name":"Mableton 3A","has_polygon":true},"geometry":{"type":"Point","coordinates":[-84.58337668490552,33.804234]}},{"type":"Feature","properties":{"id":"2024-13067-MA2B","county_nam":"Cobb","county_norm":"COBB","prec_id":"MA2B","precinct_name":"Cobb - MA2B","precinct_norm":"COBB - MA2B","precinct_full_name":"Mableton 2B","has_polygon":true},"geometry":{"type":"Point","coordinates":[-84.56189342350643,33.781243]}},{"type":"Feature","properties":{"id":"2024-13121-SC32","county_nam":"Fulton","county_norm":"FULTON","prec_id":"SC32","precinct_name":"Fulton - SC32","precinct_norm":"FULTON - SC32","precinct_full_name":"SC32","has_polygon":true},"geometry":{"type":"Point","coordinates":[-84.55044188980108,33.755889]}},{"type":"Feature","properties":{"id":"2024-13067-MA3B","county_nam":"Cobb","county_norm":"COBB","prec_id":"MA3B","precinct_name":"Cobb - MA3B","precinct_norm":"COBB - MA3B","precinct_full_name":"Mableton 3B","has_polygon":true},"geometry":{"type":"Point","coordinates":[-84.55913136276186,33.80216]}},{"type":"Feature","properties":{"id":"2024-13121-UC01A","county_nam":"Fulton","county_norm":"FULTON","prec_id":"UC01A","precinct_name":"Fulton - UC01A","precinct_norm":"FULTON - UC01A","precinct_full_name":"Feldwood Elementary","has_polygon":true},"geometry":{"type":"Point","coordinates":[-84.5369233905569,33.5833005]}},{"type":"Feature","properties":{"id":"2024-13205-PC","county_nam":"Mitchell","county_norm":"MITCHELL","prec_id":"PC","precinct_name":"Mitchell - PC","precinct_norm":"MITCHELL - PC","precinct_full_name":"Pebble City","has_polygon":true},"geometry":{"type":"Point","coordinates":[-84.06999689555781,31.2554485]}},{"type":"Feature","properties":{"id":"2024-13205-SC","county_nam":"Mitchell","county_norm":"MITCHELL","prec_id":"SC","precinct_name":"Mitchell - SC","precinct_norm":"MITCHELL - SC","precinct_full_name":"Sale City","has_polygon":true},"geometry":{"type":"Point","coordinates":[-84.0170758747513,31.266087499999998]}},{"type":"Feature","properties":{"id":"2024-13205-LS","county_nam":"Mitchell","county_norm":"MITCHELL","prec_id":"LS","precinct_name":"Mitchell - LS","precinct_norm":"MITCHELL - LS","precinct_full_name":"Lester","has_polygon":true},"geometry":{"type":"Point","coordinates":[-84.05113903070176,31.369108500000003]}},{"type":"Feature","properties":{"id":"2024-13071-13","county_nam":"Colquitt","county_norm":"COLQUITT","prec_id":"13","precinct_name":"Colquitt - 13","precinct_norm":"COLQUITT - 13","precinct_full_name":"Hartsfield","has_polygon":true},"geometry":{"type":"Point","coordinates":[-83.96792066218245,31.205877]}},{"type":"Feature","properties":{"id":"2024-13071-21","county_nam":"Colquitt","county_norm":"COLQUITT","prec_id":"21","precinct_name":"Colquitt - 21","precinct_norm":"COLQUITT - 21","precinct_full_name":"Thigpen","has_polygon":true},"geometry":{"type":"Point","coordinates":[-83.96893005519652,31.285294999999998]}},{"type":"Feature","properties":{"id":"2024-13071-10","county_nam":"Colquitt","county_norm":"COLQUITT","prec_id":"10","precinct_name":"Colquitt - 10","precinct_norm":"COLQUITT - 10","precinct_full_name":"Doerun","has_polygon":true},"geometry":{"type":"Point","coordinates":[-83.92721601182433,31.297258999999997]}},{"type":"Feature","properties":{"id":"2024-13321-12","county_nam":"Worth","county_norm":"WORTH","prec_id":"12","precinct_name":"Worth - 12","precinct_norm":"WORTH - 12","precinct_full_name":"Bridgeboro","has_polygon":true},"geometry":{"type":"Point","coordinates":[-83.95836205705169,31.38993]}},{"type":"Feature","properties":{"id":"2024-13061-5","county_nam":"Clay","county_norm":"CLAY","prec_id":"5","precinct_name":"Clay - 5","precinct_norm":"CLAY - 5","precinct_full_name":"Days Cross Road","has_polygon":true},"geometry":{"type":"Point","coordinates":[-85.08424063240693,31.714183]}},{"type":"Feature","properties":{"id":"2024-13061-2","county_nam":"Clay","county_norm":"CLAY","prec_id":"2","precinct_name":"Clay - 2","precinct_norm":"CLAY - 2","precinct_full_name":"Zetto","has_polygon":true},"geometry":{"type":"Point","coordinates":[-85.00068000526653,31.5497385]}},{"type":"Feature","properties":{"id":"2024-13061-3","county_nam":"Clay","county_norm":"CLAY","prec_id":"3","precinct_name":"Clay - 3","precinct_norm":"CLAY - 3","precinct_full_name":"Court House","has_polygon":true},"geometry":{"type":"Point","coordinates":[-85.0613660670677,31.635317]}},{"type":"Feature","properties":{"id":"2024-13061-4","county_nam":"Clay","county_norm":"CLAY","prec_id":"4","precinct_name":"Clay - 4","precinct_norm":"CLAY - 4","precinct_full_name":"Old Head Start","has_polygon":true},"geometry":{"type":"Point","coordinates":[-84.99789436810102,31.6934575]}},{"type":"Feature","properties":{"id":"2024-13239-M","county_nam":"Quitman","county_norm":"QUITMAN","prec_id":"M","precinct_name":"Quitman - M","precinct_norm":"QUITMAN - M","precinct_full_name":"Morris","has_polygon":true},"geometry":{"type":"Point","coordinates":[-84.93990545333648,31.85955]}},{"type":"Feature","properties":{"id":"2024-13239-G","county_nam":"Quitman","county_norm":"QUITMAN","prec_id":"G","precinct_name":"Quitman - G","precinct_norm":"QUITMAN - G","precinct_full_name":"Georgetown","has_polygon":true},"geometry":{"type":"Point","coordinates":[-85.05150026802231,31.881205]}},{"type":"Feature","properties":{"id":"2024-13259-6","county_nam":"Stewart","county_norm":"STEWART","prec_id":"6","precinct_name":"Stewart - 6","precinct_norm":"STEWART - 6","precinct_full_name":"Omaha","has_polygon":true},"geometry":{"type":"Point","coordinates":[-84.9543585385399,32.117051000000004]}},{"type":"Feature","properties":{"id":"2024-13215-112","county_nam":"Muscogee","county_norm":"MUSCOGEE","prec_id":"112","precinct_name":"Muscogee - 112","precinct_norm":"MUSCOGEE - 112","precinct_full_name":"Our Lady Of Lourdes","has_polygon":true},"geometry":{"type":"Point","coordinates":[-84.9530690077381,32.407133]}},{"type":"Feature","properties":{"id":"2024-13215-122","county_nam":"Muscogee","county_norm":"MUSCOGEE","prec_id":"122","precinct_name":"Muscogee - 122","precinct_norm":"MUSCOGEE - 122","precinct_full_name":"First African","has_polygon":true},"geometry":{"type":"Point","coordinates":[-84.98820048934039,32.45682600000001]}},{"type":"Feature","properties":{"id":"2024-13215-125","county_nam":"Muscogee","county_norm":"MUSCOGEE","prec_id":"125","precinct_name":"Muscogee - 125","precinct_norm":"MUSCOGEE - 125","precinct_full_name":"Marianna Gallops","has_polygon":true},"geometry":{"type":"Point","coordinates":[-84.98460450685333,32.481365]}},{"type":"Feature","properties":{"id":"2024-13215-110","county_nam":"Muscogee","county_norm":"MUSCOGEE","prec_id":"110","precinct_name":"Muscogee - 110","precinct_norm":"MUSCOGEE - 110","precinct_full_name":"Cussetta Road","has_polygon":true},"geometry":{"type":"Point","coordinates":[-84.95133989935577,32.4458615]}},{"type":"Feature","properties":{"id":"2024-13215-101","county_nam":"Muscogee","county_norm":"MUSCOGEE","prec_id":"101","precinct_name":"Muscogee - 101","precinct_norm":"MUSCOGEE - 101","precinct_full_name":"Inc Columbus/Wynnton","has_polygon":true},"geometry":{"type":"Point","coordinates":[-84.95852397504069,32.467238]}},{"type":"Feature","properties":{"id":"2024-13215-102","county_nam":"Muscogee","county_norm":"MUSCOGEE","prec_id":"102","precinct_name":"Muscogee - 102","precinct_norm":"MUSCOGEE - 102","precinct_full_name":"Columbus Public Library","has_polygon":true},"geometry":{"type":"Point","coordinates":[-84.93828109563212,32.4669485]}},{"type":"Feature","properties":{"id":"2024-13215-118","county_nam":"Muscogee","county_norm":"MUSCOGEE","prec_id":"118","precinct_name":"Muscogee - 118","precinct_norm":"MUSCOGEE - 118","precinct_full_name":"St Paul","has_polygon":true},"geometry":{"type":"Point","coordinates":[-84.94988156454001,32.491021]}},{"type":"Feature","properties":{"id":"2024-13215-124","county_nam":"Muscogee","county_norm":"MUSCOGEE","prec_id":"124","precinct_name":"Muscogee - 124","precinct_norm":"MUSCOGEE - 124","precinct_full_name":"Epworth United Methodist Church","has_polygon":true},"geometry":{"type":"Point","coordinates":[-84.96329662630785,32.5033125]}},{"type":"Feature","properties":{"id":"2024-13215-109","county_nam":"Muscogee","county_norm":"MUSCOGEE","prec_id":"109","precinct_name":"Muscogee - 109","precinct_norm":"MUSCOGEE - 109","precinct_full_name":"Wynnbrook","has_polygon":true},"geometry":{"type":"Point","coordinates":[-85.02529293327002,32.557663500000004]}},{"type":"Feature","properties":{"id":"2024-13215-107","county_nam":"Muscogee","county_norm":"MUSCOGEE","prec_id":"107","precinct_name":"Muscogee - 107","precinct_norm":"MUSCOGEE - 107","precinct_full_name":"Columbus Tech","has_polygon":true},"geometry":{"type":"Point","coordinates":[-84.98505407882314,32.5077155]}},{"type":"Feature","properties":{"id":"2024-13215-104","county_nam":"Muscogee","county_norm":"MUSCOGEE","prec_id":"104","precinct_name":"Muscogee - 104","precinct_norm":"MUSCOGEE - 104","precinct_full_name":"Britt David","has_polygon":true},"geometry":{"type":"Point","coordinates":[-84.94964503900877,32.522725]}},{"type":"Feature","properties":{"id":"2024-13215-105","county_nam":"Muscogee","county_norm":"MUSCOGEE","prec_id":"105","precinct_name":"Muscogee - 105","precinct_norm":"MUSCOGEE - 105","precinct_full_name":"St. Peter","has_polygon":true},"geometry":{"type":"Point","coordinates":[-84.93990724152893,32.5422785]}},{"type":"Feature","properties":{"id":"2024-13215-108","county_nam":"Muscogee","county_norm":"MUSCOGEE","prec_id":"108","precinct_name":"Muscogee - 108","precinct_norm":"MUSCOGEE - 108","precinct_full_name":"Central Baptist","has_polygon":true},"geometry":{"type":"Point","coordinates":[-84.99140662682638,32.5672565]}},{"type":"Feature","properties":{"id":"2024-13215-106","county_nam":"Muscogee","county_norm":"MUSCOGEE","prec_id":"106","precinct_name":"Muscogee - 106","precinct_norm":"MUSCOGEE - 106","precinct_full_name":"Chattahoochee","has_polygon":true},"geometry":{"type":"Point","coordinates":[-84.95228642888472,32.5664095]}},{"type":"Feature","properties":{"id":"2024-13145-U9","county_nam":"Harris","county_norm":"HARRIS","prec_id":"U9","precinct_name":"Harris - U9","precinct_norm":"HARRIS - U9","precinct_full_name":"Upper 19TH","has_polygon":true},"geometry":{"type":"Point","coordinates":[-85.06365299999999,32.68907]}},{"type":"Feature","properties":{"id":"2024-13145-L9","county_nam":"Harris","county_norm":"HARRIS","prec_id":"L9","precinct_name":"Harris - L9","precinct_norm":"HARRIS - L9","precinct_full_name":"Lower 19TH","has_polygon":true},"geometry":{"type":"Point","coordinates":[-85.01029072219112,32.651155]}},{"type":"Feature","properties":{"id":"2024-13145-MG","county_nam":"Harris","county_norm":"HARRIS","prec_id":"MG","precinct_name":"Harris - MG","precinct_norm":"HARRIS - MG","precinct_full_name":"Mulberry Grove","has_polygon":true},"geometry":{"type":"Point","coordinates":[-84.96163385950149,32.65823]}},{"type":"Feature","properties":{"id":"2024-13145-SK","county_nam":"Harris","county_norm":"HARRIS","prec_id":"SK","precinct_name":"Harris - SK","precinct_norm":"HARRIS - SK","precinct_full_name":"Skinner","has_polygon":true},"geometry":{"type":"Point","coordinates":[-85.1331232629075,32.821721]}},{"type":"Feature","properties":{"id":"2024-13285-5","county_nam":"Troup","county_norm":"TROUP","prec_id":"5","precinct_name":"Troup - 5","precinct_norm":"TROUP - 5","precinct_full_name":"West Point","has_polygon":true},"geometry":{"type":"Point","coordinates":[-85.15842531745682,32.9052755]}},{"type":"Feature","properties":{"id":"2024-13285-11","county_nam":"Troup","county_norm":"TROUP","prec_id":"11","precinct_name":"Troup - 11","precinct_norm":"TROUP - 11","precinct_full_name":"Long Cane","has_polygon":true},"geometry":{"type":"Point","coordinates":[-85.15418470631425,32.974657]}},{"type":"Feature","properties":{"id":"2024-13285-13","county_nam":"Troup","county_norm":"TROUP","prec_id":"13","precinct_name":"Troup - 13","precinct_norm":"TROUP - 13","precinct_full_name":"Gray Hill","has_polygon":true},"geometry":{"type":"Point","coordinates":[-85.06282482674737,32.9272785]}},{"type":"Feature","properties":{"id":"2024-13285-2","county_nam":"Troup","county_norm":"TROUP","prec_id":"2","precinct_name":"Troup - 2","precinct_norm":"TROUP - 2","precinct_full_name":"Administration Bldg","has_polygon":true},"geometry":{"type":"Point","coordinates":[-85.06591549653947,32.9872425]}},{"type":"Feature","properties":{"id":"2024-13145-WH","county_nam":"Harris","county_norm":"HARRIS","prec_id":"WH","precinct_name":"Harris - WH","precinct_norm":"HARRIS - WH","precinct_full_name":"Whitesville","has_polygon":true},"geometry":{"type":"Point","coordinates":[-85.06628827464644,32.7949565]}},{"type":"Feature","properties":{"id":"2024-13285-4","county_nam":"Troup","county_norm":"TROUP","prec_id":"4","precinct_name":"Troup - 4","precinct_norm":"TROUP - 4","precinct_full_name":"Griggs Center","has_polygon":true},"geometry":{"type":"Point","coordinates":[-85.0060587431411,33.0124415]}},{"type":"Feature","properties":{"id":"2024-13285-8","county_nam":"Troup","county_norm":"TROUP","prec_id":"8","precinct_name":"Troup - 8","precinct_norm":"TROUP - 8","precinct_full_name":"Rosemont","has_polygon":true},"geometry":{"type":"Point","coordinates":[-84.93985786203137,32.9438715]}},{"type":"Feature","properties":{"id":"2024-13149-SOU","county_nam":"Heard","county_norm":"HEARD","prec_id":"SOU","precinct_name":"Heard - SOU","precinct_norm":"HEARD - SOU","precinct_full_name":"Southwest","has_polygon":true},"geometry":{"type":"Point","coordinates":[-85.21170440039631,33.2116125]}},{"type":"Feature","properties":{"id":"2024-13149-EPH","county_nam":"Heard","county_norm":"HEARD","prec_id":"EPH","precinct_name":"Heard - EPH","precinct_norm":"HEARD - EPH","precinct_full_name":"Ephesus","has_polygon":true},"geometry":{"type":"Point","coordinates":[-85.22634801005847,33.3519295]}},{"type":"Feature","properties":{"id":"2024-13045-1111","county_nam":"Carroll","county_norm":"CARROLL","prec_id":"1111","precinct_name":"Carroll - 1111","precinct_norm":"CARROLL - 1111","precinct_full_name":"Bowdon","has_polygon":true},"geometry":{"type":"Point","coordinates":[-85.26724561477272,33.535483]}},{"type":"Feature","properties":{"id":"2024-13045-1533","county_nam":"Carroll","county_norm":"CARROLL","prec_id":"1533","precinct_name":"Carroll - 1533","precinct_norm":"CARROLL - 1533","precinct_full_name":"Tyus","has_polygon":true},"geometry":{"type":"Point","coordinates":[-85.22978318092848,33.484037]}},{"type":"Feature","properties":{"id":"2024-13285-7","county_nam":"Troup","county_norm":"TROUP","prec_id":"7","precinct_name":"Troup - 7","precinct_norm":"TROUP - 7","precinct_full_name":"East Vernon","has_polygon":true},"geometry":{"type":"Point","coordinates":[-85.17221509863882,33.063795]}},{"type":"Feature","properties":{"id":"2024-13149-FRA","county_nam":"Heard","county_norm":"HEARD","prec_id":"FRA","precinct_name":"Heard - FRA","precinct_norm":"HEARD - FRA","precinct_full_name":"Franklin","has_polygon":true},"geometry":{"type":"Point","coordinates":[-85.12109254557762,33.257315500000004]}},{"type":"Feature","properties":{"id":"2024-13285-1","county_nam":"Troup","county_norm":"TROUP","prec_id":"1","precinct_name":"Troup - 1","precinct_norm":"TROUP - 1","precinct_full_name":"Hollis Hand","has_polygon":true},"geometry":{"type":"Point","coordinates":[-85.06490233710277,33.069550500000005]}},{"type":"Feature","properties":{"id":"2024-13285-3","county_nam":"Troup","county_norm":"TROUP","prec_id":"3","precinct_name":"Troup - 3","precinct_norm":"TROUP - 3","precinct_full_name":"Hammett Road","has_polygon":true},"geometry":{"type":"Point","coordinates":[-85.01150694374076,33.069213000000005]}},{"type":"Feature","properties":{"id":"2024-13285-10","county_nam":"Troup","county_norm":"TROUP","prec_id":"10","precinct_name":"Troup - 10","precinct_norm":"TROUP - 10","precinct_full_name":"Mclendon","has_polygon":true},"geometry":{"type":"Point","coordinates":[-85.03050547868082,33.1436245]}},{"type":"Feature","properties":{"id":"2024-13285-12","county_nam":"Troup","county_norm":"TROUP","prec_id":"12","precinct_name":"Troup - 12","precinct_norm":"TROUP - 12","precinct_full_name":"Gardner Newman","has_polygon":true},"geometry":{"type":"Point","coordinates":[-84.97296665083093,33.0600785]}},{"type":"Feature","properties":{"id":"2024-13149-COO","county_nam":"Heard","county_norm":"HEARD","prec_id":"COO","precinct_name":"Heard - COO","precinct_norm":"HEARD - COO","precinct_full_name":"Cooksville - Corinth","has_polygon":true},"geometry":{"type":"Point","coordinates":[-84.99734873435247,33.245202]}},{"type":"Feature","properties":{"id":"2024-13149-CEN","county_nam":"Heard","county_norm":"HEARD","prec_id":"CEN","precinct_name":"Heard - CEN","precinct_norm":"HEARD - CEN","precinct_full_name":"Centralhatchee","has_polygon":true},"geometry":{"type":"Point","coordinates":[-85.10813058791364,33.362896]}},{"type":"Feature","properties":{"id":"2024-13045-714BW","county_nam":"Carroll","county_norm":"CARROLL","prec_id":"714BW","precinct_name":"Carroll - 714BW","precinct_norm":"CARROLL - 714BW","precinct_full_name":"Old Camp","has_polygon":true},"geometry":{"type":"Point","coordinates":[-85.13766924941544,33.53651]}},{"type":"Feature","properties":{"id":"2024-13045-713","county_nam":"Carroll","county_norm":"CARROLL","prec_id":"713","precinct_name":"Carroll - 713","precinct_norm":"CARROLL - 713","precinct_full_name":"Roopville","has_polygon":true},"geometry":{"type":"Point","coordinates":[-85.08962360107336,33.470144000000005]}},{"type":"Feature","properties":{"id":"2024-13045-715","county_nam":"Carroll","county_norm":"CARROLL","prec_id":"715","precinct_name":"Carroll - 715","precinct_norm":"CARROLL - 715","precinct_full_name":"Oak Grove","has_polygon":true},"geometry":{"type":"Point","coordinates":[-85.08627229371979,33.528036]}},{"type":"Feature","properties":{"id":"2024-13149-ENO","county_nam":"Heard","county_norm":"HEARD","prec_id":"ENO","precinct_name":"Heard - ENO","precinct_norm":"HEARD - ENO","precinct_full_name":"Enon Grove","has_polygon":true},"geometry":{"type":"Point","coordinates":[-85.02508252455048,33.3534595]}},{"type":"Feature","properties":{"id":"2024-13077-4","county_nam":"Coweta","county_norm":"COWETA","prec_id":"4","precinct_name":"Coweta - 4","precinct_norm":"COWETA - 4","precinct_full_name":"Dresden","has_polygon":true},"geometry":{"type":"Point","coordinates":[-84.94460070827412,33.334852999999995]}},{"type":"Feature","properties":{"id":"2024-13045-1483","county_nam":"Carroll","county_norm":"CARROLL","prec_id":"1483","precinct_name":"Carroll - 1483","precinct_norm":"CARROLL - 1483","precinct_full_name":"Clem","has_polygon":true},"geometry":{"type":"Point","coordinates":[-85.00173169083406,33.515125499999996]}},{"type":"Feature","properties":{"id":"2024-13061-1","county_nam":"Clay","county_norm":"CLAY","prec_id":"1","precinct_name":"Clay - 1","precinct_norm":"CLAY - 1","precinct_full_name":"Bluffton","has_polygon":true},"geometry":{"type":"Point","coordinates":[-84.89974551995647,31.577317]}},{"type":"Feature","properties":{"id":"2024-13243-131","county_nam":"Randolph","county_norm":"RANDOLPH","prec_id":"131","precinct_name":"Randolph - 131","precinct_norm":"RANDOLPH - 131","precinct_full_name":"Coleman","has_polygon":true},"geometry":{"type":"Point","coordinates":[-84.88574779725715,31.6885895]}},{"type":"Feature","properties":{"id":"2024-13011-2","county_nam":"Banks","county_norm":"BANKS","prec_id":"2","precinct_name":"Banks - 2","precinct_norm":"BANKS - 2","precinct_full_name":"Baldwin","has_polygon":true},"geometry":{"type":"Point","coordinates":[-83.52843020151198,34.4648605]}},{"type":"Feature","properties":{"id":"2024-13137-6","county_nam":"Habersham","county_norm":"HABERSHAM","prec_id":"6","precinct_name":"Habersham - 6","precinct_norm":"HABERSHAM - 6","precinct_full_name":"Mud Creek","has_polygon":true},"geometry":{"type":"Point","coordinates":[-83.62120893524556,34.496487]}},{"type":"Feature","properties":{"id":"2024-13137-2","county_nam":"Habersham","county_norm":"HABERSHAM","prec_id":"2","precinct_name":"Habersham - 2","precinct_norm":"HABERSHAM - 2","precinct_full_name":"Habersham South","has_polygon":true},"geometry":{"type":"Point","coordinates":[-83.52892470738958,34.533976499999994]}},{"type":"Feature","properties":{"id":"2024-13137-4","county_nam":"Habersham","county_norm":"HABERSHAM","prec_id":"4","precinct_name":"Habersham - 4","precinct_norm":"HABERSHAM - 4","precinct_full_name":"Town Of Mount Airy","has_polygon":true},"geometry":{"type":"Point","coordinates":[-83.50233656956964,34.52269]}},{"type":"Feature","properties":{"id":"2024-13137-3","county_nam":"Habersham","county_norm":"HABERSHAM","prec_id":"3","precinct_name":"Habersham - 3","precinct_norm":"HABERSHAM - 3","precinct_full_name":"Demorest","has_polygon":true},"geometry":{"type":"Point","coordinates":[-83.54460540082218,34.5650455]}},{"type":"Feature","properties":{"id":"2024-13011-3","county_nam":"Banks","county_norm":"BANKS","prec_id":"3","precinct_name":"Banks - 3","precinct_norm":"BANKS - 3","precinct_full_name":"Berlin","has_polygon":true},"geometry":{"type":"Point","coordinates":[-83.48285669247312,34.375364000000005]}},{"type":"Feature","properties":{"id":"2024-13011-9","county_nam":"Banks","county_norm":"BANKS","prec_id":"9","precinct_name":"Banks - 9","precinct_norm":"BANKS - 9","precinct_full_name":"Hollingsworth","has_polygon":true},"geometry":{"type":"Point","coordinates":[-83.49319890945455,34.431961]}},{"type":"Feature","properties":{"id":"2024-13011-12","county_nam":"Banks","county_norm":"BANKS","prec_id":"12","precinct_name":"Banks - 12","precinct_norm":"BANKS - 12","precinct_full_name":"Washington","has_polygon":true},"geometry":{"type":"Point","coordinates":[-83.43063897001427,34.4079475]}},{"type":"Feature","properties":{"id":"2024-13011-5","county_nam":"Banks","county_norm":"BANKS","prec_id":"5","precinct_name":"Banks - 5","precinct_norm":"BANKS - 5","precinct_full_name":"Columbia","has_polygon":true},"geometry":{"type":"Point","coordinates":[-83.42757280197938,34.4540545]}},{"type":"Feature","properties":{"id":"2024-13011-13","county_nam":"Banks","county_norm":"BANKS","prec_id":"13","precinct_name":"Banks - 13","precinct_norm":"BANKS - 13","precinct_full_name":"Wilmonts","has_polygon":true},"geometry":{"type":"Point","coordinates":[-83.42042749274634,34.355862]}},{"type":"Feature","properties":{"id":"2024-13133-1","county_nam":"Greene","county_norm":"GREENE","prec_id":"1","precinct_name":"Greene - 1","precinct_norm":"GREENE - 1","precinct_full_name":"Greensboro","has_polygon":true},"geometry":{"type":"Point","coordinates":[-83.2418819091227,33.6480775]}},{"type":"Feature","properties":{"id":"2024-13219-02-CF","county_nam":"Oconee","county_norm":"OCONEE","prec_id":"02-CF","precinct_name":"Oconee - 02-CF","precinct_norm":"OCONEE - 02-CF","precinct_full_name":"Colham Ferry","has_polygon":true},"geometry":{"type":"Point","coordinates":[-83.3529638334797,33.7942965]}},{"type":"Feature","properties":{"id":"2024-13059-1D","county_nam":"Clarke","county_norm":"CLARKE","prec_id":"1D","precinct_name":"Clarke - 1D","precinct_norm":"CLARKE - 1D","precinct_full_name":"Whit Davis School","has_polygon":true},"geometry":{"type":"Point","coordinates":[-83.29716970673272,33.882723]}},{"type":"Feature","properties":{"id":"2024-13059-1C","county_nam":"Clarke","county_norm":"CLARKE","prec_id":"1C","precinct_name":"Clarke - 1C","precinct_norm":"CLARKE - 1C","precinct_full_name":"Barnett Shls School","has_polygon":true},"geometry":{"type":"Point","coordinates":[-83.34462216353633,33.886116]}},{"type":"Feature","properties":{"id":"2024-13059-8C","county_nam":"Clarke","county_norm":"CLARKE","prec_id":"8C","precinct_name":"Clarke - 8C","precinct_norm":"CLARKE - 8C","precinct_full_name":"Firestation #7","has_polygon":true},"geometry":{"type":"Point","coordinates":[-83.34830257649044,33.9195945]}},{"type":"Feature","properties":{"id":"2024-13059-8A","county_nam":"Clarke","county_norm":"CLARKE","prec_id":"8A","precinct_name":"Clarke - 8A","precinct_norm":"CLARKE - 8A","precinct_full_name":"Gaines School","has_polygon":true},"geometry":{"type":"Point","coordinates":[-83.34386387169617,33.936032999999995]}},{"type":"Feature","properties":{"id":"2024-13059-8B","county_nam":"Clarke","county_norm":"CLARKE","prec_id":"8B","precinct_name":"Clarke - 8B","precinct_norm":"CLARKE - 8B","precinct_full_name":"Cedar Shls High School","has_polygon":true},"geometry":{"type":"Point","coordinates":[-83.32941119582803,33.926424499999996]}},{"type":"Feature","properties":{"id":"2024-13059-4A","county_nam":"Clarke","county_norm":"CLARKE","prec_id":"4A","precinct_name":"Clarke - 4A","precinct_norm":"CLARKE - 4A","precinct_full_name":"Athens Transit Center","has_polygon":true},"geometry":{"type":"Point","coordinates":[-83.31416780707644,33.948387999999994]}},{"type":"Feature","properties":{"id":"2024-13059-1B","county_nam":"Clarke","county_norm":"CLARKE","prec_id":"1B","precinct_name":"Clarke - 1B","precinct_norm":"CLARKE - 1B","precinct_full_name":"E. Athens Baptist","has_polygon":true},"geometry":{"type":"Point","coordinates":[-83.27120522684697,33.9108995]}},{"type":"Feature","properties":{"id":"2024-13059-2C","county_nam":"Clarke","county_norm":"CLARKE","prec_id":"2C","precinct_name":"Clarke - 2C","precinct_norm":"CLARKE - 2C","precinct_full_name":"2C","has_polygon":true},"geometry":{"type":"Point","coordinates":[-83.3520336335639,33.9561105]}},{"type":"Feature","properties":{"id":"2024-13059-1A","county_nam":"Clarke","county_norm":"CLARKE","prec_id":"1A","precinct_name":"Clarke - 1A","precinct_norm":"CLARKE - 1A","precinct_full_name":"Winterville Train Depot","has_polygon":true},"geometry":{"type":"Point","coordinates":[-83.30742243927563,33.9851105]}},{"type":"Feature","properties":{"id":"2024-13195-HUL","county_nam":"Madison","county_norm":"MADISON","prec_id":"HUL","precinct_name":"Madison - HUL","precinct_norm":"MADISON - HUL","precinct_full_name":"Hull","has_polygon":true},"geometry":{"type":"Point","coordinates":[-83.30596237511199,34.0541765]}},{"type":"Feature","properties":{"id":"2024-13221-CR","county_nam":"Oglethorpe","county_norm":"OGLETHORPE","prec_id":"CR","precinct_name":"Oglethorpe - CR","precinct_norm":"OGLETHORPE - CR","precinct_full_name":"Crawford","has_polygon":true},"geometry":{"type":"Point","coordinates":[-83.20277305264173,33.8776765]}},{"type":"Feature","properties":{"id":"2024-13221-BV","county_nam":"Oglethorpe","county_norm":"OGLETHORPE","prec_id":"BV","precinct_name":"Oglethorpe - BV","precinct_norm":"OGLETHORPE - BV","precinct_full_name":"Beaverdam","has_polygon":true},"geometry":{"type":"Point","coordinates":[-83.17714243197064,33.985713000000004]}},{"type":"Feature","properties":{"id":"2024-13195-COB","county_nam":"Madison","county_norm":"MADISON","prec_id":"COB","precinct_name":"Madison - COB","precinct_norm":"MADISON - COB","precinct_full_name":"Colbert","has_polygon":true},"geometry":{"type":"Point","coordinates":[-83.19782331493506,34.045536]}},{"type":"Feature","properties":{"id":"2024-13195-COM","county_nam":"Madison","county_norm":"MADISON","prec_id":"COM","precinct_name":"Madison - COM","precinct_norm":"MADISON - COM","precinct_full_name":"Comer","has_polygon":true},"geometry":{"type":"Point","coordinates":[-83.11587201497602,34.063723499999995]}},{"type":"Feature","properties":{"id":"2024-13133-4","county_nam":"Greene","county_norm":"GREENE","prec_id":"4","precinct_name":"Greene - 4","precinct_norm":"GREENE - 4","precinct_full_name":"Union Point","has_polygon":true},"geometry":{"type":"Point","coordinates":[-83.03954220969746,33.6455665]}},{"type":"Feature","properties":{"id":"2024-13265-601","county_nam":"Taliaferro","county_norm":"TALIAFERRO","prec_id":"601","precinct_name":"Taliaferro - 601","precinct_norm":"TALIAFERRO - 601","precinct_full_name":"Crawfordville","has_polygon":true},"geometry":{"type":"Point","coordinates":[-82.9131610148043,33.5857145]}},{"type":"Feature","properties":{"id":"2024-13317-3B","county_nam":"Wilkes","county_norm":"WILKES","prec_id":"3B","precinct_name":"Wilkes - 3B","precinct_norm":"WILKES - 3B","precinct_full_name":"Rayle City Hall","has_polygon":true},"geometry":{"type":"Point","coordinates":[-82.92821063016213,33.798418]}},{"type":"Feature","properties":{"id":"2024-13221-LX","county_nam":"Oglethorpe","county_norm":"OGLETHORPE","prec_id":"LX","precinct_name":"Oglethorpe - LX","precinct_norm":"OGLETHORPE - LX","precinct_full_name":"Lexington","has_polygon":true},"geometry":{"type":"Point","coordinates":[-83.03986657735237,33.866464]}},{"type":"Feature","properties":{"id":"2024-13195-FOR","county_nam":"Madison","county_norm":"MADISON","prec_id":"FOR","precinct_name":"Madison - FOR","precinct_norm":"MADISON - FOR","precinct_full_name":"Fork","has_polygon":true},"geometry":{"type":"Point","coordinates":[-83.0232595749701,34.0574215]}},{"type":"Feature","properties":{"id":"2024-13105-202","county_nam":"Elbert","county_norm":"ELBERT","prec_id":"202","precinct_name":"Elbert - 202","precinct_norm":"ELBERT - 202","precinct_full_name":"Webbsboro","has_polygon":true},"geometry":{"type":"Point","coordinates":[-82.95660938571429,34.074031]}},{"type":"Feature","properties":{"id":"2024-13105-193","county_nam":"Elbert","county_norm":"ELBERT","prec_id":"193","precinct_name":"Elbert - 193","precinct_norm":"ELBERT - 193","precinct_full_name":"Wyche","has_polygon":true},"geometry":{"type":"Point","coordinates":[-82.88114056500692,34.038039999999995]}},{"type":"Feature","properties":{"id":"2024-13195-PIT","county_nam":"Madison","county_norm":"MADISON","prec_id":"PIT","precinct_name":"Madison - PIT","precinct_norm":"MADISON - PIT","precinct_full_name":"Pittman","has_polygon":true},"geometry":{"type":"Point","coordinates":[-83.32888364383038,34.0980985]}},{"type":"Feature","properties":{"id":"2024-13195-ILA","county_nam":"Madison","county_norm":"MADISON","prec_id":"ILA","precinct_name":"Madison - ILA","precinct_norm":"MADISON - ILA","precinct_full_name":"Ila","has_polygon":true},"geometry":{"type":"Point","coordinates":[-83.34471699016444,34.185492999999994]}},{"type":"Feature","properties":{"id":"2024-13195-POC","county_nam":"Madison","county_norm":"MADISON","prec_id":"POC","precinct_name":"Madison - POC","precinct_norm":"MADISON - POC","precinct_full_name":"Poca","has_polygon":true},"geometry":{"type":"Point","coordinates":[-83.29095788323352,34.2149775]}},{"type":"Feature","properties":{"id":"2024-13119-7","county_nam":"Franklin","county_norm":"FRANKLIN","prec_id":"7","precinct_name":"Franklin - 7","precinct_norm":"FRANKLIN - 7","precinct_full_name":"Southwest Franklin","has_polygon":true},"geometry":{"type":"Point","coordinates":[-83.2734654727902,34.292775]}},{"type":"Feature","properties":{"id":"2024-13195-DAN","county_nam":"Madison","county_norm":"MADISON","prec_id":"DAN","precinct_name":"Madison - DAN","precinct_norm":"MADISON - DAN","precinct_full_name":"Danielsville","has_polygon":true},"geometry":{"type":"Point","coordinates":[-83.22040545763275,34.116611]}},{"type":"Feature","properties":{"id":"2024-13195-MIL","county_nam":"Madison","county_norm":"MADISON","prec_id":"MIL","precinct_name":"Madison - MIL","precinct_norm":"MADISON - MIL","precinct_full_name":"Mill","has_polygon":true},"geometry":{"type":"Point","coordinates":[-83.19320162064311,34.192572]}},{"type":"Feature","properties":{"id":"2024-13195-HAR","county_nam":"Madison","county_norm":"MADISON","prec_id":"HAR","precinct_name":"Madison - HAR","precinct_norm":"MADISON - HAR","precinct_full_name":"Harrison","has_polygon":true},"geometry":{"type":"Point","coordinates":[-83.11958431017771,34.22261]}},{"type":"Feature","properties":{"id":"2024-13119-6","county_nam":"Franklin","county_norm":"FRANKLIN","prec_id":"6","precinct_name":"Franklin - 6","precinct_norm":"FRANKLIN - 6","precinct_full_name":"Royston","has_polygon":true},"geometry":{"type":"Point","coordinates":[-83.14107490082046,34.2844945]}},{"type":"Feature","properties":{"id":"2024-13119-2","county_nam":"Franklin","county_norm":"FRANKLIN","prec_id":"2","precinct_name":"Franklin - 2","precinct_norm":"FRANKLIN - 2","precinct_full_name":"West Franklin","has_polygon":true},"geometry":{"type":"Point","coordinates":[-83.33984504421223,34.391819999999996]}},{"type":"Feature","properties":{"id":"2024-13119-1","county_nam":"Franklin","county_norm":"FRANKLIN","prec_id":"1","precinct_name":"Franklin - 1","precinct_norm":"FRANKLIN - 1","precinct_full_name":"Carnesville","has_polygon":true},"geometry":{"type":"Point","coordinates":[-83.2503200277182,34.381545]}},{"type":"Feature","properties":{"id":"2024-13257-SC1","county_nam":"Stephens","county_norm":"STEPHENS","prec_id":"SC1","precinct_name":"Stephens - SC1","precinct_norm":"STEPHENS - SC1","precinct_full_name":"Stephens County 1","has_polygon":true},"geometry":{"type":"Point","coordinates":[-83.27944143727188,34.574248999999995]}},{"type":"Feature","properties":{"id":"2024-13119-5","county_nam":"Franklin","county_norm":"FRANKLIN","prec_id":"5","precinct_name":"Franklin - 5","precinct_norm":"FRANKLIN - 5","precinct_full_name":"Canon","has_polygon":true},"geometry":{"type":"Point","coordinates":[-83.1429952854095,34.3440585]}},{"type":"Feature","properties":{"id":"2024-13119-4","county_nam":"Franklin","county_norm":"FRANKLIN","prec_id":"4","precinct_name":"Franklin - 4","precinct_norm":"FRANKLIN - 4","precinct_full_name":"Lavonia","has_polygon":true},"geometry":{"type":"Point","coordinates":[-83.14023983687146,34.4117255]}},{"type":"Feature","properties":{"id":"2024-13119-3","county_nam":"Franklin","county_norm":"FRANKLIN","prec_id":"3","precinct_name":"Franklin - 3","precinct_norm":"FRANKLIN - 3","precinct_full_name":"Northeast Franklin","has_polygon":true},"geometry":{"type":"Point","coordinates":[-83.14360755373544,34.473873]}},{"type":"Feature","properties":{"id":"2024-13195-PAO","county_nam":"Madison","county_norm":"MADISON","prec_id":"PAO","precinct_name":"Madison - PAO","precinct_norm":"MADISON - PAO","precinct_full_name":"Paoli","has_polygon":true},"geometry":{"type":"Point","coordinates":[-83.09382529933448,34.095998]}},{"type":"Feature","properties":{"id":"2024-13195-COL","county_nam":"Madison","county_norm":"MADISON","prec_id":"COL","precinct_name":"Madison - COL","precinct_norm":"MADISON - COL","precinct_full_name":"Collins","has_polygon":true},"geometry":{"type":"Point","coordinates":[-83.08384242648248,34.126138499999996]}},{"type":"Feature","properties":{"id":"2024-13105-201","county_nam":"Elbert","county_norm":"ELBERT","prec_id":"201","precinct_name":"Elbert - 201","precinct_norm":"ELBERT - 201","precinct_full_name":"Goshen","has_polygon":true},"geometry":{"type":"Point","coordinates":[-83.04567910744214,34.17345]}},{"type":"Feature","properties":{"id":"2024-13147-3","county_nam":"Hart","county_norm":"HART","prec_id":"3","precinct_name":"Hart - 3","precinct_norm":"HART - 3","precinct_full_name":"Goldmine","has_polygon":true},"geometry":{"type":"Point","coordinates":[-83.06178508339562,34.2827725]}},{"type":"Feature","properties":{"id":"2024-13105-197","county_nam":"Elbert","county_norm":"ELBERT","prec_id":"197","precinct_name":"Elbert - 197","precinct_norm":"ELBERT - 197","precinct_full_name":"Pike","has_polygon":true},"geometry":{"type":"Point","coordinates":[-82.94642319381109,34.160602999999995]}},{"type":"Feature","properties":{"id":"2024-13105-189","county_nam":"Elbert","county_norm":"ELBERT","prec_id":"189","precinct_name":"Elbert - 189","precinct_norm":"ELBERT - 189","precinct_full_name":"Elberton","has_polygon":true},"geometry":{"type":"Point","coordinates":[-82.86308332630193,34.105027]}},{"type":"Feature","properties":{"id":"2024-13105-315","county_nam":"Elbert","county_norm":"ELBERT","prec_id":"315","precinct_name":"Elbert - 315","precinct_norm":"ELBERT - 315","precinct_full_name":"Centerville","has_polygon":true},"geometry":{"type":"Point","coordinates":[-82.8945946993229,34.202475]}},{"type":"Feature","properties":{"id":"2024-13147-8","county_nam":"Hart","county_norm":"HART","prec_id":"8","precinct_name":"Hart - 8","precinct_norm":"HART - 8","precinct_full_name":"Bio","has_polygon":true},"geometry":{"type":"Point","coordinates":[-82.95795079811475,34.273127]}},{"type":"Feature","properties":{"id":"2024-13147-4","county_nam":"Hart","county_norm":"HART","prec_id":"4","precinct_name":"Hart - 4","precinct_norm":"HART - 4","precinct_full_name":"Cokesbury","has_polygon":true},"geometry":{"type":"Point","coordinates":[-82.83874,34.302848]}},{"type":"Feature","properties":{"id":"2024-13147-6","county_nam":"Hart","county_norm":"HART","prec_id":"6","precinct_name":"Hart - 6","precinct_norm":"HART - 6","precinct_full_name":"Bowersville","has_polygon":true},"geometry":{"type":"Point","coordinates":[-83.04687519776301,34.3695]}},{"type":"Feature","properties":{"id":"2024-13147-7","county_nam":"Hart","county_norm":"HART","prec_id":"7","precinct_name":"Hart - 7","precinct_norm":"HART - 7","precinct_full_name":"Shoal Creek","has_polygon":true},"geometry":{"type":"Point","coordinates":[-83.03622455123627,34.432885]}},{"type":"Feature","properties":{"id":"2024-13147-2","county_nam":"Hart","county_norm":"HART","prec_id":"2","precinct_name":"Hart - 2","precinct_norm":"HART - 2","precinct_full_name":"Hartwell","has_polygon":true},"geometry":{"type":"Point","coordinates":[-82.90804452774245,34.348415]}},{"type":"Feature","properties":{"id":"2024-13147-5","county_nam":"Hart","county_norm":"HART","prec_id":"5","precinct_name":"Hart - 5","precinct_norm":"HART - 5","precinct_full_name":"Reed Creek","has_polygon":true},"geometry":{"type":"Point","coordinates":[-82.92119844981752,34.43332650000001]}},{"type":"Feature","properties":{"id":"2024-13311-101","county_nam":"White","county_norm":"WHITE","prec_id":"101","precinct_name":"White - 101","precinct_norm":"WHITE - 101","precinct_full_name":"Town Creek","has_polygon":true},"geometry":{"type":"Point","coordinates":[-83.8362671093158,34.5991375]}},{"type":"Feature","properties":{"id":"2024-13311-21","county_nam":"White","county_norm":"WHITE","prec_id":"21","precinct_name":"White - 21","precinct_norm":"WHITE - 21","precinct_full_name":"Blue Ridge","has_polygon":true},"geometry":{"type":"Point","coordinates":[-83.84621885255007,34.674631500000004]}},{"type":"Feature","properties":{"id":"2024-13311-91","county_nam":"White","county_norm":"WHITE","prec_id":"91","precinct_name":"White - 91","precinct_norm":"WHITE - 91","precinct_full_name":"Tesnatee","has_polygon":true},"geometry":{"type":"Point","coordinates":[-83.76221637192623,34.670919999999995]}},{"type":"Feature","properties":{"id":"2024-13291-11","county_nam":"Union","county_norm":"UNION","prec_id":"11","precinct_name":"Union - 11","precinct_norm":"UNION - 11","precinct_full_name":"Choestoe","has_polygon":true},"geometry":{"type":"Point","coordinates":[-83.87401373571427,34.784813]}},{"type":"Feature","properties":{"id":"2024-13297-559","county_nam":"Walton","county_norm":"WALTON","prec_id":"559","precinct_name":"Walton - 559","precinct_norm":"WALTON - 559","precinct_full_name":"Good Hope","has_polygon":true},"geometry":{"type":"Point","coordinates":[-83.59019147735849,33.7871265]}},{"type":"Feature","properties":{"id":"2024-13211-3","county_nam":"Morgan","county_norm":"MORGAN","prec_id":"3","precinct_name":"Morgan - 3","precinct_norm":"MORGAN - 3","precinct_full_name":"Gibbs","has_polygon":true},"geometry":{"type":"Point","coordinates":[-83.50574721269021,33.709387500000005]}},{"type":"Feature","properties":{"id":"2024-13211-1","county_nam":"Morgan","county_norm":"MORGAN","prec_id":"1","precinct_name":"Morgan - 1","precinct_norm":"MORGAN - 1","precinct_full_name":"Recreation Department","has_polygon":true},"geometry":{"type":"Point","coordinates":[-83.45298309779288,33.60637]}},{"type":"Feature","properties":{"id":"2024-13211-5","county_nam":"Morgan","county_norm":"MORGAN","prec_id":"5","precinct_name":"Morgan - 5","precinct_norm":"MORGAN - 5","precinct_full_name":"Buckhead","has_polygon":true},"geometry":{"type":"Point","coordinates":[-83.37708363620942,33.564006500000005]}},{"type":"Feature","properties":{"id":"2024-13219-03-BI","county_nam":"Oconee","county_norm":"OCONEE","prec_id":"03-BI","precinct_name":"Oconee - 03-BI","precinct_norm":"OCONEE - 03-BI","precinct_full_name":"Bishop","has_polygon":true},"geometry":{"type":"Point","coordinates":[-83.4333303696327,33.7747775]}},{"type":"Feature","properties":{"id":"2024-13297-454","county_nam":"Walton","county_norm":"WALTON","prec_id":"454","precinct_name":"Walton - 454","precinct_norm":"WALTON - 454","precinct_full_name":"Mountain","has_polygon":true},"geometry":{"type":"Point","coordinates":[-83.61672374945456,33.8471355]}},{"type":"Feature","properties":{"id":"2024-13219-05-DC","county_nam":"Oconee","county_norm":"OCONEE","prec_id":"05-DC","precinct_name":"Oconee - 05-DC","precinct_norm":"OCONEE - 05-DC","precinct_full_name":"Dark Corner","has_polygon":true},"geometry":{"type":"Point","coordinates":[-83.58010322386289,33.8943425]}},{"type":"Feature","properties":{"id":"2024-13219-04-NO","county_nam":"Oconee","county_norm":"OCONEE","prec_id":"04-NO","precinct_name":"Oconee - 04-NO","precinct_norm":"OCONEE - 04-NO","precinct_full_name":"North Oconee","has_polygon":true},"geometry":{"type":"Point","coordinates":[-83.5172632897998,33.852241]}},{"type":"Feature","properties":{"id":"2024-13219-06-BO","county_nam":"Oconee","county_norm":"OCONEE","prec_id":"06-BO","precinct_name":"Oconee - 06-BO","precinct_norm":"OCONEE - 06-BO","precinct_full_name":"Bogart","has_polygon":true},"geometry":{"type":"Point","coordinates":[-83.54211988243357,33.9413835]}},{"type":"Feature","properties":{"id":"2024-13013-5","county_nam":"Barrow","county_norm":"BARROW","prec_id":"5","precinct_name":"Barrow - 5","precinct_norm":"BARROW - 5","precinct_full_name":"5","has_polygon":true},"geometry":{"type":"Point","coordinates":[-83.59175374766536,33.9830525]}},{"type":"Feature","properties":{"id":"2024-13219-07-MH","county_nam":"Oconee","county_norm":"OCONEE","prec_id":"07-MH","precinct_name":"Oconee - 07-MH","precinct_norm":"OCONEE - 07-MH","precinct_full_name":"Marswood Hall","has_polygon":true},"geometry":{"type":"Point","coordinates":[-83.49041279785308,33.9105285]}},{"type":"Feature","properties":{"id":"2024-13059-6B","county_nam":"Clarke","county_norm":"CLARKE","prec_id":"6B","precinct_name":"Clarke - 6B","precinct_norm":"CLARKE - 6B","precinct_full_name":"Georgia Square Mall","has_polygon":true},"geometry":{"type":"Point","coordinates":[-83.47123861051585,33.9449135]}},{"type":"Feature","properties":{"id":"2024-13219-08-CC","county_nam":"Oconee","county_norm":"OCONEE","prec_id":"08-CC","precinct_name":"Oconee - 08-CC","precinct_norm":"OCONEE - 08-CC","precinct_full_name":"Civic Center","has_polygon":true},"geometry":{"type":"Point","coordinates":[-83.44588256590852,33.8834375]}},{"type":"Feature","properties":{"id":"2024-13059-6C","county_nam":"Clarke","county_norm":"CLARKE","prec_id":"6C","precinct_name":"Clarke - 6C","precinct_norm":"CLARKE - 6C","precinct_full_name":"Timothy Road Elementary Schl","has_polygon":true},"geometry":{"type":"Point","coordinates":[-83.44735355823019,33.939242]}},{"type":"Feature","properties":{"id":"2024-13219-01-CH","county_nam":"Oconee","county_norm":"OCONEE","prec_id":"01-CH","precinct_name":"Oconee - 01-CH","precinct_norm":"OCONEE - 01-CH","precinct_full_name":"City Hall","has_polygon":true},"geometry":{"type":"Point","coordinates":[-83.40467831496437,33.865027]}},{"type":"Feature","properties":{"id":"2024-13059-7A","county_nam":"Clarke","county_norm":"CLARKE","prec_id":"7A","precinct_name":"Clarke - 7A","precinct_norm":"CLARKE - 7A","precinct_full_name":"Timothy Bptst Church","has_polygon":true},"geometry":{"type":"Point","coordinates":[-83.41895095537974,33.928816499999996]}},{"type":"Feature","properties":{"id":"2024-13059-7B","county_nam":"Clarke","county_norm":"CLARKE","prec_id":"7B","precinct_name":"Clarke - 7B","precinct_norm":"CLARKE - 7B","precinct_full_name":"Athens Regional Library","has_polygon":true},"geometry":{"type":"Point","coordinates":[-83.40707758780607,33.94658]}},{"type":"Feature","properties":{"id":"2024-13059-4B","county_nam":"Clarke","county_norm":"CLARKE","prec_id":"4B","precinct_name":"Clarke - 4B","precinct_norm":"CLARKE - 4B","precinct_full_name":"Memorial Park","has_polygon":true},"geometry":{"type":"Point","coordinates":[-83.38809647011263,33.91402]}},{"type":"Feature","properties":{"id":"2024-13059-7C","county_nam":"Clarke","county_norm":"CLARKE","prec_id":"7C","precinct_name":"Clarke - 7C","precinct_norm":"CLARKE - 7C","precinct_full_name":"Firestation #3","has_polygon":true},"geometry":{"type":"Point","coordinates":[-83.37612844513943,33.935655]}},{"type":"Feature","properties":{"id":"2024-13059-6A","county_nam":"Clarke","county_norm":"CLARKE","prec_id":"6A","precinct_name":"Clarke - 6A","precinct_norm":"CLARKE - 6A","precinct_full_name":"Cleveland Road School","has_polygon":true},"geometry":{"type":"Point","coordinates":[-83.49168330271044,33.9650005]}},{"type":"Feature","properties":{"id":"2024-13059-5B","county_nam":"Clarke","county_norm":"CLARKE","prec_id":"5B","precinct_name":"Clarke - 5B","precinct_norm":"CLARKE - 5B","precinct_full_name":"Whitehead Road School","has_polygon":true},"geometry":{"type":"Point","coordinates":[-83.4297653696884,33.981041000000005]}},{"type":"Feature","properties":{"id":"2024-13157-4000","county_nam":"Jackson","county_norm":"JACKSON","prec_id":"4000","precinct_name":"Jackson - 4000","precinct_norm":"JACKSON - 4000","precinct_full_name":"South Jackson","has_polygon":true},"geometry":{"type":"Point","coordinates":[-83.48311746919472,34.057859500000006]}},{"type":"Feature","properties":{"id":"2024-13059-5A","county_nam":"Clarke","county_norm":"CLARKE","prec_id":"5A","precinct_name":"Clarke - 5A","precinct_norm":"CLARKE - 5A","precinct_full_name":"Oglethorpe School","has_polygon":true},"geometry":{"type":"Point","coordinates":[-83.42516360185593,33.960314999999994]}},{"type":"Feature","properties":{"id":"2024-13059-5C","county_nam":"Clarke","county_norm":"CLARKE","prec_id":"5C","precinct_name":"Clarke - 5C","precinct_norm":"CLARKE - 5C","precinct_full_name":"Chase Street School","has_polygon":true},"geometry":{"type":"Point","coordinates":[-83.39794268510266,33.96421]}},{"type":"Feature","properties":{"id":"2024-13059-5D","county_nam":"Clarke","county_norm":"CLARKE","prec_id":"5D","precinct_name":"Clarke - 5D","precinct_norm":"CLARKE - 5D","precinct_full_name":"Acc Fleet Mgt Bldg","has_polygon":true},"geometry":{"type":"Point","coordinates":[-83.41183059123867,33.9929835]}},{"type":"Feature","properties":{"id":"2024-13059-3A","county_nam":"Clarke","county_norm":"CLARKE","prec_id":"3A","precinct_name":"Clarke - 3A","precinct_norm":"CLARKE - 3A","precinct_full_name":"Clarke Central High","has_polygon":true},"geometry":{"type":"Point","coordinates":[-83.38902094685375,33.9490025]}},{"type":"Feature","properties":{"id":"2024-13059-3B","county_nam":"Clarke","county_norm":"CLARKE","prec_id":"3B","precinct_name":"Clarke - 3B","precinct_norm":"CLARKE - 3B","precinct_full_name":"Thomas N. Lay Park","has_polygon":true},"geometry":{"type":"Point","coordinates":[-83.374958655196,33.958403]}},{"type":"Feature","properties":{"id":"2024-13059-2B","county_nam":"Clarke","county_norm":"CLARKE","prec_id":"2B","precinct_name":"Clarke - 2B","precinct_norm":"CLARKE - 2B","precinct_full_name":"Howard Stroud School","has_polygon":true},"geometry":{"type":"Point","coordinates":[-83.36677414665921,33.9756635]}},{"type":"Feature","properties":{"id":"2024-13059-2A","county_nam":"Clarke","county_norm":"CLARKE","prec_id":"2A","precinct_name":"Clarke - 2A","precinct_norm":"CLARKE - 2A","precinct_full_name":"Judia J. Harris School","has_polygon":true},"geometry":{"type":"Point","coordinates":[-83.36392924821206,34.0085075]}},{"type":"Feature","properties":{"id":"2024-13135-39","county_nam":"Gwinnett","county_norm":"GWINNETT","prec_id":"39","precinct_name":"Gwinnett - 39","precinct_norm":"GWINNETT - 39","precinct_full_name":"Duncans D","has_polygon":true},"geometry":{"type":"Point","coordinates":[-83.84575721744633,34.101226499999996]}},{"type":"Feature","properties":{"id":"2024-13139-28","county_nam":"Hall","county_norm":"HALL","prec_id":"28","precinct_name":"Hall - 28","precinct_norm":"HALL - 28","precinct_full_name":"Friendship I","has_polygon":true},"geometry":{"type":"Point","coordinates":[-83.85082276752462,34.1242465]}},{"type":"Feature","properties":{"id":"2024-13139-8","county_nam":"Hall","county_norm":"HALL","prec_id":"8","precinct_name":"Hall - 8","precinct_norm":"HALL - 8","precinct_full_name":"Morgan I","has_polygon":true},"geometry":{"type":"Point","coordinates":[-83.82543274433907,34.160373500000006]}},{"type":"Feature","properties":{"id":"2024-13139-9","county_nam":"Hall","county_norm":"HALL","prec_id":"9","precinct_name":"Hall - 9","precinct_norm":"HALL - 9","precinct_full_name":"Morgan Ii","has_polygon":true},"geometry":{"type":"Point","coordinates":[-83.86170853394707,34.201088]}},{"type":"Feature","properties":{"id":"2024-13139-2","county_nam":"Hall","county_norm":"HALL","prec_id":"2","precinct_name":"Hall - 2","precinct_norm":"HALL - 2","precinct_full_name":"Chicopee","has_polygon":true},"geometry":{"type":"Point","coordinates":[-83.85939009210219,34.2543635]}},{"type":"Feature","properties":{"id":"2024-13139-23","county_nam":"Hall","county_norm":"HALL","prec_id":"23","precinct_name":"Hall - 23","precinct_norm":"HALL - 23","precinct_full_name":"Gainesville Iii","has_polygon":true},"geometry":{"type":"Point","coordinates":[-83.86407093713326,34.3007195]}},{"type":"Feature","properties":{"id":"2024-13139-24","county_nam":"Hall","county_norm":"HALL","prec_id":"24","precinct_name":"Hall - 24","precinct_norm":"HALL - 24","precinct_full_name":"Gainesville Iv","has_polygon":true},"geometry":{"type":"Point","coordinates":[-83.81634090042373,34.283294]}},{"type":"Feature","properties":{"id":"2024-13139-25","county_nam":"Hall","county_norm":"HALL","prec_id":"25","precinct_name":"Hall - 25","precinct_norm":"HALL - 25","precinct_full_name":"Gainesville V","has_polygon":true},"geometry":{"type":"Point","coordinates":[-83.84204417254159,34.3333945]}},{"type":"Feature","properties":{"id":"2024-13139-10","county_nam":"Hall","county_norm":"HALL","prec_id":"10","precinct_name":"Hall - 10","precinct_norm":"HALL - 10","precinct_full_name":"Candler","has_polygon":true},"geometry":{"type":"Point","coordinates":[-83.80251913550123,34.2163385]}},{"type":"Feature","properties":{"id":"2024-13139-21","county_nam":"Hall","county_norm":"HALL","prec_id":"21","precinct_name":"Hall - 21","precinct_norm":"HALL - 21","precinct_full_name":"Gainesville I","has_polygon":true},"geometry":{"type":"Point","coordinates":[-83.80798844606093,34.330665999999994]}},{"type":"Feature","properties":{"id":"2024-13139-22","county_nam":"Hall","county_norm":"HALL","prec_id":"22","precinct_name":"Hall - 22","precinct_norm":"HALL - 22","precinct_full_name":"Gainesville Ii","has_polygon":true},"geometry":{"type":"Point","coordinates":[-83.78155498444823,34.291255]}},{"type":"Feature","properties":{"id":"2024-13157-3000","county_nam":"Jackson","county_norm":"JACKSON","prec_id":"3000","precinct_name":"Jackson - 3000","precinct_norm":"JACKSON - 3000","precinct_full_name":"West Jackson","has_polygon":true},"geometry":{"type":"Point","coordinates":[-83.73700601480263,34.1125275]}},{"type":"Feature","properties":{"id":"2024-13157-1000","county_nam":"Jackson","county_norm":"JACKSON","prec_id":"1000","precinct_name":"Jackson - 1000","precinct_norm":"JACKSON - 1000","precinct_full_name":"Central Jackson","has_polygon":true},"geometry":{"type":"Point","coordinates":[-83.62634601139004,34.1387045]}},{"type":"Feature","properties":{"id":"2024-13139-11","county_nam":"Hall","county_norm":"HALL","prec_id":"11","precinct_name":"Hall - 11","precinct_norm":"HALL - 11","precinct_full_name":"Tadmore","has_polygon":true},"geometry":{"type":"Point","coordinates":[-83.7305583009684,34.2514415]}},{"type":"Feature","properties":{"id":"2024-13139-12","county_nam":"Hall","county_norm":"HALL","prec_id":"12","precinct_name":"Hall - 12","precinct_norm":"HALL - 12","precinct_full_name":"Glade","has_polygon":true},"geometry":{"type":"Point","coordinates":[-83.74271122961702,34.334186]}},{"type":"Feature","properties":{"id":"2024-13139-26","county_nam":"Hall","county_norm":"HALL","prec_id":"26","precinct_name":"Hall - 26","precinct_norm":"HALL - 26","precinct_full_name":"Gillsville","has_polygon":true},"geometry":{"type":"Point","coordinates":[-83.66105894834607,34.3025795]}},{"type":"Feature","properties":{"id":"2024-13139-20","county_nam":"Hall","county_norm":"HALL","prec_id":"20","precinct_name":"Hall - 20","precinct_norm":"HALL - 20","precinct_full_name":"West Whelchel","has_polygon":true},"geometry":{"type":"Point","coordinates":[-83.8600478908524,34.358759]}},{"type":"Feature","properties":{"id":"2024-13139-27","county_nam":"Hall","county_norm":"HALL","prec_id":"27","precinct_name":"Hall - 27","precinct_norm":"HALL - 27","precinct_full_name":"Big Hickory","has_polygon":true},"geometry":{"type":"Point","coordinates":[-83.86275816770186,34.417545000000004]}},{"type":"Feature","properties":{"id":"2024-13139-19","county_nam":"Hall","county_norm":"HALL","prec_id":"19","precinct_name":"Hall - 19","precinct_norm":"HALL - 19","precinct_full_name":"Whelchel","has_polygon":true},"geometry":{"type":"Point","coordinates":[-83.79276730094153,34.371800500000006]}},{"type":"Feature","properties":{"id":"2024-13139-15","county_nam":"Hall","county_norm":"HALL","prec_id":"15","precinct_name":"Hall - 15","precinct_norm":"HALL - 15","precinct_full_name":"Quillians","has_polygon":true},"geometry":{"type":"Point","coordinates":[-83.80518724247554,34.441943499999994]}},{"type":"Feature","properties":{"id":"2024-13311-81","county_nam":"White","county_norm":"WHITE","prec_id":"81","precinct_name":"White - 81","precinct_norm":"WHITE - 81","precinct_full_name":"Shoal Creek","has_polygon":true},"geometry":{"type":"Point","coordinates":[-83.80696899136531,34.5445405]}},{"type":"Feature","properties":{"id":"2024-13139-14","county_nam":"Hall","county_norm":"HALL","prec_id":"14","precinct_name":"Hall - 14","precinct_norm":"HALL - 14","precinct_full_name":"Clermont","has_polygon":true},"geometry":{"type":"Point","coordinates":[-83.74505712105753,34.462424999999996]}},{"type":"Feature","properties":{"id":"2024-13139-13","county_nam":"Hall","county_norm":"HALL","prec_id":"13","precinct_name":"Hall - 13","precinct_norm":"HALL - 13","precinct_full_name":"Lula","has_polygon":true},"geometry":{"type":"Point","coordinates":[-83.66510668429191,34.4178945]}},{"type":"Feature","properties":{"id":"2024-13311-41","county_nam":"White","county_norm":"WHITE","prec_id":"41","precinct_name":"White - 41","precinct_norm":"WHITE - 41","precinct_full_name":"Mossy Creek","has_polygon":true},"geometry":{"type":"Point","coordinates":[-83.709722692827,34.542474999999996]}},{"type":"Feature","properties":{"id":"2024-13311-111","county_nam":"White","county_norm":"WHITE","prec_id":"111","precinct_name":"White - 111","precinct_norm":"WHITE - 111","precinct_full_name":"White Creek","has_polygon":true},"geometry":{"type":"Point","coordinates":[-83.66058647988505,34.5623935]}},{"type":"Feature","properties":{"id":"2024-13157-2000","county_nam":"Jackson","county_norm":"JACKSON","prec_id":"2000","precinct_name":"Jackson - 2000","precinct_norm":"JACKSON - 2000","precinct_full_name":"North Jackson","has_polygon":true},"geometry":{"type":"Point","coordinates":[-83.4973399135081,34.1887825]}},{"type":"Feature","properties":{"id":"2024-13011-8","county_nam":"Banks","county_norm":"BANKS","prec_id":"8","precinct_name":"Banks - 8","precinct_norm":"BANKS - 8","precinct_full_name":"Grove River","has_polygon":true},"geometry":{"type":"Point","coordinates":[-83.61981936632472,34.323093]}},{"type":"Feature","properties":{"id":"2024-13011-1","county_nam":"Banks","county_norm":"BANKS","prec_id":"1","precinct_name":"Banks - 1","precinct_norm":"BANKS - 1","precinct_full_name":"Anderson","has_polygon":true},"geometry":{"type":"Point","coordinates":[-83.56792038786688,34.296548]}},{"type":"Feature","properties":{"id":"2024-13011-10","county_nam":"Banks","county_norm":"BANKS","prec_id":"10","precinct_name":"Banks - 10","precinct_norm":"BANKS - 10","precinct_full_name":"Homer","has_polygon":true},"geometry":{"type":"Point","coordinates":[-83.53187005743362,34.3417635]}},{"type":"Feature","properties":{"id":"2024-13011-4","county_nam":"Banks","county_norm":"BANKS","prec_id":"4","precinct_name":"Banks - 4","precinct_norm":"BANKS - 4","precinct_full_name":"Bushville","has_polygon":true},"geometry":{"type":"Point","coordinates":[-83.45310803395472,34.285932]}},{"type":"Feature","properties":{"id":"2024-13011-6","county_nam":"Banks","county_norm":"BANKS","prec_id":"6","precinct_name":"Banks - 6","precinct_norm":"BANKS - 6","precinct_full_name":"Davids","has_polygon":true},"geometry":{"type":"Point","coordinates":[-83.39190172681282,34.2515115]}},{"type":"Feature","properties":{"id":"2024-13011-11","county_nam":"Banks","county_norm":"BANKS","prec_id":"11","precinct_name":"Banks - 11","precinct_norm":"BANKS - 11","precinct_full_name":"Poplar Springs","has_polygon":true},"geometry":{"type":"Point","coordinates":[-83.60448883959805,34.381738999999996]}},{"type":"Feature","properties":{"id":"2024-13011-7","county_nam":"Banks","county_norm":"BANKS","prec_id":"7","precinct_name":"Banks - 7","precinct_norm":"BANKS - 7","precinct_full_name":"Golden Hill","has_polygon":true},"geometry":{"type":"Point","coordinates":[-83.56974769368811,34.4326085]}},{"type":"Feature","properties":{"id":"2024-13199-10","county_nam":"Meriwether","county_norm":"MERIWETHER","prec_id":"10","precinct_name":"Meriwether - 10","precinct_norm":"MERIWETHER - 10","precinct_full_name":"Lower 9TH-Woodbury","has_polygon":true},"geometry":{"type":"Point","coordinates":[-84.57682907622632,33.003508]}},{"type":"Feature","properties":{"id":"2024-13231-4","county_nam":"Pike","county_norm":"PIKE","prec_id":"4","precinct_name":"Pike - 4","precinct_norm":"PIKE - 4","precinct_full_name":"Molena","has_polygon":true},"geometry":{"type":"Point","coordinates":[-84.46728008286038,33.019673]}},{"type":"Feature","properties":{"id":"2024-13285-9","county_nam":"Troup","county_norm":"TROUP","prec_id":"9","precinct_name":"Troup - 9","precinct_norm":"TROUP - 9","precinct_full_name":"Mountville","has_polygon":true},"geometry":{"type":"Point","coordinates":[-84.9119534658213,33.0396375]}},{"type":"Feature","properties":{"id":"2024-13285-6","county_nam":"Troup","county_norm":"TROUP","prec_id":"6","precinct_name":"Troup - 6","precinct_norm":"TROUP - 6","precinct_full_name":"Hogansville","has_polygon":true},"geometry":{"type":"Point","coordinates":[-84.9058566520342,33.158722]}},{"type":"Feature","properties":{"id":"2024-13199-6","county_nam":"Meriwether","county_norm":"MERIWETHER","prec_id":"6","precinct_name":"Meriwether - 6","precinct_norm":"MERIWETHER - 6","precinct_full_name":"Lone Oak","has_polygon":true},"geometry":{"type":"Point","coordinates":[-84.81326389949541,33.145364]}},{"type":"Feature","properties":{"id":"2024-13077-9","county_nam":"Coweta","county_norm":"COWETA","prec_id":"9","precinct_name":"Coweta - 9","precinct_norm":"COWETA - 9","precinct_full_name":"Grantville","has_polygon":true},"geometry":{"type":"Point","coordinates":[-84.8619361144562,33.23944]}},{"type":"Feature","properties":{"id":"2024-13199-5","county_nam":"Meriwether","county_norm":"MERIWETHER","prec_id":"5","precinct_name":"Meriwether - 5","precinct_norm":"MERIWETHER - 5","precinct_full_name":"8TH-Greenville","has_polygon":true},"geometry":{"type":"Point","coordinates":[-84.68275506498496,33.026213999999996]}},{"type":"Feature","properties":{"id":"2024-13077-2","county_nam":"Coweta","county_norm":"COWETA","prec_id":"2","precinct_name":"Coweta - 2","precinct_norm":"COWETA - 2","precinct_full_name":"Moreland","has_polygon":true},"geometry":{"type":"Point","coordinates":[-84.7486747639218,33.276767500000005]}},{"type":"Feature","properties":{"id":"2024-13199-7","county_nam":"Meriwether","county_norm":"MERIWETHER","prec_id":"7","precinct_name":"Meriwether - 7","precinct_norm":"MERIWETHER - 7","precinct_full_name":"Luthersville","has_polygon":true},"geometry":{"type":"Point","coordinates":[-84.71240609790874,33.164013]}},{"type":"Feature","properties":{"id":"2024-13077-3","county_nam":"Coweta","county_norm":"COWETA","prec_id":"3","precinct_name":"Coweta - 3","precinct_norm":"COWETA - 3","precinct_full_name":"Pine Road","has_polygon":true},"geometry":{"type":"Point","coordinates":[-84.88272098907456,33.2977215]}},{"type":"Feature","properties":{"id":"2024-13077-11","county_nam":"Coweta","county_norm":"COWETA","prec_id":"11","precinct_name":"Coweta - 11","precinct_norm":"COWETA - 11","precinct_full_name":"Welcome","has_polygon":true},"geometry":{"type":"Point","coordinates":[-84.9422975816868,33.398393]}},{"type":"Feature","properties":{"id":"2024-13077-15","county_nam":"Coweta","county_norm":"COWETA","prec_id":"15","precinct_name":"Coweta - 15","precinct_norm":"COWETA - 15","precinct_full_name":"Smokey Road","has_polygon":true},"geometry":{"type":"Point","coordinates":[-84.83423783811403,33.349153]}},{"type":"Feature","properties":{"id":"2024-13077-24","county_nam":"Coweta","county_norm":"COWETA","prec_id":"24","precinct_name":"Coweta - 24","precinct_norm":"COWETA - 24","precinct_full_name":"Westside","has_polygon":true},"geometry":{"type":"Point","coordinates":[-84.84044337464611,33.3806195]}},{"type":"Feature","properties":{"id":"2024-13077-5","county_nam":"Coweta","county_norm":"COWETA","prec_id":"5","precinct_name":"Coweta - 5","precinct_norm":"COWETA - 5","precinct_full_name":"Newnan","has_polygon":true},"geometry":{"type":"Point","coordinates":[-84.8143779980733,33.372493500000004]}},{"type":"Feature","properties":{"id":"2024-13077-20","county_nam":"Coweta","county_norm":"COWETA","prec_id":"20","precinct_name":"Coweta - 20","precinct_norm":"COWETA - 20","precinct_full_name":"Expo Center","has_polygon":true},"geometry":{"type":"Point","coordinates":[-84.82102032131544,33.4029225]}},{"type":"Feature","properties":{"id":"2024-13077-12","county_nam":"Coweta","county_norm":"COWETA","prec_id":"12","precinct_name":"Coweta - 12","precinct_norm":"COWETA - 12","precinct_full_name":"Panther Creek","has_polygon":true},"geometry":{"type":"Point","coordinates":[-84.86959512803739,33.4395435]}},{"type":"Feature","properties":{"id":"2024-13045-682","county_nam":"Carroll","county_norm":"CARROLL","prec_id":"682","precinct_name":"Carroll - 682","precinct_norm":"CARROLL - 682","precinct_full_name":"Whitesburg","has_polygon":true},"geometry":{"type":"Point","coordinates":[-84.90991965426454,33.506169]}},{"type":"Feature","properties":{"id":"2024-13077-17","county_nam":"Coweta","county_norm":"COWETA","prec_id":"17","precinct_name":"Coweta - 17","precinct_norm":"COWETA - 17","precinct_full_name":"Central","has_polygon":true},"geometry":{"type":"Point","coordinates":[-84.77550290966552,33.356932]}},{"type":"Feature","properties":{"id":"2024-13077-19","county_nam":"Coweta","county_norm":"COWETA","prec_id":"19","precinct_name":"Coweta - 19","precinct_norm":"COWETA - 19","precinct_full_name":"Greentop","has_polygon":true},"geometry":{"type":"Point","coordinates":[-84.7753423516397,33.412347]}},{"type":"Feature","properties":{"id":"2024-13077-13","county_nam":"Coweta","county_norm":"COWETA","prec_id":"13","precinct_name":"Coweta - 13","precinct_norm":"COWETA - 13","precinct_full_name":"Raymond","has_polygon":true},"geometry":{"type":"Point","coordinates":[-84.71808020683453,33.321411]}},{"type":"Feature","properties":{"id":"2024-13077-18","county_nam":"Coweta","county_norm":"COWETA","prec_id":"18","precinct_name":"Coweta - 18","precinct_norm":"COWETA - 18","precinct_full_name":"The Newnan Centre","has_polygon":true},"geometry":{"type":"Point","coordinates":[-84.74390099340421,33.393546]}},{"type":"Feature","properties":{"id":"2024-13077-21","county_nam":"Coweta","county_norm":"COWETA","prec_id":"21","precinct_name":"Coweta - 21","precinct_norm":"COWETA - 21","precinct_full_name":"White Oak","has_polygon":true},"geometry":{"type":"Point","coordinates":[-84.7009151709025,33.405409500000005]}},{"type":"Feature","properties":{"id":"2024-13077-25","county_nam":"Coweta","county_norm":"COWETA","prec_id":"25","precinct_name":"Coweta - 25","precinct_norm":"COWETA - 25","precinct_full_name":"Northside","has_polygon":true},"geometry":{"type":"Point","coordinates":[-84.80136701426778,33.4231105]}},{"type":"Feature","properties":{"id":"2024-13077-22","county_nam":"Coweta","county_norm":"COWETA","prec_id":"22","precinct_name":"Coweta - 22","precinct_norm":"COWETA - 22","precinct_full_name":"Madras","has_polygon":true},"geometry":{"type":"Point","coordinates":[-84.76619088541287,33.464697]}},{"type":"Feature","properties":{"id":"2024-13121-CH04A","county_nam":"Fulton","county_norm":"FULTON","prec_id":"CH04A","precinct_name":"Fulton - CH04A","precinct_norm":"FULTON - CH04A","precinct_full_name":"Chattahoochee Hills City Hall","has_polygon":true},"geometry":{"type":"Point","coordinates":[-84.74141941341463,33.521521]}},{"type":"Feature","properties":{"id":"2024-13121-CH05","county_nam":"Fulton","county_norm":"FULTON","prec_id":"CH05","precinct_name":"Fulton - CH05","precinct_norm":"FULTON - CH05","precinct_full_name":"Chattahoochee Hills City Hall","has_polygon":true},"geometry":{"type":"Point","coordinates":[-84.75849195136422,33.533891]}},{"type":"Feature","properties":{"id":"2024-13121-CH05A","county_nam":"Fulton","county_norm":"FULTON","prec_id":"CH05A","precinct_name":"Fulton - CH05A","precinct_norm":"FULTON - CH05A","precinct_full_name":"CH05A","has_polygon":true},"geometry":{"type":"Point","coordinates":[-84.69071973094822,33.514254]}},{"type":"Feature","properties":{"id":"2024-13199-9","county_nam":"Meriwether","county_norm":"MERIWETHER","prec_id":"9","precinct_name":"Meriwether - 9","precinct_norm":"MERIWETHER - 9","precinct_full_name":"Middle 9TH-Gay","has_polygon":true},"geometry":{"type":"Point","coordinates":[-84.56955035908774,33.0755015]}},{"type":"Feature","properties":{"id":"2024-13077-14","county_nam":"Coweta","county_norm":"COWETA","prec_id":"14","precinct_name":"Coweta - 14","precinct_norm":"COWETA - 14","precinct_full_name":"Turin","has_polygon":true},"geometry":{"type":"Point","coordinates":[-84.64381723451672,33.284171]}},{"type":"Feature","properties":{"id":"2024-13199-8","county_nam":"Meriwether","county_norm":"MERIWETHER","prec_id":"8","precinct_name":"Meriwether - 8","precinct_norm":"MERIWETHER - 8","precinct_full_name":"Upper 9TH -Alvaton","has_polygon":true},"geometry":{"type":"Point","coordinates":[-84.58466593710403,33.1635255]}},{"type":"Feature","properties":{"id":"2024-13077-10","county_nam":"Coweta","county_norm":"COWETA","prec_id":"10","precinct_name":"Coweta - 10","precinct_norm":"COWETA - 10","precinct_full_name":"Haralson","has_polygon":true},"geometry":{"type":"Point","coordinates":[-84.57080453266316,33.244181499999996]}},{"type":"Feature","properties":{"id":"2024-13077-1","county_nam":"Coweta","county_norm":"COWETA","prec_id":"1","precinct_name":"Coweta - 1","precinct_norm":"COWETA - 1","precinct_full_name":"Senoia","has_polygon":true},"geometry":{"type":"Point","coordinates":[-84.55113639181286,33.286986]}},{"type":"Feature","properties":{"id":"2024-13231-1","county_nam":"Pike","county_norm":"PIKE","prec_id":"1","precinct_name":"Pike - 1","precinct_norm":"PIKE - 1","precinct_full_name":"Concord","has_polygon":true},"geometry":{"type":"Point","coordinates":[-84.45798364255037,33.101004]}},{"type":"Feature","properties":{"id":"2024-13231-2","county_nam":"Pike","county_norm":"PIKE","prec_id":"2","precinct_name":"Pike - 2","precinct_norm":"PIKE - 2","precinct_full_name":"Hollonville","has_polygon":true},"geometry":{"type":"Point","coordinates":[-84.45561628863823,33.157914500000004]}},{"type":"Feature","properties":{"id":"2024-13255-12","county_nam":"Spalding","county_norm":"SPALDING","prec_id":"12","precinct_name":"Spalding - 12","precinct_norm":"SPALDING - 12","precinct_full_name":"12","has_polygon":true},"geometry":{"type":"Point","coordinates":[-84.4224501217291,33.222715]}},{"type":"Feature","properties":{"id":"2024-13077-27","county_nam":"Coweta","county_norm":"COWETA","prec_id":"27","precinct_name":"Coweta - 27","precinct_norm":"COWETA - 27","precinct_full_name":"Coweta Central Library","has_polygon":true},"geometry":{"type":"Point","coordinates":[-84.66061421696106,33.383661000000004]}},{"type":"Feature","properties":{"id":"2024-13077-26","county_nam":"Coweta","county_norm":"COWETA","prec_id":"26","precinct_name":"Coweta - 26","precinct_norm":"COWETA - 26","precinct_full_name":"Thomas Crossroads","has_polygon":true},"geometry":{"type":"Point","coordinates":[-84.66074056457192,33.4221945]}},{"type":"Feature","properties":{"id":"2024-13077-6","county_nam":"Coweta","county_norm":"COWETA","prec_id":"6","precinct_name":"Coweta - 6","precinct_norm":"COWETA - 6","precinct_full_name":"Sharpsburg","has_polygon":true},"geometry":{"type":"Point","coordinates":[-84.61474279197861,33.3609115]}},{"type":"Feature","properties":{"id":"2024-13113-18","county_nam":"Fayette","county_norm":"FAYETTE","prec_id":"18","precinct_name":"Fayette - 18","precinct_norm":"FAYETTE - 18","precinct_full_name":"Kedron","has_polygon":true},"geometry":{"type":"Point","coordinates":[-84.6080968510109,33.419685]}},{"type":"Feature","properties":{"id":"2024-13113-19","county_nam":"Fayette","county_norm":"FAYETTE","prec_id":"19","precinct_name":"Fayette - 19","precinct_norm":"FAYETTE - 19","precinct_full_name":"Aberdeen","has_polygon":true},"geometry":{"type":"Point","coordinates":[-84.57581318604747,33.4115575]}},{"type":"Feature","properties":{"id":"2024-13113-32","county_nam":"Fayette","county_norm":"FAYETTE","prec_id":"32","precinct_name":"Fayette - 32","precinct_norm":"FAYETTE - 32","precinct_full_name":"Willowbend","has_polygon":true},"geometry":{"type":"Point","coordinates":[-84.57441873619825,33.367359500000006]}},{"type":"Feature","properties":{"id":"2024-13113-21","county_nam":"Fayette","county_norm":"FAYETTE","prec_id":"21","precinct_name":"Fayette - 21","precinct_norm":"FAYETTE - 21","precinct_full_name":"Flat Creek","has_polygon":true},"geometry":{"type":"Point","coordinates":[-84.55502968388402,33.367719]}},{"type":"Feature","properties":{"id":"2024-13113-17","county_nam":"Fayette","county_norm":"FAYETTE","prec_id":"17","precinct_name":"Fayette - 17","precinct_norm":"FAYETTE - 17","precinct_full_name":"Oak Grove","has_polygon":true},"geometry":{"type":"Point","coordinates":[-84.54812513084633,33.375647]}},{"type":"Feature","properties":{"id":"2024-13113-12","county_nam":"Fayette","county_norm":"FAYETTE","prec_id":"12","precinct_name":"Fayette - 12","precinct_norm":"FAYETTE - 12","precinct_full_name":"Shakerag West","has_polygon":true},"geometry":{"type":"Point","coordinates":[-84.57445739117153,33.395412]}},{"type":"Feature","properties":{"id":"2024-13113-20","county_nam":"Fayette","county_norm":"FAYETTE","prec_id":"20","precinct_name":"Fayette - 20","precinct_norm":"FAYETTE - 20","precinct_full_name":"Windgate","has_polygon":true},"geometry":{"type":"Point","coordinates":[-84.55736031648856,33.3934225]}},{"type":"Feature","properties":{"id":"2024-13113-33","county_nam":"Fayette","county_norm":"FAYETTE","prec_id":"33","precinct_name":"Fayette - 33","precinct_norm":"FAYETTE - 33","precinct_full_name":"Camp Creek","has_polygon":true},"geometry":{"type":"Point","coordinates":[-84.54626380236971,33.394349000000005]}},{"type":"Feature","properties":{"id":"2024-13113-11","county_nam":"Fayette","county_norm":"FAYETTE","prec_id":"11","precinct_name":"Fayette - 11","precinct_norm":"FAYETTE - 11","precinct_full_name":"Shakerag East","has_polygon":true},"geometry":{"type":"Point","coordinates":[-84.54821184182686,33.418306]}},{"type":"Feature","properties":{"id":"2024-13077-23","county_nam":"Coweta","county_norm":"COWETA","prec_id":"23","precinct_name":"Coweta - 23","precinct_norm":"COWETA - 23","precinct_full_name":"Cannongate","has_polygon":true},"geometry":{"type":"Point","coordinates":[-84.65882388703966,33.463842]}},{"type":"Feature","properties":{"id":"2024-13113-9","county_nam":"Fayette","county_norm":"FAYETTE","prec_id":"9","precinct_name":"Fayette - 9","precinct_norm":"FAYETTE - 9","precinct_full_name":"Rareover","has_polygon":true},"geometry":{"type":"Point","coordinates":[-84.60677035696096,33.4647375]}},{"type":"Feature","properties":{"id":"2024-13121-PA01","county_nam":"Fulton","county_norm":"FULTON","prec_id":"PA01","precinct_name":"Fulton - PA01","precinct_norm":"FULTON - PA01","precinct_full_name":"Palmetto Library","has_polygon":true},"geometry":{"type":"Point","coordinates":[-84.65645022278599,33.538390500000006]}},{"type":"Feature","properties":{"id":"2024-13121-CH01B","county_nam":"Fulton","county_norm":"FULTON","prec_id":"CH01B","precinct_name":"Fulton - CH01B","precinct_norm":"FULTON - CH01B","precinct_full_name":"CH01B","has_polygon":true},"geometry":{"type":"Point","coordinates":[-84.66460425698429,33.5361455]}},{"type":"Feature","properties":{"id":"2024-13121-FA01D","county_nam":"Fulton","county_norm":"FULTON","prec_id":"FA01D","precinct_name":"Fulton - FA01D","precinct_norm":"FULTON - FA01D","precinct_full_name":"FA01D","has_polygon":true},"geometry":{"type":"Point","coordinates":[-84.61195335880686,33.5256415]}},{"type":"Feature","properties":{"id":"2024-13113-31","county_nam":"Fayette","county_norm":"FAYETTE","prec_id":"31","precinct_name":"Fayette - 31","precinct_norm":"FAYETTE - 31","precinct_full_name":"Fielding Ridge","has_polygon":true},"geometry":{"type":"Point","coordinates":[-84.59587655302596,33.429444000000004]}},{"type":"Feature","properties":{"id":"2024-13113-16","county_nam":"Fayette","county_norm":"FAYETTE","prec_id":"16","precinct_name":"Fayette - 16","precinct_norm":"FAYETTE - 16","precinct_full_name":"Mcintosh","has_polygon":true},"geometry":{"type":"Point","coordinates":[-84.57273790882022,33.4294535]}},{"type":"Feature","properties":{"id":"2024-13121-FA01B","county_nam":"Fulton","county_norm":"FULTON","prec_id":"FA01B","precinct_name":"Fulton - FA01B","precinct_norm":"FULTON - FA01B","precinct_full_name":"First Baptist Church Of Fairburn","has_polygon":true},"geometry":{"type":"Point","coordinates":[-84.58751812443856,33.5472155]}},{"type":"Feature","properties":{"id":"2024-13113-10","county_nam":"Fayette","county_norm":"FAYETTE","prec_id":"10","precinct_name":"Fayette - 10","precinct_norm":"FAYETTE - 10","precinct_full_name":"Sandy Creek","has_polygon":true},"geometry":{"type":"Point","coordinates":[-84.56444356579577,33.497318500000006]}},{"type":"Feature","properties":{"id":"2024-13121-SC212","county_nam":"Fulton","county_norm":"FULTON","prec_id":"SC212","precinct_name":"Fulton - SC212","precinct_norm":"FULTON - SC212","precinct_full_name":"Oakley Elementary","has_polygon":true},"geometry":{"type":"Point","coordinates":[-84.53715621708118,33.545661499999994]}},{"type":"Feature","properties":{"id":"2024-13121-SC07C","county_nam":"Fulton","county_norm":"FULTON","prec_id":"SC07C","precinct_name":"Fulton - SC07C","precinct_norm":"FULTON - SC07C","precinct_full_name":"Oakley Elementary","has_polygon":true},"geometry":{"type":"Point","coordinates":[-84.5673963641723,33.553946499999995]}},{"type":"Feature","properties":{"id":"2024-13121-FA01C","county_nam":"Fulton","county_norm":"FULTON","prec_id":"FA01C","precinct_name":"Fulton - FA01C","precinct_norm":"FULTON - FA01C","precinct_full_name":"Harvest Rain Church","has_polygon":true},"geometry":{"type":"Point","coordinates":[-84.55473652159918,33.546063000000004]}},{"type":"Feature","properties":{"id":"2024-13113-34","county_nam":"Fayette","county_norm":"FAYETTE","prec_id":"34","precinct_name":"Fayette - 34","precinct_norm":"FAYETTE - 34","precinct_full_name":"Rising Star","has_polygon":true},"geometry":{"type":"Point","coordinates":[-84.51450727164891,33.321083]}},{"type":"Feature","properties":{"id":"2024-13113-22","county_nam":"Fayette","county_norm":"FAYETTE","prec_id":"22","precinct_name":"Fayette - 22","precinct_norm":"FAYETTE - 22","precinct_full_name":"Braelinn","has_polygon":true},"geometry":{"type":"Point","coordinates":[-84.53282041239316,33.369763]}},{"type":"Feature","properties":{"id":"2024-13113-13","county_nam":"Fayette","county_norm":"FAYETTE","prec_id":"13","precinct_name":"Fayette - 13","precinct_norm":"FAYETTE - 13","precinct_full_name":"Starrsmill","has_polygon":true},"geometry":{"type":"Point","coordinates":[-84.48869059122202,33.361938]}},{"type":"Feature","properties":{"id":"2024-13113-14","county_nam":"Fayette","county_norm":"FAYETTE","prec_id":"14","precinct_name":"Fayette - 14","precinct_norm":"FAYETTE - 14","precinct_full_name":"Whitewater","has_polygon":true},"geometry":{"type":"Point","coordinates":[-84.5142447213668,33.394678]}},{"type":"Feature","properties":{"id":"2024-13113-2","county_nam":"Fayette","county_norm":"FAYETTE","prec_id":"2","precinct_name":"Fayette - 2","precinct_norm":"FAYETTE - 2","precinct_full_name":"Brooks","has_polygon":true},"geometry":{"type":"Point","coordinates":[-84.45048432129643,33.296512]}},{"type":"Feature","properties":{"id":"2024-13113-15","county_nam":"Fayette","county_norm":"FAYETTE","prec_id":"15","precinct_name":"Fayette - 15","precinct_norm":"FAYETTE - 15","precinct_full_name":"Woolsey","has_polygon":true},"geometry":{"type":"Point","coordinates":[-84.42319934518397,33.348707000000005]}},{"type":"Feature","properties":{"id":"2024-13113-25","county_nam":"Fayette","county_norm":"FAYETTE","prec_id":"25","precinct_name":"Fayette - 25","precinct_norm":"FAYETTE - 25","precinct_full_name":"Harps Crossing","has_polygon":true},"geometry":{"type":"Point","coordinates":[-84.45367781579799,33.410932]}},{"type":"Feature","properties":{"id":"2024-13113-36","county_nam":"Fayette","county_norm":"FAYETTE","prec_id":"36","precinct_name":"Fayette - 36","precinct_norm":"FAYETTE - 36","precinct_full_name":"Antioch","has_polygon":true},"geometry":{"type":"Point","coordinates":[-84.41469284936974,33.4001115]}},{"type":"Feature","properties":{"id":"2024-13113-30","county_nam":"Fayette","county_norm":"FAYETTE","prec_id":"30","precinct_name":"Fayette - 30","precinct_norm":"FAYETTE - 30","precinct_full_name":"Murphy","has_polygon":true},"geometry":{"type":"Point","coordinates":[-84.42356977755044,33.424118]}},{"type":"Feature","properties":{"id":"2024-13113-26","county_nam":"Fayette","county_norm":"FAYETTE","prec_id":"26","precinct_name":"Fayette - 26","precinct_norm":"FAYETTE - 26","precinct_full_name":"Willow Pond","has_polygon":true},"geometry":{"type":"Point","coordinates":[-84.51874709593659,33.4295075]}},{"type":"Feature","properties":{"id":"2024-13113-27","county_nam":"Fayette","county_norm":"FAYETTE","prec_id":"27","precinct_name":"Fayette - 27","precinct_norm":"FAYETTE - 27","precinct_full_name":"Dogwood","has_polygon":true},"geometry":{"type":"Point","coordinates":[-84.54292986538461,33.4577145]}},{"type":"Feature","properties":{"id":"2024-13113-35","county_nam":"Fayette","county_norm":"FAYETTE","prec_id":"35","precinct_name":"Fayette - 35","precinct_norm":"FAYETTE - 35","precinct_full_name":"Spring Hill","has_polygon":true},"geometry":{"type":"Point","coordinates":[-84.47745860061728,33.428933]}},{"type":"Feature","properties":{"id":"2024-13121-UC032","county_nam":"Fulton","county_norm":"FULTON","prec_id":"UC032","precinct_name":"Fulton - UC032","precinct_norm":"FULTON - UC032","precinct_full_name":"Christian City Welcome Center","has_polygon":true},"geometry":{"type":"Point","coordinates":[-84.52717256866197,33.5448265]}},{"type":"Feature","properties":{"id":"2024-13113-7","county_nam":"Fayette","county_norm":"FAYETTE","prec_id":"7","precinct_name":"Fayette - 7","precinct_norm":"FAYETTE - 7","precinct_full_name":"Hopeful","has_polygon":true},"geometry":{"type":"Point","coordinates":[-84.51940665800163,33.523059]}},{"type":"Feature","properties":{"id":"2024-13121-SC211","county_nam":"Fulton","county_norm":"FULTON","prec_id":"SC211","precinct_name":"Fulton - SC211","precinct_norm":"FULTON - SC211","precinct_full_name":"Oakley Elementary","has_polygon":true},"geometry":{"type":"Point","coordinates":[-84.49451549553022,33.547856499999995]}},{"type":"Feature","properties":{"id":"2024-13113-5","county_nam":"Fayette","county_norm":"FAYETTE","prec_id":"5","precinct_name":"Fayette - 5","precinct_norm":"FAYETTE - 5","precinct_full_name":"Fayetteville West","has_polygon":true},"geometry":{"type":"Point","coordinates":[-84.47322179620387,33.4611175]}},{"type":"Feature","properties":{"id":"2024-13113-8","county_nam":"Fayette","county_norm":"FAYETTE","prec_id":"8","precinct_name":"Fayette - 8","precinct_norm":"FAYETTE - 8","precinct_full_name":"Morning Creek","has_polygon":true},"geometry":{"type":"Point","coordinates":[-84.48730398051762,33.474872000000005]}},{"type":"Feature","properties":{"id":"2024-13113-1","county_nam":"Fayette","county_norm":"FAYETTE","prec_id":"1","precinct_name":"Fayette - 1","precinct_norm":"FAYETTE - 1","precinct_full_name":"Blackrock","has_polygon":true},"geometry":{"type":"Point","coordinates":[-84.45802682883695,33.472949]}},{"type":"Feature","properties":{"id":"2024-13113-29","county_nam":"Fayette","county_norm":"FAYETTE","prec_id":"29","precinct_name":"Fayette - 29","precinct_norm":"FAYETTE - 29","precinct_full_name":"Jeff Davis","has_polygon":true},"geometry":{"type":"Point","coordinates":[-84.4319792068134,33.440580499999996]}},{"type":"Feature","properties":{"id":"2024-13113-4","county_nam":"Fayette","county_norm":"FAYETTE","prec_id":"4","precinct_name":"Fayette - 4","precinct_norm":"FAYETTE - 4","precinct_full_name":"Fayetteville East","has_polygon":true},"geometry":{"type":"Point","coordinates":[-84.44068024019607,33.4587]}},{"type":"Feature","properties":{"id":"2024-13113-24","county_nam":"Fayette","county_norm":"FAYETTE","prec_id":"24","precinct_name":"Fayette - 24","precinct_norm":"FAYETTE - 24","precinct_full_name":"Banks","has_polygon":true},"geometry":{"type":"Point","coordinates":[-84.4165900469258,33.487108500000005]}},{"type":"Feature","properties":{"id":"2024-13113-28","county_nam":"Fayette","county_norm":"FAYETTE","prec_id":"28","precinct_name":"Fayette - 28","precinct_norm":"FAYETTE - 28","precinct_full_name":"Oak Ridge","has_polygon":true},"geometry":{"type":"Point","coordinates":[-84.49271804077931,33.498422500000004]}},{"type":"Feature","properties":{"id":"2024-13113-23","county_nam":"Fayette","county_norm":"FAYETTE","prec_id":"23","precinct_name":"Fayette - 23","precinct_norm":"FAYETTE - 23","precinct_full_name":"Kenwood","has_polygon":true},"geometry":{"type":"Point","coordinates":[-84.47853934537105,33.525141500000004]}},{"type":"Feature","properties":{"id":"2024-13113-3","county_nam":"Fayette","county_norm":"FAYETTE","prec_id":"3","precinct_name":"Fayette - 3","precinct_norm":"FAYETTE - 3","precinct_full_name":"Europe","has_polygon":true},"geometry":{"type":"Point","coordinates":[-84.4554764047619,33.5303775]}},{"type":"Feature","properties":{"id":"2024-13063-JB01","county_nam":"Clayton","county_norm":"CLAYTON","prec_id":"JB01","precinct_name":"Clayton - JB01","precinct_norm":"CLAYTON - JB01","precinct_full_name":"Jonesboro 1","has_polygon":true},"geometry":{"type":"Point","coordinates":[-84.41712574058154,33.5097205]}},{"type":"Feature","properties":{"id":"2024-13063-RD02","county_nam":"Clayton","county_norm":"CLAYTON","prec_id":"RD02","precinct_name":"Clayton - RD02","precinct_norm":"CLAYTON - RD02","precinct_full_name":"Riverdale 2","has_polygon":true},"geometry":{"type":"Point","coordinates":[-84.42633804645459,33.533663000000004]}},{"type":"Feature","properties":{"id":"2024-13063-JB12","county_nam":"Clayton","county_norm":"CLAYTON","prec_id":"JB12","precinct_name":"Clayton - JB12","precinct_norm":"CLAYTON - JB12","precinct_full_name":"Jonesboro 12","has_polygon":true},"geometry":{"type":"Point","coordinates":[-84.41250402615458,33.532323500000004]}},{"type":"Feature","properties":{"id":"2024-13063-RD12","county_nam":"Clayton","county_norm":"CLAYTON","prec_id":"RD12","precinct_name":"Clayton - RD12","precinct_norm":"CLAYTON - RD12","precinct_full_name":"Riverdale 12","has_polygon":true},"geometry":{"type":"Point","coordinates":[-84.42635869900869,33.553655500000005]}},{"type":"Feature","properties":{"id":"2024-13269-5","county_nam":"Taylor","county_norm":"TAYLOR","prec_id":"5","precinct_name":"Taylor - 5","precinct_norm":"TAYLOR - 5","precinct_full_name":"Precinct 5","has_polygon":true},"geometry":{"type":"Point","coordinates":[-84.33532689941528,32.5367885]}},{"type":"Feature","properties":{"id":"2024-13269-1","county_nam":"Taylor","county_norm":"TAYLOR","prec_id":"1","precinct_name":"Taylor - 1","precinct_norm":"TAYLOR - 1","precinct_full_name":"Precinct 1","has_polygon":true},"geometry":{"type":"Point","coordinates":[-84.20745711728631,32.5606435]}},{"type":"Feature","properties":{"id":"2024-13269-6","county_nam":"Taylor","county_norm":"TAYLOR","prec_id":"6","precinct_name":"Taylor - 6","precinct_norm":"TAYLOR - 6","precinct_full_name":"Precinct 6","has_polygon":true},"geometry":{"type":"Point","coordinates":[-84.15900461349369,32.619026500000004]}},{"type":"Feature","properties":{"id":"2024-13293-589","county_nam":"Upson","county_norm":"UPSON","prec_id":"589","precinct_name":"Upson - 589","precinct_norm":"UPSON - 589","precinct_full_name":"Salem","has_polygon":true},"geometry":{"type":"Point","coordinates":[-84.23463382306925,32.755175]}},{"type":"Feature","properties":{"id":"2024-13293-5610","county_nam":"Upson","county_norm":"UPSON","prec_id":"5610","precinct_name":"Upson - 5610","precinct_norm":"UPSON - 5610","precinct_full_name":"Town","has_polygon":true},"geometry":{"type":"Point","coordinates":[-84.33446996815718,32.845329]}},{"type":"Feature","properties":{"id":"2024-13293-1610","county_nam":"Upson","county_norm":"UPSON","prec_id":"1610","precinct_name":"Upson - 1610","precinct_norm":"UPSON - 1610","precinct_full_name":"Redbone","has_polygon":true},"geometry":{"type":"Point","coordinates":[-84.43275640147412,32.9123635]}},{"type":"Feature","properties":{"id":"2024-13231-6","county_nam":"Pike","county_norm":"PIKE","prec_id":"6","precinct_name":"Pike - 6","precinct_norm":"PIKE - 6","precinct_full_name":"Lifsey Springs","has_polygon":true},"geometry":{"type":"Point","coordinates":[-84.36213312206573,33.029544]}},{"type":"Feature","properties":{"id":"2024-13293-588","county_nam":"Upson","county_norm":"UPSON","prec_id":"588","precinct_name":"Upson - 588","precinct_norm":"UPSON - 588","precinct_full_name":"Yatesville","has_polygon":true},"geometry":{"type":"Point","coordinates":[-84.18442873540258,32.8915955]}},{"type":"Feature","properties":{"id":"2024-13171-1713","county_nam":"Lamar","county_norm":"LAMAR","prec_id":"1713","precinct_name":"Lamar - 1713","precinct_norm":"LAMAR - 1713","precinct_full_name":"L C S C","has_polygon":true},"geometry":{"type":"Point","coordinates":[-84.18416451047409,33.0323415]}},{"type":"Feature","properties":{"id":"2024-13079-1","county_nam":"Crawford","county_norm":"CRAWFORD","prec_id":"1","precinct_name":"Crawford - 1","precinct_norm":"CRAWFORD - 1","precinct_full_name":"District 1","has_polygon":true},"geometry":{"type":"Point","coordinates":[-84.0548601471891,32.6787565]}},{"type":"Feature","properties":{"id":"2024-13225-F1","county_nam":"Peach","county_norm":"PEACH","prec_id":"F1","precinct_name":"Peach - F1","precinct_norm":"PEACH - F1","precinct_full_name":"Fort Valley #1","has_polygon":true},"geometry":{"type":"Point","coordinates":[-83.93822515685457,32.546803499999996]}},{"type":"Feature","properties":{"id":"2024-13079-3","county_nam":"Crawford","county_norm":"CRAWFORD","prec_id":"3","precinct_name":"Crawford - 3","precinct_norm":"CRAWFORD - 3","precinct_full_name":"District 3","has_polygon":true},"geometry":{"type":"Point","coordinates":[-83.91799114213349,32.6798115]}},{"type":"Feature","properties":{"id":"2024-13207-6","county_nam":"Monroe","county_norm":"MONROE","prec_id":"6","precinct_name":"Monroe - 6","precinct_norm":"MONROE - 6","precinct_full_name":"Culloden","has_polygon":true},"geometry":{"type":"Point","coordinates":[-84.07549622611978,32.8905805]}},{"type":"Feature","properties":{"id":"2024-13079-2","county_nam":"Crawford","county_norm":"CRAWFORD","prec_id":"2","precinct_name":"Crawford - 2","precinct_norm":"CRAWFORD - 2","precinct_full_name":"District 2","has_polygon":true},"geometry":{"type":"Point","coordinates":[-83.99285198522443,32.757875]}},{"type":"Feature","properties":{"id":"2024-13207-14","county_nam":"Monroe","county_norm":"MONROE","prec_id":"14","precinct_name":"Monroe - 14","precinct_norm":"MONROE - 14","precinct_full_name":"Russellville","has_polygon":true},"geometry":{"type":"Point","coordinates":[-83.98082901291113,32.895505]}},{"type":"Feature","properties":{"id":"2024-13207-11","county_nam":"Monroe","county_norm":"MONROE","prec_id":"11","precinct_name":"Monroe - 11","precinct_norm":"MONROE - 11","precinct_full_name":"Kelseys","has_polygon":true},"geometry":{"type":"Point","coordinates":[-83.88983360145782,32.904455999999996]}},{"type":"Feature","properties":{"id":"2024-13207-5","county_nam":"Monroe","county_norm":"MONROE","prec_id":"5","precinct_name":"Monroe - 5","precinct_norm":"MONROE - 5","precinct_full_name":"Cox","has_polygon":true},"geometry":{"type":"Point","coordinates":[-83.98134496775958,32.9658715]}},{"type":"Feature","properties":{"id":"2024-13207-9","county_nam":"Monroe","county_norm":"MONROE","prec_id":"9","precinct_name":"Monroe - 9","precinct_norm":"MONROE - 9","precinct_full_name":"Forsyth","has_polygon":true},"geometry":{"type":"Point","coordinates":[-83.96307644925952,33.0309755]}},{"type":"Feature","properties":{"id":"2024-13207-2","county_nam":"Monroe","county_norm":"MONROE","prec_id":"2","precinct_name":"Monroe - 2","precinct_norm":"MONROE - 2","precinct_full_name":"Brantleys","has_polygon":true},"geometry":{"type":"Point","coordinates":[-83.88570218130396,32.969518]}},{"type":"Feature","properties":{"id":"2024-13231-7","county_nam":"Pike","county_norm":"PIKE","prec_id":"7","precinct_name":"Pike - 7","precinct_norm":"PIKE - 7","precinct_full_name":"Williamson","has_polygon":true},"geometry":{"type":"Point","coordinates":[-84.36838404036484,33.1582175]}},{"type":"Feature","properties":{"id":"2024-13231-8","county_nam":"Pike","county_norm":"PIKE","prec_id":"8","precinct_name":"Pike - 8","precinct_norm":"PIKE - 8","precinct_full_name":"Zebulon","has_polygon":true},"geometry":{"type":"Point","coordinates":[-84.32473550625684,33.0887265]}},{"type":"Feature","properties":{"id":"2024-13231-3","county_nam":"Pike","county_norm":"PIKE","prec_id":"3","precinct_name":"Pike - 3","precinct_norm":"PIKE - 3","precinct_full_name":"Meansville","has_polygon":true},"geometry":{"type":"Point","coordinates":[-84.29939621067624,33.037090500000005]}},{"type":"Feature","properties":{"id":"2024-13231-5","county_nam":"Pike","county_norm":"PIKE","prec_id":"5","precinct_name":"Pike - 5","precinct_norm":"PIKE - 5","precinct_full_name":"Second District","has_polygon":true},"geometry":{"type":"Point","coordinates":[-84.29117561610113,33.151926]}},{"type":"Feature","properties":{"id":"2024-13255-19","county_nam":"Spalding","county_norm":"SPALDING","prec_id":"19","precinct_name":"Spalding - 19","precinct_norm":"SPALDING - 19","precinct_full_name":"19","has_polygon":true},"geometry":{"type":"Point","coordinates":[-84.3674031893689,33.276327]}},{"type":"Feature","properties":{"id":"2024-13255-10","county_nam":"Spalding","county_norm":"SPALDING","prec_id":"10","precinct_name":"Spalding - 10","precinct_norm":"SPALDING - 10","precinct_full_name":"10","has_polygon":true},"geometry":{"type":"Point","coordinates":[-84.32799638110748,33.224036999999996]}},{"type":"Feature","properties":{"id":"2024-13255-8","county_nam":"Spalding","county_norm":"SPALDING","prec_id":"8","precinct_name":"Spalding - 8","precinct_norm":"SPALDING - 8","precinct_full_name":"8","has_polygon":true},"geometry":{"type":"Point","coordinates":[-84.28302419651436,33.2092365]}},{"type":"Feature","properties":{"id":"2024-13255-5","county_nam":"Spalding","county_norm":"SPALDING","prec_id":"5","precinct_name":"Spalding - 5","precinct_norm":"SPALDING - 5","precinct_full_name":"5","has_polygon":true},"geometry":{"type":"Point","coordinates":[-84.28974259809334,33.2685405]}},{"type":"Feature","properties":{"id":"2024-13255-6","county_nam":"Spalding","county_norm":"SPALDING","prec_id":"6","precinct_name":"Spalding - 6","precinct_norm":"SPALDING - 6","precinct_full_name":"6","has_polygon":true},"geometry":{"type":"Point","coordinates":[-84.27695704474056,33.233918]}},{"type":"Feature","properties":{"id":"2024-13171-1711","county_nam":"Lamar","county_norm":"LAMAR","prec_id":"1711","precinct_name":"Lamar - 1711","precinct_norm":"LAMAR - 1711","precinct_full_name":"Barnesville","has_polygon":true},"geometry":{"type":"Point","coordinates":[-84.12293690690959,33.0640845]}},{"type":"Feature","properties":{"id":"2024-13171-1714","county_nam":"Lamar","county_norm":"LAMAR","prec_id":"1714","precinct_name":"Lamar - 1714","precinct_norm":"LAMAR - 1714","precinct_full_name":"Milner","has_polygon":true},"geometry":{"type":"Point","coordinates":[-84.17503828250915,33.123272]}},{"type":"Feature","properties":{"id":"2024-13255-7","county_nam":"Spalding","county_norm":"SPALDING","prec_id":"7","precinct_name":"Spalding - 7","precinct_norm":"SPALDING - 7","precinct_full_name":"7","has_polygon":true},"geometry":{"type":"Point","coordinates":[-84.25939742273442,33.216342]}},{"type":"Feature","properties":{"id":"2024-13255-11","county_nam":"Spalding","county_norm":"SPALDING","prec_id":"11","precinct_name":"Spalding - 11","precinct_norm":"SPALDING - 11","precinct_full_name":"11","has_polygon":true},"geometry":{"type":"Point","coordinates":[-84.20896953705733,33.212089000000006]}},{"type":"Feature","properties":{"id":"2024-13255-1","county_nam":"Spalding","county_norm":"SPALDING","prec_id":"1","precinct_name":"Spalding - 1","precinct_norm":"SPALDING - 1","precinct_full_name":"1","has_polygon":true},"geometry":{"type":"Point","coordinates":[-84.27009431847806,33.256764000000004]}},{"type":"Feature","properties":{"id":"2024-13255-3","county_nam":"Spalding","county_norm":"SPALDING","prec_id":"3","precinct_name":"Spalding - 3","precinct_norm":"SPALDING - 3","precinct_full_name":"3","has_polygon":true},"geometry":{"type":"Point","coordinates":[-84.24707146168342,33.2337185]}},{"type":"Feature","properties":{"id":"2024-13255-2","county_nam":"Spalding","county_norm":"SPALDING","prec_id":"2","precinct_name":"Spalding - 2","precinct_norm":"SPALDING - 2","precinct_full_name":"2","has_polygon":true},"geometry":{"type":"Point","coordinates":[-84.25687542964147,33.2624365]}},{"type":"Feature","properties":{"id":"2024-13255-16","county_nam":"Spalding","county_norm":"SPALDING","prec_id":"16","precinct_name":"Spalding - 16","precinct_norm":"SPALDING - 16","precinct_full_name":"16","has_polygon":true},"geometry":{"type":"Point","coordinates":[-84.26927046761453,33.2845695]}},{"type":"Feature","properties":{"id":"2024-13255-20","county_nam":"Spalding","county_norm":"SPALDING","prec_id":"20","precinct_name":"Spalding - 20","precinct_norm":"SPALDING - 20","precinct_full_name":"20","has_polygon":true},"geometry":{"type":"Point","coordinates":[-84.15132120434248,33.212466]}},{"type":"Feature","properties":{"id":"2024-13255-9","county_nam":"Spalding","county_norm":"SPALDING","prec_id":"9","precinct_name":"Spalding - 9","precinct_norm":"SPALDING - 9","precinct_full_name":"9","has_polygon":true},"geometry":{"type":"Point","coordinates":[-84.17063869434683,33.270864]}},{"type":"Feature","properties":{"id":"2024-13255-13","county_nam":"Spalding","county_norm":"SPALDING","prec_id":"13","precinct_name":"Spalding - 13","precinct_norm":"SPALDING - 13","precinct_full_name":"13","has_polygon":true},"geometry":{"type":"Point","coordinates":[-84.34648643642173,33.3238315]}},{"type":"Feature","properties":{"id":"2024-13063-PH2","county_nam":"Clayton","county_norm":"CLAYTON","prec_id":"PH2","precinct_name":"Clayton - PH2","precinct_norm":"CLAYTON - PH2","precinct_full_name":"Panhandle 2","has_polygon":true},"geometry":{"type":"Point","coordinates":[-84.37377843148352,33.3955615]}},{"type":"Feature","properties":{"id":"2024-13151-30","county_nam":"Henry","county_norm":"HENRY","prec_id":"30","precinct_name":"Henry - 30","precinct_norm":"HENRY - 30","precinct_full_name":"South Hampton","has_polygon":true},"geometry":{"type":"Point","coordinates":[-84.28472566143867,33.386181]}},{"type":"Feature","properties":{"id":"2024-13151-31","county_nam":"Henry","county_norm":"HENRY","prec_id":"31","precinct_name":"Henry - 31","precinct_norm":"HENRY - 31","precinct_full_name":"North Hampton","has_polygon":true},"geometry":{"type":"Point","coordinates":[-84.30928944506013,33.4132115]}},{"type":"Feature","properties":{"id":"2024-13113-6","county_nam":"Fayette","county_norm":"FAYETTE","prec_id":"6","precinct_name":"Fayette - 6","precinct_norm":"FAYETTE - 6","precinct_full_name":"Flint","has_polygon":true},"geometry":{"type":"Point","coordinates":[-84.4035486482438,33.455258]}},{"type":"Feature","properties":{"id":"2024-13063-PH1","county_nam":"Clayton","county_norm":"CLAYTON","prec_id":"PH1","precinct_name":"Clayton - PH1","precinct_norm":"CLAYTON - PH1","precinct_full_name":"Panhandle 1","has_polygon":true},"geometry":{"type":"Point","coordinates":[-84.394330828885,33.4284745]}},{"type":"Feature","properties":{"id":"2024-13063-JB13","county_nam":"Clayton","county_norm":"CLAYTON","prec_id":"JB13","precinct_name":"Clayton - JB13","precinct_norm":"CLAYTON - JB13","precinct_full_name":"Jonesboro 13","has_polygon":true},"geometry":{"type":"Point","coordinates":[-84.38558409490896,33.4803535]}},{"type":"Feature","properties":{"id":"2024-13063-LJ3","county_nam":"Clayton","county_norm":"CLAYTON","prec_id":"LJ3","precinct_name":"Clayton - LJ3","precinct_norm":"CLAYTON - LJ3","precinct_full_name":"Lovejoy 3","has_polygon":true},"geometry":{"type":"Point","coordinates":[-84.3603862187833,33.444703000000004]}},{"type":"Feature","properties":{"id":"2024-13063-LJ4","county_nam":"Clayton","county_norm":"CLAYTON","prec_id":"LJ4","precinct_name":"Clayton - LJ4","precinct_norm":"CLAYTON - LJ4","precinct_full_name":"Lovejoy 4","has_polygon":true},"geometry":{"type":"Point","coordinates":[-84.36489404721382,33.4614]}},{"type":"Feature","properties":{"id":"2024-13063-LJ5","county_nam":"Clayton","county_norm":"CLAYTON","prec_id":"LJ5","precinct_name":"Clayton - LJ5","precinct_norm":"CLAYTON - LJ5","precinct_full_name":"Lovejoy 5","has_polygon":true},"geometry":{"type":"Point","coordinates":[-84.35757299451411,33.471436]}},{"type":"Feature","properties":{"id":"2024-13063-LJ8","county_nam":"Clayton","county_norm":"CLAYTON","prec_id":"LJ8","precinct_name":"Clayton - LJ8","precinct_norm":"CLAYTON - LJ8","precinct_full_name":"Lovejoy 8","has_polygon":true},"geometry":{"type":"Point","coordinates":[-84.3469589680431,33.460581000000005]}},{"type":"Feature","properties":{"id":"2024-13063-JB19","county_nam":"Clayton","county_norm":"CLAYTON","prec_id":"JB19","precinct_name":"Clayton - JB19","precinct_norm":"CLAYTON - JB19","precinct_full_name":"Jonesboro 19","has_polygon":true},"geometry":{"type":"Point","coordinates":[-84.40486944718808,33.5022435]}},{"type":"Feature","properties":{"id":"2024-13063-JB17","county_nam":"Clayton","county_norm":"CLAYTON","prec_id":"JB17","precinct_name":"Clayton - JB17","precinct_norm":"CLAYTON - JB17","precinct_full_name":"Jonesboro 17","has_polygon":true},"geometry":{"type":"Point","coordinates":[-84.39246966552977,33.505300000000005]}},{"type":"Feature","properties":{"id":"2024-13063-JB20","county_nam":"Clayton","county_norm":"CLAYTON","prec_id":"JB20","precinct_name":"Clayton - JB20","precinct_norm":"CLAYTON - JB20","precinct_full_name":"Jonesboro 20","has_polygon":true},"geometry":{"type":"Point","coordinates":[-84.40308744240174,33.533957]}},{"type":"Feature","properties":{"id":"2024-13063-JB02","county_nam":"Clayton","county_norm":"CLAYTON","prec_id":"JB02","precinct_name":"Clayton - JB02","precinct_norm":"CLAYTON - JB02","precinct_full_name":"Jonesboro 2","has_polygon":true},"geometry":{"type":"Point","coordinates":[-84.39807243034156,33.5359575]}},{"type":"Feature","properties":{"id":"2024-13063-RD09","county_nam":"Clayton","county_norm":"CLAYTON","prec_id":"RD09","precinct_name":"Clayton - RD09","precinct_norm":"CLAYTON - RD09","precinct_full_name":"Riverdale 9","has_polygon":true},"geometry":{"type":"Point","coordinates":[-84.40586039475204,33.5545095]}},{"type":"Feature","properties":{"id":"2024-13063-JB16","county_nam":"Clayton","county_norm":"CLAYTON","prec_id":"JB16","precinct_name":"Clayton - JB16","precinct_norm":"CLAYTON - JB16","precinct_full_name":"Jonesboro 16","has_polygon":true},"geometry":{"type":"Point","coordinates":[-84.3851303244916,33.530440999999996]}},{"type":"Feature","properties":{"id":"2024-13063-RD05","county_nam":"Clayton","county_norm":"CLAYTON","prec_id":"RD05","precinct_name":"Clayton - RD05","precinct_norm":"CLAYTON - RD05","precinct_full_name":"Riverdale 5","has_polygon":true},"geometry":{"type":"Point","coordinates":[-84.3867388149196,33.5508215]}},{"type":"Feature","properties":{"id":"2024-13063-JB21","county_nam":"Clayton","county_norm":"CLAYTON","prec_id":"JB21","precinct_name":"Clayton - JB21","precinct_norm":"CLAYTON - JB21","precinct_full_name":"Jonesboro 21","has_polygon":true},"geometry":{"type":"Point","coordinates":[-84.37627533581002,33.5024285]}},{"type":"Feature","properties":{"id":"2024-13063-JB03","county_nam":"Clayton","county_norm":"CLAYTON","prec_id":"JB03","precinct_name":"Clayton - JB03","precinct_norm":"CLAYTON - JB03","precinct_full_name":"Jonesboro 3","has_polygon":true},"geometry":{"type":"Point","coordinates":[-84.35761130855397,33.515529]}},{"type":"Feature","properties":{"id":"2024-13063-JB10","county_nam":"Clayton","county_norm":"CLAYTON","prec_id":"JB10","precinct_name":"Clayton - JB10","precinct_norm":"CLAYTON - JB10","precinct_full_name":"Jonesboro 10","has_polygon":true},"geometry":{"type":"Point","coordinates":[-84.37246708949147,33.522326]}},{"type":"Feature","properties":{"id":"2024-13063-JB09","county_nam":"Clayton","county_norm":"CLAYTON","prec_id":"JB09","precinct_name":"Clayton - JB09","precinct_norm":"CLAYTON - JB09","precinct_full_name":"Jonesboro 9","has_polygon":true},"geometry":{"type":"Point","coordinates":[-84.36931760445205,33.5455285]}},{"type":"Feature","properties":{"id":"2024-13063-JB04","county_nam":"Clayton","county_norm":"CLAYTON","prec_id":"JB04","precinct_name":"Clayton - JB04","precinct_norm":"CLAYTON - JB04","precinct_full_name":"Jonesboro 4","has_polygon":true},"geometry":{"type":"Point","coordinates":[-84.35607515467034,33.541658]}},{"type":"Feature","properties":{"id":"2024-13063-LJ6","county_nam":"Clayton","county_norm":"CLAYTON","prec_id":"LJ6","precinct_name":"Clayton - LJ6","precinct_norm":"CLAYTON - LJ6","precinct_full_name":"Lovejoy 6","has_polygon":true},"geometry":{"type":"Point","coordinates":[-84.35761104352571,33.4316485]}},{"type":"Feature","properties":{"id":"2024-13063-LJ1","county_nam":"Clayton","county_norm":"CLAYTON","prec_id":"LJ1","precinct_name":"Clayton - LJ1","precinct_norm":"CLAYTON - LJ1","precinct_full_name":"Lovejoy 1","has_polygon":true},"geometry":{"type":"Point","coordinates":[-84.33318438393334,33.485247]}},{"type":"Feature","properties":{"id":"2024-13063-LJ2","county_nam":"Clayton","county_norm":"CLAYTON","prec_id":"LJ2","precinct_name":"Clayton - LJ2","precinct_norm":"CLAYTON - LJ2","precinct_full_name":"Lovejoy 2","has_polygon":true},"geometry":{"type":"Point","coordinates":[-84.31850311286186,33.4629135]}},{"type":"Feature","properties":{"id":"2024-13063-LJ7","county_nam":"Clayton","county_norm":"CLAYTON","prec_id":"LJ7","precinct_name":"Clayton - LJ7","precinct_norm":"CLAYTON - LJ7","precinct_full_name":"Lovejoy 7","has_polygon":true},"geometry":{"type":"Point","coordinates":[-84.30831529269543,33.442661]}},{"type":"Feature","properties":{"id":"2024-13063-JB05","county_nam":"Clayton","county_norm":"CLAYTON","prec_id":"JB05","precinct_name":"Clayton - JB05","precinct_norm":"CLAYTON - JB05","precinct_full_name":"Jonesboro 5","has_polygon":true},"geometry":{"type":"Point","coordinates":[-84.33869980833012,33.5076405]}},{"type":"Feature","properties":{"id":"2024-13063-JB14","county_nam":"Clayton","county_norm":"CLAYTON","prec_id":"JB14","precinct_name":"Clayton - JB14","precinct_norm":"CLAYTON - JB14","precinct_full_name":"Jonesboro 14","has_polygon":true},"geometry":{"type":"Point","coordinates":[-84.30645737319311,33.506918]}},{"type":"Feature","properties":{"id":"2024-13063-JB11","county_nam":"Clayton","county_norm":"CLAYTON","prec_id":"JB11","precinct_name":"Clayton - JB11","precinct_norm":"CLAYTON - JB11","precinct_full_name":"Jonesboro 11","has_polygon":true},"geometry":{"type":"Point","coordinates":[-84.33074263756856,33.527614]}},{"type":"Feature","properties":{"id":"2024-13063-JB18","county_nam":"Clayton","county_norm":"CLAYTON","prec_id":"JB18","precinct_name":"Clayton - JB18","precinct_norm":"CLAYTON - JB18","precinct_full_name":"Jonesboro 18","has_polygon":true},"geometry":{"type":"Point","coordinates":[-84.339639737086,33.552291]}},{"type":"Feature","properties":{"id":"2024-13063-JB07","county_nam":"Clayton","county_norm":"CLAYTON","prec_id":"JB07","precinct_name":"Clayton - JB07","precinct_norm":"CLAYTON - JB07","precinct_full_name":"Jonesboro 7","has_polygon":true},"geometry":{"type":"Point","coordinates":[-84.31749116071629,33.5503445]}},{"type":"Feature","properties":{"id":"2024-13063-JB06","county_nam":"Clayton","county_norm":"CLAYTON","prec_id":"JB06","precinct_name":"Clayton - JB06","precinct_norm":"CLAYTON - JB06","precinct_full_name":"Jonesboro 6","has_polygon":true},"geometry":{"type":"Point","coordinates":[-84.29933009562956,33.524202]}},{"type":"Feature","properties":{"id":"2024-13063-JB22","county_nam":"Clayton","county_norm":"CLAYTON","prec_id":"JB22","precinct_name":"Clayton - JB22","precinct_norm":"CLAYTON - JB22","precinct_full_name":"Jonesboro 22","has_polygon":true},"geometry":{"type":"Point","coordinates":[-84.30421146243664,33.5449285]}},{"type":"Feature","properties":{"id":"2024-13255-14","county_nam":"Spalding","county_norm":"SPALDING","prec_id":"14","precinct_name":"Spalding - 14","precinct_norm":"SPALDING - 14","precinct_full_name":"14","has_polygon":true},"geometry":{"type":"Point","coordinates":[-84.27794883219758,33.3239935]}},{"type":"Feature","properties":{"id":"2024-13255-21","county_nam":"Spalding","county_norm":"SPALDING","prec_id":"21","precinct_name":"Spalding - 21","precinct_norm":"SPALDING - 21","precinct_full_name":"21","has_polygon":true},"geometry":{"type":"Point","coordinates":[-84.19301823856502,33.309033]}},{"type":"Feature","properties":{"id":"2024-13151-29","county_nam":"Henry","county_norm":"HENRY","prec_id":"29","precinct_name":"Henry - 29","precinct_norm":"HENRY - 29","precinct_full_name":"Lowes","has_polygon":true},"geometry":{"type":"Point","coordinates":[-84.179079747412,33.382812]}},{"type":"Feature","properties":{"id":"2024-13151-32","county_nam":"Henry","county_norm":"HENRY","prec_id":"32","precinct_name":"Henry - 32","precinct_norm":"HENRY - 32","precinct_full_name":"Mount Carmel","has_polygon":true},"geometry":{"type":"Point","coordinates":[-84.24976393572685,33.454066]}},{"type":"Feature","properties":{"id":"2024-13151-51","county_nam":"Henry","county_norm":"HENRY","prec_id":"51","precinct_name":"Henry - 51","precinct_norm":"HENRY - 51","precinct_full_name":"Oakland","has_polygon":true},"geometry":{"type":"Point","coordinates":[-84.21913596545544,33.4232855]}},{"type":"Feature","properties":{"id":"2024-13151-57","county_nam":"Henry","county_norm":"HENRY","prec_id":"57","precinct_name":"Henry - 57","precinct_norm":"HENRY - 57","precinct_full_name":"Dutchtown","has_polygon":true},"geometry":{"type":"Point","coordinates":[-84.23103832191585,33.4804135]}},{"type":"Feature","properties":{"id":"2024-13151-50","county_nam":"Henry","county_norm":"HENRY","prec_id":"50","precinct_name":"Henry - 50","precinct_norm":"HENRY - 50","precinct_full_name":"Pates Creek","has_polygon":true},"geometry":{"type":"Point","coordinates":[-84.26454717867284,33.4888565]}},{"type":"Feature","properties":{"id":"2024-13151-33","county_nam":"Henry","county_norm":"HENRY","prec_id":"33","precinct_name":"Henry - 33","precinct_norm":"HENRY - 33","precinct_full_name":"Red Oak","has_polygon":true},"geometry":{"type":"Point","coordinates":[-84.26911349105333,33.5284705]}},{"type":"Feature","properties":{"id":"2024-13151-54","county_nam":"Henry","county_norm":"HENRY","prec_id":"54","precinct_name":"Henry - 54","precinct_norm":"HENRY - 54","precinct_full_name":"Stockbridge Central-Merle Manders","has_polygon":true},"geometry":{"type":"Point","coordinates":[-84.25066750500102,33.5504385]}},{"type":"Feature","properties":{"id":"2024-13151-39","county_nam":"Henry","county_norm":"HENRY","prec_id":"39","precinct_name":"Henry - 39","precinct_norm":"HENRY - 39","precinct_full_name":"Stockbridge East-West","has_polygon":true},"geometry":{"type":"Point","coordinates":[-84.2245881439931,33.525768]}},{"type":"Feature","properties":{"id":"2024-13151-34","county_nam":"Henry","county_norm":"HENRY","prec_id":"34","precinct_name":"Henry - 34","precinct_norm":"HENRY - 34","precinct_full_name":"Wesley Lakes","has_polygon":true},"geometry":{"type":"Point","coordinates":[-84.1817147597266,33.4565925]}},{"type":"Feature","properties":{"id":"2024-13151-28","county_nam":"Henry","county_norm":"HENRY","prec_id":"28","precinct_name":"Henry - 28","precinct_norm":"HENRY - 28","precinct_full_name":"Westside","has_polygon":true},"geometry":{"type":"Point","coordinates":[-84.16733140245105,33.431689000000006]}},{"type":"Feature","properties":{"id":"2024-13151-60","county_nam":"Henry","county_norm":"HENRY","prec_id":"60","precinct_name":"Henry - 60","precinct_norm":"HENRY - 60","precinct_full_name":"Lake Haven","has_polygon":true},"geometry":{"type":"Point","coordinates":[-84.17840363122994,33.478480000000005]}},{"type":"Feature","properties":{"id":"2024-13151-53","county_nam":"Henry","county_norm":"HENRY","prec_id":"53","precinct_name":"Henry - 53","precinct_norm":"HENRY - 53","precinct_full_name":"Flippen","has_polygon":true},"geometry":{"type":"Point","coordinates":[-84.2056679758116,33.502096]}},{"type":"Feature","properties":{"id":"2024-13151-38","county_nam":"Henry","county_norm":"HENRY","prec_id":"38","precinct_name":"Henry - 38","precinct_norm":"HENRY - 38","precinct_full_name":"Hickory Flat","has_polygon":true},"geometry":{"type":"Point","coordinates":[-84.1641947676141,33.502789500000006]}},{"type":"Feature","properties":{"id":"2024-13151-42","county_nam":"Henry","county_norm":"HENRY","prec_id":"42","precinct_name":"Henry - 42","precinct_norm":"HENRY - 42","precinct_full_name":"Cotton Indian","has_polygon":true},"geometry":{"type":"Point","coordinates":[-84.1703829818079,33.5397885]}},{"type":"Feature","properties":{"id":"2024-13171-1712ABC","county_nam":"Lamar","county_norm":"LAMAR","prec_id":"1712ABC","precinct_name":"Lamar - 1712ABC","precinct_norm":"LAMAR - 1712ABC","precinct_full_name":"Abc","has_polygon":true},"geometry":{"type":"Point","coordinates":[-84.07459911391834,33.0671715]}},{"type":"Feature","properties":{"id":"2024-13207-8","county_nam":"Monroe","county_norm":"MONROE","prec_id":"8","precinct_name":"Monroe - 8","precinct_norm":"MONROE - 8","precinct_full_name":"Evers","has_polygon":true},"geometry":{"type":"Point","coordinates":[-83.97812415842691,33.082803]}},{"type":"Feature","properties":{"id":"2024-13207-10","county_nam":"Monroe","county_norm":"MONROE","prec_id":"10","precinct_name":"Monroe - 10","precinct_norm":"MONROE - 10","precinct_full_name":"High Falls","has_polygon":true},"geometry":{"type":"Point","coordinates":[-84.01660582656638,33.16357]}},{"type":"Feature","properties":{"id":"2024-13207-13","county_nam":"Monroe","county_norm":"MONROE","prec_id":"13","precinct_name":"Monroe - 13","precinct_norm":"MONROE - 13","precinct_full_name":"Proctors","has_polygon":true},"geometry":{"type":"Point","coordinates":[-83.96184643763557,33.1596835]}},{"type":"Feature","properties":{"id":"2024-13035-BCAB","county_nam":"Butts","county_norm":"BUTTS","prec_id":"BCAB","precinct_name":"Butts - BCAB","precinct_norm":"BUTTS - BCAB","precinct_full_name":"Butts County Administration Judicial Center","has_polygon":true},"geometry":{"type":"Point","coordinates":[-83.94799333220983,33.312353]}},{"type":"Feature","properties":{"id":"2024-13151-25","county_nam":"Henry","county_norm":"HENRY","prec_id":"25","precinct_name":"Henry - 25","precinct_norm":"HENRY - 25","precinct_full_name":"Locust Grove","has_polygon":true},"geometry":{"type":"Point","coordinates":[-84.11945001297053,33.3342895]}},{"type":"Feature","properties":{"id":"2024-13151-49","county_nam":"Henry","county_norm":"HENRY","prec_id":"49","precinct_name":"Henry - 49","precinct_norm":"HENRY - 49","precinct_full_name":"Shiloh","has_polygon":true},"geometry":{"type":"Point","coordinates":[-84.11973920756216,33.4243695]}},{"type":"Feature","properties":{"id":"2024-13151-48","county_nam":"Henry","county_norm":"HENRY","prec_id":"48","precinct_name":"Henry - 48","precinct_norm":"HENRY - 48","precinct_full_name":"Unity Grove","has_polygon":true},"geometry":{"type":"Point","coordinates":[-84.10024958633541,33.384011]}},{"type":"Feature","properties":{"id":"2024-13151-59","county_nam":"Henry","county_norm":"HENRY","prec_id":"59","precinct_name":"Henry - 59","precinct_norm":"HENRY - 59","precinct_full_name":"Grove Park","has_polygon":true},"geometry":{"type":"Point","coordinates":[-84.06730535362554,33.334973]}},{"type":"Feature","properties":{"id":"2024-13151-26","county_nam":"Henry","county_norm":"HENRY","prec_id":"26","precinct_name":"Henry - 26","precinct_norm":"HENRY - 26","precinct_full_name":"Tussahaw","has_polygon":true},"geometry":{"type":"Point","coordinates":[-84.0347735540856,33.386069]}},{"type":"Feature","properties":{"id":"2024-13151-35","county_nam":"Henry","county_norm":"HENRY","prec_id":"35","precinct_name":"Henry - 35","precinct_norm":"HENRY - 35","precinct_full_name":"Mcdonough","has_polygon":true},"geometry":{"type":"Point","coordinates":[-84.11655016683964,33.45466450000001]}},{"type":"Feature","properties":{"id":"2024-13151-61","county_nam":"Henry","county_norm":"HENRY","prec_id":"61","precinct_name":"Henry - 61","precinct_norm":"HENRY - 61","precinct_full_name":"Mcdonough Central","has_polygon":true},"geometry":{"type":"Point","coordinates":[-84.14304062057106,33.4582465]}},{"type":"Feature","properties":{"id":"2024-13151-52","county_nam":"Henry","county_norm":"HENRY","prec_id":"52","precinct_name":"Henry - 52","precinct_norm":"HENRY - 52","precinct_full_name":"Lake Dow","has_polygon":true},"geometry":{"type":"Point","coordinates":[-84.0820963495517,33.4509755]}},{"type":"Feature","properties":{"id":"2024-13151-37","county_nam":"Henry","county_norm":"HENRY","prec_id":"37","precinct_name":"Henry - 37","precinct_norm":"HENRY - 37","precinct_full_name":"East Lake","has_polygon":true},"geometry":{"type":"Point","coordinates":[-84.12185152290705,33.5007675]}},{"type":"Feature","properties":{"id":"2024-13151-36","county_nam":"Henry","county_norm":"HENRY","prec_id":"36","precinct_name":"Henry - 36","precinct_norm":"HENRY - 36","precinct_full_name":"Mcmullen","has_polygon":true},"geometry":{"type":"Point","coordinates":[-84.0400517814156,33.474664000000004]}},{"type":"Feature","properties":{"id":"2024-13151-62","county_nam":"Henry","county_norm":"HENRY","prec_id":"62","precinct_name":"Henry - 62","precinct_norm":"HENRY - 62","precinct_full_name":"Timberridge","has_polygon":true},"geometry":{"type":"Point","coordinates":[-84.07973739969759,33.4962365]}},{"type":"Feature","properties":{"id":"2024-13151-55","county_nam":"Henry","county_norm":"HENRY","prec_id":"55","precinct_name":"Henry - 55","precinct_norm":"HENRY - 55","precinct_full_name":"Kelleytown","has_polygon":true},"geometry":{"type":"Point","coordinates":[-84.07460730181892,33.5371295]}},{"type":"Feature","properties":{"id":"2024-13151-27","county_nam":"Henry","county_norm":"HENRY","prec_id":"27","precinct_name":"Henry - 27","precinct_norm":"HENRY - 27","precinct_full_name":"Sandy Ridge","has_polygon":true},"geometry":{"type":"Point","coordinates":[-83.99960239285714,33.407917]}},{"type":"Feature","properties":{"id":"2024-13151-58","county_nam":"Henry","county_norm":"HENRY","prec_id":"58","precinct_name":"Henry - 58","precinct_norm":"HENRY - 58","precinct_full_name":"Mount Bethel","has_polygon":true},"geometry":{"type":"Point","coordinates":[-83.97668862316627,33.463651]}},{"type":"Feature","properties":{"id":"2024-13217-10DN","county_nam":"Newton","county_norm":"NEWTON","prec_id":"10DN","precinct_name":"Newton - 10DN","precinct_norm":"NEWTON - 10DN","precinct_full_name":"Downs","has_polygon":true},"geometry":{"type":"Point","coordinates":[-84.01020967410085,33.5158415]}},{"type":"Feature","properties":{"id":"2024-13217-18RP","county_nam":"Newton","county_norm":"NEWTON","prec_id":"18RP","precinct_name":"Newton - 18RP","precinct_norm":"NEWTON - 18RP","precinct_full_name":"Rocky Plains","has_polygon":true},"geometry":{"type":"Point","coordinates":[-83.92811919581456,33.494001999999995]}},{"type":"Feature","properties":{"id":"2024-13217-09LIV","county_nam":"Newton","county_norm":"NEWTON","prec_id":"09LIV","precinct_name":"Newton - 09LIV","precinct_norm":"NEWTON - 09LIV","precinct_full_name":"Livingston","has_polygon":true},"geometry":{"type":"Point","coordinates":[-83.89672036603375,33.5426985]}},{"type":"Feature","properties":{"id":"2024-13275-102","county_nam":"Thomas","county_norm":"THOMAS","prec_id":"102","precinct_name":"Thomas - 102","precinct_norm":"THOMAS - 102","precinct_full_name":"Boston","has_polygon":true},"geometry":{"type":"Point","coordinates":[-83.81663487228526,30.7570945]}},{"type":"Feature","properties":{"id":"2024-13275-101","county_nam":"Thomas","county_norm":"THOMAS","prec_id":"101","precinct_name":"Thomas - 101","precinct_norm":"THOMAS - 101","precinct_full_name":"Barwick","has_polygon":true},"geometry":{"type":"Point","coordinates":[-83.79151217029364,30.867613499999997]}},{"type":"Feature","properties":{"id":"2024-13275-116","county_nam":"Thomas","county_norm":"THOMAS","prec_id":"116","precinct_name":"Thomas - 116","precinct_norm":"THOMAS - 116","precinct_full_name":"Pavo/Patten","has_polygon":true},"geometry":{"type":"Point","coordinates":[-83.8127455424081,30.9295275]}},{"type":"Feature","properties":{"id":"2024-13027-1402","county_nam":"Brooks","county_norm":"BROOKS","prec_id":"1402","precinct_name":"Brooks - 1402","precinct_norm":"BROOKS - 1402","precinct_full_name":"Dixie","has_polygon":true},"geometry":{"type":"Point","coordinates":[-83.6816108073613,30.751409]}},{"type":"Feature","properties":{"id":"2024-13027-1230","county_nam":"Brooks","county_norm":"BROOKS","prec_id":"1230","precinct_name":"Brooks - 1230","precinct_norm":"BROOKS - 1230","precinct_full_name":"Barwick","has_polygon":true},"geometry":{"type":"Point","coordinates":[-83.68940008290555,30.888841]}},{"type":"Feature","properties":{"id":"2024-13027-659","county_nam":"Brooks","county_norm":"BROOKS","prec_id":"659","precinct_name":"Brooks - 659","precinct_norm":"BROOKS - 659","precinct_full_name":"Nankin","has_polygon":true},"geometry":{"type":"Point","coordinates":[-83.52989145895523,30.697622000000003]}},{"type":"Feature","properties":{"id":"2024-13027-1199","county_nam":"Brooks","county_norm":"BROOKS","prec_id":"1199","precinct_name":"Brooks - 1199","precinct_norm":"BROOKS - 1199","precinct_full_name":"Quitman","has_polygon":true},"geometry":{"type":"Point","coordinates":[-83.56344464383727,30.807911500000003]}},{"type":"Feature","properties":{"id":"2024-13027-1650","county_nam":"Brooks","county_norm":"BROOKS","prec_id":"1650","precinct_name":"Brooks - 1650","precinct_norm":"BROOKS - 1650","precinct_full_name":"Briggs","has_polygon":true},"geometry":{"type":"Point","coordinates":[-83.40926182107589,30.8544465]}},{"type":"Feature","properties":{"id":"2024-13185-12","county_nam":"Lowndes","county_norm":"LOWNDES","prec_id":"12","precinct_name":"Lowndes - 12","precinct_norm":"LOWNDES - 12","precinct_full_name":"Rainwater","has_polygon":true},"geometry":{"type":"Point","coordinates":[-83.34708345845587,30.8233745]}},{"type":"Feature","properties":{"id":"2024-13275-104","county_nam":"Thomas","county_norm":"THOMAS","prec_id":"104","precinct_name":"Thomas - 104","precinct_norm":"THOMAS - 104","precinct_full_name":"Coolidge/Merrillville","has_polygon":true},"geometry":{"type":"Point","coordinates":[-83.87234272709782,31.0043965]}},{"type":"Feature","properties":{"id":"2024-13275-117","county_nam":"Thomas","county_norm":"THOMAS","prec_id":"117","precinct_name":"Thomas - 117","precinct_norm":"THOMAS - 117","precinct_full_name":"Pavo/Patten","has_polygon":true},"geometry":{"type":"Point","coordinates":[-83.77706274947306,30.9693405]}},{"type":"Feature","properties":{"id":"2024-13071-8","county_nam":"Colquitt","county_norm":"COLQUITT","prec_id":"8","precinct_name":"Colquitt - 8","precinct_norm":"COLQUITT - 8","precinct_full_name":"Bridgecreek","has_polygon":true},"geometry":{"type":"Point","coordinates":[-83.8643984979513,31.112108]}},{"type":"Feature","properties":{"id":"2024-13071-18","county_nam":"Colquitt","county_norm":"COLQUITT","prec_id":"18","precinct_name":"Colquitt - 18","precinct_norm":"COLQUITT - 18","precinct_full_name":"Murphy","has_polygon":true},"geometry":{"type":"Point","coordinates":[-83.82522178311874,31.083454000000003]}},{"type":"Feature","properties":{"id":"2024-13071-7","county_nam":"Colquitt","county_norm":"COLQUITT","prec_id":"7","precinct_name":"Colquitt - 7","precinct_norm":"COLQUITT - 7","precinct_full_name":"Autreyville","has_polygon":true},"geometry":{"type":"Point","coordinates":[-83.76794977766207,31.093913]}},{"type":"Feature","properties":{"id":"2024-13071-2","county_nam":"Colquitt","county_norm":"COLQUITT","prec_id":"2","precinct_name":"Colquitt - 2","precinct_norm":"COLQUITT - 2","precinct_full_name":"Moultrie","has_polygon":true},"geometry":{"type":"Point","coordinates":[-83.71363923217214,31.144348]}},{"type":"Feature","properties":{"id":"2024-13027-1712","county_nam":"Brooks","county_norm":"BROOKS","prec_id":"1712","precinct_name":"Brooks - 1712","precinct_norm":"BROOKS - 1712","precinct_full_name":"Pavo","has_polygon":true},"geometry":{"type":"Point","coordinates":[-83.6937962302022,30.977596]}},{"type":"Feature","properties":{"id":"2024-13071-14","county_nam":"Colquitt","county_norm":"COLQUITT","prec_id":"14","precinct_name":"Colquitt - 14","precinct_norm":"COLQUITT - 14","precinct_full_name":"Hopewell","has_polygon":true},"geometry":{"type":"Point","coordinates":[-83.71769276752057,31.105586000000002]}},{"type":"Feature","properties":{"id":"2024-13071-20","county_nam":"Colquitt","county_norm":"COLQUITT","prec_id":"20","precinct_name":"Colquitt - 20","precinct_norm":"COLQUITT - 20","precinct_full_name":"Robinson","has_polygon":true},"geometry":{"type":"Point","coordinates":[-83.63129133603078,31.086056]}},{"type":"Feature","properties":{"id":"2024-13071-15","county_nam":"Colquitt","county_norm":"COLQUITT","prec_id":"15","precinct_name":"Colquitt - 15","precinct_norm":"COLQUITT - 15","precinct_full_name":"Lee","has_polygon":true},"geometry":{"type":"Point","coordinates":[-83.62631216963189,31.140124999999998]}},{"type":"Feature","properties":{"id":"2024-13071-11","county_nam":"Colquitt","county_norm":"COLQUITT","prec_id":"11","precinct_name":"Colquitt - 11","precinct_norm":"COLQUITT - 11","precinct_full_name":"Funston","has_polygon":true},"geometry":{"type":"Point","coordinates":[-83.87871323155024,31.2039745]}},{"type":"Feature","properties":{"id":"2024-13071-16","county_nam":"Colquitt","county_norm":"COLQUITT","prec_id":"16","precinct_name":"Colquitt - 16","precinct_norm":"COLQUITT - 16","precinct_full_name":"Millcreek","has_polygon":true},"geometry":{"type":"Point","coordinates":[-83.87863816167877,31.2643655]}},{"type":"Feature","properties":{"id":"2024-13071-1","county_nam":"Colquitt","county_norm":"COLQUITT","prec_id":"1","precinct_name":"Colquitt - 1","precinct_norm":"COLQUITT - 1","precinct_full_name":"Shaw","has_polygon":true},"geometry":{"type":"Point","coordinates":[-83.79700459196783,31.197314]}},{"type":"Feature","properties":{"id":"2024-13071-17","county_nam":"Colquitt","county_norm":"COLQUITT","prec_id":"17","precinct_name":"Colquitt - 17","precinct_norm":"COLQUITT - 17","precinct_full_name":"Monk","has_polygon":true},"geometry":{"type":"Point","coordinates":[-83.80715734845938,31.2563065]}},{"type":"Feature","properties":{"id":"2024-13321-11","county_nam":"Worth","county_norm":"WORTH","prec_id":"11","precinct_name":"Worth - 11","precinct_norm":"WORTH - 11","precinct_full_name":"Minton","has_polygon":true},"geometry":{"type":"Point","coordinates":[-83.8506784374646,31.415671]}},{"type":"Feature","properties":{"id":"2024-13071-19","county_nam":"Colquitt","county_norm":"COLQUITT","prec_id":"19","precinct_name":"Colquitt - 19","precinct_norm":"COLQUITT - 19","precinct_full_name":"Norman Park","has_polygon":true},"geometry":{"type":"Point","coordinates":[-83.67813518983144,31.256582]}},{"type":"Feature","properties":{"id":"2024-13071-9","county_nam":"Colquitt","county_norm":"COLQUITT","prec_id":"9","precinct_name":"Colquitt - 9","precinct_norm":"COLQUITT - 9","precinct_full_name":"Crosland","has_polygon":true},"geometry":{"type":"Point","coordinates":[-83.63264331437716,31.291849]}},{"type":"Feature","properties":{"id":"2024-13321-10","county_nam":"Worth","county_norm":"WORTH","prec_id":"10","precinct_name":"Worth - 10","precinct_norm":"WORTH - 10","precinct_full_name":"Scooterville","has_polygon":true},"geometry":{"type":"Point","coordinates":[-83.7149889883771,31.39615]}},{"type":"Feature","properties":{"id":"2024-13027-660","county_nam":"Brooks","county_norm":"BROOKS","prec_id":"660","precinct_name":"Brooks - 660","precinct_norm":"BROOKS - 660","precinct_full_name":"Morven","has_polygon":true},"geometry":{"type":"Point","coordinates":[-83.54363950000001,30.9647125]}},{"type":"Feature","properties":{"id":"2024-13185-1","county_nam":"Lowndes","county_norm":"LOWNDES","prec_id":"1","precinct_name":"Lowndes - 1","precinct_norm":"LOWNDES - 1","precinct_full_name":"Train Depot","has_polygon":true},"geometry":{"type":"Point","coordinates":[-83.4051759632353,30.98301]}},{"type":"Feature","properties":{"id":"2024-13075-NL","county_nam":"Cook","county_norm":"COOK","prec_id":"NL","precinct_name":"Cook - NL","precinct_norm":"COOK - NL","precinct_full_name":"New Life Baptist Ch.","has_polygon":true},"geometry":{"type":"Point","coordinates":[-83.49412686702061,31.0833425]}},{"type":"Feature","properties":{"id":"2024-13075-RB","county_nam":"Cook","county_norm":"COOK","prec_id":"RB","precinct_name":"Cook - RB","precinct_norm":"COOK - RB","precinct_full_name":"Riverbend","has_polygon":true},"geometry":{"type":"Point","coordinates":[-83.50006057859582,31.1766665]}},{"type":"Feature","properties":{"id":"2024-13075-EP","county_nam":"Cook","county_norm":"COOK","prec_id":"EP","precinct_name":"Cook - EP","precinct_norm":"COOK - EP","precinct_full_name":"Elm Pine","has_polygon":true},"geometry":{"type":"Point","coordinates":[-83.4376314753224,31.1419645]}},{"type":"Feature","properties":{"id":"2024-13075-S","county_nam":"Cook","county_norm":"COOK","prec_id":"S","precinct_name":"Cook - S","precinct_norm":"COOK - S","precinct_full_name":"Sparks","has_polygon":true},"geometry":{"type":"Point","coordinates":[-83.43914557861874,31.167378499999998]}},{"type":"Feature","properties":{"id":"2024-13071-23","county_nam":"Colquitt","county_norm":"COLQUITT","prec_id":"23","precinct_name":"Colquitt - 23","precinct_norm":"COLQUITT - 23","precinct_full_name":"Warrior","has_polygon":true},"geometry":{"type":"Point","coordinates":[-83.59872013840139,31.204536]}},{"type":"Feature","properties":{"id":"2024-13071-22","county_nam":"Colquitt","county_norm":"COLQUITT","prec_id":"22","precinct_name":"Colquitt - 22","precinct_norm":"COLQUITT - 22","precinct_full_name":"Tyty","has_polygon":true},"geometry":{"type":"Point","coordinates":[-83.5514726580129,31.279136]}},{"type":"Feature","properties":{"id":"2024-13277-7","county_nam":"Tift","county_norm":"TIFT","prec_id":"7","precinct_name":"Tift - 7","precinct_norm":"TIFT - 7","precinct_full_name":"Omega","has_polygon":true},"geometry":{"type":"Point","coordinates":[-83.58759247185262,31.359442]}},{"type":"Feature","properties":{"id":"2024-13277-5","county_nam":"Tift","county_norm":"TIFT","prec_id":"5","precinct_name":"Tift - 5","precinct_norm":"TIFT - 5","precinct_full_name":"Docia","has_polygon":true},"geometry":{"type":"Point","coordinates":[-83.60313197338681,31.411134500000003]}},{"type":"Feature","properties":{"id":"2024-13277-10","county_nam":"Tift","county_norm":"TIFT","prec_id":"10","precinct_name":"Tift - 10","precinct_norm":"TIFT - 10","precinct_full_name":"Tifton South","has_polygon":true},"geometry":{"type":"Point","coordinates":[-83.54521186511741,31.421416999999998]}},{"type":"Feature","properties":{"id":"2024-13277-11","county_nam":"Tift","county_norm":"TIFT","prec_id":"11","precinct_name":"Tift - 11","precinct_norm":"TIFT - 11","precinct_full_name":"Mott-Litman Gym","has_polygon":true},"geometry":{"type":"Point","coordinates":[-83.49530938683789,31.4300605]}},{"type":"Feature","properties":{"id":"2024-13075-L","county_nam":"Cook","county_norm":"COOK","prec_id":"L","precinct_name":"Cook - L","precinct_norm":"COOK - L","precinct_full_name":"Lenox","has_polygon":true},"geometry":{"type":"Point","coordinates":[-83.45616583502886,31.2803045]}},{"type":"Feature","properties":{"id":"2024-13075-M","county_nam":"Cook","county_norm":"COOK","prec_id":"M","precinct_name":"Cook - M","precinct_norm":"COOK - M","precinct_full_name":"Massee","has_polygon":true},"geometry":{"type":"Point","coordinates":[-83.36541167174767,31.205172500000003]}},{"type":"Feature","properties":{"id":"2024-13277-6","county_nam":"Tift","county_norm":"TIFT","prec_id":"6","precinct_name":"Tift - 6","precinct_norm":"TIFT - 6","precinct_full_name":"Eldorado","has_polygon":true},"geometry":{"type":"Point","coordinates":[-83.48143943532634,31.374964499999997]}},{"type":"Feature","properties":{"id":"2024-13277-3","county_nam":"Tift","county_norm":"TIFT","prec_id":"3","precinct_name":"Tift - 3","precinct_norm":"TIFT - 3","precinct_full_name":"Brookfield","has_polygon":true},"geometry":{"type":"Point","coordinates":[-83.42212590809983,31.419491]}},{"type":"Feature","properties":{"id":"2024-13123-1","county_nam":"Gilmer","county_norm":"GILMER","prec_id":"1","precinct_name":"Gilmer - 1","precinct_norm":"GILMER - 1","precinct_full_name":"Ellijay South","has_polygon":true},"geometry":{"type":"Point","coordinates":[-84.5080899421749,34.689882]}},{"type":"Feature","properties":{"id":"2024-13123-10","county_nam":"Gilmer","county_norm":"GILMER","prec_id":"10","precinct_name":"Gilmer - 10","precinct_norm":"GILMER - 10","precinct_full_name":"Ellijay North","has_polygon":true},"geometry":{"type":"Point","coordinates":[-84.48917520702426,34.7329145]}},{"type":"Feature","properties":{"id":"2024-13123-9","county_nam":"Gilmer","county_norm":"GILMER","prec_id":"9","precinct_name":"Gilmer - 9","precinct_norm":"GILMER - 9","precinct_full_name":"East Ellijay","has_polygon":true},"geometry":{"type":"Point","coordinates":[-84.47809170582505,34.648668]}},{"type":"Feature","properties":{"id":"2024-13123-13","county_nam":"Gilmer","county_norm":"GILMER","prec_id":"13","precinct_name":"Gilmer - 13","precinct_norm":"GILMER - 13","precinct_full_name":"Ellijay Northeast","has_polygon":true},"geometry":{"type":"Point","coordinates":[-84.43246662635522,34.682700499999996]}},{"type":"Feature","properties":{"id":"2024-13123-7","county_nam":"Gilmer","county_norm":"GILMER","prec_id":"7","precinct_name":"Gilmer - 7","precinct_norm":"GILMER - 7","precinct_full_name":"Boardtown","has_polygon":true},"geometry":{"type":"Point","coordinates":[-84.45134485515547,34.7896195]}},{"type":"Feature","properties":{"id":"2024-13111-COLW","county_nam":"Fannin","county_norm":"FANNIN","prec_id":"COLW","precinct_name":"Fannin - COLW","precinct_norm":"FANNIN - COLW","precinct_full_name":"Colwell","has_polygon":true},"geometry":{"type":"Point","coordinates":[-84.51510631074065,34.920394]}},{"type":"Feature","properties":{"id":"2024-13111-MOBI","county_nam":"Fannin","county_norm":"FANNIN","prec_id":"MOBI","precinct_name":"Fannin - MOBI","precinct_norm":"FANNIN - MOBI","precinct_full_name":"Mobile","has_polygon":true},"geometry":{"type":"Point","coordinates":[-84.45139611889597,34.959936]}},{"type":"Feature","properties":{"id":"2024-13123-2","county_nam":"Gilmer","county_norm":"GILMER","prec_id":"2","precinct_name":"Gilmer - 2","precinct_norm":"GILMER - 2","precinct_full_name":"Cartecay","has_polygon":true},"geometry":{"type":"Point","coordinates":[-84.36838656312213,34.6105035]}},{"type":"Feature","properties":{"id":"2024-13123-12","county_nam":"Gilmer","county_norm":"GILMER","prec_id":"12","precinct_name":"Gilmer - 12","precinct_norm":"GILMER - 12","precinct_full_name":"Roy Road","has_polygon":true},"geometry":{"type":"Point","coordinates":[-84.3310581655289,34.677938]}},{"type":"Feature","properties":{"id":"2024-13123-6","county_nam":"Gilmer","county_norm":"GILMER","prec_id":"6","precinct_name":"Gilmer - 6","precinct_norm":"GILMER - 6","precinct_full_name":"Cherry Log","has_polygon":true},"geometry":{"type":"Point","coordinates":[-84.36226746572834,34.7909235]}},{"type":"Feature","properties":{"id":"2024-13111-TOCC","county_nam":"Fannin","county_norm":"FANNIN","prec_id":"TOCC","precinct_name":"Fannin - TOCC","precinct_norm":"FANNIN - TOCC","precinct_full_name":"Toccoa","has_polygon":true},"geometry":{"type":"Point","coordinates":[-84.30756377411262,34.8534375]}},{"type":"Feature","properties":{"id":"2024-13111-SKEN","county_nam":"Fannin","county_norm":"FANNIN","prec_id":"SKEN","precinct_name":"Fannin - SKEN","precinct_norm":"FANNIN - SKEN","precinct_full_name":"Skeniah","has_polygon":true},"geometry":{"type":"Point","coordinates":[-84.17629600300356,34.7042725]}},{"type":"Feature","properties":{"id":"2024-13111-NOON","county_nam":"Fannin","county_norm":"FANNIN","prec_id":"NOON","precinct_name":"Fannin - NOON","precinct_norm":"FANNIN - NOON","precinct_full_name":"Noontootla","has_polygon":true},"geometry":{"type":"Point","coordinates":[-84.23397430869434,34.7520245]}},{"type":"Feature","properties":{"id":"2024-13111-MORG","county_nam":"Fannin","county_norm":"FANNIN","prec_id":"MORG","precinct_name":"Fannin - MORG","precinct_norm":"FANNIN - MORG","precinct_full_name":"Morganton","has_polygon":true},"geometry":{"type":"Point","coordinates":[-84.20803004632353,34.8321375]}},{"type":"Feature","properties":{"id":"2024-13111-SUGC","county_nam":"Fannin","county_norm":"FANNIN","prec_id":"SUGC","precinct_name":"Fannin - SUGC","precinct_norm":"FANNIN - SUGC","precinct_full_name":"Sugar Creek","has_polygon":true},"geometry":{"type":"Point","coordinates":[-84.36626135107119,34.8762205]}},{"type":"Feature","properties":{"id":"2024-13111-FLIN","county_nam":"Fannin","county_norm":"FANNIN","prec_id":"FLIN","precinct_name":"Fannin - FLIN","precinct_norm":"FANNIN - FLIN","precinct_full_name":"Flinthill","has_polygon":true},"geometry":{"type":"Point","coordinates":[-84.3813571609076,34.9440185]}},{"type":"Feature","properties":{"id":"2024-13111-MINE","county_nam":"Fannin","county_norm":"FANNIN","prec_id":"MINE","precinct_name":"Fannin - MINE","precinct_norm":"FANNIN - MINE","precinct_full_name":"Mineral Bluff","has_polygon":true},"geometry":{"type":"Point","coordinates":[-84.29700754047211,34.9314865]}},{"type":"Feature","properties":{"id":"2024-13111-HOTH","county_nam":"Fannin","county_norm":"FANNIN","prec_id":"HOTH","precinct_name":"Fannin - HOTH","precinct_norm":"FANNIN - HOTH","precinct_full_name":"Hothouse","has_polygon":true},"geometry":{"type":"Point","coordinates":[-84.32365548858682,34.960720499999994]}},{"type":"Feature","properties":{"id":"2024-13111-HEMP","county_nam":"Fannin","county_norm":"FANNIN","prec_id":"HEMP","precinct_name":"Fannin - HEMP","precinct_norm":"FANNIN - HEMP","precinct_full_name":"Hemptown","has_polygon":true},"geometry":{"type":"Point","coordinates":[-84.17928569036835,34.9078435]}},{"type":"Feature","properties":{"id":"2024-13111-FAIR","county_nam":"Fannin","county_norm":"FANNIN","prec_id":"FAIR","precinct_name":"Fannin - FAIR","precinct_norm":"FANNIN - FAIR","precinct_full_name":"Fairplay","has_polygon":true},"geometry":{"type":"Point","coordinates":[-84.21558226635784,34.952472]}},{"type":"Feature","properties":{"id":"2024-13291-5","county_nam":"Union","county_norm":"UNION","prec_id":"5","precinct_name":"Union - 5","precinct_norm":"UNION - 5","precinct_full_name":"Suches","has_polygon":true},"geometry":{"type":"Point","coordinates":[-84.03940244667521,34.723038]}},{"type":"Feature","properties":{"id":"2024-13291-2","county_nam":"Union","county_norm":"UNION","prec_id":"2","precinct_name":"Union - 2","precinct_norm":"UNION - 2","precinct_full_name":"Jones Creek","has_polygon":true},"geometry":{"type":"Point","coordinates":[-84.10129202259616,34.837154]}},{"type":"Feature","properties":{"id":"2024-13291-10","county_nam":"Union","county_norm":"UNION","prec_id":"10","precinct_name":"Union - 10","precinct_norm":"UNION - 10","precinct_full_name":"Coosa","has_polygon":true},"geometry":{"type":"Point","coordinates":[-84.02232716113744,34.827418]}},{"type":"Feature","properties":{"id":"2024-13291-3","county_nam":"Union","county_norm":"UNION","prec_id":"3","precinct_name":"Union - 3","precinct_norm":"UNION - 3","precinct_full_name":"Owltown","has_polygon":true},"geometry":{"type":"Point","coordinates":[-83.94133590721114,34.8102935]}},{"type":"Feature","properties":{"id":"2024-13291-7","county_nam":"Union","county_norm":"UNION","prec_id":"7","precinct_name":"Union - 7","precinct_norm":"UNION - 7","precinct_full_name":"Dooley","has_polygon":true},"geometry":{"type":"Point","coordinates":[-84.13225931913931,34.93727]}},{"type":"Feature","properties":{"id":"2024-13291-9","county_nam":"Union","county_norm":"UNION","prec_id":"9","precinct_name":"Union - 9","precinct_norm":"UNION - 9","precinct_full_name":"Pat Colwell","has_polygon":true},"geometry":{"type":"Point","coordinates":[-84.06466104578888,34.901814]}},{"type":"Feature","properties":{"id":"2024-13291-4","county_nam":"Union","county_norm":"UNION","prec_id":"4","precinct_name":"Union - 4","precinct_norm":"UNION - 4","precinct_full_name":"Ivy Log","has_polygon":true},"geometry":{"type":"Point","coordinates":[-84.04873197160708,34.9495705]}},{"type":"Feature","properties":{"id":"2024-13291-8","county_nam":"Union","county_norm":"UNION","prec_id":"8","precinct_name":"Union - 8","precinct_norm":"UNION - 8","precinct_full_name":"Gumlog","has_polygon":true},"geometry":{"type":"Point","coordinates":[-83.97243220238096,34.940551]}},{"type":"Feature","properties":{"id":"2024-13291-1","county_nam":"Union","county_norm":"UNION","prec_id":"1","precinct_name":"Union - 1","precinct_norm":"UNION - 1","precinct_full_name":"Blairsville","has_polygon":true},"geometry":{"type":"Point","coordinates":[-83.93334951267198,34.8867375]}},{"type":"Feature","properties":{"id":"2024-13217-05CM","county_nam":"Newton","county_norm":"NEWTON","prec_id":"05CM","precinct_name":"Newton - 05CM","precinct_norm":"NEWTON - 05CM","precinct_full_name":"Covington Mills","has_polygon":true},"geometry":{"type":"Point","coordinates":[-83.86230575062908,33.578410500000004]}},{"type":"Feature","properties":{"id":"2024-13217-04ALC","county_nam":"Newton","county_norm":"NEWTON","prec_id":"04ALC","precinct_name":"Newton - 04ALC","precinct_norm":"NEWTON - 04ALC","precinct_full_name":"Alcovy","has_polygon":true},"geometry":{"type":"Point","coordinates":[-83.8313210028953,33.582445500000006]}},{"type":"Feature","properties":{"id":"2024-13217-17OXF","county_nam":"Newton","county_norm":"NEWTON","prec_id":"17OXF","precinct_name":"Newton - 17OXF","precinct_norm":"NEWTON - 17OXF","precinct_full_name":"Oxford","has_polygon":true},"geometry":{"type":"Point","coordinates":[-83.83490828225806,33.650292]}},{"type":"Feature","properties":{"id":"2024-13217-07BS","county_nam":"Newton","county_norm":"NEWTON","prec_id":"07BS","precinct_name":"Newton - 07BS","precinct_norm":"NEWTON - 07BS","precinct_full_name":"Brick Store","has_polygon":true},"geometry":{"type":"Point","coordinates":[-83.78112139683441,33.573932]}},{"type":"Feature","properties":{"id":"2024-13297-416","county_nam":"Walton","county_norm":"WALTON","prec_id":"416","precinct_name":"Walton - 416","precinct_norm":"WALTON - 416","precinct_full_name":"Walnut Grove","has_polygon":true},"geometry":{"type":"Point","coordinates":[-83.82739220684658,33.7356065]}},{"type":"Feature","properties":{"id":"2024-13297-423","county_nam":"Walton","county_norm":"WALTON","prec_id":"423","precinct_name":"Walton - 423","precinct_norm":"WALTON - 423","precinct_full_name":"Broken Arrow","has_polygon":true},"geometry":{"type":"Point","coordinates":[-83.85957806111517,33.762890999999996]}},{"type":"Feature","properties":{"id":"2024-13297-427","county_nam":"Walton","county_norm":"WALTON","prec_id":"427","precinct_name":"Walton - 427","precinct_norm":"WALTON - 427","precinct_full_name":"Tara","has_polygon":true},"geometry":{"type":"Point","coordinates":[-83.87488742259823,33.799212999999995]}},{"type":"Feature","properties":{"id":"2024-13297-502","county_nam":"Walton","county_norm":"WALTON","prec_id":"502","precinct_name":"Walton - 502","precinct_norm":"WALTON - 502","precinct_full_name":"Jersey","has_polygon":true},"geometry":{"type":"Point","coordinates":[-83.79648219149504,33.701233]}},{"type":"Feature","properties":{"id":"2024-13297-415","county_nam":"Walton","county_norm":"WALTON","prec_id":"415","precinct_name":"Walton - 415","precinct_norm":"WALTON - 415","precinct_full_name":"Between","has_polygon":true},"geometry":{"type":"Point","coordinates":[-83.80582237898241,33.805011]}},{"type":"Feature","properties":{"id":"2024-13217-25HB","county_nam":"Newton","county_norm":"NEWTON","prec_id":"25HB","precinct_name":"Newton - 25HB","precinct_norm":"NEWTON - 25HB","precinct_full_name":"Hub","has_polygon":true},"geometry":{"type":"Point","coordinates":[-83.72522688023454,33.608948999999996]}},{"type":"Feature","properties":{"id":"2024-13297-418","county_nam":"Walton","county_norm":"WALTON","prec_id":"418","precinct_name":"Walton - 418","precinct_norm":"WALTON - 418","precinct_full_name":"Social Circle","has_polygon":true},"geometry":{"type":"Point","coordinates":[-83.70236606446156,33.652514499999995]}},{"type":"Feature","properties":{"id":"2024-13297-1675","county_nam":"Walton","county_norm":"WALTON","prec_id":"1675","precinct_name":"Walton - 1675","precinct_norm":"WALTON - 1675","precinct_full_name":"Whatley","has_polygon":true},"geometry":{"type":"Point","coordinates":[-83.70445084499752,33.7271465]}},{"type":"Feature","properties":{"id":"2024-13297-426","county_nam":"Walton","county_norm":"WALTON","prec_id":"426","precinct_name":"Walton - 426","precinct_norm":"WALTON - 426","precinct_full_name":"W Monroe","has_polygon":true},"geometry":{"type":"Point","coordinates":[-83.76912022331618,33.768287]}},{"type":"Feature","properties":{"id":"2024-13297-419","county_nam":"Walton","county_norm":"WALTON","prec_id":"419","precinct_name":"Walton - 419","precinct_norm":"WALTON - 419","precinct_full_name":"South Monroe","has_polygon":true},"geometry":{"type":"Point","coordinates":[-83.72267715264212,33.7847635]}},{"type":"Feature","properties":{"id":"2024-13297-425","county_nam":"Walton","county_norm":"WALTON","prec_id":"425","precinct_name":"Walton - 425","precinct_norm":"WALTON - 425","precinct_full_name":"Central Monroe","has_polygon":true},"geometry":{"type":"Point","coordinates":[-83.70966774139909,33.8152635]}},{"type":"Feature","properties":{"id":"2024-13297-503","county_nam":"Walton","county_norm":"WALTON","prec_id":"503","precinct_name":"Walton - 503","precinct_norm":"WALTON - 503","precinct_full_name":"Blasingame","has_polygon":true},"geometry":{"type":"Point","coordinates":[-83.61835778626013,33.7260515]}},{"type":"Feature","properties":{"id":"2024-13297-417","county_nam":"Walton","county_norm":"WALTON","prec_id":"417","precinct_name":"Walton - 417","precinct_norm":"WALTON - 417","precinct_full_name":"Loganville Central","has_polygon":true},"geometry":{"type":"Point","coordinates":[-83.90266438818435,33.829907000000006]}},{"type":"Feature","properties":{"id":"2024-13297-424","county_nam":"Walton","county_norm":"WALTON","prec_id":"424","precinct_name":"Walton - 424","precinct_norm":"WALTON - 424","precinct_full_name":"Bay Creek","has_polygon":true},"geometry":{"type":"Point","coordinates":[-83.8202478772076,33.8441385]}},{"type":"Feature","properties":{"id":"2024-13135-1","county_nam":"Gwinnett","county_norm":"GWINNETT","prec_id":"1","precinct_name":"Gwinnett - 1","precinct_norm":"GWINNETT - 1","precinct_full_name":"Harbins A","has_polygon":true},"geometry":{"type":"Point","coordinates":[-83.86162421922246,33.9400015]}},{"type":"Feature","properties":{"id":"2024-13135-151","county_nam":"Gwinnett","county_norm":"GWINNETT","prec_id":"151","precinct_name":"Gwinnett - 151","precinct_norm":"GWINNETT - 151","precinct_full_name":"Harbins C","has_polygon":true},"geometry":{"type":"Point","coordinates":[-83.81697020085994,33.9237855]}},{"type":"Feature","properties":{"id":"2024-13297-1663","county_nam":"Walton","county_norm":"WALTON","prec_id":"1663","precinct_name":"Walton - 1663","precinct_norm":"WALTON - 1663","precinct_full_name":"Bold Springs","has_polygon":true},"geometry":{"type":"Point","coordinates":[-83.80658353075589,33.891463]}},{"type":"Feature","properties":{"id":"2024-13013-16","county_nam":"Barrow","county_norm":"BARROW","prec_id":"16","precinct_name":"Barrow - 16","precinct_norm":"BARROW - 16","precinct_full_name":"The Church At Winder","has_polygon":true},"geometry":{"type":"Point","coordinates":[-83.77735114161501,33.933462500000005]}},{"type":"Feature","properties":{"id":"2024-13135-133","county_nam":"Gwinnett","county_norm":"GWINNETT","prec_id":"133","precinct_name":"Gwinnett - 133","precinct_norm":"GWINNETT - 133","precinct_full_name":"Harbins B","has_polygon":true},"geometry":{"type":"Point","coordinates":[-83.86551043528333,33.981921]}},{"type":"Feature","properties":{"id":"2024-13135-28","county_nam":"Gwinnett","county_norm":"GWINNETT","prec_id":"28","precinct_name":"Gwinnett - 28","precinct_norm":"GWINNETT - 28","precinct_full_name":"Rockycreek A","has_polygon":true},"geometry":{"type":"Point","coordinates":[-83.88247424590163,34.032285]}},{"type":"Feature","properties":{"id":"2024-13135-129","county_nam":"Gwinnett","county_norm":"GWINNETT","prec_id":"129","precinct_name":"Gwinnett - 129","precinct_norm":"GWINNETT - 129","precinct_full_name":"Duncans B","has_polygon":true},"geometry":{"type":"Point","coordinates":[-83.86975613427401,34.066434]}},{"type":"Feature","properties":{"id":"2024-13013-3","county_nam":"Barrow","county_norm":"BARROW","prec_id":"3","precinct_name":"Barrow - 3","precinct_norm":"BARROW - 3","precinct_full_name":"3","has_polygon":true},"geometry":{"type":"Point","coordinates":[-83.82403179882559,34.024017]}},{"type":"Feature","properties":{"id":"2024-13013-4","county_nam":"Barrow","county_norm":"BARROW","prec_id":"4","precinct_name":"Barrow - 4","precinct_norm":"BARROW - 4","precinct_full_name":"4","has_polygon":true},"geometry":{"type":"Point","coordinates":[-83.79276410426131,33.993308]}},{"type":"Feature","properties":{"id":"2024-13013-2","county_nam":"Barrow","county_norm":"BARROW","prec_id":"2","precinct_name":"Barrow - 2","precinct_norm":"BARROW - 2","precinct_full_name":"2","has_polygon":true},"geometry":{"type":"Point","coordinates":[-83.80507223476016,34.071800499999995]}},{"type":"Feature","properties":{"id":"2024-13297-250","county_nam":"Walton","county_norm":"WALTON","prec_id":"250","precinct_name":"Walton - 250","precinct_norm":"WALTON - 250","precinct_full_name":"Walker Park","has_polygon":true},"geometry":{"type":"Point","coordinates":[-83.72906022010869,33.8688425]}},{"type":"Feature","properties":{"id":"2024-13297-414","county_nam":"Walton","county_norm":"WALTON","prec_id":"414","precinct_name":"Walton - 414","precinct_norm":"WALTON - 414","precinct_full_name":"Gratis","has_polygon":true},"geometry":{"type":"Point","coordinates":[-83.65356494877607,33.8734075]}},{"type":"Feature","properties":{"id":"2024-13013-1","county_nam":"Barrow","county_norm":"BARROW","prec_id":"1","precinct_name":"Barrow - 1","precinct_norm":"BARROW - 1","precinct_full_name":"1","has_polygon":true},"geometry":{"type":"Point","coordinates":[-83.6784663724469,33.933462500000005]}},{"type":"Feature","properties":{"id":"2024-13013-13","county_nam":"Barrow","county_norm":"BARROW","prec_id":"13","precinct_name":"Barrow - 13","precinct_norm":"BARROW - 13","precinct_full_name":"Winder Community Center","has_polygon":true},"geometry":{"type":"Point","coordinates":[-83.71900054406308,33.992021]}},{"type":"Feature","properties":{"id":"2024-13013-8","county_nam":"Barrow","county_norm":"BARROW","prec_id":"8","precinct_name":"Barrow - 8","precinct_norm":"BARROW - 8","precinct_full_name":"8","has_polygon":true},"geometry":{"type":"Point","coordinates":[-83.67565068602684,34.010188]}},{"type":"Feature","properties":{"id":"2024-13211-2","county_nam":"Morgan","county_norm":"MORGAN","prec_id":"2","precinct_name":"Morgan - 2","precinct_norm":"MORGAN - 2","precinct_full_name":"Centennial","has_polygon":true},"geometry":{"type":"Point","coordinates":[-83.59541550442447,33.578785499999995]}},{"type":"Feature","properties":{"id":"2024-13089-SW","county_nam":"Dekalb","county_norm":"DEKALB","prec_id":"SW","precinct_name":"Dekalb - SW","precinct_norm":"DEKALB - SW","precinct_full_name":"Stonecrest Library (Stc)","has_polygon":true},"geometry":{"type":"Point","coordinates":[-84.09505907767266,33.688181]}},{"type":"Feature","properties":{"id":"2024-13089-SL","county_nam":"Dekalb","county_norm":"DEKALB","prec_id":"SL","precinct_name":"Dekalb - SL","precinct_norm":"DEKALB - SL","precinct_full_name":"Stoneview Elementary","has_polygon":true},"geometry":{"type":"Point","coordinates":[-84.0742786575941,33.709905000000006]}},{"type":"Feature","properties":{"id":"2024-13089-PC","county_nam":"Dekalb","county_norm":"DEKALB","prec_id":"PC","precinct_name":"Dekalb - PC","precinct_norm":"DEKALB - PC","precinct_full_name":"Princeton Elementary","has_polygon":true},"geometry":{"type":"Point","coordinates":[-84.0932782712849,33.7402685]}},{"type":"Feature","properties":{"id":"2024-13089-RC","county_nam":"Dekalb","county_norm":"DEKALB","prec_id":"RC","precinct_name":"Dekalb - RC","precinct_norm":"DEKALB - RC","precinct_full_name":"Redan Elementary","has_polygon":true},"geometry":{"type":"Point","coordinates":[-84.1340530754137,33.7566565]}},{"type":"Feature","properties":{"id":"2024-13089-SV","county_nam":"Dekalb","county_norm":"DEKALB","prec_id":"SV","precinct_name":"Dekalb - SV","precinct_norm":"DEKALB - SV","precinct_full_name":"Stephenson High","has_polygon":true},"geometry":{"type":"Point","coordinates":[-84.13393419222687,33.7768435]}},{"type":"Feature","properties":{"id":"2024-13089-SD","county_nam":"Dekalb","county_norm":"DEKALB","prec_id":"SD","precinct_name":"Dekalb - SD","precinct_norm":"DEKALB - SD","precinct_full_name":"Stone Mountain Elementary","has_polygon":true},"geometry":{"type":"Point","coordinates":[-84.1405489722548,33.805569500000004]}},{"type":"Feature","properties":{"id":"2024-13089-WN","county_nam":"Dekalb","county_norm":"DEKALB","prec_id":"WN","precinct_name":"Dekalb - WN","precinct_norm":"DEKALB - WN","precinct_full_name":"Wynbrooke Elementary","has_polygon":true},"geometry":{"type":"Point","coordinates":[-84.10810570301382,33.796218499999995]}},{"type":"Feature","properties":{"id":"2024-13089-ST","county_nam":"Dekalb","county_norm":"DEKALB","prec_id":"ST","precinct_name":"Dekalb - ST","precinct_norm":"DEKALB - ST","precinct_full_name":"Stephenson Middle","has_polygon":true},"geometry":{"type":"Point","coordinates":[-84.11210777531997,33.772497]}},{"type":"Feature","properties":{"id":"2024-13089-SO","county_nam":"Dekalb","county_norm":"DEKALB","prec_id":"SO","precinct_name":"Dekalb - SO","precinct_norm":"DEKALB - SO","precinct_full_name":"South Deshon","has_polygon":true},"geometry":{"type":"Point","coordinates":[-84.09613442332858,33.775907000000004]}},{"type":"Feature","properties":{"id":"2024-13135-64","county_nam":"Gwinnett","county_norm":"GWINNETT","prec_id":"64","precinct_name":"Gwinnett - 64","precinct_norm":"GWINNETT - 64","precinct_full_name":"Garners D","has_polygon":true},"geometry":{"type":"Point","coordinates":[-84.0855310778061,33.797906499999996]}},{"type":"Feature","properties":{"id":"2024-13089-RL","county_nam":"Dekalb","county_norm":"DEKALB","prec_id":"RL","precinct_name":"Dekalb - RL","precinct_norm":"DEKALB - RL","precinct_full_name":"Rock Chapel Road","has_polygon":true},"geometry":{"type":"Point","coordinates":[-84.07393352243365,33.7365375]}},{"type":"Feature","properties":{"id":"2024-13247-LA","county_nam":"Rockdale","county_norm":"ROCKDALE","prec_id":"LA","precinct_name":"Rockdale - LA","precinct_norm":"ROCKDALE - LA","precinct_full_name":"The Lakes","has_polygon":true},"geometry":{"type":"Point","coordinates":[-84.0470402309596,33.697606]}},{"type":"Feature","properties":{"id":"2024-13089-RF","county_nam":"Dekalb","county_norm":"DEKALB","prec_id":"RF","precinct_name":"Dekalb - RF","precinct_norm":"DEKALB - RF","precinct_full_name":"Rock Chapel Elementary","has_polygon":true},"geometry":{"type":"Point","coordinates":[-84.07900978313253,33.7525445]}},{"type":"Feature","properties":{"id":"2024-13089-RI","county_nam":"Dekalb","county_norm":"DEKALB","prec_id":"RI","precinct_name":"Dekalb - RI","precinct_norm":"DEKALB - RI","precinct_full_name":"Rockbridge Road","has_polygon":true},"geometry":{"type":"Point","coordinates":[-84.08537655121972,33.778921999999994]}},{"type":"Feature","properties":{"id":"2024-13135-122","county_nam":"Gwinnett","county_norm":"GWINNETT","prec_id":"122","precinct_name":"Gwinnett - 122","precinct_norm":"GWINNETT - 122","precinct_full_name":"Rockbridge G","has_polygon":true},"geometry":{"type":"Point","coordinates":[-84.02122583034529,33.7791805]}},{"type":"Feature","properties":{"id":"2024-13135-2","county_nam":"Gwinnett","county_norm":"GWINNETT","prec_id":"2","precinct_name":"Gwinnett - 2","precinct_norm":"GWINNETT - 2","precinct_full_name":"Rockbridge A","has_polygon":true},"geometry":{"type":"Point","coordinates":[-84.03900474173152,33.7911105]}},{"type":"Feature","properties":{"id":"2024-13135-75","county_nam":"Gwinnett","county_norm":"GWINNETT","prec_id":"75","precinct_name":"Gwinnett - 75","precinct_norm":"GWINNETT - 75","precinct_full_name":"Rockbridge C","has_polygon":true},"geometry":{"type":"Point","coordinates":[-84.0623563566656,33.818543]}},{"type":"Feature","properties":{"id":"2024-13247-MA","county_nam":"Rockdale","county_norm":"ROCKDALE","prec_id":"MA","precinct_name":"Rockdale - MA","precinct_norm":"ROCKDALE - MA","precinct_full_name":"Magnet","has_polygon":true},"geometry":{"type":"Point","coordinates":[-84.00880311087354,33.5720015]}},{"type":"Feature","properties":{"id":"2024-13247-SP","county_nam":"Rockdale","county_norm":"ROCKDALE","prec_id":"SP","precinct_name":"Rockdale - SP","precinct_norm":"ROCKDALE - SP","precinct_full_name":"St. Pius","has_polygon":true},"geometry":{"type":"Point","coordinates":[-84.01453580397728,33.61835]}},{"type":"Feature","properties":{"id":"2024-13217-19BC","county_nam":"Newton","county_norm":"NEWTON","prec_id":"19BC","precinct_name":"Newton - 19BC","precinct_norm":"NEWTON - 19BC","precinct_full_name":"Buck Creek","has_polygon":true},"geometry":{"type":"Point","coordinates":[-83.96496285733767,33.559107]}},{"type":"Feature","properties":{"id":"2024-13217-02TN","county_nam":"Newton","county_norm":"NEWTON","prec_id":"02TN","precinct_name":"Newton - 02TN","precinct_norm":"NEWTON - 02TN","precinct_full_name":"Town","has_polygon":true},"geometry":{"type":"Point","coordinates":[-83.96786225063462,33.583743]}},{"type":"Feature","properties":{"id":"2024-13247-FI","county_nam":"Rockdale","county_norm":"ROCKDALE","prec_id":"FI","precinct_name":"Rockdale - FI","precinct_norm":"ROCKDALE - FI","precinct_full_name":"Fieldstone","has_polygon":true},"geometry":{"type":"Point","coordinates":[-83.98525013973797,33.611634499999994]}},{"type":"Feature","properties":{"id":"2024-13217-24CRW","county_nam":"Newton","county_norm":"NEWTON","prec_id":"24CRW","precinct_name":"Newton - 24CRW","precinct_norm":"NEWTON - 24CRW","precinct_full_name":"Crowell","has_polygon":true},"geometry":{"type":"Point","coordinates":[-83.96160970108649,33.600246999999996]}},{"type":"Feature","properties":{"id":"2024-13247-FS","county_nam":"Rockdale","county_norm":"ROCKDALE","prec_id":"FS","precinct_name":"Rockdale - FS","precinct_norm":"ROCKDALE - FS","precinct_full_name":"Flat Shoals","has_polygon":true},"geometry":{"type":"Point","coordinates":[-83.99627782520325,33.632548]}},{"type":"Feature","properties":{"id":"2024-13247-OT","county_nam":"Rockdale","county_norm":"ROCKDALE","prec_id":"OT","precinct_name":"Rockdale - OT","precinct_norm":"ROCKDALE - OT","precinct_full_name":"Olde Towne","has_polygon":true},"geometry":{"type":"Point","coordinates":[-84.02655882877934,33.656255]}},{"type":"Feature","properties":{"id":"2024-13247-MI","county_nam":"Rockdale","county_norm":"ROCKDALE","prec_id":"MI","precinct_name":"Rockdale - MI","precinct_norm":"ROCKDALE - MI","precinct_full_name":"Milstead","has_polygon":true},"geometry":{"type":"Point","coordinates":[-83.95784082906007,33.658015]}},{"type":"Feature","properties":{"id":"2024-13217-13BD","county_nam":"Newton","county_norm":"NEWTON","prec_id":"13BD","precinct_name":"Newton - 13BD","precinct_norm":"NEWTON - 13BD","precinct_full_name":"Beaverdam","has_polygon":true},"geometry":{"type":"Point","coordinates":[-83.93339877486007,33.569649999999996]}},{"type":"Feature","properties":{"id":"2024-13217-23FV","county_nam":"Newton","county_norm":"NEWTON","prec_id":"23FV","precinct_name":"Newton - 23FV","precinct_norm":"NEWTON - 23FV","precinct_full_name":"Fairview","has_polygon":true},"geometry":{"type":"Point","coordinates":[-83.94604242858449,33.6222425]}},{"type":"Feature","properties":{"id":"2024-13217-20STN","county_nam":"Newton","county_norm":"NEWTON","prec_id":"20STN","precinct_name":"Newton - 20STN","precinct_norm":"NEWTON - 20STN","precinct_full_name":"Stansells","has_polygon":true},"geometry":{"type":"Point","coordinates":[-83.9027857034515,33.595380500000005]}},{"type":"Feature","properties":{"id":"2024-13217-03ALM","county_nam":"Newton","county_norm":"NEWTON","prec_id":"03ALM","precinct_name":"Newton - 03ALM","precinct_norm":"NEWTON - 03ALM","precinct_full_name":"Almon","has_polygon":true},"geometry":{"type":"Point","coordinates":[-83.92246072186364,33.620636000000005]}},{"type":"Feature","properties":{"id":"2024-13217-12GC","county_nam":"Newton","county_norm":"NEWTON","prec_id":"12GC","precinct_name":"Newton - 12GC","precinct_norm":"NEWTON - 12GC","precinct_full_name":"Gum Creek","has_polygon":true},"geometry":{"type":"Point","coordinates":[-83.88754383941493,33.680767]}},{"type":"Feature","properties":{"id":"2024-13247-BT","county_nam":"Rockdale","county_norm":"ROCKDALE","prec_id":"BT","precinct_name":"Rockdale - BT","precinct_norm":"ROCKDALE - BT","precinct_full_name":"Bethel","has_polygon":true},"geometry":{"type":"Point","coordinates":[-83.9785221027448,33.7390935]}},{"type":"Feature","properties":{"id":"2024-13247-HI","county_nam":"Rockdale","county_norm":"ROCKDALE","prec_id":"HI","precinct_name":"Rockdale - HI","precinct_norm":"ROCKDALE - HI","precinct_full_name":"Hightower","has_polygon":true},"geometry":{"type":"Point","coordinates":[-83.95486371968857,33.703762499999996]}},{"type":"Feature","properties":{"id":"2024-13135-104","county_nam":"Gwinnett","county_norm":"GWINNETT","prec_id":"104","precinct_name":"Gwinnett - 104","precinct_norm":"GWINNETT - 104","precinct_full_name":"Rockbridge F","has_polygon":true},"geometry":{"type":"Point","coordinates":[-84.0069416200676,33.787265500000004]}},{"type":"Feature","properties":{"id":"2024-13135-76","county_nam":"Gwinnett","county_norm":"GWINNETT","prec_id":"76","precinct_name":"Gwinnett - 76","precinct_norm":"GWINNETT - 76","precinct_full_name":"Rockbridge D","has_polygon":true},"geometry":{"type":"Point","coordinates":[-84.00752278382267,33.8130155]}},{"type":"Feature","properties":{"id":"2024-13297-422","county_nam":"Walton","county_norm":"WALTON","prec_id":"422","precinct_name":"Walton - 422","precinct_norm":"WALTON - 422","precinct_full_name":"West Walton","has_polygon":true},"geometry":{"type":"Point","coordinates":[-83.93504652729118,33.7823255]}},{"type":"Feature","properties":{"id":"2024-13135-52","county_nam":"Gwinnett","county_norm":"GWINNETT","prec_id":"52","precinct_name":"Gwinnett - 52","precinct_norm":"GWINNETT - 52","precinct_full_name":"Berkshire G","has_polygon":true},"geometry":{"type":"Point","coordinates":[-84.13547574439775,33.8469045]}},{"type":"Feature","properties":{"id":"2024-13135-118","county_nam":"Gwinnett","county_norm":"GWINNETT","prec_id":"118","precinct_name":"Gwinnett - 118","precinct_norm":"GWINNETT - 118","precinct_full_name":"Garners F","has_polygon":true},"geometry":{"type":"Point","coordinates":[-84.12579333325215,33.8349405]}},{"type":"Feature","properties":{"id":"2024-13135-112","county_nam":"Gwinnett","county_norm":"GWINNETT","prec_id":"112","precinct_name":"Gwinnett - 112","precinct_norm":"GWINNETT - 112","precinct_full_name":"Berkshire N","has_polygon":true},"geometry":{"type":"Point","coordinates":[-84.14560315628594,33.8568505]}},{"type":"Feature","properties":{"id":"2024-13135-33","county_nam":"Gwinnett","county_norm":"GWINNETT","prec_id":"33","precinct_name":"Gwinnett - 33","precinct_norm":"GWINNETT - 33","precinct_full_name":"Berkshire E","has_polygon":true},"geometry":{"type":"Point","coordinates":[-84.13905435433071,33.8740195]}},{"type":"Feature","properties":{"id":"2024-13135-92","county_nam":"Gwinnett","county_norm":"GWINNETT","prec_id":"92","precinct_name":"Gwinnett - 92","precinct_norm":"GWINNETT - 92","precinct_full_name":"Berkshire J","has_polygon":true},"geometry":{"type":"Point","coordinates":[-84.11904306176152,33.869162]}},{"type":"Feature","properties":{"id":"2024-13135-49","county_nam":"Gwinnett","county_norm":"GWINNETT","prec_id":"49","precinct_name":"Gwinnett - 49","precinct_norm":"GWINNETT - 49","precinct_full_name":"Garners C","has_polygon":true},"geometry":{"type":"Point","coordinates":[-84.10681352067947,33.831126]}},{"type":"Feature","properties":{"id":"2024-13135-14","county_nam":"Gwinnett","county_norm":"GWINNETT","prec_id":"14","precinct_name":"Gwinnett - 14","precinct_norm":"GWINNETT - 14","precinct_full_name":"Garners A","has_polygon":true},"geometry":{"type":"Point","coordinates":[-84.10425949621022,33.847164500000005]}},{"type":"Feature","properties":{"id":"2024-13135-45","county_nam":"Gwinnett","county_norm":"GWINNETT","prec_id":"45","precinct_name":"Gwinnett - 45","precinct_norm":"GWINNETT - 45","precinct_full_name":"Garners B","has_polygon":true},"geometry":{"type":"Point","coordinates":[-84.09051676661886,33.819855000000004]}},{"type":"Feature","properties":{"id":"2024-13135-32","county_nam":"Gwinnett","county_norm":"GWINNETT","prec_id":"32","precinct_name":"Gwinnett - 32","precinct_norm":"GWINNETT - 32","precinct_full_name":"Berkshire D","has_polygon":true},"geometry":{"type":"Point","coordinates":[-84.1012690523549,33.868444]}},{"type":"Feature","properties":{"id":"2024-13135-11","county_nam":"Gwinnett","county_norm":"GWINNETT","prec_id":"11","precinct_name":"Gwinnett - 11","precinct_norm":"GWINNETT - 11","precinct_full_name":"Berkshire A","has_polygon":true},"geometry":{"type":"Point","coordinates":[-84.1418301543483,33.890741]}},{"type":"Feature","properties":{"id":"2024-13135-120","county_nam":"Gwinnett","county_norm":"GWINNETT","prec_id":"120","precinct_name":"Gwinnett - 120","precinct_norm":"GWINNETT - 120","precinct_full_name":"Berkshire P","has_polygon":true},"geometry":{"type":"Point","coordinates":[-84.13500145068934,33.901419000000004]}},{"type":"Feature","properties":{"id":"2024-13135-109","county_nam":"Gwinnett","county_norm":"GWINNETT","prec_id":"109","precinct_name":"Gwinnett - 109","precinct_norm":"GWINNETT - 109","precinct_full_name":"Berkshire M","has_polygon":true},"geometry":{"type":"Point","coordinates":[-84.11913008118532,33.883931]}},{"type":"Feature","properties":{"id":"2024-13135-74","county_nam":"Gwinnett","county_norm":"GWINNETT","prec_id":"74","precinct_name":"Gwinnett - 74","precinct_norm":"GWINNETT - 74","precinct_full_name":"Pinckneyville Q","has_polygon":true},"geometry":{"type":"Point","coordinates":[-84.14174668591772,33.9320845]}},{"type":"Feature","properties":{"id":"2024-13135-103","county_nam":"Gwinnett","county_norm":"GWINNETT","prec_id":"103","precinct_name":"Gwinnett - 103","precinct_norm":"GWINNETT - 103","precinct_full_name":"Berkshire L","has_polygon":true},"geometry":{"type":"Point","coordinates":[-84.11816149850074,33.9152645]}},{"type":"Feature","properties":{"id":"2024-13135-86","county_nam":"Gwinnett","county_norm":"GWINNETT","prec_id":"86","precinct_name":"Gwinnett - 86","precinct_norm":"GWINNETT - 86","precinct_full_name":"Martins F","has_polygon":true},"geometry":{"type":"Point","coordinates":[-84.12801922990991,33.936609000000004]}},{"type":"Feature","properties":{"id":"2024-13135-34","county_nam":"Gwinnett","county_norm":"GWINNETT","prec_id":"34","precinct_name":"Gwinnett - 34","precinct_norm":"GWINNETT - 34","precinct_full_name":"Berkshire F","has_polygon":true},"geometry":{"type":"Point","coordinates":[-84.10739417457197,33.90497]}},{"type":"Feature","properties":{"id":"2024-13135-119","county_nam":"Gwinnett","county_norm":"GWINNETT","prec_id":"119","precinct_name":"Gwinnett - 119","precinct_norm":"GWINNETT - 119","precinct_full_name":"Berkshire O","has_polygon":true},"geometry":{"type":"Point","coordinates":[-84.09463110086682,33.882729]}},{"type":"Feature","properties":{"id":"2024-13135-19","county_nam":"Gwinnett","county_norm":"GWINNETT","prec_id":"19","precinct_name":"Gwinnett - 19","precinct_norm":"GWINNETT - 19","precinct_full_name":"Martins C","has_polygon":true},"geometry":{"type":"Point","coordinates":[-84.084219465764,33.905877000000004]}},{"type":"Feature","properties":{"id":"2024-13135-43","county_nam":"Gwinnett","county_norm":"GWINNETT","prec_id":"43","precinct_name":"Gwinnett - 43","precinct_norm":"GWINNETT - 43","precinct_full_name":"Martins D","has_polygon":true},"geometry":{"type":"Point","coordinates":[-84.10964143187348,33.929612500000005]}},{"type":"Feature","properties":{"id":"2024-13135-116","county_nam":"Gwinnett","county_norm":"GWINNETT","prec_id":"116","precinct_name":"Gwinnett - 116","precinct_norm":"GWINNETT - 116","precinct_full_name":"Martins I","has_polygon":true},"geometry":{"type":"Point","coordinates":[-84.09340116101694,33.927702]}},{"type":"Feature","properties":{"id":"2024-13135-117","county_nam":"Gwinnett","county_norm":"GWINNETT","prec_id":"117","precinct_name":"Gwinnett - 117","precinct_norm":"GWINNETT - 117","precinct_full_name":"Martins J","has_polygon":true},"geometry":{"type":"Point","coordinates":[-84.08901269983906,33.949871]}},{"type":"Feature","properties":{"id":"2024-13135-88","county_nam":"Gwinnett","county_norm":"GWINNETT","prec_id":"88","precinct_name":"Gwinnett - 88","precinct_norm":"GWINNETT - 88","precinct_full_name":"Rockbridge E","has_polygon":true},"geometry":{"type":"Point","coordinates":[-84.06499398418755,33.828428]}},{"type":"Feature","properties":{"id":"2024-13135-69","county_nam":"Gwinnett","county_norm":"GWINNETT","prec_id":"69","precinct_name":"Gwinnett - 69","precinct_norm":"GWINNETT - 69","precinct_full_name":"Cates J","has_polygon":true},"geometry":{"type":"Point","coordinates":[-84.08181126406389,33.852813999999995]}},{"type":"Feature","properties":{"id":"2024-13135-36","county_nam":"Gwinnett","county_norm":"GWINNETT","prec_id":"36","precinct_name":"Gwinnett - 36","precinct_norm":"GWINNETT - 36","precinct_full_name":"Cates E","has_polygon":true},"geometry":{"type":"Point","coordinates":[-84.06728888925176,33.859885500000004]}},{"type":"Feature","properties":{"id":"2024-13135-107","county_nam":"Gwinnett","county_norm":"GWINNETT","prec_id":"107","precinct_name":"Gwinnett - 107","precinct_norm":"GWINNETT - 107","precinct_full_name":"Cates O","has_polygon":true},"geometry":{"type":"Point","coordinates":[-84.0710224981305,33.8818395]}},{"type":"Feature","properties":{"id":"2024-13135-23","county_nam":"Gwinnett","county_norm":"GWINNETT","prec_id":"23","precinct_name":"Gwinnett - 23","precinct_norm":"GWINNETT - 23","precinct_full_name":"Pinckneyville D","has_polygon":true},"geometry":{"type":"Point","coordinates":[-84.17658383103935,33.918264]}},{"type":"Feature","properties":{"id":"2024-13135-58","county_nam":"Gwinnett","county_norm":"GWINNETT","prec_id":"58","precinct_name":"Gwinnett - 58","precinct_norm":"GWINNETT - 58","precinct_full_name":"Pinckneyville K","has_polygon":true},"geometry":{"type":"Point","coordinates":[-84.15182125078393,33.9185325]}},{"type":"Feature","properties":{"id":"2024-13135-50","county_nam":"Gwinnett","county_norm":"GWINNETT","prec_id":"50","precinct_name":"Gwinnett - 50","precinct_norm":"GWINNETT - 50","precinct_full_name":"Pinckneyville I","has_polygon":true},"geometry":{"type":"Point","coordinates":[-84.15893501211801,33.9432855]}},{"type":"Feature","properties":{"id":"2024-13089-WL","county_nam":"Dekalb","county_norm":"DEKALB","prec_id":"WL","precinct_name":"Dekalb - WL","precinct_norm":"DEKALB - WL","precinct_full_name":"Winters Chapel (Dunwoody)","has_polygon":true},"geometry":{"type":"Point","coordinates":[-84.27472135945433,33.948460499999996]}},{"type":"Feature","properties":{"id":"2024-13135-101","county_nam":"Gwinnett","county_norm":"GWINNETT","prec_id":"101","precinct_name":"Gwinnett - 101","precinct_norm":"GWINNETT - 101","precinct_full_name":"Pinckneyville U","has_polygon":true},"geometry":{"type":"Point","coordinates":[-84.26377554779089,33.955351]}},{"type":"Feature","properties":{"id":"2024-13121-SS01A","county_nam":"Fulton","county_norm":"FULTON","prec_id":"SS01A","precinct_name":"Fulton - SS01A","precinct_norm":"FULTON - SS01A","precinct_full_name":"SS01A","has_polygon":true},"geometry":{"type":"Point","coordinates":[-84.2690863371015,33.970017]}},{"type":"Feature","properties":{"id":"2024-13135-73","county_nam":"Gwinnett","county_norm":"GWINNETT","prec_id":"73","precinct_name":"Gwinnett - 73","precinct_norm":"GWINNETT - 73","precinct_full_name":"Pinckneyville P","has_polygon":true},"geometry":{"type":"Point","coordinates":[-84.25221452853881,33.9639315]}},{"type":"Feature","properties":{"id":"2024-13135-126","county_nam":"Gwinnett","county_norm":"GWINNETT","prec_id":"126","precinct_name":"Gwinnett - 126","precinct_norm":"GWINNETT - 126","precinct_full_name":"Pinckneyville A1","has_polygon":true},"geometry":{"type":"Point","coordinates":[-84.24819774860634,33.974717]}},{"type":"Feature","properties":{"id":"2024-13121-RW22C","county_nam":"Fulton","county_norm":"FULTON","prec_id":"RW22C","precinct_name":"Fulton - RW22C","precinct_norm":"FULTON - RW22C","precinct_full_name":"RW22C","has_polygon":true},"geometry":{"type":"Point","coordinates":[-84.2739359484297,33.9893965]}},{"type":"Feature","properties":{"id":"2024-13121-RW22B","county_nam":"Fulton","county_norm":"FULTON","prec_id":"RW22B","precinct_name":"Fulton - RW22B","precinct_norm":"FULTON - RW22B","precinct_full_name":"Hillside Elementary School","has_polygon":true},"geometry":{"type":"Point","coordinates":[-84.2742346357362,33.9918]}},{"type":"Feature","properties":{"id":"2024-13121-JC19","county_nam":"Fulton","county_norm":"FULTON","prec_id":"JC19","precinct_name":"Fulton - JC19","precinct_norm":"FULTON - JC19","precinct_full_name":"Barnswell Elementary","has_polygon":true},"geometry":{"type":"Point","coordinates":[-84.2646367631637,33.993410499999996]}},{"type":"Feature","properties":{"id":"2024-13121-JC19A","county_nam":"Fulton","county_norm":"FULTON","prec_id":"JC19A","precinct_name":"Fulton - JC19A","precinct_norm":"FULTON - JC19A","precinct_full_name":"JC19A","has_polygon":true},"geometry":{"type":"Point","coordinates":[-84.25770160701956,34.008877999999996]}},{"type":"Feature","properties":{"id":"2024-13121-JC13A","county_nam":"Fulton","county_norm":"FULTON","prec_id":"JC13A","precinct_name":"Fulton - JC13A","precinct_norm":"FULTON - JC13A","precinct_full_name":"Northeast Spruill Oaks Library","has_polygon":true},"geometry":{"type":"Point","coordinates":[-84.24470821644445,34.0038555]}},{"type":"Feature","properties":{"id":"2024-13135-22","county_nam":"Gwinnett","county_norm":"GWINNETT","prec_id":"22","precinct_name":"Gwinnett - 22","precinct_norm":"GWINNETT - 22","precinct_full_name":"Pinckneyville C","has_polygon":true},"geometry":{"type":"Point","coordinates":[-84.22916844980017,33.964832]}},{"type":"Feature","properties":{"id":"2024-13135-125","county_nam":"Gwinnett","county_norm":"GWINNETT","prec_id":"125","precinct_name":"Gwinnett - 125","precinct_norm":"GWINNETT - 125","precinct_full_name":"Pinckneyville Z","has_polygon":true},"geometry":{"type":"Point","coordinates":[-84.24102629476157,33.993905999999996]}},{"type":"Feature","properties":{"id":"2024-13135-62","county_nam":"Gwinnett","county_norm":"GWINNETT","prec_id":"62","precinct_name":"Gwinnett - 62","precinct_norm":"GWINNETT - 62","precinct_full_name":"Pinckneyville L","has_polygon":true},"geometry":{"type":"Point","coordinates":[-84.24638115935673,33.9855115]}},{"type":"Feature","properties":{"id":"2024-13121-JC13B","county_nam":"Fulton","county_norm":"FULTON","prec_id":"JC13B","precinct_name":"Fulton - JC13B","precinct_norm":"FULTON - JC13B","precinct_full_name":"Northeast Spruill Oaks Library","has_polygon":true},"geometry":{"type":"Point","coordinates":[-84.22920408278956,34.008477]}},{"type":"Feature","properties":{"id":"2024-13135-63","county_nam":"Gwinnett","county_norm":"GWINNETT","prec_id":"63","precinct_name":"Gwinnett - 63","precinct_norm":"GWINNETT - 63","precinct_full_name":"Pinckneyville M","has_polygon":true},"geometry":{"type":"Point","coordinates":[-84.21631475920262,33.9911125]}},{"type":"Feature","properties":{"id":"2024-13121-JC18","county_nam":"Fulton","county_norm":"FULTON","prec_id":"JC18","precinct_name":"Fulton - JC18","precinct_norm":"FULTON - JC18","precinct_full_name":"Mount Pisgah United Methodist Church","has_polygon":true},"geometry":{"type":"Point","coordinates":[-84.27217263432122,34.014853]}},{"type":"Feature","properties":{"id":"2024-13121-AP01C","county_nam":"Fulton","county_norm":"FULTON","prec_id":"AP01C","precinct_name":"Fulton - AP01C","precinct_norm":"FULTON - AP01C","precinct_full_name":"Haynes Bridge Middle","has_polygon":true},"geometry":{"type":"Point","coordinates":[-84.26790522499958,34.039644]}},{"type":"Feature","properties":{"id":"2024-13121-JC16","county_nam":"Fulton","county_norm":"FULTON","prec_id":"JC16","precinct_name":"Fulton - JC16","precinct_norm":"FULTON - JC16","precinct_full_name":"Mount Pisgah United Methodist Church","has_polygon":true},"geometry":{"type":"Point","coordinates":[-84.2584482296943,34.0297975]}},{"type":"Feature","properties":{"id":"2024-13121-AP01A","county_nam":"Fulton","county_norm":"FULTON","prec_id":"AP01A","precinct_name":"Fulton - AP01A","precinct_norm":"FULTON - AP01A","precinct_full_name":"New Prospect Elementary","has_polygon":true},"geometry":{"type":"Point","coordinates":[-84.2588952786291,34.054992999999996]}},{"type":"Feature","properties":{"id":"2024-13121-AP12A","county_nam":"Fulton","county_norm":"FULTON","prec_id":"AP12A","precinct_name":"Fulton - AP12A","precinct_norm":"FULTON - AP12A","precinct_full_name":"Alpharetta High School","has_polygon":true},"geometry":{"type":"Point","coordinates":[-84.26132052869683,34.069131999999996]}},{"type":"Feature","properties":{"id":"2024-13121-JC14","county_nam":"Fulton","county_norm":"FULTON","prec_id":"JC14","precinct_name":"Fulton - JC14","precinct_norm":"FULTON - JC14","precinct_full_name":"Dolvin Elementary School","has_polygon":true},"geometry":{"type":"Point","coordinates":[-84.24224076792902,34.0261345]}},{"type":"Feature","properties":{"id":"2024-13121-AP14A","county_nam":"Fulton","county_norm":"FULTON","prec_id":"AP14A","precinct_name":"Fulton - AP14A","precinct_norm":"FULTON - AP14A","precinct_full_name":"AP14A","has_polygon":true},"geometry":{"type":"Point","coordinates":[-84.23949235208664,34.041766499999994]}},{"type":"Feature","properties":{"id":"2024-13121-JC15","county_nam":"Fulton","county_norm":"FULTON","prec_id":"JC15","precinct_name":"Fulton - JC15","precinct_norm":"FULTON - JC15","precinct_full_name":"Dolvin Elementary School","has_polygon":true},"geometry":{"type":"Point","coordinates":[-84.24193925859612,34.03555849999999]}},{"type":"Feature","properties":{"id":"2024-13121-AP14","county_nam":"Fulton","county_norm":"FULTON","prec_id":"AP14","precinct_name":"Fulton - AP14","precinct_norm":"FULTON - AP14","precinct_full_name":"Ocee Elementary","has_polygon":true},"geometry":{"type":"Point","coordinates":[-84.23566631619444,34.052662999999995]}},{"type":"Feature","properties":{"id":"2024-13121-JC10","county_nam":"Fulton","county_norm":"FULTON","prec_id":"JC10","precinct_name":"Fulton - JC10","precinct_norm":"FULTON - JC10","precinct_full_name":"Chattahoochee High School","has_polygon":true},"geometry":{"type":"Point","coordinates":[-84.22700890760544,34.0492895]}},{"type":"Feature","properties":{"id":"2024-13121-AP09A","county_nam":"Fulton","county_norm":"FULTON","prec_id":"AP09A","precinct_name":"Fulton - AP09A","precinct_norm":"FULTON - AP09A","precinct_full_name":"Webb Bridge Middle","has_polygon":true},"geometry":{"type":"Point","coordinates":[-84.22972149019088,34.069131999999996]}},{"type":"Feature","properties":{"id":"2024-13135-121","county_nam":"Gwinnett","county_norm":"GWINNETT","prec_id":"121","precinct_name":"Gwinnett - 121","precinct_norm":"GWINNETT - 121","precinct_full_name":"Pinckneyville X","has_polygon":true},"geometry":{"type":"Point","coordinates":[-84.20523328664193,33.9822325]}},{"type":"Feature","properties":{"id":"2024-13135-40","county_nam":"Gwinnett","county_norm":"GWINNETT","prec_id":"40","precinct_name":"Gwinnett - 40","precinct_norm":"GWINNETT - 40","precinct_full_name":"Pinckneyville H","has_polygon":true},"geometry":{"type":"Point","coordinates":[-84.18347995624657,33.973384499999995]}},{"type":"Feature","properties":{"id":"2024-13121-JC12","county_nam":"Fulton","county_norm":"FULTON","prec_id":"JC12","precinct_name":"Fulton - JC12","precinct_norm":"FULTON - JC12","precinct_full_name":"Northeast / Spruill Oaks Library","has_polygon":true},"geometry":{"type":"Point","coordinates":[-84.20989821363162,34.0105755]}},{"type":"Feature","properties":{"id":"2024-13135-99","county_nam":"Gwinnett","county_norm":"GWINNETT","prec_id":"99","precinct_name":"Gwinnett - 99","precinct_norm":"GWINNETT - 99","precinct_full_name":"Pinckneyville T","has_polygon":true},"geometry":{"type":"Point","coordinates":[-84.17157842031523,33.961504000000005]}},{"type":"Feature","properties":{"id":"2024-13135-57","county_nam":"Gwinnett","county_norm":"GWINNETT","prec_id":"57","precinct_name":"Gwinnett - 57","precinct_norm":"GWINNETT - 57","precinct_full_name":"Duluth D","has_polygon":true},"geometry":{"type":"Point","coordinates":[-84.14958335312588,33.980485]}},{"type":"Feature","properties":{"id":"2024-13135-82","county_nam":"Gwinnett","county_norm":"GWINNETT","prec_id":"82","precinct_name":"Gwinnett - 82","precinct_norm":"GWINNETT - 82","precinct_full_name":"Duluth E","has_polygon":true},"geometry":{"type":"Point","coordinates":[-84.1626196440877,33.991534]}},{"type":"Feature","properties":{"id":"2024-13135-56","county_nam":"Gwinnett","county_norm":"GWINNETT","prec_id":"56","precinct_name":"Gwinnett - 56","precinct_norm":"GWINNETT - 56","precinct_full_name":"Duluth C","has_polygon":true},"geometry":{"type":"Point","coordinates":[-84.16389544622655,34.004222999999996]}},{"type":"Feature","properties":{"id":"2024-13121-JC11","county_nam":"Fulton","county_norm":"FULTON","prec_id":"JC11","precinct_name":"Fulton - JC11","precinct_norm":"FULTON - JC11","precinct_full_name":"Johns Creek High School","has_polygon":true},"geometry":{"type":"Point","coordinates":[-84.21381640585417,34.026398]}},{"type":"Feature","properties":{"id":"2024-13121-JC09","county_nam":"Fulton","county_norm":"FULTON","prec_id":"JC09","precinct_name":"Fulton - JC09","precinct_norm":"FULTON - JC09","precinct_full_name":"Chattahoochee High School","has_polygon":true},"geometry":{"type":"Point","coordinates":[-84.21130379661916,34.041140999999996]}},{"type":"Feature","properties":{"id":"2024-13121-JC07","county_nam":"Fulton","county_norm":"FULTON","prec_id":"JC07","precinct_name":"Fulton - JC07","precinct_norm":"FULTON - JC07","precinct_full_name":"Wilson Creek Elementary","has_polygon":true},"geometry":{"type":"Point","coordinates":[-84.1934554088017,34.036213000000004]}},{"type":"Feature","properties":{"id":"2024-13121-JC08","county_nam":"Fulton","county_norm":"FULTON","prec_id":"JC08","precinct_name":"Fulton - JC08","precinct_norm":"FULTON - JC08","precinct_full_name":"Clear Springs Baptist Church","has_polygon":true},"geometry":{"type":"Point","coordinates":[-84.20427961201713,34.054261]}},{"type":"Feature","properties":{"id":"2024-13121-JC05","county_nam":"Fulton","county_norm":"FULTON","prec_id":"JC05","precinct_name":"Fulton - JC05","precinct_norm":"FULTON - JC05","precinct_full_name":"Abbotts Hill Elementary School","has_polygon":true},"geometry":{"type":"Point","coordinates":[-84.20116466798655,34.0614405]}},{"type":"Feature","properties":{"id":"2024-13121-JC04B","county_nam":"Fulton","county_norm":"FULTON","prec_id":"JC04B","precinct_name":"Fulton - JC04B","precinct_norm":"FULTON - JC04B","precinct_full_name":"Robert E. Fulton Ocee Library","has_polygon":true},"geometry":{"type":"Point","coordinates":[-84.21118650679952,34.068619]}},{"type":"Feature","properties":{"id":"2024-13121-JC03A","county_nam":"Fulton","county_norm":"FULTON","prec_id":"JC03A","precinct_name":"Fulton - JC03A","precinct_norm":"FULTON - JC03A","precinct_full_name":"Abbotts Hill Elementary School","has_polygon":true},"geometry":{"type":"Point","coordinates":[-84.19225684616022,34.0653655]}},{"type":"Feature","properties":{"id":"2024-13121-JC04A","county_nam":"Fulton","county_norm":"FULTON","prec_id":"JC04A","precinct_name":"Fulton - JC04A","precinct_norm":"FULTON - JC04A","precinct_full_name":"Robert E. Fulton Ocee Library","has_polygon":true},"geometry":{"type":"Point","coordinates":[-84.19127368498135,34.075341]}},{"type":"Feature","properties":{"id":"2024-13121-JC03B","county_nam":"Fulton","county_norm":"FULTON","prec_id":"JC03B","precinct_name":"Fulton - JC03B","precinct_norm":"FULTON - JC03B","precinct_full_name":"Abbotts Hill Elementary School","has_polygon":true},"geometry":{"type":"Point","coordinates":[-84.18621586672006,34.062933]}},{"type":"Feature","properties":{"id":"2024-13121-JC06","county_nam":"Fulton","county_norm":"FULTON","prec_id":"JC06","precinct_name":"Fulton - JC06","precinct_norm":"FULTON - JC06","precinct_full_name":"Northview High School","has_polygon":true},"geometry":{"type":"Point","coordinates":[-84.1789268556896,34.027203]}},{"type":"Feature","properties":{"id":"2024-13135-111","county_nam":"Gwinnett","county_norm":"GWINNETT","prec_id":"111","precinct_name":"Gwinnett - 111","precinct_norm":"GWINNETT - 111","precinct_full_name":"Duluth H","has_polygon":true},"geometry":{"type":"Point","coordinates":[-84.1707675834393,34.015564499999996]}},{"type":"Feature","properties":{"id":"2024-13121-JC02","county_nam":"Fulton","county_norm":"FULTON","prec_id":"JC02","precinct_name":"Fulton - JC02","precinct_norm":"FULTON - JC02","precinct_full_name":"Northview High School","has_polygon":true},"geometry":{"type":"Point","coordinates":[-84.16782551895649,34.053877]}},{"type":"Feature","properties":{"id":"2024-13117-35","county_nam":"Forsyth","county_norm":"FORSYTH","prec_id":"35","precinct_name":"Forsyth - 35","precinct_norm":"FORSYTH - 35","precinct_full_name":"Johns Creek","has_polygon":true},"geometry":{"type":"Point","coordinates":[-84.15893615409195,34.07546]}},{"type":"Feature","properties":{"id":"2024-13151-43","county_nam":"Henry","county_norm":"HENRY","prec_id":"43","precinct_name":"Henry - 43","precinct_norm":"HENRY - 43","precinct_full_name":"Pleasant Grove","has_polygon":true},"geometry":{"type":"Point","coordinates":[-84.132514848042,33.5553755]}},{"type":"Feature","properties":{"id":"2024-13247-LO","county_nam":"Rockdale","county_norm":"ROCKDALE","prec_id":"LO","precinct_name":"Rockdale - LO","precinct_norm":"ROCKDALE - LO","precinct_full_name":"Lorraine","has_polygon":true},"geometry":{"type":"Point","coordinates":[-84.11488475315565,33.598923]}},{"type":"Feature","properties":{"id":"2024-13089-FG","county_nam":"Dekalb","county_norm":"DEKALB","prec_id":"FG","precinct_name":"Dekalb - FG","precinct_norm":"DEKALB - FG","precinct_full_name":"Flat Rock Elementary","has_polygon":true},"geometry":{"type":"Point","coordinates":[-84.1450528263903,33.649338]}},{"type":"Feature","properties":{"id":"2024-13089-CF","county_nam":"Dekalb","county_norm":"DEKALB","prec_id":"CF","precinct_name":"Dekalb - CF","precinct_norm":"DEKALB - CF","precinct_full_name":"Candler-Murphey Candler Elementary","has_polygon":true},"geometry":{"type":"Point","coordinates":[-84.11703406521738,33.648063]}},{"type":"Feature","properties":{"id":"2024-13247-BA","county_nam":"Rockdale","county_norm":"ROCKDALE","prec_id":"BA","precinct_name":"Rockdale - BA","precinct_norm":"ROCKDALE - BA","precinct_full_name":"Barksdale","has_polygon":true},"geometry":{"type":"Point","coordinates":[-84.05815899667924,33.554901]}},{"type":"Feature","properties":{"id":"2024-13247-ST","county_nam":"Rockdale","county_norm":"ROCKDALE","prec_id":"ST","precinct_name":"Rockdale - ST","precinct_norm":"ROCKDALE - ST","precinct_full_name":"Stanton","has_polygon":true},"geometry":{"type":"Point","coordinates":[-84.0611687435443,33.601315]}},{"type":"Feature","properties":{"id":"2024-13247-HC","county_nam":"Rockdale","county_norm":"ROCKDALE","prec_id":"HC","precinct_name":"Rockdale - HC","precinct_norm":"ROCKDALE - HC","precinct_full_name":"Honey Creek","has_polygon":true},"geometry":{"type":"Point","coordinates":[-84.02897373714467,33.590965999999995]}},{"type":"Feature","properties":{"id":"2024-13247-SM","county_nam":"Rockdale","county_norm":"ROCKDALE","prec_id":"SM","precinct_name":"Rockdale - SM","precinct_norm":"ROCKDALE - SM","precinct_full_name":"Smyrna","has_polygon":true},"geometry":{"type":"Point","coordinates":[-84.06466704817487,33.6272295]}},{"type":"Feature","properties":{"id":"2024-13247-RO","county_nam":"Rockdale","county_norm":"ROCKDALE","prec_id":"RO","precinct_name":"Rockdale - RO","precinct_norm":"ROCKDALE - RO","precinct_full_name":"Rockdale","has_polygon":true},"geometry":{"type":"Point","coordinates":[-84.0632482159163,33.668268999999995]}},{"type":"Feature","properties":{"id":"2024-13247-CO","county_nam":"Rockdale","county_norm":"ROCKDALE","prec_id":"CO","precinct_name":"Rockdale - CO","precinct_norm":"ROCKDALE - CO","precinct_full_name":"Conyers","has_polygon":true},"geometry":{"type":"Point","coordinates":[-84.02395110598513,33.6749475]}},{"type":"Feature","properties":{"id":"2024-13089-MZ","county_nam":"Dekalb","county_norm":"DEKALB","prec_id":"MZ","precinct_name":"Dekalb - MZ","precinct_norm":"DEKALB - MZ","precinct_full_name":"Miller Grove High","has_polygon":true},"geometry":{"type":"Point","coordinates":[-84.13754112168644,33.7104545]}},{"type":"Feature","properties":{"id":"2024-13089-WD","county_nam":"Dekalb","county_norm":"DEKALB","prec_id":"WD","precinct_name":"Dekalb - WD","precinct_norm":"DEKALB - WD","precinct_full_name":"Woodrow Road","has_polygon":true},"geometry":{"type":"Point","coordinates":[-84.13300818290111,33.6894995]}},{"type":"Feature","properties":{"id":"2024-13089-LH","county_nam":"Dekalb","county_norm":"DEKALB","prec_id":"LH","precinct_name":"Dekalb - LH","precinct_norm":"DEKALB - LH","precinct_full_name":"Lithonia High","has_polygon":true},"geometry":{"type":"Point","coordinates":[-84.12954496859366,33.7207415]}},{"type":"Feature","properties":{"id":"2024-13089-RH","county_nam":"Dekalb","county_norm":"DEKALB","prec_id":"RH","precinct_name":"Dekalb - RH","precinct_norm":"DEKALB - RH","precinct_full_name":"Redan-Trotti Library","has_polygon":true},"geometry":{"type":"Point","coordinates":[-84.12879977249622,33.7366365]}},{"type":"Feature","properties":{"id":"2024-13089-LD","county_nam":"Dekalb","county_norm":"DEKALB","prec_id":"LD","precinct_name":"Dekalb - LD","precinct_norm":"DEKALB - LD","precinct_full_name":"Lithonia (Lit)","has_polygon":true},"geometry":{"type":"Point","coordinates":[-84.1057693506859,33.711371]}},{"type":"Feature","properties":{"id":"2024-13169-11","county_nam":"Jones","county_norm":"JONES","prec_id":"11","precinct_name":"Jones - 11","precinct_norm":"JONES - 11","precinct_full_name":"Ethridge","has_polygon":true},"geometry":{"type":"Point","coordinates":[-83.53687708731277,33.002268]}},{"type":"Feature","properties":{"id":"2024-13289-DB","county_nam":"Twiggs","county_norm":"TWIGGS","prec_id":"DB","precinct_name":"Twiggs - DB","precinct_norm":"TWIGGS - DB","precinct_full_name":"Dry Branch","has_polygon":true},"geometry":{"type":"Point","coordinates":[-83.43084918011732,32.821436500000004]}},{"type":"Feature","properties":{"id":"2024-13169-4","county_nam":"Jones","county_norm":"JONES","prec_id":"4","precinct_name":"Jones - 4","precinct_norm":"JONES - 4","precinct_full_name":"Davidson","has_polygon":true},"geometry":{"type":"Point","coordinates":[-83.43935808177375,32.94162]}},{"type":"Feature","properties":{"id":"2024-13207-7","county_nam":"Monroe","county_norm":"MONROE","prec_id":"7","precinct_name":"Monroe - 7","precinct_norm":"MONROE - 7","precinct_full_name":"Dillards","has_polygon":true},"geometry":{"type":"Point","coordinates":[-83.89010245132744,33.063475499999996]}},{"type":"Feature","properties":{"id":"2024-13207-4","county_nam":"Monroe","county_norm":"MONROE","prec_id":"4","precinct_name":"Monroe - 4","precinct_norm":"MONROE - 4","precinct_full_name":"Cabaniss","has_polygon":true},"geometry":{"type":"Point","coordinates":[-83.87640580951287,33.1577635]}},{"type":"Feature","properties":{"id":"2024-13207-12","county_nam":"Monroe","county_norm":"MONROE","prec_id":"12","precinct_name":"Monroe - 12","precinct_norm":"MONROE - 12","precinct_full_name":"Middlebrooks","has_polygon":true},"geometry":{"type":"Point","coordinates":[-83.8030005602368,33.062649]}},{"type":"Feature","properties":{"id":"2024-13169-8","county_nam":"Jones","county_norm":"JONES","prec_id":"8","precinct_name":"Jones - 8","precinct_norm":"JONES - 8","precinct_full_name":"Sanders","has_polygon":true},"geometry":{"type":"Point","coordinates":[-83.74871912500001,33.084916]}},{"type":"Feature","properties":{"id":"2024-13159-295","county_nam":"Jasper","county_norm":"JASPER","prec_id":"295","precinct_name":"Jasper - 295","precinct_norm":"JASPER - 295","precinct_full_name":"Monticello","has_polygon":true},"geometry":{"type":"Point","coordinates":[-83.68741992584725,33.273926]}},{"type":"Feature","properties":{"id":"2024-13159-296","county_nam":"Jasper","county_norm":"JASPER","prec_id":"296","precinct_name":"Jasper - 296","precinct_norm":"JASPER - 296","precinct_full_name":"Martin & Burney","has_polygon":true},"geometry":{"type":"Point","coordinates":[-83.81021738794597,33.386918]}},{"type":"Feature","properties":{"id":"2024-13217-06BRW","county_nam":"Newton","county_norm":"NEWTON","prec_id":"06BRW","precinct_name":"Newton - 06BRW","precinct_norm":"NEWTON - 06BRW","precinct_full_name":"Brewers","has_polygon":true},"geometry":{"type":"Point","coordinates":[-83.87569975934306,33.41405]}},{"type":"Feature","properties":{"id":"2024-13217-14LEG","county_nam":"Newton","county_norm":"NEWTON","prec_id":"14LEG","precinct_name":"Newton - 14LEG","precinct_norm":"NEWTON - 14LEG","precinct_full_name":"Leguinn","has_polygon":true},"geometry":{"type":"Point","coordinates":[-83.84529547933148,33.506223000000006]}},{"type":"Feature","properties":{"id":"2024-13217-15MN","county_nam":"Newton","county_norm":"NEWTON","prec_id":"15MN","precinct_name":"Newton - 15MN","precinct_norm":"NEWTON - 15MN","precinct_full_name":"Mansfield","has_polygon":true},"geometry":{"type":"Point","coordinates":[-83.74288092228957,33.506391]}},{"type":"Feature","properties":{"id":"2024-13159-290","county_nam":"Jasper","county_norm":"JASPER","prec_id":"290","precinct_name":"Jasper - 290","precinct_norm":"JASPER - 290","precinct_full_name":"Wyatt","has_polygon":true},"geometry":{"type":"Point","coordinates":[-83.64208078530407,33.433989499999996]}},{"type":"Feature","properties":{"id":"2024-13169-6","county_nam":"Jones","county_norm":"JONES","prec_id":"6","precinct_name":"Jones - 6","precinct_norm":"JONES - 6","precinct_full_name":"Barron","has_polygon":true},"geometry":{"type":"Point","coordinates":[-83.616043032,33.076616]}},{"type":"Feature","properties":{"id":"2024-13169-5","county_nam":"Jones","county_norm":"JONES","prec_id":"5","precinct_name":"Jones - 5","precinct_norm":"JONES - 5","precinct_full_name":"Pope","has_polygon":true},"geometry":{"type":"Point","coordinates":[-83.45577218030667,33.0796455]}},{"type":"Feature","properties":{"id":"2024-13211-4","county_nam":"Morgan","county_norm":"MORGAN","prec_id":"4","precinct_name":"Morgan - 4","precinct_norm":"MORGAN - 4","precinct_full_name":"Division of Family and Children Services","has_polygon":true},"geometry":{"type":"Point","coordinates":[-83.52935546272366,33.5221205]}},{"type":"Feature","properties":{"id":"2024-13237-101","county_nam":"Putnam","county_norm":"PUTNAM","prec_id":"101","precinct_name":"Putnam - 101","precinct_norm":"PUTNAM - 101","precinct_full_name":"Putnam County Board Of Elections","has_polygon":true},"geometry":{"type":"Point","coordinates":[-83.46320488758968,33.3257675]}},{"type":"Feature","properties":{"id":"2024-13289-HV","county_nam":"Twiggs","county_norm":"TWIGGS","prec_id":"HV","precinct_name":"Twiggs - HV","precinct_norm":"TWIGGS - HV","precinct_full_name":"Higgsville","has_polygon":true},"geometry":{"type":"Point","coordinates":[-83.28513073121857,32.5981655]}},{"type":"Feature","properties":{"id":"2024-13289-JV-W","county_nam":"Twiggs","county_norm":"TWIGGS","prec_id":"JV-W","precinct_name":"Twiggs - JV-W","precinct_norm":"TWIGGS - JV-W","precinct_full_name":"Jeffersonville/Ware","has_polygon":true},"geometry":{"type":"Point","coordinates":[-83.36444362712973,32.7286905]}},{"type":"Feature","properties":{"id":"2024-13175-12","county_nam":"Laurens","county_norm":"LAURENS","prec_id":"12","precinct_name":"Laurens - 12","precinct_norm":"LAURENS - 12","precinct_full_name":"Dudley","has_polygon":true},"geometry":{"type":"Point","coordinates":[-83.1162807488391,32.532804999999996]}},{"type":"Feature","properties":{"id":"2024-13319-11","county_nam":"Wilkinson","county_norm":"WILKINSON","prec_id":"11","precinct_name":"Wilkinson - 11","precinct_norm":"WILKINSON - 11","precinct_full_name":"Turkey Creek","has_polygon":true},"geometry":{"type":"Point","coordinates":[-83.21427534336974,32.640496999999996]}},{"type":"Feature","properties":{"id":"2024-13319-4","county_nam":"Wilkinson","county_norm":"WILKINSON","prec_id":"4","precinct_name":"Wilkinson - 4","precinct_norm":"WILKINSON - 4","precinct_full_name":"High Hill","has_polygon":true},"geometry":{"type":"Point","coordinates":[-83.1901816997873,32.71858]}},{"type":"Feature","properties":{"id":"2024-13319-10","county_nam":"Wilkinson","county_norm":"WILKINSON","prec_id":"10","precinct_name":"Wilkinson - 10","precinct_norm":"WILKINSON - 10","precinct_full_name":"Ramah","has_polygon":true},"geometry":{"type":"Point","coordinates":[-83.31667951591527,32.882443499999994]}},{"type":"Feature","properties":{"id":"2024-13319-5","county_nam":"Wilkinson","county_norm":"WILKINSON","prec_id":"5","precinct_name":"Wilkinson - 5","precinct_norm":"WILKINSON - 5","precinct_full_name":"Irwinton","has_polygon":true},"geometry":{"type":"Point","coordinates":[-83.23402962167553,32.785734000000005]}},{"type":"Feature","properties":{"id":"2024-13009-322","county_nam":"Baldwin","county_norm":"BALDWIN","prec_id":"322","precinct_name":"Baldwin - 322","precinct_norm":"BALDWIN - 322","precinct_full_name":"Coopers","has_polygon":true},"geometry":{"type":"Point","coordinates":[-83.3087565795608,32.9790025]}},{"type":"Feature","properties":{"id":"2024-13319-6","county_nam":"Wilkinson","county_norm":"WILKINSON","prec_id":"6","precinct_name":"Wilkinson - 6","precinct_norm":"WILKINSON - 6","precinct_full_name":"Ivey","has_polygon":true},"geometry":{"type":"Point","coordinates":[-83.28060149257547,32.9240315]}},{"type":"Feature","properties":{"id":"2024-13319-8","county_nam":"Wilkinson","county_norm":"WILKINSON","prec_id":"8","precinct_name":"Wilkinson - 8","precinct_norm":"WILKINSON - 8","precinct_full_name":"Midway","has_polygon":true},"geometry":{"type":"Point","coordinates":[-83.20606247988081,32.847356]}},{"type":"Feature","properties":{"id":"2024-13009-1714","county_nam":"Baldwin","county_norm":"BALDWIN","prec_id":"1714","precinct_name":"Baldwin - 1714","precinct_norm":"BALDWIN - 1714","precinct_full_name":"Scottsboro","has_polygon":true},"geometry":{"type":"Point","coordinates":[-83.21417803444237,33.003537]}},{"type":"Feature","properties":{"id":"2024-13319-2","county_nam":"Wilkinson","county_norm":"WILKINSON","prec_id":"2","precinct_name":"Wilkinson - 2","precinct_norm":"WILKINSON - 2","precinct_full_name":"Bloodworth","has_polygon":true},"geometry":{"type":"Point","coordinates":[-83.14678008843853,32.929368499999995]}},{"type":"Feature","properties":{"id":"2024-13175-18","county_nam":"Laurens","county_norm":"LAURENS","prec_id":"18","precinct_name":"Laurens - 18","precinct_norm":"LAURENS - 18","precinct_full_name":"W T Adams Fire Station #18","has_polygon":true},"geometry":{"type":"Point","coordinates":[-83.02743653794695,32.6299365]}},{"type":"Feature","properties":{"id":"2024-13319-3","county_nam":"Wilkinson","county_norm":"WILKINSON","prec_id":"3","precinct_name":"Wilkinson - 3","precinct_norm":"WILKINSON - 3","precinct_full_name":"Griffin","has_polygon":true},"geometry":{"type":"Point","coordinates":[-83.10270940392448,32.671339]}},{"type":"Feature","properties":{"id":"2024-13175-5","county_nam":"Laurens","county_norm":"LAURENS","prec_id":"5","precinct_name":"Laurens - 5","precinct_norm":"LAURENS - 5","precinct_full_name":"Fire Department Station #5","has_polygon":true},"geometry":{"type":"Point","coordinates":[-82.98237603868714,32.565327499999995]}},{"type":"Feature","properties":{"id":"2024-13175-3","county_nam":"Laurens","county_norm":"LAURENS","prec_id":"3","precinct_name":"Laurens - 3","precinct_norm":"LAURENS - 3","precinct_full_name":"Fbc - Flc","has_polygon":true},"geometry":{"type":"Point","coordinates":[-82.9425215556609,32.5487355]}},{"type":"Feature","properties":{"id":"2024-13175-4","county_nam":"Laurens","county_norm":"LAURENS","prec_id":"4","precinct_name":"Laurens - 4","precinct_norm":"LAURENS - 4","precinct_full_name":"Calhoun Park","has_polygon":true},"geometry":{"type":"Point","coordinates":[-82.90438186636638,32.537496000000004]}},{"type":"Feature","properties":{"id":"2024-13175-7","county_nam":"Laurens","county_norm":"LAURENS","prec_id":"7","precinct_name":"Laurens - 7","precinct_norm":"LAURENS - 7","precinct_full_name":"Buckeye","has_polygon":true},"geometry":{"type":"Point","coordinates":[-82.86358772745345,32.6427045]}},{"type":"Feature","properties":{"id":"2024-13167-1301","county_nam":"Johnson","county_norm":"JOHNSON","prec_id":"1301","precinct_name":"Johnson - 1301","precinct_norm":"JOHNSON - 1301","precinct_full_name":"Bray","has_polygon":true},"geometry":{"type":"Point","coordinates":[-82.8542340859375,32.7481925]}},{"type":"Feature","properties":{"id":"2024-13319-7","county_nam":"Wilkinson","county_norm":"WILKINSON","prec_id":"7","precinct_name":"Wilkinson - 7","precinct_norm":"WILKINSON - 7","precinct_full_name":"Lord","has_polygon":true},"geometry":{"type":"Point","coordinates":[-83.0621633489045,32.8158195]}},{"type":"Feature","properties":{"id":"2024-13303-88","county_nam":"Washington","county_norm":"WASHINGTON","prec_id":"88","precinct_name":"Washington - 88","precinct_norm":"WASHINGTON - 88","precinct_full_name":"Oconee","has_polygon":true},"geometry":{"type":"Point","coordinates":[-82.94818240135629,32.868519]}},{"type":"Feature","properties":{"id":"2024-13009-319","county_nam":"Baldwin","county_norm":"BALDWIN","prec_id":"319","precinct_name":"Baldwin - 319","precinct_norm":"BALDWIN - 319","precinct_full_name":"West Baldwin","has_polygon":true},"geometry":{"type":"Point","coordinates":[-83.3556474988161,33.093454]}},{"type":"Feature","properties":{"id":"2024-13009-MERI","county_nam":"Baldwin","county_norm":"BALDWIN","prec_id":"MERI","precinct_name":"Baldwin - MERI","precinct_norm":"BALDWIN - MERI","precinct_full_name":"Meriwether","has_polygon":true},"geometry":{"type":"Point","coordinates":[-83.30443709923775,33.1449135]}},{"type":"Feature","properties":{"id":"2024-13009-321W","county_nam":"Baldwin","county_norm":"BALDWIN","prec_id":"321W","precinct_name":"Baldwin - 321W","precinct_norm":"BALDWIN - 321W","precinct_full_name":"West Hardwick","has_polygon":true},"geometry":{"type":"Point","coordinates":[-83.27019488810805,33.0382225]}},{"type":"Feature","properties":{"id":"2024-13009-CTY1","county_nam":"Baldwin","county_norm":"BALDWIN","prec_id":"CTY1","precinct_name":"Baldwin - CTY1","precinct_norm":"BALDWIN - CTY1","precinct_full_name":"South Milledgeville","has_polygon":true},"geometry":{"type":"Point","coordinates":[-83.28870231118725,33.093027000000006]}},{"type":"Feature","properties":{"id":"2024-13009-CTY4","county_nam":"Baldwin","county_norm":"BALDWIN","prec_id":"CTY4","precinct_name":"Baldwin - CTY4","precinct_norm":"BALDWIN - CTY4","precinct_full_name":"Courthouse","has_polygon":true},"geometry":{"type":"Point","coordinates":[-83.23655584146341,33.075534]}},{"type":"Feature","properties":{"id":"2024-13009-CTY5","county_nam":"Baldwin","county_norm":"BALDWIN","prec_id":"CTY5","precinct_name":"Baldwin - CTY5","precinct_norm":"BALDWIN - CTY5","precinct_full_name":"West Thomas","has_polygon":true},"geometry":{"type":"Point","coordinates":[-83.23809008389213,33.095504]}},{"type":"Feature","properties":{"id":"2024-13009-318","county_nam":"Baldwin","county_norm":"BALDWIN","prec_id":"318","precinct_name":"Baldwin - 318","precinct_norm":"BALDWIN - 318","precinct_full_name":"North Baldwin","has_polygon":true},"geometry":{"type":"Point","coordinates":[-83.23923126878613,33.151465]}},{"type":"Feature","properties":{"id":"2024-13237-107","county_nam":"Putnam","county_norm":"PUTNAM","prec_id":"107","precinct_name":"Putnam - 107","precinct_norm":"PUTNAM - 107","precinct_full_name":"Lakeside Baptist Church","has_polygon":true},"geometry":{"type":"Point","coordinates":[-83.3444447656567,33.232447500000006]}},{"type":"Feature","properties":{"id":"2024-13009-CTY2","county_nam":"Baldwin","county_norm":"BALDWIN","prec_id":"CTY2","precinct_name":"Baldwin - CTY2","precinct_norm":"BALDWIN - CTY2","precinct_full_name":"City Hall Annex","has_polygon":true},"geometry":{"type":"Point","coordinates":[-83.21993220720498,33.0539015]}},{"type":"Feature","properties":{"id":"2024-13009-321E","county_nam":"Baldwin","county_norm":"BALDWIN","prec_id":"321E","precinct_name":"Baldwin - 321E","precinct_norm":"BALDWIN - 321E","precinct_full_name":"East Hardwick","has_polygon":true},"geometry":{"type":"Point","coordinates":[-83.20631204665929,33.0546585]}},{"type":"Feature","properties":{"id":"2024-13009-CTY3","county_nam":"Baldwin","county_norm":"BALDWIN","prec_id":"CTY3","precinct_name":"Baldwin - CTY3","precinct_norm":"BALDWIN - CTY3","precinct_full_name":"Boddie","has_polygon":true},"geometry":{"type":"Point","coordinates":[-83.22019942675365,33.104819]}},{"type":"Feature","properties":{"id":"2024-13009-CTY6","county_nam":"Baldwin","county_norm":"BALDWIN","prec_id":"CTY6","precinct_name":"Baldwin - CTY6","precinct_norm":"BALDWIN - CTY6","precinct_full_name":"North Milledgeville","has_polygon":true},"geometry":{"type":"Point","coordinates":[-83.21580518274376,33.1323695]}},{"type":"Feature","properties":{"id":"2024-13009-MONT","county_nam":"Baldwin","county_norm":"BALDWIN","prec_id":"MONT","precinct_name":"Baldwin - MONT","precinct_norm":"BALDWIN - MONT","precinct_full_name":"East Baldwin","has_polygon":true},"geometry":{"type":"Point","coordinates":[-83.15307399705577,33.067378500000004]}},{"type":"Feature","properties":{"id":"2024-13141-1A","county_nam":"Hancock","county_norm":"HANCOCK","prec_id":"1A","precinct_name":"Hancock - 1A","precinct_norm":"HANCOCK - 1A","precinct_full_name":"Devereux Fire Station","has_polygon":true},"geometry":{"type":"Point","coordinates":[-83.16635781761994,33.2232805]}},{"type":"Feature","properties":{"id":"2024-13141-3C","county_nam":"Hancock","county_norm":"HANCOCK","prec_id":"3C","precinct_name":"Hancock - 3C","precinct_norm":"HANCOCK - 3C","precinct_full_name":"Warren Chapel","has_polygon":true},"geometry":{"type":"Point","coordinates":[-83.11764292786816,33.289184]}},{"type":"Feature","properties":{"id":"2024-13237-104","county_nam":"Putnam","county_norm":"PUTNAM","prec_id":"104","precinct_name":"Putnam - 104","precinct_norm":"PUTNAM - 104","precinct_full_name":"Waterworks Building","has_polygon":true},"geometry":{"type":"Point","coordinates":[-83.32100051788532,33.349425]}},{"type":"Feature","properties":{"id":"2024-13237-105","county_nam":"Putnam","county_norm":"PUTNAM","prec_id":"105","precinct_name":"Putnam - 105","precinct_norm":"PUTNAM - 105","precinct_full_name":"Lake Oconee Lutheran Church","has_polygon":true},"geometry":{"type":"Point","coordinates":[-83.26508639251338,33.408879999999996]}},{"type":"Feature","properties":{"id":"2024-13237-106","county_nam":"Putnam","county_norm":"PUTNAM","prec_id":"106","precinct_name":"Putnam - 106","precinct_norm":"PUTNAM - 106","precinct_full_name":"Crooked Creek","has_polygon":true},"geometry":{"type":"Point","coordinates":[-83.21582666071916,33.2952325]}},{"type":"Feature","properties":{"id":"2024-13133-8","county_nam":"Greene","county_norm":"GREENE","prec_id":"8","precinct_name":"Greene - 8","precinct_norm":"GREENE - 8","precinct_full_name":"Old Salem","has_polygon":true},"geometry":{"type":"Point","coordinates":[-83.17213132539682,33.452208999999996]}},{"type":"Feature","properties":{"id":"2024-13303-99","county_nam":"Washington","county_norm":"WASHINGTON","prec_id":"99","precinct_name":"Washington - 99","precinct_norm":"WASHINGTON - 99","precinct_full_name":"Deepstep","has_polygon":true},"geometry":{"type":"Point","coordinates":[-82.9662964933155,33.043926]}},{"type":"Feature","properties":{"id":"2024-13141-4B","county_nam":"Hancock","county_norm":"HANCOCK","prec_id":"4B","precinct_name":"Hancock - 4B","precinct_norm":"HANCOCK - 4B","precinct_full_name":"Second Darrien","has_polygon":true},"geometry":{"type":"Point","coordinates":[-83.01475390252114,33.121260500000005]}},{"type":"Feature","properties":{"id":"2024-13141-2B","county_nam":"Hancock","county_norm":"HANCOCK","prec_id":"2B","precinct_name":"Hancock - 2B","precinct_norm":"HANCOCK - 2B","precinct_full_name":"Second Beulah","has_polygon":true},"geometry":{"type":"Point","coordinates":[-83.03292949019144,33.206294]}},{"type":"Feature","properties":{"id":"2024-13141-1B","county_nam":"Hancock","county_norm":"HANCOCK","prec_id":"1B","precinct_name":"Hancock - 1B","precinct_norm":"HANCOCK - 1B","precinct_full_name":"St. Mark","has_polygon":true},"geometry":{"type":"Point","coordinates":[-83.02620876484988,33.2762865]}},{"type":"Feature","properties":{"id":"2024-13141-4A","county_nam":"Hancock","county_norm":"HANCOCK","prec_id":"4A","precinct_name":"Hancock - 4A","precinct_norm":"HANCOCK - 4A","precinct_full_name":"Youth Center","has_polygon":true},"geometry":{"type":"Point","coordinates":[-82.91735824634146,33.230715000000004]}},{"type":"Feature","properties":{"id":"2024-13141-3B","county_nam":"Hancock","county_norm":"HANCOCK","prec_id":"3B","precinct_name":"Hancock - 3B","precinct_norm":"HANCOCK - 3B","precinct_full_name":"Power Of God","has_polygon":true},"geometry":{"type":"Point","coordinates":[-83.06087754047218,33.374038999999996]}},{"type":"Feature","properties":{"id":"2024-13133-6","county_nam":"Greene","county_norm":"GREENE","prec_id":"6","precinct_name":"Greene - 6","precinct_norm":"GREENE - 6","precinct_full_name":"White Plains","has_polygon":true},"geometry":{"type":"Point","coordinates":[-83.0507940807449,33.4738215]}},{"type":"Feature","properties":{"id":"2024-13133-5","county_nam":"Greene","county_norm":"GREENE","prec_id":"5","precinct_name":"Greene - 5","precinct_norm":"GREENE - 5","precinct_full_name":"Siloam","has_polygon":true},"geometry":{"type":"Point","coordinates":[-83.07232079613297,33.5444155]}},{"type":"Feature","properties":{"id":"2024-13141-2A","county_nam":"Hancock","county_norm":"HANCOCK","prec_id":"2A","precinct_name":"Hancock - 2A","precinct_norm":"HANCOCK - 2A","precinct_full_name":"Courthouse","has_polygon":true},"geometry":{"type":"Point","coordinates":[-82.89712718794864,33.311869]}},{"type":"Feature","properties":{"id":"2024-13141-3A","county_nam":"Hancock","county_norm":"HANCOCK","prec_id":"3A","precinct_name":"Hancock - 3A","precinct_norm":"HANCOCK - 3A","precinct_full_name":"Mayfield Community Center","has_polygon":true},"geometry":{"type":"Point","coordinates":[-82.90380910414336,33.3943515]}},{"type":"Feature","properties":{"id":"2024-13069-6","county_nam":"Coffee","county_norm":"COFFEE","prec_id":"6","precinct_name":"Coffee - 6","precinct_norm":"COFFEE - 6","precinct_full_name":"West Green","has_polygon":true},"geometry":{"type":"Point","coordinates":[-82.71492966490416,31.6137115]}},{"type":"Feature","properties":{"id":"2024-13069-5","county_nam":"Coffee","county_norm":"COFFEE","prec_id":"5","precinct_name":"Coffee - 5","precinct_norm":"COFFEE - 5","precinct_full_name":"Nicholls","has_polygon":true},"geometry":{"type":"Point","coordinates":[-82.68244735498047,31.473874000000002]}},{"type":"Feature","properties":{"id":"2024-13161-402","county_nam":"Jeff Davis","county_norm":"JEFF DAVIS","prec_id":"402","precinct_name":"Jeff Davis - 402","precinct_norm":"JEFF DAVIS - 402","precinct_full_name":"Whitehead 2","has_polygon":true},"geometry":{"type":"Point","coordinates":[-82.7299556657622,31.742913]}},{"type":"Feature","properties":{"id":"2024-13161-502","county_nam":"Jeff Davis","county_norm":"JEFF DAVIS","prec_id":"502","precinct_name":"Jeff Davis - 502","precinct_norm":"JEFF DAVIS - 502","precinct_full_name":"Ocmulgee 2","has_polygon":true},"geometry":{"type":"Point","coordinates":[-82.74104246495548,31.824143499999998]}},{"type":"Feature","properties":{"id":"2024-13271-LU","county_nam":"Telfair","county_norm":"TELFAIR","prec_id":"LU","precinct_name":"Telfair - LU","precinct_norm":"TELFAIR - LU","precinct_full_name":"Lumber-City","has_polygon":true},"geometry":{"type":"Point","coordinates":[-82.77327278742416,31.925307]}},{"type":"Feature","properties":{"id":"2024-13161-302","county_nam":"Jeff Davis","county_norm":"JEFF DAVIS","prec_id":"302","precinct_name":"Jeff Davis - 302","precinct_norm":"JEFF DAVIS - 302","precinct_full_name":"Blackburn 2","has_polygon":true},"geometry":{"type":"Point","coordinates":[-82.58694657047269,31.740978]}},{"type":"Feature","properties":{"id":"2024-13161-401","county_nam":"Jeff Davis","county_norm":"JEFF DAVIS","prec_id":"401","precinct_name":"Jeff Davis - 401","precinct_norm":"JEFF DAVIS - 401","precinct_full_name":"Whitehead 1","has_polygon":true},"geometry":{"type":"Point","coordinates":[-82.64639957527186,31.8236]}},{"type":"Feature","properties":{"id":"2024-13161-501","county_nam":"Jeff Davis","county_norm":"JEFF DAVIS","prec_id":"501","precinct_name":"Jeff Davis - 501","precinct_norm":"JEFF DAVIS - 501","precinct_full_name":"Ocmulgee 1","has_polygon":true},"geometry":{"type":"Point","coordinates":[-82.65843202033439,31.891017]}},{"type":"Feature","properties":{"id":"2024-13005-DOUGL","county_nam":"Bacon","county_norm":"BACON","prec_id":"DOUGL","precinct_name":"Bacon - DOUGL","precinct_norm":"BACON - DOUGL","precinct_full_name":"Douglas","has_polygon":true},"geometry":{"type":"Point","coordinates":[-82.44601374884527,31.564218]}},{"type":"Feature","properties":{"id":"2024-13001-4D","county_nam":"Appling","county_norm":"APPLING","prec_id":"4D","precinct_name":"Appling - 4D","precinct_norm":"APPLING - 4D","precinct_full_name":"4D","has_polygon":true},"geometry":{"type":"Point","coordinates":[-82.33746041547606,31.6761615]}},{"type":"Feature","properties":{"id":"2024-13161-301","county_nam":"Jeff Davis","county_norm":"JEFF DAVIS","prec_id":"301","precinct_name":"Jeff Davis - 301","precinct_norm":"JEFF DAVIS - 301","precinct_full_name":"Blackburn 1","has_polygon":true},"geometry":{"type":"Point","coordinates":[-82.5681420531964,31.825992]}},{"type":"Feature","properties":{"id":"2024-13001-5B","county_nam":"Appling","county_norm":"APPLING","prec_id":"5B","precinct_name":"Appling - 5B","precinct_norm":"APPLING - 5B","precinct_full_name":"5B","has_polygon":true},"geometry":{"type":"Point","coordinates":[-82.50812753346182,31.747678]}},{"type":"Feature","properties":{"id":"2024-13161-201","county_nam":"Jeff Davis","county_norm":"JEFF DAVIS","prec_id":"201","precinct_name":"Jeff Davis - 201","precinct_norm":"JEFF DAVIS - 201","precinct_full_name":"Altamaha 1","has_polygon":true},"geometry":{"type":"Point","coordinates":[-82.56788448828203,31.8757955]}},{"type":"Feature","properties":{"id":"2024-13161-100","county_nam":"Jeff Davis","county_norm":"JEFF DAVIS","prec_id":"100","precinct_name":"Jeff Davis - 100","precinct_norm":"JEFF DAVIS - 100","precinct_full_name":"Hazlehurst","has_polygon":true},"geometry":{"type":"Point","coordinates":[-82.58069290686959,31.905515]}},{"type":"Feature","properties":{"id":"2024-13161-202","county_nam":"Jeff Davis","county_norm":"JEFF DAVIS","prec_id":"202","precinct_name":"Jeff Davis - 202","precinct_norm":"JEFF DAVIS - 202","precinct_full_name":"Altamaha 2","has_polygon":true},"geometry":{"type":"Point","coordinates":[-82.49287748183735,31.905324999999998]}},{"type":"Feature","properties":{"id":"2024-13001-5A","county_nam":"Appling","county_norm":"APPLING","prec_id":"5A","precinct_name":"Appling - 5A","precinct_norm":"APPLING - 5A","precinct_full_name":"5A","has_polygon":true},"geometry":{"type":"Point","coordinates":[-82.40964683018034,31.758615]}},{"type":"Feature","properties":{"id":"2024-13001-1C","county_nam":"Appling","county_norm":"APPLING","prec_id":"1C","precinct_name":"Appling - 1C","precinct_norm":"APPLING - 1C","precinct_full_name":"1C","has_polygon":true},"geometry":{"type":"Point","coordinates":[-82.38032404321648,31.8268675]}},{"type":"Feature","properties":{"id":"2024-13001-1B","county_nam":"Appling","county_norm":"APPLING","prec_id":"1B","precinct_name":"Appling - 1B","precinct_norm":"APPLING - 1B","precinct_full_name":"1B","has_polygon":true},"geometry":{"type":"Point","coordinates":[-82.35285584954423,31.89853]}},{"type":"Feature","properties":{"id":"2024-13271-SC","county_nam":"Telfair","county_norm":"TELFAIR","prec_id":"SC","precinct_name":"Telfair - SC","precinct_norm":"TELFAIR - SC","precinct_full_name":"Scotland","has_polygon":true},"geometry":{"type":"Point","coordinates":[-82.80997606935654,32.0103125]}},{"type":"Feature","properties":{"id":"2024-13309-1","county_nam":"Wheeler","county_norm":"WHEELER","prec_id":"1","precinct_name":"Wheeler - 1","precinct_norm":"WHEELER - 1","precinct_full_name":"Alamo","has_polygon":true},"geometry":{"type":"Point","coordinates":[-82.80648149328714,32.093421000000006]}},{"type":"Feature","properties":{"id":"2024-13309-2","county_nam":"Wheeler","county_norm":"WHEELER","prec_id":"2","precinct_name":"Wheeler - 2","precinct_norm":"WHEELER - 2","precinct_full_name":"Glenwood","has_polygon":true},"geometry":{"type":"Point","coordinates":[-82.67615670031574,32.18263]}},{"type":"Feature","properties":{"id":"2024-13209-1","county_nam":"Montgomery","county_norm":"MONTGOMERY","prec_id":"1","precinct_name":"Montgomery - 1","precinct_norm":"MONTGOMERY - 1","precinct_full_name":"Mount Vernon Precinct","has_polygon":true},"geometry":{"type":"Point","coordinates":[-82.56683325578034,32.203697000000005]}},{"type":"Feature","properties":{"id":"2024-13175-15","county_nam":"Laurens","county_norm":"LAURENS","prec_id":"15","precinct_name":"Laurens - 15","precinct_norm":"LAURENS - 15","precinct_full_name":"Minter","has_polygon":true},"geometry":{"type":"Point","coordinates":[-82.7612886111743,32.446124]}},{"type":"Feature","properties":{"id":"2024-13283-SOPE","county_nam":"Treutlen","county_norm":"TREUTLEN","prec_id":"SOPE","precinct_name":"Treutlen - SOPE","precinct_norm":"TREUTLEN - SOPE","precinct_full_name":"Soperton","has_polygon":true},"geometry":{"type":"Point","coordinates":[-82.57099109594151,32.367102]}},{"type":"Feature","properties":{"id":"2024-13209-3","county_nam":"Montgomery","county_norm":"MONTGOMERY","prec_id":"3","precinct_name":"Montgomery - 3","precinct_norm":"MONTGOMERY - 3","precinct_full_name":"Uvalda Precinct","has_polygon":true},"geometry":{"type":"Point","coordinates":[-82.53976026979862,32.053292]}},{"type":"Feature","properties":{"id":"2024-13279-43","county_nam":"Toombs","county_norm":"TOOMBS","prec_id":"43","precinct_name":"Toombs - 43","precinct_norm":"TOOMBS - 43","precinct_full_name":"Cedar Crossing","has_polygon":true},"geometry":{"type":"Point","coordinates":[-82.40971097579887,32.030621]}},{"type":"Feature","properties":{"id":"2024-13279-513","county_nam":"Toombs","county_norm":"TOOMBS","prec_id":"513","precinct_name":"Toombs - 513","precinct_norm":"TOOMBS - 513","precinct_full_name":"V.P.D.","has_polygon":true},"geometry":{"type":"Point","coordinates":[-82.3955892992102,32.1590195]}},{"type":"Feature","properties":{"id":"2024-13209-2","county_nam":"Montgomery","county_norm":"MONTGOMERY","prec_id":"2","precinct_name":"Montgomery - 2","precinct_norm":"MONTGOMERY - 2","precinct_full_name":"Higgston Precinct","has_polygon":true},"geometry":{"type":"Point","coordinates":[-82.480911828096,32.2482975]}},{"type":"Feature","properties":{"id":"2024-13283-ANNEX","county_nam":"Treutlen","county_norm":"TREUTLEN","prec_id":"ANNEX","precinct_name":"Treutlen - ANNEX","precinct_norm":"TREUTLEN - ANNEX","precinct_full_name":"Annex","has_polygon":true},"geometry":{"type":"Point","coordinates":[-82.48415698823241,32.402985]}},{"type":"Feature","properties":{"id":"2024-13279-514","county_nam":"Toombs","county_norm":"TOOMBS","prec_id":"514","precinct_name":"Toombs - 514","precinct_norm":"TOOMBS - 514","precinct_full_name":"S.T.I.A.L.C.","has_polygon":true},"geometry":{"type":"Point","coordinates":[-82.37269486970001,32.278645499999996]}},{"type":"Feature","properties":{"id":"2024-13107-50","county_nam":"Emanuel","county_norm":"EMANUEL","prec_id":"50","precinct_name":"Emanuel - 50","precinct_norm":"EMANUEL - 50","precinct_full_name":"Oak Park","has_polygon":true},"geometry":{"type":"Point","coordinates":[-82.34438545731626,32.366240000000005]}},{"type":"Feature","properties":{"id":"2024-13107-1502","county_nam":"Emanuel","county_norm":"EMANUEL","prec_id":"1502","precinct_name":"Emanuel - 1502","precinct_norm":"EMANUEL - 1502","precinct_full_name":"Nunez","has_polygon":true},"geometry":{"type":"Point","coordinates":[-82.35629914934196,32.467604]}},{"type":"Feature","properties":{"id":"2024-13229-4B","county_nam":"Pierce","county_norm":"PIERCE","prec_id":"4B","precinct_name":"Pierce - 4B","precinct_norm":"PIERCE - 4B","precinct_full_name":"Mershon","has_polygon":true},"geometry":{"type":"Point","coordinates":[-82.26354457610924,31.459352000000003]}},{"type":"Feature","properties":{"id":"2024-13001-4B","county_nam":"Appling","county_norm":"APPLING","prec_id":"4B","precinct_name":"Appling - 4B","precinct_norm":"APPLING - 4B","precinct_full_name":"4B","has_polygon":true},"geometry":{"type":"Point","coordinates":[-82.20954944705882,31.578820999999998]}},{"type":"Feature","properties":{"id":"2024-13001-3C","county_nam":"Appling","county_norm":"APPLING","prec_id":"3C","precinct_name":"Appling - 3C","precinct_norm":"APPLING - 3C","precinct_full_name":"3C","has_polygon":true},"geometry":{"type":"Point","coordinates":[-82.21280717582869,31.720475999999998]}},{"type":"Feature","properties":{"id":"2024-13305-1A","county_nam":"Wayne","county_norm":"WAYNE","prec_id":"1A","precinct_name":"Wayne - 1A","precinct_norm":"WAYNE - 1A","precinct_full_name":"Odum","has_polygon":true},"geometry":{"type":"Point","coordinates":[-82.06527760850693,31.692607000000002]}},{"type":"Feature","properties":{"id":"2024-13001-2","county_nam":"Appling","county_norm":"APPLING","prec_id":"2","precinct_name":"Appling - 2","precinct_norm":"APPLING - 2","precinct_full_name":"2","has_polygon":true},"geometry":{"type":"Point","coordinates":[-82.2881025142648,31.7983835]}},{"type":"Feature","properties":{"id":"2024-13001-3A1","county_nam":"Appling","county_norm":"APPLING","prec_id":"3A1","precinct_name":"Appling - 3A1","precinct_norm":"APPLING - 3A1","precinct_full_name":"3A1","has_polygon":true},"geometry":{"type":"Point","coordinates":[-82.17410510528649,31.8504505]}},{"type":"Feature","properties":{"id":"2024-13267-9","county_nam":"Tattnall","county_norm":"TATTNALL","prec_id":"9","precinct_name":"Tattnall - 9","precinct_norm":"TATTNALL - 9","precinct_full_name":"District V","has_polygon":true},"geometry":{"type":"Point","coordinates":[-82.03556730594369,31.902199500000002]}},{"type":"Feature","properties":{"id":"2024-13305-2A","county_nam":"Wayne","county_norm":"WAYNE","prec_id":"2A","precinct_name":"Wayne - 2A","precinct_norm":"WAYNE - 2A","precinct_full_name":"Screven","has_polygon":true},"geometry":{"type":"Point","coordinates":[-82.02442303631264,31.491067]}},{"type":"Feature","properties":{"id":"2024-13305-2C","county_nam":"Wayne","county_norm":"WAYNE","prec_id":"2C","precinct_name":"Wayne - 2C","precinct_norm":"WAYNE - 2C","precinct_full_name":"Empire","has_polygon":true},"geometry":{"type":"Point","coordinates":[-82.05364692474095,31.6160415]}},{"type":"Feature","properties":{"id":"2024-13305-2D","county_nam":"Wayne","county_norm":"WAYNE","prec_id":"2D","precinct_name":"Wayne - 2D","precinct_norm":"WAYNE - 2D","precinct_full_name":"Red Hill","has_polygon":true},"geometry":{"type":"Point","coordinates":[-81.96279827852658,31.631748]}},{"type":"Feature","properties":{"id":"2024-13305-1C","county_nam":"Wayne","county_norm":"WAYNE","prec_id":"1C","precinct_name":"Wayne - 1C","precinct_norm":"WAYNE - 1C","precinct_full_name":"Oglethorpe","has_polygon":true},"geometry":{"type":"Point","coordinates":[-81.94149836029412,31.68297]}},{"type":"Feature","properties":{"id":"2024-13305-5B","county_nam":"Wayne","county_norm":"WAYNE","prec_id":"5B","precinct_name":"Wayne - 5B","precinct_norm":"WAYNE - 5B","precinct_full_name":"Recreation Center","has_polygon":true},"geometry":{"type":"Point","coordinates":[-81.87829891462441,31.539462]}},{"type":"Feature","properties":{"id":"2024-13305-4B","county_nam":"Wayne","county_norm":"WAYNE","prec_id":"4B","precinct_name":"Wayne - 4B","precinct_norm":"WAYNE - 4B","precinct_full_name":"Pine Street","has_polygon":true},"geometry":{"type":"Point","coordinates":[-81.85787925257691,31.582379500000002]}},{"type":"Feature","properties":{"id":"2024-13305-5A","county_nam":"Wayne","county_norm":"WAYNE","prec_id":"5A","precinct_name":"Wayne - 5A","precinct_norm":"WAYNE - 5A","precinct_full_name":"Unity","has_polygon":true},"geometry":{"type":"Point","coordinates":[-81.93169918833476,31.606535]}},{"type":"Feature","properties":{"id":"2024-13305-4A","county_nam":"Wayne","county_norm":"WAYNE","prec_id":"4A","precinct_name":"Wayne - 4A","precinct_norm":"WAYNE - 4A","precinct_full_name":"Vfw","has_polygon":true},"geometry":{"type":"Point","coordinates":[-81.88318567910585,31.618032499999998]}},{"type":"Feature","properties":{"id":"2024-13305-3A","county_nam":"Wayne","county_norm":"WAYNE","prec_id":"3A","precinct_name":"Wayne - 3A","precinct_norm":"WAYNE - 3A","precinct_full_name":"Altamaha","has_polygon":true},"geometry":{"type":"Point","coordinates":[-81.81793922950041,31.6258205]}},{"type":"Feature","properties":{"id":"2024-13305-1B","county_nam":"Wayne","county_norm":"WAYNE","prec_id":"1B","precinct_name":"Wayne - 1B","precinct_norm":"WAYNE - 1B","precinct_full_name":"Madray Springs","has_polygon":true},"geometry":{"type":"Point","coordinates":[-81.9990655966781,31.75727]}},{"type":"Feature","properties":{"id":"2024-13183-6","county_nam":"Long","county_norm":"LONG","prec_id":"6","precinct_name":"Long - 6","precinct_norm":"LONG - 6","precinct_full_name":"Alma Flournoy","has_polygon":true},"geometry":{"type":"Point","coordinates":[-81.87668809610003,31.759302499999997]}},{"type":"Feature","properties":{"id":"2024-13183-1","county_nam":"Long","county_norm":"LONG","prec_id":"1","precinct_name":"Long - 1","precinct_norm":"LONG - 1","precinct_full_name":"Beards Creek","has_polygon":true},"geometry":{"type":"Point","coordinates":[-81.81771737845936,31.9162615]}},{"type":"Feature","properties":{"id":"2024-13279-39","county_nam":"Toombs","county_norm":"TOOMBS","prec_id":"39","precinct_name":"Toombs - 39","precinct_norm":"TOOMBS - 39","precinct_full_name":"Newbranch","has_polygon":true},"geometry":{"type":"Point","coordinates":[-82.27825900065541,32.030621]}},{"type":"Feature","properties":{"id":"2024-13279-15361","county_nam":"Toombs","county_norm":"TOOMBS","prec_id":"15361","precinct_name":"Toombs - 15361","precinct_norm":"TOOMBS - 15361","precinct_full_name":"15361 Lyons","has_polygon":true},"geometry":{"type":"Point","coordinates":[-82.27314956161473,32.220072]}},{"type":"Feature","properties":{"id":"2024-13267-10","county_nam":"Tattnall","county_norm":"TATTNALL","prec_id":"10","precinct_name":"Tattnall - 10","precinct_norm":"TATTNALL - 10","precinct_full_name":"Shiloh","has_polygon":true},"geometry":{"type":"Point","coordinates":[-82.14770267166165,32.0159035]}},{"type":"Feature","properties":{"id":"2024-13267-5","county_nam":"Tattnall","county_norm":"TATTNALL","prec_id":"5","precinct_name":"Tattnall - 5","precinct_norm":"TATTNALL - 5","precinct_full_name":"District Ii","has_polygon":true},"geometry":{"type":"Point","coordinates":[-82.06208570850622,32.115451]}},{"type":"Feature","properties":{"id":"2024-13267-3","county_nam":"Tattnall","county_norm":"TATTNALL","prec_id":"3","precinct_name":"Tattnall - 3","precinct_norm":"TATTNALL - 3","precinct_full_name":"Collins","has_polygon":true},"geometry":{"type":"Point","coordinates":[-82.11741082108654,32.1951265]}},{"type":"Feature","properties":{"id":"2024-13107-58","county_nam":"Emanuel","county_norm":"EMANUEL","prec_id":"58","precinct_name":"Emanuel - 58","precinct_norm":"EMANUEL - 58","precinct_full_name":"Stillmore","has_polygon":true},"geometry":{"type":"Point","coordinates":[-82.24524352471695,32.4277205]}},{"type":"Feature","properties":{"id":"2024-13267-1","county_nam":"Tattnall","county_norm":"TATTNALL","prec_id":"1","precinct_name":"Tattnall - 1","precinct_norm":"TATTNALL - 1","precinct_full_name":"Cobbtown","has_polygon":true},"geometry":{"type":"Point","coordinates":[-82.13194157808545,32.2685465]}},{"type":"Feature","properties":{"id":"2024-13043-CAND","county_nam":"Candler","county_norm":"CANDLER","prec_id":"CAND","precinct_name":"Candler - CAND","precinct_norm":"CANDLER - CAND","precinct_full_name":"Jack Strickland Community Center","has_polygon":true},"geometry":{"type":"Point","coordinates":[-82.06136659417939,32.4128325]}},{"type":"Feature","properties":{"id":"2024-13267-8","county_nam":"Tattnall","county_norm":"TATTNALL","prec_id":"8","precinct_name":"Tattnall - 8","precinct_norm":"TATTNALL - 8","precinct_full_name":"District Iv","has_polygon":true},"geometry":{"type":"Point","coordinates":[-82.00052349523092,31.9998785]}},{"type":"Feature","properties":{"id":"2024-13267-4","county_nam":"Tattnall","county_norm":"TATTNALL","prec_id":"4","precinct_name":"Tattnall - 4","precinct_norm":"TATTNALL - 4","precinct_full_name":"Manassas","has_polygon":true},"geometry":{"type":"Point","coordinates":[-82.03030312045271,32.186903]}},{"type":"Feature","properties":{"id":"2024-13267-7","county_nam":"Tattnall","county_norm":"TATTNALL","prec_id":"7","precinct_name":"Tattnall - 7","precinct_norm":"TATTNALL - 7","precinct_full_name":"East Glennville","has_polygon":true},"geometry":{"type":"Point","coordinates":[-81.90472527959481,31.9544115]}},{"type":"Feature","properties":{"id":"2024-13109-11","county_nam":"Evans","county_norm":"EVANS","prec_id":"11","precinct_name":"Evans - 11","precinct_norm":"EVANS - 11","precinct_full_name":"Veteran's Community Center","has_polygon":true},"geometry":{"type":"Point","coordinates":[-81.88905430693987,32.1636345]}},{"type":"Feature","properties":{"id":"2024-13031-8","county_nam":"Bulloch","county_norm":"BULLOCH","prec_id":"8","precinct_name":"Bulloch - 8","precinct_norm":"BULLOCH - 8","precinct_full_name":"Sinkhole","has_polygon":true},"geometry":{"type":"Point","coordinates":[-81.88626520725454,32.2889305]}},{"type":"Feature","properties":{"id":"2024-13031-9","county_nam":"Bulloch","county_norm":"BULLOCH","prec_id":"9","precinct_name":"Bulloch - 9","precinct_norm":"BULLOCH - 9","precinct_full_name":"Register","has_polygon":true},"geometry":{"type":"Point","coordinates":[-81.89302008637944,32.3782485]}},{"type":"Feature","properties":{"id":"2024-13031-11","county_nam":"Bulloch","county_norm":"BULLOCH","prec_id":"11","precinct_name":"Bulloch - 11","precinct_norm":"BULLOCH - 11","precinct_full_name":"Statesboro","has_polygon":true},"geometry":{"type":"Point","coordinates":[-81.86774370000002,32.4580885]}},{"type":"Feature","properties":{"id":"2024-13175-21","county_nam":"Laurens","county_norm":"LAURENS","prec_id":"21","precinct_name":"Laurens - 21","precinct_norm":"LAURENS - 21","precinct_full_name":"Smith","has_polygon":true},"geometry":{"type":"Point","coordinates":[-82.8309470839405,32.5157205]}},{"type":"Feature","properties":{"id":"2024-13175-11","county_nam":"Laurens","county_norm":"LAURENS","prec_id":"11","precinct_name":"Laurens - 11","precinct_norm":"LAURENS - 11","precinct_full_name":"Brewton","has_polygon":true},"geometry":{"type":"Point","coordinates":[-82.757600468091,32.5907265]}},{"type":"Feature","properties":{"id":"2024-13167-1266","county_nam":"Johnson","county_norm":"JOHNSON","prec_id":"1266","precinct_name":"Johnson - 1266","precinct_norm":"JOHNSON - 1266","precinct_full_name":"Smith","has_polygon":true},"geometry":{"type":"Point","coordinates":[-82.63398116140797,32.582946]}},{"type":"Feature","properties":{"id":"2024-13167-1201","county_nam":"Johnson","county_norm":"JOHNSON","prec_id":"1201","precinct_name":"Johnson - 1201","precinct_norm":"JOHNSON - 1201","precinct_full_name":"Wrightsville","has_polygon":true},"geometry":{"type":"Point","coordinates":[-82.67485859126012,32.7199895]}},{"type":"Feature","properties":{"id":"2024-13303-91","county_nam":"Washington","county_norm":"WASHINGTON","prec_id":"91","precinct_name":"Washington - 91","precinct_norm":"WASHINGTON - 91","precinct_full_name":"Harrison","has_polygon":true},"geometry":{"type":"Point","coordinates":[-82.71418895219179,32.8295205]}},{"type":"Feature","properties":{"id":"2024-13303-1488","county_nam":"Washington","county_norm":"WASHINGTON","prec_id":"1488","precinct_name":"Washington - 1488","precinct_norm":"WASHINGTON - 1488","precinct_full_name":"Tennille","has_polygon":true},"geometry":{"type":"Point","coordinates":[-82.80435571634722,32.910817]}},{"type":"Feature","properties":{"id":"2024-13303-97","county_nam":"Washington","county_norm":"WASHINGTON","prec_id":"97","precinct_name":"Washington - 97","precinct_norm":"WASHINGTON - 97","precinct_full_name":"Sandersville","has_polygon":true},"geometry":{"type":"Point","coordinates":[-82.82195803278196,33.0026205]}},{"type":"Feature","properties":{"id":"2024-13303-1253","county_nam":"Washington","county_norm":"WASHINGTON","prec_id":"1253","precinct_name":"Washington - 1253","precinct_norm":"WASHINGTON - 1253","precinct_full_name":"Riddleville","has_polygon":true},"geometry":{"type":"Point","coordinates":[-82.60389449024436,32.881584000000004]}},{"type":"Feature","properties":{"id":"2024-13303-94","county_nam":"Washington","county_norm":"WASHINGTON","prec_id":"94","precinct_name":"Washington - 94","precinct_norm":"WASHINGTON - 94","precinct_full_name":"Davisboro","has_polygon":true},"geometry":{"type":"Point","coordinates":[-82.64517271616427,33.021774]}},{"type":"Feature","properties":{"id":"2024-13107-1748","county_nam":"Emanuel","county_norm":"EMANUEL","prec_id":"1748","precinct_name":"Emanuel - 1748","precinct_norm":"EMANUEL - 1748","precinct_full_name":"Adrian","has_polygon":true},"geometry":{"type":"Point","coordinates":[-82.51308474360158,32.5336945]}},{"type":"Feature","properties":{"id":"2024-13167-55","county_nam":"Johnson","county_norm":"JOHNSON","prec_id":"55","precinct_name":"Johnson - 55","precinct_norm":"JOHNSON - 55","precinct_full_name":"Kite","has_polygon":true},"geometry":{"type":"Point","coordinates":[-82.53602675058815,32.695969000000005]}},{"type":"Feature","properties":{"id":"2024-13107-53","county_nam":"Emanuel","county_norm":"EMANUEL","prec_id":"53","precinct_name":"Emanuel - 53","precinct_norm":"EMANUEL - 53","precinct_full_name":"Swainsboro","has_polygon":true},"geometry":{"type":"Point","coordinates":[-82.33490759607184,32.591776499999995]}},{"type":"Feature","properties":{"id":"2024-13107-1208","county_nam":"Emanuel","county_norm":"EMANUEL","prec_id":"1208","precinct_name":"Emanuel - 1208","precinct_norm":"EMANUEL - 1208","precinct_full_name":"Blundale","has_polygon":true},"geometry":{"type":"Point","coordinates":[-82.41853241900526,32.6922955]}},{"type":"Feature","properties":{"id":"2024-13163-85","county_nam":"Jefferson","county_norm":"JEFFERSON","prec_id":"85","precinct_name":"Jefferson - 85","precinct_norm":"JEFFERSON - 85","precinct_full_name":"Bartow","has_polygon":true},"geometry":{"type":"Point","coordinates":[-82.47951447537852,32.869422]}},{"type":"Feature","properties":{"id":"2024-13163-83","county_nam":"Jefferson","county_norm":"JEFFERSON","prec_id":"83","precinct_name":"Jefferson - 83","precinct_norm":"JEFFERSON - 83","precinct_full_name":"Wadley","has_polygon":true},"geometry":{"type":"Point","coordinates":[-82.37494008333334,32.850299]}},{"type":"Feature","properties":{"id":"2024-13107-52","county_nam":"Emanuel","county_norm":"EMANUEL","prec_id":"52","precinct_name":"Emanuel - 52","precinct_norm":"EMANUEL - 52","precinct_full_name":"Cross-Green","has_polygon":true},"geometry":{"type":"Point","coordinates":[-82.33101721751123,32.797382999999996]}},{"type":"Feature","properties":{"id":"2024-13163-82","county_nam":"Jefferson","county_norm":"JEFFERSON","prec_id":"82","precinct_name":"Jefferson - 82","precinct_norm":"JEFFERSON - 82","precinct_full_name":"Louisville","has_polygon":true},"geometry":{"type":"Point","coordinates":[-82.41208453451975,32.9882015]}},{"type":"Feature","properties":{"id":"2024-13303-1350","county_nam":"Washington","county_norm":"WASHINGTON","prec_id":"1350","precinct_name":"Washington - 1350","precinct_norm":"WASHINGTON - 1350","precinct_full_name":"Warthen","has_polygon":true},"geometry":{"type":"Point","coordinates":[-82.78879005778609,33.143823]}},{"type":"Feature","properties":{"id":"2024-13141-4C","county_nam":"Hancock","county_norm":"HANCOCK","prec_id":"4C","precinct_name":"Hancock - 4C","precinct_norm":"HANCOCK - 4C","precinct_full_name":"Sparta 4C","has_polygon":true},"geometry":{"type":"Point","coordinates":[-82.8242426450893,33.2645415]}},{"type":"Feature","properties":{"id":"2024-13125-EDGH","county_nam":"Glascock","county_norm":"GLASCOCK","prec_id":"EDGH","precinct_name":"Glascock - EDGH","precinct_norm":"GLASCOCK - EDGH","precinct_full_name":"Edgehill","has_polygon":true},"geometry":{"type":"Point","coordinates":[-82.6206592743161,33.156876]}},{"type":"Feature","properties":{"id":"2024-13125-MITC","county_nam":"Glascock","county_norm":"GLASCOCK","prec_id":"MITC","precinct_name":"Glascock - MITC","precinct_norm":"GLASCOCK - MITC","precinct_full_name":"Mitchell","has_polygon":true},"geometry":{"type":"Point","coordinates":[-82.68399001010101,33.201068]}},{"type":"Feature","properties":{"id":"2024-13125-GIBS","county_nam":"Glascock","county_norm":"GLASCOCK","prec_id":"GIBS","precinct_name":"Glascock - GIBS","precinct_norm":"GLASCOCK - GIBS","precinct_full_name":"Gibson","has_polygon":true},"geometry":{"type":"Point","coordinates":[-82.62581091174297,33.238156000000004]}},{"type":"Feature","properties":{"id":"2024-13301-1","county_nam":"Warren","county_norm":"WARREN","prec_id":"1","precinct_name":"Warren - 1","precinct_norm":"WARREN - 1","precinct_full_name":"Warrenton","has_polygon":true},"geometry":{"type":"Point","coordinates":[-82.70180608407661,33.4324285]}},{"type":"Feature","properties":{"id":"2024-13163-76","county_nam":"Jefferson","county_norm":"JEFFERSON","prec_id":"76","precinct_name":"Jefferson - 76","precinct_norm":"JEFFERSON - 76","precinct_full_name":"Stapleton Crossroads","has_polygon":true},"geometry":{"type":"Point","coordinates":[-82.48515242268434,33.1127495]}},{"type":"Feature","properties":{"id":"2024-13163-1593","county_nam":"Jefferson","county_norm":"JEFFERSON","prec_id":"1593","precinct_name":"Jefferson - 1593","precinct_norm":"JEFFERSON - 1593","precinct_full_name":"Avera","has_polygon":true},"geometry":{"type":"Point","coordinates":[-82.53521081834941,33.160471]}},{"type":"Feature","properties":{"id":"2024-13125-MILL","county_nam":"Glascock","county_norm":"GLASCOCK","prec_id":"MILL","precinct_name":"Glascock - MILL","precinct_norm":"GLASCOCK - MILL","precinct_full_name":"Mill","has_polygon":true},"geometry":{"type":"Point","coordinates":[-82.5377710044927,33.249391]}},{"type":"Feature","properties":{"id":"2024-13163-1460","county_nam":"Jefferson","county_norm":"JEFFERSON","prec_id":"1460","precinct_name":"Jefferson - 1460","precinct_norm":"JEFFERSON - 1460","precinct_full_name":"Stapleton","has_polygon":true},"geometry":{"type":"Point","coordinates":[-82.46061772891719,33.212723]}},{"type":"Feature","properties":{"id":"2024-13163-81","county_nam":"Jefferson","county_norm":"JEFFERSON","prec_id":"81","precinct_name":"Jefferson - 81","precinct_norm":"JEFFERSON - 81","precinct_full_name":"Wrens","has_polygon":true},"geometry":{"type":"Point","coordinates":[-82.38119226691505,33.208666]}},{"type":"Feature","properties":{"id":"2024-13189-104","county_nam":"Mcduffie","county_norm":"MCDUFFIE","prec_id":"104","precinct_name":"Mcduffie - 104","precinct_norm":"MCDUFFIE - 104","precinct_full_name":"Sweetwater","has_polygon":true},"geometry":{"type":"Point","coordinates":[-82.50179668570706,33.408567500000004]}},{"type":"Feature","properties":{"id":"2024-13189-102","county_nam":"Mcduffie","county_norm":"MCDUFFIE","prec_id":"102","precinct_name":"Mcduffie - 102","precinct_norm":"MCDUFFIE - 102","precinct_full_name":"Cedar Rock","has_polygon":true},"geometry":{"type":"Point","coordinates":[-82.55010090178125,33.46065]}},{"type":"Feature","properties":{"id":"2024-13189-103","county_nam":"Mcduffie","county_norm":"MCDUFFIE","prec_id":"103","precinct_name":"Mcduffie - 103","precinct_norm":"MCDUFFIE - 103","precinct_full_name":"Depot","has_polygon":true},"geometry":{"type":"Point","coordinates":[-82.49048883415152,33.471213500000005]}},{"type":"Feature","properties":{"id":"2024-13189-105","county_nam":"Mcduffie","county_norm":"MCDUFFIE","prec_id":"105","precinct_name":"Mcduffie - 105","precinct_norm":"MCDUFFIE - 105","precinct_full_name":"White Oak","has_polygon":true},"geometry":{"type":"Point","coordinates":[-82.44018635580957,33.4863645]}},{"type":"Feature","properties":{"id":"2024-13189-107","county_nam":"Mcduffie","county_norm":"MCDUFFIE","prec_id":"107","precinct_name":"Mcduffie - 107","precinct_norm":"MCDUFFIE - 107","precinct_full_name":"Fort Creek","has_polygon":true},"geometry":{"type":"Point","coordinates":[-82.41326305614035,33.365133]}},{"type":"Feature","properties":{"id":"2024-13189-106","county_nam":"Mcduffie","county_norm":"MCDUFFIE","prec_id":"106","precinct_name":"Mcduffie - 106","precinct_norm":"MCDUFFIE - 106","precinct_full_name":"Dearing","has_polygon":true},"geometry":{"type":"Point","coordinates":[-82.39643911954148,33.4300255]}},{"type":"Feature","properties":{"id":"2024-13073-24","county_nam":"Columbia","county_norm":"COLUMBIA","prec_id":"24","precinct_name":"Columbia - 24","precinct_norm":"COLUMBIA - 24","precinct_full_name":"Second Mount Moriah Baptist Church","has_polygon":true},"geometry":{"type":"Point","coordinates":[-82.34783906785714,33.4645985]}},{"type":"Feature","properties":{"id":"2024-13073-10","county_nam":"Columbia","county_norm":"COLUMBIA","prec_id":"10","precinct_name":"Columbia - 10","precinct_norm":"COLUMBIA - 10","precinct_full_name":"Kiokee Baptist Church","has_polygon":true},"geometry":{"type":"Point","coordinates":[-82.33560629968204,33.548929]}},{"type":"Feature","properties":{"id":"2024-13107-57","county_nam":"Emanuel","county_norm":"EMANUEL","prec_id":"57","precinct_name":"Emanuel - 57","precinct_norm":"EMANUEL - 57","precinct_full_name":"Summertown","has_polygon":true},"geometry":{"type":"Point","coordinates":[-82.26225689851759,32.7452515]}},{"type":"Feature","properties":{"id":"2024-13107-1560","county_nam":"Emanuel","county_norm":"EMANUEL","prec_id":"1560","precinct_name":"Emanuel - 1560","precinct_norm":"EMANUEL - 1560","precinct_full_name":"Twin City","has_polygon":true},"geometry":{"type":"Point","coordinates":[-82.18003442309173,32.5444515]}},{"type":"Feature","properties":{"id":"2024-13107-1429","county_nam":"Emanuel","county_norm":"EMANUEL","prec_id":"1429","precinct_name":"Emanuel - 1429","precinct_norm":"EMANUEL - 1429","precinct_full_name":"Garfield","has_polygon":true},"geometry":{"type":"Point","coordinates":[-82.08037222908092,32.622550000000004]}},{"type":"Feature","properties":{"id":"2024-13107-1333","county_nam":"Emanuel","county_norm":"EMANUEL","prec_id":"1333","precinct_name":"Emanuel - 1333","precinct_norm":"EMANUEL - 1333","precinct_full_name":"Canoochee","has_polygon":true},"geometry":{"type":"Point","coordinates":[-82.17321788567656,32.707571]}},{"type":"Feature","properties":{"id":"2024-13033-7","county_nam":"Burke","county_norm":"BURKE","prec_id":"7","precinct_name":"Burke - 7","precinct_norm":"BURKE - 7","precinct_full_name":"Midville","has_polygon":true},"geometry":{"type":"Point","coordinates":[-82.24131848717792,32.871535]}},{"type":"Feature","properties":{"id":"2024-13033-13","county_nam":"Burke","county_norm":"BURKE","prec_id":"13","precinct_name":"Burke - 13","precinct_norm":"BURKE - 13","precinct_full_name":"Vidette","has_polygon":true},"geometry":{"type":"Point","coordinates":[-82.20210945133672,32.9807885]}},{"type":"Feature","properties":{"id":"2024-13033-10","county_nam":"Burke","county_norm":"BURKE","prec_id":"10","precinct_name":"Burke - 10","precinct_norm":"BURKE - 10","precinct_full_name":"Scotts Crossroads","has_polygon":true},"geometry":{"type":"Point","coordinates":[-82.15721761213359,32.893859]}},{"type":"Feature","properties":{"id":"2024-13031-12","county_nam":"Bulloch","county_norm":"BULLOCH","prec_id":"12","precinct_name":"Bulloch - 12","precinct_norm":"BULLOCH - 12","precinct_full_name":"Portal","has_polygon":true},"geometry":{"type":"Point","coordinates":[-81.94423639878639,32.537188]}},{"type":"Feature","properties":{"id":"2024-13165-5","county_nam":"Jenkins","county_norm":"JENKINS","prec_id":"5","precinct_name":"Jenkins - 5","precinct_norm":"JENKINS - 5","precinct_full_name":"Four Points","has_polygon":true},"geometry":{"type":"Point","coordinates":[-81.98941239179887,32.697755]}},{"type":"Feature","properties":{"id":"2024-13031-1","county_nam":"Bulloch","county_norm":"BULLOCH","prec_id":"1","precinct_name":"Bulloch - 1","precinct_norm":"BULLOCH - 1","precinct_full_name":"Lockhart","has_polygon":true},"geometry":{"type":"Point","coordinates":[-81.85330903306195,32.600061]}},{"type":"Feature","properties":{"id":"2024-13031-2","county_nam":"Bulloch","county_norm":"BULLOCH","prec_id":"2","precinct_name":"Bulloch - 2","precinct_norm":"BULLOCH - 2","precinct_full_name":"Blitch","has_polygon":true},"geometry":{"type":"Point","coordinates":[-81.80321652820103,32.545148]}},{"type":"Feature","properties":{"id":"2024-13165-1","county_nam":"Jenkins","county_norm":"JENKINS","prec_id":"1","precinct_name":"Jenkins - 1","precinct_norm":"JENKINS - 1","precinct_full_name":"Primary School","has_polygon":true},"geometry":{"type":"Point","coordinates":[-81.95569654475983,32.8262345]}},{"type":"Feature","properties":{"id":"2024-13165-3","county_nam":"Jenkins","county_norm":"JENKINS","prec_id":"3","precinct_name":"Jenkins - 3","precinct_norm":"JENKINS - 3","precinct_full_name":"Perkins","has_polygon":true},"geometry":{"type":"Point","coordinates":[-82.0502257886674,32.840728999999996]}},{"type":"Feature","properties":{"id":"2024-13165-2","county_nam":"Jenkins","county_norm":"JENKINS","prec_id":"2","precinct_name":"Jenkins - 2","precinct_norm":"JENKINS - 2","precinct_full_name":"Court House","has_polygon":true},"geometry":{"type":"Point","coordinates":[-81.93506249172793,32.8094915]}},{"type":"Feature","properties":{"id":"2024-13033-8","county_nam":"Burke","county_norm":"BURKE","prec_id":"8","precinct_name":"Burke - 8","precinct_norm":"BURKE - 8","precinct_full_name":"Munnerlyn","has_polygon":true},"geometry":{"type":"Point","coordinates":[-81.96791707088839,32.974472500000005]}},{"type":"Feature","properties":{"id":"2024-13165-4","county_nam":"Jenkins","county_norm":"JENKINS","prec_id":"4","precinct_name":"Jenkins - 4","precinct_norm":"JENKINS - 4","precinct_full_name":"Senior Citizens Center","has_polygon":true},"geometry":{"type":"Point","coordinates":[-81.86755809412607,32.809461999999996]}},{"type":"Feature","properties":{"id":"2024-13033-1","county_nam":"Burke","county_norm":"BURKE","prec_id":"1","precinct_name":"Burke - 1","precinct_norm":"BURKE - 1","precinct_full_name":"Alexander","has_polygon":true},"geometry":{"type":"Point","coordinates":[-81.87146959798534,33.0105715]}},{"type":"Feature","properties":{"id":"2024-13033-4","county_nam":"Burke","county_norm":"BURKE","prec_id":"4","precinct_name":"Burke - 4","precinct_norm":"BURKE - 4","precinct_full_name":"Gough","has_polygon":true},"geometry":{"type":"Point","coordinates":[-82.2023860289201,33.0859235]}},{"type":"Feature","properties":{"id":"2024-13163-77","county_nam":"Jefferson","county_norm":"JEFFERSON","prec_id":"77","precinct_name":"Jefferson - 77","precinct_norm":"JEFFERSON - 77","precinct_full_name":"Matthews","has_polygon":true},"geometry":{"type":"Point","coordinates":[-82.30625514947283,33.178093000000004]}},{"type":"Feature","properties":{"id":"2024-13245-801","county_nam":"Richmond","county_norm":"RICHMOND","prec_id":"801","precinct_name":"Richmond - 801","precinct_norm":"RICHMOND - 801","precinct_full_name":"Blythe City Hall","has_polygon":true},"geometry":{"type":"Point","coordinates":[-82.250162530187,33.286919999999995]}},{"type":"Feature","properties":{"id":"2024-13033-6","county_nam":"Burke","county_norm":"BURKE","prec_id":"6","precinct_name":"Burke - 6","precinct_norm":"BURKE - 6","precinct_full_name":"Keysville","has_polygon":true},"geometry":{"type":"Point","coordinates":[-82.23415067837234,33.2607045]}},{"type":"Feature","properties":{"id":"2024-13033-12","county_nam":"Burke","county_norm":"BURKE","prec_id":"12","precinct_name":"Burke - 12","precinct_norm":"BURKE - 12","precinct_full_name":"St. Clair","has_polygon":true},"geometry":{"type":"Point","coordinates":[-82.19252784893199,33.171243000000004]}},{"type":"Feature","properties":{"id":"2024-13033-16","county_nam":"Burke","county_norm":"BURKE","prec_id":"16","precinct_name":"Burke - 16","precinct_norm":"BURKE - 16","precinct_full_name":"Blakeney","has_polygon":true},"geometry":{"type":"Point","coordinates":[-82.12053159620885,33.0422595]}},{"type":"Feature","properties":{"id":"2024-13033-2","county_nam":"Burke","county_norm":"BURKE","prec_id":"2","precinct_name":"Burke - 2","precinct_norm":"BURKE - 2","precinct_full_name":"Four Points","has_polygon":true},"geometry":{"type":"Point","coordinates":[-82.1011759606572,33.2270355]}},{"type":"Feature","properties":{"id":"2024-13245-804H","county_nam":"Richmond","county_norm":"RICHMOND","prec_id":"804H","precinct_name":"Richmond - 804H","precinct_norm":"RICHMOND - 804H","precinct_full_name":"Brothersville Event Center","has_polygon":true},"geometry":{"type":"Point","coordinates":[-82.12578612131034,33.2858515]}},{"type":"Feature","properties":{"id":"2024-13245-810","county_nam":"Richmond","county_norm":"RICHMOND","prec_id":"810","precinct_name":"Richmond - 810","precinct_norm":"RICHMOND - 810","precinct_full_name":"Brothersville Event Center","has_polygon":true},"geometry":{"type":"Point","coordinates":[-82.07294728623542,33.2699795]}},{"type":"Feature","properties":{"id":"2024-13073-22","county_nam":"Columbia","county_norm":"COLUMBIA","prec_id":"22","precinct_name":"Columbia - 22","precinct_norm":"COLUMBIA - 22","precinct_full_name":"Harlem Senior Center","has_polygon":true},"geometry":{"type":"Point","coordinates":[-82.28635717631579,33.3870915]}},{"type":"Feature","properties":{"id":"2024-13245-803","county_nam":"Richmond","county_norm":"RICHMOND","prec_id":"803","precinct_name":"Richmond - 803","precinct_norm":"RICHMOND - 803","precinct_full_name":"Jamestown Community Center","has_polygon":true},"geometry":{"type":"Point","coordinates":[-82.22249242657028,33.357436]}},{"type":"Feature","properties":{"id":"2024-13245-801B","county_nam":"Richmond","county_norm":"RICHMOND","prec_id":"801B","precinct_name":"Richmond - 801B","precinct_norm":"RICHMOND - 801B","precinct_full_name":"Blythe City Hall","has_polygon":true},"geometry":{"type":"Point","coordinates":[-82.20691049884212,33.305426499999996]}},{"type":"Feature","properties":{"id":"2024-13073-20","county_nam":"Columbia","county_norm":"COLUMBIA","prec_id":"20","precinct_name":"Columbia - 20","precinct_norm":"COLUMBIA - 20","precinct_full_name":"Harlem Branch Library","has_polygon":true},"geometry":{"type":"Point","coordinates":[-82.28200310527538,33.4341575]}},{"type":"Feature","properties":{"id":"2024-13073-25","county_nam":"Columbia","county_norm":"COLUMBIA","prec_id":"25","precinct_name":"Columbia - 25","precinct_norm":"COLUMBIA - 25","precinct_full_name":"The Former Euchee Creek Library","has_polygon":true},"geometry":{"type":"Point","coordinates":[-82.26517221529188,33.4688365]}},{"type":"Feature","properties":{"id":"2024-13073-30","county_nam":"Columbia","county_norm":"COLUMBIA","prec_id":"30","precinct_name":"Columbia - 30","precinct_norm":"COLUMBIA - 30","precinct_full_name":"Liberty Park - Grovetown","has_polygon":true},"geometry":{"type":"Point","coordinates":[-82.2263819424108,33.4228995]}},{"type":"Feature","properties":{"id":"2024-13073-33","county_nam":"Columbia","county_norm":"COLUMBIA","prec_id":"33","precinct_name":"Columbia - 33","precinct_norm":"COLUMBIA - 33","precinct_full_name":"Grovetown Department Of Public Safety Station #2","has_polygon":true},"geometry":{"type":"Point","coordinates":[-82.21923048488458,33.4552745]}},{"type":"Feature","properties":{"id":"2024-13073-31","county_nam":"Columbia","county_norm":"COLUMBIA","prec_id":"31","precinct_name":"Columbia - 31","precinct_norm":"COLUMBIA - 31","precinct_full_name":"Grovetown Methodist Church","has_polygon":true},"geometry":{"type":"Point","coordinates":[-82.18459525016053,33.4450585]}},{"type":"Feature","properties":{"id":"2024-13073-34","county_nam":"Columbia","county_norm":"COLUMBIA","prec_id":"34","precinct_name":"Columbia - 34","precinct_norm":"COLUMBIA - 34","precinct_full_name":"Grovetown Branch Library","has_polygon":true},"geometry":{"type":"Point","coordinates":[-82.20322982255306,33.4681905]}},{"type":"Feature","properties":{"id":"2024-13073-19","county_nam":"Columbia","county_norm":"COLUMBIA","prec_id":"19","precinct_name":"Columbia - 19","precinct_norm":"COLUMBIA - 19","precinct_full_name":"Columbia County Health Department","has_polygon":true},"geometry":{"type":"Point","coordinates":[-82.2466845513468,33.504535000000004]}},{"type":"Feature","properties":{"id":"2024-13073-13","county_nam":"Columbia","county_norm":"COLUMBIA","prec_id":"13","precinct_name":"Columbia - 13","precinct_norm":"COLUMBIA - 13","precinct_full_name":"Macedonia Church Of Grovetown","has_polygon":true},"geometry":{"type":"Point","coordinates":[-82.22686782388888,33.4982575]}},{"type":"Feature","properties":{"id":"2024-13073-14","county_nam":"Columbia","county_norm":"COLUMBIA","prec_id":"14","precinct_name":"Columbia - 14","precinct_norm":"COLUMBIA - 14","precinct_full_name":"Stevens Creek Church - Grovetown","has_polygon":true},"geometry":{"type":"Point","coordinates":[-82.22839338960249,33.510932]}},{"type":"Feature","properties":{"id":"2024-13073-68","county_nam":"Columbia","county_norm":"COLUMBIA","prec_id":"68","precinct_name":"Columbia - 68","precinct_norm":"COLUMBIA - 68","precinct_full_name":"Parkway Elementary School","has_polygon":true},"geometry":{"type":"Point","coordinates":[-82.21531927944676,33.5518965]}},{"type":"Feature","properties":{"id":"2024-13073-18","county_nam":"Columbia","county_norm":"COLUMBIA","prec_id":"18","precinct_name":"Columbia - 18","precinct_norm":"COLUMBIA - 18","precinct_full_name":"New Life Church","has_polygon":true},"geometry":{"type":"Point","coordinates":[-82.21059256430593,33.492973500000005]}},{"type":"Feature","properties":{"id":"2024-13073-16","county_nam":"Columbia","county_norm":"COLUMBIA","prec_id":"16","precinct_name":"Columbia - 16","precinct_norm":"COLUMBIA - 16","precinct_full_name":"Woodlawn Bapt Church","has_polygon":true},"geometry":{"type":"Point","coordinates":[-82.18266566577508,33.493078499999996]}},{"type":"Feature","properties":{"id":"2024-13073-15","county_nam":"Columbia","county_norm":"COLUMBIA","prec_id":"15","precinct_name":"Columbia - 15","precinct_norm":"COLUMBIA - 15","precinct_full_name":"Lewis Methodist Church","has_polygon":true},"geometry":{"type":"Point","coordinates":[-82.19121921019108,33.5154855]}},{"type":"Feature","properties":{"id":"2024-13073-17","county_nam":"Columbia","county_norm":"COLUMBIA","prec_id":"17","precinct_name":"Columbia - 17","precinct_norm":"COLUMBIA - 17","precinct_full_name":"Patriots Park","has_polygon":true},"geometry":{"type":"Point","coordinates":[-82.2085229331634,33.5287295]}},{"type":"Feature","properties":{"id":"2024-13073-62","county_nam":"Columbia","county_norm":"COLUMBIA","prec_id":"62","precinct_name":"Columbia - 62","precinct_norm":"COLUMBIA - 62","precinct_full_name":"Parkway Baptist Church","has_polygon":true},"geometry":{"type":"Point","coordinates":[-82.19664714818721,33.548789]}},{"type":"Feature","properties":{"id":"2024-13245-811","county_nam":"Richmond","county_norm":"RICHMOND","prec_id":"811","precinct_name":"Richmond - 811","precinct_norm":"RICHMOND - 811","precinct_full_name":"811","has_polygon":true},"geometry":{"type":"Point","coordinates":[-82.17771049326177,33.314052]}},{"type":"Feature","properties":{"id":"2024-13245-804","county_nam":"Richmond","county_norm":"RICHMOND","prec_id":"804","precinct_name":"Richmond - 804","precinct_norm":"RICHMOND - 804","precinct_full_name":"Blythe Recreation Center","has_polygon":true},"geometry":{"type":"Point","coordinates":[-82.1387015543914,33.3198915]}},{"type":"Feature","properties":{"id":"2024-13245-807","county_nam":"Richmond","county_norm":"RICHMOND","prec_id":"807","precinct_name":"Richmond - 807","precinct_norm":"RICHMOND - 807","precinct_full_name":"Jamestown Community Center","has_polygon":true},"geometry":{"type":"Point","coordinates":[-82.12595918807733,33.372622]}},{"type":"Feature","properties":{"id":"2024-13245-406","county_nam":"Richmond","county_norm":"RICHMOND","prec_id":"406","precinct_name":"Richmond - 406","precinct_norm":"RICHMOND - 406","precinct_full_name":"Jamestown Community Center","has_polygon":true},"geometry":{"type":"Point","coordinates":[-82.10265200623492,33.3823605]}},{"type":"Feature","properties":{"id":"2024-13245-405","county_nam":"Richmond","county_norm":"RICHMOND","prec_id":"405","precinct_name":"Richmond - 405","precinct_norm":"RICHMOND - 405","precinct_full_name":"Robert Howard Community Center","has_polygon":true},"geometry":{"type":"Point","coordinates":[-82.09212361390587,33.362699]}},{"type":"Feature","properties":{"id":"2024-13245-401","county_nam":"Richmond","county_norm":"RICHMOND","prec_id":"401","precinct_name":"Richmond - 401","precinct_norm":"RICHMOND - 401","precinct_full_name":"Trinity Christian Methodist Episcopal Church","has_polygon":true},"geometry":{"type":"Point","coordinates":[-82.09058071195652,33.410621]}},{"type":"Feature","properties":{"id":"2024-13245-606","county_nam":"Richmond","county_norm":"RICHMOND","prec_id":"606","precinct_name":"Richmond - 606","precinct_norm":"RICHMOND - 606","precinct_full_name":"606","has_polygon":true},"geometry":{"type":"Point","coordinates":[-82.0821008904028,33.384641]}},{"type":"Feature","properties":{"id":"2024-13245-601","county_nam":"Richmond","county_norm":"RICHMOND","prec_id":"601","precinct_name":"Richmond - 601","precinct_norm":"RICHMOND - 601","precinct_full_name":"East Central Regional Hospital Gracewood","has_polygon":true},"geometry":{"type":"Point","coordinates":[-82.05079157943925,33.365555]}},{"type":"Feature","properties":{"id":"2024-13245-403","county_nam":"Richmond","county_norm":"RICHMOND","prec_id":"403","precinct_name":"Richmond - 403","precinct_norm":"RICHMOND - 403","precinct_full_name":"403","has_polygon":true},"geometry":{"type":"Point","coordinates":[-82.0791832537037,33.3949695]}},{"type":"Feature","properties":{"id":"2024-13245-501","county_nam":"Richmond","county_norm":"RICHMOND","prec_id":"501","precinct_name":"Richmond - 501","precinct_norm":"RICHMOND - 501","precinct_full_name":"New Zion Missionary Baptist Church","has_polygon":true},"geometry":{"type":"Point","coordinates":[-82.05738421151983,33.4096945]}},{"type":"Feature","properties":{"id":"2024-13073-32","county_nam":"Columbia","county_norm":"COLUMBIA","prec_id":"32","precinct_name":"Columbia - 32","precinct_norm":"COLUMBIA - 32","precinct_full_name":"G A Apostolic Church","has_polygon":true},"geometry":{"type":"Point","coordinates":[-82.1680014974398,33.463276]}},{"type":"Feature","properties":{"id":"2024-13073-75","county_nam":"Columbia","county_norm":"COLUMBIA","prec_id":"75","precinct_name":"Columbia - 75","precinct_norm":"COLUMBIA - 75","precinct_full_name":"Belair Baptist Church","has_polygon":true},"geometry":{"type":"Point","coordinates":[-82.15880258,33.488580999999996]}},{"type":"Feature","properties":{"id":"2024-13245-310","county_nam":"Richmond","county_norm":"RICHMOND","prec_id":"310","precinct_name":"Richmond - 310","precinct_norm":"RICHMOND - 310","precinct_full_name":"Providence Baptist Church","has_polygon":true},"geometry":{"type":"Point","coordinates":[-82.14236795071335,33.446467999999996]}},{"type":"Feature","properties":{"id":"2024-13245-402","county_nam":"Richmond","county_norm":"RICHMOND","prec_id":"402","precinct_name":"Richmond - 402","precinct_norm":"RICHMOND - 402","precinct_full_name":"McDuffie Woods Community Center","has_polygon":true},"geometry":{"type":"Point","coordinates":[-82.12527786484091,33.4206145]}},{"type":"Feature","properties":{"id":"2024-13073-65","county_nam":"Columbia","county_norm":"COLUMBIA","prec_id":"65","precinct_name":"Columbia - 65","precinct_norm":"COLUMBIA - 65","precinct_full_name":"Christ Sanctified Church","has_polygon":true},"geometry":{"type":"Point","coordinates":[-82.1561466150684,33.517742]}},{"type":"Feature","properties":{"id":"2024-13073-60","county_nam":"Columbia","county_norm":"COLUMBIA","prec_id":"60","precinct_name":"Columbia - 60","precinct_norm":"COLUMBIA - 60","precinct_full_name":"Col County Board Of Education","has_polygon":true},"geometry":{"type":"Point","coordinates":[-82.16822517021276,33.547786]}},{"type":"Feature","properties":{"id":"2024-13073-70","county_nam":"Columbia","county_norm":"COLUMBIA","prec_id":"70","precinct_name":"Columbia - 70","precinct_norm":"COLUMBIA - 70","precinct_full_name":"Blanchard Park","has_polygon":true},"geometry":{"type":"Point","coordinates":[-82.14317439118645,33.488805]}},{"type":"Feature","properties":{"id":"2024-13073-85","county_nam":"Columbia","county_norm":"COLUMBIA","prec_id":"85","precinct_name":"Columbia - 85","precinct_norm":"COLUMBIA - 85","precinct_full_name":"Trinity Baptist Church","has_polygon":true},"geometry":{"type":"Point","coordinates":[-82.14542038285907,33.502458000000004]}},{"type":"Feature","properties":{"id":"2024-13073-76","county_nam":"Columbia","county_norm":"COLUMBIA","prec_id":"76","precinct_name":"Columbia - 76","precinct_norm":"COLUMBIA - 76","precinct_full_name":"Westminster Presbyterian Church","has_polygon":true},"geometry":{"type":"Point","coordinates":[-82.1220327215909,33.487744]}},{"type":"Feature","properties":{"id":"2024-13073-120","county_nam":"Columbia","county_norm":"COLUMBIA","prec_id":"120","precinct_name":"Columbia - 120","precinct_norm":"COLUMBIA - 120","precinct_full_name":"Harvest Pointe Fellowship","has_polygon":true},"geometry":{"type":"Point","coordinates":[-82.13331978216209,33.52243]}},{"type":"Feature","properties":{"id":"2024-13073-125","county_nam":"Columbia","county_norm":"COLUMBIA","prec_id":"125","precinct_name":"Columbia - 125","precinct_norm":"COLUMBIA - 125","precinct_full_name":"Church Of Our Savior","has_polygon":true},"geometry":{"type":"Point","coordinates":[-82.11948009859934,33.516872]}},{"type":"Feature","properties":{"id":"2024-13073-130","county_nam":"Columbia","county_norm":"COLUMBIA","prec_id":"130","precinct_name":"Columbia - 130","precinct_norm":"COLUMBIA - 130","precinct_full_name":"West Acres Baptist Church","has_polygon":true},"geometry":{"type":"Point","coordinates":[-82.14097987475151,33.535666]}},{"type":"Feature","properties":{"id":"2024-13073-134","county_nam":"Columbia","county_norm":"COLUMBIA","prec_id":"134","precinct_name":"Columbia - 134","precinct_norm":"COLUMBIA - 134","precinct_full_name":"Col County Main Library","has_polygon":true},"geometry":{"type":"Point","coordinates":[-82.13343865000269,33.545669000000004]}},{"type":"Feature","properties":{"id":"2024-13245-506","county_nam":"Richmond","county_norm":"RICHMOND","prec_id":"506","precinct_name":"Richmond - 506","precinct_norm":"RICHMOND - 506","precinct_full_name":"Sharon Baptist Church","has_polygon":true},"geometry":{"type":"Point","coordinates":[-82.09815187098414,33.457247499999994]}},{"type":"Feature","properties":{"id":"2024-13245-306","county_nam":"Richmond","county_norm":"RICHMOND","prec_id":"306","precinct_name":"Richmond - 306","precinct_norm":"RICHMOND - 306","precinct_full_name":"First Baptist Church Of Augusta","has_polygon":true},"geometry":{"type":"Point","coordinates":[-82.08919443365501,33.480444500000004]}},{"type":"Feature","properties":{"id":"2024-13245-502","county_nam":"Richmond","county_norm":"RICHMOND","prec_id":"502","precinct_name":"Richmond - 502","precinct_norm":"RICHMOND - 502","precinct_full_name":"Trinity Christian Methodist Episcopal Church","has_polygon":true},"geometry":{"type":"Point","coordinates":[-82.07420715829454,33.429581999999996]}},{"type":"Feature","properties":{"id":"2024-13245-505","county_nam":"Richmond","county_norm":"RICHMOND","prec_id":"505","precinct_name":"Richmond - 505","precinct_norm":"RICHMOND - 505","precinct_full_name":"505","has_polygon":true},"geometry":{"type":"Point","coordinates":[-82.06253545532968,33.4353485]}},{"type":"Feature","properties":{"id":"2024-13245-507","county_nam":"Richmond","county_norm":"RICHMOND","prec_id":"507","precinct_name":"Richmond - 507","precinct_norm":"RICHMOND - 507","precinct_full_name":"Friedman Branch Library","has_polygon":true},"geometry":{"type":"Point","coordinates":[-82.07711563003502,33.471613000000005]}},{"type":"Feature","properties":{"id":"2024-13245-201","county_nam":"Richmond","county_norm":"RICHMOND","prec_id":"201","precinct_name":"Richmond - 201","precinct_norm":"RICHMOND - 201","precinct_full_name":"Building Worship Center","has_polygon":true},"geometry":{"type":"Point","coordinates":[-82.06298830504588,33.4574435]}},{"type":"Feature","properties":{"id":"2024-13245-704","county_nam":"Richmond","county_norm":"RICHMOND","prec_id":"704","precinct_name":"Richmond - 704","precinct_norm":"RICHMOND - 704","precinct_full_name":"704","has_polygon":true},"geometry":{"type":"Point","coordinates":[-82.06546879628671,33.487401000000006]}},{"type":"Feature","properties":{"id":"2024-13245-302","county_nam":"Richmond","county_norm":"RICHMOND","prec_id":"302","precinct_name":"Richmond - 302","precinct_norm":"RICHMOND - 302","precinct_full_name":"Friedman Branch Library","has_polygon":true},"geometry":{"type":"Point","coordinates":[-82.05623952474306,33.475018]}},{"type":"Feature","properties":{"id":"2024-13245-304","county_nam":"Richmond","county_norm":"RICHMOND","prec_id":"304","precinct_name":"Richmond - 304","precinct_norm":"RICHMOND - 304","precinct_full_name":"Covenant Presbyterian Church","has_polygon":true},"geometry":{"type":"Point","coordinates":[-82.0530367651919,33.4801885]}},{"type":"Feature","properties":{"id":"2024-13245-301","county_nam":"Richmond","county_norm":"RICHMOND","prec_id":"301","precinct_name":"Richmond - 301","precinct_norm":"RICHMOND - 301","precinct_full_name":"Covenant Presbyterian Church","has_polygon":true},"geometry":{"type":"Point","coordinates":[-82.0655930454301,33.4821235]}},{"type":"Feature","properties":{"id":"2024-13073-90","county_nam":"Columbia","county_norm":"COLUMBIA","prec_id":"90","precinct_name":"Columbia - 90","precinct_norm":"COLUMBIA - 90","precinct_full_name":"Abilene Baptist Church","has_polygon":true},"geometry":{"type":"Point","coordinates":[-82.1094833524545,33.500547]}},{"type":"Feature","properties":{"id":"2024-13073-110","county_nam":"Columbia","county_norm":"COLUMBIA","prec_id":"110","precinct_name":"Columbia - 110","precinct_norm":"COLUMBIA - 110","precinct_full_name":"Columbia Co. Fire Hdqtr.","has_polygon":true},"geometry":{"type":"Point","coordinates":[-82.11088032683662,33.520727]}},{"type":"Feature","properties":{"id":"2024-13245-308","county_nam":"Richmond","county_norm":"RICHMOND","prec_id":"308","precinct_name":"Richmond - 308","precinct_norm":"RICHMOND - 308","precinct_full_name":"First Baptist Church Of Augusta","has_polygon":true},"geometry":{"type":"Point","coordinates":[-82.08936611835256,33.495555499999995]}},{"type":"Feature","properties":{"id":"2024-13073-115","county_nam":"Columbia","county_norm":"COLUMBIA","prec_id":"115","precinct_name":"Columbia - 115","precinct_norm":"COLUMBIA - 115","precinct_full_name":"Martinez Baptist Church","has_polygon":true},"geometry":{"type":"Point","coordinates":[-82.0858704827921,33.515300499999995]}},{"type":"Feature","properties":{"id":"2024-13073-136","county_nam":"Columbia","county_norm":"COLUMBIA","prec_id":"136","precinct_name":"Columbia - 136","precinct_norm":"COLUMBIA - 136","precinct_full_name":"Ccboe - Support Complex","has_polygon":true},"geometry":{"type":"Point","coordinates":[-82.10069579073793,33.5373435]}},{"type":"Feature","properties":{"id":"2024-13073-137","county_nam":"Columbia","county_norm":"COLUMBIA","prec_id":"137","precinct_name":"Columbia - 137","precinct_norm":"COLUMBIA - 137","precinct_full_name":"Christ The King Lutheran Church","has_polygon":true},"geometry":{"type":"Point","coordinates":[-82.10488521901824,33.55103]}},{"type":"Feature","properties":{"id":"2024-13245-706","county_nam":"Richmond","county_norm":"RICHMOND","prec_id":"706","precinct_name":"Richmond - 706","precinct_norm":"RICHMOND - 706","precinct_full_name":"Warren Road Recreation Center","has_polygon":true},"geometry":{"type":"Point","coordinates":[-82.07014318859814,33.505057]}},{"type":"Feature","properties":{"id":"2024-13245-705","county_nam":"Richmond","county_norm":"RICHMOND","prec_id":"705","precinct_name":"Richmond - 705","precinct_norm":"RICHMOND - 705","precinct_full_name":"St. Augustine's Episcopal Church","has_polygon":true},"geometry":{"type":"Point","coordinates":[-82.06320477302745,33.498354000000006]}},{"type":"Feature","properties":{"id":"2024-13073-100","county_nam":"Columbia","county_norm":"COLUMBIA","prec_id":"100","precinct_name":"Columbia - 100","precinct_norm":"COLUMBIA - 100","precinct_full_name":"Augusta Christian School","has_polygon":true},"geometry":{"type":"Point","coordinates":[-82.0826347662624,33.5273185]}},{"type":"Feature","properties":{"id":"2024-13073-105","county_nam":"Columbia","county_norm":"COLUMBIA","prec_id":"105","precinct_name":"Columbia - 105","precinct_norm":"COLUMBIA - 105","precinct_full_name":"Savannah Rapids Pavilion","has_polygon":true},"geometry":{"type":"Point","coordinates":[-82.07955524276915,33.5457895]}},{"type":"Feature","properties":{"id":"2024-13073-108","county_nam":"Columbia","county_norm":"COLUMBIA","prec_id":"108","precinct_name":"Columbia - 108","precinct_norm":"COLUMBIA - 108","precinct_full_name":"Augusta Christian Schools - Furys Ferry Road Campus","has_polygon":true},"geometry":{"type":"Point","coordinates":[-82.06810397518987,33.53099]}},{"type":"Feature","properties":{"id":"2024-13073-109","county_nam":"Columbia","county_norm":"COLUMBIA","prec_id":"109","precinct_name":"Columbia - 109","precinct_norm":"COLUMBIA - 109","precinct_full_name":"Stevens Creek Church","has_polygon":true},"geometry":{"type":"Point","coordinates":[-82.04356725365923,33.547779500000004]}},{"type":"Feature","properties":{"id":"2024-13033-15","county_nam":"Burke","county_norm":"BURKE","prec_id":"15","precinct_name":"Burke - 15","precinct_norm":"BURKE - 15","precinct_full_name":"South Waynesboro","has_polygon":true},"geometry":{"type":"Point","coordinates":[-82.00561701540025,33.0390455]}},{"type":"Feature","properties":{"id":"2024-13033-14","county_nam":"Burke","county_norm":"BURKE","prec_id":"14","precinct_name":"Burke - 14","precinct_norm":"BURKE - 14","precinct_full_name":"North Waynesboro","has_polygon":true},"geometry":{"type":"Point","coordinates":[-81.96803440394571,33.1236605]}},{"type":"Feature","properties":{"id":"2024-13033-5","county_nam":"Burke","county_norm":"BURKE","prec_id":"5","precinct_name":"Burke - 5","precinct_norm":"BURKE - 5","precinct_full_name":"Greenscut","has_polygon":true},"geometry":{"type":"Point","coordinates":[-81.93480981568021,33.1966065]}},{"type":"Feature","properties":{"id":"2024-13245-802","county_nam":"Richmond","county_norm":"RICHMOND","prec_id":"802","precinct_name":"Richmond - 802","precinct_norm":"RICHMOND - 802","precinct_full_name":"McBean Community Center","has_polygon":true},"geometry":{"type":"Point","coordinates":[-81.94221108367209,33.2910265]}},{"type":"Feature","properties":{"id":"2024-13033-11","county_nam":"Burke","county_norm":"BURKE","prec_id":"11","precinct_name":"Burke - 11","precinct_norm":"BURKE - 11","precinct_full_name":"Telfair","has_polygon":true},"geometry":{"type":"Point","coordinates":[-81.82876390858684,33.1561215]}},{"type":"Feature","properties":{"id":"2024-13245-806","county_nam":"Richmond","county_norm":"RICHMOND","prec_id":"806","precinct_name":"Richmond - 806","precinct_norm":"RICHMOND - 806","precinct_full_name":"Pine Hill Baptist Church","has_polygon":true},"geometry":{"type":"Point","coordinates":[-82.00669151056937,33.3165385]}},{"type":"Feature","properties":{"id":"2024-13245-608","county_nam":"Richmond","county_norm":"RICHMOND","prec_id":"608","precinct_name":"Richmond - 608","precinct_norm":"RICHMOND - 608","precinct_full_name":"Pine Hill Baptist Church","has_polygon":true},"geometry":{"type":"Point","coordinates":[-82.02050407034197,33.347447]}},{"type":"Feature","properties":{"id":"2024-13245-808","county_nam":"Richmond","county_norm":"RICHMOND","prec_id":"808","precinct_name":"Richmond - 808","precinct_norm":"RICHMOND - 808","precinct_full_name":"Cross Creek High School","has_polygon":true},"geometry":{"type":"Point","coordinates":[-81.99268312202997,33.3314855]}},{"type":"Feature","properties":{"id":"2024-13245-607","county_nam":"Richmond","county_norm":"RICHMOND","prec_id":"607","precinct_name":"Richmond - 607","precinct_norm":"RICHMOND - 607","precinct_full_name":"Gracewood Community Center","has_polygon":true},"geometry":{"type":"Point","coordinates":[-82.0470185832188,33.384486]}},{"type":"Feature","properties":{"id":"2024-13245-504","county_nam":"Richmond","county_norm":"RICHMOND","prec_id":"504","precinct_name":"Richmond - 504","precinct_norm":"RICHMOND - 504","precinct_full_name":"Burns Memorial Methodist Church","has_polygon":true},"geometry":{"type":"Point","coordinates":[-82.03570575487362,33.410705]}},{"type":"Feature","properties":{"id":"2024-13245-605","county_nam":"Richmond","county_norm":"RICHMOND","prec_id":"605","precinct_name":"Richmond - 605","precinct_norm":"RICHMOND - 605","precinct_full_name":"Stevens Creek Church Southside Campus","has_polygon":true},"geometry":{"type":"Point","coordinates":[-82.01529018992224,33.3985265]}},{"type":"Feature","properties":{"id":"2024-13245-604","county_nam":"Richmond","county_norm":"RICHMOND","prec_id":"604","precinct_name":"Richmond - 604","precinct_norm":"RICHMOND - 604","precinct_full_name":"Southside Baptist Church","has_polygon":true},"geometry":{"type":"Point","coordinates":[-82.00998264921643,33.366477]}},{"type":"Feature","properties":{"id":"2024-13245-602","county_nam":"Richmond","county_norm":"RICHMOND","prec_id":"602","precinct_name":"Richmond - 602","precinct_norm":"RICHMOND - 602","precinct_full_name":"602","has_polygon":true},"geometry":{"type":"Point","coordinates":[-82.00065967309735,33.403193]}},{"type":"Feature","properties":{"id":"2024-13245-805","county_nam":"Richmond","county_norm":"RICHMOND","prec_id":"805","precinct_name":"Richmond - 805","precinct_norm":"RICHMOND - 805","precinct_full_name":"Southside Baptist Church","has_polygon":true},"geometry":{"type":"Point","coordinates":[-81.98616119258209,33.3429365]}},{"type":"Feature","properties":{"id":"2024-13245-115","county_nam":"Richmond","county_norm":"RICHMOND","prec_id":"115","precinct_name":"Richmond - 115","precinct_norm":"RICHMOND - 115","precinct_full_name":"Southside Baptist Church","has_polygon":true},"geometry":{"type":"Point","coordinates":[-81.96829792363371,33.3458895]}},{"type":"Feature","properties":{"id":"2024-13245-104","county_nam":"Richmond","county_norm":"RICHMOND","prec_id":"104","precinct_name":"Richmond - 104","precinct_norm":"RICHMOND - 104","precinct_full_name":"Eastview Recreation Center","has_polygon":true},"geometry":{"type":"Point","coordinates":[-81.96190744954939,33.409289]}},{"type":"Feature","properties":{"id":"2024-13245-503","county_nam":"Richmond","county_norm":"RICHMOND","prec_id":"503","precinct_name":"Richmond - 503","precinct_norm":"RICHMOND - 503","precinct_full_name":"Belle Terrace Presbyterian Church","has_polygon":true},"geometry":{"type":"Point","coordinates":[-82.0413057308255,33.438258000000005]}},{"type":"Feature","properties":{"id":"2024-13245-202","county_nam":"Richmond","county_norm":"RICHMOND","prec_id":"202","precinct_name":"Richmond - 202","precinct_norm":"RICHMOND - 202","precinct_full_name":"Bernie Ward Community Center","has_polygon":true},"geometry":{"type":"Point","coordinates":[-82.01993329966331,33.4233995]}},{"type":"Feature","properties":{"id":"2024-13245-208","county_nam":"Richmond","county_norm":"RICHMOND","prec_id":"208","precinct_name":"Richmond - 208","precinct_norm":"RICHMOND - 208","precinct_full_name":"Mann-Mize Fellowship","has_polygon":true},"geometry":{"type":"Point","coordinates":[-82.03438550577599,33.44999]}},{"type":"Feature","properties":{"id":"2024-13245-210","county_nam":"Richmond","county_norm":"RICHMOND","prec_id":"210","precinct_name":"Richmond - 210","precinct_norm":"RICHMOND - 210","precinct_full_name":"Augusta Aquatics Center","has_polygon":true},"geometry":{"type":"Point","coordinates":[-82.04404595715809,33.461692]}},{"type":"Feature","properties":{"id":"2024-13245-303","county_nam":"Richmond","county_norm":"RICHMOND","prec_id":"303","precinct_name":"Richmond - 303","precinct_norm":"RICHMOND - 303","precinct_full_name":"Augusta Aquatics Center","has_polygon":true},"geometry":{"type":"Point","coordinates":[-82.03930605575539,33.475321]}},{"type":"Feature","properties":{"id":"2024-13245-108","county_nam":"Richmond","county_norm":"RICHMOND","prec_id":"108","precinct_name":"Richmond - 108","precinct_norm":"RICHMOND - 108","precinct_full_name":"Covenant Presbyterian Church","has_polygon":true},"geometry":{"type":"Point","coordinates":[-82.03484398939355,33.483768999999995]}},{"type":"Feature","properties":{"id":"2024-13245-204","county_nam":"Richmond","county_norm":"RICHMOND","prec_id":"204","precinct_name":"Richmond - 204","precinct_norm":"RICHMOND - 204","precinct_full_name":"Charles Evans Community Center","has_polygon":true},"geometry":{"type":"Point","coordinates":[-82.02339747458166,33.464333999999994]}},{"type":"Feature","properties":{"id":"2024-13245-110","county_nam":"Richmond","county_norm":"RICHMOND","prec_id":"110","precinct_name":"Richmond - 110","precinct_norm":"RICHMOND - 110","precinct_full_name":"110","has_polygon":true},"geometry":{"type":"Point","coordinates":[-82.01301762190175,33.453508]}},{"type":"Feature","properties":{"id":"2024-13245-207","county_nam":"Richmond","county_norm":"RICHMOND","prec_id":"207","precinct_name":"Richmond - 207","precinct_norm":"RICHMOND - 207","precinct_full_name":"Carrie J. Mays Recreation Center","has_polygon":true},"geometry":{"type":"Point","coordinates":[-82.00580726259011,33.438655]}},{"type":"Feature","properties":{"id":"2024-13245-105","county_nam":"Richmond","county_norm":"RICHMOND","prec_id":"105","precinct_name":"Richmond - 105","precinct_norm":"RICHMOND - 105","precinct_full_name":"Mount Calvary Baptist Church","has_polygon":true},"geometry":{"type":"Point","coordinates":[-81.98351715492278,33.46349]}},{"type":"Feature","properties":{"id":"2024-13245-203","county_nam":"Richmond","county_norm":"RICHMOND","prec_id":"203","precinct_name":"Richmond - 203","precinct_norm":"RICHMOND - 203","precinct_full_name":"Mount Calvary Baptist Church","has_polygon":true},"geometry":{"type":"Point","coordinates":[-81.98730797357499,33.4543275]}},{"type":"Feature","properties":{"id":"2024-13245-101","county_nam":"Richmond","county_norm":"RICHMOND","prec_id":"101","precinct_name":"Richmond - 101","precinct_norm":"RICHMOND - 101","precinct_full_name":"Charles Evans Community Center","has_polygon":true},"geometry":{"type":"Point","coordinates":[-82.01504609206883,33.469688500000004]}},{"type":"Feature","properties":{"id":"2024-13245-307","county_nam":"Richmond","county_norm":"RICHMOND","prec_id":"307","precinct_name":"Richmond - 307","precinct_norm":"RICHMOND - 307","precinct_full_name":"Julian Smith Casino","has_polygon":true},"geometry":{"type":"Point","coordinates":[-82.01704694227189,33.478009]}},{"type":"Feature","properties":{"id":"2024-13245-107","county_nam":"Richmond","county_norm":"RICHMOND","prec_id":"107","precinct_name":"Richmond - 107","precinct_norm":"RICHMOND - 107","precinct_full_name":"Julian Smith Casino","has_polygon":true},"geometry":{"type":"Point","coordinates":[-82.0162293412314,33.4868615]}},{"type":"Feature","properties":{"id":"2024-13245-111","county_nam":"Richmond","county_norm":"RICHMOND","prec_id":"111","precinct_name":"Richmond - 111","precinct_norm":"RICHMOND - 111","precinct_full_name":"Paine College Heal Complex","has_polygon":true},"geometry":{"type":"Point","coordinates":[-82.00099168447366,33.464993]}},{"type":"Feature","properties":{"id":"2024-13245-102","county_nam":"Richmond","county_norm":"RICHMOND","prec_id":"102","precinct_name":"Richmond - 102","precinct_norm":"RICHMOND - 102","precinct_full_name":"Kroc Center","has_polygon":true},"geometry":{"type":"Point","coordinates":[-81.9860933624069,33.4813985]}},{"type":"Feature","properties":{"id":"2024-13245-701","county_nam":"Richmond","county_norm":"RICHMOND","prec_id":"701","precinct_name":"Richmond - 701","precinct_norm":"RICHMOND - 701","precinct_full_name":"Aldersgate United Methodist Church","has_polygon":true},"geometry":{"type":"Point","coordinates":[-82.04635358234745,33.495352]}},{"type":"Feature","properties":{"id":"2024-13245-709","county_nam":"Richmond","county_norm":"RICHMOND","prec_id":"709","precinct_name":"Richmond - 709","precinct_norm":"RICHMOND - 709","precinct_full_name":"National Hills Baptist Church","has_polygon":true},"geometry":{"type":"Point","coordinates":[-82.03217149816341,33.502843]}},{"type":"Feature","properties":{"id":"2024-13245-708","county_nam":"Richmond","county_norm":"RICHMOND","prec_id":"708","precinct_name":"Richmond - 708","precinct_norm":"RICHMOND - 708","precinct_full_name":"St. Mark United Methodist Church","has_polygon":true},"geometry":{"type":"Point","coordinates":[-82.02126228090845,33.500757]}},{"type":"Feature","properties":{"id":"2024-13245-703","county_nam":"Richmond","county_norm":"RICHMOND","prec_id":"703","precinct_name":"Richmond - 703","precinct_norm":"RICHMOND - 703","precinct_full_name":"National Hills Baptist Church","has_polygon":true},"geometry":{"type":"Point","coordinates":[-82.0212494026833,33.5182965]}},{"type":"Feature","properties":{"id":"2024-13245-707","county_nam":"Richmond","county_norm":"RICHMOND","prec_id":"707","precinct_name":"Richmond - 707","precinct_norm":"RICHMOND - 707","precinct_full_name":"Vineyard Church","has_polygon":true},"geometry":{"type":"Point","coordinates":[-82.03332126226863,33.529358]}},{"type":"Feature","properties":{"id":"2024-13245-702","county_nam":"Richmond","county_norm":"RICHMOND","prec_id":"702","precinct_name":"Richmond - 702","precinct_norm":"RICHMOND - 702","precinct_full_name":"St. Mark United Methodist Church","has_polygon":true},"geometry":{"type":"Point","coordinates":[-82.0045690343582,33.5062955]}},{"type":"Feature","properties":{"id":"2024-13245-106","county_nam":"Richmond","county_norm":"RICHMOND","prec_id":"106","precinct_name":"Richmond - 106","precinct_norm":"RICHMOND - 106","precinct_full_name":"Julian Smith Casino","has_polygon":true},"geometry":{"type":"Point","coordinates":[-81.99833837400502,33.4875485]}},{"type":"Feature","properties":{"id":"2024-13245-103","county_nam":"Richmond","county_norm":"RICHMOND","prec_id":"103","precinct_name":"Richmond - 103","precinct_norm":"RICHMOND - 103","precinct_full_name":"Wallace Branch Library","has_polygon":true},"geometry":{"type":"Point","coordinates":[-81.9718107920302,33.456864499999995]}},{"type":"Feature","properties":{"id":"2024-13245-109","county_nam":"Richmond","county_norm":"RICHMOND","prec_id":"109","precinct_name":"Richmond - 109","precinct_norm":"RICHMOND - 109","precinct_full_name":"May Park","has_polygon":true},"geometry":{"type":"Point","coordinates":[-81.95766652947405,33.46284300000001]}},{"type":"Feature","properties":{"id":"2024-13245-112","county_nam":"Richmond","county_norm":"RICHMOND","prec_id":"112","precinct_name":"Richmond - 112","precinct_norm":"RICHMOND - 112","precinct_full_name":"May Park","has_polygon":true},"geometry":{"type":"Point","coordinates":[-81.9643419907072,33.4737525]}},{"type":"Feature","properties":{"id":"2024-13039-306","county_nam":"Camden","county_norm":"CAMDEN","prec_id":"306","precinct_name":"Camden - 306","precinct_norm":"CAMDEN - 306","precinct_full_name":"Historic Kingsland","has_polygon":true},"geometry":{"type":"Point","coordinates":[-81.69022975099966,30.814564]}},{"type":"Feature","properties":{"id":"2024-13039-303","county_nam":"Camden","county_norm":"CAMDEN","prec_id":"303","precinct_name":"Camden - 303","precinct_norm":"CAMDEN - 303","precinct_full_name":"Woodbine","has_polygon":true},"geometry":{"type":"Point","coordinates":[-81.71576903565736,30.909107]}},{"type":"Feature","properties":{"id":"2024-13039-311","county_nam":"Camden","county_norm":"CAMDEN","prec_id":"311","precinct_name":"Camden - 311","precinct_norm":"CAMDEN - 311","precinct_full_name":"West Saint Marys","has_polygon":true},"geometry":{"type":"Point","coordinates":[-81.60445354455385,30.737454]}},{"type":"Feature","properties":{"id":"2024-13039-308","county_nam":"Camden","county_norm":"CAMDEN","prec_id":"308","precinct_name":"Camden - 308","precinct_norm":"CAMDEN - 308","precinct_full_name":"St. Marys","has_polygon":true},"geometry":{"type":"Point","coordinates":[-81.59473915641121,30.7959485]}},{"type":"Feature","properties":{"id":"2024-13039-310","county_nam":"Camden","county_norm":"CAMDEN","prec_id":"310","precinct_name":"Camden - 310","precinct_norm":"CAMDEN - 310","precinct_full_name":"South St Marys","has_polygon":true},"geometry":{"type":"Point","coordinates":[-81.5278771007533,30.736383500000002]}},{"type":"Feature","properties":{"id":"2024-13151-41","county_nam":"Henry","county_norm":"HENRY","prec_id":"41","precinct_name":"Henry - 41","precinct_norm":"HENRY - 41","precinct_full_name":"Stagecoach","has_polygon":true},"geometry":{"type":"Point","coordinates":[-84.22314481151832,33.558003]}},{"type":"Feature","properties":{"id":"2024-13151-56","county_nam":"Henry","county_norm":"HENRY","prec_id":"56","precinct_name":"Henry - 56","precinct_norm":"HENRY - 56","precinct_full_name":"Lighthouse","has_polygon":true},"geometry":{"type":"Point","coordinates":[-84.23717226627683,33.5890195]}},{"type":"Feature","properties":{"id":"2024-13151-46","county_nam":"Henry","county_norm":"HENRY","prec_id":"46","precinct_name":"Henry - 46","precinct_norm":"HENRY - 46","precinct_full_name":"Shakerag","has_polygon":true},"geometry":{"type":"Point","coordinates":[-84.2498598943299,33.6238705]}},{"type":"Feature","properties":{"id":"2024-13089-OV","county_nam":"Dekalb","county_norm":"DEKALB","prec_id":"OV","precinct_name":"Dekalb - OV","precinct_norm":"DEKALB - OV","precinct_full_name":"Oak View Elementary","has_polygon":true},"geometry":{"type":"Point","coordinates":[-84.26286676243413,33.6758745]}},{"type":"Feature","properties":{"id":"2024-13089-HH","county_nam":"Dekalb","county_norm":"DEKALB","prec_id":"HH","precinct_name":"Dekalb - HH","precinct_norm":"DEKALB - HH","precinct_full_name":"Narvie J Harris Elementary","has_polygon":true},"geometry":{"type":"Point","coordinates":[-84.25285253871584,33.663885]}},{"type":"Feature","properties":{"id":"2024-13089-FK","county_nam":"Dekalb","county_norm":"DEKALB","prec_id":"FK","precinct_name":"Dekalb - FK","precinct_norm":"DEKALB - FK","precinct_full_name":"Flakes Mill","has_polygon":true},"geometry":{"type":"Point","coordinates":[-84.23819826067225,33.645355499999994]}},{"type":"Feature","properties":{"id":"2024-13089-FE","county_nam":"Dekalb","county_norm":"DEKALB","prec_id":"FE","precinct_name":"Dekalb - FE","precinct_norm":"DEKALB - FE","precinct_full_name":"Flat Shoals Parkway","has_polygon":true},"geometry":{"type":"Point","coordinates":[-84.23014210197368,33.6710665]}},{"type":"Feature","properties":{"id":"2024-13089-CG","county_nam":"Dekalb","county_norm":"DEKALB","prec_id":"CG","precinct_name":"Dekalb - CG","precinct_norm":"DEKALB - CG","precinct_full_name":"Chapel Hill Elementary","has_polygon":true},"geometry":{"type":"Point","coordinates":[-84.21806655797715,33.676414]}},{"type":"Feature","properties":{"id":"2024-13151-45","county_nam":"Henry","county_norm":"HENRY","prec_id":"45","precinct_name":"Henry - 45","precinct_norm":"HENRY - 45","precinct_full_name":"Swan Lake","has_polygon":true},"geometry":{"type":"Point","coordinates":[-84.18687107817208,33.5753335]}},{"type":"Feature","properties":{"id":"2024-13151-44","county_nam":"Henry","county_norm":"HENRY","prec_id":"44","precinct_name":"Henry - 44","precinct_norm":"HENRY - 44","precinct_full_name":"Austin Road","has_polygon":true},"geometry":{"type":"Point","coordinates":[-84.18252400973381,33.5999705]}},{"type":"Feature","properties":{"id":"2024-13151-47","county_nam":"Henry","county_norm":"HENRY","prec_id":"47","precinct_name":"Henry - 47","precinct_norm":"HENRY - 47","precinct_full_name":"Ellenwood","has_polygon":true},"geometry":{"type":"Point","coordinates":[-84.20798193414524,33.6261825]}},{"type":"Feature","properties":{"id":"2024-13089-SY","county_nam":"Dekalb","county_norm":"DEKALB","prec_id":"SY","precinct_name":"Dekalb - SY","precinct_norm":"DEKALB - SY","precinct_full_name":"Snapfinger Road","has_polygon":true},"geometry":{"type":"Point","coordinates":[-84.20971532720023,33.648069500000005]}},{"type":"Feature","properties":{"id":"2024-13089-BJ","county_nam":"Dekalb","county_norm":"DEKALB","prec_id":"BJ","precinct_name":"Dekalb - BJ","precinct_norm":"DEKALB - BJ","precinct_full_name":"Browns Mill Elementary","has_polygon":true},"geometry":{"type":"Point","coordinates":[-84.19449171096294,33.670446999999996]}},{"type":"Feature","properties":{"id":"2024-13089-SM","county_nam":"Dekalb","county_norm":"DEKALB","prec_id":"SM","precinct_name":"Dekalb - SM","precinct_norm":"DEKALB - SM","precinct_full_name":"Salem Middle","has_polygon":true},"geometry":{"type":"Point","coordinates":[-84.16676962853904,33.66209]}},{"type":"Feature","properties":{"id":"2024-13089-MV","county_nam":"Dekalb","county_norm":"DEKALB","prec_id":"MV","precinct_name":"Dekalb - MV","precinct_norm":"DEKALB - MV","precinct_full_name":"Miller Grove Road","has_polygon":true},"geometry":{"type":"Point","coordinates":[-84.16378030727924,33.6810275]}},{"type":"Feature","properties":{"id":"2024-13089-CC","county_nam":"Dekalb","county_norm":"DEKALB","prec_id":"CC","precinct_name":"Dekalb - CC","precinct_norm":"DEKALB - CC","precinct_full_name":"Columbia Elementary","has_polygon":true},"geometry":{"type":"Point","coordinates":[-84.26368653258416,33.717562]}},{"type":"Feature","properties":{"id":"2024-13089-FL","county_nam":"Dekalb","county_norm":"DEKALB","prec_id":"FL","precinct_name":"Dekalb - FL","precinct_norm":"DEKALB - FL","precinct_full_name":"Flat Shoals Library","has_polygon":true},"geometry":{"type":"Point","coordinates":[-84.25590686396899,33.696875000000006]}},{"type":"Feature","properties":{"id":"2024-13089-CM","county_nam":"Dekalb","county_norm":"DEKALB","prec_id":"CM","precinct_name":"Dekalb - CM","precinct_norm":"DEKALB - CM","precinct_full_name":"Columbia Middle","has_polygon":true},"geometry":{"type":"Point","coordinates":[-84.25976299721674,33.7079745]}},{"type":"Feature","properties":{"id":"2024-13089-TC","county_nam":"Dekalb","county_norm":"DEKALB","prec_id":"TC","precinct_name":"Dekalb - TC","precinct_norm":"DEKALB - TC","precinct_full_name":"Toney Elementary","has_polygon":true},"geometry":{"type":"Point","coordinates":[-84.2724282825871,33.7260775]}},{"type":"Feature","properties":{"id":"2024-13089-KE","county_nam":"Dekalb","county_norm":"DEKALB","prec_id":"KE","precinct_name":"Dekalb - KE","precinct_norm":"DEKALB - KE","precinct_full_name":"Knollwood","has_polygon":true},"geometry":{"type":"Point","coordinates":[-84.2703697005571,33.746454]}},{"type":"Feature","properties":{"id":"2024-13089-WA","county_nam":"Dekalb","county_norm":"DEKALB","prec_id":"WA","precinct_name":"Dekalb - WA","precinct_norm":"DEKALB - WA","precinct_full_name":"Wadsworth","has_polygon":true},"geometry":{"type":"Point","coordinates":[-84.2588421109227,33.727916500000006]}},{"type":"Feature","properties":{"id":"2024-13089-SG","county_nam":"Dekalb","county_norm":"DEKALB","prec_id":"SG","precinct_name":"Dekalb - SG","precinct_norm":"DEKALB - SG","precinct_full_name":"Snapfinger Elementary","has_polygon":true},"geometry":{"type":"Point","coordinates":[-84.24596013790323,33.7242275]}},{"type":"Feature","properties":{"id":"2024-13089-PA","county_nam":"Dekalb","county_norm":"DEKALB","prec_id":"PA","precinct_name":"Dekalb - PA","precinct_norm":"DEKALB - PA","precinct_full_name":"Peachcrest","has_polygon":true},"geometry":{"type":"Point","coordinates":[-84.24612260175905,33.751315500000004]}},{"type":"Feature","properties":{"id":"2024-13089-MR","county_nam":"Dekalb","county_norm":"DEKALB","prec_id":"MR","precinct_name":"Dekalb - MR","precinct_norm":"DEKALB - MR","precinct_full_name":"Mathis-Bob Mathis Elementary","has_polygon":true},"geometry":{"type":"Point","coordinates":[-84.23812787236085,33.690106]}},{"type":"Feature","properties":{"id":"2024-13089-RA","county_nam":"Dekalb","county_norm":"DEKALB","prec_id":"RA","precinct_name":"Dekalb - RA","precinct_norm":"DEKALB - RA","precinct_full_name":"Rainbow Elementary","has_polygon":true},"geometry":{"type":"Point","coordinates":[-84.2299381524498,33.705907499999995]}},{"type":"Feature","properties":{"id":"2024-13089-KC","county_nam":"Dekalb","county_norm":"DEKALB","prec_id":"KC","precinct_name":"Dekalb - KC","precinct_norm":"DEKALB - KC","precinct_full_name":"Kelley Chapel Road","has_polygon":true},"geometry":{"type":"Point","coordinates":[-84.22237735219217,33.689575500000004]}},{"type":"Feature","properties":{"id":"2024-13089-CA","county_nam":"Dekalb","county_norm":"DEKALB","prec_id":"CA","precinct_name":"Dekalb - CA","precinct_norm":"DEKALB - CA","precinct_full_name":"Columbia Drive","has_polygon":true},"geometry":{"type":"Point","coordinates":[-84.23790049873026,33.7286625]}},{"type":"Feature","properties":{"id":"2024-13089-AF","county_nam":"Dekalb","county_norm":"DEKALB","prec_id":"AF","precinct_name":"Dekalb - AF","precinct_norm":"DEKALB - AF","precinct_full_name":"Austin Drive","has_polygon":true},"geometry":{"type":"Point","coordinates":[-84.2369679126188,33.749055]}},{"type":"Feature","properties":{"id":"2024-13089-CB","county_nam":"Dekalb","county_norm":"DEKALB","prec_id":"CB","precinct_name":"Dekalb - CB","precinct_norm":"DEKALB - CB","precinct_full_name":"Canby Lane Elementary","has_polygon":true},"geometry":{"type":"Point","coordinates":[-84.22750353800205,33.7184115]}},{"type":"Feature","properties":{"id":"2024-13089-SR","county_nam":"Dekalb","county_norm":"DEKALB","prec_id":"SR","precinct_name":"Dekalb - SR","precinct_norm":"DEKALB - SR","precinct_full_name":"Snapfinger Road N","has_polygon":true},"geometry":{"type":"Point","coordinates":[-84.222701625,33.730436]}},{"type":"Feature","properties":{"id":"2024-13089-GF","county_nam":"Dekalb","county_norm":"DEKALB","prec_id":"GF","precinct_name":"Dekalb - GF","precinct_norm":"DEKALB - GF","precinct_full_name":"Glenwood Road","has_polygon":true},"geometry":{"type":"Point","coordinates":[-84.21708457991531,33.741938]}},{"type":"Feature","properties":{"id":"2024-13089-GB","county_nam":"Dekalb","county_norm":"DEKALB","prec_id":"GB","precinct_name":"Dekalb - GB","precinct_norm":"DEKALB - GB","precinct_full_name":"Glenhaven","has_polygon":true},"geometry":{"type":"Point","coordinates":[-84.21487096615435,33.7529425]}},{"type":"Feature","properties":{"id":"2024-13089-AI","county_nam":"Dekalb","county_norm":"DEKALB","prec_id":"AI","precinct_name":"Dekalb - AI","precinct_norm":"DEKALB - AI","precinct_full_name":"Avondale High","has_polygon":true},"geometry":{"type":"Point","coordinates":[-84.273303378823,33.761555]}},{"type":"Feature","properties":{"id":"2024-13089-AE","county_nam":"Dekalb","county_norm":"DEKALB","prec_id":"AE","precinct_name":"Dekalb - AE","precinct_norm":"DEKALB - AE","precinct_full_name":"Avondale (Avo)","has_polygon":true},"geometry":{"type":"Point","coordinates":[-84.26112001029867,33.7689545]}},{"type":"Feature","properties":{"id":"2024-13089-MO","county_nam":"Dekalb","county_norm":"DEKALB","prec_id":"MO","precinct_name":"Dekalb - MO","precinct_norm":"DEKALB - MO","precinct_full_name":"Midway","has_polygon":true},"geometry":{"type":"Point","coordinates":[-84.25920195224982,33.754968500000004]}},{"type":"Feature","properties":{"id":"2024-13089-CU","county_nam":"Dekalb","county_norm":"DEKALB","prec_id":"CU","precinct_name":"Dekalb - CU","precinct_norm":"DEKALB - CU","precinct_full_name":"Covington","has_polygon":true},"geometry":{"type":"Point","coordinates":[-84.25199864305677,33.776034499999994]}},{"type":"Feature","properties":{"id":"2024-13089-NB","county_nam":"Dekalb","county_norm":"DEKALB","prec_id":"NB","precinct_name":"Dekalb - NB","precinct_norm":"DEKALB - NB","precinct_full_name":"North Decatur","has_polygon":true},"geometry":{"type":"Point","coordinates":[-84.27680329916319,33.7881415]}},{"type":"Feature","properties":{"id":"2024-13089-ME","county_nam":"Dekalb","county_norm":"DEKALB","prec_id":"ME","precinct_name":"Dekalb - ME","precinct_norm":"DEKALB - ME","precinct_full_name":"Mclendon","has_polygon":true},"geometry":{"type":"Point","coordinates":[-84.26257410236921,33.806123]}},{"type":"Feature","properties":{"id":"2024-13089-VB","county_nam":"Dekalb","county_norm":"DEKALB","prec_id":"VB","precinct_name":"Dekalb - VB","precinct_norm":"DEKALB - VB","precinct_full_name":"Valley Brook","has_polygon":true},"geometry":{"type":"Point","coordinates":[-84.26466112139622,33.8155745]}},{"type":"Feature","properties":{"id":"2024-13089-SC","county_nam":"Dekalb","county_norm":"DEKALB","prec_id":"SC","precinct_name":"Dekalb - SC","precinct_norm":"DEKALB - SC","precinct_full_name":"Shaw-Robert Shaw Elementary","has_polygon":true},"geometry":{"type":"Point","coordinates":[-84.25539980247174,33.790338500000004]}},{"type":"Feature","properties":{"id":"2024-13089-CT","county_nam":"Dekalb","county_norm":"DEKALB","prec_id":"CT","precinct_name":"Dekalb - CT","precinct_norm":"DEKALB - CT","precinct_full_name":"Covington Hwy","has_polygon":true},"geometry":{"type":"Point","coordinates":[-84.24667408124787,33.766693000000004]}},{"type":"Feature","properties":{"id":"2024-13089-RG","county_nam":"Dekalb","county_norm":"DEKALB","prec_id":"RG","precinct_name":"Dekalb - RG","precinct_norm":"DEKALB - RG","precinct_full_name":"Rowland Elementary","has_polygon":true},"geometry":{"type":"Point","coordinates":[-84.23376558419689,33.763183]}},{"type":"Feature","properties":{"id":"2024-13089-DE","county_nam":"Dekalb","county_norm":"DEKALB","prec_id":"DE","precinct_name":"Dekalb - DE","precinct_norm":"DEKALB - DE","precinct_full_name":"Dunaire Elementary","has_polygon":true},"geometry":{"type":"Point","coordinates":[-84.23123343917462,33.778589499999995]}},{"type":"Feature","properties":{"id":"2024-13089-AA","county_nam":"Dekalb","county_norm":"DEKALB","prec_id":"AA","precinct_name":"Dekalb - AA","precinct_norm":"DEKALB - AA","precinct_full_name":"Allgood Elementary","has_polygon":true},"geometry":{"type":"Point","coordinates":[-84.21317383460774,33.777281]}},{"type":"Feature","properties":{"id":"2024-13089-IB","county_nam":"Dekalb","county_norm":"DEKALB","prec_id":"IB","precinct_name":"Dekalb - IB","precinct_norm":"DEKALB - IB","precinct_full_name":"Indian Creek","has_polygon":true},"geometry":{"type":"Point","coordinates":[-84.24117911502962,33.7936485]}},{"type":"Feature","properties":{"id":"2024-13089-CY","county_nam":"Dekalb","county_norm":"DEKALB","prec_id":"CY","precinct_name":"Dekalb - CY","precinct_norm":"DEKALB - CY","precinct_full_name":"Clarkston Community Center (Cla)","has_polygon":true},"geometry":{"type":"Point","coordinates":[-84.24080771332785,33.8056385]}},{"type":"Feature","properties":{"id":"2024-13089-MN","county_nam":"Dekalb","county_norm":"DEKALB","prec_id":"MN","precinct_name":"Dekalb - MN","precinct_norm":"DEKALB - MN","precinct_full_name":"Memorial South","has_polygon":true},"geometry":{"type":"Point","coordinates":[-84.22494597447533,33.793347999999995]}},{"type":"Feature","properties":{"id":"2024-13089-JB","county_nam":"Dekalb","county_norm":"DEKALB","prec_id":"JB","precinct_name":"Dekalb - JB","precinct_norm":"DEKALB - JB","precinct_full_name":"Jolly Elementary","has_polygon":true},"geometry":{"type":"Point","coordinates":[-84.22448718996591,33.8085725]}},{"type":"Feature","properties":{"id":"2024-13089-WB","county_nam":"Dekalb","county_norm":"DEKALB","prec_id":"WB","precinct_name":"Dekalb - WB","precinct_norm":"DEKALB - WB","precinct_full_name":"Wesley Chapel Library","has_polygon":true},"geometry":{"type":"Point","coordinates":[-84.21448436719916,33.6971305]}},{"type":"Feature","properties":{"id":"2024-13089-SS","county_nam":"Dekalb","county_norm":"DEKALB","prec_id":"SS","precinct_name":"Dekalb - SS","precinct_norm":"DEKALB - SS","precinct_full_name":"Snapfinger Road S","has_polygon":true},"geometry":{"type":"Point","coordinates":[-84.19918352864283,33.693329000000006]}},{"type":"Feature","properties":{"id":"2024-13089-MF","county_nam":"Dekalb","county_norm":"DEKALB","prec_id":"MF","precinct_name":"Dekalb - MF","precinct_norm":"DEKALB - MF","precinct_full_name":"Mcwilliams","has_polygon":true},"geometry":{"type":"Point","coordinates":[-84.18485256483928,33.695608500000006]}},{"type":"Feature","properties":{"id":"2024-13089-MI","county_nam":"Dekalb","county_norm":"DEKALB","prec_id":"MI","precinct_name":"Dekalb - MI","precinct_norm":"DEKALB - MI","precinct_full_name":"Miller Grove","has_polygon":true},"geometry":{"type":"Point","coordinates":[-84.17943521475195,33.716353]}},{"type":"Feature","properties":{"id":"2024-13089-BM","county_nam":"Dekalb","county_norm":"DEKALB","prec_id":"BM","precinct_name":"Dekalb - BM","precinct_norm":"DEKALB - BM","precinct_full_name":"Bethune Middle","has_polygon":true},"geometry":{"type":"Point","coordinates":[-84.20812351815181,33.719372]}},{"type":"Feature","properties":{"id":"2024-13089-CP","county_nam":"Dekalb","county_norm":"DEKALB","prec_id":"CP","precinct_name":"Dekalb - CP","precinct_norm":"DEKALB - CP","precinct_full_name":"Crossroads","has_polygon":true},"geometry":{"type":"Point","coordinates":[-84.18827766783147,33.748877500000006]}},{"type":"Feature","properties":{"id":"2024-13089-FA","county_nam":"Dekalb","county_norm":"DEKALB","prec_id":"FA","precinct_name":"Dekalb - FA","precinct_norm":"DEKALB - FA","precinct_full_name":"Fairington Elementary","has_polygon":true},"geometry":{"type":"Point","coordinates":[-84.16179345171149,33.694407999999996]}},{"type":"Feature","properties":{"id":"2024-13089-PR","county_nam":"Dekalb","county_norm":"DEKALB","prec_id":"PR","precinct_name":"Dekalb - PR","precinct_norm":"DEKALB - PR","precinct_full_name":"Panola Road","has_polygon":true},"geometry":{"type":"Point","coordinates":[-84.15574246244816,33.715753500000005]}},{"type":"Feature","properties":{"id":"2024-13089-PI","county_nam":"Dekalb","county_norm":"DEKALB","prec_id":"PI","precinct_name":"Dekalb - PI","precinct_norm":"DEKALB - PI","precinct_full_name":"Panola Way Elementary","has_polygon":true},"geometry":{"type":"Point","coordinates":[-84.17775933964595,33.731277000000006]}},{"type":"Feature","properties":{"id":"2024-13089-YA","county_nam":"Dekalb","county_norm":"DEKALB","prec_id":"YA","precinct_name":"Dekalb - YA","precinct_norm":"DEKALB - YA","precinct_full_name":"Young Road","has_polygon":true},"geometry":{"type":"Point","coordinates":[-84.17693734375,33.7389675]}},{"type":"Feature","properties":{"id":"2024-13089-RM","county_nam":"Dekalb","county_norm":"DEKALB","prec_id":"RM","precinct_name":"Dekalb - RM","precinct_norm":"DEKALB - RM","precinct_full_name":"Redan Middle","has_polygon":true},"geometry":{"type":"Point","coordinates":[-84.16134952271128,33.746705500000004]}},{"type":"Feature","properties":{"id":"2024-13089-MC","county_nam":"Dekalb","county_norm":"DEKALB","prec_id":"MC","precinct_name":"Dekalb - MC","precinct_norm":"DEKALB - MC","precinct_full_name":"Marbut Elementary","has_polygon":true},"geometry":{"type":"Point","coordinates":[-84.15440611007801,33.725347]}},{"type":"Feature","properties":{"id":"2024-13089-RK","county_nam":"Dekalb","county_norm":"DEKALB","prec_id":"RK","precinct_name":"Dekalb - RK","precinct_norm":"DEKALB - RK","precinct_full_name":"Redan Road","has_polygon":true},"geometry":{"type":"Point","coordinates":[-84.1560431261062,33.737922]}},{"type":"Feature","properties":{"id":"2024-13089-WG","county_nam":"Dekalb","county_norm":"DEKALB","prec_id":"WG","precinct_name":"Dekalb - WG","precinct_norm":"DEKALB - WG","precinct_full_name":"Woodridge Elementary","has_polygon":true},"geometry":{"type":"Point","coordinates":[-84.20118338104021,33.749257]}},{"type":"Feature","properties":{"id":"2024-13089-RJ","county_nam":"Dekalb","county_norm":"DEKALB","prec_id":"RJ","precinct_name":"Dekalb - RJ","precinct_norm":"DEKALB - RJ","precinct_full_name":"Rowland Road","has_polygon":true},"geometry":{"type":"Point","coordinates":[-84.20227178408065,33.7710625]}},{"type":"Feature","properties":{"id":"2024-13089-WK","county_nam":"Dekalb","county_norm":"DEKALB","prec_id":"WK","precinct_name":"Dekalb - WK","precinct_norm":"DEKALB - WK","precinct_full_name":"White Oak","has_polygon":true},"geometry":{"type":"Point","coordinates":[-84.18652561779325,33.755589]}},{"type":"Feature","properties":{"id":"2024-13121-02A1","county_nam":"Fulton","county_norm":"FULTON","prec_id":"02A1","precinct_name":"Fulton - 02A1","precinct_norm":"FULTON - 02A1","precinct_full_name":"02A1","has_polygon":true},"geometry":{"type":"Point","coordinates":[-84.3854944812102,33.7842535]}},{"type":"Feature","properties":{"id":"2024-13121-02A","county_nam":"Fulton","county_norm":"FULTON","prec_id":"02A","precinct_name":"Fulton - 02A","precinct_norm":"FULTON - 02A","precinct_full_name":"Piedmont Park Magnolia Hall","has_polygon":true},"geometry":{"type":"Point","coordinates":[-84.38105072345132,33.7842535]}},{"type":"Feature","properties":{"id":"2024-13121-06R","county_nam":"Fulton","county_norm":"FULTON","prec_id":"06R","precinct_name":"Fulton - 06R","precinct_norm":"FULTON - 06R","precinct_full_name":"Peachtree Christian Church","has_polygon":true},"geometry":{"type":"Point","coordinates":[-84.38012681661709,33.790608000000006]}},{"type":"Feature","properties":{"id":"2024-13121-06N","county_nam":"Fulton","county_norm":"FULTON","prec_id":"06N","precinct_name":"Fulton - 06N","precinct_norm":"FULTON - 06N","precinct_full_name":"Second Ponce De Leon Baptist Church","has_polygon":true},"geometry":{"type":"Point","coordinates":[-84.38747737531897,33.8071565]}},{"type":"Feature","properties":{"id":"2024-13121-06L2","county_nam":"Fulton","county_norm":"FULTON","prec_id":"06L2","precinct_name":"Fulton - 06L2","precinct_norm":"FULTON - 06L2","precinct_full_name":"Christ Church Presbyterian","has_polygon":true},"geometry":{"type":"Point","coordinates":[-84.38047467013689,33.804608]}},{"type":"Feature","properties":{"id":"2024-13121-02S","county_nam":"Fulton","county_norm":"FULTON","prec_id":"02S","precinct_name":"Fulton - 02S","precinct_norm":"FULTON - 02S","precinct_full_name":"David T. Howard Middle School","has_polygon":true},"geometry":{"type":"Point","coordinates":[-84.37297422592724,33.7556575]}},{"type":"Feature","properties":{"id":"2024-13121-05J","county_nam":"Fulton","county_norm":"FULTON","prec_id":"05J","precinct_name":"Fulton - 05J","precinct_norm":"FULTON - 05J","precinct_full_name":"David T. Howard Middle School","has_polygon":true},"geometry":{"type":"Point","coordinates":[-84.37492306230695,33.762676]}},{"type":"Feature","properties":{"id":"2024-13121-02G","county_nam":"Fulton","county_norm":"FULTON","prec_id":"02G","precinct_name":"Fulton - 02G","precinct_norm":"FULTON - 02G","precinct_full_name":"Helene Mills Senior Center","has_polygon":true},"geometry":{"type":"Point","coordinates":[-84.36675128209748,33.75872]}},{"type":"Feature","properties":{"id":"2024-13121-02D","county_nam":"Fulton","county_norm":"FULTON","prec_id":"02D","precinct_name":"Fulton - 02D","precinct_norm":"FULTON - 02D","precinct_full_name":"Helene Mills Senior Center","has_polygon":true},"geometry":{"type":"Point","coordinates":[-84.36885384374021,33.766077499999994]}},{"type":"Feature","properties":{"id":"2024-13121-02F2","county_nam":"Fulton","county_norm":"FULTON","prec_id":"02F2","precinct_name":"Fulton - 02F2","precinct_norm":"FULTON - 02F2","precinct_full_name":"The Church On Ponce & Highland","has_polygon":true},"geometry":{"type":"Point","coordinates":[-84.36962822646234,33.772495]}},{"type":"Feature","properties":{"id":"2024-13121-02J","county_nam":"Fulton","county_norm":"FULTON","prec_id":"02J","precinct_name":"Fulton - 02J","precinct_norm":"FULTON - 02J","precinct_full_name":"Park Tavern","has_polygon":true},"geometry":{"type":"Point","coordinates":[-84.37372657463979,33.7784255]}},{"type":"Feature","properties":{"id":"2024-13121-06G","county_nam":"Fulton","county_norm":"FULTON","prec_id":"06G","precinct_name":"Fulton - 06G","precinct_norm":"FULTON - 06G","precinct_full_name":"Park Tavern","has_polygon":true},"geometry":{"type":"Point","coordinates":[-84.36783015533877,33.7774765]}},{"type":"Feature","properties":{"id":"2024-13121-06B","county_nam":"Fulton","county_norm":"FULTON","prec_id":"06B","precinct_name":"Fulton - 06B","precinct_norm":"FULTON - 06B","precinct_full_name":"Virginia-Highland Elementary","has_polygon":true},"geometry":{"type":"Point","coordinates":[-84.36213653069805,33.7774765]}},{"type":"Feature","properties":{"id":"2024-13121-02E","county_nam":"Fulton","county_norm":"FULTON","prec_id":"02E","precinct_name":"Fulton - 02E","precinct_norm":"FULTON - 02E","precinct_full_name":"Little 5 Point Community Center","has_polygon":true},"geometry":{"type":"Point","coordinates":[-84.35432358959372,33.760076]}},{"type":"Feature","properties":{"id":"2024-13121-02F1","county_nam":"Fulton","county_norm":"FULTON","prec_id":"02F1","precinct_name":"Fulton - 02F1","precinct_norm":"FULTON - 02F1","precinct_full_name":"The Church On Ponce & Highland","has_polygon":true},"geometry":{"type":"Point","coordinates":[-84.3552377507767,33.768003]}},{"type":"Feature","properties":{"id":"2024-13121-06F","county_nam":"Fulton","county_norm":"FULTON","prec_id":"06F","precinct_name":"Fulton - 06F","precinct_norm":"FULTON - 06F","precinct_full_name":"Ponce De Leon Library","has_polygon":true},"geometry":{"type":"Point","coordinates":[-84.35373112191508,33.7789125]}},{"type":"Feature","properties":{"id":"2024-13121-06L1","county_nam":"Fulton","county_norm":"FULTON","prec_id":"06L1","precinct_name":"Fulton - 06L1","precinct_norm":"FULTON - 06L1","precinct_full_name":"Christ Church Presbyterian","has_polygon":true},"geometry":{"type":"Point","coordinates":[-84.37956587943924,33.7960815]}},{"type":"Feature","properties":{"id":"2024-13121-06J","county_nam":"Fulton","county_norm":"FULTON","prec_id":"06J","precinct_name":"Fulton - 06J","precinct_norm":"FULTON - 06J","precinct_full_name":"Virginia-Highland Elementary","has_polygon":true},"geometry":{"type":"Point","coordinates":[-84.36613701498308,33.788895499999995]}},{"type":"Feature","properties":{"id":"2024-13121-06E","county_nam":"Fulton","county_norm":"FULTON","prec_id":"06E","precinct_name":"Fulton - 06E","precinct_norm":"FULTON - 06E","precinct_full_name":"Morningside Baptist Church Gym","has_polygon":true},"geometry":{"type":"Point","coordinates":[-84.37160126383526,33.804136]}},{"type":"Feature","properties":{"id":"2024-13121-06Q","county_nam":"Fulton","county_norm":"FULTON","prec_id":"06Q","precinct_name":"Fulton - 06Q","precinct_norm":"FULTON - 06Q","precinct_full_name":"Second Ponce De Leon Baptist Church","has_polygon":true},"geometry":{"type":"Point","coordinates":[-84.37094908236976,33.8135435]}},{"type":"Feature","properties":{"id":"2024-13121-06D2","county_nam":"Fulton","county_norm":"FULTON","prec_id":"06D2","precinct_name":"Fulton - 06D2","precinct_norm":"FULTON - 06D2","precinct_full_name":"06D2","has_polygon":true},"geometry":{"type":"Point","coordinates":[-84.35009071762758,33.80982]}},{"type":"Feature","properties":{"id":"2024-13121-06D1","county_nam":"Fulton","county_norm":"FULTON","prec_id":"06D1","precinct_name":"Fulton - 06D1","precinct_norm":"FULTON - 06D1","precinct_full_name":"06D1","has_polygon":true},"geometry":{"type":"Point","coordinates":[-84.35198113900084,33.788895499999995]}},{"type":"Feature","properties":{"id":"2024-13121-06D","county_nam":"Fulton","county_norm":"FULTON","prec_id":"06D","precinct_name":"Fulton - 06D","precinct_norm":"FULTON - 06D","precinct_full_name":"Morningside Baptist Church Gym","has_polygon":true},"geometry":{"type":"Point","coordinates":[-84.35900397367995,33.81214]}},{"type":"Feature","properties":{"id":"2024-13089-MB","county_nam":"Dekalb","county_norm":"DEKALB","prec_id":"MB","precinct_name":"Dekalb - MB","precinct_norm":"DEKALB - MB","precinct_full_name":"Mcnair High","has_polygon":true},"geometry":{"type":"Point","coordinates":[-84.33946119869063,33.712053499999996]}},{"type":"Feature","properties":{"id":"2024-13089-ML","county_nam":"Dekalb","county_norm":"DEKALB","prec_id":"ML","precinct_name":"Dekalb - ML","precinct_norm":"DEKALB - ML","precinct_full_name":"Meadowview","has_polygon":true},"geometry":{"type":"Point","coordinates":[-84.335389725,33.686167]}},{"type":"Feature","properties":{"id":"2024-13089-GC","county_nam":"Dekalb","county_norm":"DEKALB","prec_id":"GC","precinct_name":"Dekalb - GC","precinct_norm":"DEKALB - GC","precinct_full_name":"Gresham Road","has_polygon":true},"geometry":{"type":"Point","coordinates":[-84.31730403217159,33.7144605]}},{"type":"Feature","properties":{"id":"2024-13089-BR","county_nam":"Dekalb","county_norm":"DEKALB","prec_id":"BR","precinct_name":"Dekalb - BR","precinct_norm":"DEKALB - BR","precinct_full_name":"Burgess Elementary (Atlanta)","has_polygon":true},"geometry":{"type":"Point","coordinates":[-84.33348493598884,33.730954]}},{"type":"Feature","properties":{"id":"2024-13089-MT","county_nam":"Dekalb","county_norm":"DEKALB","prec_id":"MT","precinct_name":"Dekalb - MT","precinct_norm":"DEKALB - MT","precinct_full_name":"Metropolitan (Atlanta)","has_polygon":true},"geometry":{"type":"Point","coordinates":[-84.33893057819628,33.746058500000004]}},{"type":"Feature","properties":{"id":"2024-13089-PN","county_nam":"Dekalb","county_norm":"DEKALB","prec_id":"PN","precinct_name":"Dekalb - PN","precinct_norm":"DEKALB - PN","precinct_full_name":"Piney Grove","has_polygon":true},"geometry":{"type":"Point","coordinates":[-84.32527631087936,33.7313065]}},{"type":"Feature","properties":{"id":"2024-13089-TA","county_nam":"Dekalb","county_norm":"DEKALB","prec_id":"TA","precinct_name":"Dekalb - TA","precinct_norm":"DEKALB - TA","precinct_full_name":"Terry Mill","has_polygon":true},"geometry":{"type":"Point","coordinates":[-84.31497168072393,33.729405]}},{"type":"Feature","properties":{"id":"2024-13089-CL","county_nam":"Dekalb","county_norm":"DEKALB","prec_id":"CL","precinct_name":"Dekalb - CL","precinct_norm":"DEKALB - CL","precinct_full_name":"Clifton","has_polygon":true},"geometry":{"type":"Point","coordinates":[-84.29609592956307,33.695100499999995]}},{"type":"Feature","properties":{"id":"2024-13089-CR","county_nam":"Dekalb","county_norm":"DEKALB","prec_id":"CR","precinct_name":"Dekalb - CR","precinct_norm":"DEKALB - CR","precinct_full_name":"Cedar Grove Middle","has_polygon":true},"geometry":{"type":"Point","coordinates":[-84.28760266512558,33.689235499999995]}},{"type":"Feature","properties":{"id":"2024-13089-FJ","county_nam":"Dekalb","county_norm":"DEKALB","prec_id":"FJ","precinct_name":"Dekalb - FJ","precinct_norm":"DEKALB - FJ","precinct_full_name":"Flat Shoals","has_polygon":true},"geometry":{"type":"Point","coordinates":[-84.27906132307692,33.700812]}},{"type":"Feature","properties":{"id":"2024-13089-FC","county_nam":"Dekalb","county_norm":"DEKALB","prec_id":"FC","precinct_name":"Dekalb - FC","precinct_norm":"DEKALB - FC","precinct_full_name":"Flat Shoals Elementary","has_polygon":true},"geometry":{"type":"Point","coordinates":[-84.28724257961726,33.709398500000006]}},{"type":"Feature","properties":{"id":"2024-13089-MP","county_nam":"Dekalb","county_norm":"DEKALB","prec_id":"MP","precinct_name":"Dekalb - MP","precinct_norm":"DEKALB - MP","precinct_full_name":"Mcnair Academy","has_polygon":true},"geometry":{"type":"Point","coordinates":[-84.30524069033598,33.729296500000004]}},{"type":"Feature","properties":{"id":"2024-13089-EA","county_nam":"Dekalb","county_norm":"DEKALB","prec_id":"EA","precinct_name":"Dekalb - EA","precinct_norm":"DEKALB - EA","precinct_full_name":"East Lake (Atlanta)","has_polygon":true},"geometry":{"type":"Point","coordinates":[-84.30356572312257,33.746097500000005]}},{"type":"Feature","properties":{"id":"2024-13089-MD","county_nam":"Dekalb","county_norm":"DEKALB","prec_id":"MD","precinct_name":"Dekalb - MD","precinct_norm":"DEKALB - MD","precinct_full_name":"Mcnair","has_polygon":true},"geometry":{"type":"Point","coordinates":[-84.2959861779324,33.727063]}},{"type":"Feature","properties":{"id":"2024-13089-KA","county_nam":"Dekalb","county_norm":"DEKALB","prec_id":"KA","precinct_name":"Dekalb - KA","precinct_norm":"DEKALB - KA","precinct_full_name":"Kelley Lake Elementary","has_polygon":true},"geometry":{"type":"Point","coordinates":[-84.28580142431674,33.720771]}},{"type":"Feature","properties":{"id":"2024-13089-CQ","county_nam":"Dekalb","county_norm":"DEKALB","prec_id":"CQ","precinct_name":"Dekalb - CQ","precinct_norm":"DEKALB - CQ","precinct_full_name":"Candler","has_polygon":true},"geometry":{"type":"Point","coordinates":[-84.27992349098798,33.741488000000004]}},{"type":"Feature","properties":{"id":"2024-13089-CN","county_nam":"Dekalb","county_norm":"DEKALB","prec_id":"CN","precinct_name":"Dekalb - CN","precinct_norm":"DEKALB - CN","precinct_full_name":"Coan Recreation Center (Atlanta)","has_polygon":true},"geometry":{"type":"Point","coordinates":[-84.33972179529019,33.755207]}},{"type":"Feature","properties":{"id":"2024-13089-CX","county_nam":"Dekalb","county_norm":"DEKALB","prec_id":"CX","precinct_name":"Dekalb - CX","precinct_norm":"DEKALB - CX","precinct_full_name":"Candler Park (Atlanta)","has_polygon":true},"geometry":{"type":"Point","coordinates":[-84.32940987025759,33.7668455]}},{"type":"Feature","properties":{"id":"2024-13089-LE","county_nam":"Dekalb","county_norm":"DEKALB","prec_id":"LE","precinct_name":"Dekalb - LE","precinct_norm":"DEKALB - LE","precinct_full_name":"Lin-Mary Lin Elementary (Atlanta)","has_polygon":true},"geometry":{"type":"Point","coordinates":[-84.34255962280912,33.773851]}},{"type":"Feature","properties":{"id":"2024-13089-BB","county_nam":"Dekalb","county_norm":"DEKALB","prec_id":"BB","precinct_name":"Dekalb - BB","precinct_norm":"DEKALB - BB","precinct_full_name":"Boulevard (Atlanta)","has_polygon":true},"geometry":{"type":"Point","coordinates":[-84.32076432734647,33.757661999999996]}},{"type":"Feature","properties":{"id":"2024-13089-FB","county_nam":"Dekalb","county_norm":"DEKALB","prec_id":"FB","precinct_name":"Dekalb - FB","precinct_norm":"DEKALB - FB","precinct_full_name":"Fernbank Elementary","has_polygon":true},"geometry":{"type":"Point","coordinates":[-84.32154962393557,33.777226999999996]}},{"type":"Feature","properties":{"id":"2024-13089-EG","county_nam":"Dekalb","county_norm":"DEKALB","prec_id":"EG","precinct_name":"Dekalb - EG","precinct_norm":"DEKALB - EG","precinct_full_name":"Emory South","has_polygon":true},"geometry":{"type":"Point","coordinates":[-84.33706885857484,33.7917]}},{"type":"Feature","properties":{"id":"2024-13089-JA","county_nam":"Dekalb","county_norm":"DEKALB","prec_id":"JA","precinct_name":"Dekalb - JA","precinct_norm":"DEKALB - JA","precinct_full_name":"Johnson Estates (Atlanta)","has_polygon":true},"geometry":{"type":"Point","coordinates":[-84.34417623553888,33.798306999999994]}},{"type":"Feature","properties":{"id":"2024-13089-BC","county_nam":"Dekalb","county_norm":"DEKALB","prec_id":"BC","precinct_name":"Dekalb - BC","precinct_norm":"DEKALB - BC","precinct_full_name":"Briar Vista Elementary","has_polygon":true},"geometry":{"type":"Point","coordinates":[-84.33771139679803,33.812351]}},{"type":"Feature","properties":{"id":"2024-13089-DH","county_nam":"Dekalb","county_norm":"DEKALB","prec_id":"DH","precinct_name":"Dekalb - DH","precinct_norm":"DEKALB - DH","precinct_full_name":"Druid Hills High","has_polygon":true},"geometry":{"type":"Point","coordinates":[-84.31891220454644,33.7942255]}},{"type":"Feature","properties":{"id":"2024-13089-ER","county_nam":"Dekalb","county_norm":"DEKALB","prec_id":"ER","precinct_name":"Dekalb - ER","precinct_norm":"DEKALB - ER","precinct_full_name":"Emory Road","has_polygon":true},"geometry":{"type":"Point","coordinates":[-84.32171207765859,33.802465999999995]}},{"type":"Feature","properties":{"id":"2024-13089-LB","county_nam":"Dekalb","county_norm":"DEKALB","prec_id":"LB","precinct_name":"Dekalb - LB","precinct_norm":"DEKALB - LB","precinct_full_name":"Lavista Road","has_polygon":true},"geometry":{"type":"Point","coordinates":[-84.31683663098937,33.8142165]}},{"type":"Feature","properties":{"id":"2024-13089-OK","county_nam":"Dekalb","county_norm":"DEKALB","prec_id":"OK","precinct_name":"Dekalb - OK","precinct_norm":"DEKALB - OK","precinct_full_name":"Oakhurst (Decatur)","has_polygon":true},"geometry":{"type":"Point","coordinates":[-84.30697169685558,33.761862]}},{"type":"Feature","properties":{"id":"2024-13089-DD","county_nam":"Dekalb","county_norm":"DEKALB","prec_id":"DD","precinct_name":"Dekalb - DD","precinct_norm":"DEKALB - DD","precinct_full_name":"Decatur (Decatur)","has_polygon":true},"geometry":{"type":"Point","coordinates":[-84.2974069700061,33.7590855]}},{"type":"Feature","properties":{"id":"2024-13089-PG","county_nam":"Dekalb","county_norm":"DEKALB","prec_id":"PG","precinct_name":"Dekalb - PG","precinct_norm":"DEKALB - PG","precinct_full_name":"Ponce De Leon (Decatur)","has_polygon":true},"geometry":{"type":"Point","coordinates":[-84.30593896175534,33.770360499999995]}},{"type":"Feature","properties":{"id":"2024-13089-CV","county_nam":"Dekalb","county_norm":"DEKALB","prec_id":"CV","precinct_name":"Dekalb - CV","precinct_norm":"DEKALB - CV","precinct_full_name":"Clairemont East (Decatur)","has_polygon":true},"geometry":{"type":"Point","coordinates":[-84.30503484105547,33.784432499999994]}},{"type":"Feature","properties":{"id":"2024-13089-WF","county_nam":"Dekalb","county_norm":"DEKALB","prec_id":"WF","precinct_name":"Dekalb - WF","precinct_norm":"DEKALB - WF","precinct_full_name":"Winnona Park (Decatur)","has_polygon":true},"geometry":{"type":"Point","coordinates":[-84.28525991867144,33.761555]}},{"type":"Feature","properties":{"id":"2024-13089-GA","county_nam":"Dekalb","county_norm":"DEKALB","prec_id":"GA","precinct_name":"Dekalb - GA","precinct_norm":"DEKALB - GA","precinct_full_name":"Glennwood (Decatur)","has_polygon":true},"geometry":{"type":"Point","coordinates":[-84.28822312892893,33.775627]}},{"type":"Feature","properties":{"id":"2024-13089-CI","county_nam":"Dekalb","county_norm":"DEKALB","prec_id":"CI","precinct_name":"Dekalb - CI","precinct_norm":"DEKALB - CI","precinct_full_name":"Clairemont West (Decatur)","has_polygon":true},"geometry":{"type":"Point","coordinates":[-84.29082420077748,33.7846585]}},{"type":"Feature","properties":{"id":"2024-13089-SB","county_nam":"Dekalb","county_norm":"DEKALB","prec_id":"SB","precinct_name":"Dekalb - SB","precinct_norm":"DEKALB - SB","precinct_full_name":"Scott","has_polygon":true},"geometry":{"type":"Point","coordinates":[-84.29120439405074,33.790487999999996]}},{"type":"Feature","properties":{"id":"2024-13089-MG","county_nam":"Dekalb","county_norm":"DEKALB","prec_id":"MG","precinct_name":"Dekalb - MG","precinct_norm":"DEKALB - MG","precinct_full_name":"Medlock","has_polygon":true},"geometry":{"type":"Point","coordinates":[-84.28885180387869,33.8003715]}},{"type":"Feature","properties":{"id":"2024-13089-CJ","county_nam":"Dekalb","county_norm":"DEKALB","prec_id":"CJ","precinct_name":"Dekalb - CJ","precinct_norm":"DEKALB - CJ","precinct_full_name":"Clairmont Road","has_polygon":true},"geometry":{"type":"Point","coordinates":[-84.29693841459576,33.8082075]}},{"type":"Feature","properties":{"id":"2024-13063-JB08","county_nam":"Clayton","county_norm":"CLAYTON","prec_id":"JB08","precinct_name":"Clayton - JB08","precinct_norm":"CLAYTON - JB08","precinct_full_name":"Jonesboro 8","has_polygon":true},"geometry":{"type":"Point","coordinates":[-84.28110107110786,33.559119]}},{"type":"Feature","properties":{"id":"2024-13063-MO08","county_nam":"Clayton","county_norm":"CLAYTON","prec_id":"MO08","precinct_name":"Clayton - MO08","precinct_norm":"CLAYTON - MO08","precinct_full_name":"Morrow 8","has_polygon":true},"geometry":{"type":"Point","coordinates":[-84.27772372203273,33.568552]}},{"type":"Feature","properties":{"id":"2024-13063-MO05","county_nam":"Clayton","county_norm":"CLAYTON","prec_id":"MO05","precinct_name":"Clayton - MO05","precinct_norm":"CLAYTON - MO05","precinct_full_name":"Morrow 5","has_polygon":true},"geometry":{"type":"Point","coordinates":[-84.28136979988598,33.596577499999995]}},{"type":"Feature","properties":{"id":"2024-13063-MO10","county_nam":"Clayton","county_norm":"CLAYTON","prec_id":"MO10","precinct_name":"Clayton - MO10","precinct_norm":"CLAYTON - MO10","precinct_full_name":"Morrow 10","has_polygon":true},"geometry":{"type":"Point","coordinates":[-84.25761136557638,33.5917475]}},{"type":"Feature","properties":{"id":"2024-13051-5-10C","county_nam":"Chatham","county_norm":"CHATHAM","prec_id":"5-10C","precinct_name":"Chatham - 5-10C","precinct_norm":"CHATHAM - 5-10C","precinct_full_name":"Jonesville Baptist Church","has_polygon":true},"geometry":{"type":"Point","coordinates":[-81.12100673841184,32.0357785]}},{"type":"Feature","properties":{"id":"2024-13051-1-06C","county_nam":"Chatham","county_norm":"CHATHAM","prec_id":"1-06C","precinct_name":"Chatham - 1-06C","precinct_norm":"CHATHAM - 1-06C","precinct_full_name":"Central Church Of Christ","has_polygon":true},"geometry":{"type":"Point","coordinates":[-81.10506513396226,32.0200685]}},{"type":"Feature","properties":{"id":"2024-13051-1-08C","county_nam":"Chatham","county_norm":"CHATHAM","prec_id":"1-08C","precinct_name":"Chatham - 1-08C","precinct_norm":"CHATHAM - 1-08C","precinct_full_name":"Grace United Methodist Church","has_polygon":true},"geometry":{"type":"Point","coordinates":[-81.08936819389027,32.007003999999995]}},{"type":"Feature","properties":{"id":"2024-13051-3-14C","county_nam":"Chatham","county_norm":"CHATHAM","prec_id":"3-14C","precinct_name":"Chatham - 3-14C","precinct_norm":"CHATHAM - 3-14C","precinct_full_name":"Oglethorpe Charter Academy","has_polygon":true},"geometry":{"type":"Point","coordinates":[-81.06888602777838,32.003178000000005]}},{"type":"Feature","properties":{"id":"2024-13051-3-11C","county_nam":"Chatham","county_norm":"CHATHAM","prec_id":"3-11C","precinct_name":"Chatham - 3-11C","precinct_norm":"CHATHAM - 3-11C","precinct_full_name":"Southside Baptist Ch","has_polygon":true},"geometry":{"type":"Point","coordinates":[-81.07426414824295,32.0089465]}},{"type":"Feature","properties":{"id":"2024-13051-1-05C","county_nam":"Chatham","county_norm":"CHATHAM","prec_id":"1-05C","precinct_name":"Chatham - 1-05C","precinct_norm":"CHATHAM - 1-05C","precinct_full_name":"J E A","has_polygon":true},"geometry":{"type":"Point","coordinates":[-81.09997623243657,32.0342665]}},{"type":"Feature","properties":{"id":"2024-13051-1-01C","county_nam":"Chatham","county_norm":"CHATHAM","prec_id":"1-01C","precinct_name":"Chatham - 1-01C","precinct_norm":"CHATHAM - 1-01C","precinct_full_name":"First Presbyterian Church","has_polygon":true},"geometry":{"type":"Point","coordinates":[-81.09506520177665,32.0466615]}},{"type":"Feature","properties":{"id":"2024-13051-2-11C","county_nam":"Chatham","county_norm":"CHATHAM","prec_id":"2-11C","precinct_name":"Chatham - 2-11C","precinct_norm":"CHATHAM - 2-11C","precinct_full_name":"Coastal Cathedral Mission Campus","has_polygon":true},"geometry":{"type":"Point","coordinates":[-81.08827328563049,32.03235]}},{"type":"Feature","properties":{"id":"2024-13051-3-09C","county_nam":"Chatham","county_norm":"CHATHAM","prec_id":"3-09C","precinct_name":"Chatham - 3-09C","precinct_norm":"CHATHAM - 3-09C","precinct_full_name":"The Connexion Church","has_polygon":true},"geometry":{"type":"Point","coordinates":[-81.08130505017007,32.022588]}},{"type":"Feature","properties":{"id":"2024-13051-3-10C","county_nam":"Chatham","county_norm":"CHATHAM","prec_id":"3-10C","precinct_name":"Chatham - 3-10C","precinct_norm":"CHATHAM - 3-10C","precinct_full_name":"Bible Baptist Church","has_polygon":true},"geometry":{"type":"Point","coordinates":[-81.06694774389096,32.029438]}},{"type":"Feature","properties":{"id":"2024-13051-2-09C","county_nam":"Chatham","county_norm":"CHATHAM","prec_id":"2-09C","precinct_name":"Chatham - 2-09C","precinct_norm":"CHATHAM - 2-09C","precinct_full_name":"Salvation Army","has_polygon":true},"geometry":{"type":"Point","coordinates":[-81.07506577555581,32.046223499999996]}},{"type":"Feature","properties":{"id":"2024-13051-8-11C","county_nam":"Chatham","county_norm":"CHATHAM","prec_id":"8-11C","precinct_name":"Chatham - 8-11C","precinct_norm":"CHATHAM - 8-11C","precinct_full_name":"Butler Elementary Sc","has_polygon":true},"geometry":{"type":"Point","coordinates":[-81.12730908141918,32.065411499999996]}},{"type":"Feature","properties":{"id":"2024-13051-8-10C","county_nam":"Chatham","county_norm":"CHATHAM","prec_id":"8-10C","precinct_name":"Chatham - 8-10C","precinct_norm":"CHATHAM - 8-10C","precinct_full_name":"Carver Heights Community","has_polygon":true},"geometry":{"type":"Point","coordinates":[-81.12292822241483,32.074667000000005]}},{"type":"Feature","properties":{"id":"2024-13051-5-03C","county_nam":"Chatham","county_norm":"CHATHAM","prec_id":"5-03C","precinct_name":"Chatham - 5-03C","precinct_norm":"CHATHAM - 5-03C","precinct_full_name":"Butler Presbyterian Church Ed Bldg","has_polygon":true},"geometry":{"type":"Point","coordinates":[-81.10906575848125,32.0483975]}},{"type":"Feature","properties":{"id":"2024-13051-8-06C","county_nam":"Chatham","county_norm":"CHATHAM","prec_id":"8-06C","precinct_name":"Chatham - 8-06C","precinct_norm":"CHATHAM - 8-06C","precinct_full_name":"Tompkins Recreation Center","has_polygon":true},"geometry":{"type":"Point","coordinates":[-81.11479502272726,32.061721500000004]}},{"type":"Feature","properties":{"id":"2024-13051-8-05C","county_nam":"Chatham","county_norm":"CHATHAM","prec_id":"8-05C","precinct_name":"Chatham - 8-05C","precinct_norm":"CHATHAM - 8-05C","precinct_full_name":"West Broad Street Ymca","has_polygon":true},"geometry":{"type":"Point","coordinates":[-81.1041117380368,32.066705]}},{"type":"Feature","properties":{"id":"2024-13051-8-09C","county_nam":"Chatham","county_norm":"CHATHAM","prec_id":"8-09C","precinct_name":"Chatham - 8-09C","precinct_norm":"CHATHAM - 8-09C","precinct_full_name":"Moses Jackson Center","has_polygon":true},"geometry":{"type":"Point","coordinates":[-81.11670449104051,32.083984]}},{"type":"Feature","properties":{"id":"2024-13051-2-12C","county_nam":"Chatham","county_norm":"CHATHAM","prec_id":"2-12C","precinct_name":"Chatham - 2-12C","precinct_norm":"CHATHAM - 2-12C","precinct_full_name":"Williams Court Apts","has_polygon":true},"geometry":{"type":"Point","coordinates":[-81.09999091184932,32.055822]}},{"type":"Feature","properties":{"id":"2024-13051-8-02C","county_nam":"Chatham","county_norm":"CHATHAM","prec_id":"8-02C","precinct_name":"Chatham - 8-02C","precinct_norm":"CHATHAM - 8-02C","precinct_full_name":"Hellenic Center","has_polygon":true},"geometry":{"type":"Point","coordinates":[-81.0995896939248,32.064502000000005]}},{"type":"Feature","properties":{"id":"2024-13051-2-05C","county_nam":"Chatham","county_norm":"CHATHAM","prec_id":"2-05C","precinct_name":"Chatham - 2-05C","precinct_norm":"CHATHAM - 2-05C","precinct_full_name":"Holy Spirit Lutheran Church","has_polygon":true},"geometry":{"type":"Point","coordinates":[-81.08591295244821,32.052651499999996]}},{"type":"Feature","properties":{"id":"2024-13051-3-02C","county_nam":"Chatham","county_norm":"CHATHAM","prec_id":"3-02C","precinct_name":"Chatham - 3-02C","precinct_norm":"CHATHAM - 3-02C","precinct_full_name":"Temple Mickve Israel","has_polygon":true},"geometry":{"type":"Point","coordinates":[-81.0945583446861,32.072070499999995]}},{"type":"Feature","properties":{"id":"2024-13051-2-03C","county_nam":"Chatham","county_norm":"CHATHAM","prec_id":"2-03C","precinct_name":"Chatham - 2-03C","precinct_norm":"CHATHAM - 2-03C","precinct_full_name":"W W Law Center","has_polygon":true},"geometry":{"type":"Point","coordinates":[-81.09010516597877,32.0642965]}},{"type":"Feature","properties":{"id":"2024-13051-2-04C","county_nam":"Chatham","county_norm":"CHATHAM","prec_id":"2-04C","precinct_name":"Chatham - 2-04C","precinct_norm":"CHATHAM - 2-04C","precinct_full_name":"Fellowship Of Love Community Church","has_polygon":true},"geometry":{"type":"Point","coordinates":[-81.08357379793983,32.057074]}},{"type":"Feature","properties":{"id":"2024-13051-2-07C","county_nam":"Chatham","county_norm":"CHATHAM","prec_id":"2-07C","precinct_name":"Chatham - 2-07C","precinct_norm":"CHATHAM - 2-07C","precinct_full_name":"Christ Community Church At Morningside","has_polygon":true},"geometry":{"type":"Point","coordinates":[-81.070864379971,32.0603495]}},{"type":"Feature","properties":{"id":"2024-13051-2-02C","county_nam":"Chatham","county_norm":"CHATHAM","prec_id":"2-02C","precinct_name":"Chatham - 2-02C","precinct_norm":"CHATHAM - 2-02C","precinct_full_name":"River Pointe","has_polygon":true},"geometry":{"type":"Point","coordinates":[-81.0810555152448,32.069085]}},{"type":"Feature","properties":{"id":"2024-13051-8-01C","county_nam":"Chatham","county_norm":"CHATHAM","prec_id":"8-01C","precinct_name":"Chatham - 8-01C","precinct_norm":"CHATHAM - 8-01C","precinct_full_name":"Ralph Mark Gilbert Civil Rights Museum","has_polygon":true},"geometry":{"type":"Point","coordinates":[-81.0799957678864,32.087502]}},{"type":"Feature","properties":{"id":"2024-13051-3-13C","county_nam":"Chatham","county_norm":"CHATHAM","prec_id":"3-13C","precinct_name":"Chatham - 3-13C","precinct_norm":"CHATHAM - 3-13C","precinct_full_name":"New Cov 7 Day Adv Ch","has_polygon":true},"geometry":{"type":"Point","coordinates":[-81.05863362736333,32.0056065]}},{"type":"Feature","properties":{"id":"2024-13051-1-12C","county_nam":"Chatham","county_norm":"CHATHAM","prec_id":"1-12C","precinct_name":"Chatham - 1-12C","precinct_norm":"CHATHAM - 1-12C","precinct_full_name":"Isle Of Hope Baptist","has_polygon":true},"geometry":{"type":"Point","coordinates":[-81.03544629925872,31.999091]}},{"type":"Feature","properties":{"id":"2024-13051-3-05C","county_nam":"Chatham","county_norm":"CHATHAM","prec_id":"3-05C","precinct_name":"Chatham - 3-05C","precinct_norm":"CHATHAM - 3-05C","precinct_full_name":"New Generations Cathedral","has_polygon":true},"geometry":{"type":"Point","coordinates":[-81.05889279387003,32.044868]}},{"type":"Feature","properties":{"id":"2024-13051-3-12C","county_nam":"Chatham","county_norm":"CHATHAM","prec_id":"3-12C","precinct_name":"Chatham - 3-12C","precinct_norm":"CHATHAM - 3-12C","precinct_full_name":"Thunderbolt Mun Comp","has_polygon":true},"geometry":{"type":"Point","coordinates":[-81.050435181657,32.024198]}},{"type":"Feature","properties":{"id":"2024-13051-1-17C","county_nam":"Chatham","county_norm":"CHATHAM","prec_id":"1-17C","precinct_name":"Chatham - 1-17C","precinct_norm":"CHATHAM - 1-17C","precinct_full_name":"Islands Christian Ch","has_polygon":true},"geometry":{"type":"Point","coordinates":[-81.01821698284314,32.034636]}},{"type":"Feature","properties":{"id":"2024-13051-3-04C","county_nam":"Chatham","county_norm":"CHATHAM","prec_id":"3-04C","precinct_name":"Chatham - 3-04C","precinct_norm":"CHATHAM - 3-04C","precinct_full_name":"First African Baptist Church","has_polygon":true},"geometry":{"type":"Point","coordinates":[-81.05789460109717,32.0557205]}},{"type":"Feature","properties":{"id":"2024-13051-3-03C","county_nam":"Chatham","county_norm":"CHATHAM","prec_id":"3-03C","precinct_name":"Chatham - 3-03C","precinct_norm":"CHATHAM - 3-03C","precinct_full_name":"Savannah High School","has_polygon":true},"geometry":{"type":"Point","coordinates":[-81.046991355583,32.0540605]}},{"type":"Feature","properties":{"id":"2024-13051-2-06C","county_nam":"Chatham","county_norm":"CHATHAM","prec_id":"2-06C","precinct_name":"Chatham - 2-06C","precinct_norm":"CHATHAM - 2-06C","precinct_full_name":"Eli Whitney Complex","has_polygon":true},"geometry":{"type":"Point","coordinates":[-81.04204122594118,32.072401]}},{"type":"Feature","properties":{"id":"2024-13051-8-08C","county_nam":"Chatham","county_norm":"CHATHAM","prec_id":"8-08C","precinct_name":"Chatham - 8-08C","precinct_norm":"CHATHAM - 8-08C","precinct_full_name":"Resurrection Of Our Lord Catholic Church","has_polygon":true},"geometry":{"type":"Point","coordinates":[-81.12344986238415,32.1174355]}},{"type":"Feature","properties":{"id":"2024-13103-2C","county_nam":"Effingham","county_norm":"EFFINGHAM","prec_id":"2C","precinct_name":"Effingham - 2C","precinct_norm":"EFFINGHAM - 2C","precinct_full_name":"Bible Lutheran Church","has_polygon":true},"geometry":{"type":"Point","coordinates":[-81.25052283216249,32.250976]}},{"type":"Feature","properties":{"id":"2024-13103-5C","county_nam":"Effingham","county_norm":"EFFINGHAM","prec_id":"5C","precinct_name":"Effingham - 5C","precinct_norm":"EFFINGHAM - 5C","precinct_full_name":"Rincon First Christian Church","has_polygon":true},"geometry":{"type":"Point","coordinates":[-81.20581804764467,32.2878705]}},{"type":"Feature","properties":{"id":"2024-13103-5A","county_nam":"Effingham","county_norm":"EFFINGHAM","prec_id":"5A","precinct_name":"Effingham - 5A","precinct_norm":"EFFINGHAM - 5A","precinct_full_name":"Macomber Recreational Center","has_polygon":true},"geometry":{"type":"Point","coordinates":[-81.23434407636233,32.330343]}},{"type":"Feature","properties":{"id":"2024-13103-5D","county_nam":"Effingham","county_norm":"EFFINGHAM","prec_id":"5D","precinct_name":"Effingham - 5D","precinct_norm":"EFFINGHAM - 5D","precinct_full_name":"5D","has_polygon":true},"geometry":{"type":"Point","coordinates":[-81.15558431479957,32.289178]}},{"type":"Feature","properties":{"id":"2024-13103-5B","county_nam":"Effingham","county_norm":"EFFINGHAM","prec_id":"5B","precinct_name":"Effingham - 5B","precinct_norm":"EFFINGHAM - 5B","precinct_full_name":"Rincon Baptist Temple","has_polygon":true},"geometry":{"type":"Point","coordinates":[-81.19256649593024,32.3312295]}},{"type":"Feature","properties":{"id":"2024-13103-4A","county_nam":"Effingham","county_norm":"EFFINGHAM","prec_id":"4A","precinct_name":"Effingham - 4A","precinct_norm":"EFFINGHAM - 4A","precinct_full_name":"Springfield Methodist Family Life Center","has_polygon":true},"geometry":{"type":"Point","coordinates":[-81.24707352541954,32.38205]}},{"type":"Feature","properties":{"id":"2024-13051-4-08C","county_nam":"Chatham","county_norm":"CHATHAM","prec_id":"4-08C","precinct_name":"Chatham - 4-08C","precinct_norm":"CHATHAM - 4-08C","precinct_full_name":"Wilmington Island Presbyterian Church","has_polygon":true},"geometry":{"type":"Point","coordinates":[-80.99312333360098,31.9910305]}},{"type":"Feature","properties":{"id":"2024-13051-4-07C","county_nam":"Chatham","county_norm":"CHATHAM","prec_id":"4-07C","precinct_name":"Chatham - 4-07C","precinct_norm":"CHATHAM - 4-07C","precinct_full_name":"Wilmington Island United Methodist Church","has_polygon":true},"geometry":{"type":"Point","coordinates":[-80.97105963132478,31.998733]}},{"type":"Feature","properties":{"id":"2024-13051-4-04C","county_nam":"Chatham","county_norm":"CHATHAM","prec_id":"4-04C","precinct_name":"Chatham - 4-04C","precinct_norm":"CHATHAM - 4-04C","precinct_full_name":"Lighthouse Baptist Church","has_polygon":true},"geometry":{"type":"Point","coordinates":[-80.97800413469939,32.0287905]}},{"type":"Feature","properties":{"id":"2024-13051-4-06C","county_nam":"Chatham","county_norm":"CHATHAM","prec_id":"4-06C","precinct_name":"Chatham - 4-06C","precinct_norm":"CHATHAM - 4-06C","precinct_full_name":"First Baptist Church Of The Island","has_polygon":true},"geometry":{"type":"Point","coordinates":[-80.9449023477885,31.992534499999998]}},{"type":"Feature","properties":{"id":"2024-13051-4-05C","county_nam":"Chatham","county_norm":"CHATHAM","prec_id":"4-05C","precinct_name":"Chatham - 4-05C","precinct_norm":"CHATHAM - 4-05C","precinct_full_name":"Saint Francis Episcopal Church","has_polygon":true},"geometry":{"type":"Point","coordinates":[-80.95313784237484,32.0220295]}},{"type":"Feature","properties":{"id":"2024-13051-4-02C","county_nam":"Chatham","county_norm":"CHATHAM","prec_id":"4-02C","precinct_name":"Chatham - 4-02C","precinct_norm":"CHATHAM - 4-02C","precinct_full_name":"Islands High School Annex","has_polygon":true},"geometry":{"type":"Point","coordinates":[-80.9906790694557,32.0470035]}},{"type":"Feature","properties":{"id":"2024-13051-4-11C","county_nam":"Chatham","county_norm":"CHATHAM","prec_id":"4-11C","precinct_name":"Chatham - 4-11C","precinct_norm":"CHATHAM - 4-11C","precinct_full_name":"Tybee Old School Cafe","has_polygon":true},"geometry":{"type":"Point","coordinates":[-80.84703549565972,32.0001255]}},{"type":"Feature","properties":{"id":"2024-13251-5","county_nam":"Screven","county_norm":"SCREVEN","prec_id":"5","precinct_name":"Screven - 5","precinct_norm":"SCREVEN - 5","precinct_full_name":"Jenk Hill Fire Station 2","has_polygon":true},"geometry":{"type":"Point","coordinates":[-81.70355464767965,32.62202550000001]}},{"type":"Feature","properties":{"id":"2024-13251-6","county_nam":"Screven","county_norm":"SCREVEN","prec_id":"6","precinct_name":"Screven - 6","precinct_norm":"SCREVEN - 6","precinct_full_name":"Bay Branch Fire Station 9","has_polygon":true},"geometry":{"type":"Point","coordinates":[-81.76344820837629,32.753656]}},{"type":"Feature","properties":{"id":"2024-13251-7","county_nam":"Screven","county_norm":"SCREVEN","prec_id":"7","precinct_name":"Screven - 7","precinct_norm":"SCREVEN - 7","precinct_full_name":"Cail Community Center","has_polygon":true},"geometry":{"type":"Point","coordinates":[-81.66635874568965,32.7474795]}},{"type":"Feature","properties":{"id":"2024-13251-3","county_nam":"Screven","county_norm":"SCREVEN","prec_id":"3","precinct_name":"Screven - 3","precinct_norm":"SCREVEN - 3","precinct_full_name":"Fire Station #10-Robbins Branch","has_polygon":true},"geometry":{"type":"Point","coordinates":[-81.58474044486289,32.656109]}},{"type":"Feature","properties":{"id":"2024-13033-9","county_nam":"Burke","county_norm":"BURKE","prec_id":"9","precinct_name":"Burke - 9","precinct_norm":"BURKE - 9","precinct_full_name":"Sardis","has_polygon":true},"geometry":{"type":"Point","coordinates":[-81.75580162336477,32.970582500000006]}},{"type":"Feature","properties":{"id":"2024-13251-2","county_nam":"Screven","county_norm":"SCREVEN","prec_id":"2","precinct_name":"Screven - 2","precinct_norm":"SCREVEN - 2","precinct_full_name":"Senior Citizens Center","has_polygon":true},"geometry":{"type":"Point","coordinates":[-81.62343256847578,32.785573]}},{"type":"Feature","properties":{"id":"2024-13251-1","county_nam":"Screven","county_norm":"SCREVEN","prec_id":"1","precinct_name":"Screven - 1","precinct_norm":"SCREVEN - 1","precinct_full_name":"Hiltonia Town Hall","has_polygon":true},"geometry":{"type":"Point","coordinates":[-81.62654131312334,32.898966]}},{"type":"Feature","properties":{"id":"2024-13251-4","county_nam":"Screven","county_norm":"SCREVEN","prec_id":"4","precinct_name":"Screven - 4","precinct_norm":"SCREVEN - 4","precinct_full_name":"Planters Annex","has_polygon":true},"geometry":{"type":"Point","coordinates":[-81.47469362665265,32.6088655]}},{"type":"Feature","properties":{"id":"2024-13033-3","county_nam":"Burke","county_norm":"BURKE","prec_id":"3","precinct_name":"Burke - 3","precinct_norm":"BURKE - 3","precinct_full_name":"Girard","has_polygon":true},"geometry":{"type":"Point","coordinates":[-81.68937731739237,33.0470355]}},{"type":"Feature","properties":{"id":"2024-13055-968","county_nam":"Chattooga","county_norm":"CHATTOOGA","prec_id":"968","precinct_name":"Chattooga - 968","precinct_norm":"CHATTOOGA - 968","precinct_full_name":"Menlo","has_polygon":true},"geometry":{"type":"Point","coordinates":[-85.46333310025818,34.5075865]}},{"type":"Feature","properties":{"id":"2024-13045-1006","county_nam":"Carroll","county_norm":"CARROLL","prec_id":"1006","precinct_name":"Carroll - 1006","precinct_norm":"CARROLL - 1006","precinct_full_name":"Kansas","has_polygon":true},"geometry":{"type":"Point","coordinates":[-85.27955504850632,33.620287]}},{"type":"Feature","properties":{"id":"2024-13143-4","county_nam":"Haralson","county_norm":"HARALSON","prec_id":"4","precinct_name":"Haralson - 4","precinct_norm":"HARALSON - 4","precinct_full_name":"Buncombe","has_polygon":true},"geometry":{"type":"Point","coordinates":[-85.30023229109011,33.6895715]}},{"type":"Feature","properties":{"id":"2024-13143-12","county_nam":"Haralson","county_norm":"HARALSON","prec_id":"12","precinct_name":"Haralson - 12","precinct_norm":"HARALSON - 12","precinct_full_name":"Tallapoosa","has_polygon":true},"geometry":{"type":"Point","coordinates":[-85.28312080680709,33.748157000000006]}},{"type":"Feature","properties":{"id":"2024-13143-11","county_nam":"Haralson","county_norm":"HARALSON","prec_id":"11","precinct_name":"Haralson - 11","precinct_norm":"HARALSON - 11","precinct_full_name":"Berea-Steadman","has_polygon":true},"geometry":{"type":"Point","coordinates":[-85.3209755163767,33.803339]}},{"type":"Feature","properties":{"id":"2024-13143-13","county_nam":"Haralson","county_norm":"HARALSON","prec_id":"13","precinct_name":"Haralson - 13","precinct_norm":"HARALSON - 13","precinct_full_name":"Waco","has_polygon":true},"geometry":{"type":"Point","coordinates":[-85.20404114734407,33.717965500000005]}},{"type":"Feature","properties":{"id":"2024-13143-3","county_nam":"Haralson","county_norm":"HARALSON","prec_id":"3","precinct_name":"Haralson - 3","precinct_norm":"HARALSON - 3","precinct_full_name":"Buchanan","has_polygon":true},"geometry":{"type":"Point","coordinates":[-85.2103178458045,33.8114025]}},{"type":"Feature","properties":{"id":"2024-13233-2","county_nam":"Polk","county_norm":"POLK","prec_id":"2","precinct_name":"Polk - 2","precinct_norm":"POLK - 2","precinct_full_name":"Blooming Grove","has_polygon":true},"geometry":{"type":"Point","coordinates":[-85.32963402030117,33.960556]}},{"type":"Feature","properties":{"id":"2024-13143-8","county_nam":"Haralson","county_norm":"HARALSON","prec_id":"8","precinct_name":"Haralson - 8","precinct_norm":"HARALSON - 8","precinct_full_name":"Little Creek","has_polygon":true},"geometry":{"type":"Point","coordinates":[-85.32078918698517,33.872794999999996]}},{"type":"Feature","properties":{"id":"2024-13143-7","county_nam":"Haralson","county_norm":"HARALSON","prec_id":"7","precinct_name":"Haralson - 7","precinct_norm":"HARALSON - 7","precinct_full_name":"Felton","has_polygon":true},"geometry":{"type":"Point","coordinates":[-85.22433701636561,33.87531]}},{"type":"Feature","properties":{"id":"2024-13233-7","county_nam":"Polk","county_norm":"POLK","prec_id":"7","precinct_name":"Polk - 7","precinct_norm":"POLK - 7","precinct_full_name":"Youngs Grove","has_polygon":true},"geometry":{"type":"Point","coordinates":[-85.22591648336689,33.958609499999994]}},{"type":"Feature","properties":{"id":"2024-13233-5","county_nam":"Polk","county_norm":"POLK","prec_id":"5","precinct_name":"Polk - 5","precinct_norm":"POLK - 5","precinct_full_name":"Lake Creek","has_polygon":true},"geometry":{"type":"Point","coordinates":[-85.34271041397088,34.051434]}},{"type":"Feature","properties":{"id":"2024-13233-3","county_nam":"Polk","county_norm":"POLK","prec_id":"3","precinct_name":"Polk - 3","precinct_norm":"POLK - 3","precinct_full_name":"Cedartown","has_polygon":true},"geometry":{"type":"Point","coordinates":[-85.25429750612471,34.024758500000004]}},{"type":"Feature","properties":{"id":"2024-13045-1371","county_nam":"Carroll","county_norm":"CARROLL","prec_id":"1371","precinct_name":"Carroll - 1371","precinct_norm":"CARROLL - 1371","precinct_full_name":"Shiloh","has_polygon":true},"geometry":{"type":"Point","coordinates":[-85.18706955180235,33.567413]}},{"type":"Feature","properties":{"id":"2024-13045-1240","county_nam":"Carroll","county_norm":"CARROLL","prec_id":"1240","precinct_name":"Carroll - 1240","precinct_norm":"CARROLL - 1240","precinct_full_name":"Mount Zion","has_polygon":true},"geometry":{"type":"Point","coordinates":[-85.19792759514972,33.6423635]}},{"type":"Feature","properties":{"id":"2024-13045-714A4","county_nam":"Carroll","county_norm":"CARROLL","prec_id":"714A4","precinct_name":"Carroll - 714A4","precinct_norm":"CARROLL - 714A4","precinct_full_name":"University of West Georgia","has_polygon":true},"geometry":{"type":"Point","coordinates":[-85.11031171400927,33.5684885]}},{"type":"Feature","properties":{"id":"2024-13045-714A1","county_nam":"Carroll","county_norm":"CARROLL","prec_id":"714A1","precinct_name":"Carroll - 714A1","precinct_norm":"CARROLL - 714A1","precinct_full_name":"Catherine Hardy","has_polygon":true},"geometry":{"type":"Point","coordinates":[-85.10802515763766,33.603426]}},{"type":"Feature","properties":{"id":"2024-13045-714A6","county_nam":"Carroll","county_norm":"CARROLL","prec_id":"714A6","precinct_name":"Carroll - 714A6","precinct_norm":"CARROLL - 714A6","precinct_full_name":"Tabernacle","has_polygon":true},"geometry":{"type":"Point","coordinates":[-85.07818138351661,33.5577835]}},{"type":"Feature","properties":{"id":"2024-13045-714A5","county_nam":"Carroll","county_norm":"CARROLL","prec_id":"714A5","precinct_name":"Carroll - 714A5","precinct_norm":"CARROLL - 714A5","precinct_full_name":"Neva Lomason","has_polygon":true},"geometry":{"type":"Point","coordinates":[-85.0633115476978,33.5903195]}},{"type":"Feature","properties":{"id":"2024-13045-1496","county_nam":"Carroll","county_norm":"CARROLL","prec_id":"1496","precinct_name":"Carroll - 1496","precinct_norm":"CARROLL - 1496","precinct_full_name":"Mount Holly","has_polygon":true},"geometry":{"type":"Point","coordinates":[-85.1251220645928,33.6547475]}},{"type":"Feature","properties":{"id":"2024-13045-714BN","county_nam":"Carroll","county_norm":"CARROLL","prec_id":"714BN","precinct_name":"Carroll - 714BN","precinct_norm":"CARROLL - 714BN","precinct_full_name":"Carroll Emc","has_polygon":true},"geometry":{"type":"Point","coordinates":[-85.06950088396584,33.623986]}},{"type":"Feature","properties":{"id":"2024-13143-2","county_nam":"Haralson","county_norm":"HARALSON","prec_id":"2","precinct_name":"Haralson - 2","precinct_norm":"HARALSON - 2","precinct_full_name":"Bremen","has_polygon":true},"geometry":{"type":"Point","coordinates":[-85.14843659722222,33.73223]}},{"type":"Feature","properties":{"id":"2024-13143-5","county_nam":"Haralson","county_norm":"HARALSON","prec_id":"5","precinct_name":"Haralson - 5","precinct_norm":"HARALSON - 5","precinct_full_name":"Corinth","has_polygon":true},"geometry":{"type":"Point","coordinates":[-85.08892448471033,33.8209135]}},{"type":"Feature","properties":{"id":"2024-13143-10","county_nam":"Haralson","county_norm":"HARALSON","prec_id":"10","precinct_name":"Haralson - 10","precinct_norm":"HARALSON - 10","precinct_full_name":"Seventh","has_polygon":true},"geometry":{"type":"Point","coordinates":[-85.0871264822081,33.752165000000005]}},{"type":"Feature","properties":{"id":"2024-13045-714A3","county_nam":"Carroll","county_norm":"CARROLL","prec_id":"714A3","precinct_name":"Carroll - 714A3","precinct_norm":"CARROLL - 714A3","precinct_full_name":"Bonner","has_polygon":true},"geometry":{"type":"Point","coordinates":[-85.0608483242687,33.562291]}},{"type":"Feature","properties":{"id":"2024-13045-714A2","county_nam":"Carroll","county_norm":"CARROLL","prec_id":"714A2","precinct_name":"Carroll - 714A2","precinct_norm":"CARROLL - 714A2","precinct_full_name":"Lakeshore","has_polygon":true},"geometry":{"type":"Point","coordinates":[-85.05718445272842,33.600085]}},{"type":"Feature","properties":{"id":"2024-13045-501","county_nam":"Carroll","county_norm":"CARROLL","prec_id":"501","precinct_name":"Carroll - 501","precinct_norm":"CARROLL - 501","precinct_full_name":"Bethany","has_polygon":true},"geometry":{"type":"Point","coordinates":[-84.99100110039146,33.5944895]}},{"type":"Feature","properties":{"id":"2024-13045-1152","county_nam":"Carroll","county_norm":"CARROLL","prec_id":"1152","precinct_name":"Carroll - 1152","precinct_norm":"CARROLL - 1152","precinct_full_name":"Center Point","has_polygon":true},"geometry":{"type":"Point","coordinates":[-85.05434859052227,33.677471999999995]}},{"type":"Feature","properties":{"id":"2024-13045-1122","county_nam":"Carroll","county_norm":"CARROLL","prec_id":"1122","precinct_name":"Carroll - 1122","precinct_norm":"CARROLL - 1122","precinct_full_name":"Midway","has_polygon":true},"geometry":{"type":"Point","coordinates":[-84.98152278540351,33.653105499999995]}},{"type":"Feature","properties":{"id":"2024-13045-650","county_nam":"Carroll","county_norm":"CARROLL","prec_id":"650","precinct_name":"Carroll - 650","precinct_norm":"CARROLL - 650","precinct_full_name":"Temple City","has_polygon":true},"geometry":{"type":"Point","coordinates":[-85.03112411568532,33.731921]}},{"type":"Feature","properties":{"id":"2024-13045-649","county_nam":"Carroll","county_norm":"CARROLL","prec_id":"649","precinct_name":"Carroll - 649","precinct_norm":"CARROLL - 649","precinct_full_name":"Temple County","has_polygon":true},"geometry":{"type":"Point","coordinates":[-84.99166705091923,33.751062000000005]}},{"type":"Feature","properties":{"id":"2024-13045-640","county_nam":"Carroll","county_norm":"CARROLL","prec_id":"640","precinct_name":"Carroll - 640","precinct_norm":"CARROLL - 640","precinct_full_name":"Vr Sports Complex","has_polygon":true},"geometry":{"type":"Point","coordinates":[-84.97224180027231,33.705946999999995]}},{"type":"Feature","properties":{"id":"2024-13045-641","county_nam":"Carroll","county_norm":"CARROLL","prec_id":"641","precinct_name":"Carroll - 641","precinct_norm":"CARROLL - 641","precinct_full_name":"Vr Gold Dust","has_polygon":true},"geometry":{"type":"Point","coordinates":[-84.93836287035577,33.766829]}},{"type":"Feature","properties":{"id":"2024-13143-9","county_nam":"Haralson","county_norm":"HARALSON","prec_id":"9","precinct_name":"Haralson - 9","precinct_norm":"HARALSON - 9","precinct_full_name":"Mount View","has_polygon":true},"geometry":{"type":"Point","coordinates":[-85.1645667009804,33.873133499999994]}},{"type":"Feature","properties":{"id":"2024-13143-6","county_nam":"Haralson","county_norm":"HARALSON","prec_id":"6","precinct_name":"Haralson - 6","precinct_norm":"HARALSON - 6","precinct_full_name":"Twentieth","has_polygon":true},"geometry":{"type":"Point","coordinates":[-85.08882318814433,33.865517]}},{"type":"Feature","properties":{"id":"2024-13233-4","county_nam":"Polk","county_norm":"POLK","prec_id":"4","precinct_name":"Polk - 4","precinct_norm":"POLK - 4","precinct_full_name":"Fish Creek","has_polygon":true},"geometry":{"type":"Point","coordinates":[-85.13165577733274,34.004782000000006]}},{"type":"Feature","properties":{"id":"2024-13223-0016C","county_nam":"Paulding","county_norm":"PAULDING","prec_id":"0016C","precinct_name":"Paulding - 0016C","precinct_norm":"PAULDING - 0016C","precinct_full_name":"Yorkville Baptist Church","has_polygon":true},"geometry":{"type":"Point","coordinates":[-85.00370933011402,33.908206500000006]}},{"type":"Feature","properties":{"id":"2024-13223-0015C","county_nam":"Paulding","county_norm":"PAULDING","prec_id":"0015C","precinct_name":"Paulding - 0015C","precinct_norm":"PAULDING - 0015C","precinct_full_name":"Carl Scoggins Middle School","has_polygon":true},"geometry":{"type":"Point","coordinates":[-84.95340717191547,33.8342075]}},{"type":"Feature","properties":{"id":"2024-13223-0017C","county_nam":"Paulding","county_norm":"PAULDING","prec_id":"0017C","precinct_name":"Paulding - 0017C","precinct_norm":"PAULDING - 0017C","precinct_full_name":"Paulding County Airport","has_polygon":true},"geometry":{"type":"Point","coordinates":[-84.94205117123286,33.941447]}},{"type":"Feature","properties":{"id":"2024-13233-6","county_nam":"Polk","county_norm":"POLK","prec_id":"6","precinct_name":"Polk - 6","precinct_norm":"POLK - 6","precinct_full_name":"Rockmart","has_polygon":true},"geometry":{"type":"Point","coordinates":[-85.0428668871551,33.971147]}},{"type":"Feature","properties":{"id":"2024-13233-1","county_nam":"Polk","county_norm":"POLK","prec_id":"1","precinct_name":"Polk - 1","precinct_norm":"POLK - 1","precinct_full_name":"Aragon","has_polygon":true},"geometry":{"type":"Point","coordinates":[-85.0220888159091,34.057024999999996]}},{"type":"Feature","properties":{"id":"2024-13115-20","county_nam":"Floyd","county_norm":"FLOYD","prec_id":"20","precinct_name":"Floyd - 20","precinct_norm":"FLOYD - 20","precinct_full_name":"Cave Spring","has_polygon":true},"geometry":{"type":"Point","coordinates":[-85.37604889611178,34.123422500000004]}},{"type":"Feature","properties":{"id":"2024-13115-45","county_nam":"Floyd","county_norm":"FLOYD","prec_id":"45","precinct_name":"Floyd - 45","precinct_norm":"FLOYD - 45","precinct_full_name":"Foster's Mill","has_polygon":true},"geometry":{"type":"Point","coordinates":[-85.34299704139355,34.187442000000004]}},{"type":"Feature","properties":{"id":"2024-13115-80","county_nam":"Floyd","county_norm":"FLOYD","prec_id":"80","precinct_name":"Floyd - 80","precinct_norm":"FLOYD - 80","precinct_full_name":"Coosa (North Carolina)","has_polygon":true},"geometry":{"type":"Point","coordinates":[-85.36750566022852,34.2683335]}},{"type":"Feature","properties":{"id":"2024-13115-15","county_nam":"Floyd","county_norm":"FLOYD","prec_id":"15","precinct_name":"Floyd - 15","precinct_norm":"FLOYD - 15","precinct_full_name":"South Floyd","has_polygon":true},"geometry":{"type":"Point","coordinates":[-85.22199680264202,34.153398499999994]}},{"type":"Feature","properties":{"id":"2024-13115-1","county_nam":"Floyd","county_norm":"FLOYD","prec_id":"1","precinct_name":"Floyd - 1","precinct_norm":"FLOYD - 1","precinct_full_name":"Alto Park","has_polygon":true},"geometry":{"type":"Point","coordinates":[-85.24823820009328,34.2355505]}},{"type":"Feature","properties":{"id":"2024-13115-50","county_nam":"Floyd","county_norm":"FLOYD","prec_id":"50","precinct_name":"Floyd - 50","precinct_norm":"FLOYD - 50","precinct_full_name":"Garden Lakes","has_polygon":true},"geometry":{"type":"Point","coordinates":[-85.25884078339882,34.310923]}},{"type":"Feature","properties":{"id":"2024-13055-1484","county_nam":"Chattooga","county_norm":"CHATTOOGA","prec_id":"1484","precinct_name":"Chattooga - 1484","precinct_norm":"CHATTOOGA - 1484","precinct_full_name":"Lyerly","has_polygon":true},"geometry":{"type":"Point","coordinates":[-85.40736351003594,34.369325]}},{"type":"Feature","properties":{"id":"2024-13055-925","county_nam":"Chattooga","county_norm":"CHATTOOGA","prec_id":"925","precinct_name":"Chattooga - 925","precinct_norm":"CHATTOOGA - 925","precinct_full_name":"Summerville","has_polygon":true},"geometry":{"type":"Point","coordinates":[-85.37875542279826,34.469138]}},{"type":"Feature","properties":{"id":"2024-13055-870","county_nam":"Chattooga","county_norm":"CHATTOOGA","prec_id":"870","precinct_name":"Chattooga - 870","precinct_norm":"CHATTOOGA - 870","precinct_full_name":"Trion","has_polygon":true},"geometry":{"type":"Point","coordinates":[-85.34692561096878,34.539033]}},{"type":"Feature","properties":{"id":"2024-13115-10","county_nam":"Floyd","county_norm":"FLOYD","prec_id":"10","precinct_name":"Floyd - 10","precinct_norm":"FLOYD - 10","precinct_full_name":"New Armuchee","has_polygon":true},"geometry":{"type":"Point","coordinates":[-85.22318508403231,34.3783345]}},{"type":"Feature","properties":{"id":"2024-13055-940","county_nam":"Chattooga","county_norm":"CHATTOOGA","prec_id":"940","precinct_name":"Chattooga - 940","precinct_norm":"CHATTOOGA - 940","precinct_full_name":"Dirttown","has_polygon":true},"geometry":{"type":"Point","coordinates":[-85.24665822378907,34.4653655]}},{"type":"Feature","properties":{"id":"2024-13115-135","county_nam":"Floyd","county_norm":"FLOYD","prec_id":"135","precinct_name":"Floyd - 135","precinct_norm":"FLOYD - 135","precinct_full_name":"Lindale","has_polygon":true},"geometry":{"type":"Point","coordinates":[-85.17705101917298,34.185646500000004]}},{"type":"Feature","properties":{"id":"2024-13115-60","county_nam":"Floyd","county_norm":"FLOYD","prec_id":"60","precinct_name":"Floyd - 60","precinct_norm":"FLOYD - 60","precinct_full_name":"Howell","has_polygon":true},"geometry":{"type":"Point","coordinates":[-85.09331592607654,34.130511]}},{"type":"Feature","properties":{"id":"2024-13115-25","county_nam":"Floyd","county_norm":"FLOYD","prec_id":"25","precinct_name":"Floyd - 25","precinct_norm":"FLOYD - 25","precinct_full_name":"Chulio","has_polygon":true},"geometry":{"type":"Point","coordinates":[-85.08616755729327,34.1913465]}},{"type":"Feature","properties":{"id":"2024-13115-110","county_nam":"Floyd","county_norm":"FLOYD","prec_id":"110","precinct_name":"Floyd - 110","precinct_norm":"FLOYD - 110","precinct_full_name":"South Rome","has_polygon":true},"geometry":{"type":"Point","coordinates":[-85.20193681735321,34.2258865]}},{"type":"Feature","properties":{"id":"2024-13115-140","county_nam":"Floyd","county_norm":"FLOYD","prec_id":"140","precinct_name":"Floyd - 140","precinct_norm":"FLOYD - 140","precinct_full_name":"Town Rome","has_polygon":true},"geometry":{"type":"Point","coordinates":[-85.18719244326905,34.265437500000004]}},{"type":"Feature","properties":{"id":"2024-13115-90","county_nam":"Floyd","county_norm":"FLOYD","prec_id":"90","precinct_name":"Floyd - 90","precinct_norm":"FLOYD - 90","precinct_full_name":"East Rome","has_polygon":true},"geometry":{"type":"Point","coordinates":[-85.14541581707147,34.207648000000006]}},{"type":"Feature","properties":{"id":"2024-13115-105","county_nam":"Floyd","county_norm":"FLOYD","prec_id":"105","precinct_name":"Floyd - 105","precinct_norm":"FLOYD - 105","precinct_full_name":"North Rome","has_polygon":true},"geometry":{"type":"Point","coordinates":[-85.14852859938904,34.2778225]}},{"type":"Feature","properties":{"id":"2024-13115-55","county_nam":"Floyd","county_norm":"FLOYD","prec_id":"55","precinct_name":"Floyd - 55","precinct_norm":"FLOYD - 55","precinct_full_name":"Glenwood","has_polygon":true},"geometry":{"type":"Point","coordinates":[-85.16353194197485,34.320167]}},{"type":"Feature","properties":{"id":"2024-13115-30","county_nam":"Floyd","county_norm":"FLOYD","prec_id":"30","precinct_name":"Floyd - 30","precinct_norm":"FLOYD - 30","precinct_full_name":"Etowah","has_polygon":true},"geometry":{"type":"Point","coordinates":[-85.07218737390941,34.269592]}},{"type":"Feature","properties":{"id":"2024-13015-14","county_nam":"Bartow","county_norm":"BARTOW","prec_id":"14","precinct_name":"Bartow - 14","precinct_norm":"BARTOW - 14","precinct_full_name":"Taylorsville","has_polygon":true},"geometry":{"type":"Point","coordinates":[-85.00118303498559,34.121874000000005]}},{"type":"Feature","properties":{"id":"2024-13015-10","county_nam":"Bartow","county_norm":"BARTOW","prec_id":"10","precinct_name":"Bartow - 10","precinct_norm":"BARTOW - 10","precinct_full_name":"Kingston","has_polygon":true},"geometry":{"type":"Point","coordinates":[-84.96176232741456,34.230779]}},{"type":"Feature","properties":{"id":"2024-13057-6","county_nam":"Cherokee","county_norm":"CHEROKEE","prec_id":"6","precinct_name":"Cherokee - 6","precinct_norm":"CHEROKEE - 6","precinct_full_name":"Clark Creek","has_polygon":true},"geometry":{"type":"Point","coordinates":[-84.61775072440003,34.086588500000005]}},{"type":"Feature","properties":{"id":"2024-13057-29","county_nam":"Cherokee","county_norm":"CHEROKEE","prec_id":"29","precinct_name":"Cherokee - 29","precinct_norm":"CHEROKEE - 29","precinct_full_name":"Oak Grove","has_polygon":true},"geometry":{"type":"Point","coordinates":[-84.63875851927313,34.1169805]}},{"type":"Feature","properties":{"id":"2024-13057-23","county_nam":"Cherokee","county_norm":"CHEROKEE","prec_id":"23","precinct_name":"Cherokee - 23","precinct_norm":"CHEROKEE - 23","precinct_full_name":"Bells","has_polygon":true},"geometry":{"type":"Point","coordinates":[-84.59969950734374,34.1053165]}},{"type":"Feature","properties":{"id":"2024-13057-40","county_nam":"Cherokee","county_norm":"CHEROKEE","prec_id":"40","precinct_name":"Cherokee - 40","precinct_norm":"CHEROKEE - 40","precinct_full_name":"Victoria","has_polygon":true},"geometry":{"type":"Point","coordinates":[-84.60321174438202,34.1379335]}},{"type":"Feature","properties":{"id":"2024-13057-11","county_nam":"Cherokee","county_norm":"CHEROKEE","prec_id":"11","precinct_name":"Cherokee - 11","precinct_norm":"CHEROKEE - 11","precinct_full_name":"Carmel","has_polygon":true},"geometry":{"type":"Point","coordinates":[-84.57042849132701,34.094849999999994]}},{"type":"Feature","properties":{"id":"2024-13057-16","county_nam":"Cherokee","county_norm":"CHEROKEE","prec_id":"16","precinct_name":"Cherokee - 16","precinct_norm":"CHEROKEE - 16","precinct_full_name":"Dixie","has_polygon":true},"geometry":{"type":"Point","coordinates":[-84.54965819985108,34.0984215]}},{"type":"Feature","properties":{"id":"2024-13057-32","county_nam":"Cherokee","county_norm":"CHEROKEE","prec_id":"32","precinct_name":"Cherokee - 32","precinct_norm":"CHEROKEE - 32","precinct_full_name":"Rosecreek","has_polygon":true},"geometry":{"type":"Point","coordinates":[-84.57075522558998,34.121759499999996]}},{"type":"Feature","properties":{"id":"2024-13057-21","county_nam":"Cherokee","county_norm":"CHEROKEE","prec_id":"21","precinct_name":"Cherokee - 21","precinct_norm":"CHEROKEE - 21","precinct_full_name":"Hillside","has_polygon":true},"geometry":{"type":"Point","coordinates":[-84.55914946071144,34.1432285]}},{"type":"Feature","properties":{"id":"2024-13057-7","county_nam":"Cherokee","county_norm":"CHEROKEE","prec_id":"7","precinct_name":"Cherokee - 7","precinct_norm":"CHEROKEE - 7","precinct_full_name":"Booth","has_polygon":true},"geometry":{"type":"Point","coordinates":[-84.54259709287902,34.126261]}},{"type":"Feature","properties":{"id":"2024-13057-5","county_nam":"Cherokee","county_norm":"CHEROKEE","prec_id":"5","precinct_name":"Cherokee - 5","precinct_norm":"CHEROKEE - 5","precinct_full_name":"Bascomb","has_polygon":true},"geometry":{"type":"Point","coordinates":[-84.59875174017614,34.154540499999996]}},{"type":"Feature","properties":{"id":"2024-13057-34","county_nam":"Cherokee","county_norm":"CHEROKEE","prec_id":"34","precinct_name":"Cherokee - 34","precinct_norm":"CHEROKEE - 34","precinct_full_name":"Sixes","has_polygon":true},"geometry":{"type":"Point","coordinates":[-84.5422020459896,34.156931]}},{"type":"Feature","properties":{"id":"2024-13057-9","county_nam":"Cherokee","county_norm":"CHEROKEE","prec_id":"9","precinct_name":"Cherokee - 9","precinct_norm":"CHEROKEE - 9","precinct_full_name":"Bridgemill","has_polygon":true},"geometry":{"type":"Point","coordinates":[-84.56645404017543,34.181547]}},{"type":"Feature","properties":{"id":"2024-13057-35","county_nam":"Cherokee","county_norm":"CHEROKEE","prec_id":"35","precinct_name":"Cherokee - 35","precinct_norm":"CHEROKEE - 35","precinct_full_name":"Sutallee","has_polygon":true},"geometry":{"type":"Point","coordinates":[-84.61300982318416,34.2042385]}},{"type":"Feature","properties":{"id":"2024-13057-41","county_nam":"Cherokee","county_norm":"CHEROKEE","prec_id":"41","precinct_name":"Cherokee - 41","precinct_norm":"CHEROKEE - 41","precinct_full_name":"Waleska","has_polygon":true},"geometry":{"type":"Point","coordinates":[-84.60501547646402,34.3051105]}},{"type":"Feature","properties":{"id":"2024-13057-12","county_nam":"Cherokee","county_norm":"CHEROKEE","prec_id":"12","precinct_name":"Cherokee - 12","precinct_norm":"CHEROKEE - 12","precinct_full_name":"Woodstock","has_polygon":true},"geometry":{"type":"Point","coordinates":[-84.51802226580057,34.104808000000006]}},{"type":"Feature","properties":{"id":"2024-13057-15","county_nam":"Cherokee","county_norm":"CHEROKEE","prec_id":"15","precinct_name":"Cherokee - 15","precinct_norm":"CHEROKEE - 15","precinct_full_name":"Deer Run","has_polygon":true},"geometry":{"type":"Point","coordinates":[-84.54103349594595,34.1138355]}},{"type":"Feature","properties":{"id":"2024-13057-44","county_nam":"Cherokee","county_norm":"CHEROKEE","prec_id":"44","precinct_name":"Cherokee - 44","precinct_norm":"CHEROKEE - 44","precinct_full_name":"Lickskillet","has_polygon":true},"geometry":{"type":"Point","coordinates":[-84.48906705405405,34.09792]}},{"type":"Feature","properties":{"id":"2024-13057-37","county_nam":"Cherokee","county_norm":"CHEROKEE","prec_id":"37","precinct_name":"Cherokee - 37","precinct_norm":"CHEROKEE - 37","precinct_full_name":"Toonigh","has_polygon":true},"geometry":{"type":"Point","coordinates":[-84.49835711175544,34.140832]}},{"type":"Feature","properties":{"id":"2024-13057-24","county_nam":"Cherokee","county_norm":"CHEROKEE","prec_id":"24","precinct_name":"Cherokee - 24","precinct_norm":"CHEROKEE - 24","precinct_full_name":"Liberty","has_polygon":true},"geometry":{"type":"Point","coordinates":[-84.52272021087482,34.1754185]}},{"type":"Feature","properties":{"id":"2024-13057-22","county_nam":"Cherokee","county_norm":"CHEROKEE","prec_id":"22","precinct_name":"Cherokee - 22","precinct_norm":"CHEROKEE - 22","precinct_full_name":"Holly Springs","has_polygon":true},"geometry":{"type":"Point","coordinates":[-84.50654729707504,34.1730335]}},{"type":"Feature","properties":{"id":"2024-13057-42","county_nam":"Cherokee","county_norm":"CHEROKEE","prec_id":"42","precinct_name":"Cherokee - 42","precinct_norm":"CHEROKEE - 42","precinct_full_name":"Wildcat","has_polygon":true},"geometry":{"type":"Point","coordinates":[-84.47427924197095,34.15622]}},{"type":"Feature","properties":{"id":"2024-13057-43","county_nam":"Cherokee","county_norm":"CHEROKEE","prec_id":"43","precinct_name":"Cherokee - 43","precinct_norm":"CHEROKEE - 43","precinct_full_name":"Woodlands","has_polygon":true},"geometry":{"type":"Point","coordinates":[-84.45197979133859,34.0932725]}},{"type":"Feature","properties":{"id":"2024-13057-26","county_nam":"Cherokee","county_norm":"CHEROKEE","prec_id":"26","precinct_name":"Cherokee - 26","precinct_norm":"CHEROKEE - 26","precinct_full_name":"Little River","has_polygon":true},"geometry":{"type":"Point","coordinates":[-84.43054568165101,34.091104]}},{"type":"Feature","properties":{"id":"2024-13057-1","county_nam":"Cherokee","county_norm":"CHEROKEE","prec_id":"1","precinct_name":"Cherokee - 1","precinct_norm":"CHEROKEE - 1","precinct_full_name":"Air Acres","has_polygon":true},"geometry":{"type":"Point","coordinates":[-84.45941065435372,34.105838500000004]}},{"type":"Feature","properties":{"id":"2024-13121-MP01","county_nam":"Fulton","county_norm":"FULTON","prec_id":"MP01","precinct_name":"Fulton - MP01","precinct_norm":"FULTON - MP01","precinct_full_name":"Mountain Park Community Building","has_polygon":true},"geometry":{"type":"Point","coordinates":[-84.41218918307443,34.083455]}},{"type":"Feature","properties":{"id":"2024-13057-2","county_nam":"Cherokee","county_norm":"CHEROKEE","prec_id":"2","precinct_name":"Cherokee - 2","precinct_norm":"CHEROKEE - 2","precinct_full_name":"Arnold Mill","has_polygon":true},"geometry":{"type":"Point","coordinates":[-84.44871131608268,34.1216425]}},{"type":"Feature","properties":{"id":"2024-13057-8","county_nam":"Cherokee","county_norm":"CHEROKEE","prec_id":"8","precinct_name":"Cherokee - 8","precinct_norm":"CHEROKEE - 8","precinct_full_name":"Bradshaw","has_polygon":true},"geometry":{"type":"Point","coordinates":[-84.44356102147766,34.154078]}},{"type":"Feature","properties":{"id":"2024-13057-19","county_nam":"Cherokee","county_norm":"CHEROKEE","prec_id":"19","precinct_name":"Cherokee - 19","precinct_norm":"CHEROKEE - 19","precinct_full_name":"Hickory Flat","has_polygon":true},"geometry":{"type":"Point","coordinates":[-84.43738047046062,34.171152]}},{"type":"Feature","properties":{"id":"2024-13057-36","county_nam":"Cherokee","county_norm":"CHEROKEE","prec_id":"36","precinct_name":"Cherokee - 36","precinct_norm":"CHEROKEE - 36","precinct_full_name":"River Green","has_polygon":true},"geometry":{"type":"Point","coordinates":[-84.52725338019599,34.2189195]}},{"type":"Feature","properties":{"id":"2024-13057-10","county_nam":"Cherokee","county_norm":"CHEROKEE","prec_id":"10","precinct_name":"Cherokee - 10","precinct_norm":"CHEROKEE - 10","precinct_full_name":"Hickory Log","has_polygon":true},"geometry":{"type":"Point","coordinates":[-84.53417016234056,34.263559]}},{"type":"Feature","properties":{"id":"2024-13057-30","county_nam":"Cherokee","county_norm":"CHEROKEE","prec_id":"30","precinct_name":"Cherokee - 30","precinct_norm":"CHEROKEE - 30","precinct_full_name":"R M Moore","has_polygon":true},"geometry":{"type":"Point","coordinates":[-84.52299197822812,34.3278525]}},{"type":"Feature","properties":{"id":"2024-13057-31","county_nam":"Cherokee","county_norm":"CHEROKEE","prec_id":"31","precinct_name":"Cherokee - 31","precinct_norm":"CHEROKEE - 31","precinct_full_name":"Canton","has_polygon":true},"geometry":{"type":"Point","coordinates":[-84.4542787467968,34.2304745]}},{"type":"Feature","properties":{"id":"2024-13057-39","county_nam":"Cherokee","county_norm":"CHEROKEE","prec_id":"39","precinct_name":"Cherokee - 39","precinct_norm":"CHEROKEE - 39","precinct_full_name":"Univeter","has_polygon":true},"geometry":{"type":"Point","coordinates":[-84.42358161671271,34.228426999999996]}},{"type":"Feature","properties":{"id":"2024-13057-13","county_nam":"Cherokee","county_norm":"CHEROKEE","prec_id":"13","precinct_name":"Cherokee - 13","precinct_norm":"CHEROKEE - 13","precinct_full_name":"Airport","has_polygon":true},"geometry":{"type":"Point","coordinates":[-84.45340719519506,34.317685]}},{"type":"Feature","properties":{"id":"2024-13057-33","county_nam":"Cherokee","county_norm":"CHEROKEE","prec_id":"33","precinct_name":"Cherokee - 33","precinct_norm":"CHEROKEE - 33","precinct_full_name":"Salacoa","has_polygon":true},"geometry":{"type":"Point","coordinates":[-84.59220492168109,34.375023]}},{"type":"Feature","properties":{"id":"2024-13227-4","county_nam":"Pickens","county_norm":"PICKENS","prec_id":"4","precinct_name":"Pickens - 4","precinct_norm":"PICKENS - 4","precinct_full_name":"Jerusalem","has_polygon":true},"geometry":{"type":"Point","coordinates":[-84.60318857106964,34.431197]}},{"type":"Feature","properties":{"id":"2024-13227-5","county_nam":"Pickens","county_norm":"PICKENS","prec_id":"5","precinct_name":"Pickens - 5","precinct_norm":"PICKENS - 5","precinct_full_name":"Ludville","has_polygon":true},"geometry":{"type":"Point","coordinates":[-84.6301403703695,34.497557]}},{"type":"Feature","properties":{"id":"2024-13227-3","county_nam":"Pickens","county_norm":"PICKENS","prec_id":"3","precinct_name":"Pickens - 3","precinct_norm":"PICKENS - 3","precinct_full_name":"Hinton","has_polygon":true},"geometry":{"type":"Point","coordinates":[-84.57456563157893,34.491707]}},{"type":"Feature","properties":{"id":"2024-13123-5","county_nam":"Gilmer","county_norm":"GILMER","prec_id":"5","precinct_name":"Gilmer - 5","precinct_norm":"GILMER - 5","precinct_full_name":"Leaches","has_polygon":true},"geometry":{"type":"Point","coordinates":[-84.59703052176249,34.607313500000004]}},{"type":"Feature","properties":{"id":"2024-13227-2","county_nam":"Pickens","county_norm":"PICKENS","prec_id":"2","precinct_name":"Pickens - 2","precinct_norm":"PICKENS - 2","precinct_full_name":"Hill City","has_polygon":true},"geometry":{"type":"Point","coordinates":[-84.53059805653267,34.447145500000005]}},{"type":"Feature","properties":{"id":"2024-13227-9","county_nam":"Pickens","county_norm":"PICKENS","prec_id":"9","precinct_name":"Pickens - 9","precinct_norm":"PICKENS - 9","precinct_full_name":"Tate","has_polygon":true},"geometry":{"type":"Point","coordinates":[-84.43620729366012,34.408991]}},{"type":"Feature","properties":{"id":"2024-13227-12","county_nam":"Pickens","county_norm":"PICKENS","prec_id":"12","precinct_name":"Pickens - 12","precinct_norm":"PICKENS - 12","precinct_full_name":"Refuge","has_polygon":true},"geometry":{"type":"Point","coordinates":[-84.42131472072464,34.443372]}},{"type":"Feature","properties":{"id":"2024-13227-7","county_nam":"Pickens","county_norm":"PICKENS","prec_id":"7","precinct_name":"Pickens - 7","precinct_norm":"PICKENS - 7","precinct_full_name":"Talking Rock","has_polygon":true},"geometry":{"type":"Point","coordinates":[-84.51284815933585,34.523072]}},{"type":"Feature","properties":{"id":"2024-13123-4","county_nam":"Gilmer","county_norm":"GILMER","prec_id":"4","precinct_name":"Gilmer - 4","precinct_norm":"GILMER - 4","precinct_full_name":"Town Creek","has_polygon":true},"geometry":{"type":"Point","coordinates":[-84.53763718521961,34.5986465]}},{"type":"Feature","properties":{"id":"2024-13227-8","county_nam":"Pickens","county_norm":"PICKENS","prec_id":"8","precinct_name":"Pickens - 8","precinct_norm":"PICKENS - 8","precinct_full_name":"Jasper","has_polygon":true},"geometry":{"type":"Point","coordinates":[-84.42906479098174,34.476554500000006]}},{"type":"Feature","properties":{"id":"2024-13227-11","county_nam":"Pickens","county_norm":"PICKENS","prec_id":"11","precinct_name":"Pickens - 11","precinct_norm":"PICKENS - 11","precinct_full_name":"Appalachian","has_polygon":true},"geometry":{"type":"Point","coordinates":[-84.42408744252717,34.4982785]}},{"type":"Feature","properties":{"id":"2024-13123-11","county_nam":"Gilmer","county_norm":"GILMER","prec_id":"11","precinct_name":"Gilmer - 11","precinct_norm":"GILMER - 11","precinct_full_name":"Yukon","has_polygon":true},"geometry":{"type":"Point","coordinates":[-84.46577756944444,34.587238]}},{"type":"Feature","properties":{"id":"2024-13063-RD04","county_nam":"Clayton","county_norm":"CLAYTON","prec_id":"RD04","precinct_name":"Clayton - RD04","precinct_norm":"CLAYTON - RD04","precinct_full_name":"Riverdale 4","has_polygon":true},"geometry":{"type":"Point","coordinates":[-84.3987425229594,33.5682325]}},{"type":"Feature","properties":{"id":"2024-13063-RD07","county_nam":"Clayton","county_norm":"CLAYTON","prec_id":"RD07","precinct_name":"Clayton - RD07","precinct_norm":"CLAYTON - RD07","precinct_full_name":"Riverdale 7","has_polygon":true},"geometry":{"type":"Point","coordinates":[-84.38793048375351,33.5803995]}},{"type":"Feature","properties":{"id":"2024-13063-OAK5","county_nam":"Clayton","county_norm":"CLAYTON","prec_id":"OAK5","precinct_name":"Clayton - OAK5","precinct_norm":"CLAYTON - OAK5","precinct_full_name":"OAK5","has_polygon":true},"geometry":{"type":"Point","coordinates":[-84.40584906953109,33.599036]}},{"type":"Feature","properties":{"id":"2024-13063-FP3","county_nam":"Clayton","county_norm":"CLAYTON","prec_id":"FP3","precinct_name":"Clayton - FP3","precinct_norm":"CLAYTON - FP3","precinct_full_name":"Forest Park 3","has_polygon":true},"geometry":{"type":"Point","coordinates":[-84.38534375132349,33.6127005]}},{"type":"Feature","properties":{"id":"2024-13063-RD06","county_nam":"Clayton","county_norm":"CLAYTON","prec_id":"RD06","precinct_name":"Clayton - RD06","precinct_norm":"CLAYTON - RD06","precinct_full_name":"Riverdale 6","has_polygon":true},"geometry":{"type":"Point","coordinates":[-84.37607669439083,33.570587]}},{"type":"Feature","properties":{"id":"2024-13063-JB15","county_nam":"Clayton","county_norm":"CLAYTON","prec_id":"JB15","precinct_name":"Clayton - JB15","precinct_norm":"CLAYTON - JB15","precinct_full_name":"Jonesboro 15","has_polygon":true},"geometry":{"type":"Point","coordinates":[-84.35137410645446,33.566463999999996]}},{"type":"Feature","properties":{"id":"2024-13063-FP5","county_nam":"Clayton","county_norm":"CLAYTON","prec_id":"FP5","precinct_name":"Clayton - FP5","precinct_norm":"CLAYTON - FP5","precinct_full_name":"Forest Park 5","has_polygon":true},"geometry":{"type":"Point","coordinates":[-84.37584460071342,33.592662]}},{"type":"Feature","properties":{"id":"2024-13063-FP6","county_nam":"Clayton","county_norm":"CLAYTON","prec_id":"FP6","precinct_name":"Clayton - FP6","precinct_norm":"CLAYTON - FP6","precinct_full_name":"Forest Park 6","has_polygon":true},"geometry":{"type":"Point","coordinates":[-84.3516835871292,33.5884435]}},{"type":"Feature","properties":{"id":"2024-13063-FP4","county_nam":"Clayton","county_norm":"CLAYTON","prec_id":"FP4","precinct_name":"Clayton - FP4","precinct_norm":"CLAYTON - FP4","precinct_full_name":"Forest Park 4","has_polygon":true},"geometry":{"type":"Point","coordinates":[-84.35222624184956,33.6026435]}},{"type":"Feature","properties":{"id":"2024-13063-FP1","county_nam":"Clayton","county_norm":"CLAYTON","prec_id":"FP1","precinct_name":"Clayton - FP1","precinct_norm":"CLAYTON - FP1","precinct_full_name":"Forest Park 1","has_polygon":true},"geometry":{"type":"Point","coordinates":[-84.37900922591675,33.632131]}},{"type":"Feature","properties":{"id":"2024-13121-HP01","county_nam":"Fulton","county_norm":"FULTON","prec_id":"HP01","precinct_name":"Fulton - HP01","precinct_norm":"FULTON - HP01","precinct_full_name":"Hoyt Smith Center","has_polygon":true},"geometry":{"type":"Point","coordinates":[-84.41159246020717,33.660923999999994]}},{"type":"Feature","properties":{"id":"2024-13121-12H1","county_nam":"Fulton","county_norm":"FULTON","prec_id":"12H1","precinct_name":"Fulton - 12H1","precinct_norm":"FULTON - 12H1","precinct_full_name":"John Birdine Neighborhood Center","has_polygon":true},"geometry":{"type":"Point","coordinates":[-84.40313281336051,33.6773335]}},{"type":"Feature","properties":{"id":"2024-13121-12E1","county_nam":"Fulton","county_norm":"FULTON","prec_id":"12E1","precinct_name":"Fulton - 12E1","precinct_norm":"FULTON - 12E1","precinct_full_name":"Rosel Fann Recreation Center","has_polygon":true},"geometry":{"type":"Point","coordinates":[-84.40772641699954,33.6846435]}},{"type":"Feature","properties":{"id":"2024-13121-12J","county_nam":"Fulton","county_norm":"FULTON","prec_id":"12J","precinct_name":"Fulton - 12J","precinct_norm":"FULTON - 12J","precinct_full_name":"Rosel Fann Recreation Center","has_polygon":true},"geometry":{"type":"Point","coordinates":[-84.38840000824374,33.6663545]}},{"type":"Feature","properties":{"id":"2024-13121-12H2","county_nam":"Fulton","county_norm":"FULTON","prec_id":"12H2","precinct_name":"Fulton - 12H2","precinct_norm":"FULTON - 12H2","precinct_full_name":"John Birdine Neighborhood Center","has_polygon":true},"geometry":{"type":"Point","coordinates":[-84.38579468575462,33.6851645]}},{"type":"Feature","properties":{"id":"2024-13063-FP2","county_nam":"Clayton","county_norm":"CLAYTON","prec_id":"FP2","precinct_name":"Clayton - FP2","precinct_norm":"CLAYTON - FP2","precinct_full_name":"Forest Park 2","has_polygon":true},"geometry":{"type":"Point","coordinates":[-84.3506681456044,33.633313]}},{"type":"Feature","properties":{"id":"2024-13121-12M","county_nam":"Fulton","county_norm":"FULTON","prec_id":"12M","precinct_name":"Fulton - 12M","precinct_norm":"FULTON - 12M","precinct_full_name":"Rosel Fann Recreation Center","has_polygon":true},"geometry":{"type":"Point","coordinates":[-84.36495853916495,33.6651045]}},{"type":"Feature","properties":{"id":"2024-13295-953","county_nam":"Walker","county_norm":"WALKER","prec_id":"953","precinct_name":"Walker - 953","precinct_norm":"WALKER - 953","precinct_full_name":"Armuchee Valley","has_polygon":true},"geometry":{"type":"Point","coordinates":[-85.132105785528,34.653842499999996]}},{"type":"Feature","properties":{"id":"2024-13047-WOOD","county_nam":"Catoosa","county_norm":"CATOOSA","prec_id":"WOOD","precinct_name":"Catoosa - WOOD","precinct_norm":"CATOOSA - WOOD","precinct_full_name":"Woodstation","has_polygon":true},"geometry":{"type":"Point","coordinates":[-85.16660081486944,34.827614]}},{"type":"Feature","properties":{"id":"2024-13313-TR","county_nam":"Whitfield","county_norm":"WHITFIELD","prec_id":"TR","precinct_name":"Whitfield - TR","precinct_norm":"WHITFIELD - TR","precinct_full_name":"Tr","has_polygon":true},"geometry":{"type":"Point","coordinates":[-85.11066825,34.7695985]}},{"type":"Feature","properties":{"id":"2024-13047-BLCK","county_nam":"Catoosa","county_norm":"CATOOSA","prec_id":"BLCK","precinct_name":"Catoosa - BLCK","precinct_norm":"CATOOSA - BLCK","precinct_full_name":"Blackstock","has_polygon":true},"geometry":{"type":"Point","coordinates":[-85.09295198690604,34.860574]}},{"type":"Feature","properties":{"id":"2024-13313-CA","county_nam":"Whitfield","county_norm":"WHITFIELD","prec_id":"CA","precinct_name":"Whitfield - CA","precinct_norm":"WHITFIELD - CA","precinct_full_name":"Ca","has_polygon":true},"geometry":{"type":"Point","coordinates":[-85.00628283295728,34.6633825]}},{"type":"Feature","properties":{"id":"2024-13313-TI","county_nam":"Whitfield","county_norm":"WHITFIELD","prec_id":"TI","precinct_name":"Whitfield - TI","precinct_norm":"WHITFIELD - TI","precinct_full_name":"Ti","has_polygon":true},"geometry":{"type":"Point","coordinates":[-84.94968642125535,34.6676545]}},{"type":"Feature","properties":{"id":"2024-13313-DG","county_nam":"Whitfield","county_norm":"WHITFIELD","prec_id":"DG","precinct_name":"Whitfield - DG","precinct_norm":"WHITFIELD - DG","precinct_full_name":"Dg","has_polygon":true},"geometry":{"type":"Point","coordinates":[-84.9958263082087,34.717798]}},{"type":"Feature","properties":{"id":"2024-13313-AN","county_nam":"Whitfield","county_norm":"WHITFIELD","prec_id":"AN","precinct_name":"Whitfield - AN","precinct_norm":"WHITFIELD - AN","precinct_full_name":"An","has_polygon":true},"geometry":{"type":"Point","coordinates":[-84.94642522123468,34.7318655]}},{"type":"Feature","properties":{"id":"2024-13313-MC","county_nam":"Whitfield","county_norm":"WHITFIELD","prec_id":"MC","precinct_name":"Whitfield - MC","precinct_norm":"WHITFIELD - MC","precinct_full_name":"Mc","has_polygon":true},"geometry":{"type":"Point","coordinates":[-85.05343559377614,34.734439]}},{"type":"Feature","properties":{"id":"2024-13313-WS","county_nam":"Whitfield","county_norm":"WHITFIELD","prec_id":"WS","precinct_name":"Whitfield - WS","precinct_norm":"WHITFIELD - WS","precinct_full_name":"Ws","has_polygon":true},"geometry":{"type":"Point","coordinates":[-85.04561479751403,34.7904695]}},{"type":"Feature","properties":{"id":"2024-13313-2A","county_nam":"Whitfield","county_norm":"WHITFIELD","prec_id":"2A","precinct_name":"Whitfield - 2A","precinct_norm":"WHITFIELD - 2A","precinct_full_name":"James Brown Center","has_polygon":true},"geometry":{"type":"Point","coordinates":[-84.99884247229775,34.7994695]}},{"type":"Feature","properties":{"id":"2024-13313-TH","county_nam":"Whitfield","county_norm":"WHITFIELD","prec_id":"TH","precinct_name":"Whitfield - TH","precinct_norm":"WHITFIELD - TH","precinct_full_name":"Th","has_polygon":true},"geometry":{"type":"Point","coordinates":[-85.03493060523657,34.850334000000004]}},{"type":"Feature","properties":{"id":"2024-13313-4A","county_nam":"Whitfield","county_norm":"WHITFIELD","prec_id":"4A","precinct_name":"Whitfield - 4A","precinct_norm":"WHITFIELD - 4A","precinct_full_name":"Whitfield County Schools Central Office","has_polygon":true},"geometry":{"type":"Point","coordinates":[-84.98289515596932,34.7523345]}},{"type":"Feature","properties":{"id":"2024-13313-3A","county_nam":"Whitfield","county_norm":"WHITFIELD","prec_id":"3A","precinct_name":"Whitfield - 3A","precinct_norm":"WHITFIELD - 3A","precinct_full_name":"Dalton-Whitfield Senior Center","has_polygon":true},"geometry":{"type":"Point","coordinates":[-84.98066946065704,34.7713665]}},{"type":"Feature","properties":{"id":"2024-13313-1A","county_nam":"Whitfield","county_norm":"WHITFIELD","prec_id":"1A","precinct_name":"Whitfield - 1A","precinct_norm":"WHITFIELD - 1A","precinct_full_name":"Dalton City Hall","has_polygon":true},"geometry":{"type":"Point","coordinates":[-84.98038961396304,34.788838999999996]}},{"type":"Feature","properties":{"id":"2024-13313-6A","county_nam":"Whitfield","county_norm":"WHITFIELD","prec_id":"6A","precinct_name":"Whitfield - 6A","precinct_norm":"WHITFIELD - 6A","precinct_full_name":"Mack Gaston Community Center","has_polygon":true},"geometry":{"type":"Point","coordinates":[-84.95207261068111,34.7689955]}},{"type":"Feature","properties":{"id":"2024-13313-5A","county_nam":"Whitfield","county_norm":"WHITFIELD","prec_id":"5A","precinct_name":"Whitfield - 5A","precinct_norm":"WHITFIELD - 5A","precinct_full_name":"Dalton Recreation Center","has_polygon":true},"geometry":{"type":"Point","coordinates":[-84.94436720117955,34.786745499999995]}},{"type":"Feature","properties":{"id":"2024-13313-PG","county_nam":"Whitfield","county_norm":"WHITFIELD","prec_id":"PG","precinct_name":"Whitfield - PG","precinct_norm":"WHITFIELD - PG","precinct_full_name":"Pg","has_polygon":true},"geometry":{"type":"Point","coordinates":[-84.96355357165955,34.8307165]}},{"type":"Feature","properties":{"id":"2024-13047-BOYN","county_nam":"Catoosa","county_norm":"CATOOSA","prec_id":"BOYN","precinct_name":"Catoosa - BOYN","precinct_norm":"CATOOSA - BOYN","precinct_full_name":"Boynton","has_polygon":true},"geometry":{"type":"Point","coordinates":[-85.19031040704132,34.9269875]}},{"type":"Feature","properties":{"id":"2024-13047-POPS","county_nam":"Catoosa","county_norm":"CATOOSA","prec_id":"POPS","precinct_name":"Catoosa - POPS","precinct_norm":"CATOOSA - POPS","precinct_full_name":"Poplar Springs","has_polygon":true},"geometry":{"type":"Point","coordinates":[-85.16279602132076,34.8893915]}},{"type":"Feature","properties":{"id":"2024-13047-GRAY","county_nam":"Catoosa","county_norm":"CATOOSA","prec_id":"GRAY","precinct_name":"Catoosa - GRAY","precinct_norm":"CATOOSA - GRAY","precinct_full_name":"Graysville","has_polygon":true},"geometry":{"type":"Point","coordinates":[-85.163181897734,34.9611985]}},{"type":"Feature","properties":{"id":"2024-13047-RING","county_nam":"Catoosa","county_norm":"CATOOSA","prec_id":"RING","precinct_name":"Catoosa - RING","precinct_norm":"CATOOSA - RING","precinct_full_name":"Ringgold","has_polygon":true},"geometry":{"type":"Point","coordinates":[-85.11835545750671,34.9411245]}},{"type":"Feature","properties":{"id":"2024-13047-CAKT","county_nam":"Catoosa","county_norm":"CATOOSA","prec_id":"CAKT","precinct_name":"Catoosa - CAKT","precinct_norm":"CATOOSA - CAKT","precinct_full_name":"Catoosa Keith","has_polygon":true},"geometry":{"type":"Point","coordinates":[-85.04011191648793,34.9417085]}},{"type":"Feature","properties":{"id":"2024-13313-VA","county_nam":"Whitfield","county_norm":"WHITFIELD","prec_id":"VA","precinct_name":"Whitfield - VA","precinct_norm":"WHITFIELD - VA","precinct_full_name":"Va","has_polygon":true},"geometry":{"type":"Point","coordinates":[-84.9640628829309,34.8999945]}},{"type":"Feature","properties":{"id":"2024-13313-CO","county_nam":"Whitfield","county_norm":"WHITFIELD","prec_id":"CO","precinct_name":"Whitfield - CO","precinct_norm":"WHITFIELD - CO","precinct_full_name":"Co","has_polygon":true},"geometry":{"type":"Point","coordinates":[-84.9490585732093,34.955059]}},{"type":"Feature","properties":{"id":"2024-13045-1542","county_nam":"Carroll","county_norm":"CARROLL","prec_id":"1542","precinct_name":"Carroll - 1542","precinct_norm":"CARROLL - 1542","precinct_full_name":"Mars Hill","has_polygon":true},"geometry":{"type":"Point","coordinates":[-84.93329315818433,33.593469999999996]}},{"type":"Feature","properties":{"id":"2024-13045-1540","county_nam":"Carroll","county_norm":"CARROLL","prec_id":"1540","precinct_name":"Carroll - 1540","precinct_norm":"CARROLL - 1540","precinct_full_name":"Fairfield","has_polygon":true},"geometry":{"type":"Point","coordinates":[-84.92777543041602,33.642923499999995]}},{"type":"Feature","properties":{"id":"2024-13097-1260","county_nam":"Douglas","county_norm":"DOUGLAS","prec_id":"1260","precinct_name":"Douglas - 1260","precinct_norm":"DOUGLAS - 1260","precinct_full_name":"Dog River Library","has_polygon":true},"geometry":{"type":"Point","coordinates":[-84.84418343102031,33.613322499999995]}},{"type":"Feature","properties":{"id":"2024-13097-1271","county_nam":"Douglas","county_norm":"DOUGLAS","prec_id":"1271","precinct_name":"Douglas - 1271","precinct_norm":"DOUGLAS - 1271","precinct_full_name":"Ephesus Baptist Chur","has_polygon":true},"geometry":{"type":"Point","coordinates":[-84.86505996305114,33.6753655]}},{"type":"Feature","properties":{"id":"2024-13045-642","county_nam":"Carroll","county_norm":"CARROLL","prec_id":"642","precinct_name":"Carroll - 642","precinct_norm":"CARROLL - 642","precinct_full_name":"Vr Powell Park","has_polygon":true},"geometry":{"type":"Point","coordinates":[-84.9228876946847,33.720521]}},{"type":"Feature","properties":{"id":"2024-13097-1258","county_nam":"Douglas","county_norm":"DOUGLAS","prec_id":"1258","precinct_name":"Douglas - 1258","precinct_norm":"DOUGLAS - 1258","precinct_full_name":"Mirror Lake Elementa","has_polygon":true},"geometry":{"type":"Point","coordinates":[-84.85934159560142,33.749653499999994]}},{"type":"Feature","properties":{"id":"2024-13223-0013B","county_nam":"Paulding","county_norm":"PAULDING","prec_id":"0013B","precinct_name":"Paulding - 0013B","precinct_norm":"PAULDING - 0013B","precinct_full_name":"South Paulding Middle School","has_polygon":true},"geometry":{"type":"Point","coordinates":[-84.8487600619638,33.813202000000004]}},{"type":"Feature","properties":{"id":"2024-13121-CH03","county_nam":"Fulton","county_norm":"FULTON","prec_id":"CH03","precinct_name":"Fulton - CH03","precinct_norm":"FULTON - CH03","precinct_full_name":"Chattahoochee Hills City Hall","has_polygon":true},"geometry":{"type":"Point","coordinates":[-84.76170262385432,33.5719505]}},{"type":"Feature","properties":{"id":"2024-13121-CH02A","county_nam":"Fulton","county_norm":"FULTON","prec_id":"CH02A","precinct_name":"Fulton - CH02A","precinct_norm":"FULTON - CH02A","precinct_full_name":"CH02A","has_polygon":true},"geometry":{"type":"Point","coordinates":[-84.7526240125689,33.601969999999994]}},{"type":"Feature","properties":{"id":"2024-13097-1272","county_nam":"Douglas","county_norm":"DOUGLAS","prec_id":"1272","precinct_name":"Douglas - 1272","precinct_norm":"DOUGLAS - 1272","precinct_full_name":"Prays Mill Gym","has_polygon":true},"geometry":{"type":"Point","coordinates":[-84.78819990113904,33.654613499999996]}},{"type":"Feature","properties":{"id":"2024-13121-CH01A","county_nam":"Fulton","county_norm":"FULTON","prec_id":"CH01A","precinct_name":"Fulton - CH01A","precinct_norm":"FULTON - CH01A","precinct_full_name":"CH01A","has_polygon":true},"geometry":{"type":"Point","coordinates":[-84.70598936099945,33.599915]}},{"type":"Feature","properties":{"id":"2024-13121-CH01","county_nam":"Fulton","county_norm":"FULTON","prec_id":"CH01","precinct_name":"Fulton - CH01","precinct_norm":"FULTON - CH01","precinct_full_name":"Chattahoochee Hills City Hall","has_polygon":true},"geometry":{"type":"Point","coordinates":[-84.6884584252171,33.5684945]}},{"type":"Feature","properties":{"id":"2024-13121-CH02","county_nam":"Fulton","county_norm":"FULTON","prec_id":"CH02","precinct_name":"Fulton - CH02","precinct_norm":"FULTON - CH02","precinct_full_name":"Chattahoochee Hills City Hall","has_polygon":true},"geometry":{"type":"Point","coordinates":[-84.70288735686242,33.62756]}},{"type":"Feature","properties":{"id":"2024-13097-736S","county_nam":"Douglas","county_norm":"DOUGLAS","prec_id":"736S","precinct_name":"Douglas - 736S","precinct_norm":"DOUGLAS - 736S","precinct_full_name":"Chapel Hill High School","has_polygon":true},"geometry":{"type":"Point","coordinates":[-84.71774391477274,33.6636585]}},{"type":"Feature","properties":{"id":"2024-13097-734","county_nam":"Douglas","county_norm":"DOUGLAS","prec_id":"734","precinct_name":"Douglas - 734","precinct_norm":"DOUGLAS - 734","precinct_full_name":"Elizabeth Baptist Church","has_polygon":true},"geometry":{"type":"Point","coordinates":[-84.79079085783627,33.7089945]}},{"type":"Feature","properties":{"id":"2024-13097-735","county_nam":"Douglas","county_norm":"DOUGLAS","prec_id":"735","precinct_name":"Douglas - 735","precinct_norm":"DOUGLAS - 735","precinct_full_name":"Dorsett Shoals","has_polygon":true},"geometry":{"type":"Point","coordinates":[-84.77494627711044,33.688933]}},{"type":"Feature","properties":{"id":"2024-13097-1259","county_nam":"Douglas","county_norm":"DOUGLAS","prec_id":"1259","precinct_name":"Douglas - 1259","precinct_norm":"DOUGLAS - 1259","precinct_full_name":"Winston","has_polygon":true},"geometry":{"type":"Point","coordinates":[-84.8025823473796,33.7468395]}},{"type":"Feature","properties":{"id":"2024-13097-738","county_nam":"Douglas","county_norm":"DOUGLAS","prec_id":"738","precinct_name":"Douglas - 738","precinct_norm":"DOUGLAS - 738","precinct_full_name":"St Julians Episcopal","has_polygon":true},"geometry":{"type":"Point","coordinates":[-84.75872919905571,33.703995]}},{"type":"Feature","properties":{"id":"2024-13097-733","county_nam":"Douglas","county_norm":"DOUGLAS","prec_id":"733","precinct_name":"Douglas - 733","precinct_norm":"DOUGLAS - 733","precinct_full_name":"Arbor Station","has_polygon":true},"geometry":{"type":"Point","coordinates":[-84.75042328567937,33.720425]}},{"type":"Feature","properties":{"id":"2024-13097-730","county_nam":"Douglas","county_norm":"DOUGLAS","prec_id":"730","precinct_name":"Douglas - 730","precinct_norm":"DOUGLAS - 730","precinct_full_name":"Old Courthouse","has_polygon":true},"geometry":{"type":"Point","coordinates":[-84.74343858709813,33.74465]}},{"type":"Feature","properties":{"id":"2024-13097-729","county_nam":"Douglas","county_norm":"DOUGLAS","prec_id":"729","precinct_name":"Douglas - 729","precinct_norm":"DOUGLAS - 729","precinct_full_name":"Golden Methodist Ch","has_polygon":true},"geometry":{"type":"Point","coordinates":[-84.76139296456844,33.765343]}},{"type":"Feature","properties":{"id":"2024-13097-732","county_nam":"Douglas","county_norm":"DOUGLAS","prec_id":"732","precinct_name":"Douglas - 732","precinct_norm":"DOUGLAS - 732","precinct_full_name":"Stewart","has_polygon":true},"geometry":{"type":"Point","coordinates":[-84.74053994717269,33.769808]}},{"type":"Feature","properties":{"id":"2024-13223-0018C","county_nam":"Paulding","county_norm":"PAULDING","prec_id":"0018C","precinct_name":"Paulding - 0018C","precinct_norm":"PAULDING - 0018C","precinct_full_name":"Dobbins Middle School","has_polygon":true},"geometry":{"type":"Point","coordinates":[-84.7548590588629,33.808611]}},{"type":"Feature","properties":{"id":"2024-13097-736N","county_nam":"Douglas","county_norm":"DOUGLAS","prec_id":"736N","precinct_name":"Douglas - 736N","precinct_norm":"DOUGLAS - 736N","precinct_full_name":"Chapel Hill","has_polygon":true},"geometry":{"type":"Point","coordinates":[-84.72969503378604,33.691897999999995]}},{"type":"Feature","properties":{"id":"2024-13097-739","county_nam":"Douglas","county_norm":"DOUGLAS","prec_id":"739","precinct_name":"Douglas - 739","precinct_norm":"DOUGLAS - 739","precinct_full_name":"Lutheran Church - Gs","has_polygon":true},"geometry":{"type":"Point","coordinates":[-84.72555551146141,33.709909499999995]}},{"type":"Feature","properties":{"id":"2024-13097-740","county_nam":"Douglas","county_norm":"DOUGLAS","prec_id":"740","precinct_name":"Douglas - 740","precinct_norm":"DOUGLAS - 740","precinct_full_name":"St Theresa's Catholic Church","has_polygon":true},"geometry":{"type":"Point","coordinates":[-84.72397814265702,33.732248]}},{"type":"Feature","properties":{"id":"2024-13097-737","county_nam":"Douglas","county_norm":"DOUGLAS","prec_id":"737","precinct_name":"Douglas - 737","precinct_norm":"DOUGLAS - 737","precinct_full_name":"Chestnut Log","has_polygon":true},"geometry":{"type":"Point","coordinates":[-84.69775668614074,33.734767500000004]}},{"type":"Feature","properties":{"id":"2024-13097-1276","county_nam":"Douglas","county_norm":"DOUGLAS","prec_id":"1276","precinct_name":"Douglas - 1276","precinct_norm":"DOUGLAS - 1276","precinct_full_name":"Deer Lick","has_polygon":true},"geometry":{"type":"Point","coordinates":[-84.67493181878308,33.740311]}},{"type":"Feature","properties":{"id":"2024-13097-731","county_nam":"Douglas","county_norm":"DOUGLAS","prec_id":"731","precinct_name":"Douglas - 731","precinct_norm":"DOUGLAS - 731","precinct_full_name":"Beulah Baptist Church","has_polygon":true},"geometry":{"type":"Point","coordinates":[-84.71059813112929,33.7799815]}},{"type":"Feature","properties":{"id":"2024-13097-1273","county_nam":"Douglas","county_norm":"DOUGLAS","prec_id":"1273","precinct_name":"Douglas - 1273","precinct_norm":"DOUGLAS - 1273","precinct_full_name":"Turner","has_polygon":true},"geometry":{"type":"Point","coordinates":[-84.67291325634852,33.7839665]}},{"type":"Feature","properties":{"id":"2024-13223-0007B","county_nam":"Paulding","county_norm":"PAULDING","prec_id":"0007B","precinct_name":"Paulding - 0007B","precinct_norm":"PAULDING - 0007B","precinct_full_name":"Watson Government Complex","has_polygon":true},"geometry":{"type":"Point","coordinates":[-84.86178886933259,33.921155]}},{"type":"Feature","properties":{"id":"2024-13223-0014B","county_nam":"Paulding","county_norm":"PAULDING","prec_id":"0014B","precinct_name":"Paulding - 0014B","precinct_norm":"PAULDING - 0014B","precinct_full_name":"White Oak Park","has_polygon":true},"geometry":{"type":"Point","coordinates":[-84.84663050016877,33.875994000000006]}},{"type":"Feature","properties":{"id":"2024-13223-0020B","county_nam":"Paulding","county_norm":"PAULDING","prec_id":"0020B","precinct_name":"Paulding - 0020B","precinct_norm":"PAULDING - 0020B","precinct_full_name":"High Shoals Baptist Church","has_polygon":true},"geometry":{"type":"Point","coordinates":[-84.9016066222155,33.981705500000004]}},{"type":"Feature","properties":{"id":"2024-13223-0001B","county_nam":"Paulding","county_norm":"PAULDING","prec_id":"0001B","precinct_name":"Paulding - 0001B","precinct_norm":"PAULDING - 0001B","precinct_full_name":"Burnt Hickory Park","has_polygon":true},"geometry":{"type":"Point","coordinates":[-84.8803113777239,34.022672]}},{"type":"Feature","properties":{"id":"2024-13223-0005C","county_nam":"Paulding","county_norm":"PAULDING","prec_id":"0005C","precinct_name":"Paulding - 0005C","precinct_norm":"PAULDING - 0005C","precinct_full_name":"Paulding Senior Center","has_polygon":true},"geometry":{"type":"Point","coordinates":[-84.8186098674596,33.964918]}},{"type":"Feature","properties":{"id":"2024-13223-0019C","county_nam":"Paulding","county_norm":"PAULDING","prec_id":"0019C","precinct_name":"Paulding - 0019C","precinct_norm":"PAULDING - 0019C","precinct_full_name":"Activation Church","has_polygon":true},"geometry":{"type":"Point","coordinates":[-84.82968447936659,34.059477]}},{"type":"Feature","properties":{"id":"2024-13223-0011C","county_nam":"Paulding","county_norm":"PAULDING","prec_id":"0011C","precinct_name":"Paulding - 0011C","precinct_norm":"PAULDING - 0011C","precinct_full_name":"Dianne Wright Innovation Center","has_polygon":true},"geometry":{"type":"Point","coordinates":[-84.79201698294094,33.8254485]}},{"type":"Feature","properties":{"id":"2024-13223-0010B","county_nam":"Paulding","county_norm":"PAULDING","prec_id":"0010B","precinct_name":"Paulding - 0010B","precinct_norm":"PAULDING - 0010B","precinct_full_name":"Poplar Springs Baptist Church","has_polygon":true},"geometry":{"type":"Point","coordinates":[-84.76884347571743,33.872601]}},{"type":"Feature","properties":{"id":"2024-13223-0012C","county_nam":"Paulding","county_norm":"PAULDING","prec_id":"0012C","precinct_name":"Paulding - 0012C","precinct_norm":"PAULDING - 0012C","precinct_full_name":"Taylor Farm Park","has_polygon":true},"geometry":{"type":"Point","coordinates":[-84.74134150465974,33.842456]}},{"type":"Feature","properties":{"id":"2024-13223-0006B","county_nam":"Paulding","county_norm":"PAULDING","prec_id":"0006B","precinct_name":"Paulding - 0006B","precinct_norm":"PAULDING - 0006B","precinct_full_name":"Legacy Baptist Church","has_polygon":true},"geometry":{"type":"Point","coordinates":[-84.79856425490092,33.935322]}},{"type":"Feature","properties":{"id":"2024-13223-0009B","county_nam":"Paulding","county_norm":"PAULDING","prec_id":"0009B","precinct_name":"Paulding - 0009B","precinct_norm":"PAULDING - 0009B","precinct_full_name":"The Event's Place","has_polygon":true},"geometry":{"type":"Point","coordinates":[-84.76620247783652,33.8864815]}},{"type":"Feature","properties":{"id":"2024-13223-0021B","county_nam":"Paulding","county_norm":"PAULDING","prec_id":"0021B","precinct_name":"Paulding - 0021B","precinct_norm":"PAULDING - 0021B","precinct_full_name":"Tabernacle Baptist Church","has_polygon":true},"geometry":{"type":"Point","coordinates":[-84.76559396892392,33.908158]}},{"type":"Feature","properties":{"id":"2024-13067-SW01","county_nam":"Cobb","county_norm":"COBB","prec_id":"SW01","precinct_name":"Cobb - SW01","precinct_norm":"COBB - SW01","precinct_full_name":"Sweetwater 01","has_polygon":true},"geometry":{"type":"Point","coordinates":[-84.71232617328397,33.847434]}},{"type":"Feature","properties":{"id":"2024-13067-CL02","county_nam":"Cobb","county_norm":"COBB","prec_id":"CL02","precinct_name":"Cobb - CL02","precinct_norm":"COBB - CL02","precinct_full_name":"Clarkdale 02","has_polygon":true},"geometry":{"type":"Point","coordinates":[-84.6940918529825,33.825345]}},{"type":"Feature","properties":{"id":"2024-13067-PS1A","county_nam":"Cobb","county_norm":"COBB","prec_id":"PS1A","precinct_name":"Cobb - PS1A","precinct_norm":"COBB - PS1A","precinct_full_name":"Powder Springs 1A","has_polygon":true},"geometry":{"type":"Point","coordinates":[-84.69148319205786,33.86488]}},{"type":"Feature","properties":{"id":"2024-13067-PS3A","county_nam":"Cobb","county_norm":"COBB","prec_id":"PS3A","precinct_name":"Cobb - PS3A","precinct_norm":"COBB - PS3A","precinct_full_name":"Powder Springs 3A","has_polygon":true},"geometry":{"type":"Point","coordinates":[-84.68208957678428,33.8578055]}},{"type":"Feature","properties":{"id":"2024-13067-LM03","county_nam":"Cobb","county_norm":"COBB","prec_id":"LM03","precinct_name":"Cobb - LM03","precinct_norm":"COBB - LM03","precinct_full_name":"Lost Mountain 03","has_polygon":true},"geometry":{"type":"Point","coordinates":[-84.71083663903796,33.929792500000005]}},{"type":"Feature","properties":{"id":"2024-13067-ME01","county_nam":"Cobb","county_norm":"COBB","prec_id":"ME01","precinct_name":"Cobb - ME01","precinct_norm":"COBB - ME01","precinct_full_name":"Mceachern 01","has_polygon":true},"geometry":{"type":"Point","coordinates":[-84.6993423991398,33.8877255]}},{"type":"Feature","properties":{"id":"2024-13067-LM01","county_nam":"Cobb","county_norm":"COBB","prec_id":"LM01","precinct_name":"Cobb - LM01","precinct_norm":"COBB - LM01","precinct_full_name":"Lost Mountain 01","has_polygon":true},"geometry":{"type":"Point","coordinates":[-84.67907562919908,33.923430499999995]}},{"type":"Feature","properties":{"id":"2024-13067-OR01","county_nam":"Cobb","county_norm":"COBB","prec_id":"OR01","precinct_name":"Cobb - OR01","precinct_norm":"COBB - OR01","precinct_full_name":"Oregon 01","has_polygon":true},"geometry":{"type":"Point","coordinates":[-84.67329386480498,33.9381295]}},{"type":"Feature","properties":{"id":"2024-13223-0008C","county_nam":"Paulding","county_norm":"PAULDING","prec_id":"0008C","precinct_name":"Paulding - 0008C","precinct_norm":"PAULDING - 0008C","precinct_full_name":"East Paulding Middle School","has_polygon":true},"geometry":{"type":"Point","coordinates":[-84.76246264155122,33.964417]}},{"type":"Feature","properties":{"id":"2024-13223-0003C","county_nam":"Paulding","county_norm":"PAULDING","prec_id":"0003C","precinct_name":"Paulding - 0003C","precinct_norm":"PAULDING - 0003C","precinct_full_name":"Shelton Elementary School","has_polygon":true},"geometry":{"type":"Point","coordinates":[-84.78917663979979,34.0155275]}},{"type":"Feature","properties":{"id":"2024-13223-0002C","county_nam":"Paulding","county_norm":"PAULDING","prec_id":"0002C","precinct_name":"Paulding - 0002C","precinct_norm":"PAULDING - 0002C","precinct_full_name":"Crossroads Library","has_polygon":true},"geometry":{"type":"Point","coordinates":[-84.7762974340884,34.0503195]}},{"type":"Feature","properties":{"id":"2024-13223-0004C","county_nam":"Paulding","county_norm":"PAULDING","prec_id":"0004C","precinct_name":"Paulding - 0004C","precinct_norm":"PAULDING - 0004C","precinct_full_name":"Russom Elementary School","has_polygon":true},"geometry":{"type":"Point","coordinates":[-84.75796945349676,34.030111]}},{"type":"Feature","properties":{"id":"2024-13067-VA01","county_nam":"Cobb","county_norm":"COBB","prec_id":"VA01","precinct_name":"Cobb - VA01","precinct_norm":"COBB - VA01","precinct_full_name":"Vaughan 01","has_polygon":true},"geometry":{"type":"Point","coordinates":[-84.73281188435897,33.964417]}},{"type":"Feature","properties":{"id":"2024-13067-LM02","county_nam":"Cobb","county_norm":"COBB","prec_id":"LM02","precinct_name":"Cobb - LM02","precinct_norm":"COBB - LM02","precinct_full_name":"Lost Mountain 02","has_polygon":true},"geometry":{"type":"Point","coordinates":[-84.71165365050166,33.978843499999996]}},{"type":"Feature","properties":{"id":"2024-13067-FR01","county_nam":"Cobb","county_norm":"COBB","prec_id":"FR01","precinct_name":"Cobb - FR01","precinct_norm":"COBB - FR01","precinct_full_name":"Ford 01","has_polygon":true},"geometry":{"type":"Point","coordinates":[-84.73340675195577,33.996927]}},{"type":"Feature","properties":{"id":"2024-13067-DU01","county_nam":"Cobb","county_norm":"COBB","prec_id":"DU01","precinct_name":"Cobb - DU01","precinct_norm":"COBB - DU01","precinct_full_name":"Durham 01","has_polygon":true},"geometry":{"type":"Point","coordinates":[-84.71248133208957,34.010498999999996]}},{"type":"Feature","properties":{"id":"2024-13067-KP03","county_nam":"Cobb","county_norm":"COBB","prec_id":"KP03","precinct_name":"Cobb - KP03","precinct_norm":"COBB - KP03","precinct_full_name":"Kemp 03","has_polygon":true},"geometry":{"type":"Point","coordinates":[-84.68475297400079,33.958678]}},{"type":"Feature","properties":{"id":"2024-13067-FY01","county_nam":"Cobb","county_norm":"COBB","prec_id":"FY01","precinct_name":"Cobb - FY01","precinct_norm":"COBB - FY01","precinct_full_name":"Frey 01","has_polygon":true},"geometry":{"type":"Point","coordinates":[-84.69262525979309,34.015429999999995]}},{"type":"Feature","properties":{"id":"2024-13067-LM04","county_nam":"Cobb","county_norm":"COBB","prec_id":"LM04","precinct_name":"Cobb - LM04","precinct_norm":"COBB - LM04","precinct_full_name":"Lost Mountain 04","has_polygon":true},"geometry":{"type":"Point","coordinates":[-84.68498722021583,33.991401999999994]}},{"type":"Feature","properties":{"id":"2024-13067-MS01","county_nam":"Cobb","county_norm":"COBB","prec_id":"MS01","precinct_name":"Cobb - MS01","precinct_norm":"COBB - MS01","precinct_full_name":"Mars Hill 01","has_polygon":true},"geometry":{"type":"Point","coordinates":[-84.72020565082144,34.049396]}},{"type":"Feature","properties":{"id":"2024-13067-ML01","county_nam":"Cobb","county_norm":"COBB","prec_id":"ML01","precinct_name":"Cobb - ML01","precinct_norm":"COBB - ML01","precinct_full_name":"Mcclure 01","has_polygon":true},"geometry":{"type":"Point","coordinates":[-84.67698312092222,34.0167385]}},{"type":"Feature","properties":{"id":"2024-13067-AC1A","county_nam":"Cobb","county_norm":"COBB","prec_id":"AC1A","precinct_name":"Cobb - AC1A","precinct_norm":"COBB - AC1A","precinct_full_name":"Acworth 1A","has_polygon":true},"geometry":{"type":"Point","coordinates":[-84.6777153454313,34.0471715]}},{"type":"Feature","properties":{"id":"2024-13067-AC1B","county_nam":"Cobb","county_norm":"COBB","prec_id":"AC1B","precinct_name":"Cobb - AC1B","precinct_norm":"COBB - AC1B","precinct_full_name":"Acworth 1B","has_polygon":true},"geometry":{"type":"Point","coordinates":[-84.69330078985507,34.063717]}},{"type":"Feature","properties":{"id":"2024-13121-SC07A","county_nam":"Fulton","county_norm":"FULTON","prec_id":"SC07A","precinct_name":"Fulton - SC07A","precinct_norm":"FULTON - SC07A","precinct_full_name":"Creekside High School","has_polygon":true},"geometry":{"type":"Point","coordinates":[-84.63760466357064,33.5657585]}},{"type":"Feature","properties":{"id":"2024-13121-SC04","county_nam":"Fulton","county_norm":"FULTON","prec_id":"SC04","precinct_name":"Fulton - SC04","precinct_norm":"FULTON - SC04","precinct_full_name":"Cedar Grove Church Of Christ","has_polygon":true},"geometry":{"type":"Point","coordinates":[-84.66828552550471,33.611398]}},{"type":"Feature","properties":{"id":"2024-13121-SC13B","county_nam":"Fulton","county_norm":"FULTON","prec_id":"SC13B","precinct_name":"Fulton - SC13B","precinct_norm":"FULTON - SC13B","precinct_full_name":"SC13B","has_polygon":true},"geometry":{"type":"Point","coordinates":[-84.6365294113515,33.594973499999995]}},{"type":"Feature","properties":{"id":"2024-13121-SC13A","county_nam":"Fulton","county_norm":"FULTON","prec_id":"SC13A","precinct_name":"Fulton - SC13A","precinct_norm":"FULTON - SC13A","precinct_full_name":"SC13A","has_polygon":true},"geometry":{"type":"Point","coordinates":[-84.64128427477051,33.609085500000006]}},{"type":"Feature","properties":{"id":"2024-13121-SC07E","county_nam":"Fulton","county_norm":"FULTON","prec_id":"SC07E","precinct_name":"Fulton - SC07E","precinct_norm":"FULTON - SC07E","precinct_full_name":"SC07E","has_polygon":true},"geometry":{"type":"Point","coordinates":[-84.62185299401597,33.583467]}},{"type":"Feature","properties":{"id":"2024-13121-UC02G","county_nam":"Fulton","county_norm":"FULTON","prec_id":"UC02G","precinct_name":"Fulton - UC02G","precinct_norm":"FULTON - UC02G","precinct_full_name":"UC02G","has_polygon":true},"geometry":{"type":"Point","coordinates":[-84.60100106063553,33.605362]}},{"type":"Feature","properties":{"id":"2024-13121-SC05F","county_nam":"Fulton","county_norm":"FULTON","prec_id":"SC05F","precinct_name":"Fulton - SC05F","precinct_norm":"FULTON - SC05F","precinct_full_name":"SC05F","has_polygon":true},"geometry":{"type":"Point","coordinates":[-84.60987003476532,33.608464]}},{"type":"Feature","properties":{"id":"2024-13121-UC02A","county_nam":"Fulton","county_norm":"FULTON","prec_id":"UC02A","precinct_name":"Fulton - UC02A","precinct_norm":"FULTON - UC02A","precinct_full_name":"Etris Community Center","has_polygon":true},"geometry":{"type":"Point","coordinates":[-84.61412500163014,33.61804600000001]}},{"type":"Feature","properties":{"id":"2024-13121-SC13","county_nam":"Fulton","county_norm":"FULTON","prec_id":"SC13","precinct_name":"Fulton - SC13","precinct_norm":"FULTON - SC13","precinct_full_name":"Langston Hughes High School","has_polygon":true},"geometry":{"type":"Point","coordinates":[-84.64124997275695,33.6386895]}},{"type":"Feature","properties":{"id":"2024-13291-6","county_nam":"Union","county_norm":"UNION","prec_id":"6","precinct_name":"Union - 6","precinct_norm":"UNION - 6","precinct_full_name":"Trackrock","has_polygon":true},"geometry":{"type":"Point","coordinates":[-83.87335952440347,34.8686755]}},{"type":"Feature","properties":{"id":"2024-13311-51","county_nam":"White","county_norm":"WHITE","prec_id":"51","precinct_name":"White - 51","precinct_norm":"WHITE - 51","precinct_full_name":"Mount Yonah","has_polygon":true},"geometry":{"type":"Point","coordinates":[-83.73301291491985,34.614362]}},{"type":"Feature","properties":{"id":"2024-13311-11","county_nam":"White","county_norm":"WHITE","prec_id":"11","precinct_name":"White - 11","precinct_norm":"WHITE - 11","precinct_full_name":"Blue Creek","has_polygon":true},"geometry":{"type":"Point","coordinates":[-83.67104615665299,34.630182000000005]}},{"type":"Feature","properties":{"id":"2024-13311-61","county_nam":"White","county_norm":"WHITE","prec_id":"61","precinct_name":"White - 61","precinct_norm":"WHITE - 61","precinct_full_name":"Nacoochee","has_polygon":true},"geometry":{"type":"Point","coordinates":[-83.66231238294955,34.730935]}},{"type":"Feature","properties":{"id":"2024-13311-31","county_nam":"White","county_norm":"WHITE","prec_id":"31","precinct_name":"White - 31","precinct_norm":"WHITE - 31","precinct_full_name":"Robertstown/Helen","has_polygon":true},"geometry":{"type":"Point","coordinates":[-83.76032501986398,34.736844]}},{"type":"Feature","properties":{"id":"2024-13281-1468","county_nam":"Towns","county_norm":"TOWNS","prec_id":"1468","precinct_name":"Towns - 1468","precinct_norm":"TOWNS - 1468","precinct_full_name":"Young Harris","has_polygon":true},"geometry":{"type":"Point","coordinates":[-83.86756426536145,34.9434775]}},{"type":"Feature","properties":{"id":"2024-13281-990","county_nam":"Towns","county_norm":"TOWNS","prec_id":"990","precinct_name":"Towns - 990","precinct_norm":"TOWNS - 990","precinct_full_name":"Hiawassee","has_polygon":true},"geometry":{"type":"Point","coordinates":[-83.72485312015628,34.891586000000004]}},{"type":"Feature","properties":{"id":"2024-13137-7","county_nam":"Habersham","county_norm":"HABERSHAM","prec_id":"7","precinct_name":"Habersham - 7","precinct_norm":"HABERSHAM - 7","precinct_full_name":"Amys Creek","has_polygon":true},"geometry":{"type":"Point","coordinates":[-83.60485504761905,34.727335]}},{"type":"Feature","properties":{"id":"2024-13137-1","county_nam":"Habersham","county_norm":"HABERSHAM","prec_id":"1","precinct_name":"Habersham - 1","precinct_norm":"HABERSHAM - 1","precinct_full_name":"Habersham North","has_polygon":true},"geometry":{"type":"Point","coordinates":[-83.47845152468759,34.6472495]}},{"type":"Feature","properties":{"id":"2024-13241-RABUN","county_nam":"Rabun","county_norm":"RABUN","prec_id":"RABUN","precinct_name":"Rabun - RABUN","precinct_norm":"RABUN - RABUN","precinct_full_name":"Rabun County","has_polygon":true},"geometry":{"type":"Point","coordinates":[-83.4530369207841,34.858761]}},{"type":"Feature","properties":{"id":"2024-13265-172","county_nam":"Taliaferro","county_norm":"TALIAFERRO","prec_id":"172","precinct_name":"Taliaferro - 172","precinct_norm":"TALIAFERRO - 172","precinct_full_name":"Sharon","has_polygon":true},"geometry":{"type":"Point","coordinates":[-82.78385381331907,33.567859]}},{"type":"Feature","properties":{"id":"2024-13317-1","county_nam":"Wilkes","county_norm":"WILKES","prec_id":"1","precinct_name":"Wilkes - 1","precinct_norm":"WILKES - 1","precinct_full_name":"Senior Citizen Cente","has_polygon":true},"geometry":{"type":"Point","coordinates":[-82.79002919093344,33.6746775]}},{"type":"Feature","properties":{"id":"2024-13317-3A","county_nam":"Wilkes","county_norm":"WILKES","prec_id":"3A","precinct_name":"Wilkes - 3A","precinct_norm":"WILKES - 3A","precinct_full_name":"Edward B Pope Center","has_polygon":true},"geometry":{"type":"Point","coordinates":[-82.84759432233014,33.724511]}},{"type":"Feature","properties":{"id":"2024-13317-4A","county_nam":"Wilkes","county_norm":"WILKES","prec_id":"4A","precinct_name":"Wilkes - 4A","precinct_norm":"WILKES - 4A","precinct_full_name":"Courthouse","has_polygon":true},"geometry":{"type":"Point","coordinates":[-82.81411857684553,33.7868035]}},{"type":"Feature","properties":{"id":"2024-13317-2A","county_nam":"Wilkes","county_norm":"WILKES","prec_id":"2A","precinct_name":"Wilkes - 2A","precinct_norm":"WILKES - 2A","precinct_full_name":"Young Farmer's Bldg","has_polygon":true},"geometry":{"type":"Point","coordinates":[-82.67785415547769,33.7247945]}},{"type":"Feature","properties":{"id":"2024-13317-2B","county_nam":"Wilkes","county_norm":"WILKES","prec_id":"2B","precinct_name":"Wilkes - 2B","precinct_norm":"WILKES - 2B","precinct_full_name":"Metasville Fire Station","has_polygon":true},"geometry":{"type":"Point","coordinates":[-82.58272252063367,33.7637215]}},{"type":"Feature","properties":{"id":"2024-13317-4B","county_nam":"Wilkes","county_norm":"WILKES","prec_id":"4B","precinct_name":"Wilkes - 4B","precinct_norm":"WILKES - 4B","precinct_full_name":"Tignall School Lunch Room","has_polygon":true},"geometry":{"type":"Point","coordinates":[-82.75416745416815,33.9007845]}},{"type":"Feature","properties":{"id":"2024-13105-191","county_nam":"Elbert","county_norm":"ELBERT","prec_id":"191","precinct_name":"Elbert - 191","precinct_norm":"ELBERT - 191","precinct_full_name":"Eliam","has_polygon":true},"geometry":{"type":"Point","coordinates":[-82.77924731103175,34.032393]}},{"type":"Feature","properties":{"id":"2024-13105-190","county_nam":"Elbert","county_norm":"ELBERT","prec_id":"190","precinct_name":"Elbert - 190","precinct_norm":"ELBERT - 190","precinct_full_name":"Longstreet","has_polygon":true},"geometry":{"type":"Point","coordinates":[-82.72311075375494,34.065959]}},{"type":"Feature","properties":{"id":"2024-13105-192","county_nam":"Elbert","county_norm":"ELBERT","prec_id":"192","precinct_name":"Elbert - 192","precinct_norm":"ELBERT - 192","precinct_full_name":"Petersburg","has_polygon":true},"geometry":{"type":"Point","coordinates":[-82.64356482539847,34.0187795]}},{"type":"Feature","properties":{"id":"2024-13189-101","county_nam":"Mcduffie","county_norm":"MCDUFFIE","prec_id":"101","precinct_name":"Mcduffie - 101","precinct_norm":"MCDUFFIE - 101","precinct_full_name":"North Mcduffie","has_polygon":true},"geometry":{"type":"Point","coordinates":[-82.52924990875064,33.5796785]}},{"type":"Feature","properties":{"id":"2024-13181-1-B","county_nam":"Lincoln","county_norm":"LINCOLN","prec_id":"1-B","precinct_name":"Lincoln - 1-B","precinct_norm":"LINCOLN - 1-B","precinct_full_name":"Lincoln Club House","has_polygon":true},"geometry":{"type":"Point","coordinates":[-82.53377025995474,33.8005395]}},{"type":"Feature","properties":{"id":"2024-13181-2","county_nam":"Lincoln","county_norm":"LINCOLN","prec_id":"2","precinct_name":"Lincoln - 2","precinct_norm":"LINCOLN - 2","precinct_full_name":"Lincoln Center","has_polygon":true},"geometry":{"type":"Point","coordinates":[-82.50520802984659,33.723811999999995]}},{"type":"Feature","properties":{"id":"2024-13181-3-A","county_nam":"Lincoln","county_norm":"LINCOLN","prec_id":"3-A","precinct_name":"Lincoln - 3-A","precinct_norm":"LINCOLN - 3-A","precinct_full_name":"Faith Temple Of Linc","has_polygon":true},"geometry":{"type":"Point","coordinates":[-82.45197843824123,33.697238]}},{"type":"Feature","properties":{"id":"2024-13073-40","county_nam":"Columbia","county_norm":"COLUMBIA","prec_id":"40","precinct_name":"Columbia - 40","precinct_norm":"COLUMBIA - 40","precinct_full_name":"Eubank/Blanchard Center","has_polygon":true},"geometry":{"type":"Point","coordinates":[-82.390736564084,33.629693]}},{"type":"Feature","properties":{"id":"2024-13181-3-B","county_nam":"Lincoln","county_norm":"LINCOLN","prec_id":"3-B","precinct_name":"Lincoln - 3-B","precinct_norm":"LINCOLN - 3-B","precinct_full_name":"Tabernacle","has_polygon":true},"geometry":{"type":"Point","coordinates":[-82.4024497809091,33.719199]}},{"type":"Feature","properties":{"id":"2024-13181-4-B","county_nam":"Lincoln","county_norm":"LINCOLN","prec_id":"4-B","precinct_name":"Lincoln - 4-B","precinct_norm":"LINCOLN - 4-B","precinct_full_name":"Martins Crossroad","has_polygon":true},"geometry":{"type":"Point","coordinates":[-82.32787243356839,33.759378999999996]}},{"type":"Feature","properties":{"id":"2024-13181-1-A","county_nam":"Lincoln","county_norm":"LINCOLN","prec_id":"1-A","precinct_name":"Lincoln - 1-A","precinct_norm":"LINCOLN - 1-A","precinct_full_name":"Midway","has_polygon":true},"geometry":{"type":"Point","coordinates":[-82.5432637396473,33.892582]}},{"type":"Feature","properties":{"id":"2024-13181-4-A","county_nam":"Lincoln","county_norm":"LINCOLN","prec_id":"4-A","precinct_name":"Lincoln - 4-A","precinct_norm":"LINCOLN - 4-A","precinct_full_name":"Bethany Church","has_polygon":true},"geometry":{"type":"Point","coordinates":[-82.40712342431598,33.826331]}},{"type":"Feature","properties":{"id":"2024-13105-196","county_nam":"Elbert","county_norm":"ELBERT","prec_id":"196","precinct_name":"Elbert - 196","precinct_norm":"ELBERT - 196","precinct_full_name":"Moss-Ruckersville","has_polygon":true},"geometry":{"type":"Point","coordinates":[-82.78934187208549,34.1493745]}},{"type":"Feature","properties":{"id":"2024-13105-199","county_nam":"Elbert","county_norm":"ELBERT","prec_id":"199","precinct_name":"Elbert - 199","precinct_norm":"ELBERT - 199","precinct_full_name":"Gaines","has_polygon":true},"geometry":{"type":"Point","coordinates":[-82.79060597939424,34.233059]}},{"type":"Feature","properties":{"id":"2024-13073-51","county_nam":"Columbia","county_norm":"COLUMBIA","prec_id":"51","precinct_name":"Columbia - 51","precinct_norm":"COLUMBIA - 51","precinct_full_name":"Damascus Baptist Church","has_polygon":true},"geometry":{"type":"Point","coordinates":[-82.31797864857143,33.6604295]}},{"type":"Feature","properties":{"id":"2024-13073-50","county_nam":"Columbia","county_norm":"COLUMBIA","prec_id":"50","precinct_name":"Columbia - 50","precinct_norm":"COLUMBIA - 50","precinct_full_name":"Second Mount Carmel Baptist Church","has_polygon":true},"geometry":{"type":"Point","coordinates":[-82.25042675034076,33.626121]}},{"type":"Feature","properties":{"id":"2024-13073-64","county_nam":"Columbia","county_norm":"COLUMBIA","prec_id":"64","precinct_name":"Columbia - 64","precinct_norm":"COLUMBIA - 64","precinct_full_name":"Grace Baptist Church","has_polygon":true},"geometry":{"type":"Point","coordinates":[-82.18117821448743,33.585679999999996]}},{"type":"Feature","properties":{"id":"2024-13073-131","county_nam":"Columbia","county_norm":"COLUMBIA","prec_id":"131","precinct_name":"Columbia - 131","precinct_norm":"COLUMBIA - 131","precinct_full_name":"Journey Community Church","has_polygon":true},"geometry":{"type":"Point","coordinates":[-82.15736184961136,33.5711395]}},{"type":"Feature","properties":{"id":"2024-13073-132","county_nam":"Columbia","county_norm":"COLUMBIA","prec_id":"132","precinct_name":"Columbia - 132","precinct_norm":"COLUMBIA - 132","precinct_full_name":"Wesley Methodist Church","has_polygon":true},"geometry":{"type":"Point","coordinates":[-82.12607384188742,33.563533500000005]}},{"type":"Feature","properties":{"id":"2024-13073-135","county_nam":"Columbia","county_norm":"COLUMBIA","prec_id":"135","precinct_name":"Columbia - 135","precinct_norm":"COLUMBIA - 135","precinct_full_name":"Christ Church, Presbyterian","has_polygon":true},"geometry":{"type":"Point","coordinates":[-82.10525897248715,33.582302]}},{"type":"Feature","properties":{"id":"2024-13073-107","county_nam":"Columbia","county_norm":"COLUMBIA","prec_id":"107","precinct_name":"Columbia - 107","precinct_norm":"COLUMBIA - 107","precinct_full_name":"Gospel Water Branch Bapt. Church","has_polygon":true},"geometry":{"type":"Point","coordinates":[-82.08002737091988,33.564134]}},{"type":"Feature","properties":{"id":"2024-13121-UC031","county_nam":"Fulton","county_norm":"FULTON","prec_id":"UC031","precinct_name":"Fulton - UC031","precinct_norm":"FULTON - UC031","precinct_full_name":"Christian City Welcome Center","has_polygon":true},"geometry":{"type":"Point","coordinates":[-84.51953146206723,33.5695815]}},{"type":"Feature","properties":{"id":"2024-13121-SC08E","county_nam":"Fulton","county_norm":"FULTON","prec_id":"SC08E","precinct_name":"Fulton - SC08E","precinct_norm":"FULTON - SC08E","precinct_full_name":"Gladys Dennard At South Fulton Library","has_polygon":true},"geometry":{"type":"Point","coordinates":[-84.52318532530099,33.5816365]}},{"type":"Feature","properties":{"id":"2024-13121-UC035","county_nam":"Fulton","county_norm":"FULTON","prec_id":"UC035","precinct_name":"Fulton - UC035","precinct_norm":"FULTON - UC035","precinct_full_name":"Christian City Welcome Center","has_polygon":true},"geometry":{"type":"Point","coordinates":[-84.51284654777639,33.581179500000005]}},{"type":"Feature","properties":{"id":"2024-13121-SC29B","county_nam":"Fulton","county_norm":"FULTON","prec_id":"SC29B","precinct_name":"Fulton - SC29B","precinct_norm":"FULTON - SC29B","precinct_full_name":"Gladys Dennard At South Fulton Library","has_polygon":true},"geometry":{"type":"Point","coordinates":[-84.51380374301948,33.5846325]}},{"type":"Feature","properties":{"id":"2024-13121-SC08H","county_nam":"Fulton","county_norm":"FULTON","prec_id":"SC08H","precinct_name":"Fulton - SC08H","precinct_norm":"FULTON - SC08H","precinct_full_name":"Gladys Dennard At South Fulton Library","has_polygon":true},"geometry":{"type":"Point","coordinates":[-84.53701213302752,33.6025755]}},{"type":"Feature","properties":{"id":"2024-13121-UC01D","county_nam":"Fulton","county_norm":"FULTON","prec_id":"UC01D","precinct_name":"Fulton - UC01D","precinct_norm":"FULTON - UC01D","precinct_full_name":"Feldwood Elementary","has_polygon":true},"geometry":{"type":"Point","coordinates":[-84.53600383792917,33.6108045]}},{"type":"Feature","properties":{"id":"2024-13121-SC17B","county_nam":"Fulton","county_norm":"FULTON","prec_id":"SC17B","precinct_name":"Fulton - SC17B","precinct_norm":"FULTON - SC17B","precinct_full_name":"Welcome All Recreation Center","has_polygon":true},"geometry":{"type":"Point","coordinates":[-84.52977665828573,33.609959]}},{"type":"Feature","properties":{"id":"2024-13121-SC08I","county_nam":"Fulton","county_norm":"FULTON","prec_id":"SC08I","precinct_name":"Fulton - SC08I","precinct_norm":"FULTON - SC08I","precinct_full_name":"SC08I","has_polygon":true},"geometry":{"type":"Point","coordinates":[-84.52271591077738,33.591580500000006]}},{"type":"Feature","properties":{"id":"2024-13121-SC08K","county_nam":"Fulton","county_norm":"FULTON","prec_id":"SC08K","precinct_name":"Fulton - SC08K","precinct_norm":"FULTON - SC08K","precinct_full_name":"SC08K","has_polygon":true},"geometry":{"type":"Point","coordinates":[-84.52103844707433,33.6003775]}},{"type":"Feature","properties":{"id":"2024-13121-SC08B","county_nam":"Fulton","county_norm":"FULTON","prec_id":"SC08B","precinct_name":"Fulton - SC08B","precinct_norm":"FULTON - SC08B","precinct_full_name":"Gladys Dennard At South Fulton Library","has_polygon":true},"geometry":{"type":"Point","coordinates":[-84.50726012245335,33.598997]}},{"type":"Feature","properties":{"id":"2024-13121-SC17D","county_nam":"Fulton","county_norm":"FULTON","prec_id":"SC17D","precinct_name":"Fulton - SC17D","precinct_norm":"FULTON - SC17D","precinct_full_name":"SC17D","has_polygon":true},"geometry":{"type":"Point","coordinates":[-84.52500217326732,33.6184695]}},{"type":"Feature","properties":{"id":"2024-13121-SC29A","county_nam":"Fulton","county_norm":"FULTON","prec_id":"SC29A","precinct_name":"Fulton - SC29A","precinct_norm":"FULTON - SC29A","precinct_full_name":"Creel Park","has_polygon":true},"geometry":{"type":"Point","coordinates":[-84.50302396483717,33.570571]}},{"type":"Feature","properties":{"id":"2024-13121-SC23B","county_nam":"Fulton","county_norm":"FULTON","prec_id":"SC23B","precinct_name":"Fulton - SC23B","precinct_norm":"FULTON - SC23B","precinct_full_name":"New Life Presbyterian Church","has_polygon":true},"geometry":{"type":"Point","coordinates":[-84.4953963408488,33.554967500000004]}},{"type":"Feature","properties":{"id":"2024-13121-SC29C","county_nam":"Fulton","county_norm":"FULTON","prec_id":"SC29C","precinct_name":"Fulton - SC29C","precinct_norm":"FULTON - SC29C","precinct_full_name":"SC29C","has_polygon":true},"geometry":{"type":"Point","coordinates":[-84.49548186946903,33.5702175]}},{"type":"Feature","properties":{"id":"2024-13121-SC09B","county_nam":"Fulton","county_norm":"FULTON","prec_id":"SC09B","precinct_name":"Fulton - SC09B","precinct_norm":"FULTON - SC09B","precinct_full_name":"Burdett Park Gym","has_polygon":true},"geometry":{"type":"Point","coordinates":[-84.49827567906118,33.5871485]}},{"type":"Feature","properties":{"id":"2024-13121-SC11B","county_nam":"Fulton","county_norm":"FULTON","prec_id":"SC11B","precinct_name":"Fulton - SC11B","precinct_norm":"FULTON - SC11B","precinct_full_name":"Creel Park","has_polygon":true},"geometry":{"type":"Point","coordinates":[-84.48652497681451,33.5722325]}},{"type":"Feature","properties":{"id":"2024-13121-SC23A","county_nam":"Fulton","county_norm":"FULTON","prec_id":"SC23A","precinct_name":"Fulton - SC23A","precinct_norm":"FULTON - SC23A","precinct_full_name":"New Life Presbyterian Church","has_polygon":true},"geometry":{"type":"Point","coordinates":[-84.46357101892937,33.5756235]}},{"type":"Feature","properties":{"id":"2024-13121-SC11A","county_nam":"Fulton","county_norm":"FULTON","prec_id":"SC11A","precinct_name":"Fulton - SC11A","precinct_norm":"FULTON - SC11A","precinct_full_name":"Creel Park","has_polygon":true},"geometry":{"type":"Point","coordinates":[-84.47790314012273,33.580988500000004]}},{"type":"Feature","properties":{"id":"2024-13121-UC01C","county_nam":"Fulton","county_norm":"FULTON","prec_id":"UC01C","precinct_name":"Fulton - UC01C","precinct_norm":"FULTON - UC01C","precinct_full_name":"Feldwood Elementary","has_polygon":true},"geometry":{"type":"Point","coordinates":[-84.50406068184394,33.5927325]}},{"type":"Feature","properties":{"id":"2024-13121-UC033","county_nam":"Fulton","county_norm":"FULTON","prec_id":"UC033","precinct_name":"Fulton - UC033","precinct_norm":"FULTON - UC033","precinct_full_name":"Christian City Welcome Center","has_polygon":true},"geometry":{"type":"Point","coordinates":[-84.50298382034654,33.5904525]}},{"type":"Feature","properties":{"id":"2024-13121-CP084","county_nam":"Fulton","county_norm":"FULTON","prec_id":"CP084","precinct_name":"Fulton - CP084","precinct_norm":"FULTON - CP084","precinct_full_name":"Tracey Wyatt Community Center","has_polygon":true},"geometry":{"type":"Point","coordinates":[-84.50258047038466,33.614402]}},{"type":"Feature","properties":{"id":"2024-13121-SC08J","county_nam":"Fulton","county_norm":"FULTON","prec_id":"SC08J","precinct_name":"Fulton - SC08J","precinct_norm":"FULTON - SC08J","precinct_full_name":"SC08J","has_polygon":true},"geometry":{"type":"Point","coordinates":[-84.50391554849138,33.618667]}},{"type":"Feature","properties":{"id":"2024-13121-SC08D","county_nam":"Fulton","county_norm":"FULTON","prec_id":"SC08D","precinct_name":"Fulton - SC08D","precinct_norm":"FULTON - SC08D","precinct_full_name":"Gladys Dennard At South Fulton Library","has_polygon":true},"geometry":{"type":"Point","coordinates":[-84.49630337930243,33.6015795]}},{"type":"Feature","properties":{"id":"2024-13121-UC01B","county_nam":"Fulton","county_norm":"FULTON","prec_id":"UC01B","precinct_name":"Fulton - UC01B","precinct_norm":"FULTON - UC01B","precinct_full_name":"Feldwood Elementary","has_polygon":true},"geometry":{"type":"Point","coordinates":[-84.49001580280378,33.603968]}},{"type":"Feature","properties":{"id":"2024-13121-SC09C","county_nam":"Fulton","county_norm":"FULTON","prec_id":"SC09C","precinct_name":"Fulton - SC09C","precinct_norm":"FULTON - SC09C","precinct_full_name":"McNair Middle","has_polygon":true},"geometry":{"type":"Point","coordinates":[-84.47822896294565,33.589771]}},{"type":"Feature","properties":{"id":"2024-13121-SC09A","county_nam":"Fulton","county_norm":"FULTON","prec_id":"SC09A","precinct_name":"Fulton - SC09A","precinct_norm":"FULTON - SC09A","precinct_full_name":"Burdett Park Gym","has_polygon":true},"geometry":{"type":"Point","coordinates":[-84.47898806176677,33.5991465]}},{"type":"Feature","properties":{"id":"2024-13121-SC10","county_nam":"Fulton","county_norm":"FULTON","prec_id":"SC10","precinct_name":"Fulton - SC10","precinct_norm":"FULTON - SC10","precinct_full_name":"Tracey Wyatt Community Center","has_polygon":true},"geometry":{"type":"Point","coordinates":[-84.4787348805227,33.6061905]}},{"type":"Feature","properties":{"id":"2024-13121-CP081","county_nam":"Fulton","county_norm":"FULTON","prec_id":"CP081","precinct_name":"Fulton - CP081","precinct_norm":"FULTON - CP081","precinct_full_name":"Tracey Wyatt Community Center","has_polygon":true},"geometry":{"type":"Point","coordinates":[-84.48273658107671,33.616862]}},{"type":"Feature","properties":{"id":"2024-13121-UC01E","county_nam":"Fulton","county_norm":"FULTON","prec_id":"UC01E","precinct_name":"Fulton - UC01E","precinct_norm":"FULTON - UC01E","precinct_full_name":"Feldwood Elementary","has_polygon":true},"geometry":{"type":"Point","coordinates":[-84.5345299184564,33.6259065]}},{"type":"Feature","properties":{"id":"2024-13121-SC17A","county_nam":"Fulton","county_norm":"FULTON","prec_id":"SC17A","precinct_name":"Fulton - SC17A","precinct_norm":"FULTON - SC17A","precinct_full_name":"Welcome All Recreation Center","has_polygon":true},"geometry":{"type":"Point","coordinates":[-84.53832662849227,33.62758650000001]}},{"type":"Feature","properties":{"id":"2024-13121-SC18D","county_nam":"Fulton","county_norm":"FULTON","prec_id":"SC18D","precinct_name":"Fulton - SC18D","precinct_norm":"FULTON - SC18D","precinct_full_name":"SC18D","has_polygon":true},"geometry":{"type":"Point","coordinates":[-84.53051984324355,33.642053000000004]}},{"type":"Feature","properties":{"id":"2024-13121-SC19A","county_nam":"Fulton","county_norm":"FULTON","prec_id":"SC19A","precinct_name":"Fulton - SC19A","precinct_norm":"FULTON - SC19A","precinct_full_name":"Solid Rock Pentecostal Church","has_polygon":true},"geometry":{"type":"Point","coordinates":[-84.5237589151567,33.63418]}},{"type":"Feature","properties":{"id":"2024-13121-SC17C","county_nam":"Fulton","county_norm":"FULTON","prec_id":"SC17C","precinct_name":"Fulton - SC17C","precinct_norm":"FULTON - SC17C","precinct_full_name":"Welcome All Recreation Center","has_polygon":true},"geometry":{"type":"Point","coordinates":[-84.51103340561617,33.62061]}},{"type":"Feature","properties":{"id":"2024-13121-EP04B","county_nam":"Fulton","county_norm":"FULTON","prec_id":"EP04B","precinct_name":"Fulton - EP04B","precinct_norm":"FULTON - EP04B","precinct_full_name":"Camp Creek Middle School","has_polygon":true},"geometry":{"type":"Point","coordinates":[-84.50950887511249,33.6413305]}},{"type":"Feature","properties":{"id":"2024-13121-SC18A","county_nam":"Fulton","county_norm":"FULTON","prec_id":"SC18A","precinct_name":"Fulton - SC18A","precinct_norm":"FULTON - SC18A","precinct_full_name":"Friendship Community Church","has_polygon":true},"geometry":{"type":"Point","coordinates":[-84.53683147233059,33.669242499999996]}},{"type":"Feature","properties":{"id":"2024-13121-11E3","county_nam":"Fulton","county_norm":"FULTON","prec_id":"11E3","precinct_name":"Fulton - 11E3","precinct_norm":"FULTON - 11E3","precinct_full_name":"Deerwood Elementary","has_polygon":true},"geometry":{"type":"Point","coordinates":[-84.51469963189155,33.6649955]}},{"type":"Feature","properties":{"id":"2024-13121-11E1","county_nam":"Fulton","county_norm":"FULTON","prec_id":"11E1","precinct_name":"Fulton - 11E1","precinct_norm":"FULTON - 11E1","precinct_full_name":"William Walker Recreation Center","has_polygon":true},"geometry":{"type":"Point","coordinates":[-84.52567356265851,33.674800000000005]}},{"type":"Feature","properties":{"id":"2024-13121-11E2","county_nam":"Fulton","county_norm":"FULTON","prec_id":"11E2","precinct_name":"Fulton - 11E2","precinct_norm":"FULTON - 11E2","precinct_full_name":"William Walker Recreation Center","has_polygon":true},"geometry":{"type":"Point","coordinates":[-84.51024165846599,33.6779305]}},{"type":"Feature","properties":{"id":"2024-13121-SC19B","county_nam":"Fulton","county_norm":"FULTON","prec_id":"SC19B","precinct_name":"Fulton - SC19B","precinct_norm":"FULTON - SC19B","precinct_full_name":"Solid Rock Pentecostal Church","has_polygon":true},"geometry":{"type":"Point","coordinates":[-84.49309851633183,33.627525000000006]}},{"type":"Feature","properties":{"id":"2024-13121-CP052","county_nam":"Fulton","county_norm":"FULTON","prec_id":"CP052","precinct_name":"Fulton - CP052","precinct_norm":"FULTON - CP052","precinct_full_name":"Camp Truitt Senior Center","has_polygon":true},"geometry":{"type":"Point","coordinates":[-84.47646095161562,33.624015]}},{"type":"Feature","properties":{"id":"2024-13121-SC19C","county_nam":"Fulton","county_norm":"FULTON","prec_id":"SC19C","precinct_name":"Fulton - SC19C","precinct_norm":"FULTON - SC19C","precinct_full_name":"SC19C","has_polygon":true},"geometry":{"type":"Point","coordinates":[-84.48151062575698,33.62851]}},{"type":"Feature","properties":{"id":"2024-13121-EP04A","county_nam":"Fulton","county_norm":"FULTON","prec_id":"EP04A","precinct_name":"Fulton - EP04A","precinct_norm":"FULTON - EP04A","precinct_full_name":"Brookview Elementary School","has_polygon":true},"geometry":{"type":"Point","coordinates":[-84.49184514199521,33.6440065]}},{"type":"Feature","properties":{"id":"2024-13121-CP07C","county_nam":"Fulton","county_norm":"FULTON","prec_id":"CP07C","precinct_name":"Fulton - CP07C","precinct_norm":"FULTON - CP07C","precinct_full_name":"Camp Truitt Senior Center","has_polygon":true},"geometry":{"type":"Point","coordinates":[-84.48574151595092,33.647622999999996]}},{"type":"Feature","properties":{"id":"2024-13121-CP05C","county_nam":"Fulton","county_norm":"FULTON","prec_id":"CP05C","precinct_name":"Fulton - CP05C","precinct_norm":"FULTON - CP05C","precinct_full_name":"CP05C","has_polygon":true},"geometry":{"type":"Point","coordinates":[-84.47982179546071,33.635499499999995]}},{"type":"Feature","properties":{"id":"2024-13121-CP07A","county_nam":"Fulton","county_norm":"FULTON","prec_id":"CP07A","precinct_name":"Fulton - CP07A","precinct_norm":"FULTON - CP07A","precinct_full_name":"Camp Truitt Senior Center","has_polygon":true},"geometry":{"type":"Point","coordinates":[-84.48186237900354,33.649443500000004]}},{"type":"Feature","properties":{"id":"2024-13121-CP07E","county_nam":"Fulton","county_norm":"FULTON","prec_id":"CP07E","precinct_name":"Fulton - CP07E","precinct_norm":"FULTON - CP07E","precinct_full_name":"Camp Truitt Senior Center","has_polygon":true},"geometry":{"type":"Point","coordinates":[-84.47655732356483,33.647688]}},{"type":"Feature","properties":{"id":"2024-13121-CP07D","county_nam":"Fulton","county_norm":"FULTON","prec_id":"CP07D","precinct_name":"Fulton - CP07D","precinct_norm":"FULTON - CP07D","precinct_full_name":"Camp Truitt Senior Center","has_polygon":true},"geometry":{"type":"Point","coordinates":[-84.47658685642858,33.650501000000006]}},{"type":"Feature","properties":{"id":"2024-13121-EP04C","county_nam":"Fulton","county_norm":"FULTON","prec_id":"EP04C","precinct_name":"Fulton - EP04C","precinct_norm":"FULTON - EP04C","precinct_full_name":"EP04C","has_polygon":true},"geometry":{"type":"Point","coordinates":[-84.49567347007624,33.658028]}},{"type":"Feature","properties":{"id":"2024-13121-11P","county_nam":"Fulton","county_norm":"FULTON","prec_id":"11P","precinct_name":"Fulton - 11P","precinct_norm":"FULTON - 11P","precinct_full_name":"Believers Bible Christian Church","has_polygon":true},"geometry":{"type":"Point","coordinates":[-84.50096240508432,33.681207]}},{"type":"Feature","properties":{"id":"2024-13121-EP04D","county_nam":"Fulton","county_norm":"FULTON","prec_id":"EP04D","precinct_name":"Fulton - EP04D","precinct_norm":"FULTON - EP04D","precinct_full_name":"EP04D","has_polygon":true},"geometry":{"type":"Point","coordinates":[-84.48068808491321,33.660582500000004]}},{"type":"Feature","properties":{"id":"2024-13121-11J","county_nam":"Fulton","county_norm":"FULTON","prec_id":"11J","precinct_name":"Fulton - 11J","precinct_norm":"FULTON - 11J","precinct_full_name":"Junction 2800","has_polygon":true},"geometry":{"type":"Point","coordinates":[-84.489697207219,33.684373]}},{"type":"Feature","properties":{"id":"2024-13121-EP03B","county_nam":"Fulton","county_norm":"FULTON","prec_id":"EP03B","precinct_name":"Fulton - EP03B","precinct_norm":"FULTON - EP03B","precinct_full_name":"Woodland Middle School","has_polygon":true},"geometry":{"type":"Point","coordinates":[-84.47808248683822,33.667601000000005]}},{"type":"Feature","properties":{"id":"2024-13121-SC23C","county_nam":"Fulton","county_norm":"FULTON","prec_id":"SC23C","precinct_name":"Fulton - SC23C","precinct_norm":"FULTON - SC23C","precinct_full_name":"New Life Presbyterian Church","has_polygon":true},"geometry":{"type":"Point","coordinates":[-84.4735598698221,33.5557495]}},{"type":"Feature","properties":{"id":"2024-13121-SC23D","county_nam":"Fulton","county_norm":"FULTON","prec_id":"SC23D","precinct_name":"Fulton - SC23D","precinct_norm":"FULTON - SC23D","precinct_full_name":"SC23D","has_polygon":true},"geometry":{"type":"Point","coordinates":[-84.4620868672352,33.567274499999996]}},{"type":"Feature","properties":{"id":"2024-13063-RD11","county_nam":"Clayton","county_norm":"CLAYTON","prec_id":"RD11","precinct_name":"Clayton - RD11","precinct_norm":"CLAYTON - RD11","precinct_full_name":"Riverdale 11","has_polygon":true},"geometry":{"type":"Point","coordinates":[-84.45348061712303,33.576621]}},{"type":"Feature","properties":{"id":"2024-13121-SC27","county_nam":"Fulton","county_norm":"FULTON","prec_id":"SC27","precinct_name":"Fulton - SC27","precinct_norm":"FULTON - SC27","precinct_full_name":"McNair Middle","has_polygon":true},"geometry":{"type":"Point","coordinates":[-84.46494398597432,33.6003915]}},{"type":"Feature","properties":{"id":"2024-13121-CP083","county_nam":"Fulton","county_norm":"FULTON","prec_id":"CP083","precinct_name":"Fulton - CP083","precinct_norm":"FULTON - CP083","precinct_full_name":"Tracey Wyatt Community Center","has_polygon":true},"geometry":{"type":"Point","coordinates":[-84.46757484600087,33.611285499999994]}},{"type":"Feature","properties":{"id":"2024-13121-CP08A","county_nam":"Fulton","county_norm":"FULTON","prec_id":"CP08A","precinct_name":"Fulton - CP08A","precinct_norm":"FULTON - CP08A","precinct_full_name":"Tracey Wyatt Community Center","has_polygon":true},"geometry":{"type":"Point","coordinates":[-84.46562322613065,33.617353]}},{"type":"Feature","properties":{"id":"2024-13063-RD08","county_nam":"Clayton","county_norm":"CLAYTON","prec_id":"RD08","precinct_name":"Clayton - RD08","precinct_norm":"CLAYTON - RD08","precinct_full_name":"Riverdale 8","has_polygon":true},"geometry":{"type":"Point","coordinates":[-84.44105639468086,33.563578]}},{"type":"Feature","properties":{"id":"2024-13063-RD01","county_nam":"Clayton","county_norm":"CLAYTON","prec_id":"RD01","precinct_name":"Clayton - RD01","precinct_norm":"CLAYTON - RD01","precinct_full_name":"Riverdale 1","has_polygon":true},"geometry":{"type":"Point","coordinates":[-84.43806753188133,33.579023]}},{"type":"Feature","properties":{"id":"2024-13063-RD03","county_nam":"Clayton","county_norm":"CLAYTON","prec_id":"RD03","precinct_name":"Clayton - RD03","precinct_norm":"CLAYTON - RD03","precinct_full_name":"Riverdale 3","has_polygon":true},"geometry":{"type":"Point","coordinates":[-84.42324202815735,33.5735465]}},{"type":"Feature","properties":{"id":"2024-13063-OAK4","county_nam":"Clayton","county_norm":"CLAYTON","prec_id":"OAK4","precinct_name":"Clayton - OAK4","precinct_norm":"CLAYTON - OAK4","precinct_full_name":"Oak 4","has_polygon":true},"geometry":{"type":"Point","coordinates":[-84.43955001605997,33.5995335]}},{"type":"Feature","properties":{"id":"2024-13063-OAK6","county_nam":"Clayton","county_norm":"CLAYTON","prec_id":"OAK6","precinct_name":"Clayton - OAK6","precinct_norm":"CLAYTON - OAK6","precinct_full_name":"Oak 6","has_polygon":true},"geometry":{"type":"Point","coordinates":[-84.43526729646167,33.5945775]}},{"type":"Feature","properties":{"id":"2024-13063-OAK2","county_nam":"Clayton","county_norm":"CLAYTON","prec_id":"OAK2","precinct_name":"Clayton - OAK2","precinct_norm":"CLAYTON - OAK2","precinct_full_name":"Oak 2","has_polygon":true},"geometry":{"type":"Point","coordinates":[-84.43527047705545,33.612860999999995]}},{"type":"Feature","properties":{"id":"2024-13063-RD10","county_nam":"Clayton","county_norm":"CLAYTON","prec_id":"RD10","precinct_name":"Clayton - RD10","precinct_norm":"CLAYTON - RD10","precinct_full_name":"Riverdale 10","has_polygon":true},"geometry":{"type":"Point","coordinates":[-84.4165586801123,33.5883625]}},{"type":"Feature","properties":{"id":"2024-13063-OAK3","county_nam":"Clayton","county_norm":"CLAYTON","prec_id":"OAK3","precinct_name":"Clayton - OAK3","precinct_norm":"CLAYTON - OAK3","precinct_full_name":"Oak 3","has_polygon":true},"geometry":{"type":"Point","coordinates":[-84.41931720072411,33.6077315]}},{"type":"Feature","properties":{"id":"2024-13121-CP06B","county_nam":"Fulton","county_norm":"FULTON","prec_id":"CP06B","precinct_name":"Fulton - CP06B","precinct_norm":"FULTON - CP06B","precinct_full_name":"Camp Truitt Senior Center","has_polygon":true},"geometry":{"type":"Point","coordinates":[-84.47068538604998,33.622441]}},{"type":"Feature","properties":{"id":"2024-13121-CP06A","county_nam":"Fulton","county_norm":"FULTON","prec_id":"CP06A","precinct_name":"Fulton - CP06A","precinct_norm":"FULTON - CP06A","precinct_full_name":"Camp Truitt Senior Center","has_polygon":true},"geometry":{"type":"Point","coordinates":[-84.46580943438914,33.627085]}},{"type":"Feature","properties":{"id":"2024-13121-CP051","county_nam":"Fulton","county_norm":"FULTON","prec_id":"CP051","precinct_name":"Fulton - CP051","precinct_norm":"FULTON - CP051","precinct_full_name":"Camp Truitt Senior Center","has_polygon":true},"geometry":{"type":"Point","coordinates":[-84.47365335832473,33.64331]}},{"type":"Feature","properties":{"id":"2024-13121-CP05B","county_nam":"Fulton","county_norm":"FULTON","prec_id":"CP05B","precinct_name":"Fulton - CP05B","precinct_norm":"FULTON - CP05B","precinct_full_name":"Camp Truitt Senior Center","has_polygon":true},"geometry":{"type":"Point","coordinates":[-84.47021151331543,33.641773]}},{"type":"Feature","properties":{"id":"2024-13121-CP07F","county_nam":"Fulton","county_norm":"FULTON","prec_id":"CP07F","precinct_name":"Fulton - CP07F","precinct_norm":"FULTON - CP07F","precinct_full_name":"Camp Truitt Senior Center","has_polygon":true},"geometry":{"type":"Point","coordinates":[-84.47396638131167,33.646862999999996]}},{"type":"Feature","properties":{"id":"2024-13121-CP07B","county_nam":"Fulton","county_norm":"FULTON","prec_id":"CP07B","precinct_name":"Fulton - CP07B","precinct_norm":"FULTON - CP07B","precinct_full_name":"Camp Truitt Senior Center","has_polygon":true},"geometry":{"type":"Point","coordinates":[-84.46291446400974,33.6395395]}},{"type":"Feature","properties":{"id":"2024-13121-CP04B","county_nam":"Fulton","county_norm":"FULTON","prec_id":"CP04B","precinct_name":"Fulton - CP04B","precinct_norm":"FULTON - CP04B","precinct_full_name":"College Park Auditorium","has_polygon":true},"geometry":{"type":"Point","coordinates":[-84.46117490223642,33.6506475]}},{"type":"Feature","properties":{"id":"2024-13121-CP04A","county_nam":"Fulton","county_norm":"FULTON","prec_id":"CP04A","precinct_name":"Fulton - CP04A","precinct_norm":"FULTON - CP04A","precinct_full_name":"College Park Auditorium","has_polygon":true},"geometry":{"type":"Point","coordinates":[-84.45050268019169,33.651137500000004]}},{"type":"Feature","properties":{"id":"2024-13121-EP03D","county_nam":"Fulton","county_norm":"FULTON","prec_id":"EP03D","precinct_name":"Fulton - EP03D","precinct_norm":"FULTON - EP03D","precinct_full_name":"EP03D","has_polygon":true},"geometry":{"type":"Point","coordinates":[-84.4699941215458,33.668366500000005]}},{"type":"Feature","properties":{"id":"2024-13121-CP012","county_nam":"Fulton","county_norm":"FULTON","prec_id":"CP012","precinct_name":"Fulton - CP012","precinct_norm":"FULTON - CP012","precinct_full_name":"College Park Auditorium","has_polygon":true},"geometry":{"type":"Point","coordinates":[-84.46391351200691,33.6591855]}},{"type":"Feature","properties":{"id":"2024-13121-EP03A","county_nam":"Fulton","county_norm":"FULTON","prec_id":"EP03A","precinct_name":"Fulton - EP03A","precinct_norm":"FULTON - EP03A","precinct_full_name":"St. Stephen Missionary Baptist Church","has_polygon":true},"geometry":{"type":"Point","coordinates":[-84.47212588737514,33.680102000000005]}},{"type":"Feature","properties":{"id":"2024-13121-EP03C","county_nam":"Fulton","county_norm":"FULTON","prec_id":"EP03C","precinct_name":"Fulton - EP03C","precinct_norm":"FULTON - EP03C","precinct_full_name":"EP03C","has_polygon":true},"geometry":{"type":"Point","coordinates":[-84.46331659154714,33.6729105]}},{"type":"Feature","properties":{"id":"2024-13121-CP011","county_nam":"Fulton","county_norm":"FULTON","prec_id":"CP011","precinct_name":"Fulton - CP011","precinct_norm":"FULTON - CP011","precinct_full_name":"College Park Auditorium","has_polygon":true},"geometry":{"type":"Point","coordinates":[-84.45044965349706,33.661772]}},{"type":"Feature","properties":{"id":"2024-13121-EP01C","county_nam":"Fulton","county_norm":"FULTON","prec_id":"EP01C","precinct_name":"Fulton - EP01C","precinct_norm":"FULTON - EP01C","precinct_full_name":"EP01C","has_polygon":true},"geometry":{"type":"Point","coordinates":[-84.4527131004042,33.670931499999995]}},{"type":"Feature","properties":{"id":"2024-13121-EP01D","county_nam":"Fulton","county_norm":"FULTON","prec_id":"EP01D","precinct_name":"Fulton - EP01D","precinct_norm":"FULTON - EP01D","precinct_full_name":"Bowden Senior Center","has_polygon":true},"geometry":{"type":"Point","coordinates":[-84.4451527578008,33.672498000000004]}},{"type":"Feature","properties":{"id":"2024-13121-EP01A","county_nam":"Fulton","county_norm":"FULTON","prec_id":"EP01A","precinct_name":"Fulton - EP01A","precinct_norm":"FULTON - EP01A","precinct_full_name":"East Point First Mallalieu United Methodist Church","has_polygon":true},"geometry":{"type":"Point","coordinates":[-84.44900459731949,33.6789445]}},{"type":"Feature","properties":{"id":"2024-13063-OAK1","county_nam":"Clayton","county_norm":"CLAYTON","prec_id":"OAK1","precinct_name":"Clayton - OAK1","precinct_norm":"CLAYTON - OAK1","precinct_full_name":"Oak 1","has_polygon":true},"geometry":{"type":"Point","coordinates":[-84.44539267350528,33.619037500000005]}},{"type":"Feature","properties":{"id":"2024-13121-CP02","county_nam":"Fulton","county_norm":"FULTON","prec_id":"CP02","precinct_name":"Fulton - CP02","precinct_norm":"FULTON - CP02","precinct_full_name":"College Park Auditorium","has_polygon":true},"geometry":{"type":"Point","coordinates":[-84.43910017096266,33.6510955]}},{"type":"Feature","properties":{"id":"2024-13121-CP01B","county_nam":"Fulton","county_norm":"FULTON","prec_id":"CP01B","precinct_name":"Fulton - CP01B","precinct_norm":"FULTON - CP01B","precinct_full_name":"College Park Auditorium","has_polygon":true},"geometry":{"type":"Point","coordinates":[-84.4409290978125,33.666197]}},{"type":"Feature","properties":{"id":"2024-13121-EP02C","county_nam":"Fulton","county_norm":"FULTON","prec_id":"EP02C","precinct_name":"Fulton - EP02C","precinct_norm":"FULTON - EP02C","precinct_full_name":"Jefferson Park Recreation Center","has_polygon":true},"geometry":{"type":"Point","coordinates":[-84.4293351869346,33.6646525]}},{"type":"Feature","properties":{"id":"2024-13121-EP02A","county_nam":"Fulton","county_norm":"FULTON","prec_id":"EP02A","precinct_name":"Fulton - EP02A","precinct_norm":"FULTON - EP02A","precinct_full_name":"Jefferson Park Recreation Center","has_polygon":true},"geometry":{"type":"Point","coordinates":[-84.42999991858699,33.675157999999996]}},{"type":"Feature","properties":{"id":"2024-13121-12E2","county_nam":"Fulton","county_norm":"FULTON","prec_id":"12E2","precinct_name":"Fulton - 12E2","precinct_norm":"FULTON - 12E2","precinct_full_name":"Rosel Fann Recreation Center","has_polygon":true},"geometry":{"type":"Point","coordinates":[-84.42385322823073,33.6544965]}},{"type":"Feature","properties":{"id":"2024-13121-11B","county_nam":"Fulton","county_norm":"FULTON","prec_id":"11B","precinct_name":"Fulton - 11B","precinct_norm":"FULTON - 11B","precinct_full_name":"Southwest Atlanta Christian Academy","has_polygon":true},"geometry":{"type":"Point","coordinates":[-84.53764126146896,33.694635]}},{"type":"Feature","properties":{"id":"2024-13121-SC02","county_nam":"Fulton","county_norm":"FULTON","prec_id":"SC02","precinct_name":"Fulton - SC02","precinct_norm":"FULTON - SC02","precinct_full_name":"Southwest Arts Center","has_polygon":true},"geometry":{"type":"Point","coordinates":[-84.54022514757207,33.716763]}},{"type":"Feature","properties":{"id":"2024-13121-11B2","county_nam":"Fulton","county_norm":"FULTON","prec_id":"11B2","precinct_name":"Fulton - 11B2","precinct_norm":"FULTON - 11B2","precinct_full_name":"11B2","has_polygon":true},"geometry":{"type":"Point","coordinates":[-84.53290891297425,33.7027955]}},{"type":"Feature","properties":{"id":"2024-13121-11C2","county_nam":"Fulton","county_norm":"FULTON","prec_id":"11C2","precinct_name":"Fulton - 11C2","precinct_norm":"FULTON - 11C2","precinct_full_name":"11C2","has_polygon":true},"geometry":{"type":"Point","coordinates":[-84.52541454170361,33.715088]}},{"type":"Feature","properties":{"id":"2024-13121-11B3","county_nam":"Fulton","county_norm":"FULTON","prec_id":"11B3","precinct_name":"Fulton - 11B3","precinct_norm":"FULTON - 11B3","precinct_full_name":"11B3","has_polygon":true},"geometry":{"type":"Point","coordinates":[-84.52096958487238,33.697475499999996]}},{"type":"Feature","properties":{"id":"2024-13121-11B1","county_nam":"Fulton","county_norm":"FULTON","prec_id":"11B1","precinct_name":"Fulton - 11B1","precinct_norm":"FULTON - 11B1","precinct_full_name":"11B1","has_polygon":true},"geometry":{"type":"Point","coordinates":[-84.51227326470068,33.702053500000005]}},{"type":"Feature","properties":{"id":"2024-13121-SC14A","county_nam":"Fulton","county_norm":"FULTON","prec_id":"SC14A","precinct_name":"Fulton - SC14A","precinct_norm":"FULTON - SC14A","precinct_full_name":"Evelyn Lowery Library At Cascade","has_polygon":true},"geometry":{"type":"Point","coordinates":[-84.54019546739492,33.741522]}},{"type":"Feature","properties":{"id":"2024-13121-SC30A","county_nam":"Fulton","county_norm":"FULTON","prec_id":"SC30A","precinct_name":"Fulton - SC30A","precinct_norm":"FULTON - SC30A","precinct_full_name":"Evelyn Lowery Library At Cascade","has_polygon":true},"geometry":{"type":"Point","coordinates":[-84.52231418706323,33.726522]}},{"type":"Feature","properties":{"id":"2024-13121-10A","county_nam":"Fulton","county_norm":"FULTON","prec_id":"10A","precinct_name":"Fulton - 10A","precinct_norm":"FULTON - 10A","precinct_full_name":"The Kindezi School - West","has_polygon":true},"geometry":{"type":"Point","coordinates":[-84.52546910839004,33.741522]}},{"type":"Feature","properties":{"id":"2024-13121-10C","county_nam":"Fulton","county_norm":"FULTON","prec_id":"10C","precinct_name":"Fulton - 10C","precinct_norm":"FULTON - 10C","precinct_full_name":"C.T. Martin Recreation Center","has_polygon":true},"geometry":{"type":"Point","coordinates":[-84.5122107975998,33.7385655]}},{"type":"Feature","properties":{"id":"2024-13121-11N","county_nam":"Fulton","county_norm":"FULTON","prec_id":"11N","precinct_name":"Fulton - 11N","precinct_norm":"FULTON - 11N","precinct_full_name":"Believers Bible Christian Church","has_polygon":true},"geometry":{"type":"Point","coordinates":[-84.5019095671431,33.702698999999996]}},{"type":"Feature","properties":{"id":"2024-13121-11M","county_nam":"Fulton","county_norm":"FULTON","prec_id":"11M","precinct_name":"Fulton - 11M","precinct_norm":"FULTON - 11M","precinct_full_name":"Junction 2800","has_polygon":true},"geometry":{"type":"Point","coordinates":[-84.49430491127036,33.709706]}},{"type":"Feature","properties":{"id":"2024-13121-11M1","county_nam":"Fulton","county_norm":"FULTON","prec_id":"11M1","precinct_name":"Fulton - 11M1","precinct_norm":"FULTON - 11M1","precinct_full_name":"11M1","has_polygon":true},"geometry":{"type":"Point","coordinates":[-84.48172259037267,33.7077845]}},{"type":"Feature","properties":{"id":"2024-13121-SC30B","county_nam":"Fulton","county_norm":"FULTON","prec_id":"SC30B","precinct_name":"Fulton - SC30B","precinct_norm":"FULTON - SC30B","precinct_full_name":"Evelyn Lowery Library At Cascade","has_polygon":true},"geometry":{"type":"Point","coordinates":[-84.50820300882805,33.7264275]}},{"type":"Feature","properties":{"id":"2024-13121-11C","county_nam":"Fulton","county_norm":"FULTON","prec_id":"11C","precinct_name":"Fulton - 11C","precinct_norm":"FULTON - 11C","precinct_full_name":"William Walker Recreation Center","has_polygon":true},"geometry":{"type":"Point","coordinates":[-84.50116667423126,33.720331]}},{"type":"Feature","properties":{"id":"2024-13121-11C4","county_nam":"Fulton","county_norm":"FULTON","prec_id":"11C4","precinct_name":"Fulton - 11C4","precinct_norm":"FULTON - 11C4","precinct_full_name":"11C4","has_polygon":true},"geometry":{"type":"Point","coordinates":[-84.50159868777246,33.73474]}},{"type":"Feature","properties":{"id":"2024-13121-10B1","county_nam":"Fulton","county_norm":"FULTON","prec_id":"10B1","precinct_name":"Fulton - 10B1","precinct_norm":"FULTON - 10B1","precinct_full_name":"10B1","has_polygon":true},"geometry":{"type":"Point","coordinates":[-84.50320737903958,33.7420545]}},{"type":"Feature","properties":{"id":"2024-13121-10R","county_nam":"Fulton","county_norm":"FULTON","prec_id":"10R","precinct_name":"Fulton - 10R","precinct_norm":"FULTON - 10R","precinct_full_name":"C.T. Martin Recreation Center","has_polygon":true},"geometry":{"type":"Point","coordinates":[-84.4939675990619,33.7488455]}},{"type":"Feature","properties":{"id":"2024-13121-10B","county_nam":"Fulton","county_norm":"FULTON","prec_id":"10B","precinct_name":"Fulton - 10B","precinct_norm":"FULTON - 10B","precinct_full_name":"West Manor Park - Af Recreation Center","has_polygon":true},"geometry":{"type":"Point","coordinates":[-84.48942356221855,33.7332165]}},{"type":"Feature","properties":{"id":"2024-13121-10I","county_nam":"Fulton","county_norm":"FULTON","prec_id":"10I","precinct_name":"Fulton - 10I","precinct_norm":"FULTON - 10I","precinct_full_name":"West Manor Park - Af Recreation Center","has_polygon":true},"geometry":{"type":"Point","coordinates":[-84.47653912629909,33.723792]}},{"type":"Feature","properties":{"id":"2024-13121-10H2","county_nam":"Fulton","county_norm":"FULTON","prec_id":"10H2","precinct_name":"Fulton - 10H2","precinct_norm":"FULTON - 10H2","precinct_full_name":"St. Paul's Episcopal Church","has_polygon":true},"geometry":{"type":"Point","coordinates":[-84.48294293742867,33.747519]}},{"type":"Feature","properties":{"id":"2024-13121-FC02","county_nam":"Fulton","county_norm":"FULTON","prec_id":"FC02","precinct_name":"Fulton - FC02","precinct_norm":"FULTON - FC02","precinct_full_name":"FC02","has_polygon":true},"geometry":{"type":"Point","coordinates":[-84.52388342809974,33.7766435]}},{"type":"Feature","properties":{"id":"2024-13095-20","county_nam":"Dougherty","county_norm":"DOUGHERTY","prec_id":"20","precinct_name":"Dougherty - 20","precinct_norm":"DOUGHERTY - 20","precinct_full_name":"International Studies Elementary","has_polygon":true},"geometry":{"type":"Point","coordinates":[-84.05603498362822,31.5345795]}},{"type":"Feature","properties":{"id":"2024-13095-14","county_nam":"Dougherty","county_norm":"DOUGHERTY","prec_id":"14","precinct_name":"Dougherty - 14","precinct_norm":"DOUGHERTY - 14","precinct_full_name":"Albany High School","has_polygon":true},"geometry":{"type":"Point","coordinates":[-84.15798166353463,31.599564]}},{"type":"Feature","properties":{"id":"2024-13095-23","county_nam":"Dougherty","county_norm":"DOUGHERTY","prec_id":"23","precinct_name":"Dougherty - 23","precinct_norm":"DOUGHERTY - 23","precinct_full_name":"Albany Middle School","has_polygon":true},"geometry":{"type":"Point","coordinates":[-84.12345674220995,31.597953]}},{"type":"Feature","properties":{"id":"2024-13177-9","county_nam":"Lee","county_norm":"LEE","prec_id":"9","precinct_name":"Lee - 9","precinct_norm":"LEE - 9","precinct_full_name":"#9 Century Fire Stat","has_polygon":true},"geometry":{"type":"Point","coordinates":[-84.14119630255864,31.6509435]}},{"type":"Feature","properties":{"id":"2024-13095-22","county_nam":"Dougherty","county_norm":"DOUGHERTY","prec_id":"22","precinct_name":"Dougherty - 22","precinct_norm":"DOUGHERTY - 22","precinct_full_name":"Pine Bluff Baptist Church","has_polygon":true},"geometry":{"type":"Point","coordinates":[-84.03637619547584,31.601134000000002]}},{"type":"Feature","properties":{"id":"2024-13177-10","county_nam":"Lee","county_norm":"LEE","prec_id":"10","precinct_name":"Lee - 10","precinct_norm":"LEE - 10","precinct_full_name":"#10 Redbone","has_polygon":true},"geometry":{"type":"Point","coordinates":[-84.05896135666859,31.678300999999998]}},{"type":"Feature","properties":{"id":"2024-13321-14","county_nam":"Worth","county_norm":"WORTH","prec_id":"14","precinct_name":"Worth - 14","precinct_norm":"WORTH - 14","precinct_full_name":"County Line","has_polygon":true},"geometry":{"type":"Point","coordinates":[-83.95586955440497,31.488865]}},{"type":"Feature","properties":{"id":"2024-13321-1","county_nam":"Worth","county_norm":"WORTH","prec_id":"1","precinct_name":"Worth - 1","precinct_norm":"WORTH - 1","precinct_full_name":"Sylvester","has_polygon":true},"geometry":{"type":"Point","coordinates":[-83.86677132767886,31.5226075]}},{"type":"Feature","properties":{"id":"2024-13321-6","county_nam":"Worth","county_norm":"WORTH","prec_id":"6","precinct_name":"Worth - 6","precinct_norm":"WORTH - 6","precinct_full_name":"Red Rock","has_polygon":true},"geometry":{"type":"Point","coordinates":[-83.95502288981882,31.614125]}},{"type":"Feature","properties":{"id":"2024-13177-4","county_nam":"Lee","county_norm":"LEE","prec_id":"4","precinct_name":"Lee - 4","precinct_norm":"LEE - 4","precinct_full_name":"#4 Leesburg","has_polygon":true},"geometry":{"type":"Point","coordinates":[-84.1570158823053,31.725304]}},{"type":"Feature","properties":{"id":"2024-13177-1","county_nam":"Lee","county_norm":"LEE","prec_id":"1","precinct_name":"Lee - 1","precinct_norm":"LEE - 1","precinct_full_name":"#1 Chokee","has_polygon":true},"geometry":{"type":"Point","coordinates":[-84.04343042010422,31.8194]}},{"type":"Feature","properties":{"id":"2024-13261-15","county_nam":"Sumter","county_norm":"SUMTER","prec_id":"15","precinct_name":"Sumter - 15","precinct_norm":"SUMTER - 15","precinct_full_name":"Leslie","has_polygon":true},"geometry":{"type":"Point","coordinates":[-84.07658458604571,31.975199]}},{"type":"Feature","properties":{"id":"2024-13321-9","county_nam":"Worth","county_norm":"WORTH","prec_id":"9","precinct_name":"Worth - 9","precinct_norm":"WORTH - 9","precinct_full_name":"Warwick","has_polygon":true},"geometry":{"type":"Point","coordinates":[-83.98001945350609,31.749446499999998]}},{"type":"Feature","properties":{"id":"2024-13081-CONEY","county_nam":"Crisp","county_norm":"CRISP","prec_id":"CONEY","precinct_name":"Crisp - CONEY","precinct_norm":"CRISP - CONEY","precinct_full_name":"Coney","has_polygon":true},"geometry":{"type":"Point","coordinates":[-83.89887376713537,31.9663005]}},{"type":"Feature","properties":{"id":"2024-13261-O-26","county_nam":"Sumter","county_norm":"SUMTER","prec_id":"O-26","precinct_name":"Sumter - O-26","precinct_norm":"SUMTER - O-26","precinct_full_name":"Plains","has_polygon":true},"geometry":{"type":"Point","coordinates":[-84.37739711342874,32.0346795]}},{"type":"Feature","properties":{"id":"2024-13261-N-26","county_nam":"Sumter","county_norm":"SUMTER","prec_id":"N-26","precinct_name":"Sumter - N-26","precinct_norm":"SUMTER - N-26","precinct_full_name":"Concord","has_polygon":true},"geometry":{"type":"Point","coordinates":[-84.36637008391477,32.119124]}},{"type":"Feature","properties":{"id":"2024-13261-W-27","county_nam":"Sumter","county_norm":"SUMTER","prec_id":"W-27","precinct_name":"Sumter - W-27","precinct_norm":"SUMTER - W-27","precinct_full_name":"Ag Center","has_polygon":true},"geometry":{"type":"Point","coordinates":[-84.27015267302772,32.0864975]}},{"type":"Feature","properties":{"id":"2024-13261-C2-27","county_nam":"Sumter","county_norm":"SUMTER","prec_id":"C2-27","precinct_name":"Sumter - C2-27","precinct_norm":"SUMTER - C2-27","precinct_full_name":"Jrotc","has_polygon":true},"geometry":{"type":"Point","coordinates":[-84.23267486925158,32.051306999999994]}},{"type":"Feature","properties":{"id":"2024-13261-C3-27","county_nam":"Sumter","county_norm":"SUMTER","prec_id":"C3-27","precinct_name":"Sumter - C3-27","precinct_norm":"SUMTER - C3-27","precinct_full_name":"Recreation Department","has_polygon":true},"geometry":{"type":"Point","coordinates":[-84.2381462408623,32.089042500000005]}},{"type":"Feature","properties":{"id":"2024-13261-E-27","county_nam":"Sumter","county_norm":"SUMTER","prec_id":"E-27","precinct_name":"Sumter - E-27","precinct_norm":"SUMTER - E-27","precinct_full_name":"Airport","has_polygon":true},"geometry":{"type":"Point","coordinates":[-84.17711289672224,32.062619]}},{"type":"Feature","properties":{"id":"2024-13261-C1-27","county_nam":"Sumter","county_norm":"SUMTER","prec_id":"C1-27","precinct_name":"Sumter - C1-27","precinct_norm":"SUMTER - C1-27","precinct_full_name":"Rees Park","has_polygon":true},"geometry":{"type":"Point","coordinates":[-84.22458913843877,32.093111]}},{"type":"Feature","properties":{"id":"2024-13249-1","county_nam":"Schley","county_norm":"SCHLEY","prec_id":"1","precinct_name":"Schley - 1","precinct_norm":"SCHLEY - 1","precinct_full_name":"Precinct One","has_polygon":true},"geometry":{"type":"Point","coordinates":[-84.31624664472653,32.2937125]}},{"type":"Feature","properties":{"id":"2024-13261-28","county_nam":"Sumter","county_norm":"SUMTER","prec_id":"28","precinct_name":"Sumter - 28","precinct_norm":"SUMTER - 28","precinct_full_name":"Browns Mill","has_polygon":true},"geometry":{"type":"Point","coordinates":[-84.07455860306848,32.076463000000004]}},{"type":"Feature","properties":{"id":"2024-13261-29","county_nam":"Sumter","county_norm":"SUMTER","prec_id":"29","precinct_name":"Sumter - 29","precinct_norm":"SUMTER - 29","precinct_full_name":"Andersonville","has_polygon":true},"geometry":{"type":"Point","coordinates":[-84.10734758356764,32.171571]}},{"type":"Feature","properties":{"id":"2024-13093-10","county_nam":"Dooly","county_norm":"DOOLY","prec_id":"10","precinct_name":"Dooly - 10","precinct_norm":"DOOLY - 10","precinct_full_name":"Lilly","has_polygon":true},"geometry":{"type":"Point","coordinates":[-83.95739336199037,32.1245165]}},{"type":"Feature","properties":{"id":"2024-13093-2","county_nam":"Dooly","county_norm":"DOOLY","prec_id":"2","precinct_name":"Dooly - 2","precinct_norm":"DOOLY - 2","precinct_full_name":"Byromville","has_polygon":true},"geometry":{"type":"Point","coordinates":[-83.90336433845717,32.218209]}},{"type":"Feature","properties":{"id":"2024-13193-2","county_nam":"Macon","county_norm":"MACON","prec_id":"2","precinct_name":"Macon - 2","precinct_norm":"MACON - 2","precinct_full_name":"Oglethorpe","has_polygon":true},"geometry":{"type":"Point","coordinates":[-84.1360189780408,32.252179999999996]}},{"type":"Feature","properties":{"id":"2024-13193-4","county_nam":"Macon","county_norm":"MACON","prec_id":"4","precinct_name":"Macon - 4","precinct_norm":"MACON - 4","precinct_full_name":"Montezuma #4","has_polygon":true},"geometry":{"type":"Point","coordinates":[-84.03597003701313,32.301731000000004]}},{"type":"Feature","properties":{"id":"2024-13193-1","county_nam":"Macon","county_norm":"MACON","prec_id":"1","precinct_name":"Macon - 1","precinct_norm":"MACON - 1","precinct_full_name":"Ideal","has_polygon":true},"geometry":{"type":"Point","coordinates":[-84.10722678599136,32.4054235]}},{"type":"Feature","properties":{"id":"2024-13193-5","county_nam":"Macon","county_norm":"MACON","prec_id":"5","precinct_name":"Macon - 5","precinct_norm":"MACON - 5","precinct_full_name":"Montezuma #5","has_polygon":true},"geometry":{"type":"Point","coordinates":[-83.99508544577591,32.258700000000005]}},{"type":"Feature","properties":{"id":"2024-13193-3","county_nam":"Macon","county_norm":"MACON","prec_id":"3","precinct_name":"Macon - 3","precinct_norm":"MACON - 3","precinct_full_name":"Marshallville","has_polygon":true},"geometry":{"type":"Point","coordinates":[-83.92839105741398,32.4032585]}},{"type":"Feature","properties":{"id":"2024-13215-117","county_nam":"Muscogee","county_norm":"MUSCOGEE","prec_id":"117","precinct_name":"Muscogee - 117","precinct_norm":"MUSCOGEE - 117","precinct_full_name":"Cunningham Center-Gentian","has_polygon":true},"geometry":{"type":"Point","coordinates":[-84.9188687271795,32.506586999999996]}},{"type":"Feature","properties":{"id":"2024-13215-119","county_nam":"Muscogee","county_norm":"MUSCOGEE","prec_id":"119","precinct_name":"Muscogee - 119","precinct_norm":"MUSCOGEE - 119","precinct_full_name":"Moon","has_polygon":true},"geometry":{"type":"Point","coordinates":[-84.92010697115384,32.544402000000005]}},{"type":"Feature","properties":{"id":"2024-13215-115","county_nam":"Muscogee","county_norm":"MUSCOGEE","prec_id":"115","precinct_name":"Muscogee - 115","precinct_norm":"MUSCOGEE - 115","precinct_full_name":"Canaan","has_polygon":true},"geometry":{"type":"Point","coordinates":[-84.88141046651754,32.5111535]}},{"type":"Feature","properties":{"id":"2024-13215-120","county_nam":"Muscogee","county_norm":"MUSCOGEE","prec_id":"120","precinct_name":"Muscogee - 120","precinct_norm":"MUSCOGEE - 120","precinct_full_name":"St Andrews","has_polygon":true},"geometry":{"type":"Point","coordinates":[-84.89494040844973,32.565042000000005]}},{"type":"Feature","properties":{"id":"2024-13215-121","county_nam":"Muscogee","county_norm":"MUSCOGEE","prec_id":"121","precinct_name":"Muscogee - 121","precinct_norm":"MUSCOGEE - 121","precinct_full_name":"Salvation Army","has_polygon":true},"geometry":{"type":"Point","coordinates":[-84.88294464200987,32.5396915]}},{"type":"Feature","properties":{"id":"2024-13145-CA","county_nam":"Harris","county_norm":"HARRIS","prec_id":"CA","precinct_name":"Harris - CA","precinct_norm":"HARRIS - CA","precinct_full_name":"Cataula","has_polygon":true},"geometry":{"type":"Point","coordinates":[-84.86323168700287,32.637147999999996]}},{"type":"Feature","properties":{"id":"2024-13145-HA","county_nam":"Harris","county_norm":"HARRIS","prec_id":"HA","precinct_name":"Harris - HA","precinct_norm":"HARRIS - HA","precinct_full_name":"Hamilton","has_polygon":true},"geometry":{"type":"Point","coordinates":[-84.89576046187965,32.7483085]}},{"type":"Feature","properties":{"id":"2024-13215-127","county_nam":"Muscogee","county_norm":"MUSCOGEE","prec_id":"127","precinct_name":"Muscogee - 127","precinct_norm":"MUSCOGEE - 127","precinct_full_name":"Psalmond","has_polygon":true},"geometry":{"type":"Point","coordinates":[-84.81772788268486,32.549462000000005]}},{"type":"Feature","properties":{"id":"2024-13145-EL","county_nam":"Harris","county_norm":"HARRIS","prec_id":"EL","precinct_name":"Harris - EL","precinct_norm":"HARRIS - EL","precinct_full_name":"Ellerslie","has_polygon":true},"geometry":{"type":"Point","coordinates":[-84.8038197336072,32.637903]}},{"type":"Feature","properties":{"id":"2024-13145-WA","county_nam":"Harris","county_norm":"HARRIS","prec_id":"WA","precinct_name":"Harris - WA","precinct_norm":"HARRIS - WA","precinct_full_name":"Waverly Hall","has_polygon":true},"geometry":{"type":"Point","coordinates":[-84.73868007473618,32.686679999999996]}},{"type":"Feature","properties":{"id":"2024-13145-GM","county_nam":"Harris","county_norm":"HARRIS","prec_id":"GM","precinct_name":"Harris - GM","precinct_norm":"HARRIS - GM","precinct_full_name":"Goodman","has_polygon":true},"geometry":{"type":"Point","coordinates":[-84.89879763508067,32.835927999999996]}},{"type":"Feature","properties":{"id":"2024-13145-PV","county_nam":"Harris","county_norm":"HARRIS","prec_id":"PV","precinct_name":"Harris - PV","precinct_norm":"HARRIS - PV","precinct_full_name":"Pine Mountain Valley","has_polygon":true},"geometry":{"type":"Point","coordinates":[-84.80755983226393,32.809191]}},{"type":"Feature","properties":{"id":"2024-13199-4","county_nam":"Meriwether","county_norm":"MERIWETHER","prec_id":"4","precinct_name":"Meriwether - 4","precinct_norm":"MERIWETHER - 4","precinct_full_name":"7TH-Odessadale","has_polygon":true},"geometry":{"type":"Point","coordinates":[-84.81933574513997,33.0340245]}},{"type":"Feature","properties":{"id":"2024-13145-VP","county_nam":"Harris","county_norm":"HARRIS","prec_id":"VP","precinct_name":"Harris - VP","precinct_norm":"HARRIS - VP","precinct_full_name":"Valley Plains","has_polygon":true},"geometry":{"type":"Point","coordinates":[-84.72914968827101,32.811175000000006]}},{"type":"Feature","properties":{"id":"2024-13199-11","county_nam":"Meriwether","county_norm":"MERIWETHER","prec_id":"11","precinct_name":"Meriwether - 11","precinct_norm":"MERIWETHER - 11","precinct_full_name":"2ND-Warm Springs","has_polygon":true},"geometry":{"type":"Point","coordinates":[-84.69888355803417,32.906861500000005]}},{"type":"Feature","properties":{"id":"2024-13199-12","county_nam":"Meriwether","county_norm":"MERIWETHER","prec_id":"12","precinct_name":"Meriwether - 12","precinct_norm":"MERIWETHER - 12","precinct_full_name":"Third-Durand","has_polygon":true},"geometry":{"type":"Point","coordinates":[-84.79993699545157,32.9233075]}},{"type":"Feature","properties":{"id":"2024-13263-6","county_nam":"Talbot","county_norm":"TALBOT","prec_id":"6","precinct_name":"Talbot - 6","precinct_norm":"TALBOT - 6","precinct_full_name":"Box Springs","has_polygon":true},"geometry":{"type":"Point","coordinates":[-84.64288518251897,32.555220000000006]}},{"type":"Feature","properties":{"id":"2024-13263-4","county_nam":"Talbot","county_norm":"TALBOT","prec_id":"4","precinct_name":"Talbot - 4","precinct_norm":"TALBOT - 4","precinct_full_name":"Geneva","has_polygon":true},"geometry":{"type":"Point","coordinates":[-84.54974930039722,32.569688]}},{"type":"Feature","properties":{"id":"2024-13263-1","county_nam":"Talbot","county_norm":"TALBOT","prec_id":"1","precinct_name":"Talbot - 1","precinct_norm":"TALBOT - 1","precinct_full_name":"Oneal","has_polygon":true},"geometry":{"type":"Point","coordinates":[-84.63299338596988,32.654108]}},{"type":"Feature","properties":{"id":"2024-13263-5","county_nam":"Talbot","county_norm":"TALBOT","prec_id":"5","precinct_name":"Talbot - 5","precinct_norm":"TALBOT - 5","precinct_full_name":"Talbotton","has_polygon":true},"geometry":{"type":"Point","coordinates":[-84.52432668368343,32.682153]}},{"type":"Feature","properties":{"id":"2024-13263-3","county_nam":"Talbot","county_norm":"TALBOT","prec_id":"3","precinct_name":"Talbot - 3","precinct_norm":"TALBOT - 3","precinct_full_name":"Junction City","has_polygon":true},"geometry":{"type":"Point","coordinates":[-84.40590138349677,32.688066]}},{"type":"Feature","properties":{"id":"2024-13263-8","county_nam":"Talbot","county_norm":"TALBOT","prec_id":"8","precinct_name":"Talbot - 8","precinct_norm":"TALBOT - 8","precinct_full_name":"Flint Hill","has_polygon":true},"geometry":{"type":"Point","coordinates":[-84.64360590177381,32.792428]}},{"type":"Feature","properties":{"id":"2024-13199-2","county_nam":"Meriwether","county_norm":"MERIWETHER","prec_id":"2","precinct_name":"Meriwether - 2","precinct_norm":"MERIWETHER - 2","precinct_full_name":"Gill I","has_polygon":true},"geometry":{"type":"Point","coordinates":[-84.59910920040713,32.860931]}},{"type":"Feature","properties":{"id":"2024-13199-3","county_nam":"Meriwether","county_norm":"MERIWETHER","prec_id":"3","precinct_name":"Meriwether - 3","precinct_norm":"MERIWETHER - 3","precinct_full_name":"Gill Ii","has_polygon":true},"geometry":{"type":"Point","coordinates":[-84.6149811576021,32.8788845]}},{"type":"Feature","properties":{"id":"2024-13263-2","county_nam":"Talbot","county_norm":"TALBOT","prec_id":"2","precinct_name":"Talbot - 2","precinct_norm":"TALBOT - 2","precinct_full_name":"Valley","has_polygon":true},"geometry":{"type":"Point","coordinates":[-84.5404855292056,32.788464000000005]}},{"type":"Feature","properties":{"id":"2024-13199-1","county_nam":"Meriwether","county_norm":"MERIWETHER","prec_id":"1","precinct_name":"Meriwether - 1","precinct_norm":"MERIWETHER - 1","precinct_full_name":"Chalybeate","has_polygon":true},"geometry":{"type":"Point","coordinates":[-84.55580325658153,32.873405500000004]}},{"type":"Feature","properties":{"id":"2024-13199-13","county_nam":"Meriwether","county_norm":"MERIWETHER","prec_id":"13","precinct_name":"Meriwether - 13","precinct_norm":"MERIWETHER - 13","precinct_full_name":"Raleigh","has_polygon":true},"geometry":{"type":"Point","coordinates":[-84.64825043309023,32.938713500000006]}},{"type":"Feature","properties":{"id":"2024-13199-14","county_nam":"Meriwether","county_norm":"MERIWETHER","prec_id":"14","precinct_name":"Meriwether - 14","precinct_norm":"MERIWETHER - 14","precinct_full_name":"Cove","has_polygon":true},"geometry":{"type":"Point","coordinates":[-84.56430400152082,32.929480999999996]}},{"type":"Feature","properties":{"id":"2024-13025-2","county_nam":"Brantley","county_norm":"BRANTLEY","prec_id":"2","precinct_name":"Brantley - 2","precinct_norm":"BRANTLEY - 2","precinct_full_name":"Nahunta","has_polygon":true},"geometry":{"type":"Point","coordinates":[-81.96600127424088,31.211021000000002]}},{"type":"Feature","properties":{"id":"2024-13025-3","county_nam":"Brantley","county_norm":"BRANTLEY","prec_id":"3","precinct_name":"Brantley - 3","precinct_norm":"BRANTLEY - 3","precinct_full_name":"Waynesville","has_polygon":true},"geometry":{"type":"Point","coordinates":[-81.81479900571273,31.229323]}},{"type":"Feature","properties":{"id":"2024-13321-15","county_nam":"Worth","county_norm":"WORTH","prec_id":"15","precinct_name":"Worth - 15","precinct_norm":"WORTH - 15","precinct_full_name":"Isabella","has_polygon":true},"geometry":{"type":"Point","coordinates":[-83.87875789334313,31.5813795]}},{"type":"Feature","properties":{"id":"2024-13321-3","county_nam":"Worth","county_norm":"WORTH","prec_id":"3","precinct_name":"Worth - 3","precinct_norm":"WORTH - 3","precinct_full_name":"Poulan","has_polygon":true},"geometry":{"type":"Point","coordinates":[-83.76966167177915,31.538215]}},{"type":"Feature","properties":{"id":"2024-13321-7","county_nam":"Worth","county_norm":"WORTH","prec_id":"7","precinct_name":"Worth - 7","precinct_norm":"WORTH - 7","precinct_full_name":"Doles","has_polygon":true},"geometry":{"type":"Point","coordinates":[-83.90140605169174,31.6995905]}},{"type":"Feature","properties":{"id":"2024-13321-2","county_nam":"Worth","county_norm":"WORTH","prec_id":"2","precinct_name":"Worth - 2","precinct_norm":"WORTH - 2","precinct_full_name":"Sylvester East","has_polygon":true},"geometry":{"type":"Point","coordinates":[-83.80635659295659,31.61751]}},{"type":"Feature","properties":{"id":"2024-13321-4","county_nam":"Worth","county_norm":"WORTH","prec_id":"4","precinct_name":"Worth - 4","precinct_norm":"WORTH - 4","precinct_full_name":"Sumner","has_polygon":true},"geometry":{"type":"Point","coordinates":[-83.69397429238754,31.534838]}},{"type":"Feature","properties":{"id":"2024-13277-8","county_nam":"Tift","county_norm":"TIFT","prec_id":"8","precinct_name":"Tift - 8","precinct_norm":"TIFT - 8","precinct_full_name":"Ty Ty","has_polygon":true},"geometry":{"type":"Point","coordinates":[-83.61890744135843,31.491508]}},{"type":"Feature","properties":{"id":"2024-13287-2","county_nam":"Turner","county_norm":"TURNER","prec_id":"2","precinct_name":"Turner - 2","precinct_norm":"TURNER - 2","precinct_full_name":"Sycamore","has_polygon":true},"geometry":{"type":"Point","coordinates":[-83.6439741215814,31.669651]}},{"type":"Feature","properties":{"id":"2024-13287-1","county_nam":"Turner","county_norm":"TURNER","prec_id":"1","precinct_name":"Turner - 1","precinct_norm":"TURNER - 1","precinct_full_name":"Ashburn","has_polygon":true},"geometry":{"type":"Point","coordinates":[-83.65152749389502,31.7156245]}},{"type":"Feature","properties":{"id":"2024-13081-JAMES","county_nam":"Crisp","county_norm":"CRISP","prec_id":"JAMES","precinct_name":"Crisp - JAMES","precinct_norm":"CRISP - JAMES","precinct_full_name":"Jamestown","has_polygon":true},"geometry":{"type":"Point","coordinates":[-83.85620811229947,31.8587545]}},{"type":"Feature","properties":{"id":"2024-13081-CORDE","county_nam":"Crisp","county_norm":"CRISP","prec_id":"CORDE","precinct_name":"Crisp - CORDE","precinct_norm":"CRISP - CORDE","precinct_full_name":"Cordele","has_polygon":true},"geometry":{"type":"Point","coordinates":[-83.77551870056439,31.9625765]}},{"type":"Feature","properties":{"id":"2024-13081-ARABI","county_nam":"Crisp","county_norm":"CRISP","prec_id":"ARABI","precinct_name":"Crisp - ARABI","precinct_norm":"CRISP - ARABI","precinct_full_name":"Arabi","has_polygon":true},"geometry":{"type":"Point","coordinates":[-83.69558854320748,31.851303]}},{"type":"Feature","properties":{"id":"2024-13081-LISTO","county_nam":"Crisp","county_norm":"CRISP","prec_id":"LISTO","precinct_name":"Crisp - LISTO","precinct_norm":"CRISP - LISTO","precinct_full_name":"Listonia","has_polygon":true},"geometry":{"type":"Point","coordinates":[-83.66261067306058,31.964398000000003]}},{"type":"Feature","properties":{"id":"2024-13277-4","county_nam":"Tift","county_norm":"TIFT","prec_id":"4","precinct_name":"Tift - 4","precinct_norm":"TIFT - 4","precinct_full_name":"Chula","has_polygon":true},"geometry":{"type":"Point","coordinates":[-83.56872287140804,31.5481445]}},{"type":"Feature","properties":{"id":"2024-13277-9","county_nam":"Tift","county_norm":"TIFT","prec_id":"9","precinct_name":"Tift - 9","precinct_norm":"TIFT - 9","precinct_full_name":"Tifton Northwest","has_polygon":true},"geometry":{"type":"Point","coordinates":[-83.55261320412845,31.478628999999998]}},{"type":"Feature","properties":{"id":"2024-13277-1","county_nam":"Tift","county_norm":"TIFT","prec_id":"1","precinct_name":"Tift - 1","precinct_norm":"TIFT - 1","precinct_full_name":"Tifton Northeast","has_polygon":true},"geometry":{"type":"Point","coordinates":[-83.51179725344217,31.469589499999998]}},{"type":"Feature","properties":{"id":"2024-13277-12","county_nam":"Tift","county_norm":"TIFT","prec_id":"12","precinct_name":"Tift - 12","precinct_norm":"TIFT - 12","precinct_full_name":"Tifton Lodge","has_polygon":true},"geometry":{"type":"Point","coordinates":[-83.48785693520506,31.472623]}},{"type":"Feature","properties":{"id":"2024-13277-2","county_nam":"Tift","county_norm":"TIFT","prec_id":"2","precinct_name":"Tift - 2","precinct_norm":"TIFT - 2","precinct_full_name":"Brighton","has_polygon":true},"geometry":{"type":"Point","coordinates":[-83.44630302856314,31.51584]}},{"type":"Feature","properties":{"id":"2024-13155-901","county_nam":"Irwin","county_norm":"IRWIN","prec_id":"901","precinct_name":"Irwin - 901","precinct_norm":"IRWIN - 901","precinct_full_name":"Irwinville","has_polygon":true},"geometry":{"type":"Point","coordinates":[-83.41040723018872,31.654335500000002]}},{"type":"Feature","properties":{"id":"2024-13287-3","county_nam":"Turner","county_norm":"TURNER","prec_id":"3","precinct_name":"Turner - 3","precinct_norm":"TURNER - 3","precinct_full_name":"Rebecca","has_polygon":true},"geometry":{"type":"Point","coordinates":[-83.62483995999347,31.771297]}},{"type":"Feature","properties":{"id":"2024-13315-3A","county_nam":"Wilcox","county_norm":"WILCOX","prec_id":"3A","precinct_name":"Wilcox - 3A","precinct_norm":"WILCOX - 3A","precinct_full_name":"Pitts #3","has_polygon":true},"geometry":{"type":"Point","coordinates":[-83.54343859437995,31.941212999999998]}},{"type":"Feature","properties":{"id":"2024-13315-4A","county_nam":"Wilcox","county_norm":"WILCOX","prec_id":"4A","precinct_name":"Wilcox - 4A","precinct_norm":"WILCOX - 4A","precinct_full_name":"Rochelle South #4","has_polygon":true},"geometry":{"type":"Point","coordinates":[-83.44518182868462,32.0788285]}},{"type":"Feature","properties":{"id":"2024-13093-7","county_nam":"Dooly","county_norm":"DOOLY","prec_id":"7","precinct_name":"Dooly - 7","precinct_norm":"DOOLY - 7","precinct_full_name":"Vienna","has_polygon":true},"geometry":{"type":"Point","coordinates":[-83.76355557637822,32.100846000000004]}},{"type":"Feature","properties":{"id":"2024-13093-8","county_nam":"Dooly","county_norm":"DOOLY","prec_id":"8","precinct_name":"Dooly - 8","precinct_norm":"DOOLY - 8","precinct_full_name":"Pinehurst","has_polygon":true},"geometry":{"type":"Point","coordinates":[-83.76033228953875,32.171442]}},{"type":"Feature","properties":{"id":"2024-13093-5","county_nam":"Dooly","county_norm":"DOOLY","prec_id":"5","precinct_name":"Dooly - 5","precinct_norm":"DOOLY - 5","precinct_full_name":"Unadilla","has_polygon":true},"geometry":{"type":"Point","coordinates":[-83.65430375652637,32.2194705]}},{"type":"Feature","properties":{"id":"2024-13153-HEFS","county_nam":"Houston","county_norm":"HOUSTON","prec_id":"HEFS","precinct_name":"Houston - HEFS","precinct_norm":"HOUSTON - HEFS","precinct_full_name":"Henderson Fire Station","has_polygon":true},"geometry":{"type":"Point","coordinates":[-83.77916199498108,32.351824]}},{"type":"Feature","properties":{"id":"2024-13225-F3","county_nam":"Peach","county_norm":"PEACH","prec_id":"F3","precinct_name":"Peach - F3","precinct_norm":"PEACH - F3","precinct_full_name":"Fort Valley #3","has_polygon":true},"geometry":{"type":"Point","coordinates":[-83.86462023051901,32.494888]}},{"type":"Feature","properties":{"id":"2024-13153-PEC","county_nam":"Houston","county_norm":"HOUSTON","prec_id":"PEC","precinct_name":"Houston - PEC","precinct_norm":"HOUSTON - PEC","precinct_full_name":"Pec","has_polygon":true},"geometry":{"type":"Point","coordinates":[-83.76380364566,32.464074]}},{"type":"Feature","properties":{"id":"2024-13153-HAFS","county_nam":"Houston","county_norm":"HOUSTON","prec_id":"HAFS","precinct_name":"Houston - HAFS","precinct_norm":"HOUSTON - HAFS","precinct_full_name":"Haynesville Fire Station","has_polygon":true},"geometry":{"type":"Point","coordinates":[-83.63842361412625,32.352887]}},{"type":"Feature","properties":{"id":"2024-13153-ROZR","county_nam":"Houston","county_norm":"HOUSTON","prec_id":"ROZR","precinct_name":"Houston - ROZR","precinct_norm":"HOUSTON - ROZR","precinct_full_name":"Rozar Park","has_polygon":true},"geometry":{"type":"Point","coordinates":[-83.67994819897399,32.457929]}},{"type":"Feature","properties":{"id":"2024-13315-1A","county_nam":"Wilcox","county_norm":"WILCOX","prec_id":"1A","precinct_name":"Wilcox - 1A","precinct_norm":"WILCOX - 1A","precinct_full_name":"Rochelle North #1","has_polygon":true},"geometry":{"type":"Point","coordinates":[-83.4891321684033,31.985712]}},{"type":"Feature","properties":{"id":"2024-13315-2B","county_nam":"Wilcox","county_norm":"WILCOX","prec_id":"2B","precinct_name":"Wilcox - 2B","precinct_norm":"WILCOX - 2B","precinct_full_name":"Pineview #2","has_polygon":true},"geometry":{"type":"Point","coordinates":[-83.52997673975493,32.074034]}},{"type":"Feature","properties":{"id":"2024-13235-ANNEX","county_nam":"Pulaski","county_norm":"PULASKI","prec_id":"ANNEX","precinct_name":"Pulaski - ANNEX","precinct_norm":"PULASKI - ANNEX","precinct_full_name":"Courthouse Annex","has_polygon":true},"geometry":{"type":"Point","coordinates":[-83.48758363320681,32.254118000000005]}},{"type":"Feature","properties":{"id":"2024-13153-VHS","county_nam":"Houston","county_norm":"HOUSTON","prec_id":"VHS","precinct_name":"Houston - VHS","precinct_norm":"HOUSTON - VHS","precinct_full_name":"Veteran's High School","has_polygon":true},"geometry":{"type":"Point","coordinates":[-83.56348232502708,32.4635485]}},{"type":"Feature","properties":{"id":"2024-13155-1529","county_nam":"Irwin","county_norm":"IRWIN","prec_id":"1529","precinct_name":"Irwin - 1529","precinct_norm":"IRWIN - 1529","precinct_full_name":"Ocilla","has_polygon":true},"geometry":{"type":"Point","coordinates":[-83.19957763727278,31.576860500000002]}},{"type":"Feature","properties":{"id":"2024-13315-5A","county_nam":"Wilcox","county_norm":"WILCOX","prec_id":"5A","precinct_name":"Wilcox - 5A","precinct_norm":"WILCOX - 5A","precinct_full_name":"Abbeville South #5","has_polygon":true},"geometry":{"type":"Point","coordinates":[-83.30745954229778,31.9354715]}},{"type":"Feature","properties":{"id":"2024-13017-1","county_nam":"Ben Hill","county_norm":"BEN HILL","prec_id":"1","precinct_name":"Ben Hill - 1","precinct_norm":"BEN HILL - 1","precinct_full_name":"East","has_polygon":true},"geometry":{"type":"Point","coordinates":[-83.16089899752016,31.7533845]}},{"type":"Feature","properties":{"id":"2024-13069-2","county_nam":"Coffee","county_norm":"COFFEE","prec_id":"2","precinct_name":"Coffee - 2","precinct_norm":"COFFEE - 2","precinct_full_name":"Ambrose","has_polygon":true},"geometry":{"type":"Point","coordinates":[-82.99437533910145,31.5588815]}},{"type":"Feature","properties":{"id":"2024-13069-1","county_nam":"Coffee","county_norm":"COFFEE","prec_id":"1","precinct_name":"Coffee - 1","precinct_norm":"COFFEE - 1","precinct_full_name":"Douglas","has_polygon":true},"geometry":{"type":"Point","coordinates":[-82.85409148088685,31.477941]}},{"type":"Feature","properties":{"id":"2024-13069-4","county_nam":"Coffee","county_norm":"COFFEE","prec_id":"4","precinct_name":"Coffee - 4","precinct_norm":"COFFEE - 4","precinct_full_name":"Broxton","has_polygon":true},"geometry":{"type":"Point","coordinates":[-82.91724925529975,31.6863515]}},{"type":"Feature","properties":{"id":"2024-13271-MI","county_nam":"Telfair","county_norm":"TELFAIR","prec_id":"MI","precinct_name":"Telfair - MI","precinct_norm":"TELFAIR - MI","precinct_full_name":"Milan","has_polygon":true},"geometry":{"type":"Point","coordinates":[-83.06565116935754,31.9323245]}},{"type":"Feature","properties":{"id":"2024-13271-JA","county_nam":"Telfair","county_norm":"TELFAIR","prec_id":"JA","precinct_name":"Telfair - JA","precinct_norm":"TELFAIR - JA","precinct_full_name":"Jacksonville","has_polygon":true},"geometry":{"type":"Point","coordinates":[-82.96007292586779,31.8612155]}},{"type":"Feature","properties":{"id":"2024-13315-2A","county_nam":"Wilcox","county_norm":"WILCOX","prec_id":"2A","precinct_name":"Wilcox - 2A","precinct_norm":"WILCOX - 2A","precinct_full_name":"Abbeville North #2","has_polygon":true},"geometry":{"type":"Point","coordinates":[-83.36480326825398,32.060696]}},{"type":"Feature","properties":{"id":"2024-13091-MITCH","county_nam":"Dodge","county_norm":"DODGE","prec_id":"MITCH","precinct_name":"Dodge - MITCH","precinct_norm":"DODGE - MITCH","precinct_full_name":"Mitch","has_polygon":true},"geometry":{"type":"Point","coordinates":[-83.26136731564304,32.1121045]}},{"type":"Feature","properties":{"id":"2024-13091-PONDT","county_nam":"Dodge","county_norm":"DODGE","prec_id":"PONDT","precinct_name":"Dodge - PONDT","precinct_norm":"DODGE - PONDT","precinct_full_name":"Pondt","has_polygon":true},"geometry":{"type":"Point","coordinates":[-83.20152959975445,31.996136]}},{"type":"Feature","properties":{"id":"2024-13091-VILUL","county_nam":"Dodge","county_norm":"DODGE","prec_id":"VILUL","precinct_name":"Dodge - VILUL","precinct_norm":"DODGE - VILUL","precinct_full_name":"Vilul","has_polygon":true},"geometry":{"type":"Point","coordinates":[-83.1795805556296,32.087337]}},{"type":"Feature","properties":{"id":"2024-13091-MCCRA","county_nam":"Dodge","county_norm":"DODGE","prec_id":"MCCRA","precinct_name":"Dodge - MCCRA","precinct_norm":"DODGE - MCCRA","precinct_full_name":"Mccra","has_polygon":true},"geometry":{"type":"Point","coordinates":[-83.14085131760918,32.074532500000004]}},{"type":"Feature","properties":{"id":"2024-13091-LEE","county_nam":"Dodge","county_norm":"DODGE","prec_id":"LEE","precinct_name":"Dodge - LEE","precinct_norm":"DODGE - LEE","precinct_full_name":"Lee","has_polygon":true},"geometry":{"type":"Point","coordinates":[-83.20914638486462,32.187481500000004]}},{"type":"Feature","properties":{"id":"2024-13091-EDDIN","county_nam":"Dodge","county_norm":"DODGE","prec_id":"EDDIN","precinct_name":"Dodge - EDDIN","precinct_norm":"DODGE - EDDIN","precinct_full_name":"Eddin","has_polygon":true},"geometry":{"type":"Point","coordinates":[-83.29867892718956,32.263077]}},{"type":"Feature","properties":{"id":"2024-13091-EMPIR","county_nam":"Dodge","county_norm":"DODGE","prec_id":"EMPIR","precinct_name":"Dodge - EMPIR","precinct_norm":"DODGE - EMPIR","precinct_full_name":"Empir","has_polygon":true},"geometry":{"type":"Point","coordinates":[-83.25448054622808,32.341318]}},{"type":"Feature","properties":{"id":"2024-13023-1","county_nam":"Bleckley","county_norm":"BLECKLEY","prec_id":"1","precinct_name":"Bleckley - 1","precinct_norm":"BLECKLEY - 1","precinct_full_name":"1","has_polygon":true},"geometry":{"type":"Point","coordinates":[-83.34501027987892,32.4283085]}},{"type":"Feature","properties":{"id":"2024-13091-RAWLI","county_nam":"Dodge","county_norm":"DODGE","prec_id":"RAWLI","precinct_name":"Dodge - RAWLI","precinct_norm":"DODGE - RAWLI","precinct_full_name":"Rawli","has_polygon":true},"geometry":{"type":"Point","coordinates":[-83.20380596263865,32.2607115]}},{"type":"Feature","properties":{"id":"2024-13091-YONKE","county_nam":"Dodge","county_norm":"DODGE","prec_id":"YONKE","precinct_name":"Dodge - YONKE","precinct_norm":"DODGE - YONKE","precinct_full_name":"Yonke","has_polygon":true},"geometry":{"type":"Point","coordinates":[-83.18929206470588,32.3549915]}},{"type":"Feature","properties":{"id":"2024-13091-PLAIN","county_nam":"Dodge","county_norm":"DODGE","prec_id":"PLAIN","precinct_name":"Dodge - PLAIN","precinct_norm":"DODGE - PLAIN","precinct_full_name":"Plain","has_polygon":true},"geometry":{"type":"Point","coordinates":[-83.12025029134412,32.3010565]}},{"type":"Feature","properties":{"id":"2024-13091-MULLI","county_nam":"Dodge","county_norm":"DODGE","prec_id":"MULLI","precinct_name":"Dodge - MULLI","precinct_norm":"DODGE - MULLI","precinct_full_name":"Mulli","has_polygon":true},"geometry":{"type":"Point","coordinates":[-83.13785967023574,32.3807345]}},{"type":"Feature","properties":{"id":"2024-13091-MILAN","county_nam":"Dodge","county_norm":"DODGE","prec_id":"MILAN","precinct_name":"Dodge - MILAN","precinct_norm":"DODGE - MILAN","precinct_full_name":"Milan","has_polygon":true},"geometry":{"type":"Point","coordinates":[-83.07862721087014,32.02563]}},{"type":"Feature","properties":{"id":"2024-13091-CHAUN","county_nam":"Dodge","county_norm":"DODGE","prec_id":"CHAUN","precinct_name":"Dodge - CHAUN","precinct_norm":"DODGE - CHAUN","precinct_full_name":"Chaun","has_polygon":true},"geometry":{"type":"Point","coordinates":[-83.07430757084613,32.110939]}},{"type":"Feature","properties":{"id":"2024-13091-JONES","county_nam":"Dodge","county_norm":"DODGE","prec_id":"JONES","precinct_name":"Dodge - JONES","precinct_norm":"DODGE - JONES","precinct_full_name":"Jones","has_polygon":true},"geometry":{"type":"Point","coordinates":[-83.07580901027495,32.2135235]}},{"type":"Feature","properties":{"id":"2024-13091-JAYBI","county_nam":"Dodge","county_norm":"DODGE","prec_id":"JAYBI","precinct_name":"Dodge - JAYBI","precinct_norm":"DODGE - JAYBI","precinct_full_name":"Jaybi","has_polygon":true},"geometry":{"type":"Point","coordinates":[-83.00603189499505,32.130778500000005]}},{"type":"Feature","properties":{"id":"2024-13271-MC","county_nam":"Telfair","county_norm":"TELFAIR","prec_id":"MC","precinct_name":"Telfair - MC","precinct_norm":"TELFAIR - MC","precinct_full_name":"Mcrae","has_polygon":true},"geometry":{"type":"Point","coordinates":[-82.90583585876948,32.003240500000004]}},{"type":"Feature","properties":{"id":"2024-13271-HE","county_nam":"Telfair","county_norm":"TELFAIR","prec_id":"HE","precinct_name":"Telfair - HE","precinct_norm":"TELFAIR - HE","precinct_full_name":"Helena","has_polygon":true},"geometry":{"type":"Point","coordinates":[-82.9379145108862,32.0956585]}},{"type":"Feature","properties":{"id":"2024-13091-CLARK","county_nam":"Dodge","county_norm":"DODGE","prec_id":"CLARK","precinct_name":"Dodge - CLARK","precinct_norm":"DODGE - CLARK","precinct_full_name":"Clark","has_polygon":true},"geometry":{"type":"Point","coordinates":[-82.93137115081299,32.1601865]}},{"type":"Feature","properties":{"id":"2024-13175-8","county_nam":"Laurens","county_norm":"LAURENS","prec_id":"8","precinct_name":"Laurens - 8","precinct_norm":"LAURENS - 8","precinct_full_name":"Burch","has_polygon":true},"geometry":{"type":"Point","coordinates":[-82.92386249422671,32.233892]}},{"type":"Feature","properties":{"id":"2024-13175-10","county_nam":"Laurens","county_norm":"LAURENS","prec_id":"10","precinct_name":"Laurens - 10","precinct_norm":"LAURENS - 10","precinct_full_name":"Cadwell","has_polygon":true},"geometry":{"type":"Point","coordinates":[-83.03386401427237,32.315016]}},{"type":"Feature","properties":{"id":"2024-13175-19","county_nam":"Laurens","county_norm":"LAURENS","prec_id":"19","precinct_name":"Laurens - 19","precinct_norm":"LAURENS - 19","precinct_full_name":"Reedy Springs","has_polygon":true},"geometry":{"type":"Point","coordinates":[-82.96935352929688,32.351442000000006]}},{"type":"Feature","properties":{"id":"2024-13175-13","county_nam":"Laurens","county_norm":"LAURENS","prec_id":"13","precinct_name":"Laurens - 13","precinct_norm":"LAURENS - 13","precinct_full_name":"Hampton Mill","has_polygon":true},"geometry":{"type":"Point","coordinates":[-83.05533390116372,32.4321245]}},{"type":"Feature","properties":{"id":"2024-13175-16","county_nam":"Laurens","county_norm":"LAURENS","prec_id":"16","precinct_name":"Laurens - 16","precinct_norm":"LAURENS - 16","precinct_full_name":"Rural Fire Station #17","has_polygon":true},"geometry":{"type":"Point","coordinates":[-82.82900879788258,32.3452385]}},{"type":"Feature","properties":{"id":"2024-13175-22","county_nam":"Laurens","county_norm":"LAURENS","prec_id":"22","precinct_name":"Laurens - 22","precinct_norm":"LAURENS - 22","precinct_full_name":"Lcfs #10 (Valambrosia)","has_polygon":true},"geometry":{"type":"Point","coordinates":[-82.92443893853022,32.478373500000004]}},{"type":"Feature","properties":{"id":"2024-13225-F2","county_nam":"Peach","county_norm":"PEACH","prec_id":"F2","precinct_name":"Peach - F2","precinct_norm":"PEACH - F2","precinct_full_name":"Fort Valley #2","has_polygon":true},"geometry":{"type":"Point","coordinates":[-83.84339507864394,32.5484655]}},{"type":"Feature","properties":{"id":"2024-13225-P1","county_nam":"Peach","county_norm":"PEACH","prec_id":"P1","precinct_name":"Peach - P1","precinct_norm":"PEACH - P1","precinct_full_name":"Powersville","has_polygon":true},"geometry":{"type":"Point","coordinates":[-83.80753448648035,32.594871]}},{"type":"Feature","properties":{"id":"2024-13079-5","county_nam":"Crawford","county_norm":"CRAWFORD","prec_id":"5","precinct_name":"Crawford - 5","precinct_norm":"CRAWFORD - 5","precinct_full_name":"District 5","has_polygon":true},"geometry":{"type":"Point","coordinates":[-83.85734059336002,32.6504965]}},{"type":"Feature","properties":{"id":"2024-13079-4","county_nam":"Crawford","county_norm":"CRAWFORD","prec_id":"4","precinct_name":"Crawford - 4","precinct_norm":"CRAWFORD - 4","precinct_full_name":"District 4","has_polygon":true},"geometry":{"type":"Point","coordinates":[-83.87380122207185,32.747748]}},{"type":"Feature","properties":{"id":"2024-13225-B1","county_nam":"Peach","county_norm":"PEACH","prec_id":"B1","precinct_name":"Peach - B1","precinct_norm":"PEACH - B1","precinct_full_name":"Byron #1","has_polygon":true},"geometry":{"type":"Point","coordinates":[-83.78339472046514,32.6619295]}},{"type":"Feature","properties":{"id":"2024-13225-C1","county_nam":"Peach","county_norm":"PEACH","prec_id":"C1","precinct_name":"Peach - C1","precinct_norm":"PEACH - C1","precinct_full_name":"Claude","has_polygon":true},"geometry":{"type":"Point","coordinates":[-83.75333024345348,32.560193999999996]}},{"type":"Feature","properties":{"id":"2024-13153-MCMS","county_nam":"Houston","county_norm":"HOUSTON","prec_id":"MCMS","precinct_name":"Houston - MCMS","precinct_norm":"HOUSTON - MCMS","precinct_full_name":"Mossy Creek Middle School","has_polygon":true},"geometry":{"type":"Point","coordinates":[-83.70547487663185,32.544792]}},{"type":"Feature","properties":{"id":"2024-13153-TMS","county_nam":"Houston","county_norm":"HOUSTON","prec_id":"TMS","precinct_name":"Houston - TMS","precinct_norm":"HOUSTON - TMS","precinct_full_name":"Thomson Middle School","has_polygon":true},"geometry":{"type":"Point","coordinates":[-83.68580922871145,32.612252]}},{"type":"Feature","properties":{"id":"2024-13153-CENT","county_nam":"Houston","county_norm":"HOUSTON","prec_id":"CENT","precinct_name":"Houston - CENT","precinct_norm":"HOUSTON - CENT","precinct_full_name":"Centerville City Hall","has_polygon":true},"geometry":{"type":"Point","coordinates":[-83.69447665062762,32.639793]}},{"type":"Feature","properties":{"id":"2024-13153-CGTC","county_nam":"Houston","county_norm":"HOUSTON","prec_id":"CGTC","precinct_name":"Houston - CGTC","precinct_norm":"HOUSTON - CGTC","precinct_full_name":"Central Georgia Technical College","has_polygon":true},"geometry":{"type":"Point","coordinates":[-83.67672155082165,32.525977]}},{"type":"Feature","properties":{"id":"2024-13153-TWPK","county_nam":"Houston","county_norm":"HOUSTON","prec_id":"TWPK","precinct_name":"Houston - TWPK","precinct_norm":"HOUSTON - TWPK","precinct_full_name":"Ted Wright Memorial Park Bldg","has_polygon":true},"geometry":{"type":"Point","coordinates":[-83.63820830713976,32.5676665]}},{"type":"Feature","properties":{"id":"2024-13153-FMMS","county_nam":"Houston","county_norm":"HOUSTON","prec_id":"FMMS","precinct_name":"Houston - FMMS","precinct_norm":"HOUSTON - FMMS","precinct_full_name":"Feagin Mill Middle School","has_polygon":true},"geometry":{"type":"Point","coordinates":[-83.67736144669814,32.5736695]}},{"type":"Feature","properties":{"id":"2024-13153-ANNX","county_nam":"Houston","county_norm":"HOUSTON","prec_id":"ANNX","precinct_name":"Houston - ANNX","precinct_norm":"HOUSTON - ANNX","precinct_full_name":"Houston County Annex Building","has_polygon":true},"geometry":{"type":"Point","coordinates":[-83.68688631312149,32.592789499999995]}},{"type":"Feature","properties":{"id":"2024-13153-VFW","county_nam":"Houston","county_norm":"HOUSTON","prec_id":"VFW","precinct_name":"Houston - VFW","precinct_norm":"HOUSTON - VFW","precinct_full_name":"Vfw","has_polygon":true},"geometry":{"type":"Point","coordinates":[-83.63889379617893,32.597204000000005]}},{"type":"Feature","properties":{"id":"2024-13153-HHPC","county_nam":"Houston","county_norm":"HOUSTON","prec_id":"HHPC","precinct_name":"Houston - HHPC","precinct_norm":"HOUSTON - HHPC","precinct_full_name":"Houston Health Pavilion Conference Center","has_polygon":true},"geometry":{"type":"Point","coordinates":[-83.64103396558377,32.6229345]}},{"type":"Feature","properties":{"id":"2024-13225-B2","county_nam":"Peach","county_norm":"PEACH","prec_id":"B2","precinct_name":"Peach - B2","precinct_norm":"PEACH - B2","precinct_full_name":"Byron #2","has_polygon":true},"geometry":{"type":"Point","coordinates":[-83.7481294589889,32.643288999999996]}},{"type":"Feature","properties":{"id":"2024-13021-WA2","county_nam":"Bibb","county_norm":"BIBB","prec_id":"WA2","precinct_name":"Bibb - WA2","precinct_norm":"BIBB - WA2","precinct_full_name":"Warrior 2","has_polygon":true},"geometry":{"type":"Point","coordinates":[-83.74830856298348,32.7453595]}},{"type":"Feature","properties":{"id":"2024-13021-RU1","county_nam":"Bibb","county_norm":"BIBB","prec_id":"RU1","precinct_name":"Bibb - RU1","precinct_norm":"BIBB - RU1","precinct_full_name":"Rutland 1","has_polygon":true},"geometry":{"type":"Point","coordinates":[-83.69841492218544,32.740201]}},{"type":"Feature","properties":{"id":"2024-13153-NHSC","county_nam":"Houston","county_norm":"HOUSTON","prec_id":"NHSC","precinct_name":"Houston - NHSC","precinct_norm":"HOUSTON - NHSC","precinct_full_name":"North Houston Sport Complex","has_polygon":true},"geometry":{"type":"Point","coordinates":[-83.6664256112592,32.667116]}},{"type":"Feature","properties":{"id":"2024-13021-RU2","county_nam":"Bibb","county_norm":"BIBB","prec_id":"RU2","precinct_name":"Bibb - RU2","precinct_norm":"BIBB - RU2","precinct_full_name":"Rutland 2","has_polygon":true},"geometry":{"type":"Point","coordinates":[-83.6435881744357,32.720315]}},{"type":"Feature","properties":{"id":"2024-13021-WA1","county_nam":"Bibb","county_norm":"BIBB","prec_id":"WA1","precinct_name":"Bibb - WA1","precinct_norm":"BIBB - WA1","precinct_full_name":"Warrior 1","has_polygon":true},"geometry":{"type":"Point","coordinates":[-83.82482570471791,32.789190000000005]}},{"type":"Feature","properties":{"id":"2024-13021-HA4","county_nam":"Bibb","county_norm":"BIBB","prec_id":"HA4","precinct_name":"Bibb - HA4","precinct_norm":"BIBB - HA4","precinct_full_name":"Hazzard 4","has_polygon":true},"geometry":{"type":"Point","coordinates":[-83.82620999788733,32.8621245]}},{"type":"Feature","properties":{"id":"2024-13021-HA2","county_nam":"Bibb","county_norm":"BIBB","prec_id":"HA2","precinct_name":"Bibb - HA2","precinct_norm":"BIBB - HA2","precinct_full_name":"Hazzard 2","has_polygon":true},"geometry":{"type":"Point","coordinates":[-83.76526652429753,32.8575765]}},{"type":"Feature","properties":{"id":"2024-13021-HO2","county_nam":"Bibb","county_norm":"BIBB","prec_id":"HO2","precinct_name":"Bibb - HO2","precinct_norm":"BIBB - HO2","precinct_full_name":"Howard 2","has_polygon":true},"geometry":{"type":"Point","coordinates":[-83.75649015655193,32.8950655]}},{"type":"Feature","properties":{"id":"2024-13207-3","county_nam":"Monroe","county_norm":"MONROE","prec_id":"3","precinct_name":"Monroe - 3","precinct_norm":"MONROE - 3","precinct_full_name":"Burgays","has_polygon":true},"geometry":{"type":"Point","coordinates":[-83.80236128645117,32.9360815]}},{"type":"Feature","properties":{"id":"2024-13207-1","county_nam":"Monroe","county_norm":"MONROE","prec_id":"1","precinct_name":"Monroe - 1","precinct_norm":"MONROE - 1","precinct_full_name":"Bentons","has_polygon":true},"geometry":{"type":"Point","coordinates":[-83.76788470042169,32.974151]}},{"type":"Feature","properties":{"id":"2024-13021-HA3","county_nam":"Bibb","county_norm":"BIBB","prec_id":"HA3","precinct_name":"Bibb - HA3","precinct_norm":"BIBB - HA3","precinct_full_name":"Hazzard 3","has_polygon":true},"geometry":{"type":"Point","coordinates":[-83.75882869212302,32.8130485]}},{"type":"Feature","properties":{"id":"2024-13021-GF5","county_nam":"Bibb","county_norm":"BIBB","prec_id":"GF5","precinct_name":"Bibb - GF5","precinct_norm":"BIBB - GF5","precinct_full_name":"Godfrey 5","has_polygon":true},"geometry":{"type":"Point","coordinates":[-83.69866533295884,32.7777065]}},{"type":"Feature","properties":{"id":"2024-13021-HA1","county_nam":"Bibb","county_norm":"BIBB","prec_id":"HA1","precinct_name":"Bibb - HA1","precinct_norm":"BIBB - HA1","precinct_full_name":"Hazzard 1","has_polygon":true},"geometry":{"type":"Point","coordinates":[-83.7107043395216,32.801002499999996]}},{"type":"Feature","properties":{"id":"2024-13021-HO1","county_nam":"Bibb","county_norm":"BIBB","prec_id":"HO1","precinct_name":"Bibb - HO1","precinct_norm":"BIBB - HO1","precinct_full_name":"Howard 1","has_polygon":true},"geometry":{"type":"Point","coordinates":[-83.72738123166218,32.856856]}},{"type":"Feature","properties":{"id":"2024-13021-VV4","county_nam":"Bibb","county_norm":"BIBB","prec_id":"VV4","precinct_name":"Bibb - VV4","precinct_norm":"BIBB - VV4","precinct_full_name":"Vineville 4","has_polygon":true},"geometry":{"type":"Point","coordinates":[-83.69515632154088,32.839828]}},{"type":"Feature","properties":{"id":"2024-13021-HO7","county_nam":"Bibb","county_norm":"BIBB","prec_id":"HO7","precinct_name":"Bibb - HO7","precinct_norm":"BIBB - HO7","precinct_full_name":"Howard 7","has_polygon":true},"geometry":{"type":"Point","coordinates":[-83.71614246607808,32.8956055]}},{"type":"Feature","properties":{"id":"2024-13021-HO6","county_nam":"Bibb","county_norm":"BIBB","prec_id":"HO6","precinct_name":"Bibb - HO6","precinct_norm":"BIBB - HO6","precinct_full_name":"Howard 6","has_polygon":true},"geometry":{"type":"Point","coordinates":[-83.70284481514084,32.8779695]}},{"type":"Feature","properties":{"id":"2024-13021-GF3","county_nam":"Bibb","county_norm":"BIBB","prec_id":"GF3","precinct_name":"Bibb - GF3","precinct_norm":"BIBB - GF3","precinct_full_name":"Godfrey 3","has_polygon":true},"geometry":{"type":"Point","coordinates":[-83.67050852264938,32.802488]}},{"type":"Feature","properties":{"id":"2024-13021-GF2","county_nam":"Bibb","county_norm":"BIBB","prec_id":"GF2","precinct_name":"Bibb - GF2","precinct_norm":"BIBB - GF2","precinct_full_name":"Godfrey 2","has_polygon":true},"geometry":{"type":"Point","coordinates":[-83.63900018256821,32.800165]}},{"type":"Feature","properties":{"id":"2024-13021-GF4","county_nam":"Bibb","county_norm":"BIBB","prec_id":"GF4","precinct_name":"Bibb - GF4","precinct_norm":"BIBB - GF4","precinct_full_name":"Godfrey 4","has_polygon":true},"geometry":{"type":"Point","coordinates":[-83.6598757359948,32.788668]}},{"type":"Feature","properties":{"id":"2024-13021-GF1","county_nam":"Bibb","county_norm":"BIBB","prec_id":"GF1","precinct_name":"Bibb - GF1","precinct_norm":"BIBB - GF1","precinct_full_name":"Godfrey 1","has_polygon":true},"geometry":{"type":"Point","coordinates":[-83.61242864307005,32.810622]}},{"type":"Feature","properties":{"id":"2024-13021-VV3","county_nam":"Bibb","county_norm":"BIBB","prec_id":"VV3","precinct_name":"Bibb - VV3","precinct_norm":"BIBB - VV3","precinct_full_name":"Vineville 3","has_polygon":true},"geometry":{"type":"Point","coordinates":[-83.66932635731382,32.8368145]}},{"type":"Feature","properties":{"id":"2024-13021-VV6","county_nam":"Bibb","county_norm":"BIBB","prec_id":"VV6","precinct_name":"Bibb - VV6","precinct_norm":"BIBB - VV6","precinct_full_name":"Vineville 6","has_polygon":true},"geometry":{"type":"Point","coordinates":[-83.67512627940698,32.854656500000004]}},{"type":"Feature","properties":{"id":"2024-13021-VV5","county_nam":"Bibb","county_norm":"BIBB","prec_id":"VV5","precinct_name":"Bibb - VV5","precinct_norm":"BIBB - VV5","precinct_full_name":"Vineville 5","has_polygon":true},"geometry":{"type":"Point","coordinates":[-83.67607623330116,32.8746465]}},{"type":"Feature","properties":{"id":"2024-13021-HO4","county_nam":"Bibb","county_norm":"BIBB","prec_id":"HO4","precinct_name":"Bibb - HO4","precinct_norm":"BIBB - HO4","precinct_full_name":"Howard 4","has_polygon":true},"geometry":{"type":"Point","coordinates":[-83.66556849210579,32.885752]}},{"type":"Feature","properties":{"id":"2024-13021-VV2","county_nam":"Bibb","county_norm":"BIBB","prec_id":"VV2","precinct_name":"Bibb - VV2","precinct_norm":"BIBB - VV2","precinct_full_name":"Vineville 2","has_polygon":true},"geometry":{"type":"Point","coordinates":[-83.6526707324184,32.845573]}},{"type":"Feature","properties":{"id":"2024-13021-VV1","county_nam":"Bibb","county_norm":"BIBB","prec_id":"VV1","precinct_name":"Bibb - VV1","precinct_norm":"BIBB - VV1","precinct_full_name":"Vineville 1","has_polygon":true},"geometry":{"type":"Point","coordinates":[-83.63766692973849,32.851169]}},{"type":"Feature","properties":{"id":"2024-13021-EM3","county_nam":"Bibb","county_norm":"BIBB","prec_id":"EM3","precinct_name":"Bibb - EM3","precinct_norm":"BIBB - EM3","precinct_full_name":"East Macon 3","has_polygon":true},"geometry":{"type":"Point","coordinates":[-83.6329108739942,32.8662335]}},{"type":"Feature","properties":{"id":"2024-13021-HO3","county_nam":"Bibb","county_norm":"BIBB","prec_id":"HO3","precinct_name":"Bibb - HO3","precinct_norm":"BIBB - HO3","precinct_full_name":"Howard 3","has_polygon":true},"geometry":{"type":"Point","coordinates":[-83.730101311651,32.923927]}},{"type":"Feature","properties":{"id":"2024-13021-HO5","county_nam":"Bibb","county_norm":"BIBB","prec_id":"HO5","precinct_name":"Bibb - HO5","precinct_norm":"BIBB - HO5","precinct_full_name":"Howard 5","has_polygon":true},"geometry":{"type":"Point","coordinates":[-83.6965435245043,32.899974]}},{"type":"Feature","properties":{"id":"2024-13169-9","county_nam":"Jones","county_norm":"JONES","prec_id":"9","precinct_name":"Jones - 9","precinct_norm":"JONES - 9","precinct_full_name":"Finney","has_polygon":true},"geometry":{"type":"Point","coordinates":[-83.66284092265232,32.9628985]}},{"type":"Feature","properties":{"id":"2024-13153-BMS","county_nam":"Houston","county_norm":"HOUSTON","prec_id":"BMS","precinct_name":"Houston - BMS","precinct_norm":"HOUSTON - BMS","precinct_full_name":"Bonaire Middle School","has_polygon":true},"geometry":{"type":"Point","coordinates":[-83.58093326138908,32.5420815]}},{"type":"Feature","properties":{"id":"2024-13153-WELL","county_nam":"Houston","county_norm":"HOUSTON","prec_id":"WELL","precinct_name":"Houston - WELL","precinct_norm":"HOUSTON - WELL","precinct_full_name":"Wellston Center","has_polygon":true},"geometry":{"type":"Point","coordinates":[-83.5794155135217,32.6191695]}},{"type":"Feature","properties":{"id":"2024-13289-GI","county_nam":"Twiggs","county_norm":"TWIGGS","prec_id":"GI","precinct_name":"Twiggs - GI","precinct_norm":"TWIGGS - GI","precinct_full_name":"Golden Isles","has_polygon":true},"geometry":{"type":"Point","coordinates":[-83.51511796101703,32.665021]}},{"type":"Feature","properties":{"id":"2024-13289-SG-T","county_nam":"Twiggs","county_norm":"TWIGGS","prec_id":"SG-T","precinct_name":"Twiggs - SG-T","precinct_norm":"TWIGGS - SG-T","precinct_full_name":"Shady Grove/Tarvers","has_polygon":true},"geometry":{"type":"Point","coordinates":[-83.37349639612398,32.545914999999994]}},{"type":"Feature","properties":{"id":"2024-13021-EM1","county_nam":"Bibb","county_norm":"BIBB","prec_id":"EM1","precinct_name":"Bibb - EM1","precinct_norm":"BIBB - EM1","precinct_full_name":"East Macon 1","has_polygon":true},"geometry":{"type":"Point","coordinates":[-83.61058776265823,32.8368605]}},{"type":"Feature","properties":{"id":"2024-13021-EM2","county_nam":"Bibb","county_norm":"BIBB","prec_id":"EM2","precinct_name":"Bibb - EM2","precinct_norm":"BIBB - EM2","precinct_full_name":"East Macon 2","has_polygon":true},"geometry":{"type":"Point","coordinates":[-83.59639450566596,32.866477]}},{"type":"Feature","properties":{"id":"2024-13021-EM4","county_nam":"Bibb","county_norm":"BIBB","prec_id":"EM4","precinct_name":"Bibb - EM4","precinct_norm":"BIBB - EM4","precinct_full_name":"East Macon 4","has_polygon":true},"geometry":{"type":"Point","coordinates":[-83.55816785760017,32.858419]}},{"type":"Feature","properties":{"id":"2024-13021-EM5","county_nam":"Bibb","county_norm":"BIBB","prec_id":"EM5","precinct_name":"Bibb - EM5","precinct_norm":"BIBB - EM5","precinct_full_name":"East Macon 5","has_polygon":true},"geometry":{"type":"Point","coordinates":[-83.54641546671763,32.793596]}},{"type":"Feature","properties":{"id":"2024-13169-3","county_nam":"Jones","county_norm":"JONES","prec_id":"3","precinct_name":"Jones - 3","precinct_norm":"JONES - 3","precinct_full_name":"Roberts","has_polygon":true},"geometry":{"type":"Point","coordinates":[-83.49911441554228,32.883986500000006]}},{"type":"Feature","properties":{"id":"2024-13169-10","county_nam":"Jones","county_norm":"JONES","prec_id":"10","precinct_name":"Jones - 10","precinct_norm":"JONES - 10","precinct_full_name":"Hawkins","has_polygon":true},"geometry":{"type":"Point","coordinates":[-83.56020290463258,32.909433500000006]}},{"type":"Feature","properties":{"id":"2024-13169-2","county_nam":"Jones","county_norm":"JONES","prec_id":"2","precinct_name":"Jones - 2","precinct_norm":"JONES - 2","precinct_full_name":"Clinton","has_polygon":true},"geometry":{"type":"Point","coordinates":[-83.60024539689266,32.96707]}},{"type":"Feature","properties":{"id":"2024-13169-1","county_nam":"Jones","county_norm":"JONES","prec_id":"1","precinct_name":"Jones - 1","precinct_norm":"JONES - 1","precinct_full_name":"Gray","has_polygon":true},"geometry":{"type":"Point","coordinates":[-83.55179831824657,32.976367999999994]}},{"type":"Feature","properties":{"id":"2024-13253-2","county_nam":"Seminole","county_norm":"SEMINOLE","prec_id":"2","precinct_name":"Seminole - 2","precinct_norm":"SEMINOLE - 2","precinct_full_name":"Precinct 2","has_polygon":true},"geometry":{"type":"Point","coordinates":[-84.94681722446967,31.0276885]}},{"type":"Feature","properties":{"id":"2024-13099-CS","county_nam":"Early","county_norm":"EARLY","prec_id":"CS","precinct_name":"Early - CS","precinct_norm":"EARLY - CS","precinct_full_name":"Cedar Springs","has_polygon":true},"geometry":{"type":"Point","coordinates":[-85.04061403113064,31.2107005]}},{"type":"Feature","properties":{"id":"2024-13099-U","county_nam":"Early","county_norm":"EARLY","prec_id":"U","precinct_name":"Early - U","precinct_norm":"EARLY - U","precinct_full_name":"Urquhart","has_polygon":true},"geometry":{"type":"Point","coordinates":[-85.00242499987806,31.4118925]}},{"type":"Feature","properties":{"id":"2024-13253-1","county_nam":"Seminole","county_norm":"SEMINOLE","prec_id":"1","precinct_name":"Seminole - 1","precinct_norm":"SEMINOLE - 1","precinct_full_name":"Precinct 1","has_polygon":true},"geometry":{"type":"Point","coordinates":[-84.89128614285714,30.868797]}},{"type":"Feature","properties":{"id":"2024-13253-5","county_nam":"Seminole","county_norm":"SEMINOLE","prec_id":"5","precinct_name":"Seminole - 5","precinct_norm":"SEMINOLE - 5","precinct_full_name":"Precinct 5","has_polygon":true},"geometry":{"type":"Point","coordinates":[-84.83747239942528,30.814839]}},{"type":"Feature","properties":{"id":"2024-13087-1325","county_nam":"Decatur","county_norm":"DECATUR","prec_id":"1325","precinct_name":"Decatur - 1325","precinct_norm":"DECATUR - 1325","precinct_full_name":"Recovery","has_polygon":true},"geometry":{"type":"Point","coordinates":[-84.73670278045236,30.7558535]}},{"type":"Feature","properties":{"id":"2024-13087-1342","county_nam":"Decatur","county_norm":"DECATUR","prec_id":"1342","precinct_name":"Decatur - 1342","precinct_norm":"DECATUR - 1342","precinct_full_name":"Kendrick","has_polygon":true},"geometry":{"type":"Point","coordinates":[-84.72079504415817,30.828599]}},{"type":"Feature","properties":{"id":"2024-13087-914","county_nam":"Decatur","county_norm":"DECATUR","prec_id":"914","precinct_name":"Decatur - 914","precinct_norm":"DECATUR - 914","precinct_full_name":"Kirbo Center","has_polygon":true},"geometry":{"type":"Point","coordinates":[-84.57611778108287,30.8460855]}},{"type":"Feature","properties":{"id":"2024-13087-513","county_nam":"Decatur","county_norm":"DECATUR","prec_id":"513","precinct_name":"Decatur - 513","precinct_norm":"DECATUR - 513","precinct_full_name":"Bainbridge-Coliseum","has_polygon":true},"geometry":{"type":"Point","coordinates":[-84.56697482206488,30.8975965]}},{"type":"Feature","properties":{"id":"2024-13087-694","county_nam":"Decatur","county_norm":"DECATUR","prec_id":"694","precinct_name":"Decatur - 694","precinct_norm":"DECATUR - 694","precinct_full_name":"Attapulgus","has_polygon":true},"geometry":{"type":"Point","coordinates":[-84.50161975679505,30.771528500000002]}},{"type":"Feature","properties":{"id":"2024-13087-1361","county_nam":"Decatur","county_norm":"DECATUR","prec_id":"1361","precinct_name":"Decatur - 1361","precinct_norm":"DECATUR - 1361","precinct_full_name":"Climax","has_polygon":true},"geometry":{"type":"Point","coordinates":[-84.44084319915316,30.899238500000003]}},{"type":"Feature","properties":{"id":"2024-13253-3","county_nam":"Seminole","county_norm":"SEMINOLE","prec_id":"3","precinct_name":"Seminole - 3","precinct_norm":"SEMINOLE - 3","precinct_full_name":"Precinct 3","has_polygon":true},"geometry":{"type":"Point","coordinates":[-84.87072383639514,31.0434305]}},{"type":"Feature","properties":{"id":"2024-13253-4","county_nam":"Seminole","county_norm":"SEMINOLE","prec_id":"4","precinct_name":"Seminole - 4","precinct_norm":"SEMINOLE - 4","precinct_full_name":"Precinct 4","has_polygon":true},"geometry":{"type":"Point","coordinates":[-84.8045059261668,30.960383]}},{"type":"Feature","properties":{"id":"2024-13087-1613","county_nam":"Decatur","county_norm":"DECATUR","prec_id":"1613","precinct_name":"Decatur - 1613","precinct_norm":"DECATUR - 1613","precinct_full_name":"Brinson","has_polygon":true},"geometry":{"type":"Point","coordinates":[-84.68276461323586,30.991929499999998]}},{"type":"Feature","properties":{"id":"2024-13201-1","county_nam":"Miller","county_norm":"MILLER","prec_id":"1","precinct_name":"Miller - 1","precinct_norm":"MILLER - 1","precinct_full_name":"Colquitt-Miller","has_polygon":true},"geometry":{"type":"Point","coordinates":[-84.73009799914931,31.1656905]}},{"type":"Feature","properties":{"id":"2024-13099-CUBA","county_nam":"Early","county_norm":"EARLY","prec_id":"CUBA","precinct_name":"Early - CUBA","precinct_norm":"EARLY - CUBA","precinct_full_name":"Cuba","has_polygon":true},"geometry":{"type":"Point","coordinates":[-84.89656410665509,31.272862]}},{"type":"Feature","properties":{"id":"2024-13099-B","county_nam":"Early","county_norm":"EARLY","prec_id":"B","precinct_name":"Early - B","precinct_norm":"EARLY - B","precinct_full_name":"Blakely","has_polygon":true},"geometry":{"type":"Point","coordinates":[-84.92234679123564,31.365868]}},{"type":"Feature","properties":{"id":"2024-13099-A","county_nam":"Early","county_norm":"EARLY","prec_id":"A","precinct_name":"Early - A","precinct_norm":"EARLY - A","precinct_full_name":"Arlington","has_polygon":true},"geometry":{"type":"Point","coordinates":[-84.7317957818486,31.3437585]}},{"type":"Feature","properties":{"id":"2024-13037-5","county_nam":"Calhoun","county_norm":"CALHOUN","prec_id":"5","precinct_name":"Calhoun - 5","precinct_norm":"CALHOUN - 5","precinct_full_name":"Arlington","has_polygon":true},"geometry":{"type":"Point","coordinates":[-84.71794295060658,31.443978]}},{"type":"Feature","properties":{"id":"2024-13087-1805","county_nam":"Decatur","county_norm":"DECATUR","prec_id":"1805","precinct_name":"Decatur - 1805","precinct_norm":"DECATUR - 1805","precinct_full_name":"West Bainbridge","has_polygon":true},"geometry":{"type":"Point","coordinates":[-84.6028509598104,30.961014]}},{"type":"Feature","properties":{"id":"2024-13087-514","county_nam":"Decatur","county_norm":"DECATUR","prec_id":"514","precinct_name":"Decatur - 514","precinct_norm":"DECATUR - 514","precinct_full_name":"Bdge-Fairgrounds","has_polygon":true},"geometry":{"type":"Point","coordinates":[-84.5218590915808,30.94178]}},{"type":"Feature","properties":{"id":"2024-13087-1277","county_nam":"Decatur","county_norm":"DECATUR","prec_id":"1277","precinct_name":"Decatur - 1277","precinct_norm":"DECATUR - 1277","precinct_full_name":"Mount Pleasant","has_polygon":true},"geometry":{"type":"Point","coordinates":[-84.44675237413195,31.010581000000002]}},{"type":"Feature","properties":{"id":"2024-13205-HF","county_nam":"Mitchell","county_norm":"MITCHELL","prec_id":"HF","precinct_name":"Mitchell - HF","precinct_norm":"MITCHELL - HF","precinct_full_name":"Hopeful","has_polygon":true},"geometry":{"type":"Point","coordinates":[-84.41694262906854,31.160922499999998]}},{"type":"Feature","properties":{"id":"2024-13007-A","county_nam":"Baker","county_norm":"BAKER","prec_id":"A","precinct_name":"Baker - A","precinct_norm":"BAKER - A","precinct_full_name":"Anna","has_polygon":true},"geometry":{"type":"Point","coordinates":[-84.5488107305577,31.298077499999998]}},{"type":"Feature","properties":{"id":"2024-13007-H","county_nam":"Baker","county_norm":"BAKER","prec_id":"H","precinct_name":"Baker - H","precinct_norm":"BAKER - H","precinct_full_name":"Hoggards Mill","has_polygon":true},"geometry":{"type":"Point","coordinates":[-84.48162287368609,31.192247000000002]}},{"type":"Feature","properties":{"id":"2024-13007-E","county_nam":"Baker","county_norm":"BAKER","prec_id":"E","precinct_name":"Baker - E","precinct_norm":"BAKER - E","precinct_full_name":"Elmodel","has_polygon":true},"geometry":{"type":"Point","coordinates":[-84.39039881745973,31.346926]}},{"type":"Feature","properties":{"id":"2024-13131-H","county_nam":"Grady","county_norm":"GRADY","prec_id":"H","precinct_name":"Grady - H","precinct_norm":"GRADY - H","precinct_full_name":"Higdon","has_polygon":true},"geometry":{"type":"Point","coordinates":[-84.34701164242665,30.761457]}},{"type":"Feature","properties":{"id":"2024-13131-W","county_nam":"Grady","county_norm":"GRADY","prec_id":"W","precinct_name":"Grady - W","precinct_norm":"GRADY - W","precinct_full_name":"Whigham","has_polygon":true},"geometry":{"type":"Point","coordinates":[-84.32145774013563,30.867528999999998]}},{"type":"Feature","properties":{"id":"2024-13131-R","county_nam":"Grady","county_norm":"GRADY","prec_id":"R","precinct_name":"Grady - R","precinct_norm":"GRADY - R","precinct_full_name":"Ragan","has_polygon":true},"geometry":{"type":"Point","coordinates":[-84.27500088959391,30.769377]}},{"type":"Feature","properties":{"id":"2024-13131-D","county_nam":"Grady","county_norm":"GRADY","prec_id":"D","precinct_name":"Grady - D","precinct_norm":"GRADY - D","precinct_full_name":"Duncanville","has_polygon":true},"geometry":{"type":"Point","coordinates":[-84.14062886466493,30.754763]}},{"type":"Feature","properties":{"id":"2024-13131-C04","county_nam":"Grady","county_norm":"GRADY","prec_id":"C04","precinct_name":"Grady - C04","precinct_norm":"GRADY - C04","precinct_full_name":"Cairo 4TH Distr","has_polygon":true},"geometry":{"type":"Point","coordinates":[-84.23611016921397,30.870668000000002]}},{"type":"Feature","properties":{"id":"2024-13131-M","county_nam":"Grady","county_norm":"GRADY","prec_id":"M","precinct_name":"Grady - M","precinct_norm":"GRADY - M","precinct_full_name":"Midway","has_polygon":true},"geometry":{"type":"Point","coordinates":[-84.18696430710756,30.8091235]}},{"type":"Feature","properties":{"id":"2024-13131-C05","county_nam":"Grady","county_norm":"GRADY","prec_id":"C05","precinct_name":"Grady - C05","precinct_norm":"GRADY - C05","precinct_full_name":"Cairo 5TH Distr","has_polygon":true},"geometry":{"type":"Point","coordinates":[-84.1907712735546,30.869365000000002]}},{"type":"Feature","properties":{"id":"2024-13131-WL","county_nam":"Grady","county_norm":"GRADY","prec_id":"WL","precinct_name":"Grady - WL","precinct_norm":"GRADY - WL","precinct_full_name":"Woodland","has_polygon":true},"geometry":{"type":"Point","coordinates":[-84.16621314751197,30.92617]}},{"type":"Feature","properties":{"id":"2024-13131-P","county_nam":"Grady","county_norm":"GRADY","prec_id":"P","precinct_name":"Grady - P","precinct_norm":"GRADY - P","precinct_full_name":"Pine Park","has_polygon":true},"geometry":{"type":"Point","coordinates":[-84.10528174019737,30.892993500000003]}},{"type":"Feature","properties":{"id":"2024-13275-113","county_nam":"Thomas","county_norm":"THOMAS","prec_id":"113","precinct_name":"Thomas - 113","precinct_norm":"THOMAS - 113","precinct_full_name":"Metcalfe","has_polygon":true},"geometry":{"type":"Point","coordinates":[-84.0079053677582,30.723986]}},{"type":"Feature","properties":{"id":"2024-13275-107","county_nam":"Thomas","county_norm":"THOMAS","prec_id":"107","precinct_name":"Thomas - 107","precinct_norm":"THOMAS - 107","precinct_full_name":"Fire Station #2","has_polygon":true},"geometry":{"type":"Point","coordinates":[-84.00437687877175,30.784914999999998]}},{"type":"Feature","properties":{"id":"2024-13275-109","county_nam":"Thomas","county_norm":"THOMAS","prec_id":"109","precinct_name":"Thomas - 109","precinct_norm":"THOMAS - 109","precinct_full_name":"Harper","has_polygon":true},"geometry":{"type":"Point","coordinates":[-83.99875715610844,30.8263065]}},{"type":"Feature","properties":{"id":"2024-13275-105","county_nam":"Thomas","county_norm":"THOMAS","prec_id":"105","precinct_name":"Thomas - 105","precinct_norm":"THOMAS - 105","precinct_full_name":"Douglass","has_polygon":true},"geometry":{"type":"Point","coordinates":[-83.99584292615339,30.849558000000002]}},{"type":"Feature","properties":{"id":"2024-13275-119","county_nam":"Thomas","county_norm":"THOMAS","prec_id":"119","precinct_name":"Thomas - 119","precinct_norm":"THOMAS - 119","precinct_full_name":"Resource Center","has_polygon":true},"geometry":{"type":"Point","coordinates":[-83.97876145358956,30.819056500000002]}},{"type":"Feature","properties":{"id":"2024-13275-110","county_nam":"Thomas","county_norm":"THOMAS","prec_id":"110","precinct_name":"Thomas - 110","precinct_norm":"THOMAS - 110","precinct_full_name":"Tc Public Library/Jerger","has_polygon":true},"geometry":{"type":"Point","coordinates":[-83.9603611416247,30.823136499999997]}},{"type":"Feature","properties":{"id":"2024-13275-120","county_nam":"Thomas","county_norm":"THOMAS","prec_id":"120","precinct_name":"Thomas - 120","precinct_norm":"THOMAS - 120","precinct_full_name":"Tc Public Library/Scott","has_polygon":true},"geometry":{"type":"Point","coordinates":[-83.96579819454797,30.855324500000002]}},{"type":"Feature","properties":{"id":"2024-13275-118","county_nam":"Thomas","county_norm":"THOMAS","prec_id":"118","precinct_name":"Thomas - 118","precinct_norm":"THOMAS - 118","precinct_full_name":"Remington Esc","has_polygon":true},"geometry":{"type":"Point","coordinates":[-83.95868323914854,30.8448025]}},{"type":"Feature","properties":{"id":"2024-13275-114","county_nam":"Thomas","county_norm":"THOMAS","prec_id":"114","precinct_name":"Thomas - 114","precinct_norm":"THOMAS - 114","precinct_full_name":"New Covenant","has_polygon":true},"geometry":{"type":"Point","coordinates":[-83.99142381221719,30.891794500000003]}},{"type":"Feature","properties":{"id":"2024-13275-108","county_nam":"Thomas","county_norm":"THOMAS","prec_id":"108","precinct_name":"Thomas - 108","precinct_norm":"THOMAS - 108","precinct_full_name":"Gatlin Creek","has_polygon":true},"geometry":{"type":"Point","coordinates":[-83.8952684465873,30.795756]}},{"type":"Feature","properties":{"id":"2024-13275-103","county_nam":"Thomas","county_norm":"THOMAS","prec_id":"103","precinct_name":"Thomas - 103","precinct_norm":"THOMAS - 103","precinct_full_name":"Central","has_polygon":true},"geometry":{"type":"Point","coordinates":[-83.89491396556346,30.8799125]}},{"type":"Feature","properties":{"id":"2024-13131-SH","county_nam":"Grady","county_norm":"GRADY","prec_id":"SH","precinct_name":"Grady - SH","precinct_norm":"GRADY - SH","precinct_full_name":"Spring Hill","has_polygon":true},"geometry":{"type":"Point","coordinates":[-84.31045408908972,30.9461185]}},{"type":"Feature","properties":{"id":"2024-13131-L","county_nam":"Grady","county_norm":"GRADY","prec_id":"L","precinct_name":"Grady - L","precinct_norm":"GRADY - L","precinct_full_name":"Limesink","has_polygon":true},"geometry":{"type":"Point","coordinates":[-84.31751705090942,31.02688]}},{"type":"Feature","properties":{"id":"2024-13205-BV","county_nam":"Mitchell","county_norm":"MITCHELL","prec_id":"BV","precinct_name":"Mitchell - BV","precinct_norm":"MITCHELL - BV","precinct_full_name":"Branchville","has_polygon":true},"geometry":{"type":"Point","coordinates":[-84.32403955471025,31.1606425]}},{"type":"Feature","properties":{"id":"2024-13131-B","county_nam":"Grady","county_norm":"GRADY","prec_id":"B","precinct_name":"Grady - B","precinct_norm":"GRADY - B","precinct_full_name":"Blowing Cave","has_polygon":true},"geometry":{"type":"Point","coordinates":[-84.23150233122516,30.994566]}},{"type":"Feature","properties":{"id":"2024-13131-S","county_nam":"Grady","county_norm":"GRADY","prec_id":"S","precinct_name":"Grady - S","precinct_norm":"GRADY - S","precinct_full_name":"Spence","has_polygon":true},"geometry":{"type":"Point","coordinates":[-84.16115123473509,31.030185000000003]}},{"type":"Feature","properties":{"id":"2024-13205-PE","county_nam":"Mitchell","county_norm":"MITCHELL","prec_id":"PE","precinct_name":"Mitchell - PE","precinct_norm":"MITCHELL - PE","precinct_full_name":"Pelham","has_polygon":true},"geometry":{"type":"Point","coordinates":[-84.17362442632714,31.120908]}},{"type":"Feature","properties":{"id":"2024-13007-N","county_nam":"Baker","county_norm":"BAKER","prec_id":"N","precinct_name":"Baker - N","precinct_norm":"BAKER - N","precinct_full_name":"Newton","has_polygon":true},"geometry":{"type":"Point","coordinates":[-84.39854270657335,31.295036]}},{"type":"Feature","properties":{"id":"2024-13007-M","county_nam":"Baker","county_norm":"BAKER","prec_id":"M","precinct_name":"Baker - M","precinct_norm":"BAKER - M","precinct_full_name":"Milford","has_polygon":true},"geometry":{"type":"Point","coordinates":[-84.31528581395352,31.3831045]}},{"type":"Feature","properties":{"id":"2024-13205-CN","county_nam":"Mitchell","county_norm":"MITCHELL","prec_id":"CN","precinct_name":"Mitchell - CN","precinct_norm":"MITCHELL - CN","precinct_full_name":"Camilla North","has_polygon":true},"geometry":{"type":"Point","coordinates":[-84.24840627184028,31.270437]}},{"type":"Feature","properties":{"id":"2024-13205-CS","county_nam":"Mitchell","county_norm":"MITCHELL","prec_id":"CS","precinct_name":"Mitchell - CS","precinct_norm":"MITCHELL - CS","precinct_full_name":"Camilla South","has_polygon":true},"geometry":{"type":"Point","coordinates":[-84.14725763308675,31.2339805]}},{"type":"Feature","properties":{"id":"2024-13205-BA","county_nam":"Mitchell","county_norm":"MITCHELL","prec_id":"BA","precinct_name":"Mitchell - BA","precinct_norm":"MITCHELL - BA","precinct_full_name":"Baconton","has_polygon":true},"geometry":{"type":"Point","coordinates":[-84.1524823084338,31.3791155]}},{"type":"Feature","properties":{"id":"2024-13275-115","county_nam":"Thomas","county_norm":"THOMAS","prec_id":"115","precinct_name":"Thomas - 115","precinct_norm":"THOMAS - 115","precinct_full_name":"Ochlocknee","has_polygon":true},"geometry":{"type":"Point","coordinates":[-84.05513632407407,30.9460155]}},{"type":"Feature","properties":{"id":"2024-13275-111","county_nam":"Thomas","county_norm":"THOMAS","prec_id":"111","precinct_name":"Thomas - 111","precinct_norm":"THOMAS - 111","precinct_full_name":"Meigs","has_polygon":true},"geometry":{"type":"Point","coordinates":[-84.06738751914287,31.0264015]}},{"type":"Feature","properties":{"id":"2024-13205-CT","county_nam":"Mitchell","county_norm":"MITCHELL","prec_id":"CT","precinct_name":"Mitchell - CT","precinct_norm":"MITCHELL - CT","precinct_full_name":"Cotton","has_polygon":true},"geometry":{"type":"Point","coordinates":[-84.08309721008703,31.1383725]}},{"type":"Feature","properties":{"id":"2024-13205-HI","county_nam":"Mitchell","county_norm":"MITCHELL","prec_id":"HI","precinct_name":"Mitchell - HI","precinct_norm":"MITCHELL - HI","precinct_full_name":"Hinsonton","has_polygon":true},"geometry":{"type":"Point","coordinates":[-84.02657085989011,31.173676]}},{"type":"Feature","properties":{"id":"2024-13275-106","county_nam":"Thomas","county_norm":"THOMAS","prec_id":"106","precinct_name":"Thomas - 106","precinct_norm":"THOMAS - 106","precinct_full_name":"Little Ochlocknee Baptist","has_polygon":true},"geometry":{"type":"Point","coordinates":[-83.97603405094011,30.987895]}},{"type":"Feature","properties":{"id":"2024-13275-112","county_nam":"Thomas","county_norm":"THOMAS","prec_id":"112","precinct_name":"Thomas - 112","precinct_norm":"THOMAS - 112","precinct_full_name":"Coolidge/Merrilville","has_polygon":true},"geometry":{"type":"Point","coordinates":[-83.8950072807003,30.9483265]}},{"type":"Feature","properties":{"id":"2024-13071-12","county_nam":"Colquitt","county_norm":"COLQUITT","prec_id":"12","precinct_name":"Colquitt - 12","precinct_norm":"COLQUITT - 12","precinct_full_name":"Hamilton","has_polygon":true},"geometry":{"type":"Point","coordinates":[-83.95956937824775,31.1056705]}},{"type":"Feature","properties":{"id":"2024-13037-4","county_nam":"Calhoun","county_norm":"CALHOUN","prec_id":"4","precinct_name":"Calhoun - 4","precinct_norm":"CALHOUN - 4","precinct_full_name":"Edison-Arlington","has_polygon":true},"geometry":{"type":"Point","coordinates":[-84.77153676970971,31.524889]}},{"type":"Feature","properties":{"id":"2024-13037-3","county_nam":"Calhoun","county_norm":"CALHOUN","prec_id":"3","precinct_name":"Calhoun - 3","precinct_norm":"CALHOUN - 3","precinct_full_name":"Edison","has_polygon":true},"geometry":{"type":"Point","coordinates":[-84.73736863236275,31.560676]}},{"type":"Feature","properties":{"id":"2024-13243-718A","county_nam":"Randolph","county_norm":"RANDOLPH","prec_id":"718A","precinct_name":"Randolph - 718A","precinct_norm":"RANDOLPH - 718A","precinct_full_name":"Cuthbert/Courthouse","has_polygon":true},"geometry":{"type":"Point","coordinates":[-84.77641699107792,31.7236765]}},{"type":"Feature","properties":{"id":"2024-13243-954","county_nam":"Randolph","county_norm":"RANDOLPH","prec_id":"954","precinct_name":"Randolph - 954","precinct_norm":"RANDOLPH - 954","precinct_full_name":"Springvale","has_polygon":true},"geometry":{"type":"Point","coordinates":[-84.84693881121208,31.830742]}},{"type":"Feature","properties":{"id":"2024-13243-718B","county_nam":"Randolph","county_norm":"RANDOLPH","prec_id":"718B","precinct_name":"Randolph - 718B","precinct_norm":"RANDOLPH - 718B","precinct_full_name":"Cuthbert","has_polygon":true},"geometry":{"type":"Point","coordinates":[-84.7939573887717,31.762019000000002]}},{"type":"Feature","properties":{"id":"2024-13243-566","county_nam":"Randolph","county_norm":"RANDOLPH","prec_id":"566","precinct_name":"Randolph - 566","precinct_norm":"RANDOLPH - 566","precinct_full_name":"Benevolence","has_polygon":true},"geometry":{"type":"Point","coordinates":[-84.69105608744346,31.850033]}},{"type":"Feature","properties":{"id":"2024-13037-2","county_nam":"Calhoun","county_norm":"CALHOUN","prec_id":"2","precinct_name":"Calhoun - 2","precinct_norm":"CALHOUN - 2","precinct_full_name":"Morgan","has_polygon":true},"geometry":{"type":"Point","coordinates":[-84.6583507683571,31.5378075]}},{"type":"Feature","properties":{"id":"2024-13243-334","county_nam":"Randolph","county_norm":"RANDOLPH","prec_id":"334","precinct_name":"Randolph - 334","precinct_norm":"RANDOLPH - 334","precinct_full_name":"Shellman","has_polygon":true},"geometry":{"type":"Point","coordinates":[-84.62390718151195,31.7001785]}},{"type":"Feature","properties":{"id":"2024-13037-1","county_nam":"Calhoun","county_norm":"CALHOUN","prec_id":"1","precinct_name":"Calhoun - 1","precinct_norm":"CALHOUN - 1","precinct_full_name":"Leary","has_polygon":true},"geometry":{"type":"Point","coordinates":[-84.51094673828125,31.5248995]}},{"type":"Feature","properties":{"id":"2024-13273-6","county_nam":"Terrell","county_norm":"TERRELL","prec_id":"6","precinct_name":"Terrell - 6","precinct_norm":"TERRELL - 6","precinct_full_name":"Herod-Dover","has_polygon":true},"geometry":{"type":"Point","coordinates":[-84.47557635604113,31.674527]}},{"type":"Feature","properties":{"id":"2024-13273-5","county_nam":"Terrell","county_norm":"TERRELL","prec_id":"5","precinct_name":"Terrell - 5","precinct_norm":"TERRELL - 5","precinct_full_name":"Graves","has_polygon":true},"geometry":{"type":"Point","coordinates":[-84.53142125969146,31.780917000000002]}},{"type":"Feature","properties":{"id":"2024-13273-1","county_nam":"Terrell","county_norm":"TERRELL","prec_id":"1","precinct_name":"Terrell - 1","precinct_norm":"TERRELL - 1","precinct_full_name":"Dawson","has_polygon":true},"geometry":{"type":"Point","coordinates":[-84.43993113591236,31.758589999999998]}},{"type":"Feature","properties":{"id":"2024-13273-4","county_nam":"Terrell","county_norm":"TERRELL","prec_id":"4","precinct_name":"Terrell - 4","precinct_norm":"TERRELL - 4","precinct_full_name":"Parrott","has_polygon":true},"geometry":{"type":"Point","coordinates":[-84.51283883438313,31.8956265]}},{"type":"Feature","properties":{"id":"2024-13259-5","county_nam":"Stewart","county_norm":"STEWART","prec_id":"5","precinct_name":"Stewart - 5","precinct_norm":"STEWART - 5","precinct_full_name":"Lumpkin","has_polygon":true},"geometry":{"type":"Point","coordinates":[-84.8341169542614,32.021572000000006]}},{"type":"Feature","properties":{"id":"2024-13259-4","county_nam":"Stewart","county_norm":"STEWART","prec_id":"4","precinct_name":"Stewart - 4","precinct_norm":"STEWART - 4","precinct_full_name":"Louvale","has_polygon":true},"geometry":{"type":"Point","coordinates":[-84.83104754211328,32.165752499999996]}},{"type":"Feature","properties":{"id":"2024-13259-2","county_nam":"Stewart","county_norm":"STEWART","prec_id":"2","precinct_name":"Stewart - 2","precinct_norm":"STEWART - 2","precinct_full_name":"Richland","has_polygon":true},"geometry":{"type":"Point","coordinates":[-84.68499990858346,32.0758625]}},{"type":"Feature","properties":{"id":"2024-13215-113","county_nam":"Muscogee","county_norm":"MUSCOGEE","prec_id":"113","precinct_name":"Muscogee - 113","precinct_norm":"MUSCOGEE - 113","precinct_full_name":"New Mount Pilgrim","has_polygon":true},"geometry":{"type":"Point","coordinates":[-84.91012528279194,32.437443]}},{"type":"Feature","properties":{"id":"2024-13215-103","county_nam":"Muscogee","county_norm":"MUSCOGEE","prec_id":"103","precinct_name":"Muscogee - 103","precinct_norm":"MUSCOGEE - 103","precinct_full_name":"St John/Shirley Winston","has_polygon":true},"geometry":{"type":"Point","coordinates":[-84.91373174705646,32.453210999999996]}},{"type":"Feature","properties":{"id":"2024-13215-126","county_nam":"Muscogee","county_norm":"MUSCOGEE","prec_id":"126","precinct_name":"Muscogee - 126","precinct_norm":"MUSCOGEE - 126","precinct_full_name":"Edgewood Baptist","has_polygon":true},"geometry":{"type":"Point","coordinates":[-84.91817001520712,32.489991]}},{"type":"Feature","properties":{"id":"2024-13215-116","county_nam":"Muscogee","county_norm":"MUSCOGEE","prec_id":"116","precinct_name":"Muscogee - 116","precinct_norm":"MUSCOGEE - 116","precinct_full_name":"Gateway","has_polygon":true},"geometry":{"type":"Point","coordinates":[-84.91359148380468,32.4703035]}},{"type":"Feature","properties":{"id":"2024-13215-114","county_nam":"Muscogee","county_norm":"MUSCOGEE","prec_id":"114","precinct_name":"Muscogee - 114","precinct_norm":"MUSCOGEE - 114","precinct_full_name":"Faith Tabernacle","has_polygon":true},"geometry":{"type":"Point","coordinates":[-84.8842109460924,32.478623999999996]}},{"type":"Feature","properties":{"id":"2024-13053-1","county_nam":"Chattahoochee","county_norm":"CHATTAHOOCHEE","prec_id":"1","precinct_name":"Chattahoochee - 1","precinct_norm":"CHATTAHOOCHEE - 1","precinct_full_name":"Activity Center","has_polygon":true},"geometry":{"type":"Point","coordinates":[-84.72524785570184,32.2869185]}},{"type":"Feature","properties":{"id":"2024-13307-P1","county_nam":"Webster","county_norm":"WEBSTER","prec_id":"P1","precinct_name":"Webster - P1","precinct_norm":"WEBSTER - P1","precinct_full_name":"Preston 1","has_polygon":true},"geometry":{"type":"Point","coordinates":[-84.5380394441994,32.0741485]}},{"type":"Feature","properties":{"id":"2024-13197-948","county_nam":"Marion","county_norm":"MARION","prec_id":"948","precinct_name":"Marion - 948","precinct_norm":"MARION - 948","precinct_full_name":"Brantley","has_polygon":true},"geometry":{"type":"Point","coordinates":[-84.56787201323624,32.392314999999996]}},{"type":"Feature","properties":{"id":"2024-13197-339","county_nam":"Marion","county_norm":"MARION","prec_id":"339","precinct_name":"Marion - 339","precinct_norm":"MARION - 339","precinct_full_name":"Pineknot","has_polygon":true},"geometry":{"type":"Point","coordinates":[-84.60149577501079,32.4812805]}},{"type":"Feature","properties":{"id":"2024-13197-807","county_nam":"Marion","county_norm":"MARION","prec_id":"807","precinct_name":"Marion - 807","precinct_norm":"MARION - 807","precinct_full_name":"Buena Vista","has_polygon":true},"geometry":{"type":"Point","coordinates":[-84.53449788960904,32.2623005]}},{"type":"Feature","properties":{"id":"2024-13197-955","county_nam":"Marion","county_norm":"MARION","prec_id":"955","precinct_name":"Marion - 955","precinct_norm":"MARION - 955","precinct_full_name":"Fort Perry","has_polygon":true},"geometry":{"type":"Point","coordinates":[-84.49544175355152,32.497993]}},{"type":"Feature","properties":{"id":"2024-13197-808","county_nam":"Marion","county_norm":"MARION","prec_id":"808","precinct_name":"Marion - 808","precinct_norm":"MARION - 808","precinct_full_name":"Tazewell","has_polygon":true},"geometry":{"type":"Point","coordinates":[-84.43468167851069,32.391503]}},{"type":"Feature","properties":{"id":"2024-13095-24","county_nam":"Dougherty","county_norm":"DOUGHERTY","prec_id":"24","precinct_name":"Dougherty - 24","precinct_norm":"DOUGHERTY - 24","precinct_full_name":"Christ Methodist Church","has_polygon":true},"geometry":{"type":"Point","coordinates":[-84.36319962925819,31.564829500000002]}},{"type":"Feature","properties":{"id":"2024-13095-8","county_nam":"Dougherty","county_norm":"DOUGHERTY","prec_id":"8","precinct_name":"Dougherty - 8","precinct_norm":"DOUGHERTY - 8","precinct_full_name":"Second Mount Zion Church","has_polygon":true},"geometry":{"type":"Point","coordinates":[-84.31727570874702,31.4941515]}},{"type":"Feature","properties":{"id":"2024-13273-2","county_nam":"Terrell","county_norm":"TERRELL","prec_id":"2","precinct_name":"Terrell - 2","precinct_norm":"TERRELL - 2","precinct_full_name":"Sasser","has_polygon":true},"geometry":{"type":"Point","coordinates":[-84.34535040459195,31.725334500000002]}},{"type":"Feature","properties":{"id":"2024-13095-7","county_nam":"Dougherty","county_norm":"DOUGHERTY","prec_id":"7","precinct_name":"Dougherty - 7","precinct_norm":"DOUGHERTY - 7","precinct_full_name":"Westtown Elementary","has_polygon":true},"geometry":{"type":"Point","coordinates":[-84.21070032554267,31.560081500000003]}},{"type":"Feature","properties":{"id":"2024-13095-6","county_nam":"Dougherty","county_norm":"DOUGHERTY","prec_id":"6","precinct_name":"Dougherty - 6","precinct_norm":"DOUGHERTY - 6","precinct_full_name":"Albany State University West Campus","has_polygon":true},"geometry":{"type":"Point","coordinates":[-84.22589100057522,31.5795885]}},{"type":"Feature","properties":{"id":"2024-13095-25","county_nam":"Dougherty","county_norm":"DOUGHERTY","prec_id":"25","precinct_name":"Dougherty - 25","precinct_norm":"DOUGHERTY - 25","precinct_full_name":"Lamar Reese Elementary","has_polygon":true},"geometry":{"type":"Point","coordinates":[-84.17963107723394,31.490219]}},{"type":"Feature","properties":{"id":"2024-13095-10","county_nam":"Dougherty","county_norm":"DOUGHERTY","prec_id":"10","precinct_name":"Dougherty - 10","precinct_norm":"DOUGHERTY - 10","precinct_full_name":"Alice Coachman Elementary","has_polygon":true},"geometry":{"type":"Point","coordinates":[-84.19338155104428,31.540508000000003]}},{"type":"Feature","properties":{"id":"2024-13095-13","county_nam":"Dougherty","county_norm":"DOUGHERTY","prec_id":"13","precinct_name":"Dougherty - 13","precinct_norm":"DOUGHERTY - 13","precinct_full_name":"Litman Cathedral","has_polygon":true},"geometry":{"type":"Point","coordinates":[-84.18602564860142,31.5709685]}},{"type":"Feature","properties":{"id":"2024-13095-9","county_nam":"Dougherty","county_norm":"DOUGHERTY","prec_id":"9","precinct_name":"Dougherty - 9","precinct_norm":"DOUGHERTY - 9","precinct_full_name":"Mount Zion Center","has_polygon":true},"geometry":{"type":"Point","coordinates":[-84.15990600750906,31.549249]}},{"type":"Feature","properties":{"id":"2024-13095-11","county_nam":"Dougherty","county_norm":"DOUGHERTY","prec_id":"11","precinct_name":"Dougherty - 11","precinct_norm":"DOUGHERTY - 11","precinct_full_name":"1ST Mount Olive","has_polygon":true},"geometry":{"type":"Point","coordinates":[-84.16866423516798,31.564529]}},{"type":"Feature","properties":{"id":"2024-13095-12","county_nam":"Dougherty","county_norm":"DOUGHERTY","prec_id":"12","precinct_name":"Dougherty - 12","precinct_norm":"DOUGHERTY - 12","precinct_full_name":"Shiloh Baptist Church","has_polygon":true},"geometry":{"type":"Point","coordinates":[-84.16216956337763,31.5709755]}},{"type":"Feature","properties":{"id":"2024-13177-6","county_nam":"Lee","county_norm":"LEE","prec_id":"6","precinct_name":"Lee - 6","precinct_norm":"LEE - 6","precinct_full_name":"#6 First Baptist","has_polygon":true},"geometry":{"type":"Point","coordinates":[-84.28338599365435,31.655588]}},{"type":"Feature","properties":{"id":"2024-13095-3","county_nam":"Dougherty","county_norm":"DOUGHERTY","prec_id":"3","precinct_name":"Dougherty - 3","precinct_norm":"DOUGHERTY - 3","precinct_full_name":"Greenbriar Church","has_polygon":true},"geometry":{"type":"Point","coordinates":[-84.2483576284366,31.6032995]}},{"type":"Feature","properties":{"id":"2024-13095-4","county_nam":"Dougherty","county_norm":"DOUGHERTY","prec_id":"4","precinct_name":"Dougherty - 4","precinct_norm":"DOUGHERTY - 4","precinct_full_name":"Westover High School","has_polygon":true},"geometry":{"type":"Point","coordinates":[-84.22073297749134,31.599926500000002]}},{"type":"Feature","properties":{"id":"2024-13177-7","county_nam":"Lee","county_norm":"LEE","prec_id":"7","precinct_name":"Lee - 7","precinct_norm":"LEE - 7","precinct_full_name":"#7 Sda Church","has_polygon":true},"geometry":{"type":"Point","coordinates":[-84.22017791252854,31.639626]}},{"type":"Feature","properties":{"id":"2024-13177-5","county_nam":"Lee","county_norm":"LEE","prec_id":"5","precinct_name":"Lee - 5","precinct_norm":"LEE - 5","precinct_full_name":"#5 Friendship Bapt.","has_polygon":true},"geometry":{"type":"Point","coordinates":[-84.23374615540857,31.708778000000002]}},{"type":"Feature","properties":{"id":"2024-13095-1","county_nam":"Dougherty","county_norm":"DOUGHERTY","prec_id":"1","precinct_name":"Dougherty - 1","precinct_norm":"DOUGHERTY - 1","precinct_full_name":"Sherwood Elementary School","has_polygon":true},"geometry":{"type":"Point","coordinates":[-84.1960704168144,31.6135785]}},{"type":"Feature","properties":{"id":"2024-13095-5","county_nam":"Dougherty","county_norm":"DOUGHERTY","prec_id":"5","precinct_name":"Dougherty - 5","precinct_norm":"DOUGHERTY - 5","precinct_full_name":"Merry Acres Middle School","has_polygon":true},"geometry":{"type":"Point","coordinates":[-84.19726282347267,31.590853]}},{"type":"Feature","properties":{"id":"2024-13095-2","county_nam":"Dougherty","county_norm":"DOUGHERTY","prec_id":"2","precinct_name":"Dougherty - 2","precinct_norm":"DOUGHERTY - 2","precinct_full_name":"Covenant Church","has_polygon":true},"geometry":{"type":"Point","coordinates":[-84.18978207371129,31.6027505]}},{"type":"Feature","properties":{"id":"2024-13177-8","county_nam":"Lee","county_norm":"LEE","prec_id":"8","precinct_name":"Lee - 8","precinct_norm":"LEE - 8","precinct_full_name":"#8 Flint Reformed Baptist","has_polygon":true},"geometry":{"type":"Point","coordinates":[-84.18494663955224,31.653032500000002]}},{"type":"Feature","properties":{"id":"2024-13273-3","county_nam":"Terrell","county_norm":"TERRELL","prec_id":"3","precinct_name":"Terrell - 3","precinct_norm":"TERRELL - 3","precinct_full_name":"Bronwood","has_polygon":true},"geometry":{"type":"Point","coordinates":[-84.35395498804033,31.84191]}},{"type":"Feature","properties":{"id":"2024-13261-17","county_nam":"Sumter","county_norm":"SUMTER","prec_id":"17","precinct_name":"Sumter - 17","precinct_norm":"SUMTER - 17","precinct_full_name":"Thompson","has_polygon":true},"geometry":{"type":"Point","coordinates":[-84.30837255635959,31.941620999999998]}},{"type":"Feature","properties":{"id":"2024-13177-3","county_nam":"Lee","county_norm":"LEE","prec_id":"3","precinct_name":"Lee - 3","precinct_norm":"LEE - 3","precinct_full_name":"#3 Cjc","has_polygon":true},"geometry":{"type":"Point","coordinates":[-84.21564085812072,31.795231]}},{"type":"Feature","properties":{"id":"2024-13177-2","county_nam":"Lee","county_norm":"LEE","prec_id":"2","precinct_name":"Lee - 2","precinct_norm":"LEE - 2","precinct_full_name":"#2 Smithville","has_polygon":true},"geometry":{"type":"Point","coordinates":[-84.1445223361214,31.844255]}},{"type":"Feature","properties":{"id":"2024-13095-18","county_nam":"Dougherty","county_norm":"DOUGHERTY","prec_id":"18","precinct_name":"Dougherty - 18","precinct_norm":"DOUGHERTY - 18","precinct_full_name":"Radium Middle School","has_polygon":true},"geometry":{"type":"Point","coordinates":[-84.12815141410256,31.5244265]}},{"type":"Feature","properties":{"id":"2024-13095-17","county_nam":"Dougherty","county_norm":"DOUGHERTY","prec_id":"17","precinct_name":"Dougherty - 17","precinct_norm":"DOUGHERTY - 17","precinct_full_name":"Bill Miller Community Center","has_polygon":true},"geometry":{"type":"Point","coordinates":[-84.1342047235645,31.550763500000002]}},{"type":"Feature","properties":{"id":"2024-13095-26","county_nam":"Dougherty","county_norm":"DOUGHERTY","prec_id":"26","precinct_name":"Dougherty - 26","precinct_norm":"DOUGHERTY - 26","precinct_full_name":"Albany State University East Campus-Lovett Hall","has_polygon":true},"geometry":{"type":"Point","coordinates":[-84.14262617093397,31.5639]}},{"type":"Feature","properties":{"id":"2024-13095-16","county_nam":"Dougherty","county_norm":"DOUGHERTY","prec_id":"16","precinct_name":"Dougherty - 16","precinct_norm":"DOUGHERTY - 16","precinct_full_name":"Robert H. Harvey Elementary School","has_polygon":true},"geometry":{"type":"Point","coordinates":[-84.13061178303255,31.58633]}},{"type":"Feature","properties":{"id":"2024-13095-15","county_nam":"Dougherty","county_norm":"DOUGHERTY","prec_id":"15","precinct_name":"Dougherty - 15","precinct_norm":"DOUGHERTY - 15","precinct_full_name":"Turner Elementary","has_polygon":true},"geometry":{"type":"Point","coordinates":[-84.09724272484863,31.5819985]}},{"type":"Feature","properties":{"id":"2024-13095-19","county_nam":"Dougherty","county_norm":"DOUGHERTY","prec_id":"19","precinct_name":"Dougherty - 19","precinct_norm":"DOUGHERTY - 19","precinct_full_name":"Putney 1ST Baptist Church","has_polygon":true},"geometry":{"type":"Point","coordinates":[-84.07532200374382,31.4790865]}},{"type":"Feature","properties":{"id":"2024-13039-307","county_nam":"Camden","county_norm":"CAMDEN","prec_id":"307","precinct_name":"Camden - 307","precinct_norm":"CAMDEN - 307","precinct_full_name":"East Kingsland","has_polygon":true},"geometry":{"type":"Point","coordinates":[-81.6353164844254,30.7998495]}},{"type":"Feature","properties":{"id":"2024-13039-304","county_nam":"Camden","county_norm":"CAMDEN","prec_id":"304","precinct_name":"Camden - 304","precinct_norm":"CAMDEN - 304","precinct_full_name":"Harrietts Bluff","has_polygon":true},"geometry":{"type":"Point","coordinates":[-81.56461500326799,30.9018415]}},{"type":"Feature","properties":{"id":"2024-13039-309","county_nam":"Camden","county_norm":"CAMDEN","prec_id":"309","precinct_name":"Camden - 309","precinct_norm":"CAMDEN - 309","precinct_full_name":"North St Marys","has_polygon":true},"geometry":{"type":"Point","coordinates":[-81.42408327073665,30.8510365]}},{"type":"Feature","properties":{"id":"2024-13039-302","county_nam":"Camden","county_norm":"CAMDEN","prec_id":"302","precinct_name":"Camden - 302","precinct_norm":"CAMDEN - 302","precinct_full_name":"Waverly","has_polygon":true},"geometry":{"type":"Point","coordinates":[-81.60543139059968,31.0577955]}},{"type":"Feature","properties":{"id":"2024-13127-101MAR","county_nam":"Glynn","county_norm":"GLYNN","prec_id":"101MAR","precinct_name":"Glynn - 101MAR","precinct_norm":"GLYNN - 101MAR","precinct_full_name":"Mar","has_polygon":true},"geometry":{"type":"Point","coordinates":[-81.525080835198,31.110401]}},{"type":"Feature","properties":{"id":"2024-13127-103BRK","county_nam":"Glynn","county_norm":"GLYNN","prec_id":"103BRK","precinct_name":"Glynn - 103BRK","precinct_norm":"GLYNN - 103BRK","precinct_full_name":"Brk","has_polygon":true},"geometry":{"type":"Point","coordinates":[-81.70020793674519,31.2224105]}},{"type":"Feature","properties":{"id":"2024-13305-3B","county_nam":"Wayne","county_norm":"WAYNE","prec_id":"3B","precinct_name":"Wayne - 3B","precinct_norm":"WAYNE - 3B","precinct_full_name":"Gardi","has_polygon":true},"geometry":{"type":"Point","coordinates":[-81.77373406292988,31.454509]}},{"type":"Feature","properties":{"id":"2024-13127-301COG","county_nam":"Glynn","county_norm":"GLYNN","prec_id":"301COG","precinct_name":"Glynn - 301COG","precinct_norm":"GLYNN - 301COG","precinct_full_name":"Cog","has_polygon":true},"geometry":{"type":"Point","coordinates":[-81.59727454792433,31.3289665]}},{"type":"Feature","properties":{"id":"2024-13127-102BLY","county_nam":"Glynn","county_norm":"GLYNN","prec_id":"102BLY","precinct_name":"Glynn - 102BLY","precinct_norm":"GLYNN - 102BLY","precinct_full_name":"Bly","has_polygon":true},"geometry":{"type":"Point","coordinates":[-81.5508746332855,31.190659500000002]}},{"type":"Feature","properties":{"id":"2024-13127-504ARO","county_nam":"Glynn","county_norm":"GLYNN","prec_id":"504ARO","precinct_name":"Glynn - 504ARO","precinct_norm":"GLYNN - 504ARO","precinct_full_name":"Arco","has_polygon":true},"geometry":{"type":"Point","coordinates":[-81.51270301413132,31.185826]}},{"type":"Feature","properties":{"id":"2024-13127-501HCP","county_nam":"Glynn","county_norm":"GLYNN","prec_id":"501HCP","precinct_name":"Glynn - 501HCP","precinct_norm":"GLYNN - 501HCP","precinct_full_name":"Hcp","has_polygon":true},"geometry":{"type":"Point","coordinates":[-81.47539240938636,31.137124999999997]}},{"type":"Feature","properties":{"id":"2024-13127-502UPP","county_nam":"Glynn","county_norm":"GLYNN","prec_id":"502UPP","precinct_name":"Glynn - 502UPP","precinct_norm":"GLYNN - 502UPP","precinct_full_name":"Upp","has_polygon":true},"geometry":{"type":"Point","coordinates":[-81.48842712550021,31.163642000000003]}},{"type":"Feature","properties":{"id":"2024-13127-500CPM","county_nam":"Glynn","county_norm":"GLYNN","prec_id":"500CPM","precinct_name":"Glynn - 500CPM","precinct_norm":"GLYNN - 500CPM","precinct_full_name":"Cpm","has_polygon":true},"geometry":{"type":"Point","coordinates":[-81.48168588976063,31.1841535]}},{"type":"Feature","properties":{"id":"2024-13127-402THE","county_nam":"Glynn","county_norm":"GLYNN","prec_id":"402THE","precinct_name":"Glynn - 402THE","precinct_norm":"GLYNN - 402THE","precinct_full_name":"The","has_polygon":true},"geometry":{"type":"Point","coordinates":[-81.45127979275199,31.180669]}},{"type":"Feature","properties":{"id":"2024-13127-104JI","county_nam":"Glynn","county_norm":"GLYNN","prec_id":"104JI","precinct_name":"Glynn - 104JI","precinct_norm":"GLYNN - 104JI","precinct_full_name":"Ji","has_polygon":true},"geometry":{"type":"Point","coordinates":[-81.40634953080308,31.0603245]}},{"type":"Feature","properties":{"id":"2024-13127-203SSI","county_nam":"Glynn","county_norm":"GLYNN","prec_id":"203SSI","precinct_name":"Glynn - 203SSI","precinct_norm":"GLYNN - 203SSI","precinct_full_name":"Sssi","has_polygon":true},"geometry":{"type":"Point","coordinates":[-81.40967146273347,31.155522]}},{"type":"Feature","properties":{"id":"2024-13127-202CSI","county_nam":"Glynn","county_norm":"GLYNN","prec_id":"202CSI","precinct_name":"Glynn - 202CSI","precinct_norm":"GLYNN - 202CSI","precinct_full_name":"Cssi","has_polygon":true},"geometry":{"type":"Point","coordinates":[-81.32486446187121,31.179893]}},{"type":"Feature","properties":{"id":"2024-13127-304BAL","county_nam":"Glynn","county_norm":"GLYNN","prec_id":"304BAL","precinct_name":"Glynn - 304BAL","precinct_norm":"GLYNN - 304BAL","precinct_full_name":"Bal","has_polygon":true},"geometry":{"type":"Point","coordinates":[-81.49921734617777,31.2233575]}},{"type":"Feature","properties":{"id":"2024-13127-302HLD","county_nam":"Glynn","county_norm":"GLYNN","prec_id":"302HLD","precinct_name":"Glynn - 302HLD","precinct_norm":"GLYNN - 302HLD","precinct_full_name":"Hld","has_polygon":true},"geometry":{"type":"Point","coordinates":[-81.52671033660832,31.2665565]}},{"type":"Feature","properties":{"id":"2024-13127-401CST","county_nam":"Glynn","county_norm":"GLYNN","prec_id":"401CST","precinct_name":"Glynn - 401CST","precinct_norm":"GLYNN - 401CST","precinct_full_name":"Cst","has_polygon":true},"geometry":{"type":"Point","coordinates":[-81.45677396154485,31.240555999999998]}},{"type":"Feature","properties":{"id":"2024-13127-303NGY","county_nam":"Glynn","county_norm":"GLYNN","prec_id":"303NGY","precinct_name":"Glynn - 303NGY","precinct_norm":"GLYNN - 303NGY","precinct_full_name":"Ngly","has_polygon":true},"geometry":{"type":"Point","coordinates":[-81.43803694532747,31.2863345]}},{"type":"Feature","properties":{"id":"2024-13127-201NSI","county_nam":"Glynn","county_norm":"GLYNN","prec_id":"201NSI","precinct_name":"Glynn - 201NSI","precinct_norm":"GLYNN - 201NSI","precinct_full_name":"Nssi","has_polygon":true},"geometry":{"type":"Point","coordinates":[-81.30778587527,31.239593499999998]}},{"type":"Feature","properties":{"id":"2024-13191-271","county_nam":"Mcintosh","county_norm":"MCINTOSH","prec_id":"271","precinct_name":"Mcintosh - 271","precinct_norm":"MCINTOSH - 271","precinct_full_name":"North Darien","has_polygon":true},"geometry":{"type":"Point","coordinates":[-81.36144838298902,31.387771]}},{"type":"Feature","properties":{"id":"2024-13191-1312","county_nam":"Mcintosh","county_norm":"MCINTOSH","prec_id":"1312","precinct_name":"Mcintosh - 1312","precinct_norm":"MCINTOSH - 1312","precinct_full_name":"Sapelo Island","has_polygon":true},"geometry":{"type":"Point","coordinates":[-81.24220645654933,31.421319500000003]}},{"type":"Feature","properties":{"id":"2024-13183-7","county_nam":"Long","county_norm":"LONG","prec_id":"7","precinct_name":"Long - 7","precinct_norm":"LONG - 7","precinct_full_name":"Faith Baptist Annex","has_polygon":true},"geometry":{"type":"Point","coordinates":[-81.73689223707702,31.6642975]}},{"type":"Feature","properties":{"id":"2024-13183-5","county_nam":"Long","county_norm":"LONG","prec_id":"5","precinct_name":"Long - 5","precinct_norm":"LONG - 5","precinct_full_name":"Tibet","has_polygon":true},"geometry":{"type":"Point","coordinates":[-81.61597435700303,31.6452575]}},{"type":"Feature","properties":{"id":"2024-13183-2","county_nam":"Long","county_norm":"LONG","prec_id":"2","precinct_name":"Long - 2","precinct_norm":"LONG - 2","precinct_full_name":"Rye Patch/Oak Dale","has_polygon":true},"geometry":{"type":"Point","coordinates":[-81.74392672883738,31.788426]}},{"type":"Feature","properties":{"id":"2024-13183-3","county_nam":"Long","county_norm":"LONG","prec_id":"3","precinct_name":"Long - 3","precinct_norm":"LONG - 3","precinct_full_name":"South Ludowici","has_polygon":true},"geometry":{"type":"Point","coordinates":[-81.64279859426307,31.730302000000002]}},{"type":"Feature","properties":{"id":"2024-13183-4","county_nam":"Long","county_norm":"LONG","prec_id":"4","precinct_name":"Long - 4","precinct_norm":"LONG - 4","precinct_full_name":"North Ludowici","has_polygon":true},"geometry":{"type":"Point","coordinates":[-81.68271117036157,31.758798]}},{"type":"Feature","properties":{"id":"2024-13179-7","county_nam":"Liberty","county_norm":"LIBERTY","prec_id":"7","precinct_name":"Liberty - 7","precinct_norm":"LIBERTY - 7","precinct_full_name":"Gum Branch","has_polygon":true},"geometry":{"type":"Point","coordinates":[-81.69612260689588,31.947673]}},{"type":"Feature","properties":{"id":"2024-13179-14","county_nam":"Liberty","county_norm":"LIBERTY","prec_id":"14","precinct_name":"Liberty - 14","precinct_norm":"LIBERTY - 14","precinct_full_name":"Town Of Allenhurst","has_polygon":true},"geometry":{"type":"Point","coordinates":[-81.61398138241526,31.7848755]}},{"type":"Feature","properties":{"id":"2024-13179-10","county_nam":"Liberty","county_norm":"LIBERTY","prec_id":"10","precinct_name":"Liberty - 10","precinct_norm":"LIBERTY - 10","precinct_full_name":"Lyman Hall School","has_polygon":true},"geometry":{"type":"Point","coordinates":[-81.61631462903418,31.81405]}},{"type":"Feature","properties":{"id":"2024-13179-11","county_nam":"Liberty","county_norm":"LIBERTY","prec_id":"11","precinct_name":"Liberty - 11","precinct_norm":"LIBERTY - 11","precinct_full_name":"Lewis Frasier School","has_polygon":true},"geometry":{"type":"Point","coordinates":[-81.59701204971151,31.816609]}},{"type":"Feature","properties":{"id":"2024-13179-9","county_nam":"Liberty","county_norm":"LIBERTY","prec_id":"9","precinct_name":"Liberty - 9","precinct_norm":"LIBERTY - 9","precinct_full_name":"Progressive Church","has_polygon":true},"geometry":{"type":"Point","coordinates":[-81.61832802520183,31.8401395]}},{"type":"Feature","properties":{"id":"2024-13179-4","county_nam":"Liberty","county_norm":"LIBERTY","prec_id":"4","precinct_name":"Liberty - 4","precinct_norm":"LIBERTY - 4","precinct_full_name":"Victory Baptist","has_polygon":true},"geometry":{"type":"Point","coordinates":[-81.57938095803296,31.7857085]}},{"type":"Feature","properties":{"id":"2024-13179-2","county_nam":"Liberty","county_norm":"LIBERTY","prec_id":"2","precinct_name":"Liberty - 2","precinct_norm":"LIBERTY - 2","precinct_full_name":"Hinesville","has_polygon":true},"geometry":{"type":"Point","coordinates":[-81.58666344071736,31.853011]}},{"type":"Feature","properties":{"id":"2024-13179-12","county_nam":"Liberty","county_norm":"LIBERTY","prec_id":"12","precinct_name":"Liberty - 12","precinct_norm":"LIBERTY - 12","precinct_full_name":"Memorial Drive East","has_polygon":true},"geometry":{"type":"Point","coordinates":[-81.60130192771639,31.854369]}},{"type":"Feature","properties":{"id":"2024-13179-13","county_nam":"Liberty","county_norm":"LIBERTY","prec_id":"13","precinct_name":"Liberty - 13","precinct_norm":"LIBERTY - 13","precinct_full_name":"Performing Arts Center (Pac)","has_polygon":true},"geometry":{"type":"Point","coordinates":[-81.53622912037665,31.9390155]}},{"type":"Feature","properties":{"id":"2024-13191-1771","county_nam":"Mcintosh","county_norm":"MCINTOSH","prec_id":"1771","precinct_name":"Mcintosh - 1771","precinct_norm":"MCINTOSH - 1771","precinct_full_name":"Darien","has_polygon":true},"geometry":{"type":"Point","coordinates":[-81.54650384012717,31.497517000000002]}},{"type":"Feature","properties":{"id":"2024-13179-1","county_nam":"Liberty","county_norm":"LIBERTY","prec_id":"1","precinct_name":"Liberty - 1","precinct_norm":"LIBERTY - 1","precinct_full_name":"Riceboro Youth Center","has_polygon":true},"geometry":{"type":"Point","coordinates":[-81.43686696996946,31.7132805]}},{"type":"Feature","properties":{"id":"2024-13191-1515","county_nam":"Mcintosh","county_norm":"MCINTOSH","prec_id":"1515","precinct_name":"Mcintosh - 1515","precinct_norm":"MCINTOSH - 1515","precinct_full_name":"Crescent","has_polygon":true},"geometry":{"type":"Point","coordinates":[-81.36752864358259,31.493357500000002]}},{"type":"Feature","properties":{"id":"2024-13191-22","county_nam":"Mcintosh","county_norm":"MCINTOSH","prec_id":"22","precinct_name":"Mcintosh - 22","precinct_norm":"MCINTOSH - 22","precinct_full_name":"South Newport","has_polygon":true},"geometry":{"type":"Point","coordinates":[-81.32343015397848,31.608598999999998]}},{"type":"Feature","properties":{"id":"2024-13179-6","county_nam":"Liberty","county_norm":"LIBERTY","prec_id":"6","precinct_name":"Liberty - 6","precinct_norm":"LIBERTY - 6","precinct_full_name":"Fleming East","has_polygon":true},"geometry":{"type":"Point","coordinates":[-81.42958820582405,31.868458]}},{"type":"Feature","properties":{"id":"2024-13029-7","county_nam":"Bryan","county_norm":"BRYAN","prec_id":"7","precinct_name":"Bryan - 7","precinct_norm":"BRYAN - 7","precinct_full_name":"Spirit Of Peace Lutheran Church","has_polygon":true},"geometry":{"type":"Point","coordinates":[-81.27811916543277,31.845517]}},{"type":"Feature","properties":{"id":"2024-13029-10","county_nam":"Bryan","county_norm":"BRYAN","prec_id":"10","precinct_name":"Bryan - 10","precinct_norm":"BRYAN - 10","precinct_full_name":"Daniel Siding","has_polygon":true},"geometry":{"type":"Point","coordinates":[-81.35629321696274,31.855677999999997]}},{"type":"Feature","properties":{"id":"2024-13029-4","county_nam":"Bryan","county_norm":"BRYAN","prec_id":"4","precinct_name":"Bryan - 4","precinct_norm":"BRYAN - 4","precinct_full_name":"First Baptist Church","has_polygon":true},"geometry":{"type":"Point","coordinates":[-81.3511921924247,31.9400755]}},{"type":"Feature","properties":{"id":"2024-13029-9","county_nam":"Bryan","county_norm":"BRYAN","prec_id":"9","precinct_name":"Bryan - 9","precinct_norm":"BRYAN - 9","precinct_full_name":"Devaul Henderson Park Gym","has_polygon":true},"geometry":{"type":"Point","coordinates":[-81.29668402001559,31.87977]}},{"type":"Feature","properties":{"id":"2024-13029-6","county_nam":"Bryan","county_norm":"BRYAN","prec_id":"6","precinct_name":"Bryan - 6","precinct_norm":"BRYAN - 6","precinct_full_name":"Wetlands Center","has_polygon":true},"geometry":{"type":"Point","coordinates":[-81.27430761436526,31.921105500000003]}},{"type":"Feature","properties":{"id":"2024-13029-5","county_nam":"Bryan","county_norm":"BRYAN","prec_id":"5","precinct_name":"Bryan - 5","precinct_norm":"BRYAN - 5","precinct_full_name":"Timber Trail","has_polygon":true},"geometry":{"type":"Point","coordinates":[-81.29645178222934,31.918443]}},{"type":"Feature","properties":{"id":"2024-13031-7","county_nam":"Bulloch","county_norm":"BULLOCH","prec_id":"7","precinct_name":"Bulloch - 7","precinct_norm":"BULLOCH - 7","precinct_full_name":"Nevils","has_polygon":true},"geometry":{"type":"Point","coordinates":[-81.76040140551527,32.229338999999996]}},{"type":"Feature","properties":{"id":"2024-13029-1","county_nam":"Bryan","county_norm":"BRYAN","prec_id":"1","precinct_name":"Bryan - 1","precinct_norm":"BRYAN - 1","precinct_full_name":"Harn Community Center","has_polygon":true},"geometry":{"type":"Point","coordinates":[-81.67276125498319,32.1482155]}},{"type":"Feature","properties":{"id":"2024-13031-6","county_nam":"Bulloch","county_norm":"BULLOCH","prec_id":"6","precinct_name":"Bulloch - 6","precinct_norm":"BULLOCH - 6","precinct_full_name":"Bay","has_polygon":true},"geometry":{"type":"Point","coordinates":[-81.6251593770822,32.2352875]}},{"type":"Feature","properties":{"id":"2024-13031-10","county_nam":"Bulloch","county_norm":"BULLOCH","prec_id":"10","precinct_name":"Bulloch - 10","precinct_norm":"BULLOCH - 10","precinct_full_name":"Emit","has_polygon":true},"geometry":{"type":"Point","coordinates":[-81.7759176481666,32.342828499999996]}},{"type":"Feature","properties":{"id":"2024-13031-4","county_nam":"Bulloch","county_norm":"BULLOCH","prec_id":"4","precinct_name":"Bulloch - 4","precinct_norm":"BULLOCH - 4","precinct_full_name":"Brooklet","has_polygon":true},"geometry":{"type":"Point","coordinates":[-81.64606447973327,32.361487]}},{"type":"Feature","properties":{"id":"2024-13031-13","county_nam":"Bulloch","county_norm":"BULLOCH","prec_id":"13","precinct_name":"Bulloch - 13","precinct_norm":"BULLOCH - 13","precinct_full_name":"Fair","has_polygon":true},"geometry":{"type":"Point","coordinates":[-81.7909301309264,32.399545]}},{"type":"Feature","properties":{"id":"2024-13031-15","county_nam":"Bulloch","county_norm":"BULLOCH","prec_id":"15","precinct_name":"Bulloch - 15","precinct_norm":"BULLOCH - 15","precinct_full_name":"Pittman Park","has_polygon":true},"geometry":{"type":"Point","coordinates":[-81.7729685397761,32.4259945]}},{"type":"Feature","properties":{"id":"2024-13031-14","county_nam":"Bulloch","county_norm":"BULLOCH","prec_id":"14","precinct_name":"Bulloch - 14","precinct_norm":"BULLOCH - 14","precinct_full_name":"Church","has_polygon":true},"geometry":{"type":"Point","coordinates":[-81.78188613700148,32.482127500000004]}},{"type":"Feature","properties":{"id":"2024-13031-3","county_nam":"Bulloch","county_norm":"BULLOCH","prec_id":"3","precinct_name":"Bulloch - 3","precinct_norm":"BULLOCH - 3","precinct_full_name":"Hagin","has_polygon":true},"geometry":{"type":"Point","coordinates":[-81.65991928346045,32.493178]}},{"type":"Feature","properties":{"id":"2024-13031-5","county_nam":"Bulloch","county_norm":"BULLOCH","prec_id":"5","precinct_name":"Bulloch - 5","precinct_norm":"BULLOCH - 5","precinct_full_name":"Stilson","has_polygon":true},"geometry":{"type":"Point","coordinates":[-81.53582003844271,32.296856000000005]}},{"type":"Feature","properties":{"id":"2024-13031-16","county_nam":"Bulloch","county_norm":"BULLOCH","prec_id":"16","precinct_name":"Bulloch - 16","precinct_norm":"BULLOCH - 16","precinct_full_name":"Leefield","has_polygon":true},"geometry":{"type":"Point","coordinates":[-81.58959397145011,32.4263735]}},{"type":"Feature","properties":{"id":"2024-13185-19","county_nam":"Lowndes","county_norm":"LOWNDES","prec_id":"19","precinct_name":"Lowndes - 19","precinct_norm":"LOWNDES - 19","precinct_full_name":"S Lowndes","has_polygon":true},"geometry":{"type":"Point","coordinates":[-83.21309992751551,30.663724]}},{"type":"Feature","properties":{"id":"2024-13185-16","county_nam":"Lowndes","county_norm":"LOWNDES","prec_id":"16","precinct_name":"Lowndes - 16","precinct_norm":"LOWNDES - 16","precinct_full_name":"Clyat Community Center","has_polygon":true},"geometry":{"type":"Point","coordinates":[-83.33544653914305,30.6902585]}},{"type":"Feature","properties":{"id":"2024-13185-5","county_nam":"Lowndes","county_norm":"LOWNDES","prec_id":"5","precinct_name":"Lowndes - 5","precinct_norm":"LOWNDES - 5","precinct_full_name":"Elections Office","has_polygon":true},"geometry":{"type":"Point","coordinates":[-83.30343083714361,30.8877315]}},{"type":"Feature","properties":{"id":"2024-13185-13","county_nam":"Lowndes","county_norm":"LOWNDES","prec_id":"13","precinct_name":"Lowndes - 13","precinct_norm":"LOWNDES - 13","precinct_full_name":"Vsu","has_polygon":true},"geometry":{"type":"Point","coordinates":[-83.28940258627722,30.8484215]}},{"type":"Feature","properties":{"id":"2024-13185-14","county_nam":"Lowndes","county_norm":"LOWNDES","prec_id":"14","precinct_name":"Lowndes - 14","precinct_norm":"LOWNDES - 14","precinct_full_name":"Mount Calvary","has_polygon":true},"geometry":{"type":"Point","coordinates":[-83.28972675907345,30.843587]}},{"type":"Feature","properties":{"id":"2024-13185-15","county_nam":"Lowndes","county_norm":"LOWNDES","prec_id":"15","precinct_name":"Lowndes - 15","precinct_norm":"LOWNDES - 15","precinct_full_name":"Mildred","has_polygon":true},"geometry":{"type":"Point","coordinates":[-83.26288888959564,30.8219785]}},{"type":"Feature","properties":{"id":"2024-13185-8","county_nam":"Lowndes","county_norm":"LOWNDES","prec_id":"8","precinct_name":"Lowndes - 8","precinct_norm":"LOWNDES - 8","precinct_full_name":"New Jerusalem","has_polygon":true},"geometry":{"type":"Point","coordinates":[-83.2714125412055,30.879399]}},{"type":"Feature","properties":{"id":"2024-13185-18","county_nam":"Lowndes","county_norm":"LOWNDES","prec_id":"18","precinct_name":"Lowndes - 18","precinct_norm":"LOWNDES - 18","precinct_full_name":"Lake Park","has_polygon":true},"geometry":{"type":"Point","coordinates":[-83.2028800505837,30.708913]}},{"type":"Feature","properties":{"id":"2024-13185-17","county_nam":"Lowndes","county_norm":"LOWNDES","prec_id":"17","precinct_name":"Lowndes - 17","precinct_norm":"LOWNDES - 17","precinct_full_name":"Dasher","has_polygon":true},"geometry":{"type":"Point","coordinates":[-83.22155845153267,30.7521645]}},{"type":"Feature","properties":{"id":"2024-13185-10","county_nam":"Lowndes","county_norm":"LOWNDES","prec_id":"10","precinct_name":"Lowndes - 10","precinct_norm":"LOWNDES - 10","precinct_full_name":"Lowndes Civic","has_polygon":true},"geometry":{"type":"Point","coordinates":[-83.17764757833572,30.810985000000002]}},{"type":"Feature","properties":{"id":"2024-13185-9","county_nam":"Lowndes","county_norm":"LOWNDES","prec_id":"9","precinct_name":"Lowndes - 9","precinct_norm":"LOWNDES - 9","precinct_full_name":"Jaycee","has_polygon":true},"geometry":{"type":"Point","coordinates":[-83.2255820363765,30.8930045]}},{"type":"Feature","properties":{"id":"2024-13185-11","county_nam":"Lowndes","county_norm":"LOWNDES","prec_id":"11","precinct_name":"Lowndes - 11","precinct_norm":"LOWNDES - 11","precinct_full_name":"Naylor","has_polygon":true},"geometry":{"type":"Point","coordinates":[-83.11782479595573,30.88695]}},{"type":"Feature","properties":{"id":"2024-13101-1058","county_nam":"Echols","county_norm":"ECHOLS","prec_id":"1058","precinct_name":"Echols - 1058","precinct_norm":"ECHOLS - 1058","precinct_full_name":"Statenville","has_polygon":true},"geometry":{"type":"Point","coordinates":[-82.94586832890275,30.731912]}},{"type":"Feature","properties":{"id":"2024-13065-D","county_nam":"Clinch","county_norm":"CLINCH","prec_id":"D","precinct_name":"Clinch - D","precinct_norm":"CLINCH - D","precinct_full_name":"Dupont","has_polygon":true},"geometry":{"type":"Point","coordinates":[-82.85529262022631,30.948390500000002]}},{"type":"Feature","properties":{"id":"2024-13185-3","county_nam":"Lowndes","county_norm":"LOWNDES","prec_id":"3","precinct_name":"Lowndes - 3","precinct_norm":"LOWNDES - 3","precinct_full_name":"Hah Community","has_polygon":true},"geometry":{"type":"Point","coordinates":[-83.31817465800336,30.970554]}},{"type":"Feature","properties":{"id":"2024-13185-2","county_nam":"Lowndes","county_norm":"LOWNDES","prec_id":"2","precinct_name":"Lowndes - 2","precinct_norm":"LOWNDES - 2","precinct_full_name":"Historical Soc","has_polygon":true},"geometry":{"type":"Point","coordinates":[-83.31500205628609,31.005471999999997]}},{"type":"Feature","properties":{"id":"2024-13185-6","county_nam":"Lowndes","county_norm":"LOWNDES","prec_id":"6","precinct_name":"Lowndes - 6","precinct_norm":"LOWNDES - 6","precinct_full_name":"Trinity","has_polygon":true},"geometry":{"type":"Point","coordinates":[-83.26677177108687,30.9395155]}},{"type":"Feature","properties":{"id":"2024-13075-C","county_nam":"Cook","county_norm":"COOK","prec_id":"C","precinct_name":"Cook - C","precinct_norm":"COOK - C","precinct_full_name":"Cecil","has_polygon":true},"geometry":{"type":"Point","coordinates":[-83.39055832316032,31.086624999999998]}},{"type":"Feature","properties":{"id":"2024-13075-DB","county_nam":"Cook","county_norm":"COOK","prec_id":"DB","precinct_name":"Cook - DB","precinct_norm":"COOK - DB","precinct_full_name":"Delle Beamguard","has_polygon":true},"geometry":{"type":"Point","coordinates":[-83.36910680177056,31.12499]}},{"type":"Feature","properties":{"id":"2024-13019-1144","county_nam":"Berrien","county_norm":"BERRIEN","prec_id":"1144","precinct_name":"Berrien - 1144","precinct_norm":"BERRIEN - 1144","precinct_full_name":"Ray City","has_polygon":true},"geometry":{"type":"Point","coordinates":[-83.24108728457603,31.0943555]}},{"type":"Feature","properties":{"id":"2024-13185-4","county_nam":"Lowndes","county_norm":"LOWNDES","prec_id":"4","precinct_name":"Lowndes - 4","precinct_norm":"LOWNDES - 4","precinct_full_name":"Pine Grove","has_polygon":true},"geometry":{"type":"Point","coordinates":[-83.2121680685481,30.973979999999997]}},{"type":"Feature","properties":{"id":"2024-13019-11062","county_nam":"Berrien","county_norm":"BERRIEN","prec_id":"11062","precinct_name":"Berrien - 11062","precinct_norm":"BERRIEN - 11062","precinct_full_name":"West Berrien","has_polygon":true},"geometry":{"type":"Point","coordinates":[-83.37017803924115,31.3110605]}},{"type":"Feature","properties":{"id":"2024-13019-1642","county_nam":"Berrien","county_norm":"BERRIEN","prec_id":"1642","precinct_name":"Berrien - 1642","precinct_norm":"BERRIEN - 1642","precinct_full_name":"Enigma","has_polygon":true},"geometry":{"type":"Point","coordinates":[-83.32653368734748,31.412378500000003]}},{"type":"Feature","properties":{"id":"2024-13019-1157","county_nam":"Berrien","county_norm":"BERRIEN","prec_id":"1157","precinct_name":"Berrien - 1157","precinct_norm":"BERRIEN - 1157","precinct_full_name":"Nashville","has_polygon":true},"geometry":{"type":"Point","coordinates":[-83.18923866678742,31.217821]}},{"type":"Feature","properties":{"id":"2024-13019-518","county_nam":"Berrien","county_norm":"BERRIEN","prec_id":"518","precinct_name":"Berrien - 518","precinct_norm":"BERRIEN - 518","precinct_full_name":"Alapaha","has_polygon":true},"geometry":{"type":"Point","coordinates":[-83.19883294259715,31.385865]}},{"type":"Feature","properties":{"id":"2024-13173-1","county_nam":"Lanier","county_norm":"LANIER","prec_id":"1","precinct_name":"Lanier - 1","precinct_norm":"LANIER - 1","precinct_full_name":"Lakeland","has_polygon":true},"geometry":{"type":"Point","coordinates":[-83.07521612776222,31.013922]}},{"type":"Feature","properties":{"id":"2024-13065-AB","county_nam":"Clinch","county_norm":"CLINCH","prec_id":"AB","precinct_name":"Clinch - AB","precinct_norm":"CLINCH - AB","precinct_full_name":"Arabia","has_polygon":true},"geometry":{"type":"Point","coordinates":[-82.89995652552072,31.1071765]}},{"type":"Feature","properties":{"id":"2024-13069-3","county_nam":"Coffee","county_norm":"COFFEE","prec_id":"3","precinct_name":"Coffee - 3","precinct_norm":"COFFEE - 3","precinct_full_name":"Bridgetown","has_polygon":true},"geometry":{"type":"Point","coordinates":[-83.05271495697329,31.443979]}},{"type":"Feature","properties":{"id":"2024-13003-3","county_nam":"Atkinson","county_norm":"ATKINSON","prec_id":"3","precinct_name":"Atkinson - 3","precinct_norm":"ATKINSON - 3","precinct_full_name":"Willacoochee","has_polygon":true},"geometry":{"type":"Point","coordinates":[-83.01204586387502,31.3020955]}},{"type":"Feature","properties":{"id":"2024-13003-1","county_nam":"Atkinson","county_norm":"ATKINSON","prec_id":"1","precinct_name":"Atkinson - 1","precinct_norm":"ATKINSON - 1","precinct_full_name":"Pearson County","has_polygon":true},"geometry":{"type":"Point","coordinates":[-82.9220772965761,31.2931585]}},{"type":"Feature","properties":{"id":"2024-13003-4","county_nam":"Atkinson","county_norm":"ATKINSON","prec_id":"4","precinct_name":"Atkinson - 4","precinct_norm":"ATKINSON - 4","precinct_full_name":"Pearson City","has_polygon":true},"geometry":{"type":"Point","coordinates":[-82.85350598195534,31.2965015]}},{"type":"Feature","properties":{"id":"2024-13065-F","county_nam":"Clinch","county_norm":"CLINCH","prec_id":"F","precinct_name":"Clinch - F","precinct_norm":"CLINCH - F","precinct_full_name":"Fargo","has_polygon":true},"geometry":{"type":"Point","coordinates":[-82.63299880299755,30.781244]}},{"type":"Feature","properties":{"id":"2024-13065-H","county_nam":"Clinch","county_norm":"CLINCH","prec_id":"H","precinct_name":"Clinch - H","precinct_norm":"CLINCH - H","precinct_full_name":"Homerville","has_polygon":true},"geometry":{"type":"Point","coordinates":[-82.70014494609009,30.999938999999998]}},{"type":"Feature","properties":{"id":"2024-13065-AG","county_nam":"Clinch","county_norm":"CLINCH","prec_id":"AG","precinct_name":"Clinch - AG","precinct_norm":"CLINCH - AG","precinct_full_name":"Argyle","has_polygon":true},"geometry":{"type":"Point","coordinates":[-82.65931259944574,31.059385]}},{"type":"Feature","properties":{"id":"2024-13003-2","county_nam":"Atkinson","county_norm":"ATKINSON","prec_id":"2","precinct_name":"Atkinson - 2","precinct_norm":"ATKINSON - 2","precinct_full_name":"Axson","has_polygon":true},"geometry":{"type":"Point","coordinates":[-82.74905699161265,31.2737005]}},{"type":"Feature","properties":{"id":"2024-13299-408","county_nam":"Ware","county_norm":"WARE","prec_id":"408","precinct_name":"Ware - 408","precinct_norm":"WARE - 408","precinct_full_name":"Millwood Baptist Church","has_polygon":true},"geometry":{"type":"Point","coordinates":[-82.63698270977042,31.239493500000002]}},{"type":"Feature","properties":{"id":"2024-13299-304","county_nam":"Ware","county_norm":"WARE","prec_id":"304","precinct_name":"Ware - 304","precinct_norm":"WARE - 304","precinct_full_name":"Ware Board of Education Learning Center","has_polygon":true},"geometry":{"type":"Point","coordinates":[-82.488567392486,31.147605499999997]}},{"type":"Feature","properties":{"id":"2024-13299-407","county_nam":"Ware","county_norm":"WARE","prec_id":"407","precinct_name":"Ware - 407","precinct_norm":"WARE - 407","precinct_full_name":"Manor Community Center","has_polygon":true},"geometry":{"type":"Point","coordinates":[-82.45464341960934,30.883587]}},{"type":"Feature","properties":{"id":"2024-13299-400","county_nam":"Ware","county_norm":"WARE","prec_id":"400","precinct_name":"Ware - 400","precinct_norm":"WARE - 400","precinct_full_name":"Second Baptist Church","has_polygon":true},"geometry":{"type":"Point","coordinates":[-82.34002322957545,31.0985655]}},{"type":"Feature","properties":{"id":"2024-13299-409","county_nam":"Ware","county_norm":"WARE","prec_id":"409","precinct_name":"Ware - 409","precinct_norm":"WARE - 409","precinct_full_name":"Waresboro Church Of God","has_polygon":true},"geometry":{"type":"Point","coordinates":[-82.50204730564998,31.2602945]}},{"type":"Feature","properties":{"id":"2024-13299-404","county_nam":"Ware","county_norm":"WARE","prec_id":"404","precinct_name":"Ware - 404","precinct_norm":"WARE - 404","precinct_full_name":"Bickley United Methodist Church","has_polygon":true},"geometry":{"type":"Point","coordinates":[-82.58956528732377,31.3722695]}},{"type":"Feature","properties":{"id":"2024-13299-405","county_nam":"Ware","county_norm":"WARE","prec_id":"405","precinct_name":"Ware - 405","precinct_norm":"WARE - 405","precinct_full_name":"Haywood Baptist Church","has_polygon":true},"geometry":{"type":"Point","coordinates":[-82.50950831388175,31.35664]}},{"type":"Feature","properties":{"id":"2024-13299-300","county_nam":"Ware","county_norm":"WARE","prec_id":"300","precinct_name":"Ware - 300","precinct_norm":"WARE - 300","precinct_full_name":"Ware Board of Education Transportation","has_polygon":true},"geometry":{"type":"Point","coordinates":[-82.39165946256529,31.2378595]}},{"type":"Feature","properties":{"id":"2024-13299-406","county_nam":"Ware","county_norm":"WARE","prec_id":"406","precinct_name":"Ware - 406","precinct_norm":"WARE - 406","precinct_full_name":"Jamestown Baptist Church","has_polygon":true},"geometry":{"type":"Point","coordinates":[-82.40991942682928,31.282484]}},{"type":"Feature","properties":{"id":"2024-13299-100","county_nam":"Ware","county_norm":"WARE","prec_id":"100","precinct_name":"Ware - 100","precinct_norm":"WARE - 100","precinct_full_name":"City Auditorium","has_polygon":true},"geometry":{"type":"Point","coordinates":[-82.37024846812264,31.201959000000002]}},{"type":"Feature","properties":{"id":"2024-13299-200B","county_nam":"Ware","county_norm":"WARE","prec_id":"200B","precinct_name":"Ware - 200B","precinct_norm":"WARE - 200B","precinct_full_name":"200B - City Auditorium","has_polygon":true},"geometry":{"type":"Point","coordinates":[-82.3444632450222,31.197766]}},{"type":"Feature","properties":{"id":"2024-13299-200A","county_nam":"Ware","county_norm":"WARE","prec_id":"200A","precinct_name":"Ware - 200A","precinct_norm":"WARE - 200A","precinct_full_name":"200A - Memorial Stadium","has_polygon":true},"geometry":{"type":"Point","coordinates":[-82.33969557508678,31.221453]}},{"type":"Feature","properties":{"id":"2024-13229-1","county_nam":"Pierce","county_norm":"PIERCE","prec_id":"1","precinct_name":"Pierce - 1","precinct_norm":"PIERCE - 1","precinct_full_name":"Hacklebarney/Cason","has_polygon":true},"geometry":{"type":"Point","coordinates":[-82.31793937731328,31.290632]}},{"type":"Feature","properties":{"id":"2024-13229-4D","county_nam":"Pierce","county_norm":"PIERCE","prec_id":"4D","precinct_name":"Pierce - 4D","precinct_norm":"PIERCE - 4D","precinct_full_name":"Sunset/Sweat","has_polygon":true},"geometry":{"type":"Point","coordinates":[-82.3516664528915,31.3655515]}},{"type":"Feature","properties":{"id":"2024-13049-3B","county_nam":"Charlton","county_norm":"CHARLTON","prec_id":"3B","precinct_name":"Charlton - 3B","precinct_norm":"CHARLTON - 3B","precinct_full_name":"Ga Bend","has_polygon":true},"geometry":{"type":"Point","coordinates":[-82.16803340059727,30.440689499999998]}},{"type":"Feature","properties":{"id":"2024-13049-3S","county_nam":"Charlton","county_norm":"CHARLTON","prec_id":"3S","precinct_name":"Charlton - 3S","precinct_norm":"CHARLTON - 3S","precinct_full_name":"St. George","has_polygon":true},"geometry":{"type":"Point","coordinates":[-82.12706779546124,30.5310555]}},{"type":"Feature","properties":{"id":"2024-13049-5R","county_nam":"Charlton","county_norm":"CHARLTON","prec_id":"5R","precinct_name":"Charlton - 5R","precinct_norm":"CHARLTON - 5R","precinct_full_name":"Racepond","has_polygon":true},"geometry":{"type":"Point","coordinates":[-82.24360393437445,30.8984515]}},{"type":"Feature","properties":{"id":"2024-13049-2","county_nam":"Charlton","county_norm":"CHARLTON","prec_id":"2","precinct_name":"Charlton - 2","precinct_norm":"CHARLTON - 2","precinct_full_name":"Folkston","has_polygon":true},"geometry":{"type":"Point","coordinates":[-82.0450252045741,30.805297]}},{"type":"Feature","properties":{"id":"2024-13049-4H","county_nam":"Charlton","county_norm":"CHARLTON","prec_id":"4H","precinct_name":"Charlton - 4H","precinct_norm":"CHARLTON - 4H","precinct_full_name":"Homeland","has_polygon":true},"geometry":{"type":"Point","coordinates":[-82.04805668876547,30.8914185]}},{"type":"Feature","properties":{"id":"2024-13039-305","county_nam":"Camden","county_norm":"CAMDEN","prec_id":"305","precinct_name":"Camden - 305","precinct_norm":"CAMDEN - 305","precinct_full_name":"West Kingsland","has_polygon":true},"geometry":{"type":"Point","coordinates":[-81.82488685210596,30.8334]}},{"type":"Feature","properties":{"id":"2024-13299-200C","county_nam":"Ware","county_norm":"WARE","prec_id":"200C","precinct_name":"Ware - 200C","precinct_norm":"WARE - 200C","precinct_full_name":"200C - Second Baptist Church","has_polygon":true},"geometry":{"type":"Point","coordinates":[-82.2994736886511,31.196492499999998]}},{"type":"Feature","properties":{"id":"2024-13025-1","county_nam":"Brantley","county_norm":"BRANTLEY","prec_id":"1","precinct_name":"Brantley - 1","precinct_norm":"BRANTLEY - 1","precinct_full_name":"Hoboken","has_polygon":true},"geometry":{"type":"Point","coordinates":[-82.13136914225626,31.1458235]}},{"type":"Feature","properties":{"id":"2024-13229-2","county_nam":"Pierce","county_norm":"PIERCE","prec_id":"2","precinct_name":"Pierce - 2","precinct_norm":"PIERCE - 2","precinct_full_name":"Blackshear","has_polygon":true},"geometry":{"type":"Point","coordinates":[-82.2498351754029,31.266468]}},{"type":"Feature","properties":{"id":"2024-13229-3A","county_nam":"Pierce","county_norm":"PIERCE","prec_id":"3A","precinct_name":"Pierce - 3A","precinct_norm":"PIERCE - 3A","precinct_full_name":"St. Johns/Blackshear","has_polygon":true},"geometry":{"type":"Point","coordinates":[-82.19288792781065,31.248487500000003]}},{"type":"Feature","properties":{"id":"2024-13229-4C","county_nam":"Pierce","county_norm":"PIERCE","prec_id":"4C","precinct_name":"Pierce - 4C","precinct_norm":"PIERCE - 4C","precinct_full_name":"Alabaha","has_polygon":true},"geometry":{"type":"Point","coordinates":[-82.2614104883041,31.373414]}},{"type":"Feature","properties":{"id":"2024-13229-4A","county_nam":"Pierce","county_norm":"PIERCE","prec_id":"4A","precinct_name":"Pierce - 4A","precinct_norm":"PIERCE - 4A","precinct_full_name":"Patterson","has_polygon":true},"geometry":{"type":"Point","coordinates":[-82.16553107642528,31.4130005]}},{"type":"Feature","properties":{"id":"2024-13229-3B","county_nam":"Pierce","county_norm":"PIERCE","prec_id":"3B","precinct_name":"Pierce - 3B","precinct_norm":"PIERCE - 3B","precinct_full_name":"Otter Creek","has_polygon":true},"geometry":{"type":"Point","coordinates":[-82.10458756119502,31.3559475]}},{"type":"Feature","properties":{"id":"2024-13049-5W","county_nam":"Charlton","county_norm":"CHARLTON","prec_id":"5W","precinct_name":"Charlton - 5W","precinct_norm":"CHARLTON - 5W","precinct_full_name":"Winokur","has_polygon":true},"geometry":{"type":"Point","coordinates":[-81.99267476008492,30.9892525]}},{"type":"Feature","properties":{"id":"2024-13039-301","county_nam":"Camden","county_norm":"CAMDEN","prec_id":"301","precinct_name":"Camden - 301","precinct_norm":"CAMDEN - 301","precinct_full_name":"Tarboro","has_polygon":true},"geometry":{"type":"Point","coordinates":[-81.77337976397405,31.0280915]}},{"type":"Feature","properties":{"id":"2024-13029-2","county_nam":"Bryan","county_norm":"BRYAN","prec_id":"2","precinct_name":"Bryan - 2","precinct_norm":"BRYAN - 2","precinct_full_name":"Olive Branch Baptist Church","has_polygon":true},"geometry":{"type":"Point","coordinates":[-81.52444828299176,32.166430500000004]}},{"type":"Feature","properties":{"id":"2024-13029-3","county_nam":"Bryan","county_norm":"BRYAN","prec_id":"3","precinct_name":"Bryan - 3","precinct_norm":"BRYAN - 3","precinct_full_name":"Lanier","has_polygon":true},"geometry":{"type":"Point","coordinates":[-81.50460130927712,32.13067]}},{"type":"Feature","properties":{"id":"2024-13051-6-11C","county_nam":"Chatham","county_norm":"CHATHAM","prec_id":"6-11C","precinct_name":"Chatham - 6-11C","precinct_norm":"CHATHAM - 6-11C","precinct_full_name":"Coastal Ga Botanical Gardens","has_polygon":true},"geometry":{"type":"Point","coordinates":[-81.26570065572625,31.9892575]}},{"type":"Feature","properties":{"id":"2024-13051-7-09C","county_nam":"Chatham","county_norm":"CHATHAM","prec_id":"7-09C","precinct_name":"Chatham - 7-09C","precinct_norm":"CHATHAM - 7-09C","precinct_full_name":"Compassion Christian, Henderson","has_polygon":true},"geometry":{"type":"Point","coordinates":[-81.28014605435384,32.0246315]}},{"type":"Feature","properties":{"id":"2024-13051-7-08C","county_nam":"Chatham","county_norm":"CHATHAM","prec_id":"7-08C","precinct_name":"Chatham - 7-08C","precinct_norm":"CHATHAM - 7-08C","precinct_full_name":"Bloomingdale Community Center","has_polygon":true},"geometry":{"type":"Point","coordinates":[-81.3498469699426,32.092822999999996]}},{"type":"Feature","properties":{"id":"2024-13051-7-17C","county_nam":"Chatham","county_norm":"CHATHAM","prec_id":"7-17C","precinct_name":"Chatham - 7-17C","precinct_norm":"CHATHAM - 7-17C","precinct_full_name":"Pooler Recreation Center Gymnasium","has_polygon":true},"geometry":{"type":"Point","coordinates":[-81.27798067687803,32.0608725]}},{"type":"Feature","properties":{"id":"2024-13051-7-12C","county_nam":"Chatham","county_norm":"CHATHAM","prec_id":"7-12C","precinct_name":"Chatham - 7-12C","precinct_norm":"CHATHAM - 7-12C","precinct_full_name":"West Chatham Baptist Church","has_polygon":true},"geometry":{"type":"Point","coordinates":[-81.26390287069412,32.086200000000005]}},{"type":"Feature","properties":{"id":"2024-13103-1C","county_nam":"Effingham","county_norm":"EFFINGHAM","prec_id":"1C","precinct_name":"Effingham - 1C","precinct_norm":"EFFINGHAM - 1C","precinct_full_name":"Meldrim Baptist Church","has_polygon":true},"geometry":{"type":"Point","coordinates":[-81.368180632579,32.1439]}},{"type":"Feature","properties":{"id":"2024-13103-1D","county_nam":"Effingham","county_norm":"EFFINGHAM","prec_id":"1D","precinct_name":"Effingham - 1D","precinct_norm":"EFFINGHAM - 1D","precinct_full_name":"Faulkville Baptist Church","has_polygon":true},"geometry":{"type":"Point","coordinates":[-81.3282039040464,32.166289500000005]}},{"type":"Feature","properties":{"id":"2024-13103-1A","county_nam":"Effingham","county_norm":"EFFINGHAM","prec_id":"1A","precinct_name":"Effingham - 1A","precinct_norm":"EFFINGHAM - 1A","precinct_full_name":"Zion Lutheran Church","has_polygon":true},"geometry":{"type":"Point","coordinates":[-81.34248071151421,32.2184575]}},{"type":"Feature","properties":{"id":"2024-13103-2A","county_nam":"Effingham","county_norm":"EFFINGHAM","prec_id":"2A","precinct_name":"Effingham - 2A","precinct_norm":"EFFINGHAM - 2A","precinct_full_name":"Church Of Christ","has_polygon":true},"geometry":{"type":"Point","coordinates":[-81.29359562306406,32.1939]}},{"type":"Feature","properties":{"id":"2024-13103-2D","county_nam":"Effingham","county_norm":"EFFINGHAM","prec_id":"2D","precinct_name":"Effingham - 2D","precinct_norm":"EFFINGHAM - 2D","precinct_full_name":"2D","has_polygon":true},"geometry":{"type":"Point","coordinates":[-81.29256627421076,32.2247585]}},{"type":"Feature","properties":{"id":"2024-13103-1B","county_nam":"Effingham","county_norm":"EFFINGHAM","prec_id":"1B","precinct_name":"Effingham - 1B","precinct_norm":"EFFINGHAM - 1B","precinct_full_name":"Sand Hill Baptist Church","has_polygon":true},"geometry":{"type":"Point","coordinates":[-81.40114177307004,32.237553000000005]}},{"type":"Feature","properties":{"id":"2024-13103-3D","county_nam":"Effingham","county_norm":"EFFINGHAM","prec_id":"3D","precinct_name":"Effingham - 3D","precinct_norm":"EFFINGHAM - 3D","precinct_full_name":"Pilgrim Baptist Association","has_polygon":true},"geometry":{"type":"Point","coordinates":[-81.41588867481343,32.3440285]}},{"type":"Feature","properties":{"id":"2024-13103-3A","county_nam":"Effingham","county_norm":"EFFINGHAM","prec_id":"3A","precinct_name":"Effingham - 3A","precinct_norm":"EFFINGHAM - 3A","precinct_full_name":"Elam Egypt Baptist Church","has_polygon":true},"geometry":{"type":"Point","coordinates":[-81.45309194788143,32.473301]}},{"type":"Feature","properties":{"id":"2024-13103-3E","county_nam":"Effingham","county_norm":"EFFINGHAM","prec_id":"3E","precinct_name":"Effingham - 3E","precinct_norm":"EFFINGHAM - 3E","precinct_full_name":"3E","has_polygon":true},"geometry":{"type":"Point","coordinates":[-81.36303843712926,32.298381000000006]}},{"type":"Feature","properties":{"id":"2024-13103-4B","county_nam":"Effingham","county_norm":"EFFINGHAM","prec_id":"4B","precinct_name":"Effingham - 4B","precinct_norm":"EFFINGHAM - 4B","precinct_full_name":"Rincon Church Of God Family Life Center","has_polygon":true},"geometry":{"type":"Point","coordinates":[-81.26319921719985,32.287895500000005]}},{"type":"Feature","properties":{"id":"2024-13103-4C","county_nam":"Effingham","county_norm":"EFFINGHAM","prec_id":"4C","precinct_name":"Effingham - 4C","precinct_norm":"EFFINGHAM - 4C","precinct_full_name":"Pineora Baptist Church","has_polygon":true},"geometry":{"type":"Point","coordinates":[-81.30570234848793,32.3115935]}},{"type":"Feature","properties":{"id":"2024-13103-3C","county_nam":"Effingham","county_norm":"EFFINGHAM","prec_id":"3C","precinct_name":"Effingham - 3C","precinct_norm":"EFFINGHAM - 3C","precinct_full_name":"Bethel Lutheran Church","has_polygon":true},"geometry":{"type":"Point","coordinates":[-81.34384201866425,32.4021385]}},{"type":"Feature","properties":{"id":"2024-13103-3B","county_nam":"Effingham","county_norm":"EFFINGHAM","prec_id":"3B","precinct_name":"Effingham - 3B","precinct_norm":"EFFINGHAM - 3B","precinct_full_name":"Clyo Community Center","has_polygon":true},"geometry":{"type":"Point","coordinates":[-81.29941884077846,32.4911005]}},{"type":"Feature","properties":{"id":"2024-13179-3","county_nam":"Liberty","county_norm":"LIBERTY","prec_id":"3","precinct_name":"Liberty - 3","precinct_norm":"LIBERTY - 3","precinct_full_name":"Liberty Co Complex","has_polygon":true},"geometry":{"type":"Point","coordinates":[-81.18101008057769,31.685516]}},{"type":"Feature","properties":{"id":"2024-13029-8","county_nam":"Bryan","county_norm":"BRYAN","prec_id":"8","precinct_name":"Bryan - 8","precinct_norm":"BRYAN - 8","precinct_full_name":"New Beginnings","has_polygon":true},"geometry":{"type":"Point","coordinates":[-81.22289864557692,31.8077185]}},{"type":"Feature","properties":{"id":"2024-13051-6-09C","county_nam":"Chatham","county_norm":"CHATHAM","prec_id":"6-09C","precinct_name":"Chatham - 6-09C","precinct_norm":"CHATHAM - 6-09C","precinct_full_name":"Trinity Lutheran Church","has_polygon":true},"geometry":{"type":"Point","coordinates":[-81.16975377021785,31.962453500000002]}},{"type":"Feature","properties":{"id":"2024-13051-6-03C","county_nam":"Chatham","county_norm":"CHATHAM","prec_id":"6-03C","precinct_name":"Chatham - 6-03C","precinct_norm":"CHATHAM - 6-03C","precinct_full_name":"Crusader Community Center","has_polygon":true},"geometry":{"type":"Point","coordinates":[-81.14654760567515,31.956671]}},{"type":"Feature","properties":{"id":"2024-13051-6-05C","county_nam":"Chatham","county_norm":"CHATHAM","prec_id":"6-05C","precinct_name":"Chatham - 6-05C","precinct_norm":"CHATHAM - 6-05C","precinct_full_name":"Windsor Hall","has_polygon":true},"geometry":{"type":"Point","coordinates":[-81.14207438304835,31.9737705]}},{"type":"Feature","properties":{"id":"2024-13051-6-10C","county_nam":"Chatham","county_norm":"CHATHAM","prec_id":"6-10C","precinct_name":"Chatham - 6-10C","precinct_norm":"CHATHAM - 6-10C","precinct_full_name":"Georgetown Elementary","has_polygon":true},"geometry":{"type":"Point","coordinates":[-81.08063213861494,31.845717]}},{"type":"Feature","properties":{"id":"2024-13051-4-13C","county_nam":"Chatham","county_norm":"CHATHAM","prec_id":"4-13C","precinct_name":"Chatham - 4-13C","precinct_norm":"CHATHAM - 4-13C","precinct_full_name":"Skidaway Community Church","has_polygon":true},"geometry":{"type":"Point","coordinates":[-81.07627844233005,31.907377]}},{"type":"Feature","properties":{"id":"2024-13051-6-02C","county_nam":"Chatham","county_norm":"CHATHAM","prec_id":"6-02C","precinct_name":"Chatham - 6-02C","precinct_norm":"CHATHAM - 6-02C","precinct_full_name":"Windsor Forest Baptist Church School","has_polygon":true},"geometry":{"type":"Point","coordinates":[-81.13211038208709,31.930685500000003]}},{"type":"Feature","properties":{"id":"2024-13051-1-16C","county_nam":"Chatham","county_norm":"CHATHAM","prec_id":"1-16C","precinct_name":"Chatham - 1-16C","precinct_norm":"CHATHAM - 1-16C","precinct_full_name":"Ferguson Ave Baptist","has_polygon":true},"geometry":{"type":"Point","coordinates":[-81.11515700627459,31.945700000000002]}},{"type":"Feature","properties":{"id":"2024-13051-6-01C","county_nam":"Chatham","county_norm":"CHATHAM","prec_id":"6-01C","precinct_name":"Chatham - 6-01C","precinct_norm":"CHATHAM - 6-01C","precinct_full_name":"White Bluff Presbyterian Church","has_polygon":true},"geometry":{"type":"Point","coordinates":[-81.12245251051368,31.9807745]}},{"type":"Feature","properties":{"id":"2024-13051-1-13C","county_nam":"Chatham","county_norm":"CHATHAM","prec_id":"1-13C","precinct_name":"Chatham - 1-13C","precinct_norm":"CHATHAM - 1-13C","precinct_full_name":"The Sanctuary","has_polygon":true},"geometry":{"type":"Point","coordinates":[-81.10733100961743,31.981302]}},{"type":"Feature","properties":{"id":"2024-13051-1-14C","county_nam":"Chatham","county_norm":"CHATHAM","prec_id":"1-14C","precinct_name":"Chatham - 1-14C","precinct_norm":"CHATHAM - 1-14C","precinct_full_name":"St. Luke United Methodist Church","has_polygon":true},"geometry":{"type":"Point","coordinates":[-81.092126721814,31.974558000000002]}},{"type":"Feature","properties":{"id":"2024-13051-1-10C","county_nam":"Chatham","county_norm":"CHATHAM","prec_id":"1-10C","precinct_name":"Chatham - 1-10C","precinct_norm":"CHATHAM - 1-10C","precinct_full_name":"St. Thomas Episcopal Church","has_polygon":true},"geometry":{"type":"Point","coordinates":[-81.0656893694943,31.969002500000002]}},{"type":"Feature","properties":{"id":"2024-13051-4-14C","county_nam":"Chatham","county_norm":"CHATHAM","prec_id":"4-14C","precinct_name":"Chatham - 4-14C","precinct_norm":"CHATHAM - 4-14C","precinct_full_name":"Skidaway Island Methodist Church","has_polygon":true},"geometry":{"type":"Point","coordinates":[-81.04845036520084,31.930711000000002]}},{"type":"Feature","properties":{"id":"2024-13051-4-12C","county_nam":"Chatham","county_norm":"CHATHAM","prec_id":"4-12C","precinct_name":"Chatham - 4-12C","precinct_norm":"CHATHAM - 4-12C","precinct_full_name":"St Peters Episcopal","has_polygon":true},"geometry":{"type":"Point","coordinates":[-80.96816417621497,31.910022]}},{"type":"Feature","properties":{"id":"2024-13051-4-10C","county_nam":"Chatham","county_norm":"CHATHAM","prec_id":"4-10C","precinct_name":"Chatham - 4-10C","precinct_norm":"CHATHAM - 4-10C","precinct_full_name":"Burke Day Public Safety Bldg","has_polygon":true},"geometry":{"type":"Point","coordinates":[-80.85947890334532,31.967848500000002]}},{"type":"Feature","properties":{"id":"2024-13051-7-14C","county_nam":"Chatham","county_norm":"CHATHAM","prec_id":"7-14C","precinct_name":"Chatham - 7-14C","precinct_norm":"CHATHAM - 7-14C","precinct_full_name":"Coastal Cathedral","has_polygon":true},"geometry":{"type":"Point","coordinates":[-81.23595599479805,32.038765999999995]}},{"type":"Feature","properties":{"id":"2024-13051-7-10C","county_nam":"Chatham","county_norm":"CHATHAM","prec_id":"7-10C","precinct_name":"Chatham - 7-10C","precinct_norm":"CHATHAM - 7-10C","precinct_full_name":"Progressive Recreation Center","has_polygon":true},"geometry":{"type":"Point","coordinates":[-81.21679880327869,32.0118325]}},{"type":"Feature","properties":{"id":"2024-13051-7-16C","county_nam":"Chatham","county_norm":"CHATHAM","prec_id":"7-16C","precinct_name":"Chatham - 7-16C","precinct_norm":"CHATHAM - 7-16C","precinct_full_name":"Pooler Recreation Center Gymnasium","has_polygon":true},"geometry":{"type":"Point","coordinates":[-81.26184682799064,32.0629125]}},{"type":"Feature","properties":{"id":"2024-13051-7-06C","county_nam":"Chatham","county_norm":"CHATHAM","prec_id":"7-06C","precinct_name":"Chatham - 7-06C","precinct_norm":"CHATHAM - 7-06C","precinct_full_name":"1ST Baptist Church Of Pooler","has_polygon":true},"geometry":{"type":"Point","coordinates":[-81.23831079340643,32.09726]}},{"type":"Feature","properties":{"id":"2024-13051-7-13C","county_nam":"Chatham","county_norm":"CHATHAM","prec_id":"7-13C","precinct_name":"Chatham - 7-13C","precinct_norm":"CHATHAM - 7-13C","precinct_full_name":"Southside Fire Training Center","has_polygon":true},"geometry":{"type":"Point","coordinates":[-81.22515967962107,32.05806]}},{"type":"Feature","properties":{"id":"2024-13051-6-08C","county_nam":"Chatham","county_norm":"CHATHAM","prec_id":"6-08C","precinct_name":"Chatham - 6-08C","precinct_norm":"CHATHAM - 6-08C","precinct_full_name":"Christ Memorial Baptist Church","has_polygon":true},"geometry":{"type":"Point","coordinates":[-81.16661598395402,31.988554]}},{"type":"Feature","properties":{"id":"2024-13051-5-06C","county_nam":"Chatham","county_norm":"CHATHAM","prec_id":"5-06C","precinct_name":"Chatham - 5-06C","precinct_norm":"CHATHAM - 5-06C","precinct_full_name":"Seed Church","has_polygon":true},"geometry":{"type":"Point","coordinates":[-81.14224178443465,32.016789]}},{"type":"Feature","properties":{"id":"2024-13051-5-07C","county_nam":"Chatham","county_norm":"CHATHAM","prec_id":"5-07C","precinct_name":"Chatham - 5-07C","precinct_norm":"CHATHAM - 5-07C","precinct_full_name":"Elks Lodge","has_polygon":true},"geometry":{"type":"Point","coordinates":[-81.14189884853343,31.982945]}},{"type":"Feature","properties":{"id":"2024-13051-5-08C","county_nam":"Chatham","county_norm":"CHATHAM","prec_id":"5-08C","precinct_name":"Chatham - 5-08C","precinct_norm":"CHATHAM - 5-08C","precinct_full_name":"Savannah Primitive Baptist Church","has_polygon":true},"geometry":{"type":"Point","coordinates":[-81.14368606093899,31.989133000000002]}},{"type":"Feature","properties":{"id":"2024-13051-5-11C","county_nam":"Chatham","county_norm":"CHATHAM","prec_id":"5-11C","precinct_name":"Chatham - 5-11C","precinct_norm":"CHATHAM - 5-11C","precinct_full_name":"Largo-Tibet Elementa","has_polygon":true},"geometry":{"type":"Point","coordinates":[-81.13743238527083,31.995746]}},{"type":"Feature","properties":{"id":"2024-13051-8-03C","county_nam":"Chatham","county_norm":"CHATHAM","prec_id":"8-03C","precinct_name":"Chatham - 8-03C","precinct_norm":"CHATHAM - 8-03C","precinct_full_name":"Silk Hope Baptist Church","has_polygon":true},"geometry":{"type":"Point","coordinates":[-81.18394577398428,32.042936499999996]}},{"type":"Feature","properties":{"id":"2024-13051-7-05C","county_nam":"Chatham","county_norm":"CHATHAM","prec_id":"7-05C","precinct_name":"Chatham - 7-05C","precinct_norm":"CHATHAM - 7-05C","precinct_full_name":"Woodlawn Baptist Church","has_polygon":true},"geometry":{"type":"Point","coordinates":[-81.17869434244353,32.0981245]}},{"type":"Feature","properties":{"id":"2024-13051-8-12C","county_nam":"Chatham","county_norm":"CHATHAM","prec_id":"8-12C","precinct_name":"Chatham - 8-12C","precinct_norm":"CHATHAM - 8-12C","precinct_full_name":"Beach High School","has_polygon":true},"geometry":{"type":"Point","coordinates":[-81.14891137276862,32.0585395]}},{"type":"Feature","properties":{"id":"2024-13051-8-15C","county_nam":"Chatham","county_norm":"CHATHAM","prec_id":"8-15C","precinct_name":"Chatham - 8-15C","precinct_norm":"CHATHAM - 8-15C","precinct_full_name":"Cooper Center","has_polygon":true},"geometry":{"type":"Point","coordinates":[-81.13846598103348,32.1104385]}},{"type":"Feature","properties":{"id":"2024-13051-7-07C","county_nam":"Chatham","county_norm":"CHATHAM","prec_id":"7-07C","precinct_name":"Chatham - 7-07C","precinct_norm":"CHATHAM - 7-07C","precinct_full_name":"Rothwell Baptist Church","has_polygon":true},"geometry":{"type":"Point","coordinates":[-81.25891439451624,32.128092]}},{"type":"Feature","properties":{"id":"2024-13051-8-16C","county_nam":"Chatham","county_norm":"CHATHAM","prec_id":"8-16C","precinct_name":"Chatham - 8-16C","precinct_norm":"CHATHAM - 8-16C","precinct_full_name":"Mighty 8TH Museum","has_polygon":true},"geometry":{"type":"Point","coordinates":[-81.26138523908027,32.1555415]}},{"type":"Feature","properties":{"id":"2024-13051-8-17C","county_nam":"Chatham","county_norm":"CHATHAM","prec_id":"8-17C","precinct_name":"Chatham - 8-17C","precinct_norm":"CHATHAM - 8-17C","precinct_full_name":"Georgia Tech, Savannah Campus","has_polygon":true},"geometry":{"type":"Point","coordinates":[-81.24924935120475,32.172491]}},{"type":"Feature","properties":{"id":"2024-13051-8-18C","county_nam":"Chatham","county_norm":"CHATHAM","prec_id":"8-18C","precinct_name":"Chatham - 8-18C","precinct_norm":"CHATHAM - 8-18C","precinct_full_name":"Savannah First Seventh Day Adventist Church","has_polygon":true},"geometry":{"type":"Point","coordinates":[-81.21939696891909,32.1362335]}},{"type":"Feature","properties":{"id":"2024-13103-2B","county_nam":"Effingham","county_norm":"EFFINGHAM","prec_id":"2B","precinct_name":"Effingham - 2B","precinct_norm":"EFFINGHAM - 2B","precinct_full_name":"St. Luke's Episcopal Church","has_polygon":true},"geometry":{"type":"Point","coordinates":[-81.23441780168277,32.2267785]}},{"type":"Feature","properties":{"id":"2024-13051-7-15C","county_nam":"Chatham","county_norm":"CHATHAM","prec_id":"7-15C","precinct_name":"Chatham - 7-15C","precinct_norm":"CHATHAM - 7-15C","precinct_full_name":"Rice Creek School","has_polygon":true},"geometry":{"type":"Point","coordinates":[-81.19833018763165,32.2145485]}},{"type":"Feature","properties":{"id":"2024-13051-7-11C","county_nam":"Chatham","county_norm":"CHATHAM","prec_id":"7-11C","precinct_name":"Chatham - 7-11C","precinct_norm":"CHATHAM - 7-11C","precinct_full_name":"Savannah Fire Station #14","has_polygon":true},"geometry":{"type":"Point","coordinates":[-81.2218133352078,32.176092999999995]}},{"type":"Feature","properties":{"id":"2024-13051-7-01C","county_nam":"Chatham","county_norm":"CHATHAM","prec_id":"7-01C","precinct_name":"Chatham - 7-01C","precinct_norm":"CHATHAM - 7-01C","precinct_full_name":"First Baptist Church Of Garden City","has_polygon":true},"geometry":{"type":"Point","coordinates":[-81.16010344548488,32.1200275]}},{"type":"Feature","properties":{"id":"2024-13051-7-03C","county_nam":"Chatham","county_norm":"CHATHAM","prec_id":"7-03C","precinct_name":"Chatham - 7-03C","precinct_norm":"CHATHAM - 7-03C","precinct_full_name":"Pb Edwards Gymnasium","has_polygon":true},"geometry":{"type":"Point","coordinates":[-81.15985037442954,32.1466465]}},{"type":"Feature","properties":{"id":"2024-13051-7-04C","county_nam":"Chatham","county_norm":"CHATHAM","prec_id":"7-04C","precinct_name":"Chatham - 7-04C","precinct_norm":"CHATHAM - 7-04C","precinct_full_name":"Lake Shore Community Center","has_polygon":true},"geometry":{"type":"Point","coordinates":[-81.18136493128249,32.188897499999996]}},{"type":"Feature","properties":{"id":"2024-13051-6-06C","county_nam":"Chatham","county_norm":"CHATHAM","prec_id":"6-06C","precinct_name":"Chatham - 6-06C","precinct_norm":"CHATHAM - 6-06C","precinct_full_name":"The Light Church","has_polygon":true},"geometry":{"type":"Point","coordinates":[-81.10945403308575,31.9922465]}},{"type":"Feature","properties":{"id":"2024-13051-1-09C","county_nam":"Chatham","county_norm":"CHATHAM","prec_id":"1-09C","precinct_name":"Chatham - 1-09C","precinct_norm":"CHATHAM - 1-09C","precinct_full_name":"Immanuel Baptist Church","has_polygon":true},"geometry":{"type":"Point","coordinates":[-81.12005011528565,32.001073500000004]}},{"type":"Feature","properties":{"id":"2024-13051-5-05C","county_nam":"Chatham","county_norm":"CHATHAM","prec_id":"5-05C","precinct_name":"Chatham - 5-05C","precinct_norm":"CHATHAM - 5-05C","precinct_full_name":"Liberty City Community Center","has_polygon":true},"geometry":{"type":"Point","coordinates":[-81.13106588655955,32.044886500000004]}},{"type":"Feature","properties":{"id":"2024-13135-60","county_nam":"Gwinnett","county_norm":"GWINNETT","prec_id":"60","precinct_name":"Gwinnett - 60","precinct_norm":"GWINNETT - 60","precinct_full_name":"Lawrenceville D","has_polygon":true},"geometry":{"type":"Point","coordinates":[-83.98265141378342,33.9617395]}},{"type":"Feature","properties":{"id":"2024-13135-42","county_nam":"Gwinnett","county_norm":"GWINNETT","prec_id":"42","precinct_name":"Gwinnett - 42","precinct_norm":"GWINNETT - 42","precinct_full_name":"Lawrenceville C","has_polygon":true},"geometry":{"type":"Point","coordinates":[-83.97093474601314,33.9955085]}},{"type":"Feature","properties":{"id":"2024-13135-70","county_nam":"Gwinnett","county_norm":"GWINNETT","prec_id":"70","precinct_name":"Gwinnett - 70","precinct_norm":"GWINNETT - 70","precinct_full_name":"Goodwins B","has_polygon":true},"geometry":{"type":"Point","coordinates":[-84.00664459491502,34.02466]}},{"type":"Feature","properties":{"id":"2024-13135-26","county_nam":"Gwinnett","county_norm":"GWINNETT","prec_id":"26","precinct_name":"Gwinnett - 26","precinct_norm":"GWINNETT - 26","precinct_full_name":"Hog Mountain A","has_polygon":true},"geometry":{"type":"Point","coordinates":[-84.0121635744883,34.0417945]}},{"type":"Feature","properties":{"id":"2024-13135-31","county_nam":"Gwinnett","county_norm":"GWINNETT","prec_id":"31","precinct_name":"Gwinnett - 31","precinct_norm":"GWINNETT - 31","precinct_full_name":"Hog Mountain D","has_polygon":true},"geometry":{"type":"Point","coordinates":[-83.97606401711028,34.022738000000004]}},{"type":"Feature","properties":{"id":"2024-13135-136","county_nam":"Gwinnett","county_norm":"GWINNETT","prec_id":"136","precinct_name":"Gwinnett - 136","precinct_norm":"GWINNETT - 136","precinct_full_name":"Hog Mountain C","has_polygon":true},"geometry":{"type":"Point","coordinates":[-83.96170343793104,34.049457000000004]}},{"type":"Feature","properties":{"id":"2024-13135-67","county_nam":"Gwinnett","county_norm":"GWINNETT","prec_id":"67","precinct_name":"Gwinnett - 67","precinct_norm":"GWINNETT - 67","precinct_full_name":"Pucketts E","has_polygon":true},"geometry":{"type":"Point","coordinates":[-83.96491830279874,34.075649999999996]}},{"type":"Feature","properties":{"id":"2024-13135-71","county_nam":"Gwinnett","county_norm":"GWINNETT","prec_id":"71","precinct_name":"Gwinnett - 71","precinct_norm":"GWINNETT - 71","precinct_full_name":"Lawrenceville F","has_polygon":true},"geometry":{"type":"Point","coordinates":[-83.94140770376711,33.9487095]}},{"type":"Feature","properties":{"id":"2024-13135-144","county_nam":"Gwinnett","county_norm":"GWINNETT","prec_id":"144","precinct_name":"Gwinnett - 144","precinct_norm":"GWINNETT - 144","precinct_full_name":"Lawrenceville M","has_polygon":true},"geometry":{"type":"Point","coordinates":[-83.94187463091552,33.9669655]}},{"type":"Feature","properties":{"id":"2024-13135-27","county_nam":"Gwinnett","county_norm":"GWINNETT","prec_id":"27","precinct_name":"Gwinnett - 27","precinct_norm":"GWINNETT - 27","precinct_full_name":"Hog Mountain B","has_polygon":true},"geometry":{"type":"Point","coordinates":[-83.95050943032032,34.0065075]}},{"type":"Feature","properties":{"id":"2024-13135-3","county_nam":"Gwinnett","county_norm":"GWINNETT","prec_id":"3","precinct_name":"Gwinnett - 3","precinct_norm":"GWINNETT - 3","precinct_full_name":"Dacula","has_polygon":true},"geometry":{"type":"Point","coordinates":[-83.90885677888053,33.988862499999996]}},{"type":"Feature","properties":{"id":"2024-13135-152","county_nam":"Gwinnett","county_norm":"GWINNETT","prec_id":"152","precinct_name":"Gwinnett - 152","precinct_norm":"GWINNETT - 152","precinct_full_name":"Rockycreek C","has_polygon":true},"geometry":{"type":"Point","coordinates":[-83.92424066665627,34.018924999999996]}},{"type":"Feature","properties":{"id":"2024-13135-137","county_nam":"Gwinnett","county_norm":"GWINNETT","prec_id":"137","precinct_name":"Gwinnett - 137","precinct_norm":"GWINNETT - 137","precinct_full_name":"Rockycreek B","has_polygon":true},"geometry":{"type":"Point","coordinates":[-83.93182357597546,34.036606500000005]}},{"type":"Feature","properties":{"id":"2024-13135-154","county_nam":"Gwinnett","county_norm":"GWINNETT","prec_id":"154","precinct_name":"Gwinnett - 154","precinct_norm":"GWINNETT - 154","precinct_full_name":"Pucketts D","has_polygon":true},"geometry":{"type":"Point","coordinates":[-83.93123945988201,34.0731675]}},{"type":"Feature","properties":{"id":"2024-13135-8","county_nam":"Gwinnett","county_norm":"GWINNETT","prec_id":"8","precinct_name":"Gwinnett - 8","precinct_norm":"GWINNETT - 8","precinct_full_name":"Duncans A","has_polygon":true},"geometry":{"type":"Point","coordinates":[-83.91535258734643,34.057156]}},{"type":"Feature","properties":{"id":"2024-13135-13","county_nam":"Gwinnett","county_norm":"GWINNETT","prec_id":"13","precinct_name":"Gwinnett - 13","precinct_norm":"GWINNETT - 13","precinct_full_name":"Duncans C","has_polygon":true},"geometry":{"type":"Point","coordinates":[-83.88880775359836,34.054292000000004]}},{"type":"Feature","properties":{"id":"2024-13121-RW09A","county_nam":"Fulton","county_norm":"FULTON","prec_id":"RW09A","precinct_name":"Fulton - RW09A","precinct_norm":"FULTON - RW09A","precinct_full_name":"RW09A","has_polygon":true},"geometry":{"type":"Point","coordinates":[-84.40755473430931,34.1010665]}},{"type":"Feature","properties":{"id":"2024-13121-ML01B","county_nam":"Fulton","county_norm":"FULTON","prec_id":"ML01B","precinct_name":"Fulton - ML01B","precinct_norm":"FULTON - ML01B","precinct_full_name":"Milton Library","has_polygon":true},"geometry":{"type":"Point","coordinates":[-84.38624497341792,34.098676]}},{"type":"Feature","properties":{"id":"2024-13057-28","county_nam":"Cherokee","county_norm":"CHEROKEE","prec_id":"28","precinct_name":"Cherokee - 28","precinct_norm":"CHEROKEE - 28","precinct_full_name":"Mountain Road","has_polygon":true},"geometry":{"type":"Point","coordinates":[-84.3925011896734,34.139031]}},{"type":"Feature","properties":{"id":"2024-13121-RW19","county_nam":"Fulton","county_norm":"FULTON","prec_id":"RW19","precinct_name":"Fulton - RW19","precinct_norm":"FULTON - RW19","precinct_full_name":"North River Baptist Church","has_polygon":true},"geometry":{"type":"Point","coordinates":[-84.36824264587074,34.083619]}},{"type":"Feature","properties":{"id":"2024-13121-ML01C","county_nam":"Fulton","county_norm":"FULTON","prec_id":"ML01C","precinct_name":"Fulton - ML01C","precinct_norm":"FULTON - ML01C","precinct_full_name":"ML01C","has_polygon":true},"geometry":{"type":"Point","coordinates":[-84.3595386101034,34.0868795]}},{"type":"Feature","properties":{"id":"2024-13121-AP04A","county_nam":"Fulton","county_norm":"FULTON","prec_id":"AP04A","precinct_name":"Fulton - AP04A","precinct_norm":"FULTON - AP04A","precinct_full_name":"Alpharetta Crabapple Gov Center","has_polygon":true},"geometry":{"type":"Point","coordinates":[-84.35259808128642,34.081096]}},{"type":"Feature","properties":{"id":"2024-13121-ML01A","county_nam":"Fulton","county_norm":"FULTON","prec_id":"ML01A","precinct_name":"Fulton - ML01A","precinct_norm":"FULTON - ML01A","precinct_full_name":"ML01A","has_polygon":true},"geometry":{"type":"Point","coordinates":[-84.34587477269939,34.0993955]}},{"type":"Feature","properties":{"id":"2024-13057-3","county_nam":"Cherokee","county_norm":"CHEROKEE","prec_id":"3","precinct_name":"Cherokee - 3","precinct_norm":"CHEROKEE - 3","precinct_full_name":"Avery","has_polygon":true},"geometry":{"type":"Point","coordinates":[-84.3986215598417,34.1745805]}},{"type":"Feature","properties":{"id":"2024-13121-AP04B","county_nam":"Fulton","county_norm":"FULTON","prec_id":"AP04B","precinct_name":"Fulton - AP04B","precinct_norm":"FULTON - AP04B","precinct_full_name":"Alpharetta Crabapple Gov Center","has_polygon":true},"geometry":{"type":"Point","coordinates":[-84.33318808295711,34.079620000000006]}},{"type":"Feature","properties":{"id":"2024-13121-AP06","county_nam":"Fulton","county_norm":"FULTON","prec_id":"AP06","precinct_name":"Fulton - AP06","precinct_norm":"FULTON - AP06","precinct_full_name":"Alpharetta Crabapple Gov Center","has_polygon":true},"geometry":{"type":"Point","coordinates":[-84.32592215438333,34.089802000000006]}},{"type":"Feature","properties":{"id":"2024-13121-AP07C","county_nam":"Fulton","county_norm":"FULTON","prec_id":"AP07C","precinct_name":"Fulton - AP07C","precinct_norm":"FULTON - AP07C","precinct_full_name":"AP07C","has_polygon":true},"geometry":{"type":"Point","coordinates":[-84.31246263074155,34.095708]}},{"type":"Feature","properties":{"id":"2024-13121-ML02B","county_nam":"Fulton","county_norm":"FULTON","prec_id":"ML02B","precinct_name":"Fulton - ML02B","precinct_norm":"FULTON - ML02B","precinct_full_name":"ML02B","has_polygon":true},"geometry":{"type":"Point","coordinates":[-84.34108756715005,34.1153125]}},{"type":"Feature","properties":{"id":"2024-13121-ML03A","county_nam":"Fulton","county_norm":"FULTON","prec_id":"ML03A","precinct_name":"Fulton - ML03A","precinct_norm":"FULTON - ML03A","precinct_full_name":"ML03A","has_polygon":true},"geometry":{"type":"Point","coordinates":[-84.31629526993534,34.126258]}},{"type":"Feature","properties":{"id":"2024-13121-AP10","county_nam":"Fulton","county_norm":"FULTON","prec_id":"AP10","precinct_name":"Fulton - AP10","precinct_norm":"FULTON - AP10","precinct_full_name":"Alpharetta Library","has_polygon":true},"geometry":{"type":"Point","coordinates":[-84.30192828233072,34.0903735]}},{"type":"Feature","properties":{"id":"2024-13121-AP07A","county_nam":"Fulton","county_norm":"FULTON","prec_id":"AP07A","precinct_name":"Fulton - AP07A","precinct_norm":"FULTON - AP07A","precinct_full_name":"Alpharetta Elementary","has_polygon":true},"geometry":{"type":"Point","coordinates":[-84.27980262769236,34.0868205]}},{"type":"Feature","properties":{"id":"2024-13121-ML04","county_nam":"Fulton","county_norm":"FULTON","prec_id":"ML04","precinct_name":"Fulton - ML04","precinct_norm":"FULTON - ML04","precinct_full_name":"ML04","has_polygon":true},"geometry":{"type":"Point","coordinates":[-84.29887665624999,34.115311500000004]}},{"type":"Feature","properties":{"id":"2024-13121-AP07B","county_nam":"Fulton","county_norm":"FULTON","prec_id":"AP07B","precinct_name":"Fulton - AP07B","precinct_norm":"FULTON - AP07B","precinct_full_name":"Alpharetta Elementary","has_polygon":true},"geometry":{"type":"Point","coordinates":[-84.28138451022824,34.114104]}},{"type":"Feature","properties":{"id":"2024-13121-ML02A","county_nam":"Fulton","county_norm":"FULTON","prec_id":"ML02A","precinct_name":"Fulton - ML02A","precinct_norm":"FULTON - ML02A","precinct_full_name":"ML02A","has_polygon":true},"geometry":{"type":"Point","coordinates":[-84.35146284626549,34.150538]}},{"type":"Feature","properties":{"id":"2024-13057-38","county_nam":"Cherokee","county_norm":"CHEROKEE","prec_id":"38","precinct_name":"Cherokee - 38","precinct_norm":"CHEROKEE - 38","precinct_full_name":"Union Hill","has_polygon":true},"geometry":{"type":"Point","coordinates":[-84.34581340494401,34.201803999999996]}},{"type":"Feature","properties":{"id":"2024-13121-ML03","county_nam":"Fulton","county_norm":"FULTON","prec_id":"ML03","precinct_name":"Fulton - ML03","precinct_norm":"FULTON - ML03","precinct_full_name":"Hopewell Baptist Church","has_polygon":true},"geometry":{"type":"Point","coordinates":[-84.30911350806454,34.154919]}},{"type":"Feature","properties":{"id":"2024-13121-ML07A","county_nam":"Fulton","county_norm":"FULTON","prec_id":"ML07A","precinct_name":"Fulton - ML07A","precinct_norm":"FULTON - ML07A","precinct_full_name":"Hopewell Baptist Church","has_polygon":true},"geometry":{"type":"Point","coordinates":[-84.30525452113142,34.174417]}},{"type":"Feature","properties":{"id":"2024-13057-27","county_nam":"Cherokee","county_norm":"CHEROKEE","prec_id":"27","precinct_name":"Cherokee - 27","precinct_norm":"CHEROKEE - 27","precinct_full_name":"Macedonia","has_polygon":true},"geometry":{"type":"Point","coordinates":[-84.37855580141851,34.2293815]}},{"type":"Feature","properties":{"id":"2024-13057-4","county_nam":"Cherokee","county_norm":"CHEROKEE","prec_id":"4","precinct_name":"Cherokee - 4","precinct_norm":"CHEROKEE - 4","precinct_full_name":"Ball Ground","has_polygon":true},"geometry":{"type":"Point","coordinates":[-84.38119428311035,34.3372985]}},{"type":"Feature","properties":{"id":"2024-13057-20","county_nam":"Cherokee","county_norm":"CHEROKEE","prec_id":"20","precinct_name":"Cherokee - 20","precinct_norm":"CHEROKEE - 20","precinct_full_name":"Hightower","has_polygon":true},"geometry":{"type":"Point","coordinates":[-84.35028287124288,34.2821025]}},{"type":"Feature","properties":{"id":"2024-13057-18","county_nam":"Cherokee","county_norm":"CHEROKEE","prec_id":"18","precinct_name":"Cherokee - 18","precinct_norm":"CHEROKEE - 18","precinct_full_name":"Free Home","has_polygon":true},"geometry":{"type":"Point","coordinates":[-84.29206007733924,34.240427]}},{"type":"Feature","properties":{"id":"2024-13121-ML06A","county_nam":"Fulton","county_norm":"FULTON","prec_id":"ML06A","precinct_name":"Fulton - ML06A","precinct_norm":"FULTON - ML06A","precinct_full_name":"Manning Oaks Elementary","has_polygon":true},"geometry":{"type":"Point","coordinates":[-84.26517105570521,34.0960025]}},{"type":"Feature","properties":{"id":"2024-13121-AP12D","county_nam":"Fulton","county_norm":"FULTON","prec_id":"AP12D","precinct_name":"Fulton - AP12D","precinct_norm":"FULTON - AP12D","precinct_full_name":"Alpharetta High School","has_polygon":true},"geometry":{"type":"Point","coordinates":[-84.26283585641698,34.08794]}},{"type":"Feature","properties":{"id":"2024-13121-AP12B","county_nam":"Fulton","county_norm":"FULTON","prec_id":"AP12B","precinct_name":"Fulton - AP12B","precinct_norm":"FULTON - AP12B","precinct_full_name":"Alpharetta High School","has_polygon":true},"geometry":{"type":"Point","coordinates":[-84.250977396698,34.0858165]}},{"type":"Feature","properties":{"id":"2024-13121-ML05","county_nam":"Fulton","county_norm":"FULTON","prec_id":"ML05","precinct_name":"Fulton - ML05","precinct_norm":"FULTON - ML05","precinct_full_name":"ML05","has_polygon":true},"geometry":{"type":"Point","coordinates":[-84.27023013777718,34.1267055]}},{"type":"Feature","properties":{"id":"2024-13121-ML06B","county_nam":"Fulton","county_norm":"FULTON","prec_id":"ML06B","precinct_name":"Fulton - ML06B","precinct_norm":"FULTON - ML06B","precinct_full_name":"Cambridge High School","has_polygon":true},"geometry":{"type":"Point","coordinates":[-84.26071141943939,34.113868]}},{"type":"Feature","properties":{"id":"2024-13121-AP05","county_nam":"Fulton","county_norm":"FULTON","prec_id":"AP05","precinct_name":"Fulton - AP05","precinct_norm":"FULTON - AP05","precinct_full_name":"Creek View Elementary","has_polygon":true},"geometry":{"type":"Point","coordinates":[-84.22220921603324,34.0861665]}},{"type":"Feature","properties":{"id":"2024-13117-2","county_nam":"Forsyth","county_norm":"FORSYTH","prec_id":"2","precinct_name":"Forsyth - 2","precinct_norm":"FORSYTH - 2","precinct_full_name":"Brandywine","has_polygon":true},"geometry":{"type":"Point","coordinates":[-84.24124186461484,34.1224225]}},{"type":"Feature","properties":{"id":"2024-13121-ML07B","county_nam":"Fulton","county_norm":"FULTON","prec_id":"ML07B","precinct_name":"Fulton - ML07B","precinct_norm":"FULTON - ML07B","precinct_full_name":"ML07B","has_polygon":true},"geometry":{"type":"Point","coordinates":[-84.2676630329724,34.1640605]}},{"type":"Feature","properties":{"id":"2024-13117-41","county_nam":"Forsyth","county_norm":"FORSYTH","prec_id":"41","precinct_name":"Forsyth - 41","precinct_norm":"FORSYTH - 41","precinct_full_name":"Grassland","has_polygon":true},"geometry":{"type":"Point","coordinates":[-84.24746081966498,34.158421000000004]}},{"type":"Feature","properties":{"id":"2024-13117-10","county_nam":"Forsyth","county_norm":"FORSYTH","prec_id":"10","precinct_name":"Forsyth - 10","precinct_norm":"FORSYTH - 10","precinct_full_name":"Midway","has_polygon":true},"geometry":{"type":"Point","coordinates":[-84.23531237133028,34.187994]}},{"type":"Feature","properties":{"id":"2024-13121-AP09B","county_nam":"Fulton","county_norm":"FULTON","prec_id":"AP09B","precinct_name":"Fulton - AP09B","precinct_norm":"FULTON - AP09B","precinct_full_name":"Webb Bridge Middle","has_polygon":true},"geometry":{"type":"Point","coordinates":[-84.20346414466783,34.0814825]}},{"type":"Feature","properties":{"id":"2024-13121-JC04C","county_nam":"Fulton","county_norm":"FULTON","prec_id":"JC04C","precinct_name":"Fulton - JC04C","precinct_norm":"FULTON - JC04C","precinct_full_name":"JC04C","has_polygon":true},"geometry":{"type":"Point","coordinates":[-84.19947993094405,34.079236]}},{"type":"Feature","properties":{"id":"2024-13117-1","county_nam":"Forsyth","county_norm":"FORSYTH","prec_id":"1","precinct_name":"Forsyth - 1","precinct_norm":"FORSYTH - 1","precinct_full_name":"Big Creek","has_polygon":true},"geometry":{"type":"Point","coordinates":[-84.20430809190222,34.1103805]}},{"type":"Feature","properties":{"id":"2024-13117-21","county_nam":"Forsyth","county_norm":"FORSYTH","prec_id":"21","precinct_name":"Forsyth - 21","precinct_norm":"FORSYTH - 21","precinct_full_name":"South Forsyth","has_polygon":true},"geometry":{"type":"Point","coordinates":[-84.16524942655059,34.11259]}},{"type":"Feature","properties":{"id":"2024-13117-34","county_nam":"Forsyth","county_norm":"FORSYTH","prec_id":"34","precinct_name":"Forsyth - 34","precinct_norm":"FORSYTH - 34","precinct_full_name":"Fowler","has_polygon":true},"geometry":{"type":"Point","coordinates":[-84.19783904693954,34.1636805]}},{"type":"Feature","properties":{"id":"2024-13117-46","county_nam":"Forsyth","county_norm":"FORSYTH","prec_id":"46","precinct_name":"Forsyth - 46","precinct_norm":"FORSYTH - 46","precinct_full_name":"Sawmill Branch","has_polygon":true},"geometry":{"type":"Point","coordinates":[-84.18301244186853,34.200788]}},{"type":"Feature","properties":{"id":"2024-13117-38","county_nam":"Forsyth","county_norm":"FORSYTH","prec_id":"38","precinct_name":"Forsyth - 38","precinct_norm":"FORSYTH - 38","precinct_full_name":"Daves Creek","has_polygon":true},"geometry":{"type":"Point","coordinates":[-84.16876559483762,34.149332]}},{"type":"Feature","properties":{"id":"2024-13117-43","county_nam":"Forsyth","county_norm":"FORSYTH","prec_id":"43","precinct_name":"Forsyth - 43","precinct_norm":"FORSYTH - 43","precinct_full_name":"Lakeland","has_polygon":true},"geometry":{"type":"Point","coordinates":[-84.16470179158416,34.1818615]}},{"type":"Feature","properties":{"id":"2024-13117-40","county_nam":"Forsyth","county_norm":"FORSYTH","prec_id":"40","precinct_name":"Forsyth - 40","precinct_norm":"FORSYTH - 40","precinct_full_name":"West Forsyth","has_polygon":true},"geometry":{"type":"Point","coordinates":[-84.24282688160362,34.2387215]}},{"type":"Feature","properties":{"id":"2024-13117-15","county_nam":"Forsyth","county_norm":"FORSYTH","prec_id":"15","precinct_name":"Forsyth - 15","precinct_norm":"FORSYTH - 15","precinct_full_name":"Heardsville","has_polygon":true},"geometry":{"type":"Point","coordinates":[-84.21699431241456,34.2756675]}},{"type":"Feature","properties":{"id":"2024-13117-49","county_nam":"Forsyth","county_norm":"FORSYTH","prec_id":"49","precinct_name":"Forsyth - 49","precinct_norm":"FORSYTH - 49","precinct_full_name":"Cheatam Creek","has_polygon":true},"geometry":{"type":"Point","coordinates":[-84.20488688986015,34.225347]}},{"type":"Feature","properties":{"id":"2024-13117-45","county_nam":"Forsyth","county_norm":"FORSYTH","prec_id":"45","precinct_name":"Forsyth - 45","precinct_norm":"FORSYTH - 45","precinct_full_name":"Mountainside","has_polygon":true},"geometry":{"type":"Point","coordinates":[-84.19313382014089,34.24974]}},{"type":"Feature","properties":{"id":"2024-13117-51","county_nam":"Forsyth","county_norm":"FORSYTH","prec_id":"51","precinct_name":"Forsyth - 51","precinct_norm":"FORSYTH - 51","precinct_full_name":"Matt","has_polygon":true},"geometry":{"type":"Point","coordinates":[-84.18191276823106,34.309459000000004]}},{"type":"Feature","properties":{"id":"2024-13135-35","county_nam":"Gwinnett","county_norm":"GWINNETT","prec_id":"35","precinct_name":"Gwinnett - 35","precinct_norm":"GWINNETT - 35","precinct_full_name":"Cates D","has_polygon":true},"geometry":{"type":"Point","coordinates":[-84.04829940878567,33.864359]}},{"type":"Feature","properties":{"id":"2024-13135-44","county_nam":"Gwinnett","county_norm":"GWINNETT","prec_id":"44","precinct_name":"Gwinnett - 44","precinct_norm":"GWINNETT - 44","precinct_full_name":"Rockbridge B","has_polygon":true},"geometry":{"type":"Point","coordinates":[-84.04498596937303,33.835702999999995]}},{"type":"Feature","properties":{"id":"2024-13135-53","county_nam":"Gwinnett","county_norm":"GWINNETT","prec_id":"53","precinct_name":"Gwinnett - 53","precinct_norm":"GWINNETT - 53","precinct_full_name":"Cates H","has_polygon":true},"geometry":{"type":"Point","coordinates":[-84.0226666331665,33.841569500000006]}},{"type":"Feature","properties":{"id":"2024-13135-46","county_nam":"Gwinnett","county_norm":"GWINNETT","prec_id":"46","precinct_name":"Gwinnett - 46","precinct_norm":"GWINNETT - 46","precinct_full_name":"Cates F","has_polygon":true},"geometry":{"type":"Point","coordinates":[-84.02805095370371,33.862979499999994]}},{"type":"Feature","properties":{"id":"2024-13135-47","county_nam":"Gwinnett","county_norm":"GWINNETT","prec_id":"47","precinct_name":"Gwinnett - 47","precinct_norm":"GWINNETT - 47","precinct_full_name":"Cates G","has_polygon":true},"geometry":{"type":"Point","coordinates":[-84.02760756615776,33.881464]}},{"type":"Feature","properties":{"id":"2024-13135-29","county_nam":"Gwinnett","county_norm":"GWINNETT","prec_id":"29","precinct_name":"Gwinnett - 29","precinct_norm":"GWINNETT - 29","precinct_full_name":"Cates B","has_polygon":true},"geometry":{"type":"Point","coordinates":[-84.06655341656695,33.8938795]}},{"type":"Feature","properties":{"id":"2024-13135-79","county_nam":"Gwinnett","county_norm":"GWINNETT","prec_id":"79","precinct_name":"Gwinnett - 79","precinct_norm":"GWINNETT - 79","precinct_full_name":"Cates K","has_polygon":true},"geometry":{"type":"Point","coordinates":[-84.05197196017093,33.9049375]}},{"type":"Feature","properties":{"id":"2024-13135-139","county_nam":"Gwinnett","county_norm":"GWINNETT","prec_id":"139","precinct_name":"Gwinnett - 139","precinct_norm":"GWINNETT - 139","precinct_full_name":"Martins K","has_polygon":true},"geometry":{"type":"Point","coordinates":[-84.06224679034621,33.9145465]}},{"type":"Feature","properties":{"id":"2024-13135-115","county_nam":"Gwinnett","county_norm":"GWINNETT","prec_id":"115","precinct_name":"Gwinnett - 115","precinct_norm":"GWINNETT - 115","precinct_full_name":"Martins H","has_polygon":true},"geometry":{"type":"Point","coordinates":[-84.06387934862147,33.933552500000005]}},{"type":"Feature","properties":{"id":"2024-13135-68","county_nam":"Gwinnett","county_norm":"GWINNETT","prec_id":"68","precinct_name":"Gwinnett - 68","precinct_norm":"GWINNETT - 68","precinct_full_name":"Cates I","has_polygon":true},"geometry":{"type":"Point","coordinates":[-84.05119949704493,33.883877999999996]}},{"type":"Feature","properties":{"id":"2024-13135-93","county_nam":"Gwinnett","county_norm":"GWINNETT","prec_id":"93","precinct_name":"Gwinnett - 93","precinct_norm":"GWINNETT - 93","precinct_full_name":"Cates M","has_polygon":true},"geometry":{"type":"Point","coordinates":[-84.03049027219075,33.9015835]}},{"type":"Feature","properties":{"id":"2024-13135-127","county_nam":"Gwinnett","county_norm":"GWINNETT","prec_id":"127","precinct_name":"Gwinnett - 127","precinct_norm":"GWINNETT - 127","precinct_full_name":"Lawrenceville J","has_polygon":true},"geometry":{"type":"Point","coordinates":[-84.03811032018132,33.920673]}},{"type":"Feature","properties":{"id":"2024-13135-18","county_nam":"Gwinnett","county_norm":"GWINNETT","prec_id":"18","precinct_name":"Gwinnett - 18","precinct_norm":"GWINNETT - 18","precinct_full_name":"Martins B","has_polygon":true},"geometry":{"type":"Point","coordinates":[-84.04590692289311,33.9439485]}},{"type":"Feature","properties":{"id":"2024-13135-84","county_nam":"Gwinnett","county_norm":"GWINNETT","prec_id":"84","precinct_name":"Gwinnett - 84","precinct_norm":"GWINNETT - 84","precinct_full_name":"Lawrenceville G","has_polygon":true},"geometry":{"type":"Point","coordinates":[-84.02831279439562,33.925671]}},{"type":"Feature","properties":{"id":"2024-13135-150","county_nam":"Gwinnett","county_norm":"GWINNETT","prec_id":"150","precinct_name":"Gwinnett - 150","precinct_norm":"GWINNETT - 150","precinct_full_name":"Duluth K","has_polygon":true},"geometry":{"type":"Point","coordinates":[-84.1436640736386,33.954218499999996]}},{"type":"Feature","properties":{"id":"2024-13135-48","county_nam":"Gwinnett","county_norm":"GWINNETT","prec_id":"48","precinct_name":"Gwinnett - 48","precinct_norm":"GWINNETT - 48","precinct_full_name":"Duluth B","has_polygon":true},"geometry":{"type":"Point","coordinates":[-84.12938354308636,33.98131600000001]}},{"type":"Feature","properties":{"id":"2024-13135-96","county_nam":"Gwinnett","county_norm":"GWINNETT","prec_id":"96","precinct_name":"Gwinnett - 96","precinct_norm":"GWINNETT - 96","precinct_full_name":"Duluth G","has_polygon":true},"geometry":{"type":"Point","coordinates":[-84.12949172909444,34.0060785]}},{"type":"Feature","properties":{"id":"2024-13135-72","county_nam":"Gwinnett","county_norm":"GWINNETT","prec_id":"72","precinct_name":"Gwinnett - 72","precinct_norm":"GWINNETT - 72","precinct_full_name":"Martins E","has_polygon":true},"geometry":{"type":"Point","coordinates":[-84.1112529891054,33.952458]}},{"type":"Feature","properties":{"id":"2024-13135-95","county_nam":"Gwinnett","county_norm":"GWINNETT","prec_id":"95","precinct_name":"Gwinnett - 95","precinct_norm":"GWINNETT - 95","precinct_full_name":"Duluth F","has_polygon":true},"geometry":{"type":"Point","coordinates":[-84.08724800601617,33.9785015]}},{"type":"Feature","properties":{"id":"2024-13135-138","county_nam":"Gwinnett","county_norm":"GWINNETT","prec_id":"138","precinct_name":"Gwinnett - 138","precinct_norm":"GWINNETT - 138","precinct_full_name":"Duluth I","has_polygon":true},"geometry":{"type":"Point","coordinates":[-84.1075246930701,33.997367499999996]}},{"type":"Feature","properties":{"id":"2024-13121-JC01A","county_nam":"Fulton","county_norm":"FULTON","prec_id":"JC01A","precinct_name":"Fulton - JC01A","precinct_norm":"FULTON - JC01A","precinct_full_name":"JC01A","has_polygon":true},"geometry":{"type":"Point","coordinates":[-84.12644315208004,34.0425755]}},{"type":"Feature","properties":{"id":"2024-13135-7","county_nam":"Gwinnett","county_norm":"GWINNETT","prec_id":"7","precinct_name":"Gwinnett - 7","precinct_norm":"GWINNETT - 7","precinct_full_name":"Duluth A","has_polygon":true},"geometry":{"type":"Point","coordinates":[-84.1279818591023,34.018867]}},{"type":"Feature","properties":{"id":"2024-13121-JC01","county_nam":"Fulton","county_norm":"FULTON","prec_id":"JC01","precinct_name":"Fulton - JC01","precinct_norm":"FULTON - JC01","precinct_full_name":"River Trail Middle School","has_polygon":true},"geometry":{"type":"Point","coordinates":[-84.14554800856561,34.047636499999996]}},{"type":"Feature","properties":{"id":"2024-13117-19","county_nam":"Forsyth","county_norm":"FORSYTH","prec_id":"19","precinct_name":"Forsyth - 19","precinct_norm":"FORSYTH - 19","precinct_full_name":"Old Atlanta","has_polygon":true},"geometry":{"type":"Point","coordinates":[-84.12095677293934,34.0767595]}},{"type":"Feature","properties":{"id":"2024-13135-155","county_nam":"Gwinnett","county_norm":"GWINNETT","prec_id":"155","precinct_name":"Gwinnett - 155","precinct_norm":"GWINNETT - 155","precinct_full_name":"Suwanee G","has_polygon":true},"geometry":{"type":"Point","coordinates":[-84.09751962886278,34.039614]}},{"type":"Feature","properties":{"id":"2024-13135-140","county_nam":"Gwinnett","county_norm":"GWINNETT","prec_id":"140","precinct_name":"Gwinnett - 140","precinct_norm":"GWINNETT - 140","precinct_full_name":"Suwanee H","has_polygon":true},"geometry":{"type":"Point","coordinates":[-84.10222781660863,34.072340499999996]}},{"type":"Feature","properties":{"id":"2024-13135-17","county_nam":"Gwinnett","county_norm":"GWINNETT","prec_id":"17","precinct_name":"Gwinnett - 17","precinct_norm":"GWINNETT - 17","precinct_full_name":"Martins A","has_polygon":true},"geometry":{"type":"Point","coordinates":[-84.07189757616221,33.9514705]}},{"type":"Feature","properties":{"id":"2024-13135-77","county_nam":"Gwinnett","county_norm":"GWINNETT","prec_id":"77","precinct_name":"Gwinnett - 77","precinct_norm":"GWINNETT - 77","precinct_full_name":"Goodwins C","has_polygon":true},"geometry":{"type":"Point","coordinates":[-84.06466126956558,33.979444]}},{"type":"Feature","properties":{"id":"2024-13135-97","county_nam":"Gwinnett","county_norm":"GWINNETT","prec_id":"97","precinct_name":"Gwinnett - 97","precinct_norm":"GWINNETT - 97","precinct_full_name":"Goodwins E","has_polygon":true},"geometry":{"type":"Point","coordinates":[-84.05859773554562,34.008621500000004]}},{"type":"Feature","properties":{"id":"2024-13135-110","county_nam":"Gwinnett","county_norm":"GWINNETT","prec_id":"110","precinct_name":"Gwinnett - 110","precinct_norm":"GWINNETT - 110","precinct_full_name":"Martins G","has_polygon":true},"geometry":{"type":"Point","coordinates":[-84.02907711658457,33.9528165]}},{"type":"Feature","properties":{"id":"2024-13135-124","county_nam":"Gwinnett","county_norm":"GWINNETT","prec_id":"124","precinct_name":"Gwinnett - 124","precinct_norm":"GWINNETT - 124","precinct_full_name":"Goodwins G","has_polygon":true},"geometry":{"type":"Point","coordinates":[-84.02735203150685,33.9762365]}},{"type":"Feature","properties":{"id":"2024-13135-149","county_nam":"Gwinnett","county_norm":"GWINNETT","prec_id":"149","precinct_name":"Gwinnett - 149","precinct_norm":"GWINNETT - 149","precinct_full_name":"Goodwins I","has_polygon":true},"geometry":{"type":"Point","coordinates":[-84.04903970494114,33.978753999999995]}},{"type":"Feature","properties":{"id":"2024-13135-6","county_nam":"Gwinnett","county_norm":"GWINNETT","prec_id":"6","precinct_name":"Gwinnett - 6","precinct_norm":"GWINNETT - 6","precinct_full_name":"Goodwins A","has_polygon":true},"geometry":{"type":"Point","coordinates":[-84.0350000624581,33.986589]}},{"type":"Feature","properties":{"id":"2024-13135-128","county_nam":"Gwinnett","county_norm":"GWINNETT","prec_id":"128","precinct_name":"Gwinnett - 128","precinct_norm":"GWINNETT - 128","precinct_full_name":"Goodwins H","has_polygon":true},"geometry":{"type":"Point","coordinates":[-84.04761429101765,34.015564499999996]}},{"type":"Feature","properties":{"id":"2024-13135-83","county_nam":"Gwinnett","county_norm":"GWINNETT","prec_id":"83","precinct_name":"Gwinnett - 83","precinct_norm":"GWINNETT - 83","precinct_full_name":"Goodwins D","has_polygon":true},"geometry":{"type":"Point","coordinates":[-84.02703937459283,33.9975455]}},{"type":"Feature","properties":{"id":"2024-13135-106","county_nam":"Gwinnett","county_norm":"GWINNETT","prec_id":"106","precinct_name":"Gwinnett - 106","precinct_norm":"GWINNETT - 106","precinct_full_name":"Suwanee C","has_polygon":true},"geometry":{"type":"Point","coordinates":[-84.07000117440975,34.029521]}},{"type":"Feature","properties":{"id":"2024-13135-131","county_nam":"Gwinnett","county_norm":"GWINNETT","prec_id":"131","precinct_name":"Gwinnett - 131","precinct_norm":"GWINNETT - 131","precinct_full_name":"Suwanee E","has_polygon":true},"geometry":{"type":"Point","coordinates":[-84.0790526418823,34.0690035]}},{"type":"Feature","properties":{"id":"2024-13135-4","county_nam":"Gwinnett","county_norm":"GWINNETT","prec_id":"4","precinct_name":"Gwinnett - 4","precinct_norm":"GWINNETT - 4","precinct_full_name":"Suwanee A","has_polygon":true},"geometry":{"type":"Point","coordinates":[-84.06771029244001,34.062745]}},{"type":"Feature","properties":{"id":"2024-13135-98","county_nam":"Gwinnett","county_norm":"GWINNETT","prec_id":"98","precinct_name":"Gwinnett - 98","precinct_norm":"GWINNETT - 98","precinct_full_name":"Goodwins F","has_polygon":true},"geometry":{"type":"Point","coordinates":[-84.03076719289606,34.0205955]}},{"type":"Feature","properties":{"id":"2024-13135-142","county_nam":"Gwinnett","county_norm":"GWINNETT","prec_id":"142","precinct_name":"Gwinnett - 142","precinct_norm":"GWINNETT - 142","precinct_full_name":"Suwanee F","has_polygon":true},"geometry":{"type":"Point","coordinates":[-84.03841192843632,34.050776]}},{"type":"Feature","properties":{"id":"2024-13135-100","county_nam":"Gwinnett","county_norm":"GWINNETT","prec_id":"100","precinct_name":"Gwinnett - 100","precinct_norm":"GWINNETT - 100","precinct_full_name":"Suwanee B","has_polygon":true},"geometry":{"type":"Point","coordinates":[-84.04588576987952,34.063595]}},{"type":"Feature","properties":{"id":"2024-13135-30","county_nam":"Gwinnett","county_norm":"GWINNETT","prec_id":"30","precinct_name":"Gwinnett - 30","precinct_norm":"GWINNETT - 30","precinct_full_name":"Cates C","has_polygon":true},"geometry":{"type":"Point","coordinates":[-83.99504835836922,33.83686]}},{"type":"Feature","properties":{"id":"2024-13135-10","county_nam":"Gwinnett","county_norm":"GWINNETT","prec_id":"10","precinct_name":"Gwinnett - 10","precinct_norm":"GWINNETT - 10","precinct_full_name":"Cates A","has_polygon":true},"geometry":{"type":"Point","coordinates":[-84.00735054998236,33.866634000000005]}},{"type":"Feature","properties":{"id":"2024-13135-81","county_nam":"Gwinnett","county_norm":"GWINNETT","prec_id":"81","precinct_name":"Gwinnett - 81","precinct_norm":"GWINNETT - 81","precinct_full_name":"Cates L","has_polygon":true},"geometry":{"type":"Point","coordinates":[-83.98429482655004,33.85666]}},{"type":"Feature","properties":{"id":"2024-13135-156","county_nam":"Gwinnett","county_norm":"GWINNETT","prec_id":"156","precinct_name":"Gwinnett - 156","precinct_norm":"GWINNETT - 156","precinct_full_name":"Baycreek J","has_polygon":true},"geometry":{"type":"Point","coordinates":[-83.97007998889498,33.843132999999995]}},{"type":"Feature","properties":{"id":"2024-13135-41","county_nam":"Gwinnett","county_norm":"GWINNETT","prec_id":"41","precinct_name":"Gwinnett - 41","precinct_norm":"GWINNETT - 41","precinct_full_name":"Baycreek B","has_polygon":true},"geometry":{"type":"Point","coordinates":[-83.96512500154097,33.8181425]}},{"type":"Feature","properties":{"id":"2024-13135-134","county_nam":"Gwinnett","county_norm":"GWINNETT","prec_id":"134","precinct_name":"Gwinnett - 134","precinct_norm":"GWINNETT - 134","precinct_full_name":"Baycreek F","has_polygon":true},"geometry":{"type":"Point","coordinates":[-83.97048861724268,33.8784815]}},{"type":"Feature","properties":{"id":"2024-13135-94","county_nam":"Gwinnett","county_norm":"GWINNETT","prec_id":"94","precinct_name":"Gwinnett - 94","precinct_norm":"GWINNETT - 94","precinct_full_name":"Cates N","has_polygon":true},"geometry":{"type":"Point","coordinates":[-84.00817122785762,33.8910345]}},{"type":"Feature","properties":{"id":"2024-13135-5","county_nam":"Gwinnett","county_norm":"GWINNETT","prec_id":"5","precinct_name":"Gwinnett - 5","precinct_norm":"GWINNETT - 5","precinct_full_name":"Baycreek A","has_polygon":true},"geometry":{"type":"Point","coordinates":[-83.9862954081407,33.885115]}},{"type":"Feature","properties":{"id":"2024-13135-143","county_nam":"Gwinnett","county_norm":"GWINNETT","prec_id":"143","precinct_name":"Gwinnett - 143","precinct_norm":"GWINNETT - 143","precinct_full_name":"Lawrenceville L","has_polygon":true},"geometry":{"type":"Point","coordinates":[-84.01000727311936,33.9168765]}},{"type":"Feature","properties":{"id":"2024-13135-61","county_nam":"Gwinnett","county_norm":"GWINNETT","prec_id":"61","precinct_name":"Gwinnett - 61","precinct_norm":"GWINNETT - 61","precinct_full_name":"Lawrenceville E","has_polygon":true},"geometry":{"type":"Point","coordinates":[-84.00840746730555,33.946735000000004]}},{"type":"Feature","properties":{"id":"2024-13135-153","county_nam":"Gwinnett","county_norm":"GWINNETT","prec_id":"153","precinct_name":"Gwinnett - 153","precinct_norm":"GWINNETT - 153","precinct_full_name":"Lawrenceville N","has_polygon":true},"geometry":{"type":"Point","coordinates":[-84.00695652819903,33.9347145]}},{"type":"Feature","properties":{"id":"2024-13135-16","county_nam":"Gwinnett","county_norm":"GWINNETT","prec_id":"16","precinct_name":"Gwinnett - 16","precinct_norm":"GWINNETT - 16","precinct_full_name":"Lawrenceville B","has_polygon":true},"geometry":{"type":"Point","coordinates":[-83.98591134568599,33.9161175]}},{"type":"Feature","properties":{"id":"2024-13135-78","county_nam":"Gwinnett","county_norm":"GWINNETT","prec_id":"78","precinct_name":"Gwinnett - 78","precinct_norm":"GWINNETT - 78","precinct_full_name":"Baycreek K","has_polygon":true},"geometry":{"type":"Point","coordinates":[-83.97273048764978,33.8996975]}},{"type":"Feature","properties":{"id":"2024-13135-15","county_nam":"Gwinnett","county_norm":"GWINNETT","prec_id":"15","precinct_name":"Gwinnett - 15","precinct_norm":"GWINNETT - 15","precinct_full_name":"Lawrenceville A","has_polygon":true},"geometry":{"type":"Point","coordinates":[-83.97915180556436,33.9408555]}},{"type":"Feature","properties":{"id":"2024-13135-108","county_nam":"Gwinnett","county_norm":"GWINNETT","prec_id":"108","precinct_name":"Gwinnett - 108","precinct_norm":"GWINNETT - 108","precinct_full_name":"Baycreek E","has_polygon":true},"geometry":{"type":"Point","coordinates":[-83.93963152705987,33.845785500000005]}},{"type":"Feature","properties":{"id":"2024-13135-145","county_nam":"Gwinnett","county_norm":"GWINNETT","prec_id":"145","precinct_name":"Gwinnett - 145","precinct_norm":"GWINNETT - 145","precinct_full_name":"Baycreek G","has_polygon":true},"geometry":{"type":"Point","coordinates":[-83.93223235970098,33.864833000000004]}},{"type":"Feature","properties":{"id":"2024-13135-146","county_nam":"Gwinnett","county_norm":"GWINNETT","prec_id":"146","precinct_name":"Gwinnett - 146","precinct_norm":"GWINNETT - 146","precinct_full_name":"Baycreek H","has_polygon":true},"geometry":{"type":"Point","coordinates":[-83.89852306585365,33.879106]}},{"type":"Feature","properties":{"id":"2024-13135-91","county_nam":"Gwinnett","county_norm":"GWINNETT","prec_id":"91","precinct_name":"Gwinnett - 91","precinct_norm":"GWINNETT - 91","precinct_full_name":"Baycreek D","has_polygon":true},"geometry":{"type":"Point","coordinates":[-83.94101682323546,33.9082685]}},{"type":"Feature","properties":{"id":"2024-13135-147","county_nam":"Gwinnett","county_norm":"GWINNETT","prec_id":"147","precinct_name":"Gwinnett - 147","precinct_norm":"GWINNETT - 147","precinct_full_name":"Baycreek I","has_polygon":true},"geometry":{"type":"Point","coordinates":[-83.9410764707828,33.929007]}},{"type":"Feature","properties":{"id":"2024-13135-80","county_nam":"Gwinnett","county_norm":"GWINNETT","prec_id":"80","precinct_name":"Gwinnett - 80","precinct_norm":"GWINNETT - 80","precinct_full_name":"Baycreek C","has_polygon":true},"geometry":{"type":"Point","coordinates":[-83.90787647727548,33.914559]}},{"type":"Feature","properties":{"id":"2024-13135-90","county_nam":"Gwinnett","county_norm":"GWINNETT","prec_id":"90","precinct_name":"Gwinnett - 90","precinct_norm":"GWINNETT - 90","precinct_full_name":"Lawrenceville I","has_polygon":true},"geometry":{"type":"Point","coordinates":[-83.99748037554062,33.984069500000004]}},{"type":"Feature","properties":{"id":"2024-13135-85","county_nam":"Gwinnett","county_norm":"GWINNETT","prec_id":"85","precinct_name":"Gwinnett - 85","precinct_norm":"GWINNETT - 85","precinct_full_name":"Lawrenceville H","has_polygon":true},"geometry":{"type":"Point","coordinates":[-84.00186243270883,34.001573500000006]}},{"type":"Feature","properties":{"id":"2024-13135-132","county_nam":"Gwinnett","county_norm":"GWINNETT","prec_id":"132","precinct_name":"Gwinnett - 132","precinct_norm":"GWINNETT - 132","precinct_full_name":"Lawrenceville K","has_polygon":true},"geometry":{"type":"Point","coordinates":[-83.99707557229674,34.013222]}},{"type":"Feature","properties":{"id":"2024-13227-6","county_nam":"Pickens","county_norm":"PICKENS","prec_id":"6","precinct_name":"Pickens - 6","precinct_norm":"PICKENS - 6","precinct_full_name":"Nelson","has_polygon":true},"geometry":{"type":"Point","coordinates":[-84.391639125,34.394084500000005]}},{"type":"Feature","properties":{"id":"2024-13057-14","county_nam":"Cherokee","county_norm":"CHEROKEE","prec_id":"14","precinct_name":"Cherokee - 14","precinct_norm":"CHEROKEE - 14","precinct_full_name":"Conns Creek","has_polygon":true},"geometry":{"type":"Point","coordinates":[-84.30697073884576,34.3385515]}},{"type":"Feature","properties":{"id":"2024-13227-1","county_nam":"Pickens","county_norm":"PICKENS","prec_id":"1","precinct_name":"Pickens - 1","precinct_norm":"PICKENS - 1","precinct_full_name":"Yellow Creek","has_polygon":true},"geometry":{"type":"Point","coordinates":[-84.30377361894273,34.434966]}},{"type":"Feature","properties":{"id":"2024-13227-10","county_nam":"Pickens","county_norm":"PICKENS","prec_id":"10","precinct_name":"Pickens - 10","precinct_norm":"PICKENS - 10","precinct_full_name":"Sharptop","has_polygon":true},"geometry":{"type":"Point","coordinates":[-84.36551063094285,34.502174999999994]}},{"type":"Feature","properties":{"id":"2024-13085-4","county_nam":"Dawson","county_norm":"DAWSON","prec_id":"4","precinct_name":"Dawson - 4","precinct_norm":"DAWSON - 4","precinct_full_name":"South","has_polygon":true},"geometry":{"type":"Point","coordinates":[-84.14823455303673,34.365401000000006]}},{"type":"Feature","properties":{"id":"2024-13085-2","county_nam":"Dawson","county_norm":"DAWSON","prec_id":"2","precinct_name":"Dawson - 2","precinct_norm":"DAWSON - 2","precinct_full_name":"Central","has_polygon":true},"geometry":{"type":"Point","coordinates":[-84.16811929829339,34.455861]}},{"type":"Feature","properties":{"id":"2024-13085-1","county_nam":"Dawson","county_norm":"DAWSON","prec_id":"1","precinct_name":"Dawson - 1","precinct_norm":"DAWSON - 1","precinct_full_name":"West","has_polygon":true},"geometry":{"type":"Point","coordinates":[-84.26743916165427,34.543144999999996]}},{"type":"Feature","properties":{"id":"2024-13117-39","county_nam":"Forsyth","county_norm":"FORSYTH","prec_id":"39","precinct_name":"Forsyth - 39","precinct_norm":"FORSYTH - 39","precinct_full_name":"Mathis","has_polygon":true},"geometry":{"type":"Point","coordinates":[-84.15188446356274,34.0912745]}},{"type":"Feature","properties":{"id":"2024-13117-36","county_nam":"Forsyth","county_norm":"FORSYTH","prec_id":"36","precinct_name":"Forsyth - 36","precinct_norm":"FORSYTH - 36","precinct_full_name":"Nichols","has_polygon":true},"geometry":{"type":"Point","coordinates":[-84.12826050268818,34.114898]}},{"type":"Feature","properties":{"id":"2024-13117-25","county_nam":"Forsyth","county_norm":"FORSYTH","prec_id":"25","precinct_name":"Forsyth - 25","precinct_norm":"FORSYTH - 25","precinct_full_name":"Windermere","has_polygon":true},"geometry":{"type":"Point","coordinates":[-84.12661196452441,34.142131]}},{"type":"Feature","properties":{"id":"2024-13135-130","county_nam":"Gwinnett","county_norm":"GWINNETT","prec_id":"130","precinct_name":"Gwinnett - 130","precinct_norm":"GWINNETT - 130","precinct_full_name":"Suwanee D","has_polygon":true},"geometry":{"type":"Point","coordinates":[-84.09422655297145,34.1023835]}},{"type":"Feature","properties":{"id":"2024-13117-47","county_nam":"Forsyth","county_norm":"FORSYTH","prec_id":"47","precinct_name":"Forsyth - 47","precinct_norm":"FORSYTH - 47","precinct_full_name":"Riverclub","has_polygon":true},"geometry":{"type":"Point","coordinates":[-84.0941356205297,34.149621499999995]}},{"type":"Feature","properties":{"id":"2024-13117-7","county_nam":"Forsyth","county_norm":"FORSYTH","prec_id":"7","precinct_name":"Forsyth - 7","precinct_norm":"FORSYTH - 7","precinct_full_name":"Cumming","has_polygon":true},"geometry":{"type":"Point","coordinates":[-84.12741792594748,34.203869999999995]}},{"type":"Feature","properties":{"id":"2024-13117-8","county_nam":"Forsyth","county_norm":"FORSYTH","prec_id":"8","precinct_name":"Forsyth - 8","precinct_norm":"FORSYTH - 8","precinct_full_name":"Mashburn","has_polygon":true},"geometry":{"type":"Point","coordinates":[-84.10328548745362,34.176576499999996]}},{"type":"Feature","properties":{"id":"2024-13135-105","county_nam":"Gwinnett","county_norm":"GWINNETT","prec_id":"105","precinct_name":"Gwinnett - 105","precinct_norm":"GWINNETT - 105","precinct_full_name":"Sugar Hill F","has_polygon":true},"geometry":{"type":"Point","coordinates":[-84.05881828493911,34.093571499999996]}},{"type":"Feature","properties":{"id":"2024-13135-141","county_nam":"Gwinnett","county_norm":"GWINNETT","prec_id":"141","precinct_name":"Gwinnett - 141","precinct_norm":"GWINNETT - 141","precinct_full_name":"Sugar Hill G","has_polygon":true},"geometry":{"type":"Point","coordinates":[-84.0617301736277,34.108857]}},{"type":"Feature","properties":{"id":"2024-13135-25","county_nam":"Gwinnett","county_norm":"GWINNETT","prec_id":"25","precinct_name":"Gwinnett - 25","precinct_norm":"GWINNETT - 25","precinct_full_name":"Sugar Hill B","has_polygon":true},"geometry":{"type":"Point","coordinates":[-84.05108403765729,34.12284]}},{"type":"Feature","properties":{"id":"2024-13135-89","county_nam":"Gwinnett","county_norm":"GWINNETT","prec_id":"89","precinct_name":"Gwinnett - 89","precinct_norm":"GWINNETT - 89","precinct_full_name":"Sugar Hill E","has_polygon":true},"geometry":{"type":"Point","coordinates":[-84.03265096846435,34.088674]}},{"type":"Feature","properties":{"id":"2024-13135-54","county_nam":"Gwinnett","county_norm":"GWINNETT","prec_id":"54","precinct_name":"Gwinnett - 54","precinct_norm":"GWINNETT - 54","precinct_full_name":"Sugar Hill C","has_polygon":true},"geometry":{"type":"Point","coordinates":[-84.05299382431102,34.1457525]}},{"type":"Feature","properties":{"id":"2024-13117-16","county_nam":"Forsyth","county_norm":"FORSYTH","prec_id":"16","precinct_name":"Forsyth - 16","precinct_norm":"FORSYTH - 16","precinct_full_name":"Otwell","has_polygon":true},"geometry":{"type":"Point","coordinates":[-84.12549684886685,34.25122]}},{"type":"Feature","properties":{"id":"2024-13117-5","county_nam":"Forsyth","county_norm":"FORSYTH","prec_id":"5","precinct_name":"Forsyth - 5","precinct_norm":"FORSYTH - 5","precinct_full_name":"Coal Mountain","has_polygon":true},"geometry":{"type":"Point","coordinates":[-84.09167983409009,34.2975455]}},{"type":"Feature","properties":{"id":"2024-13117-44","county_nam":"Forsyth","county_norm":"FORSYTH","prec_id":"44","precinct_name":"Forsyth - 44","precinct_norm":"FORSYTH - 44","precinct_full_name":"Lanier","has_polygon":true},"geometry":{"type":"Point","coordinates":[-84.04058094493156,34.2140615]}},{"type":"Feature","properties":{"id":"2024-13117-50","county_nam":"Forsyth","county_norm":"FORSYTH","prec_id":"50","precinct_name":"Forsyth - 50","precinct_norm":"FORSYTH - 50","precinct_full_name":"Browns Bridge","has_polygon":true},"geometry":{"type":"Point","coordinates":[-83.99438838071353,34.2320135]}},{"type":"Feature","properties":{"id":"2024-13117-4","county_nam":"Forsyth","county_norm":"FORSYTH","prec_id":"4","precinct_name":"Forsyth - 4","precinct_norm":"FORSYTH - 4","precinct_full_name":"Chestatee","has_polygon":true},"geometry":{"type":"Point","coordinates":[-84.01597094015636,34.281932499999996]}},{"type":"Feature","properties":{"id":"2024-13117-6","county_nam":"Forsyth","county_norm":"FORSYTH","prec_id":"6","precinct_name":"Forsyth - 6","precinct_norm":"FORSYTH - 6","precinct_full_name":"Crossroads","has_polygon":true},"geometry":{"type":"Point","coordinates":[-84.05545400564691,34.300763]}},{"type":"Feature","properties":{"id":"2024-13135-24","county_nam":"Gwinnett","county_norm":"GWINNETT","prec_id":"24","precinct_name":"Gwinnett - 24","precinct_norm":"GWINNETT - 24","precinct_full_name":"Sugar Hill A","has_polygon":true},"geometry":{"type":"Point","coordinates":[-84.00070590441928,34.0824385]}},{"type":"Feature","properties":{"id":"2024-13135-55","county_nam":"Gwinnett","county_norm":"GWINNETT","prec_id":"55","precinct_name":"Gwinnett - 55","precinct_norm":"GWINNETT - 55","precinct_full_name":"Sugar Hill D","has_polygon":true},"geometry":{"type":"Point","coordinates":[-83.98846625994507,34.129179]}},{"type":"Feature","properties":{"id":"2024-13135-102","county_nam":"Gwinnett","county_norm":"GWINNETT","prec_id":"102","precinct_name":"Gwinnett - 102","precinct_norm":"GWINNETT - 102","precinct_full_name":"Pucketts B","has_polygon":true},"geometry":{"type":"Point","coordinates":[-83.97303614132109,34.092330000000004]}},{"type":"Feature","properties":{"id":"2024-13139-7","county_nam":"Hall","county_norm":"HALL","prec_id":"7","precinct_name":"Hall - 7","precinct_norm":"HALL - 7","precinct_full_name":"Roberts","has_polygon":true},"geometry":{"type":"Point","coordinates":[-83.9948516351297,34.1632995]}},{"type":"Feature","properties":{"id":"2024-13139-6","county_nam":"Hall","county_norm":"HALL","prec_id":"6","precinct_name":"Hall - 6","precinct_norm":"HALL - 6","precinct_full_name":"Flowery Branch Ii","has_polygon":true},"geometry":{"type":"Point","coordinates":[-83.96101107882558,34.1813725]}},{"type":"Feature","properties":{"id":"2024-13135-9","county_nam":"Gwinnett","county_norm":"GWINNETT","prec_id":"9","precinct_name":"Gwinnett - 9","precinct_norm":"GWINNETT - 9","precinct_full_name":"Pucketts A","has_polygon":true},"geometry":{"type":"Point","coordinates":[-83.94407716758474,34.110532500000005]}},{"type":"Feature","properties":{"id":"2024-13135-135","county_nam":"Gwinnett","county_norm":"GWINNETT","prec_id":"135","precinct_name":"Gwinnett - 135","precinct_norm":"GWINNETT - 135","precinct_full_name":"Pucketts C","has_polygon":true},"geometry":{"type":"Point","coordinates":[-83.91609760663324,34.0971335]}},{"type":"Feature","properties":{"id":"2024-13139-29","county_nam":"Hall","county_norm":"HALL","prec_id":"29","precinct_name":"Hall - 29","precinct_norm":"HALL - 29","precinct_full_name":"Friendship Ii","has_polygon":true},"geometry":{"type":"Point","coordinates":[-83.93241591389993,34.135798]}},{"type":"Feature","properties":{"id":"2024-13139-5","county_nam":"Hall","county_norm":"HALL","prec_id":"5","precinct_name":"Hall - 5","precinct_norm":"HALL - 5","precinct_full_name":"Flowery Branch I","has_polygon":true},"geometry":{"type":"Point","coordinates":[-83.94969155823192,34.208523]}},{"type":"Feature","properties":{"id":"2024-13139-31","county_nam":"Hall","county_norm":"HALL","prec_id":"31","precinct_name":"Hall - 31","precinct_norm":"HALL - 31","precinct_full_name":"Friendship Iv","has_polygon":true},"geometry":{"type":"Point","coordinates":[-83.90387876468824,34.1519375]}},{"type":"Feature","properties":{"id":"2024-13139-30","county_nam":"Hall","county_norm":"HALL","prec_id":"30","precinct_name":"Hall - 30","precinct_norm":"HALL - 30","precinct_full_name":"Friendship Iii","has_polygon":true},"geometry":{"type":"Point","coordinates":[-83.89468911770797,34.170010500000004]}},{"type":"Feature","properties":{"id":"2024-13117-42","county_nam":"Forsyth","county_norm":"FORSYTH","prec_id":"42","precinct_name":"Forsyth - 42","precinct_norm":"FORSYTH - 42","precinct_full_name":"Keith Bridge","has_polygon":true},"geometry":{"type":"Point","coordinates":[-83.96102674616228,34.2867335]}},{"type":"Feature","properties":{"id":"2024-13139-4","county_nam":"Hall","county_norm":"HALL","prec_id":"4","precinct_name":"Hall - 4","precinct_norm":"HALL - 4","precinct_full_name":"Oakwood Ii","has_polygon":true},"geometry":{"type":"Point","coordinates":[-83.92077584306341,34.234743]}},{"type":"Feature","properties":{"id":"2024-13139-3","county_nam":"Hall","county_norm":"HALL","prec_id":"3","precinct_name":"Hall - 3","precinct_norm":"HALL - 3","precinct_full_name":"Oakwood I","has_polygon":true},"geometry":{"type":"Point","coordinates":[-83.88365621891342,34.2226175]}},{"type":"Feature","properties":{"id":"2024-13139-1","county_nam":"Hall","county_norm":"HALL","prec_id":"1","precinct_name":"Hall - 1","precinct_norm":"HALL - 1","precinct_full_name":"Wilson","has_polygon":true},"geometry":{"type":"Point","coordinates":[-83.90788198555343,34.2707275]}},{"type":"Feature","properties":{"id":"2024-13139-18","county_nam":"Hall","county_norm":"HALL","prec_id":"18","precinct_name":"Hall - 18","precinct_norm":"HALL - 18","precinct_full_name":"Fork","has_polygon":true},"geometry":{"type":"Point","coordinates":[-83.916582420846,34.3139985]}},{"type":"Feature","properties":{"id":"2024-13085-3","county_nam":"Dawson","county_norm":"DAWSON","prec_id":"3","precinct_name":"Dawson - 3","precinct_norm":"DAWSON - 3","precinct_full_name":"East","has_polygon":true},"geometry":{"type":"Point","coordinates":[-84.03776138063063,34.389962499999996]}},{"type":"Feature","properties":{"id":"2024-13139-17","county_nam":"Hall","county_norm":"HALL","prec_id":"17","precinct_name":"Hall - 17","precinct_norm":"HALL - 17","precinct_full_name":"Chestatee","has_polygon":true},"geometry":{"type":"Point","coordinates":[-83.91155210602354,34.3555335]}},{"type":"Feature","properties":{"id":"2024-13139-16","county_nam":"Hall","county_norm":"HALL","prec_id":"16","precinct_name":"Hall - 16","precinct_norm":"HALL - 16","precinct_full_name":"Bark Camp","has_polygon":true},"geometry":{"type":"Point","coordinates":[-83.93171897863247,34.398772]}},{"type":"Feature","properties":{"id":"2024-13187-DA","county_nam":"Lumpkin","county_norm":"LUMPKIN","prec_id":"DA","precinct_name":"Lumpkin - DA","precinct_norm":"LUMPKIN - DA","precinct_full_name":"Dahlonega","has_polygon":true},"geometry":{"type":"Point","coordinates":[-84.02684639926683,34.5799195]}},{"type":"Feature","properties":{"id":"2024-13213-1291","county_nam":"Murray","county_norm":"MURRAY","prec_id":"1291","precinct_name":"Murray - 1291","precinct_norm":"MURRAY - 1291","precinct_full_name":"Southwest","has_polygon":true},"geometry":{"type":"Point","coordinates":[-84.83155422935317,34.6743495]}},{"type":"Feature","properties":{"id":"2024-13313-ES","county_nam":"Whitfield","county_norm":"WHITFIELD","prec_id":"ES","precinct_name":"Whitfield - ES","precinct_norm":"WHITFIELD - ES","precinct_full_name":"Es","has_polygon":true},"geometry":{"type":"Point","coordinates":[-84.91046307859267,34.778751]}},{"type":"Feature","properties":{"id":"2024-13313-FI","county_nam":"Whitfield","county_norm":"WHITFIELD","prec_id":"FI","precinct_name":"Whitfield - FI","precinct_norm":"WHITFIELD - FI","precinct_full_name":"Fi","has_polygon":true},"geometry":{"type":"Point","coordinates":[-84.90010791340379,34.733967]}},{"type":"Feature","properties":{"id":"2024-13313-GL","county_nam":"Whitfield","county_norm":"WHITFIELD","prec_id":"GL","precinct_name":"Whitfield - GL","precinct_norm":"WHITFIELD - GL","precinct_full_name":"Gl","has_polygon":true},"geometry":{"type":"Point","coordinates":[-84.92941201709758,34.831187]}},{"type":"Feature","properties":{"id":"2024-13313-NI","county_nam":"Whitfield","county_norm":"WHITFIELD","prec_id":"NI","precinct_name":"Whitfield - NI","precinct_norm":"WHITFIELD - NI","precinct_full_name":"Ni","has_polygon":true},"geometry":{"type":"Point","coordinates":[-84.88637895811883,34.8236105]}},{"type":"Feature","properties":{"id":"2024-13213-1895","county_nam":"Murray","county_norm":"MURRAY","prec_id":"1895","precinct_name":"Murray - 1895","precinct_norm":"MURRAY - 1895","precinct_full_name":"Spring Place","has_polygon":true},"geometry":{"type":"Point","coordinates":[-84.82232411289505,34.7406215]}},{"type":"Feature","properties":{"id":"2024-13213-1039","county_nam":"Murray","county_norm":"MURRAY","prec_id":"1039","precinct_name":"Murray - 1039","precinct_norm":"MURRAY - 1039","precinct_full_name":"Shuck Pen","has_polygon":true},"geometry":{"type":"Point","coordinates":[-84.80072051470589,34.850498]}},{"type":"Feature","properties":{"id":"2024-13213-872","county_nam":"Murray","county_norm":"MURRAY","prec_id":"872","precinct_name":"Murray - 872","precinct_norm":"MURRAY - 872","precinct_full_name":"Carters-Doolittle","has_polygon":true},"geometry":{"type":"Point","coordinates":[-84.71517935479933,34.6802855]}},{"type":"Feature","properties":{"id":"2024-13213-824","county_nam":"Murray","county_norm":"MURRAY","prec_id":"824","precinct_name":"Murray - 824","precinct_norm":"MURRAY - 824","precinct_full_name":"Town","has_polygon":true},"geometry":{"type":"Point","coordinates":[-84.73505826234512,34.7760885]}},{"type":"Feature","properties":{"id":"2024-13213-1013","county_nam":"Murray","county_norm":"MURRAY","prec_id":"1013","precinct_name":"Murray - 1013","precinct_norm":"MURRAY - 1013","precinct_full_name":"Mcdonald","has_polygon":true},"geometry":{"type":"Point","coordinates":[-84.6909925541237,34.85911350000001]}},{"type":"Feature","properties":{"id":"2024-13313-LT","county_nam":"Whitfield","county_norm":"WHITFIELD","prec_id":"LT","precinct_name":"Whitfield - LT","precinct_norm":"WHITFIELD - LT","precinct_full_name":"Lt","has_polygon":true},"geometry":{"type":"Point","coordinates":[-84.87578878571429,34.887586]}},{"type":"Feature","properties":{"id":"2024-13313-UT","county_nam":"Whitfield","county_norm":"WHITFIELD","prec_id":"UT","precinct_name":"Whitfield - UT","precinct_norm":"WHITFIELD - UT","precinct_full_name":"Ut","has_polygon":true},"geometry":{"type":"Point","coordinates":[-84.8716435492278,34.941221999999996]}},{"type":"Feature","properties":{"id":"2024-13213-874","county_nam":"Murray","county_norm":"MURRAY","prec_id":"874","precinct_name":"Murray - 874","precinct_norm":"MURRAY - 874","precinct_full_name":"North","has_polygon":true},"geometry":{"type":"Point","coordinates":[-84.73158535428955,34.9231085]}},{"type":"Feature","properties":{"id":"2024-13123-3","county_nam":"Gilmer","county_norm":"GILMER","prec_id":"3","precinct_name":"Gilmer - 3","precinct_norm":"GILMER - 3","precinct_full_name":"Tails Creek","has_polygon":true},"geometry":{"type":"Point","coordinates":[-84.60037517793786,34.687946499999995]}},{"type":"Feature","properties":{"id":"2024-13123-8","county_nam":"Gilmer","county_norm":"GILMER","prec_id":"8","precinct_name":"Gilmer - 8","precinct_norm":"GILMER - 8","precinct_full_name":"Mountaintown","has_polygon":true},"geometry":{"type":"Point","coordinates":[-84.54552086431411,34.791614]}},{"type":"Feature","properties":{"id":"2024-13115-40","county_nam":"Floyd","county_norm":"FLOYD","prec_id":"40","precinct_name":"Floyd - 40","precinct_norm":"FLOYD - 40","precinct_full_name":"Floyd Springs","has_polygon":true},"geometry":{"type":"Point","coordinates":[-85.1532187435484,34.412251499999996]}},{"type":"Feature","properties":{"id":"2024-13115-130","county_nam":"Floyd","county_norm":"FLOYD","prec_id":"130","precinct_name":"Floyd - 130","precinct_norm":"FLOYD - 130","precinct_full_name":"Shannon","has_polygon":true},"geometry":{"type":"Point","coordinates":[-85.0764731892615,34.340164]}},{"type":"Feature","properties":{"id":"2024-13055-1382","county_nam":"Chattooga","county_norm":"CHATTOOGA","prec_id":"1382","precinct_name":"Chattooga - 1382","precinct_norm":"CHATTOOGA - 1382","precinct_full_name":"Haywood","has_polygon":true},"geometry":{"type":"Point","coordinates":[-85.17546456001902,34.4800515]}},{"type":"Feature","properties":{"id":"2024-13055-962","county_nam":"Chattooga","county_norm":"CHATTOOGA","prec_id":"962","precinct_name":"Chattooga - 962","precinct_norm":"CHATTOOGA - 962","precinct_full_name":"Subligna","has_polygon":true},"geometry":{"type":"Point","coordinates":[-85.19435917681884,34.5397095]}},{"type":"Feature","properties":{"id":"2024-13115-35","county_nam":"Floyd","county_norm":"FLOYD","prec_id":"35","precinct_name":"Floyd - 35","precinct_norm":"FLOYD - 35","precinct_full_name":"Everett Springs","has_polygon":true},"geometry":{"type":"Point","coordinates":[-85.11950272554853,34.511586]}},{"type":"Feature","properties":{"id":"2024-13129-1055","county_nam":"Gordon","county_norm":"GORDON","prec_id":"1055","precinct_name":"Gordon - 1055","precinct_norm":"GORDON - 1055","precinct_full_name":"Plainville","has_polygon":true},"geometry":{"type":"Point","coordinates":[-85.03419470196211,34.4235995]}},{"type":"Feature","properties":{"id":"2024-13015-1","county_nam":"Bartow","county_norm":"BARTOW","prec_id":"1","precinct_name":"Bartow - 1","precinct_norm":"BARTOW - 1","precinct_full_name":"Adairsville","has_polygon":true},"geometry":{"type":"Point","coordinates":[-84.9488084791418,34.34363]}},{"type":"Feature","properties":{"id":"2024-13129-849-A","county_nam":"Gordon","county_norm":"GORDON","prec_id":"849-A","precinct_name":"Gordon - 849-A","precinct_norm":"GORDON - 849-A","precinct_full_name":"Gordon County","has_polygon":true},"geometry":{"type":"Point","coordinates":[-84.99306936270287,34.513107000000005]}},{"type":"Feature","properties":{"id":"2024-13129-1064","county_nam":"Gordon","county_norm":"GORDON","prec_id":"1064","precinct_name":"Gordon - 1064","precinct_norm":"GORDON - 1064","precinct_full_name":"Oostanaula","has_polygon":true},"geometry":{"type":"Point","coordinates":[-85.04872727874327,34.484038999999996]}},{"type":"Feature","properties":{"id":"2024-13129-1054","county_nam":"Gordon","county_norm":"GORDON","prec_id":"1054","precinct_name":"Gordon - 1054","precinct_norm":"GORDON - 1054","precinct_full_name":"Sugar Valley","has_polygon":true},"geometry":{"type":"Point","coordinates":[-85.01812339758266,34.5641535]}},{"type":"Feature","properties":{"id":"2024-13129-849-B","county_nam":"Gordon","county_norm":"GORDON","prec_id":"849-B","precinct_name":"Gordon - 849-B","precinct_norm":"GORDON - 849-B","precinct_full_name":"Calhoun City","has_polygon":true},"geometry":{"type":"Point","coordinates":[-84.95669569138468,34.490279]}},{"type":"Feature","properties":{"id":"2024-13129-980","county_nam":"Gordon","county_norm":"GORDON","prec_id":"980","precinct_name":"Gordon - 980","precinct_norm":"GORDON - 980","precinct_full_name":"Resaca","has_polygon":true},"geometry":{"type":"Point","coordinates":[-84.95770741126138,34.588771]}},{"type":"Feature","properties":{"id":"2024-13083-1214","county_nam":"Dade","county_norm":"DADE","prec_id":"1214","precinct_name":"Dade - 1214","precinct_norm":"DADE - 1214","precinct_full_name":"New Salem","has_polygon":true},"geometry":{"type":"Point","coordinates":[-85.46707977581998,34.745402999999996]}},{"type":"Feature","properties":{"id":"2024-13083-1038","county_nam":"Dade","county_norm":"DADE","prec_id":"1038","precinct_name":"Dade - 1038","precinct_norm":"DADE - 1038","precinct_full_name":"South Dade","has_polygon":true},"geometry":{"type":"Point","coordinates":[-85.52129288822837,34.7427285]}},{"type":"Feature","properties":{"id":"2024-13083-960","county_nam":"Dade","county_norm":"DADE","prec_id":"960","precinct_name":"Dade - 960","precinct_norm":"DADE - 960","precinct_full_name":"Trenton","has_polygon":true},"geometry":{"type":"Point","coordinates":[-85.50724543777977,34.863221]}},{"type":"Feature","properties":{"id":"2024-13083-1222","county_nam":"Dade","county_norm":"DADE","prec_id":"1222","precinct_name":"Dade - 1222","precinct_norm":"DADE - 1222","precinct_full_name":"Davis","has_polygon":true},"geometry":{"type":"Point","coordinates":[-85.5564534454681,34.881976]}},{"type":"Feature","properties":{"id":"2024-13083-1885","county_nam":"Dade","county_norm":"DADE","prec_id":"1885","precinct_name":"Dade - 1885","precinct_norm":"DADE - 1885","precinct_full_name":"New Home","has_polygon":true},"geometry":{"type":"Point","coordinates":[-85.5389493125,34.9418345]}},{"type":"Feature","properties":{"id":"2024-13295-1809","county_nam":"Walker","county_norm":"WALKER","prec_id":"1809","precinct_name":"Walker - 1809","precinct_norm":"WALKER - 1809","precinct_full_name":"Kensington","has_polygon":true},"geometry":{"type":"Point","coordinates":[-85.40134956379822,34.7041315]}},{"type":"Feature","properties":{"id":"2024-13295-1161","county_nam":"Walker","county_norm":"WALKER","prec_id":"1161","precinct_name":"Walker - 1161","precinct_norm":"WALKER - 1161","precinct_full_name":"Mountain","has_polygon":true},"geometry":{"type":"Point","coordinates":[-85.44065001064047,34.772549]}},{"type":"Feature","properties":{"id":"2024-13295-917","county_nam":"Walker","county_norm":"WALKER","prec_id":"917","precinct_name":"Walker - 917","precinct_norm":"WALKER - 917","precinct_full_name":"Walnut Grove","has_polygon":true},"geometry":{"type":"Point","coordinates":[-85.29975567417783,34.632024]}},{"type":"Feature","properties":{"id":"2024-13295-871","county_nam":"Walker","county_norm":"WALKER","prec_id":"871","precinct_name":"Walker - 871","precinct_norm":"WALKER - 871","precinct_full_name":"La Fayette","has_polygon":true},"geometry":{"type":"Point","coordinates":[-85.2895427443674,34.7094995]}},{"type":"Feature","properties":{"id":"2024-13295-1818","county_nam":"Walker","county_norm":"WALKER","prec_id":"1818","precinct_name":"Walker - 1818","precinct_norm":"WALKER - 1818","precinct_full_name":"Chickamauga","has_polygon":true},"geometry":{"type":"Point","coordinates":[-85.31400548894248,34.8467995]}},{"type":"Feature","properties":{"id":"2024-13295-944","county_nam":"Walker","county_norm":"WALKER","prec_id":"944","precinct_name":"Walker - 944","precinct_norm":"WALKER - 944","precinct_full_name":"Rock Spring","has_polygon":true},"geometry":{"type":"Point","coordinates":[-85.24176446630591,34.775825499999996]}},{"type":"Feature","properties":{"id":"2024-13083-1889","county_nam":"Dade","county_norm":"DADE","prec_id":"1889","precinct_name":"Dade - 1889","precinct_norm":"DADE - 1889","precinct_full_name":"West Brow","has_polygon":true},"geometry":{"type":"Point","coordinates":[-85.42304086950537,34.90987]}},{"type":"Feature","properties":{"id":"2024-13083-974","county_nam":"Dade","county_norm":"DADE","prec_id":"974","precinct_name":"Dade - 974","precinct_norm":"DADE - 974","precinct_full_name":"North Dade","has_polygon":true},"geometry":{"type":"Point","coordinates":[-85.46590414724369,34.9283355]}},{"type":"Feature","properties":{"id":"2024-13295-1501","county_nam":"Walker","county_norm":"WALKER","prec_id":"1501","precinct_name":"Walker - 1501","precinct_norm":"WALKER - 1501","precinct_full_name":"Chattanooga Valley","has_polygon":true},"geometry":{"type":"Point","coordinates":[-85.34281220795756,34.9139865]}},{"type":"Feature","properties":{"id":"2024-13295-1851","county_nam":"Walker","county_norm":"WALKER","prec_id":"1851","precinct_name":"Walker - 1851","precinct_norm":"WALKER - 1851","precinct_full_name":"Fairyland","has_polygon":true},"geometry":{"type":"Point","coordinates":[-85.36283330313643,34.964827]}},{"type":"Feature","properties":{"id":"2024-13295-1812","county_nam":"Walker","county_norm":"WALKER","prec_id":"1812","precinct_name":"Walker - 1812","precinct_norm":"WALKER - 1812","precinct_full_name":"Rossville","has_polygon":true},"geometry":{"type":"Point","coordinates":[-85.30193172016129,34.949871]}},{"type":"Feature","properties":{"id":"2024-13295-1893","county_nam":"Walker","county_norm":"WALKER","prec_id":"1893","precinct_name":"Walker - 1893","precinct_norm":"WALKER - 1893","precinct_full_name":"Fairview","has_polygon":true},"geometry":{"type":"Point","coordinates":[-85.28164335322718,34.937836]}},{"type":"Feature","properties":{"id":"2024-13047-CHAM","county_nam":"Catoosa","county_norm":"CATOOSA","prec_id":"CHAM","precinct_name":"Catoosa - CHAM","precinct_norm":"CATOOSA - CHAM","precinct_full_name":"Chambers","has_polygon":true},"geometry":{"type":"Point","coordinates":[-85.22197234289015,34.8740815]}},{"type":"Feature","properties":{"id":"2024-13047-FT O","county_nam":"Catoosa","county_norm":"CATOOSA","prec_id":"FT O","precinct_name":"Catoosa - FT O","precinct_norm":"CATOOSA - FT O","precinct_full_name":"Ft Oglethorpe","has_polygon":true},"geometry":{"type":"Point","coordinates":[-85.2412793144494,34.929646500000004]}},{"type":"Feature","properties":{"id":"2024-13047-LAKE","county_nam":"Catoosa","county_norm":"CATOOSA","prec_id":"LAKE","precinct_name":"Catoosa - LAKE","precinct_norm":"CATOOSA - LAKE","precinct_full_name":"Lakeview","has_polygon":true},"geometry":{"type":"Point","coordinates":[-85.25330583860176,34.9687995]}},{"type":"Feature","properties":{"id":"2024-13047-WEST","county_nam":"Catoosa","county_norm":"CATOOSA","prec_id":"WEST","precinct_name":"Catoosa - WEST","precinct_norm":"CATOOSA - WEST","precinct_full_name":"Westside","has_polygon":true},"geometry":{"type":"Point","coordinates":[-85.21273830731829,34.9606625]}},{"type":"Feature","properties":{"id":"2024-13067-EL05","county_nam":"Cobb","county_norm":"COBB","prec_id":"EL05","precinct_name":"Cobb - EL05","precinct_norm":"COBB - EL05","precinct_full_name":"Elizabeth 05","has_polygon":true},"geometry":{"type":"Point","coordinates":[-84.47995469511568,34.0029155]}},{"type":"Feature","properties":{"id":"2024-13067-BF02","county_nam":"Cobb","county_norm":"COBB","prec_id":"BF02","precinct_name":"Cobb - BF02","precinct_norm":"COBB - BF02","precinct_full_name":"Bells Ferry 02","has_polygon":true},"geometry":{"type":"Point","coordinates":[-84.53895707438932,34.0267615]}},{"type":"Feature","properties":{"id":"2024-13067-BW01","county_nam":"Cobb","county_norm":"COBB","prec_id":"BW01","precinct_name":"Cobb - BW01","precinct_norm":"COBB - BW01","precinct_full_name":"Blackwell 01","has_polygon":true},"geometry":{"type":"Point","coordinates":[-84.52667450849617,34.044617]}},{"type":"Feature","properties":{"id":"2024-13067-GT01","county_nam":"Cobb","county_norm":"COBB","prec_id":"GT01","precinct_name":"Cobb - GT01","precinct_norm":"COBB - GT01","precinct_full_name":"Gritters 01","has_polygon":true},"geometry":{"type":"Point","coordinates":[-84.51940384722492,34.0206345]}},{"type":"Feature","properties":{"id":"2024-13067-BF03","county_nam":"Cobb","county_norm":"COBB","prec_id":"BF03","precinct_name":"Cobb - BF03","precinct_norm":"COBB - BF03","precinct_full_name":"Bells Ferry 03","has_polygon":true},"geometry":{"type":"Point","coordinates":[-84.53133033326367,34.06303]}},{"type":"Feature","properties":{"id":"2024-13067-MK01","county_nam":"Cobb","county_norm":"COBB","prec_id":"MK01","precinct_name":"Cobb - MK01","precinct_norm":"COBB - MK01","precinct_full_name":"Mccleskey 01","has_polygon":true},"geometry":{"type":"Point","coordinates":[-84.50892850612232,34.048698]}},{"type":"Feature","properties":{"id":"2024-13067-NS01","county_nam":"Cobb","county_norm":"COBB","prec_id":"NS01","precinct_name":"Cobb - NS01","precinct_norm":"COBB - NS01","precinct_full_name":"Nicholson 01","has_polygon":true},"geometry":{"type":"Point","coordinates":[-84.50927922187444,34.063325000000006]}},{"type":"Feature","properties":{"id":"2024-13067-AD01","county_nam":"Cobb","county_norm":"COBB","prec_id":"AD01","precinct_name":"Cobb - AD01","precinct_norm":"COBB - AD01","precinct_full_name":"Addison 01","has_polygon":true},"geometry":{"type":"Point","coordinates":[-84.50052680336617,34.025375]}},{"type":"Feature","properties":{"id":"2024-13067-SI01","county_nam":"Cobb","county_norm":"COBB","prec_id":"SI01","precinct_name":"Cobb - SI01","precinct_norm":"COBB - SI01","precinct_full_name":"Simpson 01","has_polygon":true},"geometry":{"type":"Point","coordinates":[-84.4762523897801,34.031538]}},{"type":"Feature","properties":{"id":"2024-13067-LA01","county_nam":"Cobb","county_norm":"COBB","prec_id":"LA01","precinct_name":"Cobb - LA01","precinct_norm":"COBB - LA01","precinct_full_name":"Lassiter 01","has_polygon":true},"geometry":{"type":"Point","coordinates":[-84.49166696417629,34.0316385]}},{"type":"Feature","properties":{"id":"2024-13067-KL01","county_nam":"Cobb","county_norm":"COBB","prec_id":"KL01","precinct_name":"Cobb - KL01","precinct_norm":"COBB - KL01","precinct_full_name":"Kell 01","has_polygon":true},"geometry":{"type":"Point","coordinates":[-84.4937379726776,34.067755]}},{"type":"Feature","properties":{"id":"2024-13067-RM01","county_nam":"Cobb","county_norm":"COBB","prec_id":"RM01","precinct_name":"Cobb - RM01","precinct_norm":"COBB - RM01","precinct_full_name":"Rocky Mount 01","has_polygon":true},"geometry":{"type":"Point","coordinates":[-84.4865171492647,34.0521545]}},{"type":"Feature","properties":{"id":"2024-13067-EA02","county_nam":"Cobb","county_norm":"COBB","prec_id":"EA02","precinct_name":"Cobb - EA02","precinct_norm":"COBB - EA02","precinct_full_name":"Eastside 02","has_polygon":true},"geometry":{"type":"Point","coordinates":[-84.4765659879282,33.9489425]}},{"type":"Feature","properties":{"id":"2024-13067-SO01","county_nam":"Cobb","county_norm":"COBB","prec_id":"SO01","precinct_name":"Cobb - SO01","precinct_norm":"COBB - SO01","precinct_full_name":"Sope Creek 01","has_polygon":true},"geometry":{"type":"Point","coordinates":[-84.45100910385237,33.955507]}},{"type":"Feature","properties":{"id":"2024-13067-FP01","county_nam":"Cobb","county_norm":"COBB","prec_id":"FP01","precinct_name":"Cobb - FP01","precinct_norm":"COBB - FP01","precinct_full_name":"Fullers Park 01","has_polygon":true},"geometry":{"type":"Point","coordinates":[-84.46487511168417,33.970294499999994]}},{"type":"Feature","properties":{"id":"2024-13067-SM01","county_nam":"Cobb","county_norm":"COBB","prec_id":"SM01","precinct_name":"Cobb - SM01","precinct_norm":"COBB - SM01","precinct_full_name":"Sewell Mill 01","has_polygon":true},"geometry":{"type":"Point","coordinates":[-84.47641794528784,33.988377]}},{"type":"Feature","properties":{"id":"2024-13067-MD01","county_nam":"Cobb","county_norm":"COBB","prec_id":"MD01","precinct_name":"Cobb - MD01","precinct_norm":"COBB - MD01","precinct_full_name":"Murdock 01","has_polygon":true},"geometry":{"type":"Point","coordinates":[-84.45846680224028,33.9986125]}},{"type":"Feature","properties":{"id":"2024-13067-MT04","county_nam":"Cobb","county_norm":"COBB","prec_id":"MT04","precinct_name":"Cobb - MT04","precinct_norm":"COBB - MT04","precinct_full_name":"Mount Bethel 04","has_polygon":true},"geometry":{"type":"Point","coordinates":[-84.42878291740432,33.951327]}},{"type":"Feature","properties":{"id":"2024-13067-EA01","county_nam":"Cobb","county_norm":"COBB","prec_id":"EA01","precinct_name":"Cobb - EA01","precinct_norm":"COBB - EA01","precinct_full_name":"Eastside 01","has_polygon":true},"geometry":{"type":"Point","coordinates":[-84.43985130649321,33.968778]}},{"type":"Feature","properties":{"id":"2024-13067-DC01","county_nam":"Cobb","county_norm":"COBB","prec_id":"DC01","precinct_name":"Cobb - DC01","precinct_norm":"COBB - DC01","precinct_full_name":"Dickerson 01","has_polygon":true},"geometry":{"type":"Point","coordinates":[-84.42746274681656,33.9793805]}},{"type":"Feature","properties":{"id":"2024-13067-DO01","county_nam":"Cobb","county_norm":"COBB","prec_id":"DO01","precinct_name":"Cobb - DO01","precinct_norm":"COBB - DO01","precinct_full_name":"Dodgen 01","has_polygon":true},"geometry":{"type":"Point","coordinates":[-84.44049027848452,33.986961]}},{"type":"Feature","properties":{"id":"2024-13067-CR01","county_nam":"Cobb","county_norm":"COBB","prec_id":"CR01","precinct_name":"Cobb - CR01","precinct_norm":"COBB - CR01","precinct_full_name":"Chestnut Ridge 01","has_polygon":true},"geometry":{"type":"Point","coordinates":[-84.44131796545157,34.0093165]}},{"type":"Feature","properties":{"id":"2024-13067-RW02","county_nam":"Cobb","county_norm":"COBB","prec_id":"RW02","precinct_name":"Cobb - RW02","precinct_norm":"COBB - RW02","precinct_full_name":"Roswell 02","has_polygon":true},"geometry":{"type":"Point","coordinates":[-84.42175240409284,33.994260499999996]}},{"type":"Feature","properties":{"id":"2024-13067-SA01","county_nam":"Cobb","county_norm":"COBB","prec_id":"SA01","precinct_name":"Cobb - SA01","precinct_norm":"COBB - SA01","precinct_full_name":"Sandy Plains 01","has_polygon":true},"geometry":{"type":"Point","coordinates":[-84.4757745419735,34.020981500000005]}},{"type":"Feature","properties":{"id":"2024-13067-PP01","county_nam":"Cobb","county_norm":"COBB","prec_id":"PP01","precinct_name":"Cobb - PP01","precinct_norm":"COBB - PP01","precinct_full_name":"Pope 01","has_polygon":true},"geometry":{"type":"Point","coordinates":[-84.45511369025948,34.0288355]}},{"type":"Feature","properties":{"id":"2024-13067-MB01","county_nam":"Cobb","county_norm":"COBB","prec_id":"MB01","precinct_name":"Cobb - MB01","precinct_norm":"COBB - MB01","precinct_full_name":"Mabry 01","has_polygon":true},"geometry":{"type":"Point","coordinates":[-84.46269565821389,34.054182999999995]}},{"type":"Feature","properties":{"id":"2024-13067-DV01","county_nam":"Cobb","county_norm":"COBB","prec_id":"DV01","precinct_name":"Cobb - DV01","precinct_norm":"COBB - DV01","precinct_full_name":"Davis 01","has_polygon":true},"geometry":{"type":"Point","coordinates":[-84.47450074537446,34.068066]}},{"type":"Feature","properties":{"id":"2024-13067-GM01","county_nam":"Cobb","county_norm":"COBB","prec_id":"GM01","precinct_name":"Cobb - GM01","precinct_norm":"COBB - GM01","precinct_full_name":"Garrison Mill 01","has_polygon":true},"geometry":{"type":"Point","coordinates":[-84.44510670145631,34.047409]}},{"type":"Feature","properties":{"id":"2024-13067-PO01","county_nam":"Cobb","county_norm":"COBB","prec_id":"PO01","precinct_name":"Cobb - PO01","precinct_norm":"COBB - PO01","precinct_full_name":"Post Oak 01","has_polygon":true},"geometry":{"type":"Point","coordinates":[-84.44727678790926,34.061557500000006]}},{"type":"Feature","properties":{"id":"2024-13067-HT01","county_nam":"Cobb","county_norm":"COBB","prec_id":"HT01","precinct_name":"Cobb - HT01","precinct_norm":"COBB - HT01","precinct_full_name":"Hightower 01","has_polygon":true},"geometry":{"type":"Point","coordinates":[-84.43116588189892,34.021494000000004]}},{"type":"Feature","properties":{"id":"2024-13067-SF01","county_nam":"Cobb","county_norm":"COBB","prec_id":"SF01","precinct_name":"Cobb - SF01","precinct_norm":"COBB - SF01","precinct_full_name":"Shallowford Falls 01","has_polygon":true},"geometry":{"type":"Point","coordinates":[-84.42503349515454,34.039381500000005]}},{"type":"Feature","properties":{"id":"2024-13067-WL01","county_nam":"Cobb","county_norm":"COBB","prec_id":"WL01","precinct_name":"Cobb - WL01","precinct_norm":"COBB - WL01","precinct_full_name":"Willeo 01","has_polygon":true},"geometry":{"type":"Point","coordinates":[-84.42641564811133,34.0521275]}},{"type":"Feature","properties":{"id":"2024-13015-8","county_nam":"Bartow","county_norm":"BARTOW","prec_id":"8","precinct_name":"Bartow - 8","precinct_norm":"BARTOW - 8","precinct_full_name":"Euharlee","has_polygon":true},"geometry":{"type":"Point","coordinates":[-84.91605074855681,34.1671105]}},{"type":"Feature","properties":{"id":"2024-13015-11","county_nam":"Bartow","county_norm":"BARTOW","prec_id":"11","precinct_name":"Bartow - 11","precinct_norm":"BARTOW - 11","precinct_full_name":"Mission Road","has_polygon":true},"geometry":{"type":"Point","coordinates":[-84.83755589393232,34.175610500000005]}},{"type":"Feature","properties":{"id":"2024-13015-18","county_nam":"Bartow","county_norm":"BARTOW","prec_id":"18","precinct_name":"Bartow - 18","precinct_norm":"BARTOW - 18","precinct_full_name":"Woodland","has_polygon":true},"geometry":{"type":"Point","coordinates":[-84.86682229696692,34.1154395]}},{"type":"Feature","properties":{"id":"2024-13015-4","county_nam":"Bartow","county_norm":"BARTOW","prec_id":"4","precinct_name":"Bartow - 4","precinct_norm":"BARTOW - 4","precinct_full_name":"Cartersville West","has_polygon":true},"geometry":{"type":"Point","coordinates":[-84.8060868283139,34.141636500000004]}},{"type":"Feature","properties":{"id":"2024-13015-17","county_nam":"Bartow","county_norm":"BARTOW","prec_id":"17","precinct_name":"Bartow - 17","precinct_norm":"BARTOW - 17","precinct_full_name":"Hamilton Crossing","has_polygon":true},"geometry":{"type":"Point","coordinates":[-84.86886286155888,34.2668775]}},{"type":"Feature","properties":{"id":"2024-13015-5","county_nam":"Bartow","county_norm":"BARTOW","prec_id":"5","precinct_name":"Bartow - 5","precinct_norm":"BARTOW - 5","precinct_full_name":"Cassville","has_polygon":true},"geometry":{"type":"Point","coordinates":[-84.83523832527334,34.234698]}},{"type":"Feature","properties":{"id":"2024-13015-7","county_nam":"Bartow","county_norm":"BARTOW","prec_id":"7","precinct_name":"Bartow - 7","precinct_norm":"BARTOW - 7","precinct_full_name":"Emerson","has_polygon":true},"geometry":{"type":"Point","coordinates":[-84.75854233144851,34.1197835]}},{"type":"Feature","properties":{"id":"2024-13015-3","county_nam":"Bartow","county_norm":"BARTOW","prec_id":"3","precinct_name":"Bartow - 3","precinct_norm":"BARTOW - 3","precinct_full_name":"Cartersville East","has_polygon":true},"geometry":{"type":"Point","coordinates":[-84.80609137229436,34.218894000000006]}},{"type":"Feature","properties":{"id":"2024-13015-16","county_nam":"Bartow","county_norm":"BARTOW","prec_id":"16","precinct_name":"Bartow - 16","precinct_norm":"BARTOW - 16","precinct_full_name":"Zena Drive","has_polygon":true},"geometry":{"type":"Point","coordinates":[-84.76612691309779,34.2171905]}},{"type":"Feature","properties":{"id":"2024-13015-2","county_nam":"Bartow","county_norm":"BARTOW","prec_id":"2","precinct_name":"Bartow - 2","precinct_norm":"BARTOW - 2","precinct_full_name":"Allatoona","has_polygon":true},"geometry":{"type":"Point","coordinates":[-84.68356191720574,34.123961]}},{"type":"Feature","properties":{"id":"2024-13015-6","county_nam":"Bartow","county_norm":"BARTOW","prec_id":"6","precinct_name":"Bartow - 6","precinct_norm":"BARTOW - 6","precinct_full_name":"Center","has_polygon":true},"geometry":{"type":"Point","coordinates":[-84.69898695342143,34.201820999999995]}},{"type":"Feature","properties":{"id":"2024-13015-15","county_nam":"Bartow","county_norm":"BARTOW","prec_id":"15","precinct_name":"Bartow - 15","precinct_norm":"BARTOW - 15","precinct_full_name":"White","has_polygon":true},"geometry":{"type":"Point","coordinates":[-84.719965031031,34.281588]}},{"type":"Feature","properties":{"id":"2024-13129-856","county_nam":"Gordon","county_norm":"GORDON","prec_id":"856","precinct_name":"Gordon - 856","precinct_norm":"GORDON - 856","precinct_full_name":"Lily Pond","has_polygon":true},"geometry":{"type":"Point","coordinates":[-84.92399069801085,34.426971]}},{"type":"Feature","properties":{"id":"2024-13015-9","county_nam":"Bartow","county_norm":"BARTOW","prec_id":"9","precinct_name":"Bartow - 9","precinct_norm":"BARTOW - 9","precinct_full_name":"Folsom","has_polygon":true},"geometry":{"type":"Point","coordinates":[-84.83537541508981,34.3505765]}},{"type":"Feature","properties":{"id":"2024-13129-1056","county_nam":"Gordon","county_norm":"GORDON","prec_id":"1056","precinct_name":"Gordon - 1056","precinct_norm":"GORDON - 1056","precinct_full_name":"Sonoraville","has_polygon":true},"geometry":{"type":"Point","coordinates":[-84.83538589507236,34.4481545]}},{"type":"Feature","properties":{"id":"2024-13129-973","county_nam":"Gordon","county_norm":"GORDON","prec_id":"973","precinct_name":"Gordon - 973","precinct_norm":"GORDON - 973","precinct_full_name":"Red Bud","has_polygon":true},"geometry":{"type":"Point","coordinates":[-84.82938380945822,34.531268]}},{"type":"Feature","properties":{"id":"2024-13129-1063","county_nam":"Gordon","county_norm":"GORDON","prec_id":"1063","precinct_name":"Gordon - 1063","precinct_norm":"GORDON - 1063","precinct_full_name":"Pine Chapel","has_polygon":true},"geometry":{"type":"Point","coordinates":[-84.82030203458538,34.574580999999995]}},{"type":"Feature","properties":{"id":"2024-13015-12","county_nam":"Bartow","county_norm":"BARTOW","prec_id":"12","precinct_name":"Bartow - 12","precinct_norm":"BARTOW - 12","precinct_full_name":"Pine Log","has_polygon":true},"geometry":{"type":"Point","coordinates":[-84.71638059456706,34.354247]}},{"type":"Feature","properties":{"id":"2024-13129-874","county_nam":"Gordon","county_norm":"GORDON","prec_id":"874","precinct_name":"Gordon - 874","precinct_norm":"GORDON - 874","precinct_full_name":"Fairmount","has_polygon":true},"geometry":{"type":"Point","coordinates":[-84.71674790547445,34.46512]}},{"type":"Feature","properties":{"id":"2024-13129-1235","county_nam":"Gordon","county_norm":"GORDON","prec_id":"1235","precinct_name":"Gordon - 1235","precinct_norm":"GORDON - 1235","precinct_full_name":"Oakman","has_polygon":true},"geometry":{"type":"Point","coordinates":[-84.71797686170808,34.5678035]}},{"type":"Feature","properties":{"id":"2024-13067-SN4A","county_nam":"Cobb","county_norm":"COBB","prec_id":"SN4A","precinct_name":"Cobb - SN4A","precinct_norm":"COBB - SN4A","precinct_full_name":"Smyrna 4A","has_polygon":true},"geometry":{"type":"Point","coordinates":[-84.53961340763485,33.8566985]}},{"type":"Feature","properties":{"id":"2024-13067-SN3B","county_nam":"Cobb","county_norm":"COBB","prec_id":"SN3B","precinct_name":"Cobb - SN3B","precinct_norm":"COBB - SN3B","precinct_full_name":"Smyrna 3B","has_polygon":true},"geometry":{"type":"Point","coordinates":[-84.52373188246833,33.870430999999996]}},{"type":"Feature","properties":{"id":"2024-13067-NJ01","county_nam":"Cobb","county_norm":"COBB","prec_id":"NJ01","precinct_name":"Cobb - NJ01","precinct_norm":"COBB - NJ01","precinct_full_name":"Nickajack 01","has_polygon":true},"geometry":{"type":"Point","coordinates":[-84.47580616219561,33.8287505]}},{"type":"Feature","properties":{"id":"2024-13067-SN6A","county_nam":"Cobb","county_norm":"COBB","prec_id":"SN6A","precinct_name":"Cobb - SN6A","precinct_norm":"COBB - SN6A","precinct_full_name":"Smyrna 6A","has_polygon":true},"geometry":{"type":"Point","coordinates":[-84.50733292228375,33.859386]}},{"type":"Feature","properties":{"id":"2024-13067-VG03","county_nam":"Cobb","county_norm":"COBB","prec_id":"VG03","precinct_name":"Cobb - VG03","precinct_norm":"COBB - VG03","precinct_full_name":"Vinings 03","has_polygon":true},"geometry":{"type":"Point","coordinates":[-84.48802413858093,33.850621000000004]}},{"type":"Feature","properties":{"id":"2024-13067-VG02","county_nam":"Cobb","county_norm":"COBB","prec_id":"VG02","precinct_name":"Cobb - VG02","precinct_norm":"COBB - VG02","precinct_full_name":"Vinings 02","has_polygon":true},"geometry":{"type":"Point","coordinates":[-84.47841048289894,33.869298]}},{"type":"Feature","properties":{"id":"2024-13067-SN5A","county_nam":"Cobb","county_norm":"COBB","prec_id":"SN5A","precinct_name":"Cobb - SN5A","precinct_norm":"COBB - SN5A","precinct_full_name":"Smyrna 5A","has_polygon":true},"geometry":{"type":"Point","coordinates":[-84.53783264779693,33.886962]}},{"type":"Feature","properties":{"id":"2024-13067-SN3A","county_nam":"Cobb","county_norm":"COBB","prec_id":"SN3A","precinct_name":"Cobb - SN3A","precinct_norm":"COBB - SN3A","precinct_full_name":"Smyrna 3A","has_polygon":true},"geometry":{"type":"Point","coordinates":[-84.51629647986812,33.890251000000006]}},{"type":"Feature","properties":{"id":"2024-13067-DI01","county_nam":"Cobb","county_norm":"COBB","prec_id":"DI01","precinct_name":"Cobb - DI01","precinct_norm":"COBB - DI01","precinct_full_name":"Dobbins 01","has_polygon":true},"geometry":{"type":"Point","coordinates":[-84.52373094529756,33.915586000000005]}},{"type":"Feature","properties":{"id":"2024-13067-MR1A","county_nam":"Cobb","county_norm":"COBB","prec_id":"MR1A","precinct_name":"Cobb - MR1A","precinct_norm":"COBB - MR1A","precinct_full_name":"Marietta 1A","has_polygon":true},"geometry":{"type":"Point","coordinates":[-84.5140187104974,33.9370685]}},{"type":"Feature","properties":{"id":"2024-13067-SN2A","county_nam":"Cobb","county_norm":"COBB","prec_id":"SN2A","precinct_name":"Cobb - SN2A","precinct_norm":"COBB - SN2A","precinct_full_name":"Smyrna 2A","has_polygon":true},"geometry":{"type":"Point","coordinates":[-84.49441240301171,33.885926]}},{"type":"Feature","properties":{"id":"2024-13067-SN1A","county_nam":"Cobb","county_norm":"COBB","prec_id":"SN1A","precinct_name":"Cobb - SN1A","precinct_norm":"COBB - SN1A","precinct_full_name":"Smyrna 1A","has_polygon":true},"geometry":{"type":"Point","coordinates":[-84.47998084456181,33.8849695]}},{"type":"Feature","properties":{"id":"2024-13067-DI02","county_nam":"Cobb","county_norm":"COBB","prec_id":"DI02","precinct_name":"Cobb - DI02","precinct_norm":"COBB - DI02","precinct_full_name":"Dobbins 02","has_polygon":true},"geometry":{"type":"Point","coordinates":[-84.47385639055932,33.898254]}},{"type":"Feature","properties":{"id":"2024-13067-MR7A","county_nam":"Cobb","county_norm":"COBB","prec_id":"MR7A","precinct_name":"Cobb - MR7A","precinct_norm":"COBB - MR7A","precinct_full_name":"Marietta 7A","has_polygon":true},"geometry":{"type":"Point","coordinates":[-84.4915517276508,33.928718]}},{"type":"Feature","properties":{"id":"2024-13067-PF01","county_nam":"Cobb","county_norm":"COBB","prec_id":"PF01","precinct_name":"Cobb - PF01","precinct_norm":"COBB - PF01","precinct_full_name":"Powers Ferry 01","has_polygon":true},"geometry":{"type":"Point","coordinates":[-84.48674426488932,33.939355]}},{"type":"Feature","properties":{"id":"2024-13121-08F2","county_nam":"Fulton","county_norm":"FULTON","prec_id":"08F2","precinct_name":"Fulton - 08F2","precinct_norm":"FULTON - 08F2","precinct_full_name":"Morris Brandon Primary Center School","has_polygon":true},"geometry":{"type":"Point","coordinates":[-84.45271922618616,33.826262]}},{"type":"Feature","properties":{"id":"2024-13121-08E","county_nam":"Fulton","county_norm":"FULTON","prec_id":"08E","precinct_name":"Fulton - 08E","precinct_norm":"FULTON - 08E","precinct_full_name":"Morris Brandon Primary Center School","has_polygon":true},"geometry":{"type":"Point","coordinates":[-84.44517868847491,33.840772]}},{"type":"Feature","properties":{"id":"2024-13067-VG04","county_nam":"Cobb","county_norm":"COBB","prec_id":"VG04","precinct_name":"Cobb - VG04","precinct_norm":"COBB - VG04","precinct_full_name":"Vinings 04","has_polygon":true},"geometry":{"type":"Point","coordinates":[-84.47022563890695,33.847702]}},{"type":"Feature","properties":{"id":"2024-13067-VG01","county_nam":"Cobb","county_norm":"COBB","prec_id":"VG01","precinct_name":"Cobb - VG01","precinct_norm":"COBB - VG01","precinct_full_name":"Vinings 01","has_polygon":true},"geometry":{"type":"Point","coordinates":[-84.45600012281342,33.8743105]}},{"type":"Feature","properties":{"id":"2024-13121-09F","county_nam":"Fulton","county_norm":"FULTON","prec_id":"09F","precinct_name":"Fulton - 09F","precinct_norm":"FULTON - 09F","precinct_full_name":"Morris Brandon Primary Center School","has_polygon":true},"geometry":{"type":"Point","coordinates":[-84.43336702499403,33.820240999999996]}},{"type":"Feature","properties":{"id":"2024-13121-08N2","county_nam":"Fulton","county_norm":"FULTON","prec_id":"08N2","precinct_name":"Fulton - 08N2","precinct_norm":"FULTON - 08N2","precinct_full_name":"Trinity Presbyterian Church","has_polygon":true},"geometry":{"type":"Point","coordinates":[-84.42469233537234,33.84055]}},{"type":"Feature","properties":{"id":"2024-13121-08N1","county_nam":"Fulton","county_norm":"FULTON","prec_id":"08N1","precinct_name":"Fulton - 08N1","precinct_norm":"FULTON - 08N1","precinct_full_name":"Trinity Presbyterian Church","has_polygon":true},"geometry":{"type":"Point","coordinates":[-84.41996372251832,33.845692]}},{"type":"Feature","properties":{"id":"2024-13121-08F1","county_nam":"Fulton","county_norm":"FULTON","prec_id":"08F1","precinct_name":"Fulton - 08F1","precinct_norm":"FULTON - 08F1","precinct_full_name":"Trinity Presbyterian Church","has_polygon":true},"geometry":{"type":"Point","coordinates":[-84.41626410728414,33.833325]}},{"type":"Feature","properties":{"id":"2024-13121-08A","county_nam":"Fulton","county_norm":"FULTON","prec_id":"08A","precinct_name":"Fulton - 08A","precinct_norm":"FULTON - 08A","precinct_full_name":"Sutton Middle Six Grade Campus","has_polygon":true},"geometry":{"type":"Point","coordinates":[-84.44216881841155,33.864812]}},{"type":"Feature","properties":{"id":"2024-13121-08D","county_nam":"Fulton","county_norm":"FULTON","prec_id":"08D","precinct_name":"Fulton - 08D","precinct_norm":"FULTON - 08D","precinct_full_name":"Northside Branch Library","has_polygon":true},"geometry":{"type":"Point","coordinates":[-84.41983549287914,33.851511]}},{"type":"Feature","properties":{"id":"2024-13121-08C","county_nam":"Fulton","county_norm":"FULTON","prec_id":"08C","precinct_name":"Fulton - 08C","precinct_norm":"FULTON - 08C","precinct_full_name":"Sutton Middle Six Grade Campus","has_polygon":true},"geometry":{"type":"Point","coordinates":[-84.41108555789074,33.8644285]}},{"type":"Feature","properties":{"id":"2024-13067-CA01","county_nam":"Cobb","county_norm":"COBB","prec_id":"CA01","precinct_name":"Cobb - CA01","precinct_norm":"COBB - CA01","precinct_full_name":"Chattahoochee 01","has_polygon":true},"geometry":{"type":"Point","coordinates":[-84.45544028947369,33.8970735]}},{"type":"Feature","properties":{"id":"2024-13067-TM01","county_nam":"Cobb","county_norm":"COBB","prec_id":"TM01","precinct_name":"Cobb - TM01","precinct_norm":"COBB - TM01","precinct_full_name":"Terrell Mill 01","has_polygon":true},"geometry":{"type":"Point","coordinates":[-84.46890860177956,33.9270395]}},{"type":"Feature","properties":{"id":"2024-13067-SO02","county_nam":"Cobb","county_norm":"COBB","prec_id":"SO02","precinct_name":"Cobb - SO02","precinct_norm":"COBB - SO02","precinct_full_name":"Sope Creek 02","has_polygon":true},"geometry":{"type":"Point","coordinates":[-84.45890643323837,33.920396999999994]}},{"type":"Feature","properties":{"id":"2024-13121-SS09A","county_nam":"Fulton","county_norm":"FULTON","prec_id":"SS09A","precinct_name":"Fulton - SS09A","precinct_norm":"FULTON - SS09A","precinct_full_name":"Mount Vernon Baptist Church","has_polygon":true},"geometry":{"type":"Point","coordinates":[-84.42731065375293,33.897358499999996]}},{"type":"Feature","properties":{"id":"2024-13067-SO03","county_nam":"Cobb","county_norm":"COBB","prec_id":"SO03","precinct_name":"Cobb - SO03","precinct_norm":"COBB - SO03","precinct_full_name":"Sope Creek 03","has_polygon":true},"geometry":{"type":"Point","coordinates":[-84.42832036278875,33.930741499999996]}},{"type":"Feature","properties":{"id":"2024-13121-SS16","county_nam":"Fulton","county_norm":"FULTON","prec_id":"SS16","precinct_name":"Fulton - SS16","precinct_norm":"FULTON - SS16","precinct_full_name":"Mount Vernon Baptist Church","has_polygon":true},"geometry":{"type":"Point","coordinates":[-84.42180825530887,33.9225215]}},{"type":"Feature","properties":{"id":"2024-13067-MR5B","county_nam":"Cobb","county_norm":"COBB","prec_id":"MR5B","precinct_name":"Cobb - MR5B","precinct_norm":"COBB - MR5B","precinct_full_name":"Marietta 5B","has_polygon":true},"geometry":{"type":"Point","coordinates":[-84.53944087860373,33.979416]}},{"type":"Feature","properties":{"id":"2024-13067-MR6B","county_nam":"Cobb","county_norm":"COBB","prec_id":"MR6B","precinct_name":"Cobb - MR6B","precinct_norm":"COBB - MR6B","precinct_full_name":"Marietta 6B","has_polygon":true},"geometry":{"type":"Point","coordinates":[-84.5166653799046,33.9822305]}},{"type":"Feature","properties":{"id":"2024-13067-EL02","county_nam":"Cobb","county_norm":"COBB","prec_id":"EL02","precinct_name":"Cobb - EL02","precinct_norm":"COBB - EL02","precinct_full_name":"Elizabeth 02","has_polygon":true},"geometry":{"type":"Point","coordinates":[-84.52073009739941,34.003682]}},{"type":"Feature","properties":{"id":"2024-13067-MR6A","county_nam":"Cobb","county_norm":"COBB","prec_id":"MR6A","precinct_name":"Cobb - MR6A","precinct_norm":"COBB - MR6A","precinct_full_name":"Marietta 6A","has_polygon":true},"geometry":{"type":"Point","coordinates":[-84.51216374767473,33.967738]}},{"type":"Feature","properties":{"id":"2024-13067-EL04","county_nam":"Cobb","county_norm":"COBB","prec_id":"EL04","precinct_name":"Cobb - EL04","precinct_norm":"COBB - EL04","precinct_full_name":"Elizabeth 04","has_polygon":true},"geometry":{"type":"Point","coordinates":[-84.49957576008258,33.978463500000004]}},{"type":"Feature","properties":{"id":"2024-13067-SM03","county_nam":"Cobb","county_norm":"COBB","prec_id":"SM03","precinct_name":"Cobb - SM03","precinct_norm":"COBB - SM03","precinct_full_name":"Sewell Mill 03","has_polygon":true},"geometry":{"type":"Point","coordinates":[-84.48145018798738,33.964029499999995]}},{"type":"Feature","properties":{"id":"2024-13067-EL03","county_nam":"Cobb","county_norm":"COBB","prec_id":"EL03","precinct_name":"Cobb - EL03","precinct_norm":"COBB - EL03","precinct_full_name":"Elizabeth 03","has_polygon":true},"geometry":{"type":"Point","coordinates":[-84.49580402016406,33.998064]}},{"type":"Feature","properties":{"id":"2024-13089-FM","county_nam":"Dekalb","county_norm":"DEKALB","prec_id":"FM","precinct_name":"Dekalb - FM","precinct_norm":"DEKALB - FM","precinct_full_name":"Freedom Middle","has_polygon":true},"geometry":{"type":"Point","coordinates":[-84.19118471780632,33.781574]}},{"type":"Feature","properties":{"id":"2024-13089-PE","county_nam":"Dekalb","county_norm":"DEKALB","prec_id":"PE","precinct_name":"Dekalb - PE","precinct_norm":"DEKALB - PE","precinct_full_name":"Pine Lake (Pin)","has_polygon":true},"geometry":{"type":"Point","coordinates":[-84.20606685030816,33.789910000000006]}},{"type":"Feature","properties":{"id":"2024-13089-HA","county_nam":"Dekalb","county_norm":"DEKALB","prec_id":"HA","precinct_name":"Dekalb - HA","precinct_norm":"DEKALB - HA","precinct_full_name":"Hambrick Elementary","has_polygon":true},"geometry":{"type":"Point","coordinates":[-84.20572226518236,33.8081725]}},{"type":"Feature","properties":{"id":"2024-13089-RE","county_nam":"Dekalb","county_norm":"DEKALB","prec_id":"RE","precinct_name":"Dekalb - RE","precinct_norm":"DEKALB - RE","precinct_full_name":"Rockbridge Elementary","has_polygon":true},"geometry":{"type":"Point","coordinates":[-84.19632717058508,33.7961935]}},{"type":"Feature","properties":{"id":"2024-13089-SJ","county_nam":"Dekalb","county_norm":"DEKALB","prec_id":"SJ","precinct_name":"Dekalb - SJ","precinct_norm":"DEKALB - SJ","precinct_full_name":"Stone Mill Elementary","has_polygon":true},"geometry":{"type":"Point","coordinates":[-84.18744621806167,33.8100655]}},{"type":"Feature","properties":{"id":"2024-13089-MA","county_nam":"Dekalb","county_norm":"DEKALB","prec_id":"MA","precinct_name":"Dekalb - MA","precinct_norm":"DEKALB - MA","precinct_full_name":"Miller-Eldridge L Miller Elementary","has_polygon":true},"geometry":{"type":"Point","coordinates":[-84.17275344903507,33.768641]}},{"type":"Feature","properties":{"id":"2024-13089-SU","county_nam":"Dekalb","county_norm":"DEKALB","prec_id":"SU","precinct_name":"Dekalb - SU","precinct_norm":"DEKALB - SU","precinct_full_name":"South Hairston","has_polygon":true},"geometry":{"type":"Point","coordinates":[-84.17584577987867,33.774662]}},{"type":"Feature","properties":{"id":"2024-13089-PH","county_nam":"Dekalb","county_norm":"DEKALB","prec_id":"PH","precinct_name":"Dekalb - PH","precinct_norm":"DEKALB - PH","precinct_full_name":"Panola","has_polygon":true},"geometry":{"type":"Point","coordinates":[-84.15472902432073,33.756142]}},{"type":"Feature","properties":{"id":"2024-13089-SK","county_nam":"Dekalb","county_norm":"DEKALB","prec_id":"SK","precinct_name":"Dekalb - SK","precinct_norm":"DEKALB - SK","precinct_full_name":"Shadow Rock Elementary","has_polygon":true},"geometry":{"type":"Point","coordinates":[-84.14950602775762,33.772776500000006]}},{"type":"Feature","properties":{"id":"2024-13089-SP","county_nam":"Dekalb","county_norm":"DEKALB","prec_id":"SP","precinct_name":"Dekalb - SP","precinct_norm":"DEKALB - SP","precinct_full_name":"Stone Mtn Champion (Sto)","has_polygon":true},"geometry":{"type":"Point","coordinates":[-84.18250681016411,33.798927500000005]}},{"type":"Feature","properties":{"id":"2024-13089-SQ","county_nam":"Dekalb","county_norm":"DEKALB","prec_id":"SQ","precinct_name":"Dekalb - SQ","precinct_norm":"DEKALB - SQ","precinct_full_name":"Stone Mtn (Sto)","has_polygon":true},"geometry":{"type":"Point","coordinates":[-84.17176615367244,33.808476999999996]}},{"type":"Feature","properties":{"id":"2024-13121-08H","county_nam":"Fulton","county_norm":"FULTON","prec_id":"08H","precinct_name":"Fulton - 08H","precinct_norm":"FULTON - 08H","precinct_full_name":"Sutton Middle School","has_polygon":true},"geometry":{"type":"Point","coordinates":[-84.39771051072245,33.821657]}},{"type":"Feature","properties":{"id":"2024-13121-08M","county_nam":"Fulton","county_norm":"FULTON","prec_id":"08M","precinct_name":"Fulton - 08M","precinct_norm":"FULTON - 08M","precinct_full_name":"Buckhead Library","has_polygon":true},"geometry":{"type":"Point","coordinates":[-84.39437930853646,33.8411775]}},{"type":"Feature","properties":{"id":"2024-13121-07J","county_nam":"Fulton","county_norm":"FULTON","prec_id":"07J","precinct_name":"Fulton - 07J","precinct_norm":"FULTON - 07J","precinct_full_name":"Peachtree Hills Recreation Center","has_polygon":true},"geometry":{"type":"Point","coordinates":[-84.38115574507444,33.81734]}},{"type":"Feature","properties":{"id":"2024-13121-07H","county_nam":"Fulton","county_norm":"FULTON","prec_id":"07H","precinct_name":"Fulton - 07H","precinct_norm":"FULTON - 07H","precinct_full_name":"Second Ponce De Leon Baptist Church","has_polygon":true},"geometry":{"type":"Point","coordinates":[-84.37897975917306,33.8258735]}},{"type":"Feature","properties":{"id":"2024-13121-08G","county_nam":"Fulton","county_norm":"FULTON","prec_id":"08G","precinct_name":"Fulton - 08G","precinct_norm":"FULTON - 08G","precinct_full_name":"Cathedral Of Saint Philip","has_polygon":true},"geometry":{"type":"Point","coordinates":[-84.38919767579839,33.835991]}},{"type":"Feature","properties":{"id":"2024-13121-07D1","county_nam":"Fulton","county_norm":"FULTON","prec_id":"07D1","precinct_name":"Fulton - 07D1","precinct_norm":"FULTON - 07D1","precinct_full_name":"07D1","has_polygon":true},"geometry":{"type":"Point","coordinates":[-84.37753922540983,33.847013000000004]}},{"type":"Feature","properties":{"id":"2024-13121-08C1","county_nam":"Fulton","county_norm":"FULTON","prec_id":"08C1","precinct_name":"Fulton - 08C1","precinct_norm":"FULTON - 08C1","precinct_full_name":"08C1","has_polygon":true},"geometry":{"type":"Point","coordinates":[-84.39568429416174,33.855637]}},{"type":"Feature","properties":{"id":"2024-13121-08B","county_nam":"Fulton","county_norm":"FULTON","prec_id":"08B","precinct_name":"Fulton - 08B","precinct_norm":"FULTON - 08B","precinct_full_name":"Chastain Park Gymnasium","has_polygon":true},"geometry":{"type":"Point","coordinates":[-84.39475156561645,33.871364]}},{"type":"Feature","properties":{"id":"2024-13121-07F1","county_nam":"Fulton","county_norm":"FULTON","prec_id":"07F1","precinct_name":"Fulton - 07F1","precinct_norm":"FULTON - 07F1","precinct_full_name":"07F1","has_polygon":true},"geometry":{"type":"Point","coordinates":[-84.37615867368794,33.832544999999996]}},{"type":"Feature","properties":{"id":"2024-13121-06I","county_nam":"Fulton","county_norm":"FULTON","prec_id":"06I","precinct_name":"Fulton - 06I","precinct_norm":"FULTON - 06I","precinct_full_name":"Peachtree Hills Recreation Center","has_polygon":true},"geometry":{"type":"Point","coordinates":[-84.36577563681783,33.8218745]}},{"type":"Feature","properties":{"id":"2024-13121-07F","county_nam":"Fulton","county_norm":"FULTON","prec_id":"07F","precinct_name":"Fulton - 07F","precinct_norm":"FULTON - 07F","precinct_full_name":"Cathedral Of Saint Philip","has_polygon":true},"geometry":{"type":"Point","coordinates":[-84.36406350895618,33.8360845]}},{"type":"Feature","properties":{"id":"2024-13121-07D","county_nam":"Fulton","county_norm":"FULTON","prec_id":"07D","precinct_name":"Fulton - 07D","precinct_norm":"FULTON - 07D","precinct_full_name":"Buckhead Library","has_polygon":true},"geometry":{"type":"Point","coordinates":[-84.365261975299,33.844005]}},{"type":"Feature","properties":{"id":"2024-13121-07N","county_nam":"Fulton","county_norm":"FULTON","prec_id":"07N","precinct_name":"Fulton - 07N","precinct_norm":"FULTON - 07N","precinct_full_name":"Garden Hills Elementary","has_polygon":true},"geometry":{"type":"Point","coordinates":[-84.36273843523185,33.828886499999996]}},{"type":"Feature","properties":{"id":"2024-13121-07E","county_nam":"Fulton","county_norm":"FULTON","prec_id":"07E","precinct_name":"Fulton - 07E","precinct_norm":"FULTON - 07E","precinct_full_name":"Garden Hills Elementary","has_polygon":true},"geometry":{"type":"Point","coordinates":[-84.35313218585225,33.835708499999996]}},{"type":"Feature","properties":{"id":"2024-13121-07M","county_nam":"Fulton","county_norm":"FULTON","prec_id":"07M","precinct_name":"Fulton - 07M","precinct_norm":"FULTON - 07M","precinct_full_name":"Don & Mary Ellen Harp Student Center At Peachtree Road United Methodist","has_polygon":true},"geometry":{"type":"Point","coordinates":[-84.35975619869483,33.8408485]}},{"type":"Feature","properties":{"id":"2024-13121-07A1","county_nam":"Fulton","county_norm":"FULTON","prec_id":"07A1","precinct_name":"Fulton - 07A1","precinct_norm":"FULTON - 07A1","precinct_full_name":"07A1","has_polygon":true},"geometry":{"type":"Point","coordinates":[-84.37022949253267,33.850631]}},{"type":"Feature","properties":{"id":"2024-13121-07A","county_nam":"Fulton","county_norm":"FULTON","prec_id":"07A","precinct_name":"Fulton - 07A","precinct_norm":"FULTON - 07A","precinct_full_name":"Sarah Rawson Smith School","has_polygon":true},"geometry":{"type":"Point","coordinates":[-84.37692003030304,33.8660725]}},{"type":"Feature","properties":{"id":"2024-13121-07C","county_nam":"Fulton","county_norm":"FULTON","prec_id":"07C","precinct_name":"Fulton - 07C","precinct_norm":"FULTON - 07C","precinct_full_name":"Sara Smith Intermediate School","has_polygon":true},"geometry":{"type":"Point","coordinates":[-84.35413270657207,33.853663]}},{"type":"Feature","properties":{"id":"2024-13121-07B","county_nam":"Fulton","county_norm":"FULTON","prec_id":"07B","precinct_name":"Fulton - 07B","precinct_norm":"FULTON - 07B","precinct_full_name":"St. James United Methodist Church","has_polygon":true},"geometry":{"type":"Point","coordinates":[-84.36019099242424,33.8699085]}},{"type":"Feature","properties":{"id":"2024-13121-SS09B","county_nam":"Fulton","county_norm":"FULTON","prec_id":"SS09B","precinct_name":"Fulton - SS09B","precinct_norm":"FULTON - SS09B","precinct_full_name":"North Fulton Training Center","has_polygon":true},"geometry":{"type":"Point","coordinates":[-84.3996438557807,33.8976915]}},{"type":"Feature","properties":{"id":"2024-13121-SS13B","county_nam":"Fulton","county_norm":"FULTON","prec_id":"SS13B","precinct_name":"Fulton - SS13B","precinct_norm":"FULTON - SS13B","precinct_full_name":"North Fulton Training Center","has_polygon":true},"geometry":{"type":"Point","coordinates":[-84.38435918303159,33.8858035]}},{"type":"Feature","properties":{"id":"2024-13121-SS11D","county_nam":"Fulton","county_norm":"FULTON","prec_id":"SS11D","precinct_name":"Fulton - SS11D","precinct_norm":"FULTON - SS11D","precinct_full_name":"High Point Elementary","has_polygon":true},"geometry":{"type":"Point","coordinates":[-84.38388571032915,33.894871]}},{"type":"Feature","properties":{"id":"2024-13121-SS11B","county_nam":"Fulton","county_norm":"FULTON","prec_id":"SS11B","precinct_name":"Fulton - SS11B","precinct_norm":"FULTON - SS11B","precinct_full_name":"High Point Elementary","has_polygon":true},"geometry":{"type":"Point","coordinates":[-84.38286710911436,33.9038815]}},{"type":"Feature","properties":{"id":"2024-13121-SS06","county_nam":"Fulton","county_norm":"FULTON","prec_id":"SS06","precinct_name":"Fulton - SS06","precinct_norm":"FULTON - SS06","precinct_full_name":"Sandy Springs Library","has_polygon":true},"geometry":{"type":"Point","coordinates":[-84.39765708118661,33.921623]}},{"type":"Feature","properties":{"id":"2024-13121-SS05","county_nam":"Fulton","county_norm":"FULTON","prec_id":"SS05","precinct_name":"Fulton - SS05","precinct_norm":"FULTON - SS05","precinct_full_name":"Sandy Springs Christian Church","has_polygon":true},"geometry":{"type":"Point","coordinates":[-84.40047223541337,33.935257]}},{"type":"Feature","properties":{"id":"2024-13121-SS18A","county_nam":"Fulton","county_norm":"FULTON","prec_id":"SS18A","precinct_name":"Fulton - SS18A","precinct_norm":"FULTON - SS18A","precinct_full_name":"Sandy Springs Christian Church","has_polygon":true},"geometry":{"type":"Point","coordinates":[-84.39871835129175,33.943324000000004]}},{"type":"Feature","properties":{"id":"2024-13121-SS31","county_nam":"Fulton","county_norm":"FULTON","prec_id":"SS31","precinct_name":"Fulton - SS31","precinct_norm":"FULTON - SS31","precinct_full_name":"Sandy Springs Library","has_polygon":true},"geometry":{"type":"Point","coordinates":[-84.38689458882284,33.918157]}},{"type":"Feature","properties":{"id":"2024-13121-SS06A","county_nam":"Fulton","county_norm":"FULTON","prec_id":"SS06A","precinct_name":"Fulton - SS06A","precinct_norm":"FULTON - SS06A","precinct_full_name":"SS06A","has_polygon":true},"geometry":{"type":"Point","coordinates":[-84.3918142828565,33.9295875]}},{"type":"Feature","properties":{"id":"2024-13121-SS03A","county_nam":"Fulton","county_norm":"FULTON","prec_id":"SS03A","precinct_name":"Fulton - SS03A","precinct_norm":"FULTON - SS03A","precinct_full_name":"SS03A","has_polygon":true},"geometry":{"type":"Point","coordinates":[-84.3843650207317,33.932666999999995]}},{"type":"Feature","properties":{"id":"2024-13121-SS03","county_nam":"Fulton","county_norm":"FULTON","prec_id":"SS03","precinct_name":"Fulton - SS03","precinct_norm":"FULTON - SS03","precinct_full_name":"Lake Forest Elementary School","has_polygon":true},"geometry":{"type":"Point","coordinates":[-84.38107475765523,33.942102000000006]}},{"type":"Feature","properties":{"id":"2024-13121-SS13A","county_nam":"Fulton","county_norm":"FULTON","prec_id":"SS13A","precinct_name":"Fulton - SS13A","precinct_norm":"FULTON - SS13A","precinct_full_name":"North Fulton Training Center","has_polygon":true},"geometry":{"type":"Point","coordinates":[-84.3742474977291,33.886604000000005]}},{"type":"Feature","properties":{"id":"2024-13121-SS11A","county_nam":"Fulton","county_norm":"FULTON","prec_id":"SS11A","precinct_name":"Fulton - SS11A","precinct_norm":"FULTON - SS11A","precinct_full_name":"Church Of The Redeemer","has_polygon":true},"geometry":{"type":"Point","coordinates":[-84.37256797429907,33.9022615]}},{"type":"Feature","properties":{"id":"2024-13121-SS11C","county_nam":"Fulton","county_norm":"FULTON","prec_id":"SS11C","precinct_name":"Fulton - SS11C","precinct_norm":"FULTON - SS11C","precinct_full_name":"High Point Elementary","has_polygon":true},"geometry":{"type":"Point","coordinates":[-84.37715105954825,33.9124923608464]}},{"type":"Feature","properties":{"id":"2024-13121-SS07D","county_nam":"Fulton","county_norm":"FULTON","prec_id":"SS07D","precinct_name":"Fulton - SS07D","precinct_norm":"FULTON - SS07D","precinct_full_name":"SS07D","has_polygon":true},"geometry":{"type":"Point","coordinates":[-84.37511916101627,33.912882119657084]}},{"type":"Feature","properties":{"id":"2024-13121-SS14","county_nam":"Fulton","county_norm":"FULTON","prec_id":"SS14","precinct_name":"Fulton - SS14","precinct_norm":"FULTON - SS14","precinct_full_name":"Ridgeview Charter Middle School","has_polygon":true},"geometry":{"type":"Point","coordinates":[-84.35994603855599,33.8832225]}},{"type":"Feature","properties":{"id":"2024-13121-SS12","county_nam":"Fulton","county_norm":"FULTON","prec_id":"SS12","precinct_name":"Fulton - SS12","precinct_norm":"FULTON - SS12","precinct_full_name":"Ridgeview Charter Middle School","has_polygon":true},"geometry":{"type":"Point","coordinates":[-84.35792459601069,33.898157499999996]}},{"type":"Feature","properties":{"id":"2024-13121-SS07C","county_nam":"Fulton","county_norm":"FULTON","prec_id":"SS07C","precinct_name":"Fulton - SS07C","precinct_norm":"FULTON - SS07C","precinct_full_name":"Lake Forest Elementary School","has_polygon":true},"geometry":{"type":"Point","coordinates":[-84.37361453070659,33.914559]}},{"type":"Feature","properties":{"id":"2024-13121-SS07B","county_nam":"Fulton","county_norm":"FULTON","prec_id":"SS07B","precinct_name":"Fulton - SS07B","precinct_norm":"FULTON - SS07B","precinct_full_name":"Lake Forest Elementary School","has_polygon":true},"geometry":{"type":"Point","coordinates":[-84.37331190114944,33.9229335]}},{"type":"Feature","properties":{"id":"2024-13121-SS07A","county_nam":"Fulton","county_norm":"FULTON","prec_id":"SS07A","precinct_name":"Fulton - SS07A","precinct_norm":"FULTON - SS07A","precinct_full_name":"Lake Forest Elementary School","has_polygon":true},"geometry":{"type":"Point","coordinates":[-84.37280752908977,33.930826499999995]}},{"type":"Feature","properties":{"id":"2024-13121-SS08B","county_nam":"Fulton","county_norm":"FULTON","prec_id":"SS08B","precinct_name":"Fulton - SS08B","precinct_norm":"FULTON - SS08B","precinct_full_name":"Hammond Park Gym","has_polygon":true},"geometry":{"type":"Point","coordinates":[-84.36364165462005,33.9243755]}},{"type":"Feature","properties":{"id":"2024-13121-SS08E","county_nam":"Fulton","county_norm":"FULTON","prec_id":"SS08E","precinct_name":"Fulton - SS08E","precinct_norm":"FULTON - SS08E","precinct_full_name":"SS08E","has_polygon":true},"geometry":{"type":"Point","coordinates":[-84.36361160208334,33.9288175]}},{"type":"Feature","properties":{"id":"2024-13121-SS04A","county_nam":"Fulton","county_norm":"FULTON","prec_id":"SS04A","precinct_name":"Fulton - SS04A","precinct_norm":"FULTON - SS04A","precinct_full_name":"SS04A","has_polygon":true},"geometry":{"type":"Point","coordinates":[-84.3766481388889,33.938295]}},{"type":"Feature","properties":{"id":"2024-13121-SS02B","county_nam":"Fulton","county_norm":"FULTON","prec_id":"SS02B","precinct_name":"Fulton - SS02B","precinct_norm":"FULTON - SS02B","precinct_full_name":"Spalding Drive Elementary","has_polygon":true},"geometry":{"type":"Point","coordinates":[-84.3762485798051,33.9451185]}},{"type":"Feature","properties":{"id":"2024-13121-SS08C","county_nam":"Fulton","county_norm":"FULTON","prec_id":"SS08C","precinct_name":"Fulton - SS08C","precinct_norm":"FULTON - SS08C","precinct_full_name":"Hammond Park Gym","has_polygon":true},"geometry":{"type":"Point","coordinates":[-84.36198515872208,33.933007]}},{"type":"Feature","properties":{"id":"2024-13121-SS04","county_nam":"Fulton","county_norm":"FULTON","prec_id":"SS04","precinct_name":"Fulton - SS04","precinct_norm":"FULTON - SS04","precinct_full_name":"St. Jude Catholic Church","has_polygon":true},"geometry":{"type":"Point","coordinates":[-84.36474445295698,33.945488]}},{"type":"Feature","properties":{"id":"2024-13121-SS08A","county_nam":"Fulton","county_norm":"FULTON","prec_id":"SS08A","precinct_name":"Fulton - SS08A","precinct_norm":"FULTON - SS08A","precinct_full_name":"Hammond Park Gym","has_polygon":true},"geometry":{"type":"Point","coordinates":[-84.35874174571322,33.914661499999994]}},{"type":"Feature","properties":{"id":"2024-13121-SS08D","county_nam":"Fulton","county_norm":"FULTON","prec_id":"SS08D","precinct_name":"Fulton - SS08D","precinct_norm":"FULTON - SS08D","precinct_full_name":"Hammond Park Gym","has_polygon":true},"geometry":{"type":"Point","coordinates":[-84.35388608888455,33.9232035]}},{"type":"Feature","properties":{"id":"2024-13121-SS29C","county_nam":"Fulton","county_norm":"FULTON","prec_id":"SS29C","precinct_name":"Fulton - SS29C","precinct_norm":"FULTON - SS29C","precinct_full_name":"SS29C","has_polygon":true},"geometry":{"type":"Point","coordinates":[-84.35286164873486,33.946819000000005]}},{"type":"Feature","properties":{"id":"2024-13121-SS29A","county_nam":"Fulton","county_norm":"FULTON","prec_id":"SS29A","precinct_name":"Fulton - SS29A","precinct_norm":"FULTON - SS29A","precinct_full_name":"St. Jude Catholic Church","has_polygon":true},"geometry":{"type":"Point","coordinates":[-84.35179624001664,33.935008999999994]}},{"type":"Feature","properties":{"id":"2024-13121-SS08F","county_nam":"Fulton","county_norm":"FULTON","prec_id":"SS08F","precinct_name":"Fulton - SS08F","precinct_norm":"FULTON - SS08F","precinct_full_name":"SS08F","has_polygon":true},"geometry":{"type":"Point","coordinates":[-84.34909371630374,33.93442]}},{"type":"Feature","properties":{"id":"2024-13089-LC","county_nam":"Dekalb","county_norm":"DEKALB","prec_id":"LC","precinct_name":"Dekalb - LC","precinct_norm":"DEKALB - LC","precinct_full_name":"Lavista","has_polygon":true},"geometry":{"type":"Point","coordinates":[-84.33581712700442,33.821594000000005]}},{"type":"Feature","properties":{"id":"2024-13089-WJ","county_nam":"Dekalb","county_norm":"DEKALB","prec_id":"WJ","precinct_name":"Dekalb - WJ","precinct_norm":"DEKALB - WJ","precinct_full_name":"Woodward (Brookhaven)","has_polygon":true},"geometry":{"type":"Point","coordinates":[-84.3354255,33.833871]}},{"type":"Feature","properties":{"id":"2024-13089-CO","county_nam":"Dekalb","county_norm":"DEKALB","prec_id":"CO","precinct_name":"Dekalb - CO","precinct_norm":"DEKALB - CO","precinct_full_name":"Cross Keys High (Brookhaven)","has_polygon":true},"geometry":{"type":"Point","coordinates":[-84.33332692694806,33.842110000000005]}},{"type":"Feature","properties":{"id":"2024-13089-HI","county_nam":"Dekalb","county_norm":"DEKALB","prec_id":"HI","precinct_name":"Dekalb - HI","precinct_norm":"DEKALB - HI","precinct_full_name":"Harris-Margaret Harris Ed","has_polygon":true},"geometry":{"type":"Point","coordinates":[-84.32045307182811,33.827923999999996]}},{"type":"Feature","properties":{"id":"2024-13063-MO02","county_nam":"Clayton","county_norm":"CLAYTON","prec_id":"MO02","precinct_name":"Clayton - MO02","precinct_norm":"CLAYTON - MO02","precinct_full_name":"Morrow 2","has_polygon":true},"geometry":{"type":"Point","coordinates":[-84.33531310110769,33.584032]}},{"type":"Feature","properties":{"id":"2024-13063-MO07","county_nam":"Clayton","county_norm":"CLAYTON","prec_id":"MO07","precinct_name":"Clayton - MO07","precinct_norm":"CLAYTON - MO07","precinct_full_name":"Morrow 7","has_polygon":true},"geometry":{"type":"Point","coordinates":[-84.31239881846659,33.5777155]}},{"type":"Feature","properties":{"id":"2024-13063-MO03","county_nam":"Clayton","county_norm":"CLAYTON","prec_id":"MO03","precinct_name":"Clayton - MO03","precinct_norm":"CLAYTON - MO03","precinct_full_name":"Morrow 3","has_polygon":true},"geometry":{"type":"Point","coordinates":[-84.31169254759229,33.5902335]}},{"type":"Feature","properties":{"id":"2024-13063-LC1","county_nam":"Clayton","county_norm":"CLAYTON","prec_id":"LC1","precinct_name":"Clayton - LC1","precinct_norm":"CLAYTON - LC1","precinct_full_name":"Lake City","has_polygon":true},"geometry":{"type":"Point","coordinates":[-84.32625483394736,33.6024825]}},{"type":"Feature","properties":{"id":"2024-13063-MO04","county_nam":"Clayton","county_norm":"CLAYTON","prec_id":"MO04","precinct_name":"Clayton - MO04","precinct_norm":"CLAYTON - MO04","precinct_full_name":"Morrow 4","has_polygon":true},"geometry":{"type":"Point","coordinates":[-84.31396235866326,33.568540999999996]}},{"type":"Feature","properties":{"id":"2024-13063-MO09","county_nam":"Clayton","county_norm":"CLAYTON","prec_id":"MO09","precinct_name":"Clayton - MO09","precinct_norm":"CLAYTON - MO09","precinct_full_name":"Morrow 9","has_polygon":true},"geometry":{"type":"Point","coordinates":[-84.29632496399594,33.564563]}},{"type":"Feature","properties":{"id":"2024-13063-MO06","county_nam":"Clayton","county_norm":"CLAYTON","prec_id":"MO06","precinct_name":"Clayton - MO06","precinct_norm":"CLAYTON - MO06","precinct_full_name":"Morrow 6","has_polygon":true},"geometry":{"type":"Point","coordinates":[-84.27939914810462,33.579758999999996]}},{"type":"Feature","properties":{"id":"2024-13063-MO11","county_nam":"Clayton","county_norm":"CLAYTON","prec_id":"MO11","precinct_name":"Clayton - MO11","precinct_norm":"CLAYTON - MO11","precinct_full_name":"Morrow 11","has_polygon":true},"geometry":{"type":"Point","coordinates":[-84.30570347068169,33.5999965]}},{"type":"Feature","properties":{"id":"2024-13063-EW1","county_nam":"Clayton","county_norm":"CLAYTON","prec_id":"EW1","precinct_name":"Clayton - EW1","precinct_norm":"CLAYTON - EW1","precinct_full_name":"Ellenwood 1","has_polygon":true},"geometry":{"type":"Point","coordinates":[-84.30097100942936,33.619052999999994]}},{"type":"Feature","properties":{"id":"2024-13063-MO01","county_nam":"Clayton","county_norm":"CLAYTON","prec_id":"MO01","precinct_name":"Clayton - MO01","precinct_norm":"CLAYTON - MO01","precinct_full_name":"Morrow 1","has_polygon":true},"geometry":{"type":"Point","coordinates":[-84.3270940938055,33.6296575]}},{"type":"Feature","properties":{"id":"2024-13089-BL","county_nam":"Dekalb","county_norm":"DEKALB","prec_id":"BL","precinct_name":"Dekalb - BL","precinct_norm":"DEKALB - BL","precinct_full_name":"Bouldercrest Road","has_polygon":true},"geometry":{"type":"Point","coordinates":[-84.32711665102512,33.664959499999995]}},{"type":"Feature","properties":{"id":"2024-13063-EW2","county_nam":"Clayton","county_norm":"CLAYTON","prec_id":"EW2","precinct_name":"Clayton - EW2","precinct_norm":"CLAYTON - EW2","precinct_full_name":"Ellenwood 2","has_polygon":true},"geometry":{"type":"Point","coordinates":[-84.28141214698347,33.628856999999996]}},{"type":"Feature","properties":{"id":"2024-13089-CS","county_nam":"Dekalb","county_norm":"DEKALB","prec_id":"CS","precinct_name":"Dekalb - CS","precinct_norm":"DEKALB - CS","precinct_full_name":"Cedar Grove South","has_polygon":true},"geometry":{"type":"Point","coordinates":[-84.29387641993671,33.6562505]}},{"type":"Feature","properties":{"id":"2024-13089-CD","county_nam":"Dekalb","county_norm":"DEKALB","prec_id":"CD","precinct_name":"Dekalb - CD","precinct_norm":"DEKALB - CD","precinct_full_name":"Cedar Grove Elementary","has_polygon":true},"geometry":{"type":"Point","coordinates":[-84.29328545457733,33.6729565]}},{"type":"Feature","properties":{"id":"2024-13121-12F","county_nam":"Fulton","county_norm":"FULTON","prec_id":"12F","precinct_name":"Fulton - 12F","precinct_norm":"FULTON - 12F","precinct_full_name":"John Birdine Neighborhood Center","has_polygon":true},"geometry":{"type":"Point","coordinates":[-84.39708515858075,33.697243]}},{"type":"Feature","properties":{"id":"2024-13121-12A","county_nam":"Fulton","county_norm":"FULTON","prec_id":"12A","precinct_name":"Fulton - 12A","precinct_norm":"FULTON - 12A","precinct_full_name":"Metropolitan Library","has_polygon":true},"geometry":{"type":"Point","coordinates":[-84.40980372902158,33.7112675]}},{"type":"Feature","properties":{"id":"2024-13121-12S","county_nam":"Fulton","county_norm":"FULTON","prec_id":"12S","precinct_name":"Fulton - 12S","precinct_norm":"FULTON - 12S","precinct_full_name":"Watley Library At Southeast Atlanta","has_polygon":true},"geometry":{"type":"Point","coordinates":[-84.39721616231633,33.712196500000005]}},{"type":"Feature","properties":{"id":"2024-13121-01J","county_nam":"Fulton","county_norm":"FULTON","prec_id":"01J","precinct_name":"Fulton - 01J","precinct_norm":"FULTON - 01J","precinct_full_name":"Watley Library At Southeast Atlanta","has_polygon":true},"geometry":{"type":"Point","coordinates":[-84.38801486232492,33.712887]}},{"type":"Feature","properties":{"id":"2024-13121-12K","county_nam":"Fulton","county_norm":"FULTON","prec_id":"12K","precinct_name":"Fulton - 12K","precinct_norm":"FULTON - 12K","precinct_full_name":"Pittman Park Recreation Center","has_polygon":true},"geometry":{"type":"Point","coordinates":[-84.40697878347686,33.731835000000004]}},{"type":"Feature","properties":{"id":"2024-13121-12N","county_nam":"Fulton","county_norm":"FULTON","prec_id":"12N","precinct_name":"Fulton - 12N","precinct_norm":"FULTON - 12N","precinct_full_name":"Pittman Park Recreation Center","has_polygon":true},"geometry":{"type":"Point","coordinates":[-84.39683555888618,33.7245495]}},{"type":"Feature","properties":{"id":"2024-13121-04B","county_nam":"Fulton","county_norm":"FULTON","prec_id":"04B","precinct_name":"Fulton - 04B","precinct_norm":"FULTON - 04B","precinct_full_name":"Flipper Temple African Methodist Episcopal Church","has_polygon":true},"geometry":{"type":"Point","coordinates":[-84.40780598463687,33.746393]}},{"type":"Feature","properties":{"id":"2024-13121-04V","county_nam":"Fulton","county_norm":"FULTON","prec_id":"04V","precinct_name":"Fulton - 04V","precinct_norm":"FULTON - 04V","precinct_full_name":"Dunbar Neighborhood Center - Gym","has_polygon":true},"geometry":{"type":"Point","coordinates":[-84.39816581279399,33.7371435]}},{"type":"Feature","properties":{"id":"2024-13121-04I","county_nam":"Fulton","county_norm":"FULTON","prec_id":"04I","precinct_name":"Fulton - 04I","precinct_norm":"FULTON - 04I","precinct_full_name":"Trinity United Methodist","has_polygon":true},"geometry":{"type":"Point","coordinates":[-84.39419042048519,33.7530595]}},{"type":"Feature","properties":{"id":"2024-13121-01F","county_nam":"Fulton","county_norm":"FULTON","prec_id":"01F","precinct_name":"Fulton - 01F","precinct_norm":"FULTON - 01F","precinct_full_name":"Fanplex","has_polygon":true},"geometry":{"type":"Point","coordinates":[-84.39155821098105,33.728738]}},{"type":"Feature","properties":{"id":"2024-13121-01G","county_nam":"Fulton","county_norm":"FULTON","prec_id":"01G","precinct_name":"Fulton - 01G","precinct_norm":"FULTON - 01G","precinct_full_name":"Fanplex","has_polygon":true},"geometry":{"type":"Point","coordinates":[-84.38327264996953,33.7284885]}},{"type":"Feature","properties":{"id":"2024-13121-01D","county_nam":"Fulton","county_norm":"FULTON","prec_id":"01D","precinct_name":"Fulton - 01D","precinct_norm":"FULTON - 01D","precinct_full_name":"Grant Park Recreation Center","has_polygon":true},"geometry":{"type":"Point","coordinates":[-84.38683632447467,33.737186]}},{"type":"Feature","properties":{"id":"2024-13121-01H","county_nam":"Fulton","county_norm":"FULTON","prec_id":"01H","precinct_name":"Fulton - 01H","precinct_norm":"FULTON - 01H","precinct_full_name":"Liberty Baptist Church","has_polygon":true},"geometry":{"type":"Point","coordinates":[-84.3841025927072,33.7446895]}},{"type":"Feature","properties":{"id":"2024-13121-05B","county_nam":"Fulton","county_norm":"FULTON","prec_id":"05B","precinct_name":"Fulton - 05B","precinct_norm":"FULTON - 05B","precinct_full_name":"Liberty Baptist Church","has_polygon":true},"geometry":{"type":"Point","coordinates":[-84.37864474217925,33.750605]}},{"type":"Feature","properties":{"id":"2024-13121-01S","county_nam":"Fulton","county_norm":"FULTON","prec_id":"01S","precinct_name":"Fulton - 01S","precinct_norm":"FULTON - 01S","precinct_full_name":"Dobbs Elementary School","has_polygon":true},"geometry":{"type":"Point","coordinates":[-84.36532798920862,33.6877365]}},{"type":"Feature","properties":{"id":"2024-13121-01C","county_nam":"Fulton","county_norm":"FULTON","prec_id":"01C","precinct_name":"Fulton - 01C","precinct_norm":"FULTON - 01C","precinct_full_name":"Dobbs Elementary School","has_polygon":true},"geometry":{"type":"Point","coordinates":[-84.37683477488152,33.70946]}},{"type":"Feature","properties":{"id":"2024-13121-01T","county_nam":"Fulton","county_norm":"FULTON","prec_id":"01T","precinct_name":"Fulton - 01T","precinct_norm":"FULTON - 01T","precinct_full_name":"Thomasville Recreation Center","has_polygon":true},"geometry":{"type":"Point","coordinates":[-84.36162418362055,33.711856]}},{"type":"Feature","properties":{"id":"2024-13121-01P","county_nam":"Fulton","county_norm":"FULTON","prec_id":"01P","precinct_name":"Fulton - 01P","precinct_norm":"FULTON - 01P","precinct_full_name":"Dobbs Elementary School","has_polygon":true},"geometry":{"type":"Point","coordinates":[-84.35435713527778,33.6908035]}},{"type":"Feature","properties":{"id":"2024-13121-01R","county_nam":"Fulton","county_norm":"FULTON","prec_id":"01R","precinct_name":"Fulton - 01R","precinct_norm":"FULTON - 01R","precinct_full_name":"Thomasville Recreation Center","has_polygon":true},"geometry":{"type":"Point","coordinates":[-84.35913051263444,33.70296999999999]}},{"type":"Feature","properties":{"id":"2024-13121-01E","county_nam":"Fulton","county_norm":"FULTON","prec_id":"01E","precinct_name":"Fulton - 01E","precinct_norm":"FULTON - 01E","precinct_full_name":"Grant Park Recreation Center","has_polygon":true},"geometry":{"type":"Point","coordinates":[-84.37407632059336,33.7341395]}},{"type":"Feature","properties":{"id":"2024-13121-01A","county_nam":"Fulton","county_norm":"FULTON","prec_id":"01A","precinct_name":"Fulton - 01A","precinct_norm":"FULTON - 01A","precinct_full_name":"Parkside Elementary School","has_polygon":true},"geometry":{"type":"Point","coordinates":[-84.36383516029937,33.7360295]}},{"type":"Feature","properties":{"id":"2024-13121-05A1","county_nam":"Fulton","county_norm":"FULTON","prec_id":"05A1","precinct_name":"Fulton - 05A1","precinct_norm":"FULTON - 05A1","precinct_full_name":"Dad's Garage Theatre","has_polygon":true},"geometry":{"type":"Point","coordinates":[-84.36733210091221,33.747777]}},{"type":"Feature","properties":{"id":"2024-13121-01B","county_nam":"Fulton","county_norm":"FULTON","prec_id":"01B","precinct_name":"Fulton - 01B","precinct_norm":"FULTON - 01B","precinct_full_name":"Ormewood Park Presbyterian Church","has_polygon":true},"geometry":{"type":"Point","coordinates":[-84.35669090545059,33.7281535]}},{"type":"Feature","properties":{"id":"2024-13121-05A2","county_nam":"Fulton","county_norm":"FULTON","prec_id":"05A2","precinct_name":"Fulton - 05A2","precinct_norm":"FULTON - 05A2","precinct_full_name":"Lang-Carson Community Center","has_polygon":true},"geometry":{"type":"Point","coordinates":[-84.35334720095867,33.7497135]}},{"type":"Feature","properties":{"id":"2024-13121-03G","county_nam":"Fulton","county_norm":"FULTON","prec_id":"03G","precinct_name":"Fulton - 03G","precinct_norm":"FULTON - 03G","precinct_full_name":"Lindsay Street Baptist Church","has_polygon":true},"geometry":{"type":"Point","coordinates":[-84.41025076406035,33.7590675]}},{"type":"Feature","properties":{"id":"2024-13121-03T","county_nam":"Fulton","county_norm":"FULTON","prec_id":"03T","precinct_name":"Fulton - 03T","precinct_norm":"FULTON - 03T","precinct_full_name":"Friendship Baptist Church","has_polygon":true},"geometry":{"type":"Point","coordinates":[-84.40303063343259,33.755908500000004]}},{"type":"Feature","properties":{"id":"2024-13121-03P2","county_nam":"Fulton","county_norm":"FULTON","prec_id":"03P2","precinct_name":"Fulton - 03P2","precinct_norm":"FULTON - 03P2","precinct_full_name":"Antioch Baptist Church Family Center","has_polygon":true},"geometry":{"type":"Point","coordinates":[-84.40156417800334,33.7668605]}},{"type":"Feature","properties":{"id":"2024-13121-04F","county_nam":"Fulton","county_norm":"FULTON","prec_id":"04F","precinct_name":"Fulton - 04F","precinct_norm":"FULTON - 04F","precinct_full_name":"Saint Luke's Episcopal Church","has_polygon":true},"geometry":{"type":"Point","coordinates":[-84.39419569266443,33.7649185]}},{"type":"Feature","properties":{"id":"2024-13121-03P1B","county_nam":"Fulton","county_norm":"FULTON","prec_id":"03P1B","precinct_name":"Fulton - 03P1B","precinct_norm":"FULTON - 03P1B","precinct_full_name":"Antioch Baptist Church Family Center","has_polygon":true},"geometry":{"type":"Point","coordinates":[-84.40448779526915,33.771592999999996]}},{"type":"Feature","properties":{"id":"2024-13121-03I","county_nam":"Fulton","county_norm":"FULTON","prec_id":"03I","precinct_name":"Fulton - 03I","precinct_norm":"FULTON - 03I","precinct_full_name":"North Avenue Presbyterian","has_polygon":true},"geometry":{"type":"Point","coordinates":[-84.39918472192839,33.778844]}},{"type":"Feature","properties":{"id":"2024-13121-01I","county_nam":"Fulton","county_norm":"FULTON","prec_id":"01I","precinct_name":"Fulton - 01I","precinct_norm":"FULTON - 01I","precinct_full_name":"Liberty Baptist Church","has_polygon":true},"geometry":{"type":"Point","coordinates":[-84.38641403078391,33.7522795]}},{"type":"Feature","properties":{"id":"2024-13121-02B","county_nam":"Fulton","county_norm":"FULTON","prec_id":"02B","precinct_name":"Fulton - 02B","precinct_norm":"FULTON - 02B","precinct_full_name":"Saint Luke's Episcopal Church","has_polygon":true},"geometry":{"type":"Point","coordinates":[-84.38828764450082,33.761471]}},{"type":"Feature","properties":{"id":"2024-13121-05C","county_nam":"Fulton","county_norm":"FULTON","prec_id":"05C","precinct_name":"Fulton - 05C","precinct_norm":"FULTON - 05C","precinct_full_name":"Liberty Baptist Church","has_polygon":true},"geometry":{"type":"Point","coordinates":[-84.38314364775323,33.75260299999999]}},{"type":"Feature","properties":{"id":"2024-13121-05K","county_nam":"Fulton","county_norm":"FULTON","prec_id":"05K","precinct_name":"Fulton - 05K","precinct_norm":"FULTON - 05K","precinct_full_name":"David T. Howard Middle School","has_polygon":true},"geometry":{"type":"Point","coordinates":[-84.37926962162717,33.758921]}},{"type":"Feature","properties":{"id":"2024-13121-05D","county_nam":"Fulton","county_norm":"FULTON","prec_id":"05D","precinct_name":"Fulton - 05D","precinct_norm":"FULTON - 05D","precinct_full_name":"Saint Luke's Episcopal Church","has_polygon":true},"geometry":{"type":"Point","coordinates":[-84.38512990362835,33.7594165]}},{"type":"Feature","properties":{"id":"2024-13121-05F","county_nam":"Fulton","county_norm":"FULTON","prec_id":"05F","precinct_name":"Fulton - 05F","precinct_norm":"FULTON - 05F","precinct_full_name":"Saint Luke's Episcopal Church","has_polygon":true},"geometry":{"type":"Point","coordinates":[-84.38057733422607,33.763272]}},{"type":"Feature","properties":{"id":"2024-13121-02L2","county_nam":"Fulton","county_norm":"FULTON","prec_id":"02L2","precinct_name":"Fulton - 02L2","precinct_norm":"FULTON - 02L2","precinct_full_name":"North Avenue Presbyterian","has_polygon":true},"geometry":{"type":"Point","coordinates":[-84.38906077480692,33.778743500000004]}},{"type":"Feature","properties":{"id":"2024-13121-02L1A","county_nam":"Fulton","county_norm":"FULTON","prec_id":"02L1A","precinct_name":"Fulton - 02L1A","precinct_norm":"FULTON - 02L1A","precinct_full_name":"02L1A","has_polygon":true},"geometry":{"type":"Point","coordinates":[-84.3844701184764,33.7742735]}},{"type":"Feature","properties":{"id":"2024-13121-02C","county_nam":"Fulton","county_norm":"FULTON","prec_id":"02C","precinct_name":"Fulton - 02C","precinct_norm":"FULTON - 02C","precinct_full_name":"Saint Luke's Episcopal Church","has_polygon":true},"geometry":{"type":"Point","coordinates":[-84.37946210092997,33.7679785]}},{"type":"Feature","properties":{"id":"2024-13121-02L1B","county_nam":"Fulton","county_norm":"FULTON","prec_id":"02L1B","precinct_name":"Fulton - 02L1B","precinct_norm":"FULTON - 02L1B","precinct_full_name":"02L1B","has_polygon":true},"geometry":{"type":"Point","coordinates":[-84.38426954208214,33.777934]}},{"type":"Feature","properties":{"id":"2024-13121-02L1","county_nam":"Fulton","county_norm":"FULTON","prec_id":"02L1","precinct_name":"Fulton - 02L1","precinct_norm":"FULTON - 02L1","precinct_full_name":"Lutheran Church Of The Redeemer","has_polygon":true},"geometry":{"type":"Point","coordinates":[-84.38413913801156,33.7807605]}},{"type":"Feature","properties":{"id":"2024-13121-02K","county_nam":"Fulton","county_norm":"FULTON","prec_id":"02K","precinct_name":"Fulton - 02K","precinct_norm":"FULTON - 02K","precinct_full_name":"Park Tavern","has_polygon":true},"geometry":{"type":"Point","coordinates":[-84.37956590740797,33.775962]}},{"type":"Feature","properties":{"id":"2024-13121-03P1A","county_nam":"Fulton","county_norm":"FULTON","prec_id":"03P1A","precinct_name":"Fulton - 03P1A","precinct_norm":"FULTON - 03P1A","precinct_full_name":"Antioch Baptist Church Family Center","has_polygon":true},"geometry":{"type":"Point","coordinates":[-84.40708421266199,33.784178]}},{"type":"Feature","properties":{"id":"2024-13121-08P1","county_nam":"Fulton","county_norm":"FULTON","prec_id":"08P1","precinct_name":"Fulton - 08P1","precinct_norm":"FULTON - 08P1","precinct_full_name":"08P1","has_polygon":true},"geometry":{"type":"Point","coordinates":[-84.40384078221562,33.793567499999995]}},{"type":"Feature","properties":{"id":"2024-13121-08P","county_nam":"Fulton","county_norm":"FULTON","prec_id":"08P","precinct_name":"Fulton - 08P","precinct_norm":"FULTON - 08P","precinct_full_name":"Trinity Anglican Church","has_polygon":true},"geometry":{"type":"Point","coordinates":[-84.4021524050187,33.799492]}},{"type":"Feature","properties":{"id":"2024-13121-08K","county_nam":"Fulton","county_norm":"FULTON","prec_id":"08K","precinct_name":"Fulton - 08K","precinct_norm":"FULTON - 08K","precinct_full_name":"Northside Church","has_polygon":true},"geometry":{"type":"Point","coordinates":[-84.40441950140824,33.8108815]}},{"type":"Feature","properties":{"id":"2024-13121-08L","county_nam":"Fulton","county_norm":"FULTON","prec_id":"08L","precinct_name":"Fulton - 08L","precinct_norm":"FULTON - 08L","precinct_full_name":"Christ Church Presbyterian","has_polygon":true},"geometry":{"type":"Point","coordinates":[-84.39786181551088,33.80807849999999]}},{"type":"Feature","properties":{"id":"2024-13121-02W","county_nam":"Fulton","county_norm":"FULTON","prec_id":"02W","precinct_name":"Fulton - 02W","precinct_norm":"FULTON - 02W","precinct_full_name":"Peachtree Christian Church","has_polygon":true},"geometry":{"type":"Point","coordinates":[-84.38931580735613,33.789709]}},{"type":"Feature","properties":{"id":"2024-13121-06R1","county_nam":"Fulton","county_norm":"FULTON","prec_id":"06R1","precinct_name":"Fulton - 06R1","precinct_norm":"FULTON - 06R1","precinct_full_name":"06R1","has_polygon":true},"geometry":{"type":"Point","coordinates":[-84.38653038666666,33.7907675]}},{"type":"Feature","properties":{"id":"2024-13121-03F","county_nam":"Fulton","county_norm":"FULTON","prec_id":"03F","precinct_name":"Fulton - 03F","precinct_norm":"FULTON - 03F","precinct_full_name":"Peachtree Christian Church","has_polygon":true},"geometry":{"type":"Point","coordinates":[-84.3937726125506,33.7927485]}},{"type":"Feature","properties":{"id":"2024-13121-RW20","county_nam":"Fulton","county_norm":"FULTON","prec_id":"RW20","precinct_name":"Fulton - RW20","precinct_norm":"FULTON - RW20","precinct_full_name":"East Roswell Branch Library","has_polygon":true},"geometry":{"type":"Point","coordinates":[-84.30348219097888,33.9946245]}},{"type":"Feature","properties":{"id":"2024-13121-RW21","county_nam":"Fulton","county_norm":"FULTON","prec_id":"RW21","precinct_name":"Fulton - RW21","precinct_norm":"FULTON - RW21","precinct_full_name":"Johns Creek Environmental Campus","has_polygon":true},"geometry":{"type":"Point","coordinates":[-84.29297690116717,33.981468]}},{"type":"Feature","properties":{"id":"2024-13121-RW21A","county_nam":"Fulton","county_norm":"FULTON","prec_id":"RW21A","precinct_name":"Fulton - RW21A","precinct_norm":"FULTON - RW21A","precinct_full_name":"RW21A","has_polygon":true},"geometry":{"type":"Point","coordinates":[-84.28130757355616,33.9871495]}},{"type":"Feature","properties":{"id":"2024-13121-RW22A","county_nam":"Fulton","county_norm":"FULTON","prec_id":"RW22A","precinct_name":"Fulton - RW22A","precinct_norm":"FULTON - RW22A","precinct_full_name":"Hillside Elementary School","has_polygon":true},"geometry":{"type":"Point","coordinates":[-84.28608994162995,34.0037945]}},{"type":"Feature","properties":{"id":"2024-13121-RW03C","county_nam":"Fulton","county_norm":"FULTON","prec_id":"RW03C","precinct_name":"Fulton - RW03C","precinct_norm":"FULTON - RW03C","precinct_full_name":"RW03C","has_polygon":true},"geometry":{"type":"Point","coordinates":[-84.33847354392142,34.0244765]}},{"type":"Feature","properties":{"id":"2024-13121-RW05A","county_nam":"Fulton","county_norm":"FULTON","prec_id":"RW05A","precinct_name":"Fulton - RW05A","precinct_norm":"FULTON - RW05A","precinct_full_name":"RW05A","has_polygon":true},"geometry":{"type":"Point","coordinates":[-84.33587494375763,34.0340525]}},{"type":"Feature","properties":{"id":"2024-13121-RW07A","county_nam":"Fulton","county_norm":"FULTON","prec_id":"RW07A","precinct_name":"Fulton - RW07A","precinct_norm":"FULTON - RW07A","precinct_full_name":"Mimosa Elementary School","has_polygon":true},"geometry":{"type":"Point","coordinates":[-84.32587305898554,34.028008]}},{"type":"Feature","properties":{"id":"2024-13121-RW07B","county_nam":"Fulton","county_norm":"FULTON","prec_id":"RW07B","precinct_name":"Fulton - RW07B","precinct_norm":"FULTON - RW07B","precinct_full_name":"Mimosa Elementary School","has_polygon":true},"geometry":{"type":"Point","coordinates":[-84.3258864480055,34.032033999999996]}},{"type":"Feature","properties":{"id":"2024-13121-AP03","county_nam":"Fulton","county_norm":"FULTON","prec_id":"AP03","precinct_name":"Fulton - AP03","precinct_norm":"FULTON - AP03","precinct_full_name":"Mimosa Elementary School","has_polygon":true},"geometry":{"type":"Point","coordinates":[-84.32588953768463,34.039606]}},{"type":"Feature","properties":{"id":"2024-13121-RW05","county_nam":"Fulton","county_norm":"FULTON","prec_id":"RW05","precinct_name":"Fulton - RW05","precinct_norm":"FULTON - RW05","precinct_full_name":"Elkins Pointe Middle School","has_polygon":true},"geometry":{"type":"Point","coordinates":[-84.32128859782458,34.0556365]}},{"type":"Feature","properties":{"id":"2024-13121-AP021","county_nam":"Fulton","county_norm":"FULTON","prec_id":"AP021","precinct_name":"Fulton - AP021","precinct_norm":"FULTON - AP021","precinct_full_name":"Wills Park Recreation Center","has_polygon":true},"geometry":{"type":"Point","coordinates":[-84.31181477257337,34.079093]}},{"type":"Feature","properties":{"id":"2024-13121-RW06","county_nam":"Fulton","county_norm":"FULTON","prec_id":"RW06","precinct_name":"Fulton - RW06","precinct_norm":"FULTON - RW06","precinct_full_name":"Northwood Elementary","has_polygon":true},"geometry":{"type":"Point","coordinates":[-84.29641402110957,34.01774]}},{"type":"Feature","properties":{"id":"2024-13121-RW13","county_nam":"Fulton","county_norm":"FULTON","prec_id":"RW13","precinct_name":"Fulton - RW13","precinct_norm":"FULTON - RW13","precinct_full_name":"Northwood Elementary","has_polygon":true},"geometry":{"type":"Point","coordinates":[-84.29594275828815,34.028876999999994]}},{"type":"Feature","properties":{"id":"2024-13121-AP01E","county_nam":"Fulton","county_norm":"FULTON","prec_id":"AP01E","precinct_name":"Fulton - AP01E","precinct_norm":"FULTON - AP01E","precinct_full_name":"Haynes Bridge Middle","has_polygon":true},"geometry":{"type":"Point","coordinates":[-84.29871114937107,34.038317]}},{"type":"Feature","properties":{"id":"2024-13121-AP01D","county_nam":"Fulton","county_norm":"FULTON","prec_id":"AP01D","precinct_name":"Fulton - AP01D","precinct_norm":"FULTON - AP01D","precinct_full_name":"Haynes Bridge Middle","has_polygon":true},"geometry":{"type":"Point","coordinates":[-84.29640231518223,34.042685]}},{"type":"Feature","properties":{"id":"2024-13121-AP02B","county_nam":"Fulton","county_norm":"FULTON","prec_id":"AP02B","precinct_name":"Fulton - AP02B","precinct_norm":"FULTON - AP02B","precinct_full_name":"Wills Park Recreation Center","has_polygon":true},"geometry":{"type":"Point","coordinates":[-84.31023596635751,34.0477045]}},{"type":"Feature","properties":{"id":"2024-13121-AP023","county_nam":"Fulton","county_norm":"FULTON","prec_id":"AP023","precinct_name":"Fulton - AP023","precinct_norm":"FULTON - AP023","precinct_full_name":"AP023","has_polygon":true},"geometry":{"type":"Point","coordinates":[-84.29533643710691,34.0535695]}},{"type":"Feature","properties":{"id":"2024-13121-AP022","county_nam":"Fulton","county_norm":"FULTON","prec_id":"AP022","precinct_name":"Fulton - AP022","precinct_norm":"FULTON - AP022","precinct_full_name":"Wills Park Recreation Center","has_polygon":true},"geometry":{"type":"Point","coordinates":[-84.31266561067561,34.067265000000006]}},{"type":"Feature","properties":{"id":"2024-13121-AP01B","county_nam":"Fulton","county_norm":"FULTON","prec_id":"AP01B","precinct_name":"Fulton - AP01B","precinct_norm":"FULTON - AP01B","precinct_full_name":"Alpharetta Library","has_polygon":true},"geometry":{"type":"Point","coordinates":[-84.28322120538195,34.062846500000006]}},{"type":"Feature","properties":{"id":"2024-13121-AP12C","county_nam":"Fulton","county_norm":"FULTON","prec_id":"AP12C","precinct_name":"Fulton - AP12C","precinct_norm":"FULTON - AP12C","precinct_full_name":"Alpharetta High School","has_polygon":true},"geometry":{"type":"Point","coordinates":[-84.2820855209318,34.073144]}},{"type":"Feature","properties":{"id":"2024-13089-SN","county_nam":"Dekalb","county_norm":"DEKALB","prec_id":"SN","precinct_name":"Dekalb - SN","precinct_norm":"DEKALB - SN","precinct_full_name":"Shamrock","has_polygon":true},"geometry":{"type":"Point","coordinates":[-84.27469812298236,33.817643000000004]}},{"type":"Feature","properties":{"id":"2024-13089-ND","county_nam":"Dekalb","county_norm":"DEKALB","prec_id":"ND","precinct_name":"Dekalb - ND","precinct_norm":"DEKALB - ND","precinct_full_name":"Northlake","has_polygon":true},"geometry":{"type":"Point","coordinates":[-84.27030217659274,33.832477]}},{"type":"Feature","properties":{"id":"2024-13089-BD","county_nam":"Dekalb","county_norm":"DEKALB","prec_id":"BD","precinct_name":"Dekalb - BD","precinct_norm":"DEKALB - BD","precinct_full_name":"Briarlake Elementary","has_polygon":true},"geometry":{"type":"Point","coordinates":[-84.26404849897959,33.844679]}},{"type":"Feature","properties":{"id":"2024-13089-RD","county_nam":"Dekalb","county_norm":"DEKALB","prec_id":"RD","precinct_name":"Dekalb - RD","precinct_norm":"DEKALB - RD","precinct_full_name":"Rehoboth","has_polygon":true},"geometry":{"type":"Point","coordinates":[-84.25839463989516,33.823583]}},{"type":"Feature","properties":{"id":"2024-13089-MK","county_nam":"Dekalb","county_norm":"DEKALB","prec_id":"MK","precinct_name":"Dekalb - MK","precinct_norm":"DEKALB - MK","precinct_full_name":"Montreal","has_polygon":true},"geometry":{"type":"Point","coordinates":[-84.24746184509044,33.833229]}},{"type":"Feature","properties":{"id":"2024-13089-HB","county_nam":"Dekalb","county_norm":"DEKALB","prec_id":"HB","precinct_name":"Dekalb - HB","precinct_norm":"DEKALB - HB","precinct_full_name":"Hawthorne Elementary","has_polygon":true},"geometry":{"type":"Point","coordinates":[-84.27900692522408,33.8661555]}},{"type":"Feature","properties":{"id":"2024-13089-MW","county_nam":"Dekalb","county_norm":"DEKALB","prec_id":"MW","precinct_name":"Dekalb - MW","precinct_norm":"DEKALB - MW","precinct_full_name":"Midvale Road","has_polygon":true},"geometry":{"type":"Point","coordinates":[-84.250372689631,33.8593195]}},{"type":"Feature","properties":{"id":"2024-13089-HC","county_nam":"Dekalb","county_norm":"DEKALB","prec_id":"HC","precinct_name":"Dekalb - HC","precinct_norm":"DEKALB - HC","precinct_full_name":"Henderson Mill","has_polygon":true},"geometry":{"type":"Point","coordinates":[-84.2607581489899,33.862950999999995]}},{"type":"Feature","properties":{"id":"2024-13089-CK","county_nam":"Dekalb","county_norm":"DEKALB","prec_id":"CK","precinct_name":"Dekalb - CK","precinct_norm":"DEKALB - CK","precinct_full_name":"Clarkston (Cla)","has_polygon":true},"geometry":{"type":"Point","coordinates":[-84.23964589807905,33.8184505]}},{"type":"Feature","properties":{"id":"2024-13089-IA","county_nam":"Dekalb","county_norm":"DEKALB","prec_id":"IA","precinct_name":"Dekalb - IA","precinct_norm":"DEKALB - IA","precinct_full_name":"Idlewood Elementary (Tucker)","has_polygon":true},"geometry":{"type":"Point","coordinates":[-84.22055393184625,33.826379]}},{"type":"Feature","properties":{"id":"2024-13089-BH","county_nam":"Dekalb","county_norm":"DEKALB","prec_id":"BH","precinct_name":"Dekalb - BH","precinct_norm":"DEKALB - BH","precinct_full_name":"Brockett (Tucker)","has_polygon":true},"geometry":{"type":"Point","coordinates":[-84.23243749054231,33.840446]}},{"type":"Feature","properties":{"id":"2024-13089-MH","county_nam":"Dekalb","county_norm":"DEKALB","prec_id":"MH","precinct_name":"Dekalb - MH","precinct_norm":"DEKALB - MH","precinct_full_name":"Midvale Elementary","has_polygon":true},"geometry":{"type":"Point","coordinates":[-84.23352704192243,33.8622955]}},{"type":"Feature","properties":{"id":"2024-13089-EF","county_nam":"Dekalb","county_norm":"DEKALB","prec_id":"EF","precinct_name":"Dekalb - EF","precinct_norm":"DEKALB - EF","precinct_full_name":"Evansdale Elementary","has_polygon":true},"geometry":{"type":"Point","coordinates":[-84.2455269025165,33.8826745]}},{"type":"Feature","properties":{"id":"2024-13089-TH","county_nam":"Dekalb","county_norm":"DEKALB","prec_id":"TH","precinct_name":"Dekalb - TH","precinct_norm":"DEKALB - TH","precinct_full_name":"Tucker","has_polygon":true},"geometry":{"type":"Point","coordinates":[-84.2414521767518,33.854023]}},{"type":"Feature","properties":{"id":"2024-13089-LV","county_nam":"Dekalb","county_norm":"DEKALB","prec_id":"LV","precinct_name":"Dekalb - LV","precinct_norm":"DEKALB - LV","precinct_full_name":"Livsey Elementary","has_polygon":true},"geometry":{"type":"Point","coordinates":[-84.22357620694191,33.876491]}},{"type":"Feature","properties":{"id":"2024-13089-DB","county_nam":"Dekalb","county_norm":"DEKALB","prec_id":"DB","precinct_name":"Dekalb - DB","precinct_norm":"DEKALB - DB","precinct_full_name":"Doraville South (Dor)","has_polygon":true},"geometry":{"type":"Point","coordinates":[-84.27738004187842,33.8924495]}},{"type":"Feature","properties":{"id":"2024-13089-DA","county_nam":"Dekalb","county_norm":"DEKALB","prec_id":"DA","precinct_name":"Dekalb - DA","precinct_norm":"DEKALB - DA","precinct_full_name":"Doraville North (Dor)","has_polygon":true},"geometry":{"type":"Point","coordinates":[-84.27662514660625,33.9105405]}},{"type":"Feature","properties":{"id":"2024-13089-WI","county_nam":"Dekalb","county_norm":"DEKALB","prec_id":"WI","precinct_name":"Dekalb - WI","precinct_norm":"DEKALB - WI","precinct_full_name":"Warren Tech","has_polygon":true},"geometry":{"type":"Point","coordinates":[-84.26019065301702,33.8820275]}},{"type":"Feature","properties":{"id":"2024-13089-OB","county_nam":"Dekalb","county_norm":"DEKALB","prec_id":"OB","precinct_name":"Dekalb - OB","precinct_norm":"DEKALB - OB","precinct_full_name":"Oakcliff Elementary","has_polygon":true},"geometry":{"type":"Point","coordinates":[-84.26173855036278,33.895607]}},{"type":"Feature","properties":{"id":"2024-13089-NF","county_nam":"Dekalb","county_norm":"DEKALB","prec_id":"NF","precinct_name":"Dekalb - NF","precinct_norm":"DEKALB - NF","precinct_full_name":"North Peachtree (Dunwoody)","has_polygon":true},"geometry":{"type":"Point","coordinates":[-84.27615693680724,33.9342585]}},{"type":"Feature","properties":{"id":"2024-13135-37","county_nam":"Gwinnett","county_norm":"GWINNETT","prec_id":"37","precinct_name":"Gwinnett - 37","precinct_norm":"GWINNETT - 37","precinct_full_name":"Pinckneyville E","has_polygon":true},"geometry":{"type":"Point","coordinates":[-84.26047614610513,33.9446205]}},{"type":"Feature","properties":{"id":"2024-13089-EC","county_nam":"Dekalb","county_norm":"DEKALB","prec_id":"EC","precinct_name":"Dekalb - EC","precinct_norm":"DEKALB - EC","precinct_full_name":"Embry Hills","has_polygon":true},"geometry":{"type":"Point","coordinates":[-84.23586278749636,33.885875999999996]}},{"type":"Feature","properties":{"id":"2024-13089-PF","county_nam":"Dekalb","county_norm":"DEKALB","prec_id":"PF","precinct_name":"Dekalb - PF","precinct_norm":"DEKALB - PF","precinct_full_name":"Pleasantdale Road","has_polygon":true},"geometry":{"type":"Point","coordinates":[-84.23817044696969,33.893907999999996]}},{"type":"Feature","properties":{"id":"2024-13135-66","county_nam":"Gwinnett","county_norm":"GWINNETT","prec_id":"66","precinct_name":"Gwinnett - 66","precinct_norm":"GWINNETT - 66","precinct_full_name":"Pinckneyville O","has_polygon":true},"geometry":{"type":"Point","coordinates":[-84.21739825505051,33.893266499999996]}},{"type":"Feature","properties":{"id":"2024-13135-38","county_nam":"Gwinnett","county_norm":"GWINNETT","prec_id":"38","precinct_name":"Gwinnett - 38","precinct_norm":"GWINNETT - 38","precinct_full_name":"Pinckneyville F","has_polygon":true},"geometry":{"type":"Point","coordinates":[-84.23264552101567,33.9222025]}},{"type":"Feature","properties":{"id":"2024-13135-59","county_nam":"Gwinnett","county_norm":"GWINNETT","prec_id":"59","precinct_name":"Gwinnett - 59","precinct_norm":"GWINNETT - 59","precinct_full_name":"Pinckneyville N","has_polygon":true},"geometry":{"type":"Point","coordinates":[-84.23646689175152,33.940580499999996]}},{"type":"Feature","properties":{"id":"2024-13089-NC","county_nam":"Dekalb","county_norm":"DEKALB","prec_id":"NC","precinct_name":"Dekalb - NC","precinct_norm":"DEKALB - NC","precinct_full_name":"North Hairston","has_polygon":true},"geometry":{"type":"Point","coordinates":[-84.20240834005526,33.818521]}},{"type":"Feature","properties":{"id":"2024-13089-BF","county_nam":"Dekalb","county_norm":"DEKALB","prec_id":"BF","precinct_name":"Dekalb - BF","precinct_norm":"DEKALB - BF","precinct_full_name":"Brockett Elementary (Tucker)","has_polygon":true},"geometry":{"type":"Point","coordinates":[-84.1978598865365,33.8427095]}},{"type":"Feature","properties":{"id":"2024-13089-SI","county_nam":"Dekalb","county_norm":"DEKALB","prec_id":"SI","precinct_name":"Dekalb - SI","precinct_norm":"DEKALB - SI","precinct_full_name":"Stn Mtn Middle","has_polygon":true},"geometry":{"type":"Point","coordinates":[-84.1827800839742,33.824453000000005]}},{"type":"Feature","properties":{"id":"2024-13089-TF","county_nam":"Dekalb","county_norm":"DEKALB","prec_id":"TF","precinct_name":"Dekalb - TF","precinct_norm":"DEKALB - TF","precinct_full_name":"Tucker Library","has_polygon":true},"geometry":{"type":"Point","coordinates":[-84.20621666333122,33.87022]}},{"type":"Feature","properties":{"id":"2024-13089-HG","county_nam":"Dekalb","county_norm":"DEKALB","prec_id":"HG","precinct_name":"Dekalb - HG","precinct_norm":"DEKALB - HG","precinct_full_name":"Hugh Howell","has_polygon":true},"geometry":{"type":"Point","coordinates":[-84.17463696658376,33.840742]}},{"type":"Feature","properties":{"id":"2024-13089-SH","county_nam":"Dekalb","county_norm":"DEKALB","prec_id":"SH","precinct_name":"Dekalb - SH","precinct_norm":"DEKALB - SH","precinct_full_name":"Smoke Rise","has_polygon":true},"geometry":{"type":"Point","coordinates":[-84.15246640455838,33.838629]}},{"type":"Feature","properties":{"id":"2024-13135-12","county_nam":"Gwinnett","county_norm":"GWINNETT","prec_id":"12","precinct_name":"Gwinnett - 12","precinct_norm":"GWINNETT - 12","precinct_full_name":"Berkshire B","has_polygon":true},"geometry":{"type":"Point","coordinates":[-84.18396939826474,33.873749000000004]}},{"type":"Feature","properties":{"id":"2024-13135-148","county_nam":"Gwinnett","county_norm":"GWINNETT","prec_id":"148","precinct_name":"Gwinnett - 148","precinct_norm":"GWINNETT - 148","precinct_full_name":"Berkshire Q","has_polygon":true},"geometry":{"type":"Point","coordinates":[-84.15392328473204,33.870684999999995]}},{"type":"Feature","properties":{"id":"2024-13135-21","county_nam":"Gwinnett","county_norm":"GWINNETT","prec_id":"21","precinct_name":"Gwinnett - 21","precinct_norm":"GWINNETT - 21","precinct_full_name":"Pinckneyville B","has_polygon":true},"geometry":{"type":"Point","coordinates":[-84.20298213982431,33.893266499999996]}},{"type":"Feature","properties":{"id":"2024-13135-51","county_nam":"Gwinnett","county_norm":"GWINNETT","prec_id":"51","precinct_name":"Gwinnett - 51","precinct_norm":"GWINNETT - 51","precinct_full_name":"Pinckneyville J","has_polygon":true},"geometry":{"type":"Point","coordinates":[-84.21117935204292,33.907050999999996]}},{"type":"Feature","properties":{"id":"2024-13135-113","county_nam":"Gwinnett","county_norm":"GWINNETT","prec_id":"113","precinct_name":"Gwinnett - 113","precinct_norm":"GWINNETT - 113","precinct_full_name":"Pinckneyville V","has_polygon":true},"geometry":{"type":"Point","coordinates":[-84.18356852250389,33.888603]}},{"type":"Feature","properties":{"id":"2024-13135-114","county_nam":"Gwinnett","county_norm":"GWINNETT","prec_id":"114","precinct_name":"Gwinnett - 114","precinct_norm":"GWINNETT - 114","precinct_full_name":"Pinckneyville W","has_polygon":true},"geometry":{"type":"Point","coordinates":[-84.21042839899883,33.936465999999996]}},{"type":"Feature","properties":{"id":"2024-13135-20","county_nam":"Gwinnett","county_norm":"GWINNETT","prec_id":"20","precinct_name":"Gwinnett - 20","precinct_norm":"GWINNETT - 20","precinct_full_name":"Pinkcneyville A","has_polygon":true},"geometry":{"type":"Point","coordinates":[-84.19095396559703,33.9333415]}},{"type":"Feature","properties":{"id":"2024-13135-87","county_nam":"Gwinnett","county_norm":"GWINNETT","prec_id":"87","precinct_name":"Gwinnett - 87","precinct_norm":"GWINNETT - 87","precinct_full_name":"Pinckneyville S","has_polygon":true},"geometry":{"type":"Point","coordinates":[-84.18636437368423,33.943919]}},{"type":"Feature","properties":{"id":"2024-13135-65","county_nam":"Gwinnett","county_norm":"GWINNETT","prec_id":"65","precinct_name":"Gwinnett - 65","precinct_norm":"GWINNETT - 65","precinct_full_name":"Berkshire H","has_polygon":true},"geometry":{"type":"Point","coordinates":[-84.17029821568627,33.892904]}},{"type":"Feature","properties":{"id":"2024-13135-123","county_nam":"Gwinnett","county_norm":"GWINNETT","prec_id":"123","precinct_name":"Gwinnett - 123","precinct_norm":"GWINNETT - 123","precinct_full_name":"Pinckneyville Y","has_polygon":true},"geometry":{"type":"Point","coordinates":[-84.17347526526717,33.904709]}},{"type":"Feature","properties":{"id":"2024-13067-NC01","county_nam":"Cobb","county_norm":"COBB","prec_id":"NC01","precinct_name":"Cobb - NC01","precinct_norm":"COBB - NC01","precinct_full_name":"North Cobb 01","has_polygon":true},"geometry":{"type":"Point","coordinates":[-84.63801538575399,34.040789000000004]}},{"type":"Feature","properties":{"id":"2024-13067-AC1C","county_nam":"Cobb","county_norm":"COBB","prec_id":"AC1C","precinct_name":"Cobb - AC1C","precinct_norm":"COBB - AC1C","precinct_full_name":"Acworth 1C","has_polygon":true},"geometry":{"type":"Point","coordinates":[-84.64116534021406,34.0698165]}},{"type":"Feature","properties":{"id":"2024-13067-KE4A","county_nam":"Cobb","county_norm":"COBB","prec_id":"KE4A","precinct_name":"Cobb - KE4A","precinct_norm":"COBB - KE4A","precinct_full_name":"Kennesaw 4A","has_polygon":true},"geometry":{"type":"Point","coordinates":[-84.62506338225674,34.036878]}},{"type":"Feature","properties":{"id":"2024-13067-KE3A","county_nam":"Cobb","county_norm":"COBB","prec_id":"KE3A","precinct_name":"Cobb - KE3A","precinct_norm":"COBB - KE3A","precinct_full_name":"Kennesaw 3A","has_polygon":true},"geometry":{"type":"Point","coordinates":[-84.61395478883972,34.024072000000004]}},{"type":"Feature","properties":{"id":"2024-13067-KE5A","county_nam":"Cobb","county_norm":"COBB","prec_id":"KE5A","precinct_name":"Cobb - KE5A","precinct_norm":"COBB - KE5A","precinct_full_name":"Kennesaw 5A","has_polygon":true},"geometry":{"type":"Point","coordinates":[-84.63140909384306,34.0533335]}},{"type":"Feature","properties":{"id":"2024-13067-BK01","county_nam":"Cobb","county_norm":"COBB","prec_id":"BK01","precinct_name":"Cobb - BK01","precinct_norm":"COBB - BK01","precinct_full_name":"Baker 01","has_polygon":true},"geometry":{"type":"Point","coordinates":[-84.61431504872544,34.061025]}},{"type":"Feature","properties":{"id":"2024-13067-WG02","county_nam":"Cobb","county_norm":"COBB","prec_id":"WG02","precinct_name":"Cobb - WG02","precinct_norm":"COBB - WG02","precinct_full_name":"Wade Green 02","has_polygon":true},"geometry":{"type":"Point","coordinates":[-84.6094518398643,34.068346000000005]}},{"type":"Feature","properties":{"id":"2024-13067-MR4C","county_nam":"Cobb","county_norm":"COBB","prec_id":"MR4C","precinct_name":"Cobb - MR4C","precinct_norm":"COBB - MR4C","precinct_full_name":"Marietta 4C","has_polygon":true},"geometry":{"type":"Point","coordinates":[-84.60696783863418,33.973427]}},{"type":"Feature","properties":{"id":"2024-13067-MR3A","county_nam":"Cobb","county_norm":"COBB","prec_id":"MR3A","precinct_name":"Cobb - MR3A","precinct_norm":"COBB - MR3A","precinct_full_name":"Marietta 3A","has_polygon":true},"geometry":{"type":"Point","coordinates":[-84.56229680263158,33.946883]}},{"type":"Feature","properties":{"id":"2024-13067-MR4A","county_nam":"Cobb","county_norm":"COBB","prec_id":"MR4A","precinct_name":"Cobb - MR4A","precinct_norm":"COBB - MR4A","precinct_full_name":"Marietta 4A","has_polygon":true},"geometry":{"type":"Point","coordinates":[-84.56903681569523,33.9666405]}},{"type":"Feature","properties":{"id":"2024-13067-MR5A","county_nam":"Cobb","county_norm":"COBB","prec_id":"MR5A","precinct_name":"Cobb - MR5A","precinct_norm":"COBB - MR5A","precinct_full_name":"Marietta 5A","has_polygon":true},"geometry":{"type":"Point","coordinates":[-84.5434939349185,33.9535485]}},{"type":"Feature","properties":{"id":"2024-13067-MR4B","county_nam":"Cobb","county_norm":"COBB","prec_id":"MR4B","precinct_name":"Cobb - MR4B","precinct_norm":"COBB - MR4B","precinct_full_name":"Marietta 4B","has_polygon":true},"geometry":{"type":"Point","coordinates":[-84.54720200985915,33.965908999999996]}},{"type":"Feature","properties":{"id":"2024-13067-EL01","county_nam":"Cobb","county_norm":"COBB","prec_id":"EL01","precinct_name":"Cobb - EL01","precinct_norm":"COBB - EL01","precinct_full_name":"Elizabeth 01","has_polygon":true},"geometry":{"type":"Point","coordinates":[-84.57962493492079,33.989819499999996]}},{"type":"Feature","properties":{"id":"2024-13067-EP01","county_nam":"Cobb","county_norm":"COBB","prec_id":"EP01","precinct_name":"Cobb - EP01","precinct_norm":"COBB - EP01","precinct_full_name":"East Piedmont 01","has_polygon":true},"geometry":{"type":"Point","coordinates":[-84.54339581763989,34.003791]}},{"type":"Feature","properties":{"id":"2024-13067-KE1A","county_nam":"Cobb","county_norm":"COBB","prec_id":"KE1A","precinct_name":"Cobb - KE1A","precinct_norm":"COBB - KE1A","precinct_full_name":"Kennesaw 1A","has_polygon":true},"geometry":{"type":"Point","coordinates":[-84.602220416318,34.028441]}},{"type":"Feature","properties":{"id":"2024-13067-BG01","county_nam":"Cobb","county_norm":"COBB","prec_id":"BG01","precinct_name":"Cobb - BG01","precinct_norm":"COBB - BG01","precinct_full_name":"Big Shanty 01","has_polygon":true},"geometry":{"type":"Point","coordinates":[-84.58250904966526,34.019816000000006]}},{"type":"Feature","properties":{"id":"2024-13067-WG01","county_nam":"Cobb","county_norm":"COBB","prec_id":"WG01","precinct_name":"Cobb - WG01","precinct_norm":"COBB - WG01","precinct_full_name":"Wade Green 01","has_polygon":true},"geometry":{"type":"Point","coordinates":[-84.59713996857577,34.0683265]}},{"type":"Feature","properties":{"id":"2024-13067-BG02","county_nam":"Cobb","county_norm":"COBB","prec_id":"BG02","precinct_name":"Cobb - BG02","precinct_norm":"COBB - BG02","precinct_full_name":"Big Shanty 02","has_polygon":true},"geometry":{"type":"Point","coordinates":[-84.56908407356947,34.061857]}},{"type":"Feature","properties":{"id":"2024-13067-PT01","county_nam":"Cobb","county_norm":"COBB","prec_id":"PT01","precinct_name":"Cobb - PT01","precinct_norm":"COBB - PT01","precinct_full_name":"Pitner 01","has_polygon":true},"geometry":{"type":"Point","coordinates":[-84.58168197385892,34.0667025]}},{"type":"Feature","properties":{"id":"2024-13067-CK01","county_nam":"Cobb","county_norm":"COBB","prec_id":"CK01","precinct_name":"Cobb - CK01","precinct_norm":"COBB - CK01","precinct_full_name":"Chalker 01","has_polygon":true},"geometry":{"type":"Point","coordinates":[-84.56302110289388,34.029838999999996]}},{"type":"Feature","properties":{"id":"2024-13067-PR01","county_nam":"Cobb","county_norm":"COBB","prec_id":"PR01","precinct_name":"Cobb - PR01","precinct_norm":"COBB - PR01","precinct_full_name":"Palmer 01","has_polygon":true},"geometry":{"type":"Point","coordinates":[-84.55552451968828,34.049875]}},{"type":"Feature","properties":{"id":"2024-13067-BF04","county_nam":"Cobb","county_norm":"COBB","prec_id":"BF04","precinct_name":"Cobb - BF04","precinct_norm":"COBB - BF04","precinct_full_name":"Bells Ferry 04","has_polygon":true},"geometry":{"type":"Point","coordinates":[-84.55093955568968,34.064153000000005]}},{"type":"Feature","properties":{"id":"2024-13067-SN7A","county_nam":"Cobb","county_norm":"COBB","prec_id":"SN7A","precinct_name":"Cobb - SN7A","precinct_norm":"COBB - SN7A","precinct_full_name":"Smyrna 7A","has_polygon":true},"geometry":{"type":"Point","coordinates":[-84.52885332439763,33.819945000000004]}},{"type":"Feature","properties":{"id":"2024-13067-OK01","county_nam":"Cobb","county_norm":"COBB","prec_id":"OK01","precinct_name":"Cobb - OK01","precinct_norm":"COBB - OK01","precinct_full_name":"Oakdale 01","has_polygon":true},"geometry":{"type":"Point","coordinates":[-84.50766990063559,33.8419605]}},{"type":"Feature","properties":{"id":"2024-13121-09N","county_nam":"Fulton","county_norm":"FULTON","prec_id":"09N","precinct_name":"Fulton - 09N","precinct_norm":"FULTON - 09N","precinct_full_name":"09N","has_polygon":true},"geometry":{"type":"Point","coordinates":[-84.42810161111257,33.79868]}},{"type":"Feature","properties":{"id":"2024-13121-08J","county_nam":"Fulton","county_norm":"FULTON","prec_id":"08J","precinct_name":"Fulton - 08J","precinct_norm":"FULTON - 08J","precinct_full_name":"Northside Church","has_polygon":true},"geometry":{"type":"Point","coordinates":[-84.41437306566854,33.814698500000006]}},{"type":"Feature","properties":{"id":"2024-13067-AU1B","county_nam":"Cobb","county_norm":"COBB","prec_id":"AU1B","precinct_name":"Cobb - AU1B","precinct_norm":"COBB - AU1B","precinct_full_name":"Austell 1B","has_polygon":true},"geometry":{"type":"Point","coordinates":[-84.65598408234051,33.823665000000005]}},{"type":"Feature","properties":{"id":"2024-13067-CL01","county_nam":"Cobb","county_norm":"COBB","prec_id":"CL01","precinct_name":"Cobb - CL01","precinct_norm":"COBB - CL01","precinct_full_name":"Clarkdale 01","has_polygon":true},"geometry":{"type":"Point","coordinates":[-84.65445278282417,33.8435615]}},{"type":"Feature","properties":{"id":"2024-13067-PS2A","county_nam":"Cobb","county_norm":"COBB","prec_id":"PS2A","precinct_name":"Cobb - PS2A","precinct_norm":"COBB - PS2A","precinct_full_name":"Powder Springs 2A","has_polygon":true},"geometry":{"type":"Point","coordinates":[-84.65558342712401,33.8622575]}},{"type":"Feature","properties":{"id":"2024-13067-AU1A","county_nam":"Cobb","county_norm":"COBB","prec_id":"AU1A","precinct_name":"Cobb - AU1A","precinct_norm":"COBB - AU1A","precinct_full_name":"Austell 1A","has_polygon":true},"geometry":{"type":"Point","coordinates":[-84.62996777375022,33.8194895]}},{"type":"Feature","properties":{"id":"2024-13067-MA5A","county_nam":"Cobb","county_norm":"COBB","prec_id":"MA5A","precinct_name":"Cobb - MA5A","precinct_norm":"COBB - MA5A","precinct_full_name":"Mableton 5A","has_polygon":true},"geometry":{"type":"Point","coordinates":[-84.60378500630253,33.841207]}},{"type":"Feature","properties":{"id":"2024-13067-MA6A","county_nam":"Cobb","county_norm":"COBB","prec_id":"MA6A","precinct_name":"Cobb - MA6A","precinct_norm":"COBB - MA6A","precinct_full_name":"Mableton 6A","has_polygon":true},"geometry":{"type":"Point","coordinates":[-84.62019413614803,33.8597485]}},{"type":"Feature","properties":{"id":"2024-13067-MC01","county_nam":"Cobb","county_norm":"COBB","prec_id":"MC01","precinct_name":"Cobb - MC01","precinct_norm":"COBB - MC01","precinct_full_name":"Macland 01","has_polygon":true},"geometry":{"type":"Point","coordinates":[-84.6578982304822,33.8875965]}},{"type":"Feature","properties":{"id":"2024-13067-OR05","county_nam":"Cobb","county_norm":"COBB","prec_id":"OR05","precinct_name":"Cobb - OR05","precinct_norm":"COBB - OR05","precinct_full_name":"Oregon 05","has_polygon":true},"geometry":{"type":"Point","coordinates":[-84.65198929376258,33.912088]}},{"type":"Feature","properties":{"id":"2024-13067-KP02","county_nam":"Cobb","county_norm":"COBB","prec_id":"KP02","precinct_name":"Cobb - KP02","precinct_norm":"COBB - KP02","precinct_full_name":"Kemp 02","has_polygon":true},"geometry":{"type":"Point","coordinates":[-84.64611184155888,33.938373999999996]}},{"type":"Feature","properties":{"id":"2024-13067-OR04","county_nam":"Cobb","county_norm":"COBB","prec_id":"OR04","precinct_name":"Cobb - OR04","precinct_norm":"COBB - OR04","precinct_full_name":"Oregon 04","has_polygon":true},"geometry":{"type":"Point","coordinates":[-84.62747773531709,33.8868955]}},{"type":"Feature","properties":{"id":"2024-13067-DL01","county_nam":"Cobb","county_norm":"COBB","prec_id":"DL01","precinct_name":"Cobb - DL01","precinct_norm":"COBB - DL01","precinct_full_name":"Dowell 01","has_polygon":true},"geometry":{"type":"Point","coordinates":[-84.62300168729874,33.9129175]}},{"type":"Feature","properties":{"id":"2024-13067-CH03","county_nam":"Cobb","county_norm":"COBB","prec_id":"CH03","precinct_name":"Cobb - CH03","precinct_norm":"COBB - CH03","precinct_full_name":"Cheatham Hill 03","has_polygon":true},"geometry":{"type":"Point","coordinates":[-84.6081879127307,33.926062]}},{"type":"Feature","properties":{"id":"2024-13067-MA5B","county_nam":"Cobb","county_norm":"COBB","prec_id":"MA5B","precinct_name":"Cobb - MA5B","precinct_norm":"COBB - MA5B","precinct_full_name":"Mableton 5B","has_polygon":true},"geometry":{"type":"Point","coordinates":[-84.59353799218718,33.8215595]}},{"type":"Feature","properties":{"id":"2024-13067-OR02","county_nam":"Cobb","county_norm":"COBB","prec_id":"OR02","precinct_name":"Cobb - OR02","precinct_norm":"COBB - OR02","precinct_full_name":"Oregon 02","has_polygon":true},"geometry":{"type":"Point","coordinates":[-84.60529757571292,33.879042]}},{"type":"Feature","properties":{"id":"2024-13067-MA6B","county_nam":"Cobb","county_norm":"COBB","prec_id":"MA6B","precinct_name":"Cobb - MA6B","precinct_norm":"COBB - MA6B","precinct_full_name":"Mableton 6B","has_polygon":true},"geometry":{"type":"Point","coordinates":[-84.58278316393087,33.856297]}},{"type":"Feature","properties":{"id":"2024-13067-BR01","county_nam":"Cobb","county_norm":"COBB","prec_id":"BR01","precinct_name":"Cobb - BR01","precinct_norm":"COBB - BR01","precinct_full_name":"Birney 01","has_polygon":true},"geometry":{"type":"Point","coordinates":[-84.57687673357609,33.867953]}},{"type":"Feature","properties":{"id":"2024-13067-MA4B","county_nam":"Cobb","county_norm":"COBB","prec_id":"MA4B","precinct_name":"Cobb - MA4B","precinct_norm":"COBB - MA4B","precinct_full_name":"Mableton 4B","has_polygon":true},"geometry":{"type":"Point","coordinates":[-84.5618155653658,33.827985999999996]}},{"type":"Feature","properties":{"id":"2024-13067-MA4A","county_nam":"Cobb","county_norm":"COBB","prec_id":"MA4A","precinct_name":"Cobb - MA4A","precinct_norm":"COBB - MA4A","precinct_full_name":"Mableton 4A","has_polygon":true},"geometry":{"type":"Point","coordinates":[-84.5624638054306,33.843458999999996]}},{"type":"Feature","properties":{"id":"2024-13067-NP01","county_nam":"Cobb","county_norm":"COBB","prec_id":"NP01","precinct_name":"Cobb - NP01","precinct_norm":"COBB - NP01","precinct_full_name":"Norton Park 01","has_polygon":true},"geometry":{"type":"Point","coordinates":[-84.55805289096574,33.8735755]}},{"type":"Feature","properties":{"id":"2024-13067-FO02","county_nam":"Cobb","county_norm":"COBB","prec_id":"FO02","precinct_name":"Cobb - FO02","precinct_norm":"COBB - FO02","precinct_full_name":"Fair Oaks 02","has_polygon":true},"geometry":{"type":"Point","coordinates":[-84.58727222457628,33.895934999999994]}},{"type":"Feature","properties":{"id":"2024-13067-OR03","county_nam":"Cobb","county_norm":"COBB","prec_id":"OR03","precinct_name":"Cobb - OR03","precinct_norm":"COBB - OR03","precinct_full_name":"Oregon 03","has_polygon":true},"geometry":{"type":"Point","coordinates":[-84.58217002686635,33.912985]}},{"type":"Feature","properties":{"id":"2024-13067-MR2A","county_nam":"Cobb","county_norm":"COBB","prec_id":"MR2A","precinct_name":"Cobb - MR2A","precinct_norm":"COBB - MR2A","precinct_full_name":"Marietta 2A","has_polygon":true},"geometry":{"type":"Point","coordinates":[-84.58896044431145,33.9455105]}},{"type":"Feature","properties":{"id":"2024-13067-FO04","county_nam":"Cobb","county_norm":"COBB","prec_id":"FO04","precinct_name":"Cobb - FO04","precinct_norm":"COBB - FO04","precinct_full_name":"Fair Oaks 04","has_polygon":true},"geometry":{"type":"Point","coordinates":[-84.55496747823139,33.899626]}},{"type":"Feature","properties":{"id":"2024-13067-MR2B","county_nam":"Cobb","county_norm":"COBB","prec_id":"MR2B","precinct_name":"Cobb - MR2B","precinct_norm":"COBB - MR2B","precinct_full_name":"Marietta 2B","has_polygon":true},"geometry":{"type":"Point","coordinates":[-84.57729401317101,33.927576]}},{"type":"Feature","properties":{"id":"2024-13067-MR3B","county_nam":"Cobb","county_norm":"COBB","prec_id":"MR3B","precinct_name":"Cobb - MR3B","precinct_norm":"COBB - MR3B","precinct_full_name":"Marietta 3B","has_polygon":true},"geometry":{"type":"Point","coordinates":[-84.56381346560485,33.923921500000006]}},{"type":"Feature","properties":{"id":"2024-13067-HR01","county_nam":"Cobb","county_norm":"COBB","prec_id":"HR01","precinct_name":"Cobb - HR01","precinct_norm":"COBB - HR01","precinct_full_name":"Harrison 01","has_polygon":true},"geometry":{"type":"Point","coordinates":[-84.67108101873706,33.977331]}},{"type":"Feature","properties":{"id":"2024-13067-KP01","county_nam":"Cobb","county_norm":"COBB","prec_id":"KP01","precinct_name":"Cobb - KP01","precinct_norm":"COBB - KP01","precinct_full_name":"Kemp 01","has_polygon":true},"geometry":{"type":"Point","coordinates":[-84.64922533105769,33.960485500000004]}},{"type":"Feature","properties":{"id":"2024-13067-HY01","county_nam":"Cobb","county_norm":"COBB","prec_id":"HY01","precinct_name":"Cobb - HY01","precinct_norm":"COBB - HY01","precinct_full_name":"Hayes 01","has_polygon":true},"geometry":{"type":"Point","coordinates":[-84.64600772788035,34.009783999999996]}},{"type":"Feature","properties":{"id":"2024-13067-PM02","county_nam":"Cobb","county_norm":"COBB","prec_id":"PM02","precinct_name":"Cobb - PM02","precinct_norm":"COBB - PM02","precinct_full_name":"Pine Mountain 02","has_polygon":true},"geometry":{"type":"Point","coordinates":[-84.63048820897214,33.977605]}},{"type":"Feature","properties":{"id":"2024-13067-CH02","county_nam":"Cobb","county_norm":"COBB","prec_id":"CH02","precinct_name":"Cobb - CH02","precinct_norm":"COBB - CH02","precinct_full_name":"Cheatham Hill 02","has_polygon":true},"geometry":{"type":"Point","coordinates":[-84.6082712981036,33.9602645]}},{"type":"Feature","properties":{"id":"2024-13067-PM01","county_nam":"Cobb","county_norm":"COBB","prec_id":"PM01","precinct_name":"Cobb - PM01","precinct_norm":"COBB - PM01","precinct_full_name":"Pine Mountain 01","has_polygon":true},"geometry":{"type":"Point","coordinates":[-84.64307964371096,33.98633]}},{"type":"Feature","properties":{"id":"2024-13067-KE2A","county_nam":"Cobb","county_norm":"COBB","prec_id":"KE2A","precinct_name":"Cobb - KE2A","precinct_norm":"COBB - KE2A","precinct_full_name":"Kennesaw 2A","has_polygon":true},"geometry":{"type":"Point","coordinates":[-84.62266104762477,34.011048]}},{"type":"Feature","properties":{"id":"2024-13067-MS02","county_nam":"Cobb","county_norm":"COBB","prec_id":"MS02","precinct_name":"Cobb - MS02","precinct_norm":"COBB - MS02","precinct_full_name":"Mars Hill 02","has_polygon":true},"geometry":{"type":"Point","coordinates":[-84.65360112458472,34.021804]}},{"type":"Feature","properties":{"id":"2024-13089-BG","county_nam":"Dekalb","county_norm":"DEKALB","prec_id":"BG","precinct_name":"Dekalb - BG","precinct_norm":"DEKALB - BG","precinct_full_name":"Briarcliff","has_polygon":true},"geometry":{"type":"Point","coordinates":[-84.3114239131792,33.827698999999996]}},{"type":"Feature","properties":{"id":"2024-13089-MJ","county_nam":"Dekalb","county_norm":"DEKALB","prec_id":"MJ","precinct_name":"Dekalb - MJ","precinct_norm":"DEKALB - MJ","precinct_full_name":"Montclair Elementary","has_polygon":true},"geometry":{"type":"Point","coordinates":[-84.31983455490716,33.846916500000006]}},{"type":"Feature","properties":{"id":"2024-13089-BE","county_nam":"Dekalb","county_norm":"DEKALB","prec_id":"BE","precinct_name":"Dekalb - BE","precinct_norm":"DEKALB - BE","precinct_full_name":"Briarwood (Brookhaven)","has_polygon":true},"geometry":{"type":"Point","coordinates":[-84.33012115331508,33.8499605]}},{"type":"Feature","properties":{"id":"2024-13089-BI","county_nam":"Dekalb","county_norm":"DEKALB","prec_id":"BI","precinct_name":"Dekalb - BI","precinct_norm":"DEKALB - BI","precinct_full_name":"Brookhaven (Brookhaven)","has_polygon":true},"geometry":{"type":"Point","coordinates":[-84.33206799822858,33.8633975]}},{"type":"Feature","properties":{"id":"2024-13089-SE","county_nam":"Dekalb","county_norm":"DEKALB","prec_id":"SE","precinct_name":"Dekalb - SE","precinct_norm":"DEKALB - SE","precinct_full_name":"Silver Lake (Brookhaven)","has_polygon":true},"geometry":{"type":"Point","coordinates":[-84.34122281477698,33.868755]}},{"type":"Feature","properties":{"id":"2024-13089-SF","county_nam":"Dekalb","county_norm":"DEKALB","prec_id":"SF","precinct_name":"Dekalb - SF","precinct_norm":"DEKALB - SF","precinct_full_name":"Skyland (Brookhaven)","has_polygon":true},"geometry":{"type":"Point","coordinates":[-84.32120380671014,33.857243499999996]}},{"type":"Feature","properties":{"id":"2024-13089-AB","county_nam":"Dekalb","county_norm":"DEKALB","prec_id":"AB","precinct_name":"Dekalb - AB","precinct_norm":"DEKALB - AB","precinct_full_name":"Ashford Park Elementary (Brookhaven)","has_polygon":true},"geometry":{"type":"Point","coordinates":[-84.31812077637214,33.871041500000004]}},{"type":"Feature","properties":{"id":"2024-13089-OA","county_nam":"Dekalb","county_norm":"DEKALB","prec_id":"OA","precinct_name":"Dekalb - OA","precinct_norm":"DEKALB - OA","precinct_full_name":"Oak Grove Elementary","has_polygon":true},"geometry":{"type":"Point","coordinates":[-84.29907425228579,33.8413885]}},{"type":"Feature","properties":{"id":"2024-13089-CW","county_nam":"Dekalb","county_norm":"DEKALB","prec_id":"CW","precinct_name":"Dekalb - CW","precinct_norm":"DEKALB - CW","precinct_full_name":"Coralwood","has_polygon":true},"geometry":{"type":"Point","coordinates":[-84.29052547465639,33.819674000000006]}},{"type":"Feature","properties":{"id":"2024-13089-SA","county_nam":"Dekalb","county_norm":"DEKALB","prec_id":"SA","precinct_name":"Dekalb - SA","precinct_norm":"DEKALB - SA","precinct_full_name":"Sagamore Hills Elementary","has_polygon":true},"geometry":{"type":"Point","coordinates":[-84.29330402981651,33.8304615]}},{"type":"Feature","properties":{"id":"2024-13089-LA","county_nam":"Dekalb","county_norm":"DEKALB","prec_id":"LA","precinct_name":"Dekalb - LA","precinct_norm":"DEKALB - LA","precinct_full_name":"Lakeside High","has_polygon":true},"geometry":{"type":"Point","coordinates":[-84.27917840481805,33.845076500000005]}},{"type":"Feature","properties":{"id":"2024-13089-DC","county_nam":"Dekalb","county_norm":"DEKALB","prec_id":"DC","precinct_name":"Dekalb - DC","precinct_norm":"DEKALB - DC","precinct_full_name":"Dresden Elementary (Chamblee)","has_polygon":true},"geometry":{"type":"Point","coordinates":[-84.29844835906151,33.86587]}},{"type":"Feature","properties":{"id":"2024-13089-AG","county_nam":"Dekalb","county_norm":"DEKALB","prec_id":"AG","precinct_name":"Dekalb - AG","precinct_norm":"DEKALB - AG","precinct_full_name":"Ashford Dunwoody Road (Brookhaven)","has_polygon":true},"geometry":{"type":"Point","coordinates":[-84.33330904161382,33.8837185]}},{"type":"Feature","properties":{"id":"2024-13089-AH","county_nam":"Dekalb","county_norm":"DEKALB","prec_id":"AH","precinct_name":"Dekalb - AH","precinct_norm":"DEKALB - AH","precinct_full_name":"Ashford Parkside (Brookhaven)","has_polygon":true},"geometry":{"type":"Point","coordinates":[-84.33032476784439,33.8953565]}},{"type":"Feature","properties":{"id":"2024-13089-MU","county_nam":"Dekalb","county_norm":"DEKALB","prec_id":"MU","precinct_name":"Dekalb - MU","precinct_norm":"DEKALB - MU","precinct_full_name":"Montgomery Elementary (Brookhaven)","has_polygon":true},"geometry":{"type":"Point","coordinates":[-84.33464180079761,33.910970500000005]}},{"type":"Feature","properties":{"id":"2024-13089-KG","county_nam":"Dekalb","county_norm":"DEKALB","prec_id":"KG","precinct_name":"Dekalb - KG","precinct_norm":"DEKALB - KG","precinct_full_name":"Kittredge Elementary (Brookhaven)","has_polygon":true},"geometry":{"type":"Point","coordinates":[-84.3198564321178,33.90711]}},{"type":"Feature","properties":{"id":"2024-13089-GD","county_nam":"Dekalb","county_norm":"DEKALB","prec_id":"GD","precinct_name":"Dekalb - GD","precinct_norm":"DEKALB - GD","precinct_full_name":"Georgetown Sq (Dunwoody)","has_polygon":true},"geometry":{"type":"Point","coordinates":[-84.32643682527248,33.926596]}},{"type":"Feature","properties":{"id":"2024-13089-DF","county_nam":"Dekalb","county_norm":"DEKALB","prec_id":"DF","precinct_name":"Dekalb - DF","precinct_norm":"DEKALB - DF","precinct_full_name":"Dunwoody (Dunwoody)","has_polygon":true},"geometry":{"type":"Point","coordinates":[-84.33774028243403,33.935038500000005]}},{"type":"Feature","properties":{"id":"2024-13089-MS","county_nam":"Dekalb","county_norm":"DEKALB","prec_id":"MS","precinct_name":"Dekalb - MS","precinct_norm":"DEKALB - MS","precinct_full_name":"Mount Vernon West (Dunwoody)","has_polygon":true},"geometry":{"type":"Point","coordinates":[-84.32413121501969,33.943539]}},{"type":"Feature","properties":{"id":"2024-13089-CE","county_nam":"Dekalb","county_norm":"DEKALB","prec_id":"CE","precinct_name":"Dekalb - CE","precinct_norm":"DEKALB - CE","precinct_full_name":"Chamblee (Chamblee)","has_polygon":true},"geometry":{"type":"Point","coordinates":[-84.29699133534663,33.893071]}},{"type":"Feature","properties":{"id":"2024-13089-CZ","county_nam":"Dekalb","county_norm":"DEKALB","prec_id":"CZ","precinct_name":"Dekalb - CZ","precinct_norm":"DEKALB - CZ","precinct_full_name":"Chamblee 2 (Chamblee)","has_polygon":true},"geometry":{"type":"Point","coordinates":[-84.3115055438399,33.896549500000006]}},{"type":"Feature","properties":{"id":"2024-13089-HF","county_nam":"Dekalb","county_norm":"DEKALB","prec_id":"HF","precinct_name":"Dekalb - HF","precinct_norm":"DEKALB - HF","precinct_full_name":"Huntley Hills Elementary (Chamblee)","has_polygon":true},"geometry":{"type":"Point","coordinates":[-84.30045253997976,33.9130035]}},{"type":"Feature","properties":{"id":"2024-13089-PB","county_nam":"Dekalb","county_norm":"DEKALB","prec_id":"PB","precinct_name":"Dekalb - PB","precinct_norm":"DEKALB - PB","precinct_full_name":"Peachtree Middle (Dunwoody)","has_polygon":true},"geometry":{"type":"Point","coordinates":[-84.30635619873271,33.927773]}},{"type":"Feature","properties":{"id":"2024-13089-DG","county_nam":"Dekalb","county_norm":"DEKALB","prec_id":"DG","precinct_name":"Dekalb - DG","precinct_norm":"DEKALB - DG","precinct_full_name":"Dunwoody 2 (Dunwoody)","has_polygon":true},"geometry":{"type":"Point","coordinates":[-84.30705441247693,33.9409765]}},{"type":"Feature","properties":{"id":"2024-13089-CH","county_nam":"Dekalb","county_norm":"DEKALB","prec_id":"CH","precinct_name":"Dekalb - CH","precinct_norm":"DEKALB - CH","precinct_full_name":"Chesnut Elementary (Dunwoody)","has_polygon":true},"geometry":{"type":"Point","coordinates":[-84.29171014427827,33.9242545]}},{"type":"Feature","properties":{"id":"2024-13089-TG","county_nam":"Dekalb","county_norm":"DEKALB","prec_id":"TG","precinct_name":"Dekalb - TG","precinct_norm":"DEKALB - TG","precinct_full_name":"Tilly Mill Road (Dunwoody)","has_polygon":true},"geometry":{"type":"Point","coordinates":[-84.29329022013367,33.936345]}},{"type":"Feature","properties":{"id":"2024-13067-MT03","county_nam":"Cobb","county_norm":"COBB","prec_id":"MT03","precinct_name":"Cobb - MT03","precinct_norm":"COBB - MT03","precinct_full_name":"Mount Bethel 03","has_polygon":true},"geometry":{"type":"Point","coordinates":[-84.40664378853955,33.95788]}},{"type":"Feature","properties":{"id":"2024-13067-MT01","county_nam":"Cobb","county_norm":"COBB","prec_id":"MT01","precinct_name":"Cobb - MT01","precinct_norm":"COBB - MT01","precinct_full_name":"Mount Bethel 01","has_polygon":true},"geometry":{"type":"Point","coordinates":[-84.395923751225,33.9728315]}},{"type":"Feature","properties":{"id":"2024-13121-SS18B","county_nam":"Fulton","county_norm":"FULTON","prec_id":"SS18B","precinct_name":"Fulton - SS18B","precinct_norm":"FULTON - SS18B","precinct_full_name":"Sandy Springs Christian Church","has_polygon":true},"geometry":{"type":"Point","coordinates":[-84.3939063563923,33.951961]}},{"type":"Feature","properties":{"id":"2024-13121-SS18C","county_nam":"Fulton","county_norm":"FULTON","prec_id":"SS18C","precinct_name":"Fulton - SS18C","precinct_norm":"FULTON - SS18C","precinct_full_name":"SS18C","has_polygon":true},"geometry":{"type":"Point","coordinates":[-84.38875559655173,33.950216]}},{"type":"Feature","properties":{"id":"2024-13067-TR01","county_nam":"Cobb","county_norm":"COBB","prec_id":"TR01","precinct_name":"Cobb - TR01","precinct_norm":"COBB - TR01","precinct_full_name":"Timber Ridge 01","has_polygon":true},"geometry":{"type":"Point","coordinates":[-84.39435176324042,33.992334]}},{"type":"Feature","properties":{"id":"2024-13121-SS02A","county_nam":"Fulton","county_norm":"FULTON","prec_id":"SS02A","precinct_name":"Fulton - SS02A","precinct_norm":"FULTON - SS02A","precinct_full_name":"Spalding Drive Elementary","has_polygon":true},"geometry":{"type":"Point","coordinates":[-84.37588212598425,33.952231999999995]}},{"type":"Feature","properties":{"id":"2024-13121-SS19B","county_nam":"Fulton","county_norm":"FULTON","prec_id":"SS19B","precinct_name":"Fulton - SS19B","precinct_norm":"FULTON - SS19B","precinct_full_name":"North Fulton Annex","has_polygon":true},"geometry":{"type":"Point","coordinates":[-84.37472669703772,33.9627085]}},{"type":"Feature","properties":{"id":"2024-13121-SS19A","county_nam":"Fulton","county_norm":"FULTON","prec_id":"SS19A","precinct_name":"Fulton - SS19A","precinct_norm":"FULTON - SS19A","precinct_full_name":"Ison Springs Elementary","has_polygon":true},"geometry":{"type":"Point","coordinates":[-84.36295279940565,33.975353]}},{"type":"Feature","properties":{"id":"2024-13121-SS29B","county_nam":"Fulton","county_norm":"FULTON","prec_id":"SS29B","precinct_name":"Fulton - SS29B","precinct_norm":"FULTON - SS29B","precinct_full_name":"Woodland Elementary","has_polygon":true},"geometry":{"type":"Point","coordinates":[-84.34792999999999,33.960770499999995]}},{"type":"Feature","properties":{"id":"2024-13121-SS26","county_nam":"Fulton","county_norm":"FULTON","prec_id":"SS26","precinct_name":"Fulton - SS26","precinct_norm":"FULTON - SS26","precinct_full_name":"North Fulton Annex","has_polygon":true},"geometry":{"type":"Point","coordinates":[-84.35731276525328,33.9654645]}},{"type":"Feature","properties":{"id":"2024-13121-SS20","county_nam":"Fulton","county_norm":"FULTON","prec_id":"SS20","precinct_name":"Fulton - SS20","precinct_norm":"FULTON - SS20","precinct_full_name":"Woodland Elementary","has_polygon":true},"geometry":{"type":"Point","coordinates":[-84.3458331051041,33.9724425]}},{"type":"Feature","properties":{"id":"2024-13121-SS22","county_nam":"Fulton","county_norm":"FULTON","prec_id":"SS22","precinct_name":"Fulton - SS22","precinct_norm":"FULTON - SS22","precinct_full_name":"Ison Springs Elementary","has_polygon":true},"geometry":{"type":"Point","coordinates":[-84.363778848776,33.988811999999996]}},{"type":"Feature","properties":{"id":"2024-13121-RW11B","county_nam":"Fulton","county_norm":"FULTON","prec_id":"RW11B","precinct_name":"Fulton - RW11B","precinct_norm":"FULTON - RW11B","precinct_full_name":"Roswell Library","has_polygon":true},"geometry":{"type":"Point","coordinates":[-84.3831469681577,33.9996065]}},{"type":"Feature","properties":{"id":"2024-13121-RW11A","county_nam":"Fulton","county_norm":"FULTON","prec_id":"RW11A","precinct_name":"Fulton - RW11A","precinct_norm":"FULTON - RW11A","precinct_full_name":"Roswell Library","has_polygon":true},"geometry":{"type":"Point","coordinates":[-84.36498711039712,34.0035965]}},{"type":"Feature","properties":{"id":"2024-13121-SS15A","county_nam":"Fulton","county_norm":"FULTON","prec_id":"SS15A","precinct_name":"Fulton - SS15A","precinct_norm":"FULTON - SS15A","precinct_full_name":"Sandy Springs Middle School","has_polygon":true},"geometry":{"type":"Point","coordinates":[-84.34519056766013,33.989664000000005]}},{"type":"Feature","properties":{"id":"2024-13121-RW03A","county_nam":"Fulton","county_norm":"FULTON","prec_id":"RW03A","precinct_name":"Fulton - RW03A","precinct_norm":"FULTON - RW03A","precinct_full_name":"RW03A","has_polygon":true},"geometry":{"type":"Point","coordinates":[-84.3297470902805,34.0152565]}},{"type":"Feature","properties":{"id":"2024-13121-RW03","county_nam":"Fulton","county_norm":"FULTON","prec_id":"RW03","precinct_name":"Fulton - RW03","precinct_norm":"FULTON - RW03","precinct_full_name":"Temple Beth Tikvah","has_polygon":true},"geometry":{"type":"Point","coordinates":[-84.34737323190956,34.012627]}},{"type":"Feature","properties":{"id":"2024-13067-RW01","county_nam":"Cobb","county_norm":"COBB","prec_id":"RW01","precinct_name":"Cobb - RW01","precinct_norm":"COBB - RW01","precinct_full_name":"Roswell 01","has_polygon":true},"geometry":{"type":"Point","coordinates":[-84.40708901176471,34.018018]}},{"type":"Feature","properties":{"id":"2024-13121-RW02","county_nam":"Fulton","county_norm":"FULTON","prec_id":"RW02","precinct_name":"Fulton - RW02","precinct_norm":"FULTON - RW02","precinct_full_name":"Temple Beth Tikvah","has_polygon":true},"geometry":{"type":"Point","coordinates":[-84.38073208831347,34.0159995]}},{"type":"Feature","properties":{"id":"2024-13121-RW10","county_nam":"Fulton","county_norm":"FULTON","prec_id":"RW10","precinct_name":"Fulton - RW10","precinct_norm":"FULTON - RW10","precinct_full_name":"Crosspointe Community Church","has_polygon":true},"geometry":{"type":"Point","coordinates":[-84.38228517396412,34.035923499999996]}},{"type":"Feature","properties":{"id":"2024-13121-RW09","county_nam":"Fulton","county_norm":"FULTON","prec_id":"RW09","precinct_name":"Fulton - RW09","precinct_norm":"FULTON - RW09","precinct_full_name":"Roswell High School","has_polygon":true},"geometry":{"type":"Point","coordinates":[-84.40111195844514,34.069707]}},{"type":"Feature","properties":{"id":"2024-13121-RW01","county_nam":"Fulton","county_norm":"FULTON","prec_id":"RW01","precinct_name":"Fulton - RW01","precinct_norm":"FULTON - RW01","precinct_full_name":"Crabapple Middle","has_polygon":true},"geometry":{"type":"Point","coordinates":[-84.39939748878923,34.044264]}},{"type":"Feature","properties":{"id":"2024-13121-RW10A","county_nam":"Fulton","county_norm":"FULTON","prec_id":"RW10A","precinct_name":"Fulton - RW10A","precinct_norm":"FULTON - RW10A","precinct_full_name":"RW10A","has_polygon":true},"geometry":{"type":"Point","coordinates":[-84.36413856636553,34.028237000000004]}},{"type":"Feature","properties":{"id":"2024-13121-RW03B","county_nam":"Fulton","county_norm":"FULTON","prec_id":"RW03B","precinct_name":"Fulton - RW03B","precinct_norm":"FULTON - RW03B","precinct_full_name":"RW03B","has_polygon":true},"geometry":{"type":"Point","coordinates":[-84.35153779660027,34.027067]}},{"type":"Feature","properties":{"id":"2024-13121-RW08","county_nam":"Fulton","county_norm":"FULTON","prec_id":"RW08","precinct_name":"Fulton - RW08","precinct_norm":"FULTON - RW08","precinct_full_name":"Crosspointe Community Church","has_polygon":true},"geometry":{"type":"Point","coordinates":[-84.35130442237804,34.0426485]}},{"type":"Feature","properties":{"id":"2024-13121-RW12","county_nam":"Fulton","county_norm":"FULTON","prec_id":"RW12","precinct_name":"Fulton - RW12","precinct_norm":"FULTON - RW12","precinct_full_name":"North River Baptist Church","has_polygon":true},"geometry":{"type":"Point","coordinates":[-84.36980013054959,34.063215]}},{"type":"Feature","properties":{"id":"2024-13121-RW16","county_nam":"Fulton","county_norm":"FULTON","prec_id":"RW16","precinct_name":"Fulton - RW16","precinct_norm":"FULTON - RW16","precinct_full_name":"Elkins Pointe Middle School","has_polygon":true},"geometry":{"type":"Point","coordinates":[-84.34562725619388,34.0544825]}},{"type":"Feature","properties":{"id":"2024-13121-RW12A","county_nam":"Fulton","county_norm":"FULTON","prec_id":"RW12A","precinct_name":"Fulton - RW12A","precinct_norm":"FULTON - RW12A","precinct_full_name":"RW12A","has_polygon":true},"geometry":{"type":"Point","coordinates":[-84.34520759010303,34.070476]}},{"type":"Feature","properties":{"id":"2024-13089-DI","county_nam":"Dekalb","county_norm":"DEKALB","prec_id":"DI","precinct_name":"Dekalb - DI","precinct_norm":"DEKALB - DI","precinct_full_name":"Dunwoody Library (Dunwoody)","has_polygon":true},"geometry":{"type":"Point","coordinates":[-84.33634196221442,33.949661]}},{"type":"Feature","properties":{"id":"2024-13089-AD","county_nam":"Dekalb","county_norm":"DEKALB","prec_id":"AD","precinct_name":"Dekalb - AD","precinct_norm":"DEKALB - AD","precinct_full_name":"Austin (Dunwoody)","has_polygon":true},"geometry":{"type":"Point","coordinates":[-84.33635472178418,33.9613595]}},{"type":"Feature","properties":{"id":"2024-13089-MQ","county_nam":"Dekalb","county_norm":"DEKALB","prec_id":"MQ","precinct_name":"Dekalb - MQ","precinct_norm":"DEKALB - MQ","precinct_full_name":"Mount Vernon East (Dunwoody)","has_polygon":true},"geometry":{"type":"Point","coordinates":[-84.31323168638033,33.9589485]}},{"type":"Feature","properties":{"id":"2024-13121-SS15C","county_nam":"Fulton","county_norm":"FULTON","prec_id":"SS15C","precinct_name":"Fulton - SS15C","precinct_norm":"FULTON - SS15C","precinct_full_name":"SS15C","has_polygon":true},"geometry":{"type":"Point","coordinates":[-84.34374765438338,33.995453499999996]}},{"type":"Feature","properties":{"id":"2024-13121-SS15B","county_nam":"Fulton","county_norm":"FULTON","prec_id":"SS15B","precinct_name":"Fulton - SS15B","precinct_norm":"FULTON - SS15B","precinct_full_name":"Sandy Springs Middle School","has_polygon":true},"geometry":{"type":"Point","coordinates":[-84.34211370061256,34.0010365]}},{"type":"Feature","properties":{"id":"2024-13121-SS17","county_nam":"Fulton","county_norm":"FULTON","prec_id":"SS17","precinct_name":"Fulton - SS17","precinct_norm":"FULTON - SS17","precinct_full_name":"Temple Emanu-El Of Greater Atlanta","has_polygon":true},"geometry":{"type":"Point","coordinates":[-84.32565741848764,33.984778500000004]}},{"type":"Feature","properties":{"id":"2024-13121-RW17","county_nam":"Fulton","county_norm":"FULTON","prec_id":"RW17","precinct_name":"Fulton - RW17","precinct_norm":"FULTON - RW17","precinct_full_name":"Esther Jackson Elementary School","has_polygon":true},"geometry":{"type":"Point","coordinates":[-84.32027307032237,34.011001]}},{"type":"Feature","properties":{"id":"2024-13121-RW04","county_nam":"Fulton","county_norm":"FULTON","prec_id":"RW04","precinct_name":"Fulton - RW04","precinct_norm":"FULTON - RW04","precinct_full_name":"East Roswell Branch Library","has_polygon":true},"geometry":{"type":"Point","coordinates":[-84.32053111049018,34.000789]}},{"type":"Feature","properties":{"id":"2024-13089-KB","county_nam":"Dekalb","county_norm":"DEKALB","prec_id":"KB","precinct_name":"Dekalb - KB","precinct_norm":"DEKALB - KB","precinct_full_name":"Kingsley Elementary (Dunwoody)","has_polygon":true},"geometry":{"type":"Point","coordinates":[-84.293422749536,33.950685500000006]}},{"type":"Feature","properties":{"id":"2024-13121-SS01","county_nam":"Fulton","county_norm":"FULTON","prec_id":"SS01","precinct_name":"Fulton - SS01","precinct_norm":"FULTON - SS01","precinct_full_name":"Johns Creek Environmental Campus","has_polygon":true},"geometry":{"type":"Point","coordinates":[-84.29366328998655,33.9727245]}},{"type":"Feature","properties":{"id":"2024-13067-MA2A","county_nam":"Cobb","county_norm":"COBB","prec_id":"MA2A","precinct_name":"Cobb - MA2A","precinct_norm":"COBB - MA2A","precinct_full_name":"Mableton 2A","has_polygon":true},"geometry":{"type":"Point","coordinates":[-84.54034555645161,33.785796000000005]}},{"type":"Feature","properties":{"id":"2024-13067-MA3C","county_nam":"Cobb","county_norm":"COBB","prec_id":"MA3C","precinct_name":"Cobb - MA3C","precinct_norm":"COBB - MA3C","precinct_full_name":"Mableton 3C","has_polygon":true},"geometry":{"type":"Point","coordinates":[-84.53979743506997,33.8047375]}},{"type":"Feature","properties":{"id":"2024-13067-MA4C","county_nam":"Cobb","county_norm":"COBB","prec_id":"MA4C","precinct_name":"Cobb - MA4C","precinct_norm":"COBB - MA4C","precinct_full_name":"Mableton 4C","has_polygon":true},"geometry":{"type":"Point","coordinates":[-84.53376216259339,33.813903499999995]}},{"type":"Feature","properties":{"id":"2024-13121-SC14B","county_nam":"Fulton","county_norm":"FULTON","prec_id":"SC14B","precinct_name":"Fulton - SC14B","precinct_norm":"FULTON - SC14B","precinct_full_name":"Evelyn Lowery Library At Cascade","has_polygon":true},"geometry":{"type":"Point","coordinates":[-84.51674846972827,33.788956]}},{"type":"Feature","properties":{"id":"2024-13121-10D2","county_nam":"Fulton","county_norm":"FULTON","prec_id":"10D2","precinct_name":"Fulton - 10D2","precinct_norm":"FULTON - 10D2","precinct_full_name":"10D2","has_polygon":true},"geometry":{"type":"Point","coordinates":[-84.50510153577949,33.7537535]}},{"type":"Feature","properties":{"id":"2024-13121-10D1","county_nam":"Fulton","county_norm":"FULTON","prec_id":"10D1","precinct_name":"Fulton - 10D1","precinct_norm":"FULTON - 10D1","precinct_full_name":"10D1","has_polygon":true},"geometry":{"type":"Point","coordinates":[-84.5033286127912,33.763552000000004]}},{"type":"Feature","properties":{"id":"2024-13121-10E","county_nam":"Fulton","county_norm":"FULTON","prec_id":"10E","precinct_name":"Fulton - 10E","precinct_norm":"FULTON - 10E","precinct_full_name":"Jackson Memorial Baptist Church","has_polygon":true},"geometry":{"type":"Point","coordinates":[-84.48801307438126,33.7653045]}},{"type":"Feature","properties":{"id":"2024-13121-10P","county_nam":"Fulton","county_norm":"FULTON","prec_id":"10P","precinct_name":"Fulton - 10P","precinct_norm":"FULTON - 10P","precinct_full_name":"Jackson Memorial Baptist Church","has_polygon":true},"geometry":{"type":"Point","coordinates":[-84.50545617623848,33.7761525]}},{"type":"Feature","properties":{"id":"2024-13121-10D","county_nam":"Fulton","county_norm":"FULTON","prec_id":"10D","precinct_name":"Fulton - 10D","precinct_norm":"FULTON - 10D","precinct_full_name":"C.T. Martin Recreation Center","has_polygon":true},"geometry":{"type":"Point","coordinates":[-84.49049513798516,33.7535265]}},{"type":"Feature","properties":{"id":"2024-13121-10H1","county_nam":"Fulton","county_norm":"FULTON","prec_id":"10H1","precinct_name":"Fulton - 10H1","precinct_norm":"FULTON - 10H1","precinct_full_name":"St. Paul's Episcopal Church","has_polygon":true},"geometry":{"type":"Point","coordinates":[-84.47605566156616,33.7571765]}},{"type":"Feature","properties":{"id":"2024-13121-09C","county_nam":"Fulton","county_norm":"FULTON","prec_id":"09C","precinct_name":"Fulton - 09C","precinct_norm":"FULTON - 09C","precinct_full_name":"Jackson Memorial Baptist Church","has_polygon":true},"geometry":{"type":"Point","coordinates":[-84.48576045379069,33.777074]}},{"type":"Feature","properties":{"id":"2024-13121-09B","county_nam":"Fulton","county_norm":"FULTON","prec_id":"09B","precinct_name":"Fulton - 09B","precinct_norm":"FULTON - 09B","precinct_full_name":"Springfield Missionary Baptist Church","has_polygon":true},"geometry":{"type":"Point","coordinates":[-84.50346651764863,33.7884345]}},{"type":"Feature","properties":{"id":"2024-13121-09K1","county_nam":"Fulton","county_norm":"FULTON","prec_id":"09K1","precinct_name":"Fulton - 09K1","precinct_norm":"FULTON - 09K1","precinct_full_name":"09K1","has_polygon":true},"geometry":{"type":"Point","coordinates":[-84.47845701616161,33.794928999999996]}},{"type":"Feature","properties":{"id":"2024-13121-11R","county_nam":"Fulton","county_norm":"FULTON","prec_id":"11R","precinct_name":"Fulton - 11R","precinct_norm":"FULTON - 11R","precinct_full_name":"Junction 2800","has_polygon":true},"geometry":{"type":"Point","coordinates":[-84.46673618232663,33.702043]}},{"type":"Feature","properties":{"id":"2024-13121-EP01B","county_nam":"Fulton","county_norm":"FULTON","prec_id":"EP01B","precinct_name":"Fulton - EP01B","precinct_norm":"FULTON - EP01B","precinct_full_name":"Bowden Senior Center","has_polygon":true},"geometry":{"type":"Point","coordinates":[-84.46243284053467,33.693695000000005]}},{"type":"Feature","properties":{"id":"2024-13121-11K","county_nam":"Fulton","county_norm":"FULTON","prec_id":"11K","precinct_name":"Fulton - 11K","precinct_norm":"FULTON - 11K","precinct_full_name":"Adams Park Recreation Center","has_polygon":true},"geometry":{"type":"Point","coordinates":[-84.46447082884961,33.712120999999996]}},{"type":"Feature","properties":{"id":"2024-13121-EP02D","county_nam":"Fulton","county_norm":"FULTON","prec_id":"EP02D","precinct_name":"Fulton - EP02D","precinct_norm":"FULTON - EP02D","precinct_full_name":"Jefferson Park Recreation Center","has_polygon":true},"geometry":{"type":"Point","coordinates":[-84.44487968809074,33.6926965]}},{"type":"Feature","properties":{"id":"2024-13121-11G","county_nam":"Fulton","county_norm":"FULTON","prec_id":"11G","precinct_name":"Fulton - 11G","precinct_norm":"FULTON - 11G","precinct_full_name":"Adams Park Library","has_polygon":true},"geometry":{"type":"Point","coordinates":[-84.4538646936316,33.7062115]}},{"type":"Feature","properties":{"id":"2024-13121-12I","county_nam":"Fulton","county_norm":"FULTON","prec_id":"12I","precinct_name":"Fulton - 12I","precinct_norm":"FULTON - 12I","precinct_full_name":"Adams Park Library","has_polygon":true},"geometry":{"type":"Point","coordinates":[-84.44839102866666,33.708561]}},{"type":"Feature","properties":{"id":"2024-13121-10K","county_nam":"Fulton","county_norm":"FULTON","prec_id":"10K","precinct_name":"Fulton - 10K","precinct_norm":"FULTON - 10K","precinct_full_name":"Beecher Hills Elementary School","has_polygon":true},"geometry":{"type":"Point","coordinates":[-84.46552581919562,33.7293785]}},{"type":"Feature","properties":{"id":"2024-13121-10G","county_nam":"Fulton","county_norm":"FULTON","prec_id":"10G","precinct_name":"Fulton - 10G","precinct_norm":"FULTON - 10G","precinct_full_name":"St. Paul's Episcopal Church","has_polygon":true},"geometry":{"type":"Point","coordinates":[-84.47237164297255,33.740743]}},{"type":"Feature","properties":{"id":"2024-13121-11H","county_nam":"Fulton","county_norm":"FULTON","prec_id":"11H","precinct_name":"Fulton - 11H","precinct_norm":"FULTON - 11H","precinct_full_name":"Beecher Hills Elementary School","has_polygon":true},"geometry":{"type":"Point","coordinates":[-84.45487803931451,33.726578]}},{"type":"Feature","properties":{"id":"2024-13121-10J","county_nam":"Fulton","county_norm":"FULTON","prec_id":"10J","precinct_name":"Fulton - 10J","precinct_norm":"FULTON - 10J","precinct_full_name":"St. Paul's Episcopal Church","has_polygon":true},"geometry":{"type":"Point","coordinates":[-84.45461326691125,33.7480875]}},{"type":"Feature","properties":{"id":"2024-13121-EP02E","county_nam":"Fulton","county_norm":"FULTON","prec_id":"EP02E","precinct_name":"Fulton - EP02E","precinct_norm":"FULTON - EP02E","precinct_full_name":"Jefferson Park Recreation Center","has_polygon":true},"geometry":{"type":"Point","coordinates":[-84.42980468311418,33.694183499999994]}},{"type":"Feature","properties":{"id":"2024-13121-12L","county_nam":"Fulton","county_norm":"FULTON","prec_id":"12L","precinct_name":"Fulton - 12L","precinct_norm":"FULTON - 12L","precinct_full_name":"Adams Park Library","has_polygon":true},"geometry":{"type":"Point","coordinates":[-84.43591206453326,33.7065515]}},{"type":"Feature","properties":{"id":"2024-13121-EP02B","county_nam":"Fulton","county_norm":"FULTON","prec_id":"EP02B","precinct_name":"Fulton - EP02B","precinct_norm":"FULTON - EP02B","precinct_full_name":"Jefferson Park Recreation Center","has_polygon":true},"geometry":{"type":"Point","coordinates":[-84.42368537725615,33.689338]}},{"type":"Feature","properties":{"id":"2024-13121-12G","county_nam":"Fulton","county_norm":"FULTON","prec_id":"12G","precinct_name":"Fulton - 12G","precinct_norm":"FULTON - 12G","precinct_full_name":"Metropolitan Library","has_polygon":true},"geometry":{"type":"Point","coordinates":[-84.41181511795584,33.694302]}},{"type":"Feature","properties":{"id":"2024-13121-12D","county_nam":"Fulton","county_norm":"FULTON","prec_id":"12D","precinct_name":"Fulton - 12D","precinct_norm":"FULTON - 12D","precinct_full_name":"Metropolitan Library","has_polygon":true},"geometry":{"type":"Point","coordinates":[-84.41106892626073,33.701893]}},{"type":"Feature","properties":{"id":"2024-13121-12A1","county_nam":"Fulton","county_norm":"FULTON","prec_id":"12A1","precinct_name":"Fulton - 12A1","precinct_norm":"FULTON - 12A1","precinct_full_name":"12A1","has_polygon":true},"geometry":{"type":"Point","coordinates":[-84.42242436036697,33.7126795]}},{"type":"Feature","properties":{"id":"2024-13121-04S","county_nam":"Fulton","county_norm":"FULTON","prec_id":"04S","precinct_name":"Fulton - 04S","precinct_norm":"FULTON - 04S","precinct_full_name":"St. Peter Missionary Baptist Church","has_polygon":true},"geometry":{"type":"Point","coordinates":[-84.44250605360594,33.7196525]}},{"type":"Feature","properties":{"id":"2024-13121-04X1","county_nam":"Fulton","county_norm":"FULTON","prec_id":"04X1","precinct_name":"Fulton - 04X1","precinct_norm":"FULTON - 04X1","precinct_full_name":"Joseph McGhee Tennis Center","has_polygon":true},"geometry":{"type":"Point","coordinates":[-84.43904613764192,33.729992499999994]}},{"type":"Feature","properties":{"id":"2024-13121-04M","county_nam":"Fulton","county_norm":"FULTON","prec_id":"04M","precinct_name":"Fulton - 04M","precinct_norm":"FULTON - 04M","precinct_full_name":"James Orange Park","has_polygon":true},"geometry":{"type":"Point","coordinates":[-84.42846713705453,33.7194735]}},{"type":"Feature","properties":{"id":"2024-13121-04T","county_nam":"Fulton","county_norm":"FULTON","prec_id":"04T","precinct_name":"Fulton - 04T","precinct_norm":"FULTON - 04T","precinct_full_name":"James Orange Park","has_polygon":true},"geometry":{"type":"Point","coordinates":[-84.43239411508449,33.7279315]}},{"type":"Feature","properties":{"id":"2024-13121-10M","county_nam":"Fulton","county_norm":"FULTON","prec_id":"10M","precinct_name":"Fulton - 10M","precinct_norm":"FULTON - 10M","precinct_full_name":"Joseph McGhee Tennis Center","has_polygon":true},"geometry":{"type":"Point","coordinates":[-84.44136064968825,33.7370485]}},{"type":"Feature","properties":{"id":"2024-13121-04X2","county_nam":"Fulton","county_norm":"FULTON","prec_id":"04X2","precinct_name":"Fulton - 04X2","precinct_norm":"FULTON - 04X2","precinct_full_name":"Joseph McGhee Tennis Center","has_polygon":true},"geometry":{"type":"Point","coordinates":[-84.43392251285354,33.739801]}},{"type":"Feature","properties":{"id":"2024-13121-04L","county_nam":"Fulton","county_norm":"FULTON","prec_id":"04L","precinct_name":"Fulton - 04L","precinct_norm":"FULTON - 04L","precinct_full_name":"West Hunter Street Baptist Church","has_polygon":true},"geometry":{"type":"Point","coordinates":[-84.42863407591314,33.740181500000006]}},{"type":"Feature","properties":{"id":"2024-13121-04D","county_nam":"Fulton","county_norm":"FULTON","prec_id":"04D","precinct_name":"Fulton - 04D","precinct_norm":"FULTON - 04D","precinct_full_name":"C.A. Scott Recreation Bldg","has_polygon":true},"geometry":{"type":"Point","coordinates":[-84.43650910220126,33.7505235]}},{"type":"Feature","properties":{"id":"2024-13121-04G","county_nam":"Fulton","county_norm":"FULTON","prec_id":"04G","precinct_name":"Fulton - 04G","precinct_norm":"FULTON - 04G","precinct_full_name":"James Orange Park","has_polygon":true},"geometry":{"type":"Point","coordinates":[-84.42225317598061,33.727624500000005]}},{"type":"Feature","properties":{"id":"2024-13121-04A","county_nam":"Fulton","county_norm":"FULTON","prec_id":"04A","precinct_name":"Fulton - 04A","precinct_norm":"FULTON - 04A","precinct_full_name":"C.A. Scott Recreation Bldg","has_polygon":true},"geometry":{"type":"Point","coordinates":[-84.42254618563504,33.749959000000004]}},{"type":"Feature","properties":{"id":"2024-13121-04K","county_nam":"Fulton","county_norm":"FULTON","prec_id":"04K","precinct_name":"Fulton - 04K","precinct_norm":"FULTON - 04K","precinct_full_name":"West Hunter Street Baptist Church","has_polygon":true},"geometry":{"type":"Point","coordinates":[-84.41811004933066,33.7358475]}},{"type":"Feature","properties":{"id":"2024-13121-04W","county_nam":"Fulton","county_norm":"FULTON","prec_id":"04W","precinct_name":"Fulton - 04W","precinct_norm":"FULTON - 04W","precinct_full_name":"Flipper Temple African Methodist Episcopal Church","has_polygon":true},"geometry":{"type":"Point","coordinates":[-84.4156562721843,33.746808]}},{"type":"Feature","properties":{"id":"2024-13121-10F","county_nam":"Fulton","county_norm":"FULTON","prec_id":"10F","precinct_name":"Fulton - 10F","precinct_norm":"FULTON - 10F","precinct_full_name":"Berean Seventh Day Adventist Church","has_polygon":true},"geometry":{"type":"Point","coordinates":[-84.4769820393586,33.76335]}},{"type":"Feature","properties":{"id":"2024-13121-03S","county_nam":"Fulton","county_norm":"FULTON","prec_id":"03S","precinct_name":"Fulton - 03S","precinct_norm":"FULTON - 03S","precinct_full_name":"Berean Seventh Day Adventist Church","has_polygon":true},"geometry":{"type":"Point","coordinates":[-84.46553656023397,33.762025]}},{"type":"Feature","properties":{"id":"2024-13121-09D","county_nam":"Fulton","county_norm":"FULTON","prec_id":"09D","precinct_name":"Fulton - 09D","precinct_norm":"FULTON - 09D","precinct_full_name":"Salem Bible Church","has_polygon":true},"geometry":{"type":"Point","coordinates":[-84.46170829718997,33.77862399999999]}},{"type":"Feature","properties":{"id":"2024-13121-03C","county_nam":"Fulton","county_norm":"FULTON","prec_id":"03C","precinct_name":"Fulton - 03C","precinct_norm":"FULTON - 03C","precinct_full_name":"Berean Seventh Day Adventist Church","has_polygon":true},"geometry":{"type":"Point","coordinates":[-84.45350817727288,33.7589215]}},{"type":"Feature","properties":{"id":"2024-13121-03H","county_nam":"Fulton","county_norm":"FULTON","prec_id":"03H","precinct_name":"Fulton - 03H","precinct_norm":"FULTON - 03H","precinct_full_name":"Allen Temple African Methodist Episcopal Church","has_polygon":true},"geometry":{"type":"Point","coordinates":[-84.44988176023494,33.766151]}},{"type":"Feature","properties":{"id":"2024-13121-09E","county_nam":"Fulton","county_norm":"FULTON","prec_id":"09E","precinct_name":"Fulton - 09E","precinct_norm":"FULTON - 09E","precinct_full_name":"Salem Bible Church","has_polygon":true},"geometry":{"type":"Point","coordinates":[-84.44396125478056,33.78235]}},{"type":"Feature","properties":{"id":"2024-13121-09K","county_nam":"Fulton","county_norm":"FULTON","prec_id":"09K","precinct_name":"Fulton - 09K","precinct_norm":"FULTON - 09K","precinct_full_name":"Northwest Library At Scotts Crossings","has_polygon":true},"geometry":{"type":"Point","coordinates":[-84.46127324112696,33.791148500000006]}},{"type":"Feature","properties":{"id":"2024-13121-09M","county_nam":"Fulton","county_norm":"FULTON","prec_id":"09M","precinct_name":"Fulton - 09M","precinct_norm":"FULTON - 09M","precinct_full_name":"Springfield Missionary Baptist Church","has_polygon":true},"geometry":{"type":"Point","coordinates":[-84.4718992379495,33.815938]}},{"type":"Feature","properties":{"id":"2024-13121-09L","county_nam":"Fulton","county_norm":"FULTON","prec_id":"09L","precinct_name":"Fulton - 09L","precinct_norm":"FULTON - 09L","precinct_full_name":"09L","has_polygon":true},"geometry":{"type":"Point","coordinates":[-84.45124287728211,33.796657499999995]}},{"type":"Feature","properties":{"id":"2024-13121-09A","county_nam":"Fulton","county_norm":"FULTON","prec_id":"09A","precinct_name":"Fulton - 09A","precinct_norm":"FULTON - 09A","precinct_full_name":"Bolton Academy","has_polygon":true},"geometry":{"type":"Point","coordinates":[-84.44691479715303,33.813381]}},{"type":"Feature","properties":{"id":"2024-13121-04C","county_nam":"Fulton","county_norm":"FULTON","prec_id":"04C","precinct_name":"Fulton - 04C","precinct_norm":"FULTON - 04C","precinct_full_name":"C.A. Scott Recreation Bldg","has_polygon":true},"geometry":{"type":"Point","coordinates":[-84.44141443543688,33.7531355]}},{"type":"Feature","properties":{"id":"2024-13121-03A","county_nam":"Fulton","county_norm":"FULTON","prec_id":"03A","precinct_name":"Fulton - 03A","precinct_norm":"FULTON - 03A","precinct_full_name":"Allen Temple African Methodist Episcopal Church","has_polygon":true},"geometry":{"type":"Point","coordinates":[-84.43749382272935,33.761306000000005]}},{"type":"Feature","properties":{"id":"2024-13121-03D","county_nam":"Fulton","county_norm":"FULTON","prec_id":"03D","precinct_name":"Fulton - 03D","precinct_norm":"FULTON - 03D","precinct_full_name":"C.A. Scott Recreation Bldg","has_polygon":true},"geometry":{"type":"Point","coordinates":[-84.42583405352423,33.758311]}},{"type":"Feature","properties":{"id":"2024-13121-03B","county_nam":"Fulton","county_norm":"FULTON","prec_id":"03B","precinct_name":"Fulton - 03B","precinct_norm":"FULTON - 03B","precinct_full_name":"Allen Temple African Methodist Episcopal Church","has_polygon":true},"geometry":{"type":"Point","coordinates":[-84.43128137440578,33.765651500000004]}},{"type":"Feature","properties":{"id":"2024-13121-09I","county_nam":"Fulton","county_norm":"FULTON","prec_id":"09I","precinct_name":"Fulton - 09I","precinct_norm":"FULTON - 09I","precinct_full_name":"Allen Temple African Methodist Episcopal Church","has_polygon":true},"geometry":{"type":"Point","coordinates":[-84.43700835057888,33.773835000000005]}},{"type":"Feature","properties":{"id":"2024-13121-03E","county_nam":"Fulton","county_norm":"FULTON","prec_id":"03E","precinct_name":"Fulton - 03E","precinct_norm":"FULTON - 03E","precinct_full_name":"Lindsay Street Baptist Church","has_polygon":true},"geometry":{"type":"Point","coordinates":[-84.41699818676804,33.7583785]}},{"type":"Feature","properties":{"id":"2024-13121-04J","county_nam":"Fulton","county_norm":"FULTON","prec_id":"04J","precinct_name":"Fulton - 04J","precinct_norm":"FULTON - 04J","precinct_full_name":"Friendship Baptist Church","has_polygon":true},"geometry":{"type":"Point","coordinates":[-84.41205050099994,33.752596]}},{"type":"Feature","properties":{"id":"2024-13121-03L","county_nam":"Fulton","county_norm":"FULTON","prec_id":"03L","precinct_name":"Fulton - 03L","precinct_norm":"FULTON - 03L","precinct_full_name":"Lindsay Street Baptist Church","has_polygon":true},"geometry":{"type":"Point","coordinates":[-84.42147548698674,33.7688905]}},{"type":"Feature","properties":{"id":"2024-13121-03M","county_nam":"Fulton","county_norm":"FULTON","prec_id":"03M","precinct_name":"Fulton - 03M","precinct_norm":"FULTON - 03M","precinct_full_name":"Trinity Anglican Church","has_polygon":true},"geometry":{"type":"Point","coordinates":[-84.42292571265708,33.778819]}},{"type":"Feature","properties":{"id":"2024-13121-03N","county_nam":"Fulton","county_norm":"FULTON","prec_id":"03N","precinct_name":"Fulton - 03N","precinct_norm":"FULTON - 03N","precinct_full_name":"Lindsay Street Baptist Church","has_polygon":true},"geometry":{"type":"Point","coordinates":[-84.41305322789574,33.7731325]}},{"type":"Feature","properties":{"id":"2024-13121-09J","county_nam":"Fulton","county_norm":"FULTON","prec_id":"09J","precinct_name":"Fulton - 09J","precinct_norm":"FULTON - 09J","precinct_full_name":"09J","has_polygon":true},"geometry":{"type":"Point","coordinates":[-84.43770409640172,33.794828]}},{"type":"Feature","properties":{"id":"2024-13121-09G","county_nam":"Fulton","county_norm":"FULTON","prec_id":"09G","precinct_name":"Fulton - 09G","precinct_norm":"FULTON - 09G","precinct_full_name":"Trinity Anglican Church","has_polygon":true},"geometry":{"type":"Point","coordinates":[-84.41536916910331,33.791915]}},{"type":"Feature","properties":{"id":"2024-13121-09H","county_nam":"Fulton","county_norm":"FULTON","prec_id":"09H","precinct_name":"Fulton - 09H","precinct_norm":"FULTON - 09H","precinct_full_name":"Trinity Anglican Church","has_polygon":true},"geometry":{"type":"Point","coordinates":[-84.41175054558548,33.7957555]}}]}