county,precinct_id,boundary_name,source_name,method
DOUGLAS,785,BOUNDARY WATERS,Boundary Waters,name
DOUGLAS,784,FACTORY SHOALS,Factory Shoals Middle School,reviewed_alias
DOUGLAS,1275,LITHIA SPRINGS HIGH SCHOOL,Lithia Springs High School,name
DOUGLAS,1274,FIRST BAPTIST LITHIA SPRINGS,First Baptist Lithia Springs,name
DOUGLAS,1270,ATLANTA WEST PENTECOSTAL,Atlanta West,reviewed_alias
DOUGLAS,1260,DOG RIVER LIBRARY,Dog River Library,name
DOUGLAS,1271,EPHESUS BAPTIST CHUR,Ephesus Baptist Church,unique_name_similarity
DOUGLAS,1258,MIRROR LAKE ELEMENTA,Mirror Lake Elementary,unique_name_similarity
DOUGLAS,1272,PRAYS MILL GYM,Prays Mill,reviewed_alias
DOUGLAS,736S,CHAPEL HILL HIGH SCHOOL,Chapel Hill High School,name
DOUGLAS,734,ELIZABETH BAPTIST CHURCH,Elizabeth Baptist Church,name
DOUGLAS,735,DORSETT SHOALS,Dorsett Shoals,name
DOUGLAS,1259,WINSTON,Winston Elementary School,reviewed_alias
DOUGLAS,738,ST JULIANS EPISCOPAL,St Julians Episcopal,name
DOUGLAS,733,ARBOR STATION,Arbor Station,name
DOUGLAS,730,OLD COURTHOUSE,Old Courthouse,name
DOUGLAS,729,GOLDEN METHODIST CH,Golden Methodist Church,unique_name_similarity
DOUGLAS,732,STEWART,Stewart,name
DOUGLAS,736N,CHAPEL HILL,Chapel Hill Middle School,reviewed_alias
DOUGLAS,739,LUTHERAN CHURCH - GS,Lutheran Church,unique_name_similarity
DOUGLAS,740,ST THERESA'S CATHOLIC CHURCH,St. Theresa's,reviewed_alias
DOUGLAS,737,CHESTNUT LOG,Chestnut Log,name
DOUGLAS,1276,DEER LICK,Deer Lick Park,reviewed_alias
DOUGLAS,731,BEULAH BAPTIST CHURCH,Beulah Baptist Church,name
DOUGLAS,1273,TURNER,Turner Middle School,reviewed_alias
FULTON,SC05A,SC05A,SC05A,name
FULTON,SC05D,SC05D,SC05D,name
FULTON,SC15,SC15,SC15,name
FULTON,FA01A,FA01A,FA01A,name
FULTON,SC07D,SC07D,SC07D,name
FULTON,UC02D,UC02D,UC02D,name
FULTON,SC21A,SC21A,,unmatched
FULTON,UC02E,UC02E,UC02E,name
FULTON,SC07F,SC07F,SC07F,name
FULTON,UC02C,UC02C,UC02C,name
FULTON,SC08G,SC08G,SC08G,name
FULTON,SC08L,SC08L,,unmatched
FULTON,SC08A,SC08A,,unmatched
FULTON,SC08F,SC08F,SC08F,name
FULTON,UC02F,UC02F,UC02F,name
FULTON,SC05E,SC05E,SC05E,name
FULTON,SC05G,SC05G,SC05G,name
FULTON,SC07B,SC07B,,unmatched
FULTON,SC20A,SC20A,SC20A,name
FULTON,SC01B,SC01B,SC01B,name
FULTON,SC05H,SC05H,SC05H,name
FULTON,SC05J,SC05J,SC05J,name
FULTON,UC02B,UC02B,UC02B,name
FULTON,SC05C,SC05C,SC05C,name
FULTON,SC08C,SC08C,SC08C,name
FULTON,SC05B,SC05B,SC05B,name
FULTON,SC18C,SC18C,SC18C,name
FULTON,SC20,SC20,SC20,name
FULTON,SC18B,SC18B,SC18B,name
FULTON,SC15B,SC15B,SC15B,name
FULTON,SC15A,SC15A,SC15A,name
FULTON,SC01A,SC01A,SC01A,name
FULTON,SC31,SC31,SC31,name
FULTON,SC01D,SC01D,SC01D,name
FULTON,SC01C,SC01C,SC01C,name
FULTON,SC16A,SC16A,SC16A,name
FULTON,SC02A,SC02A,SC02A,name
FULTON,SC33,SC33,SC33,name
FULTON,SC16B,SC16B,SC16B,name
FULTON,11C3,11C3,11C3,name
FULTON,SC32,SC32,SC32,name
FULTON,UC01A,UC01A,UC01A,name
FULTON,CH04A,CH04A,CH04A,name
FULTON,CH05,CH05,CH05,name
FULTON,CH05A,CH05A,CH05A,name
FULTON,PA01,PA01,PA01,name
FULTON,CH01B,CH01B,CH01B,name
FULTON,FA01D,FA01D,FA01D,name
FULTON,FA01B,FA01B,FA01B,name
FULTON,SC212,SC212,SC212,name
FULTON,SC07C,SC07C,SC07C,name
FULTON,FA01C,FA01C,FA01C,name
FULTON,UC032,UC032,UC032,name
FULTON,SC211,SC211,SC211,name
FULTON,SS01A,SS01A,SS01A,name
FULTON,RW22C,RW22C,,unmatched
FULTON,RW22B,RW22B,,unmatched
FULTON,JC19,JC19,JC19,name
FULTON,JC19A,JC19A,JC19A,name
FULTON,JC13A,JC13A,JC13A,name
FULTON,JC13B,JC13B,JC13B,name
FULTON,JC18,JC18,JC18,name
FULTON,AP01C,AP01C,AP01C,name
FULTON,JC16,JC16,JC16,name
FULTON,AP01A,AP01A,AP01A,name
FULTON,AP12A,AP12A,AP12A,name
FULTON,JC14,JC14,JC14,name
FULTON,AP14A,AP14A,AP14A,name
FULTON,JC15,JC15,JC15,name
FULTON,AP14,AP14,AP14,name
FULTON,JC10,JC10,JC10,name
FULTON,AP09A,AP09A,AP09A,name
FULTON,JC12,JC12,JC12,name
FULTON,JC11,JC11,JC11,name
FULTON,JC09,JC09,JC09,name
FULTON,JC07,JC07,JC07,name
FULTON,JC08,JC08,JC08,name
FULTON,JC05,JC05,JC05,name
FULTON,JC04B,JC04B,JC04B,name
FULTON,JC03A,JC03A,JC03A,name
FULTON,JC04A,JC04A,JC04A,name
FULTON,JC03B,JC03B,JC03B,name
FULTON,JC06,JC06,JC06,name
FULTON,JC02,JC02,JC02,name
FULTON,02A1,02A1,02A1,name
FULTON,02A,02A,02A,name
FULTON,06R,06R,06R,name
FULTON,06N,06N,06N,name
FULTON,06L2,06L2,06L2,name
FULTON,02S,02S,02S,name
FULTON,05J,05J,05J,name
FULTON,02G,02G,02G,name
FULTON,02D,02D,02D,name
FULTON,02F2,02F2,02F2,name
FULTON,02J,02J,02J,name
FULTON,06G,06G,06G,name
FULTON,06B,06B,06B,name
FULTON,02E,02E,02E,name
FULTON,02F1,02F1,02F1,name
FULTON,06F,06F,06F,name
FULTON,06L1,06L1,06L1,name
FULTON,06J,06J,06J,name
FULTON,06E,06E,06E,name
FULTON,06Q,06Q,06Q,name
FULTON,06D2,06D2,06D2,name
FULTON,06D1,06D1,06D1,name
FULTON,06D,06D,06D,name
FULTON,MP01,MP01,MP01,name
FULTON,HP01,HP01,HP01,name
FULTON,12H1,12H1,12H1,name
FULTON,12E1,12E1,12E1,name
FULTON,12J,12J,12J,name
FULTON,12H2,12H2,12H2,name
FULTON,12M,12M,12M,name
FULTON,CH03,CH03,CH03,name
FULTON,CH02A,CH02A,CH02A,name
FULTON,CH01A,CH01A,CH01A,name
FULTON,CH01,CH01,CH01,name
FULTON,CH02,CH02,CH02,name
FULTON,SC07A,SC07A,SC07A,name
FULTON,SC04,SC04,SC04,name
FULTON,SC13B,SC13B,SC13B,name
FULTON,SC13A,SC13A,SC13A,name
FULTON,SC07E,SC07E,SC07E,name
FULTON,UC02G,UC02G,UC02G,name
FULTON,SC05F,SC05F,,unmatched
FULTON,UC02A,UC02A,UC02A,name
FULTON,SC13,SC13,SC13,name
FULTON,UC031,UC031,UC031,name
FULTON,SC08E,SC08E,SC08E,name
FULTON,UC035,UC035,UC035,name
FULTON,SC29B,SC29B,,unmatched
FULTON,SC08H,SC08H,SC08H,name
FULTON,UC01D,UC01D,UC01D,name
FULTON,SC17B,SC17B,SC17B,name
FULTON,SC08I,SC08I,SC08I,name
FULTON,SC08K,SC08K,SC08K,name
FULTON,SC08B,SC08B,SC08B,name
FULTON,SC17D,SC17D,SC17D,name
FULTON,SC29A,SC29A,SC29A,name
FULTON,SC23B,SC23B,SC23B,name
FULTON,SC29C,SC29C,SC29C,name
FULTON,SC09B,SC09B,SC09B,name
FULTON,SC11B,SC11B,SC11B,name
FULTON,SC23A,SC23A,SC23A,name
FULTON,SC11A,SC11A,SC11A,name
FULTON,UC01C,UC01C,,unmatched
FULTON,UC033,UC033,,unmatched
FULTON,CP084,CP084,CP084,name
FULTON,SC08J,SC08J,SC08J,name
FULTON,SC08D,SC08D,SC08D,name
FULTON,UC01B,UC01B,UC01B,name
FULTON,SC09C,SC09C,SC09C,name
FULTON,SC09A,SC09A,SC09A,name
FULTON,SC10,SC10,SC10,name
FULTON,CP081,CP081,CP081,name
FULTON,UC01E,UC01E,UC01E,name
FULTON,SC17A,SC17A,SC17A,name
FULTON,SC18D,SC18D,SC18D,name
FULTON,SC19A,SC19A,SC19A,name
FULTON,SC17C,SC17C,SC17C,name
FULTON,EP04B,EP04B,EP04B,name
FULTON,SC18A,SC18A,SC18A,name
FULTON,11E3,11E3,11E3,name
FULTON,11E1,11E1,11E1,name
FULTON,11E2,11E2,11E2,name
FULTON,SC19B,SC19B,SC19B,name
FULTON,CP052,CP052,CP052,name
FULTON,SC19C,SC19C,SC19C,name
FULTON,EP04A,EP04A,EP04A,name
FULTON,CP07C,CP07C,CP07C,name
FULTON,CP05C,CP05C,CP05C,name
FULTON,CP07A,CP07A,CP07A,name
FULTON,CP07E,CP07E,CP07E,name
FULTON,CP07D,CP07D,CP07D,name
FULTON,EP04C,EP04C,EP04C,name
FULTON,11P,11P,11P,name
FULTON,EP04D,EP04D,EP04D,name
FULTON,11J,11J,11J,name
FULTON,EP03B,EP03B,EP03B,name
FULTON,SC23C,SC23C,SC23C,name
FULTON,SC23D,SC23D,SC23D,name
FULTON,SC27,SC27,SC27,name
FULTON,CP083,CP083,CP083,name
FULTON,CP08A,CP08A,CP08A,name
FULTON,CP06B,CP06B,CP06B,name
FULTON,CP06A,CP06A,CP06A,name
FULTON,CP051,CP051,CP051,name
FULTON,CP05B,CP05B,CP05B,name
FULTON,CP07F,CP07F,CP07F,name
FULTON,CP07B,CP07B,CP07B,name
FULTON,CP04B,CP04B,CP04B,name
FULTON,CP04A,CP04A,CP04A,name
FULTON,EP03D,EP03D,EP03D,name
FULTON,CP012,CP012,CP012,name
FULTON,EP03A,EP03A,EP03A,name
FULTON,EP03C,EP03C,EP03C,name
FULTON,CP011,CP011,CP011,name
FULTON,EP01C,EP01C,EP01C,name
FULTON,EP01D,BOWDEN SENIOR CENTER,EP01D,code
FULTON,EP01A,EP01A,EP01A,name
FULTON,CP02,CP02,CP02,name
FULTON,CP01B,CP01B,CP01B,name
FULTON,EP02C,EP02C,EP02C,name
FULTON,EP02A,EP02A,EP02A,name
FULTON,12E2,12E2,,unmatched
FULTON,11B,11B,11B,name
FULTON,SC02,SC02,SC02,name
FULTON,11B2,11B2,11B2,name
FULTON,11C2,11C2,11C2,name
FULTON,11B3,11B3,11B3,name
FULTON,11B1,11B1,11B1,name
FULTON,SC14A,SC14A,SC14A,name
FULTON,SC30A,SC30A,SC30A,name
FULTON,10A,10A,10A,name
FULTON,10C,10C,10C,name
FULTON,11N,11N,11N,name
FULTON,11M,11M,11M,name
FULTON,11M1,11M1,11M1,name
FULTON,SC30B,SC30B,SC30B,name
FULTON,11C,11C,11C,name
FULTON,11C4,11C4,,unmatched
FULTON,10B1,10B1,10B1,name
FULTON,10R,10R,10R,name
FULTON,10B,10B,10B,name
FULTON,10I,10I,10I,name
FULTON,10H2,10H2,10H2,name
FULTON,FC02,FC02,FC02,name
FULTON,RW09A,RW09A,RW09A,name
FULTON,ML01B,ML01B,ML01B,name
FULTON,RW19,RW19,RW19,name
FULTON,ML01C,ML01C,ML01C,name
FULTON,AP04A,AP04A,AP04A,name
FULTON,ML01A,ML01A,ML01A,name
FULTON,AP04B,AP04B,AP04B,name
FULTON,AP06,AP06,AP06,name
FULTON,AP07C,AP07C,AP07C,name
FULTON,ML02B,ML02B,ML02B,name
FULTON,ML03A,ML03A,ML03A,name
FULTON,AP10,AP10,AP10,name
FULTON,AP07A,AP07A,AP07A,name
FULTON,ML04,ML04,ML04,name
FULTON,AP07B,AP07B,AP07B,name
FULTON,ML02A,ML02A,ML02A,name
FULTON,ML03,ML03,ML03,name
FULTON,ML07A,ML07A,ML07A,name
FULTON,ML06A,ML06A,ML06A,name
FULTON,AP12D,AP12D,AP12D,name
FULTON,AP12B,AP12B,AP12B,name
FULTON,ML05,ML05,ML05,name
FULTON,ML06B,ML06B,ML06B,name
FULTON,AP05,AP05,AP05,name
FULTON,ML07B,ML07B,ML07B,name
FULTON,AP09B,AP09B,AP09B,name
FULTON,JC04C,JC04C,JC04C,name
FULTON,JC01A,JC01A,JC01A,name
FULTON,JC01,JC01,JC01,name
FULTON,08F2,08F2,,unmatched
FULTON,08E,08E,08E,name
FULTON,09F,09F,09F,name
FULTON,08N2,08N2,08N2,name
FULTON,08N1,08N1,08N1,name
FULTON,08F1,08F1,08F1,name
FULTON,08A,08A,08A,name
FULTON,08D,08D,08D,name
FULTON,08C,08C,08C,name
FULTON,SS09A,SS09A,SS09A,name
FULTON,SS16,SS16,SS16,name
FULTON,08H,08H,08H,name
FULTON,08M,08M,08M,name
FULTON,07J,07J,07J,name
FULTON,07H,07H,07H,name
FULTON,08G,08G,08G,name
FULTON,07D1,07D1,07D1,name
FULTON,08C1,08C1,08C1,name
FULTON,08B,08B,08B,name
FULTON,07F1,07F1,07F1,name
FULTON,06I,06I,06I,name
FULTON,07F,07F,07F,name
FULTON,07D,07D,07D,name
FULTON,07N,07N,07N,name
FULTON,07E,07E,07E,name
FULTON,07M,07M,07M,name
FULTON,07A1,07A1,07A1,name
FULTON,07A,07A,07A,name
FULTON,07C,07C,07C,name
FULTON,07B,07B,07B,name
FULTON,SS09B,SS09B,SS09B,name
FULTON,SS13B,SS13B,SS13B,name
FULTON,SS11D,SS11D,SS11D,name
FULTON,SS11B,SS11B,SS11B,name
FULTON,SS06,SS06,SS06,name
FULTON,SS05,SS05,SS05,name
FULTON,SS18A,SS18A,SS18A,name
FULTON,SS31,SS31,SS31,name
FULTON,SS06A,SS06A,SS06A,name
FULTON,SS03A,SS03A,SS03A,name
FULTON,SS03,SS03,SS03,name
FULTON,SS13A,SS13A,SS13A,name
FULTON,SS11A,SS11A,SS11A,name
FULTON,SS11C,SS11C,SS11C,name
FULTON,SS07D,SS07D,SS07D,name
FULTON,SS14,SS14,SS14,name
FULTON,SS12,SS12,SS12,name
FULTON,SS07C,SS07C,SS07C,name
FULTON,SS07B,SS07B,SS07B,name
FULTON,SS07A,SS07A,SS07A,name
FULTON,SS08B,SS08B,SS08B,name
FULTON,SS08E,SS08E,SS08E,name
FULTON,SS04A,SS04A,SS04A,name
FULTON,SS02B,SS02B,SS02B,name
FULTON,SS08C,SS08C,SS08C,name
FULTON,SS04,SS04,SS04,name
FULTON,SS08A,SS08A,SS08A,name
FULTON,SS08D,SS08D,SS08D,name
FULTON,SS29C,SS29C,SS29C,name
FULTON,SS29A,SS29A,SS29A,name
FULTON,SS08F,SS08F,SS08F,name
FULTON,12F,12F,12F,name
FULTON,12A,12A,12A,name
FULTON,12S,12S,12S,name
FULTON,01J,01J,01J,name
FULTON,12K,12K,12K,name
FULTON,12N,12N,12N,name
FULTON,04B,04B,04B,name
FULTON,04V,04V,04V,name
FULTON,04I,04I,04I,name
FULTON,01F,01F,01F,name
FULTON,01G,01G,01G,name
FULTON,01D,01D,01D,name
FULTON,01H,01H,01H,name
FULTON,05B,05B,05B,name
FULTON,01S,01S,01S,name
FULTON,01C,01C,01C,name
FULTON,01T,01T,01T,name
FULTON,01P,01P,01P,name
FULTON,01R,01R,01R,name
FULTON,01E,01E,01E,name
FULTON,01A,01A,01A,name
FULTON,05A1,05A1,05A1,name
FULTON,01B,01B,01B,name
FULTON,05A2,05A2,05A2,name
FULTON,03G,03G,03G,name
FULTON,03T,03T,03T,name
FULTON,03P2,03P2,03P2,name
FULTON,04F,04F,04F,name
FULTON,03P1B,03P1B,03P1B,name
FULTON,03I,03I,03I,name
FULTON,01I,01I,01I,name
FULTON,02B,02B,02B,name
FULTON,05C,05C,05C,name
FULTON,05K,05K,05K,name
FULTON,05D,05D,05D,name
FULTON,05F,05F,05F,name
FULTON,02L2,02L2,02L2,name
FULTON,02L1A,02L1A,02L1A,name
FULTON,02C,02C,02C,name
FULTON,02L1B,02L1B,02L1B,name
FULTON,02L1,02L1,02L1,name
FULTON,02K,02K,02K,name
FULTON,03P1A,03P1A,03P1A,name
FULTON,08P1,08P1,08P1,name
FULTON,08P,08P,08P,name
FULTON,08K,08K,08K,name
FULTON,08L,08L,08L,name
FULTON,02W,02W,02W,name
FULTON,06R1,06R1,06R1,name
FULTON,03F,03F,03F,name
FULTON,RW20,RW20,RW20,name
FULTON,RW21,RW21,RW21,name
FULTON,RW21A,RW21A,RW21A,name
FULTON,RW22A,RW22A,RW22A,name
FULTON,RW03C,RW03C,RW03C,name
FULTON,RW05A,RW05A,RW05A,name
FULTON,RW07A,RW07A,RW07A,name
FULTON,RW07B,RW07B,RW07B,name
FULTON,AP03,AP03,AP03,name
FULTON,RW05,RW05,RW05,name
FULTON,AP021,AP021,AP021,name
FULTON,RW06,RW06,RW06,name
FULTON,RW13,RW13,RW13,name
FULTON,AP01E,AP01E,,unmatched
FULTON,AP01D,AP01D,AP01D,name
FULTON,AP02B,AP02B,AP02B,name
FULTON,AP023,AP023,AP023,name
FULTON,AP022,AP022,AP022,name
FULTON,AP01B,AP01B,AP01B,name
FULTON,AP12C,AP12C,AP12C,name
FULTON,09N,09N,09N,name
FULTON,08J,08J,08J,name
FULTON,SS18B,SS18B,SS18B,name
FULTON,SS18C,SS18C,SS18C,name
FULTON,SS02A,SS02A,SS02A,name
FULTON,SS19B,SS19B,SS19B,name
FULTON,SS19A,SS19A,SS19A,name
FULTON,SS29B,SS29B,SS29B,name
FULTON,SS26,SS26,SS26,name
FULTON,SS20,SS20,SS20,name
FULTON,SS22,SS22,SS22,name
FULTON,RW11B,RW11B,RW11B,name
FULTON,RW11A,RW11A,RW11A,name
FULTON,SS15A,SS15A,SS15A,name
FULTON,RW03A,RW03A,RW03A,name
FULTON,RW03,RW03,RW03,name
FULTON,RW02,RW02,RW02,name
FULTON,RW10,RW10,RW10,name
FULTON,RW09,RW09,RW09,name
FULTON,RW01,RW01,RW01,name
FULTON,RW10A,RW10A,RW10A,name
FULTON,RW03B,RW03B,RW03B,name
FULTON,RW08,RW08,RW08,name
FULTON,RW12,RW12,RW12,name
FULTON,RW16,RW16,RW16,name
FULTON,RW12A,RW12A,RW12A,name
FULTON,SS15C,SS15C,SS15C,name
FULTON,SS15B,SS15B,SS15B,name
FULTON,SS17,SS17,SS17,name
FULTON,RW17,RW17,RW17,name
FULTON,RW04,RW04,RW04,name
FULTON,SS01,SS01,SS01,name
FULTON,SC14B,SC14B,,unmatched
FULTON,10D2,10D2,10D2,name
FULTON,10D1,10D1,10D1,name
FULTON,10E,10E,10E,name
FULTON,10P,10P,10P,name
FULTON,10D,10D,10D,name
FULTON,10H1,10H1,10H1,name
FULTON,09C,09C,09C,name
FULTON,09B,09B,09B,name
FULTON,09K1,09K1,09K1,name
FULTON,11R,11R,11R,name
FULTON,EP01B,EP01B,EP01B,name
FULTON,11K,11K,11K,name
FULTON,EP02D,EP02D,EP02D,name
FULTON,11G,11G,11G,name
FULTON,12I,12I,12I,name
FULTON,10K,10K,10K,name
FULTON,10G,10G,10G,name
FULTON,11H,11H,11H,name
FULTON,10J,10J,10J,name
FULTON,EP02E,EP02E,EP02E,name
FULTON,12L,12L,12L,name
FULTON,EP02B,EP02B,EP02B,name
FULTON,12G,12G,12G,name
FULTON,12D,12D,12D,name
FULTON,12A1,12A1,12A1,name
FULTON,04S,04S,04S,name
FULTON,04X1,04X1,04X1,name
FULTON,04M,04M,04M,name
FULTON,04T,04T,04T,name
FULTON,10M,10M,10M,name
FULTON,04X2,04X2,04X2,name
FULTON,04L,04L,04L,name
FULTON,04D,04D,04D,name
FULTON,04G,04G,04G,name
FULTON,04A,04A,04A,name
FULTON,04K,04K,04K,name
FULTON,04W,04W,04W,name
FULTON,10F,10F,10F,name
FULTON,03S,03S,03S,name
FULTON,09D,09D,09D,name
FULTON,03C,03C,03C,name
FULTON,03H,03H,03H,name
FULTON,09E,09E,09E,name
FULTON,09K,09K,09K,name
FULTON,09M,09M,09M,name
FULTON,09L,09L,09L,name
FULTON,09A,09A,09A,name
FULTON,04C,04C,04C,name
FULTON,03A,03A,03A,name
FULTON,03D,03D,03D,name
FULTON,03B,03B,03B,name
FULTON,09I,09I,09I,name
FULTON,03E,03E,03E,name
FULTON,04J,04J,04J,name
FULTON,03L,03L,03L,name
FULTON,03M,03M,03M,name
FULTON,03N,03N,03N,name
FULTON,09J,09J,09J,name
FULTON,09G,09G,09G,name
FULTON,09H,09H,09H,name
COBB,MA1B,MABLETON 1B,Mableton 1B,name
COBB,MA1A,MABLETON 1A,Mableton 1A,name
COBB,MA3A,MABLETON 3A,Mableton 3A,name
COBB,MA2B,MABLETON 2B,Mableton 2B,name
COBB,MA3B,MABLETON 3B,Mableton 3B,name
COBB,SW01,SWEETWATER 01,Sweetwater 01,name
COBB,CL02,CLARKDALE 02,Clarkdale 02,name
COBB,PS1A,POWDER SPRINGS 1A,Powder Springs 1A,name
COBB,PS3A,POWDER SPRINGS 3A,Powder Springs 3A,name
COBB,LM03,LOST MOUNTAIN 03,Lost Mountain 03,name
COBB,ME01,MCEACHERN 01,McEachern 01,name
COBB,LM01,LOST MOUNTAIN 01,Lost Mountain 01,name
COBB,OR01,OREGON 01,Oregon 01,name
COBB,VA01,VAUGHAN 01,Vaughan 01,name
COBB,LM02,LOST MOUNTAIN 02,Lost Mountain 02,name
COBB,FR01,FORD 01,Ford 01,name
COBB,DU01,DURHAM 01,Durham 01,name
COBB,KP03,KEMP 03,Kemp 03,name
COBB,FY01,FREY 01,Frey 01,name
COBB,LM04,LOST MOUNTAIN 04,Lost Mountain 04,name
COBB,MS01,MARS HILL 01,Mars Hill 01,name
COBB,ML01,MCCLURE 01,McClure 01,name
COBB,AC1A,ACWORTH 1A,Acworth 1A,name
COBB,AC1B,ACWORTH 1B,Acworth 1B,name
COBB,EL05,ELIZABETH 05,Elizabeth 05,name
COBB,BF02,BELLS FERRY 02,Bells Ferry 02,name
COBB,BW01,BLACKWELL 01,Blackwell 01,name
COBB,GT01,GRITTERS 01,Gritters 01,name
COBB,BF03,BELLS FERRY 03,Bells Ferry 03,name
COBB,MK01,MCCLESKEY 01,McCleskey 01,name
COBB,NS01,NICHOLSON 01,Nicholson 01,name
COBB,AD01,ADDISON 01,Addison 01,name
COBB,SI01,SIMPSON 01,Simpson 01,name
COBB,LA01,LASSITER 01,Lassiter 01,name
COBB,KL01,KELL 01,Kell 01,name
COBB,RM01,ROCKY MOUNT 01,Rocky Mount 01,name
COBB,EA02,EASTSIDE 02,Eastside 02,name
COBB,SO01,SOPE CREEK 01,Sope Creek 01,name
COBB,FP01,FULLERS PARK 01,Fullers Park 01,name
COBB,SM01,SEWELL MILL 01,Sewell Mill 01,name
COBB,MD01,MURDOCK 01,Murdock 01,name
COBB,MT04,MT BETHEL 04,Mt. Bethel 04,name
COBB,EA01,EASTSIDE 01,Eastside 01,name
COBB,DC01,DICKERSON 01,Dickerson 01,name
COBB,DO01,DODGEN 01,Dodgen 01,name
COBB,CR01,CHESTNUT RIDGE 01,Chestnut Ridge 01,name
COBB,RW02,ROSWELL 02,Roswell 02,name
COBB,SA01,SANDY PLAINS 01,Sandy Plains 01,name
COBB,PP01,POPE 01,Pope 01,name
COBB,MB01,MABRY 01,Mabry 01,name
COBB,DV01,DAVIS 01,Davis 01,name
COBB,GM01,GARRISON MILL 01,Garrison Mill 01,name
COBB,PO01,POST OAK 01,Post Oak 01,name
COBB,HT01,HIGHTOWER 01,Hightower 01,name
COBB,SF01,SHALLOWFORD FALLS 01,Shallowford Falls 01,name
COBB,WL01,WILLEO 01,Willeo 01,name
COBB,SN4A,SMYRNA 4A,Smyrna 4A,name
COBB,SN3B,SMYRNA 3B,Smyrna 3B,name
COBB,NJ01,NICKAJACK 01,Nickajack 01,name
COBB,SN6A,SMYRNA 6A,Smyrna 6A,name
COBB,VG03,VININGS 03,Vinings 03,name
COBB,VG02,VININGS 02,Vinings 02,name
COBB,SN5A,SMYRNA 5A,Smyrna 5A,name
COBB,SN3A,SMYRNA 3A,Smyrna 3A,name
COBB,DI01,DOBBINS 01,Dobbins 01,name
COBB,MR1A,MARIETTA 1A,Marietta 1A,name
COBB,SN2A,SMYRNA 2A,Smyrna 2A,name
COBB,SN1A,SMYRNA 1A,Smyrna 1A,name
COBB,DI02,DOBBINS 02,Dobbins 02,name
COBB,MR7A,MARIETTA 7A,Marietta 7A,name
COBB,PF01,POWERS FERRY 01,Powers Ferry 01,name
COBB,VG04,VININGS 04,Vinings 04,name
COBB,VG01,VININGS 01,Vinings 01,name
COBB,CA01,CHATTAHOOCHEE 01,Chattahoochee 01,name
COBB,TM01,TERRELL MILL 01,Terrell Mill 01,name
COBB,SO02,SOPE CREEK 02,Sope Creek 02,name
COBB,SO03,SOPE CREEK 03,Sope Creek 03,name
COBB,MR5B,MARIETTA 5B,Marietta 5B,name
COBB,MR6B,MARIETTA 6B,Marietta 6B,name
COBB,EL02,ELIZABETH 02,Elizabeth 02,name
COBB,MR6A,MARIETTA 6A,Marietta 6A,name
COBB,EL04,ELIZABETH 04,Elizabeth 04,name
COBB,SM03,SEWELL MILL 03,Sewell Mill 03,name
COBB,EL03,ELIZABETH 03,Elizabeth 03,name
COBB,NC01,NORTH COBB 01,North Cobb 01,name
COBB,AC1C,ACWORTH 1C,Acworth 1C,name
COBB,KE4A,KENNESAW 4A,Kennesaw 4A,name
COBB,KE3A,KENNESAW 3A,Kennesaw 3A,name
COBB,KE5A,KENNESAW 5A,Kennesaw 5A,name
COBB,BK01,BAKER 01,Baker 01,name
COBB,WG02,WADE GREEN 02,Wade Green 02,name
COBB,MR4C,MARIETTA 4C,Marietta 4C,name
COBB,MR3A,MARIETTA 3A,Marietta 3A,name
COBB,MR4A,MARIETTA 4A,Marietta 4A,name
COBB,MR5A,MARIETTA 5A,Marietta 5A,name
COBB,MR4B,MARIETTA 4B,Marietta 4B,name
COBB,EL01,ELIZABETH 01,Elizabeth 01,name
COBB,EP01,EAST PIEDMONT 01,East Piedmont 01,name
COBB,KE1A,KENNESAW 1A,Kennesaw 1A,name
COBB,BG01,BIG SHANTY 01,Big Shanty 01,name
COBB,WG01,WADE GREEN 01,Wade Green 01,name
COBB,BG02,BIG SHANTY 02,Big Shanty 02,name
COBB,PT01,PITNER 01,Pitner 01,name
COBB,CK01,CHALKER 01,Chalker 01,name
COBB,PR01,PALMER 01,Palmer 01,name
COBB,BF04,BELLS FERRY 04,Bells Ferry 04,name
COBB,SN7A,SMYRNA 7A,Smyrna 7A,name
COBB,OK01,OAKDALE 01,Oakdale 01,name
COBB,AU1B,AUSTELL 1B,Austell 1B,name
COBB,CL01,CLARKDALE 01,Clarkdale 01,name
COBB,PS2A,POWDER SPRINGS 2A,Powder Springs 2A,name
COBB,AU1A,AUSTELL 1A,Austell 1A,name
COBB,MA5A,MABLETON 5A,Mableton 5A,name
COBB,MA6A,MABLETON 6A,Mableton 6A,name
COBB,MC01,MACLAND 01,Macland 01,name
COBB,OR05,OREGON 05,Oregon 05,name
COBB,KP02,KEMP 02,Kemp 02,name
COBB,OR04,OREGON 04,Oregon 04,name
COBB,DL01,DOWELL 01,Dowell 01,name
COBB,CH03,CHEATHAM HILL 03,Cheatham Hill 03,name
COBB,MA5B,MABLETON 5B,Mableton 5B,name
COBB,OR02,OREGON 02,Oregon 02,name
COBB,MA6B,MABLETON 6B,Mableton 6B,name
COBB,BR01,BIRNEY 01,Birney 01,name
COBB,MA4B,MABLETON 4B,Mableton 4B,name
COBB,MA4A,MABLETON 4A,Mableton 4A,name
COBB,NP01,NORTON PARK 01,Norton Park 01,name
COBB,FO02,FAIR OAKS 02,Fair Oaks 02,name
COBB,OR03,OREGON 03,Oregon 03,name
COBB,MR2A,MARIETTA 2A,Marietta 2A,name
COBB,FO04,FAIR OAKS 04,Fair Oaks 04,name
COBB,MR2B,MARIETTA 2B,Marietta 2B,name
COBB,MR3B,MARIETTA 3B,Marietta 3B,name
COBB,HR01,HARRISON 01,Harrison 01,name
COBB,KP01,KEMP 01,Kemp 01,name
COBB,HY01,HAYES 01,Hayes 01,name
COBB,PM02,PINE MOUNTAIN 02,Pine Mountain 02,name
COBB,CH02,CHEATHAM HILL 02,Cheatham Hill 02,name
COBB,PM01,PINE MOUNTAIN 01,Pine Mountain 01,name
COBB,KE2A,KENNESAW 2A,Kennesaw 2A,name
COBB,MS02,MARS HILL 02,Mars Hill 02,name
COBB,MT03,MT BETHEL 03,Mt. Bethel 03,name
COBB,MT01,MT BETHEL 01,Mt. Bethel 01,name
COBB,TR01,TIMBER RIDGE 01,Timber Ridge 01,name
COBB,RW01,ROSWELL 01,Roswell 01,name
COBB,MA2A,MABLETON 2A,Mableton 2A,name
COBB,MA3C,MABLETON 3C,Mableton 3C,name
COBB,MA4C,MABLETON 4C,Mableton 4C,name
MITCHELL,PC,PEBBLE CITY,Pebble City,name
MITCHELL,SC,SALE CITY,Sale City,name
MITCHELL,LS,LESTER,Lester,name
MITCHELL,HF,HOPEFUL,Hopeful,name
MITCHELL,BV,BRANCHVILLE,Branchville,name
MITCHELL,PE,PELHAM,Pelham,name
MITCHELL,CN,CAMILLA NORTH,Camilla North,name
MITCHELL,CS,CAMILLA SOUTH,Camilla South,name
MITCHELL,BA,BACONTON,Baconton,name
MITCHELL,CT,COTTON,Cotton,name
MITCHELL,HI,HINSONTON,Hinsonton,name
COLQUITT,13,HARTSFIELD,Hartsfield,name
COLQUITT,21,THIGPEN,Thigpen,name
COLQUITT,10,DOERUN,Doerun,name
COLQUITT,8,BRIDGECREEK,Bridgecreek,name
COLQUITT,18,MURPHY,Murphy,name
COLQUITT,7,AUTREYVILLE,Autreyville,name
COLQUITT,2,MOULTRIE,Moultrie,name
COLQUITT,14,HOPEWELL,Hopewell,name
COLQUITT,20,ROBINSON,Robinson,name
COLQUITT,15,LEE,Lee,name
COLQUITT,11,FUNSTON,Funston,name
COLQUITT,16,MILLCREEK,Millcreek,name
COLQUITT,1,SHAW,Shaw,name
COLQUITT,17,MONK,Monk,name
COLQUITT,19,NORMAN PARK,Norman Park,name
COLQUITT,9,CROSLAND,Crosland,name
COLQUITT,23,WARRIOR,Warrior,name
COLQUITT,22,TYTY,TyTy,name
COLQUITT,12,HAMILTON,Hamilton,name
WORTH,12,BRIDGEBORO,Bridgeboro,name
WORTH,11,MINTON,Minton,name
WORTH,10,SCOOTERVILLE,Scooterville,name
WORTH,14,COUNTY LINE,County Line,name
WORTH,1,SYLVESTER,Sylvester,name
WORTH,6,RED ROCK,Red Rock,name
WORTH,9,WARWICK,Warwick,name
WORTH,15,ISABELLA,Isabella,name
WORTH,3,POULAN,Poulan,name
WORTH,7,DOLES,Doles,name
WORTH,2,SYLVESTER EAST,Sylvester East,name
WORTH,4,SUMNER,Sumner,name
CLAY,5,DAYS CROSS ROAD,Days Cross Road,name
CLAY,2,ZETTO,Zetto,name
CLAY,3,COURT HOUSE,Court House,name
CLAY,4,OLD HEAD START,Old Head Start,name
CLAY,1,BLUFFTON,Bluffton,name
QUITMAN,M,MORRIS,Morris,name
QUITMAN,G,GEORGETOWN,Georgetown,name
STEWART,6,OMAHA,Omaha,name
STEWART,5,LUMPKIN,Lumpkin,name
STEWART,4,LOUVALE,Louvale,name
STEWART,2,RICHLAND,Richland,name
MUSCOGEE,112,OUR LADY OF LOURDES,Our Lady of Lourdes,name
MUSCOGEE,122,FIRST AFRICAN,First African,name
MUSCOGEE,125,MARIANNA GALLOPS,Marianna Gallops,name
MUSCOGEE,110,CUSSETA RD,Cusseta Rd,name
MUSCOGEE,101,INC COLUMBUS/WYNNTON,INC Columbus,reviewed_alias
MUSCOGEE,102,COLUMBUS PUBLIC LIBRARY,Columbus Public Library,name
MUSCOGEE,118,ST PAUL,St Paul,name
MUSCOGEE,124,EPWORTH UMC,Epworth UMC,name
MUSCOGEE,109,WYNNBROOK,Wynnbrook,name
MUSCOGEE,107,COLUMBUS TECH,Columbus Tech,name
MUSCOGEE,104,BRITT DAVID,Britt David,name
MUSCOGEE,105,ST. PETER,St. Peter,name
MUSCOGEE,108,CENTRAL BAPTIST,Central Baptist,name
MUSCOGEE,106,CHATTAHOOCHEE,Chattahoochee,name
MUSCOGEE,117,CUNNINGHAM CENTER-GENTIAN,Gentian/Cunningham,reviewed_alias
MUSCOGEE,119,MOON,Moon,name
MUSCOGEE,115,CANAAN,Canaan,name
MUSCOGEE,120,ST ANDREWS,St Andrews,name
MUSCOGEE,121,SALVATION ARMY,Salvation Army,name
MUSCOGEE,127,PSALMOND,Psalmond,name
MUSCOGEE,113,NEW MT PILGRIM,Mt Pilgrim,unique_name_similarity
MUSCOGEE,103,ST JOHN/SHIRLEY WINSTON,St John/Shirley Winston,name
MUSCOGEE,126,EDGEWOOD BAPTIST,Edgewood Baptist,name
MUSCOGEE,116,GATEWAY,Gateway,name
MUSCOGEE,114,FAITH TABERNACLE,Faith Tabernacle,name
HARRIS,U9,UPPER 19TH,Upper 19th,name
HARRIS,L9,LOWER 19TH,Lower 19th,name
HARRIS,MG,MULBERRY GROVE,Mulberry Grove,name
HARRIS,SK,SKINNER,Skinner,name
HARRIS,WH,WHITESVILLE,Whitesville,name
HARRIS,CA,CATAULA,Cataula,name
HARRIS,HA,HAMILTON,Hamilton,name
HARRIS,EL,ELLERSLIE,Ellerslie,name
HARRIS,WA,WAVERLY HALL,Waverly Hall,name
HARRIS,GM,GOODMAN,Goodman,name
HARRIS,PV,PINE MOUNTAIN VALLEY,Pine Mountain Valley,name
HARRIS,VP,VALLEY PLAINS,Valley Plains,name
TROUP,5,WEST POINT,West Point,name
TROUP,11,LONG CANE,Grace,reviewed_alias
TROUP,13,GRAY HILL,Gray Hill,name
TROUP,2,ADMINISTRATION BLDG,Admin,reviewed_alias
TROUP,4,GRIGGS CENTER,Griggs,reviewed_alias
TROUP,8,ROSEMONT,Rosemont,name
TROUP,7,EAST VERNON,East Vernon,name
TROUP,1,HOLLIS HAND,Hollis,reviewed_alias
TROUP,3,HAMMETT RD,Hammett,reviewed_alias
TROUP,10,MCLENDON,Hillcrest,reviewed_alias
TROUP,12,GARDNER NEWMAN,Gardner,reviewed_alias
TROUP,9,MOUNTVILLE,Mountville,name
TROUP,6,HOGANSVILLE,Hogansville,name
HEARD,SOU,SOUTHWEST,Southwest,name
HEARD,EPH,EPHESUS,Ephesus,name
HEARD,FRA,FRANKLIN,Franklin,name
HEARD,COO,COOKSVILLE - CORINTH,Cooksville-Corinth,name
HEARD,CEN,CENTRALHATCHEE,Centralhatchee,name
HEARD,ENO,ENON GROVE,Enon Grove,name
CARROLL,1111,BOWDON,Bowden Sr Ctr,reviewed_alias
CARROLL,1533,TYUS,Tyus,name
CARROLL,714BW,OLD CAMP,Old Camp Church,reviewed_alias
CARROLL,713,ROOPVILLE,Roopville,name
CARROLL,715,OAK GROVE,Oak Grove,name
CARROLL,1483,CLEM,Clem Comm Ctr,reviewed_alias
CARROLL,682,WHITESBURG,Whitesburg Rec Dept,reviewed_alias
CARROLL,1006,KANSAS,Kansas,name
CARROLL,1371,SHILOH,Shiloh,name
CARROLL,1240,MT ZION,Mt Zion,name
CARROLL,714A4,UWG,Townsend Ctr UWG,reviewed_alias
CARROLL,714A1,CATHERINE HARDY,Catherine Hardy,name
CARROLL,714A6,TABERNACLE,Tabernacle,name
CARROLL,714A5,NEVA LOMASON,Neva Lomason,name
CARROLL,1496,MT HOLLY,Mount Holly,name
CARROLL,714BN,CARROLL EMC,Carroll EMC,name
CARROLL,714A3,BONNER,Bonner Rec Ctr,reviewed_alias
CARROLL,714A2,LAKESHORE,Lakeshore Rec Ctr,reviewed_alias
CARROLL,501,BETHANY,Bethany,name
CARROLL,1152,CENTER POINT,Center Point,name
CARROLL,1122,MIDWAY,Midway,name
CARROLL,650,TEMPLE CITY,Temple City,name
CARROLL,649,TEMPLE COUNTY,Temple County,name
CARROLL,640,VR SPORTS COMPLEX,VR Sports Complex,name
CARROLL,641,VR GOLD DUST,VR Gold Dust Park,reviewed_alias
CARROLL,1542,MARS HILL,Mars Hill,name
CARROLL,1540,FAIRFIELD,Fairfield Rec Ctr,reviewed_alias
CARROLL,642,VR POWELL PARK,Powell Park Rec Ctr,reviewed_alias
COWETA,4,DRESDEN,Dresden,name
COWETA,9,GRANTVILLE,Grantville,name
COWETA,2,MORELAND,Moreland,name
COWETA,3,PINE ROAD,Pine Road,name
COWETA,11,WELCOME,Welcome,name
COWETA,15,SMOKEY ROAD,Smokey Road,name
COWETA,24,WESTSIDE,Westside,name
COWETA,5,NEWNAN,Newnan,name
COWETA,20,EXPO CENTER,Expo Center,name
COWETA,12,PANTHER CREEK,Panther Creek,name
COWETA,17,CENTRAL,Central,name
COWETA,19,GREENTOP,Greentop,name
COWETA,13,RAYMOND,Raymond,name
COWETA,18,THE NEWNAN CENTRE,Newnan Centre,unique_name_similarity
COWETA,21,WHITE OAK,White Oak,name
COWETA,25,NORTHSIDE,Northside,name
COWETA,22,MADRAS,Madras,name
COWETA,14,TURIN,Turin,name
COWETA,10,HARALSON,Haralson,name
COWETA,1,SENOIA,Senoia,name
COWETA,27,COWETA CENTRAL LIBRARY,Coweta Central Library,name
COWETA,26,THOMAS CROSSROADS,Thomas Crossroads,name
COWETA,6,SHARPSBURG,Sharpsburg,name
COWETA,23,CANNONGATE,Canongate,unique_name_similarity
RANDOLPH,131,COLEMAN,Coleman,name
RANDOLPH,718A,CUTHBERT/COURTHOUSE,Cuthbert-Courthouse,name
RANDOLPH,954,SPRINGVALE,Springvale,name
RANDOLPH,718B,CUTHBERT,Cuthbert,name
RANDOLPH,566,BENEVOLENCE,Benevolence,name
RANDOLPH,334,SHELLMAN,Shellman,name
BANKS,2,BALDWIN,Baldwin,name
BANKS,3,BERLIN,Berlin,name
BANKS,9,HOLLINGSWORTH,Hollingsworth,name
BANKS,12,WASHINGTON,Washington,name
BANKS,5,COLUMBIA,Columbia,name
BANKS,13,WILMONTS,Wilmonts,name
BANKS,8,GROVE RIVER,Grove River,name
BANKS,1,ANDERSON,Anderson,name
BANKS,10,HOMER,Homer,name
BANKS,4,BUSHVILLE,Bushville,name
BANKS,6,DAVIDS,Davids,name
BANKS,11,POPLAR SPRINGS,Poplar Springs,name
BANKS,7,GOLDEN HILL,Golden Hill,name
HABERSHAM,6,MUD CREEK,Mud Creek,name
HABERSHAM,2,HABERSHAM SOUTH,Habersham South,name
HABERSHAM,4,TOWN OF MOUNT AIRY,Mount Airy,single_remainder
HABERSHAM,3,DEMOREST,Demorest,name
HABERSHAM,7,AMYS CREEK,Amys Creek,name
HABERSHAM,1,HABERSHAM NORTH,Habersham North,name
GREENE,1,GREENSBORO,Greensboro,name
GREENE,4,UNION POINT,Union Point,name
GREENE,8,OLD SALEM,Old Salem,name
GREENE,6,WHITE PLAINS,White Plains,name
GREENE,5,SILOAM,Siloam,name
OCONEE,02-CF,COLHAM FERRY,Colham Ferry,name
OCONEE,03-BI,BISHOP,Bishop,name
OCONEE,05-DC,DARK CORNER,Dark Corner,name
OCONEE,04-NO,NORTH OCONEE,North Oconee,name
OCONEE,06-BO,BOGART,Bogart,name
OCONEE,07-MH,MARSWOOD HALL,Marswood Hall,name
OCONEE,08-CC,CIVIC CENTER,Civic Center,name
OCONEE,01-CH,CITY HALL,City Hall,name
CLARKE,1D,1D,1D,name
CLARKE,1C,1C,1C,name
CLARKE,8C,8C,8C,name
CLARKE,8A,8A,8A,name
CLARKE,8B,8B,8B,name
CLARKE,4A,4A,4A,name
CLARKE,1B,1B,1B,name
CLARKE,2C,2C,2C,name
CLARKE,1A,1A,1A,name
CLARKE,6B,6B,6B,name
CLARKE,6C,6C,6C,name
CLARKE,7A,7A,7A,name
CLARKE,7B,7B,7B,name
CLARKE,4B,4B,4B,name
CLARKE,7C,7C,7C,name
CLARKE,6A,6A,6A,name
CLARKE,5B,5B,5B,name
CLARKE,5A,5A,5A,name
CLARKE,5C,5C,5C,name
CLARKE,5D,5D,5D,name
CLARKE,3A,3A,3A,name
CLARKE,3B,3B,3B,name
CLARKE,2B,2B,2B,name
CLARKE,2A,2A,2A,name
MADISON,HUL,HULL,Hull,name
MADISON,COB,COLBERT,Colbert,name
MADISON,COM,COMER,Comer,name
MADISON,FOR,FORK,Fork,name
MADISON,PIT,PITTMAN,Pittman,name
MADISON,ILA,ILA,Ila,name
MADISON,POC,POCA,Poca,name
MADISON,DAN,DANIELSVILLE,Danielsville,name
MADISON,MIL,MILL,Mill,name
MADISON,HAR,HARRISON,Harrison,name
MADISON,PAO,PAOLI,Paoli,name
MADISON,COL,COLLINS,Collins,name
OGLETHORPE,CR,CRAWFORD,Crawford,name
OGLETHORPE,BV,BEAVERDAM,Beaverdam,name
OGLETHORPE,LX,LEXINGTON,Lexington,name
TALIAFERRO,601,CRAWFORDVILLE,Crawfordville,name
TALIAFERRO,172,SHARON,Sharon,name
WILKES,3B,RAYLE CITY HALL,Rayle City Hall,name
WILKES,1,SENIOR CITIZEN CENTE,Senior Citizen Center,unique_name_similarity
WILKES,3A,EDWARD B POPE CENTER,Edward B Pope Center,name
WILKES,4A,COURTHOUSE,Courthouse,name
WILKES,2A,YOUNG FARMER'S BLDG,Young Famer's Bldg,unique_name_similarity
WILKES,2B,METASVILLE FIRE STA,Metasville Fire Sta,name
WILKES,4B,TIGNALL SCH LUNCH RM,Tignall Sch Lunch Rm,name
ELBERT,202,WEBBSBORO,Webbsboro,name
ELBERT,193,WYCHE,Wyche,name
ELBERT,201,GOSHEN,Goshen,name
ELBERT,197,PIKE,Pike,name
ELBERT,189,ELBERTON,Elberton,name
ELBERT,315,CENTERVILLE,Centerville,name
ELBERT,191,ELIAM,Eliam,name
ELBERT,190,LONGSTREET,Longstreet,name
ELBERT,192,PETERSBURG,Petersburg,name
ELBERT,196,MOSS-RUCKERSVILLE,Moss-Ruckersville,name
ELBERT,199,GAINES,Gaines,name
FRANKLIN,7,SOUTHWEST FRANKLIN,Southwest Franklin,name
FRANKLIN,6,ROYSTON,Royston,name
FRANKLIN,2,WEST FRANKLIN,West Franklin,name
FRANKLIN,1,CARNESVILLE,Carnesville,name
FRANKLIN,5,CANON,Canon,name
FRANKLIN,4,LAVONIA,Lavonia,name
FRANKLIN,3,NORTHEAST FRANKLIN,Northeast Franklin,name
STEPHENS,SC1,STEPHENS COUNTY 1,Stephens County 1,name
HART,3,GOLDMINE,Goldmine,name
HART,8,BIO,Bio,name
HART,4,COKESBURY,Cokesbury,name
HART,6,BOWERSVILLE,Bowersville,name
HART,7,SHOAL CREEK,Shoal Creek,name
HART,2,HARTWELL,Hartwell,name
HART,5,REED CREEK,Reed Creek,name
WHITE,101,TOWN CREEK,Town Creek,name
WHITE,21,BLUE RIDGE,Blue Ridge,name
WHITE,91,TESNATEE,Tesnatee,name
WHITE,81,SHOAL CREEK,Shoal Creek,name
WHITE,41,MOSSY CREEK,Mossy Creek,name
WHITE,111,WHITE CREEK,White Creek,name
WHITE,51,MT YONAH,Mt Yonah,name
WHITE,11,BLUE CREEK,Blue Creek,name
WHITE,61,NACOOCHEE,Nacoochee,name
WHITE,31,ROBERTSTOWN/HELEN,Robertstown-Helen,name
UNION,11,CHOESTOE,Choestoe,name
UNION,5,SUCHES,Suches,name
UNION,2,JONES CREEK,Jones Creek,name
UNION,10,COOSA,Coosa,name
UNION,3,OWLTOWN,Owltown,name
UNION,7,DOOLEY,Dooley,name
UNION,9,PAT COLWELL,Pat Colwell,name
UNION,4,IVY LOG,Ivy Log,name
UNION,8,GUMLOG,Gumlog,name
UNION,1,BLAIRSVILLE,Blairsville,name
UNION,6,TRACKROCK,Trackrock,name
WALTON,559,GOOD HOPE,Good Hope,name
WALTON,454,MOUNTAIN,Mountain,name
WALTON,416,WALNUT GROVE,Walnut Grove,name
WALTON,423,BROKEN ARROW,Broken Arrow,name
WALTON,427,TARA,Tara,name
WALTON,502,JERSEY,Jersey,name
WALTON,415,BETWEEN,Between,name
WALTON,418,SOCIAL CIRCLE,Social Circle,name
WALTON,1675,WHATLEY,Whatley,name
WALTON,426,W MONROE,W Monroe,name
WALTON,419,SOUTH MONROE,South Monroe,name
WALTON,425,CENTRAL MONROE,Central Monroe,name
WALTON,503,BLASINGAME,Blasingame,name
WALTON,417,LOGANVILLE CENTRAL,Loganville Central,name
WALTON,424,BAY CREEK,Bay Creek,name
WALTON,1663,BOLD SPRINGS,Bold Springs,name
WALTON,250,WALKER PARK,Walker Park,name
WALTON,414,GRATIS,Gratis,name
WALTON,422,WEST WALTON,West Walton,name
MORGAN,3,3.  GIBBS,Gibbs,unique_name_similarity
MORGAN,1,1. REC DEPT,Rec Dept,unique_name_similarity
MORGAN,5,5.  BUCKHEAD,Buckhead,unique_name_similarity
MORGAN,2,2. CENTENNIAL,Centennial,unique_name_similarity
MORGAN,4,4. DFACS,DFACS,unique_name_similarity
BARROW,5,5,05,code
BARROW,16,16,16,name
BARROW,3,3,03,code
BARROW,4,4,04,code
BARROW,2,2,02,code
BARROW,1,1,01,code
BARROW,13,13,13,name
BARROW,8,8,08,code
JACKSON,4000,SOUTH JACKSON,South Jackson,name
JACKSON,3000,WEST JACKSON,West Jackson,name
JACKSON,1000,CENTRAL JACKSON,Central Jackson,name
JACKSON,2000,NORTH JACKSON,North Jackson,name
GWINNETT,39,DUNCANS D,039 Duncans D,code
GWINNETT,1,HARBINS A,001 Harbins A,code
GWINNETT,151,HARBINS C,151 Harbins C,code
GWINNETT,133,HARBINS B,133 Harbins B,code
GWINNETT,28,ROCKYCREEK A,028 Rockycreek A,code
GWINNETT,129,DUNCANS B,129 Duncans B,code
GWINNETT,64,GARNERS D,064 Garners D,code
GWINNETT,122,ROCKBRIDGE G,122 Rockbridge G,code
GWINNETT,2,ROCKBRIDGE A,002 Rockbridge A,code
GWINNETT,75,ROCKBRIDGE C,075 Rockbridge C,code
GWINNETT,104,ROCKBRIDGE F,104 Rockbridge F,code
GWINNETT,76,ROCKBRIDGE D,076 Rockbridge D,code
GWINNETT,52,BERKSHIRE G,052 Berkshire G,code
GWINNETT,118,GARNERS F,118 Garners F,code
GWINNETT,112,BERKSHIRE N,112 Berkshire N,code
GWINNETT,33,BERKSHIRE E,033 Berkshire E,code
GWINNETT,92,BERKSHIRE J,092 Berkshire J,code
GWINNETT,49,GARNERS C,049 Garners C,code
GWINNETT,14,GARNERS A,014 Garners A,code
GWINNETT,45,GARNERS B,045 Garners B,code
GWINNETT,32,BERKSHIRE D,032 Berkshire D,code
GWINNETT,11,BERKSHIRE A,011 Berkshire A,code
GWINNETT,120,BERKSHIRE P,120 Berkshire P,code
GWINNETT,109,BERKSHIRE M,109 Berkshire M,code
GWINNETT,74,PINCKNEYVILLE Q,074 Pinckneyville Q,code
GWINNETT,103,BERKSHIRE L,103 Berkshire L,code
GWINNETT,86,MARTINS F,086 Martins F,code
GWINNETT,34,BERKSHIRE F,034 Berkshire F,code
GWINNETT,119,BERKSHIRE O,119 Berkshire O,code
GWINNETT,19,MARTINS C,019 Martins C,code
GWINNETT,43,MARTINS D,043 Martins D,code
GWINNETT,116,MARTINS I,116 Martins I,code
GWINNETT,117,MARTINS J,117 Martins J,code
GWINNETT,88,ROCKBRIDGE E,088 Rockbridge E,code
GWINNETT,69,CATES J,069 Cates J,code
GWINNETT,36,CATES E,036 Cates E,code
GWINNETT,107,CATES O,107 Cates O,code
GWINNETT,23,PINCKNEYVILLE D,023 Pinckneyville D,code
GWINNETT,58,PINCKNEYVILLE K,058 Pinckneyville K,code
GWINNETT,50,PINCKNEYVILLE I,050 Pinckneyville I,code
GWINNETT,101,PINCKNEYVILLE U,101 Pinckneyville U,code
GWINNETT,73,PINCKNEYVILLE P,073 Pinckneyville P,code
GWINNETT,126,PINCKNEYVILLE A1,126 Pinckneyville A1,code
GWINNETT,22,PINCKNEYVILLE C,022 Pinckneyville C,code
GWINNETT,125,PINCKNEYVILLE Z,125 Pinckneyville Z,code
GWINNETT,62,PINCKNEYVILLE L,062 Pinckneyville L,code
GWINNETT,63,PINCKNEYVILLE M,063 Pinckneyville M,code
GWINNETT,121,PINCKNEYVILLE X,121 Pinckneyville X,code
GWINNETT,40,PINCKNEYVILLE H,040 Pinckneyville H,code
GWINNETT,99,PINCKNEYVILLE T,099 Pinckneyville T,code
GWINNETT,57,DULUTH D,057 Duluth D,code
GWINNETT,82,DULUTH E,082 Duluth E,code
GWINNETT,56,DULUTH C,056 Duluth C,code
GWINNETT,111,DULUTH H,111 Duluth H,code
GWINNETT,60,LAWRENCEVILLE D,060 Lawrenceville D,code
GWINNETT,42,LAWRENCEVILLE C,042 Lawrenceville C,code
GWINNETT,70,GOODWINS B,070 Goodwins B,code
GWINNETT,26,HOG MOUNTAIN A,026 Hog Mountain A,code
GWINNETT,31,HOG MOUNTAIN D,031 Hog Mountain D,code
GWINNETT,136,HOG MOUNTAIN C,136 Hog Mountain C,code
GWINNETT,67,PUCKETTS E,067 Pucketts E,code
GWINNETT,71,LAWRENCEVILLE F,071 Lawrenceville F,code
GWINNETT,144,LAWRENCEVILLE M,144 Lawrenceville M,code
GWINNETT,27,HOG MOUNTAIN B,027 Hog Mountain B,code
GWINNETT,3,DACULA,003 Dacula,code
GWINNETT,152,ROCKYCREEK C,152 Rockycreek C,code
GWINNETT,137,ROCKYCREEK B,137 Rockycreek B,code
GWINNETT,154,PUCKETTS D,154 Pucketts D,code
GWINNETT,8,DUNCANS A,008 Duncans A,code
GWINNETT,13,DUNCANS C,013 Duncans C,code
GWINNETT,35,CATES D,035 Cates D,code
GWINNETT,44,ROCKBRIDGE B,044 Rockbridge B,code
GWINNETT,53,CATES H,053 Cates H,code
GWINNETT,46,CATES F,046 Cates F,code
GWINNETT,47,CATES G,047 Cates G,code
GWINNETT,29,CATES B,029 Cates B,code
GWINNETT,79,CATES K,079 Cates K,code
GWINNETT,139,MARTINS K,139 Martins K,code
GWINNETT,115,MARTINS H,115 Martins H,code
GWINNETT,68,CATES I,068 Cates I,code
GWINNETT,93,CATES M,093 Cates M,code
GWINNETT,127,LAWRENCEVILLE J,127 Lawrenceville J,code
GWINNETT,18,MARTINS B,018 Martins B,code
GWINNETT,84,LAWRENCEVILLE G,084 Lawrenceville G,code
GWINNETT,150,DULUTH K,150 Duluth K,code
GWINNETT,48,DULUTH B,048 Duluth B,code
GWINNETT,96,DULUTH G,096 Duluth G,code
GWINNETT,72,MARTINS E,072 Martins E,code
GWINNETT,95,DULUTH F,095 Duluth F,code
GWINNETT,138,DULUTH I,138 Duluth I,code
GWINNETT,7,DULUTH A,007 Duluth A,code
GWINNETT,155,SUWANEE G,155 Suwanee G,code
GWINNETT,140,SUWANEE H,140 Suwanee H,code
GWINNETT,17,MARTINS A,017 Martins A,code
GWINNETT,77,GOODWINS C,077 Goodwins C,code
GWINNETT,97,GOODWINS E,097 Goodwins E,code
GWINNETT,110,MARTINS G,110 Martins G,code
GWINNETT,124,GOODWINS G,124 Goodwins G,code
GWINNETT,149,GOODWINS I,149 Goodwins I,code
GWINNETT,6,GOODWINS A,006 Goodwins A,code
GWINNETT,128,GOODWINS H,128 Goodwins H,code
GWINNETT,83,GOODWINS D,083 Goodwins D,code
GWINNETT,106,SUWANEE C,106 Suwanee C,code
GWINNETT,131,SUWANEE E,131 Suwanee E,code
GWINNETT,4,SUWANEE A,004 Suwanee A,code
GWINNETT,98,GOODWINS F,098 Goodwins F,code
GWINNETT,142,SUWANEE F,142 Suwanee F,code
GWINNETT,100,SUWANEE B,100 Suwanee B,code
GWINNETT,30,CATES C,030 Cates C,code
GWINNETT,10,CATES A,010 Cates A,code
GWINNETT,81,CATES L,081 Cates L,code
GWINNETT,156,BAYCREEK J,156 Baycreek J,code
GWINNETT,41,BAYCREEK B,041 Baycreek B,code
GWINNETT,134,BAYCREEK F,134 Baycreek F,code
GWINNETT,94,CATES N,094 Cates N,code
GWINNETT,5,BAYCREEK A,005 Baycreek A,code
GWINNETT,143,LAWRENCEVILLE L,143 Lawrenceville L,code
GWINNETT,61,LAWRENCEVILLE E,061 Lawrenceville E,code
GWINNETT,153,LAWRENCEVILLE N,153 Lawrenceville N,code
GWINNETT,16,LAWRENCEVILLE B,016 Lawrenceville B,code
GWINNETT,78,BAYCREEK K,078 Baycreek K,code
GWINNETT,15,LAWRENCEVILLE A,015 Lawrenceville A,code
GWINNETT,108,BAYCREEK E,108 Baycreek E,code
GWINNETT,145,BAYCREEK G,145 Baycreek G,code
GWINNETT,146,BAYCREEK H,146 Baycreek H,code
GWINNETT,91,BAYCREEK D,091 Baycreek D,code
GWINNETT,147,BAYCREEK I,147 Baycreek I,code
GWINNETT,80,BAYCREEK C,080 Baycreek C,code
GWINNETT,90,LAWRENCEVILLE I,090 Lawrenceville I,code
GWINNETT,85,LAWRENCEVILLE H,085 Lawrenceville H,code
GWINNETT,132,LAWRENCEVILLE K,132 Lawrenceville K,code
GWINNETT,130,SUWANEE D,130 Suwanee D,code
GWINNETT,105,SUGAR HILL F,105 Sugar Hill F,code
GWINNETT,141,SUGAR HILL G,141 Sugar Hill G,code
GWINNETT,25,SUGAR HILL B,025 Sugar Hill B,code
GWINNETT,89,SUGAR HILL E,089 Sugar Hill E,code
GWINNETT,54,SUGAR HILL C,054 Sugar Hill C,code
GWINNETT,24,SUGAR HILL A,024 Sugar Hill A,code
GWINNETT,55,SUGAR HILL D,055 Sugar Hill D,code
GWINNETT,102,PUCKETTS B,102 Pucketts B,code
GWINNETT,9,PUCKETTS A,009 Pucketts A,code
GWINNETT,135,PUCKETTS C,135 Pucketts C,code
GWINNETT,37,PINCKNEYVILLE E,037 Pinckneyville E,code
GWINNETT,66,PINCKNEYVILLE O,066 Pinckneyville O,code
GWINNETT,38,PINCKNEYVILLE F,038 Pinckneyville F,code
GWINNETT,59,PINCKNEYVILLE N,059 Pinckneyville N,code
GWINNETT,12,BERKSHIRE B,012 Berkshire B,code
GWINNETT,148,BERKSHIRE Q,148 Berkshire Q,code
GWINNETT,21,PINCKNEYVILLE B,021 Pinckneyville B,code
GWINNETT,51,PINCKNEYVILLE J,051 Pinckneyville J,code
GWINNETT,113,PINCKNEYVILLE V,113 Pinckneyville V,code
GWINNETT,114,PINCKNEYVILLE W,114 Pinckneyville W,code
GWINNETT,20,PINKCNEYVILLE A,020 Pinckneyville A,code
GWINNETT,87,PINCKNEYVILLE S,087 Pinckneyville S,code
GWINNETT,65,BERKSHIRE H,065 Berkshire H,code
GWINNETT,123,PINCKNEYVILLE Y,123 Pinckneyville Y,code
HALL,28,FRIENDSHIP I,Friendship I,name
HALL,8,MORGAN I,Morgan I,name
HALL,9,MORGAN II,Morgan II,name
HALL,2,CHICOPEE,Chicopee,name
HALL,23,GAINESVILLE III,Gainesville III,name
HALL,24,GAINESVILLE IV,Gainesville IV,name
HALL,25,GAINESVILLE V,Gainesville V,name
HALL,10,CANDLER,Candler,name
HALL,21,GAINESVILLE I,Gainesville I,name
HALL,22,GAINESVILLE II,Gainesville II,name
HALL,11,TADMORE,Tadmore,name
HALL,12,GLADE,Glade,name
HALL,26,GILLSVILLE,Gillsville,name
HALL,20,WEST WHELCHEL,West Whelchel,name
HALL,27,BIG HICKORY,Big Hickory,name
HALL,19,WHELCHEL,Whelchel,name
HALL,15,QUILLIANS,Quillians,name
HALL,14,CLERMONT,Clermont,name
HALL,13,LULA,Lula,name
HALL,7,ROBERTS,Roberts,name
HALL,6,FLOWERY BRANCH II,Flowery Branch II,name
HALL,29,FRIENDSHIP II,Friendship II,name
HALL,5,FLOWERY BRANCH I,Flowery Branch I,name
HALL,31,FRIENDSHIP IV,Friendship IV,name
HALL,30,FRIENDSHIP III,Friendship III,name
HALL,4,OAKWOOD II,Oakwood II,name
HALL,3,OAKWOOD I,Oakwood I,name
HALL,1,WILSON,Wilson,name
HALL,18,FORK,Fork,name
HALL,17,CHESTATEE,Chestatee,name
HALL,16,BARK CAMP,Bark Camp,name
MERIWETHER,10,LOWER 9TH-WOODBURY,Lower 9th-Woodbury,name
MERIWETHER,6,LONE OAK,Lone Oak,name
MERIWETHER,5,8TH-GREENVILLE,8th-Greenville,name
MERIWETHER,7,LUTHERSVILLE,Luthersville,name
MERIWETHER,9,MIDDLE 9TH-GAY,Middle 9th-Gay,name
MERIWETHER,8,UPPER 9TH -ALVATON,Upper 9th-Alvaton,name
MERIWETHER,4,7TH-ODESSADALE,7th-Odessadale,name
MERIWETHER,11,2ND-WARM SPRINGS,2nd-Warm Springs,name
MERIWETHER,12,THIRD-DURAND,Third-Durand,name
MERIWETHER,2,GILL I,Gill I,name
MERIWETHER,3,GILL II,Gill II,name
MERIWETHER,1,CHALYBEATE,Chalybeate,name
MERIWETHER,13,RALEIGH,Raleigh,name
MERIWETHER,14,COVE,Cove,name
PIKE,4,MOLENA,Molena,name
PIKE,1,CONCORD,Concord,name
PIKE,2,HOLLONVILLE,Hollonville,name
PIKE,6,LIFSEY SPRINGS,Lifsey Springs,name
PIKE,7,WILLIAMSON,Williamson,name
PIKE,8,ZEBULON,Zebulon,name
PIKE,3,MEANSVILLE,Meansville,name
PIKE,5,SECOND DISTRICT,Second District,name
SPALDING,12,12,12,name
SPALDING,19,19,19,name
SPALDING,10,10,10,name
SPALDING,8,8,08,code
SPALDING,5,5,05,code
SPALDING,6,6,06,code
SPALDING,7,7,07,code
SPALDING,11,11,11,name
SPALDING,1,1,01,code
SPALDING,3,3,03,code
SPALDING,2,2,02,code
SPALDING,16,16,16,name
SPALDING,20,20,20,name
SPALDING,9,9,09,code
SPALDING,13,13,13,name
SPALDING,14,14,14,name
SPALDING,21,21,21,name
FAYETTE,18,KEDRON,Kedron,name
FAYETTE,19,ABERDEEN,Aberdeen,name
FAYETTE,32,WILLOWBEND,Willowbend,name
FAYETTE,21,FLAT CREEK,Flat Creek,name
FAYETTE,17,OAK GROVE,Oak Grove,name
FAYETTE,12,SHAKERAG WEST,Shakerag West,name
FAYETTE,20,WINDGATE,Windgate,name
FAYETTE,33,CAMP CREEK,Camp Creek,name
FAYETTE,11,SHAKERAG EAST,Shakerag East,name
FAYETTE,9,RAREOVER,Rareover,name
FAYETTE,31,FIELDING RIDGE,Fielding Ridge,name
FAYETTE,16,MCINTOSH,Mcintosh,name
FAYETTE,10,SANDY CREEK,Sandy Creek,name
FAYETTE,34,RISING STAR,Rising Star,name
FAYETTE,22,BRAELINN,Braelinn,name
FAYETTE,13,STARRSMILL,Starrsmill,name
FAYETTE,14,WHITEWATER,Whitewater,name
FAYETTE,2,BROOKS,Brooks,name
FAYETTE,15,WOOLSEY,Woolsey,name
FAYETTE,25,HARPS CROSSING,Harps Crossing,name
FAYETTE,36,ANTIOCH,Antioch,name
FAYETTE,30,MURPHY,Murphy,name
FAYETTE,26,WILLOW POND,Willow Pond,name
FAYETTE,27,DOGWOOD,Dogwood,name
FAYETTE,35,SPRING HILL,Spring Hill,name
FAYETTE,7,HOPEFUL,Hopeful,name
FAYETTE,5,FAYETTEVILLE WEST,Fayetteville West,name
FAYETTE,8,MORNING CREEK,Morning Creek,name
FAYETTE,1,BLACKROCK,Blackrock,name
FAYETTE,29,JEFF DAVIS,Jeff Davis,name
FAYETTE,4,FAYETTEVILLE EAST,Fayetteville East,name
FAYETTE,24,BANKS,Banks,name
FAYETTE,28,OAK RIDGE,Oak Ridge,name
FAYETTE,23,KENWOOD,Kenwood,name
FAYETTE,3,EUROPE,Europe,name
FAYETTE,6,FLINT,Flint,name
CLAYTON,JB01,JONESBORO 1,Jonesboro 1,name
CLAYTON,RD02,RIVERDALE 2,Riverdale 2,name
CLAYTON,JB12,JONESBORO 12,Jonesboro 12,name
CLAYTON,RD12,RIVERDALE 12,Riverdale 12,name
CLAYTON,PH2,PANHANDLE 2,Panhandle 2,name
CLAYTON,PH1,PANHANDLE 1,Panhandle 1,name
CLAYTON,JB13,JONESBORO 13,Jonesboro 13,name
CLAYTON,LJ3,LOVEJOY 3,Lovejoy 3,name
CLAYTON,LJ4,LOVEJOY 4,Lovejoy 4,name
CLAYTON,LJ5,LOVEJOY 5,Lovejoy 5,name
CLAYTON,LJ8,LOVEJOY 8,Lovejoy 8,name
CLAYTON,JB19,JONESBORO 19,Jonesboro 19,name
CLAYTON,JB17,JONESBORO 17,Jonesboro 17,name
CLAYTON,JB20,JONESBORO 20,Jonesboro 20,name
CLAYTON,JB02,JONESBORO 2,Jonesboro 2,name
CLAYTON,RD09,RIVERDALE 9,Riverdale 9,name
CLAYTON,JB16,JONESBORO 16,Jonesboro 16,name
CLAYTON,RD05,RIVERDALE 5,Riverdale 5,name
CLAYTON,JB21,JONESBORO 21,Jonesboro 21,name
CLAYTON,JB03,JONESBORO 3,Jonesboro 3,name
CLAYTON,JB10,JONESBORO 10,Jonesboro 10,name
CLAYTON,JB09,JONESBORO 9,Jonesboro 9,name
CLAYTON,JB04,JONESBORO 4,Jonesboro 4,name
CLAYTON,LJ6,LOVEJOY 6,Lovejoy 6,name
CLAYTON,LJ1,LOVEJOY 1,Lovejoy 1,name
CLAYTON,LJ2,LOVEJOY 2,Lovejoy 2,name
CLAYTON,LJ7,LOVEJOY 7,Lovejoy 7,name
CLAYTON,JB05,JONESBORO 5,Jonesboro 5,name
CLAYTON,JB14,JONESBORO 14,Jonesboro 14,name
CLAYTON,JB11,JONESBORO 11,Jonesboro 11,name
CLAYTON,JB18,JONESBORO 18,Jonesboro 18,name
CLAYTON,JB07,JONESBORO 7,Jonesboro 7,name
CLAYTON,JB06,JONESBORO 6,Jonesboro 6,name
CLAYTON,JB22,JONESBORO 22,Jonesboro 22,name
CLAYTON,JB08,JONESBORO 8,Jonesboro 8,name
CLAYTON,MO08,MORROW 8,Morrow 8,name
CLAYTON,MO05,MORROW 5,Morrow 5,name
CLAYTON,MO10,MORROW 10,Morrow 10,name
CLAYTON,RD04,RIVERDALE 4,Riverdale 4,name
CLAYTON,RD07,RIVERDALE 7,Riverdale 7,name
CLAYTON,OAK5,OAK5,Oak 5,name
CLAYTON,FP3,FOREST PARK 3,Forest Park 3,name
CLAYTON,RD06,RIVERDALE 6,Riverdale 6,name
CLAYTON,JB15,JONESBORO 15,Jonesboro 15,name
CLAYTON,FP5,FOREST PARK 5,Forest Park 5,name
CLAYTON,FP6,FOREST PARK 6,Forest Park 6,name
CLAYTON,FP4,FOREST PARK 4,Forest Park 4,name
CLAYTON,FP1,FOREST PARK 1,Forest Park 1,name
CLAYTON,FP2,FOREST PARK 2,Forest Park 2,name
CLAYTON,RD11,RIVERDALE 11,Riverdale 11,name
CLAYTON,RD08,RIVERDALE 8,Riverdale 8,name
CLAYTON,RD01,RIVERDALE 1,Riverdale 1,name
CLAYTON,RD03,RIVERDALE 3,Riverdale 3,name
CLAYTON,OAK4,OAK 4,Oak 4,name
CLAYTON,OAK6,OAK 6,Oak 6,name
CLAYTON,OAK2,OAK 2,Oak 2,name
CLAYTON,RD10,RIVERDALE 10,Riverdale 10,name
CLAYTON,OAK3,OAK 3,Oak 3,name
CLAYTON,OAK1,OAK 1,Oak 1,name
CLAYTON,MO02,MORROW 2,Morrow 2,name
CLAYTON,MO07,MORROW 7,Morrow 7,name
CLAYTON,MO03,MORROW 3,Morrow 3,name
CLAYTON,LC1,LAKE CITY,Lake City,name
CLAYTON,MO04,MORROW 4,Morrow 4,name
CLAYTON,MO09,MORROW 9,Morrow 9,name
CLAYTON,MO06,MORROW 6,Morrow 6,name
CLAYTON,MO11,MORROW 11,Morrow 11,name
CLAYTON,EW1,ELLENWOOD 1,Ellenwood 1,name
CLAYTON,MO01,MORROW 1,Morrow 1,name
CLAYTON,EW2,ELLENWOOD 2,Ellenwood 2,name
TAYLOR,5,PRECINCT 5,Precinct 5,name
TAYLOR,1,PRECINCT 1,Precinct 1,name
TAYLOR,6,PRECINCT 6,Precinct 6,name
UPSON,589,SALEM,Salem,name
UPSON,5610,TOWN,Town,name
UPSON,1610,REDBONE,Redbone,name
UPSON,588,YATESVILLE,Yatesville,name
LAMAR,1713,L C S C,LCSC,name
LAMAR,1711,BARNESVILLE,Barnesville,name
LAMAR,1714,MILNER,Milner,name
LAMAR,1712ABC,1712ABC,Civic Center,reviewed_alias
CRAWFORD,1,DISTRICT 1,District 1,name
CRAWFORD,3,DISTRICT 3,District 3,name
CRAWFORD,2,DISTRICT 2,District 2,name
CRAWFORD,5,DISTRICT 5,District 5,name
CRAWFORD,4,DISTRICT 4,District 4,name
PEACH,F1,FORT VALLEY #1,Fort Valley 1,name
PEACH,F3,FORT VALLEY #3,Fort Valley 3,name
PEACH,F2,FORT VALLEY #2,Fort Valley 2,name
PEACH,P1,POWERSVILLE,Powersville,name
PEACH,B1,BYRON #1,Byron 1,name
PEACH,C1,CLAUDE,Claude,name
PEACH,B2,BYRON #2,Byron 2,name
MONROE,6,CULLODEN,Culloden,name
MONROE,14,RUSSELLVILLE,Russellville,name
MONROE,11,KELSEYS,Kelseys,name
MONROE,5,COX,Cox,name
MONROE,9,FORSYTH,Forsyth,name
MONROE,2,BRANTLEYS,Brantleys,name
MONROE,8,EVERS,Evers,name
MONROE,10,HIGH FALLS,High Falls,name
MONROE,13,PROCTORS,Proctors,name
MONROE,7,DILLARDS,Dillards,name
MONROE,4,CABANISS,Cabaniss,name
MONROE,12,MIDDLEBROOKS,Middlebrooks,name
MONROE,3,BURGAYS,Burgays,name
MONROE,1,BENTONS,Bentons,name
HENRY,30,SOUTH HAMPTON,South Hampton,name
HENRY,31,NORTH HAMPTON,North Hampton,name
HENRY,29,LOWES,Lowes,name
HENRY,32,MOUNT CARMEL,Mount Carmel,name
HENRY,51,OAKLAND,Oakland,name
HENRY,57,DUTCHTOWN,Dutchtown,name
HENRY,50,PATES CREEK,Pates Creek,name
HENRY,33,RED OAK,Red Oak,name
HENRY,54,STOCKBRIDGE CENTRAL-MERLE MANDERS,Stockbridge Central,single_remainder
HENRY,39,STOCKBRIDGE EAST-WEST,Stockbridge East-West,name
HENRY,34,WESLEY LAKES,Wesley Lakes,name
HENRY,28,WESTSIDE,Westside,name
HENRY,60,LAKE HAVEN,Lake Haven,name
HENRY,53,FLIPPEN,Flippen,name
HENRY,38,HICKORY FLAT,Hickory Flat,name
HENRY,42,COTTON INDIAN,Cotton Indian,name
HENRY,25,LOCUST GROVE,Locust Grove,name
HENRY,49,SHILOH,Shiloh,name
HENRY,48,UNITY GROVE,Unity Grove,name
HENRY,59,GROVE PARK,Grove Park,name
HENRY,26,TUSSAHAW,Tussahaw,name
HENRY,35,MCDONOUGH,McDonough,name
HENRY,61,MCDONOUGH CENTRAL,McDonough Central,name
HENRY,52,LAKE DOW,Lake Dow,name
HENRY,37,EAST LAKE,East Lake,name
HENRY,36,MCMULLEN,McMullen,name
HENRY,62,TIMBERRIDGE,Timberridge,name
HENRY,55,KELLEYTOWN,Kelleytown,name
HENRY,27,SANDY RIDGE,Sandy Ridge,name
HENRY,58,MT. BETHEL,Mt Bethel,name
HENRY,43,PLEASANT GROVE,Pleasant Grove,name
HENRY,41,STAGECOACH,Stagecoach,name
HENRY,56,LIGHTHOUSE,Lighthouse,name
HENRY,46,SHAKERAG,Shakerag,name
HENRY,45,SWAN LAKE,Swan Lake,name
HENRY,44,AUSTIN ROAD,Austin Road,name
HENRY,47,ELLENWOOD,Ellenwood,name
BUTTS,BCAB,BUTTS COUNTY ADMINISTRATION JUDICIAL CENTER,Butts County Admin Building,single_precinct_county
NEWTON,10DN,10-DOWNS,10-Downs,name
NEWTON,18RP,18-ROCKY PLAINS,18-Rocky Plains,name
NEWTON,09LIV,09-LIVINGSTON,09-Livingston,name
NEWTON,05CM,05-COV MILLS,05-Covington Mills,single_remainder
NEWTON,04ALC,04-ALCOVY,04-Alcovy,name
NEWTON,17OXF,17-OXFORD,17-Oxford,name
NEWTON,07BS,07-BRICK STORE,07-Brick Store,name
NEWTON,25HB,25-HUB,25-Hub,name
NEWTON,19BC,19-BUCK CREEK,19-Buck Creek,name
NEWTON,02TN,02TOWN,02-Town,name
NEWTON,24CRW,24-CROWELL,24-Crowell,name
NEWTON,13BD,13-BEAVERDAM,13-Beaverdam,name
NEWTON,23FV,23-FAIRVIEW,23-Fairview,name
NEWTON,20STN,20-STANSELLS,20-Stansells,name
NEWTON,03ALM,03-ALMON,03-Almon,name
NEWTON,12GC,12-GUM CREEK,12-Gum Creek,name
NEWTON,06BRW,06-BREWERS,06-Brewers,name
NEWTON,14LEG,14-LEGUINN,14-Leguinn,name
NEWTON,15MN,15-MANSFIELD,15-Mansfield,name
THOMAS,102,BOSTON,Boston,name
THOMAS,101,BARWICK,Barwick,name
THOMAS,116,PAVO/PATTEN,Patten,reviewed_alias
THOMAS,104,COOLIDGE/MERRILLVILLE,Coolidge,reviewed_alias
THOMAS,117,PAVO/PATTEN,Pavo,reviewed_alias
THOMAS,113,METCALFE,Metcalfe,name
THOMAS,107,FIRE STATION #2,Fire Station #2,name
THOMAS,109,HARPER,Harper,name
THOMAS,105,DOUGLASS,Douglass,name
THOMAS,119,RESOURCE CENTER,Resource Center,name
THOMAS,110,TC PUBLIC LIBRARY/JERGER,Jerger,reviewed_alias
THOMAS,120,TC PUBLIC LIBRARY/SCOTT,Scott,reviewed_alias
THOMAS,118,REMINGTON ESC,Remington Esc,name
THOMAS,114,NEW COVENANT,New Covenant,name
THOMAS,108,GATLIN CREEK,Gatlin Creek,name
THOMAS,103,CENTRAL,Central,name
THOMAS,115,OCHLOCKNEE,Ochlocknee,name
THOMAS,111,MEIGS,Meigs,name
THOMAS,106,LITTLE OCHLOCKNEE BAPTIST,Little Ochlocknee Baptist,name
THOMAS,112,COOLIDGE/MERRILVILLE,Merrillville,reviewed_alias
BROOKS,1402,DIXIE,Dixie,name
BROOKS,1230,BARWICK,Barwick,name
BROOKS,659,NANKIN,Nankin,name
BROOKS,1199,QUITMAN,Quitman,name
BROOKS,1650,BRIGGS,Briggs,name
BROOKS,1712,PAVO,Pavo,name
BROOKS,660,MORVEN,Morven,name
LOWNDES,12,RAINWATER,Rainwater,name
LOWNDES,1,TRAIN DEPOT,Train Depot,name
LOWNDES,19,S LOWNDES,South Lowndes Recreation Center,reviewed_alias
LOWNDES,16,CLYAT COMM CTR,Clyattville Community Center,reviewed_alias
LOWNDES,5,ELECTIONS OFFICE,Elections Office,name
LOWNDES,13,VSU,VSU,name
LOWNDES,14,MT CALVARY,Mt. Calvary Church,reviewed_alias
LOWNDES,15,MILDRED,Mildred Community Center,reviewed_alias
LOWNDES,8,NEW JERUSALEM,New Jerusalem,name
LOWNDES,18,LAKE PARK,Lake Park,name
LOWNDES,17,DASHER,Dasher City Hall,reviewed_alias
LOWNDES,10,LOWNDES CIVIC,Lowndes Civic,name
LOWNDES,9,JAYCEE,Jaycee Community Center,reviewed_alias
LOWNDES,11,NAYLOR,Naylor Community Center,reviewed_alias
LOWNDES,3,HAH COMM,Hahira Community Center,reviewed_alias
LOWNDES,2,HISTORICAL SOC,Historical Society,unique_name_similarity
LOWNDES,6,TRINITY,Trinity Church,reviewed_alias
LOWNDES,4,PINE GROVE,Pine Grove Church,reviewed_alias
COOK,NL,NEW LIFE BAPTIST CH.,New Life Baptist Church,unique_name_similarity
COOK,RB,RIVERBEND,Riverbend,name
COOK,EP,ELM PINE,Elm Pine,name
COOK,S,SPARKS,Sparks,name
COOK,L,LENOX,Lenox,name
COOK,M,MASSEE,Massee,name
COOK,C,CECIL,Cecil,name
COOK,DB,DELLE BEAMGUARD,Delle Beamguard,name
TIFT,7,OMEGA,Omega,name
TIFT,5,DOCIA,Docia,name
TIFT,10,TIFTON SOUTH,Tifton South,name
TIFT,11,MOTT-LITMAN GYM,Mott-Litman Gym,name
TIFT,6,ELDORADO,Eldorado,name
TIFT,3,BROOKFIELD,Brookfield,name
TIFT,8,TY TY,TY TY,name
TIFT,4,CHULA,Chula,name
TIFT,9,TIFTON NORTHWEST,Tifton NW,reviewed_alias
TIFT,1,TIFTON NORTHEAST,Tifton NE,reviewed_alias
TIFT,12,TIFTON LODGE,Tifton Lodge,name
TIFT,2,BRIGHTON,Brighton,name
GILMER,1,ELLIJAY SOUTH,Ellijay South,name
GILMER,10,ELLIJAY NORTH,Ellijay North,name
GILMER,9,EAST ELLIJAY,East Ellijay,name
GILMER,13,ELLIJAY NORTHEAST,Ellijay Northeast,name
GILMER,7,BOARDTOWN,Boardtown,name
GILMER,2,CARTECAY,Cartecay,name
GILMER,12,ROY ROAD,Roy Road,name
GILMER,6,CHERRY LOG,Cherry Log,name
GILMER,5,LEACHES,Leaches,name
GILMER,4,TOWN CREEK,Town Creek,name
GILMER,11,YUKON,Yukon,name
GILMER,3,TAILS CREEK,Tails Creek,name
GILMER,8,MOUNTAINTOWN,Mountaintown,name
FANNIN,COLW,COLWELL,Colwell,name
FANNIN,MOBI,MOBILE,Mobile,name
FANNIN,TOCC,TOCCOA,Toccoa,name
FANNIN,SKEN,SKENIAH,Skeniah,name
FANNIN,NOON,NOONTOOTLA,Noontootla,name
FANNIN,MORG,MORGANTON,Morganton,name
FANNIN,SUGC,SUGAR CREEK,Sugar Creek,name
FANNIN,FLIN,FLINTHILL,Flinthill,name
FANNIN,MINE,MINERAL BLUFF,Mineral Bluff,name
FANNIN,HOTH,HOTHOUSE,Hothouse,name
FANNIN,HEMP,HEMPTOWN,Hemptown,name
FANNIN,FAIR,FAIRPLAY,Fairplay,name
DEKALB,SW,STONECREST LIBRARY (STC),Stonecrest Library,name
DEKALB,SL,STONEVIEW ELEM,Stoneview Elem,name
DEKALB,PC,PRINCETON ELEM,Princeton Elem,name
DEKALB,RC,REDAN ELEM,Redan Elem,name
DEKALB,SV,STEPHENSON HIGH,Stephenson High,name
DEKALB,SD,STONE MOUNTAIN ELEM,Stone Mountain Elem,name
DEKALB,WN,WYNBROOKE ELEM,Wynbrooke Elem,name
DEKALB,ST,STEPHENSON MIDDLE,Stephenson Middle,name
DEKALB,SO,SOUTH DESHON,South Deshon,name
DEKALB,RL,ROCK CHAPEL ROAD,Rock Chapel Road,name
DEKALB,RF,ROCK CHAPEL ELEM,Rock Chapel Elem,name
DEKALB,RI,ROCKBRIDGE ROAD,Rockbridge Road,name
DEKALB,WL,WINTERS CHAPEL (DUN),Winters Chapel,name
DEKALB,FG,FLAT ROCK ELEM,Flat Rock Elem,name
DEKALB,CF,CANDLER-MURPHEY CANDLER ELEM,Candler-Murphey Candler Elem,name
DEKALB,MZ,MILLER GROVE HIGH,Miller Grove High,name
DEKALB,WD,WOODROW ROAD,Woodrow Road,name
DEKALB,LH,LITHONIA HIGH,Lithonia High,name
DEKALB,RH,REDAN-TROTTI LIBRARY,Redan-Trotti Library,name
DEKALB,LD,LITHONIA (LIT),Lithonia,name
DEKALB,OV,OAK VIEW ELEM,Oak View Elem,name
DEKALB,HH,NARVIE J HARRIS ELEM,Harris-Narvie J Harris Elem,unique_name_similarity
DEKALB,FK,FLAKES MILL,Flakes Mill,name
DEKALB,FE,FLAT SHOALS PARKWAY,Flat Shoals Parkway,name
DEKALB,CG,CHAPEL HILL ELEM,Chapel Hill Elem,name
DEKALB,SY,SNAPFINGER ROAD,Snapfinger Road,name
DEKALB,BJ,BROWNS MILL ELEM,Browns Mill Elem,name
DEKALB,SM,SALEM MIDDLE,Salem Middle,name
DEKALB,MV,MILLER GROVE ROAD,Miller Grove Road,name
DEKALB,CC,COLUMBIA ELEM,Columbia Elem,name
DEKALB,FL,FLAT SHOALS LIBRARY,Flat Shoals Library,name
DEKALB,CM,COLUMBIA MIDDLE,Columbia Middle,name
DEKALB,TC,TONEY ELEM,Toney Elem,name
DEKALB,KE,KNOLLWOOD,Knollwood,name
DEKALB,WA,WADSWORTH,Wadsworth,name
DEKALB,SG,SNAPFINGER ELEM,Snapfinger Elem,name
DEKALB,PA,PEACHCREST,Peachcrest,name
DEKALB,MR,MATHIS-BOB MATHIS ELEM,Mathis-Bob Mathis Elem,name
DEKALB,RA,RAINBOW ELEM,Rainbow Elem,name
DEKALB,KC,KELLEY CHAPEL ROAD,Kelley Chapel Road,name
DEKALB,CA,COLUMBIA DRIVE,Columbia Drive,name
DEKALB,AF,AUSTIN DRIVE,Austin Drive,name
DEKALB,CB,CANBY LANE ELEM,Canby Lane Elem,name
DEKALB,SR,SNAPFINGER ROAD N,Snapfinger Road N,name
DEKALB,GF,GLENWOOD ROAD,Glenwood Road,name
DEKALB,GB,GLENHAVEN,Glenhaven,name
DEKALB,AI,AVONDALE HIGH,Avondale High,name
DEKALB,AE,AVONDALE (AVO),Avondale,name
DEKALB,MO,MIDWAY,Midway,name
DEKALB,CU,COVINGTON,Covington,name
DEKALB,NB,NORTH DECATUR,North Decatur,name
DEKALB,ME,MCLENDON,McLendon,name
DEKALB,VB,VALLEY BROOK,Valley Brook,name
DEKALB,SC,SHAW-ROBERT SHAW ELEM,Shaw-Robert Shaw Elem,name
DEKALB,CT,COVINGTON HWY,Covington Hwy,name
DEKALB,RG,ROWLAND ELEM,Rowland Elem,name
DEKALB,DE,DUNAIRE ELEM,Dunaire Elem,name
DEKALB,AA,ALLGOOD ELEM,Allgood Elem,name
DEKALB,IB,INDIAN CREEK,Indian Creek,name
DEKALB,CY,CLARKSTON COMMUNITY CENTER (CLA),Clarkston Community Center,name
DEKALB,MN,MEMORIAL SOUTH,Memorial South,name
DEKALB,JB,JOLLY ELEM,Jolly Elem,name
DEKALB,WB,WESLEY CHAPEL LIBRARY,Wesley Chapel Library,name
DEKALB,SS,SNAPFINGER ROAD S,Snapfinger Road S,name
DEKALB,MF,MCWILLIAMS,McWilliams,name
DEKALB,MI,MILLER GROVE,Miller Grove,name
DEKALB,BM,BETHUNE MIDDLE,Bethune Middle,name
DEKALB,CP,CROSSROADS,Crossroads,name
DEKALB,FA,FAIRINGTON ELEM,Fairington Elem,name
DEKALB,PR,PANOLA ROAD,Panola Road,name
DEKALB,PI,PANOLA WAY ELEM,Panola Way Elem,name
DEKALB,YA,YOUNG ROAD,Young Road,name
DEKALB,RM,REDAN MIDDLE,Redan Middle,name
DEKALB,MC,MARBUT ELEM,Marbut Elem,name
DEKALB,RK,REDAN ROAD,Redan Road,name
DEKALB,WG,WOODRIDGE ELEM,Woodridge Elem,name
DEKALB,RJ,ROWLAND ROAD,Rowland Road,name
DEKALB,WK,WHITE OAK,White Oak,name
DEKALB,MB,MCNAIR HIGH,McNair High,name
DEKALB,ML,MEADOWVIEW,Meadowview,name
DEKALB,GC,GRESHAM ROAD,Gresham Road,name
DEKALB,BR,BURGESS ELEM (ATL),Burgess Elem,name
DEKALB,MT,METROPOLITAN (ATL),Metropolitan,name
DEKALB,PN,PINEY GROVE,Piney Grove,name
DEKALB,TA,TERRY MILL,Terry Mill,name
DEKALB,CL,CLIFTON,Clifton,name
DEKALB,CR,CEDAR GROVE MIDDLE,Cedar Grove Middle,name
DEKALB,FJ,FLAT SHOALS,Flat Shoals,name
DEKALB,FC,FLAT SHOALS ELEM,Flat Shoals Elem,name
DEKALB,MP,MCNAIR ACADEMY,McNair Academy,name
DEKALB,EA,EAST LAKE (ATL),East Lake,name
DEKALB,MD,MCNAIR,McNair,name
DEKALB,KA,KELLEY LAKE ELEM,Kelley Lake Elem,name
DEKALB,CQ,CANDLER,Candler,name
DEKALB,CN,COAN RECREATION CENTER (ATL),Coan Recreation Center,name
DEKALB,CX,CANDLER PARK (ATL),Candler Park,name
DEKALB,LE,LIN-MARY LIN ELEM (ATL),Lin-Mary Lin Elem,name
DEKALB,BB,BOULEVARD (ATL),Boulevard,name
DEKALB,FB,FERNBANK ELEM,Fernbank Elem,name
DEKALB,EG,EMORY SOUTH,Emory South,name
DEKALB,JA,JOHNSON ESTATES (ATL),Johnson Estates,name
DEKALB,BC,BRIAR VISTA ELEM,Briar Vista Elem,name
DEKALB,DH,DRUID HILLS HIGH,Druid Hills High,name
DEKALB,ER,EMORY ROAD,Emory Road,name
DEKALB,LB,LAVISTA ROAD,Lavista Road,name
DEKALB,OK,OAKHURST (DEC),Oakhurst,name
DEKALB,DD,DECATUR (DEC),Decatur,name
DEKALB,PG,PONCE DE LEON (DEC),Ponce de Leon,name
DEKALB,CV,CLAIREMONT EAST (DEC),Clairemont East,name
DEKALB,WF,WINNONA PARK  (DEC),Winnona Park,name
DEKALB,GA,GLENNWOOD (DEC),Glennwood,name
DEKALB,CI,CLAIREMONT WEST (DEC),Clairemont West,name
DEKALB,SB,SCOTT,Scott,name
DEKALB,MG,MEDLOCK,Medlock,name
DEKALB,CJ,CLAIRMONT ROAD,Clairmont Road,name
DEKALB,FM,FREEDOM MIDDLE,Freedom Middle,name
DEKALB,PE,PINE LAKE (PIN),Pine Lake,name
DEKALB,HA,HAMBRICK ELEM,Hambrick Elem,name
DEKALB,RE,ROCKBRIDGE ELEM,Rockbridge Elem,name
DEKALB,SJ,STONE MILL ELEM,Stone Mill Elem,name
DEKALB,MA,MILLER-ELDRIDGE L MILLER ELEM,Miller-Eldridge L Miller Elem,name
DEKALB,SU,SOUTH HAIRSTON,South Hairston,name
DEKALB,PH,PANOLA,Panola,name
DEKALB,SK,SHADOW ROCK ELEM,Shadow Rock Elem,name
DEKALB,SP,STONE MTN CHAMPION (STO),Stone Mtn Champion,name
DEKALB,SQ,STONE MTN   (STO),Stone Mtn,name
DEKALB,LC,LAVISTA,Lavista,name
DEKALB,WJ,WOODWARD (BHAVN),Woodward,name
DEKALB,CO,CROSS KEYS HIGH (BHAVN),Cross Keys High,name
DEKALB,HI,HARRIS-MARGARET HARRIS ED,Harris-Margaret Harris ED,name
DEKALB,BL,BOULDERCREST ROAD,Bouldercrest Road,name
DEKALB,CS,CEDAR GROVE SOUTH,Cedar Grove South,name
DEKALB,CD,CEDAR GROVE ELEM,Cedar Grove Elem,name
DEKALB,SN,SHAMROCK,Shamrock,name
DEKALB,ND,NORTHLAKE,Northlake,name
DEKALB,BD,BRIARLAKE ELEM,Briarlake Elem,name
DEKALB,RD,REHOBOTH,Rehoboth,name
DEKALB,MK,MONTREAL,Montreal,name
DEKALB,HB,HAWTHORNE ELEM,Hawthorne Elem,name
DEKALB,MW,MIDVALE ROAD,Midvale Road,name
DEKALB,HC,HENDERSON MILL,Henderson Mill,name
DEKALB,CK,CLARKSTON (CLA),Clarkston,name
DEKALB,IA,IDLEWOOD ELEM (TUC),Idlewood Elem,name
DEKALB,BH,BROCKETT (TUC),Brockett,name
DEKALB,MH,MIDVALE ELEM,Midvale Elem,name
DEKALB,EF,EVANSDALE ELEM,Evansdale Elem,name
DEKALB,TH,TUCKER,Tucker,name
DEKALB,LV,LIVSEY ELEM,Livsey Elem,name
DEKALB,DB,DORAVILLE SOUTH (DOR),Doraville South,name
DEKALB,DA,DORAVILLE NORTH (DOR),Doraville North,name
DEKALB,WI,WARREN TECH,Warren Tech,name
DEKALB,OB,OAKCLIFF ELEM,Oakcliff Elem,name
DEKALB,NF,NORTH PEACHTREE (DUN),North Peachtree,name
DEKALB,EC,EMBRY HILLS,Embry Hills,name
DEKALB,PF,PLEASANTDALE ROAD,Pleasantdale Road,name
DEKALB,NC,NORTH HAIRSTON,North Hairston,name
DEKALB,BF,BROCKETT ELEM (TUC),Brockett Elem,name
DEKALB,SI,STN MTN MIDDLE,Stone Mtn Middle,unique_name_similarity
DEKALB,TF,TUCKER LIBRARY,Tucker Library,name
DEKALB,HG,HUGH HOWELL,Hugh Howell,name
DEKALB,SH,SMOKE RISE,Smoke Rise,name
DEKALB,BG,BRIARCLIFF,Briarcliff,name
DEKALB,MJ,MONTCLAIR ELEM,Montclair Elem,name
DEKALB,BE,BRIARWOOD (BHAVN),Briarwood,name
DEKALB,BI,BROOKHAVEN (BHAVN),Brookhaven,name
DEKALB,SE,SILVER LAKE (BHAVN),Silver Lake,name
DEKALB,SF,SKYLAND (BHAVN),Skyland,name
DEKALB,AB,ASHFORD PARK ELEM (BHAVN),Ashford Park Elem,name
DEKALB,OA,OAK GROVE ELEM,Oak Grove Elem,name
DEKALB,CW,CORALWOOD,Coralwood,name
DEKALB,SA,SAGAMORE HILLS ELEM,Sagamore Hills Elem,name
DEKALB,LA,LAKESIDE HIGH,Lakeside High,name
DEKALB,DC,DRESDEN ELEM (CHA),Dresden Elem,name
DEKALB,AG,ASHFORD DUNWOODY RD (BHAVN),Ashford Dunwoody Rd,name
DEKALB,AH,ASHFORD PARKSIDE (BHAVN),Ashford Parkside,name
DEKALB,MU,MONTGOMERY ELEM  (BHAVN),Montgomery Elem,name
DEKALB,KG,KITTREDGE ELEM (BHAVN),Kittredge Elem,name
DEKALB,GD,GEORGETOWN SQ (DUN),Georgetown Sq,name
DEKALB,DF,DUNWOODY (DUN),Dunwoody,name
DEKALB,MS,MOUNT VERNON WEST (DUN),Mount Vernon West,name
DEKALB,CE,CHAMBLEE (CHA),Chamblee,name
DEKALB,CZ,CHAMBLEE 2 (CHA),Chamblee 2,name
DEKALB,HF,HUNTLEY HILLS ELEM (CHA),Huntley Hills Elem,name
DEKALB,PB,PEACHTREE MIDDLE (DUN),Peachtree Middle,name
DEKALB,DG,DUNWOODY 2 (DUN),Dunwoody 2,name
DEKALB,CH,CHESNUT ELEM (DUN),Chesnut Elem,name
DEKALB,TG,TILLY MILL ROAD (DUN),Tilly Mill Road,name
DEKALB,DI,DUNWOODY LIBRARY (DUN),Dunwoody Library,name
DEKALB,AD,AUSTIN (DUN),Austin,name
DEKALB,MQ,MOUNT VERNON EAST (DUN),Mount Vernon East,name
DEKALB,KB,KINGSLEY ELEM (DUN),Kingsley Elem,name
ROCKDALE,LA,LA,LA,name
ROCKDALE,MA,MA,MA,name
ROCKDALE,SP,SP,SP,name
ROCKDALE,FI,FI,FI,name
ROCKDALE,FS,FS,FS,name
ROCKDALE,OT,OT,OT,name
ROCKDALE,MI,MI,MI,name
ROCKDALE,BT,BT,BT,name
ROCKDALE,HI,HI,HI,name
ROCKDALE,LO,LO,LO,name
ROCKDALE,BA,BA,BA,name
ROCKDALE,ST,ST,ST,name
ROCKDALE,HC,HC,HC,name
ROCKDALE,SM,SM,SM,name
ROCKDALE,RO,RO,RO,name
ROCKDALE,CO,CO,CO,name
FORSYTH,35,35 JOHNS CREEK,35 Johns Creek,name
FORSYTH,2,02 BRANDYWINE,02 Brandywine,name
FORSYTH,41,41 GRASSLAND,41 Grassland,name
FORSYTH,10,10 MIDWAY,10 Midway,name
FORSYTH,1,01 BIG CREEK,01 Big Creek,name
FORSYTH,21,21 SOUTH FORSYTH,21 South Forsyth,name
FORSYTH,34,34 FOWLER,34 Fowler,name
FORSYTH,46,46 SAWMILL BRANCH,46 Sawmill Branch,name
FORSYTH,38,38 DAVES CREEK,38 Daves Creek,name
FORSYTH,43,43 LAKELAND,43 Lakeland,name
FORSYTH,40,40 WEST FORSYTH,40 West Forsyth,name
FORSYTH,15,15 HEARDSVILLE,15 Heardsville,name
FORSYTH,49,49 CHEATAM CREEK,49 Cheatam Creek,name
FORSYTH,45,45 MOUNTAINSIDE,45 Mountainside,name
FORSYTH,51,51 MATT,51 Matt,name
FORSYTH,19,19 OLD ATLANTA,19 Old Atlanta,name
FORSYTH,39,39 MATHIS,39 Mathis,name
FORSYTH,36,36 NICHOLS,36 Nichols,name
FORSYTH,25,25 WINDERMERE,25 Windermere,name
FORSYTH,47,47 RIVERCLUB,47 Riverclub,name
FORSYTH,7,07 CUMMING,07 Cumming,name
FORSYTH,8,08 MASHBURN,08 Mashburn,name
FORSYTH,16,16 OTWELL,16 Otwell,name
FORSYTH,5,05 COAL MOUNTAIN,05 Coal Mountain,name
FORSYTH,44,44 LANIER,44 Lanier,name
FORSYTH,50,50 BROWNS BRIDGE,50 Browns Bridge,name
FORSYTH,4,04 CHESTATEE,04 Chestatee,name
FORSYTH,6,06 CROSSROADS,06 Crossroads,name
FORSYTH,42,42 KEITH BRIDGE,42 Keith Bridge,name
JONES,11,ETHRIDGE,Ethridge,name
JONES,4,DAVIDSON,Davidson,name
JONES,8,SANDERS,Sanders,name
JONES,6,BARRON,Barron,name
JONES,5,POPE,Pope,name
JONES,9,FINNEY,Finney,name
JONES,3,ROBERTS,Roberts,name
JONES,10,HAWKINS,Hawkins,name
JONES,2,CLINTON,Clinton,name
JONES,1,GRAY,Gray,name
TWIGGS,DB,DRY BRANCH,Dry Branch,name
TWIGGS,HV,HIGGSVILLE,Higgsvillle,unique_name_similarity
TWIGGS,JV-W,JEFFERSONVILLE/WARE,Jeffersonville/Ware,name
TWIGGS,GI,GOLDEN ISLES,Golden Isles,name
TWIGGS,SG-T,SHADY GROVE/TARVERS,Shady Grove/Tarvers,name
JASPER,295,MONTICELLO,Monticello,name
JASPER,296,MARTIN & BURNEY,Martin & Burney,name
JASPER,290,WYATT,Wyatt,name
PUTNAM,101,101,101,name
PUTNAM,107,107,107,name
PUTNAM,104,104,104,name
PUTNAM,105,105,105,name
PUTNAM,106,106,106,name
LAURENS,12,DUDLEY,Dudley,name
LAURENS,18,W T ADAMS FIRE STA #18,W T Adams Fire Sta #18,name
LAURENS,5,FIRE DEPT STA #5,Fire Dept Station #5,name
LAURENS,3,FBC - FLC,FBC-FLC,name
LAURENS,4,CALHOUN PARK,Calhoun Park,name
LAURENS,7,BUCKEYE,Buckeye,name
LAURENS,15,MINTER,Minter,name
LAURENS,21,SMITH,Smith,name
LAURENS,11,BREWTON,Brewton,name
LAURENS,8,BURCH,Burch,name
LAURENS,10,CADWELL,Cadwell,name
LAURENS,19,REEDY SPRINGS,Reedy Springs,name
LAURENS,13,HAMPTON MILL,Hampton Mill,name
LAURENS,16,RURAL FIRE STA #17,Rural Fire Station #17,name
LAURENS,22,LCFS #10 (VALAMBROSIA),LCFS #10 (Valambrosia),name
WILKINSON,11,TURKEY CREEK,Turkey Creek,name
WILKINSON,4,HIGH HILL,High Hill,name
WILKINSON,10,RAMAH,Ramah,name
WILKINSON,5,IRWINTON,Irwinton,name
WILKINSON,6,IVEY,Ivey,name
WILKINSON,8,MIDWAY,Midway,name
WILKINSON,2,BLOODWORTH,Bloodworth,name
WILKINSON,3,GRIFFIN,Griffin,name
WILKINSON,7,LORD,Lord,name
BALDWIN,322,COOPERS,Coopers,name
BALDWIN,1714,SCOTTSBORO,Scottsboro,name
BALDWIN,319,WEST BALDWIN,West Baldwin,name
BALDWIN,MERI,MERIWETHER,Meriwether,name
BALDWIN,321W,WEST HARDWICK,West Hardwick,name
BALDWIN,CTY1,SOUTH MILLEDGEVILLE,South Milledgeville,name
BALDWIN,CTY4,COURTHOUSE,Courthouse,name
BALDWIN,CTY5,WEST THOMAS,West Thomas,name
BALDWIN,318,NORTH BALDWIN,North Baldwin,name
BALDWIN,CTY2,CITY HALL ANNEX,City Hall Annex,name
BALDWIN,321E,EAST HARDWICK,East Hardwick,name
BALDWIN,CTY3,BODDIE,East Milledgeville,reviewed_alias
BALDWIN,CTY6,NORTH MILLEDGEVILLE,North Milledgeville,name
BALDWIN,MONT,EAST BALDWIN,East Baldwin,name
JOHNSON,1301,BRAY,Bray,name
JOHNSON,1266,SMITH,Smith,name
JOHNSON,1201,WRIGHTSVILLE,Wrightsville,name
JOHNSON,55,KITE,Kite,name
WASHINGTON,88,OCONEE,Oconee,name
WASHINGTON,99,DEEPSTEP,Deepstep,name
WASHINGTON,91,HARRISON,Harrison,name
WASHINGTON,1488,TENNILLE,Tennille,name
WASHINGTON,97,SANDERSVILLE,Sandersville,name
WASHINGTON,1253,RIDDLEVILLE,Riddleville,name
WASHINGTON,94,DAVISBORO,Davisboro,name
WASHINGTON,1350,WARTHEN,Warthen,name
HANCOCK,1A,DEVEREUX FIRE STATION,Devereux Fire Station,name
HANCOCK,3C,WARREN CHAPEL,Warren Chapel,name
HANCOCK,4B,SECOND DARRIEN,Second Darrien,name
HANCOCK,2B,SECOND BEULAH,Second Beulah,name
HANCOCK,1B,ST. MARK,Hancock Senior Citizen Center,reviewed_alias
HANCOCK,4A,YOUTH CENTER,Youth Center,name
HANCOCK,3B,POWER OF GOD,Power of God,name
HANCOCK,2A,COURTHOUSE,Hancock BOE,reviewed_alias
HANCOCK,3A,MAYFIELD COMMUNITY CENTER,Mayfield Community Center,name
HANCOCK,4C,SPARTA 4C,Sparta 4C,name
COFFEE,6,WEST GREEN,West Green,name
COFFEE,5,NICHOLLS,Nicholls,name
COFFEE,2,AMBROSE,Ambrose,name
COFFEE,1,DOUGLAS,Douglas,name
COFFEE,4,BROXTON,Broxton,name
COFFEE,3,BRIDGETOWN,Bridgetown,name
JEFF DAVIS,402,WHITEHEAD 2,Whitehead 2,name
JEFF DAVIS,502,OCMULGEE 2,Ocmulgee 2,name
JEFF DAVIS,302,BLACKBURN 2,Blackburn 2,name
JEFF DAVIS,401,WHITEHEAD 1,Whitehead 1,name
JEFF DAVIS,501,OCMULGEE 1,Ocmulgee 1,name
JEFF DAVIS,301,BLACKBURN 1,Blackburn 1,name
JEFF DAVIS,201,ALTAMAHA 1,Altamaha 1,name
JEFF DAVIS,100,HAZLEHURST,Hazlehurst,name
JEFF DAVIS,202,ALTAMAHA 2,Altamaha 2,name
TELFAIR,LU,LUMBER-CITY,Lumber-City,name
TELFAIR,SC,SCOTLAND,Scotland,name
TELFAIR,MI,MILAN,Milan,name
TELFAIR,JA,JACKSONVILLE,Jacksonville,name
TELFAIR,MC,MCRAE,McRae,name
TELFAIR,HE,HELENA,Helena,name
BACON,DOUGL,DOUGLAS,Douglas,name
APPLING,4D,4D,4D,name
APPLING,5B,5B,5B,name
APPLING,5A,5A,5A,name
APPLING,1C,1C,1C,name
APPLING,1B,1B,1B,name
APPLING,4B,4B,4B,name
APPLING,3C,3C,3C,name
APPLING,2,2,2,name
APPLING,3A1,3A1,3A1,name
WHEELER,1,ALAMO,Alamo,name
WHEELER,2,GLENWOOD,Glenwood,name
MONTGOMERY,1,MOUNT VERNON PRECINCT,Mount Vernon Precinct,name
MONTGOMERY,3,UVALDA PRECINCT,Uvalda Precinct,name
MONTGOMERY,2,HIGGSTON PRECINCT,Higgston Precinct,name
TREUTLEN,SOPE,SOPERTON,Soperton,name
TREUTLEN,ANNEX,ANNEX,Annex,name
TOOMBS,43,43 CEDAR CROSSING,43 Cedar Crossing,name
TOOMBS,513,513 V.P.D.,513 V.P.D.,name
TOOMBS,514,514 S.T.I.A.L.C.,514 S.T.I.A.L.C.,name
TOOMBS,39,39 NEWBRANCH,39 Newbranch,name
TOOMBS,15361,15361 LYONS,15361 Lyons,name
EMANUEL,50,OAK PARK,Oak Park,name
EMANUEL,1502,NUNEZ,Nunez,name
EMANUEL,58,STILLMORE,Stillmore,name
EMANUEL,1748,ADRIAN,Adrian,name
EMANUEL,53,SWAINSBORO,Swainsboro,name
EMANUEL,1208,BLUNDALE,Blundale,name
EMANUEL,52,CROSS-GREEN,Cross-Green,name
EMANUEL,57,SUMMERTOWN,Summertown,name
EMANUEL,1560,TWIN CITY,Twin City,name
EMANUEL,1429,GARFIELD,Garfield,name
EMANUEL,1333,CANOOCHEE,Canoochee,name
PIERCE,4B,MERSHON,Mershon,name
PIERCE,1,HACKLEBARNEY/CASON,Hacklebarney/Cason,name
PIERCE,4D,SUNSET/SWEAT,Sunset/Sweat,name
PIERCE,2,BLACKSHEAR,Blackshear,name
PIERCE,3A,ST JOHNS/BLACKSHEAR,St. Johns/Blackshear,name
PIERCE,4C,ALABAHA,Alabaha,name
PIERCE,4A,PATTERSON,Patterson,name
PIERCE,3B,OTTER CREEK,Otter Creek,name
WAYNE,1A,ODUM,Odum,name
WAYNE,2A,SCREVEN,Screven,name
WAYNE,2C,EMPIRE,Empire,name
WAYNE,2D,RED HILL,Red Hill,name
WAYNE,1C,OGLETHORPE,Oglethorpe,name
WAYNE,5B,REC CENTER,Rec Center,name
WAYNE,4B,PINE STREET,Pine Street,name
WAYNE,5A,UNITY,Unity,name
WAYNE,4A,VFW,VFW,name
WAYNE,3A,ALTAMAHA,Altamaha,name
WAYNE,1B,MADRAY SPRINGS,Madray Springs,name
WAYNE,3B,GARDI,Gardi,name
TATTNALL,9,DISTRICT V,District V,name
TATTNALL,10,SHILOH,Shiloh,name
TATTNALL,5,DISTRICT II,District II,name
TATTNALL,3,COLLINS,Collins,name
TATTNALL,1,COBBTOWN,Cobbtown,name
TATTNALL,8,DISTRICT IV,District IV,name
TATTNALL,4,MANASSAS,Manassas,name
TATTNALL,7,EAST GLENNVILLE,East Glennville,name
LONG,6,ALMA FLOURNOY,Alma,reviewed_alias
LONG,1,BEARDS CREEK,Marcus,reviewed_alias
LONG,7,FAITH BAPTIST ANNEX,City Hall,reviewed_alias
LONG,5,TIBET,Tibet,name
LONG,2,RYE PATCH/OAK DALE,Darwell,reviewed_alias
LONG,3,SOUTH LUDOWICI,Annex Red,reviewed_alias
LONG,4,NORTH LUDOWICI,Annex Blue,reviewed_alias
CANDLER,CAND,JACK STRICKLAND COMMUNITY CENTER,Jack Strickland Community Center,name
EVANS,11,VETERAN'S COMM CTR,Veteran's Community Center,name
BULLOCH,8,SINKHOLE,Sinkhole,name
BULLOCH,9,REGISTER,Register,name
BULLOCH,11,STATESBORO,Statesboro,name
BULLOCH,12,PORTAL,Portal,name
BULLOCH,1,LOCKHART,Lockhart,name
BULLOCH,2,BLITCH,Blitch,name
BULLOCH,7,NEVILS,Nevils,name
BULLOCH,6,BAY,Bay,name
BULLOCH,10,EMIT,Emit,name
BULLOCH,4,BROOKLET,Brooklet,name
BULLOCH,13,FAIR,Fair,name
BULLOCH,15,PITTMAN PARK,Pittman Park,name
BULLOCH,14,CHURCH,Church,name
BULLOCH,3,HAGIN,Hagin,name
BULLOCH,5,STILSON,Stilson,name
BULLOCH,16,LEEFIELD,Leefield,name
JEFFERSON,85,BARTOW,Bartow,name
JEFFERSON,83,WADLEY,Wadley,name
JEFFERSON,82,LOUISVILLE,Louisville,name
JEFFERSON,76,STAPLETON CROSSROADS,Stapleton Crossroads,name
JEFFERSON,1593,AVERA,Avera,name
JEFFERSON,1460,STAPLETON,Stapleton,name
JEFFERSON,81,WRENS,Wrens,name
JEFFERSON,77,MATTHEWS,Matthews,name
GLASCOCK,EDGH,EDGEHILL,Edgehill,name
GLASCOCK,MITC,MITCHELL,Mitchell,name
GLASCOCK,GIBS,GIBSON,Gibson,name
GLASCOCK,MILL,MILL,Mill,name
WARREN,1,WARRENTON,Warrenton,name
MCDUFFIE,104,SWEETWATER,Sweetwater,name
MCDUFFIE,102,CEDAR ROCK,Cedar Rock,name
MCDUFFIE,103,DEPOT,Depot,name
MCDUFFIE,105,WHITE OAK,White Oak,name
MCDUFFIE,107,FORT CREEK,Fort Creek,name
MCDUFFIE,106,DEARING,Dearing,name
MCDUFFIE,101,NORTH MCDUFFIE,NMcDuffie,reviewed_alias
COLUMBIA,24,SECOND MOUNT MORIAH BAPTIST CHURCH,Second Mount Moriah Baptist Church,name
COLUMBIA,10,KIOKEE BAPTIST CHURCH,Kiokee Bapt Church,unique_name_similarity
COLUMBIA,22,HARLEM SENIOR CENTER,Harlem Senior Center,name
COLUMBIA,20,HARLEM BRANCH LIBRARY,Harlem Branch Library,name
COLUMBIA,25,THE FORMER EUCHEE CREEK LIBRARY,Former Euchee Creek Library,unique_name_similarity
COLUMBIA,30,LIBERTY PARK - GROVETOWN,Liberty Park-Grovetown,name
COLUMBIA,33,GROVETOWN DEPT OF PUBLIC SAFETY STATION #2,Grovetown Dept of Public Safety Station #2,name
COLUMBIA,31,GROVETOWN METHODIST CHURCH,Grovetown Methodist,reviewed_alias
COLUMBIA,34,GROVETOWN BRANCH LIBRARY,Grovetown Branch Library,name
COLUMBIA,19,COLUMBIA COUNTY HEALTH DEPARTMENT,Columbia Co. Health Dept.,unique_name_similarity
COLUMBIA,13,MACEDONIA CHURCH OF GROVETOWN,Macedonia Church of Grovetown,name
COLUMBIA,14,STEVENS CREEK CHURCH - GROVETOWN,Stevens Creek Church-Grovetown,name
COLUMBIA,68,PARKWAY ELEMENTARY SCHOOL,Parkway Elementary,reviewed_alias
COLUMBIA,18,NEW LIFE CHURCH,New Life Church,name
COLUMBIA,16,WOODLAWN BAPT CHURCH,Woodlawn Bapt Church,name
COLUMBIA,15,LEWIS METHODIST CHURCH,Lewis Methodist,reviewed_alias
COLUMBIA,17,PATRIOTS PARK,Patriots Park,name
COLUMBIA,62,PARKWAY BAPTIST CHURCH,Parkway Baptist Church,name
COLUMBIA,32,G A APOSTOLIC CHURCH,G A Apostolic Church,name
COLUMBIA,75,BELAIR BAPTIST CHURCH,Belair Baptist Church,name
COLUMBIA,65,CHRIST SANCTIFIED CHURCH,Christ Sanctified,reviewed_alias
COLUMBIA,60,COL CTY BOARD OF EDU,Col Cty Board of Edu,name
COLUMBIA,70,BLANCHARD PARK,Blanchard Park,name
COLUMBIA,85,TRINITY BAPTIST CHURCH,Trinity Bapt Church,unique_name_similarity
COLUMBIA,76,WESTMINSTER PRESBYTERIAN CHURCH,Westminster Presb Church,unique_name_similarity
COLUMBIA,120,HARVEST POINTE FELLOWSHIP,Harvest Pointe Fellowship,name
COLUMBIA,125,CHURCH OF OUR SAVIOR,Church of Our Savior,name
COLUMBIA,130,WEST ACRES BAPTIST CHURCH,West Acres Baptist,reviewed_alias
COLUMBIA,134,COL CTY MAIN LIBRARY,Col Cty Main Library,name
COLUMBIA,90,ABILENE BAPTIST CHURCH,Abilene Baptist,reviewed_alias
COLUMBIA,110,COLUMBIA CO. FIRE  HDQTR.,Columbia Co. Fire HDQTR,name
COLUMBIA,115,MARTINEZ BAPTIST CHURCH,Martinez Baptist,reviewed_alias
COLUMBIA,136,CCBOE - SUPPORT COMPLEX,CCBOE-Support Complex,name
COLUMBIA,137,CHRIST THE KING LUTHERAN CHURCH,Christ The King Church,reviewed_alias
COLUMBIA,100,AUGUSTA CHRISTIAN SCHOOL,Augusta Christian,reviewed_alias
COLUMBIA,105,SAVANNAH RAPIDS PAVILION,Savannah Rapids Pavilion,name
COLUMBIA,108,ACS - FURYS FERRY RD CAMPUS,ACS-Furys Ferry Rd Campus,name
COLUMBIA,109,STEVENS CREEK CHURCH,Stevens Creek Church,name
COLUMBIA,40,EUBANK/BLANCHARD CTR,Eubank/Blanchard Ctr,name
COLUMBIA,51,DAMASCUS BAPTIST CHURCH,Damascus Bapt Church,unique_name_similarity
COLUMBIA,50,SECOND MT. CARMEL BAPTIST CHURCH,Second Mt. Carmel Baptist Church,name
COLUMBIA,64,GRACE BAPTIST CHURCH,Grace Baptist Church,name
COLUMBIA,131,JOURNEY COMM. CHURCH,Journey Comm Church,name
COLUMBIA,132,WESLEY METHODIST CHURCH,Wesley Methodist,reviewed_alias
COLUMBIA,135,"CHRIST CHURCH, PRESBYTERIAN",Christ Church Presbyterian,name
COLUMBIA,107,GOSPEL WATER BRANCH BAPT. CHURCH,Gospel Water Branch,reviewed_alias
BURKE,7,MIDVILLE,Midville,name
BURKE,13,VIDETTE,Vidette,name
BURKE,10,SCOTTS CROSSROADS,Scotts Crossroads,name
BURKE,8,MUNNERLYN,Munnerlyn,name
BURKE,1,ALEXANDER,Alexander,name
BURKE,4,GOUGH,Gough,name
BURKE,6,KEYSVILLE,Keysville,name
BURKE,12,ST. CLAIR,St. Clair,name
BURKE,16,BLAKENEY,Blakeney,name
BURKE,2,FOUR POINTS,Four Points,name
BURKE,15,SOUTH WAYNESBORO,South Waynesboro,name
BURKE,14,NORTH WAYNESBORO,North Waynesboro,name
BURKE,5,GREENSCUT,Greenscut,name
BURKE,11,TELFAIR,Telfair,name
BURKE,9,SARDIS,Sardis,name
BURKE,3,GIRARD,Girard,name
JENKINS,5,FOUR POINTS,Four Points,name
JENKINS,1,PRIMARY SCHOOL,Primary School,name
JENKINS,3,PERKINS,Perkins,name
JENKINS,2,COURT HOUSE,Court House,name
JENKINS,4,SENIOR CITIZENS CENTER,Senior Citizens Center,name
RICHMOND,801,801,801,name
RICHMOND,804H,804H,804H,name
RICHMOND,810,810,810,name
RICHMOND,803,803,803,name
RICHMOND,801B,801B,801B,name
RICHMOND,811,811,811,name
RICHMOND,804,804,804,name
RICHMOND,807,807,807,name
RICHMOND,406,406,406,name
RICHMOND,405,405,405,name
RICHMOND,401,401,401,name
RICHMOND,606,606,606,name
RICHMOND,601,601,601,name
RICHMOND,403,403,403,name
RICHMOND,501,501,501,name
RICHMOND,310,310,310,name
RICHMOND,402,402,402,name
RICHMOND,506,506,506,name
RICHMOND,306,306,306,name
RICHMOND,502,502,502,name
RICHMOND,505,505,505,name
RICHMOND,507,507,507,name
RICHMOND,201,201,201,name
RICHMOND,704,704,704,name
RICHMOND,302,302,302,name
RICHMOND,304,304,304,name
RICHMOND,301,301,301,name
RICHMOND,308,308,308,name
RICHMOND,706,706,706,name
RICHMOND,705,705,705,name
RICHMOND,802,802,802,name
RICHMOND,806,806,806,name
RICHMOND,608,608,608,name
RICHMOND,808,808,808,name
RICHMOND,607,607,607,name
RICHMOND,504,504,504,name
RICHMOND,605,605,605,name
RICHMOND,604,604,604,name
RICHMOND,602,602,602,name
RICHMOND,805,805,805,name
RICHMOND,115,115,115,name
RICHMOND,104,104,104,name
RICHMOND,503,503,503,name
RICHMOND,202,202,202,name
RICHMOND,208,208,208,name
RICHMOND,210,210,210,name
RICHMOND,303,303,303,name
RICHMOND,108,108,108,name
RICHMOND,204,204,204,name
RICHMOND,110,110,110,name
RICHMOND,207,207,207,name
RICHMOND,105,105,105,name
RICHMOND,203,203,203,name
RICHMOND,101,101,101,name
RICHMOND,307,307,307,name
RICHMOND,107,107,107,name
RICHMOND,111,111,111,name
RICHMOND,102,102,102,name
RICHMOND,701,701,701,name
RICHMOND,709,709,709,name
RICHMOND,708,708,708,name
RICHMOND,703,703,703,name
RICHMOND,707,707,707,name
RICHMOND,702,702,702,name
RICHMOND,106,106,106,name
RICHMOND,103,103,103,name
RICHMOND,109,109,109,name
RICHMOND,112,112,112,name
CAMDEN,306,HISTORIC KINGSLAND,Historic Kingsland,name
CAMDEN,303,WOODBINE,Woodbine,name
CAMDEN,311,WEST SAINT MARYS,West Saint Marys,name
CAMDEN,308,ST. MARYS,St. Marys,name
CAMDEN,310,SOUTH ST MARYS,South St. Marys,name
CAMDEN,307,EAST KINGSLAND,East Kingsland,name
CAMDEN,304,HARRIETTS BLUFF,Harrietts Bluff,name
CAMDEN,309,NORTH ST MARYS,North St. Marys,name
CAMDEN,302,WAVERLY,Waverly,name
CAMDEN,305,WEST KINGSLAND,West Kingsland,name
CAMDEN,301,TARBORO,Tarboro,name
CHATHAM,5-10C,JONESVILLE BAPTIST CHURCH,5-10C,code
CHATHAM,1-06C,CENTRAL CHURCH OF CHRIST,1-06C,code
CHATHAM,1-08C,GRACE UNITED METHODIST CHURCH,1-08C,code
CHATHAM,3-14C,OGLETHORPE CHARTER ACADEMY,3-14C,code
CHATHAM,3-11C,SOUTHSIDE BAPTIST CH,3-11C,code
CHATHAM,1-05C,J E A,1-05C,code
CHATHAM,1-01C,FIRST PRESBYTERIAN CHURCH,1-01C,code
CHATHAM,2-11C,COASTAL CATHEDRAL MISSION CAMPUS,2-11C,code
CHATHAM,3-09C,THE CONNEXION CHURCH,3-09C,code
CHATHAM,3-10C,BIBLE BAPTIST CHURCH,3-10C,code
CHATHAM,2-09C,SALVATION ARMY,2-09C,code
CHATHAM,8-11C,BUTLER ELEMENTARY SC,8-11C,code
CHATHAM,8-10C,CARVER HEIGHTS COMM,8-10C,code
CHATHAM,5-03C,BUTLER PRESBYTERIAN CHURCH ED BLDG,5-03C,code
CHATHAM,8-06C,TOMPKINS RECREATION CENTER,8-06C,code
CHATHAM,8-05C,WEST BROAD STREET YMCA,8-05C,code
CHATHAM,8-09C,MOSES JACKSON CENTER,8-09C,code
CHATHAM,2-12C,WILLIAMS COURT APTS,2-12C,code
CHATHAM,8-02C,HELLENIC CENTER,8-02C,code
CHATHAM,2-05C,HOLY SPIRIT LUTHERAN CHURCH,2-05C,code
CHATHAM,3-02C,TEMPLE MICKVE ISRAEL,3-02C,code
CHATHAM,2-03C,W W LAW CENTER,2-03C,code
CHATHAM,2-04C,FELLOWSHIP OF LOVE COMMUNITY CHURCH,2-04C,code
CHATHAM,2-07C,CHRIST COMMUNITY CHURCH AT MORNINGSIDE,2-07C,code
CHATHAM,2-02C,RIVER POINTE,2-02C,code
CHATHAM,8-01C,RALPH MARK GILBERT CIVIL RIGHTS MUSEUM,8-01C,code
CHATHAM,3-13C,NEW COV 7 DAY ADV CH,3-13C,code
CHATHAM,1-12C,ISLE OF HOPE BAPTIST,1-12C,code
CHATHAM,3-05C,NEW GENERATIONS CATHEDRAL,3-05C,code
CHATHAM,3-12C,THUNDERBOLT MUN COMP,3-12C,code
CHATHAM,1-17C,ISLANDS CHRISTIAN CH,1-17C,code
CHATHAM,3-04C,FIRST AFRICAN BAPTIST CHURCH,3-04C,code
CHATHAM,3-03C,SAVANNAH HIGH SCHOOL,3-03C,code
CHATHAM,2-06C,ELI WHITNEY COMPLEX,2-06C,code
CHATHAM,8-08C,RESURRECTION OF OUR LORD CATHOLIC CHURCH,8-08C,code
CHATHAM,4-08C,WILMINGTON ISLAND PRESBYTERIAN CHURCH,4-08C,code
CHATHAM,4-07C,WILMINGTON ISLAND UNITED METHODIST CHURCH,4-07C,code
CHATHAM,4-04C,LIGHTHOUSE BAPTIST CHURCH,4-04C,code
CHATHAM,4-06C,FIRST BAPTIST CHURCH OF THE ISLAND,4-06C,code
CHATHAM,4-05C,SAINT FRANCIS EPISCOPAL CHURCH,4-05C,code
CHATHAM,4-02C,ISLANDS HIGH SCHOOL ANNEX,4-02C,code
CHATHAM,4-11C,TYBEE OLD SCHOOL CAFE,4-11C,code
CHATHAM,6-11C,COASTAL GA BOTANICAL GARDENS,6-11C,code
CHATHAM,7-09C,"COMPASSION CHRISTIAN, HENDERSON",7-09C,code
CHATHAM,7-08C,BLOOMINGDALE COMMUNITY CENTER,7-08C,code
CHATHAM,7-17C,POOLER RECREATION CENTER GYMNASIUM,7-17C,code
CHATHAM,7-12C,WEST CHATHAM BAPTIST CHURCH,7-12C,code
CHATHAM,6-09C,TRINITY LUTHERAN CHURCH,6-09C,code
CHATHAM,6-03C,CRUSADER COMMUNITY CENTER,6-03C,code
CHATHAM,6-05C,WINDSOR HALL,6-05C,code
CHATHAM,6-10C,GEORGETOWN ELEMENTARY,6-10C,code
CHATHAM,4-13C,SKIDAWAY COMMUNITY CHURCH,4-13C,code
CHATHAM,6-02C,WINDSOR FOREST BAPTIST CHURCH SCHOOL,6-02C,code
CHATHAM,1-16C,FERGUSON AVE BAPTIST,1-16C,code
CHATHAM,6-01C,WHITE BLUFF PRESBYTERIAN CHURCH,6-01C,code
CHATHAM,1-13C,THE SANCTUARY,1-13C,code
CHATHAM,1-14C,ST. LUKE UNITED METHODIST CHURCH,1-14C,code
CHATHAM,1-10C,ST. THOMAS EPISCOPAL CHURCH,1-10C,code
CHATHAM,4-14C,SKIDAWAY ISLAND METHODIST CHURCH,4-14C,code
CHATHAM,4-12C,ST PETERS EPISCOPAL,4-12C,code
CHATHAM,4-10C,BURKE DAY PUBLIC SAFETY BLDG,4-10C,code
CHATHAM,7-14C,COASTAL CATHEDRAL,7-14C,code
CHATHAM,7-10C,PROGRESSIVE REC CTR,7-10C,code
CHATHAM,7-16C,POOLER RECREATION CENTER GYMNASIUM,7-16C,code
CHATHAM,7-06C,1ST BAPTIST CHURCH OF POOLER,7-06C,code
CHATHAM,7-13C,SOUTHSIDE FIRE TRAINING CENTER,7-13C,code
CHATHAM,6-08C,CHRIST MEMORIAL BAPTIST CHURCH,6-08C,code
CHATHAM,5-06C,SEED CHURCH,5-06C,code
CHATHAM,5-07C,ELKS LODGE,5-07C,code
CHATHAM,5-08C,SAVANNAH PRIMITIVE BAPTIST CHURCH,5-08C,code
CHATHAM,5-11C,LARGO-TIBET ELEMENTA,5-11C,code
CHATHAM,8-03C,SILK HOPE BAPTIST CHURCH,8-03C,code
CHATHAM,7-05C,WOODLAWN BAPTIST CHURCH,7-05C,code
CHATHAM,8-12C,BEACH HIGH SCHOOL,8-12C,code
CHATHAM,8-15C,COOPER CENTER,8-15C,code
CHATHAM,7-07C,ROTHWELL BAPTIST CHURCH,7-07C,code
CHATHAM,8-16C,MIGHTY 8TH MUSEUM,8-16C,code
CHATHAM,8-17C,"GEORGIA TECH, SAVANNAH CAMPUS",8-17C,code
CHATHAM,8-18C,SAVANNAH FIRST SEVENTH DAY ADVENTIST CHURCH,8-18C,code
CHATHAM,7-15C,RICE CREEK SCHOOL,7-15C,code
CHATHAM,7-11C,SAVANNAH FIRE STATION #14,7-11C,code
CHATHAM,7-01C,FIRST BAPTIST CHURCH OF GARDEN CITY,7-01C,code
CHATHAM,7-03C,PB EDWARDS GYMNASIUM,7-03C,code
CHATHAM,7-04C,LAKE SHORE COMMUNITY CENTER,7-04C,code
CHATHAM,6-06C,THE LIGHT CHURCH,6-06C,code
CHATHAM,1-09C,IMMANUEL BAPTIST CHURCH,1-09C,code
CHATHAM,5-05C,LIBERTY CITY COMMUNITY CENTER,5-05C,code
EFFINGHAM,2C,2C,2C,name
EFFINGHAM,5C,5C,5C,name
EFFINGHAM,5A,5A,5A,name
EFFINGHAM,5D,5D,5D,name
EFFINGHAM,5B,5B,5B,name
EFFINGHAM,4A,4A,4A,name
EFFINGHAM,1C,1C,1C,name
EFFINGHAM,1D,1D,1D,name
EFFINGHAM,1A,1A,1A,name
EFFINGHAM,2A,2A,2A,name
EFFINGHAM,2D,2D,2D,name
EFFINGHAM,1B,1B,1B,name
EFFINGHAM,3D,3D,3D,name
EFFINGHAM,3A,3A,3A,name
EFFINGHAM,3E,3E,3E,name
EFFINGHAM,4B,4B,4B,name
EFFINGHAM,4C,4C,4C,name
EFFINGHAM,3C,3C,3C,name
EFFINGHAM,3B,3B,3B,name
EFFINGHAM,2B,2B,2B,name
SCREVEN,5,JENK HILL FIRE STATION 2,Jenk Hill Fire Station 2,name
SCREVEN,6,BAY BRANCH FIRE STATION 9,Bay Branch Fire Station 9,name
SCREVEN,7,CAIL COMMUNITY CENTER,Cail Community Center,name
SCREVEN,3,Fire Station #10-Robbins Branch,Robbins Branch Fire Station 10,single_remainder
SCREVEN,2,SENIOR CITIZENS CENTER,Senior Citizens Center,name
SCREVEN,1,Hiltonia Town Hall,Hiltonia Town Hall 1,unique_name_similarity
SCREVEN,4,PLANTERS ANNEX,Planters Annex,name
CHATTOOGA,968,MENLO,Menlo,name
CHATTOOGA,1484,LYERLY,Lyerly,name
CHATTOOGA,925,SUMMERVILLE,Summerville,name
CHATTOOGA,870,TRION,Trion,name
CHATTOOGA,940,DIRTTOWN,Dirttown,name
CHATTOOGA,1382,HAYWOOD,Haywood,name
CHATTOOGA,962,SUBLIGNA,Subligna,name
HARALSON,4,BUNCOMBE,Buncombe,name
HARALSON,12,TALLAPOOSA,Tallapoosa,name
HARALSON,11,BEREA-STEADMAN,Berea-Steadman,name
HARALSON,13,WACO,Waco,name
HARALSON,3,BUCHANAN,Buchanan,name
HARALSON,8,LITTLE CREEK,Little Creek,name
HARALSON,7,FELTON,Felton,name
HARALSON,2,BREMEN,Bremen,name
HARALSON,5,CORINTH,Corinth,name
HARALSON,10,SEVENTH,Seventh,name
HARALSON,9,MT VIEW,Mt View,name
HARALSON,6,TWENTIETH,Twentieth,name
POLK,2,BLOOMING GROVE,Blooming Grove,name
POLK,7,YOUNGS GROVE,Camp Antioch,reviewed_alias
POLK,5,LAKE CREEK,Lake Creek,name
POLK,3,CEDARTOWN,GoodYear,reviewed_alias
POLK,4,FISH CREEK,Fish Creek,name
POLK,6,ROCKMART,Rockmart,name
POLK,1,ARAGON,Aragon,name
PAULDING,0016C,YORKVILLE BAPTIST CHURCH,Yorkville Baptist Church,name
PAULDING,0015C,CARL SCOGGINS MIDDLE SCHOOL,Carl Scoggins Middle School,name
PAULDING,0017C,PAULDING COUNTY AIRPORT,Airport,reviewed_alias
PAULDING,0013B,SOUTH PAULDING MIDDLE SCHOOL,S Paulding Middle School,reviewed_alias
PAULDING,0018C,DOBBINS MIDDLE SCHOOL,Dobbins Middle School,name
PAULDING,0007B,WATSON GOVERNMENT COMPLEX,Watson Govt Complex,reviewed_alias
PAULDING,0014B,WHITE OAK PARK,White Oak Park,name
PAULDING,0020B,HIGH SHOALS BAPTIST CHURCH,High Shoals Baptist Church,name
PAULDING,0001B,BURNT HICKORY PARK,Burnt Hickory Park,name
PAULDING,0005C,PAULDING SENIOR CENTER,North Industrial,reviewed_alias
PAULDING,0019C,ACTIVATION CHURCH,Activation Church,name
PAULDING,0011C,DIANNE WRIGHT INNOVATION CENTER,Dianne Wright Innovation Center,name
PAULDING,0010B,POPLAR SPRINGS BAPTIST CHURCH,Poplar Springs Baptist,unique_name_similarity
PAULDING,0012C,TAYLOR FARM PARK,Taylor Farm Park,name
PAULDING,0006B,LEGACY BAPTIST CHURCH,Legacy Baptist Church,name
PAULDING,0009B,THE EVENT'S PLACE,The Events Place,name
PAULDING,0021B,TABERNACLE BAPTIST CHURCH,Tabernacle Baptist Church,name
PAULDING,0008C,EAST PAULDING MIDDLE SCHOOL,E Paulding Middle School,reviewed_alias
PAULDING,0003C,SHELTON ELEMENTARY SCHOOL,Shelton Elementary,reviewed_alias
PAULDING,0002C,CROSSROADS LIBRARY,Crossroads Library,name
PAULDING,0004C,RUSSOM ELEMENTARY SCHOOL,Russom Elementary,reviewed_alias
FLOYD,20,CAVE SPRING,Cave Spring,name
FLOYD,45,FOSTER'S MILL,Foster's Mill,name
FLOYD,80,COOSA (NORTH CAROLINA),Coosa (N. Carolina),name
FLOYD,15,SOUTH FLOYD,South Floyd,name
FLOYD,1,ALTO PARK,Alto Park,name
FLOYD,50,GARDEN LAKES,Garden Lakes,name
FLOYD,10,NEW ARMUCHEE,New Armuchee,name
FLOYD,135,LINDALE,Lindale,name
FLOYD,60,HOWELL,Howell,name
FLOYD,25,CHULIO,Chulio,name
FLOYD,110,SOUTH ROME,South Rome,name
FLOYD,140,TOWN ROME,Town Rome,name
FLOYD,90,EAST ROME,East Rome,name
FLOYD,105,NORTH ROME,North Rome,name
FLOYD,55,GLENWOOD,Glenwood,name
FLOYD,30,ETOWAH,Etowah,name
FLOYD,40,FLOYD SPRINGS,Floyd Springs,name
FLOYD,130,SHANNON,Shannon,name
FLOYD,35,EVERETT SPRINGS,Everett Springs,name
BARTOW,14,TAYLORSVILLE,Taylorsville,name
BARTOW,10,KINGSTON,Kingston,name
BARTOW,1,ADAIRSVILLE,Adairsville,name
BARTOW,8,EUHARLEE,Euharlee,name
BARTOW,11,MISSION ROAD,Mission Road,name
BARTOW,18,WOODLAND,Woodland,name
BARTOW,4,CARTERSVILLE WEST,Cartersville West,name
BARTOW,17,HAMILTON CROSSING,Hamilton Crossing,name
BARTOW,5,CASSVILLE,Cassville,name
BARTOW,7,EMERSON,Emerson,name
BARTOW,3,CARTERSVILLE EAST,Cartersville East,name
BARTOW,16,ZENA DRIVE,Zena Drive,name
BARTOW,2,ALLATOONA,Allatoona,name
BARTOW,6,CENTER,Center,name
BARTOW,15,WHITE,White,name
BARTOW,9,FOLSOM,Folsom,name
BARTOW,12,PINE LOG,Pine Log,name
CHEROKEE,6,CLARK CREEK,Clark Creek,name
CHEROKEE,29,OAK GROVE,Oak Grove,name
CHEROKEE,23,BELLS,Bells,name
CHEROKEE,40,VICTORIA,Victoria,name
CHEROKEE,11,CARMEL,Carmel,name
CHEROKEE,16,DIXIE,Dixie,name
CHEROKEE,32,ROSECREEK,Rosecreek,name
CHEROKEE,21,HILLSIDE,Hillside,name
CHEROKEE,7,BOOTH,Booth,name
CHEROKEE,5,BASCOMB,Bascomb,name
CHEROKEE,34,SIXES,Sixes,name
CHEROKEE,9,BRIDGEMILL,Bridgemill,name
CHEROKEE,35,SUTALLEE,Sutallee,name
CHEROKEE,41,WALESKA,Waleska,name
CHEROKEE,12,WOODSTOCK,Woodstock,name
CHEROKEE,15,DEER RUN,Deer Run,name
CHEROKEE,44,LICKSKILLET,Lickskillet,name
CHEROKEE,37,TOONIGH,Toonigh,name
CHEROKEE,24,LIBERTY,Liberty,name
CHEROKEE,22,HOLLY SPRINGS,Holly Springs,name
CHEROKEE,42,WILDCAT,Wildcat,name
CHEROKEE,43,WOODLANDS,Woodlands,name
CHEROKEE,26,LITTLE RIVER,Little River,name
CHEROKEE,1,AIR ACRES,Air Acres,name
CHEROKEE,2,ARNOLD MILL,Arnold Mill,name
CHEROKEE,8,BRADSHAW,Bradshaw,name
CHEROKEE,19,HICKORY FLAT,Hickory Flat,name
CHEROKEE,36,RIVER GREEN,River Green,name
CHEROKEE,10,HICKORY LOG,Hickory Log,name
CHEROKEE,30,R M MOORE,R M Moore,name
CHEROKEE,31,CANTON,Canton,name
CHEROKEE,39,UNIVETER,Univeter,name
CHEROKEE,13,AIRPORT,Airport,name
CHEROKEE,33,SALACOA,Salacoa,name
CHEROKEE,28,MOUNTAIN ROAD,Mountain Road,name
CHEROKEE,3,AVERY,Avery,name
CHEROKEE,38,UNION HILL,Union Hill,name
CHEROKEE,27,MACEDONIA,Macedonia,name
CHEROKEE,4,BALL GROUND,Ball Ground,name
CHEROKEE,20,HIGHTOWER,Hightower,name
CHEROKEE,18,FREE HOME,Free Home,name
CHEROKEE,14,CONNS CREEK,Conns Creek,name
PICKENS,4,JERUSALEM,Jerusalem,name
PICKENS,5,LUDVILLE,Ludville,name
PICKENS,3,HINTON,Hinton,name
PICKENS,2,HILL CITY,Hill City,name
PICKENS,9,TATE,Tate,name
PICKENS,12,REFUGE,Refuge,name
PICKENS,7,TALKING ROCK,Talking Rock,name
PICKENS,8,JASPER,Jasper,name
PICKENS,11,APPALACHIAN,Appalachian,name
PICKENS,6,NELSON,Nelson,name
PICKENS,1,YELLOW CREEK,Yellow Creek,name
PICKENS,10,SHARPTOP,Sharptop,name
WALKER,953,ARMUCHEE VALLEY,Armuchee Valley,name
WALKER,1809,KENSINGTON,Kensington,name
WALKER,1161,MOUNTAIN,Mountain,name
WALKER,917,WALNUT GROVE,Walnut Grove,name
WALKER,871,LA FAYETTE,La Fayette,name
WALKER,1818,CHICKAMAUGA,Chickamauga,name
WALKER,944,ROCK SPRING,Rock Spring,name
WALKER,1501,CHATTANOOGA VALLEY,Chattanooga Valley,name
WALKER,1851,FAIRYLAND,Fairyland,name
WALKER,1812,ROSSVILLE,Rossville,name
WALKER,1893,FAIRVIEW,Fairview,name
CATOOSA,WOOD,WOODSTATION,Woodstation,name
CATOOSA,BLCK,BLACKSTOCK,Blackstock,name
CATOOSA,BOYN,BOYNTON,Boynton,name
CATOOSA,POPS,POPLAR SPRINGS,Poplar Springs,name
CATOOSA,GRAY,GRAYSVILLE,Graysville,name
CATOOSA,RING,RINGGOLD,Ringgold,name
CATOOSA,CAKT,CATOOSA KEITH,Catoosa Keith,name
CATOOSA,CHAM,CHAMBERS,Chambers,name
CATOOSA,FT O,FT OGLETHORPE,Ft Oglethorpe,name
CATOOSA,LAKE,LAKEVIEW,Lakeview,name
CATOOSA,WEST,WESTSIDE,Westside,name
WHITFIELD,TR,TR,TR,name
WHITFIELD,CA,CA,CA,name
WHITFIELD,TI,TI,TI,name
WHITFIELD,DG,DG,DG,name
WHITFIELD,AN,AN,AN,name
WHITFIELD,MC,MC,MC,name
WHITFIELD,WS,WS,WS,name
WHITFIELD,2A,2A,2A,name
WHITFIELD,TH,TH,TH,name
WHITFIELD,4A,4A,4A,name
WHITFIELD,3A,3A,3A,name
WHITFIELD,1A,1A,1A,name
WHITFIELD,6A,6A,6A,name
WHITFIELD,5A,5A,5A,name
WHITFIELD,PG,PG,PG,name
WHITFIELD,VA,VA,VA,name
WHITFIELD,CO,CO,CO,name
WHITFIELD,ES,ES,ES,name
WHITFIELD,FI,FI,FI,name
WHITFIELD,GL,GL,GL,name
WHITFIELD,NI,NI,NI,name
WHITFIELD,LT,LT,LT,name
WHITFIELD,UT,UT,UT,name
TOWNS,1468,YOUNG HARRIS,Young Harris,name
TOWNS,990,HIAWASSEE,Hiawassee,name
RABUN,RABUN,RABUN COUNTY,Rabun County,name
LINCOLN,1-B,LINCOLN CLUB HOUSE,Lincoln Club House,name
LINCOLN,2,LINCOLN CENTER,Lincoln Center,name
LINCOLN,3-A,FAITH TEMPLE OF LINC,Faith Temple of Lincoln,unique_name_similarity
LINCOLN,3-B,TABERNACLE,Tabernacle,name
LINCOLN,4-B,MARTINS CROSSROAD,Martins Crossroad,name
LINCOLN,1-A,MIDWAY,Midway,name
LINCOLN,4-A,BETHANY CHURCH,Bethany Church,name
DOUGHERTY,20,INTERNATIONAL STUDIES ELEMENTARY,International Studies,reviewed_alias
DOUGHERTY,14,ALBANY HIGH SCHOOL,Albany High School,name
DOUGHERTY,23,ALBANY MIDDLE SCHOOL,Albany Middle School,name
DOUGHERTY,22,PINE BLUFF BAPTIST CHURCH,Pine Bluff Baptist Church,name
DOUGHERTY,24,CHRIST METHODIST CHURCH,Christ Church,reviewed_alias
DOUGHERTY,8,SECOND MT ZION CHURCH,2nd Mt. Zion Church,unique_name_similarity
DOUGHERTY,7,WESTTOWN ELEMENTARY,Westtown School,reviewed_alias
DOUGHERTY,6,ASU WEST CAMPUS,ASU West Campus,name
DOUGHERTY,25,LAMAR REESE ELEMENTARY,Lamar Reese School,reviewed_alias
DOUGHERTY,10,ALICE COACHMAN ELEMENTARY,Alice Coachman Elementary,name
DOUGHERTY,13,LITMAN CATHEDRAL,Litman Cathedral,name
DOUGHERTY,9,MT ZION CENTER,Mt. Zion Center,name
DOUGHERTY,11,1ST MOUNT OLIVE,First Mount Olive,reviewed_alias
DOUGHERTY,12,SHILOH BAPTIST CHURCH,Shiloh Baptist Church,name
DOUGHERTY,3,GREENBRIAR CHURCH,Greenbriar Church,name
DOUGHERTY,4,WESTOVER HIGH SCHOOL,Westover High School,name
DOUGHERTY,1,SHERWOOD ELEMENTARY SCHOOL,Sherwood Elementary School,name
DOUGHERTY,5,MERRY ACRES MIDDLE SCHOOL,Merry Acres Middle,reviewed_alias
DOUGHERTY,2,COVENANT CHURCH,Covenant Church,name
DOUGHERTY,18,RADIUM MIDDLE SCHOOL,Radium Middle School,name
DOUGHERTY,17,BILL MILLER COMMUNITY CENTER,Bill Miller Community Center,name
DOUGHERTY,26,ASU EAST CAMPUS-LOVETT HALL,ASU East Campus,reviewed_alias
DOUGHERTY,16,ROBERT H. HARVEY ELEMENTARY SCHOOL,Robert H. Harvey Elementary,unique_name_similarity
DOUGHERTY,15,TURNER ELEMENTARY,Turner Elementary School,reviewed_alias
DOUGHERTY,19,PUTNEY 1ST BAPTIST CHURCH,Putney 1st Baptist Church,name
LEE,9,#9 CENTURY FIRE STAT,Century Fire Station,unique_name_similarity
LEE,10,#10 REDBONE,Redbone,unique_name_similarity
LEE,4,#4 LEESBURG,Leesburg,unique_name_similarity
LEE,1,#1 CHOKEE,Chokee,unique_name_similarity
LEE,6,#6 FIRST BAPTIST,The Bindery at Oakland,reviewed_alias
LEE,7,#7 SDA CHURCH,SDA Church,unique_name_similarity
LEE,5,#5 FRIENDSHIP BAPT.,Friendship Baptist,unique_name_similarity
LEE,8,#8 FLINT REFORMED BAPTIST,Flint Reformed Baptist,unique_name_similarity
LEE,3,#3 CJC,CJC,reviewed_alias
LEE,2,#2 SMITHVILLE,Smithville,unique_name_similarity
SUMTER,15,LESLIE,Leslie,name
SUMTER,O-26,PLAINS,Plains,name
SUMTER,N-26,CONCORD,Concord,name
SUMTER,W-27,AG CENTER,AG Center,name
SUMTER,C2-27,JROTC,JROTC,name
SUMTER,C3-27,REC DEPT,Rec Dept,name
SUMTER,E-27,AIRPORT,Airport,name
SUMTER,C1-27,REES PARK,Rees Park,name
SUMTER,28,BROWNS MILL,Browns Mill,name
SUMTER,29,ANDERSONVILLE,Andersonville,name
SUMTER,17,THOMPSON,Thompson,name
CRISP,CONEY,CONEY,Coney,name
CRISP,JAMES,JAMESTOWN,Jamestown,name
CRISP,CORDE,CORDELE,Cordele,name
CRISP,ARABI,ARABI,Arabi,name
CRISP,LISTO,LISTONIA,Listonia,name
SCHLEY,1,PRECINCT ONE,Precinct 1,single_precinct_county
DOOLY,10,LILLY,Lilly,name
DOOLY,2,BYROMVILLE,Byromville,name
DOOLY,7,VIENNA,Vienna,name
DOOLY,8,PINEHURST,Pinehurst,name
DOOLY,5,UNADILLA,Unadilla,name
MACON,2,OGLETHORPE,Oglethorpe,name
MACON,4,MONTEZUMA #4,Montezuma #4,name
MACON,1,IDEAL,Ideal,name
MACON,5,MONTEZUMA #5,Montezuma #5,name
MACON,3,MARSHALLVILLE,Marshallville,name
TALBOT,6,BOX SPRINGS,Box Springs,name
TALBOT,4,GENEVA,Geneva,name
TALBOT,1,ONEAL,ONeal,name
TALBOT,5,TALBOTTON,Talbotton,name
TALBOT,3,JUNCTION CITY,Junction City,name
TALBOT,8,FLINT HILL,Flint Hill,name
TALBOT,2,VALLEY,Valley,name
BRANTLEY,2,NAHUNTA,Nahunta,name
BRANTLEY,3,WAYNESVILLE,Waynesville,name
BRANTLEY,1,HOBOKEN,Hoboken,name
TURNER,2,SYCAMORE,Sycamore,name
TURNER,1,ASHBURN,Ashburn,name
TURNER,3,REBECCA,Rebecca,name
IRWIN,901,IRWINVILLE,Irwinville,name
IRWIN,1529,OCILLA,Ocilla,name
WILCOX,3A,PITTS #3,Pitts 3,name
WILCOX,4A,ROCHELLE SOUTH #4,Rochelle South 4,name
WILCOX,1A,ROCHELLE NORTH #1,Rochelle North 1,name
WILCOX,2B,PINEVIEW #2,Pineview 2,name
WILCOX,5A,ABBEVILLE SOUTH #5,Abbeville South 5,name
WILCOX,2A,ABBEVILLE NORTH #2,Abbeville North 2,name
HOUSTON,HEFS,HEFS,HEFS,name
HOUSTON,PEC,PEC,PEC,name
HOUSTON,HAFS,HAFS,HAFS,name
HOUSTON,ROZR,ROZR,ROZR,name
HOUSTON,VHS,VHS,VHS,name
HOUSTON,MCMS,MCMS,MCMS,name
HOUSTON,TMS,TMS,TMS,name
HOUSTON,CENT,CENT,CENT,name
HOUSTON,CGTC,CGTC,CGTC,name
HOUSTON,TWPK,TWPK,TWPK,name
HOUSTON,FMMS,FMMS,FMMS,name
HOUSTON,ANNX,ANNX,ANNX,name
HOUSTON,VFW,VFW,VFW,name
HOUSTON,HHPC,HHPC,HHPC,name
HOUSTON,NHSC,NORTH HOUSTON SPORT COMPLEX,NHSC,reviewed_alias
HOUSTON,BMS,BMS,BMS,name
HOUSTON,WELL,WELLSTON CENTER,Wellston Center,name
PULASKI,ANNEX,COURTHOUSE ANNEX,Courthouse Annex,name
BEN HILL,1,EAST,East,name
DODGE,MITCH,MITCH,Mitch,name
DODGE,PONDT,PONDT,Pondt,name
DODGE,VILUL,VILUL,Vilul,name
DODGE,MCCRA,MCCRA,McCra,name
DODGE,LEE,LEE,Lee,name
DODGE,EDDIN,EDDIN,Eddin,name
DODGE,EMPIR,EMPIR,Empir,name
DODGE,RAWLI,RAWLI,Rawli,name
DODGE,YONKE,YONKE,Yonke,name
DODGE,PLAIN,PLAIN,Plain,name
DODGE,MULLI,MULLI,Mulli,name
DODGE,MILAN,MILAN,Milan,name
DODGE,CHAUN,CHAUN,Chaun,name
DODGE,JONES,JONES,Jones,name
DODGE,JAYBI,JAYBI,Jaybi,name
DODGE,CLARK,CLARK,Clark,name
BLECKLEY,1,1,1,name
BIBB,WA2,WARRIOR 2,Warrior 2,name
BIBB,RU1,RUTLAND 1,Rutland 1,name
BIBB,RU2,RUTLAND 2,Rutland 2,name
BIBB,WA1,WARRIOR 1,Warrior 1,name
BIBB,HA4,HAZZARD 4,Hazzard 4,name
BIBB,HA2,HAZZARD 2,Hazzard 2,name
BIBB,HO2,HOWARD 2,Howard 2,name
BIBB,HA3,HAZZARD 3,Hazzard 3,name
BIBB,GF5,GODFREY 5,Godfrey 5,name
BIBB,HA1,HAZZARD 1,Hazzard 1,name
BIBB,HO1,HOWARD 1,Howard 1,name
BIBB,VV4,VINEVILLE 4,Vineville 4,name
BIBB,HO7,HOWARD 7,Howard 7,name
BIBB,HO6,HOWARD 6,Howard 6,name
BIBB,GF3,GODFREY 3,Godfrey 3,name
BIBB,GF2,GODFREY 2,Godfrey 2,name
BIBB,GF4,GODFREY 4,Godfrey 4,name
BIBB,GF1,GODFREY 1,Godfrey 1,name
BIBB,VV3,VINEVILLE 3,Vineville 3,name
BIBB,VV6,VINEVILLE 6,Vineville 6,name
BIBB,VV5,VINEVILLE 5,Vineville 5,name
BIBB,HO4,HOWARD 4,Howard 4,name
BIBB,VV2,VINEVILLE 2,Vineville 2,name
BIBB,VV1,VINEVILLE 1,Vineville 1,name
BIBB,EM3,EAST MACON 3,East Macon 3,name
BIBB,HO3,HOWARD 3,Howard 3,name
BIBB,HO5,HOWARD 5,Howard 5,name
BIBB,EM1,EAST MACON 1,East Macon 1,name
BIBB,EM2,EAST MACON 2,East Macon 2,name
BIBB,EM4,EAST MACON 4,East Macon 4,name
BIBB,EM5,EAST MACON 5,East Macon 5,name
SEMINOLE,2,PRECINCT 2,Precinct 2,name
SEMINOLE,1,PRECINCT 1,Precinct 1,name
SEMINOLE,5,PRECINCT 5,Precinct 5,name
SEMINOLE,3,PRECINCT 3,Precinct 3,name
SEMINOLE,4,PRECINCT 4,Precinct 4,name
EARLY,CS,CEDAR SPRINGS,Cedar Springs,name
EARLY,U,URQUHART,Urquhart,name
EARLY,CUBA,CUBA,Cuba,name
EARLY,B,BLAKELY,Blakely,name
EARLY,A,ARLINGTON,Arlington,name
DECATUR,1325,RECOVERY,Recovery,name
DECATUR,1342,KENDRICK,Kendrick,name
DECATUR,914,KIRBO CENTER,Kirbo Center,name
DECATUR,513,BAINBRIDGE-COLISEUM,Joe L. Sweet Jr. Community Center,reviewed_alias
DECATUR,694,ATTAPULGUS,Attapulgus,name
DECATUR,1361,CLIMAX,Climax,name
DECATUR,1613,BRINSON,Brinson,name
DECATUR,1805,WEST BAINBRIDGE,West Bainbridge,name
DECATUR,514,BDGE-FAIRGROUNDS,Bainbridge-Fairgrounds,reviewed_alias
DECATUR,1277,MT. PLEASANT,Mt. Pleasant,name
MILLER,1,COLQUITT-MILLER,Colquitt-Miller,name
CALHOUN,5,ARLINGTON,Arlington,name
CALHOUN,4,EDISON-ARLINGTON,Edison-Arlington,name
CALHOUN,3,EDISON,Edison,name
CALHOUN,2,MORGAN,Morgan,name
CALHOUN,1,LEARY,Leary,name
BAKER,A,ANNA,Anna,name
BAKER,H,HOGGARDS MILL,Hoggards Mill,name
BAKER,E,ELMODEL,Elmodel,name
BAKER,N,NEWTON,Newton,name
BAKER,M,MILFORD,Milford,name
GRADY,H,HIGDON,Higdon,name
GRADY,W,WHIGHAM,Whigham,name
GRADY,R,RAGAN,Ragan,name
GRADY,D,DUNCANVILLE,Duncanville,name
GRADY,C04,CAIRO 4TH DISTR,Cairo 4th District,reviewed_alias
GRADY,M,MIDWAY,Midway,name
GRADY,C05,CAIRO 5TH DISTR,Cairo 5th District,reviewed_alias
GRADY,WL,WOODLAND,Woodland,name
GRADY,P,PINE PARK,Pine Park,name
GRADY,SH,SPRING HILL,Spring Hill,name
GRADY,L,LIMESINK,Limesink,name
GRADY,B,BLOWING CAVE,Blowing Cave,name
GRADY,S,SPENCE,Spence,name
TERRELL,6,HEROD-DOVER,Herod-Dover,name
TERRELL,5,GRAVES,Graves,name
TERRELL,1,DAWSON,Dawson,name
TERRELL,4,PARROTT,Parrott,name
TERRELL,2,SASSER,Sasser,name
TERRELL,3,BRONWOOD,Bronwood,name
CHATTAHOOCHEE,1,ACTIVITY CENTER,Robinson Recreation Center,single_precinct_county
WEBSTER,P1,PRESTON 1,Preston 1,name
MARION,948,BRANTLEY,Brantley,name
MARION,339,PINEKNOT,Pineknot,name
MARION,807,BUENA VISTA,Buena Vista,name
MARION,955,FORT PERRY,Fort Perry,name
MARION,808,TAZEWELL,Tazewell,name
GLYNN,101MAR,MAR,MAR,name
GLYNN,103BRK,BRK,BRK,name
GLYNN,301COG,COG,COG,name
GLYNN,102BLY,BLY,BLY,name
GLYNN,504ARO,ARCO,ARCO,name
GLYNN,501HCP,HCP,HCP,name
GLYNN,502UPP,UPP,UPP,name
GLYNN,500CPM,CPM,CPM,name
GLYNN,402THE,THE,THE,name
GLYNN,104JI,JI,JI,name
GLYNN,203SSI,SSSI,SSSI,name
GLYNN,202CSI,CSSI,CSSI,name
GLYNN,304BAL,BAL,BAL,name
GLYNN,302HLD,HLD,HLD,name
GLYNN,401CST,CST,CST,name
GLYNN,303NGY,NGLY,NGLY,name
GLYNN,201NSI,NSSI,NSSI,name
MCINTOSH,271,NORTH DARIEN,North Darien,name
MCINTOSH,1312,SAPELO ISLAND,Sapelo Island,name
MCINTOSH,1771,DARIEN,Darien,name
MCINTOSH,1515,CRESCENT,Crescent,name
MCINTOSH,22,SOUTH NEWPORT,South Newport,name
LIBERTY,7,GUM BRANCH,Gum Branch,name
LIBERTY,14,TOWN OF ALLENHURST,Town of Allenhurst,name
LIBERTY,10,LYMAN HALL SCHOOL,Lyman Hall School,name
LIBERTY,11,LEWIS FRASIER SCHOOL,Lewis Frasier School,name
LIBERTY,9,PROGRESSIVE CHURCH,Progressive Church,name
LIBERTY,4,VICTORY BAPTIST,Victory Baptist,name
LIBERTY,2,HINESVILLE,Hinesville,name
LIBERTY,12,MEMORIAL DRIVE EAST,Memorial Drive East,name
LIBERTY,13,PERFORMING ARTS CENTER (PAC),Performing Arts Center,name
LIBERTY,1,RICEBORO YOUTH CENTER,Riceboro Youth Center,name
LIBERTY,6,FLEMING EAST,Fleming East,name
LIBERTY,3,LIBERTY CO COMPLEX,Liberty Co Complex,name
BRYAN,7,SPIRIT OF PEACE LUTHERAN CHURCH,Spirit of Peace Lutheran Church,name
BRYAN,10,DANIEL SIDING,Daniel Siding,name
BRYAN,4,FIRST BAPTIST CHURCH,First Baptist Church,name
BRYAN,9,DEVAUL HENDERSON PARK GYM,Devaul Henderson Park Gym,name
BRYAN,6,WETLANDS CENTER,Wetlands Center,name
BRYAN,5,TIMBER TRAIL,Timber Trail,name
BRYAN,1,HARN COMMUNITY CENTER,Harn Community Center,name
BRYAN,2,OLIVE BRANCH BAPTIST CHURCH,Olive Branch Baptist,single_remainder
BRYAN,3,LANIER,Lanier,name
BRYAN,8,NEW BEGINNINGS,New Beginnings,name
ECHOLS,1058,STATENVILLE,Statenville,name
CLINCH,D,DUPONT,Dupont,name
CLINCH,AB,ARABIA,Arabia,name
CLINCH,F,FARGO,Fargo,name
CLINCH,H,HOMERVILLE,Homerville,name
CLINCH,AG,ARGYLE,Argyle,name
BERRIEN,1144,RAY CITY,Ray City,name
BERRIEN,11062,WEST BERRIEN,West Berrien,name
BERRIEN,1642,ENIGMA,Enigma,name
BERRIEN,1157,NASHVILLE,Nashville,name
BERRIEN,518,ALAPAHA,Alapaha,name
LANIER,1,LAKELAND,Lakeland,name
ATKINSON,3,WILLACOOCHEE,Willacoochee,name
ATKINSON,1,PEARSON COUNTY,Pearson County,name
ATKINSON,4,PEARSON CITY,Pearson City,name
ATKINSON,2,AXSON,Axson,name
WARE,408,408 - MILLWOOD BAPTIST CHURCH,408 - Millwood Baptist Church,name
WARE,304,304 - WARE BOE LEARNING CENTER,304 - Emerson Park,code
WARE,407,407 - MANOR COMMUNITY CENTER,407 - Manor Commmunity Center,code
WARE,400,400 - SECOND BAPTIST CHURCH,400 - Second Baptist Church,name
WARE,409,409 - WARESBORO CHURCH OF GOD,409 - Waresboro Church of God,name
WARE,404,404 - BICKLEY UM CHURCH,404 - Bickley UM Church,name
WARE,405,405 - HAYWOOD BAPTIST CHURCH,405 - Haywood Baptist Church,name
WARE,300,300 - WARE BOE TRANSPORTATION,300 - Ware BoE Transportation,name
WARE,406,406 - JAMESTOWN BAPTIST CHURCH,406 - Jamestown Baptist Church,name
WARE,100,100 - CITY AUDITORIUM,100 - City Auditorium,name
WARE,200B,200B - CITY AUDITORIUM,200B - City Auditorium,name
WARE,200A,200A - MEMORIAL STADIUM,200A - Memorial Stadium,name
WARE,200C,200C - SECOND BAPTIST CHURCH,200C- Second Baptist Church,name
CHARLTON,3B,GA BEND,GA Bend,name
CHARLTON,3S,ST. GEORGE,St. George,name
CHARLTON,5R,RACEPOND,Racepond,name
CHARLTON,2,FOLKSTON,Folkston,name
CHARLTON,4H,HOMELAND,Homeland,name
CHARLTON,5W,WINOKUR,Winokur,name
DAWSON,4,SOUTH,South,name
DAWSON,2,CENTRAL,Central,name
DAWSON,1,WEST,West,name
DAWSON,3,EAST,East,name
LUMPKIN,DA,DAHLONEGA,Dahlonega,name
MURRAY,1291,SOUTHWEST,Southwest,name
MURRAY,1895,SPRING PLACE,Spring Place,name
MURRAY,1039,SHUCK PEN,Shuck Pen,name
MURRAY,872,CARTERS-DOOLITTLE,Carters-Doolittle,name
MURRAY,824,TOWN,Town,name
MURRAY,1013,MCDONALD,McDonald,name
MURRAY,874,NORTH,North,name
GORDON,1055,PLAINVILLE,Plainville,name
GORDON,849-A,GORDON COUNTY,Gordon County,name
GORDON,1064,OOSTANAULA,Oostanaula,name
GORDON,1054,SUGAR VALLEY,Sugar Valley,name
GORDON,849-B,CALHOUN CITY,Calhoun City,name
GORDON,980,RESACA,Resaca,name
GORDON,856,LILY POND,Lily Pond,name
GORDON,1056,SONORAVILLE,Sonoraville,name
GORDON,973,RED BUD,Red Bud,name
GORDON,1063,PINE CHAPEL,Pine Chapel,name
GORDON,874,FAIRMOUNT,Fairmount,name
GORDON,1235,OAKMAN,Oakman,name
DADE,1214,NEW SALEM,New Salem,name
DADE,1038,SOUTH DADE,South Dade,name
DADE,960,TRENTON,Trenton,name
DADE,1222,DAVIS,Davis,name
DADE,1885,NEW HOME,New Home,name
DADE,1889,WEST BROW,West Brow,name
DADE,974,NORTH DADE,North Dade,name
