{"type":"FeatureCollection","features":[{"type":"Feature","properties":{"id":"2020-0","county_nam":"Columbia","county_norm":"COLUMBIA","prec_id":"131","precinct_name":"Columbia - 131","precinct_norm":"COLUMBIA - 131","precinct_full_name":"Journey Community Church","has_polygon":true},"geometry":{"type":"Point","coordinates":[-82.15809531826129,33.569663]}},{"type":"Feature","properties":{"id":"2020-1","county_nam":"Columbia","county_norm":"COLUMBIA","prec_id":"064","precinct_name":"Columbia - 064","precinct_norm":"COLUMBIA - 064","precinct_full_name":"Grace Baptist Church","has_polygon":true},"geometry":{"type":"Point","coordinates":[-82.1626633646789,33.5835375]}},{"type":"Feature","properties":{"id":"2020-2","county_nam":"Columbia","county_norm":"COLUMBIA","prec_id":"061","precinct_name":"Columbia - 061","precinct_norm":"COLUMBIA - 061","precinct_full_name":"Greenbrier High","has_polygon":true},"geometry":{"type":"Point","coordinates":[-82.19266137921446,33.585432499999996]}},{"type":"Feature","properties":{"id":"2020-3","county_nam":"Columbia","county_norm":"COLUMBIA","prec_id":"063","precinct_name":"Columbia - 063","precinct_norm":"COLUMBIA - 063","precinct_full_name":"Riverview Church","has_polygon":true},"geometry":{"type":"Point","coordinates":[-82.14417626270054,33.585676500000005]}},{"type":"Feature","properties":{"id":"2020-4","county_nam":"Columbia","county_norm":"COLUMBIA","prec_id":"132","precinct_name":"Columbia - 132","precinct_norm":"COLUMBIA - 132","precinct_full_name":"Wesley Methodist Church","has_polygon":true},"geometry":{"type":"Point","coordinates":[-82.12619047444751,33.5630425]}},{"type":"Feature","properties":{"id":"2020-5","county_nam":"Columbia","county_norm":"COLUMBIA","prec_id":"135","precinct_name":"Columbia - 135","precinct_norm":"COLUMBIA - 135","precinct_full_name":"Christ Church, Presbyterian, PCA","has_polygon":true},"geometry":{"type":"Point","coordinates":[-82.10379604686075,33.5813915]}},{"type":"Feature","properties":{"id":"2020-6","county_nam":"Columbia","county_norm":"COLUMBIA","prec_id":"107","precinct_name":"Columbia - 107","precinct_norm":"COLUMBIA - 107","precinct_full_name":"Gospel Water Branch Baptist Church","has_polygon":true},"geometry":{"type":"Point","coordinates":[-82.07968140636476,33.564134]}},{"type":"Feature","properties":{"id":"2020-7","county_nam":"Columbia","county_norm":"COLUMBIA","prec_id":"040","precinct_name":"Columbia - 040","precinct_norm":"COLUMBIA - 040","precinct_full_name":"Eubank/Blanchard Center","has_polygon":true},"geometry":{"type":"Point","coordinates":[-82.38152117048976,33.616393]}},{"type":"Feature","properties":{"id":"2020-8","county_nam":"Lincoln","county_norm":"LINCOLN","prec_id":"3-B","precinct_name":"Lincoln - 3-B","precinct_norm":"LINCOLN - 3-B","precinct_full_name":"Tabernacle","has_polygon":true},"geometry":{"type":"Point","coordinates":[-82.4024497809091,33.719199]}},{"type":"Feature","properties":{"id":"2020-9","county_nam":"Lincoln","county_norm":"LINCOLN","prec_id":"4-B","precinct_name":"Lincoln - 4-B","precinct_norm":"LINCOLN - 4-B","precinct_full_name":"Martins Crossroad","has_polygon":true},"geometry":{"type":"Point","coordinates":[-82.32787243356839,33.759378999999996]}},{"type":"Feature","properties":{"id":"2020-10","county_nam":"Lincoln","county_norm":"LINCOLN","prec_id":"1-A","precinct_name":"Lincoln - 1-A","precinct_norm":"LINCOLN - 1-A","precinct_full_name":"Midway","has_polygon":true},"geometry":{"type":"Point","coordinates":[-82.5432637396473,33.892582]}},{"type":"Feature","properties":{"id":"2020-11","county_nam":"Mcduffie","county_norm":"MCDUFFIE","prec_id":"132","precinct_name":"Mcduffie - 132","precinct_norm":"MCDUFFIE - 132","precinct_full_name":"132","has_polygon":true},"geometry":{"type":"Point","coordinates":[-82.52929812166619,33.579221000000004]}},{"type":"Feature","properties":{"id":"2020-12","county_nam":"Lincoln","county_norm":"LINCOLN","prec_id":"1-B","precinct_name":"Lincoln - 1-B","precinct_norm":"LINCOLN - 1-B","precinct_full_name":"Lincoln Club House","has_polygon":true},"geometry":{"type":"Point","coordinates":[-82.53377025995474,33.8005395]}},{"type":"Feature","properties":{"id":"2020-13","county_nam":"Lincoln","county_norm":"LINCOLN","prec_id":"2","precinct_name":"Lincoln - 2","precinct_norm":"LINCOLN - 2","precinct_full_name":"Lincoln Center","has_polygon":true},"geometry":{"type":"Point","coordinates":[-82.50520802984659,33.723811999999995]}},{"type":"Feature","properties":{"id":"2020-14","county_nam":"Lincoln","county_norm":"LINCOLN","prec_id":"3-A","precinct_name":"Lincoln - 3-A","precinct_norm":"LINCOLN - 3-A","precinct_full_name":"Faith Temple Of Linc","has_polygon":true},"geometry":{"type":"Point","coordinates":[-82.45197843824123,33.697238]}},{"type":"Feature","properties":{"id":"2020-15","county_nam":"Rabun","county_norm":"RABUN","prec_id":"RABUN","precinct_name":"Rabun - RABUN","precinct_norm":"RABUN - RABUN","precinct_full_name":"Rabun County","has_polygon":true},"geometry":{"type":"Point","coordinates":[-83.4531095290098,34.858312999999995]}},{"type":"Feature","properties":{"id":"2020-16","county_nam":"Taliaferro","county_norm":"TALIAFERRO","prec_id":"172","precinct_name":"Taliaferro - 172","precinct_norm":"TALIAFERRO - 172","precinct_full_name":"Sharon","has_polygon":true},"geometry":{"type":"Point","coordinates":[-82.78385381331907,33.567859]}},{"type":"Feature","properties":{"id":"2020-17","county_nam":"Greene","county_norm":"GREENE","prec_id":"004","precinct_name":"Greene - 004","precinct_norm":"GREENE - 004","precinct_full_name":"Union Point","has_polygon":true},"geometry":{"type":"Point","coordinates":[-83.03954220969746,33.6455665]}},{"type":"Feature","properties":{"id":"2020-18","county_nam":"Taliaferro","county_norm":"TALIAFERRO","prec_id":"601","precinct_name":"Taliaferro - 601","precinct_norm":"TALIAFERRO - 601","precinct_full_name":"Crawfordville","has_polygon":true},"geometry":{"type":"Point","coordinates":[-82.9131610148043,33.5857145]}},{"type":"Feature","properties":{"id":"2020-19","county_nam":"Greene","county_norm":"GREENE","prec_id":"001","precinct_name":"Greene - 001","precinct_norm":"GREENE - 001","precinct_full_name":"Greensboro","has_polygon":true},"geometry":{"type":"Point","coordinates":[-83.2418819091227,33.6480775]}},{"type":"Feature","properties":{"id":"2020-20","county_nam":"Oconee","county_norm":"OCONEE","prec_id":"03","precinct_name":"Oconee - 03","precinct_norm":"OCONEE - 03","precinct_full_name":"Antioch","has_polygon":true},"geometry":{"type":"Point","coordinates":[-83.33926803634752,33.7676375]}},{"type":"Feature","properties":{"id":"2020-21","county_nam":"Oconee","county_norm":"OCONEE","prec_id":"02","precinct_name":"Oconee - 02","precinct_norm":"OCONEE - 02","precinct_full_name":"Colham Ferry","has_polygon":true},"geometry":{"type":"Point","coordinates":[-83.33353064234447,33.840743]}},{"type":"Feature","properties":{"id":"2020-22","county_nam":"Clarke","county_norm":"CLARKE","prec_id":"1C","precinct_name":"Clarke - 1C","precinct_norm":"CLARKE - 1C","precinct_full_name":"Barnett Shls School","has_polygon":true},"geometry":{"type":"Point","coordinates":[-83.33790255235334,33.8832685]}},{"type":"Feature","properties":{"id":"2020-23","county_nam":"Banks","county_norm":"BANKS","prec_id":"0009","precinct_name":"Banks - 0009","precinct_norm":"BANKS - 0009","precinct_full_name":"Hollingsworth","has_polygon":true},"geometry":{"type":"Point","coordinates":[-83.49319890945455,34.431961]}},{"type":"Feature","properties":{"id":"2020-24","county_nam":"Banks","county_norm":"BANKS","prec_id":"0012","precinct_name":"Banks - 0012","precinct_norm":"BANKS - 0012","precinct_full_name":"Washington","has_polygon":true},"geometry":{"type":"Point","coordinates":[-83.43218013269065,34.4078765]}},{"type":"Feature","properties":{"id":"2020-25","county_nam":"Banks","county_norm":"BANKS","prec_id":"0005","precinct_name":"Banks - 0005","precinct_norm":"BANKS - 0005","precinct_full_name":"Columbia","has_polygon":true},"geometry":{"type":"Point","coordinates":[-83.42674322252799,34.4533455]}},{"type":"Feature","properties":{"id":"2020-26","county_nam":"Banks","county_norm":"BANKS","prec_id":"0013","precinct_name":"Banks - 0013","precinct_norm":"BANKS - 0013","precinct_full_name":"Wilmonts","has_polygon":true},"geometry":{"type":"Point","coordinates":[-83.42033476868926,34.355981]}},{"type":"Feature","properties":{"id":"2020-27","county_nam":"Morgan","county_norm":"MORGAN","prec_id":"02","precinct_name":"Morgan - 02","precinct_norm":"MORGAN - 02","precinct_full_name":"East Morgan","has_polygon":true},"geometry":{"type":"Point","coordinates":[-83.32581680477949,33.551079]}},{"type":"Feature","properties":{"id":"2020-28","county_nam":"Morgan","county_norm":"MORGAN","prec_id":"06","precinct_name":"Morgan - 06","precinct_norm":"MORGAN - 06","precinct_full_name":"West Morgan","has_polygon":true},"geometry":{"type":"Point","coordinates":[-83.6167171774862,33.578785499999995]}},{"type":"Feature","properties":{"id":"2020-29","county_nam":"Walton","county_norm":"WALTON","prec_id":"559","precinct_name":"Walton - 559","precinct_norm":"WALTON - 559","precinct_full_name":"Good Hope","has_polygon":true},"geometry":{"type":"Point","coordinates":[-83.59019147735849,33.7871265]}},{"type":"Feature","properties":{"id":"2020-30","county_nam":"Morgan","county_norm":"MORGAN","prec_id":"07","precinct_name":"Morgan - 07","precinct_norm":"MORGAN - 07","precinct_full_name":"North Morgan","has_polygon":true},"geometry":{"type":"Point","coordinates":[-83.5122165747103,33.720237499999996]}},{"type":"Feature","properties":{"id":"2020-31","county_nam":"Newton","county_norm":"NEWTON","prec_id":"04","precinct_name":"Newton - 04","precinct_norm":"NEWTON - 04","precinct_full_name":"Alcovy","has_polygon":true},"geometry":{"type":"Point","coordinates":[-83.81669316687407,33.607807]}},{"type":"Feature","properties":{"id":"2020-32","county_nam":"Newton","county_norm":"NEWTON","prec_id":"07","precinct_name":"Newton - 07","precinct_norm":"NEWTON - 07","precinct_full_name":"Brick Store","has_polygon":true},"geometry":{"type":"Point","coordinates":[-83.78112139683441,33.573932]}},{"type":"Feature","properties":{"id":"2020-33","county_nam":"Union","county_norm":"UNION","prec_id":"4","precinct_name":"Union - 4","precinct_norm":"UNION - 4","precinct_full_name":"Ivy Log","has_polygon":true},"geometry":{"type":"Point","coordinates":[-84.0485864232783,34.9495705]}},{"type":"Feature","properties":{"id":"2020-34","county_nam":"Union","county_norm":"UNION","prec_id":"8","precinct_name":"Union - 8","precinct_norm":"UNION - 8","precinct_full_name":"Gumlog","has_polygon":true},"geometry":{"type":"Point","coordinates":[-83.97255345238096,34.940551]}},{"type":"Feature","properties":{"id":"2020-35","county_nam":"Union","county_norm":"UNION","prec_id":"1","precinct_name":"Union - 1","precinct_norm":"UNION - 1","precinct_full_name":"Blairsville","has_polygon":true},"geometry":{"type":"Point","coordinates":[-83.93290473750525,34.8869665]}},{"type":"Feature","properties":{"id":"2020-36","county_nam":"Newton","county_norm":"NEWTON","prec_id":"05","precinct_name":"Newton - 05","precinct_norm":"NEWTON - 05","precinct_full_name":"Covington Mills","has_polygon":true},"geometry":{"type":"Point","coordinates":[-83.85733587489847,33.561959]}},{"type":"Feature","properties":{"id":"2020-37","county_nam":"Fulton","county_norm":"FULTON","prec_id":"FA01B","precinct_name":"Fulton - FA01B","precinct_norm":"FULTON - FA01B","precinct_full_name":"First Baptist Church Of Fairburn","has_polygon":true},"geometry":{"type":"Point","coordinates":[-84.58751812443856,33.5472155]}},{"type":"Feature","properties":{"id":"2020-38","county_nam":"Fayette","county_norm":"FAYETTE","prec_id":"10","precinct_name":"Fayette - 10","precinct_norm":"FAYETTE - 10","precinct_full_name":"Sandy Creek","has_polygon":true},"geometry":{"type":"Point","coordinates":[-84.56444356579577,33.497318500000006]}},{"type":"Feature","properties":{"id":"2020-39","county_nam":"Fulton","county_norm":"FULTON","prec_id":"SC07C","precinct_name":"Fulton - SC07C","precinct_norm":"FULTON - SC07C","precinct_full_name":"Oakley Elementary","has_polygon":true},"geometry":{"type":"Point","coordinates":[-84.56764062320426,33.5540455]}},{"type":"Feature","properties":{"id":"2020-40","county_nam":"Newton","county_norm":"NEWTON","prec_id":"13","precinct_name":"Newton - 13","precinct_norm":"NEWTON - 13","precinct_full_name":"Beaverdam","has_polygon":true},"geometry":{"type":"Point","coordinates":[-83.92693740087051,33.576383]}},{"type":"Feature","properties":{"id":"2020-41","county_nam":"Newton","county_norm":"NEWTON","prec_id":"24","precinct_name":"Newton - 24","precinct_norm":"NEWTON - 24","precinct_full_name":"Crowell","has_polygon":true},"geometry":{"type":"Point","coordinates":[-83.9153773109143,33.593538]}},{"type":"Feature","properties":{"id":"2020-42","county_nam":"Newton","county_norm":"NEWTON","prec_id":"08","precinct_name":"Newton - 08","precinct_norm":"NEWTON - 08","precinct_full_name":"Cedar Shoals","has_polygon":true},"geometry":{"type":"Point","coordinates":[-83.89393893664058,33.579525000000004]}},{"type":"Feature","properties":{"id":"2020-43","county_nam":"Newton","county_norm":"NEWTON","prec_id":"03","precinct_name":"Newton - 03","precinct_norm":"NEWTON - 03","precinct_full_name":"Almon","has_polygon":true},"geometry":{"type":"Point","coordinates":[-83.91540263484745,33.620962500000005]}},{"type":"Feature","properties":{"id":"2020-44","county_nam":"Newton","county_norm":"NEWTON","prec_id":"19","precinct_name":"Newton - 19","precinct_norm":"NEWTON - 19","precinct_full_name":"Buck Creek","has_polygon":true},"geometry":{"type":"Point","coordinates":[-83.96496285733767,33.559107]}},{"type":"Feature","properties":{"id":"2020-45","county_nam":"Newton","county_norm":"NEWTON","prec_id":"20","precinct_name":"Newton - 20","precinct_norm":"NEWTON - 20","precinct_full_name":"Stansells","has_polygon":true},"geometry":{"type":"Point","coordinates":[-83.97929614486378,33.584464]}},{"type":"Feature","properties":{"id":"2020-46","county_nam":"Rockdale","county_norm":"ROCKDALE","prec_id":"FI","precinct_name":"Rockdale - FI","precinct_norm":"ROCKDALE - FI","precinct_full_name":"Fieldstone","has_polygon":true},"geometry":{"type":"Point","coordinates":[-83.98525013973797,33.611634499999994]}},{"type":"Feature","properties":{"id":"2020-47","county_nam":"Newton","county_norm":"NEWTON","prec_id":"23","precinct_name":"Newton - 23","precinct_norm":"NEWTON - 23","precinct_full_name":"Fairview","has_polygon":true},"geometry":{"type":"Point","coordinates":[-83.95894823788568,33.612458000000004]}},{"type":"Feature","properties":{"id":"2020-48","county_nam":"Rockdale","county_norm":"ROCKDALE","prec_id":"FS","precinct_name":"Rockdale - FS","precinct_norm":"ROCKDALE - FS","precinct_full_name":"Flat Shoals","has_polygon":true},"geometry":{"type":"Point","coordinates":[-83.99627782520325,33.632548]}},{"type":"Feature","properties":{"id":"2020-49","county_nam":"Fulton","county_norm":"FULTON","prec_id":"PA01","precinct_name":"Fulton - PA01","precinct_norm":"FULTON - PA01","precinct_full_name":"Palmetto Library","has_polygon":true},"geometry":{"type":"Point","coordinates":[-84.65667060166533,33.53866]}},{"type":"Feature","properties":{"id":"2020-50","county_nam":"Fulton","county_norm":"FULTON","prec_id":"FA01D","precinct_name":"Fulton - FA01D","precinct_norm":"FULTON - FA01D","precinct_full_name":"FA01D","has_polygon":true},"geometry":{"type":"Point","coordinates":[-84.61194706105877,33.5256415]}},{"type":"Feature","properties":{"id":"2020-51","county_nam":"Fayette","county_norm":"FAYETTE","prec_id":"31","precinct_name":"Fayette - 31","precinct_norm":"FAYETTE - 31","precinct_full_name":"Fielding Ridge","has_polygon":true},"geometry":{"type":"Point","coordinates":[-84.59588242761262,33.4294535]}},{"type":"Feature","properties":{"id":"2020-52","county_nam":"Fayette","county_norm":"FAYETTE","prec_id":"16","precinct_name":"Fayette - 16","precinct_norm":"FAYETTE - 16","precinct_full_name":"Mcintosh","has_polygon":true},"geometry":{"type":"Point","coordinates":[-84.5727359345814,33.4294535]}},{"type":"Feature","properties":{"id":"2020-53","county_nam":"Gwinnett","county_norm":"GWINNETT","prec_id":"002","precinct_name":"Gwinnett - 002","precinct_norm":"GWINNETT - 002","precinct_full_name":"Rockbridge A","has_polygon":true},"geometry":{"type":"Point","coordinates":[-84.03900474173152,33.7911105]}},{"type":"Feature","properties":{"id":"2020-54","county_nam":"Gwinnett","county_norm":"GWINNETT","prec_id":"075","precinct_name":"Gwinnett - 075","precinct_norm":"GWINNETT - 075","precinct_full_name":"Rockbridge C","has_polygon":true},"geometry":{"type":"Point","coordinates":[-84.06240496333132,33.8185745]}},{"type":"Feature","properties":{"id":"2020-55","county_nam":"Rockdale","county_norm":"ROCKDALE","prec_id":"MA","precinct_name":"Rockdale - MA","precinct_norm":"ROCKDALE - MA","precinct_full_name":"Magnet","has_polygon":true},"geometry":{"type":"Point","coordinates":[-84.00880311087354,33.5720015]}},{"type":"Feature","properties":{"id":"2020-56","county_nam":"Rockdale","county_norm":"ROCKDALE","prec_id":"SP","precinct_name":"Rockdale - SP","precinct_norm":"ROCKDALE - SP","precinct_full_name":"St. Pius","has_polygon":true},"geometry":{"type":"Point","coordinates":[-84.01453580397728,33.61835]}},{"type":"Feature","properties":{"id":"2020-57","county_nam":"Rockdale","county_norm":"ROCKDALE","prec_id":"ST","precinct_name":"Rockdale - ST","precinct_norm":"ROCKDALE - ST","precinct_full_name":"Stanton","has_polygon":true},"geometry":{"type":"Point","coordinates":[-84.0611687435443,33.601315]}},{"type":"Feature","properties":{"id":"2020-58","county_nam":"Rockdale","county_norm":"ROCKDALE","prec_id":"BA","precinct_name":"Rockdale - BA","precinct_norm":"ROCKDALE - BA","precinct_full_name":"Barksdale","has_polygon":true},"geometry":{"type":"Point","coordinates":[-84.05815899667924,33.554901]}},{"type":"Feature","properties":{"id":"2020-59","county_nam":"Rockdale","county_norm":"ROCKDALE","prec_id":"HC","precinct_name":"Rockdale - HC","precinct_norm":"ROCKDALE - HC","precinct_full_name":"Honey Creek","has_polygon":true},"geometry":{"type":"Point","coordinates":[-84.02895421594837,33.590676]}},{"type":"Feature","properties":{"id":"2020-60","county_nam":"Rockdale","county_norm":"ROCKDALE","prec_id":"SM","precinct_name":"Rockdale - SM","precinct_norm":"ROCKDALE - SM","precinct_full_name":"Smyrna","has_polygon":true},"geometry":{"type":"Point","coordinates":[-84.06467483786078,33.627303]}},{"type":"Feature","properties":{"id":"2020-61","county_nam":"Rockdale","county_norm":"ROCKDALE","prec_id":"RO","precinct_name":"Rockdale - RO","precinct_norm":"ROCKDALE - RO","precinct_full_name":"Rockdale","has_polygon":true},"geometry":{"type":"Point","coordinates":[-84.06324706656184,33.668268999999995]}},{"type":"Feature","properties":{"id":"2020-62","county_nam":"Gwinnett","county_norm":"GWINNETT","prec_id":"111","precinct_name":"Gwinnett - 111","precinct_norm":"GWINNETT - 111","precinct_full_name":"Duluth H","has_polygon":true},"geometry":{"type":"Point","coordinates":[-84.1707675834393,34.015564499999996]}},{"type":"Feature","properties":{"id":"2020-63","county_nam":"Fulton","county_norm":"FULTON","prec_id":"JC02","precinct_name":"Fulton - JC02","precinct_norm":"FULTON - JC02","precinct_full_name":"Northview High School","has_polygon":true},"geometry":{"type":"Point","coordinates":[-84.16783042117527,34.053877]}},{"type":"Feature","properties":{"id":"2020-64","county_nam":"Forsyth","county_norm":"FORSYTH","prec_id":"35","precinct_name":"Forsyth - 35","precinct_norm":"FORSYTH - 35","precinct_full_name":"Johns Creek","has_polygon":true},"geometry":{"type":"Point","coordinates":[-84.15513314340978,34.075261499999996]}},{"type":"Feature","properties":{"id":"2020-65","county_nam":"Henry","county_norm":"HENRY","prec_id":"43","precinct_name":"Henry - 43","precinct_norm":"HENRY - 43","precinct_full_name":"Pleasant Grove","has_polygon":true},"geometry":{"type":"Point","coordinates":[-84.132514848042,33.5553755]}},{"type":"Feature","properties":{"id":"2020-66","county_nam":"Rockdale","county_norm":"ROCKDALE","prec_id":"LO","precinct_name":"Rockdale - LO","precinct_norm":"ROCKDALE - LO","precinct_full_name":"Lorraine","has_polygon":true},"geometry":{"type":"Point","coordinates":[-84.11488475315565,33.598923]}},{"type":"Feature","properties":{"id":"2020-67","county_nam":"Dekalb","county_norm":"DEKALB","prec_id":"FG","precinct_name":"Dekalb - FG","precinct_norm":"DEKALB - FG","precinct_full_name":"Flat Rock Elementary","has_polygon":true},"geometry":{"type":"Point","coordinates":[-84.1450528263903,33.649338]}},{"type":"Feature","properties":{"id":"2020-68","county_nam":"Dekalb","county_norm":"DEKALB","prec_id":"CF","precinct_name":"Dekalb - CF","precinct_norm":"DEKALB - CF","precinct_full_name":"Candler-Murphey Candler Elementary","has_polygon":true},"geometry":{"type":"Point","coordinates":[-84.11703406521738,33.648063]}},{"type":"Feature","properties":{"id":"2020-69","county_nam":"Clayton","county_norm":"CLAYTON","prec_id":"LJ2","precinct_name":"Clayton - LJ2","precinct_norm":"CLAYTON - LJ2","precinct_full_name":"Lovejoy 2","has_polygon":true},"geometry":{"type":"Point","coordinates":[-84.31850311286186,33.4629135]}},{"type":"Feature","properties":{"id":"2020-70","county_nam":"Clayton","county_norm":"CLAYTON","prec_id":"LJ7","precinct_name":"Clayton - LJ7","precinct_norm":"CLAYTON - LJ7","precinct_full_name":"Lovejoy 7","has_polygon":true},"geometry":{"type":"Point","coordinates":[-84.30873373180845,33.444184]}},{"type":"Feature","properties":{"id":"2020-71","county_nam":"Clayton","county_norm":"CLAYTON","prec_id":"JB05","precinct_name":"Clayton - JB05","precinct_norm":"CLAYTON - JB05","precinct_full_name":"Jonesboro 5","has_polygon":true},"geometry":{"type":"Point","coordinates":[-84.33869980833012,33.5076405]}},{"type":"Feature","properties":{"id":"2020-72","county_nam":"Clayton","county_norm":"CLAYTON","prec_id":"JB14","precinct_name":"Clayton - JB14","precinct_norm":"CLAYTON - JB14","precinct_full_name":"Jonesboro 14","has_polygon":true},"geometry":{"type":"Point","coordinates":[-84.306466393088,33.506665999999996]}},{"type":"Feature","properties":{"id":"2020-73","county_nam":"Clayton","county_norm":"CLAYTON","prec_id":"JB18","precinct_name":"Clayton - JB18","precinct_norm":"CLAYTON - JB18","precinct_full_name":"Jonesboro 18","has_polygon":true},"geometry":{"type":"Point","coordinates":[-84.339639737086,33.552291]}},{"type":"Feature","properties":{"id":"2020-74","county_nam":"Clayton","county_norm":"CLAYTON","prec_id":"JB11","precinct_name":"Clayton - JB11","precinct_norm":"CLAYTON - JB11","precinct_full_name":"Jonesboro 11","has_polygon":true},"geometry":{"type":"Point","coordinates":[-84.3194195216077,33.5362005]}},{"type":"Feature","properties":{"id":"2020-75","county_nam":"Clayton","county_norm":"CLAYTON","prec_id":"JB07","precinct_name":"Clayton - JB07","precinct_norm":"CLAYTON - JB07","precinct_full_name":"Jonesboro 7","has_polygon":true},"geometry":{"type":"Point","coordinates":[-84.31760169248088,33.5501955]}},{"type":"Feature","properties":{"id":"2020-76","county_nam":"Clayton","county_norm":"CLAYTON","prec_id":"JB06","precinct_name":"Clayton - JB06","precinct_norm":"CLAYTON - JB06","precinct_full_name":"Jonesboro 6","has_polygon":true},"geometry":{"type":"Point","coordinates":[-84.29933009562956,33.524202]}},{"type":"Feature","properties":{"id":"2020-77","county_nam":"Spalding","county_norm":"SPALDING","prec_id":"14","precinct_name":"Spalding - 14","precinct_norm":"SPALDING - 14","precinct_full_name":"Sunny Side Methodist Church","has_polygon":true},"geometry":{"type":"Point","coordinates":[-84.27794883219758,33.3239935]}},{"type":"Feature","properties":{"id":"2020-78","county_nam":"Spalding","county_norm":"SPALDING","prec_id":"21","precinct_name":"Spalding - 21","precinct_norm":"SPALDING - 21","precinct_full_name":"Eagles Landing Baptist Church","has_polygon":true},"geometry":{"type":"Point","coordinates":[-84.19301873197969,33.309033]}},{"type":"Feature","properties":{"id":"2020-79","county_nam":"Henry","county_norm":"HENRY","prec_id":"46","precinct_name":"Henry - 46","precinct_norm":"HENRY - 46","precinct_full_name":"Shakerag","has_polygon":true},"geometry":{"type":"Point","coordinates":[-84.2498598943299,33.6238705]}},{"type":"Feature","properties":{"id":"2020-80","county_nam":"Dekalb","county_norm":"DEKALB","prec_id":"OV","precinct_name":"Dekalb - OV","precinct_norm":"DEKALB - OV","precinct_full_name":"Oak View Elementary","has_polygon":true},"geometry":{"type":"Point","coordinates":[-84.2627864466322,33.675675]}},{"type":"Feature","properties":{"id":"2020-81","county_nam":"Dekalb","county_norm":"DEKALB","prec_id":"HH","precinct_name":"Dekalb - HH","precinct_norm":"DEKALB - HH","precinct_full_name":"Narvie J Harris Elementary","has_polygon":true},"geometry":{"type":"Point","coordinates":[-84.25285253871584,33.663885]}},{"type":"Feature","properties":{"id":"2020-82","county_nam":"Dekalb","county_norm":"DEKALB","prec_id":"FK","precinct_name":"Dekalb - FK","precinct_norm":"DEKALB - FK","precinct_full_name":"Flakes Mill","has_polygon":true},"geometry":{"type":"Point","coordinates":[-84.23819826067225,33.645355499999994]}},{"type":"Feature","properties":{"id":"2020-83","county_nam":"Dekalb","county_norm":"DEKALB","prec_id":"FE","precinct_name":"Dekalb - FE","precinct_norm":"DEKALB - FE","precinct_full_name":"Flat Shoals Parkway","has_polygon":true},"geometry":{"type":"Point","coordinates":[-84.23014210197368,33.6710665]}},{"type":"Feature","properties":{"id":"2020-84","county_nam":"Dekalb","county_norm":"DEKALB","prec_id":"CG","precinct_name":"Dekalb - CG","precinct_norm":"DEKALB - CG","precinct_full_name":"Chapel Hill Elementary","has_polygon":true},"geometry":{"type":"Point","coordinates":[-84.21806655797715,33.676414]}},{"type":"Feature","properties":{"id":"2020-85","county_nam":"Henry","county_norm":"HENRY","prec_id":"45","precinct_name":"Henry - 45","precinct_norm":"HENRY - 45","precinct_full_name":"Swan Lake","has_polygon":true},"geometry":{"type":"Point","coordinates":[-84.18684912451114,33.5753335]}},{"type":"Feature","properties":{"id":"2020-86","county_nam":"Clayton","county_norm":"CLAYTON","prec_id":"JB08","precinct_name":"Clayton - JB08","precinct_norm":"CLAYTON - JB08","precinct_full_name":"Jonesboro 8","has_polygon":true},"geometry":{"type":"Point","coordinates":[-84.28110107110786,33.559119]}},{"type":"Feature","properties":{"id":"2020-87","county_nam":"Clayton","county_norm":"CLAYTON","prec_id":"MO8","precinct_name":"Clayton - MO8","precinct_norm":"CLAYTON - MO8","precinct_full_name":"Morrow 8","has_polygon":true},"geometry":{"type":"Point","coordinates":[-84.27772372203273,33.568552]}},{"type":"Feature","properties":{"id":"2020-88","county_nam":"Clayton","county_norm":"CLAYTON","prec_id":"MO5","precinct_name":"Clayton - MO5","precinct_norm":"CLAYTON - MO5","precinct_full_name":"Morrow 5","has_polygon":true},"geometry":{"type":"Point","coordinates":[-84.28142554154056,33.596577499999995]}},{"type":"Feature","properties":{"id":"2020-89","county_nam":"Clayton","county_norm":"CLAYTON","prec_id":"MO10","precinct_name":"Clayton - MO10","precinct_norm":"CLAYTON - MO10","precinct_full_name":"Morrow 10","has_polygon":true},"geometry":{"type":"Point","coordinates":[-84.2628586917451,33.591153000000006]}},{"type":"Feature","properties":{"id":"2020-90","county_nam":"Henry","county_norm":"HENRY","prec_id":"41","precinct_name":"Henry - 41","precinct_norm":"HENRY - 41","precinct_full_name":"Stagecoach","has_polygon":true},"geometry":{"type":"Point","coordinates":[-84.22314705802793,33.558004]}},{"type":"Feature","properties":{"id":"2020-91","county_nam":"Henry","county_norm":"HENRY","prec_id":"56","precinct_name":"Henry - 56","precinct_norm":"HENRY - 56","precinct_full_name":"Lighthouse","has_polygon":true},"geometry":{"type":"Point","coordinates":[-84.23710867997139,33.5892405]}},{"type":"Feature","properties":{"id":"2020-92","county_nam":"Clayton","county_norm":"CLAYTON","prec_id":"RD07","precinct_name":"Clayton - RD07","precinct_norm":"CLAYTON - RD07","precinct_full_name":"Riverdale 7","has_polygon":true},"geometry":{"type":"Point","coordinates":[-84.38790069819015,33.5803995]}},{"type":"Feature","properties":{"id":"2020-93","county_nam":"Clayton","county_norm":"CLAYTON","prec_id":"OAK5","precinct_name":"Clayton - OAK5","precinct_norm":"CLAYTON - OAK5","precinct_full_name":"OAK5","has_polygon":true},"geometry":{"type":"Point","coordinates":[-84.40607099191962,33.60034]}},{"type":"Feature","properties":{"id":"2020-94","county_nam":"Clayton","county_norm":"CLAYTON","prec_id":"FP3","precinct_name":"Clayton - FP3","precinct_norm":"CLAYTON - FP3","precinct_full_name":"Forest Park 3","has_polygon":true},"geometry":{"type":"Point","coordinates":[-84.38534375132349,33.6127005]}},{"type":"Feature","properties":{"id":"2020-95","county_nam":"Clayton","county_norm":"CLAYTON","prec_id":"RD06","precinct_name":"Clayton - RD06","precinct_norm":"CLAYTON - RD06","precinct_full_name":"Riverdale 6","has_polygon":true},"geometry":{"type":"Point","coordinates":[-84.37607569238423,33.570564000000005]}},{"type":"Feature","properties":{"id":"2020-96","county_nam":"Clayton","county_norm":"CLAYTON","prec_id":"JB15","precinct_name":"Clayton - JB15","precinct_norm":"CLAYTON - JB15","precinct_full_name":"Jonesboro 15","has_polygon":true},"geometry":{"type":"Point","coordinates":[-84.35137410645446,33.566463999999996]}},{"type":"Feature","properties":{"id":"2020-97","county_nam":"Clayton","county_norm":"CLAYTON","prec_id":"FP5","precinct_name":"Clayton - FP5","precinct_norm":"CLAYTON - FP5","precinct_full_name":"Forest Park 5","has_polygon":true},"geometry":{"type":"Point","coordinates":[-84.3761044483448,33.5932755]}},{"type":"Feature","properties":{"id":"2020-98","county_nam":"Clayton","county_norm":"CLAYTON","prec_id":"FP6","precinct_name":"Clayton - FP6","precinct_norm":"CLAYTON - FP6","precinct_full_name":"Forest Park 6","has_polygon":true},"geometry":{"type":"Point","coordinates":[-84.3516835871292,33.5884435]}},{"type":"Feature","properties":{"id":"2020-99","county_nam":"Pickens","county_norm":"PICKENS","prec_id":"11","precinct_name":"Pickens - 11","precinct_norm":"PICKENS - 11","precinct_full_name":"Appalachian","has_polygon":true},"geometry":{"type":"Point","coordinates":[-84.42368742654088,34.4976555]}},{"type":"Feature","properties":{"id":"2020-100","county_nam":"Gilmer","county_norm":"GILMER","prec_id":"11","precinct_name":"Gilmer - 11","precinct_norm":"GILMER - 11","precinct_full_name":"Yukon","has_polygon":true},"geometry":{"type":"Point","coordinates":[-84.46593037850681,34.58775]}},{"type":"Feature","properties":{"id":"2020-101","county_nam":"Clayton","county_norm":"CLAYTON","prec_id":"RD04","precinct_name":"Clayton - RD04","precinct_norm":"CLAYTON - RD04","precinct_full_name":"Riverdale 4","has_polygon":true},"geometry":{"type":"Point","coordinates":[-84.39874253934536,33.5682325]}},{"type":"Feature","properties":{"id":"2020-102","county_nam":"Clayton","county_norm":"CLAYTON","prec_id":"RD08","precinct_name":"Clayton - RD08","precinct_norm":"CLAYTON - RD08","precinct_full_name":"Riverdale 8","has_polygon":true},"geometry":{"type":"Point","coordinates":[-84.44088850279401,33.5666035]}},{"type":"Feature","properties":{"id":"2020-103","county_nam":"Clayton","county_norm":"CLAYTON","prec_id":"RD01","precinct_name":"Clayton - RD01","precinct_norm":"CLAYTON - RD01","precinct_full_name":"Riverdale 1","has_polygon":true},"geometry":{"type":"Point","coordinates":[-84.43991066922104,33.5786845]}},{"type":"Feature","properties":{"id":"2020-104","county_nam":"Clayton","county_norm":"CLAYTON","prec_id":"RD03","precinct_name":"Clayton - RD03","precinct_norm":"CLAYTON - RD03","precinct_full_name":"Riverdale 3","has_polygon":true},"geometry":{"type":"Point","coordinates":[-84.42332586291346,33.572923]}},{"type":"Feature","properties":{"id":"2020-105","county_nam":"Clayton","county_norm":"CLAYTON","prec_id":"OAK4","precinct_name":"Clayton - OAK4","precinct_norm":"CLAYTON - OAK4","precinct_full_name":"Oak 4","has_polygon":true},"geometry":{"type":"Point","coordinates":[-84.43786096964807,33.598119]}},{"type":"Feature","properties":{"id":"2020-106","county_nam":"Clayton","county_norm":"CLAYTON","prec_id":"OAK2","precinct_name":"Clayton - OAK2","precinct_norm":"CLAYTON - OAK2","precinct_full_name":"Oak 2","has_polygon":true},"geometry":{"type":"Point","coordinates":[-84.43527957017544,33.612860999999995]}},{"type":"Feature","properties":{"id":"2020-107","county_nam":"Clayton","county_norm":"CLAYTON","prec_id":"RD10","precinct_name":"Clayton - RD10","precinct_norm":"CLAYTON - RD10","precinct_full_name":"Riverdale 10","has_polygon":true},"geometry":{"type":"Point","coordinates":[-84.41611694559879,33.587844000000004]}},{"type":"Feature","properties":{"id":"2020-108","county_nam":"Clayton","county_norm":"CLAYTON","prec_id":"OAK3","precinct_name":"Clayton - OAK3","precinct_norm":"CLAYTON - OAK3","precinct_full_name":"Oak 3","has_polygon":true},"geometry":{"type":"Point","coordinates":[-84.42092841491596,33.607724000000005]}},{"type":"Feature","properties":{"id":"2020-109","county_nam":"Fulton","county_norm":"FULTON","prec_id":"CP06A","precinct_name":"Fulton - CP06A","precinct_norm":"FULTON - CP06A","precinct_full_name":"Camp Truitt Senior Center","has_polygon":true},"geometry":{"type":"Point","coordinates":[-84.46580943438914,33.627085]}},{"type":"Feature","properties":{"id":"2020-110","county_nam":"Fulton","county_norm":"FULTON","prec_id":"11J","precinct_name":"Fulton - 11J","precinct_norm":"FULTON - 11J","precinct_full_name":"Junction 2800","has_polygon":true},"geometry":{"type":"Point","coordinates":[-84.48969032682982,33.684373]}},{"type":"Feature","properties":{"id":"2020-111","county_nam":"Fulton","county_norm":"FULTON","prec_id":"EP03B","precinct_name":"Fulton - EP03B","precinct_norm":"FULTON - EP03B","precinct_full_name":"Woodland Middle School","has_polygon":true},"geometry":{"type":"Point","coordinates":[-84.47774919521854,33.667601000000005]}},{"type":"Feature","properties":{"id":"2020-112","county_nam":"Fulton","county_norm":"FULTON","prec_id":"SC23C","precinct_name":"Fulton - SC23C","precinct_norm":"FULTON - SC23C","precinct_full_name":"New Life Presbyterian Church, PCUSA","has_polygon":true},"geometry":{"type":"Point","coordinates":[-84.4744462960933,33.5598895]}},{"type":"Feature","properties":{"id":"2020-113","county_nam":"Fulton","county_norm":"FULTON","prec_id":"SC23A","precinct_name":"Fulton - SC23A","precinct_norm":"FULTON - SC23A","precinct_full_name":"New Life Presbyterian Church, PCUSA","has_polygon":true},"geometry":{"type":"Point","coordinates":[-84.46357101892937,33.5756235]}},{"type":"Feature","properties":{"id":"2020-114","county_nam":"Clayton","county_norm":"CLAYTON","prec_id":"RD11","precinct_name":"Clayton - RD11","precinct_norm":"CLAYTON - RD11","precinct_full_name":"Riverdale 11","has_polygon":true},"geometry":{"type":"Point","coordinates":[-84.45346524955255,33.576488]}},{"type":"Feature","properties":{"id":"2020-115","county_nam":"Fulton","county_norm":"FULTON","prec_id":"SC27","precinct_name":"Fulton - SC27","precinct_norm":"FULTON - SC27","precinct_full_name":"McNair Middle","has_polygon":true},"geometry":{"type":"Point","coordinates":[-84.46494398597432,33.6003915]}},{"type":"Feature","properties":{"id":"2020-116","county_nam":"Fulton","county_norm":"FULTON","prec_id":"CP083","precinct_name":"Fulton - CP083","precinct_norm":"FULTON - CP083","precinct_full_name":"Tracey Wyatt Community Center","has_polygon":true},"geometry":{"type":"Point","coordinates":[-84.46758054108884,33.61143]}},{"type":"Feature","properties":{"id":"2020-117","county_nam":"Fulton","county_norm":"FULTON","prec_id":"CP08A","precinct_name":"Fulton - CP08A","precinct_norm":"FULTON - CP08A","precinct_full_name":"Tracey Wyatt Community Center","has_polygon":true},"geometry":{"type":"Point","coordinates":[-84.46562322613065,33.617353]}},{"type":"Feature","properties":{"id":"2020-118","county_nam":"Fulton","county_norm":"FULTON","prec_id":"SC29A","precinct_name":"Fulton - SC29A","precinct_norm":"FULTON - SC29A","precinct_full_name":"Creel Park","has_polygon":true},"geometry":{"type":"Point","coordinates":[-84.49955771514576,33.570659500000005]}},{"type":"Feature","properties":{"id":"2020-119","county_nam":"Fulton","county_norm":"FULTON","prec_id":"SC23B","precinct_name":"Fulton - SC23B","precinct_norm":"FULTON - SC23B","precinct_full_name":"New Life Presbyterian Church, PCUSA","has_polygon":true},"geometry":{"type":"Point","coordinates":[-84.4953963408488,33.554967500000004]}},{"type":"Feature","properties":{"id":"2020-120","county_nam":"Fulton","county_norm":"FULTON","prec_id":"SC09B","precinct_name":"Fulton - SC09B","precinct_norm":"FULTON - SC09B","precinct_full_name":"Burdett Park Gym","has_polygon":true},"geometry":{"type":"Point","coordinates":[-84.49816990162103,33.5873345]}},{"type":"Feature","properties":{"id":"2020-121","county_nam":"Fulton","county_norm":"FULTON","prec_id":"SC11B","precinct_name":"Fulton - SC11B","precinct_norm":"FULTON - SC11B","precinct_full_name":"Creel Park","has_polygon":true},"geometry":{"type":"Point","coordinates":[-84.48652497681451,33.5722325]}},{"type":"Feature","properties":{"id":"2020-122","county_nam":"Fulton","county_norm":"FULTON","prec_id":"SC11A","precinct_name":"Fulton - SC11A","precinct_norm":"FULTON - SC11A","precinct_full_name":"Creel Park","has_polygon":true},"geometry":{"type":"Point","coordinates":[-84.47790314012273,33.580988500000004]}},{"type":"Feature","properties":{"id":"2020-123","county_nam":"Fulton","county_norm":"FULTON","prec_id":"CP084","precinct_name":"Fulton - CP084","precinct_norm":"FULTON - CP084","precinct_full_name":"Tracey Wyatt Community Center","has_polygon":true},"geometry":{"type":"Point","coordinates":[-84.50240107639425,33.6135575]}},{"type":"Feature","properties":{"id":"2020-124","county_nam":"Fulton","county_norm":"FULTON","prec_id":"SC08D","precinct_name":"Fulton - SC08D","precinct_norm":"FULTON - SC08D","precinct_full_name":"Gladys Dennard At South Fulton Library","has_polygon":true},"geometry":{"type":"Point","coordinates":[-84.49622958191188,33.601706]}},{"type":"Feature","properties":{"id":"2020-125","county_nam":"Fulton","county_norm":"FULTON","prec_id":"UC01B","precinct_name":"Fulton - UC01B","precinct_norm":"FULTON - UC01B","precinct_full_name":"Feldwood Elementary","has_polygon":true},"geometry":{"type":"Point","coordinates":[-84.48988608237681,33.6044055]}},{"type":"Feature","properties":{"id":"2020-126","county_nam":"Fulton","county_norm":"FULTON","prec_id":"SC09C","precinct_name":"Fulton - SC09C","precinct_norm":"FULTON - SC09C","precinct_full_name":"McNair Middle","has_polygon":true},"geometry":{"type":"Point","coordinates":[-84.47822896294565,33.589771]}},{"type":"Feature","properties":{"id":"2020-127","county_nam":"Fulton","county_norm":"FULTON","prec_id":"SC09A","precinct_name":"Fulton - SC09A","precinct_norm":"FULTON - SC09A","precinct_full_name":"Burdett Park Gym","has_polygon":true},"geometry":{"type":"Point","coordinates":[-84.47898806176677,33.5991465]}},{"type":"Feature","properties":{"id":"2020-128","county_nam":"Fulton","county_norm":"FULTON","prec_id":"UC031","precinct_name":"Fulton - UC031","precinct_norm":"FULTON - UC031","precinct_full_name":"Christian City Welcome Center","has_polygon":true},"geometry":{"type":"Point","coordinates":[-84.5197424621946,33.5673425]}},{"type":"Feature","properties":{"id":"2020-129","county_nam":"Fulton","county_norm":"FULTON","prec_id":"SC08E","precinct_name":"Fulton - SC08E","precinct_norm":"FULTON - SC08E","precinct_full_name":"Gladys Dennard At South Fulton Library","has_polygon":true},"geometry":{"type":"Point","coordinates":[-84.52338042810011,33.5817995]}},{"type":"Feature","properties":{"id":"2020-130","county_nam":"Fulton","county_norm":"FULTON","prec_id":"SC08H","precinct_name":"Fulton - SC08H","precinct_norm":"FULTON - SC08H","precinct_full_name":"Gladys Dennard At South Fulton Library","has_polygon":true},"geometry":{"type":"Point","coordinates":[-84.5366501974828,33.602754]}},{"type":"Feature","properties":{"id":"2020-131","county_nam":"Fulton","county_norm":"FULTON","prec_id":"UC01D","precinct_name":"Fulton - UC01D","precinct_norm":"FULTON - UC01D","precinct_full_name":"Feldwood Elementary","has_polygon":true},"geometry":{"type":"Point","coordinates":[-84.53660624612482,33.6109895]}},{"type":"Feature","properties":{"id":"2020-132","county_nam":"Fulton","county_norm":"FULTON","prec_id":"SC17B","precinct_name":"Fulton - SC17B","precinct_norm":"FULTON - SC17B","precinct_full_name":"Welcome All Recreation Center","has_polygon":true},"geometry":{"type":"Point","coordinates":[-84.53102832465477,33.6099525]}},{"type":"Feature","properties":{"id":"2020-133","county_nam":"Fulton","county_norm":"FULTON","prec_id":"SC08B","precinct_name":"Fulton - SC08B","precinct_norm":"FULTON - SC08B","precinct_full_name":"Gladys Dennard At South Fulton Library","has_polygon":true},"geometry":{"type":"Point","coordinates":[-84.51690564310546,33.59926]}},{"type":"Feature","properties":{"id":"2020-134","county_nam":"Fulton","county_norm":"FULTON","prec_id":"SC15","precinct_name":"Fulton - SC15","precinct_norm":"FULTON - SC15","precinct_full_name":"The Enon Church","has_polygon":true},"geometry":{"type":"Point","coordinates":[-84.61608718690835,33.670862]}},{"type":"Feature","properties":{"id":"2020-135","county_nam":"Fulton","county_norm":"FULTON","prec_id":"FA01A","precinct_name":"Fulton - FA01A","precinct_norm":"FULTON - FA01A","precinct_full_name":"Open Word Christian Ministries","has_polygon":true},"geometry":{"type":"Point","coordinates":[-84.57856991288922,33.571371]}},{"type":"Feature","properties":{"id":"2020-136","county_nam":"Fulton","county_norm":"FULTON","prec_id":"UC02A","precinct_name":"Fulton - UC02A","precinct_norm":"FULTON - UC02A","precinct_full_name":"Etris Community Center","has_polygon":true},"geometry":{"type":"Point","coordinates":[-84.61134673366229,33.608477]}},{"type":"Feature","properties":{"id":"2020-137","county_nam":"Troup","county_norm":"TROUP","prec_id":"15","precinct_name":"Troup - 15","precinct_norm":"TROUP - 15","precinct_full_name":"Highland","has_polygon":true},"geometry":{"type":"Point","coordinates":[-84.98498901851619,33.011050499999996]}},{"type":"Feature","properties":{"id":"2020-138","county_nam":"Heard","county_norm":"HEARD","prec_id":"SOU","precinct_name":"Heard - SOU","precinct_norm":"HEARD - SOU","precinct_full_name":"Southwest","has_polygon":true},"geometry":{"type":"Point","coordinates":[-85.21270990658363,33.214014000000006]}},{"type":"Feature","properties":{"id":"2020-139","county_nam":"Heard","county_norm":"HEARD","prec_id":"EPH","precinct_name":"Heard - EPH","precinct_norm":"HEARD - EPH","precinct_full_name":"Ephesus","has_polygon":true},"geometry":{"type":"Point","coordinates":[-85.22635305219558,33.3519745]}},{"type":"Feature","properties":{"id":"2020-140","county_nam":"Carroll","county_norm":"CARROLL","prec_id":"1111","precinct_name":"Carroll - 1111","precinct_norm":"CARROLL - 1111","precinct_full_name":"Bowdon","has_polygon":true},"geometry":{"type":"Point","coordinates":[-85.26724561477272,33.535483]}},{"type":"Feature","properties":{"id":"2020-141","county_nam":"Fulton","county_norm":"FULTON","prec_id":"SC07A","precinct_name":"Fulton - SC07A","precinct_norm":"FULTON - SC07A","precinct_full_name":"Creekside High School","has_polygon":true},"geometry":{"type":"Point","coordinates":[-84.63760054815872,33.5657585]}},{"type":"Feature","properties":{"id":"2020-142","county_nam":"Fulton","county_norm":"FULTON","prec_id":"SC04","precinct_name":"Fulton - SC04","precinct_norm":"FULTON - SC04","precinct_full_name":"Cedar Grove Church Of Christ","has_polygon":true},"geometry":{"type":"Point","coordinates":[-84.67556364703142,33.611588]}},{"type":"Feature","properties":{"id":"2020-143","county_nam":"Paulding","county_norm":"PAULDING","prec_id":"0011C","precinct_name":"Paulding - 0011C","precinct_norm":"PAULDING - 0011C","precinct_full_name":"Dianne Wright Innovation Center","has_polygon":true},"geometry":{"type":"Point","coordinates":[-84.82197735676213,33.8033715]}},{"type":"Feature","properties":{"id":"2020-144","county_nam":"Fulton","county_norm":"FULTON","prec_id":"CH03","precinct_name":"Fulton - CH03","precinct_norm":"FULTON - CH03","precinct_full_name":"Chattahoochee Hills City Hall","has_polygon":true},"geometry":{"type":"Point","coordinates":[-84.7471503550205,33.584162]}},{"type":"Feature","properties":{"id":"2020-145","county_nam":"Douglas","county_norm":"DOUGLAS","prec_id":"1272","precinct_name":"Douglas - 1272","precinct_norm":"DOUGLAS - 1272","precinct_full_name":"Prays Mill Gym","has_polygon":true},"geometry":{"type":"Point","coordinates":[-84.78819990113904,33.654613499999996]}},{"type":"Feature","properties":{"id":"2020-146","county_nam":"Fulton","county_norm":"FULTON","prec_id":"CH01","precinct_name":"Fulton - CH01","precinct_norm":"FULTON - CH01","precinct_full_name":"Chattahoochee Hills City Hall","has_polygon":true},"geometry":{"type":"Point","coordinates":[-84.6779904168063,33.556794499999995]}},{"type":"Feature","properties":{"id":"2020-147","county_nam":"Fulton","county_norm":"FULTON","prec_id":"CH02","precinct_name":"Fulton - CH02","precinct_norm":"FULTON - CH02","precinct_full_name":"Chattahoochee Hills City Hall","has_polygon":true},"geometry":{"type":"Point","coordinates":[-84.70302212646372,33.627030500000004]}},{"type":"Feature","properties":{"id":"2020-148","county_nam":"Douglas","county_norm":"DOUGLAS","prec_id":"736S","precinct_name":"Douglas - 736S","precinct_norm":"DOUGLAS - 736S","precinct_full_name":"Chapel Hill High School","has_polygon":true},"geometry":{"type":"Point","coordinates":[-84.71774391477274,33.6636585]}},{"type":"Feature","properties":{"id":"2020-149","county_nam":"Douglas","county_norm":"DOUGLAS","prec_id":"734","precinct_name":"Douglas - 734","precinct_norm":"DOUGLAS - 734","precinct_full_name":"Elizabeth Baptist Church","has_polygon":true},"geometry":{"type":"Point","coordinates":[-84.79079085783627,33.7089945]}},{"type":"Feature","properties":{"id":"2020-150","county_nam":"Douglas","county_norm":"DOUGLAS","prec_id":"735","precinct_name":"Douglas - 735","precinct_norm":"DOUGLAS - 735","precinct_full_name":"Dorsett Shoals","has_polygon":true},"geometry":{"type":"Point","coordinates":[-84.77494627711044,33.688933]}},{"type":"Feature","properties":{"id":"2020-151","county_nam":"Troup","county_norm":"TROUP","prec_id":"12","precinct_name":"Troup - 12","precinct_norm":"TROUP - 12","precinct_full_name":"Gardner Newman","has_polygon":true},"geometry":{"type":"Point","coordinates":[-84.9560277050557,33.056304]}},{"type":"Feature","properties":{"id":"2020-152","county_nam":"Heard","county_norm":"HEARD","prec_id":"COO","precinct_name":"Heard - COO","precinct_norm":"HEARD - COO","precinct_full_name":"Cooksville - Corinth","has_polygon":true},"geometry":{"type":"Point","coordinates":[-84.99732307231179,33.245308]}},{"type":"Feature","properties":{"id":"2020-153","county_nam":"Heard","county_norm":"HEARD","prec_id":"CEN","precinct_name":"Heard - CEN","precinct_norm":"HEARD - CEN","precinct_full_name":"Centralhatchee","has_polygon":true},"geometry":{"type":"Point","coordinates":[-85.10803713937185,33.3628785]}},{"type":"Feature","properties":{"id":"2020-154","county_nam":"Carroll","county_norm":"CARROLL","prec_id":"714BW","precinct_name":"Carroll - 714BW","precinct_norm":"CARROLL - 714BW","precinct_full_name":"Old Camp","has_polygon":true},"geometry":{"type":"Point","coordinates":[-85.13758425897089,33.536271]}},{"type":"Feature","properties":{"id":"2020-155","county_nam":"Carroll","county_norm":"CARROLL","prec_id":"713","precinct_name":"Carroll - 713","precinct_norm":"CARROLL - 713","precinct_full_name":"Roopville","has_polygon":true},"geometry":{"type":"Point","coordinates":[-85.08962278510998,33.470144000000005]}},{"type":"Feature","properties":{"id":"2020-156","county_nam":"Carroll","county_norm":"CARROLL","prec_id":"715","precinct_name":"Carroll - 715","precinct_norm":"CARROLL - 715","precinct_full_name":"Oak Grove","has_polygon":true},"geometry":{"type":"Point","coordinates":[-85.08622961161643,33.5283565]}},{"type":"Feature","properties":{"id":"2020-157","county_nam":"Heard","county_norm":"HEARD","prec_id":"ENO","precinct_name":"Heard - ENO","precinct_norm":"HEARD - ENO","precinct_full_name":"Enon Grove","has_polygon":true},"geometry":{"type":"Point","coordinates":[-85.02503106500691,33.353353]}},{"type":"Feature","properties":{"id":"2020-158","county_nam":"Coweta","county_norm":"COWETA","prec_id":"04","precinct_name":"Coweta - 04","precinct_norm":"COWETA - 04","precinct_full_name":"Dresden","has_polygon":true},"geometry":{"type":"Point","coordinates":[-84.94449260498592,33.334263]}},{"type":"Feature","properties":{"id":"2020-159","county_nam":"Carroll","county_norm":"CARROLL","prec_id":"1483","precinct_name":"Carroll - 1483","precinct_norm":"CARROLL - 1483","precinct_full_name":"Clem","has_polygon":true},"geometry":{"type":"Point","coordinates":[-85.00173169083406,33.515125499999996]}},{"type":"Feature","properties":{"id":"2020-160","county_nam":"Clay","county_norm":"CLAY","prec_id":"1","precinct_name":"Clay - 1","precinct_norm":"CLAY - 1","precinct_full_name":"Bluffton","has_polygon":true},"geometry":{"type":"Point","coordinates":[-84.89974551995647,31.577317]}},{"type":"Feature","properties":{"id":"2020-161","county_nam":"Randolph","county_norm":"RANDOLPH","prec_id":"131","precinct_name":"Randolph - 131","precinct_norm":"RANDOLPH - 131","precinct_full_name":"Coleman","has_polygon":true},"geometry":{"type":"Point","coordinates":[-84.88574779725715,31.6885895]}},{"type":"Feature","properties":{"id":"2020-162","county_nam":"Henry","county_norm":"HENRY","prec_id":"54","precinct_name":"Henry - 54","precinct_norm":"HENRY - 54","precinct_full_name":"Stockbridge Central-Merle Manders","has_polygon":true},"geometry":{"type":"Point","coordinates":[-84.25066766649653,33.5504385]}},{"type":"Feature","properties":{"id":"2020-163","county_nam":"Henry","county_norm":"HENRY","prec_id":"39","precinct_name":"Henry - 39","precinct_norm":"HENRY - 39","precinct_full_name":"Stockbridge East-West","has_polygon":true},"geometry":{"type":"Point","coordinates":[-84.22458852019003,33.525768]}},{"type":"Feature","properties":{"id":"2020-164","county_nam":"Henry","county_norm":"HENRY","prec_id":"34","precinct_name":"Henry - 34","precinct_norm":"HENRY - 34","precinct_full_name":"Wesley Lakes","has_polygon":true},"geometry":{"type":"Point","coordinates":[-84.18178826236203,33.456791]}},{"type":"Feature","properties":{"id":"2020-165","county_nam":"Henry","county_norm":"HENRY","prec_id":"28","precinct_name":"Henry - 28","precinct_norm":"HENRY - 28","precinct_full_name":"Westside","has_polygon":true},"geometry":{"type":"Point","coordinates":[-84.16725035297748,33.431484]}},{"type":"Feature","properties":{"id":"2020-166","county_nam":"Henry","county_norm":"HENRY","prec_id":"60","precinct_name":"Henry - 60","precinct_norm":"HENRY - 60","precinct_full_name":"Lake Haven","has_polygon":true},"geometry":{"type":"Point","coordinates":[-84.1783109556213,33.4783155]}},{"type":"Feature","properties":{"id":"2020-167","county_nam":"Henry","county_norm":"HENRY","prec_id":"53","precinct_name":"Henry - 53","precinct_norm":"HENRY - 53","precinct_full_name":"Flippen","has_polygon":true},"geometry":{"type":"Point","coordinates":[-84.20658418064971,33.503302000000005]}},{"type":"Feature","properties":{"id":"2020-168","county_nam":"Henry","county_norm":"HENRY","prec_id":"38","precinct_name":"Henry - 38","precinct_norm":"HENRY - 38","precinct_full_name":"Hickory Flat","has_polygon":true},"geometry":{"type":"Point","coordinates":[-84.16425466393443,33.504573]}},{"type":"Feature","properties":{"id":"2020-169","county_nam":"Henry","county_norm":"HENRY","prec_id":"42","precinct_name":"Henry - 42","precinct_norm":"HENRY - 42","precinct_full_name":"Cotton Indian","has_polygon":true},"geometry":{"type":"Point","coordinates":[-84.17089928877976,33.5395725]}},{"type":"Feature","properties":{"id":"2020-170","county_nam":"Fayette","county_norm":"FAYETTE","prec_id":"06","precinct_name":"Fayette - 06","precinct_norm":"FAYETTE - 06","precinct_full_name":"Flint","has_polygon":true},"geometry":{"type":"Point","coordinates":[-84.40354505719557,33.455258]}},{"type":"Feature","properties":{"id":"2020-171","county_nam":"Clayton","county_norm":"CLAYTON","prec_id":"PH1","precinct_name":"Clayton - PH1","precinct_norm":"CLAYTON - PH1","precinct_full_name":"Panhandle 1","has_polygon":true},"geometry":{"type":"Point","coordinates":[-84.394330828885,33.4284745]}},{"type":"Feature","properties":{"id":"2020-172","county_nam":"Clayton","county_norm":"CLAYTON","prec_id":"LJ3","precinct_name":"Clayton - LJ3","precinct_norm":"CLAYTON - LJ3","precinct_full_name":"Lovejoy 3","has_polygon":true},"geometry":{"type":"Point","coordinates":[-84.36339650107719,33.4447225]}},{"type":"Feature","properties":{"id":"2020-173","county_nam":"Clayton","county_norm":"CLAYTON","prec_id":"LJ4","precinct_name":"Clayton - LJ4","precinct_norm":"CLAYTON - LJ4","precinct_full_name":"Lovejoy 4","has_polygon":true},"geometry":{"type":"Point","coordinates":[-84.36101262524414,33.4606975]}},{"type":"Feature","properties":{"id":"2020-174","county_nam":"Clayton","county_norm":"CLAYTON","prec_id":"LJ5","precinct_name":"Clayton - LJ5","precinct_norm":"CLAYTON - LJ5","precinct_full_name":"Lovejoy 5","has_polygon":true},"geometry":{"type":"Point","coordinates":[-84.35802297873656,33.471125]}},{"type":"Feature","properties":{"id":"2020-175","county_nam":"Clayton","county_norm":"CLAYTON","prec_id":"JB19","precinct_name":"Clayton - JB19","precinct_norm":"CLAYTON - JB19","precinct_full_name":"Jonesboro 19","has_polygon":true},"geometry":{"type":"Point","coordinates":[-84.40447191436286,33.501263]}},{"type":"Feature","properties":{"id":"2020-176","county_nam":"Clayton","county_norm":"CLAYTON","prec_id":"JB17","precinct_name":"Clayton - JB17","precinct_norm":"CLAYTON - JB17","precinct_full_name":"Jonesboro 17","has_polygon":true},"geometry":{"type":"Point","coordinates":[-84.39246966552977,33.505300000000005]}},{"type":"Feature","properties":{"id":"2020-177","county_nam":"Clayton","county_norm":"CLAYTON","prec_id":"JB02","precinct_name":"Clayton - JB02","precinct_norm":"CLAYTON - JB02","precinct_full_name":"Jonesboro 2","has_polygon":true},"geometry":{"type":"Point","coordinates":[-84.40071807586287,33.533957]}},{"type":"Feature","properties":{"id":"2020-178","county_nam":"Clayton","county_norm":"CLAYTON","prec_id":"RD09","precinct_name":"Clayton - RD09","precinct_norm":"CLAYTON - RD09","precinct_full_name":"Riverdale 9","has_polygon":true},"geometry":{"type":"Point","coordinates":[-84.40586808467776,33.5545095]}},{"type":"Feature","properties":{"id":"2020-179","county_nam":"Clayton","county_norm":"CLAYTON","prec_id":"JB16","precinct_name":"Clayton - JB16","precinct_norm":"CLAYTON - JB16","precinct_full_name":"Jonesboro 16","has_polygon":true},"geometry":{"type":"Point","coordinates":[-84.3851303244916,33.530440999999996]}},{"type":"Feature","properties":{"id":"2020-180","county_nam":"Clayton","county_norm":"CLAYTON","prec_id":"RD05","precinct_name":"Clayton - RD05","precinct_norm":"CLAYTON - RD05","precinct_full_name":"Riverdale 5","has_polygon":true},"geometry":{"type":"Point","coordinates":[-84.3867388149196,33.5508215]}},{"type":"Feature","properties":{"id":"2020-181","county_nam":"Whitfield","county_norm":"WHITFIELD","prec_id":"VA","precinct_name":"Whitfield - VA","precinct_norm":"WHITFIELD - VA","precinct_full_name":"Varnell","has_polygon":true},"geometry":{"type":"Point","coordinates":[-84.9640628829309,34.8999945]}},{"type":"Feature","properties":{"id":"2020-182","county_nam":"Whitfield","county_norm":"WHITFIELD","prec_id":"CO","precinct_name":"Whitfield - CO","precinct_norm":"WHITFIELD - CO","precinct_full_name":"Cohutta","has_polygon":true},"geometry":{"type":"Point","coordinates":[-84.9490585732093,34.955059]}},{"type":"Feature","properties":{"id":"2020-183","county_nam":"Carroll","county_norm":"CARROLL","prec_id":"1542","precinct_name":"Carroll - 1542","precinct_norm":"CARROLL - 1542","precinct_full_name":"Mars Hill","has_polygon":true},"geometry":{"type":"Point","coordinates":[-84.93329315818433,33.593469999999996]}},{"type":"Feature","properties":{"id":"2020-184","county_nam":"Carroll","county_norm":"CARROLL","prec_id":"1540","precinct_name":"Carroll - 1540","precinct_norm":"CARROLL - 1540","precinct_full_name":"Fairfield","has_polygon":true},"geometry":{"type":"Point","coordinates":[-84.92839017839856,33.6411415]}},{"type":"Feature","properties":{"id":"2020-185","county_nam":"Douglas","county_norm":"DOUGLAS","prec_id":"1260","precinct_name":"Douglas - 1260","precinct_norm":"DOUGLAS - 1260","precinct_full_name":"Dog River Library","has_polygon":true},"geometry":{"type":"Point","coordinates":[-84.84418343102031,33.613322499999995]}},{"type":"Feature","properties":{"id":"2020-186","county_nam":"Carroll","county_norm":"CARROLL","prec_id":"714A3","precinct_name":"Carroll - 714A3","precinct_norm":"CARROLL - 714A3","precinct_full_name":"Bonner","has_polygon":true},"geometry":{"type":"Point","coordinates":[-85.0608483242687,33.562291]}},{"type":"Feature","properties":{"id":"2020-187","county_nam":"Carroll","county_norm":"CARROLL","prec_id":"714A2","precinct_name":"Carroll - 714A2","precinct_norm":"CARROLL - 714A2","precinct_full_name":"Lakeshore","has_polygon":true},"geometry":{"type":"Point","coordinates":[-85.05718445272842,33.600085]}},{"type":"Feature","properties":{"id":"2020-188","county_nam":"Carroll","county_norm":"CARROLL","prec_id":"501","precinct_name":"Carroll - 501","precinct_norm":"CARROLL - 501","precinct_full_name":"Bethany","has_polygon":true},"geometry":{"type":"Point","coordinates":[-84.99100110039146,33.5944895]}},{"type":"Feature","properties":{"id":"2020-189","county_nam":"Carroll","county_norm":"CARROLL","prec_id":"714A1","precinct_name":"Carroll - 714A1","precinct_norm":"CARROLL - 714A1","precinct_full_name":"Catherine Hardy","has_polygon":true},"geometry":{"type":"Point","coordinates":[-85.10802515763766,33.603426]}},{"type":"Feature","properties":{"id":"2020-190","county_nam":"Carroll","county_norm":"CARROLL","prec_id":"714A6","precinct_name":"Carroll - 714A6","precinct_norm":"CARROLL - 714A6","precinct_full_name":"Tabernacle","has_polygon":true},"geometry":{"type":"Point","coordinates":[-85.07822304111045,33.557845]}},{"type":"Feature","properties":{"id":"2020-191","county_nam":"Carroll","county_norm":"CARROLL","prec_id":"714A5","precinct_name":"Carroll - 714A5","precinct_norm":"CARROLL - 714A5","precinct_full_name":"Neva Lomason","has_polygon":true},"geometry":{"type":"Point","coordinates":[-85.06332236343613,33.590396]}},{"type":"Feature","properties":{"id":"2020-192","county_nam":"Carroll","county_norm":"CARROLL","prec_id":"1371","precinct_name":"Carroll - 1371","precinct_norm":"CARROLL - 1371","precinct_full_name":"Shiloh","has_polygon":true},"geometry":{"type":"Point","coordinates":[-85.18706955180235,33.567413]}},{"type":"Feature","properties":{"id":"2020-193","county_nam":"Carroll","county_norm":"CARROLL","prec_id":"1240","precinct_name":"Carroll - 1240","precinct_norm":"CARROLL - 1240","precinct_full_name":"Mount Zion","has_polygon":true},"geometry":{"type":"Point","coordinates":[-85.19792759514972,33.6423635]}},{"type":"Feature","properties":{"id":"2020-194","county_nam":"Carroll","county_norm":"CARROLL","prec_id":"714A4","precinct_name":"Carroll - 714A4","precinct_norm":"CARROLL - 714A4","precinct_full_name":"University of West Georgia","has_polygon":true},"geometry":{"type":"Point","coordinates":[-85.11031171400927,33.5684885]}},{"type":"Feature","properties":{"id":"2020-195","county_nam":"Screven","county_norm":"SCREVEN","prec_id":"03","precinct_name":"Screven - 03","precinct_norm":"SCREVEN - 03","precinct_full_name":"Newington","has_polygon":true},"geometry":{"type":"Point","coordinates":[-81.51592854444733,32.577332999999996]}},{"type":"Feature","properties":{"id":"2020-196","county_nam":"Screven","county_norm":"SCREVEN","prec_id":"11","precinct_name":"Screven - 11","precinct_norm":"SCREVEN - 11","precinct_full_name":"Jackson Fire Station","has_polygon":true},"geometry":{"type":"Point","coordinates":[-81.47009012533441,32.6717355]}},{"type":"Feature","properties":{"id":"2020-197","county_nam":"Burke","county_norm":"BURKE","prec_id":"0003","precinct_name":"Burke - 0003","precinct_norm":"BURKE - 0003","precinct_full_name":"Girard","has_polygon":true},"geometry":{"type":"Point","coordinates":[-81.68937731739237,33.0470355]}},{"type":"Feature","properties":{"id":"2020-198","county_nam":"Chattooga","county_norm":"CHATTOOGA","prec_id":"1216","precinct_name":"Chattooga - 1216","precinct_norm":"CHATTOOGA - 1216","precinct_full_name":"Dirtseller","has_polygon":true},"geometry":{"type":"Point","coordinates":[-85.4555702058237,34.4239045]}},{"type":"Feature","properties":{"id":"2020-199","county_nam":"Carroll","county_norm":"CARROLL","prec_id":"1006","precinct_name":"Carroll - 1006","precinct_norm":"CARROLL - 1006","precinct_full_name":"Kansas","has_polygon":true},"geometry":{"type":"Point","coordinates":[-85.27955504850632,33.620287]}},{"type":"Feature","properties":{"id":"2020-200","county_nam":"Fayette","county_norm":"FAYETTE","prec_id":"04","precinct_name":"Fayette - 04","precinct_norm":"FAYETTE - 04","precinct_full_name":"Fayetteville East","has_polygon":true},"geometry":{"type":"Point","coordinates":[-84.44067522014396,33.4587]}},{"type":"Feature","properties":{"id":"2020-201","county_nam":"Fayette","county_norm":"FAYETTE","prec_id":"24","precinct_name":"Fayette - 24","precinct_norm":"FAYETTE - 24","precinct_full_name":"Banks","has_polygon":true},"geometry":{"type":"Point","coordinates":[-84.41659151653926,33.487108500000005]}},{"type":"Feature","properties":{"id":"2020-202","county_nam":"Fayette","county_norm":"FAYETTE","prec_id":"28","precinct_name":"Fayette - 28","precinct_norm":"FAYETTE - 28","precinct_full_name":"Oak Ridge","has_polygon":true},"geometry":{"type":"Point","coordinates":[-84.49271804077931,33.498422500000004]}},{"type":"Feature","properties":{"id":"2020-203","county_nam":"Fayette","county_norm":"FAYETTE","prec_id":"23","precinct_name":"Fayette - 23","precinct_norm":"FAYETTE - 23","precinct_full_name":"Kenwood","has_polygon":true},"geometry":{"type":"Point","coordinates":[-84.47873732451922,33.5253005]}},{"type":"Feature","properties":{"id":"2020-204","county_nam":"Fayette","county_norm":"FAYETTE","prec_id":"03","precinct_name":"Fayette - 03","precinct_norm":"FAYETTE - 03","precinct_full_name":"Europe","has_polygon":true},"geometry":{"type":"Point","coordinates":[-84.4554764047619,33.5303775]}},{"type":"Feature","properties":{"id":"2020-205","county_nam":"Clayton","county_norm":"CLAYTON","prec_id":"JB01","precinct_name":"Clayton - JB01","precinct_norm":"CLAYTON - JB01","precinct_full_name":"Jonesboro 1","has_polygon":true},"geometry":{"type":"Point","coordinates":[-84.41606500951866,33.509673]}},{"type":"Feature","properties":{"id":"2020-206","county_nam":"Clayton","county_norm":"CLAYTON","prec_id":"RD02","precinct_name":"Clayton - RD02","precinct_norm":"CLAYTON - RD02","precinct_full_name":"Riverdale 2","has_polygon":true},"geometry":{"type":"Point","coordinates":[-84.42634671800087,33.533591]}},{"type":"Feature","properties":{"id":"2020-207","county_nam":"Clayton","county_norm":"CLAYTON","prec_id":"JB12","precinct_name":"Clayton - JB12","precinct_norm":"CLAYTON - JB12","precinct_full_name":"Jonesboro 12","has_polygon":true},"geometry":{"type":"Point","coordinates":[-84.41250402615458,33.532323500000004]}},{"type":"Feature","properties":{"id":"2020-208","county_nam":"Clayton","county_norm":"CLAYTON","prec_id":"RD12","precinct_name":"Clayton - RD12","precinct_norm":"CLAYTON - RD12","precinct_full_name":"Riverdale 12","has_polygon":true},"geometry":{"type":"Point","coordinates":[-84.42641707385727,33.5534965]}},{"type":"Feature","properties":{"id":"2020-209","county_nam":"Richmond","county_norm":"RICHMOND","prec_id":"707","precinct_name":"Richmond - 707","precinct_norm":"RICHMOND - 707","precinct_full_name":"Vineyard Church","has_polygon":true},"geometry":{"type":"Point","coordinates":[-82.04955280262186,33.5197755]}},{"type":"Feature","properties":{"id":"2020-210","county_nam":"Richmond","county_norm":"RICHMOND","prec_id":"703","precinct_name":"Richmond - 703","precinct_norm":"RICHMOND - 703","precinct_full_name":"National Hills Baptist Church","has_polygon":true},"geometry":{"type":"Point","coordinates":[-82.02632096865572,33.513165]}},{"type":"Feature","properties":{"id":"2020-211","county_nam":"Columbia","county_norm":"COLUMBIA","prec_id":"109","precinct_name":"Columbia - 109","precinct_norm":"COLUMBIA - 109","precinct_full_name":"Stevens Creek Church","has_polygon":true},"geometry":{"type":"Point","coordinates":[-82.04556471825397,33.5466525]}},{"type":"Feature","properties":{"id":"2020-212","county_nam":"Richmond","county_norm":"RICHMOND","prec_id":"709","precinct_name":"Richmond - 709","precinct_norm":"RICHMOND - 709","precinct_full_name":"National Hills Baptist Church","has_polygon":true},"geometry":{"type":"Point","coordinates":[-82.03016770323183,33.533185]}},{"type":"Feature","properties":{"id":"2020-213","county_nam":"Richmond","county_norm":"RICHMOND","prec_id":"702","precinct_name":"Richmond - 702","precinct_norm":"RICHMOND - 702","precinct_full_name":"St. Mark United Methodist Church","has_polygon":true},"geometry":{"type":"Point","coordinates":[-82.00457133218526,33.5061855]}},{"type":"Feature","properties":{"id":"2020-214","county_nam":"Fayette","county_norm":"FAYETTE","prec_id":"07","precinct_name":"Fayette - 07","precinct_norm":"FAYETTE - 07","precinct_full_name":"Hopeful","has_polygon":true},"geometry":{"type":"Point","coordinates":[-84.51940665800163,33.523059]}},{"type":"Feature","properties":{"id":"2020-215","county_nam":"Fulton","county_norm":"FULTON","prec_id":"SC211","precinct_name":"Fulton - SC211","precinct_norm":"FULTON - SC211","precinct_full_name":"Oakley Elementary","has_polygon":true},"geometry":{"type":"Point","coordinates":[-84.49494142536781,33.547979999999995]}},{"type":"Feature","properties":{"id":"2020-216","county_nam":"Fayette","county_norm":"FAYETTE","prec_id":"05","precinct_name":"Fayette - 05","precinct_norm":"FAYETTE - 05","precinct_full_name":"Fayetteville West","has_polygon":true},"geometry":{"type":"Point","coordinates":[-84.47302761811858,33.460825]}},{"type":"Feature","properties":{"id":"2020-217","county_nam":"Fayette","county_norm":"FAYETTE","prec_id":"08","precinct_name":"Fayette - 08","precinct_norm":"FAYETTE - 08","precinct_full_name":"Morning Creek","has_polygon":true},"geometry":{"type":"Point","coordinates":[-84.48730398051762,33.474872000000005]}},{"type":"Feature","properties":{"id":"2020-218","county_nam":"Fayette","county_norm":"FAYETTE","prec_id":"01","precinct_name":"Fayette - 01","precinct_norm":"FAYETTE - 01","precinct_full_name":"Blackrock","has_polygon":true},"geometry":{"type":"Point","coordinates":[-84.45802682883695,33.472949]}},{"type":"Feature","properties":{"id":"2020-219","county_nam":"Fayette","county_norm":"FAYETTE","prec_id":"29","precinct_name":"Fayette - 29","precinct_norm":"FAYETTE - 29","precinct_full_name":"Jeff Davis","has_polygon":true},"geometry":{"type":"Point","coordinates":[-84.4319792068134,33.440580499999996]}},{"type":"Feature","properties":{"id":"2020-220","county_nam":"Columbia","county_norm":"COLUMBIA","prec_id":"111","precinct_name":"Columbia - 111","precinct_norm":"COLUMBIA - 111","precinct_full_name":"Lakeside Middle","has_polygon":true},"geometry":{"type":"Point","coordinates":[-82.10098375808062,33.530666499999995]}},{"type":"Feature","properties":{"id":"2020-221","county_nam":"Columbia","county_norm":"COLUMBIA","prec_id":"136","precinct_name":"Columbia - 136","precinct_norm":"COLUMBIA - 136","precinct_full_name":"Ccboe - Support Complex","has_polygon":true},"geometry":{"type":"Point","coordinates":[-82.099771220078,33.5396635]}},{"type":"Feature","properties":{"id":"2020-222","county_nam":"Columbia","county_norm":"COLUMBIA","prec_id":"137","precinct_name":"Columbia - 137","precinct_norm":"COLUMBIA - 137","precinct_full_name":"Christ The King Lutheran Church","has_polygon":true},"geometry":{"type":"Point","coordinates":[-82.10571496432404,33.551687]}},{"type":"Feature","properties":{"id":"2020-223","county_nam":"Richmond","county_norm":"RICHMOND","prec_id":"706","precinct_name":"Richmond - 706","precinct_norm":"RICHMOND - 706","precinct_full_name":"Warren Road Recreation Center","has_polygon":true},"geometry":{"type":"Point","coordinates":[-82.07277865707238,33.505057]}},{"type":"Feature","properties":{"id":"2020-224","county_nam":"Richmond","county_norm":"RICHMOND","prec_id":"705","precinct_name":"Richmond - 705","precinct_norm":"RICHMOND - 705","precinct_full_name":"St. Augustine's Episcopal Church","has_polygon":true},"geometry":{"type":"Point","coordinates":[-82.06317216177712,33.498354000000006]}},{"type":"Feature","properties":{"id":"2020-225","county_nam":"Richmond","county_norm":"RICHMOND","prec_id":"708","precinct_name":"Richmond - 708","precinct_norm":"RICHMOND - 708","precinct_full_name":"St. Mark United Methodist Church","has_polygon":true},"geometry":{"type":"Point","coordinates":[-82.05250449158585,33.5080545]}},{"type":"Feature","properties":{"id":"2020-226","county_nam":"Columbia","county_norm":"COLUMBIA","prec_id":"100","precinct_name":"Columbia - 100","precinct_norm":"COLUMBIA - 100","precinct_full_name":"Augusta Christian School","has_polygon":true},"geometry":{"type":"Point","coordinates":[-82.0826347662624,33.5273185]}},{"type":"Feature","properties":{"id":"2020-227","county_nam":"Columbia","county_norm":"COLUMBIA","prec_id":"105","precinct_name":"Columbia - 105","precinct_norm":"COLUMBIA - 105","precinct_full_name":"Savannah Rapids Pavilion","has_polygon":true},"geometry":{"type":"Point","coordinates":[-82.07955524276915,33.5457895]}},{"type":"Feature","properties":{"id":"2020-228","county_nam":"Columbia","county_norm":"COLUMBIA","prec_id":"108","precinct_name":"Columbia - 108","precinct_norm":"COLUMBIA - 108","precinct_full_name":"Augusta Christian Schools - Furys Ferry Road Campus","has_polygon":true},"geometry":{"type":"Point","coordinates":[-82.06818293170647,33.531041]}},{"type":"Feature","properties":{"id":"2020-229","county_nam":"Coweta","county_norm":"COWETA","prec_id":"08","precinct_name":"Coweta - 08","precinct_norm":"COWETA - 08","precinct_full_name":"Cedar Creek","has_polygon":true},"geometry":{"type":"Point","coordinates":[-84.79681605359511,33.4707735]}},{"type":"Feature","properties":{"id":"2020-230","county_nam":"Fulton","county_norm":"FULTON","prec_id":"CH05","precinct_name":"Fulton - CH05","precinct_norm":"FULTON - CH05","precinct_full_name":"Chattahoochee Hills City Hall","has_polygon":true},"geometry":{"type":"Point","coordinates":[-84.77785393755485,33.5427935]}},{"type":"Feature","properties":{"id":"2020-231","county_nam":"Coweta","county_norm":"COWETA","prec_id":"22","precinct_name":"Coweta - 22","precinct_norm":"COWETA - 22","precinct_full_name":"Madras","has_polygon":true},"geometry":{"type":"Point","coordinates":[-84.72220262411473,33.465717]}},{"type":"Feature","properties":{"id":"2020-232","county_nam":"Fulton","county_norm":"FULTON","prec_id":"CH04A","precinct_name":"Fulton - CH04A","precinct_norm":"FULTON - CH04A","precinct_full_name":"Chattahoochee Hills City Hall","has_polygon":true},"geometry":{"type":"Point","coordinates":[-84.71373153483607,33.530024]}},{"type":"Feature","properties":{"id":"2020-233","county_nam":"Columbia","county_norm":"COLUMBIA","prec_id":"060","precinct_name":"Columbia - 060","precinct_norm":"COLUMBIA - 060","precinct_full_name":"Col County Board Of Education","has_polygon":true},"geometry":{"type":"Point","coordinates":[-82.168228254828,33.547786]}},{"type":"Feature","properties":{"id":"2020-234","county_nam":"Columbia","county_norm":"COLUMBIA","prec_id":"070","precinct_name":"Columbia - 070","precinct_norm":"COLUMBIA - 070","precinct_full_name":"Blanchard Park","has_polygon":true},"geometry":{"type":"Point","coordinates":[-82.14317439118645,33.488805]}},{"type":"Feature","properties":{"id":"2020-235","county_nam":"Columbia","county_norm":"COLUMBIA","prec_id":"085","precinct_name":"Columbia - 085","precinct_norm":"COLUMBIA - 085","precinct_full_name":"Trinity Bapt Church","has_polygon":true},"geometry":{"type":"Point","coordinates":[-82.1454097611635,33.502348]}},{"type":"Feature","properties":{"id":"2020-236","county_nam":"Columbia","county_norm":"COLUMBIA","prec_id":"076","precinct_name":"Columbia - 076","precinct_norm":"COLUMBIA - 076","precinct_full_name":"Marvin Methodist","has_polygon":true},"geometry":{"type":"Point","coordinates":[-82.1219072588141,33.4879945]}},{"type":"Feature","properties":{"id":"2020-237","county_nam":"Columbia","county_norm":"COLUMBIA","prec_id":"120","precinct_name":"Columbia - 120","precinct_norm":"COLUMBIA - 120","precinct_full_name":"Harvest Pointe Fellowship","has_polygon":true},"geometry":{"type":"Point","coordinates":[-82.13334677127827,33.5223855]}},{"type":"Feature","properties":{"id":"2020-238","county_nam":"Columbia","county_norm":"COLUMBIA","prec_id":"125","precinct_name":"Columbia - 125","precinct_norm":"COLUMBIA - 125","precinct_full_name":"Church of Our Savior (Episcopal)","has_polygon":true},"geometry":{"type":"Point","coordinates":[-82.11948009859934,33.516872]}},{"type":"Feature","properties":{"id":"2020-239","county_nam":"Columbia","county_norm":"COLUMBIA","prec_id":"130","precinct_name":"Columbia - 130","precinct_norm":"COLUMBIA - 130","precinct_full_name":"West Acres Baptist Church","has_polygon":true},"geometry":{"type":"Point","coordinates":[-82.14097987475151,33.535666]}},{"type":"Feature","properties":{"id":"2020-240","county_nam":"Columbia","county_norm":"COLUMBIA","prec_id":"134","precinct_name":"Columbia - 134","precinct_norm":"COLUMBIA - 134","precinct_full_name":"Col County Main Library","has_polygon":true},"geometry":{"type":"Point","coordinates":[-82.13359282778003,33.5455135]}},{"type":"Feature","properties":{"id":"2020-241","county_nam":"Columbia","county_norm":"COLUMBIA","prec_id":"026","precinct_name":"Columbia - 026","precinct_norm":"COLUMBIA - 026","precinct_full_name":"Philadelphia Church","has_polygon":true},"geometry":{"type":"Point","coordinates":[-82.26815962871288,33.462536]}},{"type":"Feature","properties":{"id":"2020-242","county_nam":"Columbia","county_norm":"COLUMBIA","prec_id":"010","precinct_name":"Columbia - 010","precinct_norm":"COLUMBIA - 010","precinct_full_name":"Kiokee Bapt Church","has_polygon":true},"geometry":{"type":"Point","coordinates":[-82.32058536423997,33.5435005]}},{"type":"Feature","properties":{"id":"2020-243","county_nam":"Columbia","county_norm":"COLUMBIA","prec_id":"033","precinct_name":"Columbia - 033","precinct_norm":"COLUMBIA - 033","precinct_full_name":"Grovetown Department Of Public Safety Station #2","has_polygon":true},"geometry":{"type":"Point","coordinates":[-82.23275915524815,33.4490285]}},{"type":"Feature","properties":{"id":"2020-244","county_nam":"Columbia","county_norm":"COLUMBIA","prec_id":"030","precinct_name":"Columbia - 030","precinct_norm":"COLUMBIA - 030","precinct_full_name":"Liberty Park - Grovetown","has_polygon":true},"geometry":{"type":"Point","coordinates":[-82.22010570354965,33.424516]}},{"type":"Feature","properties":{"id":"2020-245","county_nam":"Columbia","county_norm":"COLUMBIA","prec_id":"031","precinct_name":"Columbia - 031","precinct_norm":"COLUMBIA - 031","precinct_full_name":"Grovetown Methodist","has_polygon":true},"geometry":{"type":"Point","coordinates":[-82.18346985914573,33.445822500000006]}},{"type":"Feature","properties":{"id":"2020-246","county_nam":"Columbia","county_norm":"COLUMBIA","prec_id":"034","precinct_name":"Columbia - 034","precinct_norm":"COLUMBIA - 034","precinct_full_name":"Grove First Baptist Church","has_polygon":true},"geometry":{"type":"Point","coordinates":[-82.21007449789668,33.469549]}},{"type":"Feature","properties":{"id":"2020-247","county_nam":"Columbia","county_norm":"COLUMBIA","prec_id":"018","precinct_name":"Columbia - 018","precinct_norm":"COLUMBIA - 018","precinct_full_name":"New Life Church","has_polygon":true},"geometry":{"type":"Point","coordinates":[-82.24674835651302,33.503563]}},{"type":"Feature","properties":{"id":"2020-248","county_nam":"Columbia","county_norm":"COLUMBIA","prec_id":"062","precinct_name":"Columbia - 062","precinct_norm":"COLUMBIA - 062","precinct_full_name":"Parkway Baptist Church","has_polygon":true},"geometry":{"type":"Point","coordinates":[-82.20832648933907,33.5518385]}},{"type":"Feature","properties":{"id":"2020-249","county_nam":"Columbia","county_norm":"COLUMBIA","prec_id":"017","precinct_name":"Columbia - 017","precinct_norm":"COLUMBIA - 017","precinct_full_name":"Patriots Park","has_polygon":true},"geometry":{"type":"Point","coordinates":[-82.2160842705735,33.5235725]}},{"type":"Feature","properties":{"id":"2020-250","county_nam":"Columbia","county_norm":"COLUMBIA","prec_id":"016","precinct_name":"Columbia - 016","precinct_norm":"COLUMBIA - 016","precinct_full_name":"Woodlawn Bapt Church","has_polygon":true},"geometry":{"type":"Point","coordinates":[-82.18266566577508,33.493078499999996]}},{"type":"Feature","properties":{"id":"2020-251","county_nam":"Columbia","county_norm":"COLUMBIA","prec_id":"015","precinct_name":"Columbia - 015","precinct_norm":"COLUMBIA - 015","precinct_full_name":"Lewis Methodist","has_polygon":true},"geometry":{"type":"Point","coordinates":[-82.18567322747546,33.517742]}},{"type":"Feature","properties":{"id":"2020-252","county_nam":"Warren","county_norm":"WARREN","prec_id":"1","precinct_name":"Warren - 1","precinct_norm":"WARREN - 1","precinct_full_name":"Warrenton","has_polygon":true},"geometry":{"type":"Point","coordinates":[-82.70180608407661,33.4324285]}},{"type":"Feature","properties":{"id":"2020-253","county_nam":"Jefferson","county_norm":"JEFFERSON","prec_id":"0076","precinct_name":"Jefferson - 0076","precinct_norm":"JEFFERSON - 0076","precinct_full_name":"Stapleton Crossroads","has_polygon":true},"geometry":{"type":"Point","coordinates":[-82.48585094784863,33.1108125]}},{"type":"Feature","properties":{"id":"2020-254","county_nam":"Jefferson","county_norm":"JEFFERSON","prec_id":"1593","precinct_name":"Jefferson - 1593","precinct_norm":"JEFFERSON - 1593","precinct_full_name":"Avera","has_polygon":true},"geometry":{"type":"Point","coordinates":[-82.53521081834941,33.160471]}},{"type":"Feature","properties":{"id":"2020-255","county_nam":"Greene","county_norm":"GREENE","prec_id":"005","precinct_name":"Greene - 005","precinct_norm":"GREENE - 005","precinct_full_name":"Siloam","has_polygon":true},"geometry":{"type":"Point","coordinates":[-83.07232173244185,33.5444155]}},{"type":"Feature","properties":{"id":"2020-256","county_nam":"Hancock","county_norm":"HANCOCK","prec_id":"2A","precinct_name":"Hancock - 2A","precinct_norm":"HANCOCK - 2A","precinct_full_name":"Courthouse","has_polygon":true},"geometry":{"type":"Point","coordinates":[-82.89712718794864,33.311869]}},{"type":"Feature","properties":{"id":"2020-257","county_nam":"Hancock","county_norm":"HANCOCK","prec_id":"3A","precinct_name":"Hancock - 3A","precinct_norm":"HANCOCK - 3A","precinct_full_name":"Mayfield Community Center","has_polygon":true},"geometry":{"type":"Point","coordinates":[-82.90380910414336,33.3943515]}},{"type":"Feature","properties":{"id":"2020-258","county_nam":"Fayette","county_norm":"FAYETTE","prec_id":"30","precinct_name":"Fayette - 30","precinct_norm":"FAYETTE - 30","precinct_full_name":"Murphy","has_polygon":true},"geometry":{"type":"Point","coordinates":[-84.42356988654879,33.424118]}},{"type":"Feature","properties":{"id":"2020-259","county_nam":"Fayette","county_norm":"FAYETTE","prec_id":"26","precinct_name":"Fayette - 26","precinct_norm":"FAYETTE - 26","precinct_full_name":"Willow Pond","has_polygon":true},"geometry":{"type":"Point","coordinates":[-84.51874709593659,33.4295075]}},{"type":"Feature","properties":{"id":"2020-260","county_nam":"Fayette","county_norm":"FAYETTE","prec_id":"27","precinct_name":"Fayette - 27","precinct_norm":"FAYETTE - 27","precinct_full_name":"Dogwood","has_polygon":true},"geometry":{"type":"Point","coordinates":[-84.54288669768049,33.4572575]}},{"type":"Feature","properties":{"id":"2020-261","county_nam":"Fayette","county_norm":"FAYETTE","prec_id":"35","precinct_name":"Fayette - 35","precinct_norm":"FAYETTE - 35","precinct_full_name":"Spring Hill","has_polygon":true},"geometry":{"type":"Point","coordinates":[-84.4774943212685,33.428933]}},{"type":"Feature","properties":{"id":"2020-262","county_nam":"Fulton","county_norm":"FULTON","prec_id":"UC032","precinct_name":"Fulton - UC032","precinct_norm":"FULTON - UC032","precinct_full_name":"Christian City Welcome Center","has_polygon":true},"geometry":{"type":"Point","coordinates":[-84.52732089911417,33.5449545]}},{"type":"Feature","properties":{"id":"2020-263","county_nam":"Morgan","county_norm":"MORGAN","prec_id":"04","precinct_name":"Morgan - 04","precinct_norm":"MORGAN - 04","precinct_full_name":"Central Morgan","has_polygon":true},"geometry":{"type":"Point","coordinates":[-83.4976701058246,33.5468955]}},{"type":"Feature","properties":{"id":"2020-264","county_nam":"Morgan","county_norm":"MORGAN","prec_id":"03","precinct_name":"Morgan - 03","precinct_norm":"MORGAN - 03","precinct_full_name":"Beth/Springfield","has_polygon":true},"geometry":{"type":"Point","coordinates":[-83.38048603074412,33.506840499999996]}},{"type":"Feature","properties":{"id":"2020-265","county_nam":"Twiggs","county_norm":"TWIGGS","prec_id":"HV","precinct_name":"Twiggs - HV","precinct_norm":"TWIGGS - HV","precinct_full_name":"Higgsville","has_polygon":true},"geometry":{"type":"Point","coordinates":[-83.28485281818448,32.597861]}},{"type":"Feature","properties":{"id":"2020-266","county_nam":"Clayton","county_norm":"CLAYTON","prec_id":"JB13","precinct_name":"Clayton - JB13","precinct_norm":"CLAYTON - JB13","precinct_full_name":"Jonesboro 13","has_polygon":true},"geometry":{"type":"Point","coordinates":[-84.38554250476695,33.4803535]}},{"type":"Feature","properties":{"id":"2020-267","county_nam":"Clayton","county_norm":"CLAYTON","prec_id":"JB03","precinct_name":"Clayton - JB03","precinct_norm":"CLAYTON - JB03","precinct_full_name":"Jonesboro 3","has_polygon":true},"geometry":{"type":"Point","coordinates":[-84.36547759697959,33.513284]}},{"type":"Feature","properties":{"id":"2020-268","county_nam":"Clayton","county_norm":"CLAYTON","prec_id":"JB10","precinct_name":"Clayton - JB10","precinct_norm":"CLAYTON - JB10","precinct_full_name":"Jonesboro 10","has_polygon":true},"geometry":{"type":"Point","coordinates":[-84.37246708949147,33.522326]}},{"type":"Feature","properties":{"id":"2020-269","county_nam":"Clayton","county_norm":"CLAYTON","prec_id":"JB09","precinct_name":"Clayton - JB09","precinct_norm":"CLAYTON - JB09","precinct_full_name":"Jonesboro 9","has_polygon":true},"geometry":{"type":"Point","coordinates":[-84.36931760445205,33.5455285]}},{"type":"Feature","properties":{"id":"2020-270","county_nam":"Clayton","county_norm":"CLAYTON","prec_id":"JB04","precinct_name":"Clayton - JB04","precinct_norm":"CLAYTON - JB04","precinct_full_name":"Jonesboro 4","has_polygon":true},"geometry":{"type":"Point","coordinates":[-84.35605448427333,33.541658]}},{"type":"Feature","properties":{"id":"2020-271","county_nam":"Clayton","county_norm":"CLAYTON","prec_id":"LJ1","precinct_name":"Clayton - LJ1","precinct_norm":"CLAYTON - LJ1","precinct_full_name":"Lovejoy 1","has_polygon":true},"geometry":{"type":"Point","coordinates":[-84.33318438393334,33.485247]}},{"type":"Feature","properties":{"id":"2020-272","county_nam":"Carroll","county_norm":"CARROLL","prec_id":"682","precinct_name":"Carroll - 682","precinct_norm":"CARROLL - 682","precinct_full_name":"Whitesburg","has_polygon":true},"geometry":{"type":"Point","coordinates":[-84.90991965426454,33.506169]}},{"type":"Feature","properties":{"id":"2020-273","county_nam":"Coweta","county_norm":"COWETA","prec_id":"17","precinct_name":"Coweta - 17","precinct_norm":"COWETA - 17","precinct_full_name":"Central","has_polygon":true},"geometry":{"type":"Point","coordinates":[-84.77550290966552,33.356932]}},{"type":"Feature","properties":{"id":"2020-274","county_nam":"Coweta","county_norm":"COWETA","prec_id":"19","precinct_name":"Coweta - 19","precinct_norm":"COWETA - 19","precinct_full_name":"Greentop","has_polygon":true},"geometry":{"type":"Point","coordinates":[-84.7753423516397,33.412347]}},{"type":"Feature","properties":{"id":"2020-275","county_nam":"Jones","county_norm":"JONES","prec_id":"5","precinct_name":"Jones - 5","precinct_norm":"JONES - 5","precinct_full_name":"Pope","has_polygon":true},"geometry":{"type":"Point","coordinates":[-83.45577200823556,33.0796455]}},{"type":"Feature","properties":{"id":"2020-276","county_nam":"Morgan","county_norm":"MORGAN","prec_id":"05","precinct_name":"Morgan - 05","precinct_norm":"MORGAN - 05","precinct_full_name":"Clacks Chapel","has_polygon":true},"geometry":{"type":"Point","coordinates":[-83.5577986020933,33.4958745]}},{"type":"Feature","properties":{"id":"2020-277","county_nam":"Jasper","county_norm":"JASPER","prec_id":"296","precinct_name":"Jasper - 296","precinct_norm":"JASPER - 296","precinct_full_name":"Martin & Burney","has_polygon":true},"geometry":{"type":"Point","coordinates":[-83.81021738794597,33.386918]}},{"type":"Feature","properties":{"id":"2020-278","county_nam":"Newton","county_norm":"NEWTON","prec_id":"06","precinct_name":"Newton - 06","precinct_norm":"NEWTON - 06","precinct_full_name":"Brewers","has_polygon":true},"geometry":{"type":"Point","coordinates":[-83.84738512837838,33.4388485]}},{"type":"Feature","properties":{"id":"2020-279","county_nam":"Newton","county_norm":"NEWTON","prec_id":"14","precinct_name":"Newton - 14","precinct_norm":"NEWTON - 14","precinct_full_name":"Leguinn","has_polygon":true},"geometry":{"type":"Point","coordinates":[-83.84177084768169,33.518842]}},{"type":"Feature","properties":{"id":"2020-280","county_nam":"Newton","county_norm":"NEWTON","prec_id":"15","precinct_name":"Newton - 15","precinct_norm":"NEWTON - 15","precinct_full_name":"Mansfield","has_polygon":true},"geometry":{"type":"Point","coordinates":[-83.7541784206262,33.501964]}},{"type":"Feature","properties":{"id":"2020-281","county_nam":"Newton","county_norm":"NEWTON","prec_id":"16","precinct_name":"Newton - 16","precinct_norm":"NEWTON - 16","precinct_full_name":"Newborn","has_polygon":true},"geometry":{"type":"Point","coordinates":[-83.69548906349542,33.530046999999996]}},{"type":"Feature","properties":{"id":"2020-282","county_nam":"Henry","county_norm":"HENRY","prec_id":"61","precinct_name":"Henry - 61","precinct_norm":"HENRY - 61","precinct_full_name":"Mcdonough Central","has_polygon":true},"geometry":{"type":"Point","coordinates":[-84.14219318667173,33.460137]}},{"type":"Feature","properties":{"id":"2020-283","county_nam":"Henry","county_norm":"HENRY","prec_id":"52","precinct_name":"Henry - 52","precinct_norm":"HENRY - 52","precinct_full_name":"Lake Dow","has_polygon":true},"geometry":{"type":"Point","coordinates":[-84.08209585676607,33.4509755]}},{"type":"Feature","properties":{"id":"2020-284","county_nam":"Henry","county_norm":"HENRY","prec_id":"37","precinct_name":"Henry - 37","precinct_norm":"HENRY - 37","precinct_full_name":"East Lake","has_polygon":true},"geometry":{"type":"Point","coordinates":[-84.12185152290705,33.5007675]}},{"type":"Feature","properties":{"id":"2020-285","county_nam":"Henry","county_norm":"HENRY","prec_id":"36","precinct_name":"Henry - 36","precinct_norm":"HENRY - 36","precinct_full_name":"Mcmullen","has_polygon":true},"geometry":{"type":"Point","coordinates":[-84.0400517814156,33.474664000000004]}},{"type":"Feature","properties":{"id":"2020-286","county_nam":"Henry","county_norm":"HENRY","prec_id":"62","precinct_name":"Henry - 62","precinct_norm":"HENRY - 62","precinct_full_name":"Timberridge","has_polygon":true},"geometry":{"type":"Point","coordinates":[-84.07973739969759,33.4962365]}},{"type":"Feature","properties":{"id":"2020-287","county_nam":"Henry","county_norm":"HENRY","prec_id":"55","precinct_name":"Henry - 55","precinct_norm":"HENRY - 55","precinct_full_name":"Kelleytown","has_polygon":true},"geometry":{"type":"Point","coordinates":[-84.07460730181892,33.5371295]}},{"type":"Feature","properties":{"id":"2020-288","county_nam":"Henry","county_norm":"HENRY","prec_id":"27","precinct_name":"Henry - 27","precinct_norm":"HENRY - 27","precinct_full_name":"Sandy Ridge","has_polygon":true},"geometry":{"type":"Point","coordinates":[-83.99960239285714,33.407917]}},{"type":"Feature","properties":{"id":"2020-289","county_nam":"Henry","county_norm":"HENRY","prec_id":"58","precinct_name":"Henry - 58","precinct_norm":"HENRY - 58","precinct_full_name":"Mount Bethel","has_polygon":true},"geometry":{"type":"Point","coordinates":[-83.97668862316627,33.463651]}},{"type":"Feature","properties":{"id":"2020-290","county_nam":"Newton","county_norm":"NEWTON","prec_id":"10","precinct_name":"Newton - 10","precinct_norm":"NEWTON - 10","precinct_full_name":"Downs","has_polygon":true},"geometry":{"type":"Point","coordinates":[-83.99087076027894,33.514954]}},{"type":"Feature","properties":{"id":"2020-291","county_nam":"Newton","county_norm":"NEWTON","prec_id":"18","precinct_name":"Newton - 18","precinct_norm":"NEWTON - 18","precinct_full_name":"Rocky Plains","has_polygon":true},"geometry":{"type":"Point","coordinates":[-83.9036034234159,33.452182]}},{"type":"Feature","properties":{"id":"2020-292","county_nam":"Newton","county_norm":"NEWTON","prec_id":"09","precinct_name":"Newton - 09","precinct_norm":"NEWTON - 09","precinct_full_name":"Livingston","has_polygon":true},"geometry":{"type":"Point","coordinates":[-83.91206344617686,33.5430375]}},{"type":"Feature","properties":{"id":"2020-293","county_nam":"Fulton","county_norm":"FULTON","prec_id":"SC212","precinct_name":"Fulton - SC212","precinct_norm":"FULTON - SC212","precinct_full_name":"Oakley Elementary","has_polygon":true},"geometry":{"type":"Point","coordinates":[-84.57143561684123,33.5452115]}},{"type":"Feature","properties":{"id":"2020-294","county_nam":"Fulton","county_norm":"FULTON","prec_id":"FA01C","precinct_name":"Fulton - FA01C","precinct_norm":"FULTON - FA01C","precinct_full_name":"Harvest Rain Church","has_polygon":true},"geometry":{"type":"Point","coordinates":[-84.5548555337283,33.5462475]}},{"type":"Feature","properties":{"id":"2020-295","county_nam":"Fayette","county_norm":"FAYETTE","prec_id":"34","precinct_name":"Fayette - 34","precinct_norm":"FAYETTE - 34","precinct_full_name":"Rising Star","has_polygon":true},"geometry":{"type":"Point","coordinates":[-84.51450727164891,33.321083]}},{"type":"Feature","properties":{"id":"2020-296","county_nam":"Fayette","county_norm":"FAYETTE","prec_id":"22","precinct_name":"Fayette - 22","precinct_norm":"FAYETTE - 22","precinct_full_name":"Braelinn","has_polygon":true},"geometry":{"type":"Point","coordinates":[-84.53280049098527,33.3697375]}},{"type":"Feature","properties":{"id":"2020-297","county_nam":"Fayette","county_norm":"FAYETTE","prec_id":"13","precinct_name":"Fayette - 13","precinct_norm":"FAYETTE - 13","precinct_full_name":"Starrsmill","has_polygon":true},"geometry":{"type":"Point","coordinates":[-84.48869059122202,33.361938]}},{"type":"Feature","properties":{"id":"2020-298","county_nam":"Dooly","county_norm":"DOOLY","prec_id":"2","precinct_name":"Dooly - 2","precinct_norm":"DOOLY - 2","precinct_full_name":"Byromville","has_polygon":true},"geometry":{"type":"Point","coordinates":[-83.90783664729662,32.217985999999996]}},{"type":"Feature","properties":{"id":"2020-299","county_nam":"Macon","county_norm":"MACON","prec_id":"2","precinct_name":"Macon - 2","precinct_norm":"MACON - 2","precinct_full_name":"Oglethorpe","has_polygon":true},"geometry":{"type":"Point","coordinates":[-84.1360189780408,32.252179999999996]}},{"type":"Feature","properties":{"id":"2020-300","county_nam":"Peach","county_norm":"PEACH","prec_id":"F2","precinct_name":"Peach - F2","precinct_norm":"PEACH - F2","precinct_full_name":"Fort Valley #2","has_polygon":true},"geometry":{"type":"Point","coordinates":[-83.84339507864394,32.5484655]}},{"type":"Feature","properties":{"id":"2020-301","county_nam":"Peach","county_norm":"PEACH","prec_id":"P1","precinct_name":"Peach - P1","precinct_norm":"PEACH - P1","precinct_full_name":"Powersville","has_polygon":true},"geometry":{"type":"Point","coordinates":[-83.80753448648035,32.594871]}},{"type":"Feature","properties":{"id":"2020-302","county_nam":"Crawford","county_norm":"CRAWFORD","prec_id":"5","precinct_name":"Crawford - 5","precinct_norm":"CRAWFORD - 5","precinct_full_name":"District 5","has_polygon":true},"geometry":{"type":"Point","coordinates":[-83.83548789788387,32.667876]}},{"type":"Feature","properties":{"id":"2020-303","county_nam":"Peach","county_norm":"PEACH","prec_id":"B1","precinct_name":"Peach - B1","precinct_norm":"PEACH - B1","precinct_full_name":"Byron #1","has_polygon":true},"geometry":{"type":"Point","coordinates":[-83.78339472046514,32.6619295]}},{"type":"Feature","properties":{"id":"2020-304","county_nam":"Macon","county_norm":"MACON","prec_id":"5","precinct_name":"Macon - 5","precinct_norm":"MACON - 5","precinct_full_name":"Montezuma #5","has_polygon":true},"geometry":{"type":"Point","coordinates":[-83.995006520637,32.258868500000005]}},{"type":"Feature","properties":{"id":"2020-305","county_nam":"Macon","county_norm":"MACON","prec_id":"3","precinct_name":"Macon - 3","precinct_norm":"MACON - 3","precinct_full_name":"Marshallville","has_polygon":true},"geometry":{"type":"Point","coordinates":[-83.92839105741398,32.4032585]}},{"type":"Feature","properties":{"id":"2020-306","county_nam":"Peach","county_norm":"PEACH","prec_id":"F3","precinct_name":"Peach - F3","precinct_norm":"PEACH - F3","precinct_full_name":"Fort Valley #3","has_polygon":true},"geometry":{"type":"Point","coordinates":[-83.86462023051901,32.494888]}},{"type":"Feature","properties":{"id":"2020-307","county_nam":"Houston","county_norm":"HOUSTON","prec_id":"HAFS","precinct_name":"Houston - HAFS","precinct_norm":"HOUSTON - HAFS","precinct_full_name":"Haynesville Fire Station","has_polygon":true},"geometry":{"type":"Point","coordinates":[-83.63842361412625,32.352887]}},{"type":"Feature","properties":{"id":"2020-308","county_nam":"Dooly","county_norm":"DOOLY","prec_id":"7","precinct_name":"Dooly - 7","precinct_norm":"DOOLY - 7","precinct_full_name":"Vienna","has_polygon":true},"geometry":{"type":"Point","coordinates":[-83.76353593341653,32.101695500000005]}},{"type":"Feature","properties":{"id":"2020-309","county_nam":"Dooly","county_norm":"DOOLY","prec_id":"8","precinct_name":"Dooly - 8","precinct_norm":"DOOLY - 8","precinct_full_name":"Pinehurst","has_polygon":true},"geometry":{"type":"Point","coordinates":[-83.76033228953875,32.171442]}},{"type":"Feature","properties":{"id":"2020-310","county_nam":"Tift","county_norm":"TIFT","prec_id":"08","precinct_name":"Tift - 08","precinct_norm":"TIFT - 08","precinct_full_name":"Ty Ty","has_polygon":true},"geometry":{"type":"Point","coordinates":[-83.61890744135843,31.491508]}},{"type":"Feature","properties":{"id":"2020-311","county_nam":"Worth","county_norm":"WORTH","prec_id":"9","precinct_name":"Worth - 9","precinct_norm":"WORTH - 9","precinct_full_name":"Warwick","has_polygon":true},"geometry":{"type":"Point","coordinates":[-83.86141603347329,31.7890515]}},{"type":"Feature","properties":{"id":"2020-312","county_nam":"Crisp","county_norm":"CRISP","prec_id":"JAMES","precinct_name":"Crisp - JAMES","precinct_norm":"CRISP - JAMES","precinct_full_name":"Jamestown","has_polygon":true},"geometry":{"type":"Point","coordinates":[-83.85620811229947,31.8587545]}},{"type":"Feature","properties":{"id":"2020-313","county_nam":"Crisp","county_norm":"CRISP","prec_id":"CORDE","precinct_name":"Crisp - CORDE","precinct_norm":"CRISP - CORDE","precinct_full_name":"Cordele","has_polygon":true},"geometry":{"type":"Point","coordinates":[-83.77551870056439,31.9625765]}},{"type":"Feature","properties":{"id":"2020-314","county_nam":"Worth","county_norm":"WORTH","prec_id":"15","precinct_name":"Worth - 15","precinct_norm":"WORTH - 15","precinct_full_name":"Isabella","has_polygon":true},"geometry":{"type":"Point","coordinates":[-83.87174492963092,31.598740499999998]}},{"type":"Feature","properties":{"id":"2020-315","county_nam":"Worth","county_norm":"WORTH","prec_id":"7","precinct_name":"Worth - 7","precinct_norm":"WORTH - 7","precinct_full_name":"Doles","has_polygon":true},"geometry":{"type":"Point","coordinates":[-83.86931652908908,31.700945]}},{"type":"Feature","properties":{"id":"2020-316","county_nam":"Worth","county_norm":"WORTH","prec_id":"4","precinct_name":"Worth - 4","precinct_norm":"WORTH - 4","precinct_full_name":"Sumner","has_polygon":true},"geometry":{"type":"Point","coordinates":[-83.71188186627623,31.512625]}},{"type":"Feature","properties":{"id":"2020-317","county_nam":"Brantley","county_norm":"BRANTLEY","prec_id":"3","precinct_name":"Brantley - 3","precinct_norm":"BRANTLEY - 3","precinct_full_name":"Waynesville","has_polygon":true},"geometry":{"type":"Point","coordinates":[-81.81479900571273,31.229323]}},{"type":"Feature","properties":{"id":"2020-318","county_nam":"Worth","county_norm":"WORTH","prec_id":"1","precinct_name":"Worth - 1","precinct_norm":"WORTH - 1","precinct_full_name":"Sylvester","has_polygon":true},"geometry":{"type":"Point","coordinates":[-83.87538433070867,31.50399]}},{"type":"Feature","properties":{"id":"2020-319","county_nam":"Worth","county_norm":"WORTH","prec_id":"11","precinct_name":"Worth - 11","precinct_norm":"WORTH - 11","precinct_full_name":"Minton","has_polygon":true},"geometry":{"type":"Point","coordinates":[-83.80039301912564,31.390604]}},{"type":"Feature","properties":{"id":"2020-320","county_nam":"Colquitt","county_norm":"COLQUITT","prec_id":"0019","precinct_name":"Colquitt - 0019","precinct_norm":"COLQUITT - 0019","precinct_full_name":"Norman Park","has_polygon":true},"geometry":{"type":"Point","coordinates":[-83.67813518983144,31.256582]}},{"type":"Feature","properties":{"id":"2020-321","county_nam":"Colquitt","county_norm":"COLQUITT","prec_id":"0009","precinct_name":"Colquitt - 0009","precinct_norm":"COLQUITT - 0009","precinct_full_name":"Crosland","has_polygon":true},"geometry":{"type":"Point","coordinates":[-83.63264331437716,31.291849]}},{"type":"Feature","properties":{"id":"2020-322","county_nam":"Worth","county_norm":"WORTH","prec_id":"10","precinct_name":"Worth - 10","precinct_norm":"WORTH - 10","precinct_full_name":"Scooterville","has_polygon":true},"geometry":{"type":"Point","coordinates":[-83.70077592244326,31.39649]}},{"type":"Feature","properties":{"id":"2020-323","county_nam":"Colquitt","county_norm":"COLQUITT","prec_id":"0011","precinct_name":"Colquitt - 0011","precinct_norm":"COLQUITT - 0011","precinct_full_name":"Funston","has_polygon":true},"geometry":{"type":"Point","coordinates":[-83.87871323155024,31.2039745]}},{"type":"Feature","properties":{"id":"2020-324","county_nam":"Colquitt","county_norm":"COLQUITT","prec_id":"0016","precinct_name":"Colquitt - 0016","precinct_norm":"COLQUITT - 0016","precinct_full_name":"Millcreek","has_polygon":true},"geometry":{"type":"Point","coordinates":[-83.87863816167877,31.2643655]}},{"type":"Feature","properties":{"id":"2020-325","county_nam":"Colquitt","county_norm":"COLQUITT","prec_id":"0001","precinct_name":"Colquitt - 0001","precinct_norm":"COLQUITT - 0001","precinct_full_name":"Shaw","has_polygon":true},"geometry":{"type":"Point","coordinates":[-83.79700459196783,31.197314]}},{"type":"Feature","properties":{"id":"2020-326","county_nam":"Colquitt","county_norm":"COLQUITT","prec_id":"0017","precinct_name":"Colquitt - 0017","precinct_norm":"COLQUITT - 0017","precinct_full_name":"Monk","has_polygon":true},"geometry":{"type":"Point","coordinates":[-83.80715734845938,31.2563065]}},{"type":"Feature","properties":{"id":"2020-327","county_nam":"Brooks","county_norm":"BROOKS","prec_id":"1650","precinct_name":"Brooks - 1650","precinct_norm":"BROOKS - 1650","precinct_full_name":"Briggs","has_polygon":true},"geometry":{"type":"Point","coordinates":[-83.40926182107589,30.8544465]}},{"type":"Feature","properties":{"id":"2020-328","county_nam":"Thomas","county_norm":"THOMAS","prec_id":"104","precinct_name":"Thomas - 104","precinct_norm":"THOMAS - 104","precinct_full_name":"Coolidge","has_polygon":true},"geometry":{"type":"Point","coordinates":[-83.87234272709782,31.0043965]}},{"type":"Feature","properties":{"id":"2020-329","county_nam":"Thomas","county_norm":"THOMAS","prec_id":"117","precinct_name":"Thomas - 117","precinct_norm":"THOMAS - 117","precinct_full_name":"Pavo","has_polygon":true},"geometry":{"type":"Point","coordinates":[-83.77706274947306,30.9693405]}},{"type":"Feature","properties":{"id":"2020-330","county_nam":"Colquitt","county_norm":"COLQUITT","prec_id":"0008","precinct_name":"Colquitt - 0008","precinct_norm":"COLQUITT - 0008","precinct_full_name":"Bridgecreek","has_polygon":true},"geometry":{"type":"Point","coordinates":[-83.8643984979513,31.112108]}},{"type":"Feature","properties":{"id":"2020-331","county_nam":"Colquitt","county_norm":"COLQUITT","prec_id":"0018","precinct_name":"Colquitt - 0018","precinct_norm":"COLQUITT - 0018","precinct_full_name":"Murphy","has_polygon":true},"geometry":{"type":"Point","coordinates":[-83.82521573615918,31.083454000000003]}},{"type":"Feature","properties":{"id":"2020-332","county_nam":"Thomas","county_norm":"THOMAS","prec_id":"102","precinct_name":"Thomas - 102","precinct_norm":"THOMAS - 102","precinct_full_name":"Boston","has_polygon":true},"geometry":{"type":"Point","coordinates":[-83.8168236927786,30.7567925]}},{"type":"Feature","properties":{"id":"2020-333","county_nam":"Thomas","county_norm":"THOMAS","prec_id":"101","precinct_name":"Thomas - 101","precinct_norm":"THOMAS - 101","precinct_full_name":"Barwick","has_polygon":true},"geometry":{"type":"Point","coordinates":[-83.79151293213965,30.867613499999997]}},{"type":"Feature","properties":{"id":"2020-334","county_nam":"Thomas","county_norm":"THOMAS","prec_id":"116","precinct_name":"Thomas - 116","precinct_norm":"THOMAS - 116","precinct_full_name":"Patten","has_polygon":true},"geometry":{"type":"Point","coordinates":[-83.81274556049803,30.929524999999998]}},{"type":"Feature","properties":{"id":"2020-335","county_nam":"Brooks","county_norm":"BROOKS","prec_id":"1402","precinct_name":"Brooks - 1402","precinct_norm":"BROOKS - 1402","precinct_full_name":"Dixie","has_polygon":true},"geometry":{"type":"Point","coordinates":[-83.6816108073613,30.751409]}},{"type":"Feature","properties":{"id":"2020-336","county_nam":"Brooks","county_norm":"BROOKS","prec_id":"1230","precinct_name":"Brooks - 1230","precinct_norm":"BROOKS - 1230","precinct_full_name":"Barwick","has_polygon":true},"geometry":{"type":"Point","coordinates":[-83.68940008290555,30.888841]}},{"type":"Feature","properties":{"id":"2020-337","county_nam":"Brooks","county_norm":"BROOKS","prec_id":"659","precinct_name":"Brooks - 659","precinct_norm":"BROOKS - 659","precinct_full_name":"Nankin","has_polygon":true},"geometry":{"type":"Point","coordinates":[-83.52989145895523,30.697622000000003]}},{"type":"Feature","properties":{"id":"2020-338","county_nam":"Brooks","county_norm":"BROOKS","prec_id":"1199","precinct_name":"Brooks - 1199","precinct_norm":"BROOKS - 1199","precinct_full_name":"Quitman","has_polygon":true},"geometry":{"type":"Point","coordinates":[-83.56344464383727,30.807911500000003]}},{"type":"Feature","properties":{"id":"2020-339","county_nam":"Bibb","county_norm":"BIBB","prec_id":"WA1","precinct_name":"Bibb - WA1","precinct_norm":"BIBB - WA1","precinct_full_name":"Warrior 1","has_polygon":true},"geometry":{"type":"Point","coordinates":[-83.8248679756681,32.7895475]}},{"type":"Feature","properties":{"id":"2020-340","county_nam":"Bibb","county_norm":"BIBB","prec_id":"HA4","precinct_name":"Bibb - HA4","precinct_norm":"BIBB - HA4","precinct_full_name":"Hazzard 4","has_polygon":true},"geometry":{"type":"Point","coordinates":[-83.82591405047151,32.86345]}},{"type":"Feature","properties":{"id":"2020-341","county_nam":"Bibb","county_norm":"BIBB","prec_id":"HA2","precinct_name":"Bibb - HA2","precinct_norm":"BIBB - HA2","precinct_full_name":"Hazzard 2","has_polygon":true},"geometry":{"type":"Point","coordinates":[-83.76526652429753,32.8575765]}},{"type":"Feature","properties":{"id":"2020-342","county_nam":"Bibb","county_norm":"BIBB","prec_id":"HO2","precinct_name":"Bibb - HO2","precinct_norm":"BIBB - HO2","precinct_full_name":"Howard 2","has_polygon":true},"geometry":{"type":"Point","coordinates":[-83.75649119058227,32.8950655]}},{"type":"Feature","properties":{"id":"2020-343","county_nam":"Monroe","county_norm":"MONROE","prec_id":"03","precinct_name":"Monroe - 03","precinct_norm":"MONROE - 03","precinct_full_name":"Burgays","has_polygon":true},"geometry":{"type":"Point","coordinates":[-83.80070478023345,32.935464499999995]}},{"type":"Feature","properties":{"id":"2020-344","county_nam":"Monroe","county_norm":"MONROE","prec_id":"01","precinct_name":"Monroe - 01","precinct_norm":"MONROE - 01","precinct_full_name":"Bentons","has_polygon":true},"geometry":{"type":"Point","coordinates":[-83.76788470042169,32.974151]}},{"type":"Feature","properties":{"id":"2020-345","county_nam":"Twiggs","county_norm":"TWIGGS","prec_id":"DB","precinct_name":"Twiggs - DB","precinct_norm":"TWIGGS - DB","precinct_full_name":"Dry Branch","has_polygon":true},"geometry":{"type":"Point","coordinates":[-83.4307542953228,32.8215195]}},{"type":"Feature","properties":{"id":"2020-346","county_nam":"Jones","county_norm":"JONES","prec_id":"4","precinct_name":"Jones - 4","precinct_norm":"JONES - 4","precinct_full_name":"Davidson","has_polygon":true},"geometry":{"type":"Point","coordinates":[-83.43935808177375,32.94162]}},{"type":"Feature","properties":{"id":"2020-347","county_nam":"Monroe","county_norm":"MONROE","prec_id":"07","precinct_name":"Monroe - 07","precinct_norm":"MONROE - 07","precinct_full_name":"Dillards","has_polygon":true},"geometry":{"type":"Point","coordinates":[-83.89010245132744,33.063475499999996]}},{"type":"Feature","properties":{"id":"2020-348","county_nam":"Monroe","county_norm":"MONROE","prec_id":"04","precinct_name":"Monroe - 04","precinct_norm":"MONROE - 04","precinct_full_name":"Cabaniss","has_polygon":true},"geometry":{"type":"Point","coordinates":[-83.87640580951287,33.1577635]}},{"type":"Feature","properties":{"id":"2020-349","county_nam":"Lee","county_norm":"LEE","prec_id":"4","precinct_name":"Lee - 4","precinct_norm":"LEE - 4","precinct_full_name":"#4 Leesburg","has_polygon":true},"geometry":{"type":"Point","coordinates":[-84.15681247984858,31.7250395]}},{"type":"Feature","properties":{"id":"2020-350","county_nam":"Lee","county_norm":"LEE","prec_id":"1","precinct_name":"Lee - 1","precinct_norm":"LEE - 1","precinct_full_name":"#1 Chokee","has_polygon":true},"geometry":{"type":"Point","coordinates":[-84.04343042010422,31.8194]}},{"type":"Feature","properties":{"id":"2020-351","county_nam":"Sumter","county_norm":"SUMTER","prec_id":"15","precinct_name":"Sumter - 15","precinct_norm":"SUMTER - 15","precinct_full_name":"Leslie","has_polygon":true},"geometry":{"type":"Point","coordinates":[-84.07658458604571,31.975199]}},{"type":"Feature","properties":{"id":"2020-352","county_nam":"Worth","county_norm":"WORTH","prec_id":"8","precinct_name":"Worth - 8","precinct_norm":"WORTH - 8","precinct_full_name":"Oakfield","has_polygon":true},"geometry":{"type":"Point","coordinates":[-83.97933278530296,31.734232]}},{"type":"Feature","properties":{"id":"2020-353","county_nam":"Crisp","county_norm":"CRISP","prec_id":"CONEY","precinct_name":"Crisp - CONEY","precinct_norm":"CRISP - CONEY","precinct_full_name":"Coney","has_polygon":true},"geometry":{"type":"Point","coordinates":[-83.89887376713537,31.9663005]}},{"type":"Feature","properties":{"id":"2020-354","county_nam":"Butts","county_norm":"BUTTS","prec_id":"BCAB","precinct_name":"Butts - BCAB","precinct_norm":"BUTTS - BCAB","precinct_full_name":"Butts County Administration Judicial Center","has_polygon":true},"geometry":{"type":"Point","coordinates":[-83.94795759327124,33.312525]}},{"type":"Feature","properties":{"id":"2020-355","county_nam":"Henry","county_norm":"HENRY","prec_id":"25","precinct_name":"Henry - 25","precinct_norm":"HENRY - 25","precinct_full_name":"Locust Grove","has_polygon":true},"geometry":{"type":"Point","coordinates":[-84.11947674988875,33.334311]}},{"type":"Feature","properties":{"id":"2020-356","county_nam":"Crawford","county_norm":"CRAWFORD","prec_id":"1A","precinct_name":"Crawford - 1A","precinct_norm":"CRAWFORD - 1A","precinct_full_name":"Crawford County Government Complex","has_polygon":true},"geometry":{"type":"Point","coordinates":[-84.01282926336955,32.5897005]}},{"type":"Feature","properties":{"id":"2020-357","county_nam":"Peach","county_norm":"PEACH","prec_id":"F1","precinct_name":"Peach - F1","precinct_norm":"PEACH - F1","precinct_full_name":"Fort Valley #1","has_polygon":true},"geometry":{"type":"Point","coordinates":[-83.93820764961345,32.546803499999996]}},{"type":"Feature","properties":{"id":"2020-358","county_nam":"Crawford","county_norm":"CRAWFORD","prec_id":"3","precinct_name":"Crawford - 3","precinct_norm":"CRAWFORD - 3","precinct_full_name":"District 3","has_polygon":true},"geometry":{"type":"Point","coordinates":[-83.94040310086262,32.6730255]}},{"type":"Feature","properties":{"id":"2020-359","county_nam":"Crawford","county_norm":"CRAWFORD","prec_id":"4","precinct_name":"Crawford - 4","precinct_norm":"CRAWFORD - 4","precinct_full_name":"District 4","has_polygon":true},"geometry":{"type":"Point","coordinates":[-83.84778089366883,32.7342545]}},{"type":"Feature","properties":{"id":"2020-360","county_nam":"Monroe","county_norm":"MONROE","prec_id":"09","precinct_name":"Monroe - 09","precinct_norm":"MONROE - 09","precinct_full_name":"Forsyth","has_polygon":true},"geometry":{"type":"Point","coordinates":[-83.96307644925952,33.0309755]}},{"type":"Feature","properties":{"id":"2020-361","county_nam":"Monroe","county_norm":"MONROE","prec_id":"02","precinct_name":"Monroe - 02","precinct_norm":"MONROE - 02","precinct_full_name":"Brantleys","has_polygon":true},"geometry":{"type":"Point","coordinates":[-83.8860630805668,32.969518]}},{"type":"Feature","properties":{"id":"2020-362","county_nam":"Pike","county_norm":"PIKE","prec_id":"7","precinct_name":"Pike - 7","precinct_norm":"PIKE - 7","precinct_full_name":"Williamson","has_polygon":true},"geometry":{"type":"Point","coordinates":[-84.36838404036484,33.1582175]}},{"type":"Feature","properties":{"id":"2020-363","county_nam":"Pike","county_norm":"PIKE","prec_id":"8","precinct_name":"Pike - 8","precinct_norm":"PIKE - 8","precinct_full_name":"Zebulon","has_polygon":true},"geometry":{"type":"Point","coordinates":[-84.32473550625684,33.0887265]}},{"type":"Feature","properties":{"id":"2020-364","county_nam":"Pike","county_norm":"PIKE","prec_id":"3","precinct_name":"Pike - 3","precinct_norm":"PIKE - 3","precinct_full_name":"Meansville","has_polygon":true},"geometry":{"type":"Point","coordinates":[-84.29939621067624,33.037090500000005]}},{"type":"Feature","properties":{"id":"2020-365","county_nam":"Crawford","county_norm":"CRAWFORD","prec_id":"2","precinct_name":"Crawford - 2","precinct_norm":"CRAWFORD - 2","precinct_full_name":"District 2","has_polygon":true},"geometry":{"type":"Point","coordinates":[-84.06938275,32.757648]}},{"type":"Feature","properties":{"id":"2020-366","county_nam":"Monroe","county_norm":"MONROE","prec_id":"06","precinct_name":"Monroe - 06","precinct_norm":"MONROE - 06","precinct_full_name":"Culloden","has_polygon":true},"geometry":{"type":"Point","coordinates":[-84.075495779844,32.8905715]}},{"type":"Feature","properties":{"id":"2020-367","county_nam":"Lamar","county_norm":"LAMAR","prec_id":"1712C","precinct_name":"Lamar - 1712C","precinct_norm":"LAMAR - 1712C","precinct_full_name":"Redbone","has_polygon":true},"geometry":{"type":"Point","coordinates":[-84.08284614287155,32.989123]}},{"type":"Feature","properties":{"id":"2020-368","county_nam":"Monroe","county_norm":"MONROE","prec_id":"14","precinct_name":"Monroe - 14","precinct_norm":"MONROE - 14","precinct_full_name":"Russellville","has_polygon":true},"geometry":{"type":"Point","coordinates":[-83.98083027207025,32.8955025]}},{"type":"Feature","properties":{"id":"2020-369","county_nam":"Monroe","county_norm":"MONROE","prec_id":"11","precinct_name":"Monroe - 11","precinct_norm":"MONROE - 11","precinct_full_name":"Kelseys","has_polygon":true},"geometry":{"type":"Point","coordinates":[-83.88831626396514,32.904455999999996]}},{"type":"Feature","properties":{"id":"2020-370","county_nam":"Monroe","county_norm":"MONROE","prec_id":"05","precinct_name":"Monroe - 05","precinct_norm":"MONROE - 05","precinct_full_name":"Cox","has_polygon":true},"geometry":{"type":"Point","coordinates":[-83.98134496775958,32.9658715]}},{"type":"Feature","properties":{"id":"2020-371","county_nam":"Mitchell","county_norm":"MITCHELL","prec_id":"LS","precinct_name":"Mitchell - LS","precinct_norm":"MITCHELL - LS","precinct_full_name":"Lester","has_polygon":true},"geometry":{"type":"Point","coordinates":[-84.05113903070176,31.369108500000003]}},{"type":"Feature","properties":{"id":"2020-372","county_nam":"Colquitt","county_norm":"COLQUITT","prec_id":"0013","precinct_name":"Colquitt - 0013","precinct_norm":"COLQUITT - 0013","precinct_full_name":"Hartsfield","has_polygon":true},"geometry":{"type":"Point","coordinates":[-83.96792066218245,31.205877]}},{"type":"Feature","properties":{"id":"2020-373","county_nam":"Colquitt","county_norm":"COLQUITT","prec_id":"0021","precinct_name":"Colquitt - 0021","precinct_norm":"COLQUITT - 0021","precinct_full_name":"Thigpen","has_polygon":true},"geometry":{"type":"Point","coordinates":[-83.96893005519652,31.285294999999998]}},{"type":"Feature","properties":{"id":"2020-374","county_nam":"Colquitt","county_norm":"COLQUITT","prec_id":"0010","precinct_name":"Colquitt - 0010","precinct_norm":"COLQUITT - 0010","precinct_full_name":"Doerun","has_polygon":true},"geometry":{"type":"Point","coordinates":[-83.92721507550675,31.2972475]}},{"type":"Feature","properties":{"id":"2020-375","county_nam":"Worth","county_norm":"WORTH","prec_id":"12","precinct_name":"Worth - 12","precinct_norm":"WORTH - 12","precinct_full_name":"Bridgeboro","has_polygon":true},"geometry":{"type":"Point","coordinates":[-83.94533491326138,31.398688]}},{"type":"Feature","properties":{"id":"2020-376","county_nam":"Clay","county_norm":"CLAY","prec_id":"5","precinct_name":"Clay - 5","precinct_norm":"CLAY - 5","precinct_full_name":"Days Cross Road","has_polygon":true},"geometry":{"type":"Point","coordinates":[-85.08424098671166,31.714183]}},{"type":"Feature","properties":{"id":"2020-377","county_nam":"Mitchell","county_norm":"MITCHELL","prec_id":"CT","precinct_name":"Mitchell - CT","precinct_norm":"MITCHELL - CT","precinct_full_name":"Cotton","has_polygon":true},"geometry":{"type":"Point","coordinates":[-84.08309721008703,31.1383725]}},{"type":"Feature","properties":{"id":"2020-378","county_nam":"Mitchell","county_norm":"MITCHELL","prec_id":"HI","precinct_name":"Mitchell - HI","precinct_norm":"MITCHELL - HI","precinct_full_name":"Hinsonton","has_polygon":true},"geometry":{"type":"Point","coordinates":[-84.02657085989011,31.173676]}},{"type":"Feature","properties":{"id":"2020-379","county_nam":"Thomas","county_norm":"THOMAS","prec_id":"106","precinct_name":"Thomas - 106","precinct_norm":"THOMAS - 106","precinct_full_name":"Little Ochlocknee Baptist","has_polygon":true},"geometry":{"type":"Point","coordinates":[-83.97603405094011,30.987895]}},{"type":"Feature","properties":{"id":"2020-380","county_nam":"Thomas","county_norm":"THOMAS","prec_id":"112","precinct_name":"Thomas - 112","precinct_norm":"THOMAS - 112","precinct_full_name":"Merrillville","has_polygon":true},"geometry":{"type":"Point","coordinates":[-83.8950072807003,30.9483265]}},{"type":"Feature","properties":{"id":"2020-381","county_nam":"Colquitt","county_norm":"COLQUITT","prec_id":"0012","precinct_name":"Colquitt - 0012","precinct_norm":"COLQUITT - 0012","precinct_full_name":"Hamilton","has_polygon":true},"geometry":{"type":"Point","coordinates":[-83.95956937824775,31.1056705]}},{"type":"Feature","properties":{"id":"2020-382","county_nam":"Mitchell","county_norm":"MITCHELL","prec_id":"PC","precinct_name":"Mitchell - PC","precinct_norm":"MITCHELL - PC","precinct_full_name":"Pebble City","has_polygon":true},"geometry":{"type":"Point","coordinates":[-84.06999689555781,31.2554485]}},{"type":"Feature","properties":{"id":"2020-383","county_nam":"Mitchell","county_norm":"MITCHELL","prec_id":"SC","precinct_name":"Mitchell - SC","precinct_norm":"MITCHELL - SC","precinct_full_name":"Sale City","has_polygon":true},"geometry":{"type":"Point","coordinates":[-84.0170758747513,31.266087499999998]}},{"type":"Feature","properties":{"id":"2020-384","county_nam":"Thomas","county_norm":"THOMAS","prec_id":"108","precinct_name":"Thomas - 108","precinct_norm":"THOMAS - 108","precinct_full_name":"Gatlin Creek","has_polygon":true},"geometry":{"type":"Point","coordinates":[-83.89521393404803,30.795153499999998]}},{"type":"Feature","properties":{"id":"2020-385","county_nam":"Thomas","county_norm":"THOMAS","prec_id":"103","precinct_name":"Thomas - 103","precinct_norm":"THOMAS - 103","precinct_full_name":"Central","has_polygon":true},"geometry":{"type":"Point","coordinates":[-83.89492669075334,30.879541]}},{"type":"Feature","properties":{"id":"2020-386","county_nam":"Grady","county_norm":"GRADY","prec_id":"SH","precinct_name":"Grady - SH","precinct_norm":"GRADY - SH","precinct_full_name":"Spring Hill","has_polygon":true},"geometry":{"type":"Point","coordinates":[-84.31045408908972,30.9461185]}},{"type":"Feature","properties":{"id":"2020-387","county_nam":"Thomas","county_norm":"THOMAS","prec_id":"113","precinct_name":"Thomas - 113","precinct_norm":"THOMAS - 113","precinct_full_name":"Metcalfe","has_polygon":true},"geometry":{"type":"Point","coordinates":[-84.0079053677582,30.723986]}},{"type":"Feature","properties":{"id":"2020-388","county_nam":"Thomas","county_norm":"THOMAS","prec_id":"107","precinct_name":"Thomas - 107","precinct_norm":"THOMAS - 107","precinct_full_name":"Fire Station #2","has_polygon":true},"geometry":{"type":"Point","coordinates":[-84.00490600153566,30.786403]}},{"type":"Feature","properties":{"id":"2020-389","county_nam":"Thomas","county_norm":"THOMAS","prec_id":"109","precinct_name":"Thomas - 109","precinct_norm":"THOMAS - 109","precinct_full_name":"Harper","has_polygon":true},"geometry":{"type":"Point","coordinates":[-83.99875715610844,30.8263065]}},{"type":"Feature","properties":{"id":"2020-390","county_nam":"Sumter","county_norm":"SUMTER","prec_id":"29","precinct_name":"Sumter - 29","precinct_norm":"SUMTER - 29","precinct_full_name":"Andersonville","has_polygon":true},"geometry":{"type":"Point","coordinates":[-84.10743142249862,32.1713605]}},{"type":"Feature","properties":{"id":"2020-391","county_nam":"Dooly","county_norm":"DOOLY","prec_id":"10","precinct_name":"Dooly - 10","precinct_norm":"DOOLY - 10","precinct_full_name":"Lilly","has_polygon":true},"geometry":{"type":"Point","coordinates":[-83.9574591163715,32.1245165]}},{"type":"Feature","properties":{"id":"2020-392","county_nam":"Dougherty","county_norm":"DOUGHERTY","prec_id":"22","precinct_name":"Dougherty - 22","precinct_norm":"DOUGHERTY - 22","precinct_full_name":"Pine Bluff Baptist Church","has_polygon":true},"geometry":{"type":"Point","coordinates":[-84.0975694069396,31.566774]}},{"type":"Feature","properties":{"id":"2020-393","county_nam":"Dougherty","county_norm":"DOUGHERTY","prec_id":"20","precinct_name":"Dougherty - 20","precinct_norm":"DOUGHERTY - 20","precinct_full_name":"International Studies Elementary","has_polygon":true},"geometry":{"type":"Point","coordinates":[-84.07532200374382,31.4790865]}},{"type":"Feature","properties":{"id":"2020-394","county_nam":"Dougherty","county_norm":"DOUGHERTY","prec_id":"21","precinct_name":"Dougherty - 21","precinct_norm":"DOUGHERTY - 21","precinct_full_name":"International Studie","has_polygon":true},"geometry":{"type":"Point","coordinates":[-84.05603498362822,31.5345795]}},{"type":"Feature","properties":{"id":"2020-395","county_nam":"Dougherty","county_norm":"DOUGHERTY","prec_id":"24","precinct_name":"Dougherty - 24","precinct_norm":"DOUGHERTY - 24","precinct_full_name":"Christ Methodist Church","has_polygon":true},"geometry":{"type":"Point","coordinates":[-84.12345674220995,31.597953]}},{"type":"Feature","properties":{"id":"2020-396","county_nam":"Marion","county_norm":"MARION","prec_id":"955","precinct_name":"Marion - 955","precinct_norm":"MARION - 955","precinct_full_name":"Fort Perry","has_polygon":true},"geometry":{"type":"Point","coordinates":[-84.4958683484909,32.49978]}},{"type":"Feature","properties":{"id":"2020-397","county_nam":"Marion","county_norm":"MARION","prec_id":"808","precinct_name":"Marion - 808","precinct_norm":"MARION - 808","precinct_full_name":"Tazewell","has_polygon":true},"geometry":{"type":"Point","coordinates":[-84.43468821064047,32.392314999999996]}},{"type":"Feature","properties":{"id":"2020-398","county_nam":"Dougherty","county_norm":"DOUGHERTY","prec_id":"25","precinct_name":"Dougherty - 25","precinct_norm":"DOUGHERTY - 25","precinct_full_name":"Lamar Reese Elementary","has_polygon":true},"geometry":{"type":"Point","coordinates":[-84.36319962925819,31.564829500000002]}},{"type":"Feature","properties":{"id":"2020-399","county_nam":"Dougherty","county_norm":"DOUGHERTY","prec_id":"09","precinct_name":"Dougherty - 09","precinct_norm":"DOUGHERTY - 09","precinct_full_name":"2ND Mount Zion Church","has_polygon":true},"geometry":{"type":"Point","coordinates":[-84.31727570874702,31.4941515]}},{"type":"Feature","properties":{"id":"2020-400","county_nam":"Seminole","county_norm":"SEMINOLE","prec_id":"2","precinct_name":"Seminole - 2","precinct_norm":"SEMINOLE - 2","precinct_full_name":"Precinct 2","has_polygon":true},"geometry":{"type":"Point","coordinates":[-84.94681722446967,31.0276885]}},{"type":"Feature","properties":{"id":"2020-401","county_nam":"Early","county_norm":"EARLY","prec_id":"CS","precinct_name":"Early - CS","precinct_norm":"EARLY - CS","precinct_full_name":"Cedar Springs","has_polygon":true},"geometry":{"type":"Point","coordinates":[-85.04061403113064,31.2107005]}},{"type":"Feature","properties":{"id":"2020-402","county_nam":"Early","county_norm":"EARLY","prec_id":"U","precinct_name":"Early - U","precinct_norm":"EARLY - U","precinct_full_name":"Urquhart","has_polygon":true},"geometry":{"type":"Point","coordinates":[-85.00242499987806,31.4118925]}},{"type":"Feature","properties":{"id":"2020-403","county_nam":"Randolph","county_norm":"RANDOLPH","prec_id":"334","precinct_name":"Randolph - 334","precinct_norm":"RANDOLPH - 334","precinct_full_name":"Shellman","has_polygon":true},"geometry":{"type":"Point","coordinates":[-84.62390718151195,31.7001785]}},{"type":"Feature","properties":{"id":"2020-404","county_nam":"Calhoun","county_norm":"CALHOUN","prec_id":"1","precinct_name":"Calhoun - 1","precinct_norm":"CALHOUN - 1","precinct_full_name":"Leary","has_polygon":true},"geometry":{"type":"Point","coordinates":[-84.51094673828125,31.5248995]}},{"type":"Feature","properties":{"id":"2020-405","county_nam":"Terrell","county_norm":"TERRELL","prec_id":"06","precinct_name":"Terrell - 06","precinct_norm":"TERRELL - 06","precinct_full_name":"Herod-Dover","has_polygon":true},"geometry":{"type":"Point","coordinates":[-84.47557635604113,31.674527]}},{"type":"Feature","properties":{"id":"2020-406","county_nam":"Terrell","county_norm":"TERRELL","prec_id":"05","precinct_name":"Terrell - 05","precinct_norm":"TERRELL - 05","precinct_full_name":"Graves","has_polygon":true},"geometry":{"type":"Point","coordinates":[-84.53128813935791,31.7813105]}},{"type":"Feature","properties":{"id":"2020-407","county_nam":"Randolph","county_norm":"RANDOLPH","prec_id":"954","precinct_name":"Randolph - 954","precinct_norm":"RANDOLPH - 954","precinct_full_name":"Springvale","has_polygon":true},"geometry":{"type":"Point","coordinates":[-84.84692954163852,31.8312785]}},{"type":"Feature","properties":{"id":"2020-408","county_nam":"Randolph","county_norm":"RANDOLPH","prec_id":"718B","precinct_name":"Randolph - 718B","precinct_norm":"RANDOLPH - 718B","precinct_full_name":"Cuthbert","has_polygon":true},"geometry":{"type":"Point","coordinates":[-84.7939573887717,31.762019000000002]}},{"type":"Feature","properties":{"id":"2020-409","county_nam":"Randolph","county_norm":"RANDOLPH","prec_id":"566","precinct_name":"Randolph - 566","precinct_norm":"RANDOLPH - 566","precinct_full_name":"Benevolence","has_polygon":true},"geometry":{"type":"Point","coordinates":[-84.69105608744346,31.850033]}},{"type":"Feature","properties":{"id":"2020-410","county_nam":"Calhoun","county_norm":"CALHOUN","prec_id":"2","precinct_name":"Calhoun - 2","precinct_norm":"CALHOUN - 2","precinct_full_name":"Morgan","has_polygon":true},"geometry":{"type":"Point","coordinates":[-84.6583507683571,31.5378075]}},{"type":"Feature","properties":{"id":"2020-411","county_nam":"Calhoun","county_norm":"CALHOUN","prec_id":"4","precinct_name":"Calhoun - 4","precinct_norm":"CALHOUN - 4","precinct_full_name":"Edison-Arlington","has_polygon":true},"geometry":{"type":"Point","coordinates":[-84.77153676970971,31.524889]}},{"type":"Feature","properties":{"id":"2020-412","county_nam":"Calhoun","county_norm":"CALHOUN","prec_id":"3","precinct_name":"Calhoun - 3","precinct_norm":"CALHOUN - 3","precinct_full_name":"Edison","has_polygon":true},"geometry":{"type":"Point","coordinates":[-84.73736863236275,31.560676]}},{"type":"Feature","properties":{"id":"2020-413","county_nam":"Randolph","county_norm":"RANDOLPH","prec_id":"718A","precinct_name":"Randolph - 718A","precinct_norm":"RANDOLPH - 718A","precinct_full_name":"Cuthbert/Courthouse","has_polygon":true},"geometry":{"type":"Point","coordinates":[-84.77641699107792,31.7236765]}},{"type":"Feature","properties":{"id":"2020-414","county_nam":"Dougherty","county_norm":"DOUGHERTY","prec_id":"26","precinct_name":"Dougherty - 26","precinct_norm":"DOUGHERTY - 26","precinct_full_name":"Albany State University East Campus-Lovett Hall","has_polygon":true},"geometry":{"type":"Point","coordinates":[-84.17963107723394,31.490219]}},{"type":"Feature","properties":{"id":"2020-415","county_nam":"Dougherty","county_norm":"DOUGHERTY","prec_id":"11","precinct_name":"Dougherty - 11","precinct_norm":"DOUGHERTY - 11","precinct_full_name":"1ST Mount Olive","has_polygon":true},"geometry":{"type":"Point","coordinates":[-84.19338155104428,31.540508000000003]}},{"type":"Feature","properties":{"id":"2020-416","county_nam":"Dougherty","county_norm":"DOUGHERTY","prec_id":"14","precinct_name":"Dougherty - 14","precinct_norm":"DOUGHERTY - 14","precinct_full_name":"Albany High School","has_polygon":true},"geometry":{"type":"Point","coordinates":[-84.18602564860142,31.5709685]}},{"type":"Feature","properties":{"id":"2020-417","county_nam":"Dougherty","county_norm":"DOUGHERTY","prec_id":"10","precinct_name":"Dougherty - 10","precinct_norm":"DOUGHERTY - 10","precinct_full_name":"Alice Coachman Elementary","has_polygon":true},"geometry":{"type":"Point","coordinates":[-84.15998861065079,31.549488]}},{"type":"Feature","properties":{"id":"2020-418","county_nam":"Dougherty","county_norm":"DOUGHERTY","prec_id":"12","precinct_name":"Dougherty - 12","precinct_norm":"DOUGHERTY - 12","precinct_full_name":"Shiloh Baptist Church","has_polygon":true},"geometry":{"type":"Point","coordinates":[-84.16866423516798,31.564529]}},{"type":"Feature","properties":{"id":"2020-419","county_nam":"Dougherty","county_norm":"DOUGHERTY","prec_id":"13","precinct_name":"Dougherty - 13","precinct_norm":"DOUGHERTY - 13","precinct_full_name":"Litman Cathedral","has_polygon":true},"geometry":{"type":"Point","coordinates":[-84.16216956337763,31.5709755]}},{"type":"Feature","properties":{"id":"2020-420","county_nam":"Dougherty","county_norm":"DOUGHERTY","prec_id":"23","precinct_name":"Dougherty - 23","precinct_norm":"DOUGHERTY - 23","precinct_full_name":"Albany Middle School","has_polygon":true},"geometry":{"type":"Point","coordinates":[-84.03637619547584,31.601134000000002]}},{"type":"Feature","properties":{"id":"2020-421","county_nam":"Lee","county_norm":"LEE","prec_id":"10","precinct_name":"Lee - 10","precinct_norm":"LEE - 10","precinct_full_name":"#10 Redbone","has_polygon":true},"geometry":{"type":"Point","coordinates":[-84.05896135666859,31.678300999999998]}},{"type":"Feature","properties":{"id":"2020-422","county_nam":"Worth","county_norm":"WORTH","prec_id":"14","precinct_name":"Worth - 14","precinct_norm":"WORTH - 14","precinct_full_name":"County Line","has_polygon":true},"geometry":{"type":"Point","coordinates":[-83.95586955440497,31.488865]}},{"type":"Feature","properties":{"id":"2020-423","county_nam":"Worth","county_norm":"WORTH","prec_id":"16","precinct_name":"Worth - 16","precinct_norm":"WORTH - 16","precinct_full_name":"Piney Woods","has_polygon":true},"geometry":{"type":"Point","coordinates":[-83.96100813274043,31.551731500000002]}},{"type":"Feature","properties":{"id":"2020-424","county_nam":"Worth","county_norm":"WORTH","prec_id":"6","precinct_name":"Worth - 6","precinct_norm":"WORTH - 6","precinct_full_name":"Red Rock","has_polygon":true},"geometry":{"type":"Point","coordinates":[-83.95502288981882,31.614125]}},{"type":"Feature","properties":{"id":"2020-425","county_nam":"Seminole","county_norm":"SEMINOLE","prec_id":"1","precinct_name":"Seminole - 1","precinct_norm":"SEMINOLE - 1","precinct_full_name":"Precinct 1","has_polygon":true},"geometry":{"type":"Point","coordinates":[-84.89128614285714,30.868797]}},{"type":"Feature","properties":{"id":"2020-426","county_nam":"Seminole","county_norm":"SEMINOLE","prec_id":"5","precinct_name":"Seminole - 5","precinct_norm":"SEMINOLE - 5","precinct_full_name":"Precinct 5","has_polygon":true},"geometry":{"type":"Point","coordinates":[-84.83747239942528,30.814839]}},{"type":"Feature","properties":{"id":"2020-427","county_nam":"Decatur","county_norm":"DECATUR","prec_id":"1325","precinct_name":"Decatur - 1325","precinct_norm":"DECATUR - 1325","precinct_full_name":"Recovery","has_polygon":true},"geometry":{"type":"Point","coordinates":[-84.73744399890998,30.754649999999998]}},{"type":"Feature","properties":{"id":"2020-428","county_nam":"Decatur","county_norm":"DECATUR","prec_id":"1342","precinct_name":"Decatur - 1342","precinct_norm":"DECATUR - 1342","precinct_full_name":"Kendrick","has_polygon":true},"geometry":{"type":"Point","coordinates":[-84.72079504415817,30.828599]}},{"type":"Feature","properties":{"id":"2020-429","county_nam":"Miller","county_norm":"MILLER","prec_id":"1","precinct_name":"Miller - 1","precinct_norm":"MILLER - 1","precinct_full_name":"Colquitt-Miller","has_polygon":true},"geometry":{"type":"Point","coordinates":[-84.73009799914931,31.1656905]}},{"type":"Feature","properties":{"id":"2020-430","county_nam":"Early","county_norm":"EARLY","prec_id":"CUBA","precinct_name":"Early - CUBA","precinct_norm":"EARLY - CUBA","precinct_full_name":"Cuba","has_polygon":true},"geometry":{"type":"Point","coordinates":[-84.89656410665509,31.272862]}},{"type":"Feature","properties":{"id":"2020-431","county_nam":"Early","county_norm":"EARLY","prec_id":"B","precinct_name":"Early - B","precinct_norm":"EARLY - B","precinct_full_name":"Blakely","has_polygon":true},"geometry":{"type":"Point","coordinates":[-84.92234679123564,31.365868]}},{"type":"Feature","properties":{"id":"2020-432","county_nam":"Grady","county_norm":"GRADY","prec_id":"L","precinct_name":"Grady - L","precinct_norm":"GRADY - L","precinct_full_name":"Limesink","has_polygon":true},"geometry":{"type":"Point","coordinates":[-84.31751705090942,31.02688]}},{"type":"Feature","properties":{"id":"2020-433","county_nam":"Mitchell","county_norm":"MITCHELL","prec_id":"BV","precinct_name":"Mitchell - BV","precinct_norm":"MITCHELL - BV","precinct_full_name":"Branchville","has_polygon":true},"geometry":{"type":"Point","coordinates":[-84.32403955471025,31.1606425]}},{"type":"Feature","properties":{"id":"2020-434","county_nam":"Grady","county_norm":"GRADY","prec_id":"B","precinct_name":"Grady - B","precinct_norm":"GRADY - B","precinct_full_name":"Blowing Cave","has_polygon":true},"geometry":{"type":"Point","coordinates":[-84.23150233122516,30.994566]}},{"type":"Feature","properties":{"id":"2020-435","county_nam":"Grady","county_norm":"GRADY","prec_id":"S","precinct_name":"Grady - S","precinct_norm":"GRADY - S","precinct_full_name":"Spence","has_polygon":true},"geometry":{"type":"Point","coordinates":[-84.16115232964248,31.030185000000003]}},{"type":"Feature","properties":{"id":"2020-436","county_nam":"Grady","county_norm":"GRADY","prec_id":"M","precinct_name":"Grady - M","precinct_norm":"GRADY - M","precinct_full_name":"Midway","has_polygon":true},"geometry":{"type":"Point","coordinates":[-84.18691671727497,30.809117]}},{"type":"Feature","properties":{"id":"2020-437","county_nam":"Grady","county_norm":"GRADY","prec_id":"C05","precinct_name":"Grady - C05","precinct_norm":"GRADY - C05","precinct_full_name":"Cairo 5TH Distr","has_polygon":true},"geometry":{"type":"Point","coordinates":[-84.19065836353457,30.869533]}},{"type":"Feature","properties":{"id":"2020-438","county_nam":"Grady","county_norm":"GRADY","prec_id":"WL","precinct_name":"Grady - WL","precinct_norm":"GRADY - WL","precinct_full_name":"Woodland","has_polygon":true},"geometry":{"type":"Point","coordinates":[-84.16607879163965,30.926006]}},{"type":"Feature","properties":{"id":"2020-439","county_nam":"Grady","county_norm":"GRADY","prec_id":"P","precinct_name":"Grady - P","precinct_norm":"GRADY - P","precinct_full_name":"Pine Park","has_polygon":true},"geometry":{"type":"Point","coordinates":[-84.10528174019737,30.892993500000003]}},{"type":"Feature","properties":{"id":"2020-440","county_nam":"Decatur","county_norm":"DECATUR","prec_id":"514","precinct_name":"Decatur - 514","precinct_norm":"DECATUR - 514","precinct_full_name":"Bdge-Fairgrounds","has_polygon":true},"geometry":{"type":"Point","coordinates":[-84.51468118241635,30.941767]}},{"type":"Feature","properties":{"id":"2020-441","county_nam":"Decatur","county_norm":"DECATUR","prec_id":"1277","precinct_name":"Decatur - 1277","precinct_norm":"DECATUR - 1277","precinct_full_name":"Mount Pleasant","has_polygon":true},"geometry":{"type":"Point","coordinates":[-84.44675237413195,31.010581000000002]}},{"type":"Feature","properties":{"id":"2020-442","county_nam":"Mitchell","county_norm":"MITCHELL","prec_id":"HF","precinct_name":"Mitchell - HF","precinct_norm":"MITCHELL - HF","precinct_full_name":"Hopeful","has_polygon":true},"geometry":{"type":"Point","coordinates":[-84.41698015844139,31.160865]}},{"type":"Feature","properties":{"id":"2020-443","county_nam":"Baker","county_norm":"BAKER","prec_id":"A","precinct_name":"Baker - A","precinct_norm":"BAKER - A","precinct_full_name":"Anna","has_polygon":true},"geometry":{"type":"Point","coordinates":[-84.56314094345812,31.298004]}},{"type":"Feature","properties":{"id":"2020-444","county_nam":"Baker","county_norm":"BAKER","prec_id":"M","precinct_name":"Baker - M","precinct_norm":"BAKER - M","precinct_full_name":"Milford","has_polygon":true},"geometry":{"type":"Point","coordinates":[-84.59115626522669,31.384496499999997]}},{"type":"Feature","properties":{"id":"2020-445","county_nam":"Early","county_norm":"EARLY","prec_id":"A","precinct_name":"Early - A","precinct_norm":"EARLY - A","precinct_full_name":"Arlington","has_polygon":true},"geometry":{"type":"Point","coordinates":[-84.7317957818486,31.3437585]}},{"type":"Feature","properties":{"id":"2020-446","county_nam":"Calhoun","county_norm":"CALHOUN","prec_id":"5","precinct_name":"Calhoun - 5","precinct_norm":"CALHOUN - 5","precinct_full_name":"Arlington","has_polygon":true},"geometry":{"type":"Point","coordinates":[-84.71794295060658,31.443978]}},{"type":"Feature","properties":{"id":"2020-447","county_nam":"Decatur","county_norm":"DECATUR","prec_id":"1805","precinct_name":"Decatur - 1805","precinct_norm":"DECATUR - 1805","precinct_full_name":"West Bainbridge","has_polygon":true},"geometry":{"type":"Point","coordinates":[-84.6028509598104,30.961014]}},{"type":"Feature","properties":{"id":"2020-448","county_nam":"Baker","county_norm":"BAKER","prec_id":"H","precinct_name":"Baker - H","precinct_norm":"BAKER - H","precinct_full_name":"Hoggards Mill","has_polygon":true},"geometry":{"type":"Point","coordinates":[-84.49495927099785,31.177552]}},{"type":"Feature","properties":{"id":"2020-449","county_nam":"Baker","county_norm":"BAKER","prec_id":"E","precinct_name":"Baker - E","precinct_norm":"BAKER - E","precinct_full_name":"Elmodel","has_polygon":true},"geometry":{"type":"Point","coordinates":[-84.46457538744949,31.3541005]}},{"type":"Feature","properties":{"id":"2020-450","county_nam":"Grady","county_norm":"GRADY","prec_id":"H","precinct_name":"Grady - H","precinct_norm":"GRADY - H","precinct_full_name":"Higdon","has_polygon":true},"geometry":{"type":"Point","coordinates":[-84.34701234460144,30.761457]}},{"type":"Feature","properties":{"id":"2020-451","county_nam":"Mitchell","county_norm":"MITCHELL","prec_id":"PE","precinct_name":"Mitchell - PE","precinct_norm":"MITCHELL - PE","precinct_full_name":"Pelham","has_polygon":true},"geometry":{"type":"Point","coordinates":[-84.17362442632714,31.120908]}},{"type":"Feature","properties":{"id":"2020-452","county_nam":"Baker","county_norm":"BAKER","prec_id":"N","precinct_name":"Baker - N","precinct_norm":"BAKER - N","precinct_full_name":"Newton","has_polygon":true},"geometry":{"type":"Point","coordinates":[-84.33975714057478,31.342329499999998]}},{"type":"Feature","properties":{"id":"2020-453","county_nam":"Mitchell","county_norm":"MITCHELL","prec_id":"CN","precinct_name":"Mitchell - CN","precinct_norm":"MITCHELL - CN","precinct_full_name":"Camilla North","has_polygon":true},"geometry":{"type":"Point","coordinates":[-84.24840911319761,31.270437]}},{"type":"Feature","properties":{"id":"2020-454","county_nam":"Thomas","county_norm":"THOMAS","prec_id":"120","precinct_name":"Thomas - 120","precinct_norm":"THOMAS - 120","precinct_full_name":"Tc Public Library/Scott","has_polygon":true},"geometry":{"type":"Point","coordinates":[-83.96579819454797,30.855324500000002]}},{"type":"Feature","properties":{"id":"2020-455","county_nam":"Thomas","county_norm":"THOMAS","prec_id":"118","precinct_name":"Thomas - 118","precinct_norm":"THOMAS - 118","precinct_full_name":"Remington Esc","has_polygon":true},"geometry":{"type":"Point","coordinates":[-83.95869025683152,30.844794]}},{"type":"Feature","properties":{"id":"2020-456","county_nam":"Thomas","county_norm":"THOMAS","prec_id":"114","precinct_name":"Thomas - 114","precinct_norm":"THOMAS - 114","precinct_full_name":"New Covenant","has_polygon":true},"geometry":{"type":"Point","coordinates":[-83.99138628840767,30.891684]}},{"type":"Feature","properties":{"id":"2020-457","county_nam":"Seminole","county_norm":"SEMINOLE","prec_id":"3","precinct_name":"Seminole - 3","precinct_norm":"SEMINOLE - 3","precinct_full_name":"Precinct 3","has_polygon":true},"geometry":{"type":"Point","coordinates":[-84.87072383639514,31.0434305]}},{"type":"Feature","properties":{"id":"2020-458","county_nam":"Seminole","county_norm":"SEMINOLE","prec_id":"4","precinct_name":"Seminole - 4","precinct_norm":"SEMINOLE - 4","precinct_full_name":"Precinct 4","has_polygon":true},"geometry":{"type":"Point","coordinates":[-84.8045059261668,30.960383]}},{"type":"Feature","properties":{"id":"2020-459","county_nam":"Decatur","county_norm":"DECATUR","prec_id":"1613","precinct_name":"Decatur - 1613","precinct_norm":"DECATUR - 1613","precinct_full_name":"Brinson","has_polygon":true},"geometry":{"type":"Point","coordinates":[-84.68276461323586,30.991929499999998]}},{"type":"Feature","properties":{"id":"2020-460","county_nam":"Decatur","county_norm":"DECATUR","prec_id":"513","precinct_name":"Decatur - 513","precinct_norm":"DECATUR - 513","precinct_full_name":"Joe L. Sweet Jr. Community Center","has_polygon":true},"geometry":{"type":"Point","coordinates":[-84.57611778108287,30.8460855]}},{"type":"Feature","properties":{"id":"2020-461","county_nam":"Decatur","county_norm":"DECATUR","prec_id":"694","precinct_name":"Decatur - 694","precinct_norm":"DECATUR - 694","precinct_full_name":"Attapulgus","has_polygon":true},"geometry":{"type":"Point","coordinates":[-84.50161975679505,30.771528500000002]}},{"type":"Feature","properties":{"id":"2020-462","county_nam":"Decatur","county_norm":"DECATUR","prec_id":"1361","precinct_name":"Decatur - 1361","precinct_norm":"DECATUR - 1361","precinct_full_name":"Climax","has_polygon":true},"geometry":{"type":"Point","coordinates":[-84.44090831760775,30.8972465]}},{"type":"Feature","properties":{"id":"2020-463","county_nam":"Mitchell","county_norm":"MITCHELL","prec_id":"CS","precinct_name":"Mitchell - CS","precinct_norm":"MITCHELL - CS","precinct_full_name":"Camilla South","has_polygon":true},"geometry":{"type":"Point","coordinates":[-84.14725763308675,31.2339805]}},{"type":"Feature","properties":{"id":"2020-464","county_nam":"Mitchell","county_norm":"MITCHELL","prec_id":"BA","precinct_name":"Mitchell - BA","precinct_norm":"MITCHELL - BA","precinct_full_name":"Baconton","has_polygon":true},"geometry":{"type":"Point","coordinates":[-84.1524823084338,31.3791155]}},{"type":"Feature","properties":{"id":"2020-465","county_nam":"Thomas","county_norm":"THOMAS","prec_id":"115","precinct_name":"Thomas - 115","precinct_norm":"THOMAS - 115","precinct_full_name":"Ochlocknee","has_polygon":true},"geometry":{"type":"Point","coordinates":[-84.05513632407407,30.9460155]}},{"type":"Feature","properties":{"id":"2020-466","county_nam":"Thomas","county_norm":"THOMAS","prec_id":"111","precinct_name":"Thomas - 111","precinct_norm":"THOMAS - 111","precinct_full_name":"Meigs","has_polygon":true},"geometry":{"type":"Point","coordinates":[-84.06738751914287,31.0264015]}},{"type":"Feature","properties":{"id":"2020-467","county_nam":"Grady","county_norm":"GRADY","prec_id":"W","precinct_name":"Grady - W","precinct_norm":"GRADY - W","precinct_full_name":"Whigham","has_polygon":true},"geometry":{"type":"Point","coordinates":[-84.32145774013563,30.867528999999998]}},{"type":"Feature","properties":{"id":"2020-468","county_nam":"Grady","county_norm":"GRADY","prec_id":"R","precinct_name":"Grady - R","precinct_norm":"GRADY - R","precinct_full_name":"Ragan","has_polygon":true},"geometry":{"type":"Point","coordinates":[-84.27500216247043,30.769377]}},{"type":"Feature","properties":{"id":"2020-469","county_nam":"Grady","county_norm":"GRADY","prec_id":"D","precinct_name":"Grady - D","precinct_norm":"GRADY - D","precinct_full_name":"Duncanville","has_polygon":true},"geometry":{"type":"Point","coordinates":[-84.14041974260226,30.754601]}},{"type":"Feature","properties":{"id":"2020-470","county_nam":"Grady","county_norm":"GRADY","prec_id":"C04","precinct_name":"Grady - C04","precinct_norm":"GRADY - C04","precinct_full_name":"Cairo 4TH Distr","has_polygon":true},"geometry":{"type":"Point","coordinates":[-84.23611160304054,30.870668000000002]}},{"type":"Feature","properties":{"id":"2020-471","county_nam":"Thomas","county_norm":"THOMAS","prec_id":"105","precinct_name":"Thomas - 105","precinct_norm":"THOMAS - 105","precinct_full_name":"Douglass","has_polygon":true},"geometry":{"type":"Point","coordinates":[-83.99584292615339,30.849558000000002]}},{"type":"Feature","properties":{"id":"2020-472","county_nam":"Thomas","county_norm":"THOMAS","prec_id":"119","precinct_name":"Thomas - 119","precinct_norm":"THOMAS - 119","precinct_full_name":"Resource Center","has_polygon":true},"geometry":{"type":"Point","coordinates":[-83.97876145358956,30.819056500000002]}},{"type":"Feature","properties":{"id":"2020-473","county_nam":"Thomas","county_norm":"THOMAS","prec_id":"110","precinct_name":"Thomas - 110","precinct_norm":"THOMAS - 110","precinct_full_name":"Tc Public Library/Jerger","has_polygon":true},"geometry":{"type":"Point","coordinates":[-83.9603565555424,30.823136499999997]}},{"type":"Feature","properties":{"id":"2020-474","county_nam":"Muscogee","county_norm":"MUSCOGEE","prec_id":"110","precinct_name":"Muscogee - 110","precinct_norm":"MUSCOGEE - 110","precinct_full_name":"Cussetta Road","has_polygon":true},"geometry":{"type":"Point","coordinates":[-84.95133989935577,32.4458615]}},{"type":"Feature","properties":{"id":"2020-475","county_nam":"Muscogee","county_norm":"MUSCOGEE","prec_id":"101","precinct_name":"Muscogee - 101","precinct_norm":"MUSCOGEE - 101","precinct_full_name":"Inc Columbus/Wynnton","has_polygon":true},"geometry":{"type":"Point","coordinates":[-84.95914477345971,32.4669625]}},{"type":"Feature","properties":{"id":"2020-476","county_nam":"Muscogee","county_norm":"MUSCOGEE","prec_id":"102","precinct_name":"Muscogee - 102","precinct_norm":"MUSCOGEE - 102","precinct_full_name":"Columbus Public Library","has_polygon":true},"geometry":{"type":"Point","coordinates":[-84.938291625,32.4669485]}},{"type":"Feature","properties":{"id":"2020-477","county_nam":"Muscogee","county_norm":"MUSCOGEE","prec_id":"118","precinct_name":"Muscogee - 118","precinct_norm":"MUSCOGEE - 118","precinct_full_name":"St Paul","has_polygon":true},"geometry":{"type":"Point","coordinates":[-84.94988183466239,32.491003000000006]}},{"type":"Feature","properties":{"id":"2020-478","county_nam":"Marion","county_norm":"MARION","prec_id":"948","precinct_name":"Marion - 948","precinct_norm":"MARION - 948","precinct_full_name":"Brantley","has_polygon":true},"geometry":{"type":"Point","coordinates":[-84.56787201323624,32.392314999999996]}},{"type":"Feature","properties":{"id":"2020-479","county_nam":"Marion","county_norm":"MARION","prec_id":"339","precinct_name":"Marion - 339","precinct_norm":"MARION - 339","precinct_full_name":"Pineknot","has_polygon":true},"geometry":{"type":"Point","coordinates":[-84.60149577501079,32.4812805]}},{"type":"Feature","properties":{"id":"2020-480","county_nam":"Marion","county_norm":"MARION","prec_id":"807","precinct_name":"Marion - 807","precinct_norm":"MARION - 807","precinct_full_name":"Buena Vista","has_polygon":true},"geometry":{"type":"Point","coordinates":[-84.53449788960904,32.2623005]}},{"type":"Feature","properties":{"id":"2020-481","county_nam":"Taylor","county_norm":"TAYLOR","prec_id":"5","precinct_name":"Taylor - 5","precinct_norm":"TAYLOR - 5","precinct_full_name":"Precinct 5","has_polygon":true},"geometry":{"type":"Point","coordinates":[-84.33532689941528,32.5367885]}},{"type":"Feature","properties":{"id":"2020-482","county_nam":"Taylor","county_norm":"TAYLOR","prec_id":"1","precinct_name":"Taylor - 1","precinct_norm":"TAYLOR - 1","precinct_full_name":"Precinct 1","has_polygon":true},"geometry":{"type":"Point","coordinates":[-84.20752236859806,32.5608225]}},{"type":"Feature","properties":{"id":"2020-483","county_nam":"Muscogee","county_norm":"MUSCOGEE","prec_id":"105","precinct_name":"Muscogee - 105","precinct_norm":"MUSCOGEE - 105","precinct_full_name":"St. Peter","has_polygon":true},"geometry":{"type":"Point","coordinates":[-84.93990724152893,32.5422785]}},{"type":"Feature","properties":{"id":"2020-484","county_nam":"Muscogee","county_norm":"MUSCOGEE","prec_id":"108","precinct_name":"Muscogee - 108","precinct_norm":"MUSCOGEE - 108","precinct_full_name":"Central Baptist","has_polygon":true},"geometry":{"type":"Point","coordinates":[-84.99140662682638,32.5672565]}},{"type":"Feature","properties":{"id":"2020-485","county_nam":"Muscogee","county_norm":"MUSCOGEE","prec_id":"106","precinct_name":"Muscogee - 106","precinct_norm":"MUSCOGEE - 106","precinct_full_name":"Chattahoochee","has_polygon":true},"geometry":{"type":"Point","coordinates":[-84.95228642888472,32.5664095]}},{"type":"Feature","properties":{"id":"2020-486","county_nam":"Harris","county_norm":"HARRIS","prec_id":"U9","precinct_name":"Harris - U9","precinct_norm":"HARRIS - U9","precinct_full_name":"Upper 19TH","has_polygon":true},"geometry":{"type":"Point","coordinates":[-85.06365299999999,32.68907]}},{"type":"Feature","properties":{"id":"2020-487","county_nam":"Harris","county_norm":"HARRIS","prec_id":"L9","precinct_name":"Harris - L9","precinct_norm":"HARRIS - L9","precinct_full_name":"Lower 19TH","has_polygon":true},"geometry":{"type":"Point","coordinates":[-85.01028678486051,32.651155]}},{"type":"Feature","properties":{"id":"2020-488","county_nam":"Harris","county_norm":"HARRIS","prec_id":"MG","precinct_name":"Harris - MG","precinct_norm":"HARRIS - MG","precinct_full_name":"Mulberry Grove","has_polygon":true},"geometry":{"type":"Point","coordinates":[-84.96163385950149,32.65823]}},{"type":"Feature","properties":{"id":"2020-489","county_nam":"Troup","county_norm":"TROUP","prec_id":"05","precinct_name":"Troup - 05","precinct_norm":"TROUP - 05","precinct_full_name":"West Point","has_polygon":true},"geometry":{"type":"Point","coordinates":[-85.1586425856874,32.9045795]}},{"type":"Feature","properties":{"id":"2020-490","county_nam":"Harris","county_norm":"HARRIS","prec_id":"SK","precinct_name":"Harris - SK","precinct_norm":"HARRIS - SK","precinct_full_name":"Skinner","has_polygon":true},"geometry":{"type":"Point","coordinates":[-85.1331232629075,32.821721]}},{"type":"Feature","properties":{"id":"2020-491","county_nam":"Troup","county_norm":"TROUP","prec_id":"11","precinct_name":"Troup - 11","precinct_norm":"TROUP - 11","precinct_full_name":"Grace","has_polygon":true},"geometry":{"type":"Point","coordinates":[-85.1388846519277,32.972285]}},{"type":"Feature","properties":{"id":"2020-492","county_nam":"Troup","county_norm":"TROUP","prec_id":"13","precinct_name":"Troup - 13","precinct_norm":"TROUP - 13","precinct_full_name":"Gray Hill","has_polygon":true},"geometry":{"type":"Point","coordinates":[-85.06533239706056,32.924591]}},{"type":"Feature","properties":{"id":"2020-493","county_nam":"Harris","county_norm":"HARRIS","prec_id":"WH","precinct_name":"Harris - WH","precinct_norm":"HARRIS - WH","precinct_full_name":"Whitesville","has_polygon":true},"geometry":{"type":"Point","coordinates":[-85.06627273536118,32.794807500000005]}},{"type":"Feature","properties":{"id":"2020-494","county_nam":"Muscogee","county_norm":"MUSCOGEE","prec_id":"113","precinct_name":"Muscogee - 113","precinct_norm":"MUSCOGEE - 113","precinct_full_name":"New Mount Pilgrim","has_polygon":true},"geometry":{"type":"Point","coordinates":[-84.91015966443399,32.437443]}},{"type":"Feature","properties":{"id":"2020-495","county_nam":"Muscogee","county_norm":"MUSCOGEE","prec_id":"103","precinct_name":"Muscogee - 103","precinct_norm":"MUSCOGEE - 103","precinct_full_name":"St John/Shirley Winston","has_polygon":true},"geometry":{"type":"Point","coordinates":[-84.91373174705646,32.453210999999996]}},{"type":"Feature","properties":{"id":"2020-496","county_nam":"Muscogee","county_norm":"MUSCOGEE","prec_id":"126","precinct_name":"Muscogee - 126","precinct_norm":"MUSCOGEE - 126","precinct_full_name":"Edgewood Baptist","has_polygon":true},"geometry":{"type":"Point","coordinates":[-84.91817001520712,32.489991]}},{"type":"Feature","properties":{"id":"2020-497","county_nam":"Muscogee","county_norm":"MUSCOGEE","prec_id":"116","precinct_name":"Muscogee - 116","precinct_norm":"MUSCOGEE - 116","precinct_full_name":"Gateway","has_polygon":true},"geometry":{"type":"Point","coordinates":[-84.91359148380468,32.4703035]}},{"type":"Feature","properties":{"id":"2020-498","county_nam":"Coweta","county_norm":"COWETA","prec_id":"11","precinct_name":"Coweta - 11","precinct_norm":"COWETA - 11","precinct_full_name":"Welcome","has_polygon":true},"geometry":{"type":"Point","coordinates":[-84.94206557869326,33.397217]}},{"type":"Feature","properties":{"id":"2020-499","county_nam":"Coweta","county_norm":"COWETA","prec_id":"15","precinct_name":"Coweta - 15","precinct_norm":"COWETA - 15","precinct_full_name":"Smokey Road","has_polygon":true},"geometry":{"type":"Point","coordinates":[-84.83423783811403,33.349153]}},{"type":"Feature","properties":{"id":"2020-500","county_nam":"Coweta","county_norm":"COWETA","prec_id":"24","precinct_name":"Coweta - 24","precinct_norm":"COWETA - 24","precinct_full_name":"Westside","has_polygon":true},"geometry":{"type":"Point","coordinates":[-84.84044337464611,33.3806195]}},{"type":"Feature","properties":{"id":"2020-501","county_nam":"Coweta","county_norm":"COWETA","prec_id":"05","precinct_name":"Coweta - 05","precinct_norm":"COWETA - 05","precinct_full_name":"Newnan","has_polygon":true},"geometry":{"type":"Point","coordinates":[-84.8143779980733,33.372493500000004]}},{"type":"Feature","properties":{"id":"2020-502","county_nam":"Coweta","county_norm":"COWETA","prec_id":"20","precinct_name":"Coweta - 20","precinct_norm":"COWETA - 20","precinct_full_name":"Expo Center","has_polygon":true},"geometry":{"type":"Point","coordinates":[-84.82105828545454,33.402973]}},{"type":"Feature","properties":{"id":"2020-503","county_nam":"Coweta","county_norm":"COWETA","prec_id":"12","precinct_name":"Coweta - 12","precinct_norm":"COWETA - 12","precinct_full_name":"Panther Creek","has_polygon":true},"geometry":{"type":"Point","coordinates":[-84.87034082588785,33.4404225]}},{"type":"Feature","properties":{"id":"2020-504","county_nam":"Coweta","county_norm":"COWETA","prec_id":"02","precinct_name":"Coweta - 02","precinct_norm":"COWETA - 02","precinct_full_name":"Moreland","has_polygon":true},"geometry":{"type":"Point","coordinates":[-84.7486747639218,33.276767500000005]}},{"type":"Feature","properties":{"id":"2020-505","county_nam":"Meriwether","county_norm":"MERIWETHER","prec_id":"07","precinct_name":"Meriwether - 07","precinct_norm":"MERIWETHER - 07","precinct_full_name":"Luthersville","has_polygon":true},"geometry":{"type":"Point","coordinates":[-84.71240609790874,33.164013]}},{"type":"Feature","properties":{"id":"2020-506","county_nam":"Coweta","county_norm":"COWETA","prec_id":"03","precinct_name":"Coweta - 03","precinct_norm":"COWETA - 03","precinct_full_name":"Pine Road","has_polygon":true},"geometry":{"type":"Point","coordinates":[-84.88284731738167,33.29691]}},{"type":"Feature","properties":{"id":"2020-507","county_nam":"Meriwether","county_norm":"MERIWETHER","prec_id":"06","precinct_name":"Meriwether - 06","precinct_norm":"MERIWETHER - 06","precinct_full_name":"Lone Oak","has_polygon":true},"geometry":{"type":"Point","coordinates":[-84.81326389949541,33.145364]}},{"type":"Feature","properties":{"id":"2020-508","county_nam":"Coweta","county_norm":"COWETA","prec_id":"09","precinct_name":"Coweta - 09","precinct_norm":"COWETA - 09","precinct_full_name":"Grantville","has_polygon":true},"geometry":{"type":"Point","coordinates":[-84.8619361144562,33.23944]}},{"type":"Feature","properties":{"id":"2020-509","county_nam":"Meriwether","county_norm":"MERIWETHER","prec_id":"05","precinct_name":"Meriwether - 05","precinct_norm":"MERIWETHER - 05","precinct_full_name":"8TH-Greenville","has_polygon":true},"geometry":{"type":"Point","coordinates":[-84.68275506498496,33.026213999999996]}},{"type":"Feature","properties":{"id":"2020-510","county_nam":"Muscogee","county_norm":"MUSCOGEE","prec_id":"124","precinct_name":"Muscogee - 124","precinct_norm":"MUSCOGEE - 124","precinct_full_name":"Epworth United Methodist Church","has_polygon":true},"geometry":{"type":"Point","coordinates":[-84.96329662630785,32.5033125]}},{"type":"Feature","properties":{"id":"2020-511","county_nam":"Muscogee","county_norm":"MUSCOGEE","prec_id":"109","precinct_name":"Muscogee - 109","precinct_norm":"MUSCOGEE - 109","precinct_full_name":"Wynnbrook","has_polygon":true},"geometry":{"type":"Point","coordinates":[-85.02529293327002,32.557663500000004]}},{"type":"Feature","properties":{"id":"2020-512","county_nam":"Muscogee","county_norm":"MUSCOGEE","prec_id":"107","precinct_name":"Muscogee - 107","precinct_norm":"MUSCOGEE - 107","precinct_full_name":"Columbus Tech","has_polygon":true},"geometry":{"type":"Point","coordinates":[-84.98505407882314,32.5077155]}},{"type":"Feature","properties":{"id":"2020-513","county_nam":"Muscogee","county_norm":"MUSCOGEE","prec_id":"104","precinct_name":"Muscogee - 104","precinct_norm":"MUSCOGEE - 104","precinct_full_name":"Britt David","has_polygon":true},"geometry":{"type":"Point","coordinates":[-84.94945660453173,32.522731]}},{"type":"Feature","properties":{"id":"2020-514","county_nam":"Muscogee","county_norm":"MUSCOGEE","prec_id":"112","precinct_name":"Muscogee - 112","precinct_norm":"MUSCOGEE - 112","precinct_full_name":"Our Lady Of Lourdes","has_polygon":true},"geometry":{"type":"Point","coordinates":[-84.953000249555,32.4072225]}},{"type":"Feature","properties":{"id":"2020-515","county_nam":"Muscogee","county_norm":"MUSCOGEE","prec_id":"122","precinct_name":"Muscogee - 122","precinct_norm":"MUSCOGEE - 122","precinct_full_name":"First African","has_polygon":true},"geometry":{"type":"Point","coordinates":[-84.98820048934039,32.45682600000001]}},{"type":"Feature","properties":{"id":"2020-516","county_nam":"Muscogee","county_norm":"MUSCOGEE","prec_id":"125","precinct_name":"Muscogee - 125","precinct_norm":"MUSCOGEE - 125","precinct_full_name":"Marianna Gallops","has_polygon":true},"geometry":{"type":"Point","coordinates":[-84.98460450685333,32.481365]}},{"type":"Feature","properties":{"id":"2020-517","county_nam":"Quitman","county_norm":"QUITMAN","prec_id":"G","precinct_name":"Quitman - G","precinct_norm":"QUITMAN - G","precinct_full_name":"Georgetown","has_polygon":true},"geometry":{"type":"Point","coordinates":[-85.05150026802231,31.881205]}},{"type":"Feature","properties":{"id":"2020-518","county_nam":"Stewart","county_norm":"STEWART","prec_id":"06","precinct_name":"Stewart - 06","precinct_norm":"STEWART - 06","precinct_full_name":"Omaha","has_polygon":true},"geometry":{"type":"Point","coordinates":[-84.9543585385399,32.117051000000004]}},{"type":"Feature","properties":{"id":"2020-519","county_nam":"Clay","county_norm":"CLAY","prec_id":"2","precinct_name":"Clay - 2","precinct_norm":"CLAY - 2","precinct_full_name":"Zetto","has_polygon":true},"geometry":{"type":"Point","coordinates":[-85.00067985145247,31.5497385]}},{"type":"Feature","properties":{"id":"2020-520","county_nam":"Clay","county_norm":"CLAY","prec_id":"3","precinct_name":"Clay - 3","precinct_norm":"CLAY - 3","precinct_full_name":"Court House","has_polygon":true},"geometry":{"type":"Point","coordinates":[-85.0613660670677,31.635317]}},{"type":"Feature","properties":{"id":"2020-521","county_nam":"Clay","county_norm":"CLAY","prec_id":"4","precinct_name":"Clay - 4","precinct_norm":"CLAY - 4","precinct_full_name":"Old Head Start","has_polygon":true},"geometry":{"type":"Point","coordinates":[-84.99789436810102,31.6934575]}},{"type":"Feature","properties":{"id":"2020-522","county_nam":"Quitman","county_norm":"QUITMAN","prec_id":"M","precinct_name":"Quitman - M","precinct_norm":"QUITMAN - M","precinct_full_name":"Morris","has_polygon":true},"geometry":{"type":"Point","coordinates":[-84.93990545333648,31.85955]}},{"type":"Feature","properties":{"id":"2020-523","county_nam":"Troup","county_norm":"TROUP","prec_id":"02","precinct_name":"Troup - 02","precinct_norm":"TROUP - 02","precinct_full_name":"Administration Building","has_polygon":true},"geometry":{"type":"Point","coordinates":[-85.04613712917146,33.0031025]}},{"type":"Feature","properties":{"id":"2020-524","county_nam":"Troup","county_norm":"TROUP","prec_id":"04","precinct_name":"Troup - 04","precinct_norm":"TROUP - 04","precinct_full_name":"Griggs Center","has_polygon":true},"geometry":{"type":"Point","coordinates":[-85.01681545899956,33.0251655]}},{"type":"Feature","properties":{"id":"2020-525","county_nam":"Troup","county_norm":"TROUP","prec_id":"08","precinct_name":"Troup - 08","precinct_norm":"TROUP - 08","precinct_full_name":"Rosemont","has_polygon":true},"geometry":{"type":"Point","coordinates":[-84.94033450051373,32.9540255]}},{"type":"Feature","properties":{"id":"2020-526","county_nam":"Macon","county_norm":"MACON","prec_id":"4","precinct_name":"Macon - 4","precinct_norm":"MACON - 4","precinct_full_name":"Montezuma #4","has_polygon":true},"geometry":{"type":"Point","coordinates":[-84.03565226368862,32.3019995]}},{"type":"Feature","properties":{"id":"2020-527","county_nam":"Macon","county_norm":"MACON","prec_id":"1","precinct_name":"Macon - 1","precinct_norm":"MACON - 1","precinct_full_name":"Ideal","has_polygon":true},"geometry":{"type":"Point","coordinates":[-84.10722678599136,32.4054235]}},{"type":"Feature","properties":{"id":"2020-528","county_nam":"Muscogee","county_norm":"MUSCOGEE","prec_id":"114","precinct_name":"Muscogee - 114","precinct_norm":"MUSCOGEE - 114","precinct_full_name":"Faith Tabernacle","has_polygon":true},"geometry":{"type":"Point","coordinates":[-84.8842109460924,32.478623999999996]}},{"type":"Feature","properties":{"id":"2020-529","county_nam":"Chattahoochee","county_norm":"CHATTAHOOCHEE","prec_id":"1","precinct_name":"Chattahoochee - 1","precinct_norm":"CHATTAHOOCHEE - 1","precinct_full_name":"Activity Center","has_polygon":true},"geometry":{"type":"Point","coordinates":[-84.72536726195571,32.285256000000004]}},{"type":"Feature","properties":{"id":"2020-530","county_nam":"Harris","county_norm":"HARRIS","prec_id":"GM","precinct_name":"Harris - GM","precinct_norm":"HARRIS - GM","precinct_full_name":"Goodman","has_polygon":true},"geometry":{"type":"Point","coordinates":[-84.89871140403129,32.836056]}},{"type":"Feature","properties":{"id":"2020-531","county_nam":"Harris","county_norm":"HARRIS","prec_id":"PV","precinct_name":"Harris - PV","precinct_norm":"HARRIS - PV","precinct_full_name":"Pine Mountain Valley","has_polygon":true},"geometry":{"type":"Point","coordinates":[-84.80755983226393,32.809191]}},{"type":"Feature","properties":{"id":"2020-532","county_nam":"Meriwether","county_norm":"MERIWETHER","prec_id":"04","precinct_name":"Meriwether - 04","precinct_norm":"MERIWETHER - 04","precinct_full_name":"7TH-Odessadale","has_polygon":true},"geometry":{"type":"Point","coordinates":[-84.81933571209106,33.0340245]}},{"type":"Feature","properties":{"id":"2020-533","county_nam":"Harris","county_norm":"HARRIS","prec_id":"VP","precinct_name":"Harris - VP","precinct_norm":"HARRIS - VP","precinct_full_name":"Valley Plains","has_polygon":true},"geometry":{"type":"Point","coordinates":[-84.72914968827101,32.811175000000006]}},{"type":"Feature","properties":{"id":"2020-534","county_nam":"Troup","county_norm":"TROUP","prec_id":"16","precinct_name":"Troup - 16","precinct_norm":"TROUP - 16","precinct_full_name":"Northside","has_polygon":true},"geometry":{"type":"Point","coordinates":[-85.03956799027415,33.0755875]}},{"type":"Feature","properties":{"id":"2020-535","county_nam":"Heard","county_norm":"HEARD","prec_id":"FRA","precinct_name":"Heard - FRA","precinct_norm":"HEARD - FRA","precinct_full_name":"Franklin","has_polygon":true},"geometry":{"type":"Point","coordinates":[-85.12107852372975,33.2577695]}},{"type":"Feature","properties":{"id":"2020-536","county_nam":"Troup","county_norm":"TROUP","prec_id":"03","precinct_name":"Troup - 03","precinct_norm":"TROUP - 03","precinct_full_name":"Hammett Road","has_polygon":true},"geometry":{"type":"Point","coordinates":[-85.01151066480054,33.069213000000005]}},{"type":"Feature","properties":{"id":"2020-537","county_nam":"Troup","county_norm":"TROUP","prec_id":"10","precinct_name":"Troup - 10","precinct_norm":"TROUP - 10","precinct_full_name":"Hillcrest","has_polygon":true},"geometry":{"type":"Point","coordinates":[-85.03050547868082,33.1436245]}},{"type":"Feature","properties":{"id":"2020-538","county_nam":"Muscogee","county_norm":"MUSCOGEE","prec_id":"117","precinct_name":"Muscogee - 117","precinct_norm":"MUSCOGEE - 117","precinct_full_name":"Cunningham Center-Gentian","has_polygon":true},"geometry":{"type":"Point","coordinates":[-84.9188900792282,32.506793]}},{"type":"Feature","properties":{"id":"2020-539","county_nam":"Muscogee","county_norm":"MUSCOGEE","prec_id":"119","precinct_name":"Muscogee - 119","precinct_norm":"MUSCOGEE - 119","precinct_full_name":"Moon","has_polygon":true},"geometry":{"type":"Point","coordinates":[-84.92010697115384,32.544402000000005]}},{"type":"Feature","properties":{"id":"2020-540","county_nam":"Muscogee","county_norm":"MUSCOGEE","prec_id":"115","precinct_name":"Muscogee - 115","precinct_norm":"MUSCOGEE - 115","precinct_full_name":"Canaan","has_polygon":true},"geometry":{"type":"Point","coordinates":[-84.88141046651754,32.5111535]}},{"type":"Feature","properties":{"id":"2020-541","county_nam":"Muscogee","county_norm":"MUSCOGEE","prec_id":"120","precinct_name":"Muscogee - 120","precinct_norm":"MUSCOGEE - 120","precinct_full_name":"St Andrews","has_polygon":true},"geometry":{"type":"Point","coordinates":[-84.89494040844973,32.565042000000005]}},{"type":"Feature","properties":{"id":"2020-542","county_nam":"Taylor","county_norm":"TAYLOR","prec_id":"6","precinct_name":"Taylor - 6","precinct_norm":"TAYLOR - 6","precinct_full_name":"Precinct 6","has_polygon":true},"geometry":{"type":"Point","coordinates":[-84.15912715862362,32.6189775]}},{"type":"Feature","properties":{"id":"2020-543","county_nam":"Upson","county_norm":"UPSON","prec_id":"0589","precinct_name":"Upson - 0589","precinct_norm":"UPSON - 0589","precinct_full_name":"Salem","has_polygon":true},"geometry":{"type":"Point","coordinates":[-84.23463382306925,32.755175]}},{"type":"Feature","properties":{"id":"2020-544","county_nam":"Meriwether","county_norm":"MERIWETHER","prec_id":"14","precinct_name":"Meriwether - 14","precinct_norm":"MERIWETHER - 14","precinct_full_name":"Cove","has_polygon":true},"geometry":{"type":"Point","coordinates":[-84.56430400152082,32.929480999999996]}},{"type":"Feature","properties":{"id":"2020-545","county_nam":"Meriwether","county_norm":"MERIWETHER","prec_id":"10","precinct_name":"Meriwether - 10","precinct_norm":"MERIWETHER - 10","precinct_full_name":"Lower 9TH-Woodbury","has_polygon":true},"geometry":{"type":"Point","coordinates":[-84.57682907622632,33.003508]}},{"type":"Feature","properties":{"id":"2020-546","county_nam":"Pike","county_norm":"PIKE","prec_id":"4","precinct_name":"Pike - 4","precinct_norm":"PIKE - 4","precinct_full_name":"Molena","has_polygon":true},"geometry":{"type":"Point","coordinates":[-84.46728008286038,33.019673]}},{"type":"Feature","properties":{"id":"2020-547","county_nam":"Troup","county_norm":"TROUP","prec_id":"06","precinct_name":"Troup - 06","precinct_norm":"TROUP - 06","precinct_full_name":"Hogansville","has_polygon":true},"geometry":{"type":"Point","coordinates":[-84.91000956289973,33.1305075]}},{"type":"Feature","properties":{"id":"2020-548","county_nam":"Muscogee","county_norm":"MUSCOGEE","prec_id":"121","precinct_name":"Muscogee - 121","precinct_norm":"MUSCOGEE - 121","precinct_full_name":"Salvation Army","has_polygon":true},"geometry":{"type":"Point","coordinates":[-84.88294684664386,32.5396915]}},{"type":"Feature","properties":{"id":"2020-549","county_nam":"Harris","county_norm":"HARRIS","prec_id":"CA","precinct_name":"Harris - CA","precinct_norm":"HARRIS - CA","precinct_full_name":"Cataula","has_polygon":true},"geometry":{"type":"Point","coordinates":[-84.86323168700287,32.637147999999996]}},{"type":"Feature","properties":{"id":"2020-550","county_nam":"Harris","county_norm":"HARRIS","prec_id":"HA","precinct_name":"Harris - HA","precinct_norm":"HARRIS - HA","precinct_full_name":"Hamilton","has_polygon":true},"geometry":{"type":"Point","coordinates":[-84.89576046187965,32.7483085]}},{"type":"Feature","properties":{"id":"2020-551","county_nam":"Stewart","county_norm":"STEWART","prec_id":"05","precinct_name":"Stewart - 05","precinct_norm":"STEWART - 05","precinct_full_name":"Lumpkin","has_polygon":true},"geometry":{"type":"Point","coordinates":[-84.84071803996781,32.016351]}},{"type":"Feature","properties":{"id":"2020-552","county_nam":"Stewart","county_norm":"STEWART","prec_id":"04","precinct_name":"Stewart - 04","precinct_norm":"STEWART - 04","precinct_full_name":"Louvale","has_polygon":true},"geometry":{"type":"Point","coordinates":[-84.83104754211328,32.165752499999996]}},{"type":"Feature","properties":{"id":"2020-553","county_nam":"Stewart","county_norm":"STEWART","prec_id":"02","precinct_name":"Stewart - 02","precinct_norm":"STEWART - 02","precinct_full_name":"Richland","has_polygon":true},"geometry":{"type":"Point","coordinates":[-84.68499990858346,32.0758625]}},{"type":"Feature","properties":{"id":"2020-554","county_nam":"Webster","county_norm":"WEBSTER","prec_id":"P1","precinct_name":"Webster - P1","precinct_norm":"WEBSTER - P1","precinct_full_name":"Preston 1","has_polygon":true},"geometry":{"type":"Point","coordinates":[-84.5380394441994,32.0741485]}},{"type":"Feature","properties":{"id":"2020-555","county_nam":"Carroll","county_norm":"CARROLL","prec_id":"1533","precinct_name":"Carroll - 1533","precinct_norm":"CARROLL - 1533","precinct_full_name":"Tyus","has_polygon":true},"geometry":{"type":"Point","coordinates":[-85.22978318092848,33.484037]}},{"type":"Feature","properties":{"id":"2020-556","county_nam":"Troup","county_norm":"TROUP","prec_id":"07","precinct_name":"Troup - 07","precinct_norm":"TROUP - 07","precinct_full_name":"East Vernon","has_polygon":true},"geometry":{"type":"Point","coordinates":[-85.17221509863882,33.063795]}},{"type":"Feature","properties":{"id":"2020-557","county_nam":"Troup","county_norm":"TROUP","prec_id":"01","precinct_name":"Troup - 01","precinct_norm":"TROUP - 01","precinct_full_name":"Hollis Hand","has_polygon":true},"geometry":{"type":"Point","coordinates":[-85.06524555747501,33.060922000000005]}},{"type":"Feature","properties":{"id":"2020-558","county_nam":"Schley","county_norm":"SCHLEY","prec_id":"01","precinct_name":"Schley - 01","precinct_norm":"SCHLEY - 01","precinct_full_name":"Precinct One","has_polygon":true},"geometry":{"type":"Point","coordinates":[-84.31624664472653,32.2937125]}},{"type":"Feature","properties":{"id":"2020-559","county_nam":"Sumter","county_norm":"SUMTER","prec_id":"28","precinct_name":"Sumter - 28","precinct_norm":"SUMTER - 28","precinct_full_name":"Browns Mill","has_polygon":true},"geometry":{"type":"Point","coordinates":[-84.07455860306848,32.076463000000004]}},{"type":"Feature","properties":{"id":"2020-560","county_nam":"Sumter","county_norm":"SUMTER","prec_id":"O-26","precinct_name":"Sumter - O-26","precinct_norm":"SUMTER - O-26","precinct_full_name":"Plains","has_polygon":true},"geometry":{"type":"Point","coordinates":[-84.3773968177929,32.0346895]}},{"type":"Feature","properties":{"id":"2020-561","county_nam":"Sumter","county_norm":"SUMTER","prec_id":"N-26","precinct_name":"Sumter - N-26","precinct_norm":"SUMTER - N-26","precinct_full_name":"Concord","has_polygon":true},"geometry":{"type":"Point","coordinates":[-84.36637008391477,32.119124]}},{"type":"Feature","properties":{"id":"2020-562","county_nam":"Sumter","county_norm":"SUMTER","prec_id":"W-27","precinct_name":"Sumter - W-27","precinct_norm":"SUMTER - W-27","precinct_full_name":"Ag Center","has_polygon":true},"geometry":{"type":"Point","coordinates":[-84.27012499909041,32.086490999999995]}},{"type":"Feature","properties":{"id":"2020-563","county_nam":"Dougherty","county_norm":"DOUGHERTY","prec_id":"03","precinct_name":"Dougherty - 03","precinct_norm":"DOUGHERTY - 03","precinct_full_name":"Covenant Church","has_polygon":true},"geometry":{"type":"Point","coordinates":[-84.18978525568657,31.6027505]}},{"type":"Feature","properties":{"id":"2020-564","county_nam":"Lee","county_norm":"LEE","prec_id":"8","precinct_name":"Lee - 8","precinct_norm":"LEE - 8","precinct_full_name":"#8 Flint Reformed Baptist","has_polygon":true},"geometry":{"type":"Point","coordinates":[-84.18502307866287,31.6524035]}},{"type":"Feature","properties":{"id":"2020-565","county_nam":"Terrell","county_norm":"TERRELL","prec_id":"03","precinct_name":"Terrell - 03","precinct_norm":"TERRELL - 03","precinct_full_name":"Bronwood","has_polygon":true},"geometry":{"type":"Point","coordinates":[-84.35395498804033,31.84191]}},{"type":"Feature","properties":{"id":"2020-566","county_nam":"Sumter","county_norm":"SUMTER","prec_id":"17","precinct_name":"Sumter - 17","precinct_norm":"SUMTER - 17","precinct_full_name":"Thompson","has_polygon":true},"geometry":{"type":"Point","coordinates":[-84.30837255635959,31.941620999999998]}},{"type":"Feature","properties":{"id":"2020-567","county_nam":"Terrell","county_norm":"TERRELL","prec_id":"01","precinct_name":"Terrell - 01","precinct_norm":"TERRELL - 01","precinct_full_name":"Dawson","has_polygon":true},"geometry":{"type":"Point","coordinates":[-84.43993077567154,31.758589999999998]}},{"type":"Feature","properties":{"id":"2020-568","county_nam":"Terrell","county_norm":"TERRELL","prec_id":"04","precinct_name":"Terrell - 04","precinct_norm":"TERRELL - 04","precinct_full_name":"Parrott","has_polygon":true},"geometry":{"type":"Point","coordinates":[-84.51283883438313,31.8956265]}},{"type":"Feature","properties":{"id":"2020-569","county_nam":"Terrell","county_norm":"TERRELL","prec_id":"02","precinct_name":"Terrell - 02","precinct_norm":"TERRELL - 02","precinct_full_name":"Sasser","has_polygon":true},"geometry":{"type":"Point","coordinates":[-84.34535040459195,31.725334500000002]}},{"type":"Feature","properties":{"id":"2020-570","county_nam":"Dougherty","county_norm":"DOUGHERTY","prec_id":"08","precinct_name":"Dougherty - 08","precinct_norm":"DOUGHERTY - 08","precinct_full_name":"Westtown Elementary School","has_polygon":true},"geometry":{"type":"Point","coordinates":[-84.21070032554267,31.560081500000003]}},{"type":"Feature","properties":{"id":"2020-571","county_nam":"Dougherty","county_norm":"DOUGHERTY","prec_id":"07","precinct_name":"Dougherty - 07","precinct_norm":"DOUGHERTY - 07","precinct_full_name":"Darton College","has_polygon":true},"geometry":{"type":"Point","coordinates":[-84.22589100057522,31.5795885]}},{"type":"Feature","properties":{"id":"2020-572","county_nam":"Lee","county_norm":"LEE","prec_id":"3","precinct_name":"Lee - 3","precinct_norm":"LEE - 3","precinct_full_name":"#3 Cjc","has_polygon":true},"geometry":{"type":"Point","coordinates":[-84.21564085812072,31.795231]}},{"type":"Feature","properties":{"id":"2020-573","county_nam":"Lee","county_norm":"LEE","prec_id":"2","precinct_name":"Lee - 2","precinct_norm":"LEE - 2","precinct_full_name":"#2 Smithville","has_polygon":true},"geometry":{"type":"Point","coordinates":[-84.1445223361214,31.844255]}},{"type":"Feature","properties":{"id":"2020-574","county_nam":"Dougherty","county_norm":"DOUGHERTY","prec_id":"19","precinct_name":"Dougherty - 19","precinct_norm":"DOUGHERTY - 19","precinct_full_name":"Putney 1ST Baptist Church","has_polygon":true},"geometry":{"type":"Point","coordinates":[-84.12775713458215,31.5267785]}},{"type":"Feature","properties":{"id":"2020-575","county_nam":"Dougherty","county_norm":"DOUGHERTY","prec_id":"18","precinct_name":"Dougherty - 18","precinct_norm":"DOUGHERTY - 18","precinct_full_name":"Radium Middle School","has_polygon":true},"geometry":{"type":"Point","coordinates":[-84.13426714835882,31.5514215]}},{"type":"Feature","properties":{"id":"2020-576","county_nam":"Dougherty","county_norm":"DOUGHERTY","prec_id":"28","precinct_name":"Dougherty - 28","precinct_norm":"DOUGHERTY - 28","precinct_full_name":"Lovett Hall","has_polygon":true},"geometry":{"type":"Point","coordinates":[-84.14262617093397,31.5639]}},{"type":"Feature","properties":{"id":"2020-577","county_nam":"Dougherty","county_norm":"DOUGHERTY","prec_id":"17","precinct_name":"Dougherty - 17","precinct_norm":"DOUGHERTY - 17","precinct_full_name":"Bill Miller Community Center","has_polygon":true},"geometry":{"type":"Point","coordinates":[-84.13061178303255,31.58633]}},{"type":"Feature","properties":{"id":"2020-578","county_nam":"Dougherty","county_norm":"DOUGHERTY","prec_id":"01","precinct_name":"Dougherty - 01","precinct_norm":"DOUGHERTY - 01","precinct_full_name":"Palmyra Meth Church","has_polygon":true},"geometry":{"type":"Point","coordinates":[-84.1426031922675,31.6062885]}},{"type":"Feature","properties":{"id":"2020-579","county_nam":"Lee","county_norm":"LEE","prec_id":"9","precinct_name":"Lee - 9","precinct_norm":"LEE - 9","precinct_full_name":"#9 Century Fire Stat","has_polygon":true},"geometry":{"type":"Point","coordinates":[-84.14119697894094,31.6509435]}},{"type":"Feature","properties":{"id":"2020-580","county_nam":"Dougherty","county_norm":"DOUGHERTY","prec_id":"16","precinct_name":"Dougherty - 16","precinct_norm":"DOUGHERTY - 16","precinct_full_name":"Robert H. Harvey Elementary School","has_polygon":true},"geometry":{"type":"Point","coordinates":[-84.09095013289605,31.592382]}},{"type":"Feature","properties":{"id":"2020-581","county_nam":"Dougherty","county_norm":"DOUGHERTY","prec_id":"15","precinct_name":"Dougherty - 15","precinct_norm":"DOUGHERTY - 15","precinct_full_name":"Turner Elementary","has_polygon":true},"geometry":{"type":"Point","coordinates":[-84.15020298099901,31.5924185]}},{"type":"Feature","properties":{"id":"2020-582","county_nam":"Lee","county_norm":"LEE","prec_id":"6","precinct_name":"Lee - 6","precinct_norm":"LEE - 6","precinct_full_name":"#6 First Baptist","has_polygon":true},"geometry":{"type":"Point","coordinates":[-84.28280954810809,31.6546035]}},{"type":"Feature","properties":{"id":"2020-583","county_nam":"Dougherty","county_norm":"DOUGHERTY","prec_id":"04","precinct_name":"Dougherty - 04","precinct_norm":"DOUGHERTY - 04","precinct_full_name":"Greenbriar Church","has_polygon":true},"geometry":{"type":"Point","coordinates":[-84.2483576284366,31.6032995]}},{"type":"Feature","properties":{"id":"2020-584","county_nam":"Dougherty","county_norm":"DOUGHERTY","prec_id":"05","precinct_name":"Dougherty - 05","precinct_norm":"DOUGHERTY - 05","precinct_full_name":"Westover High School","has_polygon":true},"geometry":{"type":"Point","coordinates":[-84.22166035537086,31.5960175]}},{"type":"Feature","properties":{"id":"2020-585","county_nam":"Dougherty","county_norm":"DOUGHERTY","prec_id":"27","precinct_name":"Dougherty - 27","precinct_norm":"DOUGHERTY - 27","precinct_full_name":"1ST Christian Church","has_polygon":true},"geometry":{"type":"Point","coordinates":[-84.22331340171664,31.602998499999998]}},{"type":"Feature","properties":{"id":"2020-586","county_nam":"Lee","county_norm":"LEE","prec_id":"7","precinct_name":"Lee - 7","precinct_norm":"LEE - 7","precinct_full_name":"Seventh-day Adventist Church","has_polygon":true},"geometry":{"type":"Point","coordinates":[-84.22017729086375,31.639626]}},{"type":"Feature","properties":{"id":"2020-587","county_nam":"Lee","county_norm":"LEE","prec_id":"5","precinct_name":"Lee - 5","precinct_norm":"LEE - 5","precinct_full_name":"#5 Friendship Bapt.","has_polygon":true},"geometry":{"type":"Point","coordinates":[-84.23374615540857,31.708778000000002]}},{"type":"Feature","properties":{"id":"2020-588","county_nam":"Dougherty","county_norm":"DOUGHERTY","prec_id":"02","precinct_name":"Dougherty - 02","precinct_norm":"DOUGHERTY - 02","precinct_full_name":"Sherwood Elementary School","has_polygon":true},"geometry":{"type":"Point","coordinates":[-84.19703749630659,31.6148535]}},{"type":"Feature","properties":{"id":"2020-589","county_nam":"Dougherty","county_norm":"DOUGHERTY","prec_id":"06","precinct_name":"Dougherty - 06","precinct_norm":"DOUGHERTY - 06","precinct_full_name":"Merry Acres Middle","has_polygon":true},"geometry":{"type":"Point","coordinates":[-84.19726282347267,31.590853]}},{"type":"Feature","properties":{"id":"2020-590","county_nam":"Sumter","county_norm":"SUMTER","prec_id":"E-27","precinct_name":"Sumter - E-27","precinct_norm":"SUMTER - E-27","precinct_full_name":"Airport","has_polygon":true},"geometry":{"type":"Point","coordinates":[-84.17700932948715,32.062813000000006]}},{"type":"Feature","properties":{"id":"2020-591","county_nam":"Sumter","county_norm":"SUMTER","prec_id":"C1-27","precinct_name":"Sumter - C1-27","precinct_norm":"SUMTER - C1-27","precinct_full_name":"Rees Park","has_polygon":true},"geometry":{"type":"Point","coordinates":[-84.223360931943,32.093924]}},{"type":"Feature","properties":{"id":"2020-592","county_nam":"Sumter","county_norm":"SUMTER","prec_id":"C2-27","precinct_name":"Sumter - C2-27","precinct_norm":"SUMTER - C2-27","precinct_full_name":"Junior Reserve Officers' Training Corps Building","has_polygon":true},"geometry":{"type":"Point","coordinates":[-84.20431642588161,32.051331]}},{"type":"Feature","properties":{"id":"2020-593","county_nam":"Sumter","county_norm":"SUMTER","prec_id":"C3-27","precinct_name":"Sumter - C3-27","precinct_norm":"SUMTER - C3-27","precinct_full_name":"Recreation Department","has_polygon":true},"geometry":{"type":"Point","coordinates":[-84.2381462408623,32.089042500000005]}},{"type":"Feature","properties":{"id":"2020-594","county_nam":"Pike","county_norm":"PIKE","prec_id":"1","precinct_name":"Pike - 1","precinct_norm":"PIKE - 1","precinct_full_name":"Concord","has_polygon":true},"geometry":{"type":"Point","coordinates":[-84.45798364255037,33.101004]}},{"type":"Feature","properties":{"id":"2020-595","county_nam":"Pike","county_norm":"PIKE","prec_id":"2","precinct_name":"Pike - 2","precinct_norm":"PIKE - 2","precinct_full_name":"Hollonville","has_polygon":true},"geometry":{"type":"Point","coordinates":[-84.45561628863823,33.157914500000004]}},{"type":"Feature","properties":{"id":"2020-596","county_nam":"Spalding","county_norm":"SPALDING","prec_id":"12","precinct_name":"Spalding - 12","precinct_norm":"SPALDING - 12","precinct_full_name":"Fairview Baptist Church","has_polygon":true},"geometry":{"type":"Point","coordinates":[-84.4224501217291,33.222715]}},{"type":"Feature","properties":{"id":"2020-597","county_nam":"Coweta","county_norm":"COWETA","prec_id":"27","precinct_name":"Coweta - 27","precinct_norm":"COWETA - 27","precinct_full_name":"Coweta Central Library","has_polygon":true},"geometry":{"type":"Point","coordinates":[-84.66061421696106,33.383661000000004]}},{"type":"Feature","properties":{"id":"2020-598","county_nam":"Coweta","county_norm":"COWETA","prec_id":"26","precinct_name":"Coweta - 26","precinct_norm":"COWETA - 26","precinct_full_name":"Thomas Crossroads","has_polygon":true},"geometry":{"type":"Point","coordinates":[-84.66069308064691,33.4221945]}},{"type":"Feature","properties":{"id":"2020-599","county_nam":"Monroe","county_norm":"MONROE","prec_id":"08","precinct_name":"Monroe - 08","precinct_norm":"MONROE - 08","precinct_full_name":"Evers","has_polygon":true},"geometry":{"type":"Point","coordinates":[-83.97812415842691,33.082803]}},{"type":"Feature","properties":{"id":"2020-600","county_nam":"Monroe","county_norm":"MONROE","prec_id":"10","precinct_name":"Monroe - 10","precinct_norm":"MONROE - 10","precinct_full_name":"High Falls","has_polygon":true},"geometry":{"type":"Point","coordinates":[-84.01660582656638,33.16357]}},{"type":"Feature","properties":{"id":"2020-601","county_nam":"Monroe","county_norm":"MONROE","prec_id":"13","precinct_name":"Monroe - 13","precinct_norm":"MONROE - 13","precinct_full_name":"Proctors","has_polygon":true},"geometry":{"type":"Point","coordinates":[-83.96180379981406,33.159718]}},{"type":"Feature","properties":{"id":"2020-602","county_nam":"Meriwether","county_norm":"MERIWETHER","prec_id":"09","precinct_name":"Meriwether - 09","precinct_norm":"MERIWETHER - 09","precinct_full_name":"Middle 9TH-Gay","has_polygon":true},"geometry":{"type":"Point","coordinates":[-84.56955035908774,33.0755015]}},{"type":"Feature","properties":{"id":"2020-603","county_nam":"Coweta","county_norm":"COWETA","prec_id":"14","precinct_name":"Coweta - 14","precinct_norm":"COWETA - 14","precinct_full_name":"Turin","has_polygon":true},"geometry":{"type":"Point","coordinates":[-84.64381098757309,33.284171]}},{"type":"Feature","properties":{"id":"2020-604","county_nam":"Meriwether","county_norm":"MERIWETHER","prec_id":"08","precinct_name":"Meriwether - 08","precinct_norm":"MERIWETHER - 08","precinct_full_name":"Upper 9TH -Alvaton","has_polygon":true},"geometry":{"type":"Point","coordinates":[-84.58466593710403,33.1635255]}},{"type":"Feature","properties":{"id":"2020-605","county_nam":"Coweta","county_norm":"COWETA","prec_id":"10","precinct_name":"Coweta - 10","precinct_norm":"COWETA - 10","precinct_full_name":"Haralson","has_polygon":true},"geometry":{"type":"Point","coordinates":[-84.57104299982558,33.2445165]}},{"type":"Feature","properties":{"id":"2020-606","county_nam":"Coweta","county_norm":"COWETA","prec_id":"01","precinct_name":"Coweta - 01","precinct_norm":"COWETA - 01","precinct_full_name":"Senoia","has_polygon":true},"geometry":{"type":"Point","coordinates":[-84.55113881173878,33.286986]}},{"type":"Feature","properties":{"id":"2020-607","county_nam":"Upson","county_norm":"UPSON","prec_id":"0588","precinct_name":"Upson - 0588","precinct_norm":"UPSON - 0588","precinct_full_name":"Yatesville","has_polygon":true},"geometry":{"type":"Point","coordinates":[-84.18442873540258,32.8915955]}},{"type":"Feature","properties":{"id":"2020-608","county_nam":"Lamar","county_norm":"LAMAR","prec_id":"1713","precinct_name":"Lamar - 1713","precinct_norm":"LAMAR - 1713","precinct_full_name":"Lamar County Service Center","has_polygon":true},"geometry":{"type":"Point","coordinates":[-84.18416451047409,33.0323415]}},{"type":"Feature","properties":{"id":"2020-609","county_nam":"Crawford","county_norm":"CRAWFORD","prec_id":"1B","precinct_name":"Crawford - 1B","precinct_norm":"CRAWFORD - 1B","precinct_full_name":"Crawford County Government Complex","has_polygon":true},"geometry":{"type":"Point","coordinates":[-84.0380052760897,32.6772955]}},{"type":"Feature","properties":{"id":"2020-610","county_nam":"Lamar","county_norm":"LAMAR","prec_id":"1712B","precinct_name":"Lamar - 1712B","precinct_norm":"LAMAR - 1712B","precinct_full_name":"Senior Citizen Building","has_polygon":true},"geometry":{"type":"Point","coordinates":[-84.09542536446796,33.079165]}},{"type":"Feature","properties":{"id":"2020-611","county_nam":"Lamar","county_norm":"LAMAR","prec_id":"1712A","precinct_name":"Lamar - 1712A","precinct_norm":"LAMAR - 1712A","precinct_full_name":"Chappell Mill V. Fd","has_polygon":true},"geometry":{"type":"Point","coordinates":[-84.09258582039578,33.1582565]}},{"type":"Feature","properties":{"id":"2020-612","county_nam":"Spalding","county_norm":"SPALDING","prec_id":"09","precinct_name":"Spalding - 09","precinct_norm":"SPALDING - 09","precinct_full_name":"09","has_polygon":true},"geometry":{"type":"Point","coordinates":[-84.14670568181222,33.271507]}},{"type":"Feature","properties":{"id":"2020-613","county_nam":"Meriwether","county_norm":"MERIWETHER","prec_id":"02","precinct_name":"Meriwether - 02","precinct_norm":"MERIWETHER - 02","precinct_full_name":"Gill I","has_polygon":true},"geometry":{"type":"Point","coordinates":[-84.59911449116407,32.860931]}},{"type":"Feature","properties":{"id":"2020-614","county_nam":"Meriwether","county_norm":"MERIWETHER","prec_id":"03","precinct_name":"Meriwether - 03","precinct_norm":"MERIWETHER - 03","precinct_full_name":"Gill Ii","has_polygon":true},"geometry":{"type":"Point","coordinates":[-84.61502738222808,32.8798535]}},{"type":"Feature","properties":{"id":"2020-615","county_nam":"Talbot","county_norm":"TALBOT","prec_id":"02","precinct_name":"Talbot - 02","precinct_norm":"TALBOT - 02","precinct_full_name":"Valley","has_polygon":true},"geometry":{"type":"Point","coordinates":[-84.5404855292056,32.788464000000005]}},{"type":"Feature","properties":{"id":"2020-616","county_nam":"Meriwether","county_norm":"MERIWETHER","prec_id":"01","precinct_name":"Meriwether - 01","precinct_norm":"MERIWETHER - 01","precinct_full_name":"Chalybeate","has_polygon":true},"geometry":{"type":"Point","coordinates":[-84.55580325658153,32.873405500000004]}},{"type":"Feature","properties":{"id":"2020-617","county_nam":"Meriwether","county_norm":"MERIWETHER","prec_id":"13","precinct_name":"Meriwether - 13","precinct_norm":"MERIWETHER - 13","precinct_full_name":"Raleigh","has_polygon":true},"geometry":{"type":"Point","coordinates":[-84.64825043309023,32.938713500000006]}},{"type":"Feature","properties":{"id":"2020-618","county_nam":"Fayette","county_norm":"FAYETTE","prec_id":"14","precinct_name":"Fayette - 14","precinct_norm":"FAYETTE - 14","precinct_full_name":"Whitewater","has_polygon":true},"geometry":{"type":"Point","coordinates":[-84.51403031083728,33.394678]}},{"type":"Feature","properties":{"id":"2020-619","county_nam":"Fayette","county_norm":"FAYETTE","prec_id":"02","precinct_name":"Fayette - 02","precinct_norm":"FAYETTE - 02","precinct_full_name":"Brooks","has_polygon":true},"geometry":{"type":"Point","coordinates":[-84.45048432129643,33.296512]}},{"type":"Feature","properties":{"id":"2020-620","county_nam":"Fayette","county_norm":"FAYETTE","prec_id":"15","precinct_name":"Fayette - 15","precinct_norm":"FAYETTE - 15","precinct_full_name":"Woolsey","has_polygon":true},"geometry":{"type":"Point","coordinates":[-84.4232841155953,33.3490485]}},{"type":"Feature","properties":{"id":"2020-621","county_nam":"Fayette","county_norm":"FAYETTE","prec_id":"25","precinct_name":"Fayette - 25","precinct_norm":"FAYETTE - 25","precinct_full_name":"Harps Crossing","has_polygon":true},"geometry":{"type":"Point","coordinates":[-84.45367781579799,33.410932]}},{"type":"Feature","properties":{"id":"2020-622","county_nam":"Fayette","county_norm":"FAYETTE","prec_id":"36","precinct_name":"Fayette - 36","precinct_norm":"FAYETTE - 36","precinct_full_name":"Antioch","has_polygon":true},"geometry":{"type":"Point","coordinates":[-84.41469284936974,33.4001115]}},{"type":"Feature","properties":{"id":"2020-623","county_nam":"Pike","county_norm":"PIKE","prec_id":"5","precinct_name":"Pike - 5","precinct_norm":"PIKE - 5","precinct_full_name":"Second District","has_polygon":true},"geometry":{"type":"Point","coordinates":[-84.29117407995398,33.151926]}},{"type":"Feature","properties":{"id":"2020-624","county_nam":"Spalding","county_norm":"SPALDING","prec_id":"19","precinct_name":"Spalding - 19","precinct_norm":"SPALDING - 19","precinct_full_name":"First Assembly of God Church","has_polygon":true},"geometry":{"type":"Point","coordinates":[-84.3674031893689,33.276327]}},{"type":"Feature","properties":{"id":"2020-625","county_nam":"Upson","county_norm":"UPSON","prec_id":"5610","precinct_name":"Upson - 5610","precinct_norm":"UPSON - 5610","precinct_full_name":"Town","has_polygon":true},"geometry":{"type":"Point","coordinates":[-84.33446996815718,32.845329]}},{"type":"Feature","properties":{"id":"2020-626","county_nam":"Upson","county_norm":"UPSON","prec_id":"1610","precinct_name":"Upson - 1610","precinct_norm":"UPSON - 1610","precinct_full_name":"Redbone","has_polygon":true},"geometry":{"type":"Point","coordinates":[-84.43275640147412,32.9123635]}},{"type":"Feature","properties":{"id":"2020-627","county_nam":"Pike","county_norm":"PIKE","prec_id":"6","precinct_name":"Pike - 6","precinct_norm":"PIKE - 6","precinct_full_name":"Lifsey Springs","has_polygon":true},"geometry":{"type":"Point","coordinates":[-84.36213312206573,33.029544]}},{"type":"Feature","properties":{"id":"2020-628","county_nam":"Talbot","county_norm":"TALBOT","prec_id":"01","precinct_name":"Talbot - 01","precinct_norm":"TALBOT - 01","precinct_full_name":"Oneal","has_polygon":true},"geometry":{"type":"Point","coordinates":[-84.63299338596988,32.654108]}},{"type":"Feature","properties":{"id":"2020-629","county_nam":"Talbot","county_norm":"TALBOT","prec_id":"05","precinct_name":"Talbot - 05","precinct_norm":"TALBOT - 05","precinct_full_name":"Talbotton","has_polygon":true},"geometry":{"type":"Point","coordinates":[-84.52432668368343,32.682153]}},{"type":"Feature","properties":{"id":"2020-630","county_nam":"Talbot","county_norm":"TALBOT","prec_id":"03","precinct_name":"Talbot - 03","precinct_norm":"TALBOT - 03","precinct_full_name":"Junction City","has_polygon":true},"geometry":{"type":"Point","coordinates":[-84.40626363657341,32.687008]}},{"type":"Feature","properties":{"id":"2020-631","county_nam":"Talbot","county_norm":"TALBOT","prec_id":"08","precinct_name":"Talbot - 08","precinct_norm":"TALBOT - 08","precinct_full_name":"Flint Hill","has_polygon":true},"geometry":{"type":"Point","coordinates":[-84.64360590177381,32.792428]}},{"type":"Feature","properties":{"id":"2020-632","county_nam":"Muscogee","county_norm":"MUSCOGEE","prec_id":"127","precinct_name":"Muscogee - 127","precinct_norm":"MUSCOGEE - 127","precinct_full_name":"Psalmond","has_polygon":true},"geometry":{"type":"Point","coordinates":[-84.81772788268486,32.549462000000005]}},{"type":"Feature","properties":{"id":"2020-633","county_nam":"Harris","county_norm":"HARRIS","prec_id":"EL","precinct_name":"Harris - EL","precinct_norm":"HARRIS - EL","precinct_full_name":"Ellerslie","has_polygon":true},"geometry":{"type":"Point","coordinates":[-84.8038197336072,32.637903]}},{"type":"Feature","properties":{"id":"2020-634","county_nam":"Harris","county_norm":"HARRIS","prec_id":"WA","precinct_name":"Harris - WA","precinct_norm":"HARRIS - WA","precinct_full_name":"Waverly Hall","has_polygon":true},"geometry":{"type":"Point","coordinates":[-84.73868007473618,32.686679999999996]}},{"type":"Feature","properties":{"id":"2020-635","county_nam":"Meriwether","county_norm":"MERIWETHER","prec_id":"11","precinct_name":"Meriwether - 11","precinct_norm":"MERIWETHER - 11","precinct_full_name":"2ND-Warm Springs","has_polygon":true},"geometry":{"type":"Point","coordinates":[-84.69887412194637,32.906723]}},{"type":"Feature","properties":{"id":"2020-636","county_nam":"Meriwether","county_norm":"MERIWETHER","prec_id":"12","precinct_name":"Meriwether - 12","precinct_norm":"MERIWETHER - 12","precinct_full_name":"Third-Durand","has_polygon":true},"geometry":{"type":"Point","coordinates":[-84.79993699545157,32.9233075]}},{"type":"Feature","properties":{"id":"2020-637","county_nam":"Talbot","county_norm":"TALBOT","prec_id":"06","precinct_name":"Talbot - 06","precinct_norm":"TALBOT - 06","precinct_full_name":"Box Springs","has_polygon":true},"geometry":{"type":"Point","coordinates":[-84.64288518251897,32.555220000000006]}},{"type":"Feature","properties":{"id":"2020-638","county_nam":"Talbot","county_norm":"TALBOT","prec_id":"04","precinct_name":"Talbot - 04","precinct_norm":"TALBOT - 04","precinct_full_name":"Geneva","has_polygon":true},"geometry":{"type":"Point","coordinates":[-84.54974930039722,32.569688]}},{"type":"Feature","properties":{"id":"2020-639","county_nam":"Coweta","county_norm":"COWETA","prec_id":"06","precinct_name":"Coweta - 06","precinct_norm":"COWETA - 06","precinct_full_name":"Sharpsburg","has_polygon":true},"geometry":{"type":"Point","coordinates":[-84.61536954868544,33.3654605]}},{"type":"Feature","properties":{"id":"2020-640","county_nam":"Fayette","county_norm":"FAYETTE","prec_id":"18","precinct_name":"Fayette - 18","precinct_norm":"FAYETTE - 18","precinct_full_name":"Kedron","has_polygon":true},"geometry":{"type":"Point","coordinates":[-84.60772352132783,33.419494]}},{"type":"Feature","properties":{"id":"2020-641","county_nam":"Fayette","county_norm":"FAYETTE","prec_id":"19","precinct_name":"Fayette - 19","precinct_norm":"FAYETTE - 19","precinct_full_name":"Aberdeen","has_polygon":true},"geometry":{"type":"Point","coordinates":[-84.57580968288465,33.4115575]}},{"type":"Feature","properties":{"id":"2020-642","county_nam":"Fayette","county_norm":"FAYETTE","prec_id":"32","precinct_name":"Fayette - 32","precinct_norm":"FAYETTE - 32","precinct_full_name":"Willowbend","has_polygon":true},"geometry":{"type":"Point","coordinates":[-84.57512854904444,33.368567999999996]}},{"type":"Feature","properties":{"id":"2020-643","county_nam":"Fayette","county_norm":"FAYETTE","prec_id":"21","precinct_name":"Fayette - 21","precinct_norm":"FAYETTE - 21","precinct_full_name":"Flat Creek","has_polygon":true},"geometry":{"type":"Point","coordinates":[-84.55502968388402,33.367719]}},{"type":"Feature","properties":{"id":"2020-644","county_nam":"Fayette","county_norm":"FAYETTE","prec_id":"17","precinct_name":"Fayette - 17","precinct_norm":"FAYETTE - 17","precinct_full_name":"Oak Grove","has_polygon":true},"geometry":{"type":"Point","coordinates":[-84.54812513084633,33.375647]}},{"type":"Feature","properties":{"id":"2020-645","county_nam":"Fayette","county_norm":"FAYETTE","prec_id":"12","precinct_name":"Fayette - 12","precinct_norm":"FAYETTE - 12","precinct_full_name":"Shakerag West","has_polygon":true},"geometry":{"type":"Point","coordinates":[-84.57449324656022,33.395373500000005]}},{"type":"Feature","properties":{"id":"2020-646","county_nam":"Fayette","county_norm":"FAYETTE","prec_id":"20","precinct_name":"Fayette - 20","precinct_norm":"FAYETTE - 20","precinct_full_name":"Windgate","has_polygon":true},"geometry":{"type":"Point","coordinates":[-84.55736031648856,33.3934225]}},{"type":"Feature","properties":{"id":"2020-647","county_nam":"Fayette","county_norm":"FAYETTE","prec_id":"33","precinct_name":"Fayette - 33","precinct_norm":"FAYETTE - 33","precinct_full_name":"Camp Creek","has_polygon":true},"geometry":{"type":"Point","coordinates":[-84.54611543358237,33.394399500000006]}},{"type":"Feature","properties":{"id":"2020-648","county_nam":"Fayette","county_norm":"FAYETTE","prec_id":"11","precinct_name":"Fayette - 11","precinct_norm":"FAYETTE - 11","precinct_full_name":"Shakerag East","has_polygon":true},"geometry":{"type":"Point","coordinates":[-84.54821184182686,33.418306]}},{"type":"Feature","properties":{"id":"2020-649","county_nam":"Coweta","county_norm":"COWETA","prec_id":"07","precinct_name":"Coweta - 07","precinct_norm":"COWETA - 07","precinct_full_name":"Fischer Road","has_polygon":true},"geometry":{"type":"Point","coordinates":[-84.67142207996017,33.474492]}},{"type":"Feature","properties":{"id":"2020-650","county_nam":"Coweta","county_norm":"COWETA","prec_id":"23","precinct_name":"Coweta - 23","precinct_norm":"COWETA - 23","precinct_full_name":"Cannongate","has_polygon":true},"geometry":{"type":"Point","coordinates":[-84.6414682849586,33.447679]}},{"type":"Feature","properties":{"id":"2020-651","county_nam":"Fayette","county_norm":"FAYETTE","prec_id":"09","precinct_name":"Fayette - 09","precinct_norm":"FAYETTE - 09","precinct_full_name":"Rareover","has_polygon":true},"geometry":{"type":"Point","coordinates":[-84.60677035696096,33.4647375]}},{"type":"Feature","properties":{"id":"2020-652","county_nam":"Coweta","county_norm":"COWETA","prec_id":"13","precinct_name":"Coweta - 13","precinct_norm":"COWETA - 13","precinct_full_name":"Raymond","has_polygon":true},"geometry":{"type":"Point","coordinates":[-84.71808020683453,33.321411]}},{"type":"Feature","properties":{"id":"2020-653","county_nam":"Coweta","county_norm":"COWETA","prec_id":"18","precinct_name":"Coweta - 18","precinct_norm":"COWETA - 18","precinct_full_name":"The Newnan Centre","has_polygon":true},"geometry":{"type":"Point","coordinates":[-84.74390099340421,33.393546]}},{"type":"Feature","properties":{"id":"2020-654","county_nam":"Coweta","county_norm":"COWETA","prec_id":"21","precinct_name":"Coweta - 21","precinct_norm":"COWETA - 21","precinct_full_name":"White Oak","has_polygon":true},"geometry":{"type":"Point","coordinates":[-84.70091508734018,33.405409500000005]}},{"type":"Feature","properties":{"id":"2020-655","county_nam":"Coweta","county_norm":"COWETA","prec_id":"25","precinct_name":"Coweta - 25","precinct_norm":"COWETA - 25","precinct_full_name":"Northside","has_polygon":true},"geometry":{"type":"Point","coordinates":[-84.80136701426778,33.4231105]}},{"type":"Feature","properties":{"id":"2020-656","county_nam":"Spalding","county_norm":"SPALDING","prec_id":"16","precinct_name":"Spalding - 16","precinct_norm":"SPALDING - 16","precinct_full_name":"Faith Baptist Church","has_polygon":true},"geometry":{"type":"Point","coordinates":[-84.26927178056314,33.2845695]}},{"type":"Feature","properties":{"id":"2020-657","county_nam":"Spalding","county_norm":"SPALDING","prec_id":"17","precinct_name":"Spalding - 17","precinct_norm":"SPALDING - 17","precinct_full_name":"17","has_polygon":true},"geometry":{"type":"Point","coordinates":[-84.21905706446884,33.261795000000006]}},{"type":"Feature","properties":{"id":"2020-658","county_nam":"Spalding","county_norm":"SPALDING","prec_id":"20","precinct_name":"Spalding - 20","precinct_norm":"SPALDING - 20","precinct_full_name":"Roberts Fire Station","has_polygon":true},"geometry":{"type":"Point","coordinates":[-84.15132129122748,33.212466]}},{"type":"Feature","properties":{"id":"2020-659","county_nam":"Henry","county_norm":"HENRY","prec_id":"29","precinct_name":"Henry - 29","precinct_norm":"HENRY - 29","precinct_full_name":"Lowes","has_polygon":true},"geometry":{"type":"Point","coordinates":[-84.1790700885833,33.382656]}},{"type":"Feature","properties":{"id":"2020-660","county_nam":"Henry","county_norm":"HENRY","prec_id":"32","precinct_name":"Henry - 32","precinct_norm":"HENRY - 32","precinct_full_name":"Mount Carmel","has_polygon":true},"geometry":{"type":"Point","coordinates":[-84.24982243625465,33.454246]}},{"type":"Feature","properties":{"id":"2020-661","county_nam":"Henry","county_norm":"HENRY","prec_id":"51","precinct_name":"Henry - 51","precinct_norm":"HENRY - 51","precinct_full_name":"Oakland","has_polygon":true},"geometry":{"type":"Point","coordinates":[-84.218954630056,33.423353500000005]}},{"type":"Feature","properties":{"id":"2020-662","county_nam":"Henry","county_norm":"HENRY","prec_id":"57","precinct_name":"Henry - 57","precinct_norm":"HENRY - 57","precinct_full_name":"Dutchtown","has_polygon":true},"geometry":{"type":"Point","coordinates":[-84.2309653004587,33.479811]}},{"type":"Feature","properties":{"id":"2020-663","county_nam":"Henry","county_norm":"HENRY","prec_id":"50","precinct_name":"Henry - 50","precinct_norm":"HENRY - 50","precinct_full_name":"Pates Creek","has_polygon":true},"geometry":{"type":"Point","coordinates":[-84.26454592539146,33.489134]}},{"type":"Feature","properties":{"id":"2020-664","county_nam":"Henry","county_norm":"HENRY","prec_id":"33","precinct_name":"Henry - 33","precinct_norm":"HENRY - 33","precinct_full_name":"Red Oak","has_polygon":true},"geometry":{"type":"Point","coordinates":[-84.26892926743784,33.528103]}},{"type":"Feature","properties":{"id":"2020-665","county_nam":"Henry","county_norm":"HENRY","prec_id":"49","precinct_name":"Henry - 49","precinct_norm":"HENRY - 49","precinct_full_name":"Shiloh","has_polygon":true},"geometry":{"type":"Point","coordinates":[-84.11973671701674,33.4243695]}},{"type":"Feature","properties":{"id":"2020-666","county_nam":"Henry","county_norm":"HENRY","prec_id":"48","precinct_name":"Henry - 48","precinct_norm":"HENRY - 48","precinct_full_name":"Unity Grove","has_polygon":true},"geometry":{"type":"Point","coordinates":[-84.10024941600182,33.384011]}},{"type":"Feature","properties":{"id":"2020-667","county_nam":"Henry","county_norm":"HENRY","prec_id":"59","precinct_name":"Henry - 59","precinct_norm":"HENRY - 59","precinct_full_name":"Grove Park","has_polygon":true},"geometry":{"type":"Point","coordinates":[-84.0673321587527,33.3349945]}},{"type":"Feature","properties":{"id":"2020-668","county_nam":"Henry","county_norm":"HENRY","prec_id":"26","precinct_name":"Henry - 26","precinct_norm":"HENRY - 26","precinct_full_name":"Tussahaw","has_polygon":true},"geometry":{"type":"Point","coordinates":[-84.03424566465316,33.3855405]}},{"type":"Feature","properties":{"id":"2020-669","county_nam":"Henry","county_norm":"HENRY","prec_id":"35","precinct_name":"Henry - 35","precinct_norm":"HENRY - 35","precinct_full_name":"Mcdonough","has_polygon":true},"geometry":{"type":"Point","coordinates":[-84.11668495281958,33.4544505]}},{"type":"Feature","properties":{"id":"2020-670","county_nam":"Lamar","county_norm":"LAMAR","prec_id":"1714","precinct_name":"Lamar - 1714","precinct_norm":"LAMAR - 1714","precinct_full_name":"Milner","has_polygon":true},"geometry":{"type":"Point","coordinates":[-84.17503828250915,33.123272]}},{"type":"Feature","properties":{"id":"2020-671","county_nam":"Spalding","county_norm":"SPALDING","prec_id":"07","precinct_name":"Spalding - 07","precinct_norm":"SPALDING - 07","precinct_full_name":"07","has_polygon":true},"geometry":{"type":"Point","coordinates":[-84.2594249508812,33.216342]}},{"type":"Feature","properties":{"id":"2020-672","county_nam":"Spalding","county_norm":"SPALDING","prec_id":"11","precinct_name":"Spalding - 11","precinct_norm":"SPALDING - 11","precinct_full_name":"First Presbyterian Church, ECO","has_polygon":true},"geometry":{"type":"Point","coordinates":[-84.20891423053006,33.212340499999996]}},{"type":"Feature","properties":{"id":"2020-673","county_nam":"Spalding","county_norm":"SPALDING","prec_id":"06","precinct_name":"Spalding - 06","precinct_norm":"SPALDING - 06","precinct_full_name":"06","has_polygon":true},"geometry":{"type":"Point","coordinates":[-84.27721143142429,33.2347455]}},{"type":"Feature","properties":{"id":"2020-674","county_nam":"Lamar","county_norm":"LAMAR","prec_id":"1711","precinct_name":"Lamar - 1711","precinct_norm":"LAMAR - 1711","precinct_full_name":"Barnesville","has_polygon":true},"geometry":{"type":"Point","coordinates":[-84.12293690690959,33.0640845]}},{"type":"Feature","properties":{"id":"2020-675","county_nam":"Spalding","county_norm":"SPALDING","prec_id":"10","precinct_name":"Spalding - 10","precinct_norm":"SPALDING - 10","precinct_full_name":"Oak Hill Baptist Church","has_polygon":true},"geometry":{"type":"Point","coordinates":[-84.32799638110748,33.224036999999996]}},{"type":"Feature","properties":{"id":"2020-676","county_nam":"Spalding","county_norm":"SPALDING","prec_id":"08","precinct_name":"Spalding - 08","precinct_norm":"SPALDING - 08","precinct_full_name":"08","has_polygon":true},"geometry":{"type":"Point","coordinates":[-84.28302419651436,33.2092365]}},{"type":"Feature","properties":{"id":"2020-677","county_nam":"Spalding","county_norm":"SPALDING","prec_id":"05","precinct_name":"Spalding - 05","precinct_norm":"SPALDING - 05","precinct_full_name":"05","has_polygon":true},"geometry":{"type":"Point","coordinates":[-84.29076451437105,33.268572500000005]}},{"type":"Feature","properties":{"id":"2020-678","county_nam":"Spalding","county_norm":"SPALDING","prec_id":"01","precinct_name":"Spalding - 01","precinct_norm":"SPALDING - 01","precinct_full_name":"01","has_polygon":true},"geometry":{"type":"Point","coordinates":[-84.27014260525084,33.256859500000004]}},{"type":"Feature","properties":{"id":"2020-679","county_nam":"Spalding","county_norm":"SPALDING","prec_id":"03","precinct_name":"Spalding - 03","precinct_norm":"SPALDING - 03","precinct_full_name":"03","has_polygon":true},"geometry":{"type":"Point","coordinates":[-84.2470728108151,33.2337215]}},{"type":"Feature","properties":{"id":"2020-680","county_nam":"Spalding","county_norm":"SPALDING","prec_id":"02","precinct_name":"Spalding - 02","precinct_norm":"SPALDING - 02","precinct_full_name":"02","has_polygon":true},"geometry":{"type":"Point","coordinates":[-84.25680100332889,33.262361999999996]}},{"type":"Feature","properties":{"id":"2020-681","county_nam":"Spalding","county_norm":"SPALDING","prec_id":"13","precinct_name":"Spalding - 13","precinct_norm":"SPALDING - 13","precinct_full_name":"County Line Methodist Church","has_polygon":true},"geometry":{"type":"Point","coordinates":[-84.34648359265177,33.323828500000005]}},{"type":"Feature","properties":{"id":"2020-682","county_nam":"Clayton","county_norm":"CLAYTON","prec_id":"PH2","precinct_name":"Clayton - PH2","precinct_norm":"CLAYTON - PH2","precinct_full_name":"Panhandle 2","has_polygon":true},"geometry":{"type":"Point","coordinates":[-84.37377843148352,33.3955615]}},{"type":"Feature","properties":{"id":"2020-683","county_nam":"Clayton","county_norm":"CLAYTON","prec_id":"LJ6","precinct_name":"Clayton - LJ6","precinct_norm":"CLAYTON - LJ6","precinct_full_name":"Lovejoy 6","has_polygon":true},"geometry":{"type":"Point","coordinates":[-84.35761210314936,33.431709]}},{"type":"Feature","properties":{"id":"2020-684","county_nam":"Henry","county_norm":"HENRY","prec_id":"30","precinct_name":"Henry - 30","precinct_norm":"HENRY - 30","precinct_full_name":"South Hampton","has_polygon":true},"geometry":{"type":"Point","coordinates":[-84.28472566143867,33.386181]}},{"type":"Feature","properties":{"id":"2020-685","county_nam":"Henry","county_norm":"HENRY","prec_id":"31","precinct_name":"Henry - 31","precinct_norm":"HENRY - 31","precinct_full_name":"North Hampton","has_polygon":true},"geometry":{"type":"Point","coordinates":[-84.30928944506013,33.4132115]}},{"type":"Feature","properties":{"id":"2020-686","county_nam":"Jenkins","county_norm":"JENKINS","prec_id":"1","precinct_name":"Jenkins - 1","precinct_norm":"JENKINS - 1","precinct_full_name":"Primary School","has_polygon":true},"geometry":{"type":"Point","coordinates":[-81.9615708528889,32.799755000000005]}},{"type":"Feature","properties":{"id":"2020-687","county_nam":"Jenkins","county_norm":"JENKINS","prec_id":"2","precinct_name":"Jenkins - 2","precinct_norm":"JENKINS - 2","precinct_full_name":"Court House","has_polygon":true},"geometry":{"type":"Point","coordinates":[-81.94228900816591,32.806723500000004]}},{"type":"Feature","properties":{"id":"2020-688","county_nam":"Burke","county_norm":"BURKE","prec_id":"0008","precinct_name":"Burke - 0008","precinct_norm":"BURKE - 0008","precinct_full_name":"Munnerlyn","has_polygon":true},"geometry":{"type":"Point","coordinates":[-81.96791707088839,32.974472500000005]}},{"type":"Feature","properties":{"id":"2020-689","county_nam":"Jenkins","county_norm":"JENKINS","prec_id":"4","precinct_name":"Jenkins - 4","precinct_norm":"JENKINS - 4","precinct_full_name":"Senior Citizens Center","has_polygon":true},"geometry":{"type":"Point","coordinates":[-81.87381208425998,32.8093815]}},{"type":"Feature","properties":{"id":"2020-690","county_nam":"Charlton","county_norm":"CHARLTON","prec_id":"5F","precinct_name":"Charlton - 5F","precinct_norm":"CHARLTON - 5F","precinct_full_name":"Folkston Fire","has_polygon":true},"geometry":{"type":"Point","coordinates":[-81.95524270376632,30.894182999999998]}},{"type":"Feature","properties":{"id":"2020-691","county_nam":"Camden","county_norm":"CAMDEN","prec_id":"04","precinct_name":"Camden - 04","precinct_norm":"CAMDEN - 04","precinct_full_name":"Browntown","has_polygon":true},"geometry":{"type":"Point","coordinates":[-81.83077388717362,30.8443775]}},{"type":"Feature","properties":{"id":"2020-692","county_nam":"Ware","county_norm":"WARE","prec_id":"409","precinct_name":"Ware - 409","precinct_norm":"WARE - 409","precinct_full_name":"Waresboro Church Of God","has_polygon":true},"geometry":{"type":"Point","coordinates":[-82.50202227223548,31.260202]}},{"type":"Feature","properties":{"id":"2020-693","county_nam":"Ware","county_norm":"WARE","prec_id":"404","precinct_name":"Ware - 404","precinct_norm":"WARE - 404","precinct_full_name":"Bickley United Methodist Church","has_polygon":true},"geometry":{"type":"Point","coordinates":[-82.58956528732377,31.3722695]}},{"type":"Feature","properties":{"id":"2020-694","county_nam":"Ware","county_norm":"WARE","prec_id":"405","precinct_name":"Ware - 405","precinct_norm":"WARE - 405","precinct_full_name":"Haywood Baptist Church","has_polygon":true},"geometry":{"type":"Point","coordinates":[-82.50950831388175,31.35664]}},{"type":"Feature","properties":{"id":"2020-695","county_nam":"Burke","county_norm":"BURKE","prec_id":"0001","precinct_name":"Burke - 0001","precinct_norm":"BURKE - 0001","precinct_full_name":"Alexander","has_polygon":true},"geometry":{"type":"Point","coordinates":[-81.87146959798534,33.0105715]}},{"type":"Feature","properties":{"id":"2020-696","county_nam":"Burke","county_norm":"BURKE","prec_id":"0004","precinct_name":"Burke - 0004","precinct_norm":"BURKE - 0004","precinct_full_name":"Gough","has_polygon":true},"geometry":{"type":"Point","coordinates":[-82.2023860289201,33.0859235]}},{"type":"Feature","properties":{"id":"2020-697","county_nam":"Jefferson","county_norm":"JEFFERSON","prec_id":"0077","precinct_name":"Jefferson - 0077","precinct_norm":"JEFFERSON - 0077","precinct_full_name":"Matthews","has_polygon":true},"geometry":{"type":"Point","coordinates":[-82.30625514947283,33.178093000000004]}},{"type":"Feature","properties":{"id":"2020-698","county_nam":"Burke","county_norm":"BURKE","prec_id":"0006","precinct_name":"Burke - 0006","precinct_norm":"BURKE - 0006","precinct_full_name":"Keysville","has_polygon":true},"geometry":{"type":"Point","coordinates":[-82.23415067837234,33.2607045]}},{"type":"Feature","properties":{"id":"2020-699","county_nam":"Bulloch","county_norm":"BULLOCH","prec_id":"2","precinct_name":"Bulloch - 2","precinct_norm":"BULLOCH - 2","precinct_full_name":"Blitch","has_polygon":true},"geometry":{"type":"Point","coordinates":[-81.80332000280313,32.545121]}},{"type":"Feature","properties":{"id":"2020-700","county_nam":"Screven","county_norm":"SCREVEN","prec_id":"05","precinct_name":"Screven - 05","precinct_norm":"SCREVEN - 05","precinct_full_name":"Rocky Ford","has_polygon":true},"geometry":{"type":"Point","coordinates":[-81.80546390508715,32.683744000000004]}},{"type":"Feature","properties":{"id":"2020-701","county_nam":"Jenkins","county_norm":"JENKINS","prec_id":"3","precinct_name":"Jenkins - 3","precinct_norm":"JENKINS - 3","precinct_full_name":"Perkins","has_polygon":true},"geometry":{"type":"Point","coordinates":[-82.02003500109271,32.8562635]}},{"type":"Feature","properties":{"id":"2020-702","county_nam":"Tift","county_norm":"TIFT","prec_id":"04","precinct_name":"Tift - 04","precinct_norm":"TIFT - 04","precinct_full_name":"Chula","has_polygon":true},"geometry":{"type":"Point","coordinates":[-83.56865119072296,31.548448999999998]}},{"type":"Feature","properties":{"id":"2020-703","county_nam":"Tift","county_norm":"TIFT","prec_id":"09","precinct_name":"Tift - 09","precinct_norm":"TIFT - 09","precinct_full_name":"Tifton Northwest","has_polygon":true},"geometry":{"type":"Point","coordinates":[-83.55261624635875,31.478628999999998]}},{"type":"Feature","properties":{"id":"2020-704","county_nam":"Tift","county_norm":"TIFT","prec_id":"01","precinct_name":"Tift - 01","precinct_norm":"TIFT - 01","precinct_full_name":"Tifton Northeast","has_polygon":true},"geometry":{"type":"Point","coordinates":[-83.51179725344217,31.469589499999998]}},{"type":"Feature","properties":{"id":"2020-705","county_nam":"Worth","county_norm":"WORTH","prec_id":"3","precinct_name":"Worth - 3","precinct_norm":"WORTH - 3","precinct_full_name":"Poulan","has_polygon":true},"geometry":{"type":"Point","coordinates":[-83.80040893570362,31.485775]}},{"type":"Feature","properties":{"id":"2020-706","county_nam":"Worth","county_norm":"WORTH","prec_id":"2","precinct_name":"Worth - 2","precinct_norm":"WORTH - 2","precinct_full_name":"Sylvester East","has_polygon":true},"geometry":{"type":"Point","coordinates":[-83.81128067337461,31.537545]}},{"type":"Feature","properties":{"id":"2020-707","county_nam":"Worth","county_norm":"WORTH","prec_id":"5","precinct_name":"Worth - 5","precinct_norm":"WORTH - 5","precinct_full_name":"Shingler","has_polygon":true},"geometry":{"type":"Point","coordinates":[-83.74899063299895,31.586322]}},{"type":"Feature","properties":{"id":"2020-708","county_nam":"Coffee","county_norm":"COFFEE","prec_id":"2","precinct_name":"Coffee - 2","precinct_norm":"COFFEE - 2","precinct_full_name":"Ambrose","has_polygon":true},"geometry":{"type":"Point","coordinates":[-82.99437533910145,31.5588815]}},{"type":"Feature","properties":{"id":"2020-709","county_nam":"Coffee","county_norm":"COFFEE","prec_id":"1","precinct_name":"Coffee - 1","precinct_norm":"COFFEE - 1","precinct_full_name":"Douglas","has_polygon":true},"geometry":{"type":"Point","coordinates":[-82.85409148088685,31.477941]}},{"type":"Feature","properties":{"id":"2020-710","county_nam":"Bulloch","county_norm":"BULLOCH","prec_id":"9","precinct_name":"Bulloch - 9","precinct_norm":"BULLOCH - 9","precinct_full_name":"Register","has_polygon":true},"geometry":{"type":"Point","coordinates":[-81.89302008637944,32.3782485]}},{"type":"Feature","properties":{"id":"2020-711","county_nam":"Bulloch","county_norm":"BULLOCH","prec_id":"11","precinct_name":"Bulloch - 11","precinct_norm":"BULLOCH - 11","precinct_full_name":"Statesboro","has_polygon":true},"geometry":{"type":"Point","coordinates":[-81.86751495174471,32.4579095]}},{"type":"Feature","properties":{"id":"2020-712","county_nam":"Camden","county_norm":"CAMDEN","prec_id":"01","precinct_name":"Camden - 01","precinct_norm":"CAMDEN - 01","precinct_full_name":"Tarboro","has_polygon":true},"geometry":{"type":"Point","coordinates":[-81.77337976397405,31.0280915]}},{"type":"Feature","properties":{"id":"2020-713","county_nam":"Brantley","county_norm":"BRANTLEY","prec_id":"2","precinct_name":"Brantley - 2","precinct_norm":"BRANTLEY - 2","precinct_full_name":"Nahunta","has_polygon":true},"geometry":{"type":"Point","coordinates":[-81.96600127424088,31.211021000000002]}},{"type":"Feature","properties":{"id":"2020-714","county_nam":"Pierce","county_norm":"PIERCE","prec_id":"4A","precinct_name":"Pierce - 4A","precinct_norm":"PIERCE - 4A","precinct_full_name":"Patterson","has_polygon":true},"geometry":{"type":"Point","coordinates":[-82.140156473319,31.412550500000002]}},{"type":"Feature","properties":{"id":"2020-715","county_nam":"Charlton","county_norm":"CHARLTON","prec_id":"5W","precinct_name":"Charlton - 5W","precinct_norm":"CHARLTON - 5W","precinct_full_name":"Winokur","has_polygon":true},"geometry":{"type":"Point","coordinates":[-81.99267476008492,30.9892525]}},{"type":"Feature","properties":{"id":"2020-716","county_nam":"Evans","county_norm":"EVANS","prec_id":"11","precinct_name":"Evans - 11","precinct_norm":"EVANS - 11","precinct_full_name":"Veteran's Community Center","has_polygon":true},"geometry":{"type":"Point","coordinates":[-81.88905430693987,32.1636345]}},{"type":"Feature","properties":{"id":"2020-717","county_nam":"Bulloch","county_norm":"BULLOCH","prec_id":"8","precinct_name":"Bulloch - 8","precinct_norm":"BULLOCH - 8","precinct_full_name":"Sinkhole","has_polygon":true},"geometry":{"type":"Point","coordinates":[-81.88626520725454,32.2889305]}},{"type":"Feature","properties":{"id":"2020-718","county_nam":"Turner","county_norm":"TURNER","prec_id":"2","precinct_name":"Turner - 2","precinct_norm":"TURNER - 2","precinct_full_name":"Sycamore","has_polygon":true},"geometry":{"type":"Point","coordinates":[-83.59912729033874,31.653360999999997]}},{"type":"Feature","properties":{"id":"2020-719","county_nam":"Tift","county_norm":"TIFT","prec_id":"12","precinct_name":"Tift - 12","precinct_norm":"TIFT - 12","precinct_full_name":"Tifton Lodge","has_polygon":true},"geometry":{"type":"Point","coordinates":[-83.4878525278815,31.472623]}},{"type":"Feature","properties":{"id":"2020-720","county_nam":"Tattnall","county_norm":"TATTNALL","prec_id":"7","precinct_name":"Tattnall - 7","precinct_norm":"TATTNALL - 7","precinct_full_name":"East Glennville","has_polygon":true},"geometry":{"type":"Point","coordinates":[-81.90472527959481,31.9544115]}},{"type":"Feature","properties":{"id":"2020-721","county_nam":"Long","county_norm":"LONG","prec_id":"1","precinct_name":"Long - 1","precinct_norm":"LONG - 1","precinct_full_name":"Beards Creek","has_polygon":true},"geometry":{"type":"Point","coordinates":[-81.81771737845936,31.9162615]}},{"type":"Feature","properties":{"id":"2020-722","county_nam":"Toombs","county_norm":"TOOMBS","prec_id":"39","precinct_name":"Toombs - 39","precinct_norm":"TOOMBS - 39","precinct_full_name":"Newbranch","has_polygon":true},"geometry":{"type":"Point","coordinates":[-82.27825900065541,32.030621]}},{"type":"Feature","properties":{"id":"2020-723","county_nam":"Wayne","county_norm":"WAYNE","prec_id":"1B","precinct_name":"Wayne - 1B","precinct_norm":"WAYNE - 1B","precinct_full_name":"Madray Springs","has_polygon":true},"geometry":{"type":"Point","coordinates":[-81.99906559859657,31.75727]}},{"type":"Feature","properties":{"id":"2020-724","county_nam":"Long","county_norm":"LONG","prec_id":"6","precinct_name":"Long - 6","precinct_norm":"LONG - 6","precinct_full_name":"Alma Flournoy","has_polygon":true},"geometry":{"type":"Point","coordinates":[-81.87661672962093,31.75925]}},{"type":"Feature","properties":{"id":"2020-725","county_nam":"Wayne","county_norm":"WAYNE","prec_id":"5A","precinct_name":"Wayne - 5A","precinct_norm":"WAYNE - 5A","precinct_full_name":"Unity","has_polygon":true},"geometry":{"type":"Point","coordinates":[-81.93169918833476,31.606535]}},{"type":"Feature","properties":{"id":"2020-726","county_nam":"Wayne","county_norm":"WAYNE","prec_id":"4A","precinct_name":"Wayne - 4A","precinct_norm":"WAYNE - 4A","precinct_full_name":"Veterans of Foreign Wars","has_polygon":true},"geometry":{"type":"Point","coordinates":[-81.88319914041037,31.6183175]}},{"type":"Feature","properties":{"id":"2020-727","county_nam":"Wayne","county_norm":"WAYNE","prec_id":"3A","precinct_name":"Wayne - 3A","precinct_norm":"WAYNE - 3A","precinct_full_name":"Altamaha","has_polygon":true},"geometry":{"type":"Point","coordinates":[-81.81804653796858,31.6258205]}},{"type":"Feature","properties":{"id":"2020-728","county_nam":"Richmond","county_norm":"RICHMOND","prec_id":"802","precinct_name":"Richmond - 802","precinct_norm":"RICHMOND - 802","precinct_full_name":"McBean Community Center","has_polygon":true},"geometry":{"type":"Point","coordinates":[-81.94220995540542,33.291027]}},{"type":"Feature","properties":{"id":"2020-729","county_nam":"Burke","county_norm":"BURKE","prec_id":"0011","precinct_name":"Burke - 0011","precinct_norm":"BURKE - 0011","precinct_full_name":"Telfair","has_polygon":true},"geometry":{"type":"Point","coordinates":[-81.82876390858684,33.1561215]}},{"type":"Feature","properties":{"id":"2020-730","county_nam":"Richmond","county_norm":"RICHMOND","prec_id":"608","precinct_name":"Richmond - 608","precinct_norm":"RICHMOND - 608","precinct_full_name":"Pine Hill Baptist Church","has_polygon":true},"geometry":{"type":"Point","coordinates":[-82.0365462283829,33.326533999999995]}},{"type":"Feature","properties":{"id":"2020-731","county_nam":"Richmond","county_norm":"RICHMOND","prec_id":"806","precinct_name":"Richmond - 806","precinct_norm":"RICHMOND - 806","precinct_full_name":"Pine Hill Baptist Church","has_polygon":true},"geometry":{"type":"Point","coordinates":[-82.00397090827987,33.3023905]}},{"type":"Feature","properties":{"id":"2020-732","county_nam":"Richmond","county_norm":"RICHMOND","prec_id":"808","precinct_name":"Richmond - 808","precinct_norm":"RICHMOND - 808","precinct_full_name":"Cross Creek High School","has_polygon":true},"geometry":{"type":"Point","coordinates":[-81.99271913460584,33.331616]}},{"type":"Feature","properties":{"id":"2020-733","county_nam":"Richmond","county_norm":"RICHMOND","prec_id":"607","precinct_name":"Richmond - 607","precinct_norm":"RICHMOND - 607","precinct_full_name":"Gracewood Community Center","has_polygon":true},"geometry":{"type":"Point","coordinates":[-82.03480414748415,33.383562]}},{"type":"Feature","properties":{"id":"2020-734","county_nam":"Richmond","county_norm":"RICHMOND","prec_id":"506","precinct_name":"Richmond - 506","precinct_norm":"RICHMOND - 506","precinct_full_name":"Sharon Baptist Church","has_polygon":true},"geometry":{"type":"Point","coordinates":[-82.0433209197545,33.4000985]}},{"type":"Feature","properties":{"id":"2020-735","county_nam":"Wayne","county_norm":"WAYNE","prec_id":"2A","precinct_name":"Wayne - 2A","precinct_norm":"WAYNE - 2A","precinct_full_name":"Screven","has_polygon":true},"geometry":{"type":"Point","coordinates":[-82.02430476057461,31.4920585]}},{"type":"Feature","properties":{"id":"2020-736","county_nam":"Wayne","county_norm":"WAYNE","prec_id":"2C","precinct_name":"Wayne - 2C","precinct_norm":"WAYNE - 2C","precinct_full_name":"Empire","has_polygon":true},"geometry":{"type":"Point","coordinates":[-82.05364692474095,31.6160415]}},{"type":"Feature","properties":{"id":"2020-737","county_nam":"Wayne","county_norm":"WAYNE","prec_id":"2D","precinct_name":"Wayne - 2D","precinct_norm":"WAYNE - 2D","precinct_full_name":"Red Hill","has_polygon":true},"geometry":{"type":"Point","coordinates":[-81.96282260003129,31.631694500000002]}},{"type":"Feature","properties":{"id":"2020-738","county_nam":"Bulloch","county_norm":"BULLOCH","prec_id":"12","precinct_name":"Bulloch - 12","precinct_norm":"BULLOCH - 12","precinct_full_name":"Portal","has_polygon":true},"geometry":{"type":"Point","coordinates":[-81.9395020786854,32.5338515]}},{"type":"Feature","properties":{"id":"2020-739","county_nam":"Jenkins","county_norm":"JENKINS","prec_id":"5","precinct_name":"Jenkins - 5","precinct_norm":"JENKINS - 5","precinct_full_name":"Four Points","has_polygon":true},"geometry":{"type":"Point","coordinates":[-81.98997913147952,32.698964000000004]}},{"type":"Feature","properties":{"id":"2020-740","county_nam":"Bulloch","county_norm":"BULLOCH","prec_id":"1","precinct_name":"Bulloch - 1","precinct_norm":"BULLOCH - 1","precinct_full_name":"Lockhart","has_polygon":true},"geometry":{"type":"Point","coordinates":[-81.85330903306195,32.600061]}},{"type":"Feature","properties":{"id":"2020-741","county_nam":"Bulloch","county_norm":"BULLOCH","prec_id":"10","precinct_name":"Bulloch - 10","precinct_norm":"BULLOCH - 10","precinct_full_name":"Emit","has_polygon":true},"geometry":{"type":"Point","coordinates":[-81.7759176481666,32.342828499999996]}},{"type":"Feature","properties":{"id":"2020-742","county_nam":"Bulloch","county_norm":"BULLOCH","prec_id":"4","precinct_name":"Bulloch - 4","precinct_norm":"BULLOCH - 4","precinct_full_name":"Brooklet","has_polygon":true},"geometry":{"type":"Point","coordinates":[-81.64606447973327,32.361487]}},{"type":"Feature","properties":{"id":"2020-743","county_nam":"Bulloch","county_norm":"BULLOCH","prec_id":"13","precinct_name":"Bulloch - 13","precinct_norm":"BULLOCH - 13","precinct_full_name":"Fair","has_polygon":true},"geometry":{"type":"Point","coordinates":[-81.7909301309264,32.399545]}},{"type":"Feature","properties":{"id":"2020-744","county_nam":"Camden","county_norm":"CAMDEN","prec_id":"03","precinct_name":"Camden - 03","precinct_norm":"CAMDEN - 03","precinct_full_name":"Woodbine","has_polygon":true},"geometry":{"type":"Point","coordinates":[-81.71576903565736,30.909107]}},{"type":"Feature","properties":{"id":"2020-745","county_nam":"Camden","county_norm":"CAMDEN","prec_id":"14","precinct_name":"Camden - 14","precinct_norm":"CAMDEN - 14","precinct_full_name":"West Saint Marys","has_polygon":true},"geometry":{"type":"Point","coordinates":[-81.60445354455385,30.737454]}},{"type":"Feature","properties":{"id":"2020-746","county_nam":"Camden","county_norm":"CAMDEN","prec_id":"11","precinct_name":"Camden - 11","precinct_norm":"CAMDEN - 11","precinct_full_name":"St. Marys","has_polygon":true},"geometry":{"type":"Point","coordinates":[-81.58870568633105,30.766534999999998]}},{"type":"Feature","properties":{"id":"2020-747","county_nam":"Wayne","county_norm":"WAYNE","prec_id":"3B","precinct_name":"Wayne - 3B","precinct_norm":"WAYNE - 3B","precinct_full_name":"Gardi","has_polygon":true},"geometry":{"type":"Point","coordinates":[-81.77373406292988,31.454509]}},{"type":"Feature","properties":{"id":"2020-748","county_nam":"Glynn","county_norm":"GLYNN","prec_id":"1713","precinct_name":"Glynn - 1713","precinct_norm":"GLYNN - 1713","precinct_full_name":"Sterling Elementary","has_polygon":true},"geometry":{"type":"Point","coordinates":[-81.59711922934116,31.3289665]}},{"type":"Feature","properties":{"id":"2020-749","county_nam":"Pierce","county_norm":"PIERCE","prec_id":"4B","precinct_name":"Pierce - 4B","precinct_norm":"PIERCE - 4B","precinct_full_name":"Mershon","has_polygon":true},"geometry":{"type":"Point","coordinates":[-82.26354457610924,31.459352000000003]}},{"type":"Feature","properties":{"id":"2020-750","county_nam":"Appling","county_norm":"APPLING","prec_id":"4B","precinct_name":"Appling - 4B","precinct_norm":"APPLING - 4B","precinct_full_name":"4B","has_polygon":true},"geometry":{"type":"Point","coordinates":[-82.20954944705882,31.578820999999998]}},{"type":"Feature","properties":{"id":"2020-751","county_nam":"Mcintosh","county_norm":"MCINTOSH","prec_id":"271","precinct_name":"Mcintosh - 271","precinct_norm":"MCINTOSH - 271","precinct_full_name":"North Darien","has_polygon":true},"geometry":{"type":"Point","coordinates":[-81.36144838298902,31.387771]}},{"type":"Feature","properties":{"id":"2020-752","county_nam":"Mcintosh","county_norm":"MCINTOSH","prec_id":"1312","precinct_name":"Mcintosh - 1312","precinct_norm":"MCINTOSH - 1312","precinct_full_name":"Sapelo Island","has_polygon":true},"geometry":{"type":"Point","coordinates":[-81.24220645654933,31.421319500000003]}},{"type":"Feature","properties":{"id":"2020-753","county_nam":"Burke","county_norm":"BURKE","prec_id":"0009","precinct_name":"Burke - 0009","precinct_norm":"BURKE - 0009","precinct_full_name":"Sardis","has_polygon":true},"geometry":{"type":"Point","coordinates":[-81.75580162336477,32.970582500000006]}},{"type":"Feature","properties":{"id":"2020-754","county_nam":"Screven","county_norm":"SCREVEN","prec_id":"10","precinct_name":"Screven - 10","precinct_norm":"SCREVEN - 10","precinct_full_name":"Senior Citizens Center","has_polygon":true},"geometry":{"type":"Point","coordinates":[-81.62478960394841,32.787296]}},{"type":"Feature","properties":{"id":"2020-755","county_nam":"Screven","county_norm":"SCREVEN","prec_id":"07","precinct_name":"Screven - 07","precinct_norm":"SCREVEN - 07","precinct_full_name":"Hiltonia","has_polygon":true},"geometry":{"type":"Point","coordinates":[-81.62654131312334,32.898966]}},{"type":"Feature","properties":{"id":"2020-756","county_nam":"Screven","county_norm":"SCREVEN","prec_id":"02","precinct_name":"Screven - 02","precinct_norm":"SCREVEN - 02","precinct_full_name":"Hunters","has_polygon":true},"geometry":{"type":"Point","coordinates":[-81.56400710632083,32.721574000000004]}},{"type":"Feature","properties":{"id":"2020-757","county_nam":"Screven","county_norm":"SCREVEN","prec_id":"06","precinct_name":"Screven - 06","precinct_norm":"SCREVEN - 06","precinct_full_name":"Bay Branch","has_polygon":true},"geometry":{"type":"Point","coordinates":[-81.75899774307112,32.794975]}},{"type":"Feature","properties":{"id":"2020-758","county_nam":"Screven","county_norm":"SCREVEN","prec_id":"08","precinct_name":"Screven - 08","precinct_norm":"SCREVEN - 08","precinct_full_name":"Screven Recreation Department","has_polygon":true},"geometry":{"type":"Point","coordinates":[-81.68062726326983,32.7961425]}},{"type":"Feature","properties":{"id":"2020-759","county_nam":"Long","county_norm":"LONG","prec_id":"7","precinct_name":"Long - 7","precinct_norm":"LONG - 7","precinct_full_name":"Faith Baptist Annex","has_polygon":true},"geometry":{"type":"Point","coordinates":[-81.73689223707702,31.6642975]}},{"type":"Feature","properties":{"id":"2020-760","county_nam":"Mcintosh","county_norm":"MCINTOSH","prec_id":"1771","precinct_name":"Mcintosh - 1771","precinct_norm":"MCINTOSH - 1771","precinct_full_name":"Darien","has_polygon":true},"geometry":{"type":"Point","coordinates":[-81.5351117976254,31.4512235]}},{"type":"Feature","properties":{"id":"2020-761","county_nam":"Long","county_norm":"LONG","prec_id":"5","precinct_name":"Long - 5","precinct_norm":"LONG - 5","precinct_full_name":"Tibet","has_polygon":true},"geometry":{"type":"Point","coordinates":[-81.61597435700303,31.6452575]}},{"type":"Feature","properties":{"id":"2020-762","county_nam":"Long","county_norm":"LONG","prec_id":"2","precinct_name":"Long - 2","precinct_norm":"LONG - 2","precinct_full_name":"Rye Patch/Oak Dale","has_polygon":true},"geometry":{"type":"Point","coordinates":[-81.74392672883738,31.788426]}},{"type":"Feature","properties":{"id":"2020-763","county_nam":"Colquitt","county_norm":"COLQUITT","prec_id":"0023","precinct_name":"Colquitt - 0023","precinct_norm":"COLQUITT - 0023","precinct_full_name":"Warrior","has_polygon":true},"geometry":{"type":"Point","coordinates":[-83.59872013840139,31.204536]}},{"type":"Feature","properties":{"id":"2020-764","county_nam":"Colquitt","county_norm":"COLQUITT","prec_id":"0022","precinct_name":"Colquitt - 0022","precinct_norm":"COLQUITT - 0022","precinct_full_name":"Tyty","has_polygon":true},"geometry":{"type":"Point","coordinates":[-83.5514726580129,31.279136]}},{"type":"Feature","properties":{"id":"2020-765","county_nam":"Tift","county_norm":"TIFT","prec_id":"07","precinct_name":"Tift - 07","precinct_norm":"TIFT - 07","precinct_full_name":"Omega","has_polygon":true},"geometry":{"type":"Point","coordinates":[-83.58759247185262,31.359442]}},{"type":"Feature","properties":{"id":"2020-766","county_nam":"Tift","county_norm":"TIFT","prec_id":"05","precinct_name":"Tift - 05","precinct_norm":"TIFT - 05","precinct_full_name":"Docia","has_polygon":true},"geometry":{"type":"Point","coordinates":[-83.60313197338681,31.411134500000003]}},{"type":"Feature","properties":{"id":"2020-767","county_nam":"Tift","county_norm":"TIFT","prec_id":"10","precinct_name":"Tift - 10","precinct_norm":"TIFT - 10","precinct_full_name":"Tifton South","has_polygon":true},"geometry":{"type":"Point","coordinates":[-83.54519874960522,31.421416999999998]}},{"type":"Feature","properties":{"id":"2020-768","county_nam":"Berrien","county_norm":"BERRIEN","prec_id":"1144","precinct_name":"Berrien - 1144","precinct_norm":"BERRIEN - 1144","precinct_full_name":"Ray City","has_polygon":true},"geometry":{"type":"Point","coordinates":[-83.24108728457603,31.0943555]}},{"type":"Feature","properties":{"id":"2020-769","county_nam":"Lowndes","county_norm":"LOWNDES","prec_id":"012","precinct_name":"Lowndes - 012","precinct_norm":"LOWNDES - 012","precinct_full_name":"Northgate Assembly","has_polygon":true},"geometry":{"type":"Point","coordinates":[-83.21108479173321,30.9660445]}},{"type":"Feature","properties":{"id":"2020-770","county_nam":"Berrien","county_norm":"BERRIEN","prec_id":"11062","precinct_name":"Berrien - 11062","precinct_norm":"BERRIEN - 11062","precinct_full_name":"West Berrien","has_polygon":true},"geometry":{"type":"Point","coordinates":[-83.37017803924115,31.3110605]}},{"type":"Feature","properties":{"id":"2020-771","county_nam":"Berrien","county_norm":"BERRIEN","prec_id":"1642","precinct_name":"Berrien - 1642","precinct_norm":"BERRIEN - 1642","precinct_full_name":"Enigma","has_polygon":true},"geometry":{"type":"Point","coordinates":[-83.32653425204434,31.412396]}},{"type":"Feature","properties":{"id":"2020-772","county_nam":"Tift","county_norm":"TIFT","prec_id":"11","precinct_name":"Tift - 11","precinct_norm":"TIFT - 11","precinct_full_name":"Mott-Litman Gym","has_polygon":true},"geometry":{"type":"Point","coordinates":[-83.49530959337781,31.4300605]}},{"type":"Feature","properties":{"id":"2020-773","county_nam":"Cook","county_norm":"COOK","prec_id":"L","precinct_name":"Cook - L","precinct_norm":"COOK - L","precinct_full_name":"Lenox","has_polygon":true},"geometry":{"type":"Point","coordinates":[-83.45616583502886,31.2803045]}},{"type":"Feature","properties":{"id":"2020-774","county_nam":"Cook","county_norm":"COOK","prec_id":"M","precinct_name":"Cook - M","precinct_norm":"COOK - M","precinct_full_name":"Massee","has_polygon":true},"geometry":{"type":"Point","coordinates":[-83.36541167174767,31.205172500000003]}},{"type":"Feature","properties":{"id":"2020-775","county_nam":"Tift","county_norm":"TIFT","prec_id":"06","precinct_name":"Tift - 06","precinct_norm":"TIFT - 06","precinct_full_name":"Eldorado","has_polygon":true},"geometry":{"type":"Point","coordinates":[-83.48143943532634,31.374964499999997]}},{"type":"Feature","properties":{"id":"2020-776","county_nam":"Tift","county_norm":"TIFT","prec_id":"03","precinct_name":"Tift - 03","precinct_norm":"TIFT - 03","precinct_full_name":"Brookfield","has_polygon":true},"geometry":{"type":"Point","coordinates":[-83.42212590809983,31.419491]}},{"type":"Feature","properties":{"id":"2020-777","county_nam":"Lowndes","county_norm":"LOWNDES","prec_id":"007","precinct_name":"Lowndes - 007","precinct_norm":"LOWNDES - 007","precinct_full_name":"Clyattville","has_polygon":true},"geometry":{"type":"Point","coordinates":[-83.36326431225922,30.724542]}},{"type":"Feature","properties":{"id":"2020-778","county_nam":"Bacon","county_norm":"BACON","prec_id":"DOUGL","precinct_name":"Bacon - DOUGL","precinct_norm":"BACON - DOUGL","precinct_full_name":"Douglas","has_polygon":true},"geometry":{"type":"Point","coordinates":[-82.44601374884527,31.564218]}},{"type":"Feature","properties":{"id":"2020-779","county_nam":"Coffee","county_norm":"COFFEE","prec_id":"3","precinct_name":"Coffee - 3","precinct_norm":"COFFEE - 3","precinct_full_name":"Bridgetown","has_polygon":true},"geometry":{"type":"Point","coordinates":[-83.05271495697329,31.443979]}},{"type":"Feature","properties":{"id":"2020-780","county_nam":"Atkinson","county_norm":"ATKINSON","prec_id":"0003","precinct_name":"Atkinson - 0003","precinct_norm":"ATKINSON - 0003","precinct_full_name":"Willacoochee","has_polygon":true},"geometry":{"type":"Point","coordinates":[-83.01204586387502,31.3020955]}},{"type":"Feature","properties":{"id":"2020-781","county_nam":"Atkinson","county_norm":"ATKINSON","prec_id":"0001","precinct_name":"Atkinson - 0001","precinct_norm":"ATKINSON - 0001","precinct_full_name":"Pearson County","has_polygon":true},"geometry":{"type":"Point","coordinates":[-82.92207861261204,31.2931765]}},{"type":"Feature","properties":{"id":"2020-782","county_nam":"Atkinson","county_norm":"ATKINSON","prec_id":"0004","precinct_name":"Atkinson - 0004","precinct_norm":"ATKINSON - 0004","precinct_full_name":"Pearson City","has_polygon":true},"geometry":{"type":"Point","coordinates":[-82.85350598195534,31.2965015]}},{"type":"Feature","properties":{"id":"2020-783","county_nam":"Coffee","county_norm":"COFFEE","prec_id":"6","precinct_name":"Coffee - 6","precinct_norm":"COFFEE - 6","precinct_full_name":"West Green","has_polygon":true},"geometry":{"type":"Point","coordinates":[-82.71492966490416,31.6137115]}},{"type":"Feature","properties":{"id":"2020-784","county_nam":"Coffee","county_norm":"COFFEE","prec_id":"5","precinct_name":"Coffee - 5","precinct_norm":"COFFEE - 5","precinct_full_name":"Nicholls","has_polygon":true},"geometry":{"type":"Point","coordinates":[-82.68244735498047,31.473874000000002]}},{"type":"Feature","properties":{"id":"2020-785","county_nam":"Jeff Davis","county_norm":"JEFF DAVIS","prec_id":"402","precinct_name":"Jeff Davis - 402","precinct_norm":"JEFF DAVIS - 402","precinct_full_name":"Whitehead 2","has_polygon":true},"geometry":{"type":"Point","coordinates":[-82.7299547640281,31.742913]}},{"type":"Feature","properties":{"id":"2020-786","county_nam":"Bryan","county_norm":"BRYAN","prec_id":"9","precinct_name":"Bryan - 9","precinct_norm":"BRYAN - 9","precinct_full_name":"Devaul Henderson Park Gym","has_polygon":true},"geometry":{"type":"Point","coordinates":[-81.32670700759572,31.9158135]}},{"type":"Feature","properties":{"id":"2020-787","county_nam":"Bryan","county_norm":"BRYAN","prec_id":"5","precinct_name":"Bryan - 5","precinct_norm":"BRYAN - 5","precinct_full_name":"Timber Trail","has_polygon":true},"geometry":{"type":"Point","coordinates":[-81.31220536153795,31.934611]}},{"type":"Feature","properties":{"id":"2020-788","county_nam":"Bryan","county_norm":"BRYAN","prec_id":"6","precinct_name":"Bryan - 6","precinct_norm":"BRYAN - 6","precinct_full_name":"Wetlands Center","has_polygon":true},"geometry":{"type":"Point","coordinates":[-81.27430761436526,31.921105500000003]}},{"type":"Feature","properties":{"id":"2020-789","county_nam":"Bulloch","county_norm":"BULLOCH","prec_id":"7","precinct_name":"Bulloch - 7","precinct_norm":"BULLOCH - 7","precinct_full_name":"Nevils","has_polygon":true},"geometry":{"type":"Point","coordinates":[-81.76040140551527,32.229338999999996]}},{"type":"Feature","properties":{"id":"2020-790","county_nam":"Mcintosh","county_norm":"MCINTOSH","prec_id":"1515","precinct_name":"Mcintosh - 1515","precinct_norm":"MCINTOSH - 1515","precinct_full_name":"Crescent","has_polygon":true},"geometry":{"type":"Point","coordinates":[-81.36752864938161,31.493357500000002]}},{"type":"Feature","properties":{"id":"2020-791","county_nam":"Mcintosh","county_norm":"MCINTOSH","prec_id":"22","precinct_name":"Mcintosh - 22","precinct_norm":"MCINTOSH - 22","precinct_full_name":"South Newport","has_polygon":true},"geometry":{"type":"Point","coordinates":[-81.30445754542458,31.588411]}},{"type":"Feature","properties":{"id":"2020-792","county_nam":"Liberty","county_norm":"LIBERTY","prec_id":"5","precinct_name":"Liberty - 5","precinct_norm":"LIBERTY - 5","precinct_full_name":"Fleming West","has_polygon":true},"geometry":{"type":"Point","coordinates":[-81.50977609129781,31.8452785]}},{"type":"Feature","properties":{"id":"2020-793","county_nam":"Berrien","county_norm":"BERRIEN","prec_id":"1157","precinct_name":"Berrien - 1157","precinct_norm":"BERRIEN - 1157","precinct_full_name":"Nashville","has_polygon":true},"geometry":{"type":"Point","coordinates":[-83.18923866678742,31.217821]}},{"type":"Feature","properties":{"id":"2020-794","county_nam":"Berrien","county_norm":"BERRIEN","prec_id":"518","precinct_name":"Berrien - 518","precinct_norm":"BERRIEN - 518","precinct_full_name":"Alapaha","has_polygon":true},"geometry":{"type":"Point","coordinates":[-83.19891345131653,31.3855535]}},{"type":"Feature","properties":{"id":"2020-795","county_nam":"Liberty","county_norm":"LIBERTY","prec_id":"13","precinct_name":"Liberty - 13","precinct_norm":"LIBERTY - 13","precinct_full_name":"Performing Arts Center (Pac)","has_polygon":true},"geometry":{"type":"Point","coordinates":[-81.66888472061797,31.970821]}},{"type":"Feature","properties":{"id":"2020-796","county_nam":"Bulloch","county_norm":"BULLOCH","prec_id":"15","precinct_name":"Bulloch - 15","precinct_norm":"BULLOCH - 15","precinct_full_name":"Pittman Park","has_polygon":true},"geometry":{"type":"Point","coordinates":[-81.77324231325596,32.4255165]}},{"type":"Feature","properties":{"id":"2020-797","county_nam":"Bulloch","county_norm":"BULLOCH","prec_id":"14","precinct_name":"Bulloch - 14","precinct_norm":"BULLOCH - 14","precinct_full_name":"Church","has_polygon":true},"geometry":{"type":"Point","coordinates":[-81.78183738441655,32.482127500000004]}},{"type":"Feature","properties":{"id":"2020-798","county_nam":"Bulloch","county_norm":"BULLOCH","prec_id":"3","precinct_name":"Bulloch - 3","precinct_norm":"BULLOCH - 3","precinct_full_name":"Hagin","has_polygon":true},"geometry":{"type":"Point","coordinates":[-81.65991928346045,32.493178]}},{"type":"Feature","properties":{"id":"2020-799","county_nam":"Clinch","county_norm":"CLINCH","prec_id":"D","precinct_name":"Clinch - D","precinct_norm":"CLINCH - D","precinct_full_name":"Dupont","has_polygon":true},"geometry":{"type":"Point","coordinates":[-82.85529262022631,30.948390500000002]}},{"type":"Feature","properties":{"id":"2020-800","county_nam":"Pierce","county_norm":"PIERCE","prec_id":"0001","precinct_name":"Pierce - 0001","precinct_norm":"PIERCE - 0001","precinct_full_name":"Hacklebarney/Cason","has_polygon":true},"geometry":{"type":"Point","coordinates":[-82.31657160511668,31.307628]}},{"type":"Feature","properties":{"id":"2020-801","county_nam":"Pierce","county_norm":"PIERCE","prec_id":"4D","precinct_name":"Pierce - 4D","precinct_norm":"PIERCE - 4D","precinct_full_name":"Sunset/Sweat","has_polygon":true},"geometry":{"type":"Point","coordinates":[-82.36632089715536,31.392356]}},{"type":"Feature","properties":{"id":"2020-802","county_nam":"Charlton","county_norm":"CHARLTON","prec_id":"3B","precinct_name":"Charlton - 3B","precinct_norm":"CHARLTON - 3B","precinct_full_name":"Ga Bend","has_polygon":true},"geometry":{"type":"Point","coordinates":[-82.16803340059727,30.440689499999998]}},{"type":"Feature","properties":{"id":"2020-803","county_nam":"Clinch","county_norm":"CLINCH","prec_id":"F","precinct_name":"Clinch - F","precinct_norm":"CLINCH - F","precinct_full_name":"Fargo","has_polygon":true},"geometry":{"type":"Point","coordinates":[-82.63299880299755,30.781244]}},{"type":"Feature","properties":{"id":"2020-804","county_nam":"Clinch","county_norm":"CLINCH","prec_id":"H","precinct_name":"Clinch - H","precinct_norm":"CLINCH - H","precinct_full_name":"Homerville","has_polygon":true},"geometry":{"type":"Point","coordinates":[-82.70014494609009,30.999938999999998]}},{"type":"Feature","properties":{"id":"2020-805","county_nam":"Lanier","county_norm":"LANIER","prec_id":"1","precinct_name":"Lanier - 1","precinct_norm":"LANIER - 1","precinct_full_name":"Lakeland","has_polygon":true},"geometry":{"type":"Point","coordinates":[-83.07521612776222,31.013922]}},{"type":"Feature","properties":{"id":"2020-806","county_nam":"Clinch","county_norm":"CLINCH","prec_id":"AB","precinct_name":"Clinch - AB","precinct_norm":"CLINCH - AB","precinct_full_name":"Arabia","has_polygon":true},"geometry":{"type":"Point","coordinates":[-82.89995652552072,31.1071765]}},{"type":"Feature","properties":{"id":"2020-807","county_nam":"Echols","county_norm":"ECHOLS","prec_id":"1058","precinct_name":"Echols - 1058","precinct_norm":"ECHOLS - 1058","precinct_full_name":"Statenville","has_polygon":true},"geometry":{"type":"Point","coordinates":[-82.94586832890275,30.731912]}},{"type":"Feature","properties":{"id":"2020-808","county_nam":"Lowndes","county_norm":"LOWNDES","prec_id":"009","precinct_name":"Lowndes - 009","precinct_norm":"LOWNDES - 009","precinct_full_name":"S Lowndes","has_polygon":true},"geometry":{"type":"Point","coordinates":[-83.18579010286436,30.682643]}},{"type":"Feature","properties":{"id":"2020-809","county_nam":"Lowndes","county_norm":"LOWNDES","prec_id":"008","precinct_name":"Lowndes - 008","precinct_norm":"LOWNDES - 008","precinct_full_name":"Dasher","has_polygon":true},"geometry":{"type":"Point","coordinates":[-83.20126129503794,30.7673675]}},{"type":"Feature","properties":{"id":"2020-810","county_nam":"Lowndes","county_norm":"LOWNDES","prec_id":"004","precinct_name":"Lowndes - 004","precinct_norm":"LOWNDES - 004","precinct_full_name":"Naylor","has_polygon":true},"geometry":{"type":"Point","coordinates":[-83.11782479595573,30.88695]}},{"type":"Feature","properties":{"id":"2020-811","county_nam":"Brooks","county_norm":"BROOKS","prec_id":"660","precinct_name":"Brooks - 660","precinct_norm":"BROOKS - 660","precinct_full_name":"Morven","has_polygon":true},"geometry":{"type":"Point","coordinates":[-83.54363950000001,30.9647125]}},{"type":"Feature","properties":{"id":"2020-812","county_nam":"Lowndes","county_norm":"LOWNDES","prec_id":"001","precinct_name":"Lowndes - 001","precinct_norm":"LOWNDES - 001","precinct_full_name":"Hahira Train Depot","has_polygon":true},"geometry":{"type":"Point","coordinates":[-83.35288730382155,30.983072]}},{"type":"Feature","properties":{"id":"2020-813","county_nam":"Cook","county_norm":"COOK","prec_id":"NL","precinct_name":"Cook - NL","precinct_norm":"COOK - NL","precinct_full_name":"New Life Baptist Church","has_polygon":true},"geometry":{"type":"Point","coordinates":[-83.49412686702061,31.0833425]}},{"type":"Feature","properties":{"id":"2020-814","county_nam":"Cook","county_norm":"COOK","prec_id":"C","precinct_name":"Cook - C","precinct_norm":"COOK - C","precinct_full_name":"Cecil","has_polygon":true},"geometry":{"type":"Point","coordinates":[-83.39055832316032,31.086624999999998]}},{"type":"Feature","properties":{"id":"2020-815","county_nam":"Cook","county_norm":"COOK","prec_id":"DB","precinct_name":"Cook - DB","precinct_norm":"COOK - DB","precinct_full_name":"Delle Beamguard","has_polygon":true},"geometry":{"type":"Point","coordinates":[-83.36910680177056,31.12499]}},{"type":"Feature","properties":{"id":"2020-816","county_nam":"Lowndes","county_norm":"LOWNDES","prec_id":"006","precinct_name":"Lowndes - 006","precinct_norm":"LOWNDES - 006","precinct_full_name":"Mildred","has_polygon":true},"geometry":{"type":"Point","coordinates":[-83.26533330215818,30.8166965]}},{"type":"Feature","properties":{"id":"2020-817","county_nam":"Lowndes","county_norm":"LOWNDES","prec_id":"013","precinct_name":"Lowndes - 013","precinct_norm":"LOWNDES - 013","precinct_full_name":"Mount Calvary","has_polygon":true},"geometry":{"type":"Point","coordinates":[-83.25327798589743,30.856032499999998]}},{"type":"Feature","properties":{"id":"2020-818","county_nam":"Lowndes","county_norm":"LOWNDES","prec_id":"011","precinct_name":"Lowndes - 011","precinct_norm":"LOWNDES - 011","precinct_full_name":"Jaycee Shack","has_polygon":true},"geometry":{"type":"Point","coordinates":[-83.25892352601323,30.872066]}},{"type":"Feature","properties":{"id":"2020-819","county_nam":"Lowndes","county_norm":"LOWNDES","prec_id":"002","precinct_name":"Lowndes - 002","precinct_norm":"LOWNDES - 002","precinct_full_name":"Trinity","has_polygon":true},"geometry":{"type":"Point","coordinates":[-83.28125612846199,30.9340935]}},{"type":"Feature","properties":{"id":"2020-820","county_nam":"Brooks","county_norm":"BROOKS","prec_id":"1712","precinct_name":"Brooks - 1712","precinct_norm":"BROOKS - 1712","precinct_full_name":"Pavo","has_polygon":true},"geometry":{"type":"Point","coordinates":[-83.6937962302022,30.977596]}},{"type":"Feature","properties":{"id":"2020-821","county_nam":"Colquitt","county_norm":"COLQUITT","prec_id":"0014","precinct_name":"Colquitt - 0014","precinct_norm":"COLQUITT - 0014","precinct_full_name":"Hopewell","has_polygon":true},"geometry":{"type":"Point","coordinates":[-83.71769276752057,31.105586000000002]}},{"type":"Feature","properties":{"id":"2020-822","county_nam":"Colquitt","county_norm":"COLQUITT","prec_id":"0020","precinct_name":"Colquitt - 0020","precinct_norm":"COLQUITT - 0020","precinct_full_name":"Robinson","has_polygon":true},"geometry":{"type":"Point","coordinates":[-83.63129133603078,31.086056]}},{"type":"Feature","properties":{"id":"2020-823","county_nam":"Colquitt","county_norm":"COLQUITT","prec_id":"0015","precinct_name":"Colquitt - 0015","precinct_norm":"COLQUITT - 0015","precinct_full_name":"Lee","has_polygon":true},"geometry":{"type":"Point","coordinates":[-83.62631216963189,31.140124999999998]}},{"type":"Feature","properties":{"id":"2020-824","county_nam":"Lowndes","county_norm":"LOWNDES","prec_id":"005","precinct_name":"Lowndes - 005","precinct_norm":"LOWNDES - 005","precinct_full_name":"Rainwater","has_polygon":true},"geometry":{"type":"Point","coordinates":[-83.33754009987462,30.862582]}},{"type":"Feature","properties":{"id":"2020-825","county_nam":"Lowndes","county_norm":"LOWNDES","prec_id":"003","precinct_name":"Lowndes - 003","precinct_norm":"LOWNDES - 003","precinct_full_name":"Northside","has_polygon":true},"geometry":{"type":"Point","coordinates":[-83.30764773474516,30.889976]}},{"type":"Feature","properties":{"id":"2020-826","county_nam":"Lowndes","county_norm":"LOWNDES","prec_id":"010","precinct_name":"Lowndes - 010","precinct_norm":"LOWNDES - 010","precinct_full_name":"Vsu Uc # 2","has_polygon":true},"geometry":{"type":"Point","coordinates":[-83.28953701639819,30.848820500000002]}},{"type":"Feature","properties":{"id":"2020-827","county_nam":"Cook","county_norm":"COOK","prec_id":"RB","precinct_name":"Cook - RB","precinct_norm":"COOK - RB","precinct_full_name":"Riverbend","has_polygon":true},"geometry":{"type":"Point","coordinates":[-83.50006227681425,31.1766665]}},{"type":"Feature","properties":{"id":"2020-828","county_nam":"Cook","county_norm":"COOK","prec_id":"EP","precinct_name":"Cook - EP","precinct_norm":"COOK - EP","precinct_full_name":"Elm Pine","has_polygon":true},"geometry":{"type":"Point","coordinates":[-83.43764583473401,31.1419645]}},{"type":"Feature","properties":{"id":"2020-829","county_nam":"Cook","county_norm":"COOK","prec_id":"S","precinct_name":"Cook - S","precinct_norm":"COOK - S","precinct_full_name":"Sparks","has_polygon":true},"geometry":{"type":"Point","coordinates":[-83.4391416903109,31.167378499999998]}},{"type":"Feature","properties":{"id":"2020-830","county_nam":"Colquitt","county_norm":"COLQUITT","prec_id":"0007","precinct_name":"Colquitt - 0007","precinct_norm":"COLQUITT - 0007","precinct_full_name":"Autreyville","has_polygon":true},"geometry":{"type":"Point","coordinates":[-83.76794977766207,31.093913]}},{"type":"Feature","properties":{"id":"2020-831","county_nam":"Colquitt","county_norm":"COLQUITT","prec_id":"0002","precinct_name":"Colquitt - 0002","precinct_norm":"COLQUITT - 0002","precinct_full_name":"Moultrie","has_polygon":true},"geometry":{"type":"Point","coordinates":[-83.71363923217214,31.144348]}},{"type":"Feature","properties":{"id":"2020-832","county_nam":"Ware","county_norm":"WARE","prec_id":"400","precinct_name":"Ware - 400","precinct_norm":"WARE - 400","precinct_full_name":"Second Baptist Church","has_polygon":true},"geometry":{"type":"Point","coordinates":[-82.33374627720679,31.1210365]}},{"type":"Feature","properties":{"id":"2020-833","county_nam":"Pierce","county_norm":"PIERCE","prec_id":"0002","precinct_name":"Pierce - 0002","precinct_norm":"PIERCE - 0002","precinct_full_name":"Blackshear","has_polygon":true},"geometry":{"type":"Point","coordinates":[-82.25034350950251,31.2823015]}},{"type":"Feature","properties":{"id":"2020-834","county_nam":"Pierce","county_norm":"PIERCE","prec_id":"3A","precinct_name":"Pierce - 3A","precinct_norm":"PIERCE - 3A","precinct_full_name":"St. Johns/Blackshear","has_polygon":true},"geometry":{"type":"Point","coordinates":[-82.18496625468072,31.2593175]}},{"type":"Feature","properties":{"id":"2020-835","county_nam":"Ware","county_norm":"WARE","prec_id":"200B","precinct_name":"Ware - 200B","precinct_norm":"WARE - 200B","precinct_full_name":"200B - City Auditorium","has_polygon":true},"geometry":{"type":"Point","coordinates":[-82.37055782437342,31.191263]}},{"type":"Feature","properties":{"id":"2020-836","county_nam":"Pierce","county_norm":"PIERCE","prec_id":"4C","precinct_name":"Pierce - 4C","precinct_norm":"PIERCE - 4C","precinct_full_name":"Alabaha","has_polygon":true},"geometry":{"type":"Point","coordinates":[-82.26103977856415,31.3751125]}},{"type":"Feature","properties":{"id":"2020-837","county_nam":"Pierce","county_norm":"PIERCE","prec_id":"3B","precinct_name":"Pierce - 3B","precinct_norm":"PIERCE - 3B","precinct_full_name":"Otter Creek","has_polygon":true},"geometry":{"type":"Point","coordinates":[-82.11540833308035,31.325349]}},{"type":"Feature","properties":{"id":"2020-838","county_nam":"Ware","county_norm":"WARE","prec_id":"407","precinct_name":"Ware - 407","precinct_norm":"WARE - 407","precinct_full_name":"Manor Community Center","has_polygon":true},"geometry":{"type":"Point","coordinates":[-82.45464341960934,30.883587]}},{"type":"Feature","properties":{"id":"2020-839","county_nam":"Charlton","county_norm":"CHARLTON","prec_id":"5R","precinct_name":"Charlton - 5R","precinct_norm":"CHARLTON - 5R","precinct_full_name":"Racepond","has_polygon":true},"geometry":{"type":"Point","coordinates":[-82.24360393437445,30.8984515]}},{"type":"Feature","properties":{"id":"2020-840","county_nam":"Ware","county_norm":"WARE","prec_id":"304","precinct_name":"Ware - 304","precinct_norm":"WARE - 304","precinct_full_name":"Ware Board of Education Learning Center","has_polygon":true},"geometry":{"type":"Point","coordinates":[-82.488567392486,31.147605499999997]}},{"type":"Feature","properties":{"id":"2020-841","county_nam":"Ware","county_norm":"WARE","prec_id":"100","precinct_name":"Ware - 100","precinct_norm":"WARE - 100","precinct_full_name":"City Auditorium","has_polygon":true},"geometry":{"type":"Point","coordinates":[-82.364420877181,31.2180465]}},{"type":"Feature","properties":{"id":"2020-842","county_nam":"Clinch","county_norm":"CLINCH","prec_id":"AG","precinct_name":"Clinch - AG","precinct_norm":"CLINCH - AG","precinct_full_name":"Argyle","has_polygon":true},"geometry":{"type":"Point","coordinates":[-82.65931259944574,31.059385]}},{"type":"Feature","properties":{"id":"2020-843","county_nam":"Atkinson","county_norm":"ATKINSON","prec_id":"0002","precinct_name":"Atkinson - 0002","precinct_norm":"ATKINSON - 0002","precinct_full_name":"Axson","has_polygon":true},"geometry":{"type":"Point","coordinates":[-82.74905699161265,31.2737005]}},{"type":"Feature","properties":{"id":"2020-844","county_nam":"Ware","county_norm":"WARE","prec_id":"408","precinct_name":"Ware - 408","precinct_norm":"WARE - 408","precinct_full_name":"Millwood Baptist Church","has_polygon":true},"geometry":{"type":"Point","coordinates":[-82.63698270977042,31.239493500000002]}},{"type":"Feature","properties":{"id":"2020-845","county_nam":"Ware","county_norm":"WARE","prec_id":"300","precinct_name":"Ware - 300","precinct_norm":"WARE - 300","precinct_full_name":"Ware Board of Education Transportation","has_polygon":true},"geometry":{"type":"Point","coordinates":[-82.39165946256529,31.2378595]}},{"type":"Feature","properties":{"id":"2020-846","county_nam":"Ware","county_norm":"WARE","prec_id":"406","precinct_name":"Ware - 406","precinct_norm":"WARE - 406","precinct_full_name":"Jamestown Baptist Church","has_polygon":true},"geometry":{"type":"Point","coordinates":[-82.4098732972973,31.282484]}},{"type":"Feature","properties":{"id":"2020-847","county_nam":"Ware","county_norm":"WARE","prec_id":"200A","precinct_name":"Ware - 200A","precinct_norm":"WARE - 200A","precinct_full_name":"200A - Memorial Stadium","has_polygon":true},"geometry":{"type":"Point","coordinates":[-82.33968430505173,31.221432999999998]}},{"type":"Feature","properties":{"id":"2020-848","county_nam":"Charlton","county_norm":"CHARLTON","prec_id":"3S","precinct_name":"Charlton - 3S","precinct_norm":"CHARLTON - 3S","precinct_full_name":"St. George","has_polygon":true},"geometry":{"type":"Point","coordinates":[-82.12706779546124,30.5310555]}},{"type":"Feature","properties":{"id":"2020-849","county_nam":"Charlton","county_norm":"CHARLTON","prec_id":"4A","precinct_name":"Charlton - 4A","precinct_norm":"CHARLTON - 4A","precinct_full_name":"American Legion","has_polygon":true},"geometry":{"type":"Point","coordinates":[-82.10010699443089,30.7482415]}},{"type":"Feature","properties":{"id":"2020-850","county_nam":"Charlton","county_norm":"CHARLTON","prec_id":"4H","precinct_name":"Charlton - 4H","precinct_norm":"CHARLTON - 4H","precinct_full_name":"Homeland","has_polygon":true},"geometry":{"type":"Point","coordinates":[-82.04647092933246,30.859334]}},{"type":"Feature","properties":{"id":"2020-851","county_nam":"Charlton","county_norm":"CHARLTON","prec_id":"2","precinct_name":"Charlton - 2","precinct_norm":"CHARLTON - 2","precinct_full_name":"Folkston","has_polygon":true},"geometry":{"type":"Point","coordinates":[-82.01102053398601,30.830783]}},{"type":"Feature","properties":{"id":"2020-852","county_nam":"Brantley","county_norm":"BRANTLEY","prec_id":"1","precinct_name":"Brantley - 1","precinct_norm":"BRANTLEY - 1","precinct_full_name":"Hoboken","has_polygon":true},"geometry":{"type":"Point","coordinates":[-82.13136914225626,31.1458235]}},{"type":"Feature","properties":{"id":"2020-853","county_nam":"Toombs","county_norm":"TOOMBS","prec_id":"514","precinct_name":"Toombs - 514","precinct_norm":"TOOMBS - 514","precinct_full_name":"S.T.I.A.L.C.","has_polygon":true},"geometry":{"type":"Point","coordinates":[-82.37269486970001,32.278645499999996]}},{"type":"Feature","properties":{"id":"2020-854","county_nam":"Emanuel","county_norm":"EMANUEL","prec_id":"0050","precinct_name":"Emanuel - 0050","precinct_norm":"EMANUEL - 0050","precinct_full_name":"Oak Park","has_polygon":true},"geometry":{"type":"Point","coordinates":[-82.34439311969447,32.366240000000005]}},{"type":"Feature","properties":{"id":"2020-855","county_nam":"Emanuel","county_norm":"EMANUEL","prec_id":"1502","precinct_name":"Emanuel - 1502","precinct_norm":"EMANUEL - 1502","precinct_full_name":"Nunez","has_polygon":true},"geometry":{"type":"Point","coordinates":[-82.35644485922532,32.467604]}},{"type":"Feature","properties":{"id":"2020-856","county_nam":"Hancock","county_norm":"HANCOCK","prec_id":"4A","precinct_name":"Hancock - 4A","precinct_norm":"HANCOCK - 4A","precinct_full_name":"Youth Center","has_polygon":true},"geometry":{"type":"Point","coordinates":[-82.91723758667916,33.2305205]}},{"type":"Feature","properties":{"id":"2020-857","county_nam":"Hancock","county_norm":"HANCOCK","prec_id":"3B","precinct_name":"Hancock - 3B","precinct_norm":"HANCOCK - 3B","precinct_full_name":"Power Of God","has_polygon":true},"geometry":{"type":"Point","coordinates":[-83.06087754047218,33.374038999999996]}},{"type":"Feature","properties":{"id":"2020-858","county_nam":"Greene","county_norm":"GREENE","prec_id":"006","precinct_name":"Greene - 006","precinct_norm":"GREENE - 006","precinct_full_name":"White Plains","has_polygon":true},"geometry":{"type":"Point","coordinates":[-83.0507940807449,33.4738215]}},{"type":"Feature","properties":{"id":"2020-859","county_nam":"Jeff Davis","county_norm":"JEFF DAVIS","prec_id":"502","precinct_name":"Jeff Davis - 502","precinct_norm":"JEFF DAVIS - 502","precinct_full_name":"Ocmulgee 2","has_polygon":true},"geometry":{"type":"Point","coordinates":[-82.74104246495548,31.824143499999998]}},{"type":"Feature","properties":{"id":"2020-860","county_nam":"Telfair","county_norm":"TELFAIR","prec_id":"LU","precinct_name":"Telfair - LU","precinct_norm":"TELFAIR - LU","precinct_full_name":"Lumber-City","has_polygon":true},"geometry":{"type":"Point","coordinates":[-82.77327278742416,31.925307]}},{"type":"Feature","properties":{"id":"2020-861","county_nam":"Jeff Davis","county_norm":"JEFF DAVIS","prec_id":"302","precinct_name":"Jeff Davis - 302","precinct_norm":"JEFF DAVIS - 302","precinct_full_name":"Blackburn 2","has_polygon":true},"geometry":{"type":"Point","coordinates":[-82.58694657047269,31.740978]}},{"type":"Feature","properties":{"id":"2020-862","county_nam":"Telfair","county_norm":"TELFAIR","prec_id":"SC","precinct_name":"Telfair - SC","precinct_norm":"TELFAIR - SC","precinct_full_name":"Scotland","has_polygon":true},"geometry":{"type":"Point","coordinates":[-82.80998749707243,32.0103125]}},{"type":"Feature","properties":{"id":"2020-863","county_nam":"Wheeler","county_norm":"WHEELER","prec_id":"1","precinct_name":"Wheeler - 1","precinct_norm":"WHEELER - 1","precinct_full_name":"Alamo","has_polygon":true},"geometry":{"type":"Point","coordinates":[-82.80648149328714,32.093421000000006]}},{"type":"Feature","properties":{"id":"2020-864","county_nam":"Wheeler","county_norm":"WHEELER","prec_id":"2","precinct_name":"Wheeler - 2","precinct_norm":"WHEELER - 2","precinct_full_name":"Glenwood","has_polygon":true},"geometry":{"type":"Point","coordinates":[-82.67615670031574,32.18263]}},{"type":"Feature","properties":{"id":"2020-865","county_nam":"Montgomery","county_norm":"MONTGOMERY","prec_id":"05","precinct_name":"Montgomery - 05","precinct_norm":"MONTGOMERY - 05","precinct_full_name":"Mount Vernon","has_polygon":true},"geometry":{"type":"Point","coordinates":[-82.59222556322041,32.174394]}},{"type":"Feature","properties":{"id":"2020-866","county_nam":"Twiggs","county_norm":"TWIGGS","prec_id":"JV/W","precinct_name":"Twiggs - JV/W","precinct_norm":"TWIGGS - JV/W","precinct_full_name":"Jeffersonville/Ware","has_polygon":true},"geometry":{"type":"Point","coordinates":[-83.36396604439732,32.727665]}},{"type":"Feature","properties":{"id":"2020-867","county_nam":"Laurens","county_norm":"LAURENS","prec_id":"14","precinct_name":"Laurens - 14","precinct_norm":"LAURENS - 14","precinct_full_name":"Harvard","has_polygon":true},"geometry":{"type":"Point","coordinates":[-83.16024540960086,32.550878]}},{"type":"Feature","properties":{"id":"2020-868","county_nam":"Wilkinson","county_norm":"WILKINSON","prec_id":"11","precinct_name":"Wilkinson - 11","precinct_norm":"WILKINSON - 11","precinct_full_name":"Turkey Creek","has_polygon":true},"geometry":{"type":"Point","coordinates":[-83.21427534336974,32.640496999999996]}},{"type":"Feature","properties":{"id":"2020-869","county_nam":"Wilkinson","county_norm":"WILKINSON","prec_id":"04","precinct_name":"Wilkinson - 04","precinct_norm":"WILKINSON - 04","precinct_full_name":"High Hill","has_polygon":true},"geometry":{"type":"Point","coordinates":[-83.1901816997873,32.71858]}},{"type":"Feature","properties":{"id":"2020-870","county_nam":"Houston","county_norm":"HOUSTON","prec_id":"CENT","precinct_name":"Houston - CENT","precinct_norm":"HOUSTON - CENT","precinct_full_name":"Centerville City Hall","has_polygon":true},"geometry":{"type":"Point","coordinates":[-83.69447665062762,32.639793]}},{"type":"Feature","properties":{"id":"2020-871","county_nam":"Houston","county_norm":"HOUSTON","prec_id":"CGTC","precinct_name":"Houston - CGTC","precinct_norm":"HOUSTON - CGTC","precinct_full_name":"Central Georgia Technical College","has_polygon":true},"geometry":{"type":"Point","coordinates":[-83.67672155082165,32.525977]}},{"type":"Feature","properties":{"id":"2020-872","county_nam":"Peach","county_norm":"PEACH","prec_id":"C1","precinct_name":"Peach - C1","precinct_norm":"PEACH - C1","precinct_full_name":"Claude","has_polygon":true},"geometry":{"type":"Point","coordinates":[-83.75333024345348,32.560193999999996]}},{"type":"Feature","properties":{"id":"2020-873","county_nam":"Houston","county_norm":"HOUSTON","prec_id":"MCMS","precinct_name":"Houston - MCMS","precinct_norm":"HOUSTON - MCMS","precinct_full_name":"Mossy Creek Middle School","has_polygon":true},"geometry":{"type":"Point","coordinates":[-83.70547487663185,32.544792]}},{"type":"Feature","properties":{"id":"2020-874","county_nam":"Houston","county_norm":"HOUSTON","prec_id":"TMS","precinct_name":"Houston - TMS","precinct_norm":"HOUSTON - TMS","precinct_full_name":"Thomson Middle School","has_polygon":true},"geometry":{"type":"Point","coordinates":[-83.68580922871145,32.612252]}},{"type":"Feature","properties":{"id":"2020-875","county_nam":"Treutlen","county_norm":"TREUTLEN","prec_id":"ANNEX","precinct_name":"Treutlen - ANNEX","precinct_norm":"TREUTLEN - ANNEX","precinct_full_name":"Annex","has_polygon":true},"geometry":{"type":"Point","coordinates":[-82.48413952286727,32.402985]}},{"type":"Feature","properties":{"id":"2020-876","county_nam":"Laurens","county_norm":"LAURENS","prec_id":"22","precinct_name":"Laurens - 22","precinct_norm":"LAURENS - 22","precinct_full_name":"Lcfs #10 (Valambrosia)","has_polygon":true},"geometry":{"type":"Point","coordinates":[-82.92443893853022,32.478373500000004]}},{"type":"Feature","properties":{"id":"2020-877","county_nam":"Laurens","county_norm":"LAURENS","prec_id":"16","precinct_name":"Laurens - 16","precinct_norm":"LAURENS - 16","precinct_full_name":"Rural Fire Station #17","has_polygon":true},"geometry":{"type":"Point","coordinates":[-82.82900879270396,32.3452385]}},{"type":"Feature","properties":{"id":"2020-878","county_nam":"Bibb","county_norm":"BIBB","prec_id":"HO5","precinct_name":"Bibb - HO5","precinct_norm":"BIBB - HO5","precinct_full_name":"Howard 5","has_polygon":true},"geometry":{"type":"Point","coordinates":[-83.6965435245043,32.899974]}},{"type":"Feature","properties":{"id":"2020-879","county_nam":"Jones","county_norm":"JONES","prec_id":"9","precinct_name":"Jones - 9","precinct_norm":"JONES - 9","precinct_full_name":"Finney","has_polygon":true},"geometry":{"type":"Point","coordinates":[-83.66284092265232,32.9628985]}},{"type":"Feature","properties":{"id":"2020-880","county_nam":"Houston","county_norm":"HOUSTON","prec_id":"BMS","precinct_name":"Houston - BMS","precinct_norm":"HOUSTON - BMS","precinct_full_name":"Bonaire Middle School","has_polygon":true},"geometry":{"type":"Point","coordinates":[-83.58093326138908,32.5420815]}},{"type":"Feature","properties":{"id":"2020-881","county_nam":"Twiggs","county_norm":"TWIGGS","prec_id":"SG/T","precinct_name":"Twiggs - SG/T","precinct_norm":"TWIGGS - SG/T","precinct_full_name":"Shady Grove/Tarvers","has_polygon":true},"geometry":{"type":"Point","coordinates":[-83.37350877950868,32.545914999999994]}},{"type":"Feature","properties":{"id":"2020-882","county_nam":"Emanuel","county_norm":"EMANUEL","prec_id":"0058","precinct_name":"Emanuel - 0058","precinct_norm":"EMANUEL - 0058","precinct_full_name":"Stillmore","has_polygon":true},"geometry":{"type":"Point","coordinates":[-82.24532538878005,32.427807]}},{"type":"Feature","properties":{"id":"2020-883","county_nam":"Tattnall","county_norm":"TATTNALL","prec_id":"1","precinct_name":"Tattnall - 1","precinct_norm":"TATTNALL - 1","precinct_full_name":"Cobbtown","has_polygon":true},"geometry":{"type":"Point","coordinates":[-82.13194157808545,32.2685465]}},{"type":"Feature","properties":{"id":"2020-884","county_nam":"Candler","county_norm":"CANDLER","prec_id":"CAND","precinct_name":"Candler - CAND","precinct_norm":"CANDLER - CAND","precinct_full_name":"Jack Strickland Community Center","has_polygon":true},"geometry":{"type":"Point","coordinates":[-82.06136658602512,32.4128325]}},{"type":"Feature","properties":{"id":"2020-885","county_nam":"Wilkinson","county_norm":"WILKINSON","prec_id":"02","precinct_name":"Wilkinson - 02","precinct_norm":"WILKINSON - 02","precinct_full_name":"Bloodworth","has_polygon":true},"geometry":{"type":"Point","coordinates":[-83.14678008843853,32.929368499999995]}},{"type":"Feature","properties":{"id":"2020-886","county_nam":"Laurens","county_norm":"LAURENS","prec_id":"12","precinct_name":"Laurens - 12","precinct_norm":"LAURENS - 12","precinct_full_name":"Dudley","has_polygon":true},"geometry":{"type":"Point","coordinates":[-83.0847467155748,32.516403]}},{"type":"Feature","properties":{"id":"2020-887","county_nam":"Laurens","county_norm":"LAURENS","prec_id":"18","precinct_name":"Laurens - 18","precinct_norm":"LAURENS - 18","precinct_full_name":"W T Adams Fire Station #18","has_polygon":true},"geometry":{"type":"Point","coordinates":[-83.02743653794695,32.6299365]}},{"type":"Feature","properties":{"id":"2020-888","county_nam":"Wilkinson","county_norm":"WILKINSON","prec_id":"03","precinct_name":"Wilkinson - 03","precinct_norm":"WILKINSON - 03","precinct_full_name":"Griffin","has_polygon":true},"geometry":{"type":"Point","coordinates":[-83.10270940392448,32.671339]}},{"type":"Feature","properties":{"id":"2020-889","county_nam":"Dodge","county_norm":"DODGE","prec_id":"CLARK","precinct_name":"Dodge - CLARK","precinct_norm":"DODGE - CLARK","precinct_full_name":"Clark","has_polygon":true},"geometry":{"type":"Point","coordinates":[-82.93137115081299,32.1601865]}},{"type":"Feature","properties":{"id":"2020-890","county_nam":"Laurens","county_norm":"LAURENS","prec_id":"08","precinct_name":"Laurens - 08","precinct_norm":"LAURENS - 08","precinct_full_name":"Burch","has_polygon":true},"geometry":{"type":"Point","coordinates":[-82.92386249422671,32.233892]}},{"type":"Feature","properties":{"id":"2020-891","county_nam":"Laurens","county_norm":"LAURENS","prec_id":"10","precinct_name":"Laurens - 10","precinct_norm":"LAURENS - 10","precinct_full_name":"Cadwell","has_polygon":true},"geometry":{"type":"Point","coordinates":[-83.03386401427237,32.315016]}},{"type":"Feature","properties":{"id":"2020-892","county_nam":"Laurens","county_norm":"LAURENS","prec_id":"19","precinct_name":"Laurens - 19","precinct_norm":"LAURENS - 19","precinct_full_name":"Reedy Springs","has_polygon":true},"geometry":{"type":"Point","coordinates":[-82.96935352929688,32.351442000000006]}},{"type":"Feature","properties":{"id":"2020-893","county_nam":"Laurens","county_norm":"LAURENS","prec_id":"13","precinct_name":"Laurens - 13","precinct_norm":"LAURENS - 13","precinct_full_name":"Hampton Mill","has_polygon":true},"geometry":{"type":"Point","coordinates":[-83.05533382628079,32.4321245]}},{"type":"Feature","properties":{"id":"2020-894","county_nam":"Bleckley","county_norm":"BLECKLEY","prec_id":"1","precinct_name":"Bleckley - 1","precinct_norm":"BLECKLEY - 1","precinct_full_name":"1","has_polygon":true},"geometry":{"type":"Point","coordinates":[-83.34501027987892,32.4283085]}},{"type":"Feature","properties":{"id":"2020-895","county_nam":"Dodge","county_norm":"DODGE","prec_id":"RAWLI","precinct_name":"Dodge - RAWLI","precinct_norm":"DODGE - RAWLI","precinct_full_name":"Rawli","has_polygon":true},"geometry":{"type":"Point","coordinates":[-83.20380596263865,32.2607115]}},{"type":"Feature","properties":{"id":"2020-896","county_nam":"Dodge","county_norm":"DODGE","prec_id":"YONKE","precinct_name":"Dodge - YONKE","precinct_norm":"DODGE - YONKE","precinct_full_name":"Yonke","has_polygon":true},"geometry":{"type":"Point","coordinates":[-83.18929206470588,32.3549915]}},{"type":"Feature","properties":{"id":"2020-897","county_nam":"Dodge","county_norm":"DODGE","prec_id":"PLAIN","precinct_name":"Dodge - PLAIN","precinct_norm":"DODGE - PLAIN","precinct_full_name":"Plain","has_polygon":true},"geometry":{"type":"Point","coordinates":[-83.12025029134412,32.3010565]}},{"type":"Feature","properties":{"id":"2020-898","county_nam":"Dodge","county_norm":"DODGE","prec_id":"MULLI","precinct_name":"Dodge - MULLI","precinct_norm":"DODGE - MULLI","precinct_full_name":"Mulli","has_polygon":true},"geometry":{"type":"Point","coordinates":[-83.13785967023574,32.3807345]}},{"type":"Feature","properties":{"id":"2020-899","county_nam":"Coffee","county_norm":"COFFEE","prec_id":"4","precinct_name":"Coffee - 4","precinct_norm":"COFFEE - 4","precinct_full_name":"Broxton","has_polygon":true},"geometry":{"type":"Point","coordinates":[-82.91724925529975,31.6863515]}},{"type":"Feature","properties":{"id":"2020-900","county_nam":"Telfair","county_norm":"TELFAIR","prec_id":"MI","precinct_name":"Telfair - MI","precinct_norm":"TELFAIR - MI","precinct_full_name":"Milan","has_polygon":true},"geometry":{"type":"Point","coordinates":[-83.06565116935754,31.9323245]}},{"type":"Feature","properties":{"id":"2020-901","county_nam":"Telfair","county_norm":"TELFAIR","prec_id":"JA","precinct_name":"Telfair - JA","precinct_norm":"TELFAIR - JA","precinct_full_name":"Jacksonville","has_polygon":true},"geometry":{"type":"Point","coordinates":[-82.96007292586779,31.8612155]}},{"type":"Feature","properties":{"id":"2020-902","county_nam":"Laurens","county_norm":"LAURENS","prec_id":"21","precinct_name":"Laurens - 21","precinct_norm":"LAURENS - 21","precinct_full_name":"Smith","has_polygon":true},"geometry":{"type":"Point","coordinates":[-82.83107356223942,32.516040000000004]}},{"type":"Feature","properties":{"id":"2020-903","county_nam":"Laurens","county_norm":"LAURENS","prec_id":"11","precinct_name":"Laurens - 11","precinct_norm":"LAURENS - 11","precinct_full_name":"Brewton","has_polygon":true},"geometry":{"type":"Point","coordinates":[-82.757600468091,32.5907265]}},{"type":"Feature","properties":{"id":"2020-904","county_nam":"Johnson","county_norm":"JOHNSON","prec_id":"1266","precinct_name":"Johnson - 1266","precinct_norm":"JOHNSON - 1266","precinct_full_name":"Smith","has_polygon":true},"geometry":{"type":"Point","coordinates":[-82.63398116140797,32.582946]}},{"type":"Feature","properties":{"id":"2020-905","county_nam":"Johnson","county_norm":"JOHNSON","prec_id":"1201","precinct_name":"Johnson - 1201","precinct_norm":"JOHNSON - 1201","precinct_full_name":"Wrightsville","has_polygon":true},"geometry":{"type":"Point","coordinates":[-82.67485859126012,32.7199895]}},{"type":"Feature","properties":{"id":"2020-906","county_nam":"Washington","county_norm":"WASHINGTON","prec_id":"91","precinct_name":"Washington - 91","precinct_norm":"WASHINGTON - 91","precinct_full_name":"Harrison","has_polygon":true},"geometry":{"type":"Point","coordinates":[-82.71418895219179,32.8295205]}},{"type":"Feature","properties":{"id":"2020-907","county_nam":"Washington","county_norm":"WASHINGTON","prec_id":"1488","precinct_name":"Washington - 1488","precinct_norm":"WASHINGTON - 1488","precinct_full_name":"Tennille","has_polygon":true},"geometry":{"type":"Point","coordinates":[-82.80435571634722,32.910817]}},{"type":"Feature","properties":{"id":"2020-908","county_nam":"Washington","county_norm":"WASHINGTON","prec_id":"97","precinct_name":"Washington - 97","precinct_norm":"WASHINGTON - 97","precinct_full_name":"Sandersville","has_polygon":true},"geometry":{"type":"Point","coordinates":[-82.82195803278196,33.0026205]}},{"type":"Feature","properties":{"id":"2020-909","county_nam":"Washington","county_norm":"WASHINGTON","prec_id":"1253","precinct_name":"Washington - 1253","precinct_norm":"WASHINGTON - 1253","precinct_full_name":"Riddleville","has_polygon":true},"geometry":{"type":"Point","coordinates":[-82.60389449024436,32.881584000000004]}},{"type":"Feature","properties":{"id":"2020-910","county_nam":"Washington","county_norm":"WASHINGTON","prec_id":"94","precinct_name":"Washington - 94","precinct_norm":"WASHINGTON - 94","precinct_full_name":"Davisboro","has_polygon":true},"geometry":{"type":"Point","coordinates":[-82.64517271616427,33.021774]}},{"type":"Feature","properties":{"id":"2020-911","county_nam":"Emanuel","county_norm":"EMANUEL","prec_id":"1748","precinct_name":"Emanuel - 1748","precinct_norm":"EMANUEL - 1748","precinct_full_name":"Adrian","has_polygon":true},"geometry":{"type":"Point","coordinates":[-82.51308474360158,32.5336945]}},{"type":"Feature","properties":{"id":"2020-912","county_nam":"Johnson","county_norm":"JOHNSON","prec_id":"55","precinct_name":"Johnson - 55","precinct_norm":"JOHNSON - 55","precinct_full_name":"Kite","has_polygon":true},"geometry":{"type":"Point","coordinates":[-82.53602675058815,32.695969000000005]}},{"type":"Feature","properties":{"id":"2020-913","county_nam":"Emanuel","county_norm":"EMANUEL","prec_id":"0053","precinct_name":"Emanuel - 0053","precinct_norm":"EMANUEL - 0053","precinct_full_name":"Swainsboro","has_polygon":true},"geometry":{"type":"Point","coordinates":[-82.33515071713614,32.5917205]}},{"type":"Feature","properties":{"id":"2020-914","county_nam":"Pulaski","county_norm":"PULASKI","prec_id":"ANNEX","precinct_name":"Pulaski - ANNEX","precinct_norm":"PULASKI - ANNEX","precinct_full_name":"Courthouse Annex","has_polygon":true},"geometry":{"type":"Point","coordinates":[-83.48758363320681,32.254118000000005]}},{"type":"Feature","properties":{"id":"2020-915","county_nam":"Houston","county_norm":"HOUSTON","prec_id":"VHS","precinct_name":"Houston - VHS","precinct_norm":"HOUSTON - VHS","precinct_full_name":"Veteran's High School","has_polygon":true},"geometry":{"type":"Point","coordinates":[-83.56348232502708,32.4635485]}},{"type":"Feature","properties":{"id":"2020-916","county_nam":"Jefferson","county_norm":"JEFFERSON","prec_id":"0082","precinct_name":"Jefferson - 0082","precinct_norm":"JEFFERSON - 0082","precinct_full_name":"Louisville","has_polygon":true},"geometry":{"type":"Point","coordinates":[-82.41208453451975,32.9882015]}},{"type":"Feature","properties":{"id":"2020-917","county_nam":"Washington","county_norm":"WASHINGTON","prec_id":"1350","precinct_name":"Washington - 1350","precinct_norm":"WASHINGTON - 1350","precinct_full_name":"Warthen","has_polygon":true},"geometry":{"type":"Point","coordinates":[-82.78879005778609,33.143823]}},{"type":"Feature","properties":{"id":"2020-918","county_nam":"Hancock","county_norm":"HANCOCK","prec_id":"4C","precinct_name":"Hancock - 4C","precinct_norm":"HANCOCK - 4C","precinct_full_name":"Sparta 4C","has_polygon":true},"geometry":{"type":"Point","coordinates":[-82.82394774318195,33.264317500000004]}},{"type":"Feature","properties":{"id":"2020-919","county_nam":"Glascock","county_norm":"GLASCOCK","prec_id":"EDGH","precinct_name":"Glascock - EDGH","precinct_norm":"GLASCOCK - EDGH","precinct_full_name":"Edgehill","has_polygon":true},"geometry":{"type":"Point","coordinates":[-82.6206592743161,33.156876]}},{"type":"Feature","properties":{"id":"2020-920","county_nam":"Glascock","county_norm":"GLASCOCK","prec_id":"MITC","precinct_name":"Glascock - MITC","precinct_norm":"GLASCOCK - MITC","precinct_full_name":"Mitchell","has_polygon":true},"geometry":{"type":"Point","coordinates":[-82.68399001010101,33.201068]}},{"type":"Feature","properties":{"id":"2020-921","county_nam":"Glascock","county_norm":"GLASCOCK","prec_id":"GIBS","precinct_name":"Glascock - GIBS","precinct_norm":"GLASCOCK - GIBS","precinct_full_name":"Gibson","has_polygon":true},"geometry":{"type":"Point","coordinates":[-82.62581091174297,33.238156000000004]}},{"type":"Feature","properties":{"id":"2020-922","county_nam":"Houston","county_norm":"HOUSTON","prec_id":"ROZR","precinct_name":"Houston - ROZR","precinct_norm":"HOUSTON - ROZR","precinct_full_name":"Rozar Park","has_polygon":true},"geometry":{"type":"Point","coordinates":[-83.7149189022151,32.464484999999996]}},{"type":"Feature","properties":{"id":"2020-923","county_nam":"Wilcox","county_norm":"WILCOX","prec_id":"1A","precinct_name":"Wilcox - 1A","precinct_norm":"WILCOX - 1A","precinct_full_name":"Rochelle North #1","has_polygon":true},"geometry":{"type":"Point","coordinates":[-83.4891321684033,31.985712]}},{"type":"Feature","properties":{"id":"2020-924","county_nam":"Wilcox","county_norm":"WILCOX","prec_id":"2B","precinct_name":"Wilcox - 2B","precinct_norm":"WILCOX - 2B","precinct_full_name":"Pineview #2","has_polygon":true},"geometry":{"type":"Point","coordinates":[-83.52997673975493,32.074034]}},{"type":"Feature","properties":{"id":"2020-925","county_nam":"Laurens","county_norm":"LAURENS","prec_id":"15","precinct_name":"Laurens - 15","precinct_norm":"LAURENS - 15","precinct_full_name":"Minter","has_polygon":true},"geometry":{"type":"Point","coordinates":[-82.76138122956823,32.4463115]}},{"type":"Feature","properties":{"id":"2020-926","county_nam":"Treutlen","county_norm":"TREUTLEN","prec_id":"SOPE","precinct_name":"Treutlen - SOPE","precinct_norm":"TREUTLEN - SOPE","precinct_full_name":"Soperton","has_polygon":true},"geometry":{"type":"Point","coordinates":[-82.57099109594151,32.367102]}},{"type":"Feature","properties":{"id":"2020-927","county_nam":"Montgomery","county_norm":"MONTGOMERY","prec_id":"07","precinct_name":"Montgomery - 07","precinct_norm":"MONTGOMERY - 07","precinct_full_name":"Uvalda","has_polygon":true},"geometry":{"type":"Point","coordinates":[-82.5441333720448,32.045721]}},{"type":"Feature","properties":{"id":"2020-928","county_nam":"Laurens","county_norm":"LAURENS","prec_id":"04","precinct_name":"Laurens - 04","precinct_norm":"LAURENS - 04","precinct_full_name":"Calhoun Park","has_polygon":true},"geometry":{"type":"Point","coordinates":[-82.90436639422916,32.537867500000004]}},{"type":"Feature","properties":{"id":"2020-929","county_nam":"Laurens","county_norm":"LAURENS","prec_id":"07","precinct_name":"Laurens - 07","precinct_norm":"LAURENS - 07","precinct_full_name":"Buckeye","has_polygon":true},"geometry":{"type":"Point","coordinates":[-82.86358772745345,32.6427045]}},{"type":"Feature","properties":{"id":"2020-930","county_nam":"Johnson","county_norm":"JOHNSON","prec_id":"1301","precinct_name":"Johnson - 1301","precinct_norm":"JOHNSON - 1301","precinct_full_name":"Bray","has_polygon":true},"geometry":{"type":"Point","coordinates":[-82.8542340859375,32.7481925]}},{"type":"Feature","properties":{"id":"2020-931","county_nam":"Wilkinson","county_norm":"WILKINSON","prec_id":"07","precinct_name":"Wilkinson - 07","precinct_norm":"WILKINSON - 07","precinct_full_name":"Lord","has_polygon":true},"geometry":{"type":"Point","coordinates":[-83.0621633489045,32.8158195]}},{"type":"Feature","properties":{"id":"2020-932","county_nam":"Washington","county_norm":"WASHINGTON","prec_id":"88","precinct_name":"Washington - 88","precinct_norm":"WASHINGTON - 88","precinct_full_name":"Oconee","has_polygon":true},"geometry":{"type":"Point","coordinates":[-82.94818240135629,32.868519]}},{"type":"Feature","properties":{"id":"2020-933","county_nam":"Columbia","county_norm":"COLUMBIA","prec_id":"025","precinct_name":"Columbia - 025","precinct_norm":"COLUMBIA - 025","precinct_full_name":"Bessie Thomas Center","has_polygon":true},"geometry":{"type":"Point","coordinates":[-82.291872460912,33.4812655]}},{"type":"Feature","properties":{"id":"2020-934","county_nam":"Emanuel","county_norm":"EMANUEL","prec_id":"0057","precinct_name":"Emanuel - 0057","precinct_norm":"EMANUEL - 0057","precinct_full_name":"Summertown","has_polygon":true},"geometry":{"type":"Point","coordinates":[-82.26225689851759,32.7452515]}},{"type":"Feature","properties":{"id":"2020-935","county_nam":"Emanuel","county_norm":"EMANUEL","prec_id":"1560","precinct_name":"Emanuel - 1560","precinct_norm":"EMANUEL - 1560","precinct_full_name":"Twin City","has_polygon":true},"geometry":{"type":"Point","coordinates":[-82.18003442309173,32.5444515]}},{"type":"Feature","properties":{"id":"2020-936","county_nam":"Emanuel","county_norm":"EMANUEL","prec_id":"1429","precinct_name":"Emanuel - 1429","precinct_norm":"EMANUEL - 1429","precinct_full_name":"Garfield","has_polygon":true},"geometry":{"type":"Point","coordinates":[-82.08037222908092,32.622550000000004]}},{"type":"Feature","properties":{"id":"2020-937","county_nam":"Ben Hill","county_norm":"BEN HILL","prec_id":"2","precinct_name":"Ben Hill - 2","precinct_norm":"BEN HILL - 2","precinct_full_name":"West","has_polygon":true},"geometry":{"type":"Point","coordinates":[-83.28547038711434,31.750476]}},{"type":"Feature","properties":{"id":"2020-938","county_nam":"Wilcox","county_norm":"WILCOX","prec_id":"5A","precinct_name":"Wilcox - 5A","precinct_norm":"WILCOX - 5A","precinct_full_name":"Abbeville South #5","has_polygon":true},"geometry":{"type":"Point","coordinates":[-83.30745954229778,31.9354715]}},{"type":"Feature","properties":{"id":"2020-939","county_nam":"Turner","county_norm":"TURNER","prec_id":"1","precinct_name":"Turner - 1","precinct_norm":"TURNER - 1","precinct_full_name":"Ashburn","has_polygon":true},"geometry":{"type":"Point","coordinates":[-83.71419918098738,31.713590500000002]}},{"type":"Feature","properties":{"id":"2020-940","county_nam":"Crisp","county_norm":"CRISP","prec_id":"ARABI","precinct_name":"Crisp - ARABI","precinct_norm":"CRISP - ARABI","precinct_full_name":"Arabi","has_polygon":true},"geometry":{"type":"Point","coordinates":[-83.69558854320748,31.851303]}},{"type":"Feature","properties":{"id":"2020-941","county_nam":"Crisp","county_norm":"CRISP","prec_id":"LISTO","precinct_name":"Crisp - LISTO","precinct_norm":"CRISP - LISTO","precinct_full_name":"Listonia","has_polygon":true},"geometry":{"type":"Point","coordinates":[-83.66261067306058,31.964398000000003]}},{"type":"Feature","properties":{"id":"2020-942","county_nam":"Tift","county_norm":"TIFT","prec_id":"02","precinct_name":"Tift - 02","precinct_norm":"TIFT - 02","precinct_full_name":"Brighton","has_polygon":true},"geometry":{"type":"Point","coordinates":[-83.4462779104777,31.51584]}},{"type":"Feature","properties":{"id":"2020-943","county_nam":"Irwin","county_norm":"IRWIN","prec_id":"0901","precinct_name":"Irwin - 0901","precinct_norm":"IRWIN - 0901","precinct_full_name":"Irwinville","has_polygon":true},"geometry":{"type":"Point","coordinates":[-83.41040723018872,31.654335500000002]}},{"type":"Feature","properties":{"id":"2020-944","county_nam":"Turner","county_norm":"TURNER","prec_id":"3","precinct_name":"Turner - 3","precinct_norm":"TURNER - 3","precinct_full_name":"Rebecca","has_polygon":true},"geometry":{"type":"Point","coordinates":[-83.52457974159242,31.774678]}},{"type":"Feature","properties":{"id":"2020-945","county_nam":"Wilcox","county_norm":"WILCOX","prec_id":"3A","precinct_name":"Wilcox - 3A","precinct_norm":"WILCOX - 3A","precinct_full_name":"Pitts #3","has_polygon":true},"geometry":{"type":"Point","coordinates":[-83.54343859437995,31.941212999999998]}},{"type":"Feature","properties":{"id":"2020-946","county_nam":"Wilcox","county_norm":"WILCOX","prec_id":"4A","precinct_name":"Wilcox - 4A","precinct_norm":"WILCOX - 4A","precinct_full_name":"Rochelle South #4","has_polygon":true},"geometry":{"type":"Point","coordinates":[-83.44518182868462,32.0788285]}},{"type":"Feature","properties":{"id":"2020-947","county_nam":"Dodge","county_norm":"DODGE","prec_id":"LEE","precinct_name":"Dodge - LEE","precinct_norm":"DODGE - LEE","precinct_full_name":"Lee","has_polygon":true},"geometry":{"type":"Point","coordinates":[-83.20914638486462,32.187481500000004]}},{"type":"Feature","properties":{"id":"2020-948","county_nam":"Dodge","county_norm":"DODGE","prec_id":"EDDIN","precinct_name":"Dodge - EDDIN","precinct_norm":"DODGE - EDDIN","precinct_full_name":"Eddin","has_polygon":true},"geometry":{"type":"Point","coordinates":[-83.29867892718956,32.263077]}},{"type":"Feature","properties":{"id":"2020-949","county_nam":"Dodge","county_norm":"DODGE","prec_id":"EMPIR","precinct_name":"Dodge - EMPIR","precinct_norm":"DODGE - EMPIR","precinct_full_name":"Empir","has_polygon":true},"geometry":{"type":"Point","coordinates":[-83.25447837736773,32.34134]}},{"type":"Feature","properties":{"id":"2020-950","county_nam":"Irwin","county_norm":"IRWIN","prec_id":"1529","precinct_name":"Irwin - 1529","precinct_norm":"IRWIN - 1529","precinct_full_name":"Ocilla","has_polygon":true},"geometry":{"type":"Point","coordinates":[-83.25795897136766,31.573661]}},{"type":"Feature","properties":{"id":"2020-951","county_nam":"Irwin","county_norm":"IRWIN","prec_id":"1753","precinct_name":"Irwin - 1753","precinct_norm":"IRWIN - 1753","precinct_full_name":"Holt","has_polygon":true},"geometry":{"type":"Point","coordinates":[-83.11807208785862,31.575253]}},{"type":"Feature","properties":{"id":"2020-952","county_nam":"Dodge","county_norm":"DODGE","prec_id":"MILAN","precinct_name":"Dodge - MILAN","precinct_norm":"DODGE - MILAN","precinct_full_name":"Milan","has_polygon":true},"geometry":{"type":"Point","coordinates":[-83.07862721087014,32.02563]}},{"type":"Feature","properties":{"id":"2020-953","county_nam":"Dodge","county_norm":"DODGE","prec_id":"CHAUN","precinct_name":"Dodge - CHAUN","precinct_norm":"DODGE - CHAUN","precinct_full_name":"Chaun","has_polygon":true},"geometry":{"type":"Point","coordinates":[-83.0743092950309,32.110939]}},{"type":"Feature","properties":{"id":"2020-954","county_nam":"Dodge","county_norm":"DODGE","prec_id":"JONES","precinct_name":"Dodge - JONES","precinct_norm":"DODGE - JONES","precinct_full_name":"Jones","has_polygon":true},"geometry":{"type":"Point","coordinates":[-83.07580901027495,32.2135235]}},{"type":"Feature","properties":{"id":"2020-955","county_nam":"Dodge","county_norm":"DODGE","prec_id":"JAYBI","precinct_name":"Dodge - JAYBI","precinct_norm":"DODGE - JAYBI","precinct_full_name":"Jaybi","has_polygon":true},"geometry":{"type":"Point","coordinates":[-83.00603189499505,32.130778500000005]}},{"type":"Feature","properties":{"id":"2020-956","county_nam":"Telfair","county_norm":"TELFAIR","prec_id":"MC","precinct_name":"Telfair - MC","precinct_norm":"TELFAIR - MC","precinct_full_name":"Mcrae","has_polygon":true},"geometry":{"type":"Point","coordinates":[-82.90583585876948,32.003240500000004]}},{"type":"Feature","properties":{"id":"2020-957","county_nam":"Telfair","county_norm":"TELFAIR","prec_id":"HE","precinct_name":"Telfair - HE","precinct_norm":"TELFAIR - HE","precinct_full_name":"Helena","has_polygon":true},"geometry":{"type":"Point","coordinates":[-82.9379145108862,32.0956585]}},{"type":"Feature","properties":{"id":"2020-958","county_nam":"Wilcox","county_norm":"WILCOX","prec_id":"2A","precinct_name":"Wilcox - 2A","precinct_norm":"WILCOX - 2A","precinct_full_name":"Abbeville North #2","has_polygon":true},"geometry":{"type":"Point","coordinates":[-83.36480326825398,32.060696]}},{"type":"Feature","properties":{"id":"2020-959","county_nam":"Dodge","county_norm":"DODGE","prec_id":"MITCH","precinct_name":"Dodge - MITCH","precinct_norm":"DODGE - MITCH","precinct_full_name":"Mitch","has_polygon":true},"geometry":{"type":"Point","coordinates":[-83.26136769661977,32.1121045]}},{"type":"Feature","properties":{"id":"2020-960","county_nam":"Dodge","county_norm":"DODGE","prec_id":"PONDT","precinct_name":"Dodge - PONDT","precinct_norm":"DODGE - PONDT","precinct_full_name":"Pondt","has_polygon":true},"geometry":{"type":"Point","coordinates":[-83.20152959975445,31.996136]}},{"type":"Feature","properties":{"id":"2020-961","county_nam":"Dodge","county_norm":"DODGE","prec_id":"VILUL","precinct_name":"Dodge - VILUL","precinct_norm":"DODGE - VILUL","precinct_full_name":"Vilul","has_polygon":true},"geometry":{"type":"Point","coordinates":[-83.17951500269677,32.087124]}},{"type":"Feature","properties":{"id":"2020-962","county_nam":"Dodge","county_norm":"DODGE","prec_id":"MCCRA","precinct_name":"Dodge - MCCRA","precinct_norm":"DODGE - MCCRA","precinct_full_name":"Mccra","has_polygon":true},"geometry":{"type":"Point","coordinates":[-83.14085131760918,32.074532500000004]}},{"type":"Feature","properties":{"id":"2020-963","county_nam":"Dooly","county_norm":"DOOLY","prec_id":"5","precinct_name":"Dooly - 5","precinct_norm":"DOOLY - 5","precinct_full_name":"Unadilla","has_polygon":true},"geometry":{"type":"Point","coordinates":[-83.65429512565339,32.2194705]}},{"type":"Feature","properties":{"id":"2020-964","county_nam":"Houston","county_norm":"HOUSTON","prec_id":"HEFS","precinct_name":"Houston - HEFS","precinct_norm":"HOUSTON - HEFS","precinct_full_name":"Henderson Fire Station","has_polygon":true},"geometry":{"type":"Point","coordinates":[-83.77916063029244,32.351824500000006]}},{"type":"Feature","properties":{"id":"2020-965","county_nam":"Ben Hill","county_norm":"BEN HILL","prec_id":"1","precinct_name":"Ben Hill - 1","precinct_norm":"BEN HILL - 1","precinct_full_name":"East","has_polygon":true},"geometry":{"type":"Point","coordinates":[-83.12112220568055,31.7562765]}},{"type":"Feature","properties":{"id":"2020-966","county_nam":"Putnam","county_norm":"PUTNAM","prec_id":"104","precinct_name":"Putnam - 104","precinct_norm":"PUTNAM - 104","precinct_full_name":"Waterworks Building","has_polygon":true},"geometry":{"type":"Point","coordinates":[-83.32105850796037,33.349425]}},{"type":"Feature","properties":{"id":"2020-967","county_nam":"Putnam","county_norm":"PUTNAM","prec_id":"105","precinct_name":"Putnam - 105","precinct_norm":"PUTNAM - 105","precinct_full_name":"Lake Oconee Lutheran Church","has_polygon":true},"geometry":{"type":"Point","coordinates":[-83.26508639251338,33.408879999999996]}},{"type":"Feature","properties":{"id":"2020-968","county_nam":"Putnam","county_norm":"PUTNAM","prec_id":"106","precinct_name":"Putnam - 106","precinct_norm":"PUTNAM - 106","precinct_full_name":"Crooked Creek","has_polygon":true},"geometry":{"type":"Point","coordinates":[-83.21582666071916,33.2952325]}},{"type":"Feature","properties":{"id":"2020-969","county_nam":"Greene","county_norm":"GREENE","prec_id":"008","precinct_name":"Greene - 008","precinct_norm":"GREENE - 008","precinct_full_name":"Old Salem","has_polygon":true},"geometry":{"type":"Point","coordinates":[-83.17213132539682,33.452208999999996]}},{"type":"Feature","properties":{"id":"2020-970","county_nam":"Washington","county_norm":"WASHINGTON","prec_id":"99","precinct_name":"Washington - 99","precinct_norm":"WASHINGTON - 99","precinct_full_name":"Deepstep","has_polygon":true},"geometry":{"type":"Point","coordinates":[-82.9662964933155,33.043926]}},{"type":"Feature","properties":{"id":"2020-971","county_nam":"Hancock","county_norm":"HANCOCK","prec_id":"4B","precinct_name":"Hancock - 4B","precinct_norm":"HANCOCK - 4B","precinct_full_name":"Second Darrien","has_polygon":true},"geometry":{"type":"Point","coordinates":[-83.01475390252114,33.121260500000005]}},{"type":"Feature","properties":{"id":"2020-972","county_nam":"Hancock","county_norm":"HANCOCK","prec_id":"2B","precinct_name":"Hancock - 2B","precinct_norm":"HANCOCK - 2B","precinct_full_name":"Second Beulah","has_polygon":true},"geometry":{"type":"Point","coordinates":[-83.03292949019144,33.206294]}},{"type":"Feature","properties":{"id":"2020-973","county_nam":"Hancock","county_norm":"HANCOCK","prec_id":"1B","precinct_name":"Hancock - 1B","precinct_norm":"HANCOCK - 1B","precinct_full_name":"St. Mark","has_polygon":true},"geometry":{"type":"Point","coordinates":[-83.02616809391975,33.276211]}},{"type":"Feature","properties":{"id":"2020-974","county_nam":"Jasper","county_norm":"JASPER","prec_id":"290","precinct_name":"Jasper - 290","precinct_norm":"JASPER - 290","precinct_full_name":"Wyatt","has_polygon":true},"geometry":{"type":"Point","coordinates":[-83.64208078530407,33.433989499999996]}},{"type":"Feature","properties":{"id":"2020-975","county_nam":"Jones","county_norm":"JONES","prec_id":"6","precinct_name":"Jones - 6","precinct_norm":"JONES - 6","precinct_full_name":"Barron","has_polygon":true},"geometry":{"type":"Point","coordinates":[-83.61604507012987,33.076616]}},{"type":"Feature","properties":{"id":"2020-976","county_nam":"Monroe","county_norm":"MONROE","prec_id":"12","precinct_name":"Monroe - 12","precinct_norm":"MONROE - 12","precinct_full_name":"Middlebrooks","has_polygon":true},"geometry":{"type":"Point","coordinates":[-83.8030005602368,33.062649]}},{"type":"Feature","properties":{"id":"2020-977","county_nam":"Jones","county_norm":"JONES","prec_id":"8","precinct_name":"Jones - 8","precinct_norm":"JONES - 8","precinct_full_name":"Sanders","has_polygon":true},"geometry":{"type":"Point","coordinates":[-83.74871912500001,33.084916]}},{"type":"Feature","properties":{"id":"2020-978","county_nam":"Jasper","county_norm":"JASPER","prec_id":"295","precinct_name":"Jasper - 295","precinct_norm":"JASPER - 295","precinct_full_name":"Monticello","has_polygon":true},"geometry":{"type":"Point","coordinates":[-83.68741310594284,33.273799999999994]}},{"type":"Feature","properties":{"id":"2020-979","county_nam":"Wilkinson","county_norm":"WILKINSON","prec_id":"10","precinct_name":"Wilkinson - 10","precinct_norm":"WILKINSON - 10","precinct_full_name":"Ramah","has_polygon":true},"geometry":{"type":"Point","coordinates":[-83.31667951591527,32.882443499999994]}},{"type":"Feature","properties":{"id":"2020-980","county_nam":"Wilkinson","county_norm":"WILKINSON","prec_id":"05","precinct_name":"Wilkinson - 05","precinct_norm":"WILKINSON - 05","precinct_full_name":"Irwinton","has_polygon":true},"geometry":{"type":"Point","coordinates":[-83.23402962167553,32.785734000000005]}},{"type":"Feature","properties":{"id":"2020-981","county_nam":"Baldwin","county_norm":"BALDWIN","prec_id":"322","precinct_name":"Baldwin - 322","precinct_norm":"BALDWIN - 322","precinct_full_name":"Coopers","has_polygon":true},"geometry":{"type":"Point","coordinates":[-83.3087565795608,32.9790025]}},{"type":"Feature","properties":{"id":"2020-982","county_nam":"Wilkinson","county_norm":"WILKINSON","prec_id":"06","precinct_name":"Wilkinson - 06","precinct_norm":"WILKINSON - 06","precinct_full_name":"Ivey","has_polygon":true},"geometry":{"type":"Point","coordinates":[-83.28060149257547,32.9240315]}},{"type":"Feature","properties":{"id":"2020-983","county_nam":"Wilkinson","county_norm":"WILKINSON","prec_id":"08","precinct_name":"Wilkinson - 08","precinct_norm":"WILKINSON - 08","precinct_full_name":"Midway","has_polygon":true},"geometry":{"type":"Point","coordinates":[-83.20606247988081,32.847356]}},{"type":"Feature","properties":{"id":"2020-984","county_nam":"Baldwin","county_norm":"BALDWIN","prec_id":"1714","precinct_name":"Baldwin - 1714","precinct_norm":"BALDWIN - 1714","precinct_full_name":"Scottsboro","has_polygon":true},"geometry":{"type":"Point","coordinates":[-83.21417803444237,33.003537]}},{"type":"Feature","properties":{"id":"2020-985","county_nam":"Baldwin","county_norm":"BALDWIN","prec_id":"CTY6","precinct_name":"Baldwin - CTY6","precinct_norm":"BALDWIN - CTY6","precinct_full_name":"North Milledgeville","has_polygon":true},"geometry":{"type":"Point","coordinates":[-83.25017229308307,33.123742]}},{"type":"Feature","properties":{"id":"2020-986","county_nam":"Baldwin","county_norm":"BALDWIN","prec_id":"MONT","precinct_name":"Baldwin - MONT","precinct_norm":"BALDWIN - MONT","precinct_full_name":"East Baldwin","has_polygon":true},"geometry":{"type":"Point","coordinates":[-83.15307399705577,33.067378500000004]}},{"type":"Feature","properties":{"id":"2020-987","county_nam":"Jones","county_norm":"JONES","prec_id":"3","precinct_name":"Jones - 3","precinct_norm":"JONES - 3","precinct_full_name":"Roberts","has_polygon":true},"geometry":{"type":"Point","coordinates":[-83.56008500518145,32.909796]}},{"type":"Feature","properties":{"id":"2020-988","county_nam":"Jones","county_norm":"JONES","prec_id":"2","precinct_name":"Jones - 2","precinct_norm":"JONES - 2","precinct_full_name":"Clinton","has_polygon":true},"geometry":{"type":"Point","coordinates":[-83.60024747005208,32.96707]}},{"type":"Feature","properties":{"id":"2020-989","county_nam":"Jones","county_norm":"JONES","prec_id":"1","precinct_name":"Jones - 1","precinct_norm":"JONES - 1","precinct_full_name":"Gray","has_polygon":true},"geometry":{"type":"Point","coordinates":[-83.55180051347405,32.976367999999994]}},{"type":"Feature","properties":{"id":"2020-990","county_nam":"Jones","county_norm":"JONES","prec_id":"11","precinct_name":"Jones - 11","precinct_norm":"JONES - 11","precinct_full_name":"Ethridge","has_polygon":true},"geometry":{"type":"Point","coordinates":[-83.53638826988913,33.003302]}},{"type":"Feature","properties":{"id":"2020-991","county_nam":"Baldwin","county_norm":"BALDWIN","prec_id":"CTY2","precinct_name":"Baldwin - CTY2","precinct_norm":"BALDWIN - CTY2","precinct_full_name":"City Hall Annex","has_polygon":true},"geometry":{"type":"Point","coordinates":[-83.21542440628815,33.048700499999995]}},{"type":"Feature","properties":{"id":"2020-992","county_nam":"Baldwin","county_norm":"BALDWIN","prec_id":"321E","precinct_name":"Baldwin - 321E","precinct_norm":"BALDWIN - 321E","precinct_full_name":"East Hardwick","has_polygon":true},"geometry":{"type":"Point","coordinates":[-83.20631204665929,33.0546585]}},{"type":"Feature","properties":{"id":"2020-993","county_nam":"Baldwin","county_norm":"BALDWIN","prec_id":"CTY3","precinct_name":"Baldwin - CTY3","precinct_norm":"BALDWIN - CTY3","precinct_full_name":"East Milledgeville","has_polygon":true},"geometry":{"type":"Point","coordinates":[-83.22193775773431,33.0925345]}},{"type":"Feature","properties":{"id":"2020-994","county_nam":"Baldwin","county_norm":"BALDWIN","prec_id":"319","precinct_name":"Baldwin - 319","precinct_norm":"BALDWIN - 319","precinct_full_name":"West Baldwin","has_polygon":true},"geometry":{"type":"Point","coordinates":[-83.35564701802484,33.093454]}},{"type":"Feature","properties":{"id":"2020-995","county_nam":"Baldwin","county_norm":"BALDWIN","prec_id":"MERI","precinct_name":"Baldwin - MERI","precinct_norm":"BALDWIN - MERI","precinct_full_name":"Meriwether","has_polygon":true},"geometry":{"type":"Point","coordinates":[-83.30443709923775,33.1449135]}},{"type":"Feature","properties":{"id":"2020-996","county_nam":"Baldwin","county_norm":"BALDWIN","prec_id":"321W","precinct_name":"Baldwin - 321W","precinct_norm":"BALDWIN - 321W","precinct_full_name":"West Hardwick","has_polygon":true},"geometry":{"type":"Point","coordinates":[-83.27019488810805,33.0382225]}},{"type":"Feature","properties":{"id":"2020-997","county_nam":"Baldwin","county_norm":"BALDWIN","prec_id":"CTY5","precinct_name":"Baldwin - CTY5","precinct_norm":"BALDWIN - CTY5","precinct_full_name":"West Thomas","has_polygon":true},"geometry":{"type":"Point","coordinates":[-83.24126225693013,33.0979995]}},{"type":"Feature","properties":{"id":"2020-998","county_nam":"Baldwin","county_norm":"BALDWIN","prec_id":"318","precinct_name":"Baldwin - 318","precinct_norm":"BALDWIN - 318","precinct_full_name":"North Baldwin","has_polygon":true},"geometry":{"type":"Point","coordinates":[-83.23923436688,33.1514825]}},{"type":"Feature","properties":{"id":"2020-999","county_nam":"Putnam","county_norm":"PUTNAM","prec_id":"107","precinct_name":"Putnam - 107","precinct_norm":"PUTNAM - 107","precinct_full_name":"Lakeside Baptist Church","has_polygon":true},"geometry":{"type":"Point","coordinates":[-83.3444447656567,33.232447500000006]}},{"type":"Feature","properties":{"id":"2020-1000","county_nam":"Putnam","county_norm":"PUTNAM","prec_id":"101","precinct_name":"Putnam - 101","precinct_norm":"PUTNAM - 101","precinct_full_name":"Putnam County Board Of Elections","has_polygon":true},"geometry":{"type":"Point","coordinates":[-83.46320488758968,33.3257675]}},{"type":"Feature","properties":{"id":"2020-1001","county_nam":"Houston","county_norm":"HOUSTON","prec_id":"RECR","precinct_name":"Houston - RECR","precinct_norm":"HOUSTON - RECR","precinct_full_name":"Recr","has_polygon":true},"geometry":{"type":"Point","coordinates":[-83.5794155135217,32.6191695]}},{"type":"Feature","properties":{"id":"2020-1002","county_nam":"Twiggs","county_norm":"TWIGGS","prec_id":"GI","precinct_name":"Twiggs - GI","precinct_norm":"TWIGGS - GI","precinct_full_name":"Golden Isles","has_polygon":true},"geometry":{"type":"Point","coordinates":[-83.51511796101703,32.665021]}},{"type":"Feature","properties":{"id":"2020-1003","county_nam":"Bibb","county_norm":"BIBB","prec_id":"GF1","precinct_name":"Bibb - GF1","precinct_norm":"BIBB - GF1","precinct_full_name":"Godfrey 1","has_polygon":true},"geometry":{"type":"Point","coordinates":[-83.61242864307005,32.810622]}},{"type":"Feature","properties":{"id":"2020-1004","county_nam":"Bibb","county_norm":"BIBB","prec_id":"GF3","precinct_name":"Bibb - GF3","precinct_norm":"BIBB - GF3","precinct_full_name":"Godfrey 3","has_polygon":true},"geometry":{"type":"Point","coordinates":[-83.67050852264938,32.802488]}},{"type":"Feature","properties":{"id":"2020-1005","county_nam":"Bibb","county_norm":"BIBB","prec_id":"GF4","precinct_name":"Bibb - GF4","precinct_norm":"BIBB - GF4","precinct_full_name":"Godfrey 4","has_polygon":true},"geometry":{"type":"Point","coordinates":[-83.6598757359948,32.788668]}},{"type":"Feature","properties":{"id":"2020-1006","county_nam":"Bibb","county_norm":"BIBB","prec_id":"GF2","precinct_name":"Bibb - GF2","precinct_norm":"BIBB - GF2","precinct_full_name":"Godfrey 2","has_polygon":true},"geometry":{"type":"Point","coordinates":[-83.63900018256821,32.800165]}},{"type":"Feature","properties":{"id":"2020-1007","county_nam":"Bibb","county_norm":"BIBB","prec_id":"EM1","precinct_name":"Bibb - EM1","precinct_norm":"BIBB - EM1","precinct_full_name":"East Macon 1","has_polygon":true},"geometry":{"type":"Point","coordinates":[-83.61058776265823,32.8368605]}},{"type":"Feature","properties":{"id":"2020-1008","county_nam":"Bibb","county_norm":"BIBB","prec_id":"EM2","precinct_name":"Bibb - EM2","precinct_norm":"BIBB - EM2","precinct_full_name":"East Macon 2","has_polygon":true},"geometry":{"type":"Point","coordinates":[-83.59659429156204,32.86689]}},{"type":"Feature","properties":{"id":"2020-1009","county_nam":"Bibb","county_norm":"BIBB","prec_id":"EM4","precinct_name":"Bibb - EM4","precinct_norm":"BIBB - EM4","precinct_full_name":"East Macon 4","has_polygon":true},"geometry":{"type":"Point","coordinates":[-83.55816785760017,32.858419]}},{"type":"Feature","properties":{"id":"2020-1010","county_nam":"Bibb","county_norm":"BIBB","prec_id":"EM5","precinct_name":"Bibb - EM5","precinct_norm":"BIBB - EM5","precinct_full_name":"East Macon 5","has_polygon":true},"geometry":{"type":"Point","coordinates":[-83.54641546671763,32.793596]}},{"type":"Feature","properties":{"id":"2020-1011","county_nam":"Jones","county_norm":"JONES","prec_id":"10","precinct_name":"Jones - 10","precinct_norm":"JONES - 10","precinct_full_name":"Hawkins","has_polygon":true},"geometry":{"type":"Point","coordinates":[-83.49911441554228,32.883986500000006]}},{"type":"Feature","properties":{"id":"2020-1012","county_nam":"Bibb","county_norm":"BIBB","prec_id":"HA3","precinct_name":"Bibb - HA3","precinct_norm":"BIBB - HA3","precinct_full_name":"Hazzard 3","has_polygon":true},"geometry":{"type":"Point","coordinates":[-83.75882869212302,32.8130485]}},{"type":"Feature","properties":{"id":"2020-1013","county_nam":"Bibb","county_norm":"BIBB","prec_id":"GF5","precinct_name":"Bibb - GF5","precinct_norm":"BIBB - GF5","precinct_full_name":"Godfrey 5","has_polygon":true},"geometry":{"type":"Point","coordinates":[-83.6986612652614,32.7777065]}},{"type":"Feature","properties":{"id":"2020-1014","county_nam":"Bibb","county_norm":"BIBB","prec_id":"HA1","precinct_name":"Bibb - HA1","precinct_norm":"BIBB - HA1","precinct_full_name":"Hazzard 1","has_polygon":true},"geometry":{"type":"Point","coordinates":[-83.7107043395216,32.801002499999996]}},{"type":"Feature","properties":{"id":"2020-1015","county_nam":"Bibb","county_norm":"BIBB","prec_id":"HO1","precinct_name":"Bibb - HO1","precinct_norm":"BIBB - HO1","precinct_full_name":"Howard 1","has_polygon":true},"geometry":{"type":"Point","coordinates":[-83.71758495924959,32.859789500000005]}},{"type":"Feature","properties":{"id":"2020-1016","county_nam":"Bibb","county_norm":"BIBB","prec_id":"WA2","precinct_name":"Bibb - WA2","precinct_norm":"BIBB - WA2","precinct_full_name":"Warrior 2","has_polygon":true},"geometry":{"type":"Point","coordinates":[-83.74812416287776,32.745693]}},{"type":"Feature","properties":{"id":"2020-1017","county_nam":"Bibb","county_norm":"BIBB","prec_id":"RU1","precinct_name":"Bibb - RU1","precinct_norm":"BIBB - RU1","precinct_full_name":"Rutland 1","has_polygon":true},"geometry":{"type":"Point","coordinates":[-83.69852711092716,32.73999]}},{"type":"Feature","properties":{"id":"2020-1018","county_nam":"Houston","county_norm":"HOUSTON","prec_id":"NSES","precinct_name":"Houston - NSES","precinct_norm":"HOUSTON - NSES","precinct_full_name":"Nses","has_polygon":true},"geometry":{"type":"Point","coordinates":[-83.66642589131555,32.667116]}},{"type":"Feature","properties":{"id":"2020-1019","county_nam":"Bibb","county_norm":"BIBB","prec_id":"RU2","precinct_name":"Bibb - RU2","precinct_norm":"BIBB - RU2","precinct_full_name":"Rutland 2","has_polygon":true},"geometry":{"type":"Point","coordinates":[-83.6435881744357,32.720315]}},{"type":"Feature","properties":{"id":"2020-1020","county_nam":"Houston","county_norm":"HOUSTON","prec_id":"HHPC","precinct_name":"Houston - HHPC","precinct_norm":"HOUSTON - HHPC","precinct_full_name":"Houston Health Pavilion Conference Center","has_polygon":true},"geometry":{"type":"Point","coordinates":[-83.64103396558377,32.6229345]}},{"type":"Feature","properties":{"id":"2020-1021","county_nam":"Peach","county_norm":"PEACH","prec_id":"B2","precinct_name":"Peach - B2","precinct_norm":"PEACH - B2","precinct_full_name":"Byron #2","has_polygon":true},"geometry":{"type":"Point","coordinates":[-83.7481294589889,32.643288999999996]}},{"type":"Feature","properties":{"id":"2020-1022","county_nam":"Houston","county_norm":"HOUSTON","prec_id":"TWPK","precinct_name":"Houston - TWPK","precinct_norm":"HOUSTON - TWPK","precinct_full_name":"Ted Wright Memorial Park Building","has_polygon":true},"geometry":{"type":"Point","coordinates":[-83.6382044126089,32.5679725]}},{"type":"Feature","properties":{"id":"2020-1023","county_nam":"Houston","county_norm":"HOUSTON","prec_id":"FMMS","precinct_name":"Houston - FMMS","precinct_norm":"HOUSTON - FMMS","precinct_full_name":"Feagin Mill Middle School","has_polygon":true},"geometry":{"type":"Point","coordinates":[-83.67736144669814,32.5736695]}},{"type":"Feature","properties":{"id":"2020-1024","county_nam":"Houston","county_norm":"HOUSTON","prec_id":"ANNX","precinct_name":"Houston - ANNX","precinct_norm":"HOUSTON - ANNX","precinct_full_name":"Houston County Annex Building","has_polygon":true},"geometry":{"type":"Point","coordinates":[-83.68722683322525,32.592743]}},{"type":"Feature","properties":{"id":"2020-1025","county_nam":"Houston","county_norm":"HOUSTON","prec_id":"HCTC","precinct_name":"Houston - HCTC","precinct_norm":"HOUSTON - HCTC","precinct_full_name":"Hctc","has_polygon":true},"geometry":{"type":"Point","coordinates":[-83.63889079129046,32.597204000000005]}},{"type":"Feature","properties":{"id":"2020-1026","county_nam":"Bibb","county_norm":"BIBB","prec_id":"VV2","precinct_name":"Bibb - VV2","precinct_norm":"BIBB - VV2","precinct_full_name":"Vineville 2","has_polygon":true},"geometry":{"type":"Point","coordinates":[-83.6526326875,32.8457815]}},{"type":"Feature","properties":{"id":"2020-1027","county_nam":"Bibb","county_norm":"BIBB","prec_id":"VV1","precinct_name":"Bibb - VV1","precinct_norm":"BIBB - VV1","precinct_full_name":"Vineville 1","has_polygon":true},"geometry":{"type":"Point","coordinates":[-83.63764008400253,32.850979]}},{"type":"Feature","properties":{"id":"2020-1028","county_nam":"Bibb","county_norm":"BIBB","prec_id":"EM3","precinct_name":"Bibb - EM3","precinct_norm":"BIBB - EM3","precinct_full_name":"East Macon 3","has_polygon":true},"geometry":{"type":"Point","coordinates":[-83.63299523583379,32.8663895]}},{"type":"Feature","properties":{"id":"2020-1029","county_nam":"Bibb","county_norm":"BIBB","prec_id":"HO3","precinct_name":"Bibb - HO3","precinct_norm":"BIBB - HO3","precinct_full_name":"Howard 3","has_polygon":true},"geometry":{"type":"Point","coordinates":[-83.72841497685656,32.923927]}},{"type":"Feature","properties":{"id":"2020-1030","county_nam":"Bibb","county_norm":"BIBB","prec_id":"VV3","precinct_name":"Bibb - VV3","precinct_norm":"BIBB - VV3","precinct_full_name":"Vineville 3","has_polygon":true},"geometry":{"type":"Point","coordinates":[-83.66932635731382,32.8368145]}},{"type":"Feature","properties":{"id":"2020-1031","county_nam":"Bibb","county_norm":"BIBB","prec_id":"VV6","precinct_name":"Bibb - VV6","precinct_norm":"BIBB - VV6","precinct_full_name":"Vineville 6","has_polygon":true},"geometry":{"type":"Point","coordinates":[-83.67512627940698,32.854656500000004]}},{"type":"Feature","properties":{"id":"2020-1032","county_nam":"Bibb","county_norm":"BIBB","prec_id":"VV5","precinct_name":"Bibb - VV5","precinct_norm":"BIBB - VV5","precinct_full_name":"Vineville 5","has_polygon":true},"geometry":{"type":"Point","coordinates":[-83.67607623330116,32.8746465]}},{"type":"Feature","properties":{"id":"2020-1033","county_nam":"Bibb","county_norm":"BIBB","prec_id":"HO4","precinct_name":"Bibb - HO4","precinct_norm":"BIBB - HO4","precinct_full_name":"Howard 4","has_polygon":true},"geometry":{"type":"Point","coordinates":[-83.66556292176693,32.885752]}},{"type":"Feature","properties":{"id":"2020-1034","county_nam":"Bibb","county_norm":"BIBB","prec_id":"VV4","precinct_name":"Bibb - VV4","precinct_norm":"BIBB - VV4","precinct_full_name":"Vineville 4","has_polygon":true},"geometry":{"type":"Point","coordinates":[-83.69515632154088,32.839828]}},{"type":"Feature","properties":{"id":"2020-1035","county_nam":"Bibb","county_norm":"BIBB","prec_id":"HO7","precinct_name":"Bibb - HO7","precinct_norm":"BIBB - HO7","precinct_full_name":"Howard 7","has_polygon":true},"geometry":{"type":"Point","coordinates":[-83.716137379683,32.8956055]}},{"type":"Feature","properties":{"id":"2020-1036","county_nam":"Bibb","county_norm":"BIBB","prec_id":"HO6","precinct_name":"Bibb - HO6","precinct_norm":"BIBB - HO6","precinct_full_name":"Howard 6","has_polygon":true},"geometry":{"type":"Point","coordinates":[-83.70281790580847,32.8779695]}},{"type":"Feature","properties":{"id":"2020-1037","county_nam":"Laurens","county_norm":"LAURENS","prec_id":"05","precinct_name":"Laurens - 05","precinct_norm":"LAURENS - 05","precinct_full_name":"Fire Department Station #5","has_polygon":true},"geometry":{"type":"Point","coordinates":[-82.98237603868714,32.565327499999995]}},{"type":"Feature","properties":{"id":"2020-1038","county_nam":"Laurens","county_norm":"LAURENS","prec_id":"03","precinct_name":"Laurens - 03","precinct_norm":"LAURENS - 03","precinct_full_name":"Fbc - Flc","has_polygon":true},"geometry":{"type":"Point","coordinates":[-82.9425215556609,32.5487355]}},{"type":"Feature","properties":{"id":"2020-1039","county_nam":"Hancock","county_norm":"HANCOCK","prec_id":"1A","precinct_name":"Hancock - 1A","precinct_norm":"HANCOCK - 1A","precinct_full_name":"Devereux Fire Station","has_polygon":true},"geometry":{"type":"Point","coordinates":[-83.16642375925099,33.2226445]}},{"type":"Feature","properties":{"id":"2020-1040","county_nam":"Hancock","county_norm":"HANCOCK","prec_id":"3C","precinct_name":"Hancock - 3C","precinct_norm":"HANCOCK - 3C","precinct_full_name":"Warren Chapel","has_polygon":true},"geometry":{"type":"Point","coordinates":[-83.11786962180845,33.289035999999996]}},{"type":"Feature","properties":{"id":"2020-1041","county_nam":"Baldwin","county_norm":"BALDWIN","prec_id":"CTY1","precinct_name":"Baldwin - CTY1","precinct_norm":"BALDWIN - CTY1","precinct_full_name":"South Milledgeville","has_polygon":true},"geometry":{"type":"Point","coordinates":[-83.30651938304592,33.1155555]}},{"type":"Feature","properties":{"id":"2020-1042","county_nam":"Baldwin","county_norm":"BALDWIN","prec_id":"CTY4","precinct_name":"Baldwin - CTY4","precinct_norm":"BALDWIN - CTY4","precinct_full_name":"Courthouse","has_polygon":true},"geometry":{"type":"Point","coordinates":[-83.22445269135585,33.066961000000006]}},{"type":"Feature","properties":{"id":"2020-1043","county_nam":"Appling","county_norm":"APPLING","prec_id":"3A1","precinct_name":"Appling - 3A1","precinct_norm":"APPLING - 3A1","precinct_full_name":"3A1","has_polygon":true},"geometry":{"type":"Point","coordinates":[-82.17410510528649,31.8504505]}},{"type":"Feature","properties":{"id":"2020-1044","county_nam":"Tattnall","county_norm":"TATTNALL","prec_id":"9","precinct_name":"Tattnall - 9","precinct_norm":"TATTNALL - 9","precinct_full_name":"District V","has_polygon":true},"geometry":{"type":"Point","coordinates":[-82.03556730594369,31.902199500000002]}},{"type":"Feature","properties":{"id":"2020-1045","county_nam":"Montgomery","county_norm":"MONTGOMERY","prec_id":"02","precinct_name":"Montgomery - 02","precinct_norm":"MONTGOMERY - 02","precinct_full_name":"Alston","has_polygon":true},"geometry":{"type":"Point","coordinates":[-82.49627925935309,32.101971500000005]}},{"type":"Feature","properties":{"id":"2020-1046","county_nam":"Montgomery","county_norm":"MONTGOMERY","prec_id":"01","precinct_name":"Montgomery - 01","precinct_norm":"MONTGOMERY - 01","precinct_full_name":"Ailey","has_polygon":true},"geometry":{"type":"Point","coordinates":[-82.54561188590921,32.203197]}},{"type":"Feature","properties":{"id":"2020-1047","county_nam":"Montgomery","county_norm":"MONTGOMERY","prec_id":"03","precinct_name":"Montgomery - 03","precinct_norm":"MONTGOMERY - 03","precinct_full_name":"Higgston","has_polygon":true},"geometry":{"type":"Point","coordinates":[-82.47495050284057,32.210049]}},{"type":"Feature","properties":{"id":"2020-1048","county_nam":"Toombs","county_norm":"TOOMBS","prec_id":"43","precinct_name":"Toombs - 43","precinct_norm":"TOOMBS - 43","precinct_full_name":"Cedar Crossing","has_polygon":true},"geometry":{"type":"Point","coordinates":[-82.40971097579887,32.030621]}},{"type":"Feature","properties":{"id":"2020-1049","county_nam":"Appling","county_norm":"APPLING","prec_id":"5A","precinct_name":"Appling - 5A","precinct_norm":"APPLING - 5A","precinct_full_name":"5A","has_polygon":true},"geometry":{"type":"Point","coordinates":[-82.4096420508858,31.758615]}},{"type":"Feature","properties":{"id":"2020-1050","county_nam":"Appling","county_norm":"APPLING","prec_id":"1C","precinct_name":"Appling - 1C","precinct_norm":"APPLING - 1C","precinct_full_name":"1C","has_polygon":true},"geometry":{"type":"Point","coordinates":[-82.38032404321648,31.8268675]}},{"type":"Feature","properties":{"id":"2020-1051","county_nam":"Appling","county_norm":"APPLING","prec_id":"1B","precinct_name":"Appling - 1B","precinct_norm":"APPLING - 1B","precinct_full_name":"1B","has_polygon":true},"geometry":{"type":"Point","coordinates":[-82.35285584954423,31.89853]}},{"type":"Feature","properties":{"id":"2020-1052","county_nam":"Toombs","county_norm":"TOOMBS","prec_id":"15361","precinct_name":"Toombs - 15361","precinct_norm":"TOOMBS - 15361","precinct_full_name":"15361 Lyons","has_polygon":true},"geometry":{"type":"Point","coordinates":[-82.27326380302418,32.219865999999996]}},{"type":"Feature","properties":{"id":"2020-1053","county_nam":"Tattnall","county_norm":"TATTNALL","prec_id":"10","precinct_name":"Tattnall - 10","precinct_norm":"TATTNALL - 10","precinct_full_name":"Shiloh","has_polygon":true},"geometry":{"type":"Point","coordinates":[-82.14770267166165,32.0159035]}},{"type":"Feature","properties":{"id":"2020-1054","county_nam":"Wayne","county_norm":"WAYNE","prec_id":"1A","precinct_name":"Wayne - 1A","precinct_norm":"WAYNE - 1A","precinct_full_name":"Odum","has_polygon":true},"geometry":{"type":"Point","coordinates":[-82.06527760850693,31.692607000000002]}},{"type":"Feature","properties":{"id":"2020-1055","county_nam":"Appling","county_norm":"APPLING","prec_id":"2","precinct_name":"Appling - 2","precinct_norm":"APPLING - 2","precinct_full_name":"2","has_polygon":true},"geometry":{"type":"Point","coordinates":[-82.29196931475781,31.799132]}},{"type":"Feature","properties":{"id":"2020-1056","county_nam":"Tattnall","county_norm":"TATTNALL","prec_id":"8","precinct_name":"Tattnall - 8","precinct_norm":"TATTNALL - 8","precinct_full_name":"District Iv","has_polygon":true},"geometry":{"type":"Point","coordinates":[-82.00052349523092,31.9998785]}},{"type":"Feature","properties":{"id":"2020-1057","county_nam":"Tattnall","county_norm":"TATTNALL","prec_id":"4","precinct_name":"Tattnall - 4","precinct_norm":"TATTNALL - 4","precinct_full_name":"Manassas","has_polygon":true},"geometry":{"type":"Point","coordinates":[-82.03031443675795,32.1869285]}},{"type":"Feature","properties":{"id":"2020-1058","county_nam":"Appling","county_norm":"APPLING","prec_id":"3C","precinct_name":"Appling - 3C","precinct_norm":"APPLING - 3C","precinct_full_name":"3C","has_polygon":true},"geometry":{"type":"Point","coordinates":[-82.21280717582869,31.720475999999998]}},{"type":"Feature","properties":{"id":"2020-1059","county_nam":"Appling","county_norm":"APPLING","prec_id":"4D","precinct_name":"Appling - 4D","precinct_norm":"APPLING - 4D","precinct_full_name":"4D","has_polygon":true},"geometry":{"type":"Point","coordinates":[-82.33746041547606,31.6761615]}},{"type":"Feature","properties":{"id":"2020-1060","county_nam":"Jeff Davis","county_norm":"JEFF DAVIS","prec_id":"301","precinct_name":"Jeff Davis - 301","precinct_norm":"JEFF DAVIS - 301","precinct_full_name":"Blackburn 1","has_polygon":true},"geometry":{"type":"Point","coordinates":[-82.5681420531964,31.825992]}},{"type":"Feature","properties":{"id":"2020-1061","county_nam":"Appling","county_norm":"APPLING","prec_id":"5B","precinct_name":"Appling - 5B","precinct_norm":"APPLING - 5B","precinct_full_name":"5B","has_polygon":true},"geometry":{"type":"Point","coordinates":[-82.50812753346182,31.747678]}},{"type":"Feature","properties":{"id":"2020-1062","county_nam":"Jeff Davis","county_norm":"JEFF DAVIS","prec_id":"201","precinct_name":"Jeff Davis - 201","precinct_norm":"JEFF DAVIS - 201","precinct_full_name":"Altamaha 1","has_polygon":true},"geometry":{"type":"Point","coordinates":[-82.56788448828203,31.8757955]}},{"type":"Feature","properties":{"id":"2020-1063","county_nam":"Jeff Davis","county_norm":"JEFF DAVIS","prec_id":"100","precinct_name":"Jeff Davis - 100","precinct_norm":"JEFF DAVIS - 100","precinct_full_name":"Hazlehurst","has_polygon":true},"geometry":{"type":"Point","coordinates":[-82.58067109248174,31.905515]}},{"type":"Feature","properties":{"id":"2020-1064","county_nam":"Jeff Davis","county_norm":"JEFF DAVIS","prec_id":"202","precinct_name":"Jeff Davis - 202","precinct_norm":"JEFF DAVIS - 202","precinct_full_name":"Altamaha 2","has_polygon":true},"geometry":{"type":"Point","coordinates":[-82.49287809490461,31.905324999999998]}},{"type":"Feature","properties":{"id":"2020-1065","county_nam":"Jeff Davis","county_norm":"JEFF DAVIS","prec_id":"401","precinct_name":"Jeff Davis - 401","precinct_norm":"JEFF DAVIS - 401","precinct_full_name":"Whitehead 1","has_polygon":true},"geometry":{"type":"Point","coordinates":[-82.64639957527186,31.8236]}},{"type":"Feature","properties":{"id":"2020-1066","county_nam":"Jeff Davis","county_norm":"JEFF DAVIS","prec_id":"501","precinct_name":"Jeff Davis - 501","precinct_norm":"JEFF DAVIS - 501","precinct_full_name":"Ocmulgee 1","has_polygon":true},"geometry":{"type":"Point","coordinates":[-82.65843202033439,31.891017]}},{"type":"Feature","properties":{"id":"2020-1067","county_nam":"Toombs","county_norm":"TOOMBS","prec_id":"513","precinct_name":"Toombs - 513","precinct_norm":"TOOMBS - 513","precinct_full_name":"V.P.D.","has_polygon":true},"geometry":{"type":"Point","coordinates":[-82.3955892992102,32.1590195]}},{"type":"Feature","properties":{"id":"2020-1068","county_nam":"Montgomery","county_norm":"MONTGOMERY","prec_id":"06","precinct_name":"Montgomery - 06","precinct_norm":"MONTGOMERY - 06","precinct_full_name":"Tarrytown","has_polygon":true},"geometry":{"type":"Point","coordinates":[-82.58940314122137,32.297739]}},{"type":"Feature","properties":{"id":"2020-1069","county_nam":"Montgomery","county_norm":"MONTGOMERY","prec_id":"04","precinct_name":"Montgomery - 04","precinct_norm":"MONTGOMERY - 04","precinct_full_name":"Kibbee","has_polygon":true},"geometry":{"type":"Point","coordinates":[-82.46039491024575,32.303946499999995]}},{"type":"Feature","properties":{"id":"2020-1070","county_nam":"Wayne","county_norm":"WAYNE","prec_id":"1C","precinct_name":"Wayne - 1C","precinct_norm":"WAYNE - 1C","precinct_full_name":"Oglethorpe","has_polygon":true},"geometry":{"type":"Point","coordinates":[-81.94151219485295,31.683069000000003]}},{"type":"Feature","properties":{"id":"2020-1071","county_nam":"Wayne","county_norm":"WAYNE","prec_id":"5B","precinct_name":"Wayne - 5B","precinct_norm":"WAYNE - 5B","precinct_full_name":"Recreation Center","has_polygon":true},"geometry":{"type":"Point","coordinates":[-81.878293875,31.539462]}},{"type":"Feature","properties":{"id":"2020-1072","county_nam":"Wayne","county_norm":"WAYNE","prec_id":"4B","precinct_name":"Wayne - 4B","precinct_norm":"WAYNE - 4B","precinct_full_name":"Pine Street","has_polygon":true},"geometry":{"type":"Point","coordinates":[-81.85787999645127,31.582379500000002]}},{"type":"Feature","properties":{"id":"2020-1073","county_nam":"Tattnall","county_norm":"TATTNALL","prec_id":"5","precinct_name":"Tattnall - 5","precinct_norm":"TATTNALL - 5","precinct_full_name":"District Ii","has_polygon":true},"geometry":{"type":"Point","coordinates":[-82.06208570850622,32.115451]}},{"type":"Feature","properties":{"id":"2020-1074","county_nam":"Tattnall","county_norm":"TATTNALL","prec_id":"3","precinct_name":"Tattnall - 3","precinct_norm":"TATTNALL - 3","precinct_full_name":"Collins","has_polygon":true},"geometry":{"type":"Point","coordinates":[-82.11738975272456,32.195046500000004]}},{"type":"Feature","properties":{"id":"2020-1075","county_nam":"Mcduffie","county_norm":"MCDUFFIE","prec_id":"139","precinct_name":"Mcduffie - 139","precinct_norm":"MCDUFFIE - 139","precinct_full_name":"139","has_polygon":true},"geometry":{"type":"Point","coordinates":[-82.4500487845281,33.459244999999996]}},{"type":"Feature","properties":{"id":"2020-1076","county_nam":"Mcduffie","county_norm":"MCDUFFIE","prec_id":"131","precinct_name":"Mcduffie - 131","precinct_norm":"MCDUFFIE - 131","precinct_full_name":"131","has_polygon":true},"geometry":{"type":"Point","coordinates":[-82.50197046033401,33.4968335]}},{"type":"Feature","properties":{"id":"2020-1077","county_nam":"Mcduffie","county_norm":"MCDUFFIE","prec_id":"137","precinct_name":"Mcduffie - 137","precinct_norm":"MCDUFFIE - 137","precinct_full_name":"137","has_polygon":true},"geometry":{"type":"Point","coordinates":[-82.44465360415822,33.5077305]}},{"type":"Feature","properties":{"id":"2020-1078","county_nam":"Mcduffie","county_norm":"MCDUFFIE","prec_id":"133A","precinct_name":"Mcduffie - 133A","precinct_norm":"MCDUFFIE - 133A","precinct_full_name":"133A","has_polygon":true},"geometry":{"type":"Point","coordinates":[-82.41326305614035,33.365133]}},{"type":"Feature","properties":{"id":"2020-1079","county_nam":"Mcduffie","county_norm":"MCDUFFIE","prec_id":"133B","precinct_name":"Mcduffie - 133B","precinct_norm":"MCDUFFIE - 133B","precinct_full_name":"133B","has_polygon":true},"geometry":{"type":"Point","coordinates":[-82.39644344230769,33.4300255]}},{"type":"Feature","properties":{"id":"2020-1080","county_nam":"Columbia","county_norm":"COLUMBIA","prec_id":"024","precinct_name":"Columbia - 024","precinct_norm":"COLUMBIA - 024","precinct_full_name":"Second Mount Moriah Baptist Church","has_polygon":true},"geometry":{"type":"Point","coordinates":[-82.33996939873313,33.452297]}},{"type":"Feature","properties":{"id":"2020-1081","county_nam":"Richmond","county_norm":"RICHMOND","prec_id":"804H","precinct_name":"Richmond - 804H","precinct_norm":"RICHMOND - 804H","precinct_full_name":"Brothersville Event Center","has_polygon":true},"geometry":{"type":"Point","coordinates":[-82.1254147088627,33.285788]}},{"type":"Feature","properties":{"id":"2020-1082","county_nam":"Richmond","county_norm":"RICHMOND","prec_id":"810","precinct_name":"Richmond - 810","precinct_norm":"RICHMOND - 810","precinct_full_name":"Brothersville Event Center","has_polygon":true},"geometry":{"type":"Point","coordinates":[-82.0728091171282,33.268234]}},{"type":"Feature","properties":{"id":"2020-1083","county_nam":"Columbia","county_norm":"COLUMBIA","prec_id":"022","precinct_name":"Columbia - 022","precinct_norm":"COLUMBIA - 022","precinct_full_name":"Harlem Senior Center","has_polygon":true},"geometry":{"type":"Point","coordinates":[-82.28635717631579,33.3870915]}},{"type":"Feature","properties":{"id":"2020-1084","county_nam":"Richmond","county_norm":"RICHMOND","prec_id":"801","precinct_name":"Richmond - 801","precinct_norm":"RICHMOND - 801","precinct_full_name":"Blythe City Hall","has_polygon":true},"geometry":{"type":"Point","coordinates":[-82.2499154917553,33.287445]}},{"type":"Feature","properties":{"id":"2020-1085","county_nam":"Richmond","county_norm":"RICHMOND","prec_id":"803","precinct_name":"Richmond - 803","precinct_norm":"RICHMOND - 803","precinct_full_name":"Jamestown Community Center","has_polygon":true},"geometry":{"type":"Point","coordinates":[-82.22249699947027,33.357436]}},{"type":"Feature","properties":{"id":"2020-1086","county_nam":"Richmond","county_norm":"RICHMOND","prec_id":"801B","precinct_name":"Richmond - 801B","precinct_norm":"RICHMOND - 801B","precinct_full_name":"Blythe City Hall","has_polygon":true},"geometry":{"type":"Point","coordinates":[-82.20740351622517,33.3059315]}},{"type":"Feature","properties":{"id":"2020-1087","county_nam":"Columbia","county_norm":"COLUMBIA","prec_id":"020","precinct_name":"Columbia - 020","precinct_norm":"COLUMBIA - 020","precinct_full_name":"Harlem Branch Library","has_polygon":true},"geometry":{"type":"Point","coordinates":[-82.29901448554698,33.4419915]}},{"type":"Feature","properties":{"id":"2020-1088","county_nam":"Emanuel","county_norm":"EMANUEL","prec_id":"1208","precinct_name":"Emanuel - 1208","precinct_norm":"EMANUEL - 1208","precinct_full_name":"Blundale","has_polygon":true},"geometry":{"type":"Point","coordinates":[-82.41853241900526,32.6922955]}},{"type":"Feature","properties":{"id":"2020-1089","county_nam":"Jefferson","county_norm":"JEFFERSON","prec_id":"0085","precinct_name":"Jefferson - 0085","precinct_norm":"JEFFERSON - 0085","precinct_full_name":"Bartow","has_polygon":true},"geometry":{"type":"Point","coordinates":[-82.47951447537852,32.869422]}},{"type":"Feature","properties":{"id":"2020-1090","county_nam":"Jefferson","county_norm":"JEFFERSON","prec_id":"0083","precinct_name":"Jefferson - 0083","precinct_norm":"JEFFERSON - 0083","precinct_full_name":"Wadley","has_polygon":true},"geometry":{"type":"Point","coordinates":[-82.37497168113185,32.8502985]}},{"type":"Feature","properties":{"id":"2020-1091","county_nam":"Emanuel","county_norm":"EMANUEL","prec_id":"0052","precinct_name":"Emanuel - 0052","precinct_norm":"EMANUEL - 0052","precinct_full_name":"Cross-Green","has_polygon":true},"geometry":{"type":"Point","coordinates":[-82.33101721751123,32.797382999999996]}},{"type":"Feature","properties":{"id":"2020-1092","county_nam":"Burke","county_norm":"BURKE","prec_id":"0015","precinct_name":"Burke - 0015","precinct_norm":"BURKE - 0015","precinct_full_name":"South Waynesboro","has_polygon":true},"geometry":{"type":"Point","coordinates":[-82.00561701540025,33.0390455]}},{"type":"Feature","properties":{"id":"2020-1093","county_nam":"Burke","county_norm":"BURKE","prec_id":"0014","precinct_name":"Burke - 0014","precinct_norm":"BURKE - 0014","precinct_full_name":"North Waynesboro","has_polygon":true},"geometry":{"type":"Point","coordinates":[-81.96803440394571,33.1236605]}},{"type":"Feature","properties":{"id":"2020-1094","county_nam":"Burke","county_norm":"BURKE","prec_id":"0005","precinct_name":"Burke - 0005","precinct_norm":"BURKE - 0005","precinct_full_name":"Greenscut","has_polygon":true},"geometry":{"type":"Point","coordinates":[-81.93480981568021,33.1966065]}},{"type":"Feature","properties":{"id":"2020-1095","county_nam":"Burke","county_norm":"BURKE","prec_id":"0012","precinct_name":"Burke - 0012","precinct_norm":"BURKE - 0012","precinct_full_name":"St. Clair","has_polygon":true},"geometry":{"type":"Point","coordinates":[-82.19252784893199,33.171243000000004]}},{"type":"Feature","properties":{"id":"2020-1096","county_nam":"Burke","county_norm":"BURKE","prec_id":"0016","precinct_name":"Burke - 0016","precinct_norm":"BURKE - 0016","precinct_full_name":"Blakeney","has_polygon":true},"geometry":{"type":"Point","coordinates":[-82.12053159620885,33.0422595]}},{"type":"Feature","properties":{"id":"2020-1097","county_nam":"Burke","county_norm":"BURKE","prec_id":"0002","precinct_name":"Burke - 0002","precinct_norm":"BURKE - 0002","precinct_full_name":"Four Points","has_polygon":true},"geometry":{"type":"Point","coordinates":[-82.1011759606572,33.2270355]}},{"type":"Feature","properties":{"id":"2020-1098","county_nam":"Glascock","county_norm":"GLASCOCK","prec_id":"MILL","precinct_name":"Glascock - MILL","precinct_norm":"GLASCOCK - MILL","precinct_full_name":"Mill","has_polygon":true},"geometry":{"type":"Point","coordinates":[-82.5377710044927,33.249391]}},{"type":"Feature","properties":{"id":"2020-1099","county_nam":"Jefferson","county_norm":"JEFFERSON","prec_id":"1460","precinct_name":"Jefferson - 1460","precinct_norm":"JEFFERSON - 1460","precinct_full_name":"Stapleton","has_polygon":true},"geometry":{"type":"Point","coordinates":[-82.46061772891719,33.212723]}},{"type":"Feature","properties":{"id":"2020-1100","county_nam":"Jefferson","county_norm":"JEFFERSON","prec_id":"0081","precinct_name":"Jefferson - 0081","precinct_norm":"JEFFERSON - 0081","precinct_full_name":"Wrens","has_polygon":true},"geometry":{"type":"Point","coordinates":[-82.38119226691505,33.208666]}},{"type":"Feature","properties":{"id":"2020-1101","county_nam":"Emanuel","county_norm":"EMANUEL","prec_id":"1333","precinct_name":"Emanuel - 1333","precinct_norm":"EMANUEL - 1333","precinct_full_name":"Canoochee","has_polygon":true},"geometry":{"type":"Point","coordinates":[-82.17321788567656,32.707571]}},{"type":"Feature","properties":{"id":"2020-1102","county_nam":"Burke","county_norm":"BURKE","prec_id":"0007","precinct_name":"Burke - 0007","precinct_norm":"BURKE - 0007","precinct_full_name":"Midville","has_polygon":true},"geometry":{"type":"Point","coordinates":[-82.24131848717792,32.871535]}},{"type":"Feature","properties":{"id":"2020-1103","county_nam":"Burke","county_norm":"BURKE","prec_id":"0013","precinct_name":"Burke - 0013","precinct_norm":"BURKE - 0013","precinct_full_name":"Vidette","has_polygon":true},"geometry":{"type":"Point","coordinates":[-82.20210945133672,32.9807885]}},{"type":"Feature","properties":{"id":"2020-1104","county_nam":"Burke","county_norm":"BURKE","prec_id":"0010","precinct_name":"Burke - 0010","precinct_norm":"BURKE - 0010","precinct_full_name":"Scotts Crossroads","has_polygon":true},"geometry":{"type":"Point","coordinates":[-82.15721761213359,32.893859]}},{"type":"Feature","properties":{"id":"2020-1105","county_nam":"Mcduffie","county_norm":"MCDUFFIE","prec_id":"135","precinct_name":"Mcduffie - 135","precinct_norm":"MCDUFFIE - 135","precinct_full_name":"135","has_polygon":true},"geometry":{"type":"Point","coordinates":[-82.50179668570706,33.408567500000004]}},{"type":"Feature","properties":{"id":"2020-1106","county_nam":"Mcduffie","county_norm":"MCDUFFIE","prec_id":"134","precinct_name":"Mcduffie - 134","precinct_norm":"MCDUFFIE - 134","precinct_full_name":"134","has_polygon":true},"geometry":{"type":"Point","coordinates":[-82.55020119927124,33.4587895]}},{"type":"Feature","properties":{"id":"2020-1107","county_nam":"Mcduffie","county_norm":"MCDUFFIE","prec_id":"136","precinct_name":"Mcduffie - 136","precinct_norm":"MCDUFFIE - 136","precinct_full_name":"136","has_polygon":true},"geometry":{"type":"Point","coordinates":[-82.48914408617244,33.4658035]}},{"type":"Feature","properties":{"id":"2020-1108","county_nam":"Richmond","county_norm":"RICHMOND","prec_id":"210","precinct_name":"Richmond - 210","precinct_norm":"RICHMOND - 210","precinct_full_name":"Augusta Aquatics Center","has_polygon":true},"geometry":{"type":"Point","coordinates":[-82.04404595715809,33.461692]}},{"type":"Feature","properties":{"id":"2020-1109","county_nam":"Richmond","county_norm":"RICHMOND","prec_id":"303","precinct_name":"Richmond - 303","precinct_norm":"RICHMOND - 303","precinct_full_name":"Augusta Aquatics Center","has_polygon":true},"geometry":{"type":"Point","coordinates":[-82.03930605575539,33.475321]}},{"type":"Feature","properties":{"id":"2020-1110","county_nam":"Richmond","county_norm":"RICHMOND","prec_id":"108","precinct_name":"Richmond - 108","precinct_norm":"RICHMOND - 108","precinct_full_name":"Covenant Presbyterian Church, PCUSA","has_polygon":true},"geometry":{"type":"Point","coordinates":[-82.03498534429127,33.483357]}},{"type":"Feature","properties":{"id":"2020-1111","county_nam":"Richmond","county_norm":"RICHMOND","prec_id":"204","precinct_name":"Richmond - 204","precinct_norm":"RICHMOND - 204","precinct_full_name":"Charles Evans Community Center","has_polygon":true},"geometry":{"type":"Point","coordinates":[-82.02339747458166,33.464333999999994]}},{"type":"Feature","properties":{"id":"2020-1112","county_nam":"Richmond","county_norm":"RICHMOND","prec_id":"304","precinct_name":"Richmond - 304","precinct_norm":"RICHMOND - 304","precinct_full_name":"Covenant Presbyterian Church, PCUSA","has_polygon":true},"geometry":{"type":"Point","coordinates":[-82.01891220723063,33.470909500000005]}},{"type":"Feature","properties":{"id":"2020-1113","county_nam":"Richmond","county_norm":"RICHMOND","prec_id":"201","precinct_name":"Richmond - 201","precinct_norm":"RICHMOND - 201","precinct_full_name":"Building Worship Center","has_polygon":true},"geometry":{"type":"Point","coordinates":[-82.01301762190175,33.453508]}},{"type":"Feature","properties":{"id":"2020-1114","county_nam":"Richmond","county_norm":"RICHMOND","prec_id":"309","precinct_name":"Richmond - 309","precinct_norm":"RICHMOND - 309","precinct_full_name":"Friedman Branch Library","has_polygon":true},"geometry":{"type":"Point","coordinates":[-82.09851241701352,33.457991]}},{"type":"Feature","properties":{"id":"2020-1115","county_nam":"Richmond","county_norm":"RICHMOND","prec_id":"306","precinct_name":"Richmond - 306","precinct_norm":"RICHMOND - 306","precinct_full_name":"First Baptist Church Of Augusta","has_polygon":true},"geometry":{"type":"Point","coordinates":[-82.08919443365501,33.480444500000004]}},{"type":"Feature","properties":{"id":"2020-1116","county_nam":"Richmond","county_norm":"RICHMOND","prec_id":"502","precinct_name":"Richmond - 502","precinct_norm":"RICHMOND - 502","precinct_full_name":"Trinity Christian Methodist Episcopal Church","has_polygon":true},"geometry":{"type":"Point","coordinates":[-82.07343618378177,33.428602]}},{"type":"Feature","properties":{"id":"2020-1117","county_nam":"Richmond","county_norm":"RICHMOND","prec_id":"503","precinct_name":"Richmond - 503","precinct_norm":"RICHMOND - 503","precinct_full_name":"Henry Brigham Community Center","has_polygon":true},"geometry":{"type":"Point","coordinates":[-82.05059602497099,33.435445]}},{"type":"Feature","properties":{"id":"2020-1118","county_nam":"Richmond","county_norm":"RICHMOND","prec_id":"507","precinct_name":"Richmond - 507","precinct_norm":"RICHMOND - 507","precinct_full_name":"Friedman Branch Library","has_polygon":true},"geometry":{"type":"Point","coordinates":[-82.0770256923077,33.471508]}},{"type":"Feature","properties":{"id":"2020-1119","county_nam":"Richmond","county_norm":"RICHMOND","prec_id":"504","precinct_name":"Richmond - 504","precinct_norm":"RICHMOND - 504","precinct_full_name":"Burns Memorial Methodist Church","has_polygon":true},"geometry":{"type":"Point","coordinates":[-82.06298159715269,33.4574435]}},{"type":"Feature","properties":{"id":"2020-1120","county_nam":"Richmond","county_norm":"RICHMOND","prec_id":"401","precinct_name":"Richmond - 401","precinct_norm":"RICHMOND - 401","precinct_full_name":"Trinity Christian Methodist Episcopal Church","has_polygon":true},"geometry":{"type":"Point","coordinates":[-82.05527953048366,33.384341500000005]}},{"type":"Feature","properties":{"id":"2020-1121","county_nam":"Richmond","county_norm":"RICHMOND","prec_id":"509","precinct_name":"Richmond - 509","precinct_norm":"RICHMOND - 509","precinct_full_name":"Henry Brigham Community Center","has_polygon":true},"geometry":{"type":"Point","coordinates":[-82.07898049247493,33.395143]}},{"type":"Feature","properties":{"id":"2020-1122","county_nam":"Richmond","county_norm":"RICHMOND","prec_id":"501","precinct_name":"Richmond - 501","precinct_norm":"RICHMOND - 501","precinct_full_name":"New Zion Missionary Baptist Church","has_polygon":true},"geometry":{"type":"Point","coordinates":[-82.05738421151983,33.4096945]}},{"type":"Feature","properties":{"id":"2020-1123","county_nam":"Columbia","county_norm":"COLUMBIA","prec_id":"032","precinct_name":"Columbia - 032","precinct_norm":"COLUMBIA - 032","precinct_full_name":"G A Apostolic Church","has_polygon":true},"geometry":{"type":"Point","coordinates":[-82.16539711831982,33.4663265]}},{"type":"Feature","properties":{"id":"2020-1124","county_nam":"Columbia","county_norm":"COLUMBIA","prec_id":"075","precinct_name":"Columbia - 075","precinct_norm":"COLUMBIA - 075","precinct_full_name":"Belair Baptist Church","has_polygon":true},"geometry":{"type":"Point","coordinates":[-82.15878836339286,33.488555500000004]}},{"type":"Feature","properties":{"id":"2020-1125","county_nam":"Richmond","county_norm":"RICHMOND","prec_id":"603","precinct_name":"Richmond - 603","precinct_norm":"RICHMOND - 603","precinct_full_name":"Southside Baptist Church","has_polygon":true},"geometry":{"type":"Point","coordinates":[-82.03561892211997,33.410705]}},{"type":"Feature","properties":{"id":"2020-1126","county_nam":"Richmond","county_norm":"RICHMOND","prec_id":"605","precinct_name":"Richmond - 605","precinct_norm":"RICHMOND - 605","precinct_full_name":"Stevens Creek Church Southside Campus","has_polygon":true},"geometry":{"type":"Point","coordinates":[-82.01530272540114,33.3983855]}},{"type":"Feature","properties":{"id":"2020-1127","county_nam":"Richmond","county_norm":"RICHMOND","prec_id":"604","precinct_name":"Richmond - 604","precinct_norm":"RICHMOND - 604","precinct_full_name":"Southside Baptist Church","has_polygon":true},"geometry":{"type":"Point","coordinates":[-82.00971491474805,33.366735]}},{"type":"Feature","properties":{"id":"2020-1128","county_nam":"Richmond","county_norm":"RICHMOND","prec_id":"114","precinct_name":"Richmond - 114","precinct_norm":"RICHMOND - 114","precinct_full_name":"Southside Baptist Church","has_polygon":true},"geometry":{"type":"Point","coordinates":[-82.00079221023648,33.4038805]}},{"type":"Feature","properties":{"id":"2020-1129","county_nam":"Richmond","county_norm":"RICHMOND","prec_id":"805","precinct_name":"Richmond - 805","precinct_norm":"RICHMOND - 805","precinct_full_name":"Southside Baptist Church","has_polygon":true},"geometry":{"type":"Point","coordinates":[-81.98616119258209,33.3429365]}},{"type":"Feature","properties":{"id":"2020-1130","county_nam":"Richmond","county_norm":"RICHMOND","prec_id":"115","precinct_name":"Richmond - 115","precinct_norm":"RICHMOND - 115","precinct_full_name":"Southside Baptist Church","has_polygon":true},"geometry":{"type":"Point","coordinates":[-81.96829792363371,33.3458895]}},{"type":"Feature","properties":{"id":"2020-1131","county_nam":"Richmond","county_norm":"RICHMOND","prec_id":"111","precinct_name":"Richmond - 111","precinct_norm":"RICHMOND - 111","precinct_full_name":"Paine College Heal Complex","has_polygon":true},"geometry":{"type":"Point","coordinates":[-82.00099168447366,33.464993]}},{"type":"Feature","properties":{"id":"2020-1132","county_nam":"Richmond","county_norm":"RICHMOND","prec_id":"105","precinct_name":"Richmond - 105","precinct_norm":"RICHMOND - 105","precinct_full_name":"Mount Calvary Baptist Church","has_polygon":true},"geometry":{"type":"Point","coordinates":[-81.98351715492278,33.46349]}},{"type":"Feature","properties":{"id":"2020-1133","county_nam":"Richmond","county_norm":"RICHMOND","prec_id":"102","precinct_name":"Richmond - 102","precinct_norm":"RICHMOND - 102","precinct_full_name":"Kroc Center","has_polygon":true},"geometry":{"type":"Point","coordinates":[-81.9860933624069,33.4813985]}},{"type":"Feature","properties":{"id":"2020-1134","county_nam":"Richmond","county_norm":"RICHMOND","prec_id":"701","precinct_name":"Richmond - 701","precinct_norm":"RICHMOND - 701","precinct_full_name":"Aldersgate United Methodist Church","has_polygon":true},"geometry":{"type":"Point","coordinates":[-82.04635358234745,33.495352]}},{"type":"Feature","properties":{"id":"2020-1135","county_nam":"Richmond","county_norm":"RICHMOND","prec_id":"305","precinct_name":"Richmond - 305","precinct_norm":"RICHMOND - 305","precinct_full_name":"Paine College Heal Complex","has_polygon":true},"geometry":{"type":"Point","coordinates":[-82.06546879628671,33.487401000000006]}},{"type":"Feature","properties":{"id":"2020-1136","county_nam":"Richmond","county_norm":"RICHMOND","prec_id":"302","precinct_name":"Richmond - 302","precinct_norm":"RICHMOND - 302","precinct_full_name":"Friedman Branch Library","has_polygon":true},"geometry":{"type":"Point","coordinates":[-82.05623648877142,33.475018]}},{"type":"Feature","properties":{"id":"2020-1137","county_nam":"Richmond","county_norm":"RICHMOND","prec_id":"301","precinct_name":"Richmond - 301","precinct_norm":"RICHMOND - 301","precinct_full_name":"Covenant Presbyterian Church, PCUSA","has_polygon":true},"geometry":{"type":"Point","coordinates":[-82.05601738929967,33.4823625]}},{"type":"Feature","properties":{"id":"2020-1138","county_nam":"Columbia","county_norm":"COLUMBIA","prec_id":"080","precinct_name":"Columbia - 080","precinct_norm":"COLUMBIA - 080","precinct_full_name":"Westside Bapt Church","has_polygon":true},"geometry":{"type":"Point","coordinates":[-82.11856231567401,33.499463500000005]}},{"type":"Feature","properties":{"id":"2020-1139","county_nam":"Columbia","county_norm":"COLUMBIA","prec_id":"090","precinct_name":"Columbia - 090","precinct_norm":"COLUMBIA - 090","precinct_full_name":"Abilene Baptist","has_polygon":true},"geometry":{"type":"Point","coordinates":[-82.099654168323,33.500517]}},{"type":"Feature","properties":{"id":"2020-1140","county_nam":"Columbia","county_norm":"COLUMBIA","prec_id":"110","precinct_name":"Columbia - 110","precinct_norm":"COLUMBIA - 110","precinct_full_name":"Columbia County Fire Headquarters","has_polygon":true},"geometry":{"type":"Point","coordinates":[-82.11088126296568,33.520727]}},{"type":"Feature","properties":{"id":"2020-1141","county_nam":"Richmond","county_norm":"RICHMOND","prec_id":"308","precinct_name":"Richmond - 308","precinct_norm":"RICHMOND - 308","precinct_full_name":"First Baptist Church Of Augusta","has_polygon":true},"geometry":{"type":"Point","coordinates":[-82.0896420231102,33.495075]}},{"type":"Feature","properties":{"id":"2020-1142","county_nam":"Columbia","county_norm":"COLUMBIA","prec_id":"115","precinct_name":"Columbia - 115","precinct_norm":"COLUMBIA - 115","precinct_full_name":"Martinez Baptist Church","has_polygon":true},"geometry":{"type":"Point","coordinates":[-82.08587492233943,33.515300499999995]}},{"type":"Feature","properties":{"id":"2020-1143","county_nam":"Richmond","county_norm":"RICHMOND","prec_id":"804","precinct_name":"Richmond - 804","precinct_norm":"RICHMOND - 804","precinct_full_name":"Blythe Recreation Center","has_polygon":true},"geometry":{"type":"Point","coordinates":[-82.139013307041,33.3198635]}},{"type":"Feature","properties":{"id":"2020-1144","county_nam":"Richmond","county_norm":"RICHMOND","prec_id":"807","precinct_name":"Richmond - 807","precinct_norm":"RICHMOND - 807","precinct_full_name":"Jamestown Community Center","has_polygon":true},"geometry":{"type":"Point","coordinates":[-82.12621640550756,33.3725325]}},{"type":"Feature","properties":{"id":"2020-1145","county_nam":"Richmond","county_norm":"RICHMOND","prec_id":"809","precinct_name":"Richmond - 809","precinct_norm":"RICHMOND - 809","precinct_full_name":"Blythe Recreation Center","has_polygon":true},"geometry":{"type":"Point","coordinates":[-82.10909923802066,33.352740499999996]}},{"type":"Feature","properties":{"id":"2020-1146","county_nam":"Richmond","county_norm":"RICHMOND","prec_id":"406","precinct_name":"Richmond - 406","precinct_norm":"RICHMOND - 406","precinct_full_name":"Jamestown Community Center","has_polygon":true},"geometry":{"type":"Point","coordinates":[-82.10265200623492,33.3823605]}},{"type":"Feature","properties":{"id":"2020-1147","county_nam":"Richmond","county_norm":"RICHMOND","prec_id":"405","precinct_name":"Richmond - 405","precinct_norm":"RICHMOND - 405","precinct_full_name":"Robert Howard Community Center","has_polygon":true},"geometry":{"type":"Point","coordinates":[-82.09116860184395,33.364051]}},{"type":"Feature","properties":{"id":"2020-1148","county_nam":"Richmond","county_norm":"RICHMOND","prec_id":"404","precinct_name":"Richmond - 404","precinct_norm":"RICHMOND - 404","precinct_full_name":"Robert Howard Community Center","has_polygon":true},"geometry":{"type":"Point","coordinates":[-82.08210010758089,33.384641]}},{"type":"Feature","properties":{"id":"2020-1149","county_nam":"Richmond","county_norm":"RICHMOND","prec_id":"601","precinct_name":"Richmond - 601","precinct_norm":"RICHMOND - 601","precinct_full_name":"East Central Regional Hospital Gracewood","has_polygon":true},"geometry":{"type":"Point","coordinates":[-82.05079692374828,33.365555]}},{"type":"Feature","properties":{"id":"2020-1150","county_nam":"Richmond","county_norm":"RICHMOND","prec_id":"310","precinct_name":"Richmond - 310","precinct_norm":"RICHMOND - 310","precinct_full_name":"Providence Baptist Church","has_polygon":true},"geometry":{"type":"Point","coordinates":[-82.14245570656303,33.446359]}},{"type":"Feature","properties":{"id":"2020-1151","county_nam":"Richmond","county_norm":"RICHMOND","prec_id":"402","precinct_name":"Richmond - 402","precinct_norm":"RICHMOND - 402","precinct_full_name":"McDuffie Woods Community Center","has_polygon":true},"geometry":{"type":"Point","coordinates":[-82.12528441057015,33.420694499999996]}},{"type":"Feature","properties":{"id":"2020-1152","county_nam":"Columbia","county_norm":"COLUMBIA","prec_id":"065","precinct_name":"Columbia - 065","precinct_norm":"COLUMBIA - 065","precinct_full_name":"Christ Sanctified","has_polygon":true},"geometry":{"type":"Point","coordinates":[-82.1561466150684,33.517742]}},{"type":"Feature","properties":{"id":"2020-1153","county_nam":"Richmond","county_norm":"RICHMOND","prec_id":"207","precinct_name":"Richmond - 207","precinct_norm":"RICHMOND - 207","precinct_full_name":"Carrie J. Mays Recreation Center","has_polygon":true},"geometry":{"type":"Point","coordinates":[-82.00579185309832,33.4386695]}},{"type":"Feature","properties":{"id":"2020-1154","county_nam":"Richmond","county_norm":"RICHMOND","prec_id":"203","precinct_name":"Richmond - 203","precinct_norm":"RICHMOND - 203","precinct_full_name":"Mount Calvary Baptist Church","has_polygon":true},"geometry":{"type":"Point","coordinates":[-81.98730797357499,33.4543275]}},{"type":"Feature","properties":{"id":"2020-1155","county_nam":"Richmond","county_norm":"RICHMOND","prec_id":"101","precinct_name":"Richmond - 101","precinct_norm":"RICHMOND - 101","precinct_full_name":"Charles Evans Community Center","has_polygon":true},"geometry":{"type":"Point","coordinates":[-82.0127286625089,33.469688500000004]}},{"type":"Feature","properties":{"id":"2020-1156","county_nam":"Richmond","county_norm":"RICHMOND","prec_id":"307","precinct_name":"Richmond - 307","precinct_norm":"RICHMOND - 307","precinct_full_name":"Julian Smith Casino","has_polygon":true},"geometry":{"type":"Point","coordinates":[-82.01704548275268,33.478009]}},{"type":"Feature","properties":{"id":"2020-1157","county_nam":"Richmond","county_norm":"RICHMOND","prec_id":"107","precinct_name":"Richmond - 107","precinct_norm":"RICHMOND - 107","precinct_full_name":"Julian Smith Casino","has_polygon":true},"geometry":{"type":"Point","coordinates":[-82.01629541240055,33.4866365]}},{"type":"Feature","properties":{"id":"2020-1158","county_nam":"Richmond","county_norm":"RICHMOND","prec_id":"104","precinct_name":"Richmond - 104","precinct_norm":"RICHMOND - 104","precinct_full_name":"Eastview Recreation Center","has_polygon":true},"geometry":{"type":"Point","coordinates":[-81.96190744954939,33.409289]}},{"type":"Feature","properties":{"id":"2020-1159","county_nam":"Richmond","county_norm":"RICHMOND","prec_id":"202","precinct_name":"Richmond - 202","precinct_norm":"RICHMOND - 202","precinct_full_name":"Bernie Ward Community Center","has_polygon":true},"geometry":{"type":"Point","coordinates":[-82.01993329966331,33.4233995]}},{"type":"Feature","properties":{"id":"2020-1160","county_nam":"Richmond","county_norm":"RICHMOND","prec_id":"208","precinct_name":"Richmond - 208","precinct_norm":"RICHMOND - 208","precinct_full_name":"Mann-Mize Fellowship","has_polygon":true},"geometry":{"type":"Point","coordinates":[-82.03438452155362,33.44999]}},{"type":"Feature","properties":{"id":"2020-1161","county_nam":"Richmond","county_norm":"RICHMOND","prec_id":"106","precinct_name":"Richmond - 106","precinct_norm":"RICHMOND - 106","precinct_full_name":"Julian Smith Casino","has_polygon":true},"geometry":{"type":"Point","coordinates":[-81.99833888196231,33.4875495]}},{"type":"Feature","properties":{"id":"2020-1162","county_nam":"Richmond","county_norm":"RICHMOND","prec_id":"103","precinct_name":"Richmond - 103","precinct_norm":"RICHMOND - 103","precinct_full_name":"Wallace Branch Library","has_polygon":true},"geometry":{"type":"Point","coordinates":[-81.9718107920302,33.456864499999995]}},{"type":"Feature","properties":{"id":"2020-1163","county_nam":"Richmond","county_norm":"RICHMOND","prec_id":"109","precinct_name":"Richmond - 109","precinct_norm":"RICHMOND - 109","precinct_full_name":"May Park","has_polygon":true},"geometry":{"type":"Point","coordinates":[-81.95347928357133,33.4677545]}},{"type":"Feature","properties":{"id":"2020-1164","county_nam":"Richmond","county_norm":"RICHMOND","prec_id":"112","precinct_name":"Richmond - 112","precinct_norm":"RICHMOND - 112","precinct_full_name":"May Park","has_polygon":true},"geometry":{"type":"Point","coordinates":[-81.96698418354529,33.4728735]}},{"type":"Feature","properties":{"id":"2020-1165","county_nam":"Camden","county_norm":"CAMDEN","prec_id":"05","precinct_name":"Camden - 05","precinct_norm":"CAMDEN - 05","precinct_full_name":"Harrietts Bluff","has_polygon":true},"geometry":{"type":"Point","coordinates":[-81.56461500326799,30.9018415]}},{"type":"Feature","properties":{"id":"2020-1166","county_nam":"Camden","county_norm":"CAMDEN","prec_id":"10","precinct_name":"Camden - 10","precinct_norm":"CAMDEN - 10","precinct_full_name":"North St Marys","has_polygon":true},"geometry":{"type":"Point","coordinates":[-81.42408305645682,30.850903]}},{"type":"Feature","properties":{"id":"2020-1167","county_nam":"Glynn","county_norm":"GLYNN","prec_id":"3733","precinct_name":"Glynn - 3733","precinct_norm":"GLYNN - 3733","precinct_full_name":"Career Academy","has_polygon":true},"geometry":{"type":"Point","coordinates":[-81.41858715541831,31.2563465]}},{"type":"Feature","properties":{"id":"2020-1168","county_nam":"Glynn","county_norm":"GLYNN","prec_id":"2713","precinct_name":"Glynn - 2713","precinct_norm":"GLYNN - 2713","precinct_full_name":"North Saint Simons Island","has_polygon":true},"geometry":{"type":"Point","coordinates":[-81.3878864131655,31.240645]}},{"type":"Feature","properties":{"id":"2020-1169","county_nam":"Glynn","county_norm":"GLYNN","prec_id":"2923","precinct_name":"Glynn - 2923","precinct_norm":"GLYNN - 2923","precinct_full_name":"Hampton River","has_polygon":true},"geometry":{"type":"Point","coordinates":[-81.28520315224603,31.2243255]}},{"type":"Feature","properties":{"id":"2020-1170","county_nam":"Camden","county_norm":"CAMDEN","prec_id":"12","precinct_name":"Camden - 12","precinct_norm":"CAMDEN - 12","precinct_full_name":"South St Marys","has_polygon":true},"geometry":{"type":"Point","coordinates":[-81.5278771007533,30.736383500000002]}},{"type":"Feature","properties":{"id":"2020-1171","county_nam":"Camden","county_norm":"CAMDEN","prec_id":"09","precinct_name":"Camden - 09","precinct_norm":"CAMDEN - 09","precinct_full_name":"East Kingsland","has_polygon":true},"geometry":{"type":"Point","coordinates":[-81.6353164844254,30.7998495]}},{"type":"Feature","properties":{"id":"2020-1172","county_nam":"Camden","county_norm":"CAMDEN","prec_id":"13","precinct_name":"Camden - 13","precinct_norm":"CAMDEN - 13","precinct_full_name":"Mush Bluff","has_polygon":true},"geometry":{"type":"Point","coordinates":[-81.5822749432533,30.816363000000003]}},{"type":"Feature","properties":{"id":"2020-1173","county_nam":"Camden","county_norm":"CAMDEN","prec_id":"06","precinct_name":"Camden - 06","precinct_norm":"CAMDEN - 06","precinct_full_name":"West Kingsland","has_polygon":true},"geometry":{"type":"Point","coordinates":[-81.72391238343107,30.780064]}},{"type":"Feature","properties":{"id":"2020-1174","county_nam":"Camden","county_norm":"CAMDEN","prec_id":"08","precinct_name":"Camden - 08","precinct_norm":"CAMDEN - 08","precinct_full_name":"Kingsland","has_polygon":true},"geometry":{"type":"Point","coordinates":[-81.67194380582956,30.781183]}},{"type":"Feature","properties":{"id":"2020-1175","county_nam":"Camden","county_norm":"CAMDEN","prec_id":"07","precinct_name":"Camden - 07","precinct_norm":"CAMDEN - 07","precinct_full_name":"North Kingsland","has_polygon":true},"geometry":{"type":"Point","coordinates":[-81.68502920951113,30.841628999999998]}},{"type":"Feature","properties":{"id":"2020-1176","county_nam":"Glynn","county_norm":"GLYNN","prec_id":"4933","precinct_name":"Glynn - 4933","precinct_norm":"GLYNN - 4933","precinct_full_name":"The Chapel","has_polygon":true},"geometry":{"type":"Point","coordinates":[-81.45046536626178,31.181772000000002]}},{"type":"Feature","properties":{"id":"2020-1177","county_nam":"Glynn","county_norm":"GLYNN","prec_id":"2953","precinct_name":"Glynn - 2953","precinct_norm":"GLYNN - 2953","precinct_full_name":"Jekyll Island","has_polygon":true},"geometry":{"type":"Point","coordinates":[-81.40634953080308,31.0603245]}},{"type":"Feature","properties":{"id":"2020-1178","county_nam":"Glynn","county_norm":"GLYNN","prec_id":"2943","precinct_name":"Glynn - 2943","precinct_norm":"GLYNN - 2943","precinct_full_name":"South Saint Simons Island","has_polygon":true},"geometry":{"type":"Point","coordinates":[-81.40971789241036,31.155496499999998]}},{"type":"Feature","properties":{"id":"2020-1179","county_nam":"Glynn","county_norm":"GLYNN","prec_id":"2933","precinct_name":"Glynn - 2933","precinct_norm":"GLYNN - 2933","precinct_full_name":"Central Saint Simons Island","has_polygon":true},"geometry":{"type":"Point","coordinates":[-81.38182874476882,31.1686425]}},{"type":"Feature","properties":{"id":"2020-1180","county_nam":"Glynn","county_norm":"GLYNN","prec_id":"4913","precinct_name":"Glynn - 4913","precinct_norm":"GLYNN - 4913","precinct_full_name":"Ballard Community Building","has_polygon":true},"geometry":{"type":"Point","coordinates":[-81.4992564668415,31.2173005]}},{"type":"Feature","properties":{"id":"2020-1181","county_nam":"Glynn","county_norm":"GLYNN","prec_id":"3723","precinct_name":"Glynn - 3723","precinct_norm":"GLYNN - 3723","precinct_full_name":"Se Baptist Building","has_polygon":true},"geometry":{"type":"Point","coordinates":[-81.52276541608103,31.233355500000002]}},{"type":"Feature","properties":{"id":"2020-1182","county_nam":"Glynn","county_norm":"GLYNN","prec_id":"3713","precinct_name":"Glynn - 3713","precinct_norm":"GLYNN - 3713","precinct_full_name":"Sterling Church of God","has_polygon":true},"geometry":{"type":"Point","coordinates":[-81.51203478727462,31.273577500000002]}},{"type":"Feature","properties":{"id":"2020-1183","county_nam":"Glynn","county_norm":"GLYNN","prec_id":"3743","precinct_name":"Glynn - 3743","precinct_norm":"GLYNN - 3743","precinct_full_name":"North Glynn","has_polygon":true},"geometry":{"type":"Point","coordinates":[-81.46499159966467,31.287143]}},{"type":"Feature","properties":{"id":"2020-1184","county_nam":"Glynn","county_norm":"GLYNN","prec_id":"4923","precinct_name":"Glynn - 4923","precinct_norm":"GLYNN - 4923","precinct_full_name":"Northside Church","has_polygon":true},"geometry":{"type":"Point","coordinates":[-81.45861496102661,31.2152375]}},{"type":"Feature","properties":{"id":"2020-1185","county_nam":"Glynn","county_norm":"GLYNN","prec_id":"1923","precinct_name":"Glynn - 1923","precinct_norm":"GLYNN - 1923","precinct_full_name":"Brookman","has_polygon":true},"geometry":{"type":"Point","coordinates":[-81.67133909853862,31.1866195]}},{"type":"Feature","properties":{"id":"2020-1186","county_nam":"Camden","county_norm":"CAMDEN","prec_id":"02","precinct_name":"Camden - 02","precinct_norm":"CAMDEN - 02","precinct_full_name":"Waverly","has_polygon":true},"geometry":{"type":"Point","coordinates":[-81.60543139059968,31.0577955]}},{"type":"Feature","properties":{"id":"2020-1187","county_nam":"Glynn","county_norm":"GLYNN","prec_id":"1933","precinct_name":"Glynn - 1933","precinct_norm":"GLYNN - 1933","precinct_full_name":"Satilla Marshes","has_polygon":true},"geometry":{"type":"Point","coordinates":[-81.525080835198,31.110401]}},{"type":"Feature","properties":{"id":"2020-1188","county_nam":"Glynn","county_norm":"GLYNN","prec_id":"5933","precinct_name":"Glynn - 5933","precinct_norm":"GLYNN - 5933","precinct_full_name":"Urbana-Perry Parks","has_polygon":true},"geometry":{"type":"Point","coordinates":[-81.48842712550021,31.163642000000003]}},{"type":"Feature","properties":{"id":"2020-1189","county_nam":"Glynn","county_norm":"GLYNN","prec_id":"5913","precinct_name":"Glynn - 5913","precinct_norm":"GLYNN - 5913","precinct_full_name":"College Place","has_polygon":true},"geometry":{"type":"Point","coordinates":[-81.48169121503472,31.1841535]}},{"type":"Feature","properties":{"id":"2020-1190","county_nam":"Glynn","county_norm":"GLYNN","prec_id":"1943","precinct_name":"Glynn - 1943","precinct_norm":"GLYNN - 1943","precinct_full_name":"Blythe Island Baptist Church","has_polygon":true},"geometry":{"type":"Point","coordinates":[-81.55086061021458,31.190368499999998]}},{"type":"Feature","properties":{"id":"2020-1191","county_nam":"Glynn","county_norm":"GLYNN","prec_id":"5943","precinct_name":"Glynn - 5943","precinct_norm":"GLYNN - 5943","precinct_full_name":"Selden Park","has_polygon":true},"geometry":{"type":"Point","coordinates":[-81.50776877245109,31.179260499999998]}},{"type":"Feature","properties":{"id":"2020-1192","county_nam":"Glynn","county_norm":"GLYNN","prec_id":"5923","precinct_name":"Glynn - 5923","precinct_norm":"GLYNN - 5923","precinct_full_name":"Howard Coffin Park","has_polygon":true},"geometry":{"type":"Point","coordinates":[-81.47257455513227,31.1358745]}},{"type":"Feature","properties":{"id":"2020-1193","county_nam":"Effingham","county_norm":"EFFINGHAM","prec_id":"3A","precinct_name":"Effingham - 3A","precinct_norm":"EFFINGHAM - 3A","precinct_full_name":"Elam Egypt Baptist Church","has_polygon":true},"geometry":{"type":"Point","coordinates":[-81.45309194788143,32.473301]}},{"type":"Feature","properties":{"id":"2020-1194","county_nam":"Effingham","county_norm":"EFFINGHAM","prec_id":"4C","precinct_name":"Effingham - 4C","precinct_norm":"EFFINGHAM - 4C","precinct_full_name":"Pineora Baptist Church","has_polygon":true},"geometry":{"type":"Point","coordinates":[-81.33956603324336,32.2898895]}},{"type":"Feature","properties":{"id":"2020-1195","county_nam":"Effingham","county_norm":"EFFINGHAM","prec_id":"2C","precinct_name":"Effingham - 2C","precinct_norm":"EFFINGHAM - 2C","precinct_full_name":"Bible Lutheran Church","has_polygon":true},"geometry":{"type":"Point","coordinates":[-81.28309438052062,32.249939499999996]}},{"type":"Feature","properties":{"id":"2020-1196","county_nam":"Effingham","county_norm":"EFFINGHAM","prec_id":"4B","precinct_name":"Effingham - 4B","precinct_norm":"EFFINGHAM - 4B","precinct_full_name":"Rincon Church Of God Family Life Center","has_polygon":true},"geometry":{"type":"Point","coordinates":[-81.28718703043094,32.323353499999996]}},{"type":"Feature","properties":{"id":"2020-1197","county_nam":"Effingham","county_norm":"EFFINGHAM","prec_id":"3C","precinct_name":"Effingham - 3C","precinct_norm":"EFFINGHAM - 3C","precinct_full_name":"Bethel Lutheran Church","has_polygon":true},"geometry":{"type":"Point","coordinates":[-81.32360449635138,32.41386850000001]}},{"type":"Feature","properties":{"id":"2020-1198","county_nam":"Effingham","county_norm":"EFFINGHAM","prec_id":"3B","precinct_name":"Effingham - 3B","precinct_norm":"EFFINGHAM - 3B","precinct_full_name":"Clyo Community Center","has_polygon":true},"geometry":{"type":"Point","coordinates":[-81.30392192529845,32.4964155]}},{"type":"Feature","properties":{"id":"2020-1199","county_nam":"Screven","county_norm":"SCREVEN","prec_id":"04","precinct_name":"Screven - 04","precinct_norm":"SCREVEN - 04","precinct_full_name":"Jenk Hill Fire Station","has_polygon":true},"geometry":{"type":"Point","coordinates":[-81.69778119525144,32.644726]}},{"type":"Feature","properties":{"id":"2020-1200","county_nam":"Screven","county_norm":"SCREVEN","prec_id":"12","precinct_name":"Screven - 12","precinct_norm":"SCREVEN - 12","precinct_full_name":"Cooperville Fire Station","has_polygon":true},"geometry":{"type":"Point","coordinates":[-81.62040344173357,32.540174]}},{"type":"Feature","properties":{"id":"2020-1201","county_nam":"Screven","county_norm":"SCREVEN","prec_id":"09","precinct_name":"Screven - 09","precinct_norm":"SCREVEN - 09","precinct_full_name":"Greenhill Church","has_polygon":true},"geometry":{"type":"Point","coordinates":[-81.59673028218191,32.6426695]}},{"type":"Feature","properties":{"id":"2020-1202","county_nam":"Screven","county_norm":"SCREVEN","prec_id":"01","precinct_name":"Screven - 01","precinct_norm":"SCREVEN - 01","precinct_full_name":"Sylvania","has_polygon":true},"geometry":{"type":"Point","coordinates":[-81.65518212556447,32.737443999999996]}},{"type":"Feature","properties":{"id":"2020-1203","county_nam":"Chatham","county_norm":"CHATHAM","prec_id":"4-06C","precinct_name":"Chatham - 4-06C","precinct_norm":"CHATHAM - 4-06C","precinct_full_name":"First Baptist Church Of The Island","has_polygon":true},"geometry":{"type":"Point","coordinates":[-80.94488919395889,31.992534499999998]}},{"type":"Feature","properties":{"id":"2020-1204","county_nam":"Chatham","county_norm":"CHATHAM","prec_id":"4-05C","precinct_name":"Chatham - 4-05C","precinct_norm":"CHATHAM - 4-05C","precinct_full_name":"Saint Francis Episcopal Church","has_polygon":true},"geometry":{"type":"Point","coordinates":[-80.95313784237484,32.0220295]}},{"type":"Feature","properties":{"id":"2020-1205","county_nam":"Chatham","county_norm":"CHATHAM","prec_id":"4-02C","precinct_name":"Chatham - 4-02C","precinct_norm":"CHATHAM - 4-02C","precinct_full_name":"Islands High School Annex","has_polygon":true},"geometry":{"type":"Point","coordinates":[-80.9906790694557,32.0470035]}},{"type":"Feature","properties":{"id":"2020-1206","county_nam":"Chatham","county_norm":"CHATHAM","prec_id":"4-11C","precinct_name":"Chatham - 4-11C","precinct_norm":"CHATHAM - 4-11C","precinct_full_name":"Tybee Old School Cafe","has_polygon":true},"geometry":{"type":"Point","coordinates":[-80.84709095497445,32.0000065]}},{"type":"Feature","properties":{"id":"2020-1207","county_nam":"Chatham","county_norm":"CHATHAM","prec_id":"3-13C","precinct_name":"Chatham - 3-13C","precinct_norm":"CHATHAM - 3-13C","precinct_full_name":"New Covenant Seventh Day Adventist Church","has_polygon":true},"geometry":{"type":"Point","coordinates":[-81.05863362736333,32.0056065]}},{"type":"Feature","properties":{"id":"2020-1208","county_nam":"Chatham","county_norm":"CHATHAM","prec_id":"1-12C","precinct_name":"Chatham - 1-12C","precinct_norm":"CHATHAM - 1-12C","precinct_full_name":"Isle Of Hope Baptist","has_polygon":true},"geometry":{"type":"Point","coordinates":[-81.0343346901584,31.999832]}},{"type":"Feature","properties":{"id":"2020-1209","county_nam":"Chatham","county_norm":"CHATHAM","prec_id":"3-05C","precinct_name":"Chatham - 3-05C","precinct_norm":"CHATHAM - 3-05C","precinct_full_name":"New Generations Cathedral","has_polygon":true},"geometry":{"type":"Point","coordinates":[-81.05889279387003,32.044868]}},{"type":"Feature","properties":{"id":"2020-1210","county_nam":"Chatham","county_norm":"CHATHAM","prec_id":"3-12C","precinct_name":"Chatham - 3-12C","precinct_norm":"CHATHAM - 3-12C","precinct_full_name":"Thunderbolt Mun Comp","has_polygon":true},"geometry":{"type":"Point","coordinates":[-81.04968548436118,32.0239395]}},{"type":"Feature","properties":{"id":"2020-1211","county_nam":"Chatham","county_norm":"CHATHAM","prec_id":"1-17C","precinct_name":"Chatham - 1-17C","precinct_norm":"CHATHAM - 1-17C","precinct_full_name":"Islands Christian Church","has_polygon":true},"geometry":{"type":"Point","coordinates":[-81.01823487870831,32.034879000000004]}},{"type":"Feature","properties":{"id":"2020-1212","county_nam":"Chatham","county_norm":"CHATHAM","prec_id":"7-09C","precinct_name":"Chatham - 7-09C","precinct_norm":"CHATHAM - 7-09C","precinct_full_name":"Compassion Christian, Henderson","has_polygon":true},"geometry":{"type":"Point","coordinates":[-81.28014605435384,32.0246315]}},{"type":"Feature","properties":{"id":"2020-1213","county_nam":"Chatham","county_norm":"CHATHAM","prec_id":"7-08C","precinct_name":"Chatham - 7-08C","precinct_norm":"CHATHAM - 7-08C","precinct_full_name":"Bloomingdale Community Center","has_polygon":true},"geometry":{"type":"Point","coordinates":[-81.34976816985994,32.092922]}},{"type":"Feature","properties":{"id":"2020-1214","county_nam":"Chatham","county_norm":"CHATHAM","prec_id":"7-16C","precinct_name":"Chatham - 7-16C","precinct_norm":"CHATHAM - 7-16C","precinct_full_name":"Pooler Recreation Center Gymnasium","has_polygon":true},"geometry":{"type":"Point","coordinates":[-81.27521753867171,32.060808]}},{"type":"Feature","properties":{"id":"2020-1215","county_nam":"Chatham","county_norm":"CHATHAM","prec_id":"7-12C","precinct_name":"Chatham - 7-12C","precinct_norm":"CHATHAM - 7-12C","precinct_full_name":"West Chatham Baptist Church","has_polygon":true},"geometry":{"type":"Point","coordinates":[-81.26407636239787,32.086307000000005]}},{"type":"Feature","properties":{"id":"2020-1216","county_nam":"Bryan","county_norm":"BRYAN","prec_id":"3","precinct_name":"Bryan - 3","precinct_norm":"BRYAN - 3","precinct_full_name":"Lanier","has_polygon":true},"geometry":{"type":"Point","coordinates":[-81.457485096053,32.160713]}},{"type":"Feature","properties":{"id":"2020-1217","county_nam":"Effingham","county_norm":"EFFINGHAM","prec_id":"1B","precinct_name":"Effingham - 1B","precinct_norm":"EFFINGHAM - 1B","precinct_full_name":"Sand Hill Baptist Church","has_polygon":true},"geometry":{"type":"Point","coordinates":[-81.39364477586207,32.229107]}},{"type":"Feature","properties":{"id":"2020-1218","county_nam":"Chatham","county_norm":"CHATHAM","prec_id":"6-11C","precinct_name":"Chatham - 6-11C","precinct_norm":"CHATHAM - 6-11C","precinct_full_name":"Coastal Ga Botanical Gardens","has_polygon":true},"geometry":{"type":"Point","coordinates":[-81.26572877433281,31.9892575]}},{"type":"Feature","properties":{"id":"2020-1219","county_nam":"Effingham","county_norm":"EFFINGHAM","prec_id":"1C","precinct_name":"Effingham - 1C","precinct_norm":"EFFINGHAM - 1C","precinct_full_name":"Meldrim Baptist Church","has_polygon":true},"geometry":{"type":"Point","coordinates":[-81.3731555041077,32.133230499999996]}},{"type":"Feature","properties":{"id":"2020-1220","county_nam":"Effingham","county_norm":"EFFINGHAM","prec_id":"1D","precinct_name":"Effingham - 1D","precinct_norm":"EFFINGHAM - 1D","precinct_full_name":"Faulkville Baptist Church","has_polygon":true},"geometry":{"type":"Point","coordinates":[-81.32819425313797,32.166289500000005]}},{"type":"Feature","properties":{"id":"2020-1221","county_nam":"Effingham","county_norm":"EFFINGHAM","prec_id":"1A","precinct_name":"Effingham - 1A","precinct_norm":"EFFINGHAM - 1A","precinct_full_name":"Zion Lutheran Church","has_polygon":true},"geometry":{"type":"Point","coordinates":[-81.35450527139209,32.202377999999996]}},{"type":"Feature","properties":{"id":"2020-1222","county_nam":"Effingham","county_norm":"EFFINGHAM","prec_id":"2A","precinct_name":"Effingham - 2A","precinct_norm":"EFFINGHAM - 2A","precinct_full_name":"Church Of Christ","has_polygon":true},"geometry":{"type":"Point","coordinates":[-81.29359562306406,32.1939]}},{"type":"Feature","properties":{"id":"2020-1223","county_nam":"Effingham","county_norm":"EFFINGHAM","prec_id":"3D","precinct_name":"Effingham - 3D","precinct_norm":"EFFINGHAM - 3D","precinct_full_name":"Pilgrim Baptist Association","has_polygon":true},"geometry":{"type":"Point","coordinates":[-81.41197222253635,32.347888499999996]}},{"type":"Feature","properties":{"id":"2020-1224","county_nam":"Chatham","county_norm":"CHATHAM","prec_id":"7-04C","precinct_name":"Chatham - 7-04C","precinct_norm":"CHATHAM - 7-04C","precinct_full_name":"Lake Shore Community Center","has_polygon":true},"geometry":{"type":"Point","coordinates":[-81.18040603802297,32.188932]}},{"type":"Feature","properties":{"id":"2020-1225","county_nam":"Chatham","county_norm":"CHATHAM","prec_id":"5-01C","precinct_name":"Chatham - 5-01C","precinct_norm":"CHATHAM - 5-01C","precinct_full_name":"Bartlett Middle School","has_polygon":true},"geometry":{"type":"Point","coordinates":[-81.11651614804185,31.9927365]}},{"type":"Feature","properties":{"id":"2020-1226","county_nam":"Chatham","county_norm":"CHATHAM","prec_id":"6-06C","precinct_name":"Chatham - 6-06C","precinct_norm":"CHATHAM - 6-06C","precinct_full_name":"The Light Church","has_polygon":true},"geometry":{"type":"Point","coordinates":[-81.10945403308575,31.9922465]}},{"type":"Feature","properties":{"id":"2020-1227","county_nam":"Chatham","county_norm":"CHATHAM","prec_id":"1-09C","precinct_name":"Chatham - 1-09C","precinct_norm":"CHATHAM - 1-09C","precinct_full_name":"Immanuel Baptist Church","has_polygon":true},"geometry":{"type":"Point","coordinates":[-81.11061733653429,32.005355]}},{"type":"Feature","properties":{"id":"2020-1228","county_nam":"Chatham","county_norm":"CHATHAM","prec_id":"5-05C","precinct_name":"Chatham - 5-05C","precinct_norm":"CHATHAM - 5-05C","precinct_full_name":"Liberty City Community Center","has_polygon":true},"geometry":{"type":"Point","coordinates":[-81.13088429485293,32.045055000000005]}},{"type":"Feature","properties":{"id":"2020-1229","county_nam":"Chatham","county_norm":"CHATHAM","prec_id":"5-10C","precinct_name":"Chatham - 5-10C","precinct_norm":"CHATHAM - 5-10C","precinct_full_name":"Jonesville Baptist Church","has_polygon":true},"geometry":{"type":"Point","coordinates":[-81.12100673841184,32.0357785]}},{"type":"Feature","properties":{"id":"2020-1230","county_nam":"Chatham","county_norm":"CHATHAM","prec_id":"1-06C","precinct_name":"Chatham - 1-06C","precinct_norm":"CHATHAM - 1-06C","precinct_full_name":"Central Church Of Christ","has_polygon":true},"geometry":{"type":"Point","coordinates":[-81.10506513396226,32.0200685]}},{"type":"Feature","properties":{"id":"2020-1231","county_nam":"Chatham","county_norm":"CHATHAM","prec_id":"7-05C","precinct_name":"Chatham - 7-05C","precinct_norm":"CHATHAM - 7-05C","precinct_full_name":"Woodlawn Baptist Church","has_polygon":true},"geometry":{"type":"Point","coordinates":[-81.17869434244353,32.0981245]}},{"type":"Feature","properties":{"id":"2020-1232","county_nam":"Chatham","county_norm":"CHATHAM","prec_id":"8-12C","precinct_name":"Chatham - 8-12C","precinct_norm":"CHATHAM - 8-12C","precinct_full_name":"Beach High School","has_polygon":true},"geometry":{"type":"Point","coordinates":[-81.14882615986377,32.0587035]}},{"type":"Feature","properties":{"id":"2020-1233","county_nam":"Chatham","county_norm":"CHATHAM","prec_id":"8-15C","precinct_name":"Chatham - 8-15C","precinct_norm":"CHATHAM - 8-15C","precinct_full_name":"Cooper Center","has_polygon":true},"geometry":{"type":"Point","coordinates":[-81.13859051767875,32.1103375]}},{"type":"Feature","properties":{"id":"2020-1234","county_nam":"Chatham","county_norm":"CHATHAM","prec_id":"7-07C","precinct_name":"Chatham - 7-07C","precinct_norm":"CHATHAM - 7-07C","precinct_full_name":"Rothwell Baptist Church","has_polygon":true},"geometry":{"type":"Point","coordinates":[-81.25882270936256,32.128026000000006]}},{"type":"Feature","properties":{"id":"2020-1235","county_nam":"Chatham","county_norm":"CHATHAM","prec_id":"8-16C","precinct_name":"Chatham - 8-16C","precinct_norm":"CHATHAM - 8-16C","precinct_full_name":"Mighty 8TH Museum","has_polygon":true},"geometry":{"type":"Point","coordinates":[-81.26138523908027,32.1555415]}},{"type":"Feature","properties":{"id":"2020-1236","county_nam":"Chatham","county_norm":"CHATHAM","prec_id":"5-06C","precinct_name":"Chatham - 5-06C","precinct_norm":"CHATHAM - 5-06C","precinct_full_name":"Seed Church","has_polygon":true},"geometry":{"type":"Point","coordinates":[-81.14224178443465,32.016789]}},{"type":"Feature","properties":{"id":"2020-1237","county_nam":"Chatham","county_norm":"CHATHAM","prec_id":"5-07C","precinct_name":"Chatham - 5-07C","precinct_norm":"CHATHAM - 5-07C","precinct_full_name":"Elks Lodge","has_polygon":true},"geometry":{"type":"Point","coordinates":[-81.14223849613815,31.983028]}},{"type":"Feature","properties":{"id":"2020-1238","county_nam":"Chatham","county_norm":"CHATHAM","prec_id":"5-08C","precinct_name":"Chatham - 5-08C","precinct_norm":"CHATHAM - 5-08C","precinct_full_name":"Savannah Primitive Baptist Church","has_polygon":true},"geometry":{"type":"Point","coordinates":[-81.14368606093899,31.989133000000002]}},{"type":"Feature","properties":{"id":"2020-1239","county_nam":"Chatham","county_norm":"CHATHAM","prec_id":"5-11C","precinct_name":"Chatham - 5-11C","precinct_norm":"CHATHAM - 5-11C","precinct_full_name":"Largo-Tibet Elementa","has_polygon":true},"geometry":{"type":"Point","coordinates":[-81.13742568005384,31.995746]}},{"type":"Feature","properties":{"id":"2020-1240","county_nam":"Chatham","county_norm":"CHATHAM","prec_id":"8-13C","precinct_name":"Chatham - 8-13C","precinct_norm":"CHATHAM - 8-13C","precinct_full_name":"Savannah Christian S","has_polygon":true},"geometry":{"type":"Point","coordinates":[-81.19288547238128,32.061251]}},{"type":"Feature","properties":{"id":"2020-1241","county_nam":"Chatham","county_norm":"CHATHAM","prec_id":"7-06C","precinct_name":"Chatham - 7-06C","precinct_norm":"CHATHAM - 7-06C","precinct_full_name":"1ST Baptist Church Of Pooler","has_polygon":true},"geometry":{"type":"Point","coordinates":[-81.23493638971914,32.0975465]}},{"type":"Feature","properties":{"id":"2020-1242","county_nam":"Chatham","county_norm":"CHATHAM","prec_id":"7-13C","precinct_name":"Chatham - 7-13C","precinct_norm":"CHATHAM - 7-13C","precinct_full_name":"Southside Fire Training Center","has_polygon":true},"geometry":{"type":"Point","coordinates":[-81.2249991317532,32.0583625]}},{"type":"Feature","properties":{"id":"2020-1243","county_nam":"Chatham","county_norm":"CHATHAM","prec_id":"8-03C","precinct_name":"Chatham - 8-03C","precinct_norm":"CHATHAM - 8-03C","precinct_full_name":"Silk Hope Baptist Church","has_polygon":true},"geometry":{"type":"Point","coordinates":[-81.17979054205152,32.025763]}},{"type":"Feature","properties":{"id":"2020-1244","county_nam":"Chatham","county_norm":"CHATHAM","prec_id":"6-08C","precinct_name":"Chatham - 6-08C","precinct_norm":"CHATHAM - 6-08C","precinct_full_name":"Christ Memorial Baptist Church","has_polygon":true},"geometry":{"type":"Point","coordinates":[-81.16661598395402,31.988554]}},{"type":"Feature","properties":{"id":"2020-1245","county_nam":"Chatham","county_norm":"CHATHAM","prec_id":"4-12C","precinct_name":"Chatham - 4-12C","precinct_norm":"CHATHAM - 4-12C","precinct_full_name":"St Peters Episcopal","has_polygon":true},"geometry":{"type":"Point","coordinates":[-80.96951941972932,31.91055]}},{"type":"Feature","properties":{"id":"2020-1246","county_nam":"Chatham","county_norm":"CHATHAM","prec_id":"4-10C","precinct_name":"Chatham - 4-10C","precinct_norm":"CHATHAM - 4-10C","precinct_full_name":"Burke Day Public Safety Building","has_polygon":true},"geometry":{"type":"Point","coordinates":[-80.86186942696395,31.964461]}},{"type":"Feature","properties":{"id":"2020-1247","county_nam":"Chatham","county_norm":"CHATHAM","prec_id":"7-14C","precinct_name":"Chatham - 7-14C","precinct_norm":"CHATHAM - 7-14C","precinct_full_name":"Coastal Cathedral","has_polygon":true},"geometry":{"type":"Point","coordinates":[-81.2342425662511,32.0395455]}},{"type":"Feature","properties":{"id":"2020-1248","county_nam":"Chatham","county_norm":"CHATHAM","prec_id":"7-10C","precinct_name":"Chatham - 7-10C","precinct_norm":"CHATHAM - 7-10C","precinct_full_name":"Progressive Recreation Center","has_polygon":true},"geometry":{"type":"Point","coordinates":[-81.21679880327869,32.0118325]}},{"type":"Feature","properties":{"id":"2020-1249","county_nam":"Chatham","county_norm":"CHATHAM","prec_id":"6-01C","precinct_name":"Chatham - 6-01C","precinct_norm":"CHATHAM - 6-01C","precinct_full_name":"White Bluff Presbyterian Church, PCUSA","has_polygon":true},"geometry":{"type":"Point","coordinates":[-81.12217882547748,31.980995999999998]}},{"type":"Feature","properties":{"id":"2020-1250","county_nam":"Chatham","county_norm":"CHATHAM","prec_id":"1-13C","precinct_name":"Chatham - 1-13C","precinct_norm":"CHATHAM - 1-13C","precinct_full_name":"The Sanctuary","has_polygon":true},"geometry":{"type":"Point","coordinates":[-81.10719388792205,31.9812525]}},{"type":"Feature","properties":{"id":"2020-1251","county_nam":"Chatham","county_norm":"CHATHAM","prec_id":"1-14C","precinct_name":"Chatham - 1-14C","precinct_norm":"CHATHAM - 1-14C","precinct_full_name":"St. Luke United Methodist Church","has_polygon":true},"geometry":{"type":"Point","coordinates":[-81.092126721814,31.974558000000002]}},{"type":"Feature","properties":{"id":"2020-1252","county_nam":"Chatham","county_norm":"CHATHAM","prec_id":"1-10C","precinct_name":"Chatham - 1-10C","precinct_norm":"CHATHAM - 1-10C","precinct_full_name":"St. Thomas Episcopal Church","has_polygon":true},"geometry":{"type":"Point","coordinates":[-81.0656893694943,31.969002500000002]}},{"type":"Feature","properties":{"id":"2020-1253","county_nam":"Chatham","county_norm":"CHATHAM","prec_id":"4-14C","precinct_name":"Chatham - 4-14C","precinct_norm":"CHATHAM - 4-14C","precinct_full_name":"Skidaway Island Methodist Church","has_polygon":true},"geometry":{"type":"Point","coordinates":[-81.03102517282767,31.900408]}},{"type":"Feature","properties":{"id":"2020-1254","county_nam":"Chatham","county_norm":"CHATHAM","prec_id":"4-15C","precinct_name":"Chatham - 4-15C","precinct_norm":"CHATHAM - 4-15C","precinct_full_name":"Skidaway Island Stat","has_polygon":true},"geometry":{"type":"Point","coordinates":[-81.04358649227333,31.9624305]}},{"type":"Feature","properties":{"id":"2020-1255","county_nam":"Chatham","county_norm":"CHATHAM","prec_id":"6-10C","precinct_name":"Chatham - 6-10C","precinct_norm":"CHATHAM - 6-10C","precinct_full_name":"Georgetown Elementary","has_polygon":true},"geometry":{"type":"Point","coordinates":[-81.08063213861494,31.845717]}},{"type":"Feature","properties":{"id":"2020-1256","county_nam":"Chatham","county_norm":"CHATHAM","prec_id":"4-13C","precinct_name":"Chatham - 4-13C","precinct_norm":"CHATHAM - 4-13C","precinct_full_name":"Skidaway Community Church","has_polygon":true},"geometry":{"type":"Point","coordinates":[-81.07607583289104,31.907377]}},{"type":"Feature","properties":{"id":"2020-1257","county_nam":"Chatham","county_norm":"CHATHAM","prec_id":"6-02C","precinct_name":"Chatham - 6-02C","precinct_norm":"CHATHAM - 6-02C","precinct_full_name":"Windsor Forest Baptist Church School","has_polygon":true},"geometry":{"type":"Point","coordinates":[-81.13150672035289,31.929947499999997]}},{"type":"Feature","properties":{"id":"2020-1258","county_nam":"Chatham","county_norm":"CHATHAM","prec_id":"1-16C","precinct_name":"Chatham - 1-16C","precinct_norm":"CHATHAM - 1-16C","precinct_full_name":"Ferguson Avenue Baptist Church","has_polygon":true},"geometry":{"type":"Point","coordinates":[-81.11472677838069,31.945780499999998]}},{"type":"Feature","properties":{"id":"2020-1259","county_nam":"Bryan","county_norm":"BRYAN","prec_id":"8","precinct_name":"Bryan - 8","precinct_norm":"BRYAN - 8","precinct_full_name":"New Beginnings","has_polygon":true},"geometry":{"type":"Point","coordinates":[-81.20844271759861,31.821905]}},{"type":"Feature","properties":{"id":"2020-1260","county_nam":"Chatham","county_norm":"CHATHAM","prec_id":"6-09C","precinct_name":"Chatham - 6-09C","precinct_norm":"CHATHAM - 6-09C","precinct_full_name":"Trinity Lutheran Church","has_polygon":true},"geometry":{"type":"Point","coordinates":[-81.16969045105421,31.963983499999998]}},{"type":"Feature","properties":{"id":"2020-1261","county_nam":"Chatham","county_norm":"CHATHAM","prec_id":"6-03C","precinct_name":"Chatham - 6-03C","precinct_norm":"CHATHAM - 6-03C","precinct_full_name":"Crusader Community Center","has_polygon":true},"geometry":{"type":"Point","coordinates":[-81.15676046039061,31.956577000000003]}},{"type":"Feature","properties":{"id":"2020-1262","county_nam":"Chatham","county_norm":"CHATHAM","prec_id":"6-05C","precinct_name":"Chatham - 6-05C","precinct_norm":"CHATHAM - 6-05C","precinct_full_name":"Windsor Hall","has_polygon":true},"geometry":{"type":"Point","coordinates":[-81.14200740535593,31.973997]}},{"type":"Feature","properties":{"id":"2020-1263","county_nam":"Liberty","county_norm":"LIBERTY","prec_id":"6","precinct_name":"Liberty - 6","precinct_norm":"LIBERTY - 6","precinct_full_name":"Fleming East","has_polygon":true},"geometry":{"type":"Point","coordinates":[-81.41854113994307,31.8491145]}},{"type":"Feature","properties":{"id":"2020-1264","county_nam":"Bryan","county_norm":"BRYAN","prec_id":"7","precinct_name":"Bryan - 7","precinct_norm":"BRYAN - 7","precinct_full_name":"Spirit Of Peace Lutheran Church","has_polygon":true},"geometry":{"type":"Point","coordinates":[-81.27831929374938,31.849665]}},{"type":"Feature","properties":{"id":"2020-1265","county_nam":"Bryan","county_norm":"BRYAN","prec_id":"10","precinct_name":"Bryan - 10","precinct_norm":"BRYAN - 10","precinct_full_name":"Daniel Siding","has_polygon":true},"geometry":{"type":"Point","coordinates":[-81.35629321696274,31.855677999999997]}},{"type":"Feature","properties":{"id":"2020-1266","county_nam":"Bryan","county_norm":"BRYAN","prec_id":"4","precinct_name":"Bryan - 4","precinct_norm":"BRYAN - 4","precinct_full_name":"First Baptist Church","has_polygon":true},"geometry":{"type":"Point","coordinates":[-81.35975628901734,31.9403905]}},{"type":"Feature","properties":{"id":"2020-1267","county_nam":"Liberty","county_norm":"LIBERTY","prec_id":"3","precinct_name":"Liberty - 3","precinct_norm":"LIBERTY - 3","precinct_full_name":"Liberty County Complex","has_polygon":true},"geometry":{"type":"Point","coordinates":[-81.16428526107786,31.6862295]}},{"type":"Feature","properties":{"id":"2020-1268","county_nam":"Liberty","county_norm":"LIBERTY","prec_id":"2","precinct_name":"Liberty - 2","precinct_norm":"LIBERTY - 2","precinct_full_name":"Hinesville","has_polygon":true},"geometry":{"type":"Point","coordinates":[-81.58707058313955,31.8554225]}},{"type":"Feature","properties":{"id":"2020-1269","county_nam":"Mcintosh","county_norm":"MCINTOSH","prec_id":"1480","precinct_name":"Mcintosh - 1480","precinct_norm":"MCINTOSH - 1480","precinct_full_name":"Townsend","has_polygon":true},"geometry":{"type":"Point","coordinates":[-81.4740479652692,31.6126765]}},{"type":"Feature","properties":{"id":"2020-1270","county_nam":"Liberty","county_norm":"LIBERTY","prec_id":"1","precinct_name":"Liberty - 1","precinct_norm":"LIBERTY - 1","precinct_full_name":"Riceboro Youth Center","has_polygon":true},"geometry":{"type":"Point","coordinates":[-81.37145477855725,31.6822845]}},{"type":"Feature","properties":{"id":"2020-1271","county_nam":"Effingham","county_norm":"EFFINGHAM","prec_id":"5C","precinct_name":"Effingham - 5C","precinct_norm":"EFFINGHAM - 5C","precinct_full_name":"Rincon First Christian Church","has_polygon":true},"geometry":{"type":"Point","coordinates":[-81.14855340951908,32.2887995]}},{"type":"Feature","properties":{"id":"2020-1272","county_nam":"Effingham","county_norm":"EFFINGHAM","prec_id":"4A","precinct_name":"Effingham - 4A","precinct_norm":"EFFINGHAM - 4A","precinct_full_name":"Springfield Methodist Family Life Center","has_polygon":true},"geometry":{"type":"Point","coordinates":[-81.24965507201571,32.377091]}},{"type":"Feature","properties":{"id":"2020-1273","county_nam":"Chatham","county_norm":"CHATHAM","prec_id":"4-08C","precinct_name":"Chatham - 4-08C","precinct_norm":"CHATHAM - 4-08C","precinct_full_name":"Wilmington Island Presbyterian Church, PCUSA","has_polygon":true},"geometry":{"type":"Point","coordinates":[-80.99297245050471,31.990713]}},{"type":"Feature","properties":{"id":"2020-1274","county_nam":"Chatham","county_norm":"CHATHAM","prec_id":"4-07C","precinct_name":"Chatham - 4-07C","precinct_norm":"CHATHAM - 4-07C","precinct_full_name":"Wilmington Island United Methodist Church","has_polygon":true},"geometry":{"type":"Point","coordinates":[-80.97105957271734,31.998733]}},{"type":"Feature","properties":{"id":"2020-1275","county_nam":"Chatham","county_norm":"CHATHAM","prec_id":"4-04C","precinct_name":"Chatham - 4-04C","precinct_norm":"CHATHAM - 4-04C","precinct_full_name":"Lighthouse Baptist Church","has_polygon":true},"geometry":{"type":"Point","coordinates":[-80.97815682280824,32.0285775]}},{"type":"Feature","properties":{"id":"2020-1276","county_nam":"Chatham","county_norm":"CHATHAM","prec_id":"7-11C","precinct_name":"Chatham - 7-11C","precinct_norm":"CHATHAM - 7-11C","precinct_full_name":"Savannah Fire Station #14","has_polygon":true},"geometry":{"type":"Point","coordinates":[-81.21391075907468,32.147682]}},{"type":"Feature","properties":{"id":"2020-1277","county_nam":"Effingham","county_norm":"EFFINGHAM","prec_id":"2B","precinct_name":"Effingham - 2B","precinct_norm":"EFFINGHAM - 2B","precinct_full_name":"St. Luke's Episcopal Church","has_polygon":true},"geometry":{"type":"Point","coordinates":[-81.22305411418117,32.2345785]}},{"type":"Feature","properties":{"id":"2020-1278","county_nam":"Chatham","county_norm":"CHATHAM","prec_id":"7-15C","precinct_name":"Chatham - 7-15C","precinct_norm":"CHATHAM - 7-15C","precinct_full_name":"Rice Creek School","has_polygon":true},"geometry":{"type":"Point","coordinates":[-81.1983213351758,32.2145485]}},{"type":"Feature","properties":{"id":"2020-1279","county_nam":"Chatham","county_norm":"CHATHAM","prec_id":"7-01C","precinct_name":"Chatham - 7-01C","precinct_norm":"CHATHAM - 7-01C","precinct_full_name":"First Baptist Church Of Garden City","has_polygon":true},"geometry":{"type":"Point","coordinates":[-81.16020459314058,32.120324]}},{"type":"Feature","properties":{"id":"2020-1280","county_nam":"Chatham","county_norm":"CHATHAM","prec_id":"7-03C","precinct_name":"Chatham - 7-03C","precinct_norm":"CHATHAM - 7-03C","precinct_full_name":"Pb Edwards Gymnasium","has_polygon":true},"geometry":{"type":"Point","coordinates":[-81.15975563861824,32.146665999999996]}},{"type":"Feature","properties":{"id":"2020-1281","county_nam":"Long","county_norm":"LONG","prec_id":"4","precinct_name":"Long - 4","precinct_norm":"LONG - 4","precinct_full_name":"North Ludowici","has_polygon":true},"geometry":{"type":"Point","coordinates":[-81.68271117036157,31.758798]}},{"type":"Feature","properties":{"id":"2020-1282","county_nam":"Long","county_norm":"LONG","prec_id":"3","precinct_name":"Long - 3","precinct_norm":"LONG - 3","precinct_full_name":"South Ludowici","has_polygon":true},"geometry":{"type":"Point","coordinates":[-81.64279859426307,31.730302000000002]}},{"type":"Feature","properties":{"id":"2020-1283","county_nam":"Liberty","county_norm":"LIBERTY","prec_id":"11","precinct_name":"Liberty - 11","precinct_norm":"LIBERTY - 11","precinct_full_name":"Lewis Frasier School","has_polygon":true},"geometry":{"type":"Point","coordinates":[-81.5749923617081,31.8331875]}},{"type":"Feature","properties":{"id":"2020-1284","county_nam":"Liberty","county_norm":"LIBERTY","prec_id":"7","precinct_name":"Liberty - 7","precinct_norm":"LIBERTY - 7","precinct_full_name":"Gum Branch","has_polygon":true},"geometry":{"type":"Point","coordinates":[-81.67833956103068,31.8438135]}},{"type":"Feature","properties":{"id":"2020-1285","county_nam":"Liberty","county_norm":"LIBERTY","prec_id":"4","precinct_name":"Liberty - 4","precinct_norm":"LIBERTY - 4","precinct_full_name":"Victory Baptist","has_polygon":true},"geometry":{"type":"Point","coordinates":[-81.63847315306211,31.793131]}},{"type":"Feature","properties":{"id":"2020-1286","county_nam":"Liberty","county_norm":"LIBERTY","prec_id":"10","precinct_name":"Liberty - 10","precinct_norm":"LIBERTY - 10","precinct_full_name":"Lyman Hall School","has_polygon":true},"geometry":{"type":"Point","coordinates":[-81.61631456251499,31.81405]}},{"type":"Feature","properties":{"id":"2020-1287","county_nam":"Liberty","county_norm":"LIBERTY","prec_id":"9","precinct_name":"Liberty - 9","precinct_norm":"LIBERTY - 9","precinct_full_name":"Progressive Church","has_polygon":true},"geometry":{"type":"Point","coordinates":[-81.61833086853589,31.8380555]}},{"type":"Feature","properties":{"id":"2020-1288","county_nam":"Liberty","county_norm":"LIBERTY","prec_id":"12","precinct_name":"Liberty - 12","precinct_norm":"LIBERTY - 12","precinct_full_name":"Memorial Drive East","has_polygon":true},"geometry":{"type":"Point","coordinates":[-81.60437720834096,31.827993]}},{"type":"Feature","properties":{"id":"2020-1289","county_nam":"Liberty","county_norm":"LIBERTY","prec_id":"14","precinct_name":"Liberty - 14","precinct_norm":"LIBERTY - 14","precinct_full_name":"Town Of Allenhurst","has_polygon":true},"geometry":{"type":"Point","coordinates":[-81.58006778740835,31.791779]}},{"type":"Feature","properties":{"id":"2020-1290","county_nam":"Bulloch","county_norm":"BULLOCH","prec_id":"5","precinct_name":"Bulloch - 5","precinct_norm":"BULLOCH - 5","precinct_full_name":"Stilson","has_polygon":true},"geometry":{"type":"Point","coordinates":[-81.53582003844271,32.296856000000005]}},{"type":"Feature","properties":{"id":"2020-1291","county_nam":"Bulloch","county_norm":"BULLOCH","prec_id":"16","precinct_name":"Bulloch - 16","precinct_norm":"BULLOCH - 16","precinct_full_name":"Leefield","has_polygon":true},"geometry":{"type":"Point","coordinates":[-81.58959397145011,32.4263735]}},{"type":"Feature","properties":{"id":"2020-1292","county_nam":"Bryan","county_norm":"BRYAN","prec_id":"1","precinct_name":"Bryan - 1","precinct_norm":"BRYAN - 1","precinct_full_name":"Harn Community Center","has_polygon":true},"geometry":{"type":"Point","coordinates":[-81.67276125498319,32.1482155]}},{"type":"Feature","properties":{"id":"2020-1293","county_nam":"Bulloch","county_norm":"BULLOCH","prec_id":"6","precinct_name":"Bulloch - 6","precinct_norm":"BULLOCH - 6","precinct_full_name":"Bay","has_polygon":true},"geometry":{"type":"Point","coordinates":[-81.6251593770822,32.2352875]}},{"type":"Feature","properties":{"id":"2020-1294","county_nam":"Bryan","county_norm":"BRYAN","prec_id":"2","precinct_name":"Bryan - 2","precinct_norm":"BRYAN - 2","precinct_full_name":"Olive Branch Baptist Church","has_polygon":true},"geometry":{"type":"Point","coordinates":[-81.52973259877342,32.160919]}},{"type":"Feature","properties":{"id":"2020-1295","county_nam":"Chatham","county_norm":"CHATHAM","prec_id":"8-07C","precinct_name":"Chatham - 8-07C","precinct_norm":"CHATHAM - 8-07C","precinct_full_name":"Woodville-Tompkins Technical Inst","has_polygon":true},"geometry":{"type":"Point","coordinates":[-81.12329996887391,32.1172775]}},{"type":"Feature","properties":{"id":"2020-1296","county_nam":"Effingham","county_norm":"EFFINGHAM","prec_id":"5B","precinct_name":"Effingham - 5B","precinct_norm":"EFFINGHAM - 5B","precinct_full_name":"Rincon Baptist Temple","has_polygon":true},"geometry":{"type":"Point","coordinates":[-81.20413769473095,32.2916315]}},{"type":"Feature","properties":{"id":"2020-1297","county_nam":"Effingham","county_norm":"EFFINGHAM","prec_id":"5A","precinct_name":"Effingham - 5A","precinct_norm":"EFFINGHAM - 5A","precinct_full_name":"Macomber Recreational Center","has_polygon":true},"geometry":{"type":"Point","coordinates":[-81.2086230741563,32.33809]}},{"type":"Feature","properties":{"id":"2020-1298","county_nam":"Chatham","county_norm":"CHATHAM","prec_id":"3-04C","precinct_name":"Chatham - 3-04C","precinct_norm":"CHATHAM - 3-04C","precinct_full_name":"First African Baptist Church","has_polygon":true},"geometry":{"type":"Point","coordinates":[-81.05789460109717,32.0557205]}},{"type":"Feature","properties":{"id":"2020-1299","county_nam":"Chatham","county_norm":"CHATHAM","prec_id":"3-03C","precinct_name":"Chatham - 3-03C","precinct_norm":"CHATHAM - 3-03C","precinct_full_name":"Savannah High School","has_polygon":true},"geometry":{"type":"Point","coordinates":[-81.04695644800441,32.0541895]}},{"type":"Feature","properties":{"id":"2020-1300","county_nam":"Chatham","county_norm":"CHATHAM","prec_id":"3-15C","precinct_name":"Chatham - 3-15C","precinct_norm":"CHATHAM - 3-15C","precinct_full_name":"Eli Whitney Complex","has_polygon":true},"geometry":{"type":"Point","coordinates":[-81.03543249643491,32.0714125]}},{"type":"Feature","properties":{"id":"2020-1301","county_nam":"Chatham","county_norm":"CHATHAM","prec_id":"3-09C","precinct_name":"Chatham - 3-09C","precinct_norm":"CHATHAM - 3-09C","precinct_full_name":"The Connexion Church","has_polygon":true},"geometry":{"type":"Point","coordinates":[-81.08227828272558,32.0184665]}},{"type":"Feature","properties":{"id":"2020-1302","county_nam":"Chatham","county_norm":"CHATHAM","prec_id":"3-08C","precinct_name":"Chatham - 3-08C","precinct_norm":"CHATHAM - 3-08C","precinct_full_name":"Jenkins High School","has_polygon":true},"geometry":{"type":"Point","coordinates":[-81.078901885436,32.025458]}},{"type":"Feature","properties":{"id":"2020-1303","county_nam":"Chatham","county_norm":"CHATHAM","prec_id":"3-10C","precinct_name":"Chatham - 3-10C","precinct_norm":"CHATHAM - 3-10C","precinct_full_name":"Bible Baptist Church","has_polygon":true},"geometry":{"type":"Point","coordinates":[-81.06684497517489,32.0294035]}},{"type":"Feature","properties":{"id":"2020-1304","county_nam":"Chatham","county_norm":"CHATHAM","prec_id":"2-09C","precinct_name":"Chatham - 2-09C","precinct_norm":"CHATHAM - 2-09C","precinct_full_name":"Salvation Army","has_polygon":true},"geometry":{"type":"Point","coordinates":[-81.07506577555581,32.046223499999996]}},{"type":"Feature","properties":{"id":"2020-1305","county_nam":"Chatham","county_norm":"CHATHAM","prec_id":"8-11C","precinct_name":"Chatham - 8-11C","precinct_norm":"CHATHAM - 8-11C","precinct_full_name":"Butler Elementary Sc","has_polygon":true},"geometry":{"type":"Point","coordinates":[-81.12730908141918,32.065411499999996]}},{"type":"Feature","properties":{"id":"2020-1306","county_nam":"Chatham","county_norm":"CHATHAM","prec_id":"8-10C","precinct_name":"Chatham - 8-10C","precinct_norm":"CHATHAM - 8-10C","precinct_full_name":"Carver Heights Community","has_polygon":true},"geometry":{"type":"Point","coordinates":[-81.12292822241483,32.074667000000005]}},{"type":"Feature","properties":{"id":"2020-1307","county_nam":"Chatham","county_norm":"CHATHAM","prec_id":"3-14C","precinct_name":"Chatham - 3-14C","precinct_norm":"CHATHAM - 3-14C","precinct_full_name":"Oglethorpe Charter Academy","has_polygon":true},"geometry":{"type":"Point","coordinates":[-81.06888602777838,32.003178000000005]}},{"type":"Feature","properties":{"id":"2020-1308","county_nam":"Chatham","county_norm":"CHATHAM","prec_id":"1-08C","precinct_name":"Chatham - 1-08C","precinct_norm":"CHATHAM - 1-08C","precinct_full_name":"Grace United Methodist Church","has_polygon":true},"geometry":{"type":"Point","coordinates":[-81.08936819389027,32.007003999999995]}},{"type":"Feature","properties":{"id":"2020-1309","county_nam":"Chatham","county_norm":"CHATHAM","prec_id":"3-11C","precinct_name":"Chatham - 3-11C","precinct_norm":"CHATHAM - 3-11C","precinct_full_name":"Southside Baptist Church","has_polygon":true},"geometry":{"type":"Point","coordinates":[-81.07426414824295,32.0089465]}},{"type":"Feature","properties":{"id":"2020-1310","county_nam":"Chatham","county_norm":"CHATHAM","prec_id":"1-05C","precinct_name":"Chatham - 1-05C","precinct_norm":"CHATHAM - 1-05C","precinct_full_name":"Jewish Educational Alliance","has_polygon":true},"geometry":{"type":"Point","coordinates":[-81.09997623243657,32.0342665]}},{"type":"Feature","properties":{"id":"2020-1311","county_nam":"Chatham","county_norm":"CHATHAM","prec_id":"1-01C","precinct_name":"Chatham - 1-01C","precinct_norm":"CHATHAM - 1-01C","precinct_full_name":"First Presbyterian Church, PCUSA","has_polygon":true},"geometry":{"type":"Point","coordinates":[-81.09506520177665,32.0466615]}},{"type":"Feature","properties":{"id":"2020-1312","county_nam":"Chatham","county_norm":"CHATHAM","prec_id":"2-11C","precinct_name":"Chatham - 2-11C","precinct_norm":"CHATHAM - 2-11C","precinct_full_name":"Coastal Cathedral Mission Campus","has_polygon":true},"geometry":{"type":"Point","coordinates":[-81.08830123524928,32.032371]}},{"type":"Feature","properties":{"id":"2020-1313","county_nam":"Chatham","county_norm":"CHATHAM","prec_id":"2-02C","precinct_name":"Chatham - 2-02C","precinct_norm":"CHATHAM - 2-02C","precinct_full_name":"River Pointe","has_polygon":true},"geometry":{"type":"Point","coordinates":[-81.08047099659191,32.0708935]}},{"type":"Feature","properties":{"id":"2020-1314","county_nam":"Chatham","county_norm":"CHATHAM","prec_id":"2-06C","precinct_name":"Chatham - 2-06C","precinct_norm":"CHATHAM - 2-06C","precinct_full_name":"Eli Whitney Complex","has_polygon":true},"geometry":{"type":"Point","coordinates":[-81.05446447457626,32.0694695]}},{"type":"Feature","properties":{"id":"2020-1315","county_nam":"Chatham","county_norm":"CHATHAM","prec_id":"3-01C","precinct_name":"Chatham - 3-01C","precinct_norm":"CHATHAM - 3-01C","precinct_full_name":"Old Courthouse","has_polygon":true},"geometry":{"type":"Point","coordinates":[-81.08064172171788,32.0882695]}},{"type":"Feature","properties":{"id":"2020-1316","county_nam":"Chatham","county_norm":"CHATHAM","prec_id":"3-02C","precinct_name":"Chatham - 3-02C","precinct_norm":"CHATHAM - 3-02C","precinct_full_name":"Temple Mickve Israel","has_polygon":true},"geometry":{"type":"Point","coordinates":[-81.0945583446861,32.072070499999995]}},{"type":"Feature","properties":{"id":"2020-1317","county_nam":"Chatham","county_norm":"CHATHAM","prec_id":"2-03C","precinct_name":"Chatham - 2-03C","precinct_norm":"CHATHAM - 2-03C","precinct_full_name":"W W Law Center","has_polygon":true},"geometry":{"type":"Point","coordinates":[-81.09006721664886,32.0642965]}},{"type":"Feature","properties":{"id":"2020-1318","county_nam":"Chatham","county_norm":"CHATHAM","prec_id":"2-04C","precinct_name":"Chatham - 2-04C","precinct_norm":"CHATHAM - 2-04C","precinct_full_name":"Fellowship Of Love Community Church","has_polygon":true},"geometry":{"type":"Point","coordinates":[-81.08060811950914,32.0558665]}},{"type":"Feature","properties":{"id":"2020-1319","county_nam":"Chatham","county_norm":"CHATHAM","prec_id":"2-07C","precinct_name":"Chatham - 2-07C","precinct_norm":"CHATHAM - 2-07C","precinct_full_name":"Christ Community Church At Morningside","has_polygon":true},"geometry":{"type":"Point","coordinates":[-81.070864379971,32.0603495]}},{"type":"Feature","properties":{"id":"2020-1320","county_nam":"Chatham","county_norm":"CHATHAM","prec_id":"5-03C","precinct_name":"Chatham - 5-03C","precinct_norm":"CHATHAM - 5-03C","precinct_full_name":"Butler Memorial Presbyterian Church Education Building, PCUSA","has_polygon":true},"geometry":{"type":"Point","coordinates":[-81.1124362656079,32.0505815]}},{"type":"Feature","properties":{"id":"2020-1321","county_nam":"Chatham","county_norm":"CHATHAM","prec_id":"8-06C","precinct_name":"Chatham - 8-06C","precinct_norm":"CHATHAM - 8-06C","precinct_full_name":"Tompkins Recreation Center","has_polygon":true},"geometry":{"type":"Point","coordinates":[-81.11474147727273,32.061681]}},{"type":"Feature","properties":{"id":"2020-1322","county_nam":"Chatham","county_norm":"CHATHAM","prec_id":"5-02C","precinct_name":"Chatham - 5-02C","precinct_norm":"CHATHAM - 5-02C","precinct_full_name":"Senior Citizen Center","has_polygon":true},"geometry":{"type":"Point","coordinates":[-81.10605226136228,32.047908]}},{"type":"Feature","properties":{"id":"2020-1323","county_nam":"Chatham","county_norm":"CHATHAM","prec_id":"8-05C","precinct_name":"Chatham - 8-05C","precinct_norm":"CHATHAM - 8-05C","precinct_full_name":"West Broad Street Ymca","has_polygon":true},"geometry":{"type":"Point","coordinates":[-81.1041117380368,32.066705]}},{"type":"Feature","properties":{"id":"2020-1324","county_nam":"Chatham","county_norm":"CHATHAM","prec_id":"8-08C","precinct_name":"Chatham - 8-08C","precinct_norm":"CHATHAM - 8-08C","precinct_full_name":"Resurrection Of Our Lord Catholic Church","has_polygon":true},"geometry":{"type":"Point","coordinates":[-81.12155353116111,32.0896205]}},{"type":"Feature","properties":{"id":"2020-1325","county_nam":"Chatham","county_norm":"CHATHAM","prec_id":"8-09C","precinct_name":"Chatham - 8-09C","precinct_norm":"CHATHAM - 8-09C","precinct_full_name":"Moses Jackson Center","has_polygon":true},"geometry":{"type":"Point","coordinates":[-81.11670449104051,32.083984]}},{"type":"Feature","properties":{"id":"2020-1326","county_nam":"Chatham","county_norm":"CHATHAM","prec_id":"8-01C","precinct_name":"Chatham - 8-01C","precinct_norm":"CHATHAM - 8-01C","precinct_full_name":"Ralph Mark Gilbert Civil Rights Museum","has_polygon":true},"geometry":{"type":"Point","coordinates":[-81.10390292557607,32.083862499999995]}},{"type":"Feature","properties":{"id":"2020-1327","county_nam":"Chatham","county_norm":"CHATHAM","prec_id":"2-12C","precinct_name":"Chatham - 2-12C","precinct_norm":"CHATHAM - 2-12C","precinct_full_name":"Williams Court Apts","has_polygon":true},"geometry":{"type":"Point","coordinates":[-81.09999091184932,32.055822]}},{"type":"Feature","properties":{"id":"2020-1328","county_nam":"Chatham","county_norm":"CHATHAM","prec_id":"8-02C","precinct_name":"Chatham - 8-02C","precinct_norm":"CHATHAM - 8-02C","precinct_full_name":"Hellenic Center","has_polygon":true},"geometry":{"type":"Point","coordinates":[-81.0995896939248,32.064502000000005]}},{"type":"Feature","properties":{"id":"2020-1329","county_nam":"Chatham","county_norm":"CHATHAM","prec_id":"2-05C","precinct_name":"Chatham - 2-05C","precinct_norm":"CHATHAM - 2-05C","precinct_full_name":"Holy Spirit Lutheran Church","has_polygon":true},"geometry":{"type":"Point","coordinates":[-81.0897094851631,32.052892]}},{"type":"Feature","properties":{"id":"2020-1330","county_nam":"Union","county_norm":"UNION","prec_id":"11","precinct_name":"Union - 11","precinct_norm":"UNION - 11","precinct_full_name":"Choestoe","has_polygon":true},"geometry":{"type":"Point","coordinates":[-83.87340997857142,34.785206]}},{"type":"Feature","properties":{"id":"2020-1331","county_nam":"Union","county_norm":"UNION","prec_id":"6","precinct_name":"Union - 6","precinct_norm":"UNION - 6","precinct_full_name":"Trackrock","has_polygon":true},"geometry":{"type":"Point","coordinates":[-83.87345685714286,34.8686755]}},{"type":"Feature","properties":{"id":"2020-1332","county_nam":"White","county_norm":"WHITE","prec_id":"051","precinct_name":"White - 051","precinct_norm":"WHITE - 051","precinct_full_name":"Mount Yonah","has_polygon":true},"geometry":{"type":"Point","coordinates":[-83.73301291491985,34.614362]}},{"type":"Feature","properties":{"id":"2020-1333","county_nam":"Newton","county_norm":"NEWTON","prec_id":"02","precinct_name":"Newton - 02","precinct_norm":"NEWTON - 02","precinct_full_name":"Town","has_polygon":true},"geometry":{"type":"Point","coordinates":[-83.88695065795885,33.612955]}},{"type":"Feature","properties":{"id":"2020-1334","county_nam":"Newton","county_norm":"NEWTON","prec_id":"12","precinct_name":"Newton - 12","precinct_norm":"NEWTON - 12","precinct_full_name":"Gum Creek","has_polygon":true},"geometry":{"type":"Point","coordinates":[-83.88539685424028,33.6857665]}},{"type":"Feature","properties":{"id":"2020-1335","county_nam":"Walton","county_norm":"WALTON","prec_id":"422","precinct_name":"Walton - 422","precinct_norm":"WALTON - 422","precinct_full_name":"West Walton","has_polygon":true},"geometry":{"type":"Point","coordinates":[-83.93504652729118,33.7823255]}},{"type":"Feature","properties":{"id":"2020-1336","county_nam":"Gwinnett","county_norm":"GWINNETT","prec_id":"052","precinct_name":"Gwinnett - 052","precinct_norm":"GWINNETT - 052","precinct_full_name":"Berkshire G","has_polygon":true},"geometry":{"type":"Point","coordinates":[-84.13547574439775,33.8469045]}},{"type":"Feature","properties":{"id":"2020-1337","county_nam":"Gwinnett","county_norm":"GWINNETT","prec_id":"118","precinct_name":"Gwinnett - 118","precinct_norm":"GWINNETT - 118","precinct_full_name":"Garners F","has_polygon":true},"geometry":{"type":"Point","coordinates":[-84.12605296767971,33.8346795]}},{"type":"Feature","properties":{"id":"2020-1338","county_nam":"Gwinnett","county_norm":"GWINNETT","prec_id":"112","precinct_name":"Gwinnett - 112","precinct_norm":"GWINNETT - 112","precinct_full_name":"Berkshire N","has_polygon":true},"geometry":{"type":"Point","coordinates":[-84.14544685946586,33.856777]}},{"type":"Feature","properties":{"id":"2020-1339","county_nam":"Hall","county_norm":"HALL","prec_id":"020","precinct_name":"Hall - 020","precinct_norm":"HALL - 020","precinct_full_name":"West Whelchel","has_polygon":true},"geometry":{"type":"Point","coordinates":[-83.8600478908524,34.358759]}},{"type":"Feature","properties":{"id":"2020-1340","county_nam":"Hall","county_norm":"HALL","prec_id":"027","precinct_name":"Hall - 027","precinct_norm":"HALL - 027","precinct_full_name":"Big Hickory","has_polygon":true},"geometry":{"type":"Point","coordinates":[-83.86275816770186,34.417545000000004]}},{"type":"Feature","properties":{"id":"2020-1341","county_nam":"Hall","county_norm":"HALL","prec_id":"019","precinct_name":"Hall - 019","precinct_norm":"HALL - 019","precinct_full_name":"Whelchel","has_polygon":true},"geometry":{"type":"Point","coordinates":[-83.79276730094153,34.371800500000006]}},{"type":"Feature","properties":{"id":"2020-1342","county_nam":"Hall","county_norm":"HALL","prec_id":"015","precinct_name":"Hall - 015","precinct_norm":"HALL - 015","precinct_full_name":"Quillians","has_polygon":true},"geometry":{"type":"Point","coordinates":[-83.80518724247554,34.441943499999994]}},{"type":"Feature","properties":{"id":"2020-1343","county_nam":"Hall","county_norm":"HALL","prec_id":"002","precinct_name":"Hall - 002","precinct_norm":"HALL - 002","precinct_full_name":"Chicopee","has_polygon":true},"geometry":{"type":"Point","coordinates":[-83.85938028902953,34.254382]}},{"type":"Feature","properties":{"id":"2020-1344","county_nam":"Hall","county_norm":"HALL","prec_id":"023","precinct_name":"Hall - 023","precinct_norm":"HALL - 023","precinct_full_name":"Gainesville Iii","has_polygon":true},"geometry":{"type":"Point","coordinates":[-83.86407093713326,34.3007195]}},{"type":"Feature","properties":{"id":"2020-1345","county_nam":"Gwinnett","county_norm":"GWINNETT","prec_id":"039","precinct_name":"Gwinnett - 039","precinct_norm":"GWINNETT - 039","precinct_full_name":"Duncans D","has_polygon":true},"geometry":{"type":"Point","coordinates":[-83.84575721744633,34.101226499999996]}},{"type":"Feature","properties":{"id":"2020-1346","county_nam":"Hall","county_norm":"HALL","prec_id":"028","precinct_name":"Hall - 028","precinct_norm":"HALL - 028","precinct_full_name":"Friendship I","has_polygon":true},"geometry":{"type":"Point","coordinates":[-83.85082276752462,34.1242465]}},{"type":"Feature","properties":{"id":"2020-1347","county_nam":"Hall","county_norm":"HALL","prec_id":"008","precinct_name":"Hall - 008","precinct_norm":"HALL - 008","precinct_full_name":"Morgan I","has_polygon":true},"geometry":{"type":"Point","coordinates":[-83.82543274433907,34.160373500000006]}},{"type":"Feature","properties":{"id":"2020-1348","county_nam":"Hall","county_norm":"HALL","prec_id":"009","precinct_name":"Hall - 009","precinct_norm":"HALL - 009","precinct_full_name":"Morgan Ii","has_polygon":true},"geometry":{"type":"Point","coordinates":[-83.86170853394707,34.201088]}},{"type":"Feature","properties":{"id":"2020-1349","county_nam":"Gwinnett","county_norm":"GWINNETT","prec_id":"108","precinct_name":"Gwinnett - 108","precinct_norm":"GWINNETT - 108","precinct_full_name":"Baycreek E","has_polygon":true},"geometry":{"type":"Point","coordinates":[-83.93983874522293,33.8456005]}},{"type":"Feature","properties":{"id":"2020-1350","county_nam":"Gwinnett","county_norm":"GWINNETT","prec_id":"145","precinct_name":"Gwinnett - 145","precinct_norm":"GWINNETT - 145","precinct_full_name":"Baycreek G","has_polygon":true},"geometry":{"type":"Point","coordinates":[-83.93223235970098,33.864833000000004]}},{"type":"Feature","properties":{"id":"2020-1351","county_nam":"Walton","county_norm":"WALTON","prec_id":"421","precinct_name":"Walton - 421","precinct_norm":"WALTON - 421","precinct_full_name":"Loganville South","has_polygon":true},"geometry":{"type":"Point","coordinates":[-83.91482119985022,33.8223985]}},{"type":"Feature","properties":{"id":"2020-1352","county_nam":"Gwinnett","county_norm":"GWINNETT","prec_id":"146","precinct_name":"Gwinnett - 146","precinct_norm":"GWINNETT - 146","precinct_full_name":"Baycreek H","has_polygon":true},"geometry":{"type":"Point","coordinates":[-83.89853287345615,33.879146]}},{"type":"Feature","properties":{"id":"2020-1353","county_nam":"Gwinnett","county_norm":"GWINNETT","prec_id":"091","precinct_name":"Gwinnett - 091","precinct_norm":"GWINNETT - 091","precinct_full_name":"Baycreek D","has_polygon":true},"geometry":{"type":"Point","coordinates":[-83.94101682323546,33.9082685]}},{"type":"Feature","properties":{"id":"2020-1354","county_nam":"Gwinnett","county_norm":"GWINNETT","prec_id":"147","precinct_name":"Gwinnett - 147","precinct_norm":"GWINNETT - 147","precinct_full_name":"Baycreek I","has_polygon":true},"geometry":{"type":"Point","coordinates":[-83.9410764707828,33.929007]}},{"type":"Feature","properties":{"id":"2020-1355","county_nam":"Gwinnett","county_norm":"GWINNETT","prec_id":"080","precinct_name":"Gwinnett - 080","precinct_norm":"GWINNETT - 080","precinct_full_name":"Baycreek C","has_polygon":true},"geometry":{"type":"Point","coordinates":[-83.90787647727548,33.914559]}},{"type":"Feature","properties":{"id":"2020-1356","county_nam":"Gwinnett","county_norm":"GWINNETT","prec_id":"090","precinct_name":"Gwinnett - 090","precinct_norm":"GWINNETT - 090","precinct_full_name":"Lawrenceville I","has_polygon":true},"geometry":{"type":"Point","coordinates":[-83.99748037554062,33.984069500000004]}},{"type":"Feature","properties":{"id":"2020-1357","county_nam":"Gwinnett","county_norm":"GWINNETT","prec_id":"085","precinct_name":"Gwinnett - 085","precinct_norm":"GWINNETT - 085","precinct_full_name":"Lawrenceville H","has_polygon":true},"geometry":{"type":"Point","coordinates":[-84.00196652312633,34.0014815]}},{"type":"Feature","properties":{"id":"2020-1358","county_nam":"Gwinnett","county_norm":"GWINNETT","prec_id":"132","precinct_name":"Gwinnett - 132","precinct_norm":"GWINNETT - 132","precinct_full_name":"Lawrenceville K","has_polygon":true},"geometry":{"type":"Point","coordinates":[-83.99707466604396,34.013222]}},{"type":"Feature","properties":{"id":"2020-1359","county_nam":"Gwinnett","county_norm":"GWINNETT","prec_id":"060","precinct_name":"Gwinnett - 060","precinct_norm":"GWINNETT - 060","precinct_full_name":"Lawrenceville D","has_polygon":true},"geometry":{"type":"Point","coordinates":[-83.98263184370794,33.9617395]}},{"type":"Feature","properties":{"id":"2020-1360","county_nam":"Gwinnett","county_norm":"GWINNETT","prec_id":"042","precinct_name":"Gwinnett - 042","precinct_norm":"GWINNETT - 042","precinct_full_name":"Lawrenceville C","has_polygon":true},"geometry":{"type":"Point","coordinates":[-83.97091951886793,33.995431499999995]}},{"type":"Feature","properties":{"id":"2020-1361","county_nam":"Gwinnett","county_norm":"GWINNETT","prec_id":"003","precinct_name":"Gwinnett - 003","precinct_norm":"GWINNETT - 003","precinct_full_name":"Dacula","has_polygon":true},"geometry":{"type":"Point","coordinates":[-83.90885677888053,33.988862499999996]}},{"type":"Feature","properties":{"id":"2020-1362","county_nam":"Gwinnett","county_norm":"GWINNETT","prec_id":"152","precinct_name":"Gwinnett - 152","precinct_norm":"GWINNETT - 152","precinct_full_name":"Rockycreek C","has_polygon":true},"geometry":{"type":"Point","coordinates":[-83.92424066665627,34.018924999999996]}},{"type":"Feature","properties":{"id":"2020-1363","county_nam":"Gwinnett","county_norm":"GWINNETT","prec_id":"137","precinct_name":"Gwinnett - 137","precinct_norm":"GWINNETT - 137","precinct_full_name":"Rockycreek B","has_polygon":true},"geometry":{"type":"Point","coordinates":[-83.93182357597546,34.036606500000005]}},{"type":"Feature","properties":{"id":"2020-1364","county_nam":"Gwinnett","county_norm":"GWINNETT","prec_id":"154","precinct_name":"Gwinnett - 154","precinct_norm":"GWINNETT - 154","precinct_full_name":"Pucketts D","has_polygon":true},"geometry":{"type":"Point","coordinates":[-83.9312009793588,34.0723135]}},{"type":"Feature","properties":{"id":"2020-1365","county_nam":"Gwinnett","county_norm":"GWINNETT","prec_id":"008","precinct_name":"Gwinnett - 008","precinct_norm":"GWINNETT - 008","precinct_full_name":"Duncans A","has_polygon":true},"geometry":{"type":"Point","coordinates":[-83.9153506121988,34.057156]}},{"type":"Feature","properties":{"id":"2020-1366","county_nam":"Gwinnett","county_norm":"GWINNETT","prec_id":"013","precinct_name":"Gwinnett - 013","precinct_norm":"GWINNETT - 013","precinct_full_name":"Duncans C","has_polygon":true},"geometry":{"type":"Point","coordinates":[-83.88880775359836,34.054292000000004]}},{"type":"Feature","properties":{"id":"2020-1367","county_nam":"Fulton","county_norm":"FULTON","prec_id":"RW09A","precinct_name":"Fulton - RW09A","precinct_norm":"FULTON - RW09A","precinct_full_name":"RW09A","has_polygon":true},"geometry":{"type":"Point","coordinates":[-84.40755473430931,34.1010665]}},{"type":"Feature","properties":{"id":"2020-1368","county_nam":"Cherokee","county_norm":"CHEROKEE","prec_id":"028","precinct_name":"Cherokee - 028","precinct_norm":"CHEROKEE - 028","precinct_full_name":"Mountain Road","has_polygon":true},"geometry":{"type":"Point","coordinates":[-84.39246330421409,34.1390655]}},{"type":"Feature","properties":{"id":"2020-1369","county_nam":"Gwinnett","county_norm":"GWINNETT","prec_id":"133","precinct_name":"Gwinnett - 133","precinct_norm":"GWINNETT - 133","precinct_full_name":"Harbins B","has_polygon":true},"geometry":{"type":"Point","coordinates":[-83.86551043528333,33.981921]}},{"type":"Feature","properties":{"id":"2020-1370","county_nam":"Gwinnett","county_norm":"GWINNETT","prec_id":"028","precinct_name":"Gwinnett - 028","precinct_norm":"GWINNETT - 028","precinct_full_name":"Rockycreek A","has_polygon":true},"geometry":{"type":"Point","coordinates":[-83.88247731385745,34.032285]}},{"type":"Feature","properties":{"id":"2020-1371","county_nam":"Gwinnett","county_norm":"GWINNETT","prec_id":"129","precinct_name":"Gwinnett - 129","precinct_norm":"GWINNETT - 129","precinct_full_name":"Duncans B","has_polygon":true},"geometry":{"type":"Point","coordinates":[-83.86975613427401,34.066434]}},{"type":"Feature","properties":{"id":"2020-1372","county_nam":"Barrow","county_norm":"BARROW","prec_id":"03","precinct_name":"Barrow - 03","precinct_norm":"BARROW - 03","precinct_full_name":"Hmong New Hope Alliance Church","has_polygon":true},"geometry":{"type":"Point","coordinates":[-83.82403179882559,34.024017]}},{"type":"Feature","properties":{"id":"2020-1373","county_nam":"Barrow","county_norm":"BARROW","prec_id":"04","precinct_name":"Barrow - 04","precinct_norm":"BARROW - 04","precinct_full_name":"Covenant Life Sanctuary","has_polygon":true},"geometry":{"type":"Point","coordinates":[-83.79276410426131,33.993308]}},{"type":"Feature","properties":{"id":"2020-1374","county_nam":"Hall","county_norm":"HALL","prec_id":"006","precinct_name":"Hall - 006","precinct_norm":"HALL - 006","precinct_full_name":"Flowery Branch Ii","has_polygon":true},"geometry":{"type":"Point","coordinates":[-83.96101107882558,34.1813725]}},{"type":"Feature","properties":{"id":"2020-1375","county_nam":"Gwinnett","county_norm":"GWINNETT","prec_id":"009","precinct_name":"Gwinnett - 009","precinct_norm":"GWINNETT - 009","precinct_full_name":"Pucketts A","has_polygon":true},"geometry":{"type":"Point","coordinates":[-83.94407716758474,34.110532500000005]}},{"type":"Feature","properties":{"id":"2020-1376","county_nam":"Gwinnett","county_norm":"GWINNETT","prec_id":"135","precinct_name":"Gwinnett - 135","precinct_norm":"GWINNETT - 135","precinct_full_name":"Pucketts C","has_polygon":true},"geometry":{"type":"Point","coordinates":[-83.91609760663324,34.0971335]}},{"type":"Feature","properties":{"id":"2020-1377","county_nam":"Hall","county_norm":"HALL","prec_id":"029","precinct_name":"Hall - 029","precinct_norm":"HALL - 029","precinct_full_name":"Friendship Ii","has_polygon":true},"geometry":{"type":"Point","coordinates":[-83.93241591389993,34.135798]}},{"type":"Feature","properties":{"id":"2020-1378","county_nam":"Hall","county_norm":"HALL","prec_id":"005","precinct_name":"Hall - 005","precinct_norm":"HALL - 005","precinct_full_name":"Flowery Branch I","has_polygon":true},"geometry":{"type":"Point","coordinates":[-83.94969155823192,34.208523]}},{"type":"Feature","properties":{"id":"2020-1379","county_nam":"Hall","county_norm":"HALL","prec_id":"031","precinct_name":"Hall - 031","precinct_norm":"HALL - 031","precinct_full_name":"Friendship Iv","has_polygon":true},"geometry":{"type":"Point","coordinates":[-83.90387876468824,34.1519375]}},{"type":"Feature","properties":{"id":"2020-1380","county_nam":"Hall","county_norm":"HALL","prec_id":"030","precinct_name":"Hall - 030","precinct_norm":"HALL - 030","precinct_full_name":"Friendship Iii","has_polygon":true},"geometry":{"type":"Point","coordinates":[-83.89468911770797,34.170010500000004]}},{"type":"Feature","properties":{"id":"2020-1381","county_nam":"Forsyth","county_norm":"FORSYTH","prec_id":"04","precinct_name":"Forsyth - 04","precinct_norm":"FORSYTH - 04","precinct_full_name":"Chestatee","has_polygon":true},"geometry":{"type":"Point","coordinates":[-83.98733470806242,34.279123]}},{"type":"Feature","properties":{"id":"2020-1382","county_nam":"Hall","county_norm":"HALL","prec_id":"004","precinct_name":"Hall - 004","precinct_norm":"HALL - 004","precinct_full_name":"Oakwood Ii","has_polygon":true},"geometry":{"type":"Point","coordinates":[-83.92234628878307,34.236345]}},{"type":"Feature","properties":{"id":"2020-1383","county_nam":"Walton","county_norm":"WALTON","prec_id":"417","precinct_name":"Walton - 417","precinct_norm":"WALTON - 417","precinct_full_name":"Loganville Central","has_polygon":true},"geometry":{"type":"Point","coordinates":[-83.85297903523804,33.829826]}},{"type":"Feature","properties":{"id":"2020-1384","county_nam":"Walton","county_norm":"WALTON","prec_id":"424","precinct_name":"Walton - 424","precinct_norm":"WALTON - 424","precinct_full_name":"Bay Creek","has_polygon":true},"geometry":{"type":"Point","coordinates":[-83.8202478772076,33.8441385]}},{"type":"Feature","properties":{"id":"2020-1385","county_nam":"Gwinnett","county_norm":"GWINNETT","prec_id":"001","precinct_name":"Gwinnett - 001","precinct_norm":"GWINNETT - 001","precinct_full_name":"Harbins A","has_polygon":true},"geometry":{"type":"Point","coordinates":[-83.86162421922246,33.9400015]}},{"type":"Feature","properties":{"id":"2020-1386","county_nam":"Gwinnett","county_norm":"GWINNETT","prec_id":"151","precinct_name":"Gwinnett - 151","precinct_norm":"GWINNETT - 151","precinct_full_name":"Harbins C","has_polygon":true},"geometry":{"type":"Point","coordinates":[-83.81697020085994,33.9237855]}},{"type":"Feature","properties":{"id":"2020-1387","county_nam":"Walton","county_norm":"WALTON","prec_id":"1663","precinct_name":"Walton - 1663","precinct_norm":"WALTON - 1663","precinct_full_name":"Bold Springs","has_polygon":true},"geometry":{"type":"Point","coordinates":[-83.80658353075589,33.891463]}},{"type":"Feature","properties":{"id":"2020-1388","county_nam":"Walton","county_norm":"WALTON","prec_id":"416","precinct_name":"Walton - 416","precinct_norm":"WALTON - 416","precinct_full_name":"Walnut Grove","has_polygon":true},"geometry":{"type":"Point","coordinates":[-83.82739819160447,33.7356065]}},{"type":"Feature","properties":{"id":"2020-1389","county_nam":"Walton","county_norm":"WALTON","prec_id":"423","precinct_name":"Walton - 423","precinct_norm":"WALTON - 423","precinct_full_name":"Broken Arrow","has_polygon":true},"geometry":{"type":"Point","coordinates":[-83.85957806111517,33.762890999999996]}},{"type":"Feature","properties":{"id":"2020-1390","county_nam":"Walton","county_norm":"WALTON","prec_id":"427","precinct_name":"Walton - 427","precinct_norm":"WALTON - 427","precinct_full_name":"Tara","has_polygon":true},"geometry":{"type":"Point","coordinates":[-83.87488742259823,33.799212999999995]}},{"type":"Feature","properties":{"id":"2020-1391","county_nam":"Walton","county_norm":"WALTON","prec_id":"502","precinct_name":"Walton - 502","precinct_norm":"WALTON - 502","precinct_full_name":"Jersey","has_polygon":true},"geometry":{"type":"Point","coordinates":[-83.79648219149504,33.701233]}},{"type":"Feature","properties":{"id":"2020-1392","county_nam":"Walton","county_norm":"WALTON","prec_id":"415","precinct_name":"Walton - 415","precinct_norm":"WALTON - 415","precinct_full_name":"Between","has_polygon":true},"geometry":{"type":"Point","coordinates":[-83.80574867602856,33.8049045]}},{"type":"Feature","properties":{"id":"2020-1393","county_nam":"Hall","county_norm":"HALL","prec_id":"003","precinct_name":"Hall - 003","precinct_norm":"HALL - 003","precinct_full_name":"Oakwood I","has_polygon":true},"geometry":{"type":"Point","coordinates":[-83.88365621891342,34.2226175]}},{"type":"Feature","properties":{"id":"2020-1394","county_nam":"Hall","county_norm":"HALL","prec_id":"001","precinct_name":"Hall - 001","precinct_norm":"HALL - 001","precinct_full_name":"Wilson","has_polygon":true},"geometry":{"type":"Point","coordinates":[-83.90788198555343,34.2707275]}},{"type":"Feature","properties":{"id":"2020-1395","county_nam":"Hall","county_norm":"HALL","prec_id":"018","precinct_name":"Hall - 018","precinct_norm":"HALL - 018","precinct_full_name":"Fork","has_polygon":true},"geometry":{"type":"Point","coordinates":[-83.916582420846,34.3139985]}},{"type":"Feature","properties":{"id":"2020-1396","county_nam":"Dawson","county_norm":"DAWSON","prec_id":"03","precinct_name":"Dawson - 03","precinct_norm":"DAWSON - 03","precinct_full_name":"East","has_polygon":true},"geometry":{"type":"Point","coordinates":[-84.00163365354398,34.3780795]}},{"type":"Feature","properties":{"id":"2020-1397","county_nam":"Hall","county_norm":"HALL","prec_id":"017","precinct_name":"Hall - 017","precinct_norm":"HALL - 017","precinct_full_name":"Chestatee","has_polygon":true},"geometry":{"type":"Point","coordinates":[-83.91155210602354,34.3555335]}},{"type":"Feature","properties":{"id":"2020-1398","county_nam":"Hall","county_norm":"HALL","prec_id":"016","precinct_name":"Hall - 016","precinct_norm":"HALL - 016","precinct_full_name":"Bark Camp","has_polygon":true},"geometry":{"type":"Point","coordinates":[-83.93171897863247,34.398772]}},{"type":"Feature","properties":{"id":"2020-1399","county_nam":"Newton","county_norm":"NEWTON","prec_id":"01","precinct_name":"Newton - 01","precinct_norm":"NEWTON - 01","precinct_full_name":"City Pond","has_polygon":true},"geometry":{"type":"Point","coordinates":[-83.84218861410349,33.625202]}},{"type":"Feature","properties":{"id":"2020-1400","county_nam":"Newton","county_norm":"NEWTON","prec_id":"17","precinct_name":"Newton - 17","precinct_norm":"NEWTON - 17","precinct_full_name":"Oxford","has_polygon":true},"geometry":{"type":"Point","coordinates":[-83.83969698163588,33.6571305]}},{"type":"Feature","properties":{"id":"2020-1401","county_nam":"Lumpkin","county_norm":"LUMPKIN","prec_id":"DA","precinct_name":"Lumpkin - DA","precinct_norm":"LUMPKIN - DA","precinct_full_name":"Dahlonega","has_polygon":true},"geometry":{"type":"Point","coordinates":[-84.02684639926683,34.5799195]}},{"type":"Feature","properties":{"id":"2020-1402","county_nam":"Murray","county_norm":"MURRAY","prec_id":"1291","precinct_name":"Murray - 1291","precinct_norm":"MURRAY - 1291","precinct_full_name":"Southwest","has_polygon":true},"geometry":{"type":"Point","coordinates":[-84.8315507992564,34.6743495]}},{"type":"Feature","properties":{"id":"2020-1403","county_nam":"Union","county_norm":"UNION","prec_id":"5","precinct_name":"Union - 5","precinct_norm":"UNION - 5","precinct_full_name":"Suches","has_polygon":true},"geometry":{"type":"Point","coordinates":[-84.03940244667521,34.723038]}},{"type":"Feature","properties":{"id":"2020-1404","county_nam":"Union","county_norm":"UNION","prec_id":"2","precinct_name":"Union - 2","precinct_norm":"UNION - 2","precinct_full_name":"Jones Creek","has_polygon":true},"geometry":{"type":"Point","coordinates":[-84.10129202259616,34.837154]}},{"type":"Feature","properties":{"id":"2020-1405","county_nam":"Union","county_norm":"UNION","prec_id":"10","precinct_name":"Union - 10","precinct_norm":"UNION - 10","precinct_full_name":"Coosa","has_polygon":true},"geometry":{"type":"Point","coordinates":[-84.02232716113744,34.827418]}},{"type":"Feature","properties":{"id":"2020-1406","county_nam":"Union","county_norm":"UNION","prec_id":"3","precinct_name":"Union - 3","precinct_norm":"UNION - 3","precinct_full_name":"Owltown","has_polygon":true},"geometry":{"type":"Point","coordinates":[-83.9415216876442,34.81009950000001]}},{"type":"Feature","properties":{"id":"2020-1407","county_nam":"Union","county_norm":"UNION","prec_id":"7","precinct_name":"Union - 7","precinct_norm":"UNION - 7","precinct_full_name":"Dooley","has_polygon":true},"geometry":{"type":"Point","coordinates":[-84.1322563466293,34.93727]}},{"type":"Feature","properties":{"id":"2020-1408","county_nam":"Union","county_norm":"UNION","prec_id":"9","precinct_name":"Union - 9","precinct_norm":"UNION - 9","precinct_full_name":"Pat Colwell","has_polygon":true},"geometry":{"type":"Point","coordinates":[-84.06466104578888,34.901814]}},{"type":"Feature","properties":{"id":"2020-1409","county_nam":"White","county_norm":"WHITE","prec_id":"031","precinct_name":"White - 031","precinct_norm":"WHITE - 031","precinct_full_name":"Helen","has_polygon":true},"geometry":{"type":"Point","coordinates":[-83.73182632860102,34.696758]}},{"type":"Feature","properties":{"id":"2020-1410","county_nam":"White","county_norm":"WHITE","prec_id":"011","precinct_name":"White - 011","precinct_norm":"WHITE - 011","precinct_full_name":"Blue Creek","has_polygon":true},"geometry":{"type":"Point","coordinates":[-83.67104615665299,34.630182000000005]}},{"type":"Feature","properties":{"id":"2020-1411","county_nam":"White","county_norm":"WHITE","prec_id":"061","precinct_name":"White - 061","precinct_norm":"WHITE - 061","precinct_full_name":"Nacoochee","has_polygon":true},"geometry":{"type":"Point","coordinates":[-83.66231238294955,34.730935]}},{"type":"Feature","properties":{"id":"2020-1412","county_nam":"White","county_norm":"WHITE","prec_id":"071","precinct_name":"White - 071","precinct_norm":"WHITE - 071","precinct_full_name":"Robertstown","has_polygon":true},"geometry":{"type":"Point","coordinates":[-83.74883199289143,34.747037500000005]}},{"type":"Feature","properties":{"id":"2020-1413","county_nam":"Towns","county_norm":"TOWNS","prec_id":"1468","precinct_name":"Towns - 1468","precinct_norm":"TOWNS - 1468","precinct_full_name":"Young Harris","has_polygon":true},"geometry":{"type":"Point","coordinates":[-83.86755054638554,34.943287]}},{"type":"Feature","properties":{"id":"2020-1414","county_nam":"Paulding","county_norm":"PAULDING","prec_id":"0001B","precinct_name":"Paulding - 0001B","precinct_norm":"PAULDING - 0001B","precinct_full_name":"Burnt Hickory Park","has_polygon":true},"geometry":{"type":"Point","coordinates":[-84.8825481075499,34.014435500000005]}},{"type":"Feature","properties":{"id":"2020-1415","county_nam":"Paulding","county_norm":"PAULDING","prec_id":"0005C","precinct_name":"Paulding - 0005C","precinct_norm":"PAULDING - 0005C","precinct_full_name":"Paulding Senior Center","has_polygon":true},"geometry":{"type":"Point","coordinates":[-84.8137941086867,33.986292000000006]}},{"type":"Feature","properties":{"id":"2020-1416","county_nam":"Paulding","county_norm":"PAULDING","prec_id":"0010B","precinct_name":"Paulding - 0010B","precinct_norm":"PAULDING - 0010B","precinct_full_name":"Poplar Springs Baptist Church","has_polygon":true},"geometry":{"type":"Point","coordinates":[-84.76884347571743,33.872601]}},{"type":"Feature","properties":{"id":"2020-1417","county_nam":"Paulding","county_norm":"PAULDING","prec_id":"0012C","precinct_name":"Paulding - 0012C","precinct_norm":"PAULDING - 0012C","precinct_full_name":"Taylor Farm Park","has_polygon":true},"geometry":{"type":"Point","coordinates":[-84.75720744451004,33.840790999999996]}},{"type":"Feature","properties":{"id":"2020-1418","county_nam":"Paulding","county_norm":"PAULDING","prec_id":"0006B","precinct_name":"Paulding - 0006B","precinct_norm":"PAULDING - 0006B","precinct_full_name":"Legacy Baptist Church","has_polygon":true},"geometry":{"type":"Point","coordinates":[-84.78685633390593,33.930649]}},{"type":"Feature","properties":{"id":"2020-1419","county_nam":"Paulding","county_norm":"PAULDING","prec_id":"0009B","precinct_name":"Paulding - 0009B","precinct_norm":"PAULDING - 0009B","precinct_full_name":"The Event's Place","has_polygon":true},"geometry":{"type":"Point","coordinates":[-84.7549057043988,33.89368]}},{"type":"Feature","properties":{"id":"2020-1420","county_nam":"Gordon","county_norm":"GORDON","prec_id":"980","precinct_name":"Gordon - 980","precinct_norm":"GORDON - 980","precinct_full_name":"Resaca","has_polygon":true},"geometry":{"type":"Point","coordinates":[-84.95244546434937,34.588589999999996]}},{"type":"Feature","properties":{"id":"2020-1421","county_nam":"Dade","county_norm":"DADE","prec_id":"1038","precinct_name":"Dade - 1038","precinct_norm":"DADE - 1038","precinct_full_name":"South Dade","has_polygon":true},"geometry":{"type":"Point","coordinates":[-85.52129288822837,34.7427285]}},{"type":"Feature","properties":{"id":"2020-1422","county_nam":"Dade","county_norm":"DADE","prec_id":"1214","precinct_name":"Dade - 1214","precinct_norm":"DADE - 1214","precinct_full_name":"New Salem","has_polygon":true},"geometry":{"type":"Point","coordinates":[-85.46707977581998,34.745402999999996]}},{"type":"Feature","properties":{"id":"2020-1423","county_nam":"Dade","county_norm":"DADE","prec_id":"960","precinct_name":"Dade - 960","precinct_norm":"DADE - 960","precinct_full_name":"Trenton","has_polygon":true},"geometry":{"type":"Point","coordinates":[-85.50724543777977,34.863221]}},{"type":"Feature","properties":{"id":"2020-1424","county_nam":"Douglas","county_norm":"DOUGLAS","prec_id":"731","precinct_name":"Douglas - 731","precinct_norm":"DOUGLAS - 731","precinct_full_name":"Beulah Baptist Church","has_polygon":true},"geometry":{"type":"Point","coordinates":[-84.71059813112929,33.7799815]}},{"type":"Feature","properties":{"id":"2020-1425","county_nam":"Douglas","county_norm":"DOUGLAS","prec_id":"1273","precinct_name":"Douglas - 1273","precinct_norm":"DOUGLAS - 1273","precinct_full_name":"Turner","has_polygon":true},"geometry":{"type":"Point","coordinates":[-84.67291325634852,33.7839665]}},{"type":"Feature","properties":{"id":"2020-1426","county_nam":"Paulding","county_norm":"PAULDING","prec_id":"0015C","precinct_name":"Paulding - 0015C","precinct_norm":"PAULDING - 0015C","precinct_full_name":"Carl Scoggins Middle School","has_polygon":true},"geometry":{"type":"Point","coordinates":[-84.95989227091644,33.8183935]}},{"type":"Feature","properties":{"id":"2020-1427","county_nam":"Fannin","county_norm":"FANNIN","prec_id":"SKEN","precinct_name":"Fannin - SKEN","precinct_norm":"FANNIN - SKEN","precinct_full_name":"Skeniah","has_polygon":true},"geometry":{"type":"Point","coordinates":[-84.17629600300356,34.7042725]}},{"type":"Feature","properties":{"id":"2020-1428","county_nam":"Fannin","county_norm":"FANNIN","prec_id":"NOON","precinct_name":"Fannin - NOON","precinct_norm":"FANNIN - NOON","precinct_full_name":"Noontootla","has_polygon":true},"geometry":{"type":"Point","coordinates":[-84.23397430869434,34.7520245]}},{"type":"Feature","properties":{"id":"2020-1429","county_nam":"Fannin","county_norm":"FANNIN","prec_id":"MORG","precinct_name":"Fannin - MORG","precinct_norm":"FANNIN - MORG","precinct_full_name":"Morganton","has_polygon":true},"geometry":{"type":"Point","coordinates":[-84.20803004632353,34.8321375]}},{"type":"Feature","properties":{"id":"2020-1430","county_nam":"Gilmer","county_norm":"GILMER","prec_id":"12","precinct_name":"Gilmer - 12","precinct_norm":"GILMER - 12","precinct_full_name":"Roy Road","has_polygon":true},"geometry":{"type":"Point","coordinates":[-84.3310581655289,34.677938]}},{"type":"Feature","properties":{"id":"2020-1431","county_nam":"Gilmer","county_norm":"GILMER","prec_id":"06","precinct_name":"Gilmer - 06","precinct_norm":"GILMER - 06","precinct_full_name":"Cherry Log","has_polygon":true},"geometry":{"type":"Point","coordinates":[-84.36226746572834,34.7909235]}},{"type":"Feature","properties":{"id":"2020-1432","county_nam":"Fannin","county_norm":"FANNIN","prec_id":"TOCC","precinct_name":"Fannin - TOCC","precinct_norm":"FANNIN - TOCC","precinct_full_name":"Toccoa","has_polygon":true},"geometry":{"type":"Point","coordinates":[-84.30785279341217,34.8529365]}},{"type":"Feature","properties":{"id":"2020-1433","county_nam":"Fannin","county_norm":"FANNIN","prec_id":"COLW","precinct_name":"Fannin - COLW","precinct_norm":"FANNIN - COLW","precinct_full_name":"Colwell","has_polygon":true},"geometry":{"type":"Point","coordinates":[-84.51510631074065,34.920394]}},{"type":"Feature","properties":{"id":"2020-1434","county_nam":"Fannin","county_norm":"FANNIN","prec_id":"MOBI","precinct_name":"Fannin - MOBI","precinct_norm":"FANNIN - MOBI","precinct_full_name":"Mobile","has_polygon":true},"geometry":{"type":"Point","coordinates":[-84.45139611889597,34.959936]}},{"type":"Feature","properties":{"id":"2020-1435","county_nam":"Gilmer","county_norm":"GILMER","prec_id":"02","precinct_name":"Gilmer - 02","precinct_norm":"GILMER - 02","precinct_full_name":"Cartecay","has_polygon":true},"geometry":{"type":"Point","coordinates":[-84.36838656312213,34.6105035]}},{"type":"Feature","properties":{"id":"2020-1436","county_nam":"Murray","county_norm":"MURRAY","prec_id":"1895","precinct_name":"Murray - 1895","precinct_norm":"MURRAY - 1895","precinct_full_name":"Spring Place","has_polygon":true},"geometry":{"type":"Point","coordinates":[-84.82434675669367,34.740050499999995]}},{"type":"Feature","properties":{"id":"2020-1437","county_nam":"Murray","county_norm":"MURRAY","prec_id":"1039","precinct_name":"Murray - 1039","precinct_norm":"MURRAY - 1039","precinct_full_name":"Shuck Pen","has_polygon":true},"geometry":{"type":"Point","coordinates":[-84.80072051470589,34.850498]}},{"type":"Feature","properties":{"id":"2020-1438","county_nam":"Murray","county_norm":"MURRAY","prec_id":"872","precinct_name":"Murray - 872","precinct_norm":"MURRAY - 872","precinct_full_name":"Carters-Doolittle","has_polygon":true},"geometry":{"type":"Point","coordinates":[-84.71517935479933,34.6802855]}},{"type":"Feature","properties":{"id":"2020-1439","county_nam":"Whitfield","county_norm":"WHITFIELD","prec_id":"ES","precinct_name":"Whitfield - ES","precinct_norm":"WHITFIELD - ES","precinct_full_name":"Eastside","has_polygon":true},"geometry":{"type":"Point","coordinates":[-84.91046307859267,34.778751]}},{"type":"Feature","properties":{"id":"2020-1440","county_nam":"Whitfield","county_norm":"WHITFIELD","prec_id":"FI","precinct_name":"Whitfield - FI","precinct_norm":"WHITFIELD - FI","precinct_full_name":"Fincher","has_polygon":true},"geometry":{"type":"Point","coordinates":[-84.9001043513986,34.733967]}},{"type":"Feature","properties":{"id":"2020-1441","county_nam":"Whitfield","county_norm":"WHITFIELD","prec_id":"GL","precinct_name":"Whitfield - GL","precinct_norm":"WHITFIELD - GL","precinct_full_name":"Grove Level","has_polygon":true},"geometry":{"type":"Point","coordinates":[-84.92941201709758,34.831187]}},{"type":"Feature","properties":{"id":"2020-1442","county_nam":"Whitfield","county_norm":"WHITFIELD","prec_id":"NI","precinct_name":"Whitfield - NI","precinct_norm":"WHITFIELD - NI","precinct_full_name":"Ninth","has_polygon":true},"geometry":{"type":"Point","coordinates":[-84.88638992475437,34.823637000000005]}},{"type":"Feature","properties":{"id":"2020-1443","county_nam":"Gordon","county_norm":"GORDON","prec_id":"856","precinct_name":"Gordon - 856","precinct_norm":"GORDON - 856","precinct_full_name":"Lily Pond","has_polygon":true},"geometry":{"type":"Point","coordinates":[-84.95397032038116,34.4327495]}},{"type":"Feature","properties":{"id":"2020-1444","county_nam":"Floyd","county_norm":"FLOYD","prec_id":"030","precinct_name":"Floyd - 030","precinct_norm":"FLOYD - 030","precinct_full_name":"Etowah","has_polygon":true},"geometry":{"type":"Point","coordinates":[-85.07604295050673,34.2694835]}},{"type":"Feature","properties":{"id":"2020-1445","county_nam":"Bartow","county_norm":"BARTOW","prec_id":"14","precinct_name":"Bartow - 14","precinct_norm":"BARTOW - 14","precinct_full_name":"Taylorsville","has_polygon":true},"geometry":{"type":"Point","coordinates":[-85.00118304459589,34.1218735]}},{"type":"Feature","properties":{"id":"2020-1446","county_nam":"Polk","county_norm":"POLK","prec_id":"01","precinct_name":"Polk - 01","precinct_norm":"POLK - 01","precinct_full_name":"Aragon","has_polygon":true},"geometry":{"type":"Point","coordinates":[-85.0220888159091,34.057024999999996]}},{"type":"Feature","properties":{"id":"2020-1447","county_nam":"Floyd","county_norm":"FLOYD","prec_id":"020","precinct_name":"Floyd - 020","precinct_norm":"FLOYD - 020","precinct_full_name":"Cave Spring","has_polygon":true},"geometry":{"type":"Point","coordinates":[-85.37604889611178,34.123422500000004]}},{"type":"Feature","properties":{"id":"2020-1448","county_nam":"Floyd","county_norm":"FLOYD","prec_id":"045","precinct_name":"Floyd - 045","precinct_norm":"FLOYD - 045","precinct_full_name":"Foster's Mill","has_polygon":true},"geometry":{"type":"Point","coordinates":[-85.34299704139355,34.187442000000004]}},{"type":"Feature","properties":{"id":"2020-1449","county_nam":"Bartow","county_norm":"BARTOW","prec_id":"10","precinct_name":"Bartow - 10","precinct_norm":"BARTOW - 10","precinct_full_name":"Kingston","has_polygon":true},"geometry":{"type":"Point","coordinates":[-84.9617418258024,34.230747]}},{"type":"Feature","properties":{"id":"2020-1450","county_nam":"Floyd","county_norm":"FLOYD","prec_id":"010","precinct_name":"Floyd - 010","precinct_norm":"FLOYD - 010","precinct_full_name":"Armuchee","has_polygon":true},"geometry":{"type":"Point","coordinates":[-85.15712898061636,34.381803000000005]}},{"type":"Feature","properties":{"id":"2020-1451","county_nam":"Floyd","county_norm":"FLOYD","prec_id":"040","precinct_name":"Floyd - 040","precinct_norm":"FLOYD - 040","precinct_full_name":"Floyd Springs","has_polygon":true},"geometry":{"type":"Point","coordinates":[-85.1532187435484,34.412251499999996]}},{"type":"Feature","properties":{"id":"2020-1452","county_nam":"Douglas","county_norm":"DOUGLAS","prec_id":"1271","precinct_name":"Douglas - 1271","precinct_norm":"DOUGLAS - 1271","precinct_full_name":"Ephesus Baptist Chur","has_polygon":true},"geometry":{"type":"Point","coordinates":[-84.86505996305114,33.6753655]}},{"type":"Feature","properties":{"id":"2020-1453","county_nam":"Carroll","county_norm":"CARROLL","prec_id":"642","precinct_name":"Carroll - 642","precinct_norm":"CARROLL - 642","precinct_full_name":"Vr Powell Park","has_polygon":true},"geometry":{"type":"Point","coordinates":[-84.92288896743912,33.720530999999994]}},{"type":"Feature","properties":{"id":"2020-1454","county_nam":"Douglas","county_norm":"DOUGLAS","prec_id":"1258","precinct_name":"Douglas - 1258","precinct_norm":"DOUGLAS - 1258","precinct_full_name":"Mirror Lake Elementa","has_polygon":true},"geometry":{"type":"Point","coordinates":[-84.85910638713938,33.749882]}},{"type":"Feature","properties":{"id":"2020-1455","county_nam":"Whitfield","county_norm":"WHITFIELD","prec_id":"5A","precinct_name":"Whitfield - 5A","precinct_norm":"WHITFIELD - 5A","precinct_full_name":"Dalton Recreation Center","has_polygon":true},"geometry":{"type":"Point","coordinates":[-84.94438038925296,34.786742000000004]}},{"type":"Feature","properties":{"id":"2020-1456","county_nam":"Whitfield","county_norm":"WHITFIELD","prec_id":"PG","precinct_name":"Whitfield - PG","precinct_norm":"WHITFIELD - PG","precinct_full_name":"Pleasant Grove","has_polygon":true},"geometry":{"type":"Point","coordinates":[-84.96355419476845,34.830719]}},{"type":"Feature","properties":{"id":"2020-1457","county_nam":"Catoosa","county_norm":"CATOOSA","prec_id":"BOYN","precinct_name":"Catoosa - BOYN","precinct_norm":"CATOOSA - BOYN","precinct_full_name":"Boynton","has_polygon":true},"geometry":{"type":"Point","coordinates":[-85.19031236642849,34.9269875]}},{"type":"Feature","properties":{"id":"2020-1458","county_nam":"Whitfield","county_norm":"WHITFIELD","prec_id":"4A","precinct_name":"Whitfield - 4A","precinct_norm":"WHITFIELD - 4A","precinct_full_name":"Whitfield County Schools Central Office","has_polygon":true},"geometry":{"type":"Point","coordinates":[-84.98289515596932,34.7523345]}},{"type":"Feature","properties":{"id":"2020-1459","county_nam":"Whitfield","county_norm":"WHITFIELD","prec_id":"3A","precinct_name":"Whitfield - 3A","precinct_norm":"WHITFIELD - 3A","precinct_full_name":"Dalton-Whitfield Senior Center","has_polygon":true},"geometry":{"type":"Point","coordinates":[-84.98059465977832,34.770593000000005]}},{"type":"Feature","properties":{"id":"2020-1460","county_nam":"Whitfield","county_norm":"WHITFIELD","prec_id":"1A","precinct_name":"Whitfield - 1A","precinct_norm":"WHITFIELD - 1A","precinct_full_name":"Dalton City Hall","has_polygon":true},"geometry":{"type":"Point","coordinates":[-84.98039324916186,34.7888375]}},{"type":"Feature","properties":{"id":"2020-1461","county_nam":"Whitfield","county_norm":"WHITFIELD","prec_id":"6A","precinct_name":"Whitfield - 6A","precinct_norm":"WHITFIELD - 6A","precinct_full_name":"Mack Gaston Community Center","has_polygon":true},"geometry":{"type":"Point","coordinates":[-84.95222867950889,34.768789]}},{"type":"Feature","properties":{"id":"2020-1462","county_nam":"Haralson","county_norm":"HARALSON","prec_id":"06","precinct_name":"Haralson - 06","precinct_norm":"HARALSON - 06","precinct_full_name":"Twentieth","has_polygon":true},"geometry":{"type":"Point","coordinates":[-85.08882570061729,33.865517]}},{"type":"Feature","properties":{"id":"2020-1463","county_nam":"Polk","county_norm":"POLK","prec_id":"04","precinct_name":"Polk - 04","precinct_norm":"POLK - 04","precinct_full_name":"Fish Creek","has_polygon":true},"geometry":{"type":"Point","coordinates":[-85.13165577733274,34.004782000000006]}},{"type":"Feature","properties":{"id":"2020-1464","county_nam":"Paulding","county_norm":"PAULDING","prec_id":"0016C","precinct_name":"Paulding - 0016C","precinct_norm":"PAULDING - 0016C","precinct_full_name":"Yorkville Baptist Church","has_polygon":true},"geometry":{"type":"Point","coordinates":[-85.0028925488227,33.8605805]}},{"type":"Feature","properties":{"id":"2020-1465","county_nam":"Paulding","county_norm":"PAULDING","prec_id":"0017C","precinct_name":"Paulding - 0017C","precinct_norm":"PAULDING - 0017C","precinct_full_name":"Paulding County Airport","has_polygon":true},"geometry":{"type":"Point","coordinates":[-84.98282692918562,33.9081865]}},{"type":"Feature","properties":{"id":"2020-1466","county_nam":"Polk","county_norm":"POLK","prec_id":"06","precinct_name":"Polk - 06","precinct_norm":"POLK - 06","precinct_full_name":"Rockmart","has_polygon":true},"geometry":{"type":"Point","coordinates":[-85.0428668871551,33.971147]}},{"type":"Feature","properties":{"id":"2020-1467","county_nam":"Carroll","county_norm":"CARROLL","prec_id":"640","precinct_name":"Carroll - 640","precinct_norm":"CARROLL - 640","precinct_full_name":"Vr Sports Complex","has_polygon":true},"geometry":{"type":"Point","coordinates":[-84.97465655625001,33.698184]}},{"type":"Feature","properties":{"id":"2020-1468","county_nam":"Carroll","county_norm":"CARROLL","prec_id":"641","precinct_name":"Carroll - 641","precinct_norm":"CARROLL - 641","precinct_full_name":"Vr Gold Dust","has_polygon":true},"geometry":{"type":"Point","coordinates":[-84.93810982968583,33.7677585]}},{"type":"Feature","properties":{"id":"2020-1469","county_nam":"Haralson","county_norm":"HARALSON","prec_id":"09","precinct_name":"Haralson - 09","precinct_norm":"HARALSON - 09","precinct_full_name":"Mount View","has_polygon":true},"geometry":{"type":"Point","coordinates":[-85.1645667009804,33.873133499999994]}},{"type":"Feature","properties":{"id":"2020-1470","county_nam":"Dawson","county_norm":"DAWSON","prec_id":"02","precinct_name":"Dawson - 02","precinct_norm":"DAWSON - 02","precinct_full_name":"Central","has_polygon":true},"geometry":{"type":"Point","coordinates":[-84.14367204355652,34.437109]}},{"type":"Feature","properties":{"id":"2020-1471","county_nam":"Dawson","county_norm":"DAWSON","prec_id":"01","precinct_name":"Dawson - 01","precinct_norm":"DAWSON - 01","precinct_full_name":"West","has_polygon":true},"geometry":{"type":"Point","coordinates":[-84.26743916165427,34.543144999999996]}},{"type":"Feature","properties":{"id":"2020-1472","county_nam":"Forsyth","county_norm":"FORSYTH","prec_id":"36","precinct_name":"Forsyth - 36","precinct_norm":"FORSYTH - 36","precinct_full_name":"Nichols","has_polygon":true},"geometry":{"type":"Point","coordinates":[-84.12826050268818,34.114898]}},{"type":"Feature","properties":{"id":"2020-1473","county_nam":"Whitfield","county_norm":"WHITFIELD","prec_id":"TI","precinct_name":"Whitfield - TI","precinct_norm":"WHITFIELD - TI","precinct_full_name":"Tilton","has_polygon":true},"geometry":{"type":"Point","coordinates":[-84.94968642125535,34.6676545]}},{"type":"Feature","properties":{"id":"2020-1474","county_nam":"Whitfield","county_norm":"WHITFIELD","prec_id":"DG","precinct_name":"Whitfield - DG","precinct_norm":"WHITFIELD - DG","precinct_full_name":"Dug Gap","has_polygon":true},"geometry":{"type":"Point","coordinates":[-84.99603634279293,34.7179045]}},{"type":"Feature","properties":{"id":"2020-1475","county_nam":"Whitfield","county_norm":"WHITFIELD","prec_id":"AN","precinct_name":"Whitfield - AN","precinct_norm":"WHITFIELD - AN","precinct_full_name":"Antioch","has_polygon":true},"geometry":{"type":"Point","coordinates":[-84.94631731774476,34.7331255]}},{"type":"Feature","properties":{"id":"2020-1476","county_nam":"Whitfield","county_norm":"WHITFIELD","prec_id":"MC","precinct_name":"Whitfield - MC","precinct_norm":"WHITFIELD - MC","precinct_full_name":"Mill Creek","has_polygon":true},"geometry":{"type":"Point","coordinates":[-85.05343559377614,34.734439]}},{"type":"Feature","properties":{"id":"2020-1477","county_nam":"Carroll","county_norm":"CARROLL","prec_id":"1152","precinct_name":"Carroll - 1152","precinct_norm":"CARROLL - 1152","precinct_full_name":"Center Point","has_polygon":true},"geometry":{"type":"Point","coordinates":[-85.05434859052227,33.677471999999995]}},{"type":"Feature","properties":{"id":"2020-1478","county_nam":"Carroll","county_norm":"CARROLL","prec_id":"1122","precinct_name":"Carroll - 1122","precinct_norm":"CARROLL - 1122","precinct_full_name":"Midway","has_polygon":true},"geometry":{"type":"Point","coordinates":[-84.98150948151458,33.6530335]}},{"type":"Feature","properties":{"id":"2020-1479","county_nam":"Carroll","county_norm":"CARROLL","prec_id":"650","precinct_name":"Carroll - 650","precinct_norm":"CARROLL - 650","precinct_full_name":"Temple City","has_polygon":true},"geometry":{"type":"Point","coordinates":[-85.03110673652448,33.733024]}},{"type":"Feature","properties":{"id":"2020-1480","county_nam":"Carroll","county_norm":"CARROLL","prec_id":"649","precinct_name":"Carroll - 649","precinct_norm":"CARROLL - 649","precinct_full_name":"Temple County","has_polygon":true},"geometry":{"type":"Point","coordinates":[-84.9913526451663,33.751558]}},{"type":"Feature","properties":{"id":"2020-1481","county_nam":"Walker","county_norm":"WALKER","prec_id":"0953","precinct_name":"Walker - 0953","precinct_norm":"WALKER - 0953","precinct_full_name":"Armuchee Valley","has_polygon":true},"geometry":{"type":"Point","coordinates":[-85.132105785528,34.653842499999996]}},{"type":"Feature","properties":{"id":"2020-1482","county_nam":"Catoosa","county_norm":"CATOOSA","prec_id":"WOOD","precinct_name":"Catoosa - WOOD","precinct_norm":"CATOOSA - WOOD","precinct_full_name":"Woodstation","has_polygon":true},"geometry":{"type":"Point","coordinates":[-85.16660081486944,34.827614]}},{"type":"Feature","properties":{"id":"2020-1483","county_nam":"Whitfield","county_norm":"WHITFIELD","prec_id":"TR","precinct_name":"Whitfield - TR","precinct_norm":"WHITFIELD - TR","precinct_full_name":"Trichum","has_polygon":true},"geometry":{"type":"Point","coordinates":[-85.11066825,34.7695985]}},{"type":"Feature","properties":{"id":"2020-1484","county_nam":"Catoosa","county_norm":"CATOOSA","prec_id":"BLCK","precinct_name":"Catoosa - BLCK","precinct_norm":"CATOOSA - BLCK","precinct_full_name":"Blackstock","has_polygon":true},"geometry":{"type":"Point","coordinates":[-85.09295198690604,34.860574]}},{"type":"Feature","properties":{"id":"2020-1485","county_nam":"Whitfield","county_norm":"WHITFIELD","prec_id":"CA","precinct_name":"Whitfield - CA","precinct_norm":"WHITFIELD - CA","precinct_full_name":"Carbondale","has_polygon":true},"geometry":{"type":"Point","coordinates":[-85.00627891236095,34.6633825]}},{"type":"Feature","properties":{"id":"2020-1486","county_nam":"Bartow","county_norm":"BARTOW","prec_id":"01","precinct_name":"Bartow - 01","precinct_norm":"BARTOW - 01","precinct_full_name":"Adairsville","has_polygon":true},"geometry":{"type":"Point","coordinates":[-84.9488084791418,34.34363]}},{"type":"Feature","properties":{"id":"2020-1487","county_nam":"Gordon","county_norm":"GORDON","prec_id":"1064","precinct_name":"Gordon - 1064","precinct_norm":"GORDON - 1064","precinct_full_name":"Oostanaula","has_polygon":true},"geometry":{"type":"Point","coordinates":[-85.04872727874327,34.484038999999996]}},{"type":"Feature","properties":{"id":"2020-1488","county_nam":"Gordon","county_norm":"GORDON","prec_id":"1054","precinct_name":"Gordon - 1054","precinct_norm":"GORDON - 1054","precinct_full_name":"Sugar Valley","has_polygon":true},"geometry":{"type":"Point","coordinates":[-85.01812339758266,34.5641535]}},{"type":"Feature","properties":{"id":"2020-1489","county_nam":"Gordon","county_norm":"GORDON","prec_id":"849-B","precinct_name":"Gordon - 849-B","precinct_norm":"GORDON - 849-B","precinct_full_name":"Calhoun City","has_polygon":true},"geometry":{"type":"Point","coordinates":[-84.95548903456108,34.4912525]}},{"type":"Feature","properties":{"id":"2020-1490","county_nam":"Walker","county_norm":"WALKER","prec_id":"1161","precinct_name":"Walker - 1161","precinct_norm":"WALKER - 1161","precinct_full_name":"Mountain","has_polygon":true},"geometry":{"type":"Point","coordinates":[-85.44065001064047,34.772549]}},{"type":"Feature","properties":{"id":"2020-1491","county_nam":"Walker","county_norm":"WALKER","prec_id":"0917","precinct_name":"Walker - 0917","precinct_norm":"WALKER - 0917","precinct_full_name":"Walnut Grove","has_polygon":true},"geometry":{"type":"Point","coordinates":[-85.29179979050691,34.639418]}},{"type":"Feature","properties":{"id":"2020-1492","county_nam":"Dade","county_norm":"DADE","prec_id":"1222","precinct_name":"Dade - 1222","precinct_norm":"DADE - 1222","precinct_full_name":"Davis","has_polygon":true},"geometry":{"type":"Point","coordinates":[-85.5564534454681,34.881976]}},{"type":"Feature","properties":{"id":"2020-1493","county_nam":"Dade","county_norm":"DADE","prec_id":"1885","precinct_name":"Dade - 1885","precinct_norm":"DADE - 1885","precinct_full_name":"New Home","has_polygon":true},"geometry":{"type":"Point","coordinates":[-85.5389493125,34.9418345]}},{"type":"Feature","properties":{"id":"2020-1494","county_nam":"Walker","county_norm":"WALKER","prec_id":"1809","precinct_name":"Walker - 1809","precinct_norm":"WALKER - 1809","precinct_full_name":"Kensington","has_polygon":true},"geometry":{"type":"Point","coordinates":[-85.40134956379822,34.7041315]}},{"type":"Feature","properties":{"id":"2020-1495","county_nam":"Paulding","county_norm":"PAULDING","prec_id":"0007B","precinct_name":"Paulding - 0007B","precinct_norm":"PAULDING - 0007B","precinct_full_name":"Watson Government Complex","has_polygon":true},"geometry":{"type":"Point","coordinates":[-84.86690562265176,33.9184875]}},{"type":"Feature","properties":{"id":"2020-1496","county_nam":"Paulding","county_norm":"PAULDING","prec_id":"0013B","precinct_name":"Paulding - 0013B","precinct_norm":"PAULDING - 0013B","precinct_full_name":"South Paulding Middle School","has_polygon":true},"geometry":{"type":"Point","coordinates":[-84.8271279231989,33.835202]}},{"type":"Feature","properties":{"id":"2020-1497","county_nam":"Paulding","county_norm":"PAULDING","prec_id":"0014B","precinct_name":"Paulding - 0014B","precinct_norm":"PAULDING - 0014B","precinct_full_name":"White Oak Park","has_polygon":true},"geometry":{"type":"Point","coordinates":[-84.84584492481495,33.8793705]}},{"type":"Feature","properties":{"id":"2020-1498","county_nam":"Bartow","county_norm":"BARTOW","prec_id":"11","precinct_name":"Bartow - 11","precinct_norm":"BARTOW - 11","precinct_full_name":"Mission Road","has_polygon":true},"geometry":{"type":"Point","coordinates":[-84.83743386008204,34.1755985]}},{"type":"Feature","properties":{"id":"2020-1499","county_nam":"Gordon","county_norm":"GORDON","prec_id":"849-A","precinct_name":"Gordon - 849-A","precinct_norm":"GORDON - 849-A","precinct_full_name":"Gordon County","has_polygon":true},"geometry":{"type":"Point","coordinates":[-84.99298643534362,34.5130195]}},{"type":"Feature","properties":{"id":"2020-1500","county_nam":"Bartow","county_norm":"BARTOW","prec_id":"09","precinct_name":"Bartow - 09","precinct_norm":"BARTOW - 09","precinct_full_name":"Folsom","has_polygon":true},"geometry":{"type":"Point","coordinates":[-84.83537541508981,34.3505765]}},{"type":"Feature","properties":{"id":"2020-1501","county_nam":"Gordon","county_norm":"GORDON","prec_id":"1056","precinct_name":"Gordon - 1056","precinct_norm":"GORDON - 1056","precinct_full_name":"Sonoraville","has_polygon":true},"geometry":{"type":"Point","coordinates":[-84.83538589507236,34.4481545]}},{"type":"Feature","properties":{"id":"2020-1502","county_nam":"Gordon","county_norm":"GORDON","prec_id":"973","precinct_name":"Gordon - 973","precinct_norm":"GORDON - 973","precinct_full_name":"Red Bud","has_polygon":true},"geometry":{"type":"Point","coordinates":[-84.82938380945822,34.531268]}},{"type":"Feature","properties":{"id":"2020-1503","county_nam":"Gordon","county_norm":"GORDON","prec_id":"1063","precinct_name":"Gordon - 1063","precinct_norm":"GORDON - 1063","precinct_full_name":"Pine Chapel","has_polygon":true},"geometry":{"type":"Point","coordinates":[-84.82017325302749,34.574366]}},{"type":"Feature","properties":{"id":"2020-1504","county_nam":"Bartow","county_norm":"BARTOW","prec_id":"12","precinct_name":"Bartow - 12","precinct_norm":"BARTOW - 12","precinct_full_name":"Pine Log","has_polygon":true},"geometry":{"type":"Point","coordinates":[-84.71640403654953,34.3541855]}},{"type":"Feature","properties":{"id":"2020-1505","county_nam":"Gordon","county_norm":"GORDON","prec_id":"874","precinct_name":"Gordon - 874","precinct_norm":"GORDON - 874","precinct_full_name":"Fairmount","has_polygon":true},"geometry":{"type":"Point","coordinates":[-84.71674790547445,34.46512]}},{"type":"Feature","properties":{"id":"2020-1506","county_nam":"Gordon","county_norm":"GORDON","prec_id":"1235","precinct_name":"Gordon - 1235","precinct_norm":"GORDON - 1235","precinct_full_name":"Oakman","has_polygon":true},"geometry":{"type":"Point","coordinates":[-84.71797686170808,34.5678035]}},{"type":"Feature","properties":{"id":"2020-1507","county_nam":"Pickens","county_norm":"PICKENS","prec_id":"7","precinct_name":"Pickens - 7","precinct_norm":"PICKENS - 7","precinct_full_name":"Talking Rock","has_polygon":true},"geometry":{"type":"Point","coordinates":[-84.51284815933585,34.523072]}},{"type":"Feature","properties":{"id":"2020-1508","county_nam":"Gilmer","county_norm":"GILMER","prec_id":"04","precinct_name":"Gilmer - 04","precinct_norm":"GILMER - 04","precinct_full_name":"Town Creek","has_polygon":true},"geometry":{"type":"Point","coordinates":[-84.53763718521961,34.5986465]}},{"type":"Feature","properties":{"id":"2020-1509","county_nam":"Pickens","county_norm":"PICKENS","prec_id":"8","precinct_name":"Pickens - 8","precinct_norm":"PICKENS - 8","precinct_full_name":"Jasper","has_polygon":true},"geometry":{"type":"Point","coordinates":[-84.42535092758813,34.473546999999996]}},{"type":"Feature","properties":{"id":"2020-1510","county_nam":"Cherokee","county_norm":"CHEROKEE","prec_id":"033","precinct_name":"Cherokee - 033","precinct_norm":"CHEROKEE - 033","precinct_full_name":"Salacoa","has_polygon":true},"geometry":{"type":"Point","coordinates":[-84.59220492168109,34.375023]}},{"type":"Feature","properties":{"id":"2020-1511","county_nam":"Pickens","county_norm":"PICKENS","prec_id":"4","precinct_name":"Pickens - 4","precinct_norm":"PICKENS - 4","precinct_full_name":"Jerusalem","has_polygon":true},"geometry":{"type":"Point","coordinates":[-84.60314978902986,34.430959]}},{"type":"Feature","properties":{"id":"2020-1512","county_nam":"Pickens","county_norm":"PICKENS","prec_id":"5","precinct_name":"Pickens - 5","precinct_norm":"PICKENS - 5","precinct_full_name":"Ludville","has_polygon":true},"geometry":{"type":"Point","coordinates":[-84.6301403703695,34.497557]}},{"type":"Feature","properties":{"id":"2020-1513","county_nam":"Pickens","county_norm":"PICKENS","prec_id":"3","precinct_name":"Pickens - 3","precinct_norm":"PICKENS - 3","precinct_full_name":"Hinton","has_polygon":true},"geometry":{"type":"Point","coordinates":[-84.57456563157893,34.491707]}},{"type":"Feature","properties":{"id":"2020-1514","county_nam":"Gilmer","county_norm":"GILMER","prec_id":"05","precinct_name":"Gilmer - 05","precinct_norm":"GILMER - 05","precinct_full_name":"Leaches","has_polygon":true},"geometry":{"type":"Point","coordinates":[-84.59703052176249,34.607313500000004]}},{"type":"Feature","properties":{"id":"2020-1515","county_nam":"Cobb","county_norm":"COBB","prec_id":"WL01","precinct_name":"Cobb - WL01","precinct_norm":"COBB - WL01","precinct_full_name":"Willeo 01","has_polygon":true},"geometry":{"type":"Point","coordinates":[-84.42222628310105,34.050955]}},{"type":"Feature","properties":{"id":"2020-1516","county_nam":"Bartow","county_norm":"BARTOW","prec_id":"08","precinct_name":"Bartow - 08","precinct_norm":"BARTOW - 08","precinct_full_name":"Euharlee","has_polygon":true},"geometry":{"type":"Point","coordinates":[-84.91604377417967,34.167131499999996]}},{"type":"Feature","properties":{"id":"2020-1517","county_nam":"Chattooga","county_norm":"CHATTOOGA","prec_id":"961","precinct_name":"Chattooga - 961","precinct_norm":"CHATTOOGA - 961","precinct_full_name":"Seminole","has_polygon":true},"geometry":{"type":"Point","coordinates":[-85.45085388869273,34.338245]}},{"type":"Feature","properties":{"id":"2020-1518","county_nam":"Floyd","county_norm":"FLOYD","prec_id":"080","precinct_name":"Floyd - 080","precinct_norm":"FLOYD - 080","precinct_full_name":"North Carolina","has_polygon":true},"geometry":{"type":"Point","coordinates":[-85.36748784318627,34.2683335]}},{"type":"Feature","properties":{"id":"2020-1519","county_nam":"Floyd","county_norm":"FLOYD","prec_id":"015","precinct_name":"Floyd - 015","precinct_norm":"FLOYD - 015","precinct_full_name":"Barkers","has_polygon":true},"geometry":{"type":"Point","coordinates":[-85.19578721004135,34.12742]}},{"type":"Feature","properties":{"id":"2020-1520","county_nam":"Chattooga","county_norm":"CHATTOOGA","prec_id":"1083","precinct_name":"Chattooga - 1083","precinct_norm":"CHATTOOGA - 1083","precinct_full_name":"Coldwater","has_polygon":true},"geometry":{"type":"Point","coordinates":[-85.38778315530303,34.348788]}},{"type":"Feature","properties":{"id":"2020-1521","county_nam":"Chattooga","county_norm":"CHATTOOGA","prec_id":"925","precinct_name":"Chattooga - 925","precinct_norm":"CHATTOOGA - 925","precinct_full_name":"Summerville","has_polygon":true},"geometry":{"type":"Point","coordinates":[-85.37875542279826,34.469138]}},{"type":"Feature","properties":{"id":"2020-1522","county_nam":"Chattooga","county_norm":"CHATTOOGA","prec_id":"968","precinct_name":"Chattooga - 968","precinct_norm":"CHATTOOGA - 968","precinct_full_name":"Menlo","has_polygon":true},"geometry":{"type":"Point","coordinates":[-85.46751504025713,34.479179]}},{"type":"Feature","properties":{"id":"2020-1523","county_nam":"Chattooga","county_norm":"CHATTOOGA","prec_id":"C-968X927","precinct_name":"Chattooga - C-968X927","precinct_norm":"CHATTOOGA - C-968X927","precinct_full_name":"Cloudland-Teloga","has_polygon":true},"geometry":{"type":"Point","coordinates":[-85.45204524916169,34.541568999999996]}},{"type":"Feature","properties":{"id":"2020-1524","county_nam":"Floyd","county_norm":"FLOYD","prec_id":"115","precinct_name":"Floyd - 115","precinct_norm":"FLOYD - 115","precinct_full_name":"Texas Valley","has_polygon":true},"geometry":{"type":"Point","coordinates":[-85.26575504757531,34.3700865]}},{"type":"Feature","properties":{"id":"2020-1525","county_nam":"Floyd","county_norm":"FLOYD","prec_id":"050","precinct_name":"Floyd - 050","precinct_norm":"FLOYD - 050","precinct_full_name":"Garden Lakes","has_polygon":true},"geometry":{"type":"Point","coordinates":[-85.26372235777174,34.31439]}},{"type":"Feature","properties":{"id":"2020-1526","county_nam":"Floyd","county_norm":"FLOYD","prec_id":"075","precinct_name":"Floyd - 075","precinct_norm":"FLOYD - 075","precinct_full_name":"Mount Alto North","has_polygon":true},"geometry":{"type":"Point","coordinates":[-85.21337184200686,34.27529199999999]}},{"type":"Feature","properties":{"id":"2020-1527","county_nam":"Chattooga","county_norm":"CHATTOOGA","prec_id":"1484","precinct_name":"Chattooga - 1484","precinct_norm":"CHATTOOGA - 1484","precinct_full_name":"Lyerly","has_polygon":true},"geometry":{"type":"Point","coordinates":[-85.4199640450717,34.391569000000004]}},{"type":"Feature","properties":{"id":"2020-1528","county_nam":"Polk","county_norm":"POLK","prec_id":"05","precinct_name":"Polk - 05","precinct_norm":"POLK - 05","precinct_full_name":"Lake Creek","has_polygon":true},"geometry":{"type":"Point","coordinates":[-85.34271041397088,34.051434]}},{"type":"Feature","properties":{"id":"2020-1529","county_nam":"Polk","county_norm":"POLK","prec_id":"03","precinct_name":"Polk - 03","precinct_norm":"POLK - 03","precinct_full_name":"Cedartown","has_polygon":true},"geometry":{"type":"Point","coordinates":[-85.25475360243718,34.021967000000004]}},{"type":"Feature","properties":{"id":"2020-1530","county_nam":"Polk","county_norm":"POLK","prec_id":"02","precinct_name":"Polk - 02","precinct_norm":"POLK - 02","precinct_full_name":"Blooming Grove","has_polygon":true},"geometry":{"type":"Point","coordinates":[-85.32963402030117,33.960556]}},{"type":"Feature","properties":{"id":"2020-1531","county_nam":"Haralson","county_norm":"HARALSON","prec_id":"08","precinct_name":"Haralson - 08","precinct_norm":"HARALSON - 08","precinct_full_name":"Little Creek","has_polygon":true},"geometry":{"type":"Point","coordinates":[-85.32078918698517,33.872794999999996]}},{"type":"Feature","properties":{"id":"2020-1532","county_nam":"Haralson","county_norm":"HARALSON","prec_id":"07","precinct_name":"Haralson - 07","precinct_norm":"HARALSON - 07","precinct_full_name":"Felton","has_polygon":true},"geometry":{"type":"Point","coordinates":[-85.22433701636561,33.87531]}},{"type":"Feature","properties":{"id":"2020-1533","county_nam":"Polk","county_norm":"POLK","prec_id":"07","precinct_name":"Polk - 07","precinct_norm":"POLK - 07","precinct_full_name":"Youngs Grove","has_polygon":true},"geometry":{"type":"Point","coordinates":[-85.22591546956514,33.958612]}},{"type":"Feature","properties":{"id":"2020-1534","county_nam":"Haralson","county_norm":"HARALSON","prec_id":"02","precinct_name":"Haralson - 02","precinct_norm":"HARALSON - 02","precinct_full_name":"Bremen","has_polygon":true},"geometry":{"type":"Point","coordinates":[-85.14851446446079,33.73223]}},{"type":"Feature","properties":{"id":"2020-1535","county_nam":"Haralson","county_norm":"HARALSON","prec_id":"05","precinct_name":"Haralson - 05","precinct_norm":"HARALSON - 05","precinct_full_name":"Corinth","has_polygon":true},"geometry":{"type":"Point","coordinates":[-85.08892448471033,33.8209135]}},{"type":"Feature","properties":{"id":"2020-1536","county_nam":"Haralson","county_norm":"HARALSON","prec_id":"10","precinct_name":"Haralson - 10","precinct_norm":"HARALSON - 10","precinct_full_name":"Seventh","has_polygon":true},"geometry":{"type":"Point","coordinates":[-85.0871264822081,33.752165000000005]}},{"type":"Feature","properties":{"id":"2020-1537","county_nam":"Haralson","county_norm":"HARALSON","prec_id":"04","precinct_name":"Haralson - 04","precinct_norm":"HARALSON - 04","precinct_full_name":"Buncombe","has_polygon":true},"geometry":{"type":"Point","coordinates":[-85.30023229109011,33.6895715]}},{"type":"Feature","properties":{"id":"2020-1538","county_nam":"Haralson","county_norm":"HARALSON","prec_id":"12","precinct_name":"Haralson - 12","precinct_norm":"HARALSON - 12","precinct_full_name":"Tallapoosa","has_polygon":true},"geometry":{"type":"Point","coordinates":[-85.28312080680709,33.748157000000006]}},{"type":"Feature","properties":{"id":"2020-1539","county_nam":"Haralson","county_norm":"HARALSON","prec_id":"11","precinct_name":"Haralson - 11","precinct_norm":"HARALSON - 11","precinct_full_name":"Berea-Steadman","has_polygon":true},"geometry":{"type":"Point","coordinates":[-85.32092836337955,33.803282]}},{"type":"Feature","properties":{"id":"2020-1540","county_nam":"Haralson","county_norm":"HARALSON","prec_id":"13","precinct_name":"Haralson - 13","precinct_norm":"HARALSON - 13","precinct_full_name":"Waco","has_polygon":true},"geometry":{"type":"Point","coordinates":[-85.20404114734407,33.717965500000005]}},{"type":"Feature","properties":{"id":"2020-1541","county_nam":"Haralson","county_norm":"HARALSON","prec_id":"03","precinct_name":"Haralson - 03","precinct_norm":"HARALSON - 03","precinct_full_name":"Buchanan","has_polygon":true},"geometry":{"type":"Point","coordinates":[-85.2103178458045,33.8114025]}},{"type":"Feature","properties":{"id":"2020-1542","county_nam":"Carroll","county_norm":"CARROLL","prec_id":"1496","precinct_name":"Carroll - 1496","precinct_norm":"CARROLL - 1496","precinct_full_name":"Mount Holly","has_polygon":true},"geometry":{"type":"Point","coordinates":[-85.12480982769739,33.654516]}},{"type":"Feature","properties":{"id":"2020-1543","county_nam":"Carroll","county_norm":"CARROLL","prec_id":"714BN","precinct_name":"Carroll - 714BN","precinct_norm":"CARROLL - 714BN","precinct_full_name":"Carroll Emc","has_polygon":true},"geometry":{"type":"Point","coordinates":[-85.06948369564394,33.6238695]}},{"type":"Feature","properties":{"id":"2020-1544","county_nam":"Floyd","county_norm":"FLOYD","prec_id":"001","precinct_name":"Floyd - 001","precinct_norm":"FLOYD - 001","precinct_full_name":"Alto Park","has_polygon":true},"geometry":{"type":"Point","coordinates":[-85.24832677372387,34.2355755]}},{"type":"Feature","properties":{"id":"2020-1545","county_nam":"Floyd","county_norm":"FLOYD","prec_id":"130","precinct_name":"Floyd - 130","precinct_norm":"FLOYD - 130","precinct_full_name":"Shannon","has_polygon":true},"geometry":{"type":"Point","coordinates":[-85.07647332356636,34.340164]}},{"type":"Feature","properties":{"id":"2020-1546","county_nam":"Chattooga","county_norm":"CHATTOOGA","prec_id":"1382","precinct_name":"Chattooga - 1382","precinct_norm":"CHATTOOGA - 1382","precinct_full_name":"Haywood","has_polygon":true},"geometry":{"type":"Point","coordinates":[-85.17546456001902,34.4800515]}},{"type":"Feature","properties":{"id":"2020-1547","county_nam":"Chattooga","county_norm":"CHATTOOGA","prec_id":"962","precinct_name":"Chattooga - 962","precinct_norm":"CHATTOOGA - 962","precinct_full_name":"Subligna","has_polygon":true},"geometry":{"type":"Point","coordinates":[-85.19435917681884,34.5397095]}},{"type":"Feature","properties":{"id":"2020-1548","county_nam":"Floyd","county_norm":"FLOYD","prec_id":"035","precinct_name":"Floyd - 035","precinct_norm":"FLOYD - 035","precinct_full_name":"Everett Springs","has_polygon":true},"geometry":{"type":"Point","coordinates":[-85.11950272554853,34.511586]}},{"type":"Feature","properties":{"id":"2020-1549","county_nam":"Gordon","county_norm":"GORDON","prec_id":"1055","precinct_name":"Gordon - 1055","precinct_norm":"GORDON - 1055","precinct_full_name":"Plainville","has_polygon":true},"geometry":{"type":"Point","coordinates":[-85.03419470196211,34.4235995]}},{"type":"Feature","properties":{"id":"2020-1550","county_nam":"Floyd","county_norm":"FLOYD","prec_id":"076","precinct_name":"Floyd - 076","precinct_norm":"FLOYD - 076","precinct_full_name":"Mount Alto South","has_polygon":true},"geometry":{"type":"Point","coordinates":[-85.22485164805059,34.2576435]}},{"type":"Feature","properties":{"id":"2020-1551","county_nam":"Floyd","county_norm":"FLOYD","prec_id":"110","precinct_name":"Floyd - 110","precinct_norm":"FLOYD - 110","precinct_full_name":"South Rome","has_polygon":true},"geometry":{"type":"Point","coordinates":[-85.18362675955055,34.2256745]}},{"type":"Feature","properties":{"id":"2020-1552","county_nam":"Floyd","county_norm":"FLOYD","prec_id":"090","precinct_name":"Floyd - 090","precinct_norm":"FLOYD - 090","precinct_full_name":"East Rome","has_polygon":true},"geometry":{"type":"Point","coordinates":[-85.16855649821002,34.228188]}},{"type":"Feature","properties":{"id":"2020-1553","county_nam":"Floyd","county_norm":"FLOYD","prec_id":"085","precinct_name":"Floyd - 085","precinct_norm":"FLOYD - 085","precinct_full_name":"Riverside","has_polygon":true},"geometry":{"type":"Point","coordinates":[-85.13327669064213,34.2972295]}},{"type":"Feature","properties":{"id":"2020-1554","county_nam":"Floyd","county_norm":"FLOYD","prec_id":"055","precinct_name":"Floyd - 055","precinct_norm":"FLOYD - 055","precinct_full_name":"Glenwood","has_polygon":true},"geometry":{"type":"Point","coordinates":[-85.14831652616158,34.324211000000005]}},{"type":"Feature","properties":{"id":"2020-1555","county_nam":"Chattooga","county_norm":"CHATTOOGA","prec_id":"940","precinct_name":"Chattooga - 940","precinct_norm":"CHATTOOGA - 940","precinct_full_name":"Dirttown","has_polygon":true},"geometry":{"type":"Point","coordinates":[-85.24665822378907,34.4653655]}},{"type":"Feature","properties":{"id":"2020-1556","county_nam":"Chattooga","county_norm":"CHATTOOGA","prec_id":"P-870","precinct_name":"Chattooga - P-870","precinct_norm":"CHATTOOGA - P-870","precinct_full_name":"Pennville","has_polygon":true},"geometry":{"type":"Point","coordinates":[-85.31479147785143,34.508461499999996]}},{"type":"Feature","properties":{"id":"2020-1557","county_nam":"Chattooga","county_norm":"CHATTOOGA","prec_id":"870","precinct_name":"Chattooga - 870","precinct_norm":"CHATTOOGA - 870","precinct_full_name":"Trion","has_polygon":true},"geometry":{"type":"Point","coordinates":[-85.30744959071657,34.542197]}},{"type":"Feature","properties":{"id":"2020-1558","county_nam":"Floyd","county_norm":"FLOYD","prec_id":"135","precinct_name":"Floyd - 135","precinct_norm":"FLOYD - 135","precinct_full_name":"Lindale","has_polygon":true},"geometry":{"type":"Point","coordinates":[-85.18105001076196,34.192089499999994]}},{"type":"Feature","properties":{"id":"2020-1559","county_nam":"Floyd","county_norm":"FLOYD","prec_id":"105","precinct_name":"Floyd - 105","precinct_norm":"FLOYD - 105","precinct_full_name":"North Rome","has_polygon":true},"geometry":{"type":"Point","coordinates":[-85.15259489589442,34.2674965]}},{"type":"Feature","properties":{"id":"2020-1560","county_nam":"Floyd","county_norm":"FLOYD","prec_id":"140","precinct_name":"Floyd - 140","precinct_norm":"FLOYD - 140","precinct_full_name":"Town Rome","has_polygon":true},"geometry":{"type":"Point","coordinates":[-85.17513842688385,34.297047000000006]}},{"type":"Feature","properties":{"id":"2020-1561","county_nam":"Floyd","county_norm":"FLOYD","prec_id":"125","precinct_name":"Floyd - 125","precinct_norm":"FLOYD - 125","precinct_full_name":"Vanns Valley","has_polygon":true},"geometry":{"type":"Point","coordinates":[-85.2423189475553,34.196129]}},{"type":"Feature","properties":{"id":"2020-1562","county_nam":"Floyd","county_norm":"FLOYD","prec_id":"065","precinct_name":"Floyd - 065","precinct_norm":"FLOYD - 065","precinct_full_name":"East Lindale","has_polygon":true},"geometry":{"type":"Point","coordinates":[-85.14572474319354,34.185208]}},{"type":"Feature","properties":{"id":"2020-1563","county_nam":"Floyd","county_norm":"FLOYD","prec_id":"060","precinct_name":"Floyd - 060","precinct_norm":"FLOYD - 060","precinct_full_name":"Howell","has_polygon":true},"geometry":{"type":"Point","coordinates":[-85.09327232682804,34.128311499999995]}},{"type":"Feature","properties":{"id":"2020-1564","county_nam":"Floyd","county_norm":"FLOYD","prec_id":"025","precinct_name":"Floyd - 025","precinct_norm":"FLOYD - 025","precinct_full_name":"Chulio","has_polygon":true},"geometry":{"type":"Point","coordinates":[-85.08699549643588,34.1934435]}},{"type":"Feature","properties":{"id":"2020-1565","county_nam":"Dade","county_norm":"DADE","prec_id":"1889","precinct_name":"Dade - 1889","precinct_norm":"DADE - 1889","precinct_full_name":"West Brow","has_polygon":true},"geometry":{"type":"Point","coordinates":[-85.42304086950537,34.90987]}},{"type":"Feature","properties":{"id":"2020-1566","county_nam":"Dade","county_norm":"DADE","prec_id":"974","precinct_name":"Dade - 974","precinct_norm":"DADE - 974","precinct_full_name":"North Dade","has_polygon":true},"geometry":{"type":"Point","coordinates":[-85.46590414724369,34.9283355]}},{"type":"Feature","properties":{"id":"2020-1567","county_nam":"Walker","county_norm":"WALKER","prec_id":"1501","precinct_name":"Walker - 1501","precinct_norm":"WALKER - 1501","precinct_full_name":"Chattanooga Valley","has_polygon":true},"geometry":{"type":"Point","coordinates":[-85.34281220795756,34.9139865]}},{"type":"Feature","properties":{"id":"2020-1568","county_nam":"Whitfield","county_norm":"WHITFIELD","prec_id":"WS","precinct_name":"Whitfield - WS","precinct_norm":"WHITFIELD - WS","precinct_full_name":"Westside","has_polygon":true},"geometry":{"type":"Point","coordinates":[-85.04561479751403,34.7904695]}},{"type":"Feature","properties":{"id":"2020-1569","county_nam":"Whitfield","county_norm":"WHITFIELD","prec_id":"2A","precinct_name":"Whitfield - 2A","precinct_norm":"WHITFIELD - 2A","precinct_full_name":"James Brown Center","has_polygon":true},"geometry":{"type":"Point","coordinates":[-84.99884247229775,34.7994695]}},{"type":"Feature","properties":{"id":"2020-1570","county_nam":"Whitfield","county_norm":"WHITFIELD","prec_id":"TH","precinct_name":"Whitfield - TH","precinct_norm":"WHITFIELD - TH","precinct_full_name":"Tunnel Hill","has_polygon":true},"geometry":{"type":"Point","coordinates":[-85.03493060523657,34.850334000000004]}},{"type":"Feature","properties":{"id":"2020-1571","county_nam":"Walker","county_norm":"WALKER","prec_id":"0871","precinct_name":"Walker - 0871","precinct_norm":"WALKER - 0871","precinct_full_name":"La Fayette","has_polygon":true},"geometry":{"type":"Point","coordinates":[-85.28859442694744,34.7114955]}},{"type":"Feature","properties":{"id":"2020-1572","county_nam":"Catoosa","county_norm":"CATOOSA","prec_id":"CHAM","precinct_name":"Catoosa - CHAM","precinct_norm":"CATOOSA - CHAM","precinct_full_name":"Chambers","has_polygon":true},"geometry":{"type":"Point","coordinates":[-85.22197234289015,34.8740815]}},{"type":"Feature","properties":{"id":"2020-1573","county_nam":"Catoosa","county_norm":"CATOOSA","prec_id":"FT O","precinct_name":"Catoosa - FT O","precinct_norm":"CATOOSA - FT O","precinct_full_name":"Ft Oglethorpe","has_polygon":true},"geometry":{"type":"Point","coordinates":[-85.24121361092728,34.929732]}},{"type":"Feature","properties":{"id":"2020-1574","county_nam":"Catoosa","county_norm":"CATOOSA","prec_id":"LAKE","precinct_name":"Catoosa - LAKE","precinct_norm":"CATOOSA - LAKE","precinct_full_name":"Lakeview","has_polygon":true},"geometry":{"type":"Point","coordinates":[-85.25330491662817,34.9687995]}},{"type":"Feature","properties":{"id":"2020-1575","county_nam":"Catoosa","county_norm":"CATOOSA","prec_id":"WEST","precinct_name":"Catoosa - WEST","precinct_norm":"CATOOSA - WEST","precinct_full_name":"Westside","has_polygon":true},"geometry":{"type":"Point","coordinates":[-85.21273947117857,34.9606625]}},{"type":"Feature","properties":{"id":"2020-1576","county_nam":"Catoosa","county_norm":"CATOOSA","prec_id":"POPS","precinct_name":"Catoosa - POPS","precinct_norm":"CATOOSA - POPS","precinct_full_name":"Poplar Springs","has_polygon":true},"geometry":{"type":"Point","coordinates":[-85.16278848418723,34.8894175]}},{"type":"Feature","properties":{"id":"2020-1577","county_nam":"Catoosa","county_norm":"CATOOSA","prec_id":"GRAY","precinct_name":"Catoosa - GRAY","precinct_norm":"CATOOSA - GRAY","precinct_full_name":"Graysville","has_polygon":true},"geometry":{"type":"Point","coordinates":[-85.163181897734,34.9611985]}},{"type":"Feature","properties":{"id":"2020-1578","county_nam":"Catoosa","county_norm":"CATOOSA","prec_id":"RING","precinct_name":"Catoosa - RING","precinct_norm":"CATOOSA - RING","precinct_full_name":"Ringgold","has_polygon":true},"geometry":{"type":"Point","coordinates":[-85.11835545750671,34.9411245]}},{"type":"Feature","properties":{"id":"2020-1579","county_nam":"Catoosa","county_norm":"CATOOSA","prec_id":"CAKT","precinct_name":"Catoosa - CAKT","precinct_norm":"CATOOSA - CAKT","precinct_full_name":"Catoosa Keith","has_polygon":true},"geometry":{"type":"Point","coordinates":[-85.04011191648793,34.9417085]}},{"type":"Feature","properties":{"id":"2020-1580","county_nam":"Walker","county_norm":"WALKER","prec_id":"1818","precinct_name":"Walker - 1818","precinct_norm":"WALKER - 1818","precinct_full_name":"Chickamauga","has_polygon":true},"geometry":{"type":"Point","coordinates":[-85.31400548894248,34.8467995]}},{"type":"Feature","properties":{"id":"2020-1581","county_nam":"Walker","county_norm":"WALKER","prec_id":"0944","precinct_name":"Walker - 0944","precinct_norm":"WALKER - 0944","precinct_full_name":"Rock Spring","has_polygon":true},"geometry":{"type":"Point","coordinates":[-85.24176446630591,34.775825499999996]}},{"type":"Feature","properties":{"id":"2020-1582","county_nam":"Walker","county_norm":"WALKER","prec_id":"1851","precinct_name":"Walker - 1851","precinct_norm":"WALKER - 1851","precinct_full_name":"Fairyland","has_polygon":true},"geometry":{"type":"Point","coordinates":[-85.36283330313643,34.964827]}},{"type":"Feature","properties":{"id":"2020-1583","county_nam":"Walker","county_norm":"WALKER","prec_id":"1812","precinct_name":"Walker - 1812","precinct_norm":"WALKER - 1812","precinct_full_name":"Rossville","has_polygon":true},"geometry":{"type":"Point","coordinates":[-85.30193172016129,34.949871]}},{"type":"Feature","properties":{"id":"2020-1584","county_nam":"Walker","county_norm":"WALKER","prec_id":"1893","precinct_name":"Walker - 1893","precinct_norm":"WALKER - 1893","precinct_full_name":"Fairview","has_polygon":true},"geometry":{"type":"Point","coordinates":[-85.28164335322718,34.937836]}},{"type":"Feature","properties":{"id":"2020-1585","county_nam":"Fulton","county_norm":"FULTON","prec_id":"JC18","precinct_name":"Fulton - JC18","precinct_norm":"FULTON - JC18","precinct_full_name":"Mount Pisgah United Methodist Church","has_polygon":true},"geometry":{"type":"Point","coordinates":[-84.2721991707696,34.0139335]}},{"type":"Feature","properties":{"id":"2020-1586","county_nam":"Fulton","county_norm":"FULTON","prec_id":"AP01C","precinct_name":"Fulton - AP01C","precinct_norm":"FULTON - AP01C","precinct_full_name":"Haynes Bridge Middle","has_polygon":true},"geometry":{"type":"Point","coordinates":[-84.26715094324572,34.039424]}},{"type":"Feature","properties":{"id":"2020-1587","county_nam":"Fulton","county_norm":"FULTON","prec_id":"JC16","precinct_name":"Fulton - JC16","precinct_norm":"FULTON - JC16","precinct_full_name":"Mount Pisgah United Methodist Church","has_polygon":true},"geometry":{"type":"Point","coordinates":[-84.25845253610956,34.029791]}},{"type":"Feature","properties":{"id":"2020-1588","county_nam":"Fulton","county_norm":"FULTON","prec_id":"AP01A","precinct_name":"Fulton - AP01A","precinct_norm":"FULTON - AP01A","precinct_full_name":"New Prospect Elementary","has_polygon":true},"geometry":{"type":"Point","coordinates":[-84.25889278805971,34.054992999999996]}},{"type":"Feature","properties":{"id":"2020-1589","county_nam":"Fulton","county_norm":"FULTON","prec_id":"AP12A","precinct_name":"Fulton - AP12A","precinct_norm":"FULTON - AP12A","precinct_full_name":"Alpharetta High School","has_polygon":true},"geometry":{"type":"Point","coordinates":[-84.26132052869683,34.069131999999996]}},{"type":"Feature","properties":{"id":"2020-1590","county_nam":"Fulton","county_norm":"FULTON","prec_id":"JC14","precinct_name":"Fulton - JC14","precinct_norm":"FULTON - JC14","precinct_full_name":"Dolvin Elementary School","has_polygon":true},"geometry":{"type":"Point","coordinates":[-84.24224076792902,34.0261345]}},{"type":"Feature","properties":{"id":"2020-1591","county_nam":"Fulton","county_norm":"FULTON","prec_id":"AP14","precinct_name":"Fulton - AP14","precinct_norm":"FULTON - AP14","precinct_full_name":"Ocee Elementary","has_polygon":true},"geometry":{"type":"Point","coordinates":[-84.24222240190875,34.044157999999996]}},{"type":"Feature","properties":{"id":"2020-1592","county_nam":"Fulton","county_norm":"FULTON","prec_id":"JC15","precinct_name":"Fulton - JC15","precinct_norm":"FULTON - JC15","precinct_full_name":"Dolvin Elementary School","has_polygon":true},"geometry":{"type":"Point","coordinates":[-84.24193925859612,34.03555849999999]}},{"type":"Feature","properties":{"id":"2020-1593","county_nam":"Fulton","county_norm":"FULTON","prec_id":"JC10","precinct_name":"Fulton - JC10","precinct_norm":"FULTON - JC10","precinct_full_name":"Chattahoochee High School","has_polygon":true},"geometry":{"type":"Point","coordinates":[-84.22700890760544,34.0492895]}},{"type":"Feature","properties":{"id":"2020-1594","county_nam":"Fulton","county_norm":"FULTON","prec_id":"AP09A","precinct_name":"Fulton - AP09A","precinct_norm":"FULTON - AP09A","precinct_full_name":"Webb Bridge Middle","has_polygon":true},"geometry":{"type":"Point","coordinates":[-84.22972302039628,34.069131999999996]}},{"type":"Feature","properties":{"id":"2020-1595","county_nam":"Gwinnett","county_norm":"GWINNETT","prec_id":"082","precinct_name":"Gwinnett - 082","precinct_norm":"GWINNETT - 082","precinct_full_name":"Duluth E","has_polygon":true},"geometry":{"type":"Point","coordinates":[-84.16270841978681,33.991433]}},{"type":"Feature","properties":{"id":"2020-1596","county_nam":"Gwinnett","county_norm":"GWINNETT","prec_id":"056","precinct_name":"Gwinnett - 056","precinct_norm":"GWINNETT - 056","precinct_full_name":"Duluth C","has_polygon":true},"geometry":{"type":"Point","coordinates":[-84.16389544622655,34.004222999999996]}},{"type":"Feature","properties":{"id":"2020-1597","county_nam":"Fulton","county_norm":"FULTON","prec_id":"JC11","precinct_name":"Fulton - JC11","precinct_norm":"FULTON - JC11","precinct_full_name":"Johns Creek High School","has_polygon":true},"geometry":{"type":"Point","coordinates":[-84.21368704109074,34.0263245]}},{"type":"Feature","properties":{"id":"2020-1598","county_nam":"Fulton","county_norm":"FULTON","prec_id":"JC09","precinct_name":"Fulton - JC09","precinct_norm":"FULTON - JC09","precinct_full_name":"Chattahoochee High School","has_polygon":true},"geometry":{"type":"Point","coordinates":[-84.21116529716981,34.041015]}},{"type":"Feature","properties":{"id":"2020-1599","county_nam":"Fulton","county_norm":"FULTON","prec_id":"JC07","precinct_name":"Fulton - JC07","precinct_norm":"FULTON - JC07","precinct_full_name":"Wilson Creek Elementary","has_polygon":true},"geometry":{"type":"Point","coordinates":[-84.19353523707073,34.036213000000004]}},{"type":"Feature","properties":{"id":"2020-1600","county_nam":"Fulton","county_norm":"FULTON","prec_id":"JC08","precinct_name":"Fulton - JC08","precinct_norm":"FULTON - JC08","precinct_full_name":"Clear Springs Baptist Church","has_polygon":true},"geometry":{"type":"Point","coordinates":[-84.20436962464626,34.054120999999995]}},{"type":"Feature","properties":{"id":"2020-1601","county_nam":"Fulton","county_norm":"FULTON","prec_id":"JC05","precinct_name":"Fulton - JC05","precinct_norm":"FULTON - JC05","precinct_full_name":"Abbotts Hill Elementary School","has_polygon":true},"geometry":{"type":"Point","coordinates":[-84.20116466798655,34.0614405]}},{"type":"Feature","properties":{"id":"2020-1602","county_nam":"Fulton","county_norm":"FULTON","prec_id":"JC04B","precinct_name":"Fulton - JC04B","precinct_norm":"FULTON - JC04B","precinct_full_name":"Robert E. Fulton Ocee Library","has_polygon":true},"geometry":{"type":"Point","coordinates":[-84.2114105634561,34.068316499999995]}},{"type":"Feature","properties":{"id":"2020-1603","county_nam":"Fulton","county_norm":"FULTON","prec_id":"JC03A","precinct_name":"Fulton - JC03A","precinct_norm":"FULTON - JC03A","precinct_full_name":"Abbotts Hill Elementary School","has_polygon":true},"geometry":{"type":"Point","coordinates":[-84.19225684616022,34.0653655]}},{"type":"Feature","properties":{"id":"2020-1604","county_nam":"Fulton","county_norm":"FULTON","prec_id":"JC04A","precinct_name":"Fulton - JC04A","precinct_norm":"FULTON - JC04A","precinct_full_name":"Robert E. Fulton Ocee Library","has_polygon":true},"geometry":{"type":"Point","coordinates":[-84.19127651813426,34.075341]}},{"type":"Feature","properties":{"id":"2020-1605","county_nam":"Fulton","county_norm":"FULTON","prec_id":"JC03B","precinct_name":"Fulton - JC03B","precinct_norm":"FULTON - JC03B","precinct_full_name":"Abbotts Hill Elementary School","has_polygon":true},"geometry":{"type":"Point","coordinates":[-84.18661776777381,34.062454]}},{"type":"Feature","properties":{"id":"2020-1606","county_nam":"Fulton","county_norm":"FULTON","prec_id":"JC06","precinct_name":"Fulton - JC06","precinct_norm":"FULTON - JC06","precinct_full_name":"Northview High School","has_polygon":true},"geometry":{"type":"Point","coordinates":[-84.17830298647274,34.0281235]}},{"type":"Feature","properties":{"id":"2020-1607","county_nam":"Cobb","county_norm":"COBB","prec_id":"VG01","precinct_name":"Cobb - VG01","precinct_norm":"COBB - VG01","precinct_full_name":"Vinings 01","has_polygon":true},"geometry":{"type":"Point","coordinates":[-84.45600012281342,33.8743105]}},{"type":"Feature","properties":{"id":"2020-1608","county_nam":"Fulton","county_norm":"FULTON","prec_id":"09F","precinct_name":"Fulton - 09F","precinct_norm":"FULTON - 09F","precinct_full_name":"Morris Brandon Primary Center School","has_polygon":true},"geometry":{"type":"Point","coordinates":[-84.43336702499403,33.820240999999996]}},{"type":"Feature","properties":{"id":"2020-1609","county_nam":"Fulton","county_norm":"FULTON","prec_id":"08N2","precinct_name":"Fulton - 08N2","precinct_norm":"FULTON - 08N2","precinct_full_name":"Trinity Presbyterian Church, PCUSA","has_polygon":true},"geometry":{"type":"Point","coordinates":[-84.42473547786003,33.8406085]}},{"type":"Feature","properties":{"id":"2020-1610","county_nam":"Fulton","county_norm":"FULTON","prec_id":"08N1","precinct_name":"Fulton - 08N1","precinct_norm":"FULTON - 08N1","precinct_full_name":"Trinity Presbyterian Church, PCUSA","has_polygon":true},"geometry":{"type":"Point","coordinates":[-84.419943218614,33.845692]}},{"type":"Feature","properties":{"id":"2020-1611","county_nam":"Fulton","county_norm":"FULTON","prec_id":"08F1","precinct_name":"Fulton - 08F1","precinct_norm":"FULTON - 08F1","precinct_full_name":"Trinity Presbyterian Church, PCUSA","has_polygon":true},"geometry":{"type":"Point","coordinates":[-84.41626410728414,33.833325]}},{"type":"Feature","properties":{"id":"2020-1612","county_nam":"Fulton","county_norm":"FULTON","prec_id":"08A","precinct_name":"Fulton - 08A","precinct_norm":"FULTON - 08A","precinct_full_name":"Sutton Middle Six Grade Campus","has_polygon":true},"geometry":{"type":"Point","coordinates":[-84.44216881841155,33.864812]}},{"type":"Feature","properties":{"id":"2020-1613","county_nam":"Fulton","county_norm":"FULTON","prec_id":"08D","precinct_name":"Fulton - 08D","precinct_norm":"FULTON - 08D","precinct_full_name":"Northside Branch Library","has_polygon":true},"geometry":{"type":"Point","coordinates":[-84.41983549287914,33.851511]}},{"type":"Feature","properties":{"id":"2020-1614","county_nam":"Fulton","county_norm":"FULTON","prec_id":"10K","precinct_name":"Fulton - 10K","precinct_norm":"FULTON - 10K","precinct_full_name":"Beecher Hills Elementary School","has_polygon":true},"geometry":{"type":"Point","coordinates":[-84.46552581919562,33.7293785]}},{"type":"Feature","properties":{"id":"2020-1615","county_nam":"Fulton","county_norm":"FULTON","prec_id":"10G","precinct_name":"Fulton - 10G","precinct_norm":"FULTON - 10G","precinct_full_name":"St. Paul's Episcopal Church","has_polygon":true},"geometry":{"type":"Point","coordinates":[-84.47237164297255,33.740743]}},{"type":"Feature","properties":{"id":"2020-1616","county_nam":"Fulton","county_norm":"FULTON","prec_id":"11H","precinct_name":"Fulton - 11H","precinct_norm":"FULTON - 11H","precinct_full_name":"Beecher Hills Elementary School","has_polygon":true},"geometry":{"type":"Point","coordinates":[-84.45487380377301,33.726578]}},{"type":"Feature","properties":{"id":"2020-1617","county_nam":"Fulton","county_norm":"FULTON","prec_id":"10J","precinct_name":"Fulton - 10J","precinct_norm":"FULTON - 10J","precinct_full_name":"St. Paul's Episcopal Church","has_polygon":true},"geometry":{"type":"Point","coordinates":[-84.4539026469361,33.746568499999995]}},{"type":"Feature","properties":{"id":"2020-1618","county_nam":"Fulton","county_norm":"FULTON","prec_id":"EP02E","precinct_name":"Fulton - EP02E","precinct_norm":"FULTON - EP02E","precinct_full_name":"Jefferson Park Recreation Center","has_polygon":true},"geometry":{"type":"Point","coordinates":[-84.42980468311418,33.694183499999994]}},{"type":"Feature","properties":{"id":"2020-1619","county_nam":"Fulton","county_norm":"FULTON","prec_id":"12L","precinct_name":"Fulton - 12L","precinct_norm":"FULTON - 12L","precinct_full_name":"Adams Park Library","has_polygon":true},"geometry":{"type":"Point","coordinates":[-84.43591206453326,33.7065515]}},{"type":"Feature","properties":{"id":"2020-1620","county_nam":"Fulton","county_norm":"FULTON","prec_id":"EP02B","precinct_name":"Fulton - EP02B","precinct_norm":"FULTON - EP02B","precinct_full_name":"Jefferson Park Recreation Center","has_polygon":true},"geometry":{"type":"Point","coordinates":[-84.42258593537699,33.6903925]}},{"type":"Feature","properties":{"id":"2020-1621","county_nam":"Fulton","county_norm":"FULTON","prec_id":"12G","precinct_name":"Fulton - 12G","precinct_norm":"FULTON - 12G","precinct_full_name":"Metropolitan Library","has_polygon":true},"geometry":{"type":"Point","coordinates":[-84.41181511795584,33.694302]}},{"type":"Feature","properties":{"id":"2020-1622","county_nam":"Cobb","county_norm":"COBB","prec_id":"TM01","precinct_name":"Cobb - TM01","precinct_norm":"COBB - TM01","precinct_full_name":"Terrell Mill 01","has_polygon":true},"geometry":{"type":"Point","coordinates":[-84.46891268024719,33.9270285]}},{"type":"Feature","properties":{"id":"2020-1623","county_nam":"Cobb","county_norm":"COBB","prec_id":"SO02","precinct_name":"Cobb - SO02","precinct_norm":"COBB - SO02","precinct_full_name":"Sope Creek 02","has_polygon":true},"geometry":{"type":"Point","coordinates":[-84.45890643323837,33.920396999999994]}},{"type":"Feature","properties":{"id":"2020-1624","county_nam":"Fulton","county_norm":"FULTON","prec_id":"SS09A","precinct_name":"Fulton - SS09A","precinct_norm":"FULTON - SS09A","precinct_full_name":"Mount Vernon Baptist Church","has_polygon":true},"geometry":{"type":"Point","coordinates":[-84.42733577300966,33.8976015]}},{"type":"Feature","properties":{"id":"2020-1625","county_nam":"Cobb","county_norm":"COBB","prec_id":"SO03","precinct_name":"Cobb - SO03","precinct_norm":"COBB - SO03","precinct_full_name":"Sope Creek 03","has_polygon":true},"geometry":{"type":"Point","coordinates":[-84.42832036278875,33.930741499999996]}},{"type":"Feature","properties":{"id":"2020-1626","county_nam":"Fulton","county_norm":"FULTON","prec_id":"SS16","precinct_name":"Fulton - SS16","precinct_norm":"FULTON - SS16","precinct_full_name":"Mount Vernon Baptist Church","has_polygon":true},"geometry":{"type":"Point","coordinates":[-84.42177506999218,33.9226435]}},{"type":"Feature","properties":{"id":"2020-1627","county_nam":"Fulton","county_norm":"FULTON","prec_id":"RW05","precinct_name":"Fulton - RW05","precinct_norm":"FULTON - RW05","precinct_full_name":"Elkins Pointe Middle School","has_polygon":true},"geometry":{"type":"Point","coordinates":[-84.3281437946782,34.046752999999995]}},{"type":"Feature","properties":{"id":"2020-1628","county_nam":"Fulton","county_norm":"FULTON","prec_id":"AP021","precinct_name":"Fulton - AP021","precinct_norm":"FULTON - AP021","precinct_full_name":"Wills Park Recreation Center","has_polygon":true},"geometry":{"type":"Point","coordinates":[-84.31181477257337,34.079093]}},{"type":"Feature","properties":{"id":"2020-1629","county_nam":"Fulton","county_norm":"FULTON","prec_id":"RW06","precinct_name":"Fulton - RW06","precinct_norm":"FULTON - RW06","precinct_full_name":"Northwood Elementary","has_polygon":true},"geometry":{"type":"Point","coordinates":[-84.29641402110957,34.01774]}},{"type":"Feature","properties":{"id":"2020-1630","county_nam":"Fulton","county_norm":"FULTON","prec_id":"RW13","precinct_name":"Fulton - RW13","precinct_norm":"FULTON - RW13","precinct_full_name":"Northwood Elementary","has_polygon":true},"geometry":{"type":"Point","coordinates":[-84.29587428539094,34.028893499999995]}},{"type":"Feature","properties":{"id":"2020-1631","county_nam":"Fulton","county_norm":"FULTON","prec_id":"AP01D","precinct_name":"Fulton - AP01D","precinct_norm":"FULTON - AP01D","precinct_full_name":"Haynes Bridge Middle","has_polygon":true},"geometry":{"type":"Point","coordinates":[-84.29639952684687,34.042660999999995]}},{"type":"Feature","properties":{"id":"2020-1632","county_nam":"Fulton","county_norm":"FULTON","prec_id":"AP02B","precinct_name":"Fulton - AP02B","precinct_norm":"FULTON - AP02B","precinct_full_name":"Wills Park Recreation Center","has_polygon":true},"geometry":{"type":"Point","coordinates":[-84.31023596635751,34.0477045]}},{"type":"Feature","properties":{"id":"2020-1633","county_nam":"Fulton","county_norm":"FULTON","prec_id":"AP022","precinct_name":"Fulton - AP022","precinct_norm":"FULTON - AP022","precinct_full_name":"Wills Park Recreation Center","has_polygon":true},"geometry":{"type":"Point","coordinates":[-84.2940335025387,34.0614405]}},{"type":"Feature","properties":{"id":"2020-1634","county_nam":"Fulton","county_norm":"FULTON","prec_id":"AP01B","precinct_name":"Fulton - AP01B","precinct_norm":"FULTON - AP01B","precinct_full_name":"Alpharetta Library","has_polygon":true},"geometry":{"type":"Point","coordinates":[-84.28319344913194,34.0631885]}},{"type":"Feature","properties":{"id":"2020-1635","county_nam":"Clayton","county_norm":"CLAYTON","prec_id":"OAK1","precinct_name":"Clayton - OAK1","precinct_norm":"CLAYTON - OAK1","precinct_full_name":"Oak 1","has_polygon":true},"geometry":{"type":"Point","coordinates":[-84.44539267350528,33.619037500000005]}},{"type":"Feature","properties":{"id":"2020-1636","county_nam":"Fulton","county_norm":"FULTON","prec_id":"CP02","precinct_name":"Fulton - CP02","precinct_norm":"FULTON - CP02","precinct_full_name":"College Park Auditorium","has_polygon":true},"geometry":{"type":"Point","coordinates":[-84.43910537813927,33.6510955]}},{"type":"Feature","properties":{"id":"2020-1637","county_nam":"Fulton","county_norm":"FULTON","prec_id":"CP01B","precinct_name":"Fulton - CP01B","precinct_norm":"FULTON - CP01B","precinct_full_name":"College Park Auditorium","has_polygon":true},"geometry":{"type":"Point","coordinates":[-84.4409290978125,33.666197]}},{"type":"Feature","properties":{"id":"2020-1638","county_nam":"Fulton","county_norm":"FULTON","prec_id":"EP02C","precinct_name":"Fulton - EP02C","precinct_norm":"FULTON - EP02C","precinct_full_name":"Jefferson Park Recreation Center","has_polygon":true},"geometry":{"type":"Point","coordinates":[-84.4293351869346,33.6646525]}},{"type":"Feature","properties":{"id":"2020-1639","county_nam":"Fulton","county_norm":"FULTON","prec_id":"RW08","precinct_name":"Fulton - RW08","precinct_norm":"FULTON - RW08","precinct_full_name":"Crosspointe Community Church","has_polygon":true},"geometry":{"type":"Point","coordinates":[-84.35130442237804,34.0426485]}},{"type":"Feature","properties":{"id":"2020-1640","county_nam":"Fulton","county_norm":"FULTON","prec_id":"RW12","precinct_name":"Fulton - RW12","precinct_norm":"FULTON - RW12","precinct_full_name":"North River Baptist Church","has_polygon":true},"geometry":{"type":"Point","coordinates":[-84.36980013054959,34.063215]}},{"type":"Feature","properties":{"id":"2020-1641","county_nam":"Fulton","county_norm":"FULTON","prec_id":"RW16","precinct_name":"Fulton - RW16","precinct_norm":"FULTON - RW16","precinct_full_name":"Elkins Pointe Middle School","has_polygon":true},"geometry":{"type":"Point","coordinates":[-84.34562725619388,34.0544825]}},{"type":"Feature","properties":{"id":"2020-1642","county_nam":"Fulton","county_norm":"FULTON","prec_id":"RW12A","precinct_name":"Fulton - RW12A","precinct_norm":"FULTON - RW12A","precinct_full_name":"RW12A","has_polygon":true},"geometry":{"type":"Point","coordinates":[-84.345189883624,34.071195]}},{"type":"Feature","properties":{"id":"2020-1643","county_nam":"Dekalb","county_norm":"DEKALB","prec_id":"DI","precinct_name":"Dekalb - DI","precinct_norm":"DEKALB - DI","precinct_full_name":"Dunwoody Library (Dunwoody)","has_polygon":true},"geometry":{"type":"Point","coordinates":[-84.33634196221442,33.949661]}},{"type":"Feature","properties":{"id":"2020-1644","county_nam":"Dekalb","county_norm":"DEKALB","prec_id":"AD","precinct_name":"Dekalb - AD","precinct_norm":"DEKALB - AD","precinct_full_name":"Austin (Dunwoody)","has_polygon":true},"geometry":{"type":"Point","coordinates":[-84.33635375602009,33.9613695]}},{"type":"Feature","properties":{"id":"2020-1645","county_nam":"Dekalb","county_norm":"DEKALB","prec_id":"MQ","precinct_name":"Dekalb - MQ","precinct_norm":"DEKALB - MQ","precinct_full_name":"Mount Vernon East (Dunwoody)","has_polygon":true},"geometry":{"type":"Point","coordinates":[-84.31323168638033,33.9589485]}},{"type":"Feature","properties":{"id":"2020-1646","county_nam":"Fulton","county_norm":"FULTON","prec_id":"SS15B","precinct_name":"Fulton - SS15B","precinct_norm":"FULTON - SS15B","precinct_full_name":"Sandy Springs Middle School","has_polygon":true},"geometry":{"type":"Point","coordinates":[-84.34211370061256,34.0010365]}},{"type":"Feature","properties":{"id":"2020-1647","county_nam":"Fulton","county_norm":"FULTON","prec_id":"SS17","precinct_name":"Fulton - SS17","precinct_norm":"FULTON - SS17","precinct_full_name":"Temple Emanu-El Of Greater Atlanta","has_polygon":true},"geometry":{"type":"Point","coordinates":[-84.32565741848764,33.984778500000004]}},{"type":"Feature","properties":{"id":"2020-1648","county_nam":"Fulton","county_norm":"FULTON","prec_id":"SS15A","precinct_name":"Fulton - SS15A","precinct_norm":"FULTON - SS15A","precinct_full_name":"Sandy Springs Middle School","has_polygon":true},"geometry":{"type":"Point","coordinates":[-84.34543527455025,33.991816]}},{"type":"Feature","properties":{"id":"2020-1649","county_nam":"Cobb","county_norm":"COBB","prec_id":"RW01","precinct_name":"Cobb - RW01","precinct_norm":"COBB - RW01","precinct_full_name":"Roswell 01","has_polygon":true},"geometry":{"type":"Point","coordinates":[-84.40708901176471,34.018018]}},{"type":"Feature","properties":{"id":"2020-1650","county_nam":"Fulton","county_norm":"FULTON","prec_id":"RW02","precinct_name":"Fulton - RW02","precinct_norm":"FULTON - RW02","precinct_full_name":"Temple Beth Tikvah","has_polygon":true},"geometry":{"type":"Point","coordinates":[-84.38073208831347,34.0159995]}},{"type":"Feature","properties":{"id":"2020-1651","county_nam":"Fulton","county_norm":"FULTON","prec_id":"RW10","precinct_name":"Fulton - RW10","precinct_norm":"FULTON - RW10","precinct_full_name":"Crosspointe Community Church","has_polygon":true},"geometry":{"type":"Point","coordinates":[-84.38157007200195,34.034476999999995]}},{"type":"Feature","properties":{"id":"2020-1652","county_nam":"Fulton","county_norm":"FULTON","prec_id":"RW09","precinct_name":"Fulton - RW09","precinct_norm":"FULTON - RW09","precinct_full_name":"Roswell High School","has_polygon":true},"geometry":{"type":"Point","coordinates":[-84.40111188861758,34.069707]}},{"type":"Feature","properties":{"id":"2020-1653","county_nam":"Fulton","county_norm":"FULTON","prec_id":"RW01","precinct_name":"Fulton - RW01","precinct_norm":"FULTON - RW01","precinct_full_name":"Crabapple Middle","has_polygon":true},"geometry":{"type":"Point","coordinates":[-84.39939748878923,34.044264]}},{"type":"Feature","properties":{"id":"2020-1654","county_nam":"Fulton","county_norm":"FULTON","prec_id":"RW03","precinct_name":"Fulton - RW03","precinct_norm":"FULTON - RW03","precinct_full_name":"Temple Beth Tikvah","has_polygon":true},"geometry":{"type":"Point","coordinates":[-84.34365341136379,34.020163]}},{"type":"Feature","properties":{"id":"2020-1655","county_nam":"Cobb","county_norm":"COBB","prec_id":"MT01","precinct_name":"Cobb - MT01","precinct_norm":"COBB - MT01","precinct_full_name":"Mount Bethel 01","has_polygon":true},"geometry":{"type":"Point","coordinates":[-84.395923751225,33.9728315]}},{"type":"Feature","properties":{"id":"2020-1656","county_nam":"Fulton","county_norm":"FULTON","prec_id":"SS18B","precinct_name":"Fulton - SS18B","precinct_norm":"FULTON - SS18B","precinct_full_name":"Sandy Springs Christian Church","has_polygon":true},"geometry":{"type":"Point","coordinates":[-84.39390631672298,33.951961]}},{"type":"Feature","properties":{"id":"2020-1657","county_nam":"Cobb","county_norm":"COBB","prec_id":"TR01","precinct_name":"Cobb - TR01","precinct_norm":"COBB - TR01","precinct_full_name":"Timber Ridge 01","has_polygon":true},"geometry":{"type":"Point","coordinates":[-84.39435176324042,33.992334]}},{"type":"Feature","properties":{"id":"2020-1658","county_nam":"Fulton","county_norm":"FULTON","prec_id":"SS02A","precinct_name":"Fulton - SS02A","precinct_norm":"FULTON - SS02A","precinct_full_name":"Spalding Drive Elementary","has_polygon":true},"geometry":{"type":"Point","coordinates":[-84.37588212598425,33.952231999999995]}},{"type":"Feature","properties":{"id":"2020-1659","county_nam":"Fulton","county_norm":"FULTON","prec_id":"SS19B","precinct_name":"Fulton - SS19B","precinct_norm":"FULTON - SS19B","precinct_full_name":"North Fulton Annex","has_polygon":true},"geometry":{"type":"Point","coordinates":[-84.37473164608802,33.9627135]}},{"type":"Feature","properties":{"id":"2020-1660","county_nam":"Fulton","county_norm":"FULTON","prec_id":"SS19A","precinct_name":"Fulton - SS19A","precinct_norm":"FULTON - SS19A","precinct_full_name":"Ison Springs Elementary","has_polygon":true},"geometry":{"type":"Point","coordinates":[-84.36295279940565,33.975353]}},{"type":"Feature","properties":{"id":"2020-1661","county_nam":"Fulton","county_norm":"FULTON","prec_id":"SS26","precinct_name":"Fulton - SS26","precinct_norm":"FULTON - SS26","precinct_full_name":"North Fulton Annex","has_polygon":true},"geometry":{"type":"Point","coordinates":[-84.35731276525328,33.9654645]}},{"type":"Feature","properties":{"id":"2020-1662","county_nam":"Fulton","county_norm":"FULTON","prec_id":"SS20","precinct_name":"Fulton - SS20","precinct_norm":"FULTON - SS20","precinct_full_name":"Woodland Elementary","has_polygon":true},"geometry":{"type":"Point","coordinates":[-84.3458331051041,33.9724425]}},{"type":"Feature","properties":{"id":"2020-1663","county_nam":"Fulton","county_norm":"FULTON","prec_id":"SS22","precinct_name":"Fulton - SS22","precinct_norm":"FULTON - SS22","precinct_full_name":"Ison Springs Elementary","has_polygon":true},"geometry":{"type":"Point","coordinates":[-84.363778848776,33.988811999999996]}},{"type":"Feature","properties":{"id":"2020-1664","county_nam":"Fulton","county_norm":"FULTON","prec_id":"RW11A","precinct_name":"Fulton - RW11A","precinct_norm":"FULTON - RW11A","precinct_full_name":"Roswell Library","has_polygon":true},"geometry":{"type":"Point","coordinates":[-84.36503164416175,34.00356]}},{"type":"Feature","properties":{"id":"2020-1665","county_nam":"Dekalb","county_norm":"DEKALB","prec_id":"CE","precinct_name":"Dekalb - CE","precinct_norm":"DEKALB - CE","precinct_full_name":"Chamblee (Chamblee)","has_polygon":true},"geometry":{"type":"Point","coordinates":[-84.29708287893908,33.892949]}},{"type":"Feature","properties":{"id":"2020-1666","county_nam":"Dekalb","county_norm":"DEKALB","prec_id":"CZ","precinct_name":"Dekalb - CZ","precinct_norm":"DEKALB - CZ","precinct_full_name":"Chamblee 2 (Chamblee)","has_polygon":true},"geometry":{"type":"Point","coordinates":[-84.31170269359906,33.896549500000006]}},{"type":"Feature","properties":{"id":"2020-1667","county_nam":"Dekalb","county_norm":"DEKALB","prec_id":"HF","precinct_name":"Dekalb - HF","precinct_norm":"DEKALB - HF","precinct_full_name":"Huntley Hills Elementary (Chamblee)","has_polygon":true},"geometry":{"type":"Point","coordinates":[-84.30044394839427,33.9130035]}},{"type":"Feature","properties":{"id":"2020-1668","county_nam":"Dekalb","county_norm":"DEKALB","prec_id":"PB","precinct_name":"Dekalb - PB","precinct_norm":"DEKALB - PB","precinct_full_name":"Peachtree Middle (Dunwoody)","has_polygon":true},"geometry":{"type":"Point","coordinates":[-84.30635619873271,33.927773]}},{"type":"Feature","properties":{"id":"2020-1669","county_nam":"Dekalb","county_norm":"DEKALB","prec_id":"DG","precinct_name":"Dekalb - DG","precinct_norm":"DEKALB - DG","precinct_full_name":"Dunwoody 2 (Dunwoody)","has_polygon":true},"geometry":{"type":"Point","coordinates":[-84.30705441247693,33.9409765]}},{"type":"Feature","properties":{"id":"2020-1670","county_nam":"Dekalb","county_norm":"DEKALB","prec_id":"CH","precinct_name":"Dekalb - CH","precinct_norm":"DEKALB - CH","precinct_full_name":"Chesnut Elementary (Dunwoody)","has_polygon":true},"geometry":{"type":"Point","coordinates":[-84.29171014427827,33.9242545]}},{"type":"Feature","properties":{"id":"2020-1671","county_nam":"Dekalb","county_norm":"DEKALB","prec_id":"TG","precinct_name":"Dekalb - TG","precinct_norm":"DEKALB - TG","precinct_full_name":"Tilly Mill Road (Dunwoody)","has_polygon":true},"geometry":{"type":"Point","coordinates":[-84.29329022013367,33.936345]}},{"type":"Feature","properties":{"id":"2020-1672","county_nam":"Cobb","county_norm":"COBB","prec_id":"MT03","precinct_name":"Cobb - MT03","precinct_norm":"COBB - MT03","precinct_full_name":"Mount Bethel 03","has_polygon":true},"geometry":{"type":"Point","coordinates":[-84.40664378853955,33.95788]}},{"type":"Feature","properties":{"id":"2020-1673","county_nam":"Cobb","county_norm":"COBB","prec_id":"FP01","precinct_name":"Cobb - FP01","precinct_norm":"COBB - FP01","precinct_full_name":"Fullers Park 01","has_polygon":true},"geometry":{"type":"Point","coordinates":[-84.46487511168417,33.970294499999994]}},{"type":"Feature","properties":{"id":"2020-1674","county_nam":"Cobb","county_norm":"COBB","prec_id":"SM01","precinct_name":"Cobb - SM01","precinct_norm":"COBB - SM01","precinct_full_name":"Sewell Mill 01","has_polygon":true},"geometry":{"type":"Point","coordinates":[-84.47638212235469,33.9882925]}},{"type":"Feature","properties":{"id":"2020-1675","county_nam":"Cobb","county_norm":"COBB","prec_id":"MD01","precinct_name":"Cobb - MD01","precinct_norm":"COBB - MD01","precinct_full_name":"Murdock 01","has_polygon":true},"geometry":{"type":"Point","coordinates":[-84.45846680224028,33.9986125]}},{"type":"Feature","properties":{"id":"2020-1676","county_nam":"Cobb","county_norm":"COBB","prec_id":"MT04","precinct_name":"Cobb - MT04","precinct_norm":"COBB - MT04","precinct_full_name":"Mount Bethel 04","has_polygon":true},"geometry":{"type":"Point","coordinates":[-84.4287893851058,33.951338]}},{"type":"Feature","properties":{"id":"2020-1677","county_nam":"Cobb","county_norm":"COBB","prec_id":"EA01","precinct_name":"Cobb - EA01","precinct_norm":"COBB - EA01","precinct_full_name":"Eastside 01","has_polygon":true},"geometry":{"type":"Point","coordinates":[-84.43985130649321,33.968778]}},{"type":"Feature","properties":{"id":"2020-1678","county_nam":"Cobb","county_norm":"COBB","prec_id":"DO01","precinct_name":"Cobb - DO01","precinct_norm":"COBB - DO01","precinct_full_name":"Dodgen 01","has_polygon":true},"geometry":{"type":"Point","coordinates":[-84.44049027848452,33.986961]}},{"type":"Feature","properties":{"id":"2020-1679","county_nam":"Cobb","county_norm":"COBB","prec_id":"CR01","precinct_name":"Cobb - CR01","precinct_norm":"COBB - CR01","precinct_full_name":"Chestnut Ridge 01","has_polygon":true},"geometry":{"type":"Point","coordinates":[-84.44131796545157,34.0093165]}},{"type":"Feature","properties":{"id":"2020-1680","county_nam":"Cobb","county_norm":"COBB","prec_id":"RW02","precinct_name":"Cobb - RW02","precinct_norm":"COBB - RW02","precinct_full_name":"Roswell 02","has_polygon":true},"geometry":{"type":"Point","coordinates":[-84.42175366287185,33.9941855]}},{"type":"Feature","properties":{"id":"2020-1681","county_nam":"Gwinnett","county_norm":"GWINNETT","prec_id":"007","precinct_name":"Gwinnett - 007","precinct_norm":"GWINNETT - 007","precinct_full_name":"Duluth A","has_polygon":true},"geometry":{"type":"Point","coordinates":[-84.12798069139703,34.018867]}},{"type":"Feature","properties":{"id":"2020-1682","county_nam":"Fulton","county_norm":"FULTON","prec_id":"JC01","precinct_name":"Fulton - JC01","precinct_norm":"FULTON - JC01","precinct_full_name":"River Trail Middle School","has_polygon":true},"geometry":{"type":"Point","coordinates":[-84.14554121498313,34.0476485]}},{"type":"Feature","properties":{"id":"2020-1683","county_nam":"Forsyth","county_norm":"FORSYTH","prec_id":"19","precinct_name":"Forsyth - 19","precinct_norm":"FORSYTH - 19","precinct_full_name":"Old Atlanta","has_polygon":true},"geometry":{"type":"Point","coordinates":[-84.12095677293934,34.0767595]}},{"type":"Feature","properties":{"id":"2020-1684","county_nam":"Gwinnett","county_norm":"GWINNETT","prec_id":"155","precinct_name":"Gwinnett - 155","precinct_norm":"GWINNETT - 155","precinct_full_name":"Suwanee G","has_polygon":true},"geometry":{"type":"Point","coordinates":[-84.09751962886278,34.039614]}},{"type":"Feature","properties":{"id":"2020-1685","county_nam":"Gwinnett","county_norm":"GWINNETT","prec_id":"140","precinct_name":"Gwinnett - 140","precinct_norm":"GWINNETT - 140","precinct_full_name":"Suwanee H","has_polygon":true},"geometry":{"type":"Point","coordinates":[-84.10222333494971,34.072340499999996]}},{"type":"Feature","properties":{"id":"2020-1686","county_nam":"Gwinnett","county_norm":"GWINNETT","prec_id":"017","precinct_name":"Gwinnett - 017","precinct_norm":"GWINNETT - 017","precinct_full_name":"Martins A","has_polygon":true},"geometry":{"type":"Point","coordinates":[-84.07189757616221,33.9514705]}},{"type":"Feature","properties":{"id":"2020-1687","county_nam":"Gwinnett","county_norm":"GWINNETT","prec_id":"077","precinct_name":"Gwinnett - 077","precinct_norm":"GWINNETT - 077","precinct_full_name":"Goodwins C","has_polygon":true},"geometry":{"type":"Point","coordinates":[-84.06436543943789,33.978719999999996]}},{"type":"Feature","properties":{"id":"2020-1688","county_nam":"Gwinnett","county_norm":"GWINNETT","prec_id":"106","precinct_name":"Gwinnett - 106","precinct_norm":"GWINNETT - 106","precinct_full_name":"Suwanee C","has_polygon":true},"geometry":{"type":"Point","coordinates":[-84.07000091298343,34.029521]}},{"type":"Feature","properties":{"id":"2020-1689","county_nam":"Gwinnett","county_norm":"GWINNETT","prec_id":"131","precinct_name":"Gwinnett - 131","precinct_norm":"GWINNETT - 131","precinct_full_name":"Suwanee E","has_polygon":true},"geometry":{"type":"Point","coordinates":[-84.0790526418823,34.0690035]}},{"type":"Feature","properties":{"id":"2020-1690","county_nam":"Gwinnett","county_norm":"GWINNETT","prec_id":"004","precinct_name":"Gwinnett - 004","precinct_norm":"GWINNETT - 004","precinct_full_name":"Suwanee A","has_polygon":true},"geometry":{"type":"Point","coordinates":[-84.06771029244001,34.062745]}},{"type":"Feature","properties":{"id":"2020-1691","county_nam":"Gwinnett","county_norm":"GWINNETT","prec_id":"098","precinct_name":"Gwinnett - 098","precinct_norm":"GWINNETT - 098","precinct_full_name":"Goodwins F","has_polygon":true},"geometry":{"type":"Point","coordinates":[-84.03076719289606,34.0205955]}},{"type":"Feature","properties":{"id":"2020-1692","county_nam":"Gwinnett","county_norm":"GWINNETT","prec_id":"142","precinct_name":"Gwinnett - 142","precinct_norm":"GWINNETT - 142","precinct_full_name":"Suwanee F","has_polygon":true},"geometry":{"type":"Point","coordinates":[-84.03841192843632,34.050776]}},{"type":"Feature","properties":{"id":"2020-1693","county_nam":"Gwinnett","county_norm":"GWINNETT","prec_id":"100","precinct_name":"Gwinnett - 100","precinct_norm":"GWINNETT - 100","precinct_full_name":"Suwanee B","has_polygon":true},"geometry":{"type":"Point","coordinates":[-84.04588576987952,34.063595]}},{"type":"Feature","properties":{"id":"2020-1694","county_nam":"Gwinnett","county_norm":"GWINNETT","prec_id":"030","precinct_name":"Gwinnett - 030","precinct_norm":"GWINNETT - 030","precinct_full_name":"Cates C","has_polygon":true},"geometry":{"type":"Point","coordinates":[-83.99504388929472,33.8367995]}},{"type":"Feature","properties":{"id":"2020-1695","county_nam":"Fulton","county_norm":"FULTON","prec_id":"SS09B","precinct_name":"Fulton - SS09B","precinct_norm":"FULTON - SS09B","precinct_full_name":"North Fulton Training Center","has_polygon":true},"geometry":{"type":"Point","coordinates":[-84.39966081811681,33.897731]}},{"type":"Feature","properties":{"id":"2020-1696","county_nam":"Fulton","county_norm":"FULTON","prec_id":"SS13B","precinct_name":"Fulton - SS13B","precinct_norm":"FULTON - SS13B","precinct_full_name":"North Fulton Training Center","has_polygon":true},"geometry":{"type":"Point","coordinates":[-84.38435918303159,33.8858035]}},{"type":"Feature","properties":{"id":"2020-1697","county_nam":"Fulton","county_norm":"FULTON","prec_id":"SS11D","precinct_name":"Fulton - SS11D","precinct_norm":"FULTON - SS11D","precinct_full_name":"High Point Elementary","has_polygon":true},"geometry":{"type":"Point","coordinates":[-84.38388571032915,33.894871]}},{"type":"Feature","properties":{"id":"2020-1698","county_nam":"Fulton","county_norm":"FULTON","prec_id":"SS11B","precinct_name":"Fulton - SS11B","precinct_norm":"FULTON - SS11B","precinct_full_name":"High Point Elementary","has_polygon":true},"geometry":{"type":"Point","coordinates":[-84.38286710911436,33.9038815]}},{"type":"Feature","properties":{"id":"2020-1699","county_nam":"Fulton","county_norm":"FULTON","prec_id":"SS06","precinct_name":"Fulton - SS06","precinct_norm":"FULTON - SS06","precinct_full_name":"Sandy Springs Library","has_polygon":true},"geometry":{"type":"Point","coordinates":[-84.39325287596793,33.92475]}},{"type":"Feature","properties":{"id":"2020-1700","county_nam":"Fulton","county_norm":"FULTON","prec_id":"SS05","precinct_name":"Fulton - SS05","precinct_norm":"FULTON - SS05","precinct_full_name":"Sandy Springs Christian Church","has_polygon":true},"geometry":{"type":"Point","coordinates":[-84.40047223541337,33.935257]}},{"type":"Feature","properties":{"id":"2020-1701","county_nam":"Fulton","county_norm":"FULTON","prec_id":"SS18A","precinct_name":"Fulton - SS18A","precinct_norm":"FULTON - SS18A","precinct_full_name":"Sandy Springs Christian Church","has_polygon":true},"geometry":{"type":"Point","coordinates":[-84.39083809824972,33.9471285]}},{"type":"Feature","properties":{"id":"2020-1702","county_nam":"Fulton","county_norm":"FULTON","prec_id":"SS31","precinct_name":"Fulton - SS31","precinct_norm":"FULTON - SS31","precinct_full_name":"Sandy Springs Library","has_polygon":true},"geometry":{"type":"Point","coordinates":[-84.38689458882284,33.918157]}},{"type":"Feature","properties":{"id":"2020-1703","county_nam":"Fulton","county_norm":"FULTON","prec_id":"SS03","precinct_name":"Fulton - SS03","precinct_norm":"FULTON - SS03","precinct_full_name":"Lake Forest Elementary School","has_polygon":true},"geometry":{"type":"Point","coordinates":[-84.38374623764368,33.936598000000004]}},{"type":"Feature","properties":{"id":"2020-1704","county_nam":"Fulton","county_norm":"FULTON","prec_id":"SS13A","precinct_name":"Fulton - SS13A","precinct_norm":"FULTON - SS13A","precinct_full_name":"North Fulton Training Center","has_polygon":true},"geometry":{"type":"Point","coordinates":[-84.37393417873363,33.88691]}},{"type":"Feature","properties":{"id":"2020-1705","county_nam":"Fulton","county_norm":"FULTON","prec_id":"SS11A","precinct_name":"Fulton - SS11A","precinct_norm":"FULTON - SS11A","precinct_full_name":"Church Of The Redeemer","has_polygon":true},"geometry":{"type":"Point","coordinates":[-84.37256797429907,33.9022615]}},{"type":"Feature","properties":{"id":"2020-1706","county_nam":"Fulton","county_norm":"FULTON","prec_id":"SS11C","precinct_name":"Fulton - SS11C","precinct_norm":"FULTON - SS11C","precinct_full_name":"High Point Elementary","has_polygon":true},"geometry":{"type":"Point","coordinates":[-84.37666077316877,33.9119515]}},{"type":"Feature","properties":{"id":"2020-1707","county_nam":"Fulton","county_norm":"FULTON","prec_id":"SS14","precinct_name":"Fulton - SS14","precinct_norm":"FULTON - SS14","precinct_full_name":"Ridgeview Charter Middle School","has_polygon":true},"geometry":{"type":"Point","coordinates":[-84.35912901924411,33.884069499999995]}},{"type":"Feature","properties":{"id":"2020-1708","county_nam":"Gwinnett","county_norm":"GWINNETT","prec_id":"070","precinct_name":"Gwinnett - 070","precinct_norm":"GWINNETT - 070","precinct_full_name":"Goodwins B","has_polygon":true},"geometry":{"type":"Point","coordinates":[-84.00664459491502,34.02466]}},{"type":"Feature","properties":{"id":"2020-1709","county_nam":"Gwinnett","county_norm":"GWINNETT","prec_id":"026","precinct_name":"Gwinnett - 026","precinct_norm":"GWINNETT - 026","precinct_full_name":"Hog Mountain A","has_polygon":true},"geometry":{"type":"Point","coordinates":[-84.0121635744883,34.0417945]}},{"type":"Feature","properties":{"id":"2020-1710","county_nam":"Gwinnett","county_norm":"GWINNETT","prec_id":"031","precinct_name":"Gwinnett - 031","precinct_norm":"GWINNETT - 031","precinct_full_name":"Hog Mountain D","has_polygon":true},"geometry":{"type":"Point","coordinates":[-83.9760559665493,34.022738000000004]}},{"type":"Feature","properties":{"id":"2020-1711","county_nam":"Gwinnett","county_norm":"GWINNETT","prec_id":"136","precinct_name":"Gwinnett - 136","precinct_norm":"GWINNETT - 136","precinct_full_name":"Hog Mountain C","has_polygon":true},"geometry":{"type":"Point","coordinates":[-83.96171606866126,34.049429]}},{"type":"Feature","properties":{"id":"2020-1712","county_nam":"Gwinnett","county_norm":"GWINNETT","prec_id":"067","precinct_name":"Gwinnett - 067","precinct_norm":"GWINNETT - 067","precinct_full_name":"Pucketts E","has_polygon":true},"geometry":{"type":"Point","coordinates":[-83.96501212571395,34.0753155]}},{"type":"Feature","properties":{"id":"2020-1713","county_nam":"Gwinnett","county_norm":"GWINNETT","prec_id":"071","precinct_name":"Gwinnett - 071","precinct_norm":"GWINNETT - 071","precinct_full_name":"Lawrenceville F","has_polygon":true},"geometry":{"type":"Point","coordinates":[-83.94140770376711,33.9487095]}},{"type":"Feature","properties":{"id":"2020-1714","county_nam":"Gwinnett","county_norm":"GWINNETT","prec_id":"144","precinct_name":"Gwinnett - 144","precinct_norm":"GWINNETT - 144","precinct_full_name":"Lawrenceville M","has_polygon":true},"geometry":{"type":"Point","coordinates":[-83.94140035406421,33.966886]}},{"type":"Feature","properties":{"id":"2020-1715","county_nam":"Gwinnett","county_norm":"GWINNETT","prec_id":"027","precinct_name":"Gwinnett - 027","precinct_norm":"GWINNETT - 027","precinct_full_name":"Hog Mountain B","has_polygon":true},"geometry":{"type":"Point","coordinates":[-83.95050943032032,34.0065075]}},{"type":"Feature","properties":{"id":"2020-1716","county_nam":"Fulton","county_norm":"FULTON","prec_id":"08M","precinct_name":"Fulton - 08M","precinct_norm":"FULTON - 08M","precinct_full_name":"Buckhead Library","has_polygon":true},"geometry":{"type":"Point","coordinates":[-84.39437930853646,33.8411775]}},{"type":"Feature","properties":{"id":"2020-1717","county_nam":"Fulton","county_norm":"FULTON","prec_id":"07J","precinct_name":"Fulton - 07J","precinct_norm":"FULTON - 07J","precinct_full_name":"Peachtree Hills Recreation Center","has_polygon":true},"geometry":{"type":"Point","coordinates":[-84.38115574507444,33.81734]}},{"type":"Feature","properties":{"id":"2020-1718","county_nam":"Fulton","county_norm":"FULTON","prec_id":"07H","precinct_name":"Fulton - 07H","precinct_norm":"FULTON - 07H","precinct_full_name":"Second Ponce De Leon Baptist Church","has_polygon":true},"geometry":{"type":"Point","coordinates":[-84.37897975917306,33.8258735]}},{"type":"Feature","properties":{"id":"2020-1719","county_nam":"Fulton","county_norm":"FULTON","prec_id":"08G","precinct_name":"Fulton - 08G","precinct_norm":"FULTON - 08G","precinct_full_name":"Cathedral Of Saint Philip","has_polygon":true},"geometry":{"type":"Point","coordinates":[-84.38919946400264,33.835991]}},{"type":"Feature","properties":{"id":"2020-1720","county_nam":"Fulton","county_norm":"FULTON","prec_id":"08C","precinct_name":"Fulton - 08C","precinct_norm":"FULTON - 08C","precinct_full_name":"Sutton Middle Six Grade Campus","has_polygon":true},"geometry":{"type":"Point","coordinates":[-84.39838263718097,33.857845499999996]}},{"type":"Feature","properties":{"id":"2020-1721","county_nam":"Fulton","county_norm":"FULTON","prec_id":"08B","precinct_name":"Fulton - 08B","precinct_norm":"FULTON - 08B","precinct_full_name":"Chastain Park Gymnasium","has_polygon":true},"geometry":{"type":"Point","coordinates":[-84.39475156561645,33.871364]}},{"type":"Feature","properties":{"id":"2020-1722","county_nam":"Fulton","county_norm":"FULTON","prec_id":"06I","precinct_name":"Fulton - 06I","precinct_norm":"FULTON - 06I","precinct_full_name":"Peachtree Hills Recreation Center","has_polygon":true},"geometry":{"type":"Point","coordinates":[-84.36574973726096,33.8218745]}},{"type":"Feature","properties":{"id":"2020-1723","county_nam":"Fulton","county_norm":"FULTON","prec_id":"12D","precinct_name":"Fulton - 12D","precinct_norm":"FULTON - 12D","precinct_full_name":"Metropolitan Library","has_polygon":true},"geometry":{"type":"Point","coordinates":[-84.41106892626073,33.701893]}},{"type":"Feature","properties":{"id":"2020-1724","county_nam":"Fulton","county_norm":"FULTON","prec_id":"12A1","precinct_name":"Fulton - 12A1","precinct_norm":"FULTON - 12A1","precinct_full_name":"12A1","has_polygon":true},"geometry":{"type":"Point","coordinates":[-84.4226325999191,33.711481]}},{"type":"Feature","properties":{"id":"2020-1725","county_nam":"Fulton","county_norm":"FULTON","prec_id":"04S","precinct_name":"Fulton - 04S","precinct_norm":"FULTON - 04S","precinct_full_name":"St. Peter Missionary Baptist Church","has_polygon":true},"geometry":{"type":"Point","coordinates":[-84.44250605360594,33.7196525]}},{"type":"Feature","properties":{"id":"2020-1726","county_nam":"Fulton","county_norm":"FULTON","prec_id":"04X1","precinct_name":"Fulton - 04X1","precinct_norm":"FULTON - 04X1","precinct_full_name":"Joseph McGhee Tennis Center","has_polygon":true},"geometry":{"type":"Point","coordinates":[-84.43904613764192,33.729992499999994]}},{"type":"Feature","properties":{"id":"2020-1727","county_nam":"Fulton","county_norm":"FULTON","prec_id":"04M","precinct_name":"Fulton - 04M","precinct_norm":"FULTON - 04M","precinct_full_name":"James Orange Park","has_polygon":true},"geometry":{"type":"Point","coordinates":[-84.42878755576335,33.717957999999996]}},{"type":"Feature","properties":{"id":"2020-1728","county_nam":"Fulton","county_norm":"FULTON","prec_id":"04T","precinct_name":"Fulton - 04T","precinct_norm":"FULTON - 04T","precinct_full_name":"James Orange Park","has_polygon":true},"geometry":{"type":"Point","coordinates":[-84.43239411508449,33.7279315]}},{"type":"Feature","properties":{"id":"2020-1729","county_nam":"Fulton","county_norm":"FULTON","prec_id":"10M","precinct_name":"Fulton - 10M","precinct_norm":"FULTON - 10M","precinct_full_name":"Joseph McGhee Tennis Center","has_polygon":true},"geometry":{"type":"Point","coordinates":[-84.44132444800886,33.73714]}},{"type":"Feature","properties":{"id":"2020-1730","county_nam":"Fulton","county_norm":"FULTON","prec_id":"04X2","precinct_name":"Fulton - 04X2","precinct_norm":"FULTON - 04X2","precinct_full_name":"Joseph McGhee Tennis Center","has_polygon":true},"geometry":{"type":"Point","coordinates":[-84.43382516192355,33.7395905]}},{"type":"Feature","properties":{"id":"2020-1731","county_nam":"Fulton","county_norm":"FULTON","prec_id":"04L","precinct_name":"Fulton - 04L","precinct_norm":"FULTON - 04L","precinct_full_name":"West Hunter Street Baptist Church","has_polygon":true},"geometry":{"type":"Point","coordinates":[-84.42863407591314,33.740181500000006]}},{"type":"Feature","properties":{"id":"2020-1732","county_nam":"Cobb","county_norm":"COBB","prec_id":"LM02","precinct_name":"Cobb - LM02","precinct_norm":"COBB - LM02","precinct_full_name":"Lost Mountain 02","has_polygon":true},"geometry":{"type":"Point","coordinates":[-84.71165365050166,33.978843499999996]}},{"type":"Feature","properties":{"id":"2020-1733","county_nam":"Cobb","county_norm":"COBB","prec_id":"FR01","precinct_name":"Cobb - FR01","precinct_norm":"COBB - FR01","precinct_full_name":"Ford 01","has_polygon":true},"geometry":{"type":"Point","coordinates":[-84.73341167337827,33.996927]}},{"type":"Feature","properties":{"id":"2020-1734","county_nam":"Cobb","county_norm":"COBB","prec_id":"DU01","precinct_name":"Cobb - DU01","precinct_norm":"COBB - DU01","precinct_full_name":"Durham 01","has_polygon":true},"geometry":{"type":"Point","coordinates":[-84.71248133208957,34.010498999999996]}},{"type":"Feature","properties":{"id":"2020-1735","county_nam":"Cobb","county_norm":"COBB","prec_id":"KP03","precinct_name":"Cobb - KP03","precinct_norm":"COBB - KP03","precinct_full_name":"Kemp 03","has_polygon":true},"geometry":{"type":"Point","coordinates":[-84.6847528689419,33.95869]}},{"type":"Feature","properties":{"id":"2020-1736","county_nam":"Cobb","county_norm":"COBB","prec_id":"FY01","precinct_name":"Cobb - FY01","precinct_norm":"COBB - FY01","precinct_full_name":"Frey 01","has_polygon":true},"geometry":{"type":"Point","coordinates":[-84.69262525979309,34.015429999999995]}},{"type":"Feature","properties":{"id":"2020-1737","county_nam":"Cobb","county_norm":"COBB","prec_id":"LM04","precinct_name":"Cobb - LM04","precinct_norm":"COBB - LM04","precinct_full_name":"Lost Mountain 04","has_polygon":true},"geometry":{"type":"Point","coordinates":[-84.68498722021583,33.991401999999994]}},{"type":"Feature","properties":{"id":"2020-1738","county_nam":"Cobb","county_norm":"COBB","prec_id":"MS01","precinct_name":"Cobb - MS01","precinct_norm":"COBB - MS01","precinct_full_name":"Mars Hill 01","has_polygon":true},"geometry":{"type":"Point","coordinates":[-84.72001314836689,34.0492865]}},{"type":"Feature","properties":{"id":"2020-1739","county_nam":"Fulton","county_norm":"FULTON","prec_id":"RW19","precinct_name":"Fulton - RW19","precinct_norm":"FULTON - RW19","precinct_full_name":"North River Baptist Church","has_polygon":true},"geometry":{"type":"Point","coordinates":[-84.368253134924,34.083740500000005]}},{"type":"Feature","properties":{"id":"2020-1740","county_nam":"Fulton","county_norm":"FULTON","prec_id":"ML01B","precinct_name":"Fulton - ML01B","precinct_norm":"FULTON - ML01B","precinct_full_name":"Milton Library","has_polygon":true},"geometry":{"type":"Point","coordinates":[-84.38624497341792,34.098676]}},{"type":"Feature","properties":{"id":"2020-1741","county_nam":"Fulton","county_norm":"FULTON","prec_id":"AP04A","precinct_name":"Fulton - AP04A","precinct_norm":"FULTON - AP04A","precinct_full_name":"Alpharetta Crabapple Government Center","has_polygon":true},"geometry":{"type":"Point","coordinates":[-84.35259808128642,34.081096]}},{"type":"Feature","properties":{"id":"2020-1742","county_nam":"Fulton","county_norm":"FULTON","prec_id":"ML01A","precinct_name":"Fulton - ML01A","precinct_norm":"FULTON - ML01A","precinct_full_name":"ML01A","has_polygon":true},"geometry":{"type":"Point","coordinates":[-84.34587477269939,34.0993955]}},{"type":"Feature","properties":{"id":"2020-1743","county_nam":"Cherokee","county_norm":"CHEROKEE","prec_id":"003","precinct_name":"Cherokee - 003","precinct_norm":"CHEROKEE - 003","precinct_full_name":"Avery","has_polygon":true},"geometry":{"type":"Point","coordinates":[-84.3986215598417,34.1745805]}},{"type":"Feature","properties":{"id":"2020-1744","county_nam":"Fulton","county_norm":"FULTON","prec_id":"AP04B","precinct_name":"Fulton - AP04B","precinct_norm":"FULTON - AP04B","precinct_full_name":"Alpharetta Crabapple Government Center","has_polygon":true},"geometry":{"type":"Point","coordinates":[-84.33318808295711,34.079620000000006]}},{"type":"Feature","properties":{"id":"2020-1745","county_nam":"Fulton","county_norm":"FULTON","prec_id":"AP06","precinct_name":"Fulton - AP06","precinct_norm":"FULTON - AP06","precinct_full_name":"Alpharetta Crabapple Government Center","has_polygon":true},"geometry":{"type":"Point","coordinates":[-84.32568112121244,34.089922]}},{"type":"Feature","properties":{"id":"2020-1746","county_nam":"Bartow","county_norm":"BARTOW","prec_id":"02","precinct_name":"Bartow - 02","precinct_norm":"BARTOW - 02","precinct_full_name":"Allatoona","has_polygon":true},"geometry":{"type":"Point","coordinates":[-84.68356191720574,34.123961]}},{"type":"Feature","properties":{"id":"2020-1747","county_nam":"Bartow","county_norm":"BARTOW","prec_id":"06","precinct_name":"Bartow - 06","precinct_norm":"BARTOW - 06","precinct_full_name":"Center","has_polygon":true},"geometry":{"type":"Point","coordinates":[-84.69904276370136,34.202407]}},{"type":"Feature","properties":{"id":"2020-1748","county_nam":"Fulton","county_norm":"FULTON","prec_id":"AP07B","precinct_name":"Fulton - AP07B","precinct_norm":"FULTON - AP07B","precinct_full_name":"Alpharetta Elementary","has_polygon":true},"geometry":{"type":"Point","coordinates":[-84.31246263074155,34.095708]}},{"type":"Feature","properties":{"id":"2020-1749","county_nam":"Fulton","county_norm":"FULTON","prec_id":"ML02B","precinct_name":"Fulton - ML02B","precinct_norm":"FULTON - ML02B","precinct_full_name":"ML02B","has_polygon":true},"geometry":{"type":"Point","coordinates":[-84.34109727170417,34.1153125]}},{"type":"Feature","properties":{"id":"2020-1750","county_nam":"Fulton","county_norm":"FULTON","prec_id":"ML03A","precinct_name":"Fulton - ML03A","precinct_norm":"FULTON - ML03A","precinct_full_name":"ML03A","has_polygon":true},"geometry":{"type":"Point","coordinates":[-84.31629620383103,34.126258]}},{"type":"Feature","properties":{"id":"2020-1751","county_nam":"Fulton","county_norm":"FULTON","prec_id":"AP10","precinct_name":"Fulton - AP10","precinct_norm":"FULTON - AP10","precinct_full_name":"Alpharetta Library","has_polygon":true},"geometry":{"type":"Point","coordinates":[-84.30192828233072,34.0903735]}},{"type":"Feature","properties":{"id":"2020-1752","county_nam":"Fulton","county_norm":"FULTON","prec_id":"AP07A","precinct_name":"Fulton - AP07A","precinct_norm":"FULTON - AP07A","precinct_full_name":"Alpharetta Elementary","has_polygon":true},"geometry":{"type":"Point","coordinates":[-84.27996229758196,34.086826]}},{"type":"Feature","properties":{"id":"2020-1753","county_nam":"Fulton","county_norm":"FULTON","prec_id":"ML04","precinct_name":"Fulton - ML04","precinct_norm":"FULTON - ML04","precinct_full_name":"ML04","has_polygon":true},"geometry":{"type":"Point","coordinates":[-84.29883061556606,34.115337]}},{"type":"Feature","properties":{"id":"2020-1754","county_nam":"Fulton","county_norm":"FULTON","prec_id":"ML02A","precinct_name":"Fulton - ML02A","precinct_norm":"FULTON - ML02A","precinct_full_name":"ML02A","has_polygon":true},"geometry":{"type":"Point","coordinates":[-84.35146284626549,34.150538]}},{"type":"Feature","properties":{"id":"2020-1755","county_nam":"Cobb","county_norm":"COBB","prec_id":"KE1A","precinct_name":"Cobb - KE1A","precinct_norm":"COBB - KE1A","precinct_full_name":"Kennesaw 1A","has_polygon":true},"geometry":{"type":"Point","coordinates":[-84.60449630414013,34.028815]}},{"type":"Feature","properties":{"id":"2020-1756","county_nam":"Cobb","county_norm":"COBB","prec_id":"BG01","precinct_name":"Cobb - BG01","precinct_norm":"COBB - BG01","precinct_full_name":"Big Shanty 01","has_polygon":true},"geometry":{"type":"Point","coordinates":[-84.58250904966526,34.019816000000006]}},{"type":"Feature","properties":{"id":"2020-1757","county_nam":"Cobb","county_norm":"COBB","prec_id":"WG02","precinct_name":"Cobb - WG02","precinct_norm":"COBB - WG02","precinct_full_name":"Wade Green 02","has_polygon":true},"geometry":{"type":"Point","coordinates":[-84.60010793399294,34.0682115]}},{"type":"Feature","properties":{"id":"2020-1758","county_nam":"Cobb","county_norm":"COBB","prec_id":"BG02","precinct_name":"Cobb - BG02","precinct_norm":"COBB - BG02","precinct_full_name":"Big Shanty 02","has_polygon":true},"geometry":{"type":"Point","coordinates":[-84.56905267025903,34.061919]}},{"type":"Feature","properties":{"id":"2020-1759","county_nam":"Cherokee","county_norm":"CHEROKEE","prec_id":"038","precinct_name":"Cherokee - 038","precinct_norm":"CHEROKEE - 038","precinct_full_name":"Union Hill","has_polygon":true},"geometry":{"type":"Point","coordinates":[-84.34565965605785,34.2016495]}},{"type":"Feature","properties":{"id":"2020-1760","county_nam":"Fulton","county_norm":"FULTON","prec_id":"ML03","precinct_name":"Fulton - ML03","precinct_norm":"FULTON - ML03","precinct_full_name":"Hopewell Baptist Church","has_polygon":true},"geometry":{"type":"Point","coordinates":[-84.30911350806454,34.154919]}},{"type":"Feature","properties":{"id":"2020-1761","county_nam":"Fulton","county_norm":"FULTON","prec_id":"ML07A","precinct_name":"Fulton - ML07A","precinct_norm":"FULTON - ML07A","precinct_full_name":"Hopewell Baptist Church","has_polygon":true},"geometry":{"type":"Point","coordinates":[-84.30535221721377,34.1746045]}},{"type":"Feature","properties":{"id":"2020-1762","county_nam":"Cherokee","county_norm":"CHEROKEE","prec_id":"027","precinct_name":"Cherokee - 027","precinct_norm":"CHEROKEE - 027","precinct_full_name":"Macedonia","has_polygon":true},"geometry":{"type":"Point","coordinates":[-84.37854662417303,34.229374]}},{"type":"Feature","properties":{"id":"2020-1763","county_nam":"Cherokee","county_norm":"CHEROKEE","prec_id":"004","precinct_name":"Cherokee - 004","precinct_norm":"CHEROKEE - 004","precinct_full_name":"Ball Ground","has_polygon":true},"geometry":{"type":"Point","coordinates":[-84.38119428311035,34.3372985]}},{"type":"Feature","properties":{"id":"2020-1764","county_nam":"Cherokee","county_norm":"CHEROKEE","prec_id":"020","precinct_name":"Cherokee - 020","precinct_norm":"CHEROKEE - 020","precinct_full_name":"Hightower","has_polygon":true},"geometry":{"type":"Point","coordinates":[-84.35028287124288,34.2821025]}},{"type":"Feature","properties":{"id":"2020-1765","county_nam":"Fulton","county_norm":"FULTON","prec_id":"09H","precinct_name":"Fulton - 09H","precinct_norm":"FULTON - 09H","precinct_full_name":"Trinity Anglican Church","has_polygon":true},"geometry":{"type":"Point","coordinates":[-84.41182761760794,33.7960765]}},{"type":"Feature","properties":{"id":"2020-1766","county_nam":"Fulton","county_norm":"FULTON","prec_id":"08J","precinct_name":"Fulton - 08J","precinct_norm":"FULTON - 08J","precinct_full_name":"Northside Church","has_polygon":true},"geometry":{"type":"Point","coordinates":[-84.41437306566854,33.814698500000006]}},{"type":"Feature","properties":{"id":"2020-1767","county_nam":"Cherokee","county_norm":"CHEROKEE","prec_id":"006","precinct_name":"Cherokee - 006","precinct_norm":"CHEROKEE - 006","precinct_full_name":"Bells","has_polygon":true},"geometry":{"type":"Point","coordinates":[-84.61775072440003,34.086588500000005]}},{"type":"Feature","properties":{"id":"2020-1768","county_nam":"Cherokee","county_norm":"CHEROKEE","prec_id":"029","precinct_name":"Cherokee - 029","precinct_norm":"CHEROKEE - 029","precinct_full_name":"Oak Grove","has_polygon":true},"geometry":{"type":"Point","coordinates":[-84.63875851927313,34.1169805]}},{"type":"Feature","properties":{"id":"2020-1769","county_nam":"Cherokee","county_norm":"CHEROKEE","prec_id":"023","precinct_name":"Cherokee - 023","precinct_norm":"CHEROKEE - 023","precinct_full_name":"Kellogg","has_polygon":true},"geometry":{"type":"Point","coordinates":[-84.59969950734374,34.1053165]}},{"type":"Feature","properties":{"id":"2020-1770","county_nam":"Cherokee","county_norm":"CHEROKEE","prec_id":"040","precinct_name":"Cherokee - 040","precinct_norm":"CHEROKEE - 040","precinct_full_name":"Victoria","has_polygon":true},"geometry":{"type":"Point","coordinates":[-84.60321097921349,34.1378325]}},{"type":"Feature","properties":{"id":"2020-1771","county_nam":"Cherokee","county_norm":"CHEROKEE","prec_id":"011","precinct_name":"Cherokee - 011","precinct_norm":"CHEROKEE - 011","precinct_full_name":"Carmel","has_polygon":true},"geometry":{"type":"Point","coordinates":[-84.57042838116772,34.0948505]}},{"type":"Feature","properties":{"id":"2020-1772","county_nam":"Cherokee","county_norm":"CHEROKEE","prec_id":"016","precinct_name":"Cherokee - 016","precinct_norm":"CHEROKEE - 016","precinct_full_name":"Dixie","has_polygon":true},"geometry":{"type":"Point","coordinates":[-84.54985149347533,34.0986425]}},{"type":"Feature","properties":{"id":"2020-1773","county_nam":"Cherokee","county_norm":"CHEROKEE","prec_id":"032","precinct_name":"Cherokee - 032","precinct_norm":"CHEROKEE - 032","precinct_full_name":"Rosecreek","has_polygon":true},"geometry":{"type":"Point","coordinates":[-84.57075522558998,34.121759499999996]}},{"type":"Feature","properties":{"id":"2020-1774","county_nam":"Cherokee","county_norm":"CHEROKEE","prec_id":"018","precinct_name":"Cherokee - 018","precinct_norm":"CHEROKEE - 018","precinct_full_name":"Freehome","has_polygon":true},"geometry":{"type":"Point","coordinates":[-84.29206007733924,34.240427]}},{"type":"Feature","properties":{"id":"2020-1775","county_nam":"Fulton","county_norm":"FULTON","prec_id":"ML06A","precinct_name":"Fulton - ML06A","precinct_norm":"FULTON - ML06A","precinct_full_name":"Manning Oaks Elementary","has_polygon":true},"geometry":{"type":"Point","coordinates":[-84.26507225432744,34.096403499999994]}},{"type":"Feature","properties":{"id":"2020-1776","county_nam":"Fulton","county_norm":"FULTON","prec_id":"AP12B","precinct_name":"Fulton - AP12B","precinct_norm":"FULTON - AP12B","precinct_full_name":"Alpharetta High School","has_polygon":true},"geometry":{"type":"Point","coordinates":[-84.25080923384996,34.086087]}},{"type":"Feature","properties":{"id":"2020-1777","county_nam":"Fulton","county_norm":"FULTON","prec_id":"ML05","precinct_name":"Fulton - ML05","precinct_norm":"FULTON - ML05","precinct_full_name":"ML05","has_polygon":true},"geometry":{"type":"Point","coordinates":[-84.2701970494862,34.126723]}},{"type":"Feature","properties":{"id":"2020-1778","county_nam":"Fulton","county_norm":"FULTON","prec_id":"ML06B","precinct_name":"Fulton - ML06B","precinct_norm":"FULTON - ML06B","precinct_full_name":"Cambridge High School","has_polygon":true},"geometry":{"type":"Point","coordinates":[-84.26070458161192,34.113868]}},{"type":"Feature","properties":{"id":"2020-1779","county_nam":"Fulton","county_norm":"FULTON","prec_id":"AP05","precinct_name":"Fulton - AP05","precinct_norm":"FULTON - AP05","precinct_full_name":"Creek View Elementary","has_polygon":true},"geometry":{"type":"Point","coordinates":[-84.22220921603324,34.0861665]}},{"type":"Feature","properties":{"id":"2020-1780","county_nam":"Forsyth","county_norm":"FORSYTH","prec_id":"02","precinct_name":"Forsyth - 02","precinct_norm":"FORSYTH - 02","precinct_full_name":"Brandywine","has_polygon":true},"geometry":{"type":"Point","coordinates":[-84.24124901597159,34.1229965]}},{"type":"Feature","properties":{"id":"2020-1781","county_nam":"Fulton","county_norm":"FULTON","prec_id":"ML07B","precinct_name":"Fulton - ML07B","precinct_norm":"FULTON - ML07B","precinct_full_name":"ML07B","has_polygon":true},"geometry":{"type":"Point","coordinates":[-84.26753968646366,34.1640605]}},{"type":"Feature","properties":{"id":"2020-1782","county_nam":"Cherokee","county_norm":"CHEROKEE","prec_id":"035","precinct_name":"Cherokee - 035","precinct_norm":"CHEROKEE - 035","precinct_full_name":"Sutallee","has_polygon":true},"geometry":{"type":"Point","coordinates":[-84.61300982318416,34.2042385]}},{"type":"Feature","properties":{"id":"2020-1783","county_nam":"Cherokee","county_norm":"CHEROKEE","prec_id":"041","precinct_name":"Cherokee - 041","precinct_norm":"CHEROKEE - 041","precinct_full_name":"Waleska","has_polygon":true},"geometry":{"type":"Point","coordinates":[-84.60479126113258,34.3062585]}},{"type":"Feature","properties":{"id":"2020-1784","county_nam":"Cherokee","county_norm":"CHEROKEE","prec_id":"012","precinct_name":"Cherokee - 012","precinct_norm":"CHEROKEE - 012","precinct_full_name":"Woodstock","has_polygon":true},"geometry":{"type":"Point","coordinates":[-84.51802226580057,34.104808000000006]}},{"type":"Feature","properties":{"id":"2020-1785","county_nam":"Cherokee","county_norm":"CHEROKEE","prec_id":"015","precinct_name":"Cherokee - 015","precinct_norm":"CHEROKEE - 015","precinct_full_name":"Deer Run","has_polygon":true},"geometry":{"type":"Point","coordinates":[-84.54103348175965,34.1138355]}},{"type":"Feature","properties":{"id":"2020-1786","county_nam":"Cherokee","county_norm":"CHEROKEE","prec_id":"044","precinct_name":"Cherokee - 044","precinct_norm":"CHEROKEE - 044","precinct_full_name":"Neese","has_polygon":true},"geometry":{"type":"Point","coordinates":[-84.48906705405405,34.09792]}},{"type":"Feature","properties":{"id":"2020-1787","county_nam":"Cherokee","county_norm":"CHEROKEE","prec_id":"037","precinct_name":"Cherokee - 037","precinct_norm":"CHEROKEE - 037","precinct_full_name":"Toonigh","has_polygon":true},"geometry":{"type":"Point","coordinates":[-84.49835711175544,34.140832]}},{"type":"Feature","properties":{"id":"2020-1788","county_nam":"Cherokee","county_norm":"CHEROKEE","prec_id":"024","precinct_name":"Cherokee - 024","precinct_norm":"CHEROKEE - 024","precinct_full_name":"Liberty","has_polygon":true},"geometry":{"type":"Point","coordinates":[-84.52272021087482,34.1754185]}},{"type":"Feature","properties":{"id":"2020-1789","county_nam":"Cherokee","county_norm":"CHEROKEE","prec_id":"022","precinct_name":"Cherokee - 022","precinct_norm":"CHEROKEE - 022","precinct_full_name":"Holly Springs","has_polygon":true},"geometry":{"type":"Point","coordinates":[-84.50654729707504,34.1730335]}},{"type":"Feature","properties":{"id":"2020-1790","county_nam":"Cherokee","county_norm":"CHEROKEE","prec_id":"042","precinct_name":"Cherokee - 042","precinct_norm":"CHEROKEE - 042","precinct_full_name":"Wildcat","has_polygon":true},"geometry":{"type":"Point","coordinates":[-84.47427924197095,34.15622]}},{"type":"Feature","properties":{"id":"2020-1791","county_nam":"Cherokee","county_norm":"CHEROKEE","prec_id":"043","precinct_name":"Cherokee - 043","precinct_norm":"CHEROKEE - 043","precinct_full_name":"Woodlands","has_polygon":true},"geometry":{"type":"Point","coordinates":[-84.45197979133859,34.0932725]}},{"type":"Feature","properties":{"id":"2020-1792","county_nam":"Cherokee","county_norm":"CHEROKEE","prec_id":"026","precinct_name":"Cherokee - 026","precinct_norm":"CHEROKEE - 026","precinct_full_name":"Little River","has_polygon":true},"geometry":{"type":"Point","coordinates":[-84.43054568165101,34.091104]}},{"type":"Feature","properties":{"id":"2020-1793","county_nam":"Cherokee","county_norm":"CHEROKEE","prec_id":"001","precinct_name":"Cherokee - 001","precinct_norm":"CHEROKEE - 001","precinct_full_name":"Air Acres","has_polygon":true},"geometry":{"type":"Point","coordinates":[-84.45941065435372,34.105838500000004]}},{"type":"Feature","properties":{"id":"2020-1794","county_nam":"Fulton","county_norm":"FULTON","prec_id":"MP01","precinct_name":"Fulton - MP01","precinct_norm":"FULTON - MP01","precinct_full_name":"Mountain Park Community Building","has_polygon":true},"geometry":{"type":"Point","coordinates":[-84.41218918307443,34.083455]}},{"type":"Feature","properties":{"id":"2020-1795","county_nam":"Cherokee","county_norm":"CHEROKEE","prec_id":"002","precinct_name":"Cherokee - 002","precinct_norm":"CHEROKEE - 002","precinct_full_name":"Arnold Mill","has_polygon":true},"geometry":{"type":"Point","coordinates":[-84.44867784260629,34.1216425]}},{"type":"Feature","properties":{"id":"2020-1796","county_nam":"Cherokee","county_norm":"CHEROKEE","prec_id":"008","precinct_name":"Cherokee - 008","precinct_norm":"CHEROKEE - 008","precinct_full_name":"Bradshaw","has_polygon":true},"geometry":{"type":"Point","coordinates":[-84.44356102147766,34.154078]}},{"type":"Feature","properties":{"id":"2020-1797","county_nam":"Cherokee","county_norm":"CHEROKEE","prec_id":"019","precinct_name":"Cherokee - 019","precinct_norm":"CHEROKEE - 019","precinct_full_name":"Hickory Flat","has_polygon":true},"geometry":{"type":"Point","coordinates":[-84.43748371705846,34.171248]}},{"type":"Feature","properties":{"id":"2020-1798","county_nam":"Forsyth","county_norm":"FORSYTH","prec_id":"34","precinct_name":"Forsyth - 34","precinct_norm":"FORSYTH - 34","precinct_full_name":"Fowler","has_polygon":true},"geometry":{"type":"Point","coordinates":[-84.24458361494635,34.158105]}},{"type":"Feature","properties":{"id":"2020-1799","county_nam":"Fulton","county_norm":"FULTON","prec_id":"AP09B","precinct_name":"Fulton - AP09B","precinct_norm":"FULTON - AP09B","precinct_full_name":"Webb Bridge Middle","has_polygon":true},"geometry":{"type":"Point","coordinates":[-84.20337199431819,34.0818825]}},{"type":"Feature","properties":{"id":"2020-1800","county_nam":"Fulton","county_norm":"FULTON","prec_id":"JC04C","precinct_name":"Fulton - JC04C","precinct_norm":"FULTON - JC04C","precinct_full_name":"JC04C","has_polygon":true},"geometry":{"type":"Point","coordinates":[-84.19852429326923,34.081652500000004]}},{"type":"Feature","properties":{"id":"2020-1801","county_nam":"Forsyth","county_norm":"FORSYTH","prec_id":"01","precinct_name":"Forsyth - 01","precinct_norm":"FORSYTH - 01","precinct_full_name":"Big Creek","has_polygon":true},"geometry":{"type":"Point","coordinates":[-84.19392093617952,34.122106]}},{"type":"Feature","properties":{"id":"2020-1802","county_nam":"Forsyth","county_norm":"FORSYTH","prec_id":"21","precinct_name":"Forsyth - 21","precinct_norm":"FORSYTH - 21","precinct_full_name":"South Forsyth","has_polygon":true},"geometry":{"type":"Point","coordinates":[-84.16405618548387,34.119987]}},{"type":"Feature","properties":{"id":"2020-1803","county_nam":"Forsyth","county_norm":"FORSYTH","prec_id":"29","precinct_name":"Forsyth - 29","precinct_norm":"FORSYTH - 29","precinct_full_name":"Polo","has_polygon":true},"geometry":{"type":"Point","coordinates":[-84.187338764555,34.175809]}},{"type":"Feature","properties":{"id":"2020-1804","county_nam":"Forsyth","county_norm":"FORSYTH","prec_id":"10","precinct_name":"Forsyth - 10","precinct_norm":"FORSYTH - 10","precinct_full_name":"Midway","has_polygon":true},"geometry":{"type":"Point","coordinates":[-84.23061832553374,34.196422]}},{"type":"Feature","properties":{"id":"2020-1805","county_nam":"Forsyth","county_norm":"FORSYTH","prec_id":"15","precinct_name":"Forsyth - 15","precinct_norm":"FORSYTH - 15","precinct_full_name":"Heardsville","has_polygon":true},"geometry":{"type":"Point","coordinates":[-84.21665440320187,34.272262]}},{"type":"Feature","properties":{"id":"2020-1806","county_nam":"Forsyth","county_norm":"FORSYTH","prec_id":"37","precinct_name":"Forsyth - 37","precinct_norm":"FORSYTH - 37","precinct_full_name":"Sawnee","has_polygon":true},"geometry":{"type":"Point","coordinates":[-84.21374093116765,34.2378935]}},{"type":"Feature","properties":{"id":"2020-1807","county_nam":"Forsyth","county_norm":"FORSYTH","prec_id":"27","precinct_name":"Forsyth - 27","precinct_norm":"FORSYTH - 27","precinct_full_name":"Concord","has_polygon":true},"geometry":{"type":"Point","coordinates":[-84.16278768555956,34.309920500000004]}},{"type":"Feature","properties":{"id":"2020-1808","county_nam":"Cherokee","county_norm":"CHEROKEE","prec_id":"031","precinct_name":"Cherokee - 031","precinct_norm":"CHEROKEE - 031","precinct_full_name":"R T Jones","has_polygon":true},"geometry":{"type":"Point","coordinates":[-84.45428244774288,34.2304745]}},{"type":"Feature","properties":{"id":"2020-1809","county_nam":"Cherokee","county_norm":"CHEROKEE","prec_id":"039","precinct_name":"Cherokee - 039","precinct_norm":"CHEROKEE - 039","precinct_full_name":"Univeter","has_polygon":true},"geometry":{"type":"Point","coordinates":[-84.42358574319815,34.2283945]}},{"type":"Feature","properties":{"id":"2020-1810","county_nam":"Cherokee","county_norm":"CHEROKEE","prec_id":"013","precinct_name":"Cherokee - 013","precinct_norm":"CHEROKEE - 013","precinct_full_name":"Clayton","has_polygon":true},"geometry":{"type":"Point","coordinates":[-84.45342248909256,34.317729]}},{"type":"Feature","properties":{"id":"2020-1811","county_nam":"Fulton","county_norm":"FULTON","prec_id":"09I","precinct_name":"Fulton - 09I","precinct_norm":"FULTON - 09I","precinct_full_name":"Allen Temple African Methodist Episcopal Church","has_polygon":true},"geometry":{"type":"Point","coordinates":[-84.43700835057888,33.773835000000005]}},{"type":"Feature","properties":{"id":"2020-1812","county_nam":"Fulton","county_norm":"FULTON","prec_id":"03E","precinct_name":"Fulton - 03E","precinct_norm":"FULTON - 03E","precinct_full_name":"Lindsay Street Baptist Church","has_polygon":true},"geometry":{"type":"Point","coordinates":[-84.4169979193891,33.7584035]}},{"type":"Feature","properties":{"id":"2020-1813","county_nam":"Fulton","county_norm":"FULTON","prec_id":"04J","precinct_name":"Fulton - 04J","precinct_norm":"FULTON - 04J","precinct_full_name":"Friendship Baptist Church","has_polygon":true},"geometry":{"type":"Point","coordinates":[-84.41205050099994,33.752596]}},{"type":"Feature","properties":{"id":"2020-1814","county_nam":"Fulton","county_norm":"FULTON","prec_id":"03L","precinct_name":"Fulton - 03L","precinct_norm":"FULTON - 03L","precinct_full_name":"Lindsay Street Baptist Church","has_polygon":true},"geometry":{"type":"Point","coordinates":[-84.42147145688566,33.768805]}},{"type":"Feature","properties":{"id":"2020-1815","county_nam":"Fulton","county_norm":"FULTON","prec_id":"03M","precinct_name":"Fulton - 03M","precinct_norm":"FULTON - 03M","precinct_full_name":"Trinity Anglican Church","has_polygon":true},"geometry":{"type":"Point","coordinates":[-84.42292761413657,33.778819]}},{"type":"Feature","properties":{"id":"2020-1816","county_nam":"Fulton","county_norm":"FULTON","prec_id":"03N","precinct_name":"Fulton - 03N","precinct_norm":"FULTON - 03N","precinct_full_name":"Lindsay Street Baptist Church","has_polygon":true},"geometry":{"type":"Point","coordinates":[-84.41305322789574,33.7731325]}},{"type":"Feature","properties":{"id":"2020-1817","county_nam":"Fulton","county_norm":"FULTON","prec_id":"09G","precinct_name":"Fulton - 09G","precinct_norm":"FULTON - 09G","precinct_full_name":"Trinity Anglican Church","has_polygon":true},"geometry":{"type":"Point","coordinates":[-84.42458240731847,33.7967425]}},{"type":"Feature","properties":{"id":"2020-1818","county_nam":"Pickens","county_norm":"PICKENS","prec_id":"2","precinct_name":"Pickens - 2","precinct_norm":"PICKENS - 2","precinct_full_name":"Hill City","has_polygon":true},"geometry":{"type":"Point","coordinates":[-84.53052983795669,34.447215]}},{"type":"Feature","properties":{"id":"2020-1819","county_nam":"Pickens","county_norm":"PICKENS","prec_id":"9","precinct_name":"Pickens - 9","precinct_norm":"PICKENS - 9","precinct_full_name":"Tate","has_polygon":true},"geometry":{"type":"Point","coordinates":[-84.43625702883767,34.4089235]}},{"type":"Feature","properties":{"id":"2020-1820","county_nam":"Pickens","county_norm":"PICKENS","prec_id":"12","precinct_name":"Pickens - 12","precinct_norm":"PICKENS - 12","precinct_full_name":"Refuge","has_polygon":true},"geometry":{"type":"Point","coordinates":[-84.42131472072464,34.443372]}},{"type":"Feature","properties":{"id":"2020-1821","county_nam":"Pickens","county_norm":"PICKENS","prec_id":"6","precinct_name":"Pickens - 6","precinct_norm":"PICKENS - 6","precinct_full_name":"Nelson","has_polygon":true},"geometry":{"type":"Point","coordinates":[-84.391639125,34.394084500000005]}},{"type":"Feature","properties":{"id":"2020-1822","county_nam":"Cherokee","county_norm":"CHEROKEE","prec_id":"014","precinct_name":"Cherokee - 014","precinct_norm":"CHEROKEE - 014","precinct_full_name":"Conns Creek","has_polygon":true},"geometry":{"type":"Point","coordinates":[-84.30697073884576,34.3385515]}},{"type":"Feature","properties":{"id":"2020-1823","county_nam":"Pickens","county_norm":"PICKENS","prec_id":"1","precinct_name":"Pickens - 1","precinct_norm":"PICKENS - 1","precinct_full_name":"Yellow Creek","has_polygon":true},"geometry":{"type":"Point","coordinates":[-84.30377361894273,34.434966]}},{"type":"Feature","properties":{"id":"2020-1824","county_nam":"Pickens","county_norm":"PICKENS","prec_id":"10","precinct_name":"Pickens - 10","precinct_norm":"PICKENS - 10","precinct_full_name":"Sharptop","has_polygon":true},"geometry":{"type":"Point","coordinates":[-84.36551063094285,34.502174999999994]}},{"type":"Feature","properties":{"id":"2020-1825","county_nam":"Gwinnett","county_norm":"GWINNETT","prec_id":"130","precinct_name":"Gwinnett - 130","precinct_norm":"GWINNETT - 130","precinct_full_name":"Suwanee D","has_polygon":true},"geometry":{"type":"Point","coordinates":[-84.09422655297145,34.1023835]}},{"type":"Feature","properties":{"id":"2020-1826","county_nam":"Forsyth","county_norm":"FORSYTH","prec_id":"25","precinct_name":"Forsyth - 25","precinct_norm":"FORSYTH - 25","precinct_full_name":"Windermere","has_polygon":true},"geometry":{"type":"Point","coordinates":[-84.12730040217707,34.149885]}},{"type":"Feature","properties":{"id":"2020-1827","county_nam":"Forsyth","county_norm":"FORSYTH","prec_id":"07","precinct_name":"Forsyth - 07","precinct_norm":"FORSYTH - 07","precinct_full_name":"Cumming","has_polygon":true},"geometry":{"type":"Point","coordinates":[-84.13305422386244,34.2097355]}},{"type":"Feature","properties":{"id":"2020-1828","county_nam":"Forsyth","county_norm":"FORSYTH","prec_id":"08","precinct_name":"Forsyth - 08","precinct_norm":"FORSYTH - 08","precinct_full_name":"Mashburn","has_polygon":true},"geometry":{"type":"Point","coordinates":[-84.09638903427077,34.1639095]}},{"type":"Feature","properties":{"id":"2020-1829","county_nam":"Gwinnett","county_norm":"GWINNETT","prec_id":"105","precinct_name":"Gwinnett - 105","precinct_norm":"GWINNETT - 105","precinct_full_name":"Sugar Hill F","has_polygon":true},"geometry":{"type":"Point","coordinates":[-84.05881828493911,34.093571499999996]}},{"type":"Feature","properties":{"id":"2020-1830","county_nam":"Gwinnett","county_norm":"GWINNETT","prec_id":"141","precinct_name":"Gwinnett - 141","precinct_norm":"GWINNETT - 141","precinct_full_name":"Sugar Hill G","has_polygon":true},"geometry":{"type":"Point","coordinates":[-84.0617301736277,34.108857]}},{"type":"Feature","properties":{"id":"2020-1831","county_nam":"Gwinnett","county_norm":"GWINNETT","prec_id":"025","precinct_name":"Gwinnett - 025","precinct_norm":"GWINNETT - 025","precinct_full_name":"Sugar Hill B","has_polygon":true},"geometry":{"type":"Point","coordinates":[-84.05108403765729,34.12284]}},{"type":"Feature","properties":{"id":"2020-1832","county_nam":"Gwinnett","county_norm":"GWINNETT","prec_id":"089","precinct_name":"Gwinnett - 089","precinct_norm":"GWINNETT - 089","precinct_full_name":"Sugar Hill E","has_polygon":true},"geometry":{"type":"Point","coordinates":[-84.03246588254113,34.088434]}},{"type":"Feature","properties":{"id":"2020-1833","county_nam":"Gwinnett","county_norm":"GWINNETT","prec_id":"054","precinct_name":"Gwinnett - 054","precinct_norm":"GWINNETT - 054","precinct_full_name":"Sugar Hill C","has_polygon":true},"geometry":{"type":"Point","coordinates":[-84.05299382431102,34.1457525]}},{"type":"Feature","properties":{"id":"2020-1834","county_nam":"Clayton","county_norm":"CLAYTON","prec_id":"FP4","precinct_name":"Clayton - FP4","precinct_norm":"CLAYTON - FP4","precinct_full_name":"Forest Park 4","has_polygon":true},"geometry":{"type":"Point","coordinates":[-84.35219480018714,33.6026435]}},{"type":"Feature","properties":{"id":"2020-1835","county_nam":"Clayton","county_norm":"CLAYTON","prec_id":"FP1","precinct_name":"Clayton - FP1","precinct_norm":"CLAYTON - FP1","precinct_full_name":"Forest Park 1","has_polygon":true},"geometry":{"type":"Point","coordinates":[-84.37891424680494,33.631935]}},{"type":"Feature","properties":{"id":"2020-1836","county_nam":"Fulton","county_norm":"FULTON","prec_id":"HP01","precinct_name":"Fulton - HP01","precinct_norm":"FULTON - HP01","precinct_full_name":"Hoyt Smith Center","has_polygon":true},"geometry":{"type":"Point","coordinates":[-84.41159246020717,33.660923999999994]}},{"type":"Feature","properties":{"id":"2020-1837","county_nam":"Fulton","county_norm":"FULTON","prec_id":"12H1","precinct_name":"Fulton - 12H1","precinct_norm":"FULTON - 12H1","precinct_full_name":"John Birdine Neighborhood Center","has_polygon":true},"geometry":{"type":"Point","coordinates":[-84.40313281336051,33.6773335]}},{"type":"Feature","properties":{"id":"2020-1838","county_nam":"Fulton","county_norm":"FULTON","prec_id":"12E1","precinct_name":"Fulton - 12E1","precinct_norm":"FULTON - 12E1","precinct_full_name":"Rosel Fann Recreation Center","has_polygon":true},"geometry":{"type":"Point","coordinates":[-84.40772641699954,33.6846435]}},{"type":"Feature","properties":{"id":"2020-1839","county_nam":"Cobb","county_norm":"COBB","prec_id":"ME01","precinct_name":"Cobb - ME01","precinct_norm":"COBB - ME01","precinct_full_name":"Mceachern 01","has_polygon":true},"geometry":{"type":"Point","coordinates":[-84.68282637452597,33.884406]}},{"type":"Feature","properties":{"id":"2020-1840","county_nam":"Cobb","county_norm":"COBB","prec_id":"LM01","precinct_name":"Cobb - LM01","precinct_norm":"COBB - LM01","precinct_full_name":"Lost Mountain 01","has_polygon":true},"geometry":{"type":"Point","coordinates":[-84.67907562919908,33.923430499999995]}},{"type":"Feature","properties":{"id":"2020-1841","county_nam":"Cobb","county_norm":"COBB","prec_id":"OR01","precinct_name":"Cobb - OR01","precinct_norm":"COBB - OR01","precinct_full_name":"Oregon 01","has_polygon":true},"geometry":{"type":"Point","coordinates":[-84.67329297833885,33.9381295]}},{"type":"Feature","properties":{"id":"2020-1842","county_nam":"Paulding","county_norm":"PAULDING","prec_id":"0003C","precinct_name":"Paulding - 0003C","precinct_norm":"PAULDING - 0003C","precinct_full_name":"Shelton Elementary School","has_polygon":true},"geometry":{"type":"Point","coordinates":[-84.780339545475,33.9993435]}},{"type":"Feature","properties":{"id":"2020-1843","county_nam":"Paulding","county_norm":"PAULDING","prec_id":"0018C","precinct_name":"Paulding - 0018C","precinct_norm":"PAULDING - 0018C","precinct_full_name":"Dobbins Middle School","has_polygon":true},"geometry":{"type":"Point","coordinates":[-84.75012561689226,34.0015525]}},{"type":"Feature","properties":{"id":"2020-1844","county_nam":"Paulding","county_norm":"PAULDING","prec_id":"0004C","precinct_name":"Paulding - 0004C","precinct_norm":"PAULDING - 0004C","precinct_full_name":"Russom Elementary School","has_polygon":true},"geometry":{"type":"Point","coordinates":[-84.77548076439598,34.0338765]}},{"type":"Feature","properties":{"id":"2020-1845","county_nam":"Paulding","county_norm":"PAULDING","prec_id":"0002C","precinct_name":"Paulding - 0002C","precinct_norm":"PAULDING - 0002C","precinct_full_name":"Crossroads Library","has_polygon":true},"geometry":{"type":"Point","coordinates":[-84.76011473547524,34.060111500000005]}},{"type":"Feature","properties":{"id":"2020-1846","county_nam":"Cobb","county_norm":"COBB","prec_id":"VA01","precinct_name":"Cobb - VA01","precinct_norm":"COBB - VA01","precinct_full_name":"Vaughan 01","has_polygon":true},"geometry":{"type":"Point","coordinates":[-84.73281190974359,33.9644215]}},{"type":"Feature","properties":{"id":"2020-1847","county_nam":"Forsyth","county_norm":"FORSYTH","prec_id":"06","precinct_name":"Forsyth - 06","precinct_norm":"FORSYTH - 06","precinct_full_name":"Crossroads","has_polygon":true},"geometry":{"type":"Point","coordinates":[-84.03122729701258,34.298168000000004]}},{"type":"Feature","properties":{"id":"2020-1848","county_nam":"Gwinnett","county_norm":"GWINNETT","prec_id":"024","precinct_name":"Gwinnett - 024","precinct_norm":"GWINNETT - 024","precinct_full_name":"Sugar Hill A","has_polygon":true},"geometry":{"type":"Point","coordinates":[-84.00099322165465,34.082938]}},{"type":"Feature","properties":{"id":"2020-1849","county_nam":"Clayton","county_norm":"CLAYTON","prec_id":"MO1","precinct_name":"Clayton - MO1","precinct_norm":"CLAYTON - MO1","precinct_full_name":"Morrow 1","has_polygon":true},"geometry":{"type":"Point","coordinates":[-84.32710030668213,33.6296575]}},{"type":"Feature","properties":{"id":"2020-1850","county_nam":"Dekalb","county_norm":"DEKALB","prec_id":"BL","precinct_name":"Dekalb - BL","precinct_norm":"DEKALB - BL","precinct_full_name":"Bouldercrest Road","has_polygon":true},"geometry":{"type":"Point","coordinates":[-84.3269982729241,33.664863]}},{"type":"Feature","properties":{"id":"2020-1851","county_nam":"Clayton","county_norm":"CLAYTON","prec_id":"EW2","precinct_name":"Clayton - EW2","precinct_norm":"CLAYTON - EW2","precinct_full_name":"Ellenwood 2","has_polygon":true},"geometry":{"type":"Point","coordinates":[-84.28140697452639,33.628856999999996]}},{"type":"Feature","properties":{"id":"2020-1852","county_nam":"Dekalb","county_norm":"DEKALB","prec_id":"CS","precinct_name":"Dekalb - CS","precinct_norm":"DEKALB - CS","precinct_full_name":"Cedar Grove South","has_polygon":true},"geometry":{"type":"Point","coordinates":[-84.29376249525316,33.65673150000001]}},{"type":"Feature","properties":{"id":"2020-1853","county_nam":"Dekalb","county_norm":"DEKALB","prec_id":"CD","precinct_name":"Dekalb - CD","precinct_norm":"DEKALB - CD","precinct_full_name":"Cedar Grove Elementary","has_polygon":true},"geometry":{"type":"Point","coordinates":[-84.2932891724138,33.672973999999996]}},{"type":"Feature","properties":{"id":"2020-1854","county_nam":"Fulton","county_norm":"FULTON","prec_id":"12F","precinct_name":"Fulton - 12F","precinct_norm":"FULTON - 12F","precinct_full_name":"John Birdine Neighborhood Center","has_polygon":true},"geometry":{"type":"Point","coordinates":[-84.39708515858075,33.697243]}},{"type":"Feature","properties":{"id":"2020-1855","county_nam":"Fulton","county_norm":"FULTON","prec_id":"12A","precinct_name":"Fulton - 12A","precinct_norm":"FULTON - 12A","precinct_full_name":"Metropolitan Library","has_polygon":true},"geometry":{"type":"Point","coordinates":[-84.40850456694383,33.714890499999996]}},{"type":"Feature","properties":{"id":"2020-1856","county_nam":"Fulton","county_norm":"FULTON","prec_id":"12S","precinct_name":"Fulton - 12S","precinct_norm":"FULTON - 12S","precinct_full_name":"Watley Library At Southeast Atlanta","has_polygon":true},"geometry":{"type":"Point","coordinates":[-84.3969122363398,33.7128995]}},{"type":"Feature","properties":{"id":"2020-1857","county_nam":"Fulton","county_norm":"FULTON","prec_id":"01J","precinct_name":"Fulton - 01J","precinct_norm":"FULTON - 01J","precinct_full_name":"Watley Library At Southeast Atlanta","has_polygon":true},"geometry":{"type":"Point","coordinates":[-84.38801486232492,33.712887]}},{"type":"Feature","properties":{"id":"2020-1858","county_nam":"Fulton","county_norm":"FULTON","prec_id":"12K","precinct_name":"Fulton - 12K","precinct_norm":"FULTON - 12K","precinct_full_name":"Pittman Park Recreation Center","has_polygon":true},"geometry":{"type":"Point","coordinates":[-84.40683784487595,33.731927999999996]}},{"type":"Feature","properties":{"id":"2020-1859","county_nam":"Fulton","county_norm":"FULTON","prec_id":"12N","precinct_name":"Fulton - 12N","precinct_norm":"FULTON - 12N","precinct_full_name":"Pittman Park Recreation Center","has_polygon":true},"geometry":{"type":"Point","coordinates":[-84.39683555888618,33.7245495]}},{"type":"Feature","properties":{"id":"2020-1860","county_nam":"Fulton","county_norm":"FULTON","prec_id":"04B","precinct_name":"Fulton - 04B","precinct_norm":"FULTON - 04B","precinct_full_name":"Flipper Temple African Methodist Episcopal Church","has_polygon":true},"geometry":{"type":"Point","coordinates":[-84.40780598463687,33.746393]}},{"type":"Feature","properties":{"id":"2020-1861","county_nam":"Fulton","county_norm":"FULTON","prec_id":"04V","precinct_name":"Fulton - 04V","precinct_norm":"FULTON - 04V","precinct_full_name":"Dunbar Neighborhood Center - Gym","has_polygon":true},"geometry":{"type":"Point","coordinates":[-84.39795405201608,33.736799000000005]}},{"type":"Feature","properties":{"id":"2020-1862","county_nam":"Fulton","county_norm":"FULTON","prec_id":"04I","precinct_name":"Fulton - 04I","precinct_norm":"FULTON - 04I","precinct_full_name":"Trinity United Methodist","has_polygon":true},"geometry":{"type":"Point","coordinates":[-84.39413109501348,33.7529755]}},{"type":"Feature","properties":{"id":"2020-1863","county_nam":"Fulton","county_norm":"FULTON","prec_id":"01F","precinct_name":"Fulton - 01F","precinct_norm":"FULTON - 01F","precinct_full_name":"Fanplex","has_polygon":true},"geometry":{"type":"Point","coordinates":[-84.39155821098105,33.728738]}},{"type":"Feature","properties":{"id":"2020-1864","county_nam":"Gwinnett","county_norm":"GWINNETT","prec_id":"055","precinct_name":"Gwinnett - 055","precinct_norm":"GWINNETT - 055","precinct_full_name":"Sugar Hill D","has_polygon":true},"geometry":{"type":"Point","coordinates":[-83.98846786943261,34.129179]}},{"type":"Feature","properties":{"id":"2020-1865","county_nam":"Gwinnett","county_norm":"GWINNETT","prec_id":"102","precinct_name":"Gwinnett - 102","precinct_norm":"GWINNETT - 102","precinct_full_name":"Pucketts B","has_polygon":true},"geometry":{"type":"Point","coordinates":[-83.97303622860018,34.092330000000004]}},{"type":"Feature","properties":{"id":"2020-1866","county_nam":"Hall","county_norm":"HALL","prec_id":"007","precinct_name":"Hall - 007","precinct_norm":"HALL - 007","precinct_full_name":"Roberts","has_polygon":true},"geometry":{"type":"Point","coordinates":[-83.9948516351297,34.1632995]}},{"type":"Feature","properties":{"id":"2020-1867","county_nam":"Cobb","county_norm":"COBB","prec_id":"DC01","precinct_name":"Cobb - DC01","precinct_norm":"COBB - DC01","precinct_full_name":"Dickerson 01","has_polygon":true},"geometry":{"type":"Point","coordinates":[-84.42746274681656,33.9793805]}},{"type":"Feature","properties":{"id":"2020-1868","county_nam":"Cobb","county_norm":"COBB","prec_id":"SA01","precinct_name":"Cobb - SA01","precinct_norm":"COBB - SA01","precinct_full_name":"Sandy Plains 01","has_polygon":true},"geometry":{"type":"Point","coordinates":[-84.4757745419735,34.020981500000005]}},{"type":"Feature","properties":{"id":"2020-1869","county_nam":"Cobb","county_norm":"COBB","prec_id":"PP01","precinct_name":"Cobb - PP01","precinct_norm":"COBB - PP01","precinct_full_name":"Pope 01","has_polygon":true},"geometry":{"type":"Point","coordinates":[-84.45511369025948,34.0288355]}},{"type":"Feature","properties":{"id":"2020-1870","county_nam":"Cobb","county_norm":"COBB","prec_id":"MB01","precinct_name":"Cobb - MB01","precinct_norm":"COBB - MB01","precinct_full_name":"Mabry 01","has_polygon":true},"geometry":{"type":"Point","coordinates":[-84.46268448331062,34.054182999999995]}},{"type":"Feature","properties":{"id":"2020-1871","county_nam":"Cobb","county_norm":"COBB","prec_id":"DV01","precinct_name":"Cobb - DV01","precinct_norm":"COBB - DV01","precinct_full_name":"Davis 01","has_polygon":true},"geometry":{"type":"Point","coordinates":[-84.47450074537446,34.068066]}},{"type":"Feature","properties":{"id":"2020-1872","county_nam":"Cobb","county_norm":"COBB","prec_id":"GM01","precinct_name":"Cobb - GM01","precinct_norm":"COBB - GM01","precinct_full_name":"Garrison Mill 01","has_polygon":true},"geometry":{"type":"Point","coordinates":[-84.44510098909657,34.047409]}},{"type":"Feature","properties":{"id":"2020-1873","county_nam":"Cobb","county_norm":"COBB","prec_id":"PO01","precinct_name":"Cobb - PO01","precinct_norm":"COBB - PO01","precinct_full_name":"Post Oak 01","has_polygon":true},"geometry":{"type":"Point","coordinates":[-84.44730449372534,34.0618145]}},{"type":"Feature","properties":{"id":"2020-1874","county_nam":"Cobb","county_norm":"COBB","prec_id":"HT01","precinct_name":"Cobb - HT01","precinct_norm":"COBB - HT01","precinct_full_name":"Hightower 01","has_polygon":true},"geometry":{"type":"Point","coordinates":[-84.43120183019272,34.0214555]}},{"type":"Feature","properties":{"id":"2020-1875","county_nam":"Cobb","county_norm":"COBB","prec_id":"SF01","precinct_name":"Cobb - SF01","precinct_norm":"COBB - SF01","precinct_full_name":"Shallowford Falls 01","has_polygon":true},"geometry":{"type":"Point","coordinates":[-84.42824748215509,34.0392305]}},{"type":"Feature","properties":{"id":"2020-1876","county_nam":"Fulton","county_norm":"FULTON","prec_id":"05A2","precinct_name":"Fulton - 05A2","precinct_norm":"FULTON - 05A2","precinct_full_name":"Lang-Carson Community Center","has_polygon":true},"geometry":{"type":"Point","coordinates":[-84.35333038804508,33.749736]}},{"type":"Feature","properties":{"id":"2020-1877","county_nam":"Fulton","county_norm":"FULTON","prec_id":"03G","precinct_name":"Fulton - 03G","precinct_norm":"FULTON - 03G","precinct_full_name":"Lindsay Street Baptist Church","has_polygon":true},"geometry":{"type":"Point","coordinates":[-84.41025076406035,33.7590675]}},{"type":"Feature","properties":{"id":"2020-1878","county_nam":"Fulton","county_norm":"FULTON","prec_id":"03T","precinct_name":"Fulton - 03T","precinct_norm":"FULTON - 03T","precinct_full_name":"Friendship Baptist Church","has_polygon":true},"geometry":{"type":"Point","coordinates":[-84.40303063343259,33.755908500000004]}},{"type":"Feature","properties":{"id":"2020-1879","county_nam":"Fulton","county_norm":"FULTON","prec_id":"03P2","precinct_name":"Fulton - 03P2","precinct_norm":"FULTON - 03P2","precinct_full_name":"Antioch Baptist Church Family Center","has_polygon":true},"geometry":{"type":"Point","coordinates":[-84.40156417800334,33.7668605]}},{"type":"Feature","properties":{"id":"2020-1880","county_nam":"Fulton","county_norm":"FULTON","prec_id":"04F","precinct_name":"Fulton - 04F","precinct_norm":"FULTON - 04F","precinct_full_name":"Saint Luke's Episcopal Church","has_polygon":true},"geometry":{"type":"Point","coordinates":[-84.39420007521099,33.7648825]}},{"type":"Feature","properties":{"id":"2020-1881","county_nam":"Fulton","county_norm":"FULTON","prec_id":"03I","precinct_name":"Fulton - 03I","precinct_norm":"FULTON - 03I","precinct_full_name":"North Avenue Presbyterian Church, PCUSA","has_polygon":true},"geometry":{"type":"Point","coordinates":[-84.3991848891162,33.778844]}},{"type":"Feature","properties":{"id":"2020-1882","county_nam":"Fulton","county_norm":"FULTON","prec_id":"02B","precinct_name":"Fulton - 02B","precinct_norm":"FULTON - 02B","precinct_full_name":"Saint Luke's Episcopal Church","has_polygon":true},"geometry":{"type":"Point","coordinates":[-84.38828944065475,33.761471]}},{"type":"Feature","properties":{"id":"2020-1883","county_nam":"Fulton","county_norm":"FULTON","prec_id":"05C","precinct_name":"Fulton - 05C","precinct_norm":"FULTON - 05C","precinct_full_name":"Liberty Baptist Church","has_polygon":true},"geometry":{"type":"Point","coordinates":[-84.38321682168697,33.7530885]}},{"type":"Feature","properties":{"id":"2020-1884","county_nam":"Fulton","county_norm":"FULTON","prec_id":"05K","precinct_name":"Fulton - 05K","precinct_norm":"FULTON - 05K","precinct_full_name":"David T. Howard Middle School","has_polygon":true},"geometry":{"type":"Point","coordinates":[-84.3792695452342,33.758921]}},{"type":"Feature","properties":{"id":"2020-1885","county_nam":"Fulton","county_norm":"FULTON","prec_id":"05D","precinct_name":"Fulton - 05D","precinct_norm":"FULTON - 05D","precinct_full_name":"Saint Luke's Episcopal Church","has_polygon":true},"geometry":{"type":"Point","coordinates":[-84.38512990362835,33.7594165]}},{"type":"Feature","properties":{"id":"2020-1886","county_nam":"Fulton","county_norm":"FULTON","prec_id":"05F","precinct_name":"Fulton - 05F","precinct_norm":"FULTON - 05F","precinct_full_name":"Saint Luke's Episcopal Church","has_polygon":true},"geometry":{"type":"Point","coordinates":[-84.38057733422607,33.763272]}},{"type":"Feature","properties":{"id":"2020-1887","county_nam":"Fulton","county_norm":"FULTON","prec_id":"02L2","precinct_name":"Fulton - 02L2","precinct_norm":"FULTON - 02L2","precinct_full_name":"North Avenue Presbyterian Church, PCUSA","has_polygon":true},"geometry":{"type":"Point","coordinates":[-84.389061006709,33.778747]}},{"type":"Feature","properties":{"id":"2020-1888","county_nam":"Fulton","county_norm":"FULTON","prec_id":"02L1A","precinct_name":"Fulton - 02L1A","precinct_norm":"FULTON - 02L1A","precinct_full_name":"02L1A","has_polygon":true},"geometry":{"type":"Point","coordinates":[-84.3844701184764,33.7742735]}},{"type":"Feature","properties":{"id":"2020-1889","county_nam":"Fulton","county_norm":"FULTON","prec_id":"02C","precinct_name":"Fulton - 02C","precinct_norm":"FULTON - 02C","precinct_full_name":"Saint Luke's Episcopal Church","has_polygon":true},"geometry":{"type":"Point","coordinates":[-84.37946210092997,33.7679785]}},{"type":"Feature","properties":{"id":"2020-1890","county_nam":"Fulton","county_norm":"FULTON","prec_id":"02L1","precinct_name":"Fulton - 02L1","precinct_norm":"FULTON - 02L1","precinct_full_name":"Lutheran Church Of The Redeemer","has_polygon":true},"geometry":{"type":"Point","coordinates":[-84.38426984293864,33.777934]}},{"type":"Feature","properties":{"id":"2020-1891","county_nam":"Fulton","county_norm":"FULTON","prec_id":"02K","precinct_name":"Fulton - 02K","precinct_norm":"FULTON - 02K","precinct_full_name":"Park Tavern","has_polygon":true},"geometry":{"type":"Point","coordinates":[-84.37956590740797,33.775962]}},{"type":"Feature","properties":{"id":"2020-1892","county_nam":"Fulton","county_norm":"FULTON","prec_id":"03P1A","precinct_name":"Fulton - 03P1A","precinct_norm":"FULTON - 03P1A","precinct_full_name":"Antioch Baptist Church Family Center","has_polygon":true},"geometry":{"type":"Point","coordinates":[-84.40707978129805,33.784232]}},{"type":"Feature","properties":{"id":"2020-1893","county_nam":"Fulton","county_norm":"FULTON","prec_id":"08P","precinct_name":"Fulton - 08P","precinct_norm":"FULTON - 08P","precinct_full_name":"Trinity Anglican Church","has_polygon":true},"geometry":{"type":"Point","coordinates":[-84.40244118863423,33.795784499999996]}},{"type":"Feature","properties":{"id":"2020-1894","county_nam":"Cobb","county_norm":"COBB","prec_id":"ML01","precinct_name":"Cobb - ML01","precinct_norm":"COBB - ML01","precinct_full_name":"Mcclure 01","has_polygon":true},"geometry":{"type":"Point","coordinates":[-84.67698613438507,34.0167385]}},{"type":"Feature","properties":{"id":"2020-1895","county_nam":"Cobb","county_norm":"COBB","prec_id":"AC1A","precinct_name":"Cobb - AC1A","precinct_norm":"COBB - AC1A","precinct_full_name":"Acworth 1A","has_polygon":true},"geometry":{"type":"Point","coordinates":[-84.67175839183557,34.047308]}},{"type":"Feature","properties":{"id":"2020-1896","county_nam":"Cobb","county_norm":"COBB","prec_id":"HL01","precinct_name":"Cobb - HL01","precinct_norm":"COBB - HL01","precinct_full_name":"Harmony-Leland 01","has_polygon":true},"geometry":{"type":"Point","coordinates":[-84.53735208346235,33.7972455]}},{"type":"Feature","properties":{"id":"2020-1897","county_nam":"Cobb","county_norm":"COBB","prec_id":"LI01","precinct_name":"Cobb - LI01","precinct_norm":"COBB - LI01","precinct_full_name":"Lindley 01","has_polygon":true},"geometry":{"type":"Point","coordinates":[-84.51952568697848,33.81182]}},{"type":"Feature","properties":{"id":"2020-1898","county_nam":"Fulton","county_norm":"FULTON","prec_id":"10D","precinct_name":"Fulton - 10D","precinct_norm":"FULTON - 10D","precinct_full_name":"C.T. Martin Recreation Center","has_polygon":true},"geometry":{"type":"Point","coordinates":[-84.49924695785879,33.759747000000004]}},{"type":"Feature","properties":{"id":"2020-1899","county_nam":"Fulton","county_norm":"FULTON","prec_id":"10E","precinct_name":"Fulton - 10E","precinct_norm":"FULTON - 10E","precinct_full_name":"Jackson Memorial Baptist Church","has_polygon":true},"geometry":{"type":"Point","coordinates":[-84.48801307438126,33.7653045]}},{"type":"Feature","properties":{"id":"2020-1900","county_nam":"Fulton","county_norm":"FULTON","prec_id":"10P","precinct_name":"Fulton - 10P","precinct_norm":"FULTON - 10P","precinct_full_name":"Jackson Memorial Baptist Church","has_polygon":true},"geometry":{"type":"Point","coordinates":[-84.50545617623848,33.7761525]}},{"type":"Feature","properties":{"id":"2020-1901","county_nam":"Fulton","county_norm":"FULTON","prec_id":"10H1","precinct_name":"Fulton - 10H1","precinct_norm":"FULTON - 10H1","precinct_full_name":"St. Paul's Episcopal Church","has_polygon":true},"geometry":{"type":"Point","coordinates":[-84.47605566156616,33.7571765]}},{"type":"Feature","properties":{"id":"2020-1902","county_nam":"Cobb","county_norm":"COBB","prec_id":"AC1B","precinct_name":"Cobb - AC1B","precinct_norm":"COBB - AC1B","precinct_full_name":"Acworth 1B","has_polygon":true},"geometry":{"type":"Point","coordinates":[-84.66357225961781,34.0637805]}},{"type":"Feature","properties":{"id":"2020-1903","county_nam":"Fulton","county_norm":"FULTON","prec_id":"03C","precinct_name":"Fulton - 03C","precinct_norm":"FULTON - 03C","precinct_full_name":"Berean Seventh Day Adventist Church","has_polygon":true},"geometry":{"type":"Point","coordinates":[-84.45370684445737,33.757507]}},{"type":"Feature","properties":{"id":"2020-1904","county_nam":"Fulton","county_norm":"FULTON","prec_id":"03H","precinct_name":"Fulton - 03H","precinct_norm":"FULTON - 03H","precinct_full_name":"Allen Temple African Methodist Episcopal Church","has_polygon":true},"geometry":{"type":"Point","coordinates":[-84.44980705498176,33.766146500000005]}},{"type":"Feature","properties":{"id":"2020-1905","county_nam":"Fulton","county_norm":"FULTON","prec_id":"09K","precinct_name":"Fulton - 09K","precinct_norm":"FULTON - 09K","precinct_full_name":"Northwest Library At Scotts Crossings","has_polygon":true},"geometry":{"type":"Point","coordinates":[-84.46094686576001,33.791551999999996]}},{"type":"Feature","properties":{"id":"2020-1906","county_nam":"Fulton","county_norm":"FULTON","prec_id":"09M","precinct_name":"Fulton - 09M","precinct_norm":"FULTON - 09M","precinct_full_name":"Springfield Missionary Baptist Church","has_polygon":true},"geometry":{"type":"Point","coordinates":[-84.4718992379495,33.815938]}},{"type":"Feature","properties":{"id":"2020-1907","county_nam":"Fulton","county_norm":"FULTON","prec_id":"09E","precinct_name":"Fulton - 09E","precinct_norm":"FULTON - 09E","precinct_full_name":"Salem Bible Church","has_polygon":true},"geometry":{"type":"Point","coordinates":[-84.4465604703179,33.788504]}},{"type":"Feature","properties":{"id":"2020-1908","county_nam":"Fulton","county_norm":"FULTON","prec_id":"09A","precinct_name":"Fulton - 09A","precinct_norm":"FULTON - 09A","precinct_full_name":"Bolton Academy","has_polygon":true},"geometry":{"type":"Point","coordinates":[-84.44545989863991,33.8070455]}},{"type":"Feature","properties":{"id":"2020-1909","county_nam":"Fulton","county_norm":"FULTON","prec_id":"04C","precinct_name":"Fulton - 04C","precinct_norm":"FULTON - 04C","precinct_full_name":"C.A. Scott Recreation Building","has_polygon":true},"geometry":{"type":"Point","coordinates":[-84.44141443543688,33.7531355]}},{"type":"Feature","properties":{"id":"2020-1910","county_nam":"Fulton","county_norm":"FULTON","prec_id":"03A","precinct_name":"Fulton - 03A","precinct_norm":"FULTON - 03A","precinct_full_name":"Allen Temple African Methodist Episcopal Church","has_polygon":true},"geometry":{"type":"Point","coordinates":[-84.43749386918282,33.761306000000005]}},{"type":"Feature","properties":{"id":"2020-1911","county_nam":"Fulton","county_norm":"FULTON","prec_id":"03D","precinct_name":"Fulton - 03D","precinct_norm":"FULTON - 03D","precinct_full_name":"C.A. Scott Recreation Building","has_polygon":true},"geometry":{"type":"Point","coordinates":[-84.42584214207048,33.758244]}},{"type":"Feature","properties":{"id":"2020-1912","county_nam":"Fulton","county_norm":"FULTON","prec_id":"03B","precinct_name":"Fulton - 03B","precinct_norm":"FULTON - 03B","precinct_full_name":"Allen Temple African Methodist Episcopal Church","has_polygon":true},"geometry":{"type":"Point","coordinates":[-84.4314541031222,33.7658885]}},{"type":"Feature","properties":{"id":"2020-1913","county_nam":"Fulton","county_norm":"FULTON","prec_id":"SC07D","precinct_name":"Fulton - SC07D","precinct_norm":"FULTON - SC07D","precinct_full_name":"SC07D","has_polygon":true},"geometry":{"type":"Point","coordinates":[-84.62204716489362,33.583651]}},{"type":"Feature","properties":{"id":"2020-1914","county_nam":"Fulton","county_norm":"FULTON","prec_id":"SC13","precinct_name":"Fulton - SC13","precinct_norm":"FULTON - SC13","precinct_full_name":"Langston Hughes High School","has_polygon":true},"geometry":{"type":"Point","coordinates":[-84.64096371531522,33.632774]}},{"type":"Feature","properties":{"id":"2020-1915","county_nam":"Douglas","county_norm":"DOUGLAS","prec_id":"785","precinct_name":"Douglas - 785","precinct_norm":"DOUGLAS - 785","precinct_full_name":"Boundary Waters","has_polygon":true},"geometry":{"type":"Point","coordinates":[-84.67002467698845,33.68370899999999]}},{"type":"Feature","properties":{"id":"2020-1916","county_nam":"Fulton","county_norm":"FULTON","prec_id":"SC05A","precinct_name":"Fulton - SC05A","precinct_norm":"FULTON - SC05A","precinct_full_name":"Langston Hughes High School","has_polygon":true},"geometry":{"type":"Point","coordinates":[-84.61168157451499,33.62396]}},{"type":"Feature","properties":{"id":"2020-1917","county_nam":"Fulton","county_norm":"FULTON","prec_id":"SC05D","precinct_name":"Fulton - SC05D","precinct_norm":"FULTON - SC05D","precinct_full_name":"The Enon Church","has_polygon":true},"geometry":{"type":"Point","coordinates":[-84.61061320488785,33.637278]}},{"type":"Feature","properties":{"id":"2020-1918","county_nam":"Fulton","county_norm":"FULTON","prec_id":"SC15A","precinct_name":"Fulton - SC15A","precinct_norm":"FULTON - SC15A","precinct_full_name":"SC15A","has_polygon":true},"geometry":{"type":"Point","coordinates":[-84.64404690517489,33.670933]}},{"type":"Feature","properties":{"id":"2020-1919","county_nam":"Paulding","county_norm":"PAULDING","prec_id":"0019C","precinct_name":"Paulding - 0019C","precinct_norm":"PAULDING - 0019C","precinct_full_name":"Activation Church","has_polygon":true},"geometry":{"type":"Point","coordinates":[-84.7548590617338,33.808611]}},{"type":"Feature","properties":{"id":"2020-1920","county_nam":"Douglas","county_norm":"DOUGLAS","prec_id":"736N","precinct_name":"Douglas - 736N","precinct_norm":"DOUGLAS - 736N","precinct_full_name":"Chapel Hill","has_polygon":true},"geometry":{"type":"Point","coordinates":[-84.72969503378604,33.691897999999995]}},{"type":"Feature","properties":{"id":"2020-1921","county_nam":"Douglas","county_norm":"DOUGLAS","prec_id":"739","precinct_name":"Douglas - 739","precinct_norm":"DOUGLAS - 739","precinct_full_name":"Lutheran Church - Gs","has_polygon":true},"geometry":{"type":"Point","coordinates":[-84.7255546183938,33.709879]}},{"type":"Feature","properties":{"id":"2020-1922","county_nam":"Douglas","county_norm":"DOUGLAS","prec_id":"740","precinct_name":"Douglas - 740","precinct_norm":"DOUGLAS - 740","precinct_full_name":"St Theresa's Catholic Church","has_polygon":true},"geometry":{"type":"Point","coordinates":[-84.72397862382739,33.732248]}},{"type":"Feature","properties":{"id":"2020-1923","county_nam":"Douglas","county_norm":"DOUGLAS","prec_id":"737","precinct_name":"Douglas - 737","precinct_norm":"DOUGLAS - 737","precinct_full_name":"Chestnut Log","has_polygon":true},"geometry":{"type":"Point","coordinates":[-84.69775668614074,33.734767500000004]}},{"type":"Feature","properties":{"id":"2020-1924","county_nam":"Douglas","county_norm":"DOUGLAS","prec_id":"1276","precinct_name":"Douglas - 1276","precinct_norm":"DOUGLAS - 1276","precinct_full_name":"Deer Lick","has_polygon":true},"geometry":{"type":"Point","coordinates":[-84.67493181878308,33.740311]}},{"type":"Feature","properties":{"id":"2020-1925","county_nam":"Fulton","county_norm":"FULTON","prec_id":"SC18C","precinct_name":"Fulton - SC18C","precinct_norm":"FULTON - SC18C","precinct_full_name":"Friendship Community Church","has_polygon":true},"geometry":{"type":"Point","coordinates":[-84.54675513385024,33.6454085]}},{"type":"Feature","properties":{"id":"2020-1926","county_nam":"Fulton","county_norm":"FULTON","prec_id":"SC18B","precinct_name":"Fulton - SC18B","precinct_norm":"FULTON - SC18B","precinct_full_name":"Friendship Community Church","has_polygon":true},"geometry":{"type":"Point","coordinates":[-84.54199799339438,33.6574535]}},{"type":"Feature","properties":{"id":"2020-1927","county_nam":"Douglas","county_norm":"DOUGLAS","prec_id":"784","precinct_name":"Douglas - 784","precinct_norm":"DOUGLAS - 784","precinct_full_name":"Factory Shoals","has_polygon":true},"geometry":{"type":"Point","coordinates":[-84.65292218257851,33.7159795]}},{"type":"Feature","properties":{"id":"2020-1928","county_nam":"Douglas","county_norm":"DOUGLAS","prec_id":"1275","precinct_name":"Douglas - 1275","precinct_norm":"DOUGLAS - 1275","precinct_full_name":"Lithia Springs High School","has_polygon":true},"geometry":{"type":"Point","coordinates":[-84.62195889628353,33.747054]}},{"type":"Feature","properties":{"id":"2020-1929","county_nam":"Douglas","county_norm":"DOUGLAS","prec_id":"1274","precinct_name":"Douglas - 1274","precinct_norm":"DOUGLAS - 1274","precinct_full_name":"First Baptist Lithia Springs","has_polygon":true},"geometry":{"type":"Point","coordinates":[-84.64737562025655,33.78754]}},{"type":"Feature","properties":{"id":"2020-1930","county_nam":"Douglas","county_norm":"DOUGLAS","prec_id":"1270","precinct_name":"Douglas - 1270","precinct_norm":"DOUGLAS - 1270","precinct_full_name":"Atlanta West Pentecostal","has_polygon":true},"geometry":{"type":"Point","coordinates":[-84.62441658492682,33.788903000000005]}},{"type":"Feature","properties":{"id":"2020-1931","county_nam":"Fulton","county_norm":"FULTON","prec_id":"SC01A","precinct_name":"Fulton - SC01A","precinct_norm":"FULTON - SC01A","precinct_full_name":"West Lake High School","has_polygon":true},"geometry":{"type":"Point","coordinates":[-84.59144792060911,33.702282]}},{"type":"Feature","properties":{"id":"2020-1932","county_nam":"Cobb","county_norm":"COBB","prec_id":"AU1A","precinct_name":"Cobb - AU1A","precinct_norm":"COBB - AU1A","precinct_full_name":"Austell 1A","has_polygon":true},"geometry":{"type":"Point","coordinates":[-84.64394296319882,33.8211485]}},{"type":"Feature","properties":{"id":"2020-1933","county_nam":"Cobb","county_norm":"COBB","prec_id":"CL01","precinct_name":"Cobb - CL01","precinct_norm":"COBB - CL01","precinct_full_name":"Clarkdale 01","has_polygon":true},"geometry":{"type":"Point","coordinates":[-84.6630401081081,33.843092]}},{"type":"Feature","properties":{"id":"2020-1934","county_nam":"Cobb","county_norm":"COBB","prec_id":"PS2A","precinct_name":"Cobb - PS2A","precinct_norm":"COBB - PS2A","precinct_full_name":"Powder Springs 2A","has_polygon":true},"geometry":{"type":"Point","coordinates":[-84.65573092998002,33.862833]}},{"type":"Feature","properties":{"id":"2020-1935","county_nam":"Cobb","county_norm":"COBB","prec_id":"CO01","precinct_name":"Cobb - CO01","precinct_norm":"COBB - CO01","precinct_full_name":"Cooper 01","has_polygon":true},"geometry":{"type":"Point","coordinates":[-84.6340482083045,33.854743]}},{"type":"Feature","properties":{"id":"2020-1936","county_nam":"Cobb","county_norm":"COBB","prec_id":"OR02","precinct_name":"Cobb - OR02","precinct_norm":"COBB - OR02","precinct_full_name":"Oregon 02","has_polygon":true},"geometry":{"type":"Point","coordinates":[-84.60703540869565,33.8747975]}},{"type":"Feature","properties":{"id":"2020-1937","county_nam":"Cobb","county_norm":"COBB","prec_id":"CL02","precinct_name":"Cobb - CL02","precinct_norm":"COBB - CL02","precinct_full_name":"Clarkdale 02","has_polygon":true},"geometry":{"type":"Point","coordinates":[-84.69417291786124,33.824945]}},{"type":"Feature","properties":{"id":"2020-1938","county_nam":"Cobb","county_norm":"COBB","prec_id":"MA02","precinct_name":"Cobb - MA02","precinct_norm":"COBB - MA02","precinct_full_name":"Mableton 02","has_polygon":true},"geometry":{"type":"Point","coordinates":[-84.58744371908894,33.813165]}},{"type":"Feature","properties":{"id":"2020-1939","county_nam":"Cobb","county_norm":"COBB","prec_id":"BT02","precinct_name":"Cobb - BT02","precinct_norm":"COBB - BT02","precinct_full_name":"Bryant 02","has_polygon":true},"geometry":{"type":"Point","coordinates":[-84.5697582186288,33.766763]}},{"type":"Feature","properties":{"id":"2020-1940","county_nam":"Cobb","county_norm":"COBB","prec_id":"RS01","precinct_name":"Cobb - RS01","precinct_norm":"COBB - RS01","precinct_full_name":"Riverside 01","has_polygon":true},"geometry":{"type":"Point","coordinates":[-84.54986984586353,33.785664]}},{"type":"Feature","properties":{"id":"2020-1941","county_nam":"Fulton","county_norm":"FULTON","prec_id":"UC01A","precinct_name":"Fulton - UC01A","precinct_norm":"FULTON - UC01A","precinct_full_name":"Feldwood Elementary","has_polygon":true},"geometry":{"type":"Point","coordinates":[-84.53690520736254,33.5840635]}},{"type":"Feature","properties":{"id":"2020-1942","county_nam":"Cobb","county_norm":"COBB","prec_id":"PS1A","precinct_name":"Cobb - PS1A","precinct_norm":"COBB - PS1A","precinct_full_name":"Powder Springs 1A","has_polygon":true},"geometry":{"type":"Point","coordinates":[-84.69107952361284,33.8648395]}},{"type":"Feature","properties":{"id":"2020-1943","county_nam":"Cobb","county_norm":"COBB","prec_id":"PS3A","precinct_name":"Cobb - PS3A","precinct_norm":"COBB - PS3A","precinct_full_name":"Powder Springs 3A","has_polygon":true},"geometry":{"type":"Point","coordinates":[-84.67585547715926,33.8630425]}},{"type":"Feature","properties":{"id":"2020-1944","county_nam":"Cobb","county_norm":"COBB","prec_id":"LM03","precinct_name":"Cobb - LM03","precinct_norm":"COBB - LM03","precinct_full_name":"Lost Mountain 03","has_polygon":true},"geometry":{"type":"Point","coordinates":[-84.71118688680079,33.931205000000006]}},{"type":"Feature","properties":{"id":"2020-1945","county_nam":"Cobb","county_norm":"COBB","prec_id":"BR02","precinct_name":"Cobb - BR02","precinct_norm":"COBB - BR02","precinct_full_name":"Birney 02","has_polygon":true},"geometry":{"type":"Point","coordinates":[-84.57631558391203,33.857349]}},{"type":"Feature","properties":{"id":"2020-1946","county_nam":"Cobb","county_norm":"COBB","prec_id":"BR01","precinct_name":"Cobb - BR01","precinct_norm":"COBB - BR01","precinct_full_name":"Birney 01","has_polygon":true},"geometry":{"type":"Point","coordinates":[-84.57618959465492,33.8719975]}},{"type":"Feature","properties":{"id":"2020-1947","county_nam":"Cobb","county_norm":"COBB","prec_id":"MA03","precinct_name":"Cobb - MA03","precinct_norm":"COBB - MA03","precinct_full_name":"Mableton 03","has_polygon":true},"geometry":{"type":"Point","coordinates":[-84.55652627992637,33.8286575]}},{"type":"Feature","properties":{"id":"2020-1948","county_nam":"Cobb","county_norm":"COBB","prec_id":"MA04","precinct_name":"Cobb - MA04","precinct_norm":"COBB - MA04","precinct_full_name":"Mableton 04","has_polygon":true},"geometry":{"type":"Point","coordinates":[-84.56272908478265,33.842934]}},{"type":"Feature","properties":{"id":"2020-1949","county_nam":"Cobb","county_norm":"COBB","prec_id":"HR01","precinct_name":"Cobb - HR01","precinct_norm":"COBB - HR01","precinct_full_name":"Harrison 01","has_polygon":true},"geometry":{"type":"Point","coordinates":[-84.67108138313816,33.9773315]}},{"type":"Feature","properties":{"id":"2020-1950","county_nam":"Cobb","county_norm":"COBB","prec_id":"KP01","precinct_name":"Cobb - KP01","precinct_norm":"COBB - KP01","precinct_full_name":"Kemp 01","has_polygon":true},"geometry":{"type":"Point","coordinates":[-84.64922533105769,33.960485500000004]}},{"type":"Feature","properties":{"id":"2020-1951","county_nam":"Cobb","county_norm":"COBB","prec_id":"HY01","precinct_name":"Cobb - HY01","precinct_norm":"COBB - HY01","precinct_full_name":"Hayes 01","has_polygon":true},"geometry":{"type":"Point","coordinates":[-84.64511192732874,34.0068375]}},{"type":"Feature","properties":{"id":"2020-1952","county_nam":"Cobb","county_norm":"COBB","prec_id":"PM02","precinct_name":"Cobb - PM02","precinct_norm":"COBB - PM02","precinct_full_name":"Pine Mountain 02","has_polygon":true},"geometry":{"type":"Point","coordinates":[-84.63033793693072,33.977602000000005]}},{"type":"Feature","properties":{"id":"2020-1953","county_nam":"Cobb","county_norm":"COBB","prec_id":"SN7A","precinct_name":"Cobb - SN7A","precinct_norm":"COBB - SN7A","precinct_full_name":"Smyrna 7A","has_polygon":true},"geometry":{"type":"Point","coordinates":[-84.51178256190155,33.822509]}},{"type":"Feature","properties":{"id":"2020-1954","county_nam":"Cobb","county_norm":"COBB","prec_id":"NC01","precinct_name":"Cobb - NC01","precinct_norm":"COBB - NC01","precinct_full_name":"North Cobb 01","has_polygon":true},"geometry":{"type":"Point","coordinates":[-84.63790422648177,34.040232]}},{"type":"Feature","properties":{"id":"2020-1955","county_nam":"Cobb","county_norm":"COBB","prec_id":"MC01","precinct_name":"Cobb - MC01","precinct_norm":"COBB - MC01","precinct_full_name":"Macland 01","has_polygon":true},"geometry":{"type":"Point","coordinates":[-84.6578982304822,33.8875965]}},{"type":"Feature","properties":{"id":"2020-1956","county_nam":"Cobb","county_norm":"COBB","prec_id":"OR05","precinct_name":"Cobb - OR05","precinct_norm":"COBB - OR05","precinct_full_name":"Oregon 05","has_polygon":true},"geometry":{"type":"Point","coordinates":[-84.65198929376258,33.912088]}},{"type":"Feature","properties":{"id":"2020-1957","county_nam":"Cobb","county_norm":"COBB","prec_id":"KP02","precinct_name":"Cobb - KP02","precinct_norm":"COBB - KP02","precinct_full_name":"Kemp 02","has_polygon":true},"geometry":{"type":"Point","coordinates":[-84.64610057730357,33.938334]}},{"type":"Feature","properties":{"id":"2020-1958","county_nam":"Cobb","county_norm":"COBB","prec_id":"OR04","precinct_name":"Cobb - OR04","precinct_norm":"COBB - OR04","precinct_full_name":"Oregon 04","has_polygon":true},"geometry":{"type":"Point","coordinates":[-84.62716728059485,33.8875965]}},{"type":"Feature","properties":{"id":"2020-1959","county_nam":"Cobb","county_norm":"COBB","prec_id":"DL01","precinct_name":"Cobb - DL01","precinct_norm":"COBB - DL01","precinct_full_name":"Dowell 01","has_polygon":true},"geometry":{"type":"Point","coordinates":[-84.62300168729874,33.9129175]}},{"type":"Feature","properties":{"id":"2020-1960","county_nam":"Cobb","county_norm":"COBB","prec_id":"CH03","precinct_name":"Cobb - CH03","precinct_norm":"COBB - CH03","precinct_full_name":"Cheatham Hill 03","has_polygon":true},"geometry":{"type":"Point","coordinates":[-84.60838846474459,33.92559]}},{"type":"Feature","properties":{"id":"2020-1961","county_nam":"Cobb","county_norm":"COBB","prec_id":"MA01","precinct_name":"Cobb - MA01","precinct_norm":"COBB - MA01","precinct_full_name":"Mableton 01","has_polygon":true},"geometry":{"type":"Point","coordinates":[-84.59923607860196,33.832198500000004]}},{"type":"Feature","properties":{"id":"2020-1962","county_nam":"Cobb","county_norm":"COBB","prec_id":"SW02","precinct_name":"Cobb - SW02","precinct_norm":"COBB - SW02","precinct_full_name":"Sweetwater 02","has_polygon":true},"geometry":{"type":"Point","coordinates":[-84.60313162257043,33.856552]}},{"type":"Feature","properties":{"id":"2020-1963","county_nam":"Douglas","county_norm":"DOUGLAS","prec_id":"1259","precinct_name":"Douglas - 1259","precinct_norm":"DOUGLAS - 1259","precinct_full_name":"Winston","has_polygon":true},"geometry":{"type":"Point","coordinates":[-84.8025823473796,33.7468395]}},{"type":"Feature","properties":{"id":"2020-1964","county_nam":"Douglas","county_norm":"DOUGLAS","prec_id":"738","precinct_name":"Douglas - 738","precinct_norm":"DOUGLAS - 738","precinct_full_name":"St Julians Episcopal","has_polygon":true},"geometry":{"type":"Point","coordinates":[-84.75872919905571,33.703995]}},{"type":"Feature","properties":{"id":"2020-1965","county_nam":"Douglas","county_norm":"DOUGLAS","prec_id":"733","precinct_name":"Douglas - 733","precinct_norm":"DOUGLAS - 733","precinct_full_name":"Arbor Station","has_polygon":true},"geometry":{"type":"Point","coordinates":[-84.75041342085773,33.720425]}},{"type":"Feature","properties":{"id":"2020-1966","county_nam":"Douglas","county_norm":"DOUGLAS","prec_id":"730","precinct_name":"Douglas - 730","precinct_norm":"DOUGLAS - 730","precinct_full_name":"Old Courthouse","has_polygon":true},"geometry":{"type":"Point","coordinates":[-84.74343858709813,33.74465]}},{"type":"Feature","properties":{"id":"2020-1967","county_nam":"Douglas","county_norm":"DOUGLAS","prec_id":"729","precinct_name":"Douglas - 729","precinct_norm":"DOUGLAS - 729","precinct_full_name":"Golden Methodist Church","has_polygon":true},"geometry":{"type":"Point","coordinates":[-84.7613999772222,33.765326]}},{"type":"Feature","properties":{"id":"2020-1968","county_nam":"Douglas","county_norm":"DOUGLAS","prec_id":"732","precinct_name":"Douglas - 732","precinct_norm":"DOUGLAS - 732","precinct_full_name":"Stewart","has_polygon":true},"geometry":{"type":"Point","coordinates":[-84.74053994717269,33.769808]}},{"type":"Feature","properties":{"id":"2020-1969","county_nam":"Paulding","county_norm":"PAULDING","prec_id":"0008C","precinct_name":"Paulding - 0008C","precinct_norm":"PAULDING - 0008C","precinct_full_name":"East Paulding Middle School","has_polygon":true},"geometry":{"type":"Point","coordinates":[-84.74524325806452,33.942426499999996]}},{"type":"Feature","properties":{"id":"2020-1970","county_nam":"Cobb","county_norm":"COBB","prec_id":"SW01","precinct_name":"Cobb - SW01","precinct_norm":"COBB - SW01","precinct_full_name":"Sweetwater 01","has_polygon":true},"geometry":{"type":"Point","coordinates":[-84.71232617328397,33.847434]}},{"type":"Feature","properties":{"id":"2020-1971","county_nam":"Fulton","county_norm":"FULTON","prec_id":"UC02C","precinct_name":"Fulton - UC02C","precinct_norm":"FULTON - UC02C","precinct_full_name":"UC02C","has_polygon":true},"geometry":{"type":"Point","coordinates":[-84.56156748971597,33.5798415]}},{"type":"Feature","properties":{"id":"2020-1972","county_nam":"Fulton","county_norm":"FULTON","prec_id":"SC08G","precinct_name":"Fulton - SC08G","precinct_norm":"FULTON - SC08G","precinct_full_name":"Gladys Dennard At South Fulton Library","has_polygon":true},"geometry":{"type":"Point","coordinates":[-84.55345825591004,33.6020015]}},{"type":"Feature","properties":{"id":"2020-1973","county_nam":"Fulton","county_norm":"FULTON","prec_id":"SC08F","precinct_name":"Fulton - SC08F","precinct_norm":"FULTON - SC08F","precinct_full_name":"Gladys Dennard At South Fulton Library","has_polygon":true},"geometry":{"type":"Point","coordinates":[-84.54815684246574,33.606981000000005]}},{"type":"Feature","properties":{"id":"2020-1974","county_nam":"Fulton","county_norm":"FULTON","prec_id":"SC05E","precinct_name":"Fulton - SC05E","precinct_norm":"FULTON - SC05E","precinct_full_name":"Cliftondale Church","has_polygon":true},"geometry":{"type":"Point","coordinates":[-84.59416673957713,33.633078999999995]}},{"type":"Feature","properties":{"id":"2020-1975","county_nam":"Fulton","county_norm":"FULTON","prec_id":"SC20","precinct_name":"Fulton - SC20","precinct_norm":"FULTON - SC20","precinct_full_name":"Wolf Creek Branch Library","has_polygon":true},"geometry":{"type":"Point","coordinates":[-84.57294325588492,33.664987999999994]}},{"type":"Feature","properties":{"id":"2020-1976","county_nam":"Fulton","county_norm":"FULTON","prec_id":"SC01B","precinct_name":"Fulton - SC01B","precinct_norm":"FULTON - SC01B","precinct_full_name":"West Lake High School","has_polygon":true},"geometry":{"type":"Point","coordinates":[-84.58186832223686,33.6838445]}},{"type":"Feature","properties":{"id":"2020-1977","county_nam":"Fulton","county_norm":"FULTON","prec_id":"UC02B","precinct_name":"Fulton - UC02B","precinct_norm":"FULTON - UC02B","precinct_full_name":"Etris Community Center","has_polygon":true},"geometry":{"type":"Point","coordinates":[-84.58043637499999,33.6266945]}},{"type":"Feature","properties":{"id":"2020-1978","county_nam":"Fulton","county_norm":"FULTON","prec_id":"SC05B","precinct_name":"Fulton - SC05B","precinct_norm":"FULTON - SC05B","precinct_full_name":"Cliftondale Church","has_polygon":true},"geometry":{"type":"Point","coordinates":[-84.57273155748176,33.638776500000006]}},{"type":"Feature","properties":{"id":"2020-1979","county_nam":"Fulton","county_norm":"FULTON","prec_id":"SC08C","precinct_name":"Fulton - SC08C","precinct_norm":"FULTON - SC08C","precinct_full_name":"Welcome All Recreation Center","has_polygon":true},"geometry":{"type":"Point","coordinates":[-84.5467116529367,33.625506]}},{"type":"Feature","properties":{"id":"2020-1980","county_nam":"Fulton","county_norm":"FULTON","prec_id":"SC10","precinct_name":"Fulton - SC10","precinct_norm":"FULTON - SC10","precinct_full_name":"Tracey Wyatt Community Center","has_polygon":true},"geometry":{"type":"Point","coordinates":[-84.47661902787515,33.60561250000001]}},{"type":"Feature","properties":{"id":"2020-1981","county_nam":"Fulton","county_norm":"FULTON","prec_id":"CP081","precinct_name":"Fulton - CP081","precinct_norm":"FULTON - CP081","precinct_full_name":"Tracey Wyatt Community Center","has_polygon":true},"geometry":{"type":"Point","coordinates":[-84.47556307835522,33.616811999999996]}},{"type":"Feature","properties":{"id":"2020-1982","county_nam":"Fulton","county_norm":"FULTON","prec_id":"UC01E","precinct_name":"Fulton - UC01E","precinct_norm":"FULTON - UC01E","precinct_full_name":"Feldwood Elementary","has_polygon":true},"geometry":{"type":"Point","coordinates":[-84.53745754237025,33.6253355]}},{"type":"Feature","properties":{"id":"2020-1983","county_nam":"Fulton","county_norm":"FULTON","prec_id":"SC17A","precinct_name":"Fulton - SC17A","precinct_norm":"FULTON - SC17A","precinct_full_name":"Welcome All Recreation Center","has_polygon":true},"geometry":{"type":"Point","coordinates":[-84.53795735282901,33.628141]}},{"type":"Feature","properties":{"id":"2020-1984","county_nam":"Fulton","county_norm":"FULTON","prec_id":"SC17C","precinct_name":"Fulton - SC17C","precinct_norm":"FULTON - SC17C","precinct_full_name":"Welcome All Recreation Center","has_polygon":true},"geometry":{"type":"Point","coordinates":[-84.51732049137931,33.620669500000005]}},{"type":"Feature","properties":{"id":"2020-1985","county_nam":"Fulton","county_norm":"FULTON","prec_id":"SC19A","precinct_name":"Fulton - SC19A","precinct_norm":"FULTON - SC19A","precinct_full_name":"Solid Rock Pentecostal Church","has_polygon":true},"geometry":{"type":"Point","coordinates":[-84.52383197935893,33.63418]}},{"type":"Feature","properties":{"id":"2020-1986","county_nam":"Fulton","county_norm":"FULTON","prec_id":"EP04B","precinct_name":"Fulton - EP04B","precinct_norm":"FULTON - EP04B","precinct_full_name":"Camp Creek Middle School","has_polygon":true},"geometry":{"type":"Point","coordinates":[-84.50950883877974,33.6413305]}},{"type":"Feature","properties":{"id":"2020-1987","county_nam":"Fulton","county_norm":"FULTON","prec_id":"SC18A","precinct_name":"Fulton - SC18A","precinct_norm":"FULTON - SC18A","precinct_full_name":"Friendship Community Church","has_polygon":true},"geometry":{"type":"Point","coordinates":[-84.5369131327657,33.669242499999996]}},{"type":"Feature","properties":{"id":"2020-1988","county_nam":"Fulton","county_norm":"FULTON","prec_id":"EP02A","precinct_name":"Fulton - EP02A","precinct_norm":"FULTON - EP02A","precinct_full_name":"Jefferson Park Recreation Center","has_polygon":true},"geometry":{"type":"Point","coordinates":[-84.42999625048112,33.675157999999996]}},{"type":"Feature","properties":{"id":"2020-1989","county_nam":"Fulton","county_norm":"FULTON","prec_id":"11B","precinct_name":"Fulton - 11B","precinct_norm":"FULTON - 11B","precinct_full_name":"Southwest Atlanta Christian Academy","has_polygon":true},"geometry":{"type":"Point","coordinates":[-84.53673397761888,33.6987905]}},{"type":"Feature","properties":{"id":"2020-1990","county_nam":"Fulton","county_norm":"FULTON","prec_id":"11B1","precinct_name":"Fulton - 11B1","precinct_norm":"FULTON - 11B1","precinct_full_name":"11B1","has_polygon":true},"geometry":{"type":"Point","coordinates":[-84.51535289536123,33.702053500000005]}},{"type":"Feature","properties":{"id":"2020-1991","county_nam":"Fulton","county_norm":"FULTON","prec_id":"11C","precinct_name":"Fulton - 11C","precinct_norm":"FULTON - 11C","precinct_full_name":"William Walker Recreation Center","has_polygon":true},"geometry":{"type":"Point","coordinates":[-84.52545676146951,33.714890499999996]}},{"type":"Feature","properties":{"id":"2020-1992","county_nam":"Fulton","county_norm":"FULTON","prec_id":"SC14A","precinct_name":"Fulton - SC14A","precinct_norm":"FULTON - SC14A","precinct_full_name":"Evelyn Lowery Library At Cascade","has_polygon":true},"geometry":{"type":"Point","coordinates":[-84.53251022872851,33.736307]}},{"type":"Feature","properties":{"id":"2020-1993","county_nam":"Fulton","county_norm":"FULTON","prec_id":"SC30A","precinct_name":"Fulton - SC30A","precinct_norm":"FULTON - SC30A","precinct_full_name":"Evelyn Lowery Library At Cascade","has_polygon":true},"geometry":{"type":"Point","coordinates":[-84.52254053407145,33.726524]}},{"type":"Feature","properties":{"id":"2020-1994","county_nam":"Fulton","county_norm":"FULTON","prec_id":"10A","precinct_name":"Fulton - 10A","precinct_norm":"FULTON - 10A","precinct_full_name":"The Kindezi School - West","has_polygon":true},"geometry":{"type":"Point","coordinates":[-84.52711010236527,33.7468795]}},{"type":"Feature","properties":{"id":"2020-1995","county_nam":"Fulton","county_norm":"FULTON","prec_id":"11E3","precinct_name":"Fulton - 11E3","precinct_norm":"FULTON - 11E3","precinct_full_name":"Deerwood Elementary","has_polygon":true},"geometry":{"type":"Point","coordinates":[-84.51469849841902,33.6649955]}},{"type":"Feature","properties":{"id":"2020-1996","county_nam":"Fulton","county_norm":"FULTON","prec_id":"11E1","precinct_name":"Fulton - 11E1","precinct_norm":"FULTON - 11E1","precinct_full_name":"William Walker Recreation Center","has_polygon":true},"geometry":{"type":"Point","coordinates":[-84.52579571605719,33.674397]}},{"type":"Feature","properties":{"id":"2020-1997","county_nam":"Fulton","county_norm":"FULTON","prec_id":"11E2","precinct_name":"Fulton - 11E2","precinct_norm":"FULTON - 11E2","precinct_full_name":"William Walker Recreation Center","has_polygon":true},"geometry":{"type":"Point","coordinates":[-84.51024165846599,33.6779305]}},{"type":"Feature","properties":{"id":"2020-1998","county_nam":"Fulton","county_norm":"FULTON","prec_id":"SC19B","precinct_name":"Fulton - SC19B","precinct_norm":"FULTON - SC19B","precinct_full_name":"Solid Rock Pentecostal Church","has_polygon":true},"geometry":{"type":"Point","coordinates":[-84.48799068080358,33.6264125]}},{"type":"Feature","properties":{"id":"2020-1999","county_nam":"Fulton","county_norm":"FULTON","prec_id":"EP04A","precinct_name":"Fulton - EP04A","precinct_norm":"FULTON - EP04A","precinct_full_name":"Brookview Elementary School","has_polygon":true},"geometry":{"type":"Point","coordinates":[-84.49184514199521,33.6440065]}},{"type":"Feature","properties":{"id":"2020-2000","county_nam":"Fulton","county_norm":"FULTON","prec_id":"CP07C","precinct_name":"Fulton - CP07C","precinct_norm":"FULTON - CP07C","precinct_full_name":"Camp Truitt Senior Center","has_polygon":true},"geometry":{"type":"Point","coordinates":[-84.4857465,33.647829]}},{"type":"Feature","properties":{"id":"2020-2001","county_nam":"Fulton","county_norm":"FULTON","prec_id":"CP051","precinct_name":"Fulton - CP051","precinct_norm":"FULTON - CP051","precinct_full_name":"Camp Truitt Senior Center","has_polygon":true},"geometry":{"type":"Point","coordinates":[-84.47982179546071,33.635499499999995]}},{"type":"Feature","properties":{"id":"2020-2002","county_nam":"Fulton","county_norm":"FULTON","prec_id":"CP07E","precinct_name":"Fulton - CP07E","precinct_norm":"FULTON - CP07E","precinct_full_name":"Camp Truitt Senior Center","has_polygon":true},"geometry":{"type":"Point","coordinates":[-84.47698261254199,33.647688]}},{"type":"Feature","properties":{"id":"2020-2003","county_nam":"Fulton","county_norm":"FULTON","prec_id":"11P","precinct_name":"Fulton - 11P","precinct_norm":"FULTON - 11P","precinct_full_name":"Believers Bible Christian Church","has_polygon":true},"geometry":{"type":"Point","coordinates":[-84.50096240508432,33.681207]}},{"type":"Feature","properties":{"id":"2020-2004","county_nam":"Fulton","county_norm":"FULTON","prec_id":"EP04C","precinct_name":"Fulton - EP04C","precinct_norm":"FULTON - EP04C","precinct_full_name":"EP04C","has_polygon":true},"geometry":{"type":"Point","coordinates":[-84.49209057865441,33.661462]}},{"type":"Feature","properties":{"id":"2020-2005","county_nam":"Fulton","county_norm":"FULTON","prec_id":"10C","precinct_name":"Fulton - 10C","precinct_norm":"FULTON - 10C","precinct_full_name":"C.T. Martin Recreation Center","has_polygon":true},"geometry":{"type":"Point","coordinates":[-84.51231424315634,33.738493000000005]}},{"type":"Feature","properties":{"id":"2020-2006","county_nam":"Fulton","county_norm":"FULTON","prec_id":"11N","precinct_name":"Fulton - 11N","precinct_norm":"FULTON - 11N","precinct_full_name":"Believers Bible Christian Church","has_polygon":true},"geometry":{"type":"Point","coordinates":[-84.5019095671431,33.702698999999996]}},{"type":"Feature","properties":{"id":"2020-2007","county_nam":"Fulton","county_norm":"FULTON","prec_id":"11M","precinct_name":"Fulton - 11M","precinct_norm":"FULTON - 11M","precinct_full_name":"Junction 2800","has_polygon":true},"geometry":{"type":"Point","coordinates":[-84.494322281004,33.709747]}},{"type":"Feature","properties":{"id":"2020-2008","county_nam":"Fulton","county_norm":"FULTON","prec_id":"11M1","precinct_name":"Fulton - 11M1","precinct_norm":"FULTON - 11M1","precinct_full_name":"11M1","has_polygon":true},"geometry":{"type":"Point","coordinates":[-84.48172259037267,33.7077845]}},{"type":"Feature","properties":{"id":"2020-2009","county_nam":"Fulton","county_norm":"FULTON","prec_id":"SC30B","precinct_name":"Fulton - SC30B","precinct_norm":"FULTON - SC30B","precinct_full_name":"Evelyn Lowery Library At Cascade","has_polygon":true},"geometry":{"type":"Point","coordinates":[-84.5053956124604,33.7264275]}},{"type":"Feature","properties":{"id":"2020-2010","county_nam":"Fulton","county_norm":"FULTON","prec_id":"10R","precinct_name":"Fulton - 10R","precinct_norm":"FULTON - 10R","precinct_full_name":"C.T. Martin Recreation Center","has_polygon":true},"geometry":{"type":"Point","coordinates":[-84.49396752896013,33.7488455]}},{"type":"Feature","properties":{"id":"2020-2011","county_nam":"Fulton","county_norm":"FULTON","prec_id":"10B","precinct_name":"Fulton - 10B","precinct_norm":"FULTON - 10B","precinct_full_name":"West Manor Park - Af Recreation Center","has_polygon":true},"geometry":{"type":"Point","coordinates":[-84.4891850604516,33.7352275]}},{"type":"Feature","properties":{"id":"2020-2012","county_nam":"Fulton","county_norm":"FULTON","prec_id":"10I","precinct_name":"Fulton - 10I","precinct_norm":"FULTON - 10I","precinct_full_name":"West Manor Park - Af Recreation Center","has_polygon":true},"geometry":{"type":"Point","coordinates":[-84.47653912629909,33.723792]}},{"type":"Feature","properties":{"id":"2020-2013","county_nam":"Fulton","county_norm":"FULTON","prec_id":"10H2","precinct_name":"Fulton - 10H2","precinct_norm":"FULTON - 10H2","precinct_full_name":"St. Paul's Episcopal Church","has_polygon":true},"geometry":{"type":"Point","coordinates":[-84.48301607261061,33.747448500000004]}},{"type":"Feature","properties":{"id":"2020-2014","county_nam":"Fulton","county_norm":"FULTON","prec_id":"FC02","precinct_name":"Fulton - FC02","precinct_norm":"FULTON - FC02","precinct_full_name":"FC02","has_polygon":true},"geometry":{"type":"Point","coordinates":[-84.53255922710159,33.764207]}},{"type":"Feature","properties":{"id":"2020-2015","county_nam":"Fulton","county_norm":"FULTON","prec_id":"09C","precinct_name":"Fulton - 09C","precinct_norm":"FULTON - 09C","precinct_full_name":"Jackson Memorial Baptist Church","has_polygon":true},"geometry":{"type":"Point","coordinates":[-84.48587370150132,33.777074]}},{"type":"Feature","properties":{"id":"2020-2016","county_nam":"Fulton","county_norm":"FULTON","prec_id":"09B","precinct_name":"Fulton - 09B","precinct_norm":"FULTON - 09B","precinct_full_name":"Springfield Missionary Baptist Church","has_polygon":true},"geometry":{"type":"Point","coordinates":[-84.50344806984444,33.7884765]}},{"type":"Feature","properties":{"id":"2020-2017","county_nam":"Fulton","county_norm":"FULTON","prec_id":"09K1","precinct_name":"Fulton - 09K1","precinct_norm":"FULTON - 09K1","precinct_full_name":"09K1","has_polygon":true},"geometry":{"type":"Point","coordinates":[-84.47845701616161,33.794928999999996]}},{"type":"Feature","properties":{"id":"2020-2018","county_nam":"Fulton","county_norm":"FULTON","prec_id":"11R","precinct_name":"Fulton - 11R","precinct_norm":"FULTON - 11R","precinct_full_name":"Junction 2800","has_polygon":true},"geometry":{"type":"Point","coordinates":[-84.46673618232663,33.702043]}},{"type":"Feature","properties":{"id":"2020-2019","county_nam":"Fulton","county_norm":"FULTON","prec_id":"EP01B","precinct_name":"Fulton - EP01B","precinct_norm":"FULTON - EP01B","precinct_full_name":"Bowden Senior Center","has_polygon":true},"geometry":{"type":"Point","coordinates":[-84.46243284053467,33.693695000000005]}},{"type":"Feature","properties":{"id":"2020-2020","county_nam":"Fulton","county_norm":"FULTON","prec_id":"11K","precinct_name":"Fulton - 11K","precinct_norm":"FULTON - 11K","precinct_full_name":"Adams Park Recreation Center","has_polygon":true},"geometry":{"type":"Point","coordinates":[-84.46447082884961,33.712120999999996]}},{"type":"Feature","properties":{"id":"2020-2021","county_nam":"Fulton","county_norm":"FULTON","prec_id":"EP02D","precinct_name":"Fulton - EP02D","precinct_norm":"FULTON - EP02D","precinct_full_name":"Jefferson Park Recreation Center","has_polygon":true},"geometry":{"type":"Point","coordinates":[-84.44483543887839,33.692243]}},{"type":"Feature","properties":{"id":"2020-2022","county_nam":"Fulton","county_norm":"FULTON","prec_id":"11G","precinct_name":"Fulton - 11G","precinct_norm":"FULTON - 11G","precinct_full_name":"Adams Park Library","has_polygon":true},"geometry":{"type":"Point","coordinates":[-84.4538646936316,33.7062115]}},{"type":"Feature","properties":{"id":"2020-2023","county_nam":"Fulton","county_norm":"FULTON","prec_id":"12I","precinct_name":"Fulton - 12I","precinct_norm":"FULTON - 12I","precinct_full_name":"Adams Park Library","has_polygon":true},"geometry":{"type":"Point","coordinates":[-84.44839102866666,33.708561]}},{"type":"Feature","properties":{"id":"2020-2024","county_nam":"Fulton","county_norm":"FULTON","prec_id":"FC01","precinct_name":"Fulton - FC01","precinct_norm":"FULTON - FC01","precinct_full_name":"FC01","has_polygon":true},"geometry":{"type":"Point","coordinates":[-84.60683022956263,33.707058]}},{"type":"Feature","properties":{"id":"2020-2025","county_nam":"Fulton","county_norm":"FULTON","prec_id":"SC01C","precinct_name":"Fulton - SC01C","precinct_norm":"FULTON - SC01C","precinct_full_name":"West Lake High School","has_polygon":true},"geometry":{"type":"Point","coordinates":[-84.55996815999445,33.6909935]}},{"type":"Feature","properties":{"id":"2020-2026","county_nam":"Fulton","county_norm":"FULTON","prec_id":"SC02","precinct_name":"Fulton - SC02","precinct_norm":"FULTON - SC02","precinct_full_name":"Southwest Arts Center","has_polygon":true},"geometry":{"type":"Point","coordinates":[-84.54436182283465,33.7142975]}},{"type":"Feature","properties":{"id":"2020-2027","county_nam":"Fulton","county_norm":"FULTON","prec_id":"SC16A","precinct_name":"Fulton - SC16A","precinct_norm":"FULTON - SC16A","precinct_full_name":"Sandtown Middle School","has_polygon":true},"geometry":{"type":"Point","coordinates":[-84.56362018320435,33.717932000000005]}},{"type":"Feature","properties":{"id":"2020-2028","county_nam":"Fulton","county_norm":"FULTON","prec_id":"FC03","precinct_name":"Fulton - FC03","precinct_norm":"FULTON - FC03","precinct_full_name":"FC03","has_polygon":true},"geometry":{"type":"Point","coordinates":[-84.56953917970651,33.7340325]}},{"type":"Feature","properties":{"id":"2020-2029","county_nam":"Cobb","county_norm":"COBB","prec_id":"BT01","precinct_name":"Cobb - BT01","precinct_norm":"COBB - BT01","precinct_full_name":"Bryant 01","has_polygon":true},"geometry":{"type":"Point","coordinates":[-84.58660177876897,33.783705]}},{"type":"Feature","properties":{"id":"2020-2030","county_nam":"Cobb","county_norm":"COBB","prec_id":"PE01","precinct_name":"Cobb - PE01","precinct_norm":"COBB - PE01","precinct_full_name":"Pebblebrook 01","has_polygon":true},"geometry":{"type":"Point","coordinates":[-84.59387309483284,33.7967535]}},{"type":"Feature","properties":{"id":"2020-2031","county_nam":"Fulton","county_norm":"FULTON","prec_id":"CP05B","precinct_name":"Fulton - CP05B","precinct_norm":"FULTON - CP05B","precinct_full_name":"Camp Truitt Senior Center","has_polygon":true},"geometry":{"type":"Point","coordinates":[-84.47028295465199,33.6416805]}},{"type":"Feature","properties":{"id":"2020-2032","county_nam":"Fulton","county_norm":"FULTON","prec_id":"CP07F","precinct_name":"Fulton - CP07F","precinct_norm":"FULTON - CP07F","precinct_full_name":"Camp Truitt Senior Center","has_polygon":true},"geometry":{"type":"Point","coordinates":[-84.47356433343006,33.6461195]}},{"type":"Feature","properties":{"id":"2020-2033","county_nam":"Fulton","county_norm":"FULTON","prec_id":"CP07D","precinct_name":"Fulton - CP07D","precinct_norm":"FULTON - CP07D","precinct_full_name":"Camp Truitt Senior Center","has_polygon":true},"geometry":{"type":"Point","coordinates":[-84.47570655544934,33.6496075]}},{"type":"Feature","properties":{"id":"2020-2034","county_nam":"Fulton","county_norm":"FULTON","prec_id":"CP07B","precinct_name":"Fulton - CP07B","precinct_norm":"FULTON - CP07B","precinct_full_name":"Camp Truitt Senior Center","has_polygon":true},"geometry":{"type":"Point","coordinates":[-84.463032452,33.639545]}},{"type":"Feature","properties":{"id":"2020-2035","county_nam":"Fulton","county_norm":"FULTON","prec_id":"CP04B","precinct_name":"Fulton - CP04B","precinct_norm":"FULTON - CP04B","precinct_full_name":"College Park Auditorium","has_polygon":true},"geometry":{"type":"Point","coordinates":[-84.4610573453962,33.652819]}},{"type":"Feature","properties":{"id":"2020-2036","county_nam":"Fulton","county_norm":"FULTON","prec_id":"CP04A","precinct_name":"Fulton - CP04A","precinct_norm":"FULTON - CP04A","precinct_full_name":"College Park Auditorium","has_polygon":true},"geometry":{"type":"Point","coordinates":[-84.45152098127076,33.6483425]}},{"type":"Feature","properties":{"id":"2020-2037","county_nam":"Fulton","county_norm":"FULTON","prec_id":"CP012","precinct_name":"Fulton - CP012","precinct_norm":"FULTON - CP012","precinct_full_name":"College Park Auditorium","has_polygon":true},"geometry":{"type":"Point","coordinates":[-84.46391351200691,33.6591855]}},{"type":"Feature","properties":{"id":"2020-2038","county_nam":"Fulton","county_norm":"FULTON","prec_id":"EP03A","precinct_name":"Fulton - EP03A","precinct_norm":"FULTON - EP03A","precinct_full_name":"St. Stephen Missionary Baptist Church","has_polygon":true},"geometry":{"type":"Point","coordinates":[-84.46746952826086,33.676272499999996]}},{"type":"Feature","properties":{"id":"2020-2039","county_nam":"Fulton","county_norm":"FULTON","prec_id":"CP011","precinct_name":"Fulton - CP011","precinct_norm":"FULTON - CP011","precinct_full_name":"College Park Auditorium","has_polygon":true},"geometry":{"type":"Point","coordinates":[-84.45044965349706,33.661772]}},{"type":"Feature","properties":{"id":"2020-2040","county_nam":"Fulton","county_norm":"FULTON","prec_id":"EP01A","precinct_name":"Fulton - EP01A","precinct_norm":"FULTON - EP01A","precinct_full_name":"East Point First Mallalieu United Methodist Church","has_polygon":true},"geometry":{"type":"Point","coordinates":[-84.44900459731949,33.6789445]}},{"type":"Feature","properties":{"id":"2020-2041","county_nam":"Fulton","county_norm":"FULTON","prec_id":"04D","precinct_name":"Fulton - 04D","precinct_norm":"FULTON - 04D","precinct_full_name":"C.A. Scott Recreation Building","has_polygon":true},"geometry":{"type":"Point","coordinates":[-84.4363462473822,33.7505235]}},{"type":"Feature","properties":{"id":"2020-2042","county_nam":"Fulton","county_norm":"FULTON","prec_id":"04G","precinct_name":"Fulton - 04G","precinct_norm":"FULTON - 04G","precinct_full_name":"James Orange Park","has_polygon":true},"geometry":{"type":"Point","coordinates":[-84.42225317598061,33.727624500000005]}},{"type":"Feature","properties":{"id":"2020-2043","county_nam":"Fulton","county_norm":"FULTON","prec_id":"04A","precinct_name":"Fulton - 04A","precinct_norm":"FULTON - 04A","precinct_full_name":"C.A. Scott Recreation Building","has_polygon":true},"geometry":{"type":"Point","coordinates":[-84.42226369120974,33.7504335]}},{"type":"Feature","properties":{"id":"2020-2044","county_nam":"Fulton","county_norm":"FULTON","prec_id":"04K","precinct_name":"Fulton - 04K","precinct_norm":"FULTON - 04K","precinct_full_name":"West Hunter Street Baptist Church","has_polygon":true},"geometry":{"type":"Point","coordinates":[-84.41799517758908,33.7357565]}},{"type":"Feature","properties":{"id":"2020-2045","county_nam":"Fulton","county_norm":"FULTON","prec_id":"04W","precinct_name":"Fulton - 04W","precinct_norm":"FULTON - 04W","precinct_full_name":"Flipper Temple African Methodist Episcopal Church","has_polygon":true},"geometry":{"type":"Point","coordinates":[-84.4156562721843,33.746808]}},{"type":"Feature","properties":{"id":"2020-2046","county_nam":"Fulton","county_norm":"FULTON","prec_id":"10F","precinct_name":"Fulton - 10F","precinct_norm":"FULTON - 10F","precinct_full_name":"Berean Seventh Day Adventist Church","has_polygon":true},"geometry":{"type":"Point","coordinates":[-84.4769820393586,33.76335]}},{"type":"Feature","properties":{"id":"2020-2047","county_nam":"Fulton","county_norm":"FULTON","prec_id":"03S","precinct_name":"Fulton - 03S","precinct_norm":"FULTON - 03S","precinct_full_name":"Berean Seventh Day Adventist Church","has_polygon":true},"geometry":{"type":"Point","coordinates":[-84.46553656023397,33.762025]}},{"type":"Feature","properties":{"id":"2020-2048","county_nam":"Fulton","county_norm":"FULTON","prec_id":"09D","precinct_name":"Fulton - 09D","precinct_norm":"FULTON - 09D","precinct_full_name":"Salem Bible Church","has_polygon":true},"geometry":{"type":"Point","coordinates":[-84.46170829718997,33.77862399999999]}},{"type":"Feature","properties":{"id":"2020-2049","county_nam":"Cobb","county_norm":"COBB","prec_id":"EL05","precinct_name":"Cobb - EL05","precinct_norm":"COBB - EL05","precinct_full_name":"Elizabeth 05","has_polygon":true},"geometry":{"type":"Point","coordinates":[-84.47995311935682,34.003013499999994]}},{"type":"Feature","properties":{"id":"2020-2050","county_nam":"Cobb","county_norm":"COBB","prec_id":"BF02","precinct_name":"Cobb - BF02","precinct_norm":"COBB - BF02","precinct_full_name":"Bells Ferry 02","has_polygon":true},"geometry":{"type":"Point","coordinates":[-84.53895707438932,34.0267615]}},{"type":"Feature","properties":{"id":"2020-2051","county_nam":"Cobb","county_norm":"COBB","prec_id":"BW01","precinct_name":"Cobb - BW01","precinct_norm":"COBB - BW01","precinct_full_name":"Blackwell 01","has_polygon":true},"geometry":{"type":"Point","coordinates":[-84.52667450849617,34.044617]}},{"type":"Feature","properties":{"id":"2020-2052","county_nam":"Cobb","county_norm":"COBB","prec_id":"GT01","precinct_name":"Cobb - GT01","precinct_norm":"COBB - GT01","precinct_full_name":"Gritters 01","has_polygon":true},"geometry":{"type":"Point","coordinates":[-84.51940384722492,34.0206345]}},{"type":"Feature","properties":{"id":"2020-2053","county_nam":"Cobb","county_norm":"COBB","prec_id":"BF03","precinct_name":"Cobb - BF03","precinct_norm":"COBB - BF03","precinct_full_name":"Bells Ferry 03","has_polygon":true},"geometry":{"type":"Point","coordinates":[-84.53132984503124,34.06303]}},{"type":"Feature","properties":{"id":"2020-2054","county_nam":"Cobb","county_norm":"COBB","prec_id":"MK01","precinct_name":"Cobb - MK01","precinct_norm":"COBB - MK01","precinct_full_name":"Mccleskey 01","has_polygon":true},"geometry":{"type":"Point","coordinates":[-84.50892850612232,34.048698]}},{"type":"Feature","properties":{"id":"2020-2055","county_nam":"Cobb","county_norm":"COBB","prec_id":"NS01","precinct_name":"Cobb - NS01","precinct_norm":"COBB - NS01","precinct_full_name":"Nicholson 01","has_polygon":true},"geometry":{"type":"Point","coordinates":[-84.50927922187444,34.063325000000006]}},{"type":"Feature","properties":{"id":"2020-2056","county_nam":"Cobb","county_norm":"COBB","prec_id":"AD01","precinct_name":"Cobb - AD01","precinct_norm":"COBB - AD01","precinct_full_name":"Addison 01","has_polygon":true},"geometry":{"type":"Point","coordinates":[-84.50052680336617,34.025375]}},{"type":"Feature","properties":{"id":"2020-2057","county_nam":"Cobb","county_norm":"COBB","prec_id":"MR6A","precinct_name":"Cobb - MR6A","precinct_norm":"COBB - MR6A","precinct_full_name":"Marietta 6A","has_polygon":true},"geometry":{"type":"Point","coordinates":[-84.49804382123473,33.941537999999994]}},{"type":"Feature","properties":{"id":"2020-2058","county_nam":"Cobb","county_norm":"COBB","prec_id":"SI01","precinct_name":"Cobb - SI01","precinct_norm":"COBB - SI01","precinct_full_name":"Simpson 01","has_polygon":true},"geometry":{"type":"Point","coordinates":[-84.4762523897801,34.031538]}},{"type":"Feature","properties":{"id":"2020-2059","county_nam":"Cobb","county_norm":"COBB","prec_id":"LA01","precinct_name":"Cobb - LA01","precinct_norm":"COBB - LA01","precinct_full_name":"Lassiter 01","has_polygon":true},"geometry":{"type":"Point","coordinates":[-84.49128106547406,34.031422500000005]}},{"type":"Feature","properties":{"id":"2020-2060","county_nam":"Cobb","county_norm":"COBB","prec_id":"KL01","precinct_name":"Cobb - KL01","precinct_norm":"COBB - KL01","precinct_full_name":"Kell 01","has_polygon":true},"geometry":{"type":"Point","coordinates":[-84.4937379726776,34.067755]}},{"type":"Feature","properties":{"id":"2020-2061","county_nam":"Cobb","county_norm":"COBB","prec_id":"RM01","precinct_name":"Cobb - RM01","precinct_norm":"COBB - RM01","precinct_full_name":"Rocky Mount 01","has_polygon":true},"geometry":{"type":"Point","coordinates":[-84.4865171492647,34.0521545]}},{"type":"Feature","properties":{"id":"2020-2062","county_nam":"Cobb","county_norm":"COBB","prec_id":"EA02","precinct_name":"Cobb - EA02","precinct_norm":"COBB - EA02","precinct_full_name":"Eastside 02","has_polygon":true},"geometry":{"type":"Point","coordinates":[-84.4765455566677,33.9489425]}},{"type":"Feature","properties":{"id":"2020-2063","county_nam":"Cobb","county_norm":"COBB","prec_id":"SO01","precinct_name":"Cobb - SO01","precinct_norm":"COBB - SO01","precinct_full_name":"Sope Creek 01","has_polygon":true},"geometry":{"type":"Point","coordinates":[-84.45087715217825,33.955702]}},{"type":"Feature","properties":{"id":"2020-2064","county_nam":"Cobb","county_norm":"COBB","prec_id":"MR5B","precinct_name":"Cobb - MR5B","precinct_norm":"COBB - MR5B","precinct_full_name":"Marietta 5B","has_polygon":true},"geometry":{"type":"Point","coordinates":[-84.53884056318975,33.977182]}},{"type":"Feature","properties":{"id":"2020-2065","county_nam":"Cobb","county_norm":"COBB","prec_id":"FO04","precinct_name":"Cobb - FO04","precinct_norm":"COBB - FO04","precinct_full_name":"Fair Oaks 04","has_polygon":true},"geometry":{"type":"Point","coordinates":[-84.55445772521892,33.899767]}},{"type":"Feature","properties":{"id":"2020-2066","county_nam":"Cobb","county_norm":"COBB","prec_id":"MR2B","precinct_name":"Cobb - MR2B","precinct_norm":"COBB - MR2B","precinct_full_name":"Marietta 2B","has_polygon":true},"geometry":{"type":"Point","coordinates":[-84.57729582851923,33.927576]}},{"type":"Feature","properties":{"id":"2020-2067","county_nam":"Cobb","county_norm":"COBB","prec_id":"MR3B","precinct_name":"Cobb - MR3B","precinct_norm":"COBB - MR3B","precinct_full_name":"Marietta 3B","has_polygon":true},"geometry":{"type":"Point","coordinates":[-84.56362633801498,33.921576]}},{"type":"Feature","properties":{"id":"2020-2068","county_nam":"Cobb","county_norm":"COBB","prec_id":"SN5A","precinct_name":"Cobb - SN5A","precinct_norm":"COBB - SN5A","precinct_full_name":"Smyrna 5A","has_polygon":true},"geometry":{"type":"Point","coordinates":[-84.53788244417275,33.8867325]}},{"type":"Feature","properties":{"id":"2020-2069","county_nam":"Cobb","county_norm":"COBB","prec_id":"SN3A","precinct_name":"Cobb - SN3A","precinct_norm":"COBB - SN3A","precinct_full_name":"Smyrna 3A","has_polygon":true},"geometry":{"type":"Point","coordinates":[-84.51317576679185,33.8899185]}},{"type":"Feature","properties":{"id":"2020-2070","county_nam":"Cobb","county_norm":"COBB","prec_id":"SN4A","precinct_name":"Cobb - SN4A","precinct_norm":"COBB - SN4A","precinct_full_name":"Smyrna 4A","has_polygon":true},"geometry":{"type":"Point","coordinates":[-84.53298701055627,33.857575]}},{"type":"Feature","properties":{"id":"2020-2071","county_nam":"Cobb","county_norm":"COBB","prec_id":"SN3B","precinct_name":"Cobb - SN3B","precinct_norm":"COBB - SN3B","precinct_full_name":"Smyrna 3B","has_polygon":true},"geometry":{"type":"Point","coordinates":[-84.52367527574917,33.8705]}},{"type":"Feature","properties":{"id":"2020-2072","county_nam":"Cobb","county_norm":"COBB","prec_id":"DI01","precinct_name":"Cobb - DI01","precinct_norm":"COBB - DI01","precinct_full_name":"Dobbins 01","has_polygon":true},"geometry":{"type":"Point","coordinates":[-84.52400268765845,33.916085499999994]}},{"type":"Feature","properties":{"id":"2020-2073","county_nam":"Cobb","county_norm":"COBB","prec_id":"CH02","precinct_name":"Cobb - CH02","precinct_norm":"COBB - CH02","precinct_full_name":"Cheatham Hill 02","has_polygon":true},"geometry":{"type":"Point","coordinates":[-84.60911306947689,33.959348500000004]}},{"type":"Feature","properties":{"id":"2020-2074","county_nam":"Cobb","county_norm":"COBB","prec_id":"PM01","precinct_name":"Cobb - PM01","precinct_norm":"COBB - PM01","precinct_full_name":"Pine Mountain 01","has_polygon":true},"geometry":{"type":"Point","coordinates":[-84.64307964371096,33.98633]}},{"type":"Feature","properties":{"id":"2020-2075","county_nam":"Cobb","county_norm":"COBB","prec_id":"KE2A","precinct_name":"Cobb - KE2A","precinct_norm":"COBB - KE2A","precinct_full_name":"Kennesaw 2A","has_polygon":true},"geometry":{"type":"Point","coordinates":[-84.62108795583895,34.010200999999995]}},{"type":"Feature","properties":{"id":"2020-2076","county_nam":"Cobb","county_norm":"COBB","prec_id":"MS02","precinct_name":"Cobb - MS02","precinct_norm":"COBB - MS02","precinct_full_name":"Mars Hill 02","has_polygon":true},"geometry":{"type":"Point","coordinates":[-84.65352592518549,34.021804]}},{"type":"Feature","properties":{"id":"2020-2077","county_nam":"Cobb","county_norm":"COBB","prec_id":"PT01","precinct_name":"Cobb - PT01","precinct_norm":"COBB - PT01","precinct_full_name":"Pitner 01","has_polygon":true},"geometry":{"type":"Point","coordinates":[-84.58154383513535,34.0662885]}},{"type":"Feature","properties":{"id":"2020-2078","county_nam":"Cobb","county_norm":"COBB","prec_id":"CK01","precinct_name":"Cobb - CK01","precinct_norm":"COBB - CK01","precinct_full_name":"Chalker 01","has_polygon":true},"geometry":{"type":"Point","coordinates":[-84.56287871514223,34.029165]}},{"type":"Feature","properties":{"id":"2020-2079","county_nam":"Cobb","county_norm":"COBB","prec_id":"PR01","precinct_name":"Cobb - PR01","precinct_norm":"COBB - PR01","precinct_full_name":"Palmer 01","has_polygon":true},"geometry":{"type":"Point","coordinates":[-84.55549834218147,34.049861500000006]}},{"type":"Feature","properties":{"id":"2020-2080","county_nam":"Cobb","county_norm":"COBB","prec_id":"BF04","precinct_name":"Cobb - BF04","precinct_norm":"COBB - BF04","precinct_full_name":"Bells Ferry 04","has_polygon":true},"geometry":{"type":"Point","coordinates":[-84.55098939463849,34.064316000000005]}},{"type":"Feature","properties":{"id":"2020-2081","county_nam":"Cobb","county_norm":"COBB","prec_id":"MR4B","precinct_name":"Cobb - MR4B","precinct_norm":"COBB - MR4B","precinct_full_name":"Marietta 4B","has_polygon":true},"geometry":{"type":"Point","coordinates":[-84.54720200985915,33.965908999999996]}},{"type":"Feature","properties":{"id":"2020-2082","county_nam":"Cobb","county_norm":"COBB","prec_id":"EL01","precinct_name":"Cobb - EL01","precinct_norm":"COBB - EL01","precinct_full_name":"Elizabeth 01","has_polygon":true},"geometry":{"type":"Point","coordinates":[-84.55555021222972,33.989044]}},{"type":"Feature","properties":{"id":"2020-2083","county_nam":"Cobb","county_norm":"COBB","prec_id":"EP01","precinct_name":"Cobb - EP01","precinct_norm":"COBB - EP01","precinct_full_name":"East Piedmont 01","has_polygon":true},"geometry":{"type":"Point","coordinates":[-84.54979580240212,34.0040125]}},{"type":"Feature","properties":{"id":"2020-2084","county_nam":"Cobb","county_norm":"COBB","prec_id":"PF01","precinct_name":"Cobb - PF01","precinct_norm":"COBB - PF01","precinct_full_name":"Powers Ferry 01","has_polygon":true},"geometry":{"type":"Point","coordinates":[-84.4863627246246,33.9395845]}},{"type":"Feature","properties":{"id":"2020-2085","county_nam":"Fulton","county_norm":"FULTON","prec_id":"08E","precinct_name":"Fulton - 08E","precinct_norm":"FULTON - 08E","precinct_full_name":"Morris Brandon Primary Center School","has_polygon":true},"geometry":{"type":"Point","coordinates":[-84.44517723911451,33.840772]}},{"type":"Feature","properties":{"id":"2020-2086","county_nam":"Cobb","county_norm":"COBB","prec_id":"VG04","precinct_name":"Cobb - VG04","precinct_norm":"COBB - VG04","precinct_full_name":"Vinings 04","has_polygon":true},"geometry":{"type":"Point","coordinates":[-84.47023252282366,33.8478355]}},{"type":"Feature","properties":{"id":"2020-2087","county_nam":"Cobb","county_norm":"COBB","prec_id":"MR7A","precinct_name":"Cobb - MR7A","precinct_norm":"COBB - MR7A","precinct_full_name":"Marietta 7A","has_polygon":true},"geometry":{"type":"Point","coordinates":[-84.4915517276508,33.928718]}},{"type":"Feature","properties":{"id":"2020-2088","county_nam":"Cobb","county_norm":"COBB","prec_id":"MR3A","precinct_name":"Cobb - MR3A","precinct_norm":"COBB - MR3A","precinct_full_name":"Marietta 3A","has_polygon":true},"geometry":{"type":"Point","coordinates":[-84.56229680263158,33.946883]}},{"type":"Feature","properties":{"id":"2020-2089","county_nam":"Cobb","county_norm":"COBB","prec_id":"MR4A","precinct_name":"Cobb - MR4A","precinct_norm":"COBB - MR4A","precinct_full_name":"Marietta 4A","has_polygon":true},"geometry":{"type":"Point","coordinates":[-84.56903681569523,33.9666405]}},{"type":"Feature","properties":{"id":"2020-2090","county_nam":"Cobb","county_norm":"COBB","prec_id":"MR5A","precinct_name":"Cobb - MR5A","precinct_norm":"COBB - MR5A","precinct_full_name":"Marietta 5A","has_polygon":true},"geometry":{"type":"Point","coordinates":[-84.5434939349185,33.9535485]}},{"type":"Feature","properties":{"id":"2020-2091","county_nam":"Cobb","county_norm":"COBB","prec_id":"OR03","precinct_name":"Cobb - OR03","precinct_norm":"COBB - OR03","precinct_full_name":"Oregon 03","has_polygon":true},"geometry":{"type":"Point","coordinates":[-84.55295128568595,33.918322]}},{"type":"Feature","properties":{"id":"2020-2092","county_nam":"Cobb","county_norm":"COBB","prec_id":"MR2A","precinct_name":"Cobb - MR2A","precinct_norm":"COBB - MR2A","precinct_full_name":"Marietta 2A","has_polygon":true},"geometry":{"type":"Point","coordinates":[-84.588960551116,33.9455105]}},{"type":"Feature","properties":{"id":"2020-2093","county_nam":"Cobb","county_norm":"COBB","prec_id":"MR1A","precinct_name":"Cobb - MR1A","precinct_norm":"COBB - MR1A","precinct_full_name":"Marietta 1A","has_polygon":true},"geometry":{"type":"Point","coordinates":[-84.51331829205124,33.9358145]}},{"type":"Feature","properties":{"id":"2020-2094","county_nam":"Cobb","county_norm":"COBB","prec_id":"MR4C","precinct_name":"Cobb - MR4C","precinct_norm":"COBB - MR4C","precinct_full_name":"Marietta 4C","has_polygon":true},"geometry":{"type":"Point","coordinates":[-84.60706192874777,33.974526999999995]}},{"type":"Feature","properties":{"id":"2020-2095","county_nam":"Cobb","county_norm":"COBB","prec_id":"KE3A","precinct_name":"Cobb - KE3A","precinct_norm":"COBB - KE3A","precinct_full_name":"Kennesaw 3A","has_polygon":true},"geometry":{"type":"Point","coordinates":[-84.61509364025372,34.019462000000004]}},{"type":"Feature","properties":{"id":"2020-2096","county_nam":"Cobb","county_norm":"COBB","prec_id":"NP01","precinct_name":"Cobb - NP01","precinct_norm":"COBB - NP01","precinct_full_name":"Norton Park 01","has_polygon":true},"geometry":{"type":"Point","coordinates":[-84.55396719438397,33.851674]}},{"type":"Feature","properties":{"id":"2020-2097","county_nam":"Cobb","county_norm":"COBB","prec_id":"FO02","precinct_name":"Cobb - FO02","precinct_norm":"COBB - FO02","precinct_full_name":"Fair Oaks 02","has_polygon":true},"geometry":{"type":"Point","coordinates":[-84.58716862701053,33.8960215]}},{"type":"Feature","properties":{"id":"2020-2098","county_nam":"Cobb","county_norm":"COBB","prec_id":"AC1C","precinct_name":"Cobb - AC1C","precinct_norm":"COBB - AC1C","precinct_full_name":"Acworth 1C","has_polygon":true},"geometry":{"type":"Point","coordinates":[-84.63922677022063,34.0633505]}},{"type":"Feature","properties":{"id":"2020-2099","county_nam":"Cobb","county_norm":"COBB","prec_id":"KE4A","precinct_name":"Cobb - KE4A","precinct_norm":"COBB - KE4A","precinct_full_name":"Kennesaw 4A","has_polygon":true},"geometry":{"type":"Point","coordinates":[-84.62454669005542,34.0361595]}},{"type":"Feature","properties":{"id":"2020-2100","county_nam":"Cobb","county_norm":"COBB","prec_id":"KE5A","precinct_name":"Cobb - KE5A","precinct_norm":"COBB - KE5A","precinct_full_name":"Kennesaw 5A","has_polygon":true},"geometry":{"type":"Point","coordinates":[-84.6339687710418,34.0471085]}},{"type":"Feature","properties":{"id":"2020-2101","county_nam":"Cobb","county_norm":"COBB","prec_id":"BK01","precinct_name":"Cobb - BK01","precinct_norm":"COBB - BK01","precinct_full_name":"Baker 01","has_polygon":true},"geometry":{"type":"Point","coordinates":[-84.61439608649385,34.06103]}},{"type":"Feature","properties":{"id":"2020-2102","county_nam":"Cobb","county_norm":"COBB","prec_id":"DI02","precinct_name":"Cobb - DI02","precinct_norm":"COBB - DI02","precinct_full_name":"Dobbins 02","has_polygon":true},"geometry":{"type":"Point","coordinates":[-84.51446368033284,33.892309499999996]}},{"type":"Feature","properties":{"id":"2020-2103","county_nam":"Cobb","county_norm":"COBB","prec_id":"CA01","precinct_name":"Cobb - CA01","precinct_norm":"COBB - CA01","precinct_full_name":"Chattahoochee 01","has_polygon":true},"geometry":{"type":"Point","coordinates":[-84.45512746029692,33.896316999999996]}},{"type":"Feature","properties":{"id":"2020-2104","county_nam":"Cobb","county_norm":"COBB","prec_id":"SN2A","precinct_name":"Cobb - SN2A","precinct_norm":"COBB - SN2A","precinct_full_name":"Smyrna 2A","has_polygon":true},"geometry":{"type":"Point","coordinates":[-84.49038668662692,33.888755]}},{"type":"Feature","properties":{"id":"2020-2105","county_nam":"Cobb","county_norm":"COBB","prec_id":"SN1A","precinct_name":"Cobb - SN1A","precinct_norm":"COBB - SN1A","precinct_full_name":"Smyrna 1A","has_polygon":true},"geometry":{"type":"Point","coordinates":[-84.48030701298887,33.887868999999995]}},{"type":"Feature","properties":{"id":"2020-2106","county_nam":"Cobb","county_norm":"COBB","prec_id":"SN6A","precinct_name":"Cobb - SN6A","precinct_norm":"COBB - SN6A","precinct_full_name":"Smyrna 6A","has_polygon":true},"geometry":{"type":"Point","coordinates":[-84.5110349656984,33.8592625]}},{"type":"Feature","properties":{"id":"2020-2107","county_nam":"Cobb","county_norm":"COBB","prec_id":"VG03","precinct_name":"Cobb - VG03","precinct_norm":"COBB - VG03","precinct_full_name":"Vinings 03","has_polygon":true},"geometry":{"type":"Point","coordinates":[-84.48801758711434,33.850621000000004]}},{"type":"Feature","properties":{"id":"2020-2108","county_nam":"Cobb","county_norm":"COBB","prec_id":"VG02","precinct_name":"Cobb - VG02","precinct_norm":"COBB - VG02","precinct_full_name":"Vinings 02","has_polygon":true},"geometry":{"type":"Point","coordinates":[-84.47841048289894,33.869298]}},{"type":"Feature","properties":{"id":"2020-2109","county_nam":"Cobb","county_norm":"COBB","prec_id":"OK01","precinct_name":"Cobb - OK01","precinct_norm":"COBB - OK01","precinct_full_name":"Oakdale 01","has_polygon":true},"geometry":{"type":"Point","coordinates":[-84.5073465852121,33.841777500000006]}},{"type":"Feature","properties":{"id":"2020-2110","county_nam":"Cobb","county_norm":"COBB","prec_id":"NJ01","precinct_name":"Cobb - NJ01","precinct_norm":"COBB - NJ01","precinct_full_name":"Nickajack 01","has_polygon":true},"geometry":{"type":"Point","coordinates":[-84.4775605772163,33.8331865]}},{"type":"Feature","properties":{"id":"2020-2111","county_nam":"Cobb","county_norm":"COBB","prec_id":"MR6B","precinct_name":"Cobb - MR6B","precinct_norm":"COBB - MR6B","precinct_full_name":"Marietta 6B","has_polygon":true},"geometry":{"type":"Point","coordinates":[-84.51682463127926,33.982543]}},{"type":"Feature","properties":{"id":"2020-2112","county_nam":"Cobb","county_norm":"COBB","prec_id":"EL02","precinct_name":"Cobb - EL02","precinct_norm":"COBB - EL02","precinct_full_name":"Elizabeth 02","has_polygon":true},"geometry":{"type":"Point","coordinates":[-84.52082411839739,34.003840499999995]}},{"type":"Feature","properties":{"id":"2020-2113","county_nam":"Cobb","county_norm":"COBB","prec_id":"EL04","precinct_name":"Cobb - EL04","precinct_norm":"COBB - EL04","precinct_full_name":"Elizabeth 04","has_polygon":true},"geometry":{"type":"Point","coordinates":[-84.49840002506346,33.97699]}},{"type":"Feature","properties":{"id":"2020-2114","county_nam":"Cobb","county_norm":"COBB","prec_id":"SM03","precinct_name":"Cobb - SM03","precinct_norm":"COBB - SM03","precinct_full_name":"Sewell Mill 03","has_polygon":true},"geometry":{"type":"Point","coordinates":[-84.48145018798738,33.964029499999995]}},{"type":"Feature","properties":{"id":"2020-2115","county_nam":"Cobb","county_norm":"COBB","prec_id":"EL03","precinct_name":"Cobb - EL03","precinct_norm":"COBB - EL03","precinct_full_name":"Elizabeth 03","has_polygon":true},"geometry":{"type":"Point","coordinates":[-84.49582403295341,33.998041]}},{"type":"Feature","properties":{"id":"2020-2116","county_nam":"Bartow","county_norm":"BARTOW","prec_id":"15","precinct_name":"Bartow - 15","precinct_norm":"BARTOW - 15","precinct_full_name":"White","has_polygon":true},"geometry":{"type":"Point","coordinates":[-84.71985344119821,34.2815845]}},{"type":"Feature","properties":{"id":"2020-2117","county_nam":"Cherokee","county_norm":"CHEROKEE","prec_id":"036","precinct_name":"Cherokee - 036","precinct_norm":"CHEROKEE - 036","precinct_full_name":"Teasley","has_polygon":true},"geometry":{"type":"Point","coordinates":[-84.52725338019599,34.2189195]}},{"type":"Feature","properties":{"id":"2020-2118","county_nam":"Cherokee","county_norm":"CHEROKEE","prec_id":"010","precinct_name":"Cherokee - 010","precinct_norm":"CHEROKEE - 010","precinct_full_name":"Canton","has_polygon":true},"geometry":{"type":"Point","coordinates":[-84.53417016234056,34.263559]}},{"type":"Feature","properties":{"id":"2020-2119","county_nam":"Cherokee","county_norm":"CHEROKEE","prec_id":"030","precinct_name":"Cherokee - 030","precinct_norm":"CHEROKEE - 030","precinct_full_name":"R M Moore","has_polygon":true},"geometry":{"type":"Point","coordinates":[-84.52299197822812,34.3278525]}},{"type":"Feature","properties":{"id":"2020-2120","county_nam":"Bartow","county_norm":"BARTOW","prec_id":"03","precinct_name":"Bartow - 03","precinct_norm":"BARTOW - 03","precinct_full_name":"Cartersville East","has_polygon":true},"geometry":{"type":"Point","coordinates":[-84.80559689091345,34.2190115]}},{"type":"Feature","properties":{"id":"2020-2121","county_nam":"Bartow","county_norm":"BARTOW","prec_id":"17","precinct_name":"Bartow - 17","precinct_norm":"BARTOW - 17","precinct_full_name":"Hamilton Crossing","has_polygon":true},"geometry":{"type":"Point","coordinates":[-84.86886286155888,34.2668775]}},{"type":"Feature","properties":{"id":"2020-2122","county_nam":"Bartow","county_norm":"BARTOW","prec_id":"05","precinct_name":"Bartow - 05","precinct_norm":"BARTOW - 05","precinct_full_name":"Cassville","has_polygon":true},"geometry":{"type":"Point","coordinates":[-84.83488600767504,34.2347415]}},{"type":"Feature","properties":{"id":"2020-2123","county_nam":"Bartow","county_norm":"BARTOW","prec_id":"07","precinct_name":"Bartow - 07","precinct_norm":"BARTOW - 07","precinct_full_name":"Emerson","has_polygon":true},"geometry":{"type":"Point","coordinates":[-84.7582453628032,34.121787499999996]}},{"type":"Feature","properties":{"id":"2020-2124","county_nam":"Bartow","county_norm":"BARTOW","prec_id":"04","precinct_name":"Bartow - 04","precinct_norm":"BARTOW - 04","precinct_full_name":"Cartersville West","has_polygon":true},"geometry":{"type":"Point","coordinates":[-84.80613483831809,34.141359]}},{"type":"Feature","properties":{"id":"2020-2125","county_nam":"Bartow","county_norm":"BARTOW","prec_id":"18","precinct_name":"Bartow - 18","precinct_norm":"BARTOW - 18","precinct_full_name":"Woodland","has_polygon":true},"geometry":{"type":"Point","coordinates":[-84.86166562275568,34.1164505]}},{"type":"Feature","properties":{"id":"2020-2126","county_nam":"Bartow","county_norm":"BARTOW","prec_id":"16","precinct_name":"Bartow - 16","precinct_norm":"BARTOW - 16","precinct_full_name":"Zena Drive","has_polygon":true},"geometry":{"type":"Point","coordinates":[-84.76581965282784,34.216498]}},{"type":"Feature","properties":{"id":"2020-2127","county_nam":"Cherokee","county_norm":"CHEROKEE","prec_id":"021","precinct_name":"Cherokee - 021","precinct_norm":"CHEROKEE - 021","precinct_full_name":"Hillside","has_polygon":true},"geometry":{"type":"Point","coordinates":[-84.55914946071144,34.1432285]}},{"type":"Feature","properties":{"id":"2020-2128","county_nam":"Cherokee","county_norm":"CHEROKEE","prec_id":"007","precinct_name":"Cherokee - 007","precinct_norm":"CHEROKEE - 007","precinct_full_name":"Booth","has_polygon":true},"geometry":{"type":"Point","coordinates":[-84.54259709287902,34.126261]}},{"type":"Feature","properties":{"id":"2020-2129","county_nam":"Cherokee","county_norm":"CHEROKEE","prec_id":"005","precinct_name":"Cherokee - 005","precinct_norm":"CHEROKEE - 005","precinct_full_name":"Bascomb","has_polygon":true},"geometry":{"type":"Point","coordinates":[-84.59875174017614,34.154540499999996]}},{"type":"Feature","properties":{"id":"2020-2130","county_nam":"Cherokee","county_norm":"CHEROKEE","prec_id":"034","precinct_name":"Cherokee - 034","precinct_norm":"CHEROKEE - 034","precinct_full_name":"Sixes","has_polygon":true},"geometry":{"type":"Point","coordinates":[-84.5422020459896,34.156931]}},{"type":"Feature","properties":{"id":"2020-2131","county_nam":"Cherokee","county_norm":"CHEROKEE","prec_id":"009","precinct_name":"Cherokee - 009","precinct_norm":"CHEROKEE - 009","precinct_full_name":"Bridgemill","has_polygon":true},"geometry":{"type":"Point","coordinates":[-84.56645404017543,34.181547]}},{"type":"Feature","properties":{"id":"2020-2132","county_nam":"Gwinnett","county_norm":"GWINNETT","prec_id":"048","precinct_name":"Gwinnett - 048","precinct_norm":"GWINNETT - 048","precinct_full_name":"Duluth B","has_polygon":true},"geometry":{"type":"Point","coordinates":[-84.12932849168537,33.98128]}},{"type":"Feature","properties":{"id":"2020-2133","county_nam":"Gwinnett","county_norm":"GWINNETT","prec_id":"096","precinct_name":"Gwinnett - 096","precinct_norm":"GWINNETT - 096","precinct_full_name":"Duluth G","has_polygon":true},"geometry":{"type":"Point","coordinates":[-84.12942864818024,34.006108]}},{"type":"Feature","properties":{"id":"2020-2134","county_nam":"Gwinnett","county_norm":"GWINNETT","prec_id":"072","precinct_name":"Gwinnett - 072","precinct_norm":"GWINNETT - 072","precinct_full_name":"Martins E","has_polygon":true},"geometry":{"type":"Point","coordinates":[-84.11125312479325,33.952458]}},{"type":"Feature","properties":{"id":"2020-2135","county_nam":"Gwinnett","county_norm":"GWINNETT","prec_id":"095","precinct_name":"Gwinnett - 095","precinct_norm":"GWINNETT - 095","precinct_full_name":"Duluth F","has_polygon":true},"geometry":{"type":"Point","coordinates":[-84.08725422304848,33.9785005]}},{"type":"Feature","properties":{"id":"2020-2136","county_nam":"Gwinnett","county_norm":"GWINNETT","prec_id":"138","precinct_name":"Gwinnett - 138","precinct_norm":"GWINNETT - 138","precinct_full_name":"Duluth I","has_polygon":true},"geometry":{"type":"Point","coordinates":[-84.10680923993021,33.998182]}},{"type":"Feature","properties":{"id":"2020-2137","county_nam":"Fulton","county_norm":"FULTON","prec_id":"JC01A","precinct_name":"Fulton - JC01A","precinct_norm":"FULTON - JC01A","precinct_full_name":"JC01A","has_polygon":true},"geometry":{"type":"Point","coordinates":[-84.1264677305046,34.0425575]}},{"type":"Feature","properties":{"id":"2020-2138","county_nam":"Dekalb","county_norm":"DEKALB","prec_id":"WI","precinct_name":"Dekalb - WI","precinct_norm":"DEKALB - WI","precinct_full_name":"Warren Tech","has_polygon":true},"geometry":{"type":"Point","coordinates":[-84.2604615967366,33.881958]}},{"type":"Feature","properties":{"id":"2020-2139","county_nam":"Dekalb","county_norm":"DEKALB","prec_id":"CK","precinct_name":"Dekalb - CK","precinct_norm":"DEKALB - CK","precinct_full_name":"Clarkston (Cla)","has_polygon":true},"geometry":{"type":"Point","coordinates":[-84.23832002272589,33.818468499999994]}},{"type":"Feature","properties":{"id":"2020-2140","county_nam":"Dekalb","county_norm":"DEKALB","prec_id":"IA","precinct_name":"Dekalb - IA","precinct_norm":"DEKALB - IA","precinct_full_name":"Idlewood Elementary (Tucker)","has_polygon":true},"geometry":{"type":"Point","coordinates":[-84.22069970196038,33.8260425]}},{"type":"Feature","properties":{"id":"2020-2141","county_nam":"Dekalb","county_norm":"DEKALB","prec_id":"BH","precinct_name":"Dekalb - BH","precinct_norm":"DEKALB - BH","precinct_full_name":"Brockett (Tucker)","has_polygon":true},"geometry":{"type":"Point","coordinates":[-84.23220514358704,33.839847]}},{"type":"Feature","properties":{"id":"2020-2142","county_nam":"Dekalb","county_norm":"DEKALB","prec_id":"MH","precinct_name":"Dekalb - MH","precinct_norm":"DEKALB - MH","precinct_full_name":"Midvale Elementary","has_polygon":true},"geometry":{"type":"Point","coordinates":[-84.23352704192243,33.8622955]}},{"type":"Feature","properties":{"id":"2020-2143","county_nam":"Dekalb","county_norm":"DEKALB","prec_id":"EF","precinct_name":"Dekalb - EF","precinct_norm":"DEKALB - EF","precinct_full_name":"Evansdale Elementary","has_polygon":true},"geometry":{"type":"Point","coordinates":[-84.2455277419412,33.881738]}},{"type":"Feature","properties":{"id":"2020-2144","county_nam":"Dekalb","county_norm":"DEKALB","prec_id":"TH","precinct_name":"Dekalb - TH","precinct_norm":"DEKALB - TH","precinct_full_name":"Tucker","has_polygon":true},"geometry":{"type":"Point","coordinates":[-84.21643655650527,33.853986]}},{"type":"Feature","properties":{"id":"2020-2145","county_nam":"Fulton","county_norm":"FULTON","prec_id":"AP12C","precinct_name":"Fulton - AP12C","precinct_norm":"FULTON - AP12C","precinct_full_name":"Alpharetta High School","has_polygon":true},"geometry":{"type":"Point","coordinates":[-84.2820855209318,34.073144]}},{"type":"Feature","properties":{"id":"2020-2146","county_nam":"Dekalb","county_norm":"DEKALB","prec_id":"SN","precinct_name":"Dekalb - SN","precinct_norm":"DEKALB - SN","precinct_full_name":"Shamrock","has_polygon":true},"geometry":{"type":"Point","coordinates":[-84.27469812298236,33.817643000000004]}},{"type":"Feature","properties":{"id":"2020-2147","county_nam":"Dekalb","county_norm":"DEKALB","prec_id":"ND","precinct_name":"Dekalb - ND","precinct_norm":"DEKALB - ND","precinct_full_name":"Northlake","has_polygon":true},"geometry":{"type":"Point","coordinates":[-84.27030217659274,33.832477]}},{"type":"Feature","properties":{"id":"2020-2148","county_nam":"Dekalb","county_norm":"DEKALB","prec_id":"BD","precinct_name":"Dekalb - BD","precinct_norm":"DEKALB - BD","precinct_full_name":"Briarlake Elementary","has_polygon":true},"geometry":{"type":"Point","coordinates":[-84.26403123201439,33.844679]}},{"type":"Feature","properties":{"id":"2020-2149","county_nam":"Dekalb","county_norm":"DEKALB","prec_id":"RD","precinct_name":"Dekalb - RD","precinct_norm":"DEKALB - RD","precinct_full_name":"Rehoboth","has_polygon":true},"geometry":{"type":"Point","coordinates":[-84.2582486630094,33.8235325]}},{"type":"Feature","properties":{"id":"2020-2150","county_nam":"Dekalb","county_norm":"DEKALB","prec_id":"MK","precinct_name":"Dekalb - MK","precinct_norm":"DEKALB - MK","precinct_full_name":"Montreal","has_polygon":true},"geometry":{"type":"Point","coordinates":[-84.24778674076227,33.8319215]}},{"type":"Feature","properties":{"id":"2020-2151","county_nam":"Dekalb","county_norm":"DEKALB","prec_id":"MW","precinct_name":"Dekalb - MW","precinct_norm":"DEKALB - MW","precinct_full_name":"Midvale Road","has_polygon":true},"geometry":{"type":"Point","coordinates":[-84.25036539688656,33.8593195]}},{"type":"Feature","properties":{"id":"2020-2152","county_nam":"Dekalb","county_norm":"DEKALB","prec_id":"HC","precinct_name":"Dekalb - HC","precinct_norm":"DEKALB - HC","precinct_full_name":"Henderson Mill","has_polygon":true},"geometry":{"type":"Point","coordinates":[-84.2607608360849,33.862950999999995]}},{"type":"Feature","properties":{"id":"2020-2153","county_nam":"Gwinnett","county_norm":"GWINNETT","prec_id":"087","precinct_name":"Gwinnett - 087","precinct_norm":"GWINNETT - 087","precinct_full_name":"Pinckneyville S","has_polygon":true},"geometry":{"type":"Point","coordinates":[-84.18636437368423,33.943919]}},{"type":"Feature","properties":{"id":"2020-2154","county_nam":"Gwinnett","county_norm":"GWINNETT","prec_id":"065","precinct_name":"Gwinnett - 065","precinct_norm":"GWINNETT - 065","precinct_full_name":"Berkshire H","has_polygon":true},"geometry":{"type":"Point","coordinates":[-84.17029821568627,33.892904]}},{"type":"Feature","properties":{"id":"2020-2155","county_nam":"Gwinnett","county_norm":"GWINNETT","prec_id":"123","precinct_name":"Gwinnett - 123","precinct_norm":"GWINNETT - 123","precinct_full_name":"Pinckneyville Y","has_polygon":true},"geometry":{"type":"Point","coordinates":[-84.17347526526717,33.904709]}},{"type":"Feature","properties":{"id":"2020-2156","county_nam":"Gwinnett","county_norm":"GWINNETT","prec_id":"023","precinct_name":"Gwinnett - 023","precinct_norm":"GWINNETT - 023","precinct_full_name":"Pinckneyville D","has_polygon":true},"geometry":{"type":"Point","coordinates":[-84.17658383103935,33.918264]}},{"type":"Feature","properties":{"id":"2020-2157","county_nam":"Gwinnett","county_norm":"GWINNETT","prec_id":"058","precinct_name":"Gwinnett - 058","precinct_norm":"GWINNETT - 058","precinct_full_name":"Pinckneyville K","has_polygon":true},"geometry":{"type":"Point","coordinates":[-84.15182125078393,33.9185325]}},{"type":"Feature","properties":{"id":"2020-2158","county_nam":"Gwinnett","county_norm":"GWINNETT","prec_id":"050","precinct_name":"Gwinnett - 050","precinct_norm":"GWINNETT - 050","precinct_full_name":"Pinckneyville I","has_polygon":true},"geometry":{"type":"Point","coordinates":[-84.15893501211801,33.9432855]}},{"type":"Feature","properties":{"id":"2020-2159","county_nam":"Gwinnett","county_norm":"GWINNETT","prec_id":"010","precinct_name":"Gwinnett - 010","precinct_norm":"GWINNETT - 010","precinct_full_name":"Cates A","has_polygon":true},"geometry":{"type":"Point","coordinates":[-84.00735054998236,33.866634000000005]}},{"type":"Feature","properties":{"id":"2020-2160","county_nam":"Gwinnett","county_norm":"GWINNETT","prec_id":"081","precinct_name":"Gwinnett - 081","precinct_norm":"GWINNETT - 081","precinct_full_name":"Cates L","has_polygon":true},"geometry":{"type":"Point","coordinates":[-83.98410267647529,33.8566135]}},{"type":"Feature","properties":{"id":"2020-2161","county_nam":"Gwinnett","county_norm":"GWINNETT","prec_id":"156","precinct_name":"Gwinnett - 156","precinct_norm":"GWINNETT - 156","precinct_full_name":"Baycreek J","has_polygon":true},"geometry":{"type":"Point","coordinates":[-83.97007998889498,33.843132999999995]}},{"type":"Feature","properties":{"id":"2020-2162","county_nam":"Gwinnett","county_norm":"GWINNETT","prec_id":"041","precinct_name":"Gwinnett - 041","precinct_norm":"GWINNETT - 041","precinct_full_name":"Baycreek B","has_polygon":true},"geometry":{"type":"Point","coordinates":[-83.96512500154097,33.8181425]}},{"type":"Feature","properties":{"id":"2020-2163","county_nam":"Gwinnett","county_norm":"GWINNETT","prec_id":"134","precinct_name":"Gwinnett - 134","precinct_norm":"GWINNETT - 134","precinct_full_name":"Baycreek F","has_polygon":true},"geometry":{"type":"Point","coordinates":[-83.97048841453048,33.8782275]}},{"type":"Feature","properties":{"id":"2020-2164","county_nam":"Gwinnett","county_norm":"GWINNETT","prec_id":"094","precinct_name":"Gwinnett - 094","precinct_norm":"GWINNETT - 094","precinct_full_name":"Cates N","has_polygon":true},"geometry":{"type":"Point","coordinates":[-84.00817122785762,33.8910345]}},{"type":"Feature","properties":{"id":"2020-2165","county_nam":"Gwinnett","county_norm":"GWINNETT","prec_id":"005","precinct_name":"Gwinnett - 005","precinct_norm":"GWINNETT - 005","precinct_full_name":"Baycreek A","has_polygon":true},"geometry":{"type":"Point","coordinates":[-83.9862954081407,33.885115]}},{"type":"Feature","properties":{"id":"2020-2166","county_nam":"Gwinnett","county_norm":"GWINNETT","prec_id":"121","precinct_name":"Gwinnett - 121","precinct_norm":"GWINNETT - 121","precinct_full_name":"Pinckneyville X","has_polygon":true},"geometry":{"type":"Point","coordinates":[-84.20523328664193,33.9822325]}},{"type":"Feature","properties":{"id":"2020-2167","county_nam":"Gwinnett","county_norm":"GWINNETT","prec_id":"040","precinct_name":"Gwinnett - 040","precinct_norm":"GWINNETT - 040","precinct_full_name":"Pinckneyville H","has_polygon":true},"geometry":{"type":"Point","coordinates":[-84.18348858192283,33.973384499999995]}},{"type":"Feature","properties":{"id":"2020-2168","county_nam":"Fulton","county_norm":"FULTON","prec_id":"JC12","precinct_name":"Fulton - JC12","precinct_norm":"FULTON - JC12","precinct_full_name":"Northeast / Spruill Oaks Library","has_polygon":true},"geometry":{"type":"Point","coordinates":[-84.20992224439024,34.0104615]}},{"type":"Feature","properties":{"id":"2020-2169","county_nam":"Gwinnett","county_norm":"GWINNETT","prec_id":"099","precinct_name":"Gwinnett - 099","precinct_norm":"GWINNETT - 099","precinct_full_name":"Pinckneyville T","has_polygon":true},"geometry":{"type":"Point","coordinates":[-84.17198515516927,33.960849]}},{"type":"Feature","properties":{"id":"2020-2170","county_nam":"Gwinnett","county_norm":"GWINNETT","prec_id":"057","precinct_name":"Gwinnett - 057","precinct_norm":"GWINNETT - 057","precinct_full_name":"Duluth D","has_polygon":true},"geometry":{"type":"Point","coordinates":[-84.14964238546997,33.9804475]}},{"type":"Feature","properties":{"id":"2020-2171","county_nam":"Dekalb","county_norm":"DEKALB","prec_id":"AE","precinct_name":"Dekalb - AE","precinct_norm":"DEKALB - AE","precinct_full_name":"Avondale (Avo)","has_polygon":true},"geometry":{"type":"Point","coordinates":[-84.26105482507575,33.768905000000004]}},{"type":"Feature","properties":{"id":"2020-2172","county_nam":"Dekalb","county_norm":"DEKALB","prec_id":"MO","precinct_name":"Dekalb - MO","precinct_norm":"DEKALB - MO","precinct_full_name":"Midway","has_polygon":true},"geometry":{"type":"Point","coordinates":[-84.25920195224982,33.754968500000004]}},{"type":"Feature","properties":{"id":"2020-2173","county_nam":"Dekalb","county_norm":"DEKALB","prec_id":"CU","precinct_name":"Dekalb - CU","precinct_norm":"DEKALB - CU","precinct_full_name":"Covington","has_polygon":true},"geometry":{"type":"Point","coordinates":[-84.25406253548019,33.7758235]}},{"type":"Feature","properties":{"id":"2020-2174","county_nam":"Dekalb","county_norm":"DEKALB","prec_id":"NB","precinct_name":"Dekalb - NB","precinct_norm":"DEKALB - NB","precinct_full_name":"North Decatur","has_polygon":true},"geometry":{"type":"Point","coordinates":[-84.27685553172944,33.788009]}},{"type":"Feature","properties":{"id":"2020-2175","county_nam":"Dekalb","county_norm":"DEKALB","prec_id":"ME","precinct_name":"Dekalb - ME","precinct_norm":"DEKALB - ME","precinct_full_name":"Mclendon","has_polygon":true},"geometry":{"type":"Point","coordinates":[-84.26257369163113,33.806123]}},{"type":"Feature","properties":{"id":"2020-2176","county_nam":"Dekalb","county_norm":"DEKALB","prec_id":"VB","precinct_name":"Dekalb - VB","precinct_norm":"DEKALB - VB","precinct_full_name":"Valley Brook","has_polygon":true},"geometry":{"type":"Point","coordinates":[-84.26466112139622,33.8155745]}},{"type":"Feature","properties":{"id":"2020-2177","county_nam":"Dekalb","county_norm":"DEKALB","prec_id":"SC","precinct_name":"Dekalb - SC","precinct_norm":"DEKALB - SC","precinct_full_name":"Shaw-Robert Shaw Elementary","has_polygon":true},"geometry":{"type":"Point","coordinates":[-84.25530581040029,33.791726]}},{"type":"Feature","properties":{"id":"2020-2178","county_nam":"Dekalb","county_norm":"DEKALB","prec_id":"CT","precinct_name":"Dekalb - CT","precinct_norm":"DEKALB - CT","precinct_full_name":"Covington Hwy","has_polygon":true},"geometry":{"type":"Point","coordinates":[-84.24667408124787,33.766693000000004]}},{"type":"Feature","properties":{"id":"2020-2179","county_nam":"Dekalb","county_norm":"DEKALB","prec_id":"SW","precinct_name":"Dekalb - SW","precinct_norm":"DEKALB - SW","precinct_full_name":"Stonecrest Library (Stc)","has_polygon":true},"geometry":{"type":"Point","coordinates":[-84.09505909836385,33.688181]}},{"type":"Feature","properties":{"id":"2020-2180","county_nam":"Dekalb","county_norm":"DEKALB","prec_id":"SL","precinct_name":"Dekalb - SL","precinct_norm":"DEKALB - SL","precinct_full_name":"Stoneview Elementary","has_polygon":true},"geometry":{"type":"Point","coordinates":[-84.0744222546497,33.7097775]}},{"type":"Feature","properties":{"id":"2020-2181","county_nam":"Dekalb","county_norm":"DEKALB","prec_id":"PC","precinct_name":"Dekalb - PC","precinct_norm":"DEKALB - PC","precinct_full_name":"Princeton Elementary","has_polygon":true},"geometry":{"type":"Point","coordinates":[-84.09319809519039,33.7403495]}},{"type":"Feature","properties":{"id":"2020-2182","county_nam":"Dekalb","county_norm":"DEKALB","prec_id":"RC","precinct_name":"Dekalb - RC","precinct_norm":"DEKALB - RC","precinct_full_name":"Redan Elementary","has_polygon":true},"geometry":{"type":"Point","coordinates":[-84.1340530754137,33.7566565]}},{"type":"Feature","properties":{"id":"2020-2183","county_nam":"Dekalb","county_norm":"DEKALB","prec_id":"SV","precinct_name":"Dekalb - SV","precinct_norm":"DEKALB - SV","precinct_full_name":"Stephenson High","has_polygon":true},"geometry":{"type":"Point","coordinates":[-84.13390853387185,33.776929499999994]}},{"type":"Feature","properties":{"id":"2020-2184","county_nam":"Dekalb","county_norm":"DEKALB","prec_id":"AB","precinct_name":"Dekalb - AB","precinct_norm":"DEKALB - AB","precinct_full_name":"Ashford Park Elementary (Brookhaven)","has_polygon":true},"geometry":{"type":"Point","coordinates":[-84.31812143158791,33.871041500000004]}},{"type":"Feature","properties":{"id":"2020-2185","county_nam":"Dekalb","county_norm":"DEKALB","prec_id":"OA","precinct_name":"Dekalb - OA","precinct_norm":"DEKALB - OA","precinct_full_name":"Oak Grove Elementary","has_polygon":true},"geometry":{"type":"Point","coordinates":[-84.29885204878526,33.8417805]}},{"type":"Feature","properties":{"id":"2020-2186","county_nam":"Dekalb","county_norm":"DEKALB","prec_id":"CW","precinct_name":"Dekalb - CW","precinct_norm":"DEKALB - CW","precinct_full_name":"Coralwood","has_polygon":true},"geometry":{"type":"Point","coordinates":[-84.29052547465639,33.819674000000006]}},{"type":"Feature","properties":{"id":"2020-2187","county_nam":"Dekalb","county_norm":"DEKALB","prec_id":"SA","precinct_name":"Dekalb - SA","precinct_norm":"DEKALB - SA","precinct_full_name":"Sagamore Hills Elementary","has_polygon":true},"geometry":{"type":"Point","coordinates":[-84.29330402981651,33.8304615]}},{"type":"Feature","properties":{"id":"2020-2188","county_nam":"Dekalb","county_norm":"DEKALB","prec_id":"LA","precinct_name":"Dekalb - LA","precinct_norm":"DEKALB - LA","precinct_full_name":"Lakeside High","has_polygon":true},"geometry":{"type":"Point","coordinates":[-84.27917840481805,33.845076500000005]}},{"type":"Feature","properties":{"id":"2020-2189","county_nam":"Dekalb","county_norm":"DEKALB","prec_id":"DC","precinct_name":"Dekalb - DC","precinct_norm":"DEKALB - DC","precinct_full_name":"Dresden Elementary (Chamblee)","has_polygon":true},"geometry":{"type":"Point","coordinates":[-84.29920358436834,33.865198]}},{"type":"Feature","properties":{"id":"2020-2190","county_nam":"Gwinnett","county_norm":"GWINNETT","prec_id":"068","precinct_name":"Gwinnett - 068","precinct_norm":"GWINNETT - 068","precinct_full_name":"Cates I","has_polygon":true},"geometry":{"type":"Point","coordinates":[-84.05119949704493,33.883877999999996]}},{"type":"Feature","properties":{"id":"2020-2191","county_nam":"Gwinnett","county_norm":"GWINNETT","prec_id":"093","precinct_name":"Gwinnett - 093","precinct_norm":"GWINNETT - 093","precinct_full_name":"Cates M","has_polygon":true},"geometry":{"type":"Point","coordinates":[-84.03049027219075,33.9015835]}},{"type":"Feature","properties":{"id":"2020-2192","county_nam":"Gwinnett","county_norm":"GWINNETT","prec_id":"127","precinct_name":"Gwinnett - 127","precinct_norm":"GWINNETT - 127","precinct_full_name":"Lawrenceville J","has_polygon":true},"geometry":{"type":"Point","coordinates":[-84.03811032018132,33.920673]}},{"type":"Feature","properties":{"id":"2020-2193","county_nam":"Gwinnett","county_norm":"GWINNETT","prec_id":"018","precinct_name":"Gwinnett - 018","precinct_norm":"GWINNETT - 018","precinct_full_name":"Martins B","has_polygon":true},"geometry":{"type":"Point","coordinates":[-84.05703550610787,33.9440755]}},{"type":"Feature","properties":{"id":"2020-2194","county_nam":"Gwinnett","county_norm":"GWINNETT","prec_id":"084","precinct_name":"Gwinnett - 084","precinct_norm":"GWINNETT - 084","precinct_full_name":"Lawrenceville G","has_polygon":true},"geometry":{"type":"Point","coordinates":[-84.02838010183801,33.925497]}},{"type":"Feature","properties":{"id":"2020-2195","county_nam":"Gwinnett","county_norm":"GWINNETT","prec_id":"150","precinct_name":"Gwinnett - 150","precinct_norm":"GWINNETT - 150","precinct_full_name":"Duluth K","has_polygon":true},"geometry":{"type":"Point","coordinates":[-84.14371924731124,33.954218499999996]}},{"type":"Feature","properties":{"id":"2020-2196","county_nam":"Fulton","county_norm":"FULTON","prec_id":"SS12","precinct_name":"Fulton - SS12","precinct_norm":"FULTON - SS12","precinct_full_name":"Ridgeview Charter Middle School","has_polygon":true},"geometry":{"type":"Point","coordinates":[-84.35794372781562,33.895371]}},{"type":"Feature","properties":{"id":"2020-2197","county_nam":"Fulton","county_norm":"FULTON","prec_id":"SS07C","precinct_name":"Fulton - SS07C","precinct_norm":"FULTON - SS07C","precinct_full_name":"Lake Forest Elementary School","has_polygon":true},"geometry":{"type":"Point","coordinates":[-84.37361453070659,33.914559]}},{"type":"Feature","properties":{"id":"2020-2198","county_nam":"Fulton","county_norm":"FULTON","prec_id":"SS07B","precinct_name":"Fulton - SS07B","precinct_norm":"FULTON - SS07B","precinct_full_name":"Lake Forest Elementary School","has_polygon":true},"geometry":{"type":"Point","coordinates":[-84.3733060841206,33.923012]}},{"type":"Feature","properties":{"id":"2020-2199","county_nam":"Fulton","county_norm":"FULTON","prec_id":"SS07A","precinct_name":"Fulton - SS07A","precinct_norm":"FULTON - SS07A","precinct_full_name":"Lake Forest Elementary School","has_polygon":true},"geometry":{"type":"Point","coordinates":[-84.37280818935909,33.930826499999995]}},{"type":"Feature","properties":{"id":"2020-2200","county_nam":"Fulton","county_norm":"FULTON","prec_id":"SS08B","precinct_name":"Fulton - SS08B","precinct_norm":"FULTON - SS08B","precinct_full_name":"Hammond Park Gym","has_polygon":true},"geometry":{"type":"Point","coordinates":[-84.36363835719868,33.924476999999996]}},{"type":"Feature","properties":{"id":"2020-2201","county_nam":"Fulton","county_norm":"FULTON","prec_id":"SS02B","precinct_name":"Fulton - SS02B","precinct_norm":"FULTON - SS02B","precinct_full_name":"Spalding Drive Elementary","has_polygon":true},"geometry":{"type":"Point","coordinates":[-84.37624285651881,33.9451185]}},{"type":"Feature","properties":{"id":"2020-2202","county_nam":"Fulton","county_norm":"FULTON","prec_id":"SS08C","precinct_name":"Fulton - SS08C","precinct_norm":"FULTON - SS08C","precinct_full_name":"Hammond Park Gym","has_polygon":true},"geometry":{"type":"Point","coordinates":[-84.36194037343438,33.931254]}},{"type":"Feature","properties":{"id":"2020-2203","county_nam":"Fulton","county_norm":"FULTON","prec_id":"SS04","precinct_name":"Fulton - SS04","precinct_norm":"FULTON - SS04","precinct_full_name":"St. Jude Catholic Church","has_polygon":true},"geometry":{"type":"Point","coordinates":[-84.36474445295698,33.945488]}},{"type":"Feature","properties":{"id":"2020-2204","county_nam":"Fulton","county_norm":"FULTON","prec_id":"SS08A","precinct_name":"Fulton - SS08A","precinct_norm":"FULTON - SS08A","precinct_full_name":"Hammond Park Gym","has_polygon":true},"geometry":{"type":"Point","coordinates":[-84.35874776441352,33.914658]}},{"type":"Feature","properties":{"id":"2020-2205","county_nam":"Fulton","county_norm":"FULTON","prec_id":"SS08D","precinct_name":"Fulton - SS08D","precinct_norm":"FULTON - SS08D","precinct_full_name":"Hammond Park Gym","has_polygon":true},"geometry":{"type":"Point","coordinates":[-84.35387925003455,33.9281035]}},{"type":"Feature","properties":{"id":"2020-2206","county_nam":"Fulton","county_norm":"FULTON","prec_id":"SS29A","precinct_name":"Fulton - SS29A","precinct_norm":"FULTON - SS29A","precinct_full_name":"St. Jude Catholic Church","has_polygon":true},"geometry":{"type":"Point","coordinates":[-84.35293251583333,33.945488]}},{"type":"Feature","properties":{"id":"2020-2207","county_nam":"Dekalb","county_norm":"DEKALB","prec_id":"LC","precinct_name":"Dekalb - LC","precinct_norm":"DEKALB - LC","precinct_full_name":"Lavista","has_polygon":true},"geometry":{"type":"Point","coordinates":[-84.33584969939577,33.8228665]}},{"type":"Feature","properties":{"id":"2020-2208","county_nam":"Gwinnett","county_norm":"GWINNETT","prec_id":"148","precinct_name":"Gwinnett - 148","precinct_norm":"GWINNETT - 148","precinct_full_name":"Berkshire Q","has_polygon":true},"geometry":{"type":"Point","coordinates":[-84.15392439120055,33.870694]}},{"type":"Feature","properties":{"id":"2020-2209","county_nam":"Gwinnett","county_norm":"GWINNETT","prec_id":"021","precinct_name":"Gwinnett - 021","precinct_norm":"GWINNETT - 021","precinct_full_name":"Pinckneyville B","has_polygon":true},"geometry":{"type":"Point","coordinates":[-84.20298311762096,33.893266499999996]}},{"type":"Feature","properties":{"id":"2020-2210","county_nam":"Gwinnett","county_norm":"GWINNETT","prec_id":"051","precinct_name":"Gwinnett - 051","precinct_norm":"GWINNETT - 051","precinct_full_name":"Pinckneyville J","has_polygon":true},"geometry":{"type":"Point","coordinates":[-84.21096814370078,33.907314]}},{"type":"Feature","properties":{"id":"2020-2211","county_nam":"Gwinnett","county_norm":"GWINNETT","prec_id":"113","precinct_name":"Gwinnett - 113","precinct_norm":"GWINNETT - 113","precinct_full_name":"Pinckneyville V","has_polygon":true},"geometry":{"type":"Point","coordinates":[-84.18356852250389,33.888603]}},{"type":"Feature","properties":{"id":"2020-2212","county_nam":"Gwinnett","county_norm":"GWINNETT","prec_id":"114","precinct_name":"Gwinnett - 114","precinct_norm":"GWINNETT - 114","precinct_full_name":"Pinckneyville W","has_polygon":true},"geometry":{"type":"Point","coordinates":[-84.21042839899883,33.936465999999996]}},{"type":"Feature","properties":{"id":"2020-2213","county_nam":"Gwinnett","county_norm":"GWINNETT","prec_id":"020","precinct_name":"Gwinnett - 020","precinct_norm":"GWINNETT - 020","precinct_full_name":"Pinkcneyville A","has_polygon":true},"geometry":{"type":"Point","coordinates":[-84.19095396559703,33.9333415]}},{"type":"Feature","properties":{"id":"2020-2214","county_nam":"Gwinnett","county_norm":"GWINNETT","prec_id":"116","precinct_name":"Gwinnett - 116","precinct_norm":"GWINNETT - 116","precinct_full_name":"Martins I","has_polygon":true},"geometry":{"type":"Point","coordinates":[-84.09340116101694,33.927702]}},{"type":"Feature","properties":{"id":"2020-2215","county_nam":"Gwinnett","county_norm":"GWINNETT","prec_id":"117","precinct_name":"Gwinnett - 117","precinct_norm":"GWINNETT - 117","precinct_full_name":"Martins J","has_polygon":true},"geometry":{"type":"Point","coordinates":[-84.08901269983906,33.949871]}},{"type":"Feature","properties":{"id":"2020-2216","county_nam":"Gwinnett","county_norm":"GWINNETT","prec_id":"088","precinct_name":"Gwinnett - 088","precinct_norm":"GWINNETT - 088","precinct_full_name":"Rockbridge E","has_polygon":true},"geometry":{"type":"Point","coordinates":[-84.06499398418755,33.828428]}},{"type":"Feature","properties":{"id":"2020-2217","county_nam":"Gwinnett","county_norm":"GWINNETT","prec_id":"069","precinct_name":"Gwinnett - 069","precinct_norm":"GWINNETT - 069","precinct_full_name":"Cates J","has_polygon":true},"geometry":{"type":"Point","coordinates":[-84.08182351123835,33.852813999999995]}},{"type":"Feature","properties":{"id":"2020-2218","county_nam":"Gwinnett","county_norm":"GWINNETT","prec_id":"036","precinct_name":"Gwinnett - 036","precinct_norm":"GWINNETT - 036","precinct_full_name":"Cates E","has_polygon":true},"geometry":{"type":"Point","coordinates":[-84.06728888925176,33.859885500000004]}},{"type":"Feature","properties":{"id":"2020-2219","county_nam":"Gwinnett","county_norm":"GWINNETT","prec_id":"107","precinct_name":"Gwinnett - 107","precinct_norm":"GWINNETT - 107","precinct_full_name":"Cates O","has_polygon":true},"geometry":{"type":"Point","coordinates":[-84.0710224981305,33.8818395]}},{"type":"Feature","properties":{"id":"2020-2220","county_nam":"Gwinnett","county_norm":"GWINNETT","prec_id":"035","precinct_name":"Gwinnett - 035","precinct_norm":"GWINNETT - 035","precinct_full_name":"Cates D","has_polygon":true},"geometry":{"type":"Point","coordinates":[-84.04829940878567,33.864359]}},{"type":"Feature","properties":{"id":"2020-2221","county_nam":"Gwinnett","county_norm":"GWINNETT","prec_id":"044","precinct_name":"Gwinnett - 044","precinct_norm":"GWINNETT - 044","precinct_full_name":"Rockbridge B","has_polygon":true},"geometry":{"type":"Point","coordinates":[-84.04476842097097,33.8353085]}},{"type":"Feature","properties":{"id":"2020-2222","county_nam":"Dekalb","county_norm":"DEKALB","prec_id":"PH","precinct_name":"Dekalb - PH","precinct_norm":"DEKALB - PH","precinct_full_name":"Panola","has_polygon":true},"geometry":{"type":"Point","coordinates":[-84.15472902432073,33.756142]}},{"type":"Feature","properties":{"id":"2020-2223","county_nam":"Dekalb","county_norm":"DEKALB","prec_id":"SK","precinct_name":"Dekalb - SK","precinct_norm":"DEKALB - SK","precinct_full_name":"Shadow Rock Elementary","has_polygon":true},"geometry":{"type":"Point","coordinates":[-84.14950737705593,33.772776500000006]}},{"type":"Feature","properties":{"id":"2020-2224","county_nam":"Dekalb","county_norm":"DEKALB","prec_id":"SP","precinct_name":"Dekalb - SP","precinct_norm":"DEKALB - SP","precinct_full_name":"Stone Mtn Champion (Sto)","has_polygon":true},"geometry":{"type":"Point","coordinates":[-84.18312245870567,33.799015999999995]}},{"type":"Feature","properties":{"id":"2020-2225","county_nam":"Dekalb","county_norm":"DEKALB","prec_id":"SQ","precinct_name":"Dekalb - SQ","precinct_norm":"DEKALB - SQ","precinct_full_name":"Stone Mtn (Sto)","has_polygon":true},"geometry":{"type":"Point","coordinates":[-84.1718718550506,33.808527999999995]}},{"type":"Feature","properties":{"id":"2020-2226","county_nam":"Fulton","county_norm":"FULTON","prec_id":"08H","precinct_name":"Fulton - 08H","precinct_norm":"FULTON - 08H","precinct_full_name":"Sutton Middle School","has_polygon":true},"geometry":{"type":"Point","coordinates":[-84.39771917728835,33.821563]}},{"type":"Feature","properties":{"id":"2020-2227","county_nam":"Dekalb","county_norm":"DEKALB","prec_id":"HA","precinct_name":"Dekalb - HA","precinct_norm":"DEKALB - HA","precinct_full_name":"Hambrick Elementary","has_polygon":true},"geometry":{"type":"Point","coordinates":[-84.20570937187965,33.8084575]}},{"type":"Feature","properties":{"id":"2020-2228","county_nam":"Dekalb","county_norm":"DEKALB","prec_id":"RE","precinct_name":"Dekalb - RE","precinct_norm":"DEKALB - RE","precinct_full_name":"Rockbridge Elementary","has_polygon":true},"geometry":{"type":"Point","coordinates":[-84.19585979056365,33.796223]}},{"type":"Feature","properties":{"id":"2020-2229","county_nam":"Dekalb","county_norm":"DEKALB","prec_id":"SJ","precinct_name":"Dekalb - SJ","precinct_norm":"DEKALB - SJ","precinct_full_name":"Stone Mill Elementary","has_polygon":true},"geometry":{"type":"Point","coordinates":[-84.18592985068285,33.812158499999995]}},{"type":"Feature","properties":{"id":"2020-2230","county_nam":"Dekalb","county_norm":"DEKALB","prec_id":"MA","precinct_name":"Dekalb - MA","precinct_norm":"DEKALB - MA","precinct_full_name":"Miller-Eldridge L Miller Elementary","has_polygon":true},"geometry":{"type":"Point","coordinates":[-84.17275344903507,33.768641]}},{"type":"Feature","properties":{"id":"2020-2231","county_nam":"Dekalb","county_norm":"DEKALB","prec_id":"SU","precinct_name":"Dekalb - SU","precinct_norm":"DEKALB - SU","precinct_full_name":"South Hairston","has_polygon":true},"geometry":{"type":"Point","coordinates":[-84.17584577987867,33.774662]}},{"type":"Feature","properties":{"id":"2020-2232","county_nam":"Dekalb","county_norm":"DEKALB","prec_id":"SD","precinct_name":"Dekalb - SD","precinct_norm":"DEKALB - SD","precinct_full_name":"Stone Mountain Elementary","has_polygon":true},"geometry":{"type":"Point","coordinates":[-84.1403657876213,33.8052905]}},{"type":"Feature","properties":{"id":"2020-2233","county_nam":"Dekalb","county_norm":"DEKALB","prec_id":"WN","precinct_name":"Dekalb - WN","precinct_norm":"DEKALB - WN","precinct_full_name":"Wynbrooke Elementary","has_polygon":true},"geometry":{"type":"Point","coordinates":[-84.10809745244595,33.7961085]}},{"type":"Feature","properties":{"id":"2020-2234","county_nam":"Dekalb","county_norm":"DEKALB","prec_id":"ST","precinct_name":"Dekalb - ST","precinct_norm":"DEKALB - ST","precinct_full_name":"Stephenson Middle","has_polygon":true},"geometry":{"type":"Point","coordinates":[-84.11210777531997,33.772497]}},{"type":"Feature","properties":{"id":"2020-2235","county_nam":"Dekalb","county_norm":"DEKALB","prec_id":"SO","precinct_name":"Dekalb - SO","precinct_norm":"DEKALB - SO","precinct_full_name":"South Deshon","has_polygon":true},"geometry":{"type":"Point","coordinates":[-84.09613682521368,33.775907000000004]}},{"type":"Feature","properties":{"id":"2020-2236","county_nam":"Gwinnett","county_norm":"GWINNETT","prec_id":"064","precinct_name":"Gwinnett - 064","precinct_norm":"GWINNETT - 064","precinct_full_name":"Garners D","has_polygon":true},"geometry":{"type":"Point","coordinates":[-84.08535650699453,33.7978705]}},{"type":"Feature","properties":{"id":"2020-2237","county_nam":"Dekalb","county_norm":"DEKALB","prec_id":"RM","precinct_name":"Dekalb - RM","precinct_norm":"DEKALB - RM","precinct_full_name":"Redan Middle","has_polygon":true},"geometry":{"type":"Point","coordinates":[-84.16134952271128,33.746705500000004]}},{"type":"Feature","properties":{"id":"2020-2238","county_nam":"Dekalb","county_norm":"DEKALB","prec_id":"MC","precinct_name":"Dekalb - MC","precinct_norm":"DEKALB - MC","precinct_full_name":"Marbut Elementary","has_polygon":true},"geometry":{"type":"Point","coordinates":[-84.15440611007801,33.725347]}},{"type":"Feature","properties":{"id":"2020-2239","county_nam":"Dekalb","county_norm":"DEKALB","prec_id":"RK","precinct_name":"Dekalb - RK","precinct_norm":"DEKALB - RK","precinct_full_name":"Redan Road","has_polygon":true},"geometry":{"type":"Point","coordinates":[-84.1560431261062,33.737922]}},{"type":"Feature","properties":{"id":"2020-2240","county_nam":"Dekalb","county_norm":"DEKALB","prec_id":"WG","precinct_name":"Dekalb - WG","precinct_norm":"DEKALB - WG","precinct_full_name":"Woodridge Elementary","has_polygon":true},"geometry":{"type":"Point","coordinates":[-84.20119099295302,33.749257]}},{"type":"Feature","properties":{"id":"2020-2241","county_nam":"Dekalb","county_norm":"DEKALB","prec_id":"RJ","precinct_name":"Dekalb - RJ","precinct_norm":"DEKALB - RJ","precinct_full_name":"Rowland Road","has_polygon":true},"geometry":{"type":"Point","coordinates":[-84.20227178408065,33.7710625]}},{"type":"Feature","properties":{"id":"2020-2242","county_nam":"Dekalb","county_norm":"DEKALB","prec_id":"WK","precinct_name":"Dekalb - WK","precinct_norm":"DEKALB - WK","precinct_full_name":"White Oak","has_polygon":true},"geometry":{"type":"Point","coordinates":[-84.18652561779325,33.755589]}},{"type":"Feature","properties":{"id":"2020-2243","county_nam":"Dekalb","county_norm":"DEKALB","prec_id":"FM","precinct_name":"Dekalb - FM","precinct_norm":"DEKALB - FM","precinct_full_name":"Freedom Middle","has_polygon":true},"geometry":{"type":"Point","coordinates":[-84.19118471780632,33.781574]}},{"type":"Feature","properties":{"id":"2020-2244","county_nam":"Dekalb","county_norm":"DEKALB","prec_id":"PE","precinct_name":"Dekalb - PE","precinct_norm":"DEKALB - PE","precinct_full_name":"Pine Lake (Pin)","has_polygon":true},"geometry":{"type":"Point","coordinates":[-84.20600801592576,33.789859500000006]}},{"type":"Feature","properties":{"id":"2020-2245","county_nam":"Dekalb","county_norm":"DEKALB","prec_id":"SS","precinct_name":"Dekalb - SS","precinct_norm":"DEKALB - SS","precinct_full_name":"Snapfinger Road S","has_polygon":true},"geometry":{"type":"Point","coordinates":[-84.19918605000001,33.693329000000006]}},{"type":"Feature","properties":{"id":"2020-2246","county_nam":"Dekalb","county_norm":"DEKALB","prec_id":"MF","precinct_name":"Dekalb - MF","precinct_norm":"DEKALB - MF","precinct_full_name":"Mcwilliams","has_polygon":true},"geometry":{"type":"Point","coordinates":[-84.18485256483928,33.695608500000006]}},{"type":"Feature","properties":{"id":"2020-2247","county_nam":"Dekalb","county_norm":"DEKALB","prec_id":"MI","precinct_name":"Dekalb - MI","precinct_norm":"DEKALB - MI","precinct_full_name":"Miller Grove","has_polygon":true},"geometry":{"type":"Point","coordinates":[-84.17943521475195,33.716353]}},{"type":"Feature","properties":{"id":"2020-2248","county_nam":"Dekalb","county_norm":"DEKALB","prec_id":"BM","precinct_name":"Dekalb - BM","precinct_norm":"DEKALB - BM","precinct_full_name":"Bethune Middle","has_polygon":true},"geometry":{"type":"Point","coordinates":[-84.20812351815181,33.719372]}},{"type":"Feature","properties":{"id":"2020-2249","county_nam":"Dekalb","county_norm":"DEKALB","prec_id":"CP","precinct_name":"Dekalb - CP","precinct_norm":"DEKALB - CP","precinct_full_name":"Crossroads","has_polygon":true},"geometry":{"type":"Point","coordinates":[-84.18827766783147,33.748877500000006]}},{"type":"Feature","properties":{"id":"2020-2250","county_nam":"Dekalb","county_norm":"DEKALB","prec_id":"FA","precinct_name":"Dekalb - FA","precinct_norm":"DEKALB - FA","precinct_full_name":"Fairington Elementary","has_polygon":true},"geometry":{"type":"Point","coordinates":[-84.16178917891278,33.694407999999996]}},{"type":"Feature","properties":{"id":"2020-2251","county_nam":"Dekalb","county_norm":"DEKALB","prec_id":"PR","precinct_name":"Dekalb - PR","precinct_norm":"DEKALB - PR","precinct_full_name":"Panola Road","has_polygon":true},"geometry":{"type":"Point","coordinates":[-84.15574246244816,33.715753500000005]}},{"type":"Feature","properties":{"id":"2020-2252","county_nam":"Dekalb","county_norm":"DEKALB","prec_id":"PI","precinct_name":"Dekalb - PI","precinct_norm":"DEKALB - PI","precinct_full_name":"Panola Way Elementary","has_polygon":true},"geometry":{"type":"Point","coordinates":[-84.17775933964595,33.731277000000006]}},{"type":"Feature","properties":{"id":"2020-2253","county_nam":"Dekalb","county_norm":"DEKALB","prec_id":"YA","precinct_name":"Dekalb - YA","precinct_norm":"DEKALB - YA","precinct_full_name":"Young Road","has_polygon":true},"geometry":{"type":"Point","coordinates":[-84.17693734375,33.7389675]}},{"type":"Feature","properties":{"id":"2020-2254","county_nam":"Dekalb","county_norm":"DEKALB","prec_id":"RG","precinct_name":"Dekalb - RG","precinct_norm":"DEKALB - RG","precinct_full_name":"Rowland Elementary","has_polygon":true},"geometry":{"type":"Point","coordinates":[-84.23376558419689,33.763183]}},{"type":"Feature","properties":{"id":"2020-2255","county_nam":"Dekalb","county_norm":"DEKALB","prec_id":"DE","precinct_name":"Dekalb - DE","precinct_norm":"DEKALB - DE","precinct_full_name":"Dunaire Elementary","has_polygon":true},"geometry":{"type":"Point","coordinates":[-84.23109916045581,33.778197]}},{"type":"Feature","properties":{"id":"2020-2256","county_nam":"Dekalb","county_norm":"DEKALB","prec_id":"AA","precinct_name":"Dekalb - AA","precinct_norm":"DEKALB - AA","precinct_full_name":"Allgood Elementary","has_polygon":true},"geometry":{"type":"Point","coordinates":[-84.21317383460774,33.777281]}},{"type":"Feature","properties":{"id":"2020-2257","county_nam":"Dekalb","county_norm":"DEKALB","prec_id":"IB","precinct_name":"Dekalb - IB","precinct_norm":"DEKALB - IB","precinct_full_name":"Indian Creek","has_polygon":true},"geometry":{"type":"Point","coordinates":[-84.24117911502962,33.7936485]}},{"type":"Feature","properties":{"id":"2020-2258","county_nam":"Dekalb","county_norm":"DEKALB","prec_id":"CY","precinct_name":"Dekalb - CY","precinct_norm":"DEKALB - CY","precinct_full_name":"Clarkston Community Center (Cla)","has_polygon":true},"geometry":{"type":"Point","coordinates":[-84.24332584046533,33.8090995]}},{"type":"Feature","properties":{"id":"2020-2259","county_nam":"Dekalb","county_norm":"DEKALB","prec_id":"MN","precinct_name":"Dekalb - MN","precinct_norm":"DEKALB - MN","precinct_full_name":"Memorial South","has_polygon":true},"geometry":{"type":"Point","coordinates":[-84.22494597447533,33.793347999999995]}},{"type":"Feature","properties":{"id":"2020-2260","county_nam":"Dekalb","county_norm":"DEKALB","prec_id":"JB","precinct_name":"Dekalb - JB","precinct_norm":"DEKALB - JB","precinct_full_name":"Jolly Elementary","has_polygon":true},"geometry":{"type":"Point","coordinates":[-84.22466519913331,33.8068915]}},{"type":"Feature","properties":{"id":"2020-2261","county_nam":"Dekalb","county_norm":"DEKALB","prec_id":"WB","precinct_name":"Dekalb - WB","precinct_norm":"DEKALB - WB","precinct_full_name":"Wesley Chapel Library","has_polygon":true},"geometry":{"type":"Point","coordinates":[-84.21451904270947,33.6970685]}},{"type":"Feature","properties":{"id":"2020-2262","county_nam":"Gwinnett","county_norm":"GWINNETT","prec_id":"120","precinct_name":"Gwinnett - 120","precinct_norm":"GWINNETT - 120","precinct_full_name":"Berkshire P","has_polygon":true},"geometry":{"type":"Point","coordinates":[-84.13500205647293,33.901419000000004]}},{"type":"Feature","properties":{"id":"2020-2263","county_nam":"Gwinnett","county_norm":"GWINNETT","prec_id":"109","precinct_name":"Gwinnett - 109","precinct_norm":"GWINNETT - 109","precinct_full_name":"Berkshire M","has_polygon":true},"geometry":{"type":"Point","coordinates":[-84.11913008118532,33.883931]}},{"type":"Feature","properties":{"id":"2020-2264","county_nam":"Gwinnett","county_norm":"GWINNETT","prec_id":"074","precinct_name":"Gwinnett - 074","precinct_norm":"GWINNETT - 074","precinct_full_name":"Pinckneyville Q","has_polygon":true},"geometry":{"type":"Point","coordinates":[-84.14197567148905,33.9322665]}},{"type":"Feature","properties":{"id":"2020-2265","county_nam":"Gwinnett","county_norm":"GWINNETT","prec_id":"103","precinct_name":"Gwinnett - 103","precinct_norm":"GWINNETT - 103","precinct_full_name":"Berkshire L","has_polygon":true},"geometry":{"type":"Point","coordinates":[-84.11823806477065,33.915335999999996]}},{"type":"Feature","properties":{"id":"2020-2266","county_nam":"Gwinnett","county_norm":"GWINNETT","prec_id":"086","precinct_name":"Gwinnett - 086","precinct_norm":"GWINNETT - 086","precinct_full_name":"Martins F","has_polygon":true},"geometry":{"type":"Point","coordinates":[-84.1280139607046,33.936609000000004]}},{"type":"Feature","properties":{"id":"2020-2267","county_nam":"Gwinnett","county_norm":"GWINNETT","prec_id":"034","precinct_name":"Gwinnett - 034","precinct_norm":"GWINNETT - 034","precinct_full_name":"Berkshire F","has_polygon":true},"geometry":{"type":"Point","coordinates":[-84.107394426276,33.90497]}},{"type":"Feature","properties":{"id":"2020-2268","county_nam":"Gwinnett","county_norm":"GWINNETT","prec_id":"119","precinct_name":"Gwinnett - 119","precinct_norm":"GWINNETT - 119","precinct_full_name":"Berkshire O","has_polygon":true},"geometry":{"type":"Point","coordinates":[-84.09463110086682,33.882729]}},{"type":"Feature","properties":{"id":"2020-2269","county_nam":"Gwinnett","county_norm":"GWINNETT","prec_id":"019","precinct_name":"Gwinnett - 019","precinct_norm":"GWINNETT - 019","precinct_full_name":"Martins C","has_polygon":true},"geometry":{"type":"Point","coordinates":[-84.084219465764,33.905877000000004]}},{"type":"Feature","properties":{"id":"2020-2270","county_nam":"Gwinnett","county_norm":"GWINNETT","prec_id":"043","precinct_name":"Gwinnett - 043","precinct_norm":"GWINNETT - 043","precinct_full_name":"Martins D","has_polygon":true},"geometry":{"type":"Point","coordinates":[-84.10964143187348,33.929612500000005]}},{"type":"Feature","properties":{"id":"2020-2271","county_nam":"Gwinnett","county_norm":"GWINNETT","prec_id":"033","precinct_name":"Gwinnett - 033","precinct_norm":"GWINNETT - 033","precinct_full_name":"Berkshire E","has_polygon":true},"geometry":{"type":"Point","coordinates":[-84.13905435433071,33.8740195]}},{"type":"Feature","properties":{"id":"2020-2272","county_nam":"Gwinnett","county_norm":"GWINNETT","prec_id":"092","precinct_name":"Gwinnett - 092","precinct_norm":"GWINNETT - 092","precinct_full_name":"Berkshire J","has_polygon":true},"geometry":{"type":"Point","coordinates":[-84.11904306176152,33.869162]}},{"type":"Feature","properties":{"id":"2020-2273","county_nam":"Gwinnett","county_norm":"GWINNETT","prec_id":"049","precinct_name":"Gwinnett - 049","precinct_norm":"GWINNETT - 049","precinct_full_name":"Garners C","has_polygon":true},"geometry":{"type":"Point","coordinates":[-84.1069230578504,33.831044000000006]}},{"type":"Feature","properties":{"id":"2020-2274","county_nam":"Gwinnett","county_norm":"GWINNETT","prec_id":"014","precinct_name":"Gwinnett - 014","precinct_norm":"GWINNETT - 014","precinct_full_name":"Garners A","has_polygon":true},"geometry":{"type":"Point","coordinates":[-84.10425844133275,33.847164500000005]}},{"type":"Feature","properties":{"id":"2020-2275","county_nam":"Gwinnett","county_norm":"GWINNETT","prec_id":"045","precinct_name":"Gwinnett - 045","precinct_norm":"GWINNETT - 045","precinct_full_name":"Garners B","has_polygon":true},"geometry":{"type":"Point","coordinates":[-84.09051676661886,33.819855000000004]}},{"type":"Feature","properties":{"id":"2020-2276","county_nam":"Gwinnett","county_norm":"GWINNETT","prec_id":"032","precinct_name":"Gwinnett - 032","precinct_norm":"GWINNETT - 032","precinct_full_name":"Berkshire D","has_polygon":true},"geometry":{"type":"Point","coordinates":[-84.1012690523549,33.868444]}},{"type":"Feature","properties":{"id":"2020-2277","county_nam":"Gwinnett","county_norm":"GWINNETT","prec_id":"011","precinct_name":"Gwinnett - 011","precinct_norm":"GWINNETT - 011","precinct_full_name":"Berkshire A","has_polygon":true},"geometry":{"type":"Point","coordinates":[-84.1418301543483,33.890741]}},{"type":"Feature","properties":{"id":"2020-2278","county_nam":"Dekalb","county_norm":"DEKALB","prec_id":"PF","precinct_name":"Dekalb - PF","precinct_norm":"DEKALB - PF","precinct_full_name":"Pleasantdale Road","has_polygon":true},"geometry":{"type":"Point","coordinates":[-84.23817044696969,33.893907999999996]}},{"type":"Feature","properties":{"id":"2020-2279","county_nam":"Gwinnett","county_norm":"GWINNETT","prec_id":"066","precinct_name":"Gwinnett - 066","precinct_norm":"GWINNETT - 066","precinct_full_name":"Pinckneyville O","has_polygon":true},"geometry":{"type":"Point","coordinates":[-84.217799448487,33.8939855]}},{"type":"Feature","properties":{"id":"2020-2280","county_nam":"Gwinnett","county_norm":"GWINNETT","prec_id":"038","precinct_name":"Gwinnett - 038","precinct_norm":"GWINNETT - 038","precinct_full_name":"Pinckneyville F","has_polygon":true},"geometry":{"type":"Point","coordinates":[-84.23264552101567,33.9222025]}},{"type":"Feature","properties":{"id":"2020-2281","county_nam":"Gwinnett","county_norm":"GWINNETT","prec_id":"059","precinct_name":"Gwinnett - 059","precinct_norm":"GWINNETT - 059","precinct_full_name":"Pinckneyville N","has_polygon":true},"geometry":{"type":"Point","coordinates":[-84.23593041356972,33.939747499999996]}},{"type":"Feature","properties":{"id":"2020-2282","county_nam":"Dekalb","county_norm":"DEKALB","prec_id":"NC","precinct_name":"Dekalb - NC","precinct_norm":"DEKALB - NC","precinct_full_name":"North Hairston","has_polygon":true},"geometry":{"type":"Point","coordinates":[-84.20240834005526,33.818521]}},{"type":"Feature","properties":{"id":"2020-2283","county_nam":"Henry","county_norm":"HENRY","prec_id":"44","precinct_name":"Henry - 44","precinct_norm":"HENRY - 44","precinct_full_name":"Austin Road","has_polygon":true},"geometry":{"type":"Point","coordinates":[-84.18252400973381,33.5999705]}},{"type":"Feature","properties":{"id":"2020-2284","county_nam":"Henry","county_norm":"HENRY","prec_id":"47","precinct_name":"Henry - 47","precinct_norm":"HENRY - 47","precinct_full_name":"Ellenwood","has_polygon":true},"geometry":{"type":"Point","coordinates":[-84.20798193414524,33.6261825]}},{"type":"Feature","properties":{"id":"2020-2285","county_nam":"Dekalb","county_norm":"DEKALB","prec_id":"SY","precinct_name":"Dekalb - SY","precinct_norm":"DEKALB - SY","precinct_full_name":"Snapfinger Road","has_polygon":true},"geometry":{"type":"Point","coordinates":[-84.20971423062633,33.6486615]}},{"type":"Feature","properties":{"id":"2020-2286","county_nam":"Dekalb","county_norm":"DEKALB","prec_id":"BJ","precinct_name":"Dekalb - BJ","precinct_norm":"DEKALB - BJ","precinct_full_name":"Browns Mill Elementary","has_polygon":true},"geometry":{"type":"Point","coordinates":[-84.19449171096294,33.670446999999996]}},{"type":"Feature","properties":{"id":"2020-2287","county_nam":"Dekalb","county_norm":"DEKALB","prec_id":"SM","precinct_name":"Dekalb - SM","precinct_norm":"DEKALB - SM","precinct_full_name":"Salem Middle","has_polygon":true},"geometry":{"type":"Point","coordinates":[-84.16676962853904,33.66209]}},{"type":"Feature","properties":{"id":"2020-2288","county_nam":"Dekalb","county_norm":"DEKALB","prec_id":"MV","precinct_name":"Dekalb - MV","precinct_norm":"DEKALB - MV","precinct_full_name":"Miller Grove Road","has_polygon":true},"geometry":{"type":"Point","coordinates":[-84.16378030727924,33.6810275]}},{"type":"Feature","properties":{"id":"2020-2289","county_nam":"Dekalb","county_norm":"DEKALB","prec_id":"CC","precinct_name":"Dekalb - CC","precinct_norm":"DEKALB - CC","precinct_full_name":"Columbia Elementary","has_polygon":true},"geometry":{"type":"Point","coordinates":[-84.2636837949685,33.717562]}},{"type":"Feature","properties":{"id":"2020-2290","county_nam":"Dekalb","county_norm":"DEKALB","prec_id":"FL","precinct_name":"Dekalb - FL","precinct_norm":"DEKALB - FL","precinct_full_name":"Flat Shoals Library","has_polygon":true},"geometry":{"type":"Point","coordinates":[-84.25590686396899,33.696875000000006]}},{"type":"Feature","properties":{"id":"2020-2291","county_nam":"Rockdale","county_norm":"ROCKDALE","prec_id":"BT","precinct_name":"Rockdale - BT","precinct_norm":"ROCKDALE - BT","precinct_full_name":"Bethel","has_polygon":true},"geometry":{"type":"Point","coordinates":[-83.9785221027448,33.7390935]}},{"type":"Feature","properties":{"id":"2020-2292","county_nam":"Rockdale","county_norm":"ROCKDALE","prec_id":"HI","precinct_name":"Rockdale - HI","precinct_norm":"ROCKDALE - HI","precinct_full_name":"Hightower","has_polygon":true},"geometry":{"type":"Point","coordinates":[-83.95486371968857,33.703762499999996]}},{"type":"Feature","properties":{"id":"2020-2293","county_nam":"Gwinnett","county_norm":"GWINNETT","prec_id":"104","precinct_name":"Gwinnett - 104","precinct_norm":"GWINNETT - 104","precinct_full_name":"Rockbridge F","has_polygon":true},"geometry":{"type":"Point","coordinates":[-84.0069416200676,33.787265500000004]}},{"type":"Feature","properties":{"id":"2020-2294","county_nam":"Gwinnett","county_norm":"GWINNETT","prec_id":"076","precinct_name":"Gwinnett - 076","precinct_norm":"GWINNETT - 076","precinct_full_name":"Rockbridge D","has_polygon":true},"geometry":{"type":"Point","coordinates":[-84.00752278382267,33.8130155]}},{"type":"Feature","properties":{"id":"2020-2295","county_nam":"Dekalb","county_norm":"DEKALB","prec_id":"BC","precinct_name":"Dekalb - BC","precinct_norm":"DEKALB - BC","precinct_full_name":"Briar Vista Elementary","has_polygon":true},"geometry":{"type":"Point","coordinates":[-84.33771139679803,33.812351]}},{"type":"Feature","properties":{"id":"2020-2296","county_nam":"Dekalb","county_norm":"DEKALB","prec_id":"DH","precinct_name":"Dekalb - DH","precinct_norm":"DEKALB - DH","precinct_full_name":"Druid Hills High","has_polygon":true},"geometry":{"type":"Point","coordinates":[-84.31892921894004,33.7936455]}},{"type":"Feature","properties":{"id":"2020-2297","county_nam":"Dekalb","county_norm":"DEKALB","prec_id":"ER","precinct_name":"Dekalb - ER","precinct_norm":"DEKALB - ER","precinct_full_name":"Emory Road","has_polygon":true},"geometry":{"type":"Point","coordinates":[-84.32092895293373,33.8013405]}},{"type":"Feature","properties":{"id":"2020-2298","county_nam":"Dekalb","county_norm":"DEKALB","prec_id":"LB","precinct_name":"Dekalb - LB","precinct_norm":"DEKALB - LB","precinct_full_name":"Lavista Road","has_polygon":true},"geometry":{"type":"Point","coordinates":[-84.31705907216565,33.8139005]}},{"type":"Feature","properties":{"id":"2020-2299","county_nam":"Dekalb","county_norm":"DEKALB","prec_id":"OK","precinct_name":"Dekalb - OK","precinct_norm":"DEKALB - OK","precinct_full_name":"Oakhurst (Decatur)","has_polygon":true},"geometry":{"type":"Point","coordinates":[-84.30698438246134,33.761850499999994]}},{"type":"Feature","properties":{"id":"2020-2300","county_nam":"Dekalb","county_norm":"DEKALB","prec_id":"DD","precinct_name":"Dekalb - DD","precinct_norm":"DEKALB - DD","precinct_full_name":"Decatur (Decatur)","has_polygon":true},"geometry":{"type":"Point","coordinates":[-84.29742706835526,33.7592255]}},{"type":"Feature","properties":{"id":"2020-2301","county_nam":"Dekalb","county_norm":"DEKALB","prec_id":"PG","precinct_name":"Dekalb - PG","precinct_norm":"DEKALB - PG","precinct_full_name":"Ponce De Leon (Decatur)","has_polygon":true},"geometry":{"type":"Point","coordinates":[-84.30601986694643,33.770360499999995]}},{"type":"Feature","properties":{"id":"2020-2302","county_nam":"Dekalb","county_norm":"DEKALB","prec_id":"WJ","precinct_name":"Dekalb - WJ","precinct_norm":"DEKALB - WJ","precinct_full_name":"Woodward (Brookhaven)","has_polygon":true},"geometry":{"type":"Point","coordinates":[-84.33647566586293,33.835166]}},{"type":"Feature","properties":{"id":"2020-2303","county_nam":"Dekalb","county_norm":"DEKALB","prec_id":"CO","precinct_name":"Dekalb - CO","precinct_norm":"DEKALB - CO","precinct_full_name":"Cross Keys High (Brookhaven)","has_polygon":true},"geometry":{"type":"Point","coordinates":[-84.34034868068609,33.8449935]}},{"type":"Feature","properties":{"id":"2020-2304","county_nam":"Dekalb","county_norm":"DEKALB","prec_id":"BG","precinct_name":"Dekalb - BG","precinct_norm":"DEKALB - BG","precinct_full_name":"Briarcliff","has_polygon":true},"geometry":{"type":"Point","coordinates":[-84.3114239131792,33.827698999999996]}},{"type":"Feature","properties":{"id":"2020-2305","county_nam":"Dekalb","county_norm":"DEKALB","prec_id":"HI","precinct_name":"Dekalb - HI","precinct_norm":"DEKALB - HI","precinct_full_name":"Harris-Margaret Harris Ed","has_polygon":true},"geometry":{"type":"Point","coordinates":[-84.32198770119896,33.827809]}},{"type":"Feature","properties":{"id":"2020-2306","county_nam":"Dekalb","county_norm":"DEKALB","prec_id":"MJ","precinct_name":"Dekalb - MJ","precinct_norm":"DEKALB - MJ","precinct_full_name":"Montclair Elementary","has_polygon":true},"geometry":{"type":"Point","coordinates":[-84.31983455490716,33.846916500000006]}},{"type":"Feature","properties":{"id":"2020-2307","county_nam":"Dekalb","county_norm":"DEKALB","prec_id":"BE","precinct_name":"Dekalb - BE","precinct_norm":"DEKALB - BE","precinct_full_name":"Briarwood (Brookhaven)","has_polygon":true},"geometry":{"type":"Point","coordinates":[-84.33012115331508,33.8499605]}},{"type":"Feature","properties":{"id":"2020-2308","county_nam":"Dekalb","county_norm":"DEKALB","prec_id":"BI","precinct_name":"Dekalb - BI","precinct_norm":"DEKALB - BI","precinct_full_name":"Brookhaven (Brookhaven)","has_polygon":true},"geometry":{"type":"Point","coordinates":[-84.33191258444415,33.8648075]}},{"type":"Feature","properties":{"id":"2020-2309","county_nam":"Dekalb","county_norm":"DEKALB","prec_id":"SE","precinct_name":"Dekalb - SE","precinct_norm":"DEKALB - SE","precinct_full_name":"Silver Lake (Brookhaven)","has_polygon":true},"geometry":{"type":"Point","coordinates":[-84.34140679716658,33.8684865]}},{"type":"Feature","properties":{"id":"2020-2310","county_nam":"Dekalb","county_norm":"DEKALB","prec_id":"SF","precinct_name":"Dekalb - SF","precinct_norm":"DEKALB - SF","precinct_full_name":"Skyland (Brookhaven)","has_polygon":true},"geometry":{"type":"Point","coordinates":[-84.32120380671014,33.857243499999996]}},{"type":"Feature","properties":{"id":"2020-2311","county_nam":"Dekalb","county_norm":"DEKALB","prec_id":"BF","precinct_name":"Dekalb - BF","precinct_norm":"DEKALB - BF","precinct_full_name":"Brockett Elementary (Tucker)","has_polygon":true},"geometry":{"type":"Point","coordinates":[-84.19854298406815,33.842304]}},{"type":"Feature","properties":{"id":"2020-2312","county_nam":"Dekalb","county_norm":"DEKALB","prec_id":"SI","precinct_name":"Dekalb - SI","precinct_norm":"DEKALB - SI","precinct_full_name":"Stn Mtn Middle","has_polygon":true},"geometry":{"type":"Point","coordinates":[-84.18257456010508,33.824510000000004]}},{"type":"Feature","properties":{"id":"2020-2313","county_nam":"Dekalb","county_norm":"DEKALB","prec_id":"TF","precinct_name":"Dekalb - TF","precinct_norm":"DEKALB - TF","precinct_full_name":"Tucker Library","has_polygon":true},"geometry":{"type":"Point","coordinates":[-84.2055315314897,33.869399]}},{"type":"Feature","properties":{"id":"2020-2314","county_nam":"Dekalb","county_norm":"DEKALB","prec_id":"HG","precinct_name":"Dekalb - HG","precinct_norm":"DEKALB - HG","precinct_full_name":"Hugh Howell","has_polygon":true},"geometry":{"type":"Point","coordinates":[-84.17340350345387,33.8390085]}},{"type":"Feature","properties":{"id":"2020-2315","county_nam":"Dekalb","county_norm":"DEKALB","prec_id":"SH","precinct_name":"Dekalb - SH","precinct_norm":"DEKALB - SH","precinct_full_name":"Smoke Rise","has_polygon":true},"geometry":{"type":"Point","coordinates":[-84.15206437632696,33.838545999999994]}},{"type":"Feature","properties":{"id":"2020-2316","county_nam":"Gwinnett","county_norm":"GWINNETT","prec_id":"012","precinct_name":"Gwinnett - 012","precinct_norm":"GWINNETT - 012","precinct_full_name":"Berkshire B","has_polygon":true},"geometry":{"type":"Point","coordinates":[-84.18371448456176,33.873402999999996]}},{"type":"Feature","properties":{"id":"2020-2317","county_nam":"Fulton","county_norm":"FULTON","prec_id":"06J","precinct_name":"Fulton - 06J","precinct_norm":"FULTON - 06J","precinct_full_name":"Virginia-Highland Elementary","has_polygon":true},"geometry":{"type":"Point","coordinates":[-84.36613701498308,33.788895499999995]}},{"type":"Feature","properties":{"id":"2020-2318","county_nam":"Fulton","county_norm":"FULTON","prec_id":"06E","precinct_name":"Fulton - 06E","precinct_norm":"FULTON - 06E","precinct_full_name":"Morningside Baptist Church Gym","has_polygon":true},"geometry":{"type":"Point","coordinates":[-84.37160126383526,33.804136]}},{"type":"Feature","properties":{"id":"2020-2319","county_nam":"Fulton","county_norm":"FULTON","prec_id":"06Q","precinct_name":"Fulton - 06Q","precinct_norm":"FULTON - 06Q","precinct_full_name":"Second Ponce De Leon Baptist Church","has_polygon":true},"geometry":{"type":"Point","coordinates":[-84.37094908236976,33.8135435]}},{"type":"Feature","properties":{"id":"2020-2320","county_nam":"Fulton","county_norm":"FULTON","prec_id":"06D1","precinct_name":"Fulton - 06D1","precinct_norm":"FULTON - 06D1","precinct_full_name":"Morningside Presbyterian Church, PCUSA","has_polygon":true},"geometry":{"type":"Point","coordinates":[-84.35198142947004,33.788895499999995]}},{"type":"Feature","properties":{"id":"2020-2321","county_nam":"Fulton","county_norm":"FULTON","prec_id":"06D2","precinct_name":"Fulton - 06D2","precinct_norm":"FULTON - 06D2","precinct_full_name":"Morningside Presbyterian Church, PCUSA","has_polygon":true},"geometry":{"type":"Point","coordinates":[-84.35795564239281,33.800348]}},{"type":"Feature","properties":{"id":"2020-2322","county_nam":"Fulton","county_norm":"FULTON","prec_id":"06D","precinct_name":"Fulton - 06D","precinct_norm":"FULTON - 06D","precinct_full_name":"Morningside Baptist Church Gym","has_polygon":true},"geometry":{"type":"Point","coordinates":[-84.35747054936,33.8129375]}},{"type":"Feature","properties":{"id":"2020-2323","county_nam":"Dekalb","county_norm":"DEKALB","prec_id":"MB","precinct_name":"Dekalb - MB","precinct_norm":"DEKALB - MB","precinct_full_name":"Mcnair High","has_polygon":true},"geometry":{"type":"Point","coordinates":[-84.33946119869063,33.712053499999996]}},{"type":"Feature","properties":{"id":"2020-2324","county_nam":"Dekalb","county_norm":"DEKALB","prec_id":"ML","precinct_name":"Dekalb - ML","precinct_norm":"DEKALB - ML","precinct_full_name":"Meadowview","has_polygon":true},"geometry":{"type":"Point","coordinates":[-84.335389725,33.686167]}},{"type":"Feature","properties":{"id":"2020-2325","county_nam":"Rockdale","county_norm":"ROCKDALE","prec_id":"CO","precinct_name":"Rockdale - CO","precinct_norm":"ROCKDALE - CO","precinct_full_name":"Conyers","has_polygon":true},"geometry":{"type":"Point","coordinates":[-84.02404003769166,33.674841]}},{"type":"Feature","properties":{"id":"2020-2326","county_nam":"Dekalb","county_norm":"DEKALB","prec_id":"MZ","precinct_name":"Dekalb - MZ","precinct_norm":"DEKALB - MZ","precinct_full_name":"Miller Grove High","has_polygon":true},"geometry":{"type":"Point","coordinates":[-84.13754112168644,33.7104545]}},{"type":"Feature","properties":{"id":"2020-2327","county_nam":"Dekalb","county_norm":"DEKALB","prec_id":"WD","precinct_name":"Dekalb - WD","precinct_norm":"DEKALB - WD","precinct_full_name":"Woodrow Road","has_polygon":true},"geometry":{"type":"Point","coordinates":[-84.13300818290111,33.6894995]}},{"type":"Feature","properties":{"id":"2020-2328","county_nam":"Dekalb","county_norm":"DEKALB","prec_id":"LH","precinct_name":"Dekalb - LH","precinct_norm":"DEKALB - LH","precinct_full_name":"Lithonia High","has_polygon":true},"geometry":{"type":"Point","coordinates":[-84.12954496859366,33.7207415]}},{"type":"Feature","properties":{"id":"2020-2329","county_nam":"Dekalb","county_norm":"DEKALB","prec_id":"RH","precinct_name":"Dekalb - RH","precinct_norm":"DEKALB - RH","precinct_full_name":"Redan-Trotti Library","has_polygon":true},"geometry":{"type":"Point","coordinates":[-84.12887524430985,33.736395]}},{"type":"Feature","properties":{"id":"2020-2330","county_nam":"Dekalb","county_norm":"DEKALB","prec_id":"LD","precinct_name":"Dekalb - LD","precinct_norm":"DEKALB - LD","precinct_full_name":"Lithonia (Lit)","has_polygon":true},"geometry":{"type":"Point","coordinates":[-84.10559733585211,33.711723]}},{"type":"Feature","properties":{"id":"2020-2331","county_nam":"Fulton","county_norm":"FULTON","prec_id":"08K","precinct_name":"Fulton - 08K","precinct_norm":"FULTON - 08K","precinct_full_name":"Northside Church","has_polygon":true},"geometry":{"type":"Point","coordinates":[-84.40441950140824,33.8108815]}},{"type":"Feature","properties":{"id":"2020-2332","county_nam":"Fulton","county_norm":"FULTON","prec_id":"08L","precinct_name":"Fulton - 08L","precinct_norm":"FULTON - 08L","precinct_full_name":"Christ Church Presbyterian, PCA","has_polygon":true},"geometry":{"type":"Point","coordinates":[-84.39786181551088,33.80807849999999]}},{"type":"Feature","properties":{"id":"2020-2333","county_nam":"Fulton","county_norm":"FULTON","prec_id":"02W","precinct_name":"Fulton - 02W","precinct_norm":"FULTON - 02W","precinct_full_name":"Peachtree Christian Church","has_polygon":true},"geometry":{"type":"Point","coordinates":[-84.38930616985857,33.789744]}},{"type":"Feature","properties":{"id":"2020-2334","county_nam":"Fulton","county_norm":"FULTON","prec_id":"03F","precinct_name":"Fulton - 03F","precinct_norm":"FULTON - 03F","precinct_full_name":"Peachtree Christian Church","has_polygon":true},"geometry":{"type":"Point","coordinates":[-84.3937726125506,33.7927485]}},{"type":"Feature","properties":{"id":"2020-2335","county_nam":"Fulton","county_norm":"FULTON","prec_id":"02A1","precinct_name":"Fulton - 02A1","precinct_norm":"FULTON - 02A1","precinct_full_name":"02A1","has_polygon":true},"geometry":{"type":"Point","coordinates":[-84.3854944812102,33.7842535]}},{"type":"Feature","properties":{"id":"2020-2336","county_nam":"Fulton","county_norm":"FULTON","prec_id":"06R","precinct_name":"Fulton - 06R","precinct_norm":"FULTON - 06R","precinct_full_name":"Peachtree Christian Church","has_polygon":true},"geometry":{"type":"Point","coordinates":[-84.38141924968463,33.790608000000006]}},{"type":"Feature","properties":{"id":"2020-2337","county_nam":"Fulton","county_norm":"FULTON","prec_id":"02A","precinct_name":"Fulton - 02A","precinct_norm":"FULTON - 02A","precinct_full_name":"Piedmont Park Magnolia Hall","has_polygon":true},"geometry":{"type":"Point","coordinates":[-84.38105072345132,33.7842535]}},{"type":"Feature","properties":{"id":"2020-2338","county_nam":"Fulton","county_norm":"FULTON","prec_id":"06N","precinct_name":"Fulton - 06N","precinct_norm":"FULTON - 06N","precinct_full_name":"Second Ponce De Leon Baptist Church","has_polygon":true},"geometry":{"type":"Point","coordinates":[-84.38717476214215,33.807545]}},{"type":"Feature","properties":{"id":"2020-2339","county_nam":"Fulton","county_norm":"FULTON","prec_id":"06L2","precinct_name":"Fulton - 06L2","precinct_norm":"FULTON - 06L2","precinct_full_name":"Christ Church Presbyterian, PCA","has_polygon":true},"geometry":{"type":"Point","coordinates":[-84.38047467013689,33.804608]}},{"type":"Feature","properties":{"id":"2020-2340","county_nam":"Fulton","county_norm":"FULTON","prec_id":"02S","precinct_name":"Fulton - 02S","precinct_norm":"FULTON - 02S","precinct_full_name":"David T. Howard Middle School","has_polygon":true},"geometry":{"type":"Point","coordinates":[-84.37297422592724,33.7556575]}},{"type":"Feature","properties":{"id":"2020-2341","county_nam":"Fulton","county_norm":"FULTON","prec_id":"05J","precinct_name":"Fulton - 05J","precinct_norm":"FULTON - 05J","precinct_full_name":"David T. Howard Middle School","has_polygon":true},"geometry":{"type":"Point","coordinates":[-84.37492306230695,33.762676]}},{"type":"Feature","properties":{"id":"2020-2342","county_nam":"Clayton","county_norm":"CLAYTON","prec_id":"LC1","precinct_name":"Clayton - LC1","precinct_norm":"CLAYTON - LC1","precinct_full_name":"Lake City","has_polygon":true},"geometry":{"type":"Point","coordinates":[-84.32623639848049,33.6024825]}},{"type":"Feature","properties":{"id":"2020-2343","county_nam":"Clayton","county_norm":"CLAYTON","prec_id":"MO4","precinct_name":"Clayton - MO4","precinct_norm":"CLAYTON - MO4","precinct_full_name":"Morrow 4","has_polygon":true},"geometry":{"type":"Point","coordinates":[-84.31396534727479,33.568540999999996]}},{"type":"Feature","properties":{"id":"2020-2344","county_nam":"Clayton","county_norm":"CLAYTON","prec_id":"MO9","precinct_name":"Clayton - MO9","precinct_norm":"CLAYTON - MO9","precinct_full_name":"Morrow 9","has_polygon":true},"geometry":{"type":"Point","coordinates":[-84.29632496399594,33.564563]}},{"type":"Feature","properties":{"id":"2020-2345","county_nam":"Clayton","county_norm":"CLAYTON","prec_id":"MO6","precinct_name":"Clayton - MO6","precinct_norm":"CLAYTON - MO6","precinct_full_name":"Morrow 6","has_polygon":true},"geometry":{"type":"Point","coordinates":[-84.27939914810462,33.579758999999996]}},{"type":"Feature","properties":{"id":"2020-2346","county_nam":"Clayton","county_norm":"CLAYTON","prec_id":"MO11","precinct_name":"Clayton - MO11","precinct_norm":"CLAYTON - MO11","precinct_full_name":"Morrow 11","has_polygon":true},"geometry":{"type":"Point","coordinates":[-84.30569195691419,33.5999965]}},{"type":"Feature","properties":{"id":"2020-2347","county_nam":"Clayton","county_norm":"CLAYTON","prec_id":"EW1","precinct_name":"Clayton - EW1","precinct_norm":"CLAYTON - EW1","precinct_full_name":"Ellenwood 1","has_polygon":true},"geometry":{"type":"Point","coordinates":[-84.30076721364459,33.6186855]}},{"type":"Feature","properties":{"id":"2020-2348","county_nam":"Dekalb","county_norm":"DEKALB","prec_id":"CM","precinct_name":"Dekalb - CM","precinct_norm":"DEKALB - CM","precinct_full_name":"Columbia Middle","has_polygon":true},"geometry":{"type":"Point","coordinates":[-84.25988020463247,33.7076505]}},{"type":"Feature","properties":{"id":"2020-2349","county_nam":"Dekalb","county_norm":"DEKALB","prec_id":"TC","precinct_name":"Dekalb - TC","precinct_norm":"DEKALB - TC","precinct_full_name":"Toney Elementary","has_polygon":true},"geometry":{"type":"Point","coordinates":[-84.2724282825871,33.7260775]}},{"type":"Feature","properties":{"id":"2020-2350","county_nam":"Dekalb","county_norm":"DEKALB","prec_id":"KE","precinct_name":"Dekalb - KE","precinct_norm":"DEKALB - KE","precinct_full_name":"Knollwood","has_polygon":true},"geometry":{"type":"Point","coordinates":[-84.2703697005571,33.746454]}},{"type":"Feature","properties":{"id":"2020-2351","county_nam":"Dekalb","county_norm":"DEKALB","prec_id":"WA","precinct_name":"Dekalb - WA","precinct_norm":"DEKALB - WA","precinct_full_name":"Wadsworth","has_polygon":true},"geometry":{"type":"Point","coordinates":[-84.2588421109227,33.727916500000006]}},{"type":"Feature","properties":{"id":"2020-2352","county_nam":"Dekalb","county_norm":"DEKALB","prec_id":"SG","precinct_name":"Dekalb - SG","precinct_norm":"DEKALB - SG","precinct_full_name":"Snapfinger Elementary","has_polygon":true},"geometry":{"type":"Point","coordinates":[-84.24587749483871,33.723848000000004]}},{"type":"Feature","properties":{"id":"2020-2353","county_nam":"Dekalb","county_norm":"DEKALB","prec_id":"PA","precinct_name":"Dekalb - PA","precinct_norm":"DEKALB - PA","precinct_full_name":"Peachcrest","has_polygon":true},"geometry":{"type":"Point","coordinates":[-84.24612392851299,33.7515225]}},{"type":"Feature","properties":{"id":"2020-2354","county_nam":"Dekalb","county_norm":"DEKALB","prec_id":"MR","precinct_name":"Dekalb - MR","precinct_norm":"DEKALB - MR","precinct_full_name":"Mathis-Bob Mathis Elementary","has_polygon":true},"geometry":{"type":"Point","coordinates":[-84.23812787236085,33.690106]}},{"type":"Feature","properties":{"id":"2020-2355","county_nam":"Dekalb","county_norm":"DEKALB","prec_id":"RA","precinct_name":"Dekalb - RA","precinct_norm":"DEKALB - RA","precinct_full_name":"Rainbow Elementary","has_polygon":true},"geometry":{"type":"Point","coordinates":[-84.2299381524498,33.705907499999995]}},{"type":"Feature","properties":{"id":"2020-2356","county_nam":"Dekalb","county_norm":"DEKALB","prec_id":"CV","precinct_name":"Dekalb - CV","precinct_norm":"DEKALB - CV","precinct_full_name":"Clairemont East (Decatur)","has_polygon":true},"geometry":{"type":"Point","coordinates":[-84.30497876763964,33.784414999999996]}},{"type":"Feature","properties":{"id":"2020-2357","county_nam":"Dekalb","county_norm":"DEKALB","prec_id":"WF","precinct_name":"Dekalb - WF","precinct_norm":"DEKALB - WF","precinct_full_name":"Winnona Park (Decatur)","has_polygon":true},"geometry":{"type":"Point","coordinates":[-84.28617712098179,33.761662]}},{"type":"Feature","properties":{"id":"2020-2358","county_nam":"Dekalb","county_norm":"DEKALB","prec_id":"GA","precinct_name":"Dekalb - GA","precinct_norm":"DEKALB - GA","precinct_full_name":"Glennwood (Decatur)","has_polygon":true},"geometry":{"type":"Point","coordinates":[-84.28822327062686,33.775627]}},{"type":"Feature","properties":{"id":"2020-2359","county_nam":"Dekalb","county_norm":"DEKALB","prec_id":"CI","precinct_name":"Dekalb - CI","precinct_norm":"DEKALB - CI","precinct_full_name":"Clairemont West (Decatur)","has_polygon":true},"geometry":{"type":"Point","coordinates":[-84.29091685676404,33.784600499999996]}},{"type":"Feature","properties":{"id":"2020-2360","county_nam":"Dekalb","county_norm":"DEKALB","prec_id":"SB","precinct_name":"Dekalb - SB","precinct_norm":"DEKALB - SB","precinct_full_name":"Scott","has_polygon":true},"geometry":{"type":"Point","coordinates":[-84.29676680328022,33.794559500000005]}},{"type":"Feature","properties":{"id":"2020-2361","county_nam":"Dekalb","county_norm":"DEKALB","prec_id":"CJ","precinct_name":"Dekalb - CJ","precinct_norm":"DEKALB - CJ","precinct_full_name":"Clairmont Road","has_polygon":true},"geometry":{"type":"Point","coordinates":[-84.29611060221393,33.8084085]}},{"type":"Feature","properties":{"id":"2020-2362","county_nam":"Dekalb","county_norm":"DEKALB","prec_id":"MG","precinct_name":"Dekalb - MG","precinct_norm":"DEKALB - MG","precinct_full_name":"Medlock","has_polygon":true},"geometry":{"type":"Point","coordinates":[-84.28885180387869,33.8003715]}},{"type":"Feature","properties":{"id":"2020-2363","county_nam":"Dekalb","county_norm":"DEKALB","prec_id":"FJ","precinct_name":"Dekalb - FJ","precinct_norm":"DEKALB - FJ","precinct_full_name":"Flat Shoals","has_polygon":true},"geometry":{"type":"Point","coordinates":[-84.27906132307692,33.700812]}},{"type":"Feature","properties":{"id":"2020-2364","county_nam":"Dekalb","county_norm":"DEKALB","prec_id":"FC","precinct_name":"Dekalb - FC","precinct_norm":"DEKALB - FC","precinct_full_name":"Flat Shoals Elementary","has_polygon":true},"geometry":{"type":"Point","coordinates":[-84.28724257961726,33.709398500000006]}},{"type":"Feature","properties":{"id":"2020-2365","county_nam":"Dekalb","county_norm":"DEKALB","prec_id":"MP","precinct_name":"Dekalb - MP","precinct_norm":"DEKALB - MP","precinct_full_name":"Mcnair Academy","has_polygon":true},"geometry":{"type":"Point","coordinates":[-84.30524069033598,33.729296500000004]}},{"type":"Feature","properties":{"id":"2020-2366","county_nam":"Dekalb","county_norm":"DEKALB","prec_id":"EA","precinct_name":"Dekalb - EA","precinct_norm":"DEKALB - EA","precinct_full_name":"East Lake (Atlanta)","has_polygon":true},"geometry":{"type":"Point","coordinates":[-84.30336941437415,33.746273]}},{"type":"Feature","properties":{"id":"2020-2367","county_nam":"Dekalb","county_norm":"DEKALB","prec_id":"MD","precinct_name":"Dekalb - MD","precinct_norm":"DEKALB - MD","precinct_full_name":"Mcnair","has_polygon":true},"geometry":{"type":"Point","coordinates":[-84.2959861779324,33.727063]}},{"type":"Feature","properties":{"id":"2020-2368","county_nam":"Dekalb","county_norm":"DEKALB","prec_id":"KA","precinct_name":"Dekalb - KA","precinct_norm":"DEKALB - KA","precinct_full_name":"Kelley Lake Elementary","has_polygon":true},"geometry":{"type":"Point","coordinates":[-84.2858579434136,33.720839]}},{"type":"Feature","properties":{"id":"2020-2369","county_nam":"Dekalb","county_norm":"DEKALB","prec_id":"CQ","precinct_name":"Dekalb - CQ","precinct_norm":"DEKALB - CQ","precinct_full_name":"Candler","has_polygon":true},"geometry":{"type":"Point","coordinates":[-84.27986215846047,33.741488000000004]}},{"type":"Feature","properties":{"id":"2020-2370","county_nam":"Dekalb","county_norm":"DEKALB","prec_id":"GC","precinct_name":"Dekalb - GC","precinct_norm":"DEKALB - GC","precinct_full_name":"Gresham Road","has_polygon":true},"geometry":{"type":"Point","coordinates":[-84.3171640616622,33.7141075]}},{"type":"Feature","properties":{"id":"2020-2371","county_nam":"Dekalb","county_norm":"DEKALB","prec_id":"BR","precinct_name":"Dekalb - BR","precinct_norm":"DEKALB - BR","precinct_full_name":"Burgess Elementary (Atlanta)","has_polygon":true},"geometry":{"type":"Point","coordinates":[-84.33353143281161,33.731109000000004]}},{"type":"Feature","properties":{"id":"2020-2372","county_nam":"Dekalb","county_norm":"DEKALB","prec_id":"MT","precinct_name":"Dekalb - MT","precinct_norm":"DEKALB - MT","precinct_full_name":"Metropolitan (Atlanta)","has_polygon":true},"geometry":{"type":"Point","coordinates":[-84.33893057819628,33.746058500000004]}},{"type":"Feature","properties":{"id":"2020-2373","county_nam":"Dekalb","county_norm":"DEKALB","prec_id":"PN","precinct_name":"Dekalb - PN","precinct_norm":"DEKALB - PN","precinct_full_name":"Piney Grove","has_polygon":true},"geometry":{"type":"Point","coordinates":[-84.3250626970684,33.731065]}},{"type":"Feature","properties":{"id":"2020-2374","county_nam":"Dekalb","county_norm":"DEKALB","prec_id":"TA","precinct_name":"Dekalb - TA","precinct_norm":"DEKALB - TA","precinct_full_name":"Terry Mill","has_polygon":true},"geometry":{"type":"Point","coordinates":[-84.31496369858652,33.729405]}},{"type":"Feature","properties":{"id":"2020-2375","county_nam":"Dekalb","county_norm":"DEKALB","prec_id":"CL","precinct_name":"Dekalb - CL","precinct_norm":"DEKALB - CL","precinct_full_name":"Clifton","has_polygon":true},"geometry":{"type":"Point","coordinates":[-84.29584332474627,33.695100499999995]}},{"type":"Feature","properties":{"id":"2020-2376","county_nam":"Dekalb","county_norm":"DEKALB","prec_id":"CR","precinct_name":"Dekalb - CR","precinct_norm":"DEKALB - CR","precinct_full_name":"Cedar Grove Middle","has_polygon":true},"geometry":{"type":"Point","coordinates":[-84.28765086629471,33.688952]}},{"type":"Feature","properties":{"id":"2020-2377","county_nam":"Fulton","county_norm":"FULTON","prec_id":"01P","precinct_name":"Fulton - 01P","precinct_norm":"FULTON - 01P","precinct_full_name":"Dobbs Elementary School","has_polygon":true},"geometry":{"type":"Point","coordinates":[-84.3543562953532,33.6908035]}},{"type":"Feature","properties":{"id":"2020-2378","county_nam":"Fulton","county_norm":"FULTON","prec_id":"01R","precinct_name":"Fulton - 01R","precinct_norm":"FULTON - 01R","precinct_full_name":"Thomasville Recreation Center","has_polygon":true},"geometry":{"type":"Point","coordinates":[-84.35913051263444,33.70296999999999]}},{"type":"Feature","properties":{"id":"2020-2379","county_nam":"Fulton","county_norm":"FULTON","prec_id":"01E","precinct_name":"Fulton - 01E","precinct_norm":"FULTON - 01E","precinct_full_name":"Grant Park Recreation Center","has_polygon":true},"geometry":{"type":"Point","coordinates":[-84.37407632059336,33.7341395]}},{"type":"Feature","properties":{"id":"2020-2380","county_nam":"Fulton","county_norm":"FULTON","prec_id":"01A","precinct_name":"Fulton - 01A","precinct_norm":"FULTON - 01A","precinct_full_name":"Parkside Elementary School","has_polygon":true},"geometry":{"type":"Point","coordinates":[-84.36383516029937,33.7360295]}},{"type":"Feature","properties":{"id":"2020-2381","county_nam":"Fulton","county_norm":"FULTON","prec_id":"05A1","precinct_name":"Fulton - 05A1","precinct_norm":"FULTON - 05A1","precinct_full_name":"Dad's Garage Theatre","has_polygon":true},"geometry":{"type":"Point","coordinates":[-84.36733210091221,33.747777]}},{"type":"Feature","properties":{"id":"2020-2382","county_nam":"Fulton","county_norm":"FULTON","prec_id":"01B","precinct_name":"Fulton - 01B","precinct_norm":"FULTON - 01B","precinct_full_name":"Ormewood Park Presbyterian Church","has_polygon":true},"geometry":{"type":"Point","coordinates":[-84.35669895925508,33.7281535]}},{"type":"Feature","properties":{"id":"2020-2383","county_nam":"Fulton","county_norm":"FULTON","prec_id":"12J","precinct_name":"Fulton - 12J","precinct_norm":"FULTON - 12J","precinct_full_name":"Rosel Fann Recreation Center","has_polygon":true},"geometry":{"type":"Point","coordinates":[-84.38840000824374,33.6663545]}},{"type":"Feature","properties":{"id":"2020-2384","county_nam":"Fulton","county_norm":"FULTON","prec_id":"12H2","precinct_name":"Fulton - 12H2","precinct_norm":"FULTON - 12H2","precinct_full_name":"John Birdine Neighborhood Center","has_polygon":true},"geometry":{"type":"Point","coordinates":[-84.38581987767756,33.6851915]}},{"type":"Feature","properties":{"id":"2020-2385","county_nam":"Clayton","county_norm":"CLAYTON","prec_id":"FP2","precinct_name":"Clayton - FP2","precinct_norm":"CLAYTON - FP2","precinct_full_name":"Forest Park 2","has_polygon":true},"geometry":{"type":"Point","coordinates":[-84.35060721752559,33.633304499999994]}},{"type":"Feature","properties":{"id":"2020-2386","county_nam":"Fulton","county_norm":"FULTON","prec_id":"12M","precinct_name":"Fulton - 12M","precinct_norm":"FULTON - 12M","precinct_full_name":"Rosel Fann Recreation Center","has_polygon":true},"geometry":{"type":"Point","coordinates":[-84.36495853916495,33.6651045]}},{"type":"Feature","properties":{"id":"2020-2387","county_nam":"Clayton","county_norm":"CLAYTON","prec_id":"MO2","precinct_name":"Clayton - MO2","precinct_norm":"CLAYTON - MO2","precinct_full_name":"Morrow 2","has_polygon":true},"geometry":{"type":"Point","coordinates":[-84.33531310110769,33.584032]}},{"type":"Feature","properties":{"id":"2020-2388","county_nam":"Clayton","county_norm":"CLAYTON","prec_id":"MO7","precinct_name":"Clayton - MO7","precinct_norm":"CLAYTON - MO7","precinct_full_name":"Morrow 7","has_polygon":true},"geometry":{"type":"Point","coordinates":[-84.31239881846659,33.5777155]}},{"type":"Feature","properties":{"id":"2020-2389","county_nam":"Clayton","county_norm":"CLAYTON","prec_id":"MO3","precinct_name":"Clayton - MO3","precinct_norm":"CLAYTON - MO3","precinct_full_name":"Morrow 3","has_polygon":true},"geometry":{"type":"Point","coordinates":[-84.31168934035625,33.5902335]}},{"type":"Feature","properties":{"id":"2020-2390","county_nam":"Fulton","county_norm":"FULTON","prec_id":"01G","precinct_name":"Fulton - 01G","precinct_norm":"FULTON - 01G","precinct_full_name":"Fanplex","has_polygon":true},"geometry":{"type":"Point","coordinates":[-84.38327264996953,33.7284885]}},{"type":"Feature","properties":{"id":"2020-2391","county_nam":"Fulton","county_norm":"FULTON","prec_id":"01D","precinct_name":"Fulton - 01D","precinct_norm":"FULTON - 01D","precinct_full_name":"Grant Park Recreation Center","has_polygon":true},"geometry":{"type":"Point","coordinates":[-84.38683632447467,33.737186]}},{"type":"Feature","properties":{"id":"2020-2392","county_nam":"Fulton","county_norm":"FULTON","prec_id":"01H","precinct_name":"Fulton - 01H","precinct_norm":"FULTON - 01H","precinct_full_name":"Liberty Baptist Church","has_polygon":true},"geometry":{"type":"Point","coordinates":[-84.38410883589866,33.7446525]}},{"type":"Feature","properties":{"id":"2020-2393","county_nam":"Fulton","county_norm":"FULTON","prec_id":"05B","precinct_name":"Fulton - 05B","precinct_norm":"FULTON - 05B","precinct_full_name":"Liberty Baptist Church","has_polygon":true},"geometry":{"type":"Point","coordinates":[-84.37864474217925,33.750605]}},{"type":"Feature","properties":{"id":"2020-2394","county_nam":"Fulton","county_norm":"FULTON","prec_id":"01S","precinct_name":"Fulton - 01S","precinct_norm":"FULTON - 01S","precinct_full_name":"Dobbs Elementary School","has_polygon":true},"geometry":{"type":"Point","coordinates":[-84.36532798920862,33.6877365]}},{"type":"Feature","properties":{"id":"2020-2395","county_nam":"Fulton","county_norm":"FULTON","prec_id":"01C","precinct_name":"Fulton - 01C","precinct_norm":"FULTON - 01C","precinct_full_name":"Dobbs Elementary School","has_polygon":true},"geometry":{"type":"Point","coordinates":[-84.37683477488152,33.70946]}},{"type":"Feature","properties":{"id":"2020-2396","county_nam":"Fulton","county_norm":"FULTON","prec_id":"01T","precinct_name":"Fulton - 01T","precinct_norm":"FULTON - 01T","precinct_full_name":"Thomasville Recreation Center","has_polygon":true},"geometry":{"type":"Point","coordinates":[-84.36162418362055,33.711856]}},{"type":"Feature","properties":{"id":"2020-2397","county_nam":"Dekalb","county_norm":"DEKALB","prec_id":"KC","precinct_name":"Dekalb - KC","precinct_norm":"DEKALB - KC","precinct_full_name":"Kelley Chapel Road","has_polygon":true},"geometry":{"type":"Point","coordinates":[-84.22237838089188,33.689575500000004]}},{"type":"Feature","properties":{"id":"2020-2398","county_nam":"Dekalb","county_norm":"DEKALB","prec_id":"CA","precinct_name":"Dekalb - CA","precinct_norm":"DEKALB - CA","precinct_full_name":"Columbia Drive","has_polygon":true},"geometry":{"type":"Point","coordinates":[-84.23790049873026,33.7286625]}},{"type":"Feature","properties":{"id":"2020-2399","county_nam":"Dekalb","county_norm":"DEKALB","prec_id":"AF","precinct_name":"Dekalb - AF","precinct_norm":"DEKALB - AF","precinct_full_name":"Austin Drive","has_polygon":true},"geometry":{"type":"Point","coordinates":[-84.2369679126188,33.749055]}},{"type":"Feature","properties":{"id":"2020-2400","county_nam":"Dekalb","county_norm":"DEKALB","prec_id":"CB","precinct_name":"Dekalb - CB","precinct_norm":"DEKALB - CB","precinct_full_name":"Canby Lane Elementary","has_polygon":true},"geometry":{"type":"Point","coordinates":[-84.22750353800205,33.7184115]}},{"type":"Feature","properties":{"id":"2020-2401","county_nam":"Dekalb","county_norm":"DEKALB","prec_id":"SR","precinct_name":"Dekalb - SR","precinct_norm":"DEKALB - SR","precinct_full_name":"Snapfinger Road N","has_polygon":true},"geometry":{"type":"Point","coordinates":[-84.2226931060741,33.730436]}},{"type":"Feature","properties":{"id":"2020-2402","county_nam":"Dekalb","county_norm":"DEKALB","prec_id":"GF","precinct_name":"Dekalb - GF","precinct_norm":"DEKALB - GF","precinct_full_name":"Glenwood Road","has_polygon":true},"geometry":{"type":"Point","coordinates":[-84.21700972877983,33.741516000000004]}},{"type":"Feature","properties":{"id":"2020-2403","county_nam":"Dekalb","county_norm":"DEKALB","prec_id":"GB","precinct_name":"Dekalb - GB","precinct_norm":"DEKALB - GB","precinct_full_name":"Glenhaven","has_polygon":true},"geometry":{"type":"Point","coordinates":[-84.21487096615435,33.7529425]}},{"type":"Feature","properties":{"id":"2020-2404","county_nam":"Dekalb","county_norm":"DEKALB","prec_id":"AI","precinct_name":"Dekalb - AI","precinct_norm":"DEKALB - AI","precinct_full_name":"Avondale High","has_polygon":true},"geometry":{"type":"Point","coordinates":[-84.27429712755878,33.7615105]}},{"type":"Feature","properties":{"id":"2020-2405","county_nam":"Dekalb","county_norm":"DEKALB","prec_id":"CN","precinct_name":"Dekalb - CN","precinct_norm":"DEKALB - CN","precinct_full_name":"Coan Recreation Center (Atlanta)","has_polygon":true},"geometry":{"type":"Point","coordinates":[-84.33917147055837,33.755958]}},{"type":"Feature","properties":{"id":"2020-2406","county_nam":"Dekalb","county_norm":"DEKALB","prec_id":"CX","precinct_name":"Dekalb - CX","precinct_norm":"DEKALB - CX","precinct_full_name":"Candler Park (Atlanta)","has_polygon":true},"geometry":{"type":"Point","coordinates":[-84.32932981810947,33.766819]}},{"type":"Feature","properties":{"id":"2020-2407","county_nam":"Dekalb","county_norm":"DEKALB","prec_id":"LE","precinct_name":"Dekalb - LE","precinct_norm":"DEKALB - LE","precinct_full_name":"Lin-Mary Lin Elementary (Atlanta)","has_polygon":true},"geometry":{"type":"Point","coordinates":[-84.34254608816914,33.773851]}},{"type":"Feature","properties":{"id":"2020-2408","county_nam":"Dekalb","county_norm":"DEKALB","prec_id":"BB","precinct_name":"Dekalb - BB","precinct_norm":"DEKALB - BB","precinct_full_name":"Boulevard (Atlanta)","has_polygon":true},"geometry":{"type":"Point","coordinates":[-84.32069128667106,33.7562275]}},{"type":"Feature","properties":{"id":"2020-2409","county_nam":"Dekalb","county_norm":"DEKALB","prec_id":"FB","precinct_name":"Dekalb - FB","precinct_norm":"DEKALB - FB","precinct_full_name":"Fernbank Elementary","has_polygon":true},"geometry":{"type":"Point","coordinates":[-84.32183656714253,33.777392500000005]}},{"type":"Feature","properties":{"id":"2020-2410","county_nam":"Dekalb","county_norm":"DEKALB","prec_id":"EG","precinct_name":"Dekalb - EG","precinct_norm":"DEKALB - EG","precinct_full_name":"Emory South","has_polygon":true},"geometry":{"type":"Point","coordinates":[-84.33862213423765,33.791050999999996]}},{"type":"Feature","properties":{"id":"2020-2411","county_nam":"Dekalb","county_norm":"DEKALB","prec_id":"JA","precinct_name":"Dekalb - JA","precinct_norm":"DEKALB - JA","precinct_full_name":"Johnson Estates (Atlanta)","has_polygon":true},"geometry":{"type":"Point","coordinates":[-84.34414682001336,33.7979825]}},{"type":"Feature","properties":{"id":"2020-2412","county_nam":"Fulton","county_norm":"FULTON","prec_id":"02G","precinct_name":"Fulton - 02G","precinct_norm":"FULTON - 02G","precinct_full_name":"Helene Mills Senior Center","has_polygon":true},"geometry":{"type":"Point","coordinates":[-84.36675128209748,33.75872]}},{"type":"Feature","properties":{"id":"2020-2413","county_nam":"Fulton","county_norm":"FULTON","prec_id":"02D","precinct_name":"Fulton - 02D","precinct_norm":"FULTON - 02D","precinct_full_name":"Helene Mills Senior Center","has_polygon":true},"geometry":{"type":"Point","coordinates":[-84.36885384374021,33.766077499999994]}},{"type":"Feature","properties":{"id":"2020-2414","county_nam":"Fulton","county_norm":"FULTON","prec_id":"02F2","precinct_name":"Fulton - 02F2","precinct_norm":"FULTON - 02F2","precinct_full_name":"The Church On Ponce & Highland","has_polygon":true},"geometry":{"type":"Point","coordinates":[-84.36972409345049,33.7724275]}},{"type":"Feature","properties":{"id":"2020-2415","county_nam":"Fulton","county_norm":"FULTON","prec_id":"02J","precinct_name":"Fulton - 02J","precinct_norm":"FULTON - 02J","precinct_full_name":"Park Tavern","has_polygon":true},"geometry":{"type":"Point","coordinates":[-84.37372657463979,33.7784255]}},{"type":"Feature","properties":{"id":"2020-2416","county_nam":"Fulton","county_norm":"FULTON","prec_id":"06G","precinct_name":"Fulton - 06G","precinct_norm":"FULTON - 06G","precinct_full_name":"Park Tavern","has_polygon":true},"geometry":{"type":"Point","coordinates":[-84.36782329711694,33.7774765]}},{"type":"Feature","properties":{"id":"2020-2417","county_nam":"Fulton","county_norm":"FULTON","prec_id":"06B","precinct_name":"Fulton - 06B","precinct_norm":"FULTON - 06B","precinct_full_name":"Virginia-Highland Elementary","has_polygon":true},"geometry":{"type":"Point","coordinates":[-84.36213653069805,33.7774765]}},{"type":"Feature","properties":{"id":"2020-2418","county_nam":"Fulton","county_norm":"FULTON","prec_id":"02E","precinct_name":"Fulton - 02E","precinct_norm":"FULTON - 02E","precinct_full_name":"Little 5 Point Community Center","has_polygon":true},"geometry":{"type":"Point","coordinates":[-84.35432389600739,33.760076]}},{"type":"Feature","properties":{"id":"2020-2419","county_nam":"Fulton","county_norm":"FULTON","prec_id":"02F1","precinct_name":"Fulton - 02F1","precinct_norm":"FULTON - 02F1","precinct_full_name":"The Church On Ponce & Highland","has_polygon":true},"geometry":{"type":"Point","coordinates":[-84.3552377507767,33.768003]}},{"type":"Feature","properties":{"id":"2020-2420","county_nam":"Fulton","county_norm":"FULTON","prec_id":"06F","precinct_name":"Fulton - 06F","precinct_norm":"FULTON - 06F","precinct_full_name":"Ponce De Leon Library","has_polygon":true},"geometry":{"type":"Point","coordinates":[-84.35353818246432,33.7781555]}},{"type":"Feature","properties":{"id":"2020-2421","county_nam":"Fulton","county_norm":"FULTON","prec_id":"06L1","precinct_name":"Fulton - 06L1","precinct_norm":"FULTON - 06L1","precinct_full_name":"Christ Church Presbyterian, PCA","has_polygon":true},"geometry":{"type":"Point","coordinates":[-84.3795062728972,33.796082]}},{"type":"Feature","properties":{"id":"2020-2422","county_nam":"Dekalb","county_norm":"DEKALB","prec_id":"LV","precinct_name":"Dekalb - LV","precinct_norm":"DEKALB - LV","precinct_full_name":"Livsey Elementary","has_polygon":true},"geometry":{"type":"Point","coordinates":[-84.22357620694191,33.876491]}},{"type":"Feature","properties":{"id":"2020-2423","county_nam":"Dekalb","county_norm":"DEKALB","prec_id":"DB","precinct_name":"Dekalb - DB","precinct_norm":"DEKALB - DB","precinct_full_name":"Doraville South (Dor)","has_polygon":true},"geometry":{"type":"Point","coordinates":[-84.27735177819585,33.8925675]}},{"type":"Feature","properties":{"id":"2020-2424","county_nam":"Dekalb","county_norm":"DEKALB","prec_id":"DA","precinct_name":"Dekalb - DA","precinct_norm":"DEKALB - DA","precinct_full_name":"Doraville North (Dor)","has_polygon":true},"geometry":{"type":"Point","coordinates":[-84.27776179843045,33.91047450000001]}},{"type":"Feature","properties":{"id":"2020-2425","county_nam":"Dekalb","county_norm":"DEKALB","prec_id":"OB","precinct_name":"Dekalb - OB","precinct_norm":"DEKALB - OB","precinct_full_name":"Oakcliff Elementary","has_polygon":true},"geometry":{"type":"Point","coordinates":[-84.25826175293949,33.898594]}},{"type":"Feature","properties":{"id":"2020-2426","county_nam":"Dekalb","county_norm":"DEKALB","prec_id":"NF","precinct_name":"Dekalb - NF","precinct_norm":"DEKALB - NF","precinct_full_name":"North Peachtree (Dunwoody)","has_polygon":true},"geometry":{"type":"Point","coordinates":[-84.2760331464839,33.9340285]}},{"type":"Feature","properties":{"id":"2020-2427","county_nam":"Gwinnett","county_norm":"GWINNETT","prec_id":"037","precinct_name":"Gwinnett - 037","precinct_norm":"GWINNETT - 037","precinct_full_name":"Pinckneyville E","has_polygon":true},"geometry":{"type":"Point","coordinates":[-84.26103314488974,33.9436795]}},{"type":"Feature","properties":{"id":"2020-2428","county_nam":"Dekalb","county_norm":"DEKALB","prec_id":"EC","precinct_name":"Dekalb - EC","precinct_norm":"DEKALB - EC","precinct_full_name":"Embry Hills","has_polygon":true},"geometry":{"type":"Point","coordinates":[-84.23585287186444,33.88587149999999]}},{"type":"Feature","properties":{"id":"2020-2429","county_nam":"Dekalb","county_norm":"DEKALB","prec_id":"WL","precinct_name":"Dekalb - WL","precinct_norm":"DEKALB - WL","precinct_full_name":"Winters Chapel (Dunwoody)","has_polygon":true},"geometry":{"type":"Point","coordinates":[-84.27509345113953,33.9482865]}},{"type":"Feature","properties":{"id":"2020-2430","county_nam":"Gwinnett","county_norm":"GWINNETT","prec_id":"101","precinct_name":"Gwinnett - 101","precinct_norm":"GWINNETT - 101","precinct_full_name":"Pinckneyville U","has_polygon":true},"geometry":{"type":"Point","coordinates":[-84.26406976826027,33.9556075]}},{"type":"Feature","properties":{"id":"2020-2431","county_nam":"Gwinnett","county_norm":"GWINNETT","prec_id":"073","precinct_name":"Gwinnett - 073","precinct_norm":"GWINNETT - 073","precinct_full_name":"Pinckneyville P","has_polygon":true},"geometry":{"type":"Point","coordinates":[-84.25221452853881,33.9639315]}},{"type":"Feature","properties":{"id":"2020-2432","county_nam":"Gwinnett","county_norm":"GWINNETT","prec_id":"126","precinct_name":"Gwinnett - 126","precinct_norm":"GWINNETT - 126","precinct_full_name":"Pinckneyville A1","has_polygon":true},"geometry":{"type":"Point","coordinates":[-84.24819774860634,33.974717]}},{"type":"Feature","properties":{"id":"2020-2433","county_nam":"Fulton","county_norm":"FULTON","prec_id":"JC19","precinct_name":"Fulton - JC19","precinct_norm":"FULTON - JC19","precinct_full_name":"Barnswell Elementary","has_polygon":true},"geometry":{"type":"Point","coordinates":[-84.2591601418919,34.005881]}},{"type":"Feature","properties":{"id":"2020-2434","county_nam":"Fulton","county_norm":"FULTON","prec_id":"JC13A","precinct_name":"Fulton - JC13A","precinct_norm":"FULTON - JC13A","precinct_full_name":"Northeast Spruill Oaks Library","has_polygon":true},"geometry":{"type":"Point","coordinates":[-84.24470821644445,34.0038555]}},{"type":"Feature","properties":{"id":"2020-2435","county_nam":"Gwinnett","county_norm":"GWINNETT","prec_id":"022","precinct_name":"Gwinnett - 022","precinct_norm":"GWINNETT - 022","precinct_full_name":"Pinckneyville C","has_polygon":true},"geometry":{"type":"Point","coordinates":[-84.22916617386906,33.964832]}},{"type":"Feature","properties":{"id":"2020-2436","county_nam":"Gwinnett","county_norm":"GWINNETT","prec_id":"125","precinct_name":"Gwinnett - 125","precinct_norm":"GWINNETT - 125","precinct_full_name":"Pinckneyville Z","has_polygon":true},"geometry":{"type":"Point","coordinates":[-84.24102629476157,33.993905999999996]}},{"type":"Feature","properties":{"id":"2020-2437","county_nam":"Gwinnett","county_norm":"GWINNETT","prec_id":"062","precinct_name":"Gwinnett - 062","precinct_norm":"GWINNETT - 062","precinct_full_name":"Pinckneyville L","has_polygon":true},"geometry":{"type":"Point","coordinates":[-84.24637577192982,33.985509]}},{"type":"Feature","properties":{"id":"2020-2438","county_nam":"Fulton","county_norm":"FULTON","prec_id":"JC13B","precinct_name":"Fulton - JC13B","precinct_norm":"FULTON - JC13B","precinct_full_name":"Northeast Spruill Oaks Library","has_polygon":true},"geometry":{"type":"Point","coordinates":[-84.22920052362805,34.008477]}},{"type":"Feature","properties":{"id":"2020-2439","county_nam":"Gwinnett","county_norm":"GWINNETT","prec_id":"063","precinct_name":"Gwinnett - 063","precinct_norm":"GWINNETT - 063","precinct_full_name":"Pinckneyville M","has_polygon":true},"geometry":{"type":"Point","coordinates":[-84.21631475920262,33.9911125]}},{"type":"Feature","properties":{"id":"2020-2440","county_nam":"Fulton","county_norm":"FULTON","prec_id":"RW17","precinct_name":"Fulton - RW17","precinct_norm":"FULTON - RW17","precinct_full_name":"Esther Jackson Elementary School","has_polygon":true},"geometry":{"type":"Point","coordinates":[-84.32027307032237,34.011001]}},{"type":"Feature","properties":{"id":"2020-2441","county_nam":"Fulton","county_norm":"FULTON","prec_id":"RW04","precinct_name":"Fulton - RW04","precinct_norm":"FULTON - RW04","precinct_full_name":"East Roswell Branch Library","has_polygon":true},"geometry":{"type":"Point","coordinates":[-84.32025453713752,33.999829000000005]}},{"type":"Feature","properties":{"id":"2020-2442","county_nam":"Dekalb","county_norm":"DEKALB","prec_id":"KB","precinct_name":"Dekalb - KB","precinct_norm":"DEKALB - KB","precinct_full_name":"Kingsley Elementary (Dunwoody)","has_polygon":true},"geometry":{"type":"Point","coordinates":[-84.29340949209663,33.9508315]}},{"type":"Feature","properties":{"id":"2020-2443","county_nam":"Fulton","county_norm":"FULTON","prec_id":"SS01","precinct_name":"Fulton - SS01","precinct_norm":"FULTON - SS01","precinct_full_name":"Johns Creek Environmental Campus","has_polygon":true},"geometry":{"type":"Point","coordinates":[-84.2877401063368,33.9727245]}},{"type":"Feature","properties":{"id":"2020-2444","county_nam":"Fulton","county_norm":"FULTON","prec_id":"RW20","precinct_name":"Fulton - RW20","precinct_norm":"FULTON - RW20","precinct_full_name":"East Roswell Branch Library","has_polygon":true},"geometry":{"type":"Point","coordinates":[-84.30348219097888,33.9946245]}},{"type":"Feature","properties":{"id":"2020-2445","county_nam":"Fulton","county_norm":"FULTON","prec_id":"RW21","precinct_name":"Fulton - RW21","precinct_norm":"FULTON - RW21","precinct_full_name":"Johns Creek Environmental Campus","has_polygon":true},"geometry":{"type":"Point","coordinates":[-84.28134414651508,33.9872635]}},{"type":"Feature","properties":{"id":"2020-2446","county_nam":"Fulton","county_norm":"FULTON","prec_id":"RW22A","precinct_name":"Fulton - RW22A","precinct_norm":"FULTON - RW22A","precinct_full_name":"Hillside Elementary School","has_polygon":true},"geometry":{"type":"Point","coordinates":[-84.28613469212746,34.003887]}},{"type":"Feature","properties":{"id":"2020-2447","county_nam":"Fulton","county_norm":"FULTON","prec_id":"RW07A","precinct_name":"Fulton - RW07A","precinct_norm":"FULTON - RW07A","precinct_full_name":"Mimosa Elementary School","has_polygon":true},"geometry":{"type":"Point","coordinates":[-84.32587305898554,34.028008]}},{"type":"Feature","properties":{"id":"2020-2448","county_nam":"Fulton","county_norm":"FULTON","prec_id":"RW07B","precinct_name":"Fulton - RW07B","precinct_norm":"FULTON - RW07B","precinct_full_name":"Mimosa Elementary School","has_polygon":true},"geometry":{"type":"Point","coordinates":[-84.3258864480055,34.032033999999996]}},{"type":"Feature","properties":{"id":"2020-2449","county_nam":"Fulton","county_norm":"FULTON","prec_id":"AP03","precinct_name":"Fulton - AP03","precinct_norm":"FULTON - AP03","precinct_full_name":"Mimosa Elementary School","has_polygon":true},"geometry":{"type":"Point","coordinates":[-84.32588953768463,34.039606]}},{"type":"Feature","properties":{"id":"2020-2450","county_nam":"Dekalb","county_norm":"DEKALB","prec_id":"HB","precinct_name":"Dekalb - HB","precinct_norm":"DEKALB - HB","precinct_full_name":"Hawthorne Elementary","has_polygon":true},"geometry":{"type":"Point","coordinates":[-84.28040969924814,33.8643375]}},{"type":"Feature","properties":{"id":"2020-2451","county_nam":"Dekalb","county_norm":"DEKALB","prec_id":"AG","precinct_name":"Dekalb - AG","precinct_norm":"DEKALB - AG","precinct_full_name":"Ashford Dunwoody Road (Brookhaven)","has_polygon":true},"geometry":{"type":"Point","coordinates":[-84.33392192776581,33.8837565]}},{"type":"Feature","properties":{"id":"2020-2452","county_nam":"Dekalb","county_norm":"DEKALB","prec_id":"AH","precinct_name":"Dekalb - AH","precinct_norm":"DEKALB - AH","precinct_full_name":"Ashford Parkside (Brookhaven)","has_polygon":true},"geometry":{"type":"Point","coordinates":[-84.3305413592974,33.8953565]}},{"type":"Feature","properties":{"id":"2020-2453","county_nam":"Dekalb","county_norm":"DEKALB","prec_id":"MU","precinct_name":"Dekalb - MU","precinct_norm":"DEKALB - MU","precinct_full_name":"Montgomery Elementary (Brookhaven)","has_polygon":true},"geometry":{"type":"Point","coordinates":[-84.33461554900636,33.9111085]}},{"type":"Feature","properties":{"id":"2020-2454","county_nam":"Dekalb","county_norm":"DEKALB","prec_id":"KG","precinct_name":"Dekalb - KG","precinct_norm":"DEKALB - KG","precinct_full_name":"Kittredge Elementary (Brookhaven)","has_polygon":true},"geometry":{"type":"Point","coordinates":[-84.3198564321178,33.90711]}},{"type":"Feature","properties":{"id":"2020-2455","county_nam":"Dekalb","county_norm":"DEKALB","prec_id":"GD","precinct_name":"Dekalb - GD","precinct_norm":"DEKALB - GD","precinct_full_name":"Georgetown Sq (Dunwoody)","has_polygon":true},"geometry":{"type":"Point","coordinates":[-84.32643682527248,33.926596]}},{"type":"Feature","properties":{"id":"2020-2456","county_nam":"Dekalb","county_norm":"DEKALB","prec_id":"DF","precinct_name":"Dekalb - DF","precinct_norm":"DEKALB - DF","precinct_full_name":"Dunwoody (Dunwoody)","has_polygon":true},"geometry":{"type":"Point","coordinates":[-84.33774430027933,33.935038500000005]}},{"type":"Feature","properties":{"id":"2020-2457","county_nam":"Dekalb","county_norm":"DEKALB","prec_id":"MS","precinct_name":"Dekalb - MS","precinct_norm":"DEKALB - MS","precinct_full_name":"Mount Vernon West (Dunwoody)","has_polygon":true},"geometry":{"type":"Point","coordinates":[-84.32406166690683,33.943542]}},{"type":"Feature","properties":{"id":"2020-2458","county_nam":"Fulton","county_norm":"FULTON","prec_id":"07F","precinct_name":"Fulton - 07F","precinct_norm":"FULTON - 07F","precinct_full_name":"Cathedral Of Saint Philip","has_polygon":true},"geometry":{"type":"Point","coordinates":[-84.37100485437331,33.835872]}},{"type":"Feature","properties":{"id":"2020-2459","county_nam":"Fulton","county_norm":"FULTON","prec_id":"07D","precinct_name":"Fulton - 07D","precinct_norm":"FULTON - 07D","precinct_full_name":"Buckhead Library","has_polygon":true},"geometry":{"type":"Point","coordinates":[-84.36354090446642,33.8455895]}},{"type":"Feature","properties":{"id":"2020-2460","county_nam":"Fulton","county_norm":"FULTON","prec_id":"07N","precinct_name":"Fulton - 07N","precinct_norm":"FULTON - 07N","precinct_full_name":"Garden Hills Elementary","has_polygon":true},"geometry":{"type":"Point","coordinates":[-84.36322869682459,33.8289335]}},{"type":"Feature","properties":{"id":"2020-2461","county_nam":"Fulton","county_norm":"FULTON","prec_id":"07M","precinct_name":"Fulton - 07M","precinct_norm":"FULTON - 07M","precinct_full_name":"Don & Mary Ellen Harp Student Center At Peachtree Road United Methodist","has_polygon":true},"geometry":{"type":"Point","coordinates":[-84.35984158917978,33.8409795]}},{"type":"Feature","properties":{"id":"2020-2462","county_nam":"Fulton","county_norm":"FULTON","prec_id":"07E","precinct_name":"Fulton - 07E","precinct_norm":"FULTON - 07E","precinct_full_name":"Garden Hills Elementary","has_polygon":true},"geometry":{"type":"Point","coordinates":[-84.35299816867881,33.835118]}},{"type":"Feature","properties":{"id":"2020-2463","county_nam":"Fulton","county_norm":"FULTON","prec_id":"07A","precinct_name":"Fulton - 07A","precinct_norm":"FULTON - 07A","precinct_full_name":"Sarah Rawson Smith School","has_polygon":true},"geometry":{"type":"Point","coordinates":[-84.37209089167888,33.860482]}},{"type":"Feature","properties":{"id":"2020-2464","county_nam":"Fulton","county_norm":"FULTON","prec_id":"07C","precinct_name":"Fulton - 07C","precinct_norm":"FULTON - 07C","precinct_full_name":"Sara Smith Intermediate School","has_polygon":true},"geometry":{"type":"Point","coordinates":[-84.35413270657207,33.853663]}},{"type":"Feature","properties":{"id":"2020-2465","county_nam":"Fulton","county_norm":"FULTON","prec_id":"07B","precinct_name":"Fulton - 07B","precinct_norm":"FULTON - 07B","precinct_full_name":"St. James United Methodist Church","has_polygon":true},"geometry":{"type":"Point","coordinates":[-84.36019350221238,33.8699085]}},{"type":"Feature","properties":{"id":"2020-2466","county_nam":"Rockdale","county_norm":"ROCKDALE","prec_id":"OT","precinct_name":"Rockdale - OT","precinct_norm":"ROCKDALE - OT","precinct_full_name":"Olde Towne","has_polygon":true},"geometry":{"type":"Point","coordinates":[-84.02656164674994,33.656257]}},{"type":"Feature","properties":{"id":"2020-2467","county_nam":"Rockdale","county_norm":"ROCKDALE","prec_id":"MI","precinct_name":"Rockdale - MI","precinct_norm":"ROCKDALE - MI","precinct_full_name":"Milstead","has_polygon":true},"geometry":{"type":"Point","coordinates":[-83.95790616749257,33.658218500000004]}},{"type":"Feature","properties":{"id":"2020-2468","county_nam":"Dekalb","county_norm":"DEKALB","prec_id":"RL","precinct_name":"Dekalb - RL","precinct_norm":"DEKALB - RL","precinct_full_name":"Rock Chapel Road","has_polygon":true},"geometry":{"type":"Point","coordinates":[-84.07394149664066,33.7364815]}},{"type":"Feature","properties":{"id":"2020-2469","county_nam":"Rockdale","county_norm":"ROCKDALE","prec_id":"LA","precinct_name":"Rockdale - LA","precinct_norm":"ROCKDALE - LA","precinct_full_name":"The Lakes","has_polygon":true},"geometry":{"type":"Point","coordinates":[-84.0470401173308,33.697606]}},{"type":"Feature","properties":{"id":"2020-2470","county_nam":"Dekalb","county_norm":"DEKALB","prec_id":"RF","precinct_name":"Dekalb - RF","precinct_norm":"DEKALB - RF","precinct_full_name":"Rock Chapel Elementary","has_polygon":true},"geometry":{"type":"Point","coordinates":[-84.07893146750001,33.751864]}},{"type":"Feature","properties":{"id":"2020-2471","county_nam":"Dekalb","county_norm":"DEKALB","prec_id":"RI","precinct_name":"Dekalb - RI","precinct_norm":"DEKALB - RI","precinct_full_name":"Rockbridge Road","has_polygon":true},"geometry":{"type":"Point","coordinates":[-84.08537655121972,33.778921999999994]}},{"type":"Feature","properties":{"id":"2020-2472","county_nam":"Gwinnett","county_norm":"GWINNETT","prec_id":"122","precinct_name":"Gwinnett - 122","precinct_norm":"GWINNETT - 122","precinct_full_name":"Rockbridge G","has_polygon":true},"geometry":{"type":"Point","coordinates":[-84.05619523524604,33.7792515]}},{"type":"Feature","properties":{"id":"2020-2473","county_nam":"Gwinnett","county_norm":"GWINNETT","prec_id":"143","precinct_name":"Gwinnett - 143","precinct_norm":"GWINNETT - 143","precinct_full_name":"Lawrenceville L","has_polygon":true},"geometry":{"type":"Point","coordinates":[-84.01000727311936,33.9168765]}},{"type":"Feature","properties":{"id":"2020-2474","county_nam":"Gwinnett","county_norm":"GWINNETT","prec_id":"061","precinct_name":"Gwinnett - 061","precinct_norm":"GWINNETT - 061","precinct_full_name":"Lawrenceville E","has_polygon":true},"geometry":{"type":"Point","coordinates":[-84.00840746730555,33.946735000000004]}},{"type":"Feature","properties":{"id":"2020-2475","county_nam":"Gwinnett","county_norm":"GWINNETT","prec_id":"153","precinct_name":"Gwinnett - 153","precinct_norm":"GWINNETT - 153","precinct_full_name":"Lawrenceville N","has_polygon":true},"geometry":{"type":"Point","coordinates":[-84.00733110348061,33.93457]}},{"type":"Feature","properties":{"id":"2020-2476","county_nam":"Gwinnett","county_norm":"GWINNETT","prec_id":"016","precinct_name":"Gwinnett - 016","precinct_norm":"GWINNETT - 016","precinct_full_name":"Lawrenceville B","has_polygon":true},"geometry":{"type":"Point","coordinates":[-83.9859152303872,33.9165285]}},{"type":"Feature","properties":{"id":"2020-2477","county_nam":"Gwinnett","county_norm":"GWINNETT","prec_id":"078","precinct_name":"Gwinnett - 078","precinct_norm":"GWINNETT - 078","precinct_full_name":"Baycreek K","has_polygon":true},"geometry":{"type":"Point","coordinates":[-83.9728701166464,33.899879999999996]}},{"type":"Feature","properties":{"id":"2020-2478","county_nam":"Gwinnett","county_norm":"GWINNETT","prec_id":"015","precinct_name":"Gwinnett - 015","precinct_norm":"GWINNETT - 015","precinct_full_name":"Lawrenceville A","has_polygon":true},"geometry":{"type":"Point","coordinates":[-83.97915180556436,33.9408555]}},{"type":"Feature","properties":{"id":"2020-2479","county_nam":"Gwinnett","county_norm":"GWINNETT","prec_id":"097","precinct_name":"Gwinnett - 097","precinct_norm":"GWINNETT - 097","precinct_full_name":"Goodwins E","has_polygon":true},"geometry":{"type":"Point","coordinates":[-84.05860385493983,34.008621500000004]}},{"type":"Feature","properties":{"id":"2020-2480","county_nam":"Gwinnett","county_norm":"GWINNETT","prec_id":"110","precinct_name":"Gwinnett - 110","precinct_norm":"GWINNETT - 110","precinct_full_name":"Martins G","has_polygon":true},"geometry":{"type":"Point","coordinates":[-84.02907711658457,33.9528165]}},{"type":"Feature","properties":{"id":"2020-2481","county_nam":"Gwinnett","county_norm":"GWINNETT","prec_id":"124","precinct_name":"Gwinnett - 124","precinct_norm":"GWINNETT - 124","precinct_full_name":"Goodwins G","has_polygon":true},"geometry":{"type":"Point","coordinates":[-84.02735203150685,33.9762365]}},{"type":"Feature","properties":{"id":"2020-2482","county_nam":"Gwinnett","county_norm":"GWINNETT","prec_id":"149","precinct_name":"Gwinnett - 149","precinct_norm":"GWINNETT - 149","precinct_full_name":"Goodwins I","has_polygon":true},"geometry":{"type":"Point","coordinates":[-84.04903970494114,33.978753999999995]}},{"type":"Feature","properties":{"id":"2020-2483","county_nam":"Gwinnett","county_norm":"GWINNETT","prec_id":"006","precinct_name":"Gwinnett - 006","precinct_norm":"GWINNETT - 006","precinct_full_name":"Goodwins A","has_polygon":true},"geometry":{"type":"Point","coordinates":[-84.03470542045054,33.9861715]}},{"type":"Feature","properties":{"id":"2020-2484","county_nam":"Gwinnett","county_norm":"GWINNETT","prec_id":"128","precinct_name":"Gwinnett - 128","precinct_norm":"GWINNETT - 128","precinct_full_name":"Goodwins H","has_polygon":true},"geometry":{"type":"Point","coordinates":[-84.04761429101765,34.015564499999996]}},{"type":"Feature","properties":{"id":"2020-2485","county_nam":"Gwinnett","county_norm":"GWINNETT","prec_id":"083","precinct_name":"Gwinnett - 083","precinct_norm":"GWINNETT - 083","precinct_full_name":"Goodwins D","has_polygon":true},"geometry":{"type":"Point","coordinates":[-84.02703937459283,33.9975455]}},{"type":"Feature","properties":{"id":"2020-2486","county_nam":"Gwinnett","county_norm":"GWINNETT","prec_id":"053","precinct_name":"Gwinnett - 053","precinct_norm":"GWINNETT - 053","precinct_full_name":"Cates H","has_polygon":true},"geometry":{"type":"Point","coordinates":[-84.0226813816361,33.841569500000006]}},{"type":"Feature","properties":{"id":"2020-2487","county_nam":"Gwinnett","county_norm":"GWINNETT","prec_id":"046","precinct_name":"Gwinnett - 046","precinct_norm":"GWINNETT - 046","precinct_full_name":"Cates F","has_polygon":true},"geometry":{"type":"Point","coordinates":[-84.02805095370371,33.862979499999994]}},{"type":"Feature","properties":{"id":"2020-2488","county_nam":"Gwinnett","county_norm":"GWINNETT","prec_id":"047","precinct_name":"Gwinnett - 047","precinct_norm":"GWINNETT - 047","precinct_full_name":"Cates G","has_polygon":true},"geometry":{"type":"Point","coordinates":[-84.02760756615776,33.881464]}},{"type":"Feature","properties":{"id":"2020-2489","county_nam":"Gwinnett","county_norm":"GWINNETT","prec_id":"029","precinct_name":"Gwinnett - 029","precinct_norm":"GWINNETT - 029","precinct_full_name":"Cates B","has_polygon":true},"geometry":{"type":"Point","coordinates":[-84.06653159865886,33.893964]}},{"type":"Feature","properties":{"id":"2020-2490","county_nam":"Gwinnett","county_norm":"GWINNETT","prec_id":"079","precinct_name":"Gwinnett - 079","precinct_norm":"GWINNETT - 079","precinct_full_name":"Cates K","has_polygon":true},"geometry":{"type":"Point","coordinates":[-84.05203973025641,33.90486]}},{"type":"Feature","properties":{"id":"2020-2491","county_nam":"Gwinnett","county_norm":"GWINNETT","prec_id":"139","precinct_name":"Gwinnett - 139","precinct_norm":"GWINNETT - 139","precinct_full_name":"Martins K","has_polygon":true},"geometry":{"type":"Point","coordinates":[-84.06213509456929,33.914691000000005]}},{"type":"Feature","properties":{"id":"2020-2492","county_nam":"Gwinnett","county_norm":"GWINNETT","prec_id":"115","precinct_name":"Gwinnett - 115","precinct_norm":"GWINNETT - 115","precinct_full_name":"Martins H","has_polygon":true},"geometry":{"type":"Point","coordinates":[-84.06387934862147,33.933552500000005]}},{"type":"Feature","properties":{"id":"2020-2493","county_nam":"Forsyth","county_norm":"FORSYTH","prec_id":"16","precinct_name":"Forsyth - 16","precinct_norm":"FORSYTH - 16","precinct_full_name":"Otwell","has_polygon":true},"geometry":{"type":"Point","coordinates":[-84.13836563977748,34.253569999999996]}},{"type":"Feature","properties":{"id":"2020-2494","county_nam":"Forsyth","county_norm":"FORSYTH","prec_id":"05","precinct_name":"Forsyth - 05","precinct_norm":"FORSYTH - 05","precinct_full_name":"Coal Mountain","has_polygon":true},"geometry":{"type":"Point","coordinates":[-84.11877064687168,34.279061999999996]}},{"type":"Feature","properties":{"id":"2020-2495","county_nam":"Forsyth","county_norm":"FORSYTH","prec_id":"03","precinct_name":"Forsyth - 03","precinct_norm":"FORSYTH - 03","precinct_full_name":"Browns Bridge","has_polygon":true},"geometry":{"type":"Point","coordinates":[-84.03428559863417,34.2164355]}},{"type":"Feature","properties":{"id":"2020-2496","county_nam":"Gilmer","county_norm":"GILMER","prec_id":"10","precinct_name":"Gilmer - 10","precinct_norm":"GILMER - 10","precinct_full_name":"Ellijay North","has_polygon":true},"geometry":{"type":"Point","coordinates":[-84.48917520702426,34.7329145]}},{"type":"Feature","properties":{"id":"2020-2497","county_nam":"Gilmer","county_norm":"GILMER","prec_id":"09","precinct_name":"Gilmer - 09","precinct_norm":"GILMER - 09","precinct_full_name":"East Ellijay","has_polygon":true},"geometry":{"type":"Point","coordinates":[-84.47804527980591,34.6485625]}},{"type":"Feature","properties":{"id":"2020-2498","county_nam":"Gilmer","county_norm":"GILMER","prec_id":"13","precinct_name":"Gilmer - 13","precinct_norm":"GILMER - 13","precinct_full_name":"Ellijay Northeast","has_polygon":true},"geometry":{"type":"Point","coordinates":[-84.43244754864608,34.682831]}},{"type":"Feature","properties":{"id":"2020-2499","county_nam":"Gilmer","county_norm":"GILMER","prec_id":"07","precinct_name":"Gilmer - 07","precinct_norm":"GILMER - 07","precinct_full_name":"Boardtown","has_polygon":true},"geometry":{"type":"Point","coordinates":[-84.4519226130719,34.788399]}},{"type":"Feature","properties":{"id":"2020-2500","county_nam":"Fannin","county_norm":"FANNIN","prec_id":"SUGC","precinct_name":"Fannin - SUGC","precinct_norm":"FANNIN - SUGC","precinct_full_name":"Sugar Creek","has_polygon":true},"geometry":{"type":"Point","coordinates":[-84.36626135107119,34.8762205]}},{"type":"Feature","properties":{"id":"2020-2501","county_nam":"Fannin","county_norm":"FANNIN","prec_id":"FLIN","precinct_name":"Fannin - FLIN","precinct_norm":"FANNIN - FLIN","precinct_full_name":"Flinthill","has_polygon":true},"geometry":{"type":"Point","coordinates":[-84.38136895667992,34.944092]}},{"type":"Feature","properties":{"id":"2020-2502","county_nam":"Fannin","county_norm":"FANNIN","prec_id":"MINE","precinct_name":"Fannin - MINE","precinct_norm":"FANNIN - MINE","precinct_full_name":"Mineral Bluff","has_polygon":true},"geometry":{"type":"Point","coordinates":[-84.29700754047211,34.9314865]}},{"type":"Feature","properties":{"id":"2020-2503","county_nam":"Murray","county_norm":"MURRAY","prec_id":"824","precinct_name":"Murray - 824","precinct_norm":"MURRAY - 824","precinct_full_name":"Town","has_polygon":true},"geometry":{"type":"Point","coordinates":[-84.73505826234512,34.7760885]}},{"type":"Feature","properties":{"id":"2020-2504","county_nam":"Murray","county_norm":"MURRAY","prec_id":"1013","precinct_name":"Murray - 1013","precinct_norm":"MURRAY - 1013","precinct_full_name":"Mcdonald","has_polygon":true},"geometry":{"type":"Point","coordinates":[-84.6909925541237,34.85911350000001]}},{"type":"Feature","properties":{"id":"2020-2505","county_nam":"Whitfield","county_norm":"WHITFIELD","prec_id":"LT","precinct_name":"Whitfield - LT","precinct_norm":"WHITFIELD - LT","precinct_full_name":"Lower Tenth","has_polygon":true},"geometry":{"type":"Point","coordinates":[-84.87578878571429,34.887586]}},{"type":"Feature","properties":{"id":"2020-2506","county_nam":"Whitfield","county_norm":"WHITFIELD","prec_id":"UT","precinct_name":"Whitfield - UT","precinct_norm":"WHITFIELD - UT","precinct_full_name":"Upper Tenth","has_polygon":true},"geometry":{"type":"Point","coordinates":[-84.8716435492278,34.941221999999996]}},{"type":"Feature","properties":{"id":"2020-2507","county_nam":"Murray","county_norm":"MURRAY","prec_id":"874","precinct_name":"Murray - 874","precinct_norm":"MURRAY - 874","precinct_full_name":"North","has_polygon":true},"geometry":{"type":"Point","coordinates":[-84.73158535428955,34.9231085]}},{"type":"Feature","properties":{"id":"2020-2508","county_nam":"Gilmer","county_norm":"GILMER","prec_id":"03","precinct_name":"Gilmer - 03","precinct_norm":"GILMER - 03","precinct_full_name":"Tails Creek","has_polygon":true},"geometry":{"type":"Point","coordinates":[-84.60037660619949,34.688030499999996]}},{"type":"Feature","properties":{"id":"2020-2509","county_nam":"Gilmer","county_norm":"GILMER","prec_id":"08","precinct_name":"Gilmer - 08","precinct_norm":"GILMER - 08","precinct_full_name":"Mountaintown","has_polygon":true},"geometry":{"type":"Point","coordinates":[-84.54552086431411,34.791614]}},{"type":"Feature","properties":{"id":"2020-2510","county_nam":"Gilmer","county_norm":"GILMER","prec_id":"01","precinct_name":"Gilmer - 01","precinct_norm":"GILMER - 01","precinct_full_name":"Ellijay South","has_polygon":true},"geometry":{"type":"Point","coordinates":[-84.5080899421749,34.689882]}},{"type":"Feature","properties":{"id":"2020-2511","county_nam":"Fannin","county_norm":"FANNIN","prec_id":"HOTH","precinct_name":"Fannin - HOTH","precinct_norm":"FANNIN - HOTH","precinct_full_name":"Hothouse","has_polygon":true},"geometry":{"type":"Point","coordinates":[-84.31759508426966,34.956992]}},{"type":"Feature","properties":{"id":"2020-2512","county_nam":"Fannin","county_norm":"FANNIN","prec_id":"HEMP","precinct_name":"Fannin - HEMP","precinct_norm":"FANNIN - HEMP","precinct_full_name":"Hemptown","has_polygon":true},"geometry":{"type":"Point","coordinates":[-84.17928569036835,34.9078435]}},{"type":"Feature","properties":{"id":"2020-2513","county_nam":"Fannin","county_norm":"FANNIN","prec_id":"FAIR","precinct_name":"Fannin - FAIR","precinct_norm":"FANNIN - FAIR","precinct_full_name":"Fairplay","has_polygon":true},"geometry":{"type":"Point","coordinates":[-84.21584772352628,34.9522235]}},{"type":"Feature","properties":{"id":"2020-2514","county_nam":"Lincoln","county_norm":"LINCOLN","prec_id":"4-A","precinct_name":"Lincoln - 4-A","precinct_norm":"LINCOLN - 4-A","precinct_full_name":"Bethany Church","has_polygon":true},"geometry":{"type":"Point","coordinates":[-82.40712342431598,33.826331]}},{"type":"Feature","properties":{"id":"2020-2515","county_nam":"Elbert","county_norm":"ELBERT","prec_id":"196","precinct_name":"Elbert - 196","precinct_norm":"ELBERT - 196","precinct_full_name":"Moss-Ruckersville","has_polygon":true},"geometry":{"type":"Point","coordinates":[-82.78934187208549,34.1493745]}},{"type":"Feature","properties":{"id":"2020-2516","county_nam":"Elbert","county_norm":"ELBERT","prec_id":"199","precinct_name":"Elbert - 199","precinct_norm":"ELBERT - 199","precinct_full_name":"Gaines","has_polygon":true},"geometry":{"type":"Point","coordinates":[-82.79060597939424,34.233059]}},{"type":"Feature","properties":{"id":"2020-2517","county_nam":"Columbia","county_norm":"COLUMBIA","prec_id":"051","precinct_name":"Columbia - 051","precinct_norm":"COLUMBIA - 051","precinct_full_name":"Damascus Bapt Church","has_polygon":true},"geometry":{"type":"Point","coordinates":[-82.317983842442,33.660449]}},{"type":"Feature","properties":{"id":"2020-2518","county_nam":"Columbia","county_norm":"COLUMBIA","prec_id":"050","precinct_name":"Columbia - 050","precinct_norm":"COLUMBIA - 050","precinct_full_name":"Second Mount Carmel Baptist Church","has_polygon":true},"geometry":{"type":"Point","coordinates":[-82.25042675034076,33.626121]}},{"type":"Feature","properties":{"id":"2020-2519","county_nam":"Wilkes","county_norm":"WILKES","prec_id":"3B","precinct_name":"Wilkes - 3B","precinct_norm":"WILKES - 3B","precinct_full_name":"Rayle City Hall","has_polygon":true},"geometry":{"type":"Point","coordinates":[-82.92818248317528,33.7985085]}},{"type":"Feature","properties":{"id":"2020-2520","county_nam":"Oglethorpe","county_norm":"OGLETHORPE","prec_id":"LX","precinct_name":"Oglethorpe - LX","precinct_norm":"OGLETHORPE - LX","precinct_full_name":"Lexington","has_polygon":true},"geometry":{"type":"Point","coordinates":[-83.03984455579216,33.8664565]}},{"type":"Feature","properties":{"id":"2020-2521","county_nam":"Wilkes","county_norm":"WILKES","prec_id":"4B","precinct_name":"Wilkes - 4B","precinct_norm":"WILKES - 4B","precinct_full_name":"Tignall School Lunch Room","has_polygon":true},"geometry":{"type":"Point","coordinates":[-82.75416745416815,33.9007845]}},{"type":"Feature","properties":{"id":"2020-2522","county_nam":"Elbert","county_norm":"ELBERT","prec_id":"191","precinct_name":"Elbert - 191","precinct_norm":"ELBERT - 191","precinct_full_name":"Eliam","has_polygon":true},"geometry":{"type":"Point","coordinates":[-82.77924731103175,34.032393]}},{"type":"Feature","properties":{"id":"2020-2523","county_nam":"Elbert","county_norm":"ELBERT","prec_id":"190","precinct_name":"Elbert - 190","precinct_norm":"ELBERT - 190","precinct_full_name":"Longstreet","has_polygon":true},"geometry":{"type":"Point","coordinates":[-82.72311075375494,34.065959]}},{"type":"Feature","properties":{"id":"2020-2524","county_nam":"Elbert","county_norm":"ELBERT","prec_id":"192","precinct_name":"Elbert - 192","precinct_norm":"ELBERT - 192","precinct_full_name":"Petersburg","has_polygon":true},"geometry":{"type":"Point","coordinates":[-82.64375610510247,34.0182305]}},{"type":"Feature","properties":{"id":"2020-2525","county_nam":"Wilkes","county_norm":"WILKES","prec_id":"1","precinct_name":"Wilkes - 1","precinct_norm":"WILKES - 1","precinct_full_name":"Senior Citizen Cente","has_polygon":true},"geometry":{"type":"Point","coordinates":[-82.79002919093344,33.6746775]}},{"type":"Feature","properties":{"id":"2020-2526","county_nam":"Wilkes","county_norm":"WILKES","prec_id":"3A","precinct_name":"Wilkes - 3A","precinct_norm":"WILKES - 3A","precinct_full_name":"Edward B Pope Center","has_polygon":true},"geometry":{"type":"Point","coordinates":[-82.84799908583214,33.724346]}},{"type":"Feature","properties":{"id":"2020-2527","county_nam":"Wilkes","county_norm":"WILKES","prec_id":"4A","precinct_name":"Wilkes - 4A","precinct_norm":"WILKES - 4A","precinct_full_name":"Courthouse","has_polygon":true},"geometry":{"type":"Point","coordinates":[-82.81411857684553,33.7868035]}},{"type":"Feature","properties":{"id":"2020-2528","county_nam":"Habersham","county_norm":"HABERSHAM","prec_id":"01","precinct_name":"Habersham - 01","precinct_norm":"HABERSHAM - 01","precinct_full_name":"Habersham North","has_polygon":true},"geometry":{"type":"Point","coordinates":[-83.47948129635881,34.655016]}},{"type":"Feature","properties":{"id":"2020-2529","county_nam":"Hart","county_norm":"HART","prec_id":"5","precinct_name":"Hart - 5","precinct_norm":"HART - 5","precinct_full_name":"Reed Creek","has_polygon":true},"geometry":{"type":"Point","coordinates":[-82.92119844981752,34.43332650000001]}},{"type":"Feature","properties":{"id":"2020-2530","county_nam":"White","county_norm":"WHITE","prec_id":"101","precinct_name":"White - 101","precinct_norm":"WHITE - 101","precinct_full_name":"Town Creek","has_polygon":true},"geometry":{"type":"Point","coordinates":[-83.83626707946921,34.5991375]}},{"type":"Feature","properties":{"id":"2020-2531","county_nam":"White","county_norm":"WHITE","prec_id":"021","precinct_name":"White - 021","precinct_norm":"WHITE - 021","precinct_full_name":"Blue Ridge","has_polygon":true},"geometry":{"type":"Point","coordinates":[-83.84621885255007,34.674631500000004]}},{"type":"Feature","properties":{"id":"2020-2532","county_nam":"White","county_norm":"WHITE","prec_id":"091","precinct_name":"White - 091","precinct_norm":"WHITE - 091","precinct_full_name":"Tesnatee","has_polygon":true},"geometry":{"type":"Point","coordinates":[-83.7622171570572,34.670919999999995]}},{"type":"Feature","properties":{"id":"2020-2533","county_nam":"Hart","county_norm":"HART","prec_id":"7","precinct_name":"Hart - 7","precinct_norm":"HART - 7","precinct_full_name":"Shoal Creek","has_polygon":true},"geometry":{"type":"Point","coordinates":[-83.03622455123627,34.432885]}},{"type":"Feature","properties":{"id":"2020-2534","county_nam":"Hart","county_norm":"HART","prec_id":"2","precinct_name":"Hart - 2","precinct_norm":"HART - 2","precinct_full_name":"Hartwell","has_polygon":true},"geometry":{"type":"Point","coordinates":[-82.90804452774245,34.348415]}},{"type":"Feature","properties":{"id":"2020-2535","county_nam":"Hart","county_norm":"HART","prec_id":"4","precinct_name":"Hart - 4","precinct_norm":"HART - 4","precinct_full_name":"Cokesbury","has_polygon":true},"geometry":{"type":"Point","coordinates":[-82.83874,34.302848]}},{"type":"Feature","properties":{"id":"2020-2536","county_nam":"Hart","county_norm":"HART","prec_id":"6","precinct_name":"Hart - 6","precinct_norm":"HART - 6","precinct_full_name":"Bowersville","has_polygon":true},"geometry":{"type":"Point","coordinates":[-83.04687519776301,34.3695]}},{"type":"Feature","properties":{"id":"2020-2537","county_nam":"Elbert","county_norm":"ELBERT","prec_id":"189","precinct_name":"Elbert - 189","precinct_norm":"ELBERT - 189","precinct_full_name":"Elberton","has_polygon":true},"geometry":{"type":"Point","coordinates":[-82.86308332630193,34.105027]}},{"type":"Feature","properties":{"id":"2020-2538","county_nam":"Elbert","county_norm":"ELBERT","prec_id":"315","precinct_name":"Elbert - 315","precinct_norm":"ELBERT - 315","precinct_full_name":"Centerville","has_polygon":true},"geometry":{"type":"Point","coordinates":[-82.8945946993229,34.202475]}},{"type":"Feature","properties":{"id":"2020-2539","county_nam":"Hart","county_norm":"HART","prec_id":"8","precinct_name":"Hart - 8","precinct_norm":"HART - 8","precinct_full_name":"Bio","has_polygon":true},"geometry":{"type":"Point","coordinates":[-82.95795093451244,34.273127]}},{"type":"Feature","properties":{"id":"2020-2540","county_nam":"Franklin","county_norm":"FRANKLIN","prec_id":"2","precinct_name":"Franklin - 2","precinct_norm":"FRANKLIN - 2","precinct_full_name":"West Franklin","has_polygon":true},"geometry":{"type":"Point","coordinates":[-83.33966080954758,34.391819999999996]}},{"type":"Feature","properties":{"id":"2020-2541","county_nam":"Franklin","county_norm":"FRANKLIN","prec_id":"1","precinct_name":"Franklin - 1","precinct_norm":"FRANKLIN - 1","precinct_full_name":"Carnesville","has_polygon":true},"geometry":{"type":"Point","coordinates":[-83.2503200277182,34.381545]}},{"type":"Feature","properties":{"id":"2020-2542","county_nam":"Stephens","county_norm":"STEPHENS","prec_id":"SC1","precinct_name":"Stephens - SC1","precinct_norm":"STEPHENS - SC1","precinct_full_name":"Stephens County 1","has_polygon":true},"geometry":{"type":"Point","coordinates":[-83.27944143727188,34.574248999999995]}},{"type":"Feature","properties":{"id":"2020-2543","county_nam":"Madison","county_norm":"MADISON","prec_id":"FOR","precinct_name":"Madison - FOR","precinct_norm":"MADISON - FOR","precinct_full_name":"Fork","has_polygon":true},"geometry":{"type":"Point","coordinates":[-83.0232595749701,34.0574215]}},{"type":"Feature","properties":{"id":"2020-2544","county_nam":"Elbert","county_norm":"ELBERT","prec_id":"202","precinct_name":"Elbert - 202","precinct_norm":"ELBERT - 202","precinct_full_name":"Webbsboro","has_polygon":true},"geometry":{"type":"Point","coordinates":[-82.95660938571429,34.074031]}},{"type":"Feature","properties":{"id":"2020-2545","county_nam":"Elbert","county_norm":"ELBERT","prec_id":"193","precinct_name":"Elbert - 193","precinct_norm":"ELBERT - 193","precinct_full_name":"Wyche","has_polygon":true},"geometry":{"type":"Point","coordinates":[-82.88114539587706,34.038039999999995]}},{"type":"Feature","properties":{"id":"2020-2546","county_nam":"Madison","county_norm":"MADISON","prec_id":"PIT","precinct_name":"Madison - PIT","precinct_norm":"MADISON - PIT","precinct_full_name":"Pittman","has_polygon":true},"geometry":{"type":"Point","coordinates":[-83.32888364383038,34.0980985]}},{"type":"Feature","properties":{"id":"2020-2547","county_nam":"White","county_norm":"WHITE","prec_id":"041","precinct_name":"White - 041","precinct_norm":"WHITE - 041","precinct_full_name":"Mossy Creek","has_polygon":true},"geometry":{"type":"Point","coordinates":[-83.709722692827,34.542474999999996]}},{"type":"Feature","properties":{"id":"2020-2548","county_nam":"White","county_norm":"WHITE","prec_id":"111","precinct_name":"White - 111","precinct_norm":"WHITE - 111","precinct_full_name":"White Creek","has_polygon":true},"geometry":{"type":"Point","coordinates":[-83.66058647988505,34.5623935]}},{"type":"Feature","properties":{"id":"2020-2549","county_nam":"Habersham","county_norm":"HABERSHAM","prec_id":"06","precinct_name":"Habersham - 06","precinct_norm":"HABERSHAM - 06","precinct_full_name":"Mud Creek","has_polygon":true},"geometry":{"type":"Point","coordinates":[-83.62162276193445,34.496662]}},{"type":"Feature","properties":{"id":"2020-2550","county_nam":"Habersham","county_norm":"HABERSHAM","prec_id":"03","precinct_name":"Habersham - 03","precinct_norm":"HABERSHAM - 03","precinct_full_name":"Demorest","has_polygon":true},"geometry":{"type":"Point","coordinates":[-83.57921065123232,34.5865925]}},{"type":"Feature","properties":{"id":"2020-2551","county_nam":"Clarke","county_norm":"CLARKE","prec_id":"6A","precinct_name":"Clarke - 6A","precinct_norm":"CLARKE - 6A","precinct_full_name":"Cleveland Road School","has_polygon":true},"geometry":{"type":"Point","coordinates":[-83.49608607746225,33.956886499999996]}},{"type":"Feature","properties":{"id":"2020-2552","county_nam":"Oconee","county_norm":"OCONEE","prec_id":"05","precinct_name":"Oconee - 05","precinct_norm":"OCONEE - 05","precinct_full_name":"Bishop","has_polygon":true},"geometry":{"type":"Point","coordinates":[-83.44483685428459,33.8174995]}},{"type":"Feature","properties":{"id":"2020-2553","county_nam":"Oconee","county_norm":"OCONEE","prec_id":"12","precinct_name":"Oconee - 12","precinct_norm":"OCONEE - 12","precinct_full_name":"Civic Center","has_polygon":true},"geometry":{"type":"Point","coordinates":[-83.45289964909902,33.8758115]}},{"type":"Feature","properties":{"id":"2020-2554","county_nam":"Oconee","county_norm":"OCONEE","prec_id":"10","precinct_name":"Oconee - 10","precinct_norm":"OCONEE - 10","precinct_full_name":"Marswood Hall","has_polygon":true},"geometry":{"type":"Point","coordinates":[-83.4904063278667,33.9105555]}},{"type":"Feature","properties":{"id":"2020-2555","county_nam":"Clarke","county_norm":"CLARKE","prec_id":"6C","precinct_name":"Clarke - 6C","precinct_norm":"CLARKE - 6C","precinct_full_name":"Timothy Road Elementary Schl","has_polygon":true},"geometry":{"type":"Point","coordinates":[-83.45192475617156,33.934490499999995]}},{"type":"Feature","properties":{"id":"2020-2556","county_nam":"Oconee","county_norm":"OCONEE","prec_id":"01","precinct_name":"Oconee - 01","precinct_norm":"OCONEE - 01","precinct_full_name":"City Hall","has_polygon":true},"geometry":{"type":"Point","coordinates":[-83.40470186936938,33.865027]}},{"type":"Feature","properties":{"id":"2020-2557","county_nam":"Jackson","county_norm":"JACKSON","prec_id":"4000","precinct_name":"Jackson - 4000","precinct_norm":"JACKSON - 4000","precinct_full_name":"South Jackson","has_polygon":true},"geometry":{"type":"Point","coordinates":[-83.48311746919472,34.057859500000006]}},{"type":"Feature","properties":{"id":"2020-2558","county_nam":"Clarke","county_norm":"CLARKE","prec_id":"5A","precinct_name":"Clarke - 5A","precinct_norm":"CLARKE - 5A","precinct_full_name":"Oglethorpe School","has_polygon":true},"geometry":{"type":"Point","coordinates":[-83.42451142710121,33.9719685]}},{"type":"Feature","properties":{"id":"2020-2559","county_nam":"Jackson","county_norm":"JACKSON","prec_id":"3000","precinct_name":"Jackson - 3000","precinct_norm":"JACKSON - 3000","precinct_full_name":"West Jackson","has_polygon":true},"geometry":{"type":"Point","coordinates":[-83.73700601480263,34.1125275]}},{"type":"Feature","properties":{"id":"2020-2560","county_nam":"Jackson","county_norm":"JACKSON","prec_id":"1000","precinct_name":"Jackson - 1000","precinct_norm":"JACKSON - 1000","precinct_full_name":"Central Jackson","has_polygon":true},"geometry":{"type":"Point","coordinates":[-83.62634601139004,34.1387045]}},{"type":"Feature","properties":{"id":"2020-2561","county_nam":"Morgan","county_norm":"MORGAN","prec_id":"01","precinct_name":"Morgan - 01","precinct_norm":"MORGAN - 01","precinct_full_name":"Northeast Morgan","has_polygon":true},"geometry":{"type":"Point","coordinates":[-83.40753888532285,33.645634]}},{"type":"Feature","properties":{"id":"2020-2562","county_nam":"Oconee","county_norm":"OCONEE","prec_id":"04","precinct_name":"Oconee - 04","precinct_norm":"OCONEE - 04","precinct_full_name":"Farmington","has_polygon":true},"geometry":{"type":"Point","coordinates":[-83.42215128220624,33.7532265]}},{"type":"Feature","properties":{"id":"2020-2563","county_nam":"Walton","county_norm":"WALTON","prec_id":"454","precinct_name":"Walton - 454","precinct_norm":"WALTON - 454","precinct_full_name":"Mountain","has_polygon":true},"geometry":{"type":"Point","coordinates":[-83.61672374945456,33.8471355]}},{"type":"Feature","properties":{"id":"2020-2564","county_nam":"Clarke","county_norm":"CLARKE","prec_id":"8C","precinct_name":"Clarke - 8C","precinct_norm":"CLARKE - 8C","precinct_full_name":"Firestation #7","has_polygon":true},"geometry":{"type":"Point","coordinates":[-83.35252070264406,33.925196]}},{"type":"Feature","properties":{"id":"2020-2565","county_nam":"Clarke","county_norm":"CLARKE","prec_id":"8B","precinct_name":"Clarke - 8B","precinct_norm":"CLARKE - 8B","precinct_full_name":"Cedar Shls High School","has_polygon":true},"geometry":{"type":"Point","coordinates":[-83.33263932451254,33.916508500000006]}},{"type":"Feature","properties":{"id":"2020-2566","county_nam":"Clarke","county_norm":"CLARKE","prec_id":"4A","precinct_name":"Clarke - 4A","precinct_norm":"CLARKE - 4A","precinct_full_name":"Athens Transit Center","has_polygon":true},"geometry":{"type":"Point","coordinates":[-83.35116924214691,33.943312000000006]}},{"type":"Feature","properties":{"id":"2020-2567","county_nam":"Clarke","county_norm":"CLARKE","prec_id":"8A","precinct_name":"Clarke - 8A","precinct_norm":"CLARKE - 8A","precinct_full_name":"Gaines School","has_polygon":true},"geometry":{"type":"Point","coordinates":[-83.32183477666057,33.924695]}},{"type":"Feature","properties":{"id":"2020-2568","county_nam":"Clarke","county_norm":"CLARKE","prec_id":"1D","precinct_name":"Clarke - 1D","precinct_norm":"CLARKE - 1D","precinct_full_name":"Whit Davis School","has_polygon":true},"geometry":{"type":"Point","coordinates":[-83.28370860572988,33.879665]}},{"type":"Feature","properties":{"id":"2020-2569","county_nam":"Clarke","county_norm":"CLARKE","prec_id":"1B","precinct_name":"Clarke - 1B","precinct_norm":"CLARKE - 1B","precinct_full_name":"E. Athens Baptist","has_polygon":true},"geometry":{"type":"Point","coordinates":[-83.29405726327562,33.936328]}},{"type":"Feature","properties":{"id":"2020-2570","county_nam":"Clarke","county_norm":"CLARKE","prec_id":"2B","precinct_name":"Clarke - 2B","precinct_norm":"CLARKE - 2B","precinct_full_name":"Howard Stroud School","has_polygon":true},"geometry":{"type":"Point","coordinates":[-83.35321791176472,33.9625285]}},{"type":"Feature","properties":{"id":"2020-2571","county_nam":"Clarke","county_norm":"CLARKE","prec_id":"1A","precinct_name":"Clarke - 1A","precinct_norm":"CLARKE - 1A","precinct_full_name":"Winterville Train Depot","has_polygon":true},"geometry":{"type":"Point","coordinates":[-83.30827920979242,33.990491000000006]}},{"type":"Feature","properties":{"id":"2020-2572","county_nam":"Madison","county_norm":"MADISON","prec_id":"HUL","precinct_name":"Madison - HUL","precinct_norm":"MADISON - HUL","precinct_full_name":"Hull","has_polygon":true},"geometry":{"type":"Point","coordinates":[-83.30596237511199,34.0541765]}},{"type":"Feature","properties":{"id":"2020-2573","county_nam":"Oglethorpe","county_norm":"OGLETHORPE","prec_id":"CR","precinct_name":"Oglethorpe - CR","precinct_norm":"OGLETHORPE - CR","precinct_full_name":"Crawford","has_polygon":true},"geometry":{"type":"Point","coordinates":[-83.20277305264173,33.8776765]}},{"type":"Feature","properties":{"id":"2020-2574","county_nam":"Oglethorpe","county_norm":"OGLETHORPE","prec_id":"BV","precinct_name":"Oglethorpe - BV","precinct_norm":"OGLETHORPE - BV","precinct_full_name":"Beaverdam","has_polygon":true},"geometry":{"type":"Point","coordinates":[-83.17714243197064,33.985713000000004]}},{"type":"Feature","properties":{"id":"2020-2575","county_nam":"Madison","county_norm":"MADISON","prec_id":"COB","precinct_name":"Madison - COB","precinct_norm":"MADISON - COB","precinct_full_name":"Colbert","has_polygon":true},"geometry":{"type":"Point","coordinates":[-83.19782331493506,34.045536]}},{"type":"Feature","properties":{"id":"2020-2576","county_nam":"Madison","county_norm":"MADISON","prec_id":"COM","precinct_name":"Madison - COM","precinct_norm":"MADISON - COM","precinct_full_name":"Comer","has_polygon":true},"geometry":{"type":"Point","coordinates":[-83.11587201497602,34.063723499999995]}},{"type":"Feature","properties":{"id":"2020-2577","county_nam":"Barrow","county_norm":"BARROW","prec_id":"02","precinct_name":"Barrow - 02","precinct_norm":"BARROW - 02","precinct_full_name":"Bethlehem Church - 211","has_polygon":true},"geometry":{"type":"Point","coordinates":[-83.80507223476016,34.071800499999995]}},{"type":"Feature","properties":{"id":"2020-2578","county_nam":"Walton","county_norm":"WALTON","prec_id":"250","precinct_name":"Walton - 250","precinct_norm":"WALTON - 250","precinct_full_name":"Walker Park","has_polygon":true},"geometry":{"type":"Point","coordinates":[-83.72906022010869,33.8688425]}},{"type":"Feature","properties":{"id":"2020-2579","county_nam":"Walton","county_norm":"WALTON","prec_id":"420","precinct_name":"Walton - 420","precinct_norm":"WALTON - 420","precinct_full_name":"North Monroe","has_polygon":true},"geometry":{"type":"Point","coordinates":[-83.6981686060477,33.827892500000004]}},{"type":"Feature","properties":{"id":"2020-2580","county_nam":"Oconee","county_norm":"OCONEE","prec_id":"11","precinct_name":"Oconee - 11","precinct_norm":"OCONEE - 11","precinct_full_name":"East Oconee","has_polygon":true},"geometry":{"type":"Point","coordinates":[-83.41257639082195,33.8984965]}},{"type":"Feature","properties":{"id":"2020-2581","county_nam":"Clarke","county_norm":"CLARKE","prec_id":"7A","precinct_name":"Clarke - 7A","precinct_norm":"CLARKE - 7A","precinct_full_name":"Timothy Baptist Church","has_polygon":true},"geometry":{"type":"Point","coordinates":[-83.4118254310065,33.925417499999995]}},{"type":"Feature","properties":{"id":"2020-2582","county_nam":"Clarke","county_norm":"CLARKE","prec_id":"7B","precinct_name":"Clarke - 7B","precinct_norm":"CLARKE - 7B","precinct_full_name":"Athens Regional Library","has_polygon":true},"geometry":{"type":"Point","coordinates":[-83.40175242462638,33.942026999999996]}},{"type":"Feature","properties":{"id":"2020-2583","county_nam":"Clarke","county_norm":"CLARKE","prec_id":"7C","precinct_name":"Clarke - 7C","precinct_norm":"CLARKE - 7C","precinct_full_name":"Firestation #3","has_polygon":true},"geometry":{"type":"Point","coordinates":[-83.37979480448328,33.916188500000004]}},{"type":"Feature","properties":{"id":"2020-2584","county_nam":"Clarke","county_norm":"CLARKE","prec_id":"4B","precinct_name":"Clarke - 4B","precinct_norm":"CLARKE - 4B","precinct_full_name":"Memorial Park","has_polygon":true},"geometry":{"type":"Point","coordinates":[-83.37586161900578,33.937514]}},{"type":"Feature","properties":{"id":"2020-2585","county_nam":"Banks","county_norm":"BANKS","prec_id":"0001","precinct_name":"Banks - 0001","precinct_norm":"BANKS - 0001","precinct_full_name":"Anderson","has_polygon":true},"geometry":{"type":"Point","coordinates":[-83.56792038786688,34.296548]}},{"type":"Feature","properties":{"id":"2020-2586","county_nam":"Banks","county_norm":"BANKS","prec_id":"0010","precinct_name":"Banks - 0010","precinct_norm":"BANKS - 0010","precinct_full_name":"Homer","has_polygon":true},"geometry":{"type":"Point","coordinates":[-83.53187005743362,34.3417635]}},{"type":"Feature","properties":{"id":"2020-2587","county_nam":"Banks","county_norm":"BANKS","prec_id":"0004","precinct_name":"Banks - 0004","precinct_norm":"BANKS - 0004","precinct_full_name":"Bushville","has_polygon":true},"geometry":{"type":"Point","coordinates":[-83.45327483826199,34.2857405]}},{"type":"Feature","properties":{"id":"2020-2588","county_nam":"Banks","county_norm":"BANKS","prec_id":"0006","precinct_name":"Banks - 0006","precinct_norm":"BANKS - 0006","precinct_full_name":"Davids","has_polygon":true},"geometry":{"type":"Point","coordinates":[-83.39190172681282,34.2515115]}},{"type":"Feature","properties":{"id":"2020-2589","county_nam":"Madison","county_norm":"MADISON","prec_id":"ILA","precinct_name":"Madison - ILA","precinct_norm":"MADISON - ILA","precinct_full_name":"Ila","has_polygon":true},"geometry":{"type":"Point","coordinates":[-83.34471699016444,34.185492999999994]}},{"type":"Feature","properties":{"id":"2020-2590","county_nam":"Madison","county_norm":"MADISON","prec_id":"POC","precinct_name":"Madison - POC","precinct_norm":"MADISON - POC","precinct_full_name":"Poca","has_polygon":true},"geometry":{"type":"Point","coordinates":[-83.29095788323352,34.2149775]}},{"type":"Feature","properties":{"id":"2020-2591","county_nam":"Franklin","county_norm":"FRANKLIN","prec_id":"7","precinct_name":"Franklin - 7","precinct_norm":"FRANKLIN - 7","precinct_full_name":"Southwest Franklin","has_polygon":true},"geometry":{"type":"Point","coordinates":[-83.27319418045545,34.292775]}},{"type":"Feature","properties":{"id":"2020-2592","county_nam":"Madison","county_norm":"MADISON","prec_id":"DAN","precinct_name":"Madison - DAN","precinct_norm":"MADISON - DAN","precinct_full_name":"Danielsville","has_polygon":true},"geometry":{"type":"Point","coordinates":[-83.22040285335383,34.116611]}},{"type":"Feature","properties":{"id":"2020-2593","county_nam":"Madison","county_norm":"MADISON","prec_id":"MIL","precinct_name":"Madison - MIL","precinct_norm":"MADISON - MIL","precinct_full_name":"Mill","has_polygon":true},"geometry":{"type":"Point","coordinates":[-83.19320162064311,34.192572]}},{"type":"Feature","properties":{"id":"2020-2594","county_nam":"Madison","county_norm":"MADISON","prec_id":"HAR","precinct_name":"Madison - HAR","precinct_norm":"MADISON - HAR","precinct_full_name":"Harrison","has_polygon":true},"geometry":{"type":"Point","coordinates":[-83.11958431017771,34.22261]}},{"type":"Feature","properties":{"id":"2020-2595","county_nam":"Franklin","county_norm":"FRANKLIN","prec_id":"6","precinct_name":"Franklin - 6","precinct_norm":"FRANKLIN - 6","precinct_full_name":"Royston","has_polygon":true},"geometry":{"type":"Point","coordinates":[-83.14107490082046,34.2844945]}},{"type":"Feature","properties":{"id":"2020-2596","county_nam":"Jackson","county_norm":"JACKSON","prec_id":"2000","precinct_name":"Jackson - 2000","precinct_norm":"JACKSON - 2000","precinct_full_name":"North Jackson","has_polygon":true},"geometry":{"type":"Point","coordinates":[-83.49696321446817,34.1885145]}},{"type":"Feature","properties":{"id":"2020-2597","county_nam":"Banks","county_norm":"BANKS","prec_id":"0008","precinct_name":"Banks - 0008","precinct_norm":"BANKS - 0008","precinct_full_name":"Grove River","has_polygon":true},"geometry":{"type":"Point","coordinates":[-83.6198218031813,34.323719]}},{"type":"Feature","properties":{"id":"2020-2598","county_nam":"Franklin","county_norm":"FRANKLIN","prec_id":"5","precinct_name":"Franklin - 5","precinct_norm":"FRANKLIN - 5","precinct_full_name":"Canon","has_polygon":true},"geometry":{"type":"Point","coordinates":[-83.1429952854095,34.3440585]}},{"type":"Feature","properties":{"id":"2020-2599","county_nam":"Franklin","county_norm":"FRANKLIN","prec_id":"4","precinct_name":"Franklin - 4","precinct_norm":"FRANKLIN - 4","precinct_full_name":"Lavonia","has_polygon":true},"geometry":{"type":"Point","coordinates":[-83.14023983687146,34.4117255]}},{"type":"Feature","properties":{"id":"2020-2600","county_nam":"Franklin","county_norm":"FRANKLIN","prec_id":"3","precinct_name":"Franklin - 3","precinct_norm":"FRANKLIN - 3","precinct_full_name":"Northeast Franklin","has_polygon":true},"geometry":{"type":"Point","coordinates":[-83.1436075582181,34.473873]}},{"type":"Feature","properties":{"id":"2020-2601","county_nam":"Madison","county_norm":"MADISON","prec_id":"PAO","precinct_name":"Madison - PAO","precinct_norm":"MADISON - PAO","precinct_full_name":"Paoli","has_polygon":true},"geometry":{"type":"Point","coordinates":[-83.09382529933448,34.095998]}},{"type":"Feature","properties":{"id":"2020-2602","county_nam":"Madison","county_norm":"MADISON","prec_id":"COL","precinct_name":"Madison - COL","precinct_norm":"MADISON - COL","precinct_full_name":"Collins","has_polygon":true},"geometry":{"type":"Point","coordinates":[-83.08384242648248,34.126138499999996]}},{"type":"Feature","properties":{"id":"2020-2603","county_nam":"Clarke","county_norm":"CLARKE","prec_id":"3A","precinct_name":"Clarke - 3A","precinct_norm":"CLARKE - 3A","precinct_full_name":"Clarke Central High","has_polygon":true},"geometry":{"type":"Point","coordinates":[-83.41156462840462,33.9539105]}},{"type":"Feature","properties":{"id":"2020-2604","county_nam":"Clarke","county_norm":"CLARKE","prec_id":"5C","precinct_name":"Clarke - 5C","precinct_norm":"CLARKE - 5C","precinct_full_name":"Chase Street School","has_polygon":true},"geometry":{"type":"Point","coordinates":[-83.3929102119983,33.963545]}},{"type":"Feature","properties":{"id":"2020-2605","county_nam":"Clarke","county_norm":"CLARKE","prec_id":"5D","precinct_name":"Clarke - 5D","precinct_norm":"CLARKE - 5D","precinct_full_name":"Acc Fleet Management Building","has_polygon":true},"geometry":{"type":"Point","coordinates":[-83.41318123542445,33.9940705]}},{"type":"Feature","properties":{"id":"2020-2606","county_nam":"Clarke","county_norm":"CLARKE","prec_id":"3B","precinct_name":"Clarke - 3B","precinct_norm":"CLARKE - 3B","precinct_full_name":"Thomas N. Lay Park","has_polygon":true},"geometry":{"type":"Point","coordinates":[-83.37465203132993,33.962452]}},{"type":"Feature","properties":{"id":"2020-2607","county_nam":"Clarke","county_norm":"CLARKE","prec_id":"2A","precinct_name":"Clarke - 2A","precinct_norm":"CLARKE - 2A","precinct_full_name":"Judia J. Harris School","has_polygon":true},"geometry":{"type":"Point","coordinates":[-83.36392934756165,34.008739500000004]}},{"type":"Feature","properties":{"id":"2020-2608","county_nam":"Walton","county_norm":"WALTON","prec_id":"419","precinct_name":"Walton - 419","precinct_norm":"WALTON - 419","precinct_full_name":"South Monroe","has_polygon":true},"geometry":{"type":"Point","coordinates":[-83.72262259805103,33.7846775]}},{"type":"Feature","properties":{"id":"2020-2609","county_nam":"Walton","county_norm":"WALTON","prec_id":"503","precinct_name":"Walton - 503","precinct_norm":"WALTON - 503","precinct_full_name":"Blasingame","has_polygon":true},"geometry":{"type":"Point","coordinates":[-83.61835778626013,33.7260515]}},{"type":"Feature","properties":{"id":"2020-2610","county_nam":"Walton","county_norm":"WALTON","prec_id":"425","precinct_name":"Walton - 425","precinct_norm":"WALTON - 425","precinct_full_name":"Central Monroe","has_polygon":true},"geometry":{"type":"Point","coordinates":[-83.68116274528673,33.795915]}},{"type":"Feature","properties":{"id":"2020-2611","county_nam":"Oconee","county_norm":"OCONEE","prec_id":"08","precinct_name":"Oconee - 08","precinct_norm":"OCONEE - 08","precinct_full_name":"Dark Corner","has_polygon":true},"geometry":{"type":"Point","coordinates":[-83.58010322386289,33.8943425]}},{"type":"Feature","properties":{"id":"2020-2612","county_nam":"Oconee","county_norm":"OCONEE","prec_id":"06","precinct_name":"Oconee - 06","precinct_norm":"OCONEE - 06","precinct_full_name":"High Shoals","has_polygon":true},"geometry":{"type":"Point","coordinates":[-83.5123723879255,33.8371415]}},{"type":"Feature","properties":{"id":"2020-2613","county_nam":"Oconee","county_norm":"OCONEE","prec_id":"07","precinct_name":"Oconee - 07","precinct_norm":"OCONEE - 07","precinct_full_name":"North Oconee","has_polygon":true},"geometry":{"type":"Point","coordinates":[-83.5094196920617,33.876577]}},{"type":"Feature","properties":{"id":"2020-2614","county_nam":"Oconee","county_norm":"OCONEE","prec_id":"09","precinct_name":"Oconee - 09","precinct_norm":"OCONEE - 09","precinct_full_name":"Bogart","has_polygon":true},"geometry":{"type":"Point","coordinates":[-83.54175477420935,33.940587]}},{"type":"Feature","properties":{"id":"2020-2615","county_nam":"Barrow","county_norm":"BARROW","prec_id":"05","precinct_name":"Barrow - 05","precinct_norm":"BARROW - 05","precinct_full_name":"Fire Station 1 (Statham)","has_polygon":true},"geometry":{"type":"Point","coordinates":[-83.59175374766536,33.9830525]}},{"type":"Feature","properties":{"id":"2020-2616","county_nam":"Newton","county_norm":"NEWTON","prec_id":"25","precinct_name":"Newton - 25","precinct_norm":"NEWTON - 25","precinct_full_name":"Hub","has_polygon":true},"geometry":{"type":"Point","coordinates":[-83.7252281449891,33.6089515]}},{"type":"Feature","properties":{"id":"2020-2617","county_nam":"Walton","county_norm":"WALTON","prec_id":"418","precinct_name":"Walton - 418","precinct_norm":"WALTON - 418","precinct_full_name":"Social Circle","has_polygon":true},"geometry":{"type":"Point","coordinates":[-83.7022885103035,33.652332]}},{"type":"Feature","properties":{"id":"2020-2618","county_nam":"Walton","county_norm":"WALTON","prec_id":"1675","precinct_name":"Walton - 1675","precinct_norm":"WALTON - 1675","precinct_full_name":"Whatley","has_polygon":true},"geometry":{"type":"Point","coordinates":[-83.70451627057474,33.727183]}},{"type":"Feature","properties":{"id":"2020-2619","county_nam":"Walton","county_norm":"WALTON","prec_id":"426","precinct_name":"Walton - 426","precinct_norm":"WALTON - 426","precinct_full_name":"W Monroe","has_polygon":true},"geometry":{"type":"Point","coordinates":[-83.76910746140182,33.768236]}},{"type":"Feature","properties":{"id":"2020-2620","county_nam":"Barrow","county_norm":"BARROW","prec_id":"13","precinct_name":"Barrow - 13","precinct_norm":"BARROW - 13","precinct_full_name":"Winder Community Center","has_polygon":true},"geometry":{"type":"Point","coordinates":[-83.7200272659511,33.997193]}},{"type":"Feature","properties":{"id":"2020-2621","county_nam":"Barrow","county_norm":"BARROW","prec_id":"08","precinct_name":"Barrow - 08","precinct_norm":"BARROW - 08","precinct_full_name":"First Baptist Church Winder","has_polygon":true},"geometry":{"type":"Point","coordinates":[-83.67565068602684,34.010188]}},{"type":"Feature","properties":{"id":"2020-2622","county_nam":"Barrow","county_norm":"BARROW","prec_id":"16","precinct_name":"Barrow - 16","precinct_norm":"BARROW - 16","precinct_full_name":"The Church At Winder","has_polygon":true},"geometry":{"type":"Point","coordinates":[-83.76140124640364,33.941308]}},{"type":"Feature","properties":{"id":"2020-2623","county_nam":"Walton","county_norm":"WALTON","prec_id":"414","precinct_name":"Walton - 414","precinct_norm":"WALTON - 414","precinct_full_name":"Gratis","has_polygon":true},"geometry":{"type":"Point","coordinates":[-83.65356494877607,33.8734075]}},{"type":"Feature","properties":{"id":"2020-2624","county_nam":"Barrow","county_norm":"BARROW","prec_id":"01","precinct_name":"Barrow - 01","precinct_norm":"BARROW - 01","precinct_full_name":"Bethlehem Community Center","has_polygon":true},"geometry":{"type":"Point","coordinates":[-83.68163821910011,33.929351]}},{"type":"Feature","properties":{"id":"2020-2625","county_nam":"Clarke","county_norm":"CLARKE","prec_id":"6B","precinct_name":"Clarke - 6B","precinct_norm":"CLARKE - 6B","precinct_full_name":"Georgia Square Mall","has_polygon":true},"geometry":{"type":"Point","coordinates":[-83.45188654411484,33.969633]}},{"type":"Feature","properties":{"id":"2020-2626","county_nam":"Clarke","county_norm":"CLARKE","prec_id":"6D","precinct_name":"Clarke - 6D","precinct_norm":"CLARKE - 6D","precinct_full_name":"Firestation #4","has_polygon":true},"geometry":{"type":"Point","coordinates":[-83.43174698271447,33.9514695]}},{"type":"Feature","properties":{"id":"2020-2627","county_nam":"Clarke","county_norm":"CLARKE","prec_id":"5B","precinct_name":"Clarke - 5B","precinct_norm":"CLARKE - 5B","precinct_full_name":"Whitehead Road School","has_polygon":true},"geometry":{"type":"Point","coordinates":[-83.45078119977815,33.986641]}},{"type":"Feature","properties":{"id":"2020-2628","county_nam":"White","county_norm":"WHITE","prec_id":"081","precinct_name":"White - 081","precinct_norm":"WHITE - 081","precinct_full_name":"Shoal Creek","has_polygon":true},"geometry":{"type":"Point","coordinates":[-83.80696899136531,34.5445405]}},{"type":"Feature","properties":{"id":"2020-2629","county_nam":"Hall","county_norm":"HALL","prec_id":"014","precinct_name":"Hall - 014","precinct_norm":"HALL - 014","precinct_full_name":"Clermont","has_polygon":true},"geometry":{"type":"Point","coordinates":[-83.74505712105753,34.462424999999996]}},{"type":"Feature","properties":{"id":"2020-2630","county_nam":"Hall","county_norm":"HALL","prec_id":"013","precinct_name":"Hall - 013","precinct_norm":"HALL - 013","precinct_full_name":"Lula","has_polygon":true},"geometry":{"type":"Point","coordinates":[-83.66677102009598,34.417615]}},{"type":"Feature","properties":{"id":"2020-2631","county_nam":"Hall","county_norm":"HALL","prec_id":"024","precinct_name":"Hall - 024","precinct_norm":"HALL - 024","precinct_full_name":"Gainesville Iv","has_polygon":true},"geometry":{"type":"Point","coordinates":[-83.81633376483052,34.283306]}},{"type":"Feature","properties":{"id":"2020-2632","county_nam":"Hall","county_norm":"HALL","prec_id":"025","precinct_name":"Hall - 025","precinct_norm":"HALL - 025","precinct_full_name":"Gainesville V","has_polygon":true},"geometry":{"type":"Point","coordinates":[-83.84204479219972,34.3333945]}},{"type":"Feature","properties":{"id":"2020-2633","county_nam":"Hall","county_norm":"HALL","prec_id":"010","precinct_name":"Hall - 010","precinct_norm":"HALL - 010","precinct_full_name":"Candler","has_polygon":true},"geometry":{"type":"Point","coordinates":[-83.80251913550123,34.2163385]}},{"type":"Feature","properties":{"id":"2020-2634","county_nam":"Hall","county_norm":"HALL","prec_id":"021","precinct_name":"Hall - 021","precinct_norm":"HALL - 021","precinct_full_name":"Gainesville I","has_polygon":true},"geometry":{"type":"Point","coordinates":[-83.80798844606093,34.330665999999994]}},{"type":"Feature","properties":{"id":"2020-2635","county_nam":"Hall","county_norm":"HALL","prec_id":"022","precinct_name":"Hall - 022","precinct_norm":"HALL - 022","precinct_full_name":"Gainesville Ii","has_polygon":true},"geometry":{"type":"Point","coordinates":[-83.78151474190456,34.291235]}},{"type":"Feature","properties":{"id":"2020-2636","county_nam":"Banks","county_norm":"BANKS","prec_id":"0011","precinct_name":"Banks - 0011","precinct_norm":"BANKS - 0011","precinct_full_name":"Poplar Springs","has_polygon":true},"geometry":{"type":"Point","coordinates":[-83.60437917374864,34.381738999999996]}},{"type":"Feature","properties":{"id":"2020-2637","county_nam":"Banks","county_norm":"BANKS","prec_id":"0007","precinct_name":"Banks - 0007","precinct_norm":"BANKS - 0007","precinct_full_name":"Golden Hill","has_polygon":true},"geometry":{"type":"Point","coordinates":[-83.56945840099071,34.432714]}},{"type":"Feature","properties":{"id":"2020-2638","county_nam":"Banks","county_norm":"BANKS","prec_id":"0002","precinct_name":"Banks - 0002","precinct_norm":"BANKS - 0002","precinct_full_name":"Baldwin","has_polygon":true},"geometry":{"type":"Point","coordinates":[-83.52871882782529,34.4651755]}},{"type":"Feature","properties":{"id":"2020-2639","county_nam":"Hall","county_norm":"HALL","prec_id":"011","precinct_name":"Hall - 011","precinct_norm":"HALL - 011","precinct_full_name":"Tadmore","has_polygon":true},"geometry":{"type":"Point","coordinates":[-83.7305583009684,34.2514415]}},{"type":"Feature","properties":{"id":"2020-2640","county_nam":"Hall","county_norm":"HALL","prec_id":"012","precinct_name":"Hall - 012","precinct_norm":"HALL - 012","precinct_full_name":"Glade","has_polygon":true},"geometry":{"type":"Point","coordinates":[-83.74264815373208,34.3338825]}},{"type":"Feature","properties":{"id":"2020-2641","county_nam":"Hall","county_norm":"HALL","prec_id":"026","precinct_name":"Hall - 026","precinct_norm":"HALL - 026","precinct_full_name":"Gillsville","has_polygon":true},"geometry":{"type":"Point","coordinates":[-83.66105349222222,34.3025795]}},{"type":"Feature","properties":{"id":"2020-2642","county_nam":"Habersham","county_norm":"HABERSHAM","prec_id":"02","precinct_name":"Habersham - 02","precinct_norm":"HABERSHAM - 02","precinct_full_name":"Habersham South","has_polygon":true},"geometry":{"type":"Point","coordinates":[-83.49250037321136,34.538329000000004]}},{"type":"Feature","properties":{"id":"2020-2643","county_nam":"Banks","county_norm":"BANKS","prec_id":"0003","precinct_name":"Banks - 0003","precinct_norm":"BANKS - 0003","precinct_full_name":"Berlin","has_polygon":true},"geometry":{"type":"Point","coordinates":[-83.48285669247312,34.375364000000005]}},{"type":"Feature","properties":{"id":"2020-2644","county_nam":"Habersham","county_norm":"HABERSHAM","prec_id":"05","precinct_name":"Habersham - 05","precinct_norm":"HABERSHAM - 05","precinct_full_name":"City Of Baldwin","has_polygon":true},"geometry":{"type":"Point","coordinates":[-83.54791545588212,34.491212000000004]}},{"type":"Feature","properties":{"id":"2020-2645","county_nam":"Habersham","county_norm":"HABERSHAM","prec_id":"04","precinct_name":"Habersham - 04","precinct_norm":"HABERSHAM - 04","precinct_full_name":"Town Of Mount Airy","has_polygon":true},"geometry":{"type":"Point","coordinates":[-83.50249633553061,34.5224965]}},{"type":"Feature","properties":{"id":"2020-2646","county_nam":"Elbert","county_norm":"ELBERT","prec_id":"201","precinct_name":"Elbert - 201","precinct_norm":"ELBERT - 201","precinct_full_name":"Goshen","has_polygon":true},"geometry":{"type":"Point","coordinates":[-83.04567910744214,34.17345]}},{"type":"Feature","properties":{"id":"2020-2647","county_nam":"Hart","county_norm":"HART","prec_id":"3","precinct_name":"Hart - 3","precinct_norm":"HART - 3","precinct_full_name":"Goldmine","has_polygon":true},"geometry":{"type":"Point","coordinates":[-83.06178508339562,34.2827725]}},{"type":"Feature","properties":{"id":"2020-2648","county_nam":"Elbert","county_norm":"ELBERT","prec_id":"197","precinct_name":"Elbert - 197","precinct_norm":"ELBERT - 197","precinct_full_name":"Pike","has_polygon":true},"geometry":{"type":"Point","coordinates":[-82.94642319381109,34.160602999999995]}},{"type":"Feature","properties":{"id":"2020-2649","county_nam":"Towns","county_norm":"TOWNS","prec_id":"990","precinct_name":"Towns - 990","precinct_norm":"TOWNS - 990","precinct_full_name":"Hiawassee","has_polygon":true},"geometry":{"type":"Point","coordinates":[-83.78599025270503,34.935480999999996]}},{"type":"Feature","properties":{"id":"2020-2650","county_nam":"Towns","county_norm":"TOWNS","prec_id":"833","precinct_name":"Towns - 833","precinct_norm":"TOWNS - 833","precinct_full_name":"Macedonia","has_polygon":true},"geometry":{"type":"Point","coordinates":[-83.70609521478406,34.891642000000004]}},{"type":"Feature","properties":{"id":"2020-2651","county_nam":"Habersham","county_norm":"HABERSHAM","prec_id":"07","precinct_name":"Habersham - 07","precinct_norm":"HABERSHAM - 07","precinct_full_name":"Amys Creek","has_polygon":true},"geometry":{"type":"Point","coordinates":[-83.6048628994709,34.727306999999996]}},{"type":"Feature","properties":{"id":"2020-2652","county_nam":"Wilkes","county_norm":"WILKES","prec_id":"2A","precinct_name":"Wilkes - 2A","precinct_norm":"WILKES - 2A","precinct_full_name":"Young Farmer's Building","has_polygon":true},"geometry":{"type":"Point","coordinates":[-82.67785415547769,33.7247945]}},{"type":"Feature","properties":{"id":"2020-2653","county_nam":"Wilkes","county_norm":"WILKES","prec_id":"2B","precinct_name":"Wilkes - 2B","precinct_norm":"WILKES - 2B","precinct_full_name":"Metasville Fire Station","has_polygon":true},"geometry":{"type":"Point","coordinates":[-82.58272252063367,33.7637215]}}]}