county,precinct_id,boundary_name,source_name,method
COLUMBIA,131,JOURNEY COMM. CHURCH,Journey Comm. Church,name
COLUMBIA,64,GRACE BAPTIST CHURCH,Grace Baptist Church,name
COLUMBIA,61,GREENBRIER HIGH,Greenbrier High,name
COLUMBIA,132,WESLEY METHODIST,Wesley Methodist,name
COLUMBIA,63,RIVERSIDE ELEMENTARY,Riverside Elementary,name
COLUMBIA,135,BIBLE CATHEDRAL,Bible Cathedral,name
COLUMBIA,107,GOSPEL WATER BRANCH,Gospel Water Branch,name
COLUMBIA,40,EUBANK/BLANCHARD CENTER,Eubank/Blanchard Center,name
COLUMBIA,106,SAVANNAH RAPIDS,Savannah Rapids,name
COLUMBIA,90,ABILENE BAPTIST,Abilene Baptist,name
COLUMBIA,110,MTZ COL FIRE HDQTR,Mtz Col Fire Hdqtr,name
COLUMBIA,115,MARTINEZ BAPTIST,Martinez Baptist,name
COLUMBIA,111,LAKESIDE MIDDLE,Lakeside Middle,name
COLUMBIA,136,BLUE RIDGE ELEMENTARY,Blue Ridge Elementary,name
COLUMBIA,137,CHRIST THE KING LUTH CH,Christ The King Luth Ch,name
COLUMBIA,100,AUGUSTA CHRISTIAN,Augusta Christian,name
COLUMBIA,85,TRINITY BAPT CHURCH,Trinity Bapt Church,name
COLUMBIA,120,GOLD CROSS EMS,Gold Cross EMS,name
COLUMBIA,125,CHURCH OF OUR SAVIOR,Church of our Savior,name
COLUMBIA,130,WEST ACRES BAPTIST,West Acres Baptist,name
COLUMBIA,134,COL CTY MAIN LIBRARY,Col Cty Main Library,name
COLUMBIA,70,BLANCHARD PARK,Blanchard Park,name
COLUMBIA,65,CHRIST SANCTIFIED,Christ Sanctified,name
COLUMBIA,60,COL CTY BD OF EDU,Col Cty Bd Of Edu,name
COLUMBIA,74,MTZ COL FIRE DEPT #4,Mtz Col Fire Dept #4,name
COLUMBIA,76,MARVIN METHODIST CHURCH,Marvin Methodist Church,name
COLUMBIA,16,WOODLAWN BAPTIST CHURCH,Woodlawn Baptist Church,name
COLUMBIA,15,LEWIS METHODIST CHURCH,Lewis Methodist Church,name
COLUMBIA,62,REDEEMER CHURCH,Redeemer Church,name
COLUMBIA,26,PHILADELPHIA CHURCH,Philadelphia Church,name
COLUMBIA,10,KIOKEE BAPTIST CHURCH,Kiokee Baptist Church,name
COLUMBIA,30,GROVETOWN CITY HALL,Grovetown City Hall,name
COLUMBIA,33,GROVETOWN MIDDLE SCHOOL,Grovetown Middle School,name
COLUMBIA,31,GROVETOWN METHODIST CHURCH,Grovetown Methodist Church,name
COLUMBIA,17,PATRIOTS PARK,Patriots Park,name
COLUMBIA,25,BESSIE THOMAS CENTER,Bessie Thomas Center,name
COLUMBIA,105,STEVENS CREEK ELEM,Stevens Creek Elem,name
COLUMBIA,108,GENESIS CHURCH,Genesis Church,name
COLUMBIA,109,STEVENS CREEK CHURCH,Stevens Creek Church,name
COLUMBIA,21,HARLEM BAPTIST CHURCH,Harlem Baptist Church,name
COLUMBIA,20,HARLEM MIDDLE SCHOOL,Harlem Middle School,name
COLUMBIA,32,G A APOSTOLIC CHURCH,G A Apostolic Church,name
COLUMBIA,75,BROOKWOOD ELEMENTARY,Brookwood Elementary,name
COLUMBIA,80,WESTSIDE BAPT CHURCH,Westside Bapt Church,name
COLUMBIA,51,DAMASCUS BAPTIST CHURCH,Damascus Baptist Church,name
COLUMBIA,50,G W JONES CENTER,G W Jones Center,name
FAYETTE,7,HOPEFUL,HOPEFUL,name
FAYETTE,5,FAYETTEVILLE WEST,FAYETTEVILLE WEST,name
FAYETTE,8,MORNING CREEK,MORNING CREEK,name
FAYETTE,1,BLACKROCK,BLACKROCK,name
FAYETTE,30,MURPHY,MURPHY,name
FAYETTE,26,WILLOW POND,WILLOW POND,name
FAYETTE,27,DOGWOOD,DOGWOOD,name
FAYETTE,35,SPRING HILL,SPRING HILL,name
FAYETTE,34,RISING STAR,RISING STAR,name
FAYETTE,22,BRAELINN,BRAELINN,name
FAYETTE,13,STARRSMILL,STARRSMILL,name
FAYETTE,10,SANDY CREEK,SANDY CREEK,name
FAYETTE,31,FIELDING RIDGE,FIELDING RIDGE,name
FAYETTE,16,MCINTOSH,MCINTOSH,name
FAYETTE,29,JEFF DAVIS,JEFF DAVIS,name
FAYETTE,4,FAYETTEVILLE EAST,FAYETTEVILLE EAST,name
FAYETTE,24,BANKS,BANKS,name
FAYETTE,28,OAK RIDGE,OAK RIDGE,name
FAYETTE,23,KENWOOD,KENWOOD,name
FAYETTE,3,EUROPE,EUROPE,name
FAYETTE,14,WHITEWATER,WHITEWATER,name
FAYETTE,2,BROOKS,BROOKS,name
FAYETTE,15,WOOLSEY,WOOLSEY,name
FAYETTE,25,HARPS CROSSING,HARPS CROSSING,name
FAYETTE,36,ANTIOCH,ANTIOCH,name
FAYETTE,6,FLINT,FLINT,name
FAYETTE,9,RAREOVER,RAREOVER,name
FAYETTE,18,KEDRON,KEDRON,name
FAYETTE,19,ABERDEEN,ABERDEEN,name
FAYETTE,32,WILLOWBEND,WILLOWBEND,name
FAYETTE,21,FLAT CREEK,FLAT CREEK,name
FAYETTE,17,OAK GROVE,OAK GROVE,name
FAYETTE,12,SHAKERAG WEST,SHAKERAG WEST,name
FAYETTE,20,WINDGATE,WINDGATE,name
FAYETTE,33,CAMP CREEK,CAMP CREEK,name
FAYETTE,11,SHAKERAG EAST,SHAKERAG EAST,name
FULTON,UC032,UC032,UC032,name
FULTON,SC211,SC211,SC211,name
FULTON,SC212,SC212,SC212,name
FULTON,FA01B,FA01B,FA01B,name
FULTON,FA01A,FA01A,FA01A,name
FULTON,JC02,JC02,JC02,name
FULTON,PA01,PA01,PA01,name
FULTON,CP06,CP06,CP06,name
FULTON,11J,11J,11J,name
FULTON,EP10B,EP10B,EP10B,name
FULTON,SC23A,SC23A,SC23A,name
FULTON,SC27,SC27,SC27,name
FULTON,CP083,CP083,CP083,name
FULTON,SC29A,SC29A,SC29A,name
FULTON,SC23B,SC23B,SC23B,name
FULTON,SC09B,SC09B,SC09B,name
FULTON,SC11B,SC11B,SC11B,name
FULTON,SC11A,SC11A,SC11A,name
FULTON,UC033,UC033,UC033,name
FULTON,SC08D,SC08D,SC08D,name
FULTON,UC01B,UC01B,UC01B,name
FULTON,SC09A,SC09A,SC09A,name
FULTON,SC10,SC10,SC10,name
FULTON,CP081,CP081,CP081,name
FULTON,UC01A,UC01A,UC01A,name
FULTON,UC031,UC031,UC031,name
FULTON,SC08E,SC08E,SC08E,name
FULTON,SC29B,SC29B,SC29B,name
FULTON,SC08B,SC08B,SC08B,name
FULTON,SC07A,SC07A,SC07A,name
FULTON,CH03,CH03,CH03,name
FULTON,CH02,CH02,CH02,name
FULTON,CH01,CH01,CH01,name
FULTON,SC04,SC04,SC04,name
FULTON,CH05,CH05,CH05,name
FULTON,CH04A,CH04A,CH04A,name
FULTON,RW09,RW09,RW09,name
FULTON,SS22,SS22,SS22,name
FULTON,RW11A,RW11A,RW11A,name
FULTON,SS15A,SS15A,SS15A,name
FULTON,RW02,RW02,RW02,name
FULTON,RW10,RW10,RW10,name
FULTON,RW15,RW15,RW15,name
FULTON,RW01,RW01,RW01,name
FULTON,RW03,RW03,RW03,name
FULTON,SS18B,SS18B,SS18B,name
FULTON,SS02A,SS02A,SS02A,name
FULTON,SS19B,SS19B,SS19B,name
FULTON,SS19A,SS19A,SS19A,name
FULTON,SS29B,SS29B,SS29B,name
FULTON,SS26,SS26,SS26,name
FULTON,SS20,SS20,SS20,name
FULTON,08M,08M,08M,name
FULTON,07J,07J,07J,name
FULTON,07H,07H,07H,name
FULTON,08G,08G,08G,name
FULTON,08C,08C,08C,name
FULTON,08B,08B,08B,name
FULTON,RW08,RW08,RW08,name
FULTON,RW18,RW18,RW18,name
FULTON,RW16,RW16,RW16,name
FULTON,RW12A,RW12A,RW12A,name
FULTON,RW12B,RW12B,RW12B,name
FULTON,SS15B,SS15B,SS15B,name
FULTON,SS17,SS17,SS17,name
FULTON,RW07,RW07,RW07,name
FULTON,AP03,AP03,AP03,name
FULTON,RW12B,RW12B,,unmatched
FULTON,RW05,RW05,RW05,name
FULTON,AP021,AP021,AP021,name
FULTON,RW06,RW06,RW06,name
FULTON,RW13,RW13,RW13,name
FULTON,AP01D,AP01D,AP01D,name
FULTON,AP02B,AP02B,AP02B,name
FULTON,AP022,AP022,AP022,name
FULTON,EP071,EP071,EP071,name
FULTON,CP02,CP02,CP02,name
FULTON,CP01B,CP01B,CP01B,name
FULTON,AP12A,AP12A,AP12A,name
FULTON,AP13,AP13,AP13,name
FULTON,JC14,JC14,JC14,name
FULTON,AP14,AP14,AP14,name
FULTON,JC15,JC15,JC15,name
FULTON,JC10,JC10,JC10,name
FULTON,AP09A,AP09A,AP09A,name
FULTON,JC11,JC11,JC11,name
FULTON,JC09,JC09,JC09,name
FULTON,JC07,JC07,JC07,name
FULTON,JC08,JC08,JC08,name
FULTON,JC05,JC05,JC05,name
FULTON,JC04B,JC04B,JC04B,name
FULTON,JC03A,JC03A,JC03A,name
FULTON,JC04A,JC04A,JC04A,name
FULTON,JC03B,JC03B,JC03B,name
FULTON,JC06,JC06,JC06,name
FULTON,08E,08E,08E,name
FULTON,09F,09F,09F,name
FULTON,08N2,08N2,08N2,name
FULTON,08N1,08N1,08N1,name
FULTON,08F1,08F1,08F1,name
FULTON,08A,08A,08A,name
FULTON,08D,08D,08D,name
FULTON,SS09,SS09,SS09,name
FULTON,SS16,SS16,SS16,name
FULTON,JC01,JC01,JC01,name
FULTON,RW19,RW19,RW19,name
FULTON,ML01B,ML01B,ML01B,name
FULTON,ML012,ML012,ML012,name
FULTON,AP04A,AP04A,AP04A,name
FULTON,ML011,ML011,ML011,name
FULTON,AP04B,AP04B,AP04B,name
FULTON,02B,02B,02B,name
FULTON,05C,05C,05C,name
FULTON,02C,02C,02C,name
FULTON,02L2,02L2,02L2,name
FULTON,02L1,02L1,02L1,name
FULTON,06K,06K,06K,name
FULTON,08P,08P,08P,name
FULTON,08K,08K,08K,name
FULTON,08L,08L,08L,name
FULTON,05A2,05A2,05A2,name
FULTON,03G,03G,03G,name
FULTON,03T,03T,03T,name
FULTON,03P2,03P2,03P2,name
FULTON,02A,02A,02A,name
FULTON,03P1,03P1,03P1,name
FULTON,02X,02X,02X,name
FULTON,AP06,AP06,AP06,name
FULTON,AP07B,AP07B,AP07B,name
FULTON,ML02B,ML02B,ML02B,name
FULTON,AP10,AP10,AP10,name
FULTON,AP07A,AP07A,AP07A,name
FULTON,ML04,ML04,ML04,name
FULTON,11H,11H,11H,name
FULTON,10J,10J,10J,name
FULTON,EP03,EP03,EP03,name
FULTON,12L,12L,12L,name
FULTON,EP04,EP04,EP04,name
FULTON,12G,12G,12G,name
FULTON,12D,12D,12D,name
FULTON,ML02A,ML02A,ML02A,name
FULTON,ML03,ML03,ML03,name
FULTON,ML07A,ML07A,ML07A,name
FULTON,12B,12B,12B,name
FULTON,12S,12S,12S,name
FULTON,01J,01J,01J,name
FULTON,01C1,01C1,01C1,name
FULTON,12A,12A,12A,name
FULTON,04E,04E,04E,name
FULTON,04H2,04H2,04H2,name
FULTON,04B,04B,04B,name
FULTON,03E,03E,03E,name
FULTON,03U,03U,03U,name
FULTON,03L,03L,03L,name
FULTON,03M,03M,03M,name
FULTON,03N,03N,03N,name
FULTON,09G2,09G2,09G2,name
FULTON,08J,08J,08J,name
FULTON,ML06,ML06,ML06,name
FULTON,ML05,ML05,ML05,name
FULTON,AP05,AP05,AP05,name
FULTON,MP01,MP01,MP01,name
FULTON,ML07B,ML07B,ML07B,name
FULTON,AP09B,AP09B,AP09B,name
FULTON,HP01,HP01,HP01,name
FULTON,12E1,12E1,12E1,name
FULTON,07B,07B,07B,name
FULTON,SS10,SS10,SS10,name
FULTON,SS13B,SS13B,SS13B,name
FULTON,SS11D,SS11D,SS11D,name
FULTON,SS11B,SS11B,SS11B,name
FULTON,SS06,SS06,SS06,name
FULTON,SS05,SS05,SS05,name
FULTON,SS18A,SS18A,SS18A,name
FULTON,SS31,SS31,SS31,name
FULTON,SS03,SS03,SS03,name
FULTON,SS13A,SS13A,SS13A,name
FULTON,09K,09K,09K,name
FULTON,09M,09M,09M,name
FULTON,09E,09E,09E,name
FULTON,09A,09A,09A,name
FULTON,03A,03A,03A,name
FULTON,03D,03D,03D,name
FULTON,03B,03B,03B,name
FULTON,03R,03R,03R,name
FULTON,10D,10D,10D,name
FULTON,10E,10E,10E,name
FULTON,10P,10P,10P,name
FULTON,09C,09C,09C,name
FULTON,09B,09B,09B,name
FULTON,UC02B,UC02B,UC02B,name
FULTON,SC05B,SC05B,SC05B,name
FULTON,SC08C,SC08C,SC08C,name
FULTON,SC18B,SC18B,SC18B,name
FULTON,SC13B,SC13B,SC13B,name
FULTON,SC05A,SC05A,SC05A,name
FULTON,SC13A,SC13A,SC13A,name
FULTON,11C,11C,11C,name
FULTON,SC30A,SC30A,SC30A,name
FULTON,10A,10A,10A,name
FULTON,10C,10C,10C,name
FULTON,11N,11N,11N,name
FULTON,11M,11M,11M,name
FULTON,SC30B,SC30B,SC30B,name
FULTON,10L,10L,10L,name
FULTON,10R,10R,10R,name
FULTON,11A1,11A1,11A1,name
FULTON,11A2,11A2,11A2,name
FULTON,10H,10H,10H,name
FULTON,SC14,SC14,SC14,name
FULTON,EP05,EP05,EP05,name
FULTON,11B,11B,11B,name
FULTON,SC01B,SC01B,SC01B,name
FULTON,SC02,SC02,SC02,name
FULTON,SC16,SC16,SC16,name
FULTON,09L,09L,09L,name
FULTON,EP01A,EP01A,EP01A,name
FULTON,EP01B,EP01B,EP01B,name
FULTON,11R,11R,11R,name
FULTON,11K,11K,11K,name
FULTON,EP07B,EP07B,EP07B,name
FULTON,11G,11G,11G,name
FULTON,10G,10G,10G,name
FULTON,EP08D,EP08D,EP08D,name
FULTON,SC19B,SC19B,SC19B,name
FULTON,EP08A,EP08A,EP08A,name
FULTON,CP051,CP051,CP051,name
FULTON,CP07A,CP07A,CP07A,name
FULTON,11P,11P,11P,name
FULTON,EP11A,EP11A,EP11A,name
FULTON,EP10A,EP10A,EP10A,name
FULTON,SC17A,SC17A,SC17A,name
FULTON,SC17C,SC17C,SC17C,name
FULTON,SC19A,SC19A,SC19A,name
FULTON,EP08B,EP08B,EP08B,name
FULTON,SC18A,SC18A,SC18A,name
FULTON,11E3,11E3,11E3,name
FULTON,11E1,11E1,11E1,name
FULTON,11E2,11E2,11E2,name
FULTON,CP05B,CP05B,CP05B,name
FULTON,CP07B,CP07B,CP07B,name
FULTON,CP04,CP04,CP04,name
FULTON,EP11B,EP11B,EP11B,name
FULTON,CP012,CP012,CP012,name
FULTON,EP06A,EP06A,EP06A,name
FULTON,EP06B,EP06B,EP06B,name
FULTON,EP09,EP09,EP09,name
FULTON,CP011,CP011,CP011,name
FULTON,EP072,EP072,EP072,name
FULTON,UC02A,UC02A,UC02A,name
FULTON,SC08A,SC08A,SC08A,name
FULTON,SC08F,SC08F,SC08F,name
FULTON,12C,12C,12C,name
FULTON,04S,04S,04S,name
FULTON,04X1,04X1,04X1,name
FULTON,04M,04M,04M,name
FULTON,04T,04T,04T,name
FULTON,10M,10M,10M,name
FULTON,04X2,04X2,04X2,name
FULTON,04L,04L,04L,name
FULTON,04D,04D,04D,name
FULTON,04G,04G,04G,name
FULTON,04A,04A,04A,name
FULTON,04K,04K,04K,name
FULTON,04W,04W,04W,name
FULTON,10F,10F,10F,name
FULTON,03S,03S,03S,name
FULTON,09D,09D,09D,name
FULTON,03C,03C,03C,name
FULTON,03H,03H,03H,name
FULTON,07E,07E,07E,name
FULTON,07F,07F,07F,name
FULTON,07D,07D,07D,name
FULTON,07N,07N,07N,name
FULTON,07M,07M,07M,name
FULTON,07A,07A,07A,name
FULTON,07C,07C,07C,name
FULTON,JC12,JC12,JC12,name
FULTON,08H,08H,08H,name
FULTON,07K2,07K2,07K2,name
FULTON,06S,06S,06S,name
FULTON,06H,06H,06H,name
FULTON,06D,06D,06D,name
FULTON,AP01B,AP01B,AP01B,name
FULTON,12F,12F,12F,name
FULTON,04V,04V,04V,name
FULTON,02J,02J,02J,name
FULTON,01F,01F,01F,name
FULTON,01G,01G,01G,name
FULTON,01D,01D,01D,name
FULTON,05B,05B,05B,name
FULTON,01S,01S,01S,name
FULTON,01C2,01C2,01C2,name
FULTON,01T,01T,01T,name
FULTON,01P,01P,01P,name
FULTON,01R,01R,01R,name
FULTON,01E,01E,01E,name
FULTON,01A,01A,01A,name
FULTON,05A1,05A1,05A1,name
FULTON,01B,01B,01B,name
FULTON,12M,12M,12M,name
FULTON,12J,12J,12J,name
FULTON,12H,12H,12H,name
FULTON,12T,12T,12T,name
FULTON,02W,02W,02W,name
FULTON,06A,06A,06A,name
FULTON,06R,06R,06R,name
FULTON,07K1,07K1,07K1,name
FULTON,06L2,06L2,06L2,name
FULTON,02S,02S,02S,name
FULTON,02G,02G,02G,name
FULTON,02D,02D,02D,name
FULTON,02F2,02F2,02F2,name
FULTON,06G,06G,06G,name
FULTON,06B,06B,06B,name
FULTON,02E,02E,02E,name
FULTON,02F1,02F1,02F1,name
FULTON,06F,06F,06F,name
FULTON,06L1,06L1,06L1,name
FULTON,06J,06J,06J,name
FULTON,06E,06E,06E,name
FULTON,RW17,RW17,RW17,name
FULTON,RW04,RW04,RW04,name
FULTON,SS01,SS01,SS01,name
FULTON,RW20,RW20,RW20,name
FULTON,RW21A,RW21A,RW21A,name
FULTON,RW22A,RW22A,RW22A,name
FULTON,JC13B,JC13B,JC13B,name
FULTON,JC18A,JC18A,JC18A,name
FULTON,JC18B,JC18B,JC18B,name
FULTON,JC17,JC17,JC17,name
FULTON,AP01C,AP01C,AP01C,name
FULTON,JC16,JC16,JC16,name
FULTON,AP01A,AP01A,AP01A,name
FULTON,SS25,SS25,SS25,name
FULTON,RW21B,RW21B,RW21B,name
FULTON,JC19,JC19,JC19,name
FULTON,JC13A,JC13A,JC13A,name
FULTON,SS11A,SS11A,SS11A,name
FULTON,SS11C,SS11C,SS11C,name
FULTON,SS14,SS14,SS14,name
FULTON,SS12,SS12,SS12,name
FULTON,SS07C,SS07C,SS07C,name
FULTON,SS07B,SS07B,SS07B,name
FULTON,SS07A,SS07A,SS07A,name
FULTON,SS08B,SS08B,SS08B,name
FULTON,SS02B,SS02B,SS02B,name
FULTON,SS08C,SS08C,SS08C,name
FULTON,SS04,SS04,SS04,name
FULTON,SS08A,SS08A,SS08A,name
FULTON,SS29A,SS29A,SS29A,name
LINCOLN,3-B,TABERNACLE,Tabernacle,name
LINCOLN,4-B,MARTINS CROSSROAD,Martins Crossroad,name
LINCOLN,1-A,MIDWAY,Midway,name
LINCOLN,1-B,LINCOLN CLUB HOUSE,Lincoln Club House,name
LINCOLN,2,LINCOLN CENTER,Lincoln Center,name
LINCOLN,3-A,FAITH TEMPLE OF LINC,Faith Temple of Linc,name
LINCOLN,4-A,BETHANY CHURCH,Bethany Church,name
MCDUFFIE,132,AIRPORT,Airport,name
MCDUFFIE,139,WHITEOAK,Whiteoak,name
MCDUFFIE,131,QUEEN OF ANGELS,Queen of Angels,name
MCDUFFIE,137,MARSHALL CHURCH,Marshall Church,name
MCDUFFIE,133A,FORT CREEK,Fort Creek,name
MCDUFFIE,133B,DEARING GYM,Dearing Gym,name
MCDUFFIE,138,SHRINE,Shrine,name
MCDUFFIE,134,VANDERHORST,Vanderhorst,name
MCDUFFIE,135,SALEM ROAD,Salem Road,name
MCDUFFIE,136,THOMSON DEPOT,Thomson Depot,name
STEPHENS,3,TOCCOA #3,Toccoa #3,name
STEPHENS,5,CURRAHEE,Currahee,name
STEPHENS,8,BIG SMITH,Big Smith,name
STEPHENS,4,BROAD RIVER,Broad River,name
STEPHENS,1,TOCCOA #1,Toccoa #1,name
STEPHENS,6,MARTIN,Martin,name
STEPHENS,2,TOCCOA #2,Toccoa #2,name
STEPHENS,7,WOLF PIT,Wolf Pit,name
TALIAFERRO,172,SHARON,Sharon,name
TALIAFERRO,601,CRAWFORDVILLE,Crawfordville,name
WILKES,3B,RAYLE CITY HALL,Rayle City Hall,name
WILKES,4B,TIGNALL SCH LUNCH RM,Tignall Sch Lunch RM,name
WILKES,1,SENIOR CITIZEN CENTER,Senior Citizen Center,name
WILKES,3A,EDWARD B POPE CENTER,Edward B Pope Center,name
WILKES,4A,COURTHOUSE,Courthouse,name
WILKES,2A,YOUNG FARMER'S BLDG,Young Farmer's Bldg,name
WILKES,2B,METASVILLE FIRE STATION,Metasville Fire Station,name
GREENE,2,GRESHAMVILLE,Greshamville,name
GREENE,1,GREENSBORO,Greensboro,name
GREENE,5,SILOAM,Siloam,name
GREENE,6,WHITE PLAINS,White Plains,name
GREENE,8,OLD SALEM,Old Salem,name
GREENE,7,LIBERTY,Liberty,name
GREENE,3,WOODVILLE,Woodville,name
GREENE,4,UNION POINT,Union Point,name
OCONEE,3,ANTIOCH,Antioch,name
OCONEE,4,FARMINGTON,Farmington,name
OCONEE,5,BISHOP,Bishop,name
OCONEE,2,COLHAM FERRY,Colham Ferry,name
OCONEE,12,CIVIC CENTER,Civic Center,name
OCONEE,10,MALCOM BRIDGE,Malcom Bridge,name
OCONEE,13,CITY HALL,City Hall,name
OCONEE,1,ANNEX,Annex,name
OCONEE,11,ATHENS ACADEMY,Athens Academy,name
OCONEE,8,DARK CORNER,Dark Corner,name
OCONEE,6,HIGH SHOALS,High Shoals,name
OCONEE,7,NORTH OCONEE,North Oconee,name
OCONEE,9,BOGART,Bogart,name
MORGAN,2,BUCKHEAD,BUCKHEAD,name
MORGAN,3,BETH/SPRINGFIELD,BETH/SPRINGFIELD,name
MORGAN,5,CLACKS CHAPEL,CLACKS CHAPEL,name
MORGAN,4,MADISON SOUTH,MADISON SOUTH,name
MORGAN,11,WEST ROAD,WEST ROAD,name
MORGAN,9,APALACHEE,APALACHEE,name
MORGAN,7,RUTLEDGE,RUTLEDGE,name
MORGAN,6,WEST MORGAN,WEST MORGAN,name
MORGAN,8,BOSTWICK,BOSTWICK,name
MORGAN,1,MADISON EAST,MADISON EAST,name
MORGAN,10,MADISON WEST,MADISON WEST,name
NEWTON,4,ALCOVY,Alcovy,name
NEWTON,7,BRICK STORE,Brick Store,name
NEWTON,5,COVINGTON MILLS,Covington Mills,name
NEWTON,2,TOWN,Town,name
NEWTON,13,BEAVERDAM,Beaverdam,name
NEWTON,24,CROWELL,Crowell,name
NEWTON,8,CEDAR SHOALS,Cedar Shoals,name
NEWTON,3,ALMON,Almon,name
NEWTON,19,BUCK CREEK,Buck Creek,name
NEWTON,20,STANSELLS,Stansells,name
NEWTON,9,LIVINGSTON,Livingston,name
NEWTON,15,MANSFIELD,Mansfield,name
NEWTON,16,NEWBORN,Newborn,name
NEWTON,6,BREWERS,Brewers,name
NEWTON,14,LEGUINN,Leguinn,name
NEWTON,10,DOWNS,Downs,name
NEWTON,18,ROCKY PLAINS,Rocky Plains,name
NEWTON,1,CITY POND,City Pond,name
NEWTON,17,OXFORD,Oxford,name
NEWTON,12,GUM CREEK,Gum Creek,name
NEWTON,23,FAIRVIEW,Fairview,name
NEWTON,25,HUB,Hub,name
ROCKDALE,MA,MAGNET,Magnet,name
ROCKDALE,SA,SALEM,Salem,name
ROCKDALE,FI,FIELDSTONE,Fieldstone,name
ROCKDALE,BA,BARKSDALE,Barksdale,name
ROCKDALE,HC,HONEY CREEK,Honey Creek,name
ROCKDALE,SM,SMYRNA,Smyrna,name
ROCKDALE,RO,ROCKDALE,Rockdale,name
ROCKDALE,SP,ST. PIUS,St. Pius,name
ROCKDALE,LO,LORRAINE,Lorraine,name
ROCKDALE,ST,STANTON,Stanton,name
ROCKDALE,SH,SHEFFIELD,Sheffield,name
ROCKDALE,HI,HIGHTOWER,Hightower,name
ROCKDALE,BT,BETHEL,Bethel,name
ROCKDALE,CO,CONYERS,Conyers,name
ROCKDALE,LA,THE LAKES,The Lakes,name
ROCKDALE,OT,OLDE TOWNE,Olde Towne,name
ROCKDALE,FS,FLAT SHOALS,Flat Shoals,name
ROCKDALE,MI,MILSTEAD,Milstead,name
HENRY,43,PLEASANT GROVE,PLEASANT GROVE,name
HENRY,46,SHAKERAG,SHAKERAG,name
HENRY,45,SWAN LAKE,SWAN LAKE,name
HENRY,41,STAGECOACH,STAGECOACH,name
HENRY,56,LIGHTHOUSE,LIGHTHOUSE,name
HENRY,33,RED OAK,RED OAK,name
HENRY,54,STOCKBRIDGE CENTRAL,STOCKBRIDGE CENTRAL,name
HENRY,40,STOCKBRIDGE WEST,STOCKBRIDGE WEST,name
HENRY,39,STOCKBRIDGE EAST,STOCKBRIDGE EAST,name
HENRY,34,WESLEY LAKES,WESLEY LAKES,name
HENRY,28,WESTSIDE,WESTSIDE,name
HENRY,60,LAKE HAVEN,LAKE HAVEN,name
HENRY,53,FLIPPEN,FLIPPEN,name
HENRY,38,HICKORY FLAT,HICKORY FLAT,name
HENRY,42,COTTON INDIAN,COTTON INDIAN,name
HENRY,61,MCDONOUGH CENTRAL,MCDONOUGH CENTRAL,name
HENRY,52,LAKE DOW,LAKE DOW,name
HENRY,37,EAST LAKE,EAST LAKE,name
HENRY,36,MCMULLEN,MCMULLEN,name
HENRY,62,TIMBERRIDGE,TIMBERRIDGE,name
HENRY,55,KELLEYTOWN,KELLEYTOWN,name
HENRY,27,SANDY RIDGE,SANDY RIDGE,name
HENRY,58,MT. BETHEL,MT. BETHEL,name
HENRY,31,NORTH HAMPTON,NORTH HAMPTON,name
HENRY,30,SOUTH HAMPTON,SOUTH HAMPTON,name
HENRY,25,LOCUST GROVE,LOCUST GROVE,name
HENRY,49,SHILOH,SHILOH,name
HENRY,48,UNITY GROVE,UNITY GROVE,name
HENRY,59,GROVE PARK,GROVE PARK,name
HENRY,26,TUSSAHAW,TUSSAHAW,name
HENRY,35,MCDONOUGH,MCDONOUGH,name
HENRY,29,LOWES,LOWES,name
HENRY,32,MT. CARMEL,MT. CARMEL,name
HENRY,51,OAKLAND,OAKLAND,name
HENRY,57,DUTCHTOWN,DUTCHTOWN,name
HENRY,50,PATES CREEK,PATES CREEK,name
HENRY,44,AUSTIN ROAD,AUSTIN ROAD,name
HENRY,47,ELLENWOOD,ELLENWOOD,name
DEKALB,FG,FLAT ROCK ELEM,FLAT ROCK ELEM,name
DEKALB,CF,CANDLER-MURPHEY CANDLER ELEM,CANDLER-MURPHEY CANDLER ELEM,name
DEKALB,OV,OAK VIEW ELEM,OAK VIEW ELEM,name
DEKALB,HH,HARRIS-NARVIE J. HARRIS ELEM,HARRIS-NARVIE J. HARRIS ELEM,name
DEKALB,FK,FLAKES MILL FIRE STATION,FLAKES MILL FIRE STATION,name
DEKALB,FE,FLAT SHOALS PARKWAY,FLAT SHOALS PARKWAY,name
DEKALB,CG,CHAPEL HILL ELEM,CHAPEL HILL ELEM,name
DEKALB,DI,DUNWOODY LIBRARY,DUNWOODY LIBRARY,name
DEKALB,AD,AUSTIN,AUSTIN,name
DEKALB,MQ,MT. VERNON EAST,MT. VERNON EAST,name
DEKALB,RG,ROWLAND ELEM,ROWLAND ELEM,name
DEKALB,DE,DUNAIRE ELEM,DUNAIRE ELEM,name
DEKALB,AA,ALLGOOD ELEM,ALLGOOD ELEM,name
DEKALB,IB,INDIAN CREEK ELEM,INDIAN CREEK ELEM,name
DEKALB,CK,CLARKSTON,CLARKSTON,name
DEKALB,MN,MEMORIAL SOUTH,MEMORIAL SOUTH,name
DEKALB,MM,MEMORIAL NORTH,MEMORIAL NORTH,name
DEKALB,PH,PANOLA,PANOLA,name
DEKALB,SK,SHADOW ROCK ELEM,SHADOW ROCK ELEM,name
DEKALB,SP,STONE MOUNTAIN CHAMPION,STONE MOUNTAIN CHAMPION,name
DEKALB,SQ,STONE MOUNTAIN LIBRARY,STONE MOUNTAIN LIBRARY,name
DEKALB,HA,HAMBRICK ELEM,HAMBRICK ELEM,name
DEKALB,RE,ROCKBRIDGE ELEM,ROCKBRIDGE ELEM,name
DEKALB,SJ,STONE MILL ELEM,STONE MILL ELEM,name
DEKALB,MA,MILLER-ELDRIDGE L. MILLER ELEM,MILLER-ELDRIDGE L. MILLER ELEM,name
DEKALB,SU,SOUTH HAIRSTON,SOUTH HAIRSTON,name
DEKALB,MZ,MILLER GROVE HIGH,MILLER GROVE HIGH,name
DEKALB,LH,LITHONIA HIGH,LITHONIA HIGH,name
DEKALB,RH,REDAN-TROTTI LIBRARY,REDAN-TROTTI LIBRARY,name
DEKALB,WD,WOODROW ROAD,WOODROW ROAD,name
DEKALB,LD,LITHONIA,LITHONIA,name
DEKALB,WB,WESLEY CHAPEL LIBRARY,WESLEY CHAPEL LIBRARY,name
DEKALB,SS,SNAPFINGER ROAD SOUTH,SNAPFINGER ROAD SOUTH,name
DEKALB,MF,MCWILLIAMS,MCWILLIAMS,name
DEKALB,MI,MILLER GROVE MIDDLE,MILLER GROVE MIDDLE,name
DEKALB,BM,BETHUNE MIDDLE,BETHUNE MIDDLE,name
DEKALB,CP,CROSSROADS,CROSSROADS,name
DEKALB,FA,FAIRINGTON ELEM,FAIRINGTON ELEM,name
DEKALB,PR,PANOLA ROAD,PANOLA ROAD,name
DEKALB,PI,PANOLA WAY ELEM,PANOLA WAY ELEM,name
DEKALB,YA,YOUNG ROAD,YOUNG ROAD,name
DEKALB,MB,MCNAIR HIGH,MCNAIR HIGH,name
DEKALB,ML,MEADOWVIEW ELEM,MEADOWVIEW ELEM,name
DEKALB,GC,GRESHAM ROAD,GRESHAM ROAD,name
DEKALB,RM,REDAN MIDDLE,REDAN MIDDLE,name
DEKALB,MC,MARBUT ELEM,MARBUT ELEM,name
DEKALB,RK,REDAN ROAD,REDAN ROAD,name
DEKALB,WG,WOODRIDGE ELEM,WOODRIDGE ELEM,name
DEKALB,RJ,ROWLAND ROAD,ROWLAND ROAD,name
DEKALB,WK,WHITE OAK,WHITE OAK,name
DEKALB,FM,FREEDOM MIDDLE,FREEDOM MIDDLE,name
DEKALB,PE,PINE LAKE,PINE LAKE,name
DEKALB,SN,SHAMROCK,SHAMROCK,name
DEKALB,ND,NORTHLAKE,NORTHLAKE,name
DEKALB,BD,BRIARLAKE ELEM,BRIARLAKE ELEM,name
DEKALB,RD,REHOBOTH,REHOBOTH,name
DEKALB,WI,WARREN TECH,WARREN TECH,name
DEKALB,MW,MIDVALE ROAD,MIDVALE ROAD,name
DEKALB,HC,HENDERSON MILL ELEM,HENDERSON MILL ELEM,name
DEKALB,MK,MONTREAL,MONTREAL,name
DEKALB,JB,JOLLY ELEM,JOLLY ELEM,name
DEKALB,IA,IDLEWOOD ELEM,IDLEWOOD ELEM,name
DEKALB,BH,BROCKETT,BROCKETT,name
DEKALB,KD,KING-ML KING JR HIGH,KING-ML KING JR HIGH,name
DEKALB,BJ,BROWNS MILL ELEM,BROWNS MILL ELEM,name
DEKALB,SM,SALEM MIDDLE,SALEM MIDDLE,name
DEKALB,MV,MILLER GROVE ROAD,MILLER GROVE ROAD,name
DEKALB,CC,COLUMBIA ELEM,COLUMBIA ELEM,name
DEKALB,FL,FLAT SHOALS LIBRARY,FLAT SHOALS LIBRARY,name
DEKALB,SF,SKYLAND,,unmatched
DEKALB,AB,ASHFORD PARK ELEM,ASHFORD PARK ELEM,name
DEKALB,OA,OAK GROVE ELEM,OAK GROVE ELEM,name
DEKALB,CW,CORALWOOD,CORALWOOD,name
DEKALB,SA,SAGAMORE HILLS ELEM,SAGAMORE HILLS ELEM,name
DEKALB,LA,LAKESIDE HIGH,LAKESIDE HIGH,name
DEKALB,DC,DRESDEN ELEM,DRESDEN ELEM,name
DEKALB,PF,PLEASANTDALE ELEM,PLEASANTDALE ELEM,name
DEKALB,NC,NORTH HAIRSTON,NORTH HAIRSTON,name
DEKALB,BC,BRIAR VISTA ELEM,BRIAR VISTA ELEM,name
DEKALB,DH,DRUID HILLS HIGH,DRUID HILLS HIGH,name
DEKALB,ER,EMORY ROAD,EMORY ROAD,name
DEKALB,LB,LAVISTA ROAD,LAVISTA ROAD,name
DEKALB,OK,OAKHURST,OAKHURST,name
DEKALB,RN,RENFROE MIDDLE,RENFROE MIDDLE,name
DEKALB,PG,PONCE DE LEON,PONCE DE LEON,name
DEKALB,LC,LAVISTA,LAVISTA,name
DEKALB,WJ,WOODWARD ELEM,WOODWARD ELEM,name
DEKALB,CO,CROSS KEYS HIGH,CROSS KEYS HIGH,name
DEKALB,HI,HARRIS-MARGARET HARRIS ED,HARRIS-MARGARET HARRIS ED,name
DEKALB,BG,BRIARCLIFF,BRIARCLIFF,name
DEKALB,MJ,MONTCLAIR ELEM,MONTCLAIR ELEM,name
DEKALB,BE,BRIARWOOD,BRIARWOOD,name
DEKALB,BI,BROOKHAVEN,BROOKHAVEN,name
DEKALB,SE,SILVER LAKE,SILVER LAKE,name
DEKALB,SL,STONEVIEW ELEM,STONEVIEW ELEM,name
DEKALB,PC,PRINCETON ELEM,PRINCETON ELEM,name
DEKALB,RC,REDAN ELEM,REDAN ELEM,name
DEKALB,SV,STEPHENSON HIGH,STEPHENSON HIGH,name
DEKALB,SD,STONE MOUNTAIN ELEM,STONE MOUNTAIN ELEM,name
DEKALB,AE,AVONDALE,AVONDALE,name
DEKALB,MO,MIDWAY ELEM,MIDWAY ELEM,name
DEKALB,CU,COVINGTON,COVINGTON,name
DEKALB,NB,NORTH DECATUR,NORTH DECATUR,name
DEKALB,ME,MCLENDON,MCLENDON,name
DEKALB,VB,VALLEY BROOK,VALLEY BROOK,name
DEKALB,SC,SHAW-ROBERT SHAW ELEM,SHAW-ROBERT SHAW ELEM,name
DEKALB,CT,COVINGTON HWY LIBRARY,COVINGTON HWY LIBRARY,name
DEKALB,BF,BROCKETT ELEM,BROCKETT ELEM,name
DEKALB,SI,STONE MOUNTAIN MIDDLE,STONE MOUNTAIN MIDDLE,name
DEKALB,TF,TUCKER,TUCKER,name
DEKALB,HG,HUGH HOWELL,HUGH HOWELL,name
DEKALB,SH,SMOKE RISE ELEM,SMOKE RISE ELEM,name
DEKALB,RF,ROCK CHAPEL ELEM,ROCK CHAPEL ELEM,name
DEKALB,RI,ROCKBRIDGE ROAD,ROCKBRIDGE ROAD,name
DEKALB,WN,WYNBROOKE ELEM,WYNBROOKE ELEM,name
DEKALB,ST,STEPHENSON MIDDLE,STEPHENSON MIDDLE,name
DEKALB,SO,SOUTH DESHON,SOUTH DESHON,name
DEKALB,RL,ROCK CHAPEL ROAD,ROCK CHAPEL ROAD,name
DEKALB,BR,BURGESS ELEM,BURGESS ELEM,name
DEKALB,MT,METROPOLITAN,METROPOLITAN,name
DEKALB,PN,PINEY GROVE,PINEY GROVE,name
DEKALB,TA,TERRY MILL ELEM,TERRY MILL ELEM,name
DEKALB,CL,CLIFTON ELEM,CLIFTON ELEM,name
DEKALB,CR,CEDAR GROVE MIDDLE,CEDAR GROVE MIDDLE,name
DEKALB,FJ,FLAT SHOALS,FLAT SHOALS,name
DEKALB,KC,KELLEY CHAPEL ROAD,KELLEY CHAPEL ROAD,name
DEKALB,CA,COLUMBIA DRIVE,COLUMBIA DRIVE,name
DEKALB,AF,AUSTIN DRIVE,AUSTIN DRIVE,name
DEKALB,CB,CANBY LANE ELEM,CANBY LANE ELEM,name
DEKALB,SR,SNAPFINGER ROAD NORTH,SNAPFINGER ROAD NORTH,name
DEKALB,GF,GLENWOOD ROAD,GLENWOOD ROAD,name
DEKALB,GB,GLENHAVEN,GLENHAVEN,name
DEKALB,AI,AVONDALE HIGH,AVONDALE HIGH,name
DEKALB,BL,BOULDERCREST RD,BOULDERCREST RD,name
DEKALB,CS,CEDAR GROVE SOUTH,CEDAR GROVE SOUTH,name
DEKALB,CD,CEDAR GROVE ELEM,CEDAR GROVE ELEM,name
DEKALB,CM,COLUMBIA MIDDLE,COLUMBIA MIDDLE,name
DEKALB,TC,TONEY ELEM,TONEY ELEM,name
DEKALB,KE,KNOLLWOOD ELEM,KNOLLWOOD ELEM,name
DEKALB,WA,WADSWORTH ELEM,WADSWORTH ELEM,name
DEKALB,SG,SNAPFINGER ELEM,SNAPFINGER ELEM,name
DEKALB,PA,PEACHCREST ELEM,PEACHCREST ELEM,name
DEKALB,MR,MATHIS-BOB MATHIS ELEM,MATHIS-BOB MATHIS ELEM,name
DEKALB,RA,RAINBOW ELEM,RAINBOW ELEM,name
DEKALB,CV,CLAIREMONT EAST,CLAIREMONT EAST,name
DEKALB,WF,WINNONA PARK ELEM,WINNONA PARK ELEM,name
DEKALB,GA,GLENNWOOD,GLENNWOOD,name
DEKALB,CI,CLAIREMONT WEST,CLAIREMONT WEST,name
DEKALB,SB,SCOTT,SCOTT,name
DEKALB,MG,MEDLOCK ELEM,MEDLOCK ELEM,name
DEKALB,CJ,CLAIRMONT HILLS,CLAIRMONT HILLS,name
DEKALB,FC,FLAT SHOALS ELEM,FLAT SHOALS ELEM,name
DEKALB,MP,MCNAIR ACADEMY,MCNAIR ACADEMY,name
DEKALB,EA,EAST LAKE ELEM,EAST LAKE ELEM,name
DEKALB,MD,MCNAIR MIDDLE,MCNAIR MIDDLE,name
DEKALB,KA,KELLEY LAKE ELEM,KELLEY LAKE ELEM,name
DEKALB,CQ,CANDLER,CANDLER,name
DEKALB,CN,COAN MIDDLE,COAN MIDDLE,name
DEKALB,EE,EPWORTH,EPWORTH,name
DEKALB,LE,LIN-MARY LIN ELEM,LIN-MARY LIN ELEM,name
DEKALB,BB,BOULEVARD,BOULEVARD,name
DEKALB,FB,FERNBANK ELEM,FERNBANK ELEM,name
DEKALB,EG,EMORY SOUTH,EMORY SOUTH,name
DEKALB,JA,JOHNSON ESTATES,JOHNSON ESTATES,name
DEKALB,KB,KINGSLEY ELEM,KINGSLEY ELEM,name
DEKALB,CE,CHAMBLEE,CHAMBLEE,name
DEKALB,KF,KITTREDGE CHAMBLEE,KITTREDGE CHAMBLEE,name
DEKALB,HF,HUNTLEY HILLS ELEM,HUNTLEY HILLS ELEM,name
DEKALB,PB,PEACHTREE MIDDLE,PEACHTREE MIDDLE,name
DEKALB,DG,DUNWOODY ELEM,DUNWOODY ELEM,name
DEKALB,CH,CHESNUT ELEM,CHESNUT ELEM,name
DEKALB,TG,TILLY MILL ROAD,TILLY MILL ROAD,name
DEKALB,EF,EVANSDALE ELEM,EVANSDALE ELEM,name
DEKALB,MH,MIDVALE ELEM,MIDVALE ELEM,name
DEKALB,TH,TUCKER LIBRARY,TUCKER LIBRARY,name
DEKALB,LV,LIVSEY ELEM,LIVSEY ELEM,name
DEKALB,DB,DORAVILLE SOUTH,DORAVILLE SOUTH,name
DEKALB,HB,HAWTHORNE ELEM,HAWTHORNE ELEM,name
DEKALB,AG,ASHFORD DUNWOODY RD,ASHFORD DUNWOODY RD,name
DEKALB,AH,ASHFORD PARKSIDE,ASHFORD PARKSIDE,name
DEKALB,MU,MONTGOMERY ELEM,MONTGOMERY ELEM,name
DEKALB,GD,GEORGETOWN SQUARE,GEORGETOWN SQUARE,name
DEKALB,DF,DUNWOODY,DUNWOODY,name
DEKALB,MS,MT. VERNON WEST,MT. VERNON WEST,name
DEKALB,DA,DORAVILLE NORTH,DORAVILLE NORTH,name
DEKALB,OB,OAKCLIFF ELEM,OAKCLIFF ELEM,name
DEKALB,NF,NORTH PEACHTREE,NORTH PEACHTREE,name
DEKALB,EC,EMBRY HILLS,EMBRY HILLS,name
DEKALB,WL,WINTERS CHAPEL,WINTERS CHAPEL,name
CLAYTON,JB17,JONESBORO 17,JONESBORO 17,name
CLAYTON,JB02,JONESBORO 2,JONESBORO 2,name
CLAYTON,RD09,RIVERDALE 9,RIVERDALE 9,name
CLAYTON,JB16,JONESBORO 16,JONESBORO 16,name
CLAYTON,RD05,RIVERDALE 5,RIVERDALE 5,name
CLAYTON,JB03,JONESBORO 3,JONESBORO 3,name
CLAYTON,JB10,JONESBORO 10,JONESBORO 10,name
CLAYTON,JB09,JONESBORO 9,JONESBORO 9,name
CLAYTON,JB08,JONESBORO 8,JONESBORO 8,name
CLAYTON,MO8,MORROW 8,MORROW 8,name
CLAYTON,MO5,MORROW 5,MORROW 5,name
CLAYTON,RD07,RIVERDALE 7,RIVERDALE 7,name
CLAYTON,FP3,FOREST PARK 3,FOREST PARK 3,name
CLAYTON,RD06,RIVERDALE 6,RIVERDALE 6,name
CLAYTON,JB15,JONESBORO 15,JONESBORO 15,name
CLAYTON,FP5,FOREST PARK 5,FOREST PARK 5,name
CLAYTON,FP6,FOREST PARK 6,FOREST PARK 6,name
CLAYTON,RD04,RIVERDALE 4,RIVERDALE 4,name
CLAYTON,RD08,RIVERDALE 8,RIVERDALE 8,name
CLAYTON,RD01,RIVERDALE 1,RIVERDALE 1,name
CLAYTON,RD03,RIVERDALE 3,RIVERDALE 3,name
CLAYTON,OAK4,OAK 4,OAK 4,name
CLAYTON,OAK2,OAK 2,OAK 2,name
CLAYTON,RD10,RIVERDALE 10,RIVERDALE 10,name
CLAYTON,OAK3,OAK 3,OAK 3,name
CLAYTON,RD11,RIVERDALE 11,RIVERDALE 11,name
CLAYTON,JB18,JONESBORO 18,JONESBORO 18,name
CLAYTON,JB11,JONESBORO 11,JONESBORO 11,name
CLAYTON,JB07,JONESBORO 7,JONESBORO 7,name
CLAYTON,JB06,JONESBORO 6,JONESBORO 6,name
CLAYTON,RD02,RIVERDALE 2,RIVERDALE 2,name
CLAYTON,JB12,JONESBORO 12,JONESBORO 12,name
CLAYTON,RD12,RIVERDALE 12,RIVERDALE 12,name
CLAYTON,JB01,JONESBORO 1,JONESBORO 1,name
CLAYTON,PH1,PANHANDLE 1,PANHANDLE 1,name
CLAYTON,JB13,JONESBORO 13,JONESBORO 13,name
CLAYTON,LJ4,LOVEJOY 4,LOVEJOY 4,name
CLAYTON,LJ5,LOVEJOY 5,LOVEJOY 5,name
CLAYTON,PH2,PANHANDLE 2,PANHANDLE 2,name
CLAYTON,JB04,JONESBORO 4,JONESBORO 4,name
CLAYTON,LJ3,LOVEJOY 3,LOVEJOY 3,name
CLAYTON,LJ1,LOVEJOY 1,LOVEJOY 1,name
CLAYTON,LJ2,LOVEJOY 2,LOVEJOY 2,name
CLAYTON,JB05,JONESBORO 5,JONESBORO 5,name
CLAYTON,JB14,JONESBORO 14,JONESBORO 14,name
CLAYTON,OAK1,OAK 1,OAK 1,name
CLAYTON,FP4,FOREST PARK 4,FOREST PARK 4,name
CLAYTON,FP1,FOREST PARK 1,FOREST PARK 1,name
CLAYTON,LC1,LAKE CITY,LAKE CITY,name
CLAYTON,MO4,MORROW 4,MORROW 4,name
CLAYTON,MO9,MORROW 9,MORROW 9,name
CLAYTON,MO6,MORROW 6,MORROW 6,name
CLAYTON,MO3,MORROW 3,MORROW 3,name
CLAYTON,MO1,MORROW 1,MORROW 1,name
CLAYTON,EW1,ELLENWOOD,ELLENWOOD,name
CLAYTON,FP2,FOREST PARK 2,FOREST PARK 2,name
CLAYTON,MO2,MORROW 2,MORROW 2,name
CLAYTON,MO7,MORROW 7,MORROW 7,name
PICKENS,11,APPALACHIAN,APPALACHIAN,name
PICKENS,7,TALKING ROCK,TALKING ROCK,name
PICKENS,8,JASPER,JASPER,name
PICKENS,4,JERUSALEM,JERUSALEM,name
PICKENS,5,LUDVILLE,LUDVILLE,name
PICKENS,3,HINTON,HINTON,name
PICKENS,2,HILL,HILL,name
PICKENS,9,TOWNSEND,TOWNSEND,name
PICKENS,12,REFUGE,REFUGE,name
PICKENS,6,NELSON,NELSON,name
PICKENS,1,YELLOW CREEK,YELLOW CREEK,name
PICKENS,10,SHARPTOP,SHARPTOP,name
GILMER,11,YUKON,YUKON,name
GILMER,4,TOWN CREEK,TOWN CREEK,name
GILMER,5,LEACHES,LEACHES,name
GILMER,2,CARTECAY,CARTECAY,name
GILMER,12,BIG CREEK,BIG CREEK,name
GILMER,6,CHERRY LOG,CHERRY LOG,name
GILMER,1,ELLIJAY SOUTH,ELLIJAY SOUTH,name
GILMER,10,ELLIJAY NORTH,ELLIJAY NORTH,name
GILMER,9,EAST ELLIJAY,EAST ELLIJAY,name
GILMER,13,ELLIJAY NORTHEAST,ELLIJAY NORTHEAST,name
GILMER,7,BOARDTOWN,BOARDTOWN,name
GILMER,3,TAILS CREEK,TAILS CREEK,name
GILMER,8,MOUNTAINTOWN,MOUNTAINTOWN,name
PAULDING,12B,AUSTIN MIDDLE SCHOOL,AUSTIN MIDDLE SCHOOL,name
PAULDING,08B,SARA RAGSDALE ELM SC,SARA RAGSDALE ELM SC,name
PAULDING,02B,NORTHSIDE ELEM SCH,NORTHSIDE ELEM SCH,name
PAULDING,03C,MOSES MIDDLE SCHOOL,MOSES MIDDLE SCHOOL,name
PAULDING,01C,SAMMY MCCLURE MID SC,SAMMY MCCLURE MID SC,name
PAULDING,14C,CARL SCOGGINS MID SC,CARL SCOGGINS MID SC,name
PAULDING,04C,RUSSOM ELEM SCH,RUSSOM ELEM SCH,name
PAULDING,11C,TAYLOR FARM PARK,TAYLOR FARM PARK,name
PAULDING,13B,NEBO ELEMENTARY SCH,NEBO ELEMENTARY SCH,name
PAULDING,09B,PAULDING CO HIGH SC,PAULDING CO HIGH SC,name
PAULDING,06B,WATSON GOVT COMPLEX,WATSON GOVT COMPLEX,name
PAULDING,10B,HIRAM HIGH SCHOOL,HIRAM HIGH SCHOOL,name
PAULDING,07B,HOPE CHURCH,HOPE CHURCH,name
PAULDING,05B,MT TABOR PARK,MT TABOR PARK,name
DOUGLAS,1272,BILL ARP,BILL ARP,name
DOUGLAS,736S,HOLLY SPRINGS,HOLLY SPRINGS,name
DOUGLAS,1260,FAIRPLAY M S,FAIRPLAY M S,name
DOUGLAS,1271,EPHESUS BAPTIST CHUR,EPHESUS BAPTIST CHUR,name
DOUGLAS,1258,MIRROR LAKE ELEMENTA,MIRROR LAKE ELEMENTA,name
DOUGLAS,784,FACTORY SHOALS,FACTORY SHOALS,name
DOUGLAS,1275,LITHIA HIGH SCHOOL,LITHIA HIGH SCHOOL,name
DOUGLAS,785,BOUNDARY WATERS,BOUNDARY WATERS,name
DOUGLAS,729,GOLDEN METHODIST CH,GOLDEN METHODIST CH,name
DOUGLAS,732,STEWART,STEWART,name
DOUGLAS,736N,CHAPEL HILL,CHAPEL HILL,name
DOUGLAS,739,LUTHERAN CHURCH - GS,LUTHERAN CHURCH - GS,name
DOUGLAS,740,FIRST BAPTIST CHURCH,FIRST BAPTIST CHURCH,name
DOUGLAS,737,CHESTNUT LOG,CHESTNUT LOG,name
DOUGLAS,1276,DEER LICK,DEER LICK,name
DOUGLAS,731,BEULAH,BEULAH,name
DOUGLAS,1273,TURNER,TURNER,name
DOUGLAS,734,BRIGHT STAR,BRIGHT STAR,name
DOUGLAS,735,DORSETT SHOALS,DORSETT SHOALS,name
DOUGLAS,1259,WINSTON,WINSTON,name
DOUGLAS,738,ST JULIANS EPISCOPAL,ST JULIANS EPISCOPAL,name
DOUGLAS,733,ARBOR STATION,ARBOR STATION,name
DOUGLAS,730,DOUGLASVILLE,DOUGLASVILLE,name
DOUGLAS,1274,ANNETTE WINN SCHOOL,ANNETTE WINN SCHOOL,name
DOUGLAS,1270,COLONIAL HILLS,COLONIAL HILLS,name
CARROLL,1111,BOWDON (1111),BOWDON (1111),name
CARROLL,1533,TYUS (1533),TYUS (1533),name
CARROLL,1542,HULETT (1542),HULETT (1542),name
CARROLL,1540,FAIRFIELD (1540),FAIRFIELD (1540),name
CARROLL,714A2,EAST CARROLLTON REC (714A2),EAST CARROLLTON REC (714A2),name
CARROLL,501,BETHANY (501),BETHANY (501),name
CARROLL,1152,CENTER POINT (1152),CENTER POINT (1152),name
CARROLL,713,ROOPVILLE (713),ROOPVILLE (713),name
CARROLL,714BW,OLD CAMP CHURCH (714BW),OLD CAMP CHURCH (714BW),name
CARROLL,715,OAK GROVE (715),OAK GROVE (715),name
CARROLL,1163,LOWELL (1163),LOWELL (1163),name
CARROLL,1483,CLEM (1483),CLEM (1483),name
CARROLL,714A3,BONNER (714A3),BONNER (714A3),name
CARROLL,714A4,UNIVERSITY OF W. GA (714A4),UNIVERSITY OF W. GA (714A4),name
CARROLL,714A6,TABERNACLE CHURCH (714A6),TABERNACLE CHURCH (714A6),name
CARROLL,1371,BURWELL (1371),BURWELL (1371),name
CARROLL,716,NEW HOPE (716),NEW HOPE (716),name
CARROLL,1240,MT ZION (1240),MT ZION (1240),name
CARROLL,1006,KANSAS (1006),KANSAS (1006),name
CARROLL,682,WHITESBURG (682),WHITESBURG (682),name
CARROLL,642,VILLA RICA CITY (642),VILLA RICA CITY (642),name
CARROLL,1122,SANDHILL (1122),SANDHILL (1122),name
CARROLL,650,TEMPLE CITY (650),TEMPLE CITY (650),name
CARROLL,649,TEMPLE COUNTY (649),TEMPLE COUNTY (649),name
CARROLL,640,V R COUNTY SOUTH (640),V R COUNTY SOUTH (640),name
CARROLL,641,V R COUNTY NORTH (641),V R COUNTY NORTH (641),name
CARROLL,714A1,WEST CARROLLTON (714A1),WEST CARROLLTON (714A1),name
CARROLL,714A5,COUNTY ADMIN BLDG (714A5),COUNTY ADMIN BLDG (714A5),name
CARROLL,1496,BOWDON JUNCTION (1496),BOWDON JUNCTION (1496),name
CARROLL,714BN,EMC (714BN),EMC (714BN),name
TROUP,7,EAST VERNON,EAST VERNON,name
TROUP,5,WEST POINT,WEST POINT,name
TROUP,3,HAMMETT RD,HAMMETT RD,name
TROUP,10,MCLENDON,MCLENDON,name
TROUP,12,GARDNER NEWMAN,GARDNER NEWMAN,name
TROUP,2,ADMINISTRATION BLDG,ADMINISTRATION BLDG,name
TROUP,4,GRIGGS CENTER,GRIGGS CENTER,name
TROUP,8,ROSEMONT,ROSEMONT,name
TROUP,15,HIGHLAND,HIGHLAND,name
TROUP,6,HOGANSVILLE,HOGANSVILLE,name
TROUP,9,MOUNTVILLE,MOUNTVILLE,name
TROUP,11,LONG CANE,LONG CANE,name
TROUP,13,GRAY HILL,GRAY HILL,name
TROUP,14,LEES CROSSING,LEES CROSSING,name
TROUP,1,HOLLIS HAND,HOLLIS HAND,name
TROUP,16,NORTHSIDE,NORTHSIDE,name
WHITFIELD,VA,VARNELL,VARNELL,name
WHITFIELD,CO,COHUTTA,COHUTTA,name
WHITFIELD,5A,5A,5A,name
WHITFIELD,PG,PLEASANT GROVE,PLEASANT GROVE,name
WHITFIELD,4A,4A,4A,name
WHITFIELD,3A,3A,3A,name
WHITFIELD,1A,1A,1A,name
WHITFIELD,6A,6A,6A,name
WHITFIELD,TI,TILTON,TILTON,name
WHITFIELD,DG,DUG GAP,DUG GAP,name
WHITFIELD,AN,ANTIOCH,ANTIOCH,name
WHITFIELD,MC,MILL CREEK,MILL CREEK,name
WHITFIELD,GL,GROVE LEVEL,GROVE LEVEL,name
WHITFIELD,NI,NINTH,NINTH,name
WHITFIELD,ES,EASTSIDE,EASTSIDE,name
WHITFIELD,FI,FINCHER,FINCHER,name
WHITFIELD,TR,TRICHUM,TRICHUM,name
WHITFIELD,CA,CARBONDALE,CARBONDALE,name
WHITFIELD,WS,WESTSIDE,WESTSIDE,name
WHITFIELD,2A,2A,2A,name
WHITFIELD,TH,TUNNEL HILL,TUNNEL HILL,name
WHITFIELD,LT,LOWER TENTH,LOWER TENTH,name
WHITFIELD,UT,UPPER TENTH,UPPER TENTH,name
HEARD,ROO,ROOSTERVILLE,ROOSTERVILLE,name
HEARD,CEN,CENTRALHATCHEE,CENTRALHATCHEE,name
HEARD,GLE,GLENLOCH,GLENLOCH,name
HEARD,ENO,ENON GROVE,ENON GROVE,name
HEARD,COO,COOKSVILLE - CORINTH,COOKSVILLE - CORINTH,name
HEARD,WAL,WALNUT HILL,WALNUT HILL,name
HEARD,EPH,EPHESUS,EPHESUS,name
HEARD,SOU,SOUTHWEST,SOUTHWEST,name
HEARD,FRA,FRANKLIN,FRANKLIN,name
COWETA,4,DRESDEN,DRESDEN,name
COWETA,8,CEDAR CREEK,CEDAR CREEK,name
COWETA,22,MADRAS,MADRAS,name
COWETA,16,TURKEY CREEK,TURKEY CREEK,name
COWETA,17,CENTRAL,CENTRAL,name
COWETA,19,GREENTOP,GREENTOP,name
COWETA,11,WELCOME,WELCOME,name
COWETA,15,SMOKEY ROAD,SMOKEY ROAD,name
COWETA,24,WESTSIDE,WESTSIDE,name
COWETA,5,NEWNAN,NEWNAN,name
COWETA,20,EXPO CENTER,EXPO CENTER,name
COWETA,12,PANTHER CREEK,PANTHER CREEK,name
COWETA,3,PINE ROAD,PINE ROAD,name
COWETA,9,GRANTVILLE,GRANTVILLE,name
COWETA,27,EBENEZER CHURCH ROAD,EBENEZER CHURCH ROAD,name
COWETA,26,THOMAS CROSSROADS,THOMAS CROSSROADS,name
COWETA,6,SHARPSBURG,SHARPSBURG,name
COWETA,2,MORELAND,MORELAND,name
COWETA,14,TURIN,TURIN,name
COWETA,10,HARALSON,HARALSON,name
COWETA,1,SENOIA,SENOIA,name
COWETA,28,JEFFERSON PARKWAY,JEFFERSON PARKWAY,name
COWETA,13,RAYMOND,RAYMOND,name
COWETA,18,ARTS CENTRE,ARTS CENTRE,name
COWETA,21,WHITE OAK,WHITE OAK,name
COWETA,25,NORTHSIDE,NORTHSIDE,name
COWETA,7,FISCHER ROAD,FISCHER ROAD,name
COWETA,23,CANNONGATE,CANNONGATE,name
SPALDING,14,SUNNYSIDE METHODI,SUNNYSIDE METHODI,name
SPALDING,12,LIBERTY,LIBERTY,name
SPALDING,19,FIRST ASSEMBLY,FIRST ASSEMBLY,name
SPALDING,15,BLALOCK,BLALOCK,name
SPALDING,9,CABIN,CABIN,name
SPALDING,3,MEMORIAL DR PLAZA,MEMORIAL DR PLAZA,name
SPALDING,2,FAIRMONT,FAIRMONT,name
SPALDING,18,COMMUNITY,COMMUNITY,name
SPALDING,17,AMBUCS,AMBUCS,name
SPALDING,6,CITY PARK,CITY PARK,name
SPALDING,16,GARY REID,GARY REID,name
SPALDING,20,ROBERTS,ROBERTS,name
SPALDING,13,COUNTY LINE,COUNTY LINE,name
SPALDING,21,SUN CITY,SUN CITY,name
SPALDING,7,FIRST METHODIST,FIRST METHODIST,name
SPALDING,11,FIRST PRESBYTERIA,FIRST PRESBYTERIA,name
SPALDING,1,SECOND BAPTISH CH,SECOND BAPTISH CH,name
SPALDING,4,THIRD WARD,THIRD WARD,name
SPALDING,10,CARVER,CARVER,name
SPALDING,8,BOY SCOUTS HDQTRS,BOY SCOUTS HDQTRS,name
SPALDING,5,GA EXP STATION,GA EXP STATION,name
HARALSON,5,CORINTH,CORINTH,name
HARALSON,10,SEVENTH,SEVENTH,name
HARALSON,9,MT VIEW,MT VIEW,name
HARALSON,6,TWENTIETH,TWENTIETH,name
HARALSON,4,BUNCOMBE,BUNCOMBE,name
HARALSON,12,TALLAPOOSA,TALLAPOOSA,name
HARALSON,11,BEREA-STEADMAN,BEREA-STEADMAN,name
HARALSON,13,WACO,WACO,name
HARALSON,3,BUCHANAN,BUCHANAN,name
HARALSON,8,LITTLE CREEK,LITTLE CREEK,name
HARALSON,7,FELTON,FELTON,name
HARALSON,2,BREMEN,BREMEN,name
SCREVEN,3,NEWINGTON,Newington,name
SCREVEN,11,JACKSON FIRE STATION,Jackson Fire Station,name
SCREVEN,2,HUNTERS,Hunters,name
SCREVEN,6,BAY BRANCH,Bay Branch,name
SCREVEN,8,SCREVEN REC DEPT,Screven Rec Dept,name
SCREVEN,10,SR CITIZENS CENTER,Sr Citizens Center,name
SCREVEN,7,HILTONIA,Hiltonia,name
SCREVEN,5,ROCKY FORD,Rocky Ford,name
SCREVEN,4,JENK HILL FIRE STA,Jenk Hill Fire Sta,name
SCREVEN,12,FOYFS STORE,Foy’s Store,unique_name_similarity
SCREVEN,9,GREENHILL CHURCH,Greenhill Church,name
SCREVEN,1,SYLVANIA,Sylvania,name
BURKE,3,GIRARD,Girard,name
BURKE,5,GREENSCUT,Greenscut,name
BURKE,11,TELFAIR,Telfair,name
BURKE,9,SARDIS,Sardis,name
BURKE,1,ALEXANDER,Alexander,name
BURKE,4,GOUGH,Gough,name
BURKE,6,KEYSVILLE,Keysville,name
BURKE,8,MUNNERLYN,Munnerlyn,name
BURKE,15,SOUTH WAYNESBORO,South Waynesboro,name
BURKE,14,NORTH WAYNESBORO,North Waynesboro,name
BURKE,12,ST. CLAIR,St. Clair,name
BURKE,16,BLAKENEY,Blakeney,name
BURKE,2,FOUR POINTS,Four Points,name
BURKE,7,MIDVILLE,Midville,name
BURKE,13,VIDETTE,Vidette,name
BURKE,10,SCOTTS CROSSROADS,Scotts Crossroads,name
CHATTOOGA,1216,DIRTSELLER,DIRTSELLER,name
CHATTOOGA,1484,LYERLY,LYERLY,name
CHATTOOGA,961,SEMINOLE,SEMINOLE,name
CHATTOOGA,1083,COLDWATER,COLDWATER,name
CHATTOOGA,925,SUMMERVILLE,SUMMERVILLE,name
CHATTOOGA,968,ALPINE,ALPINE,name
CHATTOOGA,1382,HAYWOOD,HAYWOOD,name
CHATTOOGA,962,SUBLIGNA,SUBLIGNA,name
CHATTOOGA,940,DIRTTOWN,DIRTTOWN,name
CHATTOOGA,P-870,PENNVILLE,PENNVILLE,name
CHATTOOGA,870,TRION,TRION,name
RICHMOND,701,701,701,name
RICHMOND,703,703,703,name
RICHMOND,707,707,707,name
RICHMOND,702,702,702,name
RICHMOND,308,308,308,name
RICHMOND,706,706,706,name
RICHMOND,705,705,705,name
RICHMOND,708,708,708,name
RICHMOND,306,306,306,name
RICHMOND,502,502,502,name
RICHMOND,310,310,310,name
RICHMOND,804,804,804,name
RICHMOND,807,807,807,name
RICHMOND,809,809,809,name
RICHMOND,406,406,406,name
RICHMOND,405,405,405,name
RICHMOND,408,408,408,name
RICHMOND,801B,801B,801B,name
RICHMOND,802,802,802,name
RICHMOND,608,608,608,name
RICHMOND,806,806,806,name
RICHMOND,808,808,808,name
RICHMOND,607,607,607,name
RICHMOND,804H,804H,804H,name
RICHMOND,810,810,810,name
RICHMOND,801,801,801,name
RICHMOND,803,803,803,name
RICHMOND,506,506,506,name
RICHMOND,605,605,605,name
RICHMOND,603,603,603,name
RICHMOND,602,602,602,name
RICHMOND,604,604,604,name
RICHMOND,606,606,606,name
RICHMOND,205,205,205,name
RICHMOND,114,114,114,name
RICHMOND,208,208,208,name
RICHMOND,210,210,210,name
RICHMOND,303,303,303,name
RICHMOND,108,108,108,name
RICHMOND,206,206,206,name
RICHMOND,304,304,304,name
RICHMOND,209,209,209,name
RICHMOND,402,402,402,name
RICHMOND,505,505,505,name
RICHMOND,404,404,404,name
RICHMOND,601,601,601,name
RICHMOND,401,401,401,name
RICHMOND,509,509,509,name
RICHMOND,510,510,510,name
RICHMOND,501,501,501,name
RICHMOND,407,407,407,name
RICHMOND,503,503,503,name
RICHMOND,508,508,508,name
RICHMOND,507,507,507,name
RICHMOND,504,504,504,name
RICHMOND,305,305,305,name
RICHMOND,302,302,302,name
RICHMOND,301,301,301,name
RICHMOND,805,805,805,name
RICHMOND,115,115,115,name
RICHMOND,104,104,104,name
RICHMOND,202,202,202,name
RICHMOND,106,106,106,name
RICHMOND,103,103,103,name
RICHMOND,110,110,110,name
RICHMOND,109,109,109,name
RICHMOND,112,112,112,name
RICHMOND,201,201,201,name
RICHMOND,207,207,207,name
RICHMOND,203,203,203,name
RICHMOND,204,204,204,name
RICHMOND,101,101,101,name
RICHMOND,307,307,307,name
RICHMOND,107,107,107,name
RICHMOND,113,113,113,name
RICHMOND,111,111,111,name
RICHMOND,105,105,105,name
RICHMOND,102,102,102,name
TAYLOR,3,#3 HOWARD,#3 HOWARD,name
TAYLOR,1,#1 BUTLER FIRE DEPT.,#1 BUTLER FIRE DEPT.,name
TAYLOR,6,#6 REYNOLDS,#6 REYNOLDS,name
TAYLOR,5,#5 COURTHOUSE,#5 COURTHOUSE,name
WARREN,1,WARRENTON,Warrenton,name
WARREN,5,RICKETSON,Ricketson,name
WARREN,2,CAMAK,Camak,name
WARREN,4,BEALL SPRINGS,Beall Springs,name
WARREN,3,NORWOOD,Norwood,name
WARREN,6,PAN HANDLE,Pan Handle,name
JEFFERSON,76,STAPLETON CROSSROADS,Stapleton Crossroads,name
JEFFERSON,77,MATTHEWS,Matthews,name
JEFFERSON,82,LOUISVILLE,Louisville,name
JEFFERSON,85,BARTOW,Bartow,name
JEFFERSON,83,WADLEY,Wadley,name
JEFFERSON,1593,AVERA,Avera,name
JEFFERSON,1460,STAPLETON,Stapleton,name
JEFFERSON,81,WRENS,Wrens,name
HANCOCK,2A,LINTON A,Linton A,name
HANCOCK,3A,MAYFIELD 3A,Mayfield 3A,name
HANCOCK,4,SPARTA,Sparta,name
HANCOCK,3B,MAYFIELD 3B,Mayfield 3B,name
HANCOCK,1A,DEVEREUX 1A,Devereux 1A,name
HANCOCK,2B,LINTON B,Linton B,name
HANCOCK,1B,DEVEREUX 1B,Devereux 1B,name
THOMAS,102,BOSTON,Boston,name
THOMAS,101,BARWICK,Barwick,name
THOMAS,116,PATTEN,Patten,name
THOMAS,104,COOLIDGE,Coolidge,name
THOMAS,117,PAVO,Pavo,name
THOMAS,113,METCALFE,Metcalfe,name
THOMAS,107,FIRE STATION 2,Fire Station 2,name
THOMAS,109,HARPER,Harper,name
THOMAS,108,GATLIN CREEK,Gatlin Creek,name
THOMAS,103,CENTRAL,Central,name
THOMAS,106,ELLABELLE,Ellabelle,name
THOMAS,112,MERRILLVILLE,Merrillville,name
THOMAS,120,SCOTT,Scott,name
THOMAS,118,REMINGTON ESC,Remington ESC,name
THOMAS,114,NEW COVENANT,New Covenant,name
THOMAS,115,OCHLOCKNEE,Ochlocknee,name
THOMAS,111,MEIGS,Meigs,name
THOMAS,105,DOUGLASS,Douglass,name
THOMAS,119,RESOURCE CENTER,Resource Center,name
THOMAS,110,JERGER,Jerger,name
BROOKS,1198,GROOVERVILLE,Grooverville,name
BROOKS,1402,DIXIE,Dixie,name
BROOKS,1230,BARWICK/DRYLAKE,Barwick/Drylake,name
BROOKS,659,S.BROOKS/NANKIN,S.Brooks/Nankin,name
BROOKS,1571,BARNEY,Barney,name
BROOKS,1199,QUITMAN,Quitman,name
BROOKS,660,MORVEN,Morven,name
BROOKS,1650,E.BROOKS/BRIGGS,E.Brooks/Briggs,name
BROOKS,1712,PAVO/WILLIAMS,Pavo/Williams,name
PUTNAM,101,101,101,name
PUTNAM,107,107,107,name
PUTNAM,104,104,104,name
PUTNAM,103,103,103,name
PUTNAM,105,105,105,name
PUTNAM,106,106,106,name
PUTNAM,102,102,102,name
PUTNAM,108,108,108,name
JASPER,363,SHADY DALE,SHADY DALE,name
JASPER,290,WYATT,WYATT,name
JASPER,296,MARTIN & BURNEY,MARTIN & BURNEY,name
JASPER,297,THOMPSON & BARNES,THOMPSON & BARNES,name
JASPER,289,SMITH/JORDAN/LAZENBY,SMITH/JORDAN/LAZENBY,name
JASPER,295,MONTICELLO,MONTICELLO,name
JASPER,293,HILLSBORO,HILLSBORO,name
JONES,6,BARRON,BARRON,name
JONES,4,DAVIDSON,DAVIDSON,name
JONES,9,FINNEY,FINNEY,name
JONES,5,POPE,POPE,name
JONES,8,SANDERS,SANDERS,name
JONES,7,WHITE,WHITE,name
JONES,2,CLINTON,CLINTON,name
JONES,1,GRAY,GRAY,name
JONES,11,ETHRIDGE,ETHRIDGE,name
JONES,10,HAWKINS,HAWKINS,name
JONES,3,ROBERTS,ROBERTS,name
BUTTS,STARK,STARK,STARK,name
BUTTS,WORTH,WORTHVILLE,WORTHVILLE,name
BUTTS,BCCC,BUTTS CO COMM CENTER,BUTTS CO COMM CENTER,name
BUTTS,TOW,TOWALIGA,TOWALIGA,name
BUTTS,JENK,JENKINSBURG,JENKINSBURG,name
TWIGGS,DB,DRY BRANCH,DRY BRANCH,name
TWIGGS,GI,GOLDEN ISLES,GOLDEN ISLES,name
TWIGGS,SG/T,SHADY GROVE/TARVERS,SHADY GROVE/TARVERS,name
TWIGGS,HV,HIGGSVILLE,HIGGSVILLE,name
TWIGGS,JV/W,JEFFERSONVILLE/WARE,JEFFERSONVILLE/WARE,name
MONROE,7,DILLARDS,DILLARDS,name
MONROE,4,CABANISS,CABANISS,name
MONROE,3,BURGAYS,BURGAYS,name
MONROE,13,PROCTORS,PROCTORS,name
MONROE,9,FORSYTH,FORSYTH,name
MONROE,2,BRANTLEYS,BRANTLEYS,name
MONROE,6,CULLODEN,CULLODEN,name
MONROE,14,RUSSELLVILLE,RUSSELLVILLE,name
MONROE,11,KELSEYS,KELSEYS,name
MONROE,5,COX,COX,name
MONROE,8,EVERS,EVERS,name
MONROE,10,HIGH FALLS,HIGH FALLS,name
MONROE,12,MIDDLEBROOKS,MIDDLEBROOKS,name
MONROE,1,BENTONS,BENTONS,name
BIBB,RU2,RUTLAND 2,RUTLAND 2,name
BIBB,WA1,WARRIOR 1,WARRIOR 1,name
BIBB,HA4,HAZZARD 4,HAZZARD 4,name
BIBB,HA7,HAZZARD 7,HAZZARD 7,name
BIBB,HA2,HAZZARD 2,HAZZARD 2,name
BIBB,HO8,HOWARD 8,HOWARD 8,name
BIBB,HO3,HOWARD 3,HOWARD 3,name
BIBB,EM3,EAST MACON 3,EAST MACON 3,name
BIBB,EM2,EAST MACON 2,EAST MACON 2,name
BIBB,EM5,EAST MACON 5,EAST MACON 5,name
BIBB,EM6,EAST MACON 6,EAST MACON 6,name
BIBB,GF1,GODFREY 1,GODFREY 1,name
BIBB,EM1,EAST MACON 1,EAST MACON 1,name
BIBB,HA3,HAZZARD 3,HAZZARD 3,name
BIBB,HA6,HAZZARD 6,HAZZARD 6,name
BIBB,GF7,GODFREY 7,GODFREY 7,name
BIBB,HA1,HAZZARD 1,HAZZARD 1,name
BIBB,HA5,HAZZARD 5,HAZZARD 5,name
BIBB,GF3,GODFREY 3,GODFREY 3,name
BIBB,GF4,GODFREY 4,GODFREY 4,name
BIBB,GF2,GODFREY 2,GODFREY 2,name
BIBB,WA2,WARRIOR 2,WARRIOR 2,name
BIBB,RU1,RUTLAND 1,RUTLAND 1,name
BIBB,VV2,VINEVILLE 2,VINEVILLE 2,name
BIBB,VV8,VINEVILLE 8,VINEVILLE 8,name
BIBB,VV1,VINEVILLE 1,VINEVILLE 1,name
BIBB,EM4,EAST MACON 4,EAST MACON 4,name
BIBB,HO2,HOWARD 2,HOWARD 2,name
BIBB,VV5,VINEVILLE 5,VINEVILLE 5,name
BIBB,VV4,VINEVILLE 4,VINEVILLE 4,name
BIBB,HO1,HOWARD 1,HOWARD 1,name
BIBB,HO7,HOWARD 7,HOWARD 7,name
BIBB,HO6,HOWARD 6,HOWARD 6,name
BIBB,HO5,HOWARD 5,HOWARD 5,name
BIBB,GF5,GODFREY 5,GODFREY 5,name
BIBB,GF6,GODFREY 6,GODFREY 6,name
BIBB,VV3,VINEVILLE 3,VINEVILLE 3,name
BIBB,VV7,VINEVILLE 7,VINEVILLE 7,name
BIBB,VV6,VINEVILLE 6,VINEVILLE 6,name
BIBB,HO4,HOWARD 4,HOWARD 4,name
DOOLY,10,LILLY,LILLY,name
DOOLY,2,BYROMVILLE,BYROMVILLE,name
DOOLY,7,VIENNA,VIENNA,name
DOOLY,8,PINEHURST,PINEHURST,name
DOOLY,5,UNADILLA,UNADILLA,name
PEACH,F2,FORT VALLEY #2,FORT VALLEY #2,name
PEACH,P1,POWERSVILLE,POWERSVILLE,name
PEACH,B1,BYRON #1,BYRON #1,name
PEACH,F3,FORT VALLEY #3,FORT VALLEY #3,name
PEACH,F1,FORT VALLEY #1,FORT VALLEY #1,name
PEACH,C1,CLAUDE,CLAUDE,name
PEACH,B2,BYRON #2,BYRON #2,name
CRAWFORD,5,5,5,name
CRAWFORD,3,3,3,name
CRAWFORD,4,4,4,name
CRAWFORD,2,2,2,name
CRAWFORD,1B,1B,1B,name
CRAWFORD,1A,1A,1A,name
HOUSTON,HAFS,HAFS,HAFS,name
HOUSTON,BON,BON,BON,name
HOUSTON,BMS,BMS,BMS,name
HOUSTON,RECR,RECR,RECR,name
HOUSTON,ELBC,ELBC,ELBC,name
HOUSTON,MCMS,MCMS,MCMS,name
HOUSTON,QRUN,QRUN,QRUN,name
HOUSTON,CENT,CENT,CENT,name
HOUSTON,HCHS,HCHS,HCHS,name
HOUSTON,VHS,VHS,VHS,name
HOUSTON,KATH,KATH,KATH,name
HOUSTON,ROZR,ROZR,ROZR,name
HOUSTON,HEFS,HEFS,HEFS,name
HOUSTON,HCTC,HCTC,HCTC,name
HOUSTON,MILL,MILL,MILL,name
HOUSTON,NSSH,NSSH,NSSH,name
HOUSTON,TWPK,TWPK,TWPK,name
HOUSTON,FMMS,FMMS,FMMS,name
HOUSTON,ANNX,ANNX,ANNX,name
HOUSTON,NSES,NSES,NSES,name
HOUSTON,NSMS,NSMS,NSMS,name
HOUSTON,TMS,TMS,TMS,name
HOUSTON,MALL,MALL,MALL,name
MACON,5,MONTEZUMA 5,Montezuma 5,name
MACON,3,MARSHALLVILLE,Marshallville,name
MACON,1,IDEAL,Ideal,name
MACON,2,OGLETHORPE,Oglethorpe,name
MACON,4,MONTEZUMA 4,Montezuma 4,name
TIFT,8,TY TY,Ty Ty,name
TIFT,12,TIFTON LODGE,Tifton Lodge,name
TIFT,4,CHULA,Chula,name
TIFT,9,TIFTON NORTHWEST,Tifton Northwest,name
TIFT,1,TIFTON NORTHEAST,Tifton Northeast,name
TIFT,7,OMEGA,Omega,name
TIFT,5,DOCIA,Docia,name
TIFT,10,TIFTON SOUTH,Tifton South,name
TIFT,11,MOTT-LITMAN GYM,Mott-Litman Gym,name
TIFT,6,ELDORADO,Eldorado,name
TIFT,3,BROOKFIELD,Brookfield,name
TIFT,2,BRIGHTON,Brighton,name
WORTH,9,WARWICK,Warwick,name
WORTH,15,ISABELLA,Isabella,name
WORTH,7,DOLES,Doles,name
WORTH,4,SUMNER,Sumner,name
WORTH,1,SYLVESTER,Sylvester,name
WORTH,11,MINTON,Minton,name
WORTH,10,SCOOTERVILLE,Scooterville,name
WORTH,8,OAKFIELD,Oakfield,name
WORTH,12,BRIDGEBORO,Bridgeboro,name
WORTH,14,COUNTY LINE,County Line,name
WORTH,16,PINEY WOODS,Piney Woods,name
WORTH,6,RED ROCK,Red Rock,name
WORTH,3,POULAN,Poulan,name
WORTH,2,SYLVER EAST,Sylver East,name
WORTH,5,SHINGLER,Shingler,name
CRISP,JAMES,JAMESTOWN,Jamestown,name
CRISP,CORDE,CORDELE,Cordele,name
CRISP,CONEY,CONEY,Coney,name
CRISP,ARABI,ARABI,Arabi,name
CRISP,LISTO,LISTONIA,Listonia,name
BRANTLEY,3,WAYNESVILLE,Waynesville,name
BRANTLEY,9,NAHUNTA,Nahunta,name
BRANTLEY,1,LULATON,Lulaton,name
BRANTLEY,4,HORTENSE,Hortense,name
BRANTLEY,5,HICKOX,Hickox,name
BRANTLEY,2,ATKINSON,Atkinson,name
BRANTLEY,8,CALVARY,Calvary,name
BRANTLEY,7,SCHLATTERVILLE,Schlatterville,name
BRANTLEY,6,HOBOKEN,Hoboken,name
COLQUITT,19,NORMAN PARK,Norman Park,name
COLQUITT,9,CROSLAND,Crosland,name
COLQUITT,11,FUNSTON,Funston,name
COLQUITT,16,MILLCREEK,Millcreek,name
COLQUITT,1,SHAW,Shaw,name
COLQUITT,17,MONK,Monk,name
COLQUITT,8,BRIDGECREEK,Bridgecreek,name
COLQUITT,18,MURPHY,Murphy,name
COLQUITT,7,AUTREYVILLE,Autreyville,name
COLQUITT,12,HAMILTON,Hamilton,name
COLQUITT,13,HARTSFIELD,Hartsfield,name
COLQUITT,21,THIGPEN,Thigpen,name
COLQUITT,10,DOERUN,Doerun,name
COLQUITT,23,WARRIOR,Warrior,name
COLQUITT,22,TYTY,Tyty,name
COLQUITT,14,HOPEWELL,Hopewell,name
COLQUITT,20,ROBINSON,Robinson,name
COLQUITT,15,LEE,Lee,name
COLQUITT,2,MOULTRIE,Moultrie,name
LOWNDES,8,RAINWATER CONF CTR,Rainwater Conf Ctr,name
LOWNDES,9,NEW CLYATT FIRE STATION,New Clyatt Fire Station,name
LOWNDES,7,WOOD VALLEY COMM CTR,Wood Valley Comm Ctr,name
LOWNDES,2,OLD PINE GROVE ELEM,Old Pine Grove Elem,name
LOWNDES,1,HAHIRA HISTORICAL SO,Hahira Historical So,name
LOWNDES,3,TRINITY PRESBYTERIAN CHUR,Trinity Presbyterian Chur,name
LOWNDES,10,MILDRED HUNTER COMM,Mildred Hunter Comm,name
LOWNDES,5,JAYCEE PARK ACT BLDG,Jaycee Park Act Bldg,name
LOWNDES,6,NAYLOR CITY HALL,Naylor City Hall,name
LOWNDES,4,NORTHSIDE BAPT GYM,Northside Bapt Gym,name
LOWNDES,12,SOUTH LOWNDES REC,South Lowndes Rec,name
LOWNDES,11,DASHER CITY HALL,Dasher City Hall,name
LEE,4,LEESBURG,Leesburg,name
LEE,1,CHOKEE,Chokee,name
LEE,10,REDBONE,Redbone,name
LEE,3,CJC,CJC,name
LEE,2,SMITHVILLE,Smithville,name
LEE,8,SOVEREIGN GRACE,Sovereign Grace,name
LEE,6,FIRST BAPTIST,First Baptist,name
LEE,9,CENTURY FIRE STATION,Century Fire Station,name
LEE,7,SDA CHURCH,SDA Church,name
LEE,5,FRIENDSHIP BAPT,Friendship Bapt,name
SUMTER,15,15,15,name
SUMTER,17,17,17,name
SUMTER,O-26,O-26,O-26,name
SUMTER,N-26,N-26,N-26,name
SUMTER,W-27,W-27,W-27,name
SUMTER,28,28,28,name
SUMTER,29,29,29,name
SUMTER,E-27,E-27,E-27,name
SUMTER,C1-27,C1-27,C1-27,name
SUMTER,C2-27,C2-27,C2-27,name
SUMTER,C3-27,C3-27,C3-27,name
GRADY,SH,SPRING HILL,Spring Hill,name
GRADY,H,HIGDON,Higdon,name
GRADY,M,MIDWAY,Midway,name
GRADY,C05,CAIRO 5TH DISTRICT,Cairo 5th District,name
GRADY,WL,WOODLAND,Woodland,name
GRADY,P,PINE PARK,Pine Park,name
GRADY,L,LIMESINK,Limesink,name
GRADY,B,BLOWING CAVE,Blowing Cave,name
GRADY,S,SPENCE,Spence,name
GRADY,W,WHIGHAM,Whigham,name
GRADY,R,RAGAN,Ragan,name
GRADY,D,DUNCANVILLE,Duncanville,name
GRADY,C04,CAIRO 4TH DISTRICT,Cairo 4th District,name
MITCHELL,CT,COTTON,Cotton,name
MITCHELL,HI,HINSONTON,Hinsonton,name
MITCHELL,PC,PEBBLE CITY,Pebble City,name
MITCHELL,SC,SALE CITY,Sale City,name
MITCHELL,LS,LESTER,Lester,name
MITCHELL,HF,HOPEFUL,Hopeful,name
MITCHELL,BV,BRANCHVILLE,Branchville,name
MITCHELL,PE,PELHAM,Pelham,name
MITCHELL,CN,CAMILLA NORTH,Camilla North,name
MITCHELL,CS,CAMILLA SOUTH,Camilla South,name
MITCHELL,BA,BACONTON,Baconton,name
PIKE,7,WILLIAMSON,Williamson,name
PIKE,8,ZEBULON,Zebulon,name
PIKE,3,MEANSVILLE,Meansville,name
PIKE,4,MOLENA,Molena,name
PIKE,6,LIFSEY SPRINGS,Lifsey Springs,name
PIKE,5,SECOND DISTRICT,Second District,name
PIKE,1,CONCORD,Concord,name
PIKE,2,HOLLONVILLE,Hollonville,name
LAMAR,1712C,REDBONE,REDBONE,name
LAMAR,1713,L C S C,L C S C,name
LAMAR,1712B,SENIOR CITZEN BLDG,SENIOR CITZEN BLDG,name
LAMAR,1712A,CHAPPELL MILL V. FD,CHAPPELL MILL V. FD,name
LAMAR,1711,BARNESVILLE FBC,BARNESVILLE FBC,name
LAMAR,1714,MILNER,MILNER,name
DOUGHERTY,25,CHRIST CHURCH,Christ Church,name
DOUGHERTY,9,SECOND MT. ZION,Second Mt. Zion,name
DOUGHERTY,17,JACKSON HEIGHTS ELEM,Jackson Heights Elem,name
DOUGHERTY,22,PHOEBE EAST,Phoebe East,name
DOUGHERTY,20,PUTNEY 1ST BAPT CHURCH,Putney 1st Bapt Church,name
DOUGHERTY,21,INTERNATIONAL STUDIE,International Studie,name
DOUGHERTY,24,ALBANY MIDDLE SCHOOL,Albany Middle School,name
DOUGHERTY,23,PINE BLUFF BAPT CHURCH,Pine Bluff Bapt Church,name
DOUGHERTY,8,WESTTOWN ELEM SCHOOL,Westtown Elem School,name
DOUGHERTY,7,DARTON COLLEGE,Darton College,name
DOUGHERTY,26,LAMAR REESE ELEM SCHOOL,Lamar Reese Elem School,name
DOUGHERTY,11,ALICE COACHMAN ELEM,Alice Coachman Elem,name
DOUGHERTY,14,LITMAN CATHEDRAL,Litman Cathedral,name
DOUGHERTY,19,RADIUM MIDDLE SCHOOL,Radium Middle School,name
DOUGHERTY,18,BILL MILLER CENTER,Bill Miller Center,name
DOUGHERTY,28,A S U HPER GYM,A S U HPER GYM,name
DOUGHERTY,6,MERRY ACRES MIDDLE,Merry Acres Middle,name
DOUGHERTY,3,COVENANT PRES CHURCH,Covenant Pres Church,name
DOUGHERTY,10,MT. ZION CENTER,Mt. Zion Center,name
DOUGHERTY,12,CARVER TEEN CENTER,Carver Teen Center,name
DOUGHERTY,13,SHILOH BAPTIST CHURCH,Shiloh Baptist Church,name
DOUGHERTY,15,PHOEBE EDU. BLDG,Phoebe Edu. Bldg,name
DOUGHERTY,1,PALMYRA RD METH CHURCH,Palmyra Rd Meth Church,name
DOUGHERTY,16,TURNER ELEM SCHOOL,Turner Elem School,name
DOUGHERTY,4,BEATTIE RD CHURCH,Beattie Rd Church,name
DOUGHERTY,5,WESTOVER HIGH SCHOOL,Westover High School,name
DOUGHERTY,27,FIRST CHRISTIAN CHURCH,First Christian Church,name
DOUGHERTY,2,SHERWOOD ELEM SCHOOL,Sherwood Elem School,name
TERRELL,2,SASSER,Sasser,name
TERRELL,6,HEROD-DOVER,Herod-Dover,name
TERRELL,5,GRAVES,Graves,name
TERRELL,3,BRONWOOD,Bronwood,name
TERRELL,1,DAWSON,Dawson,name
TERRELL,4,PARROTT,Parrott,name
CALHOUN,2,MORGAN,Morgan,name
CALHOUN,1,LEARY,Leary,name
CALHOUN,4,EDISON-ARLINGTON,Edison-Arlington,name
CALHOUN,3,EDISON,Edison,name
CALHOUN,5,ARLINGTON,Arlington,name
RANDOLPH,998,4TH DISTRICT,4th District,name
RANDOLPH,334,SHELLMAN,Shellman,name
RANDOLPH,131,COLEMAN,Coleman,name
RANDOLPH,934,CARNEGIE,Carnegie,name
RANDOLPH,947,FOUNTAIN BRIDGE-5TH,Fountain Bridge-5th,name
RANDOLPH,954,SPRINGVALE,Springvale,name
RANDOLPH,718B,CUTHBERT,Cuthbert,name
RANDOLPH,718A,CUTHBERT/COURTHOUSE,Cuthbert/Courthouse,name
RANDOLPH,566,BENEVOLENCE,Benevolence,name
CLAY,1,BLUFFTON,Bluffton,name
CLAY,2,ZETTO,Zetto,name
CLAY,3,COURTHOUSE,Courthouse,name
CLAY,4,OLD HEAD START,Old Head Start,name
CLAY,5,DAYS CROSS ROADS,Days Cross Roads,name
EARLY,CO,COLOMOKEE,Colomokee,name
EARLY,U,URQUHART,Urquhart,name
EARLY,CS,CEDAR SPRINGS,Cedar Springs,name
EARLY,JAKIN,JAKIN,Jakin,name
EARLY,H,HILTON,Hilton,name
EARLY,L,LUCILLE,Lucille,name
EARLY,F,FREEMAN,Freeman,name
EARLY,CUBA,CUBA,Cuba,name
EARLY,B,BLAKELY,Blakely,name
EARLY,D,DAMASCUS,Damascus,name
EARLY,A,ARLINGTON,Arlington,name
SEMINOLE,1,PRECINCT 1,Precinct 1,name
SEMINOLE,5,PRECINCT 5,Precinct 5,name
SEMINOLE,2,PRECINCT 2,Precinct 2,name
SEMINOLE,3,PRECINCT 3,Precinct 3,name
SEMINOLE,4,PRECINCT 4,Precinct 4,name
DECATUR,1325,RECOVERY,Recovery,name
DECATUR,1361,CLIMAX,Climax,name
DECATUR,1613,BRINSON,Brinson,name
DECATUR,1805,WEST BAINBRIDGE,West Bainbridge,name
DECATUR,514,BRIDGE-FAIRGROUNDS,Bridge-Fairgrounds,name
DECATUR,1277,MT PLEASANT,Mt Pleasant,name
DECATUR,1342,KENDRICK,Kendrick,name
DECATUR,513,BAINBRIDGE-COLISEUM,Bainbridge-Coliseum,name
DECATUR,694,ATTAPULGUS,Attapulgus,name
MILLER,1,COLQUITT-MILLER,Colquitt-Miller,name
BAKER,H,HOGGARD MILL,Hoggard Mill,name
BAKER,E,ELMODEL,Elmodel,name
BAKER,A,ANNA,Anna,name
BAKER,M,MILFORD,Milford,name
BAKER,N,NEWTON,Newton,name
QUITMAN,M,MORRIS,Morris,name
QUITMAN,G,GEORGETOWN,Georgetown,name
MUSCOGEE,105,ST PETER U. M. C.,ST PETER U. M. C.,name
MUSCOGEE,108,ST. MARK/HEIFERHORN,ST. MARK/HEIFERHORN,name
MUSCOGEE,106,CORNERSTONE CHURCH,CORNERSTONE CHURCH,name
MUSCOGEE,101,WYNNTON,WYNNTON,name
MUSCOGEE,102,CARVER/MACK,CARVER/MACK,name
MUSCOGEE,125,GALLOPS/HANNAN,GALLOPS/HANNAN,name
MUSCOGEE,124,EPWORTH,EPWORTH,name
MUSCOGEE,118,ST PAUL U.M.C.,ST PAUL U.M.C.,name
MUSCOGEE,109,WYNNBROOK,WYNNBROOK,name
MUSCOGEE,107,NORTHSIDE BAPTIST,NORTHSIDE BAPTIST,name
MUSCOGEE,104,BRITT DAVID BAPT CH,BRITT DAVID BAPT CH,name
MUSCOGEE,123,FOX RECREATIONAL CTR,FOX RECREATIONAL CTR,name
MUSCOGEE,125,GALLOPS/HANNAN,,unmatched
MUSCOGEE,110,CUSSETA RD,CUSSETA RD,name
MUSCOGEE,121,BLACKMON,BLACKMON,name
MUSCOGEE,112,EDDY/KEY,EDDY/KEY,name
MUSCOGEE,111,MUSCOGEE/SPENCER,MUSCOGEE/SPENCER,name
MUSCOGEE,122,FIRST AFRICAN,FIRST AFRICAN,name
MUSCOGEE,113,MT. PILGRIM,MT. PILGRIM,name
MUSCOGEE,103,ST JOHN/BELVEDERE,ST JOHN/BELVEDERE,name
MUSCOGEE,126,EDGEWOOD BAPTIST,EDGEWOOD BAPTIST,name
MUSCOGEE,116,ROTHSCHILD,ROTHSCHILD,name
MUSCOGEE,114,FAITH TABERNACLE,FAITH TABERNACLE,name
MUSCOGEE,117,GENTIAN/REESE @LDS,GENTIAN/REESE @LDS,name
MUSCOGEE,119,MOON/MORNINGSIDE,MOON/MORNINGSIDE,name
MUSCOGEE,115,FORT/WADDELL,FORT/WADDELL,name
MUSCOGEE,120,ST. ANDREWS/MIDLAND,ST. ANDREWS/MIDLAND,name
MUSCOGEE,127,PSALMOND/MATHEWS,PSALMOND/MATHEWS,name
HARRIS,U9,UPPER 19TH,UPPER 19TH,name
HARRIS,L9,LOWER 19TH,LOWER 19TH,name
HARRIS,MG,MULBERRY GROVE,MULBERRY GROVE,name
HARRIS,SK,SKINNER,SKINNER,name
HARRIS,CA,CATAULA,CATAULA,name
HARRIS,HA,HAMILTON,HAMILTON,name
HARRIS,WH,WHITESVILLE,WHITESVILLE,name
HARRIS,GM,GOODMAN,GOODMAN,name
HARRIS,PV,PINE MOUNTAIN VALLEY,PINE MOUNTAIN VALLEY,name
HARRIS,VP,VALLEY PLAINS,VALLEY PLAINS,name
HARRIS,EL,ELLERSLIE,ELLERSLIE,name
HARRIS,WA,WAVERLY HALL,WAVERLY HALL,name
UPSON,589,SALEM,SALEM,name
UPSON,561,LINCOLN PARK,LINCOLN PARK,name
UPSON,1336,REEVES,REEVES,name
UPSON,555,REDBONE,REDBONE,name
UPSON,470,THE JUG,THE JUG,name
UPSON,1577,THE ROCK,THE ROCK,name
UPSON,588,YATESVILLE,YATESVILLE,name
UPSON,5610,TOWN,TOWN,name
UPSON,1610,ATWATER,ATWATER,name
STEWART,5,LUMPKIN,Lumpkin,name
STEWART,4,LOUVALE,Louvale,name
STEWART,6,OMAHA,Omaha,name
STEWART,2,RICHLAND,Richland,name
MERIWETHER,7,LUTHERSVILLE,LUTHERSVILLE,name
MERIWETHER,6,LONE OAK,LONE OAK,name
MERIWETHER,14,COVE,COVE,name
MERIWETHER,10,WOODBURY,WOODBURY,name
MERIWETHER,4,ODESSADALE,ODESSADALE,name
MERIWETHER,2,MANCHESTER GILL I,MANCHESTER GILL I,name
MERIWETHER,3,MANCHESTER GILL II,MANCHESTER GILL II,name
MERIWETHER,1,CHALYBEATE,CHALYBEATE,name
MERIWETHER,13,RALEIGH,RALEIGH,name
MERIWETHER,5,GREENVILLE,GREENVILLE,name
MERIWETHER,9,GAY,GAY,name
MERIWETHER,8,ALVATON,ALVATON,name
MERIWETHER,11,WARM SPRINGS,WARM SPRINGS,name
MERIWETHER,12,DURAND,DURAND,name
CHATTAHOOCHEE,1,CHATTAHOOCHEE ACVITITY CENTER,Chattahoochee Acvitity Center,name
MARION,948,BRANTLEY,Brantley,name
MARION,339,PINEKNOT,Pineknot,name
MARION,539,DOYLE,Doyle,name
MARION,955,FT. PERRY,Ft. Perry,name
MARION,808,TAZEWELL,Tazewell,name
MARION,34,DRANEVILLE,Draneville,name
MARION,807,BUENA VISTA,Buena Vista,name
WEBSTER,P1,PRESTON 1,Preston 1,name
SCHLEY,1,PRECINCT ONE,Precinct One,name
TALBOT,2,VALLEY,VALLEY,name
TALBOT,1,ONEAL,ONEAL,name
TALBOT,5,TALBOTTON,TALBOTTON,name
TALBOT,3,JUNCTION CITY,JUNCTION CITY,name
TALBOT,8,FLINT HILL,FLINT HILL,name
TALBOT,6,BOX SPRINGS,BOX SPRINGS,name
TALBOT,4,GENEVA,GENEVA,name
PIERCE,1,HACKLEBARNEY/CASON,Hacklebarney/Cason,name
PIERCE,4D,SUNSET/SWEAT,Sunset/Sweat,name
PIERCE,4B,MERSHON,Mershon,name
PIERCE,4A,PATTERSON,Patterson,name
PIERCE,4C,ALABAHA,Alabaha,name
PIERCE,3B,OTTER CREEK,Otter Creek,name
PIERCE,2,BLACKSHEAR,Blackshear,name
PIERCE,3A,ST JOHNS/BLACKSHEAR,St Johns/Blackshear,name
BACON,WARE,WARE,Ware,name
BACON,NEW L,NEW LACY,New Lacy,name
BACON,DOUGL,DOUGLAS,Douglas,name
BACON,TAYLO,TAYLOR,Taylor,name
BACON,WARNO,WARNOCK,Warnock,name
BULLOCH,14,CHURCH,Church,name
BULLOCH,3,HAGIN,Hagin,name
BULLOCH,4,BROOKLET,Brooklet,name
BULLOCH,13,FAIR,Fair,name
BULLOCH,15,PITTMAN PARK,Pittman Park,name
BULLOCH,7,NEVILS,Nevils,name
BULLOCH,6,BAY,Bay,name
BULLOCH,10,EMIT,Emit,name
BULLOCH,2,BLITCH,Blitch,name
BULLOCH,12,PORTAL,Portal,name
BULLOCH,1,LOCKHART,Lockhart,name
BULLOCH,11,STATESBORO,Statesboro,name
BULLOCH,8,SINKHOLE,Sinkhole,name
BULLOCH,9,REGISTER,Register,name
BULLOCH,5,STILSON,Stilson,name
BULLOCH,16,LEEFIELD,Leefield,name
BRYAN,1,PEMBROKE,Pembroke,name
BRYAN,2,ELLABELL,Ellabell,name
BRYAN,3,BLACK CREEK,Black Creek,name
BRYAN,8,HWY 144 EAST,HWY 144 East,name
BRYAN,6,J.F. GREGORY PARK,J.F. Gregory Park,name
BRYAN,7,KELLER,Keller,name
BRYAN,10,DANIELSIDING,Danielsiding,name
BRYAN,4,WAYS STATION,Ways Station,name
BRYAN,9,PUBLIC SAFETY COMPLEX,Public Safety Complex,name
BRYAN,5,RH REC COMPLEX,RH Rec Complex,name
MCINTOSH,1515,CRESCENT,Crescent,name
MCINTOSH,22,SOUTH NEWPORT,South Newport,name
MCINTOSH,1771,DARIEN,Darien,name
MCINTOSH,271,NORTH DARIEN,North Darien,name
MCINTOSH,1312,SAPELO ISLAND,Sapelo Island,name
MCINTOSH,1480,TOWNSEND,Townsend,name
LIBERTY,5,FLEMING WEST,Fleming West,name
LIBERTY,13,BUTTON GWINNETT,Button Gwinnett,name
LIBERTY,3,DORCHESTER,Dorchester,name
LIBERTY,2,HINESVILLE,Hinesville,name
LIBERTY,1,RICEBORO,Riceboro,name
LIBERTY,6,FLEMING EAST,Fleming East,name
LIBERTY,12,MEMORIAL DR. EAST,Memorial Dr. East,name
LIBERTY,14,TOWN OF ALLENHURST,Town of Allenhurst,name
LIBERTY,7,GUM BRANCH,Gum Branch,name
LIBERTY,4,WALTHOURVILLE,Walthourville,name
LIBERTY,10,LYMAN HALL SCHOOL,Lyman Hall School,name
LIBERTY,9,HINESVILLE LODGE 271,Hinesville Lodge 271,name
LIBERTY,11,LEWIS FRASIER SCHOOL,Lewis Frasier School,name
LONG,5,TIBET,Tibet,name
LONG,4,NORTH LUDOWICI,North Ludowici,name
LONG,3,SOUTH LUDOWICI,South Ludowici,name
LONG,1,BEARDS CREEK,Beards Creek,name
LONG,2,RYE PATCH/OAK DALE,Rye Patch/Oak Dale,name
COFFEE,2,AMBROSE,Ambrose,name
COFFEE,1,DOUGLAS,Douglas,name
COFFEE,4,BROXTON,Broxton,name
COFFEE,5,NICHOLLS,Nicholls,name
COFFEE,3,BRIDGETOWN,Bridgetown,name
COFFEE,6,WEST GREEN,West Green,name
IRWIN,1643,OSIERFIELD,Osierfield,name
IRWIN,1661,MYSTIC,Mystic,name
IRWIN,1421,ROBERTS,Roberts,name
IRWIN,1670,FLETCHER,Fletcher,name
IRWIN,901,IRWINVILLE,Irwinville,name
IRWIN,1388,MINNIE,Minnie,name
IRWIN,1529,OCILLA,Ocilla,name
IRWIN,1753,HOLT,Holt,name
TURNER,2,SYCAMORE,Sycamore,name
TURNER,3,REBECCA,Rebecca,name
TURNER,1,ASHBURN,Ashburn,name
CAMDEN,3,WOODBINE,Woodbine,name
CAMDEN,14,WEST SAINT MARYS,West Saint Marys,name
CAMDEN,11,MARY LEE CLARK,Mary Lee Clark,name
CAMDEN,1,TARBORO,Tarboro,name
CAMDEN,4,BROWNTOWN,Browntown,name
CAMDEN,5,HARRIETTS BLUFF,Harrietts Bluff,name
CAMDEN,10,NORTH ST MARYS,North St Marys,name
CAMDEN,12,SOUTH ST MARYS,South St Marys,name
CAMDEN,9,EAST KINGSLAND,East Kingsland,name
CAMDEN,13,MUSH BLUFF,Mush Bluff,name
CAMDEN,6,WEST KINGSLAND,West Kingsland,name
CAMDEN,8,KINGSLAND,Kingsland,name
CAMDEN,7,NORTH KINGSLAND,North Kingsland,name
CAMDEN,2,WAVERLY,Waverly,name
WARE,409,WARESBORO,Waresboro,name
WARE,404,BEACH-BICKLEY,Beach-Bickley,name
WARE,405,HAYWOOD,Haywood,name
WARE,407,MANOR,Manor,name
WARE,400,1231-151,1231-151,name
WARE,200B,DISTRICT 2B,District 2B,name
WARE,304,1231-150C,1231-150C,name
WARE,408,MILLWOOD,Millwood,name
WARE,100,DISTRICT 1,District 1,name
WARE,300,1231-150B,1231-150B,name
WARE,406,JAMESTOWN,Jamestown,name
WARE,200A,DISTRICT 2A,District 2A,name
JENKINS,1,JENKINS CO PRIM/ELEM,Jenkins Co Prim/Elem,name
JENKINS,2,COURT HOUSE,Court House,name
JENKINS,4,SENIOR CITIZENS BLD,Senior Citizens Bld,name
JENKINS,3,PERKINS,Perkins,name
JENKINS,5,FOUR POINTS,Four Points,name
COOK,L,LENOX,Lenox,name
COOK,M,MASSEE,Massee,name
COOK,NL,NEW LIFE BAPT. CHURCH,New Life Bapt. Church,name
COOK,C,CECIL,Cecil,name
COOK,DB,DELLE BEAMGUARD,Delle Beamguard,name
COOK,RB,RIVERBEND,Riverbend,name
COOK,EP,ELM PINE,Elm Pine,name
COOK,S,SPARKS,Sparks,name
TATTNALL,6,BIRDFORD,Birdford,name
TATTNALL,7,EAST GLENNVILLE,East Glennville,name
TATTNALL,9,DISTRICT V,District V,name
TATTNALL,1,COBBTOWN,Cobbtown,name
TATTNALL,8,DISTRICT IV,District IV,name
TATTNALL,4,MANASSAS,Manassas,name
TATTNALL,2,LONGVIEW,Longview,name
TATTNALL,5,DISTRICT II,District II,name
TATTNALL,3,COLLINS,Collins,name
EVANS,11,VETERANS COMM CTR,Veterans Comm Ctr,name
TOOMBS,1403,1403RD-MARVIN,1403rd-Marvin,name
TOOMBS,39,39TH-NEW BRANCH,39th-New Branch,name
TOOMBS,43,43RD-CEDAR CROSSING,43rd-Cedar Crossing,name
TOOMBS,1521,1521ST-HARDENS CHAPEL,1521st-Hardens Chapel,name
TOOMBS,1823,1823RD-CENTER,1823rd-Center,name
TOOMBS,513,51-3 V.P.D.,51-3 V.P.D.,name
TOOMBS,514,51-4 S.T.I.A.L.C,51-4 S.T.I.A.L.C,name
TOOMBS,512,51-2 S.T.I,51-2 S.T.I,name
TOOMBS,511,51-1 OLD HEALTH DEPT,51-1 Old Health Dept,name
TOOMBS,15362,1536-2 SANTA CLAUS,1536-2 Santa Claus,name
TOOMBS,15361,1536-1 LYONS,1536-1 Lyons,name
TOOMBS,1715,1715TH-NORMANTOWN,1715th-Normantown,name
TOOMBS,1770,1770TH-OHOOPEE,1770th-Ohoopee,name
TOOMBS,1192,1192ND BLUE RIDGE,1192nd Blue Ridge,name
WAYNE,1B,MADRAY SPRINGS,Madray Springs,name
WAYNE,5A,UNITY,Unity,name
WAYNE,4A,VFW,VFW,name
WAYNE,4B,PINE STREET,Pine Street,name
WAYNE,3A,ALTAMAHA,Altamaha,name
WAYNE,5B,REC CENTER,Rec Center,name
WAYNE,5C,EAST JESUP,East Jesup,name
WAYNE,3B,GARDI,Gardi,name
WAYNE,2A,SCREVEN,Screven,name
WAYNE,2B,RITCH,Ritch,name
WAYNE,3C,MT. PLEASANT,Mt. Pleasant,name
WAYNE,1A,ODUM,Odum,name
WAYNE,2C,EMPIRE,Empire,name
WAYNE,2D,RED HILL,Red Hill,name
WAYNE,1C,OGLETHORPE,Oglethorpe,name
APPLING,4B,4B,4B,name
APPLING,3B,3B,3B,name
APPLING,4A,4A,4A,name
APPLING,5C,5C,5C,name
APPLING,4C,4C,4C,name
APPLING,4D,4D,4D,name
APPLING,1C,1C,1C,name
APPLING,1B,1B,1B,name
APPLING,3C,3C,3C,name
APPLING,2,2,2,name
APPLING,1A,1A,1A,name
APPLING,1A1,1A1,1A1,name
APPLING,3A,3A,3A,name
APPLING,5B,5B,5B,name
APPLING,5A,5A,5A,name
APPLING,1D,1D,1D,name
EMANUEL,50,OAK PARK,Oak Park,name
EMANUEL,1502,NUNEZ,Nunez,name
EMANUEL,58,STILLMORE,Stillmore,name
EMANUEL,57,SUMMERTOWN,Summertown,name
EMANUEL,1560,TWIN CITY,Twin City,name
EMANUEL,1429,GARFIELD,Garfield,name
EMANUEL,1748,ADRIAN,Adrian,name
EMANUEL,1452,COWFORD,Cowford,name
EMANUEL,53,SWAINSBORO,Swainsboro,name
EMANUEL,1208,BLUNDALE,Blundale,name
EMANUEL,52,CROSS-GREEN,Cross-Green,name
EMANUEL,1333,CANOOCHEE,Canoochee,name
TREUTLEN,OGLE,OGLETHORPE,Oglethorpe,name
TREUTLEN,LOTH,LOTHAIR,Lothair,name
TREUTLEN,ORLA,ORLAND,Orland,name
TREUTLEN,BLAC,BLACKVILLE,Blackville,name
TREUTLEN,SOPE,SOPERTON,Soperton,name
TREUTLEN,GILL,GILLIS SPRINGS,Gillis Springs,name
JEFF DAVIS,402,WHITEHEAD 2,Whitehead 2,name
JEFF DAVIS,502,OCMULGEE 2,Ocmulgee 2,name
JEFF DAVIS,302,BLACKBURN 2,Blackburn 2,name
JEFF DAVIS,401,WHITEHEAD 1,Whitehead 1,name
JEFF DAVIS,301,BLACKBURN 1,Blackburn 1,name
JEFF DAVIS,201,ALTAMAHA 1,Altamaha 1,name
JEFF DAVIS,100,HAZLEHURST,Hazlehurst,name
JEFF DAVIS,202,ALTAMAHA 2,Altamaha 2,name
JEFF DAVIS,501,OCMULGEE 1,Ocmulgee 1,name
CHARLTON,5W,WINOKUR,Winokur,name
CHARLTON,1,FOLKSTON LIBRARY,Folkston Library,name
CHARLTON,5F,FOLKSTON FIRE STATION,Folkston Fire Station,name
CHARLTON,3B,BEND FIRE STATION,Bend Fire Station,name
CHARLTON,3S,ST. GEORGE,St. George,name
CHARLTON,5R,RACEPOND,Racepond,name
CHARLTON,3T,TRADERS HILL,Traders Hill,name
CHARLTON,4,HOMELAND,Homeland,name
CHARLTON,2,FOLKSTON,Folkston,name
GLYNN,1713,STERLING ELEM SCHOOL,Sterling Elem School,name
GLYNN,3733,CAREER ACADEMY,Career Academy,name
GLYNN,2713,CHRISTIAN RENEWAL,Christian Renewal,name
GLYNN,2923,OGLETHORPE POINT,Oglethorpe Point,name
GLYNN,4913,BALLARD COMPLEX,Ballard Complex,name
GLYNN,3723,SE BAPTIST BLDG,SE Baptist Bldg,name
GLYNN,3713,STERLING CHURCH OF GOD,Sterling Church of God,name
GLYNN,3743,C B GREER SCHOOL,C B Greer School,name
GLYNN,4923,NORTHSIDE CHURCH,Northside Church,name
GLYNN,1923,MARSHES OF GLYNN,Marshes of Glynn,name
GLYNN,1933,SATILLA MARSH SCHOOL,Satilla Marsh School,name
GLYNN,1943,GLYNDALE SCHOOL,Glyndale School,name
GLYNN,5943,SELDEN PARK,Selden Park,name
GLYNN,5923,CITY REC BLDG,City Rec Bldg,name
GLYNN,5933,BURROUGHS MOLETTE,Burroughs Molette,name
GLYNN,5913,COLLEGE PLACE B,College Place B,name
GLYNN,4943,COLLEGE PLACE A,College Place A,name
GLYNN,4933,ABUNDANT LIFE,Abundant Life,name
GLYNN,2953,JEKYLL ISLAND,Jekyll Island,name
GLYNN,2943,FIRST BAPTIST,First Baptist,name
GLYNN,2933,ST WILLIAMS CHURCH,St Williams Church,name
LANIER,3,STOCKTON,Stockton,name
LANIER,2,SIRMANS,Sirmans,name
LANIER,4,WESTSIDE,Westside,name
LANIER,1,LAKELAND,Lakeland,name
CLINCH,AB,ARABIA,Arabia,name
CLINCH,D,DUPONT,Dupont,name
CLINCH,H,HOMERVILLE,Homerville,name
CLINCH,F,FARGO,Fargo,name
CLINCH,AG,ARGYLE,Argyle,name
BERRIEN,1157,NASHVILLE,Nashville,name
BERRIEN,1642,ENIGMA,Enigma,name
BERRIEN,1148,EAST BERRIEN,East Berrien,name
BERRIEN,518,ALAPAHA,Alapaha,name
BERRIEN,1329,LOIS,Lois,name
BERRIEN,1144,RAY CITY,Ray City,name
BERRIEN,11062,WEST BERRIEN,West Berrien,name
ECHOLS,1058,STATENVILLE,Statenville,name
ATKINSON,3,WILLACOOCHEE,Willacoochee,name
ATKINSON,1,PEARSON COUNTY,Pearson County,name
ATKINSON,4,PEARSON CITY,Pearson City,name
ATKINSON,2,AXSON,Axson,name
WHEELER,1,ALAMO,Alamo,name
WHEELER,2,GLENWOOD,Glenwood,name
MONTGOMERY,5,MOUNT VERNON,Mount Vernon,name
MONTGOMERY,7,UVALDA,Uvalda,name
MONTGOMERY,2,ALSTON,Alston,name
MONTGOMERY,1,AILEY,Ailey,name
MONTGOMERY,3,HIGGSTON,Higgston,name
MONTGOMERY,6,TARRYTOWN,Tarrytown,name
MONTGOMERY,4,KIBBEE,Kibbee,name
TELFAIR,SC,SCOTLAND,Scotland,name
TELFAIR,MC,MCRAE,McRae,name
TELFAIR,HE,HELENA,Helena,name
TELFAIR,LU,LUMBER CITY,Lumber City,name
TELFAIR,MI,MILAN,Milan,name
TELFAIR,JA,JACKSONVILLE,Jacksonville,name
LAURENS,19,REEDY SPRINGS,Reedy Springs,name
LAURENS,13,HAMPTON MILL,Hampton Mill,name
LAURENS,16,RURAL FIRE STA #17,Rural Fire Sta #17,name
LAURENS,8,BURCH,Burch,name
LAURENS,10,CADWELL,Cadwell,name
LAURENS,22,WEST LAURENS,West Laurens,name
LAURENS,7,BUCKEYE,Buckeye,name
LAURENS,4,CALHOUN PARK,Calhoun Park,name
LAURENS,15,MINTER,Minter,name
LAURENS,12,DUDLEY,Dudley,name
LAURENS,9,BURGAMY,Burgamy,name
LAURENS,14,HARVARD,Harvard,name
LAURENS,21,SMITH,Smith,name
LAURENS,11,BREWTON,Brewton,name
LAURENS,6,BAILEY,Bailey,name
LAURENS,5,FIRE DEPT STA #5,Fire Dept Sta #5,name
LAURENS,3,FAMILY LIFE CENTER,Family Life Center,name
DODGE,CLARK,CLARKS,Clarks,name
DODGE,EDDIN,EDDINS,Eddins,name
DODGE,EMPIR,EMPIRE,Empire,name
DODGE,RAWLI,RAWLINS,Rawlins,name
DODGE,YONKE,YONKER,Yonker,name
DODGE,MITCH,MITCHELL,Mitchell,name
DODGE,PONDT,PONDTOWN,Pondtown,name
DODGE,VILUL,VILULA,Vilula,name
DODGE,MCCRA,MCCRANIE,McCranie,name
DODGE,LEE,LEE,Lee,name
DODGE,PLAIN,PLAINFIELD,Plainfield,name
DODGE,MULLI,MULLIS,Mullis,name
DODGE,MILAN,MILAN,Milan,name
DODGE,CHAUN,CHAUNCEY,Chauncey,name
DODGE,JONES,JONES,Jones,name
DODGE,JAYBI,JAYBIRD,Jaybird,name
BLECKLEY,1,FAIRGROUND,FAIRGROUND,name
JOHNSON,1301,BRAY,Bray,name
JOHNSON,1266,SMITH,Smith,name
JOHNSON,1201,WRIGHTSVILLE,Wrightsville,name
JOHNSON,55,KITE,Kite,name
WILKINSON,7,LORD,Lord,name
WILKINSON,2,BLOODWORTH,Bloodworth,name
WILKINSON,3,GRIFFIN,Griffin,name
WILKINSON,11,TURKEY CREEK,Turkey Creek,name
WILKINSON,4,HIGH HILL,High Hill,name
WILKINSON,10,RAMAH,Ramah,name
WILKINSON,5,IRWINTON,Irwinton,name
WILKINSON,6,IVEY,Ivey,name
WILKINSON,8,MIDWAY,Midway,name
WASHINGTON,88,OCONEE,OCONEE,name
WASHINGTON,91,HARRISON,HARRISON,name
WASHINGTON,1488,TENNILLE,TENNILLE,name
WASHINGTON,97,SANDERSVILLE,SANDERSVILLE,name
WASHINGTON,1253,RIDDLEVILLE,RIDDLEVILLE,name
WASHINGTON,94,DAVISBORO,DAVISBORO,name
WASHINGTON,1350,WARTHEN,WARTHEN,name
WASHINGTON,99,DEEPSTEP,DEEPSTEP,name
CANDLER,1736,CANDLER-1736,CANDLER-1736,name
CANDLER,1685,METTER 1685,METTER 1685,name
WILCOX,2A,ABBEVILLE NORTH 2,Abbeville North 2,name
WILCOX,1A,ROCHELLE NORTH 1,Rochelle North 1,name
WILCOX,2B,PINEVIEW 2,Pineview 2,name
WILCOX,4A,ROCHELLE SOUTH 4,Rochelle South 4,name
WILCOX,3A,PITTS 3,Pitts 3,name
WILCOX,5A,ABBEVILLE SOUTH 5,Abbeville South 5,name
GLASCOCK,EDGH,EDGEHILL,Edgehill,name
GLASCOCK,MITC,MITCHELL,Mitchell,name
GLASCOCK,GIBS,GIBSON,Gibson,name
GLASCOCK,MILL,MILL,Mill,name
BEN HILL,3,WILLIAMSON MILL,Williamson Mill,name
BEN HILL,5,SPECIAL WEST,Special West,name
BEN HILL,2,WEST,West,name
BEN HILL,4,SPECIAL EAST,Special East,name
BEN HILL,1,EAST,East,name
PULASKI,SOUTH,SOUTH PRECINCT,SOUTH PRECINCT,name
PULASKI,EAST,EAST PRECINCT,EAST PRECINCT,name
PULASKI,NORTH,NORTH PRECINCT,NORTH PRECINCT,name
BALDWIN,322,COOPERS,Coopers,name
BALDWIN,1714,SCOTTSBORO,Scottsboro,name
BALDWIN,319,WEST BALDWIN,West Baldwin,name
BALDWIN,MERI,MERIWETHER,Meriwether,name
BALDWIN,321W,WEST HARDWICK,West Hardwick,name
BALDWIN,CTY5,FIRE DEPT,Fire Dept,name
BALDWIN,318,NORTH BALDWIN,North Baldwin,name
BALDWIN,CTY2,CITY HALL ANNEX,City Hall Annex,name
BALDWIN,321E,EAST HARDWICK,East Hardwick,name
BALDWIN,CTY3,BODDIE,Boddie,name
BALDWIN,CTY6,NORTH MILLEDGEVILLE,North Milledgeville,name
BALDWIN,MONT,EAST BALDWIN,East Baldwin,name
BALDWIN,CTY1,SOUTH MILLEDGEVILLE,South Milledgeville,name
BALDWIN,CTY4,COURTHOUSE,Courthouse,name
EFFINGHAM,3B,3B,3B,name
EFFINGHAM,1D,1D,1D,name
EFFINGHAM,1A,1A,1A,name
EFFINGHAM,2A,2A,2A,name
EFFINGHAM,3D,3D,3D,name
EFFINGHAM,3A,3A,3A,name
EFFINGHAM,4C,4C,4C,name
EFFINGHAM,5C,5C,5C,name
EFFINGHAM,4A,4A,4A,name
EFFINGHAM,1B,1B,1B,name
EFFINGHAM,1C,1C,1C,name
EFFINGHAM,2C,2C,2C,name
EFFINGHAM,4B,4B,4B,name
EFFINGHAM,3C,3C,3C,name
EFFINGHAM,2B,2B,2B,name
EFFINGHAM,5B,5B,5B,name
EFFINGHAM,5A,5A,5A,name
CHATHAM,4-6 C,4-06 FIRST BAPTIST CHURCH,4-06 First Baptist Church,name
CHATHAM,4-5 C,4-05 ST FRANCIS EPISCOPAL,4-05 St Francis Episcopal,name
CHATHAM,4-2 C,4-02 FRANK MURRAY COMM CT,4-02 Frank Murray Comm Ct,name
CHATHAM,4-11C,4-11 TYBEE ISLAND SCHOOL CAFE,4-11 Tybee Island School Cafe,name
CHATHAM,4-8 C,4-08 WILMINGTON ISLAND PR,4-08 Wilmington Island Pr,name
CHATHAM,4-7 C,4-07 WILM IS UN METH CH,4-07 Wilm Is Un Meth Ch,name
CHATHAM,4-4 C,4-04 LIGHTHOUSE BAPTIST CH,4-04 Lighthouse Baptist Ch,name
CHATHAM,1-12C,1-12 ISLE OF HOPE BAPTIST,1-12 Isle of Hope Baptist,name
CHATHAM,3-5 C,3-05 ALDERSGATE YOUTH CENT,3-05 Aldersgate Youth Cent,name
CHATHAM,3-12C,3-12 THUNDERBOLT MUNI. COMPLEX,3-12 Thunderbolt Muni. Complex,name
CHATHAM,1-17C,1-17 ISLANDS CHRISTIAN CHURCH,1-17 Islands Christian Church,name
CHATHAM,3-4 C,3-04 FIRST AFRICAN BAPTIST,3-04 First African Baptist,name
CHATHAM,6-11C,6-11 BAMBOO FARMS,6-11 Bamboo Farms,name
CHATHAM,7-9 C,7-09 SOUTHWEST BAPTIST CH,7-09 Southwest Baptist Ch,name
CHATHAM,7-8 C,7-08 BLOOMINGDALE COM CTR,7-08 Bloomingdale Com Ctr,name
CHATHAM,7-12C,7-12 RISEN SAVIOR CHR,7-12 Risen Savior Chr,name
CHATHAM,6-9 C,6-09 TRINITY LUTHERAN CH,6-09 Trinity Lutheran Ch,name
CHATHAM,6-3 C,6-03 CRUSADER COMM CTR,6-03 Crusader Comm Ctr,name
CHATHAM,6-5 C,6-05 WINDSOR FOREST GOLDE,6-05 Windsor Forest Golde,name
CHATHAM,6-10C,6-10 GEORGETOWN ELEM,6-10 Georgetown Elem,name
CHATHAM,4-13C,4-13 SKID IS PRES CHURCH,4-13 Skid Is Pres Church,name
CHATHAM,6-2 C,6-02 WINDSOR FOREST BAPTIST,6-02 Windsor Forest Baptist,name
CHATHAM,1-16C,1-16 FERGUSON AVE BAPTIST,1-16 Ferguson Ave Baptist,name
CHATHAM,6-1 C,6-01 WHITE BLUFF PRES CHR,6-01 White Bluff Pres Chr,name
CHATHAM,1-13C,1-13 CRESTHILL BAPTIST,1-13 Cresthill Baptist,name
CHATHAM,1-14C,1-14 ST LUKE CHURCH,1-14 St Luke Church,name
CHATHAM,1-10C,1-10 ISLE OF HOPE SCHOOL,1-10 Isle of Hope School,name
CHATHAM,4-14C,4-14 SKIDAWAY ISLAND UNI METH,4-14 Skidaway Island Uni Meth,name
CHATHAM,4-15C,4-15 SKIDAWAY ISLAND STAT,4-15 Skidaway Island Stat,name
CHATHAM,4-12C,4-12 ST PETERS EPISCOPAL,4-12 St Peters Episcopal,name
CHATHAM,4-10C,4-10 GUARD HOUSE COMM CTR,4-10 Guard House Comm Ctr,name
CHATHAM,7-14C,7-14 COASTAL CATHEDRAL,7-14 Coastal Cathedral,name
CHATHAM,7-10C,7-10 PROGRESSIVE REC CTR,7-10 Progressive Rec Ctr,name
CHATHAM,7-11C,7-11 SEVENTH DAY ADV CHR,7-11 Seventh Day Adv Chr,name
CHATHAM,7-1 C,7-01 GARDEN CITY SENIOR CTR,7-01 Garden City Senior Ctr,name
CHATHAM,7-3 C,7-03 P B EDWARDS GYM,7-03 P B Edwards Gym,name
CHATHAM,7-4 C,7-04 LAKE SHORE COMM CTR,7-04 Lake Shore Comm Ctr,name
CHATHAM,7-5 C,7-05 WOODLAWN BAPT CH,7-05 Woodlawn Bapt Ch,name
CHATHAM,8-12C,8-12 BEACH HIGH SCHOOL,8-12 Beach High School,name
CHATHAM,8-15C,8-15 GARDEN CITY REC CTR,8-15 Garden City Rec Ctr,name
CHATHAM,7-7 C,7-07 ROTHWELL BAPT CH,7-07 Rothwell Bapt Ch,name
CHATHAM,5-6 C,5-06 WILDWOOD UNITED METH,5-06 Wildwood United Meth,name
CHATHAM,5-7 C,5-07 ELKS LODGE,5-07 Elks Lodge,name
CHATHAM,5-8 C,5-08 SAVANNAH PRIMITIVE,5-08 Savannah Primitive,name
CHATHAM,5-11C,5-11 LARGO-TIBET ELEM,5-11 Largo-Tibet Elem,name
CHATHAM,8-13C,8-13 SAVANNAH CHRIST. SCH,8-13 Savannah Christ. Sch,name
CHATHAM,7-6 C,7-06 POOLER CITY HALL,7-06 Pooler City Hall,name
CHATHAM,7-13C,7-13 GARDEN CITY CITY HALL,7-13 Garden City City Hall,name
CHATHAM,8-3 C,8-03 SILK HOPE BAPT CH,8-03 Silk Hope Bapt Ch,name
CHATHAM,6-8 C,6-08 ST. FRANCIS CABRINI,6-08 St. Francis Cabrini,name
CHATHAM,2-6 C,2-06 RIVERSIDE BAPTIST CHURCH,2-06 Riverside Baptist Church,name
CHATHAM,3-3 C,3-03 SAVANNAH HIGH SCHOOL,3-03 Savannah High School,name
CHATHAM,3-15C,3-15 ELI WHITNEY COMPLEX,3-15 Eli Whitney Complex,name
CHATHAM,8-7 C,8-07 WOODVILLE-TOMPKINS,8-07 Woodville-Tompkins,name
CHATHAM,5-1 C,5-01 BARTLETT MIDDLE SCH,5-01 Bartlett Middle Sch,name
CHATHAM,6-6 C,6-06 THE LIGHT,6-06 The Light,name
CHATHAM,1-9 C,1-09 IMMANUEL BAPT CHURCH,1-09 Immanuel Bapt Church,name
CHATHAM,5-5 C,5-05 LIBERTY CITY COMM CTR,5-05 Liberty City Comm Ctr,name
CHATHAM,5-10C,5-10 JONESVILLE BAPT CHURCH,5-10 Jonesville Bapt Church,name
CHATHAM,1-6 C,1-06 CENTRAL CHUR OF CHRIST,1-06 Central Chur of Christ,name
CHATHAM,1-8 C,1-08 GRACE UNITED METH CHUR,1-08 Grace United Meth Chur,name
CHATHAM,3-10C,3-10 BIBLE BAPTIST CHURCH,3-10 Bible Baptist Church,name
CHATHAM,2-9 C,2-09 THE SALVATION ARMY,2-09 The Salvation Army,name
CHATHAM,8-11C,8-11 BUTLER ELEM SCHOOL,8-11 Butler Elem School,name
CHATHAM,8-10C,8-10 CARVER HEIGHTS COMM,8-10 Carver Heights Comm,name
CHATHAM,5-3 C,5-03 BUTLER PRESBYTERIAN,5-03 Butler Presbyterian,name
CHATHAM,8-6 C,8-06 TOMPKINS REC CTR,8-06 Tompkins Rec Ctr,name
CHATHAM,5-2 C,5-02 SENIOR CITIZENS CENT,5-02 Senior Citizens Cent,name
CHATHAM,8-5 C,8-05 W BROAD ST YMCA,8-05 W Broad St YMCA,name
CHATHAM,8-8 C,8-08 RESUR OF OUR LORD CH,8-08 Resur Of Our Lord Ch,name
CHATHAM,8-9 C,8-09 MOSES JACKSON CTR,8-09 Moses Jackson Ctr,name
CHATHAM,3-14C,3-14 RIVERVIEW HEALTH REH,3-14 Riverview Health Reh,name
CHATHAM,3-11C,3-11 SOUTHSIDE BAPT CHURCH,3-11 Southside Bapt Church,name
CHATHAM,1-5 C,1-05 JEA BUILDING,1-05 JEA Building,name
CHATHAM,1-1 C,1-01 FIRST PRESBYTERIAN CHURCH,1-01 First Presbyterian Church,name
CHATHAM,2-11C,2-11 S GARDENS CHRISTIAN,2-11 S Gardens Christian,name
CHATHAM,3-9 C,3-09 COKESBURY METHODIST,3-09 Cokesbury Methodist,name
CHATHAM,3-8 C,3-08 JENKINS HIGH SCHOOL,3-08 Jenkins High School,name
CHATHAM,2-2 C,2-02 BLACKSHEAR COMM CTR,2-02 Blackshear Comm Ctr,name
CHATHAM,3-1 C,3-01 OLD COURTHOUSE,3-01 Old Courthouse,name
CHATHAM,3-13C,3-13 NEW COV 7 DAY ADV CH,3-13 New Cov 7 Day Adv Ch,name
CHATHAM,3-2 C,3-02 ROSE OF SHARON,3-02 Rose of Sharon,name
CHATHAM,2-3 C,2-03 W. W. LAW CENTER,2-03 W. W. Law Center,name
CHATHAM,2-4 C,2-04 FELLOWSHIP OF LOVE,2-04 Fellowship of Love,name
CHATHAM,2-7 C,2-07 CHRIST COMM. CHURCH,2-07 Christ Comm. Church,name
CHATHAM,8-1 C,8-01 CIVIC CENTER,8-01 Civic Center,name
CHATHAM,2-12C,2-12 WILLIAMS COURT APTS,2-12 Williams Court Apts,name
CHATHAM,8-2 C,8-02 BULL STREET BAPTIST,8-02 Bull Street Baptist,name
CHATHAM,2-5 C,2-05 HOLY SPIRIT LUTHERAN,2-05 Holy Spirit Lutheran,name
GWINNETT,3,003 DACULA,003 Dacula,name
GWINNETT,152,152 ROCKYCREEK C,152 Rockycreek C,name
GWINNETT,137,137 ROCKYCREEK B,137 Rockycreek B,name
GWINNETT,154,154 PUCKETTS D,154 Pucketts D,name
GWINNETT,8,008 DUNCANS A,008 Duncans A,name
GWINNETT,13,013 DUNCANS C,013 Duncans C,name
GWINNETT,1,001 HARBINS A,001 Harbins A,name
GWINNETT,151,151 HARBINS C,151 Harbins C,name
GWINNETT,133,133 HARBINS B,133 Harbins B,name
GWINNETT,28,028 ROCKYCREEK A,028 Rockycreek A,name
GWINNETT,129,129 DUNCANS B,129 Duncans B,name
GWINNETT,9,009 PUCKETTS A,009 Pucketts A,name
GWINNETT,135,135 PUCKETTS C,135 Pucketts C,name
GWINNETT,39,039 DUNCANS D,039 Duncans D,name
GWINNETT,147,147 BAYCREEK I,147 Baycreek I,name
GWINNETT,80,080 BAYCREEK C,080 Baycreek C,name
GWINNETT,90,090 LAWRENCEVILLE I,090 Lawrenceville I,name
GWINNETT,85,085 LAWRENCEVILLE H,085 Lawrenceville H,name
GWINNETT,132,132 LAWRENCEVILLE K,132 Lawrenceville K,name
GWINNETT,60,060 LAWRENCEVILLE D,060 Lawrenceville D,name
GWINNETT,42,042 LAWRENCEVILLE C,042 Lawrenceville C,name
GWINNETT,108,108 BAYCREEK E,108 Baycreek E,name
GWINNETT,145,145 BAYCREEK G,145 Baycreek G,name
GWINNETT,146,146 BAYCREEK H,146 Baycreek H,name
GWINNETT,91,091 BAYCREEK D,091 Baycreek D,name
GWINNETT,52,052 BERKSHIRE G,052 Berkshire G,name
GWINNETT,118,118 GARNERS F,118 Garners F,name
GWINNETT,112,112 BERKSHIRE N,112 Berkshire N,name
GWINNETT,121,121 PINCKNEYVILLE X,121 Pinckneyville X,name
GWINNETT,56,056 DULUTH C,056 Duluth C,name
GWINNETT,111,111 DULUTH H,111 Duluth H,name
GWINNETT,7,007 DULUTH A,007 Duluth A,name
GWINNETT,155,155 SUWANEE G,155 Suwanee G,name
GWINNETT,140,140 SUWANEE H,140 Suwanee H,name
GWINNETT,17,017 MARTINS A,017 Martins A,name
GWINNETT,106,106 SUWANEE C,106 Suwanee C,name
GWINNETT,131,131 SUWANEE E,131 Suwanee E,name
GWINNETT,4,004 SUWANEE A,004 Suwanee A,name
GWINNETT,98,098 GOODWINS F,098 Goodwins F,name
GWINNETT,142,142 SUWANEE F,142 Suwanee F,name
GWINNETT,100,100 SUWANEE B,100 Suwanee B,name
GWINNETT,30,030 CATES C,030 Cates C,name
GWINNETT,70,070 GOODWINS B,070 Goodwins B,name
GWINNETT,26,026 HOG MOUNTAIN A,026 Hog Mountain A,name
GWINNETT,31,031 HOG MOUNTAIN D,031 Hog Mountain D,name
GWINNETT,136,136 HOG MOUNTAIN C,136 Hog Mountain C,name
GWINNETT,67,067 PUCKETTS E,067 Pucketts E,name
GWINNETT,71,071 LAWRENCEVILLE F,071 Lawrenceville F,name
GWINNETT,144,144 LAWRENCEVILLE M,144 Lawrenceville M,name
GWINNETT,27,027 HOG MOUNTAIN B,027 Hog Mountain B,name
GWINNETT,55,055 SUGAR HILL D,055 Sugar Hill D,name
GWINNETT,102,102 PUCKETTS B,102 Pucketts B,name
GWINNETT,24,024 SUGAR HILL A,024 Sugar Hill A,name
GWINNETT,141,141 SUGAR HILL G,141 Sugar Hill G,name
GWINNETT,25,025 SUGAR HILL B,025 Sugar Hill B,name
GWINNETT,89,089 SUGAR HILL E,089 Sugar Hill E,name
GWINNETT,54,054 SUGAR HILL C,054 Sugar Hill C,name
GWINNETT,130,130 SUWANEE D,130 Suwanee D,name
GWINNETT,33,033 BERKSHIRE E,033 Berkshire E,name
GWINNETT,92,092 BERKSHIRE J,092 Berkshire J,name
GWINNETT,49,049 GARNERS C,049 Garners C,name
GWINNETT,14,014 GARNERS A,014 Garners A,name
GWINNETT,45,045 GARNERS B,045 Garners B,name
GWINNETT,32,032 BERKSHIRE D,032 Berkshire D,name
GWINNETT,11,011 BERKSHIRE A,011 Berkshire A,name
GWINNETT,120,120 BERKSHIRE P,120 Berkshire P,name
GWINNETT,109,109 BERKSHIRE M,109 Berkshire M,name
GWINNETT,74,074 PINCKNEYVILLE Q,074 Pinckneyville Q,name
GWINNETT,103,103 BERKSHIRE L,103 Berkshire L,name
GWINNETT,86,086 MARTINS F,086 Martins F,name
GWINNETT,34,034 BERKSHIRE F,034 Berkshire F,name
GWINNETT,119,119 BERKSHIRE O,119 Berkshire O,name
GWINNETT,19,019 MARTINS C,019 Martins C,name
GWINNETT,43,043 MARTINS D,043 Martins D,name
GWINNETT,116,116 MARTINS I,116 Martins I,name
GWINNETT,117,117 MARTINS J,117 Martins J,name
GWINNETT,88,088 ROCKBRIDGE E,088 Rockbridge E,name
GWINNETT,69,069 CATES J,069 Cates J,name
GWINNETT,36,036 CATES E,036 Cates E,name
GWINNETT,107,107 CATES O,107 Cates O,name
GWINNETT,35,035 CATES D,035 Cates D,name
GWINNETT,44,044 ROCKBRIDGE B,044 Rockbridge B,name
GWINNETT,68,068 CATES I,068 Cates I,name
GWINNETT,93,093 CATES M,093 Cates M,name
GWINNETT,127,127 LAWRENCEVILLE J,127 Lawrenceville J,name
GWINNETT,18,018 MARTINS B,018 Martins B,name
GWINNETT,84,084 LAWRENCEVILLE G,084 Lawrenceville G,name
GWINNETT,150,150 DULUTH K,150 Duluth K,name
GWINNETT,40,040 PINCKNEYVILLE H,040 Pinckneyville H,name
GWINNETT,99,099 PINCKNEYVILLE T,099 Pinckneyville T,name
GWINNETT,57,057 DULUTH D,057 Duluth D,name
GWINNETT,82,082 DULUTH E,082 Duluth E,name
GWINNETT,10,010 CATES A,010 Cates A,name
GWINNETT,81,081 CATES L,081 Cates L,name
GWINNETT,156,156 BAYCREEK J,156 Baycreek J,name
GWINNETT,41,041 BAYCREEK B,041 Baycreek B,name
GWINNETT,134,134 BAYCREEK F,134 Baycreek F,name
GWINNETT,94,094 CATES N,094 Cates N,name
GWINNETT,5,005 BAYCREEK A,005 Baycreek A,name
GWINNETT,104,104 ROCKBRIDGE F,104 Rockbridge F,name
GWINNETT,76,076 ROCKBRIDGE D,076 Rockbridge D,name
GWINNETT,66,066 PINCKNEYVILLE O,066 Pinckneyville O,name
GWINNETT,38,038 PINCKNEYVILLE F,038 Pinckneyville F,name
GWINNETT,59,059 PINCKNEYVILLE N,059 Pinckneyville N,name
GWINNETT,87,087 PINCKNEYVILLE S,087 Pinckneyville S,name
GWINNETT,65,065 BERKSHIRE H,065 Berkshire H,name
GWINNETT,123,123 PINCKNEYVILLE Y,123 Pinckneyville Y,name
GWINNETT,23,023 PINCKNEYVILLE D,023 Pinckneyville D,name
GWINNETT,58,058 PINCKNEYVILLE K,058 Pinckneyville K,name
GWINNETT,50,050 PINCKNEYVILLE I,050 Pinckneyville I,name
GWINNETT,148,148 BERKSHIRE Q,148 Berkshire Q,name
GWINNETT,21,021 PINCKNEYVILLE B,021 Pinckneyville B,name
GWINNETT,51,051 PINCKNEYVILLE J,051 Pinckneyville J,name
GWINNETT,113,113 PINCKNEYVILLE V,113 Pinckneyville V,name
GWINNETT,114,114 PINCKNEYVILLE W,114 Pinckneyville W,name
GWINNETT,20,020 PINCKNEYVILLE A,020 Pinckneyville A,name
GWINNETT,12,012 BERKSHIRE B,012 Berkshire B,name
GWINNETT,122,122 ROCKBRIDGE G,122 Rockbridge G,name
GWINNETT,2,002 ROCKBRIDGE A,002 Rockbridge A,name
GWINNETT,75,075 ROCKBRIDGE C,075 Rockbridge C,name
GWINNETT,64,064 GARNERS D,064 Garners D,name
GWINNETT,37,037 PINCKNEYVILLE E,037 Pinckneyville E,name
GWINNETT,125,125 PINCKNEYVILLE Z,125 Pinckneyville Z,name
GWINNETT,62,062 PINCKNEYVILLE L,062 Pinckneyville L,name
GWINNETT,63,063 PINCKNEYVILLE M,063 Pinckneyville M,name
GWINNETT,101,101 PINCKNEYVILLE U,101 Pinckneyville U,name
GWINNETT,73,073 PINCKNEYVILLE P,073 Pinckneyville P,name
GWINNETT,126,126 PINCKNEYVILLE A1,126 Pinckneyville A1,name
GWINNETT,22,022 PINCKNEYVILLE C,022 Pinckneyville C,name
GWINNETT,53,053 CATES H,053 Cates H,name
GWINNETT,46,046 CATES F,046 Cates F,name
GWINNETT,47,047 CATES G,047 Cates G,name
GWINNETT,29,029 CATES B,029 Cates B,name
GWINNETT,79,079 CATES K,079 Cates K,name
GWINNETT,139,139 MARTINS K,139 Martins K,name
GWINNETT,115,115 MARTINS H,115 Martins H,name
GWINNETT,48,048 DULUTH B,048 Duluth B,name
GWINNETT,96,096 DULUTH G,096 Duluth G,name
GWINNETT,72,072 MARTINS E,072 Martins E,name
GWINNETT,95,095 DULUTH F,095 Duluth F,name
GWINNETT,138,138 DULUTH I,138 Duluth I,name
GWINNETT,143,143 LAWRENCEVILLE L,143 Lawrenceville L,name
GWINNETT,61,061 LAWRENCEVILLE E,061 Lawrenceville E,name
GWINNETT,153,153 LAWRENCEVILLE N,153 Lawrenceville N,name
GWINNETT,16,016 LAWRENCEVILLE B,016 Lawrenceville B,name
GWINNETT,78,078 BAYCREEK K,078 Baycreek K,name
GWINNETT,15,015 LAWRENCEVILLE A,015 Lawrenceville A,name
GWINNETT,77,077 GOODWINS C,077 Goodwins C,name
GWINNETT,97,097 GOODWINS E,097 Goodwins E,name
GWINNETT,110,110 MARTINS G,110 Martins G,name
GWINNETT,124,124 GOODWINS G,124 Goodwins G,name
GWINNETT,149,149 GOODWINS I,149 Goodwins I,name
GWINNETT,6,006 GOODWINS A,006 Goodwins A,name
GWINNETT,128,128 GOODWINS H,128 Goodwins H,name
GWINNETT,83,083 GOODWINS D,083 Goodwins D,name
GWINNETT,105,105 SUGAR HILL F,105 Sugar Hill F,name
LUMPKIN,SE,SOUTH EAST,South East,name
LUMPKIN,ET,EAST,East,name
LUMPKIN,ET,EAST,,unmatched
LUMPKIN,NE,NORTH EAST,North East,name
LUMPKIN,NE,NORTH EAST,,unmatched
LUMPKIN,NO,NORTH,North,name
LUMPKIN,WT,WEST,West,name
LUMPKIN,SW,SOUTH WEST,South West,name
LUMPKIN,DA,DAHLONEGA,Dahlonega,name
UNION,10,COOSA,Coosa,name
UNION,3,OWLTOWN,Owltown,name
UNION,7,DOOLEY,Dooley,name
UNION,9,PAT COLWELL,Pat Colwell,name
UNION,4,IVY LOG,Ivy Log,name
UNION,8,GUMLOG,Gumlog,name
UNION,1,BLAIRSVILLE,Blairsville,name
UNION,11,CHOESTOE,Choestoe,name
UNION,6,TRACKROCK,Trackrock,name
UNION,5,SUCHES,Suches,name
UNION,2,JONES CREEK,Jones Creek,name
HALL,5,05-OAKWOOD III,05-Oakwood III,name
HALL,1,01-WILSON,01-Wilson,name
HALL,21,21-FORK,21-Fork,name
HALL,4,04-OAKWOOD II,04-Oakwood II,name
HALL,3,03-OAKWOOD I,03-Oakwood I,name
HALL,7,07-FLOWERY BRANCH II,07-Flowery Branch II,name
HALL,34,34-FRIENDSHIP II,34-Friendship II,name
HALL,6,06-FLOWERY BRANCH I,06-Flowery Branch I,name
HALL,35,35-FRIENDSHIP III,35-Friendship III,name
HALL,33,33-FRIENDSHIP I,33-Friendship I,name
HALL,10,10-MORGAN II,10-Morgan II,name
HALL,9,09-MORGAN I,09-Morgan I,name
HALL,11,11-MORGAN III,11-Morgan III,name
HALL,2,02-CHICOPEE,02-Chicopee,name
HALL,31,31-GILLSVILLE,31-Gillsville,name
HALL,23,23-WEST WHELCHEL,23-West Whelchel,name
HALL,32,32-BIG HICKORY,32-Big Hickory,name
HALL,20,20-CHESTATEE,20-Chestatee,name
HALL,19,19-MURRAYVILLE,19-Murrayville,name
HALL,18,18-BARK CAMP,18-Bark Camp,name
HALL,8,08-ROBERTS,08-Roberts,name
HALL,15,15-LULA,15-Lula,name
HALL,25,25-GAINESVILLE II,25-Gainesville II,name
HALL,30,30-NEW HOLLAND,30-New Holland,name
HALL,13,13-TADMORE,13-Tadmore,name
HALL,14,14-GLADE,14-Glade,name
HALL,28,28-GAINESVILLE V,28-Gainesville V,name
HALL,24,24-GAINESVILLE I,24-Gainesville I,name
HALL,12,12-CANDLER,12-Candler,name
HALL,29,29-RIVERBEND,29-Riverbend,name
HALL,22,22-WHELCHEL,22-Whelchel,name
HALL,17,17-QUILLIANS,17-Quillians,name
HALL,16,16-CLERMONT,16-Clermont,name
HALL,26,26-GAINESVILLE III,26-Gainesville III,name
HALL,27,27-GAINESVILLE IV,27-Gainesville IV,name
FORSYTH,4,04 CHESTATEE,04 Chestatee,name
FORSYTH,12,12 PLEASANT GROVE,12 Pleasant Grove,name
FORSYTH,33,33 KEITH BRIDGE,33 Keith Bridge,name
FORSYTH,24,24 SHARON FORKS,24 Sharon Forks,name
FORSYTH,19,19 OLD ATLANTA,19 Old Atlanta,name
FORSYTH,5,05 COAL MOUNTAIN,05 Coal Mountain,name
FORSYTH,3,03 BROWNS BRIDGE,03 Browns Bridge,name
FORSYTH,6,06 CROSSROADS,06 Crossroads,name
FORSYTH,2,02 BRANDYWINE,02 Brandywine,name
FORSYTH,22,22 VICKERY,22 Vickery,name
FORSYTH,1,01 BIG CREEK,01 Big Creek,name
FORSYTH,17,17 JOHNS CREEK,17 Johns Creek,name
FORSYTH,21,21 SOUTH FORSYTH,21 South Forsyth,name
FORSYTH,29,29 POLO,29 Polo,name
FORSYTH,25,25 WINDERMERE,25 Windermere,name
FORSYTH,16,16 OTWELL,16 Otwell,name
FORSYTH,27,27 CONCORD,27 Concord,name
FORSYTH,7,07 CUMMING,07 Cumming,name
FORSYTH,30,30 RIVERCLUB,30 Riverclub,name
FORSYTH,8,08 MASHBURN,08 Mashburn,name
FORSYTH,20,20 PINEY GROVE,20 Piney Grove,name
FORSYTH,10,10 MIDWAY,10 Midway,name
FORSYTH,15,15 HEARDSVILLE,15 Heardsville,name
FORSYTH,11,11 SAWNEE,11 Sawnee,name
FORSYTH,9,09 MATT,09 Matt,name
WALTON,416,WALNUT GROVE,Walnut Grove,name
WALTON,423,BROKEN ARROW,Broken Arrow,name
WALTON,427,OASIS,Oasis,name
WALTON,502,JERSEY,Jersey,name
WALTON,415,BETWEEN,Between,name
WALTON,417,LOGANVILLE NORTH,Loganville North,name
WALTON,424,BAY CREEK,Bay Creek,name
WALTON,1663,BOLD SPRINGS,Bold Springs,name
WALTON,421,LOGANVILLE SOUTH,Loganville South,name
WALTON,422,WEST WALTON,West Walton,name
WALTON,454,MOUNTAIN,Mountain,name
WALTON,420,NORTH MONROE,North Monroe,name
WALTON,414,GRATIS,Gratis,name
WALTON,559,GOOD HOPE,Good Hope,name
WALTON,418,SOCIAL CIRCLE,Social Circle,name
WALTON,1675,WHATLEY,Whatley,name
WALTON,426,ATHA ROAD,Atha Road,name
WALTON,419,SOUTH MONROE,South Monroe,name
WALTON,503,BLASINGAME,Blasingame,name
WALTON,425,E MONROE,E Monroe,name
WALTON,250,WALKER PARK,Walker Park,name
BARROW,12,12 MIDWAY UNITED METHODIST CHURCH,12 Midway United Methodist Church,name
BARROW,4,04 WESTSIDE MIDDLE SCHOOL,04 Westside Middle School,name
BARROW,2,02 BETHABRA BAPTIST CHURCH,02 Bethabra Baptist Church,name
BARROW,5,05 FIRE STATION 1 (STATHAM),05 Fire Station 1 (Statham),name
BARROW,7,07 STATHAM ELEMENTARY SCHOOL,07 Statham Elementary School,name
BARROW,16,16 BETHLEHEM FIRST BAPTIST CHURCH,16 Bethlehem First Baptist Church,name
BARROW,15,15 COUNTY LINE ELEMENTARY SCHOOL,15 County Line Elementary School,name
BARROW,9,09 LIONS CLUB,09 Lions Club,name
BARROW,8,08 HOLSENBECK ELEMENTARY SCHOOL,08 Holsenbeck Elementary School,name
BARROW,1,01 BETHLEHEM COMMUNITY CENTER,01 Bethlehem Community Center,name
BARROW,6,06 WINDER BARROW HIGH SCHOOL,06 Winder Barrow High School,name
BARROW,10,10 LEISURE SERVICES CENTER,10 Leisure Services Center,name
BARROW,13,13 WINDER COMMUNITY CENTER,13 Winder Community Center,name
BARROW,11,11 APALACHEE HIGH SCHOOL,11 Apalachee High School,name
BARROW,14,14 CEDAR CREEK BAPTIST CHURCH,14 Cedar Creek Baptist Church,name
BARROW,3,03 BRAMLETT ELEMENTARY SCHOOL,03 Bramlett Elementary School,name
JACKSON,1765,PORTER,Porter,name
JACKSON,S0255,SOUTH MINISH,South Minish,name
JACKSON,253,NEWTOWN,Newtown,name
JACKSON,N0255,NORTH MINISH,North Minish,name
JACKSON,N0245,NORTH JEFFERSON,North Jefferson,name
JACKSON,S0245,SOUTH JEFFERSON,South Jefferson,name
JACKSON,257,HARRISBURG,Harrisburg,name
JACKSON,1407,HOSCHTON,Hoschton,name
JACKSON,248,RANDOLPH,Randolph,name
JACKSON,1747,ATTICA,Attica,name
JACKSON,242,REDSTONE,Redstone,name
JACKSON,1704,CENTER,Center,name
JACKSON,1691,TALMO,Talmo,name
JACKSON,428,CUNNINGHAM,Cunningham,name
JACKSON,455,MILLER,Miller,name
JACKSON,465,WILSON,Wilson,name
WHITE,101,TOWN CREEK,Town Creek,name
WHITE,21,BLUE RIDGE,Blue Ridge,name
WHITE,91,TESNATEE,Tesnatee,name
WHITE,71,ROBERTSTOWN,Robertstown,name
WHITE,51,MT. YONAH,Mt. Yonah,name
WHITE,31,HELEN,Helen,name
WHITE,11,BLUE CREEK,Blue Creek,name
WHITE,61,NACOOCHEE,Nacoochee,name
WHITE,41,MOSSY CREEK,Mossy Creek,name
WHITE,111,WHITE CREEK,White Creek,name
WHITE,81,SHOAL CREEK,Shoal Creek,name
TOWNS,1468,YOUNG HARRIS,Young Harris,name
TOWNS,990,HIAWASSEE,Hiawassee,name
TOWNS,1581,TATE CITY,Tate City,name
TOWNS,833,MACEDONIA,Macedonia,name
POLK,6,ROCKMART,ROCKMART,name
POLK,1,ARAGON,ARAGON,name
POLK,4,FISH CREEK,FISH CREEK,name
POLK,5,LAKE CREEK,LAKE CREEK,name
POLK,3,CEDARTOWN,CEDARTOWN,name
POLK,2,BLOOMING GROVE,BLOOMING GROVE,name
POLK,7,YOUNGS GROVE,YOUNGS GROVE,name
BARTOW,14,TAYLORSVILLE,TAYLORSVILLE,name
BARTOW,10,KINGSTON,KINGSTON,name
BARTOW,12,PINE LOG,PINE LOG,name
BARTOW,9,FOLSOM,FOLSOM,name
BARTOW,11,MISSION ROAD,MISSION ROAD,name
BARTOW,8,EUHARLEE,EUHARLEE,name
BARTOW,1,ADAIRSVILLE,ADAIRSVILLE,name
BARTOW,2,ALLATOONA,ALLATOONA,name
BARTOW,6,CENTER,CENTER,name
BARTOW,15,WHITE,WHITE,name
BARTOW,4,CARTERSVILLE WEST,CARTERSVILLE WEST,name
BARTOW,18,WOODLAND HIGH,WOODLAND HIGH,name
BARTOW,5,BEAVERS DRIVE,BEAVERS DRIVE,name
BARTOW,17,CASSVILLE,CASSVILLE,name
BARTOW,7,EMERSON,EMERSON,name
BARTOW,3,CARTERSVILLE EAST,CARTERSVILLE EAST,name
BARTOW,16,ZENA DRIVE,ZENA DRIVE,name
FLOYD,20,CAVE SPRING,CAVE SPRING,name
FLOYD,45,FOSTERS MILL,FOSTERS MILL,name
FLOYD,50,GARDEN LAKES,GARDEN LAKES,name
FLOYD,75,MT ALTO NORTH,MT ALTO NORTH,name
FLOYD,80,NORTH CAROLINA,NORTH CAROLINA,name
FLOYD,15,BARKERS,BARKERS,name
FLOYD,115,TEXAS VALLEY,TEXAS VALLEY,name
FLOYD,55,GLENWOOD,GLENWOOD,name
FLOYD,30,ETOWAH,ETOWAH,name
FLOYD,10,ARMUCHEE,ARMUCHEE,name
FLOYD,40,FLOYD SPRINGS,FLOYD SPRINGS,name
FLOYD,130,WATTERS,WATTERS,name
FLOYD,35,EVERETT SPRINGS,EVERETT SPRINGS,name
FLOYD,135,WEST LINDALE,WEST LINDALE,name
FLOYD,110,SOUTH ROME,SOUTH ROME,name
FLOYD,140,TOWN ROME,TOWN ROME,name
FLOYD,125,VANNS VALLEY,VANNS VALLEY,name
FLOYD,76,MT ALTO SOUTH,MT ALTO SOUTH,name
FLOYD,1,ALTO PARK,ALTO PARK,name
FLOYD,90,EAST ROME,EAST ROME,name
FLOYD,65,EAST LINDALE,EAST LINDALE,name
FLOYD,60,HOWELL,HOWELL,name
FLOYD,25,CHULIO,CHULIO,name
FLOYD,105,NORTH ROME,NORTH ROME,name
FLOYD,85,RIVERSIDE,RIVERSIDE,name
CATOOSA,BOYN,BOYNTON,BOYNTON,name
CATOOSA,LAKE,LAKEVIEW,LAKEVIEW,name
CATOOSA,WEST,WESTSIDE,WESTSIDE,name
CATOOSA,DPK,DUNCAN PARK,DUNCAN PARK,name
CATOOSA,CHAM,CHAMBERS,CHAMBERS,name
CATOOSA,FT O,FORT OGLETHORPE,FORT OGLETHORPE,name
CATOOSA,POPS,POPLAR SPRINGS,POPLAR SPRINGS,name
CATOOSA,GRAY,GRAYSVILLE,GRAYSVILLE,name
CATOOSA,RING,RINGGOLD,RINGGOLD,name
CATOOSA,CAKT,CATOOSA KEITH,CATOOSA KEITH,name
CATOOSA,WOOD,WOODSTATION,WOODSTATION,name
CATOOSA,BLCK,BLACKSTOCK,BLACKSTOCK,name
DAWSON,2,CENTRAL,Central,name
DAWSON,1,WEST,West,name
DAWSON,3,EAST,East,name
WALKER,953,ARMUCHEE VALLEY,ARMUCHEE VALLEY,name
WALKER,1161,MOUNTAIN,MOUNTAIN,name
WALKER,917,CENTER POST,CENTER POST,name
WALKER,1809,KENSINGTON,KENSINGTON,name
WALKER,944,ROCK SPRING,ROCK SPRING,name
WALKER,1893,FAIRVIEW,FAIRVIEW,name
WALKER,1501,CHATTANOOGA VALLEY,CHATTANOOGA VALLEY,name
WALKER,1851,FAIRYLAND,FAIRYLAND,name
WALKER,1812,ROSSVILLE,ROSSVILLE,name
WALKER,871,LAFAYETTE,LAFAYETTE,name
WALKER,1818,CHICKAMAUGA,CHICKAMAUGA,name
GORDON,874,FAIRMOUNT,FAIRMOUNT,name
GORDON,1057,RANGER,RANGER,name
GORDON,1235,OAKMAN,OAKMAN,name
GORDON,1056,SONORAVILLE,SONORAVILLE,name
GORDON,973,RED BUD,RED BUD,name
GORDON,1063,PINE CHAPEL,PINE CHAPEL,name
GORDON,856,LILY POND,LILY POND,name
GORDON,980,RESACA,RESACA,name
GORDON,849-B,CALHOUN CITY,CALHOUN CITY,name
GORDON,849-A,GORDON COUNTY,GORDON COUNTY,name
GORDON,1055,PLAINVILLE,PLAINVILLE,name
GORDON,1064,OOSTANAULA,OOSTANAULA,name
GORDON,1054,SUGAR VALLEY,SUGAR VALLEY,name
COBB,SF01,SHALLOWFORD FALLS 01,Shallowford Falls 01,name
COBB,TT01,TRITT 01,Tritt 01,name
COBB,WL01,WILLEO 01,Willeo 01,name
COBB,MT03,MT BETHEL 03,Mt Bethel 03,name
COBB,MT01,MT BETHEL 01,Mt Bethel 01,name
COBB,TR01,TIMBER RIDGE 01,Timber Ridge 01,name
COBB,RW01,ROSWELL 01,Roswell 01,name
COBB,VG04,VININGS 04,Vinings 04,name
COBB,VG01,VININGS 01,Vinings 01,name
COBB,CA01,CHATTAHOOCHEE 01,Chattahoochee 01,name
COBB,TM01,TERRELL MILL 01,Terrell Mill 01,name
COBB,SO02,SOPE CREEK 02,Sope Creek 02,name
COBB,SO03,SOPE CREEK 03,Sope Creek 03,name
COBB,MR5A,MARIETTA 5A,Marietta 5A,name
COBB,FP01,FULLERS PARK 01,Fullers Park 01,name
COBB,SM01,SEWELL MILL 01,Sewell Mill 01,name
COBB,MD01,MURDOCK 01,Murdock 01,name
COBB,MT04,MT BETHEL 04,Mt Bethel 04,name
COBB,EA01,EASTSIDE 01,Eastside 01,name
COBB,DC01,DICKERSON 01,Dickerson 01,name
COBB,DO01,DODGEN 01,Dodgen 01,name
COBB,CR01,CHESTNUT RIDGE 01,Chestnut Ridge 01,name
COBB,RW02,ROSWELL 02,Roswell 02,name
COBB,SA01,SANDY PLAINS 01,Sandy Plains 01,name
COBB,PP01,POPE 01,Pope 01,name
COBB,MB01,MABRY 01,Mabry 01,name
COBB,DV01,DAVIS 01,Davis 01,name
COBB,GM01,GARRISON MILL 01,Garrison Mill 01,name
COBB,PO01,POST OAK 01,Post Oak 01,name
COBB,HT01,HIGHTOWER 01,Hightower 01,name
COBB,FY01,FREY 01,Frey 01,name
COBB,LM04,LOST MOUNTAIN 04,Lost Mountain 04,name
COBB,MS01,MARS HILL 01,Mars Hill 01,name
COBB,LW01,LEWIS 01,Lewis 01,name
COBB,KE1A,KENNESAW 1A,Kennesaw 1A,name
COBB,BG01,BIG SHANTY 01,Big Shanty 01,name
COBB,WG02,WADE GREEN 02,Wade Green 02,name
COBB,WG01,WADE GREEN 01,Wade Green 01,name
COBB,PS1A,POWDER SPRINGS 1A,Powder Springs 1A,name
COBB,PS3A,POWDER SPRINGS 3A,Powder Springs 3A,name
COBB,LM03,LOST MOUNTAIN 03,Lost Mountain 03,name
COBB,ME01,MCEACHERN 01,McEachern 01,name
COBB,LM01,LOST MOUNTAIN 01,Lost Mountain 01,name
COBB,OR01,OREGON 01,Oregon 01,name
COBB,VA01,VAUGHAN 01,Vaughan 01,name
COBB,RR01,RED ROCK 01,Red Rock 01,name
COBB,LM02,LOST MOUNTAIN 02,Lost Mountain 02,name
COBB,FR01,FORD 01,Ford 01,name
COBB,DU01,DURHAM 01,Durham 01,name
COBB,KP03,KEMP 03,Kemp 03,name
COBB,SN7B,SMYRNA 7B,Smyrna 7B,name
COBB,AC1A,ACWORTH 1A,Acworth 1A,name
COBB,AC1B,ACWORTH 1B,Acworth 1B,name
COBB,PE01,PEBBLEBROOK 01,Pebblebrook 01,name
COBB,MA02,MABLETON 02,Mableton 02,name
COBB,BT02,BRYANT 02,Bryant 02,name
COBB,RS01,RIVERSIDE 01,Riverside 01,name
COBB,LI01,LINDLEY 01,Lindley 01,name
COBB,CL01,CLARKDALE 01,Clarkdale 01,name
COBB,PS2A,POWDER SPRINGS 2A,Powder Springs 2A,name
COBB,CO01,COOPER 01,Cooper 01,name
COBB,MC01,MACLAND 01,Macland 01,name
COBB,OR05,OREGON 05,Oregon 05,name
COBB,OR03,OREGON 03,Oregon 03,name
COBB,HR01,HARRISON 01,Harrison 01,name
COBB,KP01,KEMP 01,Kemp 01,name
COBB,ML01,MCCLURE 01,McClure 01,name
COBB,BR02,BIRNEY 02,Birney 02,name
COBB,BR01,BIRNEY 01,Birney 01,name
COBB,MA03,MABLETON 03,Mableton 03,name
COBB,MA04,MABLETON 04,Mableton 04,name
COBB,SW01,SWEETWATER 01,Sweetwater 01,name
COBB,CL02,CLARKDALE 02,Clarkdale 02,name
COBB,AU1A,AUSTELL 1A,Austell 1A,name
COBB,NC01,NORTH COBB 01,North Cobb 01,name
COBB,HL01,HARMONY-LELAND 01,Harmony-Leland 01,name
COBB,BT01,BRYANT 01,Bryant 01,name
COBB,FO05,FAIR OAKS 05,Fair Oaks 05,name
COBB,SN2A,SMYRNA 2A,Smyrna 2A,name
COBB,MR1A,MARIETTA 1A,Marietta 1A,name
COBB,FO04,FAIR OAKS 04,Fair Oaks 04,name
COBB,MR2B,MARIETTA 2B,Marietta 2B,name
COBB,NP01,NORTON PARK 01,Norton Park 01,name
COBB,FO01,FAIR OAKS 01,Fair Oaks 01,name
COBB,MR2A,MARIETTA 2A,Marietta 2A,name
COBB,FO02,FAIR OAKS 02,Fair Oaks 02,name
COBB,MR7A,MARIETTA 7A,Marietta 7A,name
COBB,DI01,DOBBINS 01,Dobbins 01,name
COBB,MR5B,MARIETTA 5B,Marietta 5B,name
COBB,SY01,SPRAYBERRY 01,Sprayberry 01,name
COBB,EL05,ELIZABETH 05,Elizabeth 05,name
COBB,BF02,BELLS FERRY 02,Bells Ferry 02,name
COBB,BW01,BLACKWELL 01,Blackwell 01,name
COBB,GT01,GRITTERS 01,Gritters 01,name
COBB,MK01,MCCLESKEY 01,McCleskey 01,name
COBB,NS01,NICHOLSON 01,Nicholson 01,name
COBB,AD01,ADDISON 01,Addison 01,name
COBB,SI01,SIMPSON 01,Simpson 01,name
COBB,LA01,LASSITER 01,Lassiter 01,name
COBB,KL01,KELL 01,Kell 01,name
COBB,RM01,ROCKY MOUNT 01,Rocky Mount 01,name
COBB,EA02,EASTSIDE 02,Eastside 02,name
COBB,SO01,SOPE CREEK 01,Sope Creek 01,name
COBB,HY01,HAYES 01,Hayes 01,name
COBB,PM02,PINE MOUNTAIN 02,Pine Mountain 02,name
COBB,CH02,CHEATHAM HILL 02,Cheatham Hill 02,name
COBB,MR4C,MARIETTA 4C,Marietta 4C,name
COBB,SN7A,SMYRNA 7A,Smyrna 7A,name
COBB,SN4A,SMYRNA 4A,Smyrna 4A,name
COBB,SN5A,SMYRNA 5A,Smyrna 5A,name
COBB,SN3A,SMYRNA 3A,Smyrna 3A,name
COBB,MR6A,MARIETTA 6A,Marietta 6A,name
COBB,PF01,POWERS FERRY 01,Powers Ferry 01,name
COBB,BG02,BIG SHANTY 02,Big Shanty 02,name
COBB,PT01,PITNER 01,Pitner 01,name
COBB,CK01,CHALKER 01,Chalker 01,name
COBB,PR01,PALMER 01,Palmer 01,name
COBB,BF03,BELLS FERRY 03,Bells Ferry 03,name
COBB,EL01,ELIZABETH 01,Elizabeth 01,name
COBB,EP01,EAST PIEDMONT 01,East Piedmont 01,name
COBB,MR4B,MARIETTA 4B,Marietta 4B,name
COBB,KP02,KEMP 02,Kemp 02,name
COBB,OR04,OREGON 04,Oregon 04,name
COBB,DL01,DOWELL 01,Dowell 01,name
COBB,OR02,OREGON 02,Oregon 02,name
COBB,CH03,CHEATHAM HILL 03,Cheatham Hill 03,name
COBB,MA01,MABLETON 01,Mableton 01,name
COBB,SW02,SWEETWATER 02,Sweetwater 02,name
COBB,OR06,OREGON 06,Oregon 06,name
COBB,MR3A,MARIETTA 3A,Marietta 3A,name
COBB,KE2A,KENNESAW 2A,Kennesaw 2A,name
COBB,MR4A,MARIETTA 4A,Marietta 4A,name
COBB,PM01,PINE MOUNTAIN 01,Pine Mountain 01,name
COBB,KE2B,KENNESAW 2B,Kennesaw 2B,name
COBB,MS02,MARS HILL 02,Mars Hill 02,name
COBB,KE3A,KENNESAW 3A,Kennesaw 3A,name
COBB,KE5B,KENNESAW 5B,Kennesaw 5B,name
COBB,BK01,BAKER 01,Baker 01,name
COBB,AC1C,ACWORTH 1C,Acworth 1C,name
COBB,KE5A,KENNESAW 5A,Kennesaw 5A,name
COBB,KE4A,KENNESAW 4A,Kennesaw 4A,name
COBB,SN2B,SMYRNA 2B,Smyrna 2B,name
COBB,SN1A,SMYRNA 1A,Smyrna 1A,name
COBB,OK01,OAKDALE 01,Oakdale 01,name
COBB,NJ01,NICKAJACK 01,Nickajack 01,name
COBB,SN6A,SMYRNA 6A,Smyrna 6A,name
COBB,VG03,VININGS 03,Vinings 03,name
COBB,VG02,VININGS 02,Vinings 02,name
COBB,EL04,ELIZABETH 04,Elizabeth 04,name
COBB,SM03,SEWELL MILL 03,Sewell Mill 03,name
COBB,EL03,ELIZABETH 03,Elizabeth 03,name
COBB,MR6B,MARIETTA 6B,Marietta 6B,name
COBB,EL02,ELIZABETH 02,Elizabeth 02,name
DADE,1222,DAVIS,DAVIS,name
DADE,1885,NEW HOME,NEW HOME,name
DADE,1214,NEW SALEM,NEW SALEM,name
DADE,1038,SOUTH DADE,SOUTH DADE,name
DADE,960,TRENTON,TRENTON,name
DADE,1889,WEST BROW,WEST BROW,name
DADE,974,NORTH DADE,NORTH DADE,name
FANNIN,TOCC,TOCCOA,TOCCOA,name
FANNIN,SKEN,SKENIAH,SKENIAH,name
FANNIN,NOON,NOONTOOTLA,NOONTOOTLA,name
FANNIN,MORG,MORGANTON,MORGANTON,name
FANNIN,SUGC,SUGAR CREEK,SUGAR CREEK,name
FANNIN,COLW,COLWELL,COLWELL,name
FANNIN,MOBI,MOBILE,MOBILE,name
FANNIN,FLIN,FLINTHILL,FLINTHILL,name
FANNIN,MINE,MINERAL BLUFF,MINERAL BLUFF,name
FANNIN,HOTH,HOTHOUSE,HOTHOUSE,name
FANNIN,HEMP,HEMPTOWN,HEMPTOWN,name
FANNIN,FAIR,FAIRPLAY,FAIRPLAY,name
MURRAY,872,CARTERS-DOOLITTLE,CARTERS-DOOLITTLE,name
MURRAY,824,TOWN,TOWN,name
MURRAY,1013,MCDONALD,MCDONALD,name
MURRAY,1895,SPRING PLACE,SPRING PLACE,name
MURRAY,1039,SHUCK PEN,SHUCK PEN,name
MURRAY,1291,SOUTHWEST,SOUTHWEST,name
MURRAY,874,NORTH,NORTH,name
CHEROKEE,28,MOUNTAIN ROAD,MOUNTAIN ROAD,name
CHEROKEE,3,AVERY,AVERY,name
CHEROKEE,38,UNION HILL,UNION HILL,name
CHEROKEE,27,MACEDONIA,MACEDONIA,name
CHEROKEE,4,BALL GROUND,BALL GROUND,name
CHEROKEE,20,HIGHTOWER,HIGHTOWER,name
CHEROKEE,18,FREEHOME,FREEHOME,name
CHEROKEE,6,BELLS,BELLS,name
CHEROKEE,29,OAK GROVE,OAK GROVE,name
CHEROKEE,23,KELLOGG,KELLOGG,name
CHEROKEE,40,VICTORIA,VICTORIA,name
CHEROKEE,11,CARMEL,CARMEL,name
CHEROKEE,16,DIXIE,DIXIE,name
CHEROKEE,32,ROSECREEK,ROSECREEK,name
CHEROKEE,35,SUTALLEE,SUTALLEE,name
CHEROKEE,41,WALESKA,WALESKA,name
CHEROKEE,12,WOODSTOCK,WOODSTOCK,name
CHEROKEE,15,DEER RUN,DEER RUN,name
CHEROKEE,44,NEESE,NEESE,name
CHEROKEE,37,TOONIGH,TOONIGH,name
CHEROKEE,24,LIBERTY,LIBERTY,name
CHEROKEE,22,HOLLY SPRINGS,HOLLY SPRINGS,name
CHEROKEE,42,WILDCAT,WILDCAT,name
CHEROKEE,43,WOODLANDS,WOODLANDS,name
CHEROKEE,26,LITTLE RIVER,LITTLE RIVER,name
CHEROKEE,1,AIR ACRES,AIR ACRES,name
CHEROKEE,2,ARNOLD MILL,ARNOLD MILL,name
CHEROKEE,39,UNIVETER,UNIVETER,name
CHEROKEE,8,BRADSHAW,BRADSHAW,name
CHEROKEE,19,HICKORY FLAT,HICKORY FLAT,name
CHEROKEE,36,TEASLEY,TEASLEY,name
CHEROKEE,10,CANTON,CANTON,name
CHEROKEE,30,R M MOORE,R M MOORE,name
CHEROKEE,31,R T JONES,R T JONES,name
CHEROKEE,13,CLAYTON,CLAYTON,name
CHEROKEE,33,SALACOA,SALACOA,name
CHEROKEE,14,CONNS CREEK,CONNS CREEK,name
CHEROKEE,21,HILLSIDE,HILLSIDE,name
CHEROKEE,7,BOOTH,BOOTH,name
CHEROKEE,5,BASCOMB,BASCOMB,name
CHEROKEE,34,SIXES,SIXES,name
CHEROKEE,9,BRIDGEMILL,BRIDGEMILL,name
OGLETHORPE,LX,LEXINGTON,Lexington,name
OGLETHORPE,GC,GROVE CREEK,Grove Creek,name
OGLETHORPE,GL,GLADE,Glade,name
OGLETHORPE,GS,GOOSEPOND,Goosepond,name
OGLETHORPE,FC,FALLING CREEK,Falling Creek,name
OGLETHORPE,WF,WOLFSKIN,Wolfskin,name
OGLETHORPE,CR,CRAWFORD,Crawford,name
OGLETHORPE,BV,BEAVERDAM,Beaverdam,name
OGLETHORPE,PH,PLEASANT HILL,Pleasant Hill,name
OGLETHORPE,WS,WOODSTOCK,Woodstock,name
MADISON,FOR,FORK,FORK,name
MADISON,PIT,PITTMAN,PITTMAN,name
MADISON,PAO,PAOLI,PAOLI,name
MADISON,COL,COLLINS,COLLINS,name
MADISON,HUL,HULL,HULL,name
MADISON,COB,COLBERT,COLBERT,name
MADISON,COM,COMER,COMER,name
MADISON,ILA,ILA,ILA,name
MADISON,POC,POCA,POCA,name
MADISON,DAN,DANIELSVILLE,DANIELSVILLE,name
MADISON,MIL,MILL,MILL,name
MADISON,HAR,HARRISON,HARRISON,name
ELBERT,196,MOSS-RUCKERSVILLE,Moss-Ruckersville,name
ELBERT,199,GAINES,Gaines,name
ELBERT,202,WEBBSBORO,Webbsboro,name
ELBERT,193,WYCHE,Wyche,name
ELBERT,201,GOSHEN,Goshen,name
ELBERT,197,PIKE,Pike,name
ELBERT,189,ELBERTON,Elberton,name
ELBERT,191,ELIAM,Eliam,name
ELBERT,190,LONGSTREET,Longstreet,name
ELBERT,192,PETERSBURG,Petersburg,name
ELBERT,315,CENTERVILLE,Centerville,name
HART,3,GOLDMINE,Goldmine,name
HART,8,BIO,Bio,name
HART,4,COKESBURY,Cokesbury,name
HART,6,BOWERSVILLE,Bowersville,name
HART,2,HARTWELL,Hartwell,name
HART,5,REED CREEK,Reed Creek,name
HART,7,SHOAL CREEK,Shoal Creek,name
HABERSHAM,13,FAIR PLAY,Fair Play,name
HABERSHAM,12,BATESVILLE,Batesville,name
HABERSHAM,6,GLADE CREEK,Glade Creek,name
HABERSHAM,7,DEEP CREEK,Deep Creek,name
HABERSHAM,14,COOL SPRINGS,Cool Springs,name
HABERSHAM,1,CLARKESVILLE,Clarkesville,name
HABERSHAM,5,MUD CREEK,Mud Creek,name
HABERSHAM,10,VIEW,View,name
HABERSHAM,8,FORK,Fork,name
HABERSHAM,11,FALLING WATER,Falling Water,name
HABERSHAM,4,CENTER HILL,Center Hill,name
HABERSHAM,9,BALDWIN,Baldwin,name
HABERSHAM,2,CORNELIA,Cornelia,name
HABERSHAM,3,DEMOREST,Demorest,name
BANKS,2,BALDWIN,Baldwin,name
BANKS,4,BUSHVILLE,Bushville,name
BANKS,6,DAVIDS,Davids,name
BANKS,11,POPLAR SPRINGS,Poplar Springs,name
BANKS,7,GOLDEN HILL,Golden Hill,name
BANKS,9,HOLLINGSWORTH,Hollingsworth,name
BANKS,12,WASHINGTON,Washington,name
BANKS,5,COLUMBIA,Columbia,name
BANKS,13,WILMONTS,Wilmonts,name
BANKS,8,GROVE RIVER,Grove River,name
BANKS,1,ANDERSON,Anderson,name
BANKS,10,HOMER,Homer,name
BANKS,3,BERLIN,Berlin,name
CLARKE,6A,6A CLEVELAND RD SCHOOL,6A Cleveland Rd School,name
CLARKE,1C,1C BARNETT SHLS SCHOOL,1C Barnett Shls School,name
CLARKE,8C,8C FIRESTATION #7,8C Firestation #7,name
CLARKE,8B,8B CEDAR SHLS HIGH SCH,8B Cedar Shls High Sch,name
CLARKE,4A,4A ATHENS TRANSIT CTR,4A Athens Transit Ctr,name
CLARKE,8A,8A GAINES SCHOOL,8A Gaines School,name
CLARKE,1D,1D WHIT DAVIS SCHOOL,1D Whit Davis School,name
CLARKE,1B,1B E. ATHENS BAPTIST,1B E. Athens Baptist,name
CLARKE,2B,2B HOWARD STROUD SCHOOL,2B Howard Stroud School,name
CLARKE,1A,1A WVILLE TRAIN DEPOT,1A Wville Train Depot,name
CLARKE,6C,6C TIMOTHY RD ELEM SCHL,6C Timothy Rd Elem Schl,name
CLARKE,7A,7A TIMOTHY BPTST CHURCH,7A Timothy Bptst Church,name
CLARKE,7B,7B ALPS ELEM. SCHOOL,7B Alps Elem. School,name
CLARKE,7C,7C FIRESTATION #3,7C Firestation #3,name
CLARKE,4B,4B MEMORIAL PARK,4B Memorial Park,name
CLARKE,6B,6B BOARD OF EDUCATION,6B Board Of Education,name
CLARKE,6D,6D FIRESTATION #4,6D Firestation #4,name
CLARKE,3B,3B THOMAS N. LAY PARK,3B Thomas N. Lay Park,name
CLARKE,2A,2A JUDIA J. HARRIS SCH,2A Judia J. Harris Sch,name
CLARKE,5B,5B WHITEHEAD RD SCHOOL,5B Whitehead Rd School,name
CLARKE,5A,5A OGLETHORPE SCHOOL,5A Oglethorpe School,name
CLARKE,3A,3A CLARKE CENTRAL HIGH,3A Clarke Central High,name
CLARKE,5C,5C CHASE STREET SCHOOL,5C Chase Street School,name
CLARKE,5D,5D ACC FLEET MGT BLDG,5D ACC Fleet Mgt Bldg,name
FRANKLIN,10,ASHLAND,Ashland,name
FRANKLIN,9,GUNNELLS,Gunnells,name
FRANKLIN,8,DOOLEY,Dooley,name
FRANKLIN,7,MIDDLE RIVER,Middle River,name
FRANKLIN,6,ROYSTON,Royston,name
FRANKLIN,11,STRANGE,Strange,name
FRANKLIN,12,FLINTSVILLE,Flintsville,name
FRANKLIN,1,CARNESVILLE,Carnesville,name
FRANKLIN,13,RED HILL,Red Hill,name
FRANKLIN,3,GUMLOG,Gumlog,name
FRANKLIN,2,WELBORN,Welborn,name
FRANKLIN,5,CANON,Canon,name
FRANKLIN,4,LAVONIA,Lavonia,name
RABUN,RABUN,RABUN,Rabun,name
