county,precinct_id,boundary_name,source_name,method
COLUMBIA,131,JOURNEY COMM. CHURCH,Journey Comm Church,name
COLUMBIA,064,GRACE BAPTIST CHURCH,Grace Baptist Church,name
COLUMBIA,061,GREENBRIER HIGH,Greenbrier High,name
COLUMBIA,063,RIVERVIEW CHURCH,Riverview Church,name
COLUMBIA,132,WESLEY METHODIST,Wesley Methodist,name
COLUMBIA,135,"CHRIST CHURCH, PRESBYTERIAN",Christ Church Presbyterian,name
COLUMBIA,107,GOSPEL WATER BRANCH,Gospel Water Branch,name
COLUMBIA,040,EUBANK/BLANCHARD CTR,Eubank-Blanchard Center,name
COLUMBIA,109,STEVENS CREEK CHURCH,Stevens Creek Church,name
COLUMBIA,111,LAKESIDE MIDDLE,Lakeside Middle,name
COLUMBIA,136,BLUERIDGE ELEMENTARY,Blue Ridge Elementary,name
COLUMBIA,137,CHRIST THE KING CH,Christ The King Luth Church,reviewed_alias
COLUMBIA,100,AUGUSTA CHRISTIAN,Augusta Christian,name
COLUMBIA,105,SAVANNAH RAPIDS PAVILION,Savannah Rapids Pavilion,name
COLUMBIA,108,GENESIS CHURCH,Genesis Church,name
COLUMBIA,060,COL CTY BOARD OF EDU,Col Cty Bd of Edu,unique_name_similarity
COLUMBIA,070,BLANCHARD PARK,Blanchard Park,name
COLUMBIA,085,TRINITY BAPT CHURCH,Trinity Baptist Church,unique_name_similarity
COLUMBIA,076,MARVIN METHODIST,Marvin Methodist,name
COLUMBIA,120,GOLD CROSS EMS,Gold Cross EMS,name
COLUMBIA,125,CHURCH OF OUR SAVIOR,Church of Our Savior,name
COLUMBIA,130,WEST ACRES BAPTIST,West Acres Baptist,name
COLUMBIA,134,COL CTY MAIN LIBRARY,Col Cty Main Library,name
COLUMBIA,026,PHILADELPHIA CHURCH,Philadelphia Church,name
COLUMBIA,010,KIOKEE BAPT CHURCH,Kiokee Baptist Church,unique_name_similarity
COLUMBIA,033,GROVETOWN DEPT OF PUBLIC SAFETY STATION #2,Grovetown Public Safety Station 2,unique_name_similarity
COLUMBIA,030,LIBERTY PARK - GROVETOWN,Liberty Park-Grovetown,name
COLUMBIA,031,GROVETOWN METHODIST,Grovetown Methodist Church,reviewed_alias
COLUMBIA,034,GROVE FIRST BAPTIST CHURCH,Grove First Baptist Church,name
COLUMBIA,018,NEW LIFE CHURCH,New Life Church,name
COLUMBIA,062,PARKWAY BAPTIST CHURCH,Parkway Baptist Church,name
COLUMBIA,017,PATRIOTS PARK,Patriots Park,name
COLUMBIA,016,WOODLAWN BAPT CHURCH,Woodlawn Baptist Church,unique_name_similarity
COLUMBIA,015,LEWIS METHODIST,Lewis Methodist Church,reviewed_alias
COLUMBIA,025,BESSIE THOMAS CENTER,Bessie Thomas Center,name
COLUMBIA,024,SECOND MOUNT MORIAH BAPTIST CHURCH,Second Mt Moriah Baptist Church,name
COLUMBIA,022,HARLEM SENIOR CENTER,Harlem Senior Center,name
COLUMBIA,020,HARLEM BRANCH LIBRARY,Harlem Branch Library,name
COLUMBIA,032,G A APOSTOLIC CHURCH,G A Apostolic Church,name
COLUMBIA,075,BELAIR BAPTIST CHURCH,Belair Baptist Church,name
COLUMBIA,080,WESTSIDE BAPT CHURCH,Westside Baptist Church,unique_name_similarity
COLUMBIA,090,ABILENE BAPTIST,Abilene Baptist,name
COLUMBIA,110,MTZ COL FIRE HDQTR.,Mtz Col Fire Hdqtr,name
COLUMBIA,115,MARTINEZ BAPTIST,Martinez Baptist,name
COLUMBIA,065,CHRIST SANCTIFIED,Christ Sanctified,name
COLUMBIA,051,DAMASCUS BAPT CHURCH,Damascus Baptist Church,unique_name_similarity
COLUMBIA,050,SECOND MT. CARMEL BAPTIST CHURCH,Second Mt Carmel Baptist Church,name
LINCOLN,3-B,TABERNACLE,Tabernacle,name
LINCOLN,4-B,MARTINS CROSSROAD,Martins Crossroad,name
LINCOLN,1-A,MIDWAY,Midway,name
LINCOLN,1-B,LINCOLN CLUB HOUSE,Lincoln Club House,name
LINCOLN,2,LINCOLN CENTER,Lincoln Center,name
LINCOLN,3-A,FAITH TEMPLE OF LINC,Faith Temple of Lincoln,unique_name_similarity
LINCOLN,4-A,BETHANY CHURCH,Bethany Church,name
MCDUFFIE,132,132,132,name
MCDUFFIE,139,139,139,name
MCDUFFIE,131,131,131,name
MCDUFFIE,137,137,137,name
MCDUFFIE,133A,133A,133A,name
MCDUFFIE,133B,133B,133B,name
MCDUFFIE,135,135,135,name
MCDUFFIE,134,134,134,name
MCDUFFIE,136,136,136,name
RABUN,RABUN,RABUN COUNTY,Rabun County,name
TALIAFERRO,172,SHARON,Sharon,name
TALIAFERRO,601,CRAWFORDVILLE,Crawfordville,name
GREENE,004,UNION POINT,Union Point,name
GREENE,001,GREENSBORO,Greensboro,name
GREENE,005,SILOAM,Siloam,name
GREENE,006,WHITE PLAINS,White Plains,name
GREENE,008,OLD SALEM,Old Salem,name
OCONEE,03,ANTIOCH,Antioch,name
OCONEE,02,COLHAM FERRY,Colham Ferry,name
OCONEE,05,BISHOP,Bishop,name
OCONEE,12,CIVIC CENTER,Civic Center,name
OCONEE,10,MARSWOOD HALL,Marswood Hall,name
OCONEE,01,CITY HALL,City Hall,name
OCONEE,04,FARMINGTON,Farmington,name
OCONEE,11,EAST OCONEE,East Oconee,name
OCONEE,08,DARK CORNER,Dark Corner,name
OCONEE,06,HIGH SHOALS,High Shoals,name
OCONEE,07,NORTH OCONEE,North Oconee,name
OCONEE,09,BOGART,Bogart,name
CLARKE,1C,1C,1C,name
CLARKE,6A,6A,6A,name
CLARKE,6C,6C,6C,name
CLARKE,5A,5A,5A,name
CLARKE,8C,8C,8C,name
CLARKE,8B,8B,8B,name
CLARKE,4A,4A,4A,name
CLARKE,8A,8A,8A,name
CLARKE,1D,1D,1D,name
CLARKE,1B,1B,1B,name
CLARKE,2B,2B,2B,name
CLARKE,1A,1A,1A,name
CLARKE,7A,7A,7A,name
CLARKE,7B,7B,7B,name
CLARKE,7C,7C,7C,name
CLARKE,4B,4B,4B,name
CLARKE,3A,3A,3A,name
CLARKE,5C,5C,5C,name
CLARKE,5D,5D,5D,name
CLARKE,3B,3B,3B,name
CLARKE,2A,2A,2A,name
CLARKE,6B,6B,6B,name
CLARKE,6D,6D,6D,name
CLARKE,5B,5B,5B,name
BANKS,0009,HOLLINGSWORTH,Hollingsworth,name
BANKS,0012,WASHINGTON,Washington,name
BANKS,0005,COLUMBIA,Columbia,name
BANKS,0013,WILMONTS,Wilmonts,name
BANKS,0001,ANDERSON,Anderson,name
BANKS,0010,HOMER,Homer,name
BANKS,0004,BUSHVILLE,Bushville,name
BANKS,0006,DAVIDS,Davids,name
BANKS,0008,GROVE RIVER,Grove River,name
BANKS,0011,POPLAR SPRINGS,Poplar Springs,name
BANKS,0007,GOLDEN HILL,Golden Hill,name
BANKS,0002,BALDWIN,Baldwin,name
BANKS,0003,BERLIN,Berlin,name
MORGAN,02,2. EAST MORGAN,East Morgan,reviewed_alias
MORGAN,06,6. WEST MORGAN,West Morgan,reviewed_alias
MORGAN,07,7. NORTH MORGAN,North Morgan,unique_name_similarity
MORGAN,04,4. CENTRAL MORGAN,Central Morgan,unique_name_similarity
MORGAN,03,3. BETH/SPRINGFIELD,Beth/Springfield,unique_name_similarity
MORGAN,05,5. CLACKS CHAPEL,Clacks Chapel,unique_name_similarity
MORGAN,01,1. NORTHEAST MORGAN,Northeast Morgan,unique_name_similarity
WALTON,559,GOOD HOPE,Good Hope,name
WALTON,422,WEST WALTON,West Walton,name
WALTON,421,LOGANVILLE SOUTH,Loganville South,name
WALTON,417,LOGANVILLE NORTH,Loganville North,name
WALTON,424,BAY CREEK,Bay Creek,name
WALTON,1663,BOLD SPRINGS,Bold Springs,name
WALTON,416,WALNUT GROVE,Walnut Grove,name
WALTON,423,BROKEN ARROW,Broken Arrow,name
WALTON,427,TARA,Tara,name
WALTON,502,JERSEY,Jersey,name
WALTON,415,BETWEEN,Between,name
WALTON,454,MOUNTAIN,Mountain,name
WALTON,250,WALKER PARK,Walker Park,name
WALTON,420,NORTH MONROE,North Monroe,name
WALTON,419,SOUTH MONROE,South Monroe,name
WALTON,503,BLASINGAME,Blasingame,name
WALTON,425,E MONROE,E Monroe,name
WALTON,418,SOCIAL CIRCLE,Social Circle,name
WALTON,1675,WHATLEY,Whatley,name
WALTON,426,W MONROE,W Monroe,name
WALTON,414,GRATIS,Gratis,name
NEWTON,04,ALCOVY,Alcovy,name
NEWTON,07,BRICK STORE,Brick Store,name
NEWTON,05,COVINGTON MILLS,Covington Mills,name
NEWTON,13,BEAVERDAM,Beaverdam,name
NEWTON,24,CROWELL,Crowell,name
NEWTON,08,CEDAR SHOALS,Cedar Shoals,name
NEWTON,03,ALMON,Almon,name
NEWTON,19,BUCK CREEK,Buck Creek,name
NEWTON,20,STANSELLS,Stansells,name
NEWTON,23,FAIRVIEW,Fairview,name
NEWTON,06,BREWERS,Brewers,name
NEWTON,14,LEGUINN,Leguinn,name
NEWTON,15,MANSFIELD,Mansfield,name
NEWTON,16,NEWBORN,Newborn,name
NEWTON,10,DOWNS,Downs,name
NEWTON,18,ROCKY PLAINS,Rocky Plains,name
NEWTON,09,LIVINGSTON,Livingston,name
NEWTON,02,TOWN,Town,name
NEWTON,12,GUM CREEK,Gum Creek,name
NEWTON,01,CITY POND,City Pond,name
NEWTON,17,OXFORD,Oxford,name
NEWTON,25,HUB,Hub,name
UNION,4,IVY LOG,Ivy Log,name
UNION,8,GUMLOG,Gumlog,name
UNION,1,BLAIRSVILLE,Blairsville,name
UNION,11,CHOESTOE,Choestoe,name
UNION,6,TRACKROCK,Trackrock,name
UNION,5,SUCHES,Suches,name
UNION,2,JONES CREEK,Jones Creek,name
UNION,10,COOSA,Coosa,name
UNION,3,OWLTOWN,Owltown,name
UNION,7,DOOLEY,Dooley,name
UNION,9,PAT COLWELL,Pat Colwell,name
FULTON,FA01B,FA01B,FA01B,name
FULTON,SC07C,SC07C,SC07C,name
FULTON,PA01,PA01,PA01,name
FULTON,FA01D,FA01D,FA01D,name
FULTON,JC02,JC02,JC02,name
FULTON,CP06A,CP06A,CP06A,name
FULTON,11J,11J,11J,name
FULTON,EP03B,EP03B,EP03B,name
FULTON,SC23C,SC23C,SC23C,name
FULTON,SC23A,SC23A,SC23A,name
FULTON,SC27,SC27,SC27,name
FULTON,CP083,CP083,CP083,name
FULTON,CP08A,CP08A,CP08A,name
FULTON,SC29A,SC29A,SC29A,name
FULTON,SC23B,SC23B,SC23B,name
FULTON,SC09B,SC09B,SC09B,name
FULTON,SC11B,SC11B,SC11B,name
FULTON,SC11A,SC11A,SC11A,name
FULTON,CP084,CP084,CP084,name
FULTON,SC08D,SC08D,SC08D,name
FULTON,UC01B,UC01B,UC01B,name
FULTON,SC09C,SC09C,SC09C,name
FULTON,SC09A,SC09A,SC09A,name
FULTON,UC031,UC031,UC031,name
FULTON,SC08E,SC08E,SC08E,name
FULTON,SC08H,SC08H,SC08H,name
FULTON,UC01D,UC01D,UC01D,name
FULTON,SC17B,SC17B,SC17B,name
FULTON,SC08B,SC08B,SC08B,name
FULTON,SC15,SC15,SC15,name
FULTON,FA01A,FA01A,FA01A,name
FULTON,UC02A,UC02A,UC02A,name
FULTON,SC07A,SC07A,SC07A,name
FULTON,SC04,SC04,SC04,name
FULTON,CH03,CH03,CH03,name
FULTON,CH01,CH01,CH01,name
FULTON,CH02,CH02,CH02,name
FULTON,SC211,SC211,SC211,name
FULTON,CH05,CH05,CH05,name
FULTON,CH04A,CH04A,CH04A,name
FULTON,UC032,UC032,UC032,name
FULTON,SC212,SC212,SC212,name
FULTON,FA01C,FA01C,FA01C,name
FULTON,RW09A,RW09A,RW09A,name
FULTON,JC18,JC18,JC18,name
FULTON,AP01C,AP01C,AP01C,name
FULTON,JC16,JC16,JC16,name
FULTON,AP01A,AP01A,AP01A,name
FULTON,AP12A,AP12A,AP12A,name
FULTON,JC14,JC14,JC14,name
FULTON,AP14,AP14,AP14,name
FULTON,JC15,JC15,JC15,name
FULTON,JC10,JC10,JC10,name
FULTON,AP09A,AP09A,AP09A,name
FULTON,JC11,JC11,JC11,name
FULTON,JC09,JC09,JC09,name
FULTON,JC07,JC07,JC07,name
FULTON,JC08,JC08,JC08,name
FULTON,JC05,JC05,JC05,name
FULTON,JC04B,JC04B,JC04B,name
FULTON,JC03A,JC03A,JC03A,name
FULTON,JC04A,JC04A,JC04A,name
FULTON,JC03B,JC03B,JC03B,name
FULTON,JC06,JC06,JC06,name
FULTON,09F,09F,09F,name
FULTON,08N2,08N2,08N2,name
FULTON,08N1,08N1,08N1,name
FULTON,08F1,08F1,08F1,name
FULTON,08A,08A,08A,name
FULTON,08D,08D,08D,name
FULTON,10K,10K,10K,name
FULTON,10G,10G,10G,name
FULTON,11H,11H,11H,name
FULTON,10J,10J,10J,name
FULTON,EP02E,EP02E,EP02E,name
FULTON,12L,12L,12L,name
FULTON,EP02B,EP02B,EP02B,name
FULTON,12G,12G,12G,name
FULTON,SS09A,SS09A,SS09A,name
FULTON,SS16,SS16,SS16,name
FULTON,RW05,RW05,RW05,name
FULTON,AP021,AP021,AP021,name
FULTON,RW06,RW06,RW06,name
FULTON,RW13,RW13,RW13,name
FULTON,AP01D,AP01D,AP01D,name
FULTON,AP02B,AP02B,AP02B,name
FULTON,AP022,AP022,AP022,name
FULTON,AP01B,AP01B,AP01B,name
FULTON,CP02,CP02,CP02,name
FULTON,CP01B,CP01B,CP01B,name
FULTON,EP02C,EP02C,EP02C,name
FULTON,RW08,RW08,RW08,name
FULTON,RW12,RW12,RW12,name
FULTON,RW16,RW16,RW16,name
FULTON,RW12A,RW12A,RW12A,name
FULTON,SS15B,SS15B,SS15B,name
FULTON,SS17,SS17,SS17,name
FULTON,SS15A,SS15A,SS15A,name
FULTON,RW02,RW02,RW02,name
FULTON,RW10,RW10,RW10,name
FULTON,RW09,RW09,RW09,name
FULTON,RW01,RW01,RW01,name
FULTON,RW03,RW03,RW03,name
FULTON,SS18B,SS18B,SS18B,name
FULTON,SS02A,SS02A,SS02A,name
FULTON,SS19B,SS19B,SS19B,name
FULTON,SS19A,SS19A,SS19A,name
FULTON,SS26,SS26,SS26,name
FULTON,SS20,SS20,SS20,name
FULTON,SS22,SS22,SS22,name
FULTON,RW11A,RW11A,RW11A,name
FULTON,JC01,JC01,JC01,name
FULTON,SS09B,SS09B,SS09B,name
FULTON,SS13B,SS13B,SS13B,name
FULTON,SS11D,SS11D,SS11D,name
FULTON,SS11B,SS11B,SS11B,name
FULTON,SS06,SS06,SS06,name
FULTON,SS05,SS05,SS05,name
FULTON,SS18A,SS18A,SS18A,name
FULTON,SS31,SS31,SS31,name
FULTON,SS03,SS03,SS03,name
FULTON,SS13A,SS13A,SS13A,name
FULTON,SS11A,SS11A,SS11A,name
FULTON,SS11C,SS11C,SS11C,name
FULTON,SS14,SS14,SS14,name
FULTON,08M,08M,08M,name
FULTON,07J,07J,07J,name
FULTON,07H,07H,07H,name
FULTON,08G,08G,08G,name
FULTON,08C,08C,08C,name
FULTON,08B,08B,08B,name
FULTON,06I,06I,06I,name
FULTON,12D,12D,12D,name
FULTON,12A1,12A1,12A1,name
FULTON,04S,04S,04S,name
FULTON,04X1,04X1,04X1,name
FULTON,04M,04M,04M,name
FULTON,04T,04T,04T,name
FULTON,10M,10M,10M,name
FULTON,04X2,04X2,04X2,name
FULTON,04L,04L,04L,name
FULTON,RW19,RW19,RW19,name
FULTON,ML01B,ML01B,ML01B,name
FULTON,AP04A,AP04A,AP04A,name
FULTON,ML01A,ML01A,ML01A,name
FULTON,AP04B,AP04B,AP04B,name
FULTON,AP06,AP06,AP06,name
FULTON,AP07B,AP07B,AP07B,name
FULTON,ML02B,ML02B,ML02B,name
FULTON,ML03A,ML03A,ML03A,name
FULTON,AP10,AP10,AP10,name
FULTON,AP07A,AP07A,AP07A,name
FULTON,ML04,ML04,ML04,name
FULTON,ML02A,ML02A,ML02A,name
FULTON,ML03,ML03,ML03,name
FULTON,ML07A,ML07A,ML07A,name
FULTON,09H,09H,09H,name
FULTON,08J,08J,08J,name
FULTON,ML06A,ML06A,ML06A,name
FULTON,AP12B,AP12B,AP12B,name
FULTON,ML05,ML05,ML05,name
FULTON,ML06B,ML06B,ML06B,name
FULTON,AP05,AP05,AP05,name
FULTON,ML07B,ML07B,ML07B,name
FULTON,MP01,MP01,MP01,name
FULTON,AP09B,AP09B,AP09B,name
FULTON,JC04C,JC04C,JC04C,name
FULTON,09I,09I,09I,name
FULTON,03E,03E,03E,name
FULTON,04J,04J,04J,name
FULTON,03L,03L,03L,name
FULTON,03M,03M,03M,name
FULTON,03N,03N,03N,name
FULTON,09G,09G,09G,name
FULTON,HP01,HP01,HP01,name
FULTON,12H1,12H1,12H1,name
FULTON,12E1,12E1,12E1,name
FULTON,12F,12F,12F,name
FULTON,12A,12A,12A,name
FULTON,12S,12S,12S,name
FULTON,01J,01J,01J,name
FULTON,12K,12K,12K,name
FULTON,12N,12N,12N,name
FULTON,04B,04B,04B,name
FULTON,04V,04V,04V,name
FULTON,04I,04I,04I,name
FULTON,01F,01F,01F,name
FULTON,05A2,05A2,05A2,name
FULTON,03G,03G,03G,name
FULTON,03T,03T,03T,name
FULTON,03P2,03P2,03P2,name
FULTON,04F,04F,04F,name
FULTON,03I,03I,03I,name
FULTON,02B,02B,02B,name
FULTON,05C,05C,05C,name
FULTON,05K,05K,05K,name
FULTON,05D,05D,05D,name
FULTON,05F,05F,05F,name
FULTON,02L2,02L2,02L2,name
FULTON,02L1A,02L1A,02L1A,name
FULTON,02C,02C,02C,name
FULTON,02L1,02L1,02L1,name
FULTON,02K,02K,02K,name
FULTON,03P1A,03P1A,03P1A,name
FULTON,08P,08P,08P,name
FULTON,10D,10D,10D,name
FULTON,10E,10E,10E,name
FULTON,10P,10P,10P,name
FULTON,10H1,10H1,10H1,name
FULTON,03C,03C,03C,name
FULTON,03H,03H,03H,name
FULTON,09K,09K,09K,name
FULTON,09M,09M,09M,name
FULTON,09E,09E,09E,name
FULTON,09A,09A,09A,name
FULTON,04C,04C,04C,name
FULTON,03A,03A,03A,name
FULTON,03D,03D,03D,name
FULTON,03B,03B,03B,name
FULTON,SC07D,SC07D,SC07D,name
FULTON,SC13,SC13,SC13,name
FULTON,SC05A,SC05A,SC05A,name
FULTON,SC05D,SC05D,SC05D,name
FULTON,SC15A,SC15A,SC15A,name
FULTON,SC18C,SC18C,SC18C,name
FULTON,SC18B,SC18B,SC18B,name
FULTON,SC01A,SC01A,SC01A,name
FULTON,UC01A,UC01A,UC01A,name
FULTON,UC02C,UC02C,UC02C,name
FULTON,SC08G,SC08G,SC08G,name
FULTON,SC08F,SC08F,SC08F,name
FULTON,SC05E,SC05E,SC05E,name
FULTON,SC20,SC20,SC20,name
FULTON,SC01B,SC01B,SC01B,name
FULTON,UC02B,UC02B,UC02B,name
FULTON,SC05B,SC05B,SC05B,name
FULTON,SC08C,SC08C,SC08C,name
FULTON,SC10,SC10,SC10,name
FULTON,CP081,CP081,CP081,name
FULTON,UC01E,UC01E,UC01E,name
FULTON,SC17A,SC17A,SC17A,name
FULTON,SC17C,SC17C,SC17C,name
FULTON,SC19A,SC19A,SC19A,name
FULTON,EP04B,EP04B,EP04B,name
FULTON,SC18A,SC18A,SC18A,name
FULTON,EP02A,EP02A,EP02A,name
FULTON,11B,11B,11B,name
FULTON,11B1,11B1,11B1,name
FULTON,11C,11C,11C,name
FULTON,SC14A,SC14A,SC14A,name
FULTON,SC30A,SC30A,SC30A,name
FULTON,10A,10A,10A,name
FULTON,11E3,11E3,11E3,name
FULTON,11E1,11E1,11E1,name
FULTON,11E2,11E2,11E2,name
FULTON,SC19B,SC19B,SC19B,name
FULTON,EP04A,EP04A,EP04A,name
FULTON,CP07C,CP07C,CP07C,name
FULTON,CP051,CP051,CP051,name
FULTON,CP07E,CP07E,CP07E,name
FULTON,11P,11P,11P,name
FULTON,EP04C,EP04C,EP04C,name
FULTON,10C,10C,10C,name
FULTON,11N,11N,11N,name
FULTON,11M,11M,11M,name
FULTON,11M1,11M1,11M1,name
FULTON,SC30B,SC30B,SC30B,name
FULTON,10R,10R,10R,name
FULTON,10B,10B,10B,name
FULTON,10I,10I,10I,name
FULTON,10H2,10H2,10H2,name
FULTON,FC02,FC02,FC02,name
FULTON,09C,09C,09C,name
FULTON,09B,09B,09B,name
FULTON,09K1,09K1,09K1,name
FULTON,11R,11R,11R,name
FULTON,EP01B,EP01B,EP01B,name
FULTON,11K,11K,11K,name
FULTON,EP02D,EP02D,EP02D,name
FULTON,11G,11G,11G,name
FULTON,12I,12I,12I,name
FULTON,FC01,FC01,FC01,name
FULTON,SC01C,SC01C,SC01C,name
FULTON,SC02,SC02,SC02,name
FULTON,SC16A,SC16A,SC16A,name
FULTON,FC03,FC03,FC03,name
FULTON,CP05B,CP05B,CP05B,name
FULTON,CP07F,CP07F,CP07F,name
FULTON,CP07D,CP07D,CP07D,name
FULTON,CP07B,CP07B,CP07B,name
FULTON,CP04B,CP04B,CP04B,name
FULTON,CP04A,CP04A,CP04A,name
FULTON,CP012,CP012,CP012,name
FULTON,EP03A,EP03A,EP03A,name
FULTON,CP011,CP011,CP011,name
FULTON,EP01A,EP01A,EP01A,name
FULTON,04D,04D,04D,name
FULTON,04G,04G,04G,name
FULTON,04A,04A,04A,name
FULTON,04K,04K,04K,name
FULTON,04W,04W,04W,name
FULTON,10F,10F,10F,name
FULTON,03S,03S,03S,name
FULTON,09D,09D,09D,name
FULTON,08E,08E,08E,name
FULTON,JC01A,JC01A,JC01A,name
FULTON,AP12C,AP12C,AP12C,name
FULTON,JC12,JC12,JC12,name
FULTON,SS12,SS12,SS12,name
FULTON,SS07C,SS07C,SS07C,name
FULTON,SS07B,SS07B,SS07B,name
FULTON,SS07A,SS07A,SS07A,name
FULTON,SS08B,SS08B,SS08B,name
FULTON,SS02B,SS02B,SS02B,name
FULTON,SS08C,SS08C,SS08C,name
FULTON,SS04,SS04,SS04,name
FULTON,SS08A,SS08A,SS08A,name
FULTON,SS08D,SS08D,SS08D,name
FULTON,SS29A,SS29A,SS29A,name
FULTON,08H,08H,08H,name
FULTON,06J,06J,06J,name
FULTON,06E,06E,06E,name
FULTON,06Q,06Q,06Q,name
FULTON,06D1,06D1,06D1,name
FULTON,06D2,06D2,06D2,name
FULTON,06D,06D,06D,name
FULTON,08K,08K,08K,name
FULTON,08L,08L,08L,name
FULTON,02W,02W,02W,name
FULTON,03F,03F,03F,name
FULTON,02A1,02A1,02A1,name
FULTON,06R,06R,06R,name
FULTON,02A,02A,02A,name
FULTON,06N,06N,06N,name
FULTON,06L2,06L2,06L2,name
FULTON,02S,02S,02S,name
FULTON,05J,05J,05J,name
FULTON,01P,01P,01P,name
FULTON,01R,01R,01R,name
FULTON,01E,01E,01E,name
FULTON,01A,01A,01A,name
FULTON,05A1,05A1,05A1,name
FULTON,01B,01B,01B,name
FULTON,12J,12J,12J,name
FULTON,12H2,12H2,12H2,name
FULTON,12M,12M,12M,name
FULTON,01G,01G,01G,name
FULTON,01D,01D,01D,name
FULTON,01H,01H,01H,name
FULTON,05B,05B,05B,name
FULTON,01S,01S,01S,name
FULTON,01C,01C,01C,name
FULTON,01T,01T,01T,name
FULTON,02G,02G,02G,name
FULTON,02D,02D,02D,name
FULTON,02F2,02F2,02F2,name
FULTON,02J,02J,02J,name
FULTON,06G,06G,06G,name
FULTON,06B,06B,06B,name
FULTON,02E,02E,02E,name
FULTON,02F1,02F1,02F1,name
FULTON,06F,06F,06F,name
FULTON,06L1,06L1,06L1,name
FULTON,JC19,JC19,JC19,name
FULTON,JC13A,JC13A,JC13A,name
FULTON,JC13B,JC13B,JC13B,name
FULTON,RW17,RW17,RW17,name
FULTON,RW04,RW04,RW04,name
FULTON,SS01,SS01,SS01,name
FULTON,RW20,RW20,RW20,name
FULTON,RW21,RW21,RW21,name
FULTON,RW22A,RW22A,RW22A,name
FULTON,RW07A,RW07A,RW07A,name
FULTON,RW07B,RW07B,RW07B,name
FULTON,AP03,AP03,AP03,name
FULTON,07F,07F,07F,name
FULTON,07D,07D,07D,name
FULTON,07N,07N,07N,name
FULTON,07M,07M,07M,name
FULTON,07E,07E,07E,name
FULTON,07A,07A,07A,name
FULTON,07C,07C,07C,name
FULTON,07B,07B,07B,name
FAYETTE,10,SANDY CREEK,Sandy Creek,name
FAYETTE,31,FIELDING RIDGE,Fielding Ridge,name
FAYETTE,16,MCINTOSH,McIntosh,name
FAYETTE,06,FLINT,Flint,name
FAYETTE,04,FAYETTEVILLE EAST,Fayetteville East,name
FAYETTE,24,BANKS,Banks,name
FAYETTE,28,OAK RIDGE,Oak Ridge,name
FAYETTE,23,KENWOOD,Kenwood,name
FAYETTE,03,EUROPE,Europe,name
FAYETTE,07,HOPEFUL,Hopeful,name
FAYETTE,05,FAYETTEVILLE WEST,Fayetteville West,name
FAYETTE,08,MORNING CREEK,Morning Creek,name
FAYETTE,01,BLACKROCK,Blackrock,name
FAYETTE,29,JEFF DAVIS,Jeff Davis,name
FAYETTE,30,MURPHY,Murphy,name
FAYETTE,26,WILLOW POND,Willow Pond,name
FAYETTE,27,DOGWOOD,Dogwood,name
FAYETTE,35,SPRING HILL,Spring Hill,name
FAYETTE,34,RISING STAR,Rising Star,name
FAYETTE,22,BRAELINN,Braelinn,name
FAYETTE,13,STARRSMILL,Starrsmill,name
FAYETTE,14,WHITEWATER,Whitewater,name
FAYETTE,02,BROOKS,Brooks,name
FAYETTE,15,WOOLSEY,Woolsey,name
FAYETTE,25,HARPS CROSSING,Harps Crossing,name
FAYETTE,36,ANTIOCH,Antioch,name
FAYETTE,18,KEDRON,Kedron,name
FAYETTE,19,ABERDEEN,Aberdeen,name
FAYETTE,32,WILLOWBEND,Willowbend,name
FAYETTE,21,FLAT CREEK,Flat Creek,name
FAYETTE,17,OAK GROVE,Oak Grove,name
FAYETTE,12,SHAKERAG WEST,Shakerag West,name
FAYETTE,20,WINDGATE,Windgate,name
FAYETTE,33,CAMP CREEK,Camp Creek,name
FAYETTE,11,SHAKERAG EAST,Shakerag East,name
FAYETTE,09,RAREOVER,Rareover,name
ROCKDALE,FI,FI,FI,name
ROCKDALE,FS,FS,FS,name
ROCKDALE,MA,MA,MA,name
ROCKDALE,SP,SP,SP,name
ROCKDALE,ST,ST,ST,name
ROCKDALE,BA,BA,BA,name
ROCKDALE,HC,HC,HC,name
ROCKDALE,SM,SM,SM,name
ROCKDALE,RO,RO,RO,name
ROCKDALE,LO,LO,LO,name
ROCKDALE,BT,BT,BT,name
ROCKDALE,HI,HI,HI,name
ROCKDALE,CO,CO,CO,name
ROCKDALE,OT,OT,OT,name
ROCKDALE,MI,MI,MI,name
ROCKDALE,LA,LA,LA,name
GWINNETT,002,ROCKBRIDGE A,ROCKBRIDGE A,name
GWINNETT,075,ROCKBRIDGE C,ROCKBRIDGE C,name
GWINNETT,111,DULUTH H,DULUTH H,name
GWINNETT,052,BERKSHIRE G,BERKSHIRE G,name
GWINNETT,118,GARNERS F,GARNERS F,name
GWINNETT,112,BERKSHIRE N,BERKSHIRE N,name
GWINNETT,039,DUNCANS D,DUNCANS D,name
GWINNETT,108,BAYCREEK E,BAYCREEK E,name
GWINNETT,145,BAYCREEK G,BAYCREEK G,name
GWINNETT,146,BAYCREEK H,BAYCREEK H,name
GWINNETT,091,BAYCREEK D,BAYCREEK D,name
GWINNETT,147,BAYCREEK I,BAYCREEK I,name
GWINNETT,080,BAYCREEK C,BAYCREEK C,name
GWINNETT,090,LAWRENCEVILLE I,LAWRENCEVILLE I,name
GWINNETT,085,LAWRENCEVILLE H,LAWRENCEVILLE H,name
GWINNETT,132,LAWRENCEVILLE K,LAWRENCEVILLE K,name
GWINNETT,060,LAWRENCEVILLE D,LAWRENCEVILLE D,name
GWINNETT,042,LAWRENCEVILLE C,LAWRENCEVILLE C,name
GWINNETT,003,DACULA,DACULA,name
GWINNETT,152,ROCKYCREEK C,ROCKYCREEK C,name
GWINNETT,137,ROCKYCREEK B,ROCKYCREEK B,name
GWINNETT,154,PUCKETTS D,PUCKETTS D,name
GWINNETT,008,DUNCANS A,DUNCANS A,name
GWINNETT,013,DUNCANS C,DUNCANS C,name
GWINNETT,133,HARBINS B,HARBINS B,name
GWINNETT,028,ROCKYCREEK A,ROCKYCREEK A,name
GWINNETT,129,DUNCANS B,DUNCANS B,name
GWINNETT,009,PUCKETTS A,PUCKETTS A,name
GWINNETT,135,PUCKETTS C,PUCKETTS C,name
GWINNETT,001,HARBINS A,HARBINS A,name
GWINNETT,151,HARBINS C,HARBINS C,name
GWINNETT,082,DULUTH E,DULUTH E,name
GWINNETT,056,DULUTH C,DULUTH C,name
GWINNETT,007,DULUTH A,DULUTH A,name
GWINNETT,155,SUWANEE G,SUWANEE G,name
GWINNETT,140,SUWANEE H,SUWANEE H,name
GWINNETT,017,MARTINS A,MARTINS A,name
GWINNETT,077,GOODWINS C,GOODWINS C,name
GWINNETT,106,SUWANEE C,SUWANEE C,name
GWINNETT,131,SUWANEE E,SUWANEE E,name
GWINNETT,004,SUWANEE A,SUWANEE A,name
GWINNETT,098,GOODWINS F,GOODWINS F,name
GWINNETT,142,SUWANEE F,SUWANEE F,name
GWINNETT,100,SUWANEE B,SUWANEE B,name
GWINNETT,030,CATES C,CATES C,name
GWINNETT,070,GOODWINS B,GOODWINS B,name
GWINNETT,026,HOG MOUNTAIN A,HOG MOUNTAIN A,name
GWINNETT,031,HOG MOUNTAIN D,HOG MOUNTAIN D,name
GWINNETT,136,HOG MOUNTAIN C,HOG MOUNTAIN C,name
GWINNETT,067,PUCKETTS E,PUCKETTS E,name
GWINNETT,071,LAWRENCEVILLE F,LAWRENCEVILLE F,name
GWINNETT,144,LAWRENCEVILLE M,LAWRENCEVILLE M,name
GWINNETT,027,HOG MOUNTAIN B,HOG MOUNTAIN B,name
GWINNETT,130,SUWANEE D,SUWANEE D,name
GWINNETT,105,SUGAR HILL F,SUGAR HILL F,name
GWINNETT,141,SUGAR HILL G,SUGAR HILL G,name
GWINNETT,025,SUGAR HILL B,SUGAR HILL B,name
GWINNETT,089,SUGAR HILL E,SUGAR HILL E,name
GWINNETT,054,SUGAR HILL C,SUGAR HILL C,name
GWINNETT,024,SUGAR HILL A,SUGAR HILL A,name
GWINNETT,055,SUGAR HILL D,SUGAR HILL D,name
GWINNETT,102,PUCKETTS B,PUCKETTS B,name
GWINNETT,048,DULUTH B,DULUTH B,name
GWINNETT,096,DULUTH G,DULUTH G,name
GWINNETT,072,MARTINS E,MARTINS E,name
GWINNETT,095,DULUTH F,DULUTH F,name
GWINNETT,138,DULUTH I,DULUTH I,name
GWINNETT,087,PINCKNEYVILLE S,PINCKNEYVILLE S,name
GWINNETT,065,BERKSHIRE H,BERKSHIRE H,name
GWINNETT,123,PINCKNEYVILLE Y,PINCKNEYVILLE Y,name
GWINNETT,023,PINCKNEYVILLE D,PINCKNEYVILLE D,name
GWINNETT,058,PINCKNEYVILLE K,PINCKNEYVILLE K,name
GWINNETT,050,PINCKNEYVILLE I,PINCKNEYVILLE I,name
GWINNETT,010,CATES A,CATES A,name
GWINNETT,081,CATES L,CATES L,name
GWINNETT,156,BAYCREEK J,BAYCREEK J,name
GWINNETT,041,BAYCREEK B,BAYCREEK B,name
GWINNETT,134,BAYCREEK F,BAYCREEK F,name
GWINNETT,094,CATES N,CATES N,name
GWINNETT,005,BAYCREEK A,BAYCREEK A,name
GWINNETT,121,PINCKNEYVILLE X,PINCKNEYVILLE X,name
GWINNETT,040,PINCKNEYVILLE H,PINCKNEYVILLE H,name
GWINNETT,099,PINCKNEYVILLE T,PINCKNEYVILLE T,name
GWINNETT,057,DULUTH D,DULUTH D,name
GWINNETT,068,CATES I,CATES I,name
GWINNETT,093,CATES M,CATES M,name
GWINNETT,127,LAWRENCEVILLE J,LAWRENCEVILLE J,name
GWINNETT,018,MARTINS B,MARTINS B,name
GWINNETT,084,LAWRENCEVILLE G,LAWRENCEVILLE G,name
GWINNETT,150,DULUTH K,DULUTH K,name
GWINNETT,148,BERKSHIRE Q,BERKSHIRE Q,name
GWINNETT,021,PINCKNEYVILLE B,PINCKNEYVILLE B,name
GWINNETT,051,PINCKNEYVILLE J,PINCKNEYVILLE J,name
GWINNETT,113,PINCKNEYVILLE V,PINCKNEYVILLE V,name
GWINNETT,114,PINCKNEYVILLE W,PINCKNEYVILLE W,name
GWINNETT,020,PINKCNEYVILLE A,PINCKNEYVILLE A,unique_name_similarity
GWINNETT,116,MARTINS I,MARTINS I,name
GWINNETT,117,MARTINS J,MARTINS J,name
GWINNETT,088,ROCKBRIDGE E,ROCKBRIDGE E,name
GWINNETT,069,CATES J,CATES J,name
GWINNETT,036,CATES E,CATES E,name
GWINNETT,107,CATES O,CATES O,name
GWINNETT,035,CATES D,CATES D,name
GWINNETT,044,ROCKBRIDGE B,ROCKBRIDGE B,name
GWINNETT,064,GARNERS D,GARNERS D,name
GWINNETT,120,BERKSHIRE P,BERKSHIRE P,name
GWINNETT,109,BERKSHIRE M,BERKSHIRE M,name
GWINNETT,074,PINCKNEYVILLE Q,PINCKNEYVILLE Q,name
GWINNETT,103,BERKSHIRE L,BERKSHIRE L,name
GWINNETT,086,MARTINS F,MARTINS F,name
GWINNETT,034,BERKSHIRE F,BERKSHIRE F,name
GWINNETT,119,BERKSHIRE O,BERKSHIRE O,name
GWINNETT,019,MARTINS C,MARTINS C,name
GWINNETT,043,MARTINS D,MARTINS D,name
GWINNETT,033,BERKSHIRE E,BERKSHIRE E,name
GWINNETT,092,BERKSHIRE J,BERKSHIRE J,name
GWINNETT,049,GARNERS C,GARNERS C,name
GWINNETT,014,GARNERS A,GARNERS A,name
GWINNETT,045,GARNERS B,GARNERS B,name
GWINNETT,032,BERKSHIRE D,BERKSHIRE D,name
GWINNETT,011,BERKSHIRE A,BERKSHIRE A,name
GWINNETT,066,PINCKNEYVILLE O,PINCKNEYVILLE O,name
GWINNETT,038,PINCKNEYVILLE F,PINCKNEYVILLE F,name
GWINNETT,059,PINCKNEYVILLE N,PINCKNEYVILLE N,name
GWINNETT,104,ROCKBRIDGE F,ROCKBRIDGE F,name
GWINNETT,076,ROCKBRIDGE D,ROCKBRIDGE D,name
GWINNETT,012,BERKSHIRE B,BERKSHIRE B,name
GWINNETT,037,PINCKNEYVILLE E,PINCKNEYVILLE E,name
GWINNETT,101,PINCKNEYVILLE U,PINCKNEYVILLE U,name
GWINNETT,073,PINCKNEYVILLE P,PINCKNEYVILLE P,name
GWINNETT,126,PINCKNEYVILLE A1,PINCKNEYVILLE A1,name
GWINNETT,022,PINCKNEYVILLE C,PINCKNEYVILLE C,name
GWINNETT,125,PINCKNEYVILLE Z,PINCKNEYVILLE Z,name
GWINNETT,062,PINCKNEYVILLE L,PINCKNEYVILLE L,name
GWINNETT,063,PINCKNEYVILLE M,PINCKNEYVILLE M,name
GWINNETT,122,ROCKBRIDGE G,ROCKBRIDGE G,name
GWINNETT,143,LAWRENCEVILLE L,LAWRENCEVILLE L,name
GWINNETT,061,LAWRENCEVILLE E,LAWRENCEVILLE E,name
GWINNETT,153,LAWRENCEVILLE N,LAWRENCEVILLE N,name
GWINNETT,016,LAWRENCEVILLE B,LAWRENCEVILLE B,name
GWINNETT,078,BAYCREEK K,BAYCREEK K,name
GWINNETT,015,LAWRENCEVILLE A,LAWRENCEVILLE A,name
GWINNETT,097,GOODWINS E,GOODWINS E,name
GWINNETT,110,MARTINS G,MARTINS G,name
GWINNETT,124,GOODWINS G,GOODWINS G,name
GWINNETT,149,GOODWINS I,GOODWINS I,name
GWINNETT,006,GOODWINS A,GOODWINS A,name
GWINNETT,128,GOODWINS H,GOODWINS H,name
GWINNETT,083,GOODWINS D,GOODWINS D,name
GWINNETT,053,CATES H,CATES H,name
GWINNETT,046,CATES F,CATES F,name
GWINNETT,047,CATES G,CATES G,name
GWINNETT,029,CATES B,CATES B,name
GWINNETT,079,CATES K,CATES K,name
GWINNETT,139,MARTINS K,MARTINS K,name
GWINNETT,115,MARTINS H,MARTINS H,name
FORSYTH,35,35 JOHNS CREEK,35 Johns Creek,name
FORSYTH,04,04 CHESTATEE,04 Chestatee,name
FORSYTH,36,36 NICHOLS,36 Nichols,name
FORSYTH,19,19 OLD ATLANTA,19 Old Atlanta,name
FORSYTH,02,02 BRANDYWINE,02 Brandywine,name
FORSYTH,34,34 FOWLER,34 Fowler,name
FORSYTH,01,01 BIG CREEK,01 Big Creek,name
FORSYTH,21,21 SOUTH FORSYTH,21 South Forsyth,name
FORSYTH,29,29 POLO,29 Polo,name
FORSYTH,10,10 MIDWAY,10 Midway,name
FORSYTH,15,15 HEARDSVILLE,15 Heardsville,name
FORSYTH,37,37 SAWNEE,37 Sawnee,name
FORSYTH,27,27 CONCORD,27 Concord,name
FORSYTH,25,25 WINDERMERE,25 Windermere,name
FORSYTH,07,07 CUMMING,07 Cumming,name
FORSYTH,08,08 MASHBURN,08 Mashburn,name
FORSYTH,06,06 CROSSROADS,06 Crossroads,name
FORSYTH,16,16 OTWELL,16 Otwell,name
FORSYTH,05,05 COAL MOUNTAIN,05 Coal Mountain,name
FORSYTH,03,03 BROWNS BRIDGE,03 Browns Bridge,name
HENRY,43,PLEASANT GROVE,Pleasant Grove,name
HENRY,46,SHAKERAG,Shakerag,name
HENRY,45,SWAN LAKE,Swan Lake,name
HENRY,41,STAGECOACH,Stagecoach,name
HENRY,56,LIGHTHOUSE,Lighthouse,name
HENRY,54,STOCKBRIDGE CENTRAL,Stockbridge Central,name
HENRY,39,STOCKBRIDGE EAST-WEST,Stockbridge East-West,name
HENRY,34,WESLEY LAKES,Wesley Lakes,name
HENRY,28,WESTSIDE,Westside,name
HENRY,60,LAKE HAVEN,Lake Haven,name
HENRY,53,FLIPPEN,Flippen,name
HENRY,38,HICKORY FLAT,Hickory Flat,name
HENRY,42,COTTON INDIAN,Cotton Indian,name
HENRY,61,MCDONOUGH CENTRAL,McDonough Central,name
HENRY,52,LAKE DOW,Lake Dow,name
HENRY,37,EAST LAKE,East Lake,name
HENRY,36,MCMULLEN,McMullen,name
HENRY,62,TIMBERRIDGE,Timberridge,name
HENRY,55,KELLEYTOWN,Kelleytown,name
HENRY,27,SANDY RIDGE,Sandy Ridge,name
HENRY,58,MT. BETHEL,Mt Bethel,name
HENRY,25,LOCUST GROVE,Locust Grove,name
HENRY,29,LOWES,Lowes,name
HENRY,32,MOUNT CARMEL,Mt Carmel,name
HENRY,51,OAKLAND,Oakland,name
HENRY,57,DUTCHTOWN,Dutchtown,name
HENRY,50,PATES CREEK,Pates Creek,name
HENRY,33,RED OAK,Red Oak,name
HENRY,49,SHILOH,Shiloh,name
HENRY,48,UNITY GROVE,Unity Grove,name
HENRY,59,GROVE PARK,Grove Park,name
HENRY,26,TUSSAHAW,Tussahaw,name
HENRY,35,MCDONOUGH,McDonough,name
HENRY,30,SOUTH HAMPTON,South Hampton,name
HENRY,31,NORTH HAMPTON,North Hampton,name
HENRY,44,AUSTIN ROAD,Austin Road,name
HENRY,47,ELLENWOOD,Ellenwood,name
DEKALB,FG,FLAT ROCK ELEM,Flat Rock Elem,name
DEKALB,CF,CANDLER-MURPHEY CANDLER ELEM,Candler-Murphey Candler Elem,name
DEKALB,OV,OAK VIEW ELEM,Oak View Elem,name
DEKALB,HH,NARVIE J HARRIS ELEM,Harris-Narvie J Harris Elem,unique_name_similarity
DEKALB,FK,FLAKES MILL FIRE STATION,Flakes Mill Fire Station,name
DEKALB,FE,FLAT SHOALS PARKWAY,Flat Shoals Parkway,name
DEKALB,CG,CHAPEL HILL ELEM,Chapel Hill Elem,name
DEKALB,DI,DUNWOODY LIBRARY (DUN),Dunwoody Library,name
DEKALB,AD,AUSTIN (DUN),Austin,name
DEKALB,MQ,MOUNT VERNON EAST (DUN),Mount Vernon East,name
DEKALB,CE,CHAMBLEE (CHA),Chamblee,name
DEKALB,CZ,CHAMBLEE 2 (CHA),Chamblee 2,name
DEKALB,HF,HUNTLEY HILLS ELEM (CHA),Huntley Hills Elem,name
DEKALB,PB,PEACHTREE MIDDLE,Peachtree Middle,name
DEKALB,DG,DUNWOODY 2 (DUN),Dunwoody 2,name
DEKALB,CH,CHESNUT ELEM (DUN),Chesnut Elem,name
DEKALB,TG,TILLY MILL ROAD (DUN),Tilly Mill Road,name
DEKALB,BL,BOULDERCREST ROAD,Bouldercrest Road,name
DEKALB,CS,CEDAR GROVE SOUTH,Cedar Grove South,name
DEKALB,CD,CEDAR GROVE ELEM,Cedar Grove Elem,name
DEKALB,WI,WARREN TECH,Warren Tech,name
DEKALB,CK,CLARKSTON (CLA),Clarkston,name
DEKALB,IA,IDLEWOOD ELEM (TUC),Idlewood Elem,name
DEKALB,BH,BROCKETT (TUC),Brockett,name
DEKALB,MH,MIDVALE ELEM,Midvale Elem,name
DEKALB,EF,EVANSDALE ELEM,Evansdale Elem,name
DEKALB,TH,TUCKER,Tucker,name
DEKALB,SN,SHAMROCK,Shamrock,name
DEKALB,ND,NORTHLAKE,Northlake,name
DEKALB,BD,BRIARLAKE ELEM,Briarlake Elem,name
DEKALB,RD,REHOBOTH,Rehoboth,name
DEKALB,MK,MONTREAL,Montreal,name
DEKALB,MW,MIDVALE ROAD,Midvale Road,name
DEKALB,HC,HENDERSON MILL,Henderson Mill,name
DEKALB,AE,AVONDALE (AVO),Avondale,name
DEKALB,MO,MIDWAY,Midway,name
DEKALB,CU,COVINGTON,Covington,name
DEKALB,NB,NORTH DECATUR,North Decatur,name
DEKALB,ME,MCLENDON,McLendon,name
DEKALB,VB,VALLEY BROOK,Valley Brook,name
DEKALB,SC,SHAW-ROBERT SHAW ELEM,Shaw-Robert Shaw Elem,name
DEKALB,CT,COVINGTON HWY,Covington Hwy,name
DEKALB,SW,STONECREST LIBRARY,Stonecrest Library,name
DEKALB,SL,STONEVIEW ELEM,Stoneview Elem,name
DEKALB,PC,PRINCETON ELEM,Princeton Elem,name
DEKALB,RC,REDAN ELEM,Redan Elem,name
DEKALB,SV,STEPHENSON HIGH,Stephenson High,name
DEKALB,AB,ASHFORD PARK ELEM (BHAVN),Ashford Park Elem,name
DEKALB,OA,OAK GROVE ELEM,Oak Grove Elem,name
DEKALB,CW,CORALWOOD,Coralwood,name
DEKALB,SA,SAGAMORE HILLS ELEM,Sagamore Hills Elem,name
DEKALB,LA,LAKESIDE HIGH,Lakeside High,name
DEKALB,DC,DRESDEN ELEM (CHA),Dresden Elem,name
DEKALB,LC,LAVISTA,Lavista,name
DEKALB,PH,PANOLA,Panola,name
DEKALB,SK,SHADOW ROCK ELEM,Shadow Rock Elem,name
DEKALB,SP,STONE MTN CHAMPION,Stone Mtn Champion,name
DEKALB,SQ,STONE MTN,Stone Mtn,name
DEKALB,HA,HAMBRICK ELEM,Hambrick Elem,name
DEKALB,RE,ROCKBRIDGE ELEM,Rockbridge Elem,name
DEKALB,SJ,STONE MILL ELEM,Stone Mill Elem,name
DEKALB,MA,MILLER-ELDRIDGE L MILLER ELEM,Miller-Eldridge L Miller Elem,name
DEKALB,SU,SOUTH HAIRSTON,South Hairston,name
DEKALB,SD,STONE MOUNTAIN ELEM,Stone Mountain Elem,name
DEKALB,WN,WYNBROOKE ELEM,Wynbrooke Elem,name
DEKALB,ST,STEPHENSON MIDDLE,Stephenson Middle,name
DEKALB,SO,SOUTH DESHON,South Deshon,name
DEKALB,RM,REDAN MIDDLE,Redan Middle,name
DEKALB,MC,MARBUT ELEM,Marbut Elem,name
DEKALB,RK,REDAN ROAD,Redan Road,name
DEKALB,WG,WOODRIDGE ELEM,Woodridge Elem,name
DEKALB,RJ,ROWLAND ROAD,Rowland Road,name
DEKALB,WK,WHITE OAK,White Oak,name
DEKALB,FM,FREEDOM MIDDLE,Freedom Middle,name
DEKALB,PE,PINE LAKE,Pine Lake,name
DEKALB,SS,SNAPFINGER ROAD S,Snapfinger Road S,name
DEKALB,MF,MCWILLIAMS,McWilliams,name
DEKALB,MI,MILLER GROVE,Miller Grove,name
DEKALB,BM,BETHUNE MIDDLE,Bethune Middle,name
DEKALB,CP,CROSSROADS,Crossroads,name
DEKALB,FA,FAIRINGTON ELEM,Fairington Elem,name
DEKALB,PR,PANOLA ROAD,Panola Road,name
DEKALB,PI,PANOLA WAY ELEM,Panola Way Elem,name
DEKALB,YA,YOUNG ROAD,Young Road,name
DEKALB,RG,ROWLAND ELEM,Rowland Elem,name
DEKALB,DE,DUNAIRE ELEM,Dunaire Elem,name
DEKALB,AA,ALLGOOD ELEM,Allgood Elem,name
DEKALB,IB,INDIAN CREEK,Indian Creek,name
DEKALB,CY,CLARKSTON COMMUNITY CENTER (CLA),Clarkston Community Center,name
DEKALB,MN,MEMORIAL SOUTH,Memorial South,name
DEKALB,JB,JOLLY ELEM,Jolly Elem,name
DEKALB,WB,WESLEY CHAPEL LIBRARY,Wesley Chapel Library,name
DEKALB,PF,PLEASANTDALE ROAD,Pleasantdale Road,name
DEKALB,NC,NORTH HAIRSTON,North Hairston,name
DEKALB,SY,SNAPFINGER ROAD,Snapfinger Road,name
DEKALB,BJ,BROWNS MILL ELEM,Browns Mill Elem,name
DEKALB,SM,SALEM MIDDLE,Salem Middle,name
DEKALB,MV,MILLER GROVE ROAD,Miller Grove Road,name
DEKALB,CC,COLUMBIA ELEM,Columbia Elem,name
DEKALB,FL,FLAT SHOALS LIBRARY,Flat Shoals Library,name
DEKALB,BC,BRIAR VISTA ELEM,Briar Vista Elem,name
DEKALB,DH,DRUID HILLS HIGH,Druid Hills High,name
DEKALB,ER,EMORY ROAD,Emory Road,name
DEKALB,LB,LAVISTA ROAD,Lavista Road,name
DEKALB,OK,OAKHURST (DEC),Oakhurst,name
DEKALB,DD,DECATUR (DEC),Decatur,name
DEKALB,PG,PONCE DE LEON (DEC),Ponce de Leon,name
DEKALB,WJ,WOODWARD (BHAVN),Woodward,name
DEKALB,CO,CROSS KEYS HIGH (BHAVN),Cross Keys High,name
DEKALB,BG,BRIARCLIFF,Briarcliff,name
DEKALB,HI,HARRIS-MARGARET HARRIS ED,Harris-Margaret Harris ED,name
DEKALB,MJ,MONTCLAIR ELEM,Montclair Elem,name
DEKALB,BE,BRIARWOOD (BHAVN),Briarwood,name
DEKALB,BI,BROOKHAVEN (BHAVN),Brookhaven,name
DEKALB,SE,SILVER LAKE,Silver Lake,name
DEKALB,SF,SKYLAND,Skyland,name
DEKALB,BF,BROCKETT ELEM (TUC),Brockett Elem,name
DEKALB,SI,STONE MTN MIDDLE,Stone Mtn Middle,name
DEKALB,TF,TUCKER LIBRARY,Tucker Library,name
DEKALB,HG,HUGH HOWELL,Hugh Howell,name
DEKALB,SH,SMOKE RISE,Smoke Rise,name
DEKALB,MB,MCNAIR HIGH,McNair High,name
DEKALB,ML,MEADOWVIEW,Meadowview,name
DEKALB,MZ,MILLER GROVE HIGH,Miller Grove High,name
DEKALB,WD,WOODROW ROAD,Woodrow Road,name
DEKALB,LH,LITHONIA HIGH,Lithonia High,name
DEKALB,RH,REDAN-TROTTI LIBRARY,Redan-Trotti Library,name
DEKALB,LD,LITHONIA (LIT),Lithonia,name
DEKALB,CM,COLUMBIA MIDDLE,Columbia Middle,name
DEKALB,TC,TONEY ELEM,Toney Elem,name
DEKALB,KE,KNOLLWOOD,Knollwood,name
DEKALB,WA,WADSWORTH,Wadsworth,name
DEKALB,SG,SNAPFINGER ELEM,Snapfinger Elem,name
DEKALB,PA,PEACHCREST,Peachcrest,name
DEKALB,MR,MATHIS-BOB MATHIS ELEM,Mathis-Bob Mathis Elem,name
DEKALB,RA,RAINBOW ELEM,Rainbow Elem,name
DEKALB,CV,CLAIREMONT EAST (DEC),Clairemont East,name
DEKALB,WF,WINNONA PARK,Winnona Park,name
DEKALB,GA,GLENNWOOD (DEC),Glennwood,name
DEKALB,CI,CLAIREMONT WEST (DEC),Clairemont West,name
DEKALB,SB,SCOTT,Scott,name
DEKALB,CJ,CLAIRMONT ROAD,Clairmont Road,name
DEKALB,MG,MEDLOCK,Medlock,name
DEKALB,FJ,FLAT SHOALS,Flat Shoals,name
DEKALB,FC,FLAT SHOALS ELEM,Flat Shoals Elem,name
DEKALB,MP,MCNAIR ACADEMY,McNair Academy,name
DEKALB,EA,EAST LAKE (ATL),East Lake,name
DEKALB,MD,MCNAIR,McNair,name
DEKALB,KA,KELLEY LAKE ELEM,Kelley Lake Elem,name
DEKALB,CQ,CANDLER,Candler,name
DEKALB,GC,GRESHAM ROAD,Gresham Road,name
DEKALB,BR,BURGESS ELEM (ATL),Burgess Elem,name
DEKALB,MT,METROPOLITAN (ATL),Metropolitan,name
DEKALB,PN,PINEY GROVE,Piney Grove,name
DEKALB,TA,TERRY MILL,Terry Mill,name
DEKALB,CL,CLIFTON,Clifton,name
DEKALB,CR,CEDAR GROVE MIDDLE,Cedar Grove Middle,name
DEKALB,KC,KELLEY CHAPEL ROAD,Kelley Chapel Road,name
DEKALB,CA,COLUMBIA DRIVE,Columbia Drive,name
DEKALB,AF,AUSTIN DRIVE,Austin Drive,name
DEKALB,CB,CANBY LANE ELEM,Canby Lane Elem,name
DEKALB,SR,SNAPFINGER ROAD N,Snapfinger Road N,name
DEKALB,GF,GLENWOOD ROAD,Glenwood Road,name
DEKALB,GB,GLENHAVEN,Glenhaven,name
DEKALB,AI,AVONDALE HIGH,Avondale High,name
DEKALB,CN,COAN RECREATION CENTER (ATL),Coan Recreation Center,name
DEKALB,CX,CANDLER PARK (ATL),Candler Park,name
DEKALB,LE,LIN-MARY LIN ELEM (ATL),Lin-Mary Lin Elem,name
DEKALB,BB,BOULEVARD (ATL),Boulevard,name
DEKALB,FB,FERNBANK ELEM,Fernbank Elem,name
DEKALB,EG,EMORY SOUTH,Emory South,name
DEKALB,JA,JOHNSON ESTATES (ATL),Johnson Estates,name
DEKALB,LV,LIVSEY ELEM,Livsey Elem,name
DEKALB,DB,DORAVILLE SOUTH (DOR),Doraville South,name
DEKALB,DA,DORAVILLE NORTH (DOR),Doraville North,name
DEKALB,OB,OAKCLIFF ELEM,Oakcliff Elem,name
DEKALB,NF,NORTH PEACHTREE (DUN),North Peachtree,name
DEKALB,EC,EMBRY HILLS,Embry Hills,name
DEKALB,WL,WINTERS CHAPEL,Winters Chapel,name
DEKALB,KB,KINGSLEY ELEM (DUN),Kingsley Elem,name
DEKALB,HB,HAWTHORNE ELEM,Hawthorne Elem,name
DEKALB,AG,ASHFORD DUNWOODY RD (BHAVN),Ashford Dunwoody Rd,name
DEKALB,AH,ASHFORD PARKSIDE (BHAVN),Ashford Parkside,name
DEKALB,MU,MONTGOMERY ELEM  (BHAVN),Montgomery Elem,name
DEKALB,KG,KITTREDGE ELEM (BHAVN),Kittredge Elem,name
DEKALB,GD,GEORGETOWN SQ (DUN),Georgetown Sq,name
DEKALB,DF,DUNWOODY (DUN),Dunwoody,name
DEKALB,MS,MOUNT VERNON WEST (DUN),Mount Vernon West,name
DEKALB,RL,ROCK CHAPEL ROAD,Rock Chapel Road,name
DEKALB,RF,ROCK CHAPEL ELEM,Rock Chapel Elem,name
DEKALB,RI,ROCKBRIDGE ROAD,Rockbridge Road,name
CLAYTON,LJ2,LOVEJOY 2,Lovejoy 2,name
CLAYTON,LJ7,LOVEJOY 7,Lovejoy 7,name
CLAYTON,JB05,JONESBORO 5,Jonesboro 5,name
CLAYTON,JB14,JONESBORO 14,Jonesboro 14,name
CLAYTON,JB18,JONESBORO 18,Jonesboro 18,name
CLAYTON,JB11,JONESBORO 11,Jonesboro 11,name
CLAYTON,JB07,JONESBORO 7,Jonesboro 7,name
CLAYTON,JB06,JONESBORO 6,Jonesboro 6,name
CLAYTON,JB08,JONESBORO 8,Jonesboro 8,name
CLAYTON,MO8,MORROW 8,Morrow 8,name
CLAYTON,MO5,MORROW 5,Morrow 5,name
CLAYTON,MO10,MORROW 10,Morrow 10,name
CLAYTON,RD07,RIVERDALE 7,Riverdale 7,name
CLAYTON,OAK5,OAK5,Oak 5,name
CLAYTON,FP3,FOREST PARK 3,Forest Park 3,name
CLAYTON,RD06,RIVERDALE 6,Riverdale 6,name
CLAYTON,JB15,JONESBORO 15,Jonesboro 15,name
CLAYTON,FP5,FOREST PARK 5,Forest Park 5,name
CLAYTON,FP6,FOREST PARK 6,Forest Park 6,name
CLAYTON,RD04,RIVERDALE 4,Riverdale 4,name
CLAYTON,RD08,RIVERDALE 8,Riverdale 8,name
CLAYTON,RD01,RIVERDALE 1,Riverdale 1,name
CLAYTON,RD03,RIVERDALE 3,Riverdale 3,name
CLAYTON,OAK4,OAK 4,Oak 4,name
CLAYTON,OAK2,OAK 2,Oak 2,name
CLAYTON,RD10,RIVERDALE 10,Riverdale 10,name
CLAYTON,OAK3,OAK 3,Oak 3,name
CLAYTON,RD11,RIVERDALE 11,Riverdale 11,name
CLAYTON,PH1,PANHANDLE 1,Panhandle 1,name
CLAYTON,LJ3,LOVEJOY 3,Lovejoy 3,name
CLAYTON,LJ4,LOVEJOY 4,Lovejoy 4,name
CLAYTON,LJ5,LOVEJOY 5,Lovejoy 5,name
CLAYTON,JB19,JONESBORO 19,Jonesboro 19,name
CLAYTON,JB17,JONESBORO 17,Jonesboro 17,name
CLAYTON,JB02,JONESBORO 2,Jonesboro 2,name
CLAYTON,RD09,RIVERDALE 9,Riverdale 9,name
CLAYTON,JB16,JONESBORO 16,Jonesboro 16,name
CLAYTON,RD05,RIVERDALE 5,Riverdale 5,name
CLAYTON,JB01,JONESBORO 1,Jonesboro 1,name
CLAYTON,RD02,RIVERDALE 2,Riverdale 2,name
CLAYTON,JB12,JONESBORO 12,Jonesboro 12,name
CLAYTON,RD12,RIVERDALE 12,Riverdale 12,name
CLAYTON,JB13,JONESBORO 13,Jonesboro 13,name
CLAYTON,JB03,JONESBORO 3,Jonesboro 3,name
CLAYTON,JB10,JONESBORO 10,Jonesboro 10,name
CLAYTON,JB09,JONESBORO 9,Jonesboro 9,name
CLAYTON,JB04,JONESBORO 4,Jonesboro 4,name
CLAYTON,LJ1,LOVEJOY 1,Lovejoy 1,name
CLAYTON,PH2,PANHANDLE 2,Panhandle 2,name
CLAYTON,LJ6,LOVEJOY 6,Lovejoy 6,name
CLAYTON,OAK1,OAK 1,Oak 1,name
CLAYTON,FP4,FOREST PARK 4,Forest Park 4,name
CLAYTON,FP1,FOREST PARK 1,Forest Park 1,name
CLAYTON,MO1,MORROW 1,Morrow 1,name
CLAYTON,EW2,ELLENWOOD 2,Ellenwood 2,name
CLAYTON,LC1,LAKE CITY,Lake City,name
CLAYTON,MO4,MORROW 4,Morrow 4,name
CLAYTON,MO9,MORROW 9,Morrow 9,name
CLAYTON,MO6,MORROW 6,Morrow 6,name
CLAYTON,MO11,MORROW 11,Morrow 11,name
CLAYTON,EW1,ELLENWOOD 1,Ellenwood 1,name
CLAYTON,FP2,FOREST PARK 2,Forest Park 2,name
CLAYTON,MO2,MORROW 2,Morrow 2,name
CLAYTON,MO7,MORROW 7,Morrow 7,name
CLAYTON,MO3,MORROW 3,Morrow 3,name
SPALDING,14,14,14,name
SPALDING,21,21,21,name
SPALDING,12,12,12,name
SPALDING,09,09,09,name
SPALDING,19,19,19,name
SPALDING,16,16,16,name
SPALDING,17,17,17,name
SPALDING,20,20,20,name
SPALDING,07,07,07,name
SPALDING,11,11,11,name
SPALDING,06,06,06,name
SPALDING,10,10,10,name
SPALDING,08,08,08,name
SPALDING,05,05,05,name
SPALDING,01,01,01,name
SPALDING,03,03,03,name
SPALDING,02,02,02,name
SPALDING,13,13,13,name
PICKENS,11,APPALACHIAN,Appalachian,name
PICKENS,7,TALKING ROCK,Talking Rock,name
PICKENS,8,JASPER,Jasper,name
PICKENS,4,JERUSALEM,Jerusalem,name
PICKENS,5,LUDVILLE,Ludville,name
PICKENS,3,HINTON,Hinton,name
PICKENS,2,HILL,Hill,name
PICKENS,9,TATE,Tate,name
PICKENS,12,REFUGE,Refuge,name
PICKENS,6,NELSON,Nelson,name
PICKENS,1,YELLOW CREEK,Yellow Creek,name
PICKENS,10,SHARPTOP,Sharptop,name
GILMER,11,YUKON,Yukon,name
GILMER,12,BIG CREEK,Big Creek,name
GILMER,06,CHERRY LOG,Cherry Log,name
GILMER,02,CARTECAY,Cartecay,name
GILMER,04,TOWN CREEK,Town Creek,name
GILMER,05,LEACHES,Leaches,name
GILMER,10,ELLIJAY NORTH,Ellijay North,name
GILMER,09,EAST ELLIJAY,East Ellijay,name
GILMER,13,ELLIJAY NORTHEAST,Ellijay Northeast,name
GILMER,07,BOARDTOWN,Boardtown,name
GILMER,03,TAILS CREEK,Tails Creek,name
GILMER,08,MOUNTAINTOWN,Mountaintown,name
GILMER,01,ELLIJAY SOUTH,Ellijay South,name
TROUP,15,HIGHLAND,Highland,name
TROUP,12,GARDNER NEWMAN,Gardner Newman,name
TROUP,05,WEST POINT,West Point,name
TROUP,11,LONG CANE,Long Cane,name
TROUP,13,GRAY HILL,Gray Hill,name
TROUP,02,ADMINISTRATION BLDG,Administration Bldg,name
TROUP,04,GRIGGS CENTER,Griggs Center,name
TROUP,08,ROSEMONT,Rosemont,name
TROUP,16,NORTHSIDE,Northside,name
TROUP,03,HAMMETT RD,Hammett Rd,name
TROUP,10,MCLENDON,McClendon,unique_name_similarity
TROUP,06,HOGANSVILLE,Hogansville,name
TROUP,07,EAST VERNON,East Vernon,name
TROUP,01,HOLLIS HAND,Hollis Hand,name
HEARD,SOU,SOUTHWEST,Southwest,name
HEARD,EPH,EPHESUS,Ephesus,name
HEARD,COO,COOKSVILLE - CORINTH,Cooksville-Corinth,name
HEARD,CEN,CENTRALHATCHEE,Centralhatchee,name
HEARD,ENO,ENON GROVE,Enon Grove,name
HEARD,FRA,FRANKLIN,Franklin,name
CARROLL,1111,BOWDON,Bowdon,name
CARROLL,714BW,OLD CAMP CHURCH,Old Camp Church,name
CARROLL,713,ROOPVILLE,Roopville,name
CARROLL,715,OAK GROVE,Oak Grove,name
CARROLL,1483,CLEM,Clem,name
CARROLL,1542,HULETT,Hulett,name
CARROLL,1540,FAIRFIELD,Fairfield,name
CARROLL,714A3,BONNER,Bonner,name
CARROLL,714A2,LAKESHORE REC CENTER,Lakeshore Rec Center,name
CARROLL,501,BETHANY,Bethany,name
CARROLL,714A1,WEST CARROLLTON,West Carrollton,name
CARROLL,714A6,TABERNACLE CHURCH,Tabernacle Church,name
CARROLL,714A5,COUNTY ADMIN BLDG,County Admin Bldg,name
CARROLL,1371,BURWELL,Burwell,name
CARROLL,1240,MT ZION,Mt Zion,name
CARROLL,714A4,UNIVERSITY OF W. GA,University of W GA,name
CARROLL,1006,KANSAS,Kansas,name
CARROLL,682,WHITESBURG,Whitesburg,name
CARROLL,1533,TYUS,Tyus,name
CARROLL,642,VILLA RICA CITY,Villa Rica City,name
CARROLL,640,V R COUNTY SOUTH,V R County South,name
CARROLL,641,V R COUNTY NORTH,V R County North,name
CARROLL,1152,CENTER POINT,Center Point,name
CARROLL,1122,SANDHILL,Sandhill,name
CARROLL,650,TEMPLE CITY,Temple City,name
CARROLL,649,TEMPLE COUNTY,Temple County,name
CARROLL,1496,BOWDON JUNCTION,Bowdon Junction,name
CARROLL,714BN,BURSON CENTER,Burson Center,name
PAULDING,0011C,DIANNE WRIGHT INNOVATION CENTER,D Wright Innovation Ctr,unique_name_similarity
PAULDING,0001B,BURNT HICKORY PARK,Burnt Hickory Park,name
PAULDING,0005C,PAULDING SENIOR CENTER,Paulding Sr Center,unique_name_similarity
PAULDING,0010B,POPLAR SPRINGS BAPTIST CHURCH,Poplar Sprgs Bapt Church,unique_name_similarity
PAULDING,0012C,TAYLOR FARM PARK MEETING ROOM,Taylor Farm Park,reviewed_alias
PAULDING,0006B,LEGACY BAPTIST CHURCH,Legacy Bapt Church,unique_name_similarity
PAULDING,0009B,THE EVENTS PLACE,Events Place,unique_name_similarity
PAULDING,0015C,MULBERRY ROCK PARK,Mulberry Rock Park,name
PAULDING,0016C,BEULAHLAND BAPTIST CHURCH,Beulahland Baptist Church,name
PAULDING,0017C,PAULDING COUNTY AIRPORT,Paulding County Airport,name
PAULDING,0007B,WATSON GOVT COMPLEX,Watson Govt Cmplx,unique_name_similarity
PAULDING,0013B,NEBO ELEMENTARY SCHOOL,Nebo Elem School,name
PAULDING,0014B,WHITE OAK PARK,White Oak Park,name
PAULDING,0003C,SHELTON ELEMENTARY SCHOOL,Shelton Elementary,reviewed_alias
PAULDING,0018C,PICKETTS MILL BAPTIST CHURCH,Picketts Mill Baptist Church,name
PAULDING,0004C,RUSSOM ELEMENTARY SCHOOL,Russom Elementary,reviewed_alias
PAULDING,0002C,CROSSROADS LIBRARY,Crossroads Library,name
PAULDING,0019C,DOBBINS MIDDLE SCHOOL,Dobbins Middle School,name
PAULDING,0008C,WEST RIDGE CHURCH,West Ridge Church,name
DOUGLAS,1272,PRAYS MILL GYM,Prays Mill Gym,name
DOUGLAS,736S,CHURCH AT CHAPEL HILL,Church At Chapel Hill,name
DOUGLAS,734,BRIGHT STAR,Bright Star,name
DOUGLAS,735,DORSETT SHOALS,Dorsett Shoals,name
DOUGLAS,1260,DOG RIVER LIBRARY,Dog River Library,name
DOUGLAS,731,BEULAH BAPTIST CHURCH,Beulah Baptist Church,name
DOUGLAS,1273,TURNER,Turner,name
DOUGLAS,1271,EPHESUS BAPTIST CHUR,Ephesus Baptist Church,unique_name_similarity
DOUGLAS,1258,MIRROR LAKE ELEMENTA,Mirror Lake Elementary,unique_name_similarity
DOUGLAS,785,BOUNDARY WATERS,Boundary Waters,name
DOUGLAS,736N,CHAPEL HILL,Chapel Hill,name
DOUGLAS,739,LUTHERAN CHURCH - GS,Lutheran Church-GS,name
DOUGLAS,740,FIRST BAPTIST DOUGLASVILLE,First Baptist Douglasville,name
DOUGLAS,737,CHESTNUT LOG,Chestnut Log,name
DOUGLAS,1276,DEER LICK,Deer Lick,name
DOUGLAS,784,FACTORY SHOALS,Factory Shoals,name
DOUGLAS,1275,LITHIA SPRINGS HIGH SCHOOL,Lithia Springs High School,name
DOUGLAS,1274,FIRST BAPTIST LITHIA SPRINGS,First Baptist Lithia Springs,name
DOUGLAS,1270,ATLANTA WEST PENTECOSTAL,Atlanta West Pentecostal,name
DOUGLAS,1259,WINSTON,Winston,name
DOUGLAS,738,ST JULIANS EPISCOPAL,St Julians Episcopal,name
DOUGLAS,733,ARBOR STATION,Arbor Station,name
DOUGLAS,730,OLD COURTHOUSE,Old Courthouse,name
DOUGLAS,729,GOLDEN METHODIST CH,Golden Methodist Church,unique_name_similarity
DOUGLAS,732,STEWART,Stewart,name
COWETA,04,DRESDEN,Dresden,name
COWETA,08,CEDAR CREEK,Cedar Creek,name
COWETA,22,MADRAS,Madras,name
COWETA,17,CENTRAL,Central,name
COWETA,19,GREENTOP,Greentop,name
COWETA,11,WELCOME,Welcome,name
COWETA,15,SMOKEY ROAD,Smokey Road,name
COWETA,24,WESTSIDE,Westside,name
COWETA,05,NEWNAN,Newnan,name
COWETA,20,EXPO CENTER,Expo Center,name
COWETA,12,PANTHER CREEK,Panther Creek,name
COWETA,02,MORELAND,Moreland,name
COWETA,03,PINE ROAD,Pine Road,name
COWETA,09,GRANTVILLE,Grantville,name
COWETA,27,COWETA CENTRAL LIBRARY,Coweta Central Library,name
COWETA,26,THOMAS CROSSROADS,Thomas Crossroads,name
COWETA,14,TURIN,Turin,name
COWETA,10,HARALSON,Haralson,name
COWETA,01,SENOIA,Senoia,name
COWETA,06,SHARPSBURG,Sharpsburg,name
COWETA,07,FISCHER ROAD,Fischer Road,name
COWETA,23,CANNONGATE,Cannongate,name
COWETA,13,RAYMOND,Raymond,name
COWETA,18,THE NEWNAN CENTRE,Newnan Centre,unique_name_similarity
COWETA,21,WHITE OAK,White Oak,name
COWETA,25,NORTHSIDE,Northside,name
CLAY,1,BLUFFTON,Bluffton,name
CLAY,5,DAYS CROSS ROAD,Days Cross Road,name
CLAY,2,ZETTO,Zetto,name
CLAY,3,COURT HOUSE,Court House,name
CLAY,4,OLD HEAD START,Old Head Start,name
RANDOLPH,131,COLEMAN,Coleman,name
RANDOLPH,334,SHELLMAN,Shellman,name
RANDOLPH,954,SPRINGVALE,Springvale,name
RANDOLPH,718B,CUTHBERT,Cuthbert,name
RANDOLPH,566,BENEVOLENCE,Benevolence,name
RANDOLPH,718A,CUTHBERT/COURTHOUSE,Cuthbert-Courthouse,name
WHITFIELD,VA,VA,VA,name
WHITFIELD,CO,CO,CO,name
WHITFIELD,ES,ES,ES,name
WHITFIELD,FI,FI,FI,name
WHITFIELD,GL,GL,GL,name
WHITFIELD,NI,NI,NI,name
WHITFIELD,5A,5A,5A,name
WHITFIELD,PG,PG,PG,name
WHITFIELD,4A,4A,4A,name
WHITFIELD,3A,3A,3A,name
WHITFIELD,1A,1A,1A,name
WHITFIELD,6A,6A,6A,name
WHITFIELD,TI,TI,TI,name
WHITFIELD,DG,DG,DG,name
WHITFIELD,AN,AN,AN,name
WHITFIELD,MC,MC,MC,name
WHITFIELD,TR,TR,TR,name
WHITFIELD,CA,CA,CA,name
WHITFIELD,WS,WS,WS,name
WHITFIELD,2A,2A,2A,name
WHITFIELD,TH,TH,TH,name
WHITFIELD,LT,LT,LT,name
WHITFIELD,UT,UT,UT,name
SCREVEN,03,NEWINGTON,Newington,name
SCREVEN,11,JACKSON FIRE STATION,Jackson Fire Station,name
SCREVEN,05,ROCKY FORD,Rocky Ford,name
SCREVEN,10,SR CITIZENS CENTER,Sr Citizens Center,name
SCREVEN,07,HILTONIA,Hiltonia,name
SCREVEN,02,HUNTERS,Hunters,name
SCREVEN,06,BAY BRANCH,Bay Branch,name
SCREVEN,08,SCREVEN REC. DEPT.,Screven Rec Dept,name
SCREVEN,04,JENK HILL FIRE STA,Jenk Hill Fire Sta,name
SCREVEN,12,COOPERVILLE FIRE STATION,Cooperville Fire Station,name
SCREVEN,09,GREENHILL CHURCH,Greenhill Church,name
SCREVEN,01,SYLVANIA,Sylvania,name
BURKE,0003,GIRARD,Girard,name
BURKE,0008,MUNNERLYN,Munnerlyn,name
BURKE,0001,ALEXANDER,Alexander,name
BURKE,0004,GOUGH,Gough,name
BURKE,0006,KEYSVILLE,Keysville,name
BURKE,0011,TELFAIR,Telfair,name
BURKE,0009,SARDIS,Sardis,name
BURKE,0015,SOUTH WAYNESBORO,South Waynesboro,name
BURKE,0014,NORTH WAYNESBORO,North Waynesboro,name
BURKE,0005,GREENSCUT,Greenscut,name
BURKE,0012,ST. CLAIR,St Clair,name
BURKE,0016,BLAKENEY,Blakeney,name
BURKE,0002,FOUR POINTS,Four Points,name
BURKE,0007,MIDVILLE,Midville,name
BURKE,0013,VIDETTE,Vidette,name
BURKE,0010,SCOTTS CROSSROADS,Scotts Crossroads,name
CHATTOOGA,1216,DIRTSELLER,Dirtseller,name
CHATTOOGA,961,SEMINOLE,Seminole,name
CHATTOOGA,1083,COLDWATER,Coldwater,name
CHATTOOGA,925,SUMMERVILLE,Summerville,name
CHATTOOGA,968,ALPINE,Alpine,name
CHATTOOGA,C-968X927,CLOUDLAND-TELOGA,Cloudland; Teloga,reviewed_split_alias
CHATTOOGA,1484,LYERLY,Lyerly,name
CHATTOOGA,1382,HAYWOOD,Haywood,name
CHATTOOGA,962,SUBLIGNA,Subligna,name
CHATTOOGA,940,DIRTTOWN,Dirttown,name
CHATTOOGA,P-870,PENNVILLE,Pennville,name
CHATTOOGA,870,TRION,Trion,name
RICHMOND,707,707,707,name
RICHMOND,703,703,703,name
RICHMOND,709,709,709,name
RICHMOND,702,702,702,name
RICHMOND,706,706,706,name
RICHMOND,705,705,705,name
RICHMOND,708,708,708,name
RICHMOND,802,802,802,name
RICHMOND,608,608,608,name
RICHMOND,806,806,806,name
RICHMOND,808,808,808,name
RICHMOND,607,607,607,name
RICHMOND,506,506,506,name
RICHMOND,804H,804H,804H,name
RICHMOND,810,810,810,name
RICHMOND,801,801,801,name
RICHMOND,803,803,803,name
RICHMOND,801B,801B,801B,name
RICHMOND,210,210,210,name
RICHMOND,303,303,303,name
RICHMOND,108,108,108,name
RICHMOND,204,204,204,name
RICHMOND,304,304,304,name
RICHMOND,201,201,201,name
RICHMOND,309,309,309,name
RICHMOND,306,306,306,name
RICHMOND,502,502,502,name
RICHMOND,503,503,503,name
RICHMOND,507,507,507,name
RICHMOND,504,504,504,name
RICHMOND,401,401,401,name
RICHMOND,509,509,509,name
RICHMOND,501,501,501,name
RICHMOND,603,603,603,name
RICHMOND,605,605,605,name
RICHMOND,604,604,604,name
RICHMOND,114,114,114,name
RICHMOND,805,805,805,name
RICHMOND,115,115,115,name
RICHMOND,111,111,111,name
RICHMOND,105,105,105,name
RICHMOND,102,102,102,name
RICHMOND,701,701,701,name
RICHMOND,305,305,305,name
RICHMOND,302,302,302,name
RICHMOND,301,301,301,name
RICHMOND,308,308,308,name
RICHMOND,804,804,804,name
RICHMOND,807,807,807,name
RICHMOND,809,809,809,name
RICHMOND,406,406,406,name
RICHMOND,405,405,405,name
RICHMOND,404,404,404,name
RICHMOND,601,601,601,name
RICHMOND,310,310,310,name
RICHMOND,402,402,402,name
RICHMOND,207,207,207,name
RICHMOND,203,203,203,name
RICHMOND,101,101,101,name
RICHMOND,307,307,307,name
RICHMOND,107,107,107,name
RICHMOND,104,104,104,name
RICHMOND,202,202,202,name
RICHMOND,208,208,208,name
RICHMOND,106,106,106,name
RICHMOND,103,103,103,name
RICHMOND,109,109,109,name
RICHMOND,112,112,112,name
WARREN,1,WARRENTON,Warrenton,name
JEFFERSON,0076,STAPLETON CROSSROADS,Stapleton Crossroads,name
JEFFERSON,1593,AVERA,Avera,name
JEFFERSON,0077,MATTHEWS,Matthews,name
JEFFERSON,0082,LOUISVILLE,Louisville,name
JEFFERSON,0085,BARTOW,Bartow,name
JEFFERSON,0083,WADLEY,Wadley,name
JEFFERSON,1460,STAPLETON,Stapleton,name
JEFFERSON,0081,WRENS,Wrens,name
HANCOCK,2A,COURTHOUSE,Courthouse,name
HANCOCK,3A,MAYFIELD COMMUNITY CENTER,Mayfield Community Center,name
HANCOCK,4A,YOUTH CENTER,Youth Center,name
HANCOCK,3B,POWER OF GOD,Power of God,name
HANCOCK,4C,SPARTA 4C,Sparta 4C,name
HANCOCK,4B,SECOND DARRIEN,Second Darrien,name
HANCOCK,2B,SECOND BEULAH,Second Beulah,name
HANCOCK,1B,ST. MARK,St Mark,name
HANCOCK,1A,DEVEREUX FIRE STATION,Devereux Fire Station,name
HANCOCK,3C,WARREN CHAPEL,Warren Chapel,name
TWIGGS,HV,HIGGSVILLE,Higgsville,name
TWIGGS,DB,DRY BRANCH,Dry Branch,name
TWIGGS,JV/W,JEFFERSONVILLE/WARE,Jeffersonville/Ware,name
TWIGGS,SG/T,SHADY GROVE/TARVERS,Shady Grove/Tarvers,name
TWIGGS,GI,GOLDEN ISLES,Golden Isles,name
JONES,5,POPE,Pope,name
JONES,4,DAVIDSON,Davidson,name
JONES,9,FINNEY,Finney,name
JONES,6,BARRON,Barron,name
JONES,8,SANDERS,Sanders,name
JONES,3,ROBERTS,Roberts,name
JONES,2,CLINTON,Clinton,name
JONES,1,GRAY,Gray,name
JONES,11,ETHRIDGE,Ethridge,name
JONES,10,HAWKINS,Hawkins,name
JASPER,296,MARTIN - BURNEY,Martin-Burney,name
JASPER,290,WYATT,Wyatt,name
JASPER,295,MONTICELLO,Monticello,name
DOOLY,2,BYROMVILLE,Byromville,name
DOOLY,7,VIENNA,Vienna,name
DOOLY,8,PINEHURST,Pinehurst,name
DOOLY,10,LILLY,Lilly,name
DOOLY,5,UNADILLA,Unadilla,name
MACON,2,OGLETHORPE,Oglethorpe,name
MACON,5,MONTEZUMA #5,Montezuma #5,name
MACON,3,MARSHALLVILLE,Marshallville,name
MACON,4,MONTEZUMA #4,Montezuma #4,name
MACON,1,IDEAL,Ideal,name
PEACH,F2,FORT VALLEY #2,Fort Valley 2,name
PEACH,P1,POWERSVILLE,Powersville,name
PEACH,B1,BYRON #1,Byron 1,name
PEACH,F3,FORT VALLEY #3,Fort Valley 3,name
PEACH,F1,FORT VALLEY #1,Fort Valley 1,name
PEACH,C1,CLAUDE,Claude,name
PEACH,B2,BYRON #2,Byron 2,name
CRAWFORD,5,DISTRICT 5,District 5,name
CRAWFORD,1A,DISTRICT 1A,District 1A,name
CRAWFORD,3,DISTRICT 3,District 3,name
CRAWFORD,4,DISTRICT 4,District 4,name
CRAWFORD,2,DISTRICT 2,District 2,name
CRAWFORD,1B,DISTRICT 1B,District 1B,name
HOUSTON,HAFS,HAFS,HAFS,name
HOUSTON,CENT,CENT,CENT,name
HOUSTON,CGTC,CGTC,CGTC,name
HOUSTON,MCMS,MCMS,MCMS,name
HOUSTON,TMS,TMS,TMS,name
HOUSTON,BMS,BMS,BMS,name
HOUSTON,VHS,VHS,VHS,name
HOUSTON,ROZR,ROZR,ROZR,name
HOUSTON,HEFS,HEFS,HEFS,name
HOUSTON,RECR,RECR,RECR,name
HOUSTON,NSES,NSES,NSES,name
HOUSTON,HHPC,HHPC,HHPC,name
HOUSTON,TWPK,TWPK,TWPK,name
HOUSTON,FMMS,FMMS,FMMS,name
HOUSTON,ANNX,ANNX,ANNX,name
HOUSTON,HCTC,HCTC,HCTC,name
TIFT,08,TY TY,Ty Ty,name
TIFT,04,CHULA,Chula,name
TIFT,09,TIFTON NORTHWEST,Tifton Northwest,name
TIFT,01,TIFTON NORTHEAST,Tifton Northeast,name
TIFT,12,TIFTON LODGE,Tifton Lodge,name
TIFT,07,OMEGA,Omega,name
TIFT,05,DOCIA,Docia,name
TIFT,10,TIFTON SOUTH,Tifton South,name
TIFT,11,MOTT-LITMAN GYM,Mott-Litman Gym,name
TIFT,06,ELDORADO,Eldorado,name
TIFT,03,BROOKFIELD,Brookfield,name
TIFT,02,BRIGHTON,Brighton,name
WORTH,9,WARWICK,Warwick,name
WORTH,15,ISABELLA,Isabella,name
WORTH,7,DOLES,Doles,name
WORTH,4,SUMNER,Sumner,name
WORTH,1,SYLVESTER,Sylvester,name
WORTH,11,MINTON,Minton,name
WORTH,10,SCOOTERVILLE,Scooterville,name
WORTH,8,OAKFIELD,Oakfield,name
WORTH,12,BRIDGEBORO,Bridgeboro,name
WORTH,14,COUNTY LINE,County Line,name
WORTH,16,PINEY WOODS,Piney Woods,name
WORTH,6,RED ROCK,Red Rock,name
WORTH,3,POULAN,Poulan,name
WORTH,2,SYLVESTER EAST,Sylvester East,name
WORTH,5,SHINGLER,Shingler,name
CRISP,JAMES,JAMESTOWN,Jamestown,name
CRISP,CORDE,CORDELE,Cordele,name
CRISP,CONEY,CONEY,Coney,name
CRISP,ARABI,ARABI,Arabi,name
CRISP,LISTO,LISTONIA,Listonia,name
BRANTLEY,3,WAYNESVILLE,Waynesville,name
BRANTLEY,2,NAHUNTA,Nahunta,name
BRANTLEY,1,HOBOKEN,Hoboken,name
COLQUITT,0019,NORMAN PARK,Norman Park,name
COLQUITT,0009,CROSLAND,Crosland,name
COLQUITT,0011,FUNSTON,Funston,name
COLQUITT,0016,MILLCREEK,Millcreek,name
COLQUITT,0001,SHAW,Shaw,name
COLQUITT,0017,MONK,Monk,name
COLQUITT,0008,BRIDGECREEK,Bridgecreek,name
COLQUITT,0018,MURPHY,Murphy,name
COLQUITT,0013,HARTSFIELD,Hartsfield,name
COLQUITT,0021,THIGPEN,Thigpen,name
COLQUITT,0010,DOERUN,Doerun,name
COLQUITT,0012,HAMILTON,Hamilton,name
COLQUITT,0023,WARRIOR,Warrior,name
COLQUITT,0022,TYTY,Tyty,name
COLQUITT,0014,HOPEWELL,Hopewell,name
COLQUITT,0020,ROBINSON,Robinson,name
COLQUITT,0015,LEE,Lee,name
COLQUITT,0007,AUTREYVILLE,Autreyville,name
COLQUITT,0002,MOULTRIE,Moultrie,name
BROOKS,1650,BRIGGS,Briggs,name
BROOKS,1402,DIXIE,Dixie,name
BROOKS,1230,BARWICK,Barwick,name
BROOKS,659,NANKIN,Nankin,name
BROOKS,1199,QUITMAN,Quitman,name
BROOKS,660,MORVEN,Morven,name
BROOKS,1712,PAVO,Pavo,name
THOMAS,104,COOLIDGE,Coolidge,name
THOMAS,117,PAVO,Pavo,name
THOMAS,102,BOSTON,Boston,name
THOMAS,101,BARWICK,Barwick,name
THOMAS,116,PATTEN,Patten,name
THOMAS,106,LITTLE OCHLOCKNEE BAPTIST,LIttle Ochlocknee Baptist Church,unique_name_similarity
THOMAS,112,MERRILVILLE,Merrillville,unique_name_similarity
THOMAS,108,GATLIN CREEK,Gatlin Creek,name
THOMAS,103,CENTRAL,Central,name
THOMAS,113,METCALFE,Metcalfe,name
THOMAS,107,FIRE STATION #2,Fire Station #2,name
THOMAS,109,HARPER,Harper,name
THOMAS,120,TC PUBLIC LIBRARY/SCOTT,,unmatched
THOMAS,118,REMINGTON ESC,Remington Esc,name
THOMAS,114,NEW COVENANT,New Covenant,name
THOMAS,115,OCHLOCKNEE,Ochlocknee,name
THOMAS,111,MEIGS,Meigs,name
THOMAS,105,DOUGLASS,Douglass,name
THOMAS,119,RESOURCE CENTER,Resource Center,name
THOMAS,110,TC PUBLIC LIBRARY/JERGER,,unmatched
BIBB,WA1,WARRIOR 1,Warrior 1,name
BIBB,HA4,HAZZARD 4,Hazzard 4,name
BIBB,HA2,HAZZARD 2,Hazzard 2,name
BIBB,HO2,HOWARD 2,Howard 2,name
BIBB,HO5,HOWARD 5,Howard 5,name
BIBB,GF1,GODFREY 1,Godfrey 1,name
BIBB,GF3,GODFREY 3,Godfrey 3,name
BIBB,GF4,GODFREY 4,Godfrey 4,name
BIBB,GF2,GODFREY 2,Godfrey 2,name
BIBB,EM1,EAST MACON 1,East Macon 1,name
BIBB,EM2,EAST MACON 2,East Macon 2,name
BIBB,EM4,EAST MACON 4,East Macon 4,name
BIBB,EM5,EAST MACON 5,East Macon 5,name
BIBB,HA3,HAZZARD 3,Hazzard 3,name
BIBB,GF5,GODFREY 5,Godfrey 5,name
BIBB,HA1,HAZZARD 1,Hazzard 1,name
BIBB,HO1,HOWARD 1,Howard 1,name
BIBB,WA2,WARRIOR 2,Warrior 2,name
BIBB,RU1,RUTLAND 1,Rutland 1,name
BIBB,RU2,RUTLAND 2,Rutland 2,name
BIBB,VV2,VINEVILLE 2,Vineville 2,name
BIBB,VV1,VINEVILLE 1,Vineville 1,name
BIBB,EM3,EAST MACON 3,East Macon 3,name
BIBB,HO3,HOWARD 3,Howard 3,name
BIBB,VV3,VINEVILLE 3,Vineville 3,name
BIBB,VV6,VINEVILLE 6,Vineville 6,name
BIBB,VV5,VINEVILLE 5,Vineville 5,name
BIBB,HO4,HOWARD 4,Howard 4,name
BIBB,VV4,VINEVILLE 4,Vineville 4,name
BIBB,HO7,HOWARD 7,Howard 7,name
BIBB,HO6,HOWARD 6,Howard 6,name
MONROE,03,BURGAYS,Burgays,name
MONROE,01,BENTONS,Bentons,name
MONROE,07,DILLARDS,Dillards,name
MONROE,04,CABANISS,Cabaniss,name
MONROE,09,FORSYTH,Forsyth,name
MONROE,02,BRANTLEYS,Brantleys,name
MONROE,06,CULLODEN,Culloden,name
MONROE,14,RUSSELLVILLE,Russellville,name
MONROE,11,KELSEYS,Kelseys,name
MONROE,05,COX,Cox,name
MONROE,08,EVERS,Evers,name
MONROE,10,HIGH FALLS,High Falls,name
MONROE,13,PROCTORS,Proctors,name
MONROE,12,MIDDLEBROOKS,Middlebrooks,name
LEE,4,#4 LEESBURG,Leesburg,unique_name_similarity
LEE,1,#1 CHOKEE,Chokee,unique_name_similarity
LEE,10,#10 REDBONE,Redbone,unique_name_similarity
LEE,8,#8 FLINT REFORMED BAPTIST,Flint Reformed Baptist,unique_name_similarity
LEE,3,#3 CJC,CJC,single_remainder
LEE,2,#2 SMITHVILLE,Smithville,unique_name_similarity
LEE,9,#9 CENTURY FIRE STAT,Century Fire Station,unique_name_similarity
LEE,6,#6 FIRST BAPTIST,First Baptist,unique_name_similarity
LEE,7,#7 SDA CHURCH,SDA Church,unique_name_similarity
LEE,5,#5 FRIENDSHIP BAPT.,Friendship Baptist,unique_name_similarity
SUMTER,15,LESLIE,Leslie,name
SUMTER,29,ANDERSONVILLE,Andersonville,name
SUMTER,28,BROWNS MILL,Browns Mill,name
SUMTER,O-26,PLAINS,Plains,name
SUMTER,N-26,CONCORD,Concord,name
SUMTER,W-27,AG CENTER,Agri-Center,unique_name_similarity
SUMTER,17,THOMSON,Thompson,unique_name_similarity
SUMTER,E-27,AIRPORT,Airport,name
SUMTER,C1-27,REES PARK,Reese Park,unique_name_similarity
SUMTER,C2-27,GSW CONF CENTER,GSW Conf Center,name
SUMTER,C3-27,REC DEPT,Rec Dept,name
BUTTS,BCAB,BUTTS COUNTY ADMIN BLDG,Butts County Admin Bldg,name
PIKE,7,WILLIAMSON,Williamson,name
PIKE,8,ZEBULON,Zebulon,name
PIKE,3,MEANSVILLE,Meansville,name
PIKE,4,MOLENA,Molena,name
PIKE,1,CONCORD,Concord,name
PIKE,2,HOLLONVILLE,Hollonville,name
PIKE,5,SECOND DISTRICT,Second District,name
PIKE,6,LIFSEY SPRINGS,Lifsey Springs,name
LAMAR,1712C,REDBONE,Redbone,name
LAMAR,1713,L C S C,L C S C,name
LAMAR,1712B,SENIOR CITIZEN BLDG,Senior Citizen Bldg,name
LAMAR,1712A,CHAPPELL MILL V. FD,Chappell Mill V FD,name
LAMAR,1714,MILNER,Milner,name
LAMAR,1711,BARNESVILLE,Barnesville,name
MITCHELL,LS,LESTER,Lester,name
MITCHELL,CT,COTTON,Cotton,name
MITCHELL,HI,HINSONTON,Hinsonton,name
MITCHELL,PC,PEBBLE CITY,Pebble City,name
MITCHELL,SC,SALE CITY,Sale City,name
MITCHELL,BV,BRANCHVILLE,Branchville,name
MITCHELL,HF,HOPEFUL,Hopeful,name
MITCHELL,PE,PELHAM,Pelham,name
MITCHELL,CN,CAMILLA NORTH,Camilla North,name
MITCHELL,CS,CAMILLA SOUTH,Camilla South,name
MITCHELL,BA,BACONTON,Baconton,name
GRADY,SH,SPRING HILL,Spring Hill,name
GRADY,L,LIMESINK,Limesink,name
GRADY,B,BLOWING CAVE,Blowing Cave,name
GRADY,S,SPENCE,Spence,name
GRADY,M,MIDWAY,Midway,name
GRADY,C05,CAIRO 5TH DISTR,,unmatched
GRADY,WL,WOODLAND,Woodland,name
GRADY,P,PINE PARK,Pine Park,name
GRADY,H,HIGDON,Higdon,name
GRADY,W,WHIGHAM,Whigham,name
GRADY,R,RAGAN,Ragan,name
GRADY,D,DUNCANVILLE,Duncanville,name
GRADY,C04,CAIRO 4TH DISTR,,unmatched
DOUGHERTY,22,PHOEBE EAST,Phoebe East,name
DOUGHERTY,20,PUTNEY 1ST BAPT CHUR,Putney 1st Baptist Church,unique_name_similarity
DOUGHERTY,21,INTERNATIONAL STUDIE,International Studies,unique_name_similarity
DOUGHERTY,24,ALBANY MIDDLE SCHOOL,Albany Middle School,name
DOUGHERTY,25,CHRIST CHURCH,Christ Church,name
DOUGHERTY,09,2ND MT ZION CHURCH,2nd Mt Zion Church,name
DOUGHERTY,26,LAMAR REESE ELEM SCH,Lamar Reese Elementary,unique_name_similarity
DOUGHERTY,11,ALICE COACHMAN ELEM,Alice Coachman Elementary,name
DOUGHERTY,14,LITMAN CATHEDRAL,Litman Cathedral,name
DOUGHERTY,10,MT ZION CENTER,Mt Zion Center,name
DOUGHERTY,12,CARVER TEEN CENTER,Carver Teen Center,name
DOUGHERTY,13,SHILOH BAPTIST CHURC,Shiloh Baptist Church,unique_name_similarity
DOUGHERTY,23,PINE BLUFF BAPT CHUR,Pine Bluff Baptist Church,unique_name_similarity
DOUGHERTY,03,COVENANT CHURCH,Covenant Church,name
DOUGHERTY,08,WESTTOWN ELEM SCHOOL,,unmatched
DOUGHERTY,07,DARTON COLLEGE,Darton College,name
DOUGHERTY,19,RADIUM MIDDLE SCHOOL,Radium Middle School,name
DOUGHERTY,18,BILL MILLER CENTER,Bill Miller Center,name
DOUGHERTY,28,LOVETT HALL,Lovett Hall,name
DOUGHERTY,17,JACKSON HEIGHTS ELEM,Jackson Heights Elementary,name
DOUGHERTY,01,PALMYRA METH CHURCH,,unmatched
DOUGHERTY,16,TURNER ELEM SCHOOL,,unmatched
DOUGHERTY,15,PHOEBE HEALTHWORKS,Phoebe Healthworks,name
DOUGHERTY,04,GREENBRIAR CHURCH,Greenbriar Church,name
DOUGHERTY,05,WESTOVER HIGH SCHOOL,Westover High School,name
DOUGHERTY,27,1ST CHRISTIAN CHURCH,1st Christian Church,name
DOUGHERTY,02,SHERWOOD ELEM SCHOOL,,unmatched
DOUGHERTY,06,MERRY ACRES MIDDLE,Merry Acres Middle,name
MARION,955,FORT PERRY,Fort Perry,name
MARION,808,TAZEWELL,Tazewell,name
MARION,948,BRANTLEY,Brantley,name
MARION,339,PINEKNOT,Pineknot,name
MARION,807,BUENA VISTA,Buena Vista,name
SEMINOLE,2,PRECINCT 2,Precinct 2,name
SEMINOLE,1,PRECINCT 1,Precinct 1,name
SEMINOLE,5,PRECINCT 5,Precinct 5,name
SEMINOLE,3,PRECINCT 3,Precinct 3,name
SEMINOLE,4,PRECINCT 4,Precinct 4,name
EARLY,CS,CEDAR SPRINGS,Cedar Springs,name
EARLY,U,URQUHART,Urquhart,name
EARLY,CUBA,CUBA,Cuba,name
EARLY,B,BLAKELY,Blakely,name
EARLY,A,ARLINGTON,Arlington,name
CALHOUN,1,LEARY,Leary,name
CALHOUN,2,MORGAN,Morgan,name
CALHOUN,4,EDISON-ARLINGTON,Edison-Arlington,name
CALHOUN,3,EDISON,Edison,name
CALHOUN,5,ARLINGTON,Arlington,name
TERRELL,06,HEROD-DOVER,Herod-Dover,name
TERRELL,05,GRAVES,Graves,name
TERRELL,03,BRONWOOD,Bronwood,name
TERRELL,01,DAWSON,Dawson,name
TERRELL,04,PARROTT,Parrott,name
TERRELL,02,SASSER,Sasser,name
DECATUR,1325,RECOVERY,Recovery,name
DECATUR,1342,KENDRICK,Kendrick,name
DECATUR,514,BDGE-FAIRGROUNDS,BDGE-Fairgrounds,name
DECATUR,1277,MT. PLEASANT,Mt Pleasant,name
DECATUR,1805,WEST BAINBRIDGE,West Bainbridge,name
DECATUR,1613,BRINSON,Brinson,name
DECATUR,513,BAINBRIDGE-COLISEUM,Bainbridge-Coliseum,name
DECATUR,694,ATTAPULGUS,Attapulgus,name
DECATUR,1361,CLIMAX,Climax,name
MILLER,1,COLQUITT-MILLER,Colquitt-Miller,name
BAKER,A,ANNA,Anna,name
BAKER,M,MILFORD,Milford,name
BAKER,H,HOGGARDS MILL,Hoggards Mill,name
BAKER,E,ELMODEL,Elmodel,name
BAKER,N,NEWTON,Newton,name
MUSCOGEE,110,CUSSETA RD,Cusseta Rd,name
MUSCOGEE,101,WYNNTON/BRITT,Wynnton/Britt,name
MUSCOGEE,102,CARVER/MACK,Carver/Mack,name
MUSCOGEE,118,ST PAUL/CLUBVIEW,St Paul/Clubview,name
MUSCOGEE,105,ST. PETER,St Peter,name
MUSCOGEE,108,ST MARK/HEIFERHORN,St Mark/Heiferhorn,name
MUSCOGEE,106,CORNERSTONE,Cornerstone,name
MUSCOGEE,113,MT PILGRIM,Mt Pilgrim,name
MUSCOGEE,103,ST JOHN/BELVEDERE,St John/Belvedere,name
MUSCOGEE,126,EDGEWOOD BAPTIST,Edgewood Baptist,name
MUSCOGEE,116,HOLSEY/BUENA VISTA,Holsey/Buena Vista,name
MUSCOGEE,124,EPWORTH UMC,Epworth UMC,name
MUSCOGEE,109,WYNNBROOK,Wynnbrook,name
MUSCOGEE,107,COLUMBUS TECH,Columbus Tech,name
MUSCOGEE,104,BRITT DAVID,Britt David,name
MUSCOGEE,112,OUR LADY OF LOURDES,Our Lady of Lourdes,name
MUSCOGEE,122,FIRST AFRICAN,First African,name
MUSCOGEE,125,MARIANNA GALLOPS,Marianna Gallops,name
MUSCOGEE,114,FAITH TABERNACLE,Faith Tabernacle,name
MUSCOGEE,117,GENTIAN/REESE @LDS,Gentian/Reese,unique_name_similarity
MUSCOGEE,119,MOON/MORNINGSIDE,Moon/Morningside,name
MUSCOGEE,115,CANAAN,Canaan,name
MUSCOGEE,120,ST ANDREWS/MIDLAND,St Andrews/Midland,name
MUSCOGEE,121,SALVATION ARMY,Salvation Army,name
MUSCOGEE,127,PSALMOND/MATHEWS,Psalmond/Mathews,name
TAYLOR,5,PRECINCT 5,Precinct 5,name
TAYLOR,1,PRECINCT 1,Precinct 1,name
TAYLOR,6,PRECINCT 6,Precinct 6,name
HARRIS,U9,UPPER 19TH,Upper 19th,name
HARRIS,L9,LOWER 19TH,Lower 19th,name
HARRIS,MG,MULBERRY GROVE,Mulberry Grove,name
HARRIS,SK,SKINNER,Skinner,name
HARRIS,WH,WHITESVILLE,Whitesville,name
HARRIS,GM,GOODMAN,Goodman,name
HARRIS,PV,PINE MOUNTAIN VALLEY,Pine Mountain Valley,name
HARRIS,VP,VALLEY PLAINS,Valley Plains,name
HARRIS,CA,CATAULA,Cataula,name
HARRIS,HA,HAMILTON,Hamilton,name
HARRIS,EL,ELLERSLIE,Ellerslie,name
HARRIS,WA,WAVERLY HALL,Waverly Hall,name
MERIWETHER,07,LUTHERSVILLE,Luthersville,name
MERIWETHER,06,LONE OAK,Lone Oak,name
MERIWETHER,05,8TH-GREENVILLE,Greenville,unique_name_similarity
MERIWETHER,04,7TH-ODESSADALE,Odessadale,unique_name_similarity
MERIWETHER,14,COVE,Cove,name
MERIWETHER,10,LOWER 9TH-WOODBURY,,unmatched
MERIWETHER,09,MIDDLE 9TH-GAY,,unmatched
MERIWETHER,08,UPPER 9TH -ALVATON,,unmatched
MERIWETHER,02,GILL I,Gill I,name
MERIWETHER,03,GILL II,Gill II,name
MERIWETHER,01,CHALYBEATE,Chalybeate,name
MERIWETHER,13,RALEIGH,Raleigh,name
MERIWETHER,11,2ND-WARM SPRINGS,Warm Springs,unique_name_similarity
MERIWETHER,12,THIRD-DURAND,,unmatched
QUITMAN,G,GEORGETOWN,Georgetown,name
QUITMAN,M,MORRIS,Morris,name
STEWART,06,OMAHA,Omaha,name
STEWART,05,LUMPKIN,Lumpkin,name
STEWART,04,LOUVALE,Louvale,name
STEWART,02,RICHLAND,Richland,name
CHATTAHOOCHEE,1,ACTIVITY CENTER,Activity Center,name
UPSON,0589,SALEM,Salem,name
UPSON,0588,YATESVILLE,Yatesville,name
UPSON,5610,TOWN,Town,name
UPSON,1610,REDBONE,Redbone,name
WEBSTER,P1,PRESTON 1,Preston 1,name
SCHLEY,01,PRECINCT ONE,Precinct One,name
TALBOT,02,VALLEY,Valley,name
TALBOT,01,ONEAL,ONeal,name
TALBOT,05,TALBOTTON,Talbotton,name
TALBOT,03,JUNCTION CITY,Junction City,name
TALBOT,08,FLINT HILL,Flint Hill,name
TALBOT,06,BOX SPRINGS,Box Springs,name
TALBOT,04,GENEVA,Geneva,name
JENKINS,1,PRIMARY SCHOOL,Primary School,name
JENKINS,2,COURT HOUSE,Court House,name
JENKINS,4,SENIOR CITIZENS CENTER,Senior Citizens Center,name
JENKINS,3,PERKINS,Perkins,name
JENKINS,5,FOUR POINTS,Four Points,name
CHARLTON,5F,FOLKSTON FIRE,Folkston Fire,name
CHARLTON,5W,WINOKUR,Winokur,name
CHARLTON,3B,GA BEND,GA Bend,name
CHARLTON,5R,RACEPOND,Racepond,name
CHARLTON,3S,ST. GEORGE,St George,name
CHARLTON,4A,AMERICAN LEGION,American Legion,name
CHARLTON,4H,HOMELAND,Homeland,name
CHARLTON,2,FOLKSTON,Folkston,name
CAMDEN,04,BROWNTOWN,Browntown,name
CAMDEN,01,TARBORO,Tarboro,name
CAMDEN,03,WOODBINE,Woodbine,name
CAMDEN,14,WEST SAINT MARYS,West St Marys,unique_name_similarity
CAMDEN,11,ST. MARYS,St Marys,name
CAMDEN,05,HARRIETTS BLUFF,Harrietts Bluff,name
CAMDEN,10,NORTH ST MARYS,North St Marys,name
CAMDEN,12,SOUTH ST MARYS,South St Marys,name
CAMDEN,09,EAST KINGSLAND,East Kingsland,name
CAMDEN,13,MUSH BLUFF,Mush Bluff,name
CAMDEN,06,WEST KINGSLAND,West Kingsland,name
CAMDEN,08,KINGSLAND,Kingsland,name
CAMDEN,07,NORTH KINGSLAND,North Kingsland,name
CAMDEN,02,WAVERLY,Waverly,name
WARE,409,409,409,name
WARE,404,404,404,name
WARE,405,405,405,name
WARE,400,400,400,name
WARE,200B,200B,200B,name
WARE,407,407,407,name
WARE,304,EMERSON PARK BAPTIST CHURCH,304,code
WARE,100,100,100,name
WARE,408,408,408,name
WARE,300,300,300,name
WARE,406,406,406,name
WARE,200A,200A,200A,name
BULLOCH,2,BLITCH,Blitch,name
BULLOCH,9,REGISTER,Register,name
BULLOCH,11,STATESBORO,Statesboro,name
BULLOCH,8,SINKHOLE,Sinkhole,name
BULLOCH,12,PORTAL,Portal,name
BULLOCH,1,LOCKHART,Lockhart,name
BULLOCH,10,EMIT,Emit,name
BULLOCH,4,BROOKLET,Brooklet,name
BULLOCH,13,FAIR,Fair,name
BULLOCH,7,NEVILS,Nevils,name
BULLOCH,15,PITTMAN PARK,Pittman Park,name
BULLOCH,14,CHURCH,Church,name
BULLOCH,3,HAGIN,Hagin,name
BULLOCH,5,STILSON,Stilson,name
BULLOCH,16,LEEFIELD,Leefield,name
BULLOCH,6,BAY,Bay,name
COFFEE,2,AMBROSE,Ambrose,name
COFFEE,1,DOUGLAS,Douglas,name
COFFEE,3,BRIDGETOWN,Bridgetown,name
COFFEE,6,WEST GREEN,West Green,name
COFFEE,5,NICHOLLS,Nicholls,name
COFFEE,4,BROXTON,Broxton,name
PIERCE,4A,PATTERSON,Patterson,name
PIERCE,4B,MERSHON,Mershon,name
PIERCE,0001,HACKLEBARNEY/CASON,Hacklebarney-Cason,name
PIERCE,4D,SUNSET/SWEAT,Sunset-Sweat,name
PIERCE,0002,BLACKSHEAR,Blackshear,name
PIERCE,3A,ST JOHNS/BLACKSHEAR,St Johns-Blackshear,name
PIERCE,4C,ALABAHA,Alabaha,name
PIERCE,3B,OTTER CREEK,Otter Creek,name
EVANS,11,VETERANS COMM CTR,Veterans Community Center,name
TURNER,2,SYCAMORE,Sycamore,name
TURNER,1,ASHBURN,Ashburn,name
TURNER,3,REBECCA,Rebecca,name
TATTNALL,7,EAST GLENNVILLE,East Glennville,name
TATTNALL,1,COBBTOWN,Cobbtown,name
TATTNALL,9,DISTRICT V,District V,name
TATTNALL,10,SHILOH,Shiloh,name
TATTNALL,8,DISTRICT IV,District IV,name
TATTNALL,4,MANASSAS,Manassas,name
TATTNALL,5,DISTRICT II,District II,name
TATTNALL,3,COLLINS,Collins,name
LONG,1,BEARDS CREEK,Beards Creek,name
LONG,6,ALMA FLOURNOY,Alma Flournoy,name
LONG,7,FAITH BAPTIST ANNEX,Faith Baptist Annex,name
LONG,5,TIBET,Tibet,name
LONG,2,RYE PATCH/OAK DALE,Rye Patch/Oak Dale,name
LONG,4,NORTH LUDOWICI,North Ludowici,name
LONG,3,SOUTH LUDOWICI,South Ludowici,name
TOOMBS,39,39 NEWBRANCH,39 Newbranch,name
TOOMBS,514,514 S.T.I.A.L.C.,514 STIALC,name
TOOMBS,43,43 CEDAR CROSSING,43 Cedar Crossing,name
TOOMBS,15361,15361 LYONS,15361 Lyons,name
TOOMBS,513,513 V.P.D.,513 VPD,name
WAYNE,1B,MADRAY SPRINGS,Madray Springs,name
WAYNE,5A,UNITY,Unity,name
WAYNE,4A,VFW,VFW,name
WAYNE,3A,ALTAMAHA,Altamaha,name
WAYNE,2A,SCREVEN,Screven,name
WAYNE,2C,EMPIRE,Empire,name
WAYNE,2D,RED HILL,Red Hill,name
WAYNE,3B,GARDI,Gardi,name
WAYNE,1A,ODUM,Odum,name
WAYNE,1C,OGLETHORPE,Oglethorpe,name
WAYNE,5B,REC CENTER,Rec Center,name
WAYNE,4B,PINE STREET,Pine Street,name
GLYNN,1713,STERLING ELEMENTARY,Sterling Elementary,name
GLYNN,3733,CAREER ACADEMY,Career Academy,name
GLYNN,2713,CHRISTIAN RENEWAL,Christian Renewal,name
GLYNN,2923,HAMPTON RIVER,Hampton River,name
GLYNN,4933,THE CHAPEL,The Chapel,name
GLYNN,2953,JEKYLL ISLAND,Jekyll Island,name
GLYNN,2943,FIRST BAPTIST,First Baptist,name
GLYNN,2933,ST WILLIAM CHURCH,,unmatched
GLYNN,4913,BALLARD,Ballard,name
GLYNN,3723,SE BAPTIST BLDG,SE Baptist Bldg,name
GLYNN,3713,STERLING CH. OF GOD,Sterling Church of God,unique_name_similarity
GLYNN,3743,C B GREER SCHOOL,C B Greer School,name
GLYNN,4923,NORTHSIDE CHURCH,,unmatched
GLYNN,1923,BROOKMAN,Brookman,name
GLYNN,1933,SATILLA MARSHES,Satilla Marshes,name
GLYNN,5933,URBANA-PERRY PARKS,Urbana-Perry Parks,name
GLYNN,5913,COLLEGE PLACE,College Place UMC,unique_name_similarity
GLYNN,1943,BLYTHE ISLAND BAPTIST CHURCH,Blythe Island Baptist,unique_name_similarity
GLYNN,5943,SELDEN PARK,Selden Park,name
GLYNN,5923,HOWARD COFFIN PARK,Howard Coffin Park,name
APPLING,4B,4B,4B,name
APPLING,3A1,3A1,3A1,name
APPLING,5A,5A,5A,name
APPLING,1C,1C,1C,name
APPLING,1B,1B,1B,name
APPLING,2,2,2,name
APPLING,3C,3C,3C,name
APPLING,4D,4D,4D,name
APPLING,5B,5B,5B,name
MCINTOSH,271,NORTH DARIEN,North Darien,name
MCINTOSH,1312,SAPELO ISLAND,Sapelo Island,name
MCINTOSH,1771,DARIEN,Darien,name
MCINTOSH,1515,CRESCENT,Crescent,name
MCINTOSH,22,SOUTH NEWPORT,South Newport,name
MCINTOSH,1480,TOWNSEND,Townsend,name
BERRIEN,1144,RAY CITY,Ray City,name
BERRIEN,11062,WEST BERRIEN,West Berrien,name
BERRIEN,1642,ENIGMA,Enigma,name
BERRIEN,1157,NASHVILLE,Nashville,name
BERRIEN,518,ALAPAHA,Alapaha,name
LOWNDES,012,NORTHGATE ASSEMBLY,Northgate Assembly,name
LOWNDES,007,CLYATTVILLE,Clyattville,name
LOWNDES,009,S LOWNDES,S Lowndes,name
LOWNDES,008,DASHER,Dasher,name
LOWNDES,004,NAYLOR,Naylor,name
LOWNDES,001,HAHIRA TRAIN DEPOT,Hahira Train Depot,name
LOWNDES,006,MILDRED,Mildred,name
LOWNDES,013,MT CALVARY,Mt Calvary,name
LOWNDES,011,JAYCEE SHACK,Jaycee Shack,name
LOWNDES,002,TRINITY,Trinity,name
LOWNDES,005,RAINWATER,Rainwater,name
LOWNDES,003,NORTHSIDE,Northside,name
LOWNDES,010,VSU UC # 2,VSU UC # 2,name
COOK,L,LENOX,Lenox,name
COOK,M,MASSEE,Massee,name
COOK,NL,NEW LIFE BAPTIST CH.,New Life Baptist Church,unique_name_similarity
COOK,C,CECIL,Cecil,name
COOK,DB,DELLE BEAMGUARD,Delle Beamguard,name
COOK,RB,RIVERBEND,Riverbend,name
COOK,EP,ELM PINE,Elm Pine,name
COOK,S,SPARKS,Sparks,name
BACON,DOUGL,DOUGLAS,Douglas,name
ATKINSON,0003,WILLACOOCHEE,Willacoochee,name
ATKINSON,0001,PEARSON COUNTY,Pearson County,name
ATKINSON,0004,PEARSON CITY,Pearson City,name
ATKINSON,0002,AXSON,Axson,name
JEFF DAVIS,402,WHITEHEAD 2,Whitehead 2,name
JEFF DAVIS,502,OCMULGEE 2,Ocmulgee 2,name
JEFF DAVIS,302,BLACKBURN 2,Blackburn 2,name
JEFF DAVIS,301,BLACKBURN 1,Blackburn 1,name
JEFF DAVIS,201,ALTAMAHA 1,Altamaha 1,name
JEFF DAVIS,100,HAZLEHURST,Hazlehurst,name
JEFF DAVIS,202,ALTAMAHA 2,Altamaha 2,name
JEFF DAVIS,401,WHITEHEAD 1,Whitehead 1,name
JEFF DAVIS,501,OCMULGEE 1,Ocmulgee 1,name
BRYAN,9,PUBLIC SAFETY COMPX,Public Safety Complex,unique_name_similarity
BRYAN,5,RH RECREATION COMPX,RH Rec Complex,single_remainder
BRYAN,6,J.F.GREGORY PARK,JF Gregory Park,name
BRYAN,3,BLACK CREEK,Black Creek,name
BRYAN,8,HWY 144 EAST,Hwy 144 East,name
BRYAN,7,KELLER,Keller,name
BRYAN,10,DANIELSIDING,Danielsiding,name
BRYAN,4,WAYS STATION,Ways Station,name
BRYAN,1,PEMBROKE,Pembroke,name
BRYAN,2,ELLABELL,Ellabell,name
LIBERTY,5,FLEMING WEST,Fleming West,name
LIBERTY,13,BUTTON GWINNETT,Button Gwinnett,name
LIBERTY,6,FLEMING EAST,Fleming East,name
LIBERTY,3,LIBERTY COUNTY COMPLEX,Liberty County Complex,name
LIBERTY,2,HINESVILLE,Hinesville,name
LIBERTY,1,RICEBORO YOUTH CENTER,Riceboro Youth Center,name
LIBERTY,11,LEWIS FRASIER SCHOOL,Lewis Frasier School,name
LIBERTY,7,GUM BRANCH,Gum Branch,name
LIBERTY,4,WALTHOURVILLE,Walthourville,name
LIBERTY,10,LYMAN HALL SCHOOL,Lyman Hall School,name
LIBERTY,9,HINESVILLE LODGE 271,Hinesville Lodge 271,name
LIBERTY,12,MEMORIAL DR. EAST,Memorial Dr East,name
LIBERTY,14,TOWN OF ALLENHURST,Town of Allenhurst,name
CLINCH,D,DUPONT,Dupont,name
CLINCH,F,FARGO,Fargo,name
CLINCH,H,HOMERVILLE,Homerville,name
CLINCH,AB,ARABIA,Arabia,name
CLINCH,AG,ARGYLE,Argyle,name
LANIER,1,LAKELAND,Lakeland,name
ECHOLS,1058,STATENVILLE,Statenville,name
EMANUEL,0050,OAK PARK,Oak Park,name
EMANUEL,1502,NUNEZ,Nunez,name
EMANUEL,0058,STILLMORE,Stillmore,name
EMANUEL,1748,ADRIAN,Adrian,name
EMANUEL,0053,SWAINSBORO,Swainsboro,name
EMANUEL,0057,SUMMERTOWN,Summertown,name
EMANUEL,1560,TWIN CITY,Twin City,name
EMANUEL,1429,GARFIELD,Garfield,name
EMANUEL,1208,BLUNDALE,Blundale,name
EMANUEL,0052,CROSS-GREEN,Cross-Green,name
EMANUEL,1333,CANOOCHEE,Canoochee,name
TELFAIR,LU,LUMBER-CITY,Lumber-City,name
TELFAIR,SC,SCOTLAND,Scotland,name
TELFAIR,MI,MILAN,Milan,name
TELFAIR,JA,JACKSONVILLE,Jacksonville,name
TELFAIR,MC,MCRAE,McRae,name
TELFAIR,HE,HELENA,Helena,name
WHEELER,1,ALAMO,Alamo,name
WHEELER,2,GLENWOOD,Glenwood,name
MONTGOMERY,05,MOUNT VERNON,Mount Vernon,name
MONTGOMERY,07,UVALDA,Uvalda,name
MONTGOMERY,02,ALSTON,Alston,name
MONTGOMERY,01,AILEY,Ailey,name
MONTGOMERY,03,HIGGSTON,Higgston,name
MONTGOMERY,06,TARRYTOWN,Tarrytown,name
MONTGOMERY,04,KIBBEE,Kibbee,name
LAURENS,14,HARVARD,Harvard,name
LAURENS,22,LCFS #10 (VALAMBROSIA),LCFS 10 Valambrosia,single_remainder
LAURENS,16,RURAL FIRE STA #17,Rural Fire Sta 17,name
LAURENS,12,DUDLEY,Dudley,name
LAURENS,18,W T ADAMS FIRE STA #18,W T Adams Fire Sta 18,name
LAURENS,08,BURCH,Burch,name
LAURENS,10,CADWELL,Cadwell,name
LAURENS,19,REEDY SPRINGS,Reedy Springs,name
LAURENS,13,HAMPTON MILL,Hampton Mill,name
LAURENS,21,SMITH,Smith,name
LAURENS,11,BREWTON,Brewton,name
LAURENS,15,MINTER,Minter,name
LAURENS,04,CALHOUN PARK,Calhoun Park,name
LAURENS,07,BUCKEYE,Buckeye,name
LAURENS,05,FIRE DEPT STA #5,Fire Dept Sta 5,name
LAURENS,03,FBC - FLC,FBC-FLC,name
WILKINSON,11,TURKEY CREEK,Turkey Creek,name
WILKINSON,04,HIGH HILL,High Hill,name
WILKINSON,02,BLOODWORTH,Bloodworth,name
WILKINSON,03,GRIFFIN,Griffin,name
WILKINSON,07,LORD,Lord,name
WILKINSON,10,RAMAH,Ramah,name
WILKINSON,05,IRWINTON,Irwinton,name
WILKINSON,06,IVEY,Ivey,name
WILKINSON,08,MIDWAY,Midway,name
TREUTLEN,ANNEX,ANNEX,Annex,name
TREUTLEN,SOPE,SOPERTON,Soperton,name
CANDLER,CAND,JACK STRICKLAND COMMUNITY CENTER,Jack Strickland Comm Center,name
DODGE,CLARK,CLARK,Clark,name
DODGE,RAWLI,RAWLI,Rawlins,unique_code_prefix
DODGE,YONKE,YONKE,Yonker,unique_code_prefix
DODGE,PLAIN,PLAIN,Plainfield,unique_code_prefix
DODGE,MULLI,MULLI,Mullis,unique_code_prefix
DODGE,LEE,LEE,Lee,name
DODGE,EDDIN,EDDIN,Eddin,name
DODGE,EMPIR,EMPIR,Empire,unique_code_prefix
DODGE,MILAN,MILAN,Milan,name
DODGE,CHAUN,CHAUN,Chauncey,unique_code_prefix
DODGE,JONES,JONES,Jones,name
DODGE,JAYBI,JAYBI,Jaybird,unique_code_prefix
DODGE,MITCH,MITCH,Mitchell,unique_code_prefix
DODGE,PONDT,PONDT,Pondtown,unique_code_prefix
DODGE,VILUL,VILUL,Vilula,unique_code_prefix
DODGE,MCCRA,MCCRA,McCranie,unique_code_prefix
BLECKLEY,1,1,Fairground,single_precinct_county
JOHNSON,1266,SMITH,Smith,name
JOHNSON,1201,WRIGHTSVILLE,Wrightsville,name
JOHNSON,55,KITE,Kite,name
JOHNSON,1301,BRAY,Bray,name
WASHINGTON,91,HARRISON,Harrison,name
WASHINGTON,1488,TENNILLE,Tennille,name
WASHINGTON,97,SANDERSVILLE,Sandersville,name
WASHINGTON,1253,RIDDLEVILLE,Riddleville,name
WASHINGTON,94,DAVISBORO,Davisboro,name
WASHINGTON,1350,WARTHEN,Warthen,name
WASHINGTON,88,OCONEE,Oconee,name
WASHINGTON,99,DEEPSTEP,Deepstep,name
PULASKI,ANNEX,COURTHOUSE ANNEX,Courthouse Annex,name
GLASCOCK,EDGH,EDGEHILL,Edgehill,name
GLASCOCK,MITC,MITCHELL,Mitchell,name
GLASCOCK,GIBS,GIBSON,Gibson,name
GLASCOCK,MILL,MILL,Mill,name
WILCOX,1A,ROCHELLE NORTH #1,Rochelle North 1,name
WILCOX,2B,PINEVIEW #2,Pineview 2,name
WILCOX,5A,ABBEVILLE SOUTH #5,Abbeville South 5,name
WILCOX,3A,PITTS #3,Pitts 3,name
WILCOX,4A,ROCHELLE SOUTH #4,Rochelle South 4,name
WILCOX,2A,ABBEVILLE NORTH #2,Abbeville North 2,name
BEN HILL,2,WEST,West,name
BEN HILL,1,EAST,East,name
IRWIN,0901,IRWINVILLE,Irwinville,name
IRWIN,1529,OCILLA,Ocilla,name
IRWIN,1753,HOLT,Holt,name
PUTNAM,104,104,104,name
PUTNAM,105,105,105,name
PUTNAM,106,106,106,name
PUTNAM,107,107,107,name
PUTNAM,101,101,101,name
BALDWIN,322,COOPERS,Coopers,name
BALDWIN,1714,SCOTTSBORO,Scottsboro,name
BALDWIN,CTY6,NORTH MILLEDGEVILLE,North Milledgeville,name
BALDWIN,MONT,EAST BALDWIN,East Baldwin,name
BALDWIN,CTY2,CITY HALL ANNEX,City Hall Annex,name
BALDWIN,321E,EAST HARDWICK,East Hardwick,name
BALDWIN,CTY3,BODDIE,Boddie,name
BALDWIN,319,WEST BALDWIN,West Baldwin,name
BALDWIN,MERI,MERIWEATHER,Meriweather,name
BALDWIN,321W,WEST HARDWICK,West Hardwick,name
BALDWIN,CTY5,FIRE DEPT,Fire Dept,name
BALDWIN,318,NORTH BALDWIN,North Baldwin,name
BALDWIN,CTY1,SOUTH MILLEDGEVILLE,South Milledgeville,name
BALDWIN,CTY4,COURTHOUSE,Courthouse,name
EFFINGHAM,3A,3A,3A,name
EFFINGHAM,4C,4C,4C,name
EFFINGHAM,2C,2C,2C,name
EFFINGHAM,4B,4B,4B,name
EFFINGHAM,3C,3C,3C,name
EFFINGHAM,3B,3B,3B,name
EFFINGHAM,1B,1B,1B,name
EFFINGHAM,1C,1C,1C,name
EFFINGHAM,1D,1D,1D,name
EFFINGHAM,1A,1A,1A,name
EFFINGHAM,2A,2A,2A,name
EFFINGHAM,3D,3D,3D,name
EFFINGHAM,5C,5C,5C,name
EFFINGHAM,4A,4A,4A,name
EFFINGHAM,2B,2B,2B,name
EFFINGHAM,5B,5B,5B,name
EFFINGHAM,5A,5A,5A,name
CHATHAM,4-06C,FIRST BAPTIST CHURCH OF THE ISLAND,4-06C First Baptist of the Island,code
CHATHAM,4-05C,SAINT FRANCIS EPISCOPAL CHURCH,4-05C St Francis Episcopal Church,code
CHATHAM,4-02C,FRANK MURRAY COMMUNITY CENTER,4-02C Frank Murray Comm Center,code
CHATHAM,4-11C,TYBEE IS SCH CAFE,4-11C Tybee Island School Cafe,code
CHATHAM,3-13C,NEW COV 7 DAY ADV CH,3-13C New Cov 7 Day Adv Ch,code
CHATHAM,1-12C,ISLE OF HOPE BAPTIST,1-12C Isle of Hope Baptist,code
CHATHAM,3-05C,ALDERSGATE YOUTH CENTER,3-05C Aldersgate Youth Center,code
CHATHAM,3-12C,THUNDERBOLT MUN COMP,3-12C Thunderbolt Muni Complex,code
CHATHAM,1-17C,ISLANDS CHRISTIAN CH,1-17C Islands Christian Church,code
CHATHAM,7-09C,SAVANNAH HOLY CHURCH OF GOD,7-09C Savannah Holy C of G,code
CHATHAM,7-08C,BLOOMINGDALE COMMUNITY CENTER,7-08C Bloomingdale Comm Ctr,code
CHATHAM,7-16C,POOLER RECREATION CENTER GYMNASIUM,7-16C Pooler Recreation Center Gymnasium,code
CHATHAM,7-12C,POOLER RECREATION CENTER GYMNASIUM,7-12C Pooler Church,code
CHATHAM,6-11C,BAMBOO FARMS,6-11C Bamboo Farms,code
CHATHAM,7-04C,LAKE SHORE COMMUNITY CENTER,7-04C Lake Shore Comm Ctr,code
CHATHAM,5-01C,BARTLETT MIDDLE SCHOOL,5-01C Bartlett Middle School,code
CHATHAM,6-06C,THE LIGHT CHURCH,6-06C The Light Church,code
CHATHAM,1-09C,IMMANUEL BAPTIST CHURCH,1-09C Immanuel Baptist Church,code
CHATHAM,5-05C,LIBERTY CITY COMMUNITY CENTER,5-05C Liberty City Comm Ctr,code
CHATHAM,5-10C,TATUMVILLE COMMUNITY CENTER,5-10C Tatumville Community Center,code
CHATHAM,1-06C,CENTRAL CHURCH OF CHRIST,1-06C Central Church of Christ,code
CHATHAM,7-05C,WOODLAWN BAPTIST CHURCH,7-05C Woodlawn Baptist Church,code
CHATHAM,8-12C,BEACH HIGH SCHOOL,8-12C Beach High School,code
CHATHAM,8-15C,FIRST BAPTIST CH GARDEN CITY,8-15C Garden City Rec Center,code
CHATHAM,7-07C,ROTHWELL BAPTIST CHURCH,7-07C Rothwell Baptist Church,code
CHATHAM,8-16C,MIGHTY EIGHTH MUSEUM,8-16C Royal Cinemas and IMAX,code
CHATHAM,5-06C,SEED CHURCH,5-06C Seed Church,code
CHATHAM,5-07C,STATION 1,5-07C Station 1,code
CHATHAM,5-08C,SAVANNAH PRIMITIVE BAPTIST CHURCH,5-08C Savannah Primitive BC,code
CHATHAM,5-11C,LARGO-TIBET ELEMENTA,5-11C Largo-Tibet Elementary,code
CHATHAM,8-13C,SAVANNAH CHRISTIAN S,8-13C Savannah Christian,code
CHATHAM,7-06C,POOLER CITY HALL,7-06C Pooler City Hall,code
CHATHAM,7-13C,SOUTHSIDE FIRE TRAINING CENTER,7-13C Southside Fire Trng Ctr,code
CHATHAM,8-03C,SILK HOPE BAPTIST CHURCH,8-03C Silk Hope Baptist Church,code
CHATHAM,6-08C,CHRIST MEMORIAL BAPTIST CHURCH,6-08C Christ Memorial Baptist Church,code
CHATHAM,4-12C,ST PETERS EPISCOPAL,4-12C St Peters Episcopal,code
CHATHAM,4-10C,GUARD HOUSE COMM CTR,4-10C Guard House Comm Ctr,code
CHATHAM,7-14C,COASTAL CATHEDRAL,7-14C Coastal Cathedral,code
CHATHAM,7-10C,PROGRESSIVE REC CTR,7-10C Progressive Rec Center,code
CHATHAM,6-01C,WHITE BLUFF PRESBYTERIAN CHURCH,6-01C White Bluff Presbyterian,code
CHATHAM,1-13C,THE SANCTUARY,1-13C The Sanctuary,code
CHATHAM,1-14C,COMPASSION CHRISTIAN CHURCH,1-14C Compassion Christian Church,code
CHATHAM,1-10C,ST. THOMAS EPISCOPAL CHURCH,1-10C St Thomas Episcopal Church,code
CHATHAM,4-14C,SKIDAWAY ISLAND BAPTIST,4-14C Skidaway Island Baptist,code
CHATHAM,4-15C,SKIDAWAY ISLAND STAT,4-15C Skidaway Island State Park,code
CHATHAM,6-10C,STATION 3,6-10C Station 3,code
CHATHAM,4-13C,SKID IS PRES CHURCH,4-13C Skidaway Island Pres Church,code
CHATHAM,6-02C,WINDSOR FOREST BAPTIST CHURCH SCHOOL,6-02C Windsor Forest Baptist,code
CHATHAM,1-16C,FERGUSON AVE BAPTIST,1-16C Ferguson Ave Baptist,code
CHATHAM,6-09C,TRINITY LUTHERAN CHURCH,6-09C Trinity Lutheran Church,code
CHATHAM,6-03C,CRUSADER COMMUNITY CENTER,6-03C Crusader Comm Center,code
CHATHAM,6-05C,WINDSOR HALL,6-05C Windsor Hall,code
CHATHAM,4-08C,WILMINGTON ISLAND PRESBYTERIAN CHURCH,4-08C Wilmington Island Pres Church,code
CHATHAM,4-07C,WILMINGTON ISLAND UNITED METHODIST CHURCH,4-07C Wilmington Island UMC,code
CHATHAM,4-04C,LIGHTHOUSE BAPTIST CHURCH,4-04C Lighthouse Baptist Church,code
CHATHAM,7-11C,COURTYARD BY MARRIOTT,7-11C Seventh Day Adv Church,code
CHATHAM,7-15C,RICE CREEK SCHOOL,7-15C Rice Creek School,code
CHATHAM,7-01C,GARDEN CITY SENIOR CENTER,7-01C Garden City Senior Ctr,code
CHATHAM,7-03C,PB EDWARDS GYMNASIUM,7-03C PB Edwards Gym,code
CHATHAM,8-07C,WOODVILLE-TOMPKINS TECHNICAL INST,8-07C Woodville-Tompkins TI,code
CHATHAM,3-04C,FIRST AFRICAN BAPTIST CHURCH,3-04C First African Baptist Church,code
CHATHAM,3-03C,SAVANNAH HIGH SCHOOL,3-03C Savannah High School,code
CHATHAM,3-15C,ELI WHITNEY COMPLEX,3-15C Eli Whitney Complex,code
CHATHAM,3-09C,COKESBURY METHODIST CHURCH,3-09C Cokesbury Methodist,code
CHATHAM,3-08C,JENKINS HIGH SCHOOL,3-08C Jenkins High School,code
CHATHAM,3-10C,BIBLE BAPTIST CHURCH,3-10C Bible Baptist Church,code
CHATHAM,2-09C,SALVATION ARMY,2-09C Salvation Army,code
CHATHAM,8-11C,BUTLER ELEMENTARY SC,8-11C Butler Elementary,code
CHATHAM,8-10C,CARVER HEIGHTS COMM,8-10C Carver Heights Comm Ctr,code
CHATHAM,3-14C,OGLETHORPE CHARTER ACADEMY,3-14C Oglethorpe Charter Academy,code
CHATHAM,1-08C,GRACE UNITED METHODIST CHURCH,1-08C Grace United Methodist Church,code
CHATHAM,3-11C,SOUTHSIDE BAPTIST CH,3-11C Southside Baptist Church,code
CHATHAM,1-05C,J E A,1-05C JEA Building,code
CHATHAM,1-01C,FIRST PRESBYTERIAN CHURCH,1-01C First Presbyterian Church,code
CHATHAM,2-11C,STILLWELL TOWERS,2-11C Stillwell Towers,code
CHATHAM,2-02C,BLACKSHEAR COMMUNITY CENTER,2-02C Blackshear Community Center,code
CHATHAM,2-06C,ELI WHITNEY COMPLEX,2-06C Eli Whitney Complex,code
CHATHAM,3-01C,OLD COURTHOUSE,3-01C Old Courthouse,code
CHATHAM,3-02C,TEMPLE MICKVE ISRAEL,3-02C Temple Mickve Israel,code
CHATHAM,2-03C,W W LAW CENTER,2-03C W W Law Center,code
CHATHAM,2-04C,FELLOWSHIP OF LOVE COMMUNITY CHURCH,2-04C Fellowship of Love Church,code
CHATHAM,2-07C,CHRIST COMMUNITY CHURCH AT MORNINGSIDE,2-07C Christ Community Church,code
CHATHAM,5-03C,BUTLER PRESBYTERIAN CHURCH ED BLDG,5-03C Butler Presbyterian Church,code
CHATHAM,8-06C,TOMPKINS RECREATION CENTER,8-06C Tompkins Rec Center,code
CHATHAM,5-02C,SENIOR CITIZEN CENTER,5-02C Senior Citizens Center,code
CHATHAM,8-05C,WEST BROAD STREET YMCA,8-05C W Broad St YMCA,code
CHATHAM,8-08C,RESURRECTION OF OUR LORD CATHOLIC CHURCH,8-08C Resur of Our Lord Church,code
CHATHAM,8-09C,MOSES JACKSON CENTER,8-09C Moses Jackson Center,code
CHATHAM,8-01C,CIVIC CENTER,8-01C Civic Center,code
CHATHAM,2-12C,WILLIAMS COURT APTS,2-12C Williams Court Apts,code
CHATHAM,8-02C,HELLENIC CENTER,8-02C Hellenic Center,code
CHATHAM,2-05C,HOLY SPIRIT LUTHERAN CHURCH,2-05C Holy Spirit Lutheran Church,code
WHITE,051,MT YONAH,Mt Yonah,name
WHITE,031,HELEN,Helen,name
WHITE,011,BLUE CREEK,Blue Creek,name
WHITE,061,NACOOCHEE,Nacoochee,name
WHITE,071,ROBERTSTOWN,Robertstown,name
WHITE,101,TOWN CREEK,Town Creek,name
WHITE,021,BLUE RIDGE,Blue Ridge,name
WHITE,091,TESNATEE,Tesnatee,name
WHITE,041,MOSSY CREEK,Mossy Creek,name
WHITE,111,WHITE CREEK,White Creek,name
WHITE,081,SHOAL CREEK,Shoal Creek,name
HALL,020,WEST WHELCHEL,West Whelchel,name
HALL,027,BIG HICKORY,Big Hickory,name
HALL,019,WHELCHEL,Whelchel,name
HALL,015,QUILLIANS,Quillians,name
HALL,002,CHICOPEE,Chicopee,name
HALL,023,GAINESVILLE III,Gainesville III,name
HALL,028,FRIENDSHIP I,Friendship I,name
HALL,008,MORGAN I,Morgan I,name
HALL,009,MORGAN II,Morgan II,name
HALL,006,FLOWERY BRANCH II,Flowery Branch II,name
HALL,029,FRIENDSHIP II,Friendship II,name
HALL,005,FLOWERY BRANCH I,Flowery Branch I,name
HALL,031,FRIENDSHIP IV,Friendship IV,name
HALL,030,FRIENDSHIP III,Friendship III,name
HALL,004,OAKWOOD II,Oakwood II,name
HALL,003,OAKWOOD I,Oakwood I,name
HALL,001,WILSON,Wilson,name
HALL,018,FORK,Fork,name
HALL,017,CHESTATEE,Chestatee,name
HALL,016,BARK CAMP,Bark Camp,name
HALL,007,ROBERTS,Roberts,name
HALL,014,CLERMONT,Clermont,name
HALL,013,LULA,Lula,name
HALL,024,GAINESVILLE IV,Gainesville IV,name
HALL,025,GAINESVILLE V,Gainesville V,name
HALL,010,CANDLER,Candler,name
HALL,021,GAINESVILLE I,Gainesville I,name
HALL,022,GAINESVILLE II,Gainesville II,name
HALL,011,TADMORE,Tadmore,name
HALL,012,GLADE,Glade,name
HALL,026,GILLSVILLE,Gillsville,name
CHEROKEE,028,MOUNTAIN ROAD,Mountain Road,name
CHEROKEE,033,SALACOA,Salacoa,name
CHEROKEE,003,AVERY,Avery,name
CHEROKEE,038,UNION HILL,Union Hill,name
CHEROKEE,027,MACEDONIA,Macedonia,name
CHEROKEE,004,BALL GROUND,Ball Ground,name
CHEROKEE,020,HIGHTOWER,Hightower,name
CHEROKEE,006,BELLS,Bells,name
CHEROKEE,029,OAK GROVE,Oak Grove,name
CHEROKEE,023,KELLOGG,Kellogg,name
CHEROKEE,040,VICTORIA,Victoria,name
CHEROKEE,011,CARMEL,Carmel,name
CHEROKEE,016,DIXIE,Dixie,name
CHEROKEE,032,ROSECREEK,Rosecreek,name
CHEROKEE,018,FREEHOME,Freehome,name
CHEROKEE,035,SUTALLEE,Sutallee,name
CHEROKEE,041,WALESKA,Waleska,name
CHEROKEE,012,WOODSTOCK,Woodstock,name
CHEROKEE,015,DEER RUN,Deer Run,name
CHEROKEE,044,NEESE,Neese,name
CHEROKEE,037,TOONIGH,Toonigh,name
CHEROKEE,024,LIBERTY,Liberty,name
CHEROKEE,022,HOLLY SPRINGS,Holly Springs,name
CHEROKEE,042,WILDCAT,Wildcat,name
CHEROKEE,043,WOODLANDS,Woodlands,name
CHEROKEE,026,LITTLE RIVER,Little River,name
CHEROKEE,001,AIR ACRES,Air Acres,name
CHEROKEE,002,ARNOLD MILL,Arnold Mill,name
CHEROKEE,008,BRADSHAW,Bradshaw,name
CHEROKEE,019,HICKORY FLAT,Hickory Flat,name
CHEROKEE,031,R T JONES,R T Jones,name
CHEROKEE,039,UNIVETER,Univeter,name
CHEROKEE,013,CLAYTON,Clayton,name
CHEROKEE,014,CONNS CREEK,Conns Creek,name
CHEROKEE,036,TEASLEY,Teasley,name
CHEROKEE,010,CANTON,Canton,name
CHEROKEE,030,R M MOORE,R M Moore,name
CHEROKEE,021,HILLSIDE,Hillside,name
CHEROKEE,007,BOOTH,Booth,name
CHEROKEE,005,BASCOMB,Bascomb,name
CHEROKEE,034,SIXES,Sixes,name
CHEROKEE,009,BRIDGEMILL,Bridgemill,name
BARROW,03,03,03 Hmong New Hope Alliance Church,code
BARROW,04,04,04 Covenant Life Sanctuary,code
BARROW,02,02,02 Bethlehem Church - 211,code
BARROW,05,05,05 Fire Station 1 (Statham),code
BARROW,13,13,13 Winder Community Center,code
BARROW,08,08,08 First Baptist Church Winder,code
BARROW,16,16,16 The Church at Winder,code
BARROW,01,01,01 Bethlehem Community Center,code
DAWSON,03,EAST,East,name
DAWSON,02,CENTRAL,Central,name
DAWSON,01,WEST,West,name
LUMPKIN,DA,DAHLONEGA,Dahlonega,name
MURRAY,1291,SOUTHWEST,Southwest,name
MURRAY,1895,SPRING PLACE,Spring Place,name
MURRAY,1039,SHUCK PEN,Shuck Pen,name
MURRAY,872,CARTERS-DOOLITTLE,Carters-Doolittle,name
MURRAY,824,TOWN,Town,name
MURRAY,1013,MCDONALD,McDonald,name
MURRAY,874,NORTH,North,name
TOWNS,1468,YOUNG HARRIS,Young Harris,name
TOWNS,990,HIAWASSEE,Hiawassee,name
TOWNS,833,MACEDONIA,Macedonia,name
GORDON,980,RESACA,Resaca,name
GORDON,856,LILY POND,Lily Pond,name
GORDON,1064,OOSTANAULA,Oostanaula,name
GORDON,1054,SUGAR VALLEY,Sugar Valley,name
GORDON,849-B,CALHOUN CITY,Calhoun City,name
GORDON,849-A,GORDON COUNTY,Gordon County,name
GORDON,1056,SONORAVILLE,Sonoraville,name
GORDON,973,RED BUD,Red Bud,name
GORDON,1063,PINE CHAPEL,Pine Chapel,name
GORDON,874,FAIRMOUNT,Fairmount,name
GORDON,1235,OAKMAN,Oakman,name
GORDON,1055,PLAINVILLE,Plainville,name
DADE,1038,SOUTH DADE,South Dade,name
DADE,1214,NEW SALEM,New Salem,name
DADE,960,TRENTON,Trenton,name
DADE,1222,DAVIS,Davis,name
DADE,1885,NEW HOME,New Home,name
DADE,1889,WEST BROW,West Brow,name
DADE,974,NORTH DADE,North Dade,name
FANNIN,SKEN,SKENIAH,Skeniah,name
FANNIN,NOON,NOONTOOTLA,Noontootla,name
FANNIN,MORG,MORGANTON,Morganton,name
FANNIN,TOCC,TOCCOA,Toccoa,name
FANNIN,COLW,COLWELL,Colwell,name
FANNIN,MOBI,MOBILE,Mobile,name
FANNIN,SUGC,SUGAR CREEK,Sugar Creek,name
FANNIN,FLIN,FLINTHILL,Flinthill,name
FANNIN,MINE,MINERAL BLUFF,Mineral Bluff,name
FANNIN,HOTH,HOTHOUSE,Hothouse,name
FANNIN,HEMP,HEMPTOWN,Hemptown,name
FANNIN,FAIR,FAIRPLAY,Fairplay,name
FLOYD,030,ETOWAH,Etowah,name
FLOYD,020,CAVE SPRING,Cave Spring,name
FLOYD,045,FOSTER'S MILL,Fosters Mill,name
FLOYD,010,ARMUCHEE,Armuchee,name
FLOYD,040,FLOYD SPRINGS,Floyd Springs,name
FLOYD,080,NORTH CAROLINA,North Carolina,name
FLOYD,015,BARKERS,Barkers,name
FLOYD,115,TEXAS VALLEY,Texas Valley,name
FLOYD,050,GARDEN LAKES,Garden Lakes,name
FLOYD,075,MT ALTO NORTH,Mt Alto North,name
FLOYD,001,ALTO PARK,Alto Park,name
FLOYD,130,WATTERS,Watters,name
FLOYD,035,EVERETT SPRINGS,Everett Springs,name
FLOYD,076,MT ALTO SOUTH,Mt Alto South,name
FLOYD,110,SOUTH ROME,South Rome,name
FLOYD,090,EAST ROME,East Rome,name
FLOYD,085,RIVERSIDE,Riverside,name
FLOYD,055,GLENWOOD,Glenwood,name
FLOYD,135,WEST LINDALE,West Lindale,name
FLOYD,105,NORTH ROME,North Rome,name
FLOYD,140,TOWN ROME,Town Rome,name
FLOYD,125,VANNS VALLEY,Vanns Valley,name
FLOYD,065,EAST LINDALE,East Lindale,name
FLOYD,060,HOWELL,Howell,name
FLOYD,025,CHULIO,Chulio,name
BARTOW,14,TAYLORSVILLE,Taylorsville,name
BARTOW,10,KINGSTON,Kingston,name
BARTOW,01,ADAIRSVILLE,Adairsville,name
BARTOW,11,MISSION ROAD,Mission Road,name
BARTOW,09,FOLSOM,Folsom,name
BARTOW,12,PINE LOG,Pine Log,name
BARTOW,08,EUHARLEE,Euharlee,name
BARTOW,02,ALLATOONA,Allatoona,name
BARTOW,06,CENTER,Center,name
BARTOW,15,WHITE,White,name
BARTOW,03,CARTERSVILLE EAST,Cartersville East,name
BARTOW,17,HAMILTON CROSSING,Hamilton Crossing,name
BARTOW,05,CASSVILLE,Cassville,name
BARTOW,07,EMERSON,Emerson,name
BARTOW,04,CARTERSVILLE WEST,Cartersville West,name
BARTOW,18,WOODLAND,Woodland,name
BARTOW,16,ZENA DRIVE,Zena Drive,name
POLK,01,ARAGON,Aragon,name
POLK,04,FISH CREEK,Fish Creek,name
POLK,06,ROCKMART,Rockmart,name
POLK,05,LAKE CREEK,Lake Creek,name
POLK,03,CEDARTOWN,Cedartown,name
POLK,02,BLOOMING GROVE,Blooming Grove,name
POLK,07,YOUNGS GROVE,Youngs Grove,name
CATOOSA,BOYN,BOYNTON,Boynton,name
CATOOSA,WOOD,WOODSTATION,Woodstation,name
CATOOSA,BLCK,BLACKSTOCK,Blackstock,name
CATOOSA,CHAM,CHAMBERS,Chambers,name
CATOOSA,FT O,FT OGLETHORPE,Ft Oglethorpe,name
CATOOSA,LAKE,LAKEVIEW,Lakeview,name
CATOOSA,WEST,WESTSIDE,Westside,name
CATOOSA,POPS,POPLAR SPRINGS,Poplar Springs,name
CATOOSA,GRAY,GRAYSVILLE,Graysville,name
CATOOSA,RING,RINGGOLD,Ringgold,name
CATOOSA,CAKT,CATOOSA KEITH,Catoosa Keith,name
HARALSON,06,TWENTIETH,Twentieth,name
HARALSON,09,MT VIEW,Mt View,name
HARALSON,08,LITTLE CREEK,Little Creek,name
HARALSON,07,FELTON,Felton,name
HARALSON,02,BREMEN,Bremen,name
HARALSON,05,CORINTH,Corinth,name
HARALSON,10,SEVENTH,Seventh,name
HARALSON,04,BUNCOMBE,Buncombe,name
HARALSON,12,TALLAPOOSA,Tallapoosa,name
HARALSON,11,BEREA-STEADMAN,Berea-Steadman,name
HARALSON,13,WACO,Waco,name
HARALSON,03,BUCHANAN,Buchanan,name
WALKER,0953,ARMUCHEE VALLEY,Armuchee Valley,name
WALKER,1161,MOUNTAIN,Mountain,name
WALKER,0917,WALNUT GROVE,Walnut Grove,name
WALKER,1809,KENSINGTON,Kensington,name
WALKER,1501,CHATTANOOGA VALLEY,Chattanooga Valley,name
WALKER,0871,LA FAYETTE,La Fayette,name
WALKER,1818,CHICKAMAUGA,Chickamauga,name
WALKER,0944,ROCK SPRING,Rock Spring,name
WALKER,1851,FAIRYLAND,Fairyland,name
WALKER,1812,ROSSVILLE,Rossville,name
WALKER,1893,FAIRVIEW,Fairview,name
COBB,WL01,WILLEO 01,Willeo 01,name
COBB,VG01,VININGS 01,Vinings 01,name
COBB,TM01,TERRELL MILL 01,Terrell Mill 01,name
COBB,SO02,SOPE CREEK 02,Sope Creek 02,name
COBB,SO03,SOPE CREEK 03,Sope Creek 03,name
COBB,RW01,ROSWELL 01,Roswell 01,name
COBB,MT01,MT BETHEL 01,Mt Bethel 01,name
COBB,TR01,TIMBER RIDGE 01,Timber Ridge 01,name
COBB,MT03,MT BETHEL 03,Mt Bethel 03,name
COBB,FP01,FULLERS PARK 01,Fullers Park 01,name
COBB,SM01,SEWELL MILL 01,Sewell Mill 01,name
COBB,MD01,MURDOCK 01,Murdock 01,name
COBB,MT04,MT BETHEL 04,Mt Bethel 04,name
COBB,EA01,EASTSIDE 01,Eastside 01,name
COBB,DO01,DODGEN 01,Dodgen 01,name
COBB,CR01,CHESTNUT RIDGE 01,Chestnut Ridge 01,name
COBB,RW02,ROSWELL 02,Roswell 02,name
COBB,LM02,LOST MOUNTAIN 02,Lost Mountain 02,name
COBB,FR01,FORD 01,Ford 01,name
COBB,DU01,DURHAM 01,Durham 01,name
COBB,KP03,KEMP 03,Kemp 03,name
COBB,FY01,FREY 01,Frey 01,name
COBB,LM04,LOST MOUNTAIN 04,Lost Mountain 04,name
COBB,MS01,MARS HILL 01,Mars Hill 01,name
COBB,KE1A,KENNESAW 1A,Kennesaw 1A,name
COBB,BG01,BIG SHANTY 01,Big Shanty 01,name
COBB,WG02,WADE GREEN 02,Wade Green 02,name
COBB,BG02,BIG SHANTY 02,Big Shanty 02,name
COBB,ME01,MCEACHERN 01,McEachern 01,name
COBB,LM01,LOST MOUNTAIN 01,Lost Mountain 01,name
COBB,OR01,OREGON 01,Oregon 01,name
COBB,VA01,VAUGHAN 01,Vaughan 01,name
COBB,DC01,DICKERSON 01,Dickerson 01,name
COBB,SA01,SANDY PLAINS 01,Sandy Plains 01,name
COBB,PP01,POPE 01,Pope 01,name
COBB,MB01,MABRY 01,Mabry 01,name
COBB,DV01,DAVIS 01,Davis 01,name
COBB,GM01,GARRISON MILL 01,Garrison Mill 01,name
COBB,PO01,POST OAK 01,Post Oak 01,name
COBB,HT01,HIGHTOWER 01,Hightower 01,name
COBB,SF01,SHALLOWFORD FALLS 01,Shallowford Falls 01,name
COBB,ML01,MCCLURE 01,McClure 01,name
COBB,AC1A,ACWORTH 1A,Acworth 1A,name
COBB,HL01,HARMONY-LELAND 01,Harmony-Leland 01,name
COBB,LI01,LINDLEY 01,Lindley 01,name
COBB,AC1B,ACWORTH 1B,Acworth 1B,name
COBB,AU1A,AUSTELL 1A,Austell 1A,name
COBB,CL01,CLARKDALE 01,Clarkdale 01,name
COBB,PS2A,POWDER SPRINGS 2A,,unmatched
COBB,CO01,COOPER 01,Cooper 01,name
COBB,OR02,OREGON 02,Oregon 02,name
COBB,CL02,CLARKDALE 02,Clarkdale 02,name
COBB,MA02,MABLETON 02,Mableton 02,name
COBB,BT02,BRYANT 02,Bryant 02,name
COBB,RS01,RIVERSIDE 01,Riverside 01,name
COBB,PS1A,POWDER SPRINGS 1A,,unmatched
COBB,PS3A,POWDER SPRINGS 3A,,unmatched
COBB,LM03,LOST MOUNTAIN 03,Lost Mountain 03,name
COBB,BR02,BIRNEY 02,Birney 02,name
COBB,BR01,BIRNEY 01,Birney 01,name
COBB,MA03,MABLETON 03,Mableton 03,name
COBB,MA04,MABLETON 04,Mableton 04,name
COBB,HR01,HARRISON 01,Harrison 01,name
COBB,KP01,KEMP 01,Kemp 01,name
COBB,HY01,HAYES 01,Hayes 01,name
COBB,PM02,PINE MOUNTAIN 02,Pine Mountain 02,name
COBB,SN7A,SMYRNA 7A,Smyrna 7A,name
COBB,NC01,NORTH COBB 01,North Cobb 01,name
COBB,MC01,MACLAND 01,Macland 01,name
COBB,OR05,OREGON 05,Oregon 05,name
COBB,KP02,KEMP 02,Kemp 02,name
COBB,OR04,OREGON 04,Oregon 04,name
COBB,DL01,DOWELL 01,Dowell 01,name
COBB,CH03,CHEATHAM HILL 03,Cheatham Hill 03,name
COBB,MA01,MABLETON 01,Mableton 01,name
COBB,SW02,SWEETWATER 02,Sweetwater 02,name
COBB,SW01,SWEETWATER 01,Sweetwater 01,name
COBB,BT01,BRYANT 01,Bryant 01,name
COBB,PE01,PEBBLEBROOK 01,Pebblebrook 01,name
COBB,EL05,ELIZABETH 05,Elizabeth 05,name
COBB,BF02,BELLS FERRY 02,Bells Ferry 02,name
COBB,BW01,BLACKWELL 01,Blackwell 01,name
COBB,GT01,GRITTERS 01,Gritters 01,name
COBB,BF03,BELLS FERRY 03,Bells Ferry 03,name
COBB,MK01,MCCLESKEY 01,McCleskey 01,name
COBB,NS01,NICHOLSON 01,Nicholson 01,name
COBB,AD01,ADDISON 01,Addison 01,name
COBB,MR6A,MARIETTA 6A,Marietta 6A,name
COBB,SI01,SIMPSON 01,Simpson 01,name
COBB,LA01,LASSITER 01,Lassiter 01,name
COBB,KL01,KELL 01,Kell 01,name
COBB,RM01,ROCKY MOUNT 01,Rocky Mount 01,name
COBB,EA02,EASTSIDE 02,Eastside 02,name
COBB,SO01,SOPE CREEK 01,Sope Creek 01,name
COBB,MR5B,MARIETTA 5B,Marietta 5B,name
COBB,FO04,FAIR OAKS 04,Fair Oaks 04,name
COBB,MR2B,MARIETTA 2B,Marietta 2B,name
COBB,MR3B,MARIETTA 3B,Marietta 3B,name
COBB,SN5A,SMYRNA 5A,Smyrna 5A,name
COBB,SN3A,SMYRNA 3A,Smyrna 3A,name
COBB,SN4A,SMYRNA 4A,Smyrna 4A,name
COBB,SN3B,SMYRNA 3B,Smyrna 3B,name
COBB,DI01,DOBBINS 01,Dobbins 01,name
COBB,CH02,CHEATHAM HILL 02,Cheatham Hill 02,name
COBB,PM01,PINE MOUNTAIN 01,Pine Mountain 01,name
COBB,KE2A,KENNESAW 2A,Kennesaw 2A,name
COBB,MS02,MARS HILL 02,Mars Hill 02,name
COBB,PT01,PITNER 01,Pitner 01,name
COBB,CK01,CHALKER 01,Chalker 01,name
COBB,PR01,PALMER 01,Palmer 01,name
COBB,BF04,BELLS FERRY 04,Bells Ferry 04,name
COBB,MR4B,MARIETTA 4B,Marietta 4B,name
COBB,EL01,ELIZABETH 01,Elizabeth 01,name
COBB,EP01,EAST PIEDMONT 01,East Piedmont 01,name
COBB,PF01,POWERS FERRY 01,Powers Ferry 01,name
COBB,VG04,VININGS 04,Vinings 04,name
COBB,MR7A,MARIETTA 7A,Marietta 7A,name
COBB,MR3A,MARIETTA 3A,Marietta 3A,name
COBB,MR4A,MARIETTA 4A,Marietta 4A,name
COBB,MR5A,MARIETTA 5A,Marietta 5A,name
COBB,OR03,OREGON 03,Oregon 03,name
COBB,MR2A,MARIETTA 2A,Marietta 2A,name
COBB,MR1A,MARIETTA 1A,Marietta 1A,name
COBB,MR4C,MARIETTA 4C,Marietta 4C,name
COBB,KE3A,KENNESAW 3A,Kennesaw 3A,name
COBB,NP01,NORTON PARK 01,Norton Park 01,name
COBB,FO02,FAIR OAKS 02,Fair Oaks 02,name
COBB,AC1C,ACWORTH 1C,Acworth 1C,name
COBB,KE4A,KENNESAW 4A,Kennesaw 4A,name
COBB,KE5A,KENNESAW 5A,Kennesaw 5A,name
COBB,BK01,BAKER 01,Baker 01,name
COBB,DI02,DOBBINS 02,Dobbins 02,name
COBB,CA01,CHATTAHOOCHEE 01,Chattahoochee 01,name
COBB,SN2A,SMYRNA 2A,Smyrna 2A,name
COBB,SN1A,SMYRNA 1A,Smyrna 1A,name
COBB,SN6A,SMYRNA 6A,Smyrna 6A,name
COBB,VG03,VININGS 03,Vinings 03,name
COBB,VG02,VININGS 02,Vinings 02,name
COBB,OK01,OAKDALE 01,Oakdale 01,name
COBB,NJ01,NICKAJACK 01,Nickajack 01,name
COBB,MR6B,MARIETTA 6B,Marietta 6B,name
COBB,EL02,ELIZABETH 02,Elizabeth 02,name
COBB,EL04,ELIZABETH 04,Elizabeth 04,name
COBB,SM03,SEWELL MILL 03,Sewell Mill 03,name
COBB,EL03,ELIZABETH 03,Elizabeth 03,name
ELBERT,196,MOSS-RUCKERSVILLE,Moss-Ruckersville,name
ELBERT,199,GAINES,Gaines,name
ELBERT,191,ELIAM,Eliam,name
ELBERT,190,LONGSTREET,Longstreet,name
ELBERT,192,PETERSBURG,Petersburg,name
ELBERT,189,ELBERTON,Elberton,name
ELBERT,315,CENTERVILLE,Centerville,name
ELBERT,202,WEBBSBORO,Webbsboro,name
ELBERT,193,WYCHE,Wyche,name
ELBERT,201,GOSHEN,Goshen,name
ELBERT,197,PIKE,Pike,name
WILKES,3B,RAYLE CITY HALL,Rayle City Hall,name
WILKES,4B,TIGNALL SCH LUNCH RM,Tignal Sch Lunch Rm,unique_name_similarity
WILKES,1,SENIOR CITIZEN CENTE,Senior Citizen Center,unique_name_similarity
WILKES,3A,EDWARD B POPE CENTER,Edward B Pope Center,name
WILKES,4A,COURTHOUSE,Courthouse,name
WILKES,2A,YOUNG FARMERS BLDG,Young Farmers Bldg,name
WILKES,2B,METASVILLE FIRE STA,Metasville Fire Sta,name
OGLETHORPE,LX,LEXINGTON,Lexington,name
OGLETHORPE,CR,CRAWFORD,Crawford,name
OGLETHORPE,BV,BEAVERDAM,Beaverdam,name
HABERSHAM,01,HABERSHAM NORTH,Habersham North,name
HABERSHAM,06,MUD CREEK,Mud Creek,name
HABERSHAM,03,DEMOREST,Demorest,name
HABERSHAM,02,HABERSHAM SOUTH,Habersham South,name
HABERSHAM,05,CITY OF BALDWIN,City of Baldwin,name
HABERSHAM,04,TOWN OF MOUNT AIRY,Town of Mt Airy,name
HABERSHAM,07,AMYS CREEK,Amys Creek,name
HART,5,REED CREEK,Reed Creek,name
HART,7,SHOAL CREEK,Shoal Creek,name
HART,2,HARTWELL,Hartwell,name
HART,4,COKESBURY,Cokesbury,name
HART,6,BOWERSVILLE,Bowersville,name
HART,8,BIO,Bio,name
HART,3,GOLDMINE,Goldmine,name
FRANKLIN,2,WEST FRANKLIN,West Franklin,name
FRANKLIN,1,CARNESVILLE,Carnesville,name
FRANKLIN,7,SOUTHWEST FRANKLIN,Southwest Franklin,name
FRANKLIN,6,ROYSTON,Royston,name
FRANKLIN,5,CANON,Canon,name
FRANKLIN,4,LAVONIA,Lavonia,name
FRANKLIN,3,NORTHEAST FRANKLIN,Northeast Franklin,name
STEPHENS,SC1,SENIOR CENTER,Senior Center,name
MADISON,FOR,FORK,Fork,name
MADISON,PIT,PITTMAN,Pittman,name
MADISON,HUL,HULL,Hull,name
MADISON,COB,COLBERT,Colbert,name
MADISON,COM,COMER,Comer,name
MADISON,ILA,ILA,Ila,name
MADISON,POC,POCA,Poca,name
MADISON,DAN,DANIELSVILLE,Danielsville,name
MADISON,MIL,MILL,Mill,name
MADISON,HAR,HARRISON,Harrison,name
MADISON,PAO,PAOLI,Paoli,name
MADISON,COL,COLLINS,Collins,name
JACKSON,4000,SOUTH JACKSON,South Jackson,name
JACKSON,3000,WEST JACKSON,West Jackson,name
JACKSON,1000,CENTRAL JACKSON,Central Jackson,name
JACKSON,2000,NORTH JACKSON,North Jackson,name
