precinct_key,district_num,area_weight,block_count,precinct_block_count
13001000002,1,1.0000000000,,
1300100001B,1,0.9999263286,,
1300100001B,8,0.0000245522,,
1300100001B,12,0.0000491191,,
1300100001C,1,0.9999996805,,
1300100001C,8,0.0000003195,,
1300100003C,1,1.0000000000,,
1300100004B,1,1.0000000000,,
1300100004D,1,1.0000000000,,
1300100005A,1,1.0000000000,,
1300100005B,1,0.9999899898,,
1300100005B,8,0.0000100102,,
130010003A1,1,0.9999788267,,
130010003A1,12,0.0000211733,,
13003000001,8,1.0000000000,,
13003000002,1,0.0001433377,,
13003000002,8,0.9998566623,,
13003000003,8,1.0000000000,,
13003000004,8,1.0000000000,,
130050DOUGL,1,0.9999787289,,
130050DOUGL,8,0.0000212711,,
1300700000A,2,1.0000000000,,
1300700000E,2,1.0000000000,,
1300700000H,2,1.0000000000,,
1300700000M,2,1.0000000000,,
1300700000N,2,1.0000000000,,
13009000318,8,0.9998915066,,
13009000318,10,0.0001084934,,
13009000319,8,0.9999343173,,
13009000319,10,0.0000656827,,
13009000322,8,1.0000000000,,
13009001714,8,1.0000000000,,
1300900321E,8,1.0000000000,,
1300900321W,8,1.0000000000,,
1300900CTY1,8,1.0000000000,,
1300900CTY2,8,1.0000000000,,
1300900CTY3,8,1.0000000000,,
1300900CTY4,8,1.0000000000,,
1300900CTY5,8,1.0000000000,,
1300900CTY6,8,1.0000000000,,
1300900MERI,8,0.9995567854,,
1300900MERI,10,0.0004432146,,
1300900MONT,8,0.9994530068,,
1300900MONT,10,0.0003037191,,
1300900MONT,12,0.0002432741,,
13011000001,9,0.9997584136,,
13011000001,10,0.0002415864,,
13011000002,9,1.0000000000,,
13011000003,9,1.0000000000,,
13011000004,9,0.9999974975,,
13011000004,10,0.0000025025,,
13011000005,9,1.0000000000,,
13011000006,9,0.9996386821,,
13011000006,10,0.0003613179,,
13011000007,9,1.0000000000,,
13011000008,9,0.9999654233,,
13011000008,10,0.0000345767,,
13011000009,9,1.0000000000,,
13011000010,9,1.0000000000,,
13011000011,9,1.0000000000,,
13011000012,9,1.0000000000,,
13011000013,9,1.0000000000,,
13013000001,10,1.0000000000,,
13013000002,9,0.0000195741,,
13013000002,10,0.9999804259,,
13013000003,9,0.0000005071,,
13013000003,10,0.9999994929,,
13013000004,7,0.0003056624,,
13013000004,10,0.9996943376,,
13013000005,10,1.0000000000,,
13013000006,10,1.0000000000,,
13013000007,10,1.0000000000,,
13013000008,10,1.0000000000,,
13013000009,10,1.0000000000,,
13013000010,10,1.0000000000,,
13013000011,7,0.0007217105,,
13013000011,10,0.9992782895,,
13013000012,7,0.0007551848,,
13013000012,9,0.0000569565,,
13013000012,10,0.9991878587,,
13013000013,10,1.0000000000,,
13013000014,10,1.0000000000,,
13013000015,10,1.0000000000,,
13013000016,10,1.0000000000,,
13015000001,11,0.9999283110,,
13015000001,14,0.0000716890,,
13015000002,11,1.0000000000,,
13015000003,11,1.0000000000,,
13015000004,11,1.0000000000,,
13015000005,11,1.0000000000,,
13015000006,11,1.0000000000,,
13015000007,11,0.9999533904,,
13015000007,14,0.0000466096,,
13015000008,11,1.0000000000,,
13015000009,11,0.9999629844,,
13015000009,14,0.0000370156,,
13015000010,11,0.9999492079,,
13015000010,14,0.0000507921,,
13015000011,11,1.0000000000,,
13015000012,11,0.9999650458,,
13015000012,14,0.0000349542,,
13015000014,11,0.9999838163,,
13015000014,14,0.0000161837,,
13015000015,11,1.0000000000,,
13015000016,11,1.0000000000,,
13015000018,11,0.9999846769,,
13015000018,14,0.0000153231,,
13017000001,8,1.0000000000,,
13017000002,8,1.0000000000,,
13019000518,8,1.0000000000,,
13019001144,8,1.0000000000,,
13019001148,8,1.0000000000,,
13019001157,8,1.0000000000,,
13019001329,8,1.0000000000,,
13019001427,8,1.0000000000,,
13019001642,8,1.0000000000,,
13019001767,8,1.0000000000,,
13019001819,8,1.0000000000,,
13021000EM1,2,1.0000000000,,
13021000EM2,2,0.9998315849,,
13021000EM2,8,0.0001684151,,
13021000EM3,2,0.9992681073,,
13021000EM3,8,0.0007318927,,
13021000EM4,2,0.9998968928,,
13021000EM4,8,0.0001031072,,
13021000EM5,2,0.9998321784,,
13021000EM5,8,0.0001678216,,
13021000GF1,2,1.0000000000,,
13021000GF2,2,1.0000000000,,
13021000GF3,2,1.0000000000,,
13021000GF4,2,1.0000000000,,
13021000GF5,2,1.0000000000,,
13021000HA1,2,1.0000000000,,
13021000HA2,2,0.0001247582,,
13021000HA2,8,0.9998752418,,
13021000HA3,2,0.9983296682,,
13021000HA3,8,0.0016703318,,
13021000HA4,2,0.0013709854,,
13021000HA4,8,0.9986290146,,
13021000HO1,2,0.0000039849,,
13021000HO1,8,0.9999960151,,
13021000HO2,2,0.0016753729,,
13021000HO2,8,0.9983246271,,
13021000HO3,8,1.0000000000,,
13021000HO4,2,0.0009079659,,
13021000HO4,8,0.9990920341,,
13021000HO5,8,1.0000000000,,
13021000HO6,8,1.0000000000,,
13021000HO7,8,1.0000000000,,
13021000RU1,2,1.0000000000,,
13021000RU2,2,0.9999987110,,
13021000RU2,8,0.0000012890,,
13021000VV1,2,0.9987771994,,
13021000VV1,8,0.0012228006,,
13021000VV2,2,1.0000000000,,
13021000VV3,2,1.0000000000,,
13021000VV4,2,0.9988690242,,
13021000VV4,8,0.0011309758,,
13021000VV5,2,0.0001122633,,
13021000VV5,8,0.9998877367,,
13021000VV6,2,0.4644004219,,
13021000VV6,8,0.5355995781,,
13021000WA1,2,0.9998194147,,
13021000WA1,8,0.0001805853,,
13021000WA2,2,1.0000000000,,
13023000001,8,0.9999898343,,
13023000001,12,0.0000101657,,
13025000001,1,1.0000000000,,
13025000002,1,1.0000000000,,
13025000003,1,1.0000000000,,
13027000659,8,1.0000000000,,
13027000660,8,1.0000000000,,
13027001199,8,1.0000000000,,
13027001230,2,0.0000162419,,
13027001230,8,0.9999837581,,
13027001402,2,0.0000609973,,
13027001402,8,0.9999390027,,
13027001650,8,1.0000000000,,
13027001712,2,0.0000703567,,
13027001712,8,0.9999296433,,
13029000001,1,0.9999222494,,
13029000001,12,0.0000777506,,
13029000002,1,0.9999911934,,
13029000002,12,0.0000088066,,
13029000003,1,0.9999908858,,
13029000003,12,0.0000091142,,
13029000004,1,1.0000000000,,
13029000005,1,1.0000000000,,
13029000006,1,1.0000000000,,
13029000007,1,1.0000000000,,
13029000008,1,1.0000000000,,
13029000009,1,1.0000000000,,
13029000010,1,1.0000000000,,
13029FTSTEW,1,0.9999989510,,
13029FTSTEW,12,0.0000010490,,
13031000001,12,1.0000000000,,
13031000002,12,1.0000000000,,
13031000003,12,1.0000000000,,
13031000004,12,1.0000000000,,
13031000005,1,0.0000676010,,
13031000005,12,0.9999323990,,
13031000006,1,0.0000239024,,
13031000006,12,0.9999760976,,
13031000007,1,0.0000097188,,
13031000007,12,0.9999902812,,
13031000008,12,1.0000000000,,
13031000009,12,1.0000000000,,
13031000010,12,1.0000000000,,
13031000011,12,1.0000000000,,
13031000012,12,1.0000000000,,
13031000013,12,1.0000000000,,
13031000014,12,1.0000000000,,
13031000015,12,1.0000000000,,
13031000016,12,1.0000000000,,
13033000001,12,1.0000000000,,
13033000002,12,1.0000000000,,
13033000003,12,1.0000000000,,
13033000004,12,1.0000000000,,
13033000005,12,1.0000000000,,
13033000006,12,1.0000000000,,
13033000007,12,1.0000000000,,
13033000008,12,1.0000000000,,
13033000009,12,1.0000000000,,
13033000010,12,1.0000000000,,
13033000011,12,1.0000000000,,
13033000012,12,1.0000000000,,
13033000013,12,1.0000000000,,
13033000014,12,1.0000000000,,
13033000015,12,1.0000000000,,
13033000016,12,1.0000000000,,
1303500BCCC,3,0.0000238782,,
1303500BCCC,8,0.0000773332,,
1303500BCCC,10,0.9998987886,,
13037000001,2,1.0000000000,,
13037000002,2,1.0000000000,,
13037000003,2,1.0000000000,,
13037000004,2,1.0000000000,,
13037000005,2,1.0000000000,,
13039000001,1,1.0000000000,,
13039000002,1,1.0000000000,,
13039000003,1,1.0000000000,,
13039000004,1,1.0000000000,,
13039000005,1,1.0000000000,,
13039000006,1,1.0000000000,,
13039000007,1,1.0000000000,,
13039000008,1,1.0000000000,,
13039000009,1,1.0000000000,,
13039000010,1,1.0000000000,,
13039000011,1,1.0000000000,,
13039000012,1,1.0000000000,,
13039000013,1,1.0000000000,,
13039000014,1,1.0000000000,,
13043001685,12,1.0000000000,,
13043001736,12,1.0000000000,,
13045000501,3,1.0000000000,,
13045000640,3,1.0000000000,,
13045000641,3,0.9999973923,,
13045000641,14,0.0000026077,,
13045000642,3,1.0000000000,,
13045000649,3,0.9998810318,,
13045000649,14,0.0001189682,,
13045000650,3,1.0000000000,,
13045000682,3,0.9998614177,,
13045000682,13,0.0001385823,,
13045000713,3,1.0000000000,,
13045000715,3,1.0000000000,,
13045001006,3,1.0000000000,,
13045001111,3,1.0000000000,,
13045001122,3,1.0000000000,,
13045001152,3,1.0000000000,,
13045001240,3,1.0000000000,,
13045001371,3,1.0000000000,,
13045001483,3,1.0000000000,,
13045001496,3,1.0000000000,,
13045001533,3,1.0000000000,,
13045001540,3,1.0000000000,,
13045001542,3,1.0000000000,,
130450714A1,3,1.0000000000,,
130450714A2,3,1.0000000000,,
130450714A3,3,1.0000000000,,
130450714A4,3,1.0000000000,,
130450714A5,3,1.0000000000,,
130450714A6,3,1.0000000000,,
130450714BN,3,1.0000000000,,
130450714BW,3,1.0000000000,,
1304700BLCK,14,1.0000000000,,
1304700BOYN,14,1.0000000000,,
1304700CAKT,14,1.0000000000,,
1304700CHAM,14,1.0000000000,,
1304700FT-O,14,1.0000000000,,
1304700GRAY,14,1.0000000000,,
1304700LAKE,14,1.0000000000,,
1304700POPS,14,1.0000000000,,
1304700RING,14,1.0000000000,,
1304700WEST,14,1.0000000000,,
1304700WOOD,14,1.0000000000,,
13049000002,1,1.0000000000,,
1304900003B,1,1.0000000000,,
1304900003S,1,1.0000000000,,
1304900004A,1,1.0000000000,,
1304900004H,1,1.0000000000,,
1304900005F,1,1.0000000000,,
1304900005R,1,1.0000000000,,
1304900005W,1,1.0000000000,,
1305101-01C,1,1.0000000000,,
1305101-05C,1,1.0000000000,,
1305101-06C,1,1.0000000000,,
1305101-08C,1,1.0000000000,,
1305101-09C,1,1.0000000000,,
1305101-10C,1,1.0000000000,,
1305101-12C,1,1.0000000000,,
1305101-13C,1,1.0000000000,,
1305101-14C,1,1.0000000000,,
1305101-16C,1,1.0000000000,,
1305101-17C,1,1.0000000000,,
1305102-02C,1,1.0000000000,,
1305102-03C,1,1.0000000000,,
1305102-04C,1,1.0000000000,,
1305102-05C,1,1.0000000000,,
1305102-06C,1,1.0000000000,,
1305102-07C,1,1.0000000000,,
1305102-09C,1,1.0000000000,,
1305102-11C,1,1.0000000000,,
1305102-12C,1,1.0000000000,,
1305103-01C,1,1.0000000000,,
1305103-02C,1,1.0000000000,,
1305103-03C,1,1.0000000000,,
1305103-04C,1,1.0000000000,,
1305103-05C,1,1.0000000000,,
1305103-08C,1,1.0000000000,,
1305103-09C,1,1.0000000000,,
1305103-10C,1,1.0000000000,,
1305103-11C,1,1.0000000000,,
1305103-12C,1,1.0000000000,,
1305103-13C,1,1.0000000000,,
1305103-14C,1,1.0000000000,,
1305103-15C,1,1.0000000000,,
1305104-02C,1,1.0000000000,,
1305104-04C,1,1.0000000000,,
1305104-05C,1,1.0000000000,,
1305104-06C,1,1.0000000000,,
1305104-07C,1,1.0000000000,,
1305104-08C,1,1.0000000000,,
1305104-10C,1,1.0000000000,,
1305104-11C,1,1.0000000000,,
1305104-12C,1,1.0000000000,,
1305104-13C,1,1.0000000000,,
1305104-14C,1,1.0000000000,,
1305104-15C,1,1.0000000000,,
1305105-01C,1,1.0000000000,,
1305105-02C,1,1.0000000000,,
1305105-03C,1,1.0000000000,,
1305105-05C,1,1.0000000000,,
1305105-06C,1,1.0000000000,,
1305105-07C,1,1.0000000000,,
1305105-08C,1,1.0000000000,,
1305105-10C,1,1.0000000000,,
1305105-11C,1,1.0000000000,,
1305106-01C,1,1.0000000000,,
1305106-02C,1,1.0000000000,,
1305106-03C,1,1.0000000000,,
1305106-05C,1,1.0000000000,,
1305106-06C,1,1.0000000000,,
1305106-08C,1,1.0000000000,,
1305106-09C,1,1.0000000000,,
1305106-10C,1,1.0000000000,,
1305106-11C,1,1.0000000000,,
1305107-01C,1,1.0000000000,,
1305107-03C,1,1.0000000000,,
1305107-04C,1,1.0000000000,,
1305107-05C,1,1.0000000000,,
1305107-06C,1,1.0000000000,,
1305107-07C,1,1.0000000000,,
1305107-08C,1,1.0000000000,,
1305107-09C,1,1.0000000000,,
1305107-10C,1,1.0000000000,,
1305107-11C,1,1.0000000000,,
1305107-12C,1,1.0000000000,,
1305107-13C,1,1.0000000000,,
1305107-14C,1,1.0000000000,,
1305107-15C,1,1.0000000000,,
1305108-01C,1,1.0000000000,,
1305108-02C,1,1.0000000000,,
1305108-03C,1,1.0000000000,,
1305108-05C,1,1.0000000000,,
1305108-06C,1,1.0000000000,,
1305108-07C,1,1.0000000000,,
1305108-08C,1,1.0000000000,,
1305108-09C,1,1.0000000000,,
1305108-10C,1,1.0000000000,,
1305108-11C,1,1.0000000000,,
1305108-12C,1,1.0000000000,,
1305108-13C,1,1.0000000000,,
1305108-15C,1,1.0000000000,,
130510XFTPU,1,1.0000000000,,
13053000001,2,1.0000000000,,
13053FTBEN1,2,1.0000000000,,
13053FTBEN2,2,1.0000000000,,
13053FTBEN3,2,1.0000000000,,
13055000870,14,1.0000000000,,
13055000925,14,1.0000000000,,
13055000940,14,1.0000000000,,
13055000961,14,1.0000000000,,
13055000962,14,1.0000000000,,
13055000968,14,1.0000000000,,
13055001083,14,1.0000000000,,
13055001216,14,1.0000000000,,
13055001382,14,1.0000000000,,
13055001484,14,1.0000000000,,
130550P-870,14,1.0000000000,,
13055XC-968,14,1.0000000000,,
13057000001,11,1.0000000000,,
13057000002,6,0.0014929802,,
13057000002,11,0.9985070198,,
13057000003,6,0.9995217272,,
13057000003,11,0.0004782728,,
13057000004,6,0.9998182148,,
13057000004,11,0.0001817852,,
13057000005,11,1.0000000000,,
13057000006,11,1.0000000000,,
13057000007,11,1.0000000000,,
13057000008,6,0.0017658149,,
13057000008,11,0.9982341851,,
13057000009,11,1.0000000000,,
13057000010,11,1.0000000000,,
13057000011,6,0.0002005458,,
13057000011,11,0.9997994542,,
13057000012,6,0.0000064646,,
13057000012,11,0.9999935354,,
13057000013,6,0.0002162324,,
13057000013,11,0.9997837676,,
13057000014,6,0.9999985134,,
13057000014,11,0.0000014866,,
13057000015,11,1.0000000000,,
13057000016,11,1.0000000000,,
13057000018,6,1.0000000000,,
13057000019,6,0.4538773629,,
13057000019,11,0.5461226371,,
13057000020,6,0.9998088739,,
13057000020,11,0.0001911261,,
13057000021,11,1.0000000000,,
13057000022,11,1.0000000000,,
13057000023,11,1.0000000000,,
13057000024,11,1.0000000000,,
13057000026,6,0.0005018531,,
13057000026,11,0.9994981469,,
13057000027,6,0.9996896152,,
13057000027,11,0.0003103848,,
13057000028,6,0.9992406359,,
13057000028,11,0.0007593641,,
13057000029,11,1.0000000000,,
13057000030,11,1.0000000000,,
13057000031,11,1.0000000000,,
13057000032,11,1.0000000000,,
13057000033,11,1.0000000000,,
13057000034,11,1.0000000000,,
13057000035,11,1.0000000000,,
13057000036,11,1.0000000000,,
13057000037,11,1.0000000000,,
13057000038,6,1.0000000000,,
13057000039,6,0.0011993144,,
13057000039,11,0.9988006856,,
13057000040,11,1.0000000000,,
13057000041,11,1.0000000000,,
13057000042,11,1.0000000000,,
13057000043,11,1.0000000000,,
13057000044,6,0.0000068565,,
13057000044,11,0.9999931435,,
1305900001A,10,1.0000000000,,
1305900001B,10,1.0000000000,,
1305900001C,10,1.0000000000,,
1305900001D,10,1.0000000000,,
1305900002A,10,1.0000000000,,
1305900002B,10,1.0000000000,,
1305900003A,10,1.0000000000,,
1305900003B,10,1.0000000000,,
1305900004A,10,1.0000000000,,
1305900004B,10,1.0000000000,,
1305900005A,10,1.0000000000,,
1305900005B,10,1.0000000000,,
1305900005C,10,1.0000000000,,
1305900005D,10,1.0000000000,,
1305900006A,10,1.0000000000,,
1305900006B,10,1.0000000000,,
1305900006C,10,1.0000000000,,
1305900006D,10,1.0000000000,,
1305900007A,10,1.0000000000,,
1305900007B,10,1.0000000000,,
1305900007C,10,1.0000000000,,
1305900008A,10,1.0000000000,,
1305900008B,10,1.0000000000,,
1305900008C,10,1.0000000000,,
13061000001,2,1.0000000000,,
13061000002,2,1.0000000000,,
13061000003,2,1.0000000000,,
13061000004,2,1.0000000000,,
13061000005,2,1.0000000000,,
13063000EW1,5,0.0000092590,,
13063000EW1,13,0.9999907410,,
13063000FP1,5,0.9999996225,,
13063000FP1,13,0.0000003775,,
13063000FP2,5,0.9985243830,,
13063000FP2,13,0.0014756170,,
13063000FP3,5,0.9963256082,,
13063000FP3,13,0.0036743918,,
13063000FP4,5,0.0023697322,,
13063000FP4,13,0.9976302678,,
13063000FP5,5,0.0011472965,,
13063000FP5,13,0.9988527035,,
13063000FP6,13,1.0000000000,,
13063000LC1,13,1.0000000000,,
13063000LJ1,13,1.0000000000,,
13063000LJ2,13,1.0000000000,,
13063000LJ3,3,0.0000910430,,
13063000LJ3,13,0.9999089570,,
13063000LJ4,13,1.0000000000,,
13063000LJ5,13,1.0000000000,,
13063000MO1,5,0.0008450663,,
13063000MO1,13,0.9991549337,,
13063000MO2,13,1.0000000000,,
13063000MO3,13,1.0000000000,,
13063000MO4,13,1.0000000000,,
13063000MO5,13,1.0000000000,,
13063000MO6,13,1.0000000000,,
13063000MO7,13,1.0000000000,,
13063000MO8,13,1.0000000000,,
13063000MO9,13,1.0000000000,,
13063000PH1,3,0.0025853817,,
13063000PH1,13,0.9974146183,,
13063000PH2,3,0.0003711000,,
13063000PH2,13,0.9996289000,,
1306300JB01,13,1.0000000000,,
1306300JB02,13,1.0000000000,,
1306300JB03,13,1.0000000000,,
1306300JB04,13,1.0000000000,,
1306300JB05,13,1.0000000000,,
1306300JB06,13,1.0000000000,,
1306300JB07,13,1.0000000000,,
1306300JB08,13,1.0000000000,,
1306300JB09,13,1.0000000000,,
1306300JB10,13,1.0000000000,,
1306300JB11,13,1.0000000000,,
1306300JB12,13,1.0000000000,,
1306300JB13,3,0.0015827637,,
1306300JB13,13,0.9984172363,,
1306300JB14,13,1.0000000000,,
1306300JB15,13,1.0000000000,,
1306300JB16,13,1.0000000000,,
1306300JB17,13,1.0000000000,,
1306300JB18,13,1.0000000000,,
1306300OAK1,5,0.9938616935,,
1306300OAK1,13,0.0061383065,,
1306300OAK2,5,1.0000000000,,
1306300OAK3,5,0.9996987018,,
1306300OAK3,13,0.0003012982,,
1306300OAK4,5,0.9977365846,,
1306300OAK4,13,0.0022634154,,
1306300RD01,5,0.0014163257,,
1306300RD01,13,0.9985836743,,
1306300RD02,13,1.0000000000,,
1306300RD03,5,0.0001197200,,
1306300RD03,13,0.9998802800,,
1306300RD04,13,1.0000000000,,
1306300RD05,13,1.0000000000,,
1306300RD06,13,1.0000000000,,
1306300RD07,5,0.0000317082,,
1306300RD07,13,0.9999682918,,
1306300RD08,13,1.0000000000,,
1306300RD09,13,1.0000000000,,
1306300RD10,5,0.0004740444,,
1306300RD10,13,0.9995259556,,
1306300RD11,5,0.0012191358,,
1306300RD11,13,0.9987808642,,
1306300RD12,13,1.0000000000,,
1306500000D,8,1.0000000000,,
1306500000F,1,0.0000368049,,
1306500000F,8,0.9999631951,,
1306500000H,1,0.0000465215,,
1306500000H,8,0.9999534785,,
130650000AB,8,1.0000000000,,
130650000AG,1,0.0000695714,,
130650000AG,8,0.9999304286,,
1306700AC1A,11,1.0000000000,,
1306700AC1B,11,1.0000000000,,
1306700AC1C,11,1.0000000000,,
1306700AD01,6,1.0000000000,,
1306700AU1A,13,0.0001550658,,
1306700AU1A,14,0.9998449342,,
1306700BF02,6,0.9990433578,,
1306700BF02,11,0.0009566422,,
1306700BF03,6,0.9990006085,,
1306700BF03,11,0.0009993915,,
1306700BG01,11,1.0000000000,,
1306700BG02,6,0.0010266519,,
1306700BG02,11,0.9989733481,,
1306700BK01,11,1.0000000000,,
1306700BR01,13,1.0000000000,,
1306700BR02,13,1.0000000000,,
1306700BT01,13,1.0000000000,,
1306700BT02,5,0.0000227907,,
1306700BT02,13,0.9999772093,,
1306700BW01,6,1.0000000000,,
1306700CA01,5,0.0017294690,,
1306700CA01,11,0.9982705310,,
1306700CH02,11,0.9997972576,,
1306700CH02,14,0.0002027424,,
1306700CH03,11,1.0000000000,,
1306700CK01,6,0.0004975109,,
1306700CK01,11,0.9995024891,,
1306700CL01,14,1.0000000000,,
1306700CL02,13,0.0000487109,,
1306700CL02,14,0.9999512891,,
1306700CO01,11,0.0001020617,,
1306700CO01,13,0.0007522170,,
1306700CO01,14,0.9991457214,,
1306700CR01,6,1.0000000000,,
1306700DC01,6,0.9995700536,,
1306700DC01,11,0.0004299464,,
1306700DI01,11,1.0000000000,,
1306700DL01,11,1.0000000000,,
1306700DO01,6,1.0000000000,,
1306700DU01,11,1.0000000000,,
1306700DV01,6,0.9999979202,,
1306700DV01,11,0.0000020798,,
1306700EA01,6,0.9992368037,,
1306700EA01,11,0.0007631963,,
1306700EA02,6,0.1021448936,,
1306700EA02,11,0.8978551064,,
1306700EL01,6,0.0209371606,,
1306700EL01,11,0.9790628394,,
1306700EL02,6,1.0000000000,,
1306700EL03,6,1.0000000000,,
1306700EL04,6,1.0000000000,,
1306700EL05,6,1.0000000000,,
1306700EP01,6,0.8940906902,,
1306700EP01,11,0.1059093098,,
1306700FO02,11,0.0021377838,,
1306700FO02,13,0.9978622162,,
1306700FO04,11,0.9982157391,,
1306700FO04,13,0.0017842609,,
1306700FP01,6,1.0000000000,,
1306700FR01,11,0.9997509259,,
1306700FR01,14,0.0002490741,,
1306700FY01,11,1.0000000000,,
1306700GM01,6,1.0000000000,,
1306700GT01,6,1.0000000000,,
1306700HL01,5,0.0003727002,,
1306700HL01,13,0.9996272998,,
1306700HR01,11,1.0000000000,,
1306700HT01,6,1.0000000000,,
1306700HY01,11,1.0000000000,,
1306700KE1A,11,1.0000000000,,
1306700KE2A,11,1.0000000000,,
1306700KE3A,11,1.0000000000,,
1306700KE4A,11,1.0000000000,,
1306700KE5A,11,1.0000000000,,
1306700KL01,6,0.9999875375,,
1306700KL01,11,0.0000124625,,
1306700KP01,11,0.9992161662,,
1306700KP01,14,0.0007838338,,
1306700KP02,11,0.3288986695,,
1306700KP02,14,0.6711013305,,
1306700KP03,11,0.9990151221,,
1306700KP03,14,0.0009848779,,
1306700LA01,6,1.0000000000,,
1306700LI01,5,0.0001520404,,
1306700LI01,11,0.0000037971,,
1306700LI01,13,0.9998441625,,
1306700LM01,11,0.0005465544,,
1306700LM01,14,0.9994534456,,
1306700LM02,11,1.0000000000,,
1306700LM03,11,0.0015825928,,
1306700LM03,14,0.9984174072,,
1306700LM04,11,1.0000000000,,
1306700MA01,13,0.8281066790,,
1306700MA01,14,0.1718933210,,
1306700MA02,13,0.6507998092,,
1306700MA02,14,0.3492001908,,
1306700MA03,13,1.0000000000,,
1306700MA04,13,1.0000000000,,
1306700MB01,6,1.0000000000,,
1306700MC01,11,0.0011252507,,
1306700MC01,14,0.9988747493,,
1306700MD01,6,1.0000000000,,
1306700ME01,14,1.0000000000,,
1306700MK01,6,1.0000000000,,
1306700ML01,11,1.0000000000,,
1306700MR1A,11,1.0000000000,,
1306700MR2A,11,1.0000000000,,
1306700MR2B,11,1.0000000000,,
1306700MR3A,11,1.0000000000,,
1306700MR4A,11,1.0000000000,,
1306700MR4B,11,1.0000000000,,
1306700MR4C,11,1.0000000000,,
1306700MR5A,6,0.0948908616,,
1306700MR5A,11,0.9051091384,,
1306700MR5B,6,0.3882601869,,
1306700MR5B,11,0.6117398131,,
1306700MR6A,6,0.4883405428,,
1306700MR6A,11,0.5116594572,,
1306700MR6B,6,1.0000000000,,
1306700MR7A,11,1.0000000000,,
1306700MS01,11,0.9999203728,,
1306700MS01,14,0.0000796272,,
1306700MS02,11,1.0000000000,,
1306700MT01,6,0.9988565081,,
1306700MT01,11,0.0011434919,,
1306700MT03,6,0.0033200256,,
1306700MT03,11,0.9966799744,,
1306700MT04,6,0.0016546687,,
1306700MT04,11,0.9983453313,,
1306700NC01,11,1.0000000000,,
1306700NJ01,5,0.0003983684,,
1306700NJ01,11,0.9835959628,,
1306700NJ01,13,0.0160056688,,
1306700NP01,11,0.0010502449,,
1306700NP01,13,0.9989497551,,
1306700NS01,6,0.9999736989,,
1306700NS01,11,0.0000263011,,
1306700OK01,11,0.7321131230,,
1306700OK01,13,0.2678868770,,
1306700OR01,11,0.0012188841,,
1306700OR01,14,0.9987811159,,
1306700OR02,11,0.0006831340,,
1306700OR02,13,0.9993168660,,
1306700OR03,11,0.9996870989,,
1306700OR03,13,0.0003129011,,
1306700OR04,11,0.9991186980,,
1306700OR04,13,0.0003488059,,
1306700OR04,14,0.0005324961,,
1306700OR05,11,0.6892414265,,
1306700OR05,14,0.3107585735,,
1306700PE01,13,0.9998309102,,
1306700PE01,14,0.0001690898,,
1306700PF01,11,1.0000000000,,
1306700PM01,11,1.0000000000,,
1306700PM02,11,1.0000000000,,
1306700PO01,6,0.9999339632,,
1306700PO01,11,0.0000660368,,
1306700PP01,6,1.0000000000,,
1306700PR01,6,0.5457768124,,
1306700PR01,11,0.4542231876,,
1306700PS1A,14,1.0000000000,,
1306700PS2A,14,1.0000000000,,
1306700PS3A,14,1.0000000000,,
1306700PT01,6,0.0000569220,,
1306700PT01,11,0.9999430780,,
1306700RM01,6,1.0000000000,,
1306700RS01,5,0.0007285783,,
1306700RS01,13,0.9992714217,,
1306700RW01,6,1.0000000000,,
1306700RW02,6,1.0000000000,,
1306700SA01,6,1.0000000000,,
1306700SF01,6,1.0000000000,,
1306700SI01,6,1.0000000000,,
1306700SM01,6,1.0000000000,,
1306700SM03,6,0.8222967966,,
1306700SM03,11,0.1777032034,,
1306700SN1A,11,1.0000000000,,
1306700SN2A,11,1.0000000000,,
1306700SN3A,11,0.5433509813,,
1306700SN3A,13,0.4566490187,,
1306700SN4A,11,0.0000020682,,
1306700SN4A,13,0.9999979318,,
1306700SN5A,11,0.2425343981,,
1306700SN5A,13,0.7574656019,,
1306700SN6A,11,0.9980645389,,
1306700SN6A,13,0.0019354611,,
1306700SN7A,5,0.0002264606,,
1306700SN7A,11,0.0236920029,,
1306700SN7A,13,0.9760815365,,
1306700SO01,6,0.9979252888,,
1306700SO01,11,0.0020747112,,
1306700SO02,5,0.0005552806,,
1306700SO02,11,0.9994447194,,
1306700SO03,5,0.0018088161,,
1306700SO03,11,0.9981911839,,
1306700SW01,14,1.0000000000,,
1306700SW02,13,0.9996162969,,
1306700SW02,14,0.0003837031,,
1306700TM01,11,1.0000000000,,
1306700TR01,6,1.0000000000,,
1306700VA01,11,0.9991980962,,
1306700VA01,14,0.0008019038,,
1306700VG01,5,0.0006585758,,
1306700VG01,11,0.9993414242,,
1306700VG02,11,1.0000000000,,
1306700VG03,11,1.0000000000,,
1306700VG04,5,0.0000554596,,
1306700VG04,11,0.9999445404,,
1306700WG02,11,1.0000000000,,
1306700WL01,6,1.0000000000,,
13069000001,8,1.0000000000,,
13069000002,8,1.0000000000,,
13069000003,8,1.0000000000,,
13069000004,8,1.0000000000,,
13069000005,1,0.0000483218,,
13069000005,8,0.9999516782,,
13069000006,1,0.0000386517,,
13069000006,8,0.9999613483,,
13071000001,8,1.0000000000,,
13071000002,8,1.0000000000,,
13071000007,2,0.0001050930,,
13071000007,8,0.9998949070,,
13071000008,8,1.0000000000,,
13071000009,8,1.0000000000,,
13071000010,8,1.0000000000,,
13071000011,8,1.0000000000,,
13071000012,2,0.0000417852,,
13071000012,8,0.9999582148,,
13071000013,2,0.0000055318,,
13071000013,8,0.9999944682,,
13071000014,8,1.0000000000,,
13071000015,8,1.0000000000,,
13071000016,8,1.0000000000,,
13071000017,8,1.0000000000,,
13071000018,2,0.0000980121,,
13071000018,8,0.9999019879,,
13071000019,8,1.0000000000,,
13071000020,8,1.0000000000,,
13071000021,2,0.0000572789,,
13071000021,8,0.9999427211,,
13071000022,8,1.0000000000,,
13071000023,8,1.0000000000,,
13073000010,12,1.0000000000,,
13073000015,12,1.0000000000,,
13073000016,12,1.0000000000,,
13073000017,12,1.0000000000,,
13073000018,12,1.0000000000,,
13073000020,12,1.0000000000,,
13073000025,12,1.0000000000,,
13073000026,12,1.0000000000,,
13073000030,12,1.0000000000,,
13073000031,12,1.0000000000,,
13073000032,12,1.0000000000,,
13073000033,12,1.0000000000,,
13073000034,12,1.0000000000,,
13073000040,12,1.0000000000,,
13073000050,12,1.0000000000,,
13073000051,12,1.0000000000,,
13073000060,12,1.0000000000,,
13073000061,12,1.0000000000,,
13073000062,12,1.0000000000,,
13073000063,12,1.0000000000,,
13073000064,12,1.0000000000,,
13073000065,12,1.0000000000,,
13073000070,12,1.0000000000,,
13073000074,12,1.0000000000,,
13073000075,12,1.0000000000,,
13073000076,12,1.0000000000,,
13073000080,12,1.0000000000,,
13073000085,12,1.0000000000,,
13073000090,12,1.0000000000,,
13073000100,12,1.0000000000,,
13073000105,12,1.0000000000,,
13073000107,12,1.0000000000,,
13073000108,12,1.0000000000,,
13073000109,12,1.0000000000,,
13073000110,12,1.0000000000,,
13073000111,12,1.0000000000,,
13073000115,12,1.0000000000,,
13073000120,12,1.0000000000,,
13073000125,12,1.0000000000,,
13073000130,12,1.0000000000,,
13073000131,12,1.0000000000,,
13073000132,12,1.0000000000,,
13073000134,12,1.0000000000,,
13073000135,12,1.0000000000,,
13073000136,12,1.0000000000,,
13073000137,12,1.0000000000,,
1307500000C,8,1.0000000000,,
1307500000L,8,1.0000000000,,
1307500000M,8,1.0000000000,,
1307500000S,8,1.0000000000,,
130750000DB,8,1.0000000000,,
130750000EP,8,1.0000000000,,
130750000NL,8,1.0000000000,,
130750000RB,8,1.0000000000,,
13077000001,3,1.0000000000,,
13077000002,3,1.0000000000,,
13077000003,3,1.0000000000,,
13077000004,3,1.0000000000,,
13077000005,3,1.0000000000,,
13077000006,3,1.0000000000,,
13077000007,3,0.9999945700,,
13077000007,13,0.0000054300,,
13077000008,3,0.9999594448,,
13077000008,13,0.0000405552,,
13077000009,3,1.0000000000,,
13077000010,3,1.0000000000,,
13077000011,3,1.0000000000,,
13077000012,3,1.0000000000,,
13077000013,3,1.0000000000,,
13077000014,3,1.0000000000,,
13077000015,3,1.0000000000,,
13077000017,3,1.0000000000,,
13077000018,3,1.0000000000,,
13077000019,3,1.0000000000,,
13077000020,3,1.0000000000,,
13077000021,3,1.0000000000,,
13077000022,3,0.9999676116,,
13077000022,13,0.0000323884,,
13077000023,3,1.0000000000,,
13077000024,3,1.0000000000,,
13077000025,3,1.0000000000,,
13077000026,3,1.0000000000,,
13077000027,3,1.0000000000,,
13077000028,3,1.0000000000,,
13079000002,2,0.9999568935,,
13079000002,3,0.0000303555,,
13079000002,8,0.0000127510,,
13079000003,2,1.0000000000,,
13079000004,2,1.0000000000,,
13079000005,2,1.0000000000,,
1307900001A,2,1.0000000000,,
1307900001B,2,1.0000000000,,
130810ARABI,8,1.0000000000,,
130810CONEY,2,0.0001577012,,
130810CONEY,8,0.9998422988,,
130810CORDE,2,0.0000327540,,
130810CORDE,8,0.9999672460,,
130810JAMES,2,0.0001770993,,
130810JAMES,8,0.9998229007,,
130810LISTO,2,0.0000010567,,
130810LISTO,8,0.9999989433,,
13083000960,14,1.0000000000,,
13083000974,14,1.0000000000,,
13083001038,14,1.0000000000,,
13083001214,14,1.0000000000,,
13083001222,14,1.0000000000,,
13083001885,14,1.0000000000,,
13083001889,14,1.0000000000,,
13085000001,6,0.9994516207,,
13085000001,9,0.0005199380,,
13085000001,11,0.0000284413,,
13085000002,6,0.9999777851,,
13085000002,9,0.0000166147,,
13085000002,11,0.0000056002,,
13085000003,6,0.9996532887,,
13085000003,9,0.0003467113,,
13087000513,2,1.0000000000,,
13087000514,2,1.0000000000,,
13087000694,2,1.0000000000,,
13087001277,2,1.0000000000,,
13087001325,2,1.0000000000,,
13087001342,2,1.0000000000,,
13087001361,2,1.0000000000,,
13087001613,2,1.0000000000,,
13087001805,2,1.0000000000,,
130890000AA,4,1.0000000000,,
130890000AB,4,1.0000000000,,
130890000AD,4,0.9979688918,,
130890000AD,6,0.0020311082,,
130890000AE,4,0.0516050828,,
130890000AE,5,0.9483949172,,
130890000AF,4,1.0000000000,,
130890000AG,4,0.9994472732,,
130890000AG,5,0.0005527268,,
130890000AH,4,0.9999227227,,
130890000AH,5,0.0000772773,,
130890000AI,5,1.0000000000,,
130890000BB,5,1.0000000000,,
130890000BC,4,0.9988278392,,
130890000BC,5,0.0011721608,,
130890000BD,4,1.0000000000,,
130890000BE,4,1.0000000000,,
130890000BF,4,1.0000000000,,
130890000BG,4,1.0000000000,,
130890000BH,4,1.0000000000,,
130890000BI,4,1.0000000000,,
130890000BJ,4,1.0000000000,,
130890000BL,5,0.9952229856,,
130890000BL,13,0.0047770144,,
130890000BM,4,1.0000000000,,
130890000BR,5,1.0000000000,,
130890000CA,4,1.0000000000,,
130890000CB,4,1.0000000000,,
130890000CC,4,0.0001605905,,
130890000CC,5,0.9998394095,,
130890000CD,5,1.0000000000,,
130890000CE,4,1.0000000000,,
130890000CF,4,1.0000000000,,
130890000CG,4,1.0000000000,,
130890000CH,4,1.0000000000,,
130890000CI,4,0.0001916595,,
130890000CI,5,0.9998083405,,
130890000CJ,4,0.9993355028,,
130890000CJ,5,0.0006644972,,
130890000CK,4,1.0000000000,,
130890000CL,5,1.0000000000,,
130890000CM,4,0.0000821422,,
130890000CM,5,0.9999178578,,
130890000CO,4,0.9999959861,,
130890000CO,5,0.0000040139,,
130890000CP,4,1.0000000000,,
130890000CQ,5,1.0000000000,,
130890000CR,5,1.0000000000,,
130890000CS,4,0.0004983032,,
130890000CS,5,0.9756934484,,
130890000CS,13,0.0238082484,,
130890000CT,4,1.0000000000,,
130890000CU,4,0.9998396898,,
130890000CU,5,0.0001603102,,
130890000CV,5,1.0000000000,,
130890000CW,4,1.0000000000,,
130890000CX,4,1.0000000000,,
130890000DA,4,0.9998658040,,
130890000DA,7,0.0001341960,,
130890000DB,4,1.0000000000,,
130890000DC,4,1.0000000000,,
130890000DE,4,1.0000000000,,
130890000DF,4,0.9995786296,,
130890000DF,5,0.0004213704,,
130890000DG,4,1.0000000000,,
130890000DH,4,0.0002606223,,
130890000DH,5,0.9997393777,,
130890000DI,4,0.9999905179,,
130890000DI,6,0.0000094821,,
130890000EA,5,1.0000000000,,
130890000EC,4,1.0000000000,,
130890000EE,5,1.0000000000,,
130890000EF,4,1.0000000000,,
130890000EG,5,1.0000000000,,
130890000ER,4,0.0026137683,,
130890000ER,5,0.9973862317,,
130890000FA,4,1.0000000000,,
130890000FB,5,1.0000000000,,
130890000FC,5,1.0000000000,,
130890000FE,4,0.9995653798,,
130890000FE,5,0.0004346202,,
130890000FG,4,1.0000000000,,
130890000FJ,5,1.0000000000,,
130890000FK,4,0.9994273172,,
130890000FK,13,0.0005726828,,
130890000FL,4,0.0032967460,,
130890000FL,5,0.9967032540,,
130890000FM,4,1.0000000000,,
130890000GA,5,1.0000000000,,
130890000GB,4,1.0000000000,,
130890000GC,5,1.0000000000,,
130890000GD,4,0.9999465088,,
130890000GD,5,0.0000534912,,
130890000GF,4,1.0000000000,,
130890000HA,4,1.0000000000,,
130890000HB,4,1.0000000000,,
130890000HC,4,1.0000000000,,
130890000HF,4,1.0000000000,,
130890000HG,4,0.9989895592,,
130890000HG,7,0.0010104408,,
130890000HH,4,0.9972182942,,
130890000HH,5,0.0027796220,,
130890000HH,13,0.0000020838,,
130890000HI,4,1.0000000000,,
130890000IA,4,1.0000000000,,
130890000IB,4,1.0000000000,,
130890000JA,4,0.0000843531,,
130890000JA,5,0.9999156469,,
130890000JB,4,1.0000000000,,
130890000KA,5,1.0000000000,,
130890000KB,4,0.9982081469,,
130890000KB,6,0.0017918531,,
130890000KC,4,1.0000000000,,
130890000KD,4,0.9999835898,,
130890000KD,13,0.0000164102,,
130890000KE,4,0.0014931557,,
130890000KE,5,0.9985068443,,
130890000KG,4,1.0000000000,,
130890000LA,4,1.0000000000,,
130890000LB,4,0.9966252731,,
130890000LB,5,0.0033747269,,
130890000LC,4,0.9998732189,,
130890000LC,5,0.0001267811,,
130890000LD,4,1.0000000000,,
130890000LE,5,1.0000000000,,
130890000LH,4,1.0000000000,,
130890000LV,4,1.0000000000,,
130890000MA,4,1.0000000000,,
130890000MB,5,1.0000000000,,
130890000MC,4,1.0000000000,,
130890000MD,5,1.0000000000,,
130890000ME,4,1.0000000000,,
130890000MF,4,1.0000000000,,
130890000MG,4,0.9996773419,,
130890000MG,5,0.0003226581,,
130890000MH,4,1.0000000000,,
130890000MI,4,1.0000000000,,
130890000MJ,4,1.0000000000,,
130890000MK,4,1.0000000000,,
130890000ML,5,1.0000000000,,
130890000MN,4,1.0000000000,,
130890000MO,4,0.9953343037,,
130890000MO,5,0.0046656963,,
130890000MP,5,1.0000000000,,
130890000MQ,4,0.9974078010,,
130890000MQ,6,0.0025921990,,
130890000MR,4,0.9965537354,,
130890000MR,5,0.0034462646,,
130890000MS,4,1.0000000000,,
130890000MT,5,1.0000000000,,
130890000MU,4,0.9999675922,,
130890000MU,5,0.0000324078,,
130890000MV,4,1.0000000000,,
130890000MW,4,1.0000000000,,
130890000MZ,4,1.0000000000,,
130890000NB,4,0.3695589230,,
130890000NB,5,0.6304410770,,
130890000NC,4,1.0000000000,,
130890000ND,4,1.0000000000,,
130890000NF,4,0.9996176072,,
130890000NF,7,0.0003823928,,
130890000OA,4,1.0000000000,,
130890000OB,4,0.9992989475,,
130890000OB,7,0.0007010525,,
130890000OK,5,1.0000000000,,
130890000OV,4,0.0053638371,,
130890000OV,5,0.9946361629,,
130890000PA,4,0.9996599015,,
130890000PA,5,0.0003400985,,
130890000PB,4,1.0000000000,,
130890000PC,4,1.0000000000,,
130890000PE,4,1.0000000000,,
130890000PF,4,0.9996380931,,
130890000PF,7,0.0003619069,,
130890000PG,5,1.0000000000,,
130890000PH,4,1.0000000000,,
130890000PI,4,1.0000000000,,
130890000PN,5,1.0000000000,,
130890000PR,4,1.0000000000,,
130890000RA,4,0.9987725687,,
130890000RA,5,0.0012274313,,
130890000RC,4,1.0000000000,,
130890000RD,4,1.0000000000,,
130890000RE,4,1.0000000000,,
130890000RF,4,1.0000000000,,
130890000RG,4,1.0000000000,,
130890000RH,4,1.0000000000,,
130890000RI,4,0.9990031520,,
130890000RI,7,0.0009968480,,
130890000RJ,4,1.0000000000,,
130890000RK,4,1.0000000000,,
130890000RL,4,0.9997536124,,
130890000RL,7,0.0002463876,,
130890000RM,4,1.0000000000,,
130890000RN,5,1.0000000000,,
130890000SA,4,1.0000000000,,
130890000SB,4,0.5730086510,,
130890000SB,5,0.4269913490,,
130890000SC,4,0.9988060728,,
130890000SC,5,0.0011939272,,
130890000SD,4,0.9997199790,,
130890000SD,7,0.0002800210,,
130890000SE,4,0.9994148169,,
130890000SE,5,0.0005851831,,
130890000SF,4,1.0000000000,,
130890000SG,4,0.9993634929,,
130890000SG,5,0.0006365071,,
130890000SH,4,0.9984336999,,
130890000SH,7,0.0015663001,,
130890000SI,4,1.0000000000,,
130890000SJ,4,1.0000000000,,
130890000SK,4,1.0000000000,,
130890000SL,4,1.0000000000,,
130890000SM,4,1.0000000000,,
130890000SN,4,1.0000000000,,
130890000SO,4,1.0000000000,,
130890000SP,4,1.0000000000,,
130890000SQ,4,1.0000000000,,
130890000SR,4,1.0000000000,,
130890000SS,4,1.0000000000,,
130890000ST,4,1.0000000000,,
130890000SU,4,1.0000000000,,
130890000SV,4,1.0000000000,,
130890000SW,4,1.0000000000,,
130890000TA,5,1.0000000000,,
130890000TC,5,1.0000000000,,
130890000TF,4,0.9957029979,,
130890000TF,7,0.0042970021,,
130890000TG,4,1.0000000000,,
130890000TH,4,0.9996424042,,
130890000TH,7,0.0003575958,,
130890000VB,4,1.0000000000,,
130890000WA,4,0.0008140001,,
130890000WA,5,0.9991859999,,
130890000WB,4,1.0000000000,,
130890000WC,5,1.0000000000,,
130890000WD,4,1.0000000000,,
130890000WF,5,1.0000000000,,
130890000WG,4,1.0000000000,,
130890000WI,4,1.0000000000,,
130890000WJ,4,0.9993011329,,
130890000WJ,5,0.0006988671,,
130890000WK,4,1.0000000000,,
130890000WL,4,0.9999823312,,
130890000WL,6,0.0000001099,,
130890000WL,7,0.0000175588,,
130890000WN,4,0.9999046392,,
130890000WN,7,0.0000953608,,
130890000YA,4,1.0000000000,,
13091000LEE,8,1.0000000000,,
130910CHAUN,8,1.0000000000,,
130910CLARK,8,0.9999530347,,
130910CLARK,12,0.0000469653,,
130910EDDIN,8,1.0000000000,,
130910EMPIR,8,1.0000000000,,
130910JAYBI,8,0.9999532093,,
130910JAYBI,12,0.0000467907,,
130910JONES,8,0.9999670564,,
130910JONES,12,0.0000329436,,
130910MCCRA,8,1.0000000000,,
130910MILAN,8,1.0000000000,,
130910MITCH,8,1.0000000000,,
130910MULLI,8,0.9999972854,,
130910MULLI,12,0.0000027146,,
130910PLAIN,8,0.9999223274,,
130910PLAIN,12,0.0000776726,,
130910PONDT,8,1.0000000000,,
130910RAWLI,8,1.0000000000,,
130910VILUL,8,1.0000000000,,
130910YONKE,8,1.0000000000,,
13093000002,2,0.9999967565,,
13093000002,8,0.0000032435,,
13093000005,2,0.9998896367,,
13093000005,8,0.0001103633,,
13093000007,2,0.9998968274,,
13093000007,8,0.0001031726,,
13093000008,2,1.0000000000,,
13093000010,2,1.0000000000,,
13095000001,2,1.0000000000,,
13095000002,2,1.0000000000,,
13095000003,2,1.0000000000,,
13095000004,2,1.0000000000,,
13095000005,2,1.0000000000,,
13095000006,2,1.0000000000,,
13095000007,2,1.0000000000,,
13095000008,2,1.0000000000,,
13095000009,2,1.0000000000,,
13095000010,2,1.0000000000,,
13095000011,2,1.0000000000,,
13095000012,2,1.0000000000,,
13095000013,2,1.0000000000,,
13095000014,2,1.0000000000,,
13095000015,2,1.0000000000,,
13095000016,2,1.0000000000,,
13095000017,2,1.0000000000,,
13095000018,2,1.0000000000,,
13095000019,2,1.0000000000,,
13095000020,2,0.9999736243,,
13095000020,8,0.0000263757,,
13095000021,2,0.9999771430,,
13095000021,8,0.0000228570,,
13095000022,2,1.0000000000,,
13095000023,2,0.9999470053,,
13095000023,8,0.0000529947,,
13095000024,2,1.0000000000,,
13095000025,2,1.0000000000,,
13095000026,2,1.0000000000,,
13095000027,2,1.0000000000,,
13095000028,2,1.0000000000,,
13097000729,3,0.0009509440,,
13097000729,13,0.9987953593,,
13097000729,14,0.0002536967,,
13097000730,3,0.0003885842,,
13097000730,13,0.9996114158,,
13097000731,13,0.9997992593,,
13097000731,14,0.0002007407,,
13097000732,13,0.9997870499,,
13097000732,14,0.0002129501,,
13097000733,3,0.0016321174,,
13097000733,13,0.9983678826,,
13097000734,3,0.9998462828,,
13097000734,13,0.0001537172,,
13097000735,3,0.9996363522,,
13097000735,13,0.0003636478,,
13097000737,13,1.0000000000,,
13097000738,3,0.6267548858,,
13097000738,13,0.3732451142,,
13097000739,13,1.0000000000,,
13097000740,13,1.0000000000,,
13097000784,13,1.0000000000,,
13097000785,13,1.0000000000,,
13097001258,3,0.9999889333,,
13097001258,14,0.0000110667,,
13097001259,3,0.9994277518,,
13097001259,13,0.0005713410,,
13097001259,14,0.0000009072,,
13097001260,3,0.9999701851,,
13097001260,13,0.0000298149,,
13097001270,13,0.9992749579,,
13097001270,14,0.0007250421,,
13097001271,3,1.0000000000,,
13097001272,3,0.9483755738,,
13097001272,13,0.0516244262,,
13097001273,13,0.9999996389,,
13097001273,14,0.0000003611,,
13097001274,13,0.9987412733,,
13097001274,14,0.0012587267,,
13097001275,13,1.0000000000,,
13097001276,13,1.0000000000,,
1309700736N,3,0.0007114610,,
1309700736N,13,0.9992885390,,
1309700736S,3,0.0003541080,,
1309700736S,13,0.9996458920,,
1309900000A,2,1.0000000000,,
1309900000B,2,1.0000000000,,
1309900000U,2,1.0000000000,,
130990000CS,2,1.0000000000,,
130990000CU,2,1.0000000000,,
13101001058,8,1.0000000000,,
1310300001A,1,1.0000000000,,
1310300001B,1,0.9996748394,,
1310300001B,12,0.0003251606,,
1310300001C,1,1.0000000000,,
1310300001D,1,1.0000000000,,
1310300002A,1,1.0000000000,,
1310300002B,1,1.0000000000,,
1310300002C,1,1.0000000000,,
1310300003A,12,1.0000000000,,
1310300003B,12,1.0000000000,,
1310300003C,1,0.0000373939,,
1310300003C,12,0.9999626061,,
1310300003D,1,0.0001218752,,
1310300003D,12,0.9998781248,,
1310300004A,1,0.0001474235,,
1310300004A,12,0.9998525765,,
1310300004B,1,0.9868422516,,
1310300004B,12,0.0131577484,,
1310300004C,1,0.9998295729,,
1310300004C,12,0.0001704271,,
1310300005A,1,0.9998059960,,
1310300005A,12,0.0001940040,,
1310300005B,1,1.0000000000,,
1310300005C,1,1.0000000000,,
13105000189,10,1.0000000000,,
13105000190,10,1.0000000000,,
13105000191,10,0.9998592640,,
13105000191,12,0.0001407360,,
13105000192,10,0.9993467995,,
13105000192,12,0.0006532005,,
13105000193,10,1.0000000000,,
13105000196,10,1.0000000000,,
13105000197,9,0.0000488156,,
13105000197,10,0.9999511844,,
13105000199,9,0.0001904597,,
13105000199,10,0.9998095403,,
13105000201,9,0.0000245171,,
13105000201,10,0.9999754829,,
13105000202,10,1.0000000000,,
13105000315,9,0.0000421808,,
13105000315,10,0.9999578192,,
13107000050,12,1.0000000000,,
13107000052,12,1.0000000000,,
13107000053,12,1.0000000000,,
13107000057,12,1.0000000000,,
13107000058,12,1.0000000000,,
13107001208,12,1.0000000000,,
13107001333,12,1.0000000000,,
13107001429,12,1.0000000000,,
13107001502,12,1.0000000000,,
13107001560,12,1.0000000000,,
13107001748,12,1.0000000000,,
13109000011,1,0.0000208678,,
13109000011,12,0.9999791322,,
1311100COLW,9,0.9999919983,,
1311100COLW,14,0.0000080017,,
1311100FAIR,9,1.0000000000,,
1311100FLIN,9,1.0000000000,,
1311100HEMP,9,1.0000000000,,
1311100HOTH,9,1.0000000000,,
1311100MINE,9,1.0000000000,,
1311100MOBI,9,1.0000000000,,
1311100MORG,9,1.0000000000,,
1311100NOON,9,1.0000000000,,
1311100SKEN,6,0.0000095604,,
1311100SKEN,9,0.9999904396,,
1311100SUGC,9,1.0000000000,,
1311100TOCC,9,1.0000000000,,
13113000001,3,0.9976445891,,
13113000001,13,0.0023554109,,
13113000002,3,1.0000000000,,
13113000003,13,1.0000000000,,
13113000004,3,0.9988737747,,
13113000004,13,0.0011262253,,
13113000005,3,0.9993127459,,
13113000005,13,0.0006872541,,
13113000006,3,0.9992015609,,
13113000006,13,0.0007984391,,
13113000007,3,0.0006025268,,
13113000007,13,0.9993974732,,
13113000008,3,0.0024278883,,
13113000008,13,0.9975721117,,
13113000009,3,1.0000000000,,
13113000010,3,0.9990166247,,
13113000010,13,0.0009833753,,
13113000011,3,1.0000000000,,
13113000012,3,1.0000000000,,
13113000013,3,1.0000000000,,
13113000014,3,1.0000000000,,
13113000015,3,0.9999629595,,
13113000015,13,0.0000370405,,
13113000016,3,1.0000000000,,
13113000017,3,1.0000000000,,
13113000018,3,1.0000000000,,
13113000019,3,1.0000000000,,
13113000020,3,1.0000000000,,
13113000021,3,1.0000000000,,
13113000022,3,1.0000000000,,
13113000023,13,1.0000000000,,
13113000024,3,0.0014250573,,
13113000024,13,0.9985749427,,
13113000025,3,1.0000000000,,
13113000026,3,1.0000000000,,
13113000027,3,0.9994449657,,
13113000027,13,0.0005550343,,
13113000028,3,0.0005886071,,
13113000028,13,0.9994113929,,
13113000029,3,1.0000000000,,
13113000030,3,0.9996953507,,
13113000030,13,0.0003046493,,
13113000031,3,1.0000000000,,
13113000032,3,1.0000000000,,
13113000033,3,1.0000000000,,
13113000034,3,1.0000000000,,
13113000035,3,0.9999778535,,
13113000035,13,0.0000221465,,
13113000036,3,0.9997112696,,
13113000036,13,0.0002887304,,
13115000001,14,1.0000000000,,
13115000010,14,1.0000000000,,
13115000015,14,1.0000000000,,
13115000020,14,1.0000000000,,
13115000025,11,0.0000011908,,
13115000025,14,0.9999988092,,
13115000030,11,0.0000447956,,
13115000030,14,0.9999552044,,
13115000035,14,1.0000000000,,
13115000040,14,1.0000000000,,
13115000045,14,1.0000000000,,
13115000050,14,1.0000000000,,
13115000055,14,1.0000000000,,
13115000060,11,0.0000434367,,
13115000060,14,0.9999565633,,
13115000065,14,1.0000000000,,
13115000075,14,1.0000000000,,
13115000076,14,1.0000000000,,
13115000080,14,1.0000000000,,
13115000085,14,1.0000000000,,
13115000090,14,1.0000000000,,
13115000105,14,1.0000000000,,
13115000110,14,1.0000000000,,
13115000115,14,1.0000000000,,
13115000125,14,1.0000000000,,
13115000130,11,0.0000004059,,
13115000130,14,0.9999995941,,
13115000135,14,1.0000000000,,
13115000140,14,1.0000000000,,
13117000001,6,0.9996036166,,
13117000001,7,0.0003963834,,
13117000002,6,1.0000000000,,
13117000003,6,0.9994296984,,
13117000003,9,0.0005703016,,
13117000004,6,0.9991433897,,
13117000004,9,0.0008566103,,
13117000005,6,1.0000000000,,
13117000006,6,0.9998791759,,
13117000006,9,0.0001208241,,
13117000007,6,1.0000000000,,
13117000008,6,1.0000000000,,
13117000010,6,1.0000000000,,
13117000015,6,1.0000000000,,
13117000016,6,1.0000000000,,
13117000019,6,0.9985166340,,
13117000019,7,0.0005010919,,
13117000019,9,0.0009822741,,
13117000021,6,1.0000000000,,
13117000025,6,1.0000000000,,
13117000027,6,1.0000000000,,
13117000029,6,1.0000000000,,
13119000001,9,1.0000000000,,
13119000002,9,1.0000000000,,
13119000003,9,1.0000000000,,
13119000004,9,1.0000000000,,
13119000005,9,1.0000000000,,
13119000006,9,0.9998572353,,
13119000006,10,0.0001427647,,
13119000007,9,0.9998616050,,
13119000007,10,0.0001383950,,
1312100001A,5,1.0000000000,,
1312100001B,5,1.0000000000,,
1312100001C,5,1.0000000000,,
1312100001D,5,1.0000000000,,
1312100001E,5,1.0000000000,,
1312100001F,5,1.0000000000,,
1312100001G,5,1.0000000000,,
1312100001H,5,1.0000000000,,
1312100001I,5,1.0000000000,,
1312100001J,5,1.0000000000,,
1312100001P,5,1.0000000000,,
1312100001R,5,1.0000000000,,
1312100001S,5,1.0000000000,,
1312100001T,5,1.0000000000,,
1312100002A,5,1.0000000000,,
1312100002B,5,1.0000000000,,
1312100002C,5,1.0000000000,,
1312100002D,5,1.0000000000,,
1312100002E,5,1.0000000000,,
1312100002G,5,1.0000000000,,
1312100002J,5,1.0000000000,,
1312100002K,5,1.0000000000,,
1312100002S,5,1.0000000000,,
1312100002W,5,1.0000000000,,
1312100003A,5,1.0000000000,,
1312100003B,5,1.0000000000,,
1312100003C,5,1.0000000000,,
1312100003D,5,1.0000000000,,
1312100003E,5,1.0000000000,,
1312100003F,5,1.0000000000,,
1312100003G,5,1.0000000000,,
1312100003H,5,1.0000000000,,
1312100003I,5,1.0000000000,,
1312100003L,5,1.0000000000,,
1312100003M,5,1.0000000000,,
1312100003N,5,1.0000000000,,
1312100003S,5,1.0000000000,,
1312100003T,5,1.0000000000,,
1312100004A,5,1.0000000000,,
1312100004B,5,1.0000000000,,
1312100004C,5,1.0000000000,,
1312100004D,5,1.0000000000,,
1312100004F,5,1.0000000000,,
1312100004G,5,1.0000000000,,
1312100004I,5,1.0000000000,,
1312100004J,5,1.0000000000,,
1312100004K,5,1.0000000000,,
1312100004L,5,1.0000000000,,
1312100004M,5,1.0000000000,,
1312100004S,5,1.0000000000,,
1312100004T,5,1.0000000000,,
1312100004V,5,1.0000000000,,
1312100004W,5,1.0000000000,,
1312100005B,5,1.0000000000,,
1312100005C,5,1.0000000000,,
1312100005D,5,1.0000000000,,
1312100005F,5,1.0000000000,,
1312100005J,5,1.0000000000,,
1312100005K,5,1.0000000000,,
1312100006B,5,1.0000000000,,
1312100006D,4,0.0000936495,,
1312100006D,5,0.9999063505,,
1312100006E,5,1.0000000000,,
1312100006F,5,1.0000000000,,
1312100006G,5,1.0000000000,,
1312100006I,5,1.0000000000,,
1312100006J,5,1.0000000000,,
1312100006N,5,1.0000000000,,
1312100006Q,5,1.0000000000,,
1312100006R,5,1.0000000000,,
1312100007A,5,1.0000000000,,
1312100007B,4,0.0003063197,,
1312100007B,5,0.9996936803,,
1312100007C,5,1.0000000000,,
1312100007D,5,1.0000000000,,
1312100007E,4,0.0004027955,,
1312100007E,5,0.9995972045,,
1312100007F,5,1.0000000000,,
1312100007H,5,1.0000000000,,
1312100007J,5,1.0000000000,,
1312100007M,4,0.0006566933,,
1312100007M,5,0.9993433067,,
1312100007N,5,1.0000000000,,
1312100008A,5,0.9996762144,,
1312100008A,11,0.0003237856,,
1312100008B,5,1.0000000000,,
1312100008C,5,1.0000000000,,
1312100008D,5,1.0000000000,,
1312100008E,5,0.9997334761,,
1312100008E,11,0.0002665239,,
1312100008G,5,1.0000000000,,
1312100008H,5,1.0000000000,,
1312100008J,5,1.0000000000,,
1312100008K,5,1.0000000000,,
1312100008L,5,1.0000000000,,
1312100008M,5,1.0000000000,,
1312100008P,5,1.0000000000,,
1312100009A,5,0.9996530051,,
1312100009A,11,0.0003469949,,
1312100009B,5,0.9999175739,,
1312100009B,13,0.0000824261,,
1312100009C,5,1.0000000000,,
1312100009D,5,1.0000000000,,
1312100009E,5,1.0000000000,,
1312100009F,5,1.0000000000,,
1312100009G,5,1.0000000000,,
1312100009H,5,1.0000000000,,
1312100009I,5,1.0000000000,,
1312100009K,5,0.9998778218,,
1312100009K,13,0.0001221782,,
1312100009M,5,0.9998654087,,
1312100009M,13,0.0001345913,,
1312100010A,5,1.0000000000,,
1312100010B,5,1.0000000000,,
1312100010C,5,1.0000000000,,
1312100010D,5,1.0000000000,,
1312100010E,5,1.0000000000,,
1312100010F,5,1.0000000000,,
1312100010G,5,1.0000000000,,
1312100010I,5,1.0000000000,,
1312100010J,5,1.0000000000,,
1312100010K,5,1.0000000000,,
1312100010M,5,1.0000000000,,
1312100010P,5,1.0000000000,,
1312100010R,5,1.0000000000,,
1312100011B,5,0.9988736729,,
1312100011B,13,0.0011263271,,
1312100011C,5,0.8658144990,,
1312100011C,13,0.1341855010,,
1312100011G,5,1.0000000000,,
1312100011H,5,1.0000000000,,
1312100011J,5,1.0000000000,,
1312100011K,5,1.0000000000,,
1312100011M,5,1.0000000000,,
1312100011N,5,1.0000000000,,
1312100011P,5,1.0000000000,,
1312100011R,5,1.0000000000,,
1312100012A,5,1.0000000000,,
1312100012D,5,1.0000000000,,
1312100012F,5,1.0000000000,,
1312100012G,5,1.0000000000,,
1312100012I,5,1.0000000000,,
1312100012J,5,1.0000000000,,
1312100012K,5,1.0000000000,,
1312100012L,5,1.0000000000,,
1312100012M,5,1.0000000000,,
1312100012N,5,1.0000000000,,
1312100012S,5,1.0000000000,,
131210002F1,5,1.0000000000,,
131210002F2,5,1.0000000000,,
131210002L1,5,1.0000000000,,
131210002L2,5,1.0000000000,,
131210003P2,5,1.0000000000,,
131210004X1,5,1.0000000000,,
131210004X2,5,1.0000000000,,
131210005A1,5,1.0000000000,,
131210005A2,5,1.0000000000,,
131210006L1,5,1.0000000000,,
131210006L2,5,1.0000000000,,
131210008F1,5,1.0000000000,,
131210008F2,5,0.9979061349,,
131210008F2,11,0.0020938651,,
131210008N1,5,1.0000000000,,
131210008N2,5,1.0000000000,,
131210010H1,5,1.0000000000,,
131210010H2,5,1.0000000000,,
131210011E1,5,0.9999395435,,
131210011E1,13,0.0000604565,,
131210011E2,5,1.0000000000,,
131210011E3,5,0.9999765443,,
131210011E3,13,0.0000234557,,
131210012E1,5,1.0000000000,,
131210012E2,5,1.0000000000,,
131210012H1,5,1.0000000000,,
131210012H2,5,1.0000000000,,
13121003P1A,5,1.0000000000,,
13121003P1B,5,1.0000000000,,
1312100AP03,6,1.0000000000,,
1312100AP05,6,1.0000000000,,
1312100AP06,6,1.0000000000,,
1312100AP10,6,1.0000000000,,
1312100AP14,6,0.0091799964,,
1312100AP14,7,0.9908200036,,
1312100CH01,13,1.0000000000,,
1312100CH02,3,0.0002067020,,
1312100CH02,13,0.9997932980,,
1312100CH03,3,0.0002568035,,
1312100CH03,13,0.9997431965,,
1312100CH05,3,0.0002778380,,
1312100CH05,13,0.9997221620,,
1312100CP02,5,1.0000000000,,
1312100HP01,5,1.0000000000,,
1312100JC01,6,0.0013266358,,
1312100JC01,7,0.9986476812,,
1312100JC01,9,0.0000256830,,
1312100JC02,6,0.0009703082,,
1312100JC02,7,0.9990296918,,
1312100JC05,7,1.0000000000,,
1312100JC06,7,1.0000000000,,
1312100JC07,7,1.0000000000,,
1312100JC08,7,1.0000000000,,
1312100JC09,7,1.0000000000,,
1312100JC10,6,0.0004241059,,
1312100JC10,7,0.9995758941,,
1312100JC11,7,1.0000000000,,
1312100JC12,7,1.0000000000,,
1312100JC14,7,1.0000000000,,
1312100JC15,7,1.0000000000,,
1312100JC16,6,0.0019335749,,
1312100JC16,7,0.9980664251,,
1312100JC18,6,0.0028995329,,
1312100JC18,7,0.9971004671,,
1312100JC19,6,0.0009609194,,
1312100JC19,7,0.9990390806,,
1312100ML03,6,1.0000000000,,
1312100MP01,6,0.9989198129,,
1312100MP01,11,0.0010801871,,
1312100PA01,3,0.0000087264,,
1312100PA01,13,0.9999912736,,
1312100RW01,6,1.0000000000,,
1312100RW02,6,1.0000000000,,
1312100RW03,6,1.0000000000,,
1312100RW04,6,1.0000000000,,
1312100RW05,6,1.0000000000,,
1312100RW06,6,0.9991074250,,
1312100RW06,7,0.0008925750,,
1312100RW08,6,1.0000000000,,
1312100RW09,6,0.9988574693,,
1312100RW09,11,0.0011425307,,
1312100RW10,6,1.0000000000,,
1312100RW12,6,1.0000000000,,
1312100RW13,6,0.9992429550,,
1312100RW13,7,0.0007570450,,
1312100RW16,6,1.0000000000,,
1312100RW17,6,1.0000000000,,
1312100RW19,6,1.0000000000,,
1312100RW20,6,0.9976671523,,
1312100RW20,7,0.0023328477,,
1312100RW21,6,0.0792562179,,
1312100RW21,7,0.9207437821,,
1312100SC02,5,0.1717135043,,
1312100SC02,13,0.8282864957,,
1312100SC04,13,1.0000000000,,
1312100SC10,13,1.0000000000,,
1312100SC13,13,1.0000000000,,
1312100SC15,13,1.0000000000,,
1312100SC20,13,1.0000000000,,
1312100SC27,13,1.0000000000,,
1312100SS01,4,0.0008522321,,
1312100SS01,6,0.7523390640,,
1312100SS01,7,0.2468087039,,
1312100SS03,5,0.5670678753,,
1312100SS03,6,0.4329321247,,
1312100SS04,5,0.0150257699,,
1312100SS04,6,0.9849742301,,
1312100SS05,5,0.9994340390,,
1312100SS05,6,0.0005659610,,
1312100SS06,5,1.0000000000,,
1312100SS12,4,0.0000578172,,
1312100SS12,5,0.9999421828,,
1312100SS14,5,1.0000000000,,
1312100SS16,5,0.9987223447,,
1312100SS16,11,0.0012776553,,
1312100SS17,4,0.0011264832,,
1312100SS17,6,0.9988735168,,
1312100SS20,4,0.0022344946,,
1312100SS20,6,0.9977655054,,
1312100SS22,6,1.0000000000,,
1312100SS26,6,1.0000000000,,
1312100SS31,5,1.0000000000,,
131210AP01A,6,0.9989575287,,
131210AP01A,7,0.0010424713,,
131210AP01B,6,1.0000000000,,
131210AP01C,6,0.9954959484,,
131210AP01C,7,0.0045040516,,
131210AP01D,6,1.0000000000,,
131210AP01E,6,1.0000000000,,
131210AP021,6,1.0000000000,,
131210AP022,6,1.0000000000,,
131210AP02B,6,1.0000000000,,
131210AP04A,6,1.0000000000,,
131210AP04B,6,1.0000000000,,
131210AP07A,6,1.0000000000,,
131210AP07B,6,1.0000000000,,
131210AP09A,6,0.9988277928,,
131210AP09A,7,0.0011722072,,
131210AP09B,6,0.9954001718,,
131210AP09B,7,0.0045998282,,
131210AP12A,6,1.0000000000,,
131210AP12B,6,1.0000000000,,
131210AP12C,6,1.0000000000,,
131210AP12D,6,1.0000000000,,
131210CH04A,3,0.0000677441,,
131210CH04A,13,0.9999322559,,
131210CH04B,13,1.0000000000,,
131210CP011,5,1.0000000000,,
131210CP012,5,1.0000000000,,
131210CP01B,5,1.0000000000,,
131210CP04A,5,1.0000000000,,
131210CP04B,5,1.0000000000,,
131210CP051,5,0.0465593131,,
131210CP051,13,0.9534406869,,
131210CP052,13,1.0000000000,,
131210CP053,13,1.0000000000,,
131210CP05B,5,0.0042396096,,
131210CP05B,13,0.9957603904,,
131210CP06A,5,0.0008437925,,
131210CP06A,13,0.9991562075,,
131210CP06B,13,1.0000000000,,
131210CP07A,5,0.9999386622,,
131210CP07A,13,0.0000613378,,
131210CP07B,5,0.9972892818,,
131210CP07B,13,0.0027107182,,
131210CP07C,5,0.9999709431,,
131210CP07C,13,0.0000290569,,
131210CP07D,5,1.0000000000,,
131210CP07E,5,1.0000000000,,
131210CP07F,5,0.9943203239,,
131210CP07F,13,0.0056796761,,
131210CP081,13,1.0000000000,,
131210CP083,13,1.0000000000,,
131210CP084,13,1.0000000000,,
131210CP08A,13,1.0000000000,,
131210EP01A,5,1.0000000000,,
131210EP01B,5,1.0000000000,,
131210EP02A,5,1.0000000000,,
131210EP02B,5,1.0000000000,,
131210EP02C,5,1.0000000000,,
131210EP02D,5,1.0000000000,,
131210EP02E,5,1.0000000000,,
131210EP03A,5,1.0000000000,,
131210EP03B,5,1.0000000000,,
131210EP04A,5,0.9974768546,,
131210EP04A,13,0.0025231454,,
131210EP04B,5,0.0014750391,,
131210EP04B,13,0.9985249609,,
131210FA01A,13,1.0000000000,,
131210FA01B,3,0.0002164962,,
131210FA01B,13,0.9997835038,,
131210FA01C,13,1.0000000000,,
131210JC03A,7,1.0000000000,,
131210JC03B,6,0.0000344023,,
131210JC03B,7,0.9999655977,,
131210JC04A,6,0.0037449507,,
131210JC04A,7,0.9962550493,,
131210JC04B,6,0.0056098938,,
131210JC04B,7,0.9943901062,,
131210JC13A,7,1.0000000000,,
131210JC13B,7,1.0000000000,,
131210ML011,6,1.0000000000,,
131210ML012,6,1.0000000000,,
131210ML01B,6,1.0000000000,,
131210ML021,6,1.0000000000,,
131210ML022,6,1.0000000000,,
131210ML023,6,1.0000000000,,
131210ML024,6,1.0000000000,,
131210ML04A,6,1.0000000000,,
131210ML04B,6,1.0000000000,,
131210ML04C,6,1.0000000000,,
131210ML05A,6,1.0000000000,,
131210ML05B,6,1.0000000000,,
131210ML05C,6,1.0000000000,,
131210ML06A,6,1.0000000000,,
131210ML06B,6,1.0000000000,,
131210ML071,6,1.0000000000,,
131210ML072,6,1.0000000000,,
131210ML07A,6,1.0000000000,,
131210RW07A,6,1.0000000000,,
131210RW07B,6,1.0000000000,,
131210RW11A,6,1.0000000000,,
131210RW11B,6,1.0000000000,,
131210RW22A,6,0.9923364102,,
131210RW22A,7,0.0076635898,,
131210RW22B,6,0.0085242133,,
131210RW22B,7,0.9914757867,,
131210SC01A,13,1.0000000000,,
131210SC01B,13,1.0000000000,,
131210SC01C,5,0.0006743412,,
131210SC01C,13,0.9993256588,,
131210SC01D,13,1.0000000000,,
131210SC05A,13,1.0000000000,,
131210SC05B,13,1.0000000000,,
131210SC05D,13,1.0000000000,,
131210SC05E,13,1.0000000000,,
131210SC07A,13,1.0000000000,,
131210SC07B,13,1.0000000000,,
131210SC07C,13,1.0000000000,,
131210SC08A,13,1.0000000000,,
131210SC08B,13,1.0000000000,,
131210SC08C,13,1.0000000000,,
131210SC08D,13,1.0000000000,,
131210SC08E,13,1.0000000000,,
131210SC08F,13,1.0000000000,,
131210SC08G,13,1.0000000000,,
131210SC08H,13,1.0000000000,,
131210SC09A,13,1.0000000000,,
131210SC09B,13,1.0000000000,,
131210SC09C,13,1.0000000000,,
131210SC11A,13,1.0000000000,,
131210SC11B,13,1.0000000000,,
131210SC14A,5,0.9985408402,,
131210SC14A,13,0.0014591598,,
131210SC14B,5,0.9995682844,,
131210SC14B,13,0.0004317156,,
131210SC16A,5,0.0008119592,,
131210SC16A,13,0.9991880408,,
131210SC16B,5,0.0015656543,,
131210SC16B,13,0.9984343457,,
131210SC17A,13,1.0000000000,,
131210SC17B,13,1.0000000000,,
131210SC17C,13,1.0000000000,,
131210SC18A,5,0.0023578753,,
131210SC18A,13,0.9976421247,,
131210SC18B,13,1.0000000000,,
131210SC18C,13,1.0000000000,,
131210SC19A,13,1.0000000000,,
131210SC19B,5,0.0007652660,,
131210SC19B,13,0.9992347340,,
131210SC211,13,1.0000000000,,
131210SC212,13,1.0000000000,,
131210SC21A,13,1.0000000000,,
131210SC23A,13,1.0000000000,,
131210SC23B,13,1.0000000000,,
131210SC23C,13,1.0000000000,,
131210SC29A,13,1.0000000000,,
131210SC29B,13,1.0000000000,,
131210SC30A,5,1.0000000000,,
131210SC30B,5,1.0000000000,,
131210SS02A,6,1.0000000000,,
131210SS02B,6,1.0000000000,,
131210SS07A,5,0.9977133507,,
131210SS07A,6,0.0022866493,,
131210SS07B,5,1.0000000000,,
131210SS07C,5,1.0000000000,,
131210SS08A,4,0.0000158470,,
131210SS08A,5,0.9999841530,,
131210SS08B,5,1.0000000000,,
131210SS08C,5,0.3897222562,,
131210SS08C,6,0.6102777438,,
131210SS08D,4,0.0021431724,,
131210SS08D,5,0.9952823491,,
131210SS08D,6,0.0025744784,,
131210SS09A,5,0.9986147322,,
131210SS09A,11,0.0013852678,,
131210SS09B,5,1.0000000000,,
131210SS11A,5,1.0000000000,,
131210SS11B,5,1.0000000000,,
131210SS11C,5,1.0000000000,,
131210SS11D,5,1.0000000000,,
131210SS13A,5,1.0000000000,,
131210SS13B,5,1.0000000000,,
131210SS15A,6,1.0000000000,,
131210SS15B,6,1.0000000000,,
131210SS18A,5,0.5602626296,,
131210SS18A,6,0.4370345255,,
131210SS18A,11,0.0027028450,,
131210SS18B,5,0.0059081995,,
131210SS18B,6,0.9940918005,,
131210SS19A,6,1.0000000000,,
131210SS19B,6,1.0000000000,,
131210SS29A,4,0.0003214111,,
131210SS29A,5,0.0000091706,,
131210SS29A,6,0.9996694183,,
131210SS29B,6,1.0000000000,,
131210UC01A,13,1.0000000000,,
131210UC01B,13,1.0000000000,,
131210UC01C,13,1.0000000000,,
131210UC01D,13,1.0000000000,,
131210UC01E,13,1.0000000000,,
131210UC02A,13,1.0000000000,,
131210UC02B,13,1.0000000000,,
131210UC031,13,1.0000000000,,
131210UC032,13,1.0000000000,,
131210UC033,13,1.0000000000,,
131210UC035,13,1.0000000000,,
13123000001,9,1.0000000000,,
13123000002,6,0.0004525431,,
13123000002,9,0.9995203346,,
13123000002,11,0.0000271223,,
13123000003,9,0.9998210243,,
13123000003,14,0.0001789757,,
13123000004,9,0.9998266526,,
13123000004,11,0.0001733474,,
13123000005,9,0.9999866011,,
13123000005,11,0.0000104041,,
13123000005,14,0.0000029948,,
13123000006,9,1.0000000000,,
13123000007,9,1.0000000000,,
13123000008,9,0.9997056385,,
13123000008,14,0.0002943615,,
13123000009,9,1.0000000000,,
13123000010,9,1.0000000000,,
13123000011,9,0.9998902709,,
13123000011,11,0.0001097291,,
13123000012,6,0.0000662827,,
13123000012,9,0.9999337173,,
13123000013,9,1.0000000000,,
1312500EDGH,12,1.0000000000,,
1312500GIBS,12,1.0000000000,,
1312500MILL,12,1.0000000000,,
1312500MITC,10,0.0000048927,,
1312500MITC,12,0.9999951073,,
13127001713,1,1.0000000000,,
13127001923,1,1.0000000000,,
13127001933,1,1.0000000000,,
13127001943,1,1.0000000000,,
13127002713,1,1.0000000000,,
13127002923,1,1.0000000000,,
13127002933,1,1.0000000000,,
13127002943,1,1.0000000000,,
13127002953,1,1.0000000000,,
13127003713,1,1.0000000000,,
13127003723,1,1.0000000000,,
13127003733,1,1.0000000000,,
13127003743,1,1.0000000000,,
13127004913,1,1.0000000000,,
13127004923,1,1.0000000000,,
13127004933,1,1.0000000000,,
13127005913,1,1.0000000000,,
13127005923,1,1.0000000000,,
13127005933,1,1.0000000000,,
13127005943,1,1.0000000000,,
13129000856,11,0.0001152714,,
13129000856,14,0.9998847286,,
13129000874,11,0.0000239918,,
13129000874,14,0.9999760082,,
13129000973,14,1.0000000000,,
13129000980,14,1.0000000000,,
13129001054,14,1.0000000000,,
13129001055,11,0.0000392514,,
13129001055,14,0.9999607486,,
13129001056,11,0.0000191424,,
13129001056,14,0.9999808576,,
13129001063,14,1.0000000000,,
13129001064,14,1.0000000000,,
13129001235,9,0.0000029780,,
13129001235,11,0.0000346324,,
13129001235,14,0.9999623896,,
131290849-A,14,1.0000000000,,
131290849-B,14,1.0000000000,,
1313100000B,2,1.0000000000,,
1313100000D,2,1.0000000000,,
1313100000H,2,1.0000000000,,
1313100000L,2,1.0000000000,,
1313100000M,2,1.0000000000,,
1313100000P,2,1.0000000000,,
1313100000R,2,1.0000000000,,
1313100000S,2,1.0000000000,,
1313100000W,2,1.0000000000,,
131310000SH,2,1.0000000000,,
131310000WL,2,1.0000000000,,
13131000C04,2,1.0000000000,,
13131000C05,2,1.0000000000,,
13133000001,10,1.0000000000,,
13133000004,10,1.0000000000,,
13133000005,10,1.0000000000,,
13133000006,10,1.0000000000,,
13133000008,10,1.0000000000,,
13135000001,7,1.0000000000,,
13135000002,7,1.0000000000,,
13135000003,7,0.9988743477,,
13135000003,9,0.0011256523,,
13135000004,9,1.0000000000,,
13135000005,7,1.0000000000,,
13135000006,9,1.0000000000,,
13135000007,7,0.9991260894,,
13135000007,9,0.0008739106,,
13135000008,9,1.0000000000,,
13135000009,9,1.0000000000,,
13135000010,7,1.0000000000,,
13135000011,7,1.0000000000,,
13135000012,4,0.0012109459,,
13135000012,7,0.9987890541,,
13135000013,9,1.0000000000,,
13135000014,7,1.0000000000,,
13135000015,7,1.0000000000,,
13135000016,7,1.0000000000,,
13135000017,7,0.9998318316,,
13135000017,9,0.0001681684,,
13135000018,7,1.0000000000,,
13135000019,7,1.0000000000,,
13135000020,7,1.0000000000,,
13135000021,7,1.0000000000,,
13135000022,7,1.0000000000,,
13135000023,7,1.0000000000,,
13135000024,9,1.0000000000,,
13135000025,6,0.9993651896,,
13135000025,9,0.0006348104,,
13135000026,9,1.0000000000,,
13135000027,7,0.0008229483,,
13135000027,9,0.9991770517,,
13135000028,7,0.0007582461,,
13135000028,9,0.9992253699,,
13135000028,10,0.0000163840,,
13135000029,7,1.0000000000,,
13135000030,7,1.0000000000,,
13135000031,9,1.0000000000,,
13135000032,7,1.0000000000,,
13135000033,7,1.0000000000,,
13135000034,7,1.0000000000,,
13135000035,7,1.0000000000,,
13135000036,7,1.0000000000,,
13135000037,4,0.0010599397,,
13135000037,7,0.9989400603,,
13135000038,4,0.0001452747,,
13135000038,7,0.9998547253,,
13135000039,9,0.9999782809,,
13135000039,10,0.0000217191,,
13135000040,7,1.0000000000,,
13135000041,7,0.9997767975,,
13135000041,10,0.0002232025,,
13135000042,7,0.0004015403,,
13135000042,9,0.9995984597,,
13135000043,7,1.0000000000,,
13135000044,7,1.0000000000,,
13135000045,7,1.0000000000,,
13135000046,7,1.0000000000,,
13135000047,7,1.0000000000,,
13135000048,7,1.0000000000,,
13135000049,7,1.0000000000,,
13135000050,7,1.0000000000,,
13135000051,7,1.0000000000,,
13135000052,4,0.0013422186,,
13135000052,7,0.9986577814,,
13135000053,7,1.0000000000,,
13135000054,6,0.9995301295,,
13135000054,9,0.0004698705,,
13135000055,6,0.0003461801,,
13135000055,9,0.9996538199,,
13135000056,7,1.0000000000,,
13135000057,7,1.0000000000,,
13135000058,7,1.0000000000,,
13135000059,4,0.0001516150,,
13135000059,7,0.9998483850,,
13135000060,7,0.9997649361,,
13135000060,9,0.0002350639,,
13135000061,7,1.0000000000,,
13135000062,7,1.0000000000,,
13135000063,7,1.0000000000,,
13135000064,4,0.0008122428,,
13135000064,7,0.9991877572,,
13135000065,7,1.0000000000,,
13135000066,4,0.0003407617,,
13135000066,7,0.9996592383,,
13135000067,9,1.0000000000,,
13135000068,7,1.0000000000,,
13135000069,7,1.0000000000,,
13135000070,9,1.0000000000,,
13135000071,7,1.0000000000,,
13135000072,7,1.0000000000,,
13135000073,7,1.0000000000,,
13135000074,7,1.0000000000,,
13135000075,7,1.0000000000,,
13135000076,7,1.0000000000,,
13135000077,7,0.0008900624,,
13135000077,9,0.9991099376,,
13135000078,7,1.0000000000,,
13135000079,7,1.0000000000,,
13135000080,7,0.9999998006,,
13135000080,10,0.0000001994,,
13135000081,7,1.0000000000,,
13135000082,7,1.0000000000,,
13135000083,9,1.0000000000,,
13135000084,7,1.0000000000,,
13135000085,9,1.0000000000,,
13135000086,7,1.0000000000,,
13135000087,7,1.0000000000,,
13135000088,7,1.0000000000,,
13135000089,6,0.0004329841,,
13135000089,9,0.9995670159,,
13135000090,7,0.0001747944,,
13135000090,9,0.9998252056,,
13135000091,7,1.0000000000,,
13135000092,7,1.0000000000,,
13135000093,7,1.0000000000,,
13135000094,7,1.0000000000,,
13135000095,7,0.9994689286,,
13135000095,9,0.0005310714,,
13135000096,7,0.9997747237,,
13135000096,9,0.0002252763,,
13135000097,9,1.0000000000,,
13135000098,9,1.0000000000,,
13135000099,7,1.0000000000,,
13135000100,9,1.0000000000,,
13135000101,4,0.0003982417,,
13135000101,6,0.0000095289,,
13135000101,7,0.9995922295,,
13135000102,9,1.0000000000,,
13135000103,7,1.0000000000,,
13135000104,4,0.0002786461,,
13135000104,7,0.9996493482,,
13135000104,10,0.0000720057,,
13135000105,6,0.9992314985,,
13135000105,9,0.0007685015,,
13135000106,7,0.0010037129,,
13135000106,9,0.9989962871,,
13135000107,7,1.0000000000,,
13135000108,7,1.0000000000,,
13135000109,7,1.0000000000,,
13135000110,7,0.9983911281,,
13135000110,9,0.0016088719,,
13135000111,7,1.0000000000,,
13135000112,4,0.0009064400,,
13135000112,7,0.9990935600,,
13135000113,7,1.0000000000,,
13135000114,7,1.0000000000,,
13135000115,7,1.0000000000,,
13135000116,7,1.0000000000,,
13135000117,7,1.0000000000,,
13135000118,4,0.0001097234,,
13135000118,7,0.9998902766,,
13135000119,7,1.0000000000,,
13135000120,7,1.0000000000,,
13135000121,7,1.0000000000,,
13135000122,4,0.0000408268,,
13135000122,7,0.9999591732,,
13135000123,7,1.0000000000,,
13135000124,9,1.0000000000,,
13135000125,7,1.0000000000,,
13135000126,7,1.0000000000,,
13135000127,7,1.0000000000,,
13135000128,9,1.0000000000,,
13135000129,9,0.9999763629,,
13135000129,10,0.0000236371,,
13135000130,6,0.9992261329,,
13135000130,9,0.0007738671,,
13135000131,6,0.0006864267,,
13135000131,9,0.9993135733,,
13135000132,9,1.0000000000,,
13135000133,7,0.9986761575,,
13135000133,9,0.0004021115,,
13135000133,10,0.0009217310,,
13135000134,7,1.0000000000,,
13135000135,9,1.0000000000,,
13135000136,9,1.0000000000,,
13135000137,9,1.0000000000,,
13135000138,7,0.9998808785,,
13135000138,9,0.0001191215,,
13135000139,7,1.0000000000,,
13135000140,6,0.0037208364,,
13135000140,7,0.0000008648,,
13135000140,9,0.9962782988,,
13135000141,6,1.0000000000,,
13135000142,9,1.0000000000,,
13135000143,7,1.0000000000,,
13135000144,7,0.9998606145,,
13135000144,9,0.0001393855,,
13135000145,7,1.0000000000,,
13135000146,7,0.9999952015,,
13135000146,10,0.0000047985,,
13135000147,7,1.0000000000,,
13135000148,7,1.0000000000,,
13135000149,9,1.0000000000,,
13135000150,7,1.0000000000,,
13135000151,7,0.9993950439,,
13135000151,10,0.0006049561,,
13135000152,7,0.0013063170,,
13135000152,9,0.9986936830,,
13135000153,7,1.0000000000,,
13135000154,9,1.0000000000,,
13135000155,7,0.2038028033,,
13135000155,9,0.7961971967,,
13135000156,7,1.0000000000,,
13137000001,9,1.0000000000,,
13137000002,9,1.0000000000,,
13137000003,9,1.0000000000,,
13137000004,9,1.0000000000,,
13137000005,9,1.0000000000,,
13137000006,9,1.0000000000,,
13137000007,9,1.0000000000,,
13139000001,6,0.0006185092,,
13139000001,9,0.9993814908,,
13139000002,9,1.0000000000,,
13139000003,9,1.0000000000,,
13139000004,6,0.0000407653,,
13139000004,9,0.9999592347,,
13139000005,6,0.0005254536,,
13139000005,9,0.9994745464,,
13139000006,6,0.0008852909,,
13139000006,9,0.9991147091,,
13139000007,6,0.0003079585,,
13139000007,9,0.9996920415,,
13139000008,9,0.9999390811,,
13139000008,10,0.0000609189,,
13139000009,9,1.0000000000,,
13139000010,9,0.9999773666,,
13139000010,10,0.0000226334,,
13139000011,9,0.9999948331,,
13139000011,10,0.0000051669,,
13139000012,9,1.0000000000,,
13139000013,9,1.0000000000,,
13139000014,9,1.0000000000,,
13139000015,9,1.0000000000,,
13139000016,6,0.0000359411,,
13139000016,9,0.9999640589,,
13139000017,6,0.0004755630,,
13139000017,9,0.9995244370,,
13139000018,6,0.0011373338,,
13139000018,9,0.9988626662,,
13139000019,9,1.0000000000,,
13139000020,9,1.0000000000,,
13139000021,9,1.0000000000,,
13139000022,9,1.0000000000,,
13139000023,9,1.0000000000,,
13139000024,9,1.0000000000,,
13139000025,9,1.0000000000,,
13139000026,9,0.9999962122,,
13139000026,10,0.0000037878,,
13139000027,9,1.0000000000,,
13139000028,9,1.0000000000,,
13139000029,9,1.0000000000,,
13139000030,9,1.0000000000,,
13139000031,9,1.0000000000,,
1314100001A,8,0.0000462912,,
1314100001A,10,0.9999537088,,
1314100001B,10,1.0000000000,,
1314100002A,10,0.9999946318,,
1314100002A,12,0.0000053682,,
1314100002B,8,0.0000521577,,
1314100002B,10,0.9999478423,,
1314100003A,10,0.9999744361,,
1314100003A,12,0.0000255639,,
1314100003B,10,1.0000000000,,
1314100003C,10,1.0000000000,,
1314100004A,10,0.9998742963,,
1314100004A,12,0.0001257037,,
1314100004B,8,0.0003858915,,
1314100004B,10,0.9994846371,,
1314100004B,12,0.0001294714,,
1314100004C,10,0.9998012248,,
1314100004C,12,0.0001987752,,
13143000002,3,1.0000000000,,
13143000003,3,1.0000000000,,
13143000004,3,1.0000000000,,
13143000005,3,0.9999839475,,
13143000005,14,0.0000160525,,
13143000006,3,0.9998949988,,
13143000006,14,0.0001050012,,
13143000007,3,0.9999317150,,
13143000007,14,0.0000682850,,
13143000008,3,0.9999676409,,
13143000008,14,0.0000323591,,
13143000009,3,0.9999850229,,
13143000009,14,0.0000149771,,
13143000010,3,1.0000000000,,
13143000011,3,1.0000000000,,
13143000012,3,1.0000000000,,
13143000013,3,1.0000000000,,
131450000CA,2,0.0000016011,,
131450000CA,3,0.9999983989,,
131450000EL,2,0.0000640464,,
131450000EL,3,0.9999359536,,
131450000GM,3,1.0000000000,,
131450000HA,3,1.0000000000,,
131450000L9,2,0.0000000022,,
131450000L9,3,0.9999999978,,
131450000MG,3,1.0000000000,,
131450000PV,3,1.0000000000,,
131450000SK,3,1.0000000000,,
131450000U9,3,1.0000000000,,
131450000VP,2,0.0000007281,,
131450000VP,3,0.9999992719,,
131450000WA,2,0.0000514078,,
131450000WA,3,0.9999485922,,
131450000WH,3,1.0000000000,,
13147000002,9,1.0000000000,,
13147000003,9,0.9999815637,,
13147000003,10,0.0000184363,,
13147000004,9,0.9997367325,,
13147000004,10,0.0002632675,,
13147000005,9,1.0000000000,,
13147000006,9,1.0000000000,,
13147000007,9,1.0000000000,,
13147000008,9,0.9999632624,,
13147000008,10,0.0000367376,,
13149000CEN,3,1.0000000000,,
13149000COO,3,1.0000000000,,
13149000ENO,3,1.0000000000,,
13149000EPH,3,1.0000000000,,
13149000FRA,3,1.0000000000,,
13149000SOU,3,1.0000000000,,
13151000025,3,0.0006502215,,
13151000025,10,0.9993497785,,
13151000026,10,1.0000000000,,
13151000027,10,1.0000000000,,
13151000028,3,0.0000193602,,
13151000028,10,0.9999806398,,
13151000029,3,0.0004479831,,
13151000029,10,0.9995520169,,
13151000030,3,0.9997319781,,
13151000030,10,0.0001947238,,
13151000030,13,0.0000732982,,
13151000031,3,0.9995217599,,
13151000031,13,0.0004782401,,
13151000032,3,0.0008173577,,
13151000032,10,0.0001033008,,
13151000032,13,0.9990793415,,
13151000033,13,1.0000000000,,
13151000034,10,0.9999872680,,
13151000034,13,0.0000127320,,
13151000035,10,1.0000000000,,
13151000036,10,1.0000000000,,
13151000037,10,0.9990817559,,
13151000037,13,0.0009182441,,
13151000038,10,0.0009471897,,
13151000038,13,0.9990528103,,
13151000039,13,1.0000000000,,
13151000041,13,1.0000000000,,
13151000042,10,0.0001195367,,
13151000042,13,0.9998804633,,
13151000043,4,0.0009867682,,
13151000043,10,0.0012951025,,
13151000043,13,0.9977181293,,
13151000044,4,0.0004303325,,
13151000044,13,0.9995696675,,
13151000045,13,1.0000000000,,
13151000046,4,0.0000051918,,
13151000046,5,0.0008055048,,
13151000046,13,0.9991893035,,
13151000047,4,0.0008298414,,
13151000047,13,0.9991701586,,
13151000048,10,1.0000000000,,
13151000049,10,1.0000000000,,
13151000050,13,1.0000000000,,
13151000051,3,0.9991152436,,
13151000051,10,0.0001418201,,
13151000051,13,0.0007429363,,
13151000052,10,1.0000000000,,
13151000053,10,0.0000725733,,
13151000053,13,0.9999274267,,
13151000054,13,1.0000000000,,
13151000055,4,0.0006227223,,
13151000055,10,0.9989216808,,
13151000055,13,0.0004555969,,
13151000056,13,1.0000000000,,
13151000057,10,0.0001753296,,
13151000057,13,0.9998246704,,
13151000058,10,1.0000000000,,
13151000059,10,1.0000000000,,
13151000060,10,0.9994215484,,
13151000060,13,0.0005784516,,
13151000061,10,1.0000000000,,
13151000062,10,1.0000000000,,
13153000BMS,2,0.0008060866,,
13153000BMS,8,0.9991939134,,
13153000TMS,2,0.0007410226,,
13153000TMS,8,0.9992589774,,
13153000VHS,8,1.0000000000,,
1315300ANNX,8,1.0000000000,,
1315300CENT,2,0.9998428406,,
1315300CENT,8,0.0001571594,,
1315300CGTC,8,1.0000000000,,
1315300FMMS,2,0.0000488714,,
1315300FMMS,8,0.9999511286,,
1315300HAFS,2,0.0000089895,,
1315300HAFS,8,0.9999910105,,
1315300HCTC,2,0.0018045615,,
1315300HCTC,8,0.9981954385,,
1315300HEFS,2,0.0000240745,,
1315300HEFS,8,0.9999759255,,
1315300HHPC,2,0.9990974895,,
1315300HHPC,8,0.0009025105,,
1315300MCMS,2,0.0004268754,,
1315300MCMS,8,0.9995731246,,
1315300NSES,2,1.0000000000,,
1315300RECR,2,0.9994332559,,
1315300RECR,8,0.0005667441,,
1315300ROZR,2,0.0002086114,,
1315300ROZR,8,0.9997913886,,
1315300TWPK,8,1.0000000000,,
13155000901,8,1.0000000000,,
13155001529,8,1.0000000000,,
13155001753,8,1.0000000000,,
13157001000,9,0.0000007141,,
13157001000,10,0.9999992859,,
13157002000,9,0.0000713420,,
13157002000,10,0.9999286580,,
13157003000,9,0.0000015701,,
13157003000,10,0.9999984299,,
13157004000,10,1.0000000000,,
13159000289,8,0.0000047235,,
13159000289,10,0.9999952765,,
13159000290,10,1.0000000000,,
13159000293,8,0.0000375060,,
13159000293,10,0.9999624940,,
13159000295,8,0.0000279310,,
13159000295,10,0.9999720690,,
13159000296,10,1.0000000000,,
13159000297,10,1.0000000000,,
13159000363,10,1.0000000000,,
13161000100,8,0.9998059992,,
13161000100,12,0.0001940008,,
13161000201,8,1.0000000000,,
13161000202,1,0.0000295874,,
13161000202,8,0.9997093555,,
13161000202,12,0.0002610571,,
13161000301,1,0.0000437030,,
13161000301,8,0.9999562970,,
13161000302,1,0.0001221314,,
13161000302,8,0.9998778686,,
13161000401,8,1.0000000000,,
13161000402,8,1.0000000000,,
13161000501,8,0.9999993510,,
13161000501,12,0.0000006490,,
13161000502,8,1.0000000000,,
13163000076,12,1.0000000000,,
13163000077,12,1.0000000000,,
13163000081,12,1.0000000000,,
13163000082,12,1.0000000000,,
13163000083,12,1.0000000000,,
13163000085,12,1.0000000000,,
13163001460,12,1.0000000000,,
13163001593,12,1.0000000000,,
13165000001,12,1.0000000000,,
13165000002,12,1.0000000000,,
13165000003,12,1.0000000000,,
13165000004,12,1.0000000000,,
13165000005,12,1.0000000000,,
13167000055,12,1.0000000000,,
13167001201,12,1.0000000000,,
13167001266,12,1.0000000000,,
13167001301,8,0.0000171417,,
13167001301,12,0.9999828583,,
13167001405,12,1.0000000000,,
13167001746,12,1.0000000000,,
13167001820,12,1.0000000000,,
13169000001,8,1.0000000000,,
13169000002,8,1.0000000000,,
13169000003,2,0.0000450397,,
13169000003,8,0.9999549603,,
13169000004,8,1.0000000000,,
13169000005,8,0.9999325154,,
13169000005,10,0.0000674846,,
13169000006,8,0.9999923707,,
13169000006,10,0.0000076293,,
13169000008,8,0.9999945226,,
13169000008,10,0.0000054774,,
13169000009,2,0.0000056169,,
13169000009,8,0.9999943831,,
13169000010,2,0.0001119122,,
13169000010,8,0.9998880878,,
13169000011,8,1.0000000000,,
13171001711,3,1.0000000000,,
13171001713,3,1.0000000000,,
13171001714,3,1.0000000000,,
1317101712A,3,0.9999617691,,
1317101712A,8,0.0000260546,,
1317101712A,10,0.0000121763,,
1317101712B,3,0.9999448836,,
1317101712B,8,0.0000551164,,
1317101712C,3,0.9999354896,,
1317101712C,8,0.0000645104,,
13173000001,8,1.0000000000,,
13175000003,12,1.0000000000,,
13175000004,12,1.0000000000,,
13175000005,12,1.0000000000,,
13175000007,12,1.0000000000,,
13175000008,8,0.0000313186,,
13175000008,12,0.9999686814,,
13175000010,8,0.0000168802,,
13175000010,12,0.9999831198,,
13175000011,12,1.0000000000,,
13175000012,8,0.0000005856,,
13175000012,12,0.9999994144,,
13175000013,8,0.0000574893,,
13175000013,12,0.9999425107,,
13175000014,8,0.0000417885,,
13175000014,12,0.9999582115,,
13175000015,12,1.0000000000,,
13175000016,12,1.0000000000,,
13175000018,8,0.0000271912,,
13175000018,12,0.9999728088,,
13175000019,12,1.0000000000,,
13175000021,12,1.0000000000,,
13175000022,12,1.0000000000,,
13177000001,2,0.9999138710,,
13177000001,8,0.0000861290,,
13177000002,2,1.0000000000,,
13177000003,2,1.0000000000,,
13177000004,2,1.0000000000,,
13177000005,2,1.0000000000,,
13177000006,2,1.0000000000,,
13177000007,2,1.0000000000,,
13177000008,2,1.0000000000,,
13177000009,2,1.0000000000,,
13177000010,2,0.9999701278,,
13177000010,8,0.0000298722,,
13179000001,1,1.0000000000,,
13179000002,1,1.0000000000,,
13179000003,1,1.0000000000,,
13179000004,1,1.0000000000,,
13179000005,1,1.0000000000,,
13179000006,1,1.0000000000,,
13179000007,1,1.0000000000,,
13179000009,1,1.0000000000,,
13179000010,1,1.0000000000,,
13179000011,1,1.0000000000,,
13179000012,1,1.0000000000,,
13179000013,1,0.9999946666,,
13179000013,12,0.0000053334,,
13179000014,1,1.0000000000,,
13181000002,12,1.0000000000,,
131810001-A,10,0.0001530120,,
131810001-A,12,0.9998469880,,
131810001-B,12,1.0000000000,,
131810003-A,12,1.0000000000,,
131810003-B,12,1.0000000000,,
131810004-A,12,1.0000000000,,
131810004-B,12,1.0000000000,,
13183000001,1,0.9996873896,,
13183000001,12,0.0003126104,,
13183000002,1,1.0000000000,,
13183000003,1,1.0000000000,,
13183000004,1,1.0000000000,,
13183000005,1,1.0000000000,,
13183000006,1,0.9996270942,,
13183000006,12,0.0003729058,,
13183000007,1,1.0000000000,,
13185000001,8,1.0000000000,,
13185000002,8,1.0000000000,,
13185000003,8,1.0000000000,,
13185000004,8,1.0000000000,,
13185000005,8,1.0000000000,,
13185000006,8,1.0000000000,,
13185000007,8,1.0000000000,,
13185000008,8,1.0000000000,,
13185000009,8,1.0000000000,,
131870000DA,6,0.0000115146,,
131870000DA,9,0.9999884854,,
13189000131,12,1.0000000000,,
13189000132,12,1.0000000000,,
13189000134,12,1.0000000000,,
13189000135,12,1.0000000000,,
13189000136,12,1.0000000000,,
13189000137,12,1.0000000000,,
13189000139,12,1.0000000000,,
1318900133A,12,1.0000000000,,
1318900133B,12,1.0000000000,,
13191000022,1,1.0000000000,,
13191000271,1,1.0000000000,,
13191001312,1,1.0000000000,,
13191001480,1,1.0000000000,,
13191001515,1,1.0000000000,,
13191001771,1,1.0000000000,,
13193000001,2,1.0000000000,,
13193000002,2,1.0000000000,,
13193000003,2,0.9999825606,,
13193000003,8,0.0000174394,,
13193000004,2,1.0000000000,,
13193000005,2,0.9999987535,,
13193000005,8,0.0000012465,,
13195000COB,10,1.0000000000,,
13195000COL,10,1.0000000000,,
13195000COM,10,1.0000000000,,
13195000DAN,10,1.0000000000,,
13195000FOR,10,1.0000000000,,
13195000HAR,9,0.0001089931,,
13195000HAR,10,0.9998910069,,
13195000HUL,10,1.0000000000,,
13195000ILA,9,0.0005083344,,
13195000ILA,10,0.9994916656,,
13195000MIL,9,0.0000368158,,
13195000MIL,10,0.9999631842,,
13195000PAO,10,1.0000000000,,
13195000PIT,10,1.0000000000,,
13195000POC,9,0.0003641320,,
13195000POC,10,0.9996358680,,
13197000034,2,1.0000000000,,
13197000339,2,1.0000000000,,
13197000539,2,1.0000000000,,
13197000807,2,1.0000000000,,
13197000808,2,1.0000000000,,
13197000948,2,1.0000000000,,
13197000955,2,1.0000000000,,
13199000001,2,0.0001338237,,
13199000001,3,0.9998661763,,
13199000002,2,0.0000148340,,
13199000002,3,0.9999851660,,
13199000003,3,1.0000000000,,
13199000004,3,1.0000000000,,
13199000005,3,1.0000000000,,
13199000006,3,1.0000000000,,
13199000007,3,1.0000000000,,
13199000008,3,1.0000000000,,
13199000009,3,1.0000000000,,
13199000010,3,1.0000000000,,
13199000011,2,0.0000044273,,
13199000011,3,0.9999955727,,
13199000012,3,1.0000000000,,
13199000013,3,1.0000000000,,
13199000014,3,1.0000000000,,
13201000001,2,1.0000000000,,
132050000BA,2,1.0000000000,,
132050000BV,2,1.0000000000,,
132050000CN,2,1.0000000000,,
132050000CS,2,1.0000000000,,
132050000CT,2,0.9999927343,,
132050000CT,8,0.0000072657,,
132050000HF,2,1.0000000000,,
132050000HI,2,0.9999053553,,
132050000HI,8,0.0000946447,,
132050000LS,2,0.9999431569,,
132050000LS,8,0.0000568431,,
132050000PC,2,1.0000000000,,
132050000PE,2,1.0000000000,,
132050000SC,2,0.9999984094,,
132050000SC,8,0.0000015906,,
13207000001,8,1.0000000000,,
13207000002,8,1.0000000000,,
13207000003,8,1.0000000000,,
13207000004,8,0.9995195486,,
13207000004,10,0.0004804514,,
13207000005,3,0.0000368178,,
13207000005,8,0.9999631822,,
13207000006,2,0.0000196466,,
13207000006,3,0.0000045001,,
13207000006,8,0.9999758534,,
13207000007,8,1.0000000000,,
13207000008,3,0.0000006905,,
13207000008,8,0.9999993095,,
13207000009,8,1.0000000000,,
13207000010,3,0.0000919002,,
13207000010,8,0.9998969840,,
13207000010,10,0.0000111157,,
13207000011,2,0.0000023171,,
13207000011,8,0.9999976829,,
13207000012,8,1.0000000000,,
13207000013,8,0.9999346546,,
13207000013,10,0.0000653454,,
13207000014,2,0.0000686636,,
13207000014,8,0.9999313364,,
13209000001,12,1.0000000000,,
13209000002,12,1.0000000000,,
13209000003,12,1.0000000000,,
13209000004,12,1.0000000000,,
13209000005,12,1.0000000000,,
13209000006,12,1.0000000000,,
13209000007,8,0.0002163207,,
13209000007,12,0.9997836793,,
13211000001,10,1.0000000000,,
13211000002,10,1.0000000000,,
13211000003,10,1.0000000000,,
13211000004,10,1.0000000000,,
13211000005,10,1.0000000000,,
13211000006,10,1.0000000000,,
13211000007,10,1.0000000000,,
13213000824,9,0.0001170433,,
13213000824,14,0.9998829567,,
13213000872,9,0.0000950847,,
13213000872,14,0.9999049153,,
13213000874,9,0.0000032807,,
13213000874,14,0.9999967193,,
13213001013,9,0.0003818835,,
13213001013,14,0.9996181165,,
13213001039,14,1.0000000000,,
13213001291,14,1.0000000000,,
13213001895,14,1.0000000000,,
13215000101,2,1.0000000000,,
13215000102,2,1.0000000000,,
13215000103,2,1.0000000000,,
13215000104,2,0.0013406752,,
13215000104,3,0.9986593248,,
13215000105,2,0.0005302324,,
13215000105,3,0.9994697676,,
13215000106,2,0.9438635052,,
13215000106,3,0.0561364948,,
13215000107,2,0.7027605264,,
13215000107,3,0.2972394736,,
13215000108,2,0.0004440038,,
13215000108,3,0.9995559962,,
13215000109,2,0.0001518056,,
13215000109,3,0.9998481944,,
13215000110,2,1.0000000000,,
13215000112,2,1.0000000000,,
13215000113,2,1.0000000000,,
13215000114,2,1.0000000000,,
13215000115,2,1.0000000000,,
13215000116,2,1.0000000000,,
13215000117,2,0.9997024902,,
13215000117,3,0.0002975098,,
13215000118,2,0.8383738300,,
13215000118,3,0.1616261700,,
13215000119,2,0.9972495671,,
13215000119,3,0.0027504329,,
13215000120,2,0.9998149097,,
13215000120,3,0.0001850903,,
13215000121,2,1.0000000000,,
13215000122,2,1.0000000000,,
13215000124,2,0.0009984137,,
13215000124,3,0.9990015863,,
13215000125,2,0.9999406615,,
13215000125,3,0.0000593385,,
13215000126,2,1.0000000000,,
13215000127,2,0.9999100391,,
13215000127,3,0.0000899609,,
13215FTBEN1,2,1.0000000000,,
13215FTBEN2,2,1.0000000000,,
13215FTBEN3,2,1.0000000000,,
13215FTBEN4,2,1.0000000000,,
13215FTBEN5,2,1.0000000000,,
13217000001,4,0.7889164695,,
13217000001,10,0.2110835305,,
13217000002,4,0.9980351203,,
13217000002,10,0.0019648797,,
13217000003,4,0.9997887464,,
13217000003,10,0.0002112536,,
13217000004,4,0.6023492148,,
13217000004,10,0.3976507852,,
13217000005,4,0.9992291368,,
13217000005,10,0.0007708632,,
13217000006,10,1.0000000000,,
13217000007,4,0.0007311232,,
13217000007,10,0.9992688768,,
13217000008,4,1.0000000000,,
13217000009,4,0.7527041887,,
13217000009,10,0.2472958113,,
13217000010,4,0.0054902126,,
13217000010,10,0.9945097874,,
13217000012,4,0.0013026234,,
13217000012,10,0.9986973766,,
13217000013,4,1.0000000000,,
13217000014,4,0.0007765980,,
13217000014,10,0.9992234020,,
13217000015,10,1.0000000000,,
13217000016,10,1.0000000000,,
13217000017,4,0.0729128937,,
13217000017,10,0.9270871063,,
13217000018,10,1.0000000000,,
13217000019,4,0.9991659054,,
13217000019,10,0.0008340946,,
13217000020,4,1.0000000000,,
13217000023,4,1.0000000000,,
13217000024,4,1.0000000000,,
13217000025,10,1.0000000000,,
13219000001,10,1.0000000000,,
13219000002,10,1.0000000000,,
13219000003,10,1.0000000000,,
13219000004,10,1.0000000000,,
13219000005,10,1.0000000000,,
13219000006,10,1.0000000000,,
13219000007,10,1.0000000000,,
13219000008,10,1.0000000000,,
13219000009,10,1.0000000000,,
13219000010,10,1.0000000000,,
13219000011,10,1.0000000000,,
13219000012,10,1.0000000000,,
13219000013,10,1.0000000000,,
132210000BV,10,1.0000000000,,
132210000CR,10,1.0000000000,,
132210000LX,10,1.0000000000,,
1322300001C,11,0.0001175816,,
1322300001C,14,0.9998824184,,
1322300002B,11,0.0000011471,,
1322300002B,14,0.9999988529,,
1322300003C,14,1.0000000000,,
1322300004B,11,0.0000894856,,
1322300004B,14,0.9999105144,,
1322300005B,14,1.0000000000,,
1322300006C,3,0.0000774257,,
1322300006C,14,0.9999225743,,
1322300007B,14,1.0000000000,,
1322300008B,14,1.0000000000,,
1322300009C,3,0.0000007775,,
1322300009C,13,0.0000141718,,
1322300009C,14,0.9999850508,,
1322300010C,3,0.0000022450,,
1322300010C,14,0.9999977550,,
1322300011B,14,1.0000000000,,
1322300012C,3,0.0001232814,,
1322300012C,14,0.9998767186,,
132250000B1,2,1.0000000000,,
132250000B2,2,0.9999864356,,
132250000B2,8,0.0000135644,,
132250000C1,2,0.9994591426,,
132250000C1,8,0.0005408574,,
132250000F1,2,1.0000000000,,
132250000F2,2,0.9999470710,,
132250000F2,8,0.0000529290,,
132250000F3,2,0.9999221679,,
132250000F3,8,0.0000778321,,
132250000P1,2,1.0000000000,,
13227000001,6,0.0000303726,,
13227000001,11,0.9999696274,,
13227000002,11,1.0000000000,,
13227000003,11,1.0000000000,,
13227000004,11,0.9999993117,,
13227000004,14,0.0000006883,,
13227000005,9,0.0000027996,,
13227000005,11,0.9999830577,,
13227000005,14,0.0000141426,,
13227000006,6,0.0000842785,,
13227000006,11,0.9999157215,,
13227000007,9,0.0000925181,,
13227000007,11,0.9999074819,,
13227000008,11,1.0000000000,,
13227000009,11,1.0000000000,,
13227000010,6,0.0000027233,,
13227000010,9,0.0000739995,,
13227000010,11,0.9999232772,,
13227000011,11,1.0000000000,,
13227000012,11,1.0000000000,,
13229000001,1,1.0000000000,,
13229000002,1,1.0000000000,,
1322900003A,1,1.0000000000,,
1322900003B,1,1.0000000000,,
1322900004A,1,1.0000000000,,
1322900004B,1,1.0000000000,,
1322900004C,1,1.0000000000,,
1322900004D,1,1.0000000000,,
13231000001,3,1.0000000000,,
13231000002,3,1.0000000000,,
13231000003,3,1.0000000000,,
13231000004,3,1.0000000000,,
13231000005,3,1.0000000000,,
13231000006,3,1.0000000000,,
13231000007,3,1.0000000000,,
13231000008,3,1.0000000000,,
13233000001,11,0.0000322234,,
13233000001,14,0.9999677766,,
13233000002,3,0.0000146490,,
13233000002,14,0.9999853510,,
13233000003,14,1.0000000000,,
13233000004,14,1.0000000000,,
13233000005,14,1.0000000000,,
13233000006,3,0.0000136636,,
13233000006,14,0.9999863364,,
13233000007,3,0.0000057899,,
13233000007,14,0.9999942101,,
132350ANNEX,2,0.0000122796,,
132350ANNEX,8,0.9999877204,,
13237000101,8,0.0000012509,,
13237000101,10,0.9999987491,,
13237000104,10,1.0000000000,,
13237000105,10,1.0000000000,,
13237000106,10,1.0000000000,,
13237000107,8,0.0002360967,,
13237000107,10,0.9997639033,,
1323900000G,2,1.0000000000,,
1323900000M,2,1.0000000000,,
132410RABUN,9,1.0000000000,,
13243000131,2,1.0000000000,,
13243000334,2,1.0000000000,,
13243000566,2,1.0000000000,,
13243000934,2,1.0000000000,,
13243000947,2,1.0000000000,,
13243000954,2,1.0000000000,,
13243000998,2,1.0000000000,,
1324300718A,2,1.0000000000,,
1324300718B,2,1.0000000000,,
13245000101,12,1.0000000000,,
13245000102,12,1.0000000000,,
13245000103,12,1.0000000000,,
13245000104,12,1.0000000000,,
13245000105,12,1.0000000000,,
13245000106,12,1.0000000000,,
13245000107,12,1.0000000000,,
13245000108,12,1.0000000000,,
13245000109,12,1.0000000000,,
13245000111,12,1.0000000000,,
13245000112,12,1.0000000000,,
13245000114,12,1.0000000000,,
13245000115,12,1.0000000000,,
13245000201,12,1.0000000000,,
13245000202,12,1.0000000000,,
13245000203,12,1.0000000000,,
13245000204,12,1.0000000000,,
13245000207,12,1.0000000000,,
13245000208,12,1.0000000000,,
13245000210,12,1.0000000000,,
13245000301,12,1.0000000000,,
13245000302,12,1.0000000000,,
13245000303,12,1.0000000000,,
13245000304,12,1.0000000000,,
13245000305,12,1.0000000000,,
13245000306,12,1.0000000000,,
13245000307,12,1.0000000000,,
13245000308,12,1.0000000000,,
13245000309,12,1.0000000000,,
13245000310,12,1.0000000000,,
13245000401,12,1.0000000000,,
13245000402,12,1.0000000000,,
13245000404,12,1.0000000000,,
13245000405,12,1.0000000000,,
13245000406,12,1.0000000000,,
13245000501,12,1.0000000000,,
13245000502,12,1.0000000000,,
13245000503,12,1.0000000000,,
13245000504,12,1.0000000000,,
13245000506,12,1.0000000000,,
13245000507,12,1.0000000000,,
13245000509,12,1.0000000000,,
13245000601,12,1.0000000000,,
13245000603,12,1.0000000000,,
13245000604,12,1.0000000000,,
13245000605,12,1.0000000000,,
13245000607,12,1.0000000000,,
13245000608,12,1.0000000000,,
13245000701,12,1.0000000000,,
13245000702,12,1.0000000000,,
13245000703,12,1.0000000000,,
13245000705,12,1.0000000000,,
13245000706,12,1.0000000000,,
13245000707,12,1.0000000000,,
13245000708,12,1.0000000000,,
13245000709,12,1.0000000000,,
13245000801,12,1.0000000000,,
13245000802,12,1.0000000000,,
13245000803,12,1.0000000000,,
13245000804,12,1.0000000000,,
13245000805,12,1.0000000000,,
13245000806,12,1.0000000000,,
13245000807,12,1.0000000000,,
13245000808,12,1.0000000000,,
13245000809,12,1.0000000000,,
13245000810,12,1.0000000000,,
1324500801B,12,1.0000000000,,
1324500804H,12,1.0000000000,,
132470000BA,4,0.9997212175,,
132470000BA,10,0.0002787825,,
132470000BT,4,0.9997464205,,
132470000BT,7,0.0000416860,,
132470000BT,10,0.0002118935,,
132470000CO,4,1.0000000000,,
132470000FI,4,1.0000000000,,
132470000FS,4,1.0000000000,,
132470000HC,4,1.0000000000,,
132470000HI,4,0.9992056917,,
132470000HI,10,0.0007943083,,
132470000LA,4,1.0000000000,,
132470000LO,4,0.9993464241,,
132470000LO,10,0.0001045350,,
132470000LO,13,0.0005490409,,
132470000MA,4,1.0000000000,,
132470000MI,4,1.0000000000,,
132470000OT,4,0.9998168300,,
132470000OT,10,0.0001831700,,
132470000RO,4,1.0000000000,,
132470000SM,4,1.0000000000,,
132470000SP,4,1.0000000000,,
132470000ST,4,1.0000000000,,
13249000001,2,1.0000000000,,
13251000001,12,1.0000000000,,
13251000002,12,1.0000000000,,
13251000003,12,1.0000000000,,
13251000004,12,1.0000000000,,
13251000005,12,1.0000000000,,
13251000006,12,1.0000000000,,
13251000007,12,1.0000000000,,
13251000008,12,1.0000000000,,
13251000009,12,1.0000000000,,
13251000010,12,1.0000000000,,
13251000011,12,1.0000000000,,
13251000012,12,1.0000000000,,
13253000001,2,1.0000000000,,
13253000002,2,1.0000000000,,
13253000003,2,1.0000000000,,
13253000004,2,1.0000000000,,
13253000005,2,1.0000000000,,
13255000001,3,1.0000000000,,
13255000002,3,1.0000000000,,
13255000004,3,1.0000000000,,
13255000005,3,1.0000000000,,
13255000006,3,1.0000000000,,
13255000007,3,1.0000000000,,
13255000008,3,1.0000000000,,
13255000009,3,0.9995924971,,
13255000009,10,0.0004075029,,
13255000010,3,1.0000000000,,
13255000011,3,1.0000000000,,
13255000012,3,1.0000000000,,
13255000013,3,0.9999948231,,
13255000013,13,0.0000051769,,
13255000014,3,0.9999751196,,
13255000014,10,0.0000248804,,
13255000016,3,1.0000000000,,
13255000017,3,1.0000000000,,
13255000019,3,1.0000000000,,
13255000020,3,1.0000000000,,
13255000021,3,0.9995662435,,
13255000021,10,0.0004337565,,
13257000001,9,1.0000000000,,
13257000002,9,1.0000000000,,
13257000003,9,1.0000000000,,
13257000004,9,1.0000000000,,
13257000005,9,1.0000000000,,
13257000006,9,1.0000000000,,
13257000007,9,1.0000000000,,
13257000008,9,1.0000000000,,
13259000002,2,1.0000000000,,
13259000005,2,1.0000000000,,
13261000015,2,0.9999425291,,
13261000015,8,0.0000574709,,
13261000017,2,1.0000000000,,
13261000028,2,1.0000000000,,
13261000029,2,1.0000000000,,
1326100E-27,2,1.0000000000,,
1326100N-26,2,1.0000000000,,
1326100O-26,2,1.0000000000,,
1326100W-27,2,1.0000000000,,
132610C1-27,2,1.0000000000,,
132610C2-27,2,1.0000000000,,
132610C3-27,2,1.0000000000,,
13263000001,2,0.9999757330,,
13263000001,3,0.0000242670,,
13263000002,2,0.9999381338,,
13263000002,3,0.0000618662,,
13263000003,2,0.9999730974,,
13263000003,3,0.0000269026,,
13263000004,2,1.0000000000,,
13263000005,2,1.0000000000,,
13263000006,2,0.9999999362,,
13263000006,3,0.0000000638,,
13263000008,2,0.9999739551,,
13263000008,3,0.0000260449,,
13265000172,10,0.9991860872,,
13265000172,12,0.0008139128,,
13265000601,10,0.9998850136,,
13265000601,12,0.0001149864,,
13267000001,12,1.0000000000,,
13267000003,12,1.0000000000,,
13267000004,12,1.0000000000,,
13267000005,12,1.0000000000,,
13267000007,1,0.0006904771,,
13267000007,12,0.9993095229,,
13267000008,12,1.0000000000,,
13267000009,1,0.0001723907,,
13267000009,12,0.9998276093,,
13267000010,12,1.0000000000,,
13269000001,2,1.0000000000,,
13269000005,2,1.0000000000,,
13269000006,2,0.9999976773,,
13269000006,3,0.0000023227,,
132710000HE,8,0.9997333767,,
132710000HE,12,0.0002666233,,
132710000JA,8,1.0000000000,,
132710000LU,8,0.9999114873,,
132710000LU,12,0.0000885127,,
132710000MC,8,0.9999291657,,
132710000MC,12,0.0000708343,,
132710000MI,8,1.0000000000,,
132710000SC,8,0.9995137652,,
132710000SC,12,0.0004862348,,
13273000001,2,1.0000000000,,
13273000002,2,1.0000000000,,
13273000003,2,1.0000000000,,
13273000004,2,1.0000000000,,
13273000005,2,1.0000000000,,
13273000006,2,1.0000000000,,
13275000101,2,0.9999288893,,
13275000101,8,0.0000711107,,
13275000102,2,0.9999577734,,
13275000102,8,0.0000422266,,
13275000103,2,1.0000000000,,
13275000104,2,0.9999222511,,
13275000104,8,0.0000777489,,
13275000105,2,1.0000000000,,
13275000106,2,0.9999510260,,
13275000106,8,0.0000489740,,
13275000107,2,1.0000000000,,
13275000108,2,1.0000000000,,
13275000109,2,1.0000000000,,
13275000110,2,1.0000000000,,
13275000111,2,0.9999761327,,
13275000111,8,0.0000238673,,
13275000112,2,1.0000000000,,
13275000113,2,1.0000000000,,
13275000114,2,1.0000000000,,
13275000115,2,1.0000000000,,
13275000116,2,1.0000000000,,
13275000117,2,0.9997612036,,
13275000117,8,0.0002387964,,
13275000118,2,1.0000000000,,
13275000119,2,1.0000000000,,
13275000120,2,1.0000000000,,
13277000001,8,1.0000000000,,
13277000002,8,1.0000000000,,
13277000003,8,1.0000000000,,
13277000004,8,1.0000000000,,
13277000005,8,1.0000000000,,
13277000006,8,1.0000000000,,
13277000007,8,1.0000000000,,
13277000008,8,1.0000000000,,
13277000009,8,1.0000000000,,
13277000010,8,1.0000000000,,
13277000011,8,1.0000000000,,
13277000012,8,1.0000000000,,
13279000039,1,0.0000052928,,
13279000039,12,0.9999947072,,
13279000043,1,0.0000368700,,
13279000043,8,0.0000393669,,
13279000043,12,0.9999237631,,
13279000513,12,1.0000000000,,
13279000514,12,1.0000000000,,
13279015361,12,1.0000000000,,
13281000833,9,1.0000000000,,
13281000990,9,1.0000000000,,
13281001468,9,1.0000000000,,
13281001581,9,1.0000000000,,
1328300SOPE,12,1.0000000000,,
132830ANNEX,12,1.0000000000,,
13285000001,3,1.0000000000,,
13285000002,3,1.0000000000,,
13285000003,3,1.0000000000,,
13285000004,3,1.0000000000,,
13285000005,3,1.0000000000,,
13285000006,3,1.0000000000,,
13285000007,3,1.0000000000,,
13285000008,3,1.0000000000,,
13285000009,3,1.0000000000,,
13285000010,3,1.0000000000,,
13285000011,3,1.0000000000,,
13285000012,3,1.0000000000,,
13285000013,3,1.0000000000,,
13285000015,3,1.0000000000,,
13285000016,3,1.0000000000,,
13287000001,8,1.0000000000,,
13287000002,8,1.0000000000,,
13287000003,8,1.0000000000,,
132890000DB,2,0.0000418288,,
132890000DB,8,0.9999581712,,
132890000GI,2,0.0000221717,,
132890000GI,8,0.9999778283,,
132890000HV,8,1.0000000000,,
1328900JV/W,8,1.0000000000,,
1328900SG/T,8,1.0000000000,,
13291000001,9,1.0000000000,,
13291000002,9,1.0000000000,,
13291000003,9,1.0000000000,,
13291000004,9,1.0000000000,,
13291000005,9,1.0000000000,,
13291000006,9,1.0000000000,,
13291000007,9,1.0000000000,,
13291000008,9,1.0000000000,,
13291000009,9,1.0000000000,,
13291000010,9,1.0000000000,,
13291000011,9,1.0000000000,,
13293000470,3,1.0000000000,,
13293000555,3,1.0000000000,,
13293000561,3,1.0000000000,,
13293000588,3,0.9999993364,,
13293000588,8,0.0000006636,,
13293000589,2,0.0001441963,,
13293000589,3,0.9998558037,,
13293001336,2,0.0000622453,,
13293001336,3,0.9999377547,,
13293001577,3,1.0000000000,,
13293001610,3,1.0000000000,,
13293005610,2,0.0000100745,,
13293005610,3,0.9999899255,,
13295000869,14,1.0000000000,,
13295000871,14,1.0000000000,,
13295000881,14,1.0000000000,,
13295000943,14,1.0000000000,,
13295000944,14,1.0000000000,,
13295000953,14,1.0000000000,,
13295000960,14,1.0000000000,,
13295001053,14,1.0000000000,,
13295001161,14,1.0000000000,,
13295001501,14,1.0000000000,,
13295001800,14,1.0000000000,,
13295001808,14,1.0000000000,,
13295001809,14,1.0000000000,,
13295001812,14,1.0000000000,,
13295001818,14,1.0000000000,,
13295001851,14,1.0000000000,,
13295001893,14,1.0000000000,,
13295001898,14,1.0000000000,,
13297000250,10,1.0000000000,,
13297000414,10,1.0000000000,,
13297000415,10,1.0000000000,,
13297000416,10,1.0000000000,,
13297000417,7,0.0000230193,,
13297000417,10,0.9999769807,,
13297000418,10,1.0000000000,,
13297000419,10,1.0000000000,,
13297000420,10,1.0000000000,,
13297000421,7,0.0000070863,,
13297000421,10,0.9999929137,,
13297000422,4,0.0000565703,,
13297000422,7,0.0000077969,,
13297000422,10,0.9999356328,,
13297000423,4,0.0000000032,,
13297000423,10,0.9999999968,,
13297000424,10,1.0000000000,,
13297000425,10,1.0000000000,,
13297000426,10,1.0000000000,,
13297000427,10,1.0000000000,,
13297000454,10,1.0000000000,,
13297000502,10,1.0000000000,,
13297000503,10,1.0000000000,,
13297000559,10,1.0000000000,,
13297001663,7,0.0000074820,,
13297001663,10,0.9999925180,,
13297001675,10,1.0000000000,,
13299000100,1,1.0000000000,,
13299000300,1,1.0000000000,,
13299000304,1,1.0000000000,,
13299000400,1,1.0000000000,,
13299000404,1,0.9999340891,,
13299000404,8,0.0000659109,,
13299000405,1,1.0000000000,,
13299000406,1,1.0000000000,,
13299000407,1,0.9999435007,,
13299000407,8,0.0000564993,,
13299000408,1,0.9997244325,,
13299000408,8,0.0002755675,,
13299000409,1,1.0000000000,,
1329900200A,1,1.0000000000,,
1329900200B,1,1.0000000000,,
13301000001,10,0.0000309911,,
13301000001,12,0.9999690089,,
13301000002,10,0.0006686991,,
13301000002,12,0.9993313009,,
13301000003,10,0.0003556769,,
13301000003,12,0.9996443231,,
13301000004,10,0.0000448473,,
13301000004,12,0.9999551527,,
13301000005,12,1.0000000000,,
13301000006,12,1.0000000000,,
13303000088,8,0.0000679767,,
13303000088,12,0.9999320233,,
13303000091,12,1.0000000000,,
13303000094,12,1.0000000000,,
13303000097,12,1.0000000000,,
13303000099,8,0.0002232179,,
13303000099,10,0.0001292311,,
13303000099,12,0.9996475510,,
13303001253,12,1.0000000000,,
13303001350,10,0.0001038056,,
13303001350,12,0.9998961944,,
13303001488,12,1.0000000000,,
1330500001A,1,1.0000000000,,
1330500001B,1,0.9999880611,,
1330500001B,12,0.0000119389,,
1330500001C,1,1.0000000000,,
1330500002A,1,1.0000000000,,
1330500002C,1,1.0000000000,,
1330500002D,1,1.0000000000,,
1330500003A,1,1.0000000000,,
1330500003B,1,1.0000000000,,
1330500004A,1,1.0000000000,,
1330500004B,1,1.0000000000,,
1330500005A,1,1.0000000000,,
1330500005B,1,1.0000000000,,
133070000G3,2,1.0000000000,,
133070000P1,2,1.0000000000,,
133070000P3,2,1.0000000000,,
133070000W2,2,1.0000000000,,
13309000001,8,0.0001827180,,
13309000001,12,0.9998172820,,
13309000002,12,1.0000000000,,
13311000011,9,1.0000000000,,
13311000021,9,1.0000000000,,
13311000031,9,1.0000000000,,
13311000041,9,1.0000000000,,
13311000051,9,1.0000000000,,
13311000061,9,1.0000000000,,
13311000071,9,1.0000000000,,
13311000081,9,1.0000000000,,
13311000091,9,1.0000000000,,
13311000101,9,1.0000000000,,
13311000111,9,1.0000000000,,
1331300001A,14,1.0000000000,,
1331300002A,14,1.0000000000,,
1331300003A,14,1.0000000000,,
1331300004A,14,1.0000000000,,
1331300005A,14,1.0000000000,,
1331300006A,14,1.0000000000,,
133130000AN,14,1.0000000000,,
133130000CA,14,1.0000000000,,
133130000CO,14,1.0000000000,,
133130000DG,14,1.0000000000,,
133130000ES,14,1.0000000000,,
133130000FI,14,1.0000000000,,
133130000GL,14,1.0000000000,,
133130000LT,14,1.0000000000,,
133130000MC,14,1.0000000000,,
133130000NI,14,1.0000000000,,
133130000PG,14,1.0000000000,,
133130000TH,14,1.0000000000,,
133130000TI,14,1.0000000000,,
133130000TR,14,1.0000000000,,
133130000UT,14,1.0000000000,,
133130000VA,14,1.0000000000,,
133130000WS,14,1.0000000000,,
1331500001A,8,1.0000000000,,
1331500002A,8,1.0000000000,,
1331500002B,2,0.0000472034,,
1331500002B,8,0.9999527966,,
1331500003A,8,1.0000000000,,
1331500004A,8,1.0000000000,,
1331500005A,8,1.0000000000,,
13317000001,10,0.0001382774,,
13317000001,12,0.9998617226,,
1331700002A,10,0.0000213062,,
1331700002A,12,0.9999786938,,
1331700002B,10,0.0000295500,,
1331700002B,12,0.9999704500,,
1331700003A,10,0.0004990265,,
1331700003A,12,0.9995009735,,
1331700003B,10,0.9997708170,,
1331700003B,12,0.0002291830,,
1331700004A,10,0.3368156590,,
1331700004A,12,0.6631843410,,
1331700004B,10,0.5027100779,,
1331700004B,12,0.4972899221,,
13319000002,8,0.9999449850,,
13319000002,12,0.0000550150,,
13319000003,8,0.9999810434,,
13319000003,12,0.0000189566,,
13319000004,8,1.0000000000,,
13319000005,8,1.0000000000,,
13319000006,8,1.0000000000,,
13319000007,8,0.9999729083,,
13319000007,12,0.0000270917,,
13319000008,8,1.0000000000,,
13319000010,8,1.0000000000,,
13319000011,8,0.9999948411,,
13319000011,12,0.0000051589,,
13321000001,8,1.0000000000,,
13321000002,8,1.0000000000,,
13321000003,8,1.0000000000,,
13321000004,8,1.0000000000,,
13321000005,8,1.0000000000,,
13321000006,2,0.0001353606,,
13321000006,8,0.9998646394,,
13321000007,8,1.0000000000,,
13321000008,2,0.0000461640,,
13321000008,8,0.9999538360,,
13321000009,2,0.0000225956,,
13321000009,8,0.9999774044,,
13321000010,8,1.0000000000,,
13321000011,8,1.0000000000,,
13321000012,2,0.0000319884,,
13321000012,8,0.9999680116,,
13321000014,2,0.0000555569,,
13321000014,8,0.9999444431,,
13321000015,8,1.0000000000,,
13321000016,2,0.0000083340,,
13321000016,8,0.9999916660,,
