precinct_key,district_num,area_weight,block_count,precinct_block_count
13001000002,19,1.0000000000,,
1300100001B,19,1.0000000000,,
1300100001C,19,1.0000000000,,
1300100003C,19,1.0000000000,,
1300100004B,8,0.0000401527,,
1300100004B,19,0.9999598473,,
1300100004D,19,1.0000000000,,
1300100005A,19,1.0000000000,,
1300100005B,19,1.0000000000,,
130010003A1,19,1.0000000000,,
13003000001,8,0.9999718468,,
13003000001,13,0.0000116595,,
13003000001,19,0.0000164937,,
13003000002,8,0.9999725620,,
13003000002,19,0.0000274380,,
13003000003,8,0.9989373550,,
13003000003,13,0.0010626450,,
13003000004,8,1.0000000000,,
130050DOUGL,8,0.0000211575,,
130050DOUGL,19,0.9999788425,,
1300700000A,12,1.0000000000,,
1300700000E,12,1.0000000000,,
1300700000H,11,0.0000000054,,
1300700000H,12,0.9999999946,,
1300700000M,12,1.0000000000,,
1300700000N,12,1.0000000000,,
13009000318,25,0.9999344219,,
13009000318,26,0.0000655781,,
13009000319,25,1.0000000000,,
13009000322,25,0.9999789584,,
13009000322,26,0.0000210416,,
13009001714,25,0.9993710280,,
13009001714,26,0.0006289720,,
1300900321E,25,1.0000000000,,
1300900321W,25,1.0000000000,,
1300900CTY1,25,1.0000000000,,
1300900CTY2,25,1.0000000000,,
1300900CTY3,25,1.0000000000,,
1300900CTY4,25,1.0000000000,,
1300900CTY5,25,1.0000000000,,
1300900CTY6,25,1.0000000000,,
1300900MERI,25,1.0000000000,,
1300900MONT,25,0.9994346416,,
1300900MONT,26,0.0005653584,,
13011000001,50,1.0000000000,,
13011000002,50,1.0000000000,,
13011000003,50,1.0000000000,,
13011000004,50,1.0000000000,,
13011000005,50,1.0000000000,,
13011000006,47,0.0002135920,,
13011000006,50,0.9997864080,,
13011000007,49,0.0000187301,,
13011000007,50,0.9999812699,,
13011000008,49,0.0000238017,,
13011000008,50,0.9999761983,,
13011000009,50,1.0000000000,,
13011000010,50,1.0000000000,,
13011000011,49,0.0004236803,,
13011000011,50,0.9995763197,,
13011000012,50,1.0000000000,,
13011000013,50,1.0000000000,,
13013000001,46,0.0011817747,,
13013000001,47,0.9988182253,,
13013000002,45,0.9998840093,,
13013000002,47,0.0001159907,,
13013000003,45,1.0000000000,,
13013000004,45,0.9990017013,,
13013000004,46,0.0009982987,,
13013000005,46,0.0000505741,,
13013000005,47,0.9999494259,,
13013000006,45,1.0000000000,,
13013000007,46,0.0000019298,,
13013000007,47,0.9999980702,,
13013000008,45,0.0001499178,,
13013000008,47,0.9998500822,,
13013000009,45,0.0004559002,,
13013000009,46,0.0002080613,,
13013000009,47,0.9993360385,,
13013000010,45,0.9989171964,,
13013000010,46,0.0010343547,,
13013000010,47,0.0000484488,,
13013000011,45,0.0010617970,,
13013000011,46,0.9989382030,,
13013000012,45,0.9992448152,,
13013000012,46,0.0007551848,,
13013000013,45,0.9990957162,,
13013000013,47,0.0009042838,,
13013000014,45,1.0000000000,,
13013000015,45,0.9997860106,,
13013000015,47,0.0002139894,,
13013000016,45,0.0004158805,,
13013000016,46,0.9985857521,,
13013000016,47,0.0009983674,,
13015000001,52,1.0000000000,,
13015000002,32,0.0000652416,,
13015000002,37,0.9994341029,,
13015000002,52,0.0005006556,,
13015000003,52,1.0000000000,,
13015000004,37,0.0003241369,,
13015000004,52,0.9996758631,,
13015000005,52,1.0000000000,,
13015000006,32,0.0000487945,,
13015000006,37,0.0001318651,,
13015000006,52,0.9998193404,,
13015000007,31,0.0000466096,,
13015000007,37,0.9996226588,,
13015000007,52,0.0003307315,,
13015000008,52,1.0000000000,,
13015000009,52,0.9999635493,,
13015000009,54,0.0000364507,,
13015000010,52,1.0000000000,,
13015000011,52,1.0000000000,,
13015000012,21,0.0000140693,,
13015000012,52,0.9999509764,,
13015000012,54,0.0000349542,,
13015000014,31,0.0000145857,,
13015000014,52,0.9999854143,,
13015000015,21,0.0000560508,,
13015000015,32,0.0000007673,,
13015000015,52,0.9999431819,,
13015000016,37,0.0001186943,,
13015000016,52,0.9998813057,,
13015000018,31,0.0000153231,,
13015000018,37,0.0003217062,,
13015000018,52,0.9996629707,,
13017000001,13,0.9999820353,,
13017000001,19,0.0000059587,,
13017000001,20,0.0000120060,,
13017000002,13,0.9999752042,,
13017000002,20,0.0000247958,,
13019000518,8,0.0002876716,,
13019000518,13,0.9997123284,,
13019001144,8,0.0000837045,,
13019001144,13,0.9999162955,,
13019001148,8,0.0008347812,,
13019001148,13,0.9991652188,,
13019001157,11,0.0000890652,,
13019001157,13,0.9999109348,,
13019001329,8,0.0000099972,,
13019001329,11,0.0002930150,,
13019001329,13,0.9996969878,,
13019001427,11,0.0006701393,,
13019001427,13,0.9993298607,,
13019001642,13,1.0000000000,,
13019001767,8,0.0001430032,,
13019001767,13,0.9998569968,,
13019001819,13,1.0000000000,,
13021000EM1,25,0.0000689914,,
13021000EM1,26,0.9999310086,,
13021000EM2,25,0.0005620187,,
13021000EM2,26,0.9994379813,,
13021000EM3,25,0.9990091991,,
13021000EM3,26,0.0009908009,,
13021000EM4,25,0.0001031072,,
13021000EM4,26,0.9998968928,,
13021000EM5,25,0.0000227099,,
13021000EM5,26,0.9999772901,,
13021000GF1,26,1.0000000000,,
13021000GF2,26,1.0000000000,,
13021000GF3,18,0.0001104470,,
13021000GF3,26,0.9998895530,,
13021000GF4,18,0.0002622778,,
13021000GF4,26,0.9997377222,,
13021000GF5,18,0.0012069254,,
13021000GF5,26,0.9987930746,,
13021000HA1,26,1.0000000000,,
13021000HA2,18,0.9998752418,,
13021000HA2,26,0.0001247582,,
13021000HA3,18,0.0023627003,,
13021000HA3,26,0.9976372997,,
13021000HA4,18,0.9989881296,,
13021000HA4,26,0.0010118704,,
13021000HO1,18,0.9898147685,,
13021000HO1,25,0.0101777408,,
13021000HO1,26,0.0000074907,,
13021000HO2,18,0.9981464093,,
13021000HO2,25,0.0002414028,,
13021000HO2,26,0.0016121878,,
13021000HO3,18,0.9934126051,,
13021000HO3,25,0.0065873949,,
13021000HO4,18,0.0002982608,,
13021000HO4,25,0.9996088628,,
13021000HO4,26,0.0000928764,,
13021000HO5,18,0.0223207894,,
13021000HO5,25,0.9776792106,,
13021000HO6,18,0.0003594305,,
13021000HO6,25,0.9995693449,,
13021000HO6,26,0.0000712246,,
13021000HO7,18,0.9981896630,,
13021000HO7,25,0.0018103370,,
13021000RU1,18,0.9991054021,,
13021000RU1,26,0.0008945979,,
13021000RU2,18,0.0001419029,,
13021000RU2,26,0.9998580971,,
13021000VV1,25,0.0020525976,,
13021000VV1,26,0.9979474024,,
13021000VV2,26,1.0000000000,,
13021000VV3,26,1.0000000000,,
13021000VV4,18,0.0011309758,,
13021000VV4,26,0.9988690242,,
13021000VV5,25,0.9975524584,,
13021000VV5,26,0.0024475416,,
13021000VV6,25,0.0029208265,,
13021000VV6,26,0.9970791735,,
13021000WA1,18,0.9999224496,,
13021000WA1,26,0.0000775504,,
13021000WA2,18,0.9995697060,,
13021000WA2,26,0.0004302940,,
13023000001,20,0.9999851502,,
13023000001,26,0.0000148498,,
13025000001,3,0.9999162864,,
13025000001,8,0.0000837136,,
13025000002,3,0.9999375035,,
13025000002,8,0.0000488242,,
13025000002,19,0.0000136723,,
13025000003,3,0.9999777106,,
13025000003,19,0.0000222894,,
13027000659,8,0.0000876018,,
13027000659,11,0.9999123982,,
13027000660,8,0.0000007208,,
13027000660,11,0.9999992792,,
13027001199,8,0.0000170026,,
13027001199,11,0.9999829974,,
13027001230,11,1.0000000000,,
13027001402,11,1.0000000000,,
13027001650,8,0.0001733434,,
13027001650,11,0.9998266566,,
13027001712,11,1.0000000000,,
13029000001,1,0.9999222494,,
13029000001,4,0.0000777506,,
13029000002,1,0.9999911934,,
13029000002,4,0.0000088066,,
13029000003,1,0.9998010182,,
13029000003,4,0.0001989818,,
13029000004,1,1.0000000000,,
13029000005,1,1.0000000000,,
13029000006,1,1.0000000000,,
13029000007,1,1.0000000000,,
13029000008,1,1.0000000000,,
13029000009,1,1.0000000000,,
13029000010,1,1.0000000000,,
13029FTSTEW,1,0.9999989510,,
13029FTSTEW,4,0.0000010490,,
13031000001,4,0.9999606831,,
13031000001,23,0.0000393169,,
13031000002,4,0.9999926075,,
13031000002,23,0.0000073925,,
13031000003,4,0.9999828199,,
13031000003,23,0.0000171801,,
13031000004,4,1.0000000000,,
13031000005,1,0.0000159406,,
13031000005,4,0.9999840594,,
13031000006,1,0.0000239024,,
13031000006,4,0.9999760976,,
13031000007,1,0.0000097188,,
13031000007,4,0.9999902812,,
13031000008,4,1.0000000000,,
13031000009,4,1.0000000000,,
13031000010,4,1.0000000000,,
13031000011,4,1.0000000000,,
13031000012,4,0.9999683953,,
13031000012,23,0.0000316047,,
13031000013,4,1.0000000000,,
13031000014,4,1.0000000000,,
13031000015,4,1.0000000000,,
13031000016,4,0.9999994319,,
13031000016,23,0.0000005681,,
13033000001,23,1.0000000000,,
13033000002,22,0.0001655610,,
13033000002,23,0.9998344390,,
13033000003,23,1.0000000000,,
13033000004,23,1.0000000000,,
13033000005,23,1.0000000000,,
13033000006,23,1.0000000000,,
13033000007,23,1.0000000000,,
13033000008,23,1.0000000000,,
13033000009,23,1.0000000000,,
13033000010,23,1.0000000000,,
13033000011,23,1.0000000000,,
13033000012,23,1.0000000000,,
13033000013,23,1.0000000000,,
13033000014,23,1.0000000000,,
13033000015,23,1.0000000000,,
13033000016,23,1.0000000000,,
1303500BCCC,16,0.0000238782,,
1303500BCCC,17,0.0000838025,,
1303500BCCC,18,0.0000773332,,
1303500BCCC,25,0.9998149860,,
13037000001,12,1.0000000000,,
13037000002,12,1.0000000000,,
13037000003,12,1.0000000000,,
13037000004,12,1.0000000000,,
13037000005,12,1.0000000000,,
13039000001,3,1.0000000000,,
13039000002,3,1.0000000000,,
13039000003,3,1.0000000000,,
13039000004,3,1.0000000000,,
13039000005,3,1.0000000000,,
13039000006,3,1.0000000000,,
13039000007,3,1.0000000000,,
13039000008,3,1.0000000000,,
13039000009,3,1.0000000000,,
13039000010,3,1.0000000000,,
13039000011,3,1.0000000000,,
13039000012,3,1.0000000000,,
13039000013,3,1.0000000000,,
13039000014,3,1.0000000000,,
13043001685,4,0.9999880571,,
13043001685,23,0.0000119429,,
13043001736,4,0.9999659152,,
13043001736,19,0.0000065793,,
13043001736,23,0.0000275055,,
13045000501,30,1.0000000000,,
13045000640,28,0.0000339587,,
13045000640,30,0.9999660413,,
13045000641,30,1.0000000000,,
13045000642,28,0.0001227271,,
13045000642,30,0.9998772729,,
13045000649,30,1.0000000000,,
13045000650,30,1.0000000000,,
13045000682,28,0.0004308672,,
13045000682,30,0.9995691328,,
13045000713,28,0.0001515081,,
13045000713,30,0.9998484919,,
13045000715,30,1.0000000000,,
13045001006,30,1.0000000000,,
13045001111,30,1.0000000000,,
13045001122,30,1.0000000000,,
13045001152,30,1.0000000000,,
13045001240,30,1.0000000000,,
13045001371,30,1.0000000000,,
13045001483,30,1.0000000000,,
13045001496,30,1.0000000000,,
13045001533,28,0.0000457772,,
13045001533,30,0.9999542228,,
13045001540,30,1.0000000000,,
13045001542,28,0.0000617832,,
13045001542,30,0.9999382168,,
130450714A1,30,1.0000000000,,
130450714A2,30,1.0000000000,,
130450714A3,30,1.0000000000,,
130450714A4,30,1.0000000000,,
130450714A5,30,1.0000000000,,
130450714A6,30,1.0000000000,,
130450714BN,30,1.0000000000,,
130450714BW,30,1.0000000000,,
1304700BLCK,53,0.9999487037,,
1304700BLCK,54,0.0000512963,,
1304700BOYN,53,1.0000000000,,
1304700CAKT,53,0.9998597135,,
1304700CAKT,54,0.0001402865,,
1304700CHAM,53,1.0000000000,,
1304700FT-O,53,1.0000000000,,
1304700GRAY,53,1.0000000000,,
1304700LAKE,53,1.0000000000,,
1304700POPS,53,1.0000000000,,
1304700RING,53,1.0000000000,,
1304700WEST,53,1.0000000000,,
1304700WOOD,53,0.9998840882,,
1304700WOOD,54,0.0001159118,,
13049000002,3,1.0000000000,,
1304900003B,3,1.0000000000,,
1304900003S,3,0.9999813755,,
1304900003S,8,0.0000186245,,
1304900004A,3,0.9999519144,,
1304900004A,8,0.0000480856,,
1304900004H,3,1.0000000000,,
1304900005F,3,1.0000000000,,
1304900005R,3,0.9999470400,,
1304900005R,8,0.0000529600,,
1304900005W,3,1.0000000000,,
1305101-01C,2,1.0000000000,,
1305101-05C,2,1.0000000000,,
1305101-06C,2,1.0000000000,,
1305101-08C,1,0.0000687928,,
1305101-08C,2,0.9999312072,,
1305101-09C,2,1.0000000000,,
1305101-10C,1,1.0000000000,,
1305101-12C,1,0.9987775454,,
1305101-12C,2,0.0012224546,,
1305101-13C,1,0.9869943076,,
1305101-13C,2,0.0130056924,,
1305101-14C,1,0.9998155331,,
1305101-14C,2,0.0001844669,,
1305101-16C,1,0.9998288971,,
1305101-16C,2,0.0001711029,,
1305101-17C,1,0.9986500744,,
1305101-17C,2,0.0013499256,,
1305102-02C,2,1.0000000000,,
1305102-03C,2,1.0000000000,,
1305102-04C,2,1.0000000000,,
1305102-05C,2,1.0000000000,,
1305102-06C,1,0.0019234839,,
1305102-06C,2,0.9980765161,,
1305102-07C,2,1.0000000000,,
1305102-09C,2,1.0000000000,,
1305102-11C,2,1.0000000000,,
1305102-12C,2,1.0000000000,,
1305103-01C,1,0.0003516204,,
1305103-01C,2,0.9996483796,,
1305103-02C,2,1.0000000000,,
1305103-03C,1,0.0035284906,,
1305103-03C,2,0.9964715094,,
1305103-04C,2,1.0000000000,,
1305103-05C,2,1.0000000000,,
1305103-08C,2,1.0000000000,,
1305103-09C,2,1.0000000000,,
1305103-10C,2,1.0000000000,,
1305103-11C,2,1.0000000000,,
1305103-12C,1,0.0011787481,,
1305103-12C,2,0.9988212519,,
1305103-13C,1,0.0017011988,,
1305103-13C,2,0.9982988012,,
1305103-14C,1,0.0005075459,,
1305103-14C,2,0.9994924541,,
1305103-15C,1,0.9985307837,,
1305103-15C,2,0.0014692163,,
1305104-02C,1,1.0000000000,,
1305104-04C,1,1.0000000000,,
1305104-05C,1,1.0000000000,,
1305104-06C,1,1.0000000000,,
1305104-07C,1,1.0000000000,,
1305104-08C,1,1.0000000000,,
1305104-10C,1,1.0000000000,,
1305104-11C,1,1.0000000000,,
1305104-12C,1,1.0000000000,,
1305104-13C,1,1.0000000000,,
1305104-14C,1,1.0000000000,,
1305104-15C,1,1.0000000000,,
1305105-01C,2,1.0000000000,,
1305105-02C,2,1.0000000000,,
1305105-03C,2,1.0000000000,,
1305105-05C,2,1.0000000000,,
1305105-06C,2,1.0000000000,,
1305105-07C,2,1.0000000000,,
1305105-08C,2,1.0000000000,,
1305105-10C,2,1.0000000000,,
1305105-11C,2,1.0000000000,,
1305106-01C,1,0.0046790725,,
1305106-01C,2,0.9953209275,,
1305106-02C,1,0.9996827432,,
1305106-02C,2,0.0003172568,,
1305106-03C,1,0.0018437023,,
1305106-03C,2,0.9981562977,,
1305106-05C,2,1.0000000000,,
1305106-06C,1,0.0077541002,,
1305106-06C,2,0.9922458998,,
1305106-08C,2,1.0000000000,,
1305106-09C,1,0.0018010038,,
1305106-09C,2,0.9981989962,,
1305106-10C,1,0.9999338788,,
1305106-10C,2,0.0000661212,,
1305106-11C,1,0.9999994028,,
1305106-11C,2,0.0000005972,,
1305107-01C,2,1.0000000000,,
1305107-03C,2,1.0000000000,,
1305107-04C,2,0.9999610246,,
1305107-04C,4,0.0000389754,,
1305107-05C,2,0.9999693006,,
1305107-05C,4,0.0000306994,,
1305107-06C,1,0.0006105824,,
1305107-06C,2,0.0001484184,,
1305107-06C,4,0.9992409992,,
1305107-07C,1,0.0000016976,,
1305107-07C,2,0.0006212674,,
1305107-07C,4,0.9993770349,,
1305107-08C,1,0.8741530022,,
1305107-08C,2,0.0000000207,,
1305107-08C,4,0.1258469771,,
1305107-09C,1,0.9996975270,,
1305107-09C,2,0.0003024730,,
1305107-10C,1,0.0004085857,,
1305107-10C,2,0.9995914143,,
1305107-11C,2,0.9995850116,,
1305107-11C,4,0.0004149884,,
1305107-12C,1,0.6557424391,,
1305107-12C,2,0.0003169748,,
1305107-12C,4,0.3439405861,,
1305107-13C,2,0.0019082959,,
1305107-13C,4,0.9980917041,,
1305107-14C,1,0.0005973649,,
1305107-14C,2,0.9988627541,,
1305107-14C,4,0.0005398810,,
1305107-15C,2,0.9998765302,,
1305107-15C,4,0.0001234698,,
1305108-01C,2,1.0000000000,,
1305108-02C,2,1.0000000000,,
1305108-03C,2,1.0000000000,,
1305108-05C,2,1.0000000000,,
1305108-06C,2,1.0000000000,,
1305108-07C,2,1.0000000000,,
1305108-08C,2,1.0000000000,,
1305108-09C,2,1.0000000000,,
1305108-10C,2,1.0000000000,,
1305108-11C,2,1.0000000000,,
1305108-12C,2,1.0000000000,,
1305108-13C,2,0.9997195049,,
1305108-13C,4,0.0002804951,,
1305108-15C,2,1.0000000000,,
130510XFTPU,1,1.0000000000,,
13053000001,12,0.0000143338,,
13053000001,15,0.9999856662,,
13053FTBEN1,15,1.0000000000,,
13053FTBEN2,15,1.0000000000,,
13053FTBEN3,15,1.0000000000,,
13055000870,53,1.0000000000,,
13055000925,53,1.0000000000,,
13055000940,53,1.0000000000,,
13055000961,52,0.0000002825,,
13055000961,53,0.9999997175,,
13055000962,53,1.0000000000,,
13055000968,53,1.0000000000,,
13055001083,52,0.0002527639,,
13055001083,53,0.9997472361,,
13055001216,53,1.0000000000,,
13055001382,53,1.0000000000,,
13055001484,53,1.0000000000,,
130550P-870,53,1.0000000000,,
13055XC-968,53,1.0000000000,,
13057000001,56,1.0000000000,,
13057000002,21,0.0017475270,,
13057000002,56,0.9982524730,,
13057000003,21,1.0000000000,,
13057000004,21,0.9999521319,,
13057000004,51,0.0000478681,,
13057000005,32,1.0000000000,,
13057000006,32,0.9999369288,,
13057000006,37,0.0000630712,,
13057000007,32,0.9996486292,,
13057000007,56,0.0003513708,,
13057000008,21,0.9989070886,,
13057000008,56,0.0010929114,,
13057000009,21,0.0012017849,,
13057000009,32,0.9987982151,,
13057000010,21,0.9997995289,,
13057000010,32,0.0002004711,,
13057000011,32,0.9996901940,,
13057000011,56,0.0003098060,,
13057000012,32,0.0008652052,,
13057000012,56,0.9991347948,,
13057000013,21,0.9999989240,,
13057000013,51,0.0000010760,,
13057000014,21,0.9999506377,,
13057000014,27,0.0000028866,,
13057000014,51,0.0000464757,,
13057000015,32,0.9977955128,,
13057000015,56,0.0022044872,,
13057000016,32,0.9999398135,,
13057000016,56,0.0000601865,,
13057000018,21,0.9999877306,,
13057000018,27,0.0000122694,,
13057000019,21,0.9997975595,,
13057000019,56,0.0002024405,,
13057000020,21,1.0000000000,,
13057000021,32,1.0000000000,,
13057000022,21,0.0008507058,,
13057000022,32,0.0005527100,,
13057000022,56,0.9985965842,,
13057000023,32,1.0000000000,,
13057000024,21,0.0008545964,,
13057000024,32,0.9985150489,,
13057000024,56,0.0006303548,,
13057000026,21,0.0000089581,,
13057000026,56,0.9999910419,,
13057000027,21,1.0000000000,,
13057000028,21,0.9993006561,,
13057000028,56,0.0006993439,,
13057000029,32,0.9999366796,,
13057000029,37,0.0000633204,,
13057000030,21,0.9999925514,,
13057000030,51,0.0000074486,,
13057000031,21,1.0000000000,,
13057000032,32,1.0000000000,,
13057000033,21,0.9998914866,,
13057000033,51,0.0000227012,,
13057000033,52,0.0000858121,,
13057000034,32,0.9997468297,,
13057000034,56,0.0002531703,,
13057000035,21,0.0004300749,,
13057000035,32,0.9994972853,,
13057000035,52,0.0000726398,,
13057000036,21,0.9989049934,,
13057000036,32,0.0009897283,,
13057000036,56,0.0001052783,,
13057000037,21,0.0000013787,,
13057000037,32,0.0002336586,,
13057000037,56,0.9997649627,,
13057000038,21,1.0000000000,,
13057000039,21,0.9999132041,,
13057000039,56,0.0000867959,,
13057000040,32,1.0000000000,,
13057000041,21,0.9997137937,,
13057000041,32,0.0002506633,,
13057000041,52,0.0000355430,,
13057000042,21,0.0008305469,,
13057000042,56,0.9991694531,,
13057000043,56,1.0000000000,,
13057000044,56,1.0000000000,,
1305900001A,24,0.0001003909,,
1305900001A,47,0.9998996091,,
1305900001B,24,0.0001187474,,
1305900001B,46,0.0003930609,,
1305900001B,47,0.9994881917,,
1305900001C,46,0.9998378854,,
1305900001C,47,0.0001621146,,
1305900001D,24,0.0000623424,,
1305900001D,46,0.9992996874,,
1305900001D,47,0.0006379702,,
1305900002A,47,1.0000000000,,
1305900002B,46,0.0001207347,,
1305900002B,47,0.9998792653,,
1305900003A,46,0.9959318660,,
1305900003A,47,0.0040681340,,
1305900003B,46,0.3611910348,,
1305900003B,47,0.6388089652,,
1305900004A,46,0.0003029943,,
1305900004A,47,0.9996970057,,
1305900004B,46,0.9994501022,,
1305900004B,47,0.0005498978,,
1305900005A,46,0.0002326915,,
1305900005A,47,0.9997673085,,
1305900005B,47,1.0000000000,,
1305900005C,46,0.0011677426,,
1305900005C,47,0.9988322574,,
1305900005D,47,1.0000000000,,
1305900006A,46,0.9997335335,,
1305900006A,47,0.0002664665,,
1305900006B,46,0.0003201716,,
1305900006B,47,0.9996798284,,
1305900006C,46,0.6855099528,,
1305900006C,47,0.3144900472,,
1305900006D,46,0.0021488895,,
1305900006D,47,0.9978511105,,
1305900007A,46,0.9998832263,,
1305900007A,47,0.0001167737,,
1305900007B,46,1.0000000000,,
1305900007C,46,0.9998233626,,
1305900007C,47,0.0001766374,,
1305900008A,47,1.0000000000,,
1305900008B,46,0.0014204624,,
1305900008B,47,0.9985795376,,
1305900008C,46,0.0008442686,,
1305900008C,47,0.9991557314,,
13061000001,12,1.0000000000,,
13061000002,12,1.0000000000,,
13061000003,12,1.0000000000,,
13061000004,12,1.0000000000,,
13061000005,12,1.0000000000,,
13063000EW1,10,0.0007332850,,
13063000EW1,44,0.9992667150,,
13063000FP1,34,1.0000000000,,
13063000FP2,34,0.9985243830,,
13063000FP2,44,0.0014756170,,
13063000FP3,34,1.0000000000,,
13063000FP4,34,0.9989892242,,
13063000FP4,44,0.0010107758,,
13063000FP5,34,1.0000000000,,
13063000FP6,34,0.9964620428,,
13063000FP6,44,0.0035379572,,
13063000LC1,34,0.0002018242,,
13063000LC1,44,0.9997981758,,
13063000LJ1,10,0.0000161221,,
13063000LJ1,44,0.9999838779,,
13063000LJ2,10,0.0001245872,,
13063000LJ2,44,0.9998754128,,
13063000LJ3,10,0.0002080562,,
13063000LJ3,34,0.0000420410,,
13063000LJ3,44,0.9997499028,,
13063000LJ4,44,1.0000000000,,
13063000LJ5,44,1.0000000000,,
13063000MO1,34,0.0008450663,,
13063000MO1,44,0.9991549337,,
13063000MO2,34,0.0023642695,,
13063000MO2,44,0.9976357305,,
13063000MO3,44,1.0000000000,,
13063000MO4,44,1.0000000000,,
13063000MO5,10,0.0000126737,,
13063000MO5,44,0.9999873263,,
13063000MO6,10,0.0001969089,,
13063000MO6,44,0.9998030911,,
13063000MO7,44,1.0000000000,,
13063000MO8,10,0.0000852379,,
13063000MO8,44,0.9999147621,,
13063000MO9,44,1.0000000000,,
13063000PH1,16,0.0005003964,,
13063000PH1,34,0.9992839924,,
13063000PH1,44,0.0002156113,,
13063000PH2,10,0.0001380273,,
13063000PH2,16,0.0002330727,,
13063000PH2,34,0.0000253006,,
13063000PH2,44,0.9996035994,,
1306300JB01,34,1.0000000000,,
1306300JB02,34,1.0000000000,,
1306300JB03,34,0.0022901030,,
1306300JB03,44,0.9977098970,,
1306300JB04,34,0.9987946714,,
1306300JB04,44,0.0012053286,,
1306300JB05,44,1.0000000000,,
1306300JB06,10,0.0000091502,,
1306300JB06,44,0.9999908498,,
1306300JB07,44,1.0000000000,,
1306300JB08,10,0.0000831189,,
1306300JB08,44,0.9999168811,,
1306300JB09,34,1.0000000000,,
1306300JB10,34,0.9974462282,,
1306300JB10,44,0.0025537718,,
1306300JB11,10,0.0000014684,,
1306300JB11,44,0.9999985316,,
1306300JB12,34,1.0000000000,,
1306300JB13,34,0.0015829984,,
1306300JB13,44,0.9984170016,,
1306300JB14,10,0.0000027293,,
1306300JB14,44,0.9999972707,,
1306300JB15,34,0.9997630973,,
1306300JB15,44,0.0002369027,,
1306300JB16,34,1.0000000000,,
1306300JB17,34,0.9981705334,,
1306300JB17,44,0.0018294666,,
1306300JB18,34,0.0011650236,,
1306300JB18,44,0.9988349764,,
1306300OAK1,34,0.9937490993,,
1306300OAK1,36,0.0007929425,,
1306300OAK1,39,0.0054579581,,
1306300OAK2,34,1.0000000000,,
1306300OAK3,34,1.0000000000,,
1306300OAK4,34,1.0000000000,,
1306300RD01,34,1.0000000000,,
1306300RD02,34,1.0000000000,,
1306300RD03,34,1.0000000000,,
1306300RD04,34,1.0000000000,,
1306300RD05,34,1.0000000000,,
1306300RD06,34,1.0000000000,,
1306300RD07,34,1.0000000000,,
1306300RD08,34,0.9999993469,,
1306300RD08,39,0.0000006531,,
1306300RD09,34,1.0000000000,,
1306300RD10,34,1.0000000000,,
1306300RD11,34,0.9869485055,,
1306300RD11,39,0.0130514945,,
1306300RD12,34,1.0000000000,,
1306500000D,8,1.0000000000,,
1306500000F,8,1.0000000000,,
1306500000H,8,1.0000000000,,
130650000AB,8,1.0000000000,,
130650000AG,8,1.0000000000,,
1306700AC1A,37,1.0000000000,,
1306700AC1B,32,0.0003911613,,
1306700AC1B,37,0.9996088387,,
1306700AC1C,37,1.0000000000,,
1306700AD01,32,0.9977040364,,
1306700AD01,56,0.0022959636,,
1306700AU1A,33,0.9998449342,,
1306700AU1A,35,0.0001550658,,
1306700BF02,32,1.0000000000,,
1306700BF03,32,0.9989644350,,
1306700BF03,56,0.0010355650,,
1306700BG01,32,0.0009433446,,
1306700BG01,37,0.9990566554,,
1306700BG02,32,0.9991043925,,
1306700BG02,37,0.0008956075,,
1306700BK01,32,0.0001557967,,
1306700BK01,37,0.9998442033,,
1306700BR01,33,1.0000000000,,
1306700BR02,33,0.9997395182,,
1306700BR02,38,0.0002604818,,
1306700BT01,33,0.0053085827,,
1306700BT01,38,0.9946914173,,
1306700BT02,33,0.0000087710,,
1306700BT02,35,0.0000699111,,
1306700BT02,38,0.9999213178,,
1306700BW01,32,0.9981485981,,
1306700BW01,56,0.0018514019,,
1306700CA01,6,1.0000000000,,
1306700CH02,32,0.0002548564,,
1306700CH02,37,0.9997451436,,
1306700CH03,33,0.0001199350,,
1306700CH03,37,0.9998800650,,
1306700CK01,32,0.9988936739,,
1306700CK01,37,0.0011063261,,
1306700CL01,33,1.0000000000,,
1306700CL02,31,0.0000171075,,
1306700CL02,33,0.9999341816,,
1306700CL02,35,0.0000487109,,
1306700CO01,33,1.0000000000,,
1306700CR01,56,1.0000000000,,
1306700DC01,6,0.0021500713,,
1306700DC01,32,0.0002898474,,
1306700DC01,56,0.9975600813,,
1306700DI01,6,0.1601698081,,
1306700DI01,33,0.8025433147,,
1306700DI01,38,0.0372868772,,
1306700DL01,33,0.0002945351,,
1306700DL01,37,0.9997054649,,
1306700DO01,32,0.0030566585,,
1306700DO01,56,0.9969433415,,
1306700DU01,37,1.0000000000,,
1306700DV01,56,1.0000000000,,
1306700EA01,6,0.9965480733,,
1306700EA01,32,0.0017824606,,
1306700EA01,56,0.0016694661,,
1306700EA02,6,1.0000000000,,
1306700EL01,32,0.4902052570,,
1306700EL01,37,0.5097947430,,
1306700EL02,32,1.0000000000,,
1306700EL03,32,1.0000000000,,
1306700EL04,6,0.0020170461,,
1306700EL04,32,0.9979829539,,
1306700EL05,32,0.9980634121,,
1306700EL05,56,0.0019365879,,
1306700EP01,32,1.0000000000,,
1306700FO02,33,1.0000000000,,
1306700FO04,33,0.9995999956,,
1306700FO04,38,0.0004000044,,
1306700FP01,6,0.0041873262,,
1306700FP01,32,0.9954684128,,
1306700FP01,56,0.0003442610,,
1306700FR01,31,0.0002490741,,
1306700FR01,37,0.9997509259,,
1306700FY01,37,1.0000000000,,
1306700GM01,56,1.0000000000,,
1306700GT01,32,0.9999212298,,
1306700GT01,56,0.0000787702,,
1306700HL01,33,0.0000276636,,
1306700HL01,38,0.9999723364,,
1306700HR01,37,1.0000000000,,
1306700HT01,56,1.0000000000,,
1306700HY01,37,1.0000000000,,
1306700KE1A,32,0.0699139326,,
1306700KE1A,37,0.9300860674,,
1306700KE2A,37,1.0000000000,,
1306700KE3A,37,1.0000000000,,
1306700KE4A,37,1.0000000000,,
1306700KE5A,37,1.0000000000,,
1306700KL01,56,1.0000000000,,
1306700KP01,37,1.0000000000,,
1306700KP02,37,1.0000000000,,
1306700KP03,37,1.0000000000,,
1306700LA01,32,0.0024283072,,
1306700LA01,56,0.9975716928,,
1306700LI01,38,1.0000000000,,
1306700LM01,33,0.0002816549,,
1306700LM01,37,0.9997183451,,
1306700LM02,37,1.0000000000,,
1306700LM03,31,0.0003641912,,
1306700LM03,33,0.0000977594,,
1306700LM03,37,0.9995380493,,
1306700LM04,37,1.0000000000,,
1306700MA01,33,0.9999805739,,
1306700MA01,38,0.0000194261,,
1306700MA02,33,0.9998410215,,
1306700MA02,35,0.0000018181,,
1306700MA02,38,0.0001571604,,
1306700MA03,33,0.0027363757,,
1306700MA03,38,0.9972636243,,
1306700MA04,33,0.9927462351,,
1306700MA04,38,0.0072537649,,
1306700MB01,56,1.0000000000,,
1306700MC01,33,0.9988747493,,
1306700MC01,37,0.0011252507,,
1306700MD01,32,0.0024000508,,
1306700MD01,56,0.9975999492,,
1306700ME01,31,0.0000467006,,
1306700ME01,33,0.9996833310,,
1306700ME01,37,0.0002699683,,
1306700MK01,32,0.0010780702,,
1306700MK01,56,0.9989219298,,
1306700ML01,37,1.0000000000,,
1306700MR1A,32,0.0002433263,,
1306700MR1A,33,0.9997566737,,
1306700MR2A,32,0.0026028665,,
1306700MR2A,33,0.0034735700,,
1306700MR2A,37,0.9939235635,,
1306700MR2B,33,0.9993149594,,
1306700MR2B,37,0.0006850406,,
1306700MR3A,32,0.3917279547,,
1306700MR3A,33,0.6070641874,,
1306700MR3A,37,0.0012078578,,
1306700MR4A,32,0.9964949848,,
1306700MR4A,37,0.0035050152,,
1306700MR4B,32,0.9986608660,,
1306700MR4B,33,0.0002419397,,
1306700MR4B,37,0.0010971942,,
1306700MR4C,32,0.0020872983,,
1306700MR4C,37,0.9979127017,,
1306700MR5A,6,0.0011159784,,
1306700MR5A,32,0.0027027680,,
1306700MR5A,33,0.9961812537,,
1306700MR5B,32,0.9995781286,,
1306700MR5B,33,0.0004218714,,
1306700MR6A,6,0.5071844822,,
1306700MR6A,32,0.4874115437,,
1306700MR6A,33,0.0054039740,,
1306700MR6B,32,1.0000000000,,
1306700MR7A,6,0.0604092591,,
1306700MR7A,33,0.9395502761,,
1306700MR7A,38,0.0000404647,,
1306700MS01,31,0.0000796272,,
1306700MS01,37,0.9999203728,,
1306700MS02,37,1.0000000000,,
1306700MT01,6,0.0011434919,,
1306700MT01,14,0.0002161694,,
1306700MT01,56,0.9986403387,,
1306700MT03,6,0.9966799744,,
1306700MT03,14,0.0012888670,,
1306700MT03,56,0.0020311586,,
1306700MT04,6,0.9994457675,,
1306700MT04,56,0.0005542325,,
1306700NC01,37,1.0000000000,,
1306700NJ01,6,0.7012211781,,
1306700NJ01,38,0.2987788219,,
1306700NP01,33,0.9016380317,,
1306700NP01,38,0.0983619683,,
1306700NS01,32,0.0001761457,,
1306700NS01,56,0.9998238543,,
1306700OK01,6,0.0007071994,,
1306700OK01,38,0.9992928006,,
1306700OR01,37,1.0000000000,,
1306700OR02,33,1.0000000000,,
1306700OR03,33,0.9991762627,,
1306700OR03,37,0.0008237373,,
1306700OR04,33,0.9996869830,,
1306700OR04,37,0.0003130170,,
1306700OR05,33,0.0003648331,,
1306700OR05,37,0.9996351669,,
1306700PE01,33,0.9981411573,,
1306700PE01,35,0.0000024618,,
1306700PE01,38,0.0018563809,,
1306700PF01,6,0.9252791782,,
1306700PF01,33,0.0747208218,,
1306700PM01,37,1.0000000000,,
1306700PM02,37,1.0000000000,,
1306700PO01,56,1.0000000000,,
1306700PP01,56,1.0000000000,,
1306700PR01,32,1.0000000000,,
1306700PS1A,31,0.0000000000,,
1306700PS1A,33,1.0000000000,,
1306700PS2A,33,1.0000000000,,
1306700PS3A,33,1.0000000000,,
1306700PT01,32,0.9986724700,,
1306700PT01,37,0.0013275300,,
1306700RM01,56,1.0000000000,,
1306700RS01,33,0.0003503710,,
1306700RS01,38,0.9996496290,,
1306700RW01,56,1.0000000000,,
1306700RW02,56,1.0000000000,,
1306700SA01,32,0.0011772603,,
1306700SA01,56,0.9988227397,,
1306700SF01,56,1.0000000000,,
1306700SI01,56,1.0000000000,,
1306700SM01,6,0.0000680251,,
1306700SM01,32,0.9984074274,,
1306700SM01,56,0.0015245474,,
1306700SM03,6,0.8205555882,,
1306700SM03,32,0.0023301173,,
1306700SM03,33,0.1771142945,,
1306700SN1A,6,0.0021614522,,
1306700SN1A,38,0.9978385478,,
1306700SN2A,33,0.0006488430,,
1306700SN2A,38,0.9993511570,,
1306700SN3A,33,0.0016662216,,
1306700SN3A,38,0.9983337784,,
1306700SN4A,33,0.0009963381,,
1306700SN4A,38,0.9990036619,,
1306700SN5A,33,0.0064594521,,
1306700SN5A,38,0.9935405479,,
1306700SN6A,38,1.0000000000,,
1306700SN7A,33,0.0013343941,,
1306700SN7A,38,0.9986656059,,
1306700SO01,6,0.9999949899,,
1306700SO01,32,0.0000050101,,
1306700SO02,6,1.0000000000,,
1306700SO03,6,1.0000000000,,
1306700SW01,31,0.0000049401,,
1306700SW01,33,0.9999950599,,
1306700SW02,33,1.0000000000,,
1306700TM01,6,1.0000000000,,
1306700TR01,56,1.0000000000,,
1306700VA01,31,0.0007572048,,
1306700VA01,37,0.9992427952,,
1306700VG01,6,1.0000000000,,
1306700VG02,6,0.4673495651,,
1306700VG02,38,0.5326504349,,
1306700VG03,6,0.9980742856,,
1306700VG03,38,0.0019257144,,
1306700VG04,6,1.0000000000,,
1306700WG02,32,0.0021517963,,
1306700WG02,37,0.9978482037,,
1306700WL01,56,1.0000000000,,
13069000001,8,0.0000438789,,
13069000001,13,0.4229956135,,
13069000001,19,0.5769605077,,
13069000002,13,1.0000000000,,
13069000003,8,0.0000923844,,
13069000003,13,0.9999076156,,
13069000004,13,0.9997925094,,
13069000004,19,0.0002074906,,
13069000005,8,0.0000349909,,
13069000005,19,0.9999650091,,
13069000006,13,0.0001231434,,
13069000006,19,0.9998768566,,
13071000001,11,1.0000000000,,
13071000002,11,1.0000000000,,
13071000007,11,1.0000000000,,
13071000008,11,1.0000000000,,
13071000009,11,0.9999506463,,
13071000009,13,0.0000493537,,
13071000010,11,0.9999443562,,
13071000010,13,0.0000556438,,
13071000011,11,1.0000000000,,
13071000012,11,0.9999916823,,
13071000012,12,0.0000083177,,
13071000013,11,0.9999944682,,
13071000013,12,0.0000055318,,
13071000014,11,1.0000000000,,
13071000015,11,1.0000000000,,
13071000016,11,1.0000000000,,
13071000017,11,0.9999755260,,
13071000017,13,0.0000244740,,
13071000018,11,1.0000000000,,
13071000019,11,0.9999775856,,
13071000019,13,0.0000224144,,
13071000020,11,1.0000000000,,
13071000021,11,0.9999280027,,
13071000021,12,0.0000572789,,
13071000021,13,0.0000147184,,
13071000022,11,0.9999016615,,
13071000022,13,0.0000983385,,
13071000023,11,1.0000000000,,
13073000010,23,0.0002192027,,
13073000010,24,0.9997807973,,
13073000015,23,0.0003911029,,
13073000015,24,0.9996088971,,
13073000016,23,0.9997759195,,
13073000016,24,0.0002240805,,
13073000017,23,0.0011651531,,
13073000017,24,0.9988348469,,
13073000018,23,0.9956752491,,
13073000018,24,0.0043247509,,
13073000020,22,0.0000286504,,
13073000020,23,0.9999713496,,
13073000025,23,0.9999462672,,
13073000025,24,0.0000537328,,
13073000026,23,1.0000000000,,
13073000030,22,0.0003058056,,
13073000030,23,0.9996941944,,
13073000031,22,0.0004359507,,
13073000031,23,0.9995640493,,
13073000032,22,0.0000036924,,
13073000032,23,0.9999963076,,
13073000033,23,1.0000000000,,
13073000034,23,1.0000000000,,
13073000040,23,0.0002276871,,
13073000040,24,0.9997723129,,
13073000050,24,1.0000000000,,
13073000051,24,1.0000000000,,
13073000060,24,1.0000000000,,
13073000061,24,1.0000000000,,
13073000062,23,0.0000000953,,
13073000062,24,0.9999999047,,
13073000063,24,1.0000000000,,
13073000064,24,1.0000000000,,
13073000065,23,0.0003121664,,
13073000065,24,0.9996878336,,
13073000070,23,0.9984554082,,
13073000070,24,0.0015445918,,
13073000074,23,1.0000000000,,
13073000075,23,1.0000000000,,
13073000076,22,0.0004635009,,
13073000076,23,0.9995088767,,
13073000076,24,0.0000276224,,
13073000080,23,0.0013913657,,
13073000080,24,0.9986086343,,
13073000085,23,0.9986929181,,
13073000085,24,0.0013070819,,
13073000090,22,0.0000297861,,
13073000090,23,0.0000012751,,
13073000090,24,0.9999689387,,
13073000100,22,0.0000153491,,
13073000100,24,0.9999846509,,
13073000105,24,1.0000000000,,
13073000107,24,1.0000000000,,
13073000108,22,0.0000216877,,
13073000108,24,0.9999783123,,
13073000109,22,0.0001497612,,
13073000109,24,0.9998502388,,
13073000110,24,1.0000000000,,
13073000111,24,1.0000000000,,
13073000115,22,0.0001744720,,
13073000115,24,0.9998255280,,
13073000120,23,0.0000188103,,
13073000120,24,0.9999811897,,
13073000125,23,0.0000485823,,
13073000125,24,0.9999514177,,
13073000130,24,1.0000000000,,
13073000131,24,1.0000000000,,
13073000132,24,1.0000000000,,
13073000134,24,1.0000000000,,
13073000135,24,1.0000000000,,
13073000136,24,1.0000000000,,
13073000137,24,1.0000000000,,
1307500000C,8,0.0000342728,,
1307500000C,11,0.9999391629,,
1307500000C,13,0.0000265643,,
1307500000L,11,0.9994563433,,
1307500000L,13,0.0005436567,,
1307500000M,11,0.9996190463,,
1307500000M,13,0.0003809537,,
1307500000S,11,1.0000000000,,
130750000DB,11,0.9996326714,,
130750000DB,13,0.0003673286,,
130750000EP,11,1.0000000000,,
130750000NL,8,0.0000005807,,
130750000NL,11,0.9999994193,,
130750000RB,11,1.0000000000,,
13077000001,16,0.0008365465,,
13077000001,28,0.9991634535,,
13077000002,28,0.9998717414,,
13077000002,29,0.0001282586,,
13077000003,28,1.0000000000,,
13077000004,28,1.0000000000,,
13077000005,28,1.0000000000,,
13077000006,16,0.0005371447,,
13077000006,28,0.9994628553,,
13077000007,16,0.0018876157,,
13077000007,28,0.9981083056,,
13077000007,35,0.0000040787,,
13077000008,28,0.9999340945,,
13077000008,30,0.0000659055,,
13077000009,28,0.9998835835,,
13077000009,29,0.0001164165,,
13077000010,16,0.0000322038,,
13077000010,28,0.9999625865,,
13077000010,29,0.0000052097,,
13077000011,28,0.9998055614,,
13077000011,30,0.0001944386,,
13077000012,28,0.9998055512,,
13077000012,30,0.0001944488,,
13077000013,28,1.0000000000,,
13077000014,28,0.9999459631,,
13077000014,29,0.0000540369,,
13077000015,28,1.0000000000,,
13077000017,28,1.0000000000,,
13077000018,28,1.0000000000,,
13077000019,28,1.0000000000,,
13077000020,28,1.0000000000,,
13077000021,28,1.0000000000,,
13077000022,28,1.0000000000,,
13077000023,16,0.0019797320,,
13077000023,28,0.9980202680,,
13077000024,28,1.0000000000,,
13077000025,28,1.0000000000,,
13077000026,16,0.0006909196,,
13077000026,28,0.9993090804,,
13077000027,28,1.0000000000,,
13077000028,28,1.0000000000,,
13079000002,15,0.0000004849,,
13079000002,18,0.9999995151,,
13079000003,18,1.0000000000,,
13079000004,18,1.0000000000,,
13079000005,18,1.0000000000,,
1307900001A,15,0.0000035097,,
1307900001A,18,0.9999964903,,
1307900001B,15,0.0000011904,,
1307900001B,18,0.9999988096,,
130810ARABI,13,0.9999998813,,
130810ARABI,20,0.0000001187,,
130810CONEY,12,0.0001363626,,
130810CONEY,13,0.9998443121,,
130810CONEY,20,0.0000193253,,
130810CORDE,13,0.9999672460,,
130810CORDE,20,0.0000327540,,
130810JAMES,13,1.0000000000,,
130810LISTO,13,0.9999729390,,
130810LISTO,20,0.0000270610,,
13083000960,53,1.0000000000,,
13083000974,53,1.0000000000,,
13083001038,53,1.0000000000,,
13083001214,53,1.0000000000,,
13083001222,53,1.0000000000,,
13083001885,53,1.0000000000,,
13083001889,53,1.0000000000,,
13085000001,51,1.0000000000,,
13085000002,21,0.0000018163,,
13085000002,27,0.0000145030,,
13085000002,51,0.9999836806,,
13085000003,27,0.0000198111,,
13085000003,49,0.0003438473,,
13085000003,51,0.9996363416,,
13087000513,11,1.0000000000,,
13087000514,11,1.0000000000,,
13087000694,11,1.0000000000,,
13087001277,11,0.9999543775,,
13087001277,12,0.0000456225,,
13087001325,11,1.0000000000,,
13087001342,11,1.0000000000,,
13087001361,11,1.0000000000,,
13087001613,11,0.9999938495,,
13087001613,12,0.0000061505,,
13087001805,11,0.9999718716,,
13087001805,12,0.0000281284,,
130890000AA,41,1.0000000000,,
130890000AB,40,1.0000000000,,
130890000AD,14,0.0020311082,,
130890000AD,40,0.9979688918,,
130890000AE,42,1.0000000000,,
130890000AF,41,0.0003999629,,
130890000AF,42,0.9996000371,,
130890000AG,14,0.0005527268,,
130890000AG,40,0.9994472732,,
130890000AH,14,0.0000772773,,
130890000AH,40,0.9999227227,,
130890000AI,42,1.0000000000,,
130890000BB,42,0.9999992172,,
130890000BB,44,0.0000007828,,
130890000BC,39,0.0002145670,,
130890000BC,42,0.9997854330,,
130890000BD,40,0.0007544565,,
130890000BD,41,0.0021156955,,
130890000BD,42,0.9971298480,,
130890000BE,40,0.0080670665,,
130890000BE,42,0.9919329335,,
130890000BF,41,1.0000000000,,
130890000BG,42,1.0000000000,,
130890000BH,41,1.0000000000,,
130890000BI,40,0.9992616473,,
130890000BI,42,0.0007383527,,
130890000BJ,10,1.0000000000,,
130890000BL,34,0.0043685879,,
130890000BL,36,0.0000355657,,
130890000BL,44,0.9955958464,,
130890000BM,10,0.0005297361,,
130890000BM,41,0.9994702639,,
130890000BR,36,0.0000529524,,
130890000BR,44,0.9999470476,,
130890000CA,41,0.0000809138,,
130890000CA,42,0.9999190862,,
130890000CB,10,0.0006308328,,
130890000CB,41,0.9980822284,,
130890000CB,42,0.0012869388,,
130890000CC,10,0.0036479290,,
130890000CC,42,0.9963520710,,
130890000CD,10,0.0005119198,,
130890000CD,44,0.9994880802,,
130890000CE,40,1.0000000000,,
130890000CF,10,0.0005675891,,
130890000CF,43,0.9994324109,,
130890000CG,10,1.0000000000,,
130890000CH,40,1.0000000000,,
130890000CI,42,1.0000000000,,
130890000CJ,41,0.0012249878,,
130890000CJ,42,0.9987750122,,
130890000CK,41,0.9998978413,,
130890000CK,42,0.0001021587,,
130890000CL,44,1.0000000000,,
130890000CM,10,0.9993158668,,
130890000CM,42,0.0002273879,,
130890000CM,44,0.0004567453,,
130890000CO,6,0.0000040139,,
130890000CO,40,0.0003406342,,
130890000CO,42,0.9996553519,,
130890000CP,41,0.9962352998,,
130890000CP,55,0.0037647002,,
130890000CQ,42,1.0000000000,,
130890000CR,10,0.0001951992,,
130890000CR,44,0.9998048008,,
130890000CS,10,0.0007379104,,
130890000CS,44,0.9992620896,,
130890000CT,41,0.9971107802,,
130890000CT,42,0.0028892198,,
130890000CU,41,0.0040784217,,
130890000CU,42,0.9959215783,,
130890000CV,42,1.0000000000,,
130890000CW,41,0.0016413260,,
130890000CW,42,0.9983586740,,
130890000CX,40,1.0000000000,,
130890000DA,5,0.0000855110,,
130890000DA,40,0.9999144890,,
130890000DB,40,1.0000000000,,
130890000DC,40,0.9993737741,,
130890000DC,42,0.0006262259,,
130890000DE,41,1.0000000000,,
130890000DF,14,0.0004213704,,
130890000DF,40,0.9995786296,,
130890000DG,40,1.0000000000,,
130890000DH,42,1.0000000000,,
130890000DI,14,0.0000094821,,
130890000DI,40,0.9999905179,,
130890000EA,42,0.9984914681,,
130890000EA,44,0.0015085319,,
130890000EC,40,0.9975557341,,
130890000EC,41,0.0024442659,,
130890000EE,36,0.0000807721,,
130890000EE,42,0.9999192279,,
130890000EF,40,0.9984965025,,
130890000EF,41,0.0015034975,,
130890000EG,39,0.0004650966,,
130890000EG,42,0.9995349034,,
130890000ER,42,1.0000000000,,
130890000FA,10,0.9998087244,,
130890000FA,55,0.0001912756,,
130890000FB,42,1.0000000000,,
130890000FC,10,0.0016446046,,
130890000FC,42,0.0006923571,,
130890000FC,44,0.9976630383,,
130890000FE,10,1.0000000000,,
130890000FG,10,0.0007012164,,
130890000FG,43,0.9992987836,,
130890000FJ,10,0.0014501405,,
130890000FJ,44,0.9985498595,,
130890000FK,10,1.0000000000,,
130890000FL,10,0.9998839644,,
130890000FL,44,0.0001160356,,
130890000FM,41,1.0000000000,,
130890000GA,42,1.0000000000,,
130890000GB,41,1.0000000000,,
130890000GC,44,1.0000000000,,
130890000GD,14,0.0000534912,,
130890000GD,40,0.9999465088,,
130890000GF,41,0.9984673055,,
130890000GF,42,0.0015326945,,
130890000HA,41,1.0000000000,,
130890000HB,40,0.9966484540,,
130890000HB,42,0.0033515460,,
130890000HC,40,0.9996089191,,
130890000HC,42,0.0003910809,,
130890000HF,40,1.0000000000,,
130890000HG,41,1.0000000000,,
130890000HH,10,0.9991781000,,
130890000HH,44,0.0008219000,,
130890000HI,42,1.0000000000,,
130890000IA,41,1.0000000000,,
130890000IB,41,0.9989527627,,
130890000IB,42,0.0010472373,,
130890000JA,39,0.0004890890,,
130890000JA,42,0.9995109110,,
130890000JB,41,1.0000000000,,
130890000KA,42,0.9999334578,,
130890000KA,44,0.0000665422,,
130890000KB,14,0.0017918531,,
130890000KB,40,0.9982081469,,
130890000KC,10,1.0000000000,,
130890000KD,10,1.0000000000,,
130890000KE,42,1.0000000000,,
130890000KG,40,1.0000000000,,
130890000LA,40,0.0017054695,,
130890000LA,42,0.9982945305,,
130890000LB,42,1.0000000000,,
130890000LC,39,0.0001267811,,
130890000LC,42,0.9998732189,,
130890000LD,43,0.9999988896,,
130890000LD,55,0.0000011104,,
130890000LE,36,0.0005404069,,
130890000LE,42,0.9994595931,,
130890000LH,43,0.0014267013,,
130890000LH,55,0.9985732987,,
130890000LV,40,0.0030254180,,
130890000LV,41,0.9969745820,,
130890000MA,41,0.9984756680,,
130890000MA,55,0.0015243320,,
130890000MB,36,0.0000145280,,
130890000MB,44,0.9999854720,,
130890000MC,41,0.0018416673,,
130890000MC,55,0.9981583327,,
130890000MD,42,0.9988764653,,
130890000MD,44,0.0011235347,,
130890000ME,41,0.0032626507,,
130890000ME,42,0.9967373493,,
130890000MF,10,0.9996111527,,
130890000MF,41,0.0003888473,,
130890000MG,42,1.0000000000,,
130890000MH,40,0.0020437020,,
130890000MH,41,0.9979562980,,
130890000MI,10,0.0000304601,,
130890000MI,41,0.9992738109,,
130890000MI,55,0.0006957289,,
130890000MJ,40,0.0047025526,,
130890000MJ,42,0.9952974474,,
130890000MK,40,0.0000667205,,
130890000MK,41,0.9994410709,,
130890000MK,42,0.0004922086,,
130890000ML,36,0.0000862348,,
130890000ML,44,0.9999137652,,
130890000MN,41,1.0000000000,,
130890000MO,41,0.0001586200,,
130890000MO,42,0.9998413800,,
130890000MP,42,0.9973987268,,
130890000MP,44,0.0026012732,,
130890000MQ,14,0.0025921990,,
130890000MQ,40,0.9974078010,,
130890000MR,10,1.0000000000,,
130890000MS,40,1.0000000000,,
130890000MT,36,0.0000368481,,
130890000MT,42,0.0016536217,,
130890000MT,44,0.9983095302,,
130890000MU,14,0.0000324078,,
130890000MU,40,0.9999675922,,
130890000MV,10,1.0000000000,,
130890000MW,40,0.9980378310,,
130890000MW,41,0.0016044708,,
130890000MW,42,0.0003576981,,
130890000MZ,10,0.0008585582,,
130890000MZ,43,0.9978737004,,
130890000MZ,55,0.0012677414,,
130890000NB,41,0.0008024406,,
130890000NB,42,0.9991975594,,
130890000NC,41,1.0000000000,,
130890000ND,41,0.9973805201,,
130890000ND,42,0.0026194799,,
130890000NF,40,1.0000000000,,
130890000OA,40,0.0026531158,,
130890000OA,42,0.9973468842,,
130890000OB,5,0.0007010525,,
130890000OB,40,0.9992989475,,
130890000OK,42,1.0000000000,,
130890000OV,10,0.9980925902,,
130890000OV,44,0.0019074098,,
130890000PA,41,0.0013563050,,
130890000PA,42,0.9986436950,,
130890000PB,40,1.0000000000,,
130890000PC,43,0.0011916637,,
130890000PC,55,0.9988083363,,
130890000PE,41,1.0000000000,,
130890000PF,5,0.0003619069,,
130890000PF,40,0.9990792040,,
130890000PF,41,0.0005588891,,
130890000PG,42,1.0000000000,,
130890000PH,41,0.0014325953,,
130890000PH,55,0.9985674047,,
130890000PI,41,0.9981322834,,
130890000PI,55,0.0018677166,,
130890000PN,42,0.0013851867,,
130890000PN,44,0.9986148133,,
130890000PR,10,0.0004615157,,
130890000PR,41,0.0008055008,,
130890000PR,43,0.0004927540,,
130890000PR,55,0.9982402295,,
130890000RA,10,0.9999013091,,
130890000RA,41,0.0000390104,,
130890000RA,42,0.0000596804,,
130890000RC,55,1.0000000000,,
130890000RD,41,0.9999661279,,
130890000RD,42,0.0000338721,,
130890000RE,41,1.0000000000,,
130890000RF,43,0.0016316634,,
130890000RF,55,0.9983683366,,
130890000RG,41,0.9997732622,,
130890000RG,42,0.0002267378,,
130890000RH,55,1.0000000000,,
130890000RI,43,0.0005581799,,
130890000RI,55,0.9994418201,,
130890000RJ,41,1.0000000000,,
130890000RK,41,0.0000116681,,
130890000RK,55,0.9999883319,,
130890000RL,43,0.9982110459,,
130890000RL,55,0.0017889541,,
130890000RM,41,0.0054775521,,
130890000RM,55,0.9945224479,,
130890000RN,42,1.0000000000,,
130890000SA,41,0.0001634071,,
130890000SA,42,0.9998365929,,
130890000SB,42,1.0000000000,,
130890000SC,41,0.9977190594,,
130890000SC,42,0.0022809406,,
130890000SD,41,0.9981751395,,
130890000SD,55,0.0018248605,,
130890000SE,14,0.0005851831,,
130890000SE,40,0.9994148169,,
130890000SF,40,0.9992375268,,
130890000SF,42,0.0007624732,,
130890000SG,10,0.0003189886,,
130890000SG,41,0.0000065711,,
130890000SG,42,0.9996744403,,
130890000SH,41,0.9996584571,,
130890000SH,55,0.0003415429,,
130890000SI,41,1.0000000000,,
130890000SJ,41,1.0000000000,,
130890000SK,41,0.0013819465,,
130890000SK,55,0.9986180535,,
130890000SL,10,0.0000737209,,
130890000SL,43,0.9991399741,,
130890000SL,55,0.0007863050,,
130890000SM,10,0.9984861409,,
130890000SM,43,0.0015138591,,
130890000SN,41,0.9954980138,,
130890000SN,42,0.0045019862,,
130890000SO,55,1.0000000000,,
130890000SP,41,1.0000000000,,
130890000SQ,41,1.0000000000,,
130890000SR,41,0.9973097615,,
130890000SR,42,0.0026902385,,
130890000SS,10,0.9998561327,,
130890000SS,41,0.0001438673,,
130890000ST,55,1.0000000000,,
130890000SU,41,1.0000000000,,
130890000SV,55,1.0000000000,,
130890000SW,10,0.0003959701,,
130890000SW,43,0.9996040299,,
130890000TA,42,0.0008121120,,
130890000TA,44,0.9991878880,,
130890000TC,42,1.0000000000,,
130890000TF,5,0.0003913734,,
130890000TF,9,0.0039056287,,
130890000TF,40,0.0001065986,,
130890000TF,41,0.9955963993,,
130890000TG,40,1.0000000000,,
130890000TH,9,0.0003575958,,
130890000TH,40,0.0003011030,,
130890000TH,41,0.9993413013,,
130890000VB,41,0.9979018283,,
130890000VB,42,0.0020981717,,
130890000WA,42,1.0000000000,,
130890000WB,10,0.9999813395,,
130890000WB,41,0.0000186605,,
130890000WC,36,0.0000179562,,
130890000WC,42,0.9994891850,,
130890000WC,44,0.0004928588,,
130890000WD,10,0.9971057327,,
130890000WD,43,0.0028510198,,
130890000WD,55,0.0000432475,,
130890000WF,42,1.0000000000,,
130890000WG,41,1.0000000000,,
130890000WI,40,1.0000000000,,
130890000WJ,6,0.0006774802,,
130890000WJ,39,0.0000213869,,
130890000WJ,42,0.9993011329,,
130890000WK,41,1.0000000000,,
130890000WL,14,0.0000001099,,
130890000WL,40,0.9999998901,,
130890000WN,41,0.0017010421,,
130890000WN,55,0.9982989579,,
130890000YA,41,0.9956603284,,
130890000YA,55,0.0043396716,,
13091000LEE,20,1.0000000000,,
130910CHAUN,19,0.0000004789,,
130910CHAUN,20,0.9999995211,,
130910CLARK,19,0.0000231226,,
130910CLARK,20,0.9999768774,,
130910EDDIN,20,1.0000000000,,
130910EMPIR,20,1.0000000000,,
130910JAYBI,19,0.0000013860,,
130910JAYBI,20,0.9999986140,,
130910JONES,20,1.0000000000,,
130910MCCRA,20,1.0000000000,,
130910MILAN,19,0.0001262235,,
130910MILAN,20,0.9998737765,,
130910MITCH,20,1.0000000000,,
130910MULLI,20,1.0000000000,,
130910PLAIN,20,1.0000000000,,
130910PONDT,19,0.0000109933,,
130910PONDT,20,0.9999890067,,
130910RAWLI,20,1.0000000000,,
130910VILUL,20,1.0000000000,,
130910YONKE,20,1.0000000000,,
13093000002,12,0.0000194492,,
13093000002,15,0.0004261500,,
13093000002,20,0.9995544008,,
13093000005,20,1.0000000000,,
13093000007,12,0.0000073568,,
13093000007,13,0.0000574269,,
13093000007,20,0.9999352163,,
13093000008,20,1.0000000000,,
13093000010,12,0.0000518603,,
13093000010,20,0.9999481397,,
13095000001,12,0.9999011231,,
13095000001,13,0.0000988769,,
13095000002,12,0.9997619628,,
13095000002,13,0.0002380372,,
13095000003,12,1.0000000000,,
13095000004,12,0.9999953238,,
13095000004,13,0.0000046762,,
13095000005,12,1.0000000000,,
13095000006,12,1.0000000000,,
13095000007,12,1.0000000000,,
13095000008,12,1.0000000000,,
13095000009,12,1.0000000000,,
13095000010,12,1.0000000000,,
13095000011,12,1.0000000000,,
13095000012,12,1.0000000000,,
13095000013,12,1.0000000000,,
13095000014,12,1.0000000000,,
13095000015,12,1.0000000000,,
13095000016,12,1.0000000000,,
13095000017,12,1.0000000000,,
13095000018,12,1.0000000000,,
13095000019,12,1.0000000000,,
13095000020,12,0.9999736243,,
13095000020,13,0.0000263757,,
13095000021,12,0.9999771430,,
13095000021,13,0.0000228570,,
13095000022,12,1.0000000000,,
13095000023,12,0.9997979786,,
13095000023,13,0.0002020214,,
13095000024,12,1.0000000000,,
13095000025,12,0.9999995643,,
13095000025,13,0.0000004357,,
13095000026,12,1.0000000000,,
13095000027,12,1.0000000000,,
13095000028,12,1.0000000000,,
13097000729,30,0.9989089878,,
13097000729,31,0.0002536967,,
13097000729,35,0.0008373154,,
13097000730,30,0.0004808510,,
13097000730,35,0.9995191490,,
13097000731,31,0.0000326087,,
13097000731,33,0.0001681320,,
13097000731,35,0.9997992593,,
13097000732,30,0.0003545278,,
13097000732,31,0.0002129501,,
13097000732,35,0.9994325222,,
13097000733,30,0.0004408542,,
13097000733,35,0.9995591458,,
13097000734,28,0.0013353794,,
13097000734,30,0.9983233220,,
13097000734,35,0.0003412986,,
13097000735,28,0.9992079109,,
13097000735,30,0.0002489307,,
13097000735,35,0.0005431584,,
13097000737,35,1.0000000000,,
13097000738,28,0.0006640145,,
13097000738,30,0.0000464279,,
13097000738,35,0.9992895575,,
13097000739,35,1.0000000000,,
13097000740,35,1.0000000000,,
13097000784,35,1.0000000000,,
13097000785,35,1.0000000000,,
13097001258,28,0.0001904724,,
13097001258,30,0.9998095276,,
13097001259,28,0.0002840807,,
13097001259,30,0.9996889488,,
13097001259,35,0.0000269705,,
13097001260,28,0.9999962886,,
13097001260,30,0.0000037114,,
13097001270,33,0.0008672443,,
13097001270,35,0.9991304649,,
13097001270,38,0.0000022908,,
13097001271,28,0.9997221397,,
13097001271,30,0.0002778603,,
13097001272,28,0.9995649850,,
13097001272,30,0.0001370787,,
13097001272,35,0.0002979363,,
13097001273,33,0.0000003611,,
13097001273,35,0.9999996389,,
13097001274,33,0.0012587267,,
13097001274,35,0.9987412733,,
13097001275,35,0.9997211730,,
13097001275,38,0.0002788270,,
13097001276,35,1.0000000000,,
1309700736N,28,0.0004527283,,
1309700736N,35,0.9995472717,,
1309700736S,28,0.0004233082,,
1309700736S,35,0.9995766918,,
1309900000A,12,1.0000000000,,
1309900000B,12,1.0000000000,,
1309900000U,12,1.0000000000,,
130990000CS,11,0.0000195152,,
130990000CS,12,0.9999804848,,
130990000CU,12,1.0000000000,,
13101001058,8,1.0000000000,,
1310300001A,4,1.0000000000,,
1310300001B,1,0.0000318034,,
1310300001B,4,0.9999681966,,
1310300001C,1,0.0007766389,,
1310300001C,4,0.9992233611,,
1310300001D,2,0.0000220335,,
1310300001D,4,0.9999779665,,
1310300002A,2,0.0000132913,,
1310300002A,4,0.9999867087,,
1310300002B,2,0.0000342405,,
1310300002B,4,0.9999657595,,
1310300002C,4,1.0000000000,,
1310300003A,4,0.9999819745,,
1310300003A,23,0.0000180255,,
1310300003B,4,0.9999909945,,
1310300003B,23,0.0000090055,,
1310300003C,4,1.0000000000,,
1310300003D,4,1.0000000000,,
1310300004A,4,1.0000000000,,
1310300004B,4,1.0000000000,,
1310300004C,4,1.0000000000,,
1310300005A,4,1.0000000000,,
1310300005B,4,1.0000000000,,
1310300005C,2,0.0000801205,,
1310300005C,4,0.9999198795,,
13105000189,24,1.0000000000,,
13105000190,24,1.0000000000,,
13105000191,24,1.0000000000,,
13105000192,24,1.0000000000,,
13105000193,24,1.0000000000,,
13105000196,24,1.0000000000,,
13105000197,24,1.0000000000,,
13105000199,24,1.0000000000,,
13105000201,24,0.9998564786,,
13105000201,47,0.0001435214,,
13105000202,24,0.9997915561,,
13105000202,47,0.0002084439,,
13105000315,24,1.0000000000,,
13107000050,4,0.0000573799,,
13107000050,19,0.0002483074,,
13107000050,20,0.0000616756,,
13107000050,23,0.9996326370,,
13107000052,23,1.0000000000,,
13107000053,23,1.0000000000,,
13107000057,23,1.0000000000,,
13107000058,4,0.0000005757,,
13107000058,23,0.9999994243,,
13107001208,23,0.9998617893,,
13107001208,26,0.0001382107,,
13107001333,23,1.0000000000,,
13107001429,4,0.0000296209,,
13107001429,23,0.9999703791,,
13107001502,20,0.0000026193,,
13107001502,23,0.9999973807,,
13107001560,4,0.0000038320,,
13107001560,23,0.9999961680,,
13107001748,20,0.0003924689,,
13107001748,23,0.9993676557,,
13107001748,26,0.0002398755,,
13109000011,1,0.0000208678,,
13109000011,4,0.9999555324,,
13109000011,19,0.0000235997,,
1311100COLW,51,0.9999919983,,
1311100COLW,54,0.0000080017,,
1311100FAIR,51,1.0000000000,,
1311100FLIN,51,1.0000000000,,
1311100HEMP,51,1.0000000000,,
1311100HOTH,51,1.0000000000,,
1311100MINE,51,1.0000000000,,
1311100MOBI,51,1.0000000000,,
1311100MORG,51,1.0000000000,,
1311100NOON,51,1.0000000000,,
1311100SKEN,51,1.0000000000,,
1311100SUGC,51,1.0000000000,,
1311100TOCC,51,1.0000000000,,
13113000001,34,1.0000000000,,
13113000002,16,0.9999359379,,
13113000002,28,0.0000640621,,
13113000003,34,0.9998944647,,
13113000003,35,0.0000860171,,
13113000003,39,0.0000195182,,
13113000004,34,1.0000000000,,
13113000005,16,0.0003017334,,
13113000005,34,0.9996982666,,
13113000006,16,0.0000582024,,
13113000006,34,0.9992780276,,
13113000006,44,0.0006637700,,
13113000007,16,0.0006025268,,
13113000007,34,0.9993477457,,
13113000007,35,0.0000497275,,
13113000008,16,0.0009608435,,
13113000008,34,0.9990391565,,
13113000009,16,0.9954210579,,
13113000009,28,0.0045789421,,
13113000010,16,0.9989175518,,
13113000010,28,0.0000990729,,
13113000010,34,0.0006284046,,
13113000010,35,0.0003549707,,
13113000011,16,1.0000000000,,
13113000012,16,1.0000000000,,
13113000013,16,1.0000000000,,
13113000014,16,1.0000000000,,
13113000015,16,0.9999629595,,
13113000015,44,0.0000370405,,
13113000016,16,1.0000000000,,
13113000017,16,1.0000000000,,
13113000018,16,0.9978342677,,
13113000018,28,0.0021657323,,
13113000019,16,1.0000000000,,
13113000020,16,1.0000000000,,
13113000021,16,1.0000000000,,
13113000022,16,1.0000000000,,
13113000023,34,1.0000000000,,
13113000024,34,1.0000000000,,
13113000025,16,1.0000000000,,
13113000026,16,1.0000000000,,
13113000027,16,0.9994449657,,
13113000027,34,0.0005550343,,
13113000028,16,0.0005886071,,
13113000028,34,0.9994113929,,
13113000029,16,0.0016757301,,
13113000029,34,0.9983242699,,
13113000030,16,0.9974988988,,
13113000030,34,0.0025011012,,
13113000031,16,1.0000000000,,
13113000032,16,0.9977901764,,
13113000032,28,0.0022098236,,
13113000033,16,1.0000000000,,
13113000034,16,0.9984216389,,
13113000034,28,0.0015783611,,
13113000035,16,0.9995340548,,
13113000035,34,0.0004659452,,
13113000036,16,0.9997112696,,
13113000036,34,0.0000009519,,
13113000036,44,0.0002877785,,
13115000001,52,1.0000000000,,
13115000010,52,0.0004691063,,
13115000010,53,0.9995308937,,
13115000015,31,0.0000406240,,
13115000015,52,0.9999593760,,
13115000020,31,0.0000074016,,
13115000020,52,0.9999925984,,
13115000025,52,1.0000000000,,
13115000030,52,1.0000000000,,
13115000035,52,0.0000714427,,
13115000035,53,0.9999285573,,
13115000040,52,0.0002487319,,
13115000040,53,0.9997512681,,
13115000045,52,1.0000000000,,
13115000050,52,0.0452723664,,
13115000050,53,0.9547276336,,
13115000055,52,0.9991667590,,
13115000055,53,0.0008332410,,
13115000060,31,0.0000331545,,
13115000060,52,0.9999668455,,
13115000065,52,1.0000000000,,
13115000075,52,0.9997220685,,
13115000075,53,0.0002779315,,
13115000076,52,1.0000000000,,
13115000080,52,0.9996693884,,
13115000080,53,0.0003306116,,
13115000085,52,1.0000000000,,
13115000090,52,1.0000000000,,
13115000105,52,1.0000000000,,
13115000110,52,1.0000000000,,
13115000115,52,0.0000089838,,
13115000115,53,0.9999910162,,
13115000125,52,1.0000000000,,
13115000130,52,0.9999999492,,
13115000130,53,0.0000000508,,
13115000135,52,1.0000000000,,
13115000140,52,0.9992904490,,
13115000140,53,0.0007095510,,
13117000001,27,0.6204096336,,
13117000001,48,0.3795903664,,
13117000002,21,0.0005504690,,
13117000002,27,0.9990426549,,
13117000002,48,0.0004068761,,
13117000003,27,0.9994296984,,
13117000003,49,0.0005703016,,
13117000004,27,0.9991433897,,
13117000004,49,0.0008566103,,
13117000005,27,1.0000000000,,
13117000006,27,0.9998531724,,
13117000006,49,0.0001208241,,
13117000006,51,0.0000260035,,
13117000007,27,0.9999641832,,
13117000007,48,0.0000358168,,
13117000008,27,0.9989575065,,
13117000008,48,0.0010424935,,
13117000010,21,0.0000151123,,
13117000010,27,0.9999848877,,
13117000015,21,0.0000784834,,
13117000015,27,0.9999215166,,
13117000016,27,1.0000000000,,
13117000019,48,1.0000000000,,
13117000021,27,0.0001233189,,
13117000021,48,0.9998766811,,
13117000025,27,0.0012408716,,
13117000025,48,0.9987591284,,
13117000027,21,0.0000026660,,
13117000027,27,0.9999224782,,
13117000027,51,0.0000748558,,
13117000029,21,0.0000575208,,
13117000029,27,0.9270606025,,
13117000029,48,0.0728818767,,
13119000001,50,1.0000000000,,
13119000002,50,1.0000000000,,
13119000003,24,0.0000047036,,
13119000003,50,0.9999952964,,
13119000004,24,0.0000135892,,
13119000004,50,0.9999864108,,
13119000005,24,0.0000304533,,
13119000005,50,0.9999695467,,
13119000006,24,0.0000233809,,
13119000006,47,0.0001427647,,
13119000006,50,0.9998338543,,
13119000007,47,0.0001383950,,
13119000007,50,0.9998616050,,
1312100001A,36,1.0000000000,,
1312100001B,36,0.9999676513,,
1312100001B,44,0.0000323487,,
1312100001C,36,1.0000000000,,
1312100001D,36,1.0000000000,,
1312100001E,36,1.0000000000,,
1312100001F,36,1.0000000000,,
1312100001G,36,1.0000000000,,
1312100001H,36,1.0000000000,,
1312100001I,36,1.0000000000,,
1312100001J,36,1.0000000000,,
1312100001P,36,0.9999319545,,
1312100001P,44,0.0000680455,,
1312100001R,36,1.0000000000,,
1312100001S,36,1.0000000000,,
1312100001T,36,0.9999978814,,
1312100001T,44,0.0000021186,,
1312100002A,36,0.9995290531,,
1312100002A,39,0.0004709469,,
1312100002B,36,0.9997257749,,
1312100002B,39,0.0002742251,,
1312100002C,36,1.0000000000,,
1312100002D,36,1.0000000000,,
1312100002E,36,0.9999966650,,
1312100002E,42,0.0000033350,,
1312100002G,36,1.0000000000,,
1312100002J,36,1.0000000000,,
1312100002K,36,1.0000000000,,
1312100002S,36,1.0000000000,,
1312100002W,39,1.0000000000,,
1312100003A,38,0.0030316432,,
1312100003A,39,0.9969683568,,
1312100003B,6,0.0038830339,,
1312100003B,39,0.9961169661,,
1312100003C,38,0.9988712662,,
1312100003C,39,0.0011287338,,
1312100003D,39,1.0000000000,,
1312100003E,36,0.0000710599,,
1312100003E,39,0.9999289401,,
1312100003F,39,1.0000000000,,
1312100003G,36,0.9999958960,,
1312100003G,39,0.0000041040,,
1312100003H,6,0.0094703968,,
1312100003H,38,0.9905296032,,
1312100003I,36,0.0008466558,,
1312100003I,39,0.9991533442,,
1312100003L,6,0.0009030590,,
1312100003L,39,0.9990969410,,
1312100003M,6,0.9962134782,,
1312100003M,39,0.0037865218,,
1312100003N,6,0.0007957408,,
1312100003N,39,0.9992042592,,
1312100003S,38,1.0000000000,,
1312100003T,36,0.9998775330,,
1312100003T,39,0.0001224670,,
1312100004A,36,0.0000395349,,
1312100004A,39,0.9999604651,,
1312100004B,36,1.0000000000,,
1312100004C,38,0.0003498617,,
1312100004C,39,0.9996501383,,
1312100004D,38,0.0027919041,,
1312100004D,39,0.9972080959,,
1312100004F,36,0.9953460695,,
1312100004F,39,0.0046539305,,
1312100004G,36,0.0030803454,,
1312100004G,39,0.9969196546,,
1312100004I,36,1.0000000000,,
1312100004J,36,1.0000000000,,
1312100004K,36,0.9996319916,,
1312100004K,39,0.0003680084,,
1312100004L,36,0.0001017278,,
1312100004L,39,0.9998982722,,
1312100004M,36,0.0049434641,,
1312100004M,39,0.9950565359,,
1312100004S,38,0.0006544256,,
1312100004S,39,0.9993455744,,
1312100004T,39,1.0000000000,,
1312100004V,36,1.0000000000,,
1312100004W,36,1.0000000000,,
1312100005B,36,1.0000000000,,
1312100005C,36,1.0000000000,,
1312100005D,36,1.0000000000,,
1312100005F,36,1.0000000000,,
1312100005J,36,1.0000000000,,
1312100005K,36,1.0000000000,,
1312100006B,36,1.0000000000,,
1312100006D,36,0.0004364107,,
1312100006D,39,0.9993142258,,
1312100006D,42,0.0002493636,,
1312100006E,39,1.0000000000,,
1312100006F,36,0.9961535472,,
1312100006F,39,0.0038126789,,
1312100006F,42,0.0000337739,,
1312100006G,36,1.0000000000,,
1312100006I,6,0.0010485285,,
1312100006I,39,0.9989514715,,
1312100006J,36,0.9989014165,,
1312100006J,39,0.0010985835,,
1312100006N,39,1.0000000000,,
1312100006Q,39,1.0000000000,,
1312100006R,36,0.0046914260,,
1312100006R,39,0.9953085740,,
1312100007A,6,0.0024862828,,
1312100007A,14,0.9975137172,,
1312100007B,14,0.9996936803,,
1312100007B,40,0.0003063197,,
1312100007C,6,0.0020080882,,
1312100007C,14,0.9979919118,,
1312100007D,6,0.9969538144,,
1312100007D,14,0.0030461856,,
1312100007E,6,0.9990847778,,
1312100007E,39,0.0005124267,,
1312100007E,42,0.0004027955,,
1312100007F,6,0.9990660156,,
1312100007F,39,0.0009339844,,
1312100007H,6,0.0027929580,,
1312100007H,39,0.9972070420,,
1312100007J,39,1.0000000000,,
1312100007M,6,0.9961335762,,
1312100007M,14,0.0032097305,,
1312100007M,40,0.0000410674,,
1312100007M,42,0.0006156259,,
1312100007N,6,0.9906953551,,
1312100007N,39,0.0093046449,,
1312100008A,6,1.0000000000,,
1312100008B,6,0.9986415838,,
1312100008B,14,0.0013584162,,
1312100008C,6,0.9999879192,,
1312100008C,14,0.0000120808,,
1312100008D,6,1.0000000000,,
1312100008E,6,1.0000000000,,
1312100008G,6,1.0000000000,,
1312100008H,6,0.0000252390,,
1312100008H,39,0.9999747610,,
1312100008J,6,0.9999991694,,
1312100008J,39,0.0000008306,,
1312100008K,6,0.0000074536,,
1312100008K,39,0.9999925464,,
1312100008L,39,1.0000000000,,
1312100008M,6,1.0000000000,,
1312100008P,6,0.0001850150,,
1312100008P,39,0.9998149850,,
1312100009A,6,1.0000000000,,
1312100009B,38,1.0000000000,,
1312100009C,38,1.0000000000,,
1312100009D,6,0.0010285735,,
1312100009D,38,0.9989714265,,
1312100009E,6,0.9965242916,,
1312100009E,38,0.0034757084,,
1312100009F,6,1.0000000000,,
1312100009G,6,0.9989697732,,
1312100009G,39,0.0010302268,,
1312100009H,6,0.9989889138,,
1312100009H,39,0.0010110862,,
1312100009I,6,0.9999525337,,
1312100009I,38,0.0000179613,,
1312100009I,39,0.0000295051,,
1312100009K,6,0.0024633399,,
1312100009K,38,0.9975366601,,
1312100009M,6,0.9995841585,,
1312100009M,38,0.0004158415,,
1312100010A,38,1.0000000000,,
1312100010B,38,1.0000000000,,
1312100010C,38,1.0000000000,,
1312100010D,38,1.0000000000,,
1312100010E,38,1.0000000000,,
1312100010F,38,1.0000000000,,
1312100010G,38,1.0000000000,,
1312100010I,38,1.0000000000,,
1312100010J,38,0.9999668461,,
1312100010J,39,0.0000331539,,
1312100010K,38,0.9998935282,,
1312100010K,39,0.0001064718,,
1312100010M,38,0.0000210812,,
1312100010M,39,0.9999789188,,
1312100010P,38,1.0000000000,,
1312100010R,38,1.0000000000,,
1312100011B,38,1.0000000000,,
1312100011C,38,1.0000000000,,
1312100011G,39,1.0000000000,,
1312100011H,38,0.9951933028,,
1312100011H,39,0.0048066972,,
1312100011J,38,0.0001565803,,
1312100011J,39,0.9998434197,,
1312100011K,38,0.0028414142,,
1312100011K,39,0.9971585858,,
1312100011M,38,0.9978013057,,
1312100011M,39,0.0021986943,,
1312100011N,38,0.9998360887,,
1312100011N,39,0.0001639113,,
1312100011P,38,0.0023602103,,
1312100011P,39,0.9976397897,,
1312100011R,38,0.0029544275,,
1312100011R,39,0.9970455725,,
1312100012A,36,0.9999370475,,
1312100012A,39,0.0000629525,,
1312100012D,36,1.0000000000,,
1312100012F,36,1.0000000000,,
1312100012G,36,1.0000000000,,
1312100012I,39,1.0000000000,,
1312100012J,36,1.0000000000,,
1312100012K,36,1.0000000000,,
1312100012L,36,0.0026359815,,
1312100012L,39,0.9973640185,,
1312100012M,34,0.0081632685,,
1312100012M,36,0.9916116560,,
1312100012M,44,0.0002250755,,
1312100012N,36,1.0000000000,,
1312100012S,36,1.0000000000,,
131210002F1,36,0.9999518022,,
131210002F1,42,0.0000481978,,
131210002F2,36,1.0000000000,,
131210002L1,36,0.9989533374,,
131210002L1,39,0.0010466626,,
131210002L2,36,0.0004583662,,
131210002L2,39,0.9995416338,,
131210003P2,36,0.0010513898,,
131210003P2,39,0.9989486102,,
131210004X1,39,1.0000000000,,
131210004X2,39,1.0000000000,,
131210005A1,36,1.0000000000,,
131210005A2,36,0.9999333255,,
131210005A2,42,0.0000614301,,
131210005A2,44,0.0000052445,,
131210006L1,36,0.0004826989,,
131210006L1,39,0.9995173011,,
131210006L2,39,1.0000000000,,
131210008F1,6,1.0000000000,,
131210008F2,6,1.0000000000,,
131210008N1,6,1.0000000000,,
131210008N2,6,1.0000000000,,
131210010H1,38,1.0000000000,,
131210010H2,38,1.0000000000,,
131210011E1,38,0.9986337103,,
131210011E1,39,0.0013662897,,
131210011E2,38,0.0039959159,,
131210011E2,39,0.9960040841,,
131210011E3,38,0.0018956625,,
131210011E3,39,0.9981043375,,
131210012E1,36,1.0000000000,,
131210012E2,34,0.0028759959,,
131210012E2,36,0.9971240041,,
131210012H1,36,1.0000000000,,
131210012H2,36,1.0000000000,,
13121003P1A,6,0.0022559638,,
13121003P1A,39,0.9977440362,,
13121003P1B,39,1.0000000000,,
1312100AP03,14,1.0000000000,,
1312100AP05,21,0.0008245728,,
1312100AP05,27,0.0009590627,,
1312100AP05,48,0.9982163644,,
1312100AP06,21,1.0000000000,,
1312100AP10,21,1.0000000000,,
1312100AP14,14,0.9991557385,,
1312100AP14,48,0.0008442615,,
1312100CH01,28,0.9999992317,,
1312100CH01,35,0.0000007683,,
1312100CH02,28,0.0007037992,,
1312100CH02,35,0.9992962008,,
1312100CH03,28,0.9994054365,,
1312100CH03,30,0.0000922039,,
1312100CH03,35,0.0005023597,,
1312100CH05,28,0.9997221753,,
1312100CH05,30,0.0002778247,,
1312100CP02,34,0.0011966798,,
1312100CP02,36,0.9988033202,,
1312100HP01,34,0.0000056124,,
1312100HP01,36,0.9999943876,,
1312100JC01,7,0.0002862951,,
1312100JC01,48,0.9997137049,,
1312100JC02,48,1.0000000000,,
1312100JC05,48,1.0000000000,,
1312100JC06,7,0.0007006951,,
1312100JC06,48,0.9992993049,,
1312100JC07,48,1.0000000000,,
1312100JC08,48,1.0000000000,,
1312100JC09,48,1.0000000000,,
1312100JC10,14,0.0008030872,,
1312100JC10,48,0.9991969128,,
1312100JC11,48,1.0000000000,,
1312100JC12,7,0.0016486097,,
1312100JC12,48,0.9983513903,,
1312100JC14,14,0.0012830903,,
1312100JC14,48,0.9987169097,,
1312100JC15,14,0.9966169893,,
1312100JC15,48,0.0033830107,,
1312100JC16,14,0.9994562849,,
1312100JC16,48,0.0005437151,,
1312100JC18,14,1.0000000000,,
1312100JC19,14,0.9978396623,,
1312100JC19,40,0.0000147595,,
1312100JC19,48,0.0021455782,,
1312100ML03,21,1.0000000000,,
1312100MP01,56,1.0000000000,,
1312100PA01,28,0.9990854713,,
1312100PA01,35,0.0009145287,,
1312100RW01,56,1.0000000000,,
1312100RW02,14,0.0000993165,,
1312100RW02,56,0.9999006835,,
1312100RW03,14,0.9985620845,,
1312100RW03,56,0.0014379155,,
1312100RW04,14,1.0000000000,,
1312100RW05,14,0.9984103793,,
1312100RW05,21,0.0011250638,,
1312100RW05,56,0.0004645568,,
1312100RW06,14,1.0000000000,,
1312100RW08,14,0.0005405960,,
1312100RW08,56,0.9994594040,,
1312100RW09,21,0.5499020421,,
1312100RW09,56,0.4500979579,,
1312100RW10,14,0.0000814459,,
1312100RW10,56,0.9999185541,,
1312100RW12,14,0.0001045948,,
1312100RW12,21,0.4539772718,,
1312100RW12,56,0.5459181334,,
1312100RW13,14,1.0000000000,,
1312100RW16,14,0.0012607443,,
1312100RW16,21,0.0003241716,,
1312100RW16,56,0.9984150841,,
1312100RW17,14,1.0000000000,,
1312100RW19,21,0.9986330469,,
1312100RW19,56,0.0013669531,,
1312100RW20,14,1.0000000000,,
1312100RW21,14,0.9991345482,,
1312100RW21,40,0.0008654518,,
1312100SC02,38,1.0000000000,,
1312100SC04,28,0.0004165498,,
1312100SC04,35,0.9995834502,,
1312100SC10,39,1.0000000000,,
1312100SC13,35,1.0000000000,,
1312100SC15,35,1.0000000000,,
1312100SC20,35,0.9998976667,,
1312100SC20,38,0.0001023333,,
1312100SC27,39,1.0000000000,,
1312100SS01,14,0.9986692775,,
1312100SS01,40,0.0013307225,,
1312100SS03,14,1.0000000000,,
1312100SS04,14,1.0000000000,,
1312100SS05,6,0.0033913746,,
1312100SS05,14,0.9966086254,,
1312100SS06,6,0.0010396924,,
1312100SS06,14,0.9989603076,,
1312100SS12,14,0.9999421828,,
1312100SS12,40,0.0000578172,,
1312100SS14,14,1.0000000000,,
1312100SS16,6,0.9987727783,,
1312100SS16,14,0.0012272217,,
1312100SS17,14,0.9988735168,,
1312100SS17,40,0.0011264832,,
1312100SS20,14,0.9977655054,,
1312100SS20,40,0.0022344946,,
1312100SS22,14,0.9990607116,,
1312100SS22,56,0.0009392884,,
1312100SS26,14,1.0000000000,,
1312100SS31,6,0.0001086819,,
1312100SS31,14,0.9998913181,,
131210AP01A,14,0.9991359499,,
131210AP01A,21,0.0005575006,,
131210AP01A,48,0.0003065495,,
131210AP01B,14,0.0000011795,,
131210AP01B,21,0.9999988205,,
131210AP01C,14,1.0000000000,,
131210AP01D,14,0.9999049314,,
131210AP01D,21,0.0000950686,,
131210AP01E,14,1.0000000000,,
131210AP021,21,1.0000000000,,
131210AP022,14,0.0022103156,,
131210AP022,21,0.9977896844,,
131210AP02B,14,0.9984709746,,
131210AP02B,21,0.0015290254,,
131210AP04A,21,1.0000000000,,
131210AP04B,21,1.0000000000,,
131210AP07A,21,1.0000000000,,
131210AP07B,21,1.0000000000,,
131210AP09A,14,0.0002176423,,
131210AP09A,21,0.0000661685,,
131210AP09A,48,0.9997161892,,
131210AP09B,48,1.0000000000,,
131210AP12A,14,0.0038576586,,
131210AP12A,21,0.9949804152,,
131210AP12A,48,0.0011619262,,
131210AP12B,21,0.9951424236,,
131210AP12B,27,0.0020975491,,
131210AP12B,48,0.0027600273,,
131210AP12C,21,1.0000000000,,
131210AP12D,21,1.0000000000,,
131210CH04A,28,1.0000000000,,
131210CH04B,28,0.9999896384,,
131210CH04B,35,0.0000103616,,
131210CP011,36,0.9983187506,,
131210CP011,39,0.0016812494,,
131210CP012,36,0.9954974468,,
131210CP012,39,0.0045025532,,
131210CP01B,36,1.0000000000,,
131210CP04A,36,1.0000000000,,
131210CP04B,34,0.0007747227,,
131210CP04B,36,0.9992252773,,
131210CP051,36,0.9990707390,,
131210CP051,39,0.0009292610,,
131210CP052,36,0.0070961312,,
131210CP052,39,0.9929038688,,
131210CP053,39,1.0000000000,,
131210CP05B,36,1.0000000000,,
131210CP06A,34,0.0008437925,,
131210CP06A,36,0.9981839385,,
131210CP06A,39,0.0009722690,,
131210CP06B,36,0.9972019926,,
131210CP06B,39,0.0027980074,,
131210CP07A,36,0.9890317331,,
131210CP07A,39,0.0109682669,,
131210CP07B,34,0.0008617370,,
131210CP07B,36,0.9991382630,,
131210CP07C,36,0.0000290569,,
131210CP07C,39,0.9999709431,,
131210CP07D,36,1.0000000000,,
131210CP07E,36,1.0000000000,,
131210CP07F,36,1.0000000000,,
131210CP081,39,1.0000000000,,
131210CP083,39,1.0000000000,,
131210CP084,39,1.0000000000,,
131210CP08A,36,0.0055874220,,
131210CP08A,39,0.9944125780,,
131210EP01A,36,0.0016699432,,
131210EP01A,39,0.9983300568,,
131210EP01B,36,0.0011510529,,
131210EP01B,39,0.9988489471,,
131210EP02A,36,0.9992847991,,
131210EP02A,39,0.0007152009,,
131210EP02B,36,0.9999973200,,
131210EP02B,39,0.0000026800,,
131210EP02C,36,1.0000000000,,
131210EP02D,36,0.0089991852,,
131210EP02D,39,0.9910008148,,
131210EP02E,36,0.9976903090,,
131210EP02E,39,0.0023096910,,
131210EP03A,39,1.0000000000,,
131210EP03B,36,0.0001112381,,
131210EP03B,39,0.9998887619,,
131210EP04A,36,0.0019768335,,
131210EP04A,39,0.9980231665,,
131210EP04B,38,0.0004226179,,
131210EP04B,39,0.9995773821,,
131210FA01A,35,1.0000000000,,
131210FA01B,16,0.0002111005,,
131210FA01B,28,0.0000646965,,
131210FA01B,35,0.9997242030,,
131210FA01C,35,1.0000000000,,
131210JC03A,48,1.0000000000,,
131210JC03B,48,1.0000000000,,
131210JC04A,27,0.0006629276,,
131210JC04A,48,0.9993370724,,
131210JC04B,48,1.0000000000,,
131210JC13A,7,0.0008810560,,
131210JC13A,14,0.0027970778,,
131210JC13A,40,0.0006432547,,
131210JC13A,48,0.9956786116,,
131210JC13B,7,0.0027779925,,
131210JC13B,48,0.9972220075,,
131210ML011,21,1.0000000000,,
131210ML012,21,1.0000000000,,
131210ML01B,21,0.9988864720,,
131210ML01B,56,0.0011135280,,
131210ML021,21,1.0000000000,,
131210ML022,21,1.0000000000,,
131210ML023,21,1.0000000000,,
131210ML024,21,1.0000000000,,
131210ML04A,21,1.0000000000,,
131210ML04B,21,1.0000000000,,
131210ML04C,21,1.0000000000,,
131210ML05A,21,1.0000000000,,
131210ML05B,21,1.0000000000,,
131210ML05C,21,0.9999994020,,
131210ML05C,27,0.0000005980,,
131210ML06A,21,0.9999879628,,
131210ML06A,27,0.0000120372,,
131210ML06B,21,0.9997802402,,
131210ML06B,27,0.0002197598,,
131210ML071,21,1.0000000000,,
131210ML072,21,0.9998138973,,
131210ML072,27,0.0001861027,,
131210ML07A,21,1.0000000000,,
131210RW07A,14,1.0000000000,,
131210RW07B,14,1.0000000000,,
131210RW11A,14,0.0013183248,,
131210RW11A,56,0.9986816752,,
131210RW11B,14,0.0054620072,,
131210RW11B,56,0.9945379928,,
131210RW22A,14,1.0000000000,,
131210RW22B,14,1.0000000000,,
131210SC01A,35,0.9989101561,,
131210SC01A,38,0.0010898439,,
131210SC01B,35,0.9982874919,,
131210SC01B,38,0.0017125081,,
131210SC01C,35,0.0017763809,,
131210SC01C,38,0.9982236191,,
131210SC01D,35,0.9997254659,,
131210SC01D,38,0.0002745341,,
131210SC05A,35,1.0000000000,,
131210SC05B,35,0.9983837882,,
131210SC05B,39,0.0016162118,,
131210SC05D,35,1.0000000000,,
131210SC05E,35,1.0000000000,,
131210SC07A,28,0.0009264273,,
131210SC07A,35,0.9990735727,,
131210SC07B,35,1.0000000000,,
131210SC07C,35,1.0000000000,,
131210SC08A,35,1.0000000000,,
131210SC08B,35,0.0583214493,,
131210SC08B,39,0.9416785507,,
131210SC08C,35,0.0240417814,,
131210SC08C,39,0.9759582186,,
131210SC08D,39,1.0000000000,,
131210SC08E,35,0.9994751806,,
131210SC08E,39,0.0005248194,,
131210SC08F,35,0.0001127964,,
131210SC08F,39,0.9998872036,,
131210SC08G,35,0.0318650471,,
131210SC08G,39,0.9681349529,,
131210SC08H,35,0.0073889719,,
131210SC08H,39,0.9926110281,,
131210SC09A,39,1.0000000000,,
131210SC09B,35,0.0002312642,,
131210SC09B,39,0.9997687358,,
131210SC09C,39,1.0000000000,,
131210SC11A,39,1.0000000000,,
131210SC11B,35,0.0024532885,,
131210SC11B,39,0.9975467115,,
131210SC14A,38,1.0000000000,,
131210SC14B,38,1.0000000000,,
131210SC16A,35,0.0007091499,,
131210SC16A,38,0.9992908501,,
131210SC16B,35,0.0011158558,,
131210SC16B,38,0.9988841442,,
131210SC17A,35,0.0039435854,,
131210SC17A,39,0.9960564146,,
131210SC17B,39,1.0000000000,,
131210SC17C,39,1.0000000000,,
131210SC18A,35,0.0010341934,,
131210SC18A,38,0.9983692443,,
131210SC18A,39,0.0005965622,,
131210SC18B,35,0.0010317077,,
131210SC18B,38,0.9987599871,,
131210SC18B,39,0.0002083052,,
131210SC18C,35,0.7220651436,,
131210SC18C,38,0.0016021714,,
131210SC18C,39,0.2763326850,,
131210SC19A,39,1.0000000000,,
131210SC19B,36,0.0007708203,,
131210SC19B,39,0.9992291797,,
131210SC211,34,0.0006895028,,
131210SC211,35,0.9978446202,,
131210SC211,39,0.0014658770,,
131210SC212,34,0.0000276570,,
131210SC212,35,0.9999723430,,
131210SC21A,35,1.0000000000,,
131210SC23A,34,0.0000270325,,
131210SC23A,39,0.9999729675,,
131210SC23B,35,0.0061695264,,
131210SC23B,39,0.9938304736,,
131210SC23C,34,0.0000780942,,
131210SC23C,35,0.0001994489,,
131210SC23C,39,0.9997224569,,
131210SC29A,35,0.9951897015,,
131210SC29A,39,0.0048102985,,
131210SC29B,35,0.0049491408,,
131210SC29B,39,0.9950508592,,
131210SC30A,38,1.0000000000,,
131210SC30B,38,1.0000000000,,
131210SS02A,14,1.0000000000,,
131210SS02B,14,1.0000000000,,
131210SS07A,14,1.0000000000,,
131210SS07B,14,1.0000000000,,
131210SS07C,14,1.0000000000,,
131210SS08A,14,0.9999841530,,
131210SS08A,40,0.0000158470,,
131210SS08B,14,1.0000000000,,
131210SS08C,14,1.0000000000,,
131210SS08D,14,0.9978568276,,
131210SS08D,40,0.0021431724,,
131210SS09A,6,1.0000000000,,
131210SS09B,6,0.9997298065,,
131210SS09B,14,0.0002701935,,
131210SS11A,6,0.0005615697,,
131210SS11A,14,0.9994384303,,
131210SS11B,6,0.9972788584,,
131210SS11B,14,0.0027211416,,
131210SS11C,6,0.0000062363,,
131210SS11C,14,0.9999937637,,
131210SS11D,6,0.9962901255,,
131210SS11D,14,0.0037098745,,
131210SS13A,6,0.0028984051,,
131210SS13A,14,0.9971015949,,
131210SS13B,6,0.9976012141,,
131210SS13B,14,0.0023987859,,
131210SS15A,14,1.0000000000,,
131210SS15B,14,1.0000000000,,
131210SS18A,6,0.0027028450,,
131210SS18A,14,0.9972971550,,
131210SS18B,14,0.9991516347,,
131210SS18B,56,0.0008483653,,
131210SS19A,14,0.9999324577,,
131210SS19A,56,0.0000675423,,
131210SS19B,14,0.9995671856,,
131210SS19B,56,0.0004328144,,
131210SS29A,14,0.9996785889,,
131210SS29A,40,0.0003214111,,
131210SS29B,14,1.0000000000,,
131210UC01A,35,0.9992846250,,
131210UC01A,39,0.0007153750,,
131210UC01B,39,1.0000000000,,
131210UC01C,39,1.0000000000,,
131210UC01D,35,0.0002466947,,
131210UC01D,39,0.9997533053,,
131210UC01E,35,0.0023666692,,
131210UC01E,39,0.9976333308,,
131210UC02A,35,0.9999507794,,
131210UC02A,39,0.0000492206,,
131210UC02B,35,0.9999327874,,
131210UC02B,39,0.0000672126,,
131210UC031,35,0.9995710029,,
131210UC031,39,0.0004289971,,
131210UC032,35,1.0000000000,,
131210UC033,35,0.0030099216,,
131210UC033,39,0.9969900784,,
131210UC035,35,0.9999937425,,
131210UC035,39,0.0000062575,,
13123000001,51,1.0000000000,,
13123000002,51,1.0000000000,,
13123000003,51,0.9998210243,,
13123000003,54,0.0001789757,,
13123000004,51,1.0000000000,,
13123000005,51,0.9999970052,,
13123000005,54,0.0000029948,,
13123000006,51,1.0000000000,,
13123000007,51,1.0000000000,,
13123000008,51,0.9997056385,,
13123000008,54,0.0002943615,,
13123000009,51,1.0000000000,,
13123000010,51,1.0000000000,,
13123000011,51,1.0000000000,,
13123000012,51,1.0000000000,,
13123000013,51,1.0000000000,,
1312500EDGH,23,1.0000000000,,
1312500GIBS,23,1.0000000000,,
1312500MILL,23,1.0000000000,,
1312500MITC,23,0.9999807108,,
1312500MITC,26,0.0000192892,,
13127001713,3,0.9999972081,,
13127001713,19,0.0000027919,,
13127001923,3,1.0000000000,,
13127001933,3,1.0000000000,,
13127001943,3,1.0000000000,,
13127002713,3,1.0000000000,,
13127002923,3,1.0000000000,,
13127002933,3,1.0000000000,,
13127002943,3,1.0000000000,,
13127002953,3,1.0000000000,,
13127003713,3,1.0000000000,,
13127003723,3,1.0000000000,,
13127003733,3,1.0000000000,,
13127003743,3,1.0000000000,,
13127004913,3,1.0000000000,,
13127004923,3,1.0000000000,,
13127004933,3,1.0000000000,,
13127005913,3,1.0000000000,,
13127005923,3,1.0000000000,,
13127005933,3,1.0000000000,,
13127005943,3,1.0000000000,,
13129000856,52,0.7595348969,,
13129000856,54,0.2404651031,,
13129000874,51,0.0000135971,,
13129000874,52,0.0000103947,,
13129000874,54,0.9999760082,,
13129000973,54,1.0000000000,,
13129000980,52,0.0002459839,,
13129000980,53,0.0000000148,,
13129000980,54,0.9997540013,,
13129001054,52,0.9991177330,,
13129001054,53,0.0000323185,,
13129001054,54,0.0008499485,,
13129001055,52,0.9997835741,,
13129001055,53,0.0000146681,,
13129001055,54,0.0002017578,,
13129001056,52,0.0001570210,,
13129001056,54,0.9998429790,,
13129001063,54,1.0000000000,,
13129001064,52,0.9992199550,,
13129001064,53,0.0003658572,,
13129001064,54,0.0004141878,,
13129001235,51,0.0000376104,,
13129001235,54,0.9999623896,,
131290849-A,52,0.0006930674,,
131290849-A,54,0.9993069326,,
131290849-B,52,0.0002078752,,
131290849-B,54,0.9997921248,,
1313100000B,11,0.9999628565,,
1313100000B,12,0.0000371435,,
1313100000D,11,1.0000000000,,
1313100000H,11,1.0000000000,,
1313100000L,11,0.9999934098,,
1313100000L,12,0.0000065902,,
1313100000M,11,1.0000000000,,
1313100000P,11,1.0000000000,,
1313100000R,11,1.0000000000,,
1313100000S,11,0.9999791039,,
1313100000S,12,0.0000208961,,
1313100000W,11,1.0000000000,,
131310000SH,11,1.0000000000,,
131310000WL,11,1.0000000000,,
13131000C04,11,1.0000000000,,
13131000C05,11,1.0000000000,,
13133000001,17,0.0001328412,,
13133000001,24,0.9998485224,,
13133000001,46,0.0000186364,,
13133000004,23,0.0001549146,,
13133000004,24,0.9998450854,,
13133000005,23,0.0000515474,,
13133000005,24,0.9999484526,,
13133000006,23,0.0000189993,,
13133000006,24,0.9999349510,,
13133000006,26,0.0000460497,,
13133000008,17,0.0000602980,,
13133000008,24,0.9996342877,,
13133000008,25,0.0002855390,,
13133000008,26,0.0000198753,,
13135000001,5,0.0004122305,,
13135000001,9,0.0003927043,,
13135000001,46,0.9991950652,,
13135000002,55,1.0000000000,,
13135000003,5,0.0012679568,,
13135000003,45,0.2573165421,,
13135000003,46,0.7414155011,,
13135000004,7,0.0004950839,,
13135000004,45,0.9984571734,,
13135000004,48,0.0010477426,,
13135000005,9,0.9979634521,,
13135000005,55,0.0020365479,,
13135000006,7,1.0000000000,,
13135000007,7,0.9995164413,,
13135000007,48,0.0004835587,,
13135000008,45,1.0000000000,,
13135000009,45,0.9999411139,,
13135000009,49,0.0000588861,,
13135000010,9,0.0002511934,,
13135000010,55,0.9997488066,,
13135000011,5,0.0003017273,,
13135000011,9,0.9996982727,,
13135000012,5,0.0017320878,,
13135000012,9,0.9955676311,,
13135000012,41,0.0027002811,,
13135000013,45,1.0000000000,,
13135000014,9,0.9979729461,,
13135000014,41,0.0002739131,,
13135000014,55,0.0017531408,,
13135000015,5,0.0011457991,,
13135000015,9,0.9988542009,,
13135000016,9,1.0000000000,,
13135000017,5,0.9997143265,,
13135000017,7,0.0002856735,,
13135000018,5,0.9992205675,,
13135000018,9,0.0007794325,,
13135000019,5,0.0004166935,,
13135000019,9,0.9995833065,,
13135000020,5,0.9998944457,,
13135000020,7,0.0001055543,,
13135000021,5,0.9987954644,,
13135000021,9,0.0012045356,,
13135000022,7,0.0017301398,,
13135000022,40,0.9982698602,,
13135000023,5,1.0000000000,,
13135000024,7,0.0005673078,,
13135000024,45,0.9994326922,,
13135000025,45,0.0006348104,,
13135000025,48,0.9993651896,,
13135000026,7,0.9993690781,,
13135000026,45,0.0006309219,,
13135000027,5,0.0004752335,,
13135000027,45,0.9991974504,,
13135000027,46,0.0003273161,,
13135000028,45,0.9998360318,,
13135000028,46,0.0001639682,,
13135000029,9,1.0000000000,,
13135000030,55,1.0000000000,,
13135000031,7,0.0016895465,,
13135000031,45,0.9983104535,,
13135000032,9,0.9998752813,,
13135000032,41,0.0001247187,,
13135000033,9,1.0000000000,,
13135000034,9,1.0000000000,,
13135000035,9,0.0016181241,,
13135000035,55,0.9983818759,,
13135000036,9,0.0011749643,,
13135000036,55,0.9988250357,,
13135000037,40,1.0000000000,,
13135000038,5,0.9990763282,,
13135000038,7,0.0004734912,,
13135000038,40,0.0004501806,,
13135000039,45,0.9998077357,,
13135000039,49,0.0001922643,,
13135000040,7,0.9991871852,,
13135000040,40,0.0003289268,,
13135000040,48,0.0004838881,,
13135000041,17,0.0002232025,,
13135000041,55,0.9997767975,,
13135000042,5,0.0004015403,,
13135000042,7,0.0010102131,,
13135000042,45,0.9985882465,,
13135000043,5,0.9992751264,,
13135000043,9,0.0007248736,,
13135000044,55,1.0000000000,,
13135000045,9,0.0000856536,,
13135000045,55,0.9999143464,,
13135000046,9,0.0001966316,,
13135000046,55,0.9998033684,,
13135000047,9,0.9993781591,,
13135000047,55,0.0006218409,,
13135000048,7,1.0000000000,,
13135000049,9,0.0013378220,,
13135000049,55,0.9986621780,,
13135000050,5,0.9968773447,,
13135000050,7,0.0031226553,,
13135000051,5,1.0000000000,,
13135000052,9,0.0001616893,,
13135000052,41,0.9985439607,,
13135000052,55,0.0012943500,,
13135000053,55,1.0000000000,,
13135000054,27,0.0009144085,,
13135000054,45,0.0003862170,,
13135000054,48,0.9986157210,,
13135000054,49,0.0000836535,,
13135000055,45,0.9996281740,,
13135000055,48,0.0003461801,,
13135000055,49,0.0000256459,,
13135000056,7,0.9997782292,,
13135000056,48,0.0002217708,,
13135000057,7,1.0000000000,,
13135000058,5,0.9986449175,,
13135000058,9,0.0013550825,,
13135000059,5,0.0008242834,,
13135000059,7,0.0003269441,,
13135000059,40,0.9988487726,,
13135000060,5,0.9996460428,,
13135000060,7,0.0002329568,,
13135000060,9,0.0001188933,,
13135000060,45,0.0000021071,,
13135000061,5,0.6186593654,,
13135000061,9,0.3813406346,,
13135000062,7,0.9934681842,,
13135000062,40,0.0065318158,,
13135000063,7,0.9988678173,,
13135000063,40,0.0000603196,,
13135000063,48,0.0010718631,,
13135000064,41,0.0005149110,,
13135000064,55,0.9994850890,,
13135000065,5,0.0031063219,,
13135000065,9,0.9968936781,,
13135000066,5,0.9984640997,,
13135000066,9,0.0011951386,,
13135000066,40,0.0000372893,,
13135000066,41,0.0003034724,,
13135000067,45,1.0000000000,,
13135000068,9,0.9999870953,,
13135000068,55,0.0000129047,,
13135000069,9,0.9980983753,,
13135000069,55,0.0019016247,,
13135000070,7,0.9989071457,,
13135000070,45,0.0010928543,,
13135000071,5,0.9957606746,,
13135000071,9,0.0026996145,,
13135000071,46,0.0015397109,,
13135000072,5,0.9999093250,,
13135000072,7,0.0000906750,,
13135000073,14,0.0000233664,,
13135000073,40,0.9999766336,,
13135000074,5,0.9975727604,,
13135000074,9,0.0024272396,,
13135000075,55,1.0000000000,,
13135000076,55,1.0000000000,,
13135000077,5,0.0000673699,,
13135000077,7,0.9999326301,,
13135000078,9,1.0000000000,,
13135000079,9,1.0000000000,,
13135000080,5,0.0000245134,,
13135000080,9,0.9984799093,,
13135000080,46,0.0014955773,,
13135000081,9,0.0009656729,,
13135000081,55,0.9990343271,,
13135000082,7,1.0000000000,,
13135000083,7,1.0000000000,,
13135000084,5,0.0005020877,,
13135000084,9,0.9994979123,,
13135000085,7,0.9983108842,,
13135000085,45,0.0016891158,,
13135000086,5,0.9994592316,,
13135000086,7,0.0000905197,,
13135000086,9,0.0004502486,,
13135000087,5,0.9997776264,,
13135000087,7,0.0002223736,,
13135000088,9,0.0002911457,,
13135000088,55,0.9997088543,,
13135000089,45,0.9995670159,,
13135000089,48,0.0004329841,,
13135000090,5,0.0001747944,,
13135000090,7,0.9997263316,,
13135000090,45,0.0000988741,,
13135000091,9,1.0000000000,,
13135000092,9,0.9994241228,,
13135000092,41,0.0005758772,,
13135000093,9,1.0000000000,,
13135000094,9,0.9999995747,,
13135000094,55,0.0000004253,,
13135000095,5,0.0003946550,,
13135000095,7,0.9996053450,,
13135000096,7,1.0000000000,,
13135000097,7,1.0000000000,,
13135000098,7,1.0000000000,,
13135000099,5,0.0021709487,,
13135000099,7,0.9978290513,,
13135000100,7,0.0000702779,,
13135000100,45,0.9999297221,,
13135000101,14,0.0009874240,,
13135000101,40,0.9990125760,,
13135000102,45,1.0000000000,,
13135000103,5,0.0027788935,,
13135000103,9,0.9972211065,,
13135000104,17,0.0000720057,,
13135000104,43,0.0002786461,,
13135000104,55,0.9996493482,,
13135000105,45,0.0006063117,,
13135000105,48,0.9993936883,,
13135000106,7,0.9997107775,,
13135000106,45,0.0002892225,,
13135000107,9,0.9986910489,,
13135000107,55,0.0013089511,,
13135000108,55,1.0000000000,,
13135000109,9,1.0000000000,,
13135000110,5,0.9981269838,,
13135000110,7,0.0016088719,,
13135000110,9,0.0002641444,,
13135000111,7,0.9981445642,,
13135000111,48,0.0018554358,,
13135000112,9,0.0040346789,,
13135000112,41,0.9959653211,,
13135000113,5,0.9981094323,,
13135000113,9,0.0018905677,,
13135000114,5,0.5043893243,,
13135000114,7,0.4953188993,,
13135000114,40,0.0002917764,,
13135000115,5,0.9985378965,,
13135000115,9,0.0014621035,,
13135000116,5,0.9990340807,,
13135000116,9,0.0009659193,,
13135000117,5,1.0000000000,,
13135000118,9,0.0016955732,,
13135000118,41,0.0002633374,,
13135000118,55,0.9980410894,,
13135000119,9,1.0000000000,,
13135000120,5,0.0006261209,,
13135000120,9,0.9993738791,,
13135000121,7,0.9987087052,,
13135000121,40,0.0000002054,,
13135000121,48,0.0012910894,,
13135000122,43,0.0000188347,,
13135000122,55,0.9999811653,,
13135000123,5,0.9960984753,,
13135000123,9,0.0039015247,,
13135000124,7,1.0000000000,,
13135000125,7,0.9976201058,,
13135000125,48,0.0023798942,,
13135000126,7,0.0019219363,,
13135000126,14,0.0008524763,,
13135000126,40,0.9965567521,,
13135000126,48,0.0006688354,,
13135000127,5,0.0000230049,,
13135000127,9,0.9999769951,,
13135000128,7,1.0000000000,,
13135000129,45,1.0000000000,,
13135000130,27,0.0000041360,,
13135000130,48,0.9999958640,,
13135000131,45,0.0002900187,,
13135000131,48,0.9997099813,,
13135000132,7,0.9993839278,,
13135000132,45,0.0006160722,,
13135000133,45,0.0011164258,,
13135000133,46,0.9988835742,,
13135000134,9,0.9975320982,,
13135000134,55,0.0024679018,,
13135000135,45,0.9999942647,,
13135000135,49,0.0000057353,,
13135000136,7,0.0000683998,,
13135000136,45,0.9999316002,,
13135000137,45,1.0000000000,,
13135000138,7,1.0000000000,,
13135000139,5,0.0009476023,,
13135000139,9,0.9990523977,,
13135000140,7,0.0000023284,,
13135000140,45,0.0002746719,,
13135000140,48,0.9997229997,,
13135000141,48,1.0000000000,,
13135000142,7,0.0005168489,,
13135000142,45,0.9994831511,,
13135000143,9,1.0000000000,,
13135000144,5,0.9984118662,,
13135000144,45,0.0001393855,,
13135000144,46,0.0014487482,,
13135000145,9,0.0009781372,,
13135000145,55,0.9990218628,,
13135000146,9,0.9998267657,,
13135000146,17,0.0000008206,,
13135000146,46,0.0000039779,,
13135000146,55,0.0001684358,,
13135000147,5,0.0015257752,,
13135000147,9,0.9984742248,,
13135000148,9,0.9998708024,,
13135000148,41,0.0001291976,,
13135000149,7,1.0000000000,,
13135000150,5,0.0024643392,,
13135000150,7,0.9975356608,,
13135000151,9,0.0015197807,,
13135000151,46,0.9984802193,,
13135000152,45,1.0000000000,,
13135000153,9,1.0000000000,,
13135000154,45,1.0000000000,,
13135000155,7,0.9998094859,,
13135000155,45,0.0001321961,,
13135000155,48,0.0000583180,,
13135000156,9,0.0001056333,,
13135000156,55,0.9998943667,,
13137000001,50,1.0000000000,,
13137000002,50,1.0000000000,,
13137000003,50,1.0000000000,,
13137000004,50,1.0000000000,,
13137000005,50,1.0000000000,,
13137000006,49,0.0000159154,,
13137000006,50,0.9999840846,,
13137000007,50,1.0000000000,,
13139000001,27,0.0006185092,,
13139000001,49,0.9993814908,,
13139000002,49,1.0000000000,,
13139000003,49,1.0000000000,,
13139000004,27,0.0000407653,,
13139000004,49,0.9999592347,,
13139000005,27,0.0005254536,,
13139000005,49,0.9994745464,,
13139000006,27,0.0008852909,,
13139000006,49,0.9991147091,,
13139000007,27,0.0003077141,,
13139000007,45,0.0000236988,,
13139000007,48,0.0000002444,,
13139000007,49,0.9996683428,,
13139000008,45,0.0000041741,,
13139000008,47,0.0000609189,,
13139000008,49,0.9999349069,,
13139000009,49,1.0000000000,,
13139000010,47,0.0000226334,,
13139000010,49,0.9995251827,,
13139000010,50,0.0004521839,,
13139000011,47,0.0000013470,,
13139000011,49,0.2869463069,,
13139000011,50,0.7130523461,,
13139000012,49,0.5490021149,,
13139000012,50,0.4509978851,,
13139000013,49,0.9995302753,,
13139000013,50,0.0004697247,,
13139000014,49,0.9999700606,,
13139000014,50,0.0000015875,,
13139000014,51,0.0000283519,,
13139000015,49,0.9999753384,,
13139000015,51,0.0000246616,,
13139000016,49,0.9997838593,,
13139000016,51,0.0002161407,,
13139000017,27,0.0001047599,,
13139000017,49,0.9995244370,,
13139000017,51,0.0003708031,,
13139000018,27,0.0011373338,,
13139000018,49,0.9988626662,,
13139000019,49,1.0000000000,,
13139000020,49,1.0000000000,,
13139000021,49,1.0000000000,,
13139000022,49,0.9997089605,,
13139000022,50,0.0002910395,,
13139000023,49,1.0000000000,,
13139000024,49,1.0000000000,,
13139000025,49,1.0000000000,,
13139000026,49,0.0003461608,,
13139000026,50,0.9996538392,,
13139000027,49,0.9999868805,,
13139000027,51,0.0000131195,,
13139000028,45,0.0000143741,,
13139000028,49,0.9999856259,,
13139000029,45,0.0000026429,,
13139000029,49,0.9999973571,,
13139000030,49,1.0000000000,,
13139000031,49,1.0000000000,,
1314100001A,25,0.0001656109,,
1314100001A,26,0.9998343891,,
1314100001B,26,1.0000000000,,
1314100002A,23,0.0000053682,,
1314100002A,26,0.9999946318,,
1314100002B,25,0.0000521577,,
1314100002B,26,0.9999478423,,
1314100003A,23,0.0002961308,,
1314100003A,26,0.9997038692,,
1314100003B,23,0.0000148655,,
1314100003B,24,0.0000213255,,
1314100003B,25,0.0000228911,,
1314100003B,26,0.9999409180,,
1314100003C,25,0.0003263438,,
1314100003C,26,0.9996736562,,
1314100004A,26,1.0000000000,,
1314100004B,25,0.0003858915,,
1314100004B,26,0.9996141085,,
1314100004C,23,0.0000735494,,
1314100004C,26,0.9999264506,,
13143000002,30,1.0000000000,,
13143000003,30,1.0000000000,,
13143000004,30,1.0000000000,,
13143000005,30,1.0000000000,,
13143000006,30,0.9998949988,,
13143000006,31,0.0001050012,,
13143000007,30,0.9999317150,,
13143000007,31,0.0000682850,,
13143000008,30,0.9999676409,,
13143000008,31,0.0000323591,,
13143000009,30,0.9999850229,,
13143000009,31,0.0000149771,,
13143000010,30,1.0000000000,,
13143000011,30,1.0000000000,,
13143000012,30,1.0000000000,,
13143000013,30,1.0000000000,,
131450000CA,29,1.0000000000,,
131450000EL,29,1.0000000000,,
131450000GM,29,1.0000000000,,
131450000HA,29,1.0000000000,,
131450000L9,29,1.0000000000,,
131450000MG,29,1.0000000000,,
131450000PV,29,1.0000000000,,
131450000SK,29,1.0000000000,,
131450000U9,29,1.0000000000,,
131450000VP,15,0.0000007281,,
131450000VP,29,0.9999992719,,
131450000WA,15,0.0000487435,,
131450000WA,29,0.9999512565,,
131450000WH,29,1.0000000000,,
13147000002,24,1.0000000000,,
13147000003,24,0.9999704125,,
13147000003,47,0.0000163889,,
13147000003,50,0.0000131986,,
13147000004,24,1.0000000000,,
13147000005,24,1.0000000000,,
13147000006,24,0.9998648414,,
13147000006,50,0.0001351586,,
13147000007,24,0.9999560456,,
13147000007,50,0.0000439544,,
13147000008,24,1.0000000000,,
13149000CEN,28,0.9999824892,,
13149000CEN,30,0.0000175108,,
13149000COO,28,0.9999921477,,
13149000COO,29,0.0000078523,,
13149000ENO,28,1.0000000000,,
13149000EPH,28,0.9999748675,,
13149000EPH,30,0.0000251325,,
13149000FRA,28,0.9999693622,,
13149000FRA,29,0.0000306378,,
13149000SOU,28,0.9999922652,,
13149000SOU,29,0.0000077348,,
13151000025,16,0.0006502215,,
13151000025,25,0.9993497785,,
13151000026,17,0.0007473208,,
13151000026,25,0.9992526792,,
13151000027,17,0.9992599506,,
13151000027,25,0.0007400494,,
13151000028,10,0.0000193602,,
13151000028,17,0.9998594589,,
13151000028,25,0.0001211809,,
13151000029,10,0.0004413019,,
13151000029,16,0.0000066813,,
13151000029,17,0.0000137414,,
13151000029,25,0.9995382755,,
13151000030,10,0.9996582298,,
13151000030,16,0.0000737483,,
13151000030,25,0.0001947238,,
13151000030,44,0.0000732982,,
13151000031,10,0.9996396648,,
13151000031,44,0.0003603352,,
13151000032,10,0.9998880813,,
13151000032,17,0.0001033008,,
13151000032,44,0.0000086179,,
13151000033,10,0.9999516693,,
13151000033,44,0.0000483307,,
13151000034,10,0.0000127320,,
13151000034,17,0.9999872680,,
13151000035,17,1.0000000000,,
13151000036,17,1.0000000000,,
13151000037,10,0.0000754606,,
13151000037,17,0.9999245394,,
13151000038,10,0.9990528103,,
13151000038,17,0.0009471897,,
13151000039,10,1.0000000000,,
13151000041,10,1.0000000000,,
13151000042,10,0.9994230835,,
13151000042,17,0.0005769165,,
13151000043,10,0.0007064698,,
13151000043,17,0.9983067620,,
13151000043,43,0.0009867682,,
13151000044,10,0.9993953552,,
13151000044,17,0.0001743124,,
13151000044,43,0.0004303325,,
13151000045,10,0.9996759964,,
13151000045,17,0.0003240036,,
13151000046,10,0.9991824331,,
13151000046,44,0.0008175669,,
13151000047,10,0.9994309048,,
13151000047,43,0.0005690952,,
13151000048,17,0.0004506919,,
13151000048,25,0.9995493081,,
13151000049,17,0.9991464705,,
13151000049,25,0.0008535295,,
13151000050,10,0.9999725976,,
13151000050,44,0.0000274024,,
13151000051,10,0.9998581799,,
13151000051,17,0.0000521470,,
13151000051,25,0.0000896731,,
13151000052,17,1.0000000000,,
13151000053,10,0.9999274267,,
13151000053,17,0.0000725733,,
13151000054,10,0.9999328315,,
13151000054,44,0.0000671685,,
13151000055,17,0.9993772777,,
13151000055,43,0.0006227223,,
13151000056,10,0.9999439850,,
13151000056,44,0.0000560150,,
13151000057,10,0.9998246704,,
13151000057,17,0.0001753296,,
13151000058,17,0.9999484027,,
13151000058,25,0.0000515973,,
13151000059,25,1.0000000000,,
13151000060,10,0.0005784516,,
13151000060,17,0.9994215484,,
13151000061,17,1.0000000000,,
13151000062,17,1.0000000000,,
13153000BMS,18,0.0000214652,,
13153000BMS,20,0.9991537678,,
13153000BMS,26,0.0008247670,,
13153000TMS,18,0.9995803105,,
13153000TMS,26,0.0004196895,,
13153000VHS,20,0.9999990929,,
13153000VHS,26,0.0000009071,,
1315300ANNX,18,0.9987535017,,
1315300ANNX,26,0.0012464983,,
1315300CENT,18,0.9985067663,,
1315300CENT,26,0.0014932337,,
1315300CGTC,18,0.0000137047,,
1315300CGTC,20,0.9999862953,,
1315300FMMS,18,0.5056153178,,
1315300FMMS,20,0.4943846822,,
1315300HAFS,20,1.0000000000,,
1315300HCTC,18,0.0027839740,,
1315300HCTC,26,0.9972160260,,
1315300HEFS,15,0.0000109311,,
1315300HEFS,20,0.9999890689,,
1315300HHPC,18,0.0008264333,,
1315300HHPC,26,0.9991735667,,
1315300MCMS,18,0.1492553245,,
1315300MCMS,20,0.8507446755,,
1315300NSES,18,0.0005465852,,
1315300NSES,26,0.9994534148,,
1315300RECR,20,0.0017681001,,
1315300RECR,26,0.9982318999,,
1315300ROZR,15,0.0000000975,,
1315300ROZR,18,0.0002085138,,
1315300ROZR,20,0.9997913886,,
1315300TWPK,18,0.9987141268,,
1315300TWPK,20,0.0007142561,,
1315300TWPK,26,0.0005716171,,
13155000901,13,1.0000000000,,
13155001529,13,1.0000000000,,
13155001753,13,1.0000000000,,
13157001000,47,0.9995492724,,
13157001000,49,0.0000001903,,
13157001000,50,0.0004505373,,
13157002000,47,0.0004098935,,
13157002000,50,0.9995901065,,
13157003000,45,0.0000399789,,
13157003000,47,0.9999584510,,
13157003000,49,0.0000015701,,
13157004000,46,0.0000006772,,
13157004000,47,0.9998488401,,
13157004000,50,0.0001504827,,
13159000289,25,1.0000000000,,
13159000290,17,0.0001916730,,
13159000290,25,0.9998083270,,
13159000293,25,1.0000000000,,
13159000295,18,0.0000175611,,
13159000295,25,0.9999824389,,
13159000296,17,0.0002577322,,
13159000296,25,0.9997422678,,
13159000297,17,0.0002652085,,
13159000297,25,0.9997347915,,
13159000363,17,0.0000021127,,
13159000363,25,0.9999978873,,
13161000100,19,1.0000000000,,
13161000201,19,1.0000000000,,
13161000202,19,1.0000000000,,
13161000301,19,1.0000000000,,
13161000302,19,1.0000000000,,
13161000401,19,1.0000000000,,
13161000402,13,0.0000473918,,
13161000402,19,0.9999526082,,
13161000501,19,1.0000000000,,
13161000502,13,0.0000344168,,
13161000502,19,0.9999655832,,
13163000076,23,1.0000000000,,
13163000077,23,1.0000000000,,
13163000081,22,0.0001271578,,
13163000081,23,0.9998728422,,
13163000082,23,0.9999903050,,
13163000082,26,0.0000096950,,
13163000083,23,1.0000000000,,
13163000085,23,0.9998468376,,
13163000085,26,0.0001531624,,
13163001460,23,1.0000000000,,
13163001593,23,1.0000000000,,
13165000001,23,1.0000000000,,
13165000002,23,1.0000000000,,
13165000003,23,1.0000000000,,
13165000004,23,1.0000000000,,
13165000005,4,0.0000229037,,
13165000005,23,0.9999770963,,
13167000055,23,0.0002221884,,
13167000055,26,0.9997778116,,
13167001201,26,1.0000000000,,
13167001266,20,0.0000261982,,
13167001266,23,0.0000780982,,
13167001266,26,0.9998957037,,
13167001301,20,0.0000269065,,
13167001301,26,0.9999730935,,
13167001405,20,0.0000719918,,
13167001405,26,0.9999280082,,
13167001746,20,0.0000473368,,
13167001746,23,0.0004871129,,
13167001746,26,0.9994655503,,
13167001820,26,1.0000000000,,
13169000001,25,1.0000000000,,
13169000002,25,1.0000000000,,
13169000003,25,0.9999549603,,
13169000003,26,0.0000450397,,
13169000004,25,0.9999838009,,
13169000004,26,0.0000161991,,
13169000005,25,1.0000000000,,
13169000006,25,1.0000000000,,
13169000008,18,0.0004834039,,
13169000008,25,0.9995165961,,
13169000009,18,0.0000918489,,
13169000009,25,0.9999081511,,
13169000010,25,0.9998604407,,
13169000010,26,0.0001395593,,
13169000011,25,1.0000000000,,
13171001711,16,1.0000000000,,
13171001713,16,0.9999572109,,
13171001713,18,0.0000427891,,
13171001714,16,1.0000000000,,
1317101712A,16,0.9999617691,,
1317101712A,18,0.0000260546,,
1317101712A,25,0.0000121763,,
1317101712B,16,0.9999448836,,
1317101712B,18,0.0000551164,,
1317101712C,16,0.9999056401,,
1317101712C,18,0.0000943599,,
13173000001,8,0.9999760399,,
13173000001,13,0.0000239601,,
13175000003,20,1.0000000000,,
13175000004,20,1.0000000000,,
13175000005,20,1.0000000000,,
13175000007,20,0.9999823247,,
13175000007,26,0.0000176753,,
13175000008,19,0.0000001535,,
13175000008,20,0.9999998465,,
13175000010,20,1.0000000000,,
13175000011,20,0.9999748887,,
13175000011,26,0.0000251113,,
13175000012,20,1.0000000000,,
13175000013,20,1.0000000000,,
13175000014,20,0.9999968385,,
13175000014,26,0.0000031615,,
13175000015,20,0.9999963012,,
13175000015,26,0.0000036988,,
13175000016,19,0.0000215636,,
13175000016,20,0.9999784364,,
13175000018,20,0.9999728088,,
13175000018,26,0.0000271912,,
13175000019,20,1.0000000000,,
13175000021,20,1.0000000000,,
13175000022,20,1.0000000000,,
13177000001,12,0.0000093079,,
13177000001,13,0.9999906921,,
13177000002,12,0.0003018150,,
13177000002,13,0.9996981850,,
13177000003,12,0.0004268472,,
13177000003,13,0.9995731528,,
13177000004,13,1.0000000000,,
13177000005,12,0.0000421293,,
13177000005,13,0.9999578707,,
13177000006,12,0.0000104848,,
13177000006,13,0.9999895152,,
13177000007,12,0.0000133906,,
13177000007,13,0.9999866094,,
13177000008,13,1.0000000000,,
13177000009,12,0.0000063419,,
13177000009,13,0.9999936581,,
13177000010,12,0.0002078557,,
13177000010,13,0.9997921443,,
13179000001,1,0.9997400757,,
13179000001,3,0.0002384589,,
13179000001,19,0.0000214654,,
13179000002,1,1.0000000000,,
13179000003,1,0.9999982806,,
13179000003,3,0.0000017194,,
13179000004,1,0.9980648417,,
13179000004,19,0.0019351583,,
13179000005,1,1.0000000000,,
13179000006,1,1.0000000000,,
13179000007,1,0.9996731160,,
13179000007,19,0.0003268840,,
13179000009,1,1.0000000000,,
13179000010,1,1.0000000000,,
13179000011,1,1.0000000000,,
13179000012,1,1.0000000000,,
13179000013,1,0.9999198617,,
13179000013,4,0.0000044454,,
13179000013,19,0.0000756929,,
13179000014,1,0.9999962278,,
13179000014,19,0.0000037722,,
13181000002,23,0.0000026076,,
13181000002,24,0.9999973924,,
131810001-A,24,1.0000000000,,
131810001-B,24,1.0000000000,,
131810003-A,23,0.0000021355,,
131810003-A,24,0.9999978645,,
131810003-B,23,0.0000000003,,
131810003-B,24,0.9999999997,,
131810004-A,24,1.0000000000,,
131810004-B,24,1.0000000000,,
13183000001,1,0.0001614877,,
13183000001,19,0.9998385123,,
13183000002,1,0.0000916080,,
13183000002,19,0.9999083920,,
13183000003,1,0.0000095119,,
13183000003,19,0.9999904881,,
13183000004,1,0.0001212631,,
13183000004,19,0.9998787369,,
13183000005,1,0.0000093021,,
13183000005,3,0.0000368186,,
13183000005,19,0.9999538793,,
13183000006,19,1.0000000000,,
13183000007,19,1.0000000000,,
13185000001,8,0.9999045291,,
13185000001,11,0.0000954709,,
13185000002,8,0.9999918457,,
13185000002,13,0.0000081543,,
13185000003,8,1.0000000000,,
13185000004,8,1.0000000000,,
13185000005,8,0.9998133056,,
13185000005,11,0.0001866944,,
13185000006,8,1.0000000000,,
13185000007,8,0.9999418134,,
13185000007,11,0.0000581866,,
13185000008,8,1.0000000000,,
13185000009,8,1.0000000000,,
131870000DA,49,0.0000184313,,
131870000DA,51,0.9999815687,,
13189000131,23,1.0000000000,,
13189000132,23,0.9998434001,,
13189000132,24,0.0001565999,,
13189000134,23,1.0000000000,,
13189000135,23,1.0000000000,,
13189000136,23,1.0000000000,,
13189000137,23,0.9998669815,,
13189000137,24,0.0001330185,,
13189000139,23,1.0000000000,,
1318900133A,22,0.0000481235,,
1318900133A,23,0.9999518765,,
1318900133B,23,1.0000000000,,
13191000022,1,0.0000725726,,
13191000022,3,0.9999274274,,
13191000271,3,1.0000000000,,
13191001312,1,0.0000233063,,
13191001312,3,0.9999766937,,
13191001480,1,0.0003450226,,
13191001480,3,0.9996235031,,
13191001480,19,0.0000314743,,
13191001515,3,1.0000000000,,
13191001771,3,0.9999357001,,
13191001771,19,0.0000642999,,
13193000001,15,0.9999987213,,
13193000001,18,0.0000012787,,
13193000002,12,0.0001562430,,
13193000002,15,0.9998437570,,
13193000003,15,0.9998958875,,
13193000003,18,0.0000866732,,
13193000003,20,0.0000174394,,
13193000004,15,1.0000000000,,
13193000005,12,0.0000108441,,
13193000005,15,0.9994324933,,
13193000005,20,0.0005566626,,
13195000COB,24,0.0003866699,,
13195000COB,47,0.9996133301,,
13195000COL,24,0.0001378852,,
13195000COL,47,0.9998621148,,
13195000COM,24,0.0000958257,,
13195000COM,47,0.9999041743,,
13195000DAN,47,1.0000000000,,
13195000FOR,24,0.0005223781,,
13195000FOR,47,0.9994776219,,
13195000HAR,24,0.0003121003,,
13195000HAR,47,0.9996810668,,
13195000HAR,50,0.0000068330,,
13195000HUL,47,1.0000000000,,
13195000ILA,47,0.9994138516,,
13195000ILA,50,0.0005861484,,
13195000MIL,24,0.0000121298,,
13195000MIL,47,0.9999510544,,
13195000MIL,50,0.0000368158,,
13195000PAO,47,1.0000000000,,
13195000PIT,47,1.0000000000,,
13195000POC,47,0.9996358680,,
13195000POC,50,0.0003641320,,
13197000034,12,0.0000249244,,
13197000034,15,0.9999750756,,
13197000339,15,1.0000000000,,
13197000539,15,1.0000000000,,
13197000807,12,0.0000421629,,
13197000807,15,0.9999578371,,
13197000808,15,1.0000000000,,
13197000948,15,1.0000000000,,
13197000955,15,1.0000000000,,
13199000001,15,0.0001338237,,
13199000001,18,0.0000106687,,
13199000001,29,0.9998555076,,
13199000002,15,0.0000148340,,
13199000002,29,0.9999851660,,
13199000003,29,1.0000000000,,
13199000004,29,1.0000000000,,
13199000005,29,1.0000000000,,
13199000006,28,0.0000050523,,
13199000006,29,0.9999949477,,
13199000007,28,0.0000480116,,
13199000007,29,0.9999519884,,
13199000008,16,0.0000474557,,
13199000008,28,0.0000525428,,
13199000008,29,0.9999000015,,
13199000009,16,0.0001951736,,
13199000009,29,0.9998048264,,
13199000010,16,0.0000158789,,
13199000010,18,0.0000095467,,
13199000010,29,0.9999745745,,
13199000011,15,0.0000044273,,
13199000011,29,0.9999955727,,
13199000012,29,1.0000000000,,
13199000013,29,1.0000000000,,
13199000014,18,0.0000273423,,
13199000014,29,0.9999726577,,
13201000001,11,0.0000178659,,
13201000001,12,0.9999821341,,
132050000BA,12,1.0000000000,,
132050000BV,11,0.0000229791,,
132050000BV,12,0.9999770209,,
132050000CN,12,1.0000000000,,
132050000CS,12,1.0000000000,,
132050000CT,11,0.0000354436,,
132050000CT,12,0.9999645564,,
132050000HF,11,0.0000009292,,
132050000HF,12,0.9999990708,,
132050000HI,11,0.0000946447,,
132050000HI,12,0.9999053553,,
132050000LS,11,0.0000080389,,
132050000LS,12,0.9999431569,,
132050000LS,13,0.0000488042,,
132050000PC,12,1.0000000000,,
132050000PE,11,0.0000356575,,
132050000PE,12,0.9999643425,,
132050000SC,11,0.0000015906,,
132050000SC,12,0.9999984094,,
13207000001,18,0.9999820678,,
13207000001,25,0.0000179322,,
13207000002,18,1.0000000000,,
13207000003,18,1.0000000000,,
13207000004,18,0.9994904896,,
13207000004,25,0.0005095104,,
13207000005,16,0.0000368178,,
13207000005,18,0.9999631822,,
13207000006,16,0.0000010505,,
13207000006,18,0.9999989495,,
13207000007,18,1.0000000000,,
13207000008,16,0.0000006905,,
13207000008,18,0.9999993095,,
13207000009,18,1.0000000000,,
13207000010,16,0.0000919002,,
13207000010,18,0.9998969840,,
13207000010,25,0.0000111157,,
13207000011,18,1.0000000000,,
13207000012,18,0.9997401430,,
13207000012,25,0.0002598570,,
13207000013,18,0.9999346546,,
13207000013,25,0.0000653454,,
13207000014,18,1.0000000000,,
13209000001,19,1.0000000000,,
13209000002,19,1.0000000000,,
13209000003,19,1.0000000000,,
13209000004,19,0.9999409395,,
13209000004,20,0.0000590605,,
13209000005,19,1.0000000000,,
13209000006,19,0.9997682592,,
13209000006,20,0.0002317408,,
13209000007,19,1.0000000000,,
13211000001,17,0.9998811114,,
13211000001,24,0.0000747280,,
13211000001,46,0.0000441607,,
13211000002,17,0.9993092173,,
13211000002,24,0.0006906270,,
13211000002,25,0.0000001556,,
13211000003,17,0.9999801562,,
13211000003,25,0.0000198438,,
13211000004,17,0.9999981449,,
13211000004,25,0.0000018551,,
13211000005,17,0.9999485534,,
13211000005,25,0.0000514466,,
13211000006,17,0.9999998609,,
13211000006,25,0.0000001391,,
13211000007,17,0.9999694281,,
13211000007,46,0.0000305719,,
13213000824,51,0.0001170433,,
13213000824,54,0.9998829567,,
13213000872,51,0.0000950847,,
13213000872,54,0.9999049153,,
13213000874,51,0.0000032807,,
13213000874,54,0.9999967193,,
13213001013,51,0.0003818835,,
13213001013,54,0.9996181165,,
13213001039,54,1.0000000000,,
13213001291,54,1.0000000000,,
13213001895,54,1.0000000000,,
13215000101,15,1.0000000000,,
13215000102,15,1.0000000000,,
13215000103,15,1.0000000000,,
13215000104,15,0.0021364240,,
13215000104,29,0.9978635760,,
13215000105,29,1.0000000000,,
13215000106,29,1.0000000000,,
13215000107,15,0.6834601616,,
13215000107,29,0.3165398384,,
13215000108,29,1.0000000000,,
13215000109,15,0.0001518056,,
13215000109,29,0.9998481944,,
13215000110,15,1.0000000000,,
13215000112,15,1.0000000000,,
13215000113,15,1.0000000000,,
13215000114,15,1.0000000000,,
13215000115,15,0.9996939057,,
13215000115,29,0.0003060943,,
13215000116,15,1.0000000000,,
13215000117,15,0.9993930072,,
13215000117,29,0.0006069928,,
13215000118,15,1.0000000000,,
13215000119,29,1.0000000000,,
13215000120,15,0.0008003046,,
13215000120,29,0.9991996954,,
13215000121,15,0.9963047747,,
13215000121,29,0.0036952253,,
13215000122,15,1.0000000000,,
13215000124,15,0.9991821959,,
13215000124,29,0.0008178041,,
13215000125,15,1.0000000000,,
13215000126,15,1.0000000000,,
13215000127,15,0.0005273251,,
13215000127,29,0.9994726749,,
13215FTBEN1,15,1.0000000000,,
13215FTBEN2,15,1.0000000000,,
13215FTBEN3,15,1.0000000000,,
13215FTBEN4,15,1.0000000000,,
13215FTBEN5,15,0.9998066022,,
13215FTBEN5,29,0.0001933978,,
13217000001,17,1.0000000000,,
13217000002,17,0.0007354010,,
13217000002,43,0.9992645990,,
13217000003,43,1.0000000000,,
13217000004,17,0.9997860328,,
13217000004,43,0.0002139672,,
13217000005,17,0.0013234101,,
13217000005,43,0.9986765899,,
13217000006,17,0.9993484424,,
13217000006,25,0.0006515576,,
13217000007,17,1.0000000000,,
13217000008,43,1.0000000000,,
13217000009,17,0.0008097489,,
13217000009,43,0.9991902511,,
13217000010,17,0.9992126324,,
13217000010,43,0.0007873676,,
13217000012,17,0.0004414602,,
13217000012,43,0.9995585398,,
13217000013,43,1.0000000000,,
13217000014,17,0.9993029194,,
13217000014,43,0.0006970806,,
13217000015,17,0.9999187875,,
13217000015,25,0.0000812125,,
13217000016,17,0.9996694744,,
13217000016,25,0.0003305256,,
13217000017,17,0.9992090154,,
13217000017,43,0.0007909846,,
13217000018,17,0.9996325646,,
13217000018,25,0.0000412815,,
13217000018,43,0.0003261539,,
13217000019,17,0.0008591126,,
13217000019,43,0.9991408874,,
13217000020,43,1.0000000000,,
13217000023,43,1.0000000000,,
13217000024,43,1.0000000000,,
13217000025,17,1.0000000000,,
13219000001,46,1.0000000000,,
13219000002,24,0.0000022981,,
13219000002,46,0.9999977019,,
13219000003,24,0.0002172443,,
13219000003,46,0.9997827557,,
13219000004,17,0.0000767489,,
13219000004,24,0.0000163641,,
13219000004,46,0.9999068870,,
13219000005,17,0.0000469066,,
13219000005,46,0.9999530934,,
13219000006,17,0.0000245825,,
13219000006,46,0.9999754175,,
13219000007,46,1.0000000000,,
13219000008,46,0.9999960819,,
13219000008,47,0.0000039181,,
13219000009,46,0.9999278611,,
13219000009,47,0.0000721389,,
13219000010,46,1.0000000000,,
13219000011,46,1.0000000000,,
13219000012,46,1.0000000000,,
13219000013,46,1.0000000000,,
132210000BV,24,0.9995427061,,
132210000BV,47,0.0004572939,,
132210000CR,24,0.9999324221,,
132210000CR,46,0.0000663635,,
132210000CR,47,0.0000012144,,
132210000LX,23,0.0000077413,,
132210000LX,24,0.9999807521,,
132210000LX,46,0.0000010687,,
132210000LX,47,0.0000104379,,
1322300001C,31,0.9998824184,,
1322300001C,37,0.0001175816,,
1322300002B,31,0.9999988529,,
1322300002B,37,0.0000001366,,
1322300002B,52,0.0000010106,,
1322300003C,31,1.0000000000,,
1322300004B,31,0.9998215281,,
1322300004B,33,0.0000063455,,
1322300004B,37,0.0001721264,,
1322300005B,30,0.0000586994,,
1322300005B,31,0.9999413006,,
1322300006C,30,0.0000774257,,
1322300006C,31,0.9999225743,,
1322300007B,30,0.0003512681,,
1322300007B,31,0.9996487319,,
1322300008B,31,0.9999515619,,
1322300008B,33,0.0000484381,,
1322300009C,30,0.0764500875,,
1322300009C,31,0.9235286051,,
1322300009C,33,0.0000119368,,
1322300009C,35,0.0000093706,,
1322300010C,30,0.9980613063,,
1322300010C,31,0.0019386937,,
1322300011B,30,0.0002195698,,
1322300011B,31,0.9997804302,,
1322300012C,30,0.8257070630,,
1322300012C,31,0.1742929370,,
132250000B1,18,1.0000000000,,
132250000B2,18,0.9999219284,,
132250000B2,26,0.0000780716,,
132250000C1,18,0.9995746593,,
132250000C1,20,0.0004253407,,
132250000F1,15,0.0000175487,,
132250000F1,18,0.9999824513,,
132250000F2,18,0.9999470710,,
132250000F2,20,0.0000529290,,
132250000F3,15,0.0004900765,,
132250000F3,18,0.9994320914,,
132250000F3,20,0.0000778321,,
132250000P1,18,1.0000000000,,
13227000001,21,0.0000016856,,
13227000001,51,0.9999983144,,
13227000002,51,1.0000000000,,
13227000003,51,1.0000000000,,
13227000004,21,0.0000156832,,
13227000004,51,0.9999836285,,
13227000004,54,0.0000006883,,
13227000005,51,0.9999858574,,
13227000005,54,0.0000141426,,
13227000006,21,0.0000842785,,
13227000006,51,0.9999157215,,
13227000007,51,1.0000000000,,
13227000008,51,1.0000000000,,
13227000009,21,0.0000014187,,
13227000009,51,0.9999985813,,
13227000010,51,1.0000000000,,
13227000011,51,1.0000000000,,
13227000012,51,1.0000000000,,
13229000001,8,1.0000000000,,
13229000002,3,0.0000992418,,
13229000002,8,0.9999007582,,
1322900003A,3,0.0002729438,,
1322900003A,8,0.9997270562,,
1322900003B,3,0.0001507490,,
1322900003B,8,0.9998492510,,
1322900004A,3,0.0000318193,,
1322900004A,8,0.9998294800,,
1322900004A,19,0.0001387007,,
1322900004B,8,0.9998566160,,
1322900004B,19,0.0001433840,,
1322900004C,8,0.9999903312,,
1322900004C,19,0.0000096688,,
1322900004D,8,0.9999246097,,
1322900004D,19,0.0000753903,,
13231000001,16,0.9998989653,,
13231000001,29,0.0001010347,,
13231000002,16,0.9999419686,,
13231000002,29,0.0000580314,,
13231000003,16,0.9999639158,,
13231000003,18,0.0000360842,,
13231000004,16,0.9997123937,,
13231000004,18,0.0002727504,,
13231000004,29,0.0000148559,,
13231000005,16,1.0000000000,,
13231000006,16,0.9999908796,,
13231000006,18,0.0000091204,,
13231000007,16,1.0000000000,,
13231000008,16,1.0000000000,,
13233000001,31,0.9999295238,,
13233000001,52,0.0000704762,,
13233000002,30,0.0000146490,,
13233000002,31,0.9999853510,,
13233000003,31,1.0000000000,,
13233000004,31,1.0000000000,,
13233000005,31,0.9999664798,,
13233000005,52,0.0000335202,,
13233000006,30,0.0000136636,,
13233000006,31,0.9999863364,,
13233000007,30,0.0000057899,,
13233000007,31,0.9999942101,,
132350ANNEX,20,1.0000000000,,
13237000101,17,0.0000103350,,
13237000101,25,0.9999896650,,
13237000104,25,1.0000000000,,
13237000105,17,0.0000005337,,
13237000105,24,0.0010295269,,
13237000105,25,0.9988996500,,
13237000105,26,0.0000702894,,
13237000106,25,0.9995302340,,
13237000106,26,0.0004697660,,
13237000107,25,0.9999300646,,
13237000107,26,0.0000699354,,
1323900000G,12,1.0000000000,,
1323900000M,12,1.0000000000,,
132410RABUN,50,1.0000000000,,
13243000131,12,1.0000000000,,
13243000334,12,1.0000000000,,
13243000566,12,1.0000000000,,
13243000934,12,1.0000000000,,
13243000947,12,1.0000000000,,
13243000954,12,1.0000000000,,
13243000998,12,1.0000000000,,
1324300718A,12,1.0000000000,,
1324300718B,12,1.0000000000,,
13245000101,22,1.0000000000,,
13245000102,22,1.0000000000,,
13245000103,22,1.0000000000,,
13245000104,22,0.9999293398,,
13245000104,23,0.0000706602,,
13245000105,22,1.0000000000,,
13245000106,22,1.0000000000,,
13245000107,22,1.0000000000,,
13245000108,22,1.0000000000,,
13245000109,22,1.0000000000,,
13245000111,22,1.0000000000,,
13245000112,22,1.0000000000,,
13245000114,22,1.0000000000,,
13245000115,22,0.9994197266,,
13245000115,23,0.0005802734,,
13245000201,22,1.0000000000,,
13245000202,22,1.0000000000,,
13245000203,22,1.0000000000,,
13245000204,22,1.0000000000,,
13245000207,22,1.0000000000,,
13245000208,22,1.0000000000,,
13245000210,22,1.0000000000,,
13245000301,22,1.0000000000,,
13245000302,22,1.0000000000,,
13245000303,22,1.0000000000,,
13245000304,22,1.0000000000,,
13245000305,22,1.0000000000,,
13245000306,22,0.9999881665,,
13245000306,23,0.0000118335,,
13245000307,22,1.0000000000,,
13245000308,22,0.9989567772,,
13245000308,23,0.0002359230,,
13245000308,24,0.0008072998,,
13245000309,22,1.0000000000,,
13245000310,22,0.9996962574,,
13245000310,23,0.0003037426,,
13245000401,22,1.0000000000,,
13245000402,22,1.0000000000,,
13245000404,22,1.0000000000,,
13245000405,22,1.0000000000,,
13245000406,22,1.0000000000,,
13245000501,22,1.0000000000,,
13245000502,22,1.0000000000,,
13245000503,22,1.0000000000,,
13245000504,22,1.0000000000,,
13245000506,22,1.0000000000,,
13245000507,22,1.0000000000,,
13245000509,22,1.0000000000,,
13245000601,22,1.0000000000,,
13245000603,22,1.0000000000,,
13245000604,22,0.9989123924,,
13245000604,23,0.0010876076,,
13245000605,22,1.0000000000,,
13245000607,22,1.0000000000,,
13245000608,22,0.0008782520,,
13245000608,23,0.9991217480,,
13245000701,22,1.0000000000,,
13245000702,22,1.0000000000,,
13245000703,22,1.0000000000,,
13245000705,22,1.0000000000,,
13245000706,22,0.9999802825,,
13245000706,24,0.0000197175,,
13245000707,22,0.9989224192,,
13245000707,24,0.0010775808,,
13245000708,22,1.0000000000,,
13245000709,22,0.9999852050,,
13245000709,24,0.0000147950,,
13245000801,22,0.0004378691,,
13245000801,23,0.9995621309,,
13245000802,22,0.0000764767,,
13245000802,23,0.9999235233,,
13245000803,22,0.9997004729,,
13245000803,23,0.0002995271,,
13245000804,22,0.9996450841,,
13245000804,23,0.0003549159,,
13245000805,22,0.9973639780,,
13245000805,23,0.0026360220,,
13245000806,23,1.0000000000,,
13245000807,22,1.0000000000,,
13245000808,22,0.0027844846,,
13245000808,23,0.9972155154,,
13245000809,22,1.0000000000,,
13245000810,22,0.0009699386,,
13245000810,23,0.9990300614,,
1324500801B,22,0.0002511122,,
1324500801B,23,0.9997488878,,
1324500804H,22,0.9987877284,,
1324500804H,23,0.0012122716,,
132470000BA,17,0.0002787825,,
132470000BA,43,0.9997212175,,
132470000BT,17,0.0000575490,,
132470000BT,43,0.9999007650,,
132470000BT,55,0.0000416860,,
132470000CO,43,1.0000000000,,
132470000FI,43,1.0000000000,,
132470000FS,43,1.0000000000,,
132470000HC,43,1.0000000000,,
132470000HI,43,1.0000000000,,
132470000LA,43,1.0000000000,,
132470000LO,10,0.0002360511,,
132470000LO,17,0.0004180645,,
132470000LO,43,0.9993458844,,
132470000MA,43,1.0000000000,,
132470000MI,43,1.0000000000,,
132470000OT,43,1.0000000000,,
132470000RO,43,1.0000000000,,
132470000SM,43,1.0000000000,,
132470000SP,43,1.0000000000,,
132470000ST,43,1.0000000000,,
13249000001,12,0.0000030950,,
13249000001,15,0.9999969050,,
13251000001,23,1.0000000000,,
13251000002,23,1.0000000000,,
13251000003,4,0.0000303081,,
13251000003,23,0.9999696919,,
13251000004,4,0.0000102159,,
13251000004,23,0.9999897841,,
13251000005,4,0.0000235788,,
13251000005,23,0.9999764212,,
13251000006,23,1.0000000000,,
13251000007,23,1.0000000000,,
13251000008,23,1.0000000000,,
13251000009,23,1.0000000000,,
13251000010,23,1.0000000000,,
13251000011,23,1.0000000000,,
13251000012,4,0.0000411087,,
13251000012,23,0.9999588913,,
13253000001,11,1.0000000000,,
13253000002,11,0.9999818587,,
13253000002,12,0.0000181413,,
13253000003,11,1.0000000000,,
13253000004,11,0.9999882827,,
13253000004,12,0.0000117173,,
13253000005,11,1.0000000000,,
13255000001,16,1.0000000000,,
13255000002,16,1.0000000000,,
13255000004,16,1.0000000000,,
13255000005,16,1.0000000000,,
13255000006,16,1.0000000000,,
13255000007,16,1.0000000000,,
13255000008,16,1.0000000000,,
13255000009,16,0.9995924971,,
13255000009,25,0.0004075029,,
13255000010,16,1.0000000000,,
13255000011,16,1.0000000000,,
13255000012,16,0.9999493045,,
13255000012,28,0.0000426027,,
13255000012,29,0.0000080928,,
13255000013,10,0.0000638304,,
13255000013,16,0.9999309927,,
13255000013,44,0.0000051769,,
13255000014,10,0.0000998646,,
13255000014,16,0.9998752551,,
13255000014,25,0.0000248804,,
13255000016,16,1.0000000000,,
13255000017,16,1.0000000000,,
13255000019,16,1.0000000000,,
13255000020,16,1.0000000000,,
13255000021,16,0.9995662435,,
13255000021,25,0.0004337565,,
13257000001,50,1.0000000000,,
13257000002,50,1.0000000000,,
13257000003,50,1.0000000000,,
13257000004,50,1.0000000000,,
13257000005,50,1.0000000000,,
13257000006,50,1.0000000000,,
13257000007,50,1.0000000000,,
13257000008,50,1.0000000000,,
13259000002,12,0.9999885970,,
13259000002,15,0.0000114030,,
13259000005,12,0.9999995854,,
13259000005,15,0.0000004146,,
13261000015,12,0.9999260686,,
13261000015,13,0.0000739034,,
13261000015,20,0.0000000280,,
13261000017,12,0.9999678058,,
13261000017,13,0.0000321942,,
13261000028,12,0.9999127758,,
13261000028,20,0.0000872242,,
13261000029,12,0.9997934680,,
13261000029,15,0.0001787785,,
13261000029,20,0.0000277535,,
1326100E-27,12,1.0000000000,,
1326100N-26,12,0.9999568574,,
1326100N-26,15,0.0000431426,,
1326100O-26,12,1.0000000000,,
1326100W-27,12,0.9999988952,,
1326100W-27,15,0.0000011048,,
132610C1-27,12,1.0000000000,,
132610C2-27,12,1.0000000000,,
132610C3-27,12,1.0000000000,,
13263000001,15,0.9999757330,,
13263000001,29,0.0000242670,,
13263000002,15,0.9999381338,,
13263000002,18,0.0000577354,,
13263000002,29,0.0000041308,,
13263000003,15,0.9999730974,,
13263000003,18,0.0000269026,,
13263000004,15,1.0000000000,,
13263000005,15,1.0000000000,,
13263000006,15,0.9998512611,,
13263000006,29,0.0001487389,,
13263000008,15,0.9999739551,,
13263000008,29,0.0000260449,,
13265000172,23,0.9999555884,,
13265000172,24,0.0000444116,,
13265000601,23,0.9997385166,,
13265000601,24,0.0001562480,,
13265000601,26,0.0001052354,,
13267000001,4,0.0000114630,,
13267000001,19,0.9999885370,,
13267000003,4,0.0000230229,,
13267000003,19,0.9999769771,,
13267000004,4,0.0000962714,,
13267000004,19,0.9999037286,,
13267000005,4,0.0000417026,,
13267000005,19,0.9999582974,,
13267000007,1,0.0000208749,,
13267000007,4,0.0000152998,,
13267000007,19,0.9999638253,,
13267000008,4,0.0000010629,,
13267000008,19,0.9999989371,,
13267000009,19,1.0000000000,,
13267000010,19,1.0000000000,,
13269000001,15,1.0000000000,,
13269000005,15,1.0000000000,,
13269000006,15,0.9999927902,,
13269000006,18,0.0000072098,,
132710000HE,19,0.9999473057,,
132710000HE,20,0.0000526943,,
132710000JA,13,0.0000882675,,
132710000JA,19,0.9999117325,,
132710000LU,19,1.0000000000,,
132710000MC,19,1.0000000000,,
132710000MI,13,0.0000001812,,
132710000MI,19,0.9999530869,,
132710000MI,20,0.0000467319,,
132710000SC,19,1.0000000000,,
13273000001,12,1.0000000000,,
13273000002,12,0.9999774840,,
13273000002,13,0.0000225160,,
13273000003,12,0.9993911164,,
13273000003,13,0.0006088836,,
13273000004,12,1.0000000000,,
13273000005,12,1.0000000000,,
13273000006,12,1.0000000000,,
13275000101,11,1.0000000000,,
13275000102,11,1.0000000000,,
13275000103,11,1.0000000000,,
13275000104,11,1.0000000000,,
13275000105,11,1.0000000000,,
13275000106,11,1.0000000000,,
13275000107,11,1.0000000000,,
13275000108,11,1.0000000000,,
13275000109,11,1.0000000000,,
13275000110,11,1.0000000000,,
13275000111,11,0.9999487658,,
13275000111,12,0.0000512342,,
13275000112,11,1.0000000000,,
13275000113,11,1.0000000000,,
13275000114,11,1.0000000000,,
13275000115,11,1.0000000000,,
13275000116,11,1.0000000000,,
13275000117,11,1.0000000000,,
13275000118,11,1.0000000000,,
13275000119,11,1.0000000000,,
13275000120,11,1.0000000000,,
13277000001,13,1.0000000000,,
13277000002,13,1.0000000000,,
13277000003,13,1.0000000000,,
13277000004,13,1.0000000000,,
13277000005,13,1.0000000000,,
13277000006,11,0.0000655067,,
13277000006,13,0.9999344933,,
13277000007,11,0.0001123460,,
13277000007,13,0.9998876540,,
13277000008,13,1.0000000000,,
13277000009,13,1.0000000000,,
13277000010,13,1.0000000000,,
13277000011,13,1.0000000000,,
13277000012,13,1.0000000000,,
13279000039,19,1.0000000000,,
13279000043,19,1.0000000000,,
13279000513,19,1.0000000000,,
13279000514,19,0.9997021979,,
13279000514,20,0.0000000046,,
13279000514,23,0.0002977975,,
13279015361,19,0.9999861304,,
13279015361,23,0.0000138696,,
13281000833,50,0.9998488099,,
13281000833,51,0.0001511901,,
13281000990,50,0.9998500964,,
13281000990,51,0.0001499036,,
13281001468,50,0.9993416770,,
13281001468,51,0.0006583230,,
13281001581,50,1.0000000000,,
1328300SOPE,19,0.0000313438,,
1328300SOPE,20,0.9999686562,,
132830ANNEX,19,0.0000271889,,
132830ANNEX,20,0.9997853117,,
132830ANNEX,23,0.0001874994,,
13285000001,29,1.0000000000,,
13285000002,29,1.0000000000,,
13285000003,29,1.0000000000,,
13285000004,29,1.0000000000,,
13285000005,29,1.0000000000,,
13285000006,28,0.0000950762,,
13285000006,29,0.9999049238,,
13285000007,28,0.0000051322,,
13285000007,29,0.9999948678,,
13285000008,29,1.0000000000,,
13285000009,29,1.0000000000,,
13285000010,28,0.0000807256,,
13285000010,29,0.9999192744,,
13285000011,29,1.0000000000,,
13285000012,29,1.0000000000,,
13285000013,29,1.0000000000,,
13285000015,29,1.0000000000,,
13285000016,29,1.0000000000,,
13287000001,13,1.0000000000,,
13287000002,13,1.0000000000,,
13287000003,13,0.9999593717,,
13287000003,20,0.0000406283,,
132890000DB,25,0.0000215219,,
132890000DB,26,0.9999784781,,
132890000GI,20,0.0000021472,,
132890000GI,26,0.9999978528,,
132890000HV,20,0.0000268146,,
132890000HV,26,0.9999731854,,
1328900JV/W,26,1.0000000000,,
1328900SG/T,20,0.0000408505,,
1328900SG/T,26,0.9999591495,,
13291000001,50,0.0000565328,,
13291000001,51,0.9999434672,,
13291000002,51,1.0000000000,,
13291000003,51,1.0000000000,,
13291000004,51,1.0000000000,,
13291000005,51,1.0000000000,,
13291000006,50,0.0003063916,,
13291000006,51,0.9996936084,,
13291000007,51,1.0000000000,,
13291000008,50,0.0003734701,,
13291000008,51,0.9996265299,,
13291000009,51,1.0000000000,,
13291000010,51,1.0000000000,,
13291000011,50,0.0002679612,,
13291000011,51,0.9997320388,,
13293000470,18,1.0000000000,,
13293000555,16,0.0000797176,,
13293000555,18,0.9999202824,,
13293000561,18,1.0000000000,,
13293000588,16,0.0000128522,,
13293000588,18,0.9999871478,,
13293000589,15,0.0001269162,,
13293000589,18,0.9998730838,,
13293001336,15,0.0000622453,,
13293001336,16,0.0001770364,,
13293001336,18,0.9997402726,,
13293001336,29,0.0000204456,,
13293001577,16,0.0000648197,,
13293001577,18,0.9999351803,,
13293001610,16,0.0000151224,,
13293001610,18,0.9999848776,,
13293005610,15,0.0000100745,,
13293005610,18,0.9999899255,,
13295000869,53,0.9998107483,,
13295000869,54,0.0001892517,,
13295000871,53,1.0000000000,,
13295000881,53,1.0000000000,,
13295000943,53,1.0000000000,,
13295000944,53,1.0000000000,,
13295000953,52,0.0000246982,,
13295000953,53,0.9999708799,,
13295000953,54,0.0000044219,,
13295000960,53,1.0000000000,,
13295001053,53,0.9999517954,,
13295001053,54,0.0000482046,,
13295001161,53,1.0000000000,,
13295001501,53,1.0000000000,,
13295001800,53,1.0000000000,,
13295001808,53,1.0000000000,,
13295001809,53,1.0000000000,,
13295001812,53,1.0000000000,,
13295001818,53,1.0000000000,,
13295001851,53,1.0000000000,,
13295001893,53,1.0000000000,,
13295001898,53,1.0000000000,,
13297000250,46,0.9996813032,,
13297000250,47,0.0003186968,,
13297000414,46,0.9998533730,,
13297000414,47,0.0001466270,,
13297000415,17,0.0006814495,,
13297000415,46,0.9993185505,,
13297000416,17,0.9993428928,,
13297000416,43,0.0000099259,,
13297000416,46,0.0006471813,,
13297000417,9,0.0000075791,,
13297000417,17,0.9994822192,,
13297000417,46,0.0004947615,,
13297000417,55,0.0000154402,,
13297000418,17,0.9998093784,,
13297000418,46,0.0001906216,,
13297000419,46,1.0000000000,,
13297000420,46,1.0000000000,,
13297000421,17,0.9999929137,,
13297000421,55,0.0000070863,,
13297000422,17,0.9999356328,,
13297000422,43,0.0000565703,,
13297000422,55,0.0000077969,,
13297000423,17,0.9995493593,,
13297000423,43,0.0000227159,,
13297000423,46,0.0004279248,,
13297000424,17,0.0005771597,,
13297000424,46,0.9994228403,,
13297000425,17,0.0000007489,,
13297000425,46,0.9999992511,,
13297000426,17,0.0010988646,,
13297000426,46,0.9989011354,,
13297000427,17,1.0000000000,,
13297000454,46,1.0000000000,,
13297000502,17,0.9998840375,,
13297000502,46,0.0001159625,,
13297000503,17,0.0007261296,,
13297000503,46,0.9992738704,,
13297000559,17,0.0001678160,,
13297000559,46,0.9998321840,,
13297001663,9,0.0000000438,,
13297001663,46,0.9999999562,,
13297001675,17,0.9991480829,,
13297001675,46,0.0008519171,,
13299000100,3,0.4257051471,,
13299000100,8,0.5742948529,,
13299000300,3,0.0001510888,,
13299000300,8,0.9998489112,,
13299000304,3,0.0002731885,,
13299000304,8,0.9997268115,,
13299000400,3,0.9954378827,,
13299000400,8,0.0045621173,,
13299000404,8,0.9999177740,,
13299000404,19,0.0000822260,,
13299000405,8,0.9999899164,,
13299000405,19,0.0000100836,,
13299000406,8,1.0000000000,,
13299000407,3,0.0000851471,,
13299000407,8,0.9999148529,,
13299000408,8,1.0000000000,,
13299000409,8,1.0000000000,,
1329900200A,3,0.0016297661,,
1329900200A,8,0.9983702339,,
1329900200B,3,0.9994421004,,
1329900200B,8,0.0005578996,,
13301000001,23,0.9999690089,,
13301000001,26,0.0000309911,,
13301000002,23,0.9999906137,,
13301000002,24,0.0000093863,,
13301000003,23,0.9999921128,,
13301000003,26,0.0000078872,,
13301000004,23,0.9999551527,,
13301000004,26,0.0000448473,,
13301000005,23,1.0000000000,,
13301000006,23,1.0000000000,,
13303000088,25,0.0000358339,,
13303000088,26,0.9999641661,,
13303000091,26,1.0000000000,,
13303000094,23,0.0000163947,,
13303000094,26,0.9999836053,,
13303000097,26,1.0000000000,,
13303000099,25,0.0002232179,,
13303000099,26,0.9997767821,,
13303001253,23,0.0000268006,,
13303001253,26,0.9999731994,,
13303001350,23,0.0000088445,,
13303001350,26,0.9999911555,,
13303001488,26,1.0000000000,,
1330500001A,19,1.0000000000,,
1330500001B,19,1.0000000000,,
1330500001C,19,1.0000000000,,
1330500002A,3,0.0000103734,,
1330500002A,8,0.0000651256,,
1330500002A,19,0.9999245010,,
1330500002C,19,1.0000000000,,
1330500002D,19,1.0000000000,,
1330500003A,19,1.0000000000,,
1330500003B,3,0.0000626023,,
1330500003B,19,0.9999373977,,
1330500004A,19,1.0000000000,,
1330500004B,19,1.0000000000,,
1330500005A,19,1.0000000000,,
1330500005B,19,1.0000000000,,
133070000G3,12,1.0000000000,,
133070000P1,12,0.9999046758,,
133070000P1,15,0.0000953242,,
133070000P3,12,0.9999834721,,
133070000P3,15,0.0000165279,,
133070000W2,12,1.0000000000,,
13309000001,19,0.9999777246,,
13309000001,20,0.0000222754,,
13309000002,19,0.9999795168,,
13309000002,20,0.0000204832,,
13311000011,50,0.9995262413,,
13311000011,51,0.0004737587,,
13311000021,51,1.0000000000,,
13311000031,50,0.9989352310,,
13311000031,51,0.0010647690,,
13311000041,49,0.0000061865,,
13311000041,50,0.9995931576,,
13311000041,51,0.0004006560,,
13311000051,50,0.0005027776,,
13311000051,51,0.9994972224,,
13311000061,50,1.0000000000,,
13311000071,50,0.9994236486,,
13311000071,51,0.0005763514,,
13311000081,49,0.0000420917,,
13311000081,50,0.0001026826,,
13311000081,51,0.9998552257,,
13311000091,50,0.0012941050,,
13311000091,51,0.9987058950,,
13311000101,51,1.0000000000,,
13311000111,50,0.9999014405,,
13311000111,51,0.0000985595,,
1331300001A,54,1.0000000000,,
1331300002A,54,1.0000000000,,
1331300003A,54,1.0000000000,,
1331300004A,54,1.0000000000,,
1331300005A,54,1.0000000000,,
1331300006A,54,1.0000000000,,
133130000AN,54,1.0000000000,,
133130000CA,53,0.0000028023,,
133130000CA,54,0.9999971977,,
133130000CO,53,0.0001821493,,
133130000CO,54,0.9998178507,,
133130000DG,54,1.0000000000,,
133130000ES,54,1.0000000000,,
133130000FI,54,1.0000000000,,
133130000GL,54,1.0000000000,,
133130000LT,54,1.0000000000,,
133130000MC,53,0.0000007207,,
133130000MC,54,0.9999992793,,
133130000NI,54,1.0000000000,,
133130000PG,54,1.0000000000,,
133130000TH,53,0.0000446591,,
133130000TH,54,0.9999553409,,
133130000TI,54,1.0000000000,,
133130000TR,53,0.0003746292,,
133130000TR,54,0.9996253708,,
133130000UT,54,1.0000000000,,
133130000VA,53,0.0001257078,,
133130000VA,54,0.9998742922,,
133130000WS,54,1.0000000000,,
1331500001A,20,1.0000000000,,
1331500002A,20,1.0000000000,,
1331500002B,20,1.0000000000,,
1331500003A,13,0.0000769609,,
1331500003A,20,0.9999230391,,
1331500004A,20,1.0000000000,,
1331500005A,13,0.0000752229,,
1331500005A,19,0.0000004470,,
1331500005A,20,0.9999243301,,
13317000001,23,0.0000790996,,
13317000001,24,0.9999209004,,
1331700002A,23,0.0000287914,,
1331700002A,24,0.9999712086,,
1331700002B,23,0.0000272674,,
1331700002B,24,0.9999727326,,
1331700003A,24,1.0000000000,,
1331700003B,23,0.0000093740,,
1331700003B,24,0.9999906260,,
1331700004A,24,1.0000000000,,
1331700004B,24,1.0000000000,,
13319000002,25,0.0001001473,,
13319000002,26,0.9998998527,,
13319000003,20,0.0000189566,,
13319000003,26,0.9999810434,,
13319000004,26,1.0000000000,,
13319000005,26,1.0000000000,,
13319000006,25,0.0000524500,,
13319000006,26,0.9999475500,,
13319000007,20,0.0000000017,,
13319000007,26,0.9999999983,,
13319000008,26,1.0000000000,,
13319000010,25,0.0000092777,,
13319000010,26,0.9999907223,,
13319000011,20,0.0000051589,,
13319000011,26,0.9999948411,,
13321000001,13,1.0000000000,,
13321000002,13,1.0000000000,,
13321000003,13,1.0000000000,,
13321000004,13,1.0000000000,,
13321000005,13,1.0000000000,,
13321000006,12,0.0000954202,,
13321000006,13,0.9999045798,,
13321000007,13,1.0000000000,,
13321000008,13,1.0000000000,,
13321000009,13,1.0000000000,,
13321000010,11,0.0000751811,,
13321000010,13,0.9999248189,,
13321000011,11,0.0000483998,,
13321000011,13,0.9999516002,,
13321000012,11,0.0000348152,,
13321000012,12,0.0000319884,,
13321000012,13,0.9999331964,,
13321000014,12,0.0000555569,,
13321000014,13,0.9999444431,,
13321000015,13,1.0000000000,,
13321000016,12,0.0000083340,,
13321000016,13,0.9999916660,,
