precinct_key,district_num,area_weight,block_count,precinct_block_count
13001000002,157,1.0000000000,,
1300100001B,156,0.0000491191,,
1300100001B,157,0.9999508809,,
1300100001C,157,0.9999743832,,
1300100001C,178,0.0000256168,,
1300100003C,157,0.9998282124,,
1300100003C,178,0.0001717876,,
1300100004B,157,0.0000867169,,
1300100004B,178,0.9999132831,,
1300100004D,157,0.0002706724,,
1300100004D,178,0.9997293276,,
1300100005A,157,0.9996284286,,
1300100005A,178,0.0003715714,,
1300100005B,157,0.0002834579,,
1300100005B,178,0.9997165421,,
130010003A1,156,0.0000035810,,
130010003A1,157,0.9998942981,,
130010003A1,178,0.0001021210,,
13003000001,174,0.0000067769,,
13003000001,176,0.9999932231,,
13003000002,169,0.0000274380,,
13003000002,174,0.0000002234,,
13003000002,176,0.9999723386,,
13003000003,170,0.0009927619,,
13003000003,176,0.9990072381,,
13003000004,176,1.0000000000,,
130050DOUGL,157,0.0000075536,,
130050DOUGL,169,0.0000137175,,
130050DOUGL,176,0.0000089299,,
130050DOUGL,178,0.9999697991,,
1300700000A,154,1.0000000000,,
1300700000E,154,1.0000000000,,
1300700000H,154,0.9993717835,,
1300700000H,171,0.0006282165,,
1300700000M,154,1.0000000000,,
1300700000N,154,0.9996610464,,
1300700000N,171,0.0003389536,,
13009000318,118,0.0000429153,,
13009000318,128,0.0006416031,,
13009000318,133,0.9993154816,,
13009000319,118,0.0000656827,,
13009000319,133,0.9999343173,,
13009000322,133,0.9999789584,,
13009000322,149,0.0000210416,,
13009001714,128,0.0001537140,,
13009001714,133,0.9992173141,,
13009001714,149,0.0006289720,,
1300900321E,128,0.0005535292,,
1300900321E,133,0.9994464708,,
1300900321W,133,1.0000000000,,
1300900CTY1,133,1.0000000000,,
1300900CTY2,128,0.0014940836,,
1300900CTY2,133,0.9985059164,,
1300900CTY3,128,0.0031696068,,
1300900CTY3,133,0.9968303932,,
1300900CTY4,133,1.0000000000,,
1300900CTY5,133,1.0000000000,,
1300900CTY6,128,0.0025829918,,
1300900CTY6,133,0.9974170082,,
1300900MERI,118,0.0004432146,,
1300900MERI,133,0.9995567854,,
1300900MONT,128,0.9995490563,,
1300900MONT,133,0.0004325785,,
1300900MONT,149,0.0000183652,,
13011000001,32,1.0000000000,,
13011000002,10,0.0002727084,,
13011000002,32,0.9997272916,,
13011000003,32,1.0000000000,,
13011000004,32,0.9999907593,,
13011000004,33,0.0000092407,,
13011000005,32,0.9998623732,,
13011000005,33,0.0001376268,,
13011000006,32,0.9995403507,,
13011000006,33,0.0004596493,,
13011000007,10,0.0002281072,,
13011000007,27,0.0000187301,,
13011000007,32,0.9997531627,,
13011000008,27,0.0007064672,,
13011000008,32,0.9992935328,,
13011000009,32,1.0000000000,,
13011000010,32,1.0000000000,,
13011000011,27,0.0004236803,,
13011000011,32,0.9995763197,,
13011000012,32,0.9999703094,,
13011000012,33,0.0000296906,,
13011000013,32,0.9999177781,,
13011000013,33,0.0000822219,,
13013000001,104,0.0002487647,,
13013000001,112,0.0006537308,,
13013000001,119,0.9990765170,,
13013000001,121,0.0000209875,,
13013000002,30,0.0000120773,,
13013000002,31,0.0000991480,,
13013000002,104,0.0004404880,,
13013000002,119,0.9994482867,,
13013000003,104,0.9984878357,,
13013000003,119,0.0015121643,,
13013000004,104,0.9996943376,,
13013000004,111,0.0003056624,,
13013000005,119,0.9998302487,,
13013000005,120,0.0001589479,,
13013000005,121,0.0000108034,,
13013000006,104,0.0009525342,,
13013000006,119,0.9990474658,,
13013000007,31,0.0000030311,,
13013000007,119,0.0006724705,,
13013000007,120,0.9993244984,,
13013000008,31,0.0000678847,,
13013000008,119,0.9998376788,,
13013000008,120,0.0000944365,,
13013000009,119,1.0000000000,,
13013000010,104,0.0015809624,,
13013000010,119,0.9984190376,,
13013000011,104,0.9983630551,,
13013000011,111,0.0012071538,,
13013000011,119,0.0004297911,,
13013000012,104,0.9992448152,,
13013000012,111,0.0007551848,,
13013000013,119,1.0000000000,,
13013000014,104,0.9989103471,,
13013000014,119,0.0010896529,,
13013000015,31,0.0000002976,,
13013000015,104,0.0005080365,,
13013000015,119,0.9994916659,,
13013000016,104,0.2103497246,,
13013000016,111,0.0004032234,,
13013000016,112,0.0003063116,,
13013000016,119,0.7889407404,,
13015000001,5,0.0000716890,,
13015000001,14,0.9999283110,,
13015000002,15,0.9999078979,,
13015000002,22,0.0000652416,,
13015000002,35,0.0000268605,,
13015000003,14,0.0003378422,,
13015000003,15,0.9996621578,,
13015000004,15,1.0000000000,,
13015000005,14,0.9643303342,,
13015000005,15,0.0356696658,,
13015000006,14,0.0006171379,,
13015000006,15,0.9993340676,,
13015000006,22,0.0000487945,,
13015000007,15,0.9999298586,,
13015000007,16,0.0000464808,,
13015000007,17,0.0000001289,,
13015000007,36,0.0000235317,,
13015000008,14,0.9993203861,,
13015000008,15,0.0006796139,,
13015000009,5,0.0000370156,,
13015000009,14,0.9999629844,,
13015000010,13,0.0000507921,,
13015000010,14,0.9999264663,,
13015000010,15,0.0000227416,,
13015000011,14,0.0008091337,,
13015000011,15,0.9991908663,,
13015000012,5,0.0000349542,,
13015000012,14,0.9999650458,,
13015000014,13,0.0000015980,,
13015000014,14,0.9997817112,,
13015000014,15,0.0002021052,,
13015000014,16,0.0000145857,,
13015000015,14,0.9496555444,,
13015000015,15,0.0503436883,,
13015000015,22,0.0000007673,,
13015000016,14,0.0003316322,,
13015000016,15,0.9996683678,,
13015000018,14,0.0005943545,,
13015000018,15,0.9993903224,,
13015000018,16,0.0000153231,,
13017000001,148,0.0000575261,,
13017000001,149,0.0000001587,,
13017000001,156,0.9999075502,,
13017000001,169,0.0000347650,,
13017000002,148,0.8607781143,,
13017000002,156,0.1390262057,,
13017000002,169,0.0001956801,,
13019000518,169,0.0000138776,,
13019000518,170,0.9996419094,,
13019000518,176,0.0003442130,,
13019001144,170,0.9999162955,,
13019001144,176,0.0000837045,,
13019001148,170,0.9991652188,,
13019001148,176,0.0008347812,,
13019001157,170,1.0000000000,,
13019001329,170,0.9999653564,,
13019001329,172,0.0000246463,,
13019001329,175,0.0000099545,,
13019001329,176,0.0000000427,,
13019001427,170,1.0000000000,,
13019001642,169,0.0000274752,,
13019001642,170,0.9999725248,,
13019001767,170,0.9998569968,,
13019001767,176,0.0001430032,,
13019001819,170,1.0000000000,,
13021000EM1,143,1.0000000000,,
13021000EM2,133,0.0001684151,,
13021000EM2,143,0.9998315849,,
13021000EM3,142,0.0006987589,,
13021000EM3,143,0.9992681073,,
13021000EM3,144,0.0000331339,,
13021000EM4,133,0.0001031072,,
13021000EM4,143,0.9998968928,,
13021000EM5,133,0.0000227099,,
13021000EM5,143,0.9998321784,,
13021000EM5,149,0.0001451118,,
13021000GF1,142,0.0002950894,,
13021000GF1,143,0.9997049106,,
13021000GF2,143,1.0000000000,,
13021000GF3,142,0.9990991258,,
13021000GF3,143,0.0009008742,,
13021000GF4,142,0.0007183284,,
13021000GF4,143,0.9992816716,,
13021000GF5,142,0.9994558955,,
13021000GF5,143,0.0005441045,,
13021000HA1,142,1.0000000000,,
13021000HA2,142,0.0003281379,,
13021000HA2,144,0.9996718621,,
13021000HA3,142,0.9982955717,,
13021000HA3,143,0.0000715753,,
13021000HA3,144,0.0014387535,,
13021000HA3,145,0.0001940995,,
13021000HA4,142,0.0010118704,,
13021000HA4,144,0.9986290146,,
13021000HA4,145,0.0003591150,,
13021000HO1,142,0.1578250264,,
13021000HO1,144,0.8421749736,,
13021000HO2,142,0.5788815924,,
13021000HO2,144,0.4211184076,,
13021000HO3,142,0.0005392913,,
13021000HO3,144,0.9994607087,,
13021000HO4,142,0.9986736790,,
13021000HO4,143,0.0009079659,,
13021000HO4,144,0.0004183551,,
13021000HO5,142,0.0016392343,,
13021000HO5,144,0.9983607657,,
13021000HO6,142,0.9988491148,,
13021000HO6,144,0.0011508852,,
13021000HO7,142,0.0008445206,,
13021000HO7,144,0.9991554794,,
13021000RU1,142,0.0003473885,,
13021000RU1,143,0.9996472136,,
13021000RU1,145,0.0000053979,,
13021000RU2,143,0.9999542263,,
13021000RU2,145,0.0000444847,,
13021000RU2,149,0.0000012890,,
13021000VV1,142,0.0012549757,,
13021000VV1,143,0.9987450243,,
13021000VV2,142,0.0003398644,,
13021000VV2,143,0.9996601356,,
13021000VV3,142,0.9997650971,,
13021000VV3,143,0.0002349029,,
13021000VV4,142,1.0000000000,,
13021000VV5,142,0.9998877367,,
13021000VV5,143,0.0001122633,,
13021000VV6,142,0.9998998626,,
13021000VV6,143,0.0001001374,,
13021000WA1,142,0.0001179143,,
13021000WA1,144,0.0001805853,,
13021000WA1,145,0.9997015003,,
13021000WA2,142,0.8857582423,,
13021000WA2,143,0.0001622020,,
13021000WA2,145,0.1140795557,,
13023000001,148,0.0000179667,,
13023000001,149,0.9999718676,,
13023000001,155,0.0000101657,,
13025000001,174,0.9999140027,,
13025000001,176,0.0000022838,,
13025000001,178,0.0000837136,,
13025000002,174,0.9999365172,,
13025000002,178,0.0000624965,,
13025000002,180,0.0000009863,,
13025000003,167,0.0000512205,,
13025000003,174,0.9998326379,,
13025000003,178,0.0000222894,,
13025000003,180,0.0000938521,,
13027000659,175,1.0000000000,,
13027000660,172,0.0000099662,,
13027000660,175,0.9999900338,,
13027001199,175,1.0000000000,,
13027001230,172,0.0000059069,,
13027001230,173,0.0000103350,,
13027001230,175,0.9999837581,,
13027001402,173,0.0000609973,,
13027001402,175,0.9999390027,,
13027001650,175,0.9998907270,,
13027001650,177,0.0001092730,,
13027001712,172,0.0001259307,,
13027001712,175,0.9998740693,,
13029000001,157,0.0000291836,,
13029000001,160,0.9999341114,,
13029000001,164,0.0000367050,,
13029000002,160,0.9999984555,,
13029000002,164,0.0000015445,,
13029000003,159,0.0001898676,,
13029000003,160,0.9997156808,,
13029000003,164,0.0000944515,,
13029000004,162,0.0002349400,,
13029000004,164,0.9992305897,,
13029000004,167,0.0000000064,,
13029000004,168,0.0005344639,,
13029000005,164,1.0000000000,,
13029000006,164,0.7081600812,,
13029000006,166,0.2918399188,,
13029000007,164,0.0002801532,,
13029000007,166,0.9997198468,,
13029000008,164,0.1896250908,,
13029000008,166,0.8102797967,,
13029000008,168,0.0000951125,,
13029000009,164,1.0000000000,,
13029000010,164,0.5928011096,,
13029000010,166,0.4068103112,,
13029000010,168,0.0003885792,,
13029FTSTEW,157,0.0000010490,,
13029FTSTEW,160,0.0000825886,,
13029FTSTEW,162,0.0000069833,,
13029FTSTEW,164,0.9998664717,,
13029FTSTEW,167,0.0000429074,,
13031000001,126,0.0000127420,,
13031000001,158,0.0001334493,,
13031000001,159,0.9998538087,,
13031000002,158,0.0007435085,,
13031000002,159,0.9992564915,,
13031000003,159,0.9997249002,,
13031000003,160,0.0002750998,,
13031000004,159,0.0001580593,,
13031000004,160,0.9998419407,,
13031000005,159,0.0000558843,,
13031000005,160,0.9999441157,,
13031000006,160,1.0000000000,,
13031000007,157,0.0000142476,,
13031000007,158,0.0002047886,,
13031000007,160,0.9997809638,,
13031000008,157,0.0004426787,,
13031000008,158,0.9988977751,,
13031000008,160,0.0006595462,,
13031000009,158,0.9997116707,,
13031000009,160,0.0002883293,,
13031000010,158,0.0002350923,,
13031000010,160,0.9997649077,,
13031000011,158,0.9997084282,,
13031000011,160,0.0002915718,,
13031000012,126,0.0000095322,,
13031000012,158,0.9998505482,,
13031000012,159,0.0001399196,,
13031000013,158,0.0006321976,,
13031000013,159,0.0000420343,,
13031000013,160,0.9993257681,,
13031000014,158,0.4617876689,,
13031000014,159,0.5380346822,,
13031000014,160,0.0001776488,,
13031000015,158,0.0001912817,,
13031000015,159,0.0003785957,,
13031000015,160,0.9994301226,,
13031000016,159,0.0003191631,,
13031000016,160,0.9996808369,,
13033000001,126,1.0000000000,,
13033000002,126,0.9999075957,,
13033000002,130,0.0000786315,,
13033000002,132,0.0000137728,,
13033000003,126,0.9999748325,,
13033000003,159,0.0000251675,,
13033000004,126,0.9999927819,,
13033000004,132,0.0000072181,,
13033000005,126,0.9996407941,,
13033000005,130,0.0003592059,,
13033000006,126,0.9992472399,,
13033000006,132,0.0007527601,,
13033000007,126,0.9999600205,,
13033000007,132,0.0000079241,,
13033000007,158,0.0000320554,,
13033000008,126,1.0000000000,,
13033000009,126,0.9999982099,,
13033000009,159,0.0000017901,,
13033000010,126,0.9999991617,,
13033000010,158,0.0000008383,,
13033000011,126,1.0000000000,,
13033000012,126,0.9999902950,,
13033000012,132,0.0000097050,,
13033000013,126,0.9999894876,,
13033000013,132,0.0000105124,,
13033000014,126,1.0000000000,,
13033000015,126,1.0000000000,,
13033000016,126,1.0000000000,,
1303500BCCC,114,0.0000259042,,
1303500BCCC,117,0.0000676754,,
1303500BCCC,118,0.9998052090,,
1303500BCCC,134,0.0001012114,,
13037000001,151,0.0001862092,,
13037000001,154,0.9998137908,,
13037000002,154,1.0000000000,,
13037000003,154,1.0000000000,,
13037000004,154,1.0000000000,,
13037000005,154,1.0000000000,,
13039000001,174,0.0000972610,,
13039000001,180,0.9999027390,,
13039000002,180,1.0000000000,,
13039000003,180,1.0000000000,,
13039000004,174,0.0000435801,,
13039000004,180,0.9999564199,,
13039000005,180,1.0000000000,,
13039000006,180,1.0000000000,,
13039000007,180,1.0000000000,,
13039000008,180,1.0000000000,,
13039000009,180,1.0000000000,,
13039000010,180,1.0000000000,,
13039000011,180,1.0000000000,,
13039000012,180,1.0000000000,,
13039000013,180,1.0000000000,,
13039000014,180,1.0000000000,,
13043001685,158,1.0000000000,,
13043001736,156,0.0000065075,,
13043001736,157,0.0000005950,,
13043001736,158,0.9999928975,,
13045000501,18,0.0002895025,,
13045000501,71,0.9992664584,,
13045000501,72,0.0004440391,,
13045000640,64,0.0000339587,,
13045000640,71,0.9999660413,,
13045000641,18,0.0000026077,,
13045000641,64,0.0000190660,,
13045000641,71,0.9999783262,,
13045000642,64,0.0001627008,,
13045000642,71,0.9998372992,,
13045000649,18,0.0005673044,,
13045000649,71,0.9994326956,,
13045000650,18,0.0000653274,,
13045000650,71,0.9999346726,,
13045000682,64,0.0000061328,,
13045000682,65,0.0002267400,,
13045000682,70,0.9992969631,,
13045000682,71,0.0001612895,,
13045000682,72,0.0003088746,,
13045000713,18,0.0002790537,,
13045000713,70,0.0001420471,,
13045000713,72,0.9995788993,,
13045000715,72,1.0000000000,,
13045001006,18,0.9998155581,,
13045001006,72,0.0001844419,,
13045001111,18,0.9998360282,,
13045001111,72,0.0001639718,,
13045001122,18,0.0002179618,,
13045001122,71,0.9997820382,,
13045001152,18,0.9994451864,,
13045001152,71,0.0005548136,,
13045001240,18,0.9994213211,,
13045001240,72,0.0005786789,,
13045001371,18,0.0010674526,,
13045001371,72,0.9989325474,,
13045001483,70,0.0002808419,,
13045001483,71,0.0004689216,,
13045001483,72,0.9992502365,,
13045001496,18,0.9997487218,,
13045001496,72,0.0002512782,,
13045001533,18,0.9994565164,,
13045001533,72,0.0005434836,,
13045001540,71,1.0000000000,,
13045001542,64,0.0000617832,,
13045001542,70,0.0004607436,,
13045001542,71,0.9992668793,,
13045001542,72,0.0002105940,,
130450714A1,18,0.0021503354,,
130450714A1,71,0.0001952613,,
130450714A1,72,0.9976544033,,
130450714A2,18,0.0006449234,,
130450714A2,71,0.9989815354,,
130450714A2,72,0.0003735413,,
130450714A3,71,0.0380631286,,
130450714A3,72,0.9619368714,,
130450714A4,72,1.0000000000,,
130450714A5,71,0.9997960815,,
130450714A5,72,0.0002039185,,
130450714A6,72,1.0000000000,,
130450714BN,18,0.9970730212,,
130450714BN,71,0.0016643387,,
130450714BN,72,0.0012626401,,
130450714BW,18,0.0010257654,,
130450714BW,72,0.9989742346,,
1304700BLCK,2,0.0001499940,,
1304700BLCK,3,0.9998500060,,
1304700BOYN,2,0.0003862481,,
1304700BOYN,3,0.9996137519,,
1304700CAKT,2,0.0000001052,,
1304700CAKT,3,0.9998597135,,
1304700CAKT,6,0.0001401813,,
1304700CHAM,2,0.9994706640,,
1304700CHAM,3,0.0005293360,,
1304700FT-O,1,0.0000155593,,
1304700FT-O,2,0.0004498703,,
1304700FT-O,3,0.9995345704,,
1304700GRAY,3,1.0000000000,,
1304700LAKE,1,0.0002392980,,
1304700LAKE,3,0.9997607020,,
1304700POPS,2,0.0015817460,,
1304700POPS,3,0.9984182540,,
1304700RING,3,1.0000000000,,
1304700WEST,3,1.0000000000,,
1304700WOOD,2,0.9998158347,,
1304700WOOD,3,0.0001841653,,
13049000002,174,1.0000000000,,
1304900003B,174,1.0000000000,,
1304900003S,174,1.0000000000,,
1304900004A,174,1.0000000000,,
1304900004H,174,1.0000000000,,
1304900005F,174,0.9999721825,,
1304900005F,180,0.0000278175,,
1304900005R,174,1.0000000000,,
1304900005W,174,0.9999586378,,
1304900005W,180,0.0000413622,,
1305101-01C,163,0.9999995197,,
1305101-01C,165,0.0000004803,,
1305101-05C,163,1.0000000000,,
1305101-06C,162,0.0000047768,,
1305101-06C,163,0.9999952232,,
1305101-08C,162,0.0000008716,,
1305101-08C,163,0.9267065987,,
1305101-08C,165,0.0732925297,,
1305101-09C,162,0.9997198890,,
1305101-09C,163,0.0002801110,,
1305101-10C,165,0.0021938946,,
1305101-10C,166,0.9978061054,,
1305101-12C,165,0.0012224546,,
1305101-12C,166,0.9987775454,,
1305101-13C,163,0.9998224633,,
1305101-13C,165,0.0001435278,,
1305101-13C,166,0.0000340088,,
1305101-14C,163,0.0004242462,,
1305101-14C,165,0.9978967889,,
1305101-14C,166,0.0016789648,,
1305101-16C,163,0.0004451079,,
1305101-16C,165,0.0004689477,,
1305101-16C,166,0.9990859444,,
1305101-17C,165,0.0013499256,,
1305101-17C,166,0.9986500744,,
1305102-02C,163,0.0000011144,,
1305102-02C,165,0.9999988856,,
1305102-03C,163,0.9999416179,,
1305102-03C,165,0.0000583821,,
1305102-04C,165,1.0000000000,,
1305102-05C,163,0.0000002750,,
1305102-05C,165,0.9999997250,,
1305102-06C,165,1.0000000000,,
1305102-07C,163,0.0000000916,,
1305102-07C,165,0.9999999084,,
1305102-09C,165,1.0000000000,,
1305102-11C,163,0.0000011211,,
1305102-11C,165,0.9999988789,,
1305102-12C,163,0.9999998949,,
1305102-12C,165,0.0000001051,,
1305103-01C,165,1.0000000000,,
1305103-02C,163,0.9992809553,,
1305103-02C,165,0.0007190447,,
1305103-03C,165,1.0000000000,,
1305103-04C,165,1.0000000000,,
1305103-05C,165,1.0000000000,,
1305103-08C,165,1.0000000000,,
1305103-09C,165,1.0000000000,,
1305103-10C,165,1.0000000000,,
1305103-11C,163,0.0014769888,,
1305103-11C,165,0.9985230112,,
1305103-12C,165,0.9988212519,,
1305103-12C,166,0.0011787481,,
1305103-13C,165,0.9993363646,,
1305103-13C,166,0.0006636354,,
1305103-14C,163,0.0000392054,,
1305103-14C,165,0.9999607946,,
1305103-15C,165,0.9992505593,,
1305103-15C,166,0.0007494407,,
1305104-02C,165,0.0002991076,,
1305104-02C,166,0.9997008924,,
1305104-04C,166,1.0000000000,,
1305104-05C,166,1.0000000000,,
1305104-06C,166,1.0000000000,,
1305104-07C,166,1.0000000000,,
1305104-08C,166,1.0000000000,,
1305104-10C,166,1.0000000000,,
1305104-11C,166,1.0000000000,,
1305104-12C,166,1.0000000000,,
1305104-13C,166,1.0000000000,,
1305104-14C,166,1.0000000000,,
1305104-15C,166,1.0000000000,,
1305105-01C,162,0.9972493095,,
1305105-01C,163,0.0027506905,,
1305105-02C,163,1.0000000000,,
1305105-03C,163,1.0000000000,,
1305105-05C,163,1.0000000000,,
1305105-06C,162,0.9994399241,,
1305105-06C,163,0.0005600759,,
1305105-07C,162,0.9999716444,,
1305105-07C,163,0.0000283556,,
1305105-08C,162,0.9999994240,,
1305105-08C,163,0.0000005760,,
1305105-10C,162,0.0009025180,,
1305105-10C,163,0.9990974820,,
1305105-11C,162,0.9998028417,,
1305105-11C,163,0.0001971583,,
1305106-01C,162,0.0021565035,,
1305106-01C,163,0.9978434965,,
1305106-02C,162,0.0001040340,,
1305106-02C,163,0.0793324451,,
1305106-02C,164,0.0000917052,,
1305106-02C,166,0.9204718157,,
1305106-03C,162,0.3678745555,,
1305106-03C,163,0.0000002511,,
1305106-03C,164,0.0000279398,,
1305106-03C,166,0.6320972535,,
1305106-05C,162,1.0000000000,,
1305106-06C,162,0.4120351230,,
1305106-06C,163,0.5879648770,,
1305106-08C,162,1.0000000000,,
1305106-09C,162,0.9981055487,,
1305106-09C,164,0.0018010038,,
1305106-09C,166,0.0000934474,,
1305106-10C,162,0.0000695918,,
1305106-10C,164,0.1715323636,,
1305106-10C,166,0.8283896324,,
1305106-10C,168,0.0000084122,,
1305106-11C,162,0.9988638145,,
1305106-11C,164,0.0011361855,,
1305107-01C,161,0.0010908634,,
1305107-01C,163,0.9989091366,,
1305107-03C,161,0.9993127115,,
1305107-03C,163,0.0003863678,,
1305107-03C,165,0.0003009207,,
1305107-04C,161,0.9999898445,,
1305107-04C,165,0.0000101555,,
1305107-05C,161,0.0004154853,,
1305107-05C,163,0.9995719134,,
1305107-05C,164,0.0000124755,,
1305107-05C,165,0.0000001258,,
1305107-06C,163,0.0001484184,,
1305107-06C,164,0.9998515816,,
1305107-07C,161,0.3831505333,,
1305107-07C,163,0.0000030125,,
1305107-07C,164,0.6168464542,,
1305107-08C,159,0.0000020001,,
1305107-08C,160,0.0000352884,,
1305107-08C,161,0.0000825688,,
1305107-08C,164,0.9998801428,,
1305107-09C,162,0.0006630727,,
1305107-09C,164,0.9993369273,,
1305107-10C,162,0.9998197070,,
1305107-10C,163,0.0000086242,,
1305107-10C,164,0.0001716688,,
1305107-11C,161,0.9997426600,,
1305107-11C,163,0.0001444897,,
1305107-11C,164,0.0001128503,,
1305107-12C,162,0.0003169748,,
1305107-12C,164,0.9996830252,,
1305107-13C,162,0.0009861760,,
1305107-13C,163,0.0009221199,,
1305107-13C,164,0.9980917041,,
1305107-14C,162,0.9986702488,,
1305107-14C,163,0.0001925054,,
1305107-14C,164,0.0011372459,,
1305107-15C,161,1.0000000000,,
1305108-01C,163,0.0019180025,,
1305108-01C,165,0.9980819975,,
1305108-02C,163,1.0000000000,,
1305108-03C,162,0.9998620594,,
1305108-03C,163,0.0001379406,,
1305108-05C,163,0.9983910393,,
1305108-05C,165,0.0016089607,,
1305108-06C,163,1.0000000000,,
1305108-07C,161,0.0004448106,,
1305108-07C,163,0.0005130929,,
1305108-07C,165,0.9990420966,,
1305108-08C,165,1.0000000000,,
1305108-09C,165,1.0000000000,,
1305108-10C,163,0.9990965375,,
1305108-10C,165,0.0009034625,,
1305108-11C,163,1.0000000000,,
1305108-12C,162,0.0001169325,,
1305108-12C,163,0.9998830675,,
1305108-13C,162,0.0000021526,,
1305108-13C,163,0.9994147241,,
1305108-13C,164,0.0002804951,,
1305108-13C,165,0.0003026282,,
1305108-15C,161,0.0005004868,,
1305108-15C,163,0.9986690123,,
1305108-15C,165,0.0008305009,,
130510XFTPU,165,0.0000963162,,
130510XFTPU,166,0.9999036838,,
13053000001,151,1.0000000000,,
13053FTBEN1,137,0.0003706842,,
13053FTBEN1,141,0.0000097119,,
13053FTBEN1,151,0.9996196039,,
13053FTBEN2,140,0.0000146735,,
13053FTBEN2,151,0.9999853265,,
13053FTBEN3,140,0.0000125953,,
13053FTBEN3,151,0.9999874047,,
13055000870,1,0.0000026029,,
13055000870,2,0.0000098833,,
13055000870,12,0.9999875138,,
13055000925,12,1.0000000000,,
13055000940,12,1.0000000000,,
13055000961,12,1.0000000000,,
13055000962,2,0.0000430547,,
13055000962,12,0.9999569453,,
13055000968,12,1.0000000000,,
13055001083,12,1.0000000000,,
13055001216,12,1.0000000000,,
13055001382,12,1.0000000000,,
13055001484,12,1.0000000000,,
130550P-870,12,1.0000000000,,
13055XC-968,1,0.0000523778,,
13055XC-968,12,0.9999476222,,
13057000001,21,0.9965321536,,
13057000001,44,0.0008773192,,
13057000001,46,0.0025905272,,
13057000002,21,0.9987527538,,
13057000002,44,0.0003284156,,
13057000002,46,0.0002360212,,
13057000002,47,0.0006828094,,
13057000003,21,0.9987417615,,
13057000003,23,0.0006108215,,
13057000003,47,0.0006474169,,
13057000004,11,0.9997810957,,
13057000004,23,0.0002189043,,
13057000005,20,0.9982240815,,
13057000005,22,0.0017759185,,
13057000006,15,0.0000015390,,
13057000006,22,0.9999745182,,
13057000006,35,0.0000239428,,
13057000007,20,0.9996486292,,
13057000007,44,0.0003513708,,
13057000008,21,1.0000000000,,
13057000009,20,0.9987982151,,
13057000009,23,0.0012017849,,
13057000010,14,0.0007654403,,
13057000010,22,0.0002004711,,
13057000010,23,0.9990340886,,
13057000011,20,0.7633231877,,
13057000011,22,0.2362031650,,
13057000011,44,0.0004736473,,
13057000012,20,0.0008587406,,
13057000012,21,0.0000052082,,
13057000012,44,0.9991360512,,
13057000013,11,0.0001260290,,
13057000013,14,0.0004254576,,
13057000013,23,0.9994485133,,
13057000014,9,0.0000449891,,
13057000014,11,0.9998680884,,
13057000014,23,0.0000869225,,
13057000015,20,0.9977955128,,
13057000015,44,0.0022044872,,
13057000016,20,0.9993694642,,
13057000016,22,0.0005703493,,
13057000016,44,0.0000601865,,
13057000018,11,0.0000122250,,
13057000018,21,0.4305239147,,
13057000018,23,0.0004270248,,
13057000018,24,0.0000000444,,
13057000018,47,0.5690367911,,
13057000019,21,0.9993111418,,
13057000019,23,0.0006888582,,
13057000020,11,0.0001328614,,
13057000020,21,0.0002117886,,
13057000020,23,0.9996553500,,
13057000021,20,1.0000000000,,
13057000022,20,0.0005527100,,
13057000022,21,0.4039292576,,
13057000022,23,0.5955180324,,
13057000023,20,0.0003355551,,
13057000023,22,0.9996644449,,
13057000024,20,0.9985150489,,
13057000024,21,0.0002158202,,
13057000024,23,0.0012691310,,
13057000026,21,0.0005342662,,
13057000026,44,0.0004004981,,
13057000026,46,0.9990349313,,
13057000026,47,0.0000106810,,
13057000026,49,0.0000196234,,
13057000027,21,0.0017307768,,
13057000027,23,0.9982692232,,
13057000028,21,0.9993166175,,
13057000028,47,0.0006833825,,
13057000029,15,0.0000633204,,
13057000029,22,0.9999366796,,
13057000030,11,0.0000074486,,
13057000030,14,0.9994791985,,
13057000030,23,0.0005133529,,
13057000031,23,1.0000000000,,
13057000032,20,0.9997364671,,
13057000032,22,0.0002635329,,
13057000033,11,0.0000227012,,
13057000033,14,0.9999772988,,
13057000034,20,0.9997468297,,
13057000034,21,0.0002531703,,
13057000035,14,0.0002704049,,
13057000035,15,0.0000190645,,
13057000035,20,0.0000532586,,
13057000035,22,0.9994440267,,
13057000035,23,0.0002132453,,
13057000036,20,0.0005329595,,
13057000036,22,0.0004567688,,
13057000036,23,0.9990102717,,
13057000037,20,0.0002336586,,
13057000037,21,0.9996521318,,
13057000037,44,0.0001142095,,
13057000038,21,0.9988123440,,
13057000038,23,0.0004244815,,
13057000038,47,0.0007631746,,
13057000039,21,0.0005718766,,
13057000039,23,0.9994281234,,
13057000040,20,0.0025850124,,
13057000040,22,0.9974149876,,
13057000041,14,0.9994797551,,
13057000041,22,0.0002506633,,
13057000041,23,0.0002695817,,
13057000042,21,0.9999547600,,
13057000042,23,0.0000452400,,
13057000043,21,0.0023287153,,
13057000043,46,0.9976712847,,
13057000044,21,0.0007049068,,
13057000044,44,0.9985943690,,
13057000044,46,0.0007007242,,
1305900001A,122,0.5878113655,,
1305900001A,123,0.0004078500,,
1305900001A,124,0.4117807846,,
1305900001B,121,0.0003930609,,
1305900001B,122,0.0001241376,,
1305900001B,124,0.9994828015,,
1305900001C,121,1.0000000000,,
1305900001D,121,0.9994426062,,
1305900001D,124,0.0005573938,,
1305900002A,120,0.0024974002,,
1305900002A,122,0.9974986700,,
1305900002A,123,0.0000039298,,
1305900002B,122,0.9997847845,,
1305900002B,124,0.0002152155,,
1305900003A,120,0.0014931503,,
1305900003A,122,0.9985068497,,
1305900003B,120,0.0000205539,,
1305900003B,121,0.0003570862,,
1305900003B,122,0.9996223599,,
1305900004A,121,0.0019546556,,
1305900004A,122,0.9973101711,,
1305900004A,124,0.0007351733,,
1305900004B,120,0.0012836698,,
1305900004B,121,0.6499348701,,
1305900004B,122,0.3487814601,,
1305900005A,120,0.0003460458,,
1305900005A,122,0.9996539542,,
1305900005B,120,0.0047102894,,
1305900005B,122,0.9952897106,,
1305900005C,122,1.0000000000,,
1305900005D,120,0.0021352944,,
1305900005D,122,0.9978647056,,
1305900006A,120,1.0000000000,,
1305900006B,120,0.9992993142,,
1305900006B,122,0.0007006858,,
1305900006C,120,1.0000000000,,
1305900006D,120,0.9974172750,,
1305900006D,122,0.0025827250,,
1305900007A,120,0.9968548209,,
1305900007A,121,0.0031451791,,
1305900007B,120,0.9994572789,,
1305900007B,121,0.0004339240,,
1305900007B,122,0.0001087971,,
1305900007C,120,0.2493067242,,
1305900007C,121,0.7506932758,,
1305900008A,121,0.0007474255,,
1305900008A,124,0.9992525745,,
1305900008B,121,0.9977470581,,
1305900008B,124,0.0022529419,,
1305900008C,121,0.9987886018,,
1305900008C,122,0.0011542937,,
1305900008C,124,0.0000571045,,
13061000001,154,1.0000000000,,
13061000002,154,1.0000000000,,
13061000003,154,1.0000000000,,
13061000004,154,1.0000000000,,
13061000005,154,1.0000000000,,
13063000EW1,76,0.9992574560,,
13063000EW1,90,0.0000092590,,
13063000EW1,91,0.0007332850,,
13063000FP1,76,0.0005209770,,
13063000FP1,77,0.9994790230,,
13063000FP2,76,0.9991139155,,
13063000FP2,77,0.0008860845,,
13063000FP3,77,0.9994334620,,
13063000FP3,79,0.0005665380,,
13063000FP4,76,0.0010107758,,
13063000FP4,77,0.9955463749,,
13063000FP4,79,0.0034428493,,
13063000FP5,77,0.0012569595,,
13063000FP5,79,0.9987430405,,
13063000FP6,76,0.0035379572,,
13063000FP6,77,0.0046528915,,
13063000FP6,79,0.9918091513,,
13063000LC1,76,0.9997981758,,
13063000LC1,77,0.0002018242,,
13063000LJ1,75,0.4424800551,,
13063000LJ1,78,0.5575038228,,
13063000LJ1,116,0.0000161221,,
13063000LJ2,75,0.0000614067,,
13063000LJ2,78,0.9991493893,,
13063000LJ2,116,0.0007892040,,
13063000LJ3,69,0.0000196905,,
13063000LJ3,74,0.0000713525,,
13063000LJ3,78,0.7125928451,,
13063000LJ3,116,0.2873161119,,
13063000LJ4,75,0.0015762667,,
13063000LJ4,78,0.9984237333,,
13063000LJ5,75,0.9988044793,,
13063000LJ5,78,0.0011955207,,
13063000MO1,76,0.9999713568,,
13063000MO1,77,0.0000286432,,
13063000MO2,75,0.0011208762,,
13063000MO2,76,0.9952639946,,
13063000MO2,78,0.0012508597,,
13063000MO2,79,0.0023642695,,
13063000MO3,76,1.0000000000,,
13063000MO4,76,0.3489955680,,
13063000MO4,78,0.6510044320,,
13063000MO5,76,0.9999873263,,
13063000MO5,91,0.0000126737,,
13063000MO6,76,0.9998030911,,
13063000MO6,91,0.0001969089,,
13063000MO7,76,0.9981780471,,
13063000MO7,78,0.0018219529,,
13063000MO8,76,0.9959211203,,
13063000MO8,78,0.0039936417,,
13063000MO8,91,0.0000852379,,
13063000MO9,76,0.0015991589,,
13063000MO9,78,0.9984008411,,
13063000PH1,69,0.0020849853,,
13063000PH1,74,0.0005003964,,
13063000PH1,78,0.9974146183,,
13063000PH2,74,0.0003711000,,
13063000PH2,78,0.9996289000,,
1306300JB01,69,0.0008310638,,
1306300JB01,75,0.9986566280,,
1306300JB01,77,0.0005123082,,
1306300JB02,75,0.0164976741,,
1306300JB02,77,0.0025539798,,
1306300JB02,79,0.9809483461,,
1306300JB03,75,0.9996388017,,
1306300JB03,78,0.0003611983,,
1306300JB04,75,0.9994998846,,
1306300JB04,79,0.0005001154,,
1306300JB05,75,0.0008092358,,
1306300JB05,78,0.9991907642,,
1306300JB06,78,0.9999972038,,
1306300JB06,116,0.0000027962,,
1306300JB07,75,0.9960612052,,
1306300JB07,78,0.0039387948,,
1306300JB08,76,0.0024975261,,
1306300JB08,78,0.9974217911,,
1306300JB08,91,0.0000806828,,
1306300JB09,75,0.9952880416,,
1306300JB09,79,0.0047119584,,
1306300JB10,75,1.0000000000,,
1306300JB11,75,0.0022472758,,
1306300JB11,78,0.9977527242,,
1306300JB12,75,0.0011901608,,
1306300JB12,77,0.9972730294,,
1306300JB12,79,0.0015368099,,
1306300JB13,69,0.0015827637,,
1306300JB13,75,0.9974364549,,
1306300JB13,78,0.0009807815,,
1306300JB14,78,0.9999972707,,
1306300JB14,116,0.0000027293,,
1306300JB15,75,0.0006839890,,
1306300JB15,76,0.0000414968,,
1306300JB15,79,0.9992745142,,
1306300JB16,75,0.9772409492,,
1306300JB16,79,0.0227590508,,
1306300JB17,75,0.9999937909,,
1306300JB17,77,0.0000062091,,
1306300JB18,75,0.9985632040,,
1306300JB18,78,0.0006191951,,
1306300JB18,79,0.0008176009,,
1306300OAK1,63,0.0062509007,,
1306300OAK1,77,0.9937490993,,
1306300OAK2,77,1.0000000000,,
1306300OAK3,77,0.9996987018,,
1306300OAK3,79,0.0003012982,,
1306300OAK4,77,0.9986697597,,
1306300OAK4,79,0.0013302403,,
1306300RD01,77,0.9999299780,,
1306300RD01,79,0.0000700220,,
1306300RD02,69,0.0015154151,,
1306300RD02,75,0.0000776378,,
1306300RD02,77,0.9984069471,,
1306300RD03,77,0.0034177145,,
1306300RD03,79,0.9965822855,,
1306300RD04,75,0.0002462898,,
1306300RD04,79,0.9997537102,,
1306300RD05,75,0.0038074602,,
1306300RD05,79,0.9961925398,,
1306300RD06,75,0.0001341547,,
1306300RD06,79,0.9998658453,,
1306300RD07,77,0.0000317082,,
1306300RD07,79,0.9999682918,,
1306300RD08,69,0.0000737339,,
1306300RD08,77,0.9985246815,,
1306300RD08,79,0.0014015846,,
1306300RD09,75,0.0000006189,,
1306300RD09,77,0.0001582035,,
1306300RD09,79,0.9998411776,,
1306300RD10,77,0.0004740444,,
1306300RD10,79,0.9995259556,,
1306300RD11,63,0.0090953626,,
1306300RD11,69,0.0039561319,,
1306300RD11,77,0.9869485055,,
1306300RD12,77,0.9994449123,,
1306300RD12,79,0.0005550877,,
1306500000D,174,0.9999814285,,
1306500000D,176,0.0000185715,,
1306500000F,174,1.0000000000,,
1306500000H,174,0.9999899659,,
1306500000H,176,0.0000100341,,
130650000AB,174,0.9999561961,,
130650000AB,176,0.0000438039,,
130650000AG,174,1.0000000000,,
1306700AC1A,34,0.0003433662,,
1306700AC1A,35,0.0024181096,,
1306700AC1A,36,0.9972385242,,
1306700AC1B,15,0.0001446209,,
1306700AC1B,22,0.0003911613,,
1306700AC1B,35,0.9821256248,,
1306700AC1B,36,0.0173385930,,
1306700AC1C,22,0.0005114499,,
1306700AC1C,34,0.0000035217,,
1306700AC1C,35,0.9994754836,,
1306700AC1C,36,0.0000095447,,
1306700AD01,44,0.9997096653,,
1306700AD01,46,0.0002903347,,
1306700AU1A,38,0.9994942298,,
1306700AU1A,39,0.0003507044,,
1306700AU1A,61,0.0001550658,,
1306700BF02,22,0.0004437304,,
1306700BF02,35,0.0009566422,,
1306700BF02,37,0.0006446361,,
1306700BF02,44,0.9979549913,,
1306700BF03,20,0.0000347050,,
1306700BF03,22,0.5485020071,,
1306700BF03,44,0.4514632880,,
1306700BG01,34,0.0000754954,,
1306700BG01,35,0.9994678268,,
1306700BG01,37,0.0004566778,,
1306700BG02,22,0.9995599288,,
1306700BG02,35,0.0004400712,,
1306700BK01,22,0.6481006033,,
1306700BK01,35,0.3518993967,,
1306700BR01,41,0.9998856107,,
1306700BR01,42,0.0001143893,,
1306700BR02,39,0.0011143076,,
1306700BR02,41,0.9975877027,,
1306700BR02,42,0.0012979897,,
1306700BT01,39,1.0000000000,,
1306700BT02,39,0.9997699117,,
1306700BT02,60,0.0000227907,,
1306700BT02,61,0.0002072976,,
1306700BW01,22,0.0008082145,,
1306700BW01,44,0.9991917855,,
1306700CA01,40,0.0000013923,,
1306700CA01,42,0.9962993816,,
1306700CA01,43,0.0019697571,,
1306700CA01,53,0.0014744671,,
1306700CA01,60,0.0002550020,,
1306700CH02,34,0.9994200236,,
1306700CH02,36,0.0003251199,,
1306700CH02,37,0.0002548564,,
1306700CH03,34,0.9994726336,,
1306700CH03,36,0.0004074314,,
1306700CH03,37,0.0000010108,,
1306700CH03,41,0.0001189242,,
1306700CK01,22,0.0006940815,,
1306700CK01,35,0.9986859057,,
1306700CK01,37,0.0001629065,,
1306700CK01,44,0.0004571063,,
1306700CL01,38,1.0000000000,,
1306700CL02,38,0.9999341816,,
1306700CL02,61,0.0000487109,,
1306700CL02,64,0.0000171075,,
1306700CO01,38,0.9991457214,,
1306700CO01,39,0.0000738966,,
1306700CO01,41,0.0007803820,,
1306700CR01,45,0.9975140618,,
1306700CR01,46,0.0024859382,,
1306700DC01,45,1.0000000000,,
1306700DI01,37,0.0005210668,,
1306700DI01,40,0.0003500740,,
1306700DI01,41,0.0000639016,,
1306700DI01,42,0.9730727549,,
1306700DI01,43,0.0259922027,,
1306700DL01,34,0.9979561089,,
1306700DL01,36,0.0017493560,,
1306700DL01,41,0.0002945351,,
1306700DO01,43,0.0005808858,,
1306700DO01,45,0.9994191142,,
1306700DU01,34,0.0008566297,,
1306700DU01,36,0.9991433703,,
1306700DV01,44,0.0011898954,,
1306700DV01,46,0.9988101046,,
1306700EA01,45,1.0000000000,,
1306700EA02,43,0.9975221975,,
1306700EA02,45,0.0024778025,,
1306700EL01,34,0.3848375181,,
1306700EL01,35,0.0019583417,,
1306700EL01,37,0.6132041401,,
1306700EL02,37,0.9980669028,,
1306700EL02,44,0.0019330972,,
1306700EL03,37,0.0004820360,,
1306700EL03,43,0.0018173378,,
1306700EL03,44,0.9977006262,,
1306700EL04,37,0.3396767669,,
1306700EL04,43,0.6598824446,,
1306700EL04,44,0.0004407886,,
1306700EL05,43,0.0016643010,,
1306700EL05,44,0.9963991112,,
1306700EL05,45,0.0002506855,,
1306700EL05,46,0.0016859024,,
1306700EP01,35,0.0012637165,,
1306700EP01,37,0.9979424138,,
1306700EP01,44,0.0007938697,,
1306700FO02,41,1.0000000000,,
1306700FO04,37,0.0002820682,,
1306700FO04,41,0.9989477706,,
1306700FO04,42,0.0007701612,,
1306700FP01,43,0.0027157552,,
1306700FP01,45,0.9972842448,,
1306700FR01,19,0.0002490741,,
1306700FR01,36,0.9997509259,,
1306700FY01,34,0.9987760904,,
1306700FY01,36,0.0012239096,,
1306700GM01,46,1.0000000000,,
1306700GT01,37,0.0011077270,,
1306700GT01,44,0.9988922730,,
1306700HL01,39,0.9995970087,,
1306700HL01,40,0.0000302912,,
1306700HL01,60,0.0003727002,,
1306700HR01,34,0.9983795971,,
1306700HR01,36,0.0016204029,,
1306700HT01,45,0.0035537038,,
1306700HT01,46,0.9964462962,,
1306700HY01,34,1.0000000000,,
1306700KE1A,22,0.0553674598,,
1306700KE1A,35,0.9446325402,,
1306700KE2A,34,0.9984568967,,
1306700KE2A,35,0.0015412060,,
1306700KE2A,36,0.0000018973,,
1306700KE3A,22,0.0014314706,,
1306700KE3A,34,0.0851911737,,
1306700KE3A,35,0.9133773557,,
1306700KE4A,34,0.0004764782,,
1306700KE4A,35,0.9995235218,,
1306700KE5A,22,0.0003066676,,
1306700KE5A,35,0.9996933324,,
1306700KL01,44,0.9981318460,,
1306700KL01,46,0.0018681540,,
1306700KP01,34,0.9991335566,,
1306700KP01,36,0.0008664434,,
1306700KP02,34,0.0009580785,,
1306700KP02,36,0.9990419215,,
1306700KP03,34,0.0005743775,,
1306700KP03,36,0.9994256225,,
1306700LA01,44,0.4211575066,,
1306700LA01,46,0.5788424934,,
1306700LI01,39,0.7778131252,,
1306700LI01,40,0.2220348343,,
1306700LI01,60,0.0001520404,,
1306700LM01,36,0.9997183451,,
1306700LM01,38,0.0002816549,,
1306700LM02,34,0.0004858319,,
1306700LM02,36,0.9995141681,,
1306700LM03,19,0.0003641912,,
1306700LM03,36,0.9995380493,,
1306700LM03,38,0.0000977594,,
1306700LM04,34,0.9989111178,,
1306700LM04,36,0.0010888822,,
1306700MA01,38,0.2461033736,,
1306700MA01,39,0.7534927321,,
1306700MA01,41,0.0004038942,,
1306700MA02,38,0.0760586602,,
1306700MA02,39,0.9239395217,,
1306700MA02,61,0.0000018181,,
1306700MA03,39,1.0000000000,,
1306700MA04,39,0.9955418388,,
1306700MA04,40,0.0033543456,,
1306700MA04,41,0.0007906067,,
1306700MA04,42,0.0003132088,,
1306700MB01,46,1.0000000000,,
1306700MC01,36,0.0011252507,,
1306700MC01,38,0.9988747493,,
1306700MD01,43,0.0021582123,,
1306700MD01,44,0.0002418384,,
1306700MD01,45,0.9971618208,,
1306700MD01,46,0.0004381285,,
1306700ME01,19,0.0000467006,,
1306700ME01,36,0.0002699683,,
1306700ME01,38,0.9996833310,,
1306700MK01,44,0.9978502314,,
1306700MK01,46,0.0021497686,,
1306700ML01,34,0.9996612633,,
1306700ML01,36,0.0003387367,,
1306700MR1A,37,0.3405275688,,
1306700MR1A,42,0.0014323862,,
1306700MR1A,43,0.6580400451,,
1306700MR2A,34,0.7267085711,,
1306700MR2A,37,0.2732914289,,
1306700MR2B,37,0.9989400486,,
1306700MR2B,41,0.0010599514,,
1306700MR3A,34,0.0006928024,,
1306700MR3A,37,0.9991093715,,
1306700MR3A,41,0.0001978261,,
1306700MR4A,34,0.0038097049,,
1306700MR4A,37,0.9961902951,,
1306700MR4B,34,0.0014677850,,
1306700MR4B,37,0.9985322150,,
1306700MR4C,34,0.9979127017,,
1306700MR4C,37,0.0020872983,,
1306700MR5A,37,0.7128281772,,
1306700MR5A,43,0.2871718228,,
1306700MR5B,34,0.0000683777,,
1306700MR5B,37,0.9997323047,,
1306700MR5B,43,0.0001993175,,
1306700MR6A,37,0.4874115437,,
1306700MR6A,43,0.5125884563,,
1306700MR6B,37,0.9992563982,,
1306700MR6B,43,0.0003274455,,
1306700MR6B,44,0.0004161563,,
1306700MR7A,37,0.0000498108,,
1306700MR7A,42,0.4298970015,,
1306700MR7A,43,0.5700531877,,
1306700MS01,15,0.0000067430,,
1306700MS01,17,0.0000796272,,
1306700MS01,34,0.0001576768,,
1306700MS01,35,0.0010609060,,
1306700MS01,36,0.9986950471,,
1306700MS02,34,0.9997149528,,
1306700MS02,36,0.0002850472,,
1306700MT01,45,0.9997412496,,
1306700MT01,53,0.0002587504,,
1306700MT03,45,0.9987111330,,
1306700MT03,53,0.0012888670,,
1306700MT04,43,0.0013801311,,
1306700MT04,45,0.9986198689,,
1306700NC01,15,0.0001535892,,
1306700NC01,34,0.0000707949,,
1306700NC01,35,0.7398052837,,
1306700NC01,36,0.2599703322,,
1306700NJ01,40,0.9996016316,,
1306700NJ01,60,0.0003983684,,
1306700NP01,39,0.0006345292,,
1306700NP01,40,0.0010230931,,
1306700NP01,41,0.1800159341,,
1306700NP01,42,0.8183264436,,
1306700NS01,44,0.9986648428,,
1306700NS01,46,0.0013351572,,
1306700OK01,40,1.0000000000,,
1306700OR01,36,1.0000000000,,
1306700OR02,41,1.0000000000,,
1306700OR03,34,0.0003689969,,
1306700OR03,37,0.4626831418,,
1306700OR03,41,0.5366214870,,
1306700OR03,42,0.0003263743,,
1306700OR04,34,0.0002952798,,
1306700OR04,36,0.0000177372,,
1306700OR04,38,0.0005324961,,
1306700OR04,41,0.9991544869,,
1306700OR05,34,0.0006270662,,
1306700OR05,36,0.9990081006,,
1306700OR05,38,0.0003631596,,
1306700OR05,41,0.0000016735,,
1306700PE01,39,0.9999975382,,
1306700PE01,61,0.0000024618,,
1306700PF01,43,1.0000000000,,
1306700PM01,34,0.9999565913,,
1306700PM01,35,0.0000434087,,
1306700PM02,34,0.9748719006,,
1306700PM02,35,0.0251280994,,
1306700PO01,46,0.9999799272,,
1306700PO01,49,0.0000200728,,
1306700PP01,46,1.0000000000,,
1306700PR01,22,0.9969698075,,
1306700PR01,35,0.0013241391,,
1306700PR01,44,0.0017060534,,
1306700PS1A,19,0.0000000000,,
1306700PS1A,38,1.0000000000,,
1306700PS2A,38,1.0000000000,,
1306700PS3A,38,1.0000000000,,
1306700PT01,22,1.0000000000,,
1306700RM01,44,0.0013495113,,
1306700RM01,46,0.9986504887,,
1306700RS01,39,0.9992714217,,
1306700RS01,60,0.0007285783,,
1306700RW01,45,0.9942608218,,
1306700RW01,46,0.0013751896,,
1306700RW01,49,0.0008513759,,
1306700RW01,53,0.0035126128,,
1306700RW02,45,1.0000000000,,
1306700SA01,44,0.0011772603,,
1306700SA01,45,0.0000631285,,
1306700SA01,46,0.9987596112,,
1306700SF01,45,0.0014947126,,
1306700SF01,46,0.9978767280,,
1306700SF01,49,0.0006285594,,
1306700SI01,44,0.0000025881,,
1306700SI01,46,0.9999974119,,
1306700SM01,43,0.9952442690,,
1306700SM01,44,0.0029645035,,
1306700SM01,45,0.0017912275,,
1306700SM03,37,0.0002756148,,
1306700SM03,43,0.9987114636,,
1306700SM03,45,0.0010129216,,
1306700SN1A,40,0.2580146231,,
1306700SN1A,42,0.7419853769,,
1306700SN2A,40,0.0022036758,,
1306700SN2A,42,0.9977963242,,
1306700SN3A,40,0.0006900378,,
1306700SN3A,42,0.9993099622,,
1306700SN4A,39,0.0000001516,,
1306700SN4A,40,0.8312909978,,
1306700SN4A,41,0.0005782053,,
1306700SN4A,42,0.1681306453,,
1306700SN5A,41,0.0004013688,,
1306700SN5A,42,0.9995986312,,
1306700SN6A,40,0.9986672961,,
1306700SN6A,42,0.0013327039,,
1306700SN7A,39,0.0618924842,,
1306700SN7A,40,0.9378810552,,
1306700SN7A,60,0.0002264606,,
1306700SO01,43,0.0008480245,,
1306700SO01,45,0.9991519755,,
1306700SO02,42,0.0002807029,,
1306700SO02,43,0.9958123382,,
1306700SO02,45,0.0033516784,,
1306700SO02,53,0.0005552806,,
1306700SO03,43,0.0007909055,,
1306700SO03,45,0.9974002785,,
1306700SO03,53,0.0018088161,,
1306700SW01,19,0.0000048993,,
1306700SW01,38,0.9999950599,,
1306700SW01,64,0.0000000409,,
1306700SW02,38,0.0003837031,,
1306700SW02,39,0.0011136526,,
1306700SW02,41,0.9985026442,,
1306700TM01,42,0.0010109912,,
1306700TM01,43,0.9989890088,,
1306700TR01,45,0.9982943463,,
1306700TR01,53,0.0017056537,,
1306700VA01,19,0.0007572048,,
1306700VA01,36,0.9992427952,,
1306700VG01,40,0.9981195839,,
1306700VG01,42,0.0012218403,,
1306700VG01,60,0.0006585758,,
1306700VG02,40,0.9998453167,,
1306700VG02,42,0.0001546833,,
1306700VG03,40,1.0000000000,,
1306700VG04,40,0.9999445404,,
1306700VG04,60,0.0000554596,,
1306700WG02,22,1.0000000000,,
1306700WL01,46,0.9991866794,,
1306700WL01,49,0.0008133206,,
13069000001,169,0.5907617635,,
13069000001,176,0.4092382365,,
13069000002,169,0.9999167580,,
13069000002,176,0.0000832420,,
13069000003,169,0.0003760010,,
13069000003,170,0.0002882234,,
13069000003,176,0.9993357756,,
13069000004,156,0.0000866712,,
13069000004,157,0.0000300483,,
13069000004,169,0.9998832805,,
13069000005,169,0.9999445794,,
13069000005,176,0.0000349909,,
13069000005,178,0.0000204297,,
13069000006,157,0.0000599623,,
13069000006,169,0.9999013860,,
13069000006,178,0.0000386517,,
13071000001,172,1.0000000000,,
13071000002,172,1.0000000000,,
13071000007,172,0.9999718207,,
13071000007,175,0.0000281793,,
13071000008,172,1.0000000000,,
13071000009,152,0.0000377924,,
13071000009,170,0.0000115612,,
13071000009,172,0.9999506463,,
13071000010,152,0.0000556438,,
13071000010,172,0.9999443562,,
13071000011,172,1.0000000000,,
13071000012,171,0.0000083177,,
13071000012,172,0.9999648633,,
13071000012,173,0.0000268190,,
13071000013,171,0.0000055318,,
13071000013,172,0.9999944682,,
13071000014,172,1.0000000000,,
13071000015,172,1.0000000000,,
13071000016,172,1.0000000000,,
13071000017,152,0.0000244740,,
13071000017,172,0.9999755260,,
13071000018,172,1.0000000000,,
13071000019,152,0.0000224144,,
13071000019,172,0.9999775856,,
13071000020,172,0.9999049335,,
13071000020,175,0.0000950665,,
13071000021,152,0.0000147184,,
13071000021,171,0.0000572789,,
13071000021,172,0.9999280027,,
13071000022,170,0.0007026265,,
13071000022,172,0.9992973735,,
13071000023,170,0.0000052216,,
13071000023,172,0.9999947784,,
13073000010,123,0.0004412702,,
13073000010,125,0.9994078749,,
13073000010,128,0.0000090931,,
13073000010,131,0.0001417617,,
13073000015,125,0.0003712502,,
13073000015,127,0.0000198528,,
13073000015,131,0.9996088971,,
13073000016,125,0.9993878661,,
13073000016,127,0.0001431168,,
13073000016,131,0.0004690171,,
13073000017,125,0.2734727299,,
13073000017,131,0.7265272701,,
13073000018,125,0.0028209750,,
13073000018,131,0.9971790250,,
13073000020,125,0.9997547591,,
13073000020,128,0.0002165905,,
13073000020,132,0.0000286504,,
13073000025,125,0.9999823706,,
13073000025,128,0.0000176294,,
13073000026,125,0.9998893573,,
13073000026,131,0.0001106427,,
13073000030,125,0.9996941944,,
13073000030,132,0.0003058056,,
13073000031,125,0.9995640493,,
13073000031,132,0.0004359507,,
13073000032,125,0.9999562756,,
13073000032,127,0.0000400320,,
13073000032,132,0.0000036924,,
13073000033,125,1.0000000000,,
13073000034,125,0.9995258490,,
13073000034,131,0.0004741510,,
13073000040,123,0.0012401100,,
13073000040,125,0.9987598900,,
13073000050,123,0.9990878710,,
13073000050,125,0.0006878753,,
13073000050,131,0.0002242537,,
13073000051,123,0.9979356988,,
13073000051,125,0.0020643012,,
13073000060,125,0.0005738364,,
13073000060,131,0.9994261636,,
13073000061,123,0.0020092860,,
13073000061,125,0.0000063624,,
13073000061,131,0.9979843516,,
13073000062,123,0.0000541991,,
13073000062,125,0.9983460138,,
13073000062,131,0.0015997872,,
13073000063,131,1.0000000000,,
13073000064,131,1.0000000000,,
13073000065,127,0.0003121664,,
13073000065,131,0.9996878336,,
13073000070,125,0.0013479723,,
13073000070,127,0.9971074359,,
13073000070,131,0.0015445918,,
13073000074,125,0.0047927415,,
13073000074,127,0.9952072585,,
13073000075,125,0.9980884410,,
13073000075,127,0.0019115590,,
13073000076,125,0.0004746445,,
13073000076,127,0.9990645895,,
13073000076,132,0.0004607660,,
13073000080,127,1.0000000000,,
13073000085,127,0.9998659782,,
13073000085,131,0.0001340218,,
13073000090,127,1.0000000000,,
13073000100,127,0.9983653317,,
13073000100,129,0.0000153491,,
13073000100,131,0.0016193192,,
13073000105,127,0.9992846618,,
13073000105,131,0.0007153382,,
13073000107,127,0.9985837775,,
13073000107,131,0.0014162225,,
13073000108,127,0.9999783123,,
13073000108,129,0.0000216877,,
13073000109,127,0.9998502388,,
13073000109,129,0.0001497612,,
13073000110,127,0.9974991682,,
13073000110,131,0.0025008318,,
13073000111,127,0.0092252605,,
13073000111,131,0.9907747395,,
13073000115,127,0.9999021333,,
13073000115,131,0.0000978667,,
13073000120,127,0.0025575170,,
13073000120,131,0.9974424830,,
13073000125,127,0.9959642155,,
13073000125,131,0.0040357845,,
13073000130,131,1.0000000000,,
13073000131,127,0.0004302399,,
13073000131,131,0.9995697601,,
13073000132,127,0.0003013391,,
13073000132,131,0.9996986609,,
13073000134,131,1.0000000000,,
13073000135,127,0.9990195842,,
13073000135,131,0.0009804158,,
13073000136,127,0.0019374859,,
13073000136,131,0.9980625141,,
13073000137,127,0.0001613552,,
13073000137,131,0.9998386448,,
1307500000C,170,0.0001428776,,
1307500000C,172,0.9998228496,,
1307500000C,175,0.0000342728,,
1307500000L,170,0.9995736617,,
1307500000L,172,0.0004263383,,
1307500000M,170,0.9997275502,,
1307500000M,172,0.0002724498,,
1307500000S,172,1.0000000000,,
130750000DB,170,0.9998038257,,
130750000DB,172,0.0001961743,,
130750000EP,172,1.0000000000,,
130750000NL,172,0.9999944570,,
130750000NL,175,0.0000055430,,
130750000RB,170,0.0002338875,,
130750000RB,172,0.9997661125,,
13077000001,73,0.0005950910,,
13077000001,74,0.0002892464,,
13077000001,136,0.9991156626,,
13077000002,70,0.0001757518,,
13077000002,136,0.9998242482,,
13077000003,70,0.0004444845,,
13077000003,72,0.0000027497,,
13077000003,136,0.9995527657,,
13077000004,70,0.9994786490,,
13077000004,72,0.0000232080,,
13077000004,136,0.0004981431,,
13077000005,70,1.0000000000,,
13077000006,70,0.0001602877,,
13077000006,73,0.9989449672,,
13077000006,136,0.0008947452,,
13077000007,65,0.0005643571,,
13077000007,67,0.9975480273,,
13077000007,68,0.0018876157,,
13077000008,65,0.9998161090,,
13077000008,70,0.0001838910,,
13077000009,72,0.0001107338,,
13077000009,136,0.9998892662,,
13077000010,74,0.0000322038,,
13077000010,136,0.9999677962,,
13077000011,70,0.9999076505,,
13077000011,72,0.0000921940,,
13077000011,136,0.0000001556,,
13077000012,65,0.0000378263,,
13077000012,70,0.9999621737,,
13077000013,70,0.9992208073,,
13077000013,73,0.0001191272,,
13077000013,136,0.0006600655,,
13077000014,70,0.0001163897,,
13077000014,73,0.0003701979,,
13077000014,136,0.9995134124,,
13077000015,70,0.9991590575,,
13077000015,136,0.0008409425,,
13077000017,70,0.9998396990,,
13077000017,73,0.0001152504,,
13077000017,136,0.0000450506,,
13077000018,70,0.0004849026,,
13077000018,73,0.9995150974,,
13077000019,65,0.0007862212,,
13077000019,70,0.9992137788,,
13077000020,70,1.0000000000,,
13077000021,65,0.0000509436,,
13077000021,67,0.0003952111,,
13077000021,70,0.0005447950,,
13077000021,73,0.9990090503,,
13077000022,65,0.9997011626,,
13077000022,67,0.0002268451,,
13077000022,70,0.0000670205,,
13077000022,73,0.0000049718,,
13077000023,67,0.9980202680,,
13077000023,68,0.0012082434,,
13077000023,73,0.0007714886,,
13077000024,70,1.0000000000,,
13077000025,65,0.0003338101,,
13077000025,70,0.9996661899,,
13077000026,67,0.9986208436,,
13077000026,73,0.0013791564,,
13077000027,67,0.0007939649,,
13077000027,73,0.9992060351,,
13077000028,65,0.0002676968,,
13077000028,70,0.9250576176,,
13077000028,73,0.0746746856,,
13079000002,135,0.0000303555,,
13079000002,144,0.0000071186,,
13079000002,145,0.9999620410,,
13079000002,150,0.0000004849,,
13079000003,145,1.0000000000,,
13079000004,145,1.0000000000,,
13079000005,142,0.0000262006,,
13079000005,143,0.0000013871,,
13079000005,145,0.9999724123,,
1307900001A,145,0.9999514141,,
1307900001A,150,0.0000485859,,
1307900001B,145,0.9999988096,,
1307900001B,150,0.0000011904,,
130810ARABI,148,0.9999871972,,
130810ARABI,169,0.0000128028,,
130810CONEY,148,0.9998422988,,
130810CONEY,150,0.0000193253,,
130810CONEY,151,0.0001363626,,
130810CONEY,152,0.0000020134,,
130810CORDE,148,0.9999672460,,
130810CORDE,150,0.0000327540,,
130810JAMES,148,0.9994149113,,
130810JAMES,152,0.0005850887,,
130810LISTO,148,0.9999989433,,
130810LISTO,150,0.0000010567,,
13083000960,1,1.0000000000,,
13083000974,1,1.0000000000,,
13083001038,1,1.0000000000,,
13083001214,1,1.0000000000,,
13083001222,1,1.0000000000,,
13083001885,1,1.0000000000,,
13083001889,1,1.0000000000,,
13085000001,7,0.9996163841,,
13085000001,9,0.0003551745,,
13085000001,11,0.0000284413,,
13085000002,7,0.0001536591,,
13085000002,9,0.9998244213,,
13085000002,11,0.0000219195,,
13085000003,9,0.9996363416,,
13085000003,27,0.0003438473,,
13085000003,28,0.0000198111,,
13087000513,171,1.0000000000,,
13087000514,171,1.0000000000,,
13087000694,171,1.0000000000,,
13087001277,171,1.0000000000,,
13087001325,154,0.0000697894,,
13087001325,171,0.9999302106,,
13087001342,154,0.0002298557,,
13087001342,171,0.9997701443,,
13087001361,171,1.0000000000,,
13087001613,154,0.0000442042,,
13087001613,171,0.9999557958,,
13087001805,154,0.0000281284,,
13087001805,171,0.9999718716,,
130890000AA,85,0.0029378672,,
130890000AA,86,0.9964915924,,
130890000AA,87,0.0005705403,,
130890000AB,52,0.0014388811,,
130890000AB,83,0.9985611189,,
130890000AD,51,0.0020311082,,
130890000AD,80,0.9979688918,,
130890000AE,84,0.9986666346,,
130890000AE,85,0.0013333654,,
130890000AF,85,1.0000000000,,
130890000AG,52,0.9984803277,,
130890000AG,54,0.0005527268,,
130890000AG,83,0.0009669455,,
130890000AH,52,0.9999227200,,
130890000AH,54,0.0000772773,,
130890000AH,83,0.0000000027,,
130890000AI,84,1.0000000000,,
130890000BB,89,0.0005295101,,
130890000BB,90,0.9994704899,,
130890000BC,57,0.0002145670,,
130890000BC,82,0.9990061609,,
130890000BC,89,0.0007792721,,
130890000BD,81,0.9978843045,,
130890000BD,82,0.0016553914,,
130890000BD,86,0.0004603042,,
130890000BE,83,1.0000000000,,
130890000BF,87,0.9984783284,,
130890000BF,88,0.0015216716,,
130890000BG,81,0.0024684600,,
130890000BG,82,0.9972727208,,
130890000BG,83,0.0002588192,,
130890000BH,81,0.0000373289,,
130890000BH,86,0.0011698129,,
130890000BH,87,0.9987928582,,
130890000BI,83,1.0000000000,,
130890000BJ,84,0.9973317717,,
130890000BJ,89,0.0018205425,,
130890000BJ,91,0.0008476858,,
130890000BL,63,0.0000355657,,
130890000BL,76,0.0091456023,,
130890000BL,90,0.9908188319,,
130890000BM,84,0.0005297361,,
130890000BM,85,0.0004239819,,
130890000BM,86,0.9990462820,,
130890000BR,63,0.0000529524,,
130890000BR,90,0.9999470476,,
130890000CA,85,1.0000000000,,
130890000CB,84,0.0006308328,,
130890000CB,85,0.9972630445,,
130890000CB,86,0.0021061227,,
130890000CC,84,0.9998040738,,
130890000CC,85,0.0001605905,,
130890000CC,89,0.0000353358,,
130890000CD,89,0.0005119198,,
130890000CD,90,0.9994880802,,
130890000CE,52,0.0000022411,,
130890000CE,80,0.0004684747,,
130890000CE,81,0.0000002299,,
130890000CE,83,0.9995290543,,
130890000CF,91,0.0007742140,,
130890000CF,92,0.9992257860,,
130890000CG,84,1.0000000000,,
130890000CH,80,1.0000000000,,
130890000CI,82,0.9996566394,,
130890000CI,84,0.0003314484,,
130890000CI,85,0.0000119122,,
130890000CJ,82,0.9999950260,,
130890000CJ,85,0.0000049740,,
130890000CK,85,0.3864915717,,
130890000CK,86,0.6127541228,,
130890000CK,87,0.0007543055,,
130890000CL,89,0.0053555631,,
130890000CL,90,0.9946444369,,
130890000CM,84,0.9995432547,,
130890000CM,89,0.0004567453,,
130890000CO,54,0.0000040139,,
130890000CO,83,0.9999959861,,
130890000CP,86,0.0002221934,,
130890000CP,87,0.9985100446,,
130890000CP,88,0.0012677619,,
130890000CQ,84,0.9999997361,,
130890000CQ,89,0.0000002639,,
130890000CR,84,0.0001018275,,
130890000CR,89,0.6673013447,,
130890000CR,90,0.3325968278,,
130890000CS,76,0.0238079995,,
130890000CS,89,0.0007376615,,
130890000CS,90,0.9754540901,,
130890000CS,91,0.0000002489,,
130890000CT,85,1.0000000000,,
130890000CU,84,0.0009387290,,
130890000CU,85,0.9990612710,,
130890000CV,82,0.9967001919,,
130890000CV,89,0.0032998081,,
130890000CW,81,0.0015048658,,
130890000CW,82,0.9984951342,,
130890000CX,52,0.0017632932,,
130890000CX,80,0.0025417816,,
130890000CX,83,0.9956949252,,
130890000DA,80,0.9994982577,,
130890000DA,83,0.0003675463,,
130890000DA,96,0.0000855110,,
130890000DA,97,0.0000486850,,
130890000DB,80,0.9998016004,,
130890000DB,81,0.0001983996,,
130890000DC,80,0.0001854881,,
130890000DC,81,0.4256602225,,
130890000DC,83,0.5741542894,,
130890000DE,85,0.9952075008,,
130890000DE,86,0.0047924992,,
130890000DF,52,0.9955561188,,
130890000DF,80,0.0044438812,,
130890000DG,52,0.0002786101,,
130890000DG,80,0.9997213899,,
130890000DH,82,0.9936289625,,
130890000DH,89,0.0063710375,,
130890000DI,52,0.0009040351,,
130890000DI,80,0.9990959649,,
130890000EA,84,0.0012676823,,
130890000EA,89,0.9962510136,,
130890000EA,90,0.0024813041,,
130890000EC,81,0.9999969573,,
130890000EC,88,0.0000030427,,
130890000EE,58,0.0000807721,,
130890000EE,89,0.0029748303,,
130890000EE,90,0.9969443976,,
130890000EF,80,0.0005759230,,
130890000EF,81,0.9994240770,,
130890000EG,57,0.0004650966,,
130890000EG,82,0.0022462075,,
130890000EG,89,0.9972886960,,
130890000ER,82,1.0000000000,,
130890000FA,86,0.0014027357,,
130890000FA,91,0.9966795328,,
130890000FA,92,0.0019177315,,
130890000FB,82,0.0015730259,,
130890000FB,89,0.9975381099,,
130890000FB,90,0.0008888641,,
130890000FC,84,0.0016446046,,
130890000FC,89,0.9971288598,,
130890000FC,90,0.0012265356,,
130890000FE,84,0.9985530176,,
130890000FE,89,0.0014469824,,
130890000FG,91,0.9977578146,,
130890000FG,92,0.0022421854,,
130890000FJ,84,0.0014501405,,
130890000FJ,89,0.9967358809,,
130890000FJ,90,0.0018139786,,
130890000FK,89,0.9994273172,,
130890000FK,91,0.0005726828,,
130890000FL,84,0.9994850601,,
130890000FL,89,0.0005149399,,
130890000FM,86,0.2550903562,,
130890000FM,87,0.7449096438,,
130890000GA,82,0.5954472730,,
130890000GA,84,0.4045457433,,
130890000GA,85,0.0000069837,,
130890000GB,85,0.0039790329,,
130890000GB,86,0.9960209671,,
130890000GC,89,0.0004788351,,
130890000GC,90,0.9995211649,,
130890000GD,52,0.9987208151,,
130890000GD,80,0.0012791849,,
130890000GF,85,0.4591894609,,
130890000GF,86,0.5408096504,,
130890000GF,87,0.0000008887,,
130890000HA,86,0.0006197723,,
130890000HA,87,0.9993802277,,
130890000HB,81,0.9993321227,,
130890000HB,83,0.0006678773,,
130890000HC,81,1.0000000000,,
130890000HF,52,0.0017497868,,
130890000HF,80,0.9955979473,,
130890000HF,83,0.0026522658,,
130890000HG,87,0.0011186903,,
130890000HG,88,0.9978708689,,
130890000HG,108,0.0010104408,,
130890000HH,84,0.0000637209,,
130890000HH,89,0.9991122953,,
130890000HH,90,0.0008219000,,
130890000HH,91,0.0000020838,,
130890000HI,82,0.9969275298,,
130890000HI,83,0.0030724702,,
130890000IA,86,0.0003471820,,
130890000IA,87,0.9996528180,,
130890000IB,85,0.9987329950,,
130890000IB,86,0.0012670050,,
130890000JA,57,0.0004890890,,
130890000JA,82,0.0003620274,,
130890000JA,89,0.9991488836,,
130890000JB,85,0.0002781082,,
130890000JB,86,0.9985625040,,
130890000JB,87,0.0011593877,,
130890000KA,84,0.0006336545,,
130890000KA,89,0.9993663455,,
130890000KB,51,0.0017918531,,
130890000KB,80,0.9982081469,,
130890000KC,84,1.0000000000,,
130890000KD,84,0.0010659228,,
130890000KD,89,0.9986233346,,
130890000KD,91,0.0003107426,,
130890000KE,84,0.9985068443,,
130890000KE,85,0.0014931557,,
130890000KG,52,0.9960487251,,
130890000KG,80,0.0004797093,,
130890000KG,83,0.0034715656,,
130890000LA,81,0.9996488060,,
130890000LA,83,0.0003511940,,
130890000LB,81,0.0025691345,,
130890000LB,82,0.9974308655,,
130890000LC,57,0.0001267811,,
130890000LC,82,0.9974272568,,
130890000LC,83,0.0024459620,,
130890000LD,93,0.9977678687,,
130890000LD,94,0.0000011104,,
130890000LD,95,0.0022310209,,
130890000LE,57,0.0000378572,,
130890000LE,58,0.0005025497,,
130890000LE,89,0.9962213978,,
130890000LE,90,0.0032381954,,
130890000LH,93,0.0014267013,,
130890000LH,94,0.9985732987,,
130890000LV,81,0.9928666822,,
130890000LV,88,0.0071333178,,
130890000MA,87,0.9984756680,,
130890000MA,88,0.0015243320,,
130890000MB,63,0.0000145280,,
130890000MB,90,0.9999854720,,
130890000MC,86,0.0034055953,,
130890000MC,87,0.0001925981,,
130890000MC,88,0.0019301689,,
130890000MC,94,0.9944716377,,
130890000MD,84,0.0001992753,,
130890000MD,89,0.9952788095,,
130890000MD,90,0.0045219152,,
130890000ME,82,0.0008001330,,
130890000ME,85,0.9991169191,,
130890000ME,86,0.0000829479,,
130890000MF,84,0.0019518002,,
130890000MF,86,0.9948881312,,
130890000MF,91,0.0031600687,,
130890000MG,82,0.9996804863,,
130890000MG,85,0.0003195137,,
130890000MH,81,0.9997374542,,
130890000MH,88,0.0002625458,,
130890000MI,86,0.9986672417,,
130890000MI,87,0.0011513475,,
130890000MI,94,0.0001814108,,
130890000MJ,82,0.0020192641,,
130890000MJ,83,0.9979807359,,
130890000MK,81,0.0016963483,,
130890000MK,82,0.0010052825,,
130890000MK,86,0.9966222865,,
130890000MK,87,0.0006760827,,
130890000ML,63,0.0000862348,,
130890000ML,89,0.0000503051,,
130890000ML,90,0.9998634601,,
130890000MN,85,0.0017632614,,
130890000MN,86,0.6124161806,,
130890000MN,87,0.3858205580,,
130890000MO,84,0.0046656963,,
130890000MO,85,0.9953343037,,
130890000MP,89,0.0045356656,,
130890000MP,90,0.9954643344,,
130890000MQ,51,0.0025921990,,
130890000MQ,80,0.9974078010,,
130890000MR,84,1.0000000000,,
130890000MS,52,0.0003913226,,
130890000MS,80,0.9996086774,,
130890000MT,63,0.0000368481,,
130890000MT,90,0.9999631519,,
130890000MU,52,0.9997310725,,
130890000MU,54,0.0000324078,,
130890000MU,80,0.0002365197,,
130890000MV,91,1.0000000000,,
130890000MW,81,1.0000000000,,
130890000MZ,86,0.0009526763,,
130890000MZ,92,0.0008585582,,
130890000MZ,93,0.9978737004,,
130890000MZ,94,0.0003150650,,
130890000NB,82,0.0036132410,,
130890000NB,84,0.0011558983,,
130890000NB,85,0.9952308607,,
130890000NC,87,0.9975644651,,
130890000NC,88,0.0024355349,,
130890000ND,81,0.0006010968,,
130890000ND,82,0.9960624519,,
130890000ND,86,0.0033364513,,
130890000NF,80,0.9996176072,,
130890000NF,97,0.0003823928,,
130890000OA,81,0.9970953528,,
130890000OA,82,0.0002515315,,
130890000OA,83,0.0026531158,,
130890000OB,80,0.9969860713,,
130890000OB,81,0.0023128762,,
130890000OB,96,0.0007010525,,
130890000OK,84,0.0002146984,,
130890000OK,89,0.9986342132,,
130890000OK,90,0.0011510884,,
130890000OV,84,0.0004229914,,
130890000OV,89,0.9982070857,,
130890000OV,90,0.0013699229,,
130890000PA,84,0.0003400985,,
130890000PA,85,0.9996599015,,
130890000PB,52,0.0013334194,,
130890000PB,80,0.9986665806,,
130890000PC,88,0.0002252034,,
130890000PC,93,0.0002939142,,
130890000PC,94,0.9967013905,,
130890000PC,95,0.0027794919,,
130890000PE,86,0.0016797584,,
130890000PE,87,0.9983202416,,
130890000PF,80,0.0014302032,,
130890000PF,81,0.9976490008,,
130890000PF,88,0.0005588891,,
130890000PF,96,0.0000068501,,
130890000PF,98,0.0003550568,,
130890000PG,82,0.0004988577,,
130890000PG,84,0.0000010705,,
130890000PG,89,0.9995000718,,
130890000PH,87,0.0017194096,,
130890000PH,88,0.9981546983,,
130890000PH,94,0.0001258921,,
130890000PI,86,0.0024878895,,
130890000PI,87,0.9956443939,,
130890000PI,88,0.0007433007,,
130890000PI,94,0.0011244159,,
130890000PN,89,0.0013849196,,
130890000PN,90,0.9986150804,,
130890000PR,86,0.9104449964,,
130890000PR,91,0.0004609871,,
130890000PR,92,0.0000005286,,
130890000PR,93,0.0004927540,,
130890000PR,94,0.0886007339,,
130890000RA,84,0.9999013091,,
130890000RA,85,0.0000986836,,
130890000RA,86,0.0000000073,,
130890000RC,88,0.9979278346,,
130890000RC,94,0.0020721654,,
130890000RD,82,0.0043480718,,
130890000RD,85,0.0000338721,,
130890000RD,86,0.9956180561,,
130890000RE,86,0.0006265982,,
130890000RE,87,0.9989757417,,
130890000RE,88,0.0003976600,,
130890000RF,94,0.0010987929,,
130890000RF,95,0.9989012071,,
130890000RG,85,0.9979565119,,
130890000RG,86,0.0020434881,,
130890000RH,88,0.0022676757,,
130890000RH,94,0.9977323243,,
130890000RI,94,0.6369549551,,
130890000RI,95,0.3630450449,,
130890000RJ,85,0.0003392556,,
130890000RJ,86,0.9990296095,,
130890000RJ,87,0.0006311349,,
130890000RK,87,0.0000116681,,
130890000RK,88,0.9956092320,,
130890000RK,94,0.0043790999,,
130890000RL,93,0.0010329606,,
130890000RL,94,0.0002646916,,
130890000RL,95,0.9987023478,,
130890000RM,87,0.5228109299,,
130890000RM,88,0.4771890701,,
130890000RN,82,0.0000011300,,
130890000RN,84,0.9998569381,,
130890000RN,89,0.0001419319,,
130890000SA,81,0.9975661445,,
130890000SA,82,0.0024338555,,
130890000SB,82,0.9992910873,,
130890000SB,85,0.0007089127,,
130890000SC,84,0.0000180218,,
130890000SC,85,0.9999819782,,
130890000SD,87,0.0000286420,,
130890000SD,88,0.9984616050,,
130890000SD,94,0.0015097530,,
130890000SE,52,0.0031297505,,
130890000SE,54,0.0005851831,,
130890000SE,83,0.9962850664,,
130890000SF,83,1.0000000000,,
130890000SG,84,0.0009554957,,
130890000SG,85,0.9990445043,,
130890000SH,88,0.9984336999,,
130890000SH,94,0.0003415429,,
130890000SH,108,0.0012247572,,
130890000SI,87,0.3749421840,,
130890000SI,88,0.6250578160,,
130890000SJ,87,0.2591459250,,
130890000SJ,88,0.7408540750,,
130890000SK,87,0.0009500369,,
130890000SK,88,0.9990499631,,
130890000SL,92,0.0010803660,,
130890000SL,93,0.9964866444,,
130890000SL,94,0.0007863050,,
130890000SL,95,0.0016466846,,
130890000SM,84,0.0009471749,,
130890000SM,89,0.0000872880,,
130890000SM,91,0.9983772775,,
130890000SM,92,0.0005882597,,
130890000SN,82,0.9993446531,,
130890000SN,86,0.0006553469,,
130890000SO,94,0.0037054129,,
130890000SO,95,0.9962945871,,
130890000SP,87,0.2948493473,,
130890000SP,88,0.7051506527,,
130890000SQ,88,1.0000000000,,
130890000SR,85,0.9990912855,,
130890000SR,86,0.0009087145,,
130890000SS,84,0.4740788520,,
130890000SS,86,0.0051706111,,
130890000SS,91,0.5207505369,,
130890000ST,88,0.0014639140,,
130890000ST,94,0.9973771578,,
130890000ST,95,0.0011589282,,
130890000SU,86,0.0009832800,,
130890000SU,87,0.9985227560,,
130890000SU,88,0.0004939640,,
130890000SV,88,0.9974790532,,
130890000SV,94,0.0025209468,,
130890000SW,92,0.9992291600,,
130890000SW,93,0.0007708400,,
130890000TA,89,0.0005169303,,
130890000TA,90,0.9994830697,,
130890000TC,84,0.9992660353,,
130890000TC,89,0.0007339647,,
130890000TF,81,0.0016953164,,
130890000TF,88,0.9979133101,,
130890000TF,98,0.0003913734,,
130890000TG,80,1.0000000000,,
130890000TH,81,0.6142772469,,
130890000TH,86,0.0000222743,,
130890000TH,87,0.0008186028,,
130890000TH,88,0.3848818760,,
130890000VB,82,0.9971750646,,
130890000VB,85,0.0020981717,,
130890000VB,86,0.0007267637,,
130890000WA,84,0.9991859999,,
130890000WA,85,0.0008140001,,
130890000WB,84,0.9999813395,,
130890000WB,86,0.0000186605,,
130890000WC,58,0.0000000708,,
130890000WC,63,0.0000178854,,
130890000WC,90,0.9999820438,,
130890000WD,86,0.0000432475,,
130890000WD,91,0.0021204772,,
130890000WD,92,0.9976906298,,
130890000WD,93,0.0001456456,,
130890000WF,82,0.0001523470,,
130890000WF,84,0.9998457223,,
130890000WF,89,0.0000019307,,
130890000WG,86,0.9990293371,,
130890000WG,87,0.0009706629,,
130890000WI,80,0.0008287639,,
130890000WI,81,0.9991712361,,
130890000WJ,54,0.0006774802,,
130890000WJ,57,0.0000213869,,
130890000WJ,82,0.0042065163,,
130890000WJ,83,0.9950946165,,
130890000WK,86,0.0005535596,,
130890000WK,87,0.9994464404,,
130890000WL,51,0.0000001099,,
130890000WL,80,0.9999823312,,
130890000WL,97,0.0000175588,,
130890000WN,88,0.0025185592,,
130890000WN,94,0.9974814408,,
130890000YA,86,0.0002692252,,
130890000YA,87,0.9982837273,,
130890000YA,88,0.0014470475,,
13091000LEE,148,0.0000003591,,
13091000LEE,149,0.9999996409,,
130910CHAUN,149,1.0000000000,,
130910CLARK,149,0.9999530347,,
130910CLARK,155,0.0000350870,,
130910CLARK,156,0.0000118784,,
130910EDDIN,148,0.0000480124,,
130910EDDIN,149,0.9999519876,,
130910EMPIR,149,1.0000000000,,
130910JAYBI,149,0.9999532093,,
130910JAYBI,155,0.0000467907,,
130910JONES,149,0.9999670564,,
130910JONES,155,0.0000329436,,
130910MCCRA,149,1.0000000000,,
130910MILAN,149,1.0000000000,,
130910MITCH,148,0.0001615979,,
130910MITCH,149,0.9998384021,,
130910MULLI,149,0.9999972854,,
130910MULLI,155,0.0000027146,,
130910PLAIN,149,0.9999223274,,
130910PLAIN,155,0.0000776726,,
130910PONDT,148,0.0000239983,,
130910PONDT,149,0.9999760017,,
130910RAWLI,149,1.0000000000,,
130910VILUL,149,1.0000000000,,
130910YONKE,149,1.0000000000,,
13093000002,148,0.0000032435,,
13093000002,150,0.9999967565,,
13093000005,148,0.0001103633,,
13093000005,150,0.9998896367,,
13093000007,148,0.0001031726,,
13093000007,150,0.9998968149,,
13093000007,151,0.0000000125,,
13093000008,150,1.0000000000,,
13093000010,150,1.0000000000,,
13095000001,152,0.0000988769,,
13095000001,153,0.9999011231,,
13095000002,152,0.0002380372,,
13095000002,153,0.9997619628,,
13095000003,153,1.0000000000,,
13095000004,151,0.0000701027,,
13095000004,152,0.0000046762,,
13095000004,153,0.9999252210,,
13095000005,151,0.0000125813,,
13095000005,153,0.9999874187,,
13095000006,153,1.0000000000,,
13095000007,151,0.7880456549,,
13095000007,153,0.2118971437,,
13095000007,154,0.0000572014,,
13095000008,151,0.0000717348,,
13095000008,153,0.0000080426,,
13095000008,154,0.9999202226,,
13095000009,151,0.0000211480,,
13095000009,154,0.9999788520,,
13095000010,152,0.0000122034,,
13095000010,153,0.3945869239,,
13095000010,154,0.6054008728,,
13095000011,153,0.0000175638,,
13095000011,154,0.9999824362,,
13095000012,153,0.9998719403,,
13095000012,154,0.0001280597,,
13095000013,153,0.9999813254,,
13095000013,154,0.0000186746,,
13095000014,153,0.0008872781,,
13095000014,154,0.9991127219,,
13095000015,153,1.0000000000,,
13095000016,153,1.0000000000,,
13095000017,153,1.0000000000,,
13095000018,152,0.0000744959,,
13095000018,153,0.9999255041,,
13095000019,152,0.9992436796,,
13095000019,153,0.0002735300,,
13095000019,154,0.0004827905,,
13095000020,152,0.9999987941,,
13095000020,154,0.0000000055,,
13095000020,171,0.0000012004,,
13095000021,152,0.9998936724,,
13095000021,153,0.0001063276,,
13095000022,152,0.0006589074,,
13095000022,153,0.9993410926,,
13095000023,152,0.0002550668,,
13095000023,153,0.9997449332,,
13095000024,153,1.0000000000,,
13095000025,151,0.9996517871,,
13095000025,152,0.0000004357,,
13095000025,154,0.0003477772,,
13095000026,152,0.0000674297,,
13095000026,153,0.0000149184,,
13095000026,154,0.9999089487,,
13095000026,171,0.0000087032,,
13095000027,153,1.0000000000,,
13095000028,153,1.0000000000,,
13097000729,64,0.0012046407,,
13097000729,66,0.9987953593,,
13097000730,61,0.0003312610,,
13097000730,64,0.0003885842,,
13097000730,66,0.9992801548,,
13097000731,38,0.0001681320,,
13097000731,61,0.9989573821,,
13097000731,64,0.0000326087,,
13097000731,66,0.0008418772,,
13097000732,61,0.0022052036,,
13097000732,64,0.0002129501,,
13097000732,66,0.9975818463,,
13097000733,64,0.0004408542,,
13097000733,66,0.9995591458,,
13097000734,64,0.9992796658,,
13097000734,66,0.0007203342,,
13097000735,64,0.0023699433,,
13097000735,65,0.0001663709,,
13097000735,66,0.9974636858,,
13097000737,61,0.0000510535,,
13097000737,66,0.9999489465,,
13097000738,64,0.0000464279,,
13097000738,65,0.0005867731,,
13097000738,66,0.9993667989,,
13097000739,65,0.0014737032,,
13097000739,66,0.9985262968,,
13097000740,66,1.0000000000,,
13097000784,61,0.0007120346,,
13097000784,65,0.0004458056,,
13097000784,66,0.9988421597,,
13097000785,65,0.9991410790,,
13097000785,66,0.0008589210,,
13097001258,18,0.0000004741,,
13097001258,64,0.9999582494,,
13097001258,71,0.0000412765,,
13097001259,64,0.9994286590,,
13097001259,66,0.0005713410,,
13097001260,64,0.9999664736,,
13097001260,65,0.0000298149,,
13097001260,70,0.0000000254,,
13097001260,71,0.0000036860,,
13097001270,38,0.0007250421,,
13097001270,39,0.0001444929,,
13097001270,61,0.9991304649,,
13097001271,64,0.9998879851,,
13097001271,71,0.0001120149,,
13097001272,64,0.9990889241,,
13097001272,65,0.0004090994,,
13097001272,66,0.0005019764,,
13097001273,38,0.0000003611,,
13097001273,61,0.9999996389,,
13097001274,38,0.0012587267,,
13097001274,61,0.9987412733,,
13097001275,39,0.0000002648,,
13097001275,61,0.9993037740,,
13097001275,66,0.0006959612,,
13097001276,61,0.0008867556,,
13097001276,66,0.9991132444,,
1309700736N,65,0.9976000530,,
1309700736N,66,0.0023999470,,
1309700736S,64,0.0004233082,,
1309700736S,65,0.9995766918,,
1309900000A,154,1.0000000000,,
1309900000B,154,1.0000000000,,
1309900000U,154,1.0000000000,,
130990000CS,154,1.0000000000,,
130990000CU,154,1.0000000000,,
13101001058,174,0.9999863571,,
13101001058,176,0.0000136429,,
1310300001A,159,0.9998059761,,
1310300001A,161,0.0001940239,,
1310300001B,159,0.9998273662,,
1310300001B,160,0.0001726338,,
1310300001C,159,0.9990568629,,
1310300001C,160,0.0007278364,,
1310300001C,161,0.0001664983,,
1310300001C,164,0.0000488024,,
1310300001D,159,0.0005724960,,
1310300001D,161,0.9993141623,,
1310300001D,164,0.0001133416,,
1310300002A,159,0.0004889518,,
1310300002A,161,0.9995110482,,
1310300002B,161,1.0000000000,,
1310300002C,159,0.0001113055,,
1310300002C,161,0.9998886945,,
1310300003A,159,0.9999672499,,
1310300003A,160,0.0000327501,,
1310300003B,159,1.0000000000,,
1310300003C,159,1.0000000000,,
1310300003D,159,0.9999927992,,
1310300003D,160,0.0000072008,,
1310300004A,159,0.9999240734,,
1310300004A,161,0.0000759266,,
1310300004B,159,0.6116770574,,
1310300004B,161,0.3883229426,,
1310300004C,159,0.9999126470,,
1310300004C,161,0.0000873530,,
1310300005A,159,0.0001940040,,
1310300005A,161,0.9998059960,,
1310300005B,161,1.0000000000,,
1310300005C,161,1.0000000000,,
13105000189,123,1.0000000000,,
13105000190,123,1.0000000000,,
13105000191,123,0.9999122586,,
13105000191,124,0.0000877414,,
13105000192,123,1.0000000000,,
13105000193,123,0.9999135421,,
13105000193,124,0.0000864579,,
13105000196,123,1.0000000000,,
13105000197,33,0.0000488156,,
13105000197,123,0.9999511844,,
13105000199,33,0.0001904597,,
13105000199,123,0.9998095403,,
13105000201,33,0.0000883514,,
13105000201,123,0.9999116486,,
13105000202,123,0.9999076307,,
13105000202,124,0.0000923693,,
13105000315,33,0.0000421808,,
13105000315,123,0.9999578192,,
13107000050,156,0.0002483074,,
13107000050,158,0.9997516926,,
13107000052,126,0.0000228591,,
13107000052,132,0.0006169800,,
13107000052,158,0.9993601609,,
13107000053,158,1.0000000000,,
13107000057,126,0.0000084254,,
13107000057,158,0.9999915746,,
13107000058,158,1.0000000000,,
13107001208,132,0.0002058894,,
13107001208,155,0.0001382107,,
13107001208,158,0.9996558999,,
13107001333,126,0.0000231923,,
13107001333,158,0.9999768077,,
13107001429,126,0.0000280065,,
13107001429,158,0.9999719935,,
13107001502,158,1.0000000000,,
13107001560,158,1.0000000000,,
13107001748,155,0.0002398755,,
13107001748,158,0.9997601245,,
13109000011,157,0.9998653053,,
13109000011,158,0.0001096045,,
13109000011,160,0.0000177537,,
13109000011,164,0.0000008668,,
13109000011,167,0.0000064697,,
1311100COLW,6,0.0000080017,,
1311100COLW,7,0.9999919983,,
1311100FAIR,7,0.9995476395,,
1311100FAIR,8,0.0004523605,,
1311100FLIN,7,1.0000000000,,
1311100HEMP,7,0.9994273592,,
1311100HEMP,8,0.0005726408,,
1311100HOTH,7,1.0000000000,,
1311100MINE,7,1.0000000000,,
1311100MOBI,7,1.0000000000,,
1311100MORG,7,0.9998081507,,
1311100MORG,8,0.0001918493,,
1311100NOON,7,1.0000000000,,
1311100SKEN,7,0.9998755631,,
1311100SKEN,8,0.0001059581,,
1311100SKEN,9,0.0000184788,,
1311100SUGC,7,1.0000000000,,
1311100TOCC,7,1.0000000000,,
13113000001,69,1.0000000000,,
13113000002,74,0.9999359379,,
13113000002,136,0.0000640621,,
13113000003,68,0.0003351603,,
13113000003,69,0.9989959081,,
13113000003,77,0.0006689316,,
13113000004,69,1.0000000000,,
13113000005,69,1.0000000000,,
13113000006,69,0.9992444836,,
13113000006,74,0.0000582024,,
13113000006,75,0.0006439935,,
13113000006,78,0.0000533205,,
13113000007,68,0.9986791848,,
13113000007,69,0.0013208152,,
13113000008,68,0.0009442828,,
13113000008,69,0.9990557172,,
13113000009,67,0.0045789421,,
13113000009,68,0.9950728939,,
13113000009,73,0.0003481639,,
13113000010,67,0.0004531751,,
13113000010,68,0.9992017695,,
13113000010,69,0.0003450553,,
13113000011,68,0.9975508316,,
13113000011,69,0.0011315734,,
13113000011,73,0.0013175950,,
13113000012,68,0.0013270862,,
13113000012,73,0.9986729138,,
13113000013,73,0.3341191896,,
13113000013,74,0.6658808104,,
13113000014,68,0.0002398099,,
13113000014,69,0.0002697078,,
13113000014,73,0.9992827950,,
13113000014,74,0.0002076873,,
13113000015,73,0.0001604106,,
13113000015,74,0.9998025489,,
13113000015,78,0.0000370405,,
13113000016,68,1.0000000000,,
13113000017,73,0.9999539938,,
13113000017,74,0.0000460062,,
13113000018,67,0.0021657323,,
13113000018,68,0.0025066233,,
13113000018,73,0.9953276444,,
13113000019,68,0.3285844332,,
13113000019,73,0.6714155668,,
13113000020,68,0.0047809863,,
13113000020,73,0.9952190137,,
13113000021,73,0.9948155908,,
13113000021,74,0.0051844092,,
13113000022,73,0.4431117643,,
13113000022,74,0.5568882357,,
13113000023,68,0.0014397056,,
13113000023,69,0.9985602944,,
13113000024,69,0.9987693116,,
13113000024,75,0.0012305393,,
13113000024,77,0.0000001490,,
13113000025,73,0.0006454900,,
13113000025,74,0.9993545100,,
13113000026,68,0.0006911196,,
13113000026,69,0.9982707838,,
13113000026,73,0.0010380966,,
13113000027,68,0.9990547090,,
13113000027,69,0.0009452910,,
13113000028,68,0.0010125273,,
13113000028,69,0.9989874727,,
13113000029,69,0.9987558414,,
13113000029,74,0.0012441586,,
13113000030,69,0.0021964519,,
13113000030,74,0.9974988988,,
13113000030,78,0.0003046493,,
13113000031,68,0.9993391894,,
13113000031,73,0.0006608106,,
13113000032,73,0.9987003631,,
13113000032,74,0.0003165957,,
13113000032,136,0.0009830413,,
13113000033,68,0.0013354274,,
13113000033,73,0.9986645726,,
13113000034,73,0.0003436737,,
13113000034,74,0.9980779652,,
13113000034,136,0.0015783611,,
13113000035,69,0.9997211764,,
13113000035,73,0.0002788236,,
13113000036,74,0.9997112696,,
13113000036,78,0.0002887304,,
13115000001,12,0.5863936455,,
13115000001,13,0.4136063545,,
13115000010,12,0.9995308937,,
13115000010,13,0.0004691063,,
13115000015,12,0.9998078003,,
13115000015,13,0.0001515757,,
13115000015,16,0.0000406240,,
13115000020,12,0.9999925984,,
13115000020,16,0.0000074016,,
13115000025,13,0.9999988092,,
13115000025,14,0.0000011908,,
13115000030,5,0.0005490671,,
13115000030,13,0.9994061373,,
13115000030,14,0.0000447956,,
13115000035,2,0.0000133717,,
13115000035,5,0.0000714427,,
13115000035,12,0.9999151857,,
13115000040,5,0.0002476608,,
13115000040,12,0.9997512681,,
13115000040,13,0.0000010711,,
13115000045,12,1.0000000000,,
13115000050,12,0.9994603896,,
13115000050,13,0.0005396104,,
13115000055,5,0.0000222492,,
13115000055,12,0.0008332410,,
13115000055,13,0.9991445098,,
13115000060,12,0.0000287851,,
13115000060,13,0.9998946238,,
13115000060,14,0.0000434367,,
13115000060,16,0.0000331545,,
13115000065,12,0.0008918503,,
13115000065,13,0.9991081497,,
13115000075,12,0.2957148005,,
13115000075,13,0.7042851995,,
13115000076,12,0.0008778335,,
13115000076,13,0.9991221665,,
13115000080,12,1.0000000000,,
13115000085,5,0.0015986255,,
13115000085,13,0.9984013745,,
13115000090,12,0.0017299576,,
13115000090,13,0.9982700424,,
13115000105,13,1.0000000000,,
13115000110,12,0.0018426665,,
13115000110,13,0.9981573335,,
13115000115,12,1.0000000000,,
13115000125,12,0.9995832568,,
13115000125,13,0.0004167432,,
13115000130,5,0.9994948809,,
13115000130,12,0.0000000508,,
13115000130,13,0.0005046624,,
13115000130,14,0.0000004059,,
13115000135,12,0.9978934515,,
13115000135,13,0.0021065485,,
13115000140,12,0.0007095510,,
13115000140,13,0.9992904490,,
13117000001,24,0.0004629573,,
13117000001,25,0.9986251806,,
13117000001,26,0.0002658492,,
13117000001,50,0.0003963834,,
13117000001,100,0.0002496295,,
13117000002,24,0.9985443879,,
13117000002,25,0.0009051431,,
13117000002,47,0.0005504690,,
13117000003,26,0.8570777536,,
13117000003,28,0.1424348538,,
13117000003,29,0.0000194427,,
13117000003,30,0.0002586888,,
13117000003,100,0.0002092611,,
13117000004,26,0.0002455066,,
13117000004,28,0.9997544934,,
13117000005,11,0.0001360976,,
13117000005,28,0.9998639024,,
13117000006,9,0.0000260035,,
13117000006,27,0.0000731710,,
13117000006,28,0.9999008255,,
13117000007,26,0.5706599710,,
13117000007,28,0.4293400290,,
13117000008,26,0.9992126719,,
13117000008,100,0.0007873281,,
13117000010,24,0.9992531907,,
13117000010,26,0.0007316971,,
13117000010,47,0.0000151123,,
13117000015,11,0.8009275733,,
13117000015,21,0.0000492451,,
13117000015,24,0.1464289847,,
13117000015,28,0.0525649586,,
13117000015,47,0.0000292383,,
13117000016,11,0.0001141942,,
13117000016,24,0.2216216607,,
13117000016,26,0.2329044391,,
13117000016,28,0.5453597059,,
13117000019,25,0.9975500016,,
13117000019,50,0.0005010919,,
13117000019,100,0.0019489066,,
13117000021,25,0.5009422654,,
13117000021,100,0.4990577346,,
13117000025,25,0.0001355528,,
13117000025,26,0.7956452810,,
13117000025,100,0.2042191662,,
13117000027,9,0.0000748558,,
13117000027,11,0.7170130991,,
13117000027,28,0.2829120451,,
13117000029,24,0.5177501101,,
13117000029,25,0.0015800553,,
13117000029,26,0.4806123138,,
13117000029,47,0.0000575208,,
13119000001,32,0.0000259407,,
13119000001,33,0.9999740593,,
13119000002,32,0.0001046050,,
13119000002,33,0.9998953950,,
13119000003,32,0.0000667839,,
13119000003,33,0.9999332161,,
13119000004,33,1.0000000000,,
13119000005,33,1.0000000000,,
13119000006,33,1.0000000000,,
13119000007,32,0.0000683386,,
13119000007,33,0.9999316614,,
1312100001A,59,0.0003114142,,
1312100001A,62,0.9992695808,,
1312100001A,63,0.0004190051,,
1312100001B,62,0.0026583325,,
1312100001B,63,0.9973093188,,
1312100001B,90,0.0000323487,,
1312100001C,62,0.9959165194,,
1312100001C,63,0.0040834806,,
1312100001D,59,0.9999654970,,
1312100001D,62,0.0000345030,,
1312100001E,59,0.0000285552,,
1312100001E,62,0.9999714448,,
1312100001F,59,0.9996667902,,
1312100001F,62,0.0003332098,,
1312100001G,59,0.0001374127,,
1312100001G,62,0.9998625873,,
1312100001H,58,0.0001987455,,
1312100001H,59,0.9998012545,,
1312100001I,58,0.0002066584,,
1312100001I,59,0.9997933416,,
1312100001J,59,0.0020350009,,
1312100001J,62,0.9979649991,,
1312100001P,62,0.0006087747,,
1312100001P,63,0.9993231798,,
1312100001P,90,0.0000680455,,
1312100001R,62,0.0012505484,,
1312100001R,63,0.9987494516,,
1312100001S,62,0.0015284911,,
1312100001S,63,0.9984715089,,
1312100001T,62,0.0022000950,,
1312100001T,63,0.9977977865,,
1312100001T,90,0.0000021186,,
1312100002A,56,0.0008461745,,
1312100002A,57,0.9991538255,,
1312100002B,56,0.0003366959,,
1312100002B,58,0.9996633041,,
1312100002C,56,0.0000174259,,
1312100002C,58,0.9999825741,,
1312100002D,58,0.9977604014,,
1312100002D,59,0.0022395986,,
1312100002E,58,0.9931488106,,
1312100002E,59,0.0012993224,,
1312100002E,63,0.0055485321,,
1312100002E,90,0.0000033350,,
1312100002G,58,0.0055304936,,
1312100002G,59,0.9930984903,,
1312100002G,63,0.0013710161,,
1312100002J,56,0.0000712009,,
1312100002J,57,0.9999287991,,
1312100002K,56,0.9997892969,,
1312100002K,57,0.0002107031,,
1312100002S,59,1.0000000000,,
1312100002W,56,0.0107706878,,
1312100002W,57,0.9892293122,,
1312100003A,55,0.0006083566,,
1312100003A,56,0.9993916434,,
1312100003B,55,0.0038830339,,
1312100003B,56,0.9961169661,,
1312100003C,55,0.0035514576,,
1312100003C,56,0.9964485424,,
1312100003D,56,1.0000000000,,
1312100003E,56,1.0000000000,,
1312100003F,55,0.0001009541,,
1312100003F,56,0.9975815016,,
1312100003F,57,0.0023175443,,
1312100003G,56,1.0000000000,,
1312100003H,55,0.9940806213,,
1312100003H,56,0.0059193787,,
1312100003I,56,0.9991533442,,
1312100003I,58,0.0008466558,,
1312100003L,55,0.0009030590,,
1312100003L,56,0.9990969410,,
1312100003M,55,0.9940384673,,
1312100003M,56,0.0037865218,,
1312100003M,60,0.0021750109,,
1312100003N,55,0.0007957408,,
1312100003N,56,0.9992042592,,
1312100003S,55,0.9987099666,,
1312100003S,56,0.0012900334,,
1312100003T,56,0.0001238543,,
1312100003T,58,0.9998761457,,
1312100004A,56,0.9998202169,,
1312100004A,58,0.0001797831,,
1312100004B,58,0.9951506855,,
1312100004B,59,0.0048493145,,
1312100004C,56,1.0000000000,,
1312100004D,56,0.9999007656,,
1312100004D,58,0.0000992344,,
1312100004F,56,0.0046539305,,
1312100004F,58,0.9953460695,,
1312100004G,58,0.0031400482,,
1312100004G,59,0.9968599518,,
1312100004I,58,0.9975626195,,
1312100004I,59,0.0024373805,,
1312100004J,56,0.9997847022,,
1312100004J,58,0.0002152978,,
1312100004K,56,0.0000714394,,
1312100004K,58,0.9995136332,,
1312100004K,59,0.0004149274,,
1312100004L,56,0.0000184969,,
1312100004L,58,0.9999815031,,
1312100004M,58,0.9947092584,,
1312100004M,59,0.0052907416,,
1312100004S,56,0.0006544256,,
1312100004S,58,0.9993455744,,
1312100004T,58,0.9999612187,,
1312100004T,59,0.0000387813,,
1312100004V,58,0.0040937962,,
1312100004V,59,0.9959062038,,
1312100004W,56,0.0000244156,,
1312100004W,58,0.9999755844,,
1312100005B,59,1.0000000000,,
1312100005C,59,1.0000000000,,
1312100005D,58,0.9999856380,,
1312100005D,59,0.0000143620,,
1312100005F,58,0.9840712176,,
1312100005F,59,0.0159287824,,
1312100005J,58,0.9993402578,,
1312100005J,59,0.0006597422,,
1312100005K,58,0.0053530327,,
1312100005K,59,0.9946469673,,
1312100006B,57,0.9992709810,,
1312100006B,58,0.0007290190,,
1312100006D,57,0.9997506364,,
1312100006D,82,0.0000936495,,
1312100006D,89,0.0001557140,,
1312100006E,57,1.0000000000,,
1312100006F,57,0.9999662261,,
1312100006F,89,0.0000337739,,
1312100006G,57,1.0000000000,,
1312100006I,54,0.0010485285,,
1312100006I,57,0.9989514715,,
1312100006J,57,1.0000000000,,
1312100006N,55,0.0002579518,,
1312100006N,57,0.9997420482,,
1312100006Q,57,1.0000000000,,
1312100006R,56,0.0001314414,,
1312100006R,57,0.9998685586,,
1312100007A,53,0.0010184293,,
1312100007A,54,0.9989815707,,
1312100007B,54,0.9996936803,,
1312100007B,83,0.0003063197,,
1312100007C,54,1.0000000000,,
1312100007D,53,0.0030390685,,
1312100007D,54,0.9969554052,,
1312100007D,55,0.0000055263,,
1312100007E,54,0.9985440803,,
1312100007E,57,0.0010531242,,
1312100007E,83,0.0004027955,,
1312100007F,54,0.9989931327,,
1312100007F,57,0.0010068673,,
1312100007H,54,0.0027929580,,
1312100007H,55,0.0004021268,,
1312100007H,57,0.9968049152,,
1312100007J,55,0.0009689870,,
1312100007J,57,0.9990310130,,
1312100007M,54,0.9988977219,,
1312100007M,57,0.0004455848,,
1312100007M,83,0.0006566933,,
1312100007N,54,0.0102944097,,
1312100007N,57,0.9897055903,,
1312100008A,40,0.0001968033,,
1312100008A,42,0.0001269823,,
1312100008A,53,0.0016268546,,
1312100008A,60,0.9980493598,,
1312100008B,53,0.9977795652,,
1312100008B,54,0.0013584162,,
1312100008B,60,0.0008620186,,
1312100008C,53,0.7454581435,,
1312100008C,54,0.0000120808,,
1312100008C,60,0.2545297757,,
1312100008D,53,0.9953369913,,
1312100008D,60,0.0046630087,,
1312100008E,40,0.0002665239,,
1312100008E,53,0.0000103806,,
1312100008E,60,0.9997230955,,
1312100008G,53,0.0059825194,,
1312100008G,54,0.0004850175,,
1312100008G,55,0.9935324631,,
1312100008H,53,0.0000060218,,
1312100008H,55,0.9999169301,,
1312100008H,57,0.0000770482,,
1312100008J,53,0.0003856075,,
1312100008J,55,0.9993393574,,
1312100008J,60,0.0002750350,,
1312100008K,55,1.0000000000,,
1312100008L,55,0.9949841145,,
1312100008L,56,0.0001013872,,
1312100008L,57,0.0049144983,,
1312100008M,53,0.9940322708,,
1312100008M,54,0.0006388350,,
1312100008M,55,0.0053288942,,
1312100008P,55,0.9985767284,,
1312100008P,56,0.0014232716,,
1312100009A,40,0.0003469949,,
1312100009A,55,0.0006147473,,
1312100009A,60,0.9990382578,,
1312100009B,39,0.0000824261,,
1312100009B,60,0.9999175739,,
1312100009C,55,0.0018005714,,
1312100009C,60,0.9981994286,,
1312100009D,55,1.0000000000,,
1312100009E,55,0.9987996443,,
1312100009E,60,0.0012003557,,
1312100009F,55,0.0030461093,,
1312100009F,60,0.9969538907,,
1312100009G,55,0.9969478051,,
1312100009G,56,0.0010302268,,
1312100009G,60,0.0020219681,,
1312100009H,55,1.0000000000,,
1312100009I,55,0.9999704949,,
1312100009I,56,0.0000295051,,
1312100009K,40,0.0001221782,,
1312100009K,55,0.4100520947,,
1312100009K,60,0.5898257272,,
1312100009M,40,0.0001345913,,
1312100009M,55,0.0012509279,,
1312100009M,60,0.9986144808,,
1312100010A,55,0.0003014248,,
1312100010A,60,0.9996985752,,
1312100010B,55,0.9999241369,,
1312100010B,58,0.0000000777,,
1312100010B,60,0.0000757855,,
1312100010C,55,0.0054878856,,
1312100010C,60,0.9945121144,,
1312100010D,55,0.0909679580,,
1312100010D,60,0.9090320420,,
1312100010E,55,0.0025944214,,
1312100010E,60,0.9974055786,,
1312100010F,55,0.9945599575,,
1312100010F,60,0.0054400425,,
1312100010G,55,0.9991341523,,
1312100010G,56,0.0008658477,,
1312100010I,55,0.9850792558,,
1312100010I,56,0.0072741538,,
1312100010I,58,0.0076465904,,
1312100010J,55,0.0009246056,,
1312100010J,56,0.9990422406,,
1312100010J,58,0.0000331539,,
1312100010K,55,0.0002284550,,
1312100010K,56,0.9997715450,,
1312100010M,56,0.9990883555,,
1312100010M,58,0.0009116445,,
1312100010P,60,1.0000000000,,
1312100010R,55,1.0000000000,,
1312100011B,55,0.0000043103,,
1312100011B,58,0.0003008685,,
1312100011B,60,0.9981635402,,
1312100011B,61,0.0015312811,,
1312100011C,55,0.1116688672,,
1312100011C,58,0.0000007619,,
1312100011C,60,0.8883261789,,
1312100011C,61,0.0000041920,,
1312100011G,58,0.0002705923,,
1312100011G,59,0.9997294077,,
1312100011H,56,0.9964546158,,
1312100011H,58,0.0035453842,,
1312100011J,58,0.0001565803,,
1312100011J,59,0.9984441744,,
1312100011J,62,0.0013992453,,
1312100011K,56,0.0010448396,,
1312100011K,58,0.9982959001,,
1312100011K,59,0.0006592603,,
1312100011M,55,0.0009636464,,
1312100011M,58,0.9983764949,,
1312100011M,59,0.0006598587,,
1312100011N,55,0.0003122438,,
1312100011N,58,0.9982049848,,
1312100011N,59,0.0001639113,,
1312100011N,60,0.0013188601,,
1312100011P,58,0.0018570584,,
1312100011P,59,0.9976397897,,
1312100011P,61,0.0005031519,,
1312100011R,58,0.9991149312,,
1312100011R,59,0.0008850688,,
1312100012A,59,0.9990776962,,
1312100012A,62,0.0009223038,,
1312100012D,59,0.0041937715,,
1312100012D,62,0.9958062285,,
1312100012F,59,0.0008643758,,
1312100012F,62,0.9978495749,,
1312100012F,63,0.0012860493,,
1312100012G,62,1.0000000000,,
1312100012I,58,0.0000338200,,
1312100012I,59,0.9999661800,,
1312100012J,63,1.0000000000,,
1312100012K,58,0.0000126325,,
1312100012K,59,0.9999873675,,
1312100012L,58,0.0001812686,,
1312100012L,59,0.9993908336,,
1312100012L,62,0.0004278978,,
1312100012M,63,0.9916116560,,
1312100012M,76,0.0024508495,,
1312100012M,77,0.0057124190,,
1312100012M,90,0.0002250755,,
1312100012N,59,1.0000000000,,
1312100012S,59,0.9961297856,,
1312100012S,62,0.0038702144,,
131210002F1,57,0.0000672029,,
131210002F1,58,0.9974038976,,
131210002F1,59,0.0024807017,,
131210002F1,89,0.0000481978,,
131210002F2,57,0.9967644970,,
131210002F2,58,0.0032355030,,
131210002L1,56,0.9995648148,,
131210002L1,57,0.0002367421,,
131210002L1,58,0.0001984431,,
131210002L2,56,0.9999890754,,
131210002L2,58,0.0000109246,,
131210003P2,56,0.9989486102,,
131210003P2,58,0.0010513898,,
131210004X1,56,0.0000522252,,
131210004X1,58,0.9999477748,,
131210004X2,56,0.0070611389,,
131210004X2,58,0.9929388611,,
131210005A1,59,0.9976619574,,
131210005A1,62,0.0009043953,,
131210005A1,63,0.0014336473,,
131210005A2,59,0.0050256411,,
131210005A2,62,0.0000898848,,
131210005A2,63,0.9948177996,,
131210005A2,90,0.0000666745,,
131210006L1,57,1.0000000000,,
131210006L2,56,0.0004227592,,
131210006L2,57,0.9995772408,,
131210008F1,53,0.9990786954,,
131210008F1,55,0.0002081768,,
131210008F1,60,0.0007131278,,
131210008F2,40,0.0020938651,,
131210008F2,60,0.9979061349,,
131210008N1,53,0.0059338842,,
131210008N1,60,0.9940661158,,
131210008N2,53,0.0016631804,,
131210008N2,60,0.9983368196,,
131210010H1,55,0.9984488976,,
131210010H1,60,0.0015511024,,
131210010H2,55,1.0000000000,,
131210011E1,59,0.0013608335,,
131210011E1,60,0.0014033397,,
131210011E1,61,0.9972358268,,
131210011E2,59,0.9960040841,,
131210011E2,61,0.0039959159,,
131210011E3,59,0.9980808817,,
131210011E3,61,0.0019191183,,
131210012E1,62,0.9979024723,,
131210012E1,63,0.0020975277,,
131210012E2,63,0.9971240041,,
131210012E2,77,0.0028759959,,
131210012H1,62,0.0048563644,,
131210012H1,63,0.9951436356,,
131210012H2,62,0.0027386118,,
131210012H2,63,0.9972613882,,
13121003P1A,55,0.0042090887,,
13121003P1A,56,0.9957909113,,
13121003P1B,56,1.0000000000,,
1312100AP03,48,1.0000000000,,
1312100AP05,24,0.0003787965,,
1312100AP05,25,0.9984426633,,
1312100AP05,47,0.0008245728,,
1312100AP05,50,0.0003539674,,
1312100AP06,47,0.0001387100,,
1312100AP06,49,0.9998612900,,
1312100AP10,47,0.0025822586,,
1312100AP10,49,0.9974177414,,
1312100AP14,25,0.0000028730,,
1312100AP14,48,0.9121548047,,
1312100AP14,49,0.0870073327,,
1312100AP14,50,0.0008349895,,
1312100CH01,65,0.9989044835,,
1312100CH01,67,0.0010955165,,
1312100CH02,64,0.0002067020,,
1312100CH02,65,0.9997932980,,
1312100CH03,64,0.0001645996,,
1312100CH03,65,0.9995479980,,
1312100CH03,67,0.0001951985,,
1312100CH03,70,0.0000922039,,
1312100CH05,65,0.9994558374,,
1312100CH05,67,0.0002663379,,
1312100CH05,70,0.0002778247,,
1312100CP02,63,0.9988033202,,
1312100CP02,77,0.0011966798,,
1312100HP01,63,0.9999943876,,
1312100HP01,77,0.0000056124,,
1312100JC01,25,0.0013266358,,
1312100JC01,50,0.9983870691,,
1312100JC01,97,0.0001002351,,
1312100JC01,99,0.0001860600,,
1312100JC02,25,0.0009703082,,
1312100JC02,50,0.9990296918,,
1312100JC05,50,1.0000000000,,
1312100JC06,50,0.9992993049,,
1312100JC06,97,0.0007006951,,
1312100JC07,50,1.0000000000,,
1312100JC08,50,1.0000000000,,
1312100JC09,50,1.0000000000,,
1312100JC10,25,0.0004241059,,
1312100JC10,48,0.0005253362,,
1312100JC10,49,0.0002777510,,
1312100JC10,50,0.9987728069,,
1312100JC11,48,0.0016774145,,
1312100JC11,50,0.9983225855,,
1312100JC12,48,0.9980414451,,
1312100JC12,50,0.0011108965,,
1312100JC12,97,0.0008476584,,
1312100JC14,48,0.9990521068,,
1312100JC14,50,0.0009478932,,
1312100JC15,48,0.9984877281,,
1312100JC15,50,0.0015122719,,
1312100JC16,48,0.9981776194,,
1312100JC16,49,0.0018223806,,
1312100JC18,48,0.9983044798,,
1312100JC18,51,0.0016955202,,
1312100JC19,48,0.7114522243,,
1312100JC19,51,0.2885477757,,
1312100ML03,47,1.0000000000,,
1312100MP01,46,0.0010801871,,
1312100MP01,47,0.9976666571,,
1312100MP01,49,0.0012531558,,
1312100PA01,65,0.0012652433,,
1312100PA01,67,0.9987347567,,
1312100RW01,45,0.0017740263,,
1312100RW01,46,0.0003204068,,
1312100RW01,49,0.9969477599,,
1312100RW01,53,0.0009578070,,
1312100RW02,45,0.0007930497,,
1312100RW02,49,0.0002897012,,
1312100RW02,51,0.0000976257,,
1312100RW02,53,0.9988196233,,
1312100RW03,48,0.0003251024,,
1312100RW03,49,0.0005999007,,
1312100RW03,51,0.4499419599,,
1312100RW03,53,0.5491330370,,
1312100RW04,51,1.0000000000,,
1312100RW05,48,0.9979002190,,
1312100RW05,49,0.0011460910,,
1312100RW05,51,0.0009536900,,
1312100RW06,48,0.0019765365,,
1312100RW06,51,0.9980234635,,
1312100RW08,48,0.0001033227,,
1312100RW08,49,0.9992979353,,
1312100RW08,53,0.0005987420,,
1312100RW09,21,0.0010921404,,
1312100RW09,46,0.0000574648,,
1312100RW09,47,0.5500647320,,
1312100RW09,49,0.4487856628,,
1312100RW10,49,0.0012342508,,
1312100RW10,53,0.9987657492,,
1312100RW12,47,0.0008169418,,
1312100RW12,48,0.0001045948,,
1312100RW12,49,0.9990784634,,
1312100RW13,48,0.9984450801,,
1312100RW13,51,0.0015549199,,
1312100RW16,48,0.0012607443,,
1312100RW16,49,0.9987392557,,
1312100RW17,51,1.0000000000,,
1312100RW19,47,0.9985058652,,
1312100RW19,49,0.0014941348,,
1312100RW20,51,1.0000000000,,
1312100RW21,48,0.0008654518,,
1312100RW21,51,0.9991345482,,
1312100SC02,60,0.1724713861,,
1312100SC02,61,0.8275286139,,
1312100SC04,65,0.9993987930,,
1312100SC04,67,0.0006012070,,
1312100SC10,62,0.0001113750,,
1312100SC10,63,0.9986447967,,
1312100SC10,68,0.0000280310,,
1312100SC10,69,0.0012157973,,
1312100SC13,65,0.8425159689,,
1312100SC13,67,0.1574840311,,
1312100SC15,61,0.0003864206,,
1312100SC15,65,0.9996135794,,
1312100SC20,61,0.9988219271,,
1312100SC20,65,0.0011780729,,
1312100SC27,63,0.9967443073,,
1312100SC27,69,0.0032556927,,
1312100SS01,48,0.0003735844,,
1312100SS01,51,0.9986692775,,
1312100SS01,80,0.0008522321,,
1312100SS01,97,0.0001049061,,
1312100SS03,52,0.9981305891,,
1312100SS03,53,0.0018694109,,
1312100SS04,51,0.0009094762,,
1312100SS04,52,0.9971988531,,
1312100SS04,53,0.0018916707,,
1312100SS05,52,0.0023991937,,
1312100SS05,53,0.9976008063,,
1312100SS06,52,0.9978136190,,
1312100SS06,53,0.0021863810,,
1312100SS12,52,0.0009664755,,
1312100SS12,54,0.9990335245,,
1312100SS14,54,1.0000000000,,
1312100SS16,43,0.0000020767,,
1312100SS16,45,0.0012755786,,
1312100SS16,52,0.0000061375,,
1312100SS16,53,0.9987162072,,
1312100SS17,51,0.9988735168,,
1312100SS17,80,0.0011264832,,
1312100SS20,51,0.9952436639,,
1312100SS20,53,0.0025218415,,
1312100SS20,80,0.0022344946,,
1312100SS22,45,0.0002069537,,
1312100SS22,51,0.0007786465,,
1312100SS22,53,0.9990143998,,
1312100SS26,51,0.9948249993,,
1312100SS26,52,0.0021400853,,
1312100SS26,53,0.0030349154,,
1312100SS31,52,0.9998898652,,
1312100SS31,53,0.0001086819,,
1312100SS31,54,0.0000014529,,
131210AP01A,25,0.0003033117,,
131210AP01A,47,0.0000344809,,
131210AP01A,48,0.0008465593,,
131210AP01A,49,0.9988124104,,
131210AP01A,50,0.0000032377,,
131210AP01B,48,0.0013368356,,
131210AP01B,49,0.9986631644,,
131210AP01C,48,0.0077247811,,
131210AP01C,49,0.9922752189,,
131210AP01D,48,0.9979323454,,
131210AP01D,49,0.0020676546,,
131210AP01E,48,1.0000000000,,
131210AP021,47,0.0002639047,,
131210AP021,49,0.9997360953,,
131210AP022,48,0.3541199882,,
131210AP022,49,0.6458800118,,
131210AP02B,48,0.9992480747,,
131210AP02B,51,0.0007519253,,
131210AP04A,47,0.0006710854,,
131210AP04A,49,0.9993289146,,
131210AP04B,49,1.0000000000,,
131210AP07A,47,0.9996130133,,
131210AP07A,49,0.0003869867,,
131210AP07B,47,0.4419580501,,
131210AP07B,49,0.5580419499,,
131210AP09A,25,0.9978391143,,
131210AP09A,47,0.0000661685,,
131210AP09A,49,0.0002176423,,
131210AP09A,50,0.0018770749,,
131210AP09B,25,0.0025591431,,
131210AP09B,50,0.9974408569,,
131210AP12A,25,0.0011619262,,
131210AP12A,47,0.9947470666,,
131210AP12A,49,0.0040910072,,
131210AP12B,24,0.0020975491,,
131210AP12B,25,0.0027600273,,
131210AP12B,47,0.9951424236,,
131210AP12C,47,0.0008216243,,
131210AP12C,49,0.9991783757,,
131210AP12D,47,1.0000000000,,
131210CH04A,65,0.9992448934,,
131210CH04A,67,0.0007551066,,
131210CH04B,67,1.0000000000,,
131210CP011,62,0.0074375491,,
131210CP011,63,0.9925624509,,
131210CP012,62,0.9980299263,,
131210CP012,63,0.0019700737,,
131210CP01B,63,1.0000000000,,
131210CP04A,63,1.0000000000,,
131210CP04B,62,0.0058474690,,
131210CP04B,63,0.9933778083,,
131210CP04B,77,0.0007747227,,
131210CP051,62,0.9984095523,,
131210CP051,63,0.0015904477,,
131210CP052,62,0.9949531948,,
131210CP052,63,0.0050468052,,
131210CP053,62,1.0000000000,,
131210CP05B,62,0.0003156554,,
131210CP05B,63,0.9996843446,,
131210CP06A,62,0.0000787019,,
131210CP06A,63,0.9990775056,,
131210CP06A,77,0.0008437925,,
131210CP06B,62,0.0014502195,,
131210CP06B,63,0.9985497805,,
131210CP07A,62,1.0000000000,,
131210CP07B,62,0.0000842613,,
131210CP07B,63,0.9990540017,,
131210CP07B,77,0.0008617370,,
131210CP07C,62,1.0000000000,,
131210CP07D,62,1.0000000000,,
131210CP07E,62,1.0000000000,,
131210CP07F,62,0.9943203239,,
131210CP07F,63,0.0056796761,,
131210CP081,63,1.0000000000,,
131210CP083,63,1.0000000000,,
131210CP084,62,0.9939297891,,
131210CP084,63,0.0014245422,,
131210CP084,68,0.0046456687,,
131210CP08A,63,1.0000000000,,
131210EP01A,62,0.9997416115,,
131210EP01A,63,0.0002583885,,
131210EP01B,58,0.0000656740,,
131210EP01B,59,0.6977465970,,
131210EP01B,62,0.3013179980,,
131210EP01B,63,0.0008697310,,
131210EP02A,62,0.0029251310,,
131210EP02A,63,0.9970748690,,
131210EP02B,62,0.9992311742,,
131210EP02B,63,0.0007688258,,
131210EP02C,63,1.0000000000,,
131210EP02D,59,0.0008742381,,
131210EP02D,62,0.9991257619,,
131210EP02E,62,1.0000000000,,
131210EP03A,59,0.0009365802,,
131210EP03A,62,0.9990634198,,
131210EP03B,62,1.0000000000,,
131210EP04A,59,0.0001039399,,
131210EP04A,61,0.0011378442,,
131210EP04A,62,0.9987582160,,
131210EP04B,59,0.0006754531,,
131210EP04B,61,0.9984558861,,
131210EP04B,62,0.0008154881,,
131210EP04B,68,0.0000531727,,
131210FA01A,67,0.9999307486,,
131210FA01A,68,0.0000692514,,
131210FA01B,67,0.9994508308,,
131210FA01B,68,0.0005491692,,
131210FA01C,67,0.0005060491,,
131210FA01C,68,0.9994939509,,
131210JC03A,50,1.0000000000,,
131210JC03B,25,0.0000344023,,
131210JC03B,50,0.9999655977,,
131210JC04A,25,0.0019569883,,
131210JC04A,50,0.9980430117,,
131210JC04B,25,0.0056098938,,
131210JC04B,50,0.9943901062,,
131210JC13A,48,0.9989256763,,
131210JC13A,51,0.0010743237,,
131210JC13B,48,1.0000000000,,
131210ML011,47,0.0033114179,,
131210ML011,49,0.9966885821,,
131210ML012,21,0.0001858275,,
131210ML012,47,0.9648948947,,
131210ML012,49,0.0349192779,,
131210ML01B,47,0.9776485841,,
131210ML01B,49,0.0223514159,,
131210ML021,21,0.0017978775,,
131210ML021,47,0.9982008539,,
131210ML021,49,0.0000012686,,
131210ML022,47,1.0000000000,,
131210ML023,47,0.9982403165,,
131210ML023,49,0.0017596835,,
131210ML024,47,1.0000000000,,
131210ML04A,47,0.9986220217,,
131210ML04A,49,0.0013779783,,
131210ML04B,47,1.0000000000,,
131210ML04C,47,1.0000000000,,
131210ML05A,47,1.0000000000,,
131210ML05B,47,1.0000000000,,
131210ML05C,24,0.0000005980,,
131210ML05C,47,0.9999994020,,
131210ML06A,24,0.0000120372,,
131210ML06A,47,0.9999879628,,
131210ML06B,24,0.0002197598,,
131210ML06B,47,0.9997802402,,
131210ML071,47,1.0000000000,,
131210ML072,24,0.0001861027,,
131210ML072,47,0.9998138973,,
131210ML07A,47,1.0000000000,,
131210RW07A,48,0.0140673502,,
131210RW07A,51,0.9859326498,,
131210RW07B,48,0.9945008982,,
131210RW07B,51,0.0054991018,,
131210RW11A,45,0.0015930705,,
131210RW11A,51,0.0013183248,,
131210RW11A,53,0.9970886047,,
131210RW11B,51,0.0000017972,,
131210RW11B,53,0.9999982028,,
131210RW22A,48,0.0009481883,,
131210RW22A,51,0.9990518117,,
131210RW22B,51,1.0000000000,,
131210SC01A,61,1.0000000000,,
131210SC01B,61,0.9998201491,,
131210SC01B,65,0.0001798509,,
131210SC01C,60,0.0006743412,,
131210SC01C,61,0.9993256588,,
131210SC01D,61,0.9994871481,,
131210SC01D,65,0.0004273460,,
131210SC01D,66,0.0000855059,,
131210SC05A,65,0.9992775313,,
131210SC05A,67,0.0007224687,,
131210SC05B,61,0.3194381211,,
131210SC05B,65,0.6805618789,,
131210SC05D,65,1.0000000000,,
131210SC05E,61,0.0010110742,,
131210SC05E,65,0.9989889258,,
131210SC07A,65,0.0707119930,,
131210SC07A,67,0.9292809978,,
131210SC07A,68,0.0000070092,,
131210SC07B,65,1.0000000000,,
131210SC07C,67,0.0055763696,,
131210SC07C,68,0.9944236304,,
131210SC08A,68,1.0000000000,,
131210SC08B,62,0.0758033183,,
131210SC08B,63,0.0002481375,,
131210SC08B,68,0.9239450908,,
131210SC08B,69,0.0000034534,,
131210SC08C,61,1.0000000000,,
131210SC08D,63,0.9985297203,,
131210SC08D,68,0.0014702797,,
131210SC08E,68,1.0000000000,,
131210SC08F,67,0.0000889452,,
131210SC08F,68,0.9999110548,,
131210SC08G,67,0.0185653845,,
131210SC08G,68,0.9814346155,,
131210SC08H,67,0.0001177397,,
131210SC08H,68,0.9998822603,,
131210SC09A,63,0.9953903359,,
131210SC09A,69,0.0046096641,,
131210SC09B,63,0.0003135599,,
131210SC09B,68,0.0001396341,,
131210SC09B,69,0.9995468061,,
131210SC09C,63,0.0012203091,,
131210SC09C,69,0.9987796909,,
131210SC11A,69,1.0000000000,,
131210SC11B,69,1.0000000000,,
131210SC14A,55,0.0011247498,,
131210SC14A,60,0.9974160904,,
131210SC14A,61,0.0014591598,,
131210SC14B,39,0.0002739248,,
131210SC14B,60,0.9995682844,,
131210SC14B,61,0.0001577908,,
131210SC16A,60,0.0010408228,,
131210SC16A,61,0.9989591772,,
131210SC16B,60,0.0015656543,,
131210SC16B,61,0.9984343457,,
131210SC17A,61,1.0000000000,,
131210SC17B,68,1.0000000000,,
131210SC17C,61,0.0023456442,,
131210SC17C,62,0.0025971761,,
131210SC17C,68,0.9950571797,,
131210SC18A,61,1.0000000000,,
131210SC18B,61,1.0000000000,,
131210SC18C,61,0.9982756002,,
131210SC18C,65,0.0017243998,,
131210SC19A,61,0.9949721120,,
131210SC19A,68,0.0050278880,,
131210SC19B,61,0.0019389106,,
131210SC19B,62,0.9976662683,,
131210SC19B,68,0.0003948212,,
131210SC211,68,0.9984988275,,
131210SC211,69,0.0015011725,,
131210SC212,67,0.0017220404,,
131210SC212,68,0.9982779596,,
131210SC21A,67,0.0024136925,,
131210SC21A,68,0.9975863075,,
131210SC23A,69,0.9999729675,,
131210SC23A,77,0.0000270325,,
131210SC23B,68,0.0056593330,,
131210SC23B,69,0.9943406670,,
131210SC23C,68,0.0001994489,,
131210SC23C,69,0.9997327522,,
131210SC23C,77,0.0000677989,,
131210SC29A,68,0.0011779982,,
131210SC29A,69,0.9988220018,,
131210SC29B,68,0.9900184140,,
131210SC29B,69,0.0099815860,,
131210SC30A,55,0.9899755897,,
131210SC30A,60,0.0100244103,,
131210SC30B,55,0.9957060654,,
131210SC30B,58,0.0000440254,,
131210SC30B,60,0.0042499092,,
131210SS02A,52,0.0041466022,,
131210SS02A,53,0.9958533978,,
131210SS02B,52,0.9829510603,,
131210SS02B,53,0.0170489397,,
131210SS07A,52,1.0000000000,,
131210SS07B,52,1.0000000000,,
131210SS07C,52,0.9967424117,,
131210SS07C,54,0.0032575883,,
131210SS08A,52,0.9980043618,,
131210SS08A,54,0.0019956382,,
131210SS08B,52,1.0000000000,,
131210SS08C,52,1.0000000000,,
131210SS08D,52,1.0000000000,,
131210SS09A,42,0.0013852678,,
131210SS09A,53,0.9980465286,,
131210SS09A,60,0.0005682036,,
131210SS09B,52,0.0002701935,,
131210SS09B,53,0.9996204787,,
131210SS09B,54,0.0001093278,,
131210SS11A,52,0.0015970291,,
131210SS11A,54,0.9984029709,,
131210SS11B,52,0.0016155276,,
131210SS11B,53,0.0002766339,,
131210SS11B,54,0.9981078384,,
131210SS11C,52,0.0129228684,,
131210SS11C,54,0.9870771316,,
131210SS11D,53,0.0004319774,,
131210SS11D,54,0.9995680226,,
131210SS13A,54,1.0000000000,,
131210SS13B,53,0.0004567136,,
131210SS13B,54,0.9995432864,,
131210SS15A,51,0.9997717608,,
131210SS15A,53,0.0002282392,,
131210SS15B,51,1.0000000000,,
131210SS18A,45,0.0027028450,,
131210SS18A,52,0.0012378513,,
131210SS18A,53,0.9960593037,,
131210SS18B,45,0.0008483653,,
131210SS18B,53,0.9991516347,,
131210SS19A,45,0.0000675423,,
131210SS19A,51,0.0007702004,,
131210SS19A,53,0.9991622572,,
131210SS19B,45,0.0004328144,,
131210SS19B,51,0.0000905692,,
131210SS19B,53,0.9994766165,,
131210SS29A,51,0.0004061103,,
131210SS29A,52,0.9994519071,,
131210SS29A,80,0.0001419826,,
131210SS29B,52,1.0000000000,,
131210UC01A,67,0.0015125237,,
131210UC01A,68,0.9984874763,,
131210UC01B,63,0.9956547822,,
131210UC01B,68,0.0043452178,,
131210UC01C,63,0.0000031786,,
131210UC01C,68,0.9990224226,,
131210UC01C,69,0.0009743988,,
131210UC01D,61,0.0006112518,,
131210UC01D,67,0.0002458589,,
131210UC01D,68,0.9991428893,,
131210UC01E,61,0.9953243538,,
131210UC01E,65,0.0008909379,,
131210UC01E,68,0.0037847082,,
131210UC02A,65,0.1185183499,,
131210UC02A,67,0.8809639162,,
131210UC02A,68,0.0005177339,,
131210UC02B,61,0.0004530708,,
131210UC02B,65,0.9995469292,,
131210UC031,68,0.9994530530,,
131210UC031,69,0.0005469470,,
131210UC032,67,0.0009264373,,
131210UC032,68,0.9990735627,,
131210UC033,68,0.0057493031,,
131210UC033,69,0.9942506969,,
131210UC035,68,0.9999937425,,
131210UC035,69,0.0000062575,,
13123000001,7,1.0000000000,,
13123000002,7,0.9999728777,,
13123000002,11,0.0000271223,,
13123000003,6,0.0001789757,,
13123000003,7,0.9998210243,,
13123000004,7,0.9998266526,,
13123000004,11,0.0001733474,,
13123000005,6,0.0000029948,,
13123000005,7,0.9999866011,,
13123000005,11,0.0000104041,,
13123000006,7,1.0000000000,,
13123000007,7,1.0000000000,,
13123000008,6,0.0002943615,,
13123000008,7,0.9997056385,,
13123000009,7,1.0000000000,,
13123000010,7,1.0000000000,,
13123000011,7,0.9998902709,,
13123000011,11,0.0001097291,,
13123000012,7,1.0000000000,,
13123000013,7,1.0000000000,,
1312500EDGH,128,0.9989466715,,
1312500EDGH,132,0.0010533285,,
1312500GIBS,128,0.9998843139,,
1312500GIBS,132,0.0001156861,,
1312500MILL,128,0.9999931991,,
1312500MILL,132,0.0000068009,,
1312500MITC,128,1.0000000000,,
13127001713,167,0.9999379809,,
13127001713,174,0.0000169265,,
13127001713,178,0.0000027919,,
13127001713,179,0.0000423008,,
13127001923,167,0.9997932933,,
13127001923,174,0.0000249266,,
13127001923,179,0.0000039949,,
13127001923,180,0.0001777852,,
13127001933,167,0.0001020210,,
13127001933,174,0.0000267847,,
13127001933,179,0.0000638200,,
13127001933,180,0.9998073743,,
13127001943,167,0.0005349148,,
13127001943,179,0.9993532382,,
13127001943,180,0.0001118470,,
13127002713,179,1.0000000000,,
13127002923,167,0.0000867786,,
13127002923,179,0.9999132214,,
13127002933,179,1.0000000000,,
13127002943,179,0.9999990095,,
13127002943,180,0.0000009905,,
13127002953,179,0.0000089179,,
13127002953,180,0.9999910821,,
13127003713,167,0.9998094549,,
13127003713,179,0.0001905451,,
13127003723,167,0.0004202337,,
13127003723,179,0.9995797663,,
13127003733,167,0.0005693498,,
13127003733,179,0.9994306502,,
13127003743,167,0.9996794153,,
13127003743,179,0.0003205847,,
13127004913,167,0.0000042027,,
13127004913,179,0.9999957973,,
13127004923,179,1.0000000000,,
13127004933,179,1.0000000000,,
13127005913,179,1.0000000000,,
13127005923,179,0.9998506018,,
13127005923,180,0.0001493982,,
13127005933,179,1.0000000000,,
13127005943,179,0.9999853886,,
13127005943,180,0.0000146114,,
13129000856,5,0.9998847286,,
13129000856,14,0.0001152714,,
13129000874,5,0.9996048410,,
13129000874,6,0.0003711671,,
13129000874,11,0.0000135971,,
13129000874,14,0.0000103947,,
13129000973,5,0.9993098716,,
13129000973,6,0.0006901284,,
13129000980,2,0.0000070134,,
13129000980,4,0.0000650039,,
13129000980,5,0.9992933910,,
13129000980,6,0.0006345917,,
13129001054,2,0.0000025674,,
13129001054,5,0.9999676815,,
13129001054,12,0.0000297511,,
13129001055,5,0.9999460804,,
13129001055,12,0.0000146681,,
13129001055,14,0.0000392514,,
13129001056,5,0.9999808576,,
13129001056,14,0.0000191424,,
13129001063,5,0.0010016750,,
13129001063,6,0.9989983250,,
13129001064,5,0.9996341428,,
13129001064,12,0.0003658572,,
13129001235,5,0.0008049963,,
13129001235,6,0.9991573933,,
13129001235,7,0.0000029780,,
13129001235,11,0.0000346324,,
131290849-A,5,0.9999153029,,
131290849-A,6,0.0000846971,,
131290849-B,5,1.0000000000,,
1313100000B,171,0.9999057704,,
1313100000B,173,0.0000942296,,
1313100000D,171,0.0000396402,,
1313100000D,173,0.9999603598,,
1313100000H,171,0.9999737333,,
1313100000H,173,0.0000262667,,
1313100000L,171,1.0000000000,,
1313100000M,171,0.0005315729,,
1313100000M,173,0.9994684271,,
1313100000P,173,1.0000000000,,
1313100000R,171,0.9993080234,,
1313100000R,173,0.0006919766,,
1313100000S,171,0.9997852511,,
1313100000S,173,0.0002147489,,
1313100000W,171,0.9997087407,,
1313100000W,173,0.0002912593,,
131310000SH,171,0.9999061156,,
131310000SH,173,0.0000938844,,
131310000WL,171,0.0002483581,,
131310000WL,173,0.9997516419,,
13131000C04,171,0.0009689183,,
13131000C04,173,0.9990310817,,
13131000C05,173,1.0000000000,,
13133000001,114,0.0001328412,,
13133000001,121,0.0000186364,,
13133000001,124,0.9998485224,,
13133000004,124,1.0000000000,,
13133000005,124,1.0000000000,,
13133000006,124,0.9999539503,,
13133000006,128,0.0000460497,,
13133000008,114,0.0000602980,,
13133000008,124,0.9999198267,,
13133000008,128,0.0000198753,,
13135000001,105,0.0006201510,,
13135000001,110,0.0003927043,,
13135000001,111,0.9989871448,,
13135000002,95,1.0000000000,,
13135000003,104,0.0005358927,,
13135000003,105,0.9982206008,,
13135000003,111,0.0012435065,,
13135000004,99,0.9981405872,,
13135000004,103,0.0018594128,,
13135000005,106,0.3262311750,,
13135000005,110,0.6737688250,,
13135000006,101,0.9971760912,,
13135000006,107,0.0028239088,,
13135000007,50,0.0004835587,,
13135000007,96,0.0000285143,,
13135000007,97,0.0007278379,,
13135000007,99,0.9987600892,,
13135000008,104,0.9979569954,,
13135000008,105,0.0020430046,,
13135000009,103,0.9994307404,,
13135000009,104,0.0005692596,,
13135000010,106,1.0000000000,,
13135000011,98,0.0003017273,,
13135000011,108,0.9996982727,,
13135000012,88,0.9950365780,,
13135000012,98,0.0017320878,,
13135000012,108,0.0032313341,,
13135000013,104,1.0000000000,,
13135000014,94,0.9983710810,,
13135000014,108,0.0016289190,,
13135000015,102,1.0000000000,,
13135000016,102,0.9992172885,,
13135000016,106,0.0000849817,,
13135000016,110,0.0006977298,,
13135000017,107,1.0000000000,,
13135000018,107,1.0000000000,,
13135000019,108,0.0052142170,,
13135000019,109,0.9947857830,,
13135000020,96,0.9997134658,,
13135000020,97,0.0000236911,,
13135000020,98,0.0002628431,,
13135000021,88,0.0008792013,,
13135000021,98,0.9991207987,,
13135000022,48,0.0003572695,,
13135000022,97,0.9996427305,,
13135000023,96,0.0000293620,,
13135000023,98,0.9999706380,,
13135000024,99,0.0001943624,,
13135000024,103,0.9997012561,,
13135000024,105,0.0001043815,,
13135000025,99,0.0001541398,,
13135000025,100,0.9996160499,,
13135000025,103,0.0002298103,,
13135000026,99,0.0002434513,,
13135000026,101,0.0014702116,,
13135000026,103,0.9978988665,,
13135000026,105,0.0003874706,,
13135000027,101,0.0008234279,,
13135000027,102,0.0004068459,,
13135000027,105,0.9987697262,,
13135000028,104,0.9986845482,,
13135000028,105,0.0011514835,,
13135000028,111,0.0001639682,,
13135000029,106,0.0006435204,,
13135000029,108,0.9922867064,,
13135000029,109,0.0070697732,,
13135000030,95,0.0011823411,,
13135000030,106,0.9988176589,,
13135000031,101,0.9971867645,,
13135000031,103,0.0000001128,,
13135000031,105,0.0028131227,,
13135000032,94,0.0004911753,,
13135000032,108,0.9995088247,,
13135000033,108,1.0000000000,,
13135000034,108,0.9967535877,,
13135000034,109,0.0032464123,,
13135000035,106,0.9992343014,,
13135000035,108,0.0007656986,,
13135000036,106,0.0017984082,,
13135000036,108,0.9982015918,,
13135000037,48,0.0000328270,,
13135000037,80,0.0010599397,,
13135000037,97,0.9989072332,,
13135000038,80,0.0001452747,,
13135000038,96,0.9983106166,,
13135000038,97,0.0004416003,,
13135000038,98,0.0011025084,,
13135000039,30,0.8440361932,,
13135000039,104,0.1556571551,,
13135000039,105,0.0002849325,,
13135000039,119,0.0000217191,,
13135000040,48,0.0004838881,,
13135000040,96,0.0003944593,,
13135000040,97,0.9991216526,,
13135000041,95,0.0008241310,,
13135000041,106,0.0001408981,,
13135000041,110,0.9988117684,,
13135000041,111,0.0002232025,,
13135000042,101,0.9990157113,,
13135000042,102,0.0004015403,,
13135000042,105,0.0005827484,,
13135000043,109,1.0000000000,,
13135000044,94,0.0008450646,,
13135000044,106,0.9991549354,,
13135000045,94,0.9987115406,,
13135000045,95,0.0012884594,,
13135000046,106,1.0000000000,,
13135000047,106,1.0000000000,,
13135000048,96,0.9973646122,,
13135000048,97,0.0014065129,,
13135000048,99,0.0012288749,,
13135000049,94,1.0000000000,,
13135000050,96,0.9993224448,,
13135000050,98,0.0001707566,,
13135000050,109,0.0005067987,,
13135000051,96,0.0010811328,,
13135000051,98,0.9989188672,,
13135000052,88,0.0013422186,,
13135000052,94,0.0012943500,,
13135000052,108,0.9973634314,,
13135000053,95,0.0005093655,,
13135000053,106,0.9994906345,,
13135000054,26,0.0009144085,,
13135000054,100,0.9990855915,,
13135000055,100,0.1861177335,,
13135000055,103,0.8138822665,,
13135000056,48,0.0002217708,,
13135000056,97,0.9983946359,,
13135000056,99,0.0013835933,,
13135000057,96,0.0024436155,,
13135000057,97,0.9975563845,,
13135000058,96,0.0009154120,,
13135000058,98,0.9969829700,,
13135000058,108,0.0007852385,,
13135000058,109,0.0013163795,,
13135000059,48,0.0006611412,,
13135000059,80,0.0001516150,,
13135000059,96,0.0008242834,,
13135000059,97,0.9983629604,,
13135000060,101,0.0002350639,,
13135000060,102,0.9994634559,,
13135000060,107,0.0003014802,,
13135000061,102,0.9990651341,,
13135000061,107,0.0009348659,,
13135000062,48,0.9984073101,,
13135000062,97,0.0015926899,,
13135000063,48,0.9996997674,,
13135000063,97,0.0003002326,,
13135000064,88,0.0005149110,,
13135000064,94,0.9989937129,,
13135000064,95,0.0004913760,,
13135000065,88,0.0005949448,,
13135000065,98,0.5335254819,,
13135000065,108,0.4658795733,,
13135000066,81,0.0000372893,,
13135000066,88,0.0014986110,,
13135000066,96,0.0000111268,,
13135000066,98,0.9984529728,,
13135000067,103,0.1397403169,,
13135000067,105,0.8602596831,,
13135000068,106,0.9993588715,,
13135000068,108,0.0006411285,,
13135000069,94,0.1762111703,,
13135000069,108,0.8237888297,,
13135000070,101,0.0036259847,,
13135000070,103,0.9963740153,,
13135000071,102,0.2354239582,,
13135000071,105,0.7627592369,,
13135000071,110,0.0002770940,,
13135000071,111,0.0015397109,,
13135000072,96,0.0000896821,,
13135000072,107,0.0013121162,,
13135000072,109,0.9985982017,,
13135000073,48,0.9978991936,,
13135000073,51,0.0000233664,,
13135000073,97,0.0020774400,,
13135000074,96,0.0001135969,,
13135000074,98,0.0000068207,,
13135000074,109,0.9998795825,,
13135000075,94,0.0018372759,,
13135000075,95,0.9967728318,,
13135000075,106,0.0013898923,,
13135000076,95,0.9980755422,,
13135000076,106,0.0008847607,,
13135000076,110,0.0010396971,,
13135000077,101,0.0009325793,,
13135000077,107,0.9990674207,,
13135000078,102,0.0025212069,,
13135000078,106,0.0000421357,,
13135000078,110,0.9974366574,,
13135000079,106,0.0017122863,,
13135000079,107,0.0020742031,,
13135000079,108,0.9933253637,,
13135000079,109,0.0028881469,,
13135000080,102,0.0006614358,,
13135000080,105,0.0000245134,,
13135000080,110,0.9978184734,,
13135000080,111,0.0014955773,,
13135000081,106,0.9995236575,,
13135000081,110,0.0004763425,,
13135000082,97,0.9999970786,,
13135000082,99,0.0000029214,,
13135000083,101,0.9998932114,,
13135000083,103,0.0001067886,,
13135000084,102,0.0004076392,,
13135000084,107,0.9995923608,,
13135000085,101,1.0000000000,,
13135000086,96,0.0000905197,,
13135000086,109,0.9999094803,,
13135000087,96,0.9999869584,,
13135000087,97,0.0000130416,,
13135000088,94,0.9970651112,,
13135000088,95,0.0013896677,,
13135000088,106,0.0015367894,,
13135000088,108,0.0000084317,,
13135000089,99,0.0010715843,,
13135000089,100,0.0000202402,,
13135000089,103,0.9989081755,,
13135000090,101,0.9990671506,,
13135000090,102,0.0001747944,,
13135000090,107,0.0007580551,,
13135000091,102,0.5470569074,,
13135000091,110,0.4529430926,,
13135000092,108,1.0000000000,,
13135000093,102,0.0017336707,,
13135000093,106,0.9969118893,,
13135000093,108,0.0013544400,,
13135000094,102,0.0020577427,,
13135000094,106,0.9961937138,,
13135000094,110,0.0017485435,,
13135000095,96,0.6715070706,,
13135000095,97,0.0001103939,,
13135000095,99,0.0003408347,,
13135000095,107,0.3276777949,,
13135000095,109,0.0003639059,,
13135000096,96,0.4365733767,,
13135000096,97,0.0001978739,,
13135000096,99,0.5632287493,,
13135000097,99,0.0000910586,,
13135000097,101,0.9987964555,,
13135000097,107,0.0011124858,,
13135000098,101,0.9972916612,,
13135000098,103,0.0027083388,,
13135000099,96,0.9974274295,,
13135000099,97,0.0025725705,,
13135000100,99,0.9982445500,,
13135000100,103,0.0017554500,,
13135000101,48,0.0016620141,,
13135000101,51,0.0009874240,,
13135000101,80,0.0003982417,,
13135000101,97,0.9969523203,,
13135000102,103,0.9977054049,,
13135000102,105,0.0022945951,,
13135000103,108,0.0019728829,,
13135000103,109,0.9980271171,,
13135000104,95,0.9996754711,,
13135000104,110,0.0002525232,,
13135000104,111,0.0000720057,,
13135000105,99,0.9964307387,,
13135000105,100,0.0029629496,,
13135000105,103,0.0006063117,,
13135000106,96,0.0000525540,,
13135000106,99,0.9995740872,,
13135000106,101,0.0003733588,,
13135000107,106,0.0003970742,,
13135000107,108,0.9996029258,,
13135000108,106,0.0002916639,,
13135000108,110,0.9997083361,,
13135000109,108,1.0000000000,,
13135000110,102,0.0013139187,,
13135000110,107,0.9986860813,,
13135000111,48,0.0008249122,,
13135000111,50,0.0010305236,,
13135000111,97,0.9954350535,,
13135000111,99,0.0027095108,,
13135000112,88,0.0017808716,,
13135000112,108,0.9982191284,,
13135000113,88,0.0016988503,,
13135000113,98,0.9983011497,,
13135000114,96,0.5493192522,,
13135000114,97,0.4506807478,,
13135000115,107,0.9019989187,,
13135000115,109,0.0980010813,,
13135000116,107,0.0017143601,,
13135000116,109,0.9982856399,,
13135000117,107,0.9957318724,,
13135000117,109,0.0042681276,,
13135000118,88,0.0001097234,,
13135000118,94,0.9997366626,,
13135000118,108,0.0001536140,,
13135000119,108,0.9994396757,,
13135000119,109,0.0005603243,,
13135000120,98,0.0006261209,,
13135000120,108,0.9993738791,,
13135000121,48,0.0013624227,,
13135000121,97,0.9986375773,,
13135000122,94,0.0002561145,,
13135000122,95,0.9997438855,,
13135000123,98,0.9974794025,,
13135000123,108,0.0025205975,,
13135000124,101,0.9981311628,,
13135000124,107,0.0018688372,,
13135000125,48,1.0000000000,,
13135000126,48,0.9982057949,,
13135000126,51,0.0008524763,,
13135000126,97,0.0009417288,,
13135000127,102,0.0000195523,,
13135000127,107,0.9930561741,,
13135000127,108,0.0019119760,,
13135000127,109,0.0050122975,,
13135000128,101,1.0000000000,,
13135000129,30,0.0004607402,,
13135000129,104,0.9995158849,,
13135000129,119,0.0000233749,,
13135000130,25,0.0004122203,,
13135000130,26,0.0000041360,,
13135000130,99,0.0000003754,,
13135000130,100,0.9995832682,,
13135000131,99,0.9986386532,,
13135000131,100,0.0013613468,,
13135000132,101,0.9973283108,,
13135000132,103,0.0026716892,,
13135000133,104,0.0013238425,,
13135000133,105,0.0003918216,,
13135000133,111,0.9982843360,,
13135000134,106,0.0008386973,,
13135000134,110,0.9991613027,,
13135000135,30,0.0002996040,,
13135000135,103,0.0013691261,,
13135000135,104,0.9977080987,,
13135000135,105,0.0006231712,,
13135000136,101,0.0006841258,,
13135000136,103,0.0000683998,,
13135000136,105,0.9992474744,,
13135000137,104,0.0006924507,,
13135000137,105,0.9993075493,,
13135000138,96,0.0013992901,,
13135000138,99,0.9986007099,,
13135000139,107,0.0029291410,,
13135000139,108,0.0019170453,,
13135000139,109,0.9951538137,,
13135000140,25,0.0015875252,,
13135000140,50,0.0000008648,,
13135000140,99,0.0023867354,,
13135000140,100,0.9960248746,,
13135000141,99,0.0016241002,,
13135000141,100,0.9983758998,,
13135000142,99,0.6842218684,,
13135000142,103,0.3157781316,,
13135000143,102,0.9952423737,,
13135000143,106,0.0035614616,,
13135000143,107,0.0011961647,,
13135000144,101,0.0001009454,,
13135000144,102,0.5406489414,,
13135000144,105,0.4592501132,,
13135000145,110,1.0000000000,,
13135000146,110,0.9999952015,,
13135000146,111,0.0000047985,,
13135000147,102,0.9969879726,,
13135000147,105,0.0015250604,,
13135000147,110,0.0014869670,,
13135000148,88,0.0000541407,,
13135000148,108,0.9999458593,,
13135000149,101,0.0066984866,,
13135000149,107,0.9933015134,,
13135000150,96,0.9992538353,,
13135000150,97,0.0006089040,,
13135000150,109,0.0001372607,,
13135000151,104,0.0005327930,,
13135000151,110,0.0015197807,,
13135000151,111,0.9979474263,,
13135000152,104,0.0006556322,,
13135000152,105,0.9993443678,,
13135000153,102,0.9998782717,,
13135000153,107,0.0001217283,,
13135000154,103,0.0007883253,,
13135000154,104,0.0012777907,,
13135000154,105,0.9979338841,,
13135000155,50,0.0000583180,,
13135000155,99,0.9999416820,,
13135000156,106,0.9987486535,,
13135000156,110,0.0012513465,,
13137000001,10,0.9999277206,,
13137000001,32,0.0000722794,,
13137000002,10,0.4896243378,,
13137000002,32,0.5103756622,,
13137000003,8,0.0000953295,,
13137000003,10,0.9999046705,,
13137000004,10,0.0030839667,,
13137000004,32,0.9969160333,,
13137000005,10,0.9998329493,,
13137000005,32,0.0001670507,,
13137000006,8,0.0000520757,,
13137000006,10,0.9998555429,,
13137000006,27,0.0000159154,,
13137000006,32,0.0000764659,,
13137000007,8,0.0004322966,,
13137000007,10,0.9995677034,,
13139000001,26,0.0002714167,,
13139000001,28,0.7682707620,,
13139000001,29,0.2314578213,,
13139000002,29,0.9997140640,,
13139000002,30,0.0002859360,,
13139000003,29,0.9990376185,,
13139000003,30,0.0009623815,,
13139000004,26,0.0000407653,,
13139000004,28,0.0001500299,,
13139000004,29,0.9995234116,,
13139000004,30,0.0002857933,,
13139000005,26,0.0005254536,,
13139000005,29,0.0010052311,,
13139000005,30,0.9984693154,,
13139000006,26,0.0008852909,,
13139000006,30,0.9983729603,,
13139000006,100,0.0006719909,,
13139000006,103,0.0000697579,,
13139000007,26,0.0003077141,,
13139000007,30,0.0003332066,,
13139000007,100,0.9993040318,,
13139000007,103,0.0000550475,,
13139000008,30,0.9999390811,,
13139000008,31,0.0000000091,,
13139000008,119,0.0000609098,,
13139000009,29,0.0002160341,,
13139000009,30,0.9997839659,,
13139000010,29,0.0002888174,,
13139000010,30,0.9988562295,,
13139000010,31,0.0008549531,,
13139000011,27,0.0006130570,,
13139000011,29,0.0002281118,,
13139000011,30,0.0005030003,,
13139000011,31,0.9986520110,,
13139000011,32,0.0000038198,,
13139000012,27,0.9987962734,,
13139000012,29,0.0006233119,,
13139000012,31,0.0005804147,,
13139000013,10,0.0000577374,,
13139000013,27,0.9997590874,,
13139000013,32,0.0001831753,,
13139000014,8,0.0000015875,,
13139000014,9,0.0000283519,,
13139000014,27,0.9999700606,,
13139000015,27,1.0000000000,,
13139000016,9,0.0002161407,,
13139000016,27,0.9997838593,,
13139000017,9,0.0003708031,,
13139000017,27,0.9989442692,,
13139000017,28,0.0005662381,,
13139000017,29,0.0001186896,,
13139000018,27,0.0002227993,,
13139000018,28,0.9997771323,,
13139000018,29,0.0000000684,,
13139000019,27,0.9998746225,,
13139000019,29,0.0001253775,,
13139000020,27,0.9999994116,,
13139000020,29,0.0000005884,,
13139000021,27,0.0034410973,,
13139000021,29,0.9965589027,,
13139000022,27,0.0020736834,,
13139000022,29,0.9962546266,,
13139000022,31,0.0016716900,,
13139000023,27,0.0001760476,,
13139000023,28,0.0006913687,,
13139000023,29,0.9991325837,,
13139000024,29,0.9993678732,,
13139000024,30,0.0003553295,,
13139000024,31,0.0002767973,,
13139000025,27,0.9989093811,,
13139000025,29,0.0010906189,,
13139000026,27,0.9995474383,,
13139000026,31,0.0002556517,,
13139000026,32,0.0001969100,,
13139000027,27,1.0000000000,,
13139000028,30,0.9992364018,,
13139000028,103,0.0007590498,,
13139000028,104,0.0000045484,,
13139000029,30,0.0006091368,,
13139000029,100,0.0002570608,,
13139000029,103,0.9991338024,,
13139000030,29,0.0003373911,,
13139000030,30,0.9992471122,,
13139000030,103,0.0004154967,,
13139000031,30,0.0011917867,,
13139000031,103,0.9988082133,,
1314100001A,118,0.0000827103,,
1314100001A,124,0.0000366094,,
1314100001A,128,0.9998461079,,
1314100001A,133,0.0000345724,,
1314100001B,128,1.0000000000,,
1314100002A,128,1.0000000000,,
1314100002B,128,1.0000000000,,
1314100003A,124,0.0002705670,,
1314100003A,128,0.9997294330,,
1314100003B,124,0.0000590820,,
1314100003B,128,0.9999409180,,
1314100003C,124,0.0003263438,,
1314100003C,128,0.9996736562,,
1314100004A,128,1.0000000000,,
1314100004B,128,1.0000000000,,
1314100004C,128,1.0000000000,,
13143000002,18,1.0000000000,,
13143000003,18,1.0000000000,,
13143000004,18,1.0000000000,,
13143000005,18,0.9999806737,,
13143000005,71,0.0000193263,,
13143000006,16,0.0000017335,,
13143000006,17,0.0000658767,,
13143000006,18,0.9999323898,,
13143000007,16,0.0000682850,,
13143000007,18,0.9999317150,,
13143000008,16,0.0000323591,,
13143000008,18,0.9999676409,,
13143000009,16,0.0000149771,,
13143000009,18,0.9999850229,,
13143000010,18,0.9999980075,,
13143000010,71,0.0000019925,,
13143000011,18,1.0000000000,,
13143000012,18,1.0000000000,,
13143000013,18,1.0000000000,,
131450000CA,138,0.0008615428,,
131450000CA,139,0.9991370882,,
131450000CA,141,0.0000013690,,
131450000EL,137,0.0000640464,,
131450000EL,139,0.9999359536,,
131450000GM,137,0.0000788586,,
131450000GM,138,0.9999211414,,
131450000HA,138,0.9996143330,,
131450000HA,139,0.0003856670,,
131450000L9,138,0.9999999978,,
131450000L9,139,0.0000000022,,
131450000MG,138,0.9983424365,,
131450000MG,139,0.0016575635,,
131450000PV,138,1.0000000000,,
131450000SK,138,1.0000000000,,
131450000U9,138,1.0000000000,,
131450000VP,137,0.0000007281,,
131450000VP,138,0.9999312620,,
131450000VP,139,0.0000680100,,
131450000WA,137,0.0000514078,,
131450000WA,138,0.0003571321,,
131450000WA,139,0.9995914602,,
131450000WH,137,0.0000053186,,
131450000WH,138,0.9999946814,,
13147000002,33,1.0000000000,,
13147000003,33,0.9999979526,,
13147000003,123,0.0000020474,,
13147000004,33,0.9997367325,,
13147000004,123,0.0002632675,,
13147000005,33,1.0000000000,,
13147000006,33,1.0000000000,,
13147000007,33,1.0000000000,,
13147000008,33,0.9999632624,,
13147000008,123,0.0000367376,,
13149000CEN,72,1.0000000000,,
13149000COO,70,0.0000006873,,
13149000COO,72,0.9999993047,,
13149000COO,136,0.0000000080,,
13149000ENO,70,0.0000324439,,
13149000ENO,72,0.9999675561,,
13149000EPH,18,0.0000251325,,
13149000EPH,72,0.9999748675,,
13149000FRA,72,1.0000000000,,
13149000SOU,72,0.9999922652,,
13149000SOU,138,0.0000077348,,
13151000025,117,0.9995961045,,
13151000025,118,0.0000954122,,
13151000025,134,0.0003084834,,
13151000026,115,0.0000095557,,
13151000026,117,0.9989159469,,
13151000026,118,0.0010744974,,
13151000027,117,0.0005475007,,
13151000027,118,0.9994524993,,
13151000028,115,0.9998594589,,
13151000028,116,0.0001267224,,
13151000028,117,0.0000138187,,
13151000029,74,0.0003283445,,
13151000029,115,0.0000137414,,
13151000029,116,0.1502292476,,
13151000029,117,0.8494286664,,
13151000030,74,0.9994793657,,
13151000030,78,0.0000732982,,
13151000030,116,0.0002531612,,
13151000030,117,0.0001941750,,
13151000031,74,0.9993329039,,
13151000031,78,0.0002801549,,
13151000031,116,0.0003869412,,
13151000032,74,0.0001625721,,
13151000032,115,0.0001033008,,
13151000032,116,0.9997341271,,
13151000033,78,0.5857604810,,
13151000033,91,0.0004285695,,
13151000033,116,0.4138109495,,
13151000034,115,0.9999872680,,
13151000034,116,0.0000127320,,
13151000035,115,0.0008139942,,
13151000035,117,0.9991860058,,
13151000036,113,0.0007012104,,
13151000036,117,0.9988481240,,
13151000036,118,0.0004506656,,
13151000037,115,0.9994830589,,
13151000037,116,0.0000001334,,
13151000037,117,0.0005168077,,
13151000038,115,0.9821413084,,
13151000038,116,0.0178586916,,
13151000039,91,0.0002904786,,
13151000039,116,0.9997095214,,
13151000041,91,0.9996649347,,
13151000041,116,0.0003350653,,
13151000042,91,0.0005509610,,
13151000042,115,0.0014889946,,
13151000042,116,0.9979600444,,
13151000043,91,0.0010088260,,
13151000043,115,0.9984294730,,
13151000043,116,0.0005617010,,
13151000044,91,0.9998115661,,
13151000044,115,0.0001884339,,
13151000045,91,0.6284820101,,
13151000045,115,0.3709984332,,
13151000045,116,0.0005195567,,
13151000046,76,0.0000120621,,
13151000046,89,0.0000051918,,
13151000046,90,0.0008055048,,
13151000046,91,0.9991772414,,
13151000047,89,0.0002599396,,
13151000047,91,0.9997400604,,
13151000048,115,0.0004506919,,
13151000048,117,0.9995493081,,
13151000049,115,0.9986497042,,
13151000049,117,0.0013502958,,
13151000050,78,0.0000274024,,
13151000050,116,0.9999725976,,
13151000051,74,0.0002615145,,
13151000051,115,0.0000521470,,
13151000051,116,0.9996863385,,
13151000052,115,0.0000811472,,
13151000052,117,0.9999188528,,
13151000053,115,0.0006468142,,
13151000053,116,0.9993531858,,
13151000054,76,0.0000012974,,
13151000054,78,0.0175888810,,
13151000054,91,0.9819128085,,
13151000054,116,0.0004970130,,
13151000055,91,0.0002364034,,
13151000055,92,0.0003863189,,
13151000055,113,0.0006066371,,
13151000055,115,0.9970974318,,
13151000055,117,0.0016732088,,
13151000056,76,0.0000560150,,
13151000056,91,0.9999439850,,
13151000057,115,0.0001753296,,
13151000057,116,0.9998246704,,
13151000058,113,0.0007681079,,
13151000058,114,0.0000450759,,
13151000058,117,0.0003541120,,
13151000058,118,0.9988327043,,
13151000059,117,0.9998297453,,
13151000059,118,0.0001702547,,
13151000060,115,0.9995535630,,
13151000060,116,0.0004464370,,
13151000061,115,0.9996380115,,
13151000061,117,0.0003619885,,
13151000062,113,0.0003138328,,
13151000062,115,0.0013556522,,
13151000062,117,0.9983305149,,
13153000BMS,145,0.0001750949,,
13153000BMS,146,0.9988422141,,
13153000BMS,147,0.0006309918,,
13153000BMS,148,0.0003330189,,
13153000BMS,149,0.0000186804,,
13153000TMS,145,0.0004784249,,
13153000TMS,147,0.9995215751,,
13153000VHS,146,0.1175239191,,
13153000VHS,148,0.8824747570,,
13153000VHS,149,0.0000013239,,
1315300ANNX,146,0.0013305661,,
1315300ANNX,147,0.9986694339,,
1315300CENT,145,0.0073937233,,
1315300CENT,147,0.9926062767,,
1315300CGTC,146,0.9999829604,,
1315300CGTC,148,0.0000170396,,
1315300FMMS,145,0.0000488714,,
1315300FMMS,146,0.5891156919,,
1315300FMMS,147,0.4108354367,,
1315300HAFS,148,0.9999910105,,
1315300HAFS,150,0.0000089895,,
1315300HCTC,145,0.0002848116,,
1315300HCTC,146,0.0014590032,,
1315300HCTC,147,0.9982561852,,
1315300HEFS,146,0.0002014239,,
1315300HEFS,148,0.9997745016,,
1315300HEFS,150,0.0000240745,,
1315300HHPC,145,0.5017023427,,
1315300HHPC,147,0.4982976573,,
1315300MCMS,145,0.0004268754,,
1315300MCMS,146,0.4717706218,,
1315300MCMS,147,0.5278025028,,
1315300NSES,143,0.0000122494,,
1315300NSES,145,0.9996871677,,
1315300NSES,147,0.0003005829,,
1315300RECR,143,0.0000506162,,
1315300RECR,145,0.8669479751,,
1315300RECR,146,0.0017681001,,
1315300RECR,147,0.1312239695,,
1315300RECR,149,0.0000093391,,
1315300ROZR,145,0.0000860318,,
1315300ROZR,146,0.5901687663,,
1315300ROZR,148,0.4096226223,,
1315300ROZR,150,0.0001225795,,
1315300TWPK,146,0.9987636937,,
1315300TWPK,147,0.0012363063,,
13155000901,148,0.0000337517,,
13155000901,156,0.0000067733,,
13155000901,169,0.9999594750,,
13155001529,156,0.0000098610,,
13155001529,169,0.9999802260,,
13155001529,170,0.0000099129,,
13155001753,156,0.0000406477,,
13155001753,169,0.9999272568,,
13155001753,170,0.0000005035,,
13155001753,176,0.0000315920,,
13157001000,30,0.0000001903,,
13157001000,31,0.9996599842,,
13157001000,32,0.0001870147,,
13157001000,119,0.0000026945,,
13157001000,120,0.0001501162,,
13157002000,27,0.0000044495,,
13157002000,31,0.2991995448,,
13157002000,32,0.5285861003,,
13157002000,33,0.0000169412,,
13157002000,120,0.1721929641,,
13157003000,30,0.0000015701,,
13157003000,31,0.8883299442,,
13157003000,119,0.1116684857,,
13157004000,31,0.0002240165,,
13157004000,33,0.0001557732,,
13157004000,120,0.9983247191,,
13157004000,122,0.0012954912,,
13159000289,118,0.9999952765,,
13159000289,144,0.0000047235,,
13159000290,114,0.9998201636,,
13159000290,118,0.0001798364,,
13159000293,118,0.9999624940,,
13159000293,144,0.0000375060,,
13159000295,114,0.0000505779,,
13159000295,118,0.9999214911,,
13159000295,134,0.0000175611,,
13159000295,144,0.0000103699,,
13159000296,114,0.0002577322,,
13159000296,118,0.9997422678,,
13159000297,114,0.0005471293,,
13159000297,118,0.9994528707,,
13159000363,114,0.9997832382,,
13159000363,118,0.0002167618,,
13161000100,156,0.0001940008,,
13161000100,157,0.9998059992,,
13161000201,157,1.0000000000,,
13161000202,156,0.0002610571,,
13161000202,157,0.9997387216,,
13161000202,178,0.0000002213,,
13161000301,157,0.9999562970,,
13161000301,178,0.0000437030,,
13161000302,157,0.9998777838,,
13161000302,169,0.0000000848,,
13161000302,178,0.0001221314,,
13161000401,157,1.0000000000,,
13161000402,157,0.9999205171,,
13161000402,169,0.0000794829,,
13161000501,156,0.0000222689,,
13161000501,157,0.9999777311,,
13161000502,156,0.0000379400,,
13161000502,157,0.9999276431,,
13161000502,169,0.0000344168,,
13163000076,132,1.0000000000,,
13163000077,126,0.0000838092,,
13163000077,132,0.9999161908,,
13163000081,126,0.0001144461,,
13163000081,128,0.0000266392,,
13163000081,132,0.9998589147,,
13163000082,126,0.0000153002,,
13163000082,128,0.0000391715,,
13163000082,132,0.9999446790,,
13163000082,158,0.0000008493,,
13163000083,132,0.9993300177,,
13163000083,158,0.0006699823,,
13163000085,128,0.0001097016,,
13163000085,132,0.9998468376,,
13163000085,155,0.0000434608,,
13163001460,128,0.0000113063,,
13163001460,132,0.9999886937,,
13163001593,128,0.0005883914,,
13163001593,132,0.9994116086,,
13165000001,126,1.0000000000,,
13165000002,126,1.0000000000,,
13165000003,126,0.9999998737,,
13165000003,158,0.0000001263,,
13165000004,126,0.9999640116,,
13165000004,159,0.0000359884,,
13165000005,126,0.9999559858,,
13165000005,158,0.0000180055,,
13165000005,159,0.0000260087,,
13167000055,132,0.0000473599,,
13167000055,155,0.9997778116,,
13167000055,158,0.0001748284,,
13167001201,128,0.0000379116,,
13167001201,155,0.9999620884,,
13167001266,155,0.9999219018,,
13167001266,158,0.0000780982,,
13167001301,128,0.0001872736,,
13167001301,149,0.0000171417,,
13167001301,155,0.9997955848,,
13167001405,155,1.0000000000,,
13167001746,155,0.9995128871,,
13167001746,158,0.0004871129,,
13167001820,128,0.0000443473,,
13167001820,155,0.9999556527,,
13169000001,133,0.9999452753,,
13169000001,144,0.0000547247,,
13169000002,133,0.1152432807,,
13169000002,144,0.8847567193,,
13169000003,133,0.9996733757,,
13169000003,143,0.0000450397,,
13169000003,144,0.0002815847,,
13169000004,133,0.9999838009,,
13169000004,149,0.0000161991,,
13169000005,118,0.0000674846,,
13169000005,133,0.9995436011,,
13169000005,144,0.0003889143,,
13169000006,118,0.0000076293,,
13169000006,133,0.0002624212,,
13169000006,144,0.9997299496,,
13169000008,118,0.0000054774,,
13169000008,134,0.0000037071,,
13169000008,144,0.9999908156,,
13169000009,142,0.0000002474,,
13169000009,143,0.0000056169,,
13169000009,144,0.9999941356,,
13169000010,133,0.9998604407,,
13169000010,143,0.0001119122,,
13169000010,149,0.0000276471,,
13169000011,133,0.9997830620,,
13169000011,144,0.0002169380,,
13171001711,134,0.0003650586,,
13171001711,135,0.9996349414,,
13171001713,135,1.0000000000,,
13171001714,134,0.5905153184,,
13171001714,135,0.4094846816,,
1317101712A,118,0.0000121763,,
1317101712A,134,0.9997101005,,
1317101712A,135,0.0002777232,,
1317101712B,134,0.0006848849,,
1317101712B,135,0.9993151151,,
1317101712C,135,0.9999354896,,
1317101712C,144,0.0000130118,,
1317101712C,145,0.0000514986,,
13173000001,170,0.0000239601,,
13173000001,174,0.0000873429,,
13173000001,176,0.9998886970,,
13175000003,155,1.0000000000,,
13175000004,155,1.0000000000,,
13175000005,155,1.0000000000,,
13175000007,155,1.0000000000,,
13175000008,149,0.0000313186,,
13175000008,155,0.9999685279,,
13175000008,156,0.0000001535,,
13175000010,149,0.0000168802,,
13175000010,155,0.9999831198,,
13175000011,155,1.0000000000,,
13175000012,149,0.0000005856,,
13175000012,155,0.9999994144,,
13175000013,149,0.0000574893,,
13175000013,155,0.9999425107,,
13175000014,149,0.0000417885,,
13175000014,155,0.9999582115,,
13175000015,155,0.9995761825,,
13175000015,158,0.0004238175,,
13175000016,155,0.9999708926,,
13175000016,156,0.0000215636,,
13175000016,158,0.0000075438,,
13175000018,149,0.0000271912,,
13175000018,155,0.9999728088,,
13175000019,155,1.0000000000,,
13175000021,155,1.0000000000,,
13175000022,155,1.0000000000,,
13177000001,148,0.0000669404,,
13177000001,151,0.0000093079,,
13177000001,152,0.9999237517,,
13177000002,151,0.0003018150,,
13177000002,152,0.9996981850,,
13177000003,151,0.0004268472,,
13177000003,152,0.9995731528,,
13177000004,152,1.0000000000,,
13177000005,151,0.0000421293,,
13177000005,152,0.9999578707,,
13177000006,151,0.0000104431,,
13177000006,152,0.9999895152,,
13177000006,153,0.0000000417,,
13177000007,152,0.9999866094,,
13177000007,153,0.0000133906,,
13177000008,152,1.0000000000,,
13177000009,152,0.9999936581,,
13177000009,153,0.0000063419,,
13177000010,152,0.9997921443,,
13177000010,153,0.0002078557,,
13179000001,167,0.0002599243,,
13179000001,168,0.9997400757,,
13179000002,168,1.0000000000,,
13179000003,166,0.0000498550,,
13179000003,167,0.0000017194,,
13179000003,168,0.9999484256,,
13179000004,167,0.0019351583,,
13179000004,168,0.9980648417,,
13179000005,167,0.0000573966,,
13179000005,168,0.9999426034,,
13179000006,164,0.0002187916,,
13179000006,166,0.0001683542,,
13179000006,167,0.0000240082,,
13179000006,168,0.9995888459,,
13179000007,167,0.0004791595,,
13179000007,168,0.9995208405,,
13179000009,168,1.0000000000,,
13179000010,168,1.0000000000,,
13179000011,167,0.0000099532,,
13179000011,168,0.9999900468,,
13179000012,168,1.0000000000,,
13179000013,157,0.0000053334,,
13179000013,164,0.0000236569,,
13179000013,167,0.9737780607,,
13179000013,168,0.0261929489,,
13179000014,167,0.0000037722,,
13179000014,168,0.9999962278,,
13181000002,123,0.9999973924,,
13181000002,125,0.0000026076,,
131810001-A,123,1.0000000000,,
131810001-B,123,1.0000000000,,
131810003-A,123,0.9999978645,,
131810003-A,125,0.0000021355,,
131810003-B,123,0.9999942389,,
131810003-B,125,0.0000057611,,
131810004-A,123,1.0000000000,,
131810004-B,123,1.0000000000,,
13183000001,157,0.0003126104,,
13183000001,167,0.9996714773,,
13183000001,168,0.0000159124,,
13183000002,167,0.9999083920,,
13183000002,168,0.0000916080,,
13183000003,167,0.9999904881,,
13183000003,168,0.0000095119,,
13183000004,167,0.9998787369,,
13183000004,168,0.0001212631,,
13183000005,167,0.9999863061,,
13183000005,168,0.0000093021,,
13183000005,178,0.0000043919,,
13183000006,157,0.0003729058,,
13183000006,167,0.9996142599,,
13183000006,178,0.0000128343,,
13183000007,167,1.0000000000,,
13185000001,172,0.0000950681,,
13185000001,175,0.9998432289,,
13185000001,176,0.0000617030,,
13185000002,170,0.0000081543,,
13185000002,174,0.0000040122,,
13185000002,175,0.3622531148,,
13185000002,176,0.5400476928,,
13185000002,177,0.0976870258,,
13185000003,174,0.0000046817,,
13185000003,175,0.4439546946,,
13185000003,177,0.5560406237,,
13185000004,174,0.9998800979,,
13185000004,175,0.0000107205,,
13185000004,176,0.0000263181,,
13185000004,177,0.0000828634,,
13185000005,174,0.0000078772,,
13185000005,175,0.6791199998,,
13185000005,177,0.3208721230,,
13185000006,174,0.0001894792,,
13185000006,177,0.9998105208,,
13185000007,174,0.0000070841,,
13185000007,175,0.9999479195,,
13185000007,177,0.0000449965,,
13185000008,174,0.9998844575,,
13185000008,175,0.0000394178,,
13185000008,177,0.0000761247,,
13185000009,174,0.3656152751,,
13185000009,175,0.6343847249,,
131870000DA,7,0.0000050458,,
131870000DA,8,0.0002128349,,
131870000DA,9,0.9238199285,,
131870000DA,27,0.0759621909,,
13189000131,125,0.0000015253,,
13189000131,128,0.9999984747,,
13189000132,123,0.0000438609,,
13189000132,125,0.9998063658,,
13189000132,128,0.0001497733,,
13189000134,125,0.0000527485,,
13189000134,128,0.9999472515,,
13189000135,125,0.0000684114,,
13189000135,128,0.9999315886,,
13189000136,128,1.0000000000,,
13189000137,125,0.0004980052,,
13189000137,128,0.9995019948,,
13189000139,125,0.0003194780,,
13189000139,128,0.9996805220,,
1318900133A,125,0.0004076588,,
1318900133A,128,0.9994161986,,
1318900133A,132,0.0001761426,,
1318900133B,125,0.9993852846,,
1318900133B,128,0.0006147154,,
13191000022,167,0.9999274274,,
13191000022,168,0.0000725726,,
13191000271,167,0.9998340885,,
13191000271,179,0.0001659115,,
13191001312,167,0.9999491480,,
13191001312,168,0.0000233063,,
13191001312,179,0.0000275457,,
13191001480,167,0.9996549774,,
13191001480,168,0.0003450226,,
13191001515,167,1.0000000000,,
13191001771,167,0.9999493361,,
13191001771,178,0.0000506639,,
13193000001,150,0.9999982321,,
13193000001,151,0.0000017679,,
13193000002,150,0.9999800233,,
13193000002,151,0.0000199767,,
13193000003,146,0.0000173562,,
13193000003,148,0.0000000831,,
13193000003,150,0.9999825606,,
13193000004,150,1.0000000000,,
13193000005,148,0.0000012465,,
13193000005,150,0.9999987535,,
13195000COB,123,0.9996133301,,
13195000COB,124,0.0003866699,,
13195000COL,33,0.0006447224,,
13195000COL,123,0.9993552776,,
13195000COM,123,0.9999041743,,
13195000COM,124,0.0000958257,,
13195000DAN,33,0.0006035287,,
13195000DAN,123,0.9993964713,,
13195000FOR,123,0.9997828385,,
13195000FOR,124,0.0002171615,,
13195000HAR,33,0.9997900598,,
13195000HAR,123,0.0002099402,,
13195000HUL,33,0.0005283529,,
13195000HUL,122,0.0000697070,,
13195000HUL,123,0.9991277353,,
13195000HUL,124,0.0002742048,,
13195000ILA,32,0.0004168687,,
13195000ILA,33,0.9992054755,,
13195000ILA,120,0.0000614370,,
13195000ILA,123,0.0003162188,,
13195000MIL,33,0.9990381140,,
13195000MIL,123,0.0009618860,,
13195000PAO,123,1.0000000000,,
13195000PIT,33,0.9988345477,,
13195000PIT,120,0.0004992637,,
13195000PIT,122,0.0000000161,,
13195000PIT,123,0.0006661724,,
13195000POC,33,0.9997094230,,
13195000POC,123,0.0002905770,,
13197000034,151,1.0000000000,,
13197000339,137,0.0003192819,,
13197000339,151,0.9996807181,,
13197000539,151,1.0000000000,,
13197000807,151,1.0000000000,,
13197000808,150,0.0000783251,,
13197000808,151,0.9999216749,,
13197000948,151,1.0000000000,,
13197000955,137,0.0001046294,,
13197000955,150,0.0000016164,,
13197000955,151,0.9998937543,,
13199000001,135,0.0000106687,,
13199000001,136,0.0002389332,,
13199000001,137,0.9997503980,,
13199000002,137,1.0000000000,,
13199000003,136,0.0012684897,,
13199000003,137,0.9987315103,,
13199000004,136,0.9999527048,,
13199000004,137,0.0000472952,,
13199000005,136,0.9999326351,,
13199000005,137,0.0000673649,,
13199000006,72,0.0000048470,,
13199000006,136,0.9999951530,,
13199000007,136,1.0000000000,,
13199000008,74,0.0000029081,,
13199000008,135,0.0000445475,,
13199000008,136,0.9999525443,,
13199000009,135,0.0001951736,,
13199000009,136,0.9998048264,,
13199000010,135,0.0000254255,,
13199000010,136,0.9999745745,,
13199000011,136,0.0004951737,,
13199000011,137,0.9995003880,,
13199000011,138,0.0000044383,,
13199000012,136,0.0001672614,,
13199000012,137,0.9997582458,,
13199000012,138,0.0000744927,,
13199000013,136,0.9990459566,,
13199000013,137,0.0009540434,,
13199000014,135,0.0000273423,,
13199000014,136,0.9998686365,,
13199000014,137,0.0001040212,,
13201000001,154,0.9999898201,,
13201000001,171,0.0000101799,,
132050000BA,152,0.0000142071,,
132050000BA,154,0.0005723174,,
132050000BA,171,0.9994134755,,
132050000BV,171,1.0000000000,,
132050000CN,154,0.0006200097,,
132050000CN,171,0.9993799903,,
132050000CS,171,1.0000000000,,
132050000CT,171,0.9999645564,,
132050000CT,172,0.0000072657,,
132050000CT,173,0.0000281779,,
132050000HF,154,0.0004237699,,
132050000HF,171,0.9995762301,,
132050000HI,171,0.9999053553,,
132050000HI,172,0.0000946447,,
132050000LS,152,0.0000700515,,
132050000LS,171,0.9999219096,,
132050000LS,172,0.0000080389,,
132050000PC,171,1.0000000000,,
132050000PE,171,0.9999798739,,
132050000PE,173,0.0000201261,,
132050000SC,171,0.9999984094,,
132050000SC,172,0.0000015906,,
13207000001,144,1.0000000000,,
13207000002,134,0.0000100599,,
13207000002,144,0.9999899401,,
13207000003,144,1.0000000000,,
13207000004,118,0.0004804514,,
13207000004,134,0.9994453298,,
13207000004,144,0.0000742188,,
13207000005,135,0.0000368178,,
13207000005,144,0.9992341532,,
13207000005,145,0.0007290290,,
13207000006,135,0.0000045001,,
13207000006,145,0.9999954999,,
13207000007,134,0.9997440765,,
13207000007,144,0.0002559235,,
13207000008,134,0.9997768294,,
13207000008,135,0.0000006905,,
13207000008,144,0.0002224801,,
13207000009,134,0.0005182479,,
13207000009,144,0.9994817521,,
13207000010,118,0.0000111157,,
13207000010,134,0.9999888843,,
13207000011,144,0.9998816940,,
13207000011,145,0.0001183060,,
13207000012,134,0.0001607139,,
13207000012,144,0.9998392861,,
13207000013,118,0.0000653454,,
13207000013,134,0.9999346546,,
13207000014,144,0.0014709933,,
13207000014,145,0.9985290067,,
13209000001,156,1.0000000000,,
13209000002,156,1.0000000000,,
13209000003,156,1.0000000000,,
13209000004,156,0.9999409395,,
13209000004,158,0.0000590605,,
13209000005,156,1.0000000000,,
13209000006,156,0.9997682592,,
13209000006,158,0.0002317408,,
13209000007,156,0.9997836793,,
13209000007,157,0.0002163207,,
13211000001,114,0.9998811114,,
13211000001,121,0.0000441607,,
13211000001,124,0.0000747280,,
13211000002,114,0.9993092173,,
13211000002,118,0.0000001123,,
13211000002,124,0.0006906704,,
13211000003,114,0.9999801562,,
13211000003,118,0.0000198438,,
13211000004,114,0.9999981449,,
13211000004,118,0.0000018551,,
13211000005,114,0.9999983655,,
13211000005,118,0.0000016345,,
13211000006,112,0.0000089099,,
13211000006,114,0.9999910901,,
13211000007,112,0.0000235481,,
13211000007,114,0.9999645781,,
13211000007,121,0.0000118739,,
13213000824,4,0.0001876692,,
13213000824,6,0.9996952875,,
13213000824,7,0.0001170433,,
13213000872,6,0.9999049153,,
13213000872,7,0.0000950847,,
13213000874,6,0.9999967193,,
13213000874,7,0.0000032807,,
13213001013,6,0.9996181165,,
13213001013,7,0.0003818835,,
13213001039,4,0.0006658676,,
13213001039,6,0.9993341324,,
13213001291,4,0.0005874551,,
13213001291,5,0.0000013738,,
13213001291,6,0.9994111712,,
13213001895,4,0.0007659479,,
13213001895,6,0.9992340521,,
13215000101,139,0.0002139691,,
13215000101,140,0.9997860309,,
13215000102,140,0.9980173986,,
13215000102,141,0.0019826014,,
13215000103,137,0.0008111003,,
13215000103,141,0.9991888997,,
13215000104,139,0.9988084919,,
13215000104,141,0.0011915081,,
13215000105,139,1.0000000000,,
13215000106,138,0.0005237213,,
13215000106,139,0.9994751952,,
13215000106,140,0.0000010835,,
13215000107,138,0.0016981209,,
13215000107,139,0.0006188963,,
13215000107,140,0.9976829828,,
13215000108,138,0.9995468888,,
13215000108,139,0.0004440038,,
13215000108,140,0.0000091074,,
13215000109,138,0.9998189451,,
13215000109,140,0.0001810549,,
13215000110,140,0.6137339213,,
13215000110,141,0.3862660787,,
13215000112,140,0.9597557628,,
13215000112,141,0.0400784289,,
13215000112,151,0.0001658083,,
13215000113,140,0.0005234757,,
13215000113,141,0.9994765243,,
13215000114,137,1.0000000000,,
13215000115,137,0.6050432125,,
13215000115,141,0.3949567875,,
13215000116,137,0.7152640647,,
13215000116,140,0.0003540568,,
13215000116,141,0.2843818785,,
13215000117,139,0.0009175585,,
13215000117,141,0.9990824415,,
13215000118,139,0.9994513711,,
13215000118,140,0.0002373650,,
13215000118,141,0.0003112639,,
13215000119,139,0.9992365998,,
13215000119,141,0.0007634002,,
13215000120,137,0.0001624579,,
13215000120,139,0.3658902714,,
13215000120,141,0.6339472708,,
13215000121,137,0.0011640354,,
13215000121,139,0.0008607054,,
13215000121,141,0.9979752592,,
13215000122,140,1.0000000000,,
13215000124,139,0.5700743508,,
13215000124,140,0.4297395140,,
13215000124,141,0.0001861352,,
13215000125,139,0.0000585039,,
13215000125,140,0.9999414961,,
13215000126,137,0.0003248254,,
13215000126,139,0.0003664705,,
13215000126,140,0.0000909028,,
13215000126,141,0.9992178013,,
13215000127,137,0.9997522789,,
13215000127,139,0.0000899609,,
13215000127,141,0.0001577602,,
13215FTBEN1,137,0.0011671195,,
13215FTBEN1,140,0.0002210240,,
13215FTBEN1,141,0.9984544277,,
13215FTBEN1,151,0.0001574287,,
13215FTBEN2,140,0.9992031889,,
13215FTBEN2,141,0.0001654798,,
13215FTBEN2,151,0.0006313313,,
13215FTBEN3,140,0.9999791650,,
13215FTBEN3,151,0.0000208350,,
13215FTBEN4,140,0.0016660617,,
13215FTBEN4,141,0.9983339383,,
13215FTBEN5,137,0.9994260087,,
13215FTBEN5,141,0.0001227220,,
13215FTBEN5,151,0.0004512692,,
13217000001,114,1.0000000000,,
13217000002,93,0.6415797688,,
13217000002,113,0.3576848301,,
13217000002,114,0.0007354010,,
13217000003,93,0.9992957684,,
13217000003,95,0.0000000939,,
13217000003,113,0.0007041377,,
13217000004,93,0.0000001051,,
13217000004,112,0.0000013696,,
13217000004,113,0.0002138621,,
13217000004,114,0.9997846632,,
13217000005,113,0.9986765899,,
13217000005,114,0.0013234101,,
13217000006,114,0.9993484424,,
13217000006,118,0.0006515576,,
13217000007,114,1.0000000000,,
13217000008,93,0.1108929243,,
13217000008,113,0.8891070757,,
13217000009,113,0.9994027639,,
13217000009,114,0.0005972361,,
13217000010,92,0.0000500167,,
13217000010,113,0.9981878427,,
13217000010,114,0.0002931368,,
13217000010,115,0.0001030822,,
13217000010,117,0.0008238956,,
13217000010,118,0.0005420260,,
13217000012,93,0.9987054194,,
13217000012,95,0.0008531205,,
13217000012,111,0.0000132687,,
13217000012,112,0.0000015046,,
13217000012,114,0.0004266869,,
13217000013,113,1.0000000000,,
13217000014,113,0.0006970806,,
13217000014,114,0.9993029194,,
13217000015,114,0.9999760616,,
13217000015,118,0.0000239384,,
13217000016,114,1.0000000000,,
13217000017,93,0.0007909846,,
13217000017,112,0.0000244433,,
13217000017,114,0.9991845722,,
13217000018,113,0.0006404925,,
13217000018,114,0.9992464444,,
13217000018,118,0.0001130630,,
13217000019,92,0.0001900704,,
13217000019,113,0.9998099296,,
13217000020,92,0.0000429134,,
13217000020,113,0.9999570866,,
13217000023,92,0.0000153278,,
13217000023,93,0.5732722786,,
13217000023,113,0.4267123936,,
13217000024,93,0.0016634351,,
13217000024,113,0.9983365649,,
13217000025,112,0.0000660347,,
13217000025,114,0.9999339653,,
13219000001,121,1.0000000000,,
13219000002,121,0.9999977019,,
13219000002,124,0.0000022981,,
13219000003,121,0.9997827557,,
13219000003,124,0.0002172443,,
13219000004,114,0.0000767489,,
13219000004,121,0.9999068870,,
13219000004,124,0.0000163641,,
13219000005,114,0.0000469066,,
13219000005,121,0.9999530934,,
13219000006,112,0.0001015328,,
13219000006,114,0.0000245825,,
13219000006,121,0.9998738846,,
13219000007,120,0.0011677548,,
13219000007,121,0.9988322452,,
13219000008,112,0.0005378293,,
13219000008,119,0.0000039181,,
13219000008,120,0.0002483619,,
13219000008,121,0.9992098907,,
13219000009,120,0.9991261663,,
13219000009,121,0.0008738337,,
13219000010,120,0.9988607802,,
13219000010,121,0.0011392198,,
13219000011,120,0.0017917302,,
13219000011,121,0.9982082698,,
13219000012,120,0.0002280839,,
13219000012,121,0.9997719161,,
13219000013,121,1.0000000000,,
132210000BV,123,0.0002684567,,
132210000BV,124,0.9997315433,,
132210000CR,121,0.0000663635,,
132210000CR,124,0.9999336365,,
132210000LX,121,0.0000010687,,
132210000LX,123,0.0001045744,,
132210000LX,124,0.9998943569,,
1322300001C,15,0.0000001798,,
1322300001C,16,0.3565249985,,
1322300001C,17,0.4114009337,,
1322300001C,19,0.2319564863,,
1322300001C,36,0.0001174018,,
1322300002B,14,0.0000006816,,
1322300002B,15,0.0000004656,,
1322300002B,16,0.9965786420,,
1322300002B,17,0.0034202109,,
1322300003C,16,0.0012865519,,
1322300003C,17,0.9986923211,,
1322300003C,19,0.0000211271,,
1322300004B,17,0.0003562679,,
1322300004B,19,0.9994652602,,
1322300004B,36,0.0001721264,,
1322300004B,38,0.0000063455,,
1322300005B,16,0.0115682561,,
1322300005B,17,0.9882562494,,
1322300005B,18,0.0000586994,,
1322300005B,19,0.0001167952,,
1322300006C,16,0.0000337439,,
1322300006C,17,0.8277489004,,
1322300006C,18,0.1722173557,,
1322300007B,17,0.9989696332,,
1322300007B,19,0.0010303668,,
1322300008B,17,0.0006122937,,
1322300008B,19,0.9990135808,,
1322300008B,38,0.0000484381,,
1322300008B,64,0.0003256874,,
1322300009C,19,0.0007305453,,
1322300009C,38,0.0000119368,,
1322300009C,64,0.9992433461,,
1322300009C,66,0.0000141718,,
1322300010C,18,0.2019925325,,
1322300010C,19,0.0007454896,,
1322300010C,64,0.7972619778,,
1322300011B,17,0.0002260406,,
1322300011B,18,0.0000575879,,
1322300011B,19,0.9994140805,,
1322300011B,64,0.0003022910,,
1322300012C,17,0.0565827578,,
1322300012C,18,0.8385524068,,
1322300012C,19,0.1047866935,,
1322300012C,64,0.0000002091,,
1322300012C,71,0.0000779328,,
132250000B1,145,1.0000000000,,
132250000B2,145,0.9999479994,,
132250000B2,147,0.0000520006,,
132250000C1,145,0.9993363455,,
132250000C1,146,0.0003995779,,
132250000C1,147,0.0001412795,,
132250000C1,150,0.0001227971,,
132250000F1,145,0.0001332346,,
132250000F1,150,0.9998667654,,
132250000F2,145,0.0006651716,,
132250000F2,146,0.0000529290,,
132250000F2,150,0.9992818994,,
132250000F3,146,0.0000778321,,
132250000F3,150,0.9999221679,,
132250000P1,145,0.9989596564,,
132250000P1,150,0.0010403436,,
13227000001,7,0.0000039339,,
13227000001,9,0.0000247530,,
13227000001,11,0.9999713130,,
13227000002,11,1.0000000000,,
13227000003,11,1.0000000000,,
13227000004,5,0.0000006883,,
13227000004,11,0.9999836285,,
13227000004,14,0.0000156832,,
13227000005,5,0.0000141426,,
13227000005,7,0.0000027996,,
13227000005,11,0.9999830577,,
13227000006,11,1.0000000000,,
13227000007,7,0.0000925181,,
13227000007,11,0.9999074819,,
13227000008,11,1.0000000000,,
13227000009,11,0.9999985813,,
13227000009,14,0.0000010152,,
13227000009,23,0.0000004036,,
13227000010,7,0.0000767228,,
13227000010,11,0.9999232772,,
13227000011,11,1.0000000000,,
13227000012,11,1.0000000000,,
13229000001,176,0.0001505737,,
13229000001,178,0.9998494263,,
13229000002,174,0.0000517455,,
13229000002,176,0.0001124467,,
13229000002,178,0.9998358078,,
1322900003A,174,0.0002729438,,
1322900003A,178,0.9997270562,,
1322900003B,174,0.0001507490,,
1322900003B,178,0.9998492510,,
1322900004A,174,0.0000318193,,
1322900004A,178,0.9999681807,,
1322900004B,178,1.0000000000,,
1322900004C,178,1.0000000000,,
1322900004D,176,0.0000470540,,
1322900004D,178,0.9999529460,,
13231000001,135,0.9998989653,,
13231000001,136,0.0001010347,,
13231000002,74,0.0001182440,,
13231000002,135,0.9998237246,,
13231000002,136,0.0000580314,,
13231000003,135,1.0000000000,,
13231000004,135,0.9999851441,,
13231000004,136,0.0000148559,,
13231000005,134,0.0000651726,,
13231000005,135,0.9999348274,,
13231000006,135,1.0000000000,,
13231000007,74,0.0001946630,,
13231000007,134,0.0000075174,,
13231000007,135,0.9997978197,,
13231000008,135,1.0000000000,,
13233000001,12,0.0000002705,,
13233000001,13,0.0000379823,,
13233000001,14,0.0000322234,,
13233000001,16,0.9999295238,,
13233000002,16,0.9999853510,,
13233000002,18,0.0000146490,,
13233000003,16,1.0000000000,,
13233000004,16,1.0000000000,,
13233000005,12,0.0000335202,,
13233000005,16,0.9999664798,,
13233000006,16,0.9999697078,,
13233000006,17,0.0000166286,,
13233000006,18,0.0000136636,,
13233000007,16,0.9999942101,,
13233000007,18,0.0000057899,,
132350ANNEX,148,0.9999483600,,
132350ANNEX,149,0.0000393604,,
132350ANNEX,150,0.0000122796,,
13237000101,114,0.0000232986,,
13237000101,118,0.9998599554,,
13237000101,124,0.0001154951,,
13237000101,133,0.0000012509,,
13237000104,118,0.0003322837,,
13237000104,124,0.9996677163,,
13237000105,114,0.0000005337,,
13237000105,118,0.0003806031,,
13237000105,124,0.9995485738,,
13237000105,128,0.0000702894,,
13237000106,118,0.0001185628,,
13237000106,124,0.9994116712,,
13237000106,128,0.0004697660,,
13237000107,118,0.9994497540,,
13237000107,124,0.0002442140,,
13237000107,128,0.0000699354,,
13237000107,133,0.0002360967,,
1323900000G,151,0.0000035467,,
1323900000G,154,0.9999964533,,
1323900000M,151,0.0000000908,,
1323900000M,154,0.9999999092,,
132410RABUN,8,0.0000395059,,
132410RABUN,10,0.9999604941,,
13243000131,154,1.0000000000,,
13243000334,151,0.0007239348,,
13243000334,154,0.9992760652,,
13243000566,151,0.0000212416,,
13243000566,154,0.9999787584,,
13243000934,154,1.0000000000,,
13243000947,154,1.0000000000,,
13243000954,151,0.0000098517,,
13243000954,154,0.9999901483,,
13243000998,151,0.0007739268,,
13243000998,154,0.9992260732,,
1324300718A,154,1.0000000000,,
1324300718B,154,1.0000000000,,
13245000101,129,1.0000000000,,
13245000102,129,1.0000000000,,
13245000103,129,0.9990088174,,
13245000103,130,0.0009911826,,
13245000104,129,0.0000625247,,
13245000104,130,0.9999374753,,
13245000105,129,1.0000000000,,
13245000106,127,0.0001418989,,
13245000106,129,0.9998581011,,
13245000107,127,0.9994758272,,
13245000107,129,0.0005241728,,
13245000108,127,0.0031657019,,
13245000108,129,0.9968342981,,
13245000109,129,0.3615833207,,
13245000109,130,0.6384166793,,
13245000111,129,1.0000000000,,
13245000112,129,0.9999910876,,
13245000112,130,0.0000089124,,
13245000114,130,1.0000000000,,
13245000115,130,1.0000000000,,
13245000201,129,1.0000000000,,
13245000202,129,0.0029234558,,
13245000202,130,0.9970765442,,
13245000203,129,1.0000000000,,
13245000204,129,1.0000000000,,
13245000207,129,0.9985674296,,
13245000207,130,0.0014325704,,
13245000208,129,1.0000000000,,
13245000210,129,1.0000000000,,
13245000301,127,0.7627129283,,
13245000301,129,0.2372121022,,
13245000301,132,0.0000749694,,
13245000302,127,0.0044981106,,
13245000302,129,0.9951836162,,
13245000302,132,0.0003182732,,
13245000303,127,0.0000042175,,
13245000303,129,0.9999957825,,
13245000304,129,1.0000000000,,
13245000305,127,0.9985260889,,
13245000305,132,0.0014739111,,
13245000306,127,0.0014518858,,
13245000306,132,0.9985481142,,
13245000307,127,0.0007762489,,
13245000307,129,0.9992237511,,
13245000308,127,0.9996125537,,
13245000308,132,0.0003874463,,
13245000309,129,0.0002581643,,
13245000309,132,0.9997418357,,
13245000310,125,0.0002113083,,
13245000310,127,0.0000924342,,
13245000310,132,0.9996962574,,
13245000401,126,0.0002832872,,
13245000401,130,0.9997167128,,
13245000402,126,0.0025442400,,
13245000402,132,0.9974557600,,
13245000404,126,0.9993896445,,
13245000404,130,0.0006103555,,
13245000405,126,0.9994945495,,
13245000405,130,0.0005054505,,
13245000406,126,0.9994291290,,
13245000406,132,0.0005708710,,
13245000501,126,0.0008005588,,
13245000501,130,0.9989113114,,
13245000501,132,0.0002881297,,
13245000502,126,0.0021706430,,
13245000502,129,0.0000075702,,
13245000502,130,0.0003289337,,
13245000502,132,0.9974928531,,
13245000503,129,0.5697116277,,
13245000503,130,0.0000291037,,
13245000503,132,0.4302592687,,
13245000504,129,0.9991865892,,
13245000504,132,0.0008134108,,
13245000506,130,1.0000000000,,
13245000507,127,0.0006109168,,
13245000507,129,0.0038886547,,
13245000507,132,0.9955004285,,
13245000509,126,0.9988268177,,
13245000509,130,0.0007911252,,
13245000509,132,0.0003820571,,
13245000601,126,0.0012618530,,
13245000601,130,0.9987381470,,
13245000603,129,0.0000044975,,
13245000603,130,0.9999528413,,
13245000603,132,0.0000426612,,
13245000604,130,1.0000000000,,
13245000605,130,1.0000000000,,
13245000607,130,1.0000000000,,
13245000608,126,0.0000877698,,
13245000608,130,0.9999122302,,
13245000701,127,0.9989778082,,
13245000701,129,0.0010221918,,
13245000702,127,0.3365113050,,
13245000702,129,0.6634886950,,
13245000703,127,0.2791883110,,
13245000703,129,0.7208116890,,
13245000705,127,0.9999688336,,
13245000705,132,0.0000311664,,
13245000706,127,0.9999025919,,
13245000706,129,0.0000974081,,
13245000707,127,0.0011055873,,
13245000707,129,0.9988944127,,
13245000708,127,0.9997166541,,
13245000708,129,0.0002833459,,
13245000709,127,0.0000147950,,
13245000709,129,0.9999852050,,
13245000801,126,0.0009282937,,
13245000801,132,0.9990717063,,
13245000802,126,0.0005486022,,
13245000802,130,0.9994513978,,
13245000803,125,0.0000354736,,
13245000803,126,0.0004260406,,
13245000803,128,0.0000030755,,
13245000803,132,0.9995354103,,
13245000804,126,0.9993803175,,
13245000804,130,0.0002041980,,
13245000804,132,0.0004154845,,
13245000805,130,1.0000000000,,
13245000806,126,0.0000474080,,
13245000806,130,0.9999525920,,
13245000807,126,0.9955307790,,
13245000807,132,0.0044692210,,
13245000808,130,1.0000000000,,
13245000809,126,1.0000000000,,
13245000810,126,0.9998726211,,
13245000810,130,0.0001273789,,
1324500801B,126,0.0006455329,,
1324500801B,132,0.9993544671,,
1324500804H,126,0.9998394862,,
1324500804H,130,0.0001605138,,
132470000BA,91,0.0005567487,,
132470000BA,92,0.9991527449,,
132470000BA,113,0.0000155943,,
132470000BA,115,0.0002749120,,
132470000BT,93,0.0002233014,,
132470000BT,95,0.9997191496,,
132470000BT,111,0.0000575490,,
132470000CO,93,1.0000000000,,
132470000FI,92,0.9987497645,,
132470000FI,93,0.0011989793,,
132470000FI,113,0.0000512561,,
132470000FS,92,0.0020364017,,
132470000FS,93,0.9979635983,,
132470000HC,92,1.0000000000,,
132470000HI,93,0.0010992429,,
132470000HI,95,0.9989007571,,
132470000LA,92,0.0006448865,,
132470000LA,93,0.9989894775,,
132470000LA,95,0.0003656360,,
132470000LO,91,0.9989327002,,
132470000LO,92,0.0006492352,,
132470000LO,115,0.0004180645,,
132470000MA,92,0.9996291284,,
132470000MA,113,0.0003708716,,
132470000MI,92,0.0000204078,,
132470000MI,93,0.9972982956,,
132470000MI,95,0.0026812966,,
132470000OT,92,0.0011735329,,
132470000OT,93,0.7728126808,,
132470000OT,95,0.2260137863,,
132470000RO,92,0.9928735927,,
132470000RO,93,0.0071264073,,
132470000SM,91,0.0009058372,,
132470000SM,92,0.9988778397,,
132470000SM,93,0.0002163230,,
132470000SP,92,0.9990778056,,
132470000SP,93,0.0009221944,,
132470000ST,91,0.0000215189,,
132470000ST,92,0.9999784811,,
13249000001,150,0.0000086820,,
13249000001,151,0.9999913180,,
13251000001,159,1.0000000000,,
13251000002,159,1.0000000000,,
13251000003,159,1.0000000000,,
13251000004,159,1.0000000000,,
13251000005,126,0.0000182656,,
13251000005,159,0.9999817344,,
13251000006,126,0.0000296759,,
13251000006,159,0.9999703241,,
13251000007,126,0.0000185221,,
13251000007,159,0.9999814779,,
13251000008,159,1.0000000000,,
13251000009,159,1.0000000000,,
13251000010,159,1.0000000000,,
13251000011,159,1.0000000000,,
13251000012,159,0.9999980079,,
13251000012,160,0.0000019921,,
13253000001,154,0.9999541352,,
13253000001,171,0.0000458648,,
13253000002,154,1.0000000000,,
13253000003,154,1.0000000000,,
13253000004,154,0.9999667976,,
13253000004,171,0.0000332024,,
13253000005,154,0.9993351674,,
13253000005,171,0.0006648326,,
13255000001,74,0.0001165470,,
13255000001,134,0.9998834530,,
13255000002,134,1.0000000000,,
13255000004,134,1.0000000000,,
13255000005,74,0.4297083383,,
13255000005,134,0.5702916617,,
13255000006,74,0.0001074819,,
13255000006,134,0.9998925181,,
13255000007,134,1.0000000000,,
13255000008,134,0.9999994426,,
13255000008,135,0.0000005574,,
13255000009,117,0.0004128290,,
13255000009,118,0.0001127056,,
13255000009,134,0.9994744654,,
13255000010,74,0.2370359594,,
13255000010,134,0.7629388422,,
13255000010,135,0.0000251984,,
13255000011,134,0.9999963424,,
13255000011,135,0.0000036576,,
13255000012,74,0.9997449900,,
13255000012,134,0.0000743309,,
13255000012,135,0.0001299835,,
13255000012,136,0.0000506955,,
13255000013,74,0.9999948231,,
13255000013,78,0.0000051769,,
13255000014,74,0.9998292686,,
13255000014,117,0.0000301089,,
13255000014,134,0.0001406226,,
13255000016,74,0.2135451088,,
13255000016,117,0.0002612039,,
13255000016,134,0.7861936873,,
13255000017,117,0.0005981876,,
13255000017,134,0.9994018124,,
13255000019,74,0.9999872490,,
13255000019,134,0.0000127510,,
13255000020,134,1.0000000000,,
13255000021,74,0.0001473647,,
13255000021,117,0.9991733326,,
13255000021,134,0.0006793028,,
13257000001,10,0.0000317969,,
13257000001,32,0.9999682031,,
13257000002,32,1.0000000000,,
13257000003,10,0.0000215702,,
13257000003,32,0.9999784298,,
13257000004,32,0.9998985311,,
13257000004,33,0.0001014689,,
13257000005,10,0.0000101221,,
13257000005,32,0.9999897941,,
13257000005,33,0.0000000837,,
13257000006,32,0.9999665153,,
13257000006,33,0.0000334847,,
13257000007,32,0.9999623160,,
13257000007,33,0.0000376840,,
13257000008,32,1.0000000000,,
13259000002,151,0.9999971178,,
13259000002,154,0.0000028822,,
13259000005,151,0.9999906890,,
13259000005,154,0.0000093110,,
13261000015,148,0.0000574709,,
13261000015,150,0.0001701172,,
13261000015,151,0.9997559793,,
13261000015,152,0.0000164326,,
13261000017,150,0.0000134216,,
13261000017,151,0.9999543842,,
13261000017,152,0.0000321942,,
13261000028,150,0.9997013990,,
13261000028,151,0.0002986010,,
13261000029,150,0.9999042035,,
13261000029,151,0.0000957965,,
1326100E-27,150,0.9993636043,,
1326100E-27,151,0.0006363957,,
1326100N-26,151,1.0000000000,,
1326100O-26,151,1.0000000000,,
1326100W-27,150,0.0005317582,,
1326100W-27,151,0.9994682418,,
132610C1-27,150,0.7639876768,,
132610C1-27,151,0.2360123232,,
132610C2-27,150,0.7443583319,,
132610C2-27,151,0.2556416681,,
132610C3-27,150,0.0007540920,,
132610C3-27,151,0.9992459080,,
13263000001,137,0.9999757330,,
13263000001,139,0.0000242670,,
13263000002,135,0.0000577354,,
13263000002,137,0.9999420240,,
13263000002,139,0.0000002406,,
13263000003,135,0.0000269026,,
13263000003,137,0.9998101886,,
13263000003,150,0.0001629088,,
13263000004,137,0.9996447677,,
13263000004,151,0.0003552323,,
13263000005,137,1.0000000000,,
13263000006,137,0.9992150375,,
13263000006,139,0.0000000638,,
13263000006,151,0.0007848987,,
13263000008,137,0.9999784189,,
13263000008,138,0.0000020444,,
13263000008,139,0.0000195366,,
13265000172,123,0.0000444116,,
13265000172,124,0.9991860872,,
13265000172,128,0.0007695012,,
13265000601,123,0.0000173883,,
13265000601,124,0.9997797782,,
13265000601,128,0.0002028335,,
13267000001,156,0.9995563291,,
13267000001,157,0.0004322078,,
13267000001,158,0.0000114630,,
13267000003,156,0.0003230361,,
13267000003,157,0.9996769533,,
13267000003,158,0.0000000106,,
13267000004,157,1.0000000000,,
13267000005,156,0.0000039139,,
13267000005,157,0.9999960861,,
13267000007,157,0.9993095229,,
13267000007,167,0.0006904771,,
13267000008,157,1.0000000000,,
13267000009,156,0.0000001390,,
13267000009,157,0.9998451306,,
13267000009,167,0.0001396362,,
13267000009,178,0.0000150942,,
13267000010,156,0.0000251677,,
13267000010,157,0.9999748323,,
13269000001,150,1.0000000000,,
13269000005,137,0.0000249116,,
13269000005,150,0.9999582765,,
13269000005,151,0.0000168119,,
13269000006,135,0.0000023227,,
13269000006,137,0.0000345521,,
13269000006,145,0.0000048783,,
13269000006,150,0.9999582469,,
132710000HE,149,0.9997333767,,
132710000HE,156,0.0002666233,,
132710000JA,149,0.0001251242,,
132710000JA,156,0.9997910633,,
132710000JA,157,0.0000054773,,
132710000JA,169,0.0000783352,,
132710000LU,149,0.0000852584,,
132710000LU,156,0.9998977516,,
132710000LU,157,0.0000169900,,
132710000MC,149,0.9996588069,,
132710000MC,156,0.0003411931,,
132710000MI,148,0.0000002630,,
132710000MI,149,0.9998936118,,
132710000MI,156,0.0001061252,,
132710000SC,149,0.0001815664,,
132710000SC,156,0.9998184336,,
13273000001,151,1.0000000000,,
13273000002,151,0.9999774840,,
13273000002,152,0.0000225160,,
13273000003,151,0.9993911164,,
13273000003,152,0.0006088836,,
13273000004,151,0.9999899690,,
13273000004,154,0.0000100310,,
13273000005,151,0.9996235507,,
13273000005,154,0.0003764493,,
13273000006,151,0.9994795917,,
13273000006,154,0.0005204083,,
13275000101,172,0.0001859670,,
13275000101,173,0.9997429224,,
13275000101,175,0.0000711107,,
13275000102,173,0.9999577734,,
13275000102,175,0.0000422266,,
13275000103,173,1.0000000000,,
13275000104,172,0.9993972836,,
13275000104,173,0.0006027164,,
13275000105,173,1.0000000000,,
13275000106,172,0.9985979661,,
13275000106,173,0.0014020339,,
13275000107,173,1.0000000000,,
13275000108,173,1.0000000000,,
13275000109,173,1.0000000000,,
13275000110,173,1.0000000000,,
13275000111,171,0.0001639345,,
13275000111,172,0.0001454489,,
13275000111,173,0.9996906166,,
13275000112,172,0.0007086561,,
13275000112,173,0.9992913439,,
13275000113,173,1.0000000000,,
13275000114,172,0.0000014285,,
13275000114,173,0.9999985715,,
13275000115,172,0.0006931319,,
13275000115,173,0.9993068681,,
13275000116,172,0.0003443673,,
13275000116,173,0.9996556327,,
13275000117,172,0.9996075577,,
13275000117,173,0.0002357193,,
13275000117,175,0.0001567231,,
13275000118,173,1.0000000000,,
13275000119,173,1.0000000000,,
13275000120,173,1.0000000000,,
13277000001,170,1.0000000000,,
13277000002,169,0.9997735416,,
13277000002,170,0.0002264584,,
13277000003,169,0.0002207161,,
13277000003,170,0.9997792839,,
13277000004,152,0.0000181483,,
13277000004,169,0.9999204134,,
13277000004,170,0.0000614383,,
13277000005,152,0.0000054319,,
13277000005,169,0.0000957349,,
13277000005,170,0.9998988331,,
13277000006,170,1.0000000000,,
13277000007,152,0.0000452195,,
13277000007,170,0.9998424345,,
13277000007,172,0.0001123460,,
13277000008,152,0.0000958026,,
13277000008,169,0.9995742043,,
13277000008,170,0.0003299931,,
13277000009,169,0.0007277178,,
13277000009,170,0.9992722822,,
13277000010,170,1.0000000000,,
13277000011,170,1.0000000000,,
13277000012,169,0.0002579355,,
13277000012,170,0.9997420645,,
13279000039,156,0.9999640431,,
13279000039,157,0.0000359569,,
13279000043,156,0.9999237631,,
13279000043,157,0.0000762369,,
13279000513,156,1.0000000000,,
13279000514,156,0.9997021979,,
13279000514,158,0.0002978021,,
13279015361,156,0.9999516249,,
13279015361,157,0.0000345055,,
13279015361,158,0.0000138696,,
13281000833,8,0.9997957963,,
13281000833,10,0.0002042037,,
13281000990,8,1.0000000000,,
13281001468,8,1.0000000000,,
13281001581,8,0.9999335276,,
13281001581,10,0.0000664724,,
1328300SOPE,156,0.0000313438,,
1328300SOPE,158,0.9999686562,,
132830ANNEX,155,0.0001810433,,
132830ANNEX,156,0.0000271889,,
132830ANNEX,158,0.9997917677,,
13285000001,137,0.0002036983,,
13285000001,138,0.9997963017,,
13285000002,136,0.0001272001,,
13285000002,137,0.9989817609,,
13285000002,138,0.0008910390,,
13285000003,72,0.0006024226,,
13285000003,136,0.9992503994,,
13285000003,137,0.0000261035,,
13285000003,138,0.0001210744,,
13285000004,136,0.9992395449,,
13285000004,137,0.0007604551,,
13285000005,138,1.0000000000,,
13285000006,72,0.9996281415,,
13285000006,136,0.0003718585,,
13285000007,72,0.0002443975,,
13285000007,138,0.9997556025,,
13285000008,136,0.0000103800,,
13285000008,137,0.9998881382,,
13285000008,138,0.0001014818,,
13285000009,72,0.0002658671,,
13285000009,136,0.7513777168,,
13285000009,137,0.2483564162,,
13285000010,72,0.9995330328,,
13285000010,136,0.0000690940,,
13285000010,138,0.0003978732,,
13285000011,137,0.0002104307,,
13285000011,138,0.9997895693,,
13285000012,72,0.0005395297,,
13285000012,136,0.9992087137,,
13285000012,137,0.0002517565,,
13285000013,137,0.0002998295,,
13285000013,138,0.9997001705,,
13285000015,136,0.0010742455,,
13285000015,137,0.9989257545,,
13285000016,72,0.0024297484,,
13285000016,136,0.0001446372,,
13285000016,138,0.9974256145,,
13287000001,148,0.0000257043,,
13287000001,152,0.0000447303,,
13287000001,169,0.9999295654,,
13287000002,152,0.0002384407,,
13287000002,169,0.9997615593,,
13287000003,148,0.0001935769,,
13287000003,169,0.9998064231,,
132890000DB,133,0.0000215219,,
132890000DB,143,0.0000418288,,
132890000DB,149,0.9999366492,,
132890000GI,143,0.0000205806,,
132890000GI,145,0.0000015911,,
132890000GI,146,0.0000021472,,
132890000GI,149,0.9999756810,,
132890000HV,149,1.0000000000,,
1328900JV/W,149,1.0000000000,,
1328900SG/T,146,0.0000019204,,
1328900SG/T,148,0.0000007630,,
1328900SG/T,149,0.9999973166,,
13291000001,8,1.0000000000,,
13291000002,7,0.0005724384,,
13291000002,8,0.9994275616,,
13291000003,8,1.0000000000,,
13291000004,8,1.0000000000,,
13291000005,7,0.0001153474,,
13291000005,8,0.9993506547,,
13291000005,9,0.0005339979,,
13291000006,8,1.0000000000,,
13291000007,7,0.0007759053,,
13291000007,8,0.9992240947,,
13291000008,8,1.0000000000,,
13291000009,7,0.0000002888,,
13291000009,8,0.9999997112,,
13291000010,8,1.0000000000,,
13291000011,8,0.9996747902,,
13291000011,9,0.0003252098,,
13293000470,135,1.0000000000,,
13293000555,135,1.0000000000,,
13293000561,135,1.0000000000,,
13293000588,135,0.9999993364,,
13293000588,145,0.0000006636,,
13293000589,135,0.9998558037,,
13293000589,137,0.0001120110,,
13293000589,145,0.0000172801,,
13293000589,150,0.0000149052,,
13293001336,135,0.9999173091,,
13293001336,136,0.0000201324,,
13293001336,137,0.0000625585,,
13293001577,135,1.0000000000,,
13293001610,135,1.0000000000,,
13293005610,135,0.9999899255,,
13293005610,137,0.0000100745,,
13295000869,1,0.0003896333,,
13295000869,2,0.9996103667,,
13295000871,1,0.9994861740,,
13295000871,2,0.0005138260,,
13295000881,1,0.0004669312,,
13295000881,2,0.9995330688,,
13295000943,1,0.9995799989,,
13295000943,2,0.0003155921,,
13295000943,12,0.0001044089,,
13295000944,1,0.0000352531,,
13295000944,2,0.9999647469,,
13295000953,2,0.9999741361,,
13295000953,5,0.0000253832,,
13295000953,12,0.0000004807,,
13295000960,1,0.0006171085,,
13295000960,2,0.9993826676,,
13295000960,12,0.0000002240,,
13295001053,2,0.9999996546,,
13295001053,12,0.0000003454,,
13295001161,1,1.0000000000,,
13295001501,1,0.9996834464,,
13295001501,2,0.0003165536,,
13295001800,1,0.9999759493,,
13295001800,12,0.0000240507,,
13295001808,1,1.0000000000,,
13295001809,1,0.9996460078,,
13295001809,2,0.0003539922,,
13295001812,1,0.9999840851,,
13295001812,3,0.0000159149,,
13295001818,1,0.0012125259,,
13295001818,2,0.9987735031,,
13295001818,3,0.0000139710,,
13295001851,1,1.0000000000,,
13295001893,1,0.9991267210,,
13295001893,2,0.0008560332,,
13295001893,3,0.0000172458,,
13295001898,1,0.9990660188,,
13295001898,2,0.0009339812,,
13297000250,111,0.0002727942,,
13297000250,112,0.9989122322,,
13297000250,119,0.0008149736,,
13297000414,112,0.9990395044,,
13297000414,119,0.0001466270,,
13297000414,121,0.0008138686,,
13297000415,111,0.0004124216,,
13297000415,112,0.9995875784,,
13297000416,93,0.0000099259,,
13297000416,111,0.0000345558,,
13297000416,112,0.9999555183,,
13297000417,110,0.0000230193,,
13297000417,111,0.9997666384,,
13297000417,112,0.0002103423,,
13297000418,112,0.9999087216,,
13297000418,114,0.0000912784,,
13297000419,112,1.0000000000,,
13297000420,112,1.0000000000,,
13297000421,110,0.0000070863,,
13297000421,111,0.9999929137,,
13297000422,95,0.0000565703,,
13297000422,110,0.0000077969,,
13297000422,111,0.9999356328,,
13297000423,93,0.0000227127,,
13297000423,95,0.0000000032,,
13297000423,111,0.5034946310,,
13297000423,112,0.4964826531,,
13297000424,111,0.9988956414,,
13297000424,112,0.0011043586,,
13297000425,112,1.0000000000,,
13297000426,112,1.0000000000,,
13297000427,111,1.0000000000,,
13297000454,112,0.9998103216,,
13297000454,121,0.0001896784,,
13297000502,112,0.9999724283,,
13297000502,114,0.0000275717,,
13297000503,112,0.9999361265,,
13297000503,114,0.0000638735,,
13297000559,112,0.9997901559,,
13297000559,114,0.0001678160,,
13297000559,121,0.0000420281,,
13297001663,104,0.0000952390,,
13297001663,110,0.0000000438,,
13297001663,111,0.9992144889,,
13297001663,112,0.0002556658,,
13297001663,119,0.0004345624,,
13297001675,112,1.0000000000,,
13299000100,174,0.4257051471,,
13299000100,176,0.5742948529,,
13299000300,174,0.0001510888,,
13299000300,176,0.9997725209,,
13299000300,178,0.0000763903,,
13299000304,174,0.0008405369,,
13299000304,176,0.9991594631,,
13299000400,174,0.9716735738,,
13299000400,176,0.0283142400,,
13299000400,178,0.0000121862,,
13299000404,169,0.0000458329,,
13299000404,176,0.9999177740,,
13299000404,178,0.0000363931,,
13299000405,176,0.9999623000,,
13299000405,178,0.0000377000,,
13299000406,176,0.9998682740,,
13299000406,178,0.0001317260,,
13299000407,174,0.9999465589,,
13299000407,176,0.0000534411,,
13299000408,174,0.0000684833,,
13299000408,176,0.9999315167,,
13299000409,174,0.0000375257,,
13299000409,176,0.9999624743,,
1329900200A,174,0.0024939304,,
1329900200A,176,0.9973752960,,
1329900200A,178,0.0001307736,,
1329900200B,174,0.9994421004,,
1329900200B,176,0.0005578996,,
13301000001,128,1.0000000000,,
13301000002,123,0.0000093863,,
13301000002,124,0.0006686991,,
13301000002,125,0.0000080549,,
13301000002,128,0.9993138597,,
13301000003,124,0.0003477897,,
13301000003,128,0.9996522103,,
13301000004,128,1.0000000000,,
13301000005,128,1.0000000000,,
13301000006,128,0.9999792932,,
13301000006,132,0.0000207068,,
13303000088,128,0.9999605204,,
13303000088,149,0.0000321427,,
13303000088,155,0.0000073369,,
13303000091,128,0.9998876027,,
13303000091,155,0.0001123973,,
13303000094,128,0.9999836053,,
13303000094,132,0.0000163947,,
13303000097,128,1.0000000000,,
13303000099,128,1.0000000000,,
13303001253,128,0.9999578129,,
13303001253,132,0.0000268006,,
13303001253,155,0.0000153865,,
13303001350,128,1.0000000000,,
13303001488,128,1.0000000000,,
1330500001A,157,0.0000290738,,
1330500001A,178,0.9999709262,,
1330500001B,157,0.0001454548,,
1330500001B,167,0.0003956091,,
1330500001B,178,0.9994589361,,
1330500001C,167,0.6713905185,,
1330500001C,178,0.3286094815,,
1330500002A,174,0.0000103734,,
1330500002A,178,0.9999896266,,
1330500002C,157,0.0000485305,,
1330500002C,178,0.9999514695,,
1330500002D,167,0.0000799455,,
1330500002D,178,0.9999200545,,
1330500003A,167,0.9999735576,,
1330500003A,178,0.0000264424,,
1330500003B,167,0.0000619783,,
1330500003B,174,0.0000086047,,
1330500003B,178,0.9999294169,,
1330500004A,167,0.0000060467,,
1330500004A,178,0.9999939533,,
1330500004B,167,0.0000821540,,
1330500004B,178,0.9999178460,,
1330500005A,167,0.0001412420,,
1330500005A,178,0.9998587580,,
1330500005B,178,1.0000000000,,
133070000G3,151,1.0000000000,,
133070000P1,151,1.0000000000,,
133070000P3,151,1.0000000000,,
133070000W2,151,0.9999965362,,
133070000W2,154,0.0000034638,,
13309000001,149,0.0000673796,,
13309000001,155,0.0000106397,,
13309000001,156,0.9999215040,,
13309000001,157,0.0000004767,,
13309000002,155,0.0000019498,,
13309000002,156,0.9999795168,,
13309000002,158,0.0000185334,,
13311000011,8,0.9999705395,,
13311000011,10,0.0000294605,,
13311000021,8,0.9983123550,,
13311000021,9,0.0016876450,,
13311000031,8,1.0000000000,,
13311000041,8,0.9998368706,,
13311000041,9,0.0001195419,,
13311000041,10,0.0000374010,,
13311000041,27,0.0000061865,,
13311000051,8,0.9990283053,,
13311000051,9,0.0009716947,,
13311000061,8,0.9988556780,,
13311000061,10,0.0011443220,,
13311000071,8,1.0000000000,,
13311000081,8,0.0005118794,,
13311000081,9,0.9994344745,,
13311000081,27,0.0000536461,,
13311000091,8,1.0000000000,,
13311000101,8,0.0012774923,,
13311000101,9,0.9987225077,,
13311000111,8,0.9997355893,,
13311000111,10,0.0002644107,,
1331300001A,2,0.0009867780,,
1331300001A,4,0.9990132220,,
1331300002A,2,0.9272996259,,
1331300002A,4,0.0727001785,,
1331300002A,6,0.0000001957,,
1331300003A,4,1.0000000000,,
1331300004A,2,0.0002813017,,
1331300004A,4,0.9997186983,,
1331300005A,2,0.0001763345,,
1331300005A,4,0.9998236655,,
1331300006A,4,1.0000000000,,
133130000AN,4,0.9998585242,,
133130000AN,6,0.0001414758,,
133130000CA,2,0.9995148001,,
133130000CA,4,0.0004599919,,
133130000CA,5,0.0000252080,,
133130000CO,3,0.0001821493,,
133130000CO,6,0.9998178507,,
133130000DG,2,0.0009015976,,
133130000DG,4,0.9990984024,,
133130000ES,4,0.9990469162,,
133130000ES,6,0.0009530838,,
133130000FI,4,0.9982584910,,
133130000FI,6,0.0017415090,,
133130000GL,2,0.0003001685,,
133130000GL,4,0.9988742613,,
133130000GL,6,0.0008255702,,
133130000LT,4,0.0003957561,,
133130000LT,6,0.9996042439,,
133130000MC,2,0.9998180569,,
133130000MC,4,0.0001819431,,
133130000NI,4,0.9983717713,,
133130000NI,6,0.0016282287,,
133130000PG,2,0.7108658187,,
133130000PG,4,0.0002261812,,
133130000PG,6,0.2889080001,,
133130000TH,2,0.9994893912,,
133130000TH,3,0.0000446591,,
133130000TH,6,0.0004659497,,
133130000TI,2,0.0006842564,,
133130000TI,4,0.9977606727,,
133130000TI,5,0.0001536539,,
133130000TI,6,0.0014014170,,
133130000TR,2,0.9999843319,,
133130000TR,3,0.0000156681,,
133130000UT,6,1.0000000000,,
133130000VA,2,0.0001478991,,
133130000VA,3,0.0001257078,,
133130000VA,4,0.0001106394,,
133130000VA,6,0.9996157538,,
133130000WS,2,1.0000000000,,
1331500001A,148,1.0000000000,,
1331500002A,148,0.9998950038,,
1331500002A,149,0.0001049962,,
1331500002B,148,0.9999527966,,
1331500002B,150,0.0000472034,,
1331500003A,148,0.9999790432,,
1331500003A,169,0.0000209568,,
1331500004A,148,1.0000000000,,
1331500005A,148,0.9999510234,,
1331500005A,149,0.0000010414,,
1331500005A,156,0.0000479352,,
13317000001,123,0.9999209004,,
13317000001,124,0.0000790996,,
1331700002A,123,0.9999712086,,
1331700002A,124,0.0000100709,,
1331700002A,125,0.0000149002,,
1331700002A,128,0.0000038203,,
1331700002B,123,0.9999727326,,
1331700002B,125,0.0000272674,,
1331700003A,123,1.0000000000,,
1331700003B,123,0.9996233495,,
1331700003B,124,0.0003766505,,
1331700004A,123,1.0000000000,,
1331700004B,123,0.9999810482,,
1331700004B,124,0.0000189518,,
13319000002,128,0.0000869028,,
13319000002,133,0.0000682595,,
13319000002,149,0.9998448377,,
13319000003,149,0.9999810434,,
13319000003,155,0.0000189566,,
13319000004,149,1.0000000000,,
13319000005,149,1.0000000000,,
13319000006,133,0.0000524500,,
13319000006,149,0.9999475500,,
13319000007,128,0.0000169796,,
13319000007,149,0.9999729083,,
13319000007,155,0.0000101121,,
13319000008,149,1.0000000000,,
13319000010,133,0.0000092777,,
13319000010,149,0.9999907223,,
13319000011,149,0.9999948411,,
13319000011,155,0.0000051589,,
13321000001,152,1.0000000000,,
13321000002,152,1.0000000000,,
13321000003,152,1.0000000000,,
13321000004,152,0.9999598303,,
13321000004,169,0.0000401697,,
13321000005,152,0.9994882463,,
13321000005,169,0.0005117537,,
13321000006,152,0.9999045798,,
13321000006,153,0.0000954202,,
13321000007,152,0.9999267644,,
13321000007,169,0.0000732356,,
13321000008,152,1.0000000000,,
13321000009,148,0.0004441382,,
13321000009,152,0.9995401825,,
13321000009,169,0.0000156792,,
13321000010,152,0.9998493263,,
13321000010,169,0.0000290906,,
13321000010,170,0.0000464020,,
13321000010,172,0.0000751811,,
13321000011,152,0.9999516002,,
13321000011,172,0.0000483998,,
13321000012,152,0.9999467293,,
13321000012,171,0.0000184555,,
13321000012,172,0.0000348152,,
13321000014,152,1.0000000000,,
13321000015,152,0.9999688565,,
13321000015,169,0.0000311435,,
13321000016,152,0.9999995158,,
13321000016,153,0.0000004842,,
