precinct_id,C_TOT24,C_HSP24,C_NHS24,C_WHT24,C_BLA24,C_AMI24,C_ASI24,C_NHP24,C_2OM24,C_BLW24,C_AIW24,C_ASW24,C_AIB24,C_AIA24,C_ASN24,C_BLK24,CVAP_TOT24,CVAP_HSP24,CVAP_NHS24,CVAP_WHT24,CVAP_BLA24,CVAP_AMI24,CVAP_ASI24,CVAP_NHP24,CVAP_2OM24,CVAP_BLW24,CVAP_AIW24,CVAP_ASW24,CVAP_AIB24,CVAP_AIA24,CVAP_ASN24,CVAP_BLK24
APPLING - 1A,469,0,479,401,108,0,0,0,0,0,0,0,0,0,0,106,317,0,326,273,73,0,0,0,0,0,0,0,0,0,0,81
APPLING - 1A1,362,140,226,205,10,2,0,0,0,0,0,0,0,0,0,8,218,71,155,138,9,4,0,0,0,0,0,0,0,1,0,8
APPLING - 1B,1820,64,1749,1540,193,3,0,0,0,0,0,0,0,5,0,198,1396,61,1331,1200,117,4,0,0,0,0,0,0,0,7,0,111
APPLING - 1C,1150,77,1112,1112,41,0,0,0,0,29,16,0,0,16,0,47,864,12,877,865,32,0,0,0,0,2,18,0,0,18,0,32
APPLING - 1D,488,67,410,234,168,0,0,0,0,7,4,0,0,4,0,178,368,9,347,221,113,0,0,0,0,0,4,0,0,4,0,115
APPLING - 2,2950,190,2724,1456,1093,0,4,0,0,49,4,0,0,4,4,1166,2320,99,2187,1067,1048,0,4,0,0,3,4,0,0,4,4,1051
APPLING - 3A,455,168,283,309,5,0,0,0,0,0,0,0,0,0,0,5,287,75,202,208,2,0,0,0,0,0,0,0,0,2,0,2
APPLING - 3B,541,31,503,296,145,0,0,0,15,0,3,0,0,4,0,167,403,19,384,209,147,0,0,0,13,0,3,0,0,4,0,149
APPLING - 3C,2657,165,2493,1670,754,0,28,0,35,10,17,16,0,16,40,761,1931,68,1893,1327,503,0,26,0,37,0,17,0,5,18,26,510
APPLING - 4A,665,7,666,578,8,0,0,0,0,77,6,0,0,5,0,74,497,5,491,477,12,0,0,0,0,0,6,0,0,5,0,12
APPLING - 4B,568,8,567,496,11,0,0,0,0,52,16,0,0,17,0,43,463,10,464,450,1,0,0,0,0,0,5,0,0,7,0,1
APPLING - 4C,569,35,541,542,0,0,0,0,0,0,4,0,0,5,0,4,470,17,455,451,0,0,0,0,0,0,12,0,0,8,0,3
APPLING - 4D,1529,115,1398,1157,184,0,11,0,9,4,4,8,0,3,23,197,1151,36,1076,899,125,0,18,0,13,19,3,0,0,7,18,136
APPLING - 5A,1982,184,1800,1450,201,10,26,0,64,34,2,15,0,12,41,236,1618,73,1547,1247,147,9,28,0,69,33,1,16,0,10,44,181
APPLING - 5B,1011,79,937,557,399,0,0,0,0,0,0,0,0,0,0,396,626,4,634,466,186,0,0,0,0,0,0,0,0,0,0,184
APPLING - 5C,591,51,538,478,33,0,0,0,0,7,1,0,0,1,0,36,387,19,369,346,3,0,0,0,0,0,0,0,0,0,0,4
ATKINSON - 1,2818,519,2342,1999,102,0,0,0,1,66,57,53,0,54,32,151,1954,209,1797,1544,108,0,0,0,0,0,52,16,0,54,9,112
ATKINSON - 2,1388,322,1067,1040,14,0,0,0,1,0,0,0,0,0,0,14,992,131,864,851,6,0,0,0,0,0,0,0,0,0,0,6
ATKINSON - 3,1816,233,1583,1048,446,0,0,0,0,91,0,0,0,0,0,537,1360,146,1218,827,356,0,0,0,0,36,0,0,0,0,0,392
ATKINSON - 4,1304,220,1040,423,573,0,0,0,2,109,7,0,0,10,21,699,952,104,789,322,534,0,0,0,0,0,16,0,0,14,7,530
BACON - DOUGL,6659,548,6126,4245,1498,0,0,13,11,38,245,0,0,245,0,1551,4791,225,4570,3333,1080,0,0,12,15,59,98,0,0,98,0,1130
BACON - NEW L,1355,18,1337,1272,0,0,0,0,0,0,15,50,0,15,50,0,1196,18,1178,1166,0,0,0,0,0,0,12,0,0,12,0,0
BACON - TAYLO,1423,127,1280,1179,14,0,0,0,0,82,5,0,0,5,0,91,924,62,860,825,20,0,0,0,0,8,5,0,0,5,0,29
BACON - WARE,851,22,830,839,23,0,0,0,0,18,11,0,0,11,0,35,672,22,646,595,16,0,0,0,0,0,0,0,0,0,0,23
BACON - WARNO,536,43,493,492,5,0,0,0,0,11,0,0,0,0,0,12,461,9,454,458,4,0,0,0,0,2,0,0,0,0,0,7
BAKER - A,175,0,171,123,25,0,0,0,1,0,28,0,0,17,0,24,156,0,151,108,22,0,0,0,0,0,5,0,0,3,0,21
BAKER - E,555,0,546,208,331,0,93,0,5,0,2,0,0,2,90,331,461,0,452,188,264,2,92,0,0,0,3,0,0,5,92,264
BAKER - H,370,0,373,161,190,0,0,0,0,0,0,0,0,11,0,189,263,0,264,106,154,2,0,0,0,0,0,0,0,4,0,155
BAKER - M,423,0,426,282,17,0,74,0,0,0,0,0,0,0,77,17,411,0,419,272,18,0,74,0,0,0,0,0,0,0,74,18
BAKER - N,1157,18,1146,637,472,0,0,0,5,0,8,0,0,8,0,474,937,14,928,530,363,3,0,0,0,0,8,0,0,11,0,363
BALDWIN - 1714,1683,61,1628,996,501,9,15,0,0,15,32,7,0,41,22,518,1344,50,1300,852,361,11,13,0,0,15,32,11,0,43,21,367
BALDWIN - 318,4211,147,4068,2942,1072,9,109,0,0,9,32,0,0,41,109,1074,3228,49,3180,2421,653,12,90,0,0,13,32,3,0,44,92,665
BALDWIN - 319,2913,47,2861,1538,1299,0,6,79,0,4,0,0,7,3,4,1312,2482,39,2433,1172,1263,0,7,76,0,9,0,0,5,3,6,1280
BALDWIN - 321E,2051,44,2000,333,1543,9,0,0,20,29,37,0,0,46,15,1576,1551,22,1529,314,1148,6,0,0,8,18,34,0,0,40,0,1164
BALDWIN - 321W,4767,12,4755,1280,3301,0,0,0,0,110,4,0,31,26,0,3438,3555,13,3542,977,2471,0,0,4,0,55,0,0,28,20,0,2553
BALDWIN - 322,2299,34,2266,2022,329,0,0,0,0,10,0,0,4,4,0,338,1842,18,1828,1620,253,0,0,0,0,5,0,0,0,0,0,256
BALDWIN - CTY1,3824,129,3691,1456,1999,0,193,49,4,7,2,0,3,8,191,2006,2864,120,2743,1236,1258,0,140,33,0,1,2,0,3,10,138,1261
BALDWIN - CTY2,3257,146,3103,1191,1913,0,6,0,0,42,0,0,0,0,6,1953,3206,86,3107,1212,1888,0,7,0,0,9,0,0,0,0,10,1902
BALDWIN - CTY3,1575,59,1520,677,837,0,28,0,0,0,0,5,0,0,29,844,1262,47,1216,607,614,9,25,0,0,0,0,0,0,5,25,618
BALDWIN - CTY4,3023,58,2970,2202,517,0,13,7,33,22,0,20,0,9,18,538,2889,56,2837,2209,423,0,15,8,35,18,0,0,0,8,15,444
BALDWIN - CTY5,1405,33,1383,754,593,0,0,17,0,0,4,0,18,23,0,604,1315,34,1299,734,528,0,0,15,0,0,7,0,19,27,0,539
BALDWIN - CTY6,2932,38,2890,1559,1153,0,3,2,0,55,4,0,0,4,2,1220,2341,29,2303,1291,912,0,0,1,0,23,7,2,0,7,3,945
BALDWIN - MERI,3712,96,3613,2395,925,0,231,0,0,0,6,55,0,6,295,927,2882,78,2803,2004,584,0,184,0,0,0,6,55,0,6,242,583
BALDWIN - MONT,5234,49,5185,3115,1944,5,0,0,0,68,46,0,12,63,0,2024,4176,38,4138,2555,1509,0,0,0,0,27,38,4,9,47,4,1545
BANKS - 1,2156,114,2025,1830,36,7,72,0,0,54,3,0,0,11,69,89,1505,42,1461,1309,22,0,63,0,0,42,0,0,0,0,63,53
BANKS - 10,2418,37,2374,2308,19,0,9,0,0,10,11,0,8,20,11,36,1841,6,1823,1761,15,0,8,0,0,8,8,0,8,20,8,37
BANKS - 11,2651,127,2532,2395,67,0,0,0,0,0,7,0,5,11,0,86,2097,36,2065,1992,34,0,0,0,0,13,9,0,7,14,0,33
BANKS - 12,959,0,961,948,0,0,0,0,0,0,2,0,0,2,0,0,739,0,745,731,0,0,0,0,0,0,3,0,0,3,0,0
BANKS - 13,839,2,840,839,4,0,11,0,0,0,0,0,0,0,9,4,648,2,649,646,3,0,13,0,0,1,1,0,0,1,13,3
BANKS - 2,1111,158,948,915,12,16,0,0,0,9,1,0,0,17,0,21,817,38,776,747,12,16,0,0,0,0,0,0,0,17,0,12
BANKS - 3,654,0,648,627,2,0,0,0,0,0,3,0,0,3,0,5,557,0,559,537,2,0,0,0,0,3,6,0,0,6,0,6
BANKS - 4,1055,100,983,876,60,0,31,0,0,5,17,0,0,18,31,62,886,67,835,742,53,0,22,0,0,0,14,0,0,12,20,65
BANKS - 5,520,0,518,511,0,0,0,5,0,0,3,0,0,3,0,0,399,0,395,394,0,0,0,0,0,0,4,0,0,3,0,0
BANKS - 6,2866,203,2653,2178,302,0,92,0,0,0,68,0,0,67,92,309,2329,192,2123,1792,195,0,100,0,0,0,33,0,0,35,102,194
BANKS - 7,1693,115,1565,1492,0,0,0,0,0,128,13,0,0,12,0,106,1351,55,1287,1262,0,0,0,0,0,30,13,0,2,14,0,44
BANKS - 8,858,82,777,728,10,2,54,0,0,12,9,0,0,10,57,24,657,36,620,584,5,0,62,0,0,0,5,0,0,6,62,6
BANKS - 9,932,26,924,918,0,1,0,0,0,0,3,0,0,5,0,1,740,13,741,739,0,1,0,0,0,2,5,0,0,4,0,4
BARROW - 1,4978,502,4507,3373,810,11,5,0,23,148,103,17,0,115,27,972,3751,255,3497,2778,557,0,5,0,9,61,77,15,0,79,34,604
BARROW - 10,5699,782,4947,3322,1261,0,112,0,6,107,11,23,0,12,134,1369,3888,407,3466,2384,918,0,88,0,9,13,9,4,0,10,95,925
BARROW - 11,7870,1178,6677,4445,1705,0,333,0,78,61,12,0,25,37,333,1797,5584,679,4896,3305,1217,0,221,0,59,43,18,0,22,40,221,1283
BARROW - 12,5027,972,4055,3095,569,21,179,0,0,79,26,30,0,47,216,656,3812,663,3155,2551,404,10,103,0,0,20,24,5,0,34,108,424
BARROW - 13,4651,596,4059,3546,360,0,18,0,2,147,31,0,0,31,17,480,3425,276,3166,2830,285,0,21,0,2,22,27,0,0,26,21,306
BARROW - 14,2216,238,1967,1677,99,0,131,0,0,86,0,0,7,7,128,192,1748,211,1534,1351,95,0,73,0,0,35,0,0,8,8,71,139
BARROW - 15,5320,799,4513,3461,604,0,149,0,0,138,63,20,1,63,169,766,3930,563,3365,2626,456,0,116,0,0,91,44,0,2,46,117,542
BARROW - 16,10435,1588,8796,5523,2693,0,216,0,22,166,61,246,0,59,457,2847,7361,711,6639,4253,2015,0,130,0,23,20,31,213,5,34,329,2059
BARROW - 2,5120,478,4646,3556,668,24,266,0,3,44,41,17,0,65,281,715,3954,294,3664,2742,611,24,165,0,0,47,30,17,0,54,181,661
BARROW - 3,4411,613,3791,2891,352,0,507,0,13,57,30,3,0,31,510,403,3228,379,2839,2198,228,0,369,0,21,41,28,0,0,28,373,266
BARROW - 4,3618,235,3398,3018,282,0,20,0,0,48,18,19,0,18,40,325,2842,106,2748,2477,238,0,17,0,0,0,10,11,0,10,28,238
BARROW - 5,6963,330,6633,5637,650,0,164,0,0,160,22,0,0,22,164,810,5400,189,5211,4543,483,5,113,0,0,45,22,0,0,27,113,528
BARROW - 6,3811,226,3595,2643,648,0,196,0,0,121,2,35,0,2,230,765,3286,163,3134,2358,510,0,188,0,0,53,0,34,0,0,217,570
BARROW - 7,4771,696,4077,3126,649,0,144,0,24,111,17,0,0,18,147,761,3357,401,2963,2276,535,0,96,0,17,26,10,0,0,8,97,560
BARROW - 8,4550,446,4104,3355,266,0,436,0,3,15,42,35,0,41,459,277,3276,281,2989,2479,254,0,244,0,0,7,34,0,0,35,233,259
BARROW - 9,6126,827,5295,4364,564,0,216,0,0,40,20,21,0,20,246,606,4460,482,3976,3313,417,0,164,0,0,7,21,11,0,22,185,427
BARTOW - 1,9715,535,9181,7984,852,10,33,0,27,129,143,6,0,152,39,981,7288,279,7010,6200,645,8,41,0,18,0,95,0,0,103,41,647
BARTOW - 10,4117,191,3923,3384,328,6,7,5,38,73,84,18,8,100,27,432,3313,120,3198,2745,270,6,4,5,10,39,90,9,9,111,16,333
BARTOW - 11,8624,468,8157,6990,769,9,75,0,0,155,0,0,4,10,123,935,6457,214,6242,5558,514,9,30,0,0,47,8,0,0,8,41,565
BARTOW - 12,2791,57,2743,2643,24,0,0,0,11,1,15,2,0,16,12,31,2168,25,2147,2068,30,0,0,4,11,0,13,0,0,13,3,25
BARTOW - 14,4414,361,4091,3934,14,16,29,13,39,6,24,9,0,42,35,20,3456,302,3168,3069,5,15,28,17,18,0,24,13,0,38,37,5
BARTOW - 15,3372,60,3321,3161,35,0,20,3,31,21,21,0,0,20,22,94,2622,29,2600,2450,36,0,5,0,15,16,31,0,0,31,15,92
BARTOW - 16,10571,1378,9232,6750,1843,0,66,0,72,459,36,58,0,33,292,2274,8041,661,7418,5613,1521,0,58,0,7,163,43,59,0,41,171,1705
BARTOW - 17,8464,1425,7031,5785,795,1,4,266,37,122,0,131,0,0,55,921,6231,877,5360,4653,623,6,6,111,0,19,0,44,0,4,40,637
BARTOW - 18,2482,109,2370,2225,68,0,16,0,0,0,16,0,0,17,19,72,1877,61,1808,1676,74,0,12,0,0,0,15,0,0,17,14,80
BARTOW - 2,7299,1091,6206,4693,1242,0,57,0,71,4,112,14,3,117,71,1249,5737,533,5204,3987,1023,4,38,0,71,0,65,11,3,73,49,1026
BARTOW - 3,10570,1307,9136,6782,1847,0,175,85,5,108,49,40,0,53,213,1950,8520,902,7564,5742,1435,0,181,29,4,44,42,18,0,45,197,1466
BARTOW - 4,12126,1686,10520,8374,1883,0,218,5,0,35,46,126,0,46,208,1926,8827,1029,7807,6400,1255,0,82,9,0,49,47,63,0,47,91,1291
BARTOW - 5,10027,520,9519,8042,1252,5,36,0,69,33,52,0,0,58,34,1262,7443,297,7143,5959,1109,6,0,0,5,7,33,0,0,41,0,1097
BARTOW - 6,5226,400,4836,4548,119,5,13,1,0,95,28,0,0,33,13,183,3911,314,3614,3416,124,0,17,0,3,65,1,0,0,2,17,155
BARTOW - 7,3960,166,3787,3278,368,0,18,86,0,15,5,8,17,20,28,399,3194,97,3093,2765,226,0,15,51,0,0,8,0,18,25,15,244
BARTOW - 8,4885,179,4653,4004,402,5,40,0,55,70,101,0,0,103,40,466,3646,161,3458,3003,256,5,42,0,28,53,76,0,0,81,42,301
BARTOW - 9,1732,131,1605,1522,26,0,27,0,0,0,31,2,0,32,17,30,1407,44,1359,1312,16,0,39,0,0,0,2,0,0,2,26,25
BEN HILL - 1,5080,285,4821,2417,2433,4,0,0,0,3,59,0,12,70,0,2453,3785,139,3652,1806,1906,0,0,0,0,0,40,0,9,47,0,1915
BEN HILL - 2,4972,44,4910,2980,1667,8,37,0,0,31,11,0,0,35,37,1701,3908,25,3870,2476,1216,10,38,1,0,0,11,0,0,37,38,1212
BEN HILL - 3,268,0,270,267,0,0,0,0,0,0,0,0,0,0,0,0,206,0,209,212,0,0,0,0,0,0,0,0,0,0,0,0
BEN HILL - 4,2272,375,1902,896,1078,0,0,0,0,0,0,0,0,1,0,1084,1500,177,1325,676,673,0,0,0,0,0,2,0,0,4,0,679
BEN HILL - 5,4106,178,3913,2572,1283,27,0,0,0,19,12,0,0,27,0,1288,3138,71,3069,2134,871,22,0,3,0,5,14,0,0,20,0,874
BERRIEN - 11062,1379,66,1315,1295,0,0,0,0,0,39,2,0,0,1,0,40,1103,62,1043,1030,0,0,3,0,0,0,7,0,4,11,3,4
BERRIEN - 1144,2027,132,1891,1498,268,0,12,22,6,18,47,1,0,48,9,335,1454,110,1347,1095,195,0,10,6,5,4,47,1,0,48,10,198
BERRIEN - 1148,1131,45,1078,1052,0,0,0,0,0,0,0,15,0,0,25,0,860,51,811,788,0,0,0,0,0,0,0,15,0,0,22,0
BERRIEN - 1157,9270,460,8824,7168,1383,29,0,4,2,223,30,13,0,59,4,1570,7182,268,6916,5745,1100,28,1,0,0,19,28,13,0,56,8,1119
BERRIEN - 1329,893,42,850,751,16,0,0,8,0,57,12,0,0,11,3,40,599,24,568,514,18,0,0,0,0,0,10,0,0,9,0,19
BERRIEN - 1642,1980,317,1663,1502,161,0,0,0,0,0,0,0,0,0,0,161,1514,113,1401,1272,122,0,0,0,0,0,0,6,0,0,6,123
BERRIEN - 518,1481,1,1477,1240,221,0,0,0,2,0,1,0,0,2,0,240,1159,0,1157,938,217,0,0,0,0,0,2,0,0,2,0,216
BIBB - EM1,3048,32,3016,144,2849,5,18,0,0,0,0,0,0,5,18,2849,1996,18,1978,139,1833,0,6,0,0,0,0,0,0,0,6,1833
BIBB - EM2,2535,80,2447,390,1783,0,0,34,0,238,0,0,0,0,0,2024,1873,76,1780,246,1401,0,0,33,0,99,0,0,4,4,0,1504
BIBB - EM3,3687,86,3601,514,2956,0,0,0,0,127,0,4,0,0,4,3083,2226,0,2226,396,1801,0,0,0,0,29,0,0,0,0,0,1830
BIBB - EM4,4487,77,4410,1473,2813,0,29,0,23,51,21,0,0,21,29,2864,3809,9,3800,1464,2272,0,25,0,8,10,21,0,0,21,25,2282
BIBB - EM5,3614,14,3608,541,2940,0,0,7,19,31,52,0,0,52,0,2977,2524,23,2517,492,1940,0,0,2,21,0,46,0,0,46,0,1935
BIBB - EM6,3224,0,3224,1082,2051,0,0,0,21,86,4,0,0,4,0,2128,2431,0,2432,844,1579,0,0,0,22,0,0,0,0,0,0,1584
BIBB - GF1,6513,319,6448,1880,4246,5,193,0,0,124,22,31,20,41,226,4389,5512,266,5493,1760,3419,0,185,0,0,126,16,36,22,36,221,3558
BIBB - GF2,2934,67,2862,266,2502,0,0,0,6,74,9,0,13,26,0,2591,2262,49,2211,276,1879,0,0,0,0,55,4,0,10,14,0,1943
BIBB - GF3,3416,38,3379,133,3199,20,0,0,0,7,0,0,16,36,0,3226,2396,33,2364,125,2209,21,0,0,0,11,0,0,0,21,0,2219
BIBB - GF4,3207,23,3184,392,2655,7,0,0,0,103,10,0,0,17,0,2754,2221,25,2195,378,1736,6,0,0,0,56,12,0,0,18,0,1787
BIBB - GF5,3020,316,2704,315,2382,0,0,0,0,0,0,0,0,0,0,2384,2222,187,2035,309,1717,0,0,0,0,4,0,0,0,0,0,1722
BIBB - GF6,4244,47,4200,387,3791,0,7,0,0,14,8,0,0,8,7,3804,2919,13,2906,356,2519,4,13,0,0,0,8,0,0,12,13,2527
BIBB - GF7,3982,222,3725,357,3294,0,0,0,0,42,0,0,39,35,0,3375,2421,73,2327,354,1939,0,0,0,0,0,0,0,39,36,0,1979
BIBB - HA1,4281,0,4284,129,3945,0,165,4,0,48,0,5,0,0,171,3994,2898,0,2899,139,2620,0,136,4,0,4,0,5,0,0,141,2623
BIBB - HA2,6685,229,6456,2854,3378,0,147,0,0,6,75,13,65,137,160,3453,4796,90,4704,2290,2288,0,61,0,0,5,60,4,69,127,65,2366
BIBB - HA3,6553,190,6367,2777,3216,28,98,0,64,18,28,34,22,82,131,3264,5378,59,5328,2507,2542,31,93,0,0,0,38,29,19,89,122,2567
BIBB - HA4,2606,77,2523,1625,752,0,115,0,0,45,23,1,4,27,87,772,2103,15,2081,1395,622,0,50,0,0,3,22,0,0,22,43,632
BIBB - HA5,2826,29,2793,583,2049,0,0,0,0,0,0,0,174,174,0,2222,1728,7,1718,297,1243,0,0,0,0,8,0,0,175,175,0,1427
BIBB - HA6,1714,117,1636,285,1237,0,0,0,8,14,68,0,13,85,0,1262,1456,72,1408,278,1056,0,0,0,10,0,40,0,19,62,0,1072
BIBB - HA7,3998,276,3723,1608,1814,0,132,0,0,82,33,0,47,83,132,1933,3279,276,3003,1430,1368,0,73,0,0,81,24,0,25,51,73,1465
BIBB - HO1,2461,343,2017,1258,653,11,46,0,8,9,7,0,0,18,45,660,1771,89,1595,961,609,5,27,0,11,4,7,0,0,12,27,612
BIBB - HO2,4911,311,4657,3055,938,2,491,0,0,195,5,0,0,17,490,1131,3922,209,3793,2561,776,0,299,4,0,113,5,0,0,14,299,914
BIBB - HO3,7673,267,7399,4381,2485,0,179,4,82,93,0,16,62,62,194,2757,6045,178,5864,3604,1933,0,124,0,80,82,0,15,50,63,138,2082
BIBB - HO4,1921,14,1905,906,964,0,66,0,0,26,0,16,0,0,80,988,1450,8,1439,781,591,0,53,0,0,22,0,0,0,0,53,612
BIBB - HO5,1530,14,1524,628,797,0,42,0,32,219,0,0,0,0,42,879,1294,16,1284,590,612,0,43,0,29,52,0,0,0,0,43,635
BIBB - HO6,2881,162,2714,1417,1118,0,0,0,83,0,0,11,0,0,13,1135,2240,155,2077,1163,809,0,0,0,59,0,0,0,0,0,0,815
BIBB - HO7,2753,32,2717,1853,799,0,0,0,2,0,0,0,0,0,0,796,2284,28,2250,1481,740,0,0,0,2,0,0,0,0,0,0,745
BIBB - HO8,3605,658,3000,2444,407,0,69,0,0,4,0,21,11,2,93,433,2541,186,2369,1927,305,4,57,0,0,23,0,17,24,6,75,330
BIBB - RU1,7753,428,7326,3793,3312,0,78,0,0,7,17,45,0,15,123,3334,5830,88,5743,3098,2496,0,72,4,0,0,27,27,0,20,99,2493
BIBB - RU2,5356,68,5287,3384,1810,0,51,0,28,59,20,0,6,28,51,1861,4042,15,4026,2650,1281,5,59,0,31,0,14,4,0,26,63,1284
BIBB - VV1,3381,214,2913,1478,1114,0,97,0,15,102,41,9,0,40,104,1211,3114,218,2650,1452,987,0,101,4,12,12,19,0,0,17,101,999
BIBB - VV2,2666,98,2568,852,1586,0,28,0,0,55,8,25,0,9,51,1647,2137,57,2082,776,1225,0,21,0,0,54,6,0,0,7,21,1290
BIBB - VV3,4775,61,4720,338,4190,0,36,0,0,164,4,0,19,26,36,4352,3594,60,3534,283,3053,0,35,0,0,170,0,0,10,14,35,3221
BIBB - VV4,2610,2,2607,75,2490,0,38,0,0,0,0,4,0,0,42,2492,1885,4,1881,76,1773,0,35,0,0,0,0,0,0,0,35,1775
BIBB - VV5,3161,174,2986,478,2493,0,6,0,0,12,0,0,7,6,6,2513,2419,181,2242,408,1813,0,6,0,0,15,0,0,10,10,6,1838
BIBB - VV6,3690,26,3665,1778,1665,0,8,40,96,4,0,5,12,18,11,1692,2575,27,2546,1385,1050,0,11,38,35,3,0,0,7,6,11,1061
BIBB - VV7,4594,269,4320,2556,1686,0,26,0,23,20,10,14,16,19,44,1729,3453,174,3280,2078,1127,0,15,0,13,26,8,0,1,9,15,1160
BIBB - VV8,2739,49,2690,1357,1264,0,0,0,0,33,0,0,36,36,0,1333,2035,50,1985,906,1038,0,0,0,0,4,0,0,37,37,0,1079
BIBB - WA1,3175,44,3141,1953,917,0,79,0,16,106,31,3,0,28,111,1034,2430,35,2398,1548,678,0,24,0,26,136,21,0,0,22,31,768
BIBB - WA2,5030,156,4864,2992,1579,0,143,0,9,61,47,8,22,68,151,1677,3960,125,3834,2333,1254,0,105,0,0,33,33,5,21,52,110,1347
BLECKLEY - 1,12355,454,11901,8501,3229,17,65,0,18,15,23,33,0,40,98,3244,9815,280,9535,6930,2467,15,52,0,0,20,13,34,4,32,86,2491
BRANTLEY - 1,1267,3,1266,1219,0,0,0,0,0,0,9,0,0,9,29,38,1057,3,1058,1020,0,0,0,0,0,0,7,0,0,7,0,30
BRANTLEY - 2,3263,229,3057,2910,103,0,0,0,0,0,57,13,0,55,8,100,2621,213,2419,2257,101,0,0,0,0,0,45,9,0,47,5,109
BRANTLEY - 3,3790,180,3527,3330,152,0,0,0,0,0,30,0,0,32,5,155,3081,179,2811,2634,153,0,0,0,0,0,32,0,0,30,4,145
BRANTLEY - 4,1300,121,1238,1187,0,0,57,0,0,0,0,0,0,0,21,0,1141,138,1084,1042,0,0,56,0,0,0,0,0,0,0,37,0
BRANTLEY - 5,1584,0,1589,1492,15,0,3,0,0,85,6,0,0,8,3,69,1263,0,1266,1158,2,0,0,0,0,92,7,0,0,6,0,64
BRANTLEY - 6,2055,0,2054,1942,15,0,0,0,0,0,81,0,0,82,0,15,1532,0,1531,1481,14,0,0,0,0,0,20,0,0,19,0,15
BRANTLEY - 7,762,0,755,745,1,0,0,0,0,0,4,0,0,4,0,1,593,0,592,588,3,0,0,0,0,0,0,0,0,1,0,2
BRANTLEY - 8,1713,0,1720,1646,0,0,0,0,0,80,12,0,0,12,0,80,1146,0,1148,1067,0,0,0,0,0,81,15,0,0,15,0,81
BRANTLEY - 9,2508,3,2500,2198,289,0,13,0,0,0,7,0,5,9,20,287,1988,4,1976,1689,297,0,0,6,0,4,5,0,0,6,19,301
BROOKS - 1198,571,0,567,317,247,0,0,0,0,0,0,0,0,0,0,249,483,0,481,250,226,0,0,0,0,0,0,0,0,0,0,226
BROOKS - 1199,6515,508,5998,1970,3731,4,14,0,63,170,0,0,23,30,14,3930,4896,439,4455,1624,2658,3,13,0,65,68,0,0,21,27,13,2747
BROOKS - 1230,556,2,543,469,42,0,0,0,0,19,0,0,0,0,0,54,377,2,372,306,41,0,0,0,0,9,0,0,0,0,0,51
BROOKS - 1402,824,32,796,462,307,0,0,0,0,0,0,30,0,0,30,305,662,30,634,361,278,0,0,0,0,0,0,0,0,0,0,278
BROOKS - 1571,783,50,754,603,13,0,93,0,2,34,32,0,0,32,93,41,681,25,659,530,4,0,98,0,2,15,28,0,0,28,98,18
BROOKS - 1650,3073,140,2944,2552,395,1,23,0,0,5,0,0,2,0,23,406,2593,102,2490,2238,250,1,21,0,0,0,5,0,2,5,21,251
BROOKS - 1712,686,172,500,359,125,0,0,6,5,15,0,0,0,0,0,139,460,75,383,260,115,0,0,0,4,10,0,0,0,0,0,125
BROOKS - 659,972,0,972,851,45,0,0,0,0,0,76,0,0,76,0,45,858,0,858,762,46,0,0,0,0,0,50,0,0,50,0,46
BROOKS - 660,2003,77,1928,1348,431,0,12,0,90,11,5,0,0,5,12,446,1752,80,1677,1156,381,0,15,0,89,4,0,0,0,0,15,386
BRYAN - 1,3614,68,3549,2477,873,0,8,3,0,148,32,9,0,33,16,1022,2785,45,2737,1968,633,0,8,0,0,106,20,7,0,21,14,741
BRYAN - 10,2174,185,1977,1751,192,0,2,0,5,25,0,0,0,0,3,218,1658,160,1485,1334,132,0,0,0,5,9,7,0,0,7,0,141
BRYAN - 2,3118,149,2962,2368,599,0,0,2,0,9,11,0,0,10,1,605,2341,61,2283,1985,286,0,4,0,0,10,6,0,0,5,5,293
BRYAN - 3,3929,185,3748,3103,381,0,0,0,0,222,14,0,0,14,0,605,3073,127,2946,2647,262,0,0,0,0,12,12,0,0,12,0,275
BRYAN - 4,2742,205,2552,1855,601,0,127,0,2,24,3,0,0,4,121,628,1821,153,1683,1201,360,0,100,0,1,18,6,0,4,8,97,383
BRYAN - 5,5839,939,4881,3314,1187,0,113,0,203,50,2,13,0,2,129,1237,3962,575,3377,2259,957,0,54,0,52,47,3,5,0,3,62,1003
BRYAN - 6,3755,134,3633,3226,184,0,126,0,26,8,10,38,0,9,170,188,2967,88,2889,2583,142,0,105,0,22,2,8,21,0,10,128,145
BRYAN - 7,5000,386,4604,3845,481,7,0,20,75,30,121,38,0,127,33,521,3557,321,3225,2696,316,8,0,17,61,31,66,33,0,76,28,352
BRYAN - 8,12836,952,11892,9138,1653,3,465,0,82,379,48,99,0,52,565,1970,8459,531,7935,5950,1340,6,333,0,35,219,36,30,0,40,366,1501
BRYAN - 9,4461,674,3793,2829,296,0,68,0,50,368,62,55,33,95,123,749,2953,460,2495,1900,226,0,46,0,24,174,18,50,37,55,96,489
BULLOCH - 1,1021,0,1032,850,167,7,0,0,0,19,9,0,0,10,0,186,744,0,748,648,57,5,0,0,0,15,10,2,0,12,2,69
BULLOCH - 10,6114,154,5971,4452,1181,41,59,34,0,51,93,0,0,135,65,1253,4786,86,4706,3708,774,45,53,0,0,39,45,5,0,91,61,828
BULLOCH - 11,10256,224,10036,5611,4024,6,43,4,0,312,7,6,5,17,49,4332,8222,155,8070,4410,3364,9,36,0,0,239,10,7,0,17,43,3602
BULLOCH - 12,2745,19,2714,1900,591,22,0,0,0,47,11,118,0,39,118,640,2018,10,2002,1595,325,24,0,0,0,22,9,34,0,36,34,350
BULLOCH - 13,11869,458,11360,7867,2968,0,201,12,102,166,19,7,0,20,201,3123,9234,275,8945,6507,2095,0,114,0,54,108,17,7,0,19,118,2176
BULLOCH - 14,11042,580,10480,5110,4684,28,71,0,54,330,34,10,89,124,79,5098,7961,357,7614,4308,2770,38,65,0,55,228,22,9,88,118,68,3079
BULLOCH - 15,16660,929,15746,8760,6246,0,327,0,42,246,46,112,48,94,438,6543,15099,634,14474,8229,5624,0,316,0,38,191,35,75,51,86,394,5865
BULLOCH - 16,1476,53,1422,1187,161,0,0,0,5,15,12,6,0,12,4,181,1093,38,1049,926,80,0,0,0,0,6,12,0,0,11,0,96
BULLOCH - 2,2646,13,2651,2354,276,0,13,0,0,3,4,0,0,4,14,287,2142,5,2162,1992,188,0,9,0,0,0,5,0,0,5,11,190
BULLOCH - 3,2665,17,2616,1550,1073,0,10,0,1,0,4,0,0,31,10,1066,2265,11,2224,1346,857,1,3,0,2,0,4,0,0,35,2,858
BULLOCH - 4,5441,478,4989,4252,623,0,126,0,0,26,12,19,0,12,150,643,3706,177,3540,3093,409,0,41,0,0,21,6,0,0,7,43,426
BULLOCH - 5,2779,94,2687,2273,258,0,96,0,54,0,10,0,0,10,96,257,2194,62,2131,1859,167,0,69,0,22,0,12,0,0,13,69,166
BULLOCH - 6,2369,4,2369,2209,36,0,22,28,0,0,31,0,0,87,21,92,2024,4,2021,1858,31,0,24,31,0,0,23,0,0,62,23,84
BULLOCH - 7,1905,26,1859,1402,450,3,5,3,0,1,18,0,81,45,6,471,1498,15,1473,1058,400,8,3,0,0,0,17,0,80,64,4,429
BULLOCH - 8,846,29,827,721,74,0,0,0,0,2,2,0,0,2,0,80,585,13,573,473,63,0,0,0,0,0,0,0,0,0,0,63
BULLOCH - 9,1130,96,1031,740,227,0,8,0,0,22,20,13,0,20,21,250,852,31,818,565,216,0,11,0,0,5,20,0,0,20,11,232
BURKE - 1,298,0,297,190,108,0,0,0,0,0,15,0,0,11,0,110,264,0,260,140,109,0,0,0,0,0,15,0,0,11,0,109
BURKE - 10,379,1,382,164,186,0,4,0,0,45,0,0,0,0,2,215,243,0,244,94,153,0,0,0,0,0,0,0,0,0,0,153
BURKE - 11,1742,46,1671,1383,389,0,0,0,47,0,19,0,0,19,8,385,1265,3,1271,1041,300,0,0,0,0,0,22,0,0,22,5,300
BURKE - 12,862,0,870,449,402,2,0,0,7,76,0,0,4,2,0,469,633,0,642,392,310,2,0,0,0,0,0,0,0,1,0,317
BURKE - 13,452,7,433,188,208,0,0,2,0,3,0,0,0,0,0,222,367,7,361,163,182,0,0,0,0,12,0,0,0,0,0,186
BURKE - 14,5224,197,5078,933,3907,0,0,0,0,60,0,0,0,3,0,3972,3820,46,3773,837,2621,0,0,4,0,75,0,0,0,1,0,2685
BURKE - 15,5629,400,5229,2760,2274,0,120,0,0,6,65,0,0,70,120,2281,4159,316,3842,2152,1500,0,122,0,0,5,63,0,0,68,122,1507
BURKE - 16,1068,0,1060,527,463,4,0,0,0,27,0,0,0,2,0,493,701,0,693,511,239,0,0,0,0,6,0,0,0,0,0,256
BURKE - 2,3462,19,3439,2423,901,25,0,0,4,35,17,0,0,46,0,947,2852,16,2834,1931,848,24,0,0,0,0,8,0,0,35,0,847
BURKE - 3,703,0,698,490,230,0,0,0,0,5,0,0,0,0,0,235,522,0,522,322,207,0,0,0,0,5,0,0,0,0,0,212
BURKE - 4,586,3,585,165,441,0,0,2,0,3,0,0,0,0,0,438,499,7,490,170,328,0,0,0,0,0,0,0,0,0,0,328
BURKE - 5,1009,0,997,526,437,0,0,0,0,29,4,12,0,4,4,469,712,1,710,449,281,4,0,0,0,0,3,9,0,6,4,283
BURKE - 6,619,25,590,368,177,0,0,0,0,0,21,0,0,20,0,174,514,20,488,300,160,0,0,0,0,0,11,0,0,9,0,159
BURKE - 7,700,3,701,298,345,0,0,0,0,45,0,0,0,0,2,398,512,0,511,205,304,0,0,0,0,0,0,0,0,0,0,304
BURKE - 8,53,0,51,26,15,0,0,0,0,0,11,0,0,10,0,15,52,0,54,26,16,0,0,0,0,0,11,0,0,10,0,17
BURKE - 9,1495,24,1475,842,611,0,0,0,0,0,11,0,0,11,0,609,1186,25,1165,574,581,0,0,0,0,0,13,0,0,13,0,579
BUTTS - BCCC,7296,206,7060,3768,2450,58,20,0,30,150,237,0,77,323,21,2727,5892,190,5694,3017,2072,34,20,0,0,86,147,0,74,248,17,2311
BUTTS - JENK,4003,217,3781,2101,1381,11,0,0,0,26,201,5,0,190,5,1419,3174,128,3047,1813,1062,12,0,0,0,0,138,6,0,131,6,1060
BUTTS - STARK,3524,87,3458,3210,43,14,7,0,28,9,149,0,0,176,10,61,3018,52,2974,2745,34,11,0,0,5,24,156,0,0,177,3,50
BUTTS - TOW,8425,378,8071,5276,2422,0,19,0,0,208,199,0,27,238,19,2618,6402,178,6231,4012,1955,4,22,0,0,181,140,0,27,169,22,2090
BUTTS - WORTH,3150,40,3100,2889,144,44,20,0,27,38,182,0,0,272,16,150,2466,31,2427,2268,121,32,0,0,8,0,147,0,0,197,0,125
CALHOUN - 1,515,0,515,181,317,0,0,0,0,5,12,0,0,12,0,322,423,0,423,122,281,0,0,0,0,9,11,0,0,11,0,290
CALHOUN - 2,2232,76,2155,941,1162,1,0,0,0,0,51,21,7,61,21,1169,2143,77,2067,860,1152,1,0,0,0,0,51,20,7,59,20,1160
CALHOUN - 3,1007,76,945,187,731,10,0,0,4,5,12,0,0,24,0,737,727,12,715,172,524,7,0,0,0,0,0,0,0,11,0,528
CALHOUN - 4,828,14,804,287,477,3,7,0,9,0,3,0,9,11,7,483,619,5,614,237,345,2,8,0,13,0,0,4,9,7,9,350
CALHOUN - 5,755,6,746,210,505,0,8,0,0,0,0,0,0,0,8,507,579,0,578,177,381,0,3,0,0,0,0,1,0,0,7,380
CAMDEN - 1,1054,21,1024,841,174,0,20,0,0,0,3,0,0,3,20,174,802,14,786,640,141,0,21,0,0,0,4,0,0,4,21,141
CAMDEN - 10,6188,828,5334,3530,1393,0,42,0,205,182,54,9,10,57,51,1588,4521,635,3835,2833,822,4,38,0,65,46,26,12,12,36,49,881
CAMDEN - 11,7164,545,6651,5168,951,0,33,0,71,223,82,7,30,113,42,1202,4929,435,4542,3638,654,0,34,0,90,55,33,0,36,72,35,744
CAMDEN - 12,2627,78,2549,2140,180,0,45,0,50,117,25,0,0,30,45,295,2266,48,2223,1942,174,0,20,0,30,47,25,0,0,27,21,220
CAMDEN - 13,3965,244,3707,2995,496,0,77,2,54,21,4,21,0,5,98,517,2953,147,2801,2279,372,0,54,0,31,0,6,11,0,7,64,374
CAMDEN - 14,4153,334,3819,3387,207,49,136,0,0,15,25,0,0,74,136,222,3373,239,3134,2736,204,48,105,0,0,12,28,0,0,76,105,215
CAMDEN - 2,2157,134,2032,1774,224,4,15,0,0,0,1,0,0,5,15,224,1856,105,1753,1514,203,0,15,0,0,0,1,0,0,1,15,203
CAMDEN - 3,2777,2,2770,1529,1078,0,0,4,55,27,58,0,0,59,0,1105,2092,0,2085,1161,805,0,0,3,51,0,44,0,0,44,0,806
CAMDEN - 4,695,6,671,643,2,0,0,0,0,0,13,5,0,13,6,5,594,7,577,559,2,0,6,0,0,0,13,4,0,11,11,2
CAMDEN - 5,2502,6,2501,2290,205,0,0,0,0,0,18,0,0,17,0,203,1876,0,1880,1702,162,0,0,0,0,0,22,0,0,22,0,160
CAMDEN - 6,4955,261,4709,3232,886,0,0,0,65,446,34,51,0,34,48,1339,3881,169,3717,2697,800,0,0,1,71,120,32,17,0,34,13,921
CAMDEN - 7,4006,208,3783,2627,969,0,37,0,39,81,23,4,8,31,33,1049,3047,79,2972,2099,747,0,36,1,43,0,20,3,5,25,42,752
CAMDEN - 8,3371,459,2930,2215,517,0,67,0,104,0,7,25,0,7,102,518,2636,207,2433,1833,466,0,50,0,59,0,8,22,0,8,72,466
CAMDEN - 9,10731,972,9767,6916,1846,25,300,6,6,402,60,230,0,85,528,2249,7814,608,7209,5088,1517,18,237,0,19,216,46,81,0,64,318,1733
CANDLER - 1685,5870,656,5218,3190,1785,0,18,0,5,55,130,24,0,125,42,1839,4470,318,4151,2625,1356,0,17,0,0,0,121,12,0,118,29,1353
CANDLER - 1736,4675,343,4328,3411,665,60,0,0,32,0,171,0,0,236,0,666,3349,226,3124,2552,481,22,4,0,0,0,85,0,0,110,4,484
CARROLL - 1006,1562,1,1581,1549,0,0,0,0,0,5,68,0,0,69,0,2,1388,1,1399,1372,0,0,0,0,0,0,58,0,0,60,0,0
CARROLL - 1111,3681,71,3617,3053,365,0,8,0,9,49,81,4,0,80,18,402,2978,49,2934,2520,325,0,3,0,9,32,59,0,0,59,6,345
CARROLL - 1122,5791,388,5349,4561,544,123,0,1,0,75,25,32,0,139,33,611,4480,310,4141,3528,442,87,0,0,0,39,24,4,0,104,10,462
CARROLL - 1152,2722,111,2592,2585,39,5,19,0,24,0,7,13,0,20,25,54,2137,57,2067,2022,32,0,0,0,22,0,6,0,0,12,2,48
CARROLL - 1163,1940,13,1945,1799,92,0,0,0,0,9,49,0,1,49,1,96,1612,2,1630,1530,75,0,0,0,0,14,5,0,0,5,1,89
CARROLL - 1240,3606,68,3524,3186,147,15,81,0,0,18,93,0,0,111,83,167,2871,41,2814,2513,132,16,81,0,0,14,89,0,0,104,83,148
CARROLL - 1371,2658,75,2571,2249,182,0,0,0,0,69,53,32,0,48,24,261,2016,15,1995,1735,182,0,0,0,0,0,43,23,0,39,11,194
CARROLL - 1483,4885,348,4598,3899,578,0,15,0,0,95,51,0,5,58,10,640,3803,200,3656,3054,556,0,13,0,0,5,50,0,3,57,10,577
CARROLL - 1496,2194,77,2117,1727,260,0,8,0,0,61,40,10,0,39,16,316,1586,27,1562,1260,222,0,0,0,0,17,34,13,0,36,11,238
CARROLL - 1533,2590,20,2573,2201,194,0,43,0,2,83,33,33,0,34,78,278,2257,11,2247,1878,196,0,24,0,4,82,36,7,0,36,40,278
CARROLL - 1540,5431,365,5082,4408,662,0,24,3,0,27,12,0,0,13,24,689,3791,108,3690,3220,461,0,26,0,0,0,14,0,0,15,26,461
CARROLL - 1542,3345,313,3050,2780,161,0,42,0,0,7,12,0,0,19,41,172,2472,258,2232,2017,147,0,32,0,0,0,0,0,0,0,32,147
CARROLL - 501,5156,501,4623,2981,957,22,4,0,52,12,531,2,0,545,10,977,3907,166,3722,2512,842,16,4,0,22,1,307,0,0,322,7,857
CARROLL - 640,3873,214,3666,2928,497,0,21,0,0,90,30,4,0,30,24,599,3001,182,2812,2278,384,2,8,0,0,66,35,0,0,38,2,477
CARROLL - 641,7208,682,6559,5300,926,0,0,0,57,72,217,48,0,215,48,979,5167,194,4975,4204,569,0,0,0,4,37,197,18,5,201,18,596
CARROLL - 642,10284,722,9524,4339,4549,0,40,0,0,407,225,0,0,226,40,4974,6847,359,6493,3307,2953,5,44,0,0,45,138,0,0,143,44,3005
CARROLL - 649,7176,202,6996,5901,858,0,19,0,12,31,73,62,0,78,88,890,5392,160,5240,4448,635,0,15,2,3,18,72,38,0,77,54,658
CARROLL - 650,5622,340,5269,3633,1400,13,36,0,7,32,106,0,0,108,28,1418,3827,229,3596,2556,884,12,32,2,5,9,100,0,0,101,29,872
CARROLL - 682,2983,30,2958,2743,100,12,73,0,0,3,46,0,12,72,73,114,2476,29,2443,2260,90,11,47,0,0,0,44,0,9,63,47,97
CARROLL - 713,2537,184,2351,2199,51,0,0,0,0,21,73,0,0,73,0,76,1794,76,1716,1576,53,0,0,0,0,12,71,0,0,71,0,72
CARROLL - 714A1,6139,803,5366,2378,2625,145,39,0,0,8,41,8,0,183,81,2625,4244,379,3882,1933,1709,64,24,0,0,9,29,6,0,91,52,1716
CARROLL - 714A2,2403,57,2398,1233,854,0,0,0,47,26,70,21,0,72,46,912,1914,22,1926,1001,668,2,0,0,73,20,65,13,3,72,16,689
CARROLL - 714A3,5742,418,5352,3280,1784,0,59,0,38,88,99,7,8,110,64,1878,4198,218,3980,2624,1139,0,31,0,30,21,99,0,11,115,33,1166
CARROLL - 714A4,4445,380,4064,2138,1578,0,142,0,75,30,20,28,0,23,172,1622,3861,170,3688,1904,1436,0,134,0,82,28,13,28,0,17,165,1473
CARROLL - 714A5,3675,62,3543,2050,1363,8,0,0,10,22,43,94,0,48,76,1381,2936,60,2837,1741,1003,5,0,0,12,27,44,41,9,49,38,1032
CARROLL - 714A6,2454,2,2477,1988,423,0,92,0,17,0,17,0,0,20,82,411,2046,0,2057,1690,339,0,58,0,19,0,17,0,0,23,48,328
CARROLL - 714BN,3040,238,2769,2046,351,0,4,0,0,35,334,46,0,341,24,386,2301,128,2168,1618,300,0,0,0,0,13,241,29,0,248,8,313
CARROLL - 714BW,2734,87,2626,2173,390,0,15,0,0,37,88,0,0,87,15,388,2210,59,2149,1730,386,0,5,0,0,7,72,0,0,71,4,379
CARROLL - 715,2318,145,2135,1757,289,0,23,0,0,0,55,0,0,53,30,327,1754,49,1662,1383,230,0,4,0,0,0,47,0,0,44,9,229
CARROLL - 716,1604,213,1393,1242,120,0,0,0,0,5,36,4,0,34,1,137,1170,48,1116,1034,77,4,0,0,0,0,28,3,0,28,2,77
CATOOSA - BLCK,3151,46,3099,2839,0,0,0,0,0,66,190,0,0,190,0,74,2412,31,2379,2202,0,0,0,0,0,21,156,0,0,156,0,27
CATOOSA - BOYN,8598,297,8296,7545,36,10,411,0,0,120,148,33,0,158,444,154,6687,192,6496,5959,18,10,320,0,0,54,95,33,0,105,353,71
CATOOSA - CAKT,3612,320,3292,3153,92,0,0,0,0,0,50,0,0,50,0,97,2702,303,2401,2321,13,0,0,0,0,0,50,0,0,50,0,21
CATOOSA - CHAM,3572,7,3579,3463,47,7,0,0,0,1,38,4,0,50,3,49,2719,7,2720,2660,25,9,6,0,0,0,17,3,0,23,4,25
CATOOSA - DPK,3910,233,3697,3582,0,0,12,0,0,4,59,42,0,59,54,4,3037,76,2968,2848,0,0,11,0,0,8,55,45,3,56,56,12
CATOOSA - FT O,7053,37,7005,6391,169,0,91,0,15,26,312,0,6,320,93,197,5648,12,5633,5218,115,5,91,0,16,9,174,4,0,178,99,121
CATOOSA - GRAY,6570,170,6403,5809,148,12,0,0,0,175,245,0,9,266,1,340,5240,152,5084,4729,92,11,0,0,0,23,222,0,8,234,0,122
CATOOSA - LAKE,5375,387,4999,4539,119,0,53,0,0,20,227,40,0,225,91,143,4366,198,4172,3743,118,0,64,0,0,27,176,43,0,177,105,148
CATOOSA - POPS,6028,102,5923,5588,14,2,166,0,17,9,146,6,0,146,173,23,4531,76,4458,4275,12,1,61,0,0,0,118,7,0,121,71,11
CATOOSA - RING,10794,502,10298,9392,275,0,228,0,0,18,314,89,0,316,316,272,8111,340,7771,7189,223,0,143,0,0,8,256,0,0,257,143,218
CATOOSA - WEST,4594,121,4449,4139,31,0,28,7,18,0,201,7,0,199,35,31,3943,36,3899,3621,16,0,26,5,0,0,196,7,1,205,33,16
CATOOSA - WOOD,4576,30,4541,4343,47,2,0,0,54,3,79,0,0,78,0,51,3481,27,3446,3315,52,1,0,0,21,0,43,0,0,45,0,54
CHARLTON - 1,1902,0,1970,816,855,0,51,0,8,69,102,0,0,83,49,929,1503,0,1563,651,675,0,69,0,7,46,106,0,0,84,58,728
CHARLTON - 2,2389,5,2379,967,1644,0,82,0,7,23,3,0,0,19,85,1626,2112,5,2099,829,1494,0,46,0,10,15,3,0,0,17,58,1473
CHARLTON - 3B,2042,1014,1121,1080,1,7,0,0,0,0,35,0,0,42,0,2,1410,866,740,730,2,10,0,0,0,0,4,0,0,14,0,2
CHARLTON - 3S,1619,706,836,713,98,0,0,0,0,15,18,0,0,14,0,106,1154,351,624,550,63,0,0,0,0,0,7,0,0,7,0,59
CHARLTON - 3T,124,22,105,89,0,0,0,0,0,0,1,0,0,1,0,0,117,22,95,83,0,0,0,0,0,0,0,0,0,0,0,0
CHARLTON - 4,2409,48,2352,1755,326,17,0,0,0,11,12,0,0,40,0,374,2019,46,1964,1479,224,16,0,0,0,7,0,0,0,25,0,261
CHARLTON - 5F,1721,71,1575,1187,241,8,0,0,67,18,36,3,0,41,2,274,1465,53,1354,998,230,11,0,0,66,15,11,3,0,22,0,248
CHARLTON - 5R,243,5,236,189,10,2,0,0,0,11,3,1,0,6,1,15,198,0,197,165,6,1,0,0,0,0,0,1,0,5,1,9
CHARLTON - 5W,256,17,243,197,13,8,0,0,0,14,2,2,0,8,2,23,185,0,184,165,5,10,0,0,1,5,0,1,0,5,3,7
CHATHAM - 1-1 C,3473,112,3373,2860,72,0,4,0,9,102,18,5,262,280,12,434,2714,57,2660,2378,65,4,5,0,12,15,11,6,135,150,13,217
CHATHAM - 1-10C,1061,7,1059,991,0,0,0,0,0,0,7,64,0,7,64,0,820,9,810,801,0,0,0,0,0,0,9,0,0,9,0,0
CHATHAM - 1-12C,2217,52,2160,1831,217,30,9,0,0,0,37,33,0,67,42,217,1686,50,1637,1338,218,26,8,0,0,0,31,16,0,57,24,218
CHATHAM - 1-13C,1993,162,1831,1237,171,0,366,46,0,11,0,0,0,0,366,182,1711,131,1580,1110,159,0,303,0,0,8,0,0,0,0,303,167
CHATHAM - 1-14C,1881,221,1678,1563,127,0,24,0,0,0,6,0,0,10,24,128,1462,73,1389,1270,132,0,20,0,0,0,0,0,0,1,20,132
CHATHAM - 1-16C,4848,243,4605,3438,639,0,384,0,0,5,109,30,0,109,414,644,4013,174,3839,2861,489,0,390,0,0,8,78,13,0,78,403,497
CHATHAM - 1-17C,4114,120,3991,3673,201,0,72,0,0,0,18,28,0,18,99,201,3128,79,3048,2779,179,0,57,0,0,0,18,9,4,22,66,182
CHATHAM - 1-5 C,3009,162,2835,2205,497,4,102,19,0,0,19,30,0,23,129,499,2585,91,2491,2008,431,0,4,18,0,0,22,36,1,23,38,430
CHATHAM - 1-6 C,2202,166,2036,1894,58,0,30,0,0,11,0,43,0,0,73,69,1873,135,1738,1636,56,0,31,0,0,15,0,0,0,0,31,71
CHATHAM - 1-8 C,2269,84,2178,1181,901,6,218,0,0,12,22,17,0,27,235,935,1770,56,1694,891,838,0,50,0,0,14,25,18,0,23,62,857
CHATHAM - 1-9 C,804,31,773,369,391,0,0,0,0,23,0,0,0,0,0,408,623,35,588,328,260,0,0,0,0,12,0,0,0,0,0,269
CHATHAM - 2-11C,1880,5,1881,831,874,0,14,0,55,23,0,48,15,15,66,920,1489,5,1491,750,624,0,16,0,15,20,0,41,16,16,57,670
CHATHAM - 2-12C,1909,224,1689,1121,509,0,19,0,35,0,0,0,0,0,18,515,1793,200,1595,1023,506,0,20,0,39,0,5,0,0,5,20,511
CHATHAM - 2-2 C,2090,46,2045,829,1242,7,33,12,0,31,14,2,0,16,33,1273,1605,40,1569,811,685,9,33,7,0,11,13,2,0,17,33,696
CHATHAM - 2-3 C,2005,126,1891,1035,752,2,20,0,4,4,5,21,0,13,48,746,1687,111,1583,964,523,0,21,0,0,3,14,9,0,11,42,528
CHATHAM - 2-4 C,4069,203,3871,875,2883,0,12,0,17,3,8,37,0,9,43,2901,3260,138,3123,816,2217,0,13,0,25,5,0,37,0,9,39,2228
CHATHAM - 2-5 C,2358,110,2243,1076,1117,0,10,0,4,35,14,0,0,14,12,1149,2094,93,2004,972,1016,0,10,0,0,0,14,0,0,14,11,1014
CHATHAM - 2-6 C,1376,37,1324,515,648,6,10,0,0,0,0,4,0,5,40,650,1026,25,988,449,469,8,2,0,0,0,0,5,0,7,20,465
CHATHAM - 2-7 C,3753,218,3566,1023,2392,1,0,0,16,83,8,64,0,8,64,2477,2968,207,2802,913,1828,3,0,0,4,10,7,40,0,10,40,1841
CHATHAM - 2-9 C,4226,111,4110,1414,2558,0,28,4,4,42,0,123,0,0,171,2581,3366,107,3241,1257,1894,0,21,0,5,42,9,36,10,18,65,1930
CHATHAM - 3-1 C,611,17,594,497,65,0,11,0,0,5,3,0,0,2,16,68,580,13,566,484,51,0,10,7,0,7,2,0,0,2,13,55
CHATHAM - 3-10C,3928,120,3819,537,3112,0,4,60,34,20,7,29,0,7,10,3137,3345,75,3275,522,2663,5,5,30,8,8,7,14,0,12,11,2674
CHATHAM - 3-11C,2058,1,2050,296,1616,0,18,0,0,44,0,48,0,0,72,1659,1462,0,1462,259,1148,0,18,3,0,12,0,0,0,0,18,1160
CHATHAM - 3-12C,2906,163,2745,1611,897,4,35,0,0,50,0,7,5,9,45,948,2484,68,2416,1470,748,0,38,0,0,21,0,10,6,6,50,771
CHATHAM - 3-13C,2438,228,2195,1214,1043,0,9,0,0,7,47,11,0,44,18,1056,1825,39,1793,1002,844,0,8,0,0,10,25,10,0,24,16,858
CHATHAM - 3-14C,2985,77,2914,1068,1767,0,27,0,34,16,3,10,0,3,31,1776,2395,60,2330,784,1514,0,26,1,32,10,1,0,0,3,26,1525
CHATHAM - 3-15C,1178,17,1174,844,305,0,29,0,0,6,0,19,0,0,28,309,903,14,905,682,245,0,6,0,0,7,0,18,0,0,11,251
CHATHAM - 3-2 C,1799,62,1722,1522,125,0,38,0,0,23,7,29,0,6,63,156,1617,66,1539,1386,108,0,36,0,0,9,9,23,0,7,57,117
CHATHAM - 3-3 C,1807,40,1729,344,1334,8,10,0,0,5,5,0,0,14,3,1334,1257,28,1181,286,875,2,2,0,0,0,2,0,0,5,2,876
CHATHAM - 3-4 C,2257,57,2197,127,2018,0,52,0,0,2,0,4,0,0,56,2015,1770,69,1708,126,1557,0,49,0,0,0,0,0,0,0,49,1551
CHATHAM - 3-5 C,2157,114,2042,1123,868,8,22,0,0,2,0,0,0,8,21,875,2029,102,1922,1085,789,0,26,0,0,0,0,0,3,4,26,795
CHATHAM - 3-8 C,1152,91,1057,553,408,0,0,0,0,31,15,50,0,15,50,440,992,90,904,495,377,0,0,0,0,6,6,21,0,6,21,383
CHATHAM - 3-9 C,1101,42,1057,559,556,0,0,0,0,0,0,0,0,0,0,542,919,42,877,527,375,0,0,0,0,0,0,0,0,0,0,375
CHATHAM - 4-10C,1557,10,1547,1457,78,0,1,0,0,0,9,0,0,9,1,78,1372,9,1363,1276,78,0,0,0,0,0,9,0,0,9,0,78
CHATHAM - 4-11C,1746,0,1746,1712,25,0,0,0,0,9,0,0,0,0,0,34,1618,0,1618,1592,26,0,0,0,0,0,0,0,0,0,0,26
CHATHAM - 4-12C,2442,184,2278,2170,48,0,33,0,0,0,27,33,0,27,61,46,2075,196,1916,1815,47,0,34,0,0,0,17,32,0,17,67,46
CHATHAM - 4-13C,2838,19,2819,2694,0,0,118,0,0,0,7,0,0,7,118,0,2467,18,2449,2320,0,0,118,4,0,0,7,0,0,7,118,0
CHATHAM - 4-14C,1948,84,1841,1764,16,0,63,0,0,0,0,0,0,0,63,16,1701,70,1591,1509,15,0,65,0,4,0,0,0,0,0,65,15
CHATHAM - 4-15C,2024,49,1978,1850,16,0,50,0,0,0,27,0,0,27,55,18,1872,47,1828,1707,16,0,51,0,0,0,23,0,0,23,50,17
CHATHAM - 4-2 C,3092,166,2926,2322,196,0,199,4,0,16,37,152,0,37,351,212,2393,134,2259,1935,164,0,118,0,0,16,11,15,0,11,133,180
CHATHAM - 4-4 C,2680,21,2659,2440,178,0,28,0,0,0,13,0,0,13,28,178,2155,11,2144,1961,135,0,29,0,0,4,15,0,0,15,29,139
CHATHAM - 4-5 C,2512,42,2465,2405,0,0,16,0,0,0,43,0,0,43,15,0,2049,45,1998,1942,0,0,13,0,0,0,38,0,0,38,13,0
CHATHAM - 4-6 C,2215,98,2121,1955,56,0,72,0,0,0,17,33,0,17,105,56,1880,81,1803,1661,54,0,79,0,0,0,13,11,0,13,90,54
CHATHAM - 4-7 C,3970,84,3867,3627,88,0,94,0,18,4,13,15,0,13,107,92,3393,70,3313,3077,87,0,101,0,17,0,13,14,0,13,109,87
CHATHAM - 4-8 C,3344,147,3217,3067,23,0,87,0,0,0,39,0,0,39,90,23,2507,103,2416,2266,26,0,79,0,0,0,39,0,0,39,85,26
CHATHAM - 5-1 C,1583,8,1594,454,1109,0,1,0,30,15,3,1,0,3,7,1121,1072,4,1079,301,748,0,0,0,22,16,6,1,0,5,4,757
CHATHAM - 5-10C,4310,70,4240,317,3778,0,42,0,8,100,0,0,0,0,42,3875,3169,72,3096,242,2791,0,37,0,0,24,0,0,5,5,37,2818
CHATHAM - 5-11C,4389,489,3900,1183,2470,0,32,0,74,35,20,34,28,48,62,2536,3539,269,3277,1078,1986,0,24,0,78,5,21,33,25,47,54,2021
CHATHAM - 5-2 C,1845,52,1793,552,1134,0,36,0,10,0,14,32,15,29,68,1149,1309,58,1251,469,672,0,34,0,10,0,15,32,19,34,66,691
CHATHAM - 5-3 C,1555,8,1547,210,1301,0,28,0,8,0,0,0,0,0,28,1301,1411,9,1402,217,1145,0,29,0,11,0,0,0,0,0,29,1145
CHATHAM - 5-5 C,3307,115,3190,82,3079,0,0,7,0,0,0,0,13,13,0,3096,2274,52,2222,9,2198,0,0,6,0,0,0,0,13,13,0,2213
CHATHAM - 5-6 C,5999,561,5446,1570,3617,13,32,0,108,279,10,8,4,27,40,3912,3946,356,3598,1138,2491,16,34,0,0,84,0,9,0,16,43,2580
CHATHAM - 5-7 C,2984,222,2753,752,1885,0,1,0,0,11,1,16,0,0,17,1937,2182,121,2058,663,1319,0,1,0,0,9,2,0,0,2,1,1365
CHATHAM - 5-8 C,2487,274,2219,583,1695,0,0,0,0,3,10,0,0,11,0,1662,2051,241,1811,546,1301,0,4,0,0,1,14,0,0,14,4,1269
CHATHAM - 6-1 C,2822,82,2730,1565,1106,0,25,0,8,17,0,13,13,13,37,1139,2425,43,2377,1413,908,0,21,0,10,16,0,15,13,13,36,941
CHATHAM - 6-10C,5307,179,5133,2682,1630,0,353,0,347,0,89,4,0,98,358,1628,3904,91,3812,2168,1114,0,359,0,106,4,43,0,0,47,360,1116
CHATHAM - 6-11C,8472,920,7539,1935,5156,0,254,0,10,112,30,95,0,21,355,5274,6271,401,5864,1692,3831,0,237,0,11,34,19,23,0,15,268,3872
CHATHAM - 6-2 C,2803,222,2586,1856,565,0,74,0,0,122,26,12,10,38,94,674,2370,47,2329,1659,478,0,63,0,0,169,23,10,9,32,81,588
CHATHAM - 6-3 C,3154,149,3005,1786,791,0,161,0,0,158,18,1,0,20,154,974,2680,142,2534,1465,715,0,135,0,0,114,14,1,0,16,127,897
CHATHAM - 6-5 C,2457,83,2370,1426,789,0,53,0,0,111,11,0,0,7,53,899,1792,82,1708,1032,590,0,53,0,0,30,13,0,0,11,53,620
CHATHAM - 6-6 C,2643,197,2453,1075,1002,0,98,0,0,5,7,0,0,7,98,1006,2279,80,2218,1049,924,0,26,0,0,5,10,0,0,10,32,926
CHATHAM - 6-8 C,3762,501,3251,582,2407,4,62,0,8,38,0,0,89,93,79,2533,2849,218,2617,559,1811,0,65,0,10,36,0,4,86,88,83,1932
CHATHAM - 6-9 C,4859,329,4534,3162,1222,0,118,0,29,36,0,15,0,0,116,1254,4247,315,3935,2682,1101,0,114,0,20,41,0,16,2,0,117,1140
CHATHAM - 7-1 C,2458,147,2351,1265,1006,0,0,0,0,17,0,21,0,0,12,1015,1997,143,1885,1275,567,0,0,0,0,0,1,19,0,0,13,567
CHATHAM - 7-10C,6416,784,5639,2519,2856,0,17,0,107,167,5,0,4,9,10,3025,4899,334,4571,2129,2347,0,22,0,110,0,5,0,0,5,13,2345
CHATHAM - 7-11C,12948,1327,11618,5943,4860,9,262,0,158,323,64,39,29,101,290,5217,10417,796,9614,4812,4071,4,260,0,161,210,53,39,29,86,291,4312
CHATHAM - 7-12C,11266,792,10447,6411,3234,0,348,19,133,127,65,193,4,62,534,3356,9051,662,8357,5165,2814,0,300,21,33,34,53,12,0,44,305,2826
CHATHAM - 7-13C,3071,199,2899,1705,916,0,173,0,58,1,3,3,0,2,180,925,2533,108,2437,1439,819,0,140,0,21,0,2,0,0,1,142,821
CHATHAM - 7-14C,10560,923,9611,4591,4080,15,413,0,39,394,23,51,12,51,460,4479,8297,673,7616,3776,3217,15,332,0,27,182,21,29,12,49,359,3409
CHATHAM - 7-3 C,2031,286,1742,1370,353,0,0,13,0,7,13,0,0,12,0,355,1548,107,1440,1150,268,0,0,13,0,0,16,0,0,16,0,268
CHATHAM - 7-4 C,9835,1151,8685,3264,5224,0,29,0,17,55,2,1,5,9,29,5277,7500,564,6939,2828,4050,0,0,0,15,1,6,1,0,6,0,4048
CHATHAM - 7-5 C,2205,89,2142,920,948,7,112,0,29,24,5,98,0,12,209,976,1658,36,1651,777,696,5,108,0,0,0,5,76,0,11,180,696
CHATHAM - 7-6 C,3778,273,3535,1700,1536,0,61,0,60,100,0,31,0,7,96,1643,2968,174,2822,1538,1126,0,49,0,24,0,0,33,0,8,87,1148
CHATHAM - 7-7 C,11136,493,10647,5265,3829,12,451,0,255,670,35,45,0,47,505,4523,8445,373,8079,4453,2782,13,303,0,116,318,38,5,0,51,316,3102
CHATHAM - 7-8 C,5315,458,4841,3522,830,0,39,38,20,187,30,5,9,38,51,1012,3827,183,3637,2908,491,0,35,40,18,99,16,6,0,17,44,586
CHATHAM - 7-9 C,5180,1155,4039,2138,1727,19,32,12,30,129,51,73,11,82,104,1863,4107,650,3463,2087,1309,0,27,11,32,0,47,22,0,47,49,1309
CHATHAM - 8-1 C,3707,261,3433,2143,943,0,190,0,7,16,9,31,10,21,232,970,3237,265,2959,2133,545,0,181,0,7,20,3,28,11,14,228,580
CHATHAM - 8-10C,1730,14,1723,92,1613,0,0,0,0,83,2,14,0,1,1,1696,1339,14,1331,70,1215,0,0,0,5,49,0,20,0,0,0,1261
CHATHAM - 8-11C,1650,34,1616,0,1617,0,0,0,0,0,0,0,0,0,0,1616,1110,25,1085,0,1086,0,0,0,0,0,0,0,0,0,0,1085
CHATHAM - 8-12C,3410,245,3154,930,2066,18,129,0,0,31,13,0,0,31,129,2096,3167,241,2924,829,1911,12,134,0,4,81,17,0,0,29,134,1942
CHATHAM - 8-13C,2123,705,1393,1116,91,0,0,0,0,126,17,0,0,17,0,225,1418,349,1033,844,104,0,0,0,0,0,0,0,0,0,0,161
CHATHAM - 8-15C,2242,12,2196,276,1979,0,0,0,0,0,4,5,0,4,15,1983,1439,14,1398,243,1178,0,0,0,4,0,0,0,0,0,10,1178
CHATHAM - 8-2 C,2600,124,2480,1655,782,0,46,0,0,0,6,31,0,6,79,776,1980,128,1856,1476,318,0,45,0,0,0,7,29,0,8,74,316
CHATHAM - 8-3 C,1352,198,1152,508,346,4,6,0,0,36,43,0,0,47,6,363,1050,78,970,459,267,0,7,0,0,22,34,0,0,34,7,278
CHATHAM - 8-5 C,2891,49,2847,213,2681,0,0,0,0,0,0,0,0,0,0,2674,1723,38,1692,183,1542,0,0,0,0,0,0,0,0,0,0,1539
CHATHAM - 8-6 C,1303,29,1274,81,1150,0,0,0,2,0,0,0,0,0,0,1156,934,13,919,63,825,0,0,0,2,0,0,0,0,0,0,828
CHATHAM - 8-7 C,808,107,701,51,598,5,0,0,47,0,0,0,0,5,0,598,680,12,668,51,600,0,0,0,17,0,0,0,0,0,0,600
CHATHAM - 8-8 C,2242,144,2099,38,2040,0,0,0,0,21,0,7,0,0,0,2063,1591,53,1539,37,1486,0,0,0,0,19,0,0,0,0,0,1507
CHATHAM - 8-9 C,1675,0,1674,0,1545,0,0,6,0,97,0,2,17,17,9,1657,1123,0,1122,0,1026,0,0,0,0,76,0,0,17,17,0,1117
CHATTAHOOCHEE - 1,8713,1564,7149,4928,1633,37,250,28,16,91,82,84,0,119,334,1724,7430,1338,6092,3877,1624,30,256,28,21,77,91,88,0,121,344,1701
CHATTOOGA - 1083,492,37,459,380,43,0,0,0,0,12,5,10,0,4,8,56,336,26,316,261,42,0,0,0,0,0,2,10,0,2,6,47
CHATTOOGA - 1216,179,0,175,161,11,0,0,0,0,0,0,3,0,1,0,10,138,0,133,120,8,0,0,0,0,0,0,4,0,2,0,8
CHATTOOGA - 1382,232,2,228,218,2,0,0,0,0,1,0,0,0,0,3,2,195,2,193,187,0,0,0,0,0,0,0,0,0,0,3,0
CHATTOOGA - 1484,1530,18,1507,1385,55,5,11,0,0,14,14,35,0,20,45,69,1041,15,1020,908,56,3,15,0,0,0,8,34,0,11,46,55
CHATTOOGA - 870,7056,604,6442,6255,86,0,66,0,0,27,16,9,4,20,75,122,5273,213,5052,4925,51,0,38,0,0,24,23,1,0,23,38,77
CHATTOOGA - 925,9147,169,8994,7535,1003,9,6,5,0,328,77,3,0,84,15,1346,7184,95,7100,6100,835,3,0,0,4,60,70,5,0,73,16,897
CHATTOOGA - 940,1373,33,1345,1224,96,0,0,0,0,17,0,18,0,0,15,117,1096,18,1077,985,81,0,0,0,0,0,0,16,0,0,13,85
CHATTOOGA - 961,290,5,285,265,16,1,0,0,0,0,0,6,0,1,0,15,181,6,176,162,16,0,0,0,0,0,0,5,0,0,0,13
CHATTOOGA - 962,662,6,654,646,0,0,0,0,0,12,0,0,0,0,0,9,542,1,540,531,0,0,0,0,0,13,0,0,0,0,0,9
CHATTOOGA - 968,1669,0,1668,1605,17,0,0,0,0,0,7,15,0,8,21,19,1249,0,1251,1197,24,0,6,0,0,0,5,16,0,3,28,24
CHATTOOGA - P-870,1835,48,1786,829,908,0,0,0,8,32,27,0,0,27,0,919,1811,48,1764,809,908,0,0,0,4,18,29,0,0,29,0,921
CHEROKEE - 1,3663,393,3264,2959,175,0,103,0,0,28,14,0,0,14,109,200,2693,281,2408,2202,139,0,59,0,0,19,6,0,0,6,66,154
CHEROKEE - 10,12540,2526,9995,8074,1068,37,97,0,100,256,147,49,173,357,146,1477,9546,1148,8380,7130,755,37,93,0,51,106,113,24,71,220,117,929
CHEROKEE - 11,7080,662,6473,4565,1597,0,51,0,0,66,25,202,0,21,253,1657,5476,416,5086,3827,1109,0,42,3,0,21,16,114,0,16,156,1121
CHEROKEE - 12,11103,1091,9958,7025,1339,0,996,0,201,305,36,69,0,36,1062,1643,8756,637,8125,6101,1051,6,711,0,201,0,35,32,0,41,743,1052
CHEROKEE - 13,6006,210,5802,5481,112,8,38,0,11,101,17,19,0,25,59,229,4725,159,4563,4400,54,8,33,0,12,41,17,0,0,26,39,94
CHEROKEE - 14,2038,42,2015,1950,14,0,44,0,0,0,7,0,0,7,42,8,1561,17,1548,1480,0,0,44,0,3,0,8,0,0,8,44,0
CHEROKEE - 15,3825,393,3432,3104,73,0,124,0,0,101,30,0,0,30,124,174,3041,295,2746,2449,71,0,105,0,0,97,24,0,0,24,105,168
CHEROKEE - 16,7322,1024,6243,5388,431,18,172,0,0,117,36,48,0,58,220,554,5731,489,5216,4549,280,19,167,2,0,77,23,53,0,42,220,366
CHEROKEE - 18,7948,357,7601,7412,93,0,13,0,0,53,11,48,0,11,61,135,5967,239,5723,5653,19,0,15,0,0,12,0,26,4,3,41,41
CHEROKEE - 19,11324,991,10357,9282,532,0,39,0,57,269,26,12,0,25,54,799,7940,563,7403,6532,456,0,22,0,49,207,25,18,0,25,45,659
CHEROKEE - 2,6154,519,5640,5126,177,0,123,0,10,37,19,134,0,19,251,216,4854,386,4474,4012,175,0,107,0,0,10,5,140,0,5,241,191
CHEROKEE - 20,4499,233,4267,4137,49,0,16,0,17,0,16,32,0,17,48,48,3548,94,3453,3335,49,0,16,0,15,0,18,20,0,18,36,48
CHEROKEE - 21,3962,311,3653,3229,174,0,8,0,224,0,12,0,0,12,7,174,3247,285,2965,2707,143,0,10,0,83,0,7,0,5,12,11,148
CHEROKEE - 22,5109,215,4920,4118,689,0,0,0,84,7,67,0,0,61,0,677,3921,78,3852,3257,519,0,0,0,9,8,65,0,0,58,0,520
CHEROKEE - 23,8570,1526,7042,5679,849,0,187,0,8,168,65,54,0,65,240,1022,6183,959,5229,4286,616,0,113,0,5,97,53,20,4,57,131,722
CHEROKEE - 24,12519,1388,11131,8343,2265,8,176,0,0,83,62,194,0,70,370,2348,8787,808,7979,6158,1570,0,144,0,0,20,47,40,0,47,184,1590
CHEROKEE - 26,9967,518,9462,8184,781,0,338,0,0,80,13,56,0,13,404,862,7143,352,6815,5904,524,0,295,0,0,58,14,19,0,14,327,580
CHEROKEE - 27,6174,141,6019,5527,264,0,101,0,3,49,42,0,0,43,106,328,4570,133,4422,4139,150,0,25,0,0,40,30,0,0,30,49,188
CHEROKEE - 28,4075,236,3840,3458,179,0,27,0,27,100,0,39,4,4,64,280,3250,210,3040,2772,181,0,30,4,9,22,0,14,0,0,40,203
CHEROKEE - 29,4671,783,3892,3072,599,0,165,13,56,14,3,0,0,3,167,608,3916,507,3403,2692,517,0,154,7,46,15,0,6,0,0,162,527
CHEROKEE - 3,4640,839,3778,3658,102,0,92,0,0,20,19,4,0,19,103,123,3558,428,3100,3002,100,0,48,0,0,0,26,0,2,28,48,105
CHEROKEE - 30,5734,405,5306,5056,128,0,54,0,0,10,32,21,0,35,76,139,4607,290,4317,4116,103,0,59,0,0,6,22,0,0,23,56,110
CHEROKEE - 31,4715,1371,3429,2305,1016,7,7,0,15,35,7,0,0,14,3,1051,3102,396,2631,1987,567,8,8,0,14,15,10,0,0,18,5,582
CHEROKEE - 32,3893,177,3706,3338,202,5,117,0,0,58,0,15,0,3,128,255,3054,145,2901,2729,112,0,59,0,0,0,0,12,0,0,71,112
CHEROKEE - 33,1209,137,1062,1061,3,0,0,0,0,0,15,0,0,11,0,4,884,68,802,811,2,0,0,0,0,0,15,0,0,13,1,2
CHEROKEE - 34,3481,171,3303,3025,260,0,0,0,13,0,7,0,0,7,0,260,3090,158,2922,2640,262,0,0,0,6,0,12,0,0,12,0,262
CHEROKEE - 35,2880,81,2815,2639,67,0,25,0,6,25,4,45,0,4,74,84,2206,51,2162,2019,77,0,28,0,0,20,8,28,0,8,56,101
CHEROKEE - 36,11765,2096,9654,8874,493,7,89,0,2,80,73,40,0,76,131,579,8126,687,7427,6774,458,8,81,0,0,43,63,2,0,67,79,491
CHEROKEE - 37,8754,565,8154,7234,327,12,170,49,109,143,53,0,0,66,169,479,6711,334,6368,5792,298,8,130,47,0,58,24,0,0,32,127,365
CHEROKEE - 38,5004,281,4726,4594,19,0,73,0,2,34,9,0,0,8,61,49,3959,249,3733,3640,11,0,82,0,0,20,2,0,2,5,58,29
CHEROKEE - 39,8642,330,8226,7600,265,0,89,0,62,104,111,29,0,113,122,370,6655,182,6549,5971,267,4,85,0,68,64,87,22,0,95,110,332
CHEROKEE - 4,5525,210,5298,5004,127,0,13,0,27,14,101,25,0,101,37,148,4303,107,4193,3993,121,0,3,0,15,0,69,11,0,69,11,121
CHEROKEE - 40,4054,296,3785,3330,299,0,25,0,0,18,55,28,0,56,53,317,3183,71,3108,2899,88,0,2,0,0,7,61,32,0,61,33,95
CHEROKEE - 41,3304,103,3232,3151,28,0,0,0,0,16,0,15,0,1,18,42,2889,77,2831,2765,30,0,2,0,0,0,0,17,0,1,20,29
CHEROKEE - 42,4860,308,4550,4363,98,0,18,0,45,15,11,0,0,16,19,130,3822,247,3564,3463,88,0,10,0,0,0,10,0,0,17,13,88
CHEROKEE - 43,5028,417,4599,3934,317,0,47,0,257,4,0,49,0,0,86,321,3554,304,3224,2823,280,0,47,0,66,0,0,17,0,0,50,280
CHEROKEE - 44,11150,1317,9887,8572,557,0,317,26,36,134,106,60,66,172,380,758,8937,797,8134,6990,537,1,283,24,38,101,59,34,55,115,317,692
CHEROKEE - 5,5367,365,4975,4303,528,0,8,0,0,74,92,0,0,91,8,602,4095,191,3908,3565,287,0,9,0,0,0,66,0,0,66,10,287
CHEROKEE - 6,9118,1239,7877,5141,1595,0,911,0,14,19,31,168,0,31,1078,1614,7035,1071,5965,3980,1278,0,589,0,12,19,28,60,0,28,649,1297
CHEROKEE - 7,4167,72,4103,3432,535,0,79,0,0,0,0,34,0,2,118,540,3281,70,3216,2794,330,0,85,0,0,0,5,1,0,5,85,330
CHEROKEE - 8,5802,217,5595,5086,297,0,187,0,0,29,13,23,0,14,209,323,4620,191,4441,4017,262,0,130,0,0,36,4,22,0,4,151,297
CHEROKEE - 9,6818,244,6593,6371,139,0,37,0,1,14,12,26,0,13,54,158,5249,206,5073,4856,145,0,34,5,0,12,0,0,0,0,36,167
CLARKE - 1A,5144,736,4433,2576,1628,0,18,0,0,76,55,19,40,99,39,1752,3835,371,3484,2134,1195,0,15,0,0,6,57,22,38,91,41,1246
CLARKE - 1B,5223,386,4784,2800,1884,5,95,0,13,81,36,0,0,40,95,1987,4208,256,3906,2430,1423,0,60,0,16,36,33,3,0,34,62,1457
CLARKE - 1C,2543,229,2314,1876,199,0,67,0,4,18,6,47,0,6,116,205,2135,172,1964,1620,189,0,63,0,0,0,6,16,0,6,81,193
CLARKE - 1D,4388,608,3787,2671,816,0,29,0,0,129,75,0,0,75,29,932,3331,325,3008,2146,658,0,24,0,0,78,43,5,0,43,28,737
CLARKE - 2A,6336,1422,4933,1637,2984,0,12,0,89,84,114,14,0,114,22,3066,4536,346,4211,1396,2644,0,15,0,0,23,110,13,0,110,24,2666
CLARKE - 2B,8350,437,7912,3177,4535,0,82,0,0,70,4,40,0,4,128,4606,6880,332,6549,3092,3266,0,86,0,0,58,0,41,0,0,134,3324
CLARKE - 3A,4899,174,4724,1433,3166,148,25,4,0,8,2,0,0,90,27,3171,3359,124,3240,1270,1860,116,24,0,0,7,0,2,0,73,26,1864
CLARKE - 3B,9878,500,9380,6211,2392,0,357,0,4,155,60,144,44,110,509,2589,9197,427,8767,6131,1870,0,357,0,2,197,59,149,37,102,510,2066
CLARKE - 4A,4883,327,4544,2740,1576,0,213,0,0,15,45,0,15,57,213,1602,3798,120,3678,2716,742,0,215,0,0,13,41,0,16,60,215,762
CLARKE - 4B,10094,710,9378,7358,944,0,589,21,118,68,213,84,0,209,685,1017,9621,719,8900,6961,953,0,555,0,124,35,171,77,0,167,643,1026
CLARKE - 5A,3779,300,3478,2937,399,0,79,0,0,0,9,0,0,59,76,404,2895,100,2791,2307,358,0,80,0,0,0,7,0,0,39,82,359
CLARKE - 5B,4413,452,3961,2196,1427,0,307,0,4,19,0,8,0,0,315,1446,3295,196,3099,1701,1240,0,152,0,0,6,0,0,0,0,152,1246
CLARKE - 5C,2825,294,2526,2279,91,0,27,0,7,45,3,66,0,13,91,141,2385,278,2106,1937,81,0,20,0,11,27,2,15,0,13,35,117
CLARKE - 5D,5068,1309,3763,1536,1977,0,6,0,8,115,18,0,110,128,6,2195,3764,581,3183,1373,1614,4,0,0,8,70,14,0,109,127,0,1787
CLARKE - 6A,5645,399,5236,3019,1721,0,149,0,37,10,186,114,0,196,268,1730,4069,235,3830,2548,982,0,122,0,43,2,67,71,0,67,200,986
CLARKE - 6B,4532,605,3934,2752,854,0,99,0,0,7,80,115,0,77,208,861,3652,393,3263,2269,732,5,92,0,0,7,76,71,0,81,155,739
CLARKE - 6C,5117,207,4913,3482,1082,63,137,0,8,38,118,12,0,174,150,1121,4640,197,4443,3234,1052,17,91,0,0,40,5,10,0,22,102,1090
CLARKE - 6D,2517,280,2239,1743,289,0,104,0,0,76,5,13,0,5,118,363,2068,142,1924,1512,222,0,101,0,0,77,5,9,0,5,109,298
CLARKE - 7A,3795,266,3529,2843,453,0,162,0,0,0,4,67,0,4,229,453,3406,230,3176,2566,434,0,128,0,0,4,0,38,6,6,166,444
CLARKE - 7B,5106,322,4790,3614,763,0,190,0,11,54,126,10,0,124,175,815,4544,282,4268,3420,494,0,143,0,11,56,119,3,0,117,122,554
CLARKE - 7C,5324,101,5224,4206,887,0,66,1,3,10,70,2,0,70,69,898,4958,100,4860,3917,826,0,43,0,4,9,72,0,5,77,44,837
CLARKE - 8A,3918,50,3868,2476,1231,0,155,0,6,0,0,0,0,0,155,1231,3257,49,3208,2124,928,0,156,0,0,0,0,0,0,0,156,928
CLARKE - 8B,2082,189,1892,1156,626,0,22,0,0,81,0,0,12,12,22,719,1790,133,1656,1058,561,0,22,0,0,8,0,0,12,13,22,581
CLARKE - 8C,5065,260,4819,3307,1163,4,147,0,0,59,90,40,1,95,187,1223,4346,134,4213,2913,1000,0,138,0,0,25,86,38,2,87,176,1026
CLAY - 1,489,0,488,290,191,0,0,0,0,0,8,0,0,8,0,193,368,0,368,207,155,0,0,0,0,0,5,0,0,5,0,155
CLAY - 2,570,0,572,174,399,0,0,0,0,0,0,0,3,0,0,401,452,0,453,129,331,0,0,0,0,0,0,0,2,0,0,334
CLAY - 3,679,0,680,82,580,0,0,0,0,17,0,0,1,0,0,595,449,0,450,62,385,0,0,0,0,0,0,0,1,0,0,389
CLAY - 4,511,0,506,172,309,0,0,0,0,9,0,0,5,8,0,323,460,0,456,170,268,0,0,0,0,0,0,0,7,8,0,280
CLAY - 5,593,0,596,342,252,0,0,0,0,2,0,0,6,7,0,262,554,0,556,331,213,0,0,0,0,11,0,0,6,8,0,221
CLAYTON - EW1,8206,1028,7172,227,6539,16,159,0,77,77,0,0,0,12,160,6635,6180,543,5609,222,5142,11,126,0,49,18,0,0,0,8,125,5150
CLAYTON - FP1,5643,909,4752,901,3622,12,172,0,40,25,0,0,0,17,172,3657,3892,361,3548,722,2628,13,166,0,20,0,1,8,0,20,174,2639
CLAYTON - FP2,3746,767,2892,647,2075,16,0,0,0,4,41,4,117,164,4,2200,2896,382,2474,595,1750,10,0,0,0,0,39,0,122,160,0,1871
CLAYTON - FP3,5085,1234,3846,675,2464,23,153,9,323,7,6,0,2,34,153,2477,3826,542,3230,564,2027,20,138,10,327,18,10,1,2,35,138,2044
CLAYTON - FP4,2948,590,2338,465,844,62,969,0,116,15,0,25,4,68,990,855,1858,205,1653,350,645,41,630,0,76,0,0,28,3,46,655,642
CLAYTON - FP5,7406,2504,4888,506,3987,0,247,9,38,68,57,0,0,36,247,4058,4994,1450,3528,399,2881,0,155,10,38,16,25,0,0,19,155,2898
CLAYTON - FP6,1777,788,995,105,508,0,328,0,6,0,14,0,0,35,331,507,1007,256,766,109,404,0,218,0,6,0,8,0,0,14,220,408
CLAYTON - JB01,7352,1089,6268,214,5668,0,39,0,331,21,0,0,0,0,39,5684,5183,672,4512,215,4134,0,40,0,104,18,0,0,0,0,40,4153
CLAYTON - JB02,5435,467,4946,154,4671,6,28,0,16,122,0,0,0,4,28,4781,4139,185,3930,154,3781,9,21,0,16,0,0,0,0,5,21,3780
CLAYTON - JB03,6447,202,6212,1026,4730,0,220,0,71,56,16,4,31,40,226,4828,5263,112,5152,839,3961,0,196,0,68,19,10,6,28,31,200,4022
CLAYTON - JB04,4388,181,4207,675,3348,0,102,40,0,23,6,0,0,13,102,3373,3037,142,2892,331,2383,0,100,36,0,23,5,0,0,12,100,2404
CLAYTON - JB05,4269,90,4242,127,3681,0,372,0,0,85,0,10,0,0,383,3780,3280,92,3214,126,2755,0,262,0,0,65,0,12,0,0,277,2836
CLAYTON - JB06,2904,98,2782,1272,1023,10,253,0,148,0,48,11,39,96,264,1061,2464,46,2426,1231,843,10,254,0,35,0,34,9,39,83,262,882
CLAYTON - JB07,3735,547,3208,279,2548,0,226,0,90,8,0,46,0,0,260,2554,2886,155,2728,243,2162,0,228,0,40,0,0,49,0,0,267,2165
CLAYTON - JB08,6365,667,5700,565,4792,0,8,0,17,271,0,0,49,49,7,5113,4832,305,4539,492,3715,0,5,0,22,265,0,0,50,50,5,4030
CLAYTON - JB09,2233,638,1596,361,1176,0,0,0,1,0,18,0,45,63,0,1219,1625,245,1383,350,975,0,0,0,0,0,15,0,49,64,0,1022
CLAYTON - JB10,4778,354,4452,370,3622,0,77,0,81,296,26,0,0,26,77,3898,3151,46,3124,375,2487,0,49,0,52,150,26,0,0,26,49,2621
CLAYTON - JB11,5546,397,5084,746,3680,5,474,0,0,180,13,0,0,18,472,3844,3932,257,3652,582,2770,0,212,0,0,103,5,0,0,5,211,2853
CLAYTON - JB12,3473,445,3028,188,2815,0,25,0,0,0,0,0,0,0,25,2815,3069,245,2824,192,2607,0,25,0,0,0,0,0,0,0,25,2607
CLAYTON - JB13,2801,76,2739,335,2430,0,4,0,14,0,0,0,5,2,5,2450,2287,62,2232,349,1918,0,4,0,8,0,0,0,0,0,4,1937
CLAYTON - JB14,4628,278,4378,939,2777,0,192,0,167,37,60,0,150,211,194,2967,3587,148,3431,883,2147,0,110,0,100,18,58,0,66,124,112,2235
CLAYTON - JB15,4214,505,3709,210,3495,0,0,0,0,0,0,0,0,0,0,3495,3328,508,2820,213,2590,0,14,0,0,0,0,0,0,0,14,2590
CLAYTON - JB16,4054,975,3101,225,2725,0,71,0,25,12,0,0,0,2,71,2744,2323,399,1941,132,1660,0,73,0,23,0,0,0,0,4,73,1661
CLAYTON - JB17,6577,641,5905,548,4992,0,151,0,94,115,3,0,0,3,151,5113,4171,140,4006,176,3656,0,161,0,13,0,3,0,0,3,161,3658
CLAYTON - JB18,5274,201,5082,451,4370,0,204,0,0,47,9,0,33,42,213,4450,3597,84,3527,395,3006,0,86,0,0,0,11,0,34,45,95,3037
CLAYTON - LC1,6625,419,6204,535,4971,0,270,0,252,176,0,5,34,34,275,5169,4357,160,4195,543,3048,0,261,0,161,133,0,0,30,30,261,3209
CLAYTON - LJ1,6466,735,5697,796,4656,0,21,0,2,28,0,0,73,86,20,4741,4623,432,4199,673,3295,0,20,0,3,9,0,0,85,96,20,3360
CLAYTON - LJ2,4219,366,3817,644,3133,0,44,0,0,7,0,0,47,51,44,3189,3182,159,3040,572,2469,0,0,0,0,4,0,0,45,50,0,2523
CLAYTON - LJ3,13476,1247,12304,1053,11044,35,0,0,53,29,36,0,65,135,0,11143,9174,457,8694,791,7733,35,0,0,59,5,22,0,46,108,0,7794
CLAYTON - LJ4,5293,96,5197,185,4684,0,163,0,87,78,0,0,0,0,163,4762,4102,70,4032,169,3702,0,157,0,0,0,4,0,0,4,157,3702
CLAYTON - LJ5,4783,529,4250,262,3809,9,0,132,8,24,64,0,0,59,0,3833,3431,200,3227,219,2838,6,0,135,11,21,63,0,0,48,0,2858
CLAYTON - MO1,6004,890,5215,197,4831,0,23,0,88,29,99,4,0,103,27,4825,3847,729,3175,183,2810,0,18,0,78,0,73,0,0,76,18,2805
CLAYTON - MO2,2608,515,2124,318,585,0,1234,0,0,0,0,0,0,0,1233,584,1817,205,1657,324,471,0,878,0,0,0,0,0,0,0,878,473
CLAYTON - MO3,7240,521,6712,210,4715,46,1598,0,17,5,0,69,0,46,1669,4734,4722,317,4401,198,3000,16,1084,0,14,9,0,66,0,16,1152,3012
CLAYTON - MO4,2436,344,2103,275,1602,0,128,0,2,0,10,8,13,18,140,1618,1694,176,1525,238,1136,0,91,0,4,0,10,7,15,21,99,1151
CLAYTON - MO5,6412,350,5986,637,4840,0,294,0,0,192,30,0,5,37,293,5043,4549,129,4424,625,3522,0,253,0,0,0,30,0,1,32,254,3532
CLAYTON - MO6,5027,855,4205,1146,2839,38,121,0,39,17,22,0,7,69,121,2853,3409,462,2933,756,1966,39,126,0,32,0,21,0,5,66,126,1968
CLAYTON - MO7,2841,124,2717,167,1616,0,571,0,275,88,0,0,0,0,571,1704,1827,93,1734,172,897,0,456,0,148,61,0,0,0,0,456,958
CLAYTON - MO8,4638,438,4197,401,3373,0,0,0,44,182,0,0,203,203,0,3759,3481,255,3226,228,2781,0,0,4,16,40,0,0,162,162,0,2982
CLAYTON - MO9,1896,197,1706,176,1440,0,25,0,77,0,0,8,9,10,30,1451,1402,95,1297,184,1032,0,25,0,43,0,0,6,10,12,30,1043
CLAYTON - OAK1,4583,239,4344,135,3923,0,17,0,33,160,0,0,76,76,17,4159,3150,119,3031,81,2744,0,16,0,31,82,0,0,77,77,16,2903
CLAYTON - OAK2,2748,364,2383,61,2156,0,149,0,0,0,0,0,14,14,149,2172,1946,267,1679,58,1455,0,150,0,0,0,0,0,13,13,150,1469
CLAYTON - OAK3,6123,465,5666,167,5292,0,113,0,31,44,0,0,30,30,113,5364,4633,257,4381,181,4034,0,110,0,35,0,4,0,34,38,110,4067
CLAYTON - OAK4,5908,397,5511,11,5380,0,14,0,84,22,0,0,0,0,14,5402,4049,293,3756,8,3639,0,10,0,82,17,0,0,0,0,10,3656
CLAYTON - PH1,4088,72,4016,577,3066,4,60,0,12,297,0,0,0,4,60,3363,3064,45,3019,504,2313,0,52,0,13,137,0,0,0,0,52,2450
CLAYTON - PH2,5522,189,5322,1170,4090,18,0,0,0,0,9,0,0,28,0,4088,4205,148,4054,985,3018,18,0,0,0,0,7,0,0,25,0,3016
CLAYTON - RD01,2876,230,2639,16,2508,6,0,0,9,78,0,0,0,6,0,2582,1913,106,1797,18,1741,6,0,0,10,0,0,0,0,6,0,1739
CLAYTON - RD02,4354,316,4070,300,3459,0,0,0,0,149,0,0,237,237,0,3819,3211,76,3157,233,2657,0,0,0,0,60,3,0,241,242,0,2958
CLAYTON - RD03,3770,893,2895,137,2551,0,213,0,37,8,0,0,0,0,214,2558,2600,222,2386,131,2075,0,199,0,21,0,0,0,0,0,199,2079
CLAYTON - RD04,6330,1033,5273,353,4021,4,805,0,0,3,4,7,0,22,810,4030,4536,385,4122,295,3207,0,561,0,0,7,0,7,0,11,564,3216
CLAYTON - RD05,3725,1260,2476,125,2089,3,253,0,0,0,0,0,0,3,253,2090,2720,620,2109,89,1793,0,223,0,0,0,0,0,0,0,223,1793
CLAYTON - RD06,5714,1050,4667,393,4004,0,108,0,86,68,0,0,12,12,108,4086,3562,494,3071,377,2562,0,95,0,29,2,0,0,13,13,95,2579
CLAYTON - RD07,4609,765,3831,350,2682,1,689,0,48,134,1,10,0,1,702,2817,3188,373,2810,297,2013,0,531,4,0,0,4,6,0,4,541,2015
CLAYTON - RD08,4184,346,3853,185,3446,0,131,0,19,65,0,2,0,0,132,3514,3563,208,3356,179,2960,0,128,0,18,66,0,2,0,0,129,3028
CLAYTON - RD09,4236,391,3871,135,3416,0,108,0,104,45,10,0,51,48,107,3504,3153,358,2820,118,2399,0,104,0,105,41,7,0,50,46,104,2486
CLAYTON - RD10,5247,108,5124,78,4942,31,13,0,4,1,0,0,23,54,12,4967,3963,51,3913,82,3735,27,14,0,6,6,0,0,24,51,14,3760
CLAYTON - RD11,2265,139,2121,80,1953,0,44,0,0,40,0,4,0,0,48,1992,1755,128,1624,82,1451,0,48,0,0,42,0,0,0,0,48,1494
CLAYTON - RD12,4270,224,4004,270,3486,0,130,0,0,18,0,13,6,6,144,3547,2960,193,2746,201,2363,0,129,0,0,0,1,13,6,9,143,2368
CLINCH - AB,195,0,196,97,44,0,0,0,0,0,0,0,0,0,0,44,133,1,132,87,19,0,0,0,0,0,0,0,0,0,0,19
CLINCH - AG,319,22,289,181,97,48,0,0,0,0,0,0,0,34,0,91,278,17,250,160,72,53,0,0,0,0,0,0,0,36,0,71
CLINCH - D,483,0,471,257,245,0,0,0,0,0,47,0,0,31,0,256,333,4,326,211,127,0,0,0,0,0,23,0,0,18,0,128
CLINCH - F,411,0,412,355,29,17,0,0,0,5,7,0,0,25,0,35,331,0,333,284,25,13,0,0,0,0,12,0,0,24,0,25
CLINCH - H,5001,103,4916,3492,1318,10,4,0,11,0,20,0,0,59,4,1312,3667,82,3597,2737,794,4,6,0,0,0,11,0,0,38,6,794
COBB - AC1A,6866,863,6014,4092,1402,12,355,0,75,56,41,0,0,49,345,1458,5508,509,4995,3474,1118,14,318,0,23,37,29,0,1,44,304,1168
COBB - AC1B,5772,556,5186,3859,1117,9,36,0,17,91,9,160,0,12,160,1214,4701,334,4355,3325,860,4,30,0,18,50,11,158,0,10,166,910
COBB - AC1C,6625,618,6022,3068,2217,0,170,0,48,354,37,16,0,40,215,2578,4777,265,4501,2397,1619,3,139,0,40,203,32,15,3,39,178,1822
COBB - AD01,3352,121,3231,2627,275,0,227,0,29,0,0,16,57,57,243,332,2847,93,2754,2269,193,0,206,0,14,0,0,14,58,58,220,251
COBB - AU1A,7688,1025,6541,1500,4879,11,45,1,4,60,1,5,3,52,49,4920,5503,430,5037,1279,3642,7,38,0,0,48,0,2,3,43,42,3681
COBB - BF02,3584,353,3233,2450,243,15,211,0,15,189,6,22,42,64,228,473,2803,199,2604,2143,198,7,130,0,0,0,9,30,37,54,158,231
COBB - BF03,9629,1548,8085,5973,1643,0,133,0,54,16,46,97,142,188,238,1792,6801,899,5905,4371,1116,0,119,0,39,5,55,56,140,195,194,1257
COBB - BG01,5801,410,5360,3359,1576,4,308,0,26,52,38,54,0,38,349,1657,5415,354,5041,3096,1513,7,291,0,15,50,40,42,0,42,320,1592
COBB - BG02,4471,347,4125,2536,1158,0,229,0,45,33,26,76,0,26,297,1201,3574,211,3365,2225,860,0,206,0,0,13,12,31,0,12,236,875
COBB - BK01,6232,1188,5038,2537,1841,0,512,0,1,52,16,59,0,16,571,1884,4712,695,4033,2027,1527,0,390,0,1,17,7,43,0,7,435,1551
COBB - BR01,3511,867,2644,1610,872,0,67,0,0,82,0,13,0,0,80,954,2393,462,1931,1457,392,0,62,0,0,15,0,0,5,5,62,412
COBB - BR02,4705,419,4291,2299,1562,0,51,0,97,264,0,14,0,0,66,1826,3817,259,3560,1981,1443,0,52,0,76,0,0,6,0,0,58,1442
COBB - BT01,2482,343,2103,219,1774,0,21,0,0,250,0,0,64,73,21,1861,1857,106,1745,171,1508,2,19,4,0,16,0,0,16,32,19,1547
COBB - BT02,9972,2201,7779,539,6627,0,31,8,121,153,15,0,42,57,31,7077,6336,915,5430,480,4731,3,30,0,42,93,19,0,16,38,30,4861
COBB - BW01,3025,295,2719,2091,114,0,423,0,6,30,15,9,5,20,445,150,2381,202,2165,1618,120,0,353,0,7,29,9,8,0,9,370,149
COBB - CA01,8283,857,7426,4124,2922,0,195,0,18,90,7,44,26,33,239,3038,7899,828,7071,4081,2676,0,152,0,17,86,6,26,27,33,178,2789
COBB - CH02,3630,75,3558,2615,707,0,100,0,4,16,61,18,0,61,118,718,2723,66,2659,2006,483,5,67,0,0,18,48,7,1,54,75,496
COBB - CH03,5561,553,4961,2926,1659,0,82,0,0,150,36,118,0,28,200,1808,4140,283,3819,2365,1125,5,58,0,0,134,31,104,0,30,162,1260
COBB - CK01,10631,1018,9613,6100,2742,0,407,0,33,228,10,60,33,43,467,3003,9359,755,8604,5447,2504,0,408,0,39,95,17,58,36,53,466,2635
COBB - CL01,1869,118,1704,918,666,0,0,0,0,0,2,0,0,6,0,685,1620,89,1500,896,525,0,0,0,0,0,0,3,0,5,3,531
COBB - CL02,6671,1033,5629,1616,3702,0,57,0,0,174,81,0,12,61,57,3897,5348,598,4747,1490,3024,0,59,0,0,112,73,0,12,58,57,3146
COBB - CO01,7492,1683,5778,1845,3541,5,32,1,0,308,0,9,34,28,47,3871,5728,1258,4467,1685,2587,4,32,0,0,105,4,10,36,32,46,2710
COBB - CR01,3274,147,3126,2727,164,0,217,0,10,8,0,0,0,0,219,172,2285,69,2216,1914,129,0,162,0,9,0,0,6,0,0,169,129
COBB - DC01,3221,230,2980,2347,262,0,277,0,10,16,3,26,0,4,306,275,2336,173,2156,1740,167,0,174,3,14,8,8,20,0,10,194,169
COBB - DI01,7477,805,6626,3174,2895,1,283,0,107,96,9,140,0,6,406,2992,6232,421,5840,3012,2430,1,181,0,10,84,6,148,0,6,302,2516
COBB - DL01,3495,112,3381,2226,918,0,103,0,31,106,7,0,5,12,103,1029,2534,45,2486,1696,690,0,93,0,4,0,14,0,0,14,93,690
COBB - DO01,2524,44,2464,2085,20,0,241,0,0,0,0,112,0,0,356,21,1852,45,1794,1539,21,3,189,0,0,0,5,55,0,8,228,22
COBB - DU01,5489,325,5155,4425,373,0,126,0,16,171,21,27,0,23,153,550,3961,163,3793,3252,295,0,97,0,7,110,15,9,0,16,106,406
COBB - DV01,2759,120,2639,2055,269,0,143,0,35,113,6,18,0,6,161,382,2052,59,1993,1629,182,0,96,0,0,64,7,15,0,7,111,246
COBB - EA01,3255,198,3061,2450,85,0,419,0,0,16,0,64,3,2,475,100,2368,123,2253,1905,40,0,277,0,0,5,5,22,0,5,295,42
COBB - EA02,5724,629,5079,4259,377,8,271,0,64,70,59,63,0,67,335,447,3910,332,3570,3044,261,0,239,0,39,12,26,28,0,26,269,273
COBB - EL01,4799,390,4360,1855,1474,0,563,0,90,302,2,29,0,1,584,1795,3669,260,3384,1815,1156,0,285,0,99,0,1,32,0,1,307,1157
COBB - EL02,3179,307,2879,2049,502,0,100,0,55,57,9,80,0,10,180,575,2463,254,2215,1563,412,7,64,0,29,70,8,54,1,18,131,471
COBB - EL03,2753,130,2599,2137,340,0,76,0,0,11,16,0,0,15,72,361,2232,47,2185,1847,246,0,60,0,0,12,10,0,0,10,56,259
COBB - EL04,3281,555,2668,1450,859,0,398,0,25,16,1,17,0,1,417,864,2630,359,2195,1252,712,0,286,0,28,0,0,6,0,0,297,710
COBB - EL05,3690,214,3471,2528,321,0,360,0,32,75,12,126,0,11,475,395,2983,102,2876,2141,322,0,335,0,10,0,6,52,0,5,376,321
COBB - EP01,3632,181,3488,1444,1601,0,263,0,48,47,2,0,0,2,261,1618,2991,157,2850,1201,1398,0,154,6,60,14,0,0,0,0,156,1411
COBB - FO01,6100,2317,3777,1428,2174,0,121,0,17,164,0,0,23,23,121,2361,4002,955,3044,1169,1696,0,119,0,16,115,0,0,18,18,119,1830
COBB - FO02,8372,2611,5888,1174,4309,0,276,0,17,25,20,0,0,20,272,4319,5286,1279,4118,1069,2680,0,253,0,11,29,30,0,0,30,244,2704
COBB - FO04,5061,2668,2285,1067,808,0,199,0,0,47,8,0,50,61,203,931,3195,1185,1913,934,678,0,179,0,0,26,3,0,33,43,188,752
COBB - FO05,3864,1820,2042,1077,614,0,6,0,0,170,0,0,123,123,6,885,2519,604,1911,1039,557,0,0,0,0,140,0,0,122,122,0,802
COBB - FP01,4143,359,3753,2628,293,0,718,0,15,15,20,54,2,23,770,313,3004,229,2745,2007,178,1,491,0,0,15,23,0,0,24,502,196
COBB - FR01,3737,151,3595,2790,599,9,84,0,15,57,20,17,0,27,101,650,2820,86,2739,2064,586,0,58,0,17,0,7,15,0,6,73,585
COBB - FY01,2844,337,2528,1892,345,0,282,0,0,0,12,0,0,12,282,345,2170,180,2003,1450,303,0,233,0,0,0,18,0,0,18,233,306
COBB - GM01,3880,542,3338,2933,214,0,108,0,0,40,9,34,0,9,142,254,2612,179,2433,2129,176,0,71,0,0,21,12,24,0,12,95,197
COBB - GT01,3420,169,3253,2749,145,7,187,0,12,82,16,79,0,23,258,212,2659,135,2531,2125,139,5,177,0,0,31,14,46,3,22,211,175
COBB - HL01,10695,2203,8481,2658,5614,0,92,0,70,57,4,15,19,23,107,5681,8034,1168,6858,2081,4637,0,72,0,56,0,5,15,24,29,87,4663
COBB - HR01,4439,370,4061,3622,284,0,89,0,0,23,21,42,0,21,124,306,3319,354,2960,2663,199,0,44,0,0,21,17,24,0,17,70,209
COBB - HT01,3609,177,3427,2404,446,0,377,19,0,60,45,58,0,45,434,506,2724,107,2611,1964,301,0,239,0,0,30,44,19,0,44,258,332
COBB - HY01,5576,352,5218,3946,958,25,111,0,94,45,0,43,4,10,178,1052,3984,245,3733,2898,645,12,100,0,19,40,0,35,6,11,141,700
COBB - KE1A,2391,413,1924,1484,241,0,106,0,0,0,3,37,0,4,157,235,2067,359,1656,1278,225,0,96,0,0,0,4,27,0,5,132,215
COBB - KE2A,5745,182,5696,2309,2621,0,651,0,12,101,20,49,0,23,697,2738,4654,137,4632,2039,2009,0,571,0,4,4,12,7,0,16,580,2019
COBB - KE2B,5385,717,4657,3334,913,20,223,0,18,93,0,18,7,46,232,967,3956,305,3654,2635,714,32,206,5,8,15,0,0,10,49,209,729
COBB - KE3A,3188,491,2705,1722,668,0,69,0,4,203,3,44,0,4,119,844,2723,322,2403,1675,570,0,71,0,0,72,3,27,0,4,101,611
COBB - KE4A,4134,496,3626,2569,798,0,5,0,0,219,15,25,0,14,32,1041,3240,221,3013,2210,647,0,6,0,0,105,18,27,0,17,32,775
COBB - KE5A,4404,437,3961,2444,1236,0,156,0,22,39,2,47,0,2,209,1272,3359,346,3012,1896,921,0,108,0,26,8,2,36,0,2,149,921
COBB - KE5B,4803,215,4578,2977,1244,0,204,0,7,29,0,127,0,6,333,1281,3377,116,3254,2060,963,4,136,0,7,22,0,60,0,9,200,988
COBB - KL01,3155,769,2386,2262,65,0,8,0,13,22,16,0,0,16,8,87,2022,201,1821,1708,63,0,9,0,13,12,16,0,0,16,9,75
COBB - KP01,2537,437,2103,1385,428,0,185,0,0,0,67,37,0,67,242,427,1915,253,1661,1148,303,0,106,0,0,0,59,30,0,59,143,304
COBB - KP02,4827,206,4623,3071,1298,0,135,5,0,14,28,57,0,28,192,1312,3861,112,3752,2448,1067,5,128,5,0,12,24,47,5,34,175,1084
COBB - KP03,3490,262,3228,1945,665,0,583,0,0,2,16,20,2,19,582,670,2308,141,2176,1503,416,0,265,0,0,0,16,6,0,16,265,416
COBB - LA01,4818,555,4327,3356,459,0,315,0,5,47,58,40,0,57,365,497,3534,427,3168,2495,346,0,195,0,3,28,58,5,0,53,205,365
COBB - LI01,7054,507,6535,1940,3534,0,853,0,2,178,44,45,0,41,860,3722,5887,491,5399,1810,2712,0,772,4,1,115,44,29,0,41,760,2821
COBB - LM01,4922,235,4681,3134,1335,0,33,0,76,29,56,58,0,57,90,1359,3771,143,3627,2627,824,0,30,0,57,21,42,36,0,41,68,845
COBB - LM02,4665,39,4626,4049,179,0,76,0,0,0,17,305,0,17,381,179,3395,28,3367,2964,156,0,33,0,0,0,8,206,0,8,239,156
COBB - LM03,5011,340,4677,2850,1486,22,187,0,8,6,18,60,0,39,248,1497,3712,171,3542,2255,1062,15,124,0,13,0,19,44,0,35,166,1062
COBB - LM04,3423,257,3166,2350,460,0,181,0,0,7,12,156,0,12,337,467,2303,48,2255,1787,296,0,159,0,0,0,13,0,0,13,159,296
COBB - LW01,2071,180,1867,1696,134,0,0,0,0,0,19,0,0,18,0,130,1634,80,1537,1366,137,0,0,0,0,4,13,0,0,13,0,137
COBB - MA01,6588,1040,5644,2270,2886,0,71,6,80,250,30,1,0,29,75,3131,5497,528,4985,2101,2501,0,74,0,70,140,21,0,0,21,74,2643
COBB - MA02,4080,921,3163,1077,1935,0,55,17,9,84,49,0,0,42,53,2047,2906,414,2502,919,1466,0,48,13,7,51,36,0,0,27,48,1527
COBB - MA03,3785,539,3215,2062,1003,0,70,0,8,17,30,16,0,30,74,1022,3066,220,2827,1934,754,0,73,0,7,14,32,15,0,32,75,766
COBB - MA04,1618,201,1419,945,376,0,65,0,4,18,0,21,0,0,88,393,1257,113,1144,823,280,0,65,0,0,0,0,1,0,0,66,281
COBB - MB01,2074,183,1826,1706,28,0,53,0,0,1,39,21,0,38,66,36,1572,148,1360,1301,16,0,33,0,0,2,27,6,0,30,34,25
COBB - MC01,6020,872,5135,1474,3353,29,18,0,46,159,0,28,0,30,46,3515,4472,477,3989,1376,2388,21,19,0,42,90,0,23,0,22,43,2493
COBB - MD01,4328,469,3860,3467,72,0,210,4,25,9,35,39,0,35,248,81,3245,336,2909,2658,76,0,124,0,14,0,22,18,0,22,141,76
COBB - ME01,4489,314,4186,1427,2376,0,73,0,21,77,75,77,12,90,154,2473,3652,229,3445,1277,1973,0,41,0,9,7,72,32,14,85,70,1986
COBB - MK01,2448,160,2288,2080,32,8,62,0,60,0,14,0,32,54,62,64,1748,80,1668,1543,35,8,34,0,0,0,16,0,32,56,34,67
COBB - ML01,1921,74,1847,1259,584,0,0,0,0,0,4,0,0,4,0,584,1328,53,1275,938,332,0,0,0,0,0,5,0,0,5,0,332
COBB - MR1A,7312,710,6829,2217,3599,77,107,0,285,190,27,118,7,119,180,3844,5933,520,5570,2179,2641,33,114,0,190,126,26,94,7,81,177,2813
COBB - MR2A,3029,119,2911,2110,681,0,0,0,10,115,0,0,0,0,0,794,2406,36,2374,1790,547,0,0,0,12,29,0,0,0,0,0,571
COBB - MR2B,7897,374,7934,2294,5036,0,289,0,182,90,8,126,4,10,409,5114,5766,228,5816,1942,3493,0,162,0,138,100,9,60,0,9,214,3570
COBB - MR3A,6029,1289,4814,3124,1353,0,96,0,14,206,0,3,0,0,102,1549,4259,573,3661,2533,963,0,58,0,23,89,5,11,0,5,72,1016
COBB - MR4A,3969,101,3872,3696,106,0,14,0,0,24,11,0,0,9,13,113,2730,60,2684,2479,107,0,17,0,0,16,10,0,0,10,16,114
COBB - MR4B,2885,209,2730,1690,698,5,111,0,8,124,0,101,0,8,209,793,2375,82,2333,1491,653,6,61,0,13,39,0,63,0,11,124,686
COBB - MR4C,4041,71,3964,3095,647,0,69,0,45,35,0,42,0,46,102,725,3289,57,3230,2566,487,0,67,0,35,29,3,10,5,43,76,576
COBB - MR5A,3313,625,2899,1612,946,0,42,0,19,139,17,22,5,22,62,1153,2504,213,2492,1456,864,0,41,0,0,51,12,26,0,12,65,952
COBB - MR5B,3619,521,2930,914,1738,5,46,0,44,399,0,27,0,3,85,2154,2567,148,2264,848,1223,8,43,0,27,193,1,23,0,3,75,1444
COBB - MR6A,2694,693,1987,1009,819,11,78,0,0,116,0,0,4,12,79,897,2069,408,1652,911,653,8,36,0,0,64,0,4,6,17,40,695
COBB - MR6B,3441,226,3235,1991,807,0,293,0,50,35,2,33,0,2,324,843,2866,147,2768,1693,666,4,306,0,19,17,2,27,0,4,325,680
COBB - MR7A,7462,1440,5794,2304,3054,3,91,0,33,76,17,42,5,25,150,3160,5779,951,4688,1963,2366,3,90,0,25,71,22,39,2,27,149,2465
COBB - MS01,7318,885,6436,5097,726,0,112,0,0,432,97,10,4,100,119,1153,4772,309,4460,3820,480,0,111,0,0,0,51,11,0,51,116,480
COBB - MS02,2821,400,2427,1784,336,0,265,0,0,0,23,24,0,22,284,341,2100,152,1946,1501,219,0,178,0,0,0,23,10,0,23,187,225
COBB - MT01,4318,192,4126,3570,195,6,238,17,68,2,8,49,12,26,286,215,3139,82,3051,2716,131,8,175,18,16,0,4,7,0,11,182,137
COBB - MT03,4170,306,3875,2980,108,0,661,0,0,31,24,89,0,23,745,136,3112,222,2904,2302,96,0,459,0,0,0,13,32,0,12,492,96
COBB - MT04,4256,211,4048,3531,167,0,293,0,13,0,0,43,0,0,338,167,3233,119,3115,2727,140,0,231,0,14,0,0,11,0,0,240,140
COBB - NC01,2859,365,2506,1730,622,2,106,0,12,21,2,34,0,8,150,634,2117,227,1911,1319,447,3,106,0,7,31,4,7,1,7,119,467
COBB - NJ01,6605,189,6424,2303,3442,4,238,0,36,24,123,74,0,202,319,3500,5652,163,5476,2142,2860,0,180,0,33,2,122,6,0,161,188,2883
COBB - NP01,5709,1171,4408,2533,1743,5,125,48,0,19,31,38,0,29,169,1782,4249,666,3505,2238,1223,5,65,54,0,18,27,23,0,26,84,1248
COBB - NS01,3175,124,3051,2355,516,0,25,0,71,36,25,23,0,25,48,552,2655,117,2538,1988,384,0,27,0,69,34,20,16,0,20,43,418
COBB - OK01,4320,207,4119,2495,1184,2,256,0,29,82,4,46,0,122,299,1258,3477,190,3293,2065,919,7,193,0,22,22,4,34,5,64,229,950
COBB - OR01,1838,45,1793,1285,358,0,70,0,19,45,0,16,0,0,86,403,1423,46,1377,1019,303,0,55,0,0,0,0,0,0,0,55,303
COBB - OR02,5050,1618,3457,1415,1767,0,62,0,60,0,0,113,17,25,167,1800,3853,870,2996,1321,1523,0,47,0,37,0,7,25,14,28,67,1552
COBB - OR03,7861,2100,5280,1808,3025,19,186,0,42,95,19,9,60,105,200,3169,5758,918,4552,1670,2499,17,118,0,37,78,20,11,56,92,136,2642
COBB - OR04,3791,635,3147,893,2024,0,116,0,77,48,4,0,0,4,119,2068,2888,293,2588,759,1705,0,68,0,40,23,0,4,0,0,74,1723
COBB - OR05,3915,281,3634,2385,1056,0,57,0,38,90,8,0,0,8,57,1146,3022,120,2902,1912,854,0,35,0,36,61,4,0,0,4,35,915
COBB - OR06,4480,545,3935,933,2658,0,55,0,171,26,26,22,44,70,77,2728,3047,231,2816,817,1900,0,46,0,0,22,27,4,0,27,50,1922
COBB - PE01,7113,1708,5514,1577,3646,4,122,32,30,16,17,0,46,58,122,3684,5211,813,4437,1292,2900,0,122,35,34,11,14,0,50,50,122,2931
COBB - PF01,4154,632,3548,2929,468,28,52,25,44,58,0,77,11,39,107,540,3297,326,2986,2548,405,18,48,28,14,47,0,0,11,28,49,472
COBB - PM01,5362,539,4840,3100,1233,7,345,0,47,76,0,38,0,11,375,1306,4089,537,3563,2319,899,9,250,0,17,87,0,16,0,13,260,952
COBB - PM02,4234,81,4113,3234,508,0,85,0,28,49,2,20,108,62,124,601,3107,48,3009,2451,310,0,67,0,16,0,0,26,111,73,92,400
COBB - PO01,4385,576,3809,3085,193,0,345,0,9,98,5,44,30,35,389,321,3174,312,2862,2329,177,0,252,0,0,90,4,5,5,9,257,272
COBB - PP01,3600,219,3384,2503,617,0,180,0,22,0,0,66,0,0,226,621,2800,130,2674,1942,561,0,125,0,19,2,0,32,0,0,146,563
COBB - PR01,3244,423,2815,2163,437,0,88,0,48,42,24,34,0,23,119,489,2659,356,2300,1912,267,0,68,0,22,26,20,39,0,19,90,301
COBB - PS1A,8208,1032,7121,1849,4718,7,180,0,15,240,15,53,10,30,224,4983,6129,729,5354,1624,3550,0,60,0,3,109,14,4,15,30,64,3689
COBB - PS2A,3484,352,3159,623,2421,0,31,4,18,98,5,0,0,5,30,2514,2695,262,2434,521,1808,0,16,0,20,95,5,4,0,8,18,1904
COBB - PS3A,5354,604,4791,1537,3362,0,21,0,2,22,0,50,0,1,76,3347,4045,324,3732,1299,2467,0,23,0,0,20,1,23,0,0,49,2461
COBB - PT01,2202,250,1952,1468,371,0,72,0,0,24,17,0,0,17,72,395,1706,81,1625,1251,297,0,62,0,0,5,10,0,0,10,62,302
COBB - RM01,3389,287,3106,2349,283,0,275,0,31,45,11,112,8,20,392,335,2489,156,2337,1877,232,0,196,0,7,0,10,10,9,19,206,241
COBB - RR01,3145,129,3033,2509,412,0,16,0,45,10,18,16,2,19,31,422,2395,110,2295,1832,367,0,7,0,47,0,19,18,0,18,22,364
COBB - RS01,2152,803,1340,295,946,0,11,0,30,62,0,0,4,4,11,1007,1576,383,1187,293,839,0,5,0,34,19,0,0,0,0,5,859
COBB - RW01,3459,217,3243,2948,37,0,202,0,15,23,4,14,0,4,214,60,2455,148,2307,2092,41,0,133,0,14,0,7,16,0,7,148,41
COBB - RW02,4123,186,3937,3153,292,0,392,0,16,80,0,4,0,0,396,372,3054,134,2920,2307,245,0,330,0,23,15,0,0,0,0,330,260
COBB - SA01,3622,163,3461,2658,241,0,446,0,47,5,0,74,4,4,541,246,2675,118,2559,1996,201,0,315,0,27,7,0,20,0,0,346,207
COBB - SF01,4806,282,4525,4102,110,0,199,0,0,41,0,71,0,0,270,160,3482,167,3316,2994,99,0,157,0,0,40,0,37,0,0,193,137
COBB - SI01,2232,184,2045,1592,85,0,313,0,12,0,5,55,0,6,361,88,1583,97,1485,1141,85,0,250,0,12,0,2,4,0,4,254,87
COBB - SM01,4013,101,3921,3020,91,0,761,0,0,0,8,65,0,9,836,92,3160,70,3098,2460,90,0,534,0,0,0,8,16,0,9,562,91
COBB - SM03,5654,805,4907,3719,552,0,240,5,45,225,35,103,5,43,339,782,4671,607,4105,3122,484,5,239,0,0,165,28,52,2,33,285,639
COBB - SN1A,6581,1344,5301,2149,2517,4,274,0,0,214,19,88,0,27,391,2728,5296,794,4485,1991,2020,0,204,0,0,149,19,80,0,20,320,2168
COBB - SN2A,3158,459,2674,1436,696,0,494,0,0,20,0,9,0,0,508,716,2923,414,2474,1353,628,0,451,0,9,20,0,14,0,0,457,645
COBB - SN2B,3227,490,2768,799,1631,0,237,0,26,63,9,21,0,9,246,1699,2829,457,2397,796,1269,0,220,0,28,63,8,21,0,8,228,1338
COBB - SN3A,6427,595,5851,2680,2478,5,128,0,50,152,19,137,196,220,255,2806,4537,323,4234,2073,1801,10,128,0,49,25,11,52,62,82,182,1875
COBB - SN4A,6271,347,5930,3797,1506,5,353,0,1,134,18,55,15,36,409,1647,4879,253,4627,3073,1157,1,195,0,2,47,4,45,16,22,246,1228
COBB - SN5A,5685,867,4885,2634,2043,5,138,0,79,11,1,23,47,58,161,2098,4684,496,4238,2423,1621,9,130,0,78,2,2,0,48,63,138,1675
COBB - SN6A,7251,384,6864,3459,2450,10,662,0,4,94,10,149,0,20,816,2559,5245,234,5013,2812,1571,7,509,0,1,88,8,28,0,18,541,1660
COBB - SN7A,4805,322,4494,3257,729,0,198,0,0,98,43,52,0,42,242,847,3336,158,3183,2392,455,0,104,0,0,93,17,53,0,17,149,551
COBB - SN7B,8072,307,7779,3923,3010,14,496,49,13,69,0,94,156,62,631,3231,6114,251,5848,3090,2190,15,333,45,9,9,0,58,72,41,442,2278
COBB - SO01,2246,206,2034,1842,112,0,74,0,0,6,10,21,0,10,104,118,1707,109,1593,1415,105,0,66,0,0,0,6,14,0,6,86,104
COBB - SO02,5368,397,4977,3293,845,29,602,4,0,36,52,131,0,84,726,881,4384,267,4124,2769,780,29,454,0,1,0,56,46,0,88,496,780
COBB - SO03,3278,112,3168,2315,284,0,331,0,12,142,11,72,0,11,407,426,2420,114,2306,1820,180,0,223,0,5,0,13,64,0,13,290,180
COBB - SW01,4751,233,4557,2206,2097,0,55,0,35,90,24,0,0,23,55,2187,3912,199,3751,2048,1508,0,47,6,15,56,14,0,0,14,47,1574
COBB - SW02,4561,702,3841,1077,2750,0,10,0,0,27,10,4,0,10,14,2774,3639,473,3159,1001,2144,4,6,0,5,27,9,0,4,17,6,2171
COBB - SY01,3860,257,3617,2729,687,0,55,0,0,65,1,36,0,1,91,752,3019,186,2832,2251,458,0,51,0,0,27,1,0,0,1,51,487
COBB - TM01,7567,751,6798,2573,3473,0,450,8,79,120,39,3,56,84,509,3613,5606,357,5230,2239,2478,0,337,9,14,77,31,0,41,54,353,2561
COBB - TR01,3886,122,3764,3199,40,4,321,0,0,139,0,61,0,4,382,179,2628,44,2584,2263,29,0,203,5,0,54,0,30,0,0,233,83
COBB - TT01,3776,325,3451,3127,175,0,117,5,0,0,0,27,0,0,144,175,2824,241,2583,2294,179,0,91,0,0,0,0,19,0,0,110,179
COBB - VA01,3311,235,3068,2399,413,0,79,4,152,5,14,1,0,14,82,419,2454,119,2331,1863,303,0,59,0,87,0,8,3,0,9,64,305
COBB - VG01,4186,322,3857,2005,1591,0,26,0,59,122,16,47,0,16,76,1708,3960,321,3635,1910,1474,0,20,0,60,121,13,35,0,13,59,1595
COBB - VG02,9015,776,8238,3683,3097,27,896,0,0,274,0,27,250,280,923,3624,7701,485,7215,3518,2754,22,657,0,0,130,0,23,125,147,680,3010
COBB - VG03,5851,402,5461,2441,2455,3,151,0,34,309,24,16,127,82,178,2868,4919,299,4647,2300,1903,2,132,0,6,232,20,11,77,69,156,2214
COBB - VG04,4757,259,4500,3077,1143,0,53,0,93,31,17,53,7,18,95,1168,3737,194,3545,2352,954,0,50,0,93,33,15,48,9,15,83,973
COBB - WG01,3443,423,3047,2482,325,0,24,0,0,177,0,34,32,32,58,449,2603,294,2326,1998,262,0,15,6,0,0,0,9,33,33,24,301
COBB - WG02,2633,122,2484,1336,831,0,121,0,0,155,12,2,0,12,123,1071,2031,55,1959,1163,651,0,76,0,0,60,11,1,0,11,77,705
COBB - WL01,3321,68,3252,2558,119,0,458,0,0,49,7,63,0,7,521,159,2339,47,2291,1877,88,0,271,0,0,0,8,36,0,8,308,90
COFFEE - 1,27524,3137,24405,15367,8434,33,215,0,4,205,81,80,16,130,297,8653,19663,1440,18239,11978,5834,37,215,0,0,113,55,17,11,103,233,5956
COFFEE - 2,2750,238,2552,1646,835,0,8,0,0,42,5,0,0,4,6,877,2142,175,1988,1157,812,0,10,0,0,3,1,0,0,1,9,816
COFFEE - 3,336,80,207,178,2,0,0,0,0,0,0,0,0,0,0,4,309,95,183,158,0,0,0,0,0,0,0,0,0,0,0,2
COFFEE - 4,3126,187,2930,2253,653,4,0,0,0,0,17,0,0,22,0,653,2432,91,2333,1859,444,0,0,0,0,0,23,0,0,24,0,443
COFFEE - 5,5827,174,5652,3240,2167,13,0,0,19,144,68,0,8,89,0,2319,4885,126,4757,2649,1951,8,0,0,19,63,66,0,7,81,0,2021
COFFEE - 6,1619,82,1538,1544,0,0,0,0,0,0,3,0,0,3,0,0,1318,33,1289,1292,0,0,0,0,0,0,7,0,0,6,0,0
COLQUITT - 1,6034,631,5406,1353,3861,0,0,0,0,76,20,44,7,23,33,3947,4181,331,3857,1108,2658,0,0,0,5,9,13,43,6,23,34,2674
COLQUITT - 10,964,94,869,527,276,0,26,0,0,0,6,0,0,10,26,281,694,39,656,431,187,0,16,0,0,0,6,0,0,6,16,187
COLQUITT - 11,1569,279,1282,1107,107,0,31,0,0,11,6,0,0,6,31,120,1255,170,1076,937,101,0,12,0,0,4,9,0,0,9,12,104
COLQUITT - 12,1247,43,1216,940,81,0,11,0,93,14,0,0,0,0,21,93,972,53,946,810,77,0,10,0,37,9,0,0,0,0,10,87
COLQUITT - 13,874,54,811,785,6,0,2,0,0,13,0,15,0,0,7,22,670,44,605,593,8,0,3,0,0,0,0,0,0,0,3,7
COLQUITT - 14,2435,500,1951,1838,130,7,3,0,0,8,0,0,0,6,3,136,1541,138,1401,1302,104,7,3,1,0,0,0,0,0,7,3,104
COLQUITT - 15,1605,554,1062,895,134,0,0,0,0,9,7,0,0,7,0,145,1086,182,887,739,131,0,0,2,4,0,13,0,0,13,0,134
COLQUITT - 16,685,0,693,686,16,0,0,0,0,0,7,0,0,5,0,16,548,0,552,536,14,0,0,0,0,0,9,0,0,7,0,15
COLQUITT - 17,2226,134,2101,1751,280,10,0,1,0,18,2,1,0,15,10,292,1663,98,1573,1301,233,8,0,0,0,10,0,1,0,12,6,240
COLQUITT - 18,1226,77,1185,1027,96,12,0,0,0,0,0,0,0,9,0,109,880,57,848,735,66,9,0,0,0,0,0,0,0,7,0,66
COLQUITT - 19,5057,860,4203,3099,995,0,0,2,0,53,26,4,0,25,6,1052,3744,439,3319,2545,703,0,0,0,0,11,27,4,0,27,8,720
COLQUITT - 2,8477,874,7573,3926,3552,0,199,0,2,17,35,0,0,33,201,3565,6356,451,5926,3263,2578,0,166,1,0,13,17,0,0,10,168,2601
COLQUITT - 20,1410,230,1173,1025,114,2,1,0,0,34,0,0,0,0,1,153,1135,135,1006,904,81,2,0,0,0,16,0,0,0,0,1,97
COLQUITT - 21,405,25,379,190,75,0,120,0,0,0,7,0,0,2,120,70,259,0,254,167,35,0,54,0,0,0,4,0,0,2,54,35
COLQUITT - 22,1139,189,928,876,13,43,0,0,0,0,1,0,0,46,0,14,844,140,689,647,4,43,0,0,0,1,2,0,0,43,0,5
COLQUITT - 23,1931,433,1479,1248,224,0,0,0,0,0,15,0,0,14,0,224,1350,160,1161,934,211,4,0,0,0,4,9,0,0,12,0,212
COLQUITT - 7,2726,543,2164,1734,358,5,9,0,2,1,9,0,23,49,7,366,2038,280,1736,1390,283,4,11,0,0,0,3,0,23,37,8,290
COLQUITT - 8,1827,370,1458,1270,158,0,6,0,93,18,0,0,0,0,6,172,1434,185,1246,1119,126,0,3,0,13,1,0,0,0,0,3,127
COLQUITT - 9,534,43,505,427,55,6,0,1,0,7,1,1,0,7,1,63,409,21,398,343,40,5,0,0,0,1,0,1,0,8,1,43
COLUMBIA - 10,3375,30,3349,2756,359,0,2,0,40,75,105,30,12,110,37,419,2619,29,2592,2141,331,0,2,0,35,35,57,18,13,62,22,363
COLUMBIA - 100,3210,63,3152,2285,705,0,103,0,0,25,46,11,0,46,114,731,2500,44,2456,1935,404,0,51,0,0,32,44,13,0,45,66,434
COLUMBIA - 105,1727,26,1703,1370,126,0,194,0,8,0,0,0,0,0,196,126,1326,30,1295,1028,64,0,195,0,6,0,0,0,0,0,196,65
COLUMBIA - 106,1812,14,1791,1376,90,0,295,0,4,0,1,0,0,2,295,89,1486,7,1483,1152,76,0,245,0,6,0,0,0,0,2,243,76
COLUMBIA - 107,2996,101,2900,1964,303,0,640,0,0,0,18,5,0,17,643,304,2212,31,2178,1509,215,0,440,0,0,0,20,0,0,18,441,214
COLUMBIA - 108,1900,46,1854,1557,125,0,138,0,0,16,18,0,0,18,138,141,1675,31,1644,1368,125,0,138,0,0,0,13,0,0,13,138,125
COLUMBIA - 109,1735,0,1735,1200,54,0,452,0,0,0,29,0,0,29,452,54,1177,0,1177,938,38,0,176,0,0,0,25,0,0,25,176,38
COLUMBIA - 110,1410,158,1246,921,100,0,98,0,33,79,9,0,0,9,96,176,1167,76,1089,829,91,0,98,0,30,36,9,0,0,9,97,120
COLUMBIA - 111,2352,69,2284,1689,557,8,7,0,6,6,3,48,0,6,51,560,1865,44,1821,1362,419,6,6,0,8,11,8,26,0,11,39,423
COLUMBIA - 115,2656,131,2529,1505,620,0,295,0,7,67,23,0,0,23,297,689,2232,115,2119,1326,438,0,279,0,7,41,0,0,0,0,280,488
COLUMBIA - 120,2168,191,1962,1453,289,0,101,0,0,0,0,72,0,0,176,296,1772,144,1621,1165,262,6,107,0,0,0,0,69,0,6,178,262
COLUMBIA - 125,4192,638,3569,2417,832,84,264,0,0,19,0,0,0,84,261,844,3455,577,2885,1894,640,83,261,0,0,19,0,0,0,83,259,659
COLUMBIA - 130,3908,852,3056,2629,259,0,99,0,0,16,0,35,18,18,134,293,2969,522,2447,2052,258,0,70,0,0,11,0,39,17,17,109,286
COLUMBIA - 131,700,0,708,635,36,0,35,0,0,0,0,0,0,0,35,37,570,0,575,524,15,0,33,0,0,0,0,0,4,4,33,18
COLUMBIA - 132,1593,70,1522,1210,162,0,0,0,0,129,1,13,0,2,13,296,1199,61,1134,915,160,0,0,0,0,44,1,10,0,1,12,204
COLUMBIA - 134,2615,231,2384,1868,469,0,28,0,0,22,16,0,0,15,28,491,1982,186,1795,1392,360,0,30,0,0,22,5,5,0,5,35,380
COLUMBIA - 135,5189,484,4706,4029,422,0,96,0,21,44,101,13,0,101,106,457,3802,457,3349,2823,343,0,93,0,19,7,61,5,0,61,94,348
COLUMBIA - 136,2876,238,2634,1803,312,6,345,0,56,17,31,19,0,42,368,332,2033,95,1938,1484,268,7,93,0,18,10,26,3,5,40,87,290
COLUMBIA - 137,2703,55,2648,1906,212,0,383,0,36,6,12,73,0,12,459,217,2067,38,2030,1456,202,0,280,0,30,0,12,41,0,12,323,203
COLUMBIA - 15,8537,353,8184,6221,1471,8,285,0,0,15,122,81,0,129,359,1492,6074,280,5806,4434,1053,6,164,0,0,11,110,34,0,116,199,1073
COLUMBIA - 16,1176,84,1091,835,180,2,0,0,71,2,0,0,0,1,1,184,986,81,901,698,180,2,0,0,18,12,0,0,0,1,0,184
COLUMBIA - 17,11554,999,10544,5795,3674,5,35,0,71,789,101,35,0,117,65,4475,7595,542,7052,3905,2657,8,30,0,25,292,80,34,0,96,62,2950
COLUMBIA - 20,3385,156,3226,2114,738,0,0,0,56,33,45,20,0,46,47,788,2721,90,2621,1664,627,0,0,0,42,18,39,16,0,41,26,647
COLUMBIA - 21,2839,66,2769,1790,914,0,0,0,30,28,5,19,0,4,17,931,2040,60,1981,1302,648,0,0,0,26,9,6,8,0,6,6,658
COLUMBIA - 25,3850,18,3836,3218,295,0,30,0,0,34,7,152,0,7,187,339,3212,15,3197,2822,165,0,14,0,0,15,7,83,0,6,101,180
COLUMBIA - 26,6505,761,5760,3962,1676,0,298,0,0,86,16,33,0,18,300,1745,4630,403,4246,2925,1286,0,258,0,0,29,18,12,0,17,254,1314
COLUMBIA - 30,5664,617,5039,2870,2074,0,4,0,0,93,0,8,0,0,12,2181,3788,379,3399,1843,1490,0,5,0,0,76,0,8,0,0,13,1568
COLUMBIA - 31,5370,169,5177,2629,2134,0,186,0,0,101,25,121,0,25,295,2234,3956,141,3796,1974,1571,0,135,0,0,66,24,38,0,24,171,1651
COLUMBIA - 32,3221,318,2910,1793,889,0,29,0,76,61,0,31,0,0,73,939,2435,182,2263,1378,715,0,30,2,45,49,0,16,0,0,49,750
COLUMBIA - 33,9661,906,8745,3586,4344,6,179,0,163,345,36,63,0,40,243,4691,7112,471,6634,3124,3229,5,129,0,11,30,38,54,0,43,186,3252
COLUMBIA - 40,1623,11,1608,1339,226,0,11,0,0,20,13,3,0,11,22,261,1340,4,1337,1142,150,0,14,0,0,0,2,4,0,3,27,171
COLUMBIA - 50,904,6,900,499,349,0,2,0,5,15,9,2,0,8,3,360,684,6,678,335,328,0,2,0,2,0,0,0,0,0,2,329
COLUMBIA - 51,1122,70,1062,1052,7,0,3,0,0,0,0,25,0,0,20,9,984,57,929,912,7,0,0,4,0,0,0,14,0,0,5,8
COLUMBIA - 60,2633,206,2431,1614,508,9,70,0,33,63,0,72,0,13,146,563,2210,158,2048,1382,451,7,55,0,26,38,6,22,0,15,76,510
COLUMBIA - 61,5428,326,5096,4588,243,0,162,0,94,0,0,4,0,0,165,242,3298,150,3141,2986,99,0,19,0,21,5,0,1,0,0,20,105
COLUMBIA - 62,8011,920,7087,5256,802,0,495,4,0,362,17,190,0,17,686,1163,5613,630,4976,3615,774,5,422,0,0,96,0,92,0,5,514,864
COLUMBIA - 63,2222,163,2042,1724,295,0,14,0,5,0,0,0,0,0,14,299,1499,94,1403,1116,250,0,17,0,8,0,0,0,0,0,16,253
COLUMBIA - 64,4216,352,3879,2528,843,0,269,0,57,123,0,58,0,0,328,967,3449,263,3190,2050,827,0,211,0,60,39,0,16,0,0,228,866
COLUMBIA - 65,3580,395,3185,2412,564,8,93,0,15,33,29,30,5,39,125,605,2736,91,2644,2141,386,6,65,0,11,44,12,6,0,16,71,406
COLUMBIA - 70,2582,13,2569,2331,172,0,12,0,0,0,9,45,0,9,57,172,1928,11,1917,1725,123,0,12,0,0,0,12,45,0,12,57,123
COLUMBIA - 74,3060,85,2977,2259,431,3,51,0,0,110,0,124,0,4,174,541,2673,59,2615,2034,385,0,54,0,0,16,0,125,0,0,179,401
COLUMBIA - 75,3107,125,2980,1784,1012,1,29,0,52,62,9,30,0,9,60,1074,2349,122,2226,1501,635,0,27,0,0,57,7,0,0,7,27,692
COLUMBIA - 76,3021,489,2539,1925,557,0,32,0,20,0,4,10,0,6,33,553,2281,188,2107,1648,414,0,22,2,29,0,3,16,0,5,29,416
COLUMBIA - 80,1559,78,1480,1324,82,0,38,0,10,0,29,0,0,27,44,84,1298,40,1257,1110,79,0,25,0,6,0,25,0,0,23,26,81
COLUMBIA - 85,1332,113,1235,1046,23,0,49,0,0,33,0,89,0,0,140,55,1038,75,966,798,21,0,52,0,0,14,0,79,0,0,139,34
COLUMBIA - 90,2397,135,2262,2045,94,0,43,0,16,15,9,40,0,9,83,109,1810,137,1673,1511,66,0,43,0,16,0,8,29,0,8,72,66
COOK - C,4002,515,3469,1951,1426,0,0,0,0,16,10,18,0,10,18,1433,2823,166,2651,1585,991,2,0,0,0,0,6,22,0,6,22,987
COOK - DB,4067,224,3835,2880,781,0,0,0,72,66,0,0,0,0,0,853,2970,170,2791,2164,548,0,0,0,75,4,0,0,0,0,0,553
COOK - EP,624,6,624,37,612,0,0,0,0,0,0,0,0,0,0,613,511,3,508,36,486,3,0,0,0,0,0,0,0,5,0,488
COOK - L,1845,59,1784,1473,272,0,1,0,0,0,34,0,0,30,0,270,1567,47,1519,1209,272,0,0,0,0,0,43,4,0,39,4,269
COOK - M,1252,40,1214,894,262,0,0,0,0,0,17,0,0,20,0,272,1000,17,993,767,199,0,0,0,0,0,8,0,0,11,0,204
COOK - NL,1733,0,1751,1602,63,0,0,0,0,91,0,8,0,0,8,155,1167,0,1180,1126,55,0,0,0,0,0,0,8,0,0,8,56
COOK - RB,1710,47,1671,1407,187,0,12,0,0,1,10,0,0,10,15,205,1262,19,1249,1076,139,0,0,0,0,3,11,0,0,11,0,145
COOK - S,1959,160,1793,590,1337,0,7,0,0,4,0,0,0,1,5,1317,1428,65,1350,520,877,0,0,0,0,2,0,0,0,1,0,874
COWETA - 1,9068,401,8670,7021,1118,0,0,0,0,340,184,42,0,184,41,1448,6902,271,6630,5430,937,0,0,0,0,76,143,39,0,143,39,1014
COWETA - 10,3798,232,3567,3251,249,6,0,0,12,0,30,2,0,37,3,238,2598,149,2446,2246,166,5,0,0,0,0,21,0,0,27,0,165
COWETA - 11,4138,101,4036,3477,371,0,0,0,95,58,1,56,0,1,59,426,3422,63,3352,2896,312,0,0,0,97,58,3,0,0,3,10,368
COWETA - 12,4625,310,4317,3772,318,0,0,0,4,157,52,19,4,55,16,479,3480,248,3235,2764,311,0,7,0,6,102,41,6,0,41,11,414
COWETA - 13,3764,306,3465,2951,366,11,28,0,32,35,22,0,11,43,30,411,3099,286,2813,2409,309,8,32,0,0,29,24,0,18,48,30,357
COWETA - 14,6249,183,6057,4814,1015,7,69,0,32,45,36,0,0,44,68,1101,4771,140,4636,3630,873,7,65,0,0,16,22,0,0,30,65,902
COWETA - 15,3646,277,3366,2170,1164,0,0,0,0,42,15,0,0,14,0,1208,2642,87,2541,1793,747,0,0,0,0,0,15,0,0,14,0,746
COWETA - 16,2289,311,1970,1244,754,8,21,0,16,0,13,0,0,19,21,762,1581,321,1267,725,541,0,19,0,0,0,4,0,0,4,19,551
COWETA - 17,4507,322,4202,1478,2411,12,63,0,12,106,75,4,0,90,66,2514,3703,296,3405,1301,1928,8,39,0,10,64,63,2,0,71,41,1985
COWETA - 18,17766,1371,16491,11737,3767,0,595,0,16,246,43,76,0,43,672,4014,13149,883,12325,8909,2735,0,435,0,0,137,49,41,0,49,477,2875
COWETA - 19,5589,601,4949,2458,2014,0,65,0,23,516,18,8,0,18,71,2510,4008,410,3565,2104,1254,0,55,0,25,112,15,10,0,16,65,1385
COWETA - 2,4141,74,4071,3655,248,0,8,0,0,117,40,7,0,38,10,347,3151,71,3087,2811,210,0,9,0,0,0,37,0,0,36,13,216
COWETA - 20,3121,146,2973,2598,351,0,0,0,0,0,15,32,0,15,32,347,2353,86,2269,1893,351,0,0,0,0,0,16,30,0,16,30,351
COWETA - 21,5954,431,5427,4215,746,0,57,0,0,99,22,299,0,22,355,844,4789,280,4450,3535,607,0,52,0,0,0,27,248,0,27,299,604
COWETA - 22,6198,334,5909,4503,1090,8,152,0,27,51,46,55,0,65,216,1141,4318,126,4213,3200,816,0,111,0,2,43,34,12,0,43,122,870
COWETA - 23,4974,397,4581,4195,266,0,17,0,10,16,0,80,0,0,97,283,3955,246,3708,3453,174,0,14,0,12,18,0,41,0,0,57,191
COWETA - 24,681,61,630,256,296,0,0,0,0,13,2,0,0,2,0,302,542,14,531,230,237,0,0,0,0,11,3,0,0,4,0,243
COWETA - 25,3607,297,3324,2320,726,0,16,0,0,47,5,4,0,5,21,816,2475,221,2267,1774,408,0,16,0,0,0,6,7,0,6,22,401
COWETA - 26,5761,660,5126,4411,673,0,32,0,0,40,19,37,0,18,72,707,4572,447,4132,3534,590,0,22,0,0,6,9,39,0,8,64,592
COWETA - 27,2006,31,1961,1646,250,0,3,0,53,0,6,0,0,6,4,247,1562,29,1533,1271,231,0,2,0,30,0,6,0,0,6,3,231
COWETA - 28,11992,918,11070,6249,3906,0,419,0,53,368,62,21,0,60,444,4261,9385,430,8963,5580,2835,0,257,0,55,191,54,15,0,53,274,3014
COWETA - 3,2446,72,2399,2125,245,0,23,0,0,0,3,56,0,4,90,246,2101,56,2072,1832,235,0,22,0,0,0,0,0,0,0,43,236
COWETA - 4,1269,103,1144,993,53,0,0,0,0,0,0,56,0,0,42,55,1035,84,935,837,59,0,0,0,0,0,0,48,0,0,17,61
COWETA - 5,5670,448,5221,2267,2651,0,3,0,0,11,0,250,0,0,252,2662,4378,260,4125,1824,2153,0,4,0,0,11,0,94,0,0,98,2166
COWETA - 6,5779,418,5372,4895,239,0,50,0,0,184,30,0,0,30,50,409,4718,348,4366,3976,212,0,48,0,0,114,29,5,0,29,52,311
COWETA - 7,6749,600,6097,5054,539,0,236,0,40,57,77,11,0,68,234,590,4810,353,4446,3656,385,0,237,0,0,39,60,15,0,52,247,415
COWETA - 8,7429,495,6925,6139,622,0,162,0,4,5,8,0,0,9,165,627,5876,314,5550,5019,401,0,126,0,1,0,8,0,0,8,128,401
COWETA - 9,4105,107,3994,3152,438,0,67,0,0,239,35,34,0,36,104,698,3215,69,3140,2605,397,0,49,0,0,31,33,14,0,34,61,425
CRAWFORD - 1A,966,68,903,668,216,4,0,0,0,0,1,0,0,7,0,211,791,46,744,523,212,0,0,0,0,0,1,0,0,2,0,208
CRAWFORD - 1B,1482,9,1471,713,665,2,3,0,58,6,3,0,0,20,2,656,1231,4,1232,602,624,0,2,0,17,0,3,0,0,6,2,606
CRAWFORD - 2,2206,16,2191,1125,977,3,0,0,0,43,30,0,0,33,0,1031,1656,0,1662,895,729,0,0,0,0,0,20,0,7,27,0,746
CRAWFORD - 3,2516,46,2454,2116,254,44,3,0,6,4,4,17,0,35,20,266,2098,31,2052,1797,200,13,2,0,0,0,9,0,0,19,2,211
CRAWFORD - 4,2327,120,2211,2049,135,0,0,0,0,18,6,0,0,6,0,159,1733,13,1717,1622,85,0,0,0,0,0,7,0,0,7,0,87
CRAWFORD - 5,2624,105,2527,2167,321,29,11,0,6,0,6,44,0,31,56,316,2045,96,1957,1660,269,8,11,0,7,0,1,38,0,8,49,268
CRISP - ARABI,1312,74,1245,981,121,0,50,0,0,42,46,9,0,45,62,157,1058,49,1012,831,112,0,41,1,0,0,15,2,0,16,46,114
CRISP - CONEY,1065,0,1069,1085,48,0,0,0,0,0,0,0,0,0,0,48,872,0,873,858,49,0,0,0,0,0,4,0,0,4,0,49
CRISP - CORDE,14587,541,14060,5230,8437,18,15,0,4,156,33,92,5,58,96,8592,10838,343,10507,4445,5867,11,10,2,0,108,31,6,0,41,5,5971
CRISP - JAMES,1164,0,1168,1058,92,0,0,0,5,0,0,23,0,0,23,95,987,0,988,909,74,0,0,0,0,0,0,9,0,0,10,74
CRISP - LISTO,1405,6,1370,1273,44,0,16,0,0,0,22,7,0,21,31,53,1071,6,1048,968,41,0,17,2,0,0,11,4,0,11,28,43
DADE - 1038,1036,27,1007,999,6,0,0,0,0,0,4,0,1,5,0,8,939,24,917,912,6,0,0,0,0,0,4,0,0,4,0,6
DADE - 1214,1506,40,1467,1424,0,0,0,0,0,15,24,0,0,24,0,15,1129,38,1091,1062,0,0,0,0,5,9,8,4,0,8,4,10
DADE - 1222,3122,14,3103,2859,6,0,0,0,0,176,56,9,0,56,9,187,2474,10,2461,2381,6,0,0,0,0,19,59,0,0,60,0,33
DADE - 1885,1063,0,1068,1028,0,0,0,5,0,15,17,0,0,17,0,10,778,0,781,758,0,0,0,0,0,8,11,0,0,10,0,0
DADE - 1889,2354,200,2153,2112,21,0,8,0,0,0,16,0,0,16,8,21,2137,138,1999,1955,24,0,4,0,0,1,18,0,0,18,4,24
DADE - 960,4168,133,4038,3851,39,0,131,0,0,5,38,0,6,44,132,49,3184,100,3083,2953,37,0,72,0,0,0,34,0,0,34,74,35
DADE - 974,2776,3,2772,2603,88,0,12,0,0,8,12,14,0,12,25,96,2155,10,2144,2049,53,0,13,0,0,0,11,0,0,11,11,55
DAWSON - 1,3135,55,3083,3032,0,0,0,0,0,10,19,0,0,19,0,10,2846,40,2807,2769,0,0,0,0,0,0,15,0,0,14,0,0
DAWSON - 2,13582,323,13254,12539,250,0,107,0,14,102,95,145,0,98,232,373,10507,199,10313,9809,134,7,106,0,13,85,89,59,0,96,168,234
DAWSON - 3,12661,1279,11384,10852,255,5,82,0,0,19,147,48,0,149,150,253,10047,757,9284,8867,218,0,70,0,0,20,121,22,0,122,89,223
DECATUR - 1277,855,69,794,547,240,8,0,0,0,5,22,0,0,28,0,249,671,0,666,462,207,6,0,0,0,0,9,0,0,14,0,206
DECATUR - 1325,1018,70,943,771,167,0,0,0,0,11,7,0,0,7,0,178,845,34,814,706,113,0,0,0,0,7,0,0,0,0,0,120
DECATUR - 1342,868,55,819,615,195,0,0,0,0,0,0,0,0,2,0,196,638,50,595,463,123,0,0,0,0,6,0,0,0,2,0,126
DECATUR - 1361,1343,76,1278,1143,145,0,0,0,0,0,9,0,0,10,0,146,964,21,935,777,150,0,0,0,0,0,4,0,0,6,0,152
DECATUR - 1613,1729,6,1719,1274,422,0,0,0,2,20,17,0,0,15,0,441,1377,7,1371,999,332,0,0,0,0,13,17,0,0,15,0,354
DECATUR - 1805,4431,39,4387,2753,1565,0,0,0,8,32,0,0,0,0,0,1597,3371,37,3325,1877,1403,0,0,0,5,36,6,0,0,6,0,1433
DECATUR - 513,10283,715,9572,4629,4609,7,58,0,3,198,57,0,33,94,58,4841,7883,375,7510,3889,3394,5,55,0,3,110,48,5,29,79,60,3532
DECATUR - 514,5423,33,5371,1657,3530,0,152,0,0,0,9,0,0,13,152,3527,3635,22,3628,1466,1979,0,157,0,5,0,4,0,0,7,157,1982
DECATUR - 694,2519,274,2249,796,1364,0,0,0,0,25,20,0,7,27,0,1393,2003,109,1888,666,1158,0,0,0,0,18,20,0,0,19,0,1173
DEKALB - AA,3666,104,3562,343,3108,0,107,4,0,0,0,0,0,0,107,3108,2732,74,2658,338,2224,0,96,0,0,0,0,0,0,0,96,2224
DEKALB - AB,2959,231,2732,2447,158,0,43,0,13,31,2,96,4,6,108,175,1934,103,1839,1698,67,0,38,0,15,9,3,48,0,2,58,73
DEKALB - AD,3591,12,3579,3124,100,0,62,0,0,0,0,330,0,0,374,92,2578,15,2566,2426,90,0,44,0,0,0,0,32,0,0,79,87
DEKALB - AE,2815,25,2783,2509,285,0,26,0,31,6,6,58,0,6,70,297,2268,10,2251,1971,293,0,22,0,29,4,5,5,0,5,32,300
DEKALB - AF,2440,43,2400,237,2033,0,12,0,11,56,0,19,22,22,28,2111,2161,41,2125,206,1795,0,11,0,10,55,0,22,19,19,30,1867
DEKALB - AG,4200,170,4036,3087,216,0,420,0,11,37,19,202,0,19,635,252,3000,97,2925,2234,215,0,328,0,7,19,16,56,0,16,378,235
DEKALB - AH,5387,510,4885,2820,1533,0,521,0,52,13,23,29,0,23,532,1538,4380,417,3962,2487,1055,0,464,0,50,8,25,11,0,25,474,1057
DEKALB - AI,4369,215,4152,3034,886,0,148,0,29,7,0,75,0,0,237,891,3548,104,3442,2499,762,0,149,0,36,9,0,24,0,0,172,770
DEKALB - BB,5826,696,5132,3380,1267,0,124,0,131,105,20,96,10,30,221,1385,4495,570,3928,2567,1130,0,120,0,49,18,16,15,14,30,135,1162
DEKALB - BC,3392,502,2891,2052,259,0,394,0,21,42,38,63,0,38,470,301,2746,383,2359,1692,201,0,330,0,20,20,33,23,0,33,380,221
DEKALB - BD,2072,73,1995,1737,82,0,132,0,0,0,24,34,0,16,166,86,1600,66,1529,1270,83,0,139,0,0,0,24,17,0,24,157,87
DEKALB - BE,3983,1163,2521,1476,574,0,319,0,9,0,23,41,49,72,408,621,2635,286,2190,1268,472,0,316,0,5,0,27,37,47,74,358,529
DEKALB - BF,3310,394,2913,1335,1340,0,81,0,25,98,0,6,0,0,88,1460,2655,244,2410,1177,1095,0,70,0,22,27,0,9,0,0,75,1118
DEKALB - BG,3417,32,3394,2756,394,0,154,0,0,52,0,49,0,0,203,446,2572,33,2540,1991,383,0,113,0,4,0,0,46,0,0,159,383
DEKALB - BH,2999,474,2527,1285,867,0,337,0,2,14,6,29,0,4,363,882,2546,237,2307,1160,832,0,302,0,2,14,1,14,0,1,313,849
DEKALB - BI,5805,270,5588,4131,1158,0,146,0,0,0,0,127,0,0,281,1185,4611,191,4441,3326,936,0,141,0,0,0,0,27,0,0,191,933
DEKALB - BJ,4528,54,4472,206,3867,10,69,0,207,35,4,0,87,100,69,3971,3161,30,3124,152,2833,0,68,0,7,12,0,2,38,38,68,2884
DEKALB - BL,1988,18,1976,8,1942,0,0,0,0,5,0,0,0,0,0,1952,1410,4,1406,8,1373,0,0,0,0,0,0,0,0,0,0,1380
DEKALB - BM,5842,60,5782,196,5310,6,122,0,0,97,0,28,23,29,150,5430,4484,59,4425,190,4036,0,107,0,0,42,0,30,20,20,137,4098
DEKALB - BR,3601,67,3536,1837,1369,0,200,0,29,33,5,64,4,11,262,1414,2800,50,2753,1571,893,0,197,0,22,28,9,22,7,19,224,940
DEKALB - CA,2081,116,1965,285,1622,0,0,0,18,6,0,0,34,34,0,1664,1873,95,1759,298,1431,0,0,0,17,2,0,0,21,19,2,1449
DEKALB - CB,1710,39,1667,42,1625,0,0,0,0,0,0,0,0,0,5,1632,1262,10,1253,39,1208,0,0,0,0,0,0,0,0,0,0,1213
DEKALB - CC,1202,32,1175,289,872,4,0,0,0,2,4,0,0,9,0,876,1115,32,1089,246,832,0,0,0,0,2,0,0,0,0,0,837
DEKALB - CD,5667,178,5475,204,5053,0,0,0,159,26,0,0,3,3,0,5072,3949,45,3894,207,3667,0,0,0,23,0,0,0,0,0,0,3663
DEKALB - CE,9060,2786,6215,4101,1383,56,314,0,21,131,88,100,0,145,411,1509,6279,948,5267,3362,1324,55,275,0,18,104,63,28,0,120,304,1430
DEKALB - CF,5130,47,5045,610,3957,0,139,0,24,239,27,0,26,53,139,4203,3937,10,3869,608,3000,0,134,0,18,52,8,0,27,35,134,3062
DEKALB - CG,3545,10,3532,179,3337,0,0,0,0,0,19,0,0,19,0,3335,3205,10,3191,143,3042,0,0,0,0,0,13,0,0,13,0,3040
DEKALB - CH,3908,379,3507,1709,1413,0,468,0,0,0,0,3,0,0,463,1401,3103,171,2914,1445,1113,0,396,0,0,0,0,1,0,0,394,1106
DEKALB - CI,3849,314,3524,2906,251,31,120,0,22,72,87,61,30,147,182,354,2728,253,2467,2090,211,5,61,0,24,31,62,12,28,106,69,265
DEKALB - CJ,3557,180,3369,2014,1107,0,190,4,14,0,7,33,0,7,227,1108,3195,161,3027,1850,967,0,165,0,0,0,12,33,0,12,202,970
DEKALB - CK,7414,194,7209,850,4828,0,899,0,120,78,13,85,134,138,1025,5025,4336,74,4263,684,2875,0,403,0,50,21,15,50,40,47,474,2936
DEKALB - CL,1644,18,1621,231,1378,0,9,0,33,0,0,0,0,0,9,1376,1443,15,1421,231,1208,0,10,0,7,0,0,0,0,0,10,1207
DEKALB - CM,2494,48,2458,32,2416,0,0,0,0,0,0,0,0,0,0,2425,1936,4,1938,24,1905,0,0,0,0,0,0,0,0,0,0,1913
DEKALB - CN,4978,337,4645,2559,1699,0,227,0,57,50,0,18,6,5,251,1754,4013,247,3771,2308,1177,0,222,0,0,9,0,25,5,7,252,1190
DEKALB - CO,4059,1035,3021,1797,930,36,279,0,3,15,5,17,0,40,286,941,2784,496,2282,1697,332,0,226,0,1,13,0,10,2,4,231,345
DEKALB - CP,4029,168,3864,106,3651,0,15,0,0,78,0,0,0,0,14,3729,3261,109,3143,99,3018,0,18,0,0,0,0,0,0,0,17,3015
DEKALB - CQ,3446,134,3319,1092,2063,9,11,0,18,113,7,30,0,13,39,2175,2982,70,2914,944,1845,6,8,0,21,80,7,20,0,12,29,1928
DEKALB - CR,2339,10,2339,115,2178,7,0,0,0,5,0,0,0,7,0,2186,1551,4,1553,100,1391,8,0,0,0,9,0,0,0,8,0,1401
DEKALB - CS,5716,339,5396,386,5009,0,0,0,5,6,0,4,0,0,6,5007,4237,98,4152,260,3910,0,0,0,3,0,0,5,0,0,0,3901
DEKALB - CT,611,28,581,44,485,0,0,0,0,54,0,0,0,0,0,539,514,27,486,40,427,0,0,0,0,21,0,0,0,0,0,448
DEKALB - CU,2586,82,2512,1025,1060,15,300,0,11,70,0,10,5,20,311,1131,2103,58,2052,882,955,14,104,0,10,71,0,11,0,14,112,1023
DEKALB - CV,3723,121,3618,2975,157,0,151,0,0,32,22,126,0,32,280,194,2892,80,2829,2310,154,0,150,3,0,21,10,12,3,23,155,182
DEKALB - CW,4073,227,3838,2698,622,0,324,0,18,0,33,141,4,39,464,625,3081,150,2934,2224,402,0,262,0,16,0,18,30,4,25,288,402
DEKALB - DA,5430,2161,3209,1255,765,0,1106,0,0,82,0,29,0,0,1128,820,3439,813,2534,1060,587,0,822,0,0,63,0,30,0,0,846,635
DEKALB - DB,1592,636,958,458,82,0,337,0,0,60,0,18,0,0,362,135,1191,341,848,423,79,0,318,0,0,0,8,4,0,8,324,80
DEKALB - DC,5293,1218,4116,2021,1632,0,365,0,61,0,67,0,7,74,365,1637,3869,484,3435,1812,1355,6,152,0,62,0,64,0,12,82,151,1367
DEKALB - DE,3674,230,3444,461,2827,0,156,0,1,0,0,2,0,0,158,2829,2933,29,2904,445,2348,4,101,0,1,0,0,3,0,4,105,2348
DEKALB - DF,4956,214,4732,2327,1319,0,666,0,6,159,0,178,10,24,845,1667,3942,196,3738,1992,1087,0,468,0,7,88,0,53,10,24,523,1234
DEKALB - DG,2123,19,2107,1797,0,0,212,0,31,15,0,35,0,0,247,15,1635,16,1619,1432,0,4,121,0,32,14,0,0,0,4,128,14
DEKALB - DH,4279,173,4109,2525,1062,14,277,0,6,34,11,52,0,13,326,1097,3969,137,3835,2292,1048,14,266,0,6,36,16,39,1,16,301,1084
DEKALB - DI,2995,57,2935,2735,40,0,110,0,0,11,0,55,0,0,166,65,2157,12,2144,1993,34,0,90,0,0,12,0,8,0,0,93,54
DEKALB - EA,5658,223,5426,1924,3293,20,18,0,0,48,52,75,0,71,92,3328,4026,96,3922,1515,2293,18,13,0,0,0,31,26,0,50,39,2290
DEKALB - EC,3265,777,2448,1046,816,2,489,0,6,35,10,25,0,14,529,839,2567,449,2105,910,741,2,395,0,4,32,4,14,0,6,411,768
DEKALB - EE,5715,334,5375,4623,285,0,230,0,8,73,18,130,0,18,361,361,4225,165,4052,3520,281,0,171,0,6,15,18,41,0,18,214,295
DEKALB - EF,4144,958,3321,1824,1088,0,235,17,31,0,17,78,0,17,307,1083,2964,324,2782,1518,982,3,198,23,27,0,14,29,0,19,212,979
DEKALB - EG,4154,329,3850,3181,238,0,243,0,0,84,16,73,0,16,323,320,3488,101,3406,2831,224,0,215,0,0,64,21,40,0,21,261,286
DEKALB - ER,3224,144,3088,2023,687,8,365,0,24,4,11,39,0,31,398,691,3145,134,3020,1995,667,8,353,0,24,0,10,37,0,32,386,666
DEKALB - FA,6059,330,5729,159,5170,9,0,0,114,251,0,0,26,35,0,5447,4179,79,4100,150,3771,0,0,0,35,119,0,0,25,25,0,3915
DEKALB - FB,2543,156,2381,2132,18,4,97,32,0,44,8,64,0,11,158,60,1970,101,1863,1695,9,0,94,28,0,9,8,30,0,8,123,20
DEKALB - FC,2069,65,2004,230,1664,0,0,0,0,108,0,0,0,0,0,1773,1704,65,1639,183,1429,0,0,0,0,25,0,0,0,0,0,1455
DEKALB - FE,3719,229,3493,261,3208,0,0,0,0,0,0,0,21,21,0,3231,3101,11,3094,255,2812,0,0,0,0,0,0,0,20,20,0,2834
DEKALB - FG,5264,651,4652,41,4464,0,0,0,76,37,0,0,27,28,0,4545,3752,468,3341,40,3176,0,4,0,36,44,0,0,28,28,4,3267
DEKALB - FJ,2175,0,2175,62,2091,0,0,0,0,24,0,0,0,0,0,2114,1836,6,1830,61,1747,0,0,0,0,24,0,0,0,0,0,1770
DEKALB - FK,2876,90,2767,59,2595,0,54,2,46,15,0,0,0,0,54,2615,2127,64,2049,40,1942,0,62,0,0,12,0,0,0,0,62,1954
DEKALB - FL,3319,91,3232,57,2967,0,11,0,15,79,0,0,11,9,11,3149,2380,45,2333,39,2097,0,12,0,8,111,0,0,14,11,12,2273
DEKALB - FM,3892,354,3530,630,2624,0,39,0,177,32,8,9,11,20,51,2731,2969,237,2732,444,2168,0,19,0,10,43,7,9,11,18,31,2255
DEKALB - GA,3076,91,2980,2204,519,0,147,0,11,35,27,24,11,42,174,552,2702,76,2621,1933,465,0,142,0,10,12,9,13,11,12,154,487
DEKALB - GB,2705,65,2615,171,2138,0,190,0,0,86,0,0,0,0,190,2232,2086,26,2050,175,1625,0,144,0,0,85,0,0,0,0,144,1713
DEKALB - GC,3757,252,3503,874,2371,16,38,0,18,176,4,4,0,15,42,2546,3140,102,3033,806,2015,12,35,4,18,139,0,0,0,8,35,2153
DEKALB - GD,5614,103,5522,2949,1973,0,394,0,26,202,0,10,31,17,405,2024,4181,101,4089,2372,1314,0,338,0,26,17,4,15,33,23,352,1315
DEKALB - GF,2138,19,2144,208,1862,0,54,0,47,0,0,0,0,0,57,1853,1798,20,1788,209,1498,0,51,0,49,0,0,0,0,0,54,1497
DEKALB - HA,5476,13,5463,453,4481,0,449,0,19,0,0,10,51,51,459,4532,3777,0,3777,445,3010,0,252,0,11,0,0,9,50,50,261,3060
DEKALB - HB,6872,1112,5725,2803,2450,0,306,0,209,50,14,36,0,14,325,2503,5196,412,4761,2260,2174,6,289,2,72,17,11,40,5,22,306,2199
DEKALB - HC,4041,158,3871,2232,1122,0,381,0,27,53,0,33,0,0,413,1179,3414,131,3277,1939,928,0,325,0,26,21,0,12,0,0,337,949
DEKALB - HF,4297,812,3527,1458,858,0,867,0,23,24,79,94,0,78,962,912,3098,326,2864,1290,699,4,721,0,20,12,49,12,4,56,735,718
DEKALB - HG,1932,111,1822,970,708,0,50,0,0,83,15,19,0,15,68,766,1491,89,1404,827,509,0,47,0,0,0,13,4,0,13,54,511
DEKALB - HH,4028,61,3928,98,3791,0,0,0,19,18,0,4,0,0,2,3823,3034,60,2948,97,2824,0,0,0,17,18,0,5,0,0,10,2847
DEKALB - HI,3742,158,3583,1732,1304,0,209,0,44,210,25,49,0,25,258,1515,3562,166,3395,1594,1303,0,152,4,48,212,22,54,0,22,206,1515
DEKALB - IA,3579,210,3361,814,2426,0,70,0,0,8,0,13,0,0,83,2434,3209,98,3112,761,2282,0,56,0,0,0,0,0,0,0,56,2281
DEKALB - IB,5051,384,4707,545,2687,5,1287,0,10,47,19,115,0,34,1378,2733,3006,95,2918,405,1703,0,686,0,17,37,22,47,0,33,722,1744
DEKALB - JA,1578,178,1367,1260,1,0,67,0,0,0,0,60,0,0,119,4,948,53,878,826,1,0,42,0,7,0,0,20,0,0,55,3
DEKALB - JB,4038,114,3917,602,3280,0,95,0,0,13,1,19,34,34,116,3347,2614,98,2518,576,1920,0,65,0,0,2,2,8,39,38,71,1957
DEKALB - KA,3291,86,3205,411,2744,0,0,0,40,0,7,5,0,6,5,2743,2622,29,2593,410,2136,0,0,0,40,0,7,0,0,5,0,2135
DEKALB - KB,2944,78,2865,2610,56,0,141,0,0,21,13,0,0,15,132,88,2268,47,2213,2030,29,0,107,0,0,26,8,0,0,8,110,57
DEKALB - KC,1153,4,1149,175,901,19,0,0,0,54,0,0,0,19,0,955,1047,0,1047,166,839,15,0,0,0,27,0,0,0,15,0,866
DEKALB - KD,5890,96,5812,13,5679,0,40,2,53,0,0,0,0,0,40,5693,4866,92,4788,6,4701,0,31,0,24,21,0,2,0,0,35,4722
DEKALB - KE,1806,54,1745,665,956,2,0,0,30,13,9,16,0,15,17,970,1606,50,1553,604,827,0,0,0,37,17,14,14,0,14,18,842
DEKALB - KF,3512,174,3342,1854,993,0,517,0,18,8,0,11,0,0,531,983,2723,112,2610,1569,644,0,424,0,5,0,0,8,0,0,428,643
DEKALB - LA,3464,397,3076,2524,189,0,164,0,0,16,6,17,0,14,184,194,2442,146,2296,1931,95,0,128,0,0,10,8,29,0,8,162,97
DEKALB - LB,2985,138,2840,2090,530,0,170,0,0,40,7,23,0,7,196,569,2629,129,2495,1792,536,0,171,6,0,10,13,13,0,13,186,535
DEKALB - LC,3012,133,2885,1666,1077,0,85,0,25,14,0,57,0,0,130,1090,2277,100,2182,1168,919,0,41,0,30,12,0,60,0,0,74,931
DEKALB - LD,2671,162,2490,73,2286,0,0,0,2,29,0,24,0,3,24,2368,1860,81,1791,73,1616,0,0,0,0,26,0,0,0,3,0,1692
DEKALB - LE,3116,201,2922,2448,240,0,157,0,0,38,28,20,0,28,178,275,2649,136,2523,2145,187,0,128,0,0,37,26,0,0,26,128,223
DEKALB - LH,4463,26,4437,88,4300,0,0,0,0,49,0,0,0,0,0,4349,3421,25,3396,83,3313,0,0,0,0,0,0,0,0,0,0,3313
DEKALB - LV,1288,73,1210,925,83,0,153,2,11,4,3,0,0,3,155,99,1023,33,980,733,57,0,151,2,4,0,3,0,0,3,149,63
DEKALB - MA,3700,190,3507,175,3095,0,0,229,3,0,0,0,0,0,0,3096,2730,110,2618,168,2380,0,0,66,0,0,0,0,0,0,0,2382
DEKALB - MB,5298,702,4672,1577,2915,4,44,0,51,62,14,19,0,32,62,2964,4461,334,4151,1382,2596,0,48,0,43,62,14,19,5,31,64,2643
DEKALB - MC,6380,67,6314,5,6281,0,0,0,22,0,0,0,0,0,0,6280,4867,66,4802,12,4766,0,0,0,21,0,0,0,0,0,0,4766
DEKALB - MD,2112,58,2047,587,1324,0,41,0,4,14,20,25,24,44,58,1360,1865,27,1837,527,1183,0,36,1,0,5,20,21,25,47,54,1212
DEKALB - ME,3677,904,2783,1336,866,0,273,0,0,178,38,0,0,61,270,1085,2386,123,2272,1194,660,0,246,0,0,110,40,0,0,50,243,775
DEKALB - MF,3018,53,2959,6,2954,0,0,0,1,0,0,0,0,0,0,2949,2365,15,2348,3,2348,0,0,0,1,0,0,0,0,0,0,2343
DEKALB - MG,2309,222,2096,1801,158,0,52,0,0,19,20,37,0,20,88,174,1854,104,1753,1524,160,0,54,0,0,0,3,9,0,3,65,162
DEKALB - MH,2699,84,2644,2089,264,0,158,21,71,2,6,0,0,7,156,265,2257,53,2221,1700,258,0,162,20,19,0,5,0,0,5,163,254
DEKALB - MI,5741,90,5651,83,4761,25,0,0,0,777,0,0,5,30,0,5543,4279,86,4193,55,3480,20,0,0,0,638,0,0,0,20,0,4118
DEKALB - MJ,4355,1116,3160,1507,1332,0,153,5,47,70,11,36,0,11,189,1402,3283,580,2618,1349,1064,0,144,0,0,24,6,27,0,11,171,1089
DEKALB - MK,2244,113,2137,973,764,0,192,0,0,129,2,36,0,1,222,897,1963,54,1911,946,700,0,189,0,0,0,0,10,0,0,195,699
DEKALB - ML,3875,540,3258,772,2095,71,7,0,150,122,0,0,27,89,7,2254,3035,129,2888,755,1795,51,7,0,155,96,0,0,21,64,7,1930
DEKALB - MM,5996,9,5975,968,3934,25,903,0,23,105,0,55,15,41,938,4053,4172,8,4161,694,2644,26,675,0,12,85,0,25,19,46,692,2752
DEKALB - MN,2329,94,2240,189,1770,0,129,0,18,0,0,5,9,8,138,1777,1638,50,1591,166,1208,0,107,0,19,0,0,0,11,10,103,1215
DEKALB - MO,2698,65,2635,865,1486,8,41,0,0,68,0,9,34,42,49,1586,2305,47,2262,810,1226,6,33,0,1,59,0,8,30,36,39,1314
DEKALB - MP,2159,71,2098,708,1309,9,19,0,0,3,15,35,3,28,60,1319,1651,39,1614,603,935,7,24,3,0,2,20,36,0,27,61,938
DEKALB - MQ,3590,148,3432,3019,84,0,248,0,7,5,28,49,0,28,313,92,2505,50,2451,2151,38,0,198,0,6,0,22,41,0,21,230,49
DEKALB - MR,3218,19,3206,86,3035,0,0,0,27,20,0,0,0,0,0,3090,2629,11,2627,90,2482,0,0,0,24,0,0,0,0,0,0,2511
DEKALB - MS,3114,43,3072,2478,132,0,425,0,0,6,7,7,0,7,431,137,2167,30,2139,1730,126,0,256,0,0,4,7,5,0,8,264,127
DEKALB - MT,3290,196,3088,1742,1022,0,152,0,121,25,2,28,20,21,176,1063,2739,110,2620,1399,947,0,144,0,114,28,2,1,15,12,138,982
DEKALB - MU,5274,266,5000,3933,466,4,404,0,152,24,5,58,0,9,462,494,3750,201,3547,2965,244,0,306,0,15,11,0,19,0,0,328,255
DEKALB - MV,2835,120,2714,127,2430,0,0,0,0,152,0,0,0,0,0,2580,2239,78,2160,70,1981,0,0,0,0,102,0,0,0,0,0,2083
DEKALB - MW,3751,106,3634,1637,1483,0,407,3,6,40,45,9,9,54,435,1540,2955,59,2916,1367,1162,3,342,3,3,40,10,0,13,24,352,1218
DEKALB - MZ,4131,124,4007,41,3881,11,48,0,0,22,4,0,0,15,48,3903,3443,53,3390,39,3275,9,51,0,0,16,0,0,0,9,51,3291
DEKALB - NB,3704,44,3653,1543,1626,0,376,9,0,104,23,8,0,23,382,1726,3252,45,3200,1407,1347,13,341,14,0,47,25,4,0,38,352,1393
DEKALB - NC,4081,229,3852,426,2676,0,686,0,0,64,0,0,0,0,686,2740,2957,142,2815,372,1797,0,581,0,0,65,0,0,0,0,581,1862
DEKALB - ND,1465,23,1447,1184,96,0,137,0,0,28,13,26,0,7,163,126,1198,14,1187,1000,79,0,133,0,0,8,11,0,0,6,133,87
DEKALB - NF,5141,2657,2497,1127,488,0,690,0,0,4,15,173,0,15,862,492,2778,849,1931,934,493,0,429,0,0,0,13,64,0,13,493,493
DEKALB - OA,2380,91,2290,1931,7,0,240,0,9,0,3,33,0,4,280,7,1752,47,1704,1508,8,0,127,0,6,0,0,5,0,0,134,8
DEKALB - OB,3395,1802,1607,389,308,0,773,0,0,35,0,81,0,0,854,379,2161,887,1281,367,252,0,580,0,0,11,0,66,0,0,648,277
DEKALB - OK,3973,376,3601,2496,706,0,134,0,44,36,27,117,29,56,257,762,2559,190,2350,1658,555,0,91,0,14,3,8,28,0,8,118,555
DEKALB - OV,5366,46,5346,151,5054,1,0,0,153,18,5,0,1,7,0,5072,3924,0,3948,144,3759,0,0,0,0,20,10,0,0,10,0,3780
DEKALB - PA,3535,248,3286,604,2421,0,13,0,0,266,0,0,0,0,13,2689,2853,149,2698,531,1978,0,15,0,0,189,0,0,0,0,15,2168
DEKALB - PB,5212,565,4675,1757,2209,0,506,9,0,142,9,48,0,9,550,2357,4282,303,4001,1554,1884,0,455,0,0,104,8,15,0,8,472,1994
DEKALB - PC,3992,10,3981,284,3596,0,0,0,2,88,6,0,9,7,0,3691,2529,8,2517,192,2275,0,0,0,3,49,0,0,9,7,0,2323
DEKALB - PE,483,7,464,637,82,1,5,0,1,11,0,9,0,1,11,89,408,8,397,602,55,0,5,0,3,3,0,0,0,0,12,55
DEKALB - PF,6687,1770,4966,1153,3540,3,87,0,51,45,0,108,21,22,177,3606,4751,696,4080,1009,2850,2,67,0,49,51,0,50,19,21,117,2922
DEKALB - PG,3340,792,2517,1548,852,0,41,1,22,63,0,93,22,13,127,935,2165,191,1964,1264,702,0,33,3,5,49,0,29,21,12,67,771
DEKALB - PH,2216,128,2072,116,1823,0,36,0,5,0,0,24,42,44,74,1880,1527,82,1431,115,1269,0,39,0,4,0,0,0,16,16,39,1280
DEKALB - PI,2977,261,2720,82,2554,0,14,0,0,54,0,14,0,0,28,2611,2091,135,1952,82,1803,0,15,0,0,45,0,0,0,0,15,1851
DEKALB - PN,2995,158,2844,833,1726,0,27,0,0,2,6,23,199,205,47,1934,2289,135,2163,788,1246,0,19,0,0,2,7,21,69,76,37,1319
DEKALB - PR,2765,259,2506,42,2415,0,0,0,0,41,0,0,8,8,0,2464,2308,133,2175,45,2079,0,0,0,0,38,0,4,9,9,4,2126
DEKALB - RA,4251,3,4219,185,3712,0,122,0,0,255,0,0,88,90,122,3920,3098,0,3086,127,2625,0,120,0,0,223,0,0,84,87,120,2845
DEKALB - RC,3008,244,2785,41,2585,0,0,0,13,10,0,0,135,134,0,2722,2424,145,2294,42,2181,0,0,4,12,11,0,0,28,28,0,2228
DEKALB - RD,3791,499,3281,2165,870,0,69,0,7,98,34,42,0,41,117,962,2764,197,2562,1834,604,0,76,0,8,17,33,12,0,38,92,622
DEKALB - RE,3937,126,3808,607,2759,3,57,4,75,120,7,8,0,10,67,2882,2799,22,2770,497,1888,0,58,0,73,53,0,9,0,0,68,1943
DEKALB - RF,4636,25,4607,191,4249,0,0,0,18,12,0,0,105,107,0,4373,3534,13,3521,162,3202,0,0,0,16,12,0,0,101,103,0,3322
DEKALB - RG,6107,511,5596,521,4665,0,89,0,71,92,23,11,128,151,97,4885,5255,516,4740,503,3854,0,70,0,70,91,23,10,122,145,77,4067
DEKALB - RH,5146,51,5093,37,5018,0,0,0,14,11,8,0,9,23,0,5032,4009,41,3968,41,3900,0,0,0,16,0,0,0,8,8,0,3910
DEKALB - RI,5243,479,4787,268,4306,0,74,0,101,11,0,0,24,24,74,4338,4112,248,3890,267,3503,0,44,0,40,13,5,0,24,29,44,3536
DEKALB - RJ,2463,141,2325,178,1761,4,290,0,2,55,0,0,31,35,293,1851,1876,6,1870,146,1386,0,236,0,0,55,0,0,34,34,239,1480
DEKALB - RK,3134,0,3133,160,2938,0,22,0,0,0,0,19,0,0,41,2939,2403,0,2402,154,2230,0,21,0,0,0,0,0,0,0,21,2230
DEKALB - RL,5609,368,5235,272,4894,0,0,0,3,87,0,23,31,31,23,4967,4187,127,4014,268,3679,0,0,0,0,86,0,0,33,33,0,3759
DEKALB - RM,3038,89,2950,471,2453,14,12,0,0,4,0,24,11,25,23,2466,2487,22,2477,398,2054,13,11,0,0,0,0,0,12,25,12,2068
DEKALB - RN,2197,244,1981,1459,353,10,82,0,36,11,63,25,0,44,105,371,1513,131,1403,1041,273,9,54,0,0,5,9,10,0,11,65,282
DEKALB - SA,3093,168,2925,2478,114,0,307,0,17,10,8,45,5,10,346,128,2439,97,2346,1975,99,0,259,0,16,0,3,18,7,7,278,112
DEKALB - SB,4097,555,3531,2710,317,0,429,0,0,45,12,22,0,12,452,365,3217,257,2956,2358,279,0,303,0,0,0,2,15,0,2,316,277
DEKALB - SC,5042,746,4296,1609,2023,0,456,0,0,85,60,63,0,60,519,2108,3450,200,3250,1355,1424,0,372,0,0,25,63,11,0,63,383,1449
DEKALB - SD,2635,179,2452,620,1731,0,9,0,8,0,36,3,0,64,13,1739,2241,25,2222,569,1563,0,5,0,7,0,13,0,0,26,7,1577
DEKALB - SE,5662,613,5036,3277,926,18,481,0,0,143,11,123,0,29,607,1069,4885,499,4361,2970,733,22,387,0,0,123,14,39,0,36,430,856
DEKALB - SF,3349,640,2971,2331,203,0,231,0,0,0,14,184,0,14,395,198,2220,252,2111,1709,137,0,225,0,0,0,13,15,0,13,244,135
DEKALB - SG,1717,113,1604,208,1392,0,0,0,0,1,0,0,0,0,0,1391,1520,127,1410,197,1195,0,0,0,0,3,0,4,0,2,2,1203
DEKALB - SH,2223,97,2126,1111,915,9,13,0,10,61,7,0,0,16,13,976,1880,83,1797,971,777,11,10,0,13,11,4,0,0,15,10,788
DEKALB - SI,4606,187,4427,588,3808,9,15,0,32,2,0,3,0,9,18,3810,3237,148,3088,575,2482,0,14,0,30,0,0,0,0,0,14,2483
DEKALB - SJ,6409,215,6195,277,5539,43,216,0,8,107,19,0,0,62,212,5662,4246,60,4184,246,3795,43,71,0,13,0,21,0,0,65,70,3803
DEKALB - SK,5380,89,5227,97,4970,0,128,0,11,18,0,0,23,26,128,5019,4429,61,4365,89,4156,0,92,0,10,39,0,0,15,20,92,4195
DEKALB - SL,4438,196,4234,260,3814,0,5,0,0,170,8,10,0,5,15,3978,3026,115,2910,255,2681,0,9,0,0,0,10,0,0,7,9,2673
DEKALB - SM,3515,87,3428,171,3115,0,0,0,0,5,152,0,0,151,0,3121,2876,27,2850,168,2612,0,0,0,0,0,88,0,0,88,0,2610
DEKALB - SN,1879,139,1750,1413,50,0,192,0,32,25,31,13,0,31,208,76,1268,33,1231,1096,39,0,62,0,0,0,12,8,0,12,73,46
DEKALB - SO,5155,229,4943,491,4394,0,0,0,0,26,0,0,27,27,0,4449,4071,106,3978,388,3529,0,0,0,0,24,0,0,30,30,0,3585
DEKALB - SP,4348,67,4283,318,3861,0,87,0,0,45,0,14,17,15,102,3926,3164,53,3100,315,2774,0,21,0,0,14,0,15,23,21,34,2812
DEKALB - SQ,1938,45,1892,371,1362,11,21,0,28,0,0,5,100,113,26,1447,1597,30,1574,319,1165,7,18,0,25,0,0,6,44,52,21,1196
DEKALB - SR,3291,158,3137,224,2895,0,0,0,0,14,0,7,0,0,2,2902,2020,61,1960,169,1774,0,0,0,0,14,0,10,0,0,10,1783
DEKALB - SS,1632,18,1624,130,1496,0,0,0,1,0,3,0,0,4,0,1498,1322,14,1317,119,1202,0,0,0,0,0,0,0,0,0,0,1204
DEKALB - ST,4716,183,4534,206,4044,6,126,0,81,38,6,0,13,25,126,4095,3726,47,3679,184,3289,7,74,0,60,34,0,0,9,16,74,3331
DEKALB - SU,5157,214,4948,249,4534,0,2,0,18,130,11,4,0,10,3,4596,3936,135,3800,178,3548,0,3,0,1,88,9,4,0,9,4,3598
DEKALB - SV,4359,323,4093,187,3563,0,255,0,0,67,22,0,0,18,255,3616,3523,78,3446,191,3002,0,196,0,0,26,22,0,0,17,196,3040
DEKALB - TA,2399,150,2246,875,1301,0,53,0,0,23,13,14,0,13,71,1325,2256,130,2123,853,1201,0,59,0,0,25,13,12,0,13,75,1227
DEKALB - TC,1820,53,1766,252,1206,130,0,0,51,80,0,0,38,168,0,1326,1507,50,1454,222,977,128,0,0,0,79,0,0,41,169,0,1098
DEKALB - TF,3548,340,3200,2164,744,4,205,0,15,40,24,4,0,31,211,785,2857,252,2600,1999,390,4,151,0,15,12,31,4,0,37,155,407
DEKALB - TG,2335,66,2263,1750,106,0,242,0,0,44,29,8,0,27,272,139,1718,51,1666,1299,64,0,199,0,0,37,19,4,0,19,203,87
DEKALB - TH,3323,295,3026,1539,1076,0,190,5,0,112,35,51,0,33,242,1189,2580,172,2410,1296,862,0,167,0,0,0,32,38,0,30,209,856
DEKALB - VB,1062,54,1007,850,59,0,48,0,0,78,30,0,0,7,53,99,939,31,907,794,53,0,52,0,0,12,13,0,0,3,56,61
DEKALB - WA,4382,110,4268,494,3684,0,22,0,0,59,3,13,6,8,35,3745,3457,93,3361,465,2830,0,23,0,0,30,4,16,9,13,39,2865
DEKALB - WB,2913,19,2899,172,2724,0,0,0,0,0,0,0,0,0,0,2725,2563,18,2544,174,2364,5,0,0,0,0,0,0,0,5,0,2365
DEKALB - WD,10551,139,10412,394,9268,62,5,0,108,503,0,0,92,154,5,9866,7966,134,7833,395,7166,61,0,0,108,30,0,4,93,154,4,7289
DEKALB - WF,2398,86,2310,1849,259,0,83,0,0,14,0,24,0,26,106,286,1557,59,1501,1248,153,0,76,0,0,1,12,0,0,16,71,158
DEKALB - WG,4988,125,4863,349,4381,13,101,4,0,15,0,0,0,13,101,4396,4074,48,4026,347,3574,17,72,0,0,16,0,0,0,17,72,3590
DEKALB - WI,3670,1063,2499,1279,502,0,505,20,29,184,19,46,0,19,557,683,2524,392,1995,1099,436,0,413,21,8,0,17,26,0,17,461,438
DEKALB - WJ,2665,302,2446,1575,393,9,340,0,18,11,38,4,0,48,349,406,2004,75,2018,1386,264,9,305,0,16,0,44,0,2,48,307,266
DEKALB - WK,2949,368,2581,105,2265,0,0,31,13,167,0,0,0,0,0,2432,2313,233,2080,102,1937,0,0,30,11,0,0,0,0,0,0,1937
DEKALB - WL,1111,60,1051,732,67,0,180,0,0,23,12,37,0,12,217,90,946,25,921,688,70,0,154,0,0,0,9,0,0,9,154,70
DEKALB - WN,3627,72,3557,233,3228,0,0,0,0,7,75,0,0,47,0,3223,3283,74,3209,221,2945,0,0,0,6,0,39,0,0,26,0,2936
DEKALB - YA,2613,25,2584,15,2403,0,10,5,38,74,0,10,31,31,20,2505,2239,16,2227,10,2049,0,14,7,44,78,0,0,32,32,14,2156
DODGE - CHAUN,584,12,576,365,147,0,0,0,0,2,0,0,1,0,0,151,451,10,440,303,116,0,0,0,0,0,0,0,1,0,0,120
DODGE - CLARK,127,5,122,113,2,0,0,0,0,0,0,0,0,0,0,4,110,8,104,98,2,0,0,0,0,0,0,0,0,0,0,2
DODGE - EDDIN,1386,25,1360,955,450,0,0,0,0,0,0,0,0,0,0,454,1050,21,1029,734,343,0,0,0,0,0,0,0,0,0,0,343
DODGE - EMPIR,633,14,619,511,73,0,0,0,0,10,1,0,0,1,0,80,539,0,536,428,78,0,0,0,0,0,0,0,0,0,0,78
DODGE - JAYBI,256,8,248,173,81,0,0,0,0,0,0,0,0,0,0,79,231,9,221,154,70,0,0,0,0,0,0,0,0,0,0,70
DODGE - JONES,757,78,689,682,28,0,3,0,0,0,0,0,0,0,3,27,558,6,551,537,23,0,8,0,0,0,0,0,0,0,8,22
DODGE - LEE,7804,155,7654,4741,2768,24,5,0,0,59,29,0,28,80,5,2856,6139,137,6012,3829,2058,21,0,3,0,47,25,0,18,65,0,2128
DODGE - MCCRA,556,1,548,310,173,0,0,0,0,9,0,0,0,0,0,188,433,0,432,236,142,0,0,0,0,0,0,0,0,0,0,149
DODGE - MILAN,635,0,633,308,380,0,0,0,0,0,0,0,0,0,0,372,453,0,454,250,211,0,0,0,0,0,0,0,0,0,0,208
DODGE - MITCH,630,25,608,451,211,0,0,0,0,13,0,0,0,0,0,223,517,9,508,369,198,0,0,1,0,0,0,0,0,0,0,198
DODGE - MULLI,2223,62,2166,1144,961,0,0,0,22,0,14,0,13,21,0,974,2031,54,1971,1021,901,5,4,0,22,0,2,0,14,6,4,916
DODGE - PLAIN,725,24,689,630,65,0,0,0,0,0,0,0,0,0,0,67,599,6,596,576,26,0,0,0,0,0,2,0,0,3,0,25
DODGE - PONDT,989,24,967,589,387,0,0,0,5,17,0,0,0,0,0,404,845,14,830,476,408,0,0,0,0,0,0,0,0,0,0,402
DODGE - RAWLI,1509,21,1481,1104,306,8,0,0,0,0,0,0,0,10,0,306,1297,0,1294,1004,217,7,0,0,0,0,0,0,0,7,0,213
DODGE - VILUL,217,11,205,168,23,0,0,0,0,2,0,0,0,0,0,24,167,5,162,134,9,0,0,0,0,0,0,0,0,0,0,9
DODGE - YONKE,461,6,456,374,65,0,0,0,0,0,17,0,1,24,0,66,376,5,372,303,65,0,1,0,0,0,11,0,1,26,1,65
DOOLY - 10,719,26,691,316,364,0,0,0,0,0,0,0,0,1,0,367,497,10,486,246,236,0,0,0,0,0,0,0,0,1,0,238
DOOLY - 2,1070,53,1020,445,456,0,0,0,0,0,31,0,77,108,0,534,862,8,855,389,378,0,0,0,0,0,26,0,51,77,0,427
DOOLY - 5,4053,340,3721,1817,1796,0,0,0,4,42,36,0,8,43,0,1846,3746,258,3498,1666,1736,0,0,0,0,44,33,0,9,42,0,1791
DOOLY - 7,3887,135,3735,1534,2145,15,0,0,0,0,0,0,70,81,0,2207,3062,12,3039,1347,1622,13,0,0,0,0,3,0,72,86,0,1690
DOOLY - 8,925,42,891,469,408,0,0,0,0,20,0,0,5,9,0,437,767,32,736,395,335,0,0,0,0,8,1,0,4,6,0,349
DOUGHERTY - 1,3810,125,3687,1688,1911,4,0,0,5,52,19,0,0,31,0,1967,2906,16,2894,1295,1565,4,0,0,0,0,22,0,0,34,0,1568
DOUGHERTY - 10,4567,15,4554,5,4412,10,0,0,0,50,0,0,5,15,0,4474,3418,18,3401,4,3349,12,4,0,0,0,0,0,0,12,4,3359
DOUGHERTY - 11,982,0,993,42,866,0,0,0,0,0,0,0,0,1,0,862,857,0,866,40,738,0,0,0,0,0,0,0,0,1,0,736
DOUGHERTY - 12,1859,1,1859,62,1744,0,0,0,0,58,0,0,0,0,0,1799,1545,2,1543,41,1502,9,0,0,0,0,0,0,0,9,0,1497
DOUGHERTY - 13,1626,10,1612,50,1562,0,0,0,0,0,0,0,0,0,0,1566,1186,11,1172,50,1116,4,0,0,0,0,0,0,0,4,0,1120
DOUGHERTY - 14,1466,0,1467,58,1407,0,0,0,0,0,0,0,0,0,0,1407,1136,0,1138,49,1091,0,0,0,0,0,0,0,0,0,0,1091
DOUGHERTY - 15,2386,56,2330,640,1621,19,0,0,12,26,8,6,0,19,6,1644,1789,37,1750,542,1145,22,0,0,0,31,6,7,0,20,7,1173
DOUGHERTY - 16,1228,1,1224,98,1019,0,0,0,0,175,0,0,10,10,2,1131,834,1,828,96,674,0,0,0,0,48,0,0,0,0,2,729
DOUGHERTY - 17,2750,0,2753,0,2730,0,0,0,0,31,0,0,0,0,0,2761,2377,0,2379,0,2353,0,0,0,0,53,0,0,0,0,0,2387
DOUGHERTY - 18,3678,59,3631,62,3589,0,0,4,0,1,0,0,0,0,0,3600,2302,51,2268,60,2216,0,4,0,0,1,0,0,0,0,4,2221
DOUGHERTY - 19,1005,45,937,276,657,0,0,0,0,0,0,0,0,0,0,659,704,0,688,254,438,0,0,0,0,0,0,0,0,0,0,440
DOUGHERTY - 2,4338,46,4290,1887,2298,0,30,0,0,42,35,4,35,70,26,2368,3356,40,3318,1496,1786,4,0,0,0,0,29,0,5,38,0,1788
DOUGHERTY - 20,3846,100,3760,1768,1762,0,64,0,99,4,55,12,14,69,76,1782,3189,68,3120,1546,1450,0,64,0,13,0,59,9,12,71,73,1463
DOUGHERTY - 21,1432,171,1241,485,717,0,7,0,0,3,5,8,0,6,20,719,985,72,901,389,471,0,8,0,0,6,4,0,0,5,14,471
DOUGHERTY - 22,4978,59,4929,548,4076,0,0,0,0,189,0,67,11,21,67,4351,3097,19,3077,528,2405,0,0,0,0,93,6,43,0,15,43,2525
DOUGHERTY - 23,2927,281,2645,984,1501,0,0,0,0,28,14,27,51,54,20,1576,2403,147,2267,869,1275,0,0,0,4,21,14,28,48,52,20,1331
DOUGHERTY - 24,3735,206,3529,221,3240,0,5,0,14,5,40,0,4,44,5,3249,2760,90,2670,217,2384,0,11,6,15,0,37,0,0,37,11,2384
DOUGHERTY - 25,2173,106,2095,1280,641,0,22,0,0,0,3,23,0,3,40,641,1758,58,1709,980,575,0,20,0,0,0,6,4,0,5,24,572
DOUGHERTY - 26,1091,0,1095,90,919,0,0,0,0,4,0,15,0,5,15,928,940,0,945,62,816,0,0,0,0,10,0,15,0,7,15,831
DOUGHERTY - 27,2204,79,2125,979,1095,0,26,0,0,21,4,0,0,4,26,1116,1662,73,1589,786,740,0,26,0,7,22,4,4,0,4,30,762
DOUGHERTY - 28,2000,67,1941,159,1720,6,0,0,0,7,6,7,5,17,7,1721,1710,67,1648,163,1418,8,0,0,0,8,6,5,6,20,5,1429
DOUGHERTY - 3,3369,17,3356,1019,2261,0,9,0,0,24,4,5,14,19,22,2300,2382,16,2368,958,1369,0,0,0,0,27,3,0,16,20,0,1417
DOUGHERTY - 4,4790,0,4784,1800,3190,0,24,0,0,15,5,14,0,5,37,3207,3609,0,3602,1473,2266,0,21,0,0,0,6,2,0,7,24,2274
DOUGHERTY - 5,5039,121,4916,1062,3740,0,42,0,3,61,0,0,17,17,44,3818,3993,62,3932,951,2897,0,44,0,0,34,0,0,18,18,44,2947
DOUGHERTY - 6,3014,12,3003,1367,1467,27,31,0,14,65,2,0,0,28,29,1538,2228,5,2218,1145,959,17,28,0,16,32,2,0,0,18,28,991
DOUGHERTY - 7,6175,214,5960,1177,4365,0,42,0,35,132,0,58,10,10,106,4506,4472,42,4433,961,3205,0,28,0,40,68,0,59,8,8,86,3277
DOUGHERTY - 8,3776,34,3735,218,3542,0,0,0,0,0,2,0,0,1,0,3543,3003,32,2970,205,2809,0,0,0,0,0,3,0,0,3,0,2809
DOUGHERTY - 9,1554,9,1513,1086,534,0,40,0,32,2,3,0,19,17,40,543,1286,0,1266,927,422,0,22,0,0,0,5,0,23,20,22,432
DOUGLAS - 1258,7728,652,7062,3239,3110,0,75,5,293,228,52,22,0,56,97,3317,6016,387,5592,2585,2593,0,70,0,189,34,48,23,5,53,93,2640
DOUGLAS - 1259,2344,268,2087,567,1486,4,50,0,0,46,6,0,7,13,49,1554,1695,179,1566,519,1082,0,15,0,0,0,3,0,0,1,15,1074
DOUGLAS - 1260,6468,339,6127,4159,1687,9,133,0,22,60,38,27,0,47,160,1743,4782,267,4513,3094,1293,0,53,0,26,0,24,30,0,24,83,1292
DOUGLAS - 1270,8065,874,7191,1063,5765,5,33,0,68,89,0,78,90,95,111,5944,5987,356,5631,882,4469,0,39,0,72,85,0,84,0,0,123,4554
DOUGLAS - 1271,6565,337,6230,3929,1939,16,185,0,6,123,32,0,5,52,185,2076,4794,194,4591,3034,1331,14,90,0,2,97,37,0,0,50,90,1429
DOUGLAS - 1272,7672,624,7035,4373,2140,0,389,0,0,85,68,15,12,89,406,2227,5487,283,5195,3246,1653,0,206,0,0,16,67,16,9,84,218,1671
DOUGLAS - 1273,6179,1473,4756,2402,2032,8,107,0,107,63,49,0,29,76,106,2107,4488,504,3946,2103,1613,7,89,0,77,0,49,0,17,73,89,1620
DOUGLAS - 1274,3122,875,2263,1404,727,37,48,0,0,38,0,0,0,37,48,783,2384,356,1999,1223,625,44,49,0,0,27,4,0,0,47,49,683
DOUGLAS - 1275,10123,956,9125,1618,6792,2,323,0,119,273,13,14,28,43,296,7070,7722,648,7073,1464,5120,1,322,0,107,73,17,15,30,49,303,5196
DOUGLAS - 1276,4260,1102,3189,1266,1755,0,39,0,20,18,0,0,0,0,80,1775,2933,541,2421,905,1381,0,39,0,22,0,0,0,0,0,73,1377
DOUGLAS - 729,7900,623,7277,851,5892,0,0,0,21,452,0,61,0,0,61,6344,5402,387,5015,808,3981,0,0,0,19,184,0,23,0,0,23,4165
DOUGLAS - 730,9705,676,9029,3327,5331,26,12,0,37,176,70,50,0,96,62,5507,7154,497,6657,2896,3466,17,12,0,10,134,68,50,4,89,62,3604
DOUGLAS - 731,4666,607,4002,2093,1750,5,18,0,9,49,27,0,11,55,19,1822,3604,247,3394,1838,1459,2,17,0,2,25,24,0,22,49,17,1511
DOUGLAS - 732,4963,85,4885,1131,3664,0,0,0,0,61,19,0,9,26,0,3739,3496,77,3420,806,2560,0,0,0,0,34,9,0,7,15,0,2606
DOUGLAS - 733,3579,346,3241,1245,1526,0,0,113,129,130,19,0,120,139,0,1734,2702,61,2651,1069,1314,0,0,111,0,85,18,0,77,95,0,1452
DOUGLAS - 734,3175,368,2814,1303,1186,0,147,0,0,84,0,0,0,0,152,1274,2364,171,2190,1152,868,0,61,0,0,51,0,0,0,0,68,918
DOUGLAS - 735,4568,430,4155,2259,1539,0,230,0,0,132,27,3,0,26,224,1674,3424,198,3234,1895,1087,0,137,0,0,119,19,6,0,18,137,1213
DOUGLAS - 736N,6824,663,6159,1180,4528,0,45,12,29,359,7,0,0,10,45,4889,4799,587,4212,1000,3017,0,21,13,9,145,7,0,0,10,21,3163
DOUGLAS - 736S,7515,925,6597,1967,4456,0,36,0,0,43,17,36,15,25,75,4514,5444,407,5042,1454,3493,0,39,0,0,9,8,11,15,19,53,3519
DOUGLAS - 737,5657,519,5122,1452,3587,0,17,0,15,24,19,0,29,50,15,3643,4432,384,4035,1126,2834,0,14,0,7,27,10,2,29,40,16,2887
DOUGLAS - 738,2697,294,2380,1010,1005,0,33,0,0,276,0,0,0,0,33,1327,1768,291,1464,781,497,0,31,0,0,127,0,0,0,0,31,647
DOUGLAS - 739,5368,561,4809,1888,2477,0,310,0,85,0,48,0,0,45,310,2475,3979,512,3467,1629,1456,0,248,0,89,0,45,0,0,42,248,1455
DOUGLAS - 740,2491,5,2501,788,1563,0,7,0,11,120,12,0,0,10,9,1676,1920,11,1923,665,1157,0,8,0,6,66,9,2,0,8,10,1224
DOUGLAS - 784,5546,474,5068,1666,3282,0,20,15,0,90,17,0,0,17,20,3379,4384,204,4180,1426,2676,0,21,13,0,40,25,0,0,25,21,2718
DOUGLAS - 785,4537,258,4279,652,3233,84,6,0,135,139,0,0,30,114,6,3402,3449,200,3249,547,2494,21,5,0,116,36,0,0,30,51,5,2560
EARLY - A,398,0,400,100,303,0,0,0,0,0,5,0,0,5,0,304,263,0,264,93,169,0,0,5,0,0,0,0,0,0,0,169
EARLY - B,5529,7,5551,1544,3956,0,47,0,0,36,3,0,0,3,41,3983,3986,4,3993,1291,2666,0,45,0,1,34,0,0,0,0,45,2699
EARLY - CO,317,0,315,196,113,0,0,0,0,0,0,0,0,0,0,116,241,0,241,155,82,0,0,0,0,0,0,0,0,0,0,84
EARLY - CS,454,0,454,320,66,3,0,0,0,30,41,0,0,44,0,93,361,0,365,259,74,0,0,0,0,0,36,0,0,34,0,73
EARLY - CUBA,832,0,806,464,306,0,0,0,0,0,3,0,0,3,6,301,746,0,732,388,276,0,0,0,0,0,0,0,0,0,0,274
EARLY - D,449,14,434,229,200,0,0,0,0,0,0,0,0,0,0,199,399,11,387,213,168,0,0,0,0,4,0,0,0,0,0,172
EARLY - F,251,1,250,284,15,0,0,0,0,3,0,0,0,0,0,19,211,0,210,219,15,0,0,0,0,4,0,0,0,0,0,19
EARLY - H,517,6,511,419,106,0,0,0,0,45,0,0,0,0,0,136,378,10,372,299,95,0,0,0,0,0,0,0,0,0,0,98
EARLY - JAKIN,761,0,761,496,182,0,0,0,0,48,24,0,9,33,0,243,596,0,595,403,152,0,0,0,0,19,17,0,8,25,0,178
EARLY - L,705,0,707,358,328,2,0,0,0,8,3,0,0,5,0,358,538,0,534,292,257,0,0,0,0,0,2,0,0,4,0,256
EARLY - U,322,0,318,147,65,0,0,0,0,0,0,0,0,0,0,67,234,0,235,135,48,0,0,0,3,1,0,0,0,0,0,50
ECHOLS - 1058,3369,589,2780,2307,230,5,144,0,0,94,0,0,0,5,144,324,2238,302,1936,1708,228,0,0,0,0,0,0,0,0,0,0,228
EFFINGHAM - 1A,3056,400,2674,2396,145,24,23,0,0,3,18,20,0,42,47,149,2185,209,1984,1772,130,26,0,0,0,21,15,5,0,40,5,133
EFFINGHAM - 1B,4314,165,4129,3811,65,0,57,79,0,83,35,40,0,39,90,139,3093,117,2981,2787,66,0,39,81,0,0,21,19,0,24,59,61
EFFINGHAM - 1C,2073,222,1853,1733,25,0,0,10,0,22,0,35,0,0,39,56,1531,88,1444,1351,25,0,0,11,0,0,0,39,0,0,38,29
EFFINGHAM - 1D,3543,125,3427,3204,92,0,0,0,12,40,40,32,0,39,29,122,2901,85,2826,2728,45,0,0,0,0,0,36,29,0,36,28,46
EFFINGHAM - 2A,4483,156,4317,3502,666,0,0,0,0,132,7,35,0,7,38,807,3074,92,2964,2607,295,0,0,0,0,0,5,38,0,5,39,313
EFFINGHAM - 2B,4204,9,4242,3308,689,0,94,0,0,81,11,0,0,23,100,760,3283,7,3301,2543,629,0,84,0,0,4,12,0,0,20,84,630
EFFINGHAM - 2C,7591,454,7110,5220,1590,0,0,0,0,131,22,139,13,23,152,1734,5029,236,4780,3721,993,0,0,0,0,15,5,41,6,5,48,1011
EFFINGHAM - 3A,1794,57,1735,1439,289,8,0,0,5,3,0,0,0,7,0,289,1515,41,1479,1187,280,10,0,0,5,5,0,0,0,7,0,283
EFFINGHAM - 3B,2172,44,2123,1612,414,4,0,0,2,1,0,0,0,5,0,415,1648,25,1623,1186,400,4,0,0,0,0,0,0,0,7,0,401
EFFINGHAM - 3C,4292,57,4246,3327,850,4,0,0,7,79,50,29,0,41,29,999,3233,28,3199,2416,811,0,0,0,8,0,73,7,0,45,7,817
EFFINGHAM - 3D,4647,405,4233,3047,960,31,78,0,0,171,40,6,36,111,83,1067,3216,111,3099,2270,722,31,63,0,0,7,5,5,35,90,68,760
EFFINGHAM - 4A,5192,124,5067,3820,1061,0,7,0,3,44,15,7,0,15,17,1125,4002,94,3896,2982,806,0,8,0,0,0,4,0,0,4,9,814
EFFINGHAM - 4B,2522,113,2414,1748,454,0,0,0,0,79,10,30,16,30,18,637,2007,53,1963,1442,421,0,0,0,0,48,0,11,13,20,4,504
EFFINGHAM - 4C,4183,319,3864,3391,364,0,0,4,0,78,33,0,0,33,0,442,2928,174,2753,2488,236,0,0,4,0,0,28,0,0,28,0,236
EFFINGHAM - 5A,3858,180,3675,3000,505,8,15,0,3,101,58,1,0,68,14,547,3122,130,2989,2451,398,6,9,0,0,39,48,0,0,55,8,415
EFFINGHAM - 5B,7217,526,6681,4811,1422,10,172,0,125,38,74,62,0,84,233,1443,5008,364,4640,3333,1127,7,114,4,33,19,31,10,0,38,124,1142
EFFINGHAM - 5C,2347,79,2263,1866,269,6,44,0,0,99,11,13,0,17,50,379,1700,75,1625,1391,174,11,57,0,0,8,11,0,0,19,57,183
ELBERT - 189,6120,318,5829,2839,2506,2,132,0,4,16,178,4,22,193,134,2546,4507,150,4386,2269,1742,4,125,5,0,0,117,6,23,141,129,1764
ELBERT - 190,948,25,890,621,158,1,0,3,0,22,0,0,0,0,0,180,770,0,737,525,150,0,0,0,0,0,0,0,0,0,0,151
ELBERT - 191,1478,9,1419,930,205,2,3,2,0,11,0,0,0,64,2,218,1162,0,1124,829,127,0,3,0,0,0,0,0,0,41,2,127
ELBERT - 192,618,225,438,285,167,0,0,0,0,0,0,0,0,0,0,168,543,224,361,213,163,0,0,0,0,0,0,0,0,0,0,163
ELBERT - 193,1454,26,1434,1006,224,0,0,0,0,0,526,0,0,474,3,222,1163,7,1154,874,148,0,0,0,0,0,343,0,0,305,3,145
ELBERT - 196,753,1,751,697,2,0,0,0,0,0,4,0,0,8,0,1,650,0,645,601,2,0,0,0,0,0,0,0,0,6,0,2
ELBERT - 197,2447,64,2380,1516,643,0,33,0,0,0,0,0,194,194,33,837,1895,13,1883,1143,582,0,11,0,0,0,0,0,144,144,11,726
ELBERT - 199,993,5,999,995,21,40,0,0,0,0,0,0,0,32,0,20,769,4,774,758,23,38,0,0,0,0,0,0,0,28,0,22
ELBERT - 201,2609,112,2492,1954,461,47,27,0,0,0,25,4,0,72,31,461,2155,51,2108,1592,454,50,18,0,0,0,16,0,0,66,18,454
ELBERT - 202,803,12,797,894,40,0,0,0,0,0,0,0,0,0,0,43,615,8,609,671,37,0,0,0,0,0,0,0,0,0,0,39
ELBERT - 315,1273,56,1214,838,253,0,20,0,0,66,0,0,0,4,20,315,940,6,925,696,145,0,17,0,0,42,0,0,0,4,17,189
EMANUEL - 1208,534,15,512,387,38,0,0,0,4,0,12,0,0,18,0,48,379,5,362,286,26,0,0,0,5,0,12,0,0,20,0,29
EMANUEL - 1333,767,12,756,608,91,0,0,0,4,15,0,0,20,5,0,123,668,2,667,522,82,0,0,0,4,14,0,0,22,5,0,113
EMANUEL - 1429,701,6,694,588,98,0,0,0,0,0,0,0,0,0,0,97,504,6,498,428,65,0,0,0,0,0,0,0,0,0,0,65
EMANUEL - 1452,589,10,575,505,2,0,0,0,0,13,23,0,0,11,0,18,463,4,460,447,0,0,0,0,0,1,24,0,0,11,0,1
EMANUEL - 1502,687,44,637,563,32,0,4,0,0,0,27,0,0,25,4,32,511,17,487,423,25,0,0,0,0,0,27,0,0,25,0,26
EMANUEL - 1560,2873,25,2845,1577,1138,0,4,0,36,6,107,0,4,110,4,1146,2477,26,2450,1357,988,0,0,0,40,7,76,0,5,81,0,996
EMANUEL - 1748,1241,5,1236,1143,86,0,0,0,0,13,0,0,0,0,0,92,984,0,984,916,70,0,0,0,0,0,0,0,0,0,0,70
EMANUEL - 50,907,35,893,809,42,0,0,0,0,21,20,0,0,24,0,55,612,17,608,593,16,0,0,0,0,0,20,0,0,24,0,17
EMANUEL - 52,451,3,443,151,321,0,0,0,0,0,0,0,0,0,0,320,327,0,327,106,245,0,0,0,0,0,0,0,0,0,0,243
EMANUEL - 53,11880,574,11314,5843,4824,8,190,0,61,134,215,0,93,321,190,5043,8657,264,8399,4563,3355,6,128,0,57,28,167,0,96,271,128,3475
EMANUEL - 57,847,38,813,557,230,0,0,0,0,2,0,0,7,25,0,244,597,12,587,387,173,0,0,0,0,2,0,0,5,24,0,188
EMANUEL - 58,1175,28,1139,686,349,0,0,0,24,27,95,0,0,92,0,388,751,11,737,452,238,0,0,0,15,7,35,0,0,34,0,247
EVANS - 11,10394,1060,9334,5951,2938,7,97,0,0,156,142,0,43,192,97,3137,7697,494,7203,4734,2182,5,60,4,6,59,110,0,43,158,60,2284
FANNIN - COLW,1511,12,1502,1388,15,0,1,0,8,61,24,0,0,24,1,86,1368,5,1359,1302,12,0,0,0,4,9,22,0,0,22,0,24
FANNIN - FAIR,1703,37,1663,1632,0,0,16,0,0,0,5,0,2,6,20,2,1381,30,1344,1315,0,0,16,0,0,0,4,0,0,4,20,0
FANNIN - FLIN,5243,336,4896,4718,0,0,5,0,0,7,144,23,0,143,27,7,3990,132,3857,3738,0,0,0,0,5,8,89,16,0,87,16,8
FANNIN - HEMP,1340,28,1318,1259,37,0,6,4,0,0,4,0,0,5,5,38,1222,24,1202,1161,27,0,6,0,0,0,4,0,0,4,5,27
FANNIN - HOTH,1416,5,1412,1368,0,0,2,0,0,7,30,0,0,31,2,7,1092,0,1092,1050,0,0,0,0,0,5,31,0,0,33,0,5
FANNIN - MINE,2418,65,2349,2320,0,0,35,0,0,0,12,0,2,14,33,0,2039,65,1975,1945,0,0,37,0,0,0,10,0,0,11,34,0
FANNIN - MOBI,1475,0,1477,1470,0,0,0,0,0,10,1,0,0,1,0,0,1278,0,1283,1281,0,0,0,0,0,3,1,0,0,1,0,0
FANNIN - MORG,2011,57,1961,1912,3,11,6,0,0,0,27,0,0,37,4,4,1675,48,1631,1579,3,12,6,0,0,0,26,0,0,37,4,4
FANNIN - NOON,914,3,908,806,1,0,109,0,0,0,3,13,0,4,123,1,884,1,883,785,1,0,109,0,0,0,3,10,0,3,124,1
FANNIN - SKEN,378,4,372,335,1,0,3,0,0,0,9,0,0,9,4,1,377,5,371,335,1,0,4,0,0,0,7,2,0,7,3,0
FANNIN - SUGC,2497,37,2470,2418,0,0,0,0,30,0,20,0,0,21,0,0,2193,15,2182,2152,0,0,0,0,13,0,23,0,0,24,0,0
FANNIN - TOCC,4577,74,4497,4307,34,0,7,0,7,0,147,0,0,146,7,34,3958,49,3904,3753,33,0,8,0,5,0,112,0,0,111,8,33
FAYETTE - 1,2804,43,2758,661,1719,56,59,0,0,184,0,0,93,149,59,1975,2218,11,2208,613,1330,55,27,0,0,104,0,0,92,147,27,1507
FAYETTE - 10,6529,1050,5492,2351,3012,0,22,0,0,0,24,38,31,52,64,3037,4758,446,4325,1938,2306,0,25,0,0,0,15,0,34,50,33,2332
FAYETTE - 11,2559,405,2177,1533,365,0,293,0,0,0,21,15,0,21,309,380,1681,265,1442,969,225,0,241,0,0,0,18,0,0,18,241,222
FAYETTE - 12,1397,287,1114,1114,5,0,23,0,0,0,0,0,0,0,22,8,1172,203,961,963,8,0,12,0,0,0,0,0,0,0,12,9
FAYETTE - 13,3537,80,3456,3031,333,0,15,0,47,0,23,0,0,23,15,339,2669,71,2598,2187,305,0,19,0,51,0,21,0,0,21,17,307
FAYETTE - 14,4695,173,4519,3564,703,0,128,0,99,22,4,64,17,17,190,726,3420,119,3294,2563,578,0,124,0,51,0,0,38,18,16,170,591
FAYETTE - 15,3663,101,3555,3382,65,18,0,0,15,84,3,10,0,21,8,153,2683,79,2600,2510,57,18,0,0,0,20,5,7,0,23,6,77
FAYETTE - 16,4205,261,3941,3091,644,0,191,0,0,32,18,21,0,18,213,676,3344,233,3089,2546,433,0,93,0,0,33,19,2,0,19,91,468
FAYETTE - 17,1963,83,1864,1713,119,9,0,0,0,0,0,7,0,7,8,113,1276,56,1209,1092,93,8,0,0,0,0,0,8,0,7,8,90
FAYETTE - 18,5776,537,5239,3596,917,36,554,19,0,52,43,12,0,81,565,970,4502,422,4080,3010,714,37,223,20,0,27,25,11,0,62,234,741
FAYETTE - 19,2205,382,1833,1682,57,0,53,0,0,5,8,18,0,6,63,57,1727,323,1433,1335,52,0,25,0,0,0,4,22,0,4,34,49
FAYETTE - 2,3204,60,3151,2603,74,0,10,0,48,14,53,350,0,57,361,84,2459,45,2420,2212,69,0,9,0,40,0,28,75,0,32,83,69
FAYETTE - 20,1068,94,974,915,0,0,55,4,0,0,0,0,0,0,55,0,904,37,867,829,0,0,38,0,0,0,0,0,0,0,38,0
FAYETTE - 21,3550,368,3145,2312,672,12,83,0,0,76,0,4,0,3,91,748,2640,255,2350,1888,367,12,35,0,0,44,0,2,4,7,37,422
FAYETTE - 22,2472,30,2467,2287,54,3,71,0,0,9,4,49,0,9,106,69,1841,22,1832,1672,41,3,52,0,0,0,0,41,0,4,82,50
FAYETTE - 23,1185,31,1152,331,712,0,62,21,0,0,0,8,0,0,71,709,945,11,935,237,633,0,29,21,0,0,0,17,0,0,40,632
FAYETTE - 24,2641,289,2338,1144,1195,0,1,0,16,0,1,0,0,1,1,1183,2056,115,1955,1048,909,0,0,0,10,0,1,0,0,0,0,899
FAYETTE - 25,2116,74,2047,1423,580,0,0,0,0,35,8,16,0,8,10,613,1753,41,1719,1150,558,0,0,0,0,9,0,21,0,0,14,565
FAYETTE - 26,4529,365,4153,2822,1077,0,89,0,109,10,17,0,0,17,103,1088,3195,317,2876,1974,688,0,86,0,112,12,0,0,0,0,89,699
FAYETTE - 27,4297,229,4054,2686,1218,0,101,0,0,0,62,26,0,65,129,1221,3672,198,3453,2354,999,0,86,0,0,0,39,13,0,38,107,1004
FAYETTE - 28,2701,98,2593,930,1518,5,9,0,85,0,14,0,0,12,10,1532,2177,38,2132,879,1165,7,7,0,46,0,10,0,0,13,7,1170
FAYETTE - 29,3047,172,2869,1452,1102,0,264,0,0,11,7,25,6,14,294,1115,2627,82,2539,1357,912,0,244,0,0,13,0,0,11,10,251,930
FAYETTE - 3,3604,41,3565,266,2965,0,139,7,110,0,0,0,56,56,139,3017,2821,39,2785,254,2296,0,139,6,64,0,0,0,26,26,139,2319
FAYETTE - 30,4143,272,3872,2346,1386,0,31,0,16,40,21,12,26,35,44,1444,3006,130,2874,1887,903,0,24,0,21,10,15,0,25,28,25,926
FAYETTE - 31,4306,204,4111,3419,470,0,50,0,26,79,24,43,0,24,100,550,3222,173,3054,2495,409,0,30,0,13,37,23,32,0,23,75,448
FAYETTE - 32,2565,203,2393,1986,265,0,71,0,0,0,0,31,0,9,99,262,2109,154,1998,1656,264,0,49,0,0,0,0,9,0,9,58,256
FAYETTE - 33,1992,141,1834,1444,97,0,88,0,0,74,33,0,0,33,88,169,1492,104,1369,1103,79,0,45,0,0,70,19,0,0,19,45,152
FAYETTE - 34,4294,428,3870,3329,258,0,171,0,11,15,47,13,0,43,185,271,3275,258,3015,2545,242,0,136,0,16,0,40,2,0,36,142,242
FAYETTE - 35,5002,300,4693,2149,1844,0,241,0,324,0,17,32,78,99,273,1926,3643,131,3511,1784,1323,0,172,0,118,0,23,0,83,108,171,1408
FAYETTE - 36,3015,225,2789,1804,763,0,157,0,26,20,8,0,0,19,157,793,2440,175,2266,1615,454,0,154,0,21,0,9,0,0,22,153,472
FAYETTE - 4,2360,384,1973,823,1078,0,22,0,29,19,6,0,0,6,22,1092,1798,191,1601,746,781,0,20,0,34,21,5,0,0,6,20,799
FAYETTE - 5,2838,139,2719,1203,1273,0,71,0,0,111,0,0,0,0,66,1402,2337,61,2290,1056,990,0,71,0,0,105,0,0,0,0,69,1117
FAYETTE - 6,2017,95,1925,710,907,0,230,0,26,72,5,0,0,5,230,979,1668,61,1608,621,742,5,158,0,27,65,5,0,0,10,158,805
FAYETTE - 7,2607,352,2255,1086,974,0,181,15,0,0,18,17,4,22,197,985,2081,116,1962,924,878,0,105,13,6,6,19,9,0,19,120,888
FAYETTE - 8,3092,215,2892,1024,1804,5,11,0,41,45,2,0,0,14,15,1853,2530,87,2426,913,1498,4,9,0,15,33,0,0,0,8,12,1536
FAYETTE - 9,3998,174,3809,3077,504,0,16,0,42,0,0,109,0,0,120,510,3005,103,2898,2458,344,0,11,0,2,0,0,38,0,0,37,346
FLOYD - 1,5000,695,4137,3628,394,0,23,4,1,50,53,5,5,55,28,435,3700,419,3185,2812,292,0,17,0,0,39,42,0,10,47,19,314
FLOYD - 10,2250,120,2141,1887,123,0,65,0,4,12,5,0,0,3,66,130,1713,93,1631,1464,98,0,49,0,11,0,4,0,0,4,50,96
FLOYD - 105,5479,613,4851,3203,1288,0,61,0,77,247,15,11,0,12,69,1537,4158,250,3901,2577,1073,0,35,0,79,121,16,0,3,14,38,1200
FLOYD - 110,2394,616,1778,596,1146,0,0,5,0,29,5,0,0,14,0,1171,1806,303,1504,560,924,0,0,0,0,15,18,0,0,18,0,939
FLOYD - 115,804,40,752,733,6,0,3,0,0,0,23,0,0,19,2,5,647,30,599,589,0,0,0,0,0,0,8,0,0,7,0,1
FLOYD - 125,1637,108,1524,1172,200,36,0,0,0,17,89,0,0,114,0,221,1402,98,1302,986,192,35,7,0,0,19,52,0,0,86,0,211
FLOYD - 130,5157,43,5123,4873,143,0,0,0,0,85,19,0,14,33,0,245,4120,8,4117,3954,99,0,0,0,0,48,17,0,8,23,0,156
FLOYD - 135,4877,232,4648,4223,185,0,5,0,6,207,33,5,0,35,19,394,3669,74,3595,3210,137,0,5,0,7,234,31,0,0,33,21,343
FLOYD - 140,4926,337,4694,3861,744,0,80,8,9,28,9,0,0,6,79,761,4140,197,4015,3328,610,0,76,7,10,13,7,0,0,4,77,620
FLOYD - 15,3336,33,3304,3257,33,0,4,0,0,0,4,3,0,3,7,35,2706,40,2663,2615,36,4,0,0,0,0,5,0,0,7,0,35
FLOYD - 20,2098,25,2077,1806,227,0,0,0,0,28,8,1,2,8,1,256,1714,14,1701,1476,222,0,4,0,0,0,3,0,0,3,0,223
FLOYD - 25,1705,19,1687,1506,133,0,0,9,18,0,14,0,0,16,0,137,1461,6,1455,1300,118,0,1,7,5,0,15,0,0,14,1,121
FLOYD - 30,6462,72,6400,5818,483,0,7,0,0,31,0,10,3,3,20,517,4966,59,4910,4491,404,0,2,0,0,0,0,10,1,3,9,403
FLOYD - 35,358,0,356,342,0,0,0,0,0,0,3,0,0,3,0,0,285,0,286,276,0,0,0,0,0,0,0,0,0,0,0,0
FLOYD - 40,2304,107,2188,2155,14,0,0,0,25,0,1,16,0,1,14,15,1901,127,1774,1740,8,0,0,0,21,0,0,16,0,0,16,11
FLOYD - 45,1259,12,1249,1163,14,0,59,0,0,0,21,0,2,25,59,15,945,11,929,871,15,0,32,0,0,0,6,0,0,6,43,15
FLOYD - 50,8895,1386,7526,5003,1955,0,256,13,0,351,14,0,0,13,261,2296,6342,829,5516,4274,975,4,173,13,0,90,9,0,0,13,174,1069
FLOYD - 55,5817,234,5572,4696,479,5,220,0,0,172,8,23,0,18,245,663,4666,162,4492,3800,378,0,196,0,0,82,11,23,0,14,218,460
FLOYD - 60,2097,22,2078,1926,122,0,0,10,7,15,14,0,0,14,0,142,1836,0,1842,1712,121,0,0,9,0,0,16,0,0,18,0,121
FLOYD - 65,5414,148,5267,4102,991,0,58,0,1,5,83,0,2,83,53,1013,4230,59,4165,3145,851,0,61,0,1,0,84,0,0,83,57,872
FLOYD - 75,5320,1481,3812,2258,1131,0,60,6,0,60,22,172,7,30,224,1216,3883,816,3057,1974,910,0,62,5,0,11,18,37,0,18,95,924
FLOYD - 76,6209,1831,4403,3074,994,0,62,0,8,168,2,9,11,16,75,1184,4295,1022,3265,2393,681,0,42,0,0,69,9,14,11,25,56,785
FLOYD - 80,3583,506,3148,2688,165,0,0,75,128,5,25,85,0,29,85,169,2716,212,2561,2338,98,0,0,75,0,0,29,30,0,30,30,95
FLOYD - 85,2333,18,2311,1726,494,0,28,0,0,9,36,4,0,39,32,498,1905,17,1887,1502,329,0,0,0,0,6,38,0,2,45,0,335
FLOYD - 90,6082,348,5724,3329,2024,0,73,0,52,215,29,4,3,33,73,2216,4345,127,4226,2585,1328,0,68,4,58,146,26,0,0,27,56,1478
FORSYTH - 1,14525,719,13791,8607,920,20,3775,5,2,29,18,293,0,32,4083,949,10509,599,9888,6625,824,7,2278,5,4,4,0,83,4,9,2374,835
FORSYTH - 10,21803,1336,20436,16310,615,12,2697,0,74,86,133,461,0,147,3159,695,15010,772,14229,11884,539,10,1292,0,15,61,79,337,0,88,1632,602
FORSYTH - 11,8227,584,7621,6587,228,8,646,0,36,31,59,49,0,61,672,242,6238,455,5770,5212,180,2,199,0,7,25,44,39,0,44,223,204
FORSYTH - 12,2209,167,2037,1947,53,0,0,0,0,22,8,0,0,8,4,76,1859,125,1733,1677,51,0,0,0,0,14,6,0,0,6,0,44
FORSYTH - 15,7747,585,7197,6707,206,0,117,0,26,35,32,72,0,31,194,241,5799,451,5361,5127,154,0,37,0,0,0,25,18,0,25,62,153
FORSYTH - 16,12783,1206,11561,9840,749,19,200,0,227,318,80,197,0,96,367,1097,10075,762,9277,8104,652,23,158,0,201,133,94,70,0,114,210,767
FORSYTH - 17,7009,887,6124,4537,217,0,1087,0,103,0,15,127,0,15,1215,215,4947,444,4505,3485,210,5,598,0,105,0,16,52,0,21,646,208
FORSYTH - 19,8490,208,8278,3245,816,26,3850,0,128,0,44,199,0,64,4052,808,6038,162,5872,2742,479,10,2533,0,81,0,21,16,0,32,2549,475
FORSYTH - 2,11090,1704,9356,5094,1671,0,2377,0,8,102,56,138,0,56,2499,1776,7777,706,7061,4306,1158,0,1455,0,0,77,60,103,0,60,1549,1236
FORSYTH - 20,6142,1126,5018,3277,159,10,1308,0,0,17,78,76,0,87,1385,179,4226,690,3541,2498,132,14,623,0,0,0,79,54,0,92,677,136
FORSYTH - 21,8761,622,8168,4320,647,8,3098,0,25,11,6,109,0,15,3202,666,6352,445,5934,3571,282,8,2052,0,18,0,0,19,0,7,2070,286
FORSYTH - 22,7157,745,6450,4946,129,7,1006,0,0,58,44,384,0,51,1400,195,5191,485,4721,3876,63,0,515,0,0,0,33,325,0,32,842,62
FORSYTH - 24,9387,350,9053,6351,332,0,2299,0,3,5,16,118,0,21,2417,340,6928,288,6655,5024,244,0,1405,0,0,9,4,42,0,4,1440,258
FORSYTH - 25,17364,677,16663,9571,323,5,6426,0,3,29,34,223,4,49,6642,351,11747,441,11287,7180,320,0,3637,0,0,15,36,117,0,38,3764,328
FORSYTH - 27,12973,1336,11616,10433,404,0,326,4,159,156,18,120,0,19,444,548,9005,750,8272,7571,296,0,158,0,111,54,22,103,2,22,253,337
FORSYTH - 29,10723,1125,9589,7437,502,0,1400,0,36,26,46,137,0,47,1534,520,7935,685,7244,5994,353,0,760,0,8,12,20,72,4,25,829,369
FORSYTH - 3,8488,930,7568,7252,161,6,46,0,0,8,58,27,0,66,73,168,6767,554,6220,5968,113,7,44,0,0,0,43,21,0,52,65,112
FORSYTH - 30,3483,182,3308,2690,107,0,272,0,28,0,22,153,0,19,356,116,2470,130,2329,1913,69,0,208,0,23,0,24,70,0,24,249,75
FORSYTH - 33,5692,591,5110,4490,370,0,47,0,0,177,16,24,0,16,68,542,4237,355,3899,3592,171,0,47,0,0,52,18,20,0,18,66,232
FORSYTH - 4,7988,749,7230,6926,77,6,100,0,0,90,24,17,0,30,116,174,6388,418,5953,5736,46,4,71,0,0,57,28,15,0,32,85,119
FORSYTH - 5,9703,1152,8617,7295,920,23,176,0,0,19,129,67,0,146,246,952,6807,558,6305,5348,751,11,126,0,0,0,56,23,0,65,151,760
FORSYTH - 6,7910,549,7376,6541,474,0,121,24,40,46,40,17,0,43,144,516,5509,264,5243,4752,217,0,57,24,34,40,26,11,2,30,77,263
FORSYTH - 7,6608,872,5694,4504,288,0,549,0,41,277,31,64,0,34,650,558,5364,581,4761,3792,306,0,160,0,40,231,20,65,0,24,246,551
FORSYTH - 8,6758,523,6234,5216,193,0,603,4,60,0,36,36,0,40,721,184,5004,335,4683,4222,121,0,359,0,44,0,17,0,0,17,390,115
FORSYTH - 9,12334,1378,10956,9975,179,0,601,0,8,59,76,60,0,80,652,237,8644,863,7765,7364,45,0,208,5,0,9,48,60,4,55,266,58
FRANKLIN - 1,3125,24,3094,2747,207,0,66,0,0,4,57,0,0,57,78,212,2474,9,2467,2192,158,0,79,0,0,0,40,0,0,40,79,159
FRANKLIN - 10,337,11,322,317,1,0,0,0,0,2,0,0,0,0,5,3,243,8,235,229,2,0,0,0,0,0,0,0,0,0,3,2
FRANKLIN - 11,1658,1,1657,1566,47,0,49,0,0,0,0,0,0,0,46,46,1276,0,1268,1173,47,0,51,0,0,0,0,0,0,0,51,46
FRANKLIN - 12,721,0,722,722,0,0,0,0,0,0,0,0,0,0,0,0,669,0,669,665,0,0,0,0,0,0,5,0,0,5,0,0
FRANKLIN - 13,1007,1,1011,960,0,0,41,0,0,0,3,19,0,3,51,0,805,1,808,770,0,0,34,0,0,0,1,0,0,1,34,0
FRANKLIN - 2,1549,13,1539,952,494,0,9,0,0,3,9,6,0,9,31,495,1261,15,1246,804,363,0,0,0,0,0,10,7,0,10,26,366
FRANKLIN - 3,2228,270,1955,1827,133,13,0,0,0,11,16,16,5,34,0,151,1801,46,1755,1647,123,12,0,0,0,0,16,19,0,28,0,120
FRANKLIN - 4,4054,366,3689,2963,541,0,0,1,40,110,28,0,0,28,0,651,2936,133,2797,2302,440,0,0,0,38,0,5,0,0,5,0,440
FRANKLIN - 5,1917,26,1894,1774,81,6,0,5,0,0,12,0,0,18,6,83,1464,9,1464,1379,77,0,0,0,0,0,0,0,0,0,3,80
FRANKLIN - 6,3220,112,3104,2218,621,0,93,0,0,92,11,15,76,87,102,787,2538,102,2433,1920,368,0,51,0,0,56,23,14,21,44,62,442
FRANKLIN - 7,1453,1,1442,1437,0,1,0,4,10,0,0,10,0,0,1,0,1150,1,1139,1140,4,0,0,0,9,0,0,24,0,0,2,4
FRANKLIN - 8,1326,54,1282,1267,1,4,5,0,0,4,0,19,0,5,14,4,859,53,815,804,1,0,0,0,0,3,0,3,0,0,9,3
FRANKLIN - 9,921,19,907,847,4,0,0,0,6,10,0,0,0,0,14,15,710,11,702,658,5,0,0,0,2,4,0,0,0,0,13,10
FULTON - 01A,4382,226,4195,2611,1190,0,188,0,30,54,14,79,0,43,266,1275,3943,176,3803,2366,1128,0,180,0,31,13,5,53,0,36,232,1175
FULTON - 01B,5174,266,4917,3418,1157,0,198,0,136,6,0,2,0,0,247,1157,4160,256,3910,2806,928,0,174,0,23,0,0,0,0,0,198,927
FULTON - 01C1,1597,54,1542,236,1239,7,19,0,0,43,0,51,0,8,64,1279,1293,51,1240,236,965,3,21,0,0,21,0,38,0,4,55,986
FULTON - 01C2,608,0,613,0,619,0,0,0,0,0,0,0,0,0,0,621,468,0,470,0,474,0,0,0,0,0,0,0,0,0,0,475
FULTON - 01D,1132,22,1111,174,958,0,0,0,0,4,0,0,0,0,0,961,801,24,777,172,619,0,0,0,0,8,0,0,0,0,0,624
FULTON - 01E,4134,126,4008,2801,602,0,243,4,99,94,5,168,0,5,411,696,3172,107,3065,2221,515,6,242,0,77,11,0,0,0,6,242,526
FULTON - 01F,1744,72,1671,344,1235,0,17,0,13,40,0,0,0,0,58,1271,1470,66,1402,339,1012,0,17,0,0,38,0,0,0,0,29,1049
FULTON - 01G,3309,93,3216,1071,2008,0,78,0,33,0,7,4,7,14,82,2015,2398,65,2333,975,1254,0,81,0,0,0,6,5,5,11,86,1259
FULTON - 01J,3287,105,3181,345,2748,10,7,0,0,22,0,14,37,47,21,2808,2203,53,2152,285,1790,8,2,0,0,16,0,16,38,46,18,1843
FULTON - 01P,1624,77,1557,154,1374,0,14,0,0,0,0,3,0,0,16,1369,1197,5,1197,149,1032,0,3,0,0,3,0,0,0,0,3,1035
FULTON - 01R,1402,13,1374,70,1188,0,28,0,0,99,0,2,0,0,31,1291,898,10,879,61,786,0,12,0,0,31,0,0,0,0,12,817
FULTON - 01S,2218,232,1985,258,1594,0,0,0,22,0,0,24,93,93,24,1686,1753,188,1562,259,1227,0,0,0,0,0,8,23,48,56,23,1277
FULTON - 01T,3535,488,3042,1052,1754,18,31,0,9,67,7,0,0,24,37,1826,3082,322,2759,1039,1544,17,40,0,10,18,10,0,0,26,44,1562
FULTON - 02A,5208,201,5007,1444,2486,28,843,0,18,27,4,115,42,74,958,2555,4848,196,4652,1379,2208,24,846,0,22,35,6,89,43,73,935,2286
FULTON - 02B,2478,112,2366,1081,1178,0,82,0,41,19,0,42,0,0,130,1200,2411,106,2303,1053,1144,0,80,0,35,16,0,43,0,0,129,1164
FULTON - 02C,2633,124,2512,953,1365,0,105,0,23,17,7,0,0,8,102,1402,2645,127,2524,950,1371,0,106,1,28,21,7,0,0,7,103,1411
FULTON - 02D,7006,277,6741,4118,2128,0,260,0,99,128,6,67,0,5,321,2228,6106,222,5889,3787,1649,0,248,3,95,108,6,54,0,6,299,1728
FULTON - 02E,2436,118,2315,1991,75,0,182,0,0,32,2,79,0,3,261,102,2026,117,1907,1723,33,0,124,0,0,18,0,42,0,2,166,59
FULTON - 02F1,3367,124,3245,2420,262,0,335,0,18,98,36,61,0,35,393,356,3114,128,2994,2264,245,0,318,0,14,94,42,5,0,40,323,336
FULTON - 02F2,851,70,781,433,316,0,5,0,0,0,0,0,27,27,5,343,811,66,745,421,298,0,0,0,0,0,0,0,26,26,0,324
FULTON - 02G,4426,271,4145,3218,459,0,214,0,0,83,9,119,16,32,342,575,4085,249,3825,3030,393,0,151,0,0,99,10,109,16,34,266,514
FULTON - 02J,2780,230,2549,502,2079,11,29,0,0,0,0,5,0,11,35,2069,2698,231,2469,503,1997,11,33,0,0,0,0,6,0,11,40,1988
FULTON - 02L1,7852,649,7204,4890,1255,0,557,0,294,104,10,61,0,10,621,1420,7724,657,7067,4821,1199,5,558,0,282,119,5,70,0,10,631,1356
FULTON - 02L2,2914,299,2615,1503,438,0,355,0,31,223,14,51,0,14,406,661,2885,278,2607,1503,437,0,357,0,30,221,12,47,0,12,404,658
FULTON - 02S,7241,277,6961,2299,3401,21,802,6,54,116,0,168,84,98,973,3596,6980,273,6706,2250,3195,27,788,4,56,119,5,172,83,107,960,3393
FULTON - 02W,4857,238,4618,1915,1834,0,537,0,215,57,0,60,0,0,597,1891,4660,160,4500,1921,1700,4,540,0,216,61,0,54,4,8,594,1765
FULTON - 02X,7889,789,7093,3453,1774,11,1483,0,5,37,22,271,67,96,1750,1864,7708,772,6931,3433,1668,5,1451,0,7,42,24,221,67,88,1671,1763
FULTON - 03A,2584,2,2581,405,2135,0,17,0,10,0,0,0,25,25,25,2163,2091,3,2087,392,1651,0,14,0,9,4,0,0,24,24,14,1679
FULTON - 03B,737,170,567,0,563,0,0,4,0,0,0,0,0,0,0,563,407,22,385,0,385,0,0,0,0,0,0,0,0,0,0,385
FULTON - 03C,2261,141,2151,88,2034,15,0,0,0,0,0,0,0,15,0,2036,1491,63,1436,80,1346,7,0,0,0,0,0,0,0,7,0,1348
FULTON - 03D,674,53,610,145,416,21,0,0,0,5,0,16,0,21,16,424,598,14,579,147,382,24,0,0,0,0,4,16,0,28,16,384
FULTON - 03E,3805,28,3802,181,3432,0,35,0,18,144,0,0,0,0,35,3573,2937,12,2943,182,2661,0,33,0,15,59,0,0,0,0,33,2719
FULTON - 03G,891,19,858,70,642,0,7,0,80,0,0,0,58,58,7,700,713,15,685,70,511,0,0,0,40,0,5,4,54,59,4,564
FULTON - 03H,1660,8,1652,219,1433,0,0,0,5,35,0,0,0,4,0,1470,1350,9,1338,188,1164,0,0,0,0,14,0,0,0,0,0,1178
FULTON - 03L,701,0,705,24,573,0,0,0,0,0,0,0,143,143,0,678,461,0,463,25,331,0,0,0,0,0,0,0,140,140,0,436
FULTON - 03M,2889,110,2779,977,1684,9,19,0,11,29,9,37,4,22,56,1717,2763,111,2652,912,1671,11,13,0,7,23,8,7,0,19,20,1694
FULTON - 03N,2986,134,2849,429,2312,15,0,5,0,52,5,0,0,20,0,2401,2589,130,2458,323,2032,14,0,0,0,53,6,0,0,20,0,2119
FULTON - 03P1,6433,320,6121,3062,1969,0,545,0,162,46,140,130,34,178,679,2063,6223,318,5909,3046,1820,0,542,0,166,48,132,135,32,172,678,1914
FULTON - 03P2,7,0,6,2,2,0,0,0,0,1,0,0,0,0,0,4,4,0,4,2,0,0,0,0,0,0,0,0,0,0,0,1
FULTON - 03R,1464,164,1313,80,1183,0,35,0,0,0,0,0,30,31,31,1223,1224,96,1134,72,1008,0,25,3,0,0,0,0,22,30,25,1049
FULTON - 03S,1535,105,1399,60,1311,0,0,0,0,0,7,0,0,3,0,1307,813,51,758,49,676,0,0,0,0,0,12,0,0,12,0,675
FULTON - 03T,1777,34,1743,267,1391,0,27,9,0,6,0,14,29,29,41,1426,1590,5,1585,251,1250,0,30,10,0,0,0,16,28,28,46,1278
FULTON - 03U,2075,135,1905,790,918,0,462,0,12,6,5,51,7,21,372,932,1999,117,1892,792,911,6,455,0,11,0,4,52,7,27,363,920
FULTON - 04A,1276,21,1251,129,1085,0,24,0,6,0,0,0,0,0,24,1082,1031,8,1018,130,859,0,26,0,0,0,0,0,0,0,26,856
FULTON - 04B,3170,174,3063,584,1892,18,353,0,9,9,13,67,18,44,549,1931,2920,90,2849,713,1764,18,304,0,14,7,6,35,18,36,471,1801
FULTON - 04D,2036,53,1987,464,1279,0,68,0,1,159,5,7,0,5,62,1425,1669,57,1617,437,1013,0,60,0,0,84,6,5,0,6,62,1101
FULTON - 04E,3931,111,3813,691,2809,0,165,0,15,66,5,29,0,5,194,2882,2890,83,2801,557,2039,0,107,0,17,28,0,23,0,0,130,2077
FULTON - 04G,1223,94,1130,208,750,0,9,0,0,92,0,6,6,6,18,844,885,92,795,182,525,0,9,0,0,8,0,0,7,7,9,542
FULTON - 04H2,1232,0,1239,133,1026,0,0,0,0,113,0,0,0,0,0,1132,919,0,925,117,771,0,0,0,0,66,0,1,0,0,1,827
FULTON - 04K,2386,0,2385,346,2020,0,4,4,21,46,0,3,0,0,4,2070,2266,5,2259,300,1985,0,0,0,27,7,4,0,0,4,0,1990
FULTON - 04L,1933,150,1780,403,1212,0,65,0,0,77,5,15,9,14,80,1296,1680,123,1553,377,1073,0,60,0,0,29,0,16,0,0,76,1102
FULTON - 04M,891,62,829,22,756,0,0,0,0,51,0,0,0,0,0,807,717,64,653,20,617,0,0,0,0,16,0,0,0,0,0,633
FULTON - 04S,3257,16,3240,177,2736,0,0,0,10,15,17,21,275,293,21,3019,2656,16,2640,182,2214,0,0,0,14,0,16,20,203,219,20,2412
FULTON - 04T,977,44,934,239,444,0,0,0,58,98,0,0,122,104,0,621,891,48,846,241,384,0,0,0,75,52,0,0,123,105,0,526
FULTON - 04V,4215,136,4082,173,3728,0,6,0,40,50,0,66,44,44,31,3821,2619,98,2524,174,2211,0,9,0,0,45,0,28,48,48,25,2302
FULTON - 04W,833,21,780,131,362,0,2,0,6,12,4,17,0,0,31,361,829,20,780,0,360,1,2,0,7,14,3,17,0,0,31,360
FULTON - 04X1,1972,33,1936,226,1448,0,15,0,27,51,1,0,13,31,19,1558,1722,31,1687,226,1297,0,15,0,11,26,0,0,13,31,18,1377
FULTON - 04X2,766,8,760,168,522,0,43,0,0,25,0,0,0,0,44,569,655,9,647,120,501,0,46,0,0,0,0,0,0,0,46,498
FULTON - 05A1,3998,512,3444,2555,649,0,104,0,28,58,0,43,37,8,148,713,3824,437,3351,2445,658,0,108,0,25,60,0,43,40,9,152,724
FULTON - 05A2,4218,186,4032,2250,1323,0,434,0,0,23,0,34,0,0,421,1352,3673,156,3517,2037,1067,0,387,0,0,10,0,17,0,0,380,1079
FULTON - 05B,3850,140,3709,697,2710,0,51,0,34,5,20,0,44,64,46,2771,3741,145,3591,704,2590,0,56,0,35,2,20,0,43,63,51,2645
FULTON - 05C,167,19,147,0,95,0,10,0,0,8,0,0,0,0,8,104,150,18,136,0,91,0,11,0,0,9,0,0,0,0,9,101
FULTON - 06A,6408,690,5718,4486,743,12,271,0,0,63,7,118,0,19,382,808,6237,561,5676,4449,727,11,273,0,0,62,18,127,0,29,384,792
FULTON - 06B,1987,86,1900,1698,94,0,91,0,0,0,0,0,0,0,91,99,1777,77,1695,1516,75,0,86,0,0,0,0,0,0,0,86,78
FULTON - 06D,6401,1202,5198,2179,2097,6,416,0,298,136,0,63,0,6,478,2233,5286,844,4445,2000,1672,4,401,0,216,138,0,16,0,4,412,1810
FULTON - 06E,2386,164,2229,1437,462,0,128,0,0,0,3,109,9,13,237,483,2054,172,1899,1325,340,0,92,0,0,0,3,67,8,11,159,355
FULTON - 06F,2992,521,2471,2113,271,0,73,0,0,0,18,0,0,18,71,267,2475,279,2197,1845,255,0,86,0,0,0,10,0,0,10,83,255
FULTON - 06G,4192,88,4104,3156,615,0,130,0,26,87,14,76,0,14,206,702,3703,87,3616,2715,617,0,88,0,29,82,7,78,0,7,166,699
FULTON - 06H,2721,158,2561,2306,98,0,94,0,0,0,6,52,0,6,145,102,2005,116,1888,1754,54,0,85,0,0,0,0,0,0,0,89,54
FULTON - 06J,3671,156,3515,3145,41,0,151,0,21,10,28,162,0,28,320,47,3019,111,2906,2717,28,0,124,0,0,10,15,17,0,15,157,35
FULTON - 06K,1545,78,1466,1187,63,0,74,0,0,157,0,18,0,0,89,159,1437,77,1360,1098,58,0,72,0,0,124,0,16,0,0,85,144
FULTON - 06L1,1318,40,1275,1033,144,15,38,0,29,25,0,0,0,15,36,168,1138,40,1103,910,112,15,41,0,2,27,0,0,0,15,40,139
FULTON - 06L2,1029,14,1018,918,45,0,46,0,0,0,0,0,0,0,48,46,804,11,788,696,40,0,46,0,2,0,0,0,0,0,47,40
FULTON - 06R,1790,11,1779,1414,227,0,73,0,0,0,16,49,0,16,122,227,1703,11,1692,1418,170,0,78,0,0,0,13,13,0,13,91,170
FULTON - 06S,2942,165,2771,2300,196,0,119,0,0,0,12,47,0,12,170,196,2329,112,2201,1914,142,0,85,0,0,0,9,17,0,9,106,142
FULTON - 07A,9316,331,9030,5828,1750,0,996,0,0,211,18,234,0,20,1226,1974,8372,321,8082,5238,1553,2,973,0,3,207,15,108,0,20,1075,1768
FULTON - 07B,3416,156,3263,2851,261,2,27,0,0,8,7,76,4,16,105,270,2602,148,2461,2160,216,2,25,0,1,1,7,17,0,12,49,221
FULTON - 07C,5505,402,5103,3196,1616,6,260,0,0,2,20,17,0,21,278,1612,4813,329,4477,2973,1250,9,238,0,0,12,18,0,0,21,238,1251
FULTON - 07D,5848,369,5480,3795,913,0,410,0,13,255,0,61,0,0,469,1174,5120,342,4778,3420,853,0,200,0,11,266,0,10,5,5,209,1127
FULTON - 07E,7080,687,6391,2962,2740,0,464,0,72,64,6,27,44,50,489,2848,6444,620,5824,2609,2643,0,423,0,13,63,12,24,36,48,446,2742
FULTON - 07F,3616,139,3477,2637,703,0,119,0,0,1,0,45,0,0,163,696,3205,124,3081,2325,638,0,83,0,0,3,0,39,0,0,120,638
FULTON - 07H,2445,85,2348,1868,177,0,55,0,1,77,15,96,0,15,150,259,1961,66,1889,1550,179,0,58,0,0,24,14,36,0,14,94,208
FULTON - 07J,4134,249,3897,3362,367,0,133,0,3,91,0,0,0,0,136,453,3184,75,3115,2646,316,0,127,0,0,55,0,0,0,0,129,366
FULTON - 07K1,1900,0,1900,1361,351,0,72,44,0,44,0,23,5,5,95,400,1578,0,1578,1049,355,0,68,44,0,44,0,18,0,0,86,399
FULTON - 07K2,696,8,690,131,708,0,0,0,0,0,8,0,0,7,0,698,623,11,610,139,558,0,0,0,0,0,9,0,0,9,0,551
FULTON - 07M,4109,278,3833,2807,865,4,128,0,10,0,0,31,0,4,161,865,2869,238,2631,1877,663,0,60,0,0,0,0,32,0,0,93,663
FULTON - 07N,2237,342,1895,760,741,0,227,21,10,92,0,44,0,0,271,833,2119,296,1823,757,663,0,226,21,9,96,0,46,5,5,272,764
FULTON - 08A,3478,173,3297,2632,269,0,227,0,13,33,1,36,0,2,279,300,2661,84,2567,2090,259,0,141,0,10,0,1,27,0,2,170,259
FULTON - 08B,4002,125,3885,3277,371,0,139,0,25,67,4,4,0,4,145,437,2985,104,2883,2515,232,0,70,0,9,60,10,0,0,10,72,289
FULTON - 08C,1629,78,1550,1489,21,0,3,0,0,0,4,35,0,4,22,22,1175,52,1129,1092,10,0,2,0,0,0,0,11,0,0,11,14
FULTON - 08D,1407,29,1376,1309,30,0,17,0,0,0,0,25,0,0,50,32,946,28,914,890,13,0,20,0,0,0,0,1,0,0,19,14
FULTON - 08E,3003,112,2900,2404,209,0,171,0,0,18,29,129,0,25,291,228,2305,86,2222,1914,132,0,111,4,0,21,18,52,0,13,160,153
FULTON - 08F1,2948,67,2873,2798,34,0,25,0,0,8,7,24,0,5,51,37,1871,32,1834,1805,16,0,27,0,0,0,0,6,0,0,32,14
FULTON - 08G,3008,235,2760,1808,468,0,240,0,0,147,21,10,58,75,259,673,2902,213,2686,1757,467,4,243,0,0,149,13,0,60,72,242,676
FULTON - 08H,2491,186,2305,2217,88,0,0,0,0,0,0,0,0,0,0,88,2158,159,1999,1916,83,0,0,0,0,0,0,0,0,0,0,83
FULTON - 08J,4002,188,3817,3288,130,27,326,4,0,47,10,11,0,37,351,172,2988,112,2869,2369,118,25,317,0,0,47,0,18,0,25,348,159
FULTON - 08K,735,12,720,634,20,0,0,0,0,0,0,40,0,0,26,25,509,3,513,440,10,0,0,0,0,0,0,38,0,0,25,16
FULTON - 08L,6388,487,5901,4398,1206,0,202,55,28,0,8,0,4,12,202,1210,5679,293,5386,3891,1212,0,197,54,27,0,5,0,0,5,197,1212
FULTON - 08M,3284,260,3037,2147,605,0,183,0,55,0,0,55,0,4,229,605,2716,212,2507,1722,526,0,178,0,54,0,0,20,0,5,199,526
FULTON - 08N1,785,60,727,674,18,0,19,0,0,0,1,8,0,3,26,19,516,30,487,443,17,0,16,0,0,0,0,6,0,0,22,17
FULTON - 08N2,2495,47,2455,1750,442,0,149,0,0,59,16,28,0,16,176,504,2330,48,2286,1668,417,0,143,0,0,25,15,10,0,15,155,442
FULTON - 08P,3502,258,3230,1514,1522,0,44,0,77,30,0,68,0,0,111,1548,3146,235,2903,1401,1318,0,47,0,71,29,0,59,0,0,106,1345
FULTON - 09A,6447,653,5778,3178,2024,0,342,0,59,160,9,12,0,9,354,2168,5125,408,4703,2604,1737,0,273,0,41,33,8,3,5,13,279,1776
FULTON - 09B,561,47,526,25,468,0,0,0,64,0,4,0,1,2,0,467,389,34,362,3,345,0,0,0,22,0,1,0,2,2,0,346
FULTON - 09C,2973,19,2954,117,2837,0,0,0,0,0,0,0,0,0,0,2837,2557,18,2539,118,2417,0,0,0,0,0,0,0,4,4,0,2421
FULTON - 09D,2053,28,2014,47,1918,0,40,0,0,0,0,0,0,0,40,1918,1699,27,1665,44,1568,0,40,0,0,4,0,0,0,0,40,1573
FULTON - 09E,3169,324,2832,854,1861,0,71,0,0,0,0,7,25,24,82,1876,2580,308,2266,769,1392,5,58,1,0,0,0,8,37,34,66,1410
FULTON - 09F,4862,341,4521,3415,835,0,175,0,16,59,20,16,0,23,191,885,3896,272,3625,2855,582,0,82,0,16,65,0,22,0,4,104,642
FULTON - 09G2,4574,79,4520,2940,1373,10,44,0,22,79,0,27,0,10,71,1458,3794,78,3736,2516,1067,0,45,0,25,38,0,23,0,0,66,1108
FULTON - 09K,4698,123,4555,272,4219,0,0,0,0,25,0,0,36,36,0,4289,3244,141,3092,250,2776,0,0,0,0,23,0,0,42,40,0,2842
FULTON - 09L,2144,192,1973,250,1596,0,7,0,47,7,0,0,41,44,7,1637,1728,196,1544,221,1244,0,10,0,22,9,4,0,33,40,10,1285
FULTON - 09M,2710,49,2667,1610,732,0,70,0,142,76,16,5,0,16,76,831,1939,35,1906,1137,535,0,68,0,136,5,15,7,0,15,74,543
FULTON - 10A,3218,143,3084,33,2842,0,0,0,3,32,0,0,151,151,0,3037,2323,97,2232,40,2041,0,0,0,3,29,0,3,106,106,4,2174
FULTON - 10C,2673,39,2656,12,2655,0,0,0,0,0,0,0,0,0,0,2652,2321,36,2301,10,2294,0,0,0,0,0,0,0,0,0,0,2293
FULTON - 10D,8270,521,7758,173,7223,0,0,0,280,68,4,0,33,37,0,7313,5080,101,4920,172,4697,4,0,0,0,19,5,1,29,38,0,4748
FULTON - 10E,1218,5,1203,0,1196,0,0,0,0,0,0,0,0,0,0,1200,897,3,885,0,876,0,0,0,0,0,0,0,0,0,0,881
FULTON - 10F,980,24,959,23,868,0,0,0,0,50,0,9,0,0,0,903,819,26,799,23,702,0,0,3,0,72,0,9,0,0,0,738
FULTON - 10G,1471,79,1407,21,1358,0,0,0,0,0,2,0,0,2,11,1383,1187,78,1122,22,1108,0,0,0,0,0,2,0,0,0,0,1100
FULTON - 10H,3618,24,3606,49,3318,0,49,0,20,49,0,10,122,122,68,3502,2825,21,2810,48,2516,0,52,2,22,33,1,10,120,123,71,2702
FULTON - 10J,1150,0,1145,32,1006,0,0,0,0,128,0,0,0,0,0,1108,864,0,860,33,817,0,0,0,0,0,0,0,0,0,0,822
FULTON - 10L,3215,102,3125,43,3015,0,0,0,28,0,5,14,0,1,30,3020,3028,100,2941,43,2836,0,0,0,24,0,5,17,0,2,34,2841
FULTON - 10M,3472,174,3303,488,2594,0,298,0,0,0,0,14,17,17,312,2608,2588,131,2461,461,1903,0,109,0,0,0,0,15,16,16,124,1917
FULTON - 10P,2072,28,2042,82,1878,0,0,0,59,0,0,0,23,23,0,1901,1480,26,1453,76,1314,0,0,0,33,0,5,0,25,30,0,1339
FULTON - 10R,1002,0,990,0,994,0,0,0,0,0,0,0,0,0,0,994,702,0,696,0,695,0,0,0,0,0,4,0,0,2,0,694
FULTON - 11A1,701,0,693,19,672,0,0,0,0,0,4,0,0,5,0,670,679,0,671,20,653,0,0,0,0,0,2,0,0,2,0,650
FULTON - 11A2,402,0,389,11,378,0,0,0,0,0,3,0,0,6,0,376,371,0,358,12,344,0,0,0,0,0,3,0,0,8,0,344
FULTON - 11B,6365,98,6296,51,6154,2,7,0,28,11,0,0,10,14,7,6161,4986,114,4899,49,4772,0,9,0,22,23,0,0,9,10,9,4783
FULTON - 11C,3407,112,3295,1,3229,10,8,0,12,66,5,0,20,35,8,3263,2571,112,2464,1,2416,12,3,0,9,0,0,0,17,29,3,2434
FULTON - 11E1,1685,0,1687,1,1681,0,0,0,0,5,0,0,0,0,0,1681,1124,0,1126,1,1119,0,0,0,0,0,0,0,0,0,0,1122
FULTON - 11E2,1154,0,1158,0,1154,0,0,0,0,0,0,0,3,3,0,1166,956,0,960,0,964,0,0,0,0,0,0,0,0,0,0,970
FULTON - 11E3,4747,1,4750,0,4692,0,73,0,0,0,0,0,1,1,73,4680,3279,1,3278,4,3208,0,71,0,0,0,0,0,0,0,71,3200
FULTON - 11G,2682,33,2643,199,2311,6,0,0,26,52,0,0,26,32,0,2390,2494,21,2470,194,2155,5,0,0,23,53,0,0,21,26,0,2231
FULTON - 11H,2363,70,2294,334,1885,7,0,0,0,33,0,23,24,32,5,1944,1917,48,1869,288,1542,0,0,0,0,0,0,18,24,26,12,1570
FULTON - 11J,1784,5,1777,63,1692,17,0,0,0,0,0,0,0,17,0,1690,1298,6,1291,60,1212,15,0,0,0,0,0,0,0,15,0,1213
FULTON - 11K,2465,115,2355,131,2194,0,0,0,0,0,0,20,18,17,27,2217,1852,77,1785,123,1628,0,0,0,0,0,4,20,18,20,26,1648
FULTON - 11M,4625,105,4487,236,4162,0,13,0,0,92,0,0,0,0,13,4256,3571,92,3436,178,3170,0,8,0,0,91,0,0,0,0,8,3264
FULTON - 11N,2818,34,2783,0,2724,0,53,0,0,0,0,0,15,15,53,2737,2192,32,2155,0,2108,0,34,0,0,0,0,0,18,18,34,2129
FULTON - 11P,3169,1,3161,28,3131,0,0,0,0,0,0,0,0,0,0,3137,2445,0,2442,26,2413,0,0,0,0,0,0,0,4,4,0,2418
FULTON - 11R,4381,96,4282,27,4255,0,0,0,0,0,0,0,0,0,0,4250,3035,52,2976,28,2948,0,0,0,0,0,0,0,0,0,0,2944
FULTON - 12A,1211,0,1193,291,884,0,0,0,0,16,0,13,0,0,13,890,1108,0,1091,298,779,0,0,0,0,14,0,11,0,0,11,784
FULTON - 12B,2536,98,2456,584,1781,0,15,0,0,0,0,18,47,47,33,1838,2066,100,1983,558,1354,0,13,0,0,0,0,18,29,29,31,1392
FULTON - 12C,1623,92,1531,464,960,0,28,0,0,25,0,17,37,37,45,1022,1512,93,1419,432,874,0,29,0,0,23,5,19,37,42,48,934
FULTON - 12D,1599,18,1582,71,1483,0,9,0,0,15,0,0,0,0,11,1496,1237,15,1225,76,1128,0,5,0,0,16,0,0,0,0,5,1140
FULTON - 12E1,2339,493,2015,320,1632,0,7,0,9,52,2,0,0,2,5,1683,2139,464,1830,322,1455,0,4,0,10,39,0,0,0,0,4,1499
FULTON - 12F,1030,53,974,54,863,0,10,4,0,39,0,0,0,0,10,903,783,43,736,48,668,0,9,0,0,9,0,0,0,0,9,676
FULTON - 12G,916,80,817,96,689,0,0,0,0,20,6,0,0,6,0,711,827,54,762,89,640,0,0,0,3,24,0,0,0,0,0,663
FULTON - 12H,4705,179,4394,295,4076,0,7,0,0,23,0,0,24,17,7,4112,3305,115,3055,185,2861,0,7,0,0,0,0,0,28,18,7,2877
FULTON - 12J,4029,0,4029,37,3560,320,0,6,0,101,0,0,5,325,0,3666,2870,0,2870,36,2623,152,0,0,0,59,0,0,0,152,0,2682
FULTON - 12L,566,35,534,73,475,0,0,0,0,0,0,0,0,0,0,471,506,20,486,76,425,0,0,0,0,0,0,0,0,0,0,421
FULTON - 12M,397,36,361,0,305,0,0,0,0,0,0,0,56,56,0,361,289,7,282,0,257,0,0,0,0,0,0,0,25,25,0,282
FULTON - 12S,3864,120,3746,70,3576,0,73,0,0,0,0,0,31,31,73,3606,2612,123,2492,71,2349,0,75,0,0,0,0,0,0,0,75,2350
FULTON - 12T,2898,140,2742,36,2662,0,8,0,8,0,0,0,3,10,8,2674,2230,93,2126,37,2056,0,8,0,7,0,0,0,0,10,8,2065
FULTON - AP01A,2564,61,2502,1662,79,0,618,0,0,11,0,8,0,0,636,91,2317,57,2261,1440,76,0,587,0,0,12,0,2,0,0,593,87
FULTON - AP01B,1865,129,1736,1241,213,16,253,0,0,0,13,0,0,29,253,213,1466,118,1348,1098,144,0,106,0,0,0,0,0,0,0,106,144
FULTON - AP01C,2942,353,2577,1737,272,0,451,0,0,111,0,15,0,0,465,420,2054,243,1819,1308,184,0,290,0,0,21,0,15,0,0,303,226
FULTON - AP01D,952,58,895,452,249,0,119,0,0,0,0,17,0,3,138,257,800,46,754,388,228,3,87,0,0,0,0,12,0,3,101,231
FULTON - AP021,3396,304,3086,2320,317,5,248,0,0,56,17,81,51,74,313,418,2741,260,2476,1861,262,0,207,0,0,47,17,27,51,73,214,359
FULTON - AP022,4962,142,4769,3082,966,0,557,0,24,123,0,124,0,0,670,1078,3418,99,3285,2402,345,0,480,0,0,59,0,42,0,0,517,418
FULTON - AP02B,923,16,1072,803,175,0,72,0,1,42,2,0,0,1,80,217,834,15,918,741,95,0,67,0,0,38,0,0,2,1,71,125
FULTON - AP03,2436,431,2003,344,1453,6,9,0,6,170,6,0,0,12,10,1629,1645,256,1389,345,928,6,7,0,12,78,7,0,0,13,9,1012
FULTON - AP04A,2433,343,2116,1475,315,0,287,0,0,0,0,16,0,0,301,314,1564,109,1472,977,307,0,175,0,0,0,0,19,3,3,191,310
FULTON - AP04B,564,44,518,393,16,0,97,0,0,0,3,3,0,2,100,18,393,38,355,270,15,0,72,0,0,0,4,0,0,0,72,17
FULTON - AP05,6360,654,5697,3783,456,19,1139,0,96,23,31,139,0,50,1301,478,4826,589,4235,3085,307,18,646,0,57,0,28,101,0,46,736,307
FULTON - AP06,2073,173,1907,1716,45,0,28,0,0,54,5,20,0,5,56,94,1419,103,1325,1208,46,0,26,7,0,13,0,2,0,0,32,59
FULTON - AP07A,4362,373,3990,2832,425,0,528,0,1,153,22,91,0,22,583,587,3327,269,3060,2405,377,0,151,0,0,74,23,9,0,23,173,466
FULTON - AP07B,2487,247,2246,1678,129,0,338,0,0,3,7,55,0,5,386,141,1949,182,1774,1362,122,0,205,0,0,3,4,37,0,4,253,119
FULTON - AP09A,5770,244,5529,3058,613,0,1698,0,83,66,11,39,0,11,1726,684,4122,207,3923,2325,545,0,947,0,80,74,6,4,0,6,947,620
FULTON - AP09B,1368,79,1286,599,304,0,341,0,0,4,9,15,0,16,361,303,980,58,909,490,189,0,192,0,0,0,4,5,0,8,196,192
FULTON - AP10,1203,24,1191,1098,1,0,30,0,0,33,9,0,0,11,28,35,960,16,950,888,0,0,15,0,0,20,9,0,0,9,15,17
FULTON - AP12A,4249,434,3815,2130,1103,0,415,0,0,100,25,22,0,25,442,1176,3457,273,3177,2016,801,0,216,0,0,102,10,14,0,10,229,873
FULTON - AP13,3370,323,3052,1594,469,4,926,0,0,0,5,73,0,9,998,468,2416,129,2289,1196,374,0,730,0,0,0,0,7,0,0,736,375
FULTON - AP14,3983,247,3745,2258,546,0,817,0,87,59,14,12,8,30,831,607,2637,116,2518,1651,243,0,659,0,34,30,10,0,8,24,653,280
FULTON - CH01,534,48,482,124,397,0,0,0,0,1,0,0,0,0,0,394,373,56,319,120,212,0,0,0,0,0,0,0,0,0,0,211
FULTON - CH02,338,24,320,152,158,0,0,0,0,2,0,0,0,0,0,160,265,20,247,132,102,0,0,0,0,0,0,0,0,0,0,100
FULTON - CH03,232,0,228,224,8,0,0,0,0,2,0,0,0,0,0,11,212,0,211,204,11,0,0,0,0,0,0,0,0,0,0,10
FULTON - CH04A,1107,14,1112,1209,27,0,0,0,0,13,0,0,0,10,0,41,895,13,881,930,24,0,0,0,0,13,0,0,0,9,0,35
FULTON - CH05,536,6,534,545,13,0,0,0,0,17,0,0,25,6,0,25,461,3,468,455,14,0,0,0,0,16,0,0,24,6,0,30
FULTON - CP011,1561,101,1447,449,978,0,0,0,0,22,3,0,0,1,0,1002,1363,44,1305,435,844,0,0,0,0,23,4,0,0,2,0,868
FULTON - CP012,1440,17,1449,256,1178,0,0,0,0,26,2,0,0,4,0,1203,1133,21,1137,240,911,0,0,0,0,0,2,0,0,4,0,910
FULTON - CP01B,347,0,353,154,161,0,48,0,0,0,0,0,0,1,48,163,295,0,294,131,124,0,44,0,0,0,0,1,0,0,46,124
FULTON - CP02,1200,4,1188,278,842,0,52,0,0,11,0,0,0,0,52,855,1116,0,1112,221,821,0,50,0,0,15,0,0,0,0,50,836
FULTON - CP04,115,0,102,0,78,0,0,0,0,6,0,0,0,0,0,83,68,0,57,0,40,0,0,0,0,0,0,0,0,0,0,40
FULTON - CP051,1864,68,1771,38,1685,0,4,0,0,74,0,5,0,0,9,1727,1493,50,1428,38,1369,0,0,0,0,21,0,0,0,0,0,1389
FULTON - CP05B,98,0,99,0,101,0,0,0,0,0,0,0,0,0,0,101,70,0,71,0,73,0,0,0,0,0,0,0,0,0,0,73
FULTON - CP06,999,1,998,9,812,0,63,0,0,100,0,0,0,0,63,919,695,1,692,11,589,0,66,0,0,18,0,0,0,0,66,610
FULTON - CP07A,2053,154,1923,20,1812,0,0,0,10,46,0,0,0,0,0,1891,1392,117,1288,21,1230,0,0,0,11,19,0,0,0,0,0,1254
FULTON - CP07B,17,0,16,0,14,0,0,0,0,0,0,0,0,0,0,14,9,0,8,0,6,0,0,0,0,0,0,0,0,0,0,6
FULTON - CP081,599,0,612,0,596,0,0,0,0,8,0,0,0,0,0,619,503,0,513,0,496,0,0,0,0,8,0,0,0,0,0,518
FULTON - CP083,833,0,832,0,761,0,80,0,2,0,3,0,0,0,80,754,525,0,528,0,446,0,81,0,3,2,3,0,0,0,81,444
FULTON - EP01A,541,48,490,47,397,0,0,0,0,8,0,0,7,5,0,432,452,26,426,48,352,0,0,0,0,9,0,0,7,5,0,379
FULTON - EP01B,1414,189,1207,65,989,0,0,0,37,110,0,6,21,23,6,1117,931,49,868,57,666,0,0,0,14,108,0,10,21,23,10,784
FULTON - EP03,2056,164,1912,326,1588,8,0,0,0,0,6,0,0,13,0,1578,1534,37,1513,257,1267,0,0,2,0,0,4,0,0,5,0,1253
FULTON - EP04,1931,96,1836,624,1119,0,69,0,0,12,7,0,0,8,69,1131,1684,76,1607,596,917,0,65,0,0,8,9,0,0,10,65,926
FULTON - EP05,3987,1041,2947,779,2032,0,7,0,0,107,22,0,0,20,7,2135,2927,355,2578,743,1752,0,5,0,0,66,19,4,0,18,8,1817
FULTON - EP06A,3441,423,3045,168,2779,0,0,0,15,77,0,0,20,20,0,2850,2538,217,2342,160,2134,0,0,0,0,26,0,0,20,20,0,2173
FULTON - EP06B,772,156,602,11,572,0,18,0,0,8,0,0,0,0,14,585,469,60,404,11,367,0,58,0,0,11,0,0,0,0,29,381
FULTON - EP071,3329,560,2780,814,1840,0,14,0,0,45,21,40,0,20,54,1882,2701,289,2412,689,1629,0,15,0,0,12,11,41,0,10,56,1643
FULTON - EP072,2176,108,2063,400,1597,0,48,0,0,17,0,0,0,0,52,1621,1586,73,1516,372,1078,0,13,0,0,23,0,0,0,0,42,1103
FULTON - EP07B,589,4,564,54,493,2,0,0,0,0,0,0,0,4,0,502,489,0,471,49,405,0,0,3,0,0,0,0,0,0,0,416
FULTON - EP08A,8081,273,7815,168,7445,0,0,0,0,176,0,0,26,26,0,7645,5208,107,5107,158,4857,0,0,0,0,62,0,0,28,28,0,4945
FULTON - EP08B,2679,142,2517,107,2379,0,0,0,0,0,0,0,0,0,0,2382,1683,34,1642,111,1505,0,0,0,0,0,0,0,0,0,0,1506
FULTON - EP08D,807,0,814,4,826,0,0,0,0,0,0,0,0,0,0,825,711,0,717,4,729,0,0,0,0,0,0,0,0,0,0,732
FULTON - EP09,1657,245,1411,146,1238,0,0,0,1,16,0,0,11,11,0,1265,1448,159,1288,144,1119,4,0,0,3,10,0,0,11,15,0,1140
FULTON - EP10A,56,4,52,0,42,0,0,0,0,5,0,0,0,0,0,44,41,0,41,0,35,0,0,0,0,0,0,0,0,0,0,35
FULTON - EP10B,1404,113,1294,181,993,0,17,0,62,29,0,0,0,0,17,1025,1163,54,1107,179,881,0,13,0,19,0,5,0,0,5,13,882
FULTON - EP11A,2111,65,2039,32,1782,0,196,0,21,0,0,0,6,6,196,1795,1865,64,1798,32,1547,0,197,0,20,0,0,0,4,4,197,1556
FULTON - EP11B,319,38,280,34,247,0,0,0,12,0,0,0,0,0,0,245,256,27,227,40,189,0,0,0,13,0,0,0,0,0,0,187
FULTON - FA01A,15495,1027,14478,1262,13139,0,146,0,13,41,0,0,0,0,123,13177,11367,727,10660,1134,9459,0,132,4,14,19,0,0,0,0,131,9475
FULTON - FA01B,1877,67,1845,115,1693,0,0,0,0,0,0,0,0,0,0,1699,1113,63,1056,116,908,0,0,0,0,0,0,0,0,0,0,910
FULTON - HP01,6005,1206,4799,1975,2381,9,292,0,39,61,0,42,0,9,334,2442,4527,438,4089,1843,1876,0,260,0,39,29,0,42,0,0,302,1905
FULTON - JC01,6378,269,6110,2823,368,0,2858,0,4,17,8,105,0,9,2965,379,4647,148,4500,2206,227,0,2058,4,0,0,5,18,0,6,2076,224
FULTON - JC02,4405,324,4080,1633,331,0,1692,0,65,0,20,266,0,19,1956,337,3196,180,3015,1499,323,0,1123,0,0,0,23,29,0,22,1152,326
FULTON - JC03A,705,45,661,386,0,0,291,0,7,12,0,0,0,0,288,10,526,35,491,284,0,0,218,0,3,1,0,0,0,0,211,2
FULTON - JC03B,3759,190,3583,2390,561,0,602,0,5,0,0,33,0,0,639,559,2362,148,2216,1377,302,0,510,0,0,0,0,22,0,0,539,300
FULTON - JC04A,5417,407,5013,3202,672,0,1035,0,0,5,23,88,0,16,1118,682,3738,303,3444,2277,462,6,690,0,0,0,17,13,0,19,705,460
FULTON - JC04B,609,0,611,236,49,0,279,0,0,22,0,0,0,0,282,93,393,1,393,165,28,0,157,0,0,13,0,0,0,0,163,69
FULTON - JC05,2643,103,2525,1578,209,0,601,0,27,35,0,0,32,32,600,280,1831,89,1740,1158,117,0,402,0,9,7,0,4,33,33,406,158
FULTON - JC06,3428,205,3223,1999,138,0,984,0,0,0,0,102,0,0,1086,138,2670,119,2551,1528,87,0,844,0,0,5,0,87,0,0,931,92
FULTON - JC07,5221,347,4882,2028,365,0,2376,0,10,54,0,35,0,0,2408,428,3723,147,3585,1527,351,0,1674,0,12,29,0,0,0,0,1674,377
FULTON - JC08,3268,120,3148,1288,536,0,554,0,1,751,0,37,0,0,592,1280,2577,105,2471,1132,502,0,386,0,0,431,0,26,0,0,411,935
FULTON - JC09,3792,349,3438,1988,695,0,702,0,0,9,0,40,0,0,742,700,2824,196,2623,1541,492,0,558,0,0,8,0,12,0,0,569,499
FULTON - JC10,2819,308,2512,1487,456,0,496,0,0,29,9,31,19,20,524,494,2022,246,1778,1200,308,0,255,0,0,0,9,0,15,18,253,315
FULTON - JC11,4509,179,4334,2609,334,88,1189,0,11,15,4,81,0,92,1273,351,3258,128,3138,2053,276,34,716,0,0,7,0,47,0,34,766,285
FULTON - JC12,3452,326,3118,1926,472,0,648,0,0,108,0,15,0,0,662,542,2764,134,2617,1799,266,0,522,0,0,19,0,9,0,0,530,293
FULTON - JC13A,2724,58,2667,1909,303,0,294,0,5,13,0,141,0,0,446,305,2202,62,2136,1651,242,0,230,4,0,0,0,16,0,0,245,246
FULTON - JC13B,394,25,368,286,46,0,11,0,0,0,0,40,0,0,30,55,341,16,328,281,29,0,12,1,0,0,0,0,0,0,14,25
FULTON - JC14,2895,114,2782,1616,189,0,738,0,0,170,0,7,0,0,755,399,2035,69,1969,1220,147,0,532,0,0,73,0,0,0,0,531,212
FULTON - JC15,1173,138,1023,465,310,0,200,0,38,25,0,24,0,0,214,335,859,92,762,375,232,0,139,0,28,8,0,0,0,0,143,241
FULTON - JC16,2320,107,2222,1447,332,0,372,0,30,52,0,2,0,0,378,364,1674,65,1607,1160,104,0,281,3,0,57,0,2,0,0,287,145
FULTON - JC17,393,35,357,223,63,0,52,0,0,27,0,2,0,0,52,84,299,25,272,177,42,0,50,1,0,6,0,2,0,0,50,49
FULTON - JC18A,3499,69,3428,3076,213,0,99,0,0,9,0,21,0,0,120,222,2669,43,2624,2314,205,0,96,0,0,0,0,0,0,0,96,205
FULTON - JC18B,248,11,238,175,52,0,16,0,0,0,0,0,0,2,12,47,177,4,174,125,35,3,15,0,0,0,0,0,0,2,13,32
FULTON - JC19,6045,932,5113,3809,670,0,351,0,0,0,22,255,0,22,608,670,4229,369,3860,2941,611,0,263,0,0,0,12,34,0,12,297,611
FULTON - ML011,3373,249,3111,2370,103,9,480,0,0,23,24,79,0,33,560,127,2484,221,2253,1672,119,0,417,0,0,7,7,23,0,6,430,141
FULTON - ML012,515,8,509,490,2,0,13,0,0,8,0,2,0,0,15,14,398,2,393,370,1,0,5,0,0,22,0,1,0,0,8,15
FULTON - ML01B,325,32,288,207,38,0,11,0,0,7,7,10,0,7,26,48,214,26,196,145,24,0,6,0,0,0,3,0,0,3,10,38
FULTON - ML02A,3167,579,2582,2200,174,8,111,0,1,3,21,30,0,32,142,200,1996,274,1725,1468,137,0,85,0,0,13,13,0,0,13,85,145
FULTON - ML02B,2491,159,2381,2136,159,0,63,0,2,23,7,1,0,8,78,181,1716,94,1631,1489,107,0,40,0,0,6,3,0,0,3,41,115
FULTON - ML03,4639,444,4209,3388,475,7,167,0,147,47,20,0,0,22,160,554,3201,201,3009,2425,359,0,148,0,103,2,15,4,0,14,147,367
FULTON - ML04,4697,347,4308,3156,488,4,543,0,0,0,0,73,0,3,646,482,3167,141,3002,2300,323,0,384,0,0,0,0,45,0,0,436,321
FULTON - ML05,6772,642,6079,3652,1304,0,1018,0,30,24,10,88,0,11,1098,1335,4401,308,4076,2749,698,0,594,0,0,0,20,26,0,19,619,698
FULTON - ML06,7429,719,6739,3485,2118,13,634,0,23,296,123,22,0,136,660,2413,6107,682,5435,2989,1813,17,457,0,10,48,54,23,0,72,479,1863
FULTON - ML07A,897,0,904,580,46,0,106,0,73,157,11,0,0,9,111,128,641,0,642,472,33,0,92,0,24,25,7,0,0,8,93,49
FULTON - ML07B,2450,301,2143,1645,291,0,152,0,26,0,7,0,0,10,149,304,1752,165,1583,1242,222,0,81,0,19,0,4,0,0,4,81,221
FULTON - MP01,627,28,595,477,82,0,5,0,2,9,8,0,0,8,6,82,570,26,543,458,73,0,5,0,0,0,4,0,0,5,5,65
FULTON - PA01,4416,849,3527,1134,2072,0,0,0,0,17,84,0,0,93,0,2120,3334,556,2754,975,1596,0,0,0,0,20,31,0,0,40,0,1647
FULTON - RW01,4521,352,4169,3762,117,0,163,0,0,42,26,59,0,26,222,159,3617,348,3269,2984,70,5,146,0,0,30,18,16,0,23,162,100
FULTON - RW02,6102,461,5641,4980,295,0,262,0,26,65,0,13,0,0,275,360,4401,235,4166,3600,286,0,204,0,8,63,5,0,0,5,204,349
FULTON - RW03,6715,1149,5568,3838,1236,0,97,0,88,216,31,57,0,31,154,1454,5454,646,4808,3361,1066,0,99,0,90,111,23,55,0,23,154,1178
FULTON - RW04,1916,289,1597,1463,70,0,13,0,10,13,12,37,0,12,41,77,1427,159,1262,1168,57,0,12,0,0,0,13,23,0,12,30,54
FULTON - RW05,4947,1441,3446,2113,1039,0,159,0,51,65,19,0,0,17,156,1099,3544,732,2729,1703,749,4,150,0,47,51,14,1,3,19,147,798
FULTON - RW06,3459,396,3063,2529,200,12,116,0,0,35,11,160,0,23,276,235,2455,174,2280,1915,195,0,83,0,0,36,19,35,0,19,118,231
FULTON - RW07,6116,3247,2791,993,1779,0,35,0,0,0,0,0,0,0,37,1773,2997,931,2066,894,1172,0,10,0,0,0,0,4,0,0,15,1165
FULTON - RW08,3313,185,3128,2851,139,6,128,0,0,4,0,0,0,6,128,147,2827,132,2695,2484,83,7,117,0,0,0,0,0,0,7,117,87
FULTON - RW09,3737,213,3507,2855,298,7,162,0,1,34,39,97,0,45,245,318,2570,134,2420,2064,152,0,84,0,0,53,16,63,0,17,137,188
FULTON - RW10,4094,146,3948,3425,424,0,42,0,10,0,34,0,13,47,42,437,3220,109,3111,2680,369,0,37,0,0,0,14,0,11,25,37,380
FULTON - RW11A,3250,119,3131,2394,523,0,137,0,0,77,0,0,0,0,137,600,2676,103,2573,2019,387,0,108,0,0,50,0,5,4,4,113,441
FULTON - RW12A,3922,398,3494,3142,162,0,72,6,0,25,0,31,0,0,107,186,2958,255,2691,2416,156,6,46,0,0,11,0,16,2,8,60,167
FULTON - RW12B,965,13,985,470,19,0,472,0,0,0,0,7,0,3,477,32,586,5,603,322,10,0,234,0,0,0,0,10,0,3,259,11
FULTON - RW13,4591,984,3609,3095,212,16,167,0,77,34,21,13,0,32,183,248,3490,652,2838,2514,156,11,138,0,0,12,23,0,0,35,139,170
FULTON - RW15,3969,137,3844,3166,255,1,139,0,120,36,7,131,0,10,272,305,2829,68,2771,2390,186,2,98,0,45,17,9,28,0,10,132,209
FULTON - RW16,2151,73,2079,1548,343,0,124,0,8,55,0,0,0,0,124,393,1659,71,1589,1302,190,0,90,0,9,0,0,0,0,0,90,186
FULTON - RW17,3858,211,3647,2606,673,0,108,0,10,223,0,27,0,0,135,896,2957,173,2784,2309,396,4,63,0,12,0,0,0,0,4,63,396
FULTON - RW18,3031,67,2969,2475,69,7,358,0,0,47,5,11,0,11,373,122,2210,42,2166,1806,62,10,255,0,0,14,7,15,0,16,269,80
FULTON - RW19,2784,212,2578,2004,454,0,74,0,0,54,0,0,0,0,75,506,1868,84,1786,1328,332,4,75,0,0,50,0,0,0,4,75,378
FULTON - RW20,2917,219,2730,1784,703,0,118,0,24,79,3,20,0,3,146,786,2237,100,2140,1394,559,0,95,0,0,74,3,24,0,4,124,634
FULTON - RW21A,3787,133,3652,3072,328,0,78,0,0,137,9,6,0,9,85,467,2928,48,2883,2388,327,0,80,0,0,58,9,1,0,9,81,387
FULTON - RW21B,0,0,0,0,0,0,0,0,0,0,0,0,0,0,0,0,0,0,0,0,0,0,0,0,0,0,0,0,0,0,0,0
FULTON - RW22A,4646,344,4302,2319,1349,0,338,0,157,81,6,24,34,40,360,1464,3794,264,3531,2123,1021,0,250,0,0,91,0,7,35,35,257,1147
FULTON - SC01B,5675,2,5667,6,5164,0,219,0,124,1,0,0,134,134,219,5311,4249,10,4241,6,4004,0,66,0,59,0,0,0,87,87,66,4103
FULTON - SC02,1222,8,1214,47,1152,4,0,0,0,23,0,0,0,3,0,1178,1007,5,1003,47,944,0,0,0,0,19,0,0,0,0,0,969
FULTON - SC04,1180,89,1092,598,405,0,75,0,0,3,0,0,0,0,75,413,1023,76,953,593,304,0,75,0,0,0,0,0,0,0,75,308
FULTON - SC05A,722,20,701,0,703,0,0,0,1,0,0,0,0,0,0,696,562,17,546,0,547,0,0,0,1,0,0,0,0,0,0,541
FULTON - SC05B,9667,422,9242,151,8989,0,0,4,0,29,0,0,49,36,33,9059,7041,290,6760,150,6550,0,0,0,0,11,0,32,25,15,42,6576
FULTON - SC07A,10775,307,10648,728,9568,0,93,0,24,258,0,14,0,13,109,9802,7873,165,7830,720,6936,0,90,3,26,47,1,12,0,10,103,6986
FULTON - SC08A,0,0,0,0,0,0,0,0,0,0,0,0,0,0,0,0,0,0,0,0,0,0,0,0,0,0,0,0,0,0,0,0
FULTON - SC08B,5955,281,5662,194,5253,0,28,0,0,138,0,0,0,0,64,5395,4565,146,4412,196,4016,0,26,0,0,144,0,0,0,0,62,4155
FULTON - SC08C,75,2,73,0,73,0,0,0,0,0,0,0,4,4,0,76,72,0,71,0,72,0,0,0,0,0,0,0,5,5,0,75
FULTON - SC08D,443,13,429,29,376,0,0,0,0,0,0,0,0,0,0,376,353,6,347,31,294,0,0,0,0,0,0,0,0,0,0,296
FULTON - SC08E,676,30,647,3,621,0,0,0,0,23,0,0,0,0,0,640,492,31,459,3,447,0,0,0,0,7,0,0,0,0,0,455
FULTON - SC08F,655,20,631,0,598,0,0,0,1,4,0,0,50,50,0,635,587,17,561,4,527,0,0,0,1,3,0,0,48,48,0,564
FULTON - SC09A,4597,13,4584,73,4413,0,90,0,0,0,8,0,0,8,90,4413,3407,13,3394,72,3225,0,87,0,0,0,10,0,0,10,87,3225
FULTON - SC09B,2238,0,2239,0,2239,0,0,0,0,0,0,0,0,0,0,2239,1623,0,1623,0,1623,0,0,0,0,0,0,0,0,0,0,1623
FULTON - SC10,2045,0,2044,202,1802,0,0,0,0,59,0,0,0,0,0,1843,1473,0,1472,190,1242,0,0,0,0,58,0,0,0,0,0,1283
FULTON - SC11A,2014,67,1926,137,1783,0,4,0,0,0,0,0,0,0,4,1783,1530,68,1440,137,1302,0,7,0,0,0,0,0,0,0,7,1301
FULTON - SC11B,1658,44,1635,23,1610,0,4,0,0,0,0,0,0,0,4,1610,1221,43,1200,20,1172,0,2,0,0,0,0,0,0,0,2,1173
FULTON - SC13A,9075,47,9048,59,8839,0,21,0,94,57,0,32,0,0,53,8889,6388,44,6359,60,6219,0,22,0,25,54,0,15,0,0,37,6267
FULTON - SC13B,7096,527,6573,116,6236,0,0,0,0,25,0,91,0,0,58,6275,5129,283,4837,115,4550,0,0,0,0,0,0,61,0,0,51,4564
FULTON - SC14,2461,60,2368,37,2269,0,0,0,34,18,0,0,0,0,0,2287,1634,26,1648,40,1559,0,0,0,33,18,0,0,0,0,0,1576
FULTON - SC16,4704,64,4633,46,4462,4,61,0,14,45,0,0,10,13,61,4516,3516,69,3446,49,3293,4,46,0,14,37,0,4,12,15,50,3338
FULTON - SC17A,55,5,51,0,40,0,0,0,0,0,0,0,0,0,0,44,57,8,52,0,43,0,0,0,0,0,0,0,0,0,0,45
FULTON - SC17C,1923,9,1918,6,1922,0,0,0,0,0,0,0,5,5,0,1919,1076,6,1072,8,1064,0,0,0,0,0,0,0,5,5,0,1062
FULTON - SC18A,1184,8,1177,0,1151,0,4,0,0,13,0,0,0,0,4,1168,1032,2,1027,0,995,0,0,0,6,24,0,0,0,0,0,1015
FULTON - SC18B,6068,345,5737,96,5601,0,98,4,0,5,0,0,5,5,98,5609,4472,208,4262,99,4184,0,29,0,0,8,0,0,2,2,29,4200
FULTON - SC19A,272,0,268,10,242,0,0,0,0,0,0,0,0,0,0,247,267,0,264,9,236,0,0,0,0,0,0,0,0,0,0,237
FULTON - SC19B,2361,110,2245,8,2223,0,0,0,0,0,0,0,0,0,0,2221,1886,105,1777,13,1761,0,0,0,0,0,0,0,0,0,0,1757
FULTON - SC211,2509,20,2477,85,2359,0,8,0,0,34,0,0,23,24,8,2391,1899,15,1873,83,1780,0,8,0,0,0,0,0,0,0,8,1783
FULTON - SC212,6582,322,6218,500,5736,0,10,0,0,13,0,10,0,0,20,5744,4450,271,4168,330,3853,0,28,0,0,11,0,10,0,0,38,3865
FULTON - SC23A,8038,167,7882,70,7591,0,24,0,0,107,5,0,105,110,17,7795,5406,98,5311,72,5104,0,26,0,0,25,0,0,103,103,26,5220
FULTON - SC23B,897,15,862,36,811,0,0,0,0,2,0,0,4,3,7,826,529,11,512,36,469,0,0,0,0,0,0,0,0,0,0,483
FULTON - SC27,1952,124,1829,43,1768,0,11,0,2,0,6,0,0,9,11,1768,1708,50,1658,48,1586,0,11,0,2,2,10,0,0,13,11,1589
FULTON - SC29A,2415,15,2390,41,2342,0,17,0,0,0,0,0,2,2,17,2342,1853,0,1846,38,1799,0,20,0,0,0,0,0,0,0,20,1797
FULTON - SC29B,0,0,0,0,0,0,0,0,0,0,0,0,0,0,0,0,0,0,0,0,0,0,0,0,0,0,0,0,0,0,0,0
FULTON - SC30A,159,0,156,0,153,0,0,0,4,0,0,0,0,0,0,155,139,0,135,0,132,0,0,0,4,0,0,0,0,0,0,135
FULTON - SC30B,2121,28,2110,16,1908,0,0,0,0,115,0,16,0,0,0,2074,1587,35,1571,10,1541,0,0,0,0,0,0,17,0,0,0,1537
FULTON - SS01,4119,169,3951,3570,231,0,96,9,0,27,0,6,0,0,105,257,2970,53,2919,2664,137,0,91,7,0,0,0,0,0,0,97,141
FULTON - SS02A,1412,57,1349,1079,222,0,4,0,0,25,0,0,0,0,4,245,1097,12,1076,887,157,0,2,0,0,16,0,0,0,0,2,172
FULTON - SS02B,1821,44,1783,563,1114,0,87,0,0,38,0,0,0,0,87,1154,1307,38,1278,487,674,0,93,0,0,38,0,0,0,0,93,713
FULTON - SS03,1932,170,1762,1418,142,0,165,0,24,0,0,13,0,0,178,142,1735,125,1610,1330,140,0,108,0,18,0,0,14,0,0,122,140
FULTON - SS04,3998,542,3456,2295,913,5,183,0,15,18,8,19,0,13,202,931,3416,379,3037,2072,731,5,178,0,12,19,5,11,4,14,189,754
FULTON - SS05,2394,21,2386,2260,39,0,66,0,0,19,4,8,19,9,77,71,1770,21,1752,1653,32,0,66,0,0,5,2,1,19,3,66,47
FULTON - SS06,2163,93,2067,1743,134,0,121,0,0,0,28,41,0,28,162,131,1498,16,1480,1195,133,0,116,0,0,0,10,25,0,11,141,134
FULTON - SS07A,1608,68,1540,1031,356,0,85,0,0,29,0,39,0,0,124,385,1369,37,1332,1000,218,0,71,0,0,28,0,15,0,0,86,246
FULTON - SS07B,1318,97,1216,589,469,0,146,0,54,0,58,0,0,42,141,457,1098,39,1045,512,380,0,150,0,53,0,36,0,0,26,142,369
FULTON - SS07C,1095,191,895,652,100,0,146,0,0,0,0,0,0,0,146,99,784,0,765,526,100,0,134,0,0,0,0,0,0,0,134,93
FULTON - SS08A,4343,185,4159,1890,1762,0,211,0,258,0,19,10,0,16,221,1761,3874,158,3719,1755,1504,0,165,0,251,0,20,8,0,18,173,1507
FULTON - SS08B,893,45,852,526,115,0,48,0,41,0,15,0,0,34,53,129,698,15,696,435,75,0,47,0,41,0,9,0,0,21,55,87
FULTON - SS08C,1045,56,989,681,259,0,49,0,0,0,0,0,0,0,49,259,954,57,897,645,203,0,49,0,0,0,0,0,0,0,49,203
FULTON - SS09,3424,141,3278,2862,170,0,212,0,0,18,10,15,0,11,225,188,2742,95,2648,2323,155,0,157,0,0,14,0,0,0,0,158,171
FULTON - SS10,4110,280,3829,3206,246,0,287,0,0,46,10,30,0,9,318,292,3243,172,3073,2574,180,0,254,0,0,49,0,12,0,0,266,227
FULTON - SS11A,5068,448,4628,2974,1307,0,231,0,16,59,18,33,0,18,263,1366,4467,326,4143,2689,1160,0,220,0,0,61,9,10,0,9,230,1220
FULTON - SS11B,3584,1503,1914,1276,567,0,8,0,25,21,0,40,0,0,49,582,2409,500,1803,1257,493,0,0,0,8,16,0,38,0,0,38,508
FULTON - SS11C,1017,149,877,370,443,0,39,0,20,18,0,0,0,0,39,461,938,96,859,352,442,0,49,0,21,19,0,0,0,0,49,464
FULTON - SS11D,346,3,464,267,74,0,18,0,58,0,0,12,0,0,35,79,288,2,365,258,51,0,17,0,15,0,0,7,0,0,36,53
FULTON - SS12,4220,328,3802,2769,718,8,259,0,0,14,1,12,0,9,274,735,3232,271,2897,2024,618,15,211,0,0,6,1,18,0,16,231,624
FULTON - SS13A,3415,577,2802,2145,468,0,57,0,42,22,12,54,0,12,103,492,2683,324,2333,1769,395,0,56,0,14,35,11,41,0,11,83,427
FULTON - SS13B,1368,56,1310,1159,123,0,22,0,0,0,0,8,0,0,30,123,1198,24,1173,1042,108,0,24,0,0,0,0,0,0,0,25,108
FULTON - SS14,1702,175,1642,1605,19,0,26,0,0,19,2,7,0,2,35,32,1358,143,1299,1264,14,0,26,0,0,3,4,3,0,4,29,19
FULTON - SS15A,4038,763,3248,1386,1467,0,58,0,0,166,11,179,0,11,238,1627,3424,421,2985,1367,1294,0,53,0,0,96,12,179,0,12,232,1387
FULTON - SS15B,2820,260,2581,1611,542,0,133,0,0,240,23,34,0,23,166,783,2374,176,2220,1322,509,0,131,0,0,233,24,0,0,24,131,743
FULTON - SS16,2318,12,2295,2043,55,0,82,0,0,28,8,59,0,22,140,92,1706,10,1694,1530,37,0,83,0,0,24,8,0,0,25,84,67
FULTON - SS17,3956,231,3720,2702,592,16,191,0,84,12,6,70,57,79,259,662,3215,176,3033,2202,513,13,143,0,84,0,0,35,59,72,174,571
FULTON - SS18A,815,62,758,676,20,0,29,0,0,4,0,18,0,0,45,26,602,18,584,524,20,0,30,0,0,0,0,0,0,0,30,22
FULTON - SS18B,325,17,291,256,12,0,23,0,0,3,0,0,0,0,23,14,279,7,268,234,10,0,24,0,0,0,0,0,0,0,24,9
FULTON - SS19A,3261,229,3032,1224,1515,21,22,0,21,229,0,0,0,21,22,1744,2802,156,2646,1191,1340,21,26,0,15,49,0,4,0,21,30,1389
FULTON - SS19B,2391,207,2197,1155,807,0,101,0,0,23,0,14,96,96,115,925,2039,186,1858,990,643,0,103,0,0,18,0,5,96,96,108,758
FULTON - SS20,2502,295,2218,1186,810,6,115,0,0,42,17,19,0,23,134,857,2082,134,1948,1075,727,8,39,0,0,46,17,17,0,25,56,775
FULTON - SS22,3624,608,3016,1742,938,0,192,0,0,0,31,103,10,41,295,948,3142,604,2538,1663,632,0,192,0,0,0,12,27,12,24,219,644
FULTON - SS25,1837,22,1814,1404,369,0,35,0,0,8,0,0,0,0,34,377,1524,21,1502,1188,273,0,36,0,0,10,0,0,0,0,34,280
FULTON - SS26,5006,605,4401,1831,2012,7,283,0,24,96,0,138,12,19,421,2120,4130,468,3663,1509,1736,0,199,0,26,98,0,84,14,14,283,1848
FULTON - SS29A,5180,164,5015,2081,1668,21,502,0,254,332,0,110,10,36,612,2011,3765,128,3636,1675,1062,12,274,0,258,329,0,15,0,12,289,1390
FULTON - SS29B,22,7,16,1,45,7,0,0,0,0,0,0,0,2,0,44,7,4,4,0,15,0,0,0,0,0,0,0,0,0,0,16
FULTON - SS31,1963,226,1737,1350,272,0,57,0,0,58,0,0,0,0,57,330,1600,224,1376,1137,213,0,26,0,0,0,0,0,0,0,26,213
FULTON - UC01A,7024,152,6863,76,6664,0,0,0,2,134,11,0,0,7,0,6799,5011,114,4890,75,4693,0,0,0,7,117,11,0,0,6,0,4817
FULTON - UC01B,355,8,347,11,313,0,0,0,0,0,0,72,0,0,36,312,297,5,293,11,255,0,0,0,0,0,0,72,0,0,36,255
FULTON - UC02A,13770,1860,11748,588,10836,0,0,0,84,80,16,0,0,20,21,10959,9792,600,9060,526,8301,0,0,5,65,54,7,0,0,13,0,8360
FULTON - UC02B,272,15,256,2,249,0,0,0,0,0,0,0,0,0,0,261,260,17,243,1,237,0,0,0,0,0,0,0,0,0,0,251
FULTON - UC031,4609,159,4480,293,3977,0,0,0,16,117,0,0,22,22,0,4140,3193,68,3149,289,2681,0,0,0,15,142,0,0,0,0,0,2816
FULTON - UC032,353,5,348,24,302,0,0,0,0,0,0,0,0,0,0,299,320,4,318,24,265,0,0,0,0,0,0,0,0,0,0,262
FULTON - UC033,3,0,2,0,2,0,0,0,0,0,0,0,0,0,0,2,2,0,2,0,2,0,0,0,0,0,0,0,0,0,0,2
GILMER - 1,4704,642,3985,3879,12,1,0,0,15,2,61,0,0,62,0,22,3819,345,3422,3376,8,1,2,0,0,0,26,1,0,29,2,20
GILMER - 10,2626,447,2144,2043,6,14,5,0,35,5,30,15,0,43,23,10,2054,265,1763,1718,9,18,0,0,0,0,8,5,0,25,8,9
GILMER - 11,1021,83,940,875,0,0,0,0,17,0,58,0,0,58,0,0,940,67,879,816,0,0,0,0,20,0,56,0,0,56,0,0
GILMER - 12,2214,107,2106,2029,0,0,0,0,0,0,55,0,0,56,0,8,1815,23,1786,1736,4,0,0,0,0,0,34,0,0,34,0,8
GILMER - 13,3032,352,2685,2610,24,0,17,0,0,2,25,12,0,23,24,17,2282,131,2186,2125,4,0,15,0,0,0,20,5,0,20,17,10
GILMER - 2,1918,214,1759,1702,6,0,9,0,24,0,31,0,0,31,9,3,1563,51,1495,1444,20,0,9,0,21,0,26,0,0,26,9,10
GILMER - 3,3202,500,2736,2656,0,7,0,0,0,18,46,0,0,53,0,16,2384,299,2106,2044,0,10,2,0,0,20,25,0,0,34,2,16
GILMER - 4,1490,123,1363,1278,9,3,29,0,0,0,48,0,0,50,38,12,1235,76,1153,1080,6,3,28,0,0,0,39,0,0,43,28,6
GILMER - 5,4512,227,4359,4178,0,16,15,0,0,19,133,0,0,150,6,16,3689,96,3657,3512,0,11,0,0,0,29,108,0,0,117,0,29
GILMER - 6,1258,94,1175,1129,0,0,22,0,0,2,23,0,0,25,24,3,1219,88,1135,1096,0,0,21,0,0,0,21,0,0,22,22,0
GILMER - 7,1720,80,1615,1610,3,0,0,0,0,0,9,0,0,9,0,2,1618,60,1527,1523,3,0,0,0,0,0,7,0,0,7,0,3
GILMER - 8,1628,180,1456,1437,3,0,0,0,0,0,2,0,0,2,0,4,1335,133,1214,1192,7,0,0,0,0,0,3,0,0,3,0,7
GILMER - 9,2258,296,1915,1813,30,0,51,0,0,0,30,0,0,30,51,28,1736,174,1558,1470,32,0,51,0,0,0,11,0,0,11,51,24
GLASCOCK - EDGH,213,16,198,193,2,0,0,0,0,0,0,0,0,0,0,2,172,16,161,152,2,0,0,0,0,0,0,0,0,0,0,2
GLASCOCK - GIBS,1149,0,1152,947,132,0,0,0,0,0,75,0,0,76,0,133,869,0,873,745,48,0,0,0,0,0,79,0,0,80,0,48
GLASCOCK - MILL,716,0,713,686,10,0,0,0,0,0,15,0,0,14,0,9,609,0,605,587,4,0,0,0,0,0,15,0,0,14,0,4
GLASCOCK - MITC,854,73,780,713,70,0,0,0,0,0,0,0,0,0,0,70,628,34,589,526,70,0,0,0,0,0,0,0,0,0,0,70
GLYNN - 1713,5916,148,5756,4233,1421,0,124,0,0,9,6,8,0,6,132,1430,5070,129,4929,3642,1240,0,93,0,0,9,5,5,0,5,98,1247
GLYNN - 1923,4083,177,3927,3047,479,0,59,0,100,56,0,74,0,0,134,534,3149,67,3072,2392,456,0,22,0,60,0,0,49,0,0,81,460
GLYNN - 1933,4365,309,4047,3247,638,0,120,0,30,80,0,30,0,0,147,719,2840,156,2705,2317,384,4,84,0,0,0,0,0,0,4,73,381
GLYNN - 1943,2716,0,2715,2547,128,0,30,0,0,0,0,0,0,0,32,128,1981,9,1974,1852,68,5,30,0,0,0,0,0,0,5,31,68
GLYNN - 2713,3788,98,3696,3519,49,0,0,0,0,15,47,60,0,46,60,64,3369,100,3280,3158,57,0,0,0,0,0,13,62,0,13,62,53
GLYNN - 2923,3738,119,3613,3531,50,8,0,0,0,4,16,0,10,35,0,64,3115,88,3016,2929,37,10,0,4,0,0,16,0,10,36,0,51
GLYNN - 2933,5461,120,5353,5260,52,0,0,0,0,0,0,34,0,0,33,52,4586,76,4515,4419,45,0,0,0,0,0,0,38,0,0,42,46
GLYNN - 2943,4697,200,4494,4164,64,25,61,0,0,87,52,49,0,77,111,151,4211,108,4105,3828,67,16,53,0,0,82,48,27,0,64,76,148
GLYNN - 2953,763,0,763,732,0,26,0,0,0,0,0,0,5,31,0,5,755,0,755,734,0,21,0,0,0,0,0,0,0,21,0,0
GLYNN - 3713,5467,560,4898,3854,915,0,114,0,0,0,11,21,0,11,135,917,4298,438,3854,3151,623,0,70,0,0,0,9,13,0,9,83,623
GLYNN - 3723,2956,170,2788,1818,501,0,28,0,0,400,8,36,0,8,63,898,1848,87,1761,1396,211,0,26,0,0,60,2,38,0,3,64,276
GLYNN - 3733,3797,138,3678,2944,602,0,15,0,5,86,32,21,0,32,21,685,2999,46,2965,2388,508,0,8,0,10,39,21,21,0,21,14,545
GLYNN - 3743,3908,158,3748,3008,636,0,0,0,0,27,36,17,0,36,17,666,3087,108,2979,2310,565,4,0,0,0,0,39,17,0,43,17,568
GLYNN - 4913,4474,451,4034,2491,959,36,102,0,0,430,14,0,0,43,103,1391,3413,220,3199,2286,775,39,105,0,0,9,14,0,0,45,105,781
GLYNN - 4923,4347,552,3773,1763,1781,0,13,0,0,12,0,170,0,0,214,1796,3303,110,3180,1551,1414,0,11,0,4,0,0,169,0,0,218,1414
GLYNN - 4933,4748,178,4568,2163,1941,0,26,0,69,250,53,85,0,51,93,2183,3971,119,3844,1991,1575,0,29,0,0,126,52,80,0,49,82,1717
GLYNN - 4943,2355,142,2196,1527,668,0,21,0,0,27,8,0,0,10,23,699,2178,94,2075,1432,628,0,18,0,0,50,13,0,0,15,22,661
GLYNN - 5913,886,155,727,81,573,0,2,0,0,0,2,0,52,57,2,624,469,15,454,78,305,0,4,0,0,0,2,0,52,56,4,355
GLYNN - 5923,4750,350,4382,2259,2074,0,12,0,0,0,39,0,0,34,12,2087,3964,234,3714,1951,1726,0,15,0,0,0,14,0,0,13,15,1735
GLYNN - 5933,6414,110,6352,672,5363,0,0,0,199,3,46,0,0,51,0,5358,4485,62,4446,576,3709,0,0,0,81,0,17,0,0,19,0,3701
GLYNN - 5943,2922,654,2254,580,1440,0,0,0,11,136,25,55,8,37,55,1580,2197,345,1855,462,1259,0,0,0,14,62,28,24,7,40,24,1328
GORDON - 1054,2522,143,2378,2252,2,0,0,0,84,2,4,0,0,3,0,4,1777,97,1691,1646,1,0,0,0,48,0,9,0,0,8,0,2
GORDON - 1055,3073,401,2711,2477,40,41,5,0,0,34,49,4,0,87,85,76,2669,304,2393,2214,21,37,9,0,0,12,39,0,0,76,77,34
GORDON - 1056,7705,569,7129,6738,62,0,61,0,0,9,121,137,0,120,198,77,5569,339,5235,5009,61,0,33,0,0,5,68,63,0,67,96,70
GORDON - 1057,664,0,663,638,0,0,0,0,0,0,0,0,0,0,0,0,580,0,574,556,0,0,0,0,0,0,0,0,0,0,0,0
GORDON - 1063,1636,176,1472,1436,16,0,0,0,0,0,0,0,0,0,0,24,1316,175,1170,1143,14,0,0,0,0,0,0,0,0,0,0,22
GORDON - 1064,1201,45,1158,979,10,0,0,0,210,7,4,0,0,6,0,18,798,0,805,726,15,0,0,0,49,0,4,0,0,5,0,15
GORDON - 1235,1383,45,1337,1328,0,0,0,0,0,25,0,0,0,0,0,25,1058,32,1027,1020,0,0,0,0,0,20,0,0,0,0,0,20
GORDON - 849-A,11598,2024,9750,8645,475,4,177,0,32,305,34,34,0,38,168,788,8863,1232,7742,6991,423,9,123,0,2,48,48,14,4,57,94,457
GORDON - 849-B,15546,3268,12091,10444,897,6,211,27,115,364,26,29,0,32,281,1244,11361,1577,9639,8401,808,0,175,32,69,123,30,28,0,30,246,948
GORDON - 856,2476,252,2200,2050,36,0,0,0,4,32,0,117,0,3,41,68,2014,164,1833,1716,40,0,0,0,2,33,0,99,0,0,31,68
GORDON - 874,2472,39,2434,2148,200,0,42,0,0,0,36,8,0,37,50,200,1985,29,1953,1682,201,0,34,0,0,0,25,10,0,26,44,201
GORDON - 973,4230,265,3954,3928,27,0,0,0,0,0,0,0,0,1,2,26,3275,208,3035,3001,28,0,0,0,0,0,4,0,0,7,0,27
GORDON - 980,2022,113,1911,1757,201,2,0,0,0,0,0,0,0,0,0,194,1692,57,1646,1496,222,0,0,0,0,0,0,0,0,1,0,215
GRADY - B,1676,180,1510,1341,123,0,0,0,0,5,11,0,0,16,0,129,1266,64,1200,1064,92,0,0,0,0,3,13,0,0,13,0,97
GRADY - C04,3502,246,3234,735,2385,25,0,0,0,57,19,3,0,46,0,2444,2343,66,2270,507,1707,28,0,0,0,14,20,0,0,49,0,1721
GRADY - C05,5454,982,4465,2363,1826,7,17,0,30,0,11,35,9,26,52,1834,3654,266,3397,1843,1327,8,14,0,29,0,9,0,10,27,14,1330
GRADY - D,629,119,535,361,230,0,0,0,0,0,0,0,0,0,0,226,480,40,429,281,168,0,0,0,0,0,2,0,0,1,0,165
GRADY - H,1293,98,1187,801,347,1,0,0,0,0,9,0,0,16,0,347,999,47,949,660,275,1,0,0,0,0,9,0,0,19,0,276
GRADY - L,538,0,537,318,260,0,0,0,0,0,0,0,0,0,0,260,486,3,482,265,273,0,0,0,0,0,0,0,0,0,0,273
GRADY - M,2407,106,2297,1504,698,0,0,0,5,0,36,0,0,35,0,711,1826,70,1754,1220,469,0,0,0,0,0,39,0,0,38,0,484
GRADY - P,1453,118,1356,771,641,4,0,0,0,0,42,0,0,46,0,634,1152,71,1076,637,527,2,0,0,0,0,28,0,0,29,0,521
GRADY - R,770,51,704,427,246,4,0,0,0,0,0,0,0,1,0,250,535,1,548,365,162,4,0,0,0,0,5,0,0,4,0,164
GRADY - S,1098,82,1011,805,171,0,0,5,0,0,13,0,0,14,0,171,800,32,758,663,76,0,0,0,0,0,15,0,0,15,0,76
GRADY - SH,855,44,812,796,29,0,0,0,0,0,3,0,2,18,0,37,739,19,718,702,15,0,0,0,0,0,0,0,0,16,0,18
GRADY - W,1442,61,1379,1152,143,11,0,0,0,0,1,0,20,14,0,156,1299,47,1253,1035,146,5,0,0,0,0,0,0,21,7,0,165
GRADY - WL,3692,118,3577,3230,444,14,0,0,0,8,47,1,2,59,4,447,2874,44,2849,2550,330,9,0,0,0,9,27,0,0,37,0,334
GREENE - 1,5790,132,5646,2063,3476,0,4,5,0,55,0,0,0,0,4,3541,4655,18,4629,1833,2716,0,10,0,0,30,0,0,0,0,10,2748
GREENE - 2,796,0,821,718,90,0,6,0,0,4,0,0,0,0,6,95,715,0,721,630,90,0,0,0,0,0,0,0,0,0,0,90
GREENE - 3,767,0,757,389,277,0,33,0,0,37,0,0,0,3,33,310,614,5,602,340,224,0,24,0,0,0,0,0,0,3,24,225
GREENE - 4,2181,83,2096,977,881,0,119,0,56,49,41,0,0,38,119,928,1490,14,1477,645,632,0,115,0,54,9,38,0,0,35,115,640
GREENE - 5,1266,196,1071,629,431,5,5,0,0,14,0,0,0,5,6,440,1033,58,978,587,405,0,3,0,0,5,0,0,0,0,3,408
GREENE - 6,649,0,645,205,413,0,0,0,3,17,3,0,11,12,0,439,454,3,450,174,266,0,0,0,0,11,3,0,0,3,0,276
GREENE - 7,696,32,670,421,220,0,0,0,11,0,3,0,7,12,0,229,597,38,567,395,149,0,0,0,12,6,3,0,0,3,0,156
GREENE - 8,7413,523,6886,6631,189,0,81,0,0,0,5,8,0,5,88,189,6645,428,6215,6016,172,0,28,0,0,4,0,10,0,0,38,176
GWINNETT - 1,10402,1029,9426,3349,4735,4,889,0,13,372,21,169,0,23,1062,5092,6798,812,5991,2575,2866,10,424,0,0,102,16,0,0,21,428,2986
GWINNETT - 10,2928,519,2404,1289,777,5,289,0,23,11,0,31,0,5,320,789,2331,286,2041,1110,712,0,170,0,16,14,0,31,0,0,201,726
GWINNETT - 100,5943,147,5793,3083,690,6,1833,48,48,0,0,94,0,5,1926,688,4088,50,4032,2122,541,9,1250,34,22,0,0,65,0,8,1313,540
GWINNETT - 101,1907,278,1629,1004,473,0,123,0,0,0,29,0,0,29,123,473,1601,110,1491,903,454,4,100,0,0,0,30,0,0,34,100,454
GWINNETT - 102,4033,151,3882,2264,1191,0,363,0,0,36,16,12,0,16,375,1227,3009,93,2916,1709,794,0,351,0,0,37,13,12,0,13,363,831
GWINNETT - 103,6013,2976,3037,746,1140,0,1067,0,49,0,0,35,0,0,1102,1140,3332,1209,2123,685,896,0,506,0,0,0,0,36,0,0,542,896
GWINNETT - 104,9033,1021,8017,830,6570,167,76,0,74,126,12,103,45,257,170,6731,6674,679,5995,750,4769,161,77,0,71,44,4,80,44,219,145,4860
GWINNETT - 105,6238,1054,5169,3201,977,0,724,5,12,21,6,199,16,21,925,1017,4380,618,3755,2399,651,0,553,0,12,20,0,105,13,13,664,684
GWINNETT - 106,8419,411,7990,4290,1210,11,1863,0,158,99,3,288,0,14,2084,1307,6321,310,6006,3441,850,12,1423,0,43,9,0,175,0,14,1559,858
GWINNETT - 107,2040,80,1960,1040,349,0,233,0,254,41,0,39,4,4,272,394,1420,47,1373,797,245,0,204,0,65,23,0,39,0,0,243,268
GWINNETT - 108,4805,951,3580,1949,1282,0,71,0,4,179,13,5,0,13,66,1455,3614,519,2829,1708,924,0,56,2,0,37,3,4,0,3,56,973
GWINNETT - 109,2838,759,2055,1030,600,0,370,0,24,89,0,9,0,0,380,657,2026,445,1558,831,422,0,281,0,20,20,0,9,0,0,287,446
GWINNETT - 11,4715,2742,1981,835,571,0,458,0,7,18,0,21,77,63,478,656,2400,846,1574,739,418,0,356,0,7,19,0,11,17,13,367,453
GWINNETT - 110,4679,1774,2921,1183,1178,0,456,0,0,0,0,17,29,29,473,1212,3206,785,2436,1140,845,0,383,0,0,0,0,15,28,28,399,873
GWINNETT - 111,4519,589,3957,1789,1399,0,527,0,106,12,0,33,0,0,560,1413,3059,317,2762,1227,1010,0,442,0,11,13,0,3,0,0,446,1025
GWINNETT - 112,3816,212,3595,2044,677,0,635,7,22,181,0,95,0,3,732,835,2835,114,2716,1672,523,0,424,7,23,9,0,22,0,2,457,533
GWINNETT - 113,2872,858,1986,696,318,0,921,0,0,0,41,0,0,41,924,318,1973,326,1626,670,214,0,723,0,0,0,7,0,0,7,726,215
GWINNETT - 114,7019,2034,4990,2466,1384,42,973,0,64,28,45,41,5,91,996,1415,5240,1026,4218,1992,1311,34,780,0,56,19,42,18,0,74,793,1331
GWINNETT - 115,7461,1892,5585,1374,2076,38,1832,0,14,248,0,0,0,24,1823,2316,5371,998,4385,1139,1543,19,1535,0,12,120,0,0,0,11,1525,1658
GWINNETT - 116,5984,1988,4001,711,1868,4,1190,4,0,77,0,146,0,4,1337,1936,3864,897,2990,641,1343,0,839,0,0,72,0,97,0,0,936,1410
GWINNETT - 117,5902,2734,3164,602,1647,0,631,0,20,203,17,33,0,17,663,1853,3684,1239,2445,485,1316,0,584,0,0,19,17,15,0,17,599,1335
GWINNETT - 118,1995,44,1932,1072,400,3,279,41,3,83,22,0,0,18,282,482,1569,40,1519,922,307,0,169,39,5,35,23,0,0,13,174,343
GWINNETT - 119,3208,71,3168,2082,526,0,352,0,39,136,0,26,0,0,362,657,2429,55,2394,1683,332,0,257,0,26,79,0,0,0,0,257,409
GWINNETT - 12,6667,1048,5619,1011,2456,33,2007,0,15,0,7,0,24,64,2008,2481,5263,588,4666,938,2057,37,1580,0,0,0,7,5,26,68,1585,2081
GWINNETT - 120,2009,930,1092,394,528,4,85,0,22,21,74,7,0,78,93,549,1309,381,963,351,513,0,55,0,0,23,42,10,0,42,65,536
GWINNETT - 121,5122,1257,3866,2000,610,0,1020,0,0,159,6,70,0,6,1105,768,3826,857,2970,1594,567,0,690,0,6,66,6,39,0,6,727,633
GWINNETT - 122,8395,637,7756,1211,5881,0,67,0,2,571,0,28,0,0,98,6465,5659,331,5328,1034,3759,0,32,0,3,489,0,13,0,0,46,4255
GWINNETT - 123,5050,2558,2493,537,1031,0,756,106,0,7,11,41,0,11,801,1039,2897,1030,1867,472,897,0,444,40,0,8,0,9,0,0,454,905
GWINNETT - 124,3280,475,2784,1197,1030,0,395,0,9,145,0,0,39,20,397,1166,2342,288,2041,1096,585,0,332,2,0,4,0,0,40,20,334,609
GWINNETT - 125,2514,79,2440,2264,6,0,87,0,0,20,0,77,0,0,164,26,1643,42,1605,1531,10,0,46,0,0,25,0,0,0,0,46,35
GWINNETT - 126,4308,100,4213,3658,181,0,300,4,0,0,16,40,0,17,339,182,3275,83,3195,2750,157,0,278,0,0,0,1,10,0,2,286,159
GWINNETT - 127,3128,901,2233,712,983,0,411,0,48,60,0,0,0,0,414,1044,2474,576,1899,630,862,0,331,0,28,41,0,0,0,0,333,906
GWINNETT - 128,4458,850,3604,1906,864,0,718,0,13,16,71,13,0,73,732,883,3074,453,2616,1457,582,0,507,0,16,12,39,8,0,40,514,594
GWINNETT - 129,7820,1167,6680,4283,1590,0,750,0,0,46,65,16,19,85,738,1663,4906,668,4247,2885,888,0,445,0,0,0,61,17,19,80,455,917
GWINNETT - 13,4349,335,4007,2539,654,0,303,0,81,269,0,139,0,0,442,925,2899,178,2719,1792,574,0,234,0,0,73,0,27,0,0,261,649
GWINNETT - 130,7171,175,6996,4488,673,0,1607,0,34,47,72,75,0,72,1682,720,4169,97,4072,2688,487,0,848,0,0,7,42,0,0,42,848,494
GWINNETT - 131,4910,465,4442,2445,448,0,1318,0,0,91,0,142,0,0,1461,539,3752,273,3479,2132,313,0,973,0,0,14,0,50,0,0,1023,327
GWINNETT - 132,4710,527,4181,2111,1166,0,611,0,34,151,24,30,0,34,645,1317,3547,303,3236,1785,824,0,505,0,19,0,28,24,0,38,535,823
GWINNETT - 133,7173,828,6351,2935,2535,11,304,0,8,201,25,20,179,161,324,2851,4649,350,4332,2093,1584,8,219,0,2,153,28,20,130,138,236,1812
GWINNETT - 134,6230,809,5415,1705,3079,0,463,0,73,13,6,35,0,6,495,3094,4534,462,4094,1302,2322,0,384,0,30,9,0,14,0,0,394,2346
GWINNETT - 135,6082,1047,5015,2687,1792,26,226,0,85,75,76,47,20,122,267,1893,4103,495,3592,1920,1340,24,143,0,24,54,69,25,18,110,166,1408
GWINNETT - 136,6021,1105,4923,2491,1185,8,980,0,43,130,0,80,0,7,1058,1315,4608,627,3978,2088,911,10,727,0,43,113,0,82,0,9,810,1019
GWINNETT - 137,9088,3016,6072,3390,1876,0,504,0,37,38,0,227,0,0,731,1914,6618,1953,4665,2528,1595,0,374,0,42,39,0,87,0,0,461,1634
GWINNETT - 138,5500,89,5505,1660,378,9,3174,5,2,27,33,289,12,71,3605,419,4362,65,4363,1555,256,4,2456,0,3,3,31,20,4,46,2646,264
GWINNETT - 139,7718,2018,5694,945,2862,0,1704,0,14,96,0,43,4,4,1748,2960,5456,1317,4137,696,2219,0,1131,0,3,41,0,0,0,0,1127,2257
GWINNETT - 14,4403,577,3836,2539,689,0,393,0,13,86,1,106,0,1,501,780,3207,309,2902,1963,516,0,289,0,10,40,3,75,0,3,362,556
GWINNETT - 140,4276,141,4141,3141,30,0,857,0,0,0,26,93,0,26,949,30,2985,73,2912,2220,31,0,637,0,0,0,16,17,0,16,654,31
GWINNETT - 141,3674,329,3346,2196,478,0,406,0,8,178,44,34,0,44,442,656,2806,188,2620,1768,405,0,303,0,9,72,32,32,0,32,335,477
GWINNETT - 142,5551,463,5088,2166,1515,0,1307,0,0,41,0,52,7,7,1359,1563,3838,253,3585,1676,1191,0,683,0,0,0,0,35,0,0,718,1191
GWINNETT - 143,7435,592,6833,1758,2277,0,1901,0,0,592,6,249,0,8,2150,2893,4495,336,4138,1465,1391,0,1121,0,0,6,0,115,0,3,1236,1415
GWINNETT - 144,11498,3484,8001,3154,4037,19,434,0,68,197,20,146,30,99,582,4224,7757,2234,5514,2192,2752,14,351,0,65,63,15,79,13,85,431,2834
GWINNETT - 145,11266,700,10580,2293,7778,0,421,0,162,58,19,0,0,17,419,7827,7272,369,6900,1658,4956,0,307,0,78,18,22,0,0,18,307,4959
GWINNETT - 146,9929,1384,8552,3080,4730,54,127,28,19,185,63,106,0,119,245,4978,7188,761,6427,2733,3203,53,86,23,4,111,61,49,0,118,144,3317
GWINNETT - 147,7665,1177,6489,2100,3600,0,485,0,73,4,13,181,97,104,665,3706,5190,564,4613,1617,2465,0,347,0,35,8,10,101,84,91,447,2562
GWINNETT - 148,1938,391,1548,1023,220,7,248,0,0,0,0,32,11,18,278,231,1456,224,1244,898,123,5,188,0,0,0,0,22,8,14,209,133
GWINNETT - 149,2621,157,2515,1037,752,0,675,0,0,83,13,20,0,13,694,828,2006,114,1926,907,505,0,492,0,0,7,12,7,0,11,501,520
GWINNETT - 15,5379,1230,4142,1669,1571,8,182,0,214,470,10,7,0,14,189,2042,3994,621,3368,1399,1144,0,184,0,196,441,8,6,0,8,189,1585
GWINNETT - 150,4693,1473,3220,468,1534,0,1055,0,19,122,13,9,0,13,1064,1656,3117,499,2618,400,1375,0,821,0,0,0,13,9,0,13,830,1375
GWINNETT - 151,4134,348,3754,1261,2237,0,132,0,11,101,2,32,0,2,165,2351,2861,337,2516,987,1508,0,85,0,0,59,1,0,0,2,85,1549
GWINNETT - 152,5728,335,5391,3601,1433,0,229,0,42,51,0,14,0,0,243,1484,3699,192,3503,2318,923,0,216,0,0,24,0,11,0,0,227,946
GWINNETT - 153,3631,1298,2363,1397,516,0,470,0,0,69,0,49,27,19,519,582,2725,841,1922,1152,426,0,434,0,0,38,0,25,29,21,460,462
GWINNETT - 154,5509,731,4775,2678,1658,10,311,0,26,11,0,90,0,10,401,1668,4315,449,3872,2150,1385,12,218,0,27,0,0,85,0,12,302,1390
GWINNETT - 155,5596,478,5115,2571,908,10,1100,0,148,295,18,35,0,30,1134,1202,4332,333,4004,2162,737,8,803,0,138,121,21,0,0,31,801,861
GWINNETT - 156,4724,487,4525,1074,3268,0,82,0,0,97,10,0,20,30,96,3385,3814,265,3817,998,2736,0,62,0,0,28,14,0,19,33,67,2782
GWINNETT - 16,6882,966,5916,1619,3548,0,615,11,22,48,19,18,16,35,633,3612,5340,572,4768,1340,2828,0,470,14,18,47,20,19,12,32,489,2887
GWINNETT - 17,8299,2033,6292,3962,1869,0,456,0,0,46,0,0,0,0,466,1955,4771,1059,3728,2317,1118,0,350,0,0,0,0,0,0,0,357,1120
GWINNETT - 18,4843,1745,3040,811,1446,8,482,0,34,244,0,35,0,22,516,1653,3129,771,2315,749,1064,4,407,0,17,36,0,23,0,12,432,1103
GWINNETT - 19,3576,1085,2491,1244,857,0,327,0,17,37,0,43,11,11,366,906,2511,610,1902,1028,690,0,198,0,0,10,0,17,13,13,217,713
GWINNETT - 2,5587,637,4947,1671,3008,0,181,0,0,64,0,17,7,7,195,3070,3682,509,3174,1244,1776,0,87,0,0,56,6,0,5,11,86,1831
GWINNETT - 20,4588,2239,2346,809,921,0,449,0,51,37,0,53,16,17,510,972,3279,1228,2047,684,900,0,304,0,52,40,0,51,17,18,357,953
GWINNETT - 21,4408,1685,2717,447,1528,8,656,55,5,15,8,0,0,16,652,1542,2783,718,2062,435,937,7,609,56,0,8,7,0,0,14,607,945
GWINNETT - 22,2820,246,2570,1510,713,0,343,0,0,0,3,21,0,3,363,713,2363,191,2172,1303,523,0,335,0,0,0,13,17,0,12,355,518
GWINNETT - 23,3604,1652,1973,794,832,0,344,0,0,32,0,0,0,0,344,865,2389,816,1591,645,697,0,235,0,0,33,0,0,0,0,235,728
GWINNETT - 24,7808,2506,5448,3397,1465,0,456,0,0,75,12,102,0,12,558,1538,5360,1318,4074,2633,1165,6,207,0,0,0,10,101,0,14,307,1164
GWINNETT - 25,8263,1656,6605,4809,1012,0,618,0,5,111,21,4,0,22,620,1106,5758,1107,4632,3451,602,0,469,0,1,68,12,8,0,12,469,675
GWINNETT - 26,7542,1381,6161,2927,2351,0,680,0,12,100,0,86,5,5,766,2456,5985,1024,4961,2617,1735,0,546,0,11,20,0,32,0,0,578,1755
GWINNETT - 27,6039,656,5378,3461,1291,0,387,0,25,101,20,97,0,21,483,1398,4647,274,4376,2947,966,0,332,8,22,52,12,34,5,18,366,1030
GWINNETT - 28,9041,1031,7980,3346,3461,0,556,0,38,319,43,57,16,113,636,3863,6303,576,5695,2571,2477,0,362,0,16,80,40,51,0,70,423,2609
GWINNETT - 29,2366,178,2185,1240,134,0,351,0,72,0,0,361,24,24,712,158,1620,108,1512,1119,132,0,235,0,24,0,0,0,0,0,235,132
GWINNETT - 3,6289,969,5313,2245,2709,0,302,0,21,0,20,25,0,22,325,2704,4499,619,3875,1628,2001,0,220,0,14,0,14,22,0,16,238,1993
GWINNETT - 30,4072,649,3442,1824,1470,0,43,0,7,19,42,0,6,52,43,1498,3205,392,2813,1478,1224,0,41,0,11,12,14,0,10,22,41,1251
GWINNETT - 31,3448,570,2878,1461,903,0,365,4,24,49,51,21,0,51,386,952,2470,363,2107,1219,584,0,252,0,0,0,30,22,0,30,274,584
GWINNETT - 32,3091,291,2775,1614,407,0,539,0,3,105,0,63,0,0,618,518,2237,198,2026,1211,274,0,436,0,0,56,0,47,0,0,479,322
GWINNETT - 33,2118,298,1818,1275,118,28,382,0,0,7,7,0,0,34,382,125,1612,204,1407,1077,61,15,244,0,0,0,4,0,0,19,244,62
GWINNETT - 34,4175,1314,2861,494,1586,0,622,0,0,66,0,93,0,0,715,1652,2812,569,2243,453,1228,0,468,0,0,0,0,94,0,0,562,1228
GWINNETT - 35,5394,814,4545,1724,1463,7,1013,4,76,26,52,21,46,101,1029,1534,3886,465,3408,1431,1010,0,773,0,25,16,51,21,44,96,792,1070
GWINNETT - 36,3624,336,3295,1977,663,7,418,0,29,24,18,193,54,42,626,699,2571,193,2383,1470,486,11,330,0,11,4,16,81,59,42,430,494
GWINNETT - 37,4139,714,3414,942,2328,0,142,0,0,0,0,18,0,0,160,2328,3406,489,2927,896,1893,0,126,0,0,0,0,23,0,0,149,1893
GWINNETT - 38,3807,1599,2088,939,450,0,526,0,12,4,2,15,85,87,601,553,2523,662,1783,822,422,0,468,0,5,2,2,0,57,59,465,495
GWINNETT - 39,11024,1117,9928,7208,2075,0,625,0,0,35,57,6,0,55,636,2091,8367,642,7737,6039,1167,0,452,0,0,36,58,1,0,56,452,1193
GWINNETT - 4,3890,245,3648,2172,930,13,483,0,37,15,11,0,0,23,485,948,3175,105,3071,2000,686,16,319,0,8,22,11,0,0,26,323,706
GWINNETT - 40,5469,398,5114,3219,962,0,582,0,71,78,34,45,21,55,626,1061,4737,324,4443,2811,817,0,574,5,72,51,23,24,21,44,597,888
GWINNETT - 41,7552,761,6777,1778,4695,0,220,0,0,92,0,9,34,34,225,4827,5115,446,4667,1589,2885,0,140,2,0,56,1,13,36,37,152,2966
GWINNETT - 42,5214,508,4696,2227,1960,6,289,0,3,23,61,60,15,41,339,2029,4228,407,3814,1982,1509,7,205,0,9,39,67,10,11,41,213,1554
GWINNETT - 43,3981,1059,2921,458,1350,0,987,1,72,10,0,55,0,0,1042,1366,3006,492,2491,435,1124,0,886,0,27,5,0,21,0,0,907,1134
GWINNETT - 44,6253,1213,5039,2629,1977,0,241,0,2,39,6,130,0,5,372,2023,4753,783,3966,2118,1589,0,134,0,0,16,0,90,0,3,225,1612
GWINNETT - 45,3534,342,3181,783,2037,0,238,9,53,37,6,14,0,6,251,2072,2926,192,2723,708,1726,0,206,8,5,32,5,18,0,5,224,1760
GWINNETT - 46,2512,482,2065,1104,610,1,436,0,16,0,11,0,0,16,441,611,1984,291,1706,893,450,0,364,0,25,0,11,0,0,10,366,450
GWINNETT - 47,3606,173,3437,1760,1267,0,344,0,0,19,4,0,0,4,340,1277,2567,66,2520,1391,814,0,267,0,0,0,0,0,0,0,268,809
GWINNETT - 48,4674,586,4093,1925,537,23,1475,0,16,71,0,24,10,22,1503,620,3720,262,3457,1774,466,21,1087,0,20,23,0,6,14,21,1093,505
GWINNETT - 49,3325,263,3076,946,1437,9,574,0,4,108,27,0,0,43,572,1544,2359,146,2220,753,1042,0,384,0,4,28,23,0,0,33,381,1069
GWINNETT - 5,2359,453,1902,1043,706,0,36,0,0,9,4,0,0,3,39,712,1726,200,1523,668,659,0,38,0,0,6,3,0,0,4,41,664
GWINNETT - 50,4401,1793,2658,935,1185,28,395,0,10,10,68,0,10,104,396,1205,3151,883,2299,904,880,33,401,0,12,11,36,0,0,69,404,892
GWINNETT - 51,3520,1347,2152,487,1258,0,364,0,7,0,0,7,0,0,371,1257,2251,440,1793,443,1031,0,274,0,9,0,0,17,0,0,291,1033
GWINNETT - 52,2840,178,2672,1130,625,28,781,0,26,51,4,35,0,30,815,698,2128,92,2039,924,504,26,616,0,27,0,0,0,0,25,606,502
GWINNETT - 53,5951,834,5118,1286,3599,0,97,0,0,141,0,0,0,0,97,3743,4403,369,4033,1099,2725,0,88,0,0,123,0,4,0,0,92,2848
GWINNETT - 54,7521,569,6954,4548,1703,0,452,0,100,67,20,85,0,21,542,1768,5293,378,4928,3522,980,0,309,0,16,48,11,62,0,12,373,1022
GWINNETT - 55,7994,1909,6087,3871,1280,0,654,0,109,149,15,0,0,14,646,1443,5174,814,4360,2843,956,0,407,0,10,124,8,0,0,7,407,1082
GWINNETT - 56,3498,325,3101,1828,1233,0,155,0,0,39,0,39,0,0,195,1267,2717,272,2392,1520,793,0,139,0,0,18,4,25,0,4,164,807
GWINNETT - 57,7536,1577,5968,2356,1976,22,1218,0,52,205,19,41,34,86,1260,2212,5812,924,4900,2153,1483,21,981,4,53,101,17,15,32,84,995,1618
GWINNETT - 58,6033,2713,3292,687,1873,0,627,0,2,34,0,10,0,14,638,1921,4025,1347,2628,636,1431,0,483,0,3,30,0,9,0,4,491,1466
GWINNETT - 59,5884,1529,4488,1223,2679,58,210,0,41,57,0,128,114,172,273,2841,4243,757,3560,919,2253,22,163,0,35,39,0,0,116,138,167,2399
GWINNETT - 6,5077,1652,3398,1476,1305,0,460,0,6,50,2,3,0,21,462,1409,3193,686,2488,1263,876,0,300,2,0,15,1,8,0,22,304,903
GWINNETT - 60,8544,2000,6573,1354,3742,0,504,0,208,335,90,107,217,319,610,4305,5858,925,4951,1346,2758,0,407,0,19,151,85,44,146,233,451,3053
GWINNETT - 61,3948,411,3537,2550,595,3,72,0,155,79,44,1,8,59,73,690,2894,243,2653,1836,440,11,51,0,133,77,48,1,9,70,52,530
GWINNETT - 62,2483,32,2451,2105,118,0,207,0,0,0,3,11,0,2,217,118,1824,30,1792,1543,65,0,145,0,0,0,8,6,4,12,151,71
GWINNETT - 63,3208,125,3078,2236,418,0,277,0,21,66,0,48,0,0,313,487,2371,100,2268,1665,361,0,190,0,6,36,0,0,0,0,191,401
GWINNETT - 64,4391,617,3782,1079,2193,0,102,0,6,331,5,52,10,15,155,2535,2996,227,2780,926,1671,4,104,0,2,49,11,7,12,27,111,1730
GWINNETT - 65,2801,1253,1588,426,648,0,517,0,0,13,0,3,0,0,516,657,2130,826,1323,383,536,0,418,0,0,10,0,0,0,0,417,541
GWINNETT - 66,5226,3057,2169,743,819,0,530,0,18,17,36,0,6,42,530,842,3456,1732,1724,675,540,0,470,0,7,18,5,0,9,14,470,567
GWINNETT - 67,7824,1369,6455,2292,2590,87,1317,0,86,24,20,39,0,107,1356,2614,5448,795,4653,1578,2011,0,946,0,88,0,18,12,0,18,958,2011
GWINNETT - 68,6817,337,6514,2403,2124,0,1538,0,262,178,9,10,0,9,1551,2306,5076,153,4941,1898,1539,0,1328,0,93,76,0,9,0,0,1338,1614
GWINNETT - 69,4363,292,4059,1699,1213,0,869,0,3,174,6,16,0,43,867,1426,3187,218,2963,1249,883,0,671,0,3,52,6,25,0,50,677,990
GWINNETT - 7,6257,405,5854,2740,977,0,1821,0,25,124,0,167,0,0,1988,1101,5100,253,4848,2304,861,0,1574,0,0,86,4,19,0,4,1593,947
GWINNETT - 70,4580,593,3987,2283,517,0,952,0,0,198,37,0,0,37,952,715,3555,404,3151,1984,324,0,709,0,0,108,26,0,0,26,709,432
GWINNETT - 71,5876,882,4982,1319,3206,0,247,0,99,0,5,76,0,9,325,3206,4646,610,4031,1171,2435,0,224,0,97,0,4,67,0,5,292,2435
GWINNETT - 72,11870,2333,9558,1338,6721,0,979,4,35,379,30,73,0,30,1052,7093,8689,1255,7440,1145,5179,4,878,0,0,127,33,61,7,44,939,5309
GWINNETT - 73,2415,132,2283,1358,681,0,167,0,0,45,0,32,0,0,199,726,2215,134,2081,1216,643,0,169,0,0,44,0,9,0,0,178,687
GWINNETT - 74,2963,734,2229,174,1953,32,4,0,0,43,12,11,0,44,15,1996,1873,391,1482,158,1248,35,0,0,0,17,11,13,0,46,13,1265
GWINNETT - 75,7862,1035,6830,1185,4849,0,498,0,185,104,4,8,0,4,506,4951,5748,638,5113,996,3643,0,381,0,56,25,4,10,0,4,391,3668
GWINNETT - 76,4399,416,3986,609,3099,0,131,0,0,34,58,0,70,94,140,3207,3366,196,3176,531,2436,0,110,0,0,7,21,0,70,83,122,2507
GWINNETT - 77,7695,1787,5900,1518,2121,8,2076,0,61,52,8,0,0,16,2075,2178,5780,1041,4731,1296,1694,14,1539,0,67,40,8,0,0,22,1540,1735
GWINNETT - 78,5728,710,5023,1483,2721,0,719,0,0,8,188,0,0,189,718,2724,4354,431,3916,1231,2000,0,664,0,0,0,137,0,0,136,663,1998
GWINNETT - 79,3099,436,2666,1385,945,6,295,0,0,0,13,25,0,19,320,945,2043,244,1799,1026,518,4,238,0,0,0,15,0,0,19,238,518
GWINNETT - 8,6186,473,5708,3946,1024,24,585,0,0,114,16,0,1,40,591,1138,4766,277,4486,3153,800,26,445,4,0,41,17,0,0,43,445,841
GWINNETT - 80,9470,948,8521,3221,4575,0,536,0,58,75,27,0,13,43,535,4656,7216,525,6703,2681,3444,0,463,0,32,21,31,0,13,46,464,3473
GWINNETT - 81,6020,533,5469,2188,2655,14,580,0,0,16,9,0,11,31,580,2680,4411,405,4001,1699,1746,12,540,0,0,0,0,0,10,22,540,1753
GWINNETT - 82,6380,967,5413,1892,2235,8,940,0,0,224,10,100,4,22,1040,2463,4864,582,4282,1730,1694,6,700,0,0,70,7,75,0,13,775,1764
GWINNETT - 83,5395,1248,4155,2036,923,0,783,5,49,293,0,71,0,0,877,1223,4158,897,3260,1681,667,0,693,0,43,196,5,6,0,5,697,864
GWINNETT - 84,4547,1036,3496,762,1721,5,731,0,22,39,0,60,57,67,791,1814,3242,546,2683,751,1236,0,502,0,0,19,0,4,53,56,505,1316
GWINNETT - 85,5989,1000,4999,2022,1809,0,760,0,59,135,137,103,0,126,868,1944,4609,712,3908,1768,1369,0,609,0,0,7,135,22,0,124,626,1379
GWINNETT - 86,4125,1771,2333,488,1384,0,375,0,14,47,0,20,4,4,395,1442,2881,761,2114,480,1268,0,343,0,17,0,6,6,0,6,349,1272
GWINNETT - 87,4751,1411,3308,1566,1275,0,432,0,0,24,11,5,4,17,433,1303,3191,953,2213,1135,618,0,435,0,0,19,14,4,0,15,433,637
GWINNETT - 88,7005,1121,5885,2062,3605,0,49,0,98,24,20,20,22,43,68,3644,5170,764,4410,1853,2424,5,41,0,27,23,9,21,26,37,61,2466
GWINNETT - 89,4810,291,4385,2649,845,15,775,0,0,46,0,19,0,15,795,895,3327,144,3162,1958,515,11,629,0,0,15,0,0,0,13,630,530
GWINNETT - 9,9122,1096,8023,5305,1094,4,1235,0,49,157,34,112,0,40,1347,1254,5890,554,5341,3746,777,4,689,0,11,0,35,39,0,42,731,784
GWINNETT - 90,4368,1001,3367,1482,1555,0,228,0,11,31,38,22,0,38,250,1586,3314,541,2773,1374,1123,0,194,0,11,11,43,17,0,43,211,1134
GWINNETT - 91,7742,498,7228,2912,4087,0,66,6,0,134,55,26,0,55,83,4173,5593,335,5249,2272,2894,0,63,6,0,19,11,15,0,11,71,2913
GWINNETT - 92,2897,293,2622,1382,614,0,472,0,0,126,0,12,0,0,483,771,2114,139,1991,1125,422,0,405,0,0,27,0,6,0,0,418,455
GWINNETT - 93,5581,606,4941,2747,1311,0,520,0,34,256,21,42,0,21,559,1563,3974,423,3533,2084,1007,0,396,0,0,13,20,11,0,20,406,1021
GWINNETT - 94,4545,1165,3376,1969,1218,0,193,0,0,0,9,30,0,9,227,1227,3408,453,2936,1822,1007,0,147,0,0,0,8,0,0,8,146,1012
GWINNETT - 95,10025,2061,7880,1776,4425,2,1421,0,44,38,17,185,38,38,1534,4498,7239,1034,6141,1612,3208,1,1226,0,25,23,24,206,17,33,1302,3244
GWINNETT - 96,4130,409,3725,2032,659,36,969,0,0,27,0,30,0,36,992,684,3023,196,2827,1781,402,4,639,0,0,24,0,7,5,9,645,430
GWINNETT - 97,6799,656,6158,2649,1835,0,1433,0,13,71,40,114,0,38,1547,1896,4987,507,4496,2119,1217,0,1076,4,17,8,12,29,0,11,1106,1223
GWINNETT - 98,3571,579,2973,1613,353,31,774,1,137,15,0,50,0,31,800,368,2594,329,2255,1237,285,23,544,0,130,0,2,12,0,25,558,286
GWINNETT - 99,5692,1986,3677,1630,574,5,727,0,18,665,0,37,1,8,782,1241,3725,973,2737,1509,548,0,645,0,7,9,0,9,0,0,659,554
HABERSHAM - 1,6488,339,6156,5724,201,0,67,0,83,11,36,36,0,35,101,210,5216,145,5065,4720,194,0,75,0,29,17,24,10,0,24,85,215
HABERSHAM - 10,3114,313,2800,2752,6,0,32,0,0,7,6,0,2,6,30,15,2529,95,2435,2384,3,4,32,0,0,7,8,0,1,12,29,11
HABERSHAM - 11,1438,34,1380,1332,22,0,3,0,0,1,10,8,0,11,10,24,1067,15,1040,1000,9,0,4,0,2,0,7,7,0,7,13,13
HABERSHAM - 12,380,24,355,304,0,0,50,0,0,0,1,0,0,1,50,0,324,10,314,276,0,0,37,0,0,0,1,0,0,1,37,0
HABERSHAM - 13,2060,102,1976,1949,2,0,6,0,0,0,18,0,0,17,8,5,1753,53,1705,1694,2,0,2,0,0,0,5,0,0,4,2,2
HABERSHAM - 14,1131,114,1020,1007,1,0,0,0,0,2,1,5,0,2,3,5,967,58,922,910,0,0,0,0,0,6,1,0,0,2,0,6
HABERSHAM - 2,3938,943,2925,2200,496,0,113,0,26,14,38,8,0,39,120,500,2840,377,2402,1853,378,0,81,0,5,3,46,3,0,47,85,371
HABERSHAM - 3,4162,301,3865,3462,263,0,21,6,0,37,49,7,4,58,32,306,3444,222,3220,2894,224,0,14,0,0,44,40,0,3,43,22,263
HABERSHAM - 4,6184,990,5205,4776,71,8,216,0,61,16,56,48,0,62,257,96,4506,524,4013,3708,61,0,174,4,12,1,47,15,4,52,181,81
HABERSHAM - 5,5581,759,4822,4000,591,20,81,5,8,88,29,0,0,49,81,679,4142,359,3783,3044,573,9,65,9,9,42,32,0,0,41,65,615
HABERSHAM - 6,1845,121,1716,1620,0,0,9,0,0,7,25,0,0,24,13,16,1484,83,1395,1355,0,0,13,0,0,6,12,0,0,11,9,6
HABERSHAM - 7,2167,35,2135,2075,8,0,28,0,0,38,5,0,0,5,28,34,1614,27,1589,1552,9,0,30,0,0,0,2,0,0,2,33,9
HABERSHAM - 8,2869,99,2765,2687,30,0,2,0,0,43,0,1,0,0,6,72,2232,37,2191,2126,26,0,2,0,0,25,6,4,0,6,4,47
HABERSHAM - 9,3122,785,2400,2315,4,0,23,0,78,8,11,0,0,10,25,11,2279,302,2016,2000,0,0,18,0,15,8,13,0,0,13,21,7
HALL - 1,7706,2524,5164,5061,21,17,35,0,0,7,8,21,0,26,56,35,5869,1211,4648,4596,17,0,35,0,0,0,10,20,0,10,55,18
HALL - 10,2959,942,2011,1685,232,0,75,0,13,0,13,0,0,13,73,227,2413,683,1712,1385,230,0,78,0,15,0,8,0,0,8,76,226
HALL - 11,2682,561,2087,2116,8,0,8,0,3,8,4,0,0,4,8,13,2089,349,1724,1753,10,0,1,2,3,7,3,0,0,3,3,16
HALL - 12,9464,2863,6664,5451,611,0,129,0,52,24,35,207,0,37,342,643,6999,1498,5613,4615,516,0,105,2,74,25,35,78,0,36,202,547
HALL - 13,12210,6664,5495,3770,1241,12,186,0,207,0,3,0,107,121,186,1350,7574,3052,4417,2877,1059,12,188,0,185,0,11,4,109,133,192,1169
HALL - 14,1751,134,1621,1524,90,0,6,0,0,0,0,0,0,1,5,91,1499,94,1399,1316,72,0,0,0,0,0,1,6,0,2,6,73
HALL - 15,5647,525,5121,4813,127,0,47,4,0,65,67,0,0,67,47,191,4303,273,4029,3834,102,0,32,0,0,0,61,0,0,61,32,102
HALL - 16,4254,46,4202,4089,15,0,0,0,10,26,51,0,0,53,9,43,3445,29,3417,3341,14,0,0,0,11,0,36,0,0,37,10,9
HALL - 17,3700,120,3580,3388,145,2,0,0,8,55,17,19,0,17,14,164,2929,62,2869,2792,89,0,0,0,6,1,15,6,0,15,2,70
HALL - 18,3917,499,3353,2961,159,0,0,0,54,180,38,2,0,37,2,340,2925,204,2694,2425,145,0,0,3,29,94,36,4,0,36,2,216
HALL - 19,4114,529,3603,3360,6,0,25,0,34,22,59,62,0,60,97,39,3195,253,2952,2764,0,0,36,6,39,0,64,29,0,64,61,10
HALL - 2,7808,3801,4010,2871,799,10,332,0,8,0,60,25,0,68,351,795,5219,1588,3647,2548,778,10,325,0,6,0,41,37,5,54,347,780
HALL - 20,4754,432,4325,3968,229,0,31,0,10,20,25,45,4,29,62,245,3784,183,3601,3329,172,0,32,0,4,0,25,18,0,25,48,190
HALL - 21,4281,483,3799,3574,48,9,40,0,86,38,5,0,0,14,40,82,3389,300,3088,2897,26,9,35,0,85,36,0,0,0,9,35,63
HALL - 22,5826,309,5431,4908,8,0,376,0,0,81,38,11,0,37,393,90,4395,134,4235,3933,10,0,190,0,0,56,34,0,0,32,195,60
HALL - 23,4608,413,4255,3891,99,0,12,0,10,86,48,67,0,45,79,184,3862,129,3793,3542,86,0,8,0,5,12,49,55,0,44,71,93
HALL - 24,2572,168,2359,2163,205,0,14,0,3,19,0,0,0,2,16,224,2031,88,1939,1716,207,0,10,0,0,18,0,0,0,1,9,229
HALL - 25,5138,1829,3318,1274,1849,0,0,0,0,4,12,0,15,17,0,1853,3538,887,2676,853,1725,0,2,0,0,0,12,0,13,16,2,1733
HALL - 26,10896,5105,5738,2835,1972,0,410,0,0,478,7,36,0,6,447,2447,6551,2427,4078,2514,1019,0,284,0,5,204,0,25,0,2,331,1219
HALL - 27,6231,1699,4521,3236,967,0,54,0,1,263,29,45,7,47,93,1237,4619,992,3574,2590,871,0,32,0,0,55,38,49,10,55,62,924
HALL - 28,2634,316,2321,1674,552,0,19,0,0,59,9,24,0,12,52,613,2115,147,1958,1504,428,0,11,0,0,0,10,38,0,15,43,427
HALL - 29,3780,1251,2582,1986,258,0,148,0,11,24,51,29,0,49,172,293,3060,716,2311,1786,246,0,147,0,13,12,44,27,0,43,167,272
HALL - 3,5095,847,4292,3710,493,0,51,0,14,0,21,20,0,21,73,491,3849,521,3361,2920,360,0,43,0,10,0,20,17,0,20,60,363
HALL - 30,5279,1329,4017,3363,551,0,97,0,19,27,18,0,0,19,99,587,4138,628,3570,2955,466,0,89,0,16,10,14,0,0,15,94,481
HALL - 31,1424,123,1299,1286,6,0,0,0,0,0,5,0,0,4,0,6,1144,61,1088,1077,0,4,0,0,0,0,5,0,0,8,0,0
HALL - 32,5262,118,5193,4855,21,2,145,0,1,71,49,22,0,51,159,119,4109,92,4048,3821,16,0,137,0,0,18,38,13,0,38,141,59
HALL - 33,10829,1035,9776,8701,666,5,111,0,39,118,91,27,4,97,151,805,7868,727,7140,6374,528,0,86,0,0,54,65,18,0,68,124,578
HALL - 34,5927,327,5587,4589,458,0,182,0,0,327,16,42,0,14,225,785,4270,196,4066,3438,437,0,190,0,0,0,20,17,0,17,209,434
HALL - 35,6835,892,5959,4604,442,9,208,0,0,558,25,87,0,39,282,994,4910,616,4301,3624,406,0,177,0,0,43,24,9,0,25,164,460
HALL - 4,1769,199,1653,1622,15,0,23,0,0,0,7,17,0,7,38,18,1521,136,1440,1410,16,0,24,0,1,0,4,4,0,4,28,16
HALL - 5,3589,590,2916,2385,154,0,142,0,0,0,5,199,0,5,343,151,2834,362,2417,2040,152,0,129,0,5,0,3,69,0,3,198,152
HALL - 6,6813,1123,5689,5070,414,0,2,0,99,55,67,0,0,66,2,445,5385,591,4797,4287,371,5,2,0,101,18,13,0,0,20,2,383
HALL - 7,4490,626,3863,3115,413,0,131,0,0,159,10,23,0,14,159,593,3681,354,3320,2709,374,9,137,4,0,71,10,10,0,18,150,448
HALL - 8,7134,1286,5849,4818,115,0,523,0,0,323,29,54,0,26,573,438,5246,743,4505,3940,117,0,357,0,0,29,31,44,0,30,398,146
HALL - 9,7314,911,6420,6032,271,0,24,0,0,45,33,9,0,33,31,308,5541,476,5070,4805,200,5,19,0,0,0,20,0,0,24,19,199
HANCOCK - 1A,1839,0,1839,860,909,0,0,0,0,0,0,0,0,0,0,898,1706,0,1706,866,764,0,0,0,0,0,0,0,0,0,0,758
HANCOCK - 1B,912,0,915,42,870,0,0,0,0,4,0,0,0,0,0,887,612,0,614,40,581,0,0,0,0,0,0,0,0,0,0,581
HANCOCK - 2A,1729,3,1721,456,1303,0,45,0,0,14,0,2,10,0,61,1321,1283,1,1286,391,906,0,49,0,0,0,0,2,6,0,65,915
HANCOCK - 2B,587,1,590,256,374,0,0,0,0,0,0,0,0,0,0,383,492,1,490,224,311,0,0,0,0,0,0,0,0,0,0,320
HANCOCK - 3A,717,0,716,251,326,0,0,0,0,56,0,0,0,0,0,378,628,0,629,197,324,0,0,0,0,57,0,0,0,0,0,370
HANCOCK - 3B,345,0,345,93,233,0,0,0,0,24,0,0,0,0,0,256,316,0,314,95,223,0,0,0,0,0,0,0,0,0,0,226
HANCOCK - 4,2487,7,2479,414,2014,0,4,0,0,2,0,17,26,36,7,2042,2379,9,2366,420,1907,0,4,0,0,0,4,17,17,27,7,1926
HARALSON - 10,3240,28,3210,3009,170,0,14,0,0,0,21,0,57,80,14,217,2644,30,2611,2429,145,0,15,0,0,0,11,0,60,74,15,195
HARALSON - 11,1284,0,1285,1231,0,0,0,0,0,71,0,0,0,0,0,41,1024,0,1026,998,0,0,0,0,0,36,0,0,0,0,0,19
HARALSON - 12,4307,232,4072,3447,764,0,6,0,0,45,0,0,0,0,6,752,3268,167,3097,2700,502,0,7,0,0,0,0,0,0,0,7,481
HARALSON - 13,1647,3,1647,1624,22,0,2,0,0,7,6,9,0,6,15,28,1289,1,1288,1273,19,3,0,0,0,0,1,15,0,4,3,21
HARALSON - 2,10380,282,10097,9327,393,0,140,0,0,46,91,8,6,95,144,456,7466,283,7186,6613,324,1,102,0,0,4,61,0,7,66,114,343
HARALSON - 3,3846,35,3821,3569,97,4,0,0,10,29,60,36,0,64,36,130,3099,36,3078,2935,83,0,0,0,12,10,35,6,0,35,6,93
HARALSON - 4,1582,0,1585,1305,98,0,11,0,0,0,0,0,0,0,11,149,1267,0,1270,1086,61,0,12,0,0,0,0,0,0,0,12,82
HARALSON - 5,1845,0,1844,1789,0,0,0,0,0,0,43,3,0,36,3,0,1469,0,1470,1419,0,0,0,0,0,0,48,0,0,41,0,0
HARALSON - 6,1223,0,1205,1200,0,0,0,0,0,0,2,0,0,9,0,0,899,0,886,878,0,0,0,0,0,0,1,0,0,8,0,0
HARALSON - 7,643,24,627,627,0,0,0,0,0,0,4,2,0,4,2,6,474,10,467,471,0,0,0,0,0,1,3,0,0,3,0,5
HARALSON - 8,502,0,503,458,0,0,0,0,0,36,0,0,0,0,0,62,405,0,403,384,0,0,0,0,0,15,0,0,0,0,0,28
HARALSON - 9,579,24,554,542,0,0,0,0,0,0,9,0,0,9,0,0,368,10,353,345,0,0,0,0,0,0,4,0,0,4,0,0
HARRIS - CA,4767,492,4315,3617,373,3,45,0,0,132,16,99,0,21,142,489,3579,284,3317,2872,322,5,40,0,0,0,18,5,0,24,51,328
HARRIS - EL,5589,289,5278,3993,882,31,56,0,16,59,52,197,0,80,243,959,4499,226,4265,3123,820,27,59,0,17,17,43,178,0,72,216,830
HARRIS - GM,2451,14,2436,1141,1270,4,0,0,0,20,4,0,0,8,0,1289,1995,8,1989,995,987,0,0,0,0,5,0,0,6,6,0,997
HARRIS - HA,4102,207,3898,2789,990,6,29,0,59,55,33,21,0,39,54,1043,3175,135,3036,2149,801,10,31,0,27,48,25,18,0,29,53,853
HARRIS - L9,3824,136,3691,3167,382,0,27,0,0,2,52,40,0,73,68,411,2828,86,2744,2343,287,5,28,0,0,0,38,42,0,58,73,289
HARRIS - MG,3505,302,3167,2771,244,0,9,0,0,67,17,24,29,27,32,313,2745,189,2539,2258,209,0,8,0,0,0,15,30,23,22,28,224
HARRIS - PV,1596,13,1586,1391,123,0,0,0,24,37,6,0,0,7,0,144,1291,10,1273,1111,103,0,0,0,24,0,3,1,0,5,1,104
HARRIS - SK,1216,11,1203,775,309,0,0,0,0,0,12,0,0,12,0,306,959,0,962,631,218,0,0,0,0,0,15,0,0,15,0,215
HARRIS - U9,1843,87,1752,1618,94,0,8,0,0,13,13,3,0,10,11,109,1604,75,1530,1406,85,0,11,0,0,15,9,3,0,8,14,101
HARRIS - VP,1407,5,1404,1025,312,0,0,0,1,60,0,0,0,0,0,389,1088,3,1091,798,296,0,0,0,4,6,0,0,0,0,0,302
HARRIS - WA,3850,140,3720,3071,523,7,6,0,19,13,43,41,0,51,55,534,2826,107,2725,2201,483,0,1,0,1,16,13,16,0,16,35,496
HARRIS - WH,1771,20,1755,1665,166,0,0,0,0,4,0,0,0,0,0,173,1576,1,1570,1477,160,0,0,0,0,0,0,0,0,0,0,168
HART - 2,10510,277,10229,6842,3035,0,49,0,0,124,146,10,7,154,59,3184,8430,150,8269,5745,2248,0,27,0,0,85,149,14,7,155,40,2350
HART - 3,3422,78,3345,2494,578,0,199,3,0,18,58,0,0,58,199,596,2448,46,2401,1821,400,0,117,0,0,8,58,0,0,58,117,409
HART - 4,1545,13,1541,1009,452,0,2,0,0,53,30,8,0,27,11,483,1274,2,1282,833,392,0,3,0,0,26,35,3,0,35,7,406
HART - 5,4085,22,4073,3821,33,18,53,0,30,58,61,0,0,79,53,91,3676,10,3674,3431,38,12,63,0,30,39,59,0,0,73,63,77
HART - 6,2147,131,2024,1802,210,3,0,0,0,7,0,0,0,3,0,215,1568,10,1562,1431,134,3,0,0,0,0,0,0,0,2,0,132
HART - 7,2428,14,2403,2346,22,13,4,0,0,5,0,0,0,13,4,28,1811,13,1793,1736,23,13,0,0,0,5,0,0,0,14,0,27
HART - 8,2093,16,2064,1703,267,0,4,1,0,0,92,9,0,94,12,272,1670,4,1661,1374,221,0,6,0,0,1,41,11,0,40,17,226
HEARD - CEN,1092,10,1079,972,46,0,0,0,0,0,62,0,0,59,0,45,823,6,816,732,38,0,0,0,0,0,47,0,0,45,0,37
HEARD - COO,943,0,941,633,140,0,0,0,0,19,145,0,0,141,0,160,689,0,688,472,137,0,0,0,0,6,55,0,0,55,0,145
HEARD - ENO,1770,120,1648,1249,260,0,0,0,0,2,131,0,0,140,0,264,1344,38,1304,1001,186,0,0,0,0,0,113,0,0,115,0,186
HEARD - EPH,1210,27,1182,1166,0,0,0,0,0,4,8,0,4,13,0,9,868,16,852,845,0,0,0,0,0,0,8,0,0,8,0,0
HEARD - FRA,2918,6,2907,2489,310,0,13,0,0,57,41,0,0,34,13,363,2356,11,2341,2020,265,0,12,0,0,45,21,0,0,20,12,308
HEARD - GLE,502,26,481,456,6,0,3,0,0,0,7,0,0,8,2,6,411,20,388,366,5,0,2,0,0,0,7,0,0,7,2,5
HEARD - ROO,981,67,920,926,0,0,5,0,0,0,3,0,0,5,6,1,735,62,684,690,0,0,5,0,0,0,2,0,0,4,5,1
HEARD - SOU,1704,23,1679,1482,129,0,20,0,0,0,43,0,0,48,20,128,1330,12,1319,1178,77,0,21,0,0,0,29,0,0,29,21,78
HEARD - WAL,629,42,591,554,24,0,0,0,0,1,17,0,1,14,0,27,490,22,467,432,26,0,0,0,0,0,16,0,0,15,0,25
HENRY - 25,9956,971,8975,2512,6245,0,64,0,39,29,28,0,71,99,65,6342,7049,741,6303,1905,4233,0,41,0,44,13,19,0,68,87,40,4312
HENRY - 26,5134,204,4889,4132,415,0,305,0,0,8,24,27,0,26,330,429,3635,149,3460,2922,332,0,164,0,0,3,28,33,4,32,189,338
HENRY - 27,5958,117,5868,4374,1193,0,12,0,0,45,65,80,0,61,98,1233,4407,74,4344,3415,746,0,14,0,0,8,44,32,2,43,56,756
HENRY - 28,11063,550,10530,1302,8585,0,103,0,14,268,16,5,196,282,107,9109,7924,442,7502,1236,5993,0,93,0,0,48,16,0,114,184,93,6203
HENRY - 29,16330,1432,14918,2877,10471,0,537,0,256,141,13,0,355,368,547,10983,11420,827,10608,2215,7291,0,314,0,116,106,19,0,359,378,322,7767
HENRY - 30,7426,432,6974,3275,3499,0,138,0,8,173,25,0,7,33,124,3665,5597,283,5303,2610,2521,0,99,0,14,79,23,0,10,32,88,2603
HENRY - 31,8872,775,8117,2975,4790,0,181,0,0,161,42,0,33,68,190,4984,6395,392,6012,2334,3468,0,115,0,0,86,45,0,38,78,125,3584
HENRY - 32,9011,900,8122,1269,5139,0,1193,116,106,133,0,79,0,0,1287,5273,7006,786,6225,1104,3936,5,905,52,23,115,0,20,0,5,926,4051
HENRY - 33,7445,278,7172,654,5253,0,1088,0,92,43,0,10,34,34,1098,5330,5362,192,5173,505,3709,0,797,0,84,29,0,11,37,37,808,3772
HENRY - 34,9817,739,9084,2019,6138,56,316,0,104,80,36,21,436,458,338,6591,7252,343,6909,1839,4551,16,200,0,9,0,25,20,326,312,220,4813
HENRY - 35,4562,576,4022,810,2679,0,116,0,113,328,0,0,19,25,116,3041,3227,232,2993,724,1906,0,80,0,11,137,0,0,22,26,82,2223
HENRY - 36,5013,694,4332,2297,1823,12,36,0,19,25,22,24,0,31,57,1864,3761,347,3405,1869,1408,3,20,0,14,28,0,11,0,2,31,1435
HENRY - 37,3910,196,3719,1913,1149,0,239,5,77,30,113,12,8,121,253,1187,2741,75,2665,1468,780,0,130,0,54,7,113,0,7,122,131,796
HENRY - 38,6884,299,6590,2144,3623,14,343,0,82,49,2,94,158,178,432,3853,4934,213,4724,1600,2695,12,260,4,12,28,2,41,39,55,294,2762
HENRY - 39,4469,163,4303,1416,2537,10,273,0,0,68,0,9,0,10,282,2602,3054,139,2917,922,1853,6,128,0,0,0,0,5,0,6,133,1854
HENRY - 40,6829,382,6455,730,5447,6,26,0,17,100,9,115,56,72,139,5621,4807,212,4596,690,3746,0,24,0,20,50,10,59,53,64,82,3864
HENRY - 41,5202,1160,3965,1899,1969,0,94,0,0,29,13,0,0,21,102,1986,3699,814,2870,1526,1212,9,68,0,0,28,12,0,0,29,76,1229
HENRY - 42,6520,1018,5547,2382,2854,6,243,0,2,6,26,8,2,32,248,2874,5264,591,4695,2045,2379,10,254,0,1,0,17,15,0,28,262,2395
HENRY - 43,7227,167,7074,2560,4111,6,117,0,36,569,16,21,0,24,143,4612,5334,126,5224,2082,2728,7,67,0,35,424,4,20,0,11,93,3144
HENRY - 44,4314,60,4237,1837,2190,0,36,0,34,154,9,0,0,9,37,2333,3755,57,3685,1748,1892,0,12,0,14,25,8,0,0,8,13,1915
HENRY - 45,4472,313,4153,2090,1825,0,1,0,39,87,61,0,0,62,1,1935,3717,306,3403,1783,1386,0,0,4,38,88,56,0,0,56,0,1495
HENRY - 46,5133,124,5009,1011,3775,0,4,0,20,42,0,0,157,157,4,3974,4163,63,4100,863,3082,0,8,0,19,41,0,0,87,87,8,3210
HENRY - 47,5138,26,5111,855,4185,0,2,0,3,31,10,19,0,10,20,4217,4042,15,4030,573,3384,9,1,0,1,29,4,19,0,13,19,3416
HENRY - 48,6424,567,5868,4507,1393,0,30,0,6,15,0,53,0,0,86,1411,4805,325,4458,3280,1168,0,25,0,8,20,0,27,0,0,59,1189
HENRY - 49,5030,136,4901,1148,3591,0,6,0,50,21,5,54,0,5,52,3612,3637,137,3504,968,2430,0,7,0,33,3,0,55,0,0,53,2435
HENRY - 50,6807,490,6313,2647,3301,5,139,0,51,15,38,122,0,39,259,3312,5742,251,5486,2314,2882,0,130,0,65,0,35,56,0,31,197,2883
HENRY - 51,5409,411,5000,2077,2634,0,163,0,9,124,29,0,0,35,158,2759,4580,254,4328,1624,2476,0,164,0,0,78,23,0,0,29,158,2560
HENRY - 52,6482,723,5709,3005,2097,16,156,0,134,267,0,7,23,33,166,2373,4855,435,4420,2537,1483,12,90,0,42,380,0,2,19,27,91,1725
HENRY - 53,5153,85,5059,1559,2847,0,440,5,5,42,0,15,34,31,462,2899,4277,67,4207,1521,2191,0,343,0,3,0,0,16,33,32,367,2209
HENRY - 54,6861,859,6014,1113,4543,4,280,0,4,55,5,0,25,28,269,4618,5451,380,5063,1075,3732,6,210,0,0,28,0,0,27,24,202,3787
HENRY - 55,4232,418,3802,1930,1524,0,15,0,2,103,44,7,21,61,22,1697,3092,336,2754,1501,1029,0,15,0,1,108,46,11,22,68,27,1147
HENRY - 56,3906,537,3405,1614,1622,0,86,0,3,42,0,0,0,0,86,1671,3090,256,2846,1399,1350,0,73,0,4,18,0,0,0,0,73,1364
HENRY - 57,3742,180,3550,1462,1761,5,281,0,0,32,9,80,0,18,348,1796,2952,143,2806,1190,1361,0,270,0,0,31,10,14,0,14,272,1394
HENRY - 58,5035,127,4903,2877,1979,7,5,0,0,27,34,6,70,116,12,2075,3634,73,3562,1981,1542,2,0,0,0,12,13,5,72,91,5,1628
HENRY - 59,8782,863,7923,5547,1983,14,94,0,0,37,93,0,0,107,94,2018,6235,580,5686,3911,1536,19,69,0,0,1,83,0,0,102,69,1537
HENRY - 60,5370,611,4779,2338,2457,8,26,0,10,96,25,0,0,32,26,2551,3787,292,3509,1998,1552,5,27,2,8,0,22,0,0,26,27,1557
HENRY - 61,5770,68,5651,1807,3387,0,144,0,95,91,29,7,0,29,151,3469,4146,58,4052,1436,2287,0,62,3,69,59,24,10,0,24,72,2348
HENRY - 62,2976,233,2737,815,1776,0,95,0,42,4,15,11,0,15,104,1766,2003,54,1944,637,1162,0,97,0,47,0,26,0,0,24,95,1161
HOUSTON - ANNX,4997,967,4008,2903,846,4,37,0,0,183,79,0,0,85,39,1025,3439,594,2806,1933,679,3,36,0,0,81,75,0,0,77,35,796
HOUSTON - BMS,10531,260,10272,6552,3132,0,246,0,172,43,74,89,7,75,334,3200,7222,178,7046,4629,2101,0,177,4,25,0,55,48,6,57,224,2125
HOUSTON - BON,7078,843,6232,3872,1905,0,91,0,91,24,24,156,1,34,248,1916,5310,492,4810,3012,1547,0,71,0,46,13,26,80,1,35,152,1549
HOUSTON - CENT,8671,542,8130,3981,3323,0,168,0,18,218,64,327,0,67,490,3547,6453,336,6129,3273,2473,0,147,0,4,132,54,15,0,64,159,2608
HOUSTON - ELBC,4840,599,4282,1116,3028,3,59,0,0,0,0,67,0,4,126,3020,3483,178,3318,950,2246,6,61,0,0,0,0,63,0,2,124,2245
HOUSTON - FMMS,11880,512,11372,6151,4288,0,210,0,64,263,33,98,255,287,306,4809,8794,353,8442,4850,3080,0,143,0,63,58,31,35,178,209,178,3316
HOUSTON - HAFS,2371,15,2359,1836,282,0,3,225,0,7,0,43,0,0,38,288,1863,9,1857,1366,266,0,4,223,0,5,0,18,0,0,18,271
HOUSTON - HCHS,6190,352,5842,3431,1973,1,280,0,10,66,17,5,0,19,285,2038,4874,205,4676,2836,1503,0,272,0,13,0,16,6,0,16,278,1500
HOUSTON - HCTC,9542,484,9059,6076,2239,5,324,0,29,214,51,102,0,56,424,2459,7617,297,7332,5190,1749,0,210,0,24,148,33,20,0,34,231,1860
HOUSTON - HEFS,1591,10,1579,1025,534,0,0,0,0,0,11,0,0,11,2,534,1305,8,1297,810,470,0,0,0,0,0,7,0,0,7,4,470
HOUSTON - KATH,4898,825,4070,2889,968,18,50,0,0,17,1,23,75,81,79,1061,3433,538,2893,1966,794,18,49,0,4,0,2,27,20,27,76,815
HOUSTON - MALL,5616,353,5265,2829,2216,2,55,0,51,0,7,0,10,18,56,2230,4362,214,4150,2499,1545,0,48,0,0,0,5,0,10,15,42,1553
HOUSTON - MCMS,15442,510,14925,7816,4491,3,1186,0,280,870,69,220,25,97,1406,5386,10036,414,9612,5130,3361,0,904,0,36,57,39,67,33,72,971,3454
HOUSTON - MILL,2809,173,2626,1949,434,0,27,0,0,138,60,0,22,81,27,596,2601,139,2454,1814,427,0,25,0,0,107,63,0,19,80,25,552
HOUSTON - NSES,4431,265,4164,2018,2123,4,40,0,29,22,12,38,0,16,82,2141,3490,178,3315,1677,1595,0,40,0,16,5,17,16,0,17,68,1604
HOUSTON - NSMS,6002,226,5778,2280,2928,0,130,0,47,351,37,0,0,37,130,3277,4490,168,4322,1953,2109,0,128,0,0,97,34,0,0,34,128,2205
HOUSTON - NSSH,3310,667,2611,1055,1416,22,42,5,0,62,0,0,1,26,42,1483,2444,266,2174,976,1066,28,39,0,0,62,0,0,0,30,39,1127
HOUSTON - QRUN,1988,104,1898,1451,323,2,10,0,0,11,80,0,0,81,12,332,1861,73,1811,1356,319,2,14,4,0,5,79,0,0,79,15,325
HOUSTON - RECR,8894,408,8476,2890,5004,26,170,0,327,29,0,42,0,23,212,5036,6115,265,5842,2263,3244,2,169,0,99,8,10,38,0,16,207,3254
HOUSTON - ROZR,20776,637,20144,13023,6010,17,537,0,121,196,78,117,70,177,654,6277,16351,398,15955,10280,4980,20,248,0,113,113,68,105,41,142,353,5133
HOUSTON - TMS,8884,527,8368,3785,4032,2,200,0,231,79,55,0,0,55,200,4103,6686,344,6335,3273,2631,0,143,0,192,49,67,0,0,59,139,2677
HOUSTON - TWPK,4483,456,4035,2554,938,0,173,0,74,272,19,0,2,20,173,1212,2942,87,2869,1926,649,0,141,0,54,85,21,0,2,21,141,727
HOUSTON - VHS,9154,464,8684,6281,1809,0,25,0,120,280,65,106,26,89,131,2111,6639,330,6301,4645,1450,0,25,0,62,13,38,51,23,59,76,1489
IRWIN - 1388,418,42,378,340,21,0,0,0,0,0,0,103,0,0,40,21,356,15,336,283,19,0,0,0,0,0,0,100,0,0,50,19
IRWIN - 1421,644,21,615,584,13,0,0,0,0,2,0,4,0,0,7,14,523,19,500,469,12,0,0,0,0,0,0,4,0,0,8,13
IRWIN - 1529,4323,51,4252,2010,2102,0,5,0,0,2,0,76,0,0,141,2111,3163,39,3104,1473,1509,0,4,0,0,10,0,52,0,0,102,1527
IRWIN - 1643,287,150,167,158,0,0,0,0,0,0,0,0,0,0,0,0,234,96,154,148,0,0,0,0,0,0,0,0,0,0,0,0
IRWIN - 1661,850,0,840,703,105,0,0,0,0,17,0,0,0,0,0,116,690,1,682,618,52,0,0,0,0,16,0,0,0,0,0,59
IRWIN - 1670,512,59,478,479,0,0,0,0,0,0,0,0,0,0,0,0,420,28,401,393,0,0,0,0,0,0,0,0,0,0,0,0
IRWIN - 1753,273,115,153,152,0,0,0,0,0,0,0,0,0,0,0,0,202,87,132,129,0,0,0,0,0,0,0,0,0,0,0,0
IRWIN - 901,1913,168,1731,1734,4,0,0,0,0,0,0,0,0,0,0,4,1507,86,1415,1431,2,0,0,0,0,0,0,0,0,0,0,2
JACKSON - 1407,4674,420,4248,3506,345,0,206,0,112,14,35,20,0,37,222,351,3591,374,3217,2662,253,0,158,0,100,0,35,0,0,36,157,254
JACKSON - 1691,2474,956,1515,1352,14,0,18,0,3,116,0,3,0,0,22,125,1582,416,1155,1046,16,0,15,0,1,67,1,4,0,1,20,78
JACKSON - 1704,1496,78,1430,1225,64,0,136,0,0,5,0,0,0,0,146,69,1185,69,1120,908,67,0,138,0,0,6,3,0,0,3,149,76
JACKSON - 1747,2074,8,2070,1738,249,0,13,0,41,18,0,0,0,0,12,267,1746,9,1735,1487,199,0,13,0,27,11,0,0,0,0,12,216
JACKSON - 1765,8031,1192,6852,5724,471,0,291,0,15,256,30,35,19,46,339,746,6130,769,5379,4466,448,0,244,0,5,134,33,27,17,49,273,598
JACKSON - 242,3539,90,3457,2948,438,0,11,0,67,5,19,0,0,19,10,424,2783,50,2742,2318,339,0,18,0,27,15,20,0,0,21,15,350
JACKSON - 248,10916,486,10404,9312,481,0,365,0,6,31,119,18,0,123,398,542,8066,366,7703,6853,429,0,275,0,1,0,74,0,0,74,292,443
JACKSON - 253,3663,90,3561,3224,97,0,0,0,0,163,20,51,6,26,41,266,2936,68,2864,2647,92,0,0,0,0,61,14,48,0,14,37,150
JACKSON - 257,3102,177,2921,2590,211,12,11,0,15,7,39,16,8,58,27,225,2741,138,2603,2272,214,10,10,0,10,6,35,17,7,50,27,227
JACKSON - 428,3533,669,2876,2140,547,0,121,0,26,79,0,46,4,2,150,634,2443,309,2118,1620,432,0,85,0,6,0,2,25,0,3,105,441
JACKSON - 455,3421,162,3250,2911,46,0,122,0,0,140,11,5,0,11,133,187,2777,122,2652,2340,44,0,111,0,0,159,7,1,0,7,104,197
JACKSON - 465,1737,262,1480,1487,12,0,0,0,0,0,21,0,0,21,0,13,1380,106,1274,1297,8,0,0,0,0,0,11,0,0,11,0,8
JACKSON - N0245,13934,1042,12917,11480,835,0,251,0,4,31,78,164,0,78,401,869,9533,724,8824,7943,585,0,193,0,0,8,68,44,0,68,231,578
JACKSON - N0255,5266,793,4481,3455,898,0,76,0,25,7,2,10,0,2,86,906,3845,274,3573,2847,594,6,75,0,26,9,0,5,0,7,80,603
JACKSON - S0245,8144,301,7819,6641,1047,0,87,0,25,21,55,5,0,55,94,1062,6095,146,5936,5082,718,0,54,0,22,25,34,0,0,33,58,744
JACKSON - S0255,6360,660,5697,4876,782,0,0,0,5,36,0,0,0,0,0,817,4520,451,4067,3660,404,5,0,0,0,0,4,0,0,9,0,404
JASPER - 289,476,33,441,423,26,4,7,0,0,0,3,0,0,4,7,27,400,23,375,353,23,0,6,0,0,0,0,0,0,0,6,23
JASPER - 290,2287,5,2282,1863,344,0,0,0,0,0,8,0,0,8,0,345,1618,4,1610,1342,207,0,0,0,0,0,11,0,0,11,0,207
JASPER - 293,439,10,431,403,41,0,0,0,0,0,0,0,0,3,0,41,379,8,370,332,43,0,0,0,0,0,0,0,0,0,0,43
JASPER - 295,5160,171,4990,2929,1703,0,18,0,33,26,34,0,164,195,18,1899,4066,111,3958,2369,1363,0,20,1,17,0,31,0,88,116,20,1475
JASPER - 296,4668,267,4404,4288,60,0,0,0,33,23,26,0,12,41,0,85,3409,74,3342,3262,50,0,0,0,22,20,27,0,12,43,0,59
JASPER - 297,1723,2,1721,1648,57,0,0,0,0,22,15,0,0,14,0,81,1394,2,1392,1339,59,0,0,0,0,0,11,0,0,10,0,60
JASPER - 363,898,65,829,443,423,0,0,0,0,0,19,0,0,20,0,423,689,40,646,349,310,0,0,7,0,0,19,0,0,19,0,308
JEFF DAVIS - 100,3413,607,2848,1421,1132,0,31,0,0,5,8,55,0,6,32,1133,2362,215,2175,1140,819,0,34,6,0,4,9,9,0,7,34,820
JEFF DAVIS - 201,917,39,900,756,74,0,0,43,0,0,0,38,0,0,216,74,674,23,674,602,41,0,0,5,0,0,0,9,0,0,40,43
JEFF DAVIS - 202,1342,0,1342,1228,38,0,36,0,0,0,40,0,0,40,36,38,1161,0,1161,1042,44,0,35,0,0,0,40,0,0,40,35,44
JEFF DAVIS - 301,2354,441,1674,1328,122,0,0,0,0,40,100,125,0,102,0,193,1469,146,1132,951,95,0,0,19,0,13,74,23,0,76,0,140
JEFF DAVIS - 302,1075,50,1149,1095,23,0,0,0,0,53,11,0,0,11,0,51,815,20,890,830,18,0,0,0,0,55,13,0,0,13,0,42
JEFF DAVIS - 401,1313,19,1326,1229,53,0,1,0,0,23,13,5,0,13,5,67,980,11,998,926,50,0,0,0,0,0,15,3,0,15,2,55
JEFF DAVIS - 402,1210,162,1077,888,98,0,0,0,0,0,79,0,15,84,0,114,946,88,865,708,88,0,0,0,0,0,61,4,0,61,4,88
JEFF DAVIS - 501,2009,94,1908,1821,152,0,3,0,0,42,20,0,0,20,5,189,1550,39,1513,1450,133,0,0,0,0,37,10,0,0,10,2,156
JEFF DAVIS - 502,583,0,580,446,98,0,0,0,0,0,6,0,10,26,0,119,437,2,442,320,106,0,0,0,0,0,7,2,0,7,2,115
JEFFERSON - 1460,1185,2,1186,885,234,0,0,0,0,5,14,0,0,12,0,244,860,2,865,679,132,0,0,0,0,6,7,3,0,6,4,138
JEFFERSON - 1593,680,0,687,556,96,0,0,0,0,0,13,0,0,13,0,104,509,0,512,415,67,0,0,0,0,0,17,0,0,17,0,68
JEFFERSON - 76,907,5,890,679,241,0,0,0,0,0,2,0,0,4,0,232,645,5,629,465,190,0,0,0,0,0,1,1,0,2,0,189
JEFFERSON - 77,790,0,790,527,250,0,0,0,1,0,0,0,0,0,0,255,639,0,646,430,204,0,0,0,0,0,0,0,0,0,0,206
JEFFERSON - 81,3761,0,3759,1529,2233,0,0,0,3,12,15,0,0,15,0,2236,2656,0,2649,1149,1517,0,0,0,0,0,12,0,0,12,0,1514
JEFFERSON - 82,4955,75,4890,1625,3214,0,0,0,11,17,22,0,6,28,0,3236,4081,64,4029,1416,2567,5,0,0,9,5,21,0,5,31,0,2577
JEFFERSON - 83,2201,141,2051,359,1677,0,9,5,0,4,0,0,0,0,9,1683,1761,121,1629,312,1309,0,7,0,0,0,0,0,0,0,7,1310
JEFFERSON - 85,449,7,445,317,137,0,0,0,0,0,0,0,0,0,0,136,382,2,380,270,118,0,0,0,0,0,0,0,0,0,0,118
JENKINS - 1,1018,51,929,384,554,3,0,0,0,0,0,0,0,5,0,544,870,31,809,364,473,0,0,0,0,0,0,0,0,0,0,472
JENKINS - 2,1426,111,1281,561,681,0,0,0,4,0,20,0,0,13,0,690,1141,79,1047,459,558,5,0,0,3,0,17,0,0,21,0,561
JENKINS - 3,1490,244,1331,922,373,2,0,2,0,0,5,0,0,4,0,385,1209,95,1150,799,309,0,0,0,0,0,4,0,0,4,0,309
JENKINS - 4,2471,118,2340,1589,754,0,0,0,8,10,0,0,0,7,0,753,2221,127,2103,1417,680,0,0,0,7,8,2,0,0,3,0,687
JENKINS - 5,2117,91,2026,1140,885,0,0,3,0,0,7,0,0,8,0,885,1575,73,1502,897,604,0,0,0,0,0,5,0,0,5,0,603
JOHNSON - 1201,5814,110,5702,2852,2725,0,0,0,30,33,77,9,0,77,9,2757,4674,84,4589,2327,2165,0,0,0,8,12,71,10,0,71,10,2182
JOHNSON - 1266,1156,0,1151,1009,103,23,0,0,0,0,17,0,0,40,0,100,974,0,972,856,78,20,0,0,0,0,12,0,0,32,0,78
JOHNSON - 1301,853,5,852,581,176,0,0,0,0,14,0,0,53,53,0,246,693,10,685,464,154,0,0,0,0,0,4,0,54,58,0,208
JOHNSON - 55,1319,0,1322,1244,20,5,0,0,0,29,27,0,0,32,0,50,1179,0,1180,1112,21,7,0,0,0,26,25,0,0,32,0,42
JONES - 1,3592,129,3464,2710,626,6,76,0,2,1,17,0,2,27,77,654,2792,103,2689,2035,504,9,64,0,4,19,20,0,1,28,63,534
JONES - 10,4268,78,4188,2632,1185,0,1,0,0,370,23,0,0,20,1,1560,3137,27,3115,2043,939,0,5,4,0,130,11,6,4,15,11,1074
JONES - 11,3141,9,3133,2507,521,6,5,0,5,33,19,0,2,26,6,540,2314,7,2303,1803,421,0,6,0,8,18,11,0,3,16,7,444
JONES - 2,3155,5,3147,2482,634,0,0,0,0,43,2,0,0,1,0,678,2445,7,2435,1917,487,0,0,0,0,39,2,0,0,1,0,524
JONES - 3,4169,0,4170,1736,2346,0,0,0,7,84,42,0,0,42,0,2417,3193,0,3193,1329,1855,0,0,0,9,0,32,0,0,32,0,1842
JONES - 4,2040,35,2011,1876,94,0,5,0,0,4,8,0,29,56,4,117,1731,33,1706,1583,91,0,12,0,0,8,5,0,25,30,12,105
JONES - 5,2837,115,2720,2010,630,0,1,0,0,0,12,0,28,23,0,672,2230,51,2173,1609,538,0,0,0,0,0,11,0,0,10,0,559
JONES - 6,1288,0,1285,1014,239,0,7,0,0,29,2,0,0,5,7,265,1070,0,1068,820,237,0,0,0,0,0,4,0,0,5,0,234
JONES - 7,389,2,385,313,52,0,2,0,0,9,10,0,0,8,2,59,281,0,276,223,46,0,0,0,0,0,9,0,0,10,0,48
JONES - 8,287,4,281,270,24,0,0,0,0,0,0,0,0,0,0,23,164,4,158,137,26,0,0,0,0,0,0,0,0,0,0,25
JONES - 9,3315,199,3121,2334,624,0,1,0,0,11,5,137,0,5,138,635,2611,112,2508,1919,516,0,0,0,0,8,4,55,0,4,55,526
LAMAR - 1711,3675,271,3407,905,2663,5,6,0,0,61,7,0,0,6,27,2723,2881,263,2623,703,2144,9,0,2,0,24,0,0,0,1,19,2147
LAMAR - 1712A,1919,0,1919,1832,43,0,0,0,0,0,38,4,0,39,5,42,1263,0,1260,1213,21,0,0,0,0,0,24,0,0,23,0,20
LAMAR - 1712B,2253,0,2262,1090,866,0,0,0,0,0,23,35,0,25,17,875,1804,0,1812,877,690,0,0,0,0,0,0,25,0,0,12,699
LAMAR - 1712C,649,0,646,561,93,0,0,0,0,0,0,12,0,0,8,94,556,0,552,493,65,0,0,0,0,0,0,12,0,0,6,67
LAMAR - 1713,4531,83,4445,3572,807,3,40,0,0,87,17,0,0,22,41,892,3866,80,3780,3019,681,2,38,2,0,64,22,0,0,32,38,749
LAMAR - 1714,6333,225,6102,5028,798,2,51,0,0,112,19,1,0,22,51,904,5012,227,4785,4032,554,2,55,0,0,26,13,0,0,16,55,587
LANIER - 1,5673,191,5484,3472,1984,0,0,0,25,0,15,0,0,15,0,1979,4366,191,4181,2771,1381,0,0,0,24,0,7,0,0,7,0,1382
LANIER - 2,806,34,772,641,77,0,0,0,0,0,43,0,14,57,0,91,632,0,632,529,66,0,0,0,0,0,20,0,17,37,0,83
LANIER - 3,1207,42,1165,873,278,0,0,0,0,0,0,11,0,0,11,278,988,29,959,708,251,0,0,0,0,0,0,0,0,0,0,251
LANIER - 4,2158,245,1911,1717,145,0,0,0,6,0,31,0,0,31,0,150,1600,189,1405,1242,116,0,0,0,9,0,31,0,5,36,0,120
LAURENS - 10,1239,80,1157,989,183,0,3,0,0,6,0,0,0,0,3,187,999,58,941,807,162,0,0,0,0,0,0,0,0,0,0,162
LAURENS - 11,3157,447,2696,2382,265,0,0,0,0,16,32,0,0,32,0,285,2254,111,2135,1823,264,0,0,0,0,27,28,0,0,28,0,287
LAURENS - 12,1516,0,1523,1164,308,0,0,0,2,14,6,0,0,6,3,323,1165,0,1167,871,263,0,0,0,0,0,4,5,0,4,6,263
LAURENS - 13,3319,17,3302,2609,633,44,0,0,1,0,13,4,0,57,2,634,2595,12,2586,2146,411,14,0,0,0,0,11,0,0,25,0,411
LAURENS - 14,521,0,515,268,261,0,0,0,3,6,0,2,0,0,1,266,409,0,407,200,226,0,0,0,4,0,0,1,0,0,0,226
LAURENS - 15,1130,132,1011,995,2,0,0,0,0,14,7,0,0,7,3,12,872,66,815,797,3,0,0,0,0,3,7,0,0,7,3,10
LAURENS - 16,3690,0,3685,2996,614,0,20,0,0,0,15,11,0,15,28,614,2812,0,2806,2139,607,0,18,0,0,0,14,12,0,14,30,607
LAURENS - 19,1456,11,1446,1332,91,0,0,4,0,15,0,0,0,0,3,107,1210,5,1203,1128,76,0,0,0,0,0,0,0,0,0,0,75
LAURENS - 21,5710,184,5527,3098,2343,0,15,0,0,50,0,0,15,15,12,2408,3943,82,3860,2243,1603,0,12,0,0,0,0,0,0,0,9,1603
LAURENS - 22,2737,30,2695,1677,1015,0,2,0,0,7,14,0,0,14,2,1019,2046,29,2008,1263,726,0,2,4,0,8,17,0,0,15,2,730
LAURENS - 3,5916,72,5845,3145,2379,48,171,0,0,124,14,30,0,64,196,2487,4645,70,4581,2672,1623,46,165,0,0,48,16,27,0,64,189,1671
LAURENS - 4,9066,123,8958,1303,7550,0,0,57,4,17,2,0,0,4,0,7573,6273,126,6155,1175,4976,0,0,4,0,11,1,0,0,4,0,4990
LAURENS - 5,5088,17,5070,3596,1186,0,149,0,0,48,20,0,0,16,177,1275,4220,14,4200,2947,1059,0,144,0,0,15,21,3,0,18,150,1073
LAURENS - 6,1024,0,1020,905,47,0,1,0,0,93,0,0,0,0,0,113,788,0,788,737,50,0,0,0,0,0,0,0,0,0,0,51
LAURENS - 7,1081,76,1005,298,707,0,0,0,0,0,0,0,0,0,0,707,918,78,840,266,574,0,0,0,0,0,0,0,0,0,0,574
LAURENS - 8,701,0,706,678,25,0,2,0,0,12,0,0,0,0,2,37,554,0,559,525,26,0,0,0,0,0,0,0,0,0,0,27
LAURENS - 9,1359,0,1360,752,566,0,0,0,0,0,0,26,0,0,4,565,1107,0,1108,510,569,0,0,0,0,0,0,0,0,0,0,570
LEE - 1,432,0,429,233,192,0,0,0,1,0,15,0,0,16,0,188,376,0,371,197,180,0,0,0,1,0,12,0,0,12,0,176
LEE - 10,5698,186,5515,4530,766,0,126,0,6,15,60,0,0,59,126,785,4322,141,4186,3530,511,0,61,0,5,16,44,0,0,44,61,531
LEE - 2,1284,0,1283,941,294,0,1,0,0,0,0,0,0,0,1,293,995,0,996,681,283,0,1,0,0,0,0,0,0,0,1,281
LEE - 3,1900,47,1848,1143,520,0,156,0,0,0,55,0,6,64,154,525,1636,54,1574,900,523,0,134,0,0,0,40,0,0,48,132,525
LEE - 4,4725,152,4577,3149,1163,0,15,0,0,23,183,99,0,182,113,1185,3463,73,3389,2444,853,0,15,0,5,8,106,11,0,103,29,861
LEE - 5,1782,43,1741,1292,301,0,49,0,0,0,26,40,0,24,90,303,1228,20,1217,847,248,0,54,0,0,0,30,0,0,25,53,248
LEE - 6,6113,141,5972,4076,1642,0,109,0,0,16,122,0,0,122,111,1659,4569,107,4461,3013,1238,0,107,0,0,18,78,0,0,78,107,1256
LEE - 7,1809,47,1765,1271,269,0,48,0,0,10,56,0,0,68,48,292,1502,42,1461,1077,249,0,2,0,0,0,46,0,0,57,2,249
LEE - 8,3939,58,3878,2256,1487,0,136,0,0,4,106,0,0,94,136,1478,2786,63,2722,1690,917,0,96,0,0,18,88,0,0,77,96,935
LEE - 9,5497,389,5108,3716,1207,0,0,46,0,91,48,0,0,48,0,1298,3718,198,3520,2643,783,0,0,45,0,0,49,0,0,49,0,783
LIBERTY - 1,1391,35,1341,200,1047,0,0,0,0,39,0,6,18,14,6,1093,1117,33,1081,154,881,0,0,0,0,0,0,6,21,17,6,897
LIBERTY - 10,8100,1457,6658,1858,4067,7,84,132,97,183,15,103,33,57,186,4288,5935,1027,4923,1299,3020,0,78,97,79,148,15,96,28,47,174,3198
LIBERTY - 11,5737,809,4940,1653,2859,2,161,61,88,241,40,44,22,67,204,3100,4486,536,3963,1429,2212,2,121,63,63,103,25,27,21,46,147,2323
LIBERTY - 12,3719,436,3294,906,2157,9,50,3,22,110,7,5,0,19,52,2297,2752,290,2469,756,1578,11,46,1,12,51,3,5,0,13,52,1642
LIBERTY - 13,9313,1958,7355,4900,1686,28,354,6,150,81,35,105,10,73,459,1777,5884,1242,4642,2823,1262,26,266,4,56,64,41,92,8,75,358,1334
LIBERTY - 14,4353,196,4168,1394,2374,4,31,0,21,145,12,120,7,20,198,2522,3017,114,2908,1071,1661,0,34,1,5,72,8,29,7,15,76,1732
LIBERTY - 2,3644,322,3317,1030,1656,101,120,8,94,216,46,18,0,140,141,1858,2549,223,2317,834,1101,50,33,6,103,133,32,15,0,84,47,1223
LIBERTY - 3,6147,328,5830,3308,2481,12,2,0,3,171,13,4,19,43,7,2687,4737,153,4578,2653,1981,5,3,0,0,44,17,5,19,43,8,2059
LIBERTY - 4,5374,528,4816,1557,3093,9,20,22,6,60,44,124,6,61,96,3159,3641,343,3282,1143,2015,6,16,19,2,43,42,63,6,53,62,2074
LIBERTY - 5,739,33,693,178,496,0,9,0,11,0,2,4,0,3,13,501,502,27,464,119,339,0,12,0,0,0,2,3,0,2,15,342
LIBERTY - 6,5183,513,4669,2963,1019,12,3,0,3,262,33,42,7,57,44,1281,4046,302,3744,2611,694,10,2,0,0,131,38,43,7,57,45,823
LIBERTY - 7,6860,724,6150,3133,2579,0,38,0,218,174,21,7,0,19,44,2750,5142,484,4666,2530,1916,0,32,0,98,75,10,0,0,12,35,1980
LIBERTY - 9,5213,688,4515,1625,2534,0,78,0,44,184,19,13,0,20,95,2723,3407,418,2986,1253,1520,2,87,0,2,76,21,20,0,19,109,1610
LINCOLN - 1-A,1068,0,1069,736,308,0,0,0,0,0,31,0,0,30,0,309,878,0,876,601,250,0,0,0,1,2,32,0,0,32,0,251
LINCOLN - 1-B,894,13,878,255,649,0,7,0,0,16,2,0,0,12,7,703,713,3,709,198,567,0,7,0,3,6,1,0,0,16,7,605
LINCOLN - 2,1997,53,1949,1390,482,0,3,0,0,26,9,0,36,39,3,514,1586,34,1560,1118,383,0,3,0,0,0,5,0,36,30,3,397
LINCOLN - 3-A,659,3,649,466,199,0,0,0,0,2,10,0,0,10,0,200,520,0,514,385,115,0,0,0,0,0,10,0,0,10,0,113
LINCOLN - 3-B,1036,4,1037,719,237,0,0,0,0,2,3,0,0,3,0,236,839,3,833,604,169,0,0,0,0,0,3,0,0,3,0,168
LINCOLN - 4-A,697,2,694,513,117,0,0,0,0,10,8,0,0,6,0,123,562,0,559,427,70,0,0,0,0,7,7,0,0,4,0,70
LINCOLN - 4-B,1357,9,1348,1288,92,0,0,0,0,1,7,0,0,6,0,92,1125,16,1116,1083,66,0,0,0,0,0,8,0,0,7,0,67
LONG - 1,2119,658,1422,1040,266,0,0,0,7,96,0,0,23,19,0,372,1507,416,1073,783,213,0,0,0,3,99,0,0,22,18,0,309
LONG - 2,6737,508,6296,3940,1824,0,35,0,152,185,52,48,0,64,94,2033,4664,285,4410,2799,1218,0,34,0,170,57,52,2,0,56,49,1296
LONG - 3,1899,124,1741,999,595,0,1,0,15,15,1,0,0,4,5,618,1463,91,1354,764,530,0,0,0,3,1,1,0,0,3,0,524
LONG - 4,2934,194,2726,1809,469,0,79,97,17,103,114,87,0,107,181,575,2113,173,1924,1314,368,0,76,52,17,2,47,96,0,44,165,368
LONG - 5,4195,541,3674,1995,1166,0,0,0,309,211,21,67,21,38,37,1376,3131,315,2837,1659,918,0,0,0,235,18,17,11,17,35,5,966
LOWNDES - 1,13495,845,12662,10219,1940,2,166,0,7,174,35,50,0,39,217,2139,9879,356,9528,7589,1629,3,121,0,9,78,37,18,0,41,129,1714
LOWNDES - 10,7857,725,7133,1573,5349,11,16,35,20,112,0,0,8,19,16,5466,5434,342,5090,1284,3697,10,0,32,23,25,0,0,7,17,0,3733
LOWNDES - 11,5987,282,5706,4950,670,0,27,0,0,0,14,37,0,14,72,671,4298,89,4212,3657,492,0,26,0,0,5,10,31,0,10,63,499
LOWNDES - 12,6495,224,6267,4720,1334,0,80,0,21,94,14,14,0,14,86,1427,4680,201,4474,3593,770,0,43,0,23,12,15,10,0,15,47,780
LOWNDES - 2,18426,1420,16993,10335,5325,0,499,10,171,202,272,234,24,301,733,5538,13502,874,12621,7856,3988,0,434,7,83,84,184,66,0,188,508,4061
LOWNDES - 3,12580,558,12028,8419,2996,26,169,3,11,68,62,326,0,82,497,3037,9914,388,9528,6814,2216,29,161,5,4,34,65,192,5,95,360,2247
LOWNDES - 4,20574,1355,19172,6581,11750,0,83,0,47,418,19,47,153,172,131,12350,16233,864,15363,6086,8719,0,87,0,47,235,21,27,102,123,114,9069
LOWNDES - 5,10746,791,10001,2856,6768,0,145,3,47,103,14,50,12,25,192,6902,7619,425,7215,2499,4417,0,150,3,27,61,8,43,13,20,188,4498
LOWNDES - 6,999,45,952,797,148,0,0,0,0,16,0,0,0,0,0,152,774,33,733,569,152,0,0,0,0,19,0,0,0,0,0,164
LOWNDES - 7,5203,293,4909,3481,1249,0,72,0,0,54,33,26,0,31,100,1288,4338,219,4121,3070,931,0,19,0,0,37,37,27,0,33,48,968
LOWNDES - 8,8468,403,8065,2383,5383,46,123,0,13,34,16,57,14,78,175,5427,6838,287,6546,2222,4100,22,123,0,18,37,19,0,6,51,122,4135
LOWNDES - 9,6677,372,6306,4811,1364,0,100,0,2,0,24,8,0,24,110,1365,4723,267,4456,3441,960,0,40,0,2,0,15,0,0,15,39,963
LUMPKIN - DA,6938,424,6537,5825,527,36,52,0,6,27,44,30,1,80,82,549,6271,390,5905,5261,489,28,40,0,4,24,40,26,7,73,68,515
LUMPKIN - ET,3092,77,3031,2991,18,0,2,0,0,2,7,0,0,8,2,24,2600,70,2544,2523,19,0,0,0,0,2,5,0,0,4,0,40
LUMPKIN - NE,3128,107,3010,2978,17,0,0,0,0,20,11,0,0,9,0,24,2770,101,2662,2634,6,0,0,0,0,18,8,0,0,10,0,3
LUMPKIN - NO,4103,91,4003,3848,46,0,0,38,0,14,44,9,2,46,8,71,3467,85,3362,3260,26,0,0,22,0,0,44,8,0,39,6,29
LUMPKIN - SE,4613,217,4377,4256,10,5,33,0,0,34,31,14,0,37,51,42,3545,100,3434,3368,12,0,0,0,0,1,35,4,0,40,4,14
LUMPKIN - SW,6349,475,5882,5549,37,27,151,0,6,16,59,32,0,85,183,56,4958,289,4673,4438,11,12,177,4,3,8,28,19,3,45,170,33
LUMPKIN - WT,5814,239,5567,5277,32,13,45,0,10,23,109,42,1,125,84,61,4668,135,4529,4328,28,5,8,0,1,16,80,25,1,85,59,37
MACON - 1,2051,8,2047,800,1175,0,5,0,0,28,23,0,3,28,5,1214,1615,11,1602,669,886,0,6,0,0,11,14,0,2,16,6,903
MACON - 2,3681,113,3563,1143,2253,0,32,0,0,34,43,0,48,88,32,2332,3212,71,3135,964,2018,0,31,0,0,36,38,0,46,82,31,2098
MACON - 3,2009,100,1914,934,1046,27,0,0,0,0,6,0,0,34,0,1046,1617,57,1551,825,790,26,0,0,0,0,8,0,0,36,0,791
MACON - 4,2037,25,2019,408,1493,0,82,0,0,17,3,0,0,7,82,1508,1646,0,1653,351,1209,0,68,0,0,15,3,0,0,8,68,1223
MACON - 5,1749,32,1706,651,962,0,27,0,0,0,6,0,0,2,27,959,1358,0,1368,472,791,0,23,0,0,0,7,0,0,2,23,789
MADISON - COB,4532,408,4130,3145,832,1,12,0,51,0,12,39,5,21,52,853,3212,178,3028,2353,573,0,0,0,24,0,7,42,0,7,40,571
MADISON - COL,959,23,935,914,6,0,0,0,0,29,3,0,0,3,0,19,725,19,701,674,6,0,0,0,0,4,5,0,0,5,0,14
MADISON - COM,2907,44,2860,1894,298,0,543,0,30,120,31,3,0,32,543,400,2202,44,2157,1558,224,0,346,0,8,14,21,4,0,23,350,243
MADISON - DAN,4399,190,4218,3850,74,4,3,0,32,180,28,3,0,29,6,273,3453,103,3351,3034,68,0,3,0,32,192,13,0,0,13,5,259
MADISON - FOR,770,17,755,677,86,0,0,0,0,10,0,0,0,0,0,95,598,21,584,516,74,0,0,0,0,14,1,0,5,3,0,87
MADISON - HAR,711,0,711,700,0,0,6,0,5,0,0,0,0,0,6,0,562,0,562,553,0,0,9,0,0,0,0,0,0,0,9,0
MADISON - HUL,6842,696,6096,4279,1640,0,11,0,0,8,37,0,0,46,11,1652,5007,248,4729,3386,1213,0,0,0,0,0,38,0,0,44,0,1214
MADISON - ILA,3104,135,2978,3015,4,0,0,0,0,0,0,0,0,0,0,5,2258,123,2145,2175,0,0,0,0,0,0,0,0,0,0,0,0
MADISON - MIL,2364,45,2307,2210,11,4,0,0,13,50,19,0,0,23,0,59,2017,24,1991,1922,13,0,0,0,5,46,4,0,0,4,0,56
MADISON - PAO,365,11,354,321,3,0,17,0,0,4,3,0,0,2,19,7,282,2,276,258,1,0,18,0,0,0,6,0,0,7,18,2
MADISON - PIT,2266,63,2245,2289,23,16,0,0,0,0,17,0,0,24,0,21,1936,59,1910,1953,18,15,0,0,0,0,12,0,0,21,0,17
MADISON - POC,1502,16,1484,1449,3,0,0,0,0,1,0,0,0,0,0,3,1262,9,1250,1224,0,0,0,0,0,0,0,0,0,0,0,2
MARION - 339,1299,132,1159,979,48,3,0,0,0,142,9,0,0,12,0,132,1030,70,959,812,48,3,0,0,0,98,11,0,0,15,0,103
MARION - 34,338,1,349,264,110,0,0,0,0,0,0,0,0,0,0,115,291,0,303,202,102,0,0,0,0,0,0,0,0,0,0,104
MARION - 539,284,16,260,218,38,0,5,0,8,2,0,2,0,1,8,37,238,6,227,162,38,0,5,0,0,4,0,4,0,1,10,42
MARION - 807,2651,108,2536,774,1702,0,0,0,0,20,0,0,0,0,0,1747,1940,51,1881,532,1337,0,0,4,0,40,0,0,0,0,0,1378
MARION - 808,462,6,447,397,26,4,19,0,0,1,0,2,0,1,21,27,400,0,393,356,26,3,16,0,0,1,0,0,0,0,16,27
MARION - 948,612,48,571,428,63,3,10,0,4,16,7,2,0,12,13,110,497,22,475,349,55,4,11,0,0,1,9,0,0,13,10,86
MARION - 955,1423,50,1386,1240,54,4,48,0,34,19,1,2,0,5,48,73,1206,10,1205,1093,52,2,53,0,0,6,0,4,0,3,57,68
MCDUFFIE - 131,1957,18,1946,382,1520,0,0,0,0,30,0,0,0,0,0,1562,1398,7,1396,274,1069,0,0,0,0,29,0,0,0,0,0,1108
MCDUFFIE - 132,2152,131,2015,1916,37,0,41,0,3,9,33,0,0,34,39,44,1618,93,1523,1438,34,0,33,0,1,6,34,0,0,34,32,39
MCDUFFIE - 133A,940,0,943,225,857,0,0,0,9,0,9,0,3,12,0,854,503,0,503,183,348,0,0,0,7,0,7,0,3,12,0,353
MCDUFFIE - 133B,3288,61,3212,2545,421,0,31,0,1,16,38,31,2,40,62,446,2400,57,2337,1882,344,0,26,0,2,17,23,0,3,24,26,363
MCDUFFIE - 134,2894,194,2696,1066,1541,0,1,0,2,103,3,0,0,2,3,1615,2329,97,2234,983,1217,0,1,0,0,21,0,0,0,0,2,1225
MCDUFFIE - 135,3672,252,3417,1970,1300,0,0,4,7,7,6,0,94,100,0,1421,3032,115,2906,1872,950,0,0,4,7,3,0,2,98,98,0,1055
MCDUFFIE - 136,3027,33,2969,254,2314,0,0,0,2,25,11,48,0,11,48,2335,1976,32,1931,211,1486,0,0,0,0,18,11,49,0,11,51,1507
MCDUFFIE - 137,1192,29,1172,1204,98,0,0,0,7,4,0,0,0,0,0,106,971,12,964,914,97,0,0,0,3,2,0,0,0,0,0,100
MCDUFFIE - 138,809,62,744,462,252,0,0,0,16,0,4,0,0,4,0,249,741,28,709,420,266,0,0,0,11,0,0,0,0,0,0,263
MCDUFFIE - 139,1678,3,1712,1394,451,0,0,0,0,10,7,0,0,7,0,462,1229,3,1250,989,336,0,0,0,0,14,5,0,0,5,0,348
MCINTOSH - 1312,115,4,111,88,9,2,0,0,0,0,0,0,0,2,0,10,88,4,84,57,8,2,0,0,0,0,0,0,0,2,0,7
MCINTOSH - 1480,493,0,493,452,15,0,6,0,0,22,0,0,0,0,4,37,425,0,426,390,10,0,4,0,0,24,0,0,0,0,3,34
MCINTOSH - 1515,2481,0,2471,1108,1223,2,16,0,0,29,260,0,0,262,18,1229,1962,0,1957,868,1076,2,0,0,0,0,145,0,0,147,0,1072
MCINTOSH - 1771,2932,84,2848,1816,869,9,0,0,0,70,49,0,0,61,0,955,2545,46,2494,1622,797,10,0,0,0,5,51,0,0,65,0,798
MCINTOSH - 22,2292,53,2235,1991,117,10,21,0,10,0,61,0,0,71,21,118,2132,55,2073,1871,88,7,19,0,8,0,62,0,0,69,20,89
MCINTOSH - 271,2969,148,2835,1709,924,0,0,0,0,48,57,0,0,54,0,977,2428,130,2311,1383,769,0,0,0,0,0,67,0,0,63,0,777
MERIWETHER - 1,435,0,434,408,16,0,3,0,0,0,12,0,0,14,5,17,344,0,341,321,14,0,3,0,0,0,22,0,0,23,3,13
MERIWETHER - 10,1392,0,1397,776,603,0,0,0,0,0,21,0,0,21,0,603,1114,0,1116,633,466,0,5,0,0,0,12,0,0,12,5,466
MERIWETHER - 11,1774,5,1774,1144,620,0,15,0,0,0,9,0,0,10,15,622,1566,6,1566,1039,504,0,16,0,0,4,17,0,0,17,16,509
MERIWETHER - 12,1252,53,1201,637,538,0,16,0,0,0,0,0,4,4,18,543,771,0,772,513,242,0,14,0,0,0,0,0,0,0,14,242
MERIWETHER - 13,618,18,598,452,88,0,2,0,0,17,4,0,0,3,3,116,507,15,488,379,59,0,1,0,0,15,4,0,0,4,1,77
MERIWETHER - 14,203,11,192,197,2,0,0,0,0,11,4,0,0,4,0,6,178,11,173,167,3,0,0,0,0,0,4,0,0,3,0,5
MERIWETHER - 2,2345,26,2307,1255,785,2,42,0,0,0,36,22,0,37,62,796,1702,24,1669,947,536,0,39,4,4,0,18,0,0,18,39,540
MERIWETHER - 3,1554,8,1557,212,1403,2,28,0,0,58,0,11,0,1,38,1443,1183,9,1177,174,1047,0,26,0,0,46,0,0,0,0,26,1084
MERIWETHER - 4,483,0,479,203,295,0,4,0,0,1,6,0,0,3,3,298,397,0,395,164,246,0,6,0,0,0,0,0,0,0,6,252
MERIWETHER - 5,3085,40,3044,1359,1599,0,3,15,30,0,1,0,6,10,2,1599,2549,19,2532,1176,1315,0,0,15,0,0,0,0,0,0,0,1310
MERIWETHER - 6,1577,0,1579,1045,565,0,0,0,0,3,0,0,0,0,0,566,1286,0,1285,835,465,0,0,0,0,0,0,0,0,0,0,463
MERIWETHER - 7,3506,16,3483,2814,601,0,26,0,10,26,24,3,0,28,30,628,3033,17,3015,2395,560,0,26,0,0,28,16,3,0,17,29,589
MERIWETHER - 8,2117,0,2131,1211,923,12,0,0,0,3,17,5,0,27,4,925,1475,0,1482,863,643,10,0,0,0,0,9,4,0,19,4,640
MERIWETHER - 9,580,0,568,327,143,4,0,0,0,1,2,2,0,4,2,149,426,0,419,243,105,4,0,0,0,0,1,0,0,4,0,108
MILLER - 1,5747,140,5607,3825,1645,18,23,16,27,29,24,0,0,42,23,1674,4444,84,4360,3074,1176,12,19,12,17,19,26,0,5,43,19,1200
MITCHELL - BA,1857,108,1737,716,795,0,194,0,0,26,28,0,0,28,194,821,1397,19,1380,616,615,0,133,0,4,7,24,0,0,24,133,626
MITCHELL - BV,914,9,890,797,101,9,0,0,0,0,0,0,0,17,0,100,734,3,733,636,101,9,0,0,0,2,0,0,0,16,0,101
MITCHELL - CN,2722,393,2346,305,2063,0,0,0,5,7,0,0,0,0,0,2070,2041,218,1823,247,1610,0,0,0,0,0,0,0,0,0,0,1610
MITCHELL - CS,6394,164,6215,2266,3520,6,0,0,0,329,38,0,0,44,0,3848,5096,136,4960,1983,2884,0,0,0,5,9,32,0,4,36,0,2894
MITCHELL - CT,434,17,413,414,27,0,0,0,0,0,3,0,0,2,0,24,353,8,336,353,16,0,0,0,0,0,0,0,0,0,0,17
MITCHELL - HF,394,2,394,329,57,18,0,0,0,0,0,0,0,10,0,59,342,0,339,274,54,17,0,0,0,0,0,0,0,10,0,55
MITCHELL - HI,175,0,175,168,8,0,0,0,0,0,0,0,0,5,0,11,127,0,130,119,8,0,0,0,0,0,0,0,0,5,0,9
MITCHELL - LS,1771,29,1764,1380,349,0,0,0,0,3,1,0,0,1,0,351,1336,7,1332,990,310,0,0,0,0,10,2,0,0,1,0,313
MITCHELL - PC,221,0,231,214,18,0,0,0,0,0,6,0,0,2,0,18,165,0,172,151,17,0,0,0,0,0,8,0,0,5,0,18
MITCHELL - PE,5360,55,5323,2688,2476,0,0,0,0,96,14,13,0,15,13,2575,4047,30,4026,2206,1757,0,4,0,0,3,0,11,0,0,15,1763
MITCHELL - SC,484,0,461,385,74,0,0,0,0,0,3,0,0,2,0,72,327,0,313,258,53,0,0,0,0,0,2,0,0,1,0,54
MONROE - 1,2986,24,2961,2200,668,44,0,0,0,8,54,0,0,71,0,670,2610,10,2590,1873,669,24,0,0,0,16,20,0,0,34,0,672
MONROE - 10,2179,64,2113,1596,460,0,0,0,0,73,18,0,0,17,3,529,1718,59,1655,1273,387,0,0,0,0,36,15,0,0,15,0,420
MONROE - 11,902,8,893,514,258,1,19,0,0,0,0,0,0,3,15,257,746,3,743,420,257,0,0,0,0,0,0,0,0,0,0,253
MONROE - 12,1576,0,1584,1335,262,0,0,0,0,0,0,0,0,0,0,269,1255,0,1256,1091,193,0,0,0,0,0,2,0,0,2,0,194
MONROE - 13,1675,7,1668,1407,149,0,0,0,0,106,7,0,0,7,0,256,1154,5,1150,1059,85,0,0,0,0,0,6,0,0,6,0,86
MONROE - 14,703,2,699,560,122,1,0,0,0,0,1,0,0,2,0,121,638,0,641,520,112,0,0,0,0,0,1,0,0,2,0,115
MONROE - 2,1453,20,1426,1408,31,2,46,0,0,12,0,0,0,0,61,39,1110,9,1103,1106,30,0,23,0,0,0,2,0,0,2,31,31
MONROE - 3,2996,152,2842,2736,61,0,46,0,0,8,0,0,4,29,38,79,2394,138,2265,2151,67,0,29,0,0,0,7,0,5,22,26,85
MONROE - 4,1557,15,1543,1278,261,0,0,0,0,0,0,0,0,0,0,256,1155,14,1142,914,221,0,0,0,0,0,0,0,0,0,0,219
MONROE - 5,1105,52,1063,850,115,0,128,0,0,0,0,0,0,3,124,115,871,9,857,690,113,0,83,0,0,0,0,0,0,0,74,112
MONROE - 6,720,2,717,499,202,0,19,0,0,0,7,0,0,6,15,199,644,0,644,438,192,0,0,0,0,0,7,0,0,6,0,190
MONROE - 7,1419,134,1311,1092,243,0,0,0,0,1,0,0,0,0,0,252,1023,51,984,873,138,0,0,0,0,0,0,0,0,0,0,138
MONROE - 8,3440,35,3405,2602,620,0,0,0,0,0,15,23,0,16,20,633,2638,26,2608,1898,524,0,0,0,0,0,15,24,0,15,24,534
MONROE - 9,6706,255,6422,3401,3054,0,9,0,0,3,8,0,0,8,14,3046,5218,189,5023,2791,2244,0,6,0,0,0,11,0,0,11,10,2240
MONTGOMERY - 1,669,17,660,439,169,0,0,0,12,19,0,0,0,0,0,188,570,12,566,369,166,0,0,0,14,1,6,0,0,4,0,166
MONTGOMERY - 2,729,28,698,685,40,0,0,0,0,0,0,0,3,2,0,43,557,14,540,524,33,0,0,0,0,0,3,0,2,6,0,33
MONTGOMERY - 3,1903,133,1761,1298,395,0,0,0,7,39,4,0,0,4,0,434,1492,74,1424,1055,326,0,0,0,9,24,0,0,0,0,0,350
MONTGOMERY - 4,583,80,519,529,6,0,0,0,1,0,2,0,0,2,0,6,487,46,438,443,7,0,0,0,1,0,0,0,0,0,0,7
MONTGOMERY - 5,2654,57,2588,1233,1163,11,23,0,31,64,78,0,0,89,23,1227,2089,36,2048,951,977,11,13,0,23,3,85,0,0,98,13,981
MONTGOMERY - 6,446,46,394,401,2,0,0,0,1,0,0,0,0,0,0,2,372,24,342,337,3,0,0,0,0,0,0,0,0,0,0,3
MONTGOMERY - 7,1500,201,1302,1007,223,0,16,0,0,20,0,0,1,2,16,244,1191,144,1050,829,176,0,9,0,0,0,6,0,2,7,9,180
MORGAN - 1,3807,12,3801,2880,766,0,0,0,0,0,38,0,13,40,0,771,2962,1,2963,2172,700,2,0,0,0,0,35,0,11,40,0,704
MORGAN - 10,859,0,856,298,555,0,0,0,0,0,0,0,0,6,0,562,680,0,679,202,480,0,0,0,0,0,0,0,0,5,0,487
MORGAN - 11,1013,35,976,873,60,0,12,0,0,21,13,3,0,12,12,78,823,27,793,723,52,0,14,0,0,0,4,0,0,4,8,51
MORGAN - 2,2547,263,2281,1994,340,0,0,0,0,0,0,0,0,0,0,339,1867,50,1816,1596,251,0,0,4,0,0,0,0,0,0,0,251
MORGAN - 3,1904,39,1842,1533,248,0,20,0,0,0,31,5,0,29,24,244,1419,29,1370,1134,194,1,17,0,0,0,18,0,0,17,19,190
MORGAN - 4,2217,0,2222,1640,663,0,0,0,0,0,4,0,0,6,0,663,1844,0,1851,1420,449,2,0,0,0,0,3,0,0,5,0,450
MORGAN - 5,886,111,793,560,185,0,12,0,0,0,38,5,0,41,16,188,660,77,598,438,115,0,16,0,0,0,36,0,0,37,14,119
MORGAN - 6,1388,21,1363,1241,98,0,2,0,0,4,0,0,0,3,1,106,1071,15,1048,960,77,0,0,0,0,5,0,0,0,4,0,85
MORGAN - 7,2769,105,2668,1914,686,0,9,0,0,59,0,18,0,0,33,747,2110,93,2018,1472,520,0,11,0,0,23,0,9,0,0,26,541
MORGAN - 8,2457,63,2407,1742,640,0,0,0,0,0,0,0,0,0,0,643,1901,69,1841,1477,337,4,0,0,0,0,0,0,0,4,0,340
MORGAN - 9,948,11,926,795,117,0,0,0,0,0,0,0,0,0,0,114,788,14,773,663,103,0,0,0,0,0,0,0,0,0,0,99
MURRAY - 1013,4380,425,3896,3634,87,0,8,0,56,17,52,0,0,51,7,111,3408,220,3154,2971,80,0,4,0,38,8,43,0,0,43,4,91
MURRAY - 1039,5119,1297,3822,3729,0,0,38,0,0,0,38,17,0,38,55,0,3752,751,3001,2924,0,0,37,0,0,0,40,0,0,40,37,0
MURRAY - 1291,6067,188,5878,5827,0,5,0,27,5,0,14,0,0,18,0,0,4624,144,4484,4426,0,0,0,30,0,0,18,0,0,17,0,1
MURRAY - 1895,6237,1439,4765,4635,6,0,25,68,0,0,11,0,0,12,25,5,4703,759,3908,3769,11,0,27,66,0,0,17,0,0,18,27,12
MURRAY - 824,9986,1296,8816,8221,160,13,37,0,130,257,83,0,0,96,38,414,7509,697,6889,6554,147,11,27,0,52,67,80,0,0,90,27,211
MURRAY - 872,3519,192,3294,3234,0,0,0,5,0,4,21,0,0,22,0,3,2828,145,2671,2632,0,0,0,4,4,0,12,0,0,13,0,0
MURRAY - 874,3559,27,3532,3478,9,0,0,31,0,0,21,0,0,21,0,7,2629,0,2630,2590,11,0,0,19,0,0,18,0,0,18,0,9
MUSCOGEE - 101,7133,218,6904,2161,4525,0,73,38,21,26,52,17,0,53,80,4553,5551,171,5373,1796,3377,4,69,38,19,25,36,10,3,41,79,3415
MUSCOGEE - 102,5707,203,5492,463,4771,0,26,0,0,240,0,0,0,0,26,5016,4285,54,4236,434,3758,0,26,0,0,12,5,0,0,5,26,3773
MUSCOGEE - 103,7572,109,7458,630,6256,0,0,0,388,58,0,85,13,14,85,6327,5986,90,5889,635,5053,5,0,4,98,46,0,10,11,29,10,5113
MUSCOGEE - 104,3759,453,3303,2382,743,0,80,0,0,0,3,128,0,2,203,749,2760,284,2485,1763,601,0,80,0,0,0,0,47,0,0,127,602
MUSCOGEE - 105,5182,240,4945,3575,897,0,110,0,0,198,5,74,68,74,189,1157,3901,209,3684,2676,799,0,75,0,0,42,0,31,65,65,106,905
MUSCOGEE - 106,10049,877,9174,5992,2209,4,514,0,0,205,139,117,0,140,631,2414,7705,431,7272,5071,1528,0,370,0,0,141,86,80,0,82,451,1673
MUSCOGEE - 107,3586,500,3069,1821,1034,0,40,39,4,14,90,30,0,90,75,1045,2708,290,2409,1490,716,0,40,34,3,6,92,14,0,92,57,725
MUSCOGEE - 108,8860,860,7988,6361,1251,0,132,0,82,86,22,64,0,23,196,1345,6537,548,5975,4786,959,0,97,0,23,18,21,62,0,21,158,991
MUSCOGEE - 109,3146,158,3004,2323,273,0,208,5,0,68,94,28,0,93,235,335,2614,136,2493,2023,234,0,128,3,0,73,39,13,0,39,139,295
MUSCOGEE - 110,10629,1093,9583,541,8765,0,111,0,0,167,0,0,12,11,111,8929,7109,589,6531,482,5870,0,68,0,0,108,11,0,6,23,68,5973
MUSCOGEE - 111,12355,1341,11017,4432,5857,45,106,49,95,25,28,359,24,97,452,5917,8192,685,7504,2873,4221,9,100,55,30,28,30,163,23,60,238,4265
MUSCOGEE - 112,7376,1018,6332,1572,3998,16,234,47,108,109,45,152,73,135,395,4177,5260,567,4687,1284,2837,9,202,18,55,74,31,107,71,112,326,2985
MUSCOGEE - 113,8730,397,8336,988,6890,0,175,17,81,109,1,52,16,15,234,7017,6689,243,6458,853,5367,0,99,17,45,51,0,21,13,0,128,5432
MUSCOGEE - 114,5102,233,4879,913,3977,0,27,0,26,11,10,17,0,9,37,3995,3867,171,3697,751,2935,0,29,0,8,9,7,18,0,7,39,2949
MUSCOGEE - 115,12609,531,12079,3236,8342,0,31,0,20,348,19,72,35,56,95,8722,10436,460,9976,2741,6842,0,13,0,24,254,25,42,38,63,55,7133
MUSCOGEE - 116,12390,874,11504,1746,8556,5,157,35,52,668,94,8,70,170,177,9285,8805,526,8275,1412,6286,0,156,33,39,148,101,8,25,127,172,6455
MUSCOGEE - 117,8746,767,7989,4109,3281,10,20,34,131,156,75,3,107,178,24,3551,6962,525,6443,3552,2414,12,19,29,91,124,48,5,113,157,23,2646
MUSCOGEE - 118,5096,319,4770,3560,886,2,150,0,113,48,30,68,0,37,231,939,3579,157,3415,2541,659,4,114,0,62,11,19,58,0,28,191,667
MUSCOGEE - 119,8273,956,7288,5244,1710,0,123,5,91,35,36,26,0,39,148,1746,6537,858,5664,4212,1239,0,118,6,0,19,38,23,0,43,142,1260
MUSCOGEE - 120,12138,975,11192,5970,4060,6,651,0,123,100,37,117,98,140,773,4249,9301,785,8540,4638,3078,0,519,0,34,62,28,77,89,117,597,3210
MUSCOGEE - 121,4251,900,3355,1553,1445,0,108,0,0,185,0,93,8,1,201,1633,3214,318,2897,1357,1305,0,107,0,0,38,0,95,0,3,202,1352
MUSCOGEE - 122,2705,122,2586,1134,1274,0,56,0,4,64,9,16,0,10,72,1338,2338,117,2229,1046,1065,4,56,0,3,14,10,16,3,14,73,1077
MUSCOGEE - 123,4157,390,3769,1834,1830,0,4,0,62,65,9,0,0,12,2,1889,2957,247,2704,1462,1200,0,4,0,26,27,6,0,0,6,3,1224
MUSCOGEE - 124,7756,486,7275,3674,3203,18,44,0,9,94,70,149,0,85,178,3296,5447,292,5159,3020,1893,13,51,0,11,25,70,65,0,83,97,1919
MUSCOGEE - 125,6672,420,6258,3057,2604,0,154,39,201,116,11,28,0,11,191,2729,5333,406,4930,2543,1955,0,140,40,90,125,16,0,0,16,140,2081
MUSCOGEE - 126,4813,53,4757,1685,2669,0,159,0,67,123,44,0,0,52,159,2795,3853,14,3836,1556,1966,0,158,0,19,74,47,5,0,56,164,2049
MUSCOGEE - 127,10445,863,9575,5412,3356,12,280,0,234,106,57,83,26,101,359,3488,7265,450,6807,4048,2249,14,256,0,119,18,35,41,29,75,294,2298
NEWTON - 1,2206,98,2104,986,1088,0,32,0,36,112,55,26,60,95,53,1245,1758,80,1682,761,900,0,28,0,36,69,27,13,58,66,39,1027
NEWTON - 10,8718,390,8307,4014,3685,0,47,0,0,475,0,17,0,0,64,4077,6369,265,6088,3027,2901,0,9,0,0,19,0,13,0,0,22,2936
NEWTON - 12,4610,138,4466,2844,1533,3,4,0,13,29,6,0,0,10,4,1552,3971,129,3841,2445,1304,0,0,0,7,30,3,7,0,4,7,1331
NEWTON - 13,9664,443,9244,2498,6211,0,13,0,0,465,11,0,13,28,13,6689,6366,204,6182,1950,4139,0,12,0,0,83,10,0,0,13,12,4224
NEWTON - 14,2912,125,2741,2380,409,0,31,0,15,10,4,0,0,3,38,420,2164,76,2091,1758,336,2,5,0,5,7,1,0,0,3,12,344
NEWTON - 15,2077,61,2024,1657,273,0,0,0,0,38,17,0,0,17,0,320,1525,29,1501,1258,170,0,0,0,0,65,16,0,0,15,0,210
NEWTON - 16,1113,52,1068,904,117,0,0,0,0,36,35,0,0,36,0,153,885,38,848,704,101,0,0,0,0,11,36,0,0,36,0,123
NEWTON - 17,3230,123,3108,2081,809,1,99,0,48,66,44,12,5,46,121,852,2805,117,2683,1743,721,0,101,0,52,55,37,12,4,38,118,753
NEWTON - 18,5141,168,4964,2372,2283,0,71,0,0,229,9,0,0,8,72,2501,4010,40,3966,1882,1805,0,72,0,0,233,4,4,0,4,74,2035
NEWTON - 19,6641,734,5950,2519,2783,63,24,0,342,54,16,0,5,88,36,2809,4967,351,4630,2186,2004,70,11,0,170,18,16,0,7,96,24,2021
NEWTON - 2,6476,458,6033,1365,4219,0,80,0,0,138,30,21,20,37,103,4385,4759,198,4577,1165,3106,3,29,0,0,93,30,19,18,35,57,3233
NEWTON - 20,6690,1122,5526,1500,3432,0,305,0,165,75,19,53,133,148,346,3665,4897,617,4268,1319,2458,1,254,0,125,71,11,54,133,142,295,2666
NEWTON - 23,4947,156,4807,567,3962,0,0,0,197,76,0,0,0,0,0,4017,3378,60,3318,431,2684,0,0,0,153,26,0,0,0,0,0,2712
NEWTON - 24,6528,80,6368,948,4957,0,3,0,10,305,17,0,0,13,3,5282,4624,13,4533,704,3665,0,0,0,10,34,14,0,0,12,0,3703
NEWTON - 25,3128,145,2983,2545,357,0,0,0,0,0,50,0,55,121,0,418,2465,129,2323,1965,281,0,0,0,0,0,37,0,55,102,0,353
NEWTON - 3,6041,258,5762,955,4521,0,1,0,133,151,13,6,0,14,5,4678,5075,137,4933,832,3863,0,0,0,95,175,10,6,0,11,5,4021
NEWTON - 4,8744,400,8353,4627,3290,0,9,0,40,108,36,6,41,100,14,3463,6251,147,6117,3429,2351,0,7,0,45,59,30,10,38,89,8,2463
NEWTON - 5,4518,759,3792,1850,1578,0,149,0,28,83,60,0,6,79,144,1677,3316,350,2951,1616,1140,0,71,0,26,48,51,0,6,70,69,1194
NEWTON - 6,5462,126,5351,3625,1479,0,119,0,31,5,34,0,0,35,111,1491,3989,69,3921,2676,1052,0,89,0,0,5,39,0,0,39,84,1059
NEWTON - 7,3566,249,3320,2418,738,0,0,0,54,17,50,0,48,82,0,791,2792,163,2640,1940,554,4,0,0,25,0,50,0,47,92,0,601
NEWTON - 8,4903,248,4683,2241,2239,0,29,0,25,174,22,0,0,21,30,2417,3540,171,3417,1727,1549,1,38,0,0,94,11,0,0,13,38,1640
NEWTON - 9,6653,284,6397,1437,4683,0,21,0,5,386,6,33,0,6,54,5162,4900,124,4789,1301,3640,0,23,0,0,37,8,0,0,8,23,3673
OCONEE - 1,2545,95,2466,2400,39,0,24,0,0,3,35,0,0,36,16,42,1950,66,1896,1858,28,0,4,0,0,5,11,0,0,11,3,30
OCONEE - 10,5508,54,5447,4799,73,0,369,0,23,27,102,0,0,98,369,102,3823,54,3767,3400,72,0,188,0,0,28,64,0,0,64,186,101
OCONEE - 11,4570,466,4105,3452,266,35,302,4,0,38,0,0,0,35,302,304,3908,331,3577,2991,265,33,277,0,0,0,0,0,0,33,277,265
OCONEE - 12,6308,351,5962,5122,336,15,266,0,0,110,7,111,3,31,358,450,4506,217,4304,3876,159,15,203,0,0,6,3,61,0,21,249,165
OCONEE - 13,2330,83,2221,2039,78,3,14,0,0,11,6,24,0,5,46,93,1690,38,1629,1519,51,3,15,0,0,0,8,0,0,8,27,51
OCONEE - 2,2926,105,2830,2619,110,0,23,0,0,4,69,0,0,68,21,117,2152,38,2130,1954,127,0,10,0,0,5,34,0,0,36,8,132
OCONEE - 3,2323,123,2196,1994,109,0,13,0,0,0,115,0,0,115,16,107,1720,33,1686,1512,101,0,14,0,0,0,79,0,0,77,16,102
OCONEE - 4,1000,67,938,824,49,1,29,0,0,0,18,6,0,20,44,48,770,18,754,659,55,0,13,0,0,0,17,5,0,19,25,56
OCONEE - 5,2897,148,2741,2398,88,12,167,0,0,2,32,45,1,44,216,85,2074,56,1992,1710,72,12,156,0,0,1,24,30,0,34,184,74
OCONEE - 6,2489,359,2105,1929,19,0,6,0,0,1,103,35,2,103,42,23,1870,195,1668,1535,18,0,7,0,0,1,82,11,0,81,19,19
OCONEE - 7,1844,94,1776,1680,37,0,46,0,0,0,22,15,0,26,63,35,1322,47,1279,1206,34,0,34,0,0,0,22,0,0,23,30,33
OCONEE - 8,4428,56,4384,4236,77,30,75,0,0,0,10,0,0,34,77,76,3082,25,3069,2928,70,29,45,0,0,0,6,0,0,32,48,70
OCONEE - 9,3150,168,2978,2544,93,16,60,0,0,28,221,0,0,243,60,122,2278,160,2116,1888,67,12,40,0,0,0,99,0,0,114,41,67
OGLETHORPE - BV,3154,161,2993,2438,364,0,0,0,64,111,16,0,0,16,0,475,2553,85,2468,1963,312,0,0,0,71,100,17,0,5,22,0,417
OGLETHORPE - CR,3104,71,3016,2043,1008,14,29,0,2,4,33,0,0,43,30,1010,2191,28,2169,1593,557,10,30,3,2,8,12,0,0,26,30,565
OGLETHORPE - FC,844,58,785,633,122,0,0,0,0,13,6,0,0,6,0,135,770,29,736,602,106,0,0,0,0,22,6,0,0,6,0,123
OGLETHORPE - GC,586,31,554,488,36,0,5,3,0,2,2,0,0,2,4,38,516,30,479,422,39,0,0,7,0,0,0,0,0,2,0,42
OGLETHORPE - GL,458,22,421,400,18,0,63,0,0,0,1,0,0,1,61,18,380,18,357,332,17,0,28,0,0,0,0,0,0,0,27,18
OGLETHORPE - GS,1127,149,1002,872,36,0,0,0,0,9,2,24,0,2,27,44,747,72,686,613,20,0,0,1,0,0,0,22,4,2,23,21
OGLETHORPE - LX,2932,31,2895,2203,689,0,0,18,5,32,6,0,0,14,0,719,2385,23,2367,1828,611,6,0,14,4,24,6,0,0,16,0,630
OGLETHORPE - PH,1658,6,1656,1381,71,0,10,0,0,26,12,24,12,19,34,115,1178,4,1176,938,72,0,8,0,0,25,11,0,10,16,8,112
OGLETHORPE - WF,842,129,721,601,58,0,5,0,0,11,18,0,0,18,4,69,728,26,692,571,56,0,0,3,0,11,18,0,0,15,0,66
OGLETHORPE - WS,402,20,386,299,77,0,0,0,0,4,6,0,0,7,0,80,342,8,337,256,69,0,0,0,0,0,2,0,0,2,0,74
PAULDING - 01C,16877,1049,15839,13992,1303,78,117,2,47,95,37,132,0,116,255,1400,12123,880,11250,10032,897,56,38,0,46,62,14,70,5,75,111,956
PAULDING - 02B,5366,303,5075,4104,823,2,7,0,0,87,17,39,0,22,53,939,3748,187,3567,2981,505,1,8,0,0,34,18,62,0,23,71,538
PAULDING - 03C,15815,1746,14060,9100,4042,9,432,2,64,129,65,182,65,131,608,4241,11544,999,10542,7140,2893,5,268,0,25,30,62,105,35,94,372,2968
PAULDING - 04C,17135,1187,15938,11239,3762,0,169,4,394,285,19,10,67,86,179,4114,12381,820,11554,8462,2520,0,162,0,239,88,18,14,67,85,175,2675
PAULDING - 05B,13495,1061,12449,9934,1753,0,308,0,126,71,79,119,37,115,427,1847,9848,566,9299,7524,1242,0,158,0,125,24,75,113,0,75,271,1261
PAULDING - 06B,13640,1418,12206,7404,4267,6,69,0,19,216,175,0,1,186,59,4445,10460,797,9663,6169,3240,5,61,9,18,35,114,0,1,124,52,3275
PAULDING - 07B,12387,1510,10857,5584,4432,0,159,0,58,372,43,109,0,43,271,4807,9101,754,8331,4383,3416,0,118,0,59,173,40,62,0,40,180,3594
PAULDING - 08B,11065,171,10887,8358,1818,0,53,181,97,285,40,36,0,41,83,2110,8491,138,8335,6742,1219,0,55,96,47,93,33,0,0,33,54,1313
PAULDING - 09B,8583,646,7956,5863,1666,13,157,16,0,213,18,28,0,31,191,1899,6572,322,6255,4820,1185,20,132,8,0,53,19,9,0,39,149,1246
PAULDING - 10B,12961,1007,11961,5251,6210,0,0,0,0,485,28,128,0,30,128,6677,10021,538,9492,4659,4600,0,0,0,0,324,4,26,0,5,26,4916
PAULDING - 11C,12259,657,11603,6480,4345,0,103,0,119,436,102,46,0,95,142,4776,9364,527,8833,4931,3637,0,82,0,46,17,85,41,0,83,118,3649
PAULDING - 12B,12075,1009,11065,8112,2436,30,92,0,72,233,28,26,7,71,125,2699,8980,745,8239,6125,1924,31,79,0,12,3,29,26,11,73,110,1940
PAULDING - 13B,13455,930,12526,10359,1778,0,0,0,28,258,90,23,0,91,23,2046,9677,483,9191,7454,1653,0,0,0,0,42,46,0,0,46,0,1695
PAULDING - 14C,7450,88,7359,5479,1712,0,5,0,0,109,67,0,0,65,5,1798,5470,79,5394,4267,1073,0,0,0,0,0,61,0,0,60,0,1075
PEACH - B1,3718,126,3629,2598,888,0,0,0,0,48,128,0,0,123,0,938,2933,109,2848,2120,578,0,0,4,0,34,72,0,0,66,0,612
PEACH - B2,7748,498,7210,4425,2099,0,13,28,7,343,100,209,0,100,222,2440,6156,385,5748,3752,1791,0,14,28,9,106,80,10,0,84,24,1899
PEACH - C1,1109,134,975,682,234,0,6,0,0,0,3,6,0,3,12,248,859,57,807,611,143,0,5,0,0,0,4,7,0,4,10,149
PEACH - F1,4222,369,3892,1577,2182,0,0,0,41,47,0,0,19,19,0,2264,3207,144,3127,1304,1735,0,0,0,43,24,0,0,8,8,0,1769
PEACH - F2,4382,625,3704,1051,2489,0,0,0,40,76,42,0,0,39,0,2523,3236,291,2850,791,1988,6,1,0,40,3,22,0,0,23,0,1988
PEACH - F3,4553,125,4438,938,3321,21,9,25,9,66,11,10,11,44,19,3418,3833,94,3748,695,2977,22,9,4,13,19,10,9,7,43,19,2997
PEACH - P1,2002,71,1938,1163,609,0,17,0,0,8,185,2,0,192,19,609,1462,45,1433,921,436,0,14,3,0,9,77,3,0,80,19,444
PICKENS - 1,4585,57,4528,4294,0,0,0,0,0,0,117,123,0,117,123,0,3991,36,3954,3756,0,0,0,0,0,0,77,128,0,77,128,0
PICKENS - 10,3432,154,3278,3174,0,0,0,0,0,0,52,42,4,56,42,4,2977,109,2869,2794,0,0,0,0,0,0,43,25,0,43,25,0
PICKENS - 11,2691,106,2574,2532,6,6,13,10,0,10,34,0,0,39,9,20,2187,60,2111,2071,0,5,11,11,1,5,34,0,0,42,8,10
PICKENS - 12,4563,209,4356,4203,64,0,13,0,0,26,53,0,0,55,13,70,3598,155,3447,3329,54,0,16,1,0,7,34,0,0,37,14,52
PICKENS - 2,2051,121,1916,1818,31,0,8,0,0,4,46,0,0,47,8,35,1682,60,1622,1526,27,0,9,2,3,1,37,0,0,37,10,31
PICKENS - 3,1248,31,1224,1160,13,2,0,0,0,0,30,15,0,32,5,7,1010,15,1003,954,15,1,0,2,0,0,14,17,0,17,0,10
PICKENS - 4,1946,59,1893,1854,0,0,0,0,0,38,17,0,0,16,0,38,1514,9,1499,1494,0,0,0,0,0,0,16,0,0,15,0,0
PICKENS - 5,1169,0,1162,1111,0,0,0,0,0,0,32,21,0,33,31,0,946,0,941,887,0,0,0,0,0,0,35,20,0,34,37,0
PICKENS - 6,2620,28,2585,2522,0,0,0,0,0,5,48,0,0,49,0,14,2041,15,2023,1982,0,0,0,0,0,0,42,0,0,41,0,6
PICKENS - 7,2687,91,2611,2526,0,0,14,0,0,41,20,0,0,20,14,43,2222,76,2161,2112,0,0,7,0,0,4,23,0,0,24,7,9
PICKENS - 8,3320,121,3200,3034,20,0,5,35,0,6,68,0,0,67,9,32,2526,97,2431,2299,14,0,6,37,0,2,61,0,0,56,10,15
PICKENS - 9,4062,90,3980,3837,78,0,0,0,0,0,72,0,0,70,0,83,3154,45,3110,3041,33,0,0,0,0,0,46,0,0,45,0,29
PIERCE - 1,5864,346,5527,4890,517,39,0,0,45,0,42,0,0,75,0,517,4699,208,4493,3861,505,40,0,0,38,0,47,0,2,85,0,506
PIERCE - 2,4637,71,4537,3846,630,10,0,0,0,0,0,5,51,48,5,665,3488,51,3412,2928,443,7,0,0,0,0,0,0,52,47,0,497
PIERCE - 3A,2433,122,2330,2190,97,9,0,0,0,0,0,0,13,35,0,126,1817,62,1769,1623,97,6,0,0,0,0,0,0,12,32,0,109
PIERCE - 3B,2360,0,2352,1927,207,0,0,0,0,56,28,0,0,28,0,264,1530,0,1525,1379,75,0,0,0,0,21,22,0,0,20,0,96
PIERCE - 4A,2148,56,2099,1621,545,0,0,0,0,69,11,0,0,13,0,608,1612,21,1590,1315,305,0,0,0,0,0,6,0,0,6,0,299
PIERCE - 4B,593,65,527,495,0,0,0,0,0,16,21,0,0,19,0,6,472,21,453,435,0,0,0,0,0,20,13,0,0,13,0,7
PIERCE - 4C,1356,124,1245,1217,0,0,0,0,0,5,0,0,0,0,0,20,1021,58,981,953,0,0,0,0,0,0,0,0,3,4,0,21
PIERCE - 4D,505,0,495,510,0,0,0,0,0,0,0,0,0,6,0,0,377,0,372,387,0,0,0,0,0,0,0,0,0,3,0,0
PIKE - 1,1636,0,1636,1432,204,0,0,0,0,0,0,0,0,0,0,204,1330,0,1330,1132,198,0,0,0,0,0,0,0,0,0,0,198
PIKE - 2,2342,10,2334,2180,82,0,5,0,0,0,56,0,0,56,17,83,1730,8,1727,1608,78,0,7,0,0,0,26,6,0,28,14,83
PIKE - 3,2162,33,2129,1958,174,0,0,2,0,0,0,4,0,0,4,174,1545,34,1512,1382,136,0,0,1,0,0,0,0,0,0,0,136
PIKE - 4,2253,9,2244,2024,145,0,0,0,0,70,5,0,0,5,0,215,1776,9,1767,1631,131,0,0,0,0,0,5,0,0,5,0,131
PIKE - 5,3245,223,3035,2829,243,0,0,0,0,7,9,0,0,9,0,236,2477,172,2345,2198,140,0,0,0,0,0,9,0,0,9,0,139
PIKE - 6,1641,17,1624,1574,23,0,0,29,0,0,0,0,0,0,0,22,1238,14,1224,1211,8,0,0,9,0,0,0,0,0,0,0,8
PIKE - 7,2269,29,2205,1863,176,0,2,0,0,3,54,32,0,54,22,188,1623,17,1566,1375,112,0,2,0,0,0,55,4,0,53,5,108
PIKE - 8,4176,85,4111,3317,716,0,25,4,0,26,0,45,0,0,70,747,3386,41,3339,2672,633,4,19,1,5,0,0,12,0,4,31,633
POLK - 1,5354,41,5319,4568,556,0,0,2,32,101,48,0,10,59,0,669,3951,11,3932,3384,465,0,0,0,11,7,47,3,6,53,3,474
POLK - 2,2140,174,1995,1852,113,0,0,0,0,24,45,0,0,48,0,140,1465,55,1448,1328,106,0,0,4,0,0,43,0,3,51,0,114
POLK - 3,12502,2620,9783,6788,2506,6,0,0,6,26,37,16,306,349,16,2832,8629,920,7626,5445,1853,8,0,0,0,11,39,10,206,250,0,2071
POLK - 4,4621,277,4377,3986,382,0,0,0,16,6,35,0,0,32,0,386,3629,301,3390,3157,223,0,0,0,11,0,24,4,3,23,4,232
POLK - 5,4118,264,3912,3808,55,3,0,0,0,14,23,36,7,29,36,81,3109,238,2910,2842,50,0,0,0,0,0,9,23,9,16,33,54
POLK - 6,9537,707,8802,6977,1682,0,4,2,51,25,47,5,0,49,9,1706,7480,267,7162,5956,1152,5,0,0,0,1,42,1,0,48,1,1151
POLK - 7,3436,225,3212,3077,76,0,0,0,0,35,6,0,0,7,0,110,2527,161,2369,2261,77,0,0,0,0,2,4,0,2,9,0,80
PULASKI - EAST,2476,295,2181,1529,602,0,0,0,0,5,15,0,30,45,0,637,2292,137,2155,1517,584,0,0,0,0,4,18,0,32,50,0,620
PULASKI - NORTH,4034,9,4017,2713,1268,0,22,0,0,0,9,0,0,5,23,1266,3276,0,3273,2155,1086,0,8,0,0,0,3,0,0,2,9,1081
PULASKI - SOUTH,3161,104,3065,1820,1154,0,22,0,0,11,37,0,26,67,21,1193,2378,76,2305,1543,734,0,13,0,0,0,14,0,22,37,12,761
PUTNAM - 101,4544,453,4169,2276,1694,0,0,0,0,0,0,0,0,0,101,1690,3582,216,3405,1823,1504,0,0,0,0,0,0,0,0,0,7,1504
PUTNAM - 102,1300,48,1237,473,549,0,0,0,0,143,3,0,8,11,10,698,1018,44,962,393,519,0,0,0,0,0,3,0,11,14,0,531
PUTNAM - 103,2497,189,2228,1549,553,0,200,53,0,0,5,63,0,5,159,552,1953,76,1844,1343,402,0,120,21,0,0,7,0,0,7,113,401
PUTNAM - 104,2051,38,1995,300,1585,0,4,1,0,4,40,0,0,48,17,1599,1503,10,1483,268,1190,0,4,0,0,5,39,0,0,44,8,1222
PUTNAM - 105,4363,195,4172,3848,114,0,119,5,0,65,12,13,0,12,135,182,3891,156,3733,3485,58,0,118,6,0,66,10,15,0,10,133,125
PUTNAM - 106,1863,34,1845,1544,34,0,11,10,1,39,38,237,0,30,222,64,1433,39,1398,1202,18,0,11,9,3,44,24,66,0,19,70,34
PUTNAM - 107,2936,67,2869,2669,177,0,11,0,10,2,0,0,0,0,25,177,2262,44,2216,2113,78,0,17,0,11,0,0,0,4,4,20,82
PUTNAM - 108,2365,50,2330,2182,165,0,4,0,0,0,2,30,0,2,23,170,2132,36,2112,1964,141,0,0,0,0,0,2,36,0,2,36,141
QUITMAN - G,2136,11,2125,924,1135,0,0,0,0,58,0,13,0,0,13,1200,1828,6,1818,833,988,0,0,0,0,0,0,13,0,0,13,985
QUITMAN - M,123,7,116,43,53,0,0,0,0,15,0,0,0,0,0,61,110,12,102,35,51,0,0,0,0,0,0,0,0,0,0,54
RABUN - RABUN,16611,1025,15586,15032,127,0,4,4,15,161,167,76,0,167,80,288,13883,640,13243,12866,132,0,0,0,12,63,139,31,0,139,31,195
RANDOLPH - 131,205,0,201,127,85,0,0,0,0,0,0,0,0,0,0,85,173,0,165,112,68,0,0,0,0,0,0,0,0,0,0,65
RANDOLPH - 334,969,44,890,289,614,0,0,0,0,22,4,0,6,7,0,644,740,2,736,240,521,0,0,0,0,15,3,0,3,4,0,541
RANDOLPH - 566,388,76,328,191,113,0,0,0,0,15,7,0,2,11,0,127,275,9,268,148,95,0,0,0,0,6,5,0,2,9,0,102
RANDOLPH - 718A,2708,49,2645,639,2001,0,0,0,0,0,0,9,0,0,9,2000,1923,67,1874,449,1333,0,0,0,0,0,0,8,0,0,8,1334
RANDOLPH - 718B,1006,0,1003,0,1094,0,0,0,0,0,0,0,0,0,0,1094,692,0,690,0,769,0,0,0,0,0,0,0,0,0,0,769
RANDOLPH - 934,426,22,411,258,63,0,0,0,0,0,0,0,0,0,0,66,292,14,277,242,35,0,0,0,0,0,0,0,0,0,0,39
RANDOLPH - 947,113,44,100,63,14,0,0,0,0,1,1,0,0,2,0,14,84,3,81,63,7,0,0,0,0,1,0,0,0,0,0,7
RANDOLPH - 954,282,21,265,64,192,0,0,0,0,0,0,0,0,0,0,192,262,0,257,47,195,0,0,0,0,0,0,0,0,0,0,193
RANDOLPH - 998,87,0,85,45,9,0,0,0,0,0,0,0,0,0,0,9,68,0,66,41,6,0,0,0,0,0,0,0,0,0,0,6
RICHMOND - 101,1346,136,1260,888,233,0,3,0,20,18,0,14,50,38,14,299,1139,62,1068,774,192,0,2,0,0,9,0,15,44,34,13,250
RICHMOND - 102,1437,69,1384,598,758,5,3,0,12,54,9,0,0,12,3,786,1167,83,1113,533,566,0,2,0,18,38,1,0,0,0,2,591
RICHMOND - 103,2134,12,2109,116,2016,0,0,0,4,0,8,0,0,0,0,2012,1556,11,1538,106,1447,0,0,0,0,8,8,0,0,5,0,1454
RICHMOND - 104,4609,14,4591,299,4105,0,0,0,0,180,0,0,19,19,0,4304,3183,13,3171,190,2881,0,0,0,0,98,0,0,18,18,0,2997
RICHMOND - 105,893,36,857,207,616,0,29,0,0,0,0,5,0,0,34,616,828,37,791,197,553,6,29,0,0,0,0,6,0,6,35,553
RICHMOND - 106,1302,74,1238,393,738,2,0,4,0,76,0,0,0,0,0,822,1002,3,998,322,626,2,0,0,0,28,0,0,0,0,0,655
RICHMOND - 107,2486,120,2380,1614,694,10,17,0,0,43,4,114,6,25,107,723,2116,78,2050,1424,660,5,15,0,0,4,3,18,0,13,29,667
RICHMOND - 108,643,38,605,141,402,0,22,0,0,0,0,0,0,0,25,398,567,33,537,116,393,0,0,0,0,0,0,5,0,0,2,391
RICHMOND - 109,2042,152,1884,1051,796,0,8,0,0,0,0,0,0,0,9,796,1418,75,1337,601,706,0,8,0,0,0,7,0,0,0,8,705
RICHMOND - 110,581,70,508,141,326,0,24,0,0,2,15,0,0,15,24,330,557,67,481,127,317,0,24,0,0,2,16,0,0,17,24,319
RICHMOND - 111,1229,137,1083,631,370,0,0,0,86,29,0,0,0,14,0,404,967,126,838,505,282,0,0,0,31,46,0,0,0,10,0,316
RICHMOND - 112,1531,34,1519,953,461,0,33,0,3,0,16,39,0,24,71,460,1367,22,1358,802,447,0,36,0,0,0,3,38,0,13,74,449
RICHMOND - 113,1632,43,1536,237,1210,0,33,0,0,33,0,0,0,0,36,1267,1447,25,1409,217,1144,0,32,0,3,2,0,6,0,0,36,1169
RICHMOND - 114,1306,28,1281,188,1038,0,2,0,0,2,0,6,10,27,7,1048,1110,29,1080,187,837,0,0,0,0,5,0,9,8,28,7,855
RICHMOND - 115,1172,47,1120,545,578,0,0,0,0,24,0,0,0,10,0,602,763,7,748,342,410,0,0,0,0,0,0,0,2,12,0,408
RICHMOND - 201,1820,20,1803,75,1731,0,0,0,0,0,0,0,0,0,0,1730,1217,21,1198,65,1139,0,0,0,0,0,0,0,0,0,0,1137
RICHMOND - 202,5868,100,5769,715,4888,0,0,0,36,126,0,0,0,0,0,5012,4033,96,3936,691,3177,0,0,0,17,48,0,0,0,0,0,3224
RICHMOND - 203,1493,69,1441,8,1384,0,1,0,0,0,15,0,0,15,1,1383,1144,43,1111,4,1056,0,2,0,0,0,11,0,0,11,2,1059
RICHMOND - 204,1390,147,1228,813,308,0,21,0,0,40,0,64,0,0,65,341,1158,36,1117,750,278,0,22,0,2,11,0,55,0,0,64,293
RICHMOND - 205,2024,314,1711,483,1163,0,0,0,18,45,0,0,0,0,0,1211,1460,156,1305,440,849,0,0,0,0,16,0,0,0,0,0,865
RICHMOND - 206,1007,19,997,482,492,0,24,0,0,12,0,0,0,0,27,519,930,13,921,445,443,0,25,0,0,11,0,0,0,0,28,472
RICHMOND - 207,2600,0,2597,89,2454,0,0,0,0,47,0,0,0,0,0,2506,1539,0,1537,92,1438,0,0,0,0,0,0,0,0,0,0,1439
RICHMOND - 208,3647,203,3449,843,2547,5,25,0,0,6,44,9,0,49,42,2549,2723,49,2679,690,1980,0,24,0,0,4,44,9,0,44,41,1984
RICHMOND - 209,1938,133,1802,566,1168,0,0,0,0,12,0,51,6,6,51,1190,1291,67,1220,496,664,0,0,0,0,11,0,52,4,4,52,679
RICHMOND - 210,3516,425,3088,604,2240,0,82,0,54,82,0,0,0,0,82,2327,2761,245,2513,531,1793,0,85,0,51,0,0,0,0,0,85,1797
RICHMOND - 301,3198,151,3043,2535,473,0,75,0,31,32,11,0,0,14,75,495,2644,117,2522,2196,347,0,76,0,1,12,8,0,0,10,75,356
RICHMOND - 302,1949,216,1733,403,1135,0,1,0,44,52,0,0,0,0,0,1192,1708,179,1534,367,1025,0,1,0,3,26,0,0,0,1,0,1052
RICHMOND - 303,1806,45,1761,1441,116,6,35,0,4,0,5,53,0,7,79,128,1485,38,1447,1191,107,5,2,0,0,0,0,0,0,2,29,117
RICHMOND - 304,444,39,407,310,57,0,1,0,0,33,0,0,0,0,10,72,367,29,341,251,49,0,0,0,0,46,0,0,0,0,8,58
RICHMOND - 305,429,9,421,395,3,0,41,0,0,0,0,0,0,0,34,3,347,9,339,314,2,0,38,0,0,0,0,0,0,0,31,2
RICHMOND - 306,5322,176,5149,2015,2652,0,184,10,17,281,7,0,54,60,184,2973,4684,172,4516,1945,2093,0,176,9,11,307,6,0,52,57,176,2405
RICHMOND - 307,1955,48,1898,1346,303,10,20,0,3,38,4,156,0,12,207,362,1553,21,1529,1067,302,11,14,0,0,7,11,139,0,19,135,312
RICHMOND - 308,984,64,929,575,280,0,16,9,9,71,6,0,0,5,14,358,889,46,849,566,228,0,16,11,0,29,6,0,0,6,14,292
RICHMOND - 310,14317,909,13396,3236,9023,8,222,0,1,561,45,219,8,62,440,9590,11128,567,10551,2755,7386,6,140,0,0,84,51,57,9,66,197,7479
RICHMOND - 401,2915,118,2802,220,2552,6,0,0,0,14,11,13,0,17,13,2562,2279,40,2239,214,2002,7,0,0,0,6,17,5,0,24,5,2006
RICHMOND - 402,5924,814,5110,1370,3530,10,48,10,0,18,51,73,0,61,121,3548,3370,361,3009,797,2072,9,30,8,0,0,28,65,0,37,95,2072
RICHMOND - 404,4988,151,4844,215,4395,0,50,60,9,77,32,6,0,32,53,4476,3509,120,3398,215,2938,0,47,56,0,78,34,8,0,34,53,3026
RICHMOND - 405,3770,148,3622,400,3166,0,1,21,0,11,0,0,27,27,2,3205,2978,153,2826,278,2495,0,1,20,0,8,0,0,27,27,2,2531
RICHMOND - 406,3295,165,3130,412,2405,0,69,0,126,106,12,0,0,12,69,2511,2440,81,2359,220,2016,0,70,0,0,53,0,0,0,0,70,2069
RICHMOND - 407,2699,759,1938,1135,309,0,153,5,13,5,35,4,0,36,155,333,2604,682,1919,1075,393,4,152,4,16,0,38,6,0,46,158,430
RICHMOND - 408,804,0,804,102,637,0,0,0,0,43,0,0,22,22,0,702,571,0,571,103,426,0,0,0,0,17,0,0,25,25,0,468
RICHMOND - 501,2465,20,2449,471,1824,0,13,0,137,18,0,0,0,0,13,1852,1815,23,1796,394,1219,4,17,4,115,11,0,0,0,4,17,1236
RICHMOND - 502,4170,172,3983,428,3390,0,10,0,46,33,10,0,48,37,10,3466,2877,39,2831,405,2321,0,11,0,51,9,12,0,41,29,11,2345
RICHMOND - 503,4052,96,3958,1142,2739,0,0,0,0,75,0,4,0,0,4,2815,3341,101,3244,950,2268,0,0,0,0,26,0,0,0,0,0,2294
RICHMOND - 504,1323,61,1262,752,235,12,29,67,0,25,137,5,0,149,34,260,951,44,907,626,178,9,29,0,0,25,31,9,0,40,38,203
RICHMOND - 505,1992,0,1992,150,1842,0,0,0,0,0,0,0,0,0,0,1842,1444,0,1444,97,1347,0,0,0,0,0,0,0,0,0,0,1347
RICHMOND - 506,865,37,824,192,617,0,0,0,11,0,4,0,0,4,0,616,514,18,496,141,345,0,0,0,0,0,0,0,0,0,0,346
RICHMOND - 507,1181,26,1155,428,622,0,10,8,63,24,0,0,0,0,10,646,941,26,915,304,558,0,8,9,9,27,0,0,0,0,8,585
RICHMOND - 508,2463,162,2314,425,1535,0,0,0,61,297,0,0,12,33,0,1848,1870,154,1719,405,1155,0,0,0,29,111,0,0,0,24,0,1292
RICHMOND - 509,3035,370,2658,186,2267,0,8,0,27,162,0,4,0,0,14,2424,2387,216,2161,171,1836,0,8,0,0,159,0,6,0,0,15,1984
RICHMOND - 510,2597,162,2431,431,1867,0,7,0,50,1,9,0,52,61,7,1910,1884,100,1780,336,1368,0,5,0,71,1,5,0,26,31,5,1389
RICHMOND - 601,6460,270,6202,1284,4483,0,127,0,79,117,44,17,0,45,146,4600,5236,229,5020,1185,3525,0,126,0,83,25,44,20,0,45,145,3549
RICHMOND - 602,2085,50,2036,898,1127,0,6,0,0,10,0,0,0,0,5,1139,1695,52,1646,842,803,0,0,0,0,0,0,0,0,0,0,805
RICHMOND - 603,3941,154,3787,2069,1683,0,25,0,0,0,0,0,10,10,25,1693,2866,148,2718,1397,1294,0,16,0,0,0,0,4,7,7,20,1301
RICHMOND - 604,2725,401,2308,941,1211,0,9,0,76,71,33,7,0,32,14,1284,2290,236,2037,768,1146,0,9,0,77,0,32,6,0,31,16,1147
RICHMOND - 605,2622,59,2565,552,1979,0,0,0,29,0,4,0,0,4,1,1980,1741,35,1704,431,1287,0,0,0,0,0,0,0,0,0,0,1285
RICHMOND - 606,4787,38,4745,1369,3189,18,3,4,0,159,28,6,6,35,10,3353,3479,35,3444,1247,2146,20,0,4,0,17,32,7,5,37,9,2163
RICHMOND - 607,2480,111,2364,20,2243,0,27,0,0,41,6,0,13,19,27,2301,2092,95,1997,15,1879,0,27,0,0,49,7,0,8,15,27,1938
RICHMOND - 608,2411,0,2420,1062,1325,0,28,0,0,12,0,0,0,0,26,1338,1770,0,1778,948,804,0,18,0,0,16,0,0,0,0,16,821
RICHMOND - 701,2628,41,2574,1922,541,0,17,0,0,85,0,12,0,0,29,609,2183,43,2126,1604,468,0,15,0,0,81,0,0,0,0,14,530
RICHMOND - 702,2351,181,2149,1544,365,5,85,0,6,47,6,94,0,11,175,411,1852,66,1784,1339,281,0,85,0,4,44,6,25,0,6,105,325
RICHMOND - 703,4851,229,4630,2455,1688,7,338,0,32,125,0,13,17,20,355,1820,4005,169,3839,2191,1378,7,206,0,10,34,4,15,2,15,226,1416
RICHMOND - 705,2778,156,2619,1296,1207,0,27,0,9,53,0,0,21,26,34,1301,2101,129,1969,1119,747,0,31,0,14,54,0,0,10,8,39,823
RICHMOND - 706,3647,367,3284,2403,522,0,195,0,12,39,11,16,1,12,212,576,3132,264,2864,2135,454,0,190,4,0,7,10,10,0,10,201,474
RICHMOND - 707,2395,135,2260,1208,991,0,39,0,11,0,0,11,0,0,50,991,2042,139,1903,1164,679,0,43,0,9,0,0,8,0,0,51,679
RICHMOND - 708,249,19,230,121,74,0,44,0,0,0,0,3,0,0,48,71,208,21,188,121,43,0,27,0,0,0,0,0,0,0,28,41
RICHMOND - 801,730,22,704,436,230,0,0,7,0,0,16,20,0,13,22,237,598,19,576,350,209,0,0,5,0,0,9,0,0,8,0,209
RICHMOND - 801B,714,34,671,490,129,0,0,0,0,0,6,5,0,12,2,131,551,24,522,365,111,3,0,0,0,0,4,0,0,10,0,108
RICHMOND - 802,4750,75,4676,2787,1189,0,13,0,64,411,103,101,4,107,114,1605,3922,54,3868,2402,876,4,11,0,45,343,102,77,6,112,88,1225
RICHMOND - 803,1737,406,1330,711,610,0,78,13,7,132,25,2,3,28,82,726,1421,327,1096,582,494,3,76,11,7,105,22,2,5,27,78,565
RICHMOND - 804,3754,18,3751,1373,2336,0,0,2,6,20,20,0,0,15,1,2352,2903,11,2899,1035,1856,5,0,0,7,0,16,0,0,18,0,1851
RICHMOND - 804H,3759,64,3704,2031,1272,0,0,2,24,287,34,7,0,37,7,1556,2677,6,2678,1429,1130,0,0,3,16,8,34,0,0,37,0,1155
RICHMOND - 805,1150,30,1129,429,628,0,0,0,0,22,34,0,0,24,0,648,847,4,855,292,530,0,0,0,0,0,36,0,2,28,0,536
RICHMOND - 806,2036,16,2010,1315,528,0,12,0,92,0,0,60,0,0,74,526,1553,13,1532,904,482,0,12,0,92,0,0,36,0,0,50,481
RICHMOND - 807,2778,22,2745,730,1883,0,61,0,0,25,6,0,0,6,67,1910,2185,16,2166,551,1520,0,60,0,0,0,5,0,0,5,63,1526
RICHMOND - 808,3387,333,3054,1711,1163,0,33,0,0,147,0,0,0,0,33,1310,2326,168,2158,1378,706,0,14,0,5,55,0,0,0,0,14,761
RICHMOND - 809,1817,21,1807,171,1670,0,23,0,0,0,2,0,0,2,18,1666,1136,23,1116,90,1046,0,21,0,0,0,2,0,0,2,18,1041
RICHMOND - 810,705,29,669,366,376,0,0,0,0,0,6,0,0,4,0,374,479,0,475,231,320,0,0,0,0,0,7,0,0,5,0,311
ROCKDALE - BA,7030,194,6869,1773,4368,0,125,0,152,391,39,0,0,34,165,4762,4790,140,4670,1399,2983,0,120,0,48,100,31,5,0,28,133,3085
ROCKDALE - BT,1447,102,1331,693,352,5,0,0,226,47,4,0,0,9,0,399,1114,62,1039,580,315,0,0,0,109,0,5,0,0,5,0,317
ROCKDALE - CO,7089,400,6839,1351,5331,0,5,5,46,250,26,0,0,20,38,5610,5495,153,5365,1182,4187,0,6,0,42,71,32,29,0,23,41,4255
ROCKDALE - FI,5577,29,5550,976,4324,0,1,0,28,26,148,20,4,151,17,4366,4218,31,4187,788,3181,0,0,0,28,37,137,15,0,135,12,3218
ROCKDALE - FS,3866,190,3686,988,2554,0,144,0,61,70,0,15,0,0,156,2615,3120,80,3057,881,2062,0,134,0,26,60,4,8,0,4,137,2124
ROCKDALE - HC,2951,220,2704,1055,1496,0,29,0,21,59,0,0,0,0,30,1550,2427,174,2231,1015,1103,5,22,0,5,32,8,0,0,13,23,1130
ROCKDALE - HI,4310,478,3828,1034,2431,0,0,0,115,119,1,0,0,1,0,2538,3137,219,2919,944,1705,0,0,0,88,94,3,0,0,3,0,1803
ROCKDALE - LA,5242,2130,3101,506,2359,0,0,0,9,236,7,42,10,18,8,2545,3710,976,2729,455,2080,0,0,0,5,142,9,6,8,20,0,2233
ROCKDALE - LO,4324,57,4264,1349,2848,0,8,0,14,2,3,49,5,9,58,2862,3349,52,3294,1192,2044,0,0,0,14,0,0,47,5,7,47,2052
ROCKDALE - MA,3957,290,3663,1466,1841,20,133,0,21,36,9,166,0,34,258,1876,2930,168,2762,1208,1371,24,87,0,23,8,5,19,0,32,97,1379
ROCKDALE - MI,6362,495,5846,1440,4160,0,1,0,3,78,23,0,163,181,1,4399,4801,143,4601,1218,3215,0,7,0,0,10,22,0,89,117,7,3320
ROCKDALE - OT,11238,1115,10064,1844,7535,0,58,0,85,139,11,0,150,154,63,7867,8133,566,7621,1382,5763,0,60,0,58,92,14,0,145,143,65,5980
ROCKDALE - RO,5049,468,4548,2064,2056,0,66,0,1,141,31,37,177,225,106,2382,4609,324,4273,2002,1875,0,65,0,1,151,32,36,125,173,104,2163
ROCKDALE - SA,6250,838,5429,1306,3819,5,114,0,51,101,23,0,0,26,115,3923,4376,247,4137,1144,2817,8,105,4,57,0,15,0,0,21,104,2818
ROCKDALE - SH,4358,215,4143,2025,1798,0,295,0,0,13,8,0,4,12,295,1815,3106,43,3063,1699,1215,0,134,0,0,6,5,0,4,9,134,1225
ROCKDALE - SM,4579,16,4559,1306,2842,0,111,0,118,58,3,0,99,100,110,2988,3818,11,3799,1164,2372,0,67,0,55,32,0,0,96,93,67,2497
ROCKDALE - SP,4488,91,4367,1067,3031,1,126,0,0,145,4,0,0,8,125,3166,3327,96,3219,836,2253,2,100,0,0,7,4,0,0,10,101,2253
ROCKDALE - ST,2943,172,2769,742,1917,0,21,0,92,4,1,0,0,2,21,1926,2294,180,2123,619,1476,0,22,0,28,0,0,0,0,1,22,1479
SCHLEY - 1,4500,64,4436,3741,650,0,0,0,0,11,34,0,0,34,0,661,3376,57,3319,2778,512,0,0,0,0,11,18,0,0,18,0,523
SCREVEN - 1,1956,32,1925,1037,987,0,0,0,0,31,8,0,0,10,0,1007,1632,29,1610,889,816,0,0,0,0,29,9,0,0,13,0,831
SCREVEN - 10,1703,0,1699,716,807,0,0,0,0,14,2,0,167,168,0,995,1191,0,1192,456,605,0,0,0,0,12,5,0,112,114,0,742
SCREVEN - 11,341,2,333,212,87,0,0,0,3,0,1,0,0,0,0,86,308,0,300,207,63,0,0,0,2,0,0,0,0,1,0,64
SCREVEN - 12,267,18,249,54,238,0,0,0,25,0,3,0,0,3,0,236,193,13,179,42,167,0,0,0,15,0,3,0,0,3,0,168
SCREVEN - 2,1294,40,1257,969,279,0,0,0,0,10,0,0,0,0,0,291,1095,18,1075,876,203,0,0,0,0,15,0,0,0,0,0,213
SCREVEN - 3,2068,114,1963,1125,816,0,0,0,9,6,8,0,0,8,0,821,1426,61,1378,858,508,0,0,0,7,0,9,0,0,8,0,505
SCREVEN - 4,1567,26,1545,859,665,0,0,0,0,0,2,0,0,3,0,665,1273,20,1251,716,518,0,0,0,0,0,0,0,0,2,0,518
SCREVEN - 5,811,8,800,609,169,0,0,0,0,0,27,0,0,27,0,170,705,9,694,495,178,0,0,0,0,0,22,0,0,22,0,178
SCREVEN - 6,1695,12,1684,975,402,0,0,0,0,6,10,0,6,13,0,421,1352,10,1339,748,314,0,0,0,0,0,7,0,0,6,0,314
SCREVEN - 7,1160,7,1148,654,617,0,0,0,0,2,0,0,1,3,0,613,917,0,915,524,497,0,0,0,0,0,0,0,0,0,0,499
SCREVEN - 8,507,2,508,257,262,0,0,0,0,2,2,0,0,1,0,264,445,0,448,229,231,0,0,0,0,0,4,0,0,2,0,233
SCREVEN - 9,659,36,620,378,203,0,0,0,8,0,1,0,0,2,0,208,555,24,527,352,159,0,0,0,5,0,1,0,0,1,0,162
SEMINOLE - 1,1823,99,1727,1400,299,0,0,0,0,0,2,0,0,2,0,306,1651,94,1561,1254,301,0,0,0,0,3,0,0,0,0,0,303
SEMINOLE - 2,1968,24,1938,1011,866,0,0,0,0,14,18,0,0,18,0,877,1644,2,1640,811,781,0,0,0,0,2,19,0,0,19,0,792
SEMINOLE - 3,1870,78,1792,230,1553,0,17,0,0,16,0,0,0,0,17,1565,1327,19,1304,224,1041,0,16,0,0,0,0,0,0,0,16,1034
SEMINOLE - 4,1618,53,1563,1200,341,12,0,0,0,8,2,0,5,19,0,355,1138,24,1114,909,202,14,0,0,0,4,2,0,0,16,0,208
SEMINOLE - 5,1808,0,1813,1808,3,0,0,0,0,10,18,0,0,18,0,12,1519,0,1521,1526,3,0,0,0,0,11,13,4,0,13,4,11
SPALDING - 1,3739,109,3634,320,2915,0,22,5,68,182,0,0,0,0,19,3101,2807,93,2716,303,2175,0,20,0,60,46,0,0,0,0,18,2217
SPALDING - 10,4255,196,4084,2400,1552,0,0,0,0,0,1,35,57,95,17,1666,3370,70,3317,1995,1239,0,0,0,0,1,0,35,26,46,19,1289
SPALDING - 11,3374,50,3330,2636,595,4,30,7,0,5,63,0,0,68,30,586,2724,15,2719,2129,499,0,31,0,0,0,65,0,0,67,31,498
SPALDING - 12,1850,60,1791,1680,42,0,0,0,0,17,36,15,0,36,24,55,1542,29,1512,1425,26,0,0,0,0,18,37,15,0,37,18,38
SPALDING - 13,3220,108,3121,2757,263,0,6,0,0,44,14,41,6,19,61,313,2604,80,2529,2283,251,0,0,0,0,8,10,0,0,10,0,258
SPALDING - 14,3231,427,2831,1953,589,0,118,0,0,29,101,16,0,104,134,601,2226,220,2022,1527,383,0,82,0,0,0,23,0,0,24,82,387
SPALDING - 15,654,78,575,575,0,0,0,0,0,0,0,0,0,0,0,0,535,31,505,503,0,0,0,0,0,0,3,0,0,3,0,0
SPALDING - 16,3920,75,3823,1599,2292,14,9,0,0,21,8,0,0,22,10,2318,3328,11,3295,1347,2055,14,4,0,0,0,1,0,0,15,4,2048
SPALDING - 17,2855,143,2731,1755,908,0,0,0,3,80,31,2,0,31,2,966,2107,90,2019,1364,663,0,0,0,0,6,32,0,5,37,0,662
SPALDING - 18,2878,229,2616,390,2085,0,0,0,0,103,10,0,4,12,0,2203,1780,69,1712,335,1333,0,0,0,0,0,9,0,0,8,0,1333
SPALDING - 19,4211,386,3814,2810,950,0,0,13,0,0,81,58,0,80,41,945,3368,131,3234,2471,736,0,0,12,0,0,52,30,0,52,32,737
SPALDING - 2,2781,47,2735,175,2567,0,0,0,0,35,0,14,0,0,14,2588,1827,39,1792,146,1647,0,0,0,0,35,0,0,0,0,0,1667
SPALDING - 20,3251,183,3071,2209,891,0,0,0,0,2,6,0,0,4,0,895,2266,48,2220,1637,616,0,0,0,0,0,5,0,0,3,0,616
SPALDING - 21,5057,345,4729,3627,1012,0,67,0,0,0,12,0,0,12,67,1032,4470,244,4237,3262,902,0,66,0,0,0,5,0,0,5,66,909
SPALDING - 3,1802,33,1784,1433,291,0,7,7,0,27,0,0,0,0,8,331,1392,30,1364,1132,205,0,4,0,0,0,0,0,0,0,4,211
SPALDING - 4,1579,35,1535,1328,173,0,18,0,0,26,0,0,0,0,18,191,1249,19,1223,1086,121,0,22,0,0,0,0,0,0,0,22,134
SPALDING - 5,5934,241,5682,2599,2799,0,107,0,0,40,10,11,75,50,143,2863,4447,223,4212,2033,1948,0,92,0,0,7,9,12,35,24,128,1975
SPALDING - 6,4662,63,4612,1088,3172,0,0,5,17,331,11,23,0,10,12,3501,3258,44,3215,966,2131,0,0,0,21,105,4,23,0,4,12,2237
SPALDING - 7,2365,27,2326,1845,399,0,8,0,0,60,0,0,0,1,7,476,1737,19,1711,1435,247,0,8,0,0,0,0,0,0,0,8,249
SPALDING - 8,2832,203,2630,1938,640,0,0,0,0,0,31,0,0,31,0,642,2209,202,2007,1497,477,0,0,0,0,0,23,0,0,23,0,478
SPALDING - 9,2999,160,2797,2225,464,0,0,0,1,0,0,0,0,0,0,470,2209,135,2052,1697,265,0,0,0,0,0,0,0,0,0,0,268
STEPHENS - 1,7132,225,6891,5457,954,0,84,7,0,238,225,11,5,225,94,1194,5587,118,5451,4414,798,0,65,0,0,47,184,20,0,178,72,847
STEPHENS - 2,3970,131,3850,2868,692,0,34,8,2,86,25,0,32,64,31,821,3115,120,3015,2302,587,0,6,0,0,6,13,0,27,43,8,620
STEPHENS - 3,4634,103,4533,3965,111,0,142,7,2,9,344,0,11,349,141,125,3444,49,3397,3055,111,0,112,0,0,12,118,0,6,120,111,126
STEPHENS - 4,1649,20,1627,1568,4,0,0,0,0,0,31,0,0,36,2,3,1250,21,1230,1180,0,0,0,0,0,0,30,4,0,33,6,0
STEPHENS - 5,415,21,400,373,0,0,0,0,0,0,20,7,0,20,10,0,378,13,364,347,0,0,0,0,0,0,19,0,0,20,8,0
STEPHENS - 6,1603,5,1596,1477,83,0,0,0,0,5,31,0,0,31,0,86,1320,6,1311,1213,76,0,0,0,0,0,22,0,0,22,0,76
STEPHENS - 7,3242,18,3234,3052,63,0,3,0,0,45,124,0,0,123,3,106,2494,16,2483,2379,69,0,0,0,0,0,82,3,0,84,3,68
STEPHENS - 8,3809,48,3752,3162,275,0,19,0,16,67,139,0,0,139,19,345,3128,49,3073,2652,241,0,9,0,0,34,79,2,0,80,13,277
STEWART - 2,2060,0,2064,519,1539,0,0,0,0,5,0,0,0,0,0,1546,1763,0,1765,377,1377,0,0,0,0,8,0,0,4,4,0,1389
STEWART - 4,145,0,146,27,131,0,0,0,0,0,0,0,0,0,0,128,128,0,129,29,109,0,0,0,0,0,0,0,0,0,0,107
STEWART - 5,2431,106,2323,668,1552,72,10,0,0,0,19,0,0,91,10,1550,2179,104,2074,639,1329,74,7,0,0,0,20,0,0,94,7,1329
STEWART - 6,113,0,110,35,66,0,0,0,0,0,0,0,0,0,0,69,92,0,90,34,51,0,0,0,0,0,0,0,0,0,0,53
SUMTER - 15,2237,104,2135,1173,915,0,0,0,0,28,21,0,0,29,0,945,1789,40,1749,1050,685,6,0,0,0,8,0,0,0,13,0,696
SUMTER - 17,947,63,878,456,359,0,3,0,0,0,45,0,0,39,1,355,793,13,765,384,346,0,0,0,0,0,24,0,0,23,0,345
SUMTER - 28,1255,14,1267,623,597,0,26,0,0,0,0,2,0,0,34,597,1089,12,1085,453,585,0,34,0,0,3,0,0,0,0,37,589
SUMTER - 29,869,15,854,501,302,0,0,0,0,9,0,3,0,0,0,313,658,6,654,316,278,0,0,0,0,4,0,0,0,0,0,283
SUMTER - C1-27,5092,11,5075,787,3886,0,29,0,0,6,318,17,0,355,45,3890,3494,8,3494,702,2631,0,24,0,0,0,65,6,0,74,30,2629
SUMTER - C2-27,6120,514,5535,3437,2033,26,104,4,0,3,14,0,4,26,115,2029,4859,273,4535,3067,1439,26,111,0,0,0,21,0,0,20,115,1439
SUMTER - C3-27,4190,33,4082,668,3424,0,0,0,10,20,5,17,0,45,7,3426,3139,19,3095,589,2561,0,0,0,12,0,4,7,5,46,3,2553
SUMTER - E-27,2392,166,2297,1001,1150,0,79,0,0,0,43,0,0,18,76,1157,1862,25,1862,802,984,0,66,0,0,0,9,0,0,17,63,979
SUMTER - N-26,424,30,393,277,27,0,0,0,9,0,54,27,0,60,24,28,319,12,307,229,19,0,0,0,0,0,42,24,0,45,21,18
SUMTER - O-26,1519,81,1444,625,739,7,0,0,5,4,65,0,0,70,3,743,1055,41,1019,495,470,7,0,0,0,0,42,0,0,49,3,469
SUMTER - W-27,3283,258,3079,1613,1231,15,2,0,0,0,191,0,0,166,4,1254,2725,141,2627,1302,1054,15,0,0,0,0,186,0,0,165,0,1072
TALBOT - 1,476,0,476,188,262,0,0,0,0,0,0,5,0,2,2,272,449,0,447,181,247,0,0,0,0,5,0,5,0,3,2,254
TALBOT - 2,957,16,937,482,413,0,0,0,0,0,16,19,0,16,24,416,798,17,785,394,322,0,0,0,0,3,7,21,2,10,26,328
TALBOT - 3,655,0,660,195,406,0,0,0,0,21,0,0,2,5,0,423,573,6,572,156,349,0,8,0,0,22,6,0,3,6,8,369
TALBOT - 4,548,0,544,196,334,0,0,0,4,42,17,0,0,17,0,363,482,0,483,173,302,0,0,0,3,22,5,1,0,5,0,317
TALBOT - 5,1014,0,1016,183,808,0,0,0,0,25,8,4,11,14,7,852,871,2,866,160,687,0,0,0,0,22,9,4,9,18,8,726
TALBOT - 6,538,0,535,308,166,0,0,0,6,40,0,0,0,0,0,207,465,0,464,273,155,0,0,0,6,19,0,0,0,0,0,176
TALBOT - 8,1540,15,1529,796,693,0,0,0,0,13,24,5,5,29,0,708,1165,14,1147,717,441,0,0,0,0,12,6,5,2,7,0,454
TALIAFERRO - 172,346,15,326,145,174,3,0,0,0,0,0,0,0,3,0,176,272,4,269,114,157,0,0,0,0,0,0,0,0,0,0,156
TALIAFERRO - 601,1208,49,1164,472,608,2,0,0,6,31,0,33,16,18,33,653,985,23,961,375,532,0,0,6,11,7,0,17,11,11,17,551
TATTNALL - 1,1233,134,1096,1016,27,0,0,0,0,20,41,0,0,42,0,44,1015,81,930,854,27,0,0,0,0,27,34,0,0,35,0,47
TATTNALL - 2,314,0,314,300,5,0,0,0,0,4,0,0,0,0,0,11,225,0,221,211,5,0,0,0,0,0,0,0,0,0,0,10
TATTNALL - 3,1795,240,1577,1341,94,0,0,0,102,18,13,0,0,13,0,114,1392,156,1257,1073,84,0,0,0,60,21,14,0,0,14,0,107
TATTNALL - 4,356,18,338,273,65,0,0,0,0,4,1,0,0,1,0,67,273,11,266,216,48,0,0,0,0,0,1,0,0,1,0,48
TATTNALL - 5,4229,215,4057,2578,1396,0,0,0,5,21,37,0,0,43,0,1419,3135,149,3019,1960,982,0,0,0,6,24,32,0,0,36,0,1006
TATTNALL - 6,2339,193,2144,1102,953,0,31,0,0,29,22,0,2,26,17,983,2169,61,2109,1064,956,0,19,0,3,32,24,4,4,34,26,992
TATTNALL - 7,2739,269,2469,1764,501,2,27,0,0,9,198,0,0,208,23,510,2329,104,2218,1582,492,4,27,0,0,0,136,0,0,148,27,492
TATTNALL - 8,4171,226,3941,2538,1307,32,57,0,0,3,2,11,6,33,79,1306,3018,100,2924,1946,881,27,38,0,3,2,10,7,10,42,42,896
TATTNALL - 9,6193,623,5515,3162,2138,25,0,0,4,28,123,0,14,152,7,2190,4986,401,4535,2502,1873,3,0,0,10,25,106,0,10,105,0,1905
TAYLOR - 1,1799,3,1794,309,1490,0,0,0,2,11,0,0,5,2,0,1514,1416,7,1409,236,1185,0,0,0,0,4,0,0,0,0,0,1190
TAYLOR - 3,515,15,487,335,79,27,0,0,0,0,0,0,0,17,0,80,422,0,410,292,43,20,0,0,0,0,0,0,0,10,0,47
TAYLOR - 5,2743,49,2690,2106,523,4,0,0,0,71,5,0,3,19,0,592,2161,15,2148,1719,431,0,5,0,0,15,9,0,0,13,5,441
TAYLOR - 6,2652,11,2660,1752,854,0,0,0,3,52,0,0,0,6,0,902,2192,8,2194,1484,677,0,0,0,0,36,5,0,0,11,0,713
TELFAIR - HE,2966,190,2762,1035,1672,0,9,4,0,12,5,0,20,21,9,1699,2714,200,2515,892,1548,0,9,0,0,15,7,0,19,21,9,1581
TELFAIR - JA,517,62,457,358,92,0,0,0,0,8,0,0,0,0,0,100,418,49,376,299,78,0,0,0,0,0,0,0,0,0,0,78
TELFAIR - LU,1719,274,1446,872,579,0,0,0,0,0,0,0,0,2,0,579,1421,273,1147,744,406,0,0,0,0,0,0,0,0,0,0,406
TELFAIR - MC,4245,160,4082,2339,1629,8,10,0,0,1,12,0,27,44,10,1662,3302,68,3214,1984,1166,0,7,0,0,0,14,0,22,41,7,1190
TELFAIR - MI,1413,485,943,775,174,0,0,0,0,0,0,0,0,0,0,173,1188,442,758,585,186,0,0,0,0,0,0,0,0,0,0,186
TELFAIR - SC,336,0,335,332,51,0,0,0,0,0,0,0,1,6,0,53,236,0,237,227,39,0,0,0,0,0,0,0,0,0,0,38
TERRELL - 1,4632,17,4612,935,3622,0,0,0,0,19,11,0,0,10,0,3643,3584,22,3565,832,2683,0,0,0,0,16,6,0,0,5,0,2699
TERRELL - 2,1589,98,1492,1064,451,0,13,0,4,0,0,0,0,0,13,450,1275,63,1214,917,323,1,8,0,0,0,0,0,0,0,8,323
TERRELL - 3,838,17,827,347,497,0,0,0,0,0,1,0,0,1,0,497,659,1,655,303,353,4,0,0,0,0,1,0,0,6,0,352
TERRELL - 4,485,22,461,255,187,0,9,0,0,7,9,0,0,9,9,195,395,9,388,196,184,0,6,0,0,4,10,0,0,10,6,189
TERRELL - 5,865,6,855,469,353,0,0,0,0,0,1,0,0,1,0,352,637,2,634,343,258,0,0,0,0,0,1,0,0,1,0,259
TERRELL - 6,381,6,377,180,188,0,0,0,0,2,0,0,0,1,0,189,265,0,262,119,150,0,0,0,0,0,0,0,0,1,0,149
THOMAS - 101,918,14,896,545,354,8,0,0,0,0,0,0,0,10,0,355,711,8,701,429,274,5,0,0,0,0,0,0,0,6,0,275
THOMAS - 102,2143,77,2077,1092,994,0,0,0,0,21,5,0,0,5,0,1015,1745,73,1680,930,756,0,0,0,0,17,9,0,0,9,0,773
THOMAS - 103,4618,344,4271,2877,1155,8,108,7,26,2,16,0,0,34,106,1157,3580,249,3330,2314,848,0,101,4,0,0,15,0,0,37,99,848
THOMAS - 104,2417,280,2139,1769,311,13,0,0,36,13,13,0,0,26,0,325,1726,99,1627,1304,274,9,0,0,36,0,7,0,0,16,0,277
THOMAS - 105,3267,0,3263,425,2775,0,0,0,26,0,38,0,0,39,0,2774,2421,0,2418,400,1954,0,0,0,28,0,31,0,0,35,0,1954
THOMAS - 106,1633,25,1605,1149,234,0,13,0,26,87,0,0,0,0,13,304,1331,8,1322,966,215,0,10,0,31,9,0,0,0,0,10,221
THOMAS - 107,1689,125,1577,1351,173,3,4,0,0,0,23,0,0,24,3,174,1351,53,1304,1111,134,3,3,0,0,0,21,0,0,23,2,135
THOMAS - 108,3440,110,3332,2240,975,0,34,0,8,14,35,0,0,36,36,989,2429,54,2375,1738,540,0,13,0,0,14,35,0,0,36,15,553
THOMAS - 109,2993,21,2951,475,2432,2,1,1,0,0,0,0,59,63,1,2463,2217,0,2205,407,1768,2,1,0,0,0,0,0,63,66,1,1805
THOMAS - 110,2815,4,2805,2092,837,0,53,0,4,15,25,29,0,31,82,853,2337,4,2322,1773,673,0,53,0,0,16,8,29,0,10,82,684
THOMAS - 111,1266,49,1216,536,606,0,61,0,11,11,2,0,0,0,61,620,874,13,861,389,398,0,62,0,13,0,2,0,0,1,62,398
THOMAS - 112,1314,27,1289,1058,193,0,5,1,0,7,0,0,0,7,7,200,1007,18,994,786,180,0,2,1,0,17,0,0,0,0,2,195
THOMAS - 113,369,19,353,289,56,0,2,0,0,0,2,0,0,5,3,57,304,2,303,252,50,0,1,0,0,0,2,0,0,4,2,51
THOMAS - 114,3283,65,3173,2718,442,25,21,1,26,4,1,0,0,15,19,450,2333,39,2270,1956,322,28,10,1,0,2,2,0,0,14,10,324
THOMAS - 115,2134,21,2128,1733,393,0,8,0,0,53,9,0,0,9,8,461,1665,17,1654,1319,382,0,5,0,0,20,10,0,0,10,5,406
THOMAS - 116,585,15,571,389,164,7,0,0,0,0,0,0,0,5,0,162,445,5,441,302,118,8,0,0,0,0,0,0,0,7,0,118
THOMAS - 117,1462,142,1319,1089,167,0,0,0,41,0,0,0,0,0,0,167,1162,91,1067,883,154,0,0,0,15,0,0,0,0,0,0,153
THOMAS - 118,3352,24,3324,1886,1256,15,15,0,116,22,49,0,4,52,11,1282,2717,25,2697,1595,958,8,9,0,36,13,32,0,0,31,6,975
THOMAS - 119,1949,0,1963,238,1525,6,0,0,0,6,0,0,0,3,0,1554,1504,0,1509,205,1177,6,0,0,0,0,0,0,0,4,0,1203
THOMAS - 120,3455,52,3436,2196,1090,10,6,3,75,0,8,0,0,22,10,1088,2522,9,2534,1707,735,15,4,0,41,0,0,0,0,12,7,733
TIFT - 1,4994,781,4167,2515,1278,0,51,4,13,192,21,0,12,27,51,1480,3715,425,3251,2184,897,0,0,4,11,67,24,7,13,33,8,974
TIFT - 10,3871,18,3869,1063,2804,0,11,0,0,0,3,18,0,4,24,2787,3146,5,3186,817,2361,0,11,0,4,0,2,0,0,1,15,2344
TIFT - 11,5229,300,4992,690,4111,21,0,0,0,30,32,0,24,84,0,4185,3332,73,3307,439,2735,0,0,0,0,33,30,0,28,64,0,2814
TIFT - 12,4586,737,3842,2843,1001,0,5,0,0,88,0,0,0,0,5,1092,3206,344,2864,2174,703,0,9,0,0,0,7,0,0,7,9,705
TIFT - 2,2732,359,2358,1901,283,13,42,0,30,20,0,14,0,9,58,296,2066,146,1916,1550,245,16,29,0,31,0,0,16,0,16,53,243
TIFT - 3,2833,151,2716,2298,179,5,23,0,8,159,9,8,0,15,29,344,2151,79,2085,1774,159,0,18,0,0,114,10,18,0,10,28,275
TIFT - 4,1599,25,1572,1195,220,5,0,0,0,193,0,0,0,8,0,409,1130,5,1129,933,212,0,0,0,0,0,0,1,0,0,3,210
TIFT - 5,1090,21,1118,1080,24,0,0,0,0,10,0,0,0,0,0,27,900,14,933,914,20,0,0,0,0,0,0,0,0,0,0,20
TIFT - 6,1956,193,1761,1445,363,0,0,0,0,0,12,21,0,13,21,353,1480,139,1343,1157,186,0,0,0,4,0,13,17,0,12,17,184
TIFT - 7,1454,571,848,669,171,4,5,0,0,0,0,0,0,4,5,172,987,236,722,578,143,0,0,0,0,0,0,0,0,0,0,143
TIFT - 8,1681,18,1649,1224,395,0,0,0,0,33,0,0,0,0,0,434,1268,7,1243,944,283,0,0,0,0,16,0,0,0,0,0,299
TIFT - 9,7518,795,6682,5141,1394,3,137,0,0,0,4,4,0,4,146,1405,6049,490,5488,4330,1042,0,129,1,0,0,0,4,0,0,126,1046
TOOMBS - 1192,789,62,719,641,57,4,10,0,0,0,4,0,0,9,10,57,698,49,638,572,50,5,7,0,0,0,0,0,0,6,7,50
TOOMBS - 1403,447,27,426,247,148,28,0,0,0,0,4,0,0,32,0,149,355,12,347,192,124,33,0,0,0,0,0,0,0,33,0,124
TOOMBS - 1521,586,97,488,482,0,0,0,0,0,0,7,0,0,7,0,0,396,29,368,360,0,0,0,0,0,0,9,0,0,8,0,0
TOOMBS - 15361,4329,548,3767,2142,1468,37,21,0,0,70,2,8,0,65,45,1539,2982,178,2757,1805,888,39,22,0,0,0,14,11,0,53,49,874
TOOMBS - 15362,2341,425,1951,1927,70,4,0,0,0,6,51,0,0,28,0,77,1678,153,1554,1541,59,1,0,0,0,0,2,0,0,2,0,74
TOOMBS - 1715,774,105,648,684,17,0,0,0,0,0,0,0,0,0,0,16,595,87,495,499,15,0,0,0,0,0,0,0,0,0,0,14
TOOMBS - 1770,275,31,245,240,2,1,0,0,0,1,0,0,0,0,0,4,236,24,218,211,1,1,0,0,0,0,0,0,0,0,0,4
TOOMBS - 1823,2263,192,2077,1838,254,10,5,0,0,2,28,0,0,46,5,257,1278,54,1218,1084,133,8,4,0,0,0,21,0,0,32,4,131
TOOMBS - 39,775,48,737,717,7,1,0,0,0,6,0,0,0,1,0,12,620,34,598,592,5,0,0,0,0,6,0,0,0,0,0,8
TOOMBS - 43,1141,140,995,900,39,0,0,0,0,0,54,0,0,54,0,38,949,85,861,764,34,0,0,0,0,0,60,0,0,61,0,34
TOOMBS - 511,4314,186,4153,1801,1903,0,0,0,0,209,139,14,35,175,0,2156,3334,117,3240,1483,1501,0,0,0,0,62,123,14,39,163,0,1609
TOOMBS - 512,2398,191,2173,1209,704,0,29,2,8,14,135,2,0,139,26,730,1540,98,1442,880,434,0,22,0,4,7,49,2,0,53,18,439
TOOMBS - 513,2638,120,2518,1423,950,9,51,2,0,39,14,0,0,15,53,976,1932,84,1855,1170,582,6,41,0,3,13,15,0,0,14,45,599
TOOMBS - 514,2628,35,2594,1494,799,1,0,0,0,89,172,0,0,169,1,878,2070,6,2062,1161,658,0,1,0,0,80,131,0,0,131,1,731
TOWNS - 1468,3951,121,3827,3567,177,0,0,0,0,0,79,0,0,79,0,176,3376,104,3267,3026,176,0,0,4,0,0,61,0,0,61,0,176
TOWNS - 1581,37,1,31,29,0,0,0,0,0,0,0,0,0,0,0,0,33,0,28,27,0,0,0,0,0,0,0,0,0,0,0,0
TOWNS - 833,3877,53,3830,3741,0,6,0,0,7,0,79,0,0,85,0,0,3402,27,3373,3280,0,5,0,0,7,0,80,0,0,85,0,0
TOWNS - 990,4874,175,4701,4624,6,0,0,0,19,5,50,0,0,50,0,12,4301,125,4188,4109,5,0,10,0,21,0,45,0,0,45,10,5
TREUTLEN - BLAC,393,0,407,318,38,0,0,0,0,0,14,0,0,51,0,37,305,0,309,227,27,0,0,0,0,0,15,2,0,53,2,26
TREUTLEN - GILL,273,1,258,226,14,0,0,0,0,0,4,0,0,2,0,12,225,4,218,185,17,0,1,0,0,0,4,1,0,2,2,14
TREUTLEN - LOTH,594,3,596,485,66,0,0,0,0,2,0,0,0,3,0,73,412,4,414,297,59,0,0,0,0,0,0,0,0,5,0,60
TREUTLEN - OGLE,169,10,161,150,0,0,2,0,0,0,4,0,0,4,2,0,173,13,163,147,0,0,3,0,0,0,4,0,0,4,3,0
TREUTLEN - ORLA,523,3,513,516,11,82,0,0,7,0,8,0,0,31,0,11,433,2,426,415,8,83,0,0,0,0,7,2,0,31,2,8
TREUTLEN - SOPE,4345,70,4275,2354,1816,11,5,0,8,13,56,0,0,88,5,1827,3382,25,3352,1960,1358,13,5,0,16,0,26,0,0,57,5,1361
TROUP - 1,5523,37,5504,4238,1166,0,94,0,0,0,32,18,0,29,109,1177,4454,24,4436,3433,920,0,58,0,2,0,4,0,0,7,58,923
TROUP - 10,5471,168,5302,4150,983,2,40,2,0,0,43,0,0,49,38,990,4307,108,4203,3285,779,2,36,2,0,0,24,0,0,31,38,778
TROUP - 11,3220,54,3175,2313,792,0,8,0,3,9,7,14,0,8,16,783,2650,34,2618,1890,643,0,1,0,6,8,10,0,0,10,5,653
TROUP - 12,3492,129,3362,2284,1039,1,38,0,0,49,11,5,31,18,40,1113,2975,101,2881,1931,906,1,45,0,5,4,6,0,0,7,46,954
TROUP - 13,2745,56,2689,2108,404,0,73,0,11,0,0,56,0,0,128,407,1909,41,1868,1443,326,0,82,0,9,0,0,0,0,0,81,324
TROUP - 14,2473,15,2395,915,1283,3,41,0,1,77,27,0,3,26,48,1371,1748,11,1720,869,750,2,39,0,3,3,24,0,3,23,37,763
TROUP - 15,2441,22,2389,1522,866,7,0,0,19,34,0,0,63,20,0,893,1709,11,1682,1097,567,4,0,0,12,9,0,0,1,4,0,581
TROUP - 16,4436,138,4266,2678,1212,0,161,0,32,68,30,0,0,34,160,1283,3495,55,3425,2230,947,0,148,0,24,16,44,0,0,41,143,966
TROUP - 2,6693,608,6145,1284,4661,9,0,0,24,151,19,0,13,47,0,4827,4425,286,4157,1098,2980,5,0,0,0,47,28,0,17,55,0,3043
TROUP - 3,7610,345,7279,2782,4102,0,108,0,9,145,57,23,0,57,135,4240,5296,177,5122,2175,2783,0,41,0,6,3,58,26,0,57,72,2787
TROUP - 4,3556,4,3532,246,3201,6,0,0,21,0,0,0,0,6,0,3203,2677,0,2663,168,2444,6,0,0,20,0,0,4,0,5,4,2444
TROUP - 5,3107,0,3103,1101,1958,0,8,0,0,137,0,0,0,0,8,2085,2051,0,2049,689,1284,0,8,0,0,145,0,5,0,0,12,1422
TROUP - 6,4793,398,4397,2920,1275,4,55,0,0,86,23,87,0,25,144,1356,3600,67,3532,2325,1084,0,62,0,0,91,18,19,0,17,79,1175
TROUP - 7,3476,65,3413,3012,358,12,15,5,0,6,18,35,0,27,50,370,2890,50,2843,2448,317,14,17,5,5,5,22,34,0,33,51,320
TROUP - 8,6497,77,6471,4873,1409,1,0,5,34,83,12,5,0,34,8,1531,5160,62,5129,3853,1146,1,3,0,36,35,12,5,6,54,7,1217
TROUP - 9,2474,132,2337,1651,527,4,0,0,0,28,18,3,64,140,3,654,1865,128,1728,1203,417,4,1,0,0,0,15,3,157,144,4,493
TURNER - 1,5059,104,4950,1800,2949,7,0,0,0,63,21,0,53,81,0,3066,3802,105,3698,1444,2108,4,0,0,0,0,23,8,57,84,5,2165
TURNER - 2,2907,236,2676,2370,149,0,0,0,6,12,165,31,0,165,31,160,2192,115,2076,1904,84,0,0,0,4,0,115,23,0,115,26,84
TURNER - 3,868,11,857,649,166,0,0,0,0,0,42,0,0,42,0,166,585,10,575,450,114,0,0,0,0,0,11,0,0,11,0,114
TWIGGS - DB,2100,3,2109,1850,105,30,4,0,0,17,98,0,2,127,4,124,1657,0,1669,1435,69,33,0,4,0,20,112,0,0,136,0,89
TWIGGS - GI,1643,3,1627,942,627,0,3,0,0,0,41,10,2,43,12,630,1420,2,1405,787,574,0,5,0,0,0,36,0,0,41,5,574
TWIGGS - HV,1381,0,1381,623,686,0,0,0,0,0,0,0,0,0,0,692,1142,0,1141,567,541,0,0,0,0,0,0,0,0,0,0,543
TWIGGS - JV/W,1498,20,1481,481,932,3,39,0,0,0,15,7,0,22,47,930,1213,10,1206,398,761,3,26,0,0,0,12,0,0,19,26,759
TWIGGS - SG/T,1094,0,1092,412,756,0,0,0,0,0,5,0,0,4,0,751,814,0,813,385,466,0,0,0,0,0,0,0,0,0,0,466
UNION - 1,3339,38,3314,3110,166,0,0,4,0,0,35,4,0,44,4,156,2913,21,2907,2697,161,0,0,0,0,0,42,0,0,50,0,161
UNION - 10,3406,56,3371,3294,0,0,0,0,0,3,57,0,0,46,27,4,2882,42,2848,2792,0,0,0,0,0,2,38,0,0,34,18,3
UNION - 11,1171,144,1052,990,0,0,0,0,0,11,48,0,0,48,0,11,1045,121,969,914,5,0,0,0,1,13,36,0,0,36,0,17
UNION - 2,2812,30,2776,2766,0,0,0,0,0,0,11,4,0,13,2,0,2307,25,2279,2273,0,1,0,0,0,0,9,0,0,11,0,0
UNION - 3,1606,107,1488,1472,0,0,0,0,0,0,17,0,0,15,0,0,1476,48,1394,1378,0,0,0,0,1,0,16,0,0,15,0,1
UNION - 4,2831,13,2812,2768,0,0,0,0,0,0,38,6,0,37,4,3,2349,13,2328,2286,0,0,0,0,0,2,32,6,0,31,6,5
UNION - 5,537,12,525,517,8,0,0,0,0,0,0,0,0,0,0,8,488,11,477,469,8,0,0,0,0,0,0,0,0,0,0,8
UNION - 6,1823,130,1650,1586,0,0,0,0,0,0,56,0,0,53,0,10,1438,85,1323,1264,0,0,0,0,2,0,59,0,0,54,0,0
UNION - 7,2524,54,2468,2448,5,0,0,0,0,0,17,0,0,16,0,5,2119,28,2089,2058,11,0,0,0,0,0,16,5,0,15,5,11
UNION - 8,2728,19,2711,2594,0,5,0,0,0,17,88,4,0,95,6,14,2342,19,2323,2228,0,2,0,0,0,11,73,7,0,77,7,8
UNION - 9,3079,144,2942,2811,0,5,0,0,0,2,72,70,0,82,45,1,2630,117,2522,2443,0,8,0,0,0,2,46,42,0,55,24,1
UPSON - 1336,2768,0,2768,2651,76,0,19,0,0,9,30,0,0,31,19,87,2188,0,2186,2089,69,0,0,0,0,13,29,0,0,30,0,82
UPSON - 1577,402,0,398,285,130,0,0,0,0,0,0,0,0,0,0,126,352,0,351,245,120,0,0,0,0,0,0,0,0,0,0,119
UPSON - 1610,1907,0,1913,1758,137,0,0,0,0,57,7,11,0,6,7,160,1580,0,1584,1423,146,0,0,0,0,7,9,10,0,8,10,164
UPSON - 470,616,57,566,367,171,6,4,0,11,2,29,0,0,39,4,172,490,24,474,299,156,3,4,0,0,3,0,0,0,0,3,160
UPSON - 555,7381,71,7328,4802,1953,0,0,3,25,514,29,55,7,37,62,2505,5411,63,5351,3718,1376,3,0,5,24,202,29,57,0,36,57,1574
UPSON - 561,726,2,726,78,664,0,0,2,0,0,0,0,0,0,0,658,687,2,686,67,635,0,0,2,0,0,0,0,0,0,0,633
UPSON - 5610,12159,455,11667,7405,3652,10,28,49,50,212,48,4,0,56,31,3876,9274,377,8905,5852,2703,5,29,51,20,53,78,0,0,84,29,2752
UPSON - 588,1452,0,1459,1274,81,0,13,0,10,4,0,71,0,0,82,85,1140,0,1144,1029,82,0,15,0,0,0,0,17,0,0,33,81
UPSON - 589,492,78,415,51,360,7,0,0,0,4,15,0,0,19,0,364,408,0,383,51,329,2,0,0,0,5,0,0,0,0,0,334
WALKER - 1161,1462,7,1453,1451,0,0,0,0,0,0,0,0,0,0,0,0,1282,7,1277,1257,0,0,0,0,0,4,8,0,0,8,0,4
WALKER - 1501,10426,416,10002,9419,226,9,0,0,13,225,93,79,5,109,20,455,8264,151,8104,7694,227,15,0,5,14,78,69,11,0,89,11,303
WALKER - 1809,1751,54,1701,1484,129,0,0,0,0,89,26,0,0,26,0,210,1239,15,1219,1084,136,0,0,0,0,0,13,0,0,13,0,135
WALKER - 1812,10975,408,10582,9543,437,13,142,0,0,182,181,59,0,203,201,627,8568,319,8258,7561,290,13,134,0,0,35,185,12,0,201,146,330
WALKER - 1818,10875,233,10648,10031,166,5,31,14,0,34,195,58,0,201,148,204,8500,78,8421,7914,121,0,25,14,0,0,184,135,0,178,160,127
WALKER - 1851,1691,105,1586,1485,13,0,0,0,0,59,8,21,0,8,21,72,1138,43,1095,1032,6,0,0,0,0,32,8,17,0,8,17,38
WALKER - 1893,4348,43,4290,3761,377,33,5,0,37,18,117,0,0,139,5,387,3618,47,3575,3120,345,29,0,0,35,22,70,0,0,97,0,359
WALKER - 871,9884,291,9603,8541,373,72,0,0,0,215,360,57,0,421,67,586,7885,284,7610,6853,294,32,0,2,0,104,298,47,2,326,51,401
WALKER - 917,4201,39,4160,4022,0,29,0,0,0,29,84,0,0,124,0,29,3464,20,3443,3340,0,14,0,2,0,6,77,0,2,100,0,6
WALKER - 944,10722,110,10604,9926,301,38,0,0,36,43,187,43,0,224,33,351,8323,119,8196,7630,251,13,0,0,37,23,186,31,0,198,27,275
WALKER - 953,1929,10,1919,1817,54,0,0,0,0,0,48,0,0,48,0,54,1500,14,1486,1445,25,0,0,0,0,0,16,0,0,16,0,25
WALTON - 1663,6487,450,6049,5378,594,0,21,0,11,21,25,0,0,28,24,617,5044,349,4703,4141,518,0,13,0,11,0,21,2,0,24,15,516
WALTON - 1675,1760,8,1777,1585,57,0,51,0,0,0,35,2,3,44,42,69,1402,5,1413,1277,46,0,50,0,0,0,21,2,4,31,50,46
WALTON - 250,5573,356,5245,4678,375,0,128,0,14,0,104,0,0,101,111,373,4449,141,4323,3833,303,0,69,0,11,0,100,4,0,98,63,307
WALTON - 414,1370,16,1354,1223,68,0,84,0,1,81,13,0,0,11,82,83,1086,6,1082,1031,42,0,50,0,0,164,17,0,0,12,51,52
WALTON - 415,6270,401,5861,5089,435,0,71,0,0,21,155,56,0,168,118,463,4928,303,4624,3947,409,0,59,0,0,24,99,67,0,96,113,444
WALTON - 416,3850,165,3686,3085,200,40,79,0,5,29,236,12,4,261,104,233,2987,66,2909,2533,140,40,64,2,6,0,146,29,3,187,98,142
WALTON - 417,7777,860,6913,4909,1507,39,203,0,42,0,175,103,0,206,308,1511,5973,433,5534,4102,1104,38,190,0,27,5,99,34,4,138,224,1116
WALTON - 418,7418,160,7235,4867,1862,0,62,0,0,13,282,104,0,281,176,1875,5578,92,5474,3721,1514,0,33,0,0,5,137,25,0,135,58,1519
WALTON - 419,5767,287,5481,3945,1190,0,0,50,92,36,16,3,152,167,8,1387,4420,201,4207,3090,956,0,0,0,17,12,4,3,153,156,10,1134
WALTON - 420,7630,429,7167,2985,3813,0,80,0,12,88,76,24,0,79,119,3893,5336,191,5123,2466,2355,0,76,0,14,18,76,21,0,82,101,2373
WALTON - 421,5352,736,4588,2748,1332,0,53,0,0,6,2,270,0,2,328,1340,3878,394,3471,2152,958,0,49,0,0,0,4,154,0,5,204,966
WALTON - 422,5697,294,5413,4545,694,0,58,0,0,33,62,0,20,82,58,747,4531,244,4290,3621,543,0,44,4,0,0,56,0,21,77,44,564
WALTON - 423,6868,515,6357,5358,510,0,128,6,0,89,197,39,9,217,169,606,4957,195,4760,4109,373,0,66,3,0,0,139,19,7,146,85,380
WALTON - 424,4580,479,4082,3699,265,0,4,0,3,9,133,22,0,124,31,267,3368,213,3150,2935,150,0,0,0,3,14,76,9,0,75,23,153
WALTON - 425,5799,119,5682,3172,2196,4,0,0,4,247,103,0,0,107,0,2426,4328,112,4222,2639,1467,0,0,10,0,73,89,0,0,89,3,1528
WALTON - 426,2872,73,2797,2269,193,40,44,0,159,7,73,37,2,121,78,195,2120,12,2118,1676,152,40,44,0,77,9,70,16,2,114,63,162
WALTON - 427,6222,289,5956,3181,2741,0,85,0,0,7,71,0,0,72,77,2743,4512,190,4338,2382,1923,0,59,0,0,0,69,0,0,69,58,1912
WALTON - 454,3153,19,3134,2714,9,47,4,11,43,164,53,19,0,100,22,246,2497,0,2496,2110,11,49,3,12,0,82,56,18,0,105,20,249
WALTON - 502,2704,93,2618,2226,223,0,69,4,0,0,88,19,0,88,79,223,2106,89,2023,1694,185,0,54,0,0,0,90,18,0,90,64,185
WALTON - 503,1239,6,1231,1074,119,0,0,0,1,0,25,0,3,28,0,128,1007,5,1004,870,96,0,0,0,0,0,21,4,3,25,1,97
WALTON - 559,2729,0,2736,2033,603,0,0,0,0,11,13,59,0,13,59,616,2021,0,2023,1582,381,0,0,0,0,9,11,25,0,11,25,393
WARE - 100,6305,89,6211,1484,4544,0,0,2,1,65,1,26,7,6,26,4657,4872,18,4841,1163,3581,7,0,2,0,36,0,10,6,5,11,3650
WARE - 200A,3926,137,3798,2614,1035,0,9,0,0,75,6,0,0,6,9,1095,2632,70,2562,1759,702,0,6,0,0,52,0,1,0,0,6,730
WARE - 200B,3000,397,2639,1004,1578,3,0,6,0,111,11,0,0,16,0,1684,1873,142,1710,801,876,3,0,3,0,11,6,0,0,11,0,882
WARE - 300,7950,339,7593,4953,2495,22,50,0,0,9,25,0,39,76,50,2563,6349,218,6158,4152,1866,15,49,0,0,0,19,0,12,37,49,1908
WARE - 304,1765,134,1630,1373,236,2,0,0,0,2,0,0,0,1,0,237,1292,130,1163,983,174,2,0,0,0,0,0,0,0,1,0,174
WARE - 400,4658,186,4445,4156,124,7,44,9,11,155,52,0,0,59,44,252,3607,7,3610,3464,116,9,45,5,12,3,55,0,0,64,45,117
WARE - 404,675,4,675,649,1,0,6,0,0,0,6,3,0,6,13,1,466,3,463,445,1,0,6,0,0,0,5,0,0,4,6,3
WARE - 405,1049,14,1031,1020,6,0,4,0,0,0,2,9,0,2,9,6,754,17,737,728,8,0,4,0,0,0,3,0,0,4,4,6
WARE - 406,2796,19,2782,2267,331,9,128,0,0,22,59,0,11,90,128,345,2158,16,2144,1787,254,13,31,0,0,26,62,0,10,101,31,261
WARE - 407,864,0,864,864,0,0,0,0,0,0,0,0,0,0,0,1,631,0,631,623,1,0,0,0,0,0,6,0,0,6,0,1
WARE - 408,348,0,348,297,0,0,0,0,0,67,0,0,0,0,0,50,236,0,236,223,0,0,0,0,0,19,0,0,0,0,0,11
WARE - 409,1629,15,1615,1402,122,0,0,0,0,0,0,0,0,0,0,144,1284,16,1262,1229,27,0,0,0,0,0,0,0,0,0,0,38
WARREN - 1,3006,35,2973,788,2004,0,8,0,0,95,14,0,0,10,8,2106,2290,27,2262,688,1458,0,0,0,0,77,14,0,0,14,0,1535
WARREN - 2,376,0,377,245,111,0,0,0,0,21,0,0,0,0,0,123,297,0,298,182,95,0,0,0,0,0,0,0,0,0,0,98
WARREN - 3,889,0,889,361,533,0,0,0,0,0,0,0,0,0,0,533,764,8,756,341,423,0,0,0,0,0,0,0,0,0,0,423
WARREN - 4,477,0,477,246,212,0,0,0,14,10,0,0,0,0,0,222,432,0,432,212,214,0,0,0,14,0,0,0,0,0,0,211
WARREN - 5,328,15,311,304,26,0,0,0,0,0,14,0,0,21,0,27,251,13,236,221,20,0,0,0,0,0,15,0,0,15,0,20
WARREN - 6,88,5,82,84,5,0,0,0,0,0,14,0,0,11,0,6,64,6,60,60,2,0,0,0,0,0,8,0,0,8,0,2
WASHINGTON - 1253,794,27,767,604,167,0,0,0,0,0,3,0,0,4,0,165,751,26,724,555,170,0,0,0,0,0,4,0,0,7,0,168
WASHINGTON - 1350,580,17,563,274,275,0,0,0,0,16,0,0,0,0,0,291,538,12,526,245,267,0,0,0,0,15,0,0,0,0,0,281
WASHINGTON - 1488,3913,8,3904,1228,2557,0,38,0,6,59,8,0,5,17,32,2633,3074,2,3072,989,2010,0,37,0,10,10,19,0,0,21,31,2025
WASHINGTON - 88,575,8,570,319,261,0,0,0,0,0,4,0,0,4,0,263,453,0,451,244,208,0,0,0,0,0,4,0,0,4,0,208
WASHINGTON - 91,1417,5,1413,855,550,0,0,0,0,10,1,0,0,1,0,561,1127,0,1127,651,481,0,0,0,0,0,0,0,0,0,0,481
WASHINGTON - 94,2895,112,2785,1191,1564,8,0,0,22,0,16,1,0,23,3,1565,2474,83,2391,1012,1342,7,0,0,27,0,20,1,0,28,4,1344
WASHINGTON - 97,8618,96,8516,3347,4860,0,69,0,0,176,21,9,6,23,82,5027,6376,55,6320,2709,3414,0,60,0,0,72,20,9,8,22,72,3488
WASHINGTON - 99,857,0,858,524,322,0,0,0,0,0,0,0,0,0,0,323,688,0,692,448,235,0,0,0,0,0,0,0,0,0,0,237
WAYNE - 1A,1598,41,1556,1179,274,0,0,0,0,0,6,24,0,7,23,286,1236,3,1234,907,252,0,0,0,0,0,0,26,0,2,27,256
WAYNE - 1B,1510,31,1478,1239,232,0,0,0,1,7,14,4,0,13,5,241,1145,17,1127,945,196,0,0,0,0,0,15,2,0,13,1,194
WAYNE - 1C,2832,344,2540,2138,299,0,0,0,3,114,67,8,0,66,4,389,2107,121,1993,1796,168,0,0,0,0,4,39,5,0,44,5,173
WAYNE - 2A,2485,52,2431,2209,194,0,0,8,4,15,4,0,0,4,0,208,1713,15,1701,1501,162,0,3,0,6,17,11,0,0,11,0,179
WAYNE - 2B,556,13,542,533,1,0,0,1,2,0,3,0,0,4,0,3,401,12,381,379,2,0,1,0,2,0,1,0,0,2,0,2
WAYNE - 2C,1228,0,1220,1274,46,0,0,4,5,0,8,0,0,6,0,47,945,2,943,951,40,0,2,0,7,0,3,0,0,2,6,40
WAYNE - 2D,1649,111,1530,1322,141,0,0,0,0,13,35,0,0,40,0,165,1110,37,1073,952,108,0,0,0,0,6,24,0,0,23,0,115
WAYNE - 3A,5384,362,4978,3633,1198,16,29,5,0,77,41,2,0,47,35,1273,3462,246,3213,2659,479,10,31,0,0,0,42,5,0,47,36,477
WAYNE - 3B,1170,24,1143,1054,64,0,0,0,0,18,6,0,0,9,0,73,901,7,896,851,27,0,0,0,0,20,2,0,0,3,0,30
WAYNE - 3C,654,25,626,631,0,0,0,0,0,0,2,0,0,2,0,0,544,0,539,549,0,0,0,0,0,0,0,0,0,0,0,0
WAYNE - 4A,1566,5,1582,391,968,0,94,0,0,20,3,0,9,20,94,1018,1353,3,1362,305,893,0,94,0,0,10,2,0,13,13,93,934
WAYNE - 4B,2005,43,1944,1081,847,0,11,0,0,20,6,0,0,3,11,885,1534,45,1470,860,601,0,4,0,0,0,7,0,0,6,4,624
WAYNE - 5A,3685,113,3572,2577,848,0,4,0,0,46,22,4,19,40,8,891,3037,86,2943,2106,712,0,3,0,0,58,10,0,13,26,4,762
WAYNE - 5B,3199,88,3119,2156,892,0,15,0,0,20,0,0,0,0,15,910,2747,86,2672,1831,803,0,11,0,0,0,0,0,0,0,11,804
WAYNE - 5C,480,10,478,428,38,0,1,0,0,12,0,0,0,0,1,43,385,10,383,348,27,0,1,0,0,10,0,0,0,0,1,31
WEBSTER - P1,2323,47,2276,921,1340,0,0,0,0,15,0,0,0,0,0,1355,1985,31,1954,887,1048,0,0,0,0,19,0,0,0,0,0,1067
WHEELER - 1,5147,217,4954,2791,2033,23,0,5,36,52,0,0,30,55,0,2113,4445,143,4290,2313,1862,22,0,0,36,33,5,4,33,60,4,1931
WHEELER - 2,2151,83,2044,1336,679,5,0,0,0,4,0,0,4,7,0,689,1690,83,1619,1097,501,0,0,0,3,0,0,0,0,0,0,498
WHITE - 101,2070,79,1991,1894,0,0,3,0,0,150,12,7,0,15,10,119,1651,65,1581,1558,0,0,4,0,5,2,12,0,0,13,6,11
WHITE - 11,2801,51,2749,2621,0,5,23,0,69,19,21,0,0,26,18,32,2404,6,2392,2323,0,0,25,0,12,15,20,0,0,17,23,30
WHITE - 111,2443,19,2436,2399,0,2,0,0,0,0,19,18,0,22,12,0,1850,3,1864,1854,0,0,0,0,0,0,8,0,0,10,0,0
WHITE - 21,968,46,926,828,0,5,0,0,0,0,19,0,0,21,0,32,803,33,769,746,0,0,0,0,0,0,17,0,0,16,0,0
WHITE - 31,846,9,838,681,46,0,0,0,0,4,14,0,0,14,0,57,794,7,786,633,46,0,0,0,0,2,13,0,0,13,0,56
WHITE - 41,4880,197,4667,4581,18,0,0,0,0,0,50,4,0,50,9,18,3727,47,3665,3616,12,0,0,0,0,0,33,1,0,33,0,12
WHITE - 51,6979,94,6883,6405,175,29,90,0,36,66,62,16,0,90,111,228,5744,45,5691,5312,174,20,81,0,13,51,35,5,5,60,87,215
WHITE - 61,1670,46,1622,1464,219,0,0,0,0,2,22,7,0,22,7,203,1525,44,1483,1320,220,0,0,0,0,7,25,5,0,25,5,203
WHITE - 71,429,13,417,394,18,0,0,0,0,3,3,0,0,3,0,32,400,12,387,365,18,0,0,0,0,1,1,0,0,1,0,35
WHITE - 81,3881,264,3620,3495,52,22,44,0,0,10,0,0,5,27,45,66,2843,221,2632,2534,16,20,47,0,0,16,0,0,6,26,47,30
WHITE - 91,1533,12,1521,1507,8,0,0,0,0,0,4,0,0,4,0,8,1212,7,1213,1199,5,0,0,0,0,0,5,0,0,6,0,4
WHITFIELD - 1A,5675,2012,3627,2737,825,0,6,0,0,24,27,0,6,34,6,857,4158,1283,2863,2297,510,0,5,0,0,15,32,0,5,36,5,537
WHITFIELD - 2A,4808,1190,3579,2795,208,0,377,0,0,111,6,0,4,10,377,327,3445,668,2734,2307,155,1,179,0,0,1,14,5,4,21,184,160
WHITFIELD - 3A,3130,1131,2055,1936,80,0,0,0,0,59,1,0,0,1,0,134,2291,612,1715,1618,70,0,0,7,0,34,2,0,0,2,0,99
WHITFIELD - 4A,4227,1414,2834,2714,3,4,100,0,0,0,0,0,0,4,96,2,3521,1075,2453,2361,6,0,78,0,4,0,0,0,0,0,77,6
WHITFIELD - 5A,4865,3794,1096,638,273,0,33,0,0,35,69,0,0,69,33,307,3035,1947,1036,602,265,0,37,0,0,34,62,0,0,62,37,297
WHITFIELD - 6A,3614,2697,891,445,428,0,0,0,0,2,6,0,0,7,0,434,2329,1593,708,358,341,0,0,0,0,0,5,0,0,5,0,353
WHITFIELD - AN,4307,2306,2009,1717,98,0,0,0,0,20,56,103,5,60,103,140,2842,1369,1501,1247,75,0,0,0,0,22,45,101,0,45,101,104
WHITFIELD - CA,3456,528,2906,2627,83,0,55,0,16,0,58,58,0,58,113,83,2731,306,2404,2201,80,0,20,0,4,0,26,57,0,26,77,80
WHITFIELD - CO,2393,242,2166,1984,127,0,1,0,0,34,32,0,0,35,3,169,1891,49,1855,1722,111,0,2,0,0,3,18,0,0,19,1,108
WHITFIELD - DG,4625,1650,2968,2628,207,0,46,0,45,0,8,0,43,51,50,250,3377,1038,2343,2055,166,0,44,0,36,5,6,6,44,50,51,215
WHITFIELD - ES,3374,1680,1684,1604,21,0,86,0,0,0,6,0,0,6,86,20,2332,913,1424,1321,21,0,91,0,0,0,6,0,0,6,91,21
WHITFIELD - FI,3823,1044,2801,2525,186,0,0,0,0,30,73,9,0,73,9,197,2645,585,2066,1799,185,0,0,0,0,29,58,8,0,58,8,195
WHITFIELD - GL,4108,2032,2052,1846,124,4,96,0,0,0,0,0,4,8,96,135,2619,824,1829,1696,116,0,50,0,0,0,0,0,0,0,50,116
WHITFIELD - LT,2017,220,1804,1799,7,0,0,0,0,0,6,0,0,6,0,0,1659,215,1446,1436,3,0,0,0,0,0,7,0,0,7,0,3
WHITFIELD - MC,2612,114,2483,2100,3,0,40,0,0,363,0,0,0,0,16,365,1901,54,1848,1647,12,3,40,0,4,160,0,0,0,2,20,172
WHITFIELD - NI,4356,504,3853,3647,171,0,0,0,0,0,0,35,0,0,35,171,3281,259,3032,2891,98,4,0,0,0,4,0,34,0,4,34,102
WHITFIELD - PG,8111,1781,6332,5625,399,0,32,0,0,154,37,87,0,37,119,555,5805,872,4925,4401,329,0,24,0,0,60,30,85,0,30,109,390
WHITFIELD - TH,6181,877,5328,5114,37,0,78,0,0,20,28,27,12,39,111,72,4759,533,4246,4088,37,0,67,0,0,9,17,8,15,30,75,62
WHITFIELD - TI,1203,21,1179,1178,0,0,0,0,0,0,0,0,4,4,0,4,1082,22,1060,1059,0,0,0,0,0,0,0,0,0,0,0,0
WHITFIELD - TR,2404,255,2156,2133,0,0,0,0,0,0,12,0,0,11,24,0,1895,56,1839,1818,2,1,0,0,0,0,8,0,0,10,20,2
WHITFIELD - UT,1226,53,1170,1114,24,0,19,0,0,0,21,0,0,19,22,19,922,24,896,845,21,0,18,0,0,0,16,0,0,16,18,19
WHITFIELD - VA,7940,1204,6722,6377,112,0,114,24,0,64,9,24,4,11,127,175,5734,735,4993,4744,81,3,123,21,0,30,1,8,0,4,132,118
WHITFIELD - WS,3290,467,2834,2679,46,0,0,0,0,73,60,0,0,62,0,117,2632,370,2268,2110,53,0,0,0,4,49,66,0,0,66,0,101
WILCOX - 1A,663,2,663,176,450,0,0,0,0,0,0,0,5,7,0,455,548,6,544,145,365,0,0,0,0,0,0,0,0,0,0,365
WILCOX - 2A,807,101,709,484,195,0,0,0,0,12,5,0,0,5,0,207,598,19,578,377,180,0,0,0,0,6,5,0,0,5,0,186
WILCOX - 2B,925,12,910,492,449,4,0,0,0,0,0,0,0,2,0,449,798,10,786,405,412,4,0,0,0,0,0,4,0,3,4,412
WILCOX - 3A,1202,36,1166,1089,33,0,0,15,0,36,10,0,0,10,0,62,991,6,984,926,32,0,0,15,0,12,10,0,0,10,0,44
WILCOX - 4A,1692,2,1687,1329,211,1,0,0,0,56,57,0,0,58,0,269,1250,1,1249,1027,161,0,0,0,0,0,35,0,0,36,0,161
WILCOX - 5A,3407,85,3323,1664,1485,0,0,0,50,21,115,0,14,129,0,1525,2842,83,2761,1351,1282,6,0,0,20,9,97,0,16,119,0,1307
WILKES - 1,2074,0,2061,759,1259,0,0,0,0,0,0,0,0,0,0,1258,1774,0,1769,698,1028,0,0,0,0,0,0,0,0,0,0,1027
WILKES - 2A,1489,130,1375,1147,206,7,15,0,1,0,10,0,0,22,15,218,1229,123,1117,961,157,4,9,0,1,0,8,0,0,18,9,165
WILKES - 2B,821,50,757,553,207,7,2,0,22,0,10,0,0,13,2,206,668,54,606,447,152,4,4,0,9,0,13,0,0,10,4,147
WILKES - 3A,1435,0,1429,386,998,0,0,0,0,0,0,0,0,0,0,999,1099,0,1094,346,730,0,0,0,0,0,0,0,0,0,0,729
WILKES - 3B,864,52,829,505,289,0,51,0,0,0,0,0,0,0,52,288,649,0,653,400,206,0,47,0,0,0,5,0,0,5,48,208
WILKES - 4A,1256,20,1235,872,228,0,51,0,7,99,0,0,0,0,50,315,927,14,916,676,185,0,56,0,7,6,0,0,0,0,55,186
WILKES - 4B,1390,30,1361,720,583,3,0,0,20,14,16,0,0,18,0,599,1094,23,1071,573,449,0,0,0,8,14,19,0,4,24,0,469
WILKINSON - 10,2879,76,2801,1401,1305,0,0,3,0,32,8,0,8,14,0,1347,2129,75,2049,1056,923,0,0,0,5,14,0,0,14,11,0,954
WILKINSON - 11,488,0,491,389,82,0,0,0,0,0,0,0,0,0,0,83,411,0,412,357,46,0,0,0,0,0,0,0,0,0,0,46
WILKINSON - 2,491,1,496,571,16,0,0,0,0,0,0,0,0,0,0,16,378,1,379,425,8,0,0,0,0,0,0,0,0,0,0,8
WILKINSON - 3,243,0,242,193,58,0,0,0,0,0,0,0,0,0,0,59,191,0,192,163,34,0,0,0,0,0,0,0,0,0,0,34
WILKINSON - 4,222,0,220,196,37,0,0,0,0,0,0,0,0,0,0,35,203,0,201,186,20,0,0,0,0,0,0,0,0,0,0,20
WILKINSON - 5,1251,62,1191,533,620,0,14,1,0,1,19,0,2,21,14,634,992,41,957,428,498,0,38,0,0,0,19,0,2,22,38,500
WILKINSON - 6,1187,36,1151,1017,91,0,29,1,0,31,13,0,1,18,29,122,846,12,833,775,43,0,0,0,0,6,10,0,1,15,0,49
WILKINSON - 7,782,0,785,431,376,0,0,0,4,0,0,0,0,0,0,373,663,1,663,387,292,0,0,0,0,0,0,0,0,0,0,292
WILKINSON - 8,1125,43,1073,253,707,0,0,0,0,0,7,0,0,5,0,698,936,18,915,198,646,0,0,0,0,0,7,0,0,5,0,644
WORTH - 1,4606,7,4598,1326,3104,7,1,3,7,4,18,0,0,28,2,3105,3276,6,3270,1080,2080,7,1,0,0,0,9,0,0,19,1,2079
WORTH - 10,1140,72,1069,1050,11,0,3,4,0,2,0,0,0,0,0,13,810,59,754,742,9,0,3,0,0,0,0,0,0,0,0,9
WORTH - 11,581,5,575,505,14,0,2,0,0,8,47,0,0,40,0,27,505,7,499,434,12,0,5,0,0,4,49,0,0,48,0,16
WORTH - 12,1537,0,1538,1153,214,0,65,0,0,33,74,0,0,81,65,241,1315,0,1315,1014,212,0,9,0,0,3,76,0,0,77,9,215
WORTH - 14,1391,3,1395,1443,44,11,0,2,0,0,0,0,0,4,0,44,1144,3,1145,1169,35,6,0,0,0,0,0,0,0,0,0,36
WORTH - 15,1760,58,1719,1333,138,0,3,0,0,6,185,9,0,198,10,153,1438,29,1415,1134,120,0,2,0,0,19,134,0,0,144,2,131
WORTH - 16,455,8,441,247,146,0,0,0,0,0,64,0,0,61,0,142,295,9,280,146,116,0,0,0,0,0,33,0,0,31,0,114
WORTH - 2,1901,96,1806,1435,147,0,46,0,16,74,86,14,0,89,57,220,1516,98,1424,1196,112,0,11,0,17,10,82,0,0,83,10,122
WORTH - 3,1432,2,1432,1046,280,0,7,0,4,22,43,0,5,51,13,316,1172,2,1167,867,260,0,14,0,0,0,12,0,0,14,22,260
WORTH - 4,1011,17,996,786,145,39,8,0,0,0,22,0,0,61,7,144,777,2,776,607,121,28,10,0,0,0,16,0,0,44,9,121
WORTH - 5,948,0,940,830,60,0,4,0,2,0,92,5,0,93,13,57,799,1,791,709,60,0,3,0,0,0,40,0,0,44,5,60
WORTH - 6,1631,21,1571,1122,377,0,0,0,0,6,67,0,0,54,0,384,1227,3,1215,831,338,0,0,0,0,0,46,0,0,32,0,349
WORTH - 7,613,73,549,496,30,0,0,0,0,12,17,0,0,16,0,40,429,20,411,363,26,0,0,0,0,0,16,0,0,15,0,33
WORTH - 8,277,37,251,187,45,0,0,0,0,12,3,0,0,4,0,52,178,11,170,127,30,0,0,0,0,18,1,0,0,4,0,39
WORTH - 9,1074,15,1063,629,386,9,5,0,0,17,14,0,5,28,5,409,890,0,889,528,349,0,0,0,0,0,10,0,0,10,0,350
