precinct_id,C_TOT24,C_HSP24,C_NHS24,C_WHT24,C_BLA24,C_AMI24,C_ASI24,C_NHP24,C_2OM24,C_BLW24,C_AIW24,C_ASW24,C_AIB24,C_AIA24,C_ASN24,C_BLK24,CVAP_TOT24,CVAP_HSP24,CVAP_NHS24,CVAP_WHT24,CVAP_BLA24,CVAP_AMI24,CVAP_ASI24,CVAP_NHP24,CVAP_2OM24,CVAP_BLW24,CVAP_AIW24,CVAP_ASW24,CVAP_AIB24,CVAP_AIA24,CVAP_ASN24,CVAP_BLK24
APPLING - 1B,1918,64,1851,1619,252,3,0,0,0,0,0,0,0,5,0,265,1467,61,1406,1258,154,4,0,0,0,0,0,0,0,7,0,161
APPLING - 1C,1458,139,1354,1245,146,0,0,0,0,36,20,0,0,20,0,158,1112,21,1105,997,118,0,0,0,0,2,22,0,0,22,0,118
APPLING - 2,3617,244,3272,1707,1377,0,5,0,0,45,9,16,0,9,9,1442,2745,137,2548,1251,1196,0,4,0,0,3,10,0,0,10,4,1200
APPLING - 3A1,1188,308,886,836,64,2,0,0,0,0,0,0,0,0,0,52,751,146,608,561,47,4,0,0,0,0,0,0,0,3,0,41
APPLING - 3C,2524,131,2445,1714,613,0,27,0,50,14,15,0,0,15,35,650,1904,47,1913,1351,500,0,26,0,50,0,14,0,5,16,26,508
APPLING - 4B,1233,15,1233,1074,19,0,0,0,0,129,22,0,0,22,0,117,960,15,955,927,13,0,0,0,0,0,11,0,0,12,0,13
APPLING - 4D,2098,150,1939,1699,184,0,11,0,9,4,8,8,0,8,23,201,1621,53,1531,1350,125,0,18,0,13,19,15,0,0,15,18,139
APPLING - 5A,1982,184,1800,1450,201,10,26,0,64,34,2,15,0,12,41,236,1618,73,1547,1247,147,9,28,0,69,33,1,16,0,10,44,181
APPLING - 5B,1789,146,1646,1137,497,0,0,0,0,7,1,0,0,1,0,501,1138,25,1125,902,218,0,0,0,0,0,0,0,0,0,0,219
ATKINSON - 0001,2818,519,2342,1999,102,0,0,0,1,66,57,53,0,54,32,151,1954,209,1797,1544,108,0,0,0,0,0,52,16,0,54,9,112
ATKINSON - 0002,1388,322,1067,1040,14,0,0,0,1,0,0,0,0,0,0,14,992,131,864,851,6,0,0,0,0,0,0,0,0,0,0,6
ATKINSON - 0003,1816,233,1583,1048,446,0,0,0,0,91,0,0,0,0,0,537,1360,146,1218,827,356,0,0,0,0,36,0,0,0,0,0,392
ATKINSON - 0004,1304,220,1040,423,573,0,0,0,2,109,7,0,0,10,21,699,952,104,789,322,534,0,0,0,0,0,16,0,0,14,7,530
BACON - DOUGL,10824,758,10066,8027,1540,0,0,13,11,149,276,50,0,276,50,1689,8044,336,7708,6377,1120,0,0,12,15,69,115,0,0,115,0,1189
BAKER - A,603,0,609,235,351,0,0,0,2,0,28,0,0,17,0,348,513,0,512,203,283,2,0,0,0,0,5,0,0,5,0,282
BAKER - E,491,4,467,344,91,0,0,0,2,0,2,0,0,2,15,93,409,1,396,295,82,0,0,0,0,0,3,0,0,3,0,82
BAKER - H,562,0,578,187,386,0,0,0,0,0,0,0,0,11,0,385,420,0,430,132,302,4,0,0,0,0,0,0,0,6,0,303
BAKER - M,574,6,565,399,45,0,167,0,4,0,8,0,0,8,152,47,524,2,525,363,45,0,166,0,0,0,8,0,0,8,166,45
BAKER - N,450,8,443,246,162,0,0,0,3,0,0,0,0,0,0,162,362,11,351,211,109,1,0,0,0,0,0,0,0,1,0,109
BALDWIN - 1714,1683,61,1628,996,501,9,15,0,0,15,32,7,0,41,22,518,1344,50,1300,852,361,11,13,0,0,15,32,11,0,43,21,367
BALDWIN - 318,4211,147,4068,2942,1072,9,109,0,0,9,32,0,0,41,109,1074,3228,49,3180,2421,653,12,90,0,0,13,32,3,0,44,92,665
BALDWIN - 319,2913,47,2861,1538,1299,0,6,79,0,4,0,0,7,3,4,1312,2482,39,2433,1172,1263,0,7,76,0,9,0,0,5,3,6,1280
BALDWIN - 321E,2051,44,2000,333,1543,9,0,0,20,29,37,0,0,46,15,1576,1551,22,1529,314,1148,6,0,0,8,18,34,0,0,40,0,1164
BALDWIN - 321W,4767,12,4755,1280,3301,0,0,0,0,110,4,0,31,26,0,3438,3555,13,3542,977,2471,0,0,4,0,55,0,0,28,20,0,2553
BALDWIN - 322,2299,34,2266,2022,329,0,0,0,0,10,0,0,4,4,0,338,1842,18,1828,1620,253,0,0,0,0,5,0,0,0,0,0,256
BALDWIN - CTY1,2940,88,2853,1089,1576,0,192,48,0,6,0,0,3,7,185,1584,2218,87,2133,915,1019,0,138,32,0,0,0,0,3,5,137,1020
BALDWIN - CTY2,3860,155,3692,1651,2035,0,8,0,17,39,0,20,0,9,14,2077,3758,90,3650,1667,1972,0,9,0,17,10,0,0,0,8,13,1988
BALDWIN - CTY3,2428,58,2369,804,1227,0,0,0,0,49,4,5,0,4,23,1283,1867,43,1816,700,973,9,0,0,0,12,7,0,0,12,19,988
BALDWIN - CTY4,2257,53,2215,1567,417,0,12,0,8,20,0,0,0,0,11,433,2176,54,2129,1575,362,0,15,0,9,17,0,0,0,0,13,379
BALDWIN - CTY5,2165,51,2122,1067,954,0,28,25,12,1,6,0,18,24,10,964,1853,45,1826,997,728,0,25,24,9,0,9,0,19,32,6,739
BALDWIN - CTY6,2360,58,2300,1660,803,0,3,2,0,11,0,0,0,0,3,824,2000,53,1946,1434,569,0,0,1,0,12,0,2,0,0,3,595
BALDWIN - MERI,3712,96,3613,2395,925,0,231,0,0,0,6,55,0,6,295,927,2882,78,2803,2004,584,0,184,0,0,0,6,55,0,6,242,583
BALDWIN - MONT,5240,49,5191,3116,1944,5,0,0,0,68,46,0,12,63,0,2024,4181,38,4143,2556,1509,0,0,0,0,27,38,4,9,47,4,1545
BANKS - 0001,2156,114,2025,1830,36,7,72,0,0,54,3,0,0,11,69,89,1505,42,1461,1309,22,0,63,0,0,42,0,0,0,0,63,53
BANKS - 0002,1111,158,948,915,12,16,0,0,0,9,1,0,0,17,0,21,817,38,776,747,12,16,0,0,0,0,0,0,0,17,0,12
BANKS - 0003,654,0,648,627,2,0,0,0,0,0,3,0,0,3,0,5,557,0,559,537,2,0,0,0,0,3,6,0,0,6,0,6
BANKS - 0004,1055,100,983,876,60,0,31,0,0,5,17,0,0,18,31,62,886,67,835,742,53,0,22,0,0,0,14,0,0,12,20,65
BANKS - 0005,520,0,518,511,0,0,0,5,0,0,3,0,0,3,0,0,399,0,395,394,0,0,0,0,0,0,4,0,0,3,0,0
BANKS - 0006,2866,203,2653,2178,302,0,92,0,0,0,68,0,0,67,92,309,2329,192,2123,1792,195,0,100,0,0,0,33,0,0,35,102,194
BANKS - 0007,1693,115,1565,1492,0,0,0,0,0,128,13,0,0,12,0,106,1351,55,1287,1262,0,0,0,0,0,30,13,0,2,14,0,44
BANKS - 0008,858,82,777,728,10,2,54,0,0,12,9,0,0,10,57,24,657,36,620,584,5,0,62,0,0,0,5,0,0,6,62,6
BANKS - 0009,932,26,924,918,0,1,0,0,0,0,3,0,0,5,0,1,740,13,741,739,0,1,0,0,0,2,5,0,0,4,0,4
BANKS - 0010,2418,37,2374,2308,19,0,9,0,0,10,11,0,8,20,11,36,1841,6,1823,1761,15,0,8,0,0,8,8,0,8,20,8,37
BANKS - 0011,2651,127,2532,2395,67,0,0,0,0,0,7,0,5,11,0,86,2097,36,2065,1992,34,0,0,0,0,13,9,0,7,14,0,33
BANKS - 0012,959,0,961,948,0,0,0,0,0,0,2,0,0,2,0,0,739,0,745,731,0,0,0,0,0,0,3,0,0,3,0,0
BANKS - 0013,839,2,840,839,4,0,11,0,0,0,0,0,0,0,9,4,648,2,649,646,3,0,13,0,0,1,1,0,0,1,13,3
BARROW - 01,5115,513,4631,3446,821,11,5,0,23,197,111,17,0,123,27,1010,3843,258,3589,2843,562,0,5,0,9,81,79,15,0,80,34,615
BARROW - 02,9700,1122,8584,6640,1112,24,415,0,3,114,104,34,1,126,448,1219,7419,731,6679,5101,977,24,281,0,0,112,74,17,2,100,298,1082
BARROW - 03,9438,1585,7846,5986,921,21,686,0,13,136,56,33,0,78,726,1059,7040,1042,5994,4749,632,10,472,0,21,61,52,5,0,62,481,690
BARROW - 04,5834,473,5365,4695,381,0,151,0,0,134,18,19,7,25,168,517,4590,317,4282,3828,333,0,90,0,0,35,10,11,8,18,99,377
BARROW - 05,11734,1026,10710,8763,1299,0,308,0,24,271,39,0,0,40,311,1571,8757,590,8174,6819,1018,5,209,0,17,71,32,0,0,35,210,1088
BARROW - 08,10676,1273,9399,7719,830,0,652,0,3,55,62,56,0,61,705,883,7736,763,6965,5792,671,0,408,0,0,14,55,11,0,57,418,686
BARROW - 13,18466,2107,16372,11832,3473,0,501,0,19,459,54,213,0,56,693,3930,13814,1211,12616,9360,2603,0,402,0,20,114,46,187,0,46,564,2724
BARROW - 16,14603,2407,12153,7951,3343,0,374,0,89,162,55,94,25,79,480,3552,10103,1148,8943,5972,2427,0,246,0,73,43,37,64,27,63,319,2529
BARTOW - 01,9715,535,9181,7984,852,10,33,0,27,129,143,6,0,152,39,981,7288,279,7010,6200,645,8,41,0,18,0,95,0,0,103,41,647
BARTOW - 02,7263,1091,6169,4662,1242,0,57,0,71,4,112,14,3,117,71,1249,5709,533,5176,3961,1023,4,38,0,71,0,65,11,3,73,49,1026
BARTOW - 03,10507,1299,9094,6761,1843,0,175,85,4,108,47,40,0,51,213,1944,8481,895,7543,5732,1431,0,181,29,2,44,42,18,0,45,197,1462
BARTOW - 04,12230,1705,10610,8442,1893,0,218,5,0,35,46,126,0,46,210,1938,8900,1037,7878,6457,1268,0,82,9,0,49,49,63,0,49,92,1305
BARTOW - 05,8523,1430,7072,5804,803,1,4,266,37,122,0,131,0,0,55,939,6268,883,5380,4664,627,6,6,111,0,19,0,44,0,4,40,641
BARTOW - 06,5206,400,4818,4533,119,5,13,1,0,95,27,0,0,32,13,183,3901,314,3605,3408,124,0,17,0,3,65,1,0,0,2,17,155
BARTOW - 07,3973,162,3805,3290,368,0,18,86,0,15,5,8,17,20,28,399,3211,94,3111,2782,226,0,15,51,0,0,8,0,18,25,15,244
BARTOW - 08,7084,306,6745,5945,507,5,40,0,55,85,101,0,0,106,40,598,5384,238,5134,4559,364,5,42,0,28,53,78,0,0,83,42,412
BARTOW - 09,1732,131,1605,1522,26,0,27,0,0,0,31,2,0,32,17,30,1407,44,1359,1312,16,0,39,0,0,0,2,0,0,2,26,25
BARTOW - 10,4117,191,3923,3384,328,6,7,5,38,73,84,18,8,100,27,432,3313,120,3198,2745,270,6,4,5,10,39,90,9,9,111,16,333
BARTOW - 11,6376,330,6021,5015,656,9,75,0,0,140,0,0,4,7,121,794,4690,130,4539,3974,400,9,30,0,0,47,5,0,0,6,40,449
BARTOW - 12,2791,57,2743,2643,24,0,0,0,11,1,15,2,0,16,12,31,2168,25,2147,2068,30,0,0,4,11,0,13,0,0,13,3,25
BARTOW - 14,4414,361,4091,3934,14,16,29,13,39,6,24,9,0,42,35,20,3456,302,3168,3069,5,15,28,17,18,0,24,13,0,38,37,5
BARTOW - 15,3392,60,3339,3176,35,0,20,3,31,21,22,0,0,21,22,94,2632,29,2609,2458,36,0,5,0,15,16,31,0,0,31,15,92
BARTOW - 16,10565,1374,9227,6740,1843,0,66,0,73,459,38,58,0,35,292,2275,8027,662,7399,5601,1516,0,58,0,9,163,43,59,0,41,171,1698
BARTOW - 17,10002,519,9498,8034,1246,5,36,0,69,33,52,0,0,58,34,1246,7429,296,7132,5951,1107,6,0,0,5,7,33,0,0,41,0,1095
BARTOW - 18,2485,113,2370,2230,68,0,16,0,0,0,16,0,0,17,19,72,1874,64,1805,1675,74,0,12,0,0,0,14,0,0,15,14,80
BEN HILL - 1,16698,882,15816,9132,6461,39,37,0,0,53,82,0,12,133,37,6526,12537,412,12125,7304,4666,32,38,4,0,5,67,0,9,108,38,4680
BERRIEN - 11062,1379,66,1315,1295,0,0,0,0,0,39,2,0,0,1,0,40,1103,62,1043,1030,0,0,3,0,0,0,7,0,4,11,3,4
BERRIEN - 1144,2920,174,2741,2249,284,0,12,30,6,75,59,1,0,59,12,375,2053,134,1915,1609,213,0,10,6,5,4,57,1,0,57,10,217
BERRIEN - 1157,10401,505,9902,8220,1383,29,0,4,2,223,30,28,0,59,29,1570,8042,319,7727,6533,1100,28,1,0,0,19,28,28,0,56,30,1119
BERRIEN - 1642,1980,317,1663,1502,161,0,0,0,0,0,0,0,0,0,0,161,1514,113,1401,1272,122,0,0,0,0,0,0,6,0,0,6,123
BERRIEN - 518,1481,1,1477,1240,221,0,0,0,2,0,1,0,0,2,0,240,1159,0,1157,938,217,0,0,0,0,0,2,0,0,2,0,216
BIBB - EM1,3048,32,3016,144,2849,5,18,0,0,0,0,0,0,5,18,2849,1996,18,1978,139,1833,0,6,0,0,0,0,0,0,0,6,1833
BIBB - EM2,6222,166,6048,904,4739,0,0,34,0,365,0,4,0,0,4,5107,4099,76,4006,642,3202,0,0,33,0,128,0,0,4,4,0,3334
BIBB - EM3,4487,77,4410,1473,2813,0,29,0,23,51,21,0,0,21,29,2864,3809,9,3800,1464,2272,0,25,0,8,10,21,0,0,21,25,2282
BIBB - EM4,3614,14,3608,541,2940,0,0,7,19,31,52,0,0,52,0,2977,2524,23,2517,492,1940,0,0,2,21,0,46,0,0,46,0,1935
BIBB - EM5,3224,0,3224,1082,2051,0,0,0,21,86,4,0,0,4,0,2128,2431,0,2432,844,1579,0,0,0,22,0,0,0,0,0,0,1584
BIBB - GF1,9929,357,9827,2013,7445,25,193,0,0,131,22,31,36,77,226,7615,7908,299,7857,1885,5628,21,185,0,0,137,16,36,22,57,221,5777
BIBB - GF2,2934,67,2862,266,2502,0,0,0,6,74,9,0,13,26,0,2591,2262,49,2211,276,1879,0,0,0,0,55,4,0,10,14,0,1943
BIBB - GF3,4244,47,4200,387,3791,0,7,0,0,14,8,0,0,8,7,3804,2919,13,2906,356,2519,4,13,0,0,0,8,0,0,12,13,2527
BIBB - GF4,3207,23,3184,392,2655,7,0,0,0,103,10,0,0,17,0,2754,2221,25,2195,378,1736,6,0,0,0,56,12,0,0,18,0,1787
BIBB - GF5,7002,538,6429,672,5676,0,0,0,0,42,0,0,39,35,0,5759,4643,260,4362,663,3656,0,0,0,0,4,0,0,39,36,0,3701
BIBB - HA1,4540,146,4429,868,3286,0,0,0,8,14,68,0,187,259,0,3484,3184,79,3126,575,2299,0,0,0,10,8,40,0,194,237,0,2499
BIBB - HA2,6685,229,6456,2854,3378,0,147,0,0,6,75,13,65,137,160,3453,4796,90,4704,2290,2288,0,61,0,0,5,60,4,69,127,65,2366
BIBB - HA3,10834,190,10651,2906,7161,28,263,4,64,66,28,39,22,82,302,7258,8276,59,8227,2646,5162,31,229,4,0,4,38,34,19,89,263,5190
BIBB - HA4,6604,353,6246,3233,2566,0,247,0,0,127,56,1,51,110,219,2705,5382,291,5084,2825,1990,0,123,0,0,84,46,0,25,73,116,2097
BIBB - HO1,4557,401,4155,2835,802,13,444,0,0,31,12,0,0,26,444,832,3408,121,3280,2259,720,5,263,0,0,4,12,0,0,17,263,724
BIBB - HO2,4245,569,3676,2494,884,0,114,0,0,173,0,0,11,11,114,1068,3302,257,3045,2061,756,0,77,4,0,136,0,0,11,11,77,903
BIBB - HO3,7926,557,7368,5302,1657,0,216,4,82,38,0,33,62,62,248,1749,6157,249,5908,4294,1255,4,160,0,80,43,0,32,50,67,191,1346
BIBB - HO4,1921,14,1905,906,964,0,66,0,0,26,0,16,0,0,80,988,1450,8,1439,781,591,0,53,0,0,22,0,0,0,0,53,612
BIBB - HO5,2946,19,2929,782,1870,0,42,0,32,274,0,0,0,0,42,2132,2309,19,2293,736,1450,0,43,0,29,91,0,0,0,0,43,1531
BIBB - HO6,2909,179,2734,1428,1123,0,0,0,91,0,0,11,0,0,13,1140,2267,178,2095,1174,814,0,0,0,70,0,0,0,0,0,0,820
BIBB - HO7,3231,62,3166,2195,861,0,11,0,2,4,0,4,0,0,16,870,2654,37,2611,1763,789,0,7,0,2,0,0,0,13,0,8,809
BIBB - RU1,7753,428,7326,3793,3312,0,78,0,0,7,17,45,0,15,123,3334,5830,88,5743,3098,2496,0,72,4,0,0,27,27,0,20,99,2493
BIBB - RU2,5356,68,5287,3384,1810,0,51,0,28,59,20,0,6,28,51,1861,4042,15,4026,2650,1281,5,59,0,31,0,14,4,0,26,63,1284
BIBB - VV1,6120,263,5603,2835,2378,0,97,0,15,135,41,9,36,76,104,2544,5149,268,4635,2358,2025,0,101,4,12,16,19,0,37,54,101,2078
BIBB - VV2,2666,98,2568,852,1586,0,28,0,0,55,8,25,0,9,51,1647,2137,57,2082,776,1225,0,21,0,0,54,6,0,0,7,21,1290
BIBB - VV3,4775,61,4720,338,4190,0,36,0,0,164,4,0,19,26,36,4352,3594,60,3534,283,3053,0,35,0,0,170,0,0,10,14,35,3221
BIBB - VV4,5771,176,5593,553,4983,0,44,0,0,12,0,4,7,6,48,5005,4304,185,4123,484,3586,0,41,0,0,15,0,0,10,10,41,3613
BIBB - VV5,3690,26,3665,1778,1665,0,8,40,96,4,0,5,12,18,11,1692,2575,27,2546,1385,1050,0,11,38,35,3,0,0,7,6,11,1061
BIBB - VV6,4594,269,4320,2556,1686,0,26,0,23,20,10,14,16,19,44,1729,3453,174,3280,2078,1127,0,15,0,13,26,8,0,1,9,15,1160
BIBB - WA1,3175,44,3141,1953,917,0,79,0,16,106,31,3,0,28,111,1034,2430,35,2398,1548,678,0,24,0,26,136,21,0,0,22,31,768
BIBB - WA2,5030,156,4864,2992,1579,0,143,0,9,61,47,8,22,68,151,1677,3960,125,3834,2333,1254,0,105,0,0,33,33,5,21,52,110,1347
BLECKLEY - 1,12355,454,11901,8501,3229,17,65,0,18,15,23,33,0,40,98,3244,9815,280,9535,6930,2467,15,52,0,0,20,13,34,4,32,86,2491
BRANTLEY - 1,4530,0,4529,4333,16,0,0,0,0,80,97,0,0,98,0,96,3271,0,3271,3136,17,0,0,0,0,81,35,0,0,35,0,98
BRANTLEY - 2,6545,101,6495,6002,304,0,73,0,0,85,22,0,5,26,73,394,5343,113,5295,4820,299,0,56,6,0,96,19,0,0,19,56,395
BRANTLEY - 3,7167,435,6682,6334,255,0,0,0,0,0,87,13,0,87,13,255,5808,424,5319,4980,254,0,0,0,0,0,77,9,0,77,9,254
BROOKS - 1199,6515,508,5998,1970,3731,4,14,0,63,170,0,0,23,30,14,3930,4896,439,4455,1624,2658,3,13,0,65,68,0,0,21,27,13,2747
BROOKS - 1230,556,2,543,469,42,0,0,0,0,19,0,0,0,0,0,54,377,2,372,306,41,0,0,0,0,9,0,0,0,0,0,51
BROOKS - 1402,1395,32,1363,779,554,0,0,0,0,0,0,30,0,0,30,554,1145,30,1115,611,504,0,0,0,0,0,0,0,0,0,0,504
BROOKS - 1650,3073,140,2944,2552,395,1,23,0,0,5,0,0,2,0,23,406,2593,102,2490,2238,250,1,21,0,0,0,5,0,2,5,21,251
BROOKS - 1712,686,172,500,359,125,0,0,6,5,15,0,0,0,0,0,139,460,75,383,260,115,0,0,0,4,10,0,0,0,0,0,125
BROOKS - 659,972,0,972,851,45,0,0,0,0,0,76,0,0,76,0,45,858,0,858,762,46,0,0,0,0,0,50,0,0,50,0,46
BROOKS - 660,2786,127,2682,1951,444,0,105,0,92,45,37,0,0,37,105,487,2433,105,2336,1686,385,0,113,0,91,19,28,0,0,28,113,404
BRYAN - 1,3614,68,3549,2477,873,0,8,3,0,148,32,9,0,33,16,1022,2785,45,2737,1968,633,0,8,0,0,106,20,7,0,21,14,741
BRYAN - 10,2157,169,1970,1748,192,0,2,0,5,20,0,0,0,0,3,215,1655,159,1483,1334,132,0,0,0,5,6,7,0,0,7,0,138
BRYAN - 2,5469,257,5223,4340,689,0,0,2,0,187,17,0,0,16,1,858,4101,139,3974,3600,335,0,4,0,0,22,10,0,0,9,5,354
BRYAN - 3,1578,77,1487,1131,291,0,0,0,0,44,8,0,0,8,0,352,1313,49,1255,1032,213,0,0,0,0,0,8,0,0,8,0,214
BRYAN - 4,6927,935,6034,4277,1340,0,218,0,159,60,4,6,0,5,223,1401,4635,597,4062,2822,960,0,148,0,33,56,8,2,4,10,148,1022
BRYAN - 5,6432,986,5414,3949,932,0,149,0,104,278,7,24,0,6,168,1163,4171,558,3592,2534,771,0,103,0,38,222,7,11,0,7,112,911
BRYAN - 6,3722,134,3600,3207,176,0,126,0,26,8,9,38,0,9,169,180,2941,88,2863,2566,137,0,105,0,22,2,7,21,0,9,128,140
BRYAN - 7,5000,386,4604,3845,481,7,0,20,75,30,121,38,0,127,33,521,3557,321,3225,2696,316,8,0,17,61,31,66,33,0,76,28,352
BRYAN - 8,5086,43,5127,4247,495,0,161,0,0,42,29,41,0,30,203,536,3688,25,3723,3014,434,0,128,0,0,5,25,10,0,25,139,440
BRYAN - 9,7483,822,6583,4685,978,3,245,0,74,446,76,96,33,112,345,1495,4730,540,4141,2957,723,6,154,0,41,178,24,62,37,65,222,1011
BULLOCH - 1,1021,0,1032,850,167,7,0,0,0,19,9,0,0,10,0,186,744,0,748,648,57,5,0,0,0,15,10,2,0,12,2,69
BULLOCH - 10,6114,154,5971,4452,1181,41,59,34,0,51,93,0,0,135,65,1253,4786,86,4706,3708,774,45,53,0,0,39,45,5,0,91,61,828
BULLOCH - 11,10256,224,10036,5611,4024,6,43,4,0,312,7,6,5,17,49,4332,8222,155,8070,4410,3364,9,36,0,0,239,10,7,0,17,43,3602
BULLOCH - 12,2745,19,2714,1900,591,22,0,0,0,47,11,118,0,39,118,640,2018,10,2002,1595,325,24,0,0,0,22,9,34,0,36,34,350
BULLOCH - 13,11869,458,11360,7867,2968,0,201,12,102,166,19,7,0,20,201,3123,9234,275,8945,6507,2095,0,114,0,54,108,17,7,0,19,118,2176
BULLOCH - 14,11042,580,10480,5110,4684,28,71,0,54,330,34,10,89,124,79,5098,7961,357,7614,4308,2770,38,65,0,55,228,22,9,88,118,68,3079
BULLOCH - 15,16660,929,15746,8760,6246,0,327,0,42,246,46,112,48,94,438,6543,15099,634,14474,8229,5624,0,316,0,38,191,35,75,51,86,394,5865
BULLOCH - 16,1476,53,1422,1187,161,0,0,0,5,15,12,6,0,12,4,181,1093,38,1049,926,80,0,0,0,0,6,12,0,0,11,0,96
BULLOCH - 2,2646,13,2651,2354,276,0,13,0,0,3,4,0,0,4,14,287,2142,5,2162,1992,188,0,9,0,0,0,5,0,0,5,11,190
BULLOCH - 3,2665,17,2616,1550,1073,0,10,0,1,0,4,0,0,31,10,1066,2265,11,2224,1346,857,1,3,0,2,0,4,0,0,35,2,858
BULLOCH - 4,5441,478,4989,4252,623,0,126,0,0,26,12,19,0,12,150,643,3706,177,3540,3093,409,0,41,0,0,21,6,0,0,7,43,426
BULLOCH - 5,2779,94,2687,2273,258,0,96,0,54,0,10,0,0,10,96,257,2194,62,2131,1859,167,0,69,0,22,0,12,0,0,13,69,166
BULLOCH - 6,2369,4,2369,2209,36,0,22,28,0,0,31,0,0,87,21,92,2024,4,2021,1858,31,0,24,31,0,0,23,0,0,62,23,84
BULLOCH - 7,1905,26,1859,1402,450,3,5,3,0,1,18,0,81,45,6,471,1498,15,1473,1058,400,8,3,0,0,0,17,0,80,64,4,429
BULLOCH - 8,846,29,827,721,74,0,0,0,0,2,2,0,0,2,0,80,585,13,573,473,63,0,0,0,0,0,0,0,0,0,0,63
BULLOCH - 9,1130,96,1031,740,227,0,8,0,0,22,20,13,0,20,21,250,852,31,818,565,216,0,11,0,0,5,20,0,0,20,11,232
BURKE - 0001,298,0,297,190,108,0,0,0,0,0,15,0,0,11,0,110,264,0,260,140,109,0,0,0,0,0,15,0,0,11,0,109
BURKE - 0002,3462,19,3439,2423,901,25,0,0,4,35,17,0,0,46,0,947,2852,16,2834,1931,848,24,0,0,0,0,8,0,0,35,0,847
BURKE - 0003,703,0,698,490,230,0,0,0,0,5,0,0,0,0,0,235,522,0,522,322,207,0,0,0,0,5,0,0,0,0,0,212
BURKE - 0004,586,3,585,165,441,0,0,2,0,3,0,0,0,0,0,438,499,7,490,170,328,0,0,0,0,0,0,0,0,0,0,328
BURKE - 0005,1009,0,997,526,437,0,0,0,0,29,4,12,0,4,4,469,712,1,710,449,281,4,0,0,0,0,3,9,0,6,4,283
BURKE - 0006,619,25,590,368,177,0,0,0,0,0,21,0,0,20,0,174,514,20,488,300,160,0,0,0,0,0,11,0,0,9,0,159
BURKE - 0007,700,3,701,298,345,0,0,0,0,45,0,0,0,0,2,398,512,0,511,205,304,0,0,0,0,0,0,0,0,0,0,304
BURKE - 0008,53,0,51,26,15,0,0,0,0,0,11,0,0,10,0,15,52,0,54,26,16,0,0,0,0,0,11,0,0,10,0,17
BURKE - 0009,1495,24,1475,842,611,0,0,0,0,0,11,0,0,11,0,609,1186,25,1165,574,581,0,0,0,0,0,13,0,0,13,0,579
BURKE - 0010,379,1,382,164,186,0,4,0,0,45,0,0,0,0,2,215,243,0,244,94,153,0,0,0,0,0,0,0,0,0,0,153
BURKE - 0011,1742,46,1671,1383,389,0,0,0,47,0,19,0,0,19,8,385,1265,3,1271,1041,300,0,0,0,0,0,22,0,0,22,5,300
BURKE - 0012,862,0,870,449,402,2,0,0,7,76,0,0,4,2,0,469,633,0,642,392,310,2,0,0,0,0,0,0,0,1,0,317
BURKE - 0013,452,7,433,188,208,0,0,2,0,3,0,0,0,0,0,222,367,7,361,163,182,0,0,0,0,12,0,0,0,0,0,186
BURKE - 0014,5224,197,5078,933,3907,0,0,0,0,60,0,0,0,3,0,3972,3820,46,3773,837,2621,0,0,4,0,75,0,0,0,1,0,2685
BURKE - 0015,5629,400,5229,2760,2274,0,120,0,0,6,65,0,0,70,120,2281,4159,316,3842,2152,1500,0,122,0,0,5,63,0,0,68,122,1507
BURKE - 0016,1068,0,1060,527,463,4,0,0,0,27,0,0,0,2,0,493,701,0,693,511,239,0,0,0,0,6,0,0,0,0,0,256
BUTTS - BCREC,8204,465,7730,4573,2423,80,20,0,48,180,459,0,27,509,22,2633,6155,276,5870,3649,1800,42,0,0,0,101,317,0,27,344,0,1930
BUTTS - JENK,4854,176,4657,3497,1028,28,0,0,9,13,153,5,0,198,1,1036,3823,95,3721,2871,725,29,0,0,8,0,105,4,0,144,0,728
BUTTS - ROCK,3011,99,2913,1411,1160,5,20,0,0,87,76,0,77,184,15,1316,2559,84,2480,1222,949,7,20,0,0,78,66,0,74,168,17,1108
BUTTS - STARK,3529,87,3463,3210,46,14,7,0,28,9,149,0,0,176,10,65,3022,52,2978,2745,38,11,0,0,5,24,156,0,0,177,3,54
BUTTS - TOWAG,6800,101,6707,4553,1783,0,19,0,0,142,131,0,0,132,23,1925,5393,72,5324,3368,1732,4,22,0,0,88,84,2,0,89,28,1816
CALHOUN - 1,515,0,515,181,317,0,0,0,0,5,12,0,0,12,0,322,423,0,423,122,281,0,0,0,0,9,11,0,0,11,0,290
CALHOUN - 2,2232,76,2155,941,1162,1,0,0,0,0,51,21,7,61,21,1169,2143,77,2067,860,1152,1,0,0,0,0,51,20,7,59,20,1160
CALHOUN - 3,1007,76,945,187,731,10,0,0,4,5,12,0,0,24,0,737,727,12,715,172,524,7,0,0,0,0,0,0,0,11,0,528
CALHOUN - 4,828,14,804,287,477,3,7,0,9,0,3,0,9,11,7,483,619,5,614,237,345,2,8,0,13,0,0,4,9,7,9,350
CALHOUN - 5,755,6,746,210,505,0,8,0,0,0,0,0,0,0,8,507,579,0,578,177,381,0,3,0,0,0,0,1,0,0,7,380
CAMDEN - 01,1054,21,1024,841,174,0,20,0,0,0,3,0,0,3,20,174,802,14,786,640,141,0,21,0,0,0,4,0,0,4,21,141
CAMDEN - 02,2157,134,2032,1774,224,4,15,0,0,0,1,0,0,5,15,224,1856,105,1753,1514,203,0,15,0,0,0,1,0,0,1,15,203
CAMDEN - 03,2777,2,2770,1529,1078,0,0,4,55,27,58,0,0,59,0,1105,2092,0,2085,1161,805,0,0,3,51,0,44,0,0,44,0,806
CAMDEN - 04,695,6,671,643,2,0,0,0,0,0,13,5,0,13,6,5,594,7,577,559,2,0,6,0,0,0,13,4,0,11,11,2
CAMDEN - 05,2502,6,2501,2290,205,0,0,0,0,0,18,0,0,17,0,203,1876,0,1880,1702,162,0,0,0,0,0,22,0,0,22,0,160
CAMDEN - 06,4955,261,4709,3232,886,0,0,0,65,446,34,51,0,34,48,1339,3881,169,3717,2697,800,0,0,1,71,120,32,17,0,34,13,921
CAMDEN - 07,4006,208,3783,2627,969,0,37,0,39,81,23,4,8,31,33,1049,3047,79,2972,2099,747,0,36,1,43,0,20,3,5,25,42,752
CAMDEN - 08,3371,459,2930,2215,517,0,67,0,104,0,7,25,0,7,102,518,2636,207,2433,1833,466,0,50,0,59,0,8,22,0,8,72,466
CAMDEN - 09,10731,972,9767,6916,1846,25,300,6,6,402,60,230,0,85,528,2249,7814,608,7209,5088,1517,18,237,0,19,216,46,81,0,64,318,1733
CAMDEN - 10,6188,828,5334,3530,1393,0,42,0,205,182,54,9,10,57,51,1588,4521,635,3835,2833,822,4,38,0,65,46,26,12,12,36,49,881
CAMDEN - 11,7164,545,6651,5168,951,0,33,0,71,223,82,7,30,113,42,1202,4929,435,4542,3638,654,0,34,0,90,55,33,0,36,72,35,744
CAMDEN - 12,2627,78,2549,2140,180,0,45,0,50,117,25,0,0,30,45,295,2266,48,2223,1942,174,0,20,0,30,47,25,0,0,27,21,220
CAMDEN - 13,3965,244,3707,2995,496,0,77,2,54,21,4,21,0,5,98,517,2953,147,2801,2279,372,0,54,0,31,0,6,11,0,7,64,374
CAMDEN - 14,4153,334,3819,3387,207,49,136,0,0,15,25,0,0,74,136,222,3373,239,3134,2736,204,48,105,0,0,12,28,0,0,76,105,215
CANDLER - CAND,10545,999,9546,6601,2450,60,18,0,37,55,301,24,0,361,42,2505,7819,544,7275,5177,1837,22,21,0,0,0,206,12,0,228,33,1837
CARROLL - 1006,1562,1,1581,1549,0,0,0,0,0,5,68,0,0,69,0,2,1388,1,1399,1372,0,0,0,0,0,0,58,0,0,60,0,0
CARROLL - 1111,3681,71,3617,3053,365,0,8,0,9,49,81,4,0,80,18,402,2978,49,2934,2520,325,0,3,0,9,32,59,0,0,59,6,345
CARROLL - 1122,5756,387,5315,4549,537,123,0,1,0,71,23,15,0,135,15,600,4455,310,4116,3520,433,84,0,0,0,28,24,4,0,100,6,448
CARROLL - 1152,2722,111,2592,2585,39,5,19,0,24,0,7,13,0,20,25,54,2137,57,2067,2022,32,0,0,0,22,0,6,0,0,12,2,48
CARROLL - 1240,4158,69,4072,3676,155,15,81,0,0,21,111,0,0,131,83,183,3339,45,3278,2931,136,16,81,0,0,14,105,0,0,121,83,151
CARROLL - 1371,2658,75,2571,2249,182,0,0,0,0,69,53,32,0,48,24,261,2016,15,1995,1735,182,0,0,0,0,0,43,23,0,39,11,194
CARROLL - 1483,4869,348,4581,3884,578,0,15,0,0,95,51,0,5,58,10,638,3792,200,3644,3042,556,0,13,0,0,5,50,0,3,57,10,574
CARROLL - 1496,2194,77,2117,1727,260,0,8,0,0,61,40,10,0,39,16,316,1586,27,1562,1260,222,0,0,0,0,17,34,13,0,36,11,238
CARROLL - 1533,2590,20,2573,2201,194,0,43,0,2,83,33,33,0,34,78,278,2257,11,2247,1878,196,0,24,0,4,82,36,7,0,36,40,278
CARROLL - 1540,5431,365,5082,4408,662,0,24,3,0,27,12,0,0,13,24,689,3791,108,3690,3220,461,0,26,0,0,0,14,0,0,15,26,461
CARROLL - 1542,3345,313,3050,2780,161,0,42,0,0,7,12,0,0,19,41,172,2472,258,2232,2017,147,0,32,0,0,0,0,0,0,0,32,147
CARROLL - 501,5148,501,4618,2979,957,22,4,0,52,12,531,2,0,545,10,974,3901,166,3719,2512,842,16,4,0,22,1,307,0,0,322,7,853
CARROLL - 640,3843,199,3647,2918,497,0,21,0,0,90,29,4,0,28,24,593,2974,160,2797,2269,384,2,8,0,0,66,34,0,0,36,2,473
CARROLL - 641,7200,682,6552,5300,920,0,0,0,53,72,217,48,0,215,48,973,5163,194,4971,4204,566,0,0,0,4,37,197,18,5,201,18,593
CARROLL - 642,10357,738,9584,4361,4562,0,40,0,4,411,228,17,0,232,58,4997,6903,381,6537,3324,2965,8,44,0,0,56,139,0,0,149,48,3026
CARROLL - 649,7176,202,6996,5901,858,0,19,0,12,31,73,62,0,78,88,890,5392,160,5240,4448,635,0,15,2,3,18,72,38,0,77,54,658
CARROLL - 650,5622,340,5269,3633,1400,13,36,0,7,32,106,0,0,108,28,1418,3827,229,3596,2556,884,12,32,2,5,9,100,0,0,101,29,872
CARROLL - 682,2983,30,2958,2743,100,12,73,0,0,3,46,0,12,72,73,114,2476,29,2443,2260,90,11,47,0,0,0,44,0,9,63,47,97
CARROLL - 713,4477,197,4296,3998,143,0,0,0,0,30,122,0,1,122,1,172,3406,78,3346,3106,128,0,0,0,0,26,76,0,0,76,1,161
CARROLL - 714A1,7063,970,6129,3089,2737,145,39,0,0,10,59,12,0,197,82,2746,4852,413,4453,2507,1782,68,24,0,0,9,41,9,0,102,54,1790
CARROLL - 714A2,2411,57,2403,1235,854,0,0,0,47,26,70,21,0,72,46,915,1920,22,1929,1001,668,2,0,0,73,20,65,13,3,72,16,693
CARROLL - 714A3,5742,418,5352,3280,1784,0,59,0,38,88,99,7,8,110,64,1878,4198,218,3980,2624,1139,0,31,0,30,21,99,0,11,115,33,1166
CARROLL - 714A4,4595,426,4166,2186,1591,0,142,0,75,31,20,28,0,23,172,1641,3977,180,3792,1953,1452,0,134,0,82,28,13,28,0,17,165,1496
CARROLL - 714A5,3675,62,3543,2050,1363,8,0,0,10,22,43,94,0,48,76,1381,2936,60,2837,1741,1003,5,0,0,12,27,44,41,9,49,38,1032
CARROLL - 714A6,2470,2,2494,2003,423,0,92,0,17,0,17,0,0,20,82,413,2057,0,2069,1702,339,0,58,0,19,0,17,0,0,23,48,331
CARROLL - 714BN,3040,238,2769,2046,351,0,4,0,0,35,334,46,0,341,24,386,2301,128,2168,1618,300,0,0,0,0,13,241,29,0,248,8,313
CARROLL - 714BW,2712,86,2606,2166,377,0,15,0,0,36,88,0,0,87,15,369,2188,59,2126,1723,370,0,5,0,0,7,72,0,0,71,4,356
CARROLL - 715,2318,145,2135,1757,289,0,23,0,0,0,55,0,0,53,30,327,1754,49,1662,1383,230,0,4,0,0,0,47,0,0,44,9,229
CATOOSA - BLCK,3151,46,3099,2839,0,0,0,0,0,66,190,0,0,190,0,74,2412,31,2379,2202,0,0,0,0,0,21,156,0,0,156,0,27
CATOOSA - BOYN,8598,297,8296,7545,36,10,411,0,0,120,148,33,0,158,444,154,6687,192,6496,5959,18,10,320,0,0,54,95,33,0,105,353,71
CATOOSA - CAKT,3612,320,3292,3153,92,0,0,0,0,0,50,0,0,50,0,97,2702,303,2401,2321,13,0,0,0,0,0,50,0,0,50,0,21
CATOOSA - CHAM,3572,7,3579,3463,47,7,0,0,0,1,38,4,0,50,3,49,2719,7,2720,2660,25,9,6,0,0,0,17,3,0,23,4,25
CATOOSA - FT O,7053,37,7005,6391,169,0,91,0,15,26,312,0,6,320,93,197,5648,12,5633,5218,115,5,91,0,16,9,174,4,0,178,99,121
CATOOSA - GRAY,6552,169,6387,5803,148,12,0,0,0,175,245,0,9,266,1,340,5222,151,5068,4721,92,11,0,0,0,23,222,0,8,234,0,122
CATOOSA - LAKE,5375,387,4999,4539,119,0,53,0,0,20,227,40,0,225,91,143,4366,198,4172,3743,118,0,64,0,0,27,176,43,0,177,105,148
CATOOSA - POPS,6028,102,5923,5588,14,2,166,0,17,9,146,6,0,146,173,23,4531,76,4458,4275,12,1,61,0,0,0,118,7,0,121,71,11
CATOOSA - RING,10812,503,10314,9398,275,0,228,0,0,18,314,89,0,316,316,272,8129,341,7787,7197,223,0,143,0,0,8,256,0,0,257,143,218
CATOOSA - WEST,8504,354,8146,7721,31,0,40,7,18,4,260,49,0,258,89,35,6980,112,6867,6469,16,0,37,5,0,8,251,52,4,261,89,28
CATOOSA - WOOD,4576,30,4541,4343,47,2,0,0,54,3,79,0,0,78,0,51,3481,27,3446,3315,52,1,0,0,21,0,43,0,0,45,0,54
CHARLTON - 2,7326,138,7172,3835,2948,8,133,0,82,103,149,3,0,155,136,3062,6266,120,6130,3244,2552,11,115,0,83,76,120,3,0,123,116,2628
CHARLTON - 3B,2042,1014,1121,1080,1,7,0,0,0,0,35,0,0,42,0,2,1410,866,740,730,2,10,0,0,0,0,4,0,0,14,0,2
CHARLTON - 3S,1619,706,836,713,98,0,0,0,0,15,18,0,0,14,0,106,1154,351,624,550,63,0,0,0,0,0,7,0,0,7,0,59
CHARLTON - 4H,1169,8,1159,938,116,17,0,0,0,18,5,0,0,29,0,139,899,6,892,753,70,16,0,0,0,7,0,0,0,25,0,81
CHARLTON - 5R,293,5,286,230,12,2,0,0,0,11,3,1,0,6,1,17,249,0,250,208,7,1,0,0,0,0,0,1,0,5,1,10
CHARLTON - 5W,256,17,243,197,13,8,0,0,0,14,2,2,0,8,2,23,185,0,184,165,5,10,0,0,1,5,0,1,0,5,3,7
CHATHAM - 1-01C,3473,112,3373,2860,72,0,4,0,9,102,18,5,262,280,12,434,2714,57,2660,2378,65,4,5,0,12,15,11,6,135,150,13,217
CHATHAM - 1-05C,3009,162,2835,2205,497,4,102,19,0,0,19,30,0,23,129,499,2585,91,2491,2008,431,0,4,18,0,0,22,36,1,23,38,430
CHATHAM - 1-06C,2202,166,2036,1894,58,0,30,0,0,11,0,43,0,0,73,69,1873,135,1738,1636,56,0,31,0,0,15,0,0,0,0,31,71
CHATHAM - 1-08C,2269,84,2178,1181,901,6,218,0,0,12,22,17,0,27,235,935,1770,56,1694,891,838,0,50,0,0,14,25,18,0,23,62,857
CHATHAM - 1-09C,2387,39,2367,823,1500,0,1,0,30,38,3,1,0,3,7,1529,1695,39,1667,629,1008,0,0,0,22,28,6,1,0,5,4,1026
CHATHAM - 1-10C,1061,7,1059,991,0,0,0,0,0,0,7,64,0,7,64,0,820,9,810,801,0,0,0,0,0,0,9,0,0,9,0,0
CHATHAM - 1-12C,2217,52,2160,1831,217,30,9,0,0,0,37,33,0,67,42,217,1686,50,1637,1338,218,26,8,0,0,0,31,16,0,57,24,218
CHATHAM - 1-13C,1993,162,1831,1237,171,0,366,46,0,11,0,0,0,0,366,182,1711,131,1580,1110,159,0,303,0,0,8,0,0,0,0,303,167
CHATHAM - 1-14C,1881,221,1678,1563,127,0,24,0,0,0,6,0,0,10,24,128,1462,73,1389,1270,132,0,20,0,0,0,0,0,0,1,20,132
CHATHAM - 1-16C,4848,243,4605,3438,639,0,384,0,0,5,109,30,0,109,414,644,4013,174,3839,2861,489,0,390,0,0,8,78,13,0,78,403,497
CHATHAM - 1-17C,4114,120,3991,3673,201,0,72,0,0,0,18,28,0,18,99,201,3128,79,3048,2779,179,0,57,0,0,0,18,9,4,22,66,182
CHATHAM - 2-02C,2090,46,2045,829,1242,7,33,12,0,31,14,2,0,16,33,1273,1605,40,1569,811,685,9,33,7,0,11,13,2,0,17,33,696
CHATHAM - 2-03C,2005,126,1891,1035,752,2,20,0,4,4,5,21,0,13,48,746,1687,111,1583,964,523,0,21,0,0,3,14,9,0,11,42,528
CHATHAM - 2-04C,3096,101,3009,758,2171,0,12,0,17,3,8,27,0,9,33,2183,2383,71,2318,726,1525,0,13,0,25,5,0,28,0,9,30,1530
CHATHAM - 2-05C,3331,212,3105,1193,1829,0,10,0,4,35,14,10,0,14,22,1867,2971,160,2809,1062,1708,0,10,0,0,0,14,9,0,14,20,1712
CHATHAM - 2-06C,2554,54,2498,1359,953,6,39,0,0,6,0,23,0,5,68,959,1929,39,1893,1131,714,8,8,0,0,7,0,23,0,7,31,716
CHATHAM - 2-07C,3753,218,3566,1023,2392,1,0,0,16,83,8,64,0,8,64,2477,2968,207,2802,913,1828,3,0,0,4,10,7,40,0,10,40,1841
CHATHAM - 2-09C,4226,111,4110,1414,2558,0,28,4,4,42,0,123,0,0,171,2581,3366,107,3241,1257,1894,0,21,0,5,42,9,36,10,18,65,1930
CHATHAM - 2-11C,1880,5,1881,831,874,0,14,0,55,23,0,48,15,15,66,920,1489,5,1491,750,624,0,16,0,15,20,0,41,16,16,57,670
CHATHAM - 2-12C,1909,224,1689,1121,509,0,19,0,35,0,0,0,0,0,18,515,1793,200,1595,1023,506,0,20,0,39,0,5,0,0,5,20,511
CHATHAM - 3-02C,1799,62,1722,1522,125,0,38,0,0,23,7,29,0,6,63,156,1617,66,1539,1386,108,0,36,0,0,9,9,23,0,7,57,117
CHATHAM - 3-03C,1807,40,1729,344,1334,8,10,0,0,5,5,0,0,14,3,1334,1257,28,1181,286,875,2,2,0,0,0,2,0,0,5,2,876
CHATHAM - 3-04C,2257,57,2197,127,2018,0,52,0,0,2,0,4,0,0,56,2015,1770,69,1708,126,1557,0,49,0,0,0,0,0,0,0,49,1551
CHATHAM - 3-05C,2157,114,2042,1123,868,8,22,0,0,2,0,0,0,8,21,875,2029,102,1922,1085,789,0,26,0,0,0,0,0,3,4,26,795
CHATHAM - 3-08C,1152,91,1057,553,408,0,0,0,0,31,15,50,0,15,50,440,992,90,904,495,377,0,0,0,0,6,6,21,0,6,21,383
CHATHAM - 3-09C,1101,42,1057,559,556,0,0,0,0,0,0,0,0,0,0,542,919,42,877,527,375,0,0,0,0,0,0,0,0,0,0,375
CHATHAM - 3-10C,3928,120,3819,537,3112,0,4,60,34,20,7,29,0,7,10,3137,3345,75,3275,522,2663,5,5,30,8,8,7,14,0,12,11,2674
CHATHAM - 3-11C,2058,1,2050,296,1616,0,18,0,0,44,0,48,0,0,72,1659,1462,0,1462,259,1148,0,18,3,0,12,0,0,0,0,18,1160
CHATHAM - 3-12C,2906,163,2745,1611,897,4,35,0,0,50,0,7,5,9,45,948,2484,68,2416,1470,748,0,38,0,0,21,0,10,6,6,50,771
CHATHAM - 3-13C,2438,228,2195,1214,1043,0,9,0,0,7,47,11,0,44,18,1056,1825,39,1793,1002,844,0,8,0,0,10,25,10,0,24,16,858
CHATHAM - 3-14C,2985,77,2914,1068,1767,0,27,0,34,16,3,10,0,3,31,1776,2395,60,2330,784,1514,0,26,1,32,10,1,0,0,3,26,1525
CHATHAM - 4-02C,3092,166,2926,2322,196,0,199,4,0,16,37,152,0,37,351,212,2393,134,2259,1935,164,0,118,0,0,16,11,15,0,11,133,180
CHATHAM - 4-04C,2680,21,2659,2440,178,0,28,0,0,0,13,0,0,13,28,178,2155,11,2144,1961,135,0,29,0,0,4,15,0,0,15,29,139
CHATHAM - 4-05C,2512,42,2465,2405,0,0,16,0,0,0,43,0,0,43,15,0,2049,45,1998,1942,0,0,13,0,0,0,38,0,0,38,13,0
CHATHAM - 4-06C,2215,98,2121,1955,56,0,72,0,0,0,17,33,0,17,105,56,1880,81,1803,1661,54,0,79,0,0,0,13,11,0,13,90,54
CHATHAM - 4-07C,3970,84,3867,3627,88,0,94,0,18,4,13,15,0,13,107,92,3393,70,3313,3077,87,0,101,0,17,0,13,14,0,13,109,87
CHATHAM - 4-08C,3344,147,3217,3067,23,0,87,0,0,0,39,0,0,39,90,23,2507,103,2416,2266,26,0,79,0,0,0,39,0,0,39,85,26
CHATHAM - 4-10C,1557,10,1547,1457,78,0,1,0,0,0,9,0,0,9,1,78,1372,9,1363,1276,78,0,0,0,0,0,9,0,0,9,0,78
CHATHAM - 4-11C,1746,0,1746,1712,25,0,0,0,0,9,0,0,0,0,0,34,1618,0,1618,1592,26,0,0,0,0,0,0,0,0,0,0,26
CHATHAM - 4-12C,2442,184,2278,2170,48,0,33,0,0,0,27,33,0,27,61,46,2075,196,1916,1815,47,0,34,0,0,0,17,32,0,17,67,46
CHATHAM - 4-13C,2838,19,2819,2694,0,0,118,0,0,0,7,0,0,7,118,0,2467,18,2449,2320,0,0,118,4,0,0,7,0,0,7,118,0
CHATHAM - 4-14C,3972,133,3819,3614,32,0,113,0,0,0,27,0,0,27,118,34,3573,117,3419,3216,31,0,116,0,4,0,23,0,0,23,115,32
CHATHAM - 5-02C,1845,52,1793,552,1134,0,36,0,10,0,14,32,15,29,68,1149,1309,58,1251,469,672,0,34,0,10,0,15,32,19,34,66,691
CHATHAM - 5-03C,1555,8,1547,210,1301,0,28,0,8,0,0,0,0,0,28,1301,1411,9,1402,217,1145,0,29,0,11,0,0,0,0,0,29,1145
CHATHAM - 5-05C,3307,115,3190,82,3079,0,0,7,0,0,0,0,13,13,0,3096,2274,52,2222,9,2198,0,0,6,0,0,0,0,13,13,0,2213
CHATHAM - 5-06C,5999,561,5446,1570,3617,13,32,0,108,279,10,8,4,27,40,3912,3946,356,3598,1138,2491,16,34,0,0,84,0,9,0,16,43,2580
CHATHAM - 5-07C,2984,222,2753,752,1885,0,1,0,0,11,1,16,0,0,17,1937,2182,121,2058,663,1319,0,1,0,0,9,2,0,0,2,1,1365
CHATHAM - 5-08C,2487,274,2219,583,1695,0,0,0,0,3,10,0,0,11,0,1662,2051,241,1811,546,1301,0,4,0,0,1,14,0,0,14,4,1269
CHATHAM - 5-10C,4310,70,4240,317,3778,0,42,0,8,100,0,0,0,0,42,3875,3169,72,3096,242,2791,0,37,0,0,24,0,0,5,5,37,2818
CHATHAM - 5-11C,4389,489,3900,1183,2470,0,32,0,74,35,20,34,28,48,62,2536,3539,269,3277,1078,1986,0,24,0,78,5,21,33,25,47,54,2021
CHATHAM - 6-01C,2822,82,2730,1565,1106,0,25,0,8,17,0,13,13,13,37,1139,2425,43,2377,1413,908,0,21,0,10,16,0,15,13,13,36,941
CHATHAM - 6-02C,2803,222,2586,1856,565,0,74,0,0,122,26,12,10,38,94,674,2370,47,2329,1659,478,0,63,0,0,169,23,10,9,32,81,588
CHATHAM - 6-03C,3154,149,3005,1786,791,0,161,0,0,158,18,1,0,20,154,974,2680,142,2534,1465,715,0,135,0,0,114,14,1,0,16,127,897
CHATHAM - 6-05C,2457,83,2370,1426,789,0,53,0,0,111,11,0,0,7,53,899,1792,82,1708,1032,590,0,53,0,0,30,13,0,0,11,53,620
CHATHAM - 6-06C,2643,197,2453,1075,1002,0,98,0,0,5,7,0,0,7,98,1006,2279,80,2218,1049,924,0,26,0,0,5,10,0,0,10,32,926
CHATHAM - 6-08C,3762,501,3251,582,2407,4,62,0,8,38,0,0,89,93,79,2533,2849,218,2617,559,1811,0,65,0,10,36,0,4,86,88,83,1932
CHATHAM - 6-09C,4859,329,4534,3162,1222,0,118,0,29,36,0,15,0,0,116,1254,4247,315,3935,2682,1101,0,114,0,20,41,0,16,2,0,117,1140
CHATHAM - 6-10C,5307,179,5133,2682,1630,0,353,0,347,0,89,4,0,98,358,1628,3904,91,3812,2168,1114,0,359,0,106,4,43,0,0,47,360,1116
CHATHAM - 6-11C,8472,920,7539,1935,5156,0,254,0,10,112,30,95,0,21,355,5274,6271,401,5864,1692,3831,0,237,0,11,34,19,23,0,15,268,3872
CHATHAM - 7-01C,2458,147,2351,1265,1006,0,0,0,0,17,0,21,0,0,12,1015,1997,143,1885,1275,567,0,0,0,0,0,1,19,0,0,13,567
CHATHAM - 7-03C,2031,286,1742,1370,353,0,0,13,0,7,13,0,0,12,0,355,1548,107,1440,1150,268,0,0,13,0,0,16,0,0,16,0,268
CHATHAM - 7-04C,4465,405,4040,1520,2346,0,11,0,0,55,2,1,5,9,10,2391,3168,169,2992,1131,1774,0,0,0,0,1,1,1,0,2,0,1769
CHATHAM - 7-05C,2205,89,2142,920,948,7,112,0,29,24,5,98,0,12,209,976,1658,36,1651,777,696,5,108,0,0,0,5,76,0,11,180,696
CHATHAM - 7-06C,3921,273,3680,1802,1538,0,61,0,60,100,0,31,0,9,97,1657,3070,174,2922,1629,1128,0,49,0,24,0,0,33,0,9,90,1150
CHATHAM - 7-07C,6049,305,5740,2504,2090,6,213,0,248,652,6,0,0,12,214,2747,4684,195,4493,2215,1726,6,91,0,116,313,6,0,0,11,87,2040
CHATHAM - 7-08C,5315,458,4841,3522,830,0,39,38,20,187,30,5,9,38,51,1012,3827,183,3637,2908,491,0,35,40,18,99,16,6,0,17,44,586
CHATHAM - 7-09C,5180,1155,4039,2138,1727,19,32,12,30,129,51,73,11,82,104,1863,4107,650,3463,2087,1309,0,27,11,32,0,47,22,0,47,49,1309
CHATHAM - 7-10C,6416,784,5639,2519,2856,0,17,0,107,167,5,0,4,9,10,3025,4899,334,4571,2129,2347,0,22,0,110,0,5,0,0,5,13,2345
CHATHAM - 7-11C,3885,751,3132,1397,1212,0,74,0,63,255,3,0,13,15,74,1481,2822,377,2445,1002,1065,0,77,0,62,166,0,0,11,11,77,1248
CHATHAM - 7-12C,4705,267,4411,2694,1562,0,70,0,43,48,37,12,0,30,77,1601,3817,255,3537,2138,1315,0,54,0,33,0,39,12,0,31,60,1293
CHATHAM - 7-13C,3071,199,2899,1705,916,0,173,0,58,1,3,3,0,2,180,925,2533,108,2437,1439,819,0,140,0,21,0,2,0,0,1,142,821
CHATHAM - 7-14C,10560,923,9611,4591,4080,15,413,0,39,394,23,51,12,51,460,4479,8297,673,7616,3776,3217,15,332,0,27,182,21,29,12,49,359,3409
CHATHAM - 7-15C,5370,746,4645,1744,2878,0,18,0,17,0,0,0,0,0,19,2886,4332,395,3947,1697,2276,0,0,0,15,0,5,0,0,4,0,2279
CHATHAM - 7-16C,6561,525,6036,3717,1672,0,278,19,90,79,28,181,4,32,457,1755,5234,407,4820,3027,1499,0,246,21,0,34,14,0,0,13,245,1533
CHATHAM - 8-01C,4318,278,4027,2640,1008,0,201,0,7,21,12,31,10,23,248,1038,3817,278,3525,2617,596,0,191,7,7,27,5,28,11,16,241,635
CHATHAM - 8-02C,2600,124,2480,1655,782,0,46,0,0,0,6,31,0,6,79,776,1980,128,1856,1476,318,0,45,0,0,0,7,29,0,8,74,316
CHATHAM - 8-03C,1352,198,1152,508,346,4,6,0,0,36,43,0,0,47,6,363,1050,78,970,459,267,0,7,0,0,22,34,0,0,34,7,278
CHATHAM - 8-05C,2891,49,2847,213,2681,0,0,0,0,0,0,0,0,0,0,2674,1723,38,1692,183,1542,0,0,0,0,0,0,0,0,0,0,1539
CHATHAM - 8-06C,1303,29,1274,81,1150,0,0,0,2,0,0,0,0,0,0,1156,934,13,919,63,825,0,0,0,2,0,0,0,0,0,0,828
CHATHAM - 8-07C,808,107,701,51,598,5,0,0,47,0,0,0,0,5,0,598,680,12,668,51,600,0,0,0,17,0,0,0,0,0,0,600
CHATHAM - 8-08C,2242,144,2099,38,2040,0,0,0,0,21,0,7,0,0,0,2063,1591,53,1539,37,1486,0,0,0,0,19,0,0,0,0,0,1507
CHATHAM - 8-09C,1675,0,1674,0,1545,0,0,6,0,97,0,2,17,17,9,1657,1123,0,1122,0,1026,0,0,0,0,76,0,0,17,17,0,1117
CHATHAM - 8-10C,1730,14,1723,92,1613,0,0,0,0,83,2,14,0,1,1,1696,1339,14,1331,70,1215,0,0,0,5,49,0,20,0,0,0,1261
CHATHAM - 8-11C,1650,34,1616,0,1617,0,0,0,0,0,0,0,0,0,0,1616,1110,25,1085,0,1086,0,0,0,0,0,0,0,0,0,0,1085
CHATHAM - 8-12C,3410,245,3154,930,2066,18,129,0,0,31,13,0,0,31,129,2096,3167,241,2924,829,1911,12,134,0,4,81,17,0,0,29,134,1942
CHATHAM - 8-13C,2123,705,1393,1116,91,0,0,0,0,126,17,0,0,17,0,225,1418,349,1033,844,104,0,0,0,0,0,0,0,0,0,0,161
CHATHAM - 8-15C,2242,12,2196,276,1979,0,0,0,0,0,4,5,0,4,15,1983,1439,14,1398,243,1178,0,0,0,4,0,0,0,0,0,10,1178
CHATHAM - 8-16C,4944,188,4762,2659,1737,6,238,0,7,18,29,45,0,33,290,1762,3659,178,3486,2147,1054,7,212,0,0,5,32,5,0,39,226,1060
CHATHAM - 8-17C,4966,481,4487,2486,1850,0,78,0,95,68,13,21,16,30,98,1936,3882,319,3563,1816,1563,0,71,0,99,29,6,21,18,24,92,1608
CHATHAM - 8-18C,4097,95,3999,2060,1798,9,110,0,0,0,48,18,0,56,118,1800,3713,100,3606,1994,1443,4,112,0,0,15,47,18,0,51,122,1456
CHATTAHOOCHEE - 1,8713,1564,7149,4928,1633,37,250,28,16,91,82,84,0,119,334,1724,7430,1338,6092,3877,1624,30,256,28,21,77,91,88,0,121,344,1701
CHATTOOGA - 1382,232,2,228,218,2,0,0,0,0,1,0,0,0,0,3,2,195,2,193,187,0,0,0,0,0,0,0,0,0,0,3,0
CHATTOOGA - 1484,2491,60,2426,2191,125,6,11,0,0,26,19,54,0,26,53,150,1696,47,1645,1451,122,3,15,0,0,0,10,53,0,15,52,123
CHATTOOGA - 870,8955,652,8291,7145,994,0,66,0,8,59,42,9,4,46,75,1041,7137,261,6870,5786,959,0,40,0,4,42,52,1,0,52,40,998
CHATTOOGA - 925,9147,169,8994,7535,1003,9,6,5,0,328,77,3,0,84,15,1346,7184,95,7100,6100,835,3,0,0,4,60,70,5,0,73,16,897
CHATTOOGA - 940,1373,33,1345,1224,96,0,0,0,0,17,0,18,0,0,15,117,1096,18,1077,985,81,0,0,0,0,0,0,16,0,0,13,85
CHATTOOGA - 962,662,6,654,646,0,0,0,0,0,12,0,0,0,0,0,9,542,1,540,531,0,0,0,0,0,13,0,0,0,0,0,9
CHATTOOGA - 968,1605,0,1605,1544,17,0,0,0,0,0,8,15,0,9,21,19,1196,0,1197,1145,24,0,4,0,0,0,5,16,0,3,26,24
CHEROKEE - 001,3663,393,3264,2959,175,0,103,0,0,28,14,0,0,14,109,200,2693,281,2408,2202,139,0,59,0,0,19,6,0,0,6,66,154
CHEROKEE - 002,6154,519,5640,5126,177,0,123,0,10,37,19,134,0,19,251,216,4854,386,4474,4012,175,0,107,0,0,10,5,140,0,5,241,191
CHEROKEE - 003,4640,839,3778,3658,102,0,92,0,0,20,19,4,0,19,103,123,3558,428,3100,3002,100,0,48,0,0,0,26,0,2,28,48,105
CHEROKEE - 004,5525,210,5298,5004,127,0,13,0,27,14,101,25,0,101,37,148,4303,107,4193,3993,121,0,3,0,15,0,69,11,0,69,11,121
CHEROKEE - 005,5367,365,4975,4303,528,0,8,0,0,74,92,0,0,91,8,602,4095,191,3908,3565,287,0,9,0,0,0,66,0,0,66,10,287
CHEROKEE - 006,9118,1239,7877,5141,1595,0,911,0,14,19,31,168,0,31,1078,1614,7035,1071,5965,3980,1278,0,589,0,12,19,28,60,0,28,649,1297
CHEROKEE - 007,4084,71,4020,3365,533,0,79,0,0,0,0,33,0,2,113,533,3210,69,3144,2730,329,0,85,0,0,0,5,0,0,5,84,329
CHEROKEE - 008,5802,217,5595,5086,297,0,187,0,0,29,13,23,0,14,209,323,4620,191,4441,4017,262,0,130,0,0,36,4,22,0,4,151,297
CHEROKEE - 009,6818,244,6593,6371,139,0,37,0,1,14,12,26,0,13,54,158,5249,206,5073,4856,145,0,34,5,0,12,0,0,0,0,36,167
CHEROKEE - 010,12540,2526,9995,8074,1068,37,97,0,100,256,147,49,173,357,146,1477,9546,1148,8380,7130,755,37,93,0,51,106,113,24,71,220,117,929
CHEROKEE - 011,7080,662,6473,4565,1597,0,51,0,0,66,25,202,0,21,253,1657,5476,416,5086,3827,1109,0,42,3,0,21,16,114,0,16,156,1121
CHEROKEE - 012,11103,1091,9958,7025,1339,0,996,0,201,305,36,69,0,36,1062,1643,8756,637,8125,6101,1051,6,711,0,201,0,35,32,0,41,743,1052
CHEROKEE - 013,6006,210,5802,5481,112,8,38,0,11,101,17,19,0,25,59,229,4725,159,4563,4400,54,8,33,0,12,41,17,0,0,26,39,94
CHEROKEE - 014,2038,42,2015,1950,14,0,44,0,0,0,7,0,0,7,42,8,1561,17,1548,1480,0,0,44,0,3,0,8,0,0,8,44,0
CHEROKEE - 015,3825,393,3432,3104,73,0,124,0,0,101,30,0,0,30,124,174,3041,295,2746,2449,71,0,105,0,0,97,24,0,0,24,105,168
CHEROKEE - 016,7322,1024,6243,5388,431,18,172,0,0,117,36,48,0,58,220,554,5731,489,5216,4549,280,19,167,2,0,77,23,53,0,42,220,366
CHEROKEE - 018,7948,357,7601,7412,93,0,13,0,0,53,11,48,0,11,61,135,5967,239,5723,5653,19,0,15,0,0,12,0,26,4,3,41,41
CHEROKEE - 019,11324,991,10357,9282,532,0,39,0,57,269,26,12,0,25,54,799,7940,563,7403,6532,456,0,22,0,49,207,25,18,0,25,45,659
CHEROKEE - 020,4499,233,4267,4137,49,0,16,0,17,0,16,32,0,17,48,48,3548,94,3453,3335,49,0,16,0,15,0,18,20,0,18,36,48
CHEROKEE - 021,3962,311,3653,3229,174,0,8,0,224,0,12,0,0,12,7,174,3247,285,2965,2707,143,0,10,0,83,0,7,0,5,12,11,148
CHEROKEE - 022,5109,215,4920,4118,689,0,0,0,84,7,67,0,0,61,0,677,3921,78,3852,3257,519,0,0,0,9,8,65,0,0,58,0,520
CHEROKEE - 023,8570,1526,7042,5679,849,0,187,0,8,168,65,54,0,65,240,1022,6183,959,5229,4286,616,0,113,0,5,97,53,20,4,57,131,722
CHEROKEE - 024,12519,1388,11131,8343,2265,8,176,0,0,83,62,194,0,70,370,2348,8787,808,7979,6158,1570,0,144,0,0,20,47,40,0,47,184,1590
CHEROKEE - 026,9967,518,9462,8184,781,0,338,0,0,80,13,56,0,13,404,862,7143,352,6815,5904,524,0,295,0,0,58,14,19,0,14,327,580
CHEROKEE - 027,6174,141,6019,5527,264,0,101,0,3,49,42,0,0,43,106,328,4570,133,4422,4139,150,0,25,0,0,40,30,0,0,30,49,188
CHEROKEE - 028,4075,236,3840,3458,179,0,27,0,27,100,0,39,4,4,64,280,3250,210,3040,2772,181,0,30,4,9,22,0,14,0,0,40,203
CHEROKEE - 029,4671,783,3892,3072,599,0,165,13,56,14,3,0,0,3,167,608,3916,507,3403,2692,517,0,154,7,46,15,0,6,0,0,162,527
CHEROKEE - 030,5734,405,5306,5056,128,0,54,0,0,10,32,21,0,35,76,139,4607,290,4317,4116,103,0,59,0,0,6,22,0,0,23,56,110
CHEROKEE - 031,4715,1371,3429,2305,1016,7,7,0,15,35,7,0,0,14,3,1051,3102,396,2631,1987,567,8,8,0,14,15,10,0,0,18,5,582
CHEROKEE - 032,3976,178,3789,3405,204,5,117,0,0,58,0,16,0,3,133,262,3125,146,2973,2793,113,0,59,0,0,0,0,13,0,0,72,113
CHEROKEE - 033,1209,137,1062,1061,3,0,0,0,0,0,15,0,0,11,0,4,884,68,802,811,2,0,0,0,0,0,15,0,0,13,1,2
CHEROKEE - 034,3481,171,3303,3025,260,0,0,0,13,0,7,0,0,7,0,260,3090,158,2922,2640,262,0,0,0,6,0,12,0,0,12,0,262
CHEROKEE - 035,2880,81,2815,2639,67,0,25,0,6,25,4,45,0,4,74,84,2206,51,2162,2019,77,0,28,0,0,20,8,28,0,8,56,101
CHEROKEE - 036,11765,2096,9654,8874,493,7,89,0,2,80,73,40,0,76,131,579,8126,687,7427,6774,458,8,81,0,0,43,63,2,0,67,79,491
CHEROKEE - 037,8754,565,8154,7234,327,12,170,49,109,143,53,0,0,66,169,479,6711,334,6368,5792,298,8,130,47,0,58,24,0,0,32,127,365
CHEROKEE - 038,5004,281,4726,4594,19,0,73,0,2,34,9,0,0,8,61,49,3959,249,3733,3640,11,0,82,0,0,20,2,0,2,5,58,29
CHEROKEE - 039,8642,330,8226,7600,265,0,89,0,62,104,111,29,0,113,122,370,6655,182,6549,5971,267,4,85,0,68,64,87,22,0,95,110,332
CHEROKEE - 040,4054,296,3785,3330,299,0,25,0,0,18,55,28,0,56,53,317,3183,71,3108,2899,88,0,2,0,0,7,61,32,0,61,33,95
CHEROKEE - 041,3304,103,3232,3151,28,0,0,0,0,16,0,15,0,1,18,42,2889,77,2831,2765,30,0,2,0,0,0,0,17,0,1,20,29
CHEROKEE - 042,4860,308,4550,4363,98,0,18,0,45,15,11,0,0,16,19,130,3822,247,3564,3463,88,0,10,0,0,0,10,0,0,17,13,88
CHEROKEE - 043,5028,417,4599,3934,317,0,47,0,257,4,0,49,0,0,86,321,3554,304,3224,2823,280,0,47,0,66,0,0,17,0,0,50,280
CHEROKEE - 044,11150,1317,9887,8572,557,0,317,26,36,134,106,60,66,172,380,758,8937,797,8134,6990,537,1,283,24,38,101,59,34,55,115,317,692
CLARKE - 1A,5144,736,4433,2576,1628,0,18,0,0,76,55,19,40,99,39,1752,3835,371,3484,2134,1195,0,15,0,0,6,57,22,38,91,41,1246
CLARKE - 1B,5223,386,4784,2800,1884,5,95,0,13,81,36,0,0,40,95,1987,4208,256,3906,2430,1423,0,60,0,16,36,33,3,0,34,62,1457
CLARKE - 1C,2543,229,2314,1876,199,0,67,0,4,18,6,47,0,6,116,205,2135,172,1964,1620,189,0,63,0,0,0,6,16,0,6,81,193
CLARKE - 1D,4388,608,3787,2671,816,0,29,0,0,129,75,0,0,75,29,932,3331,325,3008,2146,658,0,24,0,0,78,43,5,0,43,28,737
CLARKE - 2A,6336,1422,4933,1637,2984,0,12,0,89,84,114,14,0,114,22,3066,4536,346,4211,1396,2644,0,15,0,0,23,110,13,0,110,24,2666
CLARKE - 2B,8350,437,7912,3177,4535,0,82,0,0,70,4,40,0,4,128,4606,6880,332,6549,3092,3266,0,86,0,0,58,0,41,0,0,134,3324
CLARKE - 3A,4899,174,4724,1433,3166,148,25,4,0,8,2,0,0,90,27,3171,3359,124,3240,1270,1860,116,24,0,0,7,0,2,0,73,26,1864
CLARKE - 3B,9878,500,9380,6211,2392,0,357,0,4,155,60,144,44,110,509,2589,9197,427,8767,6131,1870,0,357,0,2,197,59,149,37,102,510,2066
CLARKE - 4A,4883,327,4544,2740,1576,0,213,0,0,15,45,0,15,57,213,1602,3798,120,3678,2716,742,0,215,0,0,13,41,0,16,60,215,762
CLARKE - 4B,10094,710,9378,7358,944,0,589,21,118,68,213,84,0,209,685,1017,9621,719,8900,6961,953,0,555,0,124,35,171,77,0,167,643,1026
CLARKE - 5A,3779,300,3478,2937,399,0,79,0,0,0,9,0,0,59,76,404,2895,100,2791,2307,358,0,80,0,0,0,7,0,0,39,82,359
CLARKE - 5B,4413,452,3961,2196,1427,0,307,0,4,19,0,8,0,0,315,1446,3295,196,3099,1701,1240,0,152,0,0,6,0,0,0,0,152,1246
CLARKE - 5C,2825,294,2526,2279,91,0,27,0,7,45,3,66,0,13,91,141,2385,278,2106,1937,81,0,20,0,11,27,2,15,0,13,35,117
CLARKE - 5D,5068,1309,3763,1536,1977,0,6,0,8,115,18,0,110,128,6,2195,3764,581,3183,1373,1614,4,0,0,8,70,14,0,109,127,0,1787
CLARKE - 6A,5645,399,5236,3019,1721,0,149,0,37,10,186,114,0,196,268,1730,4069,235,3830,2548,982,0,122,0,43,2,67,71,0,67,200,986
CLARKE - 6B,4532,605,3934,2752,854,0,99,0,0,7,80,115,0,77,208,861,3652,393,3263,2269,732,5,92,0,0,7,76,71,0,81,155,739
CLARKE - 6C,5117,207,4913,3482,1082,63,137,0,8,38,118,12,0,174,150,1121,4640,197,4443,3234,1052,17,91,0,0,40,5,10,0,22,102,1090
CLARKE - 6D,2517,280,2239,1743,289,0,104,0,0,76,5,13,0,5,118,363,2068,142,1924,1512,222,0,101,0,0,77,5,9,0,5,109,298
CLARKE - 7A,3795,266,3529,2843,453,0,162,0,0,0,4,67,0,4,229,453,3406,230,3176,2566,434,0,128,0,0,4,0,38,6,6,166,444
CLARKE - 7B,5106,322,4790,3614,763,0,190,0,11,54,126,10,0,124,175,815,4544,282,4268,3420,494,0,143,0,11,56,119,3,0,117,122,554
CLARKE - 7C,5324,101,5224,4206,887,0,66,1,3,10,70,2,0,70,69,898,4958,100,4860,3917,826,0,43,0,4,9,72,0,5,77,44,837
CLARKE - 8A,3918,50,3868,2476,1231,0,155,0,6,0,0,0,0,0,155,1231,3257,49,3208,2124,928,0,156,0,0,0,0,0,0,0,156,928
CLARKE - 8B,2082,189,1892,1156,626,0,22,0,0,81,0,0,12,12,22,719,1790,133,1656,1058,561,0,22,0,0,8,0,0,12,13,22,581
CLARKE - 8C,5065,260,4819,3307,1163,4,147,0,0,59,90,40,1,95,187,1223,4346,134,4213,2913,1000,0,138,0,0,25,86,38,2,87,176,1026
CLAY - 1,486,0,484,289,190,0,0,0,0,0,8,0,0,7,0,190,369,0,367,209,155,0,0,0,0,0,5,0,0,4,0,153
CLAY - 2,608,0,612,182,437,0,0,0,0,0,0,0,2,1,0,439,470,0,473,135,347,0,0,0,0,0,0,0,2,1,0,350
CLAY - 3,692,0,692,99,563,0,0,0,0,19,0,0,2,0,0,581,472,0,473,79,381,0,0,0,0,0,0,0,1,0,0,387
CLAY - 4,586,0,579,213,345,0,0,0,0,7,0,0,4,15,0,359,517,0,511,201,295,0,0,0,0,0,0,0,6,16,0,308
CLAY - 5,470,0,475,277,196,0,0,0,0,2,0,0,7,0,0,205,455,0,459,275,174,0,0,0,0,11,0,0,7,0,0,181
CLAYTON - EW1,3729,549,3193,129,2773,0,119,0,51,67,0,0,0,1,120,2858,2734,378,2349,126,2081,0,89,0,22,6,0,0,0,1,88,2079
CLAYTON - EW2,4477,479,3979,98,3766,16,40,0,26,10,0,0,0,11,40,3777,3446,165,3260,96,3061,11,37,0,27,12,0,0,0,7,37,3071
CLAYTON - FP1,5643,909,4752,901,3622,12,172,0,40,25,0,0,0,17,172,3657,3892,361,3548,722,2628,13,166,0,20,0,1,8,0,20,174,2639
CLAYTON - FP2,3746,767,2892,647,2075,16,0,0,0,4,41,4,117,164,4,2200,2896,382,2474,595,1750,10,0,0,0,0,39,0,122,160,0,1871
CLAYTON - FP3,5085,1234,3846,675,2464,23,153,9,323,7,6,0,2,34,153,2477,3826,542,3230,564,2027,20,138,10,327,18,10,1,2,35,138,2044
CLAYTON - FP4,2948,590,2338,465,844,62,969,0,116,15,0,25,4,68,990,855,1858,205,1653,350,645,41,630,0,76,0,0,28,3,46,655,642
CLAYTON - FP5,7406,2504,4888,506,3987,0,247,9,38,68,57,0,0,36,247,4058,4994,1450,3528,399,2881,0,155,10,38,16,25,0,0,19,155,2898
CLAYTON - FP6,1777,788,995,105,508,0,328,0,6,0,14,0,0,35,331,507,1007,256,766,109,404,0,218,0,6,0,8,0,0,14,220,408
CLAYTON - JB01,4775,115,4656,117,4267,0,6,0,268,0,0,0,0,0,6,4263,3321,96,3212,114,3006,0,7,0,97,0,0,0,0,0,6,3007
CLAYTON - JB02,2873,151,2701,0,2705,6,16,0,16,0,0,0,0,4,16,2697,2129,53,2051,0,2064,9,11,0,16,0,0,0,0,5,11,2063
CLAYTON - JB03,2201,98,2071,578,1205,0,93,0,7,48,15,4,0,15,99,1291,1600,46,1568,462,890,0,86,0,5,12,10,6,0,12,89,928
CLAYTON - JB04,4388,181,4207,675,3348,0,102,40,0,23,6,0,0,13,102,3373,3037,142,2892,331,2383,0,100,36,0,23,5,0,0,12,100,2404
CLAYTON - JB05,4269,90,4242,127,3681,0,372,0,0,85,0,10,0,0,383,3780,3280,92,3214,126,2755,0,262,0,0,65,0,12,0,0,277,2836
CLAYTON - JB06,2904,98,2782,1272,1023,10,253,0,148,0,48,11,39,96,264,1061,2464,46,2426,1231,843,10,254,0,35,0,34,9,39,83,262,882
CLAYTON - JB07,3735,547,3208,279,2548,0,226,0,90,8,0,46,0,0,260,2554,2886,155,2728,243,2162,0,228,0,40,0,0,49,0,0,267,2165
CLAYTON - JB08,6365,667,5700,565,4792,0,8,0,17,271,0,0,49,49,7,5113,4832,305,4539,492,3715,0,5,0,22,265,0,0,50,50,5,4030
CLAYTON - JB09,2233,638,1596,361,1176,0,0,0,1,0,18,0,45,63,0,1219,1625,245,1383,350,975,0,0,0,0,0,15,0,49,64,0,1022
CLAYTON - JB10,4778,354,4452,370,3622,0,77,0,81,296,26,0,0,26,77,3898,3151,46,3124,375,2487,0,49,0,52,150,26,0,0,26,49,2621
CLAYTON - JB11,3381,143,3173,493,2292,0,310,0,0,92,0,0,0,0,308,2368,2550,117,2410,456,1752,0,151,0,0,71,0,0,0,0,150,1803
CLAYTON - JB12,3473,445,3028,188,2815,0,25,0,0,0,0,0,0,0,25,2815,3069,245,2824,192,2607,0,25,0,0,0,0,0,0,0,25,2607
CLAYTON - JB13,2801,76,2739,335,2430,0,4,0,14,0,0,0,5,2,5,2450,2287,62,2232,349,1918,0,4,0,8,0,0,0,0,0,4,1937
CLAYTON - JB14,4628,278,4378,939,2777,0,192,0,167,37,60,0,150,211,194,2967,3587,148,3431,883,2147,0,110,0,100,18,58,0,66,124,112,2235
CLAYTON - JB15,4214,505,3709,210,3495,0,0,0,0,0,0,0,0,0,0,3495,3328,508,2820,213,2590,0,14,0,0,0,0,0,0,0,14,2590
CLAYTON - JB16,4054,975,3101,225,2725,0,71,0,25,12,0,0,0,2,71,2744,2323,399,1941,132,1660,0,73,0,23,0,0,0,0,4,73,1661
CLAYTON - JB17,4225,475,3718,481,3011,0,151,0,60,0,3,0,0,3,151,3027,2476,30,2422,112,2147,0,161,0,3,0,3,0,0,3,161,2150
CLAYTON - JB18,5274,201,5082,451,4370,0,204,0,0,47,9,0,33,42,213,4450,3597,84,3527,395,3006,0,86,0,0,0,11,0,34,45,95,3037
CLAYTON - JB19,4929,1140,3799,164,3382,0,33,0,97,136,0,0,0,0,33,3507,3557,686,2884,165,2637,0,33,0,17,18,0,0,0,0,34,2654
CLAYTON - JB20,2562,316,2245,154,1966,0,12,0,0,122,0,0,0,0,12,2084,2010,132,1879,154,1717,0,10,0,0,0,0,0,0,0,10,1717
CLAYTON - JB21,4246,104,4141,448,3525,0,127,0,64,8,1,0,31,25,127,3537,3663,66,3584,377,3071,0,110,0,63,7,0,0,28,19,111,3094
CLAYTON - JB22,2165,254,1911,253,1388,5,164,0,0,88,13,0,0,18,164,1476,1382,140,1242,126,1018,0,61,0,0,32,5,0,0,5,61,1050
CLAYTON - LC1,6625,419,6204,535,4971,0,270,0,252,176,0,5,34,34,275,5169,4357,160,4195,543,3048,0,261,0,161,133,0,0,30,30,261,3209
CLAYTON - LJ1,6466,735,5697,796,4656,0,21,0,2,28,0,0,73,86,20,4741,4623,432,4199,673,3295,0,20,0,3,9,0,0,85,96,20,3360
CLAYTON - LJ2,4219,366,3817,644,3133,0,44,0,0,7,0,0,47,51,44,3189,3182,159,3040,572,2469,0,0,0,0,4,0,0,45,50,0,2523
CLAYTON - LJ3,1887,89,1793,189,1576,22,0,0,0,0,0,0,0,3,0,1577,1545,70,1468,185,1264,20,0,0,0,0,0,0,0,3,0,1266
CLAYTON - LJ4,2936,53,2883,141,2516,0,61,0,87,78,0,0,0,0,61,2594,2146,29,2117,126,1927,0,60,0,0,0,4,0,0,4,60,1927
CLAYTON - LJ5,4783,529,4250,262,3809,9,0,132,8,24,64,0,0,59,0,3833,3431,200,3227,219,2838,6,0,135,11,21,63,0,0,48,0,2858
CLAYTON - LJ6,5918,133,5797,243,5426,1,0,0,42,4,36,0,0,55,0,5440,3391,28,3359,138,3146,0,0,0,33,0,22,0,0,39,0,3151
CLAYTON - LJ7,5671,1025,4714,621,4042,12,0,0,11,25,0,0,65,77,0,4126,4238,359,3867,468,3323,15,0,0,26,5,0,0,46,66,0,3377
CLAYTON - LJ8,2357,43,2314,44,2168,0,102,0,0,0,0,0,0,0,102,2168,1956,41,1915,43,1775,0,97,0,0,0,0,0,0,0,97,1775
CLAYTON - MO1,6004,890,5215,197,4831,0,23,0,88,29,99,4,0,103,27,4825,3847,729,3175,183,2810,0,18,0,78,0,73,0,0,76,18,2805
CLAYTON - MO10,1856,0,1857,346,1314,0,0,0,0,192,10,0,0,19,0,1502,1508,0,1510,336,1166,0,0,0,0,0,10,0,0,18,0,1163
CLAYTON - MO11,2462,209,2258,62,2126,0,19,0,0,3,0,0,0,0,19,2131,1737,66,1674,62,1556,0,22,0,0,9,0,0,0,0,22,1567
CLAYTON - MO2,2608,515,2124,318,585,0,1234,0,0,0,0,0,0,0,1233,584,1817,205,1657,324,471,0,878,0,0,0,0,0,0,0,878,473
CLAYTON - MO3,4778,312,4454,148,2589,46,1579,0,17,2,0,69,0,46,1650,2603,2985,251,2727,136,1444,16,1062,0,14,0,0,66,0,16,1130,1445
CLAYTON - MO4,2436,344,2103,275,1602,0,128,0,2,0,10,8,13,18,140,1618,1694,176,1525,238,1136,0,91,0,4,0,10,7,15,21,99,1151
CLAYTON - MO5,4556,350,4129,291,3526,0,294,0,0,0,20,0,5,18,293,3541,3041,129,2914,289,2356,0,253,0,0,0,20,0,1,14,254,2369
CLAYTON - MO6,5027,855,4205,1146,2839,38,121,0,39,17,22,0,7,69,121,2853,3409,462,2933,756,1966,39,126,0,32,0,21,0,5,66,126,1968
CLAYTON - MO7,2841,124,2717,167,1616,0,571,0,275,88,0,0,0,0,571,1704,1827,93,1734,172,897,0,456,0,148,61,0,0,0,0,456,958
CLAYTON - MO8,4638,438,4197,401,3373,0,0,0,44,182,0,0,203,203,0,3759,3481,255,3226,228,2781,0,0,4,16,40,0,0,162,162,0,2982
CLAYTON - MO9,1896,197,1706,176,1440,0,25,0,77,0,0,8,9,10,30,1451,1402,95,1297,184,1032,0,25,0,43,0,0,6,10,12,30,1043
CLAYTON - OAK1,4583,239,4344,135,3923,0,17,0,33,160,0,0,76,76,17,4159,3150,119,3031,81,2744,0,16,0,31,82,0,0,77,77,16,2903
CLAYTON - OAK2,2748,364,2383,61,2156,0,149,0,0,0,0,0,14,14,149,2172,1946,267,1679,58,1455,0,150,0,0,0,0,0,13,13,150,1469
CLAYTON - OAK3,4150,465,3693,55,3618,0,0,0,31,0,0,0,0,0,0,3616,3038,257,2786,61,2707,0,0,0,35,0,0,0,0,0,0,2706
CLAYTON - OAK4,4342,288,4054,0,3972,0,14,0,68,0,0,0,0,0,14,3972,2989,204,2785,0,2706,0,10,0,69,0,0,0,0,0,10,2706
CLAYTON - OAK5,1973,0,1973,112,1674,0,113,0,0,44,0,0,30,30,113,1748,1595,0,1595,120,1327,0,110,0,0,0,4,0,34,38,110,1361
CLAYTON - OAK6,1566,109,1457,11,1408,0,0,0,16,22,0,0,0,0,0,1430,1060,89,971,8,933,0,0,0,13,17,0,0,0,0,0,950
CLAYTON - PH1,4088,72,4016,577,3066,4,60,0,12,297,0,0,0,4,60,3363,3064,45,3019,504,2313,0,52,0,13,137,0,0,0,0,52,2450
CLAYTON - PH2,5522,189,5322,1170,4090,18,0,0,0,0,9,0,0,28,0,4088,4205,148,4054,985,3018,18,0,0,0,0,7,0,0,25,0,3016
CLAYTON - RD01,2876,230,2639,16,2508,6,0,0,9,78,0,0,0,6,0,2582,1913,106,1797,18,1741,6,0,0,10,0,0,0,0,6,0,1739
CLAYTON - RD02,4354,316,4070,300,3459,0,0,0,0,149,0,0,237,237,0,3819,3211,76,3157,233,2657,0,0,0,0,60,3,0,241,242,0,2958
CLAYTON - RD03,3926,893,3060,138,2720,0,213,0,37,8,0,0,0,0,214,2727,2700,222,2490,131,2186,0,199,0,21,0,0,0,0,0,199,2191
CLAYTON - RD04,6330,1033,5273,353,4021,4,805,0,0,3,4,7,0,22,810,4030,4536,385,4122,295,3207,0,561,0,0,7,0,7,0,11,564,3216
CLAYTON - RD05,3725,1260,2476,125,2089,3,253,0,0,0,0,0,0,3,253,2090,2720,620,2109,89,1793,0,223,0,0,0,0,0,0,0,223,1793
CLAYTON - RD06,5714,1050,4667,393,4004,0,108,0,86,68,0,0,12,12,108,4086,3562,494,3071,377,2562,0,95,0,29,2,0,0,13,13,95,2579
CLAYTON - RD07,4609,765,3831,350,2682,1,689,0,48,134,1,10,0,1,702,2817,3188,373,2810,297,2013,0,531,4,0,0,4,6,0,4,541,2015
CLAYTON - RD08,4028,346,3688,184,3277,0,131,0,19,65,0,2,0,0,132,3345,3463,208,3252,179,2849,0,128,0,18,66,0,2,0,0,129,2916
CLAYTON - RD09,4236,391,3871,135,3416,0,108,0,104,45,10,0,51,48,107,3504,3153,358,2820,118,2399,0,104,0,105,41,7,0,50,46,104,2486
CLAYTON - RD10,5247,108,5124,78,4942,31,13,0,4,1,0,0,23,54,12,4967,3963,51,3913,82,3735,27,14,0,6,6,0,0,24,51,14,3760
CLAYTON - RD11,2265,139,2121,80,1953,0,44,0,0,40,0,4,0,0,48,1992,1755,128,1624,82,1451,0,48,0,0,42,0,0,0,0,48,1494
CLAYTON - RD12,4270,224,4004,270,3486,0,130,0,0,18,0,13,6,6,144,3547,2960,193,2746,201,2363,0,129,0,0,0,1,13,6,9,143,2368
CLINCH - AB,195,0,196,97,44,0,0,0,0,0,0,0,0,0,0,44,133,1,132,87,19,0,0,0,0,0,0,0,0,0,0,19
CLINCH - AG,319,22,289,181,97,48,0,0,0,0,0,0,0,34,0,91,278,17,250,160,72,53,0,0,0,0,0,0,0,36,0,71
CLINCH - D,483,0,471,257,245,0,0,0,0,0,47,0,0,31,0,256,333,4,326,211,127,0,0,0,0,0,23,0,0,18,0,128
CLINCH - F,411,0,412,355,29,17,0,0,0,5,7,0,0,25,0,35,331,0,333,284,25,13,0,0,0,0,12,0,0,24,0,25
CLINCH - H,5001,103,4916,3492,1318,10,4,0,11,0,20,0,0,59,4,1312,3667,82,3597,2737,794,4,6,0,0,0,11,0,0,38,6,794
COBB - AC1A,7087,841,6253,4197,1473,12,389,0,72,162,40,0,1,48,373,1665,5664,503,5167,3572,1165,14,345,0,22,37,29,0,1,44,328,1218
COBB - AC1B,6815,594,6195,4631,1207,9,66,0,17,211,9,160,2,13,185,1465,5445,355,5069,3964,923,4,66,0,18,50,11,158,0,10,199,970
COBB - AC1C,6598,617,5994,3052,2212,0,170,0,47,354,34,15,0,39,215,2571,4757,265,4479,2381,1616,3,139,0,39,203,29,13,3,37,178,1819
COBB - AD01,3352,121,3231,2627,275,0,227,0,29,0,0,16,57,57,243,332,2847,93,2754,2269,193,0,206,0,14,0,0,14,58,58,220,251
COBB - AU1A,3739,537,3064,834,2097,11,25,1,4,52,1,5,0,20,28,2134,2694,245,2400,696,1622,7,18,0,0,41,0,0,0,15,18,1653
COBB - AU1B,3840,468,3381,638,2723,0,20,0,0,8,0,0,3,32,20,2728,2716,176,2547,553,1975,0,20,0,0,7,0,2,3,28,23,1982
COBB - BF02,3584,353,3233,2450,243,15,211,0,15,189,6,22,42,64,228,473,2803,199,2604,2143,198,7,130,0,0,0,9,30,37,54,158,231
COBB - BF03,5116,756,4362,3159,852,0,104,0,0,5,38,46,142,180,158,998,3506,488,3021,2099,607,0,95,0,0,5,44,9,140,184,123,750
COBB - BF04,4513,792,3723,2814,791,0,29,0,54,11,8,51,0,8,80,794,3295,411,2884,2272,509,0,24,0,39,0,11,47,0,11,71,507
COBB - BG01,5593,402,5129,3128,1556,4,292,0,23,52,36,54,0,37,335,1638,5195,347,4808,2869,1494,7,275,0,15,50,38,42,0,40,304,1574
COBB - BG02,4471,347,4125,2536,1158,0,229,0,45,33,26,76,0,26,297,1201,3574,211,3365,2225,860,0,206,0,0,13,12,31,0,12,236,875
COBB - BK01,6250,1189,5055,2549,1845,0,512,0,2,52,16,59,0,16,571,1890,4729,695,4052,2041,1530,0,390,0,2,17,7,43,0,7,435,1554
COBB - BR01,3511,867,2644,1610,872,0,67,0,0,82,0,13,0,0,80,954,2393,462,1931,1457,392,0,62,0,0,15,0,0,5,5,62,412
COBB - BR02,4705,419,4291,2299,1562,0,51,0,97,264,0,14,0,0,66,1826,3817,259,3560,1981,1443,0,52,0,76,0,0,6,0,0,58,1442
COBB - BT01,2482,343,2103,219,1774,0,21,0,0,250,0,0,64,73,21,1861,1857,106,1745,171,1508,2,19,4,0,16,0,0,16,32,19,1547
COBB - BT02,9972,2201,7779,539,6627,0,31,8,121,153,15,0,42,57,31,7077,6336,915,5430,480,4731,3,30,0,42,93,19,0,16,38,30,4861
COBB - BW01,3025,295,2719,2091,114,0,423,0,6,30,15,9,5,20,445,150,2381,202,2165,1618,120,0,353,0,7,29,9,8,0,9,370,149
COBB - CA01,8283,857,7426,4124,2922,0,195,0,18,90,7,44,26,33,239,3038,7899,828,7071,4081,2676,0,152,0,17,86,6,26,27,33,178,2789
COBB - CH02,3607,73,3537,2600,704,0,100,0,4,8,61,18,0,61,118,710,2706,65,2643,1995,480,5,67,0,0,4,48,7,1,54,75,487
COBB - CH03,5561,553,4961,2926,1659,0,82,0,0,150,36,118,0,28,200,1808,4140,283,3819,2365,1125,5,58,0,0,134,31,104,0,30,162,1260
COBB - CK01,10208,989,9214,5666,2712,0,405,0,33,228,10,60,33,43,464,2983,8879,718,8159,4995,2470,0,406,0,39,95,17,58,36,53,463,2599
COBB - CL01,1871,118,1703,917,660,0,0,0,0,0,2,0,0,6,0,676,1615,88,1494,893,518,0,0,0,0,0,0,3,0,5,4,521
COBB - CL02,6753,1040,5704,1632,3757,0,57,0,0,174,81,0,12,61,57,3951,5429,600,4826,1514,3069,0,59,0,0,112,73,0,12,58,57,3192
COBB - CO01,7492,1683,5778,1845,3541,5,32,1,0,308,0,9,34,28,47,3871,5728,1258,4467,1685,2587,4,32,0,0,105,4,10,36,32,46,2710
COBB - CR01,3274,147,3126,2727,164,0,217,0,10,8,0,0,0,0,219,172,2285,69,2216,1914,129,0,162,0,9,0,0,6,0,0,169,129
COBB - DC01,3221,230,2980,2347,262,0,277,0,10,16,3,26,0,4,306,275,2336,173,2156,1740,167,0,174,3,14,8,8,20,0,10,194,169
COBB - DI01,4713,1598,3131,1538,1085,0,114,0,19,197,0,7,123,117,120,1378,3455,691,2790,1483,877,0,109,0,0,155,0,12,122,116,116,1136
COBB - DI02,6417,683,5684,2883,2359,1,178,0,78,73,12,129,0,10,319,2426,5335,244,5116,2741,2052,1,73,0,0,73,9,133,0,9,211,2119
COBB - DL01,3495,112,3381,2226,918,0,103,0,31,106,7,0,5,12,103,1029,2534,45,2486,1696,690,0,93,0,4,0,14,0,0,14,93,690
COBB - DO01,2524,44,2464,2085,20,0,241,0,0,0,0,112,0,0,356,21,1852,45,1794,1539,21,3,189,0,0,0,5,55,0,8,228,22
COBB - DU01,5489,325,5155,4425,373,0,126,0,16,171,21,27,0,23,153,550,3961,163,3793,3252,295,0,97,0,7,110,15,9,0,16,106,406
COBB - DV01,2759,120,2639,2055,269,0,143,0,35,113,6,18,0,6,161,382,2052,59,1993,1629,182,0,96,0,0,64,7,15,0,7,111,246
COBB - EA01,3255,198,3061,2450,85,0,419,0,0,16,0,64,3,2,475,100,2368,123,2253,1905,40,0,277,0,0,5,5,22,0,5,295,42
COBB - EA02,5724,629,5079,4259,377,8,271,0,64,70,59,63,0,67,335,447,3910,332,3570,3044,261,0,239,0,39,12,26,28,0,26,269,273
COBB - EL01,4618,387,4207,1739,1474,0,561,0,66,302,2,28,0,1,580,1795,3539,263,3258,1711,1158,0,284,0,72,0,1,32,0,1,305,1158
COBB - EL02,3393,334,3056,2149,539,0,112,0,55,57,9,80,0,10,192,616,2622,259,2368,1648,439,7,75,0,29,70,8,54,1,18,141,500
COBB - EL03,3611,205,3406,2842,433,0,68,0,0,11,17,0,0,16,64,450,2943,71,2872,2470,306,0,49,0,0,12,11,0,0,11,46,319
COBB - EL04,3531,561,2887,1582,910,0,401,0,45,16,1,16,0,1,420,912,2819,360,2374,1373,746,0,288,0,55,0,0,6,0,0,300,741
COBB - EL05,3690,214,3471,2528,321,0,360,0,32,75,12,126,0,11,475,395,2983,102,2876,2141,322,0,335,0,10,0,6,52,0,5,376,321
COBB - EP01,3541,175,3406,1433,1548,0,261,0,48,47,2,0,0,2,260,1553,2926,152,2795,1192,1360,0,152,6,60,14,0,0,0,0,154,1373
COBB - FO02,8200,3305,4895,1881,2653,0,154,0,34,152,0,0,23,23,154,2827,5466,1614,3853,1545,2018,0,136,0,27,103,7,0,18,25,136,2139
COBB - FO04,10280,4011,6225,1544,4069,0,406,0,0,74,27,0,50,80,405,4210,6245,1776,4412,1383,2479,0,381,0,0,57,25,0,33,65,382,2586
COBB - FP01,4143,359,3753,2628,293,0,718,0,15,15,20,54,2,23,770,313,3004,229,2745,2007,178,1,491,0,0,15,23,0,0,24,502,196
COBB - FR01,3737,151,3595,2790,599,9,84,0,15,57,20,17,0,27,101,650,2820,86,2739,2064,586,0,58,0,17,0,7,15,0,6,73,585
COBB - FY01,2844,337,2528,1892,345,0,282,0,0,0,12,0,0,12,282,345,2170,180,2003,1450,303,0,233,0,0,0,18,0,0,18,233,306
COBB - GM01,3880,542,3338,2933,214,0,108,0,0,40,9,34,0,9,142,254,2612,179,2433,2129,176,0,71,0,0,21,12,24,0,12,95,197
COBB - GT01,6208,324,5886,4673,702,7,238,0,12,147,16,115,0,23,345,834,4808,292,4523,3668,510,5,228,0,0,58,14,46,3,22,262,573
COBB - HL01,4362,808,3536,1198,2258,0,22,0,19,57,4,15,19,21,37,2322,3527,584,2928,893,2018,0,19,0,0,0,5,14,19,22,34,2036
COBB - HL02,6333,1395,4945,1460,3356,0,70,0,51,0,0,0,0,2,70,3359,4507,584,3930,1188,2619,0,53,0,56,0,0,1,5,7,53,2627
COBB - HR01,4439,370,4061,3622,284,0,89,0,0,23,21,42,0,21,124,306,3319,354,2960,2663,199,0,44,0,0,21,17,24,0,17,70,209
COBB - HT01,4688,334,4362,3262,499,0,391,24,0,60,45,62,0,45,451,559,3625,230,3400,2687,356,0,249,0,0,30,44,19,0,44,269,387
COBB - HY01,5218,342,4855,3601,922,25,108,0,90,45,0,43,4,10,175,1013,3706,235,3461,2637,615,12,98,0,17,40,0,35,6,11,139,671
COBB - KE1A,3765,563,3165,2310,613,0,167,0,0,0,8,75,0,8,261,593,3428,515,2872,2111,568,0,156,0,0,0,9,50,0,10,219,555
COBB - KE2A,5706,736,4958,3610,952,20,224,0,23,93,0,19,7,46,232,1008,4175,317,3854,2823,745,32,204,5,10,15,0,1,10,50,206,758
COBB - KE3A,8327,563,7926,3981,2979,0,679,0,19,304,20,55,0,24,733,3285,6839,349,6621,3667,2299,0,604,0,4,76,12,11,0,17,619,2354
COBB - KE4A,6038,700,5321,3396,1557,0,35,0,22,220,17,25,0,16,74,1799,4785,413,4367,2897,1222,0,26,0,23,107,20,27,0,19,66,1351
COBB - KE5A,7313,454,6850,4597,1712,0,337,0,7,67,0,174,0,6,507,1787,5197,272,4919,3270,1304,4,231,0,10,28,0,96,0,9,322,1329
COBB - KL01,3043,709,2320,2201,64,0,8,0,13,19,16,0,0,16,8,85,1966,185,1778,1674,62,0,9,0,13,12,14,0,0,14,9,73
COBB - KP01,2537,437,2103,1385,428,0,185,0,0,0,67,37,0,67,242,427,1915,253,1661,1148,303,0,106,0,0,0,59,30,0,59,143,304
COBB - KP02,4827,206,4623,3071,1298,0,135,5,0,14,28,57,0,28,192,1312,3861,112,3752,2448,1067,5,128,5,0,12,24,47,5,34,175,1084
COBB - KP03,5169,288,4900,3336,839,0,599,0,45,12,34,36,4,38,613,853,3594,159,3455,2557,559,0,272,0,47,0,35,24,0,34,287,555
COBB - LA01,4818,555,4327,3356,459,0,315,0,5,47,58,40,0,57,365,497,3534,427,3168,2495,346,0,195,0,3,28,58,5,0,53,205,365
COBB - LI01,5999,393,5609,1808,3063,0,588,0,5,178,28,45,0,27,631,3254,4944,363,4605,1686,2336,0,514,2,2,115,28,29,0,27,543,2445
COBB - LM01,4922,235,4681,3134,1335,0,33,0,76,29,56,58,0,57,90,1359,3771,143,3627,2627,824,0,30,0,57,21,42,36,0,41,68,845
COBB - LM02,4665,39,4626,4049,179,0,76,0,0,0,17,305,0,17,381,179,3395,28,3367,2964,156,0,33,0,0,0,8,206,0,8,239,156
COBB - LM03,6477,443,6038,3968,1724,22,187,0,8,6,18,60,0,39,248,1736,4821,263,4558,3033,1286,15,124,0,13,0,19,44,0,35,166,1287
COBB - LM04,3423,257,3166,2350,460,0,181,0,0,7,12,156,0,12,337,467,2303,48,2255,1787,296,0,159,0,0,0,13,0,0,13,159,296
COBB - MA01,6596,1051,5646,2273,2886,0,71,6,80,250,30,1,0,29,76,3131,5499,534,4984,2100,2501,0,74,0,70,140,21,0,0,21,74,2643
COBB - MA02,4093,923,3173,1080,1939,0,55,17,9,84,49,0,0,42,53,2051,2918,416,2511,922,1470,0,48,13,7,51,36,0,0,27,48,1531
COBB - MA03,3785,539,3215,2062,1003,0,70,0,8,17,30,16,0,30,74,1022,3066,220,2827,1934,754,0,73,0,7,14,32,15,0,32,75,766
COBB - MA04,1567,201,1368,920,358,0,65,0,4,13,0,21,0,0,87,371,1220,113,1107,799,266,0,65,0,0,0,0,1,0,0,66,267
COBB - MB01,2074,183,1826,1706,28,0,53,0,0,1,39,21,0,38,66,36,1572,148,1360,1301,16,0,33,0,0,2,27,6,0,30,34,25
COBB - MC01,5910,841,5054,1454,3310,29,18,0,44,159,0,28,0,29,46,3466,4392,461,3926,1357,2358,21,19,0,41,90,0,23,0,21,42,2456
COBB - MD01,4328,469,3860,3467,72,0,210,4,25,9,35,39,0,35,248,81,3245,336,2909,2658,76,0,124,0,14,0,22,18,0,22,141,76
COBB - ME01,4599,345,4267,1447,2419,0,73,0,23,77,75,77,12,91,154,2522,3732,245,3508,1296,2003,0,41,0,10,7,72,32,14,86,71,2023
COBB - MK01,2448,160,2288,2080,32,8,62,0,60,0,14,0,32,54,62,64,1748,80,1668,1543,35,8,34,0,0,0,16,0,32,56,34,67
COBB - ML01,3880,235,3631,2881,708,0,0,0,0,0,22,0,0,21,0,705,2878,125,2743,2241,463,0,0,0,0,4,18,0,0,17,0,463
COBB - MR1A,8806,2247,6516,2981,3090,16,160,0,40,80,21,56,17,53,219,3200,7144,1297,5737,2833,2528,14,161,0,41,58,17,57,9,40,227,2602
COBB - MR2A,2129,17,2115,1885,219,0,0,0,10,21,0,0,0,0,0,236,1769,18,1758,1527,210,0,0,0,12,22,0,0,1,2,0,227
COBB - MR2B,6029,533,5747,2114,2978,0,287,0,187,91,8,126,4,10,407,3075,4523,285,4425,1750,2283,0,154,0,146,87,9,60,0,9,206,2348
COBB - MR3A,4779,369,4430,3492,754,0,5,0,0,180,3,0,0,2,13,894,3537,204,3387,2736,551,0,5,0,0,100,9,7,0,8,14,599
COBB - MR3B,4100,289,4036,720,3121,0,70,0,9,141,0,0,0,0,67,3249,2762,154,2720,726,1929,0,43,0,15,33,0,0,0,0,42,1960
COBB - MR4A,3370,76,3300,3172,94,0,13,0,0,24,8,0,0,7,11,100,2305,40,2276,2101,94,0,16,0,0,16,6,0,0,7,14,102
COBB - MR4B,2169,158,1972,1458,265,5,56,0,8,78,0,107,0,8,156,330,1798,46,1702,1354,219,6,31,0,13,0,0,67,0,11,97,229
COBB - MR4C,3792,73,3712,2861,610,0,70,0,55,37,0,42,0,46,103,689,3092,58,3030,2381,461,0,67,0,43,37,3,10,4,41,76,550
COBB - MR5A,4456,621,3849,2008,1538,0,49,0,0,87,17,22,0,17,61,1653,3341,265,3111,1633,1233,0,46,0,0,102,25,17,0,24,58,1333
COBB - MR5B,3244,341,3211,837,1945,5,102,0,56,263,5,15,0,8,141,2345,2428,149,2517,722,1529,8,74,0,27,122,1,17,0,3,104,1762
COBB - MR6A,4675,430,4019,1442,1977,75,75,0,49,394,15,84,4,99,121,2347,3424,215,3060,1357,1401,30,66,0,0,161,14,56,6,68,108,1572
COBB - MR6B,3432,226,3223,1981,807,0,293,0,54,35,2,33,0,2,324,844,2856,147,2757,1683,666,4,306,0,19,17,2,27,0,4,325,681
COBB - MR7A,5003,1017,4000,1165,2228,0,59,0,236,127,3,38,0,4,97,2331,3752,555,3205,1085,1650,0,28,0,174,85,4,39,0,5,65,1722
COBB - MS01,6025,827,5203,4256,566,0,46,0,0,203,97,10,1,99,64,693,3877,280,3603,3124,371,0,45,0,0,0,51,11,0,51,56,371
COBB - MS02,2796,398,2402,1763,332,0,265,0,0,0,23,23,0,22,283,338,2084,153,1925,1480,216,0,178,0,0,0,23,9,0,23,186,223
COBB - MT01,4318,192,4126,3570,195,6,238,17,68,2,8,49,12,26,286,215,3139,82,3051,2716,131,8,175,18,16,0,4,7,0,11,182,137
COBB - MT03,4170,306,3875,2980,108,0,661,0,0,31,24,89,0,23,745,136,3112,222,2904,2302,96,0,459,0,0,0,13,32,0,12,492,96
COBB - MT04,4256,211,4048,3531,167,0,293,0,13,0,0,43,0,0,338,167,3233,119,3115,2727,140,0,231,0,14,0,0,11,0,0,240,140
COBB - NC01,2968,411,2564,1762,632,2,101,0,15,24,7,35,0,11,145,646,2175,242,1935,1337,451,3,102,0,8,31,7,9,1,9,115,470
COBB - NJ01,6605,189,6424,2303,3442,4,238,0,36,24,123,74,0,202,319,3500,5652,163,5476,2142,2860,0,180,0,33,2,122,6,0,161,188,2883
COBB - NP01,6117,1348,4645,2681,1806,6,130,48,0,19,31,38,0,29,175,1841,4531,742,3702,2372,1259,6,68,54,0,18,27,23,0,26,87,1290
COBB - NS01,3287,184,3117,2416,517,0,25,0,71,39,25,23,0,25,48,554,2711,133,2581,2022,385,0,27,0,69,34,22,16,0,22,43,420
COBB - OK01,4416,209,4196,2566,1180,2,254,0,28,92,6,48,0,125,298,1261,3528,194,3332,2106,916,7,192,0,20,16,7,37,5,68,229,945
COBB - OR01,1838,45,1793,1285,358,0,70,0,19,45,0,16,0,0,86,403,1423,46,1377,1019,303,0,55,0,0,0,0,0,0,0,55,303
COBB - OR02,7379,1542,5853,1885,3522,0,99,0,184,26,26,59,44,78,153,3604,5259,791,4474,1710,2584,0,81,0,10,22,27,29,0,34,107,2616
COBB - OR03,9520,2836,6284,2275,3556,19,222,0,42,106,20,9,60,112,237,3713,6846,1048,5577,2134,3062,17,152,0,37,88,21,11,56,99,168,3212
COBB - OR04,5942,1256,4686,1356,2927,0,134,0,124,48,4,76,17,21,210,2992,4529,603,3926,1187,2544,0,80,0,67,23,7,4,14,21,84,2581
COBB - OR05,3915,281,3634,2385,1056,0,57,0,38,90,8,0,0,8,57,1146,3022,120,2902,1912,854,0,35,0,36,61,4,0,0,4,35,915
COBB - PE01,7113,1708,5514,1577,3646,4,122,32,30,16,17,0,46,58,122,3684,5211,813,4437,1292,2900,0,122,35,34,11,14,0,50,50,122,2931
COBB - PF01,4100,617,3509,2902,468,28,51,25,44,58,0,70,11,39,105,538,3264,318,2959,2534,405,18,47,28,14,47,0,0,11,28,48,470
COBB - PM01,5334,539,4821,3086,1233,7,345,0,46,76,0,38,0,11,375,1306,4066,537,3551,2311,899,9,250,0,17,87,0,16,0,13,260,952
COBB - PM02,4213,81,4091,3219,508,0,84,0,18,49,2,20,108,62,123,601,3090,48,2991,2439,310,0,67,0,8,0,0,26,111,73,92,400
COBB - PO01,4385,576,3809,3085,193,0,345,0,9,98,5,44,30,35,389,321,3174,312,2862,2329,177,0,252,0,0,90,4,5,5,9,257,272
COBB - PP01,3600,219,3384,2503,617,0,180,0,22,0,0,66,0,0,226,621,2800,130,2674,1942,561,0,125,0,19,2,0,32,0,0,146,563
COBB - PR01,3244,423,2815,2163,437,0,88,0,48,42,24,34,0,23,119,489,2659,356,2300,1912,267,0,68,0,22,26,20,39,0,19,90,301
COBB - PS1A,6517,850,5644,1624,3579,7,161,0,15,163,0,53,10,16,206,3743,4969,583,4349,1406,2841,0,43,0,3,77,0,1,15,16,46,2927
COBB - PS2A,4528,412,4138,1018,3003,0,31,4,18,99,5,0,0,6,30,3093,3479,296,3178,883,2194,0,16,0,20,95,6,4,0,8,18,2294
COBB - PS3A,6005,726,5299,1374,3925,0,40,0,2,98,15,50,0,14,94,4017,4424,436,4002,1162,2793,0,40,0,0,52,14,26,0,14,67,2839
COBB - PT01,2869,495,2374,1773,445,0,72,0,0,24,17,11,32,49,83,501,2180,225,1955,1465,370,0,62,6,0,5,10,4,33,43,66,408
COBB - RM01,3389,287,3106,2349,283,0,275,0,31,45,11,112,8,20,392,335,2489,156,2337,1877,232,0,196,0,7,0,10,10,9,19,206,241
COBB - RS01,2152,803,1340,295,946,0,11,0,30,62,0,0,4,4,11,1007,1576,383,1187,293,839,0,5,0,34,19,0,0,0,0,5,859
COBB - RW01,6156,385,5759,5217,159,0,305,0,15,23,4,37,0,4,341,182,4378,266,4101,3663,165,0,214,0,14,0,7,35,0,7,247,165
COBB - RW02,4123,186,3937,3153,292,0,392,0,16,80,0,4,0,0,396,372,3054,134,2920,2307,245,0,330,0,23,15,0,0,0,0,330,260
COBB - SA01,3622,163,3461,2658,241,0,446,0,47,5,0,74,4,4,541,246,2675,118,2559,1996,201,0,315,0,27,7,0,20,0,0,346,207
COBB - SF01,4806,282,4525,4102,110,0,199,0,0,41,0,71,0,0,270,160,3482,167,3316,2994,99,0,157,0,0,40,0,37,0,0,193,137
COBB - SI01,2232,184,2045,1592,85,0,313,0,12,0,5,55,0,6,361,88,1583,97,1485,1141,85,0,250,0,12,0,2,4,0,4,254,87
COBB - SM01,4013,101,3921,3020,91,0,761,0,0,0,8,65,0,9,836,92,3160,70,3098,2460,90,0,534,0,0,0,8,16,0,9,562,91
COBB - SM03,5654,805,4907,3719,552,0,240,5,45,225,35,103,5,43,339,782,4671,607,4105,3122,484,5,239,0,0,165,28,52,2,33,285,639
COBB - SN1A,5910,1234,4739,1743,2410,4,270,0,0,214,16,88,0,23,359,2622,4733,777,3934,1584,1921,0,201,0,0,149,16,80,0,17,291,2070
COBB - SN2A,6648,979,5674,2346,2419,0,749,0,33,83,9,66,0,9,799,2504,5998,903,5082,2249,1990,0,689,0,44,83,8,35,0,8,712,2074
COBB - SN3A,5918,552,5414,2394,2346,5,109,0,53,148,19,105,196,220,213,2679,4124,283,3884,1833,1699,10,111,0,52,21,11,55,62,82,158,1777
COBB - SN3B,3479,200,3253,1998,862,0,140,0,0,65,8,36,13,20,173,951,2654,128,2505,1636,597,0,69,0,0,33,2,17,15,19,93,646
COBB - SN4A,7858,540,7319,4940,1605,9,430,49,1,149,53,67,0,54,488,1763,5870,339,5522,3811,1233,5,234,45,2,107,19,69,0,20,297,1339
COBB - SN5A,5285,676,4680,2491,1989,4,136,0,79,9,1,23,47,58,159,2041,4407,415,4059,2296,1583,8,126,0,78,0,2,0,48,63,134,1629
COBB - SN6A,7994,398,7593,4127,2497,10,666,0,5,102,8,154,2,21,829,2620,5722,243,5482,3245,1601,7,511,0,3,94,5,38,1,14,553,1701
COBB - SN7A,8403,359,8068,3632,3326,10,739,0,10,74,16,91,156,76,837,3542,6505,329,6159,2921,2409,11,588,2,8,9,16,57,72,55,654,2499
COBB - SO01,2246,206,2034,1842,112,0,74,0,0,6,10,21,0,10,104,118,1707,109,1593,1415,105,0,66,0,0,0,6,14,0,6,86,104
COBB - SO02,5368,397,4977,3293,845,29,602,4,0,36,52,131,0,84,726,881,4384,267,4124,2769,780,29,454,0,1,0,56,46,0,88,496,780
COBB - SO03,3278,112,3168,2315,284,0,331,0,12,142,11,72,0,11,407,426,2420,114,2306,1820,180,0,223,0,5,0,13,64,0,13,290,180
COBB - SW01,4751,233,4557,2206,2097,0,55,0,35,90,24,0,0,23,55,2187,3912,199,3751,2048,1508,0,47,6,15,56,14,0,0,14,47,1574
COBB - SW02,4561,702,3841,1077,2750,0,10,0,0,27,10,4,0,10,14,2774,3639,473,3159,1001,2144,4,6,0,5,27,9,0,4,17,6,2171
COBB - TM01,7567,751,6798,2573,3473,0,450,8,79,120,39,3,56,84,509,3613,5606,357,5230,2239,2478,0,337,9,14,77,31,0,41,54,353,2561
COBB - TR01,3886,122,3764,3199,40,4,321,0,0,139,0,61,0,4,382,179,2628,44,2584,2263,29,0,203,5,0,54,0,30,0,0,233,83
COBB - VA01,3311,235,3068,2399,413,0,79,4,152,5,14,1,0,14,82,419,2454,119,2331,1863,303,0,59,0,87,0,8,3,0,9,64,305
COBB - VG01,4186,322,3857,2005,1591,0,26,0,59,122,16,47,0,16,76,1708,3960,321,3635,1910,1474,0,20,0,60,121,13,35,0,13,59,1595
COBB - VG02,9015,776,8238,3683,3097,27,896,0,0,274,0,27,250,280,923,3624,7701,485,7215,3518,2754,22,657,0,0,130,0,23,125,147,680,3010
COBB - VG03,5851,402,5461,2441,2455,3,151,0,34,309,24,16,127,82,178,2868,4919,299,4647,2300,1903,2,132,0,6,232,20,11,77,69,156,2214
COBB - VG04,4757,259,4500,3077,1143,0,53,0,93,31,17,53,7,18,95,1168,3737,194,3545,2352,954,0,50,0,93,33,15,48,9,15,83,973
COBB - WG02,5409,300,5109,3513,1082,0,145,0,0,332,12,25,0,12,170,1414,4160,205,3955,2947,840,0,91,0,0,60,11,6,0,11,97,900
COBB - WL01,3321,68,3252,2558,119,0,458,0,0,49,7,63,0,7,521,159,2339,47,2291,1877,88,0,271,0,0,0,8,36,0,8,308,90
COFFEE - 1,27524,3137,24405,15367,8434,33,215,0,4,205,81,80,16,130,297,8653,19663,1440,18239,11978,5834,37,215,0,0,113,55,17,11,103,233,5956
COFFEE - 2,2750,238,2552,1646,835,0,8,0,0,42,5,0,0,4,6,877,2142,175,1988,1157,812,0,10,0,0,3,1,0,0,1,9,816
COFFEE - 3,336,80,207,178,2,0,0,0,0,0,0,0,0,0,0,4,309,95,183,158,0,0,0,0,0,0,0,0,0,0,0,2
COFFEE - 4,3126,187,2930,2253,653,4,0,0,0,0,17,0,0,22,0,653,2432,91,2333,1859,444,0,0,0,0,0,23,0,0,24,0,443
COFFEE - 5,5827,174,5652,3240,2167,13,0,0,19,144,68,0,8,89,0,2319,4885,126,4757,2649,1951,8,0,0,19,63,66,0,7,81,0,2021
COFFEE - 6,1619,82,1538,1544,0,0,0,0,0,0,3,0,0,3,0,0,1318,33,1289,1292,0,0,0,0,0,0,7,0,0,6,0,0
COLQUITT - 0001,6034,631,5406,1353,3861,0,0,0,0,76,20,44,7,23,33,3947,4181,331,3857,1108,2658,0,0,0,5,9,13,43,6,23,34,2674
COLQUITT - 0002,8477,874,7573,3926,3552,0,199,0,2,17,35,0,0,33,201,3565,6356,451,5926,3263,2578,0,166,1,0,13,17,0,0,10,168,2601
COLQUITT - 0007,2726,543,2164,1734,358,5,9,0,2,1,9,0,23,49,7,366,2038,280,1736,1390,283,4,11,0,0,0,3,0,23,37,8,290
COLQUITT - 0008,1827,370,1458,1270,158,0,6,0,93,18,0,0,0,0,6,172,1434,185,1246,1119,126,0,3,0,13,1,0,0,0,0,3,127
COLQUITT - 0009,534,43,505,427,55,6,0,1,0,7,1,1,0,7,1,63,409,21,398,343,40,5,0,0,0,1,0,1,0,8,1,43
COLQUITT - 0010,964,94,869,527,276,0,26,0,0,0,6,0,0,10,26,281,694,39,656,431,187,0,16,0,0,0,6,0,0,6,16,187
COLQUITT - 0011,1569,279,1282,1107,107,0,31,0,0,11,6,0,0,6,31,120,1255,170,1076,937,101,0,12,0,0,4,9,0,0,9,12,104
COLQUITT - 0012,1247,43,1216,940,81,0,11,0,93,14,0,0,0,0,21,93,972,53,946,810,77,0,10,0,37,9,0,0,0,0,10,87
COLQUITT - 0013,874,54,811,785,6,0,2,0,0,13,0,15,0,0,7,22,670,44,605,593,8,0,3,0,0,0,0,0,0,0,3,7
COLQUITT - 0014,2435,500,1951,1838,130,7,3,0,0,8,0,0,0,6,3,136,1541,138,1401,1302,104,7,3,1,0,0,0,0,0,7,3,104
COLQUITT - 0015,1605,554,1062,895,134,0,0,0,0,9,7,0,0,7,0,145,1086,182,887,739,131,0,0,2,4,0,13,0,0,13,0,134
COLQUITT - 0016,685,0,693,686,16,0,0,0,0,0,7,0,0,5,0,16,548,0,552,536,14,0,0,0,0,0,9,0,0,7,0,15
COLQUITT - 0017,2226,134,2101,1751,280,10,0,1,0,18,2,1,0,15,10,292,1663,98,1573,1301,233,8,0,0,0,10,0,1,0,12,6,240
COLQUITT - 0018,1226,77,1185,1027,96,12,0,0,0,0,0,0,0,9,0,109,880,57,848,735,66,9,0,0,0,0,0,0,0,7,0,66
COLQUITT - 0019,5057,860,4203,3099,995,0,0,2,0,53,26,4,0,25,6,1052,3744,439,3319,2545,703,0,0,0,0,11,27,4,0,27,8,720
COLQUITT - 0020,1410,230,1173,1025,114,2,1,0,0,34,0,0,0,0,1,153,1135,135,1006,904,81,2,0,0,0,16,0,0,0,0,1,97
COLQUITT - 0021,405,25,379,190,75,0,120,0,0,0,7,0,0,2,120,70,259,0,254,167,35,0,54,0,0,0,4,0,0,2,54,35
COLQUITT - 0022,1139,189,928,876,13,43,0,0,0,0,1,0,0,46,0,14,844,140,689,647,4,43,0,0,0,1,2,0,0,43,0,5
COLQUITT - 0023,1931,433,1479,1248,224,0,0,0,0,0,15,0,0,14,0,224,1350,160,1161,934,211,4,0,0,0,4,9,0,0,12,0,212
COLUMBIA - 010,3669,30,3643,2995,403,0,2,0,40,85,109,31,12,113,38,472,2838,29,2810,2332,356,0,2,0,35,35,58,19,13,63,23,392
COLUMBIA - 014,3528,255,3271,1417,1246,0,0,0,38,447,66,30,0,66,31,1689,1966,127,1838,934,680,0,0,0,0,93,65,34,0,65,34,766
COLUMBIA - 015,5447,252,5199,3895,897,1,257,0,0,5,122,26,0,123,285,908,3900,193,3712,2801,657,1,138,0,0,4,110,3,0,111,143,660
COLUMBIA - 016,1176,84,1091,835,180,2,0,0,71,2,0,0,0,1,1,184,986,81,901,698,180,2,0,0,18,12,0,0,0,1,0,184
COLUMBIA - 017,3170,100,3068,2433,569,7,28,0,0,9,0,53,0,6,73,575,2263,84,2188,1745,396,5,26,0,0,6,0,31,0,5,56,407
COLUMBIA - 018,1074,40,1033,942,31,5,0,0,0,36,0,5,0,6,4,65,839,9,831,755,33,8,0,0,0,12,0,0,0,9,0,53
COLUMBIA - 019,6851,702,6139,3320,2397,0,35,0,33,306,35,0,0,45,30,2721,4689,406,4279,2098,1944,0,30,0,25,187,15,0,0,22,28,2131
COLUMBIA - 020,3991,125,3876,2490,1039,0,16,0,38,27,44,40,0,42,75,1078,3370,48,3311,2091,926,0,9,0,30,13,38,34,0,39,49,937
COLUMBIA - 022,2839,66,2769,1790,914,0,0,0,30,28,5,19,0,4,17,931,2040,60,1981,1302,648,0,0,0,26,9,6,8,0,6,6,658
COLUMBIA - 024,1950,43,1905,1517,246,0,6,0,18,16,4,26,0,6,30,275,1532,52,1483,1247,141,0,2,0,12,14,4,13,0,5,15,159
COLUMBIA - 025,1533,6,1526,1382,43,0,24,0,0,24,4,106,0,5,134,57,1273,5,1273,1208,20,0,12,0,0,6,4,52,0,3,67,23
COLUMBIA - 026,4452,566,3900,2706,1054,0,234,0,0,53,13,28,0,11,250,1098,3096,298,2811,1948,782,0,204,0,0,21,13,9,0,11,205,805
COLUMBIA - 030,5664,617,5039,2870,2074,0,4,0,0,93,0,8,0,0,12,2181,3788,379,3399,1843,1490,0,5,0,0,76,0,8,0,0,13,1568
COLUMBIA - 031,5517,176,5302,2643,2208,0,190,0,0,101,25,152,0,25,314,2312,4046,145,3873,1986,1623,0,140,0,0,66,24,54,0,24,184,1707
COLUMBIA - 032,3074,311,2785,1779,815,0,25,0,76,61,0,0,0,0,54,861,2345,178,2186,1366,663,0,25,2,45,49,0,0,0,0,36,694
COLUMBIA - 033,6725,760,5955,2897,2718,6,137,0,103,53,9,20,0,17,150,2760,4861,399,4461,2323,1941,5,140,0,0,15,11,13,0,17,154,1950
COLUMBIA - 034,4750,341,4405,1888,1953,0,90,0,60,325,30,48,0,30,138,2295,3543,177,3359,1718,1497,0,34,0,11,23,32,44,0,32,77,1519
COLUMBIA - 040,1329,11,1314,1100,182,0,11,0,0,10,9,2,0,8,21,208,1121,4,1119,951,125,0,14,0,0,0,1,3,0,2,26,142
COLUMBIA - 050,904,6,900,499,349,0,2,0,5,15,9,2,0,8,3,360,684,6,678,335,328,0,2,0,2,0,0,0,0,0,2,329
COLUMBIA - 051,1122,70,1062,1052,7,0,3,0,0,0,0,25,0,0,20,9,984,57,929,912,7,0,0,4,0,0,0,14,0,0,5,8
COLUMBIA - 060,2633,206,2431,1614,508,9,70,0,33,63,0,72,0,13,146,563,2210,158,2048,1382,451,7,55,0,26,38,6,22,0,15,76,510
COLUMBIA - 061,5428,326,5096,4588,243,0,162,0,94,0,0,4,0,0,165,242,3298,150,3141,2986,99,0,19,0,21,5,0,1,0,0,20,105
COLUMBIA - 062,5196,743,4451,3254,324,0,483,0,0,319,17,81,0,17,573,646,3543,498,3041,2210,289,5,411,0,0,79,0,70,0,5,479,368
COLUMBIA - 063,2222,163,2042,1724,295,0,14,0,5,0,0,0,0,0,14,299,1499,94,1403,1116,250,0,17,0,8,0,0,0,0,0,16,253
COLUMBIA - 064,4216,352,3879,2528,843,0,269,0,57,123,0,58,0,0,328,967,3449,263,3190,2050,827,0,211,0,60,39,0,16,0,0,228,866
COLUMBIA - 065,3580,395,3185,2412,564,8,93,0,15,33,29,30,5,39,125,605,2736,91,2644,2141,386,6,65,0,11,44,12,6,0,16,71,406
COLUMBIA - 068,2836,180,2654,2011,483,0,12,4,0,44,0,111,0,0,114,526,2082,135,1945,1411,485,0,11,0,0,18,0,22,0,0,35,502
COLUMBIA - 070,3071,86,2985,2264,432,4,51,0,0,110,0,124,0,4,175,542,2680,59,2621,2040,386,0,54,0,0,16,0,125,0,0,179,402
COLUMBIA - 075,3096,124,2972,1779,1011,0,29,0,52,62,9,30,0,9,59,1073,2342,122,2220,1495,634,0,27,0,0,57,7,0,0,7,27,691
COLUMBIA - 076,3021,489,2539,1925,557,0,32,0,20,0,4,10,0,6,33,553,2281,188,2107,1648,414,0,22,2,29,0,3,16,0,5,29,416
COLUMBIA - 080,1559,78,1480,1324,82,0,38,0,10,0,29,0,0,27,44,84,1298,40,1257,1110,79,0,25,0,6,0,25,0,0,23,26,81
COLUMBIA - 085,3914,126,3804,3377,195,0,61,0,0,33,9,134,0,9,197,227,2966,86,2883,2523,144,0,64,0,0,14,12,124,0,12,196,157
COLUMBIA - 090,2397,135,2262,2045,94,0,43,0,16,15,9,40,0,9,83,109,1810,137,1673,1511,66,0,43,0,16,0,8,29,0,8,72,66
COLUMBIA - 100,3210,63,3152,2285,705,0,103,0,0,25,46,11,0,46,114,731,2500,44,2456,1935,404,0,51,0,0,32,44,13,0,45,66,434
COLUMBIA - 105,1727,26,1703,1370,126,0,194,0,8,0,0,0,0,0,196,126,1326,30,1295,1028,64,0,195,0,6,0,0,0,0,0,196,65
COLUMBIA - 107,2996,101,2900,1964,303,0,640,0,0,0,18,5,0,17,643,304,2212,31,2178,1509,215,0,440,0,0,0,20,0,0,18,441,214
COLUMBIA - 108,1900,46,1854,1557,125,0,138,0,0,16,18,0,0,18,138,141,1675,31,1644,1368,125,0,138,0,0,0,13,0,0,13,138,125
COLUMBIA - 109,3547,14,3526,2576,144,0,747,0,4,0,30,0,0,31,747,143,2663,7,2660,2090,114,0,421,0,6,0,25,0,0,27,419,114
COLUMBIA - 110,1410,158,1246,921,100,0,98,0,33,79,9,0,0,9,96,176,1167,76,1089,829,91,0,98,0,30,36,9,0,0,9,97,120
COLUMBIA - 111,2352,69,2284,1689,557,8,7,0,6,6,3,48,0,6,51,560,1865,44,1821,1362,419,6,6,0,8,11,8,26,0,11,39,423
COLUMBIA - 115,2656,131,2529,1505,620,0,295,0,7,67,23,0,0,23,297,689,2232,115,2119,1326,438,0,279,0,7,41,0,0,0,0,280,488
COLUMBIA - 120,2168,191,1962,1453,289,0,101,0,0,0,0,72,0,0,176,296,1772,144,1621,1165,262,6,107,0,0,0,0,69,0,6,178,262
COLUMBIA - 125,4192,638,3569,2417,832,84,264,0,0,19,0,0,0,84,261,844,3455,577,2885,1894,640,83,261,0,0,19,0,0,0,83,259,659
COLUMBIA - 130,3908,852,3056,2629,259,0,99,0,0,16,0,35,18,18,134,293,2969,522,2447,2052,258,0,70,0,0,11,0,39,17,17,109,286
COLUMBIA - 131,1606,53,1562,1411,98,0,35,0,0,26,0,2,0,0,37,104,1174,37,1147,1022,76,0,33,0,0,11,0,5,4,4,36,80
COLUMBIA - 132,3252,232,3017,2467,298,0,63,0,21,129,35,13,0,34,73,447,2477,242,2242,1835,258,0,63,0,19,33,23,10,0,21,73,301
COLUMBIA - 134,2675,237,2439,1916,470,0,28,0,0,22,16,0,0,15,28,493,2024,192,1832,1427,362,0,30,0,0,22,5,5,0,5,35,382
COLUMBIA - 135,2564,263,2302,1948,223,0,33,0,0,18,67,11,0,69,44,237,1878,233,1632,1370,182,0,30,0,0,7,39,0,0,41,30,187
COLUMBIA - 136,2876,238,2634,1803,312,6,345,0,56,17,31,19,0,42,368,332,2033,95,1938,1484,268,7,93,0,18,10,26,3,5,40,87,290
COLUMBIA - 137,2703,55,2648,1906,212,0,383,0,36,6,12,73,0,12,459,217,2067,38,2030,1456,202,0,280,0,30,0,12,41,0,12,323,203
COOK - C,4002,515,3469,1951,1426,0,0,0,0,16,10,18,0,10,18,1433,2823,166,2651,1585,991,2,0,0,0,0,6,22,0,6,22,987
COOK - DB,4067,224,3835,2880,781,0,0,0,72,66,0,0,0,0,0,853,2970,170,2791,2164,548,0,0,0,75,4,0,0,0,0,0,553
COOK - EP,624,6,624,37,612,0,0,0,0,0,0,0,0,0,0,613,511,3,508,36,486,3,0,0,0,0,0,0,0,5,0,488
COOK - L,1845,59,1784,1473,272,0,1,0,0,0,34,0,0,30,0,270,1567,47,1519,1209,272,0,0,0,0,0,43,4,0,39,4,269
COOK - M,1252,40,1214,894,262,0,0,0,0,0,17,0,0,20,0,272,1000,17,993,767,199,0,0,0,0,0,8,0,0,11,0,204
COOK - NL,1733,0,1751,1602,63,0,0,0,0,91,0,8,0,0,8,155,1167,0,1180,1126,55,0,0,0,0,0,0,8,0,0,8,56
COOK - RB,1710,47,1671,1407,187,0,12,0,0,1,10,0,0,10,15,205,1262,19,1249,1076,139,0,0,0,0,3,11,0,0,11,0,145
COOK - S,1959,160,1793,590,1337,0,7,0,0,4,0,0,0,1,5,1317,1428,65,1350,520,877,0,0,0,0,2,0,0,0,1,0,874
COWETA - 01,9068,401,8670,7021,1118,0,0,0,0,340,184,42,0,184,41,1448,6902,271,6630,5430,937,0,0,0,0,76,143,39,0,143,39,1014
COWETA - 02,4141,74,4071,3655,248,0,8,0,0,117,40,7,0,38,10,347,3151,71,3087,2811,210,0,9,0,0,0,37,0,0,36,13,216
COWETA - 03,2446,72,2399,2125,245,0,23,0,0,0,3,56,0,4,90,246,2101,56,2072,1832,235,0,22,0,0,0,0,0,0,0,43,236
COWETA - 04,1269,103,1144,993,53,0,0,0,0,0,0,56,0,0,42,55,1035,84,935,837,59,0,0,0,0,0,0,48,0,0,17,61
COWETA - 05,5670,448,5221,2267,2651,0,3,0,0,11,0,250,0,0,252,2662,4378,260,4125,1824,2153,0,4,0,0,11,0,94,0,0,98,2166
COWETA - 06,5863,420,5448,4962,239,0,50,0,8,184,30,0,0,30,50,411,4770,349,4417,4025,212,0,48,0,0,114,29,5,0,29,52,312
COWETA - 07,6749,600,6097,5054,539,0,236,0,40,57,77,11,0,68,234,590,4810,353,4446,3656,385,0,237,0,0,39,60,15,0,52,247,415
COWETA - 09,4105,107,3994,3152,438,0,67,0,0,239,35,34,0,36,104,698,3215,69,3140,2605,397,0,49,0,0,31,33,14,0,34,61,425
COWETA - 10,3798,232,3567,3251,249,6,0,0,12,0,30,2,0,37,3,238,2598,149,2446,2246,166,5,0,0,0,0,21,0,0,27,0,165
COWETA - 11,4138,101,4036,3477,371,0,0,0,95,58,1,56,0,1,59,426,3422,63,3352,2896,312,0,0,0,97,58,3,0,0,3,10,368
COWETA - 12,4625,310,4317,3772,318,0,0,0,4,157,52,19,4,55,16,479,3480,248,3235,2764,311,0,7,0,6,102,41,6,0,41,11,414
COWETA - 13,3764,306,3465,2951,366,11,28,0,32,35,22,0,11,43,30,411,3099,286,2813,2409,309,8,32,0,0,29,24,0,18,48,30,357
COWETA - 14,6165,181,5981,4747,1015,7,69,0,24,45,36,0,0,44,68,1099,4719,139,4585,3581,873,7,65,0,0,16,22,0,0,30,65,901
COWETA - 15,3646,277,3366,2170,1164,0,0,0,0,42,15,0,0,14,0,1208,2642,87,2541,1793,747,0,0,0,0,0,15,0,0,14,0,746
COWETA - 17,6796,633,6172,2722,3165,20,84,0,28,106,88,4,0,109,87,3276,5284,617,4672,2026,2469,8,58,0,10,64,67,2,0,75,60,2536
COWETA - 18,29758,2289,27561,17986,7673,0,1014,0,69,614,105,97,0,103,1116,8275,22534,1313,21288,14489,5570,0,692,0,55,328,103,56,0,102,751,5889
COWETA - 19,5496,598,4860,2391,2014,0,65,0,23,516,17,8,0,17,71,2510,3919,410,3476,2031,1254,0,55,0,25,112,14,10,0,15,65,1385
COWETA - 20,3121,146,2973,2598,351,0,0,0,0,0,15,32,0,15,32,347,2353,86,2269,1893,351,0,0,0,0,0,16,30,0,16,30,351
COWETA - 21,5954,431,5427,4215,746,0,57,0,0,99,22,299,0,22,355,844,4789,280,4450,3535,607,0,52,0,0,0,27,248,0,27,299,604
COWETA - 22,13720,832,12923,10709,1712,8,314,0,31,56,55,55,0,75,381,1768,10283,440,9852,8292,1217,0,237,0,3,43,43,12,0,52,250,1271
COWETA - 23,4974,397,4581,4195,266,0,17,0,10,16,0,80,0,0,97,283,3955,246,3708,3453,174,0,14,0,12,18,0,41,0,0,57,191
COWETA - 24,681,61,630,256,296,0,0,0,0,13,2,0,0,2,0,302,542,14,531,230,237,0,0,0,0,11,3,0,0,4,0,243
COWETA - 25,3607,297,3324,2320,726,0,16,0,0,47,5,4,0,5,21,816,2475,221,2267,1774,408,0,16,0,0,0,6,7,0,6,22,401
COWETA - 26,5761,660,5126,4411,673,0,32,0,0,40,19,37,0,18,72,707,4572,447,4132,3534,590,0,22,0,0,6,9,39,0,8,64,592
COWETA - 27,2006,31,1961,1646,250,0,3,0,53,0,6,0,0,6,4,247,1562,29,1533,1271,231,0,2,0,30,0,6,0,0,6,3,231
CRAWFORD - 1,2281,35,2250,960,1168,8,0,0,58,39,1,15,0,13,15,1201,1901,22,1888,803,1067,0,0,0,17,0,0,0,0,0,0,1059
CRAWFORD - 2,2661,29,2636,1613,858,0,3,0,6,12,35,0,0,47,2,874,1975,1,1975,1290,594,0,2,0,0,0,25,0,7,35,2,598
CRAWFORD - 3,2307,83,2222,2080,115,44,3,0,0,18,7,2,0,40,5,129,1969,44,1908,1790,110,13,2,0,0,0,14,0,0,25,2,120
CRAWFORD - 4,2352,96,2245,2134,109,0,0,0,2,2,1,0,0,1,6,122,1757,22,1737,1660,74,0,0,0,1,0,1,0,0,1,7,75
CRAWFORD - 5,2520,121,2404,2051,318,30,11,0,4,0,6,44,0,31,50,313,1952,101,1856,1556,274,8,11,0,6,0,1,38,0,8,42,274
CRISP - ARABI,1312,74,1245,981,121,0,50,0,0,42,46,9,0,45,62,157,1058,49,1012,831,112,0,41,1,0,0,15,2,0,16,46,114
CRISP - CONEY,1065,0,1069,1085,48,0,0,0,0,0,0,0,0,0,0,48,872,0,873,858,49,0,0,0,0,0,4,0,0,4,0,49
CRISP - CORDE,14587,541,14060,5230,8437,18,15,0,4,156,33,92,5,58,96,8592,10838,343,10507,4445,5867,11,10,2,0,108,31,6,0,41,5,5971
CRISP - JAMES,1164,0,1168,1058,92,0,0,0,5,0,0,23,0,0,23,95,987,0,988,909,74,0,0,0,0,0,0,9,0,0,10,74
CRISP - LISTO,1405,6,1370,1273,44,0,16,0,0,0,22,7,0,21,31,53,1071,6,1048,968,41,0,17,2,0,0,11,4,0,11,28,43
DADE - 1038,1036,27,1007,999,6,0,0,0,0,0,4,0,1,5,0,8,939,24,917,912,6,0,0,0,0,0,4,0,0,4,0,6
DADE - 1214,1506,40,1467,1424,0,0,0,0,0,15,24,0,0,24,0,15,1129,38,1091,1062,0,0,0,0,5,9,8,4,0,8,4,10
DADE - 1222,3122,14,3103,2859,6,0,0,0,0,176,56,9,0,56,9,187,2474,10,2461,2381,6,0,0,0,0,19,59,0,0,60,0,33
DADE - 1885,1063,0,1068,1028,0,0,0,5,0,15,17,0,0,17,0,10,778,0,781,758,0,0,0,0,0,8,11,0,0,10,0,0
DADE - 1889,2354,200,2153,2112,21,0,8,0,0,0,16,0,0,16,8,21,2137,138,1999,1955,24,0,4,0,0,1,18,0,0,18,4,24
DADE - 960,4168,133,4038,3851,39,0,131,0,0,5,38,0,6,44,132,49,3184,100,3083,2953,37,0,72,0,0,0,34,0,0,34,74,35
DADE - 974,2776,3,2772,2603,88,0,12,0,0,8,12,14,0,12,25,96,2155,10,2144,2049,53,0,13,0,0,0,11,0,0,11,11,55
DAWSON - 01,3135,55,3083,3032,0,0,0,0,0,10,19,0,0,19,0,10,2846,40,2807,2769,0,0,0,0,0,0,15,0,0,14,0,0
DAWSON - 02,13582,323,13254,12539,250,0,107,0,14,102,95,145,0,98,232,373,10507,199,10313,9809,134,7,106,0,13,85,89,59,0,96,168,234
DAWSON - 03,12661,1279,11384,10852,255,5,82,0,0,19,147,48,0,149,150,253,10047,757,9284,8867,218,0,70,0,0,20,121,22,0,122,89,223
DECATUR - 1277,776,68,715,494,220,8,0,0,0,0,19,0,0,26,0,226,608,0,601,417,193,6,0,0,0,0,8,0,0,13,0,190
DECATUR - 1325,1018,70,943,771,167,0,0,0,0,11,7,0,0,7,0,178,845,34,814,706,113,0,0,0,0,7,0,0,0,0,0,120
DECATUR - 1342,868,55,819,615,195,0,0,0,0,0,0,0,0,2,0,196,638,50,595,463,123,0,0,0,0,6,0,0,0,2,0,126
DECATUR - 1361,1343,76,1278,1143,145,0,0,0,0,0,9,0,0,10,0,146,964,21,935,777,150,0,0,0,0,0,4,0,0,6,0,152
DECATUR - 1613,1729,6,1719,1274,422,0,0,0,2,20,17,0,0,15,0,441,1377,7,1371,999,332,0,0,0,0,13,17,0,0,15,0,354
DECATUR - 1805,4431,39,4387,2753,1565,0,0,0,8,32,0,0,0,0,0,1597,3371,37,3325,1877,1403,0,0,0,5,36,6,0,0,6,0,1433
DECATUR - 513,4333,313,4021,1475,2252,3,16,0,0,171,57,0,14,73,16,2456,3027,193,2833,1250,1395,5,12,0,0,77,48,0,13,64,13,1509
DECATUR - 514,5502,34,5450,1710,3550,0,152,0,0,5,12,0,0,15,152,3550,3698,22,3693,1511,1993,0,157,0,5,0,5,0,0,8,157,1998
DECATUR - 694,2519,274,2249,796,1364,0,0,0,0,25,20,0,7,27,0,1393,2003,109,1888,666,1158,0,0,0,0,18,20,0,0,19,0,1173
DECATUR - 914,5950,402,5551,3154,2357,4,42,0,3,27,0,0,19,21,42,2385,4856,182,4677,2639,1999,0,43,0,3,33,0,5,16,15,47,2023
DEKALB - AA,3666,104,3562,343,3108,0,107,4,0,0,0,0,0,0,107,3108,2732,74,2658,338,2224,0,96,0,0,0,0,0,0,0,96,2224
DEKALB - AB,3057,231,2831,2507,181,0,48,0,17,39,2,99,4,8,116,203,2004,103,1911,1740,88,0,42,0,20,9,3,49,0,4,63,98
DEKALB - AD,3591,12,3579,3124,100,0,62,0,0,0,0,330,0,0,374,92,2578,15,2566,2426,90,0,44,0,0,0,0,32,0,0,79,87
DEKALB - AE,3209,40,3167,2789,379,0,62,0,33,30,6,58,3,5,109,420,2629,19,2606,2230,357,0,61,0,31,32,5,5,0,3,74,393
DEKALB - AF,2440,43,2400,237,2033,0,12,0,11,56,0,19,22,22,28,2111,2161,41,2125,206,1795,0,11,0,10,55,0,22,19,19,30,1867
DEKALB - AG,4200,170,4036,3087,216,0,420,0,11,37,19,202,0,19,635,252,3000,97,2925,2234,215,0,328,0,7,19,16,56,0,16,378,235
DEKALB - AH,5387,510,4885,2820,1533,0,521,0,52,13,23,29,0,23,532,1538,4380,417,3962,2487,1055,0,464,0,50,8,25,11,0,25,474,1057
DEKALB - AI,3570,182,3388,2560,682,0,85,0,29,5,0,67,0,0,164,690,2900,92,2807,2113,588,0,88,0,36,9,0,22,0,0,106,602
DEKALB - BB,5817,692,5125,3377,1267,0,124,0,131,105,20,96,10,30,221,1381,4491,565,3926,2565,1130,0,120,0,49,18,16,15,14,30,135,1162
DEKALB - BC,3392,502,2891,2052,259,0,394,0,21,42,38,63,0,38,470,301,2746,383,2359,1692,201,0,330,0,20,20,33,23,0,33,380,221
DEKALB - BD,2072,73,1995,1737,82,0,132,0,0,0,24,34,0,16,166,86,1600,66,1529,1270,83,0,139,0,0,0,24,17,0,24,157,87
DEKALB - BE,3983,1163,2521,1476,574,0,319,0,9,0,23,41,49,72,408,621,2635,286,2190,1268,472,0,316,0,5,0,27,37,47,74,358,529
DEKALB - BF,3360,396,2961,1364,1353,0,85,0,25,98,0,6,0,0,92,1473,2702,244,2459,1203,1111,0,75,0,22,27,0,9,0,0,80,1135
DEKALB - BG,4364,138,4235,3100,720,0,249,0,47,75,0,55,0,0,304,795,3332,139,3194,2293,607,0,207,0,4,24,0,56,0,0,263,631
DEKALB - BH,2949,472,2479,1256,854,0,333,0,2,14,6,29,0,4,359,869,2499,237,2258,1134,816,0,297,0,2,14,1,14,0,1,308,832
DEKALB - BI,5805,270,5588,4131,1158,0,146,0,0,0,0,127,0,0,281,1185,4611,191,4441,3326,936,0,141,0,0,0,0,27,0,0,191,933
DEKALB - BJ,4528,54,4472,206,3867,10,69,0,207,35,4,0,87,100,69,3971,3161,30,3124,152,2833,0,68,0,7,12,0,2,38,38,68,2884
DEKALB - BL,1988,18,1976,8,1942,0,0,0,0,5,0,0,0,0,0,1952,1410,4,1406,8,1373,0,0,0,0,0,0,0,0,0,0,1380
DEKALB - BM,5842,60,5782,196,5310,6,122,0,0,97,0,28,23,29,150,5430,4484,59,4425,190,4036,0,107,0,0,42,0,30,20,20,137,4098
DEKALB - BR,3950,94,3860,2050,1446,0,195,0,29,35,10,61,4,16,253,1490,3108,61,3052,1758,958,0,191,0,23,30,14,25,7,24,219,1003
DEKALB - CA,2081,116,1965,285,1622,0,0,0,18,6,0,0,34,34,0,1664,1873,95,1759,298,1431,0,0,0,17,2,0,0,21,19,2,1449
DEKALB - CB,1710,39,1667,42,1625,0,0,0,0,0,0,0,0,0,5,1632,1262,10,1253,39,1208,0,0,0,0,0,0,0,0,0,0,1213
DEKALB - CC,1202,32,1175,289,872,4,0,0,0,2,4,0,0,9,0,876,1115,32,1089,246,832,0,0,0,0,2,0,0,0,0,0,837
DEKALB - CD,5667,178,5475,204,5053,0,0,0,159,26,0,0,3,3,0,5072,3949,45,3894,207,3667,0,0,0,23,0,0,0,0,0,0,3663
DEKALB - CE,5423,2270,3143,1804,953,56,98,0,16,106,17,34,0,87,131,1068,3552,710,2861,1604,948,55,72,0,13,92,10,25,0,69,97,1035
DEKALB - CF,5130,47,5045,610,3957,0,139,0,24,239,27,0,26,53,139,4203,3937,10,3869,608,3000,0,134,0,18,52,8,0,27,35,134,3062
DEKALB - CG,3545,10,3532,179,3337,0,0,0,0,0,19,0,0,19,0,3335,3205,10,3191,143,3042,0,0,0,0,0,13,0,0,13,0,3040
DEKALB - CH,3837,373,3454,1677,1403,0,458,0,0,0,0,3,0,0,454,1391,3041,167,2863,1411,1107,0,385,0,0,0,0,1,0,0,384,1100
DEKALB - CI,3951,313,3626,2973,265,31,130,0,22,72,87,60,30,147,192,370,2800,252,2541,2137,223,5,68,0,24,31,62,3,28,106,78,278
DEKALB - CJ,3557,180,3369,2014,1107,0,190,4,14,0,7,33,0,7,227,1108,3195,161,3027,1850,967,0,165,0,0,0,12,33,0,12,202,970
DEKALB - CK,6360,94,6274,641,5194,0,169,0,0,44,1,41,27,29,209,5259,3981,89,3899,549,3089,0,100,0,0,5,1,9,23,31,111,3129
DEKALB - CL,1644,18,1621,231,1378,0,9,0,33,0,0,0,0,0,9,1376,1443,15,1421,231,1208,0,10,0,7,0,0,0,0,0,10,1207
DEKALB - CM,2494,48,2458,32,2416,0,0,0,0,0,0,0,0,0,0,2425,1936,4,1938,24,1905,0,0,0,0,0,0,0,0,0,0,1913
DEKALB - CN,4978,337,4645,2559,1699,0,227,0,57,50,0,18,6,5,251,1754,4013,247,3771,2308,1177,0,222,0,0,9,0,25,5,7,252,1190
DEKALB - CO,4059,1035,3021,1797,930,36,279,0,3,15,5,17,0,40,286,941,2784,496,2282,1697,332,0,226,0,1,13,0,10,2,4,231,345
DEKALB - CP,4029,168,3864,106,3651,0,15,0,0,78,0,0,0,0,14,3729,3261,109,3143,99,3018,0,18,0,0,0,0,0,0,0,17,3015
DEKALB - CQ,3461,134,3335,1096,2073,11,11,0,18,113,7,31,0,14,40,2184,2994,69,2928,947,1853,6,8,0,21,80,7,22,0,13,30,1935
DEKALB - CR,2339,10,2339,115,2178,7,0,0,0,5,0,0,0,7,0,2186,1551,4,1553,100,1391,8,0,0,0,9,0,0,0,8,0,1401
DEKALB - CS,5716,339,5396,386,5009,0,0,0,5,6,0,4,0,0,6,5007,4237,98,4152,260,3910,0,0,0,3,0,0,5,0,0,0,3901
DEKALB - CT,611,28,581,44,485,0,0,0,0,54,0,0,0,0,0,539,514,27,486,40,427,0,0,0,0,21,0,0,0,0,0,448
DEKALB - CU,2299,77,2225,839,995,15,289,0,9,48,0,10,2,19,298,1039,1847,53,1796,714,910,14,93,0,8,43,0,11,0,14,101,947
DEKALB - CV,3738,121,3630,2979,157,0,154,0,0,32,22,126,0,32,283,194,2900,80,2836,2314,154,0,151,3,0,21,10,12,3,23,156,182
DEKALB - CW,4073,227,3838,2698,622,0,324,0,18,0,33,141,4,39,464,625,3081,150,2934,2224,402,0,262,0,16,0,18,30,4,25,288,402
DEKALB - CX,5676,334,5337,4576,285,0,229,0,8,77,18,134,0,18,363,364,4195,165,4024,3484,281,0,171,0,6,18,18,44,0,18,215,299
DEKALB - CY,5516,228,5267,605,3365,0,821,0,120,39,10,75,130,130,930,3547,3163,85,3077,480,2025,0,355,0,50,17,11,54,37,37,425,2083
DEKALB - CZ,4370,305,4100,2858,619,0,578,0,3,28,115,72,0,99,645,618,3299,246,3114,2228,395,0,474,0,2,12,67,12,0,62,484,408
DEKALB - DA,6391,2604,3710,1289,864,0,1480,0,0,82,0,43,0,0,1503,919,4037,1017,2918,1099,684,0,1075,0,0,63,0,45,0,0,1098,732
DEKALB - DB,1592,636,958,458,82,0,337,0,0,60,0,18,0,0,362,135,1191,341,848,423,79,0,318,0,0,0,8,4,0,8,324,80
DEKALB - DC,8055,2349,5706,2900,1738,0,864,0,61,4,67,62,7,74,926,1750,5786,973,4814,2606,1461,6,540,4,62,0,64,58,12,82,598,1473
DEKALB - DD,2590,168,2396,1766,440,10,59,0,13,11,69,54,29,64,118,459,1673,65,1599,1178,356,9,30,0,0,6,13,24,0,17,51,365
DEKALB - DE,3674,230,3444,461,2827,0,156,0,1,0,0,2,0,0,158,2829,2933,29,2904,445,2348,4,101,0,1,0,0,3,0,4,105,2348
DEKALB - DF,5108,214,4882,2435,1345,0,679,0,6,159,0,188,10,24,859,1695,4048,196,3846,2062,1113,0,475,0,7,88,0,54,10,24,532,1261
DEKALB - DG,2123,19,2107,1797,0,0,212,0,31,15,0,35,0,0,247,15,1635,16,1619,1432,0,4,121,0,32,14,0,0,0,4,128,14
DEKALB - DH,4216,172,4048,2498,1061,14,271,0,6,33,11,52,0,13,315,1095,3909,136,3776,2265,1047,14,259,0,6,36,16,39,0,16,284,1083
DEKALB - DI,2957,57,2897,2670,33,0,109,0,0,9,0,54,0,0,164,55,2134,12,2121,1957,34,0,89,0,0,10,0,5,0,0,92,48
DEKALB - EA,5925,221,5700,2010,3476,18,28,0,0,44,55,72,0,74,91,3515,4195,100,4090,1590,2376,18,14,0,0,0,35,21,0,52,32,2374
DEKALB - EC,2613,696,1943,887,423,2,469,0,6,35,8,25,0,10,509,454,2041,421,1668,766,396,2,375,0,4,32,4,14,0,6,391,426
DEKALB - EF,4861,996,4012,2347,1150,0,291,17,33,0,17,87,0,17,389,1156,3496,336,3336,1925,1047,6,239,23,29,0,14,29,0,20,264,1048
DEKALB - EG,3706,284,3434,2837,228,0,212,0,0,84,16,44,0,16,279,306,3197,96,3115,2582,217,0,197,0,0,64,21,40,0,21,244,276
DEKALB - ER,3224,144,3088,2023,687,8,365,0,24,4,11,39,0,31,398,691,3145,134,3020,1995,667,8,353,0,24,0,10,37,0,32,386,666
DEKALB - FA,6059,330,5729,159,5170,9,0,0,114,251,0,0,26,35,0,5447,4179,79,4100,150,3771,0,0,0,35,119,0,0,25,25,0,3915
DEKALB - FB,2374,142,2227,1989,18,4,97,27,0,36,8,41,0,11,140,55,1875,93,1777,1602,10,0,93,24,0,6,8,21,0,8,125,16
DEKALB - FC,2069,65,2004,230,1664,0,0,0,0,108,0,0,0,0,0,1773,1704,65,1639,183,1429,0,0,0,0,25,0,0,0,0,0,1455
DEKALB - FE,3719,229,3493,261,3208,0,0,0,0,0,0,0,21,21,0,3231,3101,11,3094,255,2812,0,0,0,0,0,0,0,20,20,0,2834
DEKALB - FG,5264,651,4652,41,4464,0,0,0,76,37,0,0,27,28,0,4545,3752,468,3341,40,3176,0,4,0,36,44,0,0,28,28,4,3267
DEKALB - FJ,2175,0,2175,62,2091,0,0,0,0,24,0,0,0,0,0,2114,1836,6,1830,61,1747,0,0,0,0,24,0,0,0,0,0,1770
DEKALB - FK,2876,90,2767,59,2595,0,54,2,46,15,0,0,0,0,54,2615,2127,64,2049,40,1942,0,62,0,0,12,0,0,0,0,62,1954
DEKALB - FL,3319,91,3232,57,2967,0,11,0,15,79,0,0,11,9,11,3149,2380,45,2333,39,2097,0,12,0,8,111,0,0,14,11,12,2273
DEKALB - FM,3892,354,3530,630,2624,0,39,0,177,32,8,9,11,20,51,2731,2969,237,2732,444,2168,0,19,0,10,43,7,9,11,18,31,2255
DEKALB - GA,3366,97,3266,2402,594,0,170,0,11,35,27,26,11,42,199,621,2939,79,2857,2095,524,0,160,0,10,12,9,15,11,12,176,543
DEKALB - GB,2705,65,2615,171,2138,0,190,0,0,86,0,0,0,0,190,2232,2086,26,2050,175,1625,0,144,0,0,85,0,0,0,0,144,1713
DEKALB - GC,3757,252,3503,874,2371,16,38,0,18,176,4,4,0,15,42,2546,3140,102,3033,806,2015,12,35,4,18,139,0,0,0,8,35,2153
DEKALB - GD,5462,103,5372,2841,1947,0,381,0,26,202,0,0,31,17,391,1996,4075,101,3981,2302,1288,0,331,0,26,17,4,14,33,23,343,1288
DEKALB - GF,2138,19,2144,208,1862,0,54,0,47,0,0,0,0,0,57,1853,1798,20,1788,209,1498,0,51,0,49,0,0,0,0,0,54,1497
DEKALB - HA,5476,13,5463,453,4481,0,449,0,19,0,0,10,51,51,459,4532,3777,0,3777,445,3010,0,252,0,11,0,0,9,50,50,261,3060
DEKALB - HB,5094,428,4702,2297,2101,0,221,0,209,47,14,5,0,14,225,2154,4000,187,3885,1824,1840,6,226,0,72,17,11,8,5,22,229,1870
DEKALB - HC,4041,158,3871,2232,1122,0,381,0,27,53,0,33,0,0,413,1179,3414,131,3277,1939,928,0,325,0,26,21,0,12,0,0,337,949
DEKALB - HF,5495,848,4646,1905,1552,0,931,0,27,13,35,85,0,35,1025,1588,4219,354,3860,1714,1235,4,798,0,21,12,35,5,4,43,809,1254
DEKALB - HG,1932,111,1822,970,708,0,50,0,0,83,15,19,0,15,68,766,1491,89,1404,827,509,0,47,0,0,0,13,4,0,13,54,511
DEKALB - HH,4013,61,3912,98,3789,0,0,0,19,18,0,4,0,0,2,3815,3030,60,2944,97,2824,0,0,0,17,18,0,5,0,0,10,2843
DEKALB - HI,1623,95,1529,1091,317,0,98,0,0,4,25,27,0,25,110,321,1433,98,1335,961,308,0,40,1,0,15,22,30,0,22,53,323
DEKALB - IA,3274,198,3065,788,2167,0,67,0,0,6,0,9,0,0,79,2172,2966,85,2882,738,2064,0,55,0,0,0,0,0,0,0,54,2064
DEKALB - IB,4663,336,4363,508,2410,5,1258,0,10,38,19,110,0,34,1344,2446,2781,77,2712,370,1544,0,677,0,17,36,22,37,0,33,707,1580
DEKALB - JA,2026,223,1783,1604,11,0,98,0,0,0,0,89,0,0,163,18,1239,58,1169,1075,8,0,60,0,7,0,0,20,0,0,72,13
DEKALB - JB,5723,61,5644,1216,3504,25,909,0,14,125,3,51,11,38,949,3633,4164,43,4106,975,2448,26,684,0,0,87,5,29,19,43,704,2535
DEKALB - KA,3291,86,3205,411,2744,0,0,0,40,0,7,5,0,6,5,2743,2622,29,2593,410,2136,0,0,0,40,0,7,0,0,5,0,2135
DEKALB - KB,2944,78,2865,2610,56,0,141,0,0,21,13,0,0,15,132,88,2268,47,2213,2030,29,0,107,0,0,26,8,0,0,8,110,57
DEKALB - KC,1153,4,1149,175,901,19,0,0,0,54,0,0,0,19,0,955,1047,0,1047,166,839,15,0,0,0,27,0,0,0,15,0,866
DEKALB - KE,1806,54,1745,665,956,2,0,0,30,13,9,16,0,15,17,970,1606,50,1553,604,827,0,0,0,37,17,14,14,0,14,18,842
DEKALB - KG,2858,62,2804,2296,214,0,90,0,79,23,0,42,0,0,129,247,1921,21,1910,1650,132,0,69,0,17,0,0,14,0,0,78,131
DEKALB - LA,4374,760,3593,2675,502,0,191,0,0,16,6,17,0,14,210,504,3015,212,2741,2046,393,0,150,0,0,10,8,29,0,8,183,391
DEKALB - LB,2985,138,2840,2090,530,0,170,0,0,40,7,23,0,7,196,569,2629,129,2495,1792,536,0,171,6,0,10,13,13,0,13,186,535
DEKALB - LC,4004,148,3848,1948,1564,0,141,0,56,120,0,70,0,0,199,1682,3257,118,3137,1449,1400,0,97,0,63,58,0,74,0,0,143,1512
DEKALB - LD,2635,179,2454,75,2250,0,0,0,2,37,0,23,0,3,23,2334,1836,87,1774,73,1600,0,0,0,0,26,0,0,0,3,0,1677
DEKALB - LE,3189,201,2993,2517,241,0,158,0,0,38,28,21,0,28,179,277,2699,136,2569,2193,187,0,128,0,0,37,26,0,0,26,128,224
DEKALB - LH,4463,26,4437,88,4300,0,0,0,0,49,0,0,0,0,0,4349,3421,25,3396,83,3313,0,0,0,0,0,0,0,0,0,0,3313
DEKALB - LV,1130,70,1054,810,55,0,152,0,4,6,3,0,0,3,153,69,882,28,845,631,27,0,150,0,1,0,3,0,0,3,148,30
DEKALB - MA,3700,190,3507,175,3095,0,0,229,3,0,0,0,0,0,0,3096,2730,110,2618,168,2380,0,0,66,0,0,0,0,0,0,0,2382
DEKALB - MB,5266,702,4639,1527,2928,4,49,0,51,62,14,25,0,32,73,2980,4436,338,4122,1340,2610,0,54,0,42,62,14,19,5,31,71,2661
DEKALB - MC,5773,67,5712,4,5679,0,0,0,22,0,0,0,0,0,0,5691,4392,66,4332,11,4301,0,0,0,21,0,0,0,0,0,0,4309
DEKALB - MD,2097,58,2034,575,1322,0,32,0,4,16,20,25,24,44,53,1359,1854,26,1827,516,1182,0,36,1,0,5,20,21,25,47,54,1212
DEKALB - ME,5427,1510,3928,2215,1026,0,371,0,0,178,88,0,0,111,364,1238,3431,206,3229,1937,739,0,337,0,0,110,92,0,0,102,331,853
DEKALB - MF,3018,53,2959,6,2954,0,0,0,1,0,0,0,0,0,0,2949,2365,15,2348,3,2348,0,0,0,1,0,0,0,0,0,0,2343
DEKALB - MG,2309,222,2096,1801,158,0,52,0,0,19,20,37,0,20,88,174,1854,104,1753,1524,160,0,54,0,0,0,3,9,0,3,65,162
DEKALB - MH,3670,132,3546,2736,471,0,233,26,82,0,7,0,0,8,233,470,3070,81,2992,2230,484,0,232,25,23,0,7,0,0,7,232,482
DEKALB - MI,5773,99,5677,83,4786,25,0,0,0,777,0,0,5,30,0,5568,4302,89,4213,55,3500,20,0,0,0,638,0,0,0,20,0,4137
DEKALB - MJ,3408,1010,2319,1163,1006,0,58,5,0,47,11,30,0,11,88,1053,2523,474,1964,1047,840,0,50,0,0,0,6,17,0,11,67,841
DEKALB - MK,3558,190,3354,1416,1434,0,213,0,0,142,6,39,0,11,245,1598,2943,104,2833,1333,1147,0,212,0,0,17,3,11,0,8,218,1164
DEKALB - ML,3875,540,3258,772,2095,71,7,0,150,122,0,0,27,89,7,2254,3035,129,2888,755,1795,51,7,0,155,96,0,0,21,64,7,1930
DEKALB - MN,3206,94,3124,222,2545,0,159,0,27,0,0,6,24,24,169,2572,2165,50,2123,186,1656,0,121,0,31,0,0,1,30,30,117,1686
DEKALB - MO,2841,65,2777,871,1551,8,41,0,0,68,0,9,34,44,49,1651,2435,47,2392,816,1294,6,33,0,1,59,0,8,30,38,39,1382
DEKALB - MP,1901,71,1832,627,1126,9,19,0,0,3,12,35,3,24,64,1134,1476,40,1433,533,830,7,24,3,0,2,15,36,0,23,66,832
DEKALB - MQ,3590,148,3432,3019,84,0,248,0,7,5,28,49,0,28,313,92,2505,50,2451,2151,38,0,198,0,6,0,22,41,0,21,230,49
DEKALB - MR,3218,19,3206,86,3035,0,0,0,27,20,0,0,0,0,0,3090,2629,11,2627,90,2482,0,0,0,24,0,0,0,0,0,0,2511
DEKALB - MS,3152,43,3110,2543,139,0,426,0,0,8,7,8,0,7,433,147,2190,30,2162,1766,126,0,257,0,0,6,7,8,0,8,265,133
DEKALB - MT,3290,196,3088,1742,1022,0,152,0,121,25,2,28,20,21,176,1063,2739,110,2620,1399,947,0,144,0,114,28,2,1,15,12,138,982
DEKALB - MU,3358,228,3118,2331,303,4,382,0,85,9,5,27,0,9,411,310,2506,186,2318,1868,144,0,293,0,0,11,0,10,0,0,306,157
DEKALB - MV,2835,120,2714,127,2430,0,0,0,0,152,0,0,0,0,0,2580,2239,78,2160,70,1981,0,0,0,0,102,0,0,0,0,0,2083
DEKALB - MW,2185,21,2165,555,1242,0,275,0,0,40,44,0,9,53,275,1291,1721,22,1700,508,901,0,230,0,0,40,8,0,13,21,230,954
DEKALB - MZ,4131,124,4007,41,3881,11,48,0,0,22,4,0,0,15,48,3903,3443,53,3390,39,3275,9,51,0,0,16,0,0,0,9,51,3291
DEKALB - NB,3441,43,3386,1461,1453,0,329,9,0,104,23,9,0,23,340,1559,3056,42,3010,1343,1257,13,304,14,0,47,25,13,0,38,317,1303
DEKALB - NC,4081,229,3852,426,2676,0,686,0,0,64,0,0,0,0,686,2740,2957,142,2815,372,1797,0,581,0,0,65,0,0,0,0,581,1862
DEKALB - ND,1465,23,1447,1184,96,0,137,0,0,28,13,26,0,7,163,126,1198,14,1187,1000,79,0,133,0,0,8,11,0,0,6,133,87
DEKALB - NF,4161,2188,1983,1103,396,0,291,0,0,4,15,173,0,15,463,400,2170,620,1551,913,399,0,163,0,0,0,13,64,0,13,227,399
DEKALB - OA,2371,91,2281,1923,7,0,240,0,9,0,3,33,0,4,280,7,1745,47,1697,1500,8,0,127,0,6,0,0,5,0,0,134,8
DEKALB - OB,3467,1825,1663,408,308,0,804,0,0,35,0,67,0,0,883,379,2225,914,1320,382,252,0,598,0,0,11,0,51,0,0,666,277
DEKALB - OK,3584,452,3190,2192,619,0,157,0,67,36,21,88,0,36,244,675,2401,256,2156,1523,472,0,115,0,14,2,4,14,0,2,132,472
DEKALB - OV,5381,46,5362,151,5056,1,0,0,153,18,5,0,1,7,0,5080,3928,0,3952,144,3759,0,0,0,0,20,10,0,0,10,0,3784
DEKALB - PA,3535,248,3286,604,2421,0,13,0,0,266,0,0,0,0,13,2689,2853,149,2698,531,1978,0,15,0,0,189,0,0,0,0,15,2168
DEKALB - PB,5212,565,4675,1757,2209,0,506,9,0,142,9,48,0,9,550,2357,4282,303,4001,1554,1884,0,455,0,0,104,8,15,0,8,472,1994
DEKALB - PC,4150,135,4044,310,3631,0,0,0,5,96,6,0,9,7,0,3733,2638,47,2576,217,2309,0,0,0,3,58,0,0,9,7,0,2364
DEKALB - PE,483,7,464,637,82,1,5,0,1,11,0,9,0,1,11,89,408,8,397,602,55,0,5,0,3,3,0,0,0,0,12,55
DEKALB - PF,6628,1761,4919,1141,3510,3,85,0,51,45,0,108,21,22,176,3578,4692,691,4030,996,2820,2,65,0,49,51,0,50,19,21,115,2894
DEKALB - PG,3536,807,2698,1696,852,0,47,6,22,68,0,111,22,13,153,937,2299,200,2090,1372,702,0,41,7,5,49,0,35,21,12,81,771
DEKALB - PH,2216,128,2072,116,1823,0,36,0,5,0,0,24,42,44,74,1880,1527,82,1431,115,1269,0,39,0,4,0,0,0,16,16,39,1280
DEKALB - PI,2945,252,2694,82,2529,0,14,0,0,54,0,14,0,0,28,2586,2068,132,1932,82,1783,0,15,0,0,45,0,0,0,0,15,1832
DEKALB - PN,2603,131,2480,659,1579,0,26,0,0,0,1,20,199,200,44,1783,1961,120,1851,636,1140,0,18,0,0,0,2,18,69,71,34,1211
DEKALB - PR,3372,259,3108,43,3017,0,0,0,0,41,0,0,8,8,0,3053,2783,133,2645,46,2544,0,0,0,0,38,0,4,9,9,4,2583
DEKALB - RA,4251,3,4219,185,3712,0,122,0,0,255,0,0,88,90,122,3920,3098,0,3086,127,2625,0,120,0,0,223,0,0,84,87,120,2845
DEKALB - RC,3008,244,2785,41,2585,0,0,0,13,10,0,0,135,134,0,2722,2424,145,2294,42,2181,0,0,4,12,11,0,0,28,28,0,2228
DEKALB - RD,2477,422,2064,1722,200,0,48,0,7,85,30,39,0,31,94,261,1784,147,1640,1447,157,0,53,0,8,0,30,11,0,30,69,157
DEKALB - RE,3947,128,3816,608,2760,3,64,4,75,120,7,8,0,10,75,2883,2798,24,2769,497,1887,0,58,0,73,53,0,9,0,0,68,1942
DEKALB - RF,4636,25,4607,191,4249,0,0,0,18,12,0,0,105,107,0,4373,3534,13,3521,162,3202,0,0,0,16,12,0,0,101,103,0,3322
DEKALB - RG,6107,511,5596,521,4665,0,89,0,71,92,23,11,128,151,97,4885,5255,516,4740,503,3854,0,70,0,70,91,23,10,122,145,77,4067
DEKALB - RH,5146,51,5093,37,5018,0,0,0,14,11,8,0,9,23,0,5032,4009,41,3968,41,3900,0,0,0,16,0,0,0,8,8,0,3910
DEKALB - RI,5243,479,4787,268,4306,0,74,0,101,11,0,0,24,24,74,4338,4112,248,3890,267,3503,0,44,0,40,13,5,0,24,29,44,3536
DEKALB - RJ,2463,141,2325,178,1761,4,290,0,2,55,0,0,31,35,293,1851,1876,6,1870,146,1386,0,236,0,0,55,0,0,34,34,239,1480
DEKALB - RK,3134,0,3133,160,2938,0,22,0,0,0,0,19,0,0,41,2939,2403,0,2402,154,2230,0,21,0,0,0,0,0,0,0,21,2230
DEKALB - RL,5451,220,5178,241,4869,0,0,0,0,71,0,24,31,31,24,4932,4079,80,3953,241,3643,0,0,0,0,77,0,0,33,33,0,3715
DEKALB - RM,3038,89,2950,471,2453,14,12,0,0,4,0,24,11,25,23,2466,2487,22,2477,398,2054,13,11,0,0,0,0,0,12,25,12,2068
DEKALB - SA,3093,168,2925,2478,114,0,307,0,17,10,8,45,5,10,346,128,2439,97,2346,1975,99,0,259,0,16,0,3,18,7,7,278,112
DEKALB - SB,4061,555,3502,2693,316,0,426,0,0,45,12,22,0,12,448,363,3197,257,2938,2344,278,0,302,0,0,0,2,15,1,2,314,276
DEKALB - SC,3141,136,3006,746,1763,0,395,0,0,84,10,63,0,10,456,1848,2297,115,2185,627,1230,0,311,0,0,25,11,11,0,11,322,1257
DEKALB - SD,2734,180,2548,612,1842,0,11,0,8,0,36,5,0,64,15,1849,2316,26,2292,564,1649,0,5,0,7,0,13,0,0,26,7,1656
DEKALB - SE,5662,613,5036,3277,926,18,481,0,0,143,11,123,0,29,607,1069,4885,499,4361,2970,733,22,387,0,0,123,14,39,0,36,430,856
DEKALB - SF,3327,628,2963,2328,198,0,231,0,0,0,14,184,0,14,395,193,2210,248,2105,1706,134,0,225,0,0,0,13,15,0,13,244,132
DEKALB - SG,1717,113,1604,208,1392,0,0,0,0,1,0,0,0,0,0,1391,1520,127,1410,197,1195,0,0,0,0,3,0,4,0,2,2,1203
DEKALB - SH,2223,97,2126,1111,915,9,13,0,10,61,7,0,0,16,13,976,1880,83,1797,971,777,11,10,0,13,11,4,0,0,15,10,788
DEKALB - SI,4606,187,4427,588,3808,9,15,0,32,2,0,3,0,9,18,3810,3237,148,3088,575,2482,0,14,0,30,0,0,0,0,0,14,2483
DEKALB - SJ,6442,215,6227,302,5543,43,216,0,8,107,19,0,0,62,212,5667,4272,60,4211,273,3798,43,71,0,13,0,21,0,0,66,70,3807
DEKALB - SK,5380,89,5227,97,4970,0,128,0,11,18,0,0,23,26,128,5019,4429,61,4365,89,4156,0,92,0,10,39,0,0,15,20,92,4195
DEKALB - SL,4474,202,4264,263,3840,0,5,0,0,170,8,10,0,5,15,4005,3049,117,2929,257,2699,0,9,0,0,0,10,0,0,7,9,2691
DEKALB - SM,3515,87,3428,171,3115,0,0,0,0,5,152,0,0,151,0,3121,2876,27,2850,168,2612,0,0,0,0,0,88,0,0,88,0,2610
DEKALB - SN,1879,139,1750,1413,50,0,192,0,32,25,31,13,0,31,208,76,1268,33,1231,1096,39,0,62,0,0,0,12,8,0,12,73,46
DEKALB - SO,5155,229,4943,491,4394,0,0,0,0,26,0,0,27,27,0,4449,4071,106,3978,388,3529,0,0,0,0,24,0,0,30,30,0,3585
DEKALB - SP,4195,65,4133,291,3746,0,80,0,0,45,0,12,17,15,94,3807,3056,51,2993,287,2686,0,21,0,0,14,0,15,23,20,34,2725
DEKALB - SQ,1949,44,1906,380,1361,11,19,0,28,0,0,5,100,113,24,1450,1605,29,1585,325,1165,7,18,0,25,0,0,6,44,52,21,1201
DEKALB - SR,3291,158,3137,224,2895,0,0,0,0,14,0,7,0,0,2,2902,2020,61,1960,169,1774,0,0,0,0,14,0,10,0,0,10,1783
DEKALB - SS,1632,18,1624,130,1496,0,0,0,1,0,3,0,0,4,0,1498,1322,14,1317,119,1202,0,0,0,0,0,0,0,0,0,0,1204
DEKALB - ST,4716,183,4534,206,4044,6,126,0,81,38,6,0,13,25,126,4095,3726,47,3679,184,3289,7,74,0,60,34,0,0,9,16,74,3331
DEKALB - SU,5157,214,4948,249,4534,0,2,0,18,130,11,4,0,10,3,4596,3936,135,3800,178,3548,0,3,0,1,88,9,4,0,9,4,3598
DEKALB - SV,4359,323,4093,187,3563,0,255,0,0,67,22,0,0,18,255,3616,3523,78,3446,191,3002,0,196,0,0,26,22,0,0,17,196,3040
DEKALB - SW,5337,34,5304,341,4262,53,5,0,84,473,0,0,83,136,5,4819,3978,33,3947,340,3388,54,0,0,87,0,0,0,84,138,0,3475
DEKALB - SY,5890,96,5812,13,5679,0,40,2,53,0,0,0,0,0,40,5693,4866,92,4788,6,4701,0,31,0,24,21,0,2,0,0,35,4722
DEKALB - TA,2470,156,2311,889,1350,0,53,0,0,25,13,16,0,13,73,1377,2308,132,2174,863,1243,0,59,0,0,25,14,15,0,14,77,1269
DEKALB - TC,1820,53,1766,252,1206,130,0,0,51,80,0,0,38,168,0,1326,1507,50,1454,222,977,128,0,0,0,79,0,0,41,169,0,1098
DEKALB - TF,4294,432,3784,2362,1167,4,229,0,15,40,26,4,0,35,235,1199,3471,287,3113,2180,765,4,175,0,15,12,31,4,0,37,179,777
DEKALB - TG,2335,66,2263,1750,106,0,242,0,0,44,29,8,0,27,272,139,1718,51,1666,1299,64,0,199,0,0,37,19,4,0,19,203,87
DEKALB - TH,3324,295,3026,1539,1076,0,190,5,0,112,35,51,0,33,242,1189,2581,172,2410,1296,862,0,167,0,0,0,32,38,0,30,209,856
DEKALB - VB,1062,54,1007,850,59,0,48,0,0,78,30,0,0,7,53,99,939,31,907,794,53,0,52,0,0,12,13,0,0,3,56,61
DEKALB - WA,4382,110,4268,494,3684,0,22,0,0,59,3,13,6,8,35,3745,3457,93,3361,465,2830,0,23,0,0,30,4,16,9,13,39,2865
DEKALB - WB,2913,19,2899,172,2724,0,0,0,0,0,0,0,0,0,0,2725,2563,18,2544,174,2364,5,0,0,0,0,0,0,0,5,0,2365
DEKALB - WD,5214,105,5108,53,5006,9,0,0,24,30,0,0,9,18,0,5047,3988,101,3886,55,3778,7,0,0,21,30,0,4,9,16,4,3814
DEKALB - WF,2657,103,2549,2025,294,0,98,0,0,14,0,30,0,26,128,322,1733,64,1671,1375,181,0,91,0,0,1,12,0,0,16,84,185
DEKALB - WG,4988,125,4863,349,4381,13,101,4,0,15,0,0,0,13,101,4396,4074,48,4026,347,3574,17,72,0,0,16,0,0,0,17,72,3590
DEKALB - WI,2366,599,1616,861,476,0,86,20,29,183,19,15,0,19,91,656,1538,138,1221,718,408,0,88,19,8,0,17,0,0,17,92,409
DEKALB - WJ,3792,350,3537,1934,893,9,395,0,31,111,38,13,0,48,428,1008,3153,125,3123,1738,778,9,361,3,31,151,44,10,2,48,391,877
DEKALB - WK,2949,368,2581,105,2265,0,0,31,13,167,0,0,0,0,0,2432,2313,233,2080,102,1937,0,0,30,11,0,0,0,0,0,0,1937
DEKALB - WL,1111,60,1051,732,67,0,180,0,0,23,12,37,0,12,217,90,946,25,921,688,70,0,154,0,0,0,9,0,0,9,154,70
DEKALB - WN,3627,72,3557,233,3228,0,0,0,0,7,75,0,0,47,0,3223,3283,74,3209,221,2945,0,0,0,6,0,39,0,0,26,0,2936
DEKALB - YA,2613,25,2584,15,2403,0,10,5,38,74,0,10,31,31,20,2505,2239,16,2227,10,2049,0,14,7,44,78,0,0,32,32,14,2156
DODGE - CHAUN,584,12,576,365,147,0,0,0,0,2,0,0,1,0,0,151,451,10,440,303,116,0,0,0,0,0,0,0,1,0,0,120
DODGE - CLARK,127,5,122,113,2,0,0,0,0,0,0,0,0,0,0,4,110,8,104,98,2,0,0,0,0,0,0,0,0,0,0,2
DODGE - EDDIN,1386,25,1360,955,450,0,0,0,0,0,0,0,0,0,0,454,1050,21,1029,734,343,0,0,0,0,0,0,0,0,0,0,343
DODGE - EMPIR,633,14,619,511,73,0,0,0,0,10,1,0,0,1,0,80,539,0,536,428,78,0,0,0,0,0,0,0,0,0,0,78
DODGE - JAYBI,256,8,248,173,81,0,0,0,0,0,0,0,0,0,0,79,231,9,221,154,70,0,0,0,0,0,0,0,0,0,0,70
DODGE - JONES,757,78,689,682,28,0,3,0,0,0,0,0,0,0,3,27,558,6,551,537,23,0,8,0,0,0,0,0,0,0,8,22
DODGE - LEE,7804,155,7654,4741,2768,24,5,0,0,59,29,0,28,80,5,2856,6139,137,6012,3829,2058,21,0,3,0,47,25,0,18,65,0,2128
DODGE - MCCRA,556,1,548,310,173,0,0,0,0,9,0,0,0,0,0,188,433,0,432,236,142,0,0,0,0,0,0,0,0,0,0,149
DODGE - MILAN,635,0,633,308,380,0,0,0,0,0,0,0,0,0,0,372,453,0,454,250,211,0,0,0,0,0,0,0,0,0,0,208
DODGE - MITCH,630,25,608,451,211,0,0,0,0,13,0,0,0,0,0,223,517,9,508,369,198,0,0,1,0,0,0,0,0,0,0,198
DODGE - MULLI,2223,62,2166,1144,961,0,0,0,22,0,14,0,13,21,0,974,2031,54,1971,1021,901,5,4,0,22,0,2,0,14,6,4,916
DODGE - PLAIN,725,24,689,630,65,0,0,0,0,0,0,0,0,0,0,67,599,6,596,576,26,0,0,0,0,0,2,0,0,3,0,25
DODGE - PONDT,989,24,967,589,387,0,0,0,5,17,0,0,0,0,0,404,845,14,830,476,408,0,0,0,0,0,0,0,0,0,0,402
DODGE - RAWLI,1509,21,1481,1104,306,8,0,0,0,0,0,0,0,10,0,306,1297,0,1294,1004,217,7,0,0,0,0,0,0,0,7,0,213
DODGE - VILUL,217,11,205,168,23,0,0,0,0,2,0,0,0,0,0,24,167,5,162,134,9,0,0,0,0,0,0,0,0,0,0,9
DODGE - YONKE,461,6,456,374,65,0,0,0,0,0,17,0,1,24,0,66,376,5,372,303,65,0,1,0,0,0,11,0,1,26,1,65
DOOLY - 10,719,26,691,316,364,0,0,0,0,0,0,0,0,1,0,367,497,10,486,246,236,0,0,0,0,0,0,0,0,1,0,238
DOOLY - 2,1070,53,1020,445,456,0,0,0,0,0,31,0,77,108,0,534,862,8,855,389,378,0,0,0,0,0,26,0,51,77,0,427
DOOLY - 5,4053,340,3721,1817,1796,0,0,0,4,42,36,0,8,43,0,1846,3746,258,3498,1666,1736,0,0,0,0,44,33,0,9,42,0,1791
DOOLY - 7,3887,135,3735,1534,2145,15,0,0,0,0,0,0,70,81,0,2207,3062,12,3039,1347,1622,13,0,0,0,0,3,0,72,86,0,1690
DOOLY - 8,925,42,891,469,408,0,0,0,0,20,0,0,5,9,0,437,767,32,736,395,335,0,0,0,0,8,1,0,4,6,0,349
DOUGHERTY - 02,4338,46,4290,1887,2298,0,30,0,0,42,35,4,35,70,26,2368,3356,40,3318,1496,1786,4,0,0,0,0,29,0,5,38,0,1788
DOUGHERTY - 03,3369,17,3356,1019,2261,0,9,0,0,24,4,5,14,19,22,2300,2382,16,2368,958,1369,0,0,0,0,27,3,0,16,20,0,1417
DOUGHERTY - 04,4790,0,4784,1800,3190,0,24,0,0,15,5,14,0,5,37,3207,3609,0,3602,1473,2266,0,21,0,0,0,6,2,0,7,24,2274
DOUGHERTY - 05,7243,200,7041,2041,4835,0,68,0,3,82,4,0,17,21,70,4934,5655,135,5521,1737,3637,0,70,0,7,56,4,4,18,22,74,3709
DOUGHERTY - 06,3014,12,3003,1367,1467,27,31,0,14,65,2,0,0,28,29,1538,2228,5,2218,1145,959,17,28,0,16,32,2,0,0,18,28,991
DOUGHERTY - 07,6175,214,5960,1177,4365,0,42,0,35,132,0,58,10,10,106,4506,4472,42,4433,961,3205,0,28,0,40,68,0,59,8,8,86,3277
DOUGHERTY - 08,3776,34,3735,218,3542,0,0,0,0,0,2,0,0,1,0,3543,3003,32,2970,205,2809,0,0,0,0,0,3,0,0,3,0,2809
DOUGHERTY - 09,1554,9,1513,1086,534,0,40,0,32,2,3,0,19,17,40,543,1286,0,1266,927,422,0,22,0,0,0,5,0,23,20,22,432
DOUGHERTY - 10,4567,15,4554,5,4412,10,0,0,0,50,0,0,5,15,0,4474,3418,18,3401,4,3349,12,4,0,0,0,0,0,0,12,4,3359
DOUGHERTY - 11,982,0,993,42,866,0,0,0,0,0,0,0,0,1,0,862,857,0,866,40,738,0,0,0,0,0,0,0,0,1,0,736
DOUGHERTY - 12,1859,1,1859,62,1744,0,0,0,0,58,0,0,0,0,0,1799,1545,2,1543,41,1502,9,0,0,0,0,0,0,0,9,0,1497
DOUGHERTY - 13,1626,10,1612,50,1562,0,0,0,0,0,0,0,0,0,0,1566,1186,11,1172,50,1116,4,0,0,0,0,0,0,0,4,0,1120
DOUGHERTY - 14,1466,0,1467,58,1407,0,0,0,0,0,0,0,0,0,0,1407,1136,0,1138,49,1091,0,0,0,0,0,0,0,0,0,0,1091
DOUGHERTY - 15,6196,181,6017,2328,3532,23,0,0,17,78,27,6,0,50,6,3611,4695,53,4644,1837,2710,26,0,0,0,31,28,7,0,54,7,2741
DOUGHERTY - 16,1228,1,1224,98,1019,0,0,0,0,175,0,0,10,10,2,1131,834,1,828,96,674,0,0,0,0,48,0,0,0,0,2,729
DOUGHERTY - 17,2750,0,2753,0,2730,0,0,0,0,31,0,0,0,0,0,2761,2377,0,2379,0,2353,0,0,0,0,53,0,0,0,0,0,2387
DOUGHERTY - 18,3678,59,3631,62,3589,0,0,4,0,1,0,0,0,0,0,3600,2302,51,2268,60,2216,0,4,0,0,1,0,0,0,0,4,2221
DOUGHERTY - 19,1005,45,937,276,657,0,0,0,0,0,0,0,0,0,0,659,704,0,688,254,438,0,0,0,0,0,0,0,0,0,0,440
DOUGHERTY - 20,3846,100,3760,1768,1762,0,64,0,99,4,55,12,14,69,76,1782,3189,68,3120,1546,1450,0,64,0,13,0,59,9,12,71,73,1463
DOUGHERTY - 21,1432,171,1241,485,717,0,7,0,0,3,5,8,0,6,20,719,985,72,901,389,471,0,8,0,0,6,4,0,0,5,14,471
DOUGHERTY - 22,4978,59,4929,548,4076,0,0,0,0,189,0,67,11,21,67,4351,3097,19,3077,528,2405,0,0,0,0,93,6,43,0,15,43,2525
DOUGHERTY - 23,2927,281,2645,984,1501,0,0,0,0,28,14,27,51,54,20,1576,2403,147,2267,869,1275,0,0,0,4,21,14,28,48,52,20,1331
DOUGHERTY - 24,3735,206,3529,221,3240,0,5,0,14,5,40,0,4,44,5,3249,2760,90,2670,217,2384,0,11,6,15,0,37,0,0,37,11,2384
DOUGHERTY - 25,2173,106,2095,1280,641,0,22,0,0,0,3,23,0,3,40,641,1758,58,1709,980,575,0,20,0,0,0,6,4,0,5,24,572
DOUGHERTY - 26,1091,0,1095,90,919,0,0,0,0,4,0,15,0,5,15,928,940,0,945,62,816,0,0,0,0,10,0,15,0,7,15,831
DOUGHERTY - 28,2000,67,1941,159,1720,6,0,0,0,7,6,7,5,17,7,1721,1710,67,1648,163,1418,8,0,0,0,8,6,5,6,20,5,1429
DOUGLAS - 1258,7728,652,7062,3239,3110,0,75,5,293,228,52,22,0,56,97,3317,6016,387,5592,2585,2593,0,70,0,189,34,48,23,5,53,93,2640
DOUGLAS - 1259,2344,268,2087,567,1486,4,50,0,0,46,6,0,7,13,49,1554,1695,179,1566,519,1082,0,15,0,0,0,3,0,0,1,15,1074
DOUGLAS - 1260,6468,339,6127,4159,1687,9,133,0,22,60,38,27,0,47,160,1743,4782,267,4513,3094,1293,0,53,0,26,0,24,30,0,24,83,1292
DOUGLAS - 1270,8065,874,7191,1063,5765,5,33,0,68,89,0,78,90,95,111,5944,5987,356,5631,882,4469,0,39,0,72,85,0,84,0,0,123,4554
DOUGLAS - 1271,6565,337,6230,3929,1939,16,185,0,6,123,32,0,5,52,185,2076,4794,194,4591,3034,1331,14,90,0,2,97,37,0,0,50,90,1429
DOUGLAS - 1272,7672,624,7035,4373,2140,0,389,0,0,85,68,15,12,89,406,2227,5487,283,5195,3246,1653,0,206,0,0,16,67,16,9,84,218,1671
DOUGLAS - 1273,6179,1473,4756,2402,2032,8,107,0,107,63,49,0,29,76,106,2107,4488,504,3946,2103,1613,7,89,0,77,0,49,0,17,73,89,1620
DOUGLAS - 1274,3122,875,2263,1404,727,37,48,0,0,38,0,0,0,37,48,783,2384,356,1999,1223,625,44,49,0,0,27,4,0,0,47,49,683
DOUGLAS - 1275,10123,956,9125,1618,6792,2,323,0,119,273,13,14,28,43,296,7070,7722,648,7073,1464,5120,1,322,0,107,73,17,15,30,49,303,5196
DOUGLAS - 1276,4260,1102,3189,1266,1755,0,39,0,20,18,0,0,0,0,80,1775,2933,541,2421,905,1381,0,39,0,22,0,0,0,0,0,73,1377
DOUGLAS - 729,7900,623,7277,851,5892,0,0,0,21,452,0,61,0,0,61,6344,5402,387,5015,808,3981,0,0,0,19,184,0,23,0,0,23,4165
DOUGLAS - 730,9705,676,9029,3327,5331,26,12,0,37,176,70,50,0,96,62,5507,7154,497,6657,2896,3466,17,12,0,10,134,68,50,4,89,62,3604
DOUGLAS - 731,4666,607,4002,2093,1750,5,18,0,9,49,27,0,11,55,19,1822,3604,247,3394,1838,1459,2,17,0,2,25,24,0,22,49,17,1511
DOUGLAS - 732,4963,85,4885,1131,3664,0,0,0,0,61,19,0,9,26,0,3739,3496,77,3420,806,2560,0,0,0,0,34,9,0,7,15,0,2606
DOUGLAS - 733,3579,346,3241,1245,1526,0,0,113,129,130,19,0,120,139,0,1734,2702,61,2651,1069,1314,0,0,111,0,85,18,0,77,95,0,1452
DOUGLAS - 734,3175,368,2814,1303,1186,0,147,0,0,84,0,0,0,0,152,1274,2364,171,2190,1152,868,0,61,0,0,51,0,0,0,0,68,918
DOUGLAS - 735,4568,430,4155,2259,1539,0,230,0,0,132,27,3,0,26,224,1674,3424,198,3234,1895,1087,0,137,0,0,119,19,6,0,18,137,1213
DOUGLAS - 736N,6824,663,6159,1180,4528,0,45,12,29,359,7,0,0,10,45,4889,4799,587,4212,1000,3017,0,21,13,9,145,7,0,0,10,21,3163
DOUGLAS - 736S,7515,925,6597,1967,4456,0,36,0,0,43,17,36,15,25,75,4514,5444,407,5042,1454,3493,0,39,0,0,9,8,11,15,19,53,3519
DOUGLAS - 737,5657,519,5122,1452,3587,0,17,0,15,24,19,0,29,50,15,3643,4432,384,4035,1126,2834,0,14,0,7,27,10,2,29,40,16,2887
DOUGLAS - 738,2697,294,2380,1010,1005,0,33,0,0,276,0,0,0,0,33,1327,1768,291,1464,781,497,0,31,0,0,127,0,0,0,0,31,647
DOUGLAS - 739,5368,561,4809,1888,2477,0,310,0,85,0,48,0,0,45,310,2475,3979,512,3467,1629,1456,0,248,0,89,0,45,0,0,42,248,1455
DOUGLAS - 740,2491,5,2501,788,1563,0,7,0,11,120,12,0,0,10,9,1676,1920,11,1923,665,1157,0,8,0,6,66,9,2,0,8,10,1224
DOUGLAS - 784,5546,474,5068,1666,3282,0,20,15,0,90,17,0,0,17,20,3379,4384,204,4180,1426,2676,0,21,13,0,40,25,0,0,25,21,2718
DOUGLAS - 785,4537,258,4279,652,3233,84,6,0,135,139,0,0,30,114,6,3402,3449,200,3249,547,2494,21,5,0,116,36,0,0,30,51,5,2560
EARLY - A,847,14,834,329,503,0,0,0,0,0,5,0,0,5,0,503,662,11,651,306,337,0,0,5,0,4,0,0,0,0,0,341
EARLY - B,5529,7,5551,1544,3956,0,47,0,0,36,3,0,0,3,41,3983,3986,4,3993,1291,2666,0,45,0,1,34,0,0,0,0,45,2699
EARLY - CS,1732,6,1726,1235,354,3,0,0,0,123,65,0,9,77,0,472,1335,10,1332,961,321,0,0,0,0,19,53,0,8,59,0,349
EARLY - CUBA,1537,0,1513,822,634,2,0,0,0,8,6,0,0,8,6,659,1284,0,1266,680,533,0,0,0,0,0,2,0,0,4,0,530
EARLY - U,890,1,883,627,193,0,0,0,0,3,0,0,0,0,0,202,686,0,686,509,145,0,0,0,3,5,0,0,0,0,0,153
ECHOLS - 1058,3369,589,2780,2307,230,5,144,0,0,94,0,0,0,5,144,324,2238,302,1936,1708,228,0,0,0,0,0,0,0,0,0,0,228
EFFINGHAM - 1A,3761,404,3371,3020,195,24,26,0,0,11,22,20,0,45,48,208,2738,212,2538,2280,168,26,0,0,0,21,20,5,0,45,5,169
EFFINGHAM - 1B,3570,110,3458,3212,46,0,54,66,0,43,35,40,0,39,83,94,2578,84,2502,2331,54,0,39,68,0,0,21,14,0,24,56,50
EFFINGHAM - 1C,2708,276,2436,2240,42,0,0,27,0,62,0,35,0,0,45,99,1960,119,1847,1726,37,0,0,28,0,0,0,44,0,0,41,40
EFFINGHAM - 1D,3543,125,3427,3204,92,0,0,0,12,40,40,32,0,39,29,122,2901,85,2826,2728,45,0,0,0,0,0,36,29,0,36,28,46
EFFINGHAM - 2A,3299,136,3153,2338,666,0,0,0,0,132,7,35,0,7,38,807,2244,69,2157,1800,295,0,0,0,0,0,5,38,0,5,39,313
EFFINGHAM - 2B,1789,7,1797,1479,151,0,33,0,0,43,9,0,0,9,37,192,1409,6,1415,1225,102,0,33,0,0,0,11,0,0,13,33,98
EFFINGHAM - 2C,4280,72,4259,3320,661,0,61,0,0,75,2,42,0,14,141,732,3184,38,3173,2440,620,0,51,0,0,10,1,15,0,7,80,633
EFFINGHAM - 2D,3540,282,3258,2656,585,0,0,0,0,0,17,0,0,17,0,585,2407,155,2252,1883,369,0,0,0,0,0,0,0,0,0,0,369
EFFINGHAM - 3A,1625,57,1570,1288,276,8,0,0,5,3,0,0,0,7,0,278,1384,41,1346,1064,272,10,0,0,5,5,0,0,0,7,0,276
EFFINGHAM - 3B,3311,44,3268,2842,420,4,0,0,6,1,0,0,0,5,0,424,2514,26,2486,2107,405,4,0,0,5,0,0,0,0,7,0,408
EFFINGHAM - 3C,2678,57,2619,1848,731,11,0,0,3,0,0,29,0,22,29,764,2061,9,2046,1324,694,7,0,0,3,0,0,7,0,16,7,696
EFFINGHAM - 3D,4442,398,4040,2905,923,24,78,0,0,171,40,6,36,100,83,1030,3050,111,2935,2155,694,24,63,0,0,7,5,5,35,82,68,731
EFFINGHAM - 3E,1750,205,1521,1443,86,0,0,0,0,3,0,0,0,0,0,90,1138,115,1011,966,50,0,0,0,0,0,0,0,0,0,0,51
EFFINGHAM - 4A,5492,97,5391,3972,980,0,5,0,2,123,63,4,0,43,11,1209,4285,89,4197,3160,835,0,7,0,0,0,75,0,0,39,6,861
EFFINGHAM - 4B,4251,166,4040,2728,1110,0,0,0,0,167,14,102,13,13,77,1340,2814,106,2688,1909,732,0,0,0,0,48,5,30,6,5,20,803
EFFINGHAM - 4C,3273,175,3111,2563,406,0,0,0,0,73,30,25,16,53,15,495,2496,70,2427,2053,321,0,0,0,0,9,23,7,13,43,3,345
EFFINGHAM - 5A,3939,173,3765,2983,701,6,8,0,1,101,58,3,0,68,12,739,3106,116,2972,2384,523,4,6,0,0,39,48,0,0,54,7,531
EFFINGHAM - 5B,3571,377,3173,2487,495,2,112,0,63,24,34,1,0,34,105,486,2540,284,2255,1736,433,2,80,0,0,11,24,0,0,25,79,434
EFFINGHAM - 5C,4308,195,4128,2840,1022,10,69,0,65,14,42,62,0,52,136,1033,2958,119,2843,1992,732,7,38,4,33,8,9,10,0,16,49,738
EFFINGHAM - 5D,2358,79,2268,1867,272,6,44,0,0,99,11,13,0,17,50,383,1708,75,1630,1392,177,11,57,0,0,8,11,0,0,19,57,186
ELBERT - 189,6120,318,5829,2839,2506,2,132,0,4,16,178,4,22,193,134,2546,4507,150,4386,2269,1742,4,125,5,0,0,117,6,23,141,129,1764
ELBERT - 190,948,25,890,621,158,1,0,3,0,22,0,0,0,0,0,180,770,0,737,525,150,0,0,0,0,0,0,0,0,0,0,151
ELBERT - 191,1478,9,1419,930,205,2,3,2,0,11,0,0,0,64,2,218,1162,0,1124,829,127,0,3,0,0,0,0,0,0,41,2,127
ELBERT - 192,618,225,438,285,167,0,0,0,0,0,0,0,0,0,0,168,543,224,361,213,163,0,0,0,0,0,0,0,0,0,0,163
ELBERT - 193,1454,26,1434,1006,224,0,0,0,0,0,526,0,0,474,3,222,1163,7,1154,874,148,0,0,0,0,0,343,0,0,305,3,145
ELBERT - 196,753,1,751,697,2,0,0,0,0,0,4,0,0,8,0,1,650,0,645,601,2,0,0,0,0,0,0,0,0,6,0,2
ELBERT - 197,2447,64,2380,1516,643,0,33,0,0,0,0,0,194,194,33,837,1895,13,1883,1143,582,0,11,0,0,0,0,0,144,144,11,726
ELBERT - 199,993,5,999,995,21,40,0,0,0,0,0,0,0,32,0,20,769,4,774,758,23,38,0,0,0,0,0,0,0,28,0,22
ELBERT - 201,2609,112,2492,1954,461,47,27,0,0,0,25,4,0,72,31,461,2155,51,2108,1592,454,50,18,0,0,0,16,0,0,66,18,454
ELBERT - 202,803,12,797,894,40,0,0,0,0,0,0,0,0,0,0,43,615,8,609,671,37,0,0,0,0,0,0,0,0,0,0,39
ELBERT - 315,1273,56,1214,838,253,0,20,0,0,66,0,0,0,4,20,315,940,6,925,696,145,0,17,0,0,42,0,0,0,4,17,189
EMANUEL - 0050,907,35,893,809,42,0,0,0,0,21,20,0,0,24,0,55,612,17,608,593,16,0,0,0,0,0,20,0,0,24,0,17
EMANUEL - 0052,451,3,443,151,321,0,0,0,0,0,0,0,0,0,0,320,327,0,327,106,245,0,0,0,0,0,0,0,0,0,0,243
EMANUEL - 0053,11880,574,11314,5843,4824,8,190,0,61,134,215,0,93,321,190,5043,8657,264,8399,4563,3355,6,128,0,57,28,167,0,96,271,128,3475
EMANUEL - 0057,847,38,813,557,230,0,0,0,0,2,0,0,7,25,0,244,597,12,587,387,173,0,0,0,0,2,0,0,5,24,0,188
EMANUEL - 0058,1175,28,1139,686,349,0,0,0,24,27,95,0,0,92,0,388,751,11,737,452,238,0,0,0,15,7,35,0,0,34,0,247
EMANUEL - 1208,1123,25,1087,892,40,0,0,0,4,13,35,0,0,29,0,66,842,9,822,733,26,0,0,0,5,1,36,0,0,31,0,30
EMANUEL - 1333,767,12,756,608,91,0,0,0,4,15,0,0,20,5,0,123,668,2,667,522,82,0,0,0,4,14,0,0,22,5,0,113
EMANUEL - 1429,701,6,694,588,98,0,0,0,0,0,0,0,0,0,0,97,504,6,498,428,65,0,0,0,0,0,0,0,0,0,0,65
EMANUEL - 1502,687,44,637,563,32,0,4,0,0,0,27,0,0,25,4,32,511,17,487,423,25,0,0,0,0,0,27,0,0,25,0,26
EMANUEL - 1560,2873,25,2845,1577,1138,0,4,0,36,6,107,0,4,110,4,1146,2477,26,2450,1357,988,0,0,0,40,7,76,0,5,81,0,996
EMANUEL - 1748,1241,5,1236,1143,86,0,0,0,0,13,0,0,0,0,0,92,984,0,984,916,70,0,0,0,0,0,0,0,0,0,0,70
EVANS - 11,10394,1060,9334,5951,2938,7,97,0,0,156,142,0,43,192,97,3137,7697,494,7203,4734,2182,5,60,4,6,59,110,0,43,158,60,2284
FANNIN - COLW,1511,12,1502,1388,15,0,1,0,8,61,24,0,0,24,1,86,1368,5,1359,1302,12,0,0,0,4,9,22,0,0,22,0,24
FANNIN - FAIR,1703,37,1663,1632,0,0,16,0,0,0,5,0,2,6,20,2,1381,30,1344,1315,0,0,16,0,0,0,4,0,0,4,20,0
FANNIN - FLIN,5254,337,4903,4725,0,0,5,0,0,7,145,23,0,144,27,7,3993,132,3860,3740,0,0,0,0,5,8,90,16,0,88,16,8
FANNIN - HEMP,1340,28,1318,1259,37,0,6,4,0,0,4,0,0,5,5,38,1222,24,1202,1161,27,0,6,0,0,0,4,0,0,4,5,27
FANNIN - HOTH,1417,4,1417,1373,0,0,2,0,0,7,30,0,0,31,2,7,1099,0,1100,1059,0,0,0,0,0,5,30,0,0,32,0,5
FANNIN - MINE,2406,65,2337,2308,0,0,35,0,0,0,11,0,2,13,33,0,2029,65,1964,1934,0,0,37,0,0,0,10,0,0,11,34,0
FANNIN - MOBI,1475,0,1477,1470,0,0,0,0,0,10,1,0,0,1,0,0,1278,0,1283,1281,0,0,0,0,0,3,1,0,0,1,0,0
FANNIN - MORG,2011,57,1961,1912,3,11,6,0,0,0,27,0,0,37,4,4,1675,48,1631,1579,3,12,6,0,0,0,26,0,0,37,4,4
FANNIN - NOON,914,3,908,806,1,0,109,0,0,0,3,13,0,4,123,1,884,1,883,785,1,0,109,0,0,0,3,10,0,3,124,1
FANNIN - SKEN,378,4,372,335,1,0,3,0,0,0,9,0,0,9,4,1,377,5,371,335,1,0,4,0,0,0,7,2,0,7,3,0
FANNIN - SUGC,2495,37,2468,2416,0,0,0,0,30,0,20,0,0,21,0,0,2193,15,2182,2152,0,0,0,0,13,0,23,0,0,24,0,0
FANNIN - TOCC,4579,74,4499,4309,34,0,7,0,7,0,147,0,0,146,7,34,3958,49,3904,3753,33,0,8,0,5,0,112,0,0,111,8,33
FAYETTE - 01,2804,43,2758,661,1719,56,59,0,0,184,0,0,93,149,59,1975,2218,11,2208,613,1330,55,27,0,0,104,0,0,92,147,27,1507
FAYETTE - 02,3204,60,3151,2603,74,0,10,0,48,14,53,350,0,57,361,84,2459,45,2420,2212,69,0,9,0,40,0,28,75,0,32,83,69
FAYETTE - 03,3604,41,3565,266,2965,0,139,7,110,0,0,0,56,56,139,3017,2821,39,2785,254,2296,0,139,6,64,0,0,0,26,26,139,2319
FAYETTE - 04,2360,384,1973,823,1078,0,22,0,29,19,6,0,0,6,22,1092,1798,191,1601,746,781,0,20,0,34,21,5,0,0,6,20,799
FAYETTE - 05,2838,139,2719,1203,1273,0,71,0,0,111,0,0,0,0,66,1402,2337,61,2290,1056,990,0,71,0,0,105,0,0,0,0,69,1117
FAYETTE - 06,2017,95,1925,710,907,0,230,0,26,72,5,0,0,5,230,979,1668,61,1608,621,742,5,158,0,27,65,5,0,0,10,158,805
FAYETTE - 07,2607,352,2255,1086,974,0,181,15,0,0,18,17,4,22,197,985,2081,116,1962,924,878,0,105,13,6,6,19,9,0,19,120,888
FAYETTE - 08,3092,215,2892,1024,1804,5,11,0,41,45,2,0,0,14,15,1853,2530,87,2426,913,1498,4,9,0,15,33,0,0,0,8,12,1536
FAYETTE - 09,3998,174,3809,3077,504,0,16,0,42,0,0,109,0,0,120,510,3005,103,2898,2458,344,0,11,0,2,0,0,38,0,0,37,346
FAYETTE - 10,6529,1050,5492,2351,3012,0,22,0,0,0,24,38,31,52,64,3037,4758,446,4325,1938,2306,0,25,0,0,0,15,0,34,50,33,2332
FAYETTE - 11,2559,405,2177,1533,365,0,293,0,0,0,21,15,0,21,309,380,1681,265,1442,969,225,0,241,0,0,0,18,0,0,18,241,222
FAYETTE - 12,1397,287,1114,1114,5,0,23,0,0,0,0,0,0,0,22,8,1172,203,961,963,8,0,12,0,0,0,0,0,0,0,12,9
FAYETTE - 13,3537,80,3456,3031,333,0,15,0,47,0,23,0,0,23,15,339,2669,71,2598,2187,305,0,19,0,51,0,21,0,0,21,17,307
FAYETTE - 14,4695,173,4519,3564,703,0,128,0,99,22,4,64,17,17,190,726,3420,119,3294,2563,578,0,124,0,51,0,0,38,18,16,170,591
FAYETTE - 15,3663,101,3555,3382,65,18,0,0,15,84,3,10,0,21,8,153,2683,79,2600,2510,57,18,0,0,0,20,5,7,0,23,6,77
FAYETTE - 16,4205,261,3941,3091,644,0,191,0,0,32,18,21,0,18,213,676,3344,233,3089,2546,433,0,93,0,0,33,19,2,0,19,91,468
FAYETTE - 17,1963,83,1864,1713,119,9,0,0,0,0,0,7,0,7,8,113,1276,56,1209,1092,93,8,0,0,0,0,0,8,0,7,8,90
FAYETTE - 18,5776,537,5239,3596,917,36,554,19,0,52,43,12,0,81,565,970,4502,422,4080,3010,714,37,223,20,0,27,25,11,0,62,234,741
FAYETTE - 19,2205,382,1833,1682,57,0,53,0,0,5,8,18,0,6,63,57,1727,323,1433,1335,52,0,25,0,0,0,4,22,0,4,34,49
FAYETTE - 20,1068,94,974,915,0,0,55,4,0,0,0,0,0,0,55,0,904,37,867,829,0,0,38,0,0,0,0,0,0,0,38,0
FAYETTE - 21,3550,368,3145,2312,672,12,83,0,0,76,0,4,0,3,91,748,2640,255,2350,1888,367,12,35,0,0,44,0,2,4,7,37,422
FAYETTE - 22,2472,30,2467,2287,54,3,71,0,0,9,4,49,0,9,106,69,1841,22,1832,1672,41,3,52,0,0,0,0,41,0,4,82,50
FAYETTE - 23,1185,31,1152,331,712,0,62,21,0,0,0,8,0,0,71,709,945,11,935,237,633,0,29,21,0,0,0,17,0,0,40,632
FAYETTE - 24,2641,289,2338,1144,1195,0,1,0,16,0,1,0,0,1,1,1183,2056,115,1955,1048,909,0,0,0,10,0,1,0,0,0,0,899
FAYETTE - 25,2116,74,2047,1423,580,0,0,0,0,35,8,16,0,8,10,613,1753,41,1719,1150,558,0,0,0,0,9,0,21,0,0,14,565
FAYETTE - 26,4529,365,4153,2822,1077,0,89,0,109,10,17,0,0,17,103,1088,3195,317,2876,1974,688,0,86,0,112,12,0,0,0,0,89,699
FAYETTE - 27,4297,229,4054,2686,1218,0,101,0,0,0,62,26,0,65,129,1221,3672,198,3453,2354,999,0,86,0,0,0,39,13,0,38,107,1004
FAYETTE - 28,2701,98,2593,930,1518,5,9,0,85,0,14,0,0,12,10,1532,2177,38,2132,879,1165,7,7,0,46,0,10,0,0,13,7,1170
FAYETTE - 29,3047,172,2869,1452,1102,0,264,0,0,11,7,25,6,14,294,1115,2627,82,2539,1357,912,0,244,0,0,13,0,0,11,10,251,930
FAYETTE - 30,4143,272,3872,2346,1386,0,31,0,16,40,21,12,26,35,44,1444,3006,130,2874,1887,903,0,24,0,21,10,15,0,25,28,25,926
FAYETTE - 31,4306,204,4111,3419,470,0,50,0,26,79,24,43,0,24,100,550,3222,173,3054,2495,409,0,30,0,13,37,23,32,0,23,75,448
FAYETTE - 32,2565,203,2393,1986,265,0,71,0,0,0,0,31,0,9,99,262,2109,154,1998,1656,264,0,49,0,0,0,0,9,0,9,58,256
FAYETTE - 33,1992,141,1834,1444,97,0,88,0,0,74,33,0,0,33,88,169,1492,104,1369,1103,79,0,45,0,0,70,19,0,0,19,45,152
FAYETTE - 34,4294,428,3870,3329,258,0,171,0,11,15,47,13,0,43,185,271,3275,258,3015,2545,242,0,136,0,16,0,40,2,0,36,142,242
FAYETTE - 35,5002,300,4693,2149,1844,0,241,0,324,0,17,32,78,99,273,1926,3643,131,3511,1784,1323,0,172,0,118,0,23,0,83,108,171,1408
FAYETTE - 36,3015,225,2789,1804,763,0,157,0,26,20,8,0,0,19,157,793,2440,175,2266,1615,454,0,154,0,21,0,9,0,0,22,153,472
FLOYD - 001,4970,691,4107,3602,390,0,23,4,1,50,53,5,5,55,27,430,3682,420,3163,2793,290,0,17,0,0,39,42,0,10,47,19,312
FLOYD - 010,2250,120,2141,1887,123,0,65,0,4,12,5,0,0,3,66,130,1713,93,1631,1464,98,0,49,0,11,0,4,0,0,4,50,96
FLOYD - 015,3336,33,3304,3257,33,0,4,0,0,0,4,3,0,3,7,35,2706,40,2663,2615,36,4,0,0,0,0,5,0,0,7,0,35
FLOYD - 020,2098,25,2077,1806,227,0,0,0,0,28,8,1,2,8,1,256,1714,14,1701,1476,222,0,4,0,0,0,3,0,0,3,0,223
FLOYD - 025,1705,19,1687,1506,133,0,0,9,18,0,14,0,0,16,0,137,1461,6,1455,1300,118,0,1,7,5,0,15,0,0,14,1,121
FLOYD - 030,6462,72,6400,5818,483,0,7,0,0,31,0,10,3,3,20,517,4966,59,4910,4491,404,0,2,0,0,0,0,10,1,3,9,403
FLOYD - 035,358,0,356,342,0,0,0,0,0,0,3,0,0,3,0,0,285,0,286,276,0,0,0,0,0,0,0,0,0,0,0,0
FLOYD - 040,2304,107,2188,2155,14,0,0,0,25,0,1,16,0,1,14,15,1901,127,1774,1740,8,0,0,0,21,0,0,16,0,0,16,11
FLOYD - 045,1259,12,1249,1163,14,0,59,0,0,0,21,0,2,25,59,15,945,11,929,871,15,0,32,0,0,0,6,0,0,6,43,15
FLOYD - 050,8895,1386,7526,5003,1955,0,256,13,0,351,14,0,0,13,261,2296,6342,829,5516,4274,975,4,173,13,0,90,9,0,0,13,174,1069
FLOYD - 055,5818,235,5572,4694,482,5,221,0,0,172,8,23,0,18,246,667,4669,163,4493,3799,380,0,196,0,0,82,11,23,0,14,218,462
FLOYD - 060,2097,22,2078,1926,122,0,0,10,7,15,14,0,0,14,0,142,1836,0,1842,1712,121,0,0,9,0,0,16,0,0,18,0,121
FLOYD - 065,5398,146,5253,4109,963,0,58,0,1,5,83,0,2,83,52,987,4217,59,4152,3147,838,0,60,0,1,0,84,0,0,83,56,859
FLOYD - 075,5320,1481,3812,2258,1131,0,60,6,0,60,22,172,7,30,224,1216,3883,816,3057,1974,910,0,62,5,0,11,18,37,0,18,95,924
FLOYD - 076,6239,1835,4433,3100,998,0,62,0,8,168,2,9,11,16,76,1189,4313,1021,3287,2412,683,0,42,0,0,69,9,14,11,25,56,787
FLOYD - 080,3583,506,3148,2688,165,0,0,75,128,5,25,85,0,29,85,169,2716,212,2561,2338,98,0,0,75,0,0,29,30,0,30,30,95
FLOYD - 085,2333,18,2311,1726,494,0,28,0,0,9,36,4,0,39,32,498,1905,17,1887,1502,329,0,0,0,0,6,38,0,2,45,0,335
FLOYD - 090,6003,350,5646,3247,2045,0,73,0,52,197,29,4,3,33,74,2224,4285,127,4164,2511,1338,0,69,4,58,146,26,0,0,27,57,1484
FLOYD - 105,5479,613,4851,3203,1288,0,61,0,77,247,15,11,0,12,69,1537,4158,250,3901,2577,1073,0,35,0,79,121,16,0,3,14,38,1200
FLOYD - 110,2394,616,1778,596,1146,0,0,5,0,29,5,0,0,14,0,1171,1806,303,1504,560,924,0,0,0,0,15,18,0,0,18,0,939
FLOYD - 115,804,40,752,733,6,0,3,0,0,0,23,0,0,19,2,5,647,30,599,589,0,0,0,0,0,0,8,0,0,7,0,1
FLOYD - 125,1637,108,1524,1172,200,36,0,0,0,17,89,0,0,114,0,221,1402,98,1302,986,192,35,7,0,0,19,52,0,0,86,0,211
FLOYD - 130,5157,43,5123,4873,143,0,0,0,0,85,19,0,14,33,0,245,4120,8,4117,3954,99,0,0,0,0,48,17,0,8,23,0,156
FLOYD - 135,4972,232,4740,4298,192,0,5,0,6,225,33,5,0,35,19,412,3742,74,3670,3282,140,0,5,0,7,234,31,0,0,33,21,350
FLOYD - 140,4925,336,4694,3863,741,0,79,8,9,28,9,0,0,6,78,757,4137,196,4014,3329,608,0,76,7,10,13,7,0,0,4,77,618
FORSYTH - 01,12097,992,11117,7014,1508,0,2458,0,0,47,16,179,0,16,2595,1562,9245,803,8448,5638,1220,0,1547,5,0,24,0,102,0,0,1640,1248
FORSYTH - 02,6678,1491,5173,2648,745,0,1541,0,8,84,56,92,0,56,1627,829,4335,557,3776,2108,541,0,954,0,0,57,60,62,0,60,1020,600
FORSYTH - 04,4662,293,4369,4230,12,3,52,2,0,25,18,6,0,22,54,39,3695,127,3575,3471,8,3,38,2,0,18,21,1,0,23,37,26
FORSYTH - 05,10277,1164,9198,8301,553,7,214,0,0,0,76,67,0,85,281,548,7327,637,6761,6148,442,0,129,0,0,0,48,23,0,53,156,437
FORSYTH - 06,12089,1222,10872,9269,968,16,165,22,40,191,112,25,0,126,195,1169,8492,654,7825,6814,649,11,83,22,34,46,50,20,2,60,110,717
FORSYTH - 07,12672,1385,11264,9275,670,19,655,0,123,417,73,158,0,91,859,1050,10310,950,9349,7715,685,23,242,0,93,294,68,135,0,91,377,989
FORSYTH - 08,7043,563,6460,5395,193,0,613,4,60,0,40,36,0,44,738,184,5201,358,4848,4384,121,0,362,0,44,0,22,0,0,22,393,115
FORSYTH - 10,13940,784,13109,10750,726,0,1554,0,0,58,62,68,0,60,1630,754,9803,609,9155,7833,572,0,756,0,0,5,45,16,0,45,783,570
FORSYTH - 15,10077,1196,8882,8003,250,0,443,0,26,44,46,124,0,46,541,299,7212,799,6415,6115,108,0,132,0,0,5,19,78,2,21,202,110
FORSYTH - 16,10819,1707,9047,8313,330,3,113,0,132,38,61,38,0,63,155,365,8303,961,7268,6718,200,1,107,0,138,0,61,35,0,64,144,216
FORSYTH - 19,4438,26,4387,2186,345,26,1592,0,71,0,42,140,0,61,1732,347,3136,23,3095,1844,162,7,992,0,57,0,22,9,0,28,999,161
FORSYTH - 21,4636,339,4300,2073,331,0,1693,0,23,6,6,37,0,6,1738,336,3250,273,2970,1612,117,0,1156,0,22,0,0,0,0,0,1157,121
FORSYTH - 25,13112,434,12672,6874,195,5,5263,0,0,29,34,188,4,43,5446,228,8832,297,8530,4966,191,0,3140,0,0,15,36,117,0,36,3256,205
FORSYTH - 27,16781,1525,15254,13892,395,0,454,4,167,171,62,120,0,62,569,552,11621,806,10815,9985,291,0,229,5,111,58,54,103,4,56,323,341
FORSYTH - 34,8196,948,7267,5836,135,0,960,0,36,26,42,137,0,43,1093,182,6121,548,5591,4767,115,0,528,0,8,12,16,72,4,20,597,138
FORSYTH - 35,8943,783,8179,4025,675,0,3151,0,161,0,16,163,0,16,3319,673,6408,377,6048,3340,485,9,2040,0,129,0,16,39,0,25,2079,486
FORSYTH - 36,10369,412,9969,6742,437,0,2703,0,6,5,15,118,0,22,2827,442,7541,333,7216,5278,348,0,1597,0,0,9,3,42,0,4,1641,358
FORSYTH - 38,10071,371,9689,6408,236,20,2717,5,0,0,0,183,0,20,2933,229,7090,234,6855,5151,208,7,1340,0,0,0,0,42,4,11,1390,206
FORSYTH - 39,5323,330,4991,3044,246,8,1698,0,3,5,4,111,0,12,1803,254,3893,192,3699,2516,128,7,1095,0,0,0,0,19,0,7,1114,126
FORSYTH - 40,10036,1075,8954,7300,317,0,969,0,0,35,32,332,0,36,1303,361,6962,622,6333,5396,233,0,428,0,0,0,26,311,0,28,737,235
FORSYTH - 41,4397,402,4040,2128,295,7,1231,0,0,0,15,353,0,23,1588,302,2891,196,2724,1646,141,0,607,0,0,0,15,309,0,15,908,139
FORSYTH - 42,5026,331,4699,4253,310,0,35,0,0,68,24,16,0,24,52,374,3904,221,3699,3490,106,0,33,0,0,51,24,11,0,24,43,145
FORSYTH - 43,8321,1103,7270,5423,320,10,1058,0,15,187,82,193,0,91,1205,571,5896,708,5220,4213,256,14,559,0,12,70,81,62,0,95,621,319
FORSYTH - 44,4826,199,4629,4429,87,6,37,0,0,61,18,0,0,24,37,146,4137,142,3996,3819,88,7,23,0,0,48,13,0,0,20,23,134
FORSYTH - 45,7428,386,7010,6581,60,0,262,0,0,3,50,45,0,50,312,65,5894,290,5586,5301,53,0,125,0,0,3,49,32,0,48,156,59
FORSYTH - 46,6483,336,6118,4968,65,12,784,0,74,86,63,74,0,76,857,135,4627,208,4401,3760,71,10,433,0,15,56,26,18,0,34,457,125
FORSYTH - 47,3483,182,3308,2690,107,0,272,0,28,0,22,153,0,19,356,116,2470,130,2329,1913,69,0,208,0,23,0,24,70,0,24,249,75
FORSYTH - 49,3131,324,2824,2048,229,8,440,0,34,15,32,12,0,36,450,233,2230,263,1981,1622,168,2,97,0,5,22,20,7,0,22,103,184
FRANKLIN - 1,4132,25,4105,3707,207,0,107,0,0,4,60,19,0,60,129,212,3279,10,3275,2962,158,0,113,0,0,0,41,0,0,41,113,159
FRANKLIN - 2,2498,6,2493,2406,47,0,49,0,0,0,0,0,0,0,46,46,2022,3,2011,1914,47,0,51,0,0,0,5,0,0,5,51,46
FRANKLIN - 3,3777,283,3494,2779,627,13,9,0,0,14,25,22,5,43,31,646,3062,61,3001,2451,486,12,0,0,0,0,26,26,0,38,26,486
FRANKLIN - 4,4054,366,3689,2963,541,0,0,1,40,110,28,0,0,28,0,651,2936,133,2797,2302,440,0,0,0,38,0,5,0,0,5,0,440
FRANKLIN - 5,1917,26,1894,1774,81,6,0,5,0,0,12,0,0,18,6,83,1464,9,1464,1379,77,0,0,0,0,0,0,0,0,0,3,80
FRANKLIN - 6,3220,112,3104,2218,621,0,93,0,0,92,11,15,76,87,102,787,2538,102,2433,1920,368,0,51,0,0,56,23,14,21,44,62,442
FRANKLIN - 7,3918,80,3839,3750,6,5,5,4,16,16,0,29,0,5,34,22,2885,70,2817,2755,12,0,0,0,11,7,0,27,0,0,27,19
FULTON - 01A,4382,226,4195,2611,1190,0,188,0,30,54,14,79,0,43,266,1275,3943,176,3803,2366,1128,0,180,0,31,13,5,53,0,36,232,1175
FULTON - 01B,5174,266,4917,3418,1157,0,198,0,136,6,0,2,0,0,247,1157,4160,256,3910,2806,928,0,174,0,23,0,0,0,0,0,198,927
FULTON - 01C,2197,54,2147,236,1853,7,19,0,0,43,0,51,0,8,64,1895,1755,51,1704,236,1436,3,21,0,0,21,0,38,0,4,55,1458
FULTON - 01D,1132,22,1111,174,958,0,0,0,0,4,0,0,0,0,0,961,801,24,777,172,619,0,0,0,0,8,0,0,0,0,0,624
FULTON - 01E,4134,126,4008,2801,602,0,243,4,99,94,5,168,0,5,411,696,3172,107,3065,2221,515,6,242,0,77,11,0,0,0,6,242,526
FULTON - 01F,1744,72,1671,344,1235,0,17,0,13,40,0,0,0,0,58,1271,1470,66,1402,339,1012,0,17,0,0,38,0,0,0,0,29,1049
FULTON - 01G,3309,93,3216,1071,2008,0,78,0,33,0,7,4,7,14,82,2015,2398,65,2333,975,1254,0,81,0,0,0,6,5,5,11,86,1259
FULTON - 01H,1471,48,1423,233,1112,0,0,0,0,0,20,0,30,50,0,1158,1384,44,1340,234,1039,0,0,0,0,0,20,0,27,47,0,1081
FULTON - 01I,56,11,45,0,35,0,0,0,0,0,0,0,0,0,0,35,44,7,39,0,31,0,0,0,0,0,0,0,0,0,0,31
FULTON - 01J,3287,105,3181,345,2748,10,7,0,0,22,0,14,37,47,21,2808,2203,53,2152,285,1790,8,2,0,0,16,0,16,38,46,18,1843
FULTON - 01P,1624,77,1557,154,1374,0,14,0,0,0,0,3,0,0,16,1369,1197,5,1197,149,1032,0,3,0,0,3,0,0,0,0,3,1035
FULTON - 01R,1402,13,1374,70,1188,0,28,0,0,99,0,2,0,0,31,1291,898,10,879,61,786,0,12,0,0,31,0,0,0,0,12,817
FULTON - 01S,2226,232,1993,258,1599,0,0,0,22,0,0,24,93,93,24,1691,1759,188,1568,259,1230,0,0,0,0,0,8,23,48,56,23,1280
FULTON - 01T,3535,488,3042,1052,1754,18,31,0,9,67,7,0,0,24,37,1826,3082,322,2759,1039,1544,17,40,0,10,18,10,0,0,26,44,1562
FULTON - 02A,4017,371,3657,2930,481,12,120,0,0,43,7,69,0,19,175,520,3855,241,3620,2897,471,11,116,0,0,42,15,84,0,26,174,511
FULTON - 02A1,2391,319,2061,1556,262,0,151,0,0,20,0,49,0,0,207,288,2382,320,2056,1552,256,0,157,0,0,20,3,43,0,3,210,281
FULTON - 02B,2044,97,1951,863,957,0,62,0,41,14,0,0,0,0,89,968,1970,96,1880,838,920,0,63,0,35,11,0,0,0,0,90,929
FULTON - 02C,2597,122,2479,926,1361,0,103,0,23,17,7,0,0,8,101,1398,2608,124,2491,923,1367,0,104,1,28,21,7,0,0,7,102,1407
FULTON - 02D,6418,251,6184,3803,1956,0,177,0,99,128,6,61,0,5,233,2060,5539,198,5349,3491,1480,0,168,3,95,108,6,46,0,6,210,1563
FULTON - 02E,2436,118,2315,1991,75,0,182,0,0,32,2,79,0,3,261,102,2026,117,1907,1723,33,0,124,0,0,18,0,42,0,2,166,59
FULTON - 02F1,3367,124,3245,2420,262,0,335,0,18,98,36,61,0,35,393,356,3114,128,2994,2264,245,0,318,0,14,94,42,5,0,40,323,336
FULTON - 02F2,851,70,781,433,316,0,5,0,0,0,0,0,27,27,5,343,811,66,745,421,298,0,0,0,0,0,0,0,26,26,0,324
FULTON - 02G,4426,271,4145,3218,459,0,214,0,0,83,9,119,16,32,342,575,4085,249,3825,3030,393,0,151,0,0,99,10,109,16,34,266,514
FULTON - 02J,3576,72,3508,2747,502,0,93,0,26,66,14,65,0,14,155,567,3230,71,3160,2436,496,0,56,0,29,63,7,72,0,7,122,558
FULTON - 02K,1545,78,1466,1187,63,0,74,0,0,157,0,18,0,0,89,159,1437,77,1360,1098,58,0,72,0,0,124,0,16,0,0,85,144
FULTON - 02L1,4835,430,4411,3280,383,0,385,0,294,104,5,51,0,5,420,516,4843,446,4399,3252,384,0,384,0,282,119,0,55,0,0,422,518
FULTON - 02L1A,3017,219,2793,1610,872,0,172,0,0,0,5,10,0,5,201,904,2881,211,2668,1569,815,5,174,0,0,0,5,15,0,10,209,838
FULTON - 02L2,2914,299,2615,1503,438,0,355,0,31,223,14,51,0,14,406,661,2885,278,2607,1503,437,0,357,0,30,221,12,47,0,12,404,658
FULTON - 02S,1102,119,980,477,375,6,8,6,27,43,0,28,11,10,35,419,1034,115,919,467,324,9,12,0,27,44,0,29,11,12,39,370
FULTON - 02W,1877,45,1832,685,817,0,218,0,42,48,0,25,0,0,245,866,1779,45,1728,683,705,0,219,0,47,51,0,25,0,0,245,757
FULTON - 03A,2405,0,2405,313,2035,0,17,0,10,0,0,0,25,25,17,2060,1938,0,1937,312,1570,0,14,0,9,4,0,0,24,24,14,1597
FULTON - 03B,737,170,567,0,563,0,0,4,0,0,0,0,0,0,0,563,407,22,385,0,385,0,0,0,0,0,0,0,0,0,0,385
FULTON - 03C,2261,141,2151,88,2034,15,0,0,0,0,0,0,0,15,0,2036,1491,63,1436,80,1346,7,0,0,0,0,0,0,0,7,0,1348
FULTON - 03D,674,53,610,145,416,21,0,0,0,5,0,16,0,21,16,424,598,14,579,147,382,24,0,0,0,0,4,16,0,28,16,384
FULTON - 03E,3805,28,3802,181,3432,0,35,0,18,144,0,0,0,0,35,3573,2937,12,2943,182,2661,0,33,0,15,59,0,0,0,0,33,2719
FULTON - 03F,2980,193,2786,1230,1017,0,319,0,173,9,0,35,0,0,352,1025,2881,115,2772,1238,995,4,321,0,169,10,0,29,4,8,349,1008
FULTON - 03G,891,19,858,70,642,0,7,0,80,0,0,0,58,58,7,700,713,15,685,70,511,0,0,0,40,0,5,4,54,59,4,564
FULTON - 03H,1660,8,1652,219,1433,0,0,0,5,35,0,0,0,4,0,1470,1350,9,1338,188,1164,0,0,0,0,14,0,0,0,0,0,1178
FULTON - 03I,7889,789,7093,3453,1774,11,1483,0,5,37,22,271,67,96,1750,1864,7708,772,6931,3433,1668,5,1451,0,7,42,24,221,67,88,1671,1763
FULTON - 03L,701,0,705,24,573,0,0,0,0,0,0,0,143,143,0,678,461,0,463,25,331,0,0,0,0,0,0,0,140,140,0,436
FULTON - 03M,2889,110,2779,977,1684,9,19,0,11,29,9,37,4,22,56,1717,2763,111,2652,912,1671,11,13,0,7,23,8,7,0,19,20,1694
FULTON - 03N,2986,134,2849,429,2312,15,0,5,0,52,5,0,0,20,0,2401,2589,130,2458,323,2032,14,0,0,0,53,6,0,0,20,0,2119
FULTON - 03P1A,6418,320,6106,3062,1957,0,545,0,162,46,140,130,34,178,679,2051,6208,318,5895,3046,1807,0,542,0,166,48,132,135,32,172,678,1901
FULTON - 03P1B,15,0,15,0,12,0,0,0,0,0,0,0,0,0,0,12,15,0,14,0,13,0,0,0,0,0,0,0,0,0,0,13
FULTON - 03P2,7,0,6,2,2,0,0,0,0,1,0,0,0,0,0,4,4,0,4,2,0,0,0,0,0,0,0,0,0,0,0,1
FULTON - 03S,1535,105,1399,60,1311,0,0,0,0,0,7,0,0,3,0,1307,813,51,758,49,676,0,0,0,0,0,12,0,0,12,0,675
FULTON - 03T,1777,34,1743,267,1391,0,27,9,0,6,0,14,29,29,41,1426,1590,5,1585,251,1250,0,30,10,0,0,0,16,28,28,46,1278
FULTON - 04A,1583,21,1562,152,1379,0,24,0,7,0,0,0,0,0,24,1379,1246,8,1238,153,1059,0,26,0,0,0,0,0,0,0,26,1059
FULTON - 04B,3170,174,3063,584,1892,18,353,0,9,9,13,67,18,44,549,1931,2920,90,2849,713,1764,18,304,0,14,7,6,35,18,36,471,1801
FULTON - 04C,179,2,176,92,100,0,0,0,0,0,0,0,0,0,8,103,153,3,150,80,81,0,0,0,0,0,0,0,0,0,0,82
FULTON - 04D,1729,53,1676,441,985,0,68,0,0,159,5,7,0,5,62,1128,1454,57,1397,414,813,0,60,0,0,84,6,5,0,6,62,898
FULTON - 04F,5208,201,5007,1444,2486,28,843,0,18,27,4,115,42,74,958,2555,4848,196,4652,1379,2208,24,846,0,22,35,6,89,43,73,935,2286
FULTON - 04G,1223,94,1130,208,750,0,9,0,0,92,0,6,6,6,18,844,885,92,795,182,525,0,9,0,0,8,0,0,7,7,9,542
FULTON - 04I,2780,230,2549,502,2079,11,29,0,0,0,0,5,0,11,35,2069,2698,231,2469,503,1997,11,33,0,0,0,0,6,0,11,40,1988
FULTON - 04J,2075,135,1905,790,918,0,462,0,12,6,5,51,7,21,372,932,1999,117,1892,792,911,6,455,0,11,0,4,52,7,27,363,920
FULTON - 04K,2386,0,2385,346,2020,0,4,4,21,46,0,3,0,0,4,2070,2266,5,2259,300,1985,0,0,0,27,7,4,0,0,4,0,1990
FULTON - 04L,1933,150,1780,403,1212,0,65,0,0,77,5,15,9,14,80,1296,1680,123,1553,377,1073,0,60,0,0,29,0,16,0,0,76,1102
FULTON - 04M,891,62,829,22,756,0,0,0,0,51,0,0,0,0,0,807,717,64,653,20,617,0,0,0,0,16,0,0,0,0,0,633
FULTON - 04S,3257,16,3240,177,2736,0,0,0,10,15,17,21,275,293,21,3019,2656,16,2640,182,2214,0,0,0,14,0,16,20,203,219,20,2412
FULTON - 04T,977,44,934,239,444,0,0,0,58,98,0,0,122,104,0,621,891,48,846,241,384,0,0,0,75,52,0,0,123,105,0,526
FULTON - 04V,4215,136,4082,173,3728,0,6,0,40,50,0,66,44,44,31,3821,2619,98,2524,174,2211,0,9,0,0,45,0,28,48,48,25,2302
FULTON - 04W,833,21,780,131,362,0,2,0,6,12,4,17,0,0,31,361,829,20,780,0,360,1,2,0,7,14,3,17,0,0,31,360
FULTON - 04X1,1972,33,1936,226,1448,0,15,0,27,51,1,0,13,31,19,1558,1722,31,1687,226,1297,0,15,0,11,26,0,0,13,31,18,1377
FULTON - 04X2,766,8,760,168,522,0,43,0,0,25,0,0,0,0,44,569,655,9,647,120,501,0,46,0,0,0,0,0,0,0,46,498
FULTON - 05A1,3998,512,3444,2555,649,0,104,0,28,58,0,43,37,8,148,713,3824,437,3351,2445,658,0,108,0,25,60,0,43,40,9,152,724
FULTON - 05A2,4218,186,4032,2250,1323,0,434,0,0,23,0,34,0,0,421,1352,3673,156,3517,2037,1067,0,387,0,0,10,0,17,0,0,380,1079
FULTON - 05B,2379,92,2286,464,1598,0,51,0,34,5,0,0,14,14,46,1613,2357,101,2251,470,1551,0,56,0,35,2,0,0,16,16,51,1564
FULTON - 05C,111,8,102,0,60,0,10,0,0,8,0,0,0,0,8,69,106,11,97,0,60,0,11,0,0,9,0,0,0,0,9,70
FULTON - 05D,434,15,415,218,221,0,20,0,0,5,0,42,0,0,41,232,441,10,423,215,224,0,17,0,0,5,0,43,0,0,39,235
FULTON - 05F,36,2,33,27,4,0,2,0,0,0,0,0,0,0,1,4,37,3,33,27,4,0,2,0,0,0,0,0,0,0,1,4
FULTON - 05J,588,26,557,315,172,0,83,0,0,0,0,6,0,0,88,168,567,24,540,296,169,0,80,0,0,0,0,8,0,0,89,165
FULTON - 05K,6139,158,5981,1822,3026,15,794,0,27,73,0,140,73,88,938,3177,5946,158,5787,1783,2871,18,776,4,29,75,5,143,72,95,921,3023
FULTON - 06B,1987,86,1900,1698,94,0,91,0,0,0,0,0,0,0,91,99,1777,77,1695,1516,75,0,86,0,0,0,0,0,0,0,86,78
FULTON - 06D,4579,410,4174,1561,1757,6,381,0,256,136,0,57,0,6,436,1900,3908,405,3508,1394,1395,4,371,0,202,138,0,10,0,4,376,1539
FULTON - 06D1,4082,217,3858,3450,133,0,181,0,0,0,6,73,0,6,256,135,3064,159,2905,2679,90,0,146,0,0,0,0,8,0,0,159,87
FULTON - 06D2,3403,898,2498,1774,501,0,67,0,42,0,12,32,0,12,101,496,2648,508,2121,1595,383,0,54,0,14,0,9,15,0,9,72,380
FULTON - 06E,2386,164,2229,1437,462,0,128,0,0,0,3,109,9,13,237,483,2054,172,1899,1325,340,0,92,0,0,0,3,67,8,11,159,355
FULTON - 06F,2992,521,2471,2113,271,0,73,0,0,0,18,0,0,18,71,267,2475,279,2197,1845,255,0,86,0,0,0,10,0,0,10,83,255
FULTON - 06G,616,16,596,409,113,0,37,0,0,21,0,11,0,0,51,135,473,16,456,279,121,0,32,0,0,19,0,6,0,0,44,141
FULTON - 06I,4359,423,3936,1406,2174,0,168,0,55,64,6,19,44,50,187,2282,4213,424,3789,1324,2172,0,166,0,0,63,12,16,36,48,182,2271
FULTON - 06J,3671,156,3515,3145,41,0,151,0,21,10,28,162,0,28,320,47,3019,111,2906,2717,28,0,124,0,0,10,15,17,0,15,157,35
FULTON - 06L1,1318,40,1275,1033,144,15,38,0,29,25,0,0,0,15,36,168,1138,40,1103,910,112,15,41,0,2,27,0,0,0,15,40,139
FULTON - 06L2,1029,14,1018,918,45,0,46,0,0,0,0,0,0,0,48,46,804,11,788,696,40,0,46,0,2,0,0,0,0,0,47,40
FULTON - 06N,1900,0,1900,1361,351,0,72,44,0,44,0,23,5,5,95,400,1578,0,1578,1049,355,0,68,44,0,44,0,18,0,0,86,399
FULTON - 06Q,696,8,690,131,708,0,0,0,0,0,8,0,0,7,0,698,623,11,610,139,558,0,0,0,0,0,9,0,0,9,0,551
FULTON - 06R,1790,11,1779,1414,227,0,73,0,0,0,16,49,0,16,122,227,1703,11,1692,1418,170,0,78,0,0,0,13,13,0,13,91,170
FULTON - 07A,3696,80,3646,2872,529,0,138,0,0,8,12,93,0,11,227,543,2974,59,2925,2344,437,1,129,0,3,4,5,24,0,5,146,443
FULTON - 07A1,5620,251,5384,2956,1221,0,858,0,0,203,6,141,0,9,999,1431,5398,262,5157,2894,1116,1,844,0,0,203,10,84,0,15,929,1325
FULTON - 07B,3416,156,3263,2851,261,2,27,0,0,8,7,76,4,16,105,270,2602,148,2461,2160,216,2,25,0,1,1,7,17,0,12,49,221
FULTON - 07C,5505,402,5103,3196,1616,6,260,0,0,2,20,17,0,21,278,1612,4813,329,4477,2973,1250,9,238,0,0,12,18,0,0,21,238,1251
FULTON - 07D,3202,170,3033,2234,496,0,113,0,13,120,0,24,0,0,135,622,2993,152,2841,2094,480,0,110,0,11,128,0,0,5,5,109,616
FULTON - 07D1,2646,199,2447,1561,417,0,297,0,0,135,0,37,0,0,334,552,2127,190,1937,1326,373,0,90,0,0,138,0,10,0,0,100,511
FULTON - 07E,2765,264,2483,1567,567,0,297,0,19,0,0,8,0,0,302,570,2251,196,2049,1291,472,0,257,0,13,0,0,8,0,0,264,473
FULTON - 07F,3616,139,3477,2637,703,0,119,0,0,1,0,45,0,0,163,696,3205,124,3081,2325,638,0,83,0,0,3,0,39,0,0,120,638
FULTON - 07H,2445,85,2348,1868,177,0,55,0,1,77,15,96,0,15,150,259,1961,66,1889,1550,179,0,58,0,0,24,14,36,0,14,94,208
FULTON - 07J,4134,249,3897,3362,367,0,133,0,3,91,0,0,0,0,136,453,3184,75,3115,2646,316,0,127,0,0,55,0,0,0,0,129,366
FULTON - 07M,4065,278,3805,2796,864,4,127,0,8,0,0,31,0,4,161,861,2849,238,2617,1871,662,0,60,0,0,0,0,32,0,0,93,661
FULTON - 07N,2237,342,1895,760,741,0,227,21,10,92,0,44,0,0,271,833,2119,296,1823,757,663,0,226,21,9,96,0,46,5,5,272,764
FULTON - 08A,3478,173,3297,2632,269,0,227,0,13,33,1,36,0,2,279,300,2661,84,2567,2090,259,0,141,0,10,0,1,27,0,2,170,259
FULTON - 08B,4002,125,3885,3277,371,0,139,0,25,67,4,4,0,4,145,437,2985,104,2883,2515,232,0,70,0,9,60,10,0,0,10,72,289
FULTON - 08C,377,26,351,336,9,0,3,0,0,0,0,17,0,0,12,9,246,22,229,227,4,0,2,0,0,0,0,0,0,0,3,5
FULTON - 08C1,1252,52,1199,1153,12,0,0,0,0,0,4,18,0,4,10,13,929,30,900,865,6,0,0,0,0,0,0,11,0,0,8,9
FULTON - 08D,1407,29,1376,1309,30,0,17,0,0,0,0,25,0,0,50,32,946,28,914,890,13,0,20,0,0,0,0,1,0,0,19,14
FULTON - 08E,3003,112,2900,2404,209,0,171,0,0,18,29,129,0,25,291,228,2305,86,2222,1914,132,0,111,4,0,21,18,52,0,13,160,153
FULTON - 08F1,2948,67,2873,2798,34,0,25,0,0,8,7,24,0,5,51,37,1871,32,1834,1805,16,0,27,0,0,0,0,6,0,0,32,14
FULTON - 08F2,0,0,0,0,0,0,0,0,0,0,0,0,0,0,0,0,0,0,0,0,0,0,0,0,0,0,0,0,0,0,0,0
FULTON - 08G,3008,235,2760,1808,468,0,240,0,0,147,21,10,58,75,259,673,2902,213,2686,1757,467,4,243,0,0,149,13,0,60,72,242,676
FULTON - 08H,2491,186,2305,2217,88,0,0,0,0,0,0,0,0,0,0,88,2158,159,1999,1916,83,0,0,0,0,0,0,0,0,0,0,83
FULTON - 08J,4002,188,3817,3288,130,27,326,4,0,47,10,11,0,37,351,172,2988,112,2869,2369,118,25,317,0,0,47,0,18,0,25,348,159
FULTON - 08K,735,12,720,634,20,0,0,0,0,0,0,40,0,0,26,25,509,3,513,440,10,0,0,0,0,0,0,38,0,0,25,16
FULTON - 08L,6388,487,5901,4398,1206,0,202,55,28,0,8,0,4,12,202,1210,5679,293,5386,3891,1212,0,197,54,27,0,5,0,0,5,197,1212
FULTON - 08M,3284,260,3037,2147,605,0,183,0,55,0,0,55,0,4,229,605,2716,212,2507,1722,526,0,178,0,54,0,0,20,0,5,199,526
FULTON - 08N1,785,60,727,674,18,0,19,0,0,0,1,8,0,3,26,19,516,30,487,443,17,0,16,0,0,0,0,6,0,0,22,17
FULTON - 08N2,2495,47,2455,1750,442,0,149,0,0,59,16,28,0,16,176,504,2330,48,2286,1668,417,0,143,0,0,25,15,10,0,15,155,442
FULTON - 08P,1725,55,1670,934,675,0,0,0,0,0,0,61,0,0,61,675,1534,51,1483,841,589,0,0,0,0,0,0,53,0,0,53,589
FULTON - 09A,6112,639,5468,2933,1980,0,333,0,59,148,9,12,0,9,344,2114,4798,394,4402,2365,1695,0,266,0,41,20,8,3,5,13,270,1722
FULTON - 09B,561,47,526,25,468,0,0,0,64,0,4,0,1,2,0,467,389,34,362,3,345,0,0,0,22,0,1,0,2,2,0,346
FULTON - 09C,2973,19,2954,117,2837,0,0,0,0,0,0,0,0,0,0,2837,2557,18,2539,118,2417,0,0,0,0,0,0,0,4,4,0,2421
FULTON - 09D,2053,28,2014,47,1918,0,40,0,0,0,0,0,0,0,40,1918,1699,27,1665,44,1568,0,40,0,0,4,0,0,0,0,40,1573
FULTON - 09E,3169,324,2832,854,1861,0,71,0,0,0,0,7,25,24,82,1876,2580,308,2266,769,1392,5,58,1,0,0,0,8,37,34,66,1410
FULTON - 09F,4862,341,4521,3415,835,0,175,0,16,59,20,16,0,23,191,885,3896,272,3625,2855,582,0,82,0,16,65,0,22,0,4,104,642
FULTON - 09G,4909,93,4830,3185,1417,10,53,0,22,91,0,27,0,10,81,1512,4121,92,4037,2755,1109,0,52,0,25,51,0,23,0,0,75,1162
FULTON - 09H,1777,203,1560,580,847,0,44,0,77,30,0,7,0,0,50,873,1612,184,1420,560,729,0,47,0,71,29,0,6,0,0,53,756
FULTON - 09I,1464,164,1313,80,1183,0,35,0,0,0,0,0,30,31,31,1223,1224,96,1134,72,1008,0,25,3,0,0,0,0,22,30,25,1049
FULTON - 09K,3526,123,3368,227,3056,0,0,0,0,25,0,0,36,36,0,3131,2341,141,2172,201,1885,0,0,0,0,23,0,0,42,40,0,1953
FULTON - 09K1,3316,192,3160,295,2759,0,7,0,47,7,0,0,41,44,7,2795,2631,196,2464,270,2135,0,10,0,22,9,4,0,33,40,10,2174
FULTON - 09M,2710,49,2667,1610,732,0,70,0,142,76,16,5,0,16,76,831,1939,35,1906,1137,535,0,68,0,136,5,15,7,0,15,74,543
FULTON - 10A,3218,143,3084,33,2842,0,0,0,3,32,0,0,151,151,0,3037,2323,97,2232,40,2041,0,0,0,3,29,0,3,106,106,4,2174
FULTON - 10B,4265,102,4172,70,4031,0,0,0,28,0,9,21,0,6,30,4036,4058,100,3968,63,3838,0,0,0,24,0,7,25,0,4,34,3841
FULTON - 10C,2673,39,2656,12,2655,0,0,0,0,0,0,0,0,0,0,2652,2321,36,2301,10,2294,0,0,0,0,0,0,0,0,0,0,2293
FULTON - 10D,1611,143,1468,0,1464,0,0,0,0,0,4,0,0,4,0,1464,936,0,936,0,936,0,0,0,0,0,0,0,0,0,0,936
FULTON - 10D1,4330,236,4121,95,3933,0,0,0,0,68,0,0,33,33,0,4017,2635,25,2564,92,2423,4,0,0,0,19,5,1,29,38,0,2471
FULTON - 10D2,2329,142,2169,78,1826,0,0,0,280,0,0,0,0,0,0,1832,1509,76,1420,80,1338,0,0,0,0,0,0,0,0,0,0,1341
FULTON - 10E,1218,5,1203,0,1196,0,0,0,0,0,0,0,0,0,0,1200,897,3,885,0,876,0,0,0,0,0,0,0,0,0,0,881
FULTON - 10F,980,24,959,23,868,0,0,0,0,50,0,9,0,0,0,903,819,26,799,23,702,0,0,3,0,72,0,9,0,0,0,738
FULTON - 10G,1471,79,1407,21,1358,0,0,0,0,0,2,0,0,2,11,1383,1187,78,1122,22,1108,0,0,0,0,0,2,0,0,0,0,1100
FULTON - 10H1,533,0,533,24,447,0,49,0,0,18,0,10,0,0,68,478,372,0,372,24,281,0,52,2,0,0,0,10,0,0,71,313
FULTON - 10H2,3085,24,3073,25,2871,0,0,0,20,31,0,0,122,122,0,3024,2453,21,2438,24,2235,0,0,0,22,33,1,0,120,123,0,2389
FULTON - 10I,402,0,389,11,378,0,0,0,0,0,3,0,0,6,0,376,371,0,358,12,344,0,0,0,0,0,3,0,0,8,0,344
FULTON - 10J,1150,0,1145,32,1006,0,0,0,0,128,0,0,0,0,0,1108,864,0,860,33,817,0,0,0,0,0,0,0,0,0,0,822
FULTON - 10K,1639,59,1581,263,1293,7,0,0,0,33,0,22,24,29,5,1334,1319,37,1284,218,1052,0,0,0,0,0,0,17,24,24,12,1075
FULTON - 10M,3472,174,3303,488,2594,0,298,0,0,0,0,14,17,17,312,2608,2588,131,2461,461,1903,0,109,0,0,0,0,15,16,16,124,1917
FULTON - 10P,2072,28,2042,82,1878,0,0,0,59,0,0,0,23,23,0,1901,1480,26,1453,76,1314,0,0,0,33,0,5,0,25,30,0,1339
FULTON - 10R,1002,0,990,0,994,0,0,0,0,0,0,0,0,0,0,994,702,0,696,0,695,0,0,0,0,0,4,0,0,2,0,694
FULTON - 11B,4016,49,3981,37,3904,2,15,0,28,0,3,0,0,3,15,3894,3042,52,2997,34,2933,0,12,0,21,4,0,0,0,0,12,2926
FULTON - 11B1,2480,112,2369,0,2308,10,0,0,3,66,2,0,20,35,0,2348,1949,112,1843,0,1802,12,0,0,2,0,0,0,17,29,0,1822
FULTON - 11B2,228,2,226,0,219,0,0,0,2,0,0,0,0,0,0,216,183,2,180,0,175,0,0,0,1,0,0,0,0,0,0,173
FULTON - 11C,117,55,95,0,73,0,0,0,0,6,0,0,0,0,0,77,114,66,91,0,72,0,0,0,0,8,0,0,0,0,0,77
FULTON - 11C2,2284,23,2258,6,2246,0,0,0,13,5,0,0,0,0,0,2245,1688,22,1659,6,1642,0,0,0,13,11,0,0,0,0,0,1646
FULTON - 11C3,713,0,711,15,668,0,0,0,0,0,0,0,10,11,0,679,646,0,644,16,602,0,0,0,0,0,0,0,9,10,0,611
FULTON - 11E1,1685,0,1687,1,1681,0,0,0,0,5,0,0,0,0,0,1681,1124,0,1126,1,1119,0,0,0,0,0,0,0,0,0,0,1122
FULTON - 11E2,1154,0,1158,0,1154,0,0,0,0,0,0,0,3,3,0,1166,956,0,960,0,964,0,0,0,0,0,0,0,0,0,0,970
FULTON - 11E3,4747,1,4750,0,4692,0,73,0,0,0,0,0,1,1,73,4680,3279,1,3278,4,3208,0,71,0,0,0,0,0,0,0,71,3200
FULTON - 11G,1833,0,1830,147,1564,6,0,0,26,52,0,0,26,32,0,1639,1707,0,1704,146,1452,5,0,0,23,53,0,0,21,26,0,1524
FULTON - 11H,724,11,713,71,592,0,0,0,0,0,0,1,0,3,0,610,598,11,585,70,490,0,0,0,0,0,0,1,0,2,0,495
FULTON - 11J,1784,5,1777,63,1692,17,0,0,0,0,0,0,0,17,0,1690,1298,6,1291,60,1212,15,0,0,0,0,0,0,0,15,0,1213
FULTON - 11K,2465,115,2355,131,2194,0,0,0,0,0,0,20,18,17,27,2217,1852,77,1785,123,1628,0,0,0,0,0,4,20,18,20,26,1648
FULTON - 11M,1532,105,1394,205,1182,0,13,0,0,10,0,0,0,0,13,1194,1316,92,1181,150,1023,0,8,0,0,11,0,0,0,0,8,1037
FULTON - 11M1,3093,0,3093,31,2980,0,0,0,0,82,0,0,0,0,0,3062,2255,0,2255,28,2147,0,0,0,0,80,0,0,0,0,0,2227
FULTON - 11N,2818,34,2783,0,2724,0,53,0,0,0,0,0,15,15,53,2737,2192,32,2155,0,2108,0,34,0,0,0,0,0,18,18,34,2129
FULTON - 11P,3169,1,3161,28,3131,0,0,0,0,0,0,0,0,0,0,3137,2445,0,2442,26,2413,0,0,0,0,0,0,0,4,4,0,2418
FULTON - 11R,4381,96,4282,27,4255,0,0,0,0,0,0,0,0,0,0,4250,3035,52,2976,28,2948,0,0,0,0,0,0,0,0,0,0,2944
FULTON - 12A,2559,37,2522,515,1945,0,15,0,0,0,0,0,47,47,15,1992,2049,40,2009,502,1470,0,13,0,0,0,0,0,24,24,13,1494
FULTON - 12A1,2811,153,2658,824,1680,0,28,0,0,41,0,48,37,37,76,1758,2637,153,2484,786,1537,0,29,0,0,37,5,48,42,47,77,1616
FULTON - 12D,1599,18,1582,71,1483,0,9,0,0,15,0,0,0,0,11,1496,1237,15,1225,76,1128,0,5,0,0,16,0,0,0,0,5,1140
FULTON - 12E1,2339,493,2015,320,1632,0,7,0,9,52,2,0,0,2,5,1683,2139,464,1830,322,1455,0,4,0,10,39,0,0,0,0,4,1499
FULTON - 12E2,0,0,0,0,0,0,0,0,0,0,0,0,0,0,0,0,0,0,0,0,0,0,0,0,0,0,0,0,0,0,0,0
FULTON - 12F,1030,53,974,54,863,0,10,4,0,39,0,0,0,0,10,903,783,43,736,48,668,0,9,0,0,9,0,0,0,0,9,676
FULTON - 12G,916,80,817,96,689,0,0,0,0,20,6,0,0,6,0,711,827,54,762,89,640,0,0,0,3,24,0,0,0,0,0,663
FULTON - 12H1,985,80,754,47,687,0,0,0,0,23,0,0,0,0,0,711,712,71,494,49,451,0,0,0,0,0,0,0,0,0,0,451
FULTON - 12H2,3720,99,3640,248,3389,0,7,0,0,0,0,0,24,17,7,3401,2593,44,2561,136,2410,0,7,0,0,0,0,0,28,18,7,2426
FULTON - 12I,849,33,813,52,747,0,0,0,0,0,0,0,0,0,0,751,787,21,766,48,703,0,0,0,0,0,0,0,0,0,0,707
FULTON - 12J,4029,0,4029,37,3560,320,0,6,0,101,0,0,5,325,0,3666,2870,0,2870,36,2623,152,0,0,0,59,0,0,0,152,0,2682
FULTON - 12K,3931,111,3813,691,2809,0,165,0,15,66,5,29,0,5,194,2882,2890,83,2801,557,2039,0,107,0,17,28,0,23,0,0,130,2077
FULTON - 12L,566,35,534,73,475,0,0,0,0,0,0,0,0,0,0,471,506,20,486,76,425,0,0,0,0,0,0,0,0,0,0,421
FULTON - 12M,3295,176,3103,36,2967,0,8,0,8,0,0,0,59,66,8,3035,2519,100,2408,37,2313,0,8,0,7,0,0,0,25,35,8,2347
FULTON - 12N,1232,0,1239,133,1026,0,0,0,0,113,0,0,0,0,0,1132,919,0,925,117,771,0,0,0,0,66,0,1,0,0,1,827
FULTON - 12S,3864,120,3746,70,3576,0,73,0,0,0,0,0,31,31,73,3606,2612,123,2492,71,2349,0,75,0,0,0,0,0,0,0,75,2350
FULTON - AP01A,5868,380,5495,3256,548,4,1436,0,0,11,5,81,0,9,1532,559,4680,177,4507,2636,450,0,1223,0,0,12,0,9,0,0,1238,462
FULTON - AP01B,1865,129,1736,1241,213,16,253,0,0,0,13,0,0,29,253,213,1466,118,1348,1098,144,0,106,0,0,0,0,0,0,0,106,144
FULTON - AP01C,2942,353,2577,1737,272,0,451,0,0,111,0,15,0,0,465,420,2054,243,1819,1308,184,0,290,0,0,21,0,15,0,0,303,226
FULTON - AP01D,952,58,895,452,249,0,119,0,0,0,0,17,0,3,138,257,800,46,754,388,228,3,87,0,0,0,0,12,0,3,101,231
FULTON - AP01E,0,0,0,0,0,0,0,0,0,0,0,0,0,0,0,0,0,0,0,0,0,0,0,0,0,0,0,0,0,0,0,0
FULTON - AP021,3396,304,3086,2320,317,5,248,0,0,56,17,81,51,74,313,418,2741,260,2476,1861,262,0,207,0,0,47,17,27,51,73,214,359
FULTON - AP022,3646,114,3397,2504,492,0,302,0,17,111,0,80,0,0,361,594,2456,76,2309,1858,171,0,245,0,0,35,0,42,0,0,268,214
FULTON - AP023,1316,28,1372,578,474,0,255,0,7,12,0,44,0,0,309,484,962,23,976,544,174,0,235,0,0,24,0,0,0,0,249,204
FULTON - AP02B,923,16,1072,803,175,0,72,0,1,42,2,0,0,1,80,217,834,15,918,741,95,0,67,0,0,38,0,0,2,1,71,125
FULTON - AP03,2436,431,2003,344,1453,6,9,0,6,170,6,0,0,12,10,1629,1645,256,1389,345,928,6,7,0,12,78,7,0,0,13,9,1012
FULTON - AP04A,2433,343,2116,1475,315,0,287,0,0,0,0,16,0,0,301,314,1564,109,1472,977,307,0,175,0,0,0,0,19,3,3,191,310
FULTON - AP04B,564,44,518,393,16,0,97,0,0,0,3,3,0,2,100,18,393,38,355,270,15,0,72,0,0,0,4,0,0,0,72,17
FULTON - AP05,5402,527,4867,3553,411,19,740,0,92,21,31,32,0,50,776,432,4293,483,3807,2907,273,18,531,0,57,0,28,6,0,46,535,271
FULTON - AP06,2073,173,1907,1716,45,0,28,0,0,54,5,20,0,5,56,94,1419,103,1325,1208,46,0,26,7,0,13,0,2,0,0,32,59
FULTON - AP07A,4258,351,3904,2809,416,0,491,0,0,153,22,57,0,22,532,577,3263,251,3010,2386,370,0,138,0,0,74,23,9,0,23,151,459
FULTON - AP07B,1175,161,1023,714,116,0,138,0,0,0,0,45,0,0,181,116,847,100,756,525,112,0,92,0,0,0,0,34,0,0,125,103
FULTON - AP07C,1312,86,1223,964,13,0,200,0,0,3,7,10,0,5,205,25,1102,82,1018,837,10,0,113,0,0,3,4,3,0,4,128,16
FULTON - AP09A,5770,244,5529,3058,613,0,1698,0,83,66,11,39,0,11,1726,684,4122,207,3923,2325,545,0,947,0,80,74,6,4,0,6,947,620
FULTON - AP09B,1399,92,1307,601,291,0,347,0,0,6,9,15,0,16,366,292,992,67,917,488,182,0,194,0,0,0,4,5,0,8,198,187
FULTON - AP10,1203,24,1191,1098,1,0,30,0,0,33,9,0,0,11,28,35,960,16,950,888,0,0,15,0,0,20,9,0,0,9,15,17
FULTON - AP12A,1576,380,1220,628,575,0,91,0,0,10,3,13,0,12,110,558,1360,236,1120,603,563,0,59,0,0,10,0,0,0,3,58,542
FULTON - AP12B,1488,171,1293,319,86,0,595,0,5,5,22,141,0,13,735,91,876,132,741,258,68,0,173,0,0,4,10,95,0,7,268,73
FULTON - AP12C,2222,19,2203,1441,509,0,159,0,0,85,0,9,0,0,168,594,1811,20,1791,1361,218,0,110,0,0,88,0,14,0,0,124,306
FULTON - AP12D,0,0,0,0,0,0,0,0,0,0,0,0,0,0,0,0,0,0,0,0,0,0,0,0,0,0,0,0,0,0,0,0
FULTON - AP14,304,16,281,18,0,0,417,0,0,0,0,0,0,0,402,0,256,22,230,13,0,0,394,0,0,0,0,0,0,0,388,0
FULTON - AP14A,3745,235,3523,2240,546,0,508,0,87,59,14,12,8,30,531,607,2434,103,2331,1638,243,0,359,0,34,30,10,0,8,24,356,280
FULTON - CH01,629,61,564,131,485,0,0,0,0,1,0,0,0,0,0,481,427,66,364,118,263,0,0,0,0,0,0,0,0,0,0,260
FULTON - CH02,299,11,286,271,41,0,0,0,0,1,0,0,0,0,0,44,271,6,268,258,38,0,0,0,0,0,0,0,0,0,0,41
FULTON - CH03,309,4,302,239,60,0,0,0,0,1,0,0,0,0,0,62,277,7,265,224,44,0,0,0,0,0,0,0,0,0,0,41
FULTON - CH04A,1196,15,1201,1309,27,0,0,0,0,21,0,0,0,10,0,43,959,13,949,1001,24,0,0,0,0,22,0,0,0,9,0,38
FULTON - CH04B,12,7,7,8,3,0,0,0,0,0,0,0,0,0,0,3,9,1,7,7,3,0,0,0,0,0,0,0,0,0,0,3
FULTON - CH05,497,5,495,493,15,0,0,0,0,11,0,0,25,6,0,27,445,3,449,428,18,0,0,0,0,7,0,0,24,6,0,31
FULTON - CP011,1561,101,1447,449,978,0,0,0,0,22,3,0,0,1,0,1002,1363,44,1305,435,844,0,0,0,0,23,4,0,0,2,0,868
FULTON - CP012,1440,17,1449,256,1178,0,0,0,0,26,2,0,0,4,0,1203,1133,21,1137,240,911,0,0,0,0,0,2,0,0,4,0,910
FULTON - CP01B,347,0,353,154,161,0,48,0,0,0,0,0,0,1,48,163,295,0,294,131,124,0,44,0,0,0,0,1,0,0,46,124
FULTON - CP02,1200,4,1188,278,842,0,52,0,0,11,0,0,0,0,52,855,1116,0,1112,221,821,0,50,0,0,15,0,0,0,0,50,836
FULTON - CP04A,0,0,0,0,0,0,0,0,0,0,0,0,0,0,0,0,0,0,0,0,0,0,0,0,0,0,0,0,0,0,0,0
FULTON - CP04B,115,0,102,0,78,0,0,0,0,6,0,0,0,0,0,83,68,0,57,0,40,0,0,0,0,0,0,0,0,0,0,40
FULTON - CP051,80,0,77,0,74,0,0,0,0,0,0,0,0,0,2,77,47,0,44,0,44,0,0,0,0,0,0,0,0,0,0,45
FULTON - CP052,4,0,4,0,0,0,0,0,0,0,0,0,0,0,0,0,3,0,2,0,0,0,0,0,0,0,0,0,0,0,0,0
FULTON - CP05B,98,0,99,0,101,0,0,0,0,0,0,0,0,0,0,101,70,0,71,0,73,0,0,0,0,0,0,0,0,0,0,73
FULTON - CP05C,1784,68,1694,38,1611,0,4,0,0,74,0,5,0,0,7,1650,1446,50,1384,38,1325,0,0,0,0,21,0,0,0,0,0,1344
FULTON - CP06A,417,1,416,9,311,0,0,0,0,92,0,0,0,0,0,410,334,1,334,11,307,0,0,0,0,14,0,0,0,0,0,324
FULTON - CP06B,5,0,5,0,2,0,0,0,0,8,0,0,0,0,0,3,4,0,4,0,2,0,0,0,0,4,0,0,0,0,0,3
FULTON - CP07A,1339,137,1260,18,1184,0,0,0,7,17,0,0,0,0,0,1234,908,97,843,19,804,0,0,0,11,7,0,0,0,0,0,817
FULTON - CP07B,17,0,16,0,14,0,0,0,0,0,0,0,0,0,0,14,9,0,8,0,6,0,0,0,0,0,0,0,0,0,0,6
FULTON - CP07C,287,0,296,0,277,0,0,0,0,29,0,0,0,0,0,296,209,0,215,0,206,0,0,0,0,12,0,0,0,0,0,214
FULTON - CP07D,5,4,3,0,3,0,0,0,0,0,0,0,0,0,0,3,4,5,3,0,2,0,0,0,0,0,0,0,0,0,0,2
FULTON - CP07E,58,0,58,0,54,0,0,0,0,0,0,0,0,0,0,57,31,0,30,0,29,0,0,0,0,0,0,0,0,0,0,29
FULTON - CP07F,364,13,306,2,294,0,0,0,3,0,0,0,0,0,0,301,240,15,197,2,189,0,0,0,0,0,0,0,0,0,0,192
FULTON - CP081,599,0,612,0,596,0,0,0,0,8,0,0,0,0,0,619,503,0,513,0,496,0,0,0,0,8,0,0,0,0,0,518
FULTON - CP083,98,0,97,0,91,0,0,0,2,0,3,0,0,0,0,91,89,0,89,0,80,0,0,0,3,2,3,0,0,0,0,81
FULTON - CP084,486,3,480,1,488,0,0,0,0,0,0,0,0,0,0,486,203,2,198,1,197,0,0,0,0,0,0,0,0,0,0,197
FULTON - CP08A,1312,0,1312,0,1169,0,143,0,0,0,0,0,0,0,143,1169,793,0,793,0,646,0,147,0,0,0,0,0,0,0,147,646
FULTON - EP01A,4038,698,3341,825,2372,0,32,0,0,53,21,40,0,20,68,2426,3132,337,2792,700,1972,0,73,0,0,23,11,41,0,10,85,1999
FULTON - EP01B,2228,247,1965,149,1659,0,0,0,37,127,0,6,21,23,6,1806,1492,73,1410,131,1122,0,0,0,14,131,0,10,21,23,10,1263
FULTON - EP01C,1369,52,1305,316,927,0,48,0,0,0,0,0,0,0,52,932,1029,50,974,298,622,0,13,0,0,0,0,0,0,0,42,624
FULTON - EP02A,3459,1041,2410,458,1862,0,7,0,0,69,18,0,0,17,7,1931,2483,355,2126,434,1617,0,5,0,0,66,15,0,0,14,5,1682
FULTON - EP02B,1931,96,1836,624,1119,0,69,0,0,12,7,0,0,8,69,1131,1684,76,1607,596,917,0,65,0,0,8,9,0,0,10,65,926
FULTON - EP02C,528,0,537,321,170,0,0,0,0,38,4,0,0,3,0,204,444,0,452,309,135,0,0,0,0,0,4,4,0,4,3,135
FULTON - EP02D,589,4,564,54,493,2,0,0,0,0,0,0,0,4,0,502,489,0,471,49,405,0,0,3,0,0,0,0,0,0,0,416
FULTON - EP02E,2056,164,1912,326,1588,8,0,0,0,0,6,0,0,13,0,1578,1534,37,1513,257,1267,0,0,2,0,0,4,0,0,5,0,1253
FULTON - EP03A,5695,732,4987,361,4454,0,0,0,16,101,0,0,38,36,0,4588,4472,413,4080,352,3629,4,0,0,3,45,0,0,38,40,0,3717
FULTON - EP03B,1723,151,1574,215,1240,0,17,0,74,29,0,0,0,0,17,1270,1419,81,1334,219,1070,0,13,0,32,0,5,0,0,5,13,1069
FULTON - EP04A,6663,219,6452,106,6151,0,0,0,0,176,0,0,26,26,0,6349,4105,55,4055,96,3873,0,0,0,0,62,0,0,28,28,0,3961
FULTON - EP04B,3486,142,3331,111,3205,0,0,0,0,0,0,0,0,0,0,3207,2394,34,2359,115,2234,0,0,0,0,0,0,0,0,0,0,2238
FULTON - EP04C,3585,123,3454,94,3118,0,196,0,21,5,0,0,6,6,196,3135,3009,116,2891,94,2566,0,197,0,20,0,0,0,4,4,197,2575
FULTON - FA01A,5582,381,5198,336,4901,0,88,0,1,0,0,0,0,0,67,4892,4348,324,4014,306,3735,0,86,4,1,0,0,0,0,0,86,3724
FULTON - FA01B,9262,492,8779,829,7799,0,58,0,13,37,0,0,0,0,56,7852,6513,269,6262,757,5391,0,45,0,14,19,0,0,0,0,44,5423
FULTON - FA01C,2044,74,2008,113,1863,0,0,0,0,0,0,0,0,0,0,1869,1206,70,1142,114,993,0,0,0,0,0,0,0,0,0,0,994
FULTON - FA01D,740,166,577,99,512,0,0,0,0,4,0,0,0,0,0,507,563,143,435,74,378,0,1,0,0,0,0,0,0,0,1,374
FULTON - FC02,371,6,347,2,352,0,0,0,0,0,0,0,0,0,0,343,322,0,367,4,375,0,0,0,0,0,0,0,0,0,0,364
FULTON - HP01,6005,1206,4799,1975,2381,9,292,0,39,61,0,42,0,9,334,2442,4527,438,4089,1843,1876,0,260,0,39,29,0,42,0,0,302,1905
FULTON - JC01,4167,137,4031,2111,317,0,1637,0,4,17,4,62,0,5,1703,326,3079,52,3028,1674,190,0,1207,0,0,0,0,4,0,1,1212,187
FULTON - JC01A,2211,132,2079,712,51,0,1221,0,0,0,4,43,0,4,1262,53,1568,96,1472,532,37,0,851,4,0,0,5,14,0,5,864,37
FULTON - JC02,4405,324,4080,1633,331,0,1692,0,65,0,20,266,0,19,1956,337,3196,180,3015,1499,323,0,1123,0,0,0,23,29,0,22,1152,326
FULTON - JC03A,705,45,661,386,0,0,291,0,7,12,0,0,0,0,288,10,526,35,491,284,0,0,218,0,3,1,0,0,0,0,211,2
FULTON - JC03B,3759,190,3583,2390,561,0,602,0,5,0,0,33,0,0,639,559,2362,148,2216,1377,302,0,510,0,0,0,0,22,0,0,539,300
FULTON - JC04A,3663,305,3358,2263,386,0,641,0,0,0,0,68,0,0,709,386,2476,216,2260,1534,248,6,463,0,0,0,0,9,0,6,472,248
FULTON - JC04B,609,0,611,236,49,0,279,0,0,22,0,0,0,0,282,93,393,1,393,165,28,0,157,0,0,13,0,0,0,0,163,69
FULTON - JC04C,1754,102,1655,939,286,0,394,0,0,5,23,20,0,16,409,296,1262,87,1184,743,214,0,227,0,0,0,17,4,0,13,233,212
FULTON - JC05,2643,103,2525,1578,209,0,601,0,27,35,0,0,32,32,600,280,1831,89,1740,1158,117,0,402,0,9,7,0,4,33,33,406,158
FULTON - JC06,3428,205,3223,1999,138,0,984,0,0,0,0,102,0,0,1086,138,2670,119,2551,1528,87,0,844,0,0,5,0,87,0,0,931,92
FULTON - JC07,5236,347,4894,2031,367,0,2376,0,10,60,0,35,0,0,2410,438,3737,147,3596,1529,351,0,1674,0,12,36,0,0,0,0,1676,386
FULTON - JC08,3268,120,3148,1288,536,0,554,0,1,751,0,37,0,0,592,1280,2577,105,2471,1132,502,0,386,0,0,431,0,26,0,0,411,935
FULTON - JC09,3792,349,3438,1988,695,0,702,0,0,9,0,40,0,0,742,700,2824,196,2623,1541,492,0,558,0,0,8,0,12,0,0,569,499
FULTON - JC10,2819,308,2512,1487,456,0,496,0,0,29,9,31,19,20,524,494,2022,246,1778,1200,308,0,255,0,0,0,9,0,15,18,253,315
FULTON - JC11,4494,179,4322,2606,332,88,1189,0,11,9,4,81,0,92,1271,341,3244,128,3127,2051,276,34,716,0,0,0,0,47,0,34,764,276
FULTON - JC12,3452,326,3118,1926,472,0,648,0,0,108,0,15,0,0,662,542,2764,134,2617,1799,266,0,522,0,0,19,0,9,0,0,530,293
FULTON - JC13A,2724,58,2667,1909,303,0,294,0,5,13,0,141,0,0,446,305,2202,62,2136,1651,242,0,230,4,0,0,0,16,0,0,245,246
FULTON - JC13B,394,25,368,286,46,0,11,0,0,0,0,40,0,0,30,55,341,16,328,281,29,0,12,1,0,0,0,0,0,0,14,25
FULTON - JC14,2895,114,2782,1616,189,0,738,0,0,170,0,7,0,0,755,399,2035,69,1969,1220,147,0,532,0,0,73,0,0,0,0,531,212
FULTON - JC15,1173,138,1023,465,310,0,200,0,38,25,0,24,0,0,214,335,859,92,762,375,232,0,139,0,28,8,0,0,0,0,143,241
FULTON - JC16,2961,153,2817,1845,447,0,440,0,30,79,0,4,0,2,442,495,2150,94,2053,1462,181,3,346,4,0,63,0,4,0,2,350,226
FULTON - JC18,3499,69,3428,3076,213,0,99,0,0,9,0,21,0,0,120,222,2669,43,2624,2314,205,0,96,0,0,0,0,0,0,0,96,205
FULTON - JC19,2287,259,2026,1540,190,0,55,0,0,0,0,212,0,0,278,189,1449,44,1412,1134,184,0,58,0,0,0,0,28,0,0,88,182
FULTON - JC19A,3758,673,3087,2269,480,0,296,0,0,0,22,43,0,22,330,481,2780,325,2448,1807,427,0,205,0,0,0,12,6,0,12,209,429
FULTON - ML01A,3373,249,3111,2370,103,9,480,0,0,23,24,79,0,33,560,127,2484,221,2253,1672,119,0,417,0,0,7,7,23,0,6,430,141
FULTON - ML01B,655,21,630,575,38,0,3,0,0,13,7,10,0,7,20,54,489,19,475,427,24,0,2,0,0,7,3,0,0,3,7,47
FULTON - ML01C,185,19,167,122,2,0,21,0,0,2,0,2,0,0,21,8,123,9,114,88,1,0,9,0,0,15,0,1,0,0,11,6
FULTON - ML02A,3167,579,2582,2200,174,8,111,0,1,3,21,30,0,32,142,200,1996,274,1725,1468,137,0,85,0,0,13,13,0,0,13,85,145
FULTON - ML02B,2491,159,2381,2136,159,0,63,0,2,23,7,1,0,8,78,181,1716,94,1631,1489,107,0,40,0,0,6,3,0,0,3,41,115
FULTON - ML03,3963,389,3580,2888,333,7,149,0,144,37,19,0,0,21,145,397,2775,173,2610,2104,291,0,133,0,103,0,15,4,0,14,133,294
FULTON - ML03A,676,55,629,500,142,0,18,0,3,10,1,0,0,1,15,157,426,28,399,321,68,0,15,0,0,2,0,0,0,0,14,73
FULTON - ML04,4697,347,4308,3156,488,4,543,0,0,0,0,73,0,3,646,482,3167,141,3002,2300,323,0,384,0,0,0,0,45,0,0,436,321
FULTON - ML05,6772,642,6079,3652,1304,0,1018,0,30,24,10,88,0,11,1098,1335,4401,308,4076,2749,698,0,594,0,0,0,20,26,0,19,619,698
FULTON - ML06A,3867,334,3545,1496,1529,0,384,0,0,114,0,9,0,0,397,1641,3174,326,2858,1234,1346,0,236,0,0,32,0,5,0,1,241,1383
FULTON - ML06B,3556,385,3188,1982,589,13,250,0,23,182,123,13,0,136,263,772,2928,356,2572,1748,467,17,221,0,10,16,54,18,0,71,238,480
FULTON - ML07A,897,0,904,580,46,0,106,0,73,157,11,0,0,9,111,128,641,0,642,472,33,0,92,0,24,25,7,0,0,8,93,49
FULTON - ML07B,2450,301,2143,1645,291,0,152,0,26,0,7,0,0,10,149,304,1752,165,1583,1242,222,0,81,0,19,0,4,0,0,4,81,221
FULTON - MP01,627,28,595,477,82,0,5,0,2,9,8,0,0,8,6,82,570,26,543,458,73,0,5,0,0,0,4,0,0,5,5,65
FULTON - PA01,4410,844,3524,1126,2072,0,0,0,0,17,84,0,0,93,0,2120,3330,555,2751,968,1596,0,0,0,0,20,31,0,0,40,0,1647
FULTON - RW01,4521,352,4169,3762,117,0,163,0,0,42,26,59,0,26,222,159,3617,348,3269,2984,70,5,146,0,0,30,18,16,0,23,162,100
FULTON - RW02,6102,461,5641,4980,295,0,262,0,26,65,0,13,0,0,275,360,4401,235,4166,3600,286,0,204,0,8,63,5,0,0,5,204,349
FULTON - RW03,377,38,335,338,0,0,0,0,0,0,0,10,0,0,4,0,362,43,318,325,0,0,0,0,0,0,0,9,0,0,1,0
FULTON - RW03A,645,76,568,453,14,0,0,0,26,11,4,13,0,3,31,25,580,47,532,419,17,0,0,0,22,13,0,7,0,0,31,26
FULTON - RW03B,2311,166,2133,1496,546,0,65,0,0,10,22,0,0,22,65,556,1910,166,1735,1151,500,0,68,0,0,7,19,0,0,19,68,507
FULTON - RW03C,3382,869,2532,1551,676,0,32,0,62,195,5,34,0,6,54,873,2602,390,2223,1466,549,0,31,0,68,91,4,39,0,4,54,645
FULTON - RW04,1916,289,1597,1463,70,0,13,0,10,13,12,37,0,12,41,77,1427,159,1262,1168,57,0,12,0,0,0,13,23,0,12,30,54
FULTON - RW05,3156,474,2544,1644,742,0,126,0,0,21,13,0,0,11,126,760,2374,369,1922,1256,510,4,119,0,0,20,8,0,3,13,118,528
FULTON - RW05A,1791,967,902,469,297,0,33,0,51,44,6,0,0,6,30,339,1170,363,807,447,239,0,31,0,47,31,6,1,0,6,29,270
FULTON - RW06,3459,396,3063,2529,200,12,116,0,0,35,11,160,0,23,276,235,2455,174,2280,1915,195,0,83,0,0,36,19,35,0,19,118,231
FULTON - RW07A,2705,650,1955,530,1432,0,0,0,0,0,0,0,0,0,0,1429,1673,224,1452,490,963,0,0,0,0,0,0,4,0,0,5,961
FULTON - RW07B,3411,2597,836,463,347,0,35,0,0,0,0,0,0,0,37,344,1324,707,614,404,209,0,10,0,0,0,0,0,0,0,10,204
FULTON - RW08,3313,185,3128,2851,139,6,128,0,0,4,0,0,0,6,128,147,2827,132,2695,2484,83,7,117,0,0,0,0,0,0,7,117,87
FULTON - RW09,4727,150,4585,3808,279,1,162,0,121,39,11,135,0,13,299,335,3456,82,3379,2933,212,2,117,0,45,22,11,28,0,12,150,241
FULTON - RW09A,2979,200,2766,2213,274,7,139,0,0,31,35,93,0,42,218,288,1943,120,1812,1521,126,0,65,0,0,48,14,63,0,15,119,156
FULTON - RW10,3066,104,2962,2595,291,0,42,0,0,0,34,0,0,34,42,291,2302,64,2238,1951,236,0,37,0,0,0,14,0,0,14,37,236
FULTON - RW10A,1028,42,986,830,133,0,0,0,10,0,0,0,13,13,0,146,918,45,873,729,133,0,0,0,0,0,0,0,11,11,0,144
FULTON - RW11A,3226,114,3113,2391,516,0,127,0,0,71,0,0,0,0,127,587,2658,100,2559,2016,387,0,99,0,0,50,0,5,4,3,104,441
FULTON - RW11B,24,5,18,3,7,0,10,0,0,6,0,0,0,0,10,13,18,3,14,3,0,0,9,0,0,0,0,0,0,1,9,0
FULTON - RW12,3705,150,3560,3060,69,7,358,6,0,47,5,11,0,11,373,122,2619,73,2544,2184,62,10,255,0,0,14,7,15,0,16,269,80
FULTON - RW12A,4213,328,3888,3027,181,0,544,0,0,25,0,38,0,3,584,218,3135,229,2916,2360,166,6,280,0,0,11,0,26,2,11,319,178
FULTON - RW13,4591,984,3609,3095,212,16,167,0,77,34,21,13,0,32,183,248,3490,652,2838,2514,156,11,138,0,0,12,23,0,0,35,139,170
FULTON - RW16,2151,73,2079,1548,343,0,124,0,8,55,0,0,0,0,124,393,1659,71,1589,1302,190,0,90,0,9,0,0,0,0,0,90,186
FULTON - RW17,3858,211,3647,2606,673,0,108,0,10,223,0,27,0,0,135,896,2957,173,2784,2309,396,4,63,0,12,0,0,0,0,4,63,396
FULTON - RW19,2784,212,2578,2004,454,0,74,0,0,54,0,0,0,0,75,506,1868,84,1786,1328,332,4,75,0,0,50,0,0,0,4,75,378
FULTON - RW20,2917,219,2730,1784,703,0,118,0,24,79,3,20,0,3,146,786,2237,100,2140,1394,559,0,95,0,0,74,3,24,0,4,124,634
FULTON - RW21,139,8,129,102,5,0,0,0,0,0,0,0,0,0,1,7,115,1,117,96,0,0,0,0,0,0,0,1,0,0,1,2
FULTON - RW21A,3648,125,3523,2970,323,0,78,0,0,137,9,6,0,9,84,460,2813,47,2766,2292,327,0,80,0,0,58,9,0,0,9,80,385
FULTON - RW22A,4622,343,4281,2318,1346,0,338,0,157,78,6,24,34,40,360,1456,3778,263,3516,2122,1018,0,250,0,0,91,0,7,35,35,257,1144
FULTON - RW22B,14,1,12,1,3,0,0,0,0,2,0,0,0,0,0,6,9,1,8,1,3,0,0,0,0,0,0,0,0,0,0,3
FULTON - RW22C,10,0,9,0,0,0,0,0,0,1,0,0,0,0,0,2,7,0,7,0,0,0,0,0,0,0,0,0,0,0,0,0
FULTON - SC01A,31,0,31,1,24,0,0,0,0,0,0,0,0,0,0,25,22,0,21,1,15,0,0,0,0,0,0,0,0,0,0,17
FULTON - SC01B,2228,0,2222,0,1904,0,219,0,20,1,0,0,81,81,219,1986,1676,7,1669,0,1553,0,66,0,10,0,0,0,36,36,66,1587
FULTON - SC01C,2986,2,2975,4,2783,0,0,0,104,0,0,0,53,53,0,2848,2241,3,2237,4,2114,0,0,0,49,0,0,0,51,51,0,2175
FULTON - SC02,716,8,706,25,677,0,0,0,0,7,0,0,0,1,0,692,630,5,625,24,598,0,0,0,0,7,0,0,0,0,0,611
FULTON - SC02A,506,0,508,22,475,4,0,0,0,16,0,0,0,2,0,486,377,0,378,23,346,0,0,0,0,12,0,0,0,0,0,358
FULTON - SC04,1025,85,942,411,388,0,75,0,0,3,0,0,0,0,75,395,870,73,802,408,288,0,75,0,0,0,0,0,0,0,75,290
FULTON - SC05A,722,20,701,0,703,0,0,0,1,0,0,0,0,0,0,696,562,17,546,0,547,0,0,0,1,0,0,0,0,0,0,541
FULTON - SC05B,2039,42,2000,106,1894,0,0,0,0,0,0,0,0,0,0,1893,1340,18,1326,105,1222,0,0,0,0,0,0,0,0,0,0,1221
FULTON - SC05C,2624,51,2568,15,2517,0,0,4,0,0,0,0,19,19,0,2551,1957,31,1918,15,1897,0,0,0,0,0,0,0,0,0,0,1904
FULTON - SC05D,4185,256,3905,1,3903,0,0,0,0,29,0,0,0,0,33,3925,3042,171,2865,2,2868,0,0,0,0,11,0,32,0,0,42,2871
FULTON - SC05E,627,54,593,30,510,0,0,0,0,0,0,0,25,12,0,517,521,48,487,27,413,0,0,0,0,0,0,0,20,10,0,423
FULTON - SC07A,7124,112,7030,453,6345,0,89,0,0,147,0,0,0,0,90,6491,5117,94,5009,444,4475,0,86,0,0,0,0,0,0,0,87,4473
FULTON - SC07B,0,0,0,0,0,0,0,0,0,0,0,0,0,0,0,0,0,0,0,0,0,0,0,0,0,0,0,0,0,0,0,0
FULTON - SC07C,15,3,15,3,11,0,0,0,0,0,0,0,0,0,0,11,12,1,12,3,9,0,0,0,0,0,0,0,0,0,0,9
FULTON - SC07D,946,5,930,177,799,0,0,0,8,24,0,0,0,13,0,811,655,5,646,182,510,0,0,1,4,7,1,0,0,10,0,523
FULTON - SC07E,1918,167,1727,73,1501,0,4,0,15,54,0,14,0,0,19,1562,1437,50,1373,65,1179,0,4,0,21,40,0,12,0,0,16,1217
FULTON - SC08A,0,0,0,0,0,0,0,0,0,0,0,0,0,0,0,0,0,0,0,0,0,0,0,0,0,0,0,0,0,0,0,0
FULTON - SC08B,5651,268,5392,152,5023,0,19,0,0,66,0,0,0,0,55,5157,4307,138,4173,149,3818,0,17,0,0,70,0,0,0,0,53,3947
FULTON - SC08C,75,2,73,0,73,0,0,0,0,0,0,0,4,4,0,76,72,0,71,0,72,0,0,0,0,0,0,0,5,5,0,75
FULTON - SC08D,443,13,429,29,376,0,0,0,0,0,0,0,0,0,0,376,353,6,347,31,294,0,0,0,0,0,0,0,0,0,0,296
FULTON - SC08E,765,30,727,5,700,0,0,0,0,23,0,0,0,0,0,718,560,31,517,6,504,0,0,0,0,7,0,0,0,0,0,510
FULTON - SC08F,586,11,566,0,550,0,0,0,0,0,0,0,13,13,0,580,555,10,534,4,514,0,0,0,0,0,0,0,10,10,0,542
FULTON - SC08G,48,0,49,0,42,0,0,0,1,4,0,0,0,0,0,44,13,0,14,0,11,0,0,0,1,3,0,0,0,0,0,12
FULTON - SC08H,0,0,0,0,0,0,0,0,0,0,0,0,0,0,0,0,0,0,0,0,0,0,0,0,0,0,0,0,0,0,0,0
FULTON - SC08I,301,18,277,42,248,0,0,0,0,0,0,0,0,0,0,251,256,11,243,47,211,0,0,0,0,0,0,0,0,0,0,214
FULTON - SC08J,19,0,14,0,9,0,0,0,0,0,0,0,0,0,0,12,20,0,17,0,11,0,0,0,0,0,0,0,0,0,0,14
FULTON - SC09A,2201,0,2201,39,2068,0,90,0,0,0,0,0,0,1,90,2071,1634,0,1634,39,1507,0,87,0,0,0,0,0,0,0,87,1507
FULTON - SC09B,2238,0,2239,0,2239,0,0,0,0,0,0,0,0,0,0,2239,1623,0,1623,0,1623,0,0,0,0,0,0,0,0,0,0,1623
FULTON - SC09C,2396,13,2383,34,2345,0,0,0,0,0,8,0,0,7,0,2342,1773,13,1760,33,1718,0,0,0,0,0,10,0,0,10,0,1718
FULTON - SC10,2045,0,2044,202,1802,0,0,0,0,59,0,0,0,0,0,1843,1473,0,1472,190,1242,0,0,0,0,58,0,0,0,0,0,1283
FULTON - SC11A,2014,67,1926,137,1783,0,4,0,0,0,0,0,0,0,4,1783,1530,68,1440,137,1302,0,7,0,0,0,0,0,0,0,7,1301
FULTON - SC11B,1658,44,1635,23,1610,0,4,0,0,0,0,0,0,0,4,1610,1221,43,1200,20,1172,0,2,0,0,0,0,0,0,0,2,1173
FULTON - SC13,6179,454,5736,92,5455,0,0,0,0,1,0,91,0,0,58,5470,4487,227,4253,90,3996,0,0,0,0,0,0,61,0,0,51,4011
FULTON - SC13A,889,73,815,22,773,0,0,0,0,24,0,0,0,0,0,797,622,56,566,22,546,0,0,0,0,0,0,0,0,0,0,546
FULTON - SC14A,1923,37,1869,27,1788,0,0,0,22,18,0,0,0,0,0,1813,1195,20,1170,27,1094,0,0,0,21,18,0,0,0,0,0,1122
FULTON - SC15,4965,6,4959,0,4906,0,0,0,0,53,0,0,0,0,0,4959,3414,6,3408,0,3354,0,0,0,0,54,0,0,0,0,0,3408
FULTON - SC15A,4110,41,4089,59,3933,0,21,0,94,4,0,32,0,0,53,3930,2974,38,2951,60,2865,0,22,0,25,0,0,15,0,0,37,2859
FULTON - SC16A,2562,49,2504,4,2436,4,42,0,0,0,0,0,9,13,42,2445,1952,54,1895,4,1826,4,46,0,0,0,0,0,11,15,46,1833
FULTON - SC16B,2132,15,2122,42,2021,0,19,0,14,41,0,0,1,0,19,2064,1556,15,1547,45,1464,0,0,0,14,37,0,4,1,0,4,1501
FULTON - SC17A,50,5,46,0,38,0,0,0,0,0,0,0,0,0,0,40,55,8,50,0,42,0,0,0,0,0,0,0,0,0,0,44
FULTON - SC17B,24,5,21,0,7,0,0,0,0,0,0,0,28,28,0,11,26,5,22,2,4,0,0,0,0,0,0,0,29,29,0,10
FULTON - SC17C,1451,5,1451,5,1450,0,0,0,0,0,0,0,0,0,0,1448,875,4,874,5,875,0,0,0,0,0,0,0,0,0,0,873
FULTON - SC18A,1184,8,1177,0,1151,0,4,0,0,13,0,0,0,0,4,1168,1032,2,1027,0,995,0,0,0,6,24,0,0,0,0,0,1015
FULTON - SC18B,987,0,987,0,920,0,98,0,0,5,0,0,0,0,98,928,715,0,712,0,693,0,29,0,0,8,0,0,0,0,29,701
FULTON - SC18C,1727,177,1547,1,1548,0,0,0,0,0,0,0,5,5,0,1550,1385,104,1277,0,1279,0,0,0,0,0,0,0,0,0,0,1281
FULTON - SC18D,627,86,553,95,492,0,0,0,0,0,0,0,0,0,0,488,393,20,373,99,307,0,0,0,0,0,0,0,0,0,0,307
FULTON - SC19A,272,0,268,10,242,0,0,0,0,0,0,0,0,0,0,247,267,0,264,9,236,0,0,0,0,0,0,0,0,0,0,237
FULTON - SC19B,2338,110,2227,8,2214,0,0,0,0,0,0,0,0,0,0,2209,1863,105,1758,13,1750,0,0,0,0,0,0,0,0,0,0,1743
FULTON - SC20,2727,82,2650,0,2641,0,0,4,0,0,0,0,0,0,0,2643,1979,84,1900,0,1905,0,0,0,0,0,0,0,2,2,0,1911
FULTON - SC211,2446,17,2426,84,2312,0,8,0,0,34,0,0,18,21,8,2343,1838,10,1823,82,1734,0,8,0,0,0,0,0,0,0,8,1738
FULTON - SC212,6318,309,5964,499,5480,0,10,0,0,13,0,10,0,0,20,5486,4302,264,4025,329,3716,0,28,0,0,11,0,10,0,0,38,3728
FULTON - SC21A,0,0,0,0,0,0,0,0,0,0,0,0,0,0,0,0,0,0,0,0,0,0,0,0,0,0,0,0,0,0,0,0
FULTON - SC23A,4723,151,4579,52,4378,0,11,0,0,85,5,0,47,52,11,4513,3178,82,3103,53,2967,0,14,0,0,25,0,0,48,48,14,3038
FULTON - SC23B,897,15,862,36,811,0,0,0,0,2,0,0,4,3,7,826,529,11,512,36,469,0,0,0,0,0,0,0,0,0,0,483
FULTON - SC23C,3315,16,3303,18,3213,0,13,0,0,22,0,0,58,58,6,3282,2228,16,2208,19,2137,0,12,0,0,0,0,0,55,55,12,2182
FULTON - SC27,1952,124,1829,43,1768,0,11,0,2,0,6,0,0,9,11,1768,1708,50,1658,48,1586,0,11,0,2,2,10,0,0,13,11,1589
FULTON - SC29A,2415,15,2390,41,2342,0,17,0,0,0,0,0,2,2,17,2342,1853,0,1846,38,1799,0,20,0,0,0,0,0,0,0,20,1797
FULTON - SC29B,0,0,0,0,0,0,0,0,0,0,0,0,0,0,0,0,0,0,0,0,0,0,0,0,0,0,0,0,0,0,0,0
FULTON - SC30A,164,0,161,0,157,0,0,0,4,0,0,0,0,0,0,160,139,0,135,0,132,0,0,0,4,0,0,0,0,0,0,135
FULTON - SC30B,1718,7,1711,8,1525,0,0,0,0,115,0,9,0,0,0,1688,1184,13,1172,10,1154,0,0,0,0,0,0,9,0,0,0,1149
FULTON - SC31,430,0,439,1,453,0,0,0,0,0,0,0,0,0,0,452,310,0,314,1,322,0,0,0,0,0,0,0,0,0,0,324
FULTON - SC32,150,7,143,2,129,0,0,0,6,0,0,0,0,0,0,131,104,0,103,3,90,0,0,0,6,0,0,0,0,0,0,90
FULTON - SC33,10,0,7,0,5,0,0,0,0,4,0,0,0,0,0,7,8,0,4,0,3,0,0,0,0,0,0,0,0,0,0,4
FULTON - SS01,4606,174,4434,4022,239,0,104,9,0,35,0,6,0,0,112,272,3343,57,3288,3004,153,0,96,7,0,10,0,0,0,0,101,163
FULTON - SS01A,1350,17,1331,952,361,0,27,0,0,0,0,0,0,0,27,362,1151,17,1133,848,257,0,31,0,0,0,0,0,0,0,30,258
FULTON - SS02A,1412,57,1349,1079,222,0,4,0,0,25,0,0,0,0,4,245,1097,12,1076,887,157,0,2,0,0,16,0,0,0,0,2,172
FULTON - SS02B,1821,44,1783,563,1114,0,87,0,0,38,0,0,0,0,87,1154,1307,38,1278,487,674,0,93,0,0,38,0,0,0,0,93,713
FULTON - SS03,859,79,780,583,18,0,126,0,20,0,0,13,0,0,150,18,707,47,659,516,21,0,85,0,15,0,0,14,0,0,101,21
FULTON - SS03A,1073,91,982,835,124,0,39,0,4,0,0,0,0,0,28,124,1028,78,951,814,119,0,23,0,3,0,0,0,0,0,21,119
FULTON - SS04,3723,536,3174,2149,806,5,183,0,15,18,8,19,0,13,202,828,3151,374,2763,1928,637,5,178,0,12,19,5,11,4,14,189,664
FULTON - SS04A,275,6,282,146,107,0,0,0,0,0,0,0,0,0,0,103,265,5,274,144,94,0,0,0,0,0,0,0,0,0,0,90
FULTON - SS05,2394,21,2386,2260,39,0,66,0,0,19,4,8,19,9,77,71,1770,21,1752,1653,32,0,66,0,0,5,2,1,19,3,66,47
FULTON - SS06,2163,93,2067,1743,134,0,121,0,0,0,28,41,0,28,162,131,1498,16,1480,1195,133,0,116,0,0,0,10,25,0,11,141,134
FULTON - SS07A,1608,68,1540,1031,356,0,85,0,0,29,0,39,0,0,124,385,1369,37,1332,1000,218,0,71,0,0,28,0,15,0,0,86,246
FULTON - SS07B,1318,97,1216,589,469,0,146,0,54,0,58,0,0,42,141,457,1098,39,1045,512,380,0,150,0,53,0,36,0,0,26,142,369
FULTON - SS07C,1095,191,895,652,100,0,146,0,0,0,0,0,0,0,146,99,784,0,765,526,100,0,134,0,0,0,0,0,0,0,134,93
FULTON - SS08A,2447,121,2323,1009,1030,0,94,0,121,0,0,10,0,0,104,1031,2128,97,2032,920,844,0,69,0,122,0,0,8,0,0,78,848
FULTON - SS08B,893,45,852,526,115,0,48,0,41,0,15,0,0,34,53,129,698,15,696,435,75,0,47,0,41,0,9,0,0,21,55,87
FULTON - SS08C,642,26,616,372,180,0,42,0,0,0,0,0,0,0,42,177,600,29,571,358,153,0,41,0,0,0,0,0,0,0,41,152
FULTON - SS08D,1896,64,1836,881,732,0,117,0,137,0,19,0,0,16,117,730,1746,61,1687,835,660,0,96,0,129,0,20,0,0,18,95,659
FULTON - SS08E,403,30,373,309,79,0,7,0,0,0,0,0,0,0,7,82,354,28,326,287,50,0,8,0,0,0,0,0,0,0,8,51
FULTON - SS09A,3424,141,3278,2862,170,0,212,0,0,18,10,15,0,11,225,188,2742,95,2648,2323,155,0,157,0,0,14,0,0,0,0,158,171
FULTON - SS09B,4110,280,3829,3206,246,0,287,0,0,46,10,30,0,9,318,292,3243,172,3073,2574,180,0,254,0,0,49,0,12,0,0,266,227
FULTON - SS11A,5068,448,4628,2974,1307,0,231,0,16,59,18,33,0,18,263,1366,4467,326,4143,2689,1160,0,220,0,0,61,9,10,0,9,230,1220
FULTON - SS11B,3584,1503,1914,1276,567,0,8,0,25,21,0,40,0,0,49,582,2409,500,1803,1257,493,0,0,0,8,16,0,38,0,0,38,508
FULTON - SS11C,1017,149,877,370,443,0,39,0,20,18,0,0,0,0,39,461,938,96,859,352,442,0,49,0,21,19,0,0,0,0,49,464
FULTON - SS11D,346,3,464,267,74,0,18,0,58,0,0,12,0,0,35,79,288,2,365,258,51,0,17,0,15,0,0,7,0,0,36,53
FULTON - SS12,4220,328,3802,2769,718,8,259,0,0,14,1,12,0,9,274,735,3232,271,2897,2024,618,15,211,0,0,6,1,18,0,16,231,624
FULTON - SS13A,2855,400,2393,1920,367,0,45,0,0,22,12,39,0,10,69,394,2249,235,2000,1575,311,0,45,0,0,35,11,15,0,9,53,345
FULTON - SS13B,1928,233,1719,1384,224,0,34,0,42,0,0,23,0,2,64,221,1632,113,1506,1236,192,0,35,0,14,0,0,26,0,2,55,190
FULTON - SS14,1702,175,1642,1605,19,0,26,0,0,19,2,7,0,2,35,32,1358,143,1299,1264,14,0,26,0,0,3,4,3,0,4,29,19
FULTON - SS15A,4038,763,3248,1386,1467,0,58,0,0,166,11,179,0,11,238,1627,3424,421,2985,1367,1294,0,53,0,0,96,12,179,0,12,232,1387
FULTON - SS15B,2820,260,2581,1611,542,0,133,0,0,240,23,34,0,23,166,783,2374,176,2220,1322,509,0,131,0,0,233,24,0,0,24,131,743
FULTON - SS16,2318,12,2295,2043,55,0,82,0,0,28,8,59,0,22,140,92,1706,10,1694,1530,37,0,83,0,0,24,8,0,0,25,84,67
FULTON - SS17,3956,231,3720,2702,592,16,191,0,84,12,6,70,57,79,259,662,3215,176,3033,2202,513,13,143,0,84,0,0,35,59,72,174,571
FULTON - SS18A,428,0,429,394,0,0,8,0,0,0,0,18,0,0,24,0,306,0,307,285,0,0,9,0,0,0,0,0,0,0,9,2
FULTON - SS18B,325,17,291,256,12,0,23,0,0,3,0,0,0,0,23,14,279,7,268,234,10,0,24,0,0,0,0,0,0,0,24,9
FULTON - SS18C,387,62,329,282,20,0,21,0,0,4,0,0,0,0,21,26,296,18,277,239,20,0,21,0,0,0,0,0,0,0,21,20
FULTON - SS19A,3261,229,3032,1224,1515,21,22,0,21,229,0,0,0,21,22,1744,2802,156,2646,1191,1340,21,26,0,15,49,0,4,0,21,30,1389
FULTON - SS19B,2391,207,2197,1155,807,0,101,0,0,23,0,14,96,96,115,925,2039,186,1858,990,643,0,103,0,0,18,0,5,96,96,108,758
FULTON - SS20,2502,295,2218,1186,810,6,115,0,0,42,17,19,0,23,134,857,2082,134,1948,1075,727,8,39,0,0,46,17,17,0,25,56,775
FULTON - SS22,3624,608,3016,1742,938,0,192,0,0,0,31,103,10,41,295,948,3142,604,2538,1663,632,0,192,0,0,0,12,27,12,24,219,644
FULTON - SS26,5006,605,4401,1831,2012,7,283,0,24,96,0,138,12,19,421,2120,4130,468,3663,1509,1736,0,199,0,26,98,0,84,14,14,283,1848
FULTON - SS29A,5180,164,5015,2081,1668,21,502,0,254,332,0,110,10,36,612,2011,3765,128,3636,1675,1062,12,274,0,258,329,0,15,0,12,289,1390
FULTON - SS29B,22,7,16,1,45,7,0,0,0,0,0,0,0,2,0,44,7,4,4,0,15,0,0,0,0,0,0,0,0,0,0,16
FULTON - SS31,1963,226,1737,1350,272,0,57,0,0,58,0,0,0,0,57,330,1600,224,1376,1137,213,0,26,0,0,0,0,0,0,0,26,213
FULTON - UC01A,6974,147,6817,76,6628,0,0,0,2,133,11,0,0,7,0,6761,4977,111,4859,75,4669,0,0,0,7,117,11,0,0,6,0,4792
FULTON - UC01B,355,8,347,11,313,0,0,0,0,0,0,72,0,0,36,312,297,5,293,11,255,0,0,0,0,0,0,72,0,0,36,255
FULTON - UC01C,27,0,15,0,0,0,9,0,0,73,0,0,0,0,9,7,19,0,12,0,0,0,9,0,0,74,0,0,0,0,9,7
FULTON - UC01D,14,9,8,0,3,0,0,0,0,0,0,0,14,14,0,5,12,8,7,0,1,0,0,0,0,0,0,0,14,14,0,4
FULTON - UC01E,456,34,425,0,407,0,0,0,0,0,0,0,5,5,0,429,434,39,400,2,381,0,0,0,0,0,0,0,5,5,0,402
FULTON - UC02A,774,12,762,0,778,0,0,0,0,0,0,0,0,0,0,780,612,13,599,0,617,0,0,0,0,0,0,0,0,0,0,617
FULTON - UC02B,13,0,12,1,9,0,0,0,0,0,0,0,0,0,0,9,9,0,9,0,7,0,0,0,0,0,0,0,0,0,0,7
FULTON - UC02C,369,3,345,0,337,0,0,0,3,4,0,0,0,0,0,344,260,0,245,0,238,0,0,0,5,0,0,0,0,0,0,241
FULTON - UC02D,8387,1620,6799,507,6083,0,0,0,63,42,16,0,0,20,21,6118,6117,546,5588,450,4988,0,0,4,37,32,4,0,0,9,0,5013
FULTON - UC02E,4978,232,4766,104,4526,0,0,0,18,67,0,0,0,0,0,4621,3421,41,3396,102,3200,0,0,3,23,22,3,0,0,4,0,3232
FULTON - UC031,4509,159,4390,290,3893,0,0,0,16,117,0,0,20,21,0,4053,3116,68,3083,286,2619,0,0,0,15,142,0,0,0,0,0,2753
FULTON - UC032,438,8,428,25,380,0,0,0,0,0,0,0,0,0,0,377,397,8,389,25,335,0,0,0,0,0,0,0,0,0,0,330
FULTON - UC033,3,0,2,0,2,0,0,0,0,0,0,0,0,0,0,2,2,0,2,0,2,0,0,0,0,0,0,0,0,0,0,2
FULTON - UC035,20,1,12,1,6,0,0,0,0,0,0,0,7,4,0,11,16,1,10,0,6,0,0,0,0,0,0,0,0,0,0,10
GILMER - 01,4704,642,3985,3879,12,1,0,0,15,2,61,0,0,62,0,22,3819,345,3422,3376,8,1,2,0,0,0,26,1,0,29,2,20
GILMER - 02,1918,214,1759,1702,6,0,9,0,24,0,31,0,0,31,9,3,1563,51,1495,1444,20,0,9,0,21,0,26,0,0,26,9,10
GILMER - 03,3202,500,2736,2656,0,7,0,0,0,18,46,0,0,53,0,16,2384,299,2106,2044,0,10,2,0,0,20,25,0,0,34,2,16
GILMER - 04,1490,123,1363,1278,9,3,29,0,0,0,48,0,0,50,38,12,1235,76,1153,1080,6,3,28,0,0,0,39,0,0,43,28,6
GILMER - 05,4512,227,4359,4178,0,16,15,0,0,19,133,0,0,150,6,16,3689,96,3657,3512,0,11,0,0,0,29,108,0,0,117,0,29
GILMER - 06,1258,94,1175,1129,0,0,22,0,0,2,23,0,0,25,24,3,1219,88,1135,1096,0,0,21,0,0,0,21,0,0,22,22,0
GILMER - 07,1720,80,1615,1610,3,0,0,0,0,0,9,0,0,9,0,2,1618,60,1527,1523,3,0,0,0,0,0,7,0,0,7,0,3
GILMER - 08,1628,180,1456,1437,3,0,0,0,0,0,2,0,0,2,0,4,1335,133,1214,1192,7,0,0,0,0,0,3,0,0,3,0,7
GILMER - 09,2258,296,1915,1813,30,0,51,0,0,0,30,0,0,30,51,28,1736,174,1558,1470,32,0,51,0,0,0,11,0,0,11,51,24
GILMER - 10,2626,447,2144,2043,6,14,5,0,35,5,30,15,0,43,23,10,2054,265,1763,1718,9,18,0,0,0,0,8,5,0,25,8,9
GILMER - 11,1021,83,940,875,0,0,0,0,17,0,58,0,0,58,0,0,940,67,879,816,0,0,0,0,20,0,56,0,0,56,0,0
GILMER - 12,2214,107,2106,2029,0,0,0,0,0,0,55,0,0,56,0,8,1815,23,1786,1736,4,0,0,0,0,0,34,0,0,34,0,8
GILMER - 13,3032,352,2685,2610,24,0,17,0,0,2,25,12,0,23,24,17,2282,131,2186,2125,4,0,15,0,0,0,20,5,0,20,17,10
GLASCOCK - EDGH,213,16,198,193,2,0,0,0,0,0,0,0,0,0,0,2,172,16,161,152,2,0,0,0,0,0,0,0,0,0,0,2
GLASCOCK - GIBS,1149,0,1152,947,132,0,0,0,0,0,75,0,0,76,0,133,869,0,873,745,48,0,0,0,0,0,79,0,0,80,0,48
GLASCOCK - MILL,716,0,713,686,10,0,0,0,0,0,15,0,0,14,0,9,609,0,605,587,4,0,0,0,0,0,15,0,0,14,0,4
GLASCOCK - MITC,854,73,780,713,70,0,0,0,0,0,0,0,0,0,0,70,628,34,589,526,70,0,0,0,0,0,0,0,0,0,0,70
GLYNN - 1713,5916,148,5756,4233,1421,0,124,0,0,9,6,8,0,6,132,1430,5070,129,4929,3642,1240,0,93,0,0,9,5,5,0,5,98,1247
GLYNN - 1923,4083,177,3927,3047,479,0,59,0,100,56,0,74,0,0,134,534,3149,67,3072,2392,456,0,22,0,60,0,0,49,0,0,81,460
GLYNN - 1933,4365,309,4047,3247,638,0,120,0,30,80,0,30,0,0,147,719,2840,156,2705,2317,384,4,84,0,0,0,0,0,0,4,73,381
GLYNN - 1943,2716,0,2715,2547,128,0,30,0,0,0,0,0,0,0,32,128,1981,9,1974,1852,68,5,30,0,0,0,0,0,0,5,31,68
GLYNN - 2713,5134,156,4985,4746,99,0,0,0,0,19,48,60,10,58,60,128,4450,146,4315,4132,94,0,0,4,0,0,14,62,10,24,62,104
GLYNN - 2933,7853,181,7677,7564,52,8,0,0,0,0,15,34,0,23,33,52,6620,118,6496,6374,45,10,0,0,0,0,15,38,0,25,42,46
GLYNN - 2943,4622,200,4410,4080,63,25,61,0,0,87,52,49,0,77,111,150,4128,108,4015,3736,66,16,53,0,0,82,48,27,0,64,76,147
GLYNN - 2953,763,0,763,732,0,26,0,0,0,0,0,0,5,31,0,5,755,0,755,734,0,21,0,0,0,0,0,0,0,21,0,0
GLYNN - 3713,5467,560,4898,3854,915,0,114,0,0,0,11,21,0,11,135,917,4298,438,3854,3151,623,0,70,0,0,0,9,13,0,9,83,623
GLYNN - 3723,2956,170,2788,1818,501,0,28,0,0,400,8,36,0,8,63,898,1848,87,1761,1396,211,0,26,0,0,60,2,38,0,3,64,276
GLYNN - 3733,3797,138,3678,2944,602,0,15,0,5,86,32,21,0,32,21,685,2999,46,2965,2388,508,0,8,0,10,39,21,21,0,21,14,545
GLYNN - 3743,3908,158,3748,3008,636,0,0,0,0,27,36,17,0,36,17,666,3087,108,2979,2310,565,4,0,0,0,0,39,17,0,43,17,568
GLYNN - 4913,4474,451,4034,2491,959,36,102,0,0,430,14,0,0,43,103,1391,3413,220,3199,2286,775,39,105,0,0,9,14,0,0,45,105,781
GLYNN - 4923,4347,552,3773,1763,1781,0,13,0,0,12,0,170,0,0,214,1796,3303,110,3180,1551,1414,0,11,0,4,0,0,169,0,0,218,1414
GLYNN - 4933,4823,178,4652,2247,1942,0,26,0,69,250,53,85,0,51,93,2184,4054,119,3934,2083,1576,0,29,0,0,126,52,80,0,49,82,1718
GLYNN - 5913,3241,297,2923,1608,1241,0,23,0,0,27,10,0,52,67,25,1323,2647,109,2529,1510,933,0,22,0,0,50,15,0,52,71,26,1016
GLYNN - 5923,4750,350,4382,2259,2074,0,12,0,0,0,39,0,0,34,12,2087,3964,234,3714,1951,1726,0,15,0,0,0,14,0,0,13,15,1735
GLYNN - 5933,6419,110,6358,666,5374,0,0,0,199,3,46,0,0,51,0,5373,4496,61,4460,577,3721,0,0,0,81,0,17,0,0,19,0,3719
GLYNN - 5943,2917,654,2248,586,1429,0,0,0,11,136,25,55,8,37,55,1565,2186,346,1841,461,1247,0,0,0,14,62,28,24,7,40,24,1310
GORDON - 1054,2522,143,2378,2252,2,0,0,0,84,2,4,0,0,3,0,4,1777,97,1691,1646,1,0,0,0,48,0,9,0,0,8,0,2
GORDON - 1055,3073,401,2711,2477,40,41,5,0,0,34,49,4,0,87,85,76,2669,304,2393,2214,21,37,9,0,0,12,39,0,0,76,77,34
GORDON - 1056,7705,569,7129,6738,62,0,61,0,0,9,121,137,0,120,198,77,5569,339,5235,5009,61,0,33,0,0,5,68,63,0,67,96,70
GORDON - 1063,1636,176,1472,1436,16,0,0,0,0,0,0,0,0,0,0,24,1316,175,1170,1143,14,0,0,0,0,0,0,0,0,0,0,22
GORDON - 1064,1201,45,1158,979,10,0,0,0,210,7,4,0,0,6,0,18,798,0,805,726,15,0,0,0,49,0,4,0,0,5,0,15
GORDON - 1235,1647,45,1595,1586,0,0,0,0,0,25,0,0,0,0,0,25,1293,32,1256,1246,0,0,0,0,0,20,0,0,0,0,0,20
GORDON - 849-A,10627,1762,9140,8216,301,3,181,0,32,261,34,63,0,36,203,573,8009,1025,7194,6537,268,0,106,0,3,45,45,42,4,54,110,305
GORDON - 849-B,16284,3459,12653,10889,944,7,207,27,115,405,26,0,0,33,246,1328,12051,1743,10164,8894,839,9,192,32,68,126,33,0,0,33,230,979
GORDON - 856,2394,245,2126,1989,33,0,0,0,3,21,0,117,0,3,41,58,1933,158,1756,1640,36,0,0,0,2,33,0,99,0,0,31,64
GORDON - 874,2848,39,2814,2505,200,0,42,0,0,0,36,8,0,37,50,200,2308,29,2277,1994,201,0,34,0,0,0,25,10,0,26,44,201
GORDON - 973,4254,265,3979,3951,27,0,0,0,0,0,0,0,0,1,2,26,3297,208,3056,3019,28,0,0,0,0,0,4,0,0,7,0,27
GORDON - 980,2337,191,2033,1802,331,2,0,0,1,14,0,0,0,1,0,335,1937,104,1746,1533,350,0,0,0,0,0,0,0,0,1,0,340
GRADY - B,1676,180,1510,1341,123,0,0,0,0,5,11,0,0,16,0,129,1266,64,1200,1064,92,0,0,0,0,3,13,0,0,13,0,97
GRADY - C04,3502,246,3234,735,2385,25,0,0,0,57,19,3,0,46,0,2444,2343,66,2270,507,1707,28,0,0,0,14,20,0,0,49,0,1721
GRADY - C05,5450,982,4462,2361,1826,7,17,0,30,0,11,35,9,26,52,1834,3649,266,3394,1841,1327,8,14,0,29,0,9,0,10,27,14,1330
GRADY - D,629,119,535,361,230,0,0,0,0,0,0,0,0,0,0,226,480,40,429,281,168,0,0,0,0,0,2,0,0,1,0,165
GRADY - H,1293,98,1187,801,347,1,0,0,0,0,9,0,0,16,0,347,999,47,949,660,275,1,0,0,0,0,9,0,0,19,0,276
GRADY - L,538,0,537,318,260,0,0,0,0,0,0,0,0,0,0,260,486,3,482,265,273,0,0,0,0,0,0,0,0,0,0,273
GRADY - M,2411,106,2300,1506,698,0,0,0,5,0,36,0,0,35,0,711,1831,70,1757,1222,469,0,0,0,0,0,39,0,0,38,0,484
GRADY - P,1453,118,1356,771,641,4,0,0,0,0,42,0,0,46,0,634,1152,71,1076,637,527,2,0,0,0,0,28,0,0,29,0,521
GRADY - R,770,51,704,427,246,4,0,0,0,0,0,0,0,1,0,250,535,1,548,365,162,4,0,0,0,0,5,0,0,4,0,164
GRADY - S,1098,82,1011,805,171,0,0,5,0,0,13,0,0,14,0,171,800,32,758,663,76,0,0,0,0,0,15,0,0,15,0,76
GRADY - SH,855,44,812,796,29,0,0,0,0,0,3,0,2,18,0,37,739,19,718,702,15,0,0,0,0,0,0,0,0,16,0,18
GRADY - W,1442,61,1379,1152,143,11,0,0,0,0,1,0,20,14,0,156,1299,47,1253,1035,146,5,0,0,0,0,0,0,21,7,0,165
GRADY - WL,3692,118,3577,3230,444,14,0,0,0,8,47,1,2,59,4,447,2874,44,2849,2550,330,9,0,0,0,9,27,0,0,37,0,334
GREENE - 001,6721,132,6592,2892,3577,0,11,5,0,59,0,0,0,0,11,3647,5469,18,5443,2547,2814,0,10,0,0,30,0,0,0,0,10,2846
GREENE - 004,2813,83,2728,1255,1147,0,151,0,56,86,41,0,0,41,151,1227,2005,19,1986,901,848,0,139,0,54,9,38,0,0,38,139,857
GREENE - 005,1200,185,1014,584,424,5,2,0,0,14,0,0,0,5,2,433,981,56,932,551,398,0,0,0,0,5,0,0,0,0,0,401
GREENE - 006,649,0,645,205,413,0,0,0,3,17,3,0,11,12,0,439,454,3,450,174,266,0,0,0,0,11,3,0,0,3,0,276
GREENE - 008,8175,566,7613,7097,416,0,84,0,11,0,8,8,7,17,92,425,7294,468,6828,6447,328,0,31,0,12,10,3,10,0,3,41,339
GWINNETT - 001,10402,1029,9426,3349,4735,4,889,0,13,372,21,169,0,23,1062,5092,6798,812,5991,2575,2866,10,424,0,0,102,16,0,0,21,428,2986
GWINNETT - 002,5618,642,4964,1671,3015,0,181,0,0,76,0,17,7,7,195,3088,3698,511,3183,1244,1780,0,87,0,0,66,6,0,5,11,86,1838
GWINNETT - 003,6289,969,5313,2245,2709,0,302,0,21,0,20,25,0,22,325,2704,4499,619,3875,1628,2001,0,220,0,14,0,14,22,0,16,238,1993
GWINNETT - 004,3890,245,3648,2172,930,13,483,0,37,15,11,0,0,23,485,948,3175,105,3071,2000,686,16,319,0,8,22,11,0,0,26,323,706
GWINNETT - 005,2359,453,1902,1043,706,0,36,0,0,9,4,0,0,3,39,712,1726,200,1523,668,659,0,38,0,0,6,3,0,0,4,41,664
GWINNETT - 006,5077,1652,3398,1476,1305,0,460,0,6,50,2,3,0,21,462,1409,3193,686,2488,1263,876,0,300,2,0,15,1,8,0,22,304,903
GWINNETT - 007,6257,405,5854,2740,977,0,1821,0,25,124,0,167,0,0,1988,1101,5100,253,4848,2304,861,0,1574,0,0,86,4,19,0,4,1593,947
GWINNETT - 008,6186,473,5708,3946,1024,24,585,0,0,114,16,0,1,40,591,1138,4766,277,4486,3153,800,26,445,4,0,41,17,0,0,43,445,841
GWINNETT - 009,9122,1096,8023,5305,1094,4,1235,0,49,157,34,112,0,40,1347,1254,5890,554,5341,3746,777,4,689,0,11,0,35,39,0,42,731,784
GWINNETT - 010,2928,519,2404,1289,777,5,289,0,23,11,0,31,0,5,320,789,2331,286,2041,1110,712,0,170,0,16,14,0,31,0,0,201,726
GWINNETT - 011,4715,2742,1981,835,571,0,458,0,7,18,0,21,77,63,478,656,2400,846,1574,739,418,0,356,0,7,19,0,11,17,13,367,453
GWINNETT - 012,6667,1048,5619,1011,2456,33,2007,0,15,0,7,0,24,64,2008,2481,5263,588,4666,938,2057,37,1580,0,0,0,7,5,26,68,1585,2081
GWINNETT - 013,4349,335,4007,2539,654,0,303,0,81,269,0,139,0,0,442,925,2899,178,2719,1792,574,0,234,0,0,73,0,27,0,0,261,649
GWINNETT - 014,4403,577,3836,2539,689,0,393,0,13,86,1,106,0,1,501,780,3207,309,2902,1963,516,0,289,0,10,40,3,75,0,3,362,556
GWINNETT - 015,5379,1230,4142,1669,1571,8,182,0,214,470,10,7,0,14,189,2042,3994,621,3368,1399,1144,0,184,0,196,441,8,6,0,8,189,1585
GWINNETT - 016,6882,966,5916,1619,3548,0,615,11,22,48,19,18,16,35,633,3612,5340,572,4768,1340,2828,0,470,14,18,47,20,19,12,32,489,2887
GWINNETT - 017,8299,2033,6292,3962,1869,0,456,0,0,46,0,0,0,0,466,1955,4771,1059,3728,2317,1118,0,350,0,0,0,0,0,0,0,357,1120
GWINNETT - 018,4843,1745,3040,811,1446,8,482,0,34,244,0,35,0,22,516,1653,3129,771,2315,749,1064,4,407,0,17,36,0,23,0,12,432,1103
GWINNETT - 019,3576,1085,2491,1244,857,0,327,0,17,37,0,43,11,11,366,906,2511,610,1902,1028,690,0,198,0,0,10,0,17,13,13,217,713
GWINNETT - 020,4588,2239,2346,809,921,0,449,0,51,37,0,53,16,17,510,972,3279,1228,2047,684,900,0,304,0,52,40,0,51,17,18,357,953
GWINNETT - 021,4408,1685,2717,447,1528,8,656,55,5,15,8,0,0,16,652,1542,2783,718,2062,435,937,7,609,56,0,8,7,0,0,14,607,945
GWINNETT - 022,2820,246,2570,1510,713,0,343,0,0,0,3,21,0,3,363,713,2363,191,2172,1303,523,0,335,0,0,0,13,17,0,12,355,518
GWINNETT - 023,3604,1652,1973,794,832,0,344,0,0,32,0,0,0,0,344,865,2389,816,1591,645,697,0,235,0,0,33,0,0,0,0,235,728
GWINNETT - 024,7808,2506,5448,3397,1465,0,456,0,0,75,12,102,0,12,558,1538,5360,1318,4074,2633,1165,6,207,0,0,0,10,101,0,14,307,1164
GWINNETT - 025,8263,1656,6605,4809,1012,0,618,0,5,111,21,4,0,22,620,1106,5758,1107,4632,3451,602,0,469,0,1,68,12,8,0,12,469,675
GWINNETT - 026,7542,1381,6161,2927,2351,0,680,0,12,100,0,86,5,5,766,2456,5985,1024,4961,2617,1735,0,546,0,11,20,0,32,0,0,578,1755
GWINNETT - 027,6039,656,5378,3461,1291,0,387,0,25,101,20,97,0,21,483,1398,4647,274,4376,2947,966,0,332,8,22,52,12,34,5,18,366,1030
GWINNETT - 028,9041,1031,7980,3346,3461,0,556,0,38,319,43,57,16,113,636,3863,6303,576,5695,2571,2477,0,362,0,16,80,40,51,0,70,423,2609
GWINNETT - 029,2366,178,2185,1240,134,0,351,0,72,0,0,361,24,24,712,158,1620,108,1512,1119,132,0,235,0,24,0,0,0,0,0,235,132
GWINNETT - 030,3983,649,3359,1792,1424,0,41,0,7,17,42,0,6,52,40,1449,3130,392,2745,1453,1187,0,41,0,11,10,14,0,10,22,39,1211
GWINNETT - 031,3448,570,2878,1461,903,0,365,4,24,49,51,21,0,51,386,952,2470,363,2107,1219,584,0,252,0,0,0,30,22,0,30,274,584
GWINNETT - 032,3091,291,2775,1614,407,0,539,0,3,105,0,63,0,0,618,518,2237,198,2026,1211,274,0,436,0,0,56,0,47,0,0,479,322
GWINNETT - 033,2118,298,1818,1275,118,28,382,0,0,7,7,0,0,34,382,125,1612,204,1407,1077,61,15,244,0,0,0,4,0,0,19,244,62
GWINNETT - 034,4175,1314,2861,494,1586,0,622,0,0,66,0,93,0,0,715,1652,2812,569,2243,453,1228,0,468,0,0,0,0,94,0,0,562,1228
GWINNETT - 035,5380,804,4536,1721,1461,7,1013,4,75,26,52,21,46,101,1029,1532,3882,462,3405,1429,1010,0,773,0,25,16,51,21,44,95,792,1070
GWINNETT - 036,3624,336,3295,1977,663,7,418,0,29,24,18,193,54,42,626,699,2571,193,2383,1470,486,11,330,0,11,4,16,81,59,42,430,494
GWINNETT - 037,4139,714,3414,942,2328,0,142,0,0,0,0,18,0,0,160,2328,3406,489,2927,896,1893,0,126,0,0,0,0,23,0,0,149,1893
GWINNETT - 038,3807,1599,2088,939,450,0,526,0,12,4,2,15,85,87,601,553,2523,662,1783,822,422,0,468,0,5,2,2,0,57,59,465,495
GWINNETT - 039,11024,1117,9928,7208,2075,0,625,0,0,35,57,6,0,55,636,2091,8367,642,7737,6039,1167,0,452,0,0,36,58,1,0,56,452,1193
GWINNETT - 040,5469,398,5114,3219,962,0,582,0,71,78,34,45,21,55,626,1061,4737,324,4443,2811,817,0,574,5,72,51,23,24,21,44,597,888
GWINNETT - 041,7552,761,6777,1778,4695,0,220,0,0,92,0,9,34,34,225,4827,5115,446,4667,1589,2885,0,140,2,0,56,1,13,36,37,152,2966
GWINNETT - 042,5214,508,4696,2227,1960,6,289,0,3,23,61,60,15,41,339,2029,4228,407,3814,1982,1509,7,205,0,9,39,67,10,11,41,213,1554
GWINNETT - 043,3981,1059,2921,458,1350,0,987,1,72,10,0,55,0,0,1042,1366,3006,492,2491,435,1124,0,886,0,27,5,0,21,0,0,907,1134
GWINNETT - 044,6253,1213,5039,2629,1977,0,241,0,2,39,6,130,0,5,372,2023,4753,783,3966,2118,1589,0,134,0,0,16,0,90,0,3,225,1612
GWINNETT - 045,3534,342,3181,783,2037,0,238,9,53,37,6,14,0,6,251,2072,2926,192,2723,708,1726,0,206,8,5,32,5,18,0,5,224,1760
GWINNETT - 046,2526,492,2074,1107,612,1,436,0,17,0,11,0,0,16,441,613,1988,294,1709,895,450,0,364,0,25,0,11,0,0,11,366,450
GWINNETT - 047,3606,173,3437,1760,1267,0,344,0,0,19,4,0,0,4,340,1277,2567,66,2520,1391,814,0,267,0,0,0,0,0,0,0,268,809
GWINNETT - 048,4738,590,4152,1930,607,23,1475,0,16,71,0,24,10,22,1503,695,3756,263,3494,1780,515,21,1087,0,20,23,0,6,14,21,1093,557
GWINNETT - 049,3325,263,3076,946,1437,9,574,0,4,108,27,0,0,43,572,1544,2359,146,2220,753,1042,0,384,0,4,28,23,0,0,33,381,1069
GWINNETT - 050,4401,1793,2658,935,1185,28,395,0,10,10,68,0,10,104,396,1205,3151,883,2299,904,880,33,401,0,12,11,36,0,0,69,404,892
GWINNETT - 051,3520,1347,2152,487,1258,0,364,0,7,0,0,7,0,0,371,1257,2251,440,1793,443,1031,0,274,0,9,0,0,17,0,0,291,1033
GWINNETT - 052,2840,178,2672,1130,625,28,781,0,26,51,4,35,0,30,815,698,2128,92,2039,924,504,26,616,0,27,0,0,0,0,25,606,502
GWINNETT - 053,5951,834,5118,1286,3599,0,97,0,0,141,0,0,0,0,97,3743,4403,369,4033,1099,2725,0,88,0,0,123,0,4,0,0,92,2848
GWINNETT - 054,7521,569,6954,4548,1703,0,452,0,100,67,20,85,0,21,542,1768,5293,378,4928,3522,980,0,309,0,16,48,11,62,0,12,373,1022
GWINNETT - 055,7994,1909,6087,3871,1280,0,654,0,109,149,15,0,0,14,646,1443,5174,814,4360,2843,956,0,407,0,10,124,8,0,0,7,407,1082
GWINNETT - 056,3498,325,3101,1828,1233,0,155,0,0,39,0,39,0,0,195,1267,2717,272,2392,1520,793,0,139,0,0,18,4,25,0,4,164,807
GWINNETT - 057,7536,1577,5968,2356,1976,22,1218,0,52,205,19,41,34,86,1260,2212,5812,924,4900,2153,1483,21,981,4,53,101,17,15,32,84,995,1618
GWINNETT - 058,6033,2713,3292,687,1873,0,627,0,2,34,0,10,0,14,638,1921,4025,1347,2628,636,1431,0,483,0,3,30,0,9,0,4,491,1466
GWINNETT - 059,5884,1529,4488,1223,2679,58,210,0,41,57,0,128,114,172,273,2841,4243,757,3560,919,2253,22,163,0,35,39,0,0,116,138,167,2399
GWINNETT - 060,8556,2000,6584,1354,3751,0,504,0,208,335,90,107,217,319,610,4314,5869,925,4962,1346,2767,0,407,0,19,151,85,44,146,233,451,3062
GWINNETT - 061,3948,411,3537,2550,595,3,72,0,155,79,44,1,8,59,73,690,2894,243,2653,1836,440,11,51,0,133,77,48,1,9,70,52,530
GWINNETT - 062,2483,32,2451,2105,118,0,207,0,0,0,3,11,0,2,217,118,1824,30,1792,1543,65,0,145,0,0,0,8,6,4,12,151,71
GWINNETT - 063,3208,125,3078,2236,418,0,277,0,21,66,0,48,0,0,313,487,2371,100,2268,1665,361,0,190,0,6,36,0,0,0,0,191,401
GWINNETT - 064,4391,617,3782,1079,2193,0,102,0,6,331,5,52,10,15,155,2535,2996,227,2780,926,1671,4,104,0,2,49,11,7,12,27,111,1730
GWINNETT - 065,2801,1253,1588,426,648,0,517,0,0,13,0,3,0,0,516,657,2130,826,1323,383,536,0,418,0,0,10,0,0,0,0,417,541
GWINNETT - 066,5226,3057,2169,743,819,0,530,0,18,17,36,0,6,42,530,842,3456,1732,1724,675,540,0,470,0,7,18,5,0,9,14,470,567
GWINNETT - 067,7824,1369,6455,2292,2590,87,1317,0,86,24,20,39,0,107,1356,2614,5448,795,4653,1578,2011,0,946,0,88,0,18,12,0,18,958,2011
GWINNETT - 068,6817,337,6514,2403,2124,0,1538,0,262,178,9,10,0,9,1551,2306,5076,153,4941,1898,1539,0,1328,0,93,76,0,9,0,0,1338,1614
GWINNETT - 069,4363,292,4059,1699,1213,0,869,0,3,174,6,16,0,43,867,1426,3187,218,2963,1249,883,0,671,0,3,52,6,25,0,50,677,990
GWINNETT - 070,4580,593,3987,2283,517,0,952,0,0,198,37,0,0,37,952,715,3555,404,3151,1984,324,0,709,0,0,108,26,0,0,26,709,432
GWINNETT - 071,5876,882,4982,1319,3206,0,247,0,99,0,5,76,0,9,325,3206,4646,610,4031,1171,2435,0,224,0,97,0,4,67,0,5,292,2435
GWINNETT - 072,11870,2333,9558,1338,6721,0,979,4,35,379,30,73,0,30,1052,7093,8689,1255,7440,1145,5179,4,878,0,0,127,33,61,7,44,939,5309
GWINNETT - 073,2415,132,2283,1358,681,0,167,0,0,45,0,32,0,0,199,726,2215,134,2081,1216,643,0,169,0,0,44,0,9,0,0,178,687
GWINNETT - 074,2963,734,2229,174,1953,32,4,0,0,43,12,11,0,44,15,1996,1873,391,1482,158,1248,35,0,0,0,17,11,13,0,46,13,1265
GWINNETT - 075,7862,1035,6830,1185,4849,0,498,0,185,104,4,8,0,4,506,4951,5748,638,5113,996,3643,0,381,0,56,25,4,10,0,4,391,3668
GWINNETT - 076,4488,416,4069,641,3145,0,133,0,0,36,58,0,70,94,143,3256,3441,196,3244,556,2473,0,110,0,0,9,21,0,70,83,124,2547
GWINNETT - 077,7695,1787,5900,1518,2121,8,2076,0,61,52,8,0,0,16,2075,2178,5780,1041,4731,1296,1694,14,1539,0,67,40,8,0,0,22,1540,1735
GWINNETT - 078,5728,710,5023,1483,2721,0,719,0,0,8,188,0,0,189,718,2724,4354,431,3916,1231,2000,0,664,0,0,0,137,0,0,136,663,1998
GWINNETT - 079,3099,436,2666,1385,945,6,295,0,0,0,13,25,0,19,320,945,2043,244,1799,1026,518,4,238,0,0,0,15,0,0,19,238,518
GWINNETT - 080,9470,948,8521,3221,4575,0,536,0,58,75,27,0,13,43,535,4656,7216,525,6703,2681,3444,0,463,0,32,21,31,0,13,46,464,3473
GWINNETT - 081,6020,533,5469,2188,2655,14,580,0,0,16,9,0,11,31,580,2680,4411,405,4001,1699,1746,12,540,0,0,0,0,0,10,22,540,1753
GWINNETT - 082,6380,967,5413,1892,2235,8,940,0,0,224,10,100,4,22,1040,2463,4864,582,4282,1730,1694,6,700,0,0,70,7,75,0,13,775,1764
GWINNETT - 083,5395,1248,4155,2036,923,0,783,5,49,293,0,71,0,0,877,1223,4158,897,3260,1681,667,0,693,0,43,196,5,6,0,5,697,864
GWINNETT - 084,4547,1036,3496,762,1721,5,731,0,22,39,0,60,57,67,791,1814,3242,546,2683,751,1236,0,502,0,0,19,0,4,53,56,505,1316
GWINNETT - 085,5989,1000,4999,2022,1809,0,760,0,59,135,137,103,0,126,868,1944,4609,712,3908,1768,1369,0,609,0,0,7,135,22,0,124,626,1379
GWINNETT - 086,4125,1771,2333,488,1384,0,375,0,14,47,0,20,4,4,395,1442,2881,761,2114,480,1268,0,343,0,17,0,6,6,0,6,349,1272
GWINNETT - 087,4751,1411,3308,1566,1275,0,432,0,0,24,11,5,4,17,433,1303,3191,953,2213,1135,618,0,435,0,0,19,14,4,0,15,433,637
GWINNETT - 088,7005,1121,5885,2062,3605,0,49,0,98,24,20,20,22,43,68,3644,5170,764,4410,1853,2424,5,41,0,27,23,9,21,26,37,61,2466
GWINNETT - 089,4810,291,4385,2649,845,15,775,0,0,46,0,19,0,15,795,895,3327,144,3162,1958,515,11,629,0,0,15,0,0,0,13,630,530
GWINNETT - 090,4368,1001,3367,1482,1555,0,228,0,11,31,38,22,0,38,250,1586,3314,541,2773,1374,1123,0,194,0,11,11,43,17,0,43,211,1134
GWINNETT - 091,7742,498,7228,2912,4087,0,66,6,0,134,55,26,0,55,83,4173,5593,335,5249,2272,2894,0,63,6,0,19,11,15,0,11,71,2913
GWINNETT - 092,2897,293,2622,1382,614,0,472,0,0,126,0,12,0,0,483,771,2114,139,1991,1125,422,0,405,0,0,27,0,6,0,0,418,455
GWINNETT - 093,5581,606,4941,2747,1311,0,520,0,34,256,21,42,0,21,559,1563,3974,423,3533,2084,1007,0,396,0,0,13,20,11,0,20,406,1021
GWINNETT - 094,4545,1165,3376,1969,1218,0,193,0,0,0,9,30,0,9,227,1227,3408,453,2936,1822,1007,0,147,0,0,0,8,0,0,8,146,1012
GWINNETT - 095,9961,2057,7821,1771,4355,2,1421,0,44,38,17,185,38,38,1534,4423,7203,1033,6104,1606,3159,1,1226,0,25,23,24,206,17,33,1302,3192
GWINNETT - 096,4130,409,3725,2032,659,36,969,0,0,27,0,30,0,36,992,684,3023,196,2827,1781,402,4,639,0,0,24,0,7,5,9,645,430
GWINNETT - 097,6799,656,6158,2649,1835,0,1433,0,13,71,40,114,0,38,1547,1896,4987,507,4496,2119,1217,0,1076,4,17,8,12,29,0,11,1106,1223
GWINNETT - 098,3571,579,2973,1613,353,31,774,1,137,15,0,50,0,31,800,368,2594,329,2255,1237,285,23,544,0,130,0,2,12,0,25,558,286
GWINNETT - 099,5692,1986,3677,1630,574,5,727,0,18,665,0,37,1,8,782,1241,3725,973,2737,1509,548,0,645,0,7,9,0,9,0,0,659,554
GWINNETT - 100,5943,147,5793,3083,690,6,1833,48,48,0,0,94,0,5,1926,688,4088,50,4032,2122,541,9,1250,34,22,0,0,65,0,8,1313,540
GWINNETT - 101,1907,278,1629,1004,473,0,123,0,0,0,29,0,0,29,123,473,1601,110,1491,903,454,4,100,0,0,0,30,0,0,34,100,454
GWINNETT - 102,4033,151,3882,2264,1191,0,363,0,0,36,16,12,0,16,375,1227,3009,93,2916,1709,794,0,351,0,0,37,13,12,0,13,363,831
GWINNETT - 103,6013,2976,3037,746,1140,0,1067,0,49,0,0,35,0,0,1102,1140,3332,1209,2123,685,896,0,506,0,0,0,0,36,0,0,542,896
GWINNETT - 104,9033,1021,8017,830,6570,167,76,0,74,126,12,103,45,257,170,6731,6674,679,5995,750,4769,161,77,0,71,44,4,80,44,219,145,4860
GWINNETT - 105,6238,1054,5169,3201,977,0,724,5,12,21,6,199,16,21,925,1017,4380,618,3755,2399,651,0,553,0,12,20,0,105,13,13,664,684
GWINNETT - 106,8419,411,7990,4290,1210,11,1863,0,158,99,3,288,0,14,2084,1307,6321,310,6006,3441,850,12,1423,0,43,9,0,175,0,14,1559,858
GWINNETT - 107,2040,80,1960,1040,349,0,233,0,254,41,0,39,4,4,272,394,1420,47,1373,797,245,0,204,0,65,23,0,39,0,0,243,268
GWINNETT - 108,4805,951,3580,1949,1282,0,71,0,4,179,13,5,0,13,66,1455,3614,519,2829,1708,924,0,56,2,0,37,3,4,0,3,56,973
GWINNETT - 109,2838,759,2055,1030,600,0,370,0,24,89,0,9,0,0,380,657,2026,445,1558,831,422,0,281,0,20,20,0,9,0,0,287,446
GWINNETT - 110,4679,1774,2921,1183,1178,0,456,0,0,0,0,17,29,29,473,1212,3206,785,2436,1140,845,0,383,0,0,0,0,15,28,28,399,873
GWINNETT - 111,4519,589,3957,1789,1399,0,527,0,106,12,0,33,0,0,560,1413,3059,317,2762,1227,1010,0,442,0,11,13,0,3,0,0,446,1025
GWINNETT - 112,3816,212,3595,2044,677,0,635,7,22,181,0,95,0,3,732,835,2835,114,2716,1672,523,0,424,7,23,9,0,22,0,2,457,533
GWINNETT - 113,2872,858,1986,696,318,0,921,0,0,0,41,0,0,41,924,318,1973,326,1626,670,214,0,723,0,0,0,7,0,0,7,726,215
GWINNETT - 114,7019,2034,4990,2466,1384,42,973,0,64,28,45,41,5,91,996,1415,5240,1026,4218,1992,1311,34,780,0,56,19,42,18,0,74,793,1331
GWINNETT - 115,7461,1892,5585,1374,2076,38,1832,0,14,248,0,0,0,24,1823,2316,5371,998,4385,1139,1543,19,1535,0,12,120,0,0,0,11,1525,1658
GWINNETT - 116,5984,1988,4001,711,1868,4,1190,4,0,77,0,146,0,4,1337,1936,3864,897,2990,641,1343,0,839,0,0,72,0,97,0,0,936,1410
GWINNETT - 117,5902,2734,3164,602,1647,0,631,0,20,203,17,33,0,17,663,1853,3684,1239,2445,485,1316,0,584,0,0,19,17,15,0,17,599,1335
GWINNETT - 118,1995,44,1932,1072,400,3,279,41,3,83,22,0,0,18,282,482,1569,40,1519,922,307,0,169,39,5,35,23,0,0,13,174,343
GWINNETT - 119,3208,71,3168,2082,526,0,352,0,39,136,0,26,0,0,362,657,2429,55,2394,1683,332,0,257,0,26,79,0,0,0,0,257,409
GWINNETT - 120,2009,930,1092,394,528,4,85,0,22,21,74,7,0,78,93,549,1309,381,963,351,513,0,55,0,0,23,42,10,0,42,65,536
GWINNETT - 121,5122,1257,3866,2000,610,0,1020,0,0,159,6,70,0,6,1105,768,3826,857,2970,1594,567,0,690,0,6,66,6,39,0,6,727,633
GWINNETT - 122,8364,632,7739,1211,5874,0,67,0,2,559,0,28,0,0,98,6447,5643,329,5319,1034,3755,0,32,0,3,479,0,13,0,0,46,4248
GWINNETT - 123,5050,2558,2493,537,1031,0,756,106,0,7,11,41,0,11,801,1039,2897,1030,1867,472,897,0,444,40,0,8,0,9,0,0,454,905
GWINNETT - 124,3280,475,2784,1197,1030,0,395,0,9,145,0,0,39,20,397,1166,2342,288,2041,1096,585,0,332,2,0,4,0,0,40,20,334,609
GWINNETT - 125,2514,79,2440,2264,6,0,87,0,0,20,0,77,0,0,164,26,1643,42,1605,1531,10,0,46,0,0,25,0,0,0,0,46,35
GWINNETT - 126,4308,100,4213,3658,181,0,300,4,0,0,16,40,0,17,339,182,3275,83,3195,2750,157,0,278,0,0,0,1,10,0,2,286,159
GWINNETT - 127,3128,901,2233,712,983,0,411,0,48,60,0,0,0,0,414,1044,2474,576,1899,630,862,0,331,0,28,41,0,0,0,0,333,906
GWINNETT - 128,4458,850,3604,1906,864,0,718,0,13,16,71,13,0,73,732,883,3074,453,2616,1457,582,0,507,0,16,12,39,8,0,40,514,594
GWINNETT - 129,7820,1167,6680,4283,1590,0,750,0,0,46,65,16,19,85,738,1663,4906,668,4247,2885,888,0,445,0,0,0,61,17,19,80,455,917
GWINNETT - 130,7171,175,6996,4488,673,0,1607,0,34,47,72,75,0,72,1682,720,4169,97,4072,2688,487,0,848,0,0,7,42,0,0,42,848,494
GWINNETT - 131,4910,465,4442,2445,448,0,1318,0,0,91,0,142,0,0,1461,539,3752,273,3479,2132,313,0,973,0,0,14,0,50,0,0,1023,327
GWINNETT - 132,4710,527,4181,2111,1166,0,611,0,34,151,24,30,0,34,645,1317,3547,303,3236,1785,824,0,505,0,19,0,28,24,0,38,535,823
GWINNETT - 133,7173,828,6351,2935,2535,11,304,0,8,201,25,20,179,161,324,2851,4649,350,4332,2093,1584,8,219,0,2,153,28,20,130,138,236,1812
GWINNETT - 134,6230,809,5415,1705,3079,0,463,0,73,13,6,35,0,6,495,3094,4534,462,4094,1302,2322,0,384,0,30,9,0,14,0,0,394,2346
GWINNETT - 135,6082,1047,5015,2687,1792,26,226,0,85,75,76,47,20,122,267,1893,4103,495,3592,1920,1340,24,143,0,24,54,69,25,18,110,166,1408
GWINNETT - 136,6021,1105,4923,2491,1185,8,980,0,43,130,0,80,0,7,1058,1315,4608,627,3978,2088,911,10,727,0,43,113,0,82,0,9,810,1019
GWINNETT - 137,9088,3016,6072,3390,1876,0,504,0,37,38,0,227,0,0,731,1914,6618,1953,4665,2528,1595,0,374,0,42,39,0,87,0,0,461,1634
GWINNETT - 138,5500,89,5505,1660,378,9,3174,5,2,27,33,289,12,71,3605,419,4362,65,4363,1555,256,4,2456,0,3,3,31,20,4,46,2646,264
GWINNETT - 139,7718,2018,5694,945,2862,0,1704,0,14,96,0,43,4,4,1748,2960,5456,1317,4137,696,2219,0,1131,0,3,41,0,0,0,0,1127,2257
GWINNETT - 140,4276,141,4141,3141,30,0,857,0,0,0,26,93,0,26,949,30,2985,73,2912,2220,31,0,637,0,0,0,16,17,0,16,654,31
GWINNETT - 141,3674,329,3346,2196,478,0,406,0,8,178,44,34,0,44,442,656,2806,188,2620,1768,405,0,303,0,9,72,32,32,0,32,335,477
GWINNETT - 142,5551,463,5088,2166,1515,0,1307,0,0,41,0,52,7,7,1359,1563,3838,253,3585,1676,1191,0,683,0,0,0,0,35,0,0,718,1191
GWINNETT - 143,7435,592,6833,1758,2277,0,1901,0,0,592,6,249,0,8,2150,2893,4495,336,4138,1465,1391,0,1121,0,0,6,0,115,0,3,1236,1415
GWINNETT - 144,11486,3484,7990,3154,4028,19,434,0,68,197,20,146,30,99,582,4215,7746,2234,5503,2192,2743,14,351,0,65,63,15,79,13,85,431,2825
GWINNETT - 145,11266,700,10580,2293,7778,0,421,0,162,58,19,0,0,17,419,7827,7272,369,6900,1658,4956,0,307,0,78,18,22,0,0,18,307,4959
GWINNETT - 146,9929,1384,8552,3080,4730,54,127,28,19,185,63,106,0,119,245,4978,7188,761,6427,2733,3203,53,86,23,4,111,61,49,0,118,144,3317
GWINNETT - 147,7665,1177,6489,2100,3600,0,485,0,73,4,13,181,97,104,665,3706,5190,564,4613,1617,2465,0,347,0,35,8,10,101,84,91,447,2562
GWINNETT - 148,1938,391,1548,1023,220,7,248,0,0,0,0,32,11,18,278,231,1456,224,1244,898,123,5,188,0,0,0,0,22,8,14,209,133
GWINNETT - 149,2621,157,2515,1037,752,0,675,0,0,83,13,20,0,13,694,828,2006,114,1926,907,505,0,492,0,0,7,12,7,0,11,501,520
GWINNETT - 150,4693,1473,3220,468,1534,0,1055,0,19,122,13,9,0,13,1064,1656,3117,499,2618,400,1375,0,821,0,0,0,13,9,0,13,830,1375
GWINNETT - 151,4134,348,3754,1261,2237,0,132,0,11,101,2,32,0,2,165,2351,2861,337,2516,987,1508,0,85,0,0,59,1,0,0,2,85,1549
GWINNETT - 152,5728,335,5391,3601,1433,0,229,0,42,51,0,14,0,0,243,1484,3699,192,3503,2318,923,0,216,0,0,24,0,11,0,0,227,946
GWINNETT - 153,3631,1298,2363,1397,516,0,470,0,0,69,0,49,27,19,519,582,2725,841,1922,1152,426,0,434,0,0,38,0,25,29,21,460,462
GWINNETT - 154,5509,731,4775,2678,1658,10,311,0,26,11,0,90,0,10,401,1668,4315,449,3872,2150,1385,12,218,0,27,0,0,85,0,12,302,1390
GWINNETT - 155,5596,478,5115,2571,908,10,1100,0,148,295,18,35,0,30,1134,1202,4332,333,4004,2162,737,8,803,0,138,121,21,0,0,31,801,861
GWINNETT - 156,4724,487,4525,1074,3268,0,82,0,0,97,10,0,20,30,96,3385,3814,265,3817,998,2736,0,62,0,0,28,14,0,19,33,67,2782
HABERSHAM - 01,12620,600,12038,11416,214,0,111,0,83,56,84,37,0,81,152,268,10113,308,9800,9361,205,0,121,0,29,23,43,10,0,41,133,232
HABERSHAM - 02,12486,2560,9926,8770,565,8,279,1,165,55,88,49,0,91,318,620,9125,1144,7995,7192,437,0,220,2,32,16,91,17,4,95,235,457
HABERSHAM - 03,8409,431,7955,7433,312,0,25,6,0,81,59,15,4,69,46,399,6697,274,6405,5980,259,0,19,0,2,69,53,11,3,56,35,323
HABERSHAM - 04,1247,268,997,864,26,0,82,0,0,2,17,7,0,20,94,28,817,106,705,611,15,0,59,3,0,1,17,1,0,18,58,19
HABERSHAM - 06,8206,962,7229,6409,577,20,104,4,8,76,35,0,2,55,101,653,6354,407,5949,5186,563,13,91,8,9,44,38,0,1,52,88,609
HABERSHAM - 07,1511,138,1375,1311,1,0,50,0,0,2,2,5,0,3,53,5,1291,68,1236,1186,0,0,37,0,0,6,2,0,0,3,37,6
HALL - 001,7706,2524,5164,5061,21,17,35,0,0,7,8,21,0,26,56,35,5869,1211,4648,4596,17,0,35,0,0,0,10,20,0,10,55,18
HALL - 002,7808,3801,4010,2871,799,10,332,0,8,0,60,25,0,68,351,795,5219,1588,3647,2548,778,10,325,0,6,0,41,37,5,54,347,780
HALL - 003,5095,847,4292,3710,493,0,51,0,14,0,21,20,0,21,73,491,3849,521,3361,2920,360,0,43,0,10,0,20,17,0,20,60,363
HALL - 004,5358,789,4569,4007,169,0,165,0,0,0,12,216,0,12,381,169,4355,498,3857,3450,168,0,153,0,6,0,7,73,0,7,226,168
HALL - 005,6813,1123,5689,5070,414,0,2,0,99,55,67,0,0,66,2,445,5385,591,4797,4287,371,5,2,0,101,18,13,0,0,20,2,383
HALL - 006,4490,626,3863,3115,413,0,131,0,0,159,10,23,0,14,159,593,3681,354,3320,2709,374,9,137,4,0,71,10,10,0,18,150,448
HALL - 007,7134,1286,5849,4818,115,0,523,0,0,323,29,54,0,26,573,438,5246,743,4505,3940,117,0,357,0,0,29,31,44,0,30,398,146
HALL - 008,4939,742,4210,3967,149,0,0,0,0,45,33,9,0,33,7,186,3548,325,3226,3084,94,5,0,0,0,0,20,0,0,24,0,93
HALL - 009,5641,1503,4098,3801,240,0,83,0,16,8,17,0,0,17,81,240,4502,1032,3436,3138,240,0,79,2,18,7,11,0,0,11,79,242
HALL - 010,9464,2863,6664,5451,611,0,129,0,52,24,35,207,0,37,342,643,6999,1498,5613,4615,516,0,105,2,74,25,35,78,0,36,202,547
HALL - 011,11950,6627,5285,3739,1069,12,186,0,207,0,3,0,107,121,186,1178,7366,3027,4240,2862,900,12,188,0,185,0,11,4,109,133,192,1010
HALL - 012,7030,1463,5638,4887,641,0,103,0,19,27,18,0,0,20,104,678,5637,722,4969,4271,538,0,89,0,16,10,15,6,0,17,100,554
HALL - 013,5647,525,5121,4813,127,0,47,4,0,65,67,0,0,67,47,191,4303,273,4029,3834,102,0,32,0,0,0,61,0,0,61,32,102
HALL - 014,4254,46,4202,4089,15,0,0,0,10,26,51,0,0,53,9,43,3445,29,3417,3341,14,0,0,0,11,0,36,0,0,37,10,9
HALL - 015,3700,120,3580,3388,145,2,0,0,8,55,17,19,0,17,14,164,2929,62,2869,2792,89,0,0,0,6,1,15,6,0,15,2,70
HALL - 016,7929,1020,6864,6241,165,0,23,0,78,202,96,56,0,96,91,379,6044,451,5577,5127,145,0,33,9,53,94,99,33,0,99,61,226
HALL - 017,4856,440,4417,4048,229,0,33,0,20,20,26,53,4,30,70,245,3860,189,3670,3391,172,0,35,0,19,0,26,18,0,26,50,190
HALL - 018,4281,483,3799,3574,48,9,40,0,86,38,5,0,0,14,40,82,3389,300,3088,2897,26,9,35,0,85,36,0,0,0,9,35,63
HALL - 019,5826,309,5431,4908,8,0,376,0,0,81,38,11,0,37,393,90,4395,134,4235,3933,10,0,190,0,0,56,34,0,0,32,195,60
HALL - 020,4608,413,4255,3891,99,0,12,0,10,86,48,67,0,45,79,184,3862,129,3793,3542,86,0,8,0,5,12,49,55,0,44,71,93
HALL - 021,6352,1419,4941,4149,463,0,162,0,14,43,51,29,0,51,188,517,5091,804,4250,3502,453,0,157,0,13,30,44,27,0,44,176,501
HALL - 022,5398,1866,3528,1305,2021,0,0,0,0,4,12,0,15,17,0,2025,3746,912,2853,868,1884,0,2,0,0,0,12,0,13,16,2,1892
HALL - 023,10896,5105,5738,2835,1972,0,410,0,0,478,7,36,0,6,447,2447,6551,2427,4078,2514,1019,0,284,0,5,204,0,25,0,2,331,1219
HALL - 024,6231,1699,4521,3236,967,0,54,0,1,263,29,45,7,47,93,1237,4619,992,3574,2590,871,0,32,0,0,55,38,49,10,55,62,924
HALL - 025,2634,316,2321,1674,552,0,19,0,0,59,9,24,0,12,52,613,2115,147,1958,1504,428,0,11,0,0,0,10,38,0,15,43,427
HALL - 026,1424,123,1299,1286,6,0,0,0,0,0,5,0,0,4,0,6,1144,61,1088,1077,0,4,0,0,0,0,5,0,0,8,0,0
HALL - 027,5262,118,5193,4855,21,2,145,0,1,71,49,22,0,51,159,119,4109,92,4048,3821,16,0,137,0,0,18,38,13,0,38,141,59
HALL - 028,10589,786,9778,9082,355,0,60,0,36,105,78,4,4,83,63,484,7892,582,7310,6809,293,0,49,0,0,40,57,0,0,58,49,352
HALL - 029,4753,523,4231,3240,511,5,152,0,3,265,16,52,0,17,216,761,3464,365,3091,2493,420,0,139,0,0,14,11,28,0,10,188,418
HALL - 030,5525,857,4665,3498,456,0,80,0,0,558,29,84,0,29,166,1020,3936,586,3346,2848,385,0,69,0,0,43,32,9,0,33,78,435
HALL - 031,5099,257,4858,4139,366,9,233,0,0,75,9,16,0,21,237,441,3749,157,3604,3007,379,0,215,0,0,0,9,7,0,9,201,373
HANCOCK - 1A,1287,0,1289,643,617,0,0,0,0,0,0,0,0,0,0,608,1186,0,1188,646,501,0,0,0,0,0,0,0,0,0,0,499
HANCOCK - 1B,1111,0,1114,30,1093,0,0,0,0,0,0,0,0,0,0,1102,644,0,646,26,620,0,0,0,0,0,0,0,0,0,0,622
HANCOCK - 2A,806,0,806,279,585,0,0,0,0,2,0,0,21,9,0,611,659,0,656,227,455,0,0,0,0,0,4,0,13,7,0,478
HANCOCK - 2B,1228,2,1222,197,1013,0,45,0,0,0,0,1,0,0,61,1020,951,0,951,178,785,0,49,0,0,0,0,1,0,0,65,783
HANCOCK - 3A,478,0,481,102,238,0,0,0,0,56,0,0,0,0,0,279,408,0,412,72,236,0,0,0,0,57,0,0,0,0,0,266
HANCOCK - 3B,437,0,436,120,293,0,0,0,0,38,0,0,0,0,0,323,405,0,403,125,283,0,0,0,0,0,0,0,0,0,0,287
HANCOCK - 3C,367,0,365,200,123,0,0,0,0,2,0,0,0,0,0,127,365,0,364,204,125,0,0,0,0,0,0,0,0,0,0,124
HANCOCK - 4A,2235,8,2226,441,1743,0,4,0,0,2,0,18,15,27,7,1759,2222,10,2211,446,1736,0,4,0,0,0,0,18,10,20,7,1746
HANCOCK - 4B,439,1,441,211,241,0,0,0,0,0,0,0,0,0,0,243,368,1,367,184,193,0,0,0,0,0,0,0,0,0,0,195
HANCOCK - 4C,228,0,225,149,83,0,0,0,0,0,0,0,0,0,0,93,208,0,207,125,82,0,0,0,0,0,0,0,0,0,0,96
HARALSON - 02,10380,282,10097,9327,393,0,140,0,0,46,91,8,6,95,144,456,7466,283,7186,6613,324,1,102,0,0,4,61,0,7,66,114,343
HARALSON - 03,3846,35,3821,3569,97,4,0,0,10,29,60,36,0,64,36,130,3099,36,3078,2935,83,0,0,0,12,10,35,6,0,35,6,93
HARALSON - 04,1582,0,1585,1305,98,0,11,0,0,0,0,0,0,0,11,149,1267,0,1270,1086,61,0,12,0,0,0,0,0,0,0,12,82
HARALSON - 05,1845,0,1844,1789,0,0,0,0,0,0,43,3,0,36,3,0,1469,0,1470,1419,0,0,0,0,0,0,48,0,0,41,0,0
HARALSON - 06,1223,0,1205,1200,0,0,0,0,0,0,2,0,0,9,0,0,899,0,886,878,0,0,0,0,0,0,1,0,0,8,0,0
HARALSON - 07,643,24,627,627,0,0,0,0,0,0,4,2,0,4,2,6,474,10,467,471,0,0,0,0,0,1,3,0,0,3,0,5
HARALSON - 08,502,0,503,458,0,0,0,0,0,36,0,0,0,0,0,62,405,0,403,384,0,0,0,0,0,15,0,0,0,0,0,28
HARALSON - 09,579,24,554,542,0,0,0,0,0,0,9,0,0,9,0,0,368,10,353,345,0,0,0,0,0,0,4,0,0,4,0,0
HARALSON - 10,3240,28,3210,3009,170,0,14,0,0,0,21,0,57,80,14,217,2644,30,2611,2429,145,0,15,0,0,0,11,0,60,74,15,195
HARALSON - 11,1284,0,1285,1231,0,0,0,0,0,71,0,0,0,0,0,41,1024,0,1026,998,0,0,0,0,0,36,0,0,0,0,0,19
HARALSON - 12,4307,232,4072,3447,764,0,6,0,0,45,0,0,0,0,6,752,3268,167,3097,2700,502,0,7,0,0,0,0,0,0,0,7,481
HARALSON - 13,1647,3,1647,1624,22,0,2,0,0,7,6,9,0,6,15,28,1289,1,1288,1273,19,3,0,0,0,0,1,15,0,4,3,21
HARRIS - CA,4767,492,4315,3617,373,3,45,0,0,132,16,99,0,21,142,489,3579,284,3317,2872,322,5,40,0,0,0,18,5,0,24,51,328
HARRIS - EL,5589,289,5278,3993,882,31,56,0,16,59,52,197,0,80,243,959,4499,226,4265,3123,820,27,59,0,17,17,43,178,0,72,216,830
HARRIS - GM,2451,14,2436,1141,1270,4,0,0,0,20,4,0,0,8,0,1289,1995,8,1989,995,987,0,0,0,0,5,0,0,6,6,0,997
HARRIS - HA,4102,207,3898,2789,990,6,29,0,59,55,33,21,0,39,54,1043,3175,135,3036,2149,801,10,31,0,27,48,25,18,0,29,53,853
HARRIS - L9,3824,136,3691,3167,382,0,27,0,0,2,52,40,0,73,68,411,2828,86,2744,2343,287,5,28,0,0,0,38,42,0,58,73,289
HARRIS - MG,3505,302,3167,2771,244,0,9,0,0,67,17,24,29,27,32,313,2745,189,2539,2258,209,0,8,0,0,0,15,30,23,22,28,224
HARRIS - PV,1596,13,1586,1391,123,0,0,0,24,37,6,0,0,7,0,144,1291,10,1273,1111,103,0,0,0,24,0,3,1,0,5,1,104
HARRIS - SK,1216,11,1203,775,309,0,0,0,0,0,12,0,0,12,0,306,959,0,962,631,218,0,0,0,0,0,15,0,0,15,0,215
HARRIS - U9,1843,87,1752,1618,94,0,8,0,0,13,13,3,0,10,11,109,1604,75,1530,1406,85,0,11,0,0,15,9,3,0,8,14,101
HARRIS - VP,1407,5,1404,1025,312,0,0,0,1,60,0,0,0,0,0,389,1088,3,1091,798,296,0,0,0,4,6,0,0,0,0,0,302
HARRIS - WA,3850,140,3720,3071,523,7,6,0,19,13,43,41,0,51,55,534,2826,107,2725,2201,483,0,1,0,1,16,13,16,0,16,35,496
HARRIS - WH,1771,20,1755,1665,166,0,0,0,0,4,0,0,0,0,0,173,1576,1,1570,1477,160,0,0,0,0,0,0,0,0,0,0,168
HART - 2,10510,277,10229,6842,3035,0,49,0,0,124,146,10,7,154,59,3184,8430,150,8269,5745,2248,0,27,0,0,85,149,14,7,155,40,2350
HART - 3,3422,78,3345,2494,578,0,199,3,0,18,58,0,0,58,199,596,2448,46,2401,1821,400,0,117,0,0,8,58,0,0,58,117,409
HART - 4,1545,13,1541,1009,452,0,2,0,0,53,30,8,0,27,11,483,1274,2,1282,833,392,0,3,0,0,26,35,3,0,35,7,406
HART - 5,4085,22,4073,3821,33,18,53,0,30,58,61,0,0,79,53,91,3676,10,3674,3431,38,12,63,0,30,39,59,0,0,73,63,77
HART - 6,2147,131,2024,1802,210,3,0,0,0,7,0,0,0,3,0,215,1568,10,1562,1431,134,3,0,0,0,0,0,0,0,2,0,132
HART - 7,2428,14,2403,2346,22,13,4,0,0,5,0,0,0,13,4,28,1811,13,1793,1736,23,13,0,0,0,5,0,0,0,14,0,27
HART - 8,2093,16,2064,1703,267,0,4,1,0,0,92,9,0,94,12,272,1670,4,1661,1374,221,0,6,0,0,1,41,11,0,40,17,226
HEARD - CEN,2247,82,2174,2046,52,0,6,0,0,0,71,0,0,71,6,52,1734,88,1666,1570,43,0,5,0,0,0,55,0,0,55,5,43
HEARD - COO,943,0,941,633,140,0,0,0,0,19,145,0,0,141,0,160,689,0,688,472,137,0,0,0,0,6,55,0,0,55,0,145
HEARD - ENO,1770,120,1648,1249,260,0,0,0,0,2,131,0,0,140,0,264,1344,38,1304,1001,186,0,0,0,0,0,113,0,0,115,0,186
HEARD - EPH,2068,69,1992,1951,17,0,2,0,0,5,18,0,5,22,2,30,1528,23,1485,1452,18,0,2,0,0,0,17,0,0,17,2,17
HEARD - FRA,3506,33,3467,2968,361,0,13,0,0,57,61,0,0,55,13,413,2832,26,2801,2419,305,0,12,0,0,45,41,0,0,41,12,349
HEARD - SOU,1215,17,1206,1080,85,0,20,0,0,0,31,0,0,33,20,84,919,12,915,822,45,0,21,0,0,0,17,0,0,15,21,45
HENRY - 25,9956,971,8975,2512,6245,0,64,0,39,29,28,0,71,99,65,6342,7049,741,6303,1905,4233,0,41,0,44,13,19,0,68,87,40,4312
HENRY - 26,5134,204,4889,4132,415,0,305,0,0,8,24,27,0,26,330,429,3635,149,3460,2922,332,0,164,0,0,3,28,33,4,32,189,338
HENRY - 27,5958,117,5868,4374,1193,0,12,0,0,45,65,80,0,61,98,1233,4407,74,4344,3415,746,0,14,0,0,8,44,32,2,43,56,756
HENRY - 28,11063,550,10530,1302,8585,0,103,0,14,268,16,5,196,282,107,9109,7924,442,7502,1236,5993,0,93,0,0,48,16,0,114,184,93,6203
HENRY - 29,16330,1432,14918,2877,10471,0,537,0,256,141,13,0,355,368,547,10983,11420,827,10608,2215,7291,0,314,0,116,106,19,0,359,378,322,7767
HENRY - 30,7426,432,6974,3275,3499,0,138,0,8,173,25,0,7,33,124,3665,5597,283,5303,2610,2521,0,99,0,14,79,23,0,10,32,88,2603
HENRY - 31,8872,775,8117,2975,4790,0,181,0,0,161,42,0,33,68,190,4984,6395,392,6012,2334,3468,0,115,0,0,86,45,0,38,78,125,3584
HENRY - 32,9011,900,8122,1269,5139,0,1193,116,106,133,0,79,0,0,1287,5273,7006,786,6225,1104,3936,5,905,52,23,115,0,20,0,5,926,4051
HENRY - 33,7445,278,7172,654,5253,0,1088,0,92,43,0,10,34,34,1098,5330,5362,192,5173,505,3709,0,797,0,84,29,0,11,37,37,808,3772
HENRY - 34,9817,739,9084,2019,6138,56,316,0,104,80,36,21,436,458,338,6591,7252,343,6909,1839,4551,16,200,0,9,0,25,20,326,312,220,4813
HENRY - 35,4562,576,4022,810,2679,0,116,0,113,328,0,0,19,25,116,3041,3227,232,2993,724,1906,0,80,0,11,137,0,0,22,26,82,2223
HENRY - 36,5013,694,4332,2297,1823,12,36,0,19,25,22,24,0,31,57,1864,3761,347,3405,1869,1408,3,20,0,14,28,0,11,0,2,31,1435
HENRY - 37,3910,196,3719,1913,1149,0,239,5,77,30,113,12,8,121,253,1187,2741,75,2665,1468,780,0,130,0,54,7,113,0,7,122,131,796
HENRY - 38,6884,299,6590,2144,3623,14,343,0,82,49,2,94,158,178,432,3853,4934,213,4724,1600,2695,12,260,4,12,28,2,41,39,55,294,2762
HENRY - 39,11298,545,10758,2146,7984,16,299,0,17,168,9,124,56,82,421,8223,7861,351,7513,1612,5599,6,152,0,20,50,10,64,53,70,215,5718
HENRY - 41,5202,1160,3965,1899,1969,0,94,0,0,29,13,0,0,21,102,1986,3699,814,2870,1526,1212,9,68,0,0,28,12,0,0,29,76,1229
HENRY - 42,6520,1018,5547,2382,2854,6,243,0,2,6,26,8,2,32,248,2874,5264,591,4695,2045,2379,10,254,0,1,0,17,15,0,28,262,2395
HENRY - 43,7227,167,7074,2560,4111,6,117,0,36,569,16,21,0,24,143,4612,5334,126,5224,2082,2728,7,67,0,35,424,4,20,0,11,93,3144
HENRY - 44,4314,60,4237,1837,2190,0,36,0,34,154,9,0,0,9,37,2333,3755,57,3685,1748,1892,0,12,0,14,25,8,0,0,8,13,1915
HENRY - 45,4472,313,4153,2090,1825,0,1,0,39,87,61,0,0,62,1,1935,3717,306,3403,1783,1386,0,0,4,38,88,56,0,0,56,0,1495
HENRY - 46,5133,124,5009,1011,3775,0,4,0,20,42,0,0,157,157,4,3974,4163,63,4100,863,3082,0,8,0,19,41,0,0,87,87,8,3210
HENRY - 47,5138,26,5111,855,4185,0,2,0,3,31,10,19,0,10,20,4217,4042,15,4030,573,3384,9,1,0,1,29,4,19,0,13,19,3416
HENRY - 48,6424,567,5868,4507,1393,0,30,0,6,15,0,53,0,0,86,1411,4805,325,4458,3280,1168,0,25,0,8,20,0,27,0,0,59,1189
HENRY - 49,5030,136,4901,1148,3591,0,6,0,50,21,5,54,0,5,52,3612,3637,137,3504,968,2430,0,7,0,33,3,0,55,0,0,53,2435
HENRY - 50,6807,490,6313,2647,3301,5,139,0,51,15,38,122,0,39,259,3312,5742,251,5486,2314,2882,0,130,0,65,0,35,56,0,31,197,2883
HENRY - 51,5409,411,5000,2077,2634,0,163,0,9,124,29,0,0,35,158,2759,4580,254,4328,1624,2476,0,164,0,0,78,23,0,0,29,158,2560
HENRY - 52,6482,723,5709,3005,2097,16,156,0,134,267,0,7,23,33,166,2373,4855,435,4420,2537,1483,12,90,0,42,380,0,2,19,27,91,1725
HENRY - 53,5153,85,5059,1559,2847,0,440,5,5,42,0,15,34,31,462,2899,4277,67,4207,1521,2191,0,343,0,3,0,0,16,33,32,367,2209
HENRY - 54,6861,859,6014,1113,4543,4,280,0,4,55,5,0,25,28,269,4618,5451,380,5063,1075,3732,6,210,0,0,28,0,0,27,24,202,3787
HENRY - 55,4232,418,3802,1930,1524,0,15,0,2,103,44,7,21,61,22,1697,3092,336,2754,1501,1029,0,15,0,1,108,46,11,22,68,27,1147
HENRY - 56,3906,537,3405,1614,1622,0,86,0,3,42,0,0,0,0,86,1671,3090,256,2846,1399,1350,0,73,0,4,18,0,0,0,0,73,1364
HENRY - 57,3742,180,3550,1462,1761,5,281,0,0,32,9,80,0,18,348,1796,2952,143,2806,1190,1361,0,270,0,0,31,10,14,0,14,272,1394
HENRY - 58,5035,127,4903,2877,1979,7,5,0,0,27,34,6,70,116,12,2075,3634,73,3562,1981,1542,2,0,0,0,12,13,5,72,91,5,1628
HENRY - 59,8782,863,7923,5547,1983,14,94,0,0,37,93,0,0,107,94,2018,6235,580,5686,3911,1536,19,69,0,0,1,83,0,0,102,69,1537
HENRY - 60,5370,611,4779,2338,2457,8,26,0,10,96,25,0,0,32,26,2551,3787,292,3509,1998,1552,5,27,2,8,0,22,0,0,26,27,1557
HENRY - 61,5770,68,5651,1807,3387,0,144,0,95,91,29,7,0,29,151,3469,4146,58,4052,1436,2287,0,62,3,69,59,24,10,0,24,72,2348
HENRY - 62,2976,233,2737,815,1776,0,95,0,42,4,15,11,0,15,104,1766,2003,54,1944,637,1162,0,97,0,47,0,26,0,0,24,95,1161
HOUSTON - ANNX,6985,1071,5906,4354,1169,6,47,0,0,194,159,0,0,166,51,1357,5300,667,4617,3289,998,5,50,4,0,86,154,0,0,156,50,1121
HOUSTON - BMS,15668,994,14679,9122,4616,0,337,0,192,51,94,245,8,105,582,4680,10935,554,10388,6527,3346,0,248,4,40,0,75,128,7,85,376,3357
HOUSTON - CENT,12538,690,11864,5686,5204,4,267,0,18,224,82,327,0,86,598,5453,9430,417,9014,4740,3824,0,202,0,4,132,88,15,0,87,216,3961
HOUSTON - CGTC,8793,507,8281,5203,2491,1,287,0,104,117,18,5,26,35,293,2627,6750,278,6470,4121,1936,0,278,0,65,0,17,6,23,29,285,1957
HOUSTON - FMMS,11880,512,11372,6151,4288,0,210,0,64,263,33,98,255,287,306,4809,8794,353,8442,4850,3080,0,143,0,63,58,31,35,178,209,178,3316
HOUSTON - HAFS,2371,15,2359,1836,282,0,3,225,0,7,0,43,0,0,38,288,1863,9,1857,1366,266,0,4,223,0,5,0,18,0,0,18,271
HOUSTON - HCTC,9542,484,9059,6076,2239,5,324,0,29,214,51,102,0,56,424,2459,7617,297,7332,5190,1749,0,210,0,24,148,33,20,0,34,231,1860
HOUSTON - HEFS,1591,10,1579,1025,534,0,0,0,0,0,11,0,0,11,2,534,1305,8,1297,810,470,0,0,0,0,0,7,0,0,7,4,470
HOUSTON - HHPC,13778,1170,12624,7107,4660,25,149,5,98,546,101,0,33,159,149,5219,11223,677,10559,6414,3641,28,147,0,0,263,99,0,29,156,143,3918
HOUSTON - MCMS,15442,510,14925,7816,4491,3,1186,0,280,870,69,220,25,97,1406,5386,10036,414,9612,5130,3361,0,904,0,36,57,39,67,33,72,971,3454
HOUSTON - NHSC,3495,220,3266,1785,1410,4,33,0,29,16,9,38,0,13,68,1401,2754,141,2615,1464,1075,0,33,0,16,5,13,16,0,14,53,1075
HOUSTON - ROZR,20776,637,20144,13023,6010,17,537,0,121,196,78,117,70,177,654,6277,16351,398,15955,10280,4980,20,248,0,113,113,68,105,41,142,353,5133
HOUSTON - TMS,7735,482,7261,3163,3570,0,163,0,231,79,43,0,0,43,162,3647,5809,344,5471,2767,2265,0,143,0,192,49,42,0,0,44,139,2315
HOUSTON - TWPK,6424,565,5860,3856,1359,0,173,0,145,288,23,0,2,24,173,1648,4539,203,4337,3040,951,0,141,0,85,98,27,0,2,28,141,1044
HOUSTON - VHS,11449,1134,10315,7398,2259,18,68,0,26,246,65,129,75,154,202,2583,8196,795,7400,5326,1811,18,68,0,14,13,39,78,20,73,145,1847
HOUSTON - WELL,15911,1198,14685,4162,9660,26,279,0,327,34,0,109,0,26,388,9713,10908,509,10380,3293,6531,8,275,0,99,11,8,101,0,16,380,6556
IRWIN - 0901,3039,243,2800,2786,7,0,0,0,0,0,0,0,0,0,0,7,2450,130,2320,2318,2,0,0,0,0,0,0,0,0,0,0,2
IRWIN - 1529,5405,61,5349,2924,2228,0,5,0,0,21,0,183,0,0,188,2249,4041,48,3991,2226,1583,0,4,0,0,26,0,156,0,0,160,1609
IRWIN - 1753,776,302,465,450,10,0,0,0,0,0,0,0,0,0,0,10,604,193,413,400,9,0,0,0,0,0,0,0,0,0,0,9
JACKSON - 1000,28085,2968,25127,21613,2443,0,477,0,58,247,133,218,4,135,667,2690,19653,1595,18033,15691,1751,0,347,0,29,100,105,73,0,105,414,1841
JACKSON - 2000,19886,2054,17829,15319,1949,12,209,0,45,190,73,31,8,92,246,2148,15263,1091,14169,12416,1264,21,196,0,36,174,57,23,7,84,211,1439
JACKSON - 3000,23621,2098,21504,18542,1297,0,862,0,133,301,184,73,19,206,959,1639,17787,1509,16299,13981,1130,0,677,0,106,134,142,27,17,159,722,1295
JACKSON - 4000,10772,266,10518,9135,848,0,160,0,108,191,39,51,6,45,209,1026,8650,196,8461,7360,697,0,169,0,54,93,37,48,0,38,213,792
JASPER - 290,3185,70,3111,2306,767,0,0,0,0,0,27,0,0,28,0,768,2307,44,2256,1691,517,0,0,7,0,0,30,0,0,30,0,515
JASPER - 295,6075,214,5862,3755,1770,4,25,0,33,26,37,0,164,202,25,1967,4845,142,4703,3054,1429,0,26,1,17,0,31,0,88,116,26,1541
JASPER - 296,6391,269,6125,5936,117,0,0,0,33,45,41,0,12,55,0,166,4803,76,4734,4601,109,0,0,0,22,20,38,0,12,53,0,119
JEFF DAVIS - 100,3413,607,2848,1421,1132,0,31,0,0,5,8,55,0,6,32,1133,2362,215,2175,1140,819,0,34,6,0,4,9,9,0,7,34,820
JEFF DAVIS - 201,917,39,900,756,74,0,0,43,0,0,0,38,0,0,216,74,674,23,674,602,41,0,0,5,0,0,0,9,0,0,40,43
JEFF DAVIS - 202,1342,0,1342,1228,38,0,36,0,0,0,40,0,0,40,36,38,1161,0,1161,1042,44,0,35,0,0,0,40,0,0,40,35,44
JEFF DAVIS - 301,2354,441,1674,1328,122,0,0,0,0,40,100,125,0,102,0,193,1469,146,1132,951,95,0,0,19,0,13,74,23,0,76,0,140
JEFF DAVIS - 302,1075,50,1149,1095,23,0,0,0,0,53,11,0,0,11,0,51,815,20,890,830,18,0,0,0,0,55,13,0,0,13,0,42
JEFF DAVIS - 401,1313,19,1326,1229,53,0,1,0,0,23,13,5,0,13,5,67,980,11,998,926,50,0,0,0,0,0,15,3,0,15,2,55
JEFF DAVIS - 402,1210,162,1077,888,98,0,0,0,0,0,79,0,15,84,0,114,946,88,865,708,88,0,0,0,0,0,61,4,0,61,4,88
JEFF DAVIS - 501,2009,94,1908,1821,152,0,3,0,0,42,20,0,0,20,5,189,1550,39,1513,1450,133,0,0,0,0,37,10,0,0,10,2,156
JEFF DAVIS - 502,583,0,580,446,98,0,0,0,0,0,6,0,10,26,0,119,437,2,442,320,106,0,0,0,0,0,7,2,0,7,2,115
JEFFERSON - 0076,907,5,890,679,241,0,0,0,0,0,2,0,0,4,0,232,645,5,629,465,190,0,0,0,0,0,1,1,0,2,0,189
JEFFERSON - 0077,790,0,790,527,250,0,0,0,1,0,0,0,0,0,0,255,639,0,646,430,204,0,0,0,0,0,0,0,0,0,0,206
JEFFERSON - 0081,3761,0,3759,1529,2233,0,0,0,3,12,15,0,0,15,0,2236,2656,0,2649,1149,1517,0,0,0,0,0,12,0,0,12,0,1514
JEFFERSON - 0082,4955,75,4890,1625,3214,0,0,0,11,17,22,0,6,28,0,3236,4081,64,4029,1416,2567,5,0,0,9,5,21,0,5,31,0,2577
JEFFERSON - 0083,2201,141,2051,359,1677,0,9,5,0,4,0,0,0,0,9,1683,1761,121,1629,312,1309,0,7,0,0,0,0,0,0,0,7,1310
JEFFERSON - 0085,449,7,445,317,137,0,0,0,0,0,0,0,0,0,0,136,382,2,380,270,118,0,0,0,0,0,0,0,0,0,0,118
JEFFERSON - 1460,1185,2,1186,885,234,0,0,0,0,5,14,0,0,12,0,244,860,2,865,679,132,0,0,0,0,6,7,3,0,6,4,138
JEFFERSON - 1593,680,0,687,556,96,0,0,0,0,0,13,0,0,13,0,104,509,0,512,415,67,0,0,0,0,0,17,0,0,17,0,68
JENKINS - 1,1337,76,1214,537,680,3,0,0,1,0,0,0,0,15,0,670,1173,44,1089,505,600,5,0,0,1,0,0,0,0,14,0,601
JENKINS - 2,1531,151,1359,641,668,0,0,0,3,0,20,0,0,3,0,678,1203,100,1085,519,535,0,0,0,2,0,17,0,0,7,0,538
JENKINS - 3,1413,186,1295,838,433,2,0,4,0,0,6,0,0,7,0,442,1110,80,1067,703,336,0,0,0,0,0,5,0,0,5,0,334
JENKINS - 4,2383,111,2274,1574,711,0,0,0,8,10,0,0,0,7,0,713,2142,108,2056,1414,637,0,0,0,7,8,2,0,0,3,0,644
JENKINS - 5,1858,91,1765,1006,755,0,0,1,0,0,6,0,0,5,0,754,1388,73,1314,795,516,0,0,0,0,0,4,0,0,4,0,515
JOHNSON - 1201,5814,110,5702,2852,2725,0,0,0,30,33,77,9,0,77,9,2757,4674,84,4589,2327,2165,0,0,0,8,12,71,10,0,71,10,2182
JOHNSON - 1266,1156,0,1151,1009,103,23,0,0,0,0,17,0,0,40,0,100,974,0,972,856,78,20,0,0,0,0,12,0,0,32,0,78
JOHNSON - 1301,853,5,852,581,176,0,0,0,0,14,0,0,53,53,0,246,693,10,685,464,154,0,0,0,0,0,4,0,54,58,0,208
JOHNSON - 55,1319,0,1322,1244,20,5,0,0,0,29,27,0,0,32,0,50,1179,0,1180,1112,21,7,0,0,0,26,25,0,0,32,0,42
JONES - 1,3592,129,3464,2710,626,6,76,0,2,1,17,0,2,27,77,654,2792,103,2689,2035,504,9,64,0,4,19,20,0,1,28,63,534
JONES - 10,4268,78,4188,2632,1185,0,1,0,0,370,23,0,0,20,1,1560,3137,27,3115,2043,939,0,5,4,0,130,11,6,4,15,11,1074
JONES - 11,3141,9,3133,2507,521,6,5,0,5,33,19,0,2,26,6,540,2314,7,2303,1803,421,0,6,0,8,18,11,0,3,16,7,444
JONES - 2,3155,5,3147,2482,634,0,0,0,0,43,2,0,0,1,0,678,2445,7,2435,1917,487,0,0,0,0,39,2,0,0,1,0,524
JONES - 3,4169,0,4170,1736,2346,0,0,0,7,84,42,0,0,42,0,2417,3193,0,3193,1329,1855,0,0,0,9,0,32,0,0,32,0,1842
JONES - 4,2040,35,2011,1876,94,0,5,0,0,4,8,0,29,56,4,117,1731,33,1706,1583,91,0,12,0,0,8,5,0,25,30,12,105
JONES - 5,2837,115,2720,2010,630,0,1,0,0,0,12,0,28,23,0,672,2230,51,2173,1609,538,0,0,0,0,0,11,0,0,10,0,559
JONES - 6,1677,2,1670,1327,291,0,9,0,0,38,12,0,0,13,9,324,1351,0,1344,1043,283,0,0,0,0,0,13,0,0,15,0,282
JONES - 8,287,4,281,270,24,0,0,0,0,0,0,0,0,0,0,23,164,4,158,137,26,0,0,0,0,0,0,0,0,0,0,25
JONES - 9,3315,199,3121,2334,624,0,1,0,0,11,5,137,0,5,138,635,2611,112,2508,1919,516,0,0,0,0,8,4,55,0,4,55,526
LAMAR - 1711,3675,271,3407,905,2663,5,6,0,0,61,7,0,0,6,27,2723,2881,263,2623,703,2144,9,0,2,0,24,0,0,0,1,19,2147
LAMAR - 1712A,1919,0,1919,1832,43,0,0,0,0,0,38,4,0,39,5,42,1263,0,1260,1213,21,0,0,0,0,0,24,0,0,23,0,20
LAMAR - 1712B,2253,0,2262,1090,866,0,0,0,0,0,23,35,0,25,17,875,1804,0,1812,877,690,0,0,0,0,0,0,25,0,0,12,699
LAMAR - 1712C,649,0,646,561,93,0,0,0,0,0,0,12,0,0,8,94,556,0,552,493,65,0,0,0,0,0,0,12,0,0,6,67
LAMAR - 1713,4531,83,4445,3572,807,3,40,0,0,87,17,0,0,22,41,892,3866,80,3780,3019,681,2,38,2,0,64,22,0,0,32,38,749
LAMAR - 1714,6333,225,6102,5028,798,2,51,0,0,112,19,1,0,22,51,904,5012,227,4785,4032,554,2,55,0,0,26,13,0,0,16,55,587
LANIER - 1,9844,512,9332,6703,2484,0,0,0,31,0,89,11,14,103,11,2498,7586,409,7177,5250,1814,0,0,0,33,0,58,0,22,80,0,1836
LAURENS - 03,5916,72,5845,3145,2379,48,171,0,0,124,14,30,0,64,196,2487,4645,70,4581,2672,1623,46,165,0,0,48,16,27,0,64,189,1671
LAURENS - 04,9066,123,8958,1303,7550,0,0,57,4,17,2,0,0,4,0,7573,6273,126,6155,1175,4976,0,0,4,0,11,1,0,0,4,0,4990
LAURENS - 05,5088,17,5070,3596,1186,0,149,0,0,48,20,0,0,16,177,1275,4220,14,4200,2947,1059,0,144,0,0,15,21,3,0,18,150,1073
LAURENS - 07,1081,76,1005,298,707,0,0,0,0,0,0,0,0,0,0,707,918,78,840,266,574,0,0,0,0,0,0,0,0,0,0,574
LAURENS - 08,701,0,706,678,25,0,2,0,0,12,0,0,0,0,2,37,554,0,559,525,26,0,0,0,0,0,0,0,0,0,0,27
LAURENS - 10,1239,80,1157,989,183,0,3,0,0,6,0,0,0,0,3,187,999,58,941,807,162,0,0,0,0,0,0,0,0,0,0,162
LAURENS - 11,3157,447,2696,2382,265,0,0,0,0,16,32,0,0,32,0,285,2254,111,2135,1823,264,0,0,0,0,27,28,0,0,28,0,287
LAURENS - 12,2037,0,2038,1432,569,0,0,0,5,20,6,2,0,6,4,589,1574,0,1574,1071,489,0,0,0,4,0,4,6,0,4,6,489
LAURENS - 13,3319,17,3302,2609,633,44,0,0,1,0,13,4,0,57,2,634,2595,12,2586,2146,411,14,0,0,0,0,11,0,0,25,0,411
LAURENS - 15,1130,132,1011,995,2,0,0,0,0,14,7,0,0,7,3,12,872,66,815,797,3,0,0,0,0,3,7,0,0,7,3,10
LAURENS - 16,3690,0,3685,2996,614,0,20,0,0,0,15,11,0,15,28,614,2812,0,2806,2139,607,0,18,0,0,0,14,12,0,14,30,607
LAURENS - 18,2383,0,2380,1657,613,0,1,0,0,93,0,26,0,0,4,678,1895,0,1896,1247,619,0,0,0,0,0,0,0,0,0,0,621
LAURENS - 19,1456,11,1446,1332,91,0,0,4,0,15,0,0,0,0,3,107,1210,5,1203,1128,76,0,0,0,0,0,0,0,0,0,0,75
LAURENS - 21,5710,184,5527,3098,2343,0,15,0,0,50,0,0,15,15,12,2408,3943,82,3860,2243,1603,0,12,0,0,0,0,0,0,0,9,1603
LAURENS - 22,2737,30,2695,1677,1015,0,2,0,0,7,14,0,0,14,2,1019,2046,29,2008,1263,726,0,2,4,0,8,17,0,0,15,2,730
LEE - 1,432,0,429,233,192,0,0,0,1,0,15,0,0,16,0,188,376,0,371,197,180,0,0,0,1,0,12,0,0,12,0,176
LEE - 10,5698,186,5515,4530,766,0,126,0,6,15,60,0,0,59,126,785,4322,141,4186,3530,511,0,61,0,5,16,44,0,0,44,61,531
LEE - 2,1284,0,1283,941,294,0,1,0,0,0,0,0,0,0,1,293,995,0,996,681,283,0,1,0,0,0,0,0,0,0,1,281
LEE - 3,1900,47,1848,1143,520,0,156,0,0,0,55,0,6,64,154,525,1636,54,1574,900,523,0,134,0,0,0,40,0,0,48,132,525
LEE - 4,4725,152,4577,3149,1163,0,15,0,0,23,183,99,0,182,113,1185,3463,73,3389,2444,853,0,15,0,5,8,106,11,0,103,29,861
LEE - 5,1782,43,1741,1292,301,0,49,0,0,0,26,40,0,24,90,303,1228,20,1217,847,248,0,54,0,0,0,30,0,0,25,53,248
LEE - 6,6113,141,5972,4076,1642,0,109,0,0,16,122,0,0,122,111,1659,4569,107,4461,3013,1238,0,107,0,0,18,78,0,0,78,107,1256
LEE - 7,1809,47,1765,1271,269,0,48,0,0,10,56,0,0,68,48,292,1502,42,1461,1077,249,0,2,0,0,0,46,0,0,57,2,249
LEE - 8,3939,58,3878,2256,1487,0,136,0,0,4,106,0,0,94,136,1478,2786,63,2722,1690,917,0,96,0,0,18,88,0,0,77,96,935
LEE - 9,5497,389,5108,3716,1207,0,0,46,0,91,48,0,0,48,0,1298,3718,198,3520,2643,783,0,0,45,0,0,49,0,0,49,0,783
LIBERTY - 1,1391,35,1341,200,1047,0,0,0,0,39,0,6,18,14,6,1093,1117,33,1081,154,881,0,0,0,0,0,0,6,21,17,6,897
LIBERTY - 10,8100,1457,6658,1858,4067,7,84,132,97,183,15,103,33,57,186,4288,5935,1027,4923,1299,3020,0,78,97,79,148,15,96,28,47,174,3198
LIBERTY - 11,5737,809,4940,1653,2859,2,161,61,88,241,40,44,22,67,204,3100,4486,536,3963,1429,2212,2,121,63,63,103,25,27,21,46,147,2323
LIBERTY - 12,3719,436,3294,906,2157,9,50,3,22,110,7,5,0,19,52,2297,2752,290,2469,756,1578,11,46,1,12,51,3,5,0,13,52,1642
LIBERTY - 13,10052,1991,8048,5078,2182,28,363,6,161,81,37,109,10,76,472,2278,6386,1269,5106,2942,1601,26,278,4,56,64,43,95,8,77,373,1676
LIBERTY - 14,4353,196,4168,1394,2374,4,31,0,21,145,12,120,7,20,198,2522,3017,114,2908,1071,1661,0,34,1,5,72,8,29,7,15,76,1732
LIBERTY - 2,3644,322,3317,1030,1656,101,120,8,94,216,46,18,0,140,141,1858,2549,223,2317,834,1101,50,33,6,103,133,32,15,0,84,47,1223
LIBERTY - 3,6147,328,5830,3308,2481,12,2,0,3,171,13,4,19,43,7,2687,4737,153,4578,2653,1981,5,3,0,0,44,17,5,19,43,8,2059
LIBERTY - 4,5374,528,4816,1557,3093,9,20,22,6,60,44,124,6,61,96,3159,3641,343,3282,1143,2015,6,16,19,2,43,42,63,6,53,62,2074
LIBERTY - 6,5183,513,4669,2963,1019,12,3,0,3,262,33,42,7,57,44,1281,4046,302,3744,2611,694,10,2,0,0,131,38,43,7,57,45,823
LIBERTY - 7,6860,724,6150,3133,2579,0,38,0,218,174,21,7,0,19,44,2750,5142,484,4666,2530,1916,0,32,0,98,75,10,0,0,12,35,1980
LIBERTY - 9,5213,688,4515,1625,2534,0,78,0,44,184,19,13,0,20,95,2723,3407,418,2986,1253,1520,2,87,0,2,76,21,20,0,19,109,1610
LINCOLN - 1-A,1068,0,1069,736,308,0,0,0,0,0,31,0,0,30,0,309,878,0,876,601,250,0,0,0,1,2,32,0,0,32,0,251
LINCOLN - 1-B,894,13,878,255,649,0,7,0,0,16,2,0,0,12,7,703,713,3,709,198,567,0,7,0,3,6,1,0,0,16,7,605
LINCOLN - 2,1997,53,1949,1390,482,0,3,0,0,26,9,0,36,39,3,514,1586,34,1560,1118,383,0,3,0,0,0,5,0,36,30,3,397
LINCOLN - 3-A,659,3,649,466,199,0,0,0,0,2,10,0,0,10,0,200,520,0,514,385,115,0,0,0,0,0,10,0,0,10,0,113
LINCOLN - 3-B,1036,4,1037,719,237,0,0,0,0,2,3,0,0,3,0,236,839,3,833,604,169,0,0,0,0,0,3,0,0,3,0,168
LINCOLN - 4-A,697,2,694,513,117,0,0,0,0,10,8,0,0,6,0,123,562,0,559,427,70,0,0,0,0,7,7,0,0,4,0,70
LINCOLN - 4-B,1357,9,1348,1288,92,0,0,0,0,1,7,0,0,6,0,92,1125,16,1116,1083,66,0,0,0,0,0,8,0,0,7,0,67
LONG - 1,2302,672,1596,1150,336,0,0,0,7,96,0,0,23,19,0,448,1646,428,1200,872,245,0,0,0,3,99,0,0,22,18,0,349
LONG - 2,5340,286,5076,3237,1482,0,35,0,122,109,41,23,0,48,73,1606,3670,165,3514,2259,1006,0,34,0,111,50,40,2,0,43,46,1062
LONG - 3,2552,211,2332,1026,1119,0,0,0,99,87,7,0,15,23,0,1221,1949,125,1813,813,939,0,0,0,31,8,12,0,14,28,0,958
LONG - 4,4148,539,3617,1977,833,0,74,78,246,255,117,159,0,110,217,1070,2953,336,2636,1533,654,0,76,42,259,15,53,107,0,50,173,674
LONG - 5,965,128,863,744,102,0,0,0,2,19,1,0,6,5,0,124,813,80,753,667,91,0,0,0,0,3,0,0,3,1,0,104
LONG - 6,484,32,465,329,112,0,0,0,1,26,0,0,0,4,1,146,366,14,363,270,57,0,0,0,1,2,0,0,0,4,0,65
LONG - 7,2093,157,1910,1320,336,0,6,19,23,18,22,20,0,23,26,359,1481,132,1319,905,255,0,0,10,23,0,12,0,0,12,0,251
LOWNDES - 001,5152,220,4903,3967,844,0,1,0,1,95,20,10,0,21,11,962,3416,94,3347,2679,638,0,1,0,1,20,20,9,0,21,7,663
LOWNDES - 002,2296,166,2176,1944,217,0,11,0,0,3,2,13,0,2,34,228,1606,9,1578,1421,145,0,11,0,0,0,4,22,0,4,21,154
LOWNDES - 003,1756,86,1684,1356,169,0,0,0,0,82,0,0,0,0,0,212,1359,62,1311,1085,138,0,0,0,0,36,0,0,0,0,0,158
LOWNDES - 004,4095,330,3735,2358,1068,0,74,0,14,32,69,126,8,74,192,1096,3033,190,2829,1798,863,0,62,0,13,3,67,5,0,70,77,866
LOWNDES - 006,5542,237,5303,3000,1939,0,149,10,35,22,96,69,16,119,218,1983,4312,157,4154,2301,1632,0,150,7,3,11,55,44,0,54,197,1643
LOWNDES - 007,10082,985,9101,5471,2990,0,298,0,153,151,119,34,0,119,326,3137,7493,612,6886,4387,2123,0,250,0,83,68,66,11,0,66,255,2186
LOWNDES - 008,18904,1315,17572,12015,4734,0,31,3,50,409,87,49,82,165,83,5232,15156,813,14327,10480,3258,0,32,5,32,205,92,35,75,165,71,3540
LOWNDES - 009,2452,9,2443,741,1728,0,0,0,0,0,0,0,0,0,0,1728,1697,2,1693,746,968,0,0,0,0,0,0,0,0,0,0,968
LOWNDES - 010,16865,911,15992,3492,12004,0,133,26,18,146,19,22,78,97,155,12225,12147,475,11698,2775,8538,0,136,23,19,87,21,19,40,61,155,8657
LOWNDES - 011,1582,162,1423,1158,247,0,0,0,0,16,0,0,0,0,0,263,1251,134,1119,851,248,0,0,0,0,19,0,0,0,0,0,267
LOWNDES - 012,24372,2148,22158,13148,7762,57,605,5,28,96,43,465,18,104,1062,7878,19051,1197,17817,10567,6339,51,440,5,40,90,51,223,15,110,665,6454
LOWNDES - 013,1212,24,1205,515,618,0,8,0,0,33,0,5,0,0,15,651,1203,21,1195,509,603,0,10,0,0,38,0,5,0,0,16,642
LOWNDES - 014,4510,80,4419,954,3453,28,29,0,6,15,0,5,9,52,34,3480,3456,67,3384,913,2464,13,30,0,8,15,0,0,3,23,30,2485
LOWNDES - 015,4136,55,4039,106,3816,0,0,7,13,81,0,0,0,0,0,3899,2553,50,2471,102,2318,0,0,7,14,18,0,0,0,0,0,2338
LOWNDES - 016,3438,163,3321,2455,700,0,29,0,0,0,20,0,0,18,38,701,2394,128,2285,1713,516,0,8,0,0,0,10,0,0,9,10,513
LOWNDES - 017,3195,117,3098,2712,312,0,27,0,0,0,14,22,0,14,47,315,2285,47,2251,1918,265,0,26,0,0,5,10,31,0,10,62,272
LOWNDES - 018,4942,219,4708,3256,1325,0,79,0,7,61,10,16,0,8,101,1390,3517,203,3319,2451,800,0,43,0,4,12,14,1,0,12,41,810
LOWNDES - 019,2976,86,2914,2477,350,0,6,0,14,33,4,13,0,6,13,382,2303,84,2223,1984,215,0,5,0,19,0,1,9,0,3,11,215
LUMPKIN - DA,34037,1630,32407,30724,687,81,283,38,22,136,305,127,4,390,410,827,28279,1170,27109,25812,591,45,225,26,8,69,240,82,11,296,307,671
MACON - 1,2051,8,2047,800,1175,0,5,0,0,28,23,0,3,28,5,1214,1615,11,1602,669,886,0,6,0,0,11,14,0,2,16,6,903
MACON - 2,3681,113,3563,1143,2253,0,32,0,0,34,43,0,48,88,32,2332,3212,71,3135,964,2018,0,31,0,0,36,38,0,46,82,31,2098
MACON - 3,2009,100,1914,934,1046,27,0,0,0,0,6,0,0,34,0,1046,1617,57,1551,825,790,26,0,0,0,0,8,0,0,36,0,791
MACON - 4,2073,25,2057,408,1523,0,82,0,0,17,4,0,0,7,82,1540,1657,0,1664,351,1216,0,68,0,0,15,3,0,0,8,68,1232
MACON - 5,1713,32,1668,651,932,0,27,0,0,0,5,0,0,2,27,927,1347,0,1357,472,784,0,23,0,0,0,7,0,0,2,23,780
MADISON - COB,4532,408,4130,3145,832,1,12,0,51,0,12,39,5,21,52,853,3212,178,3028,2353,573,0,0,0,24,0,7,42,0,7,40,571
MADISON - COL,959,23,935,914,6,0,0,0,0,29,3,0,0,3,0,19,725,19,701,674,6,0,0,0,0,4,5,0,0,5,0,14
MADISON - COM,2907,44,2860,1894,298,0,543,0,30,120,31,3,0,32,543,400,2202,44,2157,1558,224,0,346,0,8,14,21,4,0,23,350,243
MADISON - DAN,4399,190,4218,3850,74,4,3,0,32,180,28,3,0,29,6,273,3453,103,3351,3034,68,0,3,0,32,192,13,0,0,13,5,259
MADISON - FOR,770,17,755,677,86,0,0,0,0,10,0,0,0,0,0,95,598,21,584,516,74,0,0,0,0,14,1,0,5,3,0,87
MADISON - HAR,711,0,711,700,0,0,6,0,5,0,0,0,0,0,6,0,562,0,562,553,0,0,9,0,0,0,0,0,0,0,9,0
MADISON - HUL,6842,696,6096,4279,1640,0,11,0,0,8,37,0,0,46,11,1652,5007,248,4729,3386,1213,0,0,0,0,0,38,0,0,44,0,1214
MADISON - ILA,3104,135,2978,3015,4,0,0,0,0,0,0,0,0,0,0,5,2258,123,2145,2175,0,0,0,0,0,0,0,0,0,0,0,0
MADISON - MIL,2364,45,2307,2210,11,4,0,0,13,50,19,0,0,23,0,59,2017,24,1991,1922,13,0,0,0,5,46,4,0,0,4,0,56
MADISON - PAO,365,11,354,321,3,0,17,0,0,4,3,0,0,2,19,7,282,2,276,258,1,0,18,0,0,0,6,0,0,7,18,2
MADISON - PIT,2266,63,2245,2289,23,16,0,0,0,0,17,0,0,24,0,21,1936,59,1910,1953,18,15,0,0,0,0,12,0,0,21,0,17
MADISON - POC,1502,16,1484,1449,3,0,0,0,0,1,0,0,0,0,0,3,1262,9,1250,1224,0,0,0,0,0,0,0,0,0,0,0,2
MARION - 339,1299,132,1159,979,48,3,0,0,0,142,9,0,0,12,0,132,1030,70,959,812,48,3,0,0,0,98,11,0,0,15,0,103
MARION - 807,3273,125,3145,1256,1850,0,5,0,8,22,0,2,0,1,8,1899,2469,57,2411,896,1477,0,5,4,0,44,0,4,0,1,10,1524
MARION - 808,462,6,447,397,26,4,19,0,0,1,0,2,0,1,21,27,400,0,393,356,26,3,16,0,0,1,0,0,0,0,16,27
MARION - 948,612,48,571,428,63,3,10,0,4,16,7,2,0,12,13,110,497,22,475,349,55,4,11,0,0,1,9,0,0,13,10,86
MARION - 955,1423,50,1386,1240,54,4,48,0,34,19,1,2,0,5,48,73,1206,10,1205,1093,52,2,53,0,0,6,0,4,0,3,57,68
MCDUFFIE - 101,2152,131,2015,1916,37,0,41,0,3,9,33,0,0,34,39,44,1618,93,1523,1438,34,0,33,0,1,6,34,0,0,34,32,39
MCDUFFIE - 102,4851,212,4642,1448,3061,0,1,0,2,133,3,0,0,2,3,3177,3727,104,3630,1257,2286,0,1,0,0,50,0,0,0,0,2,2333
MCDUFFIE - 103,3027,33,2969,254,2314,0,0,0,2,25,11,48,0,11,48,2335,1976,32,1931,211,1486,0,0,0,0,18,11,49,0,11,51,1507
MCDUFFIE - 104,4481,314,4161,2432,1552,0,0,4,23,7,10,0,94,104,0,1670,3773,143,3615,2292,1216,0,0,4,18,3,0,2,98,98,0,1318
MCDUFFIE - 105,2870,32,2884,2598,549,0,0,0,7,14,7,0,0,7,0,568,2200,15,2214,1903,433,0,0,0,3,16,5,0,0,5,0,448
MCDUFFIE - 106,2479,23,2447,2040,311,0,31,0,0,7,36,31,0,37,62,320,1880,19,1859,1494,302,0,26,0,1,15,21,0,1,21,26,313
MCDUFFIE - 107,1749,38,1708,730,967,0,0,0,10,9,11,0,5,15,0,980,1023,38,981,571,390,0,0,0,8,2,9,0,5,15,0,403
MCINTOSH - 1312,115,4,111,88,9,2,0,0,0,0,0,0,0,2,0,10,88,4,84,57,8,2,0,0,0,0,0,0,0,2,0,7
MCINTOSH - 1515,2481,0,2471,1108,1223,2,16,0,0,29,260,0,0,262,18,1229,1962,0,1957,868,1076,2,0,0,0,0,145,0,0,147,0,1072
MCINTOSH - 1771,3261,84,3181,2156,873,9,0,0,0,86,49,0,0,61,0,969,2823,46,2773,1909,800,10,0,0,0,23,51,0,0,65,0,810
MCINTOSH - 22,2456,53,2395,2103,128,10,27,0,10,6,61,0,0,71,25,141,2279,55,2220,1974,95,7,23,0,8,6,62,0,0,69,23,111
MCINTOSH - 271,2969,148,2835,1709,924,0,0,0,0,48,57,0,0,54,0,977,2428,130,2311,1383,769,0,0,0,0,0,67,0,0,63,0,777
MERIWETHER - 01,435,0,434,408,16,0,3,0,0,0,12,0,0,14,5,17,344,0,341,321,14,0,3,0,0,0,22,0,0,23,3,13
MERIWETHER - 02,2345,26,2307,1255,785,2,42,0,0,0,36,22,0,37,62,796,1702,24,1669,947,536,0,39,4,4,0,18,0,0,18,39,540
MERIWETHER - 03,1554,8,1557,212,1403,2,28,0,0,58,0,11,0,1,38,1443,1183,9,1177,174,1047,0,26,0,0,46,0,0,0,0,26,1084
MERIWETHER - 04,483,0,479,203,295,0,4,0,0,1,6,0,0,3,3,298,397,0,395,164,246,0,6,0,0,0,0,0,0,0,6,252
MERIWETHER - 05,3085,40,3044,1359,1599,0,3,15,30,0,1,0,6,10,2,1599,2549,19,2532,1176,1315,0,0,15,0,0,0,0,0,0,0,1310
MERIWETHER - 06,1577,0,1579,1045,565,0,0,0,0,3,0,0,0,0,0,566,1286,0,1285,835,465,0,0,0,0,0,0,0,0,0,0,463
MERIWETHER - 07,3506,16,3483,2814,601,0,26,0,10,26,24,3,0,28,30,628,3033,17,3015,2395,560,0,26,0,0,28,16,3,0,17,29,589
MERIWETHER - 08,2117,0,2131,1211,923,12,0,0,0,3,17,5,0,27,4,925,1475,0,1482,863,643,10,0,0,0,0,9,4,0,19,4,640
MERIWETHER - 09,580,0,568,327,143,4,0,0,0,1,2,2,0,4,2,149,426,0,419,243,105,4,0,0,0,0,1,0,0,4,0,108
MERIWETHER - 10,1392,0,1397,776,603,0,0,0,0,0,21,0,0,21,0,603,1114,0,1116,633,466,0,5,0,0,0,12,0,0,12,5,466
MERIWETHER - 11,1774,5,1774,1144,620,0,15,0,0,0,9,0,0,10,15,622,1566,6,1566,1039,504,0,16,0,0,4,17,0,0,17,16,509
MERIWETHER - 12,1252,53,1201,637,538,0,16,0,0,0,0,0,4,4,18,543,771,0,772,513,242,0,14,0,0,0,0,0,0,0,14,242
MERIWETHER - 13,618,18,598,452,88,0,2,0,0,17,4,0,0,3,3,116,507,15,488,379,59,0,1,0,0,15,4,0,0,4,1,77
MERIWETHER - 14,203,11,192,197,2,0,0,0,0,11,4,0,0,4,0,6,178,11,173,167,3,0,0,0,0,0,4,0,0,3,0,5
MILLER - 1,5747,140,5607,3825,1645,18,23,16,27,29,24,0,0,42,23,1674,4444,84,4360,3074,1176,12,19,12,17,19,26,0,5,43,19,1200
MITCHELL - BA,1857,108,1737,716,795,0,194,0,0,26,28,0,0,28,194,821,1397,19,1380,616,615,0,133,0,4,7,24,0,0,24,133,626
MITCHELL - BV,914,9,890,797,101,9,0,0,0,0,0,0,0,17,0,100,734,3,733,636,101,9,0,0,0,2,0,0,0,16,0,101
MITCHELL - CN,2722,393,2346,305,2063,0,0,0,5,7,0,0,0,0,0,2070,2041,218,1823,247,1610,0,0,0,0,0,0,0,0,0,0,1610
MITCHELL - CS,6394,164,6215,2266,3520,6,0,0,0,329,38,0,0,44,0,3848,5096,136,4960,1983,2884,0,0,0,5,9,32,0,4,36,0,2894
MITCHELL - CT,434,17,413,414,27,0,0,0,0,0,3,0,0,2,0,24,353,8,336,353,16,0,0,0,0,0,0,0,0,0,0,17
MITCHELL - HF,394,2,394,329,57,18,0,0,0,0,0,0,0,10,0,59,342,0,339,274,54,17,0,0,0,0,0,0,0,10,0,55
MITCHELL - HI,175,0,175,168,8,0,0,0,0,0,0,0,0,5,0,11,127,0,130,119,8,0,0,0,0,0,0,0,0,5,0,9
MITCHELL - LS,1771,29,1764,1380,349,0,0,0,0,3,1,0,0,1,0,351,1336,7,1332,990,310,0,0,0,0,10,2,0,0,1,0,313
MITCHELL - PC,221,0,231,214,18,0,0,0,0,0,6,0,0,2,0,18,165,0,172,151,17,0,0,0,0,0,8,0,0,5,0,18
MITCHELL - PE,5360,55,5323,2688,2476,0,0,0,0,96,14,13,0,15,13,2575,4047,30,4026,2206,1757,0,4,0,0,3,0,11,0,0,15,1763
MITCHELL - SC,484,0,461,385,74,0,0,0,0,0,3,0,0,2,0,72,327,0,313,258,53,0,0,0,0,0,2,0,0,1,0,54
MONROE - 01,2986,24,2961,2200,668,44,0,0,0,8,54,0,0,71,0,670,2610,10,2590,1873,669,24,0,0,0,16,20,0,0,34,0,672
MONROE - 02,1453,20,1426,1408,31,2,46,0,0,12,0,0,0,0,61,39,1110,9,1103,1106,30,0,23,0,0,0,2,0,0,2,31,31
MONROE - 03,2996,152,2842,2736,61,0,46,0,0,8,0,0,4,29,38,79,2394,138,2265,2151,67,0,29,0,0,0,7,0,5,22,26,85
MONROE - 04,1557,15,1543,1278,261,0,0,0,0,0,0,0,0,0,0,256,1155,14,1142,914,221,0,0,0,0,0,0,0,0,0,0,219
MONROE - 05,1105,52,1063,850,115,0,128,0,0,0,0,0,0,3,124,115,871,9,857,690,113,0,83,0,0,0,0,0,0,0,74,112
MONROE - 06,720,2,717,499,202,0,19,0,0,0,7,0,0,6,15,199,644,0,644,438,192,0,0,0,0,0,7,0,0,6,0,190
MONROE - 07,1419,134,1311,1092,243,0,0,0,0,1,0,0,0,0,0,252,1023,51,984,873,138,0,0,0,0,0,0,0,0,0,0,138
MONROE - 08,3440,35,3405,2602,620,0,0,0,0,0,15,23,0,16,20,633,2638,26,2608,1898,524,0,0,0,0,0,15,24,0,15,24,534
MONROE - 09,6706,255,6422,3401,3054,0,9,0,0,3,8,0,0,8,14,3046,5218,189,5023,2791,2244,0,6,0,0,0,11,0,0,11,10,2240
MONROE - 10,2179,64,2113,1596,460,0,0,0,0,73,18,0,0,17,3,529,1718,59,1655,1273,387,0,0,0,0,36,15,0,0,15,0,420
MONROE - 11,902,8,893,514,258,1,19,0,0,0,0,0,0,3,15,257,746,3,743,420,257,0,0,0,0,0,0,0,0,0,0,253
MONROE - 12,1576,0,1584,1335,262,0,0,0,0,0,0,0,0,0,0,269,1255,0,1256,1091,193,0,0,0,0,0,2,0,0,2,0,194
MONROE - 13,1675,7,1668,1407,149,0,0,0,0,106,7,0,0,7,0,256,1154,5,1150,1059,85,0,0,0,0,0,6,0,0,6,0,86
MONROE - 14,703,2,699,560,122,1,0,0,0,0,1,0,0,2,0,121,638,0,641,520,112,0,0,0,0,0,1,0,0,2,0,115
MONTGOMERY - 01,669,17,660,439,169,0,0,0,12,19,0,0,0,0,0,188,570,12,566,369,166,0,0,0,14,1,6,0,0,4,0,166
MONTGOMERY - 02,729,28,698,685,40,0,0,0,0,0,0,0,3,2,0,43,557,14,540,524,33,0,0,0,0,0,3,0,2,6,0,33
MONTGOMERY - 03,1903,133,1761,1298,395,0,0,0,7,39,4,0,0,4,0,434,1492,74,1424,1055,326,0,0,0,9,24,0,0,0,0,0,350
MONTGOMERY - 04,583,80,519,529,6,0,0,0,1,0,2,0,0,2,0,6,487,46,438,443,7,0,0,0,1,0,0,0,0,0,0,7
MONTGOMERY - 05,2654,57,2588,1233,1163,11,23,0,31,64,78,0,0,89,23,1227,2089,36,2048,951,977,11,13,0,23,3,85,0,0,98,13,981
MONTGOMERY - 06,446,46,394,401,2,0,0,0,1,0,0,0,0,0,0,2,372,24,342,337,3,0,0,0,0,0,0,0,0,0,0,3
MONTGOMERY - 07,1500,201,1302,1007,223,0,16,0,0,20,0,0,1,2,16,244,1191,144,1050,829,176,0,9,0,0,0,6,0,2,7,9,180
MORGAN - 01,4349,0,4349,2448,1653,0,0,0,0,0,28,0,13,35,0,1663,3435,0,3430,1934,1369,2,0,0,0,0,24,0,11,30,0,1377
MORGAN - 02,4020,121,3902,3222,717,0,20,0,0,84,0,0,0,0,20,801,3083,108,2976,2468,543,0,20,0,0,28,0,0,0,0,20,570
MORGAN - 03,4181,98,4081,3048,872,0,0,0,0,0,0,18,0,6,18,871,3311,99,3217,2563,536,4,0,0,0,0,0,9,0,12,9,537
MORGAN - 04,4127,166,3961,3198,697,0,35,0,0,0,87,13,0,89,48,697,3304,115,3194,2605,510,3,38,0,0,0,62,0,0,65,38,512
MORGAN - 05,4118,275,3842,3554,419,0,0,0,0,0,9,0,0,7,0,423,2992,53,2933,2687,320,0,0,4,0,0,10,0,0,9,0,321
MURRAY - 1013,4384,425,3900,3636,96,0,8,0,56,17,52,0,0,51,7,118,3412,220,3159,2973,91,0,4,0,38,8,43,0,0,43,4,100
MURRAY - 1039,5119,1297,3822,3729,0,0,38,0,0,0,38,17,0,38,55,0,3752,751,3001,2924,0,0,37,0,0,0,40,0,0,40,37,0
MURRAY - 1291,6067,188,5878,5827,0,5,0,27,5,0,14,0,0,18,0,0,4624,144,4484,4426,0,0,0,30,0,0,18,0,0,17,0,1
MURRAY - 1895,6237,1439,4765,4635,6,0,25,68,0,0,11,0,0,12,25,5,4703,759,3908,3769,11,0,27,66,0,0,17,0,0,18,27,12
MURRAY - 824,9986,1296,8816,8221,160,13,37,0,130,257,83,0,0,96,38,414,7509,697,6889,6554,147,11,27,0,52,67,80,0,0,90,27,211
MURRAY - 872,3519,192,3294,3234,0,0,0,5,0,4,21,0,0,22,0,3,2828,145,2671,2632,0,0,0,4,4,0,12,0,0,13,0,0
MURRAY - 874,3555,27,3528,3476,0,0,0,31,0,0,21,0,0,21,0,0,2625,0,2625,2588,0,0,0,19,0,0,18,0,0,18,0,0
MUSCOGEE - 101,7133,218,6904,2161,4525,0,73,38,21,26,52,17,0,53,80,4553,5551,171,5373,1796,3377,4,69,38,19,25,36,10,3,41,79,3415
MUSCOGEE - 102,5707,203,5492,463,4771,0,26,0,0,240,0,0,0,0,26,5016,4285,54,4236,434,3758,0,26,0,0,12,5,0,0,5,26,3773
MUSCOGEE - 103,7572,109,7458,630,6256,0,0,0,388,58,0,85,13,14,85,6327,5986,90,5889,635,5053,5,0,4,98,46,0,10,11,29,10,5113
MUSCOGEE - 104,3759,453,3303,2382,743,0,80,0,0,0,3,128,0,2,203,749,2760,284,2485,1763,601,0,80,0,0,0,0,47,0,0,127,602
MUSCOGEE - 105,5182,240,4945,3575,897,0,110,0,0,198,5,74,68,74,189,1157,3901,209,3684,2676,799,0,75,0,0,42,0,31,65,65,106,905
MUSCOGEE - 106,10049,877,9174,5992,2209,4,514,0,0,205,139,117,0,140,631,2414,7705,431,7272,5071,1528,0,370,0,0,141,86,80,0,82,451,1673
MUSCOGEE - 107,7743,890,6838,3655,2864,0,44,39,66,79,99,30,0,102,77,2934,5665,537,5113,2952,1916,0,44,34,29,33,98,14,0,98,60,1949
MUSCOGEE - 108,8860,860,7988,6361,1251,0,132,0,82,86,22,64,0,23,196,1345,6537,548,5975,4786,959,0,97,0,23,18,21,62,0,21,158,991
MUSCOGEE - 109,3146,158,3004,2323,273,0,208,5,0,68,94,28,0,93,235,335,2614,136,2493,2023,234,0,128,3,0,73,39,13,0,39,139,295
MUSCOGEE - 110,10629,1093,9583,541,8765,0,111,0,0,167,0,0,12,11,111,8929,7109,589,6531,482,5870,0,68,0,0,108,11,0,6,23,68,5973
MUSCOGEE - 112,19789,2368,17398,6022,9856,61,343,99,207,135,73,529,97,232,867,10102,13485,1258,12218,4171,7060,18,305,73,85,102,61,270,94,172,573,7254
MUSCOGEE - 113,8672,388,8287,970,6889,0,172,14,77,108,1,34,16,15,214,7009,6656,237,6431,839,5365,0,96,17,45,51,0,21,13,0,119,5428
MUSCOGEE - 114,5102,233,4879,913,3977,0,27,0,26,11,10,17,0,9,37,3995,3867,171,3697,751,2935,0,29,0,8,9,7,18,0,7,39,2949
MUSCOGEE - 115,12609,531,12079,3236,8342,0,31,0,20,348,19,72,35,56,95,8722,10436,460,9976,2741,6842,0,13,0,24,254,25,42,38,63,55,7133
MUSCOGEE - 116,12390,874,11504,1746,8556,5,157,35,52,668,94,8,70,170,177,9285,8805,526,8275,1412,6286,0,156,33,39,148,101,8,25,127,172,6455
MUSCOGEE - 117,8746,767,7989,4109,3281,10,20,34,131,156,75,3,107,178,24,3551,6962,525,6443,3552,2414,12,19,29,91,124,48,5,113,157,23,2646
MUSCOGEE - 118,7028,417,6596,4900,1140,2,238,0,194,54,36,92,0,43,345,1196,5180,258,4914,3658,900,4,173,0,107,21,30,58,0,38,244,912
MUSCOGEE - 119,8273,956,7288,5244,1710,0,123,5,91,35,36,26,0,39,148,1746,6537,858,5664,4212,1239,0,118,6,0,19,38,23,0,43,142,1260
MUSCOGEE - 120,12138,975,11192,5970,4060,6,651,0,123,100,37,117,98,140,773,4249,9301,785,8540,4638,3078,0,519,0,34,62,28,77,89,117,597,3210
MUSCOGEE - 121,4251,900,3355,1553,1445,0,108,0,0,185,0,93,8,1,201,1633,3214,318,2897,1357,1305,0,107,0,0,38,0,95,0,3,202,1352
MUSCOGEE - 122,2705,122,2586,1134,1274,0,56,0,4,64,9,16,0,10,72,1338,2338,117,2229,1046,1065,4,56,0,3,14,10,16,3,14,73,1077
MUSCOGEE - 124,7756,486,7275,3674,3203,18,44,0,9,94,70,149,0,85,178,3296,5447,292,5159,3020,1893,13,51,0,11,25,70,65,0,83,97,1919
MUSCOGEE - 125,4740,322,4432,1717,2350,0,66,39,120,110,5,4,0,5,77,2472,3732,305,3431,1426,1714,0,81,40,45,115,5,0,0,6,87,1836
MUSCOGEE - 126,4813,53,4757,1685,2669,0,159,0,67,123,44,0,0,52,159,2795,3853,14,3836,1556,1966,0,158,0,19,74,47,5,0,56,164,2049
MUSCOGEE - 127,10445,863,9575,5412,3356,12,280,0,234,106,57,83,26,101,359,3488,7265,450,6807,4048,2249,14,256,0,119,18,35,41,29,75,294,2298
NEWTON - 01CP,2206,98,2104,986,1088,0,32,0,36,112,55,26,60,95,53,1245,1758,80,1682,761,900,0,28,0,36,69,27,13,58,66,39,1027
NEWTON - 02TN,6476,458,6033,1365,4219,0,80,0,0,138,30,21,20,37,103,4385,4759,198,4577,1165,3106,3,29,0,0,93,30,19,18,35,57,3233
NEWTON - 03ALM,6041,258,5762,955,4521,0,1,0,133,151,13,6,0,14,5,4678,5075,137,4933,832,3863,0,0,0,95,175,10,6,0,11,5,4021
NEWTON - 04ALC,8744,400,8353,4627,3290,0,9,0,40,108,36,6,41,100,14,3463,6251,147,6117,3429,2351,0,7,0,45,59,30,10,38,89,8,2463
NEWTON - 05CM,4518,759,3792,1850,1578,0,149,0,28,83,60,0,6,79,144,1677,3316,350,2951,1616,1140,0,71,0,26,48,51,0,6,70,69,1194
NEWTON - 06BRW,5462,126,5351,3625,1479,0,119,0,31,5,34,0,0,35,111,1491,3989,69,3921,2676,1052,0,89,0,0,5,39,0,0,39,84,1059
NEWTON - 07BS,3566,249,3320,2418,738,0,0,0,54,17,50,0,48,82,0,791,2792,163,2640,1940,554,4,0,0,25,0,50,0,47,92,0,601
NEWTON - 08CS,4903,248,4683,2241,2239,0,29,0,25,174,22,0,0,21,30,2417,3540,171,3417,1727,1549,1,38,0,0,94,11,0,0,13,38,1640
NEWTON - 09LIV,6653,284,6397,1437,4683,0,21,0,5,386,6,33,0,6,54,5162,4900,124,4789,1301,3640,0,23,0,0,37,8,0,0,8,23,3673
NEWTON - 10DN,8718,390,8307,4014,3685,0,47,0,0,475,0,17,0,0,64,4077,6369,265,6088,3027,2901,0,9,0,0,19,0,13,0,0,22,2936
NEWTON - 12GC,4610,138,4466,2844,1533,3,4,0,13,29,6,0,0,10,4,1552,3971,129,3841,2445,1304,0,0,0,7,30,3,7,0,4,7,1331
NEWTON - 13BD,9664,443,9244,2498,6211,0,13,0,0,465,11,0,13,28,13,6689,6366,204,6182,1950,4139,0,12,0,0,83,10,0,0,13,12,4224
NEWTON - 14LEG,2912,125,2741,2380,409,0,31,0,15,10,4,0,0,3,38,420,2164,76,2091,1758,336,2,5,0,5,7,1,0,0,3,12,344
NEWTON - 15MN,2077,61,2024,1657,273,0,0,0,0,38,17,0,0,17,0,320,1525,29,1501,1258,170,0,0,0,0,65,16,0,0,15,0,210
NEWTON - 16NB,1113,52,1068,904,117,0,0,0,0,36,35,0,0,36,0,153,885,38,848,704,101,0,0,0,0,11,36,0,0,36,0,123
NEWTON - 17OXF,3230,123,3108,2081,809,1,99,0,48,66,44,12,5,46,121,852,2805,117,2683,1743,721,0,101,0,52,55,37,12,4,38,118,753
NEWTON - 18RP,5141,168,4964,2372,2283,0,71,0,0,229,9,0,0,8,72,2501,4010,40,3966,1882,1805,0,72,0,0,233,4,4,0,4,74,2035
NEWTON - 19BC,6641,734,5950,2519,2783,63,24,0,342,54,16,0,5,88,36,2809,4967,351,4630,2186,2004,70,11,0,170,18,16,0,7,96,24,2021
NEWTON - 20STN,6690,1122,5526,1500,3432,0,305,0,165,75,19,53,133,148,346,3665,4897,617,4268,1319,2458,1,254,0,125,71,11,54,133,142,295,2666
NEWTON - 23FV,4947,156,4807,567,3962,0,0,0,197,76,0,0,0,0,0,4017,3378,60,3318,431,2684,0,0,0,153,26,0,0,0,0,0,2712
NEWTON - 24CRW,6528,80,6368,948,4957,0,3,0,10,305,17,0,0,13,3,5282,4624,13,4533,704,3665,0,0,0,10,34,14,0,0,12,0,3703
NEWTON - 25HB,3128,145,2983,2545,357,0,0,0,0,0,50,0,55,121,0,418,2465,129,2323,1965,281,0,0,0,0,0,37,0,55,102,0,353
OCONEE - 01-CH,4985,178,4798,4481,179,3,41,0,0,15,43,24,0,43,66,197,3731,105,3616,3407,152,3,19,0,0,10,22,0,0,22,30,159
OCONEE - 02-CF,5139,228,4915,4571,157,0,33,0,0,3,182,0,0,181,33,162,3781,70,3725,3436,155,0,24,0,0,0,110,0,0,110,24,156
OCONEE - 03-BI,3897,215,3679,3222,137,13,196,0,0,2,50,51,1,64,260,133,2844,74,2746,2369,127,12,169,0,0,1,41,35,0,53,209,130
OCONEE - 04-NO,4333,453,3881,3609,56,0,52,0,0,1,125,50,2,129,105,58,3192,242,2947,2741,52,0,41,0,0,1,104,11,0,104,49,52
OCONEE - 05-DC,4428,56,4384,4236,77,30,75,0,0,0,10,0,0,34,77,76,3082,25,3069,2928,70,29,45,0,0,0,6,0,0,32,48,70
OCONEE - 06-BO,3150,168,2978,2544,93,16,60,0,0,28,221,0,0,243,60,122,2278,160,2116,1888,67,12,40,0,0,0,99,0,0,114,41,67
OCONEE - 07-MH,5508,54,5447,4799,73,0,369,0,23,27,102,0,0,98,369,102,3823,54,3767,3400,72,0,188,0,0,28,64,0,0,64,186,101
OCONEE - 08-CC,10878,817,10067,8574,602,50,568,4,0,148,7,111,3,66,660,754,8414,548,7881,6867,424,48,480,0,0,6,3,61,0,54,526,430
OGLETHORPE - BV,4812,167,4649,3819,435,0,10,0,64,137,28,24,12,35,34,590,3731,89,3644,2901,384,0,8,0,71,125,28,0,15,38,8,529
OGLETHORPE - CR,3946,200,3737,2644,1066,14,34,0,2,15,51,0,0,61,34,1079,2919,54,2861,2164,613,10,30,6,2,19,30,0,0,41,30,631
OGLETHORPE - LX,6349,311,6043,4895,978,0,68,21,5,60,23,24,0,32,92,1034,5140,180,4962,4053,862,6,28,22,4,46,14,22,4,28,50,908
PAULDING - 0001B,9864,564,9312,8932,232,0,0,0,47,55,18,38,0,18,38,279,6968,405,6568,6375,113,0,0,0,46,0,5,20,0,5,20,111
PAULDING - 0002C,4684,303,4377,3222,928,78,0,0,0,51,16,73,0,94,73,979,3391,276,3114,2355,623,56,0,0,0,36,8,29,5,69,29,664
PAULDING - 0003C,6963,792,6169,4793,979,0,203,4,0,30,12,116,33,44,313,1040,5418,733,4681,3741,738,0,102,0,0,26,7,29,31,37,131,794
PAULDING - 0004C,16387,1178,15230,9923,3751,0,286,4,394,313,24,7,67,90,299,4149,11573,812,10780,7378,2465,0,195,0,239,83,24,4,67,91,199,2621
PAULDING - 0005C,11229,1294,9905,6542,3217,9,235,0,64,115,59,95,32,98,330,3353,7984,534,7431,5061,2313,5,175,0,25,30,59,93,4,64,269,2343
PAULDING - 0006B,5474,286,5205,3483,1198,0,259,0,24,70,47,107,0,46,367,1254,4314,134,4196,2810,1071,0,113,0,24,0,34,107,0,34,221,1066
PAULDING - 0007B,18281,1597,16635,9855,6105,8,93,0,19,301,191,24,1,208,111,6417,13814,931,12853,8193,4264,6,87,9,18,125,126,62,1,140,139,4388
PAULDING - 0008C,19125,1755,17352,14442,2357,0,49,0,102,71,74,67,37,111,116,2472,13945,983,12953,10730,1778,0,45,0,101,29,76,66,0,76,111,1810
PAULDING - 0009B,8429,719,7710,2115,5379,0,128,0,58,326,1,65,0,1,232,5683,6085,327,5751,1860,3919,0,87,0,59,173,5,16,0,5,102,4066
PAULDING - 0010B,7406,554,6849,3017,3057,0,31,0,0,410,28,119,0,30,110,3467,5500,332,5171,2428,2138,0,31,0,0,324,4,20,0,5,49,2489
PAULDING - 0011C,9659,899,8759,6339,1991,30,56,0,72,203,26,26,7,64,89,2205,7235,635,6599,4846,1587,31,47,0,12,3,26,26,11,69,78,1606
PAULDING - 0012C,4057,378,3684,2790,804,0,29,0,0,65,27,8,0,20,33,866,3380,158,3226,2481,731,0,21,0,0,6,6,6,0,4,24,728
PAULDING - 0013B,15545,1036,14508,11825,2262,0,36,0,28,258,90,23,0,95,59,2526,11227,586,10636,8504,2025,0,32,0,0,42,46,0,0,46,32,2064
PAULDING - 0014B,8583,646,7956,5863,1666,13,157,16,0,213,18,28,0,31,191,1899,6572,322,6255,4820,1185,20,132,8,0,53,19,9,0,39,149,1246
PAULDING - 0015C,8234,106,8124,6163,1730,0,5,0,0,143,72,0,0,71,5,1871,6038,96,5943,4793,1091,0,0,0,0,0,65,0,0,65,0,1092
PAULDING - 0016C,3585,6,3611,3101,299,0,4,181,19,6,4,0,0,5,7,302,2792,5,2808,2473,240,0,6,96,0,0,6,0,0,7,7,243
PAULDING - 0017C,4697,100,4598,3829,346,0,26,0,78,226,29,36,0,25,56,572,3691,86,3599,3049,361,0,27,0,47,37,24,0,0,21,27,399
PAULDING - 0019C,10361,569,9797,5025,4046,0,74,0,119,418,72,46,0,72,120,4464,7853,480,7381,3792,3362,0,61,0,46,11,78,41,0,78,102,3371
PEACH - B1,3718,126,3629,2598,888,0,0,0,0,48,128,0,0,123,0,938,2933,109,2848,2120,578,0,0,4,0,34,72,0,0,66,0,612
PEACH - B2,7748,498,7210,4425,2099,0,13,28,7,343,100,209,0,100,222,2440,6156,385,5748,3752,1791,0,14,28,9,106,80,10,0,84,24,1899
PEACH - C1,1109,134,975,682,234,0,6,0,0,0,3,6,0,3,12,248,859,57,807,611,143,0,5,0,0,0,4,7,0,4,10,149
PEACH - F1,4222,369,3892,1577,2182,0,0,0,41,47,0,0,19,19,0,2264,3207,144,3127,1304,1735,0,0,0,43,24,0,0,8,8,0,1769
PEACH - F2,4382,625,3704,1051,2489,0,0,0,40,76,42,0,0,39,0,2523,3236,291,2850,791,1988,6,1,0,40,3,22,0,0,23,0,1988
PEACH - F3,4553,125,4438,938,3321,21,9,25,9,66,11,10,11,44,19,3418,3833,94,3748,695,2977,22,9,4,13,19,10,9,7,43,19,2997
PEACH - P1,2002,71,1938,1163,609,0,17,0,0,8,185,2,0,192,19,609,1462,45,1433,921,436,0,14,3,0,9,77,3,0,80,19,444
PICKENS - 1,4585,57,4528,4294,0,0,0,0,0,0,117,123,0,117,123,0,3991,36,3954,3756,0,0,0,0,0,0,77,128,0,77,128,0
PICKENS - 10,3432,154,3278,3174,0,0,0,0,0,0,52,42,4,56,42,4,2977,109,2869,2794,0,0,0,0,0,0,43,25,0,43,25,0
PICKENS - 11,2691,106,2574,2532,6,6,13,10,0,10,34,0,0,39,9,20,2187,60,2111,2071,0,5,11,11,1,5,34,0,0,42,8,10
PICKENS - 12,4563,209,4356,4203,64,0,13,0,0,26,53,0,0,55,13,70,3598,155,3447,3329,54,0,16,1,0,7,34,0,0,37,14,52
PICKENS - 2,2051,121,1916,1818,31,0,8,0,0,4,46,0,0,47,8,35,1682,60,1622,1526,27,0,9,2,3,1,37,0,0,37,10,31
PICKENS - 3,1248,31,1224,1160,13,2,0,0,0,0,30,15,0,32,5,7,1010,15,1003,954,15,1,0,2,0,0,14,17,0,17,0,10
PICKENS - 4,1946,59,1893,1854,0,0,0,0,0,38,17,0,0,16,0,38,1514,9,1499,1494,0,0,0,0,0,0,16,0,0,15,0,0
PICKENS - 5,1169,0,1162,1111,0,0,0,0,0,0,32,21,0,33,31,0,946,0,941,887,0,0,0,0,0,0,35,20,0,34,37,0
PICKENS - 6,2620,28,2585,2522,0,0,0,0,0,5,48,0,0,49,0,14,2041,15,2023,1982,0,0,0,0,0,0,42,0,0,41,0,6
PICKENS - 7,2687,91,2611,2526,0,0,14,0,0,41,20,0,0,20,14,43,2222,76,2161,2112,0,0,7,0,0,4,23,0,0,24,7,9
PICKENS - 8,3320,121,3200,3034,20,0,5,35,0,6,68,0,0,67,9,32,2526,97,2431,2299,14,0,6,37,0,2,61,0,0,56,10,15
PICKENS - 9,4062,90,3980,3837,78,0,0,0,0,0,72,0,0,70,0,83,3154,45,3110,3041,33,0,0,0,0,0,46,0,0,45,0,29
PIERCE - 0001,5396,346,5057,4423,517,38,0,0,45,0,42,0,0,72,0,517,4325,208,4120,3482,505,39,0,0,38,0,47,0,2,82,0,505
PIERCE - 0002,4474,61,4350,3616,677,9,0,0,0,0,0,5,45,40,5,716,3309,31,3240,2725,495,6,0,0,0,0,0,0,46,37,0,538
PIERCE - 3A,2219,102,2174,2093,50,10,0,0,0,0,0,0,19,43,0,75,1647,54,1631,1529,45,7,0,0,0,0,0,0,18,40,0,66
PIERCE - 3B,2850,0,2851,2252,521,0,0,0,0,56,28,0,0,28,0,571,1836,0,1834,1623,178,0,0,0,0,21,22,0,0,20,0,193
PIERCE - 4A,1658,56,1600,1296,231,0,0,0,0,69,11,0,0,13,0,301,1306,21,1281,1071,202,0,0,0,0,0,6,0,0,6,0,202
PIERCE - 4B,593,65,527,495,0,0,0,0,0,16,21,0,0,19,0,6,472,21,453,435,0,0,0,0,0,20,13,0,0,13,0,7
PIERCE - 4C,1746,154,1600,1553,0,0,0,0,0,5,0,0,0,0,0,20,1381,86,1301,1258,0,0,0,0,0,0,0,0,3,6,0,24
PIERCE - 4D,960,0,953,968,0,1,0,0,0,0,0,0,0,9,0,0,740,0,735,758,0,1,0,0,0,0,0,0,0,6,0,0
PIKE - 1,1636,0,1636,1432,204,0,0,0,0,0,0,0,0,0,0,204,1330,0,1330,1132,198,0,0,0,0,0,0,0,0,0,0,198
PIKE - 2,2342,10,2334,2180,82,0,5,0,0,0,56,0,0,56,17,83,1730,8,1727,1608,78,0,7,0,0,0,26,6,0,28,14,83
PIKE - 3,2162,33,2129,1958,174,0,0,2,0,0,0,4,0,0,4,174,1545,34,1512,1382,136,0,0,1,0,0,0,0,0,0,0,136
PIKE - 4,2253,9,2244,2024,145,0,0,0,0,70,5,0,0,5,0,215,1776,9,1767,1631,131,0,0,0,0,0,5,0,0,5,0,131
PIKE - 5,3245,223,3035,2829,243,0,0,0,0,7,9,0,0,9,0,236,2477,172,2345,2198,140,0,0,0,0,0,9,0,0,9,0,139
PIKE - 6,1641,17,1624,1574,23,0,0,29,0,0,0,0,0,0,0,22,1238,14,1224,1211,8,0,0,9,0,0,0,0,0,0,0,8
PIKE - 7,2269,29,2205,1863,176,0,2,0,0,3,54,32,0,54,22,188,1623,17,1566,1375,112,0,2,0,0,0,55,4,0,53,5,108
PIKE - 8,4176,85,4111,3317,716,0,25,4,0,26,0,45,0,0,70,747,3386,41,3339,2672,633,4,19,1,5,0,0,12,0,4,31,633
POLK - 01,5354,41,5319,4568,556,0,0,2,32,101,48,0,10,59,0,669,3951,11,3932,3384,465,0,0,0,11,7,47,3,6,53,3,474
POLK - 02,2140,174,1995,1852,113,0,0,0,0,24,45,0,0,48,0,140,1465,55,1448,1328,106,0,0,4,0,0,43,0,3,51,0,114
POLK - 03,12502,2620,9783,6788,2506,6,0,0,6,26,37,16,306,349,16,2832,8629,920,7626,5445,1853,8,0,0,0,11,39,10,206,250,0,2071
POLK - 04,4621,277,4377,3986,382,0,0,0,16,6,35,0,0,32,0,386,3629,301,3390,3157,223,0,0,0,11,0,24,4,3,23,4,232
POLK - 05,4118,264,3912,3808,55,3,0,0,0,14,23,36,7,29,36,81,3109,238,2910,2842,50,0,0,0,0,0,9,23,9,16,33,54
POLK - 06,9537,707,8802,6977,1682,0,4,2,51,25,47,5,0,49,9,1706,7480,267,7162,5956,1152,5,0,0,0,1,42,1,0,48,1,1151
POLK - 07,3436,225,3212,3077,76,0,0,0,0,35,6,0,0,7,0,110,2527,161,2369,2261,77,0,0,0,0,2,4,0,2,9,0,80
PULASKI - ANNEX,9671,408,9263,6062,3024,0,44,0,0,16,61,0,56,117,44,3096,7946,213,7733,5215,2404,0,21,0,0,4,35,0,54,89,21,2462
PUTNAM - 101,5844,501,5406,2749,2243,0,0,0,0,143,3,0,8,11,111,2388,4600,260,4367,2216,2023,0,0,0,0,0,3,0,11,14,7,2035
PUTNAM - 104,4548,227,4223,1849,2138,0,204,54,0,4,45,63,0,53,176,2151,3456,86,3327,1611,1592,0,124,21,0,5,46,0,0,51,121,1623
PUTNAM - 105,4363,195,4172,3848,114,0,119,5,0,65,12,13,0,12,135,182,3891,156,3733,3485,58,0,118,6,0,66,10,15,0,10,133,125
PUTNAM - 106,1863,34,1845,1544,34,0,11,10,1,39,38,237,0,30,222,64,1433,39,1398,1202,18,0,11,9,3,44,24,66,0,19,70,34
PUTNAM - 107,5301,117,5199,4851,342,0,15,0,10,2,2,30,0,2,48,347,4394,80,4328,4077,219,0,17,0,11,0,2,36,4,6,56,223
QUITMAN - G,2136,11,2125,924,1135,0,0,0,0,58,0,13,0,0,13,1200,1828,6,1818,833,988,0,0,0,0,0,0,13,0,0,13,985
QUITMAN - M,123,7,116,43,53,0,0,0,0,15,0,0,0,0,0,61,110,12,102,35,51,0,0,0,0,0,0,0,0,0,0,54
RABUN - RABUN,16611,1025,15586,15032,127,0,4,4,15,161,167,76,0,167,80,288,13883,640,13243,12866,132,0,0,0,12,63,139,31,0,139,31,195
RANDOLPH - 131,205,0,201,127,85,0,0,0,0,0,0,0,0,0,0,85,173,0,165,112,68,0,0,0,0,0,0,0,0,0,0,65
RANDOLPH - 334,1169,88,1075,397,637,0,0,0,0,23,5,0,6,9,0,667,892,5,883,344,534,0,0,0,0,16,3,0,3,4,0,554
RANDOLPH - 566,388,76,328,191,113,0,0,0,0,15,7,0,2,11,0,127,275,9,268,148,95,0,0,0,0,6,5,0,2,9,0,102
RANDOLPH - 718A,3134,71,3056,897,2064,0,0,0,0,0,0,9,0,0,9,2066,2215,81,2151,691,1368,0,0,0,0,0,0,8,0,0,8,1373
RANDOLPH - 718B,1006,0,1003,0,1094,0,0,0,0,0,0,0,0,0,0,1094,692,0,690,0,769,0,0,0,0,0,0,0,0,0,0,769
RANDOLPH - 954,282,21,265,64,192,0,0,0,0,0,0,0,0,0,0,192,262,0,257,47,195,0,0,0,0,0,0,0,0,0,0,193
RICHMOND - 101,1790,175,1667,1198,290,0,4,0,20,51,0,14,50,38,24,371,1506,91,1409,1025,241,0,2,0,0,55,0,15,44,34,21,308
RICHMOND - 102,1400,50,1324,362,897,0,24,0,12,8,24,0,0,24,24,905,1242,67,1160,345,754,0,23,0,18,6,17,0,0,17,23,760
RICHMOND - 103,2134,12,2109,116,2016,0,0,0,4,0,8,0,0,0,0,2012,1556,11,1538,106,1447,0,0,0,0,8,8,0,0,5,0,1454
RICHMOND - 104,4609,14,4591,299,4105,0,0,0,0,180,0,0,19,19,0,4304,3183,13,3171,190,2881,0,0,0,0,98,0,0,18,18,0,2997
RICHMOND - 105,1528,47,1468,365,1074,0,56,0,0,0,0,5,0,0,61,1073,1426,51,1369,351,984,6,57,0,0,0,0,6,0,6,63,981
RICHMOND - 106,1302,74,1238,393,738,2,0,4,0,76,0,0,0,0,0,822,1002,3,998,322,626,2,0,0,0,28,0,0,0,0,0,655
RICHMOND - 107,2486,120,2380,1614,694,10,17,0,0,43,4,114,6,25,107,723,2116,78,2050,1424,660,5,15,0,0,4,3,18,0,13,29,667
RICHMOND - 108,643,38,605,141,402,0,22,0,0,0,0,0,0,0,25,398,567,33,537,116,393,0,0,0,0,0,0,5,0,0,2,391
RICHMOND - 109,752,42,705,238,412,0,0,0,0,0,0,0,0,0,0,411,583,22,555,127,394,0,0,0,0,0,7,0,0,0,0,393
RICHMOND - 110,1820,20,1803,75,1731,0,0,0,0,0,0,0,0,0,0,1730,1217,21,1198,65,1139,0,0,0,0,0,0,0,0,0,0,1137
RICHMOND - 111,2844,258,2576,1087,1309,5,9,0,86,110,0,0,0,17,12,1425,2298,220,2103,883,1124,0,7,0,34,82,0,6,0,10,11,1207
RICHMOND - 112,2821,144,2698,1766,845,0,41,0,3,0,16,39,0,24,80,845,2202,75,2140,1276,759,0,44,0,0,0,3,38,0,13,82,761
RICHMOND - 115,1172,47,1120,545,578,0,0,0,0,24,0,0,0,10,0,602,763,7,748,342,410,0,0,0,0,0,0,0,2,12,0,408
RICHMOND - 201,3786,223,3576,1177,1770,12,29,67,61,322,137,5,12,182,34,2108,2821,198,2626,1031,1333,9,29,0,29,136,31,9,0,64,38,1495
RICHMOND - 202,7892,414,7480,1198,6051,0,0,0,54,171,0,0,0,0,0,6223,5493,252,5241,1131,4026,0,0,0,17,64,0,0,0,0,0,4089
RICHMOND - 203,1493,69,1441,8,1384,0,1,0,0,0,15,0,0,15,1,1383,1144,43,1111,4,1056,0,2,0,0,0,11,0,0,11,2,1059
RICHMOND - 204,2397,166,2225,1295,800,0,45,0,0,52,0,64,0,0,92,860,2088,49,2038,1195,721,0,47,0,2,22,0,55,0,0,92,765
RICHMOND - 207,4538,133,4399,655,3622,0,0,0,0,59,0,51,6,6,51,3696,2830,67,2757,588,2102,0,0,0,0,11,0,52,4,4,52,2118
RICHMOND - 208,3647,203,3449,843,2547,5,25,0,0,6,44,9,0,49,42,2549,2723,49,2679,690,1980,0,24,0,0,4,44,9,0,44,41,1984
RICHMOND - 210,3516,425,3088,604,2240,0,82,0,54,82,0,0,0,0,82,2327,2761,245,2513,531,1793,0,85,0,51,0,0,0,0,0,85,1797
RICHMOND - 301,2287,131,2164,1931,169,0,64,0,31,27,5,0,0,6,65,207,1888,95,1796,1673,129,0,66,0,1,12,2,0,0,3,64,148
RICHMOND - 302,1949,216,1733,403,1135,0,1,0,44,52,0,0,0,0,0,1192,1708,179,1534,367,1025,0,1,0,3,26,0,0,0,1,0,1052
RICHMOND - 303,1806,45,1761,1441,116,6,35,0,4,0,5,53,0,7,79,128,1485,38,1447,1191,107,5,2,0,0,0,0,0,0,2,29,117
RICHMOND - 304,911,20,879,604,304,0,11,0,0,5,6,0,0,8,10,288,756,22,726,523,218,0,10,0,0,0,6,0,0,7,11,208
RICHMOND - 306,5322,176,5149,2015,2652,0,184,10,17,281,7,0,54,60,184,2973,4684,172,4516,1945,2093,0,176,9,11,307,6,0,52,57,176,2405
RICHMOND - 307,1955,48,1898,1346,303,10,20,0,3,38,4,156,0,12,207,362,1553,21,1529,1067,302,11,14,0,0,7,11,139,0,19,135,312
RICHMOND - 308,984,64,929,575,280,0,16,9,9,71,6,0,0,5,14,358,889,46,849,566,228,0,16,11,0,29,6,0,0,6,14,292
RICHMOND - 310,10703,582,10112,2415,6850,0,88,0,0,524,45,114,8,53,199,7381,8277,382,7888,2165,5421,0,65,0,0,84,45,39,9,53,103,5514
RICHMOND - 401,1992,0,1992,150,1842,0,0,0,0,0,0,0,0,0,0,1842,1444,0,1444,97,1347,0,0,0,0,0,0,0,0,0,0,1347
RICHMOND - 402,8623,1573,7048,2505,3839,10,201,15,13,23,86,77,0,97,276,3881,5974,1043,4928,1872,2465,13,182,12,16,0,66,71,0,83,253,2502
RICHMOND - 403,3035,370,2658,186,2267,0,8,0,27,162,0,4,0,0,14,2424,2387,216,2161,171,1836,0,8,0,0,159,0,6,0,0,15,1984
RICHMOND - 405,7775,169,7617,665,6791,0,67,81,0,11,34,0,27,61,62,6825,5521,176,5348,459,4724,0,61,76,0,8,36,0,27,63,58,4754
RICHMOND - 406,4099,165,3934,514,3042,0,69,0,126,149,12,0,22,34,69,3213,3011,81,2930,323,2442,0,70,0,0,70,0,0,25,25,70,2537
RICHMOND - 501,5062,182,4880,902,3691,0,20,0,187,19,9,0,52,61,20,3762,3699,123,3576,730,2587,4,22,4,186,12,5,0,26,35,22,2625
RICHMOND - 502,4170,172,3983,428,3390,0,10,0,46,33,10,0,48,37,10,3466,2877,39,2831,405,2321,0,11,0,51,9,12,0,41,29,11,2345
RICHMOND - 503,1818,23,1796,496,1233,0,0,0,0,75,0,0,0,0,0,1309,1431,30,1400,409,961,0,0,0,0,26,0,0,0,0,0,986
RICHMOND - 504,6026,204,5823,2967,2810,0,31,0,0,10,0,0,10,10,30,2832,4561,200,4364,2239,2097,0,16,0,0,0,0,4,7,7,20,2106
RICHMOND - 505,2234,73,2162,646,1506,0,0,0,0,0,0,4,0,0,4,1506,1910,71,1844,541,1307,0,0,0,0,0,0,0,0,0,0,1308
RICHMOND - 506,3614,327,3284,821,2173,8,134,0,1,37,0,105,0,9,241,2209,2851,185,2663,590,1965,6,75,0,0,0,6,18,0,13,94,1965
RICHMOND - 507,1181,26,1155,428,622,0,10,8,63,24,0,0,0,0,10,646,941,26,915,304,558,0,8,9,9,27,0,0,0,0,8,585
RICHMOND - 601,6460,270,6202,1284,4483,0,127,0,79,117,44,17,0,45,146,4600,5236,229,5020,1185,3525,0,126,0,83,25,44,20,0,45,145,3549
RICHMOND - 602,1306,28,1281,188,1038,0,2,0,0,2,0,6,10,27,7,1048,1110,29,1080,187,837,0,0,0,0,5,0,9,8,28,7,855
RICHMOND - 604,2725,401,2308,941,1211,0,9,0,76,71,33,7,0,32,14,1284,2290,236,2037,768,1146,0,9,0,77,0,32,6,0,31,16,1147
RICHMOND - 605,8274,134,8134,2113,5785,18,3,4,40,159,36,6,6,43,11,5949,5734,88,5644,1819,3778,20,0,4,0,17,32,7,5,37,9,3794
RICHMOND - 606,2800,151,2656,121,2440,0,7,0,9,77,0,6,0,0,11,2522,2102,120,1992,124,1755,0,8,0,0,78,0,8,0,0,15,1844
RICHMOND - 607,5395,229,5166,240,4795,6,27,0,0,55,17,13,13,36,40,4863,4371,135,4236,229,3881,7,27,0,0,55,24,5,8,39,32,3944
RICHMOND - 608,428,0,426,226,133,0,16,0,0,1,0,0,0,0,12,137,305,0,303,195,67,0,8,0,0,2,0,0,0,0,6,71
RICHMOND - 701,2628,41,2574,1922,541,0,17,0,0,85,0,12,0,0,29,609,2183,43,2126,1604,468,0,15,0,0,81,0,0,0,0,14,530
RICHMOND - 702,1778,138,1651,1117,291,3,85,0,6,47,6,94,0,8,175,340,1455,58,1393,994,235,0,85,0,4,41,6,25,0,6,105,277
RICHMOND - 703,4069,203,3867,2074,1327,7,326,0,32,89,0,13,0,7,343,1416,3345,152,3196,1841,1102,7,197,0,3,31,4,15,0,11,217,1132
RICHMOND - 704,429,9,421,395,3,0,41,0,0,0,0,0,0,0,34,3,347,9,339,314,2,0,38,0,0,0,0,0,0,0,31,2
RICHMOND - 705,2778,156,2619,1296,1207,0,27,0,9,53,0,0,21,26,34,1301,2101,129,1969,1119,747,0,31,0,14,54,0,0,10,8,39,823
RICHMOND - 706,3896,386,3514,2524,596,0,239,0,12,39,11,19,1,12,260,647,3340,285,3052,2256,497,0,217,4,0,7,10,10,0,10,229,515
RICHMOND - 707,2395,135,2260,1208,991,0,39,0,11,0,0,11,0,0,50,991,2042,139,1903,1164,679,0,43,0,9,0,0,8,0,0,51,679
RICHMOND - 708,573,43,498,427,74,2,0,0,0,0,0,0,0,3,0,71,397,8,391,345,46,0,0,0,0,3,0,0,0,0,0,48
RICHMOND - 709,782,26,763,381,361,0,12,0,0,36,0,0,17,13,12,404,660,17,643,350,276,0,9,0,7,3,0,0,2,4,9,284
RICHMOND - 801,232,3,234,159,46,0,0,4,0,0,9,0,0,7,3,59,181,2,180,122,34,0,0,5,0,0,5,0,0,4,0,39
RICHMOND - 801B,714,34,671,490,129,0,0,0,0,0,6,5,0,12,2,131,551,24,522,365,111,3,0,0,0,0,4,0,0,10,0,108
RICHMOND - 802,4750,75,4676,2787,1189,0,13,0,64,411,103,101,4,107,114,1605,3922,54,3868,2402,876,4,11,0,45,343,102,77,6,112,88,1225
RICHMOND - 803,1751,409,1341,712,633,0,78,13,7,138,25,2,3,28,83,753,1426,328,1100,583,510,3,76,11,7,105,22,2,5,27,78,582
RICHMOND - 804,3730,18,3727,1359,2333,0,0,0,6,20,18,0,0,14,1,2349,2889,11,2884,1025,1856,5,0,0,7,0,15,0,0,17,0,1851
RICHMOND - 804H,3783,64,3728,2045,1275,0,0,4,24,287,36,7,0,38,7,1559,2691,6,2693,1439,1130,0,0,3,16,8,35,0,0,38,0,1155
RICHMOND - 805,1150,30,1129,429,628,0,0,0,0,22,34,0,0,24,0,648,847,4,855,292,530,0,0,0,0,0,36,0,2,28,0,536
RICHMOND - 806,4019,16,4004,2151,1720,0,24,0,92,11,0,60,0,0,88,1727,3018,13,3007,1657,1219,0,22,0,92,14,0,36,0,0,60,1231
RICHMOND - 807,2764,19,2734,729,1860,0,61,0,0,19,6,0,0,6,66,1883,2180,15,2162,550,1504,0,60,0,0,0,5,0,0,5,63,1509
RICHMOND - 808,3387,333,3054,1711,1163,0,33,0,0,147,0,0,0,0,33,1310,2326,168,2158,1378,706,0,14,0,5,55,0,0,0,0,14,761
RICHMOND - 810,705,29,669,366,376,0,0,0,0,0,6,0,0,4,0,374,479,0,475,231,320,0,0,0,0,0,7,0,0,5,0,311
RICHMOND - 811,498,19,470,277,184,0,0,3,0,0,7,20,0,6,19,178,417,17,396,228,175,0,0,0,0,0,4,0,0,4,0,170
ROCKDALE - BA,7030,194,6869,1773,4368,0,125,0,152,391,39,0,0,34,165,4762,4790,140,4670,1399,2983,0,120,0,48,100,31,5,0,28,133,3085
ROCKDALE - BT,5805,317,5474,2718,2150,5,295,0,226,60,12,0,4,21,295,2214,4220,105,4102,2279,1530,0,134,0,109,6,10,0,4,14,134,1542
ROCKDALE - CO,6228,390,5981,1332,4540,0,5,5,46,238,26,0,0,20,38,4772,4884,143,4764,1161,3603,0,6,0,42,71,32,29,0,23,41,3670
ROCKDALE - FI,7846,120,7726,1431,5989,0,52,0,39,26,163,20,4,167,69,6034,6005,118,5885,1239,4407,0,35,0,38,37,145,15,0,145,47,4448
ROCKDALE - FS,3866,190,3686,988,2554,0,144,0,61,70,0,15,0,0,156,2615,3120,80,3057,881,2062,0,134,0,26,60,4,8,0,4,137,2124
ROCKDALE - HC,2951,220,2704,1055,1496,0,29,0,21,59,0,0,0,0,30,1550,2427,174,2231,1015,1103,5,22,0,5,32,8,0,0,13,23,1130
ROCKDALE - HI,4310,478,3828,1034,2431,0,0,0,115,119,1,0,0,1,0,2538,3137,219,2919,944,1705,0,0,0,88,94,3,0,0,3,0,1803
ROCKDALE - LA,6103,2140,3959,525,3150,0,0,0,9,248,7,42,10,18,8,3383,4321,986,3330,476,2664,0,0,0,5,142,9,6,8,20,0,2818
ROCKDALE - LO,4324,57,4264,1349,2848,0,8,0,14,2,3,49,5,9,58,2862,3349,52,3294,1192,2044,0,0,0,14,0,0,47,5,7,47,2052
ROCKDALE - MA,3957,290,3663,1466,1841,20,133,0,21,36,9,166,0,34,258,1876,2930,168,2762,1208,1371,24,87,0,23,8,5,19,0,32,97,1379
ROCKDALE - MI,6362,495,5846,1440,4160,0,1,0,3,78,23,0,163,181,1,4399,4801,143,4601,1218,3215,0,7,0,0,10,22,0,89,117,7,3320
ROCKDALE - OT,11186,1115,10027,1844,7505,0,58,0,85,139,11,0,150,154,63,7836,8094,566,7590,1382,5739,0,60,0,58,92,14,0,145,143,65,5955
ROCKDALE - RO,5072,443,4571,2048,2085,0,66,0,1,141,31,37,177,225,106,2412,4622,304,4288,1984,1898,0,65,0,1,151,32,36,125,173,104,2187
ROCKDALE - SM,4608,41,4573,1322,2843,0,111,0,118,58,3,0,99,100,110,2989,3844,31,3815,1182,2373,0,67,0,55,32,0,0,96,93,67,2498
ROCKDALE - SP,7043,785,6266,1549,4405,5,96,0,40,108,8,0,0,10,95,4503,4849,202,4655,1218,3225,8,84,4,47,7,7,0,0,11,83,3219
ROCKDALE - ST,4369,225,4123,1111,2697,1,114,0,92,142,5,0,0,10,114,2844,3361,234,3126,930,2095,2,108,0,28,0,4,0,0,11,109,2101
SCHLEY - 01,4500,64,4436,3741,650,0,0,0,0,11,34,0,0,34,0,661,3376,57,3319,2778,512,0,0,0,0,11,18,0,0,18,0,523
SCREVEN - 01,1956,32,1925,1037,987,0,0,0,0,31,8,0,0,10,0,1007,1632,29,1610,889,816,0,0,0,0,29,9,0,0,13,0,831
SCREVEN - 02,1294,40,1257,969,279,0,0,0,0,10,0,0,0,0,0,291,1095,18,1075,876,203,0,0,0,0,15,0,0,0,0,0,213
SCREVEN - 03,2068,114,1963,1125,816,0,0,0,9,6,8,0,0,8,0,821,1426,61,1378,858,508,0,0,0,7,0,9,0,0,8,0,505
SCREVEN - 04,1567,26,1545,859,665,0,0,0,0,0,2,0,0,3,0,665,1273,20,1251,716,518,0,0,0,0,0,0,0,0,2,0,518
SCREVEN - 05,811,8,800,609,169,0,0,0,0,0,27,0,0,27,0,170,705,9,694,495,178,0,0,0,0,0,22,0,0,22,0,178
SCREVEN - 06,1695,12,1684,975,402,0,0,0,0,6,10,0,6,13,0,421,1352,10,1339,748,314,0,0,0,0,0,7,0,0,6,0,314
SCREVEN - 07,1160,7,1148,654,617,0,0,0,0,2,0,0,1,3,0,613,917,0,915,524,497,0,0,0,0,0,0,0,0,0,0,499
SCREVEN - 08,507,2,508,257,262,0,0,0,0,2,2,0,0,1,0,264,445,0,448,229,231,0,0,0,0,0,4,0,0,2,0,233
SCREVEN - 09,659,36,620,378,203,0,0,0,8,0,1,0,0,2,0,208,555,24,527,352,159,0,0,0,5,0,1,0,0,1,0,162
SCREVEN - 10,1703,0,1699,716,807,0,0,0,0,14,2,0,167,168,0,995,1191,0,1192,456,605,0,0,0,0,12,5,0,112,114,0,742
SCREVEN - 11,341,2,333,212,87,0,0,0,3,0,1,0,0,0,0,86,308,0,300,207,63,0,0,0,2,0,0,0,0,1,0,64
SCREVEN - 12,267,18,249,54,238,0,0,0,25,0,3,0,0,3,0,236,193,13,179,42,167,0,0,0,15,0,3,0,0,3,0,168
SEMINOLE - 1,1823,99,1727,1400,299,0,0,0,0,0,2,0,0,2,0,306,1651,94,1561,1254,301,0,0,0,0,3,0,0,0,0,0,303
SEMINOLE - 2,1968,24,1938,1011,866,0,0,0,0,14,18,0,0,18,0,877,1644,2,1640,811,781,0,0,0,0,2,19,0,0,19,0,792
SEMINOLE - 3,1870,78,1792,230,1553,0,17,0,0,16,0,0,0,0,17,1565,1327,19,1304,224,1041,0,16,0,0,0,0,0,0,0,16,1034
SEMINOLE - 4,1618,53,1563,1200,341,12,0,0,0,8,2,0,5,19,0,355,1138,24,1114,909,202,14,0,0,0,4,2,0,0,16,0,208
SEMINOLE - 5,1808,0,1813,1808,3,0,0,0,0,10,18,0,0,18,0,12,1519,0,1521,1526,3,0,0,0,0,11,13,4,0,13,4,11
SPALDING - 01,3739,109,3634,320,2915,0,22,5,68,182,0,0,0,0,19,3101,2807,93,2716,303,2175,0,20,0,60,46,0,0,0,0,18,2217
SPALDING - 02,2781,47,2735,175,2567,0,0,0,0,35,0,14,0,0,14,2588,1827,39,1792,146,1647,0,0,0,0,35,0,0,0,0,0,1667
SPALDING - 03,3381,68,3319,2761,464,0,25,7,0,53,0,0,0,0,26,522,2641,49,2587,2218,326,0,26,0,0,0,0,0,0,0,26,345
SPALDING - 05,6393,239,6153,2627,3255,0,107,0,0,40,10,11,75,50,143,3374,4757,225,4525,2066,2225,0,92,0,0,7,9,12,35,24,128,2275
SPALDING - 06,4662,63,4612,1088,3172,0,0,5,17,331,11,23,0,10,12,3501,3258,44,3215,966,2131,0,0,0,21,105,4,23,0,4,12,2237
SPALDING - 07,2365,27,2326,1845,399,0,8,0,0,60,0,0,0,1,7,476,1737,19,1711,1435,247,0,8,0,0,0,0,0,0,0,8,249
SPALDING - 08,2832,203,2630,1938,640,0,0,0,0,0,31,0,0,31,0,642,2209,202,2007,1497,477,0,0,0,0,0,23,0,0,23,0,478
SPALDING - 09,2999,160,2797,2225,464,0,0,0,1,0,0,0,0,0,0,470,2209,135,2052,1697,265,0,0,0,0,0,0,0,0,0,0,268
SPALDING - 10,3763,190,3590,2357,1092,0,0,0,0,0,1,35,57,95,17,1147,3034,65,2984,1947,957,0,0,0,0,1,0,35,26,46,19,985
SPALDING - 11,3374,50,3330,2636,595,4,30,7,0,5,63,0,0,68,30,586,2724,15,2719,2129,499,0,31,0,0,0,65,0,0,67,31,498
SPALDING - 12,2504,138,2366,2255,42,0,0,0,0,17,36,15,0,36,24,55,2077,60,2017,1928,26,0,0,0,0,18,40,15,0,40,18,38
SPALDING - 13,3220,108,3121,2757,263,0,6,0,0,44,14,41,6,19,61,313,2604,80,2529,2283,251,0,0,0,0,8,10,0,0,10,0,258
SPALDING - 14,3201,427,2808,1944,580,0,118,0,0,29,101,16,0,104,134,592,2209,220,2004,1518,374,0,82,0,0,0,23,0,0,24,82,379
SPALDING - 16,6828,304,6462,1998,4386,14,9,0,0,124,18,0,4,34,10,4530,5125,80,5025,1691,3397,14,4,0,0,0,10,0,0,23,4,3389
SPALDING - 17,2855,143,2731,1755,908,0,0,0,3,80,31,2,0,31,2,966,2107,90,2019,1364,663,0,0,0,0,6,32,0,5,37,0,662
SPALDING - 19,4244,394,3837,2825,954,0,0,13,0,0,81,58,0,80,41,953,3394,134,3254,2486,741,0,0,12,0,0,52,30,0,52,32,741
SPALDING - 20,3251,183,3071,2209,891,0,0,0,0,2,6,0,0,4,0,895,2266,48,2220,1637,616,0,0,0,0,0,5,0,0,3,0,616
SPALDING - 21,5057,345,4729,3627,1012,0,67,0,0,0,12,0,0,12,67,1032,4470,244,4237,3262,902,0,66,0,0,0,5,0,0,5,66,909
STEPHENS - SC1,26454,571,25883,21922,2182,0,282,22,20,450,939,18,48,987,300,2680,20716,392,20324,17542,1882,0,192,0,0,99,547,29,33,580,221,2014
STEWART - 02,2060,0,2064,519,1539,0,0,0,0,5,0,0,0,0,0,1546,1763,0,1765,377,1377,0,0,0,0,8,0,0,4,4,0,1389
STEWART - 04,145,0,146,27,131,0,0,0,0,0,0,0,0,0,0,128,128,0,129,29,109,0,0,0,0,0,0,0,0,0,0,107
STEWART - 05,2431,106,2323,668,1552,72,10,0,0,0,19,0,0,91,10,1550,2179,104,2074,639,1329,74,7,0,0,0,20,0,0,94,7,1329
STEWART - 06,113,0,110,35,66,0,0,0,0,0,0,0,0,0,0,69,92,0,90,34,51,0,0,0,0,0,0,0,0,0,0,53
SUMTER - 15,2237,104,2135,1173,915,0,0,0,0,28,21,0,0,29,0,945,1789,40,1749,1050,685,6,0,0,0,8,0,0,0,13,0,696
SUMTER - 17,947,63,878,456,359,0,3,0,0,0,45,0,0,39,1,355,793,13,765,384,346,0,0,0,0,0,24,0,0,23,0,345
SUMTER - 28,1255,14,1267,623,597,0,26,0,0,0,0,2,0,0,34,597,1089,12,1085,453,585,0,34,0,0,3,0,0,0,0,37,589
SUMTER - 29,869,15,854,501,302,0,0,0,0,9,0,3,0,0,0,313,658,6,654,316,278,0,0,0,0,4,0,0,0,0,0,283
SUMTER - C1-27,5098,11,5081,792,3886,0,29,0,0,6,318,17,0,355,45,3890,3501,8,3502,708,2631,0,24,0,0,0,65,6,0,74,30,2629
SUMTER - C2-27,6129,518,5541,3439,2036,26,104,4,0,3,14,0,4,26,115,2033,4863,273,4539,3068,1441,26,111,0,0,0,21,0,0,20,115,1442
SUMTER - C3-27,4190,33,4082,668,3424,0,0,0,10,20,5,17,0,45,7,3426,3139,19,3095,589,2561,0,0,0,12,0,4,7,5,46,3,2553
SUMTER - E-27,2377,162,2285,994,1147,0,79,0,0,0,43,0,0,18,76,1153,1851,25,1850,795,982,0,66,0,0,0,9,0,0,17,63,976
SUMTER - N-26,424,30,393,277,27,0,0,0,9,0,54,27,0,60,24,28,319,12,307,229,19,0,0,0,0,0,42,24,0,45,21,18
SUMTER - O-26,1519,81,1444,625,739,7,0,0,5,4,65,0,0,70,3,743,1055,41,1019,495,470,7,0,0,0,0,42,0,0,49,3,469
SUMTER - W-27,3283,258,3079,1613,1231,15,2,0,0,0,191,0,0,166,4,1254,2725,141,2627,1302,1054,15,0,0,0,0,186,0,0,165,0,1072
TALBOT - 01,476,0,476,188,262,0,0,0,0,0,0,5,0,2,2,272,449,0,447,181,247,0,0,0,0,5,0,5,0,3,2,254
TALBOT - 02,957,16,937,482,413,0,0,0,0,0,16,19,0,16,24,416,798,17,785,394,322,0,0,0,0,3,7,21,2,10,26,328
TALBOT - 03,655,0,660,195,406,0,0,0,0,21,0,0,2,5,0,423,573,6,572,156,349,0,8,0,0,22,6,0,3,6,8,369
TALBOT - 04,548,0,544,196,334,0,0,0,4,42,17,0,0,17,0,363,482,0,483,173,302,0,0,0,3,22,5,1,0,5,0,317
TALBOT - 05,1014,0,1016,183,808,0,0,0,0,25,8,4,11,14,7,852,871,2,866,160,687,0,0,0,0,22,9,4,9,18,8,726
TALBOT - 06,538,0,535,308,166,0,0,0,6,40,0,0,0,0,0,207,465,0,464,273,155,0,0,0,6,19,0,0,0,0,0,176
TALBOT - 08,1540,15,1529,796,693,0,0,0,0,13,24,5,5,29,0,708,1165,14,1147,717,441,0,0,0,0,12,6,5,2,7,0,454
TALIAFERRO - 172,346,15,326,145,174,3,0,0,0,0,0,0,0,3,0,176,272,4,269,114,157,0,0,0,0,0,0,0,0,0,0,156
TALIAFERRO - 601,1208,49,1164,472,608,2,0,0,6,31,0,33,16,18,33,653,985,23,961,375,532,0,0,6,11,7,0,17,11,11,17,551
TATTNALL - 1,1233,134,1096,1016,27,0,0,0,0,20,41,0,0,42,0,44,1015,81,930,854,27,0,0,0,0,27,34,0,0,35,0,47
TATTNALL - 10,4052,460,3525,1672,1771,22,0,0,4,19,55,0,11,81,0,1800,3565,300,3195,1452,1675,0,0,0,3,15,55,0,7,57,0,1699
TATTNALL - 3,2109,240,1891,1641,99,0,0,0,102,22,13,0,0,13,0,125,1617,156,1478,1284,89,0,0,0,60,21,14,0,0,14,0,117
TATTNALL - 4,356,18,338,273,65,0,0,0,0,4,1,0,0,1,0,67,273,11,266,216,48,0,0,0,0,0,1,0,0,1,0,48
TATTNALL - 5,4229,215,4057,2578,1396,0,0,0,5,21,37,0,0,43,0,1419,3135,149,3019,1960,982,0,0,0,6,24,32,0,0,36,0,1006
TATTNALL - 7,5078,462,4613,2866,1454,2,58,0,0,38,220,0,2,234,40,1493,4498,165,4327,2646,1448,4,46,0,3,32,160,4,4,182,53,1484
TATTNALL - 8,4171,226,3941,2538,1307,32,57,0,0,3,2,11,6,33,79,1306,3018,100,2924,1946,881,27,38,0,3,2,10,7,10,42,42,896
TATTNALL - 9,2141,163,1990,1490,367,3,0,0,0,9,68,0,3,71,7,390,1421,101,1340,1050,198,3,0,0,7,10,51,0,3,48,0,206
TAYLOR - 1,1799,3,1794,309,1490,0,0,0,2,11,0,0,5,2,0,1514,1416,7,1409,236,1185,0,0,0,0,4,0,0,0,0,0,1190
TAYLOR - 5,3258,64,3177,2441,602,31,0,0,0,71,5,0,3,36,0,672,2583,15,2558,2011,474,20,5,0,0,15,9,0,0,23,5,488
TAYLOR - 6,2652,11,2660,1752,854,0,0,0,3,52,0,0,0,6,0,902,2192,8,2194,1484,677,0,0,0,0,36,5,0,0,11,0,713
TELFAIR - HE,2966,190,2762,1035,1672,0,9,4,0,12,5,0,20,21,9,1699,2714,200,2515,892,1548,0,9,0,0,15,7,0,19,21,9,1581
TELFAIR - JA,517,62,457,358,92,0,0,0,0,8,0,0,0,0,0,100,418,49,376,299,78,0,0,0,0,0,0,0,0,0,0,78
TELFAIR - LU,1719,274,1446,872,579,0,0,0,0,0,0,0,0,2,0,579,1421,273,1147,744,406,0,0,0,0,0,0,0,0,0,0,406
TELFAIR - MC,4245,160,4082,2339,1629,8,10,0,0,1,12,0,27,44,10,1662,3302,68,3214,1984,1166,0,7,0,0,0,14,0,22,41,7,1190
TELFAIR - MI,1413,485,943,775,174,0,0,0,0,0,0,0,0,0,0,173,1188,442,758,585,186,0,0,0,0,0,0,0,0,0,0,186
TELFAIR - SC,336,0,335,332,51,0,0,0,0,0,0,0,1,6,0,53,236,0,237,227,39,0,0,0,0,0,0,0,0,0,0,38
TERRELL - 01,4632,17,4612,935,3622,0,0,0,0,19,11,0,0,10,0,3643,3584,22,3565,832,2683,0,0,0,0,16,6,0,0,5,0,2699
TERRELL - 02,1589,98,1492,1064,451,0,13,0,4,0,0,0,0,0,13,450,1275,63,1214,917,323,1,8,0,0,0,0,0,0,0,8,323
TERRELL - 03,838,17,827,347,497,0,0,0,0,0,1,0,0,1,0,497,659,1,655,303,353,4,0,0,0,0,1,0,0,6,0,352
TERRELL - 04,485,22,461,255,187,0,9,0,0,7,9,0,0,9,9,195,395,9,388,196,184,0,6,0,0,4,10,0,0,10,6,189
TERRELL - 05,865,6,855,469,353,0,0,0,0,0,1,0,0,1,0,352,637,2,634,343,258,0,0,0,0,0,1,0,0,1,0,259
TERRELL - 06,381,6,377,180,188,0,0,0,0,2,0,0,0,1,0,189,265,0,262,119,150,0,0,0,0,0,0,0,0,1,0,149
THOMAS - 101,918,14,896,545,354,8,0,0,0,0,0,0,0,10,0,355,711,8,701,429,274,5,0,0,0,0,0,0,0,6,0,275
THOMAS - 102,2143,77,2077,1092,994,0,0,0,0,21,5,0,0,5,0,1015,1745,73,1680,930,756,0,0,0,0,17,9,0,0,9,0,773
THOMAS - 103,4618,344,4271,2877,1155,8,108,7,26,2,16,0,0,34,106,1157,3580,249,3330,2314,848,0,101,4,0,0,15,0,0,37,99,848
THOMAS - 104,2417,280,2139,1769,311,13,0,0,36,13,13,0,0,26,0,325,1726,99,1627,1304,274,9,0,0,36,0,7,0,0,16,0,277
THOMAS - 105,3267,0,3263,425,2775,0,0,0,26,0,38,0,0,39,0,2774,2421,0,2418,400,1954,0,0,0,28,0,31,0,0,35,0,1954
THOMAS - 106,1633,25,1605,1149,234,0,13,0,26,87,0,0,0,0,13,304,1331,8,1322,966,215,0,10,0,31,9,0,0,0,0,10,221
THOMAS - 107,1681,125,1569,1344,173,3,4,0,0,0,23,0,0,24,3,174,1344,53,1297,1105,134,3,3,0,0,0,21,0,0,23,2,135
THOMAS - 108,3444,110,3333,2236,977,0,34,0,8,14,35,0,0,36,36,991,2432,54,2376,1736,540,0,13,0,0,14,35,0,0,36,15,553
THOMAS - 109,2997,21,2955,479,2432,2,1,1,0,0,0,0,59,63,1,2463,2221,0,2209,411,1768,2,1,0,0,0,0,0,63,66,1,1805
THOMAS - 110,2815,4,2808,2099,835,0,53,0,4,15,25,29,0,31,82,851,2337,4,2324,1777,673,0,53,0,0,16,8,29,0,10,82,684
THOMAS - 111,1266,49,1216,536,606,0,61,0,11,11,2,0,0,0,61,620,874,13,861,389,398,0,62,0,13,0,2,0,0,1,62,398
THOMAS - 112,1314,27,1289,1058,193,0,5,1,0,7,0,0,0,7,7,200,1007,18,994,786,180,0,2,1,0,17,0,0,0,0,2,195
THOMAS - 113,369,19,353,289,56,0,2,0,0,0,2,0,0,5,3,57,304,2,303,252,50,0,1,0,0,0,2,0,0,4,2,51
THOMAS - 114,3283,65,3173,2718,442,25,21,1,26,4,1,0,0,15,19,450,2333,39,2270,1956,322,28,10,1,0,2,2,0,0,14,10,324
THOMAS - 115,2134,21,2128,1733,393,0,8,0,0,53,9,0,0,9,8,461,1665,17,1654,1319,382,0,5,0,0,20,10,0,0,10,5,406
THOMAS - 116,585,15,571,389,164,7,0,0,0,0,0,0,0,5,0,162,445,5,441,302,118,8,0,0,0,0,0,0,0,7,0,118
THOMAS - 117,1462,142,1319,1089,167,0,0,0,41,0,0,0,0,0,0,167,1162,91,1067,883,154,0,0,0,15,0,0,0,0,0,0,153
THOMAS - 118,3352,24,3324,1886,1256,15,15,0,116,22,49,0,4,52,11,1282,2717,25,2697,1595,958,8,9,0,36,13,32,0,0,31,6,975
THOMAS - 119,1949,0,1963,238,1525,6,0,0,0,6,0,0,0,3,0,1554,1504,0,1509,205,1177,6,0,0,0,0,0,0,0,4,0,1203
THOMAS - 120,3455,52,3436,2196,1090,10,6,3,75,0,8,0,0,22,10,1088,2522,9,2534,1707,735,15,4,0,41,0,0,0,0,12,7,733
TIFT - 01,4994,781,4167,2515,1278,0,51,4,13,192,21,0,12,27,51,1480,3715,425,3251,2184,897,0,0,4,11,67,24,7,13,33,8,974
TIFT - 02,2732,359,2358,1901,283,13,42,0,30,20,0,14,0,9,58,296,2066,146,1916,1550,245,16,29,0,31,0,0,16,0,16,53,243
TIFT - 03,2833,151,2716,2298,179,5,23,0,8,159,9,8,0,15,29,344,2151,79,2085,1774,159,0,18,0,0,114,10,18,0,10,28,275
TIFT - 04,1599,25,1572,1195,220,5,0,0,0,193,0,0,0,8,0,409,1130,5,1129,933,212,0,0,0,0,0,0,1,0,0,3,210
TIFT - 05,1090,21,1118,1080,24,0,0,0,0,10,0,0,0,0,0,27,900,14,933,914,20,0,0,0,0,0,0,0,0,0,0,20
TIFT - 06,1956,193,1761,1445,363,0,0,0,0,0,12,21,0,13,21,353,1480,139,1343,1157,186,0,0,0,4,0,13,17,0,12,17,184
TIFT - 07,1454,571,848,669,171,4,5,0,0,0,0,0,0,4,5,172,987,236,722,578,143,0,0,0,0,0,0,0,0,0,0,143
TIFT - 08,1681,18,1649,1224,395,0,0,0,0,33,0,0,0,0,0,434,1268,7,1243,944,283,0,0,0,0,16,0,0,0,0,0,299
TIFT - 09,7518,795,6682,5141,1394,3,137,0,0,0,4,4,0,4,146,1405,6049,490,5488,4330,1042,0,129,1,0,0,0,4,0,0,126,1046
TIFT - 10,3871,18,3869,1063,2804,0,11,0,0,0,3,18,0,4,24,2787,3146,5,3186,817,2361,0,11,0,4,0,2,0,0,1,15,2344
TIFT - 11,5229,300,4992,690,4111,21,0,0,0,30,32,0,24,84,0,4185,3332,73,3307,439,2735,0,0,0,0,33,30,0,28,64,0,2814
TIFT - 12,4586,737,3842,2843,1001,0,5,0,0,88,0,0,0,0,5,1092,3206,344,2864,2174,703,0,9,0,0,0,7,0,0,7,9,705
TOOMBS - 15361,6687,872,5845,4096,1558,46,31,0,0,77,57,8,0,102,55,1631,4854,355,4509,3473,963,46,29,0,0,6,16,11,0,61,56,952
TOOMBS - 39,1899,198,1724,1532,154,29,0,0,0,5,11,0,0,40,0,160,1422,78,1376,1219,129,33,0,0,0,0,6,0,0,39,0,132
TOOMBS - 43,1700,202,1485,1410,41,2,0,0,0,0,61,0,0,63,0,40,1278,105,1163,1065,35,3,0,0,0,0,72,0,0,75,0,35
TOOMBS - 513,8956,556,8424,5083,2800,18,85,4,8,162,202,0,0,221,85,2969,6094,230,5874,3665,1866,11,68,0,7,109,115,0,0,132,68,1977
TOOMBS - 514,6456,379,6013,3624,1865,0,0,0,0,192,279,16,35,314,0,2089,5015,242,4731,2892,1491,0,0,0,0,53,215,16,39,249,0,1595
TOWNS - 1468,4398,135,4257,3996,183,0,0,0,0,0,81,0,0,81,0,181,3764,116,3640,3396,181,0,0,4,0,0,62,0,0,62,0,181
TOWNS - 990,8341,215,8132,7965,0,6,0,0,26,5,127,0,0,133,0,7,7348,140,7216,7046,0,5,10,0,28,0,124,0,0,129,10,0
TREUTLEN - ANNEX,2737,39,2704,2505,160,82,7,0,7,2,37,0,0,119,7,167,2162,27,2143,1922,123,83,9,0,0,0,38,5,0,123,14,125
TREUTLEN - SOPE,3560,48,3506,1544,1785,11,0,0,8,13,49,0,0,60,0,1793,2768,21,2739,1309,1346,13,0,0,16,0,18,0,0,29,0,1344
TROUP - 01,5523,37,5504,4238,1166,0,94,0,0,0,32,18,0,29,109,1177,4454,24,4436,3433,920,0,58,0,2,0,4,0,0,7,58,923
TROUP - 02,8449,623,7820,1755,5757,12,27,0,25,218,42,0,16,70,27,5993,5627,296,5327,1566,3612,7,27,0,3,50,47,0,20,74,27,3681
TROUP - 03,7610,345,7279,2782,4102,0,108,0,9,145,57,23,0,57,135,4240,5296,177,5122,2175,2783,0,41,0,6,3,58,26,0,57,72,2787
TROUP - 04,3556,4,3532,246,3201,6,0,0,21,0,0,0,0,6,0,3203,2677,0,2663,168,2444,6,0,0,20,0,0,4,0,5,4,2444
TROUP - 05,3107,0,3103,1101,1958,0,8,0,0,137,0,0,0,0,8,2085,2051,0,2049,689,1284,0,8,0,0,145,0,5,0,0,12,1422
TROUP - 06,5394,455,4938,3489,1331,4,55,0,0,86,39,87,0,38,144,1413,4059,124,3932,2738,1124,0,62,0,0,91,32,19,0,28,79,1216
TROUP - 07,3476,65,3413,3012,358,12,15,5,0,6,18,35,0,27,50,370,2890,50,2843,2448,317,14,17,5,5,5,22,34,0,33,51,320
TROUP - 08,7101,93,7056,5245,1546,3,0,5,34,111,12,5,0,84,10,1748,5631,77,5586,4127,1280,3,4,0,36,35,12,5,6,124,9,1403
TROUP - 10,5471,168,5302,4150,983,2,40,2,0,0,43,0,0,49,38,990,4307,108,4203,3285,779,2,36,2,0,0,24,0,0,31,38,778
TROUP - 11,3937,54,3895,2757,979,0,22,0,3,19,11,14,0,11,37,988,3196,35,3168,2291,761,0,13,0,6,8,15,0,0,14,15,778
TROUP - 12,4761,188,4573,2994,1373,3,38,0,0,49,13,8,95,95,41,1493,3910,157,3752,2447,1149,3,45,0,5,4,7,3,157,70,48,1220
TROUP - 13,2745,56,2689,2108,404,0,73,0,11,0,0,56,0,0,128,407,1909,41,1868,1443,326,0,82,0,9,0,0,0,0,0,81,324
TROUP - 15,2441,22,2389,1522,866,7,0,0,19,34,0,0,63,20,0,893,1709,11,1682,1097,567,4,0,0,12,9,0,0,1,4,0,581
TROUP - 16,4436,138,4266,2678,1212,0,161,0,32,68,30,0,0,34,160,1283,3495,55,3425,2230,947,0,148,0,24,16,44,0,0,41,143,966
TURNER - 1,3965,87,3872,1053,2633,7,0,0,0,62,17,0,27,66,0,2742,2994,90,2899,896,1876,4,0,0,0,0,20,7,29,53,5,1925
TURNER - 2,3153,216,2950,2397,403,0,0,0,6,13,90,31,26,98,31,419,2346,116,2245,1875,281,0,0,0,4,0,39,24,28,58,26,287
TURNER - 3,1716,48,1661,1369,228,0,0,0,0,0,121,0,0,124,0,231,1239,24,1205,1027,149,0,0,0,0,0,90,0,0,99,0,151
TWIGGS - DB,2100,3,2109,1850,105,30,4,0,0,17,98,0,2,127,4,124,1657,0,1669,1435,69,33,0,4,0,20,112,0,0,136,0,89
TWIGGS - GI,1643,3,1627,942,627,0,3,0,0,0,41,10,2,43,12,630,1420,2,1405,787,574,0,5,0,0,0,36,0,0,41,5,574
TWIGGS - HV,1381,0,1381,623,686,0,0,0,0,0,0,0,0,0,0,692,1142,0,1141,567,541,0,0,0,0,0,0,0,0,0,0,543
TWIGGS - JV/W,1498,20,1481,481,932,3,39,0,0,0,15,7,0,22,47,930,1213,10,1206,398,761,3,26,0,0,0,12,0,0,19,26,759
TWIGGS - SG/T,1094,0,1092,412,756,0,0,0,0,0,5,0,0,4,0,751,814,0,813,385,466,0,0,0,0,0,0,0,0,0,0,466
UNION - 1,3339,38,3314,3110,166,0,0,4,0,0,35,4,0,44,4,156,2913,21,2907,2697,161,0,0,0,0,0,42,0,0,50,0,161
UNION - 10,3406,56,3371,3294,0,0,0,0,0,3,57,0,0,46,27,4,2882,42,2848,2792,0,0,0,0,0,2,38,0,0,34,18,3
UNION - 11,1171,144,1052,990,0,0,0,0,0,11,48,0,0,48,0,11,1045,121,969,914,5,0,0,0,1,13,36,0,0,36,0,17
UNION - 2,2812,30,2776,2766,0,0,0,0,0,0,11,4,0,13,2,0,2307,25,2279,2273,0,1,0,0,0,0,9,0,0,11,0,0
UNION - 3,1606,107,1488,1472,0,0,0,0,0,0,17,0,0,15,0,0,1476,48,1394,1378,0,0,0,0,1,0,16,0,0,15,0,1
UNION - 4,2831,13,2812,2768,0,0,0,0,0,0,38,6,0,37,4,3,2349,13,2328,2286,0,0,0,0,0,2,32,6,0,31,6,5
UNION - 5,537,12,525,517,8,0,0,0,0,0,0,0,0,0,0,8,488,11,477,469,8,0,0,0,0,0,0,0,0,0,0,8
UNION - 6,1823,130,1650,1586,0,0,0,0,0,0,56,0,0,53,0,10,1438,85,1323,1264,0,0,0,0,2,0,59,0,0,54,0,0
UNION - 7,2524,54,2468,2448,5,0,0,0,0,0,17,0,0,16,0,5,2119,28,2089,2058,11,0,0,0,0,0,16,5,0,15,5,11
UNION - 8,2728,19,2711,2594,0,5,0,0,0,17,88,4,0,95,6,14,2342,19,2323,2228,0,2,0,0,0,11,73,7,0,77,7,8
UNION - 9,3079,144,2942,2811,0,5,0,0,0,2,72,70,0,82,45,1,2630,117,2522,2443,0,8,0,0,0,2,46,42,0,55,24,1
UPSON - 0588,2068,57,2025,1641,252,6,17,0,21,6,29,71,0,39,86,257,1630,24,1618,1328,238,3,19,0,0,3,0,17,0,0,36,241
UPSON - 0589,492,78,415,51,360,7,0,0,0,4,15,0,0,19,0,364,408,0,383,51,329,2,0,0,0,5,0,0,0,0,0,334
UPSON - 1610,12458,71,12407,9496,2296,0,19,3,25,580,66,66,7,74,88,2878,9531,63,9472,7475,1711,3,0,5,24,222,67,67,0,74,67,1939
UPSON - 5610,12885,457,12393,7483,4316,10,28,51,50,212,48,4,0,56,31,4534,9961,379,9591,5919,3338,5,29,53,20,53,78,0,0,84,29,3385
WALKER - 0871,10592,291,10308,9177,376,72,0,0,0,215,370,57,0,445,67,588,8426,284,8151,7336,298,32,0,2,0,104,310,47,2,344,51,405
WALKER - 0917,3849,39,3809,3709,0,29,0,0,0,29,75,0,0,102,0,29,3172,20,3150,3075,0,14,0,2,0,6,66,0,2,83,0,6
WALKER - 0944,10366,110,10250,9603,298,38,0,0,36,43,186,43,0,222,33,349,8074,119,7948,7412,247,13,0,0,37,23,185,31,0,197,27,271
WALKER - 0953,1929,10,1919,1817,54,0,0,0,0,0,48,0,0,48,0,54,1500,14,1486,1445,25,0,0,0,0,0,16,0,0,16,0,25
WALKER - 1161,1462,7,1453,1451,0,0,0,0,0,0,0,0,0,0,0,0,1282,7,1277,1257,0,0,0,0,0,4,8,0,0,8,0,4
WALKER - 1501,10426,416,10002,9419,226,9,0,0,13,225,93,79,5,109,20,455,8264,151,8104,7694,227,15,0,5,14,78,69,11,0,89,11,303
WALKER - 1809,1751,54,1701,1484,129,0,0,0,0,89,26,0,0,26,0,210,1239,15,1219,1084,136,0,0,0,0,0,13,0,0,13,0,135
WALKER - 1812,10975,408,10582,9543,437,13,142,0,0,182,181,59,0,203,201,627,8568,319,8258,7561,290,13,134,0,0,35,185,12,0,201,146,330
WALKER - 1818,10875,233,10648,10031,166,5,31,14,0,34,195,58,0,201,148,204,8500,78,8421,7914,121,0,25,14,0,0,184,135,0,178,160,127
WALKER - 1851,1691,105,1586,1485,13,0,0,0,0,59,8,21,0,8,21,72,1138,43,1095,1032,6,0,0,0,0,32,8,17,0,8,17,38
WALKER - 1893,4348,43,4290,3761,377,33,5,0,37,18,117,0,0,139,5,387,3618,47,3575,3120,345,29,0,0,35,22,70,0,0,97,0,359
WALTON - 1663,6487,450,6049,5378,594,0,21,0,11,21,25,0,0,28,24,617,5044,349,4703,4141,518,0,13,0,11,0,21,2,0,24,15,516
WALTON - 1675,1760,8,1777,1585,57,0,51,0,0,0,35,2,3,44,42,69,1402,5,1413,1277,46,0,50,0,0,0,21,2,4,31,50,46
WALTON - 250,5573,356,5245,4678,375,0,128,0,14,0,104,0,0,101,111,373,4449,141,4323,3833,303,0,69,0,11,0,100,4,0,98,63,307
WALTON - 414,1370,16,1354,1223,68,0,84,0,1,81,13,0,0,11,82,83,1086,6,1082,1031,42,0,50,0,0,164,17,0,0,12,51,52
WALTON - 415,6270,401,5861,5089,435,0,71,0,0,21,155,56,0,168,118,463,4928,303,4624,3947,409,0,59,0,0,24,99,67,0,96,113,444
WALTON - 416,3850,165,3686,3085,200,40,79,0,5,29,236,12,4,261,104,233,2987,66,2909,2533,140,40,64,2,6,0,146,29,3,187,98,142
WALTON - 417,7777,860,6913,4909,1507,39,203,0,42,0,175,103,0,206,308,1511,5973,433,5534,4102,1104,38,190,0,27,5,99,34,4,138,224,1116
WALTON - 418,7418,160,7235,4867,1862,0,62,0,0,13,282,104,0,281,176,1875,5578,92,5474,3721,1514,0,33,0,0,5,137,25,0,135,58,1519
WALTON - 419,5767,287,5481,3945,1190,0,0,50,92,36,16,3,152,167,8,1387,4420,201,4207,3090,956,0,0,0,17,12,4,3,153,156,10,1134
WALTON - 420,7630,429,7167,2985,3813,0,80,0,12,88,76,24,0,79,119,3893,5336,191,5123,2466,2355,0,76,0,14,18,76,21,0,82,101,2373
WALTON - 421,5352,736,4588,2748,1332,0,53,0,0,6,2,270,0,2,328,1340,3878,394,3471,2152,958,0,49,0,0,0,4,154,0,5,204,966
WALTON - 422,5697,294,5413,4545,694,0,58,0,0,33,62,0,20,82,58,747,4531,244,4290,3621,543,0,44,4,0,0,56,0,21,77,44,564
WALTON - 423,6868,515,6357,5358,510,0,128,6,0,89,197,39,9,217,169,606,4957,195,4760,4109,373,0,66,3,0,0,139,19,7,146,85,380
WALTON - 424,4580,479,4082,3699,265,0,4,0,3,9,133,22,0,124,31,267,3368,213,3150,2935,150,0,0,0,3,14,76,9,0,75,23,153
WALTON - 425,5799,119,5682,3172,2196,4,0,0,4,247,103,0,0,107,0,2426,4328,112,4222,2639,1467,0,0,10,0,73,89,0,0,89,3,1528
WALTON - 426,2872,73,2797,2269,193,40,44,0,159,7,73,37,2,121,78,195,2120,12,2118,1676,152,40,44,0,77,9,70,16,2,114,63,162
WALTON - 427,6222,289,5956,3181,2741,0,85,0,0,7,71,0,0,72,77,2743,4512,190,4338,2382,1923,0,59,0,0,0,69,0,0,69,58,1912
WALTON - 454,3153,19,3134,2714,9,47,4,11,43,164,53,19,0,100,22,246,2497,0,2496,2110,11,49,3,12,0,82,56,18,0,105,20,249
WALTON - 502,2704,93,2618,2226,223,0,69,4,0,0,88,19,0,88,79,223,2106,89,2023,1694,185,0,54,0,0,0,90,18,0,90,64,185
WALTON - 503,1239,6,1231,1074,119,0,0,0,1,0,25,0,3,28,0,128,1007,5,1004,870,96,0,0,0,0,0,21,4,3,25,1,97
WALTON - 559,2729,0,2736,2033,603,0,0,0,0,11,13,59,0,13,59,616,2021,0,2023,1582,381,0,0,0,0,9,11,25,0,11,25,393
WARE - 100,6305,89,6211,1484,4544,0,0,2,1,65,1,26,7,6,26,4657,4872,18,4841,1163,3581,7,0,2,0,36,0,10,6,5,11,3650
WARE - 200A,3920,137,3793,2610,1035,0,9,0,0,75,6,0,0,6,9,1094,2628,70,2557,1755,701,0,6,0,0,52,0,1,0,0,6,729
WARE - 200B,3011,397,2648,1015,1579,3,0,6,0,111,11,0,0,16,0,1684,1877,142,1713,806,876,3,0,3,0,11,6,0,0,11,0,882
WARE - 300,7950,339,7593,4953,2495,22,50,0,0,9,25,0,39,76,50,2563,6349,218,6158,4152,1866,15,49,0,0,0,19,0,12,37,49,1908
WARE - 304,1765,134,1630,1373,236,2,0,0,0,2,0,0,0,1,0,237,1292,130,1163,983,174,2,0,0,0,0,0,0,0,1,0,174
WARE - 400,4653,186,4441,4149,123,7,44,9,11,155,52,0,0,59,44,253,3607,7,3612,3463,117,9,45,5,12,3,55,0,0,64,45,118
WARE - 404,675,4,675,649,1,0,6,0,0,0,6,3,0,6,13,1,466,3,463,445,1,0,6,0,0,0,5,0,0,4,6,3
WARE - 405,1049,14,1031,1020,6,0,4,0,0,0,2,9,0,2,9,6,754,17,737,728,8,0,4,0,0,0,3,0,0,4,4,6
WARE - 406,2796,19,2782,2267,331,9,128,0,0,22,59,0,11,90,128,345,2158,16,2144,1787,254,13,31,0,0,26,62,0,10,101,31,261
WARE - 407,864,0,864,864,0,0,0,0,0,0,0,0,0,0,0,1,631,0,631,623,1,0,0,0,0,0,6,0,0,6,0,1
WARE - 408,348,0,348,297,0,0,0,0,0,67,0,0,0,0,0,50,236,0,236,223,0,0,0,0,0,19,0,0,0,0,0,11
WARE - 409,1629,15,1615,1402,122,0,0,0,0,0,0,0,0,0,0,144,1284,16,1262,1229,27,0,0,0,0,0,0,0,0,0,0,38
WARREN - 1,5164,55,5109,2028,2891,0,8,0,14,126,42,0,0,42,8,3017,4098,54,4044,1704,2212,0,0,0,14,77,37,0,0,37,0,2289
WASHINGTON - 1253,794,27,767,604,167,0,0,0,0,0,3,0,0,4,0,165,751,26,724,555,170,0,0,0,0,0,4,0,0,7,0,168
WASHINGTON - 1350,580,17,563,274,275,0,0,0,0,16,0,0,0,0,0,291,538,12,526,245,267,0,0,0,0,15,0,0,0,0,0,281
WASHINGTON - 1488,3913,8,3904,1228,2557,0,38,0,6,59,8,0,5,17,32,2633,3074,2,3072,989,2010,0,37,0,10,10,19,0,0,21,31,2025
WASHINGTON - 88,575,8,570,319,261,0,0,0,0,0,4,0,0,4,0,263,453,0,451,244,208,0,0,0,0,0,4,0,0,4,0,208
WASHINGTON - 91,1417,5,1413,855,550,0,0,0,0,10,1,0,0,1,0,561,1127,0,1127,651,481,0,0,0,0,0,0,0,0,0,0,481
WASHINGTON - 94,2895,112,2785,1191,1564,8,0,0,22,0,16,1,0,23,3,1565,2474,83,2391,1012,1342,7,0,0,27,0,20,1,0,28,4,1344
WASHINGTON - 97,8618,96,8516,3347,4860,0,69,0,0,176,21,9,6,23,82,5027,6376,55,6320,2709,3414,0,60,0,0,72,20,9,8,22,72,3488
WASHINGTON - 99,857,0,858,524,322,0,0,0,0,0,0,0,0,0,0,323,688,0,692,448,235,0,0,0,0,0,0,0,0,0,0,237
WAYNE - 1A,1598,41,1556,1179,274,0,0,0,0,0,6,24,0,7,23,286,1236,3,1234,907,252,0,0,0,0,0,0,26,0,2,27,256
WAYNE - 1B,1510,31,1478,1239,232,0,0,0,1,7,14,4,0,13,5,241,1145,17,1127,945,196,0,0,0,0,0,15,2,0,13,1,194
WAYNE - 1C,2653,278,2383,2052,290,0,0,0,3,112,59,0,0,51,0,350,1820,95,1725,1559,155,0,0,0,0,2,31,1,0,33,3,156
WAYNE - 2A,3041,65,2973,2742,195,0,0,9,6,15,7,0,0,8,0,211,2114,27,2082,1880,164,0,4,0,8,17,12,0,0,13,0,181
WAYNE - 2C,1228,0,1220,1274,46,0,0,4,5,0,8,0,0,6,0,47,945,2,943,951,40,0,2,0,7,0,3,0,0,2,6,40
WAYNE - 2D,1421,93,1346,1137,113,0,0,0,0,11,37,0,0,42,0,160,1098,17,1083,963,103,0,0,0,0,5,26,0,0,25,0,109
WAYNE - 3A,5798,452,5323,3907,1235,16,29,5,0,81,47,10,0,60,39,1317,3766,294,3474,2888,497,10,31,0,0,3,48,9,0,56,38,500
WAYNE - 3B,1824,49,1769,1685,64,0,0,0,0,18,8,0,0,11,0,73,1445,7,1435,1400,27,0,0,0,0,20,2,0,0,3,0,30
WAYNE - 4A,1979,5,2003,576,1075,0,94,0,0,23,8,0,9,26,94,1125,1653,3,1668,455,980,0,94,0,0,10,6,0,13,16,93,1022
WAYNE - 4B,2965,98,2837,1459,1329,0,11,0,0,21,3,0,0,2,11,1363,2519,107,2384,1230,1114,0,5,0,0,0,4,0,0,3,5,1137
WAYNE - 5A,3265,107,3147,2389,741,0,4,0,0,43,17,4,19,34,8,784,2732,84,2634,1953,625,0,3,0,0,58,6,0,13,23,4,674
WAYNE - 5B,2719,43,2704,2206,448,0,16,0,0,31,3,0,0,1,16,475,2147,34,2141,1809,317,0,11,0,0,10,3,0,0,3,11,322
WEBSTER - P1,2323,47,2276,921,1340,0,0,0,0,15,0,0,0,0,0,1355,1985,31,1954,887,1048,0,0,0,0,19,0,0,0,0,0,1067
WHEELER - 1,5147,217,4954,2791,2033,23,0,5,36,52,0,0,30,55,0,2113,4445,143,4290,2313,1862,22,0,0,36,33,5,4,33,60,4,1931
WHEELER - 2,2151,83,2044,1336,679,5,0,0,0,4,0,0,4,7,0,689,1690,83,1619,1097,501,0,0,0,3,0,0,0,0,0,0,498
WHITE - 011,2801,51,2749,2621,0,5,23,0,69,19,21,0,0,26,18,32,2404,6,2392,2323,0,0,25,0,12,15,20,0,0,17,23,30
WHITE - 021,968,46,926,828,0,5,0,0,0,0,19,0,0,21,0,32,803,33,769,746,0,0,0,0,0,0,17,0,0,16,0,0
WHITE - 031,1275,22,1255,1075,64,0,0,0,0,7,17,0,0,17,0,89,1194,19,1173,998,64,0,0,0,0,3,14,0,0,14,0,91
WHITE - 041,4880,197,4667,4581,18,0,0,0,0,0,50,4,0,50,9,18,3727,47,3665,3616,12,0,0,0,0,0,33,1,0,33,0,12
WHITE - 051,6979,94,6883,6405,175,29,90,0,36,66,62,16,0,90,111,228,5744,45,5691,5312,174,20,81,0,13,51,35,5,5,60,87,215
WHITE - 061,1670,46,1622,1464,219,0,0,0,0,2,22,7,0,22,7,203,1525,44,1483,1320,220,0,0,0,0,7,25,5,0,25,5,203
WHITE - 081,3881,264,3620,3495,52,22,44,0,0,10,0,0,5,27,45,66,2843,221,2632,2534,16,20,47,0,0,16,0,0,6,26,47,30
WHITE - 091,1533,12,1521,1507,8,0,0,0,0,0,4,0,0,4,0,8,1212,7,1213,1199,5,0,0,0,0,0,5,0,0,6,0,4
WHITE - 101,2070,79,1991,1894,0,0,3,0,0,150,12,7,0,15,10,119,1651,65,1581,1558,0,0,4,0,5,2,12,0,0,13,6,11
WHITE - 111,2443,19,2436,2399,0,2,0,0,0,0,19,18,0,22,12,0,1850,3,1864,1854,0,0,0,0,0,0,8,0,0,10,0,0
WHITFIELD - 1A,5675,2012,3627,2737,825,0,6,0,0,24,27,0,6,34,6,857,4158,1283,2863,2297,510,0,5,0,0,15,32,0,5,36,5,537
WHITFIELD - 2A,4808,1190,3579,2795,208,0,377,0,0,111,6,0,4,10,377,327,3445,668,2734,2307,155,1,179,0,0,1,14,5,4,21,184,160
WHITFIELD - 3A,3130,1131,2055,1936,80,0,0,0,0,59,1,0,0,1,0,134,2291,612,1715,1618,70,0,0,7,0,34,2,0,0,2,0,99
WHITFIELD - 4A,4227,1414,2834,2714,3,4,100,0,0,0,0,0,0,4,96,2,3521,1075,2453,2361,6,0,78,0,4,0,0,0,0,0,77,6
WHITFIELD - 5A,4865,3794,1096,638,273,0,33,0,0,35,69,0,0,69,33,307,3035,1947,1036,602,265,0,37,0,0,34,62,0,0,62,37,297
WHITFIELD - 6A,3614,2697,891,445,428,0,0,0,0,2,6,0,0,7,0,434,2329,1593,708,358,341,0,0,0,0,0,5,0,0,5,0,353
WHITFIELD - AN,4307,2306,2009,1717,98,0,0,0,0,20,56,103,5,60,103,140,2842,1369,1501,1247,75,0,0,0,0,22,45,101,0,45,101,104
WHITFIELD - CA,3456,528,2906,2627,83,0,55,0,16,0,58,58,0,58,113,83,2731,306,2404,2201,80,0,20,0,4,0,26,57,0,26,77,80
WHITFIELD - CO,2393,242,2166,1984,127,0,1,0,0,34,32,0,0,35,3,169,1891,49,1855,1722,111,0,2,0,0,3,18,0,0,19,1,108
WHITFIELD - DG,4625,1650,2968,2628,207,0,46,0,45,0,8,0,43,51,50,250,3377,1038,2343,2055,166,0,44,0,36,5,6,6,44,50,51,215
WHITFIELD - ES,3374,1680,1684,1604,21,0,86,0,0,0,6,0,0,6,86,20,2332,913,1424,1321,21,0,91,0,0,0,6,0,0,6,91,21
WHITFIELD - FI,3823,1044,2801,2525,186,0,0,0,0,30,73,9,0,73,9,197,2645,585,2066,1799,185,0,0,0,0,29,58,8,0,58,8,195
WHITFIELD - GL,4108,2032,2052,1846,124,4,96,0,0,0,0,0,4,8,96,135,2619,824,1829,1696,116,0,50,0,0,0,0,0,0,0,50,116
WHITFIELD - LT,2017,220,1804,1799,7,0,0,0,0,0,6,0,0,6,0,0,1659,215,1446,1436,3,0,0,0,0,0,7,0,0,7,0,3
WHITFIELD - MC,2612,114,2483,2100,3,0,40,0,0,363,0,0,0,0,16,365,1901,54,1848,1647,12,3,40,0,4,160,0,0,0,2,20,172
WHITFIELD - NI,4356,504,3853,3647,171,0,0,0,0,0,0,35,0,0,35,171,3281,259,3032,2891,98,4,0,0,0,4,0,34,0,4,34,102
WHITFIELD - PG,8111,1781,6332,5625,399,0,32,0,0,154,37,87,0,37,119,555,5805,872,4925,4401,329,0,24,0,0,60,30,85,0,30,109,390
WHITFIELD - TH,6181,877,5328,5114,37,0,78,0,0,20,28,27,12,39,111,72,4759,533,4246,4088,37,0,67,0,0,9,17,8,15,30,75,62
WHITFIELD - TI,1203,21,1179,1178,0,0,0,0,0,0,0,0,4,4,0,4,1082,22,1060,1059,0,0,0,0,0,0,0,0,0,0,0,0
WHITFIELD - TR,2404,255,2156,2133,0,0,0,0,0,0,12,0,0,11,24,0,1895,56,1839,1818,2,1,0,0,0,0,8,0,0,10,20,2
WHITFIELD - UT,1226,53,1170,1114,24,0,19,0,0,0,21,0,0,19,22,19,922,24,896,845,21,0,18,0,0,0,16,0,0,16,18,19
WHITFIELD - VA,7940,1204,6722,6377,112,0,114,24,0,64,9,24,4,11,127,175,5734,735,4993,4744,81,3,123,21,0,30,1,8,0,4,132,118
WHITFIELD - WS,3290,467,2834,2679,46,0,0,0,0,73,60,0,0,62,0,117,2632,370,2268,2110,53,0,0,0,4,49,66,0,0,66,0,101
WILCOX - 1A,663,2,663,176,450,0,0,0,0,0,0,0,5,7,0,455,548,6,544,145,365,0,0,0,0,0,0,0,0,0,0,365
WILCOX - 2A,807,101,709,484,195,0,0,0,0,12,5,0,0,5,0,207,598,19,578,377,180,0,0,0,0,6,5,0,0,5,0,186
WILCOX - 2B,925,12,910,492,449,4,0,0,0,0,0,0,0,2,0,449,798,10,786,405,412,4,0,0,0,0,0,4,0,3,4,412
WILCOX - 3A,1202,36,1166,1089,33,0,0,15,0,36,10,0,0,10,0,62,991,6,984,926,32,0,0,15,0,12,10,0,0,10,0,44
WILCOX - 4A,1692,2,1687,1329,211,1,0,0,0,56,57,0,0,58,0,269,1250,1,1249,1027,161,0,0,0,0,0,35,0,0,36,0,161
WILCOX - 5A,3407,85,3323,1664,1485,0,0,0,50,21,115,0,14,129,0,1525,2842,83,2761,1351,1282,6,0,0,20,9,97,0,16,119,0,1307
WILKES - 1,2074,0,2061,759,1259,0,0,0,0,0,0,0,0,0,0,1258,1774,0,1769,698,1028,0,0,0,0,0,0,0,0,0,0,1027
WILKES - 2A,1489,130,1375,1147,206,7,15,0,1,0,10,0,0,22,15,218,1229,123,1117,961,157,4,9,0,1,0,8,0,0,18,9,165
WILKES - 2B,821,50,757,553,207,7,2,0,22,0,10,0,0,13,2,206,668,54,606,447,152,4,4,0,9,0,13,0,0,10,4,147
WILKES - 3A,1435,0,1429,386,998,0,0,0,0,0,0,0,0,0,0,999,1099,0,1094,346,730,0,0,0,0,0,0,0,0,0,0,729
WILKES - 3B,864,52,829,505,289,0,51,0,0,0,0,0,0,0,52,288,649,0,653,400,206,0,47,0,0,0,5,0,0,5,48,208
WILKES - 4A,1256,20,1235,872,228,0,51,0,7,99,0,0,0,0,50,315,927,14,916,676,185,0,56,0,7,6,0,0,0,0,55,186
WILKES - 4B,1390,30,1361,720,583,3,0,0,20,14,16,0,0,18,0,599,1094,23,1071,573,449,0,0,0,8,14,19,0,4,24,0,469
WILKINSON - 02,491,1,496,571,16,0,0,0,0,0,0,0,0,0,0,16,378,1,379,425,8,0,0,0,0,0,0,0,0,0,0,8
WILKINSON - 03,243,0,242,193,58,0,0,0,0,0,0,0,0,0,0,59,191,0,192,163,34,0,0,0,0,0,0,0,0,0,0,34
WILKINSON - 04,222,0,220,196,37,0,0,0,0,0,0,0,0,0,0,35,203,0,201,186,20,0,0,0,0,0,0,0,0,0,0,20
WILKINSON - 05,1251,62,1191,533,620,0,14,1,0,1,19,0,2,21,14,634,992,41,957,428,498,0,38,0,0,0,19,0,2,22,38,500
WILKINSON - 06,1187,36,1151,1017,91,0,29,1,0,31,13,0,1,18,29,122,846,12,833,775,43,0,0,0,0,6,10,0,1,15,0,49
WILKINSON - 07,782,0,785,431,376,0,0,0,4,0,0,0,0,0,0,373,663,1,663,387,292,0,0,0,0,0,0,0,0,0,0,292
WILKINSON - 08,1125,43,1073,253,707,0,0,0,0,0,7,0,0,5,0,698,936,18,915,198,646,0,0,0,0,0,7,0,0,5,0,644
WILKINSON - 10,2879,76,2801,1401,1305,0,0,3,0,32,8,0,8,14,0,1347,2129,75,2049,1056,923,0,0,0,5,14,0,0,14,11,0,954
WILKINSON - 11,488,0,491,389,82,0,0,0,0,0,0,0,0,0,0,83,411,0,412,357,46,0,0,0,0,0,0,0,0,0,0,46
WORTH - 1,5339,36,5294,1590,3320,7,7,3,7,20,92,0,0,99,8,3346,3819,35,3770,1262,2255,7,2,0,0,6,55,0,0,61,2,2258
WORTH - 10,1185,74,1112,1090,11,0,3,4,0,8,0,0,0,0,0,16,853,61,796,783,9,0,4,0,0,0,0,0,0,0,0,9
WORTH - 11,1232,3,1228,1062,61,0,22,0,0,17,91,0,0,84,9,86,1051,5,1044,905,55,0,11,0,0,7,95,0,0,89,1,58
WORTH - 12,1054,0,1052,770,174,0,49,0,0,25,30,0,0,29,56,195,892,0,893,677,166,0,7,0,0,0,30,0,0,27,8,171
WORTH - 14,1569,3,1575,1576,70,11,0,2,0,0,0,0,0,12,0,71,1309,3,1310,1296,65,6,0,0,0,0,0,0,0,9,0,65
WORTH - 15,1178,5,1173,854,109,0,2,0,0,0,173,5,0,186,6,120,971,7,962,722,97,0,1,0,0,0,122,0,0,133,1,104
WORTH - 2,2191,120,2087,1838,125,0,45,0,18,64,146,23,0,151,68,171,1736,95,1655,1518,101,0,14,0,17,4,113,0,0,120,15,111
WORTH - 3,1867,2,1865,1471,282,0,2,0,4,15,70,0,5,77,14,313,1503,4,1502,1211,257,0,9,0,0,0,16,0,0,18,23,257
WORTH - 4,1191,17,1167,931,168,39,9,0,0,0,28,0,0,67,6,163,936,2,928,731,147,28,10,0,0,0,18,0,0,46,8,147
WORTH - 6,1651,43,1587,1126,386,0,0,0,0,6,67,0,0,54,0,394,1244,14,1228,835,345,0,0,0,0,0,46,0,0,32,0,358
WORTH - 7,635,89,565,519,17,0,0,0,0,21,19,0,0,18,0,27,447,24,426,391,14,0,0,0,0,19,18,0,0,16,0,20
WORTH - 9,1265,22,1238,761,418,9,5,0,0,20,16,0,5,31,5,445,1010,0,1007,616,369,0,0,0,0,18,11,0,0,14,0,376
